game_id,game_date,season,away,home,away_score,home_score,status,stadium,note
20240323-Doosan_Bears-NC_Dinos,2024-03-23 14:00:00,2024,Doosan Bears,NC Dinos,3.0,4.0,Final,창원,-
20240323-Hanwha_Eagles-LG_Twins,2024-03-23 14:00:00,2024,Hanwha Eagles,LG Twins,2.0,8.0,Final,잠실,-
20240323-Kiwoom_Heroes-KIA_Tigers,2024-03-23 14:00:00,2024,Kiwoom Heroes,KIA Tigers,5.0,7.0,Final,광주,-
20240323-Lotte_Giants-SSG_Landers,2024-03-23 14:00:00,2024,Lotte Giants,SSG Landers,3.0,5.0,Final,문학,-
20240323-Samsung_Lions-KT_Wiz,2024-03-23 14:00:00,2024,Samsung Lions,KT Wiz,6.0,2.0,Final,수원,-
20240324-Doosan_Bears-NC_Dinos,2024-03-24 14:00:00,2024,Doosan Bears,NC Dinos,6.0,3.0,Final,창원,-
20240324-Hanwha_Eagles-LG_Twins,2024-03-24 14:00:00,2024,Hanwha Eagles,LG Twins,8.0,4.0,Final,잠실,-
20240324-Kiwoom_Heroes-KIA_Tigers,2024-03-24 14:00:00,2024,Kiwoom Heroes,KIA Tigers,,,Postponed,광주,우천취소
20240324-Lotte_Giants-SSG_Landers,2024-03-24 14:00:00,2024,Lotte Giants,SSG Landers,6.0,7.0,Final,문학,-
20240324-Samsung_Lions-KT_Wiz,2024-03-24 14:00:00,2024,Samsung Lions,KT Wiz,11.0,8.0,Final,수원,-
20240326-Doosan_Bears-KT_Wiz,2024-03-26 18:30:00,2024,Doosan Bears,KT Wiz,8.0,5.0,Final,수원,-
20240326-Hanwha_Eagles-SSG_Landers,2024-03-26 18:30:00,2024,Hanwha Eagles,SSG Landers,6.0,0.0,Final,문학,-
20240326-Kiwoom_Heroes-NC_Dinos,2024-03-26 18:30:00,2024,Kiwoom Heroes,NC Dinos,5.0,10.0,Final,창원,-
20240326-Lotte_Giants-KIA_Tigers,2024-03-26 18:30:00,2024,Lotte Giants,KIA Tigers,1.0,2.0,Final,광주,-
20240326-Samsung_Lions-LG_Twins,2024-03-26 18:30:00,2024,Samsung Lions,LG Twins,3.0,4.0,Final,잠실,-
20240327-Doosan_Bears-KT_Wiz,2024-03-27 18:30:00,2024,Doosan Bears,KT Wiz,11.0,8.0,Final,수원,-
20240327-Hanwha_Eagles-SSG_Landers,2024-03-27 18:30:00,2024,Hanwha Eagles,SSG Landers,3.0,1.0,Final,문학,-
20240327-Kiwoom_Heroes-NC_Dinos,2024-03-27 18:30:00,2024,Kiwoom Heroes,NC Dinos,2.0,6.0,Final,창원,-
20240327-Lotte_Giants-KIA_Tigers,2024-03-27 18:30:00,2024,Lotte Giants,KIA Tigers,2.0,8.0,Final,광주,-
20240327-Samsung_Lions-LG_Twins,2024-03-27 18:30:00,2024,Samsung Lions,LG Twins,2.0,2.0,Final,잠실,-
20240328-Doosan_Bears-KT_Wiz,2024-03-28 18:30:00,2024,Doosan Bears,KT Wiz,7.0,8.0,Final,수원,-
20240328-Hanwha_Eagles-SSG_Landers,2024-03-28 18:30:00,2024,Hanwha Eagles,SSG Landers,10.0,6.0,Final,문학,-
20240328-Kiwoom_Heroes-NC_Dinos,2024-03-28 18:30:00,2024,Kiwoom Heroes,NC Dinos,,,Postponed,창원,우천취소
20240328-Lotte_Giants-KIA_Tigers,2024-03-28 18:30:00,2024,Lotte Giants,KIA Tigers,,,Postponed,광주,우천취소
20240328-Samsung_Lions-LG_Twins,2024-03-28 18:30:00,2024,Samsung Lions,LG Twins,1.0,18.0,Final,잠실,-
20240329-KIA_Tigers-Doosan_Bears,2024-03-29 18:30:00,2024,KIA Tigers,Doosan Bears,4.0,2.0,Final,잠실,-
20240329-KT_Wiz-Hanwha_Eagles,2024-03-29 18:30:00,2024,KT Wiz,Hanwha Eagles,2.0,3.0,Final,한밭,-
20240329-LG_Twins-Kiwoom_Heroes,2024-03-29 18:30:00,2024,LG Twins,Kiwoom Heroes,3.0,0.0,Final,고척,-
20240329-NC_Dinos-Lotte_Giants,2024-03-29 18:30:00,2024,NC Dinos,Lotte Giants,1.0,3.0,Final,사직,-
20240329-SSG_Landers-Samsung_Lions,2024-03-29 18:30:00,2024,SSG Landers,Samsung Lions,6.0,4.0,Final,대구,-
20240330-KT_Wiz-Hanwha_Eagles,2024-03-30 14:00:00,2024,KT Wiz,Hanwha Eagles,5.0,8.0,Final,한밭,-
20240330-KIA_Tigers-Doosan_Bears,2024-03-30 17:00:00,2024,KIA Tigers,Doosan Bears,0.0,8.0,Final,잠실,-
20240330-LG_Twins-Kiwoom_Heroes,2024-03-30 17:00:00,2024,LG Twins,Kiwoom Heroes,3.0,8.0,Final,고척,-
20240330-NC_Dinos-Lotte_Giants,2024-03-30 17:00:00,2024,NC Dinos,Lotte Giants,8.0,0.0,Final,사직,-
20240330-SSG_Landers-Samsung_Lions,2024-03-30 17:00:00,2024,SSG Landers,Samsung Lions,9.0,6.0,Final,대구,-
20240331-KIA_Tigers-Doosan_Bears,2024-03-31 14:00:00,2024,KIA Tigers,Doosan Bears,9.0,3.0,Final,잠실,-
20240331-KT_Wiz-Hanwha_Eagles,2024-03-31 14:00:00,2024,KT Wiz,Hanwha Eagles,3.0,14.0,Final,한밭,-
20240331-LG_Twins-Kiwoom_Heroes,2024-03-31 14:00:00,2024,LG Twins,Kiwoom Heroes,4.0,8.0,Final,고척,-
20240331-NC_Dinos-Lotte_Giants,2024-03-31 14:00:00,2024,NC Dinos,Lotte Giants,8.0,7.0,Final,사직,-
20240331-SSG_Landers-Samsung_Lions,2024-03-31 14:00:00,2024,SSG Landers,Samsung Lions,4.0,3.0,Final,대구,-
20240402-Doosan_Bears-SSG_Landers,2024-04-02 18:30:00,2024,Doosan Bears,SSG Landers,6.0,13.0,Final,문학,-
20240402-KIA_Tigers-KT_Wiz,2024-04-02 18:30:00,2024,KIA Tigers,KT Wiz,6.0,10.0,Final,수원,-
20240402-Kiwoom_Heroes-Samsung_Lions,2024-04-02 18:30:00,2024,Kiwoom Heroes,Samsung Lions,8.0,3.0,Final,대구,-
20240402-Lotte_Giants-Hanwha_Eagles,2024-04-02 18:30:00,2024,Lotte Giants,Hanwha Eagles,1.0,0.0,Final,한밭,-
20240402-NC_Dinos-LG_Twins,2024-04-02 18:30:00,2024,NC Dinos,LG Twins,7.0,5.0,Final,잠실,-
20240403-Doosan_Bears-SSG_Landers,2024-04-03 18:30:00,2024,Doosan Bears,SSG Landers,3.0,5.0,Final,문학,-
20240403-KIA_Tigers-KT_Wiz,2024-04-03 18:30:00,2024,KIA Tigers,KT Wiz,5.0,1.0,Final,수원,-
20240403-Kiwoom_Heroes-Samsung_Lions,2024-04-03 18:30:00,2024,Kiwoom Heroes,Samsung Lions,,,Postponed,대구,우천취소
20240403-Lotte_Giants-Hanwha_Eagles,2024-04-03 18:30:00,2024,Lotte Giants,Hanwha Eagles,,,Postponed,한밭,우천취소
20240403-NC_Dinos-LG_Twins,2024-04-03 18:30:00,2024,NC Dinos,LG Twins,0.0,5.0,Final,잠실,-
20240404-Doosan_Bears-SSG_Landers,2024-04-04 18:30:00,2024,Doosan Bears,SSG Landers,2.0,3.0,Final,문학,-
20240404-KIA_Tigers-KT_Wiz,2024-04-04 18:30:00,2024,KIA Tigers,KT Wiz,6.0,3.0,Final,수원,-
20240404-Kiwoom_Heroes-Samsung_Lions,2024-04-04 18:30:00,2024,Kiwoom Heroes,Samsung Lions,10.0,1.0,Final,대구,-
20240404-Lotte_Giants-Hanwha_Eagles,2024-04-04 18:30:00,2024,Lotte Giants,Hanwha Eagles,5.0,6.0,Final,한밭,-
20240404-NC_Dinos-LG_Twins,2024-04-04 18:30:00,2024,NC Dinos,LG Twins,7.0,8.0,Final,잠실,-
20240405-Doosan_Bears-Lotte_Giants,2024-04-05 18:30:00,2024,Doosan Bears,Lotte Giants,4.0,3.0,Final,사직,-
20240405-Hanwha_Eagles-Kiwoom_Heroes,2024-04-05 18:30:00,2024,Hanwha Eagles,Kiwoom Heroes,7.0,11.0,Final,고척,-
20240405-KT_Wiz-LG_Twins,2024-04-05 18:30:00,2024,KT Wiz,LG Twins,8.0,7.0,Final,잠실,-
20240405-SSG_Landers-NC_Dinos,2024-04-05 18:30:00,2024,SSG Landers,NC Dinos,0.0,5.0,Final,창원,-
20240405-Samsung_Lions-KIA_Tigers,2024-04-05 18:30:00,2024,Samsung Lions,KIA Tigers,2.0,5.0,Final,광주,-
20240406-Doosan_Bears-Lotte_Giants,2024-04-06 17:00:00,2024,Doosan Bears,Lotte Giants,1.0,8.0,Final,사직,-
20240406-Hanwha_Eagles-Kiwoom_Heroes,2024-04-06 17:00:00,2024,Hanwha Eagles,Kiwoom Heroes,6.0,7.0,Final,고척,-
20240406-KT_Wiz-LG_Twins,2024-04-06 17:00:00,2024,KT Wiz,LG Twins,4.0,8.0,Final,잠실,-
20240406-SSG_Landers-NC_Dinos,2024-04-06 17:00:00,2024,SSG Landers,NC Dinos,3.0,16.0,Final,창원,-
20240406-Samsung_Lions-KIA_Tigers,2024-04-06 17:00:00,2024,Samsung Lions,KIA Tigers,7.0,4.0,Final,광주,-
20240407-Doosan_Bears-Lotte_Giants,2024-04-07 14:00:00,2024,Doosan Bears,Lotte Giants,6.0,7.0,Final,사직,-
20240407-Hanwha_Eagles-Kiwoom_Heroes,2024-04-07 14:00:00,2024,Hanwha Eagles,Kiwoom Heroes,3.0,4.0,Final,고척,-
20240407-KT_Wiz-LG_Twins,2024-04-07 14:00:00,2024,KT Wiz,LG Twins,7.0,16.0,Final,잠실,-
20240407-SSG_Landers-NC_Dinos,2024-04-07 14:00:00,2024,SSG Landers,NC Dinos,1.0,10.0,Final,창원,-
20240407-Samsung_Lions-KIA_Tigers,2024-04-07 14:00:00,2024,Samsung Lions,KIA Tigers,7.0,3.0,Final,광주,-
20240409-Hanwha_Eagles-Doosan_Bears,2024-04-09 18:30:00,2024,Hanwha Eagles,Doosan Bears,3.0,5.0,Final,잠실,-
20240409-KT_Wiz-NC_Dinos,2024-04-09 18:30:00,2024,KT Wiz,NC Dinos,6.0,1.0,Final,창원,-
20240409-Kiwoom_Heroes-SSG_Landers,2024-04-09 18:30:00,2024,Kiwoom Heroes,SSG Landers,5.0,8.0,Final,문학,-
20240409-LG_Twins-KIA_Tigers,2024-04-09 18:30:00,2024,LG Twins,KIA Tigers,2.0,7.0,Final,광주,-
20240409-Samsung_Lions-Lotte_Giants,2024-04-09 18:30:00,2024,Samsung Lions,Lotte Giants,8.0,1.0,Final,사직,-
20240410-Hanwha_Eagles-Doosan_Bears,2024-04-10 14:00:00,2024,Hanwha Eagles,Doosan Bears,4.0,7.0,Final,잠실,-
20240410-KT_Wiz-NC_Dinos,2024-04-10 14:00:00,2024,KT Wiz,NC Dinos,2.0,3.0,Final,창원,-
20240410-Kiwoom_Heroes-SSG_Landers,2024-04-10 14:00:00,2024,Kiwoom Heroes,SSG Landers,4.0,8.0,Final,문학,-
20240410-LG_Twins-KIA_Tigers,2024-04-10 14:00:00,2024,LG Twins,KIA Tigers,4.0,5.0,Final,광주,-
20240410-Samsung_Lions-Lotte_Giants,2024-04-10 14:00:00,2024,Samsung Lions,Lotte Giants,10.0,7.0,Final,사직,-
20240411-Hanwha_Eagles-Doosan_Bears,2024-04-11 18:30:00,2024,Hanwha Eagles,Doosan Bears,3.0,0.0,Final,잠실,-
20240411-KT_Wiz-NC_Dinos,2024-04-11 18:30:00,2024,KT Wiz,NC Dinos,7.0,8.0,Final,창원,-
20240411-Kiwoom_Heroes-SSG_Landers,2024-04-11 18:30:00,2024,Kiwoom Heroes,SSG Landers,5.0,2.0,Final,문학,-
20240411-LG_Twins-KIA_Tigers,2024-04-11 18:30:00,2024,LG Twins,KIA Tigers,4.0,8.0,Final,광주,-
20240411-Samsung_Lions-Lotte_Giants,2024-04-11 18:30:00,2024,Samsung Lions,Lotte Giants,4.0,0.0,Final,사직,-
20240412-KIA_Tigers-Hanwha_Eagles,2024-04-12 18:30:00,2024,KIA Tigers,Hanwha Eagles,8.0,4.0,Final,한밭,-
20240412-LG_Twins-Doosan_Bears,2024-04-12 18:30:00,2024,LG Twins,Doosan Bears,2.0,1.0,Final,잠실,-
20240412-Lotte_Giants-Kiwoom_Heroes,2024-04-12 18:30:00,2024,Lotte Giants,Kiwoom Heroes,4.0,9.0,Final,고척,-
20240412-NC_Dinos-Samsung_Lions,2024-04-12 18:30:00,2024,NC Dinos,Samsung Lions,8.0,3.0,Final,대구,-
20240412-SSG_Landers-KT_Wiz,2024-04-12 18:30:00,2024,SSG Landers,KT Wiz,3.0,8.0,Final,수원,-
20240413-KIA_Tigers-Hanwha_Eagles,2024-04-13 14:00:00,2024,KIA Tigers,Hanwha Eagles,11.0,9.0,Final,한밭,-
20240413-LG_Twins-Doosan_Bears,2024-04-13 17:00:00,2024,LG Twins,Doosan Bears,2.0,5.0,Final,잠실,-
20240413-Lotte_Giants-Kiwoom_Heroes,2024-04-13 17:00:00,2024,Lotte Giants,Kiwoom Heroes,1.0,8.0,Final,고척,-
20240413-NC_Dinos-Samsung_Lions,2024-04-13 17:00:00,2024,NC Dinos,Samsung Lions,4.0,3.0,Final,대구,-
20240413-SSG_Landers-KT_Wiz,2024-04-13 17:00:00,2024,SSG Landers,KT Wiz,11.0,8.0,Final,수원,-
20240414-KIA_Tigers-Hanwha_Eagles,2024-04-14 14:00:00,2024,KIA Tigers,Hanwha Eagles,5.0,2.0,Final,한밭,-
20240414-LG_Twins-Doosan_Bears,2024-04-14 14:00:00,2024,LG Twins,Doosan Bears,5.0,9.0,Final,잠실,-
20240414-Lotte_Giants-Kiwoom_Heroes,2024-04-14 14:00:00,2024,Lotte Giants,Kiwoom Heroes,5.0,7.0,Final,고척,-
20240414-NC_Dinos-Samsung_Lions,2024-04-14 14:00:00,2024,NC Dinos,Samsung Lions,5.0,12.0,Final,대구,-
20240414-SSG_Landers-KT_Wiz,2024-04-14 14:00:00,2024,SSG Landers,KT Wiz,8.0,1.0,Final,수원,-
20240416-Doosan_Bears-Samsung_Lions,2024-04-16 18:30:00,2024,Doosan Bears,Samsung Lions,5.0,7.0,Final,대구,-
20240416-Hanwha_Eagles-NC_Dinos,2024-04-16 18:30:00,2024,Hanwha Eagles,NC Dinos,7.0,4.0,Final,창원,-
20240416-KIA_Tigers-SSG_Landers,2024-04-16 18:30:00,2024,KIA Tigers,SSG Landers,4.0,6.0,Final,문학,-
20240416-KT_Wiz-Kiwoom_Heroes,2024-04-16 18:30:00,2024,KT Wiz,Kiwoom Heroes,3.0,6.0,Final,고척,-
20240416-Lotte_Giants-LG_Twins,2024-04-16 18:30:00,2024,Lotte Giants,LG Twins,2.0,7.0,Final,잠실,-
20240417-Doosan_Bears-Samsung_Lions,2024-04-17 18:30:00,2024,Doosan Bears,Samsung Lions,2.0,9.0,Final,대구,-
20240417-Hanwha_Eagles-NC_Dinos,2024-04-17 18:30:00,2024,Hanwha Eagles,NC Dinos,3.0,4.0,Final,창원,-
20240417-KIA_Tigers-SSG_Landers,2024-04-17 18:30:00,2024,KIA Tigers,SSG Landers,11.0,3.0,Final,문학,-
20240417-KT_Wiz-Kiwoom_Heroes,2024-04-17 18:30:00,2024,KT Wiz,Kiwoom Heroes,6.0,4.0,Final,고척,-
20240417-Lotte_Giants-LG_Twins,2024-04-17 18:30:00,2024,Lotte Giants,LG Twins,5.0,6.0,Final,잠실,-
20240418-Doosan_Bears-Samsung_Lions,2024-04-18 18:30:00,2024,Doosan Bears,Samsung Lions,2.0,5.0,Final,대구,-
20240418-Hanwha_Eagles-NC_Dinos,2024-04-18 18:30:00,2024,Hanwha Eagles,NC Dinos,,,Postponed,창원,미세먼지취소
20240418-KIA_Tigers-SSG_Landers,2024-04-18 18:30:00,2024,KIA Tigers,SSG Landers,5.0,7.0,Final,문학,-
20240418-KT_Wiz-Kiwoom_Heroes,2024-04-18 18:30:00,2024,KT Wiz,Kiwoom Heroes,3.0,0.0,Final,고척,-
20240418-Lotte_Giants-LG_Twins,2024-04-18 18:30:00,2024,Lotte Giants,LG Twins,9.0,2.0,Final,잠실,-
20240419-KT_Wiz-Lotte_Giants,2024-04-19 18:30:00,2024,KT Wiz,Lotte Giants,3.0,4.0,Final,사직,-
20240419-Kiwoom_Heroes-Doosan_Bears,2024-04-19 18:30:00,2024,Kiwoom Heroes,Doosan Bears,8.0,19.0,Final,잠실,-
20240419-LG_Twins-SSG_Landers,2024-04-19 18:30:00,2024,LG Twins,SSG Landers,4.0,1.0,Final,문학,-
20240419-NC_Dinos-KIA_Tigers,2024-04-19 18:30:00,2024,NC Dinos,KIA Tigers,3.0,4.0,Final,광주,-
20240419-Samsung_Lions-Hanwha_Eagles,2024-04-19 18:30:00,2024,Samsung Lions,Hanwha Eagles,1.0,6.0,Final,한밭,-
20240420-KT_Wiz-Lotte_Giants,2024-04-20 17:00:00,2024,KT Wiz,Lotte Giants,,,Postponed,사직,우천취소
20240420-Kiwoom_Heroes-Doosan_Bears,2024-04-20 17:00:00,2024,Kiwoom Heroes,Doosan Bears,,,Postponed,잠실,우천취소
20240420-LG_Twins-SSG_Landers,2024-04-20 17:00:00,2024,LG Twins,SSG Landers,,,Postponed,문학,우천취소
20240420-NC_Dinos-KIA_Tigers,2024-04-20 17:00:00,2024,NC Dinos,KIA Tigers,2.0,9.0,Final,광주,-
20240420-Samsung_Lions-Hanwha_Eagles,2024-04-20 17:00:00,2024,Samsung Lions,Hanwha Eagles,1.0,0.0,Final,한밭,-
20240421-KT_Wiz-Lotte_Giants,2024-04-21 14:00:00,2024,KT Wiz,Lotte Giants,9.0,9.0,Final,사직,-
20240421-Kiwoom_Heroes-Doosan_Bears,2024-04-21 14:00:00,2024,Kiwoom Heroes,Doosan Bears,8.0,4.0,Final,잠실,-
20240421-LG_Twins-SSG_Landers,2024-04-21 14:00:00,2024,LG Twins,SSG Landers,10.0,8.0,Final,문학,-
20240421-NC_Dinos-KIA_Tigers,2024-04-21 14:00:00,2024,NC Dinos,KIA Tigers,15.0,4.0,Final,광주,-
20240421-Samsung_Lions-Hanwha_Eagles,2024-04-21 14:00:00,2024,Samsung Lions,Hanwha Eagles,5.0,3.0,Final,한밭,-
20240421-KT_Wiz-Lotte_Giants-G2,2024-04-21 17:00:00,2024,KT Wiz,Lotte Giants,5.0,7.0,Final,사직,-
20240421-Kiwoom_Heroes-Doosan_Bears-G2,2024-04-21 17:00:00,2024,Kiwoom Heroes,Doosan Bears,1.0,2.0,Final,잠실,-
20240421-LG_Twins-SSG_Landers-G2,2024-04-21 17:00:00,2024,LG Twins,SSG Landers,5.0,5.0,Final,문학,-
20240423-Hanwha_Eagles-KT_Wiz,2024-04-23 18:30:00,2024,Hanwha Eagles,KT Wiz,6.0,9.0,Final,수원,-
20240423-KIA_Tigers-Kiwoom_Heroes,2024-04-23 18:30:00,2024,KIA Tigers,Kiwoom Heroes,5.0,2.0,Final,고척,-
20240423-LG_Twins-Samsung_Lions,2024-04-23 18:30:00,2024,LG Twins,Samsung Lions,3.0,7.0,Final,대구,-
20240423-NC_Dinos-Doosan_Bears,2024-04-23 18:30:00,2024,NC Dinos,Doosan Bears,3.0,4.0,Final,잠실,-
20240423-SSG_Landers-Lotte_Giants,2024-04-23 18:30:00,2024,SSG Landers,Lotte Giants,,,Postponed,사직,우천취소
20240424-Hanwha_Eagles-KT_Wiz,2024-04-24 18:30:00,2024,Hanwha Eagles,KT Wiz,1.0,7.0,Final,수원,-
20240424-KIA_Tigers-Kiwoom_Heroes,2024-04-24 18:30:00,2024,KIA Tigers,Kiwoom Heroes,6.0,4.0,Final,고척,-
20240424-LG_Twins-Samsung_Lions,2024-04-24 18:30:00,2024,LG Twins,Samsung Lions,0.0,6.0,Final,대구,-
20240424-NC_Dinos-Doosan_Bears,2024-04-24 18:30:00,2024,NC Dinos,Doosan Bears,3.0,1.0,Final,잠실,-
20240424-SSG_Landers-Lotte_Giants,2024-04-24 18:30:00,2024,SSG Landers,Lotte Giants,12.0,7.0,Final,사직,-
20240425-Hanwha_Eagles-KT_Wiz,2024-04-25 18:30:00,2024,Hanwha Eagles,KT Wiz,0.0,9.0,Final,수원,-
20240425-KIA_Tigers-Kiwoom_Heroes,2024-04-25 18:30:00,2024,KIA Tigers,Kiwoom Heroes,13.0,2.0,Final,고척,-
20240425-LG_Twins-Samsung_Lions,2024-04-25 18:30:00,2024,LG Twins,Samsung Lions,8.0,2.0,Final,대구,-
20240425-NC_Dinos-Doosan_Bears,2024-04-25 18:30:00,2024,NC Dinos,Doosan Bears,3.0,7.0,Final,잠실,-
20240425-SSG_Landers-Lotte_Giants,2024-04-25 18:30:00,2024,SSG Landers,Lotte Giants,3.0,6.0,Final,사직,-
20240426-Doosan_Bears-Hanwha_Eagles,2024-04-26 18:30:00,2024,Doosan Bears,Hanwha Eagles,10.0,5.0,Final,한밭,-
20240426-KIA_Tigers-LG_Twins,2024-04-26 18:30:00,2024,KIA Tigers,LG Twins,6.0,7.0,Final,잠실,-
20240426-KT_Wiz-SSG_Landers,2024-04-26 18:30:00,2024,KT Wiz,SSG Landers,2.0,5.0,Final,문학,-
20240426-Lotte_Giants-NC_Dinos,2024-04-26 18:30:00,2024,Lotte Giants,NC Dinos,0.0,4.0,Final,창원,-
20240426-Samsung_Lions-Kiwoom_Heroes,2024-04-26 18:30:00,2024,Samsung Lions,Kiwoom Heroes,3.0,0.0,Final,고척,-
20240427-KIA_Tigers-LG_Twins,2024-04-27 14:00:00,2024,KIA Tigers,LG Twins,3.0,6.0,Final,잠실,-
20240427-Doosan_Bears-Hanwha_Eagles,2024-04-27 17:00:00,2024,Doosan Bears,Hanwha Eagles,5.0,10.0,Final,한밭,-
20240427-KT_Wiz-SSG_Landers,2024-04-27 17:00:00,2024,KT Wiz,SSG Landers,5.0,2.0,Final,문학,-
20240427-Lotte_Giants-NC_Dinos,2024-04-27 17:00:00,2024,Lotte Giants,NC Dinos,0.0,2.0,Final,창원,-
20240427-Samsung_Lions-Kiwoom_Heroes,2024-04-27 17:00:00,2024,Samsung Lions,Kiwoom Heroes,11.0,0.0,Final,고척,-
20240428-Doosan_Bears-Hanwha_Eagles,2024-04-28 14:00:00,2024,Doosan Bears,Hanwha Eagles,17.0,8.0,Final,한밭,-
20240428-KIA_Tigers-LG_Twins,2024-04-28 14:00:00,2024,KIA Tigers,LG Twins,10.0,7.0,Final,잠실,-
20240428-KT_Wiz-SSG_Landers,2024-04-28 14:00:00,2024,KT Wiz,SSG Landers,6.0,11.0,Final,문학,-
20240428-Lotte_Giants-NC_Dinos,2024-04-28 14:00:00,2024,Lotte Giants,NC Dinos,3.0,5.0,Final,창원,-
20240428-Samsung_Lions-Kiwoom_Heroes,2024-04-28 14:00:00,2024,Samsung Lions,Kiwoom Heroes,11.0,6.0,Final,고척,-
20240430-KT_Wiz-KIA_Tigers,2024-04-30 18:30:00,2024,KT Wiz,KIA Tigers,11.0,4.0,Final,광주,-
20240430-Kiwoom_Heroes-Lotte_Giants,2024-04-30 18:30:00,2024,Kiwoom Heroes,Lotte Giants,9.0,7.0,Final,사직,-
20240430-LG_Twins-NC_Dinos,2024-04-30 18:30:00,2024,LG Twins,NC Dinos,0.0,8.0,Final,창원,-
20240430-SSG_Landers-Hanwha_Eagles,2024-04-30 18:30:00,2024,SSG Landers,Hanwha Eagles,2.0,8.0,Final,한밭,-
20240430-Samsung_Lions-Doosan_Bears,2024-04-30 18:30:00,2024,Samsung Lions,Doosan Bears,0.0,4.0,Final,잠실,-
20240501-KT_Wiz-KIA_Tigers,2024-05-01 18:30:00,2024,KT Wiz,KIA Tigers,1.0,9.0,Final,광주,-
20240501-Kiwoom_Heroes-Lotte_Giants,2024-05-01 18:30:00,2024,Kiwoom Heroes,Lotte Giants,6.0,3.0,Final,사직,-
20240501-LG_Twins-NC_Dinos,2024-05-01 18:30:00,2024,LG Twins,NC Dinos,10.0,1.0,Final,창원,-
20240501-SSG_Landers-Hanwha_Eagles,2024-05-01 18:30:00,2024,SSG Landers,Hanwha Eagles,8.0,7.0,Final,한밭,-
20240501-Samsung_Lions-Doosan_Bears,2024-05-01 18:30:00,2024,Samsung Lions,Doosan Bears,9.0,2.0,Final,잠실,-
20240502-KT_Wiz-KIA_Tigers,2024-05-02 18:30:00,2024,KT Wiz,KIA Tigers,12.0,5.0,Final,광주,-
20240502-Kiwoom_Heroes-Lotte_Giants,2024-05-02 18:30:00,2024,Kiwoom Heroes,Lotte Giants,5.0,6.0,Final,사직,-
20240502-LG_Twins-NC_Dinos,2024-05-02 18:30:00,2024,LG Twins,NC Dinos,5.0,4.0,Final,창원,-
20240502-SSG_Landers-Hanwha_Eagles,2024-05-02 18:30:00,2024,SSG Landers,Hanwha Eagles,4.0,3.0,Final,한밭,-
20240502-Samsung_Lions-Doosan_Bears,2024-05-02 18:30:00,2024,Samsung Lions,Doosan Bears,4.0,2.0,Final,잠실,-
20240503-Doosan_Bears-LG_Twins,2024-05-03 18:30:00,2024,Doosan Bears,LG Twins,6.0,4.0,Final,잠실,-
20240503-Hanwha_Eagles-KIA_Tigers,2024-05-03 18:30:00,2024,Hanwha Eagles,KIA Tigers,4.0,2.0,Final,광주,-
20240503-Kiwoom_Heroes-KT_Wiz,2024-05-03 18:30:00,2024,Kiwoom Heroes,KT Wiz,1.0,2.0,Final,수원,-
20240503-Lotte_Giants-Samsung_Lions,2024-05-03 18:30:00,2024,Lotte Giants,Samsung Lions,8.0,7.0,Final,대구,-
20240503-NC_Dinos-SSG_Landers,2024-05-03 18:30:00,2024,NC Dinos,SSG Landers,19.0,5.0,Final,문학,-
20240504-Doosan_Bears-LG_Twins,2024-05-04 14:00:00,2024,Doosan Bears,LG Twins,3.0,2.0,Final,잠실,-
20240504-Hanwha_Eagles-KIA_Tigers,2024-05-04 17:00:00,2024,Hanwha Eagles,KIA Tigers,2.0,10.0,Final,광주,-
20240504-Kiwoom_Heroes-KT_Wiz,2024-05-04 17:00:00,2024,Kiwoom Heroes,KT Wiz,2.0,6.0,Final,수원,-
20240504-Lotte_Giants-Samsung_Lions,2024-05-04 17:00:00,2024,Lotte Giants,Samsung Lions,9.0,2.0,Final,대구,-
20240504-NC_Dinos-SSG_Landers,2024-05-04 17:00:00,2024,NC Dinos,SSG Landers,8.0,6.0,Final,문학,-
20240505-Doosan_Bears-LG_Twins,2024-05-05 14:00:00,2024,Doosan Bears,LG Twins,,,Postponed,잠실,우천취소
20240505-Hanwha_Eagles-KIA_Tigers,2024-05-05 14:00:00,2024,Hanwha Eagles,KIA Tigers,,,Postponed,광주,우천취소
20240505-Kiwoom_Heroes-KT_Wiz,2024-05-05 14:00:00,2024,Kiwoom Heroes,KT Wiz,,,Postponed,수원,우천취소
20240505-Lotte_Giants-Samsung_Lions,2024-05-05 14:00:00,2024,Lotte Giants,Samsung Lions,,,Postponed,대구,우천취소
20240505-NC_Dinos-SSG_Landers,2024-05-05 14:00:00,2024,NC Dinos,SSG Landers,,,Postponed,문학,우천취소
20240507-Doosan_Bears-Kiwoom_Heroes,2024-05-07 18:30:00,2024,Doosan Bears,Kiwoom Heroes,13.0,4.0,Final,고척,-
20240507-Hanwha_Eagles-Lotte_Giants,2024-05-07 18:30:00,2024,Hanwha Eagles,Lotte Giants,,,Postponed,사직,우천취소
20240507-KIA_Tigers-Samsung_Lions,2024-05-07 18:30:00,2024,KIA Tigers,Samsung Lions,,,Postponed,대구,우천취소
20240507-NC_Dinos-KT_Wiz,2024-05-07 18:30:00,2024,NC Dinos,KT Wiz,,,Postponed,수원,그라운드사정
20240507-SSG_Landers-LG_Twins,2024-05-07 18:30:00,2024,SSG Landers,LG Twins,4.0,2.0,Final,잠실,-
20240508-Doosan_Bears-Kiwoom_Heroes,2024-05-08 18:30:00,2024,Doosan Bears,Kiwoom Heroes,6.0,1.0,Final,고척,-
20240508-Hanwha_Eagles-Lotte_Giants,2024-05-08 18:30:00,2024,Hanwha Eagles,Lotte Giants,1.0,6.0,Final,사직,-
20240508-KIA_Tigers-Samsung_Lions,2024-05-08 18:30:00,2024,KIA Tigers,Samsung Lions,4.0,2.0,Final,대구,-
20240508-NC_Dinos-KT_Wiz,2024-05-08 18:30:00,2024,NC Dinos,KT Wiz,6.0,7.0,Final,수원,-
20240508-SSG_Landers-LG_Twins,2024-05-08 18:30:00,2024,SSG Landers,LG Twins,5.0,8.0,Final,잠실,-
20240509-Doosan_Bears-Kiwoom_Heroes,2024-05-09 18:30:00,2024,Doosan Bears,Kiwoom Heroes,5.0,2.0,Final,고척,-
20240509-Hanwha_Eagles-Lotte_Giants,2024-05-09 18:30:00,2024,Hanwha Eagles,Lotte Giants,5.0,18.0,Final,사직,-
20240509-KIA_Tigers-Samsung_Lions,2024-05-09 18:30:00,2024,KIA Tigers,Samsung Lions,2.0,5.0,Final,대구,-
20240509-NC_Dinos-KT_Wiz,2024-05-09 18:30:00,2024,NC Dinos,KT Wiz,2.0,6.0,Final,수원,-
20240509-SSG_Landers-LG_Twins,2024-05-09 18:30:00,2024,SSG Landers,LG Twins,1.0,3.0,Final,잠실,-
20240510-KT_Wiz-Doosan_Bears,2024-05-10 18:30:00,2024,KT Wiz,Doosan Bears,3.0,7.0,Final,잠실,-
20240510-Kiwoom_Heroes-Hanwha_Eagles,2024-05-10 18:30:00,2024,Kiwoom Heroes,Hanwha Eagles,4.0,5.0,Final,한밭,-
20240510-LG_Twins-Lotte_Giants,2024-05-10 18:30:00,2024,LG Twins,Lotte Giants,9.0,1.0,Final,사직,-
20240510-SSG_Landers-KIA_Tigers,2024-05-10 18:30:00,2024,SSG Landers,KIA Tigers,4.0,2.0,Final,광주,-
20240510-Samsung_Lions-NC_Dinos,2024-05-10 18:30:00,2024,Samsung Lions,NC Dinos,3.0,10.0,Final,창원,-
20240511-Kiwoom_Heroes-Hanwha_Eagles,2024-05-11 14:00:00,2024,Kiwoom Heroes,Hanwha Eagles,7.0,1.0,Final,한밭,-
20240511-KT_Wiz-Doosan_Bears,2024-05-11 17:00:00,2024,KT Wiz,Doosan Bears,,,Postponed,잠실,우천취소
20240511-LG_Twins-Lotte_Giants,2024-05-11 17:00:00,2024,LG Twins,Lotte Giants,2.0,1.0,Final,사직,-
20240511-SSG_Landers-KIA_Tigers,2024-05-11 17:00:00,2024,SSG Landers,KIA Tigers,,,Postponed,광주,우천취소
20240511-Samsung_Lions-NC_Dinos,2024-05-11 17:00:00,2024,Samsung Lions,NC Dinos,3.0,2.0,Final,창원,-
20240512-KT_Wiz-Doosan_Bears,2024-05-12 14:00:00,2024,KT Wiz,Doosan Bears,4.0,12.0,Final,잠실,-
20240512-Kiwoom_Heroes-Hanwha_Eagles,2024-05-12 14:00:00,2024,Kiwoom Heroes,Hanwha Eagles,3.0,8.0,Final,한밭,-
20240512-LG_Twins-Lotte_Giants,2024-05-12 14:00:00,2024,LG Twins,Lotte Giants,6.0,4.0,Final,사직,-
20240512-SSG_Landers-KIA_Tigers,2024-05-12 14:00:00,2024,SSG Landers,KIA Tigers,2.0,3.0,Final,광주,-
20240512-Samsung_Lions-NC_Dinos,2024-05-12 14:00:00,2024,Samsung Lions,NC Dinos,7.0,2.0,Final,창원,-
20240512-KT_Wiz-Doosan_Bears-G2,2024-05-12 17:00:00,2024,KT Wiz,Doosan Bears,4.0,8.0,Final,잠실,-
20240512-SSG_Landers-KIA_Tigers-G2,2024-05-12 17:00:00,2024,SSG Landers,KIA Tigers,10.0,6.0,Final,광주,-
20240514-Doosan_Bears-KIA_Tigers,2024-05-14 18:30:00,2024,Doosan Bears,KIA Tigers,8.0,5.0,Final,광주,-
20240514-Kiwoom_Heroes-LG_Twins,2024-05-14 18:30:00,2024,Kiwoom Heroes,LG Twins,5.0,0.0,Final,잠실,-
20240514-Lotte_Giants-KT_Wiz,2024-05-14 18:30:00,2024,Lotte Giants,KT Wiz,4.0,7.0,Final,수원,-
20240514-NC_Dinos-Hanwha_Eagles,2024-05-14 18:30:00,2024,NC Dinos,Hanwha Eagles,5.0,5.0,Final,한밭,-
20240514-Samsung_Lions-SSG_Landers,2024-05-14 18:30:00,2024,Samsung Lions,SSG Landers,2.0,9.0,Final,문학,-
20240515-Doosan_Bears-KIA_Tigers,2024-05-15 14:00:00,2024,Doosan Bears,KIA Tigers,4.0,8.0,Final,광주,-
20240515-Kiwoom_Heroes-LG_Twins,2024-05-15 14:00:00,2024,Kiwoom Heroes,LG Twins,,,Postponed,잠실,우천취소
20240515-Lotte_Giants-KT_Wiz,2024-05-15 14:00:00,2024,Lotte Giants,KT Wiz,,,Postponed,수원,우천취소
20240515-NC_Dinos-Hanwha_Eagles,2024-05-15 14:00:00,2024,NC Dinos,Hanwha Eagles,16.0,1.0,Final,한밭,-
20240515-Samsung_Lions-SSG_Landers,2024-05-15 14:00:00,2024,Samsung Lions,SSG Landers,,,Postponed,문학,우천취소
20240516-Doosan_Bears-KIA_Tigers,2024-05-16 18:30:00,2024,Doosan Bears,KIA Tigers,7.0,7.0,Final,광주,-
20240516-Kiwoom_Heroes-LG_Twins,2024-05-16 18:30:00,2024,Kiwoom Heroes,LG Twins,6.0,5.0,Final,잠실,-
20240516-Lotte_Giants-KT_Wiz,2024-05-16 18:30:00,2024,Lotte Giants,KT Wiz,2.0,0.0,Final,수원,-
20240516-NC_Dinos-Hanwha_Eagles,2024-05-16 18:30:00,2024,NC Dinos,Hanwha Eagles,4.0,3.0,Final,한밭,-
20240516-Samsung_Lions-SSG_Landers,2024-05-16 18:30:00,2024,Samsung Lions,SSG Landers,12.0,4.0,Final,문학,-
20240517-Hanwha_Eagles-Samsung_Lions,2024-05-17 18:30:00,2024,Hanwha Eagles,Samsung Lions,5.0,7.0,Final,대구,-
20240517-KIA_Tigers-NC_Dinos,2024-05-17 18:30:00,2024,KIA Tigers,NC Dinos,7.0,4.0,Final,창원,-
20240517-LG_Twins-KT_Wiz,2024-05-17 18:30:00,2024,LG Twins,KT Wiz,13.0,5.0,Final,수원,-
20240517-Lotte_Giants-Doosan_Bears,2024-05-17 18:30:00,2024,Lotte Giants,Doosan Bears,5.0,1.0,Final,잠실,-
20240517-SSG_Landers-Kiwoom_Heroes,2024-05-17 18:30:00,2024,SSG Landers,Kiwoom Heroes,5.0,4.0,Final,고척,-
20240518-Hanwha_Eagles-Samsung_Lions,2024-05-18 17:00:00,2024,Hanwha Eagles,Samsung Lions,8.0,9.0,Final,대구,-
20240518-KIA_Tigers-NC_Dinos,2024-05-18 17:00:00,2024,KIA Tigers,NC Dinos,7.0,2.0,Final,창원,-
20240518-LG_Twins-KT_Wiz,2024-05-18 17:00:00,2024,LG Twins,KT Wiz,7.0,6.0,Final,수원,-
20240518-Lotte_Giants-Doosan_Bears,2024-05-18 17:00:00,2024,Lotte Giants,Doosan Bears,3.0,8.0,Final,잠실,-
20240518-SSG_Landers-Kiwoom_Heroes,2024-05-18 17:00:00,2024,SSG Landers,Kiwoom Heroes,3.0,0.0,Final,고척,-
20240519-Hanwha_Eagles-Samsung_Lions,2024-05-19 14:00:00,2024,Hanwha Eagles,Samsung Lions,12.0,2.0,Final,대구,-
20240519-KIA_Tigers-NC_Dinos,2024-05-19 14:00:00,2024,KIA Tigers,NC Dinos,2.0,1.0,Final,창원,-
20240519-LG_Twins-KT_Wiz,2024-05-19 14:00:00,2024,LG Twins,KT Wiz,4.0,10.0,Final,수원,-
20240519-Lotte_Giants-Doosan_Bears,2024-05-19 14:00:00,2024,Lotte Giants,Doosan Bears,3.0,3.0,Final,잠실,-
20240519-SSG_Landers-Kiwoom_Heroes,2024-05-19 14:00:00,2024,SSG Landers,Kiwoom Heroes,3.0,10.0,Final,고척,-
20240521-KIA_Tigers-Lotte_Giants,2024-05-21 18:30:00,2024,KIA Tigers,Lotte Giants,1.0,6.0,Final,사직,-
20240521-KT_Wiz-Samsung_Lions,2024-05-21 18:30:00,2024,KT Wiz,Samsung Lions,8.0,5.0,Final,대구,-
20240521-LG_Twins-Hanwha_Eagles,2024-05-21 18:30:00,2024,LG Twins,Hanwha Eagles,4.0,8.0,Final,한밭,-
20240521-NC_Dinos-Kiwoom_Heroes,2024-05-21 18:30:00,2024,NC Dinos,Kiwoom Heroes,5.0,3.0,Final,고척,-
20240521-SSG_Landers-Doosan_Bears,2024-05-21 18:30:00,2024,SSG Landers,Doosan Bears,6.0,8.0,Final,잠실,-
20240522-KIA_Tigers-Lotte_Giants,2024-05-22 18:30:00,2024,KIA Tigers,Lotte Giants,2.0,4.0,Final,사직,-
20240522-KT_Wiz-Samsung_Lions,2024-05-22 18:30:00,2024,KT Wiz,Samsung Lions,1.0,3.0,Final,대구,-
20240522-LG_Twins-Hanwha_Eagles,2024-05-22 18:30:00,2024,LG Twins,Hanwha Eagles,5.0,7.0,Final,한밭,-
20240522-NC_Dinos-Kiwoom_Heroes,2024-05-22 18:30:00,2024,NC Dinos,Kiwoom Heroes,4.0,3.0,Final,고척,-
20240522-SSG_Landers-Doosan_Bears,2024-05-22 18:30:00,2024,SSG Landers,Doosan Bears,1.0,3.0,Final,잠실,-
20240523-KIA_Tigers-Lotte_Giants,2024-05-23 18:30:00,2024,KIA Tigers,Lotte Giants,6.0,10.0,Final,사직,-
20240523-KT_Wiz-Samsung_Lions,2024-05-23 18:30:00,2024,KT Wiz,Samsung Lions,9.0,2.0,Final,대구,-
20240523-LG_Twins-Hanwha_Eagles,2024-05-23 18:30:00,2024,LG Twins,Hanwha Eagles,8.0,4.0,Final,한밭,-
20240523-NC_Dinos-Kiwoom_Heroes,2024-05-23 18:30:00,2024,NC Dinos,Kiwoom Heroes,4.0,6.0,Final,고척,-
20240523-SSG_Landers-Doosan_Bears,2024-05-23 18:30:00,2024,SSG Landers,Doosan Bears,3.0,10.0,Final,잠실,-
20240524-Doosan_Bears-KIA_Tigers,2024-05-24 18:30:00,2024,Doosan Bears,KIA Tigers,7.0,5.0,Final,광주,-
20240524-Hanwha_Eagles-SSG_Landers,2024-05-24 18:30:00,2024,Hanwha Eagles,SSG Landers,7.0,5.0,Final,문학,-
20240524-Kiwoom_Heroes-KT_Wiz,2024-05-24 18:30:00,2024,Kiwoom Heroes,KT Wiz,4.0,5.0,Final,수원,-
20240524-NC_Dinos-LG_Twins,2024-05-24 18:30:00,2024,NC Dinos,LG Twins,4.0,11.0,Final,잠실,-
20240524-Samsung_Lions-Lotte_Giants,2024-05-24 18:30:00,2024,Samsung Lions,Lotte Giants,11.0,5.0,Final,사직,-
20240525-Doosan_Bears-KIA_Tigers,2024-05-25 14:00:00,2024,Doosan Bears,KIA Tigers,2.0,6.0,Final,광주,-
20240525-NC_Dinos-LG_Twins,2024-05-25 14:00:00,2024,NC Dinos,LG Twins,6.0,10.0,Final,잠실,-
20240525-Hanwha_Eagles-SSG_Landers,2024-05-25 17:00:00,2024,Hanwha Eagles,SSG Landers,4.0,2.0,Final,문학,-
20240525-Kiwoom_Heroes-KT_Wiz,2024-05-25 17:00:00,2024,Kiwoom Heroes,KT Wiz,2.0,5.0,Final,수원,-
20240525-Samsung_Lions-Lotte_Giants,2024-05-25 17:00:00,2024,Samsung Lions,Lotte Giants,6.0,7.0,Final,사직,-
20240526-Doosan_Bears-KIA_Tigers,2024-05-26 14:00:00,2024,Doosan Bears,KIA Tigers,2.0,5.0,Final,광주,-
20240526-Hanwha_Eagles-SSG_Landers,2024-05-26 14:00:00,2024,Hanwha Eagles,SSG Landers,,,Postponed,문학,그라운드사정
20240526-Kiwoom_Heroes-KT_Wiz,2024-05-26 14:00:00,2024,Kiwoom Heroes,KT Wiz,,,Postponed,수원,우천취소
20240526-NC_Dinos-LG_Twins,2024-05-26 14:00:00,2024,NC Dinos,LG Twins,3.0,6.0,Final,잠실,-
20240526-Samsung_Lions-Lotte_Giants,2024-05-26 14:00:00,2024,Samsung Lions,Lotte Giants,1.0,9.0,Final,사직,-
20240528-KIA_Tigers-NC_Dinos,2024-05-28 18:30:00,2024,KIA Tigers,NC Dinos,11.0,8.0,Final,창원,-
20240528-KT_Wiz-Doosan_Bears,2024-05-28 18:30:00,2024,KT Wiz,Doosan Bears,12.0,3.0,Final,잠실,-
20240528-Kiwoom_Heroes-Samsung_Lions,2024-05-28 18:30:00,2024,Kiwoom Heroes,Samsung Lions,4.0,3.0,Final,대구,-
20240528-LG_Twins-SSG_Landers,2024-05-28 18:30:00,2024,LG Twins,SSG Landers,7.0,5.0,Final,문학,-
20240528-Lotte_Giants-Hanwha_Eagles,2024-05-28 18:30:00,2024,Lotte Giants,Hanwha Eagles,3.0,12.0,Final,한밭,-
20240529-KIA_Tigers-NC_Dinos,2024-05-29 18:30:00,2024,KIA Tigers,NC Dinos,6.0,3.0,Final,창원,-
20240529-KT_Wiz-Doosan_Bears,2024-05-29 18:30:00,2024,KT Wiz,Doosan Bears,6.0,12.0,Final,잠실,-
20240529-Kiwoom_Heroes-Samsung_Lions,2024-05-29 18:30:00,2024,Kiwoom Heroes,Samsung Lions,11.0,5.0,Final,대구,-
20240529-LG_Twins-SSG_Landers,2024-05-29 18:30:00,2024,LG Twins,SSG Landers,13.0,4.0,Final,문학,-
20240529-Lotte_Giants-Hanwha_Eagles,2024-05-29 18:30:00,2024,Lotte Giants,Hanwha Eagles,0.0,3.0,Final,한밭,-
20240530-KIA_Tigers-NC_Dinos,2024-05-30 18:30:00,2024,KIA Tigers,NC Dinos,11.0,2.0,Final,창원,-
20240530-KT_Wiz-Doosan_Bears,2024-05-30 18:30:00,2024,KT Wiz,Doosan Bears,1.0,6.0,Final,잠실,-
20240530-Kiwoom_Heroes-Samsung_Lions,2024-05-30 18:30:00,2024,Kiwoom Heroes,Samsung Lions,2.0,4.0,Final,대구,-
20240530-LG_Twins-SSG_Landers,2024-05-30 18:30:00,2024,LG Twins,SSG Landers,2.0,8.0,Final,문학,-
20240530-Lotte_Giants-Hanwha_Eagles,2024-05-30 18:30:00,2024,Lotte Giants,Hanwha Eagles,0.0,15.0,Final,한밭,-
20240531-Hanwha_Eagles-Samsung_Lions,2024-05-31 18:30:00,2024,Hanwha Eagles,Samsung Lions,6.0,8.0,Final,대구,-
20240531-KT_Wiz-KIA_Tigers,2024-05-31 18:30:00,2024,KT Wiz,KIA Tigers,8.0,5.0,Final,광주,-
20240531-LG_Twins-Doosan_Bears,2024-05-31 18:30:00,2024,LG Twins,Doosan Bears,6.0,3.0,Final,잠실,-
20240531-NC_Dinos-Lotte_Giants,2024-05-31 18:30:00,2024,NC Dinos,Lotte Giants,5.0,13.0,Final,사직,-
20240531-SSG_Landers-Kiwoom_Heroes,2024-05-31 18:30:00,2024,SSG Landers,Kiwoom Heroes,4.0,2.0,Final,고척,-
20240601-Hanwha_Eagles-Samsung_Lions,2024-06-01 17:00:00,2024,Hanwha Eagles,Samsung Lions,4.0,6.0,Final,대구,-
20240601-KT_Wiz-KIA_Tigers,2024-06-01 17:00:00,2024,KT Wiz,KIA Tigers,2.0,4.0,Final,광주,-
20240601-LG_Twins-Doosan_Bears,2024-06-01 17:00:00,2024,LG Twins,Doosan Bears,8.0,5.0,Final,잠실,-
20240601-NC_Dinos-Lotte_Giants,2024-06-01 17:00:00,2024,NC Dinos,Lotte Giants,4.0,2.0,Final,사직,-
20240601-SSG_Landers-Kiwoom_Heroes,2024-06-01 17:00:00,2024,SSG Landers,Kiwoom Heroes,9.0,0.0,Final,고척,-
20240602-LG_Twins-Doosan_Bears,2024-06-02 14:00:00,2024,LG Twins,Doosan Bears,9.0,1.0,Final,잠실,-
20240602-SSG_Landers-Kiwoom_Heroes,2024-06-02 14:00:00,2024,SSG Landers,Kiwoom Heroes,6.0,2.0,Final,고척,-
20240602-Hanwha_Eagles-Samsung_Lions,2024-06-02 17:00:00,2024,Hanwha Eagles,Samsung Lions,0.0,1.0,Final,대구,-
20240602-KT_Wiz-KIA_Tigers,2024-06-02 17:00:00,2024,KT Wiz,KIA Tigers,11.0,3.0,Final,광주,-
20240602-NC_Dinos-Lotte_Giants,2024-06-02 17:00:00,2024,NC Dinos,Lotte Giants,4.0,13.0,Final,사직,-
20240604-Doosan_Bears-NC_Dinos,2024-06-04 18:30:00,2024,Doosan Bears,NC Dinos,4.0,1.0,Final,창원,-
20240604-Hanwha_Eagles-KT_Wiz,2024-06-04 18:30:00,2024,Hanwha Eagles,KT Wiz,8.0,2.0,Final,수원,-
20240604-Kiwoom_Heroes-LG_Twins,2024-06-04 18:30:00,2024,Kiwoom Heroes,LG Twins,11.0,3.0,Final,잠실,-
20240604-Lotte_Giants-KIA_Tigers,2024-06-04 18:30:00,2024,Lotte Giants,KIA Tigers,6.0,0.0,Final,광주,-
20240604-Samsung_Lions-SSG_Landers,2024-06-04 18:30:00,2024,Samsung Lions,SSG Landers,3.0,1.0,Final,문학,-
20240605-Doosan_Bears-NC_Dinos,2024-06-05 18:30:00,2024,Doosan Bears,NC Dinos,4.0,3.0,Final,창원,-
20240605-Hanwha_Eagles-KT_Wiz,2024-06-05 18:30:00,2024,Hanwha Eagles,KT Wiz,12.0,2.0,Final,수원,-
20240605-Kiwoom_Heroes-LG_Twins,2024-06-05 18:30:00,2024,Kiwoom Heroes,LG Twins,2.0,4.0,Final,잠실,-
20240605-Lotte_Giants-KIA_Tigers,2024-06-05 18:30:00,2024,Lotte Giants,KIA Tigers,9.0,3.0,Final,광주,-
20240605-Samsung_Lions-SSG_Landers,2024-06-05 18:30:00,2024,Samsung Lions,SSG Landers,3.0,7.0,Final,문학,-
20240606-Lotte_Giants-KIA_Tigers,2024-06-06 14:00:00,2024,Lotte Giants,KIA Tigers,4.0,5.0,Final,광주,-
20240606-Samsung_Lions-SSG_Landers,2024-06-06 14:00:00,2024,Samsung Lions,SSG Landers,0.0,4.0,Final,문학,-
20240606-Doosan_Bears-NC_Dinos,2024-06-06 17:00:00,2024,Doosan Bears,NC Dinos,8.0,4.0,Final,창원,-
20240606-Hanwha_Eagles-KT_Wiz,2024-06-06 17:00:00,2024,Hanwha Eagles,KT Wiz,6.0,0.0,Final,수원,-
20240606-Kiwoom_Heroes-LG_Twins,2024-06-06 17:00:00,2024,Kiwoom Heroes,LG Twins,4.0,8.0,Final,잠실,-
20240607-KIA_Tigers-Doosan_Bears,2024-06-07 18:30:00,2024,KIA Tigers,Doosan Bears,5.0,6.0,Final,잠실,-
20240607-LG_Twins-KT_Wiz,2024-06-07 18:30:00,2024,LG Twins,KT Wiz,8.0,7.0,Final,수원,-
20240607-NC_Dinos-Hanwha_Eagles,2024-06-07 18:30:00,2024,NC Dinos,Hanwha Eagles,6.0,2.0,Final,한밭,-
20240607-SSG_Landers-Lotte_Giants,2024-06-07 18:30:00,2024,SSG Landers,Lotte Giants,7.0,11.0,Final,사직,-
20240607-Samsung_Lions-Kiwoom_Heroes,2024-06-07 18:30:00,2024,Samsung Lions,Kiwoom Heroes,5.0,7.0,Final,고척,-
20240608-KIA_Tigers-Doosan_Bears,2024-06-08 17:00:00,2024,KIA Tigers,Doosan Bears,8.0,9.0,Final,잠실,-
20240608-LG_Twins-KT_Wiz,2024-06-08 17:00:00,2024,LG Twins,KT Wiz,8.0,2.0,Final,수원,-
20240608-NC_Dinos-Hanwha_Eagles,2024-06-08 17:00:00,2024,NC Dinos,Hanwha Eagles,4.0,2.0,Final,한밭,-
20240608-SSG_Landers-Lotte_Giants,2024-06-08 17:00:00,2024,SSG Landers,Lotte Giants,,,Postponed,사직,우천취소
20240608-Samsung_Lions-Kiwoom_Heroes,2024-06-08 17:00:00,2024,Samsung Lions,Kiwoom Heroes,3.0,10.0,Final,고척,-
20240609-SSG_Landers-Lotte_Giants,2024-06-09 14:00:00,2024,SSG Landers,Lotte Giants,5.0,1.0,Final,사직,-
20240609-Samsung_Lions-Kiwoom_Heroes,2024-06-09 14:00:00,2024,Samsung Lions,Kiwoom Heroes,7.0,1.0,Final,고척,-
20240609-KIA_Tigers-Doosan_Bears,2024-06-09 17:00:00,2024,KIA Tigers,Doosan Bears,8.0,2.0,Final,잠실,-
20240609-LG_Twins-KT_Wiz,2024-06-09 17:00:00,2024,LG Twins,KT Wiz,2.0,11.0,Final,수원,-
20240609-NC_Dinos-Hanwha_Eagles,2024-06-09 17:00:00,2024,NC Dinos,Hanwha Eagles,3.0,3.0,Final,한밭,-
20240609-SSG_Landers-Lotte_Giants-G2,2024-06-09 17:00:00,2024,SSG Landers,Lotte Giants,3.0,5.0,Final,사직,-
20240611-Hanwha_Eagles-Doosan_Bears,2024-06-11 18:30:00,2024,Hanwha Eagles,Doosan Bears,6.0,1.0,Final,잠실,-
20240611-KIA_Tigers-SSG_Landers,2024-06-11 18:30:00,2024,KIA Tigers,SSG Landers,6.0,7.0,Final,문학,-
20240611-KT_Wiz-NC_Dinos,2024-06-11 18:30:00,2024,KT Wiz,NC Dinos,6.0,8.0,Final,창원,-
20240611-Kiwoom_Heroes-Lotte_Giants,2024-06-11 18:30:00,2024,Kiwoom Heroes,Lotte Giants,5.0,2.0,Final,사직,-
20240611-LG_Twins-Samsung_Lions,2024-06-11 18:30:00,2024,LG Twins,Samsung Lions,4.0,6.0,Final,대구,-
20240612-Hanwha_Eagles-Doosan_Bears,2024-06-12 18:30:00,2024,Hanwha Eagles,Doosan Bears,4.0,3.0,Final,잠실,-
20240612-KIA_Tigers-SSG_Landers,2024-06-12 18:30:00,2024,KIA Tigers,SSG Landers,13.0,7.0,Final,문학,-
20240612-KT_Wiz-NC_Dinos,2024-06-12 18:30:00,2024,KT Wiz,NC Dinos,11.0,8.0,Final,창원,-
20240612-Kiwoom_Heroes-Lotte_Giants,2024-06-12 18:30:00,2024,Kiwoom Heroes,Lotte Giants,2.0,9.0,Final,사직,-
20240612-LG_Twins-Samsung_Lions,2024-06-12 18:30:00,2024,LG Twins,Samsung Lions,4.0,5.0,Final,대구,-
20240613-Hanwha_Eagles-Doosan_Bears,2024-06-13 18:30:00,2024,Hanwha Eagles,Doosan Bears,6.0,9.0,Final,잠실,-
20240613-KIA_Tigers-SSG_Landers,2024-06-13 18:30:00,2024,KIA Tigers,SSG Landers,1.0,7.0,Final,문학,-
20240613-KT_Wiz-NC_Dinos,2024-06-13 18:30:00,2024,KT Wiz,NC Dinos,3.0,5.0,Final,창원,-
20240613-Kiwoom_Heroes-Lotte_Giants,2024-06-13 18:30:00,2024,Kiwoom Heroes,Lotte Giants,10.0,18.0,Final,사직,-
20240613-LG_Twins-Samsung_Lions,2024-06-13 18:30:00,2024,LG Twins,Samsung Lions,3.0,6.0,Final,대구,-
20240614-Doosan_Bears-Kiwoom_Heroes,2024-06-14 18:30:00,2024,Doosan Bears,Kiwoom Heroes,6.0,4.0,Final,고척,-
20240614-KIA_Tigers-KT_Wiz,2024-06-14 18:30:00,2024,KIA Tigers,KT Wiz,11.0,1.0,Final,수원,-
20240614-Lotte_Giants-LG_Twins,2024-06-14 18:30:00,2024,Lotte Giants,LG Twins,3.0,5.0,Final,잠실,-
20240614-SSG_Landers-Hanwha_Eagles,2024-06-14 18:30:00,2024,SSG Landers,Hanwha Eagles,11.0,4.0,Final,한밭,-
20240614-Samsung_Lions-NC_Dinos,2024-06-14 18:30:00,2024,Samsung Lions,NC Dinos,7.0,4.0,Final,창원,-
20240615-Doosan_Bears-Kiwoom_Heroes,2024-06-15 17:00:00,2024,Doosan Bears,Kiwoom Heroes,4.0,1.0,Final,고척,-
20240615-KIA_Tigers-KT_Wiz,2024-06-15 17:00:00,2024,KIA Tigers,KT Wiz,2.0,1.0,Final,수원,-
20240615-Lotte_Giants-LG_Twins,2024-06-15 17:00:00,2024,Lotte Giants,LG Twins,9.0,8.0,Final,잠실,-
20240615-SSG_Landers-Hanwha_Eagles,2024-06-15 17:00:00,2024,SSG Landers,Hanwha Eagles,9.0,1.0,Final,한밭,-
20240615-Samsung_Lions-NC_Dinos,2024-06-15 17:00:00,2024,Samsung Lions,NC Dinos,4.0,6.0,Final,창원,-
20240616-Doosan_Bears-Kiwoom_Heroes,2024-06-16 14:00:00,2024,Doosan Bears,Kiwoom Heroes,2.0,8.0,Final,고척,-
20240616-KIA_Tigers-KT_Wiz,2024-06-16 17:00:00,2024,KIA Tigers,KT Wiz,3.0,1.0,Final,수원,-
20240616-Lotte_Giants-LG_Twins,2024-06-16 17:00:00,2024,Lotte Giants,LG Twins,8.0,9.0,Final,잠실,-
20240616-SSG_Landers-Hanwha_Eagles,2024-06-16 17:00:00,2024,SSG Landers,Hanwha Eagles,1.0,4.0,Final,한밭,-
20240616-Samsung_Lions-NC_Dinos,2024-06-16 17:00:00,2024,Samsung Lions,NC Dinos,4.0,5.0,Final,창원,-
20240618-Kiwoom_Heroes-Hanwha_Eagles,2024-06-18 18:30:00,2024,Kiwoom Heroes,Hanwha Eagles,0.0,3.0,Final,청주,-
20240618-LG_Twins-KIA_Tigers,2024-06-18 18:30:00,2024,LG Twins,KIA Tigers,4.0,11.0,Final,광주,-
20240618-Lotte_Giants-KT_Wiz,2024-06-18 18:30:00,2024,Lotte Giants,KT Wiz,4.0,6.0,Final,수원,-
20240618-NC_Dinos-Doosan_Bears,2024-06-18 18:30:00,2024,NC Dinos,Doosan Bears,2.0,6.0,Final,잠실,-
20240618-SSG_Landers-Samsung_Lions,2024-06-18 18:30:00,2024,SSG Landers,Samsung Lions,8.0,3.0,Final,대구,-
20240619-Kiwoom_Heroes-Hanwha_Eagles,2024-06-19 18:30:00,2024,Kiwoom Heroes,Hanwha Eagles,11.0,14.0,Final,청주,-
20240619-LG_Twins-KIA_Tigers,2024-06-19 18:30:00,2024,LG Twins,KIA Tigers,7.0,5.0,Final,광주,-
20240619-Lotte_Giants-KT_Wiz,2024-06-19 18:30:00,2024,Lotte Giants,KT Wiz,13.0,5.0,Final,수원,-
20240619-NC_Dinos-Doosan_Bears,2024-06-19 18:30:00,2024,NC Dinos,Doosan Bears,7.0,5.0,Final,잠실,-
20240619-SSG_Landers-Samsung_Lions,2024-06-19 18:30:00,2024,SSG Landers,Samsung Lions,2.0,13.0,Final,대구,-
20240620-Kiwoom_Heroes-Hanwha_Eagles,2024-06-20 18:30:00,2024,Kiwoom Heroes,Hanwha Eagles,7.0,0.0,Final,청주,-
20240620-LG_Twins-KIA_Tigers,2024-06-20 18:30:00,2024,LG Twins,KIA Tigers,5.0,6.0,Final,광주,-
20240620-Lotte_Giants-KT_Wiz,2024-06-20 18:30:00,2024,Lotte Giants,KT Wiz,6.0,7.0,Final,수원,-
20240620-NC_Dinos-Doosan_Bears,2024-06-20 18:30:00,2024,NC Dinos,Doosan Bears,0.0,2.0,Final,잠실,-
20240620-SSG_Landers-Samsung_Lions,2024-06-20 18:30:00,2024,SSG Landers,Samsung Lions,0.0,4.0,Final,대구,-
20240621-Doosan_Bears-Samsung_Lions,2024-06-21 18:30:00,2024,Doosan Bears,Samsung Lions,4.0,7.0,Final,대구,-
20240621-Hanwha_Eagles-KIA_Tigers,2024-06-21 18:30:00,2024,Hanwha Eagles,KIA Tigers,3.0,8.0,Final,광주,-
20240621-KT_Wiz-LG_Twins,2024-06-21 18:30:00,2024,KT Wiz,LG Twins,3.0,2.0,Final,잠실,-
20240621-Lotte_Giants-Kiwoom_Heroes,2024-06-21 18:30:00,2024,Lotte Giants,Kiwoom Heroes,2.0,5.0,Final,고척,-
20240621-NC_Dinos-SSG_Landers,2024-06-21 18:30:00,2024,NC Dinos,SSG Landers,3.0,2.0,Final,문학,-
20240622-Doosan_Bears-Samsung_Lions,2024-06-22 17:00:00,2024,Doosan Bears,Samsung Lions,,,Postponed,대구,우천취소
20240622-Hanwha_Eagles-KIA_Tigers,2024-06-22 17:00:00,2024,Hanwha Eagles,KIA Tigers,,,Postponed,광주,우천취소
20240622-KT_Wiz-LG_Twins,2024-06-22 17:00:00,2024,KT Wiz,LG Twins,,,Postponed,잠실,우천취소
20240622-Lotte_Giants-Kiwoom_Heroes,2024-06-22 17:00:00,2024,Lotte Giants,Kiwoom Heroes,6.0,1.0,Final,고척,-
20240622-NC_Dinos-SSG_Landers,2024-06-22 17:00:00,2024,NC Dinos,SSG Landers,4.0,12.0,Final,문학,-
20240623-Doosan_Bears-Samsung_Lions,2024-06-23 14:00:00,2024,Doosan Bears,Samsung Lions,4.0,7.0,Final,대구,-
20240623-Hanwha_Eagles-KIA_Tigers,2024-06-23 14:00:00,2024,Hanwha Eagles,KIA Tigers,9.0,8.0,Final,광주,-
20240623-KT_Wiz-LG_Twins,2024-06-23 14:00:00,2024,KT Wiz,LG Twins,2.0,7.0,Final,잠실,-
20240623-Lotte_Giants-Kiwoom_Heroes,2024-06-23 14:00:00,2024,Lotte Giants,Kiwoom Heroes,10.0,2.0,Final,고척,-
20240623-Doosan_Bears-Samsung_Lions-G2,2024-06-23 17:00:00,2024,Doosan Bears,Samsung Lions,4.0,10.0,Final,대구,-
20240623-Hanwha_Eagles-KIA_Tigers-G2,2024-06-23 17:00:00,2024,Hanwha Eagles,KIA Tigers,1.0,4.0,Final,광주,-
20240623-KT_Wiz-LG_Twins-G2,2024-06-23 17:00:00,2024,KT Wiz,LG Twins,4.0,3.0,Final,잠실,-
20240623-NC_Dinos-SSG_Landers,2024-06-23 17:00:00,2024,NC Dinos,SSG Landers,18.0,6.0,Final,문학,-
20240625-Doosan_Bears-Hanwha_Eagles,2024-06-25 18:30:00,2024,Doosan Bears,Hanwha Eagles,4.0,5.0,Final,한밭,-
20240625-KIA_Tigers-Lotte_Giants,2024-06-25 18:30:00,2024,KIA Tigers,Lotte Giants,15.0,15.0,Final,사직,-
20240625-KT_Wiz-SSG_Landers,2024-06-25 18:30:00,2024,KT Wiz,SSG Landers,6.0,1.0,Final,문학,-
20240625-NC_Dinos-Kiwoom_Heroes,2024-06-25 18:30:00,2024,NC Dinos,Kiwoom Heroes,5.0,6.0,Final,고척,-
20240625-Samsung_Lions-LG_Twins,2024-06-25 18:30:00,2024,Samsung Lions,LG Twins,0.0,4.0,Final,잠실,-
20240626-Doosan_Bears-Hanwha_Eagles,2024-06-26 18:30:00,2024,Doosan Bears,Hanwha Eagles,15.0,8.0,Final,한밭,-
20240626-KIA_Tigers-Lotte_Giants,2024-06-26 18:30:00,2024,KIA Tigers,Lotte Giants,4.0,6.0,Final,사직,-
20240626-KT_Wiz-SSG_Landers,2024-06-26 18:30:00,2024,KT Wiz,SSG Landers,5.0,10.0,Final,문학,-
20240626-NC_Dinos-Kiwoom_Heroes,2024-06-26 18:30:00,2024,NC Dinos,Kiwoom Heroes,7.0,10.0,Final,고척,-
20240626-Samsung_Lions-LG_Twins,2024-06-26 18:30:00,2024,Samsung Lions,LG Twins,1.0,2.0,Final,잠실,-
20240627-Doosan_Bears-Hanwha_Eagles,2024-06-27 18:30:00,2024,Doosan Bears,Hanwha Eagles,3.0,8.0,Final,한밭,-
20240627-KIA_Tigers-Lotte_Giants,2024-06-27 18:30:00,2024,KIA Tigers,Lotte Giants,2.0,11.0,Final,사직,-
20240627-KT_Wiz-SSG_Landers,2024-06-27 18:30:00,2024,KT Wiz,SSG Landers,16.0,8.0,Final,문학,-
20240627-NC_Dinos-Kiwoom_Heroes,2024-06-27 18:30:00,2024,NC Dinos,Kiwoom Heroes,7.0,9.0,Final,고척,-
20240627-Samsung_Lions-LG_Twins,2024-06-27 18:30:00,2024,Samsung Lions,LG Twins,2.0,1.0,Final,잠실,-
20240628-Hanwha_Eagles-Lotte_Giants,2024-06-28 18:30:00,2024,Hanwha Eagles,Lotte Giants,4.0,6.0,Final,사직,-
20240628-Kiwoom_Heroes-KIA_Tigers,2024-06-28 18:30:00,2024,Kiwoom Heroes,KIA Tigers,17.0,6.0,Final,광주,-
20240628-LG_Twins-NC_Dinos,2024-06-28 18:30:00,2024,LG Twins,NC Dinos,2.0,8.0,Final,창원,-
20240628-SSG_Landers-Doosan_Bears,2024-06-28 18:30:00,2024,SSG Landers,Doosan Bears,0.0,10.0,Final,잠실,-
20240628-Samsung_Lions-KT_Wiz,2024-06-28 18:30:00,2024,Samsung Lions,KT Wiz,4.0,5.0,Final,수원,-
20240629-Hanwha_Eagles-Lotte_Giants,2024-06-29 17:00:00,2024,Hanwha Eagles,Lotte Giants,,,Postponed,사직,우천취소
20240629-Kiwoom_Heroes-KIA_Tigers,2024-06-29 17:00:00,2024,Kiwoom Heroes,KIA Tigers,,,Postponed,광주,우천취소
20240629-LG_Twins-NC_Dinos,2024-06-29 17:00:00,2024,LG Twins,NC Dinos,,,Postponed,창원,우천취소
20240629-SSG_Landers-Doosan_Bears,2024-06-29 17:00:00,2024,SSG Landers,Doosan Bears,6.0,0.0,Final,잠실,-
20240629-Samsung_Lions-KT_Wiz,2024-06-29 17:00:00,2024,Samsung Lions,KT Wiz,,,Postponed,수원,우천취소
20240630-Hanwha_Eagles-Lotte_Giants,2024-06-30 14:00:00,2024,Hanwha Eagles,Lotte Giants,,,Postponed,사직,우천취소
20240630-Kiwoom_Heroes-KIA_Tigers,2024-06-30 14:00:00,2024,Kiwoom Heroes,KIA Tigers,,,Postponed,광주,우천취소
20240630-LG_Twins-NC_Dinos,2024-06-30 14:00:00,2024,LG Twins,NC Dinos,,,Postponed,창원,우천취소
20240630-Samsung_Lions-KT_Wiz,2024-06-30 14:00:00,2024,Samsung Lions,KT Wiz,2.0,2.0,Final,수원,-
20240630-Hanwha_Eagles-Lotte_Giants-G2,2024-06-30 17:00:00,2024,Hanwha Eagles,Lotte Giants,,,Postponed,사직,그라운드사정
20240630-Kiwoom_Heroes-KIA_Tigers-G2,2024-06-30 17:00:00,2024,Kiwoom Heroes,KIA Tigers,,,Postponed,광주,그라운드사정
20240630-LG_Twins-NC_Dinos-G2,2024-06-30 17:00:00,2024,LG Twins,NC Dinos,9.0,6.0,Final,창원,-
20240630-SSG_Landers-Doosan_Bears,2024-06-30 17:00:00,2024,SSG Landers,Doosan Bears,3.0,1.0,Final,잠실,-
20240630-Samsung_Lions-KT_Wiz-G2,2024-06-30 17:00:00,2024,Samsung Lions,KT Wiz,1.0,2.0,Final,수원,-
20240702-KIA_Tigers-Samsung_Lions,2024-07-02 18:30:00,2024,KIA Tigers,Samsung Lions,9.0,5.0,Final,대구,-
20240702-KT_Wiz-Hanwha_Eagles,2024-07-02 18:30:00,2024,KT Wiz,Hanwha Eagles,6.0,5.0,Final,한밭,-
20240702-LG_Twins-Kiwoom_Heroes,2024-07-02 18:30:00,2024,LG Twins,Kiwoom Heroes,2.0,4.0,Final,고척,-
20240702-Lotte_Giants-Doosan_Bears,2024-07-02 18:30:00,2024,Lotte Giants,Doosan Bears,,,Postponed,잠실,우천취소
20240702-SSG_Landers-NC_Dinos,2024-07-02 18:30:00,2024,SSG Landers,NC Dinos,,,Postponed,창원,우천취소
20240703-KIA_Tigers-Samsung_Lions,2024-07-03 18:30:00,2024,KIA Tigers,Samsung Lions,6.0,4.0,Final,대구,-
20240703-KT_Wiz-Hanwha_Eagles,2024-07-03 18:30:00,2024,KT Wiz,Hanwha Eagles,3.0,2.0,Final,한밭,-
20240703-LG_Twins-Kiwoom_Heroes,2024-07-03 18:30:00,2024,LG Twins,Kiwoom Heroes,1.0,4.0,Final,고척,-
20240703-Lotte_Giants-Doosan_Bears,2024-07-03 18:30:00,2024,Lotte Giants,Doosan Bears,8.0,13.0,Final,잠실,-
20240703-SSG_Landers-NC_Dinos,2024-07-03 18:30:00,2024,SSG Landers,NC Dinos,1.0,4.0,Final,창원,-
20240704-KIA_Tigers-Samsung_Lions,2024-07-04 18:30:00,2024,KIA Tigers,Samsung Lions,8.0,3.0,Final,대구,-
20240704-KT_Wiz-Hanwha_Eagles,2024-07-04 18:30:00,2024,KT Wiz,Hanwha Eagles,5.0,13.0,Final,한밭,-
20240704-LG_Twins-Kiwoom_Heroes,2024-07-04 18:30:00,2024,LG Twins,Kiwoom Heroes,3.0,2.0,Final,고척,-
20240704-Lotte_Giants-Doosan_Bears,2024-07-04 18:30:00,2024,Lotte Giants,Doosan Bears,3.0,6.0,Final,잠실,-
20240704-SSG_Landers-NC_Dinos,2024-07-04 18:30:00,2024,SSG Landers,NC Dinos,0.0,2.0,Final,창원,-
20240709-Doosan_Bears-KT_Wiz,2024-07-09 18:30:00,2024,Doosan Bears,KT Wiz,,,Postponed,수원,우천취소
20240709-Hanwha_Eagles-Kiwoom_Heroes,2024-07-09 18:30:00,2024,Hanwha Eagles,Kiwoom Heroes,3.0,5.0,Final,고척,-
20240709-KIA_Tigers-LG_Twins,2024-07-09 18:30:00,2024,KIA Tigers,LG Twins,11.0,4.0,Final,잠실,-
20240709-Lotte_Giants-SSG_Landers,2024-07-09 18:30:00,2024,Lotte Giants,SSG Landers,4.0,7.0,Final,문학,-
20240709-NC_Dinos-Samsung_Lions,2024-07-09 18:30:00,2024,NC Dinos,Samsung Lions,,,Postponed,대구,우천취소
20240710-Doosan_Bears-KT_Wiz,2024-07-10 18:30:00,2024,Doosan Bears,KT Wiz,6.0,7.0,Final,수원,-
20240710-Hanwha_Eagles-Kiwoom_Heroes,2024-07-10 18:30:00,2024,Hanwha Eagles,Kiwoom Heroes,7.0,0.0,Final,고척,-
20240710-KIA_Tigers-LG_Twins,2024-07-10 18:30:00,2024,KIA Tigers,LG Twins,5.0,2.0,Final,잠실,-
20240710-Lotte_Giants-SSG_Landers,2024-07-10 18:30:00,2024,Lotte Giants,SSG Landers,6.0,1.0,Final,문학,-
20240710-NC_Dinos-Samsung_Lions,2024-07-10 18:30:00,2024,NC Dinos,Samsung Lions,6.0,15.0,Final,대구,-
20240711-Doosan_Bears-KT_Wiz,2024-07-11 18:30:00,2024,Doosan Bears,KT Wiz,12.0,1.0,Final,수원,-
20240711-Hanwha_Eagles-Kiwoom_Heroes,2024-07-11 18:30:00,2024,Hanwha Eagles,Kiwoom Heroes,4.0,5.0,Final,고척,-
20240711-KIA_Tigers-LG_Twins,2024-07-11 18:30:00,2024,KIA Tigers,LG Twins,4.0,2.0,Final,잠실,-
20240711-Lotte_Giants-SSG_Landers,2024-07-11 18:30:00,2024,Lotte Giants,SSG Landers,4.0,5.0,Final,문학,-
20240711-NC_Dinos-Samsung_Lions,2024-07-11 18:30:00,2024,NC Dinos,Samsung Lions,4.0,6.0,Final,대구,-
20240712-KT_Wiz-Lotte_Giants,2024-07-12 18:30:00,2024,KT Wiz,Lotte Giants,5.0,4.0,Final,사직,-
20240712-Kiwoom_Heroes-NC_Dinos,2024-07-12 18:30:00,2024,Kiwoom Heroes,NC Dinos,2.0,9.0,Final,창원,-
20240712-LG_Twins-Hanwha_Eagles,2024-07-12 18:30:00,2024,LG Twins,Hanwha Eagles,0.0,6.0,Final,한밭,-
20240712-SSG_Landers-KIA_Tigers,2024-07-12 18:30:00,2024,SSG Landers,KIA Tigers,14.0,6.0,Final,광주,-
20240712-Samsung_Lions-Doosan_Bears,2024-07-12 18:30:00,2024,Samsung Lions,Doosan Bears,9.0,5.0,Final,잠실,-
20240713-KT_Wiz-Lotte_Giants,2024-07-13 18:00:00,2024,KT Wiz,Lotte Giants,6.0,3.0,Final,사직,-
20240713-Kiwoom_Heroes-NC_Dinos,2024-07-13 18:00:00,2024,Kiwoom Heroes,NC Dinos,5.0,11.0,Final,창원,-
20240713-LG_Twins-Hanwha_Eagles,2024-07-13 18:00:00,2024,LG Twins,Hanwha Eagles,7.0,3.0,Final,한밭,-
20240713-SSG_Landers-KIA_Tigers,2024-07-13 18:00:00,2024,SSG Landers,KIA Tigers,15.0,9.0,Final,광주,-
20240713-Samsung_Lions-Doosan_Bears,2024-07-13 18:00:00,2024,Samsung Lions,Doosan Bears,4.0,8.0,Final,잠실,-
20240714-KT_Wiz-Lotte_Giants,2024-07-14 17:00:00,2024,KT Wiz,Lotte Giants,,,Postponed,사직,우천취소
20240714-Kiwoom_Heroes-NC_Dinos,2024-07-14 17:00:00,2024,Kiwoom Heroes,NC Dinos,,,Postponed,창원,우천취소
20240714-LG_Twins-Hanwha_Eagles,2024-07-14 17:00:00,2024,LG Twins,Hanwha Eagles,8.0,4.0,Final,한밭,-
20240714-SSG_Landers-KIA_Tigers,2024-07-14 17:00:00,2024,SSG Landers,KIA Tigers,4.0,13.0,Final,광주,-
20240714-Samsung_Lions-Doosan_Bears,2024-07-14 17:00:00,2024,Samsung Lions,Doosan Bears,6.0,2.0,Final,잠실,-
20240716-Doosan_Bears-Lotte_Giants,2024-07-16 18:30:00,2024,Doosan Bears,Lotte Giants,0.0,4.0,Final,울산,-
20240716-Hanwha_Eagles-NC_Dinos,2024-07-16 18:30:00,2024,Hanwha Eagles,NC Dinos,,,Postponed,창원,우천취소
20240716-KT_Wiz-Kiwoom_Heroes,2024-07-16 18:30:00,2024,KT Wiz,Kiwoom Heroes,4.0,3.0,Final,고척,-
20240716-SSG_Landers-LG_Twins,2024-07-16 18:30:00,2024,SSG Landers,LG Twins,,,Postponed,잠실,우천취소
20240716-Samsung_Lions-KIA_Tigers,2024-07-16 18:30:00,2024,Samsung Lions,KIA Tigers,,,Postponed,광주,그라운드사정
20240717-Doosan_Bears-Lotte_Giants,2024-07-17 18:30:00,2024,Doosan Bears,Lotte Giants,2.0,6.0,Final,울산,-
20240717-Hanwha_Eagles-NC_Dinos,2024-07-17 18:30:00,2024,Hanwha Eagles,NC Dinos,1.0,5.0,Final,창원,-
20240717-KT_Wiz-Kiwoom_Heroes,2024-07-17 18:30:00,2024,KT Wiz,Kiwoom Heroes,9.0,2.0,Final,고척,-
20240717-SSG_Landers-LG_Twins,2024-07-17 18:30:00,2024,SSG Landers,LG Twins,9.0,12.0,Final,잠실,-
20240717-Samsung_Lions-KIA_Tigers,2024-07-17 18:30:00,2024,Samsung Lions,KIA Tigers,5.0,10.0,Final,광주,-
20240718-Doosan_Bears-Lotte_Giants,2024-07-18 18:30:00,2024,Doosan Bears,Lotte Giants,3.0,2.0,Final,울산,-
20240718-Hanwha_Eagles-NC_Dinos,2024-07-18 18:30:00,2024,Hanwha Eagles,NC Dinos,3.0,4.0,Final,창원,-
20240718-KT_Wiz-Kiwoom_Heroes,2024-07-18 18:30:00,2024,KT Wiz,Kiwoom Heroes,12.0,8.0,Final,고척,-
20240718-SSG_Landers-LG_Twins,2024-07-18 18:30:00,2024,SSG Landers,LG Twins,,,Postponed,잠실,우천취소
20240718-Samsung_Lions-KIA_Tigers,2024-07-18 18:30:00,2024,Samsung Lions,KIA Tigers,4.0,10.0,Final,광주,-
20240719-Doosan_Bears-LG_Twins,2024-07-19 18:30:00,2024,Doosan Bears,LG Twins,7.0,16.0,Final,잠실,-
20240719-KIA_Tigers-Hanwha_Eagles,2024-07-19 18:30:00,2024,KIA Tigers,Hanwha Eagles,7.0,3.0,Final,한밭,-
20240719-Kiwoom_Heroes-SSG_Landers,2024-07-19 18:30:00,2024,Kiwoom Heroes,SSG Landers,3.0,9.0,Final,문학,-
20240719-Lotte_Giants-Samsung_Lions,2024-07-19 18:30:00,2024,Lotte Giants,Samsung Lions,10.0,6.0,Final,대구,-
20240719-NC_Dinos-KT_Wiz,2024-07-19 18:30:00,2024,NC Dinos,KT Wiz,0.0,6.0,Final,수원,-
20240720-Doosan_Bears-LG_Twins,2024-07-20 18:00:00,2024,Doosan Bears,LG Twins,,,Postponed,잠실,우천취소
20240720-KIA_Tigers-Hanwha_Eagles,2024-07-20 18:00:00,2024,KIA Tigers,Hanwha Eagles,8.0,4.0,Final,한밭,-
20240720-Kiwoom_Heroes-SSG_Landers,2024-07-20 18:00:00,2024,Kiwoom Heroes,SSG Landers,,,Postponed,문학,우천취소
20240720-Lotte_Giants-Samsung_Lions,2024-07-20 18:00:00,2024,Lotte Giants,Samsung Lions,4.0,21.0,Final,대구,-
20240720-NC_Dinos-KT_Wiz,2024-07-20 18:00:00,2024,NC Dinos,KT Wiz,,,Postponed,수원,우천취소
20240721-Doosan_Bears-LG_Twins,2024-07-21 17:00:00,2024,Doosan Bears,LG Twins,3.0,6.0,Final,잠실,-
20240721-KIA_Tigers-Hanwha_Eagles,2024-07-21 17:00:00,2024,KIA Tigers,Hanwha Eagles,8.0,7.0,Final,한밭,-
20240721-Kiwoom_Heroes-SSG_Landers,2024-07-21 17:00:00,2024,Kiwoom Heroes,SSG Landers,7.0,2.0,Final,문학,-
20240721-Lotte_Giants-Samsung_Lions,2024-07-21 17:00:00,2024,Lotte Giants,Samsung Lions,5.0,6.0,Final,대구,-
20240721-NC_Dinos-KT_Wiz,2024-07-21 17:00:00,2024,NC Dinos,KT Wiz,8.0,2.0,Final,수원,-
20240723-Kiwoom_Heroes-Doosan_Bears,2024-07-23 18:30:00,2024,Kiwoom Heroes,Doosan Bears,3.0,6.0,Final,잠실,-
20240723-LG_Twins-Lotte_Giants,2024-07-23 18:30:00,2024,LG Twins,Lotte Giants,2.0,1.0,Final,사직,-
20240723-NC_Dinos-KIA_Tigers,2024-07-23 18:30:00,2024,NC Dinos,KIA Tigers,1.0,8.0,Final,광주,-
20240723-SSG_Landers-KT_Wiz,2024-07-23 18:30:00,2024,SSG Landers,KT Wiz,,,Postponed,수원,우천취소
20240723-Samsung_Lions-Hanwha_Eagles,2024-07-23 18:30:00,2024,Samsung Lions,Hanwha Eagles,5.0,6.0,Final,한밭,-
20240724-Kiwoom_Heroes-Doosan_Bears,2024-07-24 18:30:00,2024,Kiwoom Heroes,Doosan Bears,4.0,7.0,Final,잠실,-
20240724-LG_Twins-Lotte_Giants,2024-07-24 18:30:00,2024,LG Twins,Lotte Giants,,,Postponed,사직,그라운드사정
20240724-NC_Dinos-KIA_Tigers,2024-07-24 18:30:00,2024,NC Dinos,KIA Tigers,0.0,7.0,Final,광주,-
20240724-SSG_Landers-KT_Wiz,2024-07-24 18:30:00,2024,SSG Landers,KT Wiz,3.0,5.0,Final,수원,-
20240724-Samsung_Lions-Hanwha_Eagles,2024-07-24 18:30:00,2024,Samsung Lions,Hanwha Eagles,2.0,3.0,Final,한밭,-
20240725-Kiwoom_Heroes-Doosan_Bears,2024-07-25 18:30:00,2024,Kiwoom Heroes,Doosan Bears,6.0,1.0,Final,잠실,-
20240725-LG_Twins-Lotte_Giants,2024-07-25 18:30:00,2024,LG Twins,Lotte Giants,9.0,6.0,Final,사직,-
20240725-NC_Dinos-KIA_Tigers,2024-07-25 18:30:00,2024,NC Dinos,KIA Tigers,7.0,4.0,Final,광주,-
20240725-SSG_Landers-KT_Wiz,2024-07-25 18:30:00,2024,SSG Landers,KT Wiz,2.0,4.0,Final,수원,-
20240725-Samsung_Lions-Hanwha_Eagles,2024-07-25 18:30:00,2024,Samsung Lions,Hanwha Eagles,,,Postponed,한밭,우천취소
20240726-Doosan_Bears-SSG_Landers,2024-07-26 18:30:00,2024,Doosan Bears,SSG Landers,1.0,6.0,Final,문학,-
20240726-Hanwha_Eagles-LG_Twins,2024-07-26 18:30:00,2024,Hanwha Eagles,LG Twins,,,Postponed,잠실,우천취소
20240726-KIA_Tigers-Kiwoom_Heroes,2024-07-26 18:30:00,2024,KIA Tigers,Kiwoom Heroes,4.0,5.0,Final,고척,-
20240726-KT_Wiz-Samsung_Lions,2024-07-26 18:30:00,2024,KT Wiz,Samsung Lions,4.0,1.0,Final,대구,-
20240726-Lotte_Giants-NC_Dinos,2024-07-26 18:30:00,2024,Lotte Giants,NC Dinos,2.0,9.0,Final,창원,-
20240727-Doosan_Bears-SSG_Landers,2024-07-27 18:00:00,2024,Doosan Bears,SSG Landers,3.0,4.0,Final,문학,-
20240727-Hanwha_Eagles-LG_Twins,2024-07-27 18:00:00,2024,Hanwha Eagles,LG Twins,,,Postponed,잠실,우천취소
20240727-KIA_Tigers-Kiwoom_Heroes,2024-07-27 18:00:00,2024,KIA Tigers,Kiwoom Heroes,5.0,6.0,Final,고척,-
20240727-KT_Wiz-Samsung_Lions,2024-07-27 18:00:00,2024,KT Wiz,Samsung Lions,2.0,3.0,Final,대구,-
20240727-Lotte_Giants-NC_Dinos,2024-07-27 18:00:00,2024,Lotte Giants,NC Dinos,9.0,2.0,Final,창원,-
20240728-KIA_Tigers-Kiwoom_Heroes,2024-07-28 14:00:00,2024,KIA Tigers,Kiwoom Heroes,4.0,3.0,Final,고척,-
20240728-Doosan_Bears-SSG_Landers,2024-07-28 17:00:00,2024,Doosan Bears,SSG Landers,0.0,3.0,Final,문학,-
20240728-Hanwha_Eagles-LG_Twins,2024-07-28 17:00:00,2024,Hanwha Eagles,LG Twins,9.0,6.0,Final,잠실,-
20240728-KT_Wiz-Samsung_Lions,2024-07-28 17:00:00,2024,KT Wiz,Samsung Lions,4.0,3.0,Final,대구,-
20240728-Lotte_Giants-NC_Dinos,2024-07-28 17:00:00,2024,Lotte Giants,NC Dinos,10.0,6.0,Final,창원,-
20240730-Doosan_Bears-KIA_Tigers,2024-07-30 18:30:00,2024,Doosan Bears,KIA Tigers,12.0,7.0,Final,광주,-
20240730-Hanwha_Eagles-KT_Wiz,2024-07-30 18:30:00,2024,Hanwha Eagles,KT Wiz,6.0,4.0,Final,수원,-
20240730-Lotte_Giants-SSG_Landers,2024-07-30 18:30:00,2024,Lotte Giants,SSG Landers,5.0,11.0,Final,문학,-
20240730-NC_Dinos-Kiwoom_Heroes,2024-07-30 18:30:00,2024,NC Dinos,Kiwoom Heroes,2.0,6.0,Final,고척,-
20240730-Samsung_Lions-LG_Twins,2024-07-30 18:30:00,2024,Samsung Lions,LG Twins,7.0,1.0,Final,잠실,-
20240731-Doosan_Bears-KIA_Tigers,2024-07-31 18:30:00,2024,Doosan Bears,KIA Tigers,30.0,6.0,Final,광주,-
20240731-Hanwha_Eagles-KT_Wiz,2024-07-31 18:30:00,2024,Hanwha Eagles,KT Wiz,18.0,7.0,Final,수원,-
20240731-Lotte_Giants-SSG_Landers,2024-07-31 18:30:00,2024,Lotte Giants,SSG Landers,11.0,12.0,Final,문학,-
20240731-NC_Dinos-Kiwoom_Heroes,2024-07-31 18:30:00,2024,NC Dinos,Kiwoom Heroes,9.0,0.0,Final,고척,-
20240731-Samsung_Lions-LG_Twins,2024-07-31 18:30:00,2024,Samsung Lions,LG Twins,5.0,11.0,Final,잠실,-
20240801-Doosan_Bears-KIA_Tigers,2024-08-01 18:30:00,2024,Doosan Bears,KIA Tigers,1.0,0.0,Final,광주,-
20240801-Hanwha_Eagles-KT_Wiz,2024-08-01 18:30:00,2024,Hanwha Eagles,KT Wiz,14.0,8.0,Final,수원,-
20240801-Lotte_Giants-SSG_Landers,2024-08-01 18:30:00,2024,Lotte Giants,SSG Landers,4.0,2.0,Final,문학,-
20240801-NC_Dinos-Kiwoom_Heroes,2024-08-01 18:30:00,2024,NC Dinos,Kiwoom Heroes,9.0,14.0,Final,고척,-
20240801-Samsung_Lions-LG_Twins,2024-08-01 18:30:00,2024,Samsung Lions,LG Twins,7.0,0.0,Final,잠실,-
20240802-KIA_Tigers-Hanwha_Eagles,2024-08-02 18:30:00,2024,KIA Tigers,Hanwha Eagles,3.0,10.0,Final,한밭,-
20240802-KT_Wiz-NC_Dinos,2024-08-02 18:30:00,2024,KT Wiz,NC Dinos,9.0,7.0,Final,창원,-
20240802-Kiwoom_Heroes-Doosan_Bears,2024-08-02 18:30:00,2024,Kiwoom Heroes,Doosan Bears,6.0,4.0,Final,잠실,-
20240802-LG_Twins-Lotte_Giants,2024-08-02 18:30:00,2024,LG Twins,Lotte Giants,,,Postponed,울산,폭염취소
20240802-SSG_Landers-Samsung_Lions,2024-08-02 18:30:00,2024,SSG Landers,Samsung Lions,3.0,4.0,Final,대구,-
20240803-KIA_Tigers-Hanwha_Eagles,2024-08-03 18:00:00,2024,KIA Tigers,Hanwha Eagles,7.0,3.0,Final,한밭,-
20240803-KT_Wiz-NC_Dinos,2024-08-03 18:00:00,2024,KT Wiz,NC Dinos,,,Postponed,창원,우천취소
20240803-Kiwoom_Heroes-Doosan_Bears,2024-08-03 18:00:00,2024,Kiwoom Heroes,Doosan Bears,15.0,5.0,Final,잠실,-
20240803-LG_Twins-Lotte_Giants,2024-08-03 18:00:00,2024,LG Twins,Lotte Giants,3.0,8.0,Final,울산,-
20240803-SSG_Landers-Samsung_Lions,2024-08-03 18:00:00,2024,SSG Landers,Samsung Lions,4.0,12.0,Final,대구,-
20240804-KIA_Tigers-Hanwha_Eagles,2024-08-04 17:00:00,2024,KIA Tigers,Hanwha Eagles,,,Postponed,한밭,우천취소
20240804-KT_Wiz-NC_Dinos,2024-08-04 17:00:00,2024,KT Wiz,NC Dinos,5.0,15.0,Final,창원,-
20240804-Kiwoom_Heroes-Doosan_Bears,2024-08-04 17:00:00,2024,Kiwoom Heroes,Doosan Bears,,,Postponed,잠실,폭염취소
20240804-LG_Twins-Lotte_Giants,2024-08-04 17:00:00,2024,LG Twins,Lotte Giants,,,Postponed,울산,폭염취소
20240804-SSG_Landers-Samsung_Lions,2024-08-04 17:00:00,2024,SSG Landers,Samsung Lions,3.0,8.0,Final,대구,-
20240806-Hanwha_Eagles-Samsung_Lions,2024-08-06 18:30:00,2024,Hanwha Eagles,Samsung Lions,8.0,5.0,Final,대구,-
20240806-KT_Wiz-KIA_Tigers,2024-08-06 18:30:00,2024,KT Wiz,KIA Tigers,0.0,2.0,Final,광주,-
20240806-LG_Twins-Doosan_Bears,2024-08-06 18:30:00,2024,LG Twins,Doosan Bears,6.0,7.0,Final,잠실,-
20240806-NC_Dinos-Lotte_Giants,2024-08-06 18:30:00,2024,NC Dinos,Lotte Giants,5.0,6.0,Final,사직,-
20240806-SSG_Landers-Kiwoom_Heroes,2024-08-06 18:30:00,2024,SSG Landers,Kiwoom Heroes,6.0,2.0,Final,고척,-
20240807-Hanwha_Eagles-Samsung_Lions,2024-08-07 18:30:00,2024,Hanwha Eagles,Samsung Lions,6.0,10.0,Final,대구,-
20240807-KT_Wiz-KIA_Tigers,2024-08-07 18:30:00,2024,KT Wiz,KIA Tigers,13.0,2.0,Final,광주,-
20240807-LG_Twins-Doosan_Bears,2024-08-07 18:30:00,2024,LG Twins,Doosan Bears,4.0,8.0,Final,잠실,-
20240807-NC_Dinos-Lotte_Giants,2024-08-07 18:30:00,2024,NC Dinos,Lotte Giants,7.0,14.0,Final,사직,-
20240807-SSG_Landers-Kiwoom_Heroes,2024-08-07 18:30:00,2024,SSG Landers,Kiwoom Heroes,6.0,2.0,Final,고척,-
20240808-Hanwha_Eagles-Samsung_Lions,2024-08-08 18:30:00,2024,Hanwha Eagles,Samsung Lions,6.0,4.0,Final,대구,-
20240808-KT_Wiz-KIA_Tigers,2024-08-08 18:30:00,2024,KT Wiz,KIA Tigers,1.0,0.0,Final,광주,-
20240808-LG_Twins-Doosan_Bears,2024-08-08 18:30:00,2024,LG Twins,Doosan Bears,10.0,3.0,Final,잠실,-
20240808-NC_Dinos-Lotte_Giants,2024-08-08 18:30:00,2024,NC Dinos,Lotte Giants,,,Postponed,사직,우천취소
20240808-SSG_Landers-Kiwoom_Heroes,2024-08-08 18:30:00,2024,SSG Landers,Kiwoom Heroes,0.0,3.0,Final,고척,-
20240809-Doosan_Bears-SSG_Landers,2024-08-09 18:30:00,2024,Doosan Bears,SSG Landers,13.0,11.0,Final,문학,-
20240809-Kiwoom_Heroes-Hanwha_Eagles,2024-08-09 18:30:00,2024,Kiwoom Heroes,Hanwha Eagles,5.0,7.0,Final,한밭,-
20240809-Lotte_Giants-KT_Wiz,2024-08-09 18:30:00,2024,Lotte Giants,KT Wiz,6.0,10.0,Final,수원,-
20240809-NC_Dinos-LG_Twins,2024-08-09 18:30:00,2024,NC Dinos,LG Twins,9.0,10.0,Final,잠실,-
20240809-Samsung_Lions-KIA_Tigers,2024-08-09 18:30:00,2024,Samsung Lions,KIA Tigers,8.0,9.0,Final,광주,-
20240810-Doosan_Bears-SSG_Landers,2024-08-10 18:00:00,2024,Doosan Bears,SSG Landers,10.0,6.0,Final,문학,-
20240810-Kiwoom_Heroes-Hanwha_Eagles,2024-08-10 18:00:00,2024,Kiwoom Heroes,Hanwha Eagles,3.0,1.0,Final,한밭,-
20240810-Lotte_Giants-KT_Wiz,2024-08-10 18:00:00,2024,Lotte Giants,KT Wiz,2.0,0.0,Final,수원,-
20240810-NC_Dinos-LG_Twins,2024-08-10 18:00:00,2024,NC Dinos,LG Twins,3.0,9.0,Final,잠실,-
20240810-Samsung_Lions-KIA_Tigers,2024-08-10 18:00:00,2024,Samsung Lions,KIA Tigers,,,Postponed,광주,우천취소
20240811-Doosan_Bears-SSG_Landers,2024-08-11 18:00:00,2024,Doosan Bears,SSG Landers,9.0,11.0,Final,문학,-
20240811-Kiwoom_Heroes-Hanwha_Eagles,2024-08-11 18:00:00,2024,Kiwoom Heroes,Hanwha Eagles,7.0,3.0,Final,한밭,-
20240811-Lotte_Giants-KT_Wiz,2024-08-11 18:00:00,2024,Lotte Giants,KT Wiz,9.0,7.0,Final,수원,-
20240811-NC_Dinos-LG_Twins,2024-08-11 18:00:00,2024,NC Dinos,LG Twins,3.0,4.0,Final,잠실,-
20240811-Samsung_Lions-KIA_Tigers,2024-08-11 18:00:00,2024,Samsung Lions,KIA Tigers,5.0,4.0,Final,광주,-
20240813-KIA_Tigers-Kiwoom_Heroes,2024-08-13 18:30:00,2024,KIA Tigers,Kiwoom Heroes,2.0,0.0,Final,고척,-
20240813-KT_Wiz-Samsung_Lions,2024-08-13 18:30:00,2024,KT Wiz,Samsung Lions,2.0,7.0,Final,대구,-
20240813-LG_Twins-Hanwha_Eagles,2024-08-13 18:30:00,2024,LG Twins,Hanwha Eagles,3.0,2.0,Final,한밭,-
20240813-Lotte_Giants-Doosan_Bears,2024-08-13 18:30:00,2024,Lotte Giants,Doosan Bears,,,Postponed,잠실,우천취소
20240813-SSG_Landers-NC_Dinos,2024-08-13 18:30:00,2024,SSG Landers,NC Dinos,2.0,0.0,Final,창원,-
20240814-KIA_Tigers-Kiwoom_Heroes,2024-08-14 18:30:00,2024,KIA Tigers,Kiwoom Heroes,1.0,2.0,Final,고척,-
20240814-KT_Wiz-Samsung_Lions,2024-08-14 18:30:00,2024,KT Wiz,Samsung Lions,1.0,3.0,Final,대구,-
20240814-LG_Twins-Hanwha_Eagles,2024-08-14 18:30:00,2024,LG Twins,Hanwha Eagles,5.0,9.0,Final,한밭,-
20240814-Lotte_Giants-Doosan_Bears,2024-08-14 18:30:00,2024,Lotte Giants,Doosan Bears,12.0,2.0,Final,잠실,-
20240814-SSG_Landers-NC_Dinos,2024-08-14 18:30:00,2024,SSG Landers,NC Dinos,,,Postponed,창원,우천취소
20240815-KIA_Tigers-Kiwoom_Heroes,2024-08-15 17:00:00,2024,KIA Tigers,Kiwoom Heroes,12.0,1.0,Final,고척,-
20240815-KT_Wiz-Samsung_Lions,2024-08-15 18:00:00,2024,KT Wiz,Samsung Lions,5.0,3.0,Final,대구,-
20240815-LG_Twins-Hanwha_Eagles,2024-08-15 18:00:00,2024,LG Twins,Hanwha Eagles,17.0,3.0,Final,한밭,-
20240815-Lotte_Giants-Doosan_Bears,2024-08-15 18:00:00,2024,Lotte Giants,Doosan Bears,3.0,4.0,Final,잠실,-
20240815-SSG_Landers-NC_Dinos,2024-08-15 18:00:00,2024,SSG Landers,NC Dinos,10.0,5.0,Final,창원,-
20240816-Doosan_Bears-KT_Wiz,2024-08-16 18:30:00,2024,Doosan Bears,KT Wiz,5.0,0.0,Final,수원,-
20240816-Hanwha_Eagles-SSG_Landers,2024-08-16 18:30:00,2024,Hanwha Eagles,SSG Landers,2.0,1.0,Final,문학,-
20240816-KIA_Tigers-LG_Twins,2024-08-16 18:30:00,2024,KIA Tigers,LG Twins,3.0,2.0,Final,잠실,-
20240816-Kiwoom_Heroes-Lotte_Giants,2024-08-16 18:30:00,2024,Kiwoom Heroes,Lotte Giants,0.0,4.0,Final,사직,-
20240816-Samsung_Lions-NC_Dinos,2024-08-16 18:30:00,2024,Samsung Lions,NC Dinos,7.0,3.0,Final,창원,-
20240817-Doosan_Bears-KT_Wiz,2024-08-17 18:00:00,2024,Doosan Bears,KT Wiz,3.0,2.0,Final,수원,-
20240817-Hanwha_Eagles-SSG_Landers,2024-08-17 18:00:00,2024,Hanwha Eagles,SSG Landers,8.0,5.0,Final,문학,-
20240817-KIA_Tigers-LG_Twins,2024-08-17 18:00:00,2024,KIA Tigers,LG Twins,14.0,4.0,Final,잠실,-
20240817-Kiwoom_Heroes-Lotte_Giants,2024-08-17 18:00:00,2024,Kiwoom Heroes,Lotte Giants,8.0,7.0,Final,사직,-
20240817-Samsung_Lions-NC_Dinos,2024-08-17 18:00:00,2024,Samsung Lions,NC Dinos,5.0,4.0,Final,창원,-
20240818-Doosan_Bears-KT_Wiz,2024-08-18 18:00:00,2024,Doosan Bears,KT Wiz,4.0,5.0,Final,수원,-
20240818-Hanwha_Eagles-SSG_Landers,2024-08-18 18:00:00,2024,Hanwha Eagles,SSG Landers,7.0,1.0,Final,문학,-
20240818-KIA_Tigers-LG_Twins,2024-08-18 18:00:00,2024,KIA Tigers,LG Twins,4.0,0.0,Final,잠실,-
20240818-Kiwoom_Heroes-Lotte_Giants,2024-08-18 18:00:00,2024,Kiwoom Heroes,Lotte Giants,4.0,5.0,Final,사직,-
20240818-Samsung_Lions-NC_Dinos,2024-08-18 18:00:00,2024,Samsung Lions,NC Dinos,5.0,3.0,Final,창원,-
20240820-Doosan_Bears-Samsung_Lions,2024-08-20 18:30:00,2024,Doosan Bears,Samsung Lions,0.0,3.0,Final,포항,-
20240820-Kiwoom_Heroes-KT_Wiz,2024-08-20 18:30:00,2024,Kiwoom Heroes,KT Wiz,3.0,2.0,Final,수원,-
20240820-Lotte_Giants-KIA_Tigers,2024-08-20 18:30:00,2024,Lotte Giants,KIA Tigers,,,Postponed,광주,우천취소
20240820-NC_Dinos-Hanwha_Eagles,2024-08-20 18:30:00,2024,NC Dinos,Hanwha Eagles,2.0,3.0,Final,청주,-
20240820-SSG_Landers-LG_Twins,2024-08-20 18:30:00,2024,SSG Landers,LG Twins,3.0,4.0,Final,잠실,-
20240821-Doosan_Bears-Samsung_Lions,2024-08-21 18:30:00,2024,Doosan Bears,Samsung Lions,5.0,2.0,Final,포항,-
20240821-Kiwoom_Heroes-KT_Wiz,2024-08-21 18:30:00,2024,Kiwoom Heroes,KT Wiz,0.0,5.0,Final,수원,-
20240821-Lotte_Giants-KIA_Tigers,2024-08-21 18:30:00,2024,Lotte Giants,KIA Tigers,5.0,6.0,Final,광주,-
20240821-NC_Dinos-Hanwha_Eagles,2024-08-21 18:30:00,2024,NC Dinos,Hanwha Eagles,8.0,2.0,Final,청주,-
20240821-SSG_Landers-LG_Twins,2024-08-21 18:30:00,2024,SSG Landers,LG Twins,5.0,1.0,Final,잠실,-
20240822-Doosan_Bears-Samsung_Lions,2024-08-22 18:30:00,2024,Doosan Bears,Samsung Lions,,,Postponed,포항,폭염취소
20240822-Kiwoom_Heroes-KT_Wiz,2024-08-22 18:30:00,2024,Kiwoom Heroes,KT Wiz,2.0,3.0,Final,수원,-
20240822-Lotte_Giants-KIA_Tigers,2024-08-22 18:30:00,2024,Lotte Giants,KIA Tigers,4.0,6.0,Final,광주,-
20240822-NC_Dinos-Hanwha_Eagles,2024-08-22 18:30:00,2024,NC Dinos,Hanwha Eagles,,,Postponed,청주,우천취소
20240822-SSG_Landers-LG_Twins,2024-08-22 18:30:00,2024,SSG Landers,LG Twins,3.0,13.0,Final,잠실,-
20240823-Hanwha_Eagles-Doosan_Bears,2024-08-23 18:30:00,2024,Hanwha Eagles,Doosan Bears,7.0,4.0,Final,잠실,-
20240823-KIA_Tigers-NC_Dinos,2024-08-23 18:30:00,2024,KIA Tigers,NC Dinos,4.0,17.0,Final,창원,-
20240823-KT_Wiz-SSG_Landers,2024-08-23 18:30:00,2024,KT Wiz,SSG Landers,11.0,6.0,Final,문학,-
20240823-LG_Twins-Kiwoom_Heroes,2024-08-23 18:30:00,2024,LG Twins,Kiwoom Heroes,3.0,9.0,Final,고척,-
20240823-Lotte_Giants-Samsung_Lions,2024-08-23 18:30:00,2024,Lotte Giants,Samsung Lions,3.0,5.0,Final,대구,-
20240824-Hanwha_Eagles-Doosan_Bears,2024-08-24 18:00:00,2024,Hanwha Eagles,Doosan Bears,7.0,6.0,Final,잠실,-
20240824-KIA_Tigers-NC_Dinos,2024-08-24 18:00:00,2024,KIA Tigers,NC Dinos,2.0,0.0,Final,창원,-
20240824-KT_Wiz-SSG_Landers,2024-08-24 18:00:00,2024,KT Wiz,SSG Landers,9.0,3.0,Final,문학,-
20240824-LG_Twins-Kiwoom_Heroes,2024-08-24 18:00:00,2024,LG Twins,Kiwoom Heroes,7.0,0.0,Final,고척,-
20240824-Lotte_Giants-Samsung_Lions,2024-08-24 18:00:00,2024,Lotte Giants,Samsung Lions,11.0,3.0,Final,대구,-
20240825-LG_Twins-Kiwoom_Heroes,2024-08-25 14:00:00,2024,LG Twins,Kiwoom Heroes,4.0,6.0,Final,고척,-
20240825-Hanwha_Eagles-Doosan_Bears,2024-08-25 18:00:00,2024,Hanwha Eagles,Doosan Bears,3.0,1.0,Final,잠실,-
20240825-KIA_Tigers-NC_Dinos,2024-08-25 18:00:00,2024,KIA Tigers,NC Dinos,2.0,8.0,Final,창원,-
20240825-KT_Wiz-SSG_Landers,2024-08-25 18:00:00,2024,KT Wiz,SSG Landers,3.0,4.0,Final,문학,-
20240825-Lotte_Giants-Samsung_Lions,2024-08-25 18:00:00,2024,Lotte Giants,Samsung Lions,5.0,10.0,Final,대구,-
20240827-Doosan_Bears-NC_Dinos,2024-08-27 18:30:00,2024,Doosan Bears,NC Dinos,13.0,7.0,Final,창원,-
20240827-Hanwha_Eagles-Lotte_Giants,2024-08-27 18:30:00,2024,Hanwha Eagles,Lotte Giants,1.0,3.0,Final,사직,-
20240827-KT_Wiz-LG_Twins,2024-08-27 18:30:00,2024,KT Wiz,LG Twins,1.0,6.0,Final,잠실,-
20240827-SSG_Landers-KIA_Tigers,2024-08-27 18:30:00,2024,SSG Landers,KIA Tigers,4.0,10.0,Final,광주,-
20240827-Samsung_Lions-Kiwoom_Heroes,2024-08-27 18:30:00,2024,Samsung Lions,Kiwoom Heroes,1.0,0.0,Final,고척,-
20240828-Doosan_Bears-NC_Dinos,2024-08-28 18:30:00,2024,Doosan Bears,NC Dinos,8.0,1.0,Final,창원,-
20240828-Hanwha_Eagles-Lotte_Giants,2024-08-28 18:30:00,2024,Hanwha Eagles,Lotte Giants,7.0,0.0,Final,사직,-
20240828-KT_Wiz-LG_Twins,2024-08-28 18:30:00,2024,KT Wiz,LG Twins,8.0,4.0,Final,잠실,-
20240828-SSG_Landers-KIA_Tigers,2024-08-28 18:30:00,2024,SSG Landers,KIA Tigers,6.0,7.0,Final,광주,-
20240828-Samsung_Lions-Kiwoom_Heroes,2024-08-28 18:30:00,2024,Samsung Lions,Kiwoom Heroes,9.0,5.0,Final,고척,-
20240829-Doosan_Bears-NC_Dinos,2024-08-29 18:30:00,2024,Doosan Bears,NC Dinos,2.0,10.0,Final,창원,-
20240829-Hanwha_Eagles-Lotte_Giants,2024-08-29 18:30:00,2024,Hanwha Eagles,Lotte Giants,11.0,14.0,Final,사직,-
20240829-KT_Wiz-LG_Twins,2024-08-29 18:30:00,2024,KT Wiz,LG Twins,8.0,7.0,Final,잠실,-
20240829-SSG_Landers-KIA_Tigers,2024-08-29 18:30:00,2024,SSG Landers,KIA Tigers,10.0,4.0,Final,광주,-
20240829-Samsung_Lions-Kiwoom_Heroes,2024-08-29 18:30:00,2024,Samsung Lions,Kiwoom Heroes,1.0,0.0,Final,고척,-
20240830-LG_Twins-KT_Wiz,2024-08-30 18:30:00,2024,LG Twins,KT Wiz,11.0,7.0,Final,수원,-
20240830-Lotte_Giants-Kiwoom_Heroes,2024-08-30 18:30:00,2024,Lotte Giants,Kiwoom Heroes,8.0,2.0,Final,고척,-
20240831-KIA_Tigers-Samsung_Lions,2024-08-31 18:00:00,2024,KIA Tigers,Samsung Lions,15.0,13.0,Final,대구,-
20240831-KT_Wiz-Hanwha_Eagles,2024-08-31 18:00:00,2024,KT Wiz,Hanwha Eagles,6.0,2.0,Final,한밭,-
20240831-Lotte_Giants-Doosan_Bears,2024-08-31 18:00:00,2024,Lotte Giants,Doosan Bears,7.0,4.0,Final,잠실,-
20240831-NC_Dinos-SSG_Landers,2024-08-31 18:00:00,2024,NC Dinos,SSG Landers,7.0,2.0,Final,문학,-
20240901-KIA_Tigers-Samsung_Lions,2024-09-01 14:00:00,2024,KIA Tigers,Samsung Lions,6.0,5.0,Final,대구,-
20240901-Lotte_Giants-Doosan_Bears,2024-09-01 14:00:00,2024,Lotte Giants,Doosan Bears,4.0,3.0,Final,잠실,-
20240901-NC_Dinos-SSG_Landers,2024-09-01 14:00:00,2024,NC Dinos,SSG Landers,8.0,2.0,Final,문학,-
20240903-Doosan_Bears-Hanwha_Eagles,2024-09-03 18:30:00,2024,Doosan Bears,Hanwha Eagles,1.0,7.0,Final,한밭,-
20240903-Kiwoom_Heroes-NC_Dinos,2024-09-03 18:30:00,2024,Kiwoom Heroes,NC Dinos,5.0,11.0,Final,창원,-
20240903-LG_Twins-KIA_Tigers,2024-09-03 18:30:00,2024,LG Twins,KIA Tigers,5.0,7.0,Final,광주,-
20240903-Lotte_Giants-Samsung_Lions,2024-09-03 18:30:00,2024,Lotte Giants,Samsung Lions,1.0,5.0,Final,대구,-
20240904-Doosan_Bears-Samsung_Lions,2024-09-04 18:30:00,2024,Doosan Bears,Samsung Lions,3.0,7.0,Final,대구,-
20240904-Hanwha_Eagles-KIA_Tigers,2024-09-04 18:30:00,2024,Hanwha Eagles,KIA Tigers,5.0,4.0,Final,광주,-
20240904-KT_Wiz-Lotte_Giants,2024-09-04 18:30:00,2024,KT Wiz,Lotte Giants,5.0,7.0,Final,사직,-
20240904-Kiwoom_Heroes-NC_Dinos,2024-09-04 18:30:00,2024,Kiwoom Heroes,NC Dinos,6.0,13.0,Final,창원,-
20240904-SSG_Landers-LG_Twins,2024-09-04 18:30:00,2024,SSG Landers,LG Twins,0.0,5.0,Final,잠실,-
20240905-Hanwha_Eagles-KIA_Tigers,2024-09-05 18:30:00,2024,Hanwha Eagles,KIA Tigers,3.0,4.0,Final,광주,-
20240905-KT_Wiz-Lotte_Giants,2024-09-05 18:30:00,2024,KT Wiz,Lotte Giants,12.0,2.0,Final,사직,-
20240905-Kiwoom_Heroes-NC_Dinos,2024-09-05 18:30:00,2024,Kiwoom Heroes,NC Dinos,12.0,7.0,Final,창원,-
20240905-SSG_Landers-LG_Twins,2024-09-05 18:30:00,2024,SSG Landers,LG Twins,4.0,2.0,Final,잠실,-
20240906-Hanwha_Eagles-LG_Twins,2024-09-06 18:30:00,2024,Hanwha Eagles,LG Twins,3.0,1.0,Final,잠실,-
20240906-KT_Wiz-NC_Dinos,2024-09-06 18:30:00,2024,KT Wiz,NC Dinos,9.0,3.0,Final,창원,-
20240906-Kiwoom_Heroes-KIA_Tigers,2024-09-06 18:30:00,2024,Kiwoom Heroes,KIA Tigers,0.0,14.0,Final,광주,-
20240906-Samsung_Lions-Lotte_Giants,2024-09-06 18:30:00,2024,Samsung Lions,Lotte Giants,7.0,2.0,Final,사직,-
20240907-Hanwha_Eagles-LG_Twins,2024-09-07 14:00:00,2024,Hanwha Eagles,LG Twins,3.0,9.0,Final,잠실,-
20240907-Doosan_Bears-KT_Wiz,2024-09-07 17:00:00,2024,Doosan Bears,KT Wiz,12.0,2.0,Final,수원,-
20240907-Kiwoom_Heroes-KIA_Tigers,2024-09-07 17:00:00,2024,Kiwoom Heroes,KIA Tigers,2.0,6.0,Final,광주,-
20240907-NC_Dinos-Samsung_Lions,2024-09-07 17:00:00,2024,NC Dinos,Samsung Lions,9.0,1.0,Final,대구,-
20240907-SSG_Landers-Lotte_Giants,2024-09-07 17:00:00,2024,SSG Landers,Lotte Giants,1.0,1.0,Final,사직,-
20240908-Hanwha_Eagles-LG_Twins,2024-09-08 14:00:00,2024,Hanwha Eagles,LG Twins,3.0,14.0,Final,잠실,-
20240908-Kiwoom_Heroes-KIA_Tigers,2024-09-08 14:00:00,2024,Kiwoom Heroes,KIA Tigers,2.0,5.0,Final,광주,-
20240908-NC_Dinos-Samsung_Lions,2024-09-08 14:00:00,2024,NC Dinos,Samsung Lions,2.0,10.0,Final,대구,-
20240908-SSG_Landers-Lotte_Giants,2024-09-08 14:00:00,2024,SSG Landers,Lotte Giants,11.0,6.0,Final,사직,-
20240910-Doosan_Bears-Kiwoom_Heroes,2024-09-10 18:30:00,2024,Doosan Bears,Kiwoom Heroes,1.0,7.0,Final,고척,-
20240910-Hanwha_Eagles-SSG_Landers,2024-09-10 18:30:00,2024,Hanwha Eagles,SSG Landers,0.0,5.0,Final,문학,-
20240910-Lotte_Giants-LG_Twins,2024-09-10 18:30:00,2024,Lotte Giants,LG Twins,2.0,1.0,Final,잠실,-
20240910-NC_Dinos-KT_Wiz,2024-09-10 18:30:00,2024,NC Dinos,KT Wiz,8.0,11.0,Final,수원,-
20240911-Kiwoom_Heroes-LG_Twins,2024-09-11 18:30:00,2024,Kiwoom Heroes,LG Twins,9.0,5.0,Final,잠실,-
20240911-Lotte_Giants-SSG_Landers,2024-09-11 18:30:00,2024,Lotte Giants,SSG Landers,10.0,2.0,Final,문학,-
20240911-NC_Dinos-KT_Wiz,2024-09-11 18:30:00,2024,NC Dinos,KT Wiz,1.0,2.0,Final,수원,-
20240911-Samsung_Lions-Hanwha_Eagles,2024-09-11 18:30:00,2024,Samsung Lions,Hanwha Eagles,10.0,1.0,Final,한밭,-
20240912-Kiwoom_Heroes-LG_Twins,2024-09-12 18:30:00,2024,Kiwoom Heroes,LG Twins,,,Postponed,잠실,우천취소
20240912-Lotte_Giants-KIA_Tigers,2024-09-12 18:30:00,2024,Lotte Giants,KIA Tigers,0.0,10.0,Final,광주,-
20240912-NC_Dinos-KT_Wiz,2024-09-12 18:30:00,2024,NC Dinos,KT Wiz,4.0,10.0,Final,수원,-
20240912-Samsung_Lions-Hanwha_Eagles,2024-09-12 18:30:00,2024,Samsung Lions,Hanwha Eagles,7.0,1.0,Final,한밭,-
20240913-Hanwha_Eagles-Lotte_Giants,2024-09-13 18:30:00,2024,Hanwha Eagles,Lotte Giants,8.0,4.0,Final,사직,-
20240913-LG_Twins-SSG_Landers,2024-09-13 18:30:00,2024,LG Twins,SSG Landers,,,Postponed,문학,우천취소
20240913-NC_Dinos-Doosan_Bears,2024-09-13 18:30:00,2024,NC Dinos,Doosan Bears,,,Postponed,잠실,우천취소
20240914-Hanwha_Eagles-Lotte_Giants,2024-09-14 14:00:00,2024,Hanwha Eagles,Lotte Giants,9.0,12.0,Final,사직,-
20240914-Samsung_Lions-SSG_Landers,2024-09-14 14:00:00,2024,Samsung Lions,SSG Landers,9.0,11.0,Final,문학,-
20240914-KT_Wiz-Doosan_Bears,2024-09-14 17:00:00,2024,KT Wiz,Doosan Bears,1.0,2.0,Final,잠실,-
20240914-Kiwoom_Heroes-KIA_Tigers,2024-09-14 17:00:00,2024,Kiwoom Heroes,KIA Tigers,2.0,3.0,Final,광주,-
20240914-LG_Twins-NC_Dinos,2024-09-14 17:00:00,2024,LG Twins,NC Dinos,10.0,7.0,Final,창원,-
20240915-Hanwha_Eagles-Lotte_Giants,2024-09-15 14:00:00,2024,Hanwha Eagles,Lotte Giants,9.0,16.0,Final,사직,-
20240915-Kiwoom_Heroes-KIA_Tigers,2024-09-15 14:00:00,2024,Kiwoom Heroes,KIA Tigers,10.0,5.0,Final,광주,-
20240915-LG_Twins-NC_Dinos,2024-09-15 14:00:00,2024,LG Twins,NC Dinos,1.0,4.0,Final,창원,-
20240915-Samsung_Lions-SSG_Landers,2024-09-15 14:00:00,2024,Samsung Lions,SSG Landers,9.0,14.0,Final,문학,-
20240916-KIA_Tigers-KT_Wiz,2024-09-16 14:00:00,2024,KIA Tigers,KT Wiz,11.0,5.0,Final,수원,-
20240916-Kiwoom_Heroes-Doosan_Bears,2024-09-16 14:00:00,2024,Kiwoom Heroes,Doosan Bears,4.0,5.0,Final,잠실,-
20240917-Hanwha_Eagles-NC_Dinos,2024-09-17 14:00:00,2024,Hanwha Eagles,NC Dinos,4.0,1.0,Final,창원,-
20240917-KIA_Tigers-SSG_Landers,2024-09-17 14:00:00,2024,KIA Tigers,SSG Landers,0.0,2.0,Final,문학,-
20240917-KT_Wiz-Kiwoom_Heroes,2024-09-17 14:00:00,2024,KT Wiz,Kiwoom Heroes,4.0,2.0,Final,고척,-
20240917-LG_Twins-Lotte_Giants,2024-09-17 14:00:00,2024,LG Twins,Lotte Giants,3.0,7.0,Final,사직,-
20240917-Samsung_Lions-Doosan_Bears,2024-09-17 14:00:00,2024,Samsung Lions,Doosan Bears,4.0,8.0,Final,잠실,-
20240918-Hanwha_Eagles-NC_Dinos,2024-09-18 17:00:00,2024,Hanwha Eagles,NC Dinos,2.0,5.0,Final,창원,-
20240918-LG_Twins-Lotte_Giants,2024-09-18 17:00:00,2024,LG Twins,Lotte Giants,5.0,3.0,Final,사직,-
20240918-Samsung_Lions-KT_Wiz,2024-09-18 17:00:00,2024,Samsung Lions,KT Wiz,8.0,6.0,Final,수원,-
20240919-Hanwha_Eagles-NC_Dinos,2024-09-19 18:30:00,2024,Hanwha Eagles,NC Dinos,7.0,6.0,Final,창원,-
20240919-KIA_Tigers-Doosan_Bears,2024-09-19 18:30:00,2024,KIA Tigers,Doosan Bears,4.0,9.0,Final,잠실,-
20240919-Kiwoom_Heroes-SSG_Landers,2024-09-19 18:30:00,2024,Kiwoom Heroes,SSG Landers,6.0,8.0,Final,문학,-
20240919-LG_Twins-Lotte_Giants,2024-09-19 18:30:00,2024,LG Twins,Lotte Giants,7.0,4.0,Final,사직,-
20240919-Samsung_Lions-KT_Wiz,2024-09-19 18:30:00,2024,Samsung Lions,KT Wiz,5.0,12.0,Final,수원,-
20240920-Doosan_Bears-LG_Twins,2024-09-20 18:30:00,2024,Doosan Bears,LG Twins,,,Postponed,잠실,우천취소
20240920-Kiwoom_Heroes-SSG_Landers,2024-09-20 18:30:00,2024,Kiwoom Heroes,SSG Landers,,,Postponed,문학,우천취소
20240920-Lotte_Giants-NC_Dinos,2024-09-20 18:30:00,2024,Lotte Giants,NC Dinos,,,Postponed,창원,우천취소
20240921-Doosan_Bears-LG_Twins,2024-09-21 14:00:00,2024,Doosan Bears,LG Twins,14.0,7.0,Final,잠실,-
20240921-Doosan_Bears-LG_Twins-G2,2024-09-21 17:00:00,2024,Doosan Bears,LG Twins,0.0,2.0,Final,잠실,-
20240921-Kiwoom_Heroes-Samsung_Lions,2024-09-21 17:00:00,2024,Kiwoom Heroes,Samsung Lions,,,Postponed,대구,우천취소
20240921-Lotte_Giants-Hanwha_Eagles,2024-09-21 17:00:00,2024,Lotte Giants,Hanwha Eagles,,,Postponed,한밭,우천취소
20240921-NC_Dinos-KIA_Tigers,2024-09-21 17:00:00,2024,NC Dinos,KIA Tigers,,,Postponed,광주,우천취소
20240921-SSG_Landers-KT_Wiz,2024-09-21 17:00:00,2024,SSG Landers,KT Wiz,4.0,1.0,Final,수원,-
20240922-Doosan_Bears-LG_Twins,2024-09-22 14:00:00,2024,Doosan Bears,LG Twins,5.0,9.0,Final,잠실,-
20240922-Kiwoom_Heroes-Samsung_Lions,2024-09-22 14:00:00,2024,Kiwoom Heroes,Samsung Lions,8.0,9.0,Final,대구,-
20240922-Lotte_Giants-Hanwha_Eagles,2024-09-22 14:00:00,2024,Lotte Giants,Hanwha Eagles,4.0,8.0,Final,한밭,-
20240922-NC_Dinos-KIA_Tigers,2024-09-22 14:00:00,2024,NC Dinos,KIA Tigers,,,Postponed,광주,우천취소
20240922-SSG_Landers-KT_Wiz,2024-09-22 14:00:00,2024,SSG Landers,KT Wiz,6.0,2.0,Final,수원,-
20240923-Lotte_Giants-Hanwha_Eagles,2024-09-23 18:30:00,2024,Lotte Giants,Hanwha Eagles,3.0,2.0,Final,한밭,-
20240923-SSG_Landers-Doosan_Bears,2024-09-23 18:30:00,2024,SSG Landers,Doosan Bears,4.0,8.0,Final,잠실,-
20240923-Samsung_Lions-KIA_Tigers,2024-09-23 18:30:00,2024,Samsung Lions,KIA Tigers,3.0,5.0,Final,광주,-
20240924-Hanwha_Eagles-Kiwoom_Heroes,2024-09-24 18:30:00,2024,Hanwha Eagles,Kiwoom Heroes,4.0,5.0,Final,고척,-
20240924-LG_Twins-SSG_Landers,2024-09-24 18:30:00,2024,LG Twins,SSG Landers,14.0,5.0,Final,문학,-
20240924-Lotte_Giants-KT_Wiz,2024-09-24 18:30:00,2024,Lotte Giants,KT Wiz,1.0,5.0,Final,수원,-
20240924-NC_Dinos-Doosan_Bears,2024-09-24 18:30:00,2024,NC Dinos,Doosan Bears,5.0,10.0,Final,잠실,-
20240924-Samsung_Lions-KIA_Tigers,2024-09-24 18:30:00,2024,Samsung Lions,KIA Tigers,1.0,7.0,Final,광주,-
20240925-Hanwha_Eagles-LG_Twins,2024-09-25 18:30:00,2024,Hanwha Eagles,LG Twins,4.0,2.0,Final,잠실,-
20240925-Kiwoom_Heroes-Samsung_Lions,2024-09-25 18:30:00,2024,Kiwoom Heroes,Samsung Lions,3.0,6.0,Final,대구,-
20240925-Lotte_Giants-KIA_Tigers,2024-09-25 18:30:00,2024,Lotte Giants,KIA Tigers,5.0,2.0,Final,광주,-
20240925-SSG_Landers-NC_Dinos,2024-09-25 18:30:00,2024,SSG Landers,NC Dinos,8.0,2.0,Final,창원,-
20240926-Doosan_Bears-Lotte_Giants,2024-09-26 18:30:00,2024,Doosan Bears,Lotte Giants,4.0,3.0,Final,사직,-
20240926-Kiwoom_Heroes-LG_Twins,2024-09-26 18:30:00,2024,Kiwoom Heroes,LG Twins,3.0,6.0,Final,잠실,-
20240926-SSG_Landers-NC_Dinos,2024-09-26 18:30:00,2024,SSG Landers,NC Dinos,10.0,1.0,Final,창원,-
20240927-KIA_Tigers-Hanwha_Eagles,2024-09-27 18:30:00,2024,KIA Tigers,Hanwha Eagles,0.0,8.0,Final,한밭,-
20240927-Kiwoom_Heroes-KT_Wiz,2024-09-27 18:30:00,2024,Kiwoom Heroes,KT Wiz,7.0,8.0,Final,수원,-
20240927-NC_Dinos-Lotte_Giants,2024-09-27 18:30:00,2024,NC Dinos,Lotte Giants,6.0,13.0,Final,사직,-
20240928-Doosan_Bears-NC_Dinos,2024-09-28 17:00:00,2024,Doosan Bears,NC Dinos,4.0,3.0,Final,창원,-
20240928-KIA_Tigers-Lotte_Giants,2024-09-28 17:00:00,2024,KIA Tigers,Lotte Giants,12.0,8.0,Final,사직,-
20240928-Kiwoom_Heroes-KT_Wiz,2024-09-28 17:00:00,2024,Kiwoom Heroes,KT Wiz,7.0,10.0,Final,수원,-
20240928-LG_Twins-Samsung_Lions,2024-09-28 17:00:00,2024,LG Twins,Samsung Lions,11.0,4.0,Final,대구,-
20240928-SSG_Landers-Hanwha_Eagles,2024-09-28 17:00:00,2024,SSG Landers,Hanwha Eagles,6.0,2.0,Final,한밭,-
20240929-NC_Dinos-Hanwha_Eagles,2024-09-29 17:00:00,2024,NC Dinos,Hanwha Eagles,7.0,2.0,Final,한밭,-
20240930-Kiwoom_Heroes-SSG_Landers,2024-09-30 18:30:00,2024,Kiwoom Heroes,SSG Landers,2.0,7.0,Final,문학,-
20240930-NC_Dinos-KIA_Tigers,2024-09-30 18:30:00,2024,NC Dinos,KIA Tigers,5.0,10.0,Final,광주,-
20241001-Lotte_Giants-NC_Dinos,2024-10-01 17:00:00,2024,Lotte Giants,NC Dinos,5,1,Final,창원,-
20250322-Doosan_Bears-SSG_Landers,2025-03-22 14:00:00,2025,Doosan Bears,SSG Landers,5.0,6.0,Final,문학,-
20250322-Hanwha_Eagles-KT_Wiz,2025-03-22 14:00:00,2025,Hanwha Eagles,KT Wiz,4.0,3.0,Final,수원,-
20250322-Kiwoom_Heroes-Samsung_Lions,2025-03-22 14:00:00,2025,Kiwoom Heroes,Samsung Lions,5.0,13.0,Final,대구,-
20250322-Lotte_Giants-LG_Twins,2025-03-22 14:00:00,2025,Lotte Giants,LG Twins,2.0,12.0,Final,잠실,-
20250322-NC_Dinos-KIA_Tigers,2025-03-22 14:00:00,2025,NC Dinos,KIA Tigers,2.0,9.0,Final,광주,-
20250323-Doosan_Bears-SSG_Landers,2025-03-23 14:00:00,2025,Doosan Bears,SSG Landers,2.0,5.0,Final,문학,-
20250323-Hanwha_Eagles-KT_Wiz,2025-03-23 14:00:00,2025,Hanwha Eagles,KT Wiz,4.0,5.0,Final,수원,-
20250323-Kiwoom_Heroes-Samsung_Lions,2025-03-23 14:00:00,2025,Kiwoom Heroes,Samsung Lions,7.0,11.0,Final,대구,-
20250323-Lotte_Giants-LG_Twins,2025-03-23 14:00:00,2025,Lotte Giants,LG Twins,2.0,10.0,Final,잠실,-
20250323-NC_Dinos-KIA_Tigers,2025-03-23 14:00:00,2025,NC Dinos,KIA Tigers,5.0,4.0,Final,광주,-
20250325-Doosan_Bears-KT_Wiz,2025-03-25 18:30:00,2025,Doosan Bears,KT Wiz,3.0,8.0,Final,수원,-
20250325-Hanwha_Eagles-LG_Twins,2025-03-25 18:30:00,2025,Hanwha Eagles,LG Twins,0.0,5.0,Final,잠실,-
20250325-Kiwoom_Heroes-KIA_Tigers,2025-03-25 18:30:00,2025,Kiwoom Heroes,KIA Tigers,6.0,11.0,Final,광주,-
20250325-Lotte_Giants-SSG_Landers,2025-03-25 18:30:00,2025,Lotte Giants,SSG Landers,3.0,2.0,Final,문학,-
20250325-NC_Dinos-Samsung_Lions,2025-03-25 18:30:00,2025,NC Dinos,Samsung Lions,5.0,14.0,Final,대구,-
20250326-Doosan_Bears-KT_Wiz,2025-03-26 18:30:00,2025,Doosan Bears,KT Wiz,3.0,2.0,Final,수원,-
20250326-Hanwha_Eagles-LG_Twins,2025-03-26 18:30:00,2025,Hanwha Eagles,LG Twins,0.0,4.0,Final,잠실,-
20250326-Kiwoom_Heroes-KIA_Tigers,2025-03-26 18:30:00,2025,Kiwoom Heroes,KIA Tigers,17.0,10.0,Final,광주,-
20250326-Lotte_Giants-SSG_Landers,2025-03-26 18:30:00,2025,Lotte Giants,SSG Landers,1.0,3.0,Final,문학,-
20250326-NC_Dinos-Samsung_Lions,2025-03-26 18:30:00,2025,NC Dinos,Samsung Lions,8.0,6.0,Final,대구,-
20250327-Doosan_Bears-KT_Wiz,2025-03-27 18:30:00,2025,Doosan Bears,KT Wiz,3.0,4.0,Final,수원,-
20250327-Hanwha_Eagles-LG_Twins,2025-03-27 18:30:00,2025,Hanwha Eagles,LG Twins,1.0,2.0,Final,잠실,-
20250327-Kiwoom_Heroes-KIA_Tigers,2025-03-27 18:30:00,2025,Kiwoom Heroes,KIA Tigers,5.0,3.0,Final,광주,-
20250327-Lotte_Giants-SSG_Landers,2025-03-27 18:30:00,2025,Lotte Giants,SSG Landers,2.0,5.0,Final,문학,-
20250327-NC_Dinos-Samsung_Lions,2025-03-27 18:30:00,2025,NC Dinos,Samsung Lions,11.0,5.0,Final,대구,-
20250328-KIA_Tigers-Hanwha_Eagles,2025-03-28 18:30:00,2025,KIA Tigers,Hanwha Eagles,2.0,7.0,Final,대전,-
20250328-KT_Wiz-Lotte_Giants,2025-03-28 18:30:00,2025,KT Wiz,Lotte Giants,2.0,0.0,Final,사직,-
20250328-LG_Twins-NC_Dinos,2025-03-28 18:30:00,2025,LG Twins,NC Dinos,8.0,4.0,Final,창원,-
20250328-SSG_Landers-Kiwoom_Heroes,2025-03-28 18:30:00,2025,SSG Landers,Kiwoom Heroes,3.0,9.0,Final,고척,-
20250328-Samsung_Lions-Doosan_Bears,2025-03-28 18:30:00,2025,Samsung Lions,Doosan Bears,0.0,2.0,Final,잠실,-
20250329-KIA_Tigers-Hanwha_Eagles,2025-03-29 14:00:00,2025,KIA Tigers,Hanwha Eagles,4.0,5.0,Final,대전,-
20250329-SSG_Landers-Kiwoom_Heroes,2025-03-29 14:00:00,2025,SSG Landers,Kiwoom Heroes,1.0,3.0,Final,고척,-
20250329-KT_Wiz-Lotte_Giants,2025-03-29 17:00:00,2025,KT Wiz,Lotte Giants,1.0,3.0,Final,사직,-
20250329-LG_Twins-NC_Dinos,2025-03-29 17:00:00,2025,LG Twins,NC Dinos,14.0,4.0,Final,창원,-
20250329-Samsung_Lions-Doosan_Bears,2025-03-29 17:00:00,2025,Samsung Lions,Doosan Bears,13.0,2.0,Final,잠실,-
20250330-KIA_Tigers-Hanwha_Eagles,2025-03-30 14:00:00,2025,KIA Tigers,Hanwha Eagles,5.0,3.0,Final,대전,-
20250330-KT_Wiz-Lotte_Giants,2025-03-30 14:00:00,2025,KT Wiz,Lotte Giants,4.0,4.0,Final,사직,-
20250330-LG_Twins-NC_Dinos,2025-03-30 14:00:00,2025,LG Twins,NC Dinos,,,Postponed,창원,기타
20250330-SSG_Landers-Kiwoom_Heroes,2025-03-30 14:00:00,2025,SSG Landers,Kiwoom Heroes,8.0,2.0,Final,고척,-
20250330-Samsung_Lions-Doosan_Bears,2025-03-30 14:00:00,2025,Samsung Lions,Doosan Bears,3.0,2.0,Final,잠실,-
20250401-Kiwoom_Heroes-Doosan_Bears,2025-04-01 18:30:00,2025,Kiwoom Heroes,Doosan Bears,,,Postponed,잠실,기타
20250401-LG_Twins-KT_Wiz,2025-04-01 18:30:00,2025,LG Twins,KT Wiz,,,Postponed,수원,기타
20250401-Lotte_Giants-Hanwha_Eagles,2025-04-01 18:30:00,2025,Lotte Giants,Hanwha Eagles,,,Postponed,대전,기타
20250401-SSG_Landers-NC_Dinos,2025-04-01 18:30:00,2025,SSG Landers,NC Dinos,,,Postponed,창원,기타
20250401-Samsung_Lions-KIA_Tigers,2025-04-01 18:30:00,2025,Samsung Lions,KIA Tigers,,,Postponed,광주,기타
20250402-Kiwoom_Heroes-Doosan_Bears,2025-04-02 18:30:00,2025,Kiwoom Heroes,Doosan Bears,3.0,5.0,Final,잠실,-
20250402-LG_Twins-KT_Wiz,2025-04-02 18:30:00,2025,LG Twins,KT Wiz,5.0,9.0,Final,수원,-
20250402-Lotte_Giants-Hanwha_Eagles,2025-04-02 18:30:00,2025,Lotte Giants,Hanwha Eagles,6.0,2.0,Final,대전,-
20250402-SSG_Landers-NC_Dinos,2025-04-02 18:30:00,2025,SSG Landers,NC Dinos,,,Postponed,창원,기타
20250402-Samsung_Lions-KIA_Tigers,2025-04-02 18:30:00,2025,Samsung Lions,KIA Tigers,4.0,2.0,Final,광주,-
20250403-Kiwoom_Heroes-Doosan_Bears,2025-04-03 18:30:00,2025,Kiwoom Heroes,Doosan Bears,1.0,6.0,Final,잠실,-
20250403-LG_Twins-KT_Wiz,2025-04-03 18:30:00,2025,LG Twins,KT Wiz,5.0,1.0,Final,수원,-
20250403-Lotte_Giants-Hanwha_Eagles,2025-04-03 18:30:00,2025,Lotte Giants,Hanwha Eagles,4.0,2.0,Final,대전,-
20250403-SSG_Landers-NC_Dinos,2025-04-03 18:30:00,2025,SSG Landers,NC Dinos,,,Postponed,창원,기타
20250403-Samsung_Lions-KIA_Tigers,2025-04-03 18:30:00,2025,Samsung Lions,KIA Tigers,1.0,3.0,Final,광주,-
20250404-Doosan_Bears-Lotte_Giants,2025-04-04 18:30:00,2025,Doosan Bears,Lotte Giants,15.0,3.0,Final,사직,-
20250404-Hanwha_Eagles-Samsung_Lions,2025-04-04 18:30:00,2025,Hanwha Eagles,Samsung Lions,0.0,5.0,Final,대구,-
20250404-KIA_Tigers-LG_Twins,2025-04-04 18:30:00,2025,KIA Tigers,LG Twins,2.0,8.0,Final,잠실,-
20250404-KT_Wiz-SSG_Landers,2025-04-04 18:30:00,2025,KT Wiz,SSG Landers,2.0,3.0,Final,문학,-
20250404-NC_Dinos-Kiwoom_Heroes,2025-04-04 18:30:00,2025,NC Dinos,Kiwoom Heroes,1.0,5.0,Final,고척,-
20250405-Hanwha_Eagles-Samsung_Lions,2025-04-05 14:00:00,2025,Hanwha Eagles,Samsung Lions,7.0,6.0,Final,대구,-
20250405-KIA_Tigers-LG_Twins,2025-04-05 14:00:00,2025,KIA Tigers,LG Twins,,,Postponed,잠실,우천취소
20250405-Doosan_Bears-Lotte_Giants,2025-04-05 17:00:00,2025,Doosan Bears,Lotte Giants,1.0,6.0,Final,사직,-
20250405-KT_Wiz-SSG_Landers,2025-04-05 17:00:00,2025,KT Wiz,SSG Landers,,,Postponed,문학,우천취소
20250405-NC_Dinos-Kiwoom_Heroes,2025-04-05 17:00:00,2025,NC Dinos,Kiwoom Heroes,7.0,5.0,Final,고척,-
20250406-Doosan_Bears-Lotte_Giants,2025-04-06 14:00:00,2025,Doosan Bears,Lotte Giants,15.0,12.0,Final,사직,-
20250406-Hanwha_Eagles-Samsung_Lions,2025-04-06 14:00:00,2025,Hanwha Eagles,Samsung Lions,0.0,10.0,Final,대구,-
20250406-KIA_Tigers-LG_Twins,2025-04-06 14:00:00,2025,KIA Tigers,LG Twins,1.0,5.0,Final,잠실,-
20250406-KT_Wiz-SSG_Landers,2025-04-06 14:00:00,2025,KT Wiz,SSG Landers,0.0,1.0,Final,문학,-
20250406-NC_Dinos-Kiwoom_Heroes,2025-04-06 14:00:00,2025,NC Dinos,Kiwoom Heroes,8.0,2.0,Final,고척,-
20250408-Hanwha_Eagles-Doosan_Bears,2025-04-08 18:30:00,2025,Hanwha Eagles,Doosan Bears,5.0,6.0,Final,잠실,-
20250408-KIA_Tigers-Lotte_Giants,2025-04-08 18:30:00,2025,KIA Tigers,Lotte Giants,5.0,4.0,Final,사직,-
20250408-LG_Twins-Kiwoom_Heroes,2025-04-08 18:30:00,2025,LG Twins,Kiwoom Heroes,13.0,1.0,Final,고척,-
20250408-NC_Dinos-KT_Wiz,2025-04-08 18:30:00,2025,NC Dinos,KT Wiz,2.0,3.0,Final,수원,-
20250408-SSG_Landers-Samsung_Lions,2025-04-08 18:30:00,2025,SSG Landers,Samsung Lions,3.0,7.0,Final,대구,-
20250409-Hanwha_Eagles-Doosan_Bears,2025-04-09 18:30:00,2025,Hanwha Eagles,Doosan Bears,5.0,4.0,Final,잠실,-
20250409-KIA_Tigers-Lotte_Giants,2025-04-09 18:30:00,2025,KIA Tigers,Lotte Giants,3.0,1.0,Final,사직,-
20250409-LG_Twins-Kiwoom_Heroes,2025-04-09 18:30:00,2025,LG Twins,Kiwoom Heroes,0.0,4.0,Final,고척,-
20250409-NC_Dinos-KT_Wiz,2025-04-09 18:30:00,2025,NC Dinos,KT Wiz,1.0,4.0,Final,수원,-
20250409-SSG_Landers-Samsung_Lions,2025-04-09 18:30:00,2025,SSG Landers,Samsung Lions,3.0,1.0,Final,대구,-
20250410-Hanwha_Eagles-Doosan_Bears,2025-04-10 18:30:00,2025,Hanwha Eagles,Doosan Bears,7.0,2.0,Final,잠실,-
20250410-KIA_Tigers-Lotte_Giants,2025-04-10 18:30:00,2025,KIA Tigers,Lotte Giants,3.0,8.0,Final,사직,-
20250410-LG_Twins-Kiwoom_Heroes,2025-04-10 18:30:00,2025,LG Twins,Kiwoom Heroes,7.0,3.0,Final,고척,-
20250410-NC_Dinos-KT_Wiz,2025-04-10 18:30:00,2025,NC Dinos,KT Wiz,7.0,0.0,Final,수원,-
20250410-SSG_Landers-Samsung_Lions,2025-04-10 18:30:00,2025,SSG Landers,Samsung Lions,2.0,3.0,Final,대구,-
20250411-Doosan_Bears-LG_Twins,2025-04-11 18:30:00,2025,Doosan Bears,LG Twins,2.0,5.0,Final,잠실,-
20250411-Kiwoom_Heroes-Hanwha_Eagles,2025-04-11 18:30:00,2025,Kiwoom Heroes,Hanwha Eagles,2.0,12.0,Final,대전,-
20250411-Lotte_Giants-NC_Dinos,2025-04-11 18:30:00,2025,Lotte Giants,NC Dinos,7.0,5.0,Final,사직,-
20250411-SSG_Landers-KIA_Tigers,2025-04-11 18:30:00,2025,SSG Landers,KIA Tigers,9.0,3.0,Final,광주,-
20250411-Samsung_Lions-KT_Wiz,2025-04-11 18:30:00,2025,Samsung Lions,KT Wiz,3.0,5.0,Final,수원,-
20250412-Doosan_Bears-LG_Twins,2025-04-12 14:00:00,2025,Doosan Bears,LG Twins,0.0,4.0,Final,잠실,-
20250412-Samsung_Lions-KT_Wiz,2025-04-12 14:00:00,2025,Samsung Lions,KT Wiz,,,Postponed,수원,우천취소
20250412-Kiwoom_Heroes-Hanwha_Eagles,2025-04-12 17:00:00,2025,Kiwoom Heroes,Hanwha Eagles,6.0,2.0,Final,대전,-
20250412-Lotte_Giants-NC_Dinos,2025-04-12 17:00:00,2025,Lotte Giants,NC Dinos,2.0,0.0,Final,사직,-
20250412-SSG_Landers-KIA_Tigers,2025-04-12 17:00:00,2025,SSG Landers,KIA Tigers,,,Postponed,광주,우천취소
20250413-Doosan_Bears-LG_Twins,2025-04-13 14:00:00,2025,Doosan Bears,LG Twins,9.0,2.0,Final,잠실,-
20250413-Kiwoom_Heroes-Hanwha_Eagles,2025-04-13 14:00:00,2025,Kiwoom Heroes,Hanwha Eagles,1.0,7.0,Final,대전,-
20250413-Lotte_Giants-NC_Dinos,2025-04-13 14:00:00,2025,Lotte Giants,NC Dinos,6.0,9.0,Final,사직,-
20250413-SSG_Landers-KIA_Tigers,2025-04-13 14:00:00,2025,SSG Landers,KIA Tigers,5.0,11.0,Final,광주,-
20250413-Samsung_Lions-KT_Wiz,2025-04-13 14:00:00,2025,Samsung Lions,KT Wiz,5.0,6.0,Final,수원,-
20250415-Doosan_Bears-NC_Dinos,2025-04-15 18:30:00,2025,Doosan Bears,NC Dinos,,,Postponed,창원,기타
20250415-Hanwha_Eagles-SSG_Landers,2025-04-15 18:30:00,2025,Hanwha Eagles,SSG Landers,2.0,0.0,Final,문학,-
20250415-KT_Wiz-KIA_Tigers,2025-04-15 18:30:00,2025,KT Wiz,KIA Tigers,0.0,1.0,Final,광주,-
20250415-Kiwoom_Heroes-Lotte_Giants,2025-04-15 18:30:00,2025,Kiwoom Heroes,Lotte Giants,6.0,8.0,Final,사직,-
20250415-Samsung_Lions-LG_Twins,2025-04-15 18:30:00,2025,Samsung Lions,LG Twins,0.0,3.0,Final,잠실,-
20250416-Doosan_Bears-NC_Dinos,2025-04-16 18:30:00,2025,Doosan Bears,NC Dinos,,,Postponed,창원,기타
20250416-Hanwha_Eagles-SSG_Landers,2025-04-16 18:30:00,2025,Hanwha Eagles,SSG Landers,10.0,4.0,Final,문학,-
20250416-KT_Wiz-KIA_Tigers,2025-04-16 18:30:00,2025,KT Wiz,KIA Tigers,3.0,0.0,Final,광주,-
20250416-Kiwoom_Heroes-Lotte_Giants,2025-04-16 18:30:00,2025,Kiwoom Heroes,Lotte Giants,4.0,6.0,Final,사직,-
20250416-Samsung_Lions-LG_Twins,2025-04-16 18:30:00,2025,Samsung Lions,LG Twins,2.0,12.0,Final,잠실,-
20250417-Doosan_Bears-NC_Dinos,2025-04-17 18:30:00,2025,Doosan Bears,NC Dinos,,,Postponed,창원,기타
20250417-Hanwha_Eagles-SSG_Landers,2025-04-17 18:30:00,2025,Hanwha Eagles,SSG Landers,4.0,2.0,Final,문학,-
20250417-KT_Wiz-KIA_Tigers,2025-04-17 18:30:00,2025,KT Wiz,KIA Tigers,4.0,5.0,Final,광주,-
20250417-Kiwoom_Heroes-Lotte_Giants,2025-04-17 18:30:00,2025,Kiwoom Heroes,Lotte Giants,1.0,7.0,Final,사직,-
20250417-Samsung_Lions-LG_Twins,2025-04-17 18:30:00,2025,Samsung Lions,LG Twins,6.0,3.0,Final,잠실,-
20250418-KIA_Tigers-Doosan_Bears,2025-04-18 18:30:00,2025,KIA Tigers,Doosan Bears,1.0,7.0,Final,잠실,-
20250418-KT_Wiz-Kiwoom_Heroes,2025-04-18 18:30:00,2025,KT Wiz,Kiwoom Heroes,3.0,4.0,Final,고척,-
20250418-LG_Twins-SSG_Landers,2025-04-18 18:30:00,2025,LG Twins,SSG Landers,5.0,1.0,Final,문학,-
20250418-Lotte_Giants-Samsung_Lions,2025-04-18 18:30:00,2025,Lotte Giants,Samsung Lions,8.0,1.0,Final,대구,-
20250418-NC_Dinos-Hanwha_Eagles,2025-04-18 18:30:00,2025,NC Dinos,Hanwha Eagles,4.0,12.0,Final,대전,-
20250419-KIA_Tigers-Doosan_Bears,2025-04-19 14:00:00,2025,KIA Tigers,Doosan Bears,8.0,4.0,Final,잠실,-
20250419-LG_Twins-SSG_Landers,2025-04-19 14:00:00,2025,LG Twins,SSG Landers,11.0,4.0,Final,문학,-
20250419-KT_Wiz-Kiwoom_Heroes,2025-04-19 17:00:00,2025,KT Wiz,Kiwoom Heroes,11.0,1.0,Final,고척,-
20250419-Lotte_Giants-Samsung_Lions,2025-04-19 17:00:00,2025,Lotte Giants,Samsung Lions,3.0,10.0,Final,대구,-
20250419-NC_Dinos-Hanwha_Eagles,2025-04-19 17:00:00,2025,NC Dinos,Hanwha Eagles,2.0,7.0,Final,대전,-
20250420-KIA_Tigers-Doosan_Bears,2025-04-20 14:00:00,2025,KIA Tigers,Doosan Bears,6.0,2.0,Final,잠실,-
20250420-KT_Wiz-Kiwoom_Heroes,2025-04-20 14:00:00,2025,KT Wiz,Kiwoom Heroes,5.0,0.0,Final,고척,-
20250420-LG_Twins-SSG_Landers,2025-04-20 14:00:00,2025,LG Twins,SSG Landers,3.0,9.0,Final,문학,-
20250420-Lotte_Giants-Samsung_Lions,2025-04-20 14:00:00,2025,Lotte Giants,Samsung Lions,4.0,3.0,Final,대구,-
20250420-NC_Dinos-Hanwha_Eagles,2025-04-20 14:00:00,2025,NC Dinos,Hanwha Eagles,1.0,7.0,Final,대전,-
20250422-Doosan_Bears-Kiwoom_Heroes,2025-04-22 18:30:00,2025,Doosan Bears,Kiwoom Heroes,4.0,5.0,Final,고척,-
20250422-Hanwha_Eagles-Lotte_Giants,2025-04-22 18:30:00,2025,Hanwha Eagles,Lotte Giants,,,Postponed,사직,우천취소
20250422-KIA_Tigers-Samsung_Lions,2025-04-22 18:30:00,2025,KIA Tigers,Samsung Lions,,,Postponed,대구,우천취소
20250422-NC_Dinos-LG_Twins,2025-04-22 18:30:00,2025,NC Dinos,LG Twins,6.0,5.0,Final,잠실,-
20250422-SSG_Landers-KT_Wiz,2025-04-22 18:30:00,2025,SSG Landers,KT Wiz,3.0,9.0,Final,수원,-
20250423-Doosan_Bears-Kiwoom_Heroes,2025-04-23 18:30:00,2025,Doosan Bears,Kiwoom Heroes,8.0,2.0,Final,고척,-
20250423-Hanwha_Eagles-Lotte_Giants,2025-04-23 18:30:00,2025,Hanwha Eagles,Lotte Giants,6.0,4.0,Final,사직,-
20250423-KIA_Tigers-Samsung_Lions,2025-04-23 18:30:00,2025,KIA Tigers,Samsung Lions,2.0,7.0,Final,대구,-
20250423-NC_Dinos-LG_Twins,2025-04-23 18:30:00,2025,NC Dinos,LG Twins,0.0,3.0,Final,잠실,-
20250423-SSG_Landers-KT_Wiz,2025-04-23 18:30:00,2025,SSG Landers,KT Wiz,11.0,5.0,Final,수원,-
20250424-Doosan_Bears-Kiwoom_Heroes,2025-04-24 18:30:00,2025,Doosan Bears,Kiwoom Heroes,9.0,3.0,Final,고척,-
20250424-Hanwha_Eagles-Lotte_Giants,2025-04-24 18:30:00,2025,Hanwha Eagles,Lotte Giants,3.0,5.0,Final,사직,-
20250424-KIA_Tigers-Samsung_Lions,2025-04-24 18:30:00,2025,KIA Tigers,Samsung Lions,5.0,17.0,Final,대구,-
20250424-NC_Dinos-LG_Twins,2025-04-24 18:30:00,2025,NC Dinos,LG Twins,3.0,1.0,Final,잠실,-
20250424-SSG_Landers-KT_Wiz,2025-04-24 18:30:00,2025,SSG Landers,KT Wiz,6.0,5.0,Final,수원,-
20250425-KT_Wiz-Hanwha_Eagles,2025-04-25 18:30:00,2025,KT Wiz,Hanwha Eagles,2.0,1.0,Final,대전,-
20250425-Kiwoom_Heroes-SSG_Landers,2025-04-25 18:30:00,2025,Kiwoom Heroes,SSG Landers,3.0,4.0,Final,문학,-
20250425-LG_Twins-KIA_Tigers,2025-04-25 18:30:00,2025,LG Twins,KIA Tigers,6.0,5.0,Final,광주,-
20250425-Lotte_Giants-Doosan_Bears,2025-04-25 18:30:00,2025,Lotte Giants,Doosan Bears,8.0,2.0,Final,잠실,-
20250425-NC_Dinos-Samsung_Lions,2025-04-25 18:30:00,2025,NC Dinos,Samsung Lions,6.0,10.0,Final,대구,-
20250426-LG_Twins-KIA_Tigers,2025-04-26 14:00:00,2025,LG Twins,KIA Tigers,4.0,8.0,Final,광주,-
20250426-Lotte_Giants-Doosan_Bears,2025-04-26 14:00:00,2025,Lotte Giants,Doosan Bears,7.0,4.0,Final,잠실,-
20250426-KT_Wiz-Hanwha_Eagles,2025-04-26 17:00:00,2025,KT Wiz,Hanwha Eagles,1.0,2.0,Final,대전,-
20250426-Kiwoom_Heroes-SSG_Landers,2025-04-26 17:00:00,2025,Kiwoom Heroes,SSG Landers,2.0,1.0,Final,문학,-
20250426-NC_Dinos-Samsung_Lions,2025-04-26 17:00:00,2025,NC Dinos,Samsung Lions,1.0,9.0,Final,대구,-
20250427-KT_Wiz-Hanwha_Eagles,2025-04-27 14:00:00,2025,KT Wiz,Hanwha Eagles,3.0,4.0,Final,대전,-
20250427-Kiwoom_Heroes-SSG_Landers,2025-04-27 14:00:00,2025,Kiwoom Heroes,SSG Landers,7.0,3.0,Final,문학,-
20250427-LG_Twins-KIA_Tigers,2025-04-27 14:00:00,2025,LG Twins,KIA Tigers,2.0,3.0,Final,광주,-
20250427-Lotte_Giants-Doosan_Bears,2025-04-27 14:00:00,2025,Lotte Giants,Doosan Bears,4.0,13.0,Final,잠실,-
20250427-NC_Dinos-Samsung_Lions,2025-04-27 14:00:00,2025,NC Dinos,Samsung Lions,4.0,8.0,Final,대구,-
20250429-KT_Wiz-Doosan_Bears,2025-04-29 18:30:00,2025,KT Wiz,Doosan Bears,3.0,2.0,Final,잠실,-
20250429-LG_Twins-Hanwha_Eagles,2025-04-29 18:30:00,2025,LG Twins,Hanwha Eagles,2.0,3.0,Final,대전,-
20250429-Lotte_Giants-Kiwoom_Heroes,2025-04-29 18:30:00,2025,Lotte Giants,Kiwoom Heroes,9.0,3.0,Final,고척,-
20250429-NC_Dinos-KIA_Tigers,2025-04-29 18:30:00,2025,NC Dinos,KIA Tigers,3.0,13.0,Final,광주,-
20250429-Samsung_Lions-SSG_Landers,2025-04-29 18:30:00,2025,Samsung Lions,SSG Landers,3.0,1.0,Final,문학,-
20250430-KT_Wiz-Doosan_Bears,2025-04-30 18:30:00,2025,KT Wiz,Doosan Bears,8.0,3.0,Final,잠실,-
20250430-LG_Twins-Hanwha_Eagles,2025-04-30 18:30:00,2025,LG Twins,Hanwha Eagles,2.0,5.0,Final,대전,-
20250430-Lotte_Giants-Kiwoom_Heroes,2025-04-30 18:30:00,2025,Lotte Giants,Kiwoom Heroes,10.0,9.0,Final,고척,-
20250430-NC_Dinos-KIA_Tigers,2025-04-30 18:30:00,2025,NC Dinos,KIA Tigers,7.0,0.0,Final,광주,-
20250430-Samsung_Lions-SSG_Landers,2025-04-30 18:30:00,2025,Samsung Lions,SSG Landers,6.0,6.0,Final,문학,-
20250501-KT_Wiz-Doosan_Bears,2025-05-01 18:30:00,2025,KT Wiz,Doosan Bears,3.0,3.0,Final,잠실,-
20250501-LG_Twins-Hanwha_Eagles,2025-05-01 18:30:00,2025,LG Twins,Hanwha Eagles,,,Postponed,대전,우천취소
20250501-Lotte_Giants-Kiwoom_Heroes,2025-05-01 18:30:00,2025,Lotte Giants,Kiwoom Heroes,5.0,0.0,Final,고척,-
20250501-NC_Dinos-KIA_Tigers,2025-05-01 18:30:00,2025,NC Dinos,KIA Tigers,,,Postponed,광주,우천취소
20250501-Samsung_Lions-SSG_Landers,2025-05-01 18:30:00,2025,Samsung Lions,SSG Landers,1.0,4.0,Final,문학,-
20250502-Doosan_Bears-Samsung_Lions,2025-05-02 18:30:00,2025,Doosan Bears,Samsung Lions,2.0,6.0,Final,대구,-
20250502-Hanwha_Eagles-KIA_Tigers,2025-05-02 18:30:00,2025,Hanwha Eagles,KIA Tigers,3.0,2.0,Final,광주,-
20250502-Kiwoom_Heroes-KT_Wiz,2025-05-02 18:30:00,2025,Kiwoom Heroes,KT Wiz,5.0,3.0,Final,수원,-
20250502-NC_Dinos-Lotte_Giants,2025-05-02 18:30:00,2025,NC Dinos,Lotte Giants,3.0,4.0,Final,사직,-
20250502-SSG_Landers-LG_Twins,2025-05-02 18:30:00,2025,SSG Landers,LG Twins,2.0,1.0,Final,잠실,-
20250503-Hanwha_Eagles-KIA_Tigers,2025-05-03 14:00:00,2025,Hanwha Eagles,KIA Tigers,,,Postponed,광주,우천취소
20250503-Doosan_Bears-Samsung_Lions,2025-05-03 17:00:00,2025,Doosan Bears,Samsung Lions,6.0,1.0,Final,대구,-
20250503-Kiwoom_Heroes-KT_Wiz,2025-05-03 17:00:00,2025,Kiwoom Heroes,KT Wiz,0.0,9.0,Final,수원,-
20250503-NC_Dinos-Lotte_Giants,2025-05-03 17:00:00,2025,NC Dinos,Lotte Giants,13.0,4.0,Final,사직,-
20250503-SSG_Landers-LG_Twins,2025-05-03 17:00:00,2025,SSG Landers,LG Twins,1.0,4.0,Final,잠실,-
20250504-Doosan_Bears-Samsung_Lions,2025-05-04 14:00:00,2025,Doosan Bears,Samsung Lions,11.0,6.0,Final,대구,-
20250504-Hanwha_Eagles-KIA_Tigers,2025-05-04 14:00:00,2025,Hanwha Eagles,KIA Tigers,3.0,1.0,Final,광주,-
20250504-Kiwoom_Heroes-KT_Wiz,2025-05-04 14:00:00,2025,Kiwoom Heroes,KT Wiz,4.0,5.0,Final,수원,-
20250504-NC_Dinos-Lotte_Giants,2025-05-04 14:00:00,2025,NC Dinos,Lotte Giants,9.0,6.0,Final,사직,-
20250504-SSG_Landers-LG_Twins,2025-05-04 14:00:00,2025,SSG Landers,LG Twins,4.0,12.0,Final,잠실,-
20250505-KIA_Tigers-Kiwoom_Heroes,2025-05-05 14:00:00,2025,KIA Tigers,Kiwoom Heroes,13.0,1.0,Final,고척,-
20250505-LG_Twins-Doosan_Bears,2025-05-05 14:00:00,2025,LG Twins,Doosan Bears,2.0,5.0,Final,잠실,-
20250505-NC_Dinos-KT_Wiz,2025-05-05 14:00:00,2025,NC Dinos,KT Wiz,6.0,2.0,Final,수원,-
20250505-SSG_Landers-Lotte_Giants,2025-05-05 14:00:00,2025,SSG Landers,Lotte Giants,7.0,1.0,Final,사직,-
20250505-Samsung_Lions-Hanwha_Eagles,2025-05-05 14:00:00,2025,Samsung Lions,Hanwha Eagles,1.0,3.0,Final,대전,-
20250506-KIA_Tigers-Kiwoom_Heroes,2025-05-06 14:00:00,2025,KIA Tigers,Kiwoom Heroes,5.0,3.0,Final,고척,-
20250506-LG_Twins-Doosan_Bears,2025-05-06 14:00:00,2025,LG Twins,Doosan Bears,5.0,1.0,Final,잠실,-
20250506-NC_Dinos-KT_Wiz,2025-05-06 14:00:00,2025,NC Dinos,KT Wiz,6.0,3.0,Final,수원,-
20250506-SSG_Landers-Lotte_Giants,2025-05-06 14:00:00,2025,SSG Landers,Lotte Giants,0.0,6.0,Final,사직,-
20250506-Samsung_Lions-Hanwha_Eagles,2025-05-06 14:00:00,2025,Samsung Lions,Hanwha Eagles,1.0,3.0,Final,대전,-
20250507-KIA_Tigers-Kiwoom_Heroes,2025-05-07 18:30:00,2025,KIA Tigers,Kiwoom Heroes,10.0,11.0,Final,고척,-
20250507-LG_Twins-Doosan_Bears,2025-05-07 18:30:00,2025,LG Twins,Doosan Bears,2.0,5.0,Final,잠실,-
20250507-NC_Dinos-KT_Wiz,2025-05-07 18:30:00,2025,NC Dinos,KT Wiz,12.0,2.0,Final,수원,-
20250507-SSG_Landers-Lotte_Giants,2025-05-07 18:30:00,2025,SSG Landers,Lotte Giants,2.0,6.0,Final,사직,-
20250507-Samsung_Lions-Hanwha_Eagles,2025-05-07 18:30:00,2025,Samsung Lions,Hanwha Eagles,6.0,10.0,Final,대전,-
20250509-Hanwha_Eagles-Kiwoom_Heroes,2025-05-09 18:30:00,2025,Hanwha Eagles,Kiwoom Heroes,7.0,5.0,Final,고척,-
20250509-KIA_Tigers-SSG_Landers,2025-05-09 18:30:00,2025,KIA Tigers,SSG Landers,,,Postponed,문학,우천취소
20250509-LG_Twins-Samsung_Lions,2025-05-09 18:30:00,2025,LG Twins,Samsung Lions,,,Postponed,대구,우천취소
20250509-Lotte_Giants-KT_Wiz,2025-05-09 18:30:00,2025,Lotte Giants,KT Wiz,,,Postponed,수원,우천취소
20250509-NC_Dinos-Doosan_Bears,2025-05-09 18:30:00,2025,NC Dinos,Doosan Bears,,,Postponed,잠실,우천취소
20250510-Hanwha_Eagles-Kiwoom_Heroes,2025-05-10 14:00:00,2025,Hanwha Eagles,Kiwoom Heroes,9.0,1.0,Final,고척,-
20250510-KIA_Tigers-SSG_Landers,2025-05-10 14:00:00,2025,KIA Tigers,SSG Landers,,,Postponed,문학,우천취소
20250510-LG_Twins-Samsung_Lions,2025-05-10 14:00:00,2025,LG Twins,Samsung Lions,5.0,4.0,Final,대구,-
20250510-Lotte_Giants-KT_Wiz,2025-05-10 14:00:00,2025,Lotte Giants,KT Wiz,,,Postponed,수원,우천취소
20250510-NC_Dinos-Doosan_Bears,2025-05-10 14:00:00,2025,NC Dinos,Doosan Bears,,,Postponed,잠실,우천취소
20250510-KIA_Tigers-SSG_Landers-G2,2025-05-10 17:00:00,2025,KIA Tigers,SSG Landers,5.0,4.0,Final,문학,-
20250510-LG_Twins-Samsung_Lions-G2,2025-05-10 17:00:00,2025,LG Twins,Samsung Lions,4.0,1.0,Final,대구,-
20250510-Lotte_Giants-KT_Wiz-G2,2025-05-10 17:00:00,2025,Lotte Giants,KT Wiz,8.0,5.0,Final,수원,-
20250510-NC_Dinos-Doosan_Bears-G2,2025-05-10 17:00:00,2025,NC Dinos,Doosan Bears,6.0,6.0,Final,잠실,-
20250511-Hanwha_Eagles-Kiwoom_Heroes,2025-05-11 14:00:00,2025,Hanwha Eagles,Kiwoom Heroes,8.0,0.0,Final,고척,-
20250511-KIA_Tigers-SSG_Landers,2025-05-11 14:00:00,2025,KIA Tigers,SSG Landers,4.0,8.0,Final,문학,-
20250511-LG_Twins-Samsung_Lions,2025-05-11 14:00:00,2025,LG Twins,Samsung Lions,7.0,4.0,Final,대구,-
20250511-Lotte_Giants-KT_Wiz,2025-05-11 14:00:00,2025,Lotte Giants,KT Wiz,6.0,1.0,Final,수원,-
20250511-NC_Dinos-Doosan_Bears,2025-05-11 14:00:00,2025,NC Dinos,Doosan Bears,11.0,5.0,Final,잠실,-
20250511-KIA_Tigers-SSG_Landers-G2,2025-05-11 17:00:00,2025,KIA Tigers,SSG Landers,1.0,5.0,Final,문학,-
20250511-Lotte_Giants-KT_Wiz-G2,2025-05-11 17:00:00,2025,Lotte Giants,KT Wiz,1.0,1.0,Final,수원,-
20250511-NC_Dinos-Doosan_Bears-G2,2025-05-11 17:00:00,2025,NC Dinos,Doosan Bears,5.0,2.0,Final,잠실,-
20250513-Doosan_Bears-Hanwha_Eagles,2025-05-13 18:30:00,2025,Doosan Bears,Hanwha Eagles,4.0,3.0,Final,대전,-
20250513-KT_Wiz-Samsung_Lions,2025-05-13 18:30:00,2025,KT Wiz,Samsung Lions,3.0,5.0,Final,포항,-
20250513-Kiwoom_Heroes-LG_Twins,2025-05-13 18:30:00,2025,Kiwoom Heroes,LG Twins,6.0,9.0,Final,잠실,-
20250513-Lotte_Giants-KIA_Tigers,2025-05-13 18:30:00,2025,Lotte Giants,KIA Tigers,1.0,4.0,Final,광주,-
20250513-NC_Dinos-SSG_Landers,2025-05-13 18:30:00,2025,NC Dinos,SSG Landers,3.0,6.0,Final,문학,-
20250514-Doosan_Bears-Hanwha_Eagles,2025-05-14 18:30:00,2025,Doosan Bears,Hanwha Eagles,7.0,1.0,Final,대전,-
20250514-KT_Wiz-Samsung_Lions,2025-05-14 18:30:00,2025,KT Wiz,Samsung Lions,3.0,2.0,Final,포항,-
20250514-Kiwoom_Heroes-LG_Twins,2025-05-14 18:30:00,2025,Kiwoom Heroes,LG Twins,0.0,12.0,Final,잠실,-
20250514-Lotte_Giants-KIA_Tigers,2025-05-14 18:30:00,2025,Lotte Giants,KIA Tigers,4.0,0.0,Final,광주,-
20250514-NC_Dinos-SSG_Landers,2025-05-14 18:30:00,2025,NC Dinos,SSG Landers,6.0,3.0,Final,문학,-
20250515-Doosan_Bears-Hanwha_Eagles,2025-05-15 18:30:00,2025,Doosan Bears,Hanwha Eagles,8.0,2.0,Final,대전,-
20250515-KT_Wiz-Samsung_Lions,2025-05-15 18:30:00,2025,KT Wiz,Samsung Lions,0.0,13.0,Final,포항,-
20250515-Kiwoom_Heroes-LG_Twins,2025-05-15 18:30:00,2025,Kiwoom Heroes,LG Twins,2.0,6.0,Final,잠실,-
20250515-Lotte_Giants-KIA_Tigers,2025-05-15 18:30:00,2025,Lotte Giants,KIA Tigers,6.0,7.0,Final,광주,-
20250515-NC_Dinos-SSG_Landers,2025-05-15 18:30:00,2025,NC Dinos,SSG Landers,0.0,4.0,Final,문학,-
20250516-Doosan_Bears-KIA_Tigers,2025-05-16 18:30:00,2025,Doosan Bears,KIA Tigers,,,Postponed,광주,우천취소
20250516-KT_Wiz-LG_Twins,2025-05-16 18:30:00,2025,KT Wiz,LG Twins,,,Postponed,잠실,우천취소
20250516-Kiwoom_Heroes-NC_Dinos,2025-05-16 18:30:00,2025,Kiwoom Heroes,NC Dinos,,,Postponed,울산,우천취소
20250516-SSG_Landers-Hanwha_Eagles,2025-05-16 18:30:00,2025,SSG Landers,Hanwha Eagles,,,Postponed,대전,우천취소
20250516-Samsung_Lions-Lotte_Giants,2025-05-16 18:30:00,2025,Samsung Lions,Lotte Giants,,,Postponed,사직,우천취소
20250517-Doosan_Bears-KIA_Tigers,2025-05-17 14:00:00,2025,Doosan Bears,KIA Tigers,2.0,5.0,Final,광주,-
20250517-KT_Wiz-LG_Twins,2025-05-17 14:00:00,2025,KT Wiz,LG Twins,12.0,4.0,Final,잠실,-
20250517-Kiwoom_Heroes-NC_Dinos,2025-05-17 14:00:00,2025,Kiwoom Heroes,NC Dinos,2.0,3.0,Final,울산,-
20250517-SSG_Landers-Hanwha_Eagles,2025-05-17 14:00:00,2025,SSG Landers,Hanwha Eagles,0.0,1.0,Final,대전,-
20250517-Samsung_Lions-Lotte_Giants,2025-05-17 14:00:00,2025,Samsung Lions,Lotte Giants,5.0,7.0,Final,사직,-
20250517-Doosan_Bears-KIA_Tigers-G2,2025-05-17 17:00:00,2025,Doosan Bears,KIA Tigers,1.0,4.0,Final,광주,-
20250517-KT_Wiz-LG_Twins-G2,2025-05-17 17:00:00,2025,KT Wiz,LG Twins,7.0,6.0,Final,잠실,-
20250517-Kiwoom_Heroes-NC_Dinos-G2,2025-05-17 17:00:00,2025,Kiwoom Heroes,NC Dinos,3.0,2.0,Final,울산,-
20250517-SSG_Landers-Hanwha_Eagles-G2,2025-05-17 17:00:00,2025,SSG Landers,Hanwha Eagles,5.0,2.0,Final,대전,-
20250517-Samsung_Lions-Lotte_Giants-G2,2025-05-17 17:00:00,2025,Samsung Lions,Lotte Giants,7.0,8.0,Final,사직,-
20250518-Doosan_Bears-KIA_Tigers,2025-05-18 14:00:00,2025,Doosan Bears,KIA Tigers,4.0,5.0,Final,광주,-
20250518-KT_Wiz-LG_Twins,2025-05-18 14:00:00,2025,KT Wiz,LG Twins,1.0,5.0,Final,잠실,-
20250518-Kiwoom_Heroes-NC_Dinos,2025-05-18 14:00:00,2025,Kiwoom Heroes,NC Dinos,0.0,5.0,Final,울산,-
20250518-SSG_Landers-Hanwha_Eagles,2025-05-18 14:00:00,2025,SSG Landers,Hanwha Eagles,7.0,3.0,Final,대전,-
20250518-Samsung_Lions-Lotte_Giants,2025-05-18 14:00:00,2025,Samsung Lions,Lotte Giants,3.0,6.0,Final,사직,-
20250520-Hanwha_Eagles-NC_Dinos,2025-05-20 18:30:00,2025,Hanwha Eagles,NC Dinos,4.0,1.0,Final,울산,-
20250520-KIA_Tigers-KT_Wiz,2025-05-20 18:30:00,2025,KIA Tigers,KT Wiz,3.0,5.0,Final,수원,-
20250520-LG_Twins-Lotte_Giants,2025-05-20 18:30:00,2025,LG Twins,Lotte Giants,17.0,9.0,Final,사직,-
20250520-SSG_Landers-Doosan_Bears,2025-05-20 18:30:00,2025,SSG Landers,Doosan Bears,5.0,3.0,Final,잠실,-
20250520-Samsung_Lions-Kiwoom_Heroes,2025-05-20 18:30:00,2025,Samsung Lions,Kiwoom Heroes,6.0,3.0,Final,고척,-
20250521-Hanwha_Eagles-NC_Dinos,2025-05-21 18:30:00,2025,Hanwha Eagles,NC Dinos,2.0,5.0,Final,울산,-
20250521-KIA_Tigers-KT_Wiz,2025-05-21 18:30:00,2025,KIA Tigers,KT Wiz,1.0,3.0,Final,수원,-
20250521-LG_Twins-Lotte_Giants,2025-05-21 18:30:00,2025,LG Twins,Lotte Giants,7.0,7.0,Final,사직,-
20250521-SSG_Landers-Doosan_Bears,2025-05-21 18:30:00,2025,SSG Landers,Doosan Bears,9.0,1.0,Final,잠실,-
20250521-Samsung_Lions-Kiwoom_Heroes,2025-05-21 18:30:00,2025,Samsung Lions,Kiwoom Heroes,6.0,1.0,Final,고척,-
20250522-Hanwha_Eagles-NC_Dinos,2025-05-22 18:30:00,2025,Hanwha Eagles,NC Dinos,3.0,4.0,Final,울산,-
20250522-KIA_Tigers-KT_Wiz,2025-05-22 18:30:00,2025,KIA Tigers,KT Wiz,8.0,3.0,Final,수원,-
20250522-LG_Twins-Lotte_Giants,2025-05-22 18:30:00,2025,LG Twins,Lotte Giants,4.0,11.0,Final,사직,-
20250522-SSG_Landers-Doosan_Bears,2025-05-22 18:30:00,2025,SSG Landers,Doosan Bears,5.0,6.0,Final,잠실,-
20250522-Samsung_Lions-Kiwoom_Heroes,2025-05-22 18:30:00,2025,Samsung Lions,Kiwoom Heroes,2.0,0.0,Final,고척,-
20250523-KIA_Tigers-Samsung_Lions,2025-05-23 18:30:00,2025,KIA Tigers,Samsung Lions,7.0,6.0,Final,대구,-
20250523-KT_Wiz-Kiwoom_Heroes,2025-05-23 18:30:00,2025,KT Wiz,Kiwoom Heroes,7.0,5.0,Final,고척,-
20250523-LG_Twins-SSG_Landers,2025-05-23 18:30:00,2025,LG Twins,SSG Landers,3.0,2.0,Final,문학,-
20250523-Lotte_Giants-Hanwha_Eagles,2025-05-23 18:30:00,2025,Lotte Giants,Hanwha Eagles,2.0,4.0,Final,대전,-
20250523-NC_Dinos-Doosan_Bears,2025-05-23 18:30:00,2025,NC Dinos,Doosan Bears,1.0,1.0,Final,잠실,-
20250524-KT_Wiz-Kiwoom_Heroes,2025-05-24 14:00:00,2025,KT Wiz,Kiwoom Heroes,10.0,4.0,Final,고척,-
20250524-Lotte_Giants-Hanwha_Eagles,2025-05-24 14:00:00,2025,Lotte Giants,Hanwha Eagles,8.0,6.0,Final,대전,-
20250524-KIA_Tigers-Samsung_Lions,2025-05-24 17:00:00,2025,KIA Tigers,Samsung Lions,4.0,8.0,Final,대구,-
20250524-LG_Twins-SSG_Landers,2025-05-24 17:00:00,2025,LG Twins,SSG Landers,4.0,5.0,Final,문학,-
20250524-NC_Dinos-Doosan_Bears,2025-05-24 17:00:00,2025,NC Dinos,Doosan Bears,5.0,1.0,Final,잠실,-
20250525-KIA_Tigers-Samsung_Lions,2025-05-25 14:00:00,2025,KIA Tigers,Samsung Lions,2.0,3.0,Final,대구,-
20250525-KT_Wiz-Kiwoom_Heroes,2025-05-25 14:00:00,2025,KT Wiz,Kiwoom Heroes,2.0,0.0,Final,고척,-
20250525-LG_Twins-SSG_Landers,2025-05-25 14:00:00,2025,LG Twins,SSG Landers,9.0,3.0,Final,문학,-
20250525-Lotte_Giants-Hanwha_Eagles,2025-05-25 14:00:00,2025,Lotte Giants,Hanwha Eagles,7.0,8.0,Final,대전,-
20250525-NC_Dinos-Doosan_Bears,2025-05-25 14:00:00,2025,NC Dinos,Doosan Bears,3.0,5.0,Final,잠실,-
20250527-Doosan_Bears-KT_Wiz,2025-05-27 18:30:00,2025,Doosan Bears,KT Wiz,1.0,2.0,Final,수원,-
20250527-Hanwha_Eagles-LG_Twins,2025-05-27 18:30:00,2025,Hanwha Eagles,LG Twins,1.0,2.0,Final,잠실,-
20250527-Kiwoom_Heroes-KIA_Tigers,2025-05-27 18:30:00,2025,Kiwoom Heroes,KIA Tigers,5.0,7.0,Final,광주,-
20250527-Lotte_Giants-Samsung_Lions,2025-05-27 18:30:00,2025,Lotte Giants,Samsung Lions,3.0,7.0,Final,대구,-
20250527-NC_Dinos-SSG_Landers,2025-05-27 18:30:00,2025,NC Dinos,SSG Landers,1.0,1.0,Final,문학,-
20250528-Doosan_Bears-KT_Wiz,2025-05-28 18:30:00,2025,Doosan Bears,KT Wiz,12.0,3.0,Final,수원,-
20250528-Hanwha_Eagles-LG_Twins,2025-05-28 18:30:00,2025,Hanwha Eagles,LG Twins,6.0,5.0,Final,잠실,-
20250528-Kiwoom_Heroes-KIA_Tigers,2025-05-28 18:30:00,2025,Kiwoom Heroes,KIA Tigers,7.0,13.0,Final,광주,-
20250528-Lotte_Giants-Samsung_Lions,2025-05-28 18:30:00,2025,Lotte Giants,Samsung Lions,,,Postponed,대구,우천취소
20250528-NC_Dinos-SSG_Landers,2025-05-28 18:30:00,2025,NC Dinos,SSG Landers,5.0,13.0,Final,문학,-
20250529-Doosan_Bears-KT_Wiz,2025-05-29 18:30:00,2025,Doosan Bears,KT Wiz,2.0,12.0,Final,수원,-
20250529-Hanwha_Eagles-LG_Twins,2025-05-29 18:30:00,2025,Hanwha Eagles,LG Twins,1.0,3.0,Final,잠실,-
20250529-Kiwoom_Heroes-KIA_Tigers,2025-05-29 18:30:00,2025,Kiwoom Heroes,KIA Tigers,3.0,3.0,Final,광주,-
20250529-Lotte_Giants-Samsung_Lions,2025-05-29 18:30:00,2025,Lotte Giants,Samsung Lions,3.0,9.0,Final,대구,-
20250529-NC_Dinos-SSG_Landers,2025-05-29 18:30:00,2025,NC Dinos,SSG Landers,5.0,6.0,Final,문학,-
20250530-Doosan_Bears-Kiwoom_Heroes,2025-05-30 18:30:00,2025,Doosan Bears,Kiwoom Heroes,9.0,4.0,Final,고척,-
20250530-Hanwha_Eagles-NC_Dinos,2025-05-30 18:30:00,2025,Hanwha Eagles,NC Dinos,7.0,1.0,Final,창원,-
20250530-KIA_Tigers-KT_Wiz,2025-05-30 18:30:00,2025,KIA Tigers,KT Wiz,1.0,3.0,Final,수원,-
20250530-SSG_Landers-Lotte_Giants,2025-05-30 18:30:00,2025,SSG Landers,Lotte Giants,5.0,6.0,Final,사직,-
20250530-Samsung_Lions-LG_Twins,2025-05-30 18:30:00,2025,Samsung Lions,LG Twins,4.0,3.0,Final,잠실,-
20250531-Hanwha_Eagles-NC_Dinos,2025-05-31 14:00:00,2025,Hanwha Eagles,NC Dinos,9.0,6.0,Final,창원,-
20250531-KIA_Tigers-KT_Wiz,2025-05-31 14:00:00,2025,KIA Tigers,KT Wiz,1.0,5.0,Final,수원,-
20250531-Doosan_Bears-Kiwoom_Heroes,2025-05-31 17:00:00,2025,Doosan Bears,Kiwoom Heroes,0.0,1.0,Final,고척,-
20250531-SSG_Landers-Lotte_Giants,2025-05-31 17:00:00,2025,SSG Landers,Lotte Giants,4.0,1.0,Final,사직,-
20250531-Samsung_Lions-LG_Twins,2025-05-31 17:00:00,2025,Samsung Lions,LG Twins,4.0,2.0,Final,잠실,-
20250601-Doosan_Bears-Kiwoom_Heroes,2025-06-01 14:00:00,2025,Doosan Bears,Kiwoom Heroes,0.0,1.0,Final,고척,-
20250601-Hanwha_Eagles-NC_Dinos,2025-06-01 17:00:00,2025,Hanwha Eagles,NC Dinos,5.0,16.0,Final,창원,-
20250601-KIA_Tigers-KT_Wiz,2025-06-01 17:00:00,2025,KIA Tigers,KT Wiz,5.0,3.0,Final,수원,-
20250601-SSG_Landers-Lotte_Giants,2025-06-01 17:00:00,2025,SSG Landers,Lotte Giants,4.0,3.0,Final,사직,-
20250601-Samsung_Lions-LG_Twins,2025-06-01 17:00:00,2025,Samsung Lions,LG Twins,6.0,4.0,Final,잠실,-
20250603-KT_Wiz-Hanwha_Eagles,2025-06-03 14:00:00,2025,KT Wiz,Hanwha Eagles,1.0,10.0,Final,대전,-
20250603-LG_Twins-NC_Dinos,2025-06-03 14:00:00,2025,LG Twins,NC Dinos,15.0,0.0,Final,창원,-
20250603-KIA_Tigers-Doosan_Bears,2025-06-03 17:00:00,2025,KIA Tigers,Doosan Bears,11.0,3.0,Final,잠실,-
20250603-Kiwoom_Heroes-Lotte_Giants,2025-06-03 17:00:00,2025,Kiwoom Heroes,Lotte Giants,0.0,8.0,Final,사직,-
20250603-Samsung_Lions-SSG_Landers,2025-06-03 17:00:00,2025,Samsung Lions,SSG Landers,4.0,6.0,Final,문학,-
20250604-KIA_Tigers-Doosan_Bears,2025-06-04 18:30:00,2025,KIA Tigers,Doosan Bears,8.0,3.0,Final,잠실,-
20250604-KT_Wiz-Hanwha_Eagles,2025-06-04 18:30:00,2025,KT Wiz,Hanwha Eagles,3.0,4.0,Final,대전,-
20250604-Kiwoom_Heroes-Lotte_Giants,2025-06-04 18:30:00,2025,Kiwoom Heroes,Lotte Giants,9.0,6.0,Final,사직,-
20250604-LG_Twins-NC_Dinos,2025-06-04 18:30:00,2025,LG Twins,NC Dinos,5.0,6.0,Final,창원,-
20250604-Samsung_Lions-SSG_Landers,2025-06-04 18:30:00,2025,Samsung Lions,SSG Landers,1.0,4.0,Final,문학,-
20250605-KIA_Tigers-Doosan_Bears,2025-06-05 18:30:00,2025,KIA Tigers,Doosan Bears,1.0,2.0,Final,잠실,-
20250605-KT_Wiz-Hanwha_Eagles,2025-06-05 18:30:00,2025,KT Wiz,Hanwha Eagles,7.0,0.0,Final,대전,-
20250605-Kiwoom_Heroes-Lotte_Giants,2025-06-05 18:30:00,2025,Kiwoom Heroes,Lotte Giants,10.0,5.0,Final,사직,-
20250605-LG_Twins-NC_Dinos,2025-06-05 18:30:00,2025,LG Twins,NC Dinos,3.0,1.0,Final,창원,-
20250605-Samsung_Lions-SSG_Landers,2025-06-05 18:30:00,2025,Samsung Lions,SSG Landers,3.0,1.0,Final,문학,-
20250606-Hanwha_Eagles-KIA_Tigers,2025-06-06 17:00:00,2025,Hanwha Eagles,KIA Tigers,2.0,3.0,Final,광주,-
20250606-LG_Twins-Kiwoom_Heroes,2025-06-06 17:00:00,2025,LG Twins,Kiwoom Heroes,1.0,2.0,Final,고척,-
20250606-Lotte_Giants-Doosan_Bears,2025-06-06 17:00:00,2025,Lotte Giants,Doosan Bears,2.0,5.0,Final,잠실,-
20250606-NC_Dinos-Samsung_Lions,2025-06-06 17:00:00,2025,NC Dinos,Samsung Lions,3.0,7.0,Final,대구,-
20250606-SSG_Landers-KT_Wiz,2025-06-06 17:00:00,2025,SSG Landers,KT Wiz,3.0,10.0,Final,수원,-
20250607-Hanwha_Eagles-KIA_Tigers,2025-06-07 17:00:00,2025,Hanwha Eagles,KIA Tigers,3.0,2.0,Final,광주,-
20250607-LG_Twins-Kiwoom_Heroes,2025-06-07 17:00:00,2025,LG Twins,Kiwoom Heroes,1.0,4.0,Final,고척,-
20250607-Lotte_Giants-Doosan_Bears,2025-06-07 17:00:00,2025,Lotte Giants,Doosan Bears,9.0,4.0,Final,잠실,-
20250607-NC_Dinos-Samsung_Lions,2025-06-07 17:00:00,2025,NC Dinos,Samsung Lions,11.0,7.0,Final,대구,-
20250607-SSG_Landers-KT_Wiz,2025-06-07 17:00:00,2025,SSG Landers,KT Wiz,2.0,3.0,Final,수원,-
20250608-LG_Twins-Kiwoom_Heroes,2025-06-08 14:00:00,2025,LG Twins,Kiwoom Heroes,7.0,2.0,Final,고척,-
20250608-Hanwha_Eagles-KIA_Tigers,2025-06-08 17:00:00,2025,Hanwha Eagles,KIA Tigers,6.0,7.0,Final,광주,-
20250608-Lotte_Giants-Doosan_Bears,2025-06-08 17:00:00,2025,Lotte Giants,Doosan Bears,4.0,2.0,Final,잠실,-
20250608-NC_Dinos-Samsung_Lions,2025-06-08 17:00:00,2025,NC Dinos,Samsung Lions,0.0,1.0,Final,대구,-
20250608-SSG_Landers-KT_Wiz,2025-06-08 17:00:00,2025,SSG Landers,KT Wiz,3.0,2.0,Final,수원,-
20250610-Doosan_Bears-Hanwha_Eagles,2025-06-10 18:30:00,2025,Doosan Bears,Hanwha Eagles,2.0,6.0,Final,대전,-
20250610-Lotte_Giants-KT_Wiz,2025-06-10 18:30:00,2025,Lotte Giants,KT Wiz,3.0,12.0,Final,수원,-
20250610-NC_Dinos-Kiwoom_Heroes,2025-06-10 18:30:00,2025,NC Dinos,Kiwoom Heroes,2.0,2.0,Final,고척,-
20250610-SSG_Landers-LG_Twins,2025-06-10 18:30:00,2025,SSG Landers,LG Twins,6.0,2.0,Final,잠실,-
20250610-Samsung_Lions-KIA_Tigers,2025-06-10 18:30:00,2025,Samsung Lions,KIA Tigers,8.0,0.0,Final,광주,-
20250611-Doosan_Bears-Hanwha_Eagles,2025-06-11 18:30:00,2025,Doosan Bears,Hanwha Eagles,1.0,9.0,Final,대전,-
20250611-Lotte_Giants-KT_Wiz,2025-06-11 18:30:00,2025,Lotte Giants,KT Wiz,4.0,3.0,Final,수원,-
20250611-NC_Dinos-Kiwoom_Heroes,2025-06-11 18:30:00,2025,NC Dinos,Kiwoom Heroes,7.0,1.0,Final,고척,-
20250611-SSG_Landers-LG_Twins,2025-06-11 18:30:00,2025,SSG Landers,LG Twins,4.0,6.0,Final,잠실,-
20250611-Samsung_Lions-KIA_Tigers,2025-06-11 18:30:00,2025,Samsung Lions,KIA Tigers,3.0,6.0,Final,광주,-
20250612-Doosan_Bears-Hanwha_Eagles,2025-06-12 18:30:00,2025,Doosan Bears,Hanwha Eagles,2.0,3.0,Final,대전,-
20250612-Lotte_Giants-KT_Wiz,2025-06-12 18:30:00,2025,Lotte Giants,KT Wiz,12.0,7.0,Final,수원,-
20250612-NC_Dinos-Kiwoom_Heroes,2025-06-12 18:30:00,2025,NC Dinos,Kiwoom Heroes,8.0,6.0,Final,고척,-
20250612-SSG_Landers-LG_Twins,2025-06-12 18:30:00,2025,SSG Landers,LG Twins,6.0,8.0,Final,잠실,-
20250612-Samsung_Lions-KIA_Tigers,2025-06-12 18:30:00,2025,Samsung Lions,KIA Tigers,2.0,1.0,Final,광주,-
20250613-KIA_Tigers-NC_Dinos,2025-06-13 18:30:00,2025,KIA Tigers,NC Dinos,1.0,4.0,Final,창원,-
20250613-KT_Wiz-Samsung_Lions,2025-06-13 18:30:00,2025,KT Wiz,Samsung Lions,,,Postponed,대구,우천취소
20250613-Kiwoom_Heroes-Doosan_Bears,2025-06-13 18:30:00,2025,Kiwoom Heroes,Doosan Bears,,,Postponed,잠실,우천취소
20250613-LG_Twins-Hanwha_Eagles,2025-06-13 18:30:00,2025,LG Twins,Hanwha Eagles,,,Postponed,대전,우천취소
20250613-Lotte_Giants-SSG_Landers,2025-06-13 18:30:00,2025,Lotte Giants,SSG Landers,,,Postponed,문학,우천취소
20250614-KIA_Tigers-NC_Dinos,2025-06-14 17:00:00,2025,KIA Tigers,NC Dinos,9.0,8.0,Final,창원,-
20250614-KT_Wiz-Samsung_Lions,2025-06-14 17:00:00,2025,KT Wiz,Samsung Lions,10.0,3.0,Final,대구,-
20250614-Kiwoom_Heroes-Doosan_Bears,2025-06-14 17:00:00,2025,Kiwoom Heroes,Doosan Bears,1.0,4.0,Final,잠실,-
20250614-LG_Twins-Hanwha_Eagles,2025-06-14 17:00:00,2025,LG Twins,Hanwha Eagles,2.0,2.0,Final,대전,-
20250614-Lotte_Giants-SSG_Landers,2025-06-14 17:00:00,2025,Lotte Giants,SSG Landers,4.0,2.0,Final,문학,-
20250615-KIA_Tigers-NC_Dinos,2025-06-15 17:00:00,2025,KIA Tigers,NC Dinos,4.0,2.0,Final,창원,-
20250615-KT_Wiz-Samsung_Lions,2025-06-15 17:00:00,2025,KT Wiz,Samsung Lions,16.0,4.0,Final,대구,-
20250615-Kiwoom_Heroes-Doosan_Bears,2025-06-15 17:00:00,2025,Kiwoom Heroes,Doosan Bears,2.0,3.0,Final,잠실,-
20250615-LG_Twins-Hanwha_Eagles,2025-06-15 17:00:00,2025,LG Twins,Hanwha Eagles,5.0,10.0,Final,대전,-
20250615-Lotte_Giants-SSG_Landers,2025-06-15 17:00:00,2025,Lotte Giants,SSG Landers,0.0,1.0,Final,문학,-
20250617-Doosan_Bears-Samsung_Lions,2025-06-17 18:30:00,2025,Doosan Bears,Samsung Lions,1.0,12.0,Final,대구,-
20250617-Hanwha_Eagles-Lotte_Giants,2025-06-17 18:30:00,2025,Hanwha Eagles,Lotte Giants,6.0,0.0,Final,사직,-
20250617-KT_Wiz-KIA_Tigers,2025-06-17 18:30:00,2025,KT Wiz,KIA Tigers,3.0,10.0,Final,광주,-
20250617-NC_Dinos-LG_Twins,2025-06-17 18:30:00,2025,NC Dinos,LG Twins,6.0,2.0,Final,잠실,-
20250617-SSG_Landers-Kiwoom_Heroes,2025-06-17 18:30:00,2025,SSG Landers,Kiwoom Heroes,11.0,1.0,Final,고척,-
20250618-Doosan_Bears-Samsung_Lions,2025-06-18 18:30:00,2025,Doosan Bears,Samsung Lions,3.0,6.0,Final,대구,-
20250618-Hanwha_Eagles-Lotte_Giants,2025-06-18 18:30:00,2025,Hanwha Eagles,Lotte Giants,3.0,6.0,Final,사직,-
20250618-KT_Wiz-KIA_Tigers,2025-06-18 18:30:00,2025,KT Wiz,KIA Tigers,3.0,5.0,Final,광주,-
20250618-NC_Dinos-LG_Twins,2025-06-18 18:30:00,2025,NC Dinos,LG Twins,8.0,9.0,Final,잠실,-
20250618-SSG_Landers-Kiwoom_Heroes,2025-06-18 18:30:00,2025,SSG Landers,Kiwoom Heroes,2.0,3.0,Final,고척,-
20250619-Doosan_Bears-Samsung_Lions,2025-06-19 18:30:00,2025,Doosan Bears,Samsung Lions,9.0,8.0,Final,대구,-
20250619-Hanwha_Eagles-Lotte_Giants,2025-06-19 18:30:00,2025,Hanwha Eagles,Lotte Giants,3.0,4.0,Final,사직,-
20250619-KT_Wiz-KIA_Tigers,2025-06-19 18:30:00,2025,KT Wiz,KIA Tigers,0.0,5.0,Final,광주,-
20250619-NC_Dinos-LG_Twins,2025-06-19 18:30:00,2025,NC Dinos,LG Twins,3.0,0.0,Final,잠실,-
20250619-SSG_Landers-Kiwoom_Heroes,2025-06-19 18:30:00,2025,SSG Landers,Kiwoom Heroes,4.0,2.0,Final,고척,-
20250620-Doosan_Bears-LG_Twins,2025-06-20 18:30:00,2025,Doosan Bears,LG Twins,,,Postponed,잠실,우천취소
20250620-KIA_Tigers-SSG_Landers,2025-06-20 18:30:00,2025,KIA Tigers,SSG Landers,,,Postponed,문학,우천취소
20250620-Kiwoom_Heroes-Hanwha_Eagles,2025-06-20 18:30:00,2025,Kiwoom Heroes,Hanwha Eagles,,,Postponed,대전,우천취소
20250620-NC_Dinos-KT_Wiz,2025-06-20 18:30:00,2025,NC Dinos,KT Wiz,,,Postponed,수원,우천취소
20250620-Samsung_Lions-Lotte_Giants,2025-06-20 18:30:00,2025,Samsung Lions,Lotte Giants,1.0,3.0,Final,사직,-
20250621-Doosan_Bears-LG_Twins,2025-06-21 17:00:00,2025,Doosan Bears,LG Twins,6.0,5.0,Final,잠실,-
20250621-KIA_Tigers-SSG_Landers,2025-06-21 17:00:00,2025,KIA Tigers,SSG Landers,5.0,5.0,Final,문학,-
20250621-Kiwoom_Heroes-Hanwha_Eagles,2025-06-21 17:00:00,2025,Kiwoom Heroes,Hanwha Eagles,,,Postponed,대전,우천취소
20250621-NC_Dinos-KT_Wiz,2025-06-21 17:00:00,2025,NC Dinos,KT Wiz,5.0,7.0,Final,수원,-
20250621-Samsung_Lions-Lotte_Giants,2025-06-21 17:00:00,2025,Samsung Lions,Lotte Giants,,,Postponed,사직,우천취소
20250622-Doosan_Bears-LG_Twins,2025-06-22 17:00:00,2025,Doosan Bears,LG Twins,5.0,13.0,Final,잠실,-
20250622-KIA_Tigers-SSG_Landers,2025-06-22 17:00:00,2025,KIA Tigers,SSG Landers,5.0,4.0,Final,문학,-
20250622-Kiwoom_Heroes-Hanwha_Eagles,2025-06-22 17:00:00,2025,Kiwoom Heroes,Hanwha Eagles,4.0,10.0,Final,대전,-
20250622-NC_Dinos-KT_Wiz,2025-06-22 17:00:00,2025,NC Dinos,KT Wiz,2.0,0.0,Final,수원,-
20250622-Samsung_Lions-Lotte_Giants,2025-06-22 17:00:00,2025,Samsung Lions,Lotte Giants,6.0,9.0,Final,사직,-
20250624-Hanwha_Eagles-Samsung_Lions,2025-06-24 18:30:00,2025,Hanwha Eagles,Samsung Lions,,,Postponed,대구,우천취소
20250624-KIA_Tigers-Kiwoom_Heroes,2025-06-24 18:30:00,2025,KIA Tigers,Kiwoom Heroes,6.0,9.0,Final,고척,-
20250624-LG_Twins-KT_Wiz,2025-06-24 18:30:00,2025,LG Twins,KT Wiz,0.0,5.0,Final,수원,-
20250624-Lotte_Giants-NC_Dinos,2025-06-24 18:30:00,2025,Lotte Giants,NC Dinos,,,Postponed,창원,우천취소
20250624-SSG_Landers-Doosan_Bears,2025-06-24 18:30:00,2025,SSG Landers,Doosan Bears,0.0,5.0,Final,잠실,-
20250625-Hanwha_Eagles-Samsung_Lions,2025-06-25 18:30:00,2025,Hanwha Eagles,Samsung Lions,2.0,7.0,Final,대구,-
20250625-KIA_Tigers-Kiwoom_Heroes,2025-06-25 18:30:00,2025,KIA Tigers,Kiwoom Heroes,6.0,3.0,Final,고척,-
20250625-LG_Twins-KT_Wiz,2025-06-25 18:30:00,2025,LG Twins,KT Wiz,,,Postponed,수원,우천취소
20250625-Lotte_Giants-NC_Dinos,2025-06-25 18:30:00,2025,Lotte Giants,NC Dinos,2.0,7.0,Final,창원,-
20250625-SSG_Landers-Doosan_Bears,2025-06-25 18:30:00,2025,SSG Landers,Doosan Bears,,,Postponed,잠실,우천취소
20250626-Hanwha_Eagles-Samsung_Lions,2025-06-26 18:30:00,2025,Hanwha Eagles,Samsung Lions,3.0,1.0,Final,대구,-
20250626-KIA_Tigers-Kiwoom_Heroes,2025-06-26 18:30:00,2025,KIA Tigers,Kiwoom Heroes,5.0,5.0,Final,고척,-
20250626-LG_Twins-KT_Wiz,2025-06-26 18:30:00,2025,LG Twins,KT Wiz,4.0,3.0,Final,수원,-
20250626-Lotte_Giants-NC_Dinos,2025-06-26 18:30:00,2025,Lotte Giants,NC Dinos,7.0,6.0,Final,창원,-
20250626-SSG_Landers-Doosan_Bears,2025-06-26 18:30:00,2025,SSG Landers,Doosan Bears,4.0,1.0,Final,잠실,-
20250627-Doosan_Bears-NC_Dinos,2025-06-27 18:30:00,2025,Doosan Bears,NC Dinos,9.0,10.0,Final,창원,-
20250627-Hanwha_Eagles-SSG_Landers,2025-06-27 18:30:00,2025,Hanwha Eagles,SSG Landers,6.0,8.0,Final,문학,-
20250627-KIA_Tigers-LG_Twins,2025-06-27 18:30:00,2025,KIA Tigers,LG Twins,3.0,4.0,Final,잠실,-
20250627-KT_Wiz-Lotte_Giants,2025-06-27 18:30:00,2025,KT Wiz,Lotte Giants,11.0,8.0,Final,사직,-
20250627-Samsung_Lions-Kiwoom_Heroes,2025-06-27 18:30:00,2025,Samsung Lions,Kiwoom Heroes,4.0,5.0,Final,고척,-
20250628-Doosan_Bears-NC_Dinos,2025-06-28 17:00:00,2025,Doosan Bears,NC Dinos,1.0,3.0,Final,창원,-
20250628-Hanwha_Eagles-SSG_Landers,2025-06-28 17:00:00,2025,Hanwha Eagles,SSG Landers,5.0,2.0,Final,문학,-
20250628-KIA_Tigers-LG_Twins,2025-06-28 17:00:00,2025,KIA Tigers,LG Twins,9.0,8.0,Final,잠실,-
20250628-KT_Wiz-Lotte_Giants,2025-06-28 17:00:00,2025,KT Wiz,Lotte Giants,4.0,0.0,Final,사직,-
20250628-Samsung_Lions-Kiwoom_Heroes,2025-06-28 17:00:00,2025,Samsung Lions,Kiwoom Heroes,0.0,9.0,Final,고척,-
20250629-Samsung_Lions-Kiwoom_Heroes,2025-06-29 14:00:00,2025,Samsung Lions,Kiwoom Heroes,7.0,10.0,Final,고척,-
20250629-Doosan_Bears-NC_Dinos,2025-06-29 17:00:00,2025,Doosan Bears,NC Dinos,7.0,3.0,Final,창원,-
20250629-Hanwha_Eagles-SSG_Landers,2025-06-29 17:00:00,2025,Hanwha Eagles,SSG Landers,0.0,2.0,Final,문학,-
20250629-KIA_Tigers-LG_Twins,2025-06-29 17:00:00,2025,KIA Tigers,LG Twins,12.0,2.0,Final,잠실,-
20250629-KT_Wiz-Lotte_Giants,2025-06-29 17:00:00,2025,KT Wiz,Lotte Giants,5.0,10.0,Final,사직,-
20250701-Kiwoom_Heroes-KT_Wiz,2025-07-01 18:30:00,2025,Kiwoom Heroes,KT Wiz,7.0,3.0,Final,수원,-
20250701-LG_Twins-Lotte_Giants,2025-07-01 18:30:00,2025,LG Twins,Lotte Giants,3.0,2.0,Final,사직,-
20250701-NC_Dinos-Hanwha_Eagles,2025-07-01 18:30:00,2025,NC Dinos,Hanwha Eagles,4.0,8.0,Final,대전,-
20250701-SSG_Landers-KIA_Tigers,2025-07-01 18:30:00,2025,SSG Landers,KIA Tigers,2.0,3.0,Final,광주,-
20250701-Samsung_Lions-Doosan_Bears,2025-07-01 18:30:00,2025,Samsung Lions,Doosan Bears,4.0,1.0,Final,잠실,-
20250702-Kiwoom_Heroes-KT_Wiz,2025-07-02 18:30:00,2025,Kiwoom Heroes,KT Wiz,2.0,4.0,Final,수원,-
20250702-LG_Twins-Lotte_Giants,2025-07-02 18:30:00,2025,LG Twins,Lotte Giants,2.0,5.0,Final,사직,-
20250702-NC_Dinos-Hanwha_Eagles,2025-07-02 18:30:00,2025,NC Dinos,Hanwha Eagles,2.0,0.0,Final,대전,-
20250702-SSG_Landers-KIA_Tigers,2025-07-02 18:30:00,2025,SSG Landers,KIA Tigers,8.0,5.0,Final,광주,-
20250702-Samsung_Lions-Doosan_Bears,2025-07-02 18:30:00,2025,Samsung Lions,Doosan Bears,0.0,5.0,Final,잠실,-
20250703-Kiwoom_Heroes-KT_Wiz,2025-07-03 18:30:00,2025,Kiwoom Heroes,KT Wiz,2.0,6.0,Final,수원,-
20250703-LG_Twins-Lotte_Giants,2025-07-03 18:30:00,2025,LG Twins,Lotte Giants,0.0,2.0,Final,사직,-
20250703-NC_Dinos-Hanwha_Eagles,2025-07-03 18:30:00,2025,NC Dinos,Hanwha Eagles,7.0,7.0,Final,대전,-
20250703-SSG_Landers-KIA_Tigers,2025-07-03 18:30:00,2025,SSG Landers,KIA Tigers,2.0,3.0,Final,광주,-
20250703-Samsung_Lions-Doosan_Bears,2025-07-03 18:30:00,2025,Samsung Lions,Doosan Bears,6.0,4.0,Final,잠실,-
20250704-Hanwha_Eagles-Kiwoom_Heroes,2025-07-04 18:30:00,2025,Hanwha Eagles,Kiwoom Heroes,2.0,1.0,Final,고척,-
20250704-KT_Wiz-Doosan_Bears,2025-07-04 18:30:00,2025,KT Wiz,Doosan Bears,6.0,3.0,Final,잠실,-
20250704-LG_Twins-Samsung_Lions,2025-07-04 18:30:00,2025,LG Twins,Samsung Lions,1.0,4.0,Final,대구,-
20250704-Lotte_Giants-KIA_Tigers,2025-07-04 18:30:00,2025,Lotte Giants,KIA Tigers,5.0,7.0,Final,광주,-
20250704-SSG_Landers-NC_Dinos,2025-07-04 18:30:00,2025,SSG Landers,NC Dinos,4.0,0.0,Final,창원,-
20250705-Hanwha_Eagles-Kiwoom_Heroes,2025-07-05 18:00:00,2025,Hanwha Eagles,Kiwoom Heroes,6.0,4.0,Final,고척,-
20250705-KT_Wiz-Doosan_Bears,2025-07-05 18:00:00,2025,KT Wiz,Doosan Bears,2.0,6.0,Final,잠실,-
20250705-LG_Twins-Samsung_Lions,2025-07-05 18:00:00,2025,LG Twins,Samsung Lions,6.0,7.0,Final,대구,-
20250705-Lotte_Giants-KIA_Tigers,2025-07-05 18:00:00,2025,Lotte Giants,KIA Tigers,0.0,13.0,Final,광주,-
20250705-SSG_Landers-NC_Dinos,2025-07-05 18:00:00,2025,SSG Landers,NC Dinos,6.0,1.0,Final,창원,-
20250706-Hanwha_Eagles-Kiwoom_Heroes,2025-07-06 14:00:00,2025,Hanwha Eagles,Kiwoom Heroes,10.0,1.0,Final,고척,-
20250706-KT_Wiz-Doosan_Bears,2025-07-06 18:00:00,2025,KT Wiz,Doosan Bears,7.0,8.0,Final,잠실,-
20250706-LG_Twins-Samsung_Lions,2025-07-06 18:00:00,2025,LG Twins,Samsung Lions,4.0,2.0,Final,대구,-
20250706-Lotte_Giants-KIA_Tigers,2025-07-06 18:00:00,2025,Lotte Giants,KIA Tigers,5.0,2.0,Final,광주,-
20250706-SSG_Landers-NC_Dinos,2025-07-06 18:00:00,2025,SSG Landers,NC Dinos,2.0,3.0,Final,창원,-
20250708-Doosan_Bears-Lotte_Giants,2025-07-08 18:30:00,2025,Doosan Bears,Lotte Giants,8.0,5.0,Final,사직,-
20250708-KIA_Tigers-Hanwha_Eagles,2025-07-08 18:30:00,2025,KIA Tigers,Hanwha Eagles,8.0,14.0,Final,대전,-
20250708-KT_Wiz-SSG_Landers,2025-07-08 18:30:00,2025,KT Wiz,SSG Landers,1.0,7.0,Final,문학,-
20250708-Kiwoom_Heroes-LG_Twins,2025-07-08 18:30:00,2025,Kiwoom Heroes,LG Twins,3.0,4.0,Final,잠실,-
20250708-Samsung_Lions-NC_Dinos,2025-07-08 18:30:00,2025,Samsung Lions,NC Dinos,9.0,10.0,Final,창원,-
20250709-Doosan_Bears-Lotte_Giants,2025-07-09 18:30:00,2025,Doosan Bears,Lotte Giants,4.0,5.0,Final,사직,-
20250709-KIA_Tigers-Hanwha_Eagles,2025-07-09 18:30:00,2025,KIA Tigers,Hanwha Eagles,4.0,7.0,Final,대전,-
20250709-KT_Wiz-SSG_Landers,2025-07-09 18:30:00,2025,KT Wiz,SSG Landers,10.0,3.0,Final,문학,-
20250709-Kiwoom_Heroes-LG_Twins,2025-07-09 18:30:00,2025,Kiwoom Heroes,LG Twins,6.0,12.0,Final,잠실,-
20250709-Samsung_Lions-NC_Dinos,2025-07-09 18:30:00,2025,Samsung Lions,NC Dinos,0.0,3.0,Final,창원,-
20250710-Doosan_Bears-Lotte_Giants,2025-07-10 18:30:00,2025,Doosan Bears,Lotte Giants,9.0,0.0,Final,사직,-
20250710-KIA_Tigers-Hanwha_Eagles,2025-07-10 18:30:00,2025,KIA Tigers,Hanwha Eagles,2.0,3.0,Final,대전,-
20250710-KT_Wiz-SSG_Landers,2025-07-10 18:30:00,2025,KT Wiz,SSG Landers,4.0,2.0,Final,문학,-
20250710-Kiwoom_Heroes-LG_Twins,2025-07-10 18:30:00,2025,Kiwoom Heroes,LG Twins,4.0,3.0,Final,잠실,-
20250710-Samsung_Lions-NC_Dinos,2025-07-10 18:30:00,2025,Samsung Lions,NC Dinos,5.0,7.0,Final,창원,-
20250717-Doosan_Bears-SSG_Landers,2025-07-17 18:30:00,2025,Doosan Bears,SSG Landers,,,Postponed,문학,우천취소
20250717-Hanwha_Eagles-KT_Wiz,2025-07-17 18:30:00,2025,Hanwha Eagles,KT Wiz,,,Postponed,수원,우천취소
20250717-Kiwoom_Heroes-Samsung_Lions,2025-07-17 18:30:00,2025,Kiwoom Heroes,Samsung Lions,,,Postponed,대구,우천취소
20250717-Lotte_Giants-LG_Twins,2025-07-17 18:30:00,2025,Lotte Giants,LG Twins,,,Postponed,잠실,그라운드사정
20250717-NC_Dinos-KIA_Tigers,2025-07-17 18:30:00,2025,NC Dinos,KIA Tigers,,,Postponed,광주,우천취소
20250718-Doosan_Bears-SSG_Landers,2025-07-18 18:30:00,2025,Doosan Bears,SSG Landers,,,Postponed,문학,그라운드사정
20250718-Hanwha_Eagles-KT_Wiz,2025-07-18 18:30:00,2025,Hanwha Eagles,KT Wiz,5.0,0.0,Final,수원,-
20250718-Kiwoom_Heroes-Samsung_Lions,2025-07-18 18:30:00,2025,Kiwoom Heroes,Samsung Lions,,,Postponed,대구,우천취소
20250718-Lotte_Giants-LG_Twins,2025-07-18 18:30:00,2025,Lotte Giants,LG Twins,1.0,2.0,Final,잠실,-
20250718-NC_Dinos-KIA_Tigers,2025-07-18 18:30:00,2025,NC Dinos,KIA Tigers,,,Postponed,광주,우천취소
20250719-Doosan_Bears-SSG_Landers,2025-07-19 18:00:00,2025,Doosan Bears,SSG Landers,5.0,0.0,Final,문학,-
20250719-Hanwha_Eagles-KT_Wiz,2025-07-19 18:00:00,2025,Hanwha Eagles,KT Wiz,6.0,5.0,Final,수원,-
20250719-Kiwoom_Heroes-Samsung_Lions,2025-07-19 18:00:00,2025,Kiwoom Heroes,Samsung Lions,,,Postponed,대구,우천취소
20250719-Lotte_Giants-LG_Twins,2025-07-19 18:00:00,2025,Lotte Giants,LG Twins,6.0,1.0,Final,잠실,-
20250719-NC_Dinos-KIA_Tigers,2025-07-19 18:00:00,2025,NC Dinos,KIA Tigers,,,Postponed,광주,그라운드사정
20250720-Doosan_Bears-SSG_Landers,2025-07-20 18:00:00,2025,Doosan Bears,SSG Landers,2.0,1.0,Final,문학,-
20250720-Hanwha_Eagles-KT_Wiz,2025-07-20 18:00:00,2025,Hanwha Eagles,KT Wiz,10.0,0.0,Final,수원,-
20250720-Kiwoom_Heroes-Samsung_Lions,2025-07-20 18:00:00,2025,Kiwoom Heroes,Samsung Lions,10.0,15.0,Final,대구,-
20250720-Lotte_Giants-LG_Twins,2025-07-20 18:00:00,2025,Lotte Giants,LG Twins,2.0,3.0,Final,잠실,-
20250720-NC_Dinos-KIA_Tigers,2025-07-20 18:00:00,2025,NC Dinos,KIA Tigers,2.0,3.0,Final,광주,-
20250722-Hanwha_Eagles-Doosan_Bears,2025-07-22 18:30:00,2025,Hanwha Eagles,Doosan Bears,2.0,1.0,Final,잠실,-
20250722-KT_Wiz-NC_Dinos,2025-07-22 18:30:00,2025,KT Wiz,NC Dinos,7.0,0.0,Final,창원,-
20250722-LG_Twins-KIA_Tigers,2025-07-22 18:30:00,2025,LG Twins,KIA Tigers,9.0,7.0,Final,광주,-
20250722-Lotte_Giants-Kiwoom_Heroes,2025-07-22 18:30:00,2025,Lotte Giants,Kiwoom Heroes,3.0,6.0,Final,고척,-
20250722-SSG_Landers-Samsung_Lions,2025-07-22 18:30:00,2025,SSG Landers,Samsung Lions,5.0,7.0,Final,대구,-
20250723-Hanwha_Eagles-Doosan_Bears,2025-07-23 18:30:00,2025,Hanwha Eagles,Doosan Bears,2.0,13.0,Final,잠실,-
20250723-KT_Wiz-NC_Dinos,2025-07-23 18:30:00,2025,KT Wiz,NC Dinos,9.0,2.0,Final,창원,-
20250723-LG_Twins-KIA_Tigers,2025-07-23 18:30:00,2025,LG Twins,KIA Tigers,6.0,5.0,Final,광주,-
20250723-Lotte_Giants-Kiwoom_Heroes,2025-07-23 18:30:00,2025,Lotte Giants,Kiwoom Heroes,4.0,1.0,Final,고척,-
20250723-SSG_Landers-Samsung_Lions,2025-07-23 18:30:00,2025,SSG Landers,Samsung Lions,0.0,9.0,Final,대구,-
20250724-Hanwha_Eagles-Doosan_Bears,2025-07-24 18:30:00,2025,Hanwha Eagles,Doosan Bears,4.0,4.0,Final,잠실,-
20250724-KT_Wiz-NC_Dinos,2025-07-24 18:30:00,2025,KT Wiz,NC Dinos,5.0,4.0,Final,창원,-
20250724-LG_Twins-KIA_Tigers,2025-07-24 18:30:00,2025,LG Twins,KIA Tigers,8.0,0.0,Final,광주,-
20250724-Lotte_Giants-Kiwoom_Heroes,2025-07-24 18:30:00,2025,Lotte Giants,Kiwoom Heroes,4.0,0.0,Final,고척,-
20250724-SSG_Landers-Samsung_Lions,2025-07-24 18:30:00,2025,SSG Landers,Samsung Lions,3.0,1.0,Final,대구,-
20250725-KIA_Tigers-Lotte_Giants,2025-07-25 18:30:00,2025,KIA Tigers,Lotte Giants,4.0,7.0,Final,사직,-
20250725-Kiwoom_Heroes-NC_Dinos,2025-07-25 18:30:00,2025,Kiwoom Heroes,NC Dinos,7.0,16.0,Final,창원,-
20250725-LG_Twins-Doosan_Bears,2025-07-25 18:30:00,2025,LG Twins,Doosan Bears,6.0,5.0,Final,잠실,-
20250725-SSG_Landers-Hanwha_Eagles,2025-07-25 18:30:00,2025,SSG Landers,Hanwha Eagles,0.0,4.0,Final,대전,-
20250725-Samsung_Lions-KT_Wiz,2025-07-25 18:30:00,2025,Samsung Lions,KT Wiz,5.0,8.0,Final,수원,-
20250726-KIA_Tigers-Lotte_Giants,2025-07-26 18:00:00,2025,KIA Tigers,Lotte Giants,4.0,9.0,Final,사직,-
20250726-Kiwoom_Heroes-NC_Dinos,2025-07-26 18:00:00,2025,Kiwoom Heroes,NC Dinos,6.0,8.0,Final,창원,-
20250726-LG_Twins-Doosan_Bears,2025-07-26 18:00:00,2025,LG Twins,Doosan Bears,4.0,3.0,Final,잠실,-
20250726-SSG_Landers-Hanwha_Eagles,2025-07-26 18:00:00,2025,SSG Landers,Hanwha Eagles,9.0,3.0,Final,대전,-
20250726-Samsung_Lions-KT_Wiz,2025-07-26 18:00:00,2025,Samsung Lions,KT Wiz,11.0,0.0,Final,수원,-
20250727-KIA_Tigers-Lotte_Giants,2025-07-27 18:00:00,2025,KIA Tigers,Lotte Giants,3.0,5.0,Final,사직,-
20250727-Kiwoom_Heroes-NC_Dinos,2025-07-27 18:00:00,2025,Kiwoom Heroes,NC Dinos,4.0,12.0,Final,창원,-
20250727-LG_Twins-Doosan_Bears,2025-07-27 18:00:00,2025,LG Twins,Doosan Bears,6.0,9.0,Final,잠실,-
20250727-SSG_Landers-Hanwha_Eagles,2025-07-27 18:00:00,2025,SSG Landers,Hanwha Eagles,3.0,2.0,Final,대전,-
20250727-Samsung_Lions-KT_Wiz,2025-07-27 18:00:00,2025,Samsung Lions,KT Wiz,3.0,4.0,Final,수원,-
20250729-Doosan_Bears-KIA_Tigers,2025-07-29 18:30:00,2025,Doosan Bears,KIA Tigers,9.0,6.0,Final,광주,-
20250729-KT_Wiz-LG_Twins,2025-07-29 18:30:00,2025,KT Wiz,LG Twins,2.0,8.0,Final,잠실,-
20250729-Kiwoom_Heroes-SSG_Landers,2025-07-29 18:30:00,2025,Kiwoom Heroes,SSG Landers,3.0,9.0,Final,문학,-
20250729-NC_Dinos-Lotte_Giants,2025-07-29 18:30:00,2025,NC Dinos,Lotte Giants,4.0,6.0,Final,사직,-
20250729-Samsung_Lions-Hanwha_Eagles,2025-07-29 18:30:00,2025,Samsung Lions,Hanwha Eagles,9.0,2.0,Final,대전,-
20250730-Doosan_Bears-KIA_Tigers,2025-07-30 18:30:00,2025,Doosan Bears,KIA Tigers,2.0,2.0,Final,광주,-
20250730-KT_Wiz-LG_Twins,2025-07-30 18:30:00,2025,KT Wiz,LG Twins,0.0,5.0,Final,잠실,-
20250730-Kiwoom_Heroes-SSG_Landers,2025-07-30 18:30:00,2025,Kiwoom Heroes,SSG Landers,5.0,5.0,Final,문학,-
20250730-NC_Dinos-Lotte_Giants,2025-07-30 18:30:00,2025,NC Dinos,Lotte Giants,9.0,4.0,Final,사직,-
20250730-Samsung_Lions-Hanwha_Eagles,2025-07-30 18:30:00,2025,Samsung Lions,Hanwha Eagles,0.0,5.0,Final,대전,-
20250731-Doosan_Bears-KIA_Tigers,2025-07-31 18:30:00,2025,Doosan Bears,KIA Tigers,2.0,3.0,Final,광주,-
20250731-KT_Wiz-LG_Twins,2025-07-31 18:30:00,2025,KT Wiz,LG Twins,0.0,18.0,Final,잠실,-
20250731-Kiwoom_Heroes-SSG_Landers,2025-07-31 18:30:00,2025,Kiwoom Heroes,SSG Landers,2.0,4.0,Final,문학,-
20250731-NC_Dinos-Lotte_Giants,2025-07-31 18:30:00,2025,NC Dinos,Lotte Giants,5.0,11.0,Final,사직,-
20250731-Samsung_Lions-Hanwha_Eagles,2025-07-31 18:30:00,2025,Samsung Lions,Hanwha Eagles,1.0,7.0,Final,대전,-
20250801-Hanwha_Eagles-KIA_Tigers,2025-08-01 18:30:00,2025,Hanwha Eagles,KIA Tigers,2.0,3.0,Final,광주,-
20250801-KT_Wiz-NC_Dinos,2025-08-01 18:30:00,2025,KT Wiz,NC Dinos,3.0,5.0,Final,창원,-
20250801-LG_Twins-Samsung_Lions,2025-08-01 18:30:00,2025,LG Twins,Samsung Lions,4.0,2.0,Final,대구,-
20250801-Lotte_Giants-Kiwoom_Heroes,2025-08-01 18:30:00,2025,Lotte Giants,Kiwoom Heroes,0.0,2.0,Final,고척,-
20250801-SSG_Landers-Doosan_Bears,2025-08-01 18:30:00,2025,SSG Landers,Doosan Bears,7.0,2.0,Final,잠실,-
20250802-Hanwha_Eagles-KIA_Tigers,2025-08-02 18:00:00,2025,Hanwha Eagles,KIA Tigers,,,Postponed,광주,우천취소
20250802-KT_Wiz-NC_Dinos,2025-08-02 18:00:00,2025,KT Wiz,NC Dinos,6.0,7.0,Final,창원,-
20250802-LG_Twins-Samsung_Lions,2025-08-02 18:00:00,2025,LG Twins,Samsung Lions,3.0,2.0,Final,대구,-
20250802-Lotte_Giants-Kiwoom_Heroes,2025-08-02 18:00:00,2025,Lotte Giants,Kiwoom Heroes,3.0,2.0,Final,고척,-
20250802-SSG_Landers-Doosan_Bears,2025-08-02 18:00:00,2025,SSG Landers,Doosan Bears,4.0,5.0,Final,잠실,-
20250803-Lotte_Giants-Kiwoom_Heroes,2025-08-03 14:00:00,2025,Lotte Giants,Kiwoom Heroes,9.0,3.0,Final,고척,-
20250803-Hanwha_Eagles-KIA_Tigers,2025-08-03 18:00:00,2025,Hanwha Eagles,KIA Tigers,,,Postponed,광주,우천취소
20250803-KT_Wiz-NC_Dinos,2025-08-03 18:00:00,2025,KT Wiz,NC Dinos,1.0,1.0,Final,창원,-
20250803-LG_Twins-Samsung_Lions,2025-08-03 18:00:00,2025,LG Twins,Samsung Lions,6.0,3.0,Final,대구,-
20250803-SSG_Landers-Doosan_Bears,2025-08-03 18:00:00,2025,SSG Landers,Doosan Bears,3.0,2.0,Final,잠실,-
20250805-Doosan_Bears-LG_Twins,2025-08-05 18:30:00,2025,Doosan Bears,LG Twins,2.0,4.0,Final,잠실,-
20250805-KIA_Tigers-Lotte_Giants,2025-08-05 18:30:00,2025,KIA Tigers,Lotte Giants,2.0,0.0,Final,사직,-
20250805-KT_Wiz-Hanwha_Eagles,2025-08-05 18:30:00,2025,KT Wiz,Hanwha Eagles,5.0,2.0,Final,대전,-
20250805-Kiwoom_Heroes-NC_Dinos,2025-08-05 18:30:00,2025,Kiwoom Heroes,NC Dinos,8.0,5.0,Final,창원,-
20250805-Samsung_Lions-SSG_Landers,2025-08-05 18:30:00,2025,Samsung Lions,SSG Landers,6.0,2.0,Final,문학,-
20250806-Doosan_Bears-LG_Twins,2025-08-06 18:30:00,2025,Doosan Bears,LG Twins,10.0,8.0,Final,잠실,-
20250806-KIA_Tigers-Lotte_Giants,2025-08-06 18:30:00,2025,KIA Tigers,Lotte Giants,1.0,7.0,Final,사직,-
20250806-KT_Wiz-Hanwha_Eagles,2025-08-06 18:30:00,2025,KT Wiz,Hanwha Eagles,4.0,5.0,Final,대전,-
20250806-Kiwoom_Heroes-NC_Dinos,2025-08-06 18:30:00,2025,Kiwoom Heroes,NC Dinos,9.0,5.0,Final,창원,-
20250806-Samsung_Lions-SSG_Landers,2025-08-06 18:30:00,2025,Samsung Lions,SSG Landers,4.0,5.0,Final,문학,-
20250807-Doosan_Bears-LG_Twins,2025-08-07 18:30:00,2025,Doosan Bears,LG Twins,3.0,4.0,Final,잠실,-
20250807-KIA_Tigers-Lotte_Giants,2025-08-07 18:30:00,2025,KIA Tigers,Lotte Giants,6.0,5.0,Final,사직,-
20250807-KT_Wiz-Hanwha_Eagles,2025-08-07 18:30:00,2025,KT Wiz,Hanwha Eagles,5.0,4.0,Final,대전,-
20250807-Kiwoom_Heroes-NC_Dinos,2025-08-07 18:30:00,2025,Kiwoom Heroes,NC Dinos,13.0,12.0,Final,창원,-
20250807-Samsung_Lions-SSG_Landers,2025-08-07 18:30:00,2025,Samsung Lions,SSG Landers,6.0,1.0,Final,문학,-
20250808-Doosan_Bears-Kiwoom_Heroes,2025-08-08 18:30:00,2025,Doosan Bears,Kiwoom Heroes,9.0,2.0,Final,고척,-
20250808-Hanwha_Eagles-LG_Twins,2025-08-08 18:30:00,2025,Hanwha Eagles,LG Twins,1.0,2.0,Final,잠실,-
20250808-KIA_Tigers-NC_Dinos,2025-08-08 18:30:00,2025,KIA Tigers,NC Dinos,4.0,5.0,Final,창원,-
20250808-SSG_Landers-Lotte_Giants,2025-08-08 18:30:00,2025,SSG Landers,Lotte Giants,1.0,0.0,Final,사직,-
20250808-Samsung_Lions-KT_Wiz,2025-08-08 18:30:00,2025,Samsung Lions,KT Wiz,8.0,4.0,Final,수원,-
20250809-Doosan_Bears-Kiwoom_Heroes,2025-08-09 18:00:00,2025,Doosan Bears,Kiwoom Heroes,6.0,4.0,Final,고척,-
20250809-Hanwha_Eagles-LG_Twins,2025-08-09 18:00:00,2025,Hanwha Eagles,LG Twins,1.0,8.0,Final,잠실,-
20250809-KIA_Tigers-NC_Dinos,2025-08-09 18:00:00,2025,KIA Tigers,NC Dinos,,,Postponed,창원,우천취소
20250809-SSG_Landers-Lotte_Giants,2025-08-09 18:00:00,2025,SSG Landers,Lotte Giants,,,Postponed,사직,우천취소
20250809-Samsung_Lions-KT_Wiz,2025-08-09 18:00:00,2025,Samsung Lions,KT Wiz,1.0,3.0,Final,수원,-
20250810-Doosan_Bears-Kiwoom_Heroes,2025-08-10 14:00:00,2025,Doosan Bears,Kiwoom Heroes,3.0,4.0,Final,고척,-
20250810-Hanwha_Eagles-LG_Twins,2025-08-10 18:00:00,2025,Hanwha Eagles,LG Twins,5.0,4.0,Final,잠실,-
20250810-KIA_Tigers-NC_Dinos,2025-08-10 18:00:00,2025,KIA Tigers,NC Dinos,12.0,16.0,Final,창원,-
20250810-SSG_Landers-Lotte_Giants,2025-08-10 18:00:00,2025,SSG Landers,Lotte Giants,10.0,1.0,Final,사직,-
20250810-Samsung_Lions-KT_Wiz,2025-08-10 18:00:00,2025,Samsung Lions,KT Wiz,2.0,9.0,Final,수원,-
20250812-KIA_Tigers-Samsung_Lions,2025-08-12 18:30:00,2025,KIA Tigers,Samsung Lions,5.0,1.0,Final,대구,-
20250812-Kiwoom_Heroes-SSG_Landers,2025-08-12 18:30:00,2025,Kiwoom Heroes,SSG Landers,1.0,3.0,Final,문학,-
20250812-LG_Twins-KT_Wiz,2025-08-12 18:30:00,2025,LG Twins,KT Wiz,11.0,2.0,Final,수원,-
20250812-Lotte_Giants-Hanwha_Eagles,2025-08-12 18:30:00,2025,Lotte Giants,Hanwha Eagles,0.0,2.0,Final,대전,-
20250812-NC_Dinos-Doosan_Bears,2025-08-12 18:30:00,2025,NC Dinos,Doosan Bears,3.0,2.0,Final,잠실,-
20250813-KIA_Tigers-Samsung_Lions,2025-08-13 18:30:00,2025,KIA Tigers,Samsung Lions,9.0,1.0,Final,대구,-
20250813-Kiwoom_Heroes-SSG_Landers,2025-08-13 18:30:00,2025,Kiwoom Heroes,SSG Landers,,,Postponed,문학,우천취소
20250813-LG_Twins-KT_Wiz,2025-08-13 18:30:00,2025,LG Twins,KT Wiz,,,Postponed,수원,우천취소
20250813-Lotte_Giants-Hanwha_Eagles,2025-08-13 18:30:00,2025,Lotte Giants,Hanwha Eagles,0.0,6.0,Final,대전,-
20250813-NC_Dinos-Doosan_Bears,2025-08-13 18:30:00,2025,NC Dinos,Doosan Bears,,,Postponed,잠실,우천취소
20250814-KIA_Tigers-Samsung_Lions,2025-08-14 18:30:00,2025,KIA Tigers,Samsung Lions,10.0,4.0,Final,대구,-
20250814-Kiwoom_Heroes-SSG_Landers,2025-08-14 18:30:00,2025,Kiwoom Heroes,SSG Landers,2.0,0.0,Final,문학,-
20250814-LG_Twins-KT_Wiz,2025-08-14 18:30:00,2025,LG Twins,KT Wiz,,,Postponed,수원,그라운드사정
20250814-Lotte_Giants-Hanwha_Eagles,2025-08-14 18:30:00,2025,Lotte Giants,Hanwha Eagles,4.0,5.0,Final,대전,-
20250814-NC_Dinos-Doosan_Bears,2025-08-14 18:30:00,2025,NC Dinos,Doosan Bears,5.0,6.0,Final,잠실,-
20250815-Hanwha_Eagles-NC_Dinos,2025-08-15 18:00:00,2025,Hanwha Eagles,NC Dinos,9.0,2.0,Final,창원,-
20250815-KIA_Tigers-Doosan_Bears,2025-08-15 18:00:00,2025,KIA Tigers,Doosan Bears,5.0,6.0,Final,잠실,-
20250815-KT_Wiz-Kiwoom_Heroes,2025-08-15 18:00:00,2025,KT Wiz,Kiwoom Heroes,3.0,7.0,Final,고척,-
20250815-LG_Twins-SSG_Landers,2025-08-15 18:00:00,2025,LG Twins,SSG Landers,5.0,3.0,Final,문학,-
20250815-Samsung_Lions-Lotte_Giants,2025-08-15 18:00:00,2025,Samsung Lions,Lotte Giants,10.0,4.0,Final,사직,-
20250816-Hanwha_Eagles-NC_Dinos,2025-08-16 18:00:00,2025,Hanwha Eagles,NC Dinos,6.0,9.0,Final,창원,-
20250816-KIA_Tigers-Doosan_Bears,2025-08-16 18:00:00,2025,KIA Tigers,Doosan Bears,3.0,4.0,Final,잠실,-
20250816-KT_Wiz-Kiwoom_Heroes,2025-08-16 18:00:00,2025,KT Wiz,Kiwoom Heroes,3.0,4.0,Final,고척,-
20250816-LG_Twins-SSG_Landers,2025-08-16 18:00:00,2025,LG Twins,SSG Landers,7.0,10.0,Final,문학,-
20250816-Samsung_Lions-Lotte_Giants,2025-08-16 18:00:00,2025,Samsung Lions,Lotte Giants,4.0,1.0,Final,사직,-
20250817-KT_Wiz-Kiwoom_Heroes,2025-08-17 14:00:00,2025,KT Wiz,Kiwoom Heroes,5.0,3.0,Final,고척,-
20250817-Hanwha_Eagles-NC_Dinos,2025-08-17 18:00:00,2025,Hanwha Eagles,NC Dinos,4.0,9.0,Final,창원,-
20250817-KIA_Tigers-Doosan_Bears,2025-08-17 18:00:00,2025,KIA Tigers,Doosan Bears,2.0,4.0,Final,잠실,-
20250817-LG_Twins-SSG_Landers,2025-08-17 18:00:00,2025,LG Twins,SSG Landers,6.0,1.0,Final,문학,-
20250817-Samsung_Lions-Lotte_Giants,2025-08-17 18:00:00,2025,Samsung Lions,Lotte Giants,8.0,8.0,Final,사직,-
20250819-Doosan_Bears-Hanwha_Eagles,2025-08-19 18:30:00,2025,Doosan Bears,Hanwha Eagles,6.0,5.0,Final,대전,-
20250819-Kiwoom_Heroes-KIA_Tigers,2025-08-19 18:30:00,2025,Kiwoom Heroes,KIA Tigers,9.0,12.0,Final,광주,-
20250819-Lotte_Giants-LG_Twins,2025-08-19 18:30:00,2025,Lotte Giants,LG Twins,2.0,5.0,Final,잠실,-
20250819-SSG_Landers-KT_Wiz,2025-08-19 18:30:00,2025,SSG Landers,KT Wiz,4.0,5.0,Final,수원,-
20250819-Samsung_Lions-NC_Dinos,2025-08-19 18:30:00,2025,Samsung Lions,NC Dinos,6.0,2.0,Final,창원,-
20250820-Doosan_Bears-Hanwha_Eagles,2025-08-20 18:30:00,2025,Doosan Bears,Hanwha Eagles,13.0,9.0,Final,대전,-
20250820-Kiwoom_Heroes-KIA_Tigers,2025-08-20 18:30:00,2025,Kiwoom Heroes,KIA Tigers,6.0,1.0,Final,광주,-
20250820-Lotte_Giants-LG_Twins,2025-08-20 18:30:00,2025,Lotte Giants,LG Twins,3.0,5.0,Final,잠실,-
20250820-SSG_Landers-KT_Wiz,2025-08-20 18:30:00,2025,SSG Landers,KT Wiz,5.0,3.0,Final,수원,-
20250820-Samsung_Lions-NC_Dinos,2025-08-20 18:30:00,2025,Samsung Lions,NC Dinos,4.0,3.0,Final,창원,-
20250821-Doosan_Bears-Hanwha_Eagles,2025-08-21 18:30:00,2025,Doosan Bears,Hanwha Eagles,6.0,3.0,Final,대전,-
20250821-Kiwoom_Heroes-KIA_Tigers,2025-08-21 18:30:00,2025,Kiwoom Heroes,KIA Tigers,11.0,10.0,Final,광주,-
20250821-Lotte_Giants-LG_Twins,2025-08-21 18:30:00,2025,Lotte Giants,LG Twins,6.0,6.0,Final,잠실,-
20250821-SSG_Landers-KT_Wiz,2025-08-21 18:30:00,2025,SSG Landers,KT Wiz,7.0,1.0,Final,수원,-
20250821-Samsung_Lions-NC_Dinos,2025-08-21 18:30:00,2025,Samsung Lions,NC Dinos,5.0,7.0,Final,창원,-
20250822-KT_Wiz-Doosan_Bears,2025-08-22 18:30:00,2025,KT Wiz,Doosan Bears,13.0,8.0,Final,잠실,-
20250822-Kiwoom_Heroes-Samsung_Lions,2025-08-22 18:30:00,2025,Kiwoom Heroes,Samsung Lions,2.0,8.0,Final,대구,-
20250822-LG_Twins-KIA_Tigers,2025-08-22 18:30:00,2025,LG Twins,KIA Tigers,14.0,2.0,Final,광주,-
20250822-Lotte_Giants-NC_Dinos,2025-08-22 18:30:00,2025,Lotte Giants,NC Dinos,6.0,7.0,Final,창원,-
20250822-SSG_Landers-Hanwha_Eagles,2025-08-22 18:30:00,2025,SSG Landers,Hanwha Eagles,1.0,0.0,Final,대전,-
20250823-KT_Wiz-Doosan_Bears,2025-08-23 18:00:00,2025,KT Wiz,Doosan Bears,6.0,2.0,Final,잠실,-
20250823-Kiwoom_Heroes-Samsung_Lions,2025-08-23 18:00:00,2025,Kiwoom Heroes,Samsung Lions,8.0,12.0,Final,대구,-
20250823-LG_Twins-KIA_Tigers,2025-08-23 18:00:00,2025,LG Twins,KIA Tigers,6.0,2.0,Final,광주,-
20250823-Lotte_Giants-NC_Dinos,2025-08-23 18:00:00,2025,Lotte Giants,NC Dinos,1.0,4.0,Final,창원,-
20250823-SSG_Landers-Hanwha_Eagles,2025-08-23 18:00:00,2025,SSG Landers,Hanwha Eagles,0.0,5.0,Final,대전,-
20250824-KT_Wiz-Doosan_Bears,2025-08-24 18:00:00,2025,KT Wiz,Doosan Bears,3.0,2.0,Final,잠실,-
20250824-Kiwoom_Heroes-Samsung_Lions,2025-08-24 18:00:00,2025,Kiwoom Heroes,Samsung Lions,4.0,7.0,Final,대구,-
20250824-LG_Twins-KIA_Tigers,2025-08-24 18:00:00,2025,LG Twins,KIA Tigers,2.0,1.0,Final,광주,-
20250824-Lotte_Giants-NC_Dinos,2025-08-24 18:00:00,2025,Lotte Giants,NC Dinos,17.0,5.0,Final,창원,-
20250824-SSG_Landers-Hanwha_Eagles,2025-08-24 18:00:00,2025,SSG Landers,Hanwha Eagles,2.0,5.0,Final,대전,-
20250826-Hanwha_Eagles-Kiwoom_Heroes,2025-08-26 18:30:00,2025,Hanwha Eagles,Kiwoom Heroes,3.0,1.0,Final,고척,-
20250826-KIA_Tigers-SSG_Landers,2025-08-26 18:30:00,2025,KIA Tigers,SSG Landers,5.0,9.0,Final,문학,-
20250826-KT_Wiz-Lotte_Giants,2025-08-26 18:30:00,2025,KT Wiz,Lotte Giants,3.0,4.0,Final,사직,-
20250826-LG_Twins-NC_Dinos,2025-08-26 18:30:00,2025,LG Twins,NC Dinos,7.0,9.0,Final,창원,-
20250826-Samsung_Lions-Doosan_Bears,2025-08-26 18:30:00,2025,Samsung Lions,Doosan Bears,6.0,2.0,Final,잠실,-
20250827-Hanwha_Eagles-Kiwoom_Heroes,2025-08-27 18:30:00,2025,Hanwha Eagles,Kiwoom Heroes,3.0,1.0,Final,고척,-
20250827-KIA_Tigers-SSG_Landers,2025-08-27 18:30:00,2025,KIA Tigers,SSG Landers,4.0,2.0,Final,문학,-
20250827-KT_Wiz-Lotte_Giants,2025-08-27 18:30:00,2025,KT Wiz,Lotte Giants,7.0,2.0,Final,사직,-
20250827-LG_Twins-NC_Dinos,2025-08-27 18:30:00,2025,LG Twins,NC Dinos,10.0,1.0,Final,창원,-
20250827-Samsung_Lions-Doosan_Bears,2025-08-27 18:30:00,2025,Samsung Lions,Doosan Bears,14.0,1.0,Final,잠실,-
20250828-Hanwha_Eagles-Kiwoom_Heroes,2025-08-28 18:30:00,2025,Hanwha Eagles,Kiwoom Heroes,9.0,3.0,Final,고척,-
20250828-KIA_Tigers-SSG_Landers,2025-08-28 18:30:00,2025,KIA Tigers,SSG Landers,10.0,6.0,Final,문학,-
20250828-KT_Wiz-Lotte_Giants,2025-08-28 18:30:00,2025,KT Wiz,Lotte Giants,2.0,3.0,Final,사직,-
20250828-LG_Twins-NC_Dinos,2025-08-28 18:30:00,2025,LG Twins,NC Dinos,4.0,3.0,Final,창원,-
20250828-Samsung_Lions-Doosan_Bears,2025-08-28 18:30:00,2025,Samsung Lions,Doosan Bears,6.0,7.0,Final,잠실,-
20250829-Doosan_Bears-Lotte_Giants,2025-08-29 18:30:00,2025,Doosan Bears,Lotte Giants,7.0,1.0,Final,사직,-
20250829-KIA_Tigers-KT_Wiz,2025-08-29 18:30:00,2025,KIA Tigers,KT Wiz,10.0,1.0,Final,수원,-
20250829-Kiwoom_Heroes-LG_Twins,2025-08-29 18:30:00,2025,Kiwoom Heroes,LG Twins,3.0,2.0,Final,잠실,-
20250829-NC_Dinos-SSG_Landers,2025-08-29 18:30:00,2025,NC Dinos,SSG Landers,0.0,8.0,Final,문학,-
20250829-Samsung_Lions-Hanwha_Eagles,2025-08-29 18:30:00,2025,Samsung Lions,Hanwha Eagles,5.0,3.0,Final,대전,-
20250830-Doosan_Bears-Lotte_Giants,2025-08-30 18:00:00,2025,Doosan Bears,Lotte Giants,8.0,8.0,Final,사직,-
20250830-KIA_Tigers-KT_Wiz,2025-08-30 18:00:00,2025,KIA Tigers,KT Wiz,2.0,8.0,Final,수원,-
20250830-Kiwoom_Heroes-LG_Twins,2025-08-30 18:00:00,2025,Kiwoom Heroes,LG Twins,5.0,6.0,Final,잠실,-
20250830-NC_Dinos-SSG_Landers,2025-08-30 18:00:00,2025,NC Dinos,SSG Landers,12.0,2.0,Final,문학,-
20250830-Samsung_Lions-Hanwha_Eagles,2025-08-30 18:00:00,2025,Samsung Lions,Hanwha Eagles,4.0,0.0,Final,대전,-
20250831-Doosan_Bears-Lotte_Giants,2025-08-31 18:00:00,2025,Doosan Bears,Lotte Giants,1.0,5.0,Final,사직,-
20250831-KIA_Tigers-KT_Wiz,2025-08-31 18:00:00,2025,KIA Tigers,KT Wiz,6.0,7.0,Final,수원,-
20250831-Kiwoom_Heroes-LG_Twins,2025-08-31 18:00:00,2025,Kiwoom Heroes,LG Twins,6.0,5.0,Final,잠실,-
20250831-NC_Dinos-SSG_Landers,2025-08-31 18:00:00,2025,NC Dinos,SSG Landers,8.0,10.0,Final,문학,-
20250831-Samsung_Lions-Hanwha_Eagles,2025-08-31 18:00:00,2025,Samsung Lions,Hanwha Eagles,5.0,3.0,Final,대전,-
20250902-KIA_Tigers-Hanwha_Eagles,2025-09-02 18:30:00,2025,KIA Tigers,Hanwha Eagles,3.0,21.0,Final,대전,-
20250902-Kiwoom_Heroes-SSG_Landers,2025-09-02 18:30:00,2025,Kiwoom Heroes,SSG Landers,1.0,6.0,Final,문학,-
20250902-Lotte_Giants-LG_Twins,2025-09-02 18:30:00,2025,Lotte Giants,LG Twins,2.0,3.0,Final,잠실,-
20250902-NC_Dinos-KT_Wiz,2025-09-02 18:30:00,2025,NC Dinos,KT Wiz,9.0,4.0,Final,수원,-
20250903-Kiwoom_Heroes-Samsung_Lions,2025-09-03 18:30:00,2025,Kiwoom Heroes,Samsung Lions,4.0,3.0,Final,대구,-
20250903-Lotte_Giants-KT_Wiz,2025-09-03 18:30:00,2025,Lotte Giants,KT Wiz,8.0,9.0,Final,수원,-
20250903-NC_Dinos-Hanwha_Eagles,2025-09-03 18:30:00,2025,NC Dinos,Hanwha Eagles,5.0,6.0,Final,대전,-
20250903-SSG_Landers-KIA_Tigers,2025-09-03 18:30:00,2025,SSG Landers,KIA Tigers,2.0,1.0,Final,광주,-
20250904-Doosan_Bears-NC_Dinos,2025-09-04 18:30:00,2025,Doosan Bears,NC Dinos,12.0,3.0,Final,창원,-
20250904-Kiwoom_Heroes-Samsung_Lions,2025-09-04 18:30:00,2025,Kiwoom Heroes,Samsung Lions,,,Postponed,대구,우천취소
20250904-LG_Twins-KT_Wiz,2025-09-04 18:30:00,2025,LG Twins,KT Wiz,10.0,8.0,Final,수원,-
20250904-SSG_Landers-KIA_Tigers,2025-09-04 18:30:00,2025,SSG Landers,KIA Tigers,,,Postponed,광주,우천취소
20250905-Doosan_Bears-NC_Dinos,2025-09-05 18:30:00,2025,Doosan Bears,NC Dinos,9.0,3.0,Final,창원,-
20250905-KT_Wiz-KIA_Tigers,2025-09-05 18:30:00,2025,KT Wiz,KIA Tigers,,,Postponed,광주,우천취소
20250905-Kiwoom_Heroes-Samsung_Lions,2025-09-05 18:30:00,2025,Kiwoom Heroes,Samsung Lions,3.0,8.0,Final,대구,-
20250905-Lotte_Giants-SSG_Landers,2025-09-05 18:30:00,2025,Lotte Giants,SSG Landers,5.0,7.0,Final,문학,-
20250906-Hanwha_Eagles-Samsung_Lions,2025-09-06 17:00:00,2025,Hanwha Eagles,Samsung Lions,7.0,4.0,Final,대구,-
20250906-KIA_Tigers-NC_Dinos,2025-09-06 17:00:00,2025,KIA Tigers,NC Dinos,8.0,4.0,Final,창원,-
20250906-LG_Twins-Doosan_Bears,2025-09-06 17:00:00,2025,LG Twins,Doosan Bears,,,Postponed,잠실,우천취소
20250906-Lotte_Giants-SSG_Landers,2025-09-06 17:00:00,2025,Lotte Giants,SSG Landers,,,Postponed,문학,우천취소
20250907-Hanwha_Eagles-Samsung_Lions,2025-09-07 17:00:00,2025,Hanwha Eagles,Samsung Lions,3.0,4.0,Final,대구,-
20250907-KIA_Tigers-NC_Dinos,2025-09-07 17:00:00,2025,KIA Tigers,NC Dinos,1.0,2.0,Final,창원,-
20250907-SSG_Landers-LG_Twins,2025-09-07 17:00:00,2025,SSG Landers,LG Twins,7.0,3.0,Final,잠실,-
20250909-Doosan_Bears-KT_Wiz,2025-09-09 18:30:00,2025,Doosan Bears,KT Wiz,1.0,8.0,Final,수원,-
20250909-Hanwha_Eagles-Lotte_Giants,2025-09-09 18:30:00,2025,Hanwha Eagles,Lotte Giants,9.0,1.0,Final,사직,-
20250909-LG_Twins-Kiwoom_Heroes,2025-09-09 18:30:00,2025,LG Twins,Kiwoom Heroes,2.0,11.0,Final,고척,-
20250909-SSG_Landers-NC_Dinos,2025-09-09 18:30:00,2025,SSG Landers,NC Dinos,,,Postponed,창원,우천취소
20250909-Samsung_Lions-KIA_Tigers,2025-09-09 18:30:00,2025,Samsung Lions,KIA Tigers,,,Postponed,광주,그라운드사정
20250910-Hanwha_Eagles-Lotte_Giants,2025-09-10 18:30:00,2025,Hanwha Eagles,Lotte Giants,13.0,0.0,Final,사직,-
20250910-LG_Twins-Doosan_Bears,2025-09-10 18:30:00,2025,LG Twins,Doosan Bears,8.0,4.0,Final,잠실,-
20250910-SSG_Landers-NC_Dinos,2025-09-10 18:30:00,2025,SSG Landers,NC Dinos,4.0,5.0,Final,창원,-
20250910-Samsung_Lions-KIA_Tigers,2025-09-10 18:30:00,2025,Samsung Lions,KIA Tigers,0.0,4.0,Final,광주,-
20250911-KT_Wiz-LG_Twins,2025-09-11 18:30:00,2025,KT Wiz,LG Twins,6.0,4.0,Final,잠실,-
20250911-Lotte_Giants-KIA_Tigers,2025-09-11 18:30:00,2025,Lotte Giants,KIA Tigers,4.0,3.0,Final,광주,-
20250911-NC_Dinos-Kiwoom_Heroes,2025-09-11 18:30:00,2025,NC Dinos,Kiwoom Heroes,1.0,4.0,Final,고척,-
20250911-SSG_Landers-Samsung_Lions,2025-09-11 18:30:00,2025,SSG Landers,Samsung Lions,8.0,4.0,Final,대구,-
20250912-Doosan_Bears-KIA_Tigers,2025-09-12 18:30:00,2025,Doosan Bears,KIA Tigers,4.0,5.0,Final,광주,-
20250912-Kiwoom_Heroes-Hanwha_Eagles,2025-09-12 18:30:00,2025,Kiwoom Heroes,Hanwha Eagles,,,Postponed,대전,우천취소
20250912-NC_Dinos-LG_Twins,2025-09-12 18:30:00,2025,NC Dinos,LG Twins,,,Postponed,잠실,우천취소
20250913-Doosan_Bears-NC_Dinos,2025-09-13 17:00:00,2025,Doosan Bears,NC Dinos,4.0,6.0,Final,창원,-
20250913-KIA_Tigers-LG_Twins,2025-09-13 17:00:00,2025,KIA Tigers,LG Twins,6.0,3.0,Final,잠실,-
20250913-KT_Wiz-Samsung_Lions,2025-09-13 17:00:00,2025,KT Wiz,Samsung Lions,5.0,3.0,Final,대구,-
20250913-Kiwoom_Heroes-Hanwha_Eagles,2025-09-13 17:00:00,2025,Kiwoom Heroes,Hanwha Eagles,5.0,10.0,Final,대전,-
20250913-SSG_Landers-Lotte_Giants,2025-09-13 17:00:00,2025,SSG Landers,Lotte Giants,11.0,12.0,Final,사직,-
20250914-Doosan_Bears-NC_Dinos,2025-09-14 17:00:00,2025,Doosan Bears,NC Dinos,0.0,6.0,Final,창원,-
20250914-KIA_Tigers-LG_Twins,2025-09-14 17:00:00,2025,KIA Tigers,LG Twins,0.0,14.0,Final,잠실,-
20250914-KT_Wiz-Samsung_Lions,2025-09-14 17:00:00,2025,KT Wiz,Samsung Lions,2.0,6.0,Final,대구,-
20250914-Kiwoom_Heroes-Hanwha_Eagles,2025-09-14 17:00:00,2025,Kiwoom Heroes,Hanwha Eagles,13.0,10.0,Final,대전,-
20250915-Kiwoom_Heroes-Hanwha_Eagles,2025-09-15 18:30:00,2025,Kiwoom Heroes,Hanwha Eagles,6.0,7.0,Final,대전,-
20250916-Hanwha_Eagles-KIA_Tigers,2025-09-16 18:30:00,2025,Hanwha Eagles,KIA Tigers,11.0,1.0,Final,광주,-
20250916-Kiwoom_Heroes-Doosan_Bears,2025-09-16 18:30:00,2025,Kiwoom Heroes,Doosan Bears,4.0,1.0,Final,잠실,-
20250916-LG_Twins-KT_Wiz,2025-09-16 18:30:00,2025,LG Twins,KT Wiz,10.0,6.0,Final,수원,-
20250916-Lotte_Giants-Samsung_Lions,2025-09-16 18:30:00,2025,Lotte Giants,Samsung Lions,5.0,7.0,Final,대구,-
20250916-SSG_Landers-NC_Dinos,2025-09-16 18:30:00,2025,SSG Landers,NC Dinos,7.0,3.0,Final,창원,-
20250917-SSG_Landers-NC_Dinos,2025-09-17 15:00:00,2025,SSG Landers,NC Dinos,,,Postponed,창원,우천취소
20250917-Hanwha_Eagles-KIA_Tigers,2025-09-17 18:30:00,2025,Hanwha Eagles,KIA Tigers,6.0,2.0,Final,광주,-
20250917-Kiwoom_Heroes-Doosan_Bears,2025-09-17 18:30:00,2025,Kiwoom Heroes,Doosan Bears,4.0,2.0,Final,잠실,-
20250917-LG_Twins-KT_Wiz,2025-09-17 18:30:00,2025,LG Twins,KT Wiz,,,Postponed,수원,우천취소
20250917-Lotte_Giants-Samsung_Lions,2025-09-17 18:30:00,2025,Lotte Giants,Samsung Lions,,,Postponed,대구,그라운드사정
20250917-SSG_Landers-NC_Dinos-G2,2025-09-17 18:30:00,2025,SSG Landers,NC Dinos,0.0,4.0,Final,창원,-
20250918-LG_Twins-KT_Wiz,2025-09-18 15:00:00,2025,LG Twins,KT Wiz,6.0,2.0,Final,수원,-
20250918-Hanwha_Eagles-KIA_Tigers,2025-09-18 18:30:00,2025,Hanwha Eagles,KIA Tigers,4.0,3.0,Final,광주,-
20250918-Kiwoom_Heroes-Doosan_Bears,2025-09-18 18:30:00,2025,Kiwoom Heroes,Doosan Bears,2.0,3.0,Final,잠실,-
20250918-LG_Twins-KT_Wiz-G2,2025-09-18 18:30:00,2025,LG Twins,KT Wiz,14.0,1.0,Final,수원,-
20250918-Samsung_Lions-NC_Dinos,2025-09-18 18:30:00,2025,Samsung Lions,NC Dinos,9.0,5.0,Final,창원,-
20250919-Doosan_Bears-SSG_Landers,2025-09-19 18:30:00,2025,Doosan Bears,SSG Landers,,,Postponed,문학,우천취소
20250919-Hanwha_Eagles-KT_Wiz,2025-09-19 18:30:00,2025,Hanwha Eagles,KT Wiz,,,Postponed,수원,우천취소
20250919-Lotte_Giants-NC_Dinos,2025-09-19 18:30:00,2025,Lotte Giants,NC Dinos,18.0,2.0,Final,창원,-
20250920-Doosan_Bears-SSG_Landers,2025-09-20 17:00:00,2025,Doosan Bears,SSG Landers,2.0,15.0,Final,문학,-
20250920-Hanwha_Eagles-KT_Wiz,2025-09-20 17:00:00,2025,Hanwha Eagles,KT Wiz,2.0,4.0,Final,수원,-
20250920-Kiwoom_Heroes-Lotte_Giants,2025-09-20 17:00:00,2025,Kiwoom Heroes,Lotte Giants,15.0,5.0,Final,사직,-
20250920-NC_Dinos-KIA_Tigers,2025-09-20 17:00:00,2025,NC Dinos,KIA Tigers,4.0,5.0,Final,광주,-
20250920-Samsung_Lions-LG_Twins,2025-09-20 17:00:00,2025,Samsung Lions,LG Twins,14.0,4.0,Final,잠실,-
20250921-Doosan_Bears-SSG_Landers,2025-09-21 14:00:00,2025,Doosan Bears,SSG Landers,3.0,7.0,Final,문학,-
20250921-NC_Dinos-KIA_Tigers,2025-09-21 14:00:00,2025,NC Dinos,KIA Tigers,7.0,6.0,Final,광주,-
20250921-Samsung_Lions-KT_Wiz,2025-09-21 14:00:00,2025,Samsung Lions,KT Wiz,3.0,6.0,Final,수원,-
20250922-Doosan_Bears-SSG_Landers,2025-09-22 18:30:00,2025,Doosan Bears,SSG Landers,9.0,2.0,Final,문학,-
20250923-Doosan_Bears-Samsung_Lions,2025-09-23 18:30:00,2025,Doosan Bears,Samsung Lions,5.0,7.0,Final,대구,-
20250923-KIA_Tigers-SSG_Landers,2025-09-23 18:30:00,2025,KIA Tigers,SSG Landers,0.0,5.0,Final,문학,-
20250923-Kiwoom_Heroes-KT_Wiz,2025-09-23 18:30:00,2025,Kiwoom Heroes,KT Wiz,0.0,7.0,Final,수원,-
20250923-NC_Dinos-Lotte_Giants,2025-09-23 18:30:00,2025,NC Dinos,Lotte Giants,4.0,2.0,Final,울산,-
20250924-Hanwha_Eagles-SSG_Landers,2025-09-24 18:30:00,2025,Hanwha Eagles,SSG Landers,,,Postponed,문학,우천취소
20250924-KIA_Tigers-Kiwoom_Heroes,2025-09-24 18:30:00,2025,KIA Tigers,Kiwoom Heroes,2.0,0.0,Final,고척,-
20250924-LG_Twins-NC_Dinos,2025-09-24 18:30:00,2025,LG Twins,NC Dinos,5.0,10.0,Final,창원,-
20250924-Lotte_Giants-Samsung_Lions,2025-09-24 18:30:00,2025,Lotte Giants,Samsung Lions,4.0,9.0,Final,대구,-
20250925-Hanwha_Eagles-Doosan_Bears,2025-09-25 18:30:00,2025,Hanwha Eagles,Doosan Bears,0.0,7.0,Final,잠실,-
20250925-KT_Wiz-SSG_Landers,2025-09-25 18:30:00,2025,KT Wiz,SSG Landers,10.0,1.0,Final,문학,-
20250925-Kiwoom_Heroes-Samsung_Lions,2025-09-25 18:30:00,2025,Kiwoom Heroes,Samsung Lions,3.0,12.0,Final,대구,-
20250925-LG_Twins-Lotte_Giants,2025-09-25 18:30:00,2025,LG Twins,Lotte Giants,11.0,1.0,Final,울산,-
20250926-KT_Wiz-SSG_Landers,2025-09-26 18:30:00,2025,KT Wiz,SSG Landers,2.0,5.0,Final,문학,-
20250926-LG_Twins-Hanwha_Eagles,2025-09-26 18:30:00,2025,LG Twins,Hanwha Eagles,1.0,4.0,Final,대전,-
20250926-NC_Dinos-Doosan_Bears,2025-09-26 18:30:00,2025,NC Dinos,Doosan Bears,3.0,0.0,Final,잠실,-
20250926-Samsung_Lions-Lotte_Giants,2025-09-26 18:30:00,2025,Samsung Lions,Lotte Giants,9.0,10.0,Final,사직,-
20250927-LG_Twins-Hanwha_Eagles,2025-09-27 17:00:00,2025,LG Twins,Hanwha Eagles,9.0,2.0,Final,대전,-
20250927-NC_Dinos-KIA_Tigers,2025-09-27 17:00:00,2025,NC Dinos,KIA Tigers,2.0,1.0,Final,광주,-
20250927-SSG_Landers-Doosan_Bears,2025-09-27 17:00:00,2025,SSG Landers,Doosan Bears,6.0,2.0,Final,잠실,-
20250928-LG_Twins-Hanwha_Eagles,2025-09-28 14:00:00,2025,LG Twins,Hanwha Eagles,,,Postponed,대전,우천취소
20250928-Lotte_Giants-Doosan_Bears,2025-09-28 14:00:00,2025,Lotte Giants,Doosan Bears,2.0,7.0,Final,잠실,-
20250928-NC_Dinos-KIA_Tigers,2025-09-28 14:00:00,2025,NC Dinos,KIA Tigers,,,Postponed,광주,우천취소
20250928-Samsung_Lions-Kiwoom_Heroes,2025-09-28 14:00:00,2025,Samsung Lions,Kiwoom Heroes,4.0,2.0,Final,고척,-
20250929-LG_Twins-Hanwha_Eagles,2025-09-29 18:30:00,2025,LG Twins,Hanwha Eagles,3.0,7.0,Final,대전,-
20250929-Lotte_Giants-SSG_Landers,2025-09-29 18:30:00,2025,Lotte Giants,SSG Landers,2.0,4.0,Final,문학,-
20250929-NC_Dinos-KIA_Tigers,2025-09-29 18:30:00,2025,NC Dinos,KIA Tigers,13.0,4.0,Final,광주,-
20250930-Doosan_Bears-LG_Twins,2025-09-30 18:30:00,2025,Doosan Bears,LG Twins,6.0,0.0,Final,잠실,-
20250930-KIA_Tigers-Samsung_Lions,2025-09-30 18:30:00,2025,KIA Tigers,Samsung Lions,0.0,5.0,Final,대구,-
20250930-KT_Wiz-NC_Dinos,2025-09-30 18:30:00,2025,KT Wiz,NC Dinos,4.0,9.0,Final,창원,-
20250930-Lotte_Giants-Hanwha_Eagles,2025-09-30 18:30:00,2025,Lotte Giants,Hanwha Eagles,0.0,1.0,Final,대전,-
20250930-SSG_Landers-Kiwoom_Heroes,2025-09-30 18:30:00,2025,SSG Landers,Kiwoom Heroes,4.0,3.0,Final,고척,-
20251001-Hanwha_Eagles-SSG_Landers,2025-10-01 18:30:00,2025,Hanwha Eagles,SSG Landers,5.0,6.0,Final,문학,-
20251001-KT_Wiz-KIA_Tigers,2025-10-01 18:30:00,2025,KT Wiz,KIA Tigers,9.0,3.0,Final,광주,-
20251001-NC_Dinos-LG_Twins,2025-10-01 18:30:00,2025,NC Dinos,LG Twins,7.0,3.0,Final,잠실,-
20251002-SSG_Landers-KIA_Tigers,2025-10-02 18:30:00,2025,SSG Landers,KIA Tigers,2.0,7.0,Final,광주,-
20251003-Hanwha_Eagles-KT_Wiz,2025-10-03 17:00:00,2025,Hanwha Eagles,KT Wiz,6.0,6.0,Final,수원,-
20251003-SSG_Landers-NC_Dinos,2025-10-03 17:00:00,2025,SSG Landers,NC Dinos,,,Postponed,창원,우천취소
20251003-Samsung_Lions-KIA_Tigers,2025-10-03 17:00:00,2025,Samsung Lions,KIA Tigers,,,Postponed,광주,우천취소
20251004-SSG_Landers-NC_Dinos,2025-10-04 17:00:00,2025,SSG Landers,NC Dinos,1.0,7.0,Final,창원,-
20251004-Samsung_Lions-KIA_Tigers,2025-10-04 17:00:00,2025,Samsung Lions,KIA Tigers,8.0,9.0,Final,광주,-
20260328-Doosan_Bears-NC_Dinos,2026-03-28 14:00:00,2026,Doosan Bears,NC Dinos,0,6,Final,창원,-
20260328-KIA_Tigers-SSG_Landers,2026-03-28 14:00:00,2026,KIA Tigers,SSG Landers,6,7,Final,문학,-
20260328-KT_Wiz-LG_Twins,2026-03-28 14:00:00,2026,KT Wiz,LG Twins,11,7,Final,잠실,-
20260328-Kiwoom_Heroes-Hanwha_Eagles,2026-03-28 14:00:00,2026,Kiwoom Heroes,Hanwha Eagles,9,10,Final,대전,-
20260328-Lotte_Giants-Samsung_Lions,2026-03-28 14:00:00,2026,Lotte Giants,Samsung Lions,6,3,Final,대구,-
20260329-Doosan_Bears-NC_Dinos,2026-03-29 14:00:00,2026,Doosan Bears,NC Dinos,9,6,Final,창원,-
20260329-KIA_Tigers-SSG_Landers,2026-03-29 14:00:00,2026,KIA Tigers,SSG Landers,6,11,Final,문학,-
20260329-KT_Wiz-LG_Twins,2026-03-29 14:00:00,2026,KT Wiz,LG Twins,6,5,Final,잠실,-
20260329-Kiwoom_Heroes-Hanwha_Eagles,2026-03-29 14:00:00,2026,Kiwoom Heroes,Hanwha Eagles,4,10,Final,대전,-
20260329-Lotte_Giants-Samsung_Lions,2026-03-29 14:00:00,2026,Lotte Giants,Samsung Lions,6,2,Final,대구,-
20260331-Doosan_Bears-Samsung_Lions,2026-03-31 18:30:00,2026,Doosan Bears,Samsung Lions,5,5,Final,대구,-
20260331-KIA_Tigers-LG_Twins,2026-03-31 18:30:00,2026,KIA Tigers,LG Twins,7,2,Final,잠실,-
20260331-KT_Wiz-Hanwha_Eagles,2026-03-31 18:30:00,2026,KT Wiz,Hanwha Eagles,9,4,Final,대전,-
20260331-Kiwoom_Heroes-SSG_Landers,2026-03-31 18:30:00,2026,Kiwoom Heroes,SSG Landers,3,9,Final,문학,-
20260331-Lotte_Giants-NC_Dinos,2026-03-31 18:30:00,2026,Lotte Giants,NC Dinos,2,9,Final,창원,-
20260401-Doosan_Bears-Samsung_Lions,2026-04-01 18:30:00,2026,Doosan Bears,Samsung Lions,3.0,13.0,Final,대구,-
20260401-KIA_Tigers-LG_Twins,2026-04-01 18:30:00,2026,KIA Tigers,LG Twins,2.0,7.0,Final,잠실,-
20260401-KT_Wiz-Hanwha_Eagles,2026-04-01 18:30:00,2026,KT Wiz,Hanwha Eagles,14.0,11.0,Final,대전,-
20260401-Kiwoom_Heroes-SSG_Landers,2026-04-01 18:30:00,2026,Kiwoom Heroes,SSG Landers,11.0,2.0,Final,문학,-
20260401-Lotte_Giants-NC_Dinos,2026-04-01 18:30:00,2026,Lotte Giants,NC Dinos,4.0,5.0,Final,창원,-
20260402-Doosan_Bears-Samsung_Lions,2026-04-02 18:30:00,2026,Doosan Bears,Samsung Lions,2.0,5.0,Final,대구,-
20260402-KIA_Tigers-LG_Twins,2026-04-02 18:30:00,2026,KIA Tigers,LG Twins,1.0,2.0,Final,잠실,-
20260402-KT_Wiz-Hanwha_Eagles,2026-04-02 18:30:00,2026,KT Wiz,Hanwha Eagles,13.0,8.0,Final,대전,-
20260402-Kiwoom_Heroes-SSG_Landers,2026-04-02 18:30:00,2026,Kiwoom Heroes,SSG Landers,1.0,11.0,Final,문학,-
20260402-Lotte_Giants-NC_Dinos,2026-04-02 18:30:00,2026,Lotte Giants,NC Dinos,4.0,8.0,Final,창원,-
20260403-Hanwha_Eagles-Doosan_Bears,2026-04-03 18:30:00,2026,Hanwha Eagles,Doosan Bears,11.0,6.0,Final,잠실,-
20260403-LG_Twins-Kiwoom_Heroes,2026-04-03 18:30:00,2026,LG Twins,Kiwoom Heroes,2.0,5.0,Final,고척,-
20260403-NC_Dinos-KIA_Tigers,2026-04-03 18:30:00,2026,NC Dinos,KIA Tigers,5.0,2.0,Final,광주,-
20260403-SSG_Landers-Lotte_Giants,2026-04-03 18:30:00,2026,SSG Landers,Lotte Giants,17.0,2.0,Final,사직,-
20260403-Samsung_Lions-KT_Wiz,2026-04-03 18:30:00,2026,Samsung Lions,KT Wiz,2.0,1.0,Final,수원,-
20260404-Hanwha_Eagles-Doosan_Bears,2026-04-04 14:00:00,2026,Hanwha Eagles,Doosan Bears,9.0,3.0,Final,잠실,-
20260404-LG_Twins-Kiwoom_Heroes,2026-04-04 17:00:00,2026,LG Twins,Kiwoom Heroes,6.0,4.0,Final,고척,-
20260404-NC_Dinos-KIA_Tigers,2026-04-04 17:00:00,2026,NC Dinos,KIA Tigers,6.0,0.0,Final,광주,-
20260404-SSG_Landers-Lotte_Giants,2026-04-04 17:00:00,2026,SSG Landers,Lotte Giants,7.0,6.0,Final,사직,-
20260404-Samsung_Lions-KT_Wiz,2026-04-04 17:00:00,2026,Samsung Lions,KT Wiz,8.0,6.0,Final,수원,-
20260405-Hanwha_Eagles-Doosan_Bears,2026-04-05 14:00:00,2026,Hanwha Eagles,Doosan Bears,0.0,8.0,Final,잠실,-
20260405-LG_Twins-Kiwoom_Heroes,2026-04-05 14:00:00,2026,LG Twins,Kiwoom Heroes,6.0,5.0,Final,고척,-
20260405-NC_Dinos-KIA_Tigers,2026-04-05 14:00:00,2026,NC Dinos,KIA Tigers,0.0,3.0,Final,광주,-
20260405-SSG_Landers-Lotte_Giants,2026-04-05 14:00:00,2026,SSG Landers,Lotte Giants,4.0,3.0,Final,사직,-
20260405-Samsung_Lions-KT_Wiz,2026-04-05 14:00:00,2026,Samsung Lions,KT Wiz,0.0,2.0,Final,수원,-
20260407-Hanwha_Eagles-SSG_Landers,2026-04-07 18:30:00,2026,Hanwha Eagles,SSG Landers,6.0,2.0,Final,문학,-
20260407-KT_Wiz-Lotte_Giants,2026-04-07 18:30:00,2026,KT Wiz,Lotte Giants,7.0,3.0,Final,사직,-
20260407-Kiwoom_Heroes-Doosan_Bears,2026-04-07 18:30:00,2026,Kiwoom Heroes,Doosan Bears,5.0,2.0,Final,잠실,-
20260407-LG_Twins-NC_Dinos,2026-04-07 18:30:00,2026,LG Twins,NC Dinos,2.0,0.0,Final,창원,-
20260407-Samsung_Lions-KIA_Tigers,2026-04-07 18:30:00,2026,Samsung Lions,KIA Tigers,10.0,3.0,Final,광주,-
20260408-Hanwha_Eagles-SSG_Landers,2026-04-08 18:30:00,2026,Hanwha Eagles,SSG Landers,4.0,3.0,Final,문학,-
20260408-KT_Wiz-Lotte_Giants,2026-04-08 18:30:00,2026,KT Wiz,Lotte Giants,1.0,6.0,Final,사직,-
20260408-Kiwoom_Heroes-Doosan_Bears,2026-04-08 18:30:00,2026,Kiwoom Heroes,Doosan Bears,3.0,7.0,Final,잠실,-
20260408-LG_Twins-NC_Dinos,2026-04-08 18:30:00,2026,LG Twins,NC Dinos,5.0,4.0,Final,창원,-
20260408-Samsung_Lions-KIA_Tigers,2026-04-08 18:30:00,2026,Samsung Lions,KIA Tigers,5.0,15.0,Final,광주,-
20260409-Hanwha_Eagles-SSG_Landers,2026-04-09 18:30:00,2026,Hanwha Eagles,SSG Landers,,,Postponed,문학,우천취소
20260409-KT_Wiz-Lotte_Giants,2026-04-09 18:30:00,2026,KT Wiz,Lotte Giants,,,Postponed,사직,우천취소
20260409-Kiwoom_Heroes-Doosan_Bears,2026-04-09 18:30:00,2026,Kiwoom Heroes,Doosan Bears,,,Postponed,잠실,우천취소
20260409-LG_Twins-NC_Dinos,2026-04-09 18:30:00,2026,LG Twins,NC Dinos,,,Postponed,창원,우천취소
20260409-Samsung_Lions-KIA_Tigers,2026-04-09 18:30:00,2026,Samsung Lions,KIA Tigers,,,Postponed,광주,우천취소
20260410-Doosan_Bears-KT_Wiz,2026-04-10 18:30:00,2026,Doosan Bears,KT Wiz,8.0,7.0,Final,수원,-
20260410-KIA_Tigers-Hanwha_Eagles,2026-04-10 18:30:00,2026,KIA Tigers,Hanwha Eagles,6.0,5.0,Final,대전,-
20260410-Lotte_Giants-Kiwoom_Heroes,2026-04-10 18:30:00,2026,Lotte Giants,Kiwoom Heroes,3.0,1.0,Final,고척,-
20260410-NC_Dinos-Samsung_Lions,2026-04-10 18:30:00,2026,NC Dinos,Samsung Lions,5.0,8.0,Final,대구,-
20260410-SSG_Landers-LG_Twins,2026-04-10 18:30:00,2026,SSG Landers,LG Twins,2.0,10.0,Final,잠실,-
20260411-KIA_Tigers-Hanwha_Eagles,2026-04-11 14:00:00,2026,KIA Tigers,Hanwha Eagles,6.0,5.0,Final,대전,-
20260411-Doosan_Bears-KT_Wiz,2026-04-11 17:00:00,2026,Doosan Bears,KT Wiz,4.0,6.0,Final,수원,-
20260411-Lotte_Giants-Kiwoom_Heroes,2026-04-11 17:00:00,2026,Lotte Giants,Kiwoom Heroes,3.0,1.0,Final,고척,-
20260411-NC_Dinos-Samsung_Lions,2026-04-11 17:00:00,2026,NC Dinos,Samsung Lions,4.0,5.0,Final,대구,-
20260411-SSG_Landers-LG_Twins,2026-04-11 17:00:00,2026,SSG Landers,LG Twins,3.0,4.0,Final,잠실,-
20260412-Doosan_Bears-KT_Wiz,2026-04-12 14:00:00,2026,Doosan Bears,KT Wiz,1.0,6.0,Final,수원,-
20260412-KIA_Tigers-Hanwha_Eagles,2026-04-12 14:00:00,2026,KIA Tigers,Hanwha Eagles,9.0,3.0,Final,대전,-
20260412-Lotte_Giants-Kiwoom_Heroes,2026-04-12 14:00:00,2026,Lotte Giants,Kiwoom Heroes,0.0,2.0,Final,고척,-
20260412-NC_Dinos-Samsung_Lions,2026-04-12 14:00:00,2026,NC Dinos,Samsung Lions,3.0,9.0,Final,대구,-
20260412-SSG_Landers-LG_Twins,2026-04-12 14:00:00,2026,SSG Landers,LG Twins,1.0,9.0,Final,잠실,-
20260414-Doosan_Bears-SSG_Landers,2026-04-14 18:30:00,2026,Doosan Bears,SSG Landers,11.0,3.0,Final,문학,-
20260414-KT_Wiz-NC_Dinos,2026-04-14 18:30:00,2026,KT Wiz,NC Dinos,4.0,7.0,Final,창원,-
20260414-Kiwoom_Heroes-KIA_Tigers,2026-04-14 18:30:00,2026,Kiwoom Heroes,KIA Tigers,2.0,6.0,Final,광주,-
20260414-Lotte_Giants-LG_Twins,2026-04-14 18:30:00,2026,Lotte Giants,LG Twins,1.0,2.0,Final,잠실,-
20260414-Samsung_Lions-Hanwha_Eagles,2026-04-14 18:30:00,2026,Samsung Lions,Hanwha Eagles,6.0,5.0,Final,대전,-
20260415-Doosan_Bears-SSG_Landers,2026-04-15 18:30:00,2026,Doosan Bears,SSG Landers,0.0,6.0,Final,문학,-
20260415-KT_Wiz-NC_Dinos,2026-04-15 18:30:00,2026,KT Wiz,NC Dinos,10.0,2.0,Final,창원,-
20260415-Kiwoom_Heroes-KIA_Tigers,2026-04-15 18:30:00,2026,Kiwoom Heroes,KIA Tigers,5.0,7.0,Final,광주,-
20260415-Lotte_Giants-LG_Twins,2026-04-15 18:30:00,2026,Lotte Giants,LG Twins,2.0,0.0,Final,잠실,-
20260415-Samsung_Lions-Hanwha_Eagles,2026-04-15 18:30:00,2026,Samsung Lions,Hanwha Eagles,13.0,5.0,Final,대전,-
20260416-Doosan_Bears-SSG_Landers,2026-04-16 18:30:00,2026,Doosan Bears,SSG Landers,1.0,2.0,Final,문학,-
20260416-KT_Wiz-NC_Dinos,2026-04-16 18:30:00,2026,KT Wiz,NC Dinos,4.0,3.0,Final,창원,-
20260416-Kiwoom_Heroes-KIA_Tigers,2026-04-16 18:30:00,2026,Kiwoom Heroes,KIA Tigers,1.0,5.0,Final,광주,-
20260416-Lotte_Giants-LG_Twins,2026-04-16 18:30:00,2026,Lotte Giants,LG Twins,4.0,7.0,Final,잠실,-
20260416-Samsung_Lions-Hanwha_Eagles,2026-04-16 18:30:00,2026,Samsung Lions,Hanwha Eagles,6.0,1.0,Final,대전,-
20260417-Hanwha_Eagles-Lotte_Giants,2026-04-17 18:30:00,2026,Hanwha Eagles,Lotte Giants,,,Postponed,사직,우천취소
20260417-KIA_Tigers-Doosan_Bears,2026-04-17 18:30:00,2026,KIA Tigers,Doosan Bears,7.0,3.0,Final,잠실,-
20260417-Kiwoom_Heroes-KT_Wiz,2026-04-17 18:30:00,2026,Kiwoom Heroes,KT Wiz,0.0,5.0,Final,수원,-
20260417-LG_Twins-Samsung_Lions,2026-04-17 18:30:00,2026,LG Twins,Samsung Lions,,,Postponed,대구,우천취소
20260417-SSG_Landers-NC_Dinos,2026-04-17 18:30:00,2026,SSG Landers,NC Dinos,,,Postponed,창원,우천취소
20260418-LG_Twins-Samsung_Lions,2026-04-18 14:00:00,2026,LG Twins,Samsung Lions,2.0,7.0,Final,대구,-
20260418-Hanwha_Eagles-Lotte_Giants,2026-04-18 17:00:00,2026,Hanwha Eagles,Lotte Giants,5.0,0.0,Final,사직,-
20260418-KIA_Tigers-Doosan_Bears,2026-04-18 17:00:00,2026,KIA Tigers,Doosan Bears,4.0,5.0,Final,잠실,-
20260418-Kiwoom_Heroes-KT_Wiz,2026-04-18 17:00:00,2026,Kiwoom Heroes,KT Wiz,2.0,4.0,Final,수원,-
20260418-SSG_Landers-NC_Dinos,2026-04-18 17:00:00,2026,SSG Landers,NC Dinos,11.0,3.0,Final,창원,-
20260419-Hanwha_Eagles-Lotte_Giants,2026-04-19 14:00:00,2026,Hanwha Eagles,Lotte Giants,9.0,1.0,Final,사직,-
20260419-KIA_Tigers-Doosan_Bears,2026-04-19 14:00:00,2026,KIA Tigers,Doosan Bears,3.0,6.0,Final,잠실,-
20260419-LG_Twins-Samsung_Lions,2026-04-19 14:00:00,2026,LG Twins,Samsung Lions,5.0,0.0,Final,대구,-
20260419-SSG_Landers-NC_Dinos,2026-04-19 14:00:00,2026,SSG Landers,NC Dinos,2.0,9.0,Final,창원,-
20260419-Kiwoom_Heroes-KT_Wiz,2026-04-19 17:00:00,2026,Kiwoom Heroes,KT Wiz,3.0,1.0,Final,수원,-
20260421-Doosan_Bears-Lotte_Giants,2026-04-21 18:30:00,2026,Doosan Bears,Lotte Giants,6.0,2.0,Final,사직,-
20260421-Hanwha_Eagles-LG_Twins,2026-04-21 18:30:00,2026,Hanwha Eagles,LG Twins,5.0,6.0,Final,잠실,-
20260421-KIA_Tigers-KT_Wiz,2026-04-21 18:30:00,2026,KIA Tigers,KT Wiz,5.0,6.0,Final,수원,-
20260421-NC_Dinos-Kiwoom_Heroes,2026-04-21 18:30:00,2026,NC Dinos,Kiwoom Heroes,1.0,2.0,Final,고척,-
20260421-SSG_Landers-Samsung_Lions,2026-04-21 18:30:00,2026,SSG Landers,Samsung Lions,5.0,4.0,Final,대구,-
20260422-Doosan_Bears-Lotte_Giants,2026-04-22 18:30:00,2026,Doosan Bears,Lotte Giants,9.0,1.0,Final,사직,-
20260422-Hanwha_Eagles-LG_Twins,2026-04-22 18:30:00,2026,Hanwha Eagles,LG Twins,0.0,3.0,Final,잠실,-
20260422-KIA_Tigers-KT_Wiz,2026-04-22 18:30:00,2026,KIA Tigers,KT Wiz,3.0,8.0,Final,수원,-
20260422-NC_Dinos-Kiwoom_Heroes,2026-04-22 18:30:00,2026,NC Dinos,Kiwoom Heroes,0.0,3.0,Final,고척,-
20260422-SSG_Landers-Samsung_Lions,2026-04-22 18:30:00,2026,SSG Landers,Samsung Lions,3.0,2.0,Final,대구,-
20260423-Doosan_Bears-Lotte_Giants,2026-04-23 18:30:00,2026,Doosan Bears,Lotte Giants,1.0,6.0,Final,사직,-
20260423-Hanwha_Eagles-LG_Twins,2026-04-23 18:30:00,2026,Hanwha Eagles,LG Twins,8.0,4.0,Final,잠실,-
20260423-KIA_Tigers-KT_Wiz,2026-04-23 18:30:00,2026,KIA Tigers,KT Wiz,3.0,8.0,Final,수원,-
20260423-NC_Dinos-Kiwoom_Heroes,2026-04-23 18:30:00,2026,NC Dinos,Kiwoom Heroes,12.0,2.0,Final,고척,-
20260423-SSG_Landers-Samsung_Lions,2026-04-23 18:30:00,2026,SSG Landers,Samsung Lions,8.0,2.0,Final,대구,-
20260424-KT_Wiz-SSG_Landers,2026-04-24 18:30:00,2026,KT Wiz,SSG Landers,0.0,5.0,Final,문학,-
20260424-LG_Twins-Doosan_Bears,2026-04-24 18:30:00,2026,LG Twins,Doosan Bears,4.0,1.0,Final,잠실,-
20260424-Lotte_Giants-KIA_Tigers,2026-04-24 18:30:00,2026,Lotte Giants,KIA Tigers,0.0,4.0,Final,광주,-
20260424-NC_Dinos-Hanwha_Eagles,2026-04-24 18:30:00,2026,NC Dinos,Hanwha Eagles,7.0,3.0,Final,대전,-
20260424-Samsung_Lions-Kiwoom_Heroes,2026-04-24 18:30:00,2026,Samsung Lions,Kiwoom Heroes,4.0,6.0,Final,고척,-
20260425-LG_Twins-Doosan_Bears,2026-04-25 14:00:00,2026,LG Twins,Doosan Bears,7.0,5.0,Final,잠실,-
20260425-KT_Wiz-SSG_Landers,2026-04-25 17:00:00,2026,KT Wiz,SSG Landers,1.0,3.0,Final,문학,-
20260425-Lotte_Giants-KIA_Tigers,2026-04-25 17:00:00,2026,Lotte Giants,KIA Tigers,3.0,4.0,Final,광주,-
20260425-NC_Dinos-Hanwha_Eagles,2026-04-25 17:00:00,2026,NC Dinos,Hanwha Eagles,1.0,8.0,Final,대전,-
20260425-Samsung_Lions-Kiwoom_Heroes,2026-04-25 17:00:00,2026,Samsung Lions,Kiwoom Heroes,2.0,4.0,Final,고척,-
20260426-KT_Wiz-SSG_Landers,2026-04-26 14:00:00,2026,KT Wiz,SSG Landers,12.0,2.0,Final,문학,-
20260426-LG_Twins-Doosan_Bears,2026-04-26 14:00:00,2026,LG Twins,Doosan Bears,3.0,4.0,Final,잠실,-
20260426-Lotte_Giants-KIA_Tigers,2026-04-26 14:00:00,2026,Lotte Giants,KIA Tigers,5.0,5.0,Final,광주,-
20260426-NC_Dinos-Hanwha_Eagles,2026-04-26 14:00:00,2026,NC Dinos,Hanwha Eagles,5.0,3.0,Final,대전,-
20260426-Samsung_Lions-Kiwoom_Heroes,2026-04-26 14:00:00,2026,Samsung Lions,Kiwoom Heroes,0.0,2.0,Final,고척,-
20260428-KIA_Tigers-NC_Dinos,2026-04-28 18:30:00,2026,KIA Tigers,NC Dinos,4.0,5.0,Final,창원,-
20260428-Kiwoom_Heroes-Lotte_Giants,2026-04-28 18:30:00,2026,Kiwoom Heroes,Lotte Giants,4.0,5.0,Final,사직,-
20260428-LG_Twins-KT_Wiz,2026-04-28 18:30:00,2026,LG Twins,KT Wiz,5.0,6.0,Final,수원,-
20260428-SSG_Landers-Hanwha_Eagles,2026-04-28 18:30:00,2026,SSG Landers,Hanwha Eagles,6.0,7.0,Final,대전,-
20260428-Samsung_Lions-Doosan_Bears,2026-04-28 18:30:00,2026,Samsung Lions,Doosan Bears,5.0,4.0,Final,잠실,-
20260429-KIA_Tigers-NC_Dinos,2026-04-29 18:30:00,2026,KIA Tigers,NC Dinos,9.0,4.0,Final,창원,-
20260429-Kiwoom_Heroes-Lotte_Giants,2026-04-29 18:30:00,2026,Kiwoom Heroes,Lotte Giants,6.0,5.0,Final,사직,-
20260429-LG_Twins-KT_Wiz,2026-04-29 18:30:00,2026,LG Twins,KT Wiz,4.0,5.0,Final,수원,-
20260429-SSG_Landers-Hanwha_Eagles,2026-04-29 18:30:00,2026,SSG Landers,Hanwha Eagles,6.0,1.0,Final,대전,-
20260429-Samsung_Lions-Doosan_Bears,2026-04-29 18:30:00,2026,Samsung Lions,Doosan Bears,0.0,4.0,Final,잠실,-
20260430-KIA_Tigers-NC_Dinos,2026-04-30 18:30:00,2026,KIA Tigers,NC Dinos,2.0,7.0,Final,창원,-
20260430-Kiwoom_Heroes-Lotte_Giants,2026-04-30 18:30:00,2026,Kiwoom Heroes,Lotte Giants,1.0,3.0,Final,사직,-
20260430-LG_Twins-KT_Wiz,2026-04-30 18:30:00,2026,LG Twins,KT Wiz,6.0,5.0,Final,수원,-
20260430-SSG_Landers-Hanwha_Eagles,2026-04-30 18:30:00,2026,SSG Landers,Hanwha Eagles,14.0,3.0,Final,대전,-
20260430-Samsung_Lions-Doosan_Bears,2026-04-30 18:30:00,2026,Samsung Lions,Doosan Bears,5.0,8.0,Final,잠실,-
20260501-Doosan_Bears-Kiwoom_Heroes,2026-05-01 17:00:00,2026,Doosan Bears,Kiwoom Heroes,16.0,6.0,Final,고척,-
20260501-Hanwha_Eagles-Samsung_Lions,2026-05-01 17:00:00,2026,Hanwha Eagles,Samsung Lions,3.0,4.0,Final,대구,-
20260501-KT_Wiz-KIA_Tigers,2026-05-01 17:00:00,2026,KT Wiz,KIA Tigers,4.0,3.0,Final,광주,-
20260501-Lotte_Giants-SSG_Landers,2026-05-01 17:00:00,2026,Lotte Giants,SSG Landers,10.0,7.0,Final,문학,-
20260501-NC_Dinos-LG_Twins,2026-05-01 17:00:00,2026,NC Dinos,LG Twins,1.0,5.0,Final,잠실,-
20260502-Lotte_Giants-SSG_Landers,2026-05-02 14:00:00,2026,Lotte Giants,SSG Landers,7.0,5.0,Final,문학,-
20260502-Doosan_Bears-Kiwoom_Heroes,2026-05-02 17:00:00,2026,Doosan Bears,Kiwoom Heroes,2.0,4.0,Final,고척,-
20260502-Hanwha_Eagles-Samsung_Lions,2026-05-02 17:00:00,2026,Hanwha Eagles,Samsung Lions,13.0,3.0,Final,대구,-
20260502-KT_Wiz-KIA_Tigers,2026-05-02 17:00:00,2026,KT Wiz,KIA Tigers,0.0,6.0,Final,광주,-
20260502-NC_Dinos-LG_Twins,2026-05-02 17:00:00,2026,NC Dinos,LG Twins,5.0,13.0,Final,잠실,-
20260503-Doosan_Bears-Kiwoom_Heroes,2026-05-03 14:00:00,2026,Doosan Bears,Kiwoom Heroes,14.0,3.0,Final,고척,-
20260503-Hanwha_Eagles-Samsung_Lions,2026-05-03 14:00:00,2026,Hanwha Eagles,Samsung Lions,6.0,7.0,Final,대구,-
20260503-KT_Wiz-KIA_Tigers,2026-05-03 14:00:00,2026,KT Wiz,KIA Tigers,6.0,4.0,Final,광주,-
20260503-Lotte_Giants-SSG_Landers,2026-05-03 14:00:00,2026,Lotte Giants,SSG Landers,5.0,2.0,Final,문학,-
20260503-NC_Dinos-LG_Twins,2026-05-03 14:00:00,2026,NC Dinos,LG Twins,10.0,3.0,Final,잠실,-
20260505-Doosan_Bears-LG_Twins,2026-05-05 14:00:00,2026,Doosan Bears,LG Twins,1.0,2.0,Final,잠실,-
20260505-Hanwha_Eagles-KIA_Tigers,2026-05-05 14:00:00,2026,Hanwha Eagles,KIA Tigers,7.0,12.0,Final,광주,-
20260505-Kiwoom_Heroes-Samsung_Lions,2026-05-05 14:00:00,2026,Kiwoom Heroes,Samsung Lions,1.0,11.0,Final,대구,-
20260505-Lotte_Giants-KT_Wiz,2026-05-05 14:00:00,2026,Lotte Giants,KT Wiz,4.0,5.0,Final,수원,-
20260505-NC_Dinos-SSG_Landers,2026-05-05 14:00:00,2026,NC Dinos,SSG Landers,7.0,7.0,Final,문학,-
20260506-Doosan_Bears-LG_Twins,2026-05-06 18:30:00,2026,Doosan Bears,LG Twins,1.0,6.0,Final,잠실,-
20260506-Hanwha_Eagles-KIA_Tigers,2026-05-06 18:30:00,2026,Hanwha Eagles,KIA Tigers,7.0,2.0,Final,광주,-
20260506-Kiwoom_Heroes-Samsung_Lions,2026-05-06 18:30:00,2026,Kiwoom Heroes,Samsung Lions,1.0,2.0,Final,대구,-
20260506-Lotte_Giants-KT_Wiz,2026-05-06 18:30:00,2026,Lotte Giants,KT Wiz,8.0,1.0,Final,수원,-
20260506-NC_Dinos-SSG_Landers,2026-05-06 18:30:00,2026,NC Dinos,SSG Landers,6.0,7.0,Final,문학,-
20260507-Doosan_Bears-LG_Twins,2026-05-07 18:30:00,2026,Doosan Bears,LG Twins,3.0,2.0,Final,잠실,-
20260507-Hanwha_Eagles-KIA_Tigers,2026-05-07 18:30:00,2026,Hanwha Eagles,KIA Tigers,11.0,8.0,Final,광주,-
20260507-Kiwoom_Heroes-Samsung_Lions,2026-05-07 18:30:00,2026,Kiwoom Heroes,Samsung Lions,0.0,6.0,Final,대구,-
20260507-Lotte_Giants-KT_Wiz,2026-05-07 18:30:00,2026,Lotte Giants,KT Wiz,,,Postponed,수원,우천취소
20260507-NC_Dinos-SSG_Landers,2026-05-07 18:30:00,2026,NC Dinos,SSG Landers,10.0,5.0,Final,문학,-
20260508-KIA_Tigers-Lotte_Giants,2026-05-08 18:30:00,2026,KIA Tigers,Lotte Giants,8.0,2.0,Final,사직,-
20260508-KT_Wiz-Kiwoom_Heroes,2026-05-08 18:30:00,2026,KT Wiz,Kiwoom Heroes,8.0,0.0,Final,고척,-
20260508-LG_Twins-Hanwha_Eagles,2026-05-08 18:30:00,2026,LG Twins,Hanwha Eagles,9.0,8.0,Final,대전,-
20260508-SSG_Landers-Doosan_Bears,2026-05-08 18:30:00,2026,SSG Landers,Doosan Bears,4.0,1.0,Final,잠실,-
20260508-Samsung_Lions-NC_Dinos,2026-05-08 18:30:00,2026,Samsung Lions,NC Dinos,4.0,3.0,Final,창원,-
20260509-LG_Twins-Hanwha_Eagles,2026-05-09 14:00:00,2026,LG Twins,Hanwha Eagles,3.0,11.0,Final,대전,-
20260509-KIA_Tigers-Lotte_Giants,2026-05-09 17:00:00,2026,KIA Tigers,Lotte Giants,3.0,1.0,Final,사직,-
20260509-KT_Wiz-Kiwoom_Heroes,2026-05-09 17:00:00,2026,KT Wiz,Kiwoom Heroes,6.0,6.0,Final,고척,-
20260509-SSG_Landers-Doosan_Bears,2026-05-09 17:00:00,2026,SSG Landers,Doosan Bears,4.0,9.0,Final,잠실,-
20260509-Samsung_Lions-NC_Dinos,2026-05-09 17:00:00,2026,Samsung Lions,NC Dinos,5.0,4.0,Final,창원,-
20260510-KIA_Tigers-Lotte_Giants,2026-05-10 14:00:00,2026,KIA Tigers,Lotte Giants,3.0,7.0,Final,사직,-
20260510-KT_Wiz-Kiwoom_Heroes,2026-05-10 14:00:00,2026,KT Wiz,Kiwoom Heroes,1.0,5.0,Final,고척,-
20260510-LG_Twins-Hanwha_Eagles,2026-05-10 14:00:00,2026,LG Twins,Hanwha Eagles,3.0,9.0,Final,대전,-
20260510-SSG_Landers-Doosan_Bears,2026-05-10 14:00:00,2026,SSG Landers,Doosan Bears,1.0,3.0,Final,잠실,-
20260510-Samsung_Lions-NC_Dinos,2026-05-10 14:00:00,2026,Samsung Lions,NC Dinos,11.0,1.0,Final,창원,-
20260512-Doosan_Bears-KIA_Tigers,2026-05-12 18:30:00,2026,Doosan Bears,KIA Tigers,5.0,1.0,Final,광주,-
20260512-Hanwha_Eagles-Kiwoom_Heroes,2026-05-12 18:30:00,2026,Hanwha Eagles,Kiwoom Heroes,11.0,5.0,Final,고척,-
20260512-NC_Dinos-Lotte_Giants,2026-05-12 18:30:00,2026,NC Dinos,Lotte Giants,8.0,1.0,Final,사직,-
20260512-SSG_Landers-KT_Wiz,2026-05-12 18:30:00,2026,SSG Landers,KT Wiz,5.0,1.0,Final,수원,-
20260512-Samsung_Lions-LG_Twins,2026-05-12 18:30:00,2026,Samsung Lions,LG Twins,9.0,1.0,Final,잠실,-
20260513-Doosan_Bears-KIA_Tigers,2026-05-13 18:30:00,2026,Doosan Bears,KIA Tigers,2.0,9.0,Final,광주,-
20260513-Hanwha_Eagles-Kiwoom_Heroes,2026-05-13 18:30:00,2026,Hanwha Eagles,Kiwoom Heroes,2.0,3.0,Final,고척,-
20260513-NC_Dinos-Lotte_Giants,2026-05-13 18:30:00,2026,NC Dinos,Lotte Giants,5.0,10.0,Final,사직,-
20260513-SSG_Landers-KT_Wiz,2026-05-13 18:30:00,2026,SSG Landers,KT Wiz,4.0,18.0,Final,수원,-
20260513-Samsung_Lions-LG_Twins,2026-05-13 18:30:00,2026,Samsung Lions,LG Twins,3.0,5.0,Final,잠실,-
20260514-Doosan_Bears-KIA_Tigers,2026-05-14 18:30:00,2026,Doosan Bears,KIA Tigers,3.0,5.0,Final,광주,-
20260514-Hanwha_Eagles-Kiwoom_Heroes,2026-05-14 18:30:00,2026,Hanwha Eagles,Kiwoom Heroes,10.0,1.0,Final,고척,-
20260514-NC_Dinos-Lotte_Giants,2026-05-14 18:30:00,2026,NC Dinos,Lotte Giants,5.0,4.0,Final,사직,-
20260514-SSG_Landers-KT_Wiz,2026-05-14 18:30:00,2026,SSG Landers,KT Wiz,16.0,10.0,Final,수원,-
20260514-Samsung_Lions-LG_Twins,2026-05-14 18:30:00,2026,Samsung Lions,LG Twins,9.0,5.0,Final,잠실,-
20260515-Hanwha_Eagles-KT_Wiz,2026-05-15 18:30:00,2026,Hanwha Eagles,KT Wiz,5.0,3.0,Final,수원,-
20260515-KIA_Tigers-Samsung_Lions,2026-05-15 18:30:00,2026,KIA Tigers,Samsung Lions,5.0,4.0,Final,대구,-
20260515-Kiwoom_Heroes-NC_Dinos,2026-05-15 18:30:00,2026,Kiwoom Heroes,NC Dinos,4.0,1.0,Final,창원,-
20260515-LG_Twins-SSG_Landers,2026-05-15 18:30:00,2026,LG Twins,SSG Landers,8.0,7.0,Final,문학,-
20260515-Lotte_Giants-Doosan_Bears,2026-05-15 18:30:00,2026,Lotte Giants,Doosan Bears,6.0,5.0,Final,잠실,-
20260516-Hanwha_Eagles-KT_Wiz,2026-05-16 14:00:00,2026,Hanwha Eagles,KT Wiz,10.0,5.0,Final,수원,-
20260516-KIA_Tigers-Samsung_Lions,2026-05-16 17:00:00,2026,KIA Tigers,Samsung Lions,2.0,5.0,Final,대구,-
20260516-Kiwoom_Heroes-NC_Dinos,2026-05-16 17:00:00,2026,Kiwoom Heroes,NC Dinos,2.0,9.0,Final,창원,-
20260516-LG_Twins-SSG_Landers,2026-05-16 17:00:00,2026,LG Twins,SSG Landers,3.0,4.0,Final,문학,-
20260516-Lotte_Giants-Doosan_Bears,2026-05-16 17:00:00,2026,Lotte Giants,Doosan Bears,9.0,10.0,Final,잠실,-
20260517-Hanwha_Eagles-KT_Wiz,2026-05-17 14:00:00,2026,Hanwha Eagles,KT Wiz,7.0,8.0,Final,수원,-
20260517-KIA_Tigers-Samsung_Lions,2026-05-17 14:00:00,2026,KIA Tigers,Samsung Lions,16.0,7.0,Final,대구,-
20260517-Kiwoom_Heroes-NC_Dinos,2026-05-17 14:00:00,2026,Kiwoom Heroes,NC Dinos,3.0,2.0,Final,창원,-
20260517-LG_Twins-SSG_Landers,2026-05-17 14:00:00,2026,LG Twins,SSG Landers,6.0,4.0,Final,문학,-
20260517-Lotte_Giants-Doosan_Bears,2026-05-17 14:00:00,2026,Lotte Giants,Doosan Bears,4.0,8.0,Final,잠실,-
20260519-KT_Wiz-Samsung_Lions,2026-05-19 18:30:00,2026,KT Wiz,Samsung Lions,2.0,10.0,Final,포항,-
20260519-LG_Twins-KIA_Tigers,2026-05-19 18:30:00,2026,LG Twins,KIA Tigers,0.0,14.0,Final,광주,-
20260519-Lotte_Giants-Hanwha_Eagles,2026-05-19 18:30:00,2026,Lotte Giants,Hanwha Eagles,6.0,4.0,Final,대전,-
20260519-NC_Dinos-Doosan_Bears,2026-05-19 18:30:00,2026,NC Dinos,Doosan Bears,3.0,9.0,Final,잠실,-
20260519-SSG_Landers-Kiwoom_Heroes,2026-05-19 18:30:00,2026,SSG Landers,Kiwoom Heroes,6.0,7.0,Final,고척,-
20260520-KT_Wiz-Samsung_Lions,2026-05-20 18:30:00,2026,KT Wiz,Samsung Lions,,,Postponed,포항,우천취소
20260520-LG_Twins-KIA_Tigers,2026-05-20 18:30:00,2026,LG Twins,KIA Tigers,,,Postponed,광주,우천취소
20260520-Lotte_Giants-Hanwha_Eagles,2026-05-20 18:30:00,2026,Lotte Giants,Hanwha Eagles,,,Postponed,대전,우천취소
20260520-NC_Dinos-Doosan_Bears,2026-05-20 18:30:00,2026,NC Dinos,Doosan Bears,,,Postponed,잠실,우천취소
20260520-SSG_Landers-Kiwoom_Heroes,2026-05-20 18:30:00,2026,SSG Landers,Kiwoom Heroes,5.0,6.0,Final,고척,-
20260521-KT_Wiz-Samsung_Lions,2026-05-21 18:30:00,2026,KT Wiz,Samsung Lions,5.0,8.0,Final,포항,-
20260521-LG_Twins-KIA_Tigers,2026-05-21 18:30:00,2026,LG Twins,KIA Tigers,5.0,3.0,Final,광주,-
20260521-Lotte_Giants-Hanwha_Eagles,2026-05-21 18:30:00,2026,Lotte Giants,Hanwha Eagles,8.0,2.0,Final,대전,-
20260521-NC_Dinos-Doosan_Bears,2026-05-21 18:30:00,2026,NC Dinos,Doosan Bears,0.0,1.0,Final,잠실,-
20260521-SSG_Landers-Kiwoom_Heroes,2026-05-21 18:30:00,2026,SSG Landers,Kiwoom Heroes,0.0,6.0,Final,고척,-
20260522-Doosan_Bears-Hanwha_Eagles,2026-05-22 18:30:00,2026,Doosan Bears,Hanwha Eagles,3.0,5.0,Final,대전,-
20260522-Kiwoom_Heroes-LG_Twins,2026-05-22 18:30:00,2026,Kiwoom Heroes,LG Twins,7.0,0.0,Final,잠실,-
20260522-NC_Dinos-KT_Wiz,2026-05-22 18:30:00,2026,NC Dinos,KT Wiz,4.0,7.0,Final,수원,-
20260522-SSG_Landers-KIA_Tigers,2026-05-22 18:30:00,2026,SSG Landers,KIA Tigers,2.0,5.0,Final,광주,-
20260522-Samsung_Lions-Lotte_Giants,2026-05-22 18:30:00,2026,Samsung Lions,Lotte Giants,7.0,5.0,Final,사직,-
20260523-Kiwoom_Heroes-LG_Twins,2026-05-23 14:00:00,2026,Kiwoom Heroes,LG Twins,2.0,5.0,Final,잠실,-
20260523-Doosan_Bears-Hanwha_Eagles,2026-05-23 17:00:00,2026,Doosan Bears,Hanwha Eagles,2.0,5.0,Final,대전,-
20260523-NC_Dinos-KT_Wiz,2026-05-23 17:00:00,2026,NC Dinos,KT Wiz,5.0,10.0,Final,수원,-
20260523-SSG_Landers-KIA_Tigers,2026-05-23 17:00:00,2026,SSG Landers,KIA Tigers,4.0,5.0,Final,광주,-
20260523-Samsung_Lions-Lotte_Giants,2026-05-23 17:00:00,2026,Samsung Lions,Lotte Giants,5.0,7.0,Final,사직,-
20260524-Doosan_Bears-Hanwha_Eagles,2026-05-24 14:00:00,2026,Doosan Bears,Hanwha Eagles,2.0,5.0,Final,대전,-
20260524-Kiwoom_Heroes-LG_Twins,2026-05-24 14:00:00,2026,Kiwoom Heroes,LG Twins,4.0,6.0,Final,잠실,-
20260524-NC_Dinos-KT_Wiz,2026-05-24 14:00:00,2026,NC Dinos,KT Wiz,8.0,5.0,Final,수원,-
20260524-SSG_Landers-KIA_Tigers,2026-05-24 14:00:00,2026,SSG Landers,KIA Tigers,2.0,3.0,Final,광주,-
20260524-Samsung_Lions-Lotte_Giants,2026-05-24 14:00:00,2026,Samsung Lions,Lotte Giants,10.0,0.0,Final,사직,-
20260526-Hanwha_Eagles-NC_Dinos,2026-05-26 18:30:00,2026,Hanwha Eagles,NC Dinos,,,Postponed,창원,우천취소
20260526-KIA_Tigers-Kiwoom_Heroes,2026-05-26 18:30:00,2026,KIA Tigers,Kiwoom Heroes,5.0,2.0,Final,고척,-
20260526-KT_Wiz-Doosan_Bears,2026-05-26 18:30:00,2026,KT Wiz,Doosan Bears,6.0,0.0,Final,잠실,-
20260526-LG_Twins-Lotte_Giants,2026-05-26 18:30:00,2026,LG Twins,Lotte Giants,2.0,1.0,Final,사직,-
20260526-Samsung_Lions-SSG_Landers,2026-05-26 18:30:00,2026,Samsung Lions,SSG Landers,,,Postponed,문학,우천취소
20260527-Hanwha_Eagles-NC_Dinos,2026-05-27 18:30:00,2026,Hanwha Eagles,NC Dinos,4.0,6.0,Final,창원,-
20260527-KIA_Tigers-Kiwoom_Heroes,2026-05-27 18:30:00,2026,KIA Tigers,Kiwoom Heroes,9.0,2.0,Final,고척,-
20260527-KT_Wiz-Doosan_Bears,2026-05-27 18:30:00,2026,KT Wiz,Doosan Bears,0.0,5.0,Final,잠실,-
20260527-LG_Twins-Lotte_Giants,2026-05-27 18:30:00,2026,LG Twins,Lotte Giants,8.0,6.0,Final,사직,-
20260527-Samsung_Lions-SSG_Landers,2026-05-27 18:30:00,2026,Samsung Lions,SSG Landers,4.0,1.0,Final,문학,-
20260528-Hanwha_Eagles-NC_Dinos,2026-05-28 18:30:00,2026,Hanwha Eagles,NC Dinos,18.0,7.0,Final,창원,-
20260528-KIA_Tigers-Kiwoom_Heroes,2026-05-28 18:30:00,2026,KIA Tigers,Kiwoom Heroes,5.0,0.0,Final,고척,-
20260528-KT_Wiz-Doosan_Bears,2026-05-28 18:30:00,2026,KT Wiz,Doosan Bears,11.0,3.0,Final,잠실,-
20260528-LG_Twins-Lotte_Giants,2026-05-28 18:30:00,2026,LG Twins,Lotte Giants,5.0,8.0,Final,사직,-
20260528-Samsung_Lions-SSG_Landers,2026-05-28 18:30:00,2026,Samsung Lions,SSG Landers,10.0,1.0,Final,문학,-
20260529-Doosan_Bears-Samsung_Lions,2026-05-29 18:30:00,2026,Doosan Bears,Samsung Lions,9.0,7.0,Final,대구,-
20260529-KIA_Tigers-LG_Twins,2026-05-29 18:30:00,2026,KIA Tigers,LG Twins,2.0,12.0,Final,잠실,-
20260529-KT_Wiz-Kiwoom_Heroes,2026-05-29 18:30:00,2026,KT Wiz,Kiwoom Heroes,7.0,1.0,Final,고척,-
20260529-Lotte_Giants-NC_Dinos,2026-05-29 18:30:00,2026,Lotte Giants,NC Dinos,6.0,2.0,Final,창원,-
20260529-SSG_Landers-Hanwha_Eagles,2026-05-29 18:30:00,2026,SSG Landers,Hanwha Eagles,3.0,4.0,Final,대전,-
20260530-Doosan_Bears-Samsung_Lions,2026-05-30 14:00:00,2026,Doosan Bears,Samsung Lions,8.0,7.0,Final,대구,-
20260530-KIA_Tigers-LG_Twins,2026-05-30 17:00:00,2026,KIA Tigers,LG Twins,1.0,3.0,Final,잠실,-
20260530-KT_Wiz-Kiwoom_Heroes,2026-05-30 17:00:00,2026,KT Wiz,Kiwoom Heroes,8.0,7.0,Final,고척,-
20260530-Lotte_Giants-NC_Dinos,2026-05-30 17:00:00,2026,Lotte Giants,NC Dinos,2.0,6.0,Final,창원,-
20260530-SSG_Landers-Hanwha_Eagles,2026-05-30 17:00:00,2026,SSG Landers,Hanwha Eagles,10.0,13.0,Final,대전,-
20260531-Doosan_Bears-Samsung_Lions,2026-05-31 14:00:00,2026,Doosan Bears,Samsung Lions,4.0,9.0,Final,대구,-
20260531-KIA_Tigers-LG_Twins,2026-05-31 14:00:00,2026,KIA Tigers,LG Twins,3.0,5.0,Final,잠실,-
20260531-KT_Wiz-Kiwoom_Heroes,2026-05-31 14:00:00,2026,KT Wiz,Kiwoom Heroes,5.0,1.0,Final,고척,-
20260531-Lotte_Giants-NC_Dinos,2026-05-31 14:00:00,2026,Lotte Giants,NC Dinos,2.0,8.0,Final,창원,-
20260531-SSG_Landers-Hanwha_Eagles,2026-05-31 14:00:00,2026,SSG Landers,Hanwha Eagles,2.0,6.0,Final,대전,-
20260602-Hanwha_Eagles-Doosan_Bears,2026-06-02 18:30:00,2026,Hanwha Eagles,Doosan Bears,3.0,5.0,Final,잠실,-
20260602-Kiwoom_Heroes-SSG_Landers,2026-06-02 18:30:00,2026,Kiwoom Heroes,SSG Landers,12.0,6.0,Final,문학,-
20260602-LG_Twins-KT_Wiz,2026-06-02 18:30:00,2026,LG Twins,KT Wiz,10.0,1.0,Final,수원,-
20260602-Lotte_Giants-KIA_Tigers,2026-06-02 18:30:00,2026,Lotte Giants,KIA Tigers,4.0,5.0,Final,광주,-
20260602-NC_Dinos-Samsung_Lions,2026-06-02 18:30:00,2026,NC Dinos,Samsung Lions,7.0,8.0,Final,대구,-
20260603-Hanwha_Eagles-Doosan_Bears,2026-06-03 17:00:00,2026,Hanwha Eagles,Doosan Bears,3.0,3.0,Final,잠실,-
20260603-Kiwoom_Heroes-SSG_Landers,2026-06-03 17:00:00,2026,Kiwoom Heroes,SSG Landers,4.0,5.0,Final,문학,-
20260603-LG_Twins-KT_Wiz,2026-06-03 17:00:00,2026,LG Twins,KT Wiz,6.0,7.0,Final,수원,-
20260603-Lotte_Giants-KIA_Tigers,2026-06-03 17:00:00,2026,Lotte Giants,KIA Tigers,8.0,3.0,Final,광주,-
20260603-NC_Dinos-Samsung_Lions,2026-06-03 17:00:00,2026,NC Dinos,Samsung Lions,6.0,4.0,Final,대구,-
20260604-Hanwha_Eagles-Doosan_Bears,2026-06-04 18:30:00,2026,Hanwha Eagles,Doosan Bears,1.0,3.0,Final,잠실,-
20260604-Kiwoom_Heroes-SSG_Landers,2026-06-04 18:30:00,2026,Kiwoom Heroes,SSG Landers,6.0,7.0,Final,문학,-
20260604-LG_Twins-KT_Wiz,2026-06-04 18:30:00,2026,LG Twins,KT Wiz,7.0,5.0,Final,수원,-
20260604-Lotte_Giants-KIA_Tigers,2026-06-04 18:30:00,2026,Lotte Giants,KIA Tigers,0.0,10.0,Final,광주,-
20260604-NC_Dinos-Samsung_Lions,2026-06-04 18:30:00,2026,NC Dinos,Samsung Lions,6.0,3.0,Final,대구,-
20260605-Hanwha_Eagles-Lotte_Giants,2026-06-05 18:30:00,2026,Hanwha Eagles,Lotte Giants,9.0,2.0,Final,사직,-
20260605-KT_Wiz-SSG_Landers,2026-06-05 18:30:00,2026,KT Wiz,SSG Landers,5.0,6.0,Final,문학,-
20260605-Kiwoom_Heroes-Doosan_Bears,2026-06-05 18:30:00,2026,Kiwoom Heroes,Doosan Bears,3.0,4.0,Final,잠실,-
20260605-LG_Twins-NC_Dinos,2026-06-05 18:30:00,2026,LG Twins,NC Dinos,5.0,4.0,Final,창원,-
20260605-Samsung_Lions-KIA_Tigers,2026-06-05 18:30:00,2026,Samsung Lions,KIA Tigers,2.0,5.0,Final,광주,-
20260606-KT_Wiz-SSG_Landers,2026-06-06 14:00:00,2026,KT Wiz,SSG Landers,7.0,3.0,Final,문학,-
20260606-Hanwha_Eagles-Lotte_Giants,2026-06-06 17:00:00,2026,Hanwha Eagles,Lotte Giants,7.0,2.0,Final,사직,-
20260606-Kiwoom_Heroes-Doosan_Bears,2026-06-06 17:00:00,2026,Kiwoom Heroes,Doosan Bears,1.0,9.0,Final,잠실,-
20260606-LG_Twins-NC_Dinos,2026-06-06 17:00:00,2026,LG Twins,NC Dinos,5.0,8.0,Final,창원,-
20260606-Samsung_Lions-KIA_Tigers,2026-06-06 17:00:00,2026,Samsung Lions,KIA Tigers,3.0,2.0,Final,광주,-
20260607-Hanwha_Eagles-Lotte_Giants,2026-06-07 17:00:00,2026,Hanwha Eagles,Lotte Giants,9.0,8.0,Final,사직,-
20260607-KT_Wiz-SSG_Landers,2026-06-07 17:00:00,2026,KT Wiz,SSG Landers,0.0,7.0,Final,문학,-
20260607-Kiwoom_Heroes-Doosan_Bears,2026-06-07 17:00:00,2026,Kiwoom Heroes,Doosan Bears,4.0,1.0,Final,잠실,-
20260607-LG_Twins-NC_Dinos,2026-06-07 17:00:00,2026,LG Twins,NC Dinos,6.0,7.0,Final,창원,-
20260607-Samsung_Lions-KIA_Tigers,2026-06-07 17:00:00,2026,Samsung Lions,KIA Tigers,6.0,7.0,Final,광주,-
20260609-Doosan_Bears-Lotte_Giants,2026-06-09 18:30:00,2026,Doosan Bears,Lotte Giants,6.0,5.0,Final,사직,-
20260609-KIA_Tigers-Hanwha_Eagles,2026-06-09 18:30:00,2026,KIA Tigers,Hanwha Eagles,6.0,4.0,Final,대전,-
20260609-NC_Dinos-Kiwoom_Heroes,2026-06-09 18:30:00,2026,NC Dinos,Kiwoom Heroes,6.0,7.0,Final,고척,-
20260609-SSG_Landers-LG_Twins,2026-06-09 18:30:00,2026,SSG Landers,LG Twins,2.0,8.0,Final,잠실,-
20260609-Samsung_Lions-KT_Wiz,2026-06-09 18:30:00,2026,Samsung Lions,KT Wiz,2.0,5.0,Final,수원,-
20260610-Doosan_Bears-Lotte_Giants,2026-06-10 18:30:00,2026,Doosan Bears,Lotte Giants,1.0,3.0,Final,사직,-
20260610-KIA_Tigers-Hanwha_Eagles,2026-06-10 18:30:00,2026,KIA Tigers,Hanwha Eagles,3.0,4.0,Final,대전,-
20260610-NC_Dinos-Kiwoom_Heroes,2026-06-10 18:30:00,2026,NC Dinos,Kiwoom Heroes,4.0,2.0,Final,고척,-
20260610-SSG_Landers-LG_Twins,2026-06-10 18:30:00,2026,SSG Landers,LG Twins,6.0,8.0,Final,잠실,-
20260610-Samsung_Lions-KT_Wiz,2026-06-10 18:30:00,2026,Samsung Lions,KT Wiz,3.0,4.0,Final,수원,-
20260611-Doosan_Bears-Lotte_Giants,2026-06-11 18:30:00,2026,Doosan Bears,Lotte Giants,12.0,7.0,Final,사직,-
20260611-KIA_Tigers-Hanwha_Eagles,2026-06-11 18:30:00,2026,KIA Tigers,Hanwha Eagles,1.0,5.0,Final,대전,-
20260611-NC_Dinos-Kiwoom_Heroes,2026-06-11 18:30:00,2026,NC Dinos,Kiwoom Heroes,3.0,2.0,Final,고척,-
20260611-SSG_Landers-LG_Twins,2026-06-11 18:30:00,2026,SSG Landers,LG Twins,1.0,15.0,Final,잠실,-
20260611-Samsung_Lions-KT_Wiz,2026-06-11 18:30:00,2026,Samsung Lions,KT Wiz,8.0,1.0,Final,수원,-
20260612-Doosan_Bears-KIA_Tigers,2026-06-12 18:30:00,2026,Doosan Bears,KIA Tigers,4.0,2.0,Final,광주,-
20260612-Hanwha_Eagles-Kiwoom_Heroes,2026-06-12 18:30:00,2026,Hanwha Eagles,Kiwoom Heroes,3.0,4.0,Final,고척,-
20260612-Lotte_Giants-LG_Twins,2026-06-12 18:30:00,2026,Lotte Giants,LG Twins,16.0,5.0,Final,잠실,-
20260612-NC_Dinos-KT_Wiz,2026-06-12 18:30:00,2026,NC Dinos,KT Wiz,2.0,3.0,Final,수원,-
20260612-SSG_Landers-Samsung_Lions,2026-06-12 18:30:00,2026,SSG Landers,Samsung Lions,5.0,3.0,Final,대구,-
20260613-Doosan_Bears-KIA_Tigers,2026-06-13 17:00:00,2026,Doosan Bears,KIA Tigers,1.0,2.0,Final,광주,-
20260613-Hanwha_Eagles-Kiwoom_Heroes,2026-06-13 17:00:00,2026,Hanwha Eagles,Kiwoom Heroes,1.0,3.0,Final,고척,-
20260613-Lotte_Giants-LG_Twins,2026-06-13 17:00:00,2026,Lotte Giants,LG Twins,3.0,5.0,Final,잠실,-
20260613-NC_Dinos-KT_Wiz,2026-06-13 17:00:00,2026,NC Dinos,KT Wiz,9.0,11.0,Final,수원,-
20260613-SSG_Landers-Samsung_Lions,2026-06-13 17:00:00,2026,SSG Landers,Samsung Lions,6.0,7.0,Final,대구,-
20260614-Hanwha_Eagles-Kiwoom_Heroes,2026-06-14 14:00:00,2026,Hanwha Eagles,Kiwoom Heroes,2.0,3.0,Final,고척,-
20260614-Doosan_Bears-KIA_Tigers,2026-06-14 17:00:00,2026,Doosan Bears,KIA Tigers,8.0,1.0,Final,광주,-
20260614-Lotte_Giants-LG_Twins,2026-06-14 17:00:00,2026,Lotte Giants,LG Twins,1.0,6.0,Final,잠실,-
20260614-NC_Dinos-KT_Wiz,2026-06-14 17:00:00,2026,NC Dinos,KT Wiz,,,Postponed,수원,우천취소
20260614-SSG_Landers-Samsung_Lions,2026-06-14 17:00:00,2026,SSG Landers,Samsung Lions,8.0,10.0,Final,대구,-
20260616-Hanwha_Eagles-NC_Dinos,2026-06-16 18:30:00,2026,Hanwha Eagles,NC Dinos,5.0,6.0,Final,창원,-
20260616-KT_Wiz-Doosan_Bears,2026-06-16 18:30:00,2026,KT Wiz,Doosan Bears,6.0,2.0,Final,잠실,-
20260616-Kiwoom_Heroes-Samsung_Lions,2026-06-16 18:30:00,2026,Kiwoom Heroes,Samsung Lions,1.0,4.0,Final,대구,-
20260616-LG_Twins-KIA_Tigers,2026-06-16 18:30:00,2026,LG Twins,KIA Tigers,8.0,2.0,Final,광주,-
20260616-Lotte_Giants-SSG_Landers,2026-06-16 18:30:00,2026,Lotte Giants,SSG Landers,10.0,6.0,Final,문학,-
20260617-Hanwha_Eagles-NC_Dinos,2026-06-17 18:30:00,2026,Hanwha Eagles,NC Dinos,4.0,5.0,Final,창원,-
20260617-KT_Wiz-Doosan_Bears,2026-06-17 18:30:00,2026,KT Wiz,Doosan Bears,8.0,1.0,Final,잠실,-
20260617-Kiwoom_Heroes-Samsung_Lions,2026-06-17 18:30:00,2026,Kiwoom Heroes,Samsung Lions,0.0,1.0,Final,대구,-
20260617-LG_Twins-KIA_Tigers,2026-06-17 18:30:00,2026,LG Twins,KIA Tigers,4.0,5.0,Final,광주,-
20260617-Lotte_Giants-SSG_Landers,2026-06-17 18:30:00,2026,Lotte Giants,SSG Landers,2.0,1.0,Final,문학,-
20260618-Hanwha_Eagles-NC_Dinos,2026-06-18 18:30:00,2026,Hanwha Eagles,NC Dinos,0.0,6.0,Final,창원,-
20260618-KT_Wiz-Doosan_Bears,2026-06-18 18:30:00,2026,KT Wiz,Doosan Bears,1.0,2.0,Final,잠실,-
20260618-Kiwoom_Heroes-Samsung_Lions,2026-06-18 18:30:00,2026,Kiwoom Heroes,Samsung Lions,3.0,4.0,Final,대구,-
20260618-LG_Twins-KIA_Tigers,2026-06-18 18:30:00,2026,LG Twins,KIA Tigers,2.0,4.0,Final,광주,-
20260618-Lotte_Giants-SSG_Landers,2026-06-18 18:30:00,2026,Lotte Giants,SSG Landers,2.0,2.0,Final,문학,-
20260619-Doosan_Bears-LG_Twins,2026-06-19 18:30:00,2026,Doosan Bears,LG Twins,2.0,3.0,Final,잠실,-
20260619-KIA_Tigers-KT_Wiz,2026-06-19 18:30:00,2026,KIA Tigers,KT Wiz,11.0,3.0,Final,수원,-
20260619-Lotte_Giants-Kiwoom_Heroes,2026-06-19 18:30:00,2026,Lotte Giants,Kiwoom Heroes,2.0,1.0,Final,고척,-
20260619-SSG_Landers-NC_Dinos,2026-06-19 18:30:00,2026,SSG Landers,NC Dinos,3.0,9.0,Final,창원,-
20260619-Samsung_Lions-Hanwha_Eagles,2026-06-19 18:30:00,2026,Samsung Lions,Hanwha Eagles,3.0,3.0,Final,대전,-
20260620-Doosan_Bears-LG_Twins,2026-06-20 17:00:00,2026,Doosan Bears,LG Twins,2.0,4.0,Final,잠실,-
20260620-KIA_Tigers-KT_Wiz,2026-06-20 17:00:00,2026,KIA Tigers,KT Wiz,9.0,10.0,Final,수원,-
20260620-Lotte_Giants-Kiwoom_Heroes,2026-06-20 17:00:00,2026,Lotte Giants,Kiwoom Heroes,7.0,1.0,Final,고척,-
20260620-SSG_Landers-NC_Dinos,2026-06-20 17:00:00,2026,SSG Landers,NC Dinos,12.0,5.0,Final,창원,-
20260620-Samsung_Lions-Hanwha_Eagles,2026-06-20 17:00:00,2026,Samsung Lions,Hanwha Eagles,4.0,10.0,Final,대전,-
20260621-Lotte_Giants-Kiwoom_Heroes,2026-06-21 14:00:00,2026,Lotte Giants,Kiwoom Heroes,6.0,3.0,Final,고척,-
20260621-Doosan_Bears-LG_Twins,2026-06-21 17:00:00,2026,Doosan Bears,LG Twins,3.0,9.0,Final,잠실,-
20260621-KIA_Tigers-KT_Wiz,2026-06-21 17:00:00,2026,KIA Tigers,KT Wiz,11.0,5.0,Final,수원,-
20260621-SSG_Landers-NC_Dinos,2026-06-21 17:00:00,2026,SSG Landers,NC Dinos,7.0,3.0,Final,창원,-
20260621-Samsung_Lions-Hanwha_Eagles,2026-06-21 17:00:00,2026,Samsung Lions,Hanwha Eagles,3.0,1.0,Final,대전,-
20260623-Doosan_Bears-Hanwha_Eagles,2026-06-23 18:30:00,2026,Doosan Bears,Hanwha Eagles,2.0,3.0,Final,대전,-
20260623-KIA_Tigers-Kiwoom_Heroes,2026-06-23 18:30:00,2026,KIA Tigers,Kiwoom Heroes,7.0,3.0,Final,고척,-
20260623-NC_Dinos-Lotte_Giants,2026-06-23 18:30:00,2026,NC Dinos,Lotte Giants,2.0,3.0,Final,사직,-
20260623-SSG_Landers-KT_Wiz,2026-06-23 18:30:00,2026,SSG Landers,KT Wiz,2.0,13.0,Final,수원,-
20260623-Samsung_Lions-LG_Twins,2026-06-23 18:30:00,2026,Samsung Lions,LG Twins,3.0,4.0,Final,잠실,-
20260624-Doosan_Bears-Hanwha_Eagles,2026-06-24 18:30:00,2026,Doosan Bears,Hanwha Eagles,7.0,2.0,Final,대전,-
20260624-KIA_Tigers-Kiwoom_Heroes,2026-06-24 18:30:00,2026,KIA Tigers,Kiwoom Heroes,10.0,3.0,Final,고척,-
20260624-NC_Dinos-Lotte_Giants,2026-06-24 18:30:00,2026,NC Dinos,Lotte Giants,3.0,5.0,Final,사직,-
20260624-SSG_Landers-KT_Wiz,2026-06-24 18:30:00,2026,SSG Landers,KT Wiz,5.0,4.0,Final,수원,-
20260624-Samsung_Lions-LG_Twins,2026-06-24 18:30:00,2026,Samsung Lions,LG Twins,0.0,2.0,Final,잠실,-
20260625-Doosan_Bears-Hanwha_Eagles,2026-06-25 18:30:00,2026,Doosan Bears,Hanwha Eagles,5.0,3.0,Final,대전,-
20260625-KIA_Tigers-Kiwoom_Heroes,2026-06-25 18:30:00,2026,KIA Tigers,Kiwoom Heroes,9.0,4.0,Final,고척,-
20260625-NC_Dinos-Lotte_Giants,2026-06-25 18:30:00,2026,NC Dinos,Lotte Giants,8.0,2.0,Final,사직,-
20260625-SSG_Landers-KT_Wiz,2026-06-25 18:30:00,2026,SSG Landers,KT Wiz,7.0,12.0,Final,수원,-
20260625-Samsung_Lions-LG_Twins,2026-06-25 18:30:00,2026,Samsung Lions,LG Twins,13.0,6.0,Final,잠실,-
20260626-Hanwha_Eagles-SSG_Landers,2026-06-26 18:30:00,2026,Hanwha Eagles,SSG Landers,9.0,2.0,Final,문학,-
20260626-KIA_Tigers-Doosan_Bears,2026-06-26 18:30:00,2026,KIA Tigers,Doosan Bears,2.0,3.0,Final,잠실,-
20260626-KT_Wiz-Samsung_Lions,2026-06-26 18:30:00,2026,KT Wiz,Samsung Lions,1.0,9.0,Final,대구,-
20260626-Kiwoom_Heroes-NC_Dinos,2026-06-26 18:30:00,2026,Kiwoom Heroes,NC Dinos,4.0,11.0,Final,창원,-
20260626-LG_Twins-Lotte_Giants,2026-06-26 18:30:00,2026,LG Twins,Lotte Giants,2.0,3.0,Final,사직,-
20260627-Hanwha_Eagles-SSG_Landers,2026-06-27 17:00:00,2026,Hanwha Eagles,SSG Landers,8.0,1.0,Final,문학,-
20260627-KIA_Tigers-Doosan_Bears,2026-06-27 17:00:00,2026,KIA Tigers,Doosan Bears,1.0,8.0,Final,잠실,-
20260627-KT_Wiz-Samsung_Lions,2026-06-27 17:00:00,2026,KT Wiz,Samsung Lions,3.0,4.0,Final,대구,-
20260627-Kiwoom_Heroes-NC_Dinos,2026-06-27 17:00:00,2026,Kiwoom Heroes,NC Dinos,3.0,1.0,Final,창원,-
20260627-LG_Twins-Lotte_Giants,2026-06-27 17:00:00,2026,LG Twins,Lotte Giants,8.0,7.0,Final,사직,-
20260628-Hanwha_Eagles-SSG_Landers,2026-06-28 17:00:00,2026,Hanwha Eagles,SSG Landers,6.0,3.0,Final,문학,-
20260628-KIA_Tigers-Doosan_Bears,2026-06-28 17:00:00,2026,KIA Tigers,Doosan Bears,12.0,1.0,Final,잠실,-
20260628-KT_Wiz-Samsung_Lions,2026-06-28 17:00:00,2026,KT Wiz,Samsung Lions,4.0,7.0,Final,대구,-
20260628-Kiwoom_Heroes-NC_Dinos,2026-06-28 17:00:00,2026,Kiwoom Heroes,NC Dinos,2.0,9.0,Final,창원,-
20260628-LG_Twins-Lotte_Giants,2026-06-28 17:00:00,2026,LG Twins,Lotte Giants,9.0,11.0,Final,사직,-
20260630-KT_Wiz-Hanwha_Eagles,2026-06-30 18:30:00,2026,KT Wiz,Hanwha Eagles,,,Postponed,대전,우천취소
20260630-LG_Twins-Kiwoom_Heroes,2026-06-30 18:30:00,2026,LG Twins,Kiwoom Heroes,0.0,6.0,Final,고척,-
20260630-Lotte_Giants-Doosan_Bears,2026-06-30 18:30:00,2026,Lotte Giants,Doosan Bears,0.0,5.0,Final,잠실,-
20260630-SSG_Landers-KIA_Tigers,2026-06-30 18:30:00,2026,SSG Landers,KIA Tigers,3.0,10.0,Final,광주,-
20260630-Samsung_Lions-NC_Dinos,2026-06-30 18:30:00,2026,Samsung Lions,NC Dinos,13.0,7.0,Final,창원,-
20260701-KT_Wiz-Hanwha_Eagles,2026-07-01 18:30:00,2026,KT Wiz,Hanwha Eagles,7.0,4.0,Final,대전,-
20260701-LG_Twins-Kiwoom_Heroes,2026-07-01 18:30:00,2026,LG Twins,Kiwoom Heroes,10.0,4.0,Final,고척,-
20260701-Lotte_Giants-Doosan_Bears,2026-07-01 18:30:00,2026,Lotte Giants,Doosan Bears,5.0,2.0,Final,잠실,-
20260701-SSG_Landers-KIA_Tigers,2026-07-01 18:30:00,2026,SSG Landers,KIA Tigers,6.0,6.0,Final,광주,-
20260701-Samsung_Lions-NC_Dinos,2026-07-01 18:30:00,2026,Samsung Lions,NC Dinos,5.0,10.0,Final,창원,-
20260702-KT_Wiz-Hanwha_Eagles,2026-07-02 18:30:00,2026,KT Wiz,Hanwha Eagles,3.0,14.0,Final,대전,-
20260702-LG_Twins-Kiwoom_Heroes,2026-07-02 18:30:00,2026,LG Twins,Kiwoom Heroes,7.0,5.0,Final,고척,-
20260702-Lotte_Giants-Doosan_Bears,2026-07-02 18:30:00,2026,Lotte Giants,Doosan Bears,3.0,8.0,Final,잠실,-
20260702-SSG_Landers-KIA_Tigers,2026-07-02 18:30:00,2026,SSG Landers,KIA Tigers,7.0,8.0,Final,광주,-
20260702-Samsung_Lions-NC_Dinos,2026-07-02 18:30:00,2026,Samsung Lions,NC Dinos,6.0,1.0,Final,창원,-
20260703-Doosan_Bears-Kiwoom_Heroes,2026-07-03 18:30:00,2026,Doosan Bears,Kiwoom Heroes,5.0,6.0,Final,고척,-
20260703-Hanwha_Eagles-LG_Twins,2026-07-03 18:30:00,2026,Hanwha Eagles,LG Twins,8.0,1.0,Final,잠실,-
20260703-Lotte_Giants-KT_Wiz,2026-07-03 18:30:00,2026,Lotte Giants,KT Wiz,4.0,0.0,Final,수원,-
20260703-NC_Dinos-KIA_Tigers,2026-07-03 18:30:00,2026,NC Dinos,KIA Tigers,11.0,3.0,Final,광주,-
20260703-Samsung_Lions-SSG_Landers,2026-07-03 18:30:00,2026,Samsung Lions,SSG Landers,6.0,4.0,Final,문학,-
20260704-Doosan_Bears-Kiwoom_Heroes,2026-07-04 18:00:00,2026,Doosan Bears,Kiwoom Heroes,8.0,5.0,Final,고척,-
20260704-Hanwha_Eagles-LG_Twins,2026-07-04 18:00:00,2026,Hanwha Eagles,LG Twins,3.0,5.0,Final,잠실,-
20260704-Lotte_Giants-KT_Wiz,2026-07-04 18:00:00,2026,Lotte Giants,KT Wiz,4.0,1.0,Final,수원,-
20260704-NC_Dinos-KIA_Tigers,2026-07-04 18:00:00,2026,NC Dinos,KIA Tigers,5.0,4.0,Final,광주,-
20260704-Samsung_Lions-SSG_Landers,2026-07-04 18:00:00,2026,Samsung Lions,SSG Landers,13.0,7.0,Final,문학,-
20260705-Doosan_Bears-Kiwoom_Heroes,2026-07-05 14:00:00,2026,Doosan Bears,Kiwoom Heroes,8.0,1.0,Final,고척,-
20260705-Hanwha_Eagles-LG_Twins,2026-07-05 18:00:00,2026,Hanwha Eagles,LG Twins,,,Postponed,잠실,그라운드사정
20260705-Lotte_Giants-KT_Wiz,2026-07-05 18:00:00,2026,Lotte Giants,KT Wiz,2.0,4.0,Final,수원,-
20260705-NC_Dinos-KIA_Tigers,2026-07-05 18:00:00,2026,NC Dinos,KIA Tigers,,,Postponed,광주,그라운드사정
20260705-Samsung_Lions-SSG_Landers,2026-07-05 18:00:00,2026,Samsung Lions,SSG Landers,13.0,3.0,Final,문학,-
20260707-KIA_Tigers-Lotte_Giants,2026-07-07 18:30:00,2026,KIA Tigers,Lotte Giants,2.0,10.0,Final,사직,-
20260707-Kiwoom_Heroes-KT_Wiz,2026-07-07 18:30:00,2026,Kiwoom Heroes,KT Wiz,0.0,3.0,Final,수원,-
20260707-LG_Twins-Samsung_Lions,2026-07-07 18:30:00,2026,LG Twins,Samsung Lions,2.0,9.0,Final,대구,-
20260707-NC_Dinos-Hanwha_Eagles,2026-07-07 18:30:00,2026,NC Dinos,Hanwha Eagles,9.0,6.0,Final,대전,-
20260707-SSG_Landers-Doosan_Bears,2026-07-07 18:30:00,2026,SSG Landers,Doosan Bears,4.0,2.0,Final,잠실,-
20260708-KIA_Tigers-Lotte_Giants,2026-07-08 18:30:00,2026,KIA Tigers,Lotte Giants,3.0,11.0,Final,사직,-
20260708-Kiwoom_Heroes-KT_Wiz,2026-07-08 18:30:00,2026,Kiwoom Heroes,KT Wiz,3.0,7.0,Final,수원,-
20260708-LG_Twins-Samsung_Lions,2026-07-08 18:30:00,2026,LG Twins,Samsung Lions,8.0,2.0,Final,대구,-
20260708-NC_Dinos-Hanwha_Eagles,2026-07-08 18:30:00,2026,NC Dinos,Hanwha Eagles,,,Postponed,대전,우천취소
20260708-SSG_Landers-Doosan_Bears,2026-07-08 18:30:00,2026,SSG Landers,Doosan Bears,3.0,7.0,Final,잠실,-
20260709-KIA_Tigers-Lotte_Giants,2026-07-09 18:30:00,2026,KIA Tigers,Lotte Giants,5.0,2.0,Final,사직,-
20260709-Kiwoom_Heroes-KT_Wiz,2026-07-09 18:30:00,2026,Kiwoom Heroes,KT Wiz,,,Postponed,수원,우천취소
20260709-LG_Twins-Samsung_Lions,2026-07-09 18:30:00,2026,LG Twins,Samsung Lions,5.0,6.0,Final,대구,-
20260709-NC_Dinos-Hanwha_Eagles,2026-07-09 18:30:00,2026,NC Dinos,Hanwha Eagles,4.0,6.0,Final,대전,-
20260709-SSG_Landers-Doosan_Bears,2026-07-09 18:30:00,2026,SSG Landers,Doosan Bears,0.0,7.0,Final,잠실,-
20260716-Doosan_Bears-NC_Dinos,2026-07-16 18:30:00,2026,Doosan Bears,NC Dinos,2.0,4.0,Final,창원,-
20260716-KIA_Tigers-SSG_Landers,2026-07-16 18:30:00,2026,KIA Tigers,SSG Landers,0.0,6.0,Final,문학,-
20260716-KT_Wiz-LG_Twins,2026-07-16 18:30:00,2026,KT Wiz,LG Twins,4.0,3.0,Final,잠실,-
20260716-Kiwoom_Heroes-Hanwha_Eagles,2026-07-16 18:30:00,2026,Kiwoom Heroes,Hanwha Eagles,14.0,5.0,Final,대전,-
20260716-Lotte_Giants-Samsung_Lions,2026-07-16 18:30:00,2026,Lotte Giants,Samsung Lions,1.0,4.0,Final,대구,-
20260717-Doosan_Bears-NC_Dinos,2026-07-17 18:00:00,2026,Doosan Bears,NC Dinos,4.0,2.0,Final,창원,-
20260717-KIA_Tigers-SSG_Landers,2026-07-17 18:00:00,2026,KIA Tigers,SSG Landers,6.0,3.0,Final,문학,-
20260717-KT_Wiz-LG_Twins,2026-07-17 18:00:00,2026,KT Wiz,LG Twins,6.0,1.0,Final,잠실,-
20260717-Kiwoom_Heroes-Hanwha_Eagles,2026-07-17 18:00:00,2026,Kiwoom Heroes,Hanwha Eagles,7.0,6.0,Final,대전,-
20260717-Lotte_Giants-Samsung_Lions,2026-07-17 18:00:00,2026,Lotte Giants,Samsung Lions,,,Postponed,대구,우천취소
20260718-Doosan_Bears-NC_Dinos,2026-07-18 18:00:00,2026,Doosan Bears,NC Dinos,12.0,9.0,Final,창원,-
20260718-KIA_Tigers-SSG_Landers,2026-07-18 18:00:00,2026,KIA Tigers,SSG Landers,12.0,2.0,Final,문학,-
20260718-KT_Wiz-LG_Twins,2026-07-18 18:00:00,2026,KT Wiz,LG Twins,8.0,2.0,Final,잠실,-
20260718-Kiwoom_Heroes-Hanwha_Eagles,2026-07-18 18:00:00,2026,Kiwoom Heroes,Hanwha Eagles,4.0,2.0,Final,대전,-
20260718-Lotte_Giants-Samsung_Lions,2026-07-18 18:00:00,2026,Lotte Giants,Samsung Lions,0.0,5.0,Final,대구,-
20260719-Doosan_Bears-NC_Dinos,2026-07-19 18:00:00,2026,Doosan Bears,NC Dinos,10.0,3.0,Final,창원,-
20260719-KIA_Tigers-SSG_Landers,2026-07-19 18:00:00,2026,KIA Tigers,SSG Landers,9.0,5.0,Final,문학,-
20260719-KT_Wiz-LG_Twins,2026-07-19 18:00:00,2026,KT Wiz,LG Twins,4.0,1.0,Final,잠실,-
20260719-Kiwoom_Heroes-Hanwha_Eagles,2026-07-19 18:00:00,2026,Kiwoom Heroes,Hanwha Eagles,9.0,9.0,Final,대전,-
20260719-Lotte_Giants-Samsung_Lions,2026-07-19 18:00:00,2026,Lotte Giants,Samsung Lions,11.0,8.0,Final,대구,-
20260721-Doosan_Bears-KT_Wiz,2026-07-21 18:30:00,2026,Doosan Bears,KT Wiz,2.0,2.0,Final,수원,-
20260721-Hanwha_Eagles-KIA_Tigers,2026-07-21 18:30:00,2026,Hanwha Eagles,KIA Tigers,3.0,7.0,Final,광주,-
20260721-NC_Dinos-LG_Twins,2026-07-21 18:30:00,2026,NC Dinos,LG Twins,7.0,5.0,Final,잠실,-
20260721-SSG_Landers-Lotte_Giants,2026-07-21 18:30:00,2026,SSG Landers,Lotte Giants,2.0,6.0,Final,사직,-
20260721-Samsung_Lions-Kiwoom_Heroes,2026-07-21 18:30:00,2026,Samsung Lions,Kiwoom Heroes,8.0,6.0,Final,고척,-
20260722-Doosan_Bears-KT_Wiz,2026-07-22 18:30:00,2026,Doosan Bears,KT Wiz,,,Postponed,수원,그라운드사정
20260722-Hanwha_Eagles-KIA_Tigers,2026-07-22 18:30:00,2026,Hanwha Eagles,KIA Tigers,7.0,3.0,Final,광주,-
20260722-NC_Dinos-LG_Twins,2026-07-22 18:30:00,2026,NC Dinos,LG Twins,,,Postponed,잠실,우천취소
20260722-SSG_Landers-Lotte_Giants,2026-07-22 18:30:00,2026,SSG Landers,Lotte Giants,7.0,3.0,Final,사직,-
20260722-Samsung_Lions-Kiwoom_Heroes,2026-07-22 18:30:00,2026,Samsung Lions,Kiwoom Heroes,1.0,3.0,Final,고척,-
20260723-Doosan_Bears-KT_Wiz,2026-07-23 18:30:00,2026,Doosan Bears,KT Wiz,,,Postponed,수원,그라운드사정
20260723-Hanwha_Eagles-KIA_Tigers,2026-07-23 18:30:00,2026,Hanwha Eagles,KIA Tigers,9.0,3.0,Final,광주,-
20260723-NC_Dinos-LG_Twins,2026-07-23 18:30:00,2026,NC Dinos,LG Twins,7.0,5.0,Final,잠실,-
20260723-SSG_Landers-Lotte_Giants,2026-07-23 18:30:00,2026,SSG Landers,Lotte Giants,5.0,2.0,Final,사직,-
20260723-Samsung_Lions-Kiwoom_Heroes,2026-07-23 18:30:00,2026,Samsung Lions,Kiwoom Heroes,3.0,1.0,Final,고척,-
20260724-KT_Wiz-Lotte_Giants,2026-07-24 18:30:00,2026,KT Wiz,Lotte Giants,5.0,4.0,Final,사직,-
20260724-Kiwoom_Heroes-KIA_Tigers,2026-07-24 18:30:00,2026,Kiwoom Heroes,KIA Tigers,8.0,5.0,Final,광주,-
20260724-LG_Twins-Hanwha_Eagles,2026-07-24 18:30:00,2026,LG Twins,Hanwha Eagles,4.0,8.0,Final,대전,-
20260724-NC_Dinos-SSG_Landers,2026-07-24 18:30:00,2026,NC Dinos,SSG Landers,3.0,7.0,Final,문학,-
20260724-Samsung_Lions-Doosan_Bears,2026-07-24 18:30:00,2026,Samsung Lions,Doosan Bears,15.0,4.0,Final,잠실,-
20260725-KT_Wiz-Lotte_Giants,2026-07-25 18:00:00,2026,KT Wiz,Lotte Giants,6.0,1.0,Final,사직,-
20260725-Kiwoom_Heroes-KIA_Tigers,2026-07-25 18:00:00,2026,Kiwoom Heroes,KIA Tigers,5.0,9.0,Final,광주,-
20260725-LG_Twins-Hanwha_Eagles,2026-07-25 18:00:00,2026,LG Twins,Hanwha Eagles,15.0,11.0,Final,대전,-
20260725-NC_Dinos-SSG_Landers,2026-07-25 18:00:00,2026,NC Dinos,SSG Landers,4.0,10.0,Final,문학,-
20260725-Samsung_Lions-Doosan_Bears,2026-07-25 18:00:00,2026,Samsung Lions,Doosan Bears,4.0,1.0,Final,잠실,-
20260726-KT_Wiz-Lotte_Giants,2026-07-26 18:00:00,2026,KT Wiz,Lotte Giants,1.0,15.0,Final,사직,-
20260726-Kiwoom_Heroes-KIA_Tigers,2026-07-26 18:00:00,2026,Kiwoom Heroes,KIA Tigers,8.0,3.0,Final,광주,-
20260726-LG_Twins-Hanwha_Eagles,2026-07-26 18:00:00,2026,LG Twins,Hanwha Eagles,4.0,14.0,Final,대전,-
20260726-NC_Dinos-SSG_Landers,2026-07-26 18:00:00,2026,NC Dinos,SSG Landers,5.0,5.0,Final,문학,-
20260726-Samsung_Lions-Doosan_Bears,2026-07-26 18:00:00,2026,Samsung Lions,Doosan Bears,0.0,7.0,Final,잠실,-
20260728-Doosan_Bears-SSG_Landers,2026-07-28 18:30:00,2026,Doosan Bears,SSG Landers,2.0,1.0,Final,문학,-
20260728-KIA_Tigers-Samsung_Lions,2026-07-28 18:30:00,2026,KIA Tigers,Samsung Lions,5.0,12.0,Final,대구,-
20260728-KT_Wiz-NC_Dinos,2026-07-28 18:30:00,2026,KT Wiz,NC Dinos,10.0,0.0,Final,창원,-
20260728-Kiwoom_Heroes-LG_Twins,2026-07-28 18:30:00,2026,Kiwoom Heroes,LG Twins,3.0,5.0,Final,잠실,-
20260728-Lotte_Giants-Hanwha_Eagles,2026-07-28 18:30:00,2026,Lotte Giants,Hanwha Eagles,9.0,3.0,Final,대전,-
20260729-Doosan_Bears-SSG_Landers,2026-07-29 18:30:00,2026,Doosan Bears,SSG Landers,2.0,6.0,Final,문학,-
20260729-KIA_Tigers-Samsung_Lions,2026-07-29 18:30:00,2026,KIA Tigers,Samsung Lions,9.0,4.0,Final,대구,-
20260729-KT_Wiz-NC_Dinos,2026-07-29 18:30:00,2026,KT Wiz,NC Dinos,10.0,3.0,Final,창원,-
20260729-Kiwoom_Heroes-LG_Twins,2026-07-29 18:30:00,2026,Kiwoom Heroes,LG Twins,18.0,11.0,Final,잠실,-
20260729-Lotte_Giants-Hanwha_Eagles,2026-07-29 18:30:00,2026,Lotte Giants,Hanwha Eagles,3.0,5.0,Final,대전,-
20260730-Doosan_Bears-SSG_Landers,2026-07-30 18:30:00,2026,Doosan Bears,SSG Landers,5.0,3.0,Final,문학,-
20260730-KIA_Tigers-Samsung_Lions,2026-07-30 18:30:00,2026,KIA Tigers,Samsung Lions,12.0,3.0,Final,대구,-
20260730-KT_Wiz-NC_Dinos,2026-07-30 18:30:00,2026,KT Wiz,NC Dinos,10.0,2.0,Final,창원,-
20260730-Kiwoom_Heroes-LG_Twins,2026-07-30 18:30:00,2026,Kiwoom Heroes,LG Twins,3.0,5.0,Final,잠실,-
20260730-Lotte_Giants-Hanwha_Eagles,2026-07-30 18:30:00,2026,Lotte Giants,Hanwha Eagles,2.0,3.0,Final,대전,-
20260731-Hanwha_Eagles-KT_Wiz,2026-07-31 18:30:00,2026,Hanwha Eagles,KT Wiz,3.0,5.0,Final,수원,-
20260731-KIA_Tigers-NC_Dinos,2026-07-31 18:30:00,2026,KIA Tigers,NC Dinos,4.0,10.0,Final,창원,-
20260731-LG_Twins-Doosan_Bears,2026-07-31 18:30:00,2026,LG Twins,Doosan Bears,2.0,4.0,Final,잠실,-
20260731-SSG_Landers-Kiwoom_Heroes,2026-07-31 18:30:00,2026,SSG Landers,Kiwoom Heroes,7.0,12.0,Final,고척,-
20260731-Samsung_Lions-Lotte_Giants,2026-07-31 18:30:00,2026,Samsung Lions,Lotte Giants,9.0,7.0,Final,사직,-
20260801-Hanwha_Eagles-KT_Wiz,2026-08-01 18:00:00,2026,Hanwha Eagles,KT Wiz,4.0,7.0,Final,수원,-
20260801-KIA_Tigers-NC_Dinos,2026-08-01 18:00:00,2026,KIA Tigers,NC Dinos,,,Postponed,창원,폭염취소
20260801-LG_Twins-Doosan_Bears,2026-08-01 18:00:00,2026,LG Twins,Doosan Bears,2.0,2.0,Final,잠실,-
20260801-SSG_Landers-Kiwoom_Heroes,2026-08-01 18:00:00,2026,SSG Landers,Kiwoom Heroes,10.0,2.0,Final,고척,-
20260801-Samsung_Lions-Lotte_Giants,2026-08-01 18:00:00,2026,Samsung Lions,Lotte Giants,,,Postponed,사직,폭염취소
20260802-SSG_Landers-Kiwoom_Heroes,2026-08-02 14:00:00,2026,SSG Landers,Kiwoom Heroes,3.0,5.0,Final,고척,-
20260802-Hanwha_Eagles-KT_Wiz,2026-08-02 18:00:00,2026,Hanwha Eagles,KT Wiz,1.0,12.0,Final,수원,-
20260802-KIA_Tigers-NC_Dinos,2026-08-02 18:00:00,2026,KIA Tigers,NC Dinos,,,Postponed,창원,폭염취소
20260802-LG_Twins-Doosan_Bears,2026-08-02 18:00:00,2026,LG Twins,Doosan Bears,3.0,8.0,Final,잠실,-
20260802-Samsung_Lions-Lotte_Giants,2026-08-02 18:00:00,2026,Samsung Lions,Lotte Giants,7.0,10.0,Final,사직,-
20260804-Hanwha_Eagles-Samsung_Lions,2026-08-04 18:30:00,2026,Hanwha Eagles,Samsung Lions,4.0,1.0,Final,대구,-
20260804-KT_Wiz-KIA_Tigers,2026-08-04 18:30:00,2026,KT Wiz,KIA Tigers,,,Postponed,광주,폭염취소
20260804-Kiwoom_Heroes-Lotte_Giants,2026-08-04 18:30:00,2026,Kiwoom Heroes,Lotte Giants,2.0,3.0,Final,사직,-
20260804-LG_Twins-SSG_Landers,2026-08-04 18:30:00,2026,LG Twins,SSG Landers,8.0,10.0,Final,문학,-
20260804-NC_Dinos-Doosan_Bears,2026-08-04 18:30:00,2026,NC Dinos,Doosan Bears,,,Postponed,잠실,폭염취소
20260805-Hanwha_Eagles-Samsung_Lions,2026-08-05 18:30:00,2026,Hanwha Eagles,Samsung Lions,,,Postponed,대구,폭염취소
20260805-KT_Wiz-KIA_Tigers,2026-08-05 18:30:00,2026,KT Wiz,KIA Tigers,,,Postponed,광주,폭염취소
20260805-Kiwoom_Heroes-Lotte_Giants,2026-08-05 18:30:00,2026,Kiwoom Heroes,Lotte Giants,,,Postponed,사직,폭염취소
20260805-LG_Twins-SSG_Landers,2026-08-05 18:30:00,2026,LG Twins,SSG Landers,,,Postponed,문학,폭염취소
20260805-NC_Dinos-Doosan_Bears,2026-08-05 18:30:00,2026,NC Dinos,Doosan Bears,,,Postponed,잠실,폭염취소
20260806-Hanwha_Eagles-Samsung_Lions,2026-08-06 18:30:00,2026,Hanwha Eagles,Samsung Lions,,,Postponed,대구,폭염취소
20260806-KT_Wiz-KIA_Tigers,2026-08-06 18:30:00,2026,KT Wiz,KIA Tigers,,,Postponed,광주,폭염취소
20260806-Kiwoom_Heroes-Lotte_Giants,2026-08-06 18:30:00,2026,Kiwoom Heroes,Lotte Giants,,,Postponed,사직,폭염취소
20260806-LG_Twins-SSG_Landers,2026-08-06 18:30:00,2026,LG Twins,SSG Landers,,,Postponed,문학,폭염취소
20260806-NC_Dinos-Doosan_Bears,2026-08-06 18:30:00,2026,NC Dinos,Doosan Bears,,,Postponed,잠실,폭염취소
20260807-Doosan_Bears-Samsung_Lions,2026-08-07 18:30:00,2026,Doosan Bears,Samsung Lions,,,Postponed,대구,폭염취소
20260807-KIA_Tigers-LG_Twins,2026-08-07 18:30:00,2026,KIA Tigers,LG Twins,,,Postponed,잠실,폭염취소
20260807-Kiwoom_Heroes-Hanwha_Eagles,2026-08-07 18:30:00,2026,Kiwoom Heroes,Hanwha Eagles,,,Postponed,대전,폭염취소
20260807-Lotte_Giants-KT_Wiz,2026-08-07 18:30:00,2026,Lotte Giants,KT Wiz,,,Postponed,수원,폭염취소
20260807-SSG_Landers-NC_Dinos,2026-08-07 18:30:00,2026,SSG Landers,NC Dinos,,,Postponed,창원,폭염취소
20260808-Doosan_Bears-Samsung_Lions,2026-08-08 18:00:00,2026,Doosan Bears,Samsung Lions,,,Postponed,대구,폭염취소
20260808-KIA_Tigers-LG_Twins,2026-08-08 18:00:00,2026,KIA Tigers,LG Twins,,,Postponed,잠실,폭염취소
20260808-Kiwoom_Heroes-Hanwha_Eagles,2026-08-08 18:00:00,2026,Kiwoom Heroes,Hanwha Eagles,,,Postponed,대전,폭염취소
20260808-Lotte_Giants-KT_Wiz,2026-08-08 18:00:00,2026,Lotte Giants,KT Wiz,,,Postponed,수원,폭염취소
20260808-SSG_Landers-NC_Dinos,2026-08-08 18:00:00,2026,SSG Landers,NC Dinos,,,Postponed,창원,폭염취소
20260809-Doosan_Bears-Samsung_Lions,2026-08-09 18:00:00,2026,Doosan Bears,Samsung Lions,,,Postponed,대구,폭염취소
20260809-KIA_Tigers-LG_Twins,2026-08-09 18:00:00,2026,KIA Tigers,LG Twins,,,Postponed,잠실,폭염취소
20260809-Kiwoom_Heroes-Hanwha_Eagles,2026-08-09 18:00:00,2026,Kiwoom Heroes,Hanwha Eagles,,,Postponed,대전,폭염취소
20260809-Lotte_Giants-KT_Wiz,2026-08-09 18:00:00,2026,Lotte Giants,KT Wiz,,,Postponed,수원,폭염취소
20260809-SSG_Landers-NC_Dinos,2026-08-09 18:00:00,2026,SSG Landers,NC Dinos,,,Postponed,창원,폭염취소
20260811-Hanwha_Eagles-Doosan_Bears,2026-08-11 19:00:00,2026,Hanwha Eagles,Doosan Bears,3.0,6.0,Final,잠실,-
20260811-KT_Wiz-NC_Dinos,2026-08-11 19:00:00,2026,KT Wiz,NC Dinos,7.0,3.0,Final,창원,-
20260811-LG_Twins-Kiwoom_Heroes,2026-08-11 19:00:00,2026,LG Twins,Kiwoom Heroes,8.0,3.0,Final,고척,-
20260811-Lotte_Giants-SSG_Landers,2026-08-11 19:00:00,2026,Lotte Giants,SSG Landers,4.0,8.0,Final,문학,-
20260811-Samsung_Lions-KIA_Tigers,2026-08-11 19:00:00,2026,Samsung Lions,KIA Tigers,1.0,3.0,Final,광주,-
20260812-Hanwha_Eagles-Doosan_Bears,2026-08-12 19:00:00,2026,Hanwha Eagles,Doosan Bears,4.0,3.0,Final,잠실,-
20260812-KT_Wiz-NC_Dinos,2026-08-12 19:00:00,2026,KT Wiz,NC Dinos,0.0,3.0,Final,창원,-
20260812-LG_Twins-Kiwoom_Heroes,2026-08-12 19:00:00,2026,LG Twins,Kiwoom Heroes,3.0,4.0,Final,고척,-
20260812-Lotte_Giants-SSG_Landers,2026-08-12 19:00:00,2026,Lotte Giants,SSG Landers,1.0,9.0,Final,문학,-
20260812-Samsung_Lions-KIA_Tigers,2026-08-12 19:00:00,2026,Samsung Lions,KIA Tigers,2.0,7.0,Final,광주,-
20260813-Hanwha_Eagles-Doosan_Bears,2026-08-13 19:00:00,2026,Hanwha Eagles,Doosan Bears,6.0,9.0,Final,잠실,-
20260813-KT_Wiz-NC_Dinos,2026-08-13 19:00:00,2026,KT Wiz,NC Dinos,5.0,6.0,Final,창원,-
20260813-LG_Twins-Kiwoom_Heroes,2026-08-13 19:00:00,2026,LG Twins,Kiwoom Heroes,13.0,6.0,Final,고척,-
20260813-Lotte_Giants-SSG_Landers,2026-08-13 19:00:00,2026,Lotte Giants,SSG Landers,11.0,0.0,Final,문학,-
20260813-Samsung_Lions-KIA_Tigers,2026-08-13 19:00:00,2026,Samsung Lions,KIA Tigers,9.0,8.0,Final,광주,-
20260814-Doosan_Bears-KIA_Tigers,2026-08-14 19:00:00,2026,Doosan Bears,KIA Tigers,10.0,4.0,Final,광주,-
20260814-Hanwha_Eagles-Samsung_Lions,2026-08-14 19:00:00,2026,Hanwha Eagles,Samsung Lions,5.0,8.0,Final,대구,-
20260814-Kiwoom_Heroes-KT_Wiz,2026-08-14 19:00:00,2026,Kiwoom Heroes,KT Wiz,3.0,8.0,Final,수원,-
20260814-NC_Dinos-Lotte_Giants,2026-08-14 19:00:00,2026,NC Dinos,Lotte Giants,9.0,8.0,Final,사직,-
20260814-SSG_Landers-LG_Twins,2026-08-14 19:00:00,2026,SSG Landers,LG Twins,5.0,3.0,Final,잠실,-
20260815-Doosan_Bears-KIA_Tigers,2026-08-15 19:00:00,2026,Doosan Bears,KIA Tigers,1.0,6.0,Final,광주,-
20260815-Hanwha_Eagles-Samsung_Lions,2026-08-15 19:00:00,2026,Hanwha Eagles,Samsung Lions,6.0,11.0,Final,대구,-
20260815-Kiwoom_Heroes-KT_Wiz,2026-08-15 19:00:00,2026,Kiwoom Heroes,KT Wiz,10.0,5.0,Final,수원,-
20260815-NC_Dinos-Lotte_Giants,2026-08-15 19:00:00,2026,NC Dinos,Lotte Giants,5.0,8.0,Final,사직,-
20260815-SSG_Landers-LG_Twins,2026-08-15 19:00:00,2026,SSG Landers,LG Twins,1.0,4.0,Final,잠실,-
20260816-Doosan_Bears-KIA_Tigers,2026-08-16 19:00:00,2026,Doosan Bears,KIA Tigers,1.0,2.0,Final,광주,-
20260816-Hanwha_Eagles-Samsung_Lions,2026-08-16 19:00:00,2026,Hanwha Eagles,Samsung Lions,,,Postponed,대구,그라운드사정
20260816-Kiwoom_Heroes-KT_Wiz,2026-08-16 19:00:00,2026,Kiwoom Heroes,KT Wiz,2.0,6.0,Final,수원,-
20260816-NC_Dinos-Lotte_Giants,2026-08-16 19:00:00,2026,NC Dinos,Lotte Giants,,,Postponed,사직,우천취소
20260816-SSG_Landers-LG_Twins,2026-08-16 19:00:00,2026,SSG Landers,LG Twins,6.0,0.0,Final,잠실,-
20260818-Doosan_Bears-NC_Dinos,2026-08-18 19:00:00,2026,Doosan Bears,NC Dinos,6.0,4.0,Final,창원,-
20260818-KIA_Tigers-Hanwha_Eagles,2026-08-18 19:00:00,2026,KIA Tigers,Hanwha Eagles,4.0,3.0,Final,대전,-
20260818-KT_Wiz-LG_Twins,2026-08-18 19:00:00,2026,KT Wiz,LG Twins,1.0,9.0,Final,잠실,-
20260818-Kiwoom_Heroes-Lotte_Giants,2026-08-18 19:00:00,2026,Kiwoom Heroes,Lotte Giants,10.0,15.0,Final,사직,-
20260818-SSG_Landers-Samsung_Lions,2026-08-18 19:00:00,2026,SSG Landers,Samsung Lions,5.0,4.0,Final,대구,-
20260819-Doosan_Bears-NC_Dinos,2026-08-19 19:00:00,2026,Doosan Bears,NC Dinos,8.0,2.0,Final,창원,-
20260819-KIA_Tigers-Hanwha_Eagles,2026-08-19 19:00:00,2026,KIA Tigers,Hanwha Eagles,6.0,3.0,Final,대전,-
20260819-KT_Wiz-LG_Twins,2026-08-19 19:00:00,2026,KT Wiz,LG Twins,0.0,1.0,Final,잠실,-
20260819-Kiwoom_Heroes-Lotte_Giants,2026-08-19 19:00:00,2026,Kiwoom Heroes,Lotte Giants,4.0,5.0,Final,사직,-
20260819-SSG_Landers-Samsung_Lions,2026-08-19 19:00:00,2026,SSG Landers,Samsung Lions,4.0,18.0,Final,대구,-
20260820-Doosan_Bears-NC_Dinos,2026-08-20 19:00:00,2026,Doosan Bears,NC Dinos,4.0,5.0,Final,창원,-
20260820-KIA_Tigers-Hanwha_Eagles,2026-08-20 19:00:00,2026,KIA Tigers,Hanwha Eagles,10.0,6.0,Final,대전,-
20260820-KT_Wiz-LG_Twins,2026-08-20 19:00:00,2026,KT Wiz,LG Twins,16.0,4.0,Final,잠실,-
20260820-Kiwoom_Heroes-Lotte_Giants,2026-08-20 19:00:00,2026,Kiwoom Heroes,Lotte Giants,1.0,7.0,Final,사직,-
20260820-SSG_Landers-Samsung_Lions,2026-08-20 19:00:00,2026,SSG Landers,Samsung Lions,6.0,4.0,Final,대구,-
20260821-KIA_Tigers-Kiwoom_Heroes,2026-08-21 19:00:00,2026,KIA Tigers,Kiwoom Heroes,11.0,1.0,Final,고척,-
20260821-KT_Wiz-SSG_Landers,2026-08-21 19:00:00,2026,KT Wiz,SSG Landers,3.0,3.0,Final,문학,-
20260821-LG_Twins-Hanwha_Eagles,2026-08-21 19:00:00,2026,LG Twins,Hanwha Eagles,11.0,15.0,Final,대전,-
20260821-Lotte_Giants-Doosan_Bears,2026-08-21 19:00:00,2026,Lotte Giants,Doosan Bears,11.0,4.0,Final,잠실,-
20260821-Samsung_Lions-NC_Dinos,2026-08-21 19:00:00,2026,Samsung Lions,NC Dinos,2.0,3.0,Final,창원,-
20260822-KIA_Tigers-Kiwoom_Heroes,2026-08-22 18:00:00,2026,KIA Tigers,Kiwoom Heroes,1.0,3.0,Final,고척,-
20260822-KT_Wiz-SSG_Landers,2026-08-22 19:00:00,2026,KT Wiz,SSG Landers,,,Postponed,문학,우천취소
20260822-LG_Twins-Hanwha_Eagles,2026-08-22 19:00:00,2026,LG Twins,Hanwha Eagles,,,Postponed,대전,우천취소
20260822-Lotte_Giants-Doosan_Bears,2026-08-22 19:00:00,2026,Lotte Giants,Doosan Bears,,,Postponed,잠실,우천취소
20260822-Samsung_Lions-NC_Dinos,2026-08-22 19:00:00,2026,Samsung Lions,NC Dinos,8.0,6.0,Final,창원,-
20260823-KIA_Tigers-Kiwoom_Heroes,2026-08-23 14:00:00,2026,KIA Tigers,Kiwoom Heroes,7.0,8.0,Final,고척,-
20260823-KT_Wiz-SSG_Landers,2026-08-23 19:00:00,2026,KT Wiz,SSG Landers,3.0,1.0,Final,문학,-
20260823-LG_Twins-Hanwha_Eagles,2026-08-23 19:00:00,2026,LG Twins,Hanwha Eagles,12.0,3.0,Final,대전,-
20260823-Lotte_Giants-Doosan_Bears,2026-08-23 19:00:00,2026,Lotte Giants,Doosan Bears,1.0,3.0,Final,잠실,-
20260823-Samsung_Lions-NC_Dinos,2026-08-23 19:00:00,2026,Samsung Lions,NC Dinos,2.0,1.0,Final,창원,-
20260825-Doosan_Bears-KT_Wiz,2026-08-25 18:30:00,2026,Doosan Bears,KT Wiz,3.0,1.0,Final,수원,-
20260825-Hanwha_Eagles-SSG_Landers,2026-08-25 18:30:00,2026,Hanwha Eagles,SSG Landers,1.0,7.0,Final,문학,-
20260825-Lotte_Giants-KIA_Tigers,2026-08-25 18:30:00,2026,Lotte Giants,KIA Tigers,5.0,8.0,Final,광주,-
20260825-NC_Dinos-LG_Twins,2026-08-25 18:30:00,2026,NC Dinos,LG Twins,4.0,5.0,Final,잠실,-
20260825-Samsung_Lions-Kiwoom_Heroes,2026-08-25 18:30:00,2026,Samsung Lions,Kiwoom Heroes,3.0,3.0,Final,고척,-
20260826-Doosan_Bears-KT_Wiz,2026-08-26 18:30:00,2026,Doosan Bears,KT Wiz,4.0,5.0,Final,수원,-
20260826-Hanwha_Eagles-SSG_Landers,2026-08-26 18:30:00,2026,Hanwha Eagles,SSG Landers,1.0,6.0,Final,문학,-
20260826-Lotte_Giants-KIA_Tigers,2026-08-26 18:30:00,2026,Lotte Giants,KIA Tigers,11.0,16.0,Final,광주,-
20260826-NC_Dinos-LG_Twins,2026-08-26 18:30:00,2026,NC Dinos,LG Twins,0.0,8.0,Final,잠실,-
20260826-Samsung_Lions-Kiwoom_Heroes,2026-08-26 18:30:00,2026,Samsung Lions,Kiwoom Heroes,12.0,2.0,Final,고척,-
20260827-Doosan_Bears-KT_Wiz,2026-08-27 18:30:00,2026,Doosan Bears,KT Wiz,4.0,5.0,Final,수원,-
20260827-Hanwha_Eagles-SSG_Landers,2026-08-27 18:30:00,2026,Hanwha Eagles,SSG Landers,6.0,13.0,Final,문학,-
20260827-Lotte_Giants-KIA_Tigers,2026-08-27 18:30:00,2026,Lotte Giants,KIA Tigers,,,Postponed,광주,우천취소
20260827-NC_Dinos-LG_Twins,2026-08-27 18:30:00,2026,NC Dinos,LG Twins,13.0,3.0,Final,잠실,-
20260827-Samsung_Lions-Kiwoom_Heroes,2026-08-27 18:30:00,2026,Samsung Lions,Kiwoom Heroes,15.0,2.0,Final,고척,-
20260828-KT_Wiz-Samsung_Lions,2026-08-28 18:30:00,2026,KT Wiz,Samsung Lions,,,Postponed,대구,그라운드사정
20260828-Kiwoom_Heroes-Doosan_Bears,2026-08-28 18:30:00,2026,Kiwoom Heroes,Doosan Bears,,,Postponed,잠실,그라운드사정
20260828-LG_Twins-Lotte_Giants,2026-08-28 18:30:00,2026,LG Twins,Lotte Giants,,,Postponed,사직,우천취소
20260828-NC_Dinos-Hanwha_Eagles,2026-08-28 18:30:00,2026,NC Dinos,Hanwha Eagles,,,Postponed,대전,우천취소
20260828-SSG_Landers-KIA_Tigers,2026-08-28 18:30:00,2026,SSG Landers,KIA Tigers,,,Postponed,광주,우천취소
20260829-KT_Wiz-Samsung_Lions,2026-08-29 18:00:00,2026,KT Wiz,Samsung Lions,2.0,4.0,Final,대구,-
20260829-Kiwoom_Heroes-Doosan_Bears,2026-08-29 18:00:00,2026,Kiwoom Heroes,Doosan Bears,2.0,7.0,Final,잠실,-
20260829-LG_Twins-Lotte_Giants,2026-08-29 18:00:00,2026,LG Twins,Lotte Giants,8.0,3.0,Final,사직,-
20260829-NC_Dinos-Hanwha_Eagles,2026-08-29 18:00:00,2026,NC Dinos,Hanwha Eagles,11.0,4.0,Final,대전,-
20260829-SSG_Landers-KIA_Tigers,2026-08-29 18:00:00,2026,SSG Landers,KIA Tigers,1.0,2.0,Final,광주,-
20260830-KT_Wiz-Samsung_Lions,2026-08-30 18:00:00,2026,KT Wiz,Samsung Lions,,,Postponed,대구,우천취소
20260830-Kiwoom_Heroes-Doosan_Bears,2026-08-30 18:00:00,2026,Kiwoom Heroes,Doosan Bears,1.0,15.0,Final,잠실,-
20260830-LG_Twins-Lotte_Giants,2026-08-30 18:00:00,2026,LG Twins,Lotte Giants,,,Postponed,사직,우천취소
20260830-NC_Dinos-Hanwha_Eagles,2026-08-30 18:00:00,2026,NC Dinos,Hanwha Eagles,10.0,7.0,Final,대전,-
20260830-SSG_Landers-KIA_Tigers,2026-08-30 18:00:00,2026,SSG Landers,KIA Tigers,,,Postponed,광주,우천취소
20260901-Hanwha_Eagles-KT_Wiz,2026-09-01 18:30:00,2026,Hanwha Eagles,KT Wiz,1.0,6.0,Final,수원,-
20260901-KIA_Tigers-NC_Dinos,2026-09-01 18:30:00,2026,KIA Tigers,NC Dinos,2.0,7.0,Final,창원,-
20260901-LG_Twins-Doosan_Bears,2026-09-01 18:30:00,2026,LG Twins,Doosan Bears,3.0,1.0,Final,잠실,-
20260901-Lotte_Giants-Samsung_Lions,2026-09-01 18:30:00,2026,Lotte Giants,Samsung Lions,0.0,3.0,Final,대구,-
20260901-SSG_Landers-Kiwoom_Heroes,2026-09-01 18:30:00,2026,SSG Landers,Kiwoom Heroes,4.0,0.0,Final,고척,-
20260902-Hanwha_Eagles-KT_Wiz,2026-09-02 18:30:00,2026,Hanwha Eagles,KT Wiz,6.0,9.0,Final,수원,-
20260902-KIA_Tigers-NC_Dinos,2026-09-02 18:30:00,2026,KIA Tigers,NC Dinos,2.0,3.0,Final,창원,-
20260902-LG_Twins-Doosan_Bears,2026-09-02 18:30:00,2026,LG Twins,Doosan Bears,5.0,1.0,Final,잠실,-
20260902-Lotte_Giants-Samsung_Lions,2026-09-02 18:30:00,2026,Lotte Giants,Samsung Lions,5.0,8.0,Final,대구,-
20260902-SSG_Landers-Kiwoom_Heroes,2026-09-02 18:30:00,2026,SSG Landers,Kiwoom Heroes,9.0,6.0,Final,고척,-
20260903-Hanwha_Eagles-KT_Wiz,2026-09-03 18:30:00,2026,Hanwha Eagles,KT Wiz,11.0,13.0,Final,수원,-
20260903-KIA_Tigers-NC_Dinos,2026-09-03 18:30:00,2026,KIA Tigers,NC Dinos,,,Postponed,창원,우천취소
20260903-LG_Twins-Doosan_Bears,2026-09-03 18:30:00,2026,LG Twins,Doosan Bears,1.0,0.0,Final,잠실,-
20260903-Lotte_Giants-Samsung_Lions,2026-09-03 18:30:00,2026,Lotte Giants,Samsung Lions,3.0,2.0,Final,대구,-
20260903-SSG_Landers-Kiwoom_Heroes,2026-09-03 18:30:00,2026,SSG Landers,Kiwoom Heroes,2.0,3.0,Final,고척,-
20260904-Doosan_Bears-SSG_Landers,2026-09-04 18:30:00,2026,Doosan Bears,SSG Landers,0.0,4.0,Final,문학,-
20260904-Hanwha_Eagles-Lotte_Giants,2026-09-04 18:30:00,2026,Hanwha Eagles,Lotte Giants,14.0,4.0,Final,사직,-
20260904-KT_Wiz-KIA_Tigers,2026-09-04 18:30:00,2026,KT Wiz,KIA Tigers,3.0,4.0,Final,광주,-
20260904-NC_Dinos-Kiwoom_Heroes,2026-09-04 18:30:00,2026,NC Dinos,Kiwoom Heroes,6.0,1.0,Final,고척,-
20260904-Samsung_Lions-LG_Twins,2026-09-04 18:30:00,2026,Samsung Lions,LG Twins,3.0,4.0,Final,잠실,-
20260905-Doosan_Bears-SSG_Landers,2026-09-05 17:00:00,2026,Doosan Bears,SSG Landers,,,Scheduled,문학,-
20260905-Hanwha_Eagles-Lotte_Giants,2026-09-05 17:00:00,2026,Hanwha Eagles,Lotte Giants,,,Scheduled,사직,-
20260905-KT_Wiz-KIA_Tigers,2026-09-05 17:00:00,2026,KT Wiz,KIA Tigers,,,Scheduled,광주,-
20260905-NC_Dinos-Kiwoom_Heroes,2026-09-05 17:00:00,2026,NC Dinos,Kiwoom Heroes,,,Scheduled,고척,-
20260905-Samsung_Lions-LG_Twins,2026-09-05 17:00:00,2026,Samsung Lions,LG Twins,,,Scheduled,잠실,-
20260906-NC_Dinos-Kiwoom_Heroes,2026-09-06 14:00:00,2026,NC Dinos,Kiwoom Heroes,,,Scheduled,고척,-
20260906-Doosan_Bears-SSG_Landers,2026-09-06 17:00:00,2026,Doosan Bears,SSG Landers,,,Scheduled,문학,-
20260906-Hanwha_Eagles-Lotte_Giants,2026-09-06 17:00:00,2026,Hanwha Eagles,Lotte Giants,,,Scheduled,사직,-
20260906-KT_Wiz-KIA_Tigers,2026-09-06 17:00:00,2026,KT Wiz,KIA Tigers,,,Scheduled,광주,-
20260906-Samsung_Lions-LG_Twins,2026-09-06 17:00:00,2026,Samsung Lions,LG Twins,,,Scheduled,잠실,-
20260908-Doosan_Bears-Hanwha_Eagles,2026-09-08 18:30:00,2026,Doosan Bears,Hanwha Eagles,,,Scheduled,대전,-
20260908-KIA_Tigers-Samsung_Lions,2026-09-08 18:30:00,2026,KIA Tigers,Samsung Lions,,,Scheduled,대구,-
20260908-Kiwoom_Heroes-LG_Twins,2026-09-08 18:30:00,2026,Kiwoom Heroes,LG Twins,,,Scheduled,잠실,-
20260908-Lotte_Giants-NC_Dinos,2026-09-08 18:30:00,2026,Lotte Giants,NC Dinos,,,Scheduled,창원,-
20260908-SSG_Landers-KT_Wiz,2026-09-08 18:30:00,2026,SSG Landers,KT Wiz,,,Scheduled,수원,-
20260909-KT_Wiz-Samsung_Lions,2026-09-09 18:30:00,2026,KT Wiz,Samsung Lions,,,Scheduled,대구,-
20260909-LG_Twins-Hanwha_Eagles,2026-09-09 18:30:00,2026,LG Twins,Hanwha Eagles,,,Scheduled,대전,-
20260909-NC_Dinos-KIA_Tigers,2026-09-09 18:30:00,2026,NC Dinos,KIA Tigers,,,Scheduled,광주,-
20260909-SSG_Landers-Doosan_Bears,2026-09-09 18:30:00,2026,SSG Landers,Doosan Bears,,,Scheduled,잠실,-
20260910-Hanwha_Eagles-SSG_Landers,2026-09-10 18:30:00,2026,Hanwha Eagles,SSG Landers,,,Scheduled,문학,-
20260910-KT_Wiz-Lotte_Giants,2026-09-10 18:30:00,2026,KT Wiz,Lotte Giants,,,Scheduled,사직,-
20260910-Kiwoom_Heroes-Doosan_Bears,2026-09-10 18:30:00,2026,Kiwoom Heroes,Doosan Bears,,,Scheduled,잠실,-
20260910-NC_Dinos-KIA_Tigers,2026-09-10 18:30:00,2026,NC Dinos,KIA Tigers,,,Scheduled,광주,-
20260911-KT_Wiz-Lotte_Giants,2026-09-11 18:30:00,2026,KT Wiz,Lotte Giants,,,Scheduled,사직,-
20260911-Kiwoom_Heroes-Samsung_Lions,2026-09-11 18:30:00,2026,Kiwoom Heroes,Samsung Lions,,,Scheduled,대구,-
20260911-NC_Dinos-Hanwha_Eagles,2026-09-11 18:30:00,2026,NC Dinos,Hanwha Eagles,,,Scheduled,대전,-
20260911-SSG_Landers-KIA_Tigers,2026-09-11 18:30:00,2026,SSG Landers,KIA Tigers,,,Scheduled,광주,-
20260912-KIA_Tigers-KT_Wiz,2026-09-12 17:00:00,2026,KIA Tigers,KT Wiz,,,Scheduled,수원,-
20260912-LG_Twins-Samsung_Lions,2026-09-12 17:00:00,2026,LG Twins,Samsung Lions,,,Scheduled,대구,-
20260912-Lotte_Giants-Kiwoom_Heroes,2026-09-12 17:00:00,2026,Lotte Giants,Kiwoom Heroes,,,Scheduled,고척,-
20260912-NC_Dinos-Doosan_Bears,2026-09-12 17:00:00,2026,NC Dinos,Doosan Bears,,,Scheduled,잠실,-
20260913-Hanwha_Eagles-KIA_Tigers,2026-09-13 17:00:00,2026,Hanwha Eagles,KIA Tigers,,,Scheduled,광주,-
20260913-LG_Twins-Samsung_Lions,2026-09-13 17:00:00,2026,LG Twins,Samsung Lions,,,Scheduled,대구,-
20260913-Lotte_Giants-KT_Wiz,2026-09-13 17:00:00,2026,Lotte Giants,KT Wiz,,,Scheduled,수원,-
20260913-NC_Dinos-Doosan_Bears,2026-09-13 17:00:00,2026,NC Dinos,Doosan Bears,,,Scheduled,잠실,-
20260915-KIA_Tigers-SSG_Landers,2026-09-15 18:30:00,2026,KIA Tigers,SSG Landers,,,Scheduled,문학,-
20260915-KT_Wiz-Hanwha_Eagles,2026-09-15 18:30:00,2026,KT Wiz,Hanwha Eagles,,,Scheduled,대전,-
20260915-LG_Twins-NC_Dinos,2026-09-15 18:30:00,2026,LG Twins,NC Dinos,,,Scheduled,창원,-
20260915-Lotte_Giants-Samsung_Lions,2026-09-15 18:30:00,2026,Lotte Giants,Samsung Lions,,,Scheduled,대구,-
20260916-KT_Wiz-Hanwha_Eagles,2026-09-16 18:30:00,2026,KT Wiz,Hanwha Eagles,,,Scheduled,대전,-
20260916-LG_Twins-NC_Dinos,2026-09-16 18:30:00,2026,LG Twins,NC Dinos,,,Scheduled,창원,-
20260916-SSG_Landers-Lotte_Giants,2026-09-16 18:30:00,2026,SSG Landers,Lotte Giants,,,Scheduled,사직,-
20260916-Samsung_Lions-Doosan_Bears,2026-09-16 18:30:00,2026,Samsung Lions,Doosan Bears,,,Scheduled,잠실,-
20260917-Kiwoom_Heroes-KIA_Tigers,2026-09-17 18:30:00,2026,Kiwoom Heroes,KIA Tigers,,,Scheduled,광주,-
20260917-SSG_Landers-NC_Dinos,2026-09-17 18:30:00,2026,SSG Landers,NC Dinos,,,Scheduled,창원,-
20260918-Kiwoom_Heroes-Doosan_Bears,2026-09-18 18:30:00,2026,Kiwoom Heroes,Doosan Bears,,,Scheduled,잠실,-
20260918-LG_Twins-KT_Wiz,2026-09-18 18:30:00,2026,LG Twins,KT Wiz,,,Scheduled,수원,-
20260918-NC_Dinos-Lotte_Giants,2026-09-18 18:30:00,2026,NC Dinos,Lotte Giants,,,Scheduled,사직,-
20260918-Samsung_Lions-Hanwha_Eagles,2026-09-18 18:30:00,2026,Samsung Lions,Hanwha Eagles,,,Scheduled,대전,-
20260919-Doosan_Bears-KT_Wiz,2026-09-19 17:00:00,2026,Doosan Bears,KT Wiz,,,Scheduled,수원,-
20260919-Hanwha_Eagles-LG_Twins,2026-09-19 17:00:00,2026,Hanwha Eagles,LG Twins,,,Scheduled,잠실,-
20260919-KIA_Tigers-NC_Dinos,2026-09-19 17:00:00,2026,KIA Tigers,NC Dinos,,,Scheduled,창원,-
20260919-Samsung_Lions-Lotte_Giants,2026-09-19 17:00:00,2026,Samsung Lions,Lotte Giants,,,Scheduled,사직,-
20260920-Doosan_Bears-KT_Wiz,2026-09-20 14:00:00,2026,Doosan Bears,KT Wiz,,,Scheduled,수원,-
20260920-Hanwha_Eagles-LG_Twins,2026-09-20 14:00:00,2026,Hanwha Eagles,LG Twins,,,Scheduled,잠실,-
20260920-KIA_Tigers-NC_Dinos,2026-09-20 14:00:00,2026,KIA Tigers,NC Dinos,,,Scheduled,창원,-
20260920-Kiwoom_Heroes-SSG_Landers,2026-09-20 14:00:00,2026,Kiwoom Heroes,SSG Landers,,,Scheduled,문학,-
20260920-Samsung_Lions-Lotte_Giants,2026-09-20 14:00:00,2026,Samsung Lions,Lotte Giants,,,Scheduled,사직,-
20260922-Doosan_Bears-Kiwoom_Heroes,2026-09-22 18:30:00,2026,Doosan Bears,Kiwoom Heroes,,,Scheduled,고척,-
20260922-KT_Wiz-SSG_Landers,2026-09-22 18:30:00,2026,KT Wiz,SSG Landers,,,Scheduled,문학,-
20260922-Lotte_Giants-Hanwha_Eagles,2026-09-22 18:30:00,2026,Lotte Giants,Hanwha Eagles,,,Scheduled,대전,-
20260922-NC_Dinos-Samsung_Lions,2026-09-22 18:30:00,2026,NC Dinos,Samsung Lions,,,Scheduled,대구,-
20260923-KIA_Tigers-Doosan_Bears,2026-09-23 18:30:00,2026,KIA Tigers,Doosan Bears,,,Scheduled,잠실,-
20260923-Lotte_Giants-Hanwha_Eagles,2026-09-23 18:30:00,2026,Lotte Giants,Hanwha Eagles,,,Scheduled,대전,-
20260923-NC_Dinos-KT_Wiz,2026-09-23 18:30:00,2026,NC Dinos,KT Wiz,,,Scheduled,수원,-
20260924-Lotte_Giants-LG_Twins,2026-09-24 17:00:00,2026,Lotte Giants,LG Twins,,,Scheduled,잠실,-
20260924-NC_Dinos-KT_Wiz,2026-09-24 17:00:00,2026,NC Dinos,KT Wiz,,,Scheduled,수원,-
20260924-Samsung_Lions-SSG_Landers,2026-09-24 17:00:00,2026,Samsung Lions,SSG Landers,,,Scheduled,문학,-
20260925-Hanwha_Eagles-NC_Dinos,2026-09-25 17:00:00,2026,Hanwha Eagles,NC Dinos,,,Scheduled,창원,-
20260925-Lotte_Giants-Doosan_Bears,2026-09-25 17:00:00,2026,Lotte Giants,Doosan Bears,,,Scheduled,잠실,-
20260925-Samsung_Lions-SSG_Landers,2026-09-25 17:00:00,2026,Samsung Lions,SSG Landers,,,Scheduled,문학,-
20260926-Hanwha_Eagles-NC_Dinos,2026-09-26 17:00:00,2026,Hanwha Eagles,NC Dinos,,,Scheduled,창원,-
20260926-Kiwoom_Heroes-KT_Wiz,2026-09-26 17:00:00,2026,Kiwoom Heroes,KT Wiz,,,Scheduled,수원,-
20260926-LG_Twins-KIA_Tigers,2026-09-26 17:00:00,2026,LG Twins,KIA Tigers,,,Scheduled,광주,-
20260927-Hanwha_Eagles-Lotte_Giants,2026-09-27 17:00:00,2026,Hanwha Eagles,Lotte Giants,,,Scheduled,사직,-
20260927-KT_Wiz-Doosan_Bears,2026-09-27 17:00:00,2026,KT Wiz,Doosan Bears,,,Scheduled,잠실,-
20260927-Kiwoom_Heroes-NC_Dinos,2026-09-27 17:00:00,2026,Kiwoom Heroes,NC Dinos,,,Scheduled,창원,-
20260927-LG_Twins-KIA_Tigers,2026-09-27 17:00:00,2026,LG Twins,KIA Tigers,,,Scheduled,광주,-
20260929-Hanwha_Eagles-Samsung_Lions,2026-09-29 18:30:00,2026,Hanwha Eagles,Samsung Lions,,,Scheduled,대구,-
20260929-KT_Wiz-KIA_Tigers,2026-09-29 18:30:00,2026,KT Wiz,KIA Tigers,,,Scheduled,광주,-
20260929-Kiwoom_Heroes-Lotte_Giants,2026-09-29 18:30:00,2026,Kiwoom Heroes,Lotte Giants,,,Scheduled,사직,-
20260929-LG_Twins-SSG_Landers,2026-09-29 18:30:00,2026,LG Twins,SSG Landers,,,Scheduled,문학,-
20260929-NC_Dinos-Doosan_Bears,2026-09-29 18:30:00,2026,NC Dinos,Doosan Bears,,,Scheduled,잠실,-
20260930-Hanwha_Eagles-Samsung_Lions,2026-09-30 18:30:00,2026,Hanwha Eagles,Samsung Lions,,,Scheduled,대구,-
20260930-KT_Wiz-KIA_Tigers,2026-09-30 18:30:00,2026,KT Wiz,KIA Tigers,,,Scheduled,광주,-
20260930-Kiwoom_Heroes-Lotte_Giants,2026-09-30 18:30:00,2026,Kiwoom Heroes,Lotte Giants,,,Scheduled,사직,-
20260930-LG_Twins-SSG_Landers,2026-09-30 18:30:00,2026,LG Twins,SSG Landers,,,Scheduled,문학,-
20260930-NC_Dinos-Doosan_Bears,2026-09-30 18:30:00,2026,NC Dinos,Doosan Bears,,,Scheduled,잠실,-
20261001-Hanwha_Eagles-Samsung_Lions,2026-10-01 18:30:00,2026,Hanwha Eagles,Samsung Lions,,,Scheduled,대구,-
20261001-KT_Wiz-KIA_Tigers,2026-10-01 18:30:00,2026,KT Wiz,KIA Tigers,,,Scheduled,광주,-
20261001-LG_Twins-SSG_Landers,2026-10-01 18:30:00,2026,LG Twins,SSG Landers,,,Scheduled,문학,-
20261001-NC_Dinos-Doosan_Bears,2026-10-01 18:30:00,2026,NC Dinos,Doosan Bears,,,Scheduled,잠실,-
20261003-Doosan_Bears-Samsung_Lions,2026-10-03 14:00:00,2026,Doosan Bears,Samsung Lions,,,Scheduled,대구,-
20261003-KIA_Tigers-LG_Twins,2026-10-03 14:00:00,2026,KIA Tigers,LG Twins,,,Scheduled,잠실,-
20261003-Kiwoom_Heroes-Hanwha_Eagles,2026-10-03 14:00:00,2026,Kiwoom Heroes,Hanwha Eagles,,,Scheduled,대전,-
20261003-Lotte_Giants-KT_Wiz,2026-10-03 14:00:00,2026,Lotte Giants,KT Wiz,,,Scheduled,수원,-
20261003-SSG_Landers-NC_Dinos,2026-10-03 14:00:00,2026,SSG Landers,NC Dinos,,,Scheduled,창원,-
20261004-Doosan_Bears-Samsung_Lions,2026-10-04 14:00:00,2026,Doosan Bears,Samsung Lions,,,Scheduled,대구,-
20261004-KIA_Tigers-LG_Twins,2026-10-04 14:00:00,2026,KIA Tigers,LG Twins,,,Scheduled,잠실,-
20261004-Kiwoom_Heroes-Hanwha_Eagles,2026-10-04 14:00:00,2026,Kiwoom Heroes,Hanwha Eagles,,,Scheduled,대전,-
20261004-Lotte_Giants-KT_Wiz,2026-10-04 14:00:00,2026,Lotte Giants,KT Wiz,,,Scheduled,수원,-
20261004-SSG_Landers-NC_Dinos,2026-10-04 14:00:00,2026,SSG Landers,NC Dinos,,,Scheduled,창원,-
20261005-Doosan_Bears-Samsung_Lions,2026-10-05 14:00:00,2026,Doosan Bears,Samsung Lions,,,Scheduled,대구,-
20261005-KIA_Tigers-LG_Twins,2026-10-05 14:00:00,2026,KIA Tigers,LG Twins,,,Scheduled,잠실,-
20261005-Kiwoom_Heroes-Hanwha_Eagles,2026-10-05 14:00:00,2026,Kiwoom Heroes,Hanwha Eagles,,,Scheduled,대전,-
20261005-Lotte_Giants-KT_Wiz,2026-10-05 14:00:00,2026,Lotte Giants,KT Wiz,,,Scheduled,수원,-
20261005-SSG_Landers-NC_Dinos,2026-10-05 14:00:00,2026,SSG Landers,NC Dinos,,,Scheduled,창원,-
20261006-Doosan_Bears-Lotte_Giants,2026-10-06 18:30:00,2026,Doosan Bears,Lotte Giants,,,Scheduled,사직,-
20261006-KT_Wiz-Kiwoom_Heroes,2026-10-06 18:30:00,2026,KT Wiz,Kiwoom Heroes,,,Scheduled,고척,-
20261006-NC_Dinos-LG_Twins,2026-10-06 18:30:00,2026,NC Dinos,LG Twins,,,Scheduled,잠실,-
20261006-SSG_Landers-Hanwha_Eagles,2026-10-06 18:30:00,2026,SSG Landers,Hanwha Eagles,,,Scheduled,대전,-
20261006-Samsung_Lions-KIA_Tigers,2026-10-06 18:30:00,2026,Samsung Lions,KIA Tigers,,,Scheduled,광주,-
20261007-Doosan_Bears-LG_Twins,2026-10-07 18:30:00,2026,Doosan Bears,LG Twins,,,Scheduled,잠실,-
20261007-Hanwha_Eagles-Kiwoom_Heroes,2026-10-07 18:30:00,2026,Hanwha Eagles,Kiwoom Heroes,,,Scheduled,고척,-
20261007-KIA_Tigers-Lotte_Giants,2026-10-07 18:30:00,2026,KIA Tigers,Lotte Giants,,,Scheduled,사직,-
20261007-NC_Dinos-SSG_Landers,2026-10-07 18:30:00,2026,NC Dinos,SSG Landers,,,Scheduled,문학,-
20261007-Samsung_Lions-KT_Wiz,2026-10-07 18:30:00,2026,Samsung Lions,KT Wiz,,,Scheduled,수원,-
