game_id,official_game_id,away_bat_ab,away_bat_h,away_bat_avg,home_bat_ab,home_bat_h,home_bat_avg,away_starter_name,away_starter_ip,away_starter_np,away_starter_er,away_starter_h,away_starter_hr,away_starter_bb,away_starter_so,away_bullpen_ip,away_bullpen_np,away_bullpen_er,away_bullpen_h,away_bullpen_hr,away_bullpen_bb,away_bullpen_so,home_starter_name,home_starter_ip,home_starter_np,home_starter_er,home_starter_h,home_starter_hr,home_starter_bb,home_starter_so,home_bullpen_ip,home_bullpen_np,home_bullpen_er,home_bullpen_h,home_bullpen_hr,home_bullpen_bb,home_bullpen_so
20240323-Doosan_Bears-NC_Dinos,20240323OBNC0,33.0,8.0,0.24242424242424243,34.0,7.0,0.20588235294117646,알칸타라,6.0,66.0,0.0,2.0,0.0,0.0,4.0,2.0,80.0,4.0,5.0,1.0,6.0,5.0,하트,7.0,91.0,2.0,5.0,0.0,0.0,5.0,1.0,36.0,1.0,3.0,0.0,0.0,1.0
20240323-Hanwha_Eagles-LG_Twins,20240323HHLG0,32.0,7.0,0.21875,35.0,11.0,0.3142857142857143,류현진,3.6666666666666665,86.0,2.0,6.0,0.0,3.0,0.0,2.6666666666666665,80.0,3.0,5.0,0.0,4.0,2.0,엔스,6.0,89.0,2.0,7.0,0.0,3.0,4.0,3.0,31.0,0.0,0.0,0.0,0.0,2.0
20240323-Kiwoom_Heroes-KIA_Tigers,20240323WOHT0,34.0,7.0,0.20588235294117646,37.0,13.0,0.35135135135135137,후라도,4.0,91.0,7.0,10.0,1.0,2.0,1.0,4.0,79.0,0.0,3.0,0.0,3.0,0.0,크로우,5.666666666666667,84.0,4.0,6.0,1.0,1.0,5.0,3.0,48.0,0.0,1.0,0.0,1.0,3.0
20240323-Lotte_Giants-SSG_Landers,20240323LTSK0,36.0,9.0,0.25,30.0,8.0,0.26666666666666666,윌커슨,5.0,85.0,4.0,6.0,2.0,2.0,8.0,2.333333333333333,49.0,1.0,2.0,0.0,2.0,0.0,김광현,5.0,96.0,3.0,6.0,1.0,2.0,6.0,3.333333333333333,80.0,0.0,3.0,0.0,4.0,6.0
20240323-Samsung_Lions-KT_Wiz,20240323SSKT0,40.0,11.0,0.275,34.0,5.0,0.14705882352941177,코너,6.0,87.0,1.0,4.0,1.0,1.0,8.0,4.0,58.0,0.0,1.0,0.0,4.0,3.0,쿠에바스,5.0,75.0,1.0,3.0,1.0,2.0,7.0,3.333333333333333,90.0,5.0,8.0,0.0,4.0,4.0
20240324-Doosan_Bears-NC_Dinos,20240324OBNC0,35.0,10.0,0.2857142857142857,34.0,7.0,0.20588235294117646,브랜든,5.0,72.0,0.0,2.0,0.0,2.0,4.0,3.0,66.0,2.0,5.0,0.0,2.0,4.0,신민혁,5.0,80.0,3.0,6.0,2.0,1.0,1.0,4.0,85.0,3.0,4.0,1.0,3.0,3.0
20240324-Hanwha_Eagles-LG_Twins,20240324HHLG0,34.0,11.0,0.3235294117647059,35.0,10.0,0.2857142857142857,페냐,6.666666666666667,95.0,2.0,6.0,0.0,1.0,4.0,2.0,55.0,2.0,4.0,0.0,1.0,2.0,임찬규,6.0,93.0,3.0,7.0,2.0,1.0,5.0,2.0,64.0,5.0,4.0,1.0,2.0,2.0
20240324-Lotte_Giants-SSG_Landers,20240324LTSK0,37.0,10.0,0.2702702702702703,33.0,10.0,0.30303030303030304,박세웅,5.0,97.0,2.0,5.0,0.0,2.0,4.0,2.0,82.0,5.0,5.0,2.0,6.0,3.0,엘리아스,6.0,79.0,0.0,4.0,0.0,1.0,5.0,2.0,99.0,2.0,6.0,1.0,4.0,3.0
20240324-Samsung_Lions-KT_Wiz,20240324SSKT0,39.0,18.0,0.46153846153846156,41.0,16.0,0.3902439024390244,레예스,6.0,84.0,1.0,6.0,0.0,1.0,2.0,2.0,66.0,7.0,10.0,0.0,0.0,0.0,엄상백,4.0,81.0,4.0,6.0,0.0,5.0,3.0,4.333333333333333,89.0,7.0,12.0,1.0,4.0,1.0
20240326-Doosan_Bears-KT_Wiz,20240326OBKT0,34.0,9.0,0.2647058823529412,38.0,11.0,0.2894736842105263,곽빈,5.0,91.0,3.0,6.0,0.0,2.0,9.0,3.0,79.0,1.0,5.0,0.0,1.0,5.0,벤자민,5.0,80.0,4.0,3.0,2.0,2.0,8.0,4.0,70.0,4.0,6.0,0.0,1.0,2.0
20240326-Hanwha_Eagles-SSG_Landers,20240326HHSK0,33.0,6.0,0.18181818181818182,30.0,3.0,0.1,김민우,5.0,91.0,0.0,2.0,0.0,3.0,6.0,4.0,59.0,0.0,1.0,0.0,2.0,2.0,더거,5.0,89.0,4.0,4.0,0.0,3.0,2.0,4.0,56.0,2.0,2.0,1.0,1.0,6.0
20240326-Kiwoom_Heroes-NC_Dinos,20240326WONC0,35.0,8.0,0.22857142857142856,35.0,11.0,0.3142857142857143,헤이수스,3.3333333333333335,86.0,4.0,6.0,1.0,5.0,6.0,4.0,105.0,5.0,5.0,1.0,6.0,5.0,카스타노,6.666666666666667,98.0,1.0,3.0,0.0,2.0,7.0,1.0,55.0,4.0,5.0,1.0,1.0,4.0
20240326-Lotte_Giants-KIA_Tigers,20240326LTHT0,33.0,6.0,0.18181818181818182,28.0,6.0,0.21428571428571427,반즈,6.0,91.0,1.0,4.0,1.0,3.0,6.0,1.0,24.0,1.0,2.0,0.0,0.0,1.0,양현종,5.333333333333333,90.0,1.0,5.0,0.0,4.0,4.0,3.0,58.0,0.0,1.0,0.0,1.0,4.0
20240326-Samsung_Lions-LG_Twins,20240326SSLG0,35.0,8.0,0.22857142857142856,27.0,8.0,0.2962962962962963,백정현,5.666666666666667,86.0,2.0,5.0,0.0,5.0,2.0,2.333333333333333,30.0,2.0,3.0,1.0,0.0,0.0,켈리,6.0,85.0,3.0,7.0,0.0,1.0,4.0,3.0,46.0,0.0,1.0,0.0,2.0,2.0
20240327-Doosan_Bears-KT_Wiz,20240327OBKT0,40.0,18.0,0.45,35.0,8.0,0.22857142857142856,최원준,5.0,94.0,5.0,5.0,3.0,5.0,3.0,3.0,92.0,2.0,3.0,1.0,6.0,6.0,고영표,4.0,86.0,9.0,13.0,0.0,1.0,2.0,5.0,75.0,2.0,5.0,0.0,1.0,4.0
20240327-Hanwha_Eagles-SSG_Landers,20240327HHSK0,26.0,2.0,0.07692307692307693,31.0,5.0,0.16129032258064516,산체스,5.666666666666667,90.0,1.0,3.0,0.0,2.0,8.0,3.0,55.0,0.0,2.0,0.0,1.0,3.0,박종훈,2.0,59.0,0.0,1.0,0.0,6.0,2.0,7.0,81.0,2.0,1.0,0.0,3.0,6.0
20240327-Kiwoom_Heroes-NC_Dinos,20240327WONC0,33.0,6.0,0.18181818181818182,30.0,8.0,0.26666666666666666,김선기,4.0,79.0,5.0,5.0,1.0,5.0,0.0,4.0,53.0,1.0,3.0,1.0,1.0,3.0,이재학,4.333333333333333,94.0,2.0,4.0,1.0,5.0,5.0,4.666666666666666,64.0,0.0,2.0,0.0,2.0,6.0
20240327-Lotte_Giants-KIA_Tigers,20240327LTHT0,32.0,6.0,0.1875,32.0,10.0,0.3125,나균안,5.0,93.0,3.0,7.0,1.0,4.0,3.0,2.6666666666666665,56.0,2.0,3.0,0.0,3.0,2.0,네일,6.0,85.0,1.0,5.0,1.0,1.0,9.0,3.0,49.0,0.0,1.0,0.0,2.0,5.0
20240327-Samsung_Lions-LG_Twins,20240327SSLG0,40.0,5.0,0.125,44.0,11.0,0.25,원태인,5.0,92.0,1.0,6.0,0.0,3.0,6.0,6.0,125.0,1.0,5.0,0.0,6.0,9.0,최원태,4.666666666666667,83.0,1.0,3.0,0.0,6.0,3.0,7.333333333333334,90.0,0.0,2.0,0.0,2.0,4.0
20240328-Doosan_Bears-KT_Wiz,20240328OBKT0,34.0,9.0,0.2647058823529412,44.0,18.0,0.4090909090909091,김동주,4.666666666666667,84.0,6.0,10.0,0.0,1.0,5.0,2.0,90.0,2.0,8.0,0.0,4.0,3.0,원상현,3.0,61.0,3.0,5.0,1.0,1.0,4.0,5.666666666666666,108.0,4.0,4.0,1.0,5.0,6.0
20240328-Hanwha_Eagles-SSG_Landers,20240328HHSK0,35.0,15.0,0.42857142857142855,39.0,13.0,0.3333333333333333,문동주,5.0,80.0,2.0,6.0,0.0,2.0,5.0,4.0,78.0,3.0,7.0,1.0,0.0,4.0,오원석,4.0,81.0,2.0,5.0,1.0,3.0,2.0,5.0,109.0,8.0,10.0,0.0,7.0,1.0
20240328-Samsung_Lions-LG_Twins,20240328SSLG0,32.0,5.0,0.15625,47.0,25.0,0.5319148936170213,이승민,4.0,97.0,6.0,8.0,1.0,1.0,2.0,4.0,100.0,12.0,17.0,1.0,3.0,3.0,손주영,6.0,83.0,0.0,3.0,0.0,3.0,3.0,3.0,59.0,0.0,2.0,0.0,1.0,3.0
20240329-KIA_Tigers-Doosan_Bears,20240329HTOB0,35.0,9.0,0.2571428571428571,31.0,3.0,0.0967741935483871,이의리,4.0,78.0,0.0,2.0,0.0,5.0,6.0,3.0,91.0,0.0,1.0,0.0,4.0,6.0,알칸타라,5.333333333333333,109.0,2.0,7.0,0.0,2.0,2.0,2.333333333333333,73.0,1.0,2.0,0.0,3.0,5.0
20240329-KT_Wiz-Hanwha_Eagles,20240329KTHH0,35.0,10.0,0.2857142857142857,32.0,6.0,0.1875,쿠에바스,7.0,83.0,2.0,4.0,0.0,0.0,8.0,1.6666666666666665,32.0,1.0,2.0,0.0,1.0,2.0,류현진,6.0,89.0,2.0,8.0,0.0,0.0,9.0,3.0,37.0,0.0,2.0,0.0,1.0,1.0
20240329-LG_Twins-Kiwoom_Heroes,20240329LGWO0,33.0,7.0,0.21212121212121213,34.0,7.0,0.20588235294117646,엔스,6.0,95.0,0.0,3.0,0.0,0.0,11.0,2.0,64.0,0.0,4.0,0.0,1.0,4.0,후라도,6.0,87.0,1.0,4.0,0.0,2.0,4.0,3.0,53.0,2.0,3.0,0.0,3.0,3.0
20240329-NC_Dinos-Lotte_Giants,20240329NCLT0,31.0,5.0,0.16129032258064516,31.0,8.0,0.25806451612903225,김시훈,5.0,88.0,0.0,4.0,0.0,1.0,4.0,2.333333333333333,64.0,3.0,4.0,1.0,2.0,2.0,윌커슨,6.333333333333333,84.0,0.0,3.0,0.0,0.0,5.0,2.6666666666666665,43.0,0.0,2.0,0.0,0.0,4.0
20240329-SSG_Landers-Samsung_Lions,20240329SKSS0,35.0,11.0,0.3142857142857143,31.0,4.0,0.12903225806451613,김광현,6.0,102.0,1.0,2.0,0.0,4.0,7.0,3.0,50.0,3.0,2.0,2.0,1.0,3.0,코너,5.0,82.0,5.0,9.0,3.0,2.0,1.0,3.0,48.0,1.0,2.0,1.0,0.0,2.0
20240330-KIA_Tigers-Doosan_Bears,20240330HTOB0,32.0,6.0,0.1875,30.0,9.0,0.3,크로우,4.333333333333333,85.0,5.0,6.0,1.0,3.0,5.0,3.0,86.0,3.0,3.0,1.0,7.0,2.0,브랜든,6.0,95.0,0.0,5.0,0.0,1.0,6.0,3.0,37.0,0.0,1.0,0.0,1.0,3.0
20240330-KT_Wiz-Hanwha_Eagles,20240330KTHH0,36.0,10.0,0.2777777777777778,32.0,12.0,0.375,엄상백,3.0,82.0,4.0,4.0,2.0,4.0,4.0,5.0,74.0,4.0,8.0,0.0,2.0,1.0,페냐,5.0,95.0,2.0,3.0,1.0,3.0,6.0,3.6666666666666665,82.0,3.0,7.0,1.0,1.0,4.0
20240330-LG_Twins-Kiwoom_Heroes,20240330LGWO0,34.0,7.0,0.20588235294117646,35.0,12.0,0.34285714285714286,임찬규,5.0,91.0,5.0,7.0,0.0,2.0,3.0,2.6666666666666665,51.0,2.0,5.0,0.0,1.0,1.0,하영민,5.0,70.0,0.0,2.0,0.0,1.0,3.0,3.333333333333333,79.0,3.0,5.0,3.0,1.0,4.0
20240330-NC_Dinos-Lotte_Giants,20240330NCLT0,41.0,14.0,0.34146341463414637,33.0,7.0,0.21212121212121213,신민혁,6.0,104.0,0.0,5.0,0.0,1.0,6.0,3.0,40.0,0.0,2.0,0.0,1.0,3.0,박세웅,3.3333333333333335,85.0,5.0,9.0,0.0,2.0,3.0,5.666666666666666,81.0,0.0,5.0,0.0,1.0,5.0
20240330-SSG_Landers-Samsung_Lions,20240330SKSS0,38.0,12.0,0.3157894736842105,39.0,11.0,0.28205128205128205,엘리아스,6.0,100.0,2.0,8.0,0.0,1.0,9.0,2.0,70.0,2.0,3.0,0.0,5.0,3.0,레예스,2.6666666666666665,86.0,6.0,8.0,0.0,2.0,5.0,6.0,130.0,3.0,4.0,0.0,6.0,8.0
20240331-KIA_Tigers-Doosan_Bears,20240331HTOB0,40.0,14.0,0.35,34.0,8.0,0.23529411764705882,윤영철,5.0,89.0,0.0,3.0,0.0,1.0,5.0,2.0,77.0,3.0,5.0,1.0,4.0,4.0,곽빈,6.0,89.0,3.0,6.0,0.0,1.0,5.0,2.0,79.0,6.0,8.0,0.0,5.0,1.0
20240331-KT_Wiz-Hanwha_Eagles,20240331KTHH0,34.0,7.0,0.20588235294117646,41.0,18.0,0.43902439024390244,벤자민,3.0,72.0,11.0,11.0,2.0,1.0,4.0,4.0,102.0,3.0,7.0,0.0,2.0,5.0,황준서,5.0,73.0,1.0,3.0,1.0,2.0,5.0,4.0,48.0,2.0,4.0,1.0,0.0,1.0
20240331-LG_Twins-Kiwoom_Heroes,20240331LGWO0,32.0,8.0,0.25,38.0,14.0,0.3684210526315789,켈리,5.0,92.0,3.0,9.0,1.0,3.0,4.0,3.0,57.0,5.0,5.0,2.0,2.0,2.0,헤이수스,7.0,85.0,0.0,4.0,0.0,0.0,7.0,2.0,47.0,4.0,4.0,2.0,2.0,0.0
20240331-NC_Dinos-Lotte_Giants,20240331NCLT0,40.0,11.0,0.275,48.0,17.0,0.3541666666666667,카스타노,6.0,90.0,1.0,7.0,0.0,0.0,4.0,3.333333333333333,117.0,6.0,10.0,0.0,3.0,5.0,반즈,3.6666666666666665,100.0,5.0,5.0,0.0,6.0,3.0,6.0,155.0,3.0,6.0,0.0,8.0,11.0
20240331-SSG_Landers-Samsung_Lions,20240331SKSS0,39.0,11.0,0.28205128205128205,36.0,6.0,0.16666666666666666,더거,6.0,98.0,3.0,5.0,1.0,0.0,5.0,5.0,88.0,0.0,1.0,0.0,4.0,5.0,백정현,2.6666666666666665,57.0,3.0,4.0,0.0,2.0,1.0,7.666666666666667,108.0,1.0,7.0,1.0,4.0,4.0
20240402-Doosan_Bears-SSG_Landers,20240402OBSK0,37.0,10.0,0.2702702702702703,40.0,15.0,0.375,최원준,3.0,54.0,6.0,5.0,3.0,1.0,5.0,3.0,97.0,6.0,10.0,2.0,3.0,3.0,송영진,2.6666666666666665,74.0,2.0,6.0,0.0,3.0,4.0,5.666666666666666,98.0,2.0,4.0,1.0,3.0,4.0
20240402-KIA_Tigers-KT_Wiz,20240402HTKT0,43.0,15.0,0.3488372093023256,34.0,9.0,0.2647058823529412,양현종,5.333333333333333,89.0,4.0,5.0,1.0,3.0,2.0,2.6666666666666665,64.0,2.0,4.0,0.0,3.0,2.0,고영표,6.0,85.0,0.0,7.0,0.0,0.0,4.0,1.0,73.0,6.0,8.0,1.0,2.0,3.0
20240402-Kiwoom_Heroes-Samsung_Lions,20240402WOSS0,36.0,11.0,0.3055555555555556,31.0,7.0,0.22580645161290322,김선기,5.0,63.0,1.0,3.0,0.0,1.0,3.0,4.0,64.0,2.0,4.0,0.0,1.0,3.0,원태인,5.0,95.0,4.0,7.0,1.0,1.0,4.0,4.0,76.0,4.0,4.0,0.0,3.0,1.0
20240402-Lotte_Giants-Hanwha_Eagles,20240402LTHH0,34.0,7.0,0.20588235294117646,31.0,5.0,0.16129032258064516,나균안,6.0,101.0,0.0,4.0,0.0,3.0,10.0,3.0,52.0,0.0,1.0,0.0,4.0,2.0,산체스,5.666666666666667,100.0,0.0,4.0,0.0,2.0,8.0,1.3333333333333333,69.0,1.0,3.0,0.0,2.0,7.0
20240402-NC_Dinos-LG_Twins,20240402NCLG0,38.0,10.0,0.2631578947368421,38.0,11.0,0.2894736842105263,하트,5.0,103.0,4.0,7.0,0.0,5.0,10.0,3.6666666666666665,78.0,1.0,4.0,0.0,2.0,3.0,최원태,5.666666666666667,101.0,4.0,4.0,1.0,1.0,10.0,2.0,97.0,3.0,6.0,0.0,5.0,3.0
20240403-Doosan_Bears-SSG_Landers,20240403OBSK0,32.0,7.0,0.21875,31.0,8.0,0.25806451612903225,김동주,4.333333333333333,87.0,3.0,4.0,0.0,2.0,2.0,3.6666666666666665,67.0,2.0,4.0,1.0,1.0,1.0,오원석,5.0,85.0,3.0,6.0,2.0,2.0,5.0,4.0,67.0,0.0,1.0,0.0,0.0,7.0
20240403-KIA_Tigers-KT_Wiz,20240403HTKT0,39.0,13.0,0.3333333333333333,34.0,7.0,0.20588235294117646,네일,6.0,93.0,0.0,5.0,0.0,0.0,7.0,3.0,43.0,0.0,2.0,0.0,0.0,4.0,엄상백,5.0,78.0,3.0,7.0,1.0,0.0,4.0,4.0,63.0,2.0,6.0,0.0,1.0,1.0
20240403-NC_Dinos-LG_Twins,20240403NCLG0,32.0,7.0,0.21875,31.0,8.0,0.25806451612903225,이재학,5.0,87.0,1.0,7.0,1.0,2.0,3.0,3.0,43.0,1.0,1.0,0.0,2.0,0.0,손주영,4.0,91.0,0.0,3.0,0.0,6.0,3.0,5.0,63.0,0.0,4.0,0.0,0.0,5.0
20240404-Doosan_Bears-SSG_Landers,20240404OBSK0,35.0,4.0,0.11428571428571428,33.0,8.0,0.24242424242424243,알칸타라,8.0,91.0,2.0,6.0,1.0,0.0,5.0,1.0,39.0,1.0,2.0,0.0,5.0,2.0,김광현,2.6666666666666665,41.0,0.0,1.0,0.0,1.0,2.0,7.333333333333333,111.0,2.0,3.0,1.0,1.0,11.0
20240404-KIA_Tigers-KT_Wiz,20240404HTKT0,37.0,12.0,0.32432432432432434,35.0,7.0,0.2,이의리,5.0,92.0,2.0,6.0,1.0,2.0,7.0,3.333333333333333,54.0,0.0,1.0,0.0,1.0,2.0,쿠에바스,6.0,108.0,5.0,10.0,0.0,2.0,5.0,3.0,47.0,1.0,2.0,1.0,0.0,1.0
20240404-Kiwoom_Heroes-Samsung_Lions,20240404WOSS0,39.0,12.0,0.3076923076923077,31.0,4.0,0.12903225806451613,후라도,6.0,87.0,1.0,3.0,1.0,0.0,7.0,3.0,43.0,0.0,1.0,0.0,3.0,3.0,코너,5.666666666666667,103.0,5.0,7.0,1.0,4.0,5.0,3.333333333333333,58.0,5.0,5.0,1.0,1.0,2.0
20240404-Lotte_Giants-Hanwha_Eagles,20240404LTHH0,38.0,11.0,0.2894736842105263,34.0,9.0,0.2647058823529412,윌커슨,5.0,84.0,4.0,5.0,2.0,1.0,6.0,3.0,62.0,2.0,4.0,0.0,2.0,4.0,문동주,5.0,90.0,4.0,10.0,1.0,3.0,3.0,3.0,60.0,1.0,1.0,0.0,0.0,2.0
20240404-NC_Dinos-LG_Twins,20240404NCLG0,46.0,14.0,0.30434782608695654,38.0,11.0,0.2894736842105263,김시훈,2.3333333333333335,76.0,5.0,6.0,0.0,4.0,1.0,7.666666666666666,133.0,3.0,5.0,1.0,6.0,2.0,엔스,4.0,85.0,7.0,9.0,0.0,2.0,2.0,6.666666666666666,126.0,0.0,5.0,0.0,5.0,6.0
20240405-Doosan_Bears-Lotte_Giants,20240405OBLT0,34.0,10.0,0.29411764705882354,34.0,5.0,0.14705882352941177,브랜든,6.0,101.0,2.0,5.0,0.0,0.0,7.0,3.0,47.0,0.0,0.0,0.0,2.0,4.0,이인복,5.0,85.0,3.0,6.0,0.0,4.0,2.0,3.6666666666666665,65.0,1.0,4.0,0.0,3.0,4.0
20240405-Hanwha_Eagles-Kiwoom_Heroes,20240405HHWO0,30.0,9.0,0.3,37.0,13.0,0.35135135135135137,류현진,4.333333333333333,81.0,9.0,9.0,0.0,2.0,2.0,3.0,71.0,1.0,4.0,0.0,2.0,3.0,하영민,5.0,69.0,4.0,6.0,0.0,3.0,2.0,3.0,76.0,3.0,3.0,0.0,4.0,7.0
20240405-KT_Wiz-LG_Twins,20240405KTLG0,40.0,11.0,0.275,40.0,10.0,0.25,원상현,4.0,97.0,3.0,6.0,0.0,2.0,6.0,6.0,88.0,3.0,4.0,0.0,2.0,5.0,임찬규,3.6666666666666665,93.0,4.0,6.0,1.0,5.0,4.0,4.0,127.0,3.0,5.0,0.0,6.0,7.0
20240405-SSG_Landers-NC_Dinos,20240405SKNC0,30.0,4.0,0.13333333333333333,34.0,11.0,0.3235294117647059,이건욱,3.3333333333333335,81.0,4.0,7.0,0.0,1.0,3.0,4.666666666666666,69.0,0.0,4.0,0.0,2.0,5.0,신민혁,6.333333333333333,97.0,0.0,4.0,0.0,0.0,4.0,2.6666666666666665,28.0,0.0,0.0,0.0,0.0,3.0
20240405-Samsung_Lions-KIA_Tigers,20240405SSHT0,31.0,5.0,0.16129032258064516,32.0,9.0,0.28125,레예스,5.0,87.0,5.0,7.0,2.0,1.0,2.0,2.0,47.0,0.0,2.0,0.0,2.0,1.0,크로우,5.0,93.0,0.0,2.0,0.0,3.0,3.0,3.0,51.0,2.0,3.0,0.0,2.0,2.0
20240406-Doosan_Bears-Lotte_Giants,20240406OBLT0,31.0,6.0,0.1935483870967742,35.0,12.0,0.34285714285714286,곽빈,5.0,89.0,6.0,9.0,0.0,1.0,3.0,3.0,65.0,2.0,3.0,0.0,1.0,6.0,박세웅,7.0,103.0,1.0,5.0,1.0,1.0,9.0,2.0,28.0,0.0,1.0,0.0,0.0,3.0
20240406-Hanwha_Eagles-Kiwoom_Heroes,20240406HHWO0,33.0,8.0,0.24242424242424243,27.0,6.0,0.2222222222222222,페냐,3.0,64.0,4.0,4.0,1.0,3.0,2.0,5.0,72.0,1.0,2.0,1.0,4.0,4.0,헤이수스,6.0,84.0,3.0,4.0,2.0,2.0,3.0,2.333333333333333,65.0,3.0,4.0,0.0,2.0,2.0
20240406-KT_Wiz-LG_Twins,20240406KTLG0,33.0,9.0,0.2727272727272727,34.0,12.0,0.35294117647058826,벤자민,6.0,93.0,1.0,3.0,1.0,3.0,4.0,2.0,56.0,7.0,9.0,1.0,2.0,0.0,켈리,7.0,98.0,2.0,6.0,1.0,1.0,3.0,1.3333333333333333,37.0,1.0,3.0,0.0,1.0,2.0
20240406-SSG_Landers-NC_Dinos,20240406SKNC0,34.0,6.0,0.17647058823529413,40.0,17.0,0.425,더거,3.0,98.0,13.0,12.0,0.0,7.0,4.0,5.0,95.0,2.0,5.0,1.0,3.0,3.0,카스타노,6.666666666666667,99.0,0.0,5.0,1.0,0.0,7.0,2.0,42.0,0.0,1.0,0.0,1.0,1.0
20240406-Samsung_Lions-KIA_Tigers,20240406SSHT0,35.0,11.0,0.3142857142857143,36.0,9.0,0.25,이승민,3.3333333333333335,72.0,3.0,6.0,1.0,1.0,1.0,5.666666666666666,83.0,1.0,3.0,1.0,1.0,3.0,윤영철,4.666666666666667,93.0,4.0,6.0,0.0,5.0,4.0,2.0,91.0,3.0,5.0,0.0,7.0,5.0
20240407-Doosan_Bears-Lotte_Giants,20240407OBLT0,38.0,10.0,0.2631578947368421,37.0,10.0,0.2702702702702703,박신지,1.0,18.0,0.0,1.0,0.0,2.0,0.0,8.0,157.0,5.0,9.0,1.0,4.0,8.0,반즈,6.0,96.0,2.0,6.0,1.0,1.0,5.0,3.0,82.0,2.0,4.0,0.0,3.0,0.0
20240407-Hanwha_Eagles-Kiwoom_Heroes,20240407HHWO0,42.0,10.0,0.23809523809523808,36.0,8.0,0.2222222222222222,김민우,7.0,91.0,3.0,5.0,2.0,2.0,7.0,3.0,55.0,1.0,3.0,1.0,1.0,2.0,김선기,5.0,71.0,1.0,3.0,1.0,3.0,1.0,5.333333333333333,119.0,2.0,7.0,0.0,5.0,3.0
20240407-KT_Wiz-LG_Twins,20240407KTLG0,37.0,11.0,0.2972972972972973,35.0,16.0,0.45714285714285713,김민,1.0,57.0,6.0,3.0,0.0,6.0,0.0,6.333333333333334,139.0,10.0,13.0,1.0,7.0,2.0,최원태,5.0,98.0,4.0,6.0,1.0,2.0,8.0,3.333333333333333,87.0,3.0,5.0,1.0,4.0,3.0
20240407-SSG_Landers-NC_Dinos,20240407SKNC0,35.0,7.0,0.2,34.0,12.0,0.35294117647058826,박종훈,4.0,88.0,7.0,7.0,3.0,3.0,6.0,4.0,69.0,3.0,5.0,0.0,3.0,2.0,하트,6.0,97.0,0.0,4.0,0.0,1.0,5.0,3.0,40.0,0.0,3.0,0.0,0.0,4.0
20240407-Samsung_Lions-KIA_Tigers,20240407SSHT0,35.0,8.0,0.22857142857142856,32.0,7.0,0.21875,이호성,3.0,75.0,3.0,3.0,0.0,3.0,2.0,5.333333333333333,91.0,0.0,4.0,0.0,2.0,3.0,양현종,6.0,85.0,3.0,5.0,1.0,3.0,2.0,2.0,58.0,2.0,3.0,1.0,1.0,3.0
20240409-Hanwha_Eagles-Doosan_Bears,20240409HHOB0,36.0,9.0,0.25,30.0,8.0,0.26666666666666666,산체스,5.0,92.0,1.0,5.0,0.0,3.0,7.0,2.6666666666666665,64.0,4.0,3.0,2.0,3.0,5.0,김동주,5.333333333333333,98.0,0.0,8.0,0.0,2.0,4.0,3.0,55.0,0.0,1.0,0.0,4.0,2.0
20240409-KT_Wiz-NC_Dinos,20240409KTNC0,33.0,7.0,0.21212121212121213,33.0,7.0,0.21212121212121213,엄상백,5.0,104.0,1.0,4.0,0.0,3.0,5.0,3.333333333333333,68.0,0.0,3.0,0.0,2.0,6.0,이재학,5.0,92.0,4.0,4.0,0.0,2.0,7.0,4.0,58.0,2.0,3.0,0.0,1.0,5.0
20240409-Kiwoom_Heroes-SSG_Landers,20240409WOSK0,34.0,8.0,0.23529411764705882,34.0,11.0,0.3235294117647059,손현기,4.0,68.0,4.0,4.0,1.0,4.0,0.0,3.0,80.0,0.0,7.0,0.0,1.0,5.0,오원석,5.0,80.0,5.0,6.0,1.0,2.0,5.0,4.0,49.0,0.0,2.0,0.0,0.0,4.0
20240409-LG_Twins-KIA_Tigers,20240409LGHT0,36.0,9.0,0.25,31.0,10.0,0.3225806451612903,손주영,5.0,90.0,0.0,4.0,0.0,3.0,4.0,2.0,81.0,7.0,6.0,1.0,5.0,2.0,네일,7.0,94.0,0.0,7.0,0.0,0.0,7.0,1.0,49.0,0.0,2.0,0.0,2.0,4.0
20240409-Samsung_Lions-Lotte_Giants,20240409SSLT0,40.0,15.0,0.375,33.0,6.0,0.18181818181818182,원태인,6.0,94.0,1.0,4.0,0.0,1.0,3.0,3.0,53.0,0.0,2.0,0.0,1.0,5.0,나균안,5.333333333333333,104.0,4.0,8.0,1.0,3.0,7.0,2.0,69.0,4.0,7.0,1.0,1.0,3.0
20240410-Hanwha_Eagles-Doosan_Bears,20240410HHOB0,31.0,4.0,0.12903225806451613,33.0,10.0,0.30303030303030304,문동주,3.3333333333333335,75.0,6.0,6.0,1.0,3.0,2.0,4.0,86.0,1.0,4.0,0.0,3.0,4.0,알칸타라,5.0,98.0,4.0,4.0,0.0,5.0,3.0,3.333333333333333,51.0,0.0,0.0,0.0,2.0,3.0
20240410-KT_Wiz-NC_Dinos,20240410KTNC0,33.0,7.0,0.21212121212121213,31.0,8.0,0.25806451612903225,쿠에바스,6.0,99.0,2.0,6.0,1.0,0.0,4.0,1.3333333333333333,35.0,1.0,2.0,0.0,2.0,2.0,김시훈,6.0,84.0,1.0,2.0,1.0,2.0,3.0,1.0,68.0,1.0,5.0,0.0,3.0,2.0
20240410-Kiwoom_Heroes-SSG_Landers,20240410WOSK0,31.0,7.0,0.22580645161290322,34.0,12.0,0.35294117647058826,후라도,6.0,89.0,5.0,8.0,2.0,2.0,7.0,2.0,44.0,3.0,4.0,0.0,3.0,1.0,김광현,6.0,93.0,2.0,4.0,1.0,2.0,6.0,3.0,38.0,2.0,3.0,1.0,1.0,2.0
20240410-LG_Twins-KIA_Tigers,20240410LGHT0,35.0,11.0,0.3142857142857143,34.0,10.0,0.29411764705882354,엔스,6.0,102.0,1.0,5.0,0.0,1.0,9.0,1.0,45.0,3.0,5.0,0.0,1.0,2.0,이의리,1.3333333333333333,55.0,3.0,5.0,0.0,4.0,1.0,6.333333333333333,110.0,1.0,6.0,0.0,1.0,5.0
20240410-Samsung_Lions-Lotte_Giants,20240410SSLT0,43.0,18.0,0.4186046511627907,40.0,12.0,0.3,코너,3.0,72.0,4.0,7.0,1.0,1.0,5.0,7.0,121.0,3.0,5.0,0.0,3.0,3.0,윌커슨,5.0,79.0,3.0,7.0,1.0,1.0,3.0,3.6666666666666665,112.0,7.0,11.0,1.0,6.0,6.0
20240411-Hanwha_Eagles-Doosan_Bears,20240411HHOB0,33.0,6.0,0.18181818181818182,28.0,1.0,0.03571428571428571,류현진,6.0,94.0,0.0,1.0,0.0,2.0,8.0,3.0,41.0,0.0,0.0,0.0,1.0,2.0,브랜든,6.0,102.0,2.0,4.0,0.0,2.0,7.0,3.0,52.0,1.0,2.0,0.0,1.0,4.0
20240411-KT_Wiz-NC_Dinos,20240411KTNC0,40.0,12.0,0.3,41.0,15.0,0.36585365853658536,이선우,2.6666666666666665,60.0,3.0,5.0,0.0,1.0,2.0,4.666666666666666,144.0,5.0,10.0,0.0,5.0,9.0,신민혁,4.666666666666667,96.0,1.0,6.0,1.0,0.0,2.0,4.666666666666666,90.0,3.0,6.0,1.0,3.0,6.0
20240411-Kiwoom_Heroes-SSG_Landers,20240411WOSK0,40.0,11.0,0.275,32.0,5.0,0.15625,하영민,5.0,105.0,2.0,5.0,1.0,2.0,4.0,4.0,50.0,0.0,0.0,0.0,0.0,4.0,엘리아스,6.333333333333333,103.0,5.0,10.0,2.0,1.0,5.0,2.0,37.0,0.0,1.0,0.0,0.0,3.0
20240411-LG_Twins-KIA_Tigers,20240411LGHT0,35.0,9.0,0.2571428571428571,32.0,15.0,0.46875,임찬규,5.0,96.0,4.0,10.0,0.0,2.0,6.0,3.0,59.0,4.0,5.0,0.0,3.0,1.0,크로우,6.0,104.0,0.0,5.0,0.0,1.0,8.0,2.333333333333333,56.0,1.0,4.0,0.0,2.0,2.0
20240411-Samsung_Lions-Lotte_Giants,20240411SSLT0,34.0,8.0,0.23529411764705882,31.0,6.0,0.1935483870967742,레예스,6.666666666666667,107.0,0.0,6.0,0.0,1.0,5.0,2.333333333333333,30.0,0.0,0.0,0.0,1.0,1.0,이인복,6.666666666666667,100.0,2.0,6.0,1.0,3.0,5.0,1.3333333333333333,28.0,2.0,2.0,0.0,1.0,3.0
20240412-KIA_Tigers-Hanwha_Eagles,20240412HTHH0,35.0,9.0,0.2571428571428571,36.0,8.0,0.2222222222222222,윤영철,5.0,77.0,1.0,3.0,0.0,2.0,4.0,3.333333333333333,64.0,2.0,5.0,0.0,2.0,4.0,페냐,4.0,78.0,3.0,5.0,2.0,2.0,3.0,3.333333333333333,136.0,5.0,4.0,0.0,9.0,3.0
20240412-LG_Twins-Doosan_Bears,20240412LGOB0,31.0,4.0,0.12903225806451613,27.0,2.0,0.07407407407407407,켈리,7.0,101.0,0.0,2.0,0.0,2.0,8.0,2.0,28.0,0.0,0.0,0.0,1.0,3.0,곽빈,6.666666666666667,108.0,2.0,2.0,0.0,3.0,7.0,1.3333333333333333,34.0,0.0,2.0,0.0,1.0,1.0
20240412-Lotte_Giants-Kiwoom_Heroes,20240412LTWO0,34.0,6.0,0.17647058823529413,37.0,15.0,0.40540540540540543,박세웅,4.0,87.0,6.0,11.0,1.0,2.0,1.0,4.0,68.0,2.0,4.0,0.0,3.0,2.0,헤이수스,6.0,77.0,0.0,1.0,0.0,0.0,10.0,2.0,55.0,2.0,5.0,0.0,2.0,0.0
20240412-NC_Dinos-Samsung_Lions,20240412NCSS0,36.0,11.0,0.3055555555555556,36.0,9.0,0.25,카스타노,6.0,98.0,2.0,5.0,0.0,2.0,6.0,2.333333333333333,61.0,1.0,4.0,0.0,0.0,4.0,이승민,4.0,102.0,8.0,8.0,3.0,5.0,2.0,4.333333333333334,82.0,0.0,3.0,0.0,3.0,8.0
20240412-SSG_Landers-KT_Wiz,20240412SKKT0,34.0,8.0,0.23529411764705882,38.0,15.0,0.39473684210526316,더거,1.0,41.0,4.0,4.0,1.0,2.0,2.0,7.0,150.0,1.0,11.0,0.0,4.0,5.0,벤자민,6.0,93.0,1.0,4.0,1.0,2.0,6.0,3.0,49.0,1.0,4.0,0.0,2.0,2.0
20240413-KIA_Tigers-Hanwha_Eagles,20240413HTHH0,39.0,15.0,0.38461538461538464,39.0,14.0,0.358974358974359,양현종,6.0,102.0,2.0,5.0,0.0,2.0,8.0,2.0,96.0,3.0,9.0,1.0,4.0,2.0,김민우,0.0,4.0,0.0,0.0,0.0,1.0,0.0,8.333333333333334,165.0,10.0,15.0,1.0,7.0,3.0
20240413-LG_Twins-Doosan_Bears,20240413LGOB0,36.0,10.0,0.2777777777777778,31.0,9.0,0.2903225806451613,최원태,4.333333333333333,87.0,4.0,7.0,0.0,3.0,6.0,3.0,52.0,1.0,2.0,0.0,1.0,2.0,이영하,3.3333333333333335,63.0,1.0,4.0,0.0,5.0,4.0,4.333333333333333,84.0,1.0,6.0,1.0,3.0,2.0
20240413-Lotte_Giants-Kiwoom_Heroes,20240413LTWO0,34.0,8.0,0.23529411764705882,33.0,11.0,0.3333333333333333,반즈,6.0,102.0,4.0,7.0,0.0,3.0,6.0,1.3333333333333333,36.0,4.0,4.0,2.0,0.0,0.0,김선기,6.0,89.0,1.0,7.0,0.0,3.0,2.0,3.0,43.0,0.0,1.0,0.0,0.0,3.0
20240413-NC_Dinos-Samsung_Lions,20240413NCSS0,32.0,6.0,0.1875,38.0,13.0,0.34210526315789475,하트,6.0,103.0,2.0,8.0,0.0,3.0,7.0,2.333333333333333,70.0,1.0,5.0,0.0,1.0,3.0,이호성,3.0,53.0,1.0,3.0,0.0,1.0,3.0,6.0,94.0,3.0,3.0,0.0,3.0,5.0
20240413-SSG_Landers-KT_Wiz,20240413SKKT0,46.0,21.0,0.45652173913043476,35.0,10.0,0.2857142857142857,박종훈,6.0,97.0,3.0,5.0,2.0,3.0,5.0,2.333333333333333,74.0,5.0,5.0,1.0,2.0,3.0,원상현,2.0,57.0,7.0,9.0,0.0,0.0,1.0,7.0,125.0,3.0,12.0,0.0,4.0,2.0
20240414-KIA_Tigers-Hanwha_Eagles,20240414HTHH0,34.0,7.0,0.20588235294117646,34.0,9.0,0.2647058823529412,네일,5.666666666666667,104.0,2.0,7.0,0.0,1.0,7.0,3.0,43.0,0.0,2.0,0.0,0.0,2.0,산체스,5.0,94.0,1.0,4.0,1.0,4.0,9.0,3.333333333333333,79.0,3.0,3.0,1.0,3.0,2.0
20240414-LG_Twins-Doosan_Bears,20240414LGOB0,38.0,13.0,0.34210526315789475,33.0,10.0,0.30303030303030304,손주영,4.0,84.0,2.0,5.0,1.0,1.0,3.0,4.0,69.0,3.0,5.0,0.0,2.0,2.0,김동주,5.0,99.0,2.0,5.0,0.0,3.0,4.0,3.333333333333333,85.0,2.0,8.0,0.0,1.0,4.0
20240414-Lotte_Giants-Kiwoom_Heroes,20240414LTWO0,33.0,8.0,0.24242424242424243,37.0,16.0,0.43243243243243246,나균안,3.0,86.0,5.0,9.0,1.0,2.0,1.0,4.333333333333333,106.0,2.0,7.0,0.0,4.0,4.0,손현기,4.0,77.0,2.0,3.0,0.0,4.0,4.0,4.0,100.0,3.0,5.0,0.0,5.0,0.0
20240414-NC_Dinos-Samsung_Lions,20240414NCSS0,38.0,12.0,0.3157894736842105,33.0,13.0,0.3939393939393939,이재학,3.3333333333333335,63.0,6.0,6.0,2.0,2.0,4.0,4.666666666666666,78.0,6.0,7.0,2.0,2.0,2.0,원태인,5.333333333333333,101.0,2.0,6.0,2.0,1.0,3.0,1.0,59.0,3.0,6.0,1.0,1.0,2.0
20240414-SSG_Landers-KT_Wiz,20240414SKKT0,39.0,12.0,0.3076923076923077,34.0,9.0,0.2647058823529412,오원석,5.666666666666667,97.0,1.0,5.0,0.0,1.0,4.0,3.0,82.0,0.0,4.0,0.0,4.0,3.0,엄상백,5.0,90.0,4.0,7.0,0.0,1.0,5.0,4.0,61.0,4.0,5.0,2.0,2.0,2.0
20240416-Doosan_Bears-Samsung_Lions,20240416OBSS0,33.0,7.0,0.21212121212121213,32.0,8.0,0.25,박소준,4.0,71.0,5.0,6.0,2.0,2.0,2.0,4.0,83.0,2.0,2.0,1.0,5.0,4.0,코너,5.333333333333333,89.0,3.0,4.0,1.0,3.0,6.0,2.333333333333333,53.0,0.0,3.0,0.0,0.0,1.0
20240416-Hanwha_Eagles-NC_Dinos,20240416HHNC0,32.0,6.0,0.1875,36.0,10.0,0.2777777777777778,문동주,5.333333333333333,95.0,1.0,7.0,1.0,2.0,6.0,2.333333333333333,57.0,1.0,3.0,0.0,1.0,4.0,김시훈,6.0,91.0,0.0,2.0,0.0,4.0,4.0,1.0,79.0,3.0,4.0,0.0,5.0,2.0
20240416-KIA_Tigers-SSG_Landers,20240416HTSK0,33.0,9.0,0.2727272727272727,39.0,13.0,0.3333333333333333,김건국,3.3333333333333335,56.0,3.0,5.0,1.0,0.0,2.0,2.6666666666666665,101.0,3.0,8.0,2.0,2.0,9.0,김광현,6.0,86.0,2.0,5.0,1.0,1.0,5.0,2.333333333333333,60.0,2.0,4.0,2.0,1.0,1.0
20240416-KT_Wiz-Kiwoom_Heroes,20240416KTWO0,34.0,8.0,0.23529411764705882,32.0,8.0,0.25,쿠에바스,6.0,101.0,3.0,5.0,1.0,4.0,8.0,1.3333333333333333,29.0,2.0,3.0,0.0,1.0,1.0,후라도,6.0,88.0,3.0,7.0,0.0,2.0,5.0,2.333333333333333,42.0,0.0,1.0,0.0,1.0,4.0
20240416-Lotte_Giants-LG_Twins,20240416LTLG0,32.0,6.0,0.1875,33.0,12.0,0.36363636363636365,윌커슨,6.0,89.0,3.0,6.0,0.0,1.0,3.0,1.0,56.0,4.0,6.0,0.0,1.0,1.0,엔스,6.0,94.0,1.0,4.0,1.0,2.0,5.0,2.0,50.0,1.0,2.0,1.0,1.0,2.0
20240417-Doosan_Bears-Samsung_Lions,20240417OBSS0,32.0,8.0,0.25,37.0,16.0,0.43243243243243246,김호준,1.6666666666666665,46.0,5.0,5.0,1.0,2.0,0.0,6.0,124.0,4.0,11.0,3.0,2.0,7.0,레예스,5.0,99.0,1.0,5.0,1.0,3.0,4.0,4.0,58.0,1.0,3.0,1.0,2.0,2.0
20240417-Hanwha_Eagles-NC_Dinos,20240417HHNC0,37.0,12.0,0.32432432432432434,23.0,3.0,0.13043478260869565,류현진,7.0,98.0,3.0,3.0,1.0,2.0,8.0,0.0,20.0,1.0,0.0,0.0,2.0,0.0,신민혁,5.333333333333333,100.0,2.0,8.0,0.0,1.0,4.0,2.6666666666666665,52.0,1.0,4.0,0.0,0.0,3.0
20240417-KIA_Tigers-SSG_Landers,20240417HTSK0,35.0,12.0,0.34285714285714286,35.0,9.0,0.2571428571428571,크로우,5.0,78.0,0.0,3.0,0.0,2.0,3.0,3.333333333333333,76.0,2.0,6.0,0.0,3.0,6.0,엘리아스,5.0,90.0,5.0,6.0,1.0,3.0,0.0,4.0,97.0,6.0,6.0,2.0,4.0,4.0
20240417-KT_Wiz-Kiwoom_Heroes,20240417KTWO0,37.0,11.0,0.2972972972972973,35.0,10.0,0.2857142857142857,육청명,5.0,82.0,1.0,6.0,1.0,2.0,1.0,3.0,98.0,3.0,4.0,0.0,3.0,6.0,하영민,4.333333333333333,98.0,4.0,8.0,0.0,3.0,3.0,3.6666666666666665,65.0,2.0,3.0,0.0,0.0,2.0
20240417-Lotte_Giants-LG_Twins,20240417LTLG0,38.0,14.0,0.3684210526315789,31.0,11.0,0.3548387096774194,이인복,5.0,95.0,5.0,8.0,1.0,1.0,2.0,3.0,57.0,1.0,3.0,0.0,4.0,1.0,임찬규,5.0,89.0,3.0,8.0,2.0,3.0,7.0,3.333333333333333,77.0,2.0,6.0,0.0,3.0,3.0
20240418-Doosan_Bears-Samsung_Lions,20240418OBSS0,32.0,6.0,0.1875,28.0,5.0,0.17857142857142858,곽빈,5.0,101.0,5.0,5.0,1.0,5.0,7.0,3.0,50.0,0.0,0.0,0.0,1.0,6.0,이승현,5.0,91.0,0.0,1.0,0.0,2.0,6.0,4.0,77.0,2.0,5.0,0.0,2.0,5.0
20240418-KIA_Tigers-SSG_Landers,20240418HTSK0,34.0,8.0,0.23529411764705882,30.0,8.0,0.26666666666666666,윤영철,6.0,89.0,5.0,6.0,2.0,1.0,4.0,1.0,31.0,1.0,2.0,0.0,1.0,0.0,더거,5.0,81.0,1.0,3.0,0.0,1.0,3.0,3.0,64.0,4.0,5.0,1.0,2.0,4.0
20240418-KT_Wiz-Kiwoom_Heroes,20240418KTWO0,38.0,12.0,0.3157894736842105,29.0,1.0,0.034482758620689655,벤자민,8.0,104.0,0.0,1.0,0.0,2.0,6.0,1.0,11.0,0.0,0.0,0.0,0.0,0.0,헤이수스,5.0,90.0,3.0,9.0,0.0,2.0,4.0,4.0,56.0,0.0,3.0,0.0,1.0,3.0
20240418-Lotte_Giants-LG_Twins,20240418LTLG0,40.0,13.0,0.325,29.0,5.0,0.1724137931034483,박세웅,6.0,81.0,1.0,4.0,0.0,1.0,3.0,3.0,34.0,0.0,1.0,0.0,0.0,3.0,켈리,6.0,101.0,3.0,9.0,0.0,1.0,3.0,2.333333333333333,71.0,3.0,4.0,0.0,2.0,3.0
20240419-KT_Wiz-Lotte_Giants,20240419KTLT0,33.0,7.0,0.21212121212121213,30.0,11.0,0.36666666666666664,원상현,5.0,87.0,1.0,8.0,0.0,3.0,3.0,2.333333333333333,46.0,3.0,3.0,0.0,2.0,2.0,반즈,8.0,100.0,3.0,7.0,2.0,1.0,10.0,1.0,14.0,0.0,0.0,0.0,0.0,2.0
20240419-Kiwoom_Heroes-Doosan_Bears,20240419WOOB0,39.0,13.0,0.3333333333333333,47.0,22.0,0.46808510638297873,김선기,3.0,45.0,3.0,5.0,1.0,1.0,1.0,4.666666666666666,143.0,12.0,17.0,1.0,3.0,4.0,최원준,3.0,70.0,5.0,7.0,0.0,2.0,4.0,5.666666666666666,108.0,2.0,6.0,0.0,3.0,8.0
20240419-LG_Twins-SSG_Landers,20240419LGSK0,33.0,7.0,0.21212121212121213,33.0,4.0,0.12121212121212122,최원태,6.0,91.0,1.0,2.0,0.0,3.0,5.0,3.0,53.0,0.0,2.0,0.0,0.0,3.0,박종훈,3.3333333333333335,61.0,1.0,2.0,0.0,1.0,6.0,5.666666666666666,101.0,3.0,5.0,1.0,2.0,7.0
20240419-NC_Dinos-KIA_Tigers,20240419NCHT0,39.0,10.0,0.2564102564102564,32.0,5.0,0.15625,카스타노,7.0,108.0,2.0,2.0,1.0,3.0,2.0,1.0,45.0,0.0,3.0,0.0,1.0,2.0,양현종,6.0,105.0,2.0,7.0,1.0,0.0,5.0,3.0,67.0,1.0,3.0,1.0,4.0,4.0
20240419-Samsung_Lions-Hanwha_Eagles,20240419SSHH0,33.0,7.0,0.21212121212121213,32.0,10.0,0.3125,이호성,2.6666666666666665,57.0,1.0,4.0,0.0,2.0,1.0,4.0,99.0,5.0,6.0,0.0,3.0,2.0,페냐,6.0,90.0,0.0,5.0,0.0,1.0,5.0,3.0,48.0,1.0,2.0,0.0,0.0,3.0
20240420-NC_Dinos-KIA_Tigers,20240420NCHT0,32.0,5.0,0.15625,33.0,9.0,0.2727272727272727,하트,5.0,88.0,4.0,6.0,1.0,1.0,3.0,3.0,65.0,3.0,3.0,0.0,4.0,1.0,네일,7.0,84.0,1.0,4.0,0.0,2.0,5.0,2.0,38.0,1.0,1.0,0.0,1.0,5.0
20240420-Samsung_Lions-Hanwha_Eagles,20240420SSHH0,32.0,9.0,0.28125,31.0,6.0,0.1935483870967742,원태인,6.0,102.0,0.0,2.0,0.0,2.0,7.0,2.333333333333333,45.0,0.0,4.0,0.0,1.0,2.0,황준서,5.0,64.0,1.0,4.0,0.0,1.0,5.0,4.0,69.0,0.0,5.0,0.0,2.0,2.0
20240421-KT_Wiz-Lotte_Giants,20240421KTLT1,34.0,8.0,0.23529411764705882,40.0,12.0,0.3,쿠에바스,6.333333333333333,102.0,3.0,6.0,2.0,2.0,3.0,2.333333333333333,64.0,6.0,6.0,1.0,3.0,1.0,윌커슨,6.0,80.0,3.0,5.0,0.0,1.0,5.0,2.0,54.0,2.0,3.0,1.0,3.0,2.0
20240421-KT_Wiz-Lotte_Giants-G2,20240421KTLT2,34.0,11.0,0.3235294117647059,34.0,11.0,0.3235294117647059,엄상백,6.0,93.0,5.0,7.0,2.0,1.0,7.0,1.0,36.0,2.0,4.0,0.0,1.0,4.0,나균안,6.0,91.0,3.0,8.0,2.0,1.0,5.0,3.0,51.0,2.0,3.0,0.0,3.0,0.0
20240421-Kiwoom_Heroes-Doosan_Bears,20240421WOOB1,35.0,10.0,0.2857142857142857,37.0,13.0,0.35135135135135137,후라도,7.0,94.0,3.0,10.0,2.0,0.0,4.0,1.0,35.0,1.0,3.0,0.0,0.0,3.0,김동주,3.6666666666666665,105.0,3.0,7.0,0.0,6.0,2.0,5.333333333333333,83.0,1.0,3.0,0.0,5.0,1.0
20240421-Kiwoom_Heroes-Doosan_Bears-G2,20240421WOOB2,31.0,7.0,0.22580645161290322,32.0,7.0,0.21875,김인범,5.0,60.0,0.0,1.0,0.0,0.0,2.0,3.0,63.0,2.0,6.0,0.0,1.0,2.0,알칸타라,7.0,90.0,0.0,4.0,0.0,1.0,2.0,2.0,24.0,1.0,3.0,1.0,1.0,1.0
20240421-LG_Twins-SSG_Landers,20240421LGSK1,36.0,11.0,0.3055555555555556,36.0,10.0,0.2777777777777778,엔스,5.0,94.0,8.0,8.0,2.0,2.0,5.0,3.333333333333333,51.0,0.0,2.0,0.0,2.0,3.0,김광현,6.0,94.0,5.0,7.0,1.0,1.0,7.0,1.0,58.0,5.0,4.0,1.0,3.0,3.0
20240421-LG_Twins-SSG_Landers-G2,20240421LGSK2,34.0,11.0,0.3235294117647059,39.0,12.0,0.3076923076923077,손주영,3.0,81.0,4.0,8.0,2.0,1.0,2.0,6.0,88.0,1.0,4.0,0.0,1.0,7.0,오원석,5.0,93.0,3.0,7.0,0.0,3.0,4.0,3.333333333333333,79.0,2.0,4.0,0.0,3.0,2.0
20240421-NC_Dinos-KIA_Tigers,20240421NCHT0,41.0,16.0,0.3902439024390244,33.0,9.0,0.2727272727272727,김시훈,4.0,95.0,3.0,6.0,2.0,4.0,1.0,5.0,86.0,0.0,3.0,0.0,2.0,5.0,김건국,2.3333333333333335,66.0,4.0,5.0,0.0,4.0,1.0,6.0,158.0,11.0,11.0,3.0,7.0,6.0
20240421-Samsung_Lions-Hanwha_Eagles,20240421SSHH0,35.0,8.0,0.22857142857142856,31.0,5.0,0.16129032258064516,코너,5.333333333333333,99.0,3.0,4.0,0.0,5.0,2.0,3.0,46.0,0.0,1.0,0.0,0.0,4.0,산체스,5.0,83.0,2.0,5.0,1.0,3.0,6.0,3.333333333333333,85.0,3.0,3.0,0.0,4.0,5.0
20240423-Hanwha_Eagles-KT_Wiz,20240423HHKT0,37.0,9.0,0.24324324324324326,34.0,12.0,0.35294117647058826,문동주,4.666666666666667,106.0,4.0,7.0,0.0,3.0,4.0,1.0,82.0,4.0,5.0,1.0,5.0,3.0,육청명,5.0,83.0,2.0,4.0,1.0,2.0,4.0,3.333333333333333,65.0,3.0,5.0,1.0,1.0,5.0
20240423-KIA_Tigers-Kiwoom_Heroes,20240423HTWO0,38.0,9.0,0.23684210526315788,41.0,12.0,0.2926829268292683,크로우,5.0,104.0,0.0,7.0,0.0,1.0,7.0,4.333333333333333,88.0,2.0,5.0,1.0,3.0,4.0,하영민,6.0,83.0,2.0,4.0,1.0,0.0,4.0,3.0,81.0,3.0,5.0,0.0,3.0,5.0
20240423-LG_Twins-Samsung_Lions,20240423LGSS0,29.0,5.0,0.1724137931034483,31.0,10.0,0.3225806451612903,임찬규,5.333333333333333,73.0,3.0,6.0,0.0,0.0,4.0,1.0,35.0,4.0,4.0,1.0,3.0,0.0,레예스,5.0,93.0,3.0,5.0,0.0,1.0,5.0,3.0,52.0,0.0,0.0,0.0,2.0,5.0
20240423-NC_Dinos-Doosan_Bears,20240423NCOB0,32.0,8.0,0.25,33.0,11.0,0.3333333333333333,신민혁,6.0,99.0,4.0,9.0,1.0,1.0,3.0,1.0,47.0,0.0,2.0,0.0,0.0,2.0,최준호,5.0,67.0,1.0,2.0,1.0,1.0,6.0,3.0,91.0,2.0,6.0,0.0,5.0,1.0
20240424-Hanwha_Eagles-KT_Wiz,20240424HHKT0,29.0,3.0,0.10344827586206896,36.0,12.0,0.3333333333333333,류현진,5.0,79.0,5.0,7.0,0.0,2.0,4.0,3.0,55.0,0.0,5.0,0.0,0.0,0.0,벤자민,8.0,99.0,1.0,2.0,1.0,1.0,11.0,1.0,15.0,0.0,1.0,0.0,0.0,1.0
20240424-KIA_Tigers-Kiwoom_Heroes,20240424HTWO0,36.0,9.0,0.25,30.0,7.0,0.23333333333333334,윤영철,6.666666666666667,88.0,1.0,4.0,0.0,4.0,4.0,2.0,46.0,3.0,3.0,0.0,2.0,1.0,헤이수스,6.0,84.0,3.0,5.0,0.0,0.0,7.0,2.333333333333333,63.0,3.0,4.0,0.0,4.0,1.0
20240424-LG_Twins-Samsung_Lions,20240424LGSS0,27.0,1.0,0.037037037037037035,33.0,10.0,0.30303030303030304,켈리,5.666666666666667,92.0,6.0,10.0,2.0,2.0,2.0,2.333333333333333,26.0,0.0,0.0,0.0,0.0,1.0,이승현,5.0,89.0,0.0,0.0,0.0,6.0,8.0,4.0,48.0,0.0,1.0,0.0,0.0,2.0
20240424-NC_Dinos-Doosan_Bears,20240424NCOB0,32.0,6.0,0.1875,32.0,6.0,0.1875,이재학,7.0,92.0,1.0,3.0,1.0,1.0,5.0,2.0,37.0,0.0,3.0,0.0,1.0,2.0,곽빈,6.0,101.0,1.0,2.0,0.0,3.0,6.0,2.0,50.0,1.0,4.0,0.0,2.0,4.0
20240424-SSG_Landers-Lotte_Giants,20240424SKLT0,43.0,18.0,0.4186046511627907,39.0,14.0,0.358974358974359,더거,2.6666666666666665,50.0,7.0,9.0,0.0,0.0,2.0,5.666666666666666,92.0,0.0,5.0,0.0,3.0,5.0,이인복,4.666666666666667,77.0,6.0,10.0,2.0,0.0,1.0,3.333333333333333,99.0,6.0,8.0,0.0,4.0,3.0
20240425-Hanwha_Eagles-KT_Wiz,20240425HHKT0,31.0,5.0,0.16129032258064516,36.0,13.0,0.3611111111111111,페냐,4.0,90.0,5.0,7.0,1.0,3.0,2.0,4.0,80.0,4.0,6.0,0.0,2.0,3.0,원상현,6.0,83.0,0.0,3.0,0.0,2.0,3.0,3.0,40.0,0.0,2.0,0.0,1.0,4.0
20240425-KIA_Tigers-Kiwoom_Heroes,20240425HTWO0,43.0,16.0,0.37209302325581395,30.0,5.0,0.16666666666666666,양현종,7.0,94.0,2.0,4.0,1.0,1.0,6.0,2.0,23.0,0.0,1.0,0.0,0.0,3.0,이종민,3.6666666666666665,59.0,3.0,3.0,0.0,4.0,0.0,5.333333333333333,81.0,10.0,13.0,2.0,2.0,1.0
20240425-LG_Twins-Samsung_Lions,20240425LGSS0,38.0,16.0,0.42105263157894735,31.0,5.0,0.16129032258064516,최원태,6.0,97.0,0.0,2.0,0.0,2.0,3.0,3.0,50.0,2.0,3.0,1.0,2.0,3.0,이호성,3.6666666666666665,92.0,2.0,7.0,1.0,2.0,5.0,5.333333333333333,80.0,6.0,9.0,2.0,2.0,2.0
20240425-NC_Dinos-Doosan_Bears,20240425NCOB0,32.0,5.0,0.15625,33.0,9.0,0.2727272727272727,카스타노,5.0,90.0,6.0,7.0,1.0,2.0,7.0,3.0,43.0,1.0,2.0,0.0,0.0,2.0,최원준,6.666666666666667,105.0,1.0,2.0,0.0,2.0,5.0,2.0,44.0,2.0,3.0,0.0,1.0,1.0
20240425-SSG_Landers-Lotte_Giants,20240425SKLT0,35.0,8.0,0.22857142857142856,33.0,8.0,0.24242424242424243,박종훈,5.0,75.0,4.0,5.0,0.0,2.0,4.0,3.0,63.0,2.0,3.0,1.0,2.0,4.0,박세웅,6.666666666666667,106.0,2.0,6.0,0.0,3.0,5.0,2.333333333333333,29.0,1.0,2.0,0.0,0.0,3.0
20240426-Doosan_Bears-Hanwha_Eagles,20240426OBHH0,37.0,13.0,0.35135135135135137,36.0,9.0,0.25,김유성,5.0,75.0,2.0,3.0,1.0,2.0,4.0,4.0,68.0,3.0,6.0,1.0,1.0,4.0,황준서,3.6666666666666665,87.0,6.0,6.0,2.0,5.0,2.0,5.333333333333333,90.0,3.0,7.0,0.0,1.0,9.0
20240426-KIA_Tigers-LG_Twins,20240426HTLG0,39.0,14.0,0.358974358974359,34.0,10.0,0.29411764705882354,네일,5.0,90.0,2.0,5.0,0.0,3.0,3.0,1.3333333333333333,51.0,3.0,5.0,0.0,2.0,4.0,김윤식,3.0,61.0,4.0,7.0,0.0,1.0,1.0,4.666666666666666,112.0,2.0,7.0,0.0,7.0,6.0
20240426-KT_Wiz-SSG_Landers,20240426KTSK0,33.0,9.0,0.2727272727272727,33.0,9.0,0.2727272727272727,엄상백,6.666666666666667,88.0,3.0,7.0,1.0,0.0,5.0,1.0,27.0,0.0,2.0,0.0,0.0,3.0,오원석,5.333333333333333,81.0,2.0,8.0,0.0,1.0,7.0,3.0,52.0,0.0,1.0,0.0,1.0,4.0
20240426-Lotte_Giants-NC_Dinos,20240426LTNC0,31.0,5.0,0.16129032258064516,31.0,8.0,0.25806451612903225,반즈,6.0,101.0,2.0,5.0,2.0,0.0,11.0,1.0,44.0,2.0,3.0,0.0,2.0,2.0,하트,7.0,100.0,0.0,4.0,0.0,0.0,10.0,2.0,31.0,0.0,1.0,0.0,0.0,1.0
20240426-Samsung_Lions-Kiwoom_Heroes,20240426SSWO0,34.0,9.0,0.2647058823529412,32.0,4.0,0.125,원태인,7.0,100.0,0.0,2.0,0.0,2.0,8.0,2.0,38.0,0.0,2.0,0.0,0.0,3.0,김인범,5.0,73.0,1.0,4.0,0.0,1.0,2.0,4.0,66.0,1.0,5.0,0.0,1.0,3.0
20240427-Doosan_Bears-Hanwha_Eagles,20240427OBHH0,36.0,13.0,0.3611111111111111,32.0,12.0,0.375,박정수,2.0,47.0,6.0,6.0,0.0,3.0,1.0,6.0,109.0,4.0,6.0,1.0,5.0,4.0,산체스,4.333333333333333,92.0,5.0,10.0,0.0,2.0,2.0,4.666666666666666,68.0,0.0,3.0,0.0,2.0,0.0
20240427-KIA_Tigers-LG_Twins,20240427HTLG0,38.0,12.0,0.3157894736842105,31.0,10.0,0.3225806451612903,황동하,3.6666666666666665,58.0,5.0,6.0,2.0,1.0,2.0,4.333333333333334,101.0,1.0,4.0,0.0,8.0,2.0,엔스,4.0,105.0,3.0,8.0,1.0,1.0,4.0,5.0,78.0,0.0,4.0,0.0,0.0,7.0
20240427-KT_Wiz-SSG_Landers,20240427KTSK0,36.0,10.0,0.2777777777777778,32.0,6.0,0.1875,쿠에바스,6.0,102.0,1.0,5.0,0.0,2.0,11.0,2.0,48.0,1.0,1.0,1.0,1.0,5.0,김광현,5.0,87.0,4.0,8.0,3.0,0.0,8.0,4.0,67.0,1.0,2.0,0.0,3.0,1.0
20240427-Lotte_Giants-NC_Dinos,20240427LTNC0,32.0,7.0,0.21875,31.0,10.0,0.3225806451612903,나균안,5.0,103.0,2.0,8.0,0.0,2.0,5.0,3.0,52.0,0.0,2.0,0.0,1.0,0.0,김시훈,5.666666666666667,93.0,0.0,6.0,0.0,3.0,4.0,3.0,46.0,0.0,1.0,0.0,1.0,3.0
20240427-Samsung_Lions-Kiwoom_Heroes,20240427SSWO0,41.0,15.0,0.36585365853658536,32.0,5.0,0.15625,코너,5.0,100.0,0.0,4.0,0.0,3.0,5.0,4.0,60.0,0.0,1.0,0.0,1.0,5.0,후라도,6.0,91.0,1.0,6.0,0.0,2.0,6.0,2.333333333333333,92.0,9.0,9.0,0.0,5.0,1.0
20240428-Doosan_Bears-Hanwha_Eagles,20240428OBHH0,44.0,20.0,0.45454545454545453,37.0,9.0,0.24324324324324326,최준호,1.6666666666666665,49.0,2.0,4.0,0.0,4.0,2.0,7.333333333333333,138.0,3.0,5.0,0.0,4.0,7.0,문동주,3.3333333333333335,75.0,9.0,10.0,3.0,2.0,1.0,5.333333333333333,112.0,8.0,10.0,1.0,4.0,5.0
20240428-KIA_Tigers-LG_Twins,20240428HTLG0,42.0,16.0,0.38095238095238093,36.0,12.0,0.3333333333333333,크로우,4.333333333333333,87.0,7.0,10.0,0.0,1.0,6.0,4.0,67.0,0.0,2.0,0.0,3.0,1.0,손주영,5.0,87.0,5.0,7.0,1.0,2.0,5.0,3.0,94.0,4.0,9.0,0.0,3.0,2.0
20240428-KT_Wiz-SSG_Landers,20240428KTSK0,35.0,9.0,0.2571428571428571,36.0,11.0,0.3055555555555556,육청명,3.3333333333333335,66.0,4.0,4.0,0.0,1.0,2.0,4.666666666666666,90.0,6.0,7.0,1.0,2.0,4.0,엘리아스,7.666666666666667,96.0,4.0,7.0,2.0,0.0,5.0,1.0,20.0,1.0,2.0,1.0,0.0,1.0
20240428-Lotte_Giants-NC_Dinos,20240428LTNC0,34.0,7.0,0.20588235294117646,30.0,8.0,0.26666666666666666,윌커슨,5.333333333333333,98.0,5.0,8.0,1.0,0.0,3.0,2.6666666666666665,34.0,0.0,0.0,0.0,2.0,2.0,신민혁,3.0,56.0,3.0,7.0,1.0,0.0,2.0,6.0,88.0,0.0,0.0,0.0,1.0,8.0
20240428-Samsung_Lions-Kiwoom_Heroes,20240428SSWO0,42.0,15.0,0.35714285714285715,36.0,9.0,0.25,레예스,6.0,106.0,2.0,5.0,0.0,1.0,7.0,3.0,53.0,4.0,4.0,1.0,1.0,2.0,하영민,3.3333333333333335,81.0,5.0,7.0,0.0,3.0,4.0,5.0,134.0,5.0,8.0,0.0,5.0,5.0
20240430-KT_Wiz-KIA_Tigers,20240430KTHT0,39.0,16.0,0.41025641025641024,34.0,8.0,0.23529411764705882,벤자민,6.333333333333333,96.0,4.0,6.0,2.0,2.0,6.0,2.6666666666666665,33.0,0.0,2.0,0.0,0.0,2.0,윤영철,4.0,93.0,6.0,8.0,1.0,4.0,1.0,5.0,98.0,5.0,8.0,1.0,2.0,1.0
20240430-Kiwoom_Heroes-Lotte_Giants,20240430WOLT0,34.0,10.0,0.29411764705882354,38.0,14.0,0.3684210526315789,헤이수스,6.666666666666667,96.0,3.0,8.0,0.0,2.0,5.0,1.0,51.0,4.0,6.0,0.0,2.0,2.0,이인복,4.0,92.0,5.0,5.0,1.0,5.0,4.0,4.333333333333333,98.0,4.0,5.0,2.0,3.0,2.0
20240430-LG_Twins-NC_Dinos,20240430LGNC0,31.0,6.0,0.1935483870967742,35.0,11.0,0.3142857142857143,켈리,4.0,103.0,6.0,8.0,2.0,2.0,3.0,4.0,51.0,1.0,3.0,1.0,1.0,4.0,이재학,7.0,90.0,0.0,5.0,0.0,1.0,6.0,2.0,39.0,0.0,1.0,0.0,3.0,3.0
20240430-SSG_Landers-Hanwha_Eagles,20240430SKHH0,34.0,9.0,0.2647058823529412,32.0,9.0,0.28125,이기순,2.6666666666666665,67.0,4.0,1.0,1.0,5.0,2.0,4.666666666666667,85.0,4.0,8.0,0.0,2.0,5.0,류현진,6.0,103.0,1.0,7.0,0.0,2.0,1.0,3.0,53.0,0.0,2.0,0.0,1.0,1.0
20240430-Samsung_Lions-Doosan_Bears,20240430SSOB0,34.0,9.0,0.2647058823529412,27.0,6.0,0.2222222222222222,이승현,5.0,90.0,3.0,4.0,0.0,2.0,3.0,3.0,44.0,1.0,2.0,0.0,1.0,1.0,곽빈,6.333333333333333,103.0,0.0,7.0,0.0,3.0,3.0,2.0,46.0,0.0,2.0,0.0,1.0,3.0
20240501-KT_Wiz-KIA_Tigers,20240501KTHT0,32.0,8.0,0.25,38.0,14.0,0.3684210526315789,원상현,3.3333333333333335,73.0,9.0,11.0,2.0,2.0,2.0,4.666666666666666,68.0,0.0,3.0,0.0,3.0,3.0,양현종,9.0,102.0,1.0,8.0,0.0,1.0,6.0,0.0,0.0,0.0,0.0,0.0,0.0,0.0
20240501-Kiwoom_Heroes-Lotte_Giants,20240501WOLT0,39.0,13.0,0.3333333333333333,37.0,10.0,0.2702702702702703,이종민,5.0,77.0,1.0,4.0,0.0,2.0,2.0,2.333333333333333,59.0,2.0,6.0,0.0,0.0,4.0,박세웅,6.0,83.0,0.0,6.0,0.0,1.0,3.0,2.6666666666666665,70.0,6.0,7.0,0.0,3.0,1.0
20240501-LG_Twins-NC_Dinos,20240501LGNC0,38.0,15.0,0.39473684210526316,32.0,6.0,0.1875,최원태,7.0,92.0,1.0,4.0,0.0,1.0,2.0,2.0,29.0,0.0,2.0,0.0,1.0,3.0,카스타노,6.0,93.0,7.0,10.0,2.0,2.0,5.0,3.0,63.0,2.0,5.0,0.0,1.0,4.0
20240501-SSG_Landers-Hanwha_Eagles,20240501SKHH0,33.0,8.0,0.24242424242424243,39.0,12.0,0.3076923076923077,박종훈,3.0,68.0,6.0,8.0,1.0,4.0,2.0,6.0,106.0,1.0,4.0,0.0,5.0,7.0,페냐,5.0,99.0,1.0,1.0,0.0,3.0,3.0,3.0,94.0,6.0,7.0,0.0,4.0,4.0
20240501-Samsung_Lions-Doosan_Bears,20240501SSOB0,38.0,12.0,0.3157894736842105,29.0,7.0,0.2413793103448276,이호성,5.666666666666667,89.0,1.0,5.0,1.0,1.0,2.0,3.0,54.0,0.0,2.0,0.0,4.0,2.0,브랜든,5.0,89.0,1.0,6.0,0.0,2.0,6.0,4.0,62.0,4.0,6.0,1.0,1.0,2.0
20240502-KT_Wiz-KIA_Tigers,20240502KTHT0,38.0,10.0,0.2631578947368421,37.0,11.0,0.2972972972972973,엄상백,5.0,106.0,3.0,6.0,2.0,1.0,9.0,4.0,76.0,2.0,5.0,0.0,2.0,5.0,네일,6.333333333333333,88.0,0.0,8.0,0.0,1.0,6.0,2.0,48.0,4.0,2.0,0.0,3.0,0.0
20240502-Kiwoom_Heroes-Lotte_Giants,20240502WOLT0,35.0,11.0,0.3142857142857143,32.0,9.0,0.28125,김인범,5.333333333333333,91.0,5.0,8.0,1.0,2.0,3.0,2.0,30.0,1.0,1.0,0.0,0.0,0.0,반즈,5.0,101.0,4.0,9.0,1.0,2.0,9.0,2.0,58.0,1.0,2.0,0.0,2.0,2.0
20240502-LG_Twins-NC_Dinos,20240502LGNC0,33.0,8.0,0.24242424242424243,36.0,9.0,0.25,임찬규,5.0,88.0,0.0,3.0,0.0,1.0,9.0,3.333333333333333,131.0,4.0,6.0,0.0,8.0,7.0,하트,5.333333333333333,95.0,4.0,5.0,1.0,3.0,1.0,4.0,80.0,1.0,3.0,0.0,4.0,3.0
20240502-SSG_Landers-Hanwha_Eagles,20240502SKHH0,37.0,11.0,0.2972972972972973,31.0,5.0,0.16129032258064516,오원석,4.0,79.0,3.0,4.0,1.0,4.0,3.0,5.0,70.0,0.0,1.0,0.0,1.0,3.0,황준서,4.666666666666667,99.0,3.0,8.0,0.0,1.0,2.0,3.333333333333333,55.0,1.0,3.0,0.0,1.0,3.0
20240502-Samsung_Lions-Doosan_Bears,20240502SSOB0,36.0,13.0,0.3611111111111111,31.0,4.0,0.12903225806451613,원태인,6.0,92.0,0.0,3.0,0.0,2.0,2.0,3.0,43.0,1.0,1.0,0.0,1.0,5.0,최원준,5.0,77.0,2.0,5.0,0.0,3.0,2.0,4.0,58.0,2.0,8.0,0.0,1.0,3.0
20240503-Doosan_Bears-LG_Twins,20240503OBLG0,35.0,11.0,0.3142857142857143,37.0,10.0,0.2702702702702703,김유성,3.0,72.0,1.0,4.0,0.0,2.0,3.0,5.333333333333333,95.0,3.0,6.0,1.0,2.0,2.0,엔스,5.0,95.0,2.0,7.0,0.0,1.0,4.0,4.0,59.0,1.0,4.0,0.0,1.0,5.0
20240503-Hanwha_Eagles-KIA_Tigers,20240503HHHT0,36.0,11.0,0.3055555555555556,33.0,7.0,0.21212121212121213,산체스,7.0,105.0,0.0,3.0,0.0,3.0,7.0,2.0,39.0,2.0,4.0,1.0,0.0,5.0,황동하,5.0,95.0,3.0,6.0,1.0,3.0,2.0,3.0,63.0,1.0,5.0,1.0,1.0,5.0
20240503-Kiwoom_Heroes-KT_Wiz,20240503WOKT0,35.0,4.0,0.11428571428571428,35.0,5.0,0.14285714285714285,후라도,7.0,97.0,1.0,2.0,1.0,2.0,4.0,2.0,43.0,1.0,3.0,0.0,2.0,2.0,쿠에바스,7.0,98.0,1.0,2.0,1.0,1.0,6.0,3.0,37.0,0.0,2.0,0.0,0.0,2.0
20240503-Lotte_Giants-Samsung_Lions,20240503LTSS0,37.0,10.0,0.2702702702702703,36.0,10.0,0.2777777777777778,나균안,4.0,86.0,5.0,7.0,0.0,4.0,3.0,3.6666666666666665,105.0,2.0,3.0,1.0,4.0,4.0,코너,5.0,96.0,2.0,5.0,1.0,3.0,5.0,4.0,71.0,4.0,5.0,2.0,1.0,4.0
20240503-NC_Dinos-SSG_Landers,20240503NCSK0,38.0,14.0,0.3684210526315789,35.0,10.0,0.2857142857142857,김시훈,4.666666666666667,87.0,3.0,7.0,0.0,2.0,1.0,4.333333333333333,68.0,2.0,3.0,0.0,3.0,4.0,김광현,4.333333333333333,97.0,7.0,8.0,1.0,2.0,5.0,4.666666666666666,124.0,12.0,6.0,1.0,9.0,5.0
20240504-Doosan_Bears-LG_Twins,20240504OBLG0,36.0,10.0,0.2777777777777778,30.0,6.0,0.2,최준호,4.333333333333333,65.0,2.0,5.0,0.0,2.0,2.0,4.333333333333333,76.0,0.0,1.0,0.0,4.0,1.0,손주영,6.0,97.0,3.0,9.0,1.0,1.0,2.0,2.333333333333333,42.0,0.0,1.0,0.0,2.0,1.0
20240504-Hanwha_Eagles-KIA_Tigers,20240504HHHT0,34.0,7.0,0.20588235294117646,38.0,15.0,0.39473684210526316,이태양,0.0,34.0,5.0,6.0,1.0,1.0,0.0,7.333333333333333,117.0,5.0,9.0,1.0,3.0,6.0,크로우,5.0,75.0,0.0,2.0,0.0,1.0,6.0,4.0,62.0,2.0,5.0,1.0,2.0,2.0
20240504-Kiwoom_Heroes-KT_Wiz,20240504WOKT0,34.0,8.0,0.23529411764705882,32.0,14.0,0.4375,하영민,5.0,88.0,5.0,11.0,1.0,2.0,5.0,3.0,47.0,1.0,3.0,0.0,2.0,1.0,육청명,5.0,67.0,1.0,4.0,0.0,1.0,1.0,4.0,51.0,1.0,4.0,0.0,0.0,5.0
20240504-Lotte_Giants-Samsung_Lions,20240504LTSS0,44.0,17.0,0.38636363636363635,39.0,12.0,0.3076923076923077,윌커슨,7.0,104.0,2.0,8.0,1.0,0.0,4.0,1.0,34.0,0.0,4.0,0.0,0.0,2.0,레예스,6.0,109.0,1.0,7.0,0.0,0.0,5.0,2.0,87.0,7.0,10.0,1.0,3.0,1.0
20240504-NC_Dinos-SSG_Landers,20240504NCSK0,35.0,12.0,0.34285714285714286,34.0,9.0,0.2647058823529412,신영우,3.6666666666666665,78.0,2.0,1.0,0.0,7.0,6.0,4.333333333333333,115.0,4.0,8.0,1.0,3.0,6.0,엘리아스,4.0,97.0,3.0,5.0,0.0,4.0,7.0,4.333333333333333,120.0,5.0,7.0,0.0,8.0,3.0
20240507-Doosan_Bears-Kiwoom_Heroes,20240507OBWO0,41.0,17.0,0.4146341463414634,33.0,8.0,0.24242424242424243,곽빈,6.0,94.0,2.0,6.0,0.0,1.0,3.0,3.0,31.0,1.0,2.0,1.0,1.0,1.0,이종민,5.0,84.0,8.0,9.0,2.0,3.0,2.0,4.0,67.0,5.0,8.0,0.0,1.0,2.0
20240507-SSG_Landers-LG_Twins,20240507SKLG0,35.0,9.0,0.2571428571428571,32.0,8.0,0.25,송영진,5.0,83.0,1.0,3.0,1.0,2.0,6.0,3.333333333333333,62.0,1.0,5.0,0.0,1.0,3.0,최원태,4.666666666666667,99.0,3.0,7.0,0.0,5.0,6.0,3.6666666666666665,72.0,1.0,2.0,0.0,3.0,5.0
20240508-Doosan_Bears-Kiwoom_Heroes,20240508OBWO0,37.0,13.0,0.35135135135135137,30.0,6.0,0.2,브랜든,6.0,91.0,1.0,6.0,0.0,1.0,4.0,3.0,23.0,0.0,0.0,0.0,0.0,1.0,김인범,4.0,69.0,1.0,4.0,0.0,3.0,3.0,4.333333333333333,70.0,4.0,9.0,1.0,0.0,0.0
20240508-Hanwha_Eagles-Lotte_Giants,20240508HHLT0,31.0,4.0,0.12903225806451613,33.0,10.0,0.30303030303030304,류현진,5.0,84.0,5.0,8.0,0.0,0.0,7.0,2.333333333333333,62.0,0.0,2.0,0.0,2.0,3.0,반즈,7.333333333333333,102.0,1.0,3.0,0.0,0.0,13.0,1.3333333333333333,37.0,0.0,1.0,0.0,1.0,1.0
20240508-KIA_Tigers-Samsung_Lions,20240508HTSS0,42.0,12.0,0.2857142857142857,43.0,6.0,0.13953488372093023,양현종,6.0,87.0,0.0,3.0,0.0,0.0,4.0,3.333333333333333,104.0,1.0,3.0,1.0,3.0,5.0,원태인,6.0,98.0,0.0,2.0,0.0,3.0,5.0,4.333333333333333,123.0,4.0,10.0,1.0,5.0,2.0
20240508-NC_Dinos-KT_Wiz,20240508NCKT0,43.0,12.0,0.27906976744186046,40.0,11.0,0.275,카스타노,6.0,91.0,1.0,7.0,1.0,1.0,2.0,3.0,91.0,3.0,4.0,0.0,4.0,3.0,엄상백,5.333333333333333,104.0,4.0,6.0,2.0,1.0,9.0,4.0,105.0,1.0,6.0,1.0,2.0,5.0
20240508-SSG_Landers-LG_Twins,20240508SKLG0,33.0,7.0,0.21212121212121213,27.0,5.0,0.18518518518518517,오원석,5.0,84.0,6.0,3.0,0.0,5.0,3.0,2.333333333333333,55.0,1.0,2.0,0.0,4.0,1.0,켈리,5.0,104.0,5.0,6.0,1.0,2.0,6.0,4.0,53.0,0.0,1.0,0.0,1.0,8.0
20240509-Doosan_Bears-Kiwoom_Heroes,20240509OBWO0,39.0,14.0,0.358974358974359,33.0,7.0,0.21212121212121213,최원준,5.0,74.0,2.0,4.0,1.0,0.0,3.0,3.6666666666666665,65.0,0.0,3.0,0.0,2.0,3.0,후라도,6.0,97.0,2.0,8.0,0.0,1.0,3.0,2.0,48.0,3.0,6.0,0.0,0.0,3.0
20240509-Hanwha_Eagles-Lotte_Giants,20240509HHLT0,39.0,13.0,0.3333333333333333,43.0,19.0,0.4418604651162791,페냐,2.0,52.0,5.0,6.0,1.0,2.0,2.0,4.666666666666666,142.0,12.0,13.0,2.0,6.0,6.0,나균안,3.0,66.0,4.0,7.0,1.0,1.0,0.0,4.333333333333333,102.0,1.0,6.0,0.0,2.0,8.0
20240509-KIA_Tigers-Samsung_Lions,20240509HTSS0,29.0,3.0,0.10344827586206896,32.0,9.0,0.28125,네일,6.0,96.0,2.0,7.0,1.0,1.0,7.0,2.0,52.0,3.0,2.0,0.0,5.0,3.0,이승현,6.0,90.0,1.0,3.0,0.0,3.0,3.0,2.333333333333333,46.0,0.0,0.0,0.0,2.0,0.0
20240509-NC_Dinos-KT_Wiz,20240509NCKT0,31.0,7.0,0.22580645161290322,36.0,13.0,0.3611111111111111,신민혁,6.0,105.0,3.0,9.0,1.0,0.0,8.0,1.0,51.0,3.0,4.0,0.0,2.0,1.0,쿠에바스,6.0,94.0,1.0,3.0,0.0,1.0,6.0,3.0,63.0,1.0,4.0,1.0,2.0,2.0
20240509-SSG_Landers-LG_Twins,20240509SKLG0,31.0,5.0,0.16129032258064516,27.0,4.0,0.14814814814814814,김광현,6.333333333333333,94.0,3.0,3.0,0.0,3.0,6.0,1.0,29.0,0.0,1.0,0.0,1.0,2.0,임찬규,6.0,101.0,1.0,4.0,0.0,2.0,7.0,2.0,48.0,0.0,1.0,0.0,2.0,1.0
20240510-KT_Wiz-Doosan_Bears,20240510KTOB0,37.0,10.0,0.2702702702702703,32.0,14.0,0.4375,원상현,6.0,85.0,4.0,11.0,1.0,1.0,3.0,1.0,41.0,2.0,3.0,1.0,2.0,1.0,김유성,1.3333333333333333,43.0,2.0,2.0,0.0,3.0,0.0,6.666666666666667,152.0,1.0,8.0,0.0,5.0,8.0
20240510-Kiwoom_Heroes-Hanwha_Eagles,20240510WOHH0,41.0,12.0,0.2926829268292683,43.0,15.0,0.3488372093023256,하영민,5.0,103.0,3.0,10.0,0.0,2.0,3.0,3.333333333333333,84.0,2.0,5.0,1.0,3.0,4.0,산체스,6.0,92.0,3.0,8.0,0.0,2.0,5.0,4.0,57.0,0.0,4.0,0.0,0.0,5.0
20240510-LG_Twins-Lotte_Giants,20240510LGLT0,37.0,11.0,0.2972972972972973,34.0,6.0,0.17647058823529413,엔스,6.333333333333333,105.0,1.0,4.0,0.0,2.0,4.0,2.0,34.0,0.0,2.0,0.0,1.0,3.0,박세웅,5.666666666666667,104.0,5.0,6.0,1.0,4.0,3.0,3.333333333333333,76.0,3.0,5.0,0.0,4.0,2.0
20240510-SSG_Landers-KIA_Tigers,20240510SKHT0,34.0,9.0,0.2647058823529412,36.0,10.0,0.2777777777777778,앤더슨,3.0,46.0,0.0,3.0,0.0,1.0,6.0,5.333333333333333,99.0,2.0,7.0,1.0,1.0,4.0,윤영철,6.0,89.0,1.0,4.0,0.0,2.0,4.0,2.0,67.0,3.0,5.0,0.0,2.0,3.0
20240510-Samsung_Lions-NC_Dinos,20240510SSNC0,31.0,4.0,0.12903225806451613,34.0,11.0,0.3235294117647059,코너,5.0,100.0,1.0,4.0,0.0,2.0,8.0,2.6666666666666665,92.0,9.0,7.0,1.0,6.0,4.0,하트,7.0,104.0,0.0,3.0,0.0,2.0,9.0,2.0,40.0,3.0,1.0,1.0,2.0,3.0
20240511-Kiwoom_Heroes-Hanwha_Eagles,20240511WOHH0,38.0,11.0,0.2894736842105263,33.0,6.0,0.18181818181818182,헤이수스,6.0,103.0,0.0,3.0,0.0,2.0,3.0,3.0,44.0,1.0,3.0,1.0,1.0,2.0,황준서,4.0,96.0,2.0,5.0,0.0,5.0,6.0,4.0,96.0,5.0,6.0,1.0,3.0,7.0
20240511-LG_Twins-Lotte_Giants,20240511LGLT0,37.0,12.0,0.32432432432432434,32.0,8.0,0.25,손주영,6.0,89.0,0.0,4.0,0.0,1.0,7.0,2.6666666666666665,48.0,1.0,4.0,0.0,2.0,3.0,윌커슨,6.0,109.0,2.0,9.0,1.0,1.0,6.0,0.0,62.0,0.0,3.0,0.0,4.0,3.0
20240511-Samsung_Lions-NC_Dinos,20240511SSNC0,32.0,7.0,0.21875,35.0,8.0,0.22857142857142856,이호성,4.333333333333333,78.0,2.0,4.0,0.0,1.0,4.0,4.333333333333333,94.0,0.0,4.0,0.0,4.0,7.0,김시훈,5.0,98.0,0.0,4.0,0.0,3.0,7.0,3.333333333333333,78.0,3.0,3.0,0.0,3.0,4.0
20240512-KT_Wiz-Doosan_Bears,20240512KTOB1,31.0,6.0,0.1935483870967742,33.0,14.0,0.42424242424242425,벤자민,1.0,21.0,3.0,3.0,0.0,2.0,0.0,6.666666666666666,144.0,8.0,11.0,0.0,8.0,5.0,최준호,6.0,85.0,2.0,4.0,2.0,1.0,6.0,3.0,34.0,2.0,2.0,0.0,1.0,0.0
20240512-KT_Wiz-Doosan_Bears-G2,20240512KTOB2,39.0,11.0,0.28205128205128205,33.0,11.0,0.3333333333333333,육청명,3.0,72.0,7.0,8.0,2.0,5.0,0.0,5.0,79.0,1.0,3.0,1.0,3.0,3.0,곽빈,6.0,97.0,0.0,3.0,0.0,2.0,8.0,1.0,70.0,3.0,8.0,0.0,1.0,6.0
20240512-Kiwoom_Heroes-Hanwha_Eagles,20240512WOHH0,33.0,9.0,0.2727272727272727,33.0,9.0,0.2727272727272727,전준표,3.0,62.0,0.0,2.0,0.0,2.0,5.0,5.0,96.0,6.0,7.0,0.0,3.0,5.0,조동욱,6.0,70.0,0.0,3.0,0.0,1.0,0.0,2.333333333333333,62.0,2.0,6.0,1.0,2.0,3.0
20240512-LG_Twins-Lotte_Giants,20240512LGLT0,36.0,11.0,0.3055555555555556,35.0,9.0,0.2571428571428571,강효종,1.3333333333333333,33.0,3.0,2.0,1.0,3.0,2.0,7.666666666666666,122.0,1.0,7.0,0.0,4.0,6.0,홍민기,2.6666666666666665,59.0,2.0,4.0,0.0,2.0,1.0,5.333333333333333,83.0,4.0,7.0,2.0,3.0,2.0
20240512-SSG_Landers-KIA_Tigers,20240512SKHT1,32.0,5.0,0.15625,30.0,8.0,0.26666666666666666,엘리아스,5.0,86.0,2.0,4.0,0.0,3.0,3.0,2.0,56.0,1.0,4.0,1.0,1.0,4.0,황동하,5.0,80.0,1.0,2.0,0.0,0.0,2.0,2.6666666666666665,78.0,1.0,3.0,0.0,4.0,6.0
20240512-SSG_Landers-KIA_Tigers-G2,20240512SKHT2,41.0,13.0,0.3170731707317073,36.0,11.0,0.3055555555555556,송영진,4.0,81.0,5.0,6.0,1.0,1.0,4.0,4.666666666666666,93.0,1.0,5.0,0.0,3.0,3.0,김사윤,1.3333333333333333,54.0,0.0,3.0,0.0,3.0,1.0,6.333333333333333,122.0,6.0,10.0,1.0,6.0,4.0
20240512-Samsung_Lions-NC_Dinos,20240512SSNC0,35.0,10.0,0.2857142857142857,34.0,7.0,0.20588235294117646,레예스,6.666666666666667,108.0,2.0,5.0,1.0,0.0,10.0,2.0,34.0,0.0,2.0,0.0,1.0,3.0,이재학,6.0,105.0,4.0,5.0,1.0,3.0,5.0,2.0,45.0,3.0,5.0,0.0,2.0,0.0
20240514-Doosan_Bears-KIA_Tigers,20240514OBHT0,41.0,15.0,0.36585365853658536,36.0,12.0,0.3333333333333333,브랜든,6.0,84.0,2.0,6.0,1.0,1.0,3.0,1.0,82.0,3.0,6.0,1.0,3.0,4.0,양현종,6.0,87.0,6.0,9.0,2.0,2.0,3.0,3.0,51.0,2.0,6.0,0.0,1.0,0.0
20240514-Kiwoom_Heroes-LG_Twins,20240514WOLG0,39.0,14.0,0.358974358974359,30.0,3.0,0.1,김인범,5.0,74.0,0.0,2.0,0.0,3.0,1.0,4.0,58.0,0.0,1.0,0.0,1.0,5.0,켈리,6.0,98.0,0.0,9.0,0.0,1.0,6.0,2.0,63.0,2.0,5.0,0.0,2.0,1.0
20240514-Lotte_Giants-KT_Wiz,20240514LTKT0,33.0,7.0,0.21212121212121213,31.0,9.0,0.2903225806451613,반즈,6.0,105.0,1.0,6.0,0.0,3.0,9.0,1.3333333333333333,61.0,6.0,3.0,1.0,6.0,2.0,엄상백,6.0,85.0,2.0,4.0,1.0,2.0,7.0,3.0,47.0,2.0,3.0,1.0,1.0,1.0
20240514-NC_Dinos-Hanwha_Eagles,20240514NCHH0,44.0,12.0,0.2727272727272727,44.0,10.0,0.22727272727272727,카스타노,7.0,95.0,3.0,6.0,1.0,0.0,5.0,4.333333333333333,88.0,2.0,4.0,1.0,4.0,9.0,류현진,6.0,110.0,2.0,8.0,0.0,2.0,8.0,4.0,119.0,3.0,4.0,0.0,7.0,2.0
20240514-Samsung_Lions-SSG_Landers,20240514SSSK0,33.0,6.0,0.18181818181818182,36.0,11.0,0.3055555555555556,원태인,6.0,104.0,4.0,6.0,1.0,2.0,4.0,2.0,35.0,5.0,5.0,2.0,1.0,1.0,오원석,6.0,88.0,0.0,2.0,0.0,2.0,7.0,3.0,80.0,2.0,4.0,1.0,3.0,2.0
20240515-Doosan_Bears-KIA_Tigers,20240515OBHT0,34.0,8.0,0.23529411764705882,38.0,14.0,0.3684210526315789,최원준,3.3333333333333335,68.0,4.0,7.0,1.0,1.0,1.0,4.333333333333334,85.0,3.0,7.0,1.0,2.0,2.0,네일,5.0,100.0,3.0,5.0,0.0,3.0,5.0,3.6666666666666665,85.0,1.0,3.0,0.0,2.0,6.0
20240515-NC_Dinos-Hanwha_Eagles,20240515NCHH0,39.0,20.0,0.5128205128205128,28.0,6.0,0.21428571428571427,신민혁,6.0,92.0,1.0,5.0,0.0,0.0,6.0,0.0,14.0,0.0,1.0,0.0,0.0,0.0,페냐,1.6666666666666665,39.0,4.0,4.0,0.0,2.0,2.0,3.6666666666666665,133.0,12.0,16.0,0.0,6.0,4.0
20240516-Doosan_Bears-KIA_Tigers,20240516OBHT0,43.0,11.0,0.2558139534883721,46.0,12.0,0.2608695652173913,김동주,2.6666666666666665,52.0,5.0,5.0,1.0,1.0,2.0,8.666666666666666,153.0,2.0,7.0,0.0,3.0,4.0,윤영철,5.0,74.0,2.0,6.0,1.0,2.0,3.0,6.0,128.0,4.0,5.0,0.0,7.0,4.0
20240516-Kiwoom_Heroes-LG_Twins,20240516WOLG0,34.0,12.0,0.35294117647058826,34.0,11.0,0.3235294117647059,후라도,5.0,89.0,3.0,8.0,0.0,4.0,2.0,4.0,72.0,1.0,3.0,0.0,5.0,1.0,엔스,3.6666666666666665,89.0,6.0,9.0,0.0,4.0,3.0,4.666666666666666,87.0,0.0,3.0,0.0,4.0,4.0
20240516-Lotte_Giants-KT_Wiz,20240516LTKT0,33.0,6.0,0.18181818181818182,29.0,4.0,0.13793103448275862,박세웅,6.0,101.0,0.0,4.0,0.0,2.0,6.0,3.0,44.0,0.0,0.0,0.0,1.0,3.0,쿠에바스,7.0,95.0,1.0,3.0,0.0,2.0,6.0,2.0,36.0,0.0,3.0,0.0,0.0,2.0
20240516-NC_Dinos-Hanwha_Eagles,20240516NCHH0,32.0,7.0,0.21875,33.0,6.0,0.18181818181818182,하트,7.0,102.0,2.0,4.0,0.0,1.0,7.0,1.0,35.0,1.0,2.0,0.0,3.0,2.0,산체스,2.0,62.0,4.0,5.0,0.0,5.0,0.0,7.0,105.0,0.0,2.0,0.0,4.0,7.0
20240516-Samsung_Lions-SSG_Landers,20240516SSSK0,40.0,14.0,0.35,35.0,8.0,0.22857142857142856,코너,7.0,94.0,2.0,4.0,1.0,2.0,8.0,1.3333333333333333,52.0,1.0,4.0,1.0,2.0,2.0,김광현,5.666666666666667,95.0,2.0,6.0,1.0,4.0,3.0,1.3333333333333333,66.0,5.0,8.0,2.0,2.0,4.0
20240517-Hanwha_Eagles-Samsung_Lions,20240517HHSS0,35.0,12.0,0.34285714285714286,32.0,10.0,0.3125,황준서,5.333333333333333,79.0,5.0,5.0,2.0,2.0,7.0,1.3333333333333333,60.0,2.0,5.0,0.0,1.0,1.0,이승현,5.0,90.0,2.0,5.0,1.0,3.0,4.0,3.0,87.0,3.0,7.0,1.0,3.0,1.0
20240517-KIA_Tigers-NC_Dinos,20240517HTNC0,36.0,11.0,0.3055555555555556,30.0,7.0,0.23333333333333334,김건국,1.0,31.0,1.0,2.0,0.0,2.0,1.0,8.0,141.0,2.0,5.0,1.0,7.0,4.0,김시훈,5.0,94.0,3.0,6.0,0.0,2.0,1.0,3.6666666666666665,74.0,4.0,5.0,1.0,3.0,5.0
20240517-LG_Twins-KT_Wiz,20240517LGKT0,37.0,13.0,0.35135135135135137,37.0,11.0,0.2972972972972973,임찬규,5.333333333333333,105.0,1.0,7.0,1.0,2.0,5.0,1.6666666666666665,98.0,4.0,4.0,0.0,7.0,4.0,원상현,4.333333333333333,101.0,5.0,7.0,0.0,4.0,5.0,3.6666666666666665,132.0,4.0,6.0,0.0,8.0,6.0
20240517-Lotte_Giants-Doosan_Bears,20240517LTOB0,36.0,9.0,0.25,33.0,6.0,0.18181818181818182,윌커슨,6.666666666666667,104.0,0.0,2.0,0.0,1.0,6.0,2.0,37.0,1.0,4.0,0.0,1.0,2.0,최준호,6.0,88.0,1.0,5.0,1.0,2.0,4.0,3.0,50.0,3.0,4.0,0.0,0.0,3.0
20240517-SSG_Landers-Kiwoom_Heroes,20240517SKWO0,30.0,8.0,0.26666666666666666,35.0,10.0,0.2857142857142857,앤더슨,3.0,58.0,1.0,4.0,0.0,0.0,4.0,5.333333333333333,121.0,3.0,6.0,0.0,4.0,6.0,헤이수스,4.666666666666667,98.0,4.0,7.0,0.0,5.0,6.0,4.333333333333333,79.0,1.0,1.0,1.0,4.0,4.0
20240518-Hanwha_Eagles-Samsung_Lions,20240518HHSS0,42.0,14.0,0.3333333333333333,35.0,12.0,0.34285714285714286,조동욱,3.0,49.0,4.0,5.0,0.0,2.0,1.0,4.0,122.0,5.0,7.0,3.0,2.0,6.0,레예스,4.333333333333333,97.0,3.0,9.0,0.0,2.0,3.0,4.0,80.0,4.0,5.0,1.0,2.0,4.0
20240518-KIA_Tigers-NC_Dinos,20240518HTNC0,37.0,10.0,0.2702702702702703,35.0,9.0,0.2571428571428571,황동하,5.0,98.0,2.0,5.0,1.0,2.0,4.0,4.0,62.0,0.0,4.0,0.0,2.0,1.0,이재학,4.0,89.0,5.0,5.0,0.0,4.0,3.0,5.0,85.0,2.0,5.0,0.0,1.0,3.0
20240518-LG_Twins-KT_Wiz,20240518LGKT0,36.0,11.0,0.3055555555555556,36.0,10.0,0.2777777777777778,최원태,6.0,101.0,2.0,5.0,1.0,4.0,4.0,2.0,72.0,4.0,5.0,0.0,5.0,2.0,주권,2.6666666666666665,57.0,5.0,8.0,1.0,1.0,0.0,6.0,77.0,2.0,3.0,1.0,1.0,8.0
20240518-Lotte_Giants-Doosan_Bears,20240518LTOB0,35.0,9.0,0.2571428571428571,34.0,12.0,0.35294117647058826,나균안,4.333333333333333,83.0,7.0,9.0,3.0,1.0,5.0,3.6666666666666665,55.0,1.0,3.0,1.0,1.0,4.0,곽빈,5.333333333333333,101.0,3.0,7.0,0.0,3.0,5.0,3.6666666666666665,48.0,0.0,2.0,0.0,0.0,5.0
20240518-SSG_Landers-Kiwoom_Heroes,20240518SKWO0,32.0,7.0,0.21875,33.0,6.0,0.18181818181818182,이기순,3.6666666666666665,78.0,0.0,1.0,0.0,5.0,4.0,5.333333333333333,80.0,0.0,5.0,0.0,1.0,4.0,이종민,5.0,75.0,1.0,3.0,0.0,2.0,7.0,4.0,58.0,2.0,4.0,0.0,2.0,4.0
20240519-Hanwha_Eagles-Samsung_Lions,20240519HHSS0,44.0,17.0,0.38636363636363635,32.0,6.0,0.1875,류현진,5.0,80.0,0.0,3.0,0.0,1.0,4.0,4.0,72.0,2.0,3.0,1.0,4.0,5.0,이호성,2.3333333333333335,87.0,10.0,8.0,4.0,5.0,2.0,6.666666666666667,109.0,2.0,9.0,0.0,0.0,4.0
20240519-KIA_Tigers-NC_Dinos,20240519HTNC0,31.0,5.0,0.16129032258064516,29.0,5.0,0.1724137931034483,양현종,6.0,90.0,1.0,5.0,0.0,2.0,4.0,3.0,38.0,0.0,0.0,0.0,2.0,2.0,이용준,5.0,80.0,1.0,4.0,0.0,2.0,4.0,3.333333333333333,55.0,1.0,1.0,1.0,0.0,4.0
20240519-LG_Twins-KT_Wiz,20240519LGKT0,30.0,5.0,0.16666666666666666,34.0,12.0,0.35294117647058826,손주영,5.0,91.0,5.0,6.0,1.0,2.0,5.0,2.0,63.0,5.0,6.0,0.0,1.0,4.0,성재헌,2.6666666666666665,60.0,3.0,3.0,0.0,4.0,1.0,6.0,95.0,1.0,2.0,0.0,3.0,5.0
20240519-Lotte_Giants-Doosan_Bears,20240519LTOB0,42.0,10.0,0.23809523809523808,39.0,6.0,0.15384615384615385,이민석,3.3333333333333335,65.0,2.0,3.0,0.0,1.0,4.0,8.666666666666666,129.0,1.0,3.0,0.0,4.0,5.0,브랜든,6.0,103.0,1.0,4.0,1.0,0.0,5.0,5.0,77.0,0.0,6.0,0.0,3.0,2.0
20240519-SSG_Landers-Kiwoom_Heroes,20240519SKWO0,33.0,7.0,0.21212121212121213,36.0,13.0,0.3611111111111111,오원석,5.0,89.0,4.0,5.0,1.0,3.0,4.0,2.0,71.0,6.0,8.0,1.0,1.0,1.0,김인범,5.0,92.0,2.0,6.0,0.0,3.0,2.0,3.6666666666666665,58.0,1.0,1.0,0.0,3.0,6.0
20240521-KIA_Tigers-Lotte_Giants,20240521HTLT0,29.0,5.0,0.1724137931034483,30.0,6.0,0.2,네일,6.0,98.0,0.0,3.0,0.0,2.0,6.0,1.0,65.0,6.0,3.0,1.0,5.0,4.0,반즈,7.666666666666667,93.0,1.0,5.0,0.0,2.0,7.0,1.3333333333333333,21.0,0.0,0.0,0.0,0.0,0.0
20240521-KT_Wiz-Samsung_Lions,20240521KTSS0,44.0,12.0,0.2727272727272727,41.0,11.0,0.2682926829268293,육청명,5.0,84.0,1.0,5.0,0.0,2.0,2.0,6.0,91.0,4.0,6.0,1.0,1.0,7.0,원태인,5.0,100.0,3.0,7.0,0.0,2.0,5.0,5.0,112.0,3.0,5.0,0.0,4.0,3.0
20240521-LG_Twins-Hanwha_Eagles,20240521LGHH0,30.0,6.0,0.2,31.0,9.0,0.2903225806451613,켈리,5.0,90.0,8.0,8.0,2.0,5.0,3.0,2.333333333333333,82.0,0.0,1.0,0.0,5.0,5.0,문동주,5.0,66.0,0.0,1.0,0.0,1.0,4.0,3.333333333333333,75.0,4.0,5.0,0.0,3.0,3.0
20240521-NC_Dinos-Kiwoom_Heroes,20240521NCWO0,34.0,8.0,0.23529411764705882,39.0,12.0,0.3076923076923077,신민혁,5.333333333333333,90.0,1.0,7.0,0.0,1.0,3.0,3.0,76.0,1.0,5.0,0.0,1.0,1.0,하영민,3.6666666666666665,78.0,2.0,5.0,1.0,1.0,1.0,5.333333333333334,78.0,1.0,3.0,0.0,1.0,3.0
20240521-SSG_Landers-Doosan_Bears,20240521SKOB0,38.0,13.0,0.34210526315789475,34.0,10.0,0.29411764705882354,이건욱,4.0,88.0,8.0,10.0,2.0,3.0,5.0,4.0,39.0,0.0,0.0,0.0,0.0,2.0,최원준,5.0,97.0,2.0,6.0,0.0,2.0,2.0,3.333333333333333,85.0,4.0,7.0,1.0,3.0,3.0
20240522-KIA_Tigers-Lotte_Giants,20240522HTLT0,30.0,6.0,0.2,30.0,9.0,0.3,윤영철,4.0,90.0,3.0,6.0,0.0,2.0,2.0,3.6666666666666665,67.0,1.0,3.0,0.0,3.0,1.0,박세웅,8.0,87.0,1.0,4.0,0.0,1.0,2.0,1.0,30.0,1.0,2.0,0.0,2.0,0.0
20240522-KT_Wiz-Samsung_Lions,20240522KTSS0,30.0,4.0,0.13333333333333333,27.0,5.0,0.18518518518518517,쿠에바스,7.0,104.0,3.0,5.0,1.0,1.0,9.0,1.0,13.0,0.0,0.0,0.0,0.0,1.0,코너,6.0,95.0,1.0,2.0,0.0,5.0,9.0,3.0,58.0,0.0,2.0,0.0,2.0,3.0
20240522-LG_Twins-Hanwha_Eagles,20240522LGHH0,35.0,12.0,0.34285714285714286,38.0,13.0,0.34210526315789475,엔스,4.333333333333333,101.0,3.0,8.0,0.0,1.0,4.0,1.6666666666666665,64.0,3.0,5.0,1.0,1.0,3.0,김기중,4.0,75.0,2.0,4.0,0.0,4.0,3.0,4.666666666666666,103.0,3.0,8.0,0.0,2.0,5.0
20240522-NC_Dinos-Kiwoom_Heroes,20240522NCWO0,37.0,11.0,0.2972972972972973,36.0,10.0,0.2777777777777778,하트,7.0,109.0,1.0,6.0,0.0,1.0,3.0,0.0,49.0,2.0,4.0,0.0,2.0,2.0,후라도,6.333333333333333,102.0,3.0,6.0,1.0,2.0,4.0,2.0,54.0,1.0,5.0,1.0,0.0,3.0
20240522-SSG_Landers-Doosan_Bears,20240522SKOB0,31.0,5.0,0.16129032258064516,28.0,4.0,0.14285714285714285,김광현,6.0,90.0,1.0,2.0,0.0,2.0,6.0,1.6666666666666665,28.0,0.0,2.0,0.0,1.0,0.0,김민규,5.0,80.0,0.0,3.0,0.0,3.0,3.0,3.6666666666666665,66.0,1.0,2.0,0.0,3.0,3.0
20240523-KIA_Tigers-Lotte_Giants,20240523HTLT0,41.0,15.0,0.36585365853658536,37.0,15.0,0.40540540540540543,김사윤,1.0,40.0,0.0,2.0,0.0,3.0,1.0,7.0,120.0,7.0,13.0,4.0,1.0,5.0,윌커슨,7.0,108.0,3.0,10.0,0.0,0.0,9.0,1.3333333333333333,51.0,3.0,5.0,0.0,0.0,0.0
20240523-KT_Wiz-Samsung_Lions,20240523KTSS0,38.0,14.0,0.3684210526315789,37.0,10.0,0.2702702702702703,원상현,5.0,79.0,1.0,5.0,0.0,2.0,4.0,3.333333333333333,62.0,1.0,5.0,0.0,0.0,3.0,이승현,5.666666666666667,100.0,6.0,9.0,0.0,2.0,6.0,3.3333333333333335,59.0,3.0,5.0,0.0,2.0,2.0
20240523-LG_Twins-Hanwha_Eagles,20240523LGHH0,30.0,9.0,0.3,32.0,5.0,0.15625,임찬규,5.333333333333333,86.0,4.0,4.0,1.0,4.0,3.0,3.333333333333333,54.0,0.0,1.0,0.0,2.0,4.0,황준서,5.0,89.0,2.0,3.0,0.0,4.0,4.0,3.0,90.0,6.0,6.0,0.0,4.0,4.0
20240523-NC_Dinos-Kiwoom_Heroes,20240523NCWO0,31.0,6.0,0.1935483870967742,28.0,8.0,0.2857142857142857,김시훈,6.0,99.0,4.0,5.0,1.0,3.0,7.0,2.0,31.0,2.0,3.0,0.0,0.0,1.0,헤이수스,6.333333333333333,90.0,2.0,3.0,2.0,3.0,4.0,2.0,51.0,0.0,3.0,0.0,2.0,3.0
20240523-SSG_Landers-Doosan_Bears,20240523SKOB0,34.0,8.0,0.23529411764705882,35.0,11.0,0.3142857142857143,송영진,1.0,32.0,6.0,4.0,0.0,2.0,1.0,6.333333333333334,129.0,4.0,7.0,1.0,4.0,13.0,최준호,5.0,90.0,2.0,5.0,0.0,2.0,4.0,3.6666666666666665,66.0,1.0,3.0,0.0,2.0,3.0
20240524-Doosan_Bears-KIA_Tigers,20240524OBHT0,42.0,15.0,0.35714285714285715,34.0,6.0,0.17647058823529413,곽빈,7.0,110.0,0.0,3.0,0.0,1.0,8.0,1.0,41.0,5.0,3.0,2.0,2.0,1.0,황동하,5.0,89.0,3.0,7.0,1.0,1.0,3.0,3.0,82.0,4.0,8.0,2.0,1.0,1.0
20240524-Hanwha_Eagles-SSG_Landers,20240524HHSK0,38.0,12.0,0.3157894736842105,34.0,10.0,0.29411764705882354,조동욱,3.6666666666666665,77.0,5.0,7.0,0.0,3.0,4.0,5.333333333333333,72.0,0.0,3.0,0.0,3.0,5.0,앤더슨,4.0,84.0,6.0,8.0,2.0,1.0,9.0,5.0,71.0,1.0,4.0,1.0,0.0,6.0
20240524-Kiwoom_Heroes-KT_Wiz,20240524WOKT0,38.0,9.0,0.23684210526315788,33.0,7.0,0.21212121212121213,전준표,4.666666666666667,76.0,4.0,4.0,2.0,3.0,1.0,4.0,80.0,1.0,3.0,1.0,4.0,7.0,한차현,3.3333333333333335,64.0,3.0,7.0,0.0,1.0,2.0,6.333333333333333,93.0,1.0,2.0,0.0,3.0,4.0
20240524-NC_Dinos-LG_Twins,20240524NCLG0,31.0,8.0,0.25806451612903225,35.0,14.0,0.4,이준호,2.0,56.0,5.0,7.0,0.0,1.0,2.0,6.0,96.0,6.0,7.0,2.0,0.0,4.0,최원태,6.0,92.0,3.0,6.0,1.0,4.0,3.0,3.0,50.0,1.0,2.0,0.0,2.0,2.0
20240524-Samsung_Lions-Lotte_Giants,20240524SSLT0,40.0,12.0,0.3,36.0,9.0,0.25,레예스,4.333333333333333,93.0,3.0,7.0,1.0,2.0,5.0,3.0,67.0,0.0,2.0,0.0,2.0,3.0,나균안,4.0,99.0,5.0,4.0,0.0,7.0,6.0,3.6666666666666665,112.0,4.0,8.0,0.0,3.0,6.0
20240525-Doosan_Bears-KIA_Tigers,20240525OBHT0,36.0,10.0,0.2777777777777778,34.0,13.0,0.38235294117647056,브랜든,3.0,78.0,6.0,9.0,0.0,1.0,4.0,5.0,77.0,0.0,4.0,0.0,4.0,3.0,양현종,7.0,89.0,0.0,7.0,0.0,0.0,4.0,1.0,38.0,1.0,3.0,0.0,1.0,0.0
20240525-Hanwha_Eagles-SSG_Landers,20240525HHSK0,36.0,9.0,0.25,36.0,10.0,0.2777777777777778,류현진,6.0,98.0,1.0,7.0,0.0,2.0,4.0,4.0,64.0,1.0,3.0,0.0,1.0,3.0,오원석,4.333333333333333,91.0,1.0,4.0,0.0,2.0,2.0,5.0,92.0,3.0,5.0,1.0,2.0,6.0
20240525-Kiwoom_Heroes-KT_Wiz,20240525WOKT0,33.0,7.0,0.21212121212121213,33.0,10.0,0.30303030303030304,김인범,5.666666666666667,110.0,3.0,8.0,1.0,4.0,2.0,2.333333333333333,32.0,1.0,2.0,0.0,0.0,1.0,엄상백,5.0,82.0,0.0,4.0,0.0,1.0,7.0,3.333333333333333,58.0,1.0,3.0,0.0,1.0,5.0
20240525-NC_Dinos-LG_Twins,20240525NCLG0,40.0,15.0,0.375,29.0,8.0,0.27586206896551724,이용준,1.0,46.0,5.0,3.0,0.0,3.0,1.0,6.666666666666666,119.0,5.0,5.0,1.0,8.0,2.0,손주영,5.0,92.0,2.0,7.0,1.0,3.0,6.0,3.6666666666666665,77.0,4.0,8.0,1.0,2.0,3.0
20240525-Samsung_Lions-Lotte_Giants,20240525SSLT0,33.0,8.0,0.24242424242424243,35.0,14.0,0.4,이호성,2.3333333333333335,61.0,4.0,9.0,0.0,0.0,1.0,5.666666666666666,89.0,2.0,5.0,2.0,1.0,5.0,김진욱,4.333333333333333,68.0,3.0,5.0,0.0,1.0,5.0,3.333333333333333,85.0,3.0,3.0,0.0,4.0,2.0
20240526-Doosan_Bears-KIA_Tigers,20240526OBHT0,31.0,6.0,0.1935483870967742,30.0,6.0,0.2,알칸타라,3.3333333333333335,78.0,5.0,4.0,3.0,4.0,0.0,4.666666666666666,62.0,0.0,2.0,0.0,1.0,3.0,네일,6.0,82.0,1.0,3.0,0.0,3.0,6.0,2.0,53.0,1.0,3.0,0.0,1.0,2.0
20240526-NC_Dinos-LG_Twins,20240526NCLG0,30.0,5.0,0.16666666666666666,29.0,8.0,0.27586206896551724,카스타노,4.333333333333333,92.0,4.0,5.0,0.0,4.0,3.0,3.6666666666666665,47.0,0.0,3.0,0.0,0.0,2.0,켈리,6.0,89.0,3.0,5.0,0.0,0.0,1.0,3.0,38.0,0.0,0.0,0.0,2.0,4.0
20240526-Samsung_Lions-Lotte_Giants,20240526SSLT0,37.0,10.0,0.2702702702702703,36.0,15.0,0.4166666666666667,원태인,5.666666666666667,109.0,5.0,10.0,0.0,1.0,5.0,2.333333333333333,58.0,4.0,5.0,0.0,3.0,1.0,반즈,1.6666666666666665,41.0,1.0,4.0,0.0,2.0,0.0,7.0,114.0,0.0,6.0,0.0,1.0,4.0
20240528-KIA_Tigers-NC_Dinos,20240528HTNC0,42.0,16.0,0.38095238095238093,38.0,13.0,0.34210526315789475,윤영철,5.0,100.0,5.0,7.0,3.0,4.0,3.0,3.6666666666666665,80.0,3.0,6.0,1.0,4.0,5.0,신민혁,2.0,46.0,6.0,6.0,0.0,1.0,0.0,7.0,135.0,5.0,10.0,2.0,4.0,10.0
20240528-KT_Wiz-Doosan_Bears,20240528KTOB0,41.0,13.0,0.3170731707317073,34.0,7.0,0.20588235294117646,쿠에바스,6.0,91.0,1.0,3.0,0.0,2.0,7.0,2.0,50.0,2.0,4.0,0.0,2.0,3.0,최원준,4.0,85.0,5.0,6.0,1.0,2.0,3.0,5.0,131.0,4.0,7.0,0.0,6.0,3.0
20240528-Kiwoom_Heroes-Samsung_Lions,20240528WOSS0,36.0,9.0,0.25,34.0,6.0,0.17647058823529413,후라도,7.0,101.0,1.0,5.0,0.0,2.0,7.0,2.0,22.0,1.0,1.0,1.0,0.0,2.0,코너,5.0,98.0,3.0,7.0,0.0,2.0,4.0,4.0,61.0,1.0,2.0,0.0,1.0,3.0
20240528-LG_Twins-SSG_Landers,20240528LGSK0,34.0,8.0,0.23529411764705882,31.0,6.0,0.1935483870967742,엔스,6.0,101.0,2.0,4.0,0.0,1.0,9.0,1.0,62.0,3.0,2.0,0.0,4.0,4.0,김광현,2.6666666666666665,81.0,7.0,7.0,2.0,4.0,0.0,6.0,104.0,0.0,1.0,0.0,4.0,3.0
20240528-Lotte_Giants-Hanwha_Eagles,20240528LTHH0,34.0,9.0,0.2647058823529412,38.0,15.0,0.39473684210526316,박세웅,4.666666666666667,112.0,9.0,11.0,1.0,4.0,4.0,3.0,55.0,2.0,4.0,0.0,1.0,2.0,문동주,6.0,101.0,3.0,8.0,0.0,0.0,4.0,3.0,52.0,0.0,1.0,0.0,1.0,2.0
20240529-KIA_Tigers-NC_Dinos,20240529HTNC0,33.0,10.0,0.30303030303030304,32.0,7.0,0.21875,이의리,3.0,63.0,3.0,4.0,2.0,3.0,0.0,6.0,111.0,0.0,3.0,0.0,2.0,8.0,하트,5.0,92.0,5.0,6.0,1.0,3.0,5.0,4.0,80.0,1.0,4.0,1.0,3.0,6.0
20240529-KT_Wiz-Doosan_Bears,20240529KTOB0,37.0,9.0,0.24324324324324326,34.0,12.0,0.35294117647058826,원상현,3.0,69.0,6.0,5.0,1.0,4.0,1.0,4.0,75.0,5.0,7.0,1.0,0.0,3.0,최준호,3.6666666666666665,62.0,3.0,5.0,0.0,2.0,3.0,5.333333333333333,109.0,1.0,4.0,0.0,6.0,7.0
20240529-Kiwoom_Heroes-Samsung_Lions,20240529WOSS0,46.0,18.0,0.391304347826087,36.0,12.0,0.3333333333333333,헤이수스,5.0,71.0,4.0,6.0,3.0,1.0,4.0,4.0,54.0,1.0,6.0,1.0,1.0,1.0,이승현,3.0,83.0,6.0,12.0,1.0,1.0,2.0,5.666666666666667,114.0,3.0,6.0,1.0,3.0,3.0
20240529-LG_Twins-SSG_Landers,20240529LGSK0,38.0,11.0,0.2894736842105263,37.0,11.0,0.2972972972972973,임찬규,7.0,105.0,2.0,9.0,0.0,1.0,6.0,2.0,38.0,2.0,2.0,0.0,1.0,1.0,송영진,4.0,95.0,1.0,4.0,0.0,2.0,2.0,4.0,125.0,6.0,7.0,0.0,10.0,4.0
20240529-Lotte_Giants-Hanwha_Eagles,20240529LTHH0,29.0,3.0,0.10344827586206896,30.0,8.0,0.26666666666666666,윌커슨,6.666666666666667,104.0,2.0,8.0,1.0,1.0,5.0,1.3333333333333333,18.0,0.0,0.0,0.0,0.0,3.0,황준서,6.0,94.0,0.0,2.0,0.0,5.0,6.0,3.0,60.0,0.0,1.0,0.0,2.0,4.0
20240530-KIA_Tigers-NC_Dinos,20240530HTNC0,38.0,14.0,0.3684210526315789,36.0,12.0,0.3333333333333333,황동하,6.0,85.0,2.0,8.0,2.0,0.0,6.0,3.0,40.0,0.0,4.0,0.0,0.0,1.0,김시훈,3.3333333333333335,77.0,7.0,7.0,0.0,2.0,3.0,5.666666666666666,85.0,4.0,7.0,1.0,2.0,3.0
20240530-KT_Wiz-Doosan_Bears,20240530KTOB0,32.0,5.0,0.15625,28.0,5.0,0.17857142857142858,한차현,4.666666666666667,79.0,3.0,2.0,1.0,2.0,3.0,3.0,58.0,1.0,3.0,1.0,1.0,5.0,곽빈,6.0,80.0,0.0,2.0,0.0,3.0,5.0,2.333333333333333,51.0,1.0,3.0,1.0,0.0,0.0
20240530-Kiwoom_Heroes-Samsung_Lions,20240530WOSS0,34.0,8.0,0.23529411764705882,29.0,7.0,0.2413793103448276,이종민,3.0,61.0,3.0,5.0,0.0,4.0,1.0,5.0,70.0,1.0,2.0,1.0,1.0,5.0,레예스,7.0,98.0,0.0,5.0,0.0,2.0,3.0,1.0,49.0,2.0,3.0,0.0,0.0,1.0
20240530-LG_Twins-SSG_Landers,20240530LGSK0,28.0,4.0,0.14285714285714285,32.0,11.0,0.34375,최원태,6.0,89.0,3.0,6.0,1.0,2.0,3.0,1.0,38.0,4.0,5.0,0.0,2.0,0.0,앤더슨,6.0,97.0,2.0,3.0,0.0,3.0,7.0,3.0,41.0,0.0,1.0,0.0,1.0,2.0
20240530-Lotte_Giants-Hanwha_Eagles,20240530LTHH0,31.0,4.0,0.12903225806451613,37.0,16.0,0.43243243243243246,나균안,3.3333333333333335,90.0,7.0,6.0,0.0,6.0,3.0,4.666666666666666,76.0,8.0,10.0,4.0,0.0,5.0,김기중,6.0,88.0,0.0,2.0,0.0,0.0,6.0,3.0,54.0,0.0,2.0,0.0,2.0,5.0
20240531-Hanwha_Eagles-Samsung_Lions,20240531HHSS0,33.0,8.0,0.24242424242424243,33.0,13.0,0.3939393939393939,김규연,1.0,24.0,3.0,3.0,0.0,1.0,0.0,7.0,140.0,5.0,10.0,1.0,5.0,8.0,김대우,2.3333333333333335,37.0,1.0,4.0,0.0,0.0,2.0,6.0,118.0,2.0,4.0,1.0,5.0,4.0
20240531-KT_Wiz-KIA_Tigers,20240531KTHT0,37.0,11.0,0.2972972972972973,34.0,10.0,0.29411764705882354,엄상백,6.0,96.0,3.0,6.0,0.0,2.0,5.0,3.0,44.0,2.0,4.0,1.0,0.0,1.0,양현종,5.333333333333333,94.0,6.0,8.0,1.0,3.0,3.0,3.666666666666667,64.0,2.0,3.0,2.0,2.0,3.0
20240531-LG_Twins-Doosan_Bears,20240531LGOB0,35.0,11.0,0.3142857142857143,33.0,9.0,0.2727272727272727,손주영,5.333333333333333,92.0,1.0,3.0,0.0,3.0,4.0,2.6666666666666665,68.0,2.0,6.0,1.0,0.0,6.0,브랜든,6.0,114.0,3.0,8.0,0.0,1.0,5.0,3.0,69.0,2.0,3.0,0.0,3.0,4.0
20240531-NC_Dinos-Lotte_Giants,20240531NCLT0,33.0,7.0,0.21212121212121213,38.0,15.0,0.39473684210526316,신영우,0.0,22.0,5.0,3.0,0.0,2.0,0.0,8.0,148.0,5.0,12.0,1.0,3.0,8.0,김진욱,5.0,91.0,1.0,3.0,1.0,1.0,2.0,3.333333333333333,73.0,4.0,4.0,0.0,5.0,2.0
20240531-SSG_Landers-Kiwoom_Heroes,20240531SKWO0,35.0,9.0,0.2571428571428571,31.0,4.0,0.12903225806451613,오원석,6.0,80.0,2.0,3.0,1.0,1.0,8.0,2.333333333333333,51.0,0.0,1.0,0.0,3.0,5.0,김인범,5.666666666666667,92.0,4.0,7.0,1.0,6.0,3.0,3.333333333333333,33.0,0.0,2.0,0.0,0.0,3.0
20240601-Hanwha_Eagles-Samsung_Lions,20240601HHSS0,33.0,6.0,0.18181818181818182,30.0,8.0,0.26666666666666666,조동욱,4.666666666666667,95.0,5.0,6.0,1.0,3.0,5.0,3.333333333333333,50.0,1.0,2.0,1.0,1.0,3.0,원태인,6.0,92.0,3.0,6.0,1.0,2.0,1.0,3.0,44.0,0.0,0.0,0.0,2.0,2.0
20240601-KT_Wiz-KIA_Tigers,20240601KTHT0,31.0,5.0,0.16129032258064516,34.0,11.0,0.3235294117647059,육청명,4.666666666666667,79.0,2.0,6.0,1.0,3.0,4.0,3.333333333333333,63.0,2.0,5.0,0.0,2.0,2.0,네일,7.0,94.0,0.0,3.0,0.0,2.0,7.0,2.0,45.0,1.0,2.0,0.0,2.0,2.0
20240601-LG_Twins-Doosan_Bears,20240601LGOB0,44.0,14.0,0.3181818181818182,40.0,10.0,0.25,켈리,6.0,86.0,0.0,4.0,0.0,0.0,3.0,4.333333333333333,83.0,3.0,6.0,1.0,1.0,3.0,알칸타라,5.0,89.0,3.0,4.0,1.0,2.0,3.0,4.0,118.0,5.0,10.0,3.0,3.0,7.0
20240601-NC_Dinos-Lotte_Giants,20240601NCLT0,35.0,10.0,0.2857142857142857,30.0,7.0,0.23333333333333334,카스타노,5.0,85.0,2.0,6.0,0.0,2.0,6.0,4.0,51.0,0.0,1.0,0.0,0.0,3.0,이민석,5.0,80.0,1.0,4.0,1.0,1.0,3.0,3.0,74.0,3.0,6.0,0.0,2.0,4.0
20240601-SSG_Landers-Kiwoom_Heroes,20240601SKWO0,39.0,11.0,0.28205128205128205,30.0,5.0,0.16666666666666666,시라카와,5.0,92.0,0.0,3.0,0.0,4.0,6.0,4.0,57.0,0.0,2.0,0.0,3.0,3.0,조영건,4.666666666666667,78.0,4.0,7.0,3.0,2.0,5.0,4.333333333333333,62.0,2.0,4.0,1.0,1.0,3.0
20240602-Hanwha_Eagles-Samsung_Lions,20240602HHSS0,33.0,8.0,0.24242424242424243,31.0,8.0,0.25806451612903225,문동주,7.0,105.0,0.0,6.0,0.0,3.0,7.0,1.0,20.0,1.0,2.0,0.0,0.0,0.0,코너,6.333333333333333,88.0,0.0,6.0,0.0,2.0,4.0,2.6666666666666665,34.0,0.0,2.0,0.0,0.0,3.0
20240602-KT_Wiz-KIA_Tigers,20240602KTHT0,38.0,12.0,0.3157894736842105,34.0,7.0,0.20588235294117646,쿠에바스,7.0,95.0,0.0,2.0,0.0,1.0,5.0,2.0,36.0,3.0,5.0,0.0,1.0,2.0,윤영철,2.3333333333333335,71.0,3.0,5.0,1.0,2.0,2.0,6.666666666666666,108.0,7.0,7.0,2.0,3.0,6.0
20240602-LG_Twins-Doosan_Bears,20240602LGOB0,39.0,16.0,0.41025641025641024,33.0,6.0,0.18181818181818182,엔스,6.0,100.0,1.0,2.0,1.0,3.0,6.0,2.333333333333333,56.0,0.0,4.0,0.0,0.0,3.0,김유성,3.6666666666666665,83.0,3.0,5.0,0.0,4.0,2.0,4.333333333333333,113.0,6.0,11.0,3.0,1.0,2.0
20240602-NC_Dinos-Lotte_Giants,20240602NCLT0,37.0,10.0,0.2702702702702703,37.0,13.0,0.35135135135135137,신민혁,3.3333333333333335,47.0,2.0,5.0,0.0,1.0,1.0,4.0,110.0,11.0,8.0,2.0,4.0,3.0,박세웅,4.666666666666667,93.0,4.0,7.0,0.0,2.0,1.0,4.333333333333334,68.0,0.0,3.0,0.0,1.0,7.0
20240602-SSG_Landers-Kiwoom_Heroes,20240602SKWO0,32.0,8.0,0.25,33.0,8.0,0.24242424242424243,박종훈,3.3333333333333335,70.0,2.0,3.0,0.0,4.0,1.0,5.666666666666666,88.0,0.0,5.0,0.0,1.0,6.0,전준표,2.0,55.0,2.0,3.0,1.0,3.0,1.0,6.666666666666666,122.0,4.0,5.0,1.0,4.0,7.0
20240604-Doosan_Bears-NC_Dinos,20240604OBNC0,39.0,12.0,0.3076923076923077,34.0,6.0,0.17647058823529413,최준호,5.0,75.0,0.0,2.0,0.0,2.0,1.0,4.333333333333333,108.0,1.0,4.0,0.0,7.0,7.0,하트,7.0,108.0,0.0,5.0,0.0,3.0,9.0,2.0,84.0,3.0,7.0,0.0,3.0,4.0
20240604-Hanwha_Eagles-KT_Wiz,20240604HHKT0,35.0,10.0,0.2857142857142857,32.0,7.0,0.21875,황준서,3.0,91.0,1.0,4.0,0.0,6.0,2.0,5.0,88.0,1.0,3.0,0.0,3.0,5.0,벤자민,4.0,61.0,3.0,3.0,0.0,1.0,2.0,5.0,89.0,5.0,7.0,0.0,4.0,5.0
20240604-Kiwoom_Heroes-LG_Twins,20240604WOLG0,44.0,21.0,0.4772727272727273,34.0,7.0,0.20588235294117646,헤이수스,6.0,106.0,0.0,3.0,0.0,1.0,5.0,3.0,47.0,2.0,4.0,1.0,1.0,3.0,이믿음,4.0,96.0,7.0,11.0,0.0,4.0,2.0,5.0,92.0,4.0,10.0,0.0,4.0,3.0
20240604-Lotte_Giants-KIA_Tigers,20240604LTHT0,36.0,13.0,0.3611111111111111,31.0,5.0,0.16129032258064516,윌커슨,9.0,108.0,0.0,5.0,0.0,0.0,9.0,0.0,0.0,0.0,0.0,0.0,0.0,0.0,임기영,4.333333333333333,68.0,5.0,9.0,1.0,1.0,2.0,4.666666666666666,64.0,1.0,4.0,1.0,2.0,2.0
20240604-Samsung_Lions-SSG_Landers,20240604SSSK0,32.0,7.0,0.21875,34.0,8.0,0.23529411764705882,이승현,6.0,89.0,1.0,3.0,1.0,1.0,5.0,3.0,41.0,0.0,5.0,0.0,0.0,2.0,송영진,6.0,81.0,0.0,3.0,0.0,0.0,5.0,2.333333333333333,66.0,3.0,4.0,0.0,3.0,5.0
20240605-Doosan_Bears-NC_Dinos,20240605OBNC0,39.0,10.0,0.2564102564102564,41.0,8.0,0.1951219512195122,곽빈,6.0,110.0,2.0,5.0,1.0,1.0,5.0,3.333333333333333,113.0,0.0,3.0,0.0,4.0,7.0,김시훈,5.0,100.0,1.0,3.0,0.0,4.0,8.0,6.0,90.0,2.0,7.0,0.0,1.0,5.0
20240605-Hanwha_Eagles-KT_Wiz,20240605HHKT0,44.0,17.0,0.38636363636363635,29.0,5.0,0.1724137931034483,바리아,4.0,64.0,2.0,4.0,1.0,1.0,4.0,5.0,71.0,0.0,1.0,0.0,1.0,6.0,한차현,3.0,89.0,5.0,7.0,0.0,4.0,3.0,6.0,112.0,4.0,10.0,2.0,3.0,3.0
20240605-Kiwoom_Heroes-LG_Twins,20240605WOLG0,31.0,7.0,0.22580645161290322,32.0,8.0,0.25,하영민,5.0,82.0,1.0,4.0,0.0,3.0,4.0,1.0,64.0,3.0,4.0,0.0,5.0,0.0,최원태,5.0,95.0,2.0,6.0,1.0,5.0,5.0,4.0,47.0,0.0,1.0,0.0,4.0,3.0
20240605-Lotte_Giants-KIA_Tigers,20240605LTHT0,38.0,12.0,0.3157894736842105,34.0,7.0,0.20588235294117646,한현희,5.0,76.0,1.0,4.0,0.0,1.0,3.0,4.0,53.0,1.0,3.0,0.0,0.0,1.0,황동하,5.0,99.0,2.0,5.0,0.0,3.0,4.0,2.0,84.0,6.0,7.0,0.0,2.0,3.0
20240605-Samsung_Lions-SSG_Landers,20240605SSSK0,35.0,7.0,0.2,33.0,12.0,0.36363636363636365,레예스,5.0,84.0,5.0,7.0,1.0,1.0,3.0,3.0,58.0,2.0,5.0,0.0,3.0,2.0,앤더슨,6.0,101.0,1.0,4.0,0.0,2.0,10.0,2.0,52.0,1.0,3.0,1.0,2.0,2.0
20240606-Doosan_Bears-NC_Dinos,20240606OBNC0,39.0,14.0,0.358974358974359,35.0,9.0,0.2571428571428571,브랜든,6.0,111.0,3.0,6.0,1.0,2.0,9.0,2.333333333333333,51.0,0.0,3.0,0.0,2.0,3.0,임상현,5.666666666666667,89.0,5.0,8.0,0.0,2.0,3.0,3.333333333333333,58.0,3.0,6.0,1.0,1.0,1.0
20240606-Hanwha_Eagles-KT_Wiz,20240606HHKT0,38.0,13.0,0.34210526315789475,32.0,6.0,0.1875,류현진,6.0,99.0,0.0,5.0,0.0,1.0,3.0,3.0,35.0,0.0,1.0,0.0,1.0,1.0,엄상백,6.666666666666667,100.0,1.0,6.0,0.0,0.0,7.0,1.3333333333333333,43.0,5.0,7.0,1.0,0.0,2.0
20240606-Kiwoom_Heroes-LG_Twins,20240606WOLG0,34.0,10.0,0.29411764705882354,30.0,11.0,0.36666666666666664,김인범,3.0,79.0,4.0,5.0,0.0,3.0,0.0,5.0,106.0,3.0,6.0,0.0,4.0,1.0,손주영,6.0,106.0,3.0,7.0,0.0,3.0,4.0,2.333333333333333,38.0,1.0,3.0,0.0,0.0,3.0
20240606-Lotte_Giants-KIA_Tigers,20240606LTHT0,34.0,7.0,0.20588235294117646,30.0,7.0,0.23333333333333334,김진욱,5.333333333333333,97.0,2.0,2.0,1.0,5.0,1.0,1.0,53.0,3.0,5.0,2.0,0.0,1.0,양현종,6.0,94.0,3.0,5.0,1.0,1.0,5.0,2.333333333333333,64.0,1.0,2.0,1.0,0.0,6.0
20240606-Samsung_Lions-SSG_Landers,20240606SSSK0,31.0,3.0,0.0967741935483871,28.0,6.0,0.21428571428571427,이호성,2.3333333333333335,43.0,3.0,2.0,0.0,2.0,3.0,4.666666666666666,112.0,1.0,4.0,0.0,4.0,4.0,오원석,5.0,95.0,0.0,1.0,0.0,6.0,6.0,4.0,62.0,0.0,2.0,0.0,1.0,4.0
20240607-KIA_Tigers-Doosan_Bears,20240607HTOB0,46.0,15.0,0.32608695652173914,45.0,16.0,0.35555555555555557,네일,6.333333333333333,99.0,4.0,8.0,2.0,2.0,2.0,3.333333333333333,77.0,1.0,8.0,0.0,3.0,4.0,알칸타라,6.0,93.0,4.0,8.0,1.0,3.0,1.0,3.6666666666666665,104.0,1.0,7.0,0.0,2.0,5.0
20240607-LG_Twins-KT_Wiz,20240607LGKT0,32.0,11.0,0.34375,37.0,12.0,0.32432432432432434,켈리,6.0,94.0,3.0,8.0,1.0,1.0,2.0,2.333333333333333,59.0,4.0,4.0,1.0,4.0,2.0,육청명,5.0,73.0,0.0,3.0,0.0,4.0,4.0,4.0,53.0,7.0,8.0,1.0,2.0,2.0
20240607-NC_Dinos-Hanwha_Eagles,20240607NCHH0,37.0,11.0,0.2972972972972973,34.0,9.0,0.2647058823529412,카스타노,6.0,99.0,2.0,7.0,0.0,3.0,4.0,3.0,34.0,0.0,2.0,0.0,0.0,0.0,산체스,3.6666666666666665,71.0,3.0,5.0,0.0,3.0,3.0,5.0,98.0,3.0,6.0,2.0,0.0,3.0
20240607-SSG_Landers-Lotte_Giants,20240607SKLT0,35.0,10.0,0.2857142857142857,33.0,12.0,0.36363636363636365,시라카와,1.3333333333333333,49.0,7.0,7.0,0.0,3.0,1.0,6.666666666666666,115.0,2.0,5.0,0.0,4.0,4.0,이민석,1.3333333333333333,59.0,3.0,2.0,0.0,6.0,2.0,7.0,147.0,4.0,8.0,0.0,4.0,4.0
20240607-Samsung_Lions-Kiwoom_Heroes,20240607SSWO0,36.0,13.0,0.3611111111111111,35.0,12.0,0.34285714285714286,원태인,5.0,95.0,2.0,4.0,1.0,4.0,2.0,3.0,69.0,5.0,8.0,1.0,2.0,1.0,조영건,5.0,93.0,5.0,10.0,1.0,1.0,2.0,4.0,51.0,0.0,3.0,0.0,1.0,1.0
20240608-KIA_Tigers-Doosan_Bears,20240608HTOB0,40.0,15.0,0.375,35.0,11.0,0.3142857142857143,알드레드,3.0,78.0,6.0,6.0,0.0,3.0,4.0,4.333333333333333,87.0,3.0,5.0,1.0,2.0,3.0,김유성,0.0,21.0,2.0,3.0,0.0,2.0,0.0,5.666666666666666,136.0,6.0,12.0,2.0,3.0,4.0
20240608-LG_Twins-KT_Wiz,20240608LGKT0,34.0,11.0,0.3235294117647059,31.0,7.0,0.22580645161290322,엔스,5.0,97.0,2.0,4.0,1.0,5.0,4.0,4.0,56.0,0.0,3.0,0.0,2.0,4.0,쿠에바스,5.0,98.0,7.0,8.0,1.0,3.0,3.0,3.333333333333333,54.0,1.0,3.0,0.0,2.0,1.0
20240608-NC_Dinos-Hanwha_Eagles,20240608NCHH0,37.0,12.0,0.32432432432432434,30.0,4.0,0.13333333333333333,신민혁,7.0,85.0,2.0,4.0,2.0,0.0,2.0,2.0,34.0,0.0,0.0,0.0,0.0,3.0,문동주,5.666666666666667,96.0,4.0,11.0,0.0,1.0,0.0,3.333333333333333,39.0,0.0,1.0,0.0,0.0,3.0
20240608-Samsung_Lions-Kiwoom_Heroes,20240608SSWO0,37.0,11.0,0.2972972972972973,32.0,9.0,0.28125,코너,4.666666666666667,100.0,8.0,7.0,1.0,2.0,1.0,3.333333333333333,59.0,2.0,2.0,0.0,3.0,2.0,후라도,6.0,110.0,2.0,10.0,0.0,2.0,7.0,3.0,42.0,0.0,1.0,0.0,1.0,2.0
20240609-KIA_Tigers-Doosan_Bears,20240609HTOB0,37.0,11.0,0.2972972972972973,32.0,8.0,0.25,윤영철,5.0,89.0,0.0,5.0,0.0,3.0,4.0,4.0,59.0,2.0,3.0,1.0,0.0,6.0,최준호,4.0,81.0,4.0,7.0,0.0,3.0,1.0,5.0,84.0,4.0,4.0,1.0,3.0,1.0
20240609-LG_Twins-KT_Wiz,20240609LGKT0,32.0,7.0,0.21875,37.0,14.0,0.3783783783783784,이우찬,0.0,26.0,4.0,2.0,0.0,3.0,1.0,7.0,132.0,7.0,12.0,3.0,2.0,6.0,벤자민,5.333333333333333,79.0,0.0,3.0,0.0,3.0,7.0,3.6666666666666665,54.0,2.0,4.0,0.0,1.0,5.0
20240609-NC_Dinos-Hanwha_Eagles,20240609NCHH0,45.0,11.0,0.24444444444444444,48.0,13.0,0.2708333333333333,하트,5.666666666666667,106.0,3.0,11.0,0.0,1.0,8.0,6.333333333333333,119.0,0.0,2.0,0.0,6.0,6.0,조동욱,4.0,68.0,1.0,5.0,0.0,4.0,3.0,8.0,155.0,2.0,6.0,1.0,4.0,9.0
20240609-SSG_Landers-Lotte_Giants,20240609SKLT1,40.0,14.0,0.35,30.0,8.0,0.26666666666666666,김광현,6.0,88.0,0.0,6.0,0.0,2.0,4.0,3.0,51.0,1.0,2.0,0.0,0.0,1.0,박세웅,5.0,95.0,5.0,10.0,1.0,0.0,3.0,4.0,62.0,0.0,4.0,0.0,1.0,3.0
20240609-SSG_Landers-Lotte_Giants-G2,20240609SKLT2,31.0,8.0,0.25806451612903225,32.0,10.0,0.3125,송영진,2.6666666666666665,59.0,3.0,6.0,0.0,1.0,0.0,5.333333333333333,64.0,1.0,4.0,0.0,1.0,3.0,윌커슨,7.666666666666667,93.0,3.0,8.0,1.0,1.0,7.0,1.0,15.0,0.0,0.0,0.0,0.0,1.0
20240609-Samsung_Lions-Kiwoom_Heroes,20240609SSWO0,35.0,9.0,0.2571428571428571,35.0,7.0,0.2,이승현,6.0,89.0,0.0,4.0,0.0,2.0,3.0,2.0,64.0,1.0,3.0,0.0,2.0,3.0,헤이수스,5.333333333333333,91.0,4.0,5.0,0.0,4.0,9.0,3.0,66.0,3.0,4.0,1.0,3.0,5.0
20240611-Hanwha_Eagles-Doosan_Bears,20240611HHOB0,32.0,11.0,0.34375,31.0,6.0,0.1935483870967742,바리아,6.0,79.0,1.0,3.0,0.0,1.0,2.0,3.0,48.0,0.0,3.0,0.0,1.0,6.0,곽빈,5.333333333333333,99.0,6.0,8.0,0.0,3.0,4.0,3.0,62.0,0.0,3.0,0.0,2.0,5.0
20240611-KIA_Tigers-SSG_Landers,20240611HTSK0,42.0,14.0,0.3333333333333333,41.0,16.0,0.3902439024390244,황동하,4.333333333333333,79.0,4.0,7.0,1.0,2.0,3.0,3.333333333333333,83.0,2.0,9.0,0.0,2.0,6.0,앤더슨,3.0,82.0,4.0,9.0,0.0,2.0,3.0,6.0,117.0,2.0,5.0,1.0,4.0,9.0
20240611-KT_Wiz-NC_Dinos,20240611KTNC0,40.0,14.0,0.35,33.0,9.0,0.2727272727272727,한차현,2.0,48.0,5.0,5.0,3.0,2.0,2.0,6.0,92.0,0.0,4.0,0.0,1.0,6.0,김시훈,3.3333333333333335,68.0,3.0,6.0,1.0,2.0,1.0,4.666666666666666,133.0,2.0,8.0,0.0,4.0,8.0
20240611-Kiwoom_Heroes-Lotte_Giants,20240611WOLT0,35.0,10.0,0.2857142857142857,31.0,4.0,0.12903225806451613,하영민,5.0,82.0,1.0,2.0,0.0,3.0,5.0,4.0,68.0,1.0,2.0,0.0,1.0,2.0,한현희,6.0,103.0,3.0,5.0,0.0,4.0,9.0,3.0,53.0,2.0,5.0,0.0,2.0,3.0
20240611-LG_Twins-Samsung_Lions,20240611LGSS0,42.0,15.0,0.35714285714285715,34.0,9.0,0.2647058823529412,김유영,2.3333333333333335,37.0,0.0,2.0,0.0,0.0,4.0,3.6666666666666665,104.0,4.0,7.0,1.0,4.0,6.0,레예스,5.0,99.0,1.0,7.0,0.0,0.0,4.0,1.3333333333333333,103.0,3.0,8.0,1.0,4.0,4.0
20240612-Hanwha_Eagles-Doosan_Bears,20240612HHOB0,37.0,11.0,0.2972972972972973,34.0,10.0,0.29411764705882354,류현진,6.0,83.0,0.0,9.0,0.0,0.0,1.0,3.0,47.0,0.0,1.0,0.0,1.0,2.0,브랜든,6.0,106.0,3.0,8.0,0.0,0.0,6.0,2.0,53.0,1.0,3.0,0.0,0.0,4.0
20240612-KIA_Tigers-SSG_Landers,20240612HTSK0,42.0,16.0,0.38095238095238093,38.0,12.0,0.3157894736842105,양현종,5.666666666666667,93.0,5.0,8.0,1.0,1.0,6.0,3.0,67.0,2.0,4.0,0.0,2.0,2.0,오원석,5.0,92.0,2.0,3.0,0.0,5.0,6.0,2.333333333333333,104.0,11.0,13.0,1.0,4.0,3.0
20240612-KT_Wiz-NC_Dinos,20240612KTNC0,35.0,11.0,0.3142857142857143,37.0,11.0,0.2972972972972973,엄상백,6.333333333333333,100.0,5.0,6.0,2.0,1.0,9.0,2.6666666666666665,41.0,3.0,5.0,1.0,0.0,3.0,임상현,2.6666666666666665,80.0,3.0,3.0,0.0,6.0,3.0,6.333333333333333,137.0,5.0,8.0,2.0,5.0,5.0
20240612-Kiwoom_Heroes-Lotte_Giants,20240612WOLT0,32.0,6.0,0.1875,34.0,12.0,0.35294117647058826,이종민,4.333333333333333,61.0,3.0,4.0,1.0,0.0,0.0,3.0,60.0,4.0,8.0,1.0,1.0,1.0,김진욱,6.333333333333333,95.0,0.0,5.0,0.0,2.0,8.0,1.3333333333333333,43.0,1.0,1.0,1.0,3.0,2.0
20240612-LG_Twins-Samsung_Lions,20240612LGSS0,35.0,8.0,0.22857142857142856,31.0,8.0,0.25806451612903225,손주영,5.333333333333333,98.0,1.0,6.0,1.0,1.0,4.0,1.6666666666666665,38.0,2.0,2.0,0.0,1.0,3.0,이승민,3.6666666666666665,74.0,4.0,6.0,2.0,4.0,1.0,4.333333333333334,80.0,0.0,2.0,0.0,1.0,4.0
20240613-Hanwha_Eagles-Doosan_Bears,20240613HHOB0,35.0,10.0,0.2857142857142857,38.0,13.0,0.34210526315789475,산체스,4.0,79.0,5.0,8.0,0.0,2.0,1.0,4.0,56.0,2.0,5.0,0.0,0.0,3.0,최원준,5.666666666666667,88.0,3.0,8.0,0.0,3.0,3.0,2.333333333333333,69.0,3.0,2.0,0.0,4.0,3.0
20240613-KIA_Tigers-SSG_Landers,20240613HTSK0,31.0,4.0,0.12903225806451613,35.0,11.0,0.3142857142857143,네일,6.0,97.0,5.0,9.0,1.0,1.0,9.0,1.3333333333333333,34.0,2.0,2.0,1.0,3.0,0.0,시라카와,5.0,91.0,1.0,3.0,0.0,2.0,5.0,4.0,47.0,0.0,1.0,0.0,2.0,5.0
20240613-KT_Wiz-NC_Dinos,20240613KTNC0,31.0,5.0,0.16129032258064516,28.0,7.0,0.25,육청명,3.3333333333333335,62.0,4.0,5.0,0.0,3.0,1.0,4.0,57.0,1.0,2.0,0.0,0.0,6.0,카스타노,7.0,94.0,2.0,4.0,1.0,1.0,4.0,2.0,30.0,1.0,1.0,1.0,0.0,3.0
20240613-Kiwoom_Heroes-Lotte_Giants,20240613WOLT0,35.0,12.0,0.34285714285714286,44.0,21.0,0.4772727272727273,정찬헌,4.0,55.0,4.0,6.0,0.0,0.0,1.0,2.0,120.0,14.0,15.0,2.0,3.0,0.0,나균안,5.0,82.0,4.0,6.0,1.0,3.0,2.0,3.0,80.0,6.0,6.0,0.0,4.0,3.0
20240613-LG_Twins-Samsung_Lions,20240613LGSS0,29.0,5.0,0.1724137931034483,31.0,8.0,0.25806451612903225,켈리,8.0,96.0,6.0,8.0,3.0,1.0,5.0,0.0,0.0,0.0,0.0,0.0,0.0,0.0,이호성,5.333333333333333,81.0,2.0,3.0,0.0,2.0,3.0,1.6666666666666665,81.0,1.0,2.0,0.0,5.0,0.0
20240614-Doosan_Bears-Kiwoom_Heroes,20240614OBWO0,40.0,14.0,0.35,35.0,9.0,0.2571428571428571,알칸타라,6.0,101.0,3.0,7.0,1.0,1.0,2.0,2.0,51.0,0.0,2.0,0.0,1.0,2.0,후라도,6.0,104.0,4.0,8.0,0.0,0.0,5.0,3.0,51.0,2.0,6.0,1.0,2.0,2.0
20240614-KIA_Tigers-KT_Wiz,20240614HTKT0,37.0,12.0,0.32432432432432434,33.0,8.0,0.24242424242424243,알드레드,5.0,86.0,0.0,5.0,0.0,1.0,7.0,4.0,47.0,1.0,3.0,0.0,2.0,3.0,쿠에바스,2.0,91.0,8.0,6.0,1.0,7.0,2.0,6.666666666666666,89.0,3.0,6.0,1.0,2.0,5.0
20240614-Lotte_Giants-LG_Twins,20240614LTLG0,33.0,7.0,0.21212121212121213,28.0,7.0,0.25,이민석,2.3333333333333335,67.0,4.0,3.0,0.0,6.0,3.0,5.666666666666666,88.0,1.0,4.0,1.0,0.0,6.0,엔스,6.0,97.0,3.0,5.0,1.0,1.0,4.0,2.6666666666666665,33.0,0.0,2.0,0.0,0.0,2.0
20240614-SSG_Landers-Hanwha_Eagles,20240614SKHH0,39.0,15.0,0.38461538461538464,39.0,13.0,0.3333333333333333,송영진,5.0,96.0,3.0,8.0,0.0,3.0,4.0,4.0,59.0,0.0,5.0,0.0,0.0,3.0,문동주,6.0,96.0,8.0,10.0,2.0,3.0,6.0,2.0,70.0,3.0,5.0,0.0,5.0,2.0
20240614-Samsung_Lions-NC_Dinos,20240614SSNC0,40.0,14.0,0.35,33.0,7.0,0.21212121212121213,코너,6.0,95.0,4.0,5.0,3.0,1.0,10.0,2.0,55.0,0.0,2.0,0.0,1.0,4.0,신민혁,5.0,83.0,4.0,7.0,2.0,0.0,3.0,2.333333333333333,69.0,3.0,7.0,0.0,0.0,5.0
20240615-Doosan_Bears-Kiwoom_Heroes,20240615OBWO0,34.0,12.0,0.35294117647058826,34.0,7.0,0.20588235294117646,김동주,5.0,69.0,1.0,3.0,0.0,0.0,6.0,3.333333333333333,66.0,0.0,4.0,0.0,0.0,4.0,헤이수스,6.0,96.0,1.0,6.0,0.0,3.0,5.0,2.0,42.0,3.0,6.0,0.0,1.0,2.0
20240615-KIA_Tigers-KT_Wiz,20240615HTKT0,33.0,5.0,0.15151515151515152,30.0,3.0,0.1,윤영철,5.0,94.0,0.0,3.0,0.0,2.0,5.0,2.6666666666666665,72.0,0.0,0.0,0.0,4.0,4.0,벤자민,6.0,106.0,1.0,5.0,0.0,1.0,5.0,3.0,36.0,0.0,0.0,0.0,0.0,3.0
20240615-Lotte_Giants-LG_Twins,20240615LTLG0,43.0,18.0,0.4186046511627907,35.0,12.0,0.34285714285714286,박세웅,6.0,109.0,4.0,5.0,0.0,3.0,7.0,1.0,77.0,4.0,7.0,0.0,2.0,3.0,김유영,1.0,26.0,1.0,3.0,0.0,0.0,1.0,6.333333333333333,206.0,8.0,15.0,3.0,7.0,8.0
20240615-SSG_Landers-Hanwha_Eagles,20240615SKHH0,40.0,15.0,0.375,37.0,10.0,0.2702702702702703,김광현,5.0,84.0,1.0,5.0,0.0,3.0,6.0,4.0,80.0,0.0,5.0,0.0,1.0,3.0,황준서,4.0,70.0,4.0,6.0,1.0,1.0,2.0,5.0,104.0,3.0,9.0,0.0,2.0,3.0
20240615-Samsung_Lions-NC_Dinos,20240615SSNC0,38.0,11.0,0.2894736842105263,34.0,11.0,0.3235294117647059,이승현,5.0,99.0,1.0,5.0,0.0,5.0,5.0,2.0,73.0,5.0,6.0,4.0,1.0,2.0,하트,5.0,91.0,3.0,7.0,3.0,0.0,6.0,3.333333333333333,68.0,1.0,4.0,0.0,2.0,5.0
20240616-Doosan_Bears-Kiwoom_Heroes,20240616OBWO0,31.0,4.0,0.12903225806451613,35.0,12.0,0.34285714285714286,곽빈,4.0,106.0,6.0,7.0,2.0,4.0,4.0,4.0,86.0,2.0,5.0,0.0,3.0,6.0,하영민,7.333333333333333,85.0,2.0,3.0,0.0,1.0,2.0,1.0,18.0,0.0,1.0,0.0,0.0,1.0
20240616-KIA_Tigers-KT_Wiz,20240616HTKT0,35.0,11.0,0.3142857142857143,31.0,5.0,0.16129032258064516,황동하,5.0,82.0,1.0,4.0,0.0,1.0,5.0,2.6666666666666665,54.0,0.0,1.0,0.0,1.0,3.0,한차현,1.0,40.0,2.0,3.0,0.0,3.0,1.0,8.0,121.0,1.0,8.0,1.0,3.0,6.0
20240616-Lotte_Giants-LG_Twins,20240616LTLG0,38.0,8.0,0.21052631578947367,49.0,20.0,0.40816326530612246,윌커슨,6.0,117.0,2.0,9.0,0.0,1.0,3.0,2.6666666666666665,93.0,6.0,11.0,0.0,3.0,7.0,이상영,3.6666666666666665,56.0,1.0,3.0,0.0,1.0,0.0,4.666666666666666,110.0,6.0,5.0,1.0,4.0,3.0
20240616-SSG_Landers-Hanwha_Eagles,20240616SKHH0,31.0,5.0,0.16129032258064516,30.0,9.0,0.3,박종훈,2.6666666666666665,64.0,3.0,4.0,0.0,3.0,2.0,5.333333333333333,104.0,1.0,5.0,0.0,6.0,5.0,바리아,6.0,96.0,0.0,3.0,0.0,2.0,8.0,2.333333333333333,53.0,1.0,2.0,0.0,2.0,6.0
20240616-Samsung_Lions-NC_Dinos,20240616SSNC0,36.0,8.0,0.2222222222222222,36.0,11.0,0.3055555555555556,레예스,6.0,101.0,2.0,7.0,1.0,2.0,7.0,2.0,56.0,3.0,4.0,0.0,4.0,1.0,김시훈,5.333333333333333,86.0,3.0,6.0,1.0,2.0,3.0,3.333333333333333,55.0,1.0,2.0,1.0,0.0,5.0
20240618-Kiwoom_Heroes-Hanwha_Eagles,20240618WOHH0,32.0,6.0,0.1875,29.0,7.0,0.2413793103448276,김인범,4.0,89.0,2.0,5.0,0.0,3.0,1.0,4.0,56.0,1.0,2.0,0.0,2.0,2.0,류현진,8.0,101.0,0.0,5.0,0.0,0.0,8.0,1.0,20.0,0.0,1.0,0.0,0.0,1.0
20240618-LG_Twins-KIA_Tigers,20240618LGHT0,35.0,10.0,0.2857142857142857,38.0,14.0,0.3684210526315789,손주영,4.333333333333333,104.0,4.0,7.0,0.0,5.0,4.0,3.3333333333333335,76.0,1.0,7.0,0.0,3.0,2.0,양현종,5.0,73.0,3.0,7.0,0.0,2.0,2.0,3.0,80.0,1.0,3.0,0.0,3.0,6.0
20240618-Lotte_Giants-KT_Wiz,20240618LTKT0,31.0,6.0,0.1935483870967742,34.0,13.0,0.38235294117647056,한현희,5.333333333333333,87.0,6.0,9.0,1.0,2.0,3.0,1.0,42.0,0.0,4.0,0.0,0.0,2.0,엄상백,6.0,101.0,4.0,5.0,2.0,1.0,8.0,3.0,39.0,0.0,1.0,0.0,0.0,3.0
20240618-NC_Dinos-Doosan_Bears,20240618NCOB0,38.0,12.0,0.3157894736842105,34.0,11.0,0.3235294117647059,임상현,1.3333333333333333,27.0,3.0,4.0,1.0,1.0,0.0,6.0,139.0,3.0,7.0,0.0,6.0,5.0,브랜든,6.0,86.0,1.0,6.0,0.0,0.0,5.0,1.0,59.0,1.0,6.0,0.0,0.0,1.0
20240618-SSG_Landers-Samsung_Lions,20240618SKSS0,36.0,12.0,0.3333333333333333,35.0,8.0,0.22857142857142856,앤더슨,6.0,101.0,2.0,5.0,2.0,3.0,6.0,3.0,46.0,0.0,3.0,0.0,1.0,3.0,이승민,2.3333333333333335,57.0,4.0,5.0,1.0,2.0,0.0,5.333333333333333,147.0,4.0,7.0,1.0,12.0,4.0
20240619-Kiwoom_Heroes-Hanwha_Eagles,20240619WOHH0,44.0,18.0,0.4090909090909091,39.0,15.0,0.38461538461538464,정찬헌,3.0,57.0,7.0,11.0,2.0,0.0,1.0,5.0,113.0,7.0,4.0,1.0,8.0,5.0,김기중,3.0,66.0,2.0,6.0,0.0,2.0,1.0,5.333333333333333,141.0,6.0,12.0,1.0,3.0,5.0
20240619-LG_Twins-KIA_Tigers,20240619LGHT0,39.0,12.0,0.3076923076923077,35.0,12.0,0.34285714285714286,켈리,5.0,105.0,2.0,7.0,0.0,5.0,2.0,4.0,72.0,3.0,5.0,1.0,1.0,0.0,네일,6.333333333333333,95.0,2.0,5.0,1.0,1.0,6.0,1.3333333333333333,52.0,5.0,7.0,1.0,2.0,0.0
20240619-Lotte_Giants-KT_Wiz,20240619LTKT0,40.0,13.0,0.325,37.0,11.0,0.2972972972972973,나균안,5.0,90.0,4.0,8.0,0.0,3.0,4.0,3.333333333333333,59.0,1.0,3.0,1.0,3.0,3.0,고영표,5.0,89.0,6.0,9.0,0.0,0.0,4.0,3.0,79.0,5.0,4.0,1.0,2.0,4.0
20240619-NC_Dinos-Doosan_Bears,20240619NCOB0,35.0,10.0,0.2857142857142857,36.0,11.0,0.3055555555555556,카스타노,6.0,85.0,2.0,5.0,1.0,1.0,4.0,2.6666666666666665,50.0,2.0,6.0,1.0,0.0,4.0,최원준,4.333333333333333,70.0,4.0,5.0,2.0,0.0,5.0,4.333333333333333,96.0,2.0,5.0,1.0,5.0,2.0
20240619-SSG_Landers-Samsung_Lions,20240619SKSS0,32.0,8.0,0.25,36.0,11.0,0.3055555555555556,오원석,5.333333333333333,81.0,3.0,3.0,0.0,3.0,4.0,2.0,59.0,9.0,8.0,4.0,4.0,2.0,원태인,6.0,109.0,1.0,5.0,0.0,3.0,3.0,3.0,64.0,0.0,3.0,0.0,2.0,1.0
20240620-Kiwoom_Heroes-Hanwha_Eagles,20240620WOHH0,37.0,13.0,0.35135135135135137,29.0,5.0,0.1724137931034483,후라도,7.0,86.0,0.0,2.0,0.0,0.0,5.0,2.0,41.0,0.0,3.0,0.0,1.0,3.0,문동주,6.0,94.0,3.0,8.0,1.0,4.0,3.0,2.3333333333333335,63.0,3.0,5.0,0.0,2.0,1.0
20240620-LG_Twins-KIA_Tigers,20240620LGHT0,32.0,7.0,0.21875,32.0,10.0,0.3125,엔스,6.0,104.0,4.0,8.0,1.0,2.0,2.0,2.0,35.0,2.0,2.0,2.0,0.0,1.0,알드레드,6.0,85.0,0.0,2.0,0.0,2.0,6.0,3.0,54.0,3.0,5.0,2.0,1.0,4.0
20240620-Lotte_Giants-KT_Wiz,20240620LTKT0,37.0,13.0,0.35135135135135137,35.0,13.0,0.37142857142857144,김진욱,5.333333333333333,103.0,5.0,8.0,4.0,1.0,5.0,2.0,56.0,1.0,5.0,0.0,1.0,1.0,쿠에바스,6.0,105.0,4.0,9.0,1.0,3.0,4.0,2.333333333333333,64.0,2.0,4.0,2.0,3.0,5.0
20240620-NC_Dinos-Doosan_Bears,20240620NCOB0,31.0,4.0,0.12903225806451613,27.0,5.0,0.18518518518518517,신민혁,7.0,88.0,2.0,4.0,0.0,2.0,2.0,1.0,21.0,0.0,1.0,0.0,0.0,1.0,알칸타라,7.0,94.0,0.0,4.0,0.0,0.0,5.0,1.0,25.0,0.0,0.0,0.0,0.0,4.0
20240620-SSG_Landers-Samsung_Lions,20240620SKSS0,32.0,5.0,0.15625,32.0,8.0,0.25,송영진,5.0,90.0,2.0,4.0,0.0,3.0,2.0,2.0,81.0,2.0,4.0,1.0,5.0,4.0,코너,7.0,102.0,0.0,5.0,0.0,1.0,8.0,2.0,26.0,0.0,0.0,0.0,0.0,2.0
20240621-Doosan_Bears-Samsung_Lions,20240621OBSS0,35.0,8.0,0.22857142857142856,31.0,9.0,0.2903225806451613,최준호,4.666666666666667,75.0,6.0,5.0,2.0,2.0,4.0,3.333333333333333,69.0,1.0,4.0,1.0,3.0,1.0,이승현,5.0,106.0,2.0,5.0,1.0,1.0,4.0,2.0,62.0,2.0,3.0,0.0,1.0,6.0
20240621-Hanwha_Eagles-KIA_Tigers,20240621HHHT0,33.0,5.0,0.15151515151515152,28.0,9.0,0.32142857142857145,황준서,2.3333333333333335,76.0,1.0,1.0,0.0,8.0,2.0,5.666666666666666,75.0,7.0,8.0,3.0,1.0,1.0,윤영철,6.0,99.0,0.0,2.0,0.0,4.0,7.0,3.0,43.0,0.0,3.0,0.0,0.0,5.0
20240621-KT_Wiz-LG_Twins,20240621KTLG0,32.0,5.0,0.15625,31.0,7.0,0.22580645161290322,벤자민,7.0,100.0,2.0,6.0,0.0,1.0,7.0,2.0,35.0,0.0,1.0,0.0,2.0,1.0,이상영,4.0,88.0,0.0,3.0,0.0,5.0,4.0,4.333333333333333,82.0,3.0,2.0,0.0,6.0,7.0
20240621-Lotte_Giants-Kiwoom_Heroes,20240621LTWO0,33.0,6.0,0.18181818181818182,32.0,11.0,0.34375,박세웅,6.0,103.0,4.0,7.0,0.0,4.0,5.0,2.0,44.0,1.0,4.0,0.0,0.0,3.0,헤이수스,6.0,97.0,0.0,2.0,0.0,2.0,6.0,3.0,57.0,2.0,4.0,0.0,3.0,2.0
20240621-NC_Dinos-SSG_Landers,20240621NCSK0,34.0,10.0,0.29411764705882354,34.0,10.0,0.29411764705882354,하트,6.333333333333333,94.0,1.0,4.0,0.0,1.0,6.0,0.0,51.0,1.0,6.0,0.0,1.0,2.0,시라카와,6.333333333333333,106.0,2.0,7.0,2.0,1.0,10.0,2.6666666666666665,30.0,1.0,3.0,1.0,1.0,1.0
20240622-Lotte_Giants-Kiwoom_Heroes,20240622LTWO0,32.0,8.0,0.25,31.0,7.0,0.22580645161290322,윌커슨,7.0,97.0,1.0,6.0,1.0,2.0,5.0,2.0,19.0,0.0,1.0,0.0,1.0,1.0,하영민,5.0,97.0,3.0,6.0,0.0,5.0,3.0,4.0,64.0,1.0,2.0,0.0,1.0,2.0
20240622-NC_Dinos-SSG_Landers,20240622NCSK0,31.0,5.0,0.16129032258064516,31.0,7.0,0.22580645161290322,김시훈,1.6666666666666665,50.0,4.0,0.0,0.0,5.0,1.0,6.333333333333333,126.0,7.0,7.0,0.0,9.0,4.0,김광현,6.0,94.0,3.0,4.0,2.0,4.0,5.0,3.0,53.0,1.0,1.0,0.0,1.0,3.0
20240623-Doosan_Bears-Samsung_Lions,20240623OBSS1,35.0,9.0,0.2571428571428571,29.0,5.0,0.1724137931034483,브랜든,2.0,42.0,1.0,0.0,0.0,2.0,4.0,4.666666666666666,135.0,5.0,5.0,1.0,8.0,4.0,레예스,6.0,92.0,0.0,4.0,0.0,4.0,2.0,2.0,85.0,3.0,5.0,1.0,5.0,0.0
20240623-Doosan_Bears-Samsung_Lions-G2,20240623OBSS2,33.0,8.0,0.24242424242424243,35.0,12.0,0.34285714285714286,김동주,3.0,53.0,4.0,6.0,1.0,1.0,2.0,5.0,119.0,6.0,6.0,0.0,4.0,3.0,백정현,5.0,91.0,3.0,7.0,2.0,2.0,3.0,3.333333333333333,53.0,1.0,1.0,0.0,1.0,5.0
20240623-Hanwha_Eagles-KIA_Tigers,20240623HHHT1,37.0,12.0,0.32432432432432434,38.0,12.0,0.3157894736842105,류현진,5.0,104.0,5.0,8.0,3.0,2.0,5.0,3.6666666666666665,55.0,3.0,4.0,0.0,1.0,2.0,황동하,4.0,91.0,5.0,4.0,1.0,5.0,3.0,4.0,90.0,4.0,8.0,1.0,3.0,2.0
20240623-Hanwha_Eagles-KIA_Tigers-G2,20240623HHHT2,34.0,7.0,0.20588235294117646,35.0,11.0,0.3142857142857143,바리아,5.666666666666667,108.0,3.0,9.0,0.0,1.0,5.0,1.3333333333333333,42.0,0.0,2.0,0.0,0.0,3.0,임기영,5.333333333333333,76.0,1.0,6.0,0.0,0.0,3.0,3.0,67.0,0.0,1.0,0.0,3.0,3.0
20240623-KT_Wiz-LG_Twins,20240623KTLG1,31.0,5.0,0.16129032258064516,32.0,12.0,0.375,강건,1.3333333333333333,44.0,4.0,4.0,1.0,2.0,1.0,6.666666666666666,107.0,2.0,8.0,0.0,3.0,2.0,임찬규,5.0,90.0,1.0,3.0,1.0,5.0,8.0,4.0,59.0,1.0,2.0,1.0,1.0,3.0
20240623-KT_Wiz-LG_Twins-G2,20240623KTLG2,32.0,7.0,0.21875,35.0,8.0,0.22857142857142856,엄상백,5.0,116.0,2.0,5.0,1.0,2.0,4.0,3.333333333333333,70.0,1.0,3.0,0.0,2.0,2.0,손주영,5.0,101.0,3.0,3.0,0.0,5.0,6.0,3.0,60.0,0.0,4.0,0.0,0.0,4.0
20240623-Lotte_Giants-Kiwoom_Heroes,20240623LTWO0,37.0,13.0,0.35135135135135137,31.0,6.0,0.1935483870967742,정현수,2.3333333333333335,60.0,1.0,3.0,0.0,5.0,3.0,6.0,109.0,0.0,3.0,0.0,4.0,8.0,이종민,5.0,75.0,6.0,7.0,0.0,2.0,2.0,4.0,88.0,4.0,6.0,0.0,3.0,2.0
20240623-NC_Dinos-SSG_Landers,20240623NCSK0,45.0,18.0,0.4,34.0,12.0,0.35294117647058826,최성영,3.0,52.0,2.0,6.0,1.0,1.0,1.0,5.0,89.0,2.0,6.0,0.0,3.0,5.0,앤더슨,4.666666666666667,94.0,4.0,4.0,2.0,3.0,8.0,3.333333333333333,129.0,14.0,14.0,1.0,5.0,5.0
20240625-Doosan_Bears-Hanwha_Eagles,20240625OBHH0,35.0,8.0,0.22857142857142856,31.0,8.0,0.25806451612903225,최원준,4.333333333333333,74.0,4.0,4.0,0.0,3.0,3.0,3.0,67.0,1.0,4.0,0.0,2.0,3.0,와이스,6.0,98.0,0.0,4.0,0.0,2.0,7.0,2.0,40.0,4.0,4.0,1.0,1.0,1.0
20240625-KIA_Tigers-Lotte_Giants,20240625HTLT0,50.0,17.0,0.34,54.0,19.0,0.35185185185185186,네일,5.0,104.0,4.0,11.0,1.0,2.0,4.0,5.0,110.0,5.0,8.0,1.0,2.0,6.0,나균안,1.6666666666666665,83.0,8.0,7.0,1.0,6.0,2.0,9.666666666666666,174.0,6.0,10.0,0.0,4.0,10.0
20240625-KT_Wiz-SSG_Landers,20240625KTSK0,34.0,9.0,0.2647058823529412,33.0,6.0,0.18181818181818182,고영표,7.0,83.0,0.0,2.0,0.0,0.0,5.0,2.0,39.0,1.0,4.0,0.0,1.0,2.0,오원석,5.0,94.0,3.0,5.0,1.0,2.0,8.0,4.0,70.0,3.0,4.0,0.0,3.0,5.0
20240625-NC_Dinos-Kiwoom_Heroes,20240625NCWO0,29.0,6.0,0.20689655172413793,36.0,11.0,0.3055555555555556,이재학,5.0,83.0,3.0,5.0,0.0,1.0,4.0,3.0,68.0,1.0,6.0,0.0,0.0,7.0,김윤하,5.0,78.0,0.0,1.0,0.0,3.0,2.0,3.6666666666666665,84.0,4.0,5.0,1.0,6.0,2.0
20240625-Samsung_Lions-LG_Twins,20240625SSLG0,27.0,1.0,0.037037037037037035,30.0,7.0,0.23333333333333334,원태인,6.0,104.0,4.0,7.0,1.0,1.0,5.0,1.0,20.0,0.0,0.0,0.0,0.0,0.0,켈리,9.0,102.0,0.0,1.0,0.0,0.0,3.0,0.0,0.0,0.0,0.0,0.0,0.0,0.0
20240626-Doosan_Bears-Hanwha_Eagles,20240626OBHH0,40.0,16.0,0.4,35.0,9.0,0.2571428571428571,알칸타라,3.6666666666666665,73.0,5.0,4.0,2.0,3.0,4.0,4.333333333333333,118.0,2.0,5.0,1.0,7.0,3.0,문동주,4.0,90.0,7.0,8.0,1.0,5.0,1.0,4.666666666666666,114.0,8.0,8.0,1.0,5.0,4.0
20240626-KIA_Tigers-Lotte_Giants,20240626HTLT0,36.0,12.0,0.3333333333333333,32.0,13.0,0.40625,알드레드,6.0,101.0,2.0,8.0,1.0,3.0,4.0,1.0,53.0,4.0,5.0,0.0,2.0,2.0,김진욱,3.6666666666666665,84.0,4.0,7.0,1.0,3.0,3.0,5.333333333333334,75.0,0.0,5.0,0.0,2.0,6.0
20240626-KT_Wiz-SSG_Landers,20240626KTSK0,37.0,10.0,0.2702702702702703,40.0,16.0,0.4,육청명,3.0,57.0,4.0,5.0,1.0,1.0,1.0,4.666666666666666,115.0,6.0,11.0,2.0,2.0,6.0,송영진,6.0,99.0,3.0,5.0,2.0,1.0,5.0,3.0,77.0,2.0,5.0,0.0,3.0,7.0
20240626-NC_Dinos-Kiwoom_Heroes,20240626NCWO0,33.0,6.0,0.18181818181818182,38.0,16.0,0.42105263157894735,카스타노,4.666666666666667,90.0,4.0,10.0,0.0,1.0,4.0,2.333333333333333,88.0,6.0,6.0,1.0,4.0,3.0,후라도,7.0,95.0,0.0,4.0,0.0,1.0,13.0,1.0,79.0,7.0,2.0,0.0,9.0,2.0
20240626-Samsung_Lions-LG_Twins,20240626SSLG0,33.0,5.0,0.15151515151515152,29.0,4.0,0.13793103448275862,코너,7.0,96.0,0.0,3.0,0.0,1.0,9.0,1.0,25.0,0.0,1.0,0.0,2.0,2.0,엔스,6.0,98.0,0.0,3.0,0.0,1.0,9.0,3.0,52.0,0.0,2.0,0.0,2.0,3.0
20240627-Doosan_Bears-Hanwha_Eagles,20240627OBHH0,35.0,10.0,0.2857142857142857,32.0,8.0,0.25,최준호,4.0,89.0,8.0,6.0,2.0,5.0,2.0,4.0,62.0,0.0,2.0,0.0,1.0,4.0,김기중,5.0,81.0,1.0,6.0,0.0,0.0,4.0,4.0,53.0,2.0,4.0,2.0,0.0,7.0
20240627-KIA_Tigers-Lotte_Giants,20240627HTLT0,34.0,8.0,0.23529411764705882,35.0,14.0,0.4,윤영철,3.6666666666666665,83.0,5.0,7.0,0.0,3.0,2.0,3.6666666666666665,86.0,6.0,7.0,0.0,3.0,3.0,박세웅,6.0,108.0,1.0,5.0,0.0,4.0,4.0,3.0,37.0,1.0,3.0,1.0,0.0,0.0
20240627-KT_Wiz-SSG_Landers,20240627KTSK0,45.0,19.0,0.4222222222222222,39.0,13.0,0.3333333333333333,벤자민,6.333333333333333,102.0,5.0,9.0,1.0,1.0,7.0,2.6666666666666665,56.0,2.0,4.0,0.0,1.0,2.0,시라카와,5.333333333333333,88.0,3.0,9.0,1.0,0.0,5.0,2.6666666666666665,108.0,9.0,10.0,2.0,5.0,0.0
20240627-NC_Dinos-Kiwoom_Heroes,20240627NCWO0,36.0,11.0,0.3055555555555556,35.0,14.0,0.4,신민혁,3.6666666666666665,61.0,8.0,8.0,2.0,3.0,1.0,4.333333333333333,91.0,1.0,6.0,0.0,3.0,4.0,헤이수스,6.0,104.0,3.0,10.0,2.0,1.0,10.0,3.0,56.0,0.0,1.0,0.0,3.0,2.0
20240627-Samsung_Lions-LG_Twins,20240627SSLG0,29.0,6.0,0.20689655172413793,34.0,7.0,0.20588235294117646,이승현,6.0,88.0,0.0,4.0,0.0,2.0,3.0,2.333333333333333,48.0,1.0,3.0,0.0,0.0,2.0,이상영,5.333333333333333,74.0,2.0,5.0,0.0,2.0,1.0,3.0,48.0,0.0,1.0,0.0,3.0,3.0
20240628-Hanwha_Eagles-Lotte_Giants,20240628HHLT0,35.0,8.0,0.22857142857142856,36.0,11.0,0.3055555555555556,바리아,4.666666666666667,108.0,4.0,8.0,0.0,3.0,8.0,3.333333333333333,60.0,0.0,3.0,0.0,2.0,3.0,윌커슨,7.0,104.0,4.0,7.0,0.0,0.0,4.0,1.0,32.0,0.0,1.0,0.0,0.0,4.0
20240628-Kiwoom_Heroes-KIA_Tigers,20240628WOHT0,47.0,18.0,0.3829787234042553,41.0,13.0,0.3170731707317073,하영민,5.0,96.0,4.0,8.0,0.0,3.0,3.0,4.0,67.0,2.0,5.0,0.0,0.0,2.0,임기영,1.3333333333333333,45.0,4.0,5.0,1.0,2.0,1.0,7.666666666666666,156.0,10.0,13.0,1.0,5.0,9.0
20240628-LG_Twins-NC_Dinos,20240628LGNC0,33.0,8.0,0.24242424242424243,33.0,6.0,0.18181818181818182,이지강,3.0,57.0,1.0,3.0,0.0,2.0,2.0,4.0,106.0,2.0,3.0,1.0,4.0,2.0,하트,6.666666666666667,103.0,1.0,4.0,0.0,2.0,10.0,2.0,33.0,1.0,4.0,0.0,1.0,1.0
20240628-SSG_Landers-Doosan_Bears,20240628SKOB0,31.0,5.0,0.16129032258064516,32.0,10.0,0.3125,김광현,5.0,77.0,6.0,6.0,1.0,3.0,4.0,3.0,74.0,2.0,4.0,0.0,3.0,3.0,곽빈,6.0,82.0,0.0,3.0,0.0,0.0,5.0,3.0,49.0,0.0,2.0,0.0,0.0,2.0
20240628-Samsung_Lions-KT_Wiz,20240628SSKT0,34.0,8.0,0.23529411764705882,32.0,7.0,0.21875,레예스,6.0,92.0,0.0,2.0,0.0,1.0,2.0,1.3333333333333333,49.0,4.0,5.0,1.0,2.0,1.0,조이현,3.3333333333333335,43.0,3.0,6.0,2.0,0.0,1.0,5.333333333333334,67.0,1.0,2.0,0.0,1.0,4.0
20240629-SSG_Landers-Doosan_Bears,20240629SKOB0,27.0,9.0,0.3333333333333333,22.0,7.0,0.3181818181818182,앤더슨,5.0,88.0,0.0,7.0,0.0,1.0,4.0,1.0,20.0,0.0,0.0,0.0,0.0,3.0,김동주,7.0,103.0,6.0,9.0,3.0,1.0,4.0,0.0,0.0,0.0,0.0,0.0,0.0,0.0
20240630-LG_Twins-NC_Dinos-G2,20240630LGNC0,35.0,11.0,0.3142857142857143,35.0,10.0,0.2857142857142857,손주영,5.0,101.0,1.0,5.0,0.0,3.0,3.0,2.6666666666666665,87.0,5.0,5.0,0.0,5.0,6.0,이재학,6.0,80.0,1.0,5.0,0.0,0.0,3.0,2.0,74.0,8.0,6.0,1.0,5.0,2.0
20240630-SSG_Landers-Doosan_Bears,20240630SKOB0,31.0,7.0,0.22580645161290322,32.0,7.0,0.21875,오원석,5.0,96.0,0.0,3.0,0.0,3.0,4.0,3.6666666666666665,94.0,1.0,4.0,0.0,4.0,8.0,최원준,5.0,71.0,1.0,2.0,0.0,0.0,3.0,3.333333333333333,61.0,2.0,5.0,0.0,1.0,3.0
20240630-Samsung_Lions-KT_Wiz,20240630SSKT1,32.0,7.0,0.21875,34.0,7.0,0.20588235294117646,원태인,5.0,109.0,2.0,5.0,1.0,5.0,7.0,2.3333333333333335,63.0,0.0,2.0,0.0,1.0,4.0,고영표,6.333333333333333,93.0,0.0,6.0,0.0,2.0,5.0,2.6666666666666665,43.0,0.0,1.0,0.0,1.0,4.0
20240630-Samsung_Lions-KT_Wiz-G2,20240630SSKT2,32.0,6.0,0.1875,28.0,5.0,0.17857142857142858,황동재,5.0,72.0,1.0,3.0,0.0,1.0,4.0,3.0,42.0,1.0,2.0,1.0,0.0,4.0,조이현,2.6666666666666665,34.0,1.0,3.0,0.0,0.0,0.0,6.333333333333333,103.0,0.0,3.0,0.0,3.0,5.0
20240702-KIA_Tigers-Samsung_Lions,20240702HTSS0,45.0,16.0,0.35555555555555557,34.0,8.0,0.23529411764705882,네일,5.0,83.0,3.0,4.0,1.0,3.0,7.0,4.666666666666666,100.0,1.0,4.0,0.0,3.0,5.0,코너,7.0,96.0,1.0,6.0,1.0,2.0,3.0,2.0,75.0,7.0,10.0,2.0,1.0,0.0
20240702-KT_Wiz-Hanwha_Eagles,20240702KTHH0,45.0,13.0,0.28888888888888886,43.0,11.0,0.2558139534883721,쿠에바스,6.0,100.0,3.0,7.0,0.0,2.0,4.0,5.0,75.0,2.0,4.0,0.0,0.0,6.0,와이스,6.0,97.0,3.0,5.0,1.0,2.0,5.0,4.0,89.0,3.0,8.0,0.0,0.0,3.0
20240702-LG_Twins-Kiwoom_Heroes,20240702LGWO0,33.0,8.0,0.24242424242424243,33.0,11.0,0.3333333333333333,켈리,6.0,96.0,1.0,7.0,0.0,1.0,4.0,2.0,39.0,3.0,4.0,0.0,2.0,2.0,후라도,7.0,100.0,2.0,7.0,1.0,0.0,5.0,2.0,26.0,0.0,1.0,0.0,1.0,0.0
20240703-KIA_Tigers-Samsung_Lions,20240703HTSS0,38.0,14.0,0.3684210526315789,33.0,7.0,0.21212121212121213,알드레드,4.666666666666667,89.0,4.0,3.0,1.0,2.0,7.0,3.666666666666667,74.0,0.0,4.0,0.0,1.0,2.0,이승현,6.0,95.0,3.0,8.0,2.0,3.0,4.0,2.333333333333333,60.0,3.0,6.0,0.0,1.0,2.0
20240703-KT_Wiz-Hanwha_Eagles,20240703KTHH0,34.0,10.0,0.29411764705882354,33.0,6.0,0.18181818181818182,벤자민,7.0,97.0,0.0,3.0,0.0,2.0,8.0,1.3333333333333333,35.0,2.0,3.0,0.0,1.0,4.0,류현진,7.0,104.0,2.0,7.0,1.0,0.0,8.0,2.0,39.0,1.0,3.0,0.0,1.0,1.0
20240703-LG_Twins-Kiwoom_Heroes,20240703LGWO0,34.0,8.0,0.23529411764705882,32.0,8.0,0.25,엔스,6.0,102.0,4.0,7.0,0.0,1.0,9.0,2.0,30.0,0.0,1.0,0.0,0.0,2.0,헤이수스,6.0,91.0,0.0,4.0,0.0,2.0,8.0,2.6666666666666665,41.0,1.0,4.0,0.0,0.0,2.0
20240703-Lotte_Giants-Doosan_Bears,20240703LTOB0,38.0,12.0,0.3157894736842105,37.0,13.0,0.35135135135135137,박세웅,4.0,90.0,6.0,8.0,1.0,2.0,4.0,4.0,81.0,7.0,5.0,2.0,5.0,3.0,알칸타라,2.0,61.0,6.0,4.0,1.0,3.0,3.0,6.333333333333333,139.0,1.0,8.0,0.0,7.0,9.0
20240703-SSG_Landers-NC_Dinos,20240703SKNC0,33.0,7.0,0.21212121212121213,31.0,9.0,0.2903225806451613,엘리아스,6.666666666666667,102.0,4.0,8.0,2.0,0.0,6.0,1.0,14.0,0.0,1.0,0.0,0.0,2.0,카스타노,6.0,106.0,1.0,5.0,0.0,3.0,7.0,2.6666666666666665,33.0,0.0,2.0,0.0,0.0,2.0
20240704-KIA_Tigers-Samsung_Lions,20240704HTSS0,41.0,14.0,0.34146341463414637,31.0,5.0,0.16129032258064516,양현종,5.0,96.0,3.0,5.0,2.0,1.0,5.0,3.6666666666666665,48.0,0.0,0.0,0.0,1.0,3.0,백정현,6.0,98.0,2.0,6.0,1.0,1.0,8.0,1.3333333333333333,64.0,6.0,8.0,1.0,2.0,4.0
20240704-KT_Wiz-Hanwha_Eagles,20240704KTHH0,33.0,9.0,0.2727272727272727,37.0,14.0,0.3783783783783784,엄상백,2.6666666666666665,68.0,3.0,5.0,0.0,1.0,2.0,4.333333333333333,95.0,8.0,9.0,0.0,3.0,2.0,바리아,3.0,69.0,5.0,6.0,0.0,1.0,4.0,6.0,103.0,0.0,3.0,0.0,2.0,6.0
20240704-LG_Twins-Kiwoom_Heroes,20240704LGWO0,32.0,8.0,0.25,31.0,4.0,0.12903225806451613,임찬규,6.0,86.0,1.0,4.0,0.0,1.0,4.0,2.6666666666666665,52.0,1.0,0.0,0.0,4.0,3.0,하영민,7.0,93.0,3.0,6.0,0.0,2.0,6.0,2.0,54.0,0.0,2.0,0.0,2.0,3.0
20240704-Lotte_Giants-Doosan_Bears,20240704LTOB0,33.0,4.0,0.12121212121212122,34.0,10.0,0.29411764705882354,윌커슨,5.0,91.0,3.0,5.0,2.0,1.0,5.0,3.0,72.0,1.0,5.0,0.0,3.0,4.0,곽빈,6.0,97.0,0.0,2.0,0.0,5.0,5.0,1.0,70.0,0.0,2.0,0.0,4.0,8.0
20240704-SSG_Landers-NC_Dinos,20240704SKNC0,40.0,7.0,0.175,37.0,3.0,0.08108108108108109,김광현,7.0,91.0,0.0,2.0,0.0,0.0,7.0,4.0,78.0,1.0,1.0,1.0,3.0,5.0,하트,7.0,92.0,0.0,3.0,0.0,1.0,7.0,3.6666666666666665,61.0,0.0,4.0,0.0,1.0,4.0
20240709-Hanwha_Eagles-Kiwoom_Heroes,20240709HHWO0,33.0,10.0,0.30303030303030304,30.0,6.0,0.2,와이스,7.0,97.0,1.0,5.0,0.0,3.0,6.0,0.0,27.0,1.0,1.0,0.0,3.0,1.0,후라도,7.0,98.0,3.0,8.0,2.0,1.0,8.0,2.0,32.0,0.0,2.0,0.0,0.0,2.0
20240709-KIA_Tigers-LG_Twins,20240709HTLG0,43.0,17.0,0.3953488372093023,36.0,9.0,0.25,네일,5.333333333333333,79.0,4.0,6.0,1.0,1.0,4.0,2.333333333333333,51.0,0.0,3.0,0.0,2.0,1.0,켈리,5.0,81.0,5.0,9.0,0.0,1.0,1.0,2.0,89.0,6.0,8.0,1.0,3.0,3.0
20240709-Lotte_Giants-SSG_Landers,20240709LTSK0,33.0,8.0,0.24242424242424243,32.0,10.0,0.3125,한현희,5.0,88.0,4.0,5.0,1.0,1.0,4.0,1.3333333333333333,73.0,1.0,5.0,0.0,4.0,5.0,엘리아스,5.0,92.0,2.0,4.0,1.0,3.0,4.0,3.333333333333333,76.0,2.0,4.0,0.0,1.0,2.0
20240710-Doosan_Bears-KT_Wiz,20240710OBKT0,41.0,11.0,0.2682926829268293,37.0,8.0,0.21621621621621623,김민규,2.3333333333333335,53.0,5.0,2.0,1.0,4.0,1.0,5.666666666666666,145.0,2.0,6.0,0.0,6.0,10.0,벤자민,5.0,88.0,3.0,6.0,1.0,2.0,8.0,4.333333333333333,93.0,3.0,5.0,0.0,1.0,4.0
20240710-Hanwha_Eagles-Kiwoom_Heroes,20240710HHWO0,35.0,11.0,0.3142857142857143,32.0,6.0,0.1875,바리아,6.666666666666667,80.0,0.0,3.0,0.0,2.0,3.0,2.0,30.0,0.0,3.0,0.0,0.0,1.0,헤이수스,6.0,94.0,2.0,5.0,0.0,1.0,5.0,1.6666666666666665,60.0,5.0,6.0,1.0,5.0,1.0
20240710-KIA_Tigers-LG_Twins,20240710HTLG0,34.0,7.0,0.20588235294117646,39.0,10.0,0.2564102564102564,양현종,5.0,87.0,1.0,6.0,1.0,0.0,3.0,4.0,87.0,1.0,4.0,0.0,2.0,4.0,엔스,7.333333333333333,97.0,0.0,2.0,0.0,1.0,6.0,1.0,60.0,4.0,5.0,0.0,2.0,1.0
20240710-Lotte_Giants-SSG_Landers,20240710LTSK0,36.0,10.0,0.2777777777777778,31.0,3.0,0.0967741935483871,반즈,6.0,77.0,0.0,2.0,0.0,1.0,9.0,3.0,48.0,0.0,1.0,0.0,1.0,3.0,김광현,6.0,98.0,3.0,8.0,0.0,1.0,6.0,3.0,47.0,1.0,2.0,1.0,2.0,2.0
20240710-NC_Dinos-Samsung_Lions,20240710NCSS0,38.0,10.0,0.2631578947368421,36.0,16.0,0.4444444444444444,카스타노,4.0,79.0,7.0,8.0,1.0,1.0,7.0,4.0,93.0,8.0,8.0,1.0,4.0,4.0,레예스,6.333333333333333,98.0,5.0,10.0,2.0,0.0,5.0,2.6666666666666665,29.0,0.0,0.0,0.0,0.0,2.0
20240711-Doosan_Bears-KT_Wiz,20240711OBKT0,40.0,13.0,0.325,38.0,11.0,0.2894736842105263,김유성,2.0,50.0,1.0,3.0,0.0,3.0,2.0,5.666666666666666,119.0,0.0,8.0,0.0,0.0,10.0,쿠에바스,5.0,86.0,5.0,8.0,2.0,3.0,3.0,3.6666666666666665,126.0,4.0,5.0,0.0,10.0,4.0
20240711-Hanwha_Eagles-Kiwoom_Heroes,20240711HHWO0,40.0,8.0,0.2,41.0,11.0,0.2682926829268293,류현진,6.0,93.0,3.0,6.0,0.0,1.0,3.0,3.0,80.0,2.0,5.0,0.0,5.0,5.0,하영민,6.0,97.0,4.0,6.0,0.0,2.0,5.0,5.0,55.0,0.0,2.0,0.0,0.0,5.0
20240711-KIA_Tigers-LG_Twins,20240711HTLG0,33.0,8.0,0.24242424242424243,30.0,4.0,0.13333333333333333,알드레드,6.666666666666667,95.0,0.0,1.0,0.0,2.0,9.0,2.333333333333333,47.0,0.0,3.0,0.0,2.0,2.0,임찬규,6.0,92.0,3.0,6.0,0.0,0.0,6.0,3.0,52.0,1.0,2.0,0.0,2.0,0.0
20240711-Lotte_Giants-SSG_Landers,20240711LTSK0,33.0,6.0,0.18181818181818182,37.0,14.0,0.3783783783783784,윌커슨,5.0,98.0,4.0,10.0,2.0,0.0,6.0,1.3333333333333333,58.0,1.0,4.0,0.0,2.0,0.0,앤더슨,6.666666666666667,101.0,0.0,2.0,0.0,2.0,10.0,1.3333333333333333,42.0,2.0,4.0,1.0,1.0,2.0
20240711-NC_Dinos-Samsung_Lions,20240711NCSS0,33.0,6.0,0.18181818181818182,34.0,11.0,0.3235294117647059,신민혁,3.0,66.0,6.0,7.0,4.0,1.0,3.0,5.0,83.0,0.0,4.0,0.0,3.0,5.0,코너,5.333333333333333,90.0,4.0,3.0,3.0,2.0,9.0,2.0,60.0,0.0,3.0,0.0,1.0,2.0
20240712-KT_Wiz-Lotte_Giants,20240712KTLT0,34.0,6.0,0.17647058823529413,37.0,13.0,0.35135135135135137,고영표,5.666666666666667,96.0,4.0,12.0,0.0,3.0,6.0,3.0,54.0,0.0,1.0,0.0,2.0,4.0,박세웅,6.333333333333333,101.0,3.0,4.0,0.0,3.0,3.0,1.3333333333333333,47.0,0.0,2.0,0.0,1.0,2.0
20240712-Kiwoom_Heroes-NC_Dinos,20240712WONC0,31.0,5.0,0.16129032258064516,36.0,14.0,0.3888888888888889,김인범,3.0,72.0,7.0,10.0,3.0,2.0,2.0,5.0,84.0,1.0,4.0,1.0,2.0,5.0,하트,7.0,96.0,0.0,2.0,0.0,2.0,8.0,1.0,31.0,2.0,3.0,1.0,1.0,1.0
20240712-LG_Twins-Hanwha_Eagles,20240712LGHH0,29.0,8.0,0.27586206896551724,35.0,11.0,0.3142857142857143,최원태,5.0,82.0,3.0,5.0,0.0,3.0,0.0,2.0,64.0,3.0,6.0,0.0,0.0,1.0,문동주,7.0,101.0,0.0,8.0,0.0,3.0,5.0,2.0,35.0,0.0,0.0,0.0,0.0,3.0
20240712-SSG_Landers-KIA_Tigers,20240712SKHT0,40.0,13.0,0.325,35.0,8.0,0.22857142857142856,오원석,2.3333333333333335,33.0,0.0,0.0,0.0,2.0,2.0,6.666666666666666,108.0,6.0,8.0,3.0,3.0,3.0,황동하,2.3333333333333335,73.0,5.0,5.0,0.0,3.0,3.0,6.666666666666666,116.0,6.0,8.0,0.0,4.0,2.0
20240712-Samsung_Lions-Doosan_Bears,20240712SSOB0,33.0,8.0,0.24242424242424243,33.0,7.0,0.21212121212121213,백정현,5.0,88.0,2.0,5.0,1.0,3.0,4.0,4.0,60.0,1.0,2.0,0.0,2.0,6.0,곽빈,3.3333333333333335,77.0,5.0,5.0,1.0,4.0,2.0,5.333333333333333,102.0,3.0,3.0,1.0,3.0,7.0
20240713-KT_Wiz-Lotte_Giants,20240713KTLT0,34.0,9.0,0.2647058823529412,29.0,5.0,0.1724137931034483,엄상백,7.333333333333333,87.0,3.0,3.0,0.0,2.0,6.0,1.0,41.0,0.0,2.0,0.0,2.0,2.0,김진욱,5.333333333333333,90.0,1.0,5.0,1.0,1.0,6.0,1.0,59.0,2.0,4.0,1.0,3.0,2.0
20240713-Kiwoom_Heroes-NC_Dinos,20240713WONC0,38.0,13.0,0.34210526315789475,40.0,18.0,0.45,김윤하,4.666666666666667,71.0,6.0,8.0,0.0,2.0,2.0,3.333333333333333,66.0,5.0,10.0,1.0,2.0,2.0,이재학,5.0,82.0,1.0,6.0,0.0,2.0,4.0,3.6666666666666665,86.0,4.0,7.0,1.0,2.0,2.0
20240713-LG_Twins-Hanwha_Eagles,20240713LGHH0,35.0,9.0,0.2571428571428571,37.0,10.0,0.2702702702702703,손주영,6.0,99.0,0.0,5.0,0.0,1.0,3.0,1.0,57.0,3.0,5.0,1.0,4.0,2.0,김기중,1.6666666666666665,36.0,3.0,5.0,1.0,0.0,2.0,7.333333333333334,105.0,4.0,4.0,1.0,3.0,5.0
20240713-SSG_Landers-KIA_Tigers,20240713SKHT0,45.0,18.0,0.4,37.0,10.0,0.2702702702702703,송영진,4.666666666666667,85.0,0.0,5.0,0.0,1.0,3.0,3.0,90.0,5.0,5.0,1.0,5.0,2.0,윤영철,2.0,27.0,0.0,1.0,0.0,0.0,1.0,6.666666666666666,152.0,12.0,17.0,2.0,3.0,5.0
20240713-Samsung_Lions-Doosan_Bears,20240713SSOB0,32.0,6.0,0.1875,34.0,12.0,0.35294117647058826,원태인,0.0,23.0,4.0,3.0,1.0,2.0,0.0,6.666666666666667,130.0,4.0,9.0,0.0,4.0,6.0,시라카와,3.6666666666666665,83.0,2.0,3.0,0.0,6.0,3.0,4.666666666666666,103.0,0.0,3.0,0.0,3.0,6.0
20240714-LG_Twins-Hanwha_Eagles,20240714LGHH0,36.0,12.0,0.3333333333333333,35.0,12.0,0.34285714285714286,켈리,6.0,100.0,1.0,8.0,0.0,2.0,6.0,2.0,51.0,2.0,4.0,1.0,1.0,4.0,와이스,6.333333333333333,97.0,5.0,9.0,0.0,2.0,7.0,1.0,64.0,3.0,3.0,0.0,3.0,0.0
20240714-SSG_Landers-KIA_Tigers,20240714SKHT0,35.0,11.0,0.3142857142857143,37.0,12.0,0.32432432432432434,엘리아스,6.0,87.0,3.0,5.0,0.0,2.0,4.0,0.0,82.0,8.0,7.0,0.0,7.0,0.0,네일,5.666666666666667,105.0,3.0,7.0,0.0,4.0,3.0,2.333333333333333,58.0,1.0,4.0,0.0,2.0,5.0
20240714-Samsung_Lions-Doosan_Bears,20240714SSOB0,31.0,5.0,0.16129032258064516,32.0,9.0,0.28125,이승현,5.666666666666667,83.0,2.0,8.0,0.0,1.0,2.0,3.333333333333333,46.0,0.0,1.0,0.0,0.0,4.0,발라조빅,4.666666666666667,93.0,1.0,1.0,0.0,4.0,6.0,3.6666666666666665,102.0,5.0,4.0,1.0,6.0,7.0
20240716-Doosan_Bears-Lotte_Giants,20240716OBLT0,29.0,2.0,0.06896551724137931,29.0,9.0,0.3103448275862069,최원준,5.0,85.0,0.0,3.0,0.0,3.0,1.0,1.0,56.0,4.0,6.0,1.0,2.0,1.0,반즈,7.0,87.0,0.0,1.0,0.0,1.0,9.0,2.0,34.0,0.0,1.0,0.0,1.0,2.0
20240716-KT_Wiz-Kiwoom_Heroes,20240716KTWO0,31.0,8.0,0.25806451612903225,34.0,8.0,0.23529411764705882,벤자민,6.333333333333333,104.0,1.0,5.0,1.0,2.0,5.0,2.6666666666666665,40.0,2.0,3.0,0.0,0.0,5.0,후라도,6.0,102.0,3.0,6.0,0.0,3.0,6.0,3.0,41.0,1.0,2.0,1.0,3.0,2.0
20240717-Doosan_Bears-Lotte_Giants,20240717OBLT0,42.0,11.0,0.2619047619047619,35.0,6.0,0.17142857142857143,최준호,6.0,91.0,0.0,1.0,0.0,2.0,5.0,1.3333333333333333,76.0,6.0,5.0,1.0,3.0,4.0,윌커슨,6.0,95.0,2.0,8.0,0.0,0.0,5.0,3.0,100.0,0.0,3.0,0.0,7.0,7.0
20240717-Hanwha_Eagles-NC_Dinos,20240717HHNC0,33.0,9.0,0.2727272727272727,32.0,8.0,0.25,바리아,4.0,85.0,2.0,8.0,0.0,0.0,2.0,4.0,41.0,0.0,0.0,0.0,0.0,6.0,카스타노,8.0,99.0,1.0,8.0,1.0,1.0,2.0,1.0,13.0,0.0,1.0,0.0,0.0,0.0
20240717-KT_Wiz-Kiwoom_Heroes,20240717KTWO0,38.0,11.0,0.2894736842105263,34.0,8.0,0.23529411764705882,쿠에바스,6.0,107.0,0.0,3.0,0.0,4.0,5.0,2.6666666666666665,38.0,1.0,5.0,1.0,0.0,2.0,헤이수스,4.333333333333333,100.0,4.0,7.0,1.0,1.0,6.0,4.666666666666666,86.0,4.0,4.0,1.0,2.0,7.0
20240717-SSG_Landers-LG_Twins,20240717SKLG0,36.0,13.0,0.3611111111111111,34.0,13.0,0.38235294117647056,김광현,3.0,73.0,8.0,9.0,2.0,1.0,2.0,5.0,91.0,4.0,4.0,1.0,5.0,1.0,엔스,6.0,86.0,1.0,4.0,0.0,3.0,5.0,3.0,71.0,7.0,9.0,1.0,4.0,0.0
20240717-Samsung_Lions-KIA_Tigers,20240717SSHT0,34.0,9.0,0.2647058823529412,29.0,11.0,0.3793103448275862,레예스,3.0,72.0,4.0,5.0,1.0,3.0,0.0,4.333333333333333,95.0,6.0,6.0,1.0,4.0,5.0,양현종,4.666666666666667,87.0,5.0,7.0,0.0,3.0,4.0,3.333333333333333,73.0,0.0,2.0,0.0,3.0,3.0
20240718-Doosan_Bears-Lotte_Giants,20240718OBLT0,30.0,4.0,0.13333333333333333,30.0,3.0,0.1,곽빈,7.0,112.0,2.0,2.0,1.0,2.0,4.0,2.0,35.0,0.0,1.0,0.0,0.0,3.0,박세웅,8.0,103.0,3.0,4.0,1.0,0.0,9.0,1.0,10.0,0.0,0.0,0.0,0.0,1.0
20240718-Hanwha_Eagles-NC_Dinos,20240718HHNC0,38.0,12.0,0.3157894736842105,27.0,6.0,0.2222222222222222,류현진,5.0,83.0,3.0,5.0,0.0,1.0,5.0,3.0,40.0,0.0,1.0,0.0,1.0,2.0,신민혁,5.0,93.0,2.0,9.0,1.0,0.0,1.0,4.0,75.0,1.0,3.0,0.0,3.0,2.0
20240718-KT_Wiz-Kiwoom_Heroes,20240718KTWO0,39.0,12.0,0.3076923076923077,44.0,17.0,0.38636363636363635,고영표,5.0,93.0,5.0,11.0,0.0,2.0,2.0,4.0,89.0,2.0,6.0,1.0,2.0,4.0,하영민,6.0,91.0,0.0,3.0,0.0,2.0,4.0,2.0,125.0,12.0,9.0,2.0,9.0,3.0
20240718-Samsung_Lions-KIA_Tigers,20240718SSHT0,34.0,9.0,0.2647058823529412,38.0,16.0,0.42105263157894735,코너,2.0,51.0,3.0,5.0,1.0,1.0,3.0,5.0,114.0,7.0,11.0,0.0,4.0,3.0,알드레드,3.0,56.0,3.0,3.0,1.0,4.0,4.0,5.333333333333333,87.0,1.0,6.0,1.0,0.0,5.0
20240719-Doosan_Bears-LG_Twins,20240719OBLG0,33.0,9.0,0.2727272727272727,39.0,16.0,0.41025641025641024,시라카와,3.0,75.0,5.0,4.0,1.0,4.0,1.0,4.0,123.0,11.0,12.0,1.0,6.0,2.0,임찬규,6.0,93.0,5.0,7.0,2.0,1.0,5.0,3.0,38.0,2.0,2.0,1.0,1.0,1.0
20240719-KIA_Tigers-Hanwha_Eagles,20240719HTHH0,39.0,13.0,0.3333333333333333,29.0,3.0,0.10344827586206896,김도현,5.0,68.0,0.0,2.0,0.0,0.0,4.0,3.333333333333333,62.0,2.0,1.0,1.0,4.0,1.0,문동주,5.0,91.0,4.0,8.0,1.0,0.0,5.0,3.333333333333333,83.0,3.0,5.0,1.0,2.0,4.0
20240719-Kiwoom_Heroes-SSG_Landers,20240719WOSK0,28.0,3.0,0.10714285714285714,37.0,13.0,0.35135135135135137,김선기,3.0,72.0,5.0,5.0,1.0,3.0,1.0,5.0,91.0,4.0,8.0,3.0,2.0,2.0,앤더슨,6.0,90.0,3.0,2.0,1.0,2.0,11.0,3.0,31.0,0.0,1.0,0.0,1.0,2.0
20240719-Lotte_Giants-Samsung_Lions,20240719LTSS0,40.0,15.0,0.375,32.0,9.0,0.28125,김진욱,6.0,99.0,2.0,3.0,1.0,3.0,7.0,3.0,56.0,4.0,6.0,2.0,1.0,1.0,백정현,5.0,84.0,3.0,6.0,0.0,0.0,4.0,2.0,91.0,6.0,9.0,2.0,3.0,4.0
20240719-NC_Dinos-KT_Wiz,20240719NCKT0,29.0,2.0,0.06896551724137931,35.0,11.0,0.3142857142857143,하트,6.0,106.0,0.0,4.0,0.0,2.0,9.0,2.0,44.0,5.0,7.0,0.0,0.0,0.0,엄상백,6.0,94.0,0.0,1.0,0.0,3.0,8.0,3.0,40.0,0.0,1.0,0.0,0.0,1.0
20240720-KIA_Tigers-Hanwha_Eagles,20240720HTHH0,43.0,16.0,0.37209302325581395,37.0,10.0,0.2702702702702703,네일,6.0,96.0,1.0,6.0,1.0,2.0,5.0,2.6666666666666665,52.0,0.0,4.0,0.0,1.0,4.0,김기중,2.0,45.0,3.0,5.0,2.0,3.0,1.0,6.333333333333333,124.0,4.0,11.0,1.0,2.0,8.0
20240720-Lotte_Giants-Samsung_Lions,20240720LTSS0,36.0,11.0,0.3055555555555556,43.0,22.0,0.5116279069767442,이인복,3.0,54.0,7.0,4.0,2.0,3.0,1.0,5.0,111.0,8.0,18.0,2.0,2.0,1.0,원태인,6.0,105.0,4.0,7.0,1.0,2.0,2.0,3.0,29.0,0.0,4.0,0.0,1.0,0.0
20240721-Doosan_Bears-LG_Twins,20240721OBLG0,33.0,7.0,0.21212121212121213,31.0,9.0,0.2903225806451613,최원준,5.0,70.0,3.0,6.0,1.0,1.0,2.0,1.0,68.0,3.0,3.0,0.0,4.0,2.0,손주영,7.0,87.0,2.0,6.0,0.0,1.0,5.0,1.3333333333333333,31.0,0.0,1.0,0.0,0.0,4.0
20240721-KIA_Tigers-Hanwha_Eagles,20240721HTHH0,36.0,11.0,0.3055555555555556,31.0,7.0,0.22580645161290322,황동하,3.6666666666666665,68.0,3.0,4.0,0.0,3.0,4.0,3.0,104.0,4.0,3.0,1.0,7.0,7.0,와이스,6.0,106.0,3.0,7.0,1.0,4.0,7.0,2.0,61.0,3.0,4.0,1.0,1.0,3.0
20240721-Kiwoom_Heroes-SSG_Landers,20240721WOSK0,28.0,5.0,0.17857142857142858,33.0,7.0,0.21212121212121213,후라도,6.0,100.0,2.0,5.0,0.0,0.0,6.0,3.0,40.0,0.0,2.0,0.0,0.0,2.0,송영진,5.0,54.0,3.0,2.0,0.0,2.0,2.0,3.3333333333333335,56.0,4.0,3.0,2.0,2.0,5.0
20240721-Lotte_Giants-Samsung_Lions,20240721LTSS0,34.0,7.0,0.20588235294117646,36.0,13.0,0.3611111111111111,반즈,6.666666666666667,107.0,3.0,9.0,1.0,1.0,9.0,0.0,38.0,3.0,4.0,1.0,2.0,1.0,이승현,3.6666666666666665,85.0,4.0,5.0,1.0,5.0,4.0,5.333333333333333,91.0,0.0,2.0,0.0,5.0,2.0
20240721-NC_Dinos-KT_Wiz,20240721NCKT0,37.0,12.0,0.32432432432432434,33.0,8.0,0.24242424242424243,김시훈,6.0,83.0,2.0,6.0,0.0,4.0,4.0,3.0,40.0,0.0,2.0,0.0,1.0,5.0,벤자민,4.333333333333333,86.0,4.0,6.0,2.0,1.0,5.0,3.6666666666666665,77.0,3.0,6.0,1.0,1.0,2.0
20240723-Kiwoom_Heroes-Doosan_Bears,20240723WOOB0,29.0,5.0,0.1724137931034483,33.0,12.0,0.36363636363636365,헤이수스,5.666666666666667,100.0,5.0,9.0,1.0,3.0,3.0,2.333333333333333,41.0,1.0,3.0,0.0,0.0,0.0,최준호,5.0,89.0,3.0,3.0,0.0,2.0,6.0,4.0,64.0,0.0,2.0,0.0,1.0,5.0
20240723-LG_Twins-Lotte_Giants,20240723LGLT0,32.0,5.0,0.15625,31.0,7.0,0.22580645161290322,엔스,6.0,92.0,0.0,4.0,0.0,2.0,7.0,2.333333333333333,67.0,1.0,3.0,0.0,4.0,2.0,윌커슨,7.0,103.0,1.0,3.0,0.0,1.0,10.0,1.0,38.0,1.0,2.0,0.0,1.0,3.0
20240723-NC_Dinos-KIA_Tigers,20240723NCHT0,30.0,4.0,0.13333333333333333,37.0,14.0,0.3783783783783784,카스타노,4.333333333333333,92.0,6.0,7.0,0.0,3.0,3.0,3.0,73.0,2.0,7.0,1.0,0.0,1.0,양현종,9.0,95.0,1.0,4.0,1.0,0.0,6.0,0.0,0.0,0.0,0.0,0.0,0.0,0.0
20240723-Samsung_Lions-Hanwha_Eagles,20240723SSHH0,35.0,9.0,0.2571428571428571,33.0,11.0,0.3333333333333333,레예스,6.666666666666667,105.0,4.0,9.0,1.0,3.0,5.0,0.0,30.0,0.0,2.0,0.0,1.0,1.0,바리아,4.0,89.0,3.0,7.0,1.0,1.0,7.0,5.0,73.0,0.0,2.0,0.0,2.0,4.0
20240724-Kiwoom_Heroes-Doosan_Bears,20240724WOOB0,33.0,7.0,0.21212121212121213,32.0,11.0,0.34375,하영민,5.666666666666667,104.0,3.0,6.0,1.0,5.0,4.0,2.0,62.0,4.0,5.0,0.0,3.0,1.0,곽빈,6.0,109.0,2.0,3.0,0.0,5.0,8.0,1.0,62.0,2.0,4.0,1.0,1.0,4.0
20240724-NC_Dinos-KIA_Tigers,20240724NCHT0,17.0,2.0,0.11764705882352941,22.0,6.0,0.2727272727272727,신민혁,1.6666666666666665,42.0,0.0,0.0,0.0,3.0,0.0,3.3333333333333335,74.0,2.0,6.0,1.0,2.0,2.0,알드레드,5.0,67.0,0.0,2.0,0.0,1.0,7.0,0.0,0.0,0.0,0.0,0.0,0.0,0.0
20240724-SSG_Landers-KT_Wiz,20240724SKKT0,34.0,6.0,0.17647058823529413,28.0,8.0,0.2857142857142857,김광현,6.0,89.0,1.0,5.0,0.0,2.0,4.0,1.0,42.0,4.0,3.0,0.0,2.0,1.0,쿠에바스,5.0,94.0,0.0,5.0,0.0,2.0,3.0,2.6666666666666665,56.0,1.0,1.0,0.0,0.0,3.0
20240724-Samsung_Lions-Hanwha_Eagles,20240724SSHH0,32.0,8.0,0.25,35.0,8.0,0.22857142857142856,코너,7.0,99.0,0.0,3.0,0.0,1.0,6.0,0.0,36.0,2.0,5.0,0.0,1.0,1.0,류현진,7.0,96.0,2.0,7.0,0.0,1.0,5.0,2.0,27.0,0.0,1.0,0.0,0.0,3.0
20240725-Kiwoom_Heroes-Doosan_Bears,20240725WOOB0,33.0,10.0,0.30303030303030304,29.0,3.0,0.10344827586206896,김윤하,7.0,96.0,0.0,2.0,0.0,3.0,4.0,2.0,29.0,1.0,1.0,0.0,1.0,1.0,시라카와,4.666666666666667,82.0,2.0,3.0,0.0,5.0,2.0,3.3333333333333335,67.0,3.0,7.0,0.0,1.0,0.0
20240725-LG_Twins-Lotte_Giants,20240725LGLT0,44.0,14.0,0.3181818181818182,44.0,12.0,0.2727272727272727,최원태,0.0,13.0,4.0,3.0,0.0,1.0,0.0,10.666666666666666,181.0,0.0,9.0,0.0,2.0,9.0,김진욱,5.0,96.0,3.0,6.0,1.0,1.0,6.0,3.333333333333333,134.0,3.0,8.0,0.0,7.0,7.0
20240725-NC_Dinos-KIA_Tigers,20240725NCHT0,35.0,8.0,0.22857142857142856,37.0,10.0,0.2702702702702703,하트,6.0,101.0,2.0,4.0,1.0,4.0,6.0,2.333333333333333,50.0,2.0,6.0,0.0,1.0,2.0,김도현,1.3333333333333333,73.0,4.0,3.0,0.0,6.0,3.0,6.666666666666666,126.0,1.0,5.0,0.0,3.0,5.0
20240725-SSG_Landers-KT_Wiz,20240725SKKT0,35.0,8.0,0.22857142857142856,32.0,11.0,0.34375,오원석,4.0,76.0,4.0,9.0,2.0,2.0,2.0,4.0,60.0,0.0,2.0,0.0,1.0,4.0,고영표,7.0,94.0,1.0,6.0,0.0,2.0,4.0,2.0,36.0,1.0,2.0,0.0,0.0,2.0
20240726-Doosan_Bears-SSG_Landers,20240726OBSK0,31.0,5.0,0.16129032258064516,32.0,8.0,0.25,발라조빅,6.0,96.0,4.0,4.0,1.0,1.0,11.0,1.3333333333333333,33.0,2.0,4.0,1.0,0.0,2.0,앤더슨,6.333333333333333,102.0,1.0,5.0,1.0,1.0,11.0,2.6666666666666665,29.0,0.0,0.0,0.0,0.0,1.0
20240726-KIA_Tigers-Kiwoom_Heroes,20240726HTWO0,35.0,10.0,0.2857142857142857,35.0,11.0,0.3142857142857143,네일,5.0,99.0,2.0,8.0,0.0,2.0,6.0,2.0,49.0,0.0,3.0,0.0,2.0,3.0,김인범,3.0,50.0,3.0,5.0,1.0,1.0,2.0,6.0,69.0,1.0,5.0,1.0,2.0,4.0
20240726-KT_Wiz-Samsung_Lions,20240726KTSS0,34.0,10.0,0.29411764705882354,31.0,3.0,0.0967741935483871,엄상백,7.0,90.0,1.0,2.0,1.0,0.0,9.0,2.0,26.0,0.0,1.0,0.0,1.0,2.0,백정현,6.0,98.0,2.0,7.0,1.0,2.0,3.0,2.333333333333333,50.0,1.0,3.0,0.0,1.0,3.0
20240726-Lotte_Giants-NC_Dinos,20240726LTNC0,29.0,4.0,0.13793103448275862,28.0,9.0,0.32142857142857145,박세웅,4.333333333333333,108.0,2.0,3.0,0.0,6.0,3.0,2.6666666666666665,69.0,7.0,6.0,2.0,5.0,4.0,이재학,6.333333333333333,94.0,2.0,4.0,1.0,3.0,7.0,2.0,33.0,0.0,0.0,0.0,2.0,4.0
20240727-Doosan_Bears-SSG_Landers,20240727OBSK0,31.0,8.0,0.25806451612903225,28.0,5.0,0.17857142857142858,최원준,6.0,77.0,1.0,2.0,1.0,0.0,5.0,1.3333333333333333,41.0,3.0,3.0,0.0,2.0,3.0,엘리아스,4.0,97.0,1.0,5.0,0.0,5.0,2.0,4.666666666666666,90.0,2.0,3.0,1.0,5.0,3.0
20240727-KIA_Tigers-Kiwoom_Heroes,20240727HTWO0,33.0,7.0,0.21212121212121213,32.0,9.0,0.28125,황동하,5.0,69.0,1.0,4.0,1.0,2.0,4.0,2.0,80.0,5.0,5.0,0.0,4.0,3.0,후라도,7.0,107.0,2.0,3.0,1.0,1.0,10.0,2.0,43.0,3.0,4.0,0.0,0.0,1.0
20240727-KT_Wiz-Samsung_Lions,20240727KTSS0,31.0,6.0,0.1935483870967742,28.0,6.0,0.21428571428571427,벤자민,5.0,101.0,0.0,4.0,0.0,4.0,4.0,2.333333333333333,30.0,0.0,2.0,0.0,0.0,3.0,원태인,6.666666666666667,106.0,1.0,4.0,1.0,2.0,6.0,0.0,37.0,1.0,2.0,1.0,0.0,2.0
20240727-Lotte_Giants-NC_Dinos,20240727LTNC0,40.0,14.0,0.35,33.0,7.0,0.21212121212121213,반즈,7.0,102.0,2.0,5.0,1.0,1.0,8.0,2.0,31.0,0.0,2.0,0.0,0.0,3.0,김시훈,6.0,93.0,4.0,8.0,0.0,1.0,5.0,3.0,66.0,5.0,6.0,1.0,4.0,1.0
20240728-Doosan_Bears-SSG_Landers,20240728OBSK0,34.0,8.0,0.23529411764705882,29.0,9.0,0.3103448275862069,최준호,5.0,93.0,1.0,3.0,0.0,2.0,5.0,2.333333333333333,45.0,2.0,6.0,1.0,2.0,2.0,송영진,5.666666666666667,90.0,0.0,5.0,0.0,2.0,4.0,3.333333333333333,52.0,0.0,3.0,0.0,1.0,4.0
20240728-Hanwha_Eagles-LG_Twins,20240728HHLG0,37.0,11.0,0.2972972972972973,32.0,9.0,0.28125,와이스,1.0,30.0,3.0,2.0,1.0,2.0,0.0,8.0,155.0,3.0,7.0,1.0,9.0,4.0,최원태,3.0,57.0,6.0,7.0,2.0,2.0,1.0,4.333333333333333,105.0,3.0,4.0,0.0,4.0,4.0
20240728-KIA_Tigers-Kiwoom_Heroes,20240728HTWO0,34.0,9.0,0.2647058823529412,34.0,5.0,0.14705882352941177,양현종,6.0,99.0,0.0,4.0,0.0,1.0,3.0,2.333333333333333,47.0,0.0,1.0,0.0,1.0,4.0,헤이수스,7.0,96.0,0.0,5.0,0.0,1.0,5.0,0.0,38.0,4.0,4.0,3.0,1.0,2.0
20240728-KT_Wiz-Samsung_Lions,20240728KTSS0,39.0,12.0,0.3076923076923077,36.0,9.0,0.25,조이현,4.666666666666667,76.0,2.0,6.0,2.0,0.0,3.0,4.333333333333333,70.0,0.0,3.0,0.0,1.0,3.0,레예스,7.0,107.0,0.0,6.0,0.0,0.0,8.0,1.0,40.0,4.0,6.0,1.0,0.0,2.0
20240728-Lotte_Giants-NC_Dinos,20240728LTNC0,44.0,14.0,0.3181818181818182,43.0,12.0,0.27906976744186046,윌커슨,6.0,110.0,4.0,8.0,1.0,1.0,6.0,3.6666666666666665,97.0,2.0,4.0,0.0,5.0,7.0,최성영,2.6666666666666665,52.0,1.0,4.0,0.0,2.0,2.0,6.333333333333333,141.0,3.0,10.0,1.0,2.0,7.0
20240730-Doosan_Bears-KIA_Tigers,20240730OBHT0,44.0,18.0,0.4090909090909091,35.0,10.0,0.2857142857142857,곽빈,6.0,91.0,2.0,3.0,1.0,4.0,6.0,2.6666666666666665,69.0,4.0,7.0,0.0,2.0,0.0,알드레드,4.333333333333333,91.0,7.0,8.0,1.0,1.0,4.0,4.333333333333334,101.0,5.0,10.0,1.0,2.0,3.0
20240730-Hanwha_Eagles-KT_Wiz,20240730HHKT0,33.0,11.0,0.3333333333333333,34.0,9.0,0.2647058823529412,바리아,5.666666666666667,85.0,4.0,8.0,1.0,0.0,3.0,3.333333333333333,56.0,0.0,1.0,0.0,1.0,6.0,쿠에바스,6.0,94.0,6.0,8.0,0.0,2.0,1.0,3.0,51.0,0.0,3.0,0.0,0.0,1.0
20240730-Lotte_Giants-SSG_Landers,20240730LTSK0,34.0,8.0,0.23529411764705882,38.0,13.0,0.34210526315789475,윤성빈,1.0,35.0,5.0,4.0,1.0,2.0,1.0,7.0,142.0,5.0,9.0,2.0,7.0,5.0,김광현,5.0,103.0,4.0,8.0,0.0,3.0,5.0,4.0,51.0,0.0,0.0,0.0,1.0,1.0
20240730-NC_Dinos-Kiwoom_Heroes,20240730NCWO0,32.0,7.0,0.21875,31.0,7.0,0.22580645161290322,이용준,3.3333333333333335,70.0,3.0,5.0,1.0,2.0,4.0,3.333333333333333,90.0,1.0,2.0,0.0,4.0,3.0,하영민,6.0,100.0,1.0,5.0,0.0,3.0,4.0,3.0,52.0,1.0,2.0,1.0,1.0,3.0
20240730-Samsung_Lions-LG_Twins,20240730SSLG0,34.0,10.0,0.29411764705882354,32.0,6.0,0.1875,코너,8.0,103.0,1.0,6.0,0.0,0.0,4.0,1.0,12.0,0.0,0.0,0.0,0.0,1.0,엔스,6.0,98.0,4.0,5.0,2.0,3.0,3.0,1.0,62.0,3.0,5.0,1.0,2.0,4.0
20240731-Doosan_Bears-KIA_Tigers,20240731OBHT0,56.0,28.0,0.5,37.0,11.0,0.2972972972972973,시라카와,5.0,98.0,3.0,6.0,0.0,4.0,3.0,4.0,57.0,3.0,5.0,1.0,1.0,3.0,김도현,2.3333333333333335,63.0,6.0,8.0,1.0,1.0,2.0,5.333333333333333,209.0,23.0,20.0,3.0,13.0,7.0
20240731-Hanwha_Eagles-KT_Wiz,20240731HHKT0,49.0,22.0,0.4489795918367347,42.0,14.0,0.3333333333333333,류현진,5.0,111.0,5.0,12.0,1.0,1.0,3.0,3.333333333333333,59.0,1.0,2.0,0.0,1.0,4.0,고영표,5.0,95.0,4.0,11.0,2.0,1.0,4.0,4.0,102.0,9.0,11.0,1.0,3.0,5.0
20240731-Lotte_Giants-SSG_Landers,20240731LTSK0,54.0,20.0,0.37037037037037035,46.0,13.0,0.2826086956521739,김진욱,4.0,91.0,4.0,5.0,0.0,2.0,4.0,4.666666666666666,127.0,7.0,8.0,2.0,3.0,7.0,오원석,3.3333333333333335,86.0,5.0,9.0,2.0,2.0,4.0,7.666666666666666,141.0,6.0,11.0,1.0,3.0,9.0
20240731-NC_Dinos-Kiwoom_Heroes,20240731NCWO0,36.0,11.0,0.3055555555555556,30.0,4.0,0.13333333333333333,하트,7.0,81.0,0.0,3.0,0.0,0.0,9.0,2.0,24.0,0.0,1.0,0.0,1.0,0.0,정찬헌,4.0,56.0,1.0,3.0,0.0,3.0,3.0,4.0,109.0,7.0,8.0,2.0,6.0,3.0
20240731-Samsung_Lions-LG_Twins,20240731SSLG0,37.0,9.0,0.24324324324324326,39.0,17.0,0.4358974358974359,이승현,4.333333333333333,96.0,6.0,7.0,1.0,4.0,2.0,3.6666666666666665,81.0,5.0,10.0,0.0,3.0,1.0,손주영,6.0,92.0,1.0,4.0,0.0,0.0,7.0,2.0,66.0,4.0,5.0,2.0,2.0,4.0
20240801-Doosan_Bears-KIA_Tigers,20240801OBHT0,35.0,8.0,0.22857142857142856,30.0,5.0,0.16666666666666666,발라조빅,6.666666666666667,102.0,0.0,4.0,0.0,3.0,5.0,1.6666666666666665,44.0,0.0,1.0,0.0,3.0,3.0,네일,6.0,99.0,0.0,5.0,0.0,3.0,5.0,2.0,62.0,0.0,3.0,0.0,3.0,1.0
20240801-Hanwha_Eagles-KT_Wiz,20240801HHKT0,45.0,17.0,0.37777777777777777,42.0,17.0,0.40476190476190477,문동주,5.0,79.0,2.0,8.0,0.0,1.0,4.0,2.333333333333333,124.0,3.0,9.0,1.0,5.0,7.0,엄상백,5.0,102.0,10.0,11.0,2.0,2.0,3.0,4.0,84.0,2.0,6.0,0.0,2.0,8.0
20240801-Lotte_Giants-SSG_Landers,20240801LTSK0,31.0,5.0,0.16129032258064516,35.0,7.0,0.2,박세웅,6.333333333333333,101.0,2.0,6.0,1.0,1.0,2.0,1.3333333333333333,44.0,0.0,1.0,0.0,2.0,3.0,앤더슨,6.333333333333333,98.0,1.0,3.0,0.0,3.0,10.0,1.0,41.0,0.0,2.0,0.0,2.0,2.0
20240801-NC_Dinos-Kiwoom_Heroes,20240801NCWO0,38.0,13.0,0.34210526315789475,37.0,14.0,0.3783783783783784,이재학,2.0,52.0,3.0,4.0,1.0,2.0,3.0,4.0,172.0,11.0,10.0,1.0,7.0,7.0,김윤하,4.0,93.0,8.0,10.0,1.0,3.0,1.0,5.0,76.0,0.0,3.0,0.0,2.0,6.0
20240801-Samsung_Lions-LG_Twins,20240801SSLG0,40.0,15.0,0.375,32.0,10.0,0.3125,백정현,6.666666666666667,89.0,0.0,7.0,0.0,2.0,2.0,2.333333333333333,38.0,0.0,3.0,0.0,0.0,0.0,임찬규,5.333333333333333,107.0,2.0,9.0,0.0,5.0,7.0,2.333333333333333,79.0,3.0,6.0,0.0,3.0,1.0
20240802-KIA_Tigers-Hanwha_Eagles,20240802HTHH0,34.0,8.0,0.23529411764705882,37.0,14.0,0.3783783783783784,황동하,5.0,78.0,3.0,4.0,1.0,2.0,2.0,2.0,84.0,7.0,10.0,0.0,3.0,5.0,김기중,5.333333333333333,82.0,2.0,5.0,0.0,3.0,3.0,3.6666666666666665,50.0,1.0,3.0,1.0,0.0,4.0
20240802-KT_Wiz-NC_Dinos,20240802KTNC0,43.0,17.0,0.3953488372093023,36.0,8.0,0.2222222222222222,벤자민,5.0,91.0,7.0,7.0,3.0,2.0,9.0,5.0,79.0,0.0,1.0,0.0,2.0,10.0,김시훈,3.0,73.0,4.0,6.0,0.0,5.0,1.0,6.666666666666666,141.0,4.0,11.0,1.0,5.0,7.0
20240802-Kiwoom_Heroes-Doosan_Bears,20240802WOOB0,41.0,12.0,0.2926829268292683,41.0,12.0,0.2926829268292683,후라도,6.0,101.0,4.0,9.0,1.0,1.0,7.0,4.0,64.0,0.0,3.0,0.0,2.0,3.0,최원준,5.0,96.0,4.0,7.0,1.0,3.0,4.0,4.333333333333334,80.0,2.0,5.0,0.0,3.0,5.0
20240802-SSG_Landers-Samsung_Lions,20240802SKSS0,31.0,5.0,0.16129032258064516,36.0,9.0,0.25,엘리아스,6.0,93.0,1.0,5.0,0.0,0.0,2.0,2.0,58.0,2.0,4.0,2.0,2.0,4.0,원태인,9.0,110.0,3.0,5.0,1.0,1.0,6.0,0.0,0.0,0.0,0.0,0.0,0.0,0.0
20240803-KIA_Tigers-Hanwha_Eagles,20240803HTHH0,39.0,15.0,0.38461538461538464,36.0,9.0,0.25,양현종,6.0,100.0,2.0,7.0,1.0,1.0,7.0,3.0,29.0,0.0,2.0,0.0,0.0,2.0,와이스,5.0,89.0,4.0,9.0,1.0,1.0,2.0,4.0,72.0,3.0,6.0,0.0,2.0,2.0
20240803-Kiwoom_Heroes-Doosan_Bears,20240803WOOB0,49.0,23.0,0.46938775510204084,40.0,13.0,0.325,헤이수스,6.0,101.0,1.0,7.0,1.0,2.0,6.0,3.0,63.0,4.0,6.0,0.0,1.0,3.0,최준호,2.6666666666666665,30.0,2.0,3.0,0.0,0.0,1.0,6.0,143.0,13.0,20.0,1.0,3.0,7.0
20240803-LG_Twins-Lotte_Giants,20240803LGLT0,34.0,7.0,0.20588235294117646,33.0,13.0,0.3939393939393939,최원태,5.0,83.0,3.0,8.0,1.0,2.0,4.0,1.6666666666666665,56.0,5.0,5.0,1.0,2.0,1.0,반즈,6.333333333333333,103.0,3.0,6.0,2.0,3.0,5.0,2.6666666666666665,32.0,0.0,1.0,0.0,1.0,1.0
20240803-SSG_Landers-Samsung_Lions,20240803SKSS0,36.0,9.0,0.25,38.0,17.0,0.4473684210526316,송영진,2.0,68.0,7.0,7.0,0.0,4.0,2.0,6.0,108.0,5.0,10.0,1.0,2.0,5.0,레예스,6.666666666666667,103.0,2.0,5.0,1.0,1.0,7.0,2.333333333333333,43.0,2.0,4.0,0.0,0.0,2.0
20240804-KT_Wiz-NC_Dinos,20240804KTNC0,36.0,9.0,0.25,39.0,19.0,0.48717948717948717,쿠에바스,1.0,36.0,4.0,3.0,0.0,2.0,0.0,7.0,159.0,11.0,16.0,2.0,5.0,8.0,목지훈,3.6666666666666665,87.0,4.0,4.0,1.0,5.0,1.0,4.333333333333334,114.0,1.0,5.0,0.0,5.0,6.0
20240804-SSG_Landers-Samsung_Lions,20240804SKSS0,33.0,8.0,0.24242424242424243,29.0,9.0,0.3103448275862069,김광현,3.0,80.0,4.0,3.0,0.0,8.0,4.0,4.333333333333333,105.0,4.0,6.0,1.0,5.0,6.0,코너,6.0,96.0,3.0,7.0,1.0,3.0,3.0,3.0,47.0,0.0,1.0,0.0,0.0,4.0
20240806-Hanwha_Eagles-Samsung_Lions,20240806HHSS0,35.0,11.0,0.3142857142857143,38.0,10.0,0.2631578947368421,바리아,4.0,73.0,3.0,7.0,2.0,0.0,3.0,4.0,84.0,1.0,3.0,0.0,3.0,4.0,이승현,5.0,65.0,4.0,5.0,1.0,0.0,4.0,2.333333333333333,103.0,4.0,6.0,0.0,5.0,3.0
20240806-KT_Wiz-KIA_Tigers,20240806KTHT0,37.0,9.0,0.24324324324324326,30.0,5.0,0.16666666666666666,고영표,6.333333333333333,93.0,1.0,5.0,0.0,2.0,2.0,1.0,21.0,0.0,0.0,0.0,1.0,2.0,김도현,5.0,89.0,0.0,6.0,0.0,3.0,3.0,2.6666666666666665,78.0,0.0,3.0,0.0,1.0,3.0
20240806-LG_Twins-Doosan_Bears,20240806LGOB0,34.0,10.0,0.29411764705882354,38.0,14.0,0.3684210526315789,손주영,3.0,89.0,6.0,7.0,0.0,4.0,3.0,4.666666666666666,86.0,0.0,7.0,0.0,1.0,6.0,곽빈,4.333333333333333,104.0,3.0,4.0,0.0,6.0,6.0,4.333333333333333,87.0,2.0,6.0,0.0,3.0,5.0
20240806-NC_Dinos-Lotte_Giants,20240806NCLT0,36.0,11.0,0.3055555555555556,33.0,10.0,0.30303030303030304,신민혁,6.0,82.0,3.0,6.0,1.0,1.0,3.0,0.0,37.0,2.0,4.0,0.0,2.0,1.0,윌커슨,5.0,100.0,4.0,8.0,0.0,1.0,4.0,3.6666666666666665,65.0,0.0,3.0,0.0,3.0,4.0
20240806-SSG_Landers-Kiwoom_Heroes,20240806SKWO0,40.0,14.0,0.35,35.0,9.0,0.2571428571428571,오원석,5.666666666666667,100.0,2.0,6.0,1.0,3.0,2.0,3.333333333333333,60.0,0.0,3.0,0.0,0.0,4.0,하영민,6.0,92.0,1.0,7.0,1.0,0.0,7.0,2.0,70.0,5.0,7.0,1.0,3.0,1.0
20240807-Hanwha_Eagles-Samsung_Lions,20240807HHSS0,36.0,9.0,0.25,37.0,16.0,0.43243243243243246,류현진,5.0,100.0,7.0,12.0,1.0,2.0,3.0,3.0,41.0,3.0,4.0,0.0,0.0,2.0,백정현,6.0,87.0,6.0,9.0,1.0,1.0,3.0,3.0,53.0,0.0,0.0,0.0,3.0,4.0
20240807-KT_Wiz-KIA_Tigers,20240807KTHT0,50.0,22.0,0.44,35.0,10.0,0.2857142857142857,엄상백,6.0,97.0,0.0,6.0,0.0,4.0,2.0,3.0,57.0,2.0,4.0,1.0,2.0,3.0,네일,3.6666666666666665,94.0,2.0,12.0,1.0,0.0,2.0,4.666666666666666,109.0,5.0,10.0,0.0,3.0,6.0
20240807-LG_Twins-Doosan_Bears,20240807LGOB0,35.0,9.0,0.2571428571428571,31.0,11.0,0.3548387096774194,엔스,5.0,95.0,4.0,7.0,1.0,0.0,4.0,3.0,60.0,4.0,4.0,0.0,3.0,4.0,발라조빅,5.666666666666667,104.0,1.0,4.0,0.0,3.0,8.0,2.6666666666666665,58.0,2.0,5.0,0.0,1.0,3.0
20240807-NC_Dinos-Lotte_Giants,20240807NCLT0,36.0,13.0,0.3611111111111111,36.0,15.0,0.4166666666666667,이재학,2.0,61.0,9.0,8.0,2.0,2.0,2.0,5.0,120.0,5.0,7.0,1.0,4.0,2.0,김진욱,2.3333333333333335,60.0,4.0,4.0,1.0,3.0,3.0,6.666666666666666,103.0,2.0,9.0,0.0,1.0,5.0
20240807-SSG_Landers-Kiwoom_Heroes,20240807SKWO0,31.0,10.0,0.3225806451612903,32.0,8.0,0.25,앤더슨,5.333333333333333,98.0,0.0,5.0,0.0,4.0,4.0,3.6666666666666665,60.0,2.0,3.0,1.0,0.0,4.0,김윤하,7.0,98.0,4.0,7.0,0.0,1.0,2.0,2.0,28.0,2.0,3.0,0.0,2.0,0.0
20240808-Hanwha_Eagles-Samsung_Lions,20240808HHSS0,33.0,10.0,0.30303030303030304,34.0,9.0,0.2647058823529412,문동주,5.0,94.0,2.0,6.0,0.0,3.0,8.0,4.0,58.0,1.0,3.0,1.0,0.0,6.0,원태인,6.0,90.0,4.0,7.0,1.0,0.0,5.0,2.6666666666666665,47.0,2.0,3.0,2.0,0.0,3.0
20240808-KT_Wiz-KIA_Tigers,20240808KTHT0,41.0,5.0,0.12195121951219512,43.0,8.0,0.18604651162790697,쿠에바스,7.0,95.0,0.0,3.0,0.0,2.0,2.0,4.333333333333333,81.0,0.0,5.0,0.0,1.0,7.0,황동하,6.0,89.0,0.0,3.0,0.0,1.0,9.0,5.666666666666666,110.0,0.0,2.0,0.0,2.0,5.0
20240808-LG_Twins-Doosan_Bears,20240808LGOB0,37.0,10.0,0.2702702702702703,32.0,6.0,0.1875,에르난데스,5.0,78.0,1.0,2.0,1.0,1.0,7.0,2.0,76.0,2.0,4.0,1.0,3.0,3.0,시라카와,6.0,98.0,6.0,4.0,1.0,3.0,5.0,2.0,60.0,4.0,6.0,0.0,1.0,1.0
20240808-SSG_Landers-Kiwoom_Heroes,20240808SKWO0,30.0,6.0,0.2,28.0,7.0,0.25,엘리아스,7.0,90.0,3.0,6.0,0.0,1.0,8.0,1.0,10.0,0.0,1.0,0.0,0.0,0.0,후라도,8.0,102.0,0.0,6.0,0.0,1.0,6.0,1.0,10.0,0.0,0.0,0.0,1.0,1.0
20240809-Doosan_Bears-SSG_Landers,20240809OBSK0,46.0,21.0,0.45652173913043476,40.0,13.0,0.325,최원준,2.6666666666666665,84.0,7.0,5.0,1.0,3.0,1.0,6.0,121.0,4.0,8.0,1.0,3.0,7.0,송영진,2.6666666666666665,67.0,5.0,8.0,2.0,1.0,2.0,4.333333333333333,152.0,7.0,13.0,1.0,3.0,6.0
20240809-Kiwoom_Heroes-Hanwha_Eagles,20240809WOHH0,35.0,9.0,0.2571428571428571,35.0,10.0,0.2857142857142857,헤이수스,6.0,102.0,3.0,6.0,2.0,2.0,8.0,1.0,53.0,3.0,4.0,0.0,2.0,1.0,김기중,3.6666666666666665,85.0,3.0,5.0,0.0,3.0,3.0,5.0,105.0,2.0,4.0,1.0,2.0,6.0
20240809-Lotte_Giants-KT_Wiz,20240809LTKT0,35.0,9.0,0.2571428571428571,37.0,16.0,0.43243243243243246,박세웅,4.0,79.0,7.0,12.0,1.0,5.0,1.0,4.0,76.0,2.0,4.0,0.0,1.0,4.0,벤자민,7.0,102.0,1.0,3.0,1.0,2.0,5.0,2.0,31.0,4.0,6.0,1.0,0.0,1.0
20240809-NC_Dinos-LG_Twins,20240809NCLG0,38.0,13.0,0.34210526315789475,32.0,11.0,0.34375,요키시,3.6666666666666665,78.0,10.0,8.0,2.0,4.0,2.0,4.333333333333333,57.0,0.0,3.0,0.0,0.0,4.0,임찬규,2.6666666666666665,76.0,7.0,9.0,0.0,2.0,2.0,6.333333333333333,102.0,2.0,4.0,1.0,3.0,5.0
20240809-Samsung_Lions-KIA_Tigers,20240809SSHT0,39.0,13.0,0.3333333333333333,35.0,13.0,0.37142857142857144,이승민,5.0,81.0,5.0,6.0,1.0,2.0,2.0,3.0,70.0,4.0,7.0,0.0,2.0,0.0,양현종,4.666666666666667,98.0,4.0,7.0,0.0,4.0,3.0,2.6666666666666665,77.0,3.0,6.0,0.0,2.0,2.0
20240810-Doosan_Bears-SSG_Landers,20240810OBSK0,35.0,12.0,0.34285714285714286,34.0,8.0,0.23529411764705882,최승용,2.3333333333333335,50.0,4.0,3.0,1.0,2.0,2.0,6.666666666666666,110.0,2.0,5.0,2.0,2.0,6.0,김광현,5.0,92.0,4.0,4.0,1.0,3.0,7.0,3.0,106.0,6.0,8.0,1.0,6.0,2.0
20240810-Kiwoom_Heroes-Hanwha_Eagles,20240810WOHH0,31.0,5.0,0.16129032258064516,33.0,6.0,0.18181818181818182,김인범,2.3333333333333335,41.0,1.0,3.0,1.0,2.0,1.0,6.0,89.0,0.0,3.0,0.0,1.0,4.0,와이스,7.0,111.0,2.0,5.0,0.0,2.0,7.0,2.0,33.0,0.0,0.0,0.0,1.0,0.0
20240810-Lotte_Giants-KT_Wiz,20240810LTKT0,34.0,8.0,0.23529411764705882,32.0,7.0,0.21875,반즈,7.0,109.0,0.0,4.0,0.0,3.0,6.0,2.0,30.0,0.0,3.0,0.0,1.0,1.0,조이현,5.0,78.0,1.0,2.0,1.0,1.0,2.0,3.333333333333333,74.0,1.0,6.0,0.0,3.0,5.0
20240810-NC_Dinos-LG_Twins,20240810NCLG0,32.0,7.0,0.21875,31.0,11.0,0.3548387096774194,목지훈,2.3333333333333335,56.0,5.0,7.0,0.0,2.0,0.0,5.0,107.0,4.0,4.0,0.0,6.0,3.0,최원태,5.0,94.0,1.0,5.0,0.0,3.0,5.0,3.0,90.0,1.0,2.0,1.0,4.0,5.0
20240811-Doosan_Bears-SSG_Landers,20240811OBSK0,40.0,13.0,0.325,32.0,11.0,0.34375,곽빈,2.0,61.0,6.0,6.0,1.0,2.0,2.0,6.0,116.0,5.0,5.0,2.0,3.0,6.0,오원석,5.0,98.0,5.0,7.0,1.0,3.0,8.0,2.333333333333333,86.0,4.0,6.0,1.0,3.0,3.0
20240811-Kiwoom_Heroes-Hanwha_Eagles,20240811WOHH0,40.0,13.0,0.325,33.0,6.0,0.18181818181818182,하영민,6.0,95.0,2.0,5.0,0.0,3.0,2.0,3.0,47.0,1.0,1.0,0.0,1.0,1.0,바리아,4.0,77.0,7.0,9.0,2.0,0.0,4.0,5.0,79.0,0.0,4.0,0.0,3.0,6.0
20240811-Lotte_Giants-KT_Wiz,20240811LTKT0,40.0,17.0,0.425,42.0,15.0,0.35714285714285715,윌커슨,5.0,96.0,2.0,6.0,0.0,1.0,7.0,2.333333333333333,89.0,5.0,9.0,1.0,3.0,5.0,고영표,4.0,92.0,8.0,12.0,2.0,1.0,2.0,5.0,74.0,1.0,5.0,0.0,1.0,5.0
20240811-NC_Dinos-LG_Twins,20240811NCLG0,30.0,5.0,0.16666666666666666,32.0,7.0,0.21875,신민혁,6.0,84.0,1.0,4.0,1.0,0.0,4.0,2.0,50.0,3.0,3.0,1.0,1.0,2.0,손주영,6.0,90.0,1.0,4.0,1.0,2.0,3.0,3.0,50.0,0.0,1.0,0.0,1.0,3.0
20240811-Samsung_Lions-KIA_Tigers,20240811SSHT0,46.0,13.0,0.2826086956521739,42.0,13.0,0.30952380952380953,레예스,5.0,65.0,3.0,7.0,1.0,0.0,1.0,5.0,110.0,1.0,6.0,0.0,1.0,6.0,라우어,3.3333333333333335,75.0,4.0,7.0,2.0,2.0,3.0,5.666666666666666,115.0,1.0,6.0,1.0,0.0,6.0
20240813-KIA_Tigers-Kiwoom_Heroes,20240813HTWO0,32.0,7.0,0.21875,31.0,4.0,0.12903225806451613,네일,5.0,86.0,0.0,4.0,0.0,0.0,6.0,4.0,48.0,0.0,0.0,0.0,1.0,4.0,김윤하,7.0,97.0,1.0,6.0,0.0,1.0,4.0,2.0,30.0,1.0,1.0,0.0,2.0,1.0
20240813-KT_Wiz-Samsung_Lions,20240813KTSS0,30.0,4.0,0.13333333333333333,36.0,16.0,0.4444444444444444,엄상백,4.0,93.0,6.0,9.0,3.0,0.0,2.0,3.3333333333333335,79.0,1.0,7.0,0.0,2.0,3.0,백정현,5.333333333333333,79.0,2.0,3.0,0.0,4.0,3.0,2.333333333333333,55.0,0.0,1.0,0.0,2.0,4.0
20240813-LG_Twins-Hanwha_Eagles,20240813LGHH0,32.0,7.0,0.21875,30.0,4.0,0.13333333333333333,엔스,5.0,95.0,2.0,4.0,1.0,5.0,5.0,4.0,56.0,0.0,0.0,0.0,3.0,2.0,류현진,5.0,87.0,0.0,2.0,0.0,2.0,6.0,3.6666666666666665,73.0,3.0,5.0,0.0,3.0,5.0
20240813-SSG_Landers-NC_Dinos,20240813SKNC0,33.0,7.0,0.21212121212121213,33.0,6.0,0.18181818181818182,앤더슨,5.666666666666667,101.0,0.0,5.0,0.0,5.0,8.0,2.333333333333333,49.0,0.0,1.0,0.0,1.0,6.0,이재학,6.333333333333333,96.0,1.0,3.0,0.0,2.0,7.0,2.6666666666666665,45.0,1.0,4.0,0.0,1.0,3.0
20240814-KIA_Tigers-Kiwoom_Heroes,20240814HTWO0,33.0,5.0,0.15151515151515152,32.0,8.0,0.25,황동하,5.0,93.0,0.0,4.0,0.0,4.0,4.0,2.0,76.0,2.0,4.0,1.0,3.0,5.0,후라도,7.0,97.0,1.0,5.0,0.0,2.0,6.0,2.0,26.0,0.0,0.0,0.0,0.0,0.0
20240814-KT_Wiz-Samsung_Lions,20240814KTSS0,30.0,5.0,0.16666666666666666,29.0,4.0,0.13793103448275862,쿠에바스,6.0,100.0,1.0,4.0,0.0,3.0,9.0,2.0,39.0,0.0,0.0,0.0,3.0,3.0,원태인,7.666666666666667,100.0,1.0,4.0,0.0,0.0,5.0,1.0,25.0,0.0,1.0,0.0,1.0,0.0
20240814-LG_Twins-Hanwha_Eagles,20240814LGHH0,35.0,8.0,0.22857142857142856,36.0,14.0,0.3888888888888889,에르난데스,6.0,93.0,2.0,6.0,1.0,0.0,9.0,1.0,66.0,7.0,8.0,0.0,2.0,0.0,문동주,5.0,99.0,2.0,4.0,1.0,2.0,6.0,4.0,83.0,1.0,4.0,0.0,3.0,5.0
20240814-Lotte_Giants-Doosan_Bears,20240814LTOB0,45.0,19.0,0.4222222222222222,32.0,6.0,0.1875,김진욱,5.0,102.0,1.0,3.0,0.0,5.0,3.0,3.333333333333333,53.0,1.0,3.0,1.0,1.0,4.0,발라조빅,4.0,101.0,4.0,9.0,0.0,1.0,6.0,5.0,125.0,8.0,10.0,0.0,5.0,5.0
20240815-KIA_Tigers-Kiwoom_Heroes,20240815HTWO0,40.0,17.0,0.425,32.0,5.0,0.15625,양현종,7.0,95.0,1.0,4.0,1.0,3.0,4.0,2.0,26.0,0.0,1.0,0.0,0.0,2.0,헤이수스,5.0,100.0,5.0,8.0,2.0,1.0,7.0,3.0,87.0,7.0,9.0,1.0,3.0,1.0
20240815-KT_Wiz-Samsung_Lions,20240815KTSS0,34.0,9.0,0.2647058823529412,34.0,8.0,0.23529411764705882,벤자민,5.333333333333333,104.0,2.0,7.0,2.0,1.0,6.0,3.6666666666666665,43.0,1.0,1.0,1.0,0.0,6.0,코너,7.0,98.0,2.0,6.0,1.0,0.0,6.0,1.0,40.0,3.0,3.0,2.0,0.0,3.0
20240815-LG_Twins-Hanwha_Eagles,20240815LGHH0,44.0,17.0,0.38636363636363635,37.0,10.0,0.2702702702702703,임찬규,6.666666666666667,99.0,2.0,7.0,0.0,3.0,8.0,2.333333333333333,50.0,0.0,3.0,0.0,1.0,3.0,김기중,4.0,87.0,10.0,9.0,2.0,3.0,0.0,5.0,111.0,7.0,8.0,0.0,6.0,6.0
20240815-Lotte_Giants-Doosan_Bears,20240815LTOB0,31.0,6.0,0.1935483870967742,28.0,8.0,0.2857142857142857,박세웅,5.666666666666667,102.0,4.0,7.0,1.0,5.0,4.0,1.0,50.0,0.0,1.0,0.0,3.0,3.0,최원준,4.333333333333333,66.0,3.0,4.0,1.0,1.0,3.0,4.0,68.0,0.0,2.0,0.0,0.0,3.0
20240815-SSG_Landers-NC_Dinos,20240815SKNC0,39.0,12.0,0.3076923076923077,36.0,12.0,0.3333333333333333,엘리아스,5.0,91.0,2.0,6.0,0.0,1.0,4.0,2.0,85.0,3.0,6.0,1.0,3.0,6.0,요키시,4.333333333333333,83.0,4.0,6.0,2.0,3.0,4.0,3.6666666666666665,103.0,4.0,6.0,0.0,3.0,7.0
20240816-Doosan_Bears-KT_Wiz,20240816OBKT0,37.0,12.0,0.32432432432432434,31.0,4.0,0.12903225806451613,시라카와,8.0,102.0,0.0,4.0,0.0,1.0,3.0,1.0,12.0,0.0,0.0,0.0,0.0,0.0,조이현,2.0,59.0,4.0,5.0,1.0,3.0,1.0,6.0,93.0,1.0,7.0,0.0,1.0,8.0
20240816-Hanwha_Eagles-SSG_Landers,20240816HHSK0,28.0,3.0,0.10714285714285714,29.0,3.0,0.10344827586206896,와이스,6.666666666666667,108.0,1.0,2.0,1.0,2.0,12.0,2.333333333333333,29.0,0.0,1.0,0.0,0.0,2.0,송영진,6.0,102.0,2.0,2.0,0.0,5.0,4.0,3.0,41.0,0.0,1.0,0.0,1.0,3.0
20240816-KIA_Tigers-LG_Twins,20240816HTLG0,31.0,6.0,0.1935483870967742,32.0,6.0,0.1875,김도현,4.333333333333333,81.0,1.0,3.0,0.0,3.0,5.0,4.0,77.0,1.0,3.0,0.0,1.0,6.0,최원태,7.0,83.0,0.0,3.0,0.0,2.0,5.0,2.0,39.0,3.0,3.0,1.0,1.0,1.0
20240816-Kiwoom_Heroes-Lotte_Giants,20240816WOLT0,34.0,8.0,0.23529411764705882,30.0,8.0,0.26666666666666666,이종민,3.6666666666666665,75.0,3.0,6.0,1.0,2.0,1.0,4.333333333333334,57.0,0.0,2.0,0.0,0.0,3.0,반즈,6.0,100.0,0.0,7.0,0.0,1.0,6.0,2.333333333333333,39.0,0.0,1.0,0.0,0.0,6.0
20240816-Samsung_Lions-NC_Dinos,20240816SSNC0,32.0,8.0,0.25,31.0,5.0,0.16129032258064516,황동재,5.0,70.0,2.0,4.0,0.0,1.0,2.0,3.333333333333333,71.0,1.0,1.0,1.0,0.0,4.0,목지훈,3.0,72.0,3.0,4.0,0.0,5.0,2.0,4.666666666666666,79.0,3.0,4.0,0.0,3.0,3.0
20240817-Doosan_Bears-KT_Wiz,20240817OBKT0,37.0,12.0,0.32432432432432434,33.0,7.0,0.21212121212121213,곽빈,7.666666666666667,110.0,2.0,5.0,0.0,2.0,4.0,1.0,27.0,0.0,2.0,0.0,1.0,3.0,고영표,5.0,83.0,2.0,9.0,0.0,2.0,6.0,3.6666666666666665,69.0,1.0,3.0,0.0,1.0,4.0
20240817-Hanwha_Eagles-SSG_Landers,20240817HHSK0,41.0,16.0,0.3902439024390244,35.0,9.0,0.2571428571428571,바리아,5.0,82.0,2.0,4.0,2.0,1.0,4.0,4.0,81.0,3.0,5.0,1.0,2.0,4.0,김광현,6.0,84.0,3.0,8.0,2.0,1.0,6.0,3.0,48.0,3.0,8.0,2.0,0.0,1.0
20240817-KIA_Tigers-LG_Twins,20240817HTLG0,39.0,16.0,0.41025641025641024,36.0,11.0,0.3055555555555556,라우어,5.0,108.0,1.0,4.0,0.0,4.0,7.0,4.0,81.0,3.0,7.0,0.0,2.0,2.0,손주영,5.333333333333333,98.0,5.0,8.0,1.0,3.0,4.0,3.333333333333333,85.0,9.0,8.0,2.0,5.0,3.0
20240817-Kiwoom_Heroes-Lotte_Giants,20240817WOLT0,41.0,15.0,0.36585365853658536,40.0,14.0,0.35,하영민,6.0,93.0,3.0,10.0,1.0,1.0,2.0,2.333333333333333,48.0,3.0,4.0,0.0,3.0,0.0,윌커슨,4.333333333333333,84.0,5.0,9.0,0.0,0.0,5.0,3.333333333333333,74.0,3.0,6.0,1.0,0.0,1.0
20240817-Samsung_Lions-NC_Dinos,20240817SSNC0,36.0,9.0,0.25,37.0,13.0,0.35135135135135137,이호성,2.6666666666666665,67.0,2.0,6.0,1.0,1.0,2.0,6.0,122.0,1.0,7.0,0.0,4.0,5.0,신민혁,5.0,104.0,1.0,4.0,1.0,1.0,3.0,3.333333333333333,83.0,4.0,5.0,2.0,1.0,5.0
20240818-Doosan_Bears-KT_Wiz,20240818OBKT0,36.0,10.0,0.2777777777777778,34.0,10.0,0.29411764705882354,최승용,1.6666666666666665,45.0,3.0,5.0,0.0,1.0,1.0,6.333333333333333,103.0,2.0,5.0,2.0,1.0,6.0,엄상백,6.0,95.0,3.0,6.0,2.0,1.0,10.0,2.333333333333333,46.0,1.0,4.0,0.0,0.0,1.0
20240818-Hanwha_Eagles-SSG_Landers,20240818HHSK0,34.0,8.0,0.23529411764705882,34.0,8.0,0.23529411764705882,류현진,6.333333333333333,92.0,1.0,6.0,0.0,1.0,8.0,2.0,54.0,0.0,2.0,0.0,2.0,4.0,오원석,5.0,97.0,6.0,5.0,3.0,5.0,6.0,4.0,47.0,1.0,3.0,1.0,0.0,2.0
20240818-KIA_Tigers-LG_Twins,20240818HTLG0,34.0,14.0,0.4117647058823529,30.0,4.0,0.13333333333333333,네일,6.0,91.0,0.0,3.0,0.0,1.0,3.0,2.0,45.0,0.0,1.0,0.0,1.0,4.0,엔스,6.0,90.0,4.0,9.0,0.0,0.0,4.0,3.0,43.0,0.0,5.0,0.0,1.0,2.0
20240818-Kiwoom_Heroes-Lotte_Giants,20240818WOLT0,35.0,7.0,0.2,39.0,12.0,0.3076923076923077,김윤하,6.0,90.0,4.0,9.0,1.0,1.0,5.0,3.0,59.0,1.0,3.0,1.0,1.0,3.0,이민석,2.3333333333333335,54.0,3.0,4.0,0.0,4.0,0.0,7.0,97.0,1.0,3.0,1.0,0.0,10.0
20240818-Samsung_Lions-NC_Dinos,20240818SSNC0,37.0,11.0,0.2972972972972973,39.0,12.0,0.3076923076923077,백정현,7.0,93.0,0.0,6.0,0.0,1.0,5.0,2.0,40.0,3.0,6.0,0.0,0.0,2.0,이재학,5.0,79.0,3.0,8.0,0.0,1.0,4.0,3.6666666666666665,56.0,0.0,3.0,0.0,1.0,3.0
20240820-Doosan_Bears-Samsung_Lions,20240820OBSS0,30.0,3.0,0.1,30.0,8.0,0.26666666666666666,발라조빅,5.0,91.0,1.0,4.0,0.0,3.0,3.0,1.0,53.0,2.0,4.0,0.0,3.0,4.0,원태인,6.0,89.0,0.0,2.0,0.0,0.0,8.0,2.0,54.0,0.0,1.0,0.0,2.0,3.0
20240820-Kiwoom_Heroes-KT_Wiz,20240820WOKT0,35.0,7.0,0.2,31.0,6.0,0.1935483870967742,후라도,6.0,100.0,2.0,5.0,0.0,2.0,9.0,2.333333333333333,61.0,0.0,1.0,0.0,4.0,2.0,쿠에바스,7.0,104.0,0.0,3.0,0.0,2.0,7.0,2.0,37.0,2.0,4.0,0.0,0.0,2.0
20240820-NC_Dinos-Hanwha_Eagles,20240820NCHH0,31.0,5.0,0.16129032258064516,33.0,10.0,0.30303030303030304,요키시,4.666666666666667,109.0,1.0,6.0,0.0,3.0,4.0,3.333333333333333,52.0,2.0,4.0,2.0,1.0,0.0,문동주,6.0,91.0,2.0,5.0,2.0,0.0,9.0,3.0,50.0,0.0,0.0,0.0,2.0,4.0
20240820-SSG_Landers-LG_Twins,20240820SKLG0,30.0,6.0,0.2,25.0,6.0,0.24,앤더슨,5.0,93.0,2.0,4.0,0.0,5.0,4.0,3.0,48.0,2.0,2.0,0.0,1.0,1.0,에르난데스,4.0,96.0,2.0,4.0,0.0,4.0,3.0,4.333333333333333,73.0,1.0,2.0,0.0,3.0,5.0
20240821-Doosan_Bears-Samsung_Lions,20240821OBSS0,32.0,6.0,0.1875,37.0,10.0,0.2702702702702703,최원준,5.0,89.0,2.0,8.0,1.0,0.0,3.0,4.0,54.0,0.0,2.0,0.0,0.0,4.0,코너,5.0,95.0,4.0,3.0,1.0,5.0,5.0,4.0,64.0,1.0,3.0,1.0,1.0,3.0
20240821-Kiwoom_Heroes-KT_Wiz,20240821WOKT0,36.0,9.0,0.25,34.0,12.0,0.35294117647058826,헤이수스,6.0,95.0,2.0,5.0,1.0,2.0,9.0,2.0,44.0,3.0,7.0,0.0,1.0,2.0,벤자민,5.0,91.0,0.0,8.0,0.0,0.0,5.0,4.0,29.0,0.0,1.0,0.0,0.0,4.0
20240821-Lotte_Giants-KIA_Tigers,20240821LTHT0,37.0,10.0,0.2702702702702703,36.0,12.0,0.3333333333333333,박세웅,5.333333333333333,106.0,4.0,10.0,0.0,1.0,5.0,1.0,49.0,0.0,2.0,0.0,0.0,0.0,양현종,5.0,69.0,4.0,7.0,2.0,1.0,7.0,4.0,62.0,1.0,3.0,1.0,2.0,2.0
20240821-NC_Dinos-Hanwha_Eagles,20240821NCHH0,33.0,8.0,0.24242424242424243,33.0,6.0,0.18181818181818182,이용준,5.0,78.0,0.0,2.0,0.0,2.0,3.0,4.0,69.0,0.0,4.0,0.0,0.0,3.0,김도빈,0.0,20.0,2.0,1.0,0.0,3.0,1.0,8.0,150.0,2.0,7.0,3.0,4.0,4.0
20240821-SSG_Landers-LG_Twins,20240821SKLG0,36.0,10.0,0.2777777777777778,33.0,5.0,0.15151515151515152,엘리아스,7.0,90.0,0.0,2.0,0.0,3.0,3.0,2.0,34.0,1.0,3.0,0.0,0.0,2.0,임찬규,6.0,90.0,1.0,5.0,0.0,0.0,8.0,1.3333333333333333,57.0,4.0,5.0,1.0,2.0,1.0
20240822-Kiwoom_Heroes-KT_Wiz,20240822WOKT0,32.0,5.0,0.15625,29.0,8.0,0.27586206896551724,정찬헌,5.0,72.0,2.0,6.0,1.0,1.0,0.0,3.0,47.0,1.0,2.0,1.0,0.0,2.0,조이현,5.0,59.0,2.0,3.0,0.0,1.0,3.0,4.0,57.0,0.0,2.0,0.0,1.0,6.0
20240822-Lotte_Giants-KIA_Tigers,20240822LTHT0,33.0,7.0,0.21212121212121213,31.0,9.0,0.2903225806451613,반즈,5.333333333333333,104.0,3.0,5.0,2.0,3.0,4.0,2.6666666666666665,53.0,3.0,4.0,0.0,1.0,1.0,김도현,4.0,86.0,4.0,6.0,1.0,2.0,2.0,4.666666666666666,78.0,0.0,1.0,0.0,4.0,6.0
20240822-SSG_Landers-LG_Twins,20240822SKLG0,33.0,8.0,0.24242424242424243,35.0,14.0,0.4,송영진,1.0,51.0,4.0,3.0,0.0,4.0,0.0,7.0,121.0,9.0,11.0,2.0,6.0,2.0,최원태,6.0,93.0,1.0,6.0,0.0,1.0,4.0,3.0,31.0,0.0,2.0,0.0,0.0,4.0
20240823-Hanwha_Eagles-Doosan_Bears,20240823HHOB0,37.0,13.0,0.35135135135135137,31.0,4.0,0.12903225806451613,와이스,6.0,87.0,1.0,3.0,0.0,1.0,6.0,2.333333333333333,63.0,0.0,1.0,0.0,4.0,3.0,시라카와,4.0,89.0,5.0,6.0,1.0,3.0,2.0,4.666666666666666,83.0,2.0,7.0,0.0,3.0,3.0
20240823-KIA_Tigers-NC_Dinos,20240823HTNC0,34.0,8.0,0.23529411764705882,40.0,16.0,0.4,라우어,5.0,89.0,4.0,5.0,0.0,2.0,6.0,2.0,79.0,11.0,11.0,3.0,2.0,4.0,하트,5.0,65.0,1.0,4.0,0.0,2.0,4.0,4.0,73.0,3.0,4.0,1.0,2.0,3.0
20240823-KT_Wiz-SSG_Landers,20240823KTSK0,42.0,18.0,0.42857142857142855,38.0,13.0,0.34210526315789475,고영표,6.0,95.0,3.0,10.0,0.0,1.0,9.0,2.6666666666666665,68.0,2.0,3.0,1.0,3.0,6.0,김광현,5.333333333333333,91.0,2.0,8.0,2.0,3.0,2.0,2.0,92.0,8.0,10.0,1.0,3.0,2.0
20240823-LG_Twins-Kiwoom_Heroes,20240823LGWO0,35.0,8.0,0.22857142857142856,37.0,14.0,0.3783783783783784,손주영,5.333333333333333,99.0,4.0,8.0,0.0,4.0,1.0,1.0,54.0,5.0,6.0,1.0,1.0,1.0,하영민,5.666666666666667,90.0,3.0,6.0,0.0,2.0,3.0,2.0,52.0,0.0,2.0,0.0,2.0,1.0
20240823-Lotte_Giants-Samsung_Lions,20240823LTSS0,30.0,6.0,0.2,32.0,9.0,0.28125,윌커슨,7.0,113.0,3.0,6.0,1.0,1.0,7.0,0.0,21.0,2.0,3.0,1.0,0.0,1.0,황동재,5.0,76.0,1.0,3.0,0.0,3.0,4.0,3.6666666666666665,67.0,1.0,3.0,1.0,2.0,3.0
20240824-Hanwha_Eagles-Doosan_Bears,20240824HHOB0,38.0,10.0,0.2631578947368421,33.0,6.0,0.18181818181818182,바리아,5.0,67.0,2.0,4.0,0.0,1.0,5.0,4.0,105.0,4.0,2.0,0.0,8.0,6.0,곽빈,6.333333333333333,102.0,4.0,5.0,1.0,1.0,9.0,2.333333333333333,87.0,2.0,5.0,0.0,3.0,1.0
20240824-KIA_Tigers-NC_Dinos,20240824HTNC0,31.0,8.0,0.25806451612903225,30.0,6.0,0.2,네일,5.0,63.0,0.0,4.0,0.0,3.0,1.0,4.0,72.0,0.0,2.0,0.0,2.0,5.0,신민혁,6.0,98.0,1.0,4.0,0.0,2.0,4.0,2.333333333333333,55.0,1.0,4.0,0.0,3.0,1.0
20240824-KT_Wiz-SSG_Landers,20240824KTSK0,38.0,12.0,0.3157894736842105,36.0,9.0,0.25,엄상백,5.666666666666667,97.0,2.0,6.0,0.0,1.0,3.0,3.333333333333333,44.0,1.0,3.0,0.0,0.0,3.0,오원석,5.0,89.0,4.0,5.0,0.0,5.0,4.0,3.6666666666666665,81.0,4.0,7.0,0.0,3.0,1.0
20240824-LG_Twins-Kiwoom_Heroes,20240824LGWO0,39.0,14.0,0.358974358974359,31.0,4.0,0.12903225806451613,엔스,5.0,102.0,0.0,4.0,0.0,1.0,8.0,4.0,51.0,0.0,0.0,0.0,2.0,2.0,김윤하,3.3333333333333335,83.0,6.0,10.0,1.0,3.0,2.0,5.666666666666666,66.0,1.0,4.0,1.0,2.0,3.0
20240824-Lotte_Giants-Samsung_Lions,20240824LTSS0,43.0,16.0,0.37209302325581395,33.0,6.0,0.18181818181818182,정현수,3.0,79.0,3.0,5.0,0.0,3.0,4.0,4.333333333333333,87.0,0.0,1.0,0.0,3.0,8.0,백정현,4.666666666666667,80.0,7.0,10.0,3.0,0.0,3.0,4.333333333333333,76.0,3.0,6.0,1.0,2.0,0.0
20240825-Hanwha_Eagles-Doosan_Bears,20240825HHOB0,30.0,7.0,0.23333333333333334,31.0,5.0,0.16129032258064516,류현진,7.0,95.0,1.0,5.0,1.0,1.0,4.0,2.0,20.0,0.0,0.0,0.0,0.0,2.0,발라조빅,6.0,88.0,2.0,5.0,0.0,4.0,5.0,1.0,59.0,0.0,2.0,0.0,2.0,2.0
20240825-KIA_Tigers-NC_Dinos,20240825HTNC0,33.0,10.0,0.30303030303030304,36.0,10.0,0.2777777777777778,황동하,4.333333333333333,70.0,4.0,8.0,2.0,1.0,4.0,3.333333333333333,72.0,1.0,2.0,0.0,3.0,2.0,요키시,5.333333333333333,87.0,2.0,8.0,0.0,1.0,5.0,3.6666666666666665,47.0,0.0,2.0,0.0,1.0,1.0
20240825-KT_Wiz-SSG_Landers,20240825KTSK0,30.0,5.0,0.16666666666666666,32.0,8.0,0.25,쿠에바스,6.666666666666667,112.0,3.0,8.0,1.0,0.0,4.0,1.3333333333333333,13.0,0.0,0.0,0.0,0.0,1.0,앤더슨,5.333333333333333,101.0,3.0,3.0,0.0,4.0,12.0,3.0,60.0,0.0,2.0,0.0,4.0,7.0
20240825-LG_Twins-Kiwoom_Heroes,20240825LGWO0,30.0,5.0,0.16666666666666666,32.0,10.0,0.3125,에르난데스,7.0,97.0,4.0,6.0,2.0,1.0,6.0,1.0,19.0,2.0,4.0,0.0,1.0,2.0,후라도,7.0,101.0,2.0,3.0,1.0,1.0,5.0,1.3333333333333333,32.0,2.0,2.0,0.0,1.0,2.0
20240825-Lotte_Giants-Samsung_Lions,20240825LTSS0,37.0,10.0,0.2702702702702703,32.0,8.0,0.25,김진욱,3.6666666666666665,93.0,7.0,4.0,1.0,7.0,5.0,4.333333333333333,78.0,2.0,4.0,1.0,1.0,3.0,원태인,5.0,92.0,5.0,7.0,3.0,0.0,1.0,4.0,59.0,0.0,3.0,0.0,1.0,3.0
20240827-Doosan_Bears-NC_Dinos,20240827OBNC0,41.0,18.0,0.43902439024390244,34.0,10.0,0.29411764705882354,최원준,4.0,91.0,6.0,6.0,2.0,3.0,4.0,4.333333333333333,95.0,1.0,4.0,0.0,1.0,8.0,이용준,5.0,83.0,3.0,7.0,1.0,2.0,3.0,2.333333333333333,76.0,9.0,11.0,0.0,2.0,3.0
20240827-Hanwha_Eagles-Lotte_Giants,20240827HHLT0,29.0,5.0,0.1724137931034483,33.0,12.0,0.36363636363636365,문동주,6.0,91.0,0.0,7.0,0.0,0.0,5.0,1.0,42.0,3.0,5.0,0.0,2.0,2.0,박세웅,7.0,96.0,1.0,3.0,0.0,3.0,6.0,2.0,32.0,0.0,2.0,0.0,1.0,1.0
20240827-KT_Wiz-LG_Twins,20240827KTLG0,31.0,7.0,0.22580645161290322,33.0,11.0,0.3333333333333333,벤자민,5.0,101.0,2.0,6.0,0.0,3.0,2.0,3.0,51.0,2.0,5.0,0.0,1.0,1.0,임찬규,6.0,92.0,0.0,3.0,0.0,3.0,6.0,3.0,43.0,0.0,4.0,0.0,0.0,0.0
20240827-SSG_Landers-KIA_Tigers,20240827SKHT0,20.0,7.0,0.35,28.0,14.0,0.5,엘리아스,3.0,62.0,7.0,9.0,1.0,0.0,2.0,2.0,41.0,3.0,5.0,0.0,1.0,2.0,양현종,5.0,92.0,4.0,7.0,1.0,3.0,3.0,0.0,0.0,0.0,0.0,0.0,0.0,0.0
20240827-Samsung_Lions-Kiwoom_Heroes,20240827SSWO0,32.0,5.0,0.15625,29.0,3.0,0.10344827586206896,코너,9.0,113.0,0.0,3.0,0.0,1.0,11.0,0.0,0.0,0.0,0.0,0.0,0.0,0.0,헤이수스,6.0,97.0,1.0,5.0,0.0,1.0,5.0,3.0,40.0,0.0,0.0,0.0,0.0,3.0
20240828-Doosan_Bears-NC_Dinos,20240828OBNC0,36.0,11.0,0.3055555555555556,28.0,4.0,0.14285714285714285,김민규,5.0,66.0,0.0,4.0,0.0,2.0,2.0,4.0,62.0,0.0,0.0,0.0,3.0,3.0,임상현,5.0,69.0,0.0,6.0,0.0,1.0,1.0,2.333333333333333,72.0,3.0,5.0,2.0,2.0,2.0
20240828-Hanwha_Eagles-Lotte_Giants,20240828HHLT0,32.0,9.0,0.28125,30.0,2.0,0.06666666666666667,와이스,6.666666666666667,94.0,0.0,1.0,0.0,3.0,10.0,2.0,28.0,0.0,1.0,0.0,0.0,1.0,반즈,7.0,105.0,1.0,6.0,0.0,4.0,5.0,1.0,54.0,5.0,3.0,0.0,3.0,2.0
20240828-KT_Wiz-LG_Twins,20240828KTLG0,38.0,11.0,0.2894736842105263,40.0,12.0,0.3,조이현,2.0,26.0,0.0,3.0,0.0,0.0,0.0,8.0,141.0,4.0,9.0,1.0,4.0,6.0,최원태,7.0,95.0,1.0,4.0,0.0,1.0,8.0,3.0,66.0,4.0,7.0,2.0,2.0,2.0
20240828-SSG_Landers-KIA_Tigers,20240828SKHT0,37.0,10.0,0.2702702702702703,39.0,16.0,0.41025641025641024,송영진,3.3333333333333335,70.0,3.0,8.0,1.0,1.0,1.0,4.0,94.0,3.0,8.0,0.0,5.0,4.0,김도현,4.333333333333333,84.0,3.0,6.0,2.0,2.0,2.0,4.0,90.0,3.0,4.0,1.0,4.0,4.0
20240828-Samsung_Lions-Kiwoom_Heroes,20240828SSWO0,40.0,13.0,0.325,37.0,10.0,0.2702702702702703,이승민,3.0,64.0,1.0,4.0,0.0,1.0,1.0,5.333333333333333,120.0,3.0,6.0,2.0,3.0,6.0,이종민,1.0,32.0,4.0,5.0,1.0,1.0,1.0,8.0,172.0,5.0,8.0,1.0,5.0,5.0
20240829-Doosan_Bears-NC_Dinos,20240829OBNC0,30.0,5.0,0.16666666666666666,35.0,14.0,0.4,최승용,4.0,68.0,2.0,4.0,1.0,1.0,2.0,4.0,86.0,8.0,10.0,1.0,0.0,5.0,하트,6.0,96.0,2.0,5.0,1.0,2.0,10.0,3.0,41.0,0.0,0.0,0.0,1.0,1.0
20240829-Hanwha_Eagles-Lotte_Giants,20240829HHLT0,41.0,18.0,0.43902439024390244,42.0,20.0,0.47619047619047616,바리아,1.0,24.0,4.0,5.0,0.0,0.0,1.0,6.666666666666666,172.0,10.0,15.0,1.0,4.0,9.0,윌커슨,5.0,98.0,3.0,8.0,0.0,3.0,2.0,3.333333333333333,114.0,8.0,10.0,0.0,5.0,5.0
20240829-KT_Wiz-LG_Twins,20240829KTLG0,37.0,13.0,0.35135135135135137,41.0,14.0,0.34146341463414637,고영표,4.666666666666667,100.0,5.0,9.0,0.0,2.0,7.0,3.0,68.0,2.0,5.0,0.0,1.0,3.0,손주영,6.0,94.0,3.0,8.0,0.0,2.0,3.0,2.333333333333333,64.0,5.0,5.0,1.0,2.0,6.0
20240829-SSG_Landers-KIA_Tigers,20240829SKHT0,38.0,12.0,0.3157894736842105,35.0,11.0,0.3142857142857143,김광현,6.0,89.0,4.0,8.0,1.0,1.0,3.0,3.0,41.0,0.0,3.0,0.0,0.0,2.0,라우어,5.0,95.0,5.0,8.0,1.0,3.0,4.0,3.6666666666666665,81.0,4.0,4.0,2.0,1.0,4.0
20240829-Samsung_Lions-Kiwoom_Heroes,20240829SSWO0,40.0,8.0,0.2,35.0,3.0,0.08571428571428572,황동재,5.666666666666667,88.0,0.0,2.0,0.0,4.0,3.0,5.333333333333333,82.0,0.0,1.0,0.0,1.0,7.0,하영민,6.0,96.0,0.0,4.0,0.0,3.0,3.0,5.0,67.0,1.0,4.0,1.0,0.0,2.0
20240830-LG_Twins-KT_Wiz,20240830LGKT0,42.0,17.0,0.40476190476190477,37.0,11.0,0.2972972972972973,엔스,7.0,97.0,5.0,9.0,2.0,1.0,5.0,2.0,44.0,1.0,2.0,1.0,0.0,4.0,엄상백,5.666666666666667,114.0,8.0,11.0,2.0,2.0,4.0,3.3333333333333335,49.0,3.0,6.0,0.0,0.0,2.0
20240830-Lotte_Giants-Kiwoom_Heroes,20240830LTWO0,32.0,8.0,0.25,33.0,6.0,0.18181818181818182,정현수,5.0,82.0,0.0,1.0,0.0,1.0,6.0,4.0,77.0,2.0,5.0,0.0,3.0,1.0,김윤하,5.333333333333333,92.0,4.0,4.0,1.0,7.0,4.0,3.0,79.0,4.0,4.0,1.0,2.0,2.0
20240831-KIA_Tigers-Samsung_Lions,20240831HTSS0,43.0,18.0,0.4186046511627907,36.0,9.0,0.25,황동하,1.3333333333333333,43.0,3.0,3.0,0.0,3.0,2.0,7.333333333333333,136.0,6.0,6.0,4.0,6.0,7.0,백정현,1.6666666666666665,49.0,5.0,7.0,0.0,2.0,0.0,5.333333333333333,140.0,10.0,11.0,3.0,4.0,5.0
20240831-KT_Wiz-Hanwha_Eagles,20240831KTHH0,34.0,10.0,0.29411764705882354,32.0,5.0,0.15625,쿠에바스,6.0,100.0,1.0,3.0,1.0,1.0,9.0,2.6666666666666665,46.0,1.0,2.0,0.0,1.0,5.0,류현진,5.0,84.0,3.0,7.0,3.0,1.0,4.0,2.0,79.0,3.0,3.0,1.0,3.0,3.0
20240831-Lotte_Giants-Doosan_Bears,20240831LTOB0,31.0,8.0,0.25806451612903225,35.0,5.0,0.14285714285714285,김진욱,4.666666666666667,78.0,3.0,3.0,1.0,3.0,7.0,3.6666666666666665,68.0,0.0,2.0,0.0,0.0,7.0,곽빈,5.0,91.0,6.0,7.0,1.0,2.0,3.0,3.333333333333333,63.0,1.0,1.0,0.0,3.0,4.0
20240831-NC_Dinos-SSG_Landers,20240831NCSK0,32.0,5.0,0.15625,33.0,6.0,0.18181818181818182,신민혁,6.0,97.0,2.0,6.0,0.0,3.0,7.0,3.0,27.0,0.0,0.0,0.0,0.0,1.0,앤더슨,4.333333333333333,77.0,6.0,4.0,1.0,4.0,6.0,4.0,71.0,0.0,1.0,0.0,0.0,6.0
20240901-KIA_Tigers-Samsung_Lions,20240901HTSS0,40.0,16.0,0.4,31.0,6.0,0.1935483870967742,스타우트,4.0,97.0,5.0,4.0,2.0,2.0,6.0,4.0,63.0,0.0,2.0,0.0,2.0,5.0,원태인,6.0,99.0,3.0,9.0,0.0,2.0,2.0,3.0,50.0,3.0,7.0,2.0,0.0,3.0
20240901-Lotte_Giants-Doosan_Bears,20240901LTOB0,46.0,12.0,0.2608695652173913,41.0,6.0,0.14634146341463414,박세웅,6.0,88.0,0.0,1.0,0.0,2.0,4.0,4.333333333333334,110.0,3.0,5.0,0.0,3.0,5.0,발라조빅,4.333333333333333,93.0,3.0,4.0,0.0,3.0,8.0,6.0,126.0,1.0,8.0,0.0,3.0,10.0
20240901-NC_Dinos-SSG_Landers,20240901NCSK0,37.0,12.0,0.32432432432432434,33.0,7.0,0.21212121212121213,요키시,6.0,93.0,1.0,2.0,0.0,4.0,1.0,2.0,60.0,1.0,5.0,0.0,2.0,3.0,엘리아스,6.0,84.0,2.0,5.0,2.0,2.0,3.0,2.0,89.0,6.0,7.0,0.0,5.0,1.0
20240903-Doosan_Bears-Hanwha_Eagles,20240903OBHH0,30.0,5.0,0.16666666666666666,34.0,13.0,0.38235294117647056,최원준,4.333333333333333,71.0,3.0,7.0,1.0,1.0,1.0,2.6666666666666665,77.0,4.0,6.0,1.0,3.0,3.0,문동주,6.0,84.0,1.0,4.0,0.0,1.0,8.0,3.0,37.0,0.0,1.0,0.0,1.0,3.0
20240903-Kiwoom_Heroes-NC_Dinos,20240903WONC0,35.0,8.0,0.22857142857142856,39.0,15.0,0.38461538461538464,후라도,4.666666666666667,103.0,3.0,9.0,1.0,2.0,5.0,3.333333333333333,78.0,4.0,6.0,0.0,2.0,2.0,이용준,6.0,86.0,2.0,5.0,1.0,1.0,4.0,3.0,54.0,3.0,3.0,0.0,2.0,0.0
20240903-LG_Twins-KIA_Tigers,20240903LGHT0,36.0,9.0,0.25,33.0,12.0,0.36363636363636365,에르난데스,6.0,91.0,6.0,9.0,0.0,3.0,3.0,1.0,26.0,1.0,3.0,0.0,0.0,1.0,양현종,6.0,97.0,3.0,6.0,2.0,2.0,4.0,1.0,41.0,2.0,3.0,0.0,0.0,2.0
20240903-Lotte_Giants-Samsung_Lions,20240903LTSS0,33.0,7.0,0.21212121212121213,30.0,7.0,0.23333333333333334,반즈,7.0,105.0,3.0,5.0,3.0,1.0,10.0,0.0,22.0,2.0,2.0,1.0,2.0,1.0,코너,6.0,109.0,1.0,6.0,0.0,1.0,6.0,2.333333333333333,35.0,0.0,1.0,0.0,1.0,2.0
20240904-Doosan_Bears-Samsung_Lions,20240904OBSS0,30.0,7.0,0.23333333333333334,35.0,13.0,0.37142857142857144,최승용,2.3333333333333335,54.0,1.0,3.0,1.0,2.0,5.0,4.666666666666666,115.0,6.0,10.0,1.0,3.0,6.0,황동재,5.0,83.0,3.0,4.0,0.0,3.0,2.0,2.0,56.0,0.0,3.0,0.0,3.0,2.0
20240904-Hanwha_Eagles-KIA_Tigers,20240904HHHT0,40.0,12.0,0.3,37.0,7.0,0.1891891891891892,와이스,7.666666666666667,92.0,1.0,3.0,1.0,0.0,8.0,2.333333333333333,40.0,3.0,4.0,1.0,0.0,2.0,김도현,5.0,83.0,3.0,6.0,0.0,2.0,3.0,4.0,87.0,1.0,6.0,0.0,3.0,4.0
20240904-KT_Wiz-Lotte_Giants,20240904KTLT0,35.0,9.0,0.2571428571428571,33.0,9.0,0.2727272727272727,벤자민,6.0,108.0,3.0,5.0,0.0,0.0,9.0,2.0,38.0,3.0,4.0,0.0,1.0,2.0,윌커슨,5.333333333333333,94.0,4.0,7.0,0.0,0.0,2.0,3.333333333333333,55.0,1.0,2.0,0.0,1.0,3.0
20240904-Kiwoom_Heroes-NC_Dinos,20240904WONC0,33.0,5.0,0.15151515151515152,36.0,15.0,0.4166666666666667,헤이수스,4.0,95.0,8.0,8.0,2.0,6.0,4.0,4.0,76.0,5.0,7.0,2.0,2.0,3.0,하트,6.0,89.0,1.0,1.0,1.0,4.0,12.0,2.0,65.0,3.0,4.0,0.0,3.0,2.0
20240904-SSG_Landers-LG_Twins,20240904SKLG0,31.0,4.0,0.12903225806451613,30.0,7.0,0.23333333333333334,오원석,2.0,66.0,2.0,4.0,0.0,3.0,1.0,6.0,82.0,1.0,3.0,1.0,2.0,3.0,임찬규,7.0,81.0,0.0,2.0,0.0,0.0,10.0,2.0,35.0,0.0,2.0,0.0,1.0,2.0
20240905-Hanwha_Eagles-KIA_Tigers,20240905HHHT0,36.0,7.0,0.19444444444444445,36.0,10.0,0.2777777777777778,바리아,4.666666666666667,84.0,2.0,5.0,0.0,1.0,2.0,4.333333333333333,91.0,2.0,5.0,0.0,4.0,6.0,라우어,6.333333333333333,92.0,3.0,5.0,0.0,1.0,4.0,3.0,64.0,0.0,2.0,0.0,3.0,5.0
20240905-KT_Wiz-Lotte_Giants,20240905KTLT0,43.0,18.0,0.4186046511627907,36.0,11.0,0.3055555555555556,조이현,5.0,77.0,1.0,6.0,0.0,0.0,2.0,4.0,63.0,1.0,5.0,0.0,1.0,1.0,정현수,1.6666666666666665,37.0,3.0,3.0,0.0,3.0,2.0,6.666666666666666,159.0,9.0,15.0,0.0,2.0,9.0
20240905-Kiwoom_Heroes-NC_Dinos,20240905WONC0,45.0,14.0,0.3111111111111111,44.0,11.0,0.25,하영민,5.0,93.0,2.0,7.0,0.0,2.0,1.0,6.0,91.0,2.0,4.0,0.0,3.0,7.0,이재학,4.0,99.0,6.0,6.0,2.0,5.0,1.0,6.333333333333333,126.0,4.0,8.0,1.0,5.0,7.0
20240905-SSG_Landers-LG_Twins,20240905SKLG0,35.0,8.0,0.22857142857142856,30.0,5.0,0.16666666666666666,김광현,6.0,103.0,1.0,5.0,0.0,4.0,6.0,2.0,45.0,0.0,0.0,0.0,1.0,5.0,최원태,5.0,101.0,2.0,6.0,0.0,2.0,5.0,3.333333333333333,66.0,0.0,2.0,0.0,0.0,4.0
20240906-Hanwha_Eagles-LG_Twins,20240906HHLG0,36.0,9.0,0.25,32.0,7.0,0.21875,류현진,6.0,99.0,1.0,6.0,0.0,2.0,8.0,3.0,48.0,0.0,1.0,0.0,3.0,2.0,손주영,7.0,100.0,1.0,7.0,0.0,1.0,5.0,2.0,47.0,1.0,2.0,0.0,1.0,3.0
20240906-KT_Wiz-NC_Dinos,20240906KTNC0,38.0,11.0,0.2894736842105263,37.0,12.0,0.32432432432432434,고영표,6.0,94.0,3.0,8.0,0.0,3.0,5.0,2.0,63.0,0.0,4.0,0.0,1.0,1.0,이준호,2.0,63.0,6.0,6.0,1.0,3.0,4.0,7.0,110.0,0.0,5.0,0.0,1.0,5.0
20240906-Kiwoom_Heroes-KIA_Tigers,20240906WOHT0,36.0,9.0,0.25,36.0,14.0,0.3888888888888889,김윤하,6.0,91.0,4.0,8.0,2.0,1.0,2.0,1.3333333333333333,65.0,8.0,6.0,2.0,2.0,1.0,황동하,5.0,91.0,0.0,4.0,0.0,2.0,5.0,4.0,63.0,0.0,5.0,0.0,1.0,8.0
20240906-Samsung_Lions-Lotte_Giants,20240906SSLT0,39.0,13.0,0.3333333333333333,28.0,7.0,0.25,육선엽,2.3333333333333335,66.0,1.0,2.0,0.0,5.0,1.0,6.333333333333333,88.0,1.0,5.0,0.0,2.0,6.0,김진욱,4.0,91.0,3.0,6.0,0.0,3.0,5.0,5.0,80.0,4.0,7.0,1.0,1.0,3.0
20240907-Doosan_Bears-KT_Wiz,20240907OBKT0,41.0,15.0,0.36585365853658536,31.0,5.0,0.16129032258064516,곽빈,6.0,98.0,1.0,4.0,0.0,3.0,4.0,3.0,40.0,1.0,1.0,0.0,1.0,0.0,쿠에바스,3.0,60.0,3.0,4.0,1.0,3.0,2.0,6.0,109.0,8.0,11.0,2.0,3.0,10.0
20240907-Hanwha_Eagles-LG_Twins,20240907HHLG0,30.0,5.0,0.16666666666666666,35.0,15.0,0.42857142857142855,이상규,3.0,55.0,1.0,4.0,0.0,1.0,1.0,5.0,131.0,8.0,11.0,0.0,4.0,5.0,엔스,6.0,97.0,1.0,1.0,1.0,2.0,3.0,2.333333333333333,80.0,2.0,4.0,1.0,3.0,5.0
20240907-Kiwoom_Heroes-KIA_Tigers,20240907WOHT0,35.0,9.0,0.2571428571428571,29.0,6.0,0.20689655172413793,김인범,2.0,54.0,5.0,3.0,1.0,4.0,2.0,6.0,67.0,0.0,3.0,0.0,1.0,3.0,스타우트,5.0,99.0,1.0,6.0,0.0,3.0,8.0,4.0,52.0,1.0,3.0,0.0,0.0,4.0
20240907-NC_Dinos-Samsung_Lions,20240907NCSS0,40.0,13.0,0.325,30.0,3.0,0.1,요키시,6.0,112.0,1.0,3.0,0.0,4.0,4.0,3.0,39.0,0.0,0.0,0.0,1.0,3.0,백정현,6.0,87.0,9.0,13.0,3.0,0.0,7.0,2.6666666666666665,23.0,0.0,0.0,0.0,0.0,1.0
20240907-SSG_Landers-Lotte_Giants,20240907SKLT0,44.0,9.0,0.20454545454545456,41.0,6.0,0.14634146341463414,앤더슨,6.0,98.0,0.0,4.0,0.0,2.0,5.0,6.0,87.0,1.0,2.0,0.0,2.0,6.0,박세웅,7.333333333333333,97.0,0.0,4.0,0.0,1.0,5.0,4.0,91.0,1.0,5.0,0.0,4.0,3.0
20240908-Hanwha_Eagles-LG_Twins,20240908HHLG0,33.0,9.0,0.2727272727272727,42.0,19.0,0.4523809523809524,조동욱,2.0,49.0,1.0,2.0,0.0,3.0,3.0,5.666666666666666,112.0,12.0,17.0,3.0,2.0,2.0,에르난데스,5.0,99.0,2.0,3.0,1.0,4.0,4.0,4.0,52.0,1.0,6.0,0.0,2.0,2.0
20240908-Kiwoom_Heroes-KIA_Tigers,20240908WOHT0,31.0,5.0,0.16129032258064516,31.0,9.0,0.2903225806451613,후라도,7.333333333333333,97.0,3.0,7.0,0.0,0.0,4.0,0.0,13.0,1.0,2.0,0.0,0.0,0.0,양현종,7.0,83.0,1.0,2.0,0.0,1.0,10.0,1.0,46.0,1.0,3.0,0.0,2.0,3.0
20240908-NC_Dinos-Samsung_Lions,20240908NCSS0,35.0,10.0,0.2857142857142857,37.0,16.0,0.43243243243243246,이용준,4.333333333333333,76.0,4.0,7.0,0.0,1.0,4.0,3.333333333333333,87.0,5.0,9.0,2.0,2.0,3.0,원태인,5.666666666666667,111.0,2.0,6.0,0.0,2.0,7.0,2.6666666666666665,51.0,0.0,4.0,0.0,0.0,4.0
20240908-SSG_Landers-Lotte_Giants,20240908SKLT0,40.0,14.0,0.35,43.0,17.0,0.3953488372093023,엘리아스,6.0,100.0,2.0,9.0,0.0,0.0,6.0,3.0,66.0,4.0,8.0,0.0,0.0,2.0,반즈,4.0,76.0,4.0,8.0,1.0,1.0,2.0,4.333333333333333,77.0,5.0,6.0,1.0,4.0,2.0
20240910-Doosan_Bears-Kiwoom_Heroes,20240910OBWO0,31.0,5.0,0.16129032258064516,34.0,11.0,0.3235294117647059,발라조빅,3.3333333333333335,67.0,3.0,5.0,0.0,3.0,5.0,3.0,82.0,4.0,6.0,1.0,3.0,5.0,헤이수스,7.0,107.0,0.0,3.0,0.0,1.0,8.0,2.0,21.0,1.0,2.0,0.0,0.0,0.0
20240910-Hanwha_Eagles-SSG_Landers,20240910HHSK0,30.0,4.0,0.13333333333333333,32.0,9.0,0.28125,와이스,6.0,85.0,2.0,4.0,1.0,1.0,8.0,2.0,46.0,3.0,5.0,1.0,0.0,4.0,송영진,5.333333333333333,84.0,0.0,3.0,0.0,3.0,2.0,3.0,63.0,0.0,1.0,0.0,2.0,4.0
20240910-Lotte_Giants-LG_Twins,20240910LTLG0,39.0,10.0,0.2564102564102564,31.0,5.0,0.16129032258064516,윌커슨,7.666666666666667,105.0,1.0,4.0,0.0,3.0,4.0,2.0,31.0,0.0,1.0,0.0,1.0,4.0,임찬규,6.0,99.0,1.0,6.0,1.0,1.0,4.0,4.0,63.0,1.0,4.0,0.0,1.0,1.0
20240910-NC_Dinos-KT_Wiz,20240910NCKT0,37.0,12.0,0.32432432432432434,36.0,12.0,0.3333333333333333,하트,3.0,53.0,3.0,4.0,0.0,2.0,3.0,3.0,117.0,8.0,8.0,1.0,5.0,3.0,벤자민,5.0,89.0,6.0,8.0,4.0,2.0,4.0,3.333333333333333,77.0,2.0,4.0,1.0,3.0,3.0
20240911-Kiwoom_Heroes-LG_Twins,20240911WOLG0,37.0,13.0,0.35135135135135137,32.0,7.0,0.21875,하영민,5.333333333333333,93.0,5.0,6.0,0.0,2.0,9.0,3.6666666666666665,51.0,0.0,1.0,0.0,1.0,2.0,최원태,5.666666666666667,103.0,4.0,7.0,0.0,3.0,5.0,2.0,73.0,5.0,6.0,0.0,3.0,2.0
20240911-Lotte_Giants-SSG_Landers,20240911LTSK0,39.0,14.0,0.358974358974359,38.0,10.0,0.2631578947368421,박진,3.6666666666666665,56.0,0.0,4.0,0.0,1.0,4.0,5.333333333333333,95.0,1.0,6.0,1.0,2.0,8.0,김광현,4.0,74.0,6.0,6.0,2.0,1.0,4.0,3.6666666666666665,99.0,3.0,8.0,0.0,4.0,5.0
20240911-NC_Dinos-KT_Wiz,20240911NCKT0,34.0,8.0,0.23529411764705882,28.0,4.0,0.14285714285714285,이재학,6.0,96.0,2.0,1.0,1.0,2.0,6.0,2.0,28.0,0.0,3.0,0.0,0.0,0.0,엄상백,5.0,99.0,0.0,5.0,0.0,2.0,4.0,3.0,65.0,1.0,3.0,1.0,0.0,0.0
20240911-Samsung_Lions-Hanwha_Eagles,20240911SSHH0,43.0,17.0,0.3953488372093023,28.0,2.0,0.07142857142857142,코너,3.3333333333333335,58.0,0.0,0.0,0.0,3.0,4.0,5.666666666666666,97.0,1.0,2.0,1.0,3.0,5.0,바리아,3.6666666666666665,105.0,6.0,9.0,1.0,1.0,7.0,5.333333333333333,110.0,4.0,8.0,1.0,4.0,5.0
20240912-Lotte_Giants-KIA_Tigers,20240912LTHT0,29.0,2.0,0.06896551724137931,38.0,15.0,0.39473684210526316,김진욱,4.333333333333333,93.0,5.0,8.0,0.0,2.0,4.0,3.333333333333333,74.0,4.0,7.0,1.0,3.0,6.0,라우어,6.0,78.0,0.0,1.0,0.0,1.0,9.0,3.0,32.0,0.0,1.0,0.0,0.0,4.0
20240912-NC_Dinos-KT_Wiz,20240912NCKT0,33.0,10.0,0.30303030303030304,30.0,8.0,0.26666666666666666,임상현,5.0,81.0,4.0,3.0,1.0,4.0,3.0,2.333333333333333,76.0,6.0,5.0,1.0,5.0,2.0,쿠에바스,6.0,88.0,2.0,6.0,0.0,2.0,6.0,3.0,34.0,2.0,4.0,1.0,2.0,1.0
20240912-Samsung_Lions-Hanwha_Eagles,20240912SSHH0,38.0,12.0,0.3157894736842105,32.0,8.0,0.25,레예스,5.0,63.0,1.0,5.0,0.0,1.0,5.0,4.0,82.0,0.0,3.0,0.0,3.0,7.0,김기중,0.0,25.0,4.0,5.0,1.0,1.0,0.0,8.666666666666666,134.0,3.0,7.0,1.0,2.0,5.0
20240913-Hanwha_Eagles-Lotte_Giants,20240913HHLT0,38.0,11.0,0.2894736842105263,34.0,8.0,0.23529411764705882,류현진,6.0,99.0,1.0,6.0,0.0,1.0,3.0,2.6666666666666665,52.0,2.0,2.0,0.0,2.0,2.0,박세웅,6.666666666666667,100.0,2.0,6.0,0.0,1.0,5.0,2.0,67.0,4.0,5.0,1.0,3.0,5.0
20240914-Hanwha_Eagles-Lotte_Giants,20240914HHLT0,42.0,17.0,0.40476190476190477,41.0,18.0,0.43902439024390244,이상규,0.0,23.0,4.0,5.0,2.0,0.0,0.0,6.333333333333334,159.0,6.0,13.0,0.0,3.0,5.0,반즈,6.0,93.0,2.0,6.0,0.0,3.0,5.0,1.6666666666666665,59.0,7.0,11.0,0.0,0.0,0.0
20240914-KT_Wiz-Doosan_Bears,20240914KTOB0,27.0,3.0,0.1111111111111111,25.0,4.0,0.16,고영표,6.0,86.0,1.0,4.0,0.0,1.0,4.0,2.0,22.0,0.0,0.0,0.0,0.0,0.0,곽빈,5.0,90.0,0.0,2.0,0.0,5.0,5.0,3.0,54.0,0.0,1.0,0.0,2.0,3.0
20240914-Kiwoom_Heroes-KIA_Tigers,20240914WOHT0,34.0,7.0,0.20588235294117646,29.0,9.0,0.3103448275862069,후라도,7.0,90.0,1.0,6.0,1.0,1.0,4.0,1.0,20.0,2.0,3.0,0.0,1.0,1.0,스타우트,5.333333333333333,92.0,0.0,3.0,0.0,2.0,6.0,3.6666666666666665,69.0,1.0,4.0,0.0,1.0,6.0
20240914-LG_Twins-NC_Dinos,20240914LGNC0,34.0,12.0,0.35294117647058826,37.0,11.0,0.2972972972972973,에르난데스,6.0,87.0,1.0,4.0,0.0,3.0,7.0,2.6666666666666665,74.0,5.0,7.0,0.0,2.0,1.0,요키시,4.333333333333333,101.0,5.0,11.0,0.0,2.0,5.0,3.6666666666666665,51.0,1.0,1.0,0.0,1.0,2.0
20240914-Samsung_Lions-SSG_Landers,20240914SSSK0,37.0,11.0,0.2972972972972973,36.0,13.0,0.3611111111111111,백정현,2.3333333333333335,48.0,3.0,4.0,1.0,1.0,3.0,3.6666666666666665,134.0,8.0,9.0,0.0,4.0,3.0,앤더슨,4.0,76.0,8.0,5.0,1.0,5.0,3.0,5.0,79.0,1.0,6.0,0.0,0.0,5.0
20240915-Hanwha_Eagles-Lotte_Giants,20240915HHLT0,39.0,12.0,0.3076923076923077,37.0,16.0,0.43243243243243246,와이스,3.6666666666666665,81.0,10.0,10.0,1.0,1.0,3.0,4.333333333333333,80.0,6.0,6.0,0.0,5.0,2.0,윌커슨,6.0,98.0,5.0,6.0,1.0,2.0,5.0,2.333333333333333,62.0,2.0,6.0,0.0,2.0,3.0
20240915-Kiwoom_Heroes-KIA_Tigers,20240915WOHT0,41.0,13.0,0.3170731707317073,42.0,15.0,0.35714285714285715,헤이수스,5.0,99.0,3.0,10.0,1.0,0.0,5.0,3.6666666666666665,71.0,2.0,5.0,0.0,0.0,2.0,양현종,4.333333333333333,82.0,5.0,10.0,1.0,2.0,2.0,4.0,71.0,3.0,3.0,0.0,2.0,4.0
20240915-LG_Twins-NC_Dinos,20240915LGNC0,29.0,5.0,0.1724137931034483,32.0,11.0,0.34375,손주영,5.0,75.0,4.0,8.0,1.0,2.0,3.0,3.0,60.0,0.0,3.0,0.0,2.0,3.0,최성영,6.0,84.0,0.0,4.0,0.0,2.0,2.0,2.0,49.0,1.0,1.0,0.0,3.0,2.0
20240915-Samsung_Lions-SSG_Landers,20240915SSSK0,37.0,9.0,0.24324324324324326,43.0,21.0,0.4883720930232558,원태인,4.0,72.0,5.0,9.0,1.0,2.0,2.0,1.3333333333333333,82.0,9.0,12.0,3.0,0.0,2.0,엘리아스,5.666666666666667,89.0,4.0,6.0,1.0,1.0,7.0,2.0,78.0,3.0,3.0,3.0,3.0,3.0
20240916-KIA_Tigers-KT_Wiz,20240916HTKT0,39.0,16.0,0.41025641025641024,35.0,12.0,0.34285714285714286,황동하,5.0,76.0,1.0,7.0,0.0,3.0,3.0,4.0,71.0,4.0,5.0,0.0,2.0,2.0,벤자민,2.6666666666666665,48.0,3.0,5.0,1.0,2.0,1.0,5.0,101.0,6.0,11.0,2.0,0.0,3.0
20240916-Kiwoom_Heroes-Doosan_Bears,20240916WOOB0,34.0,7.0,0.20588235294117646,34.0,7.0,0.20588235294117646,김윤하,6.0,91.0,1.0,4.0,0.0,3.0,2.0,3.0,99.0,4.0,3.0,1.0,7.0,2.0,발라조빅,4.666666666666667,100.0,1.0,3.0,0.0,3.0,6.0,5.0,104.0,2.0,4.0,0.0,5.0,5.0
20240917-Hanwha_Eagles-NC_Dinos,20240917HHNC0,30.0,6.0,0.2,33.0,7.0,0.21212121212121213,바리아,5.0,75.0,0.0,3.0,0.0,0.0,4.0,3.6666666666666665,58.0,1.0,4.0,0.0,1.0,4.0,이재학,5.0,92.0,2.0,4.0,1.0,3.0,7.0,3.0,67.0,2.0,2.0,0.0,3.0,2.0
20240917-KIA_Tigers-SSG_Landers,20240917HTSK0,32.0,6.0,0.1875,30.0,9.0,0.3,김도현,5.0,75.0,1.0,7.0,0.0,1.0,2.0,1.3333333333333333,47.0,1.0,2.0,1.0,2.0,3.0,김광현,5.0,101.0,0.0,4.0,0.0,5.0,7.0,4.0,61.0,0.0,2.0,0.0,4.0,1.0
20240917-KT_Wiz-Kiwoom_Heroes,20240917KTWO0,36.0,11.0,0.3055555555555556,35.0,7.0,0.2,엄상백,5.333333333333333,86.0,1.0,4.0,0.0,4.0,5.0,3.333333333333333,52.0,1.0,3.0,0.0,1.0,4.0,하영민,5.0,92.0,4.0,9.0,0.0,1.0,1.0,4.0,63.0,0.0,2.0,0.0,2.0,5.0
20240917-LG_Twins-Lotte_Giants,20240917LGLT0,34.0,8.0,0.23529411764705882,33.0,13.0,0.3939393939393939,엔스,5.0,96.0,3.0,7.0,0.0,5.0,6.0,1.0,74.0,4.0,6.0,1.0,3.0,2.0,박진,3.3333333333333335,66.0,3.0,6.0,0.0,2.0,1.0,5.0,92.0,0.0,2.0,0.0,2.0,3.0
20240917-Samsung_Lions-Doosan_Bears,20240917SSOB0,33.0,8.0,0.24242424242424243,34.0,11.0,0.3235294117647059,황동재,3.6666666666666665,92.0,6.0,6.0,1.0,5.0,2.0,3.333333333333333,71.0,2.0,5.0,0.0,2.0,2.0,최원준,6.0,101.0,2.0,5.0,1.0,3.0,3.0,2.0,56.0,2.0,3.0,1.0,2.0,1.0
20240918-Hanwha_Eagles-NC_Dinos,20240918HHNC0,27.0,4.0,0.14814814814814814,36.0,13.0,0.3611111111111111,조동욱,1.3333333333333333,25.0,2.0,3.0,1.0,0.0,1.0,5.333333333333333,114.0,3.0,10.0,0.0,2.0,5.0,임상현,6.0,80.0,2.0,3.0,1.0,2.0,3.0,3.0,36.0,0.0,1.0,0.0,0.0,4.0
20240918-LG_Twins-Lotte_Giants,20240918LGLT0,36.0,10.0,0.2777777777777778,36.0,8.0,0.2222222222222222,임찬규,6.666666666666667,99.0,1.0,7.0,0.0,1.0,4.0,2.0,43.0,2.0,1.0,1.0,3.0,2.0,김진욱,6.0,103.0,0.0,3.0,0.0,3.0,7.0,1.0,51.0,4.0,7.0,1.0,0.0,1.0
20240918-Samsung_Lions-KT_Wiz,20240918SSKT0,34.0,9.0,0.2647058823529412,37.0,12.0,0.32432432432432434,레예스,5.666666666666667,95.0,4.0,6.0,0.0,4.0,2.0,2.0,51.0,2.0,6.0,2.0,1.0,0.0,조이현,3.0,44.0,3.0,3.0,1.0,2.0,2.0,6.0,89.0,5.0,6.0,1.0,4.0,3.0
20240919-Hanwha_Eagles-NC_Dinos,20240919HHNC0,38.0,14.0,0.3684210526315789,36.0,10.0,0.2777777777777778,류현진,3.0,67.0,4.0,7.0,1.0,1.0,3.0,6.0,91.0,2.0,3.0,1.0,3.0,6.0,이용준,1.0,25.0,4.0,5.0,1.0,0.0,0.0,8.0,135.0,3.0,9.0,0.0,2.0,11.0
20240919-KIA_Tigers-Doosan_Bears,20240919HTOB0,34.0,8.0,0.23529411764705882,35.0,10.0,0.2857142857142857,스타우트,1.6666666666666665,39.0,3.0,4.0,0.0,1.0,0.0,6.333333333333333,126.0,4.0,6.0,1.0,3.0,4.0,최승용,6.0,73.0,3.0,4.0,1.0,1.0,5.0,3.0,46.0,1.0,4.0,0.0,2.0,0.0
20240919-Kiwoom_Heroes-SSG_Landers,20240919WOSK0,34.0,9.0,0.2647058823529412,34.0,12.0,0.35294117647058826,전준표,3.3333333333333335,72.0,3.0,3.0,0.0,2.0,3.0,4.666666666666666,82.0,5.0,9.0,2.0,2.0,5.0,앤더슨,6.0,73.0,1.0,3.0,0.0,2.0,5.0,1.0,59.0,5.0,6.0,1.0,3.0,4.0
20240919-LG_Twins-Lotte_Giants,20240919LGLT0,39.0,14.0,0.358974358974359,34.0,11.0,0.3235294117647059,임준형,0.0,16.0,0.0,2.0,0.0,1.0,0.0,8.333333333333332,127.0,4.0,9.0,1.0,4.0,7.0,박세웅,6.333333333333333,105.0,4.0,8.0,3.0,1.0,7.0,1.3333333333333333,50.0,3.0,6.0,0.0,0.0,2.0
20240919-Samsung_Lions-KT_Wiz,20240919SSKT0,39.0,14.0,0.358974358974359,39.0,17.0,0.4358974358974359,이호성,2.0,51.0,2.0,4.0,1.0,2.0,0.0,5.666666666666666,137.0,9.0,13.0,1.0,5.0,5.0,쿠에바스,4.0,82.0,4.0,8.0,1.0,3.0,4.0,3.0,106.0,1.0,6.0,0.0,4.0,4.0
20240921-Doosan_Bears-LG_Twins,20240921OBLG1,41.0,14.0,0.34146341463414637,37.0,11.0,0.2972972972972973,곽빈,5.333333333333333,99.0,7.0,9.0,1.0,2.0,2.0,3.333333333333333,47.0,0.0,2.0,0.0,1.0,3.0,에르난데스,0.0,5.0,2.0,1.0,0.0,1.0,0.0,8.666666666666666,190.0,12.0,13.0,3.0,8.0,5.0
20240921-Doosan_Bears-LG_Twins-G2,20240921OBLG2,29.0,4.0,0.13793103448275862,27.0,4.0,0.14814814814814814,김민규,4.333333333333333,75.0,2.0,4.0,2.0,3.0,5.0,3.6666666666666665,49.0,0.0,0.0,0.0,1.0,1.0,손주영,7.0,99.0,0.0,4.0,0.0,1.0,9.0,2.0,29.0,0.0,0.0,0.0,0.0,3.0
20240921-SSG_Landers-KT_Wiz,20240921SKKT0,34.0,8.0,0.23529411764705882,33.0,9.0,0.2727272727272727,엘리아스,7.0,100.0,1.0,6.0,0.0,2.0,7.0,1.0,34.0,0.0,3.0,0.0,1.0,3.0,고영표,6.0,86.0,2.0,6.0,2.0,2.0,4.0,2.0,41.0,2.0,2.0,0.0,1.0,0.0
20240922-Doosan_Bears-LG_Twins,20240922OBLG0,36.0,9.0,0.25,34.0,12.0,0.35294117647058826,발라조빅,5.666666666666667,109.0,7.0,9.0,2.0,2.0,4.0,1.3333333333333333,57.0,2.0,3.0,0.0,3.0,0.0,엔스,6.0,108.0,4.0,8.0,1.0,0.0,3.0,3.0,33.0,0.0,1.0,0.0,0.0,1.0
20240922-Kiwoom_Heroes-Samsung_Lions,20240922WOSS0,40.0,13.0,0.325,31.0,8.0,0.25806451612903225,후라도,6.0,88.0,6.0,5.0,3.0,2.0,4.0,2.0,46.0,3.0,3.0,0.0,2.0,3.0,원태인,6.0,100.0,1.0,5.0,0.0,1.0,5.0,1.0,63.0,1.0,8.0,1.0,2.0,3.0
20240922-Lotte_Giants-Hanwha_Eagles,20240922LTHH0,34.0,7.0,0.20588235294117646,35.0,11.0,0.3142857142857143,반즈,6.666666666666667,112.0,5.0,8.0,1.0,3.0,8.0,0.0,54.0,1.0,3.0,0.0,4.0,2.0,와이스,4.666666666666667,109.0,2.0,5.0,0.0,6.0,4.0,4.0,60.0,1.0,2.0,0.0,0.0,1.0
20240922-SSG_Landers-KT_Wiz,20240922SKKT0,32.0,5.0,0.15625,31.0,5.0,0.16129032258064516,김광현,6.0,93.0,0.0,1.0,0.0,4.0,5.0,3.0,60.0,2.0,4.0,0.0,2.0,4.0,벤자민,5.666666666666667,106.0,5.0,4.0,2.0,3.0,6.0,3.333333333333333,50.0,1.0,1.0,1.0,0.0,3.0
20240923-Lotte_Giants-Hanwha_Eagles,20240923LTHH0,34.0,8.0,0.23529411764705882,32.0,5.0,0.15625,윌커슨,6.666666666666667,102.0,2.0,4.0,0.0,1.0,7.0,2.0,28.0,0.0,1.0,0.0,1.0,3.0,바리아,5.666666666666667,75.0,1.0,3.0,0.0,0.0,6.0,2.0,63.0,2.0,5.0,0.0,2.0,5.0
20240923-SSG_Landers-Doosan_Bears,20240923SKOB0,38.0,11.0,0.2894736842105263,28.0,9.0,0.32142857142857145,송영진,4.0,78.0,6.0,4.0,1.0,4.0,1.0,3.333333333333333,67.0,2.0,5.0,1.0,3.0,4.0,최원준,3.3333333333333335,72.0,4.0,6.0,0.0,2.0,3.0,5.333333333333333,76.0,0.0,5.0,0.0,1.0,2.0
20240923-Samsung_Lions-KIA_Tigers,20240923SSHT0,32.0,5.0,0.15625,33.0,13.0,0.3939393939393939,이승민,4.0,67.0,2.0,7.0,2.0,1.0,1.0,4.0,67.0,3.0,6.0,0.0,2.0,4.0,윤영철,3.0,37.0,0.0,1.0,0.0,0.0,2.0,4.333333333333333,107.0,3.0,4.0,1.0,2.0,9.0
20240924-Hanwha_Eagles-Kiwoom_Heroes,20240924HHWO0,35.0,9.0,0.2571428571428571,36.0,12.0,0.3333333333333333,이상규,4.333333333333333,83.0,3.0,6.0,0.0,3.0,2.0,3.6666666666666665,62.0,2.0,6.0,0.0,1.0,3.0,헤이수스,6.0,97.0,2.0,7.0,1.0,2.0,5.0,3.0,48.0,2.0,2.0,0.0,2.0,0.0
20240924-LG_Twins-SSG_Landers,20240924LGSK0,44.0,16.0,0.36363636363636365,32.0,7.0,0.21875,임찬규,5.0,86.0,3.0,4.0,1.0,2.0,5.0,4.0,51.0,2.0,3.0,1.0,0.0,3.0,앤더슨,2.0,66.0,5.0,5.0,1.0,4.0,1.0,7.0,136.0,8.0,11.0,3.0,3.0,7.0
20240924-Lotte_Giants-KT_Wiz,20240924LTKT0,30.0,5.0,0.16666666666666666,33.0,11.0,0.3333333333333333,김진욱,4.333333333333333,82.0,1.0,7.0,0.0,0.0,6.0,3.0,55.0,4.0,4.0,1.0,0.0,2.0,엄상백,5.0,88.0,0.0,5.0,0.0,2.0,3.0,4.0,53.0,0.0,0.0,0.0,3.0,2.0
20240924-NC_Dinos-Doosan_Bears,20240924NCOB0,35.0,8.0,0.22857142857142856,31.0,12.0,0.3870967741935484,이재학,4.0,92.0,7.0,8.0,3.0,3.0,2.0,4.0,41.0,2.0,4.0,0.0,1.0,1.0,최승용,5.0,68.0,2.0,5.0,1.0,0.0,4.0,3.333333333333333,73.0,3.0,3.0,1.0,2.0,5.0
20240924-Samsung_Lions-KIA_Tigers,20240924SSHT0,29.0,4.0,0.13793103448275862,32.0,9.0,0.28125,김대호,4.0,87.0,5.0,7.0,1.0,2.0,1.0,4.0,72.0,1.0,2.0,0.0,4.0,4.0,김도현,7.0,89.0,0.0,3.0,0.0,2.0,7.0,2.0,25.0,1.0,1.0,0.0,1.0,3.0
20240925-Hanwha_Eagles-LG_Twins,20240925HHLG0,36.0,11.0,0.3055555555555556,32.0,7.0,0.21875,조동욱,3.0,52.0,2.0,4.0,0.0,2.0,2.0,6.0,72.0,0.0,3.0,0.0,1.0,5.0,최원태,6.0,101.0,3.0,6.0,0.0,2.0,3.0,2.0,27.0,1.0,5.0,0.0,0.0,1.0
20240925-Kiwoom_Heroes-Samsung_Lions,20240925WOSS0,35.0,8.0,0.22857142857142856,32.0,9.0,0.28125,하영민,5.0,93.0,4.0,7.0,1.0,3.0,4.0,3.0,48.0,2.0,2.0,1.0,1.0,1.0,레예스,6.0,86.0,3.0,4.0,2.0,1.0,7.0,2.0,57.0,0.0,4.0,0.0,2.0,1.0
20240925-Lotte_Giants-KIA_Tigers,20240925LTHT0,36.0,11.0,0.3055555555555556,31.0,7.0,0.22580645161290322,박진,6.0,83.0,1.0,4.0,0.0,0.0,7.0,3.0,49.0,1.0,3.0,0.0,1.0,2.0,양현종,5.0,66.0,5.0,7.0,0.0,0.0,4.0,4.0,68.0,0.0,4.0,0.0,2.0,3.0
20240925-SSG_Landers-NC_Dinos,20240925SKNC0,33.0,8.0,0.24242424242424243,34.0,7.0,0.20588235294117646,박종훈,4.666666666666667,70.0,1.0,2.0,1.0,3.0,6.0,3.333333333333333,87.0,1.0,5.0,0.0,0.0,6.0,하트,6.0,100.0,6.0,5.0,2.0,3.0,10.0,3.0,43.0,2.0,3.0,0.0,2.0,1.0
20240926-Doosan_Bears-Lotte_Giants,20240926OBLT0,36.0,8.0,0.2222222222222222,36.0,9.0,0.25,곽빈,6.0,90.0,0.0,4.0,0.0,3.0,7.0,1.3333333333333333,74.0,3.0,5.0,0.0,5.0,2.0,박세웅,6.0,96.0,4.0,7.0,0.0,0.0,3.0,2.6666666666666665,52.0,0.0,1.0,0.0,3.0,2.0
20240926-Kiwoom_Heroes-LG_Twins,20240926WOLG0,37.0,10.0,0.2702702702702703,30.0,9.0,0.3,김윤하,7.0,99.0,3.0,7.0,0.0,2.0,4.0,1.0,32.0,3.0,2.0,0.0,2.0,1.0,에르난데스,5.0,101.0,1.0,5.0,0.0,1.0,10.0,4.0,67.0,2.0,5.0,1.0,0.0,4.0
20240926-SSG_Landers-NC_Dinos,20240926SKNC0,43.0,17.0,0.3953488372093023,33.0,7.0,0.21212121212121213,엘리아스,7.0,92.0,0.0,4.0,0.0,1.0,10.0,2.0,31.0,1.0,3.0,0.0,0.0,1.0,요키시,5.0,93.0,1.0,7.0,1.0,1.0,7.0,3.0,79.0,9.0,10.0,0.0,1.0,6.0
20240927-KIA_Tigers-Hanwha_Eagles,20240927HTHH0,33.0,6.0,0.18181818181818182,36.0,13.0,0.3611111111111111,황동하,5.0,81.0,3.0,6.0,0.0,3.0,1.0,2.0,79.0,4.0,7.0,1.0,1.0,4.0,와이스,6.0,82.0,0.0,3.0,0.0,0.0,6.0,3.0,48.0,0.0,3.0,0.0,2.0,4.0
20240927-Kiwoom_Heroes-KT_Wiz,20240927WOKT0,48.0,13.0,0.2708333333333333,46.0,15.0,0.32608695652173914,전준표,3.3333333333333335,74.0,5.0,9.0,1.0,4.0,2.0,7.333333333333333,135.0,3.0,6.0,1.0,4.0,6.0,쿠에바스,3.3333333333333335,57.0,4.0,5.0,1.0,2.0,1.0,7.666666666666666,119.0,3.0,8.0,0.0,1.0,6.0
20240927-NC_Dinos-Lotte_Giants,20240927NCLT0,38.0,13.0,0.34210526315789475,33.0,15.0,0.45454545454545453,임상현,5.0,82.0,8.0,10.0,1.0,4.0,3.0,2.333333333333333,60.0,5.0,5.0,0.0,5.0,0.0,한현희,5.0,66.0,2.0,6.0,1.0,1.0,6.0,3.0,65.0,4.0,7.0,1.0,1.0,3.0
20240928-Doosan_Bears-NC_Dinos,20240928OBNC0,32.0,7.0,0.21875,33.0,7.0,0.21212121212121213,김유성,2.0,29.0,0.0,0.0,0.0,0.0,3.0,5.0,130.0,2.0,7.0,0.0,3.0,10.0,이용준,3.0,59.0,3.0,4.0,1.0,2.0,3.0,6.0,82.0,1.0,3.0,0.0,3.0,6.0
20240928-KIA_Tigers-Lotte_Giants,20240928HTLT0,37.0,12.0,0.32432432432432434,39.0,13.0,0.3333333333333333,윤영철,3.3333333333333335,62.0,2.0,5.0,0.0,3.0,1.0,4.666666666666666,103.0,5.0,8.0,1.0,2.0,2.0,반즈,5.333333333333333,84.0,5.0,7.0,0.0,2.0,6.0,3.3333333333333335,85.0,7.0,5.0,0.0,5.0,3.0
20240928-Kiwoom_Heroes-KT_Wiz,20240928WOKT0,36.0,8.0,0.2222222222222222,38.0,15.0,0.39473684210526316,조영건,3.0,39.0,4.0,3.0,0.0,1.0,1.0,5.0,114.0,6.0,12.0,0.0,0.0,3.0,벤자민,3.3333333333333335,85.0,4.0,5.0,1.0,4.0,6.0,5.0,60.0,1.0,3.0,0.0,0.0,4.0
20240928-LG_Twins-Samsung_Lions,20240928LGSS0,39.0,16.0,0.41025641025641024,34.0,7.0,0.20588235294117646,이지강,3.0,60.0,4.0,6.0,2.0,0.0,1.0,6.0,88.0,0.0,1.0,0.0,2.0,8.0,최지명,3.0,50.0,4.0,4.0,2.0,1.0,1.0,5.666666666666666,116.0,6.0,12.0,0.0,3.0,3.0
20240928-SSG_Landers-Hanwha_Eagles,20240928SKHH0,37.0,12.0,0.32432432432432434,33.0,5.0,0.15151515151515152,김광현,5.333333333333333,97.0,2.0,3.0,0.0,4.0,6.0,3.333333333333333,63.0,0.0,2.0,0.0,1.0,7.0,김기중,2.6666666666666665,44.0,2.0,4.0,0.0,1.0,3.0,5.666666666666666,118.0,4.0,8.0,0.0,3.0,5.0
20240929-NC_Dinos-Hanwha_Eagles,20240929NCHH0,40.0,15.0,0.375,30.0,4.0,0.13333333333333333,최성영,5.0,64.0,1.0,4.0,0.0,1.0,1.0,4.0,66.0,0.0,0.0,0.0,3.0,3.0,정우람,0.0,4.0,0.0,1.0,0.0,0.0,0.0,7.333333333333333,169.0,4.0,14.0,0.0,4.0,5.0
20240930-Kiwoom_Heroes-SSG_Landers,20240930WOSK0,32.0,7.0,0.21875,33.0,8.0,0.24242424242424243,윤석원,2.3333333333333335,49.0,1.0,2.0,0.0,2.0,0.0,5.0,96.0,2.0,6.0,2.0,1.0,3.0,앤더슨,5.0,83.0,0.0,1.0,0.0,2.0,8.0,3.0,67.0,2.0,6.0,0.0,1.0,4.0
20240930-NC_Dinos-KIA_Tigers,20240930NCHT0,39.0,11.0,0.28205128205128205,38.0,15.0,0.39473684210526316,손주환,1.6666666666666665,36.0,4.0,2.0,0.0,2.0,2.0,5.666666666666666,134.0,6.0,13.0,1.0,4.0,5.0,라우어,4.0,71.0,2.0,5.0,0.0,2.0,4.0,4.0,101.0,2.0,6.0,0.0,2.0,6.0
20241001-Lotte_Giants-NC_Dinos,20241001LTNC0,36.0,12.0,0.3333333333333333,32.0,8.0,0.25,윌커슨,7.0,90.0,0.0,6.0,0.0,1.0,1.0,2.0,29.0,1.0,2.0,1.0,0.0,0.0,이재학,6.0,96.0,1.0,7.0,0.0,0.0,9.0,3.0,47.0,3.0,5.0,1.0,2.0,3.0
20250322-Doosan_Bears-SSG_Landers,20250322OBSK0,36.0,9.0,0.25,30.0,8.0,0.26666666666666666,콜어빈,5.0,92.0,4.0,7.0,0.0,3.0,6.0,2.333333333333333,47.0,2.0,1.0,1.0,2.0,1.0,앤더슨,3.6666666666666665,88.0,4.0,4.0,0.0,4.0,4.0,4.666666666666666,105.0,1.0,5.0,0.0,4.0,10.0
20250322-Hanwha_Eagles-KT_Wiz,20250322HHKT0,33.0,6.0,0.18181818181818182,36.0,12.0,0.3333333333333333,폰세,5.0,87.0,2.0,7.0,0.0,1.0,4.0,4.0,62.0,1.0,5.0,1.0,1.0,3.0,헤이수스,6.0,94.0,1.0,2.0,0.0,2.0,7.0,1.0,62.0,3.0,4.0,1.0,1.0,2.0
20250322-Kiwoom_Heroes-Samsung_Lions,20250322WOSS0,39.0,14.0,0.358974358974359,41.0,18.0,0.43902439024390244,로젠버그,3.0,74.0,8.0,8.0,1.0,4.0,4.0,5.0,97.0,5.0,10.0,1.0,1.0,5.0,후라도,6.0,90.0,2.0,8.0,1.0,1.0,5.0,3.0,61.0,3.0,6.0,1.0,1.0,3.0
20250322-Lotte_Giants-LG_Twins,20250322LTLG0,33.0,7.0,0.21212121212121213,37.0,15.0,0.40540540540540543,반즈,3.0,81.0,7.0,8.0,1.0,3.0,2.0,5.0,106.0,3.0,7.0,1.0,4.0,6.0,치리노스,6.0,103.0,2.0,5.0,0.0,3.0,8.0,3.0,29.0,0.0,2.0,0.0,0.0,0.0
20250322-NC_Dinos-KIA_Tigers,20250322NCHT0,34.0,7.0,0.20588235294117646,35.0,12.0,0.34285714285714286,로건,6.0,94.0,1.0,4.0,0.0,1.0,5.0,1.0,62.0,8.0,8.0,1.0,2.0,0.0,네일,5.0,66.0,0.0,2.0,0.0,1.0,5.0,3.6666666666666665,79.0,2.0,5.0,0.0,3.0,6.0
20250323-Doosan_Bears-SSG_Landers,20250323OBSK0,36.0,9.0,0.25,31.0,10.0,0.3225806451612903,잭로그,6.0,89.0,4.0,7.0,0.0,2.0,5.0,1.0,31.0,1.0,3.0,0.0,1.0,3.0,김광현,5.666666666666667,99.0,2.0,7.0,0.0,2.0,8.0,3.0,43.0,0.0,2.0,0.0,0.0,4.0
20250323-Hanwha_Eagles-KT_Wiz,20250323HHKT0,38.0,8.0,0.21052631578947367,38.0,7.0,0.18421052631578946,와이스,6.0,85.0,3.0,5.0,0.0,2.0,4.0,4.0,64.0,1.0,2.0,0.0,3.0,1.0,쿠에바스,6.666666666666667,94.0,3.0,5.0,1.0,2.0,4.0,4.0,53.0,1.0,3.0,1.0,2.0,3.0
20250323-Kiwoom_Heroes-Samsung_Lions,20250323WOSS0,38.0,11.0,0.2894736842105263,39.0,15.0,0.38461538461538464,하영민,3.0,60.0,4.0,8.0,1.0,0.0,3.0,5.0,106.0,4.0,7.0,3.0,4.0,5.0,백정현,2.6666666666666665,60.0,2.0,2.0,0.0,2.0,5.0,5.333333333333333,114.0,5.0,9.0,1.0,3.0,7.0
20250323-Lotte_Giants-LG_Twins,20250323LTLG0,31.0,6.0,0.1935483870967742,36.0,13.0,0.3611111111111111,박세웅,5.0,94.0,4.0,8.0,3.0,0.0,6.0,2.333333333333333,68.0,6.0,5.0,2.0,2.0,4.0,손주영,7.0,96.0,0.0,1.0,0.0,2.0,5.0,2.0,50.0,2.0,5.0,0.0,2.0,2.0
20250323-NC_Dinos-KIA_Tigers,20250323NCHT0,32.0,10.0,0.3125,34.0,6.0,0.17647058823529413,라일리,5.333333333333333,97.0,2.0,4.0,1.0,3.0,5.0,3.0,47.0,1.0,2.0,1.0,0.0,4.0,양현종,5.0,84.0,4.0,6.0,1.0,4.0,5.0,3.333333333333333,60.0,1.0,4.0,0.0,1.0,2.0
20250325-Doosan_Bears-KT_Wiz,20250325OBKT0,36.0,12.0,0.3333333333333333,34.0,12.0,0.35294117647058826,최원준,4.0,84.0,3.0,6.0,1.0,2.0,1.0,3.0,95.0,5.0,6.0,1.0,3.0,3.0,고영표,4.666666666666667,94.0,3.0,8.0,0.0,2.0,5.0,4.333333333333333,58.0,0.0,4.0,0.0,0.0,5.0
20250325-Hanwha_Eagles-LG_Twins,20250325HHLG0,29.0,2.0,0.06896551724137931,29.0,6.0,0.20689655172413793,류현진,6.0,81.0,0.0,3.0,0.0,0.0,5.0,2.0,68.0,4.0,3.0,0.0,5.0,2.0,에르난데스,7.0,88.0,0.0,1.0,0.0,1.0,8.0,2.0,23.0,0.0,1.0,0.0,0.0,1.0
20250325-Kiwoom_Heroes-KIA_Tigers,20250325WOHT0,36.0,10.0,0.2777777777777778,40.0,17.0,0.425,김윤하,5.0,93.0,7.0,9.0,5.0,2.0,3.0,3.0,55.0,3.0,8.0,0.0,1.0,2.0,올러,6.0,88.0,3.0,5.0,1.0,0.0,6.0,2.0,56.0,2.0,5.0,0.0,3.0,3.0
20250325-Lotte_Giants-SSG_Landers,20250325LTSK0,38.0,10.0,0.2631578947368421,35.0,4.0,0.11428571428571428,데이비슨,7.0,89.0,1.0,3.0,1.0,2.0,2.0,4.0,66.0,1.0,1.0,1.0,3.0,4.0,문승원,6.0,78.0,2.0,3.0,0.0,2.0,4.0,3.333333333333333,89.0,0.0,7.0,0.0,3.0,2.0
20250325-NC_Dinos-Samsung_Lions,20250325NCSS0,35.0,10.0,0.2857142857142857,33.0,12.0,0.36363636363636365,최성영,1.6666666666666665,52.0,5.0,5.0,1.0,2.0,0.0,6.333333333333333,126.0,4.0,7.0,3.0,7.0,9.0,최원태,5.0,83.0,4.0,6.0,0.0,4.0,4.0,4.0,71.0,1.0,4.0,0.0,1.0,7.0
20250326-Doosan_Bears-KT_Wiz,20250326OBKT0,37.0,10.0,0.2702702702702703,34.0,9.0,0.2647058823529412,최승용,5.333333333333333,97.0,2.0,7.0,0.0,2.0,3.0,2.6666666666666665,53.0,0.0,2.0,0.0,1.0,2.0,소형준,6.0,79.0,3.0,9.0,0.0,0.0,4.0,3.0,27.0,0.0,1.0,0.0,0.0,3.0
20250326-Hanwha_Eagles-LG_Twins,20250326HHLG0,28.0,2.0,0.07142857142857142,31.0,10.0,0.3225806451612903,엄상백,4.666666666666667,86.0,2.0,6.0,1.0,3.0,5.0,3.0,85.0,2.0,4.0,0.0,6.0,4.0,임찬규,9.0,100.0,0.0,2.0,0.0,2.0,5.0,0.0,0.0,0.0,0.0,0.0,0.0,0.0
20250326-Kiwoom_Heroes-KIA_Tigers,20250326WOHT0,47.0,21.0,0.44680851063829785,41.0,13.0,0.3170731707317073,정현우,5.0,122.0,4.0,8.0,0.0,7.0,4.0,4.0,95.0,4.0,5.0,0.0,5.0,3.0,윤영철,2.0,52.0,2.0,6.0,0.0,3.0,2.0,7.0,128.0,11.0,15.0,1.0,5.0,4.0
20250326-Lotte_Giants-SSG_Landers,20250326LTSK0,31.0,7.0,0.22580645161290322,27.0,7.0,0.25925925925925924,김진욱,6.0,94.0,2.0,4.0,1.0,4.0,7.0,0.0,26.0,1.0,3.0,0.0,1.0,2.0,송영진,6.333333333333333,83.0,1.0,6.0,0.0,1.0,6.0,2.0,31.0,0.0,1.0,0.0,0.0,0.0
20250326-NC_Dinos-Samsung_Lions,20250326NCSS0,37.0,15.0,0.40540540540540543,34.0,6.0,0.17647058823529413,신민혁,5.0,77.0,2.0,2.0,0.0,1.0,5.0,4.0,71.0,4.0,4.0,1.0,2.0,4.0,이승현,3.6666666666666665,77.0,5.0,7.0,0.0,4.0,1.0,5.0,80.0,3.0,8.0,1.0,3.0,2.0
20250327-Doosan_Bears-KT_Wiz,20250327OBKT0,34.0,8.0,0.23529411764705882,31.0,7.0,0.22580645161290322,김유성,5.0,97.0,4.0,6.0,1.0,2.0,7.0,2.333333333333333,48.0,0.0,1.0,0.0,2.0,3.0,오원석,5.0,92.0,0.0,2.0,0.0,6.0,3.0,3.333333333333333,75.0,1.0,6.0,1.0,0.0,6.0
20250327-Hanwha_Eagles-LG_Twins,20250327HHLG0,27.0,2.0,0.07407407407407407,30.0,5.0,0.16666666666666666,문동주,5.0,61.0,0.0,1.0,0.0,0.0,6.0,2.6666666666666665,70.0,2.0,4.0,0.0,4.0,1.0,송승기,7.0,94.0,0.0,1.0,0.0,1.0,5.0,2.0,28.0,1.0,1.0,0.0,2.0,0.0
20250327-Kiwoom_Heroes-KIA_Tigers,20250327WOHT0,34.0,9.0,0.2647058823529412,31.0,6.0,0.1935483870967742,윤현,5.0,83.0,1.0,3.0,0.0,6.0,2.0,4.0,67.0,2.0,3.0,1.0,2.0,3.0,김도현,6.0,81.0,0.0,4.0,0.0,3.0,2.0,2.0,79.0,3.0,5.0,0.0,4.0,4.0
20250327-Lotte_Giants-SSG_Landers,20250327LTSK0,26.0,2.0,0.07692307692307693,34.0,11.0,0.3235294117647059,나균안,4.666666666666667,86.0,2.0,4.0,0.0,3.0,6.0,3.0,61.0,3.0,7.0,0.0,0.0,4.0,박종훈,3.6666666666666665,70.0,2.0,1.0,0.0,6.0,3.0,5.333333333333333,76.0,0.0,1.0,0.0,3.0,7.0
20250327-NC_Dinos-Samsung_Lions,20250327NCSS0,40.0,17.0,0.425,30.0,5.0,0.16666666666666666,목지훈,4.0,84.0,4.0,4.0,1.0,3.0,3.0,4.333333333333333,77.0,1.0,1.0,0.0,4.0,1.0,김대호,3.6666666666666665,69.0,3.0,6.0,1.0,3.0,4.0,3.6666666666666665,116.0,6.0,11.0,0.0,3.0,3.0
20250328-KIA_Tigers-Hanwha_Eagles,20250328HTHH0,33.0,8.0,0.24242424242424243,30.0,7.0,0.23333333333333334,네일,6.0,101.0,0.0,3.0,0.0,2.0,5.0,1.0,71.0,5.0,4.0,1.0,5.0,2.0,폰세,7.0,105.0,2.0,7.0,1.0,1.0,8.0,2.0,36.0,0.0,1.0,0.0,2.0,3.0
20250328-KT_Wiz-Lotte_Giants,20250328KTLT0,34.0,7.0,0.20588235294117646,32.0,4.0,0.125,헤이수스,7.0,91.0,0.0,2.0,0.0,0.0,8.0,1.0,39.0,0.0,2.0,0.0,1.0,1.0,반즈,7.0,101.0,1.0,5.0,0.0,2.0,5.0,1.0,40.0,1.0,2.0,0.0,1.0,3.0
20250328-LG_Twins-NC_Dinos,20250328LGNC0,36.0,11.0,0.3055555555555556,34.0,9.0,0.2647058823529412,치리노스,6.0,93.0,2.0,6.0,0.0,2.0,5.0,2.0,64.0,2.0,3.0,0.0,3.0,5.0,로건,6.0,106.0,2.0,6.0,1.0,3.0,5.0,2.0,75.0,4.0,5.0,0.0,6.0,3.0
20250328-SSG_Landers-Kiwoom_Heroes,20250328SKWO0,34.0,7.0,0.20588235294117646,35.0,11.0,0.3142857142857143,앤더슨,5.0,97.0,3.0,6.0,1.0,3.0,6.0,3.0,57.0,4.0,5.0,0.0,1.0,4.0,로젠버그,7.0,106.0,2.0,4.0,1.0,1.0,9.0,2.0,29.0,1.0,3.0,0.0,0.0,1.0
20250328-Samsung_Lions-Doosan_Bears,20250328SSOB0,30.0,6.0,0.2,27.0,4.0,0.14814814814814814,후라도,8.0,99.0,2.0,4.0,0.0,1.0,11.0,0.0,0.0,0.0,0.0,0.0,0.0,0.0,콜어빈,7.0,87.0,0.0,3.0,0.0,2.0,4.0,1.3333333333333333,30.0,0.0,3.0,0.0,0.0,2.0
20250329-KIA_Tigers-Hanwha_Eagles,20250329HTHH0,30.0,6.0,0.2,32.0,9.0,0.28125,양현종,6.0,100.0,1.0,6.0,0.0,3.0,5.0,0.0,45.0,1.0,3.0,0.0,1.0,2.0,와이스,5.0,96.0,4.0,6.0,2.0,3.0,7.0,4.0,65.0,0.0,0.0,0.0,4.0,2.0
20250329-KT_Wiz-Lotte_Giants,20250329KTLT0,32.0,6.0,0.1875,30.0,8.0,0.26666666666666666,쿠에바스,7.0,87.0,3.0,7.0,1.0,1.0,4.0,1.0,14.0,0.0,1.0,0.0,0.0,1.0,박세웅,6.0,101.0,1.0,5.0,0.0,3.0,6.0,2.0,42.0,0.0,1.0,0.0,2.0,3.0
20250329-LG_Twins-NC_Dinos,20250329LGNC0,39.0,12.0,0.3076923076923077,35.0,8.0,0.22857142857142856,손주영,6.0,101.0,4.0,6.0,3.0,1.0,6.0,3.0,32.0,0.0,2.0,0.0,0.0,3.0,라일리,5.333333333333333,108.0,6.0,7.0,2.0,6.0,4.0,3.6666666666666665,76.0,3.0,5.0,0.0,2.0,1.0
20250329-SSG_Landers-Kiwoom_Heroes,20250329SKWO0,33.0,7.0,0.21212121212121213,32.0,9.0,0.28125,김광현,5.0,91.0,2.0,5.0,1.0,3.0,4.0,3.0,65.0,1.0,4.0,1.0,1.0,3.0,하영민,7.0,93.0,1.0,5.0,0.0,1.0,7.0,2.0,21.0,0.0,2.0,0.0,0.0,1.0
20250329-Samsung_Lions-Doosan_Bears,20250329SSOB0,41.0,15.0,0.36585365853658536,29.0,3.0,0.10344827586206896,원태인,5.0,78.0,2.0,3.0,0.0,1.0,4.0,3.333333333333333,48.0,0.0,0.0,0.0,1.0,4.0,잭로그,6.0,102.0,4.0,5.0,0.0,3.0,8.0,2.0,87.0,5.0,10.0,0.0,2.0,1.0
20250330-KIA_Tigers-Hanwha_Eagles,20250330HTHH0,35.0,11.0,0.3142857142857143,32.0,6.0,0.1875,올러,5.0,99.0,2.0,4.0,0.0,4.0,5.0,3.6666666666666665,64.0,1.0,2.0,0.0,2.0,3.0,류현진,6.0,76.0,2.0,6.0,1.0,1.0,4.0,2.0,41.0,3.0,5.0,0.0,0.0,3.0
20250330-KT_Wiz-Lotte_Giants,20250330KTLT0,37.0,7.0,0.1891891891891892,37.0,10.0,0.2702702702702703,고영표,6.0,102.0,2.0,7.0,1.0,2.0,6.0,5.0,75.0,2.0,3.0,0.0,3.0,3.0,데이비슨,6.333333333333333,112.0,2.0,4.0,0.0,2.0,5.0,3.6666666666666665,89.0,0.0,3.0,0.0,5.0,5.0
20250330-SSG_Landers-Kiwoom_Heroes,20250330SKWO0,30.0,6.0,0.2,32.0,7.0,0.21875,문승원,5.666666666666667,88.0,1.0,3.0,1.0,3.0,4.0,2.0,64.0,1.0,4.0,0.0,2.0,1.0,김윤하,6.0,89.0,2.0,3.0,1.0,2.0,3.0,3.0,69.0,5.0,3.0,0.0,6.0,1.0
20250330-Samsung_Lions-Doosan_Bears,20250330SSOB0,30.0,5.0,0.16666666666666666,30.0,4.0,0.13333333333333333,레예스,5.0,67.0,2.0,3.0,1.0,0.0,5.0,4.0,52.0,0.0,1.0,0.0,2.0,3.0,최원준,7.0,105.0,2.0,4.0,0.0,2.0,2.0,2.0,28.0,0.0,1.0,0.0,1.0,1.0
20250402-Kiwoom_Heroes-Doosan_Bears,20250402WOOB0,33.0,5.0,0.15151515151515152,33.0,7.0,0.21212121212121213,윤현,3.6666666666666665,78.0,2.0,6.0,1.0,3.0,3.0,3.6666666666666665,80.0,1.0,1.0,0.0,4.0,3.0,최승용,6.0,91.0,3.0,4.0,1.0,2.0,7.0,3.0,45.0,0.0,1.0,0.0,0.0,6.0
20250402-LG_Twins-KT_Wiz,20250402LGKT0,34.0,9.0,0.2647058823529412,32.0,9.0,0.28125,에르난데스,0.0,53.0,8.0,5.0,1.0,3.0,1.0,7.333333333333334,115.0,1.0,4.0,0.0,0.0,6.0,오원석,4.333333333333333,99.0,5.0,5.0,1.0,5.0,7.0,3.6666666666666665,81.0,0.0,4.0,0.0,2.0,3.0
20250402-Lotte_Giants-Hanwha_Eagles,20250402LTHH0,34.0,10.0,0.29411764705882354,33.0,8.0,0.24242424242424243,김진욱,5.333333333333333,92.0,1.0,6.0,0.0,1.0,3.0,3.0,60.0,0.0,2.0,0.0,0.0,3.0,문동주,2.0,42.0,4.0,4.0,1.0,1.0,0.0,7.0,121.0,2.0,6.0,1.0,4.0,6.0
20250402-Samsung_Lions-KIA_Tigers,20250402SSHT0,32.0,7.0,0.21875,31.0,4.0,0.12903225806451613,최원태,6.0,110.0,2.0,4.0,1.0,3.0,9.0,3.0,44.0,0.0,0.0,0.0,1.0,3.0,김도현,6.0,92.0,2.0,5.0,0.0,1.0,7.0,2.0,54.0,2.0,2.0,0.0,3.0,3.0
20250403-Kiwoom_Heroes-Doosan_Bears,20250403WOOB0,32.0,7.0,0.21875,33.0,8.0,0.24242424242424243,로젠버그,6.0,91.0,1.0,5.0,2.0,2.0,6.0,1.6666666666666665,42.0,1.0,3.0,0.0,1.0,3.0,콜어빈,6.0,88.0,1.0,5.0,0.0,1.0,6.0,3.0,45.0,0.0,2.0,0.0,2.0,3.0
20250403-LG_Twins-KT_Wiz,20250403LGKT0,36.0,9.0,0.25,32.0,7.0,0.21875,임찬규,5.666666666666667,96.0,1.0,7.0,0.0,3.0,5.0,3.333333333333333,51.0,0.0,0.0,0.0,2.0,2.0,헤이수스,6.0,104.0,1.0,6.0,1.0,3.0,4.0,2.333333333333333,35.0,2.0,3.0,0.0,0.0,1.0
20250403-Lotte_Giants-Hanwha_Eagles,20250403LTHH0,35.0,10.0,0.2857142857142857,34.0,7.0,0.20588235294117646,나균안,5.333333333333333,98.0,2.0,5.0,0.0,2.0,6.0,3.6666666666666665,56.0,0.0,2.0,0.0,3.0,3.0,폰세,7.0,96.0,2.0,5.0,0.0,2.0,10.0,2.0,29.0,2.0,5.0,0.0,0.0,0.0
20250403-Samsung_Lions-KIA_Tigers,20250403SSHT0,33.0,4.0,0.12121212121212122,28.0,4.0,0.14285714285714285,후라도,6.0,87.0,3.0,4.0,0.0,4.0,3.0,2.0,30.0,0.0,0.0,0.0,0.0,3.0,네일,7.0,87.0,0.0,3.0,0.0,2.0,2.0,2.0,41.0,0.0,1.0,0.0,1.0,4.0
20250404-Doosan_Bears-Lotte_Giants,20250404OBLT0,46.0,19.0,0.41304347826086957,35.0,8.0,0.22857142857142856,잭로그,6.0,104.0,3.0,7.0,0.0,2.0,6.0,3.0,51.0,0.0,1.0,0.0,1.0,4.0,반즈,6.333333333333333,98.0,4.0,9.0,0.0,1.0,5.0,1.0,81.0,9.0,10.0,1.0,4.0,0.0
20250404-Hanwha_Eagles-Samsung_Lions,20250404HHSS0,31.0,3.0,0.0967741935483871,33.0,9.0,0.2727272727272727,와이스,4.666666666666667,104.0,5.0,7.0,2.0,5.0,4.0,3.0,53.0,0.0,2.0,0.0,1.0,4.0,원태인,7.0,83.0,0.0,2.0,0.0,0.0,5.0,2.0,26.0,0.0,1.0,0.0,0.0,3.0
20250404-KIA_Tigers-LG_Twins,20250404HTLG0,37.0,10.0,0.2702702702702703,32.0,10.0,0.3125,양현종,5.0,78.0,4.0,7.0,0.0,1.0,3.0,3.0,63.0,4.0,3.0,0.0,4.0,3.0,송승기,5.0,87.0,2.0,7.0,0.0,3.0,4.0,4.0,67.0,0.0,3.0,0.0,2.0,3.0
20250404-KT_Wiz-SSG_Landers,20250404KTSK0,40.0,10.0,0.25,39.0,8.0,0.20512820512820512,쿠에바스,5.0,105.0,2.0,6.0,0.0,5.0,1.0,5.0,92.0,1.0,2.0,0.0,7.0,7.0,김광현,5.0,99.0,1.0,5.0,0.0,3.0,3.0,6.0,100.0,0.0,5.0,0.0,5.0,9.0
20250404-NC_Dinos-Kiwoom_Heroes,20250404NCWO0,32.0,6.0,0.1875,28.0,7.0,0.25,로건,6.333333333333333,115.0,4.0,5.0,0.0,4.0,7.0,1.3333333333333333,25.0,1.0,2.0,1.0,1.0,2.0,하영민,6.0,95.0,0.0,3.0,0.0,3.0,7.0,2.0,44.0,1.0,3.0,0.0,1.0,3.0
20250405-Doosan_Bears-Lotte_Giants,20250405OBLT0,32.0,7.0,0.21875,35.0,11.0,0.3142857142857143,최원준,4.666666666666667,108.0,4.0,7.0,1.0,3.0,5.0,2.0,64.0,1.0,4.0,0.0,0.0,3.0,박세웅,7.0,95.0,0.0,4.0,0.0,1.0,9.0,1.0,32.0,1.0,3.0,0.0,0.0,2.0
20250405-Hanwha_Eagles-Samsung_Lions,20250405HHSS0,35.0,8.0,0.22857142857142856,36.0,10.0,0.2777777777777778,류현진,5.0,89.0,4.0,8.0,2.0,1.0,2.0,1.0,56.0,2.0,2.0,1.0,2.0,2.0,이승현,5.0,85.0,0.0,1.0,0.0,4.0,2.0,2.0,99.0,6.0,7.0,3.0,4.0,4.0
20250405-NC_Dinos-Kiwoom_Heroes,20250405NCWO0,36.0,12.0,0.3333333333333333,29.0,4.0,0.13793103448275862,라일리,4.333333333333333,98.0,5.0,2.0,1.0,5.0,5.0,4.333333333333333,63.0,0.0,2.0,0.0,4.0,3.0,김윤하,3.3333333333333335,78.0,5.0,7.0,1.0,2.0,5.0,5.666666666666666,88.0,2.0,5.0,0.0,3.0,4.0
20250406-Doosan_Bears-Lotte_Giants,20250406OBLT0,42.0,20.0,0.47619047619047616,38.0,12.0,0.3157894736842105,김유성,1.3333333333333333,44.0,5.0,3.0,0.0,3.0,1.0,6.666666666666666,181.0,7.0,9.0,1.0,9.0,10.0,데이비슨,2.6666666666666665,71.0,3.0,6.0,0.0,3.0,1.0,3.6666666666666665,133.0,12.0,14.0,1.0,7.0,4.0
20250406-Hanwha_Eagles-Samsung_Lions,20250406HHSS0,27.0,1.0,0.037037037037037035,35.0,13.0,0.37142857142857144,엄상백,3.0,78.0,3.0,5.0,0.0,3.0,3.0,4.0,108.0,6.0,8.0,1.0,5.0,4.0,레예스,7.0,92.0,0.0,1.0,0.0,0.0,6.0,2.0,17.0,0.0,0.0,0.0,0.0,1.0
20250406-KIA_Tigers-LG_Twins,20250406HTLG0,30.0,4.0,0.13333333333333333,26.0,6.0,0.23076923076923078,올러,6.0,96.0,3.0,4.0,0.0,4.0,4.0,2.0,26.0,1.0,2.0,0.0,0.0,3.0,치리노스,7.0,91.0,1.0,3.0,0.0,2.0,7.0,2.0,30.0,0.0,1.0,0.0,0.0,3.0
20250406-KT_Wiz-SSG_Landers,20250406KTSK0,29.0,6.0,0.20689655172413793,31.0,7.0,0.22580645161290322,소형준,7.0,75.0,0.0,5.0,0.0,0.0,5.0,1.0,39.0,1.0,2.0,0.0,2.0,1.0,문승원,6.0,81.0,0.0,4.0,0.0,2.0,2.0,3.0,45.0,0.0,2.0,0.0,1.0,2.0
20250406-NC_Dinos-Kiwoom_Heroes,20250406NCWO0,36.0,13.0,0.3611111111111111,30.0,5.0,0.16666666666666666,신민혁,5.0,85.0,2.0,3.0,0.0,3.0,5.0,3.333333333333333,48.0,0.0,2.0,0.0,1.0,1.0,정현우,5.0,101.0,2.0,4.0,1.0,5.0,4.0,3.0,80.0,6.0,9.0,1.0,1.0,6.0
20250408-Hanwha_Eagles-Doosan_Bears,20250408HHOB0,43.0,12.0,0.27906976744186046,41.0,11.0,0.2682926829268293,문동주,4.0,64.0,3.0,5.0,1.0,0.0,5.0,4.666666666666666,107.0,2.0,6.0,0.0,5.0,5.0,최승용,6.0,76.0,3.0,6.0,1.0,3.0,2.0,3.0,82.0,2.0,6.0,0.0,0.0,7.0
20250408-KIA_Tigers-Lotte_Giants,20250408HTLT0,37.0,8.0,0.21621621621621623,37.0,12.0,0.32432432432432434,김도현,5.333333333333333,84.0,1.0,9.0,0.0,0.0,3.0,2.0,76.0,2.0,3.0,0.0,2.0,5.0,김진욱,5.666666666666667,86.0,3.0,2.0,0.0,2.0,5.0,1.0,73.0,2.0,6.0,0.0,3.0,3.0
20250408-LG_Twins-Kiwoom_Heroes,20250408LGWO0,38.0,12.0,0.3157894736842105,30.0,6.0,0.2,손주영,7.0,76.0,1.0,5.0,0.0,0.0,5.0,2.0,44.0,0.0,1.0,0.0,4.0,1.0,윤현,2.0,69.0,4.0,6.0,0.0,4.0,0.0,7.0,84.0,4.0,6.0,2.0,2.0,5.0
20250408-NC_Dinos-KT_Wiz,20250408NCKT0,30.0,4.0,0.13333333333333333,27.0,4.0,0.14814814814814814,목지훈,3.6666666666666665,82.0,3.0,4.0,0.0,4.0,5.0,3.6666666666666665,60.0,0.0,0.0,0.0,3.0,4.0,고영표,7.0,99.0,1.0,3.0,0.0,0.0,10.0,2.0,34.0,1.0,1.0,1.0,1.0,3.0
20250408-SSG_Landers-Samsung_Lions,20250408SKSS0,33.0,7.0,0.21212121212121213,35.0,11.0,0.3142857142857143,송영진,5.0,76.0,3.0,6.0,1.0,1.0,7.0,2.333333333333333,58.0,4.0,5.0,0.0,1.0,3.0,최원태,5.0,104.0,2.0,6.0,0.0,5.0,3.0,3.333333333333333,61.0,1.0,1.0,1.0,0.0,8.0
20250409-Hanwha_Eagles-Doosan_Bears,20250409HHOB0,32.0,9.0,0.28125,33.0,9.0,0.2727272727272727,폰세,6.0,101.0,4.0,8.0,0.0,2.0,9.0,3.0,39.0,0.0,1.0,0.0,0.0,2.0,콜어빈,6.0,103.0,2.0,5.0,0.0,4.0,8.0,1.0,51.0,0.0,4.0,0.0,4.0,3.0
20250409-KIA_Tigers-Lotte_Giants,20250409HTLT0,33.0,6.0,0.18181818181818182,36.0,10.0,0.2777777777777778,네일,7.0,92.0,1.0,6.0,0.0,2.0,6.0,1.0,36.0,0.0,4.0,0.0,0.0,0.0,나균안,6.0,102.0,3.0,6.0,1.0,3.0,3.0,2.0,47.0,0.0,0.0,0.0,1.0,3.0
20250409-LG_Twins-Kiwoom_Heroes,20250409LGWO0,32.0,4.0,0.125,27.0,6.0,0.2222222222222222,에르난데스,5.333333333333333,91.0,4.0,4.0,3.0,4.0,4.0,2.6666666666666665,43.0,0.0,2.0,0.0,2.0,1.0,로젠버그,8.0,108.0,0.0,4.0,0.0,1.0,13.0,1.0,11.0,0.0,0.0,0.0,0.0,0.0
20250409-NC_Dinos-KT_Wiz,20250409NCKT0,32.0,6.0,0.1875,30.0,6.0,0.2,로건,6.0,84.0,2.0,5.0,1.0,3.0,3.0,1.0,22.0,2.0,1.0,1.0,1.0,0.0,헤이수스,3.0,66.0,1.0,3.0,0.0,3.0,4.0,6.0,77.0,0.0,3.0,0.0,1.0,7.0
20250409-SSG_Landers-Samsung_Lions,20250409SKSS0,40.0,10.0,0.25,43.0,10.0,0.23255813953488372,앤더슨,7.0,87.0,1.0,6.0,1.0,0.0,13.0,3.0,65.0,0.0,4.0,0.0,1.0,4.0,후라도,7.0,103.0,1.0,5.0,1.0,0.0,8.0,3.0,70.0,2.0,5.0,0.0,2.0,2.0
20250410-Hanwha_Eagles-Doosan_Bears,20250410HHOB0,38.0,13.0,0.34210526315789475,31.0,4.0,0.12903225806451613,와이스,7.666666666666667,94.0,2.0,4.0,1.0,0.0,7.0,0.0,26.0,0.0,0.0,0.0,1.0,3.0,잭로그,5.666666666666667,97.0,4.0,6.0,0.0,2.0,7.0,2.6666666666666665,88.0,3.0,7.0,0.0,3.0,2.0
20250410-KIA_Tigers-Lotte_Giants,20250410HTLT0,32.0,6.0,0.1875,36.0,13.0,0.3611111111111111,윤영철,1.0,37.0,6.0,6.0,1.0,2.0,0.0,6.333333333333333,113.0,1.0,7.0,0.0,0.0,5.0,반즈,5.0,98.0,3.0,5.0,0.0,4.0,3.0,3.6666666666666665,63.0,0.0,1.0,0.0,1.0,6.0
20250410-LG_Twins-Kiwoom_Heroes,20250410LGWO0,38.0,13.0,0.34210526315789475,34.0,8.0,0.23529411764705882,임찬규,7.0,80.0,1.0,5.0,1.0,0.0,5.0,2.0,34.0,2.0,3.0,0.0,1.0,2.0,하영민,4.0,98.0,6.0,10.0,1.0,3.0,2.0,5.0,66.0,1.0,3.0,0.0,1.0,6.0
20250410-NC_Dinos-KT_Wiz,20250410NCKT0,33.0,9.0,0.2727272727272727,32.0,3.0,0.09375,라일리,7.0,99.0,0.0,1.0,0.0,2.0,14.0,2.0,26.0,0.0,2.0,0.0,0.0,2.0,오원석,6.0,81.0,3.0,5.0,2.0,0.0,5.0,3.0,52.0,3.0,4.0,1.0,2.0,1.0
20250410-SSG_Landers-Samsung_Lions,20250410SKSS0,39.0,11.0,0.28205128205128205,35.0,7.0,0.2,김광현,6.0,100.0,0.0,2.0,0.0,2.0,8.0,3.0,76.0,3.0,5.0,0.0,3.0,4.0,원태인,5.0,103.0,1.0,7.0,0.0,1.0,5.0,4.333333333333333,76.0,1.0,4.0,0.0,2.0,1.0
20250411-Doosan_Bears-LG_Twins,20250411OBLG0,29.0,4.0,0.13793103448275862,31.0,8.0,0.25806451612903225,최원준,6.0,69.0,1.0,4.0,1.0,0.0,2.0,0.0,33.0,4.0,4.0,1.0,1.0,1.0,송승기,6.0,89.0,2.0,4.0,0.0,3.0,5.0,3.0,40.0,0.0,0.0,0.0,1.0,2.0
20250411-Kiwoom_Heroes-Hanwha_Eagles,20250411WOHH0,32.0,4.0,0.125,40.0,17.0,0.425,김윤하,5.0,89.0,4.0,8.0,0.0,1.0,2.0,3.0,79.0,7.0,9.0,2.0,3.0,2.0,류현진,6.0,88.0,0.0,1.0,0.0,1.0,6.0,2.333333333333333,74.0,0.0,3.0,0.0,2.0,4.0
20250411-Lotte_Giants-NC_Dinos,20250411LTNC0,37.0,13.0,0.35135135135135137,33.0,6.0,0.18181818181818182,박세웅,7.0,106.0,4.0,5.0,1.0,3.0,9.0,1.0,32.0,0.0,1.0,0.0,0.0,3.0,김태경,0.0,38.0,3.0,4.0,0.0,2.0,2.0,7.333333333333333,130.0,3.0,9.0,0.0,3.0,3.0
20250411-SSG_Landers-KIA_Tigers,20250411SKHT0,33.0,12.0,0.36363636363636365,32.0,7.0,0.21875,박종훈,1.0,24.0,1.0,2.0,0.0,0.0,0.0,8.0,122.0,1.0,5.0,1.0,4.0,7.0,양현종,4.333333333333333,74.0,6.0,7.0,0.0,3.0,3.0,4.666666666666666,79.0,3.0,5.0,0.0,6.0,2.0
20250411-Samsung_Lions-KT_Wiz,20250411SSKT0,31.0,6.0,0.1935483870967742,28.0,9.0,0.32142857142857145,이승현,5.0,84.0,3.0,7.0,0.0,3.0,3.0,2.0,45.0,2.0,2.0,0.0,2.0,2.0,쿠에바스,6.0,88.0,1.0,3.0,1.0,3.0,4.0,3.0,40.0,2.0,3.0,0.0,0.0,4.0
20250412-Doosan_Bears-LG_Twins,20250412OBLG0,31.0,5.0,0.16129032258064516,28.0,7.0,0.25,김유성,3.6666666666666665,82.0,2.0,3.0,0.0,4.0,3.0,2.6666666666666665,92.0,2.0,4.0,0.0,4.0,4.0,치리노스,6.0,100.0,0.0,3.0,0.0,1.0,8.0,2.0,49.0,0.0,2.0,0.0,2.0,4.0
20250412-Kiwoom_Heroes-Hanwha_Eagles,20250412WOHH0,42.0,14.0,0.3333333333333333,35.0,9.0,0.2571428571428571,정현우,5.0,84.0,2.0,7.0,0.0,1.0,3.0,4.0,71.0,0.0,2.0,0.0,2.0,4.0,엄상백,3.0,73.0,3.0,5.0,0.0,3.0,4.0,5.333333333333333,112.0,2.0,9.0,1.0,5.0,4.0
20250412-Lotte_Giants-NC_Dinos,20250412LTNC0,29.0,10.0,0.3448275862068966,23.0,3.0,0.13043478260869565,데이비슨,6.0,101.0,0.0,2.0,0.0,5.0,7.0,1.0,15.0,0.0,1.0,0.0,0.0,1.0,신민혁,5.0,91.0,2.0,7.0,0.0,2.0,2.0,1.0,57.0,0.0,3.0,0.0,4.0,0.0
20250413-Doosan_Bears-LG_Twins,20250413OBLG0,37.0,12.0,0.32432432432432434,33.0,7.0,0.21212121212121213,최승용,4.666666666666667,100.0,2.0,5.0,0.0,6.0,6.0,4.0,60.0,0.0,2.0,0.0,3.0,3.0,손주영,3.0,71.0,6.0,6.0,0.0,3.0,2.0,6.0,114.0,3.0,6.0,1.0,5.0,6.0
20250413-Kiwoom_Heroes-Hanwha_Eagles,20250413WOHH0,33.0,6.0,0.18181818181818182,38.0,17.0,0.4473684210526316,조영건,1.3333333333333333,31.0,2.0,2.0,0.0,3.0,1.0,6.666666666666666,123.0,5.0,15.0,0.0,3.0,3.0,문동주,6.0,81.0,0.0,3.0,0.0,0.0,6.0,2.0,54.0,0.0,3.0,0.0,1.0,6.0
20250413-Lotte_Giants-NC_Dinos,20250413LTNC0,34.0,8.0,0.23529411764705882,31.0,7.0,0.22580645161290322,김진욱,1.3333333333333333,47.0,6.0,3.0,2.0,4.0,2.0,5.0,149.0,2.0,4.0,1.0,5.0,9.0,이용찬,2.0,63.0,5.0,4.0,0.0,5.0,2.0,7.0,119.0,0.0,4.0,0.0,5.0,4.0
20250413-SSG_Landers-KIA_Tigers,20250413SKHT0,30.0,5.0,0.16666666666666666,35.0,14.0,0.4,문승원,5.0,75.0,4.0,6.0,2.0,1.0,0.0,3.0,70.0,7.0,8.0,1.0,4.0,1.0,올러,7.0,95.0,2.0,2.0,0.0,1.0,4.0,2.0,36.0,3.0,3.0,0.0,2.0,3.0
20250413-Samsung_Lions-KT_Wiz,20250413SSKT0,36.0,11.0,0.3055555555555556,34.0,12.0,0.35294117647058826,레예스,2.0,54.0,5.0,7.0,0.0,2.0,0.0,5.666666666666666,108.0,0.0,5.0,0.0,3.0,2.0,소형준,5.0,94.0,0.0,5.0,0.0,4.0,5.0,3.6666666666666665,73.0,3.0,6.0,0.0,2.0,3.0
20250415-Hanwha_Eagles-SSG_Landers,20250415HHSK0,32.0,4.0,0.125,28.0,2.0,0.07142857142857142,폰세,7.0,98.0,0.0,1.0,0.0,3.0,12.0,2.0,35.0,0.0,1.0,0.0,1.0,2.0,앤더슨,5.0,88.0,1.0,3.0,0.0,2.0,9.0,4.0,77.0,0.0,1.0,0.0,2.0,6.0
20250415-KT_Wiz-KIA_Tigers,20250415KTHT0,33.0,6.0,0.18181818181818182,30.0,5.0,0.16666666666666666,고영표,6.0,99.0,0.0,3.0,0.0,3.0,11.0,1.3333333333333333,33.0,1.0,2.0,1.0,1.0,2.0,네일,6.0,91.0,0.0,5.0,0.0,1.0,6.0,3.0,37.0,0.0,1.0,0.0,0.0,4.0
20250415-Kiwoom_Heroes-Lotte_Giants,20250415WOLT0,35.0,9.0,0.2571428571428571,35.0,13.0,0.37142857142857144,로젠버그,5.0,91.0,4.0,7.0,0.0,4.0,4.0,1.6666666666666665,62.0,4.0,6.0,1.0,2.0,1.0,나균안,4.0,83.0,3.0,5.0,0.0,3.0,3.0,4.0,81.0,1.0,4.0,1.0,3.0,5.0
20250415-Samsung_Lions-LG_Twins,20250415SSLG0,26.0,0.0,0.0,32.0,11.0,0.34375,후라도,7.0,105.0,1.0,9.0,0.0,1.0,4.0,0.0,31.0,2.0,2.0,0.0,3.0,2.0,에르난데스,6.0,79.0,0.0,0.0,0.0,1.0,9.0,3.0,54.0,0.0,0.0,0.0,2.0,4.0
20250416-Hanwha_Eagles-SSG_Landers,20250416HHSK0,39.0,12.0,0.3076923076923077,37.0,10.0,0.2702702702702703,와이스,6.0,112.0,2.0,7.0,0.0,1.0,10.0,2.0,45.0,2.0,3.0,0.0,1.0,4.0,김광현,5.0,74.0,5.0,7.0,2.0,1.0,4.0,3.3333333333333335,81.0,5.0,5.0,1.0,5.0,4.0
20250416-KT_Wiz-KIA_Tigers,20250416KTHT0,32.0,6.0,0.1875,27.0,1.0,0.037037037037037035,오원석,6.0,85.0,0.0,1.0,0.0,3.0,6.0,2.333333333333333,32.0,0.0,0.0,0.0,0.0,1.0,김도현,6.0,91.0,2.0,4.0,1.0,1.0,2.0,2.6666666666666665,55.0,1.0,2.0,0.0,2.0,3.0
20250416-Kiwoom_Heroes-Lotte_Giants,20250416WOLT0,36.0,8.0,0.2222222222222222,37.0,15.0,0.40540540540540543,하영민,4.666666666666667,103.0,6.0,12.0,0.0,0.0,4.0,3.333333333333333,63.0,0.0,3.0,0.0,3.0,1.0,반즈,7.0,90.0,2.0,5.0,0.0,1.0,11.0,1.3333333333333333,37.0,2.0,3.0,0.0,0.0,1.0
20250416-Samsung_Lions-LG_Twins,20250416SSLG0,34.0,8.0,0.23529411764705882,31.0,10.0,0.3225806451612903,최원태,3.3333333333333335,73.0,6.0,6.0,1.0,4.0,2.0,4.666666666666666,88.0,6.0,4.0,1.0,5.0,3.0,임찬규,6.0,103.0,2.0,7.0,0.0,1.0,4.0,3.0,39.0,0.0,1.0,0.0,0.0,3.0
20250417-Hanwha_Eagles-SSG_Landers,20250417HHSK0,33.0,8.0,0.24242424242424243,34.0,8.0,0.23529411764705882,류현진,5.333333333333333,91.0,2.0,6.0,0.0,2.0,2.0,3.0,52.0,0.0,2.0,0.0,1.0,5.0,화이트,4.333333333333333,72.0,2.0,3.0,0.0,1.0,8.0,3.0,75.0,2.0,5.0,0.0,1.0,6.0
20250417-KT_Wiz-KIA_Tigers,20250417KTHT0,36.0,13.0,0.3611111111111111,35.0,13.0,0.37142857142857144,쿠에바스,6.0,91.0,3.0,9.0,1.0,2.0,2.0,2.0,49.0,2.0,4.0,0.0,1.0,1.0,양현종,5.333333333333333,84.0,3.0,9.0,1.0,2.0,3.0,3.0,51.0,0.0,4.0,0.0,1.0,3.0
20250417-Kiwoom_Heroes-Lotte_Giants,20250417WOLT0,36.0,9.0,0.25,35.0,11.0,0.3142857142857143,김윤하,4.0,90.0,1.0,6.0,0.0,1.0,1.0,4.0,80.0,3.0,5.0,0.0,3.0,3.0,박세웅,6.666666666666667,108.0,0.0,6.0,0.0,2.0,12.0,1.0,37.0,1.0,3.0,0.0,0.0,4.0
20250417-Samsung_Lions-LG_Twins,20250417SSLG0,36.0,10.0,0.2777777777777778,34.0,9.0,0.2647058823529412,원태인,6.0,88.0,1.0,5.0,0.0,2.0,3.0,2.0,65.0,2.0,4.0,1.0,3.0,2.0,송승기,4.666666666666667,84.0,4.0,6.0,1.0,2.0,4.0,3.0,82.0,2.0,4.0,0.0,6.0,4.0
20250418-KIA_Tigers-Doosan_Bears,20250418HTOB0,29.0,3.0,0.10344827586206896,31.0,11.0,0.3548387096774194,윤영철,2.6666666666666665,60.0,2.0,3.0,0.0,5.0,0.0,4.666666666666666,105.0,5.0,8.0,0.0,3.0,2.0,콜어빈,6.333333333333333,96.0,1.0,2.0,1.0,3.0,4.0,2.0,47.0,0.0,1.0,0.0,1.0,4.0
20250418-KT_Wiz-Kiwoom_Heroes,20250418KTWO0,35.0,9.0,0.2571428571428571,36.0,10.0,0.2777777777777778,헤이수스,4.666666666666667,86.0,0.0,6.0,0.0,1.0,8.0,3.3333333333333335,46.0,1.0,4.0,0.0,0.0,3.0,전준표,2.6666666666666665,55.0,2.0,5.0,0.0,3.0,4.0,6.333333333333333,91.0,1.0,4.0,0.0,2.0,5.0
20250418-LG_Twins-SSG_Landers,20250418LGSK0,33.0,9.0,0.2727272727272727,31.0,4.0,0.12903225806451613,치리노스,7.0,88.0,1.0,3.0,0.0,2.0,7.0,2.0,31.0,0.0,1.0,0.0,1.0,2.0,박종훈,7.0,95.0,3.0,5.0,1.0,5.0,3.0,1.0,33.0,1.0,4.0,0.0,0.0,1.0
20250418-Lotte_Giants-Samsung_Lions,20250418LTSS0,39.0,13.0,0.3333333333333333,37.0,10.0,0.2702702702702703,데이비슨,5.0,97.0,0.0,6.0,0.0,2.0,9.0,4.0,50.0,1.0,4.0,1.0,1.0,5.0,이승현,5.0,91.0,7.0,9.0,2.0,0.0,5.0,4.0,50.0,1.0,4.0,1.0,0.0,2.0
20250418-NC_Dinos-Hanwha_Eagles,20250418NCHH0,34.0,8.0,0.23529411764705882,39.0,14.0,0.358974358974359,로건,2.0,64.0,4.0,4.0,0.0,4.0,2.0,5.666666666666666,138.0,6.0,10.0,2.0,6.0,3.0,엄상백,5.0,89.0,4.0,7.0,0.0,2.0,3.0,3.6666666666666665,62.0,0.0,1.0,0.0,1.0,6.0
20250419-KIA_Tigers-Doosan_Bears,20250419HTOB0,35.0,10.0,0.2857142857142857,37.0,10.0,0.2702702702702703,올러,5.0,102.0,4.0,9.0,1.0,0.0,8.0,3.333333333333333,73.0,0.0,1.0,0.0,3.0,3.0,최원준,4.0,88.0,3.0,4.0,1.0,2.0,2.0,5.0,97.0,4.0,6.0,0.0,4.0,2.0
20250419-KT_Wiz-Kiwoom_Heroes,20250419KTWO0,34.0,10.0,0.29411764705882354,31.0,5.0,0.16129032258064516,소형준,7.0,79.0,1.0,4.0,0.0,0.0,11.0,2.0,30.0,0.0,1.0,0.0,1.0,4.0,김선기,2.0,67.0,5.0,4.0,1.0,4.0,2.0,7.0,129.0,3.0,6.0,1.0,7.0,3.0
20250419-LG_Twins-SSG_Landers,20250419LGSK0,40.0,15.0,0.375,34.0,7.0,0.20588235294117646,손주영,3.0,38.0,0.0,1.0,0.0,0.0,5.0,5.0,139.0,4.0,6.0,0.0,4.0,8.0,송영진,3.3333333333333335,74.0,4.0,6.0,0.0,3.0,1.0,5.333333333333333,122.0,7.0,9.0,1.0,5.0,7.0
20250419-Lotte_Giants-Samsung_Lions,20250419LTSS0,36.0,9.0,0.25,34.0,13.0,0.38235294117647056,김진욱,1.3333333333333333,55.0,7.0,8.0,2.0,3.0,0.0,6.0,121.0,3.0,5.0,2.0,3.0,7.0,김대호,2.6666666666666665,51.0,0.0,2.0,0.0,3.0,2.0,6.0,101.0,3.0,7.0,1.0,1.0,3.0
20250419-NC_Dinos-Hanwha_Eagles,20250419NCHH0,18.0,5.0,0.2777777777777778,20.0,8.0,0.4,라일리,3.6666666666666665,87.0,4.0,5.0,1.0,2.0,5.0,0.0,13.0,3.0,3.0,1.0,0.0,0.0,문동주,5.0,79.0,2.0,5.0,0.0,2.0,7.0,0.0,0.0,0.0,0.0,0.0,0.0,0.0
20250420-KIA_Tigers-Doosan_Bears,20250420HTOB0,37.0,9.0,0.24324324324324326,35.0,11.0,0.3142857142857143,네일,5.666666666666667,100.0,2.0,8.0,0.0,2.0,7.0,2.0,67.0,0.0,3.0,0.0,3.0,5.0,잭로그,5.0,86.0,0.0,2.0,0.0,3.0,4.0,3.6666666666666665,91.0,4.0,7.0,0.0,2.0,5.0
20250420-KT_Wiz-Kiwoom_Heroes,20250420KTWO0,36.0,10.0,0.2777777777777778,29.0,3.0,0.10344827586206896,고영표,9.0,100.0,0.0,3.0,0.0,0.0,7.0,0.0,0.0,0.0,0.0,0.0,0.0,0.0,로젠버그,5.0,92.0,1.0,6.0,0.0,1.0,6.0,3.0,64.0,0.0,4.0,0.0,1.0,1.0
20250420-LG_Twins-SSG_Landers,20250420LGSK0,31.0,5.0,0.16129032258064516,35.0,10.0,0.2857142857142857,김주온,0.0,23.0,1.0,0.0,0.0,4.0,1.0,7.333333333333333,132.0,8.0,10.0,1.0,3.0,11.0,앤더슨,6.666666666666667,112.0,3.0,4.0,1.0,2.0,8.0,2.0,30.0,0.0,1.0,0.0,1.0,2.0
20250420-Lotte_Giants-Samsung_Lions,20250420LTSS0,34.0,8.0,0.23529411764705882,34.0,9.0,0.2647058823529412,나균안,5.333333333333333,88.0,1.0,5.0,0.0,4.0,2.0,3.0,79.0,2.0,4.0,0.0,5.0,6.0,후라도,6.0,104.0,3.0,5.0,2.0,2.0,5.0,3.0,45.0,1.0,3.0,0.0,1.0,2.0
20250420-NC_Dinos-Hanwha_Eagles,20250420NCHH0,28.0,3.0,0.10714285714285714,34.0,13.0,0.38235294117647056,이용찬,4.0,64.0,2.0,5.0,1.0,0.0,5.0,2.6666666666666665,102.0,5.0,8.0,0.0,4.0,3.0,폰세,7.0,101.0,0.0,1.0,0.0,0.0,13.0,1.0,28.0,1.0,2.0,0.0,2.0,1.0
20250422-Doosan_Bears-Kiwoom_Heroes,20250422OBWO0,32.0,8.0,0.25,31.0,9.0,0.2903225806451613,최승용,5.0,90.0,4.0,7.0,1.0,2.0,4.0,3.0,46.0,1.0,2.0,0.0,1.0,3.0,하영민,7.0,90.0,0.0,3.0,0.0,0.0,7.0,1.0,35.0,3.0,5.0,2.0,1.0,0.0
20250422-NC_Dinos-LG_Twins,20250422NCLG0,40.0,12.0,0.3,35.0,9.0,0.2571428571428571,신민혁,5.666666666666667,106.0,3.0,5.0,1.0,2.0,4.0,3.0,73.0,2.0,4.0,1.0,2.0,2.0,임찬규,6.0,104.0,4.0,8.0,1.0,2.0,4.0,3.0,72.0,2.0,4.0,0.0,2.0,5.0
20250422-SSG_Landers-KT_Wiz,20250422SKKT0,35.0,9.0,0.2571428571428571,35.0,15.0,0.42857142857142855,김광현,5.666666666666667,91.0,4.0,10.0,0.0,4.0,5.0,2.333333333333333,62.0,4.0,5.0,1.0,3.0,2.0,오원석,6.0,90.0,2.0,4.0,0.0,2.0,8.0,2.0,69.0,1.0,5.0,0.0,2.0,4.0
20250423-Doosan_Bears-Kiwoom_Heroes,20250423OBWO0,37.0,12.0,0.32432432432432434,32.0,5.0,0.15625,김유성,3.0,53.0,2.0,1.0,1.0,3.0,3.0,5.333333333333333,93.0,0.0,4.0,0.0,4.0,6.0,김윤하,4.333333333333333,89.0,1.0,5.0,0.0,4.0,2.0,4.0,98.0,3.0,7.0,1.0,2.0,4.0
20250423-Hanwha_Eagles-Lotte_Giants,20250423HHLT0,34.0,8.0,0.23529411764705882,39.0,13.0,0.3333333333333333,와이스,6.0,105.0,2.0,8.0,0.0,0.0,12.0,3.0,50.0,2.0,5.0,0.0,3.0,0.0,반즈,5.0,98.0,4.0,6.0,0.0,4.0,3.0,3.333333333333333,40.0,0.0,2.0,0.0,0.0,3.0
20250423-KIA_Tigers-Samsung_Lions,20250423HTSS0,33.0,8.0,0.24242424242424243,34.0,12.0,0.35294117647058826,김도현,5.666666666666667,100.0,6.0,10.0,1.0,1.0,2.0,2.333333333333333,34.0,1.0,2.0,1.0,1.0,1.0,최원태,5.333333333333333,96.0,2.0,7.0,0.0,2.0,5.0,3.0,52.0,0.0,1.0,0.0,0.0,8.0
20250423-NC_Dinos-LG_Twins,20250423NCLG0,29.0,1.0,0.034482758620689655,30.0,6.0,0.2,로건,4.333333333333333,99.0,1.0,5.0,0.0,5.0,6.0,1.6666666666666665,82.0,2.0,1.0,0.0,6.0,3.0,송승기,6.0,94.0,0.0,0.0,0.0,3.0,7.0,3.0,48.0,0.0,1.0,0.0,1.0,4.0
20250423-SSG_Landers-KT_Wiz,20250423SKKT0,44.0,17.0,0.38636363636363635,32.0,5.0,0.15625,화이트,6.0,87.0,2.0,3.0,2.0,2.0,5.0,3.0,46.0,3.0,2.0,0.0,3.0,2.0,쿠에바스,4.0,87.0,10.0,12.0,3.0,1.0,0.0,5.0,74.0,1.0,5.0,1.0,1.0,4.0
20250424-Doosan_Bears-Kiwoom_Heroes,20250424OBWO0,37.0,11.0,0.2972972972972973,34.0,7.0,0.20588235294117646,콜어빈,6.0,102.0,0.0,2.0,0.0,5.0,4.0,3.0,46.0,1.0,5.0,0.0,0.0,2.0,김연주,3.0,50.0,4.0,5.0,1.0,1.0,2.0,6.0,84.0,5.0,6.0,1.0,3.0,4.0
20250424-Hanwha_Eagles-Lotte_Giants,20250424HHLT0,31.0,4.0,0.12903225806451613,30.0,9.0,0.3,류현진,6.0,93.0,4.0,7.0,1.0,1.0,7.0,1.0,32.0,0.0,2.0,0.0,2.0,1.0,박세웅,6.0,108.0,3.0,4.0,0.0,5.0,9.0,1.3333333333333333,45.0,0.0,0.0,0.0,2.0,3.0
20250424-KIA_Tigers-Samsung_Lions,20250424HTSS0,37.0,10.0,0.2702702702702703,43.0,21.0,0.4883720930232558,황동하,3.6666666666666665,74.0,4.0,7.0,1.0,1.0,3.0,4.0,115.0,13.0,14.0,2.0,3.0,4.0,원태인,6.0,90.0,2.0,5.0,2.0,1.0,4.0,3.0,53.0,2.0,5.0,0.0,1.0,2.0
20250424-NC_Dinos-LG_Twins,20250424NCLG0,31.0,7.0,0.22580645161290322,34.0,6.0,0.17647058823529413,라일리,6.0,100.0,0.0,3.0,0.0,2.0,7.0,2.0,53.0,1.0,3.0,0.0,1.0,1.0,치리노스,5.0,77.0,1.0,5.0,0.0,1.0,4.0,4.0,56.0,1.0,2.0,0.0,2.0,5.0
20250424-SSG_Landers-KT_Wiz,20250424SKKT0,29.0,6.0,0.20689655172413793,35.0,9.0,0.2571428571428571,문승원,5.666666666666667,102.0,1.0,4.0,0.0,1.0,6.0,2.6666666666666665,55.0,3.0,5.0,0.0,1.0,1.0,강건,3.0,67.0,4.0,2.0,0.0,5.0,0.0,4.333333333333333,103.0,2.0,4.0,0.0,4.0,4.0
20250425-KT_Wiz-Hanwha_Eagles,20250425KTHH0,32.0,6.0,0.1875,31.0,5.0,0.16129032258064516,소형준,6.0,97.0,0.0,1.0,0.0,1.0,10.0,3.0,47.0,1.0,4.0,1.0,0.0,2.0,엄상백,6.0,102.0,1.0,4.0,0.0,3.0,6.0,3.0,57.0,1.0,2.0,0.0,2.0,2.0
20250425-Kiwoom_Heroes-SSG_Landers,20250425WOSK0,31.0,3.0,0.0967741935483871,32.0,9.0,0.28125,김선기,3.0,61.0,1.0,6.0,0.0,1.0,4.0,4.666666666666666,78.0,3.0,3.0,1.0,2.0,5.0,박종훈,3.3333333333333335,83.0,2.0,2.0,1.0,4.0,2.0,5.333333333333333,70.0,0.0,1.0,0.0,0.0,6.0
20250425-LG_Twins-KIA_Tigers,20250425LGHT0,32.0,9.0,0.28125,37.0,11.0,0.2972972972972973,손주영,3.6666666666666665,77.0,3.0,7.0,0.0,4.0,7.0,4.666666666666666,90.0,0.0,4.0,0.0,3.0,9.0,양현종,5.0,88.0,5.0,6.0,0.0,4.0,2.0,3.6666666666666665,86.0,0.0,3.0,0.0,4.0,6.0
20250425-Lotte_Giants-Doosan_Bears,20250425LTOB0,38.0,10.0,0.2631578947368421,31.0,5.0,0.16129032258064516,데이비슨,6.0,93.0,2.0,5.0,0.0,3.0,5.0,2.0,31.0,0.0,0.0,0.0,0.0,2.0,최원준,5.0,106.0,2.0,5.0,0.0,4.0,5.0,2.6666666666666665,82.0,1.0,5.0,1.0,3.0,3.0
20250425-NC_Dinos-Samsung_Lions,20250425NCSS0,32.0,7.0,0.21875,33.0,10.0,0.30303030303030304,목지훈,3.0,81.0,4.0,4.0,1.0,5.0,3.0,4.0,107.0,6.0,6.0,2.0,4.0,6.0,김대호,0.0,27.0,2.0,0.0,0.0,5.0,0.0,6.333333333333333,141.0,4.0,7.0,1.0,4.0,6.0
20250426-KT_Wiz-Hanwha_Eagles,20250426KTHH0,29.0,3.0,0.10344827586206896,30.0,7.0,0.23333333333333334,고영표,6.0,83.0,2.0,6.0,0.0,2.0,4.0,2.0,14.0,0.0,1.0,0.0,0.0,0.0,문동주,7.666666666666667,100.0,1.0,3.0,0.0,2.0,8.0,1.0,16.0,0.0,0.0,0.0,0.0,2.0
20250426-Kiwoom_Heroes-SSG_Landers,20250426WOSK0,36.0,6.0,0.16666666666666666,33.0,4.0,0.12121212121212122,로젠버그,7.0,105.0,1.0,3.0,0.0,1.0,7.0,3.0,45.0,0.0,1.0,0.0,0.0,4.0,앤더슨,6.333333333333333,98.0,0.0,2.0,0.0,2.0,14.0,2.0,69.0,2.0,4.0,0.0,1.0,5.0
20250426-LG_Twins-KIA_Tigers,20250426LGHT0,32.0,5.0,0.15625,34.0,11.0,0.3235294117647059,이지강,3.0,65.0,6.0,8.0,2.0,2.0,1.0,5.0,80.0,2.0,3.0,0.0,2.0,6.0,올러,7.0,97.0,0.0,1.0,0.0,2.0,8.0,1.0,48.0,4.0,4.0,1.0,1.0,4.0
20250426-Lotte_Giants-Doosan_Bears,20250426LTOB0,36.0,13.0,0.3611111111111111,34.0,8.0,0.23529411764705882,나균안,4.333333333333333,85.0,1.0,6.0,0.0,4.0,3.0,3.333333333333333,79.0,1.0,2.0,0.0,2.0,4.0,잭로그,7.0,93.0,2.0,7.0,0.0,1.0,10.0,1.3333333333333333,44.0,5.0,6.0,0.0,2.0,1.0
20250426-NC_Dinos-Samsung_Lions,20250426NCSS0,35.0,7.0,0.2,33.0,11.0,0.3333333333333333,이용찬,3.6666666666666665,86.0,4.0,4.0,0.0,5.0,3.0,3.6666666666666665,98.0,4.0,7.0,0.0,4.0,5.0,후라도,7.0,102.0,1.0,6.0,1.0,1.0,8.0,2.0,33.0,0.0,1.0,0.0,1.0,3.0
20250427-KT_Wiz-Hanwha_Eagles,20250427KTHH0,31.0,6.0,0.1935483870967742,28.0,7.0,0.25,오원석,6.0,90.0,1.0,4.0,0.0,1.0,4.0,2.0,33.0,2.0,3.0,0.0,0.0,2.0,폰세,7.0,109.0,0.0,3.0,0.0,4.0,5.0,1.0,36.0,3.0,3.0,0.0,2.0,1.0
20250427-Kiwoom_Heroes-SSG_Landers,20250427WOSK0,38.0,11.0,0.2894736842105263,36.0,10.0,0.2777777777777778,하영민,6.0,96.0,1.0,5.0,0.0,3.0,6.0,2.333333333333333,54.0,2.0,5.0,1.0,2.0,2.0,김광현,3.3333333333333335,84.0,7.0,9.0,1.0,1.0,2.0,5.666666666666666,89.0,0.0,2.0,0.0,5.0,3.0
20250427-LG_Twins-KIA_Tigers,20250427LGHT0,30.0,5.0,0.16666666666666666,30.0,9.0,0.3,임찬규,6.0,85.0,3.0,7.0,1.0,1.0,6.0,0.0,25.0,0.0,2.0,0.0,2.0,0.0,네일,6.0,89.0,2.0,4.0,0.0,4.0,3.0,3.0,48.0,0.0,1.0,0.0,1.0,2.0
20250427-Lotte_Giants-Doosan_Bears,20250427LTOB0,32.0,7.0,0.21875,34.0,13.0,0.38235294117647056,박진,3.3333333333333335,51.0,2.0,3.0,0.0,2.0,0.0,3.6666666666666665,132.0,11.0,10.0,1.0,9.0,4.0,최승용,5.0,83.0,3.0,4.0,1.0,2.0,1.0,3.6666666666666665,65.0,1.0,3.0,0.0,2.0,1.0
20250427-NC_Dinos-Samsung_Lions,20250427NCSS0,32.0,7.0,0.21875,38.0,14.0,0.3684210526315789,신민혁,4.0,90.0,3.0,6.0,2.0,2.0,3.0,3.333333333333333,85.0,5.0,8.0,1.0,3.0,3.0,레예스,5.0,78.0,0.0,2.0,0.0,2.0,1.0,3.0,70.0,4.0,5.0,0.0,2.0,3.0
20250429-KT_Wiz-Doosan_Bears,20250429KTOB0,33.0,7.0,0.21212121212121213,32.0,6.0,0.1875,쿠에바스,6.0,96.0,0.0,2.0,0.0,3.0,7.0,3.0,61.0,2.0,4.0,0.0,0.0,4.0,최준호,5.0,90.0,2.0,4.0,0.0,1.0,5.0,3.333333333333333,59.0,1.0,3.0,0.0,2.0,2.0
20250429-LG_Twins-Hanwha_Eagles,20250429LGHH0,32.0,6.0,0.1875,29.0,6.0,0.20689655172413793,송승기,5.0,86.0,3.0,6.0,2.0,2.0,7.0,3.0,41.0,0.0,0.0,0.0,0.0,2.0,와이스,6.0,106.0,2.0,4.0,1.0,4.0,3.0,3.0,38.0,0.0,2.0,0.0,0.0,3.0
20250429-Lotte_Giants-Kiwoom_Heroes,20250429LTWO0,40.0,17.0,0.425,32.0,4.0,0.125,반즈,7.0,95.0,1.0,2.0,1.0,1.0,6.0,1.3333333333333333,47.0,2.0,2.0,0.0,3.0,1.0,김윤하,6.0,98.0,3.0,10.0,0.0,3.0,2.0,2.6666666666666665,66.0,6.0,7.0,0.0,4.0,2.0
20250429-NC_Dinos-KIA_Tigers,20250429NCHT0,32.0,7.0,0.21875,36.0,14.0,0.3888888888888889,로건,5.0,101.0,5.0,7.0,0.0,4.0,2.0,1.0,80.0,8.0,7.0,0.0,7.0,3.0,김도현,5.666666666666667,90.0,0.0,6.0,1.0,2.0,3.0,2.333333333333333,67.0,0.0,1.0,0.0,4.0,1.0
20250429-Samsung_Lions-SSG_Landers,20250429SSSK0,36.0,9.0,0.25,30.0,4.0,0.13333333333333333,최원태,6.333333333333333,96.0,1.0,3.0,0.0,2.0,6.0,1.0,42.0,0.0,1.0,0.0,2.0,2.0,화이트,5.0,94.0,1.0,4.0,1.0,2.0,6.0,3.0,73.0,2.0,5.0,0.0,2.0,3.0
20250430-KT_Wiz-Doosan_Bears,20250430KTOB0,34.0,11.0,0.3235294117647059,33.0,7.0,0.21212121212121213,헤이수스,6.0,87.0,2.0,5.0,1.0,2.0,3.0,3.0,52.0,0.0,2.0,0.0,1.0,4.0,콜어빈,6.333333333333333,89.0,6.0,8.0,0.0,3.0,2.0,2.0,65.0,2.0,3.0,1.0,2.0,3.0
20250430-LG_Twins-Hanwha_Eagles,20250430LGHH0,31.0,6.0,0.1935483870967742,31.0,9.0,0.2903225806451613,치리노스,6.0,99.0,1.0,4.0,0.0,2.0,6.0,1.0,37.0,4.0,5.0,2.0,0.0,2.0,류현진,7.0,98.0,2.0,6.0,1.0,1.0,6.0,2.0,25.0,0.0,0.0,0.0,0.0,3.0
20250430-Lotte_Giants-Kiwoom_Heroes,20250430LTWO0,39.0,15.0,0.38461538461538464,38.0,11.0,0.2894736842105263,박세웅,5.0,93.0,2.0,6.0,0.0,2.0,2.0,3.0,81.0,6.0,5.0,2.0,1.0,6.0,김선기,3.6666666666666665,66.0,6.0,8.0,1.0,2.0,2.0,5.333333333333333,84.0,3.0,7.0,0.0,1.0,0.0
20250430-NC_Dinos-KIA_Tigers,20250430NCHT0,36.0,11.0,0.3055555555555556,29.0,5.0,0.1724137931034483,라일리,7.0,114.0,0.0,4.0,0.0,2.0,7.0,2.0,17.0,0.0,1.0,0.0,0.0,2.0,황동하,4.666666666666667,64.0,2.0,5.0,1.0,3.0,3.0,4.0,89.0,4.0,6.0,1.0,3.0,3.0
20250430-Samsung_Lions-SSG_Landers,20250430SSSK0,42.0,14.0,0.3333333333333333,40.0,10.0,0.25,원태인,7.0,104.0,3.0,8.0,1.0,0.0,3.0,3.333333333333333,51.0,2.0,2.0,1.0,1.0,5.0,문승원,5.0,88.0,3.0,6.0,0.0,2.0,0.0,4.333333333333333,111.0,3.0,8.0,3.0,3.0,5.0
20250501-KT_Wiz-Doosan_Bears,20250501KTOB0,37.0,4.0,0.10810810810810811,39.0,8.0,0.20512820512820512,소형준,6.0,90.0,3.0,5.0,0.0,3.0,6.0,5.0,73.0,0.0,3.0,0.0,4.0,7.0,최원준,6.0,85.0,1.0,3.0,1.0,2.0,4.0,3.6666666666666665,101.0,2.0,1.0,1.0,3.0,9.0
20250501-Lotte_Giants-Kiwoom_Heroes,20250501LTWO0,35.0,8.0,0.22857142857142856,30.0,4.0,0.13333333333333333,데이비슨,7.0,100.0,0.0,3.0,0.0,1.0,6.0,2.0,23.0,0.0,1.0,0.0,0.0,1.0,조영건,3.6666666666666665,67.0,3.0,6.0,0.0,3.0,1.0,5.333333333333333,84.0,2.0,2.0,0.0,2.0,5.0
20250501-Samsung_Lions-SSG_Landers,20250501SSSK0,30.0,6.0,0.2,32.0,9.0,0.28125,이승현,4.0,78.0,2.0,3.0,1.0,1.0,5.0,4.0,61.0,1.0,6.0,0.0,2.0,4.0,송영진,5.0,90.0,1.0,3.0,0.0,5.0,5.0,4.0,52.0,0.0,3.0,0.0,1.0,1.0
20250502-Doosan_Bears-Samsung_Lions,20250502OBSS0,33.0,6.0,0.18181818181818182,29.0,9.0,0.3103448275862069,잭로그,6.0,82.0,0.0,2.0,0.0,3.0,2.0,1.0,59.0,5.0,7.0,1.0,1.0,2.0,후라도,6.0,109.0,0.0,5.0,0.0,3.0,5.0,2.333333333333333,36.0,0.0,1.0,0.0,1.0,1.0
20250502-Hanwha_Eagles-KIA_Tigers,20250502HHHT0,40.0,8.0,0.2,38.0,6.0,0.15789473684210525,엄상백,5.0,85.0,2.0,4.0,0.0,3.0,3.0,5.0,90.0,0.0,2.0,0.0,4.0,5.0,올러,6.0,92.0,2.0,4.0,1.0,1.0,8.0,5.0,91.0,1.0,4.0,1.0,2.0,5.0
20250502-Kiwoom_Heroes-KT_Wiz,20250502WOKT0,42.0,17.0,0.40476190476190477,33.0,9.0,0.2727272727272727,로젠버그,5.666666666666667,100.0,1.0,6.0,1.0,2.0,6.0,2.6666666666666665,54.0,2.0,3.0,1.0,4.0,1.0,고영표,6.0,103.0,3.0,16.0,0.0,2.0,6.0,3.0,48.0,0.0,1.0,0.0,2.0,2.0
20250502-NC_Dinos-Lotte_Giants,20250502NCLT0,32.0,5.0,0.15625,30.0,7.0,0.23333333333333334,최성영,5.0,77.0,2.0,4.0,0.0,1.0,4.0,2.0,37.0,2.0,3.0,0.0,2.0,0.0,나균안,6.333333333333333,93.0,0.0,3.0,0.0,2.0,4.0,0.0,76.0,3.0,2.0,0.0,5.0,0.0
20250502-SSG_Landers-LG_Twins,20250502SKLG0,31.0,5.0,0.16129032258064516,31.0,6.0,0.1935483870967742,앤더슨,5.0,96.0,0.0,5.0,0.0,2.0,6.0,3.3333333333333335,53.0,0.0,1.0,0.0,1.0,3.0,손주영,5.0,96.0,2.0,5.0,1.0,2.0,4.0,3.6666666666666665,67.0,0.0,0.0,0.0,4.0,3.0
20250503-Doosan_Bears-Samsung_Lions,20250503OBSS0,37.0,10.0,0.2702702702702703,30.0,4.0,0.13333333333333333,최승용,7.0,100.0,1.0,3.0,0.0,2.0,6.0,2.0,29.0,0.0,1.0,0.0,0.0,4.0,레예스,5.333333333333333,99.0,4.0,7.0,1.0,1.0,4.0,2.6666666666666665,70.0,2.0,3.0,0.0,2.0,7.0
20250503-Kiwoom_Heroes-KT_Wiz,20250503WOKT0,32.0,6.0,0.1875,37.0,13.0,0.35135135135135137,하영민,4.333333333333333,94.0,8.0,9.0,0.0,5.0,4.0,3.0,78.0,1.0,4.0,0.0,3.0,1.0,오원석,6.0,94.0,0.0,4.0,0.0,3.0,5.0,3.0,44.0,0.0,2.0,0.0,0.0,2.0
20250503-NC_Dinos-Lotte_Giants,20250503NCLT0,44.0,19.0,0.4318181818181818,38.0,11.0,0.2894736842105263,신민혁,1.6666666666666665,44.0,3.0,4.0,0.0,1.0,1.0,7.333333333333333,99.0,1.0,7.0,1.0,0.0,2.0,박진,3.0,51.0,4.0,7.0,1.0,1.0,1.0,6.0,118.0,9.0,12.0,1.0,4.0,7.0
20250503-SSG_Landers-LG_Twins,20250503SKLG0,29.0,7.0,0.2413793103448276,32.0,7.0,0.21875,김광현,6.0,105.0,0.0,6.0,0.0,1.0,7.0,2.0,29.0,0.0,1.0,0.0,0.0,0.0,임찬규,6.0,88.0,1.0,4.0,0.0,3.0,3.0,2.6666666666666665,39.0,0.0,3.0,0.0,2.0,2.0
20250504-Doosan_Bears-Samsung_Lions,20250504OBSS0,40.0,15.0,0.375,31.0,8.0,0.25806451612903225,최준호,3.3333333333333335,57.0,5.0,5.0,3.0,2.0,1.0,5.666666666666666,84.0,1.0,3.0,0.0,3.0,3.0,정민성,1.0,23.0,4.0,3.0,0.0,2.0,0.0,8.0,148.0,7.0,12.0,2.0,2.0,5.0
20250504-Hanwha_Eagles-KIA_Tigers,20250504HHHT0,31.0,6.0,0.1935483870967742,30.0,3.0,0.1,폰세,7.0,101.0,0.0,2.0,0.0,2.0,5.0,2.0,29.0,0.0,1.0,0.0,0.0,4.0,네일,7.0,101.0,1.0,3.0,0.0,3.0,10.0,1.0,37.0,2.0,3.0,0.0,2.0,1.0
20250504-Kiwoom_Heroes-KT_Wiz,20250504WOKT0,34.0,7.0,0.20588235294117646,29.0,8.0,0.27586206896551724,김선기,3.6666666666666665,49.0,1.0,3.0,0.0,3.0,2.0,3.0,73.0,4.0,5.0,1.0,3.0,4.0,쿠에바스,6.0,94.0,4.0,5.0,0.0,2.0,5.0,3.0,41.0,0.0,2.0,0.0,0.0,4.0
20250504-NC_Dinos-Lotte_Giants,20250504NCLT0,40.0,13.0,0.325,35.0,10.0,0.2857142857142857,김녹원,3.0,68.0,4.0,4.0,0.0,3.0,0.0,5.333333333333334,74.0,2.0,6.0,0.0,1.0,1.0,반즈,5.333333333333333,100.0,5.0,7.0,2.0,3.0,3.0,2.333333333333333,90.0,4.0,6.0,1.0,3.0,5.0
20250504-SSG_Landers-LG_Twins,20250504SKLG0,33.0,7.0,0.21212121212121213,29.0,9.0,0.3103448275862069,박종훈,4.0,98.0,7.0,5.0,2.0,8.0,2.0,3.6666666666666665,77.0,5.0,4.0,1.0,6.0,1.0,코엔 윈,6.0,87.0,3.0,5.0,1.0,1.0,2.0,3.0,36.0,1.0,2.0,1.0,1.0,2.0
20250505-KIA_Tigers-Kiwoom_Heroes,20250505HTWO0,41.0,15.0,0.36585365853658536,33.0,7.0,0.21212121212121213,양현종,6.0,96.0,1.0,5.0,0.0,2.0,5.0,3.0,43.0,0.0,2.0,0.0,0.0,4.0,김윤하,3.0,77.0,6.0,6.0,0.0,4.0,4.0,6.0,123.0,7.0,9.0,1.0,4.0,4.0
20250505-LG_Twins-Doosan_Bears,20250505LGOB0,31.0,7.0,0.22580645161290322,33.0,10.0,0.30303030303030304,송승기,6.0,99.0,4.0,8.0,1.0,0.0,5.0,0.0,55.0,1.0,2.0,0.0,4.0,0.0,콜어빈,6.0,76.0,1.0,4.0,0.0,4.0,5.0,2.333333333333333,53.0,1.0,3.0,0.0,1.0,4.0
20250505-NC_Dinos-KT_Wiz,20250505NCKT0,35.0,10.0,0.2857142857142857,34.0,7.0,0.20588235294117646,로건,7.0,95.0,0.0,3.0,0.0,2.0,3.0,2.0,42.0,2.0,4.0,1.0,0.0,2.0,조이현,5.0,60.0,2.0,5.0,0.0,0.0,0.0,3.0,61.0,4.0,5.0,0.0,0.0,2.0
20250505-SSG_Landers-Lotte_Giants,20250505SKLT0,36.0,10.0,0.2777777777777778,28.0,3.0,0.10714285714285714,화이트,8.0,90.0,1.0,3.0,0.0,1.0,3.0,1.0,9.0,0.0,0.0,0.0,0.0,1.0,이민석,5.0,89.0,6.0,7.0,1.0,2.0,6.0,4.0,57.0,1.0,3.0,0.0,1.0,2.0
20250505-Samsung_Lions-Hanwha_Eagles,20250505SSHH0,30.0,5.0,0.16666666666666666,32.0,9.0,0.28125,최원태,6.333333333333333,92.0,2.0,6.0,1.0,1.0,8.0,1.0,28.0,1.0,3.0,0.0,0.0,0.0,와이스,7.0,107.0,1.0,3.0,1.0,1.0,5.0,2.0,33.0,0.0,2.0,0.0,0.0,3.0
20250506-KIA_Tigers-Kiwoom_Heroes,20250506HTWO0,33.0,9.0,0.2727272727272727,33.0,7.0,0.21212121212121213,김도현,6.0,93.0,3.0,4.0,0.0,3.0,5.0,2.0,35.0,0.0,3.0,0.0,0.0,3.0,조영건,5.0,78.0,3.0,4.0,0.0,4.0,2.0,3.333333333333333,87.0,2.0,5.0,0.0,4.0,3.0
20250506-LG_Twins-Doosan_Bears,20250506LGOB0,33.0,9.0,0.2727272727272727,32.0,6.0,0.1875,치리노스,7.0,96.0,1.0,4.0,0.0,0.0,5.0,2.0,42.0,0.0,2.0,0.0,1.0,1.0,최원준,5.0,89.0,5.0,6.0,2.0,1.0,3.0,4.0,71.0,0.0,3.0,0.0,1.0,4.0
20250506-NC_Dinos-KT_Wiz,20250506NCKT0,37.0,11.0,0.2972972972972973,36.0,11.0,0.3055555555555556,라일리,6.0,98.0,1.0,7.0,0.0,0.0,9.0,2.333333333333333,54.0,2.0,4.0,0.0,1.0,2.0,헤이수스,4.333333333333333,92.0,3.0,7.0,1.0,2.0,3.0,3.6666666666666665,70.0,2.0,4.0,1.0,2.0,0.0
20250506-SSG_Landers-Lotte_Giants,20250506SKLT0,29.0,3.0,0.10344827586206896,29.0,7.0,0.2413793103448276,문승원,3.3333333333333335,69.0,3.0,5.0,1.0,1.0,2.0,4.666666666666666,81.0,2.0,2.0,1.0,3.0,3.0,박세웅,7.0,96.0,0.0,2.0,0.0,4.0,7.0,2.0,28.0,0.0,1.0,0.0,0.0,2.0
20250506-Samsung_Lions-Hanwha_Eagles,20250506SSHH0,33.0,6.0,0.18181818181818182,30.0,9.0,0.3,원태인,6.0,97.0,3.0,7.0,0.0,1.0,3.0,2.0,29.0,0.0,2.0,0.0,0.0,2.0,류현진,5.0,85.0,1.0,4.0,0.0,4.0,6.0,3.333333333333333,81.0,0.0,2.0,0.0,3.0,2.0
20250507-KIA_Tigers-Kiwoom_Heroes,20250507HTWO0,36.0,10.0,0.2777777777777778,32.0,9.0,0.28125,황동하,5.0,70.0,1.0,2.0,0.0,1.0,4.0,1.6666666666666665,87.0,10.0,7.0,2.0,5.0,4.0,로젠버그,5.333333333333333,108.0,4.0,6.0,0.0,4.0,5.0,3.0,84.0,5.0,4.0,0.0,6.0,2.0
20250507-LG_Twins-Doosan_Bears,20250507LGOB0,32.0,6.0,0.1875,31.0,8.0,0.25806451612903225,최지명,4.0,57.0,1.0,3.0,0.0,1.0,4.0,4.0,78.0,4.0,5.0,0.0,5.0,3.0,잭로그,7.0,96.0,2.0,5.0,0.0,1.0,7.0,1.3333333333333333,38.0,0.0,1.0,0.0,3.0,2.0
20250507-NC_Dinos-KT_Wiz,20250507NCKT0,37.0,13.0,0.35135135135135137,34.0,8.0,0.23529411764705882,목지훈,5.0,71.0,1.0,3.0,1.0,0.0,5.0,3.0,74.0,1.0,5.0,1.0,1.0,1.0,소형준,4.666666666666667,92.0,6.0,6.0,1.0,5.0,5.0,4.333333333333333,84.0,5.0,7.0,1.0,2.0,1.0
20250507-SSG_Landers-Lotte_Giants,20250507SKLT0,30.0,7.0,0.23333333333333334,34.0,13.0,0.38235294117647056,송영진,2.3333333333333335,46.0,5.0,6.0,1.0,2.0,1.0,5.0,99.0,1.0,7.0,0.0,1.0,7.0,데이비슨,7.666666666666667,100.0,1.0,5.0,0.0,1.0,9.0,1.0,22.0,0.0,2.0,0.0,1.0,1.0
20250507-Samsung_Lions-Hanwha_Eagles,20250507SSHH0,35.0,10.0,0.2857142857142857,36.0,13.0,0.3611111111111111,이승현,3.0,65.0,4.0,6.0,1.0,2.0,1.0,3.333333333333333,96.0,6.0,7.0,1.0,3.0,7.0,문동주,6.0,105.0,2.0,6.0,0.0,4.0,8.0,2.6666666666666665,69.0,4.0,4.0,1.0,3.0,2.0
20250509-Hanwha_Eagles-Kiwoom_Heroes,20250509HHWO0,39.0,13.0,0.3333333333333333,34.0,10.0,0.29411764705882354,엄상백,3.6666666666666665,69.0,4.0,5.0,4.0,2.0,2.0,5.333333333333333,87.0,1.0,5.0,1.0,4.0,4.0,하영민,6.0,95.0,2.0,5.0,1.0,2.0,8.0,2.6666666666666665,73.0,5.0,8.0,1.0,1.0,2.0
20250510-Hanwha_Eagles-Kiwoom_Heroes,20250510HHWO0,40.0,16.0,0.4,31.0,4.0,0.12903225806451613,폰세,6.0,110.0,1.0,3.0,1.0,2.0,9.0,2.6666666666666665,41.0,0.0,1.0,0.0,0.0,3.0,김선기,3.0,51.0,2.0,5.0,0.0,2.0,1.0,5.666666666666667,108.0,7.0,11.0,0.0,3.0,6.0
20250510-KIA_Tigers-SSG_Landers-G2,20250510HTSK0,26.0,3.0,0.11538461538461539,36.0,9.0,0.25,올러,6.0,112.0,0.0,3.0,0.0,3.0,7.0,2.333333333333333,62.0,4.0,6.0,2.0,1.0,3.0,앤더슨,5.666666666666667,96.0,1.0,2.0,0.0,2.0,7.0,3.0,60.0,1.0,1.0,0.0,4.0,1.0
20250510-LG_Twins-Samsung_Lions,20250510LGSS1,35.0,13.0,0.37142857142857144,33.0,8.0,0.24242424242424243,손주영,6.0,104.0,3.0,6.0,0.0,2.0,6.0,3.0,56.0,1.0,2.0,1.0,1.0,3.0,후라도,6.666666666666667,103.0,5.0,10.0,1.0,2.0,2.0,2.333333333333333,45.0,0.0,3.0,0.0,2.0,1.0
20250510-LG_Twins-Samsung_Lions-G2,20250510LGSS2,34.0,8.0,0.23529411764705882,31.0,4.0,0.12903225806451613,임찬규,6.0,92.0,0.0,2.0,0.0,5.0,5.0,3.0,58.0,0.0,2.0,0.0,2.0,3.0,레예스,4.333333333333333,103.0,4.0,7.0,1.0,3.0,4.0,4.666666666666666,92.0,0.0,1.0,0.0,2.0,8.0
20250510-Lotte_Giants-KT_Wiz-G2,20250510LTKT0,40.0,16.0,0.4,39.0,13.0,0.3333333333333333,나균안,3.0,71.0,5.0,8.0,2.0,1.0,1.0,4.333333333333333,103.0,0.0,5.0,0.0,3.0,5.0,고영표,4.666666666666667,93.0,6.0,11.0,1.0,2.0,3.0,4.333333333333333,67.0,0.0,5.0,0.0,0.0,3.0
20250510-NC_Dinos-Doosan_Bears-G2,20250510NCOB0,35.0,9.0,0.2571428571428571,36.0,10.0,0.2777777777777778,신민혁,6.0,98.0,3.0,8.0,1.0,0.0,1.0,1.6666666666666665,66.0,1.0,2.0,1.0,6.0,2.0,최승용,5.0,94.0,2.0,3.0,1.0,1.0,3.0,3.333333333333333,55.0,4.0,6.0,1.0,1.0,4.0
20250511-Hanwha_Eagles-Kiwoom_Heroes,20250511HHWO0,39.0,11.0,0.28205128205128205,27.0,1.0,0.037037037037037035,와이스,8.0,93.0,0.0,1.0,0.0,2.0,9.0,1.0,12.0,0.0,0.0,0.0,0.0,1.0,김윤하,5.0,99.0,4.0,5.0,1.0,4.0,4.0,4.0,58.0,3.0,6.0,0.0,1.0,5.0
20250511-KIA_Tigers-SSG_Landers,20250511HTSK1,34.0,7.0,0.20588235294117646,30.0,12.0,0.4,네일,4.0,82.0,7.0,8.0,0.0,2.0,4.0,4.0,81.0,1.0,4.0,0.0,4.0,2.0,화이트,5.0,93.0,2.0,4.0,1.0,4.0,3.0,3.0,61.0,1.0,3.0,0.0,2.0,2.0
20250511-KIA_Tigers-SSG_Landers-G2,20250511HTSK2,30.0,1.0,0.03333333333333333,28.0,5.0,0.17857142857142858,양현종,5.333333333333333,79.0,3.0,3.0,0.0,2.0,5.0,2.0,56.0,2.0,2.0,0.0,5.0,1.0,김광현,7.0,96.0,1.0,1.0,1.0,1.0,7.0,2.0,23.0,0.0,0.0,0.0,2.0,0.0
20250511-LG_Twins-Samsung_Lions,20250511LGSS0,32.0,8.0,0.25,30.0,8.0,0.26666666666666666,코엔 윈,5.0,85.0,4.0,7.0,2.0,0.0,3.0,4.0,55.0,0.0,1.0,0.0,2.0,4.0,최원태,5.333333333333333,94.0,2.0,4.0,0.0,3.0,4.0,2.6666666666666665,74.0,4.0,4.0,0.0,4.0,2.0
20250511-Lotte_Giants-KT_Wiz,20250511LTKT1,31.0,10.0,0.3225806451612903,33.0,6.0,0.18181818181818182,박세웅,6.333333333333333,102.0,0.0,4.0,0.0,1.0,8.0,2.0,40.0,0.0,2.0,0.0,0.0,3.0,쿠에바스,5.0,93.0,4.0,6.0,1.0,5.0,2.0,4.0,67.0,2.0,4.0,0.0,3.0,1.0
20250511-Lotte_Giants-KT_Wiz-G2,20250511LTKT2,28.0,3.0,0.10714285714285714,32.0,5.0,0.15625,이민석,6.0,104.0,1.0,5.0,0.0,3.0,5.0,2.0,57.0,0.0,0.0,0.0,3.0,2.0,오원석,5.666666666666667,96.0,1.0,3.0,0.0,7.0,3.0,3.333333333333333,71.0,0.0,0.0,0.0,4.0,3.0
20250511-NC_Dinos-Doosan_Bears,20250511NCOB1,37.0,13.0,0.35135135135135137,34.0,7.0,0.20588235294117646,로건,5.0,93.0,1.0,4.0,0.0,3.0,0.0,4.0,60.0,1.0,3.0,0.0,2.0,3.0,콜어빈,2.3333333333333335,65.0,8.0,3.0,0.0,7.0,1.0,6.666666666666666,101.0,3.0,10.0,0.0,1.0,2.0
20250511-NC_Dinos-Doosan_Bears-G2,20250511NCOB2,34.0,9.0,0.2647058823529412,33.0,7.0,0.21212121212121213,최성영,5.0,93.0,2.0,5.0,0.0,2.0,3.0,4.0,67.0,0.0,2.0,0.0,2.0,3.0,최준호,2.3333333333333335,51.0,4.0,5.0,1.0,2.0,1.0,5.666666666666666,104.0,1.0,4.0,0.0,1.0,4.0
20250513-Doosan_Bears-Hanwha_Eagles,20250513OBHH0,44.0,12.0,0.2727272727272727,40.0,11.0,0.275,최원준,6.0,84.0,1.0,8.0,0.0,1.0,3.0,5.0,83.0,0.0,3.0,1.0,1.0,4.0,류현진,6.0,99.0,0.0,6.0,0.0,0.0,5.0,3.0,95.0,3.0,6.0,1.0,2.0,4.0
20250513-KT_Wiz-Samsung_Lions,20250513KTSS0,34.0,8.0,0.23529411764705882,30.0,7.0,0.23333333333333334,헤이수스,5.0,95.0,2.0,6.0,1.0,3.0,7.0,3.0,52.0,1.0,1.0,0.0,2.0,2.0,이승현,5.0,89.0,0.0,5.0,0.0,3.0,2.0,4.0,65.0,3.0,3.0,1.0,1.0,4.0
20250513-Kiwoom_Heroes-LG_Twins,20250513WOLG0,39.0,12.0,0.3076923076923077,35.0,12.0,0.34285714285714286,조영건,4.0,89.0,6.0,7.0,3.0,3.0,1.0,3.0,88.0,3.0,5.0,1.0,2.0,4.0,치리노스,5.333333333333333,92.0,5.0,8.0,1.0,2.0,7.0,3.333333333333333,75.0,1.0,4.0,0.0,3.0,3.0
20250513-Lotte_Giants-KIA_Tigers,20250513LTHT0,35.0,8.0,0.22857142857142856,30.0,8.0,0.26666666666666666,데이비슨,6.0,108.0,3.0,7.0,0.0,2.0,4.0,2.0,42.0,1.0,1.0,0.0,3.0,3.0,김도현,5.333333333333333,87.0,0.0,4.0,0.0,2.0,1.0,3.333333333333333,50.0,0.0,4.0,0.0,2.0,1.0
20250513-NC_Dinos-SSG_Landers,20250513NCSK0,32.0,7.0,0.21875,32.0,9.0,0.28125,라일리,6.0,100.0,2.0,4.0,1.0,1.0,10.0,1.0,42.0,4.0,5.0,0.0,4.0,1.0,문승원,6.0,80.0,2.0,4.0,1.0,1.0,2.0,3.0,45.0,1.0,3.0,0.0,1.0,3.0
20250514-Doosan_Bears-Hanwha_Eagles,20250514OBHH0,38.0,12.0,0.3157894736842105,32.0,6.0,0.1875,잭로그,3.3333333333333335,54.0,0.0,2.0,0.0,0.0,5.0,5.666666666666666,81.0,1.0,4.0,1.0,2.0,4.0,문동주,5.0,94.0,3.0,6.0,0.0,2.0,7.0,4.0,66.0,4.0,6.0,0.0,1.0,4.0
20250514-KT_Wiz-Samsung_Lions,20250514KTSS0,33.0,8.0,0.24242424242424243,33.0,6.0,0.18181818181818182,소형준,6.0,102.0,2.0,5.0,1.0,2.0,6.0,3.0,33.0,0.0,1.0,0.0,1.0,3.0,원태인,6.0,104.0,3.0,7.0,1.0,0.0,7.0,3.0,43.0,0.0,1.0,0.0,2.0,3.0
20250514-Kiwoom_Heroes-LG_Twins,20250514WOLG0,31.0,5.0,0.16129032258064516,41.0,15.0,0.36585365853658536,로젠버그,5.0,114.0,3.0,6.0,0.0,2.0,6.0,3.0,74.0,7.0,9.0,0.0,2.0,3.0,송승기,6.0,108.0,0.0,4.0,0.0,2.0,5.0,3.0,34.0,0.0,1.0,0.0,0.0,4.0
20250514-Lotte_Giants-KIA_Tigers,20250514LTHT0,35.0,11.0,0.3142857142857143,34.0,8.0,0.23529411764705882,한현희,4.333333333333333,83.0,0.0,5.0,0.0,2.0,5.0,4.0,50.0,0.0,3.0,0.0,0.0,2.0,윤영철,4.0,69.0,2.0,4.0,0.0,3.0,4.0,5.0,93.0,2.0,7.0,1.0,2.0,5.0
20250514-NC_Dinos-SSG_Landers,20250514NCSK0,32.0,10.0,0.3125,31.0,6.0,0.1935483870967742,목지훈,5.0,79.0,1.0,3.0,0.0,4.0,5.0,4.0,63.0,2.0,3.0,1.0,0.0,6.0,송영진,2.6666666666666665,63.0,3.0,7.0,0.0,3.0,0.0,6.333333333333334,110.0,1.0,3.0,0.0,5.0,4.0
20250515-Doosan_Bears-Hanwha_Eagles,20250515OBHH0,39.0,12.0,0.3076923076923077,31.0,6.0,0.1935483870967742,최승용,2.0,57.0,2.0,4.0,0.0,3.0,2.0,7.0,80.0,0.0,2.0,0.0,2.0,2.0,엄상백,2.0,51.0,5.0,7.0,1.0,1.0,2.0,7.0,98.0,3.0,5.0,2.0,0.0,7.0
20250515-KT_Wiz-Samsung_Lions,20250515KTSS0,31.0,4.0,0.12903225806451613,34.0,13.0,0.38235294117647056,고영표,4.0,78.0,4.0,6.0,0.0,1.0,5.0,3.6666666666666665,86.0,8.0,7.0,0.0,5.0,4.0,후라도,6.0,93.0,0.0,2.0,0.0,3.0,2.0,3.0,48.0,0.0,2.0,0.0,1.0,1.0
20250515-Kiwoom_Heroes-LG_Twins,20250515WOLG0,32.0,6.0,0.1875,31.0,8.0,0.25806451612903225,하영민,5.0,101.0,3.0,4.0,1.0,4.0,5.0,3.0,41.0,3.0,4.0,1.0,2.0,0.0,임찬규,7.0,82.0,1.0,4.0,0.0,2.0,6.0,1.0,35.0,0.0,2.0,0.0,0.0,3.0
20250515-Lotte_Giants-KIA_Tigers,20250515LTHT0,34.0,9.0,0.2647058823529412,34.0,12.0,0.35294117647058826,나균안,5.666666666666667,102.0,6.0,10.0,0.0,2.0,3.0,2.0,33.0,1.0,2.0,1.0,0.0,1.0,올러,6.0,86.0,2.0,4.0,0.0,0.0,7.0,2.333333333333333,64.0,4.0,5.0,1.0,1.0,4.0
20250515-NC_Dinos-SSG_Landers,20250515NCSK0,30.0,3.0,0.1,33.0,8.0,0.24242424242424243,신민혁,5.333333333333333,90.0,3.0,6.0,1.0,0.0,2.0,2.0,48.0,0.0,2.0,0.0,0.0,1.0,앤더슨,6.0,94.0,0.0,2.0,0.0,2.0,10.0,3.0,39.0,0.0,1.0,0.0,0.0,3.0
20250517-Doosan_Bears-KIA_Tigers,20250517OBHT1,30.0,6.0,0.2,33.0,9.0,0.2727272727272727,콜어빈,5.666666666666667,116.0,3.0,6.0,1.0,4.0,8.0,1.0,56.0,1.0,3.0,0.0,3.0,0.0,네일,7.0,102.0,2.0,6.0,1.0,3.0,8.0,1.0,25.0,0.0,0.0,0.0,1.0,2.0
20250517-Doosan_Bears-KIA_Tigers-G2,20250517OBHT2,36.0,9.0,0.25,32.0,8.0,0.25,홍민규,3.6666666666666665,70.0,4.0,6.0,1.0,1.0,2.0,4.0,55.0,0.0,2.0,0.0,0.0,4.0,양현종,6.0,91.0,1.0,6.0,1.0,1.0,7.0,2.0,46.0,0.0,3.0,0.0,0.0,4.0
20250517-KT_Wiz-LG_Twins,20250517KTLG1,42.0,18.0,0.42857142857142855,36.0,12.0,0.3333333333333333,오원석,5.0,100.0,1.0,8.0,0.0,1.0,5.0,3.0,58.0,2.0,4.0,1.0,2.0,4.0,손주영,4.666666666666667,101.0,4.0,7.0,0.0,4.0,4.0,3.3333333333333335,104.0,7.0,11.0,1.0,3.0,4.0
20250517-KT_Wiz-LG_Twins-G2,20250517KTLG2,35.0,8.0,0.22857142857142856,34.0,9.0,0.2647058823529412,쿠에바스,3.0,61.0,3.0,3.0,1.0,4.0,1.0,5.333333333333333,114.0,3.0,6.0,1.0,4.0,6.0,코엔 윈,4.666666666666667,92.0,1.0,3.0,0.0,4.0,2.0,3.333333333333333,114.0,5.0,5.0,1.0,5.0,4.0
20250517-Kiwoom_Heroes-NC_Dinos,20250517WONC1,34.0,5.0,0.14705882352941177,29.0,6.0,0.20689655172413793,김선기,4.0,89.0,2.0,4.0,1.0,7.0,3.0,3.0,53.0,1.0,2.0,0.0,2.0,5.0,로건,6.0,99.0,0.0,4.0,0.0,1.0,5.0,1.0,75.0,1.0,1.0,0.0,5.0,6.0
20250517-Kiwoom_Heroes-NC_Dinos-G2,20250517WONC2,34.0,8.0,0.23529411764705882,33.0,8.0,0.24242424242424243,김연주,5.0,90.0,1.0,4.0,0.0,3.0,4.0,3.333333333333333,58.0,1.0,4.0,1.0,1.0,3.0,최성영,4.0,68.0,2.0,5.0,1.0,1.0,4.0,5.0,70.0,1.0,3.0,0.0,3.0,4.0
20250517-SSG_Landers-Hanwha_Eagles,20250517SKHH1,30.0,4.0,0.13333333333333333,30.0,6.0,0.2,김광현,6.0,105.0,1.0,5.0,0.0,3.0,4.0,1.0,32.0,0.0,1.0,0.0,3.0,0.0,폰세,8.0,113.0,0.0,2.0,0.0,1.0,18.0,1.0,23.0,0.0,2.0,0.0,0.0,2.0
20250517-SSG_Landers-Hanwha_Eagles-G2,20250517SKHH2,35.0,9.0,0.2571428571428571,33.0,7.0,0.21212121212121213,화이트,7.0,102.0,1.0,3.0,0.0,1.0,11.0,2.0,45.0,1.0,4.0,1.0,0.0,1.0,와이스,5.0,102.0,4.0,5.0,0.0,2.0,8.0,3.0,57.0,1.0,4.0,0.0,0.0,3.0
20250517-Samsung_Lions-Lotte_Giants,20250517SSLT1,31.0,10.0,0.3225806451612903,33.0,9.0,0.2727272727272727,레예스,5.0,94.0,3.0,5.0,1.0,1.0,5.0,2.0,59.0,3.0,4.0,0.0,4.0,2.0,박세웅,5.0,102.0,5.0,8.0,0.0,4.0,5.0,3.333333333333333,59.0,0.0,2.0,0.0,2.0,4.0
20250517-Samsung_Lions-Lotte_Giants-G2,20250517SSLT2,34.0,8.0,0.23529411764705882,35.0,13.0,0.37142857142857144,최원태,3.0,55.0,5.0,5.0,0.0,2.0,3.0,5.0,94.0,2.0,8.0,0.0,2.0,4.0,이민석,4.333333333333333,83.0,4.0,5.0,1.0,3.0,2.0,3.0,81.0,2.0,3.0,1.0,2.0,3.0
20250518-Doosan_Bears-KIA_Tigers,20250518OBHT0,42.0,13.0,0.30952380952380953,36.0,9.0,0.25,최원준,4.666666666666667,97.0,4.0,3.0,1.0,4.0,4.0,3.6666666666666665,87.0,1.0,6.0,0.0,4.0,6.0,김도현,6.0,101.0,3.0,8.0,1.0,2.0,4.0,3.3333333333333335,76.0,1.0,5.0,0.0,3.0,3.0
20250518-KT_Wiz-LG_Twins,20250518KTLG0,33.0,7.0,0.21212121212121213,28.0,6.0,0.21428571428571427,헤이수스,6.0,89.0,5.0,6.0,2.0,1.0,9.0,2.0,22.0,0.0,0.0,0.0,2.0,0.0,치리노스,6.0,97.0,1.0,5.0,0.0,0.0,3.0,1.3333333333333333,52.0,0.0,2.0,0.0,2.0,2.0
20250518-Kiwoom_Heroes-NC_Dinos,20250518WONC0,29.0,1.0,0.034482758620689655,30.0,7.0,0.23333333333333334,조영건,5.0,63.0,0.0,1.0,0.0,1.0,2.0,2.0,70.0,5.0,6.0,0.0,2.0,2.0,라일리,8.0,108.0,0.0,1.0,0.0,1.0,12.0,1.0,9.0,0.0,0.0,0.0,0.0,0.0
20250518-SSG_Landers-Hanwha_Eagles,20250518SKHH0,38.0,10.0,0.2631578947368421,35.0,12.0,0.34285714285714286,문승원,5.0,86.0,2.0,8.0,0.0,2.0,1.0,3.0,59.0,1.0,4.0,0.0,1.0,3.0,류현진,3.0,78.0,4.0,6.0,0.0,3.0,2.0,4.666666666666666,108.0,1.0,4.0,1.0,5.0,5.0
20250518-Samsung_Lions-Lotte_Giants,20250518SSLT0,35.0,8.0,0.22857142857142856,29.0,7.0,0.2413793103448276,이승현,4.0,77.0,3.0,3.0,0.0,4.0,3.0,3.0,67.0,3.0,4.0,1.0,0.0,4.0,데이비슨,6.0,95.0,1.0,5.0,0.0,3.0,8.0,2.333333333333333,58.0,2.0,3.0,0.0,2.0,3.0
20250520-Hanwha_Eagles-NC_Dinos,20250520HHNC0,33.0,7.0,0.21212121212121213,31.0,4.0,0.12903225806451613,문동주,6.0,92.0,0.0,4.0,0.0,2.0,4.0,2.333333333333333,57.0,1.0,0.0,0.0,3.0,6.0,목지훈,6.0,91.0,4.0,6.0,1.0,4.0,3.0,3.0,30.0,0.0,1.0,0.0,0.0,1.0
20250520-KIA_Tigers-KT_Wiz,20250520HTKT0,34.0,9.0,0.2647058823529412,32.0,7.0,0.21875,윤영철,4.333333333333333,68.0,3.0,3.0,0.0,3.0,3.0,3.0,61.0,2.0,4.0,1.0,2.0,0.0,조이현,5.333333333333333,70.0,1.0,5.0,0.0,1.0,3.0,3.0,59.0,2.0,4.0,1.0,0.0,2.0
20250520-LG_Twins-Lotte_Giants,20250520LGLT0,35.0,12.0,0.34285714285714286,44.0,17.0,0.38636363636363635,송승기,5.0,97.0,3.0,7.0,1.0,1.0,4.0,4.0,121.0,6.0,10.0,0.0,4.0,3.0,윤성빈,1.0,54.0,9.0,4.0,0.0,7.0,2.0,8.0,147.0,8.0,8.0,1.0,6.0,1.0
20250520-SSG_Landers-Doosan_Bears,20250520SKOB0,35.0,8.0,0.22857142857142856,38.0,10.0,0.2631578947368421,전영준,4.333333333333333,71.0,3.0,6.0,1.0,1.0,4.0,4.333333333333333,75.0,0.0,4.0,0.0,1.0,11.0,잭로그,7.0,100.0,2.0,4.0,0.0,3.0,5.0,2.0,32.0,1.0,4.0,0.0,0.0,2.0
20250520-Samsung_Lions-Kiwoom_Heroes,20250520SSWO0,43.0,11.0,0.2558139534883721,37.0,9.0,0.24324324324324326,원태인,8.0,96.0,1.0,5.0,0.0,3.0,6.0,3.0,62.0,2.0,4.0,0.0,2.0,3.0,로젠버그,6.0,96.0,1.0,4.0,0.0,1.0,6.0,3.0,91.0,5.0,7.0,1.0,4.0,5.0
20250521-Hanwha_Eagles-NC_Dinos,20250521HHNC0,34.0,7.0,0.20588235294117646,27.0,7.0,0.25925925925925924,황준서,3.3333333333333335,58.0,1.0,2.0,0.0,2.0,4.0,3.333333333333333,81.0,3.0,5.0,0.0,6.0,3.0,신민혁,6.0,101.0,2.0,4.0,0.0,1.0,4.0,3.0,59.0,0.0,3.0,0.0,1.0,3.0
20250521-KIA_Tigers-KT_Wiz,20250521HTKT0,35.0,10.0,0.2857142857142857,33.0,9.0,0.2727272727272727,올러,5.0,106.0,1.0,6.0,0.0,2.0,8.0,3.0,37.0,1.0,3.0,0.0,1.0,1.0,고영표,7.0,94.0,1.0,8.0,0.0,1.0,4.0,2.0,33.0,0.0,2.0,0.0,0.0,1.0
20250521-LG_Twins-Lotte_Giants,20250521LGLT0,43.0,13.0,0.3023255813953488,45.0,15.0,0.3333333333333333,임찬규,4.666666666666667,86.0,5.0,11.0,0.0,2.0,1.0,6.333333333333333,103.0,2.0,4.0,1.0,4.0,7.0,나균안,5.0,102.0,3.0,8.0,2.0,2.0,6.0,4.333333333333333,97.0,3.0,5.0,1.0,4.0,3.0
20250521-SSG_Landers-Doosan_Bears,20250521SKOB0,36.0,9.0,0.25,32.0,8.0,0.25,앤더슨,6.0,95.0,0.0,5.0,0.0,2.0,8.0,3.0,45.0,1.0,3.0,1.0,0.0,3.0,최민석,4.0,75.0,2.0,2.0,0.0,3.0,3.0,5.0,107.0,6.0,7.0,0.0,6.0,4.0
20250521-Samsung_Lions-Kiwoom_Heroes,20250521SSWO0,30.0,8.0,0.26666666666666666,34.0,7.0,0.20588235294117646,후라도,6.0,102.0,1.0,5.0,0.0,1.0,4.0,3.0,43.0,0.0,2.0,0.0,0.0,5.0,하영민,7.0,96.0,3.0,4.0,0.0,3.0,6.0,1.0,27.0,3.0,4.0,0.0,1.0,0.0
20250522-Hanwha_Eagles-NC_Dinos,20250522HHNC0,31.0,5.0,0.16129032258064516,34.0,10.0,0.29411764705882354,폰세,5.0,89.0,2.0,5.0,0.0,1.0,4.0,1.6666666666666665,62.0,2.0,5.0,0.0,1.0,4.0,김녹원,5.333333333333333,83.0,3.0,3.0,1.0,3.0,5.0,3.333333333333333,50.0,0.0,2.0,0.0,0.0,4.0
20250522-KIA_Tigers-KT_Wiz,20250522HTKT0,39.0,14.0,0.358974358974359,30.0,6.0,0.2,양현종,6.666666666666667,88.0,0.0,4.0,0.0,4.0,4.0,2.0,33.0,0.0,2.0,0.0,1.0,1.0,쿠에바스,5.0,76.0,6.0,11.0,1.0,2.0,3.0,4.0,59.0,1.0,3.0,0.0,1.0,3.0
20250522-LG_Twins-Lotte_Giants,20250522LGLT0,34.0,8.0,0.23529411764705882,37.0,13.0,0.35135135135135137,코엔 윈,3.3333333333333335,88.0,6.0,8.0,0.0,4.0,0.0,4.0,99.0,4.0,5.0,0.0,5.0,2.0,이민석,5.0,87.0,4.0,6.0,2.0,2.0,1.0,3.333333333333333,55.0,0.0,2.0,0.0,2.0,4.0
20250522-SSG_Landers-Doosan_Bears,20250522SKOB0,31.0,8.0,0.25806451612903225,35.0,11.0,0.3142857142857143,김광현,6.0,82.0,1.0,5.0,0.0,1.0,7.0,0.0,60.0,5.0,6.0,1.0,2.0,3.0,홍민규,3.0,57.0,3.0,4.0,1.0,3.0,1.0,6.0,82.0,2.0,4.0,1.0,1.0,6.0
20250522-Samsung_Lions-Kiwoom_Heroes,20250522SSWO0,29.0,3.0,0.10344827586206896,31.0,5.0,0.16129032258064516,레예스,7.666666666666667,86.0,0.0,3.0,0.0,2.0,5.0,1.0,22.0,0.0,2.0,0.0,0.0,2.0,김연주,5.0,80.0,0.0,1.0,0.0,2.0,3.0,4.0,70.0,2.0,2.0,1.0,3.0,2.0
20250523-KIA_Tigers-Samsung_Lions,20250523HTSS0,39.0,13.0,0.3333333333333333,35.0,11.0,0.3142857142857143,네일,6.333333333333333,98.0,4.0,8.0,0.0,1.0,8.0,2.0,38.0,2.0,3.0,1.0,0.0,4.0,황동재,2.3333333333333335,65.0,3.0,4.0,0.0,4.0,6.0,6.333333333333333,138.0,3.0,9.0,1.0,5.0,6.0
20250523-KT_Wiz-Kiwoom_Heroes,20250523KTWO0,40.0,14.0,0.35,35.0,12.0,0.34285714285714286,오원석,5.0,82.0,3.0,6.0,1.0,2.0,1.0,4.0,61.0,2.0,6.0,0.0,0.0,4.0,김윤하,5.666666666666667,108.0,5.0,8.0,0.0,3.0,1.0,3.0,52.0,2.0,6.0,0.0,0.0,1.0
20250523-LG_Twins-SSG_Landers,20250523LGSK0,31.0,5.0,0.16129032258064516,31.0,5.0,0.16129032258064516,손주영,7.0,99.0,1.0,2.0,0.0,2.0,11.0,2.0,43.0,1.0,3.0,0.0,1.0,4.0,화이트,6.0,97.0,2.0,4.0,0.0,2.0,2.0,2.333333333333333,56.0,1.0,1.0,1.0,1.0,4.0
20250523-Lotte_Giants-Hanwha_Eagles,20250523LTHH0,33.0,6.0,0.18181818181818182,30.0,7.0,0.23333333333333334,박세웅,6.333333333333333,98.0,3.0,7.0,0.0,3.0,3.0,1.0,10.0,0.0,0.0,0.0,0.0,0.0,와이스,8.0,98.0,2.0,4.0,1.0,0.0,11.0,1.0,24.0,0.0,2.0,0.0,1.0,2.0
20250523-NC_Dinos-Doosan_Bears,20250523NCOB0,29.0,3.0,0.10344827586206896,33.0,8.0,0.24242424242424243,로건,7.0,104.0,1.0,7.0,0.0,2.0,6.0,1.3333333333333333,44.0,0.0,1.0,0.0,2.0,4.0,콜어빈,6.0,97.0,0.0,1.0,0.0,4.0,4.0,2.333333333333333,63.0,1.0,2.0,0.0,1.0,3.0
20250524-KIA_Tigers-Samsung_Lions,20250524HTSS0,37.0,9.0,0.24324324324324326,31.0,9.0,0.2903225806451613,김도현,4.666666666666667,93.0,3.0,5.0,0.0,3.0,2.0,2.333333333333333,78.0,4.0,4.0,0.0,5.0,3.0,이승현,4.0,73.0,3.0,7.0,1.0,1.0,2.0,5.0,75.0,1.0,2.0,1.0,0.0,6.0
20250524-KT_Wiz-Kiwoom_Heroes,20250524KTWO0,38.0,13.0,0.34210526315789475,36.0,13.0,0.3611111111111111,헤이수스,6.0,101.0,4.0,8.0,1.0,1.0,7.0,2.0,63.0,0.0,5.0,0.0,2.0,1.0,조영건,4.0,95.0,8.0,9.0,1.0,2.0,1.0,5.0,87.0,2.0,4.0,1.0,3.0,1.0
20250524-LG_Twins-SSG_Landers,20250524LGSK0,33.0,8.0,0.24242424242424243,36.0,10.0,0.2777777777777778,치리노스,5.666666666666667,109.0,4.0,7.0,2.0,2.0,5.0,2.333333333333333,45.0,1.0,3.0,0.0,2.0,2.0,김건우,2.6666666666666665,56.0,1.0,2.0,0.0,3.0,1.0,6.333333333333333,114.0,2.0,6.0,1.0,1.0,6.0
20250524-Lotte_Giants-Hanwha_Eagles,20250524LTHH0,41.0,13.0,0.3170731707317073,40.0,12.0,0.3,데이비슨,5.0,92.0,4.0,8.0,2.0,2.0,6.0,3.0,75.0,0.0,4.0,0.0,1.0,7.0,류현진,5.0,90.0,3.0,7.0,0.0,1.0,4.0,3.6666666666666665,98.0,4.0,6.0,0.0,4.0,5.0
20250524-NC_Dinos-Doosan_Bears,20250524NCOB0,31.0,7.0,0.22580645161290322,30.0,6.0,0.2,라일리,6.0,92.0,1.0,5.0,0.0,3.0,4.0,3.0,51.0,0.0,1.0,0.0,3.0,5.0,최원준,6.0,107.0,4.0,6.0,2.0,2.0,5.0,3.0,43.0,0.0,1.0,0.0,1.0,2.0
20250525-KIA_Tigers-Samsung_Lions,20250525HTSS0,35.0,7.0,0.2,28.0,4.0,0.14285714285714285,윤영철,5.0,82.0,2.0,3.0,1.0,1.0,5.0,2.333333333333333,44.0,1.0,1.0,1.0,2.0,3.0,원태인,6.0,94.0,1.0,5.0,1.0,0.0,7.0,3.0,47.0,1.0,2.0,1.0,0.0,3.0
20250525-KT_Wiz-Kiwoom_Heroes,20250525KTWO0,28.0,5.0,0.17857142857142858,35.0,8.0,0.22857142857142856,소형준,7.0,91.0,0.0,6.0,0.0,0.0,5.0,2.0,42.0,0.0,2.0,0.0,1.0,1.0,김선기,4.333333333333333,65.0,1.0,2.0,0.0,3.0,1.0,3.0,67.0,1.0,3.0,0.0,2.0,3.0
20250525-LG_Twins-SSG_Landers,20250525LGSK0,39.0,12.0,0.3076923076923077,34.0,7.0,0.20588235294117646,송승기,6.666666666666667,108.0,0.0,4.0,0.0,3.0,9.0,2.0,50.0,1.0,3.0,2.0,0.0,4.0,전영준,4.333333333333333,81.0,1.0,5.0,0.0,1.0,3.0,4.0,100.0,6.0,7.0,3.0,6.0,5.0
20250525-Lotte_Giants-Hanwha_Eagles,20250525LTHH0,39.0,10.0,0.2564102564102564,40.0,12.0,0.3,한현희,4.0,70.0,6.0,7.0,2.0,1.0,2.0,3.0,116.0,2.0,5.0,0.0,6.0,6.0,문동주,4.666666666666667,88.0,6.0,7.0,0.0,3.0,5.0,5.333333333333333,93.0,1.0,3.0,1.0,3.0,5.0
20250525-NC_Dinos-Doosan_Bears,20250525NCOB0,33.0,7.0,0.21212121212121213,28.0,9.0,0.32142857142857145,최성영,2.0,59.0,2.0,3.0,0.0,5.0,2.0,6.0,89.0,1.0,6.0,0.0,4.0,1.0,잭로그,6.0,92.0,3.0,5.0,0.0,4.0,6.0,1.6666666666666665,37.0,0.0,2.0,0.0,0.0,2.0
20250527-Doosan_Bears-KT_Wiz,20250527OBKT0,30.0,3.0,0.1,31.0,8.0,0.25806451612903225,최승용,6.0,95.0,2.0,8.0,0.0,2.0,2.0,2.0,22.0,0.0,0.0,0.0,0.0,2.0,고영표,7.666666666666667,92.0,1.0,3.0,0.0,2.0,9.0,1.3333333333333333,17.0,0.0,0.0,0.0,0.0,1.0
20250527-Hanwha_Eagles-LG_Twins,20250527HHLG0,31.0,5.0,0.16129032258064516,28.0,5.0,0.17857142857142858,황준서,5.0,84.0,2.0,3.0,0.0,4.0,1.0,2.0,63.0,0.0,2.0,0.0,2.0,3.0,임찬규,7.0,90.0,1.0,5.0,0.0,2.0,7.0,2.0,24.0,0.0,0.0,0.0,0.0,2.0
20250527-Kiwoom_Heroes-KIA_Tigers,20250527WOHT0,37.0,13.0,0.35135135135135137,36.0,14.0,0.3888888888888889,하영민,5.0,93.0,3.0,8.0,1.0,2.0,6.0,2.0,60.0,4.0,6.0,1.0,0.0,2.0,올러,6.0,106.0,2.0,6.0,0.0,1.0,7.0,3.0,61.0,3.0,7.0,0.0,0.0,2.0
20250527-Lotte_Giants-Samsung_Lions,20250527LTSS0,36.0,12.0,0.3333333333333333,34.0,9.0,0.2647058823529412,감보아,4.666666666666667,89.0,4.0,5.0,0.0,3.0,9.0,3.333333333333333,61.0,3.0,4.0,1.0,0.0,5.0,후라도,6.0,101.0,1.0,8.0,0.0,0.0,3.0,2.0,57.0,2.0,4.0,0.0,1.0,3.0
20250527-NC_Dinos-SSG_Landers,20250527NCSK0,39.0,7.0,0.1794871794871795,37.0,5.0,0.13513513513513514,신민혁,6.0,90.0,1.0,3.0,0.0,0.0,4.0,4.0,72.0,0.0,2.0,0.0,2.0,5.0,앤더슨,7.0,89.0,0.0,5.0,0.0,0.0,8.0,3.333333333333333,59.0,1.0,2.0,0.0,2.0,3.0
20250528-Doosan_Bears-KT_Wiz,20250528OBKT0,39.0,13.0,0.3333333333333333,35.0,7.0,0.2,최민석,5.0,85.0,0.0,4.0,0.0,2.0,2.0,3.0,72.0,0.0,3.0,0.0,1.0,5.0,쿠에바스,5.0,93.0,5.0,6.0,1.0,2.0,7.0,3.6666666666666665,106.0,6.0,7.0,2.0,7.0,5.0
20250528-Hanwha_Eagles-LG_Twins,20250528HHLG0,38.0,8.0,0.21052631578947367,43.0,11.0,0.2558139534883721,폰세,7.0,96.0,4.0,6.0,2.0,1.0,8.0,3.333333333333333,72.0,1.0,5.0,1.0,2.0,3.0,코엔 윈,4.0,56.0,4.0,5.0,1.0,0.0,1.0,6.0,94.0,2.0,3.0,1.0,3.0,6.0
20250528-Kiwoom_Heroes-KIA_Tigers,20250528WOHT0,39.0,12.0,0.3076923076923077,40.0,17.0,0.425,김연주,4.333333333333333,84.0,4.0,7.0,2.0,1.0,1.0,3.333333333333333,97.0,7.0,10.0,0.0,2.0,4.0,양현종,4.666666666666667,85.0,6.0,10.0,0.0,2.0,4.0,3.333333333333333,63.0,1.0,2.0,1.0,1.0,4.0
20250528-NC_Dinos-SSG_Landers,20250528NCSK0,32.0,8.0,0.25,37.0,13.0,0.35135135135135137,목지훈,2.6666666666666665,72.0,4.0,6.0,1.0,4.0,3.0,5.333333333333333,113.0,6.0,7.0,3.0,5.0,5.0,김광현,5.0,96.0,4.0,5.0,0.0,3.0,4.0,4.0,49.0,1.0,3.0,0.0,2.0,2.0
20250529-Doosan_Bears-KT_Wiz,20250529OBKT0,33.0,8.0,0.24242424242424243,34.0,12.0,0.35294117647058826,콜어빈,4.666666666666667,91.0,6.0,7.0,0.0,6.0,2.0,3.0,93.0,5.0,5.0,1.0,4.0,2.0,오원석,6.0,84.0,1.0,7.0,0.0,1.0,3.0,3.0,41.0,1.0,1.0,0.0,1.0,1.0
20250529-Hanwha_Eagles-LG_Twins,20250529HHLG0,31.0,6.0,0.1935483870967742,30.0,9.0,0.3,와이스,6.0,96.0,1.0,6.0,1.0,1.0,6.0,1.0,53.0,2.0,3.0,0.0,3.0,0.0,손주영,7.0,102.0,1.0,5.0,0.0,1.0,6.0,2.0,27.0,0.0,1.0,0.0,1.0,2.0
20250529-Kiwoom_Heroes-KIA_Tigers,20250529WOHT0,41.0,11.0,0.2682926829268293,37.0,7.0,0.1891891891891892,김윤하,6.0,103.0,1.0,6.0,0.0,2.0,5.0,5.0,76.0,0.0,1.0,0.0,2.0,1.0,네일,6.0,96.0,2.0,8.0,0.0,3.0,2.0,5.0,73.0,1.0,3.0,0.0,4.0,3.0
20250529-Lotte_Giants-Samsung_Lions,20250529LTSS0,33.0,8.0,0.24242424242424243,38.0,13.0,0.34210526315789475,박세웅,5.333333333333333,106.0,5.0,6.0,0.0,4.0,2.0,1.6666666666666665,71.0,2.0,7.0,0.0,2.0,3.0,최원태,5.0,98.0,2.0,3.0,2.0,5.0,7.0,3.6666666666666665,72.0,1.0,5.0,0.0,2.0,3.0
20250529-NC_Dinos-SSG_Landers,20250529NCSK0,35.0,9.0,0.2571428571428571,31.0,8.0,0.25806451612903225,로건,4.666666666666667,97.0,5.0,7.0,0.0,4.0,1.0,3.333333333333333,42.0,0.0,1.0,0.0,1.0,3.0,김건우,2.3333333333333335,54.0,2.0,3.0,0.0,2.0,4.0,6.666666666666666,98.0,2.0,6.0,2.0,0.0,3.0
20250530-Doosan_Bears-Kiwoom_Heroes,20250530OBWO0,37.0,10.0,0.2702702702702703,34.0,9.0,0.2647058823529412,최원준,4.666666666666667,79.0,4.0,7.0,1.0,1.0,1.0,2.333333333333333,74.0,0.0,2.0,0.0,2.0,3.0,김선기,5.0,95.0,2.0,4.0,0.0,4.0,3.0,3.0,88.0,7.0,6.0,1.0,6.0,4.0
20250530-Hanwha_Eagles-NC_Dinos,20250530HHNC0,36.0,11.0,0.3055555555555556,28.0,3.0,0.10714285714285714,류현진,6.0,91.0,1.0,3.0,0.0,2.0,5.0,3.0,37.0,0.0,0.0,0.0,1.0,3.0,라일리,6.0,97.0,5.0,7.0,1.0,3.0,5.0,3.0,60.0,1.0,4.0,0.0,2.0,2.0
20250530-KIA_Tigers-KT_Wiz,20250530HTKT0,32.0,5.0,0.15625,30.0,7.0,0.23333333333333334,김도현,5.0,96.0,3.0,6.0,1.0,3.0,5.0,2.0,39.0,0.0,1.0,0.0,2.0,1.0,헤이수스,7.0,106.0,0.0,4.0,0.0,1.0,9.0,2.0,28.0,1.0,1.0,1.0,0.0,2.0
20250530-SSG_Landers-Lotte_Giants,20250530SKLT0,34.0,11.0,0.3235294117647059,32.0,10.0,0.3125,화이트,5.0,105.0,3.0,8.0,0.0,2.0,9.0,3.0,54.0,0.0,2.0,0.0,1.0,5.0,데이비슨,5.0,99.0,2.0,6.0,0.0,2.0,3.0,4.0,65.0,2.0,5.0,0.0,3.0,3.0
20250530-Samsung_Lions-LG_Twins,20250530SSLG0,30.0,8.0,0.26666666666666666,33.0,7.0,0.21212121212121213,이승현,5.333333333333333,91.0,1.0,4.0,0.0,3.0,4.0,3.0,56.0,1.0,3.0,0.0,1.0,0.0,에르난데스,6.0,87.0,0.0,6.0,0.0,1.0,4.0,2.0,69.0,3.0,2.0,0.0,7.0,2.0
20250531-Doosan_Bears-Kiwoom_Heroes,20250531OBWO0,27.0,2.0,0.07407407407407407,23.0,2.0,0.08695652173913043,잭로그,7.0,91.0,1.0,2.0,1.0,1.0,7.0,1.0,11.0,0.0,0.0,0.0,1.0,1.0,로젠버그,7.333333333333333,101.0,0.0,1.0,0.0,3.0,5.0,1.0,31.0,0.0,1.0,0.0,2.0,1.0
20250531-Hanwha_Eagles-NC_Dinos,20250531HHNC0,38.0,12.0,0.3157894736842105,37.0,12.0,0.32432432432432434,엄상백,5.0,83.0,2.0,8.0,0.0,2.0,1.0,3.333333333333333,77.0,3.0,4.0,0.0,2.0,3.0,김녹원,4.333333333333333,68.0,2.0,4.0,0.0,3.0,0.0,4.0,99.0,7.0,8.0,1.0,5.0,1.0
20250531-KIA_Tigers-KT_Wiz,20250531HTKT0,33.0,5.0,0.15151515151515152,30.0,5.0,0.16666666666666666,윤영철,5.0,88.0,1.0,2.0,1.0,5.0,5.0,1.6666666666666665,75.0,4.0,3.0,0.0,5.0,2.0,소형준,6.0,92.0,0.0,4.0,0.0,2.0,6.0,2.333333333333333,41.0,0.0,1.0,0.0,2.0,4.0
20250531-SSG_Landers-Lotte_Giants,20250531SKLT0,35.0,6.0,0.17142857142857143,30.0,5.0,0.16666666666666666,전영준,4.0,64.0,1.0,4.0,0.0,2.0,4.0,5.0,74.0,0.0,1.0,0.0,2.0,3.0,나균안,5.0,105.0,4.0,4.0,1.0,6.0,4.0,3.0,65.0,0.0,2.0,0.0,3.0,3.0
20250531-Samsung_Lions-LG_Twins,20250531SSLG0,36.0,11.0,0.3055555555555556,32.0,7.0,0.21875,원태인,5.0,91.0,2.0,5.0,0.0,1.0,4.0,4.0,42.0,0.0,2.0,0.0,0.0,4.0,치리노스,6.0,92.0,4.0,9.0,0.0,1.0,4.0,3.0,37.0,0.0,2.0,0.0,0.0,1.0
20250601-Doosan_Bears-Kiwoom_Heroes,20250601OBWO0,35.0,9.0,0.2571428571428571,30.0,5.0,0.16666666666666666,최승용,6.333333333333333,95.0,1.0,5.0,0.0,0.0,6.0,1.6666666666666665,22.0,0.0,0.0,0.0,0.0,3.0,알칸타라,6.0,98.0,0.0,6.0,0.0,2.0,4.0,2.333333333333333,48.0,0.0,3.0,0.0,1.0,5.0
20250601-Hanwha_Eagles-NC_Dinos,20250601HHNC0,35.0,7.0,0.2,36.0,13.0,0.3611111111111111,황준서,5.666666666666667,92.0,5.0,4.0,1.0,5.0,6.0,0.0,71.0,11.0,9.0,2.0,3.0,3.0,이준혁,2.6666666666666665,62.0,3.0,4.0,1.0,2.0,3.0,6.333333333333333,96.0,2.0,3.0,0.0,2.0,7.0
20250601-KIA_Tigers-KT_Wiz,20250601HTKT0,39.0,13.0,0.3333333333333333,35.0,7.0,0.2,올러,6.0,100.0,3.0,6.0,0.0,1.0,5.0,2.333333333333333,46.0,0.0,1.0,0.0,1.0,4.0,조이현,1.3333333333333333,43.0,4.0,7.0,2.0,0.0,0.0,6.666666666666666,127.0,1.0,6.0,0.0,3.0,5.0
20250601-SSG_Landers-Lotte_Giants,20250601SKLT0,36.0,8.0,0.2222222222222222,29.0,6.0,0.20689655172413793,앤더슨,6.0,101.0,3.0,4.0,1.0,3.0,5.0,3.0,34.0,0.0,2.0,0.0,2.0,2.0,이민석,5.0,82.0,0.0,4.0,0.0,1.0,2.0,3.333333333333333,87.0,4.0,4.0,0.0,2.0,8.0
20250601-Samsung_Lions-LG_Twins,20250601SSLG0,38.0,13.0,0.34210526315789475,37.0,11.0,0.2972972972972973,레예스,5.666666666666667,100.0,1.0,10.0,0.0,2.0,2.0,2.0,60.0,0.0,1.0,0.0,2.0,5.0,임찬규,5.0,106.0,3.0,7.0,0.0,1.0,4.0,2.0,81.0,3.0,6.0,1.0,4.0,3.0
20250603-KIA_Tigers-Doosan_Bears,20250603HTOB0,36.0,13.0,0.3611111111111111,34.0,7.0,0.20588235294117646,양현종,5.0,96.0,1.0,5.0,0.0,1.0,5.0,4.0,46.0,1.0,2.0,0.0,1.0,3.0,곽빈,3.0,66.0,3.0,1.0,0.0,5.0,6.0,4.0,135.0,7.0,12.0,0.0,4.0,5.0
20250603-KT_Wiz-Hanwha_Eagles,20250603KTHH0,29.0,4.0,0.13793103448275862,35.0,9.0,0.2571428571428571,쿠에바스,4.666666666666667,98.0,5.0,6.0,1.0,4.0,4.0,2.6666666666666665,55.0,2.0,3.0,0.0,4.0,3.0,폰세,6.0,91.0,0.0,2.0,0.0,1.0,7.0,3.0,51.0,1.0,2.0,0.0,2.0,2.0
20250603-Kiwoom_Heroes-Lotte_Giants,20250603WOLT0,32.0,4.0,0.125,34.0,12.0,0.35294117647058826,김연주,5.0,93.0,3.0,7.0,1.0,3.0,2.0,2.0,71.0,4.0,5.0,0.0,4.0,3.0,감보아,7.0,99.0,0.0,2.0,0.0,1.0,6.0,1.0,31.0,0.0,2.0,0.0,0.0,0.0
20250603-LG_Twins-NC_Dinos,20250603LGNC0,45.0,18.0,0.4,28.0,1.0,0.03571428571428571,송승기,6.0,79.0,0.0,1.0,0.0,1.0,7.0,3.0,40.0,0.0,0.0,0.0,1.0,2.0,목지훈,3.6666666666666665,95.0,6.0,7.0,1.0,4.0,2.0,4.666666666666666,136.0,6.0,11.0,1.0,5.0,7.0
20250603-Samsung_Lions-SSG_Landers,20250603SSSK0,33.0,8.0,0.24242424242424243,34.0,12.0,0.35294117647058826,후라도,5.333333333333333,106.0,5.0,11.0,2.0,1.0,3.0,2.333333333333333,48.0,1.0,1.0,0.0,3.0,2.0,김광현,5.666666666666667,90.0,3.0,6.0,1.0,1.0,8.0,3.333333333333333,48.0,1.0,2.0,1.0,0.0,4.0
20250604-KIA_Tigers-Doosan_Bears,20250604HTOB0,35.0,9.0,0.2571428571428571,36.0,9.0,0.25,네일,5.0,86.0,3.0,6.0,1.0,3.0,5.0,4.0,64.0,0.0,3.0,0.0,0.0,5.0,최민석,5.0,89.0,2.0,3.0,0.0,4.0,4.0,3.0,88.0,5.0,6.0,2.0,2.0,4.0
20250604-KT_Wiz-Hanwha_Eagles,20250604KTHH0,35.0,9.0,0.2571428571428571,33.0,9.0,0.2727272727272727,오원석,6.666666666666667,95.0,4.0,7.0,1.0,1.0,10.0,1.0,24.0,0.0,2.0,0.0,0.0,1.0,와이스,5.0,102.0,2.0,4.0,0.0,4.0,4.0,3.0,57.0,1.0,5.0,0.0,2.0,2.0
20250604-Kiwoom_Heroes-Lotte_Giants,20250604WOLT0,38.0,11.0,0.2894736842105263,38.0,13.0,0.34210526315789475,김윤하,4.0,95.0,3.0,6.0,0.0,3.0,0.0,4.666666666666666,97.0,3.0,7.0,1.0,2.0,3.0,박세웅,5.333333333333333,114.0,5.0,6.0,0.0,5.0,7.0,3.0,52.0,4.0,5.0,3.0,0.0,1.0
20250604-LG_Twins-NC_Dinos,20250604LGNC0,39.0,12.0,0.3076923076923077,31.0,13.0,0.41935483870967744,손주영,5.0,95.0,4.0,9.0,1.0,3.0,3.0,2.0,63.0,2.0,4.0,1.0,4.0,1.0,로건,6.0,113.0,2.0,6.0,0.0,4.0,6.0,2.0,79.0,3.0,6.0,1.0,3.0,6.0
20250604-Samsung_Lions-SSG_Landers,20250604SSSK0,32.0,7.0,0.21875,30.0,9.0,0.3,최원태,5.333333333333333,93.0,4.0,7.0,0.0,1.0,6.0,1.6666666666666665,36.0,0.0,2.0,0.0,1.0,2.0,김건우,5.0,71.0,0.0,2.0,0.0,1.0,5.0,4.0,79.0,1.0,5.0,1.0,0.0,3.0
20250605-KIA_Tigers-Doosan_Bears,20250605HTOB0,40.0,9.0,0.225,38.0,10.0,0.2631578947368421,김도현,7.0,98.0,1.0,5.0,0.0,2.0,7.0,1.0,45.0,0.0,5.0,0.0,1.0,2.0,최원준,5.333333333333333,83.0,1.0,6.0,0.0,1.0,3.0,3.0,72.0,0.0,3.0,0.0,1.0,9.0
20250605-KT_Wiz-Hanwha_Eagles,20250605KTHH0,38.0,14.0,0.3684210526315789,29.0,5.0,0.1724137931034483,헤이수스,7.0,95.0,0.0,2.0,0.0,2.0,8.0,2.0,25.0,0.0,3.0,0.0,0.0,0.0,류현진,3.6666666666666665,71.0,4.0,8.0,1.0,2.0,3.0,5.333333333333333,102.0,3.0,6.0,0.0,3.0,6.0
20250605-Kiwoom_Heroes-Lotte_Giants,20250605WOLT0,43.0,17.0,0.3953488372093023,37.0,10.0,0.2702702702702703,하영민,7.0,94.0,3.0,7.0,1.0,2.0,5.0,1.0,53.0,2.0,3.0,0.0,3.0,3.0,데이비슨,3.6666666666666665,96.0,9.0,10.0,2.0,4.0,3.0,5.333333333333333,90.0,1.0,7.0,0.0,0.0,5.0
20250605-LG_Twins-NC_Dinos,20250605LGNC0,31.0,9.0,0.2903225806451613,34.0,8.0,0.23529411764705882,에르난데스,6.333333333333333,92.0,1.0,7.0,1.0,0.0,8.0,1.6666666666666665,49.0,0.0,1.0,0.0,3.0,3.0,라일리,5.666666666666667,108.0,3.0,7.0,1.0,3.0,5.0,3.333333333333333,40.0,0.0,2.0,0.0,1.0,3.0
20250605-Samsung_Lions-SSG_Landers,20250605SSSK0,33.0,8.0,0.24242424242424243,32.0,6.0,0.1875,이승현,5.0,67.0,0.0,3.0,0.0,0.0,4.0,3.3333333333333335,82.0,1.0,3.0,0.0,3.0,8.0,화이트,6.0,99.0,0.0,6.0,0.0,1.0,8.0,1.3333333333333333,71.0,2.0,2.0,0.0,6.0,2.0
20250606-Hanwha_Eagles-KIA_Tigers,20250606HHHT0,33.0,7.0,0.21212121212121213,30.0,9.0,0.3,엄상백,6.0,109.0,2.0,6.0,1.0,0.0,9.0,2.0,42.0,1.0,3.0,1.0,1.0,2.0,윤영철,6.0,79.0,0.0,3.0,0.0,1.0,7.0,3.0,36.0,2.0,4.0,2.0,0.0,2.0
20250606-LG_Twins-Kiwoom_Heroes,20250606LGWO0,34.0,7.0,0.20588235294117646,33.0,7.0,0.21212121212121213,치리노스,7.0,102.0,0.0,5.0,0.0,3.0,4.0,2.0,23.0,2.0,2.0,2.0,0.0,2.0,로젠버그,5.0,79.0,1.0,3.0,0.0,3.0,3.0,5.0,78.0,0.0,4.0,0.0,2.0,3.0
20250606-Lotte_Giants-Doosan_Bears,20250606LTOB0,34.0,6.0,0.17647058823529413,32.0,10.0,0.3125,나균안,5.333333333333333,60.0,4.0,7.0,3.0,0.0,1.0,2.0,44.0,1.0,3.0,0.0,2.0,2.0,잭로그,6.0,90.0,0.0,2.0,0.0,1.0,4.0,2.6666666666666665,56.0,2.0,4.0,1.0,1.0,2.0
20250606-NC_Dinos-Samsung_Lions,20250606NCSS0,33.0,11.0,0.3333333333333333,33.0,9.0,0.2727272727272727,김녹원,5.0,93.0,5.0,7.0,2.0,2.0,5.0,3.0,57.0,1.0,2.0,0.0,1.0,2.0,원태인,7.0,84.0,3.0,9.0,1.0,0.0,1.0,2.0,30.0,0.0,2.0,0.0,0.0,2.0
20250606-SSG_Landers-KT_Wiz,20250606SKKT0,36.0,9.0,0.25,36.0,15.0,0.4166666666666667,전영준,3.0,72.0,4.0,5.0,0.0,2.0,5.0,5.0,93.0,5.0,10.0,0.0,3.0,1.0,소형준,6.0,87.0,3.0,6.0,1.0,0.0,6.0,3.0,50.0,0.0,3.0,0.0,1.0,4.0
20250607-Hanwha_Eagles-KIA_Tigers,20250607HHHT0,39.0,9.0,0.23076923076923078,32.0,3.0,0.09375,황준서,5.0,86.0,0.0,1.0,0.0,4.0,5.0,5.333333333333333,93.0,1.0,2.0,0.0,7.0,6.0,올러,7.0,108.0,2.0,6.0,0.0,2.0,9.0,3.0,69.0,1.0,3.0,0.0,1.0,4.0
20250607-LG_Twins-Kiwoom_Heroes,20250607LGWO0,29.0,4.0,0.13793103448275862,28.0,8.0,0.2857142857142857,임찬규,5.0,72.0,3.0,6.0,0.0,1.0,1.0,2.0,46.0,1.0,2.0,0.0,2.0,2.0,알칸타라,8.0,101.0,1.0,3.0,0.0,0.0,6.0,1.0,5.0,0.0,1.0,0.0,0.0,0.0
20250607-Lotte_Giants-Doosan_Bears,20250607LTOB0,36.0,13.0,0.3611111111111111,34.0,7.0,0.20588235294117646,이민석,5.0,69.0,4.0,7.0,0.0,2.0,4.0,4.0,65.0,0.0,0.0,0.0,0.0,3.0,최승용,6.0,100.0,5.0,9.0,1.0,0.0,4.0,3.0,51.0,3.0,4.0,0.0,2.0,2.0
20250607-NC_Dinos-Samsung_Lions,20250607NCSS0,44.0,19.0,0.4318181818181818,38.0,11.0,0.2894736842105263,신민혁,1.6666666666666665,43.0,2.0,3.0,1.0,1.0,0.0,6.0,117.0,1.0,8.0,1.0,2.0,6.0,레예스,3.0,71.0,4.0,6.0,1.0,2.0,3.0,4.333333333333333,119.0,7.0,13.0,1.0,2.0,7.0
20250607-SSG_Landers-KT_Wiz,20250607SKKT0,33.0,9.0,0.2727272727272727,34.0,11.0,0.3235294117647059,앤더슨,5.666666666666667,87.0,3.0,7.0,0.0,1.0,10.0,2.0,42.0,0.0,4.0,0.0,1.0,3.0,고영표,6.0,98.0,1.0,7.0,0.0,2.0,7.0,1.3333333333333333,51.0,1.0,2.0,0.0,0.0,5.0
20250608-Hanwha_Eagles-KIA_Tigers,20250608HHHT0,39.0,15.0,0.38461538461538464,40.0,11.0,0.275,폰세,5.0,105.0,5.0,5.0,2.0,3.0,7.0,3.333333333333333,72.0,1.0,6.0,0.0,2.0,5.0,양현종,2.3333333333333335,49.0,4.0,8.0,0.0,1.0,2.0,7.666666666666666,108.0,1.0,7.0,0.0,3.0,3.0
20250608-LG_Twins-Kiwoom_Heroes,20250608LGWO0,38.0,10.0,0.2631578947368421,34.0,7.0,0.20588235294117646,송승기,7.0,97.0,0.0,2.0,0.0,3.0,5.0,2.0,34.0,2.0,5.0,1.0,1.0,1.0,정현우,5.0,65.0,1.0,2.0,0.0,0.0,5.0,3.0,89.0,6.0,8.0,2.0,4.0,4.0
20250608-Lotte_Giants-Doosan_Bears,20250608LTOB0,33.0,8.0,0.24242424242424243,34.0,6.0,0.17647058823529413,감보아,6.666666666666667,96.0,2.0,4.0,0.0,2.0,5.0,1.0,29.0,0.0,2.0,0.0,1.0,0.0,곽빈,5.0,87.0,2.0,6.0,0.0,2.0,4.0,3.333333333333333,62.0,0.0,2.0,0.0,2.0,6.0
20250608-NC_Dinos-Samsung_Lions,20250608NCSS0,27.0,2.0,0.07407407407407407,24.0,1.0,0.041666666666666664,신영우,5.0,79.0,1.0,0.0,0.0,4.0,7.0,3.0,49.0,0.0,1.0,0.0,1.0,1.0,후라도,9.0,97.0,0.0,2.0,0.0,2.0,6.0,0.0,0.0,0.0,0.0,0.0,0.0,0.0
20250608-SSG_Landers-KT_Wiz,20250608SKKT0,33.0,6.0,0.18181818181818182,32.0,6.0,0.1875,박기호,2.6666666666666665,51.0,1.0,4.0,0.0,2.0,1.0,6.333333333333333,94.0,1.0,2.0,1.0,0.0,5.0,쿠에바스,5.0,87.0,2.0,4.0,1.0,3.0,2.0,3.0,59.0,0.0,2.0,0.0,2.0,1.0
20250610-Doosan_Bears-Hanwha_Eagles,20250610OBHH0,32.0,5.0,0.15625,29.0,8.0,0.27586206896551724,콜어빈,6.0,81.0,1.0,2.0,0.0,1.0,6.0,1.0,51.0,4.0,6.0,0.0,2.0,1.0,와이스,7.0,100.0,0.0,3.0,0.0,1.0,10.0,0.0,36.0,1.0,2.0,0.0,1.0,2.0
20250610-Lotte_Giants-KT_Wiz,20250610LTKT0,34.0,9.0,0.2647058823529412,39.0,18.0,0.46153846153846156,박세웅,5.0,100.0,8.0,12.0,2.0,2.0,2.0,2.6666666666666665,64.0,4.0,6.0,0.0,2.0,1.0,오원석,6.0,93.0,3.0,6.0,0.0,3.0,5.0,3.0,55.0,0.0,3.0,0.0,1.0,4.0
20250610-NC_Dinos-Kiwoom_Heroes,20250610NCWO0,44.0,12.0,0.2727272727272727,42.0,9.0,0.21428571428571427,로건,6.0,96.0,2.0,8.0,1.0,1.0,3.0,5.0,71.0,0.0,1.0,0.0,1.0,6.0,김윤하,5.0,89.0,0.0,5.0,0.0,3.0,5.0,5.0,118.0,2.0,7.0,0.0,3.0,2.0
20250610-SSG_Landers-LG_Twins,20250610SKLG0,40.0,13.0,0.325,30.0,3.0,0.1,김건우,3.3333333333333335,79.0,2.0,2.0,0.0,5.0,2.0,5.666666666666666,78.0,0.0,1.0,0.0,2.0,4.0,손주영,4.666666666666667,101.0,4.0,10.0,0.0,3.0,2.0,3.3333333333333335,67.0,1.0,3.0,0.0,2.0,3.0
20250610-Samsung_Lions-KIA_Tigers,20250610SSHT0,34.0,8.0,0.23529411764705882,32.0,4.0,0.125,최원태,6.0,96.0,0.0,2.0,0.0,3.0,7.0,3.0,37.0,0.0,2.0,0.0,0.0,4.0,네일,6.333333333333333,97.0,1.0,6.0,1.0,2.0,2.0,1.3333333333333333,60.0,5.0,2.0,1.0,4.0,2.0
20250611-Doosan_Bears-Hanwha_Eagles,20250611OBHH0,33.0,7.0,0.21212121212121213,38.0,15.0,0.39473684210526316,최원준,4.333333333333333,91.0,5.0,8.0,1.0,3.0,2.0,3.6666666666666665,73.0,4.0,7.0,0.0,4.0,0.0,조동욱,5.0,65.0,1.0,4.0,1.0,2.0,2.0,4.0,53.0,0.0,3.0,0.0,0.0,4.0
20250611-Lotte_Giants-KT_Wiz,20250611LTKT0,36.0,10.0,0.2777777777777778,36.0,9.0,0.25,데이비슨,5.333333333333333,99.0,3.0,7.0,0.0,2.0,9.0,3.6666666666666665,51.0,0.0,2.0,0.0,0.0,2.0,헤이수스,6.0,101.0,1.0,6.0,0.0,3.0,5.0,1.0,71.0,3.0,4.0,0.0,3.0,2.0
20250611-NC_Dinos-Kiwoom_Heroes,20250611NCWO0,35.0,9.0,0.2571428571428571,31.0,3.0,0.0967741935483871,라일리,7.0,104.0,0.0,2.0,0.0,1.0,15.0,2.0,23.0,1.0,1.0,1.0,0.0,2.0,하영민,5.0,91.0,4.0,6.0,0.0,4.0,5.0,4.0,89.0,3.0,3.0,0.0,7.0,4.0
20250611-SSG_Landers-LG_Twins,20250611SKLG0,37.0,11.0,0.2972972972972973,32.0,8.0,0.25,화이트,5.333333333333333,90.0,3.0,4.0,0.0,4.0,3.0,1.0,49.0,3.0,4.0,1.0,0.0,2.0,에르난데스,4.666666666666667,98.0,3.0,7.0,0.0,2.0,6.0,3.6666666666666665,75.0,1.0,4.0,0.0,2.0,2.0
20250611-Samsung_Lions-KIA_Tigers,20250611SSHT0,40.0,12.0,0.3,32.0,7.0,0.21875,양창섭,5.0,67.0,1.0,3.0,1.0,2.0,3.0,2.0,67.0,1.0,4.0,0.0,3.0,3.0,김도현,5.666666666666667,103.0,2.0,9.0,0.0,1.0,6.0,3.0,69.0,1.0,3.0,0.0,0.0,3.0
20250612-Doosan_Bears-Hanwha_Eagles,20250612OBHH0,33.0,8.0,0.24242424242424243,26.0,7.0,0.2692307692307692,잭로그,6.666666666666667,86.0,3.0,7.0,1.0,3.0,2.0,1.0,19.0,0.0,0.0,0.0,0.0,1.0,엄상백,5.0,90.0,2.0,4.0,0.0,1.0,9.0,3.333333333333333,63.0,0.0,4.0,0.0,3.0,4.0
20250612-Lotte_Giants-KT_Wiz,20250612LTKT0,47.0,17.0,0.3617021276595745,44.0,15.0,0.3409090909090909,김진욱,2.0,55.0,6.0,9.0,2.0,0.0,1.0,7.0,141.0,1.0,6.0,0.0,5.0,10.0,소형준,5.0,97.0,6.0,9.0,0.0,2.0,5.0,3.6666666666666665,114.0,2.0,8.0,0.0,5.0,5.0
20250612-NC_Dinos-Kiwoom_Heroes,20250612NCWO0,42.0,12.0,0.2857142857142857,36.0,10.0,0.2777777777777778,김녹원,1.6666666666666665,46.0,4.0,1.0,0.0,5.0,1.0,7.666666666666666,145.0,2.0,9.0,0.0,2.0,9.0,김연주,3.0,70.0,4.0,6.0,1.0,3.0,2.0,6.0,116.0,4.0,6.0,2.0,2.0,7.0
20250612-SSG_Landers-LG_Twins,20250612SKLG0,41.0,13.0,0.3170731707317073,33.0,15.0,0.45454545454545453,전영준,2.0,35.0,1.0,2.0,0.0,2.0,0.0,5.333333333333333,137.0,6.0,13.0,0.0,4.0,4.0,치리노스,5.666666666666667,108.0,4.0,9.0,0.0,2.0,5.0,3.333333333333333,66.0,2.0,4.0,0.0,2.0,7.0
20250612-Samsung_Lions-KIA_Tigers,20250612SSHT0,29.0,5.0,0.1724137931034483,36.0,11.0,0.3055555555555556,이승현,5.0,90.0,1.0,8.0,0.0,2.0,5.0,3.333333333333333,47.0,0.0,3.0,0.0,0.0,4.0,윤영철,5.0,82.0,2.0,3.0,1.0,2.0,6.0,4.0,47.0,0.0,2.0,0.0,0.0,2.0
20250613-KIA_Tigers-NC_Dinos,20250613HTNC0,18.0,5.0,0.2777777777777778,19.0,7.0,0.3684210526315789,올러,5.0,92.0,4.0,7.0,0.0,3.0,6.0,0.0,0.0,0.0,0.0,0.0,0.0,0.0,신민혁,5.0,77.0,1.0,5.0,1.0,1.0,1.0,0.0,0.0,0.0,0.0,0.0,0.0,0.0
20250614-KIA_Tigers-NC_Dinos,20250614HTNC0,33.0,8.0,0.24242424242424243,37.0,10.0,0.2702702702702703,양현종,5.0,62.0,3.0,4.0,1.0,2.0,3.0,4.0,80.0,5.0,6.0,1.0,5.0,5.0,신영우,1.3333333333333333,35.0,3.0,2.0,1.0,3.0,2.0,7.0,138.0,5.0,6.0,1.0,4.0,6.0
20250614-KT_Wiz-Samsung_Lions,20250614KTSS0,40.0,14.0,0.35,35.0,8.0,0.22857142857142856,쿠에바스,7.0,106.0,0.0,4.0,0.0,2.0,8.0,1.3333333333333333,42.0,3.0,4.0,2.0,0.0,2.0,후라도,4.333333333333333,91.0,7.0,9.0,2.0,2.0,6.0,4.666666666666666,82.0,3.0,5.0,0.0,1.0,2.0
20250614-Kiwoom_Heroes-Doosan_Bears,20250614WOOB0,32.0,5.0,0.15625,33.0,11.0,0.3333333333333333,알칸타라,6.0,94.0,2.0,9.0,1.0,1.0,5.0,2.0,18.0,0.0,2.0,0.0,0.0,0.0,최승용,6.0,86.0,0.0,3.0,0.0,2.0,2.0,2.0,70.0,1.0,2.0,0.0,4.0,6.0
20250614-LG_Twins-Hanwha_Eagles,20250614LGHH0,34.0,7.0,0.20588235294117646,38.0,10.0,0.2631578947368421,임찬규,6.0,89.0,0.0,2.0,0.0,3.0,3.0,3.333333333333333,92.0,2.0,8.0,0.0,3.0,3.0,폰세,6.0,103.0,1.0,4.0,0.0,1.0,10.0,4.666666666666666,78.0,1.0,3.0,0.0,3.0,3.0
20250614-Lotte_Giants-SSG_Landers,20250614LTSK0,34.0,9.0,0.2647058823529412,32.0,8.0,0.25,감보아,6.0,99.0,1.0,7.0,0.0,1.0,6.0,3.0,35.0,1.0,1.0,0.0,1.0,1.0,김광현,6.0,88.0,2.0,4.0,1.0,2.0,4.0,2.0,59.0,2.0,5.0,0.0,0.0,4.0
20250615-KIA_Tigers-NC_Dinos,20250615HTNC0,35.0,9.0,0.2571428571428571,31.0,3.0,0.0967741935483871,네일,6.666666666666667,111.0,1.0,1.0,0.0,2.0,9.0,2.333333333333333,58.0,1.0,2.0,1.0,4.0,3.0,로건,6.0,104.0,3.0,7.0,1.0,1.0,10.0,2.0,50.0,1.0,2.0,0.0,4.0,4.0
20250615-KT_Wiz-Samsung_Lions,20250615KTSS0,42.0,15.0,0.35714285714285715,41.0,15.0,0.36585365853658536,고영표,6.0,114.0,2.0,10.0,0.0,2.0,4.0,3.0,60.0,1.0,5.0,0.0,1.0,3.0,최원태,4.0,79.0,6.0,6.0,2.0,1.0,3.0,5.0,90.0,8.0,9.0,3.0,1.0,5.0
20250615-Kiwoom_Heroes-Doosan_Bears,20250615WOOB0,33.0,6.0,0.18181818181818182,29.0,8.0,0.27586206896551724,정현우,4.333333333333333,89.0,0.0,6.0,0.0,1.0,1.0,3.0,57.0,0.0,2.0,0.0,2.0,2.0,곽빈,7.666666666666667,94.0,2.0,6.0,1.0,0.0,3.0,1.3333333333333333,24.0,0.0,0.0,0.0,2.0,3.0
20250615-LG_Twins-Hanwha_Eagles,20250615LGHH0,38.0,12.0,0.3157894736842105,36.0,15.0,0.4166666666666667,송승기,4.333333333333333,90.0,4.0,6.0,0.0,3.0,2.0,3.0,75.0,5.0,9.0,1.0,1.0,2.0,문동주,3.6666666666666665,79.0,4.0,6.0,0.0,3.0,5.0,4.333333333333333,72.0,1.0,6.0,1.0,1.0,3.0
20250615-Lotte_Giants-SSG_Landers,20250615LTSK0,30.0,5.0,0.16666666666666666,31.0,6.0,0.1935483870967742,이민석,5.333333333333333,99.0,1.0,5.0,1.0,2.0,6.0,2.0,32.0,0.0,1.0,0.0,0.0,4.0,앤더슨,7.0,96.0,0.0,5.0,0.0,1.0,11.0,2.0,28.0,0.0,0.0,0.0,2.0,0.0
20250617-Doosan_Bears-Samsung_Lions,20250617OBSS0,30.0,6.0,0.2,44.0,22.0,0.5,콜어빈,2.6666666666666665,96.0,8.0,13.0,2.0,2.0,3.0,5.333333333333334,97.0,4.0,9.0,1.0,3.0,7.0,원태인,7.0,76.0,0.0,4.0,0.0,0.0,3.0,2.0,24.0,1.0,2.0,1.0,0.0,2.0
20250617-Hanwha_Eagles-Lotte_Giants,20250617HHLT0,35.0,11.0,0.3142857142857143,30.0,4.0,0.13333333333333333,와이스,8.0,90.0,0.0,3.0,0.0,0.0,9.0,1.0,23.0,0.0,1.0,0.0,0.0,0.0,데이비슨,6.333333333333333,99.0,3.0,6.0,1.0,3.0,9.0,2.0,38.0,3.0,5.0,0.0,0.0,3.0
20250617-KT_Wiz-KIA_Tigers,20250617KTHT0,35.0,8.0,0.22857142857142856,37.0,13.0,0.35135135135135137,헤이수스,5.0,91.0,6.0,7.0,0.0,2.0,7.0,1.6666666666666665,57.0,4.0,6.0,0.0,2.0,1.0,김도현,6.0,98.0,1.0,4.0,0.0,5.0,4.0,3.0,58.0,1.0,4.0,1.0,2.0,2.0
20250617-NC_Dinos-LG_Twins,20250617NCLG0,32.0,10.0,0.3125,32.0,5.0,0.15625,라일리,6.0,95.0,2.0,5.0,1.0,2.0,7.0,2.0,51.0,0.0,0.0,0.0,2.0,4.0,에르난데스,1.0,22.0,1.0,1.0,0.0,1.0,2.0,7.666666666666666,125.0,5.0,9.0,1.0,5.0,2.0
20250617-SSG_Landers-Kiwoom_Heroes,20250617SKWO0,41.0,15.0,0.36585365853658536,31.0,6.0,0.1935483870967742,화이트,6.0,92.0,0.0,3.0,0.0,2.0,6.0,2.0,55.0,1.0,3.0,0.0,2.0,4.0,김윤하,5.0,91.0,3.0,6.0,0.0,4.0,1.0,3.0,118.0,8.0,9.0,0.0,5.0,2.0
20250618-Doosan_Bears-Samsung_Lions,20250618OBSS0,38.0,10.0,0.2631578947368421,33.0,7.0,0.21212121212121213,최민석,6.0,75.0,2.0,3.0,1.0,4.0,3.0,2.333333333333333,47.0,4.0,4.0,1.0,3.0,2.0,이승현,5.0,89.0,3.0,8.0,0.0,0.0,6.0,4.0,80.0,0.0,2.0,0.0,2.0,7.0
20250618-Hanwha_Eagles-Lotte_Giants,20250618HHLT0,32.0,7.0,0.21875,33.0,9.0,0.2727272727272727,엄상백,3.6666666666666665,75.0,5.0,6.0,1.0,2.0,5.0,4.0,64.0,0.0,3.0,0.0,1.0,3.0,홍민기,4.0,61.0,1.0,4.0,0.0,1.0,4.0,4.0,67.0,2.0,3.0,0.0,0.0,5.0
20250618-KT_Wiz-KIA_Tigers,20250618KTHT0,29.0,5.0,0.1724137931034483,35.0,11.0,0.3142857142857143,소형준,6.0,91.0,3.0,9.0,0.0,1.0,4.0,1.0,42.0,2.0,2.0,0.0,2.0,4.0,윤영철,5.0,87.0,3.0,4.0,0.0,2.0,5.0,4.0,55.0,0.0,1.0,0.0,1.0,1.0
20250618-NC_Dinos-LG_Twins,20250618NCLG0,39.0,14.0,0.358974358974359,32.0,10.0,0.3125,김녹원,1.6666666666666665,47.0,3.0,3.0,0.0,4.0,0.0,6.0,149.0,6.0,7.0,0.0,7.0,6.0,치리노스,4.666666666666667,95.0,6.0,11.0,0.0,3.0,3.0,3.0,76.0,1.0,3.0,0.0,3.0,4.0
20250618-SSG_Landers-Kiwoom_Heroes,20250618SKWO0,39.0,15.0,0.38461538461538464,30.0,6.0,0.2,김건우,2.6666666666666665,66.0,2.0,3.0,0.0,2.0,3.0,5.333333333333334,92.0,1.0,3.0,0.0,2.0,8.0,하영민,6.0,94.0,1.0,9.0,0.0,0.0,1.0,3.0,62.0,1.0,6.0,0.0,0.0,4.0
20250619-Doosan_Bears-Samsung_Lions,20250619OBSS0,36.0,13.0,0.3611111111111111,35.0,10.0,0.2857142857142857,잭로그,5.0,101.0,7.0,6.0,2.0,4.0,6.0,4.0,69.0,1.0,4.0,0.0,4.0,2.0,양창섭,2.0,46.0,4.0,5.0,0.0,1.0,0.0,6.333333333333333,127.0,5.0,8.0,0.0,7.0,4.0
20250619-Hanwha_Eagles-Lotte_Giants,20250619HHLT0,33.0,7.0,0.21212121212121213,33.0,12.0,0.36363636363636365,황준서,4.0,74.0,2.0,5.0,0.0,1.0,6.0,3.333333333333333,59.0,2.0,7.0,0.0,1.0,3.0,나균안,6.0,88.0,0.0,4.0,0.0,2.0,6.0,2.0,51.0,1.0,3.0,0.0,2.0,3.0
20250619-KT_Wiz-KIA_Tigers,20250619KTHT0,32.0,7.0,0.21875,32.0,9.0,0.28125,배제성,3.3333333333333335,52.0,2.0,2.0,1.0,1.0,4.0,4.333333333333333,76.0,3.0,7.0,1.0,2.0,4.0,올러,6.0,102.0,0.0,6.0,0.0,3.0,10.0,3.0,24.0,0.0,1.0,0.0,0.0,2.0
20250619-NC_Dinos-LG_Twins,20250619NCLG0,32.0,6.0,0.1875,32.0,5.0,0.15625,신민혁,7.0,91.0,0.0,3.0,0.0,2.0,7.0,2.0,27.0,0.0,2.0,0.0,0.0,1.0,최지명,5.333333333333333,80.0,1.0,4.0,1.0,1.0,5.0,2.333333333333333,64.0,2.0,2.0,0.0,4.0,3.0
20250619-SSG_Landers-Kiwoom_Heroes,20250619SKWO0,43.0,12.0,0.27906976744186046,38.0,8.0,0.21052631578947367,박시후,1.3333333333333333,46.0,0.0,0.0,0.0,5.0,1.0,9.666666666666666,167.0,1.0,8.0,0.0,2.0,10.0,박주성,5.0,74.0,1.0,5.0,1.0,2.0,1.0,6.0,91.0,3.0,7.0,2.0,2.0,4.0
20250620-Samsung_Lions-Lotte_Giants,20250620SSLT0,29.0,4.0,0.13793103448275862,31.0,7.0,0.22580645161290322,김대호,3.6666666666666665,62.0,2.0,3.0,0.0,2.0,1.0,4.333333333333333,79.0,1.0,4.0,1.0,1.0,3.0,감보아,6.0,98.0,1.0,4.0,1.0,4.0,8.0,3.0,49.0,0.0,0.0,0.0,2.0,1.0
20250621-Doosan_Bears-LG_Twins,20250621OBLG0,33.0,9.0,0.2727272727272727,35.0,9.0,0.2571428571428571,곽빈,6.0,102.0,4.0,7.0,1.0,2.0,2.0,2.0,68.0,1.0,2.0,0.0,4.0,3.0,에르난데스,4.0,72.0,4.0,5.0,0.0,2.0,4.0,4.0,66.0,2.0,4.0,0.0,0.0,2.0
20250621-KIA_Tigers-SSG_Landers,20250621HTSK0,39.0,9.0,0.23076923076923078,44.0,11.0,0.25,양현종,6.0,97.0,2.0,4.0,2.0,1.0,6.0,4.666666666666666,96.0,3.0,7.0,0.0,4.0,2.0,김광현,4.666666666666667,95.0,4.0,6.0,1.0,5.0,4.0,6.0,104.0,1.0,3.0,1.0,6.0,8.0
20250621-NC_Dinos-KT_Wiz,20250621NCKT0,35.0,11.0,0.3142857142857143,29.0,8.0,0.27586206896551724,목지훈,6.0,95.0,0.0,5.0,0.0,4.0,4.0,1.0,58.0,7.0,3.0,0.0,6.0,1.0,오원석,5.0,94.0,3.0,4.0,0.0,3.0,5.0,4.0,52.0,2.0,7.0,0.0,1.0,1.0
20250622-Doosan_Bears-LG_Twins,20250622OBLG0,35.0,8.0,0.22857142857142856,38.0,15.0,0.39473684210526316,최승용,2.3333333333333335,86.0,9.0,8.0,0.0,5.0,0.0,5.666666666666666,91.0,4.0,7.0,0.0,3.0,2.0,송승기,6.0,100.0,1.0,6.0,1.0,3.0,4.0,3.0,65.0,4.0,2.0,0.0,5.0,3.0
20250622-KIA_Tigers-SSG_Landers,20250622HTSK0,36.0,10.0,0.2777777777777778,29.0,5.0,0.1724137931034483,네일,6.333333333333333,95.0,3.0,3.0,1.0,2.0,5.0,2.0,39.0,1.0,2.0,0.0,1.0,2.0,앤더슨,6.0,108.0,0.0,5.0,0.0,4.0,9.0,2.0,66.0,4.0,5.0,2.0,3.0,2.0
20250622-Kiwoom_Heroes-Hanwha_Eagles,20250622WOHH0,36.0,8.0,0.2222222222222222,38.0,18.0,0.47368421052631576,알칸타라,4.0,74.0,7.0,13.0,1.0,0.0,2.0,4.0,75.0,3.0,5.0,0.0,2.0,2.0,폰세,5.666666666666667,96.0,0.0,2.0,0.0,1.0,12.0,1.0,90.0,2.0,6.0,0.0,1.0,5.0
20250622-NC_Dinos-KT_Wiz,20250622NCKT0,30.0,4.0,0.13333333333333333,31.0,4.0,0.12903225806451613,로건,7.0,108.0,0.0,3.0,0.0,4.0,6.0,2.0,40.0,0.0,1.0,0.0,1.0,1.0,쿠에바스,7.333333333333333,111.0,2.0,3.0,0.0,4.0,2.0,1.0,20.0,0.0,1.0,0.0,0.0,1.0
20250622-Samsung_Lions-Lotte_Giants,20250622SSLT0,35.0,9.0,0.2571428571428571,36.0,13.0,0.3611111111111111,원태인,6.0,96.0,3.0,7.0,0.0,1.0,5.0,1.0,64.0,6.0,6.0,0.0,2.0,4.0,박세웅,3.0,70.0,6.0,8.0,1.0,3.0,3.0,6.0,83.0,0.0,1.0,0.0,0.0,10.0
20250624-KIA_Tigers-Kiwoom_Heroes,20250624HTWO0,35.0,9.0,0.2571428571428571,34.0,13.0,0.38235294117647056,윤영철,3.0,57.0,5.0,8.0,0.0,0.0,1.0,3.6666666666666665,102.0,4.0,5.0,1.0,5.0,6.0,김윤하,4.0,98.0,5.0,7.0,2.0,5.0,6.0,5.0,60.0,1.0,2.0,1.0,1.0,4.0
20250624-LG_Twins-KT_Wiz,20250624LGKT0,34.0,8.0,0.23529411764705882,29.0,9.0,0.3103448275862069,치리노스,5.0,89.0,1.0,5.0,0.0,1.0,4.0,2.0,67.0,4.0,4.0,1.0,4.0,2.0,헤이수스,6.0,99.0,0.0,7.0,0.0,3.0,4.0,3.0,47.0,0.0,1.0,0.0,2.0,3.0
20250624-SSG_Landers-Doosan_Bears,20250624SKOB0,19.0,3.0,0.15789473684210525,23.0,9.0,0.391304347826087,화이트,5.0,85.0,5.0,9.0,0.0,2.0,5.0,0.0,0.0,0.0,0.0,0.0,0.0,0.0,최원준,2.0,35.0,0.0,1.0,0.0,0.0,0.0,4.0,56.0,0.0,2.0,0.0,4.0,2.0
20250625-Hanwha_Eagles-Samsung_Lions,20250625HHSS0,33.0,6.0,0.18181818181818182,31.0,11.0,0.3548387096774194,와이스,3.0,62.0,3.0,6.0,1.0,2.0,1.0,4.333333333333334,95.0,2.0,5.0,0.0,4.0,2.0,후라도,7.0,103.0,1.0,4.0,1.0,0.0,6.0,2.0,20.0,1.0,2.0,1.0,0.0,0.0
20250625-KIA_Tigers-Kiwoom_Heroes,20250625HTWO0,38.0,12.0,0.3157894736842105,34.0,7.0,0.20588235294117646,올러,6.0,78.0,2.0,5.0,0.0,1.0,5.0,3.0,40.0,0.0,2.0,0.0,0.0,3.0,웰스,3.0,53.0,1.0,3.0,0.0,0.0,4.0,6.0,125.0,4.0,9.0,1.0,1.0,3.0
20250625-Lotte_Giants-NC_Dinos,20250625LTNC0,32.0,3.0,0.09375,37.0,14.0,0.3783783783783784,데이비슨,5.666666666666667,90.0,3.0,7.0,1.0,2.0,3.0,1.0,54.0,3.0,7.0,1.0,1.0,1.0,라일리,6.0,108.0,1.0,3.0,0.0,1.0,9.0,3.0,42.0,0.0,0.0,0.0,1.0,3.0
20250626-Hanwha_Eagles-Samsung_Lions,20250626HHSS0,31.0,6.0,0.1935483870967742,35.0,8.0,0.22857142857142856,문동주,5.666666666666667,88.0,1.0,5.0,1.0,1.0,4.0,3.333333333333333,62.0,0.0,3.0,0.0,2.0,3.0,가라비토,5.0,62.0,0.0,1.0,0.0,0.0,4.0,2.333333333333333,77.0,2.0,5.0,0.0,1.0,7.0
20250626-KIA_Tigers-Kiwoom_Heroes,20250626HTWO0,42.0,10.0,0.23809523809523808,42.0,11.0,0.2619047619047619,김건국,3.0,57.0,1.0,2.0,0.0,0.0,3.0,7.0,142.0,2.0,9.0,0.0,8.0,6.0,하영민,6.0,97.0,4.0,5.0,0.0,2.0,6.0,5.0,106.0,1.0,5.0,0.0,3.0,6.0
20250626-LG_Twins-KT_Wiz,20250626LGKT0,33.0,8.0,0.24242424242424243,32.0,7.0,0.21875,임찬규,5.0,90.0,2.0,5.0,1.0,2.0,3.0,3.0,58.0,1.0,2.0,0.0,2.0,2.0,소형준,6.333333333333333,94.0,2.0,6.0,0.0,2.0,3.0,2.0,40.0,2.0,2.0,0.0,2.0,2.0
20250626-Lotte_Giants-NC_Dinos,20250626LTNC0,35.0,12.0,0.34285714285714286,33.0,7.0,0.21212121212121213,감보아,5.666666666666667,101.0,2.0,6.0,0.0,2.0,5.0,3.333333333333333,70.0,1.0,1.0,0.0,5.0,6.0,최성영,2.3333333333333335,45.0,3.0,4.0,0.0,1.0,0.0,6.333333333333333,106.0,4.0,8.0,2.0,6.0,3.0
20250626-SSG_Landers-Doosan_Bears,20250626SKOB0,37.0,14.0,0.3783783783783784,28.0,4.0,0.14285714285714285,김건우,1.6666666666666665,32.0,0.0,3.0,0.0,2.0,1.0,7.333333333333333,97.0,0.0,1.0,0.0,2.0,7.0,콜어빈,3.3333333333333335,71.0,1.0,7.0,0.0,1.0,1.0,4.0,99.0,3.0,7.0,0.0,2.0,8.0
20250627-Doosan_Bears-NC_Dinos,20250627OBNC0,38.0,14.0,0.3684210526315789,37.0,12.0,0.32432432432432434,곽빈,5.333333333333333,89.0,6.0,9.0,1.0,2.0,6.0,2.0,64.0,1.0,3.0,0.0,5.0,2.0,신민혁,5.0,88.0,5.0,10.0,3.0,0.0,2.0,4.0,76.0,3.0,4.0,0.0,6.0,2.0
20250627-Hanwha_Eagles-SSG_Landers,20250627HHSK0,35.0,10.0,0.2857142857142857,32.0,11.0,0.34375,엄상백,5.0,83.0,4.0,6.0,1.0,4.0,2.0,2.333333333333333,71.0,4.0,5.0,0.0,4.0,2.0,문승원,3.3333333333333335,73.0,6.0,8.0,1.0,5.0,1.0,4.666666666666666,68.0,0.0,2.0,0.0,1.0,4.0
20250627-KIA_Tigers-LG_Twins,20250627HTLG0,35.0,8.0,0.22857142857142856,30.0,6.0,0.2,양현종,6.0,89.0,3.0,4.0,1.0,3.0,2.0,1.0,33.0,1.0,2.0,0.0,2.0,1.0,손주영,6.0,94.0,1.0,4.0,0.0,1.0,3.0,2.0,55.0,1.0,4.0,1.0,1.0,3.0
20250627-KT_Wiz-Lotte_Giants,20250627KTLT0,42.0,17.0,0.40476190476190477,41.0,16.0,0.3902439024390244,고영표,2.6666666666666665,60.0,7.0,9.0,1.0,1.0,3.0,6.333333333333334,104.0,1.0,7.0,0.0,3.0,3.0,이민석,3.0,75.0,1.0,8.0,0.0,2.0,3.0,5.0,120.0,6.0,9.0,0.0,5.0,4.0
20250627-Samsung_Lions-Kiwoom_Heroes,20250627SSWO0,29.0,1.0,0.034482758620689655,32.0,8.0,0.25,최원태,5.0,105.0,1.0,4.0,0.0,5.0,7.0,1.6666666666666665,59.0,2.0,4.0,1.0,0.0,3.0,정현우,6.0,98.0,0.0,1.0,0.0,4.0,5.0,3.0,26.0,0.0,0.0,0.0,0.0,2.0
20250628-Doosan_Bears-NC_Dinos,20250628OBNC0,29.0,4.0,0.13793103448275862,29.0,8.0,0.27586206896551724,잭로그,7.0,97.0,1.0,6.0,1.0,1.0,4.0,0.0,22.0,1.0,2.0,0.0,1.0,1.0,로건,8.0,104.0,0.0,3.0,0.0,1.0,8.0,1.0,6.0,0.0,1.0,0.0,0.0,1.0
20250628-Hanwha_Eagles-SSG_Landers,20250628HHSK0,32.0,7.0,0.21875,32.0,8.0,0.25,폰세,7.0,101.0,1.0,6.0,1.0,2.0,9.0,2.0,46.0,1.0,2.0,1.0,2.0,2.0,앤더슨,5.666666666666667,85.0,3.0,3.0,1.0,3.0,9.0,2.6666666666666665,53.0,1.0,4.0,0.0,0.0,3.0
20250628-KIA_Tigers-LG_Twins,20250628HTLG0,39.0,14.0,0.358974358974359,45.0,17.0,0.37777777777777777,김도현,3.3333333333333335,91.0,5.0,9.0,1.0,1.0,4.0,5.0,78.0,1.0,8.0,1.0,1.0,5.0,송승기,2.3333333333333335,71.0,7.0,7.0,1.0,1.0,2.0,6.0,129.0,2.0,7.0,0.0,5.0,8.0
20250628-KT_Wiz-Lotte_Giants,20250628KTLT0,37.0,13.0,0.35135135135135137,32.0,7.0,0.21875,오원석,6.0,103.0,0.0,3.0,0.0,3.0,3.0,3.0,57.0,0.0,4.0,0.0,0.0,1.0,나균안,5.333333333333333,105.0,4.0,10.0,0.0,2.0,4.0,3.6666666666666665,71.0,0.0,3.0,0.0,2.0,6.0
20250628-Samsung_Lions-Kiwoom_Heroes,20250628SSWO0,33.0,6.0,0.18181818181818182,36.0,10.0,0.2777777777777778,원태인,5.0,77.0,7.0,7.0,4.0,1.0,3.0,3.0,43.0,1.0,3.0,1.0,1.0,1.0,알칸타라,6.333333333333333,103.0,0.0,4.0,0.0,2.0,7.0,2.6666666666666665,38.0,0.0,2.0,0.0,0.0,2.0
20250629-Doosan_Bears-NC_Dinos,20250629OBNC0,38.0,12.0,0.3157894736842105,32.0,6.0,0.1875,최승용,5.333333333333333,77.0,2.0,4.0,0.0,1.0,4.0,3.333333333333333,59.0,1.0,2.0,0.0,3.0,5.0,김녹원,2.0,34.0,3.0,5.0,0.0,0.0,1.0,6.0,104.0,4.0,7.0,2.0,2.0,2.0
20250629-Hanwha_Eagles-SSG_Landers,20250629HHSK0,27.0,3.0,0.1111111111111111,31.0,8.0,0.25806451612903225,류현진,5.0,91.0,1.0,6.0,1.0,1.0,9.0,1.3333333333333333,46.0,1.0,2.0,1.0,0.0,1.0,화이트,6.0,94.0,0.0,3.0,0.0,2.0,10.0,3.0,40.0,0.0,0.0,0.0,1.0,4.0
20250629-KIA_Tigers-LG_Twins,20250629HTLG0,38.0,13.0,0.34210526315789475,31.0,7.0,0.22580645161290322,윤영철,5.0,78.0,1.0,5.0,0.0,1.0,4.0,3.6666666666666665,60.0,1.0,2.0,0.0,3.0,2.0,치리노스,5.333333333333333,99.0,5.0,7.0,0.0,0.0,5.0,1.6666666666666665,73.0,7.0,6.0,0.0,3.0,1.0
20250629-KT_Wiz-Lotte_Giants,20250629KTLT0,35.0,7.0,0.2,34.0,13.0,0.38235294117647056,쿠에바스,4.333333333333333,93.0,1.0,6.0,0.0,4.0,2.0,3.333333333333333,84.0,4.0,7.0,0.0,3.0,4.0,박세웅,5.333333333333333,90.0,3.0,6.0,2.0,2.0,3.0,3.0,64.0,2.0,1.0,0.0,4.0,3.0
20250629-Samsung_Lions-Kiwoom_Heroes,20250629SSWO0,33.0,10.0,0.30303030303030304,40.0,16.0,0.4,이승현,1.3333333333333333,32.0,3.0,3.0,0.0,3.0,1.0,6.0,117.0,7.0,13.0,1.0,0.0,6.0,웰스,5.0,77.0,2.0,5.0,0.0,2.0,2.0,3.0,83.0,5.0,5.0,0.0,6.0,1.0
20250701-Kiwoom_Heroes-KT_Wiz,20250701WOKT0,38.0,13.0,0.34210526315789475,31.0,5.0,0.16129032258064516,박주성,6.0,98.0,2.0,3.0,2.0,1.0,5.0,3.0,50.0,1.0,2.0,1.0,2.0,3.0,헤이수스,5.0,107.0,7.0,11.0,1.0,0.0,5.0,4.0,57.0,0.0,2.0,0.0,2.0,1.0
20250701-LG_Twins-Lotte_Giants,20250701LGLT0,32.0,8.0,0.25,29.0,5.0,0.1724137931034483,에르난데스,4.0,96.0,1.0,2.0,0.0,4.0,4.0,4.333333333333333,51.0,1.0,3.0,0.0,2.0,2.0,데이비슨,6.0,105.0,2.0,6.0,1.0,3.0,8.0,2.6666666666666665,37.0,1.0,2.0,0.0,0.0,3.0
20250701-NC_Dinos-Hanwha_Eagles,20250701NCHH0,34.0,10.0,0.29411764705882354,29.0,9.0,0.3103448275862069,라일리,7.0,93.0,2.0,6.0,2.0,0.0,9.0,0.0,44.0,3.0,3.0,1.0,2.0,0.0,와이스,4.0,71.0,4.0,6.0,0.0,3.0,5.0,4.333333333333334,92.0,0.0,4.0,0.0,5.0,7.0
20250701-SSG_Landers-KIA_Tigers,20250701SKHT0,31.0,5.0,0.16129032258064516,28.0,6.0,0.21428571428571427,김건우,4.0,82.0,0.0,1.0,0.0,6.0,4.0,3.0,78.0,3.0,5.0,0.0,3.0,3.0,김건국,4.333333333333333,69.0,2.0,4.0,1.0,2.0,2.0,4.666666666666666,63.0,0.0,1.0,0.0,0.0,5.0
20250701-Samsung_Lions-Doosan_Bears,20250701SSOB0,30.0,7.0,0.23333333333333334,30.0,3.0,0.1,후라도,7.0,84.0,0.0,3.0,0.0,1.0,4.0,2.0,49.0,0.0,0.0,0.0,3.0,3.0,최민석,7.0,87.0,2.0,5.0,1.0,1.0,2.0,1.0,41.0,2.0,2.0,0.0,3.0,2.0
20250702-Kiwoom_Heroes-KT_Wiz,20250702WOKT0,33.0,10.0,0.30303030303030304,31.0,7.0,0.22580645161290322,하영민,6.0,97.0,3.0,7.0,0.0,0.0,2.0,2.0,29.0,0.0,0.0,0.0,0.0,1.0,소형준,6.333333333333333,93.0,1.0,6.0,0.0,0.0,1.0,1.6666666666666665,63.0,0.0,4.0,0.0,4.0,0.0
20250702-LG_Twins-Lotte_Giants,20250702LGLT0,36.0,9.0,0.25,30.0,5.0,0.16666666666666666,임찬규,5.666666666666667,97.0,4.0,5.0,1.0,1.0,5.0,2.0,48.0,0.0,0.0,0.0,3.0,3.0,감보아,6.666666666666667,99.0,0.0,6.0,0.0,4.0,6.0,1.3333333333333333,29.0,2.0,3.0,0.0,1.0,2.0
20250702-NC_Dinos-Hanwha_Eagles,20250702NCHH0,35.0,8.0,0.22857142857142856,29.0,5.0,0.1724137931034483,목지훈,5.0,78.0,0.0,3.0,0.0,2.0,6.0,3.333333333333333,44.0,0.0,2.0,0.0,3.0,1.0,문동주,6.333333333333333,92.0,1.0,2.0,0.0,0.0,7.0,2.0,38.0,1.0,6.0,1.0,0.0,0.0
20250702-SSG_Landers-KIA_Tigers,20250702SKHT0,34.0,10.0,0.29411764705882354,38.0,12.0,0.3157894736842105,김광현,5.666666666666667,87.0,5.0,10.0,1.0,0.0,8.0,3.333333333333333,65.0,0.0,2.0,0.0,3.0,5.0,이도현,3.0,66.0,4.0,4.0,1.0,5.0,1.0,5.333333333333333,84.0,4.0,6.0,0.0,3.0,3.0
20250702-Samsung_Lions-Doosan_Bears,20250702SSOB0,30.0,7.0,0.23333333333333334,28.0,7.0,0.25,가라비토,5.0,87.0,1.0,3.0,0.0,2.0,7.0,2.0,55.0,4.0,4.0,0.0,1.0,2.0,콜어빈,5.333333333333333,95.0,0.0,6.0,0.0,3.0,2.0,2.6666666666666665,43.0,0.0,1.0,0.0,2.0,6.0
20250703-Kiwoom_Heroes-KT_Wiz,20250703WOKT0,34.0,7.0,0.20588235294117646,30.0,9.0,0.3,정현우,5.0,97.0,5.0,5.0,1.0,5.0,2.0,3.0,61.0,1.0,4.0,0.0,5.0,1.0,고영표,6.0,95.0,1.0,3.0,1.0,1.0,6.0,2.6666666666666665,69.0,1.0,4.0,0.0,0.0,3.0
20250703-LG_Twins-Lotte_Giants,20250703LGLT0,31.0,5.0,0.16129032258064516,30.0,7.0,0.23333333333333334,손주영,6.0,92.0,0.0,5.0,0.0,1.0,8.0,1.0,27.0,1.0,2.0,0.0,1.0,3.0,이민석,6.666666666666667,96.0,0.0,4.0,0.0,2.0,4.0,2.333333333333333,25.0,0.0,1.0,0.0,1.0,1.0
20250703-NC_Dinos-Hanwha_Eagles,20250703NCHH0,39.0,9.0,0.23076923076923078,43.0,14.0,0.32558139534883723,신민혁,3.3333333333333335,69.0,5.0,8.0,1.0,0.0,2.0,6.0,124.0,1.0,6.0,1.0,6.0,3.0,엄상백,3.6666666666666665,73.0,3.0,5.0,0.0,3.0,1.0,6.0,111.0,4.0,4.0,0.0,8.0,4.0
20250703-SSG_Landers-KIA_Tigers,20250703SKHT0,32.0,6.0,0.1875,31.0,8.0,0.25806451612903225,문승원,6.0,95.0,2.0,4.0,0.0,2.0,5.0,0.0,38.0,1.0,4.0,0.0,1.0,0.0,양현종,6.0,75.0,2.0,5.0,0.0,1.0,4.0,3.0,35.0,0.0,1.0,0.0,1.0,2.0
20250703-Samsung_Lions-Doosan_Bears,20250703SSOB0,31.0,8.0,0.25806451612903225,36.0,11.0,0.3055555555555556,최원태,6.0,98.0,3.0,9.0,0.0,1.0,3.0,3.0,52.0,1.0,2.0,1.0,2.0,4.0,곽빈,6.0,95.0,0.0,2.0,0.0,3.0,5.0,2.333333333333333,65.0,5.0,6.0,1.0,3.0,0.0
20250704-Hanwha_Eagles-Kiwoom_Heroes,20250704HHWO0,35.0,9.0,0.2571428571428571,31.0,5.0,0.16129032258064516,폰세,7.0,103.0,1.0,5.0,0.0,1.0,11.0,1.0,25.0,0.0,0.0,0.0,0.0,3.0,알칸타라,7.333333333333333,106.0,1.0,7.0,0.0,1.0,7.0,1.3333333333333333,28.0,1.0,2.0,1.0,0.0,1.0
20250704-KT_Wiz-Doosan_Bears,20250704KTOB0,37.0,10.0,0.2702702702702703,34.0,9.0,0.2647058823529412,오원석,6.0,97.0,1.0,4.0,0.0,2.0,5.0,2.0,65.0,2.0,5.0,0.0,1.0,4.0,잭로그,4.0,80.0,3.0,5.0,0.0,4.0,1.0,5.0,98.0,1.0,5.0,0.0,3.0,6.0
20250704-LG_Twins-Samsung_Lions,20250704LGSS0,28.0,2.0,0.07142857142857142,33.0,11.0,0.3333333333333333,송승기,5.666666666666667,110.0,2.0,7.0,1.0,2.0,1.0,2.0,45.0,1.0,4.0,0.0,2.0,2.0,이승현,8.333333333333334,116.0,1.0,1.0,1.0,3.0,6.0,0.0,28.0,0.0,1.0,0.0,1.0,0.0
20250704-Lotte_Giants-KIA_Tigers,20250704LTHT0,36.0,10.0,0.2777777777777778,32.0,11.0,0.34375,나균안,6.0,83.0,1.0,5.0,0.0,1.0,3.0,1.0,65.0,5.0,6.0,1.0,3.0,1.0,네일,6.0,90.0,0.0,3.0,0.0,0.0,7.0,1.0,61.0,5.0,7.0,0.0,1.0,2.0
20250704-SSG_Landers-NC_Dinos,20250704SKNC0,31.0,5.0,0.16129032258064516,30.0,4.0,0.13333333333333333,앤더슨,6.0,86.0,0.0,3.0,0.0,2.0,6.0,3.0,37.0,0.0,1.0,0.0,0.0,5.0,로건,7.0,102.0,1.0,3.0,0.0,2.0,5.0,1.0,35.0,3.0,2.0,0.0,2.0,0.0
20250705-Hanwha_Eagles-Kiwoom_Heroes,20250705HHWO0,37.0,10.0,0.2702702702702703,39.0,11.0,0.28205128205128205,류현진,5.0,105.0,1.0,5.0,0.0,2.0,4.0,3.333333333333333,78.0,1.0,6.0,1.0,1.0,1.0,웰스,6.0,93.0,2.0,5.0,0.0,1.0,6.0,1.0,63.0,4.0,5.0,1.0,2.0,3.0
20250705-KT_Wiz-Doosan_Bears,20250705KTOB0,33.0,7.0,0.21212121212121213,32.0,8.0,0.25,쿠에바스,5.333333333333333,103.0,5.0,6.0,0.0,2.0,2.0,2.6666666666666665,48.0,0.0,2.0,0.0,2.0,3.0,최원준,6.0,103.0,1.0,5.0,0.0,4.0,2.0,3.0,42.0,1.0,2.0,0.0,0.0,4.0
20250705-LG_Twins-Samsung_Lions,20250705LGSS0,34.0,10.0,0.29411764705882354,33.0,11.0,0.3333333333333333,치리노스,5.333333333333333,76.0,4.0,5.0,0.0,2.0,2.0,1.0,81.0,3.0,6.0,1.0,3.0,3.0,양창섭,4.0,64.0,2.0,5.0,0.0,2.0,3.0,4.666666666666666,96.0,3.0,5.0,0.0,5.0,5.0
20250705-Lotte_Giants-KIA_Tigers,20250705LTHT0,31.0,5.0,0.16129032258064516,36.0,17.0,0.4722222222222222,박세웅,4.0,81.0,8.0,11.0,3.0,2.0,3.0,4.0,79.0,5.0,6.0,1.0,3.0,3.0,김도현,7.0,98.0,0.0,3.0,0.0,2.0,1.0,2.0,30.0,0.0,2.0,0.0,1.0,1.0
20250705-SSG_Landers-NC_Dinos,20250705SKNC0,31.0,5.0,0.16129032258064516,31.0,4.0,0.12903225806451613,화이트,6.0,101.0,0.0,2.0,0.0,3.0,7.0,3.0,43.0,0.0,2.0,0.0,1.0,2.0,조민석,3.6666666666666665,77.0,4.0,1.0,1.0,5.0,1.0,5.333333333333334,107.0,2.0,4.0,0.0,7.0,7.0
20250706-Hanwha_Eagles-Kiwoom_Heroes,20250706HHWO0,39.0,12.0,0.3076923076923077,33.0,4.0,0.12121212121212122,와이스,6.0,107.0,0.0,2.0,0.0,2.0,11.0,2.0,47.0,1.0,2.0,0.0,2.0,3.0,박주성,6.0,98.0,3.0,4.0,1.0,3.0,3.0,3.0,72.0,7.0,8.0,3.0,1.0,3.0
20250706-KT_Wiz-Doosan_Bears,20250706KTOB0,32.0,9.0,0.28125,33.0,10.0,0.30303030303030304,헤이수스,6.0,97.0,3.0,6.0,1.0,1.0,6.0,2.0,31.0,4.0,4.0,1.0,1.0,0.0,최승용,4.0,80.0,4.0,6.0,0.0,2.0,3.0,5.0,77.0,3.0,3.0,0.0,4.0,3.0
20250706-LG_Twins-Samsung_Lions,20250706LGSS0,36.0,10.0,0.2777777777777778,34.0,8.0,0.23529411764705882,에르난데스,6.0,91.0,2.0,5.0,1.0,0.0,7.0,2.6666666666666665,55.0,0.0,3.0,0.0,0.0,3.0,후라도,7.0,91.0,3.0,8.0,1.0,1.0,5.0,1.3333333333333333,37.0,1.0,2.0,0.0,1.0,0.0
20250706-Lotte_Giants-KIA_Tigers,20250706LTHT0,37.0,14.0,0.3783783783783784,34.0,8.0,0.23529411764705882,데이비슨,5.666666666666667,102.0,2.0,5.0,0.0,3.0,4.0,2.6666666666666665,44.0,0.0,3.0,0.0,0.0,1.0,김건국,2.3333333333333335,47.0,3.0,7.0,0.0,0.0,3.0,5.666666666666666,99.0,2.0,7.0,0.0,4.0,1.0
20250706-SSG_Landers-NC_Dinos,20250706SKNC0,33.0,7.0,0.21212121212121213,28.0,7.0,0.25,김건우,4.0,78.0,2.0,4.0,0.0,4.0,4.0,3.0,70.0,1.0,3.0,0.0,5.0,3.0,라일리,6.333333333333333,95.0,2.0,6.0,0.0,1.0,7.0,1.0,38.0,0.0,1.0,0.0,0.0,3.0
20250708-Doosan_Bears-Lotte_Giants,20250708OBLT0,40.0,12.0,0.3,37.0,10.0,0.2702702702702703,최민석,5.0,95.0,4.0,7.0,1.0,1.0,2.0,4.0,65.0,0.0,3.0,0.0,1.0,5.0,홍민기,5.0,63.0,1.0,3.0,0.0,0.0,7.0,2.0,71.0,7.0,9.0,3.0,2.0,4.0
20250708-KIA_Tigers-Hanwha_Eagles,20250708HTHH0,41.0,15.0,0.36585365853658536,37.0,16.0,0.43243243243243246,윤영철,2.0,49.0,2.0,2.0,0.0,3.0,1.0,5.666666666666667,112.0,10.0,14.0,0.0,4.0,4.0,문동주,5.0,96.0,3.0,8.0,0.0,3.0,5.0,3.0,75.0,4.0,7.0,1.0,1.0,1.0
20250708-KT_Wiz-SSG_Landers,20250708KTSK0,32.0,4.0,0.125,32.0,9.0,0.28125,배제성,5.0,82.0,1.0,3.0,0.0,2.0,5.0,3.0,58.0,6.0,6.0,1.0,4.0,2.0,김광현,5.0,91.0,1.0,2.0,0.0,2.0,3.0,4.0,79.0,0.0,2.0,0.0,1.0,5.0
20250708-Kiwoom_Heroes-LG_Twins,20250708WOLG0,33.0,7.0,0.21212121212121213,30.0,9.0,0.3,하영민,6.0,100.0,2.0,6.0,0.0,2.0,5.0,1.6666666666666665,34.0,1.0,3.0,0.0,1.0,0.0,임찬규,6.0,93.0,2.0,6.0,1.0,1.0,5.0,3.0,39.0,0.0,1.0,0.0,0.0,3.0
20250708-Samsung_Lions-NC_Dinos,20250708SSNC0,37.0,13.0,0.35135135135135137,38.0,15.0,0.39473684210526316,가라비토,4.0,104.0,3.0,8.0,1.0,4.0,5.0,2.0,88.0,6.0,7.0,0.0,3.0,4.0,목지훈,2.6666666666666665,48.0,4.0,6.0,0.0,3.0,2.0,6.333333333333333,108.0,5.0,7.0,1.0,4.0,5.0
20250709-Doosan_Bears-Lotte_Giants,20250709OBLT0,44.0,13.0,0.29545454545454547,37.0,8.0,0.21621621621621623,곽빈,7.0,103.0,1.0,5.0,0.0,2.0,5.0,3.0,61.0,2.0,3.0,0.0,3.0,1.0,이민석,5.0,100.0,1.0,6.0,0.0,5.0,5.0,4.666666666666666,105.0,3.0,7.0,0.0,4.0,2.0
20250709-KIA_Tigers-Hanwha_Eagles,20250709HTHH0,32.0,6.0,0.1875,30.0,9.0,0.3,양현종,4.0,77.0,5.0,5.0,1.0,2.0,5.0,3.6666666666666665,65.0,2.0,4.0,0.0,1.0,2.0,엄상백,3.3333333333333335,71.0,3.0,3.0,0.0,4.0,3.0,5.333333333333334,92.0,1.0,3.0,1.0,3.0,4.0
20250709-KT_Wiz-SSG_Landers,20250709KTSK0,39.0,13.0,0.3333333333333333,36.0,9.0,0.25,소형준,7.0,92.0,1.0,8.0,0.0,0.0,3.0,2.0,31.0,1.0,1.0,1.0,0.0,3.0,문승원,3.6666666666666665,93.0,5.0,5.0,3.0,3.0,5.0,5.333333333333333,100.0,5.0,8.0,1.0,2.0,4.0
20250709-Kiwoom_Heroes-LG_Twins,20250709WOLG0,39.0,13.0,0.3333333333333333,34.0,16.0,0.47058823529411764,정현우,4.0,84.0,7.0,10.0,0.0,4.0,2.0,3.0,74.0,5.0,6.0,1.0,2.0,1.0,손주영,5.333333333333333,94.0,4.0,8.0,0.0,1.0,2.0,3.0,64.0,2.0,5.0,1.0,1.0,2.0
20250709-Samsung_Lions-NC_Dinos,20250709SSNC0,34.0,8.0,0.23529411764705882,27.0,5.0,0.18518518518518517,최원태,6.0,94.0,2.0,5.0,0.0,3.0,3.0,1.6666666666666665,33.0,0.0,0.0,0.0,1.0,1.0,신민혁,6.0,90.0,0.0,3.0,0.0,2.0,2.0,3.0,52.0,0.0,5.0,0.0,0.0,1.0
20250710-Doosan_Bears-Lotte_Giants,20250710OBLT0,38.0,16.0,0.42105263157894735,28.0,4.0,0.14285714285714285,잭로그,8.0,91.0,0.0,4.0,0.0,3.0,3.0,1.0,7.0,0.0,0.0,0.0,0.0,0.0,나균안,6.666666666666667,103.0,3.0,9.0,0.0,1.0,8.0,1.3333333333333333,53.0,5.0,7.0,1.0,4.0,1.0
20250710-KIA_Tigers-Hanwha_Eagles,20250710HTHH0,32.0,7.0,0.21875,33.0,9.0,0.2727272727272727,네일,6.0,98.0,0.0,3.0,0.0,3.0,5.0,2.0,70.0,3.0,6.0,0.0,3.0,1.0,황준서,6.333333333333333,90.0,1.0,3.0,0.0,0.0,6.0,2.0,47.0,1.0,4.0,0.0,0.0,4.0
20250710-KT_Wiz-SSG_Landers,20250710KTSK0,34.0,7.0,0.20588235294117646,33.0,5.0,0.15151515151515152,고영표,6.0,111.0,1.0,4.0,1.0,3.0,7.0,2.333333333333333,54.0,0.0,1.0,0.0,3.0,2.0,앤더슨,5.0,87.0,2.0,2.0,0.0,2.0,7.0,3.0,69.0,2.0,5.0,0.0,0.0,4.0
20250710-Kiwoom_Heroes-LG_Twins,20250710WOLG0,33.0,7.0,0.21212121212121213,35.0,8.0,0.22857142857142856,알칸타라,6.333333333333333,94.0,3.0,6.0,1.0,1.0,6.0,2.0,52.0,0.0,2.0,0.0,2.0,2.0,송승기,4.333333333333333,103.0,3.0,5.0,0.0,6.0,3.0,4.333333333333333,66.0,0.0,2.0,0.0,2.0,3.0
20250710-Samsung_Lions-NC_Dinos,20250710SSNC0,38.0,12.0,0.3157894736842105,33.0,10.0,0.30303030303030304,이승현,5.666666666666667,98.0,3.0,5.0,0.0,2.0,6.0,1.0,56.0,4.0,5.0,0.0,3.0,2.0,로건,5.0,115.0,4.0,9.0,2.0,3.0,6.0,4.0,67.0,1.0,3.0,0.0,2.0,3.0
20250718-Hanwha_Eagles-KT_Wiz,20250718HHKT0,31.0,7.0,0.22580645161290322,31.0,5.0,0.16129032258064516,폰세,6.0,98.0,0.0,2.0,0.0,2.0,8.0,3.0,42.0,0.0,3.0,0.0,0.0,2.0,오원석,5.0,94.0,3.0,5.0,1.0,3.0,6.0,3.0,53.0,0.0,2.0,0.0,0.0,6.0
20250718-Lotte_Giants-LG_Twins,20250718LTLG0,30.0,8.0,0.26666666666666666,30.0,6.0,0.2,감보아,6.0,103.0,2.0,5.0,1.0,3.0,8.0,2.0,39.0,0.0,1.0,0.0,1.0,4.0,손주영,6.0,89.0,1.0,7.0,0.0,0.0,3.0,3.0,39.0,0.0,1.0,0.0,1.0,2.0
20250719-Doosan_Bears-SSG_Landers,20250719OBSK0,34.0,8.0,0.23529411764705882,31.0,5.0,0.16129032258064516,콜어빈,5.0,109.0,0.0,3.0,0.0,5.0,7.0,3.0,77.0,0.0,2.0,0.0,3.0,5.0,앤더슨,5.0,80.0,4.0,5.0,3.0,1.0,10.0,4.0,67.0,1.0,3.0,0.0,2.0,5.0
20250719-Hanwha_Eagles-KT_Wiz,20250719HHKT0,26.0,13.0,0.5,23.0,9.0,0.391304347826087,와이스,3.0,63.0,5.0,7.0,0.0,1.0,5.0,1.3333333333333333,33.0,0.0,2.0,0.0,0.0,2.0,헤이수스,3.0,60.0,5.0,9.0,0.0,2.0,0.0,2.0,50.0,1.0,4.0,1.0,2.0,1.0
20250719-Lotte_Giants-LG_Twins,20250719LTLG0,29.0,5.0,0.1724137931034483,33.0,7.0,0.21212121212121213,데이비슨,5.0,86.0,1.0,5.0,0.0,3.0,5.0,4.0,46.0,0.0,2.0,0.0,0.0,2.0,에르난데스,6.0,90.0,3.0,3.0,0.0,3.0,3.0,2.0,61.0,3.0,2.0,0.0,6.0,2.0
20250720-Doosan_Bears-SSG_Landers,20250720OBSK0,33.0,6.0,0.18181818181818182,31.0,3.0,0.0967741935483871,곽빈,7.0,94.0,1.0,2.0,1.0,2.0,6.0,2.0,38.0,0.0,1.0,0.0,1.0,2.0,김광현,6.0,95.0,1.0,4.0,0.0,1.0,9.0,3.0,40.0,1.0,2.0,0.0,0.0,4.0
20250720-Hanwha_Eagles-KT_Wiz,20250720HHKT0,40.0,15.0,0.375,32.0,6.0,0.1875,류현진,5.0,72.0,0.0,2.0,0.0,2.0,3.0,2.0,86.0,0.0,4.0,0.0,3.0,5.0,소형준,6.0,92.0,2.0,5.0,0.0,3.0,6.0,2.0,70.0,7.0,10.0,2.0,1.0,4.0
20250720-Kiwoom_Heroes-Samsung_Lions,20250720WOSS0,39.0,13.0,0.3333333333333333,37.0,15.0,0.40540540540540543,알칸타라,5.0,79.0,7.0,10.0,4.0,0.0,4.0,1.0,79.0,6.0,5.0,3.0,3.0,3.0,후라도,4.0,95.0,2.0,11.0,1.0,2.0,2.0,4.0,108.0,3.0,2.0,1.0,5.0,11.0
20250720-Lotte_Giants-LG_Twins,20250720LTLG0,36.0,9.0,0.25,27.0,6.0,0.2222222222222222,이민석,6.333333333333333,96.0,2.0,4.0,1.0,4.0,1.0,1.0,50.0,1.0,2.0,0.0,3.0,3.0,임찬규,5.666666666666667,89.0,2.0,8.0,0.0,2.0,1.0,3.333333333333333,44.0,0.0,1.0,0.0,0.0,4.0
20250720-NC_Dinos-KIA_Tigers,20250720NCHT0,31.0,5.0,0.16129032258064516,34.0,11.0,0.3235294117647059,신민혁,3.6666666666666665,79.0,2.0,7.0,1.0,2.0,4.0,2.333333333333333,78.0,0.0,4.0,0.0,3.0,6.0,이의리,4.0,64.0,2.0,2.0,2.0,3.0,2.0,5.0,63.0,0.0,3.0,0.0,0.0,1.0
20250722-Hanwha_Eagles-Doosan_Bears,20250722HHOB0,34.0,8.0,0.23529411764705882,31.0,4.0,0.12903225806451613,문동주,6.0,104.0,0.0,2.0,0.0,1.0,9.0,3.0,44.0,1.0,2.0,0.0,1.0,4.0,잭로그,7.0,92.0,1.0,5.0,1.0,1.0,2.0,1.0,46.0,1.0,3.0,1.0,2.0,2.0
20250722-KT_Wiz-NC_Dinos,20250722KTNC0,35.0,8.0,0.22857142857142856,29.0,3.0,0.10344827586206896,고영표,7.0,94.0,0.0,2.0,0.0,2.0,8.0,2.0,20.0,0.0,1.0,0.0,0.0,1.0,라일리,4.333333333333333,94.0,6.0,6.0,1.0,3.0,3.0,4.666666666666666,50.0,0.0,2.0,0.0,0.0,3.0
20250722-LG_Twins-KIA_Tigers,20250722LGHT0,37.0,13.0,0.35135135135135137,38.0,11.0,0.2894736842105263,송승기,6.0,93.0,1.0,5.0,1.0,2.0,3.0,2.0,75.0,6.0,6.0,0.0,3.0,2.0,네일,7.0,87.0,3.0,6.0,1.0,2.0,7.0,1.0,47.0,4.0,7.0,1.0,1.0,2.0
20250722-Lotte_Giants-Kiwoom_Heroes,20250722LTWO0,32.0,5.0,0.15625,35.0,12.0,0.34285714285714286,나균안,5.0,94.0,3.0,6.0,0.0,2.0,10.0,1.3333333333333333,52.0,3.0,6.0,0.0,1.0,1.0,웰스,6.0,106.0,2.0,5.0,0.0,4.0,4.0,3.0,47.0,0.0,0.0,0.0,1.0,3.0
20250722-SSG_Landers-Samsung_Lions,20250722SKSS0,38.0,12.0,0.3157894736842105,36.0,14.0,0.3888888888888889,화이트,5.0,85.0,4.0,9.0,0.0,3.0,2.0,2.0,55.0,3.0,5.0,0.0,2.0,3.0,원태인,5.0,103.0,3.0,9.0,0.0,1.0,4.0,4.0,87.0,0.0,3.0,0.0,2.0,5.0
20250723-Hanwha_Eagles-Doosan_Bears,20250723HHOB0,35.0,8.0,0.22857142857142856,38.0,15.0,0.39473684210526316,황준서,1.0,27.0,4.0,4.0,3.0,0.0,3.0,6.666666666666666,139.0,8.0,11.0,2.0,3.0,7.0,최민석,5.0,92.0,0.0,4.0,0.0,2.0,7.0,4.0,67.0,1.0,4.0,1.0,1.0,2.0
20250723-KT_Wiz-NC_Dinos,20250723KTNC0,35.0,10.0,0.2857142857142857,30.0,3.0,0.1,패트릭,4.0,49.0,0.0,1.0,0.0,2.0,2.0,4.666666666666666,75.0,1.0,2.0,0.0,2.0,3.0,로건,4.0,90.0,7.0,8.0,0.0,4.0,4.0,5.0,77.0,1.0,2.0,1.0,3.0,1.0
20250723-LG_Twins-KIA_Tigers,20250723LGHT0,43.0,13.0,0.3023255813953488,38.0,8.0,0.21052631578947367,치리노스,6.666666666666667,89.0,3.0,3.0,0.0,1.0,5.0,3.0,60.0,2.0,5.0,1.0,1.0,4.0,김도현,6.0,91.0,4.0,6.0,2.0,0.0,2.0,2.0,88.0,2.0,7.0,1.0,1.0,5.0
20250723-Lotte_Giants-Kiwoom_Heroes,20250723LTWO0,32.0,8.0,0.25,35.0,9.0,0.2571428571428571,박세웅,7.0,95.0,1.0,6.0,0.0,1.0,6.0,2.0,42.0,0.0,3.0,0.0,0.0,4.0,하영민,5.0,98.0,3.0,7.0,0.0,2.0,8.0,4.0,57.0,1.0,1.0,0.0,3.0,1.0
20250723-SSG_Landers-Samsung_Lions,20250723SKSS0,30.0,5.0,0.16666666666666666,35.0,13.0,0.37142857142857144,김건우,1.6666666666666665,49.0,2.0,2.0,0.0,4.0,2.0,6.333333333333333,105.0,7.0,11.0,0.0,2.0,4.0,가라비토,7.0,81.0,0.0,3.0,0.0,0.0,6.0,2.0,35.0,0.0,2.0,0.0,1.0,1.0
20250724-Hanwha_Eagles-Doosan_Bears,20250724HHOB0,47.0,14.0,0.2978723404255319,42.0,10.0,0.23809523809523808,폰세,6.0,70.0,0.0,2.0,0.0,0.0,7.0,3.0,102.0,4.0,8.0,1.0,3.0,6.0,최승용,6.0,91.0,0.0,2.0,0.0,1.0,2.0,3.0,105.0,4.0,12.0,0.0,1.0,7.0
20250724-KT_Wiz-NC_Dinos,20250724KTNC0,34.0,11.0,0.3235294117647059,35.0,8.0,0.22857142857142856,배제성,5.0,94.0,3.0,6.0,0.0,2.0,4.0,4.0,61.0,1.0,2.0,0.0,2.0,0.0,목지훈,0.0,22.0,3.0,4.0,0.0,1.0,0.0,7.333333333333333,135.0,1.0,7.0,0.0,7.0,7.0
20250724-LG_Twins-KIA_Tigers,20250724LGHT0,34.0,11.0,0.3235294117647059,32.0,4.0,0.125,손주영,6.333333333333333,96.0,0.0,3.0,0.0,2.0,5.0,2.0,29.0,0.0,1.0,0.0,0.0,3.0,양현종,6.0,84.0,0.0,3.0,0.0,3.0,3.0,2.6666666666666665,62.0,8.0,8.0,1.0,1.0,1.0
20250724-Lotte_Giants-Kiwoom_Heroes,20250724LTWO0,33.0,7.0,0.21212121212121213,29.0,2.0,0.06896551724137931,감보아,7.0,99.0,0.0,1.0,0.0,1.0,9.0,2.0,23.0,0.0,1.0,0.0,0.0,2.0,정현우,6.0,85.0,4.0,6.0,1.0,1.0,3.0,3.0,41.0,0.0,1.0,0.0,3.0,0.0
20250724-SSG_Landers-Samsung_Lions,20250724SKSS0,31.0,7.0,0.22580645161290322,32.0,7.0,0.21875,문승원,5.0,67.0,1.0,5.0,0.0,1.0,3.0,4.0,60.0,0.0,2.0,0.0,1.0,4.0,최원태,6.0,91.0,1.0,4.0,0.0,2.0,8.0,2.0,38.0,2.0,3.0,2.0,0.0,0.0
20250725-KIA_Tigers-Lotte_Giants,20250725HTLT0,35.0,10.0,0.2857142857142857,33.0,14.0,0.42424242424242425,김건국,4.0,42.0,3.0,6.0,1.0,1.0,0.0,3.0,69.0,4.0,8.0,0.0,2.0,4.0,데이비슨,5.0,88.0,3.0,8.0,2.0,0.0,5.0,3.6666666666666665,65.0,0.0,2.0,0.0,1.0,4.0
20250725-Kiwoom_Heroes-NC_Dinos,20250725WONC0,34.0,10.0,0.29411764705882354,36.0,15.0,0.4166666666666667,박주성,3.6666666666666665,72.0,6.0,6.0,2.0,3.0,1.0,3.333333333333333,104.0,9.0,9.0,0.0,5.0,4.0,이준혁,2.6666666666666665,53.0,2.0,4.0,0.0,5.0,1.0,6.333333333333333,106.0,5.0,6.0,1.0,2.0,7.0
20250725-LG_Twins-Doosan_Bears,20250725LGOB0,35.0,10.0,0.2857142857142857,34.0,9.0,0.2647058823529412,에르난데스,3.0,83.0,3.0,5.0,0.0,5.0,4.0,6.0,97.0,2.0,4.0,0.0,5.0,4.0,콜어빈,5.0,103.0,3.0,3.0,0.0,3.0,3.0,3.0,69.0,3.0,7.0,0.0,1.0,1.0
20250725-SSG_Landers-Hanwha_Eagles,20250725SKHH0,31.0,5.0,0.16129032258064516,33.0,9.0,0.2727272727272727,앤더슨,5.0,92.0,2.0,9.0,0.0,0.0,6.0,3.0,41.0,0.0,0.0,0.0,1.0,1.0,와이스,7.0,89.0,0.0,3.0,0.0,2.0,10.0,2.0,38.0,0.0,2.0,0.0,0.0,3.0
20250725-Samsung_Lions-KT_Wiz,20250725SSKT0,38.0,10.0,0.2631578947368421,31.0,8.0,0.25806451612903225,양창섭,5.0,80.0,3.0,4.0,1.0,5.0,3.0,3.0,68.0,2.0,4.0,1.0,3.0,4.0,헤이수스,6.0,106.0,0.0,4.0,0.0,4.0,6.0,2.0,71.0,4.0,6.0,1.0,3.0,3.0
20250726-KIA_Tigers-Lotte_Giants,20250726HTLT0,34.0,8.0,0.23529411764705882,38.0,12.0,0.3157894736842105,이의리,3.0,77.0,5.0,6.0,0.0,3.0,4.0,5.0,94.0,3.0,6.0,1.0,3.0,4.0,이민석,4.0,93.0,3.0,6.0,0.0,3.0,5.0,4.0,73.0,1.0,2.0,1.0,2.0,5.0
20250726-Kiwoom_Heroes-NC_Dinos,20250726WONC0,38.0,11.0,0.2894736842105263,34.0,13.0,0.38235294117647056,알칸타라,6.0,95.0,4.0,9.0,1.0,1.0,6.0,2.0,51.0,4.0,4.0,1.0,2.0,1.0,신민혁,5.0,91.0,5.0,6.0,2.0,0.0,5.0,4.0,62.0,1.0,5.0,1.0,0.0,4.0
20250726-LG_Twins-Doosan_Bears,20250726LGOB0,29.0,5.0,0.1724137931034483,35.0,11.0,0.3142857142857143,임찬규,6.0,101.0,2.0,8.0,0.0,2.0,4.0,2.6666666666666665,48.0,1.0,3.0,0.0,2.0,2.0,곽빈,7.0,108.0,3.0,4.0,0.0,2.0,6.0,1.3333333333333333,33.0,1.0,1.0,0.0,2.0,2.0
20250726-SSG_Landers-Hanwha_Eagles,20250726SKHH0,36.0,13.0,0.3611111111111111,34.0,10.0,0.29411764705882354,김광현,6.0,81.0,2.0,6.0,0.0,1.0,3.0,3.0,40.0,1.0,4.0,0.0,0.0,3.0,류현진,1.0,32.0,5.0,4.0,0.0,2.0,0.0,8.0,136.0,3.0,9.0,0.0,3.0,10.0
20250726-Samsung_Lions-KT_Wiz,20250726SSKT0,38.0,15.0,0.39473684210526316,28.0,2.0,0.07142857142857142,후라도,9.0,94.0,0.0,2.0,0.0,0.0,4.0,0.0,0.0,0.0,0.0,0.0,0.0,0.0,소형준,6.0,92.0,0.0,4.0,0.0,1.0,6.0,2.333333333333333,81.0,11.0,11.0,1.0,5.0,1.0
20250727-KIA_Tigers-Lotte_Giants,20250727HTLT0,32.0,7.0,0.21875,32.0,10.0,0.3125,네일,6.0,97.0,2.0,7.0,0.0,0.0,8.0,1.0,34.0,3.0,3.0,0.0,2.0,1.0,나균안,6.0,94.0,2.0,4.0,1.0,1.0,6.0,3.0,49.0,1.0,3.0,0.0,0.0,4.0
20250727-Kiwoom_Heroes-NC_Dinos,20250727WONC0,32.0,6.0,0.1875,36.0,12.0,0.3333333333333333,김윤하,6.0,75.0,1.0,6.0,3.0,1.0,3.0,2.0,41.0,5.0,6.0,0.0,1.0,2.0,라일리,5.0,93.0,4.0,6.0,0.0,0.0,6.0,4.0,50.0,0.0,0.0,0.0,1.0,2.0
20250727-LG_Twins-Doosan_Bears,20250727LGOB0,36.0,11.0,0.3055555555555556,33.0,13.0,0.3939393939393939,최지명,2.6666666666666665,55.0,3.0,2.0,0.0,2.0,2.0,4.0,107.0,6.0,11.0,0.0,2.0,3.0,잭로그,6.0,100.0,5.0,7.0,1.0,0.0,3.0,1.0,61.0,1.0,4.0,0.0,2.0,2.0
20250727-SSG_Landers-Hanwha_Eagles,20250727SKHH0,30.0,8.0,0.26666666666666666,32.0,5.0,0.15625,화이트,6.0,89.0,2.0,4.0,1.0,3.0,4.0,3.0,43.0,0.0,1.0,0.0,1.0,2.0,문동주,7.0,88.0,2.0,7.0,2.0,1.0,5.0,1.0,25.0,1.0,1.0,0.0,2.0,1.0
20250727-Samsung_Lions-KT_Wiz,20250727SSKT0,34.0,9.0,0.2647058823529412,33.0,9.0,0.2727272727272727,원태인,7.0,93.0,0.0,6.0,0.0,1.0,3.0,0.0,57.0,4.0,3.0,0.0,5.0,1.0,고영표,7.0,97.0,1.0,5.0,0.0,1.0,5.0,2.0,30.0,2.0,4.0,1.0,1.0,1.0
20250729-Doosan_Bears-KIA_Tigers,20250729OBHT0,37.0,13.0,0.35135135135135137,34.0,9.0,0.2647058823529412,최민석,6.0,79.0,1.0,2.0,1.0,2.0,4.0,2.0,60.0,5.0,7.0,2.0,2.0,4.0,김도현,5.333333333333333,90.0,4.0,9.0,0.0,1.0,2.0,3.0,50.0,3.0,4.0,1.0,1.0,2.0
20250729-KT_Wiz-LG_Twins,20250729KTLG0,33.0,5.0,0.15151515151515152,40.0,16.0,0.4,오원석,3.0,75.0,5.0,9.0,0.0,3.0,0.0,4.333333333333333,88.0,3.0,7.0,0.0,3.0,4.0,치리노스,6.0,101.0,1.0,4.0,0.0,2.0,2.0,3.0,51.0,0.0,1.0,0.0,1.0,0.0
20250729-Kiwoom_Heroes-SSG_Landers,20250729WOSK0,33.0,7.0,0.21212121212121213,33.0,11.0,0.3333333333333333,하영민,3.0,72.0,4.0,5.0,1.0,2.0,3.0,4.666666666666666,90.0,5.0,6.0,2.0,5.0,3.0,최민준,1.6666666666666665,47.0,2.0,4.0,0.0,1.0,2.0,7.333333333333334,119.0,1.0,3.0,0.0,4.0,5.0
20250729-NC_Dinos-Lotte_Giants,20250729NCLT0,30.0,5.0,0.16666666666666666,30.0,8.0,0.26666666666666666,로건,6.0,105.0,3.0,8.0,1.0,1.0,4.0,1.0,51.0,1.0,0.0,0.0,5.0,3.0,박세웅,6.0,92.0,0.0,1.0,0.0,2.0,7.0,2.333333333333333,75.0,1.0,4.0,0.0,3.0,5.0
20250729-Samsung_Lions-Hanwha_Eagles,20250729SSHH0,36.0,12.0,0.3333333333333333,34.0,8.0,0.23529411764705882,가라비토,6.0,95.0,0.0,5.0,0.0,1.0,6.0,3.0,52.0,1.0,3.0,0.0,1.0,3.0,황준서,2.6666666666666665,74.0,3.0,4.0,1.0,3.0,2.0,5.666666666666666,107.0,3.0,8.0,2.0,2.0,7.0
20250730-Doosan_Bears-KIA_Tigers,20250730OBHT0,38.0,7.0,0.18421052631578946,43.0,10.0,0.23255813953488372,최승용,5.666666666666667,94.0,2.0,8.0,0.0,0.0,3.0,3.333333333333333,107.0,0.0,2.0,0.0,6.0,2.0,양현종,5.666666666666667,80.0,1.0,3.0,0.0,2.0,4.0,4.333333333333333,94.0,1.0,4.0,0.0,2.0,5.0
20250730-KT_Wiz-LG_Twins,20250730KTLG0,28.0,7.0,0.25,32.0,10.0,0.3125,패트릭,5.0,76.0,1.0,4.0,0.0,2.0,5.0,3.0,61.0,3.0,6.0,1.0,1.0,2.0,손주영,7.0,83.0,0.0,6.0,0.0,0.0,2.0,2.0,24.0,0.0,1.0,0.0,0.0,1.0
20250730-Kiwoom_Heroes-SSG_Landers,20250730WOSK0,41.0,8.0,0.1951219512195122,39.0,11.0,0.28205128205128205,정현우,4.333333333333333,82.0,5.0,5.0,1.0,4.0,5.0,6.666666666666666,97.0,0.0,6.0,0.0,1.0,4.0,문승원,5.0,86.0,5.0,6.0,2.0,3.0,4.0,6.0,84.0,0.0,2.0,0.0,2.0,6.0
20250730-NC_Dinos-Lotte_Giants,20250730NCLT0,42.0,18.0,0.42857142857142855,36.0,9.0,0.25,목지훈,3.6666666666666665,78.0,2.0,5.0,0.0,2.0,2.0,4.0,107.0,2.0,4.0,0.0,5.0,5.0,감보아,5.0,103.0,2.0,8.0,0.0,3.0,6.0,3.6666666666666665,89.0,6.0,10.0,0.0,1.0,4.0
20250730-Samsung_Lions-Hanwha_Eagles,20250730SSHH0,33.0,8.0,0.24242424242424243,28.0,8.0,0.2857142857142857,최원태,7.0,100.0,4.0,7.0,2.0,2.0,4.0,1.0,12.0,1.0,1.0,1.0,0.0,2.0,폰세,6.0,99.0,0.0,6.0,0.0,1.0,8.0,2.333333333333333,56.0,0.0,2.0,0.0,1.0,1.0
20250731-Doosan_Bears-KIA_Tigers,20250731OBHT0,32.0,7.0,0.21875,32.0,8.0,0.25,콜어빈,5.666666666666667,108.0,3.0,8.0,1.0,0.0,9.0,2.333333333333333,39.0,0.0,0.0,0.0,2.0,5.0,김건국,4.333333333333333,85.0,1.0,4.0,0.0,3.0,3.0,4.666666666666666,63.0,1.0,3.0,1.0,1.0,5.0
20250731-KT_Wiz-LG_Twins,20250731KTLG0,33.0,5.0,0.15151515151515152,43.0,21.0,0.4883720930232558,헤이수스,2.3333333333333335,51.0,7.0,8.0,1.0,2.0,2.0,5.0,138.0,11.0,13.0,2.0,4.0,2.0,송승기,5.0,88.0,0.0,5.0,0.0,1.0,5.0,4.0,54.0,0.0,0.0,0.0,0.0,5.0
20250731-Kiwoom_Heroes-SSG_Landers,20250731WOSK0,31.0,5.0,0.16129032258064516,25.0,5.0,0.2,김연주,4.0,71.0,2.0,4.0,0.0,3.0,3.0,3.3333333333333335,46.0,2.0,1.0,0.0,3.0,2.0,앤더슨,6.0,100.0,2.0,4.0,1.0,2.0,10.0,3.0,39.0,0.0,1.0,0.0,3.0,2.0
20250731-NC_Dinos-Lotte_Giants,20250731NCLT0,33.0,8.0,0.24242424242424243,34.0,11.0,0.3235294117647059,김녹원,1.3333333333333333,36.0,5.0,5.0,0.0,2.0,0.0,6.666666666666666,139.0,6.0,6.0,1.0,7.0,4.0,데이비슨,5.0,88.0,4.0,5.0,0.0,2.0,4.0,3.333333333333333,46.0,1.0,3.0,0.0,1.0,2.0
20250731-Samsung_Lions-Hanwha_Eagles,20250731SSHH0,27.0,2.0,0.07407407407407407,34.0,11.0,0.3235294117647059,이승민,1.3333333333333333,29.0,3.0,2.0,0.0,2.0,0.0,6.333333333333333,104.0,3.0,9.0,1.0,3.0,2.0,와이스,6.0,92.0,1.0,2.0,0.0,4.0,4.0,2.333333333333333,41.0,0.0,0.0,0.0,0.0,4.0
20250801-Hanwha_Eagles-KIA_Tigers,20250801HHHT0,29.0,5.0,0.1724137931034483,32.0,8.0,0.25,류현진,5.333333333333333,96.0,2.0,7.0,0.0,0.0,6.0,2.333333333333333,29.0,0.0,1.0,0.0,0.0,3.0,이의리,5.0,90.0,2.0,2.0,0.0,4.0,5.0,3.3333333333333335,60.0,0.0,3.0,0.0,0.0,1.0
20250801-KT_Wiz-NC_Dinos,20250801KTNC0,35.0,8.0,0.22857142857142856,35.0,13.0,0.37142857142857144,소형준,6.0,93.0,4.0,11.0,2.0,0.0,5.0,1.0,25.0,0.0,2.0,0.0,0.0,1.0,신민혁,4.333333333333333,100.0,2.0,6.0,2.0,1.0,4.0,3.333333333333333,63.0,0.0,2.0,0.0,2.0,6.0
20250801-LG_Twins-Samsung_Lions,20250801LGSS0,34.0,8.0,0.23529411764705882,34.0,8.0,0.23529411764705882,임찬규,6.0,96.0,2.0,6.0,0.0,2.0,5.0,2.333333333333333,42.0,0.0,2.0,0.0,1.0,4.0,후라도,5.0,97.0,3.0,6.0,1.0,0.0,3.0,3.0,76.0,1.0,2.0,0.0,3.0,2.0
20250801-Lotte_Giants-Kiwoom_Heroes,20250801LTWO0,31.0,4.0,0.12903225806451613,27.0,7.0,0.25925925925925924,이민석,6.0,95.0,2.0,7.0,0.0,5.0,5.0,1.3333333333333333,34.0,0.0,0.0,0.0,0.0,2.0,알칸타라,8.0,106.0,0.0,4.0,0.0,1.0,5.0,1.0,16.0,0.0,0.0,0.0,1.0,1.0
20250801-SSG_Landers-Doosan_Bears,20250801SKOB0,38.0,11.0,0.2894736842105263,30.0,4.0,0.13333333333333333,김광현,6.0,102.0,2.0,4.0,0.0,4.0,5.0,3.0,56.0,0.0,0.0,0.0,2.0,3.0,곽빈,5.0,99.0,2.0,6.0,0.0,2.0,8.0,4.0,74.0,4.0,5.0,2.0,3.0,3.0
20250802-KT_Wiz-NC_Dinos,20250802KTNC0,38.0,8.0,0.21052631578947367,44.0,15.0,0.3409090909090909,이채호,1.3333333333333333,22.0,3.0,3.0,1.0,0.0,0.0,8.666666666666666,141.0,4.0,12.0,1.0,4.0,8.0,라일리,6.0,100.0,2.0,3.0,0.0,3.0,9.0,3.6666666666666665,93.0,4.0,5.0,1.0,6.0,4.0
20250802-LG_Twins-Samsung_Lions,20250802LGSS0,32.0,7.0,0.21875,31.0,4.0,0.12903225806451613,에르난데스,6.0,100.0,1.0,2.0,1.0,2.0,9.0,2.333333333333333,42.0,1.0,2.0,1.0,2.0,1.0,원태인,7.0,95.0,2.0,5.0,2.0,0.0,6.0,1.3333333333333333,33.0,1.0,2.0,1.0,1.0,1.0
20250802-Lotte_Giants-Kiwoom_Heroes,20250802LTWO0,31.0,5.0,0.16129032258064516,33.0,5.0,0.15151515151515152,나균안,5.666666666666667,89.0,2.0,5.0,0.0,1.0,7.0,3.0,43.0,0.0,0.0,0.0,2.0,4.0,김윤하,5.0,72.0,1.0,2.0,0.0,0.0,4.0,4.0,73.0,2.0,3.0,0.0,3.0,3.0
20250802-SSG_Landers-Doosan_Bears,20250802SKOB0,37.0,8.0,0.21621621621621623,32.0,8.0,0.25,화이트,0.0,13.0,1.0,2.0,0.0,0.0,0.0,7.333333333333334,131.0,3.0,6.0,1.0,2.0,6.0,잭로그,5.0,93.0,0.0,6.0,1.0,1.0,4.0,2.333333333333333,64.0,0.0,2.0,0.0,1.0,4.0
20250803-KT_Wiz-NC_Dinos,20250803KTNC0,33.0,7.0,0.21212121212121213,31.0,4.0,0.12903225806451613,헤이수스,7.0,99.0,1.0,3.0,1.0,1.0,4.0,2.0,26.0,0.0,1.0,0.0,2.0,4.0,로건,6.0,110.0,0.0,3.0,0.0,3.0,4.0,2.333333333333333,53.0,1.0,4.0,0.0,1.0,3.0
20250803-LG_Twins-Samsung_Lions,20250803LGSS0,28.0,7.0,0.25,26.0,8.0,0.3076923076923077,치리노스,5.0,100.0,2.0,6.0,0.0,4.0,4.0,2.0,32.0,0.0,2.0,0.0,0.0,2.0,가라비토,5.0,108.0,2.0,1.0,0.0,9.0,3.0,1.0,44.0,2.0,6.0,1.0,0.0,1.0
20250803-Lotte_Giants-Kiwoom_Heroes,20250803LTWO0,37.0,13.0,0.35135135135135137,36.0,8.0,0.2222222222222222,박세웅,7.0,92.0,3.0,8.0,0.0,1.0,7.0,2.0,19.0,0.0,0.0,0.0,0.0,2.0,정세영,0.0,36.0,3.0,3.0,0.0,3.0,2.0,8.333333333333334,144.0,6.0,10.0,0.0,6.0,7.0
20250803-SSG_Landers-Doosan_Bears,20250803SKOB0,34.0,9.0,0.2647058823529412,39.0,13.0,0.3333333333333333,최민준,3.0,54.0,1.0,6.0,0.0,1.0,0.0,7.0,77.0,1.0,7.0,0.0,0.0,3.0,최민석,6.0,84.0,0.0,4.0,0.0,1.0,3.0,2.333333333333333,90.0,3.0,5.0,0.0,5.0,2.0
20250805-Doosan_Bears-LG_Twins,20250805OBLG0,33.0,6.0,0.18181818181818182,32.0,9.0,0.28125,최승용,5.0,92.0,0.0,4.0,0.0,4.0,2.0,2.0,48.0,3.0,5.0,1.0,1.0,2.0,손주영,5.0,96.0,2.0,4.0,1.0,2.0,3.0,4.0,57.0,0.0,2.0,0.0,0.0,6.0
20250805-KIA_Tigers-Lotte_Giants,20250805HTLT0,30.0,4.0,0.13333333333333333,29.0,3.0,0.10344827586206896,네일,6.0,94.0,0.0,2.0,0.0,3.0,8.0,3.0,41.0,0.0,1.0,0.0,0.0,4.0,감보아,6.666666666666667,107.0,2.0,4.0,0.0,3.0,7.0,2.0,31.0,0.0,0.0,0.0,0.0,4.0
20250805-KT_Wiz-Hanwha_Eagles,20250805KTHH0,29.0,5.0,0.1724137931034483,38.0,12.0,0.3157894736842105,패트릭,5.0,83.0,1.0,7.0,0.0,2.0,2.0,4.0,59.0,1.0,5.0,1.0,0.0,3.0,문동주,7.0,92.0,0.0,2.0,0.0,1.0,10.0,0.0,46.0,5.0,3.0,1.0,4.0,2.0
20250805-Kiwoom_Heroes-NC_Dinos,20250805WONC0,29.0,8.0,0.27586206896551724,34.0,8.0,0.23529411764705882,정현우,4.333333333333333,76.0,3.0,6.0,1.0,2.0,2.0,4.666666666666666,80.0,1.0,2.0,0.0,0.0,8.0,목지훈,0.0,23.0,2.0,1.0,0.0,4.0,0.0,8.0,139.0,3.0,7.0,2.0,6.0,7.0
20250805-Samsung_Lions-SSG_Landers,20250805SSSK0,31.0,6.0,0.1935483870967742,35.0,10.0,0.2857142857142857,최원태,5.666666666666667,101.0,2.0,9.0,0.0,3.0,4.0,2.0,43.0,0.0,1.0,0.0,0.0,3.0,문승원,5.0,93.0,4.0,3.0,2.0,3.0,5.0,3.0,82.0,2.0,3.0,1.0,4.0,1.0
20250806-Doosan_Bears-LG_Twins,20250806OBLG0,36.0,11.0,0.3055555555555556,39.0,12.0,0.3076923076923077,콜어빈,6.0,95.0,0.0,6.0,0.0,2.0,2.0,2.0,79.0,5.0,6.0,1.0,5.0,3.0,최지명,4.333333333333333,78.0,3.0,6.0,0.0,2.0,1.0,3.333333333333333,103.0,7.0,5.0,3.0,5.0,5.0
20250806-KIA_Tigers-Lotte_Giants,20250806HTLT0,30.0,5.0,0.16666666666666666,33.0,8.0,0.24242424242424243,올러,2.6666666666666665,71.0,5.0,5.0,0.0,4.0,4.0,5.0,98.0,2.0,3.0,0.0,4.0,3.0,데이비슨,6.0,90.0,1.0,4.0,0.0,3.0,4.0,3.0,42.0,0.0,1.0,0.0,1.0,4.0
20250806-KT_Wiz-Hanwha_Eagles,20250806KTHH0,39.0,15.0,0.38461538461538464,29.0,8.0,0.27586206896551724,배제성,2.3333333333333335,84.0,5.0,8.0,1.0,4.0,2.0,5.666666666666666,44.0,0.0,0.0,0.0,1.0,2.0,폰세,5.0,95.0,1.0,7.0,0.0,1.0,9.0,2.333333333333333,99.0,3.0,8.0,0.0,2.0,5.0
20250806-Kiwoom_Heroes-NC_Dinos,20250806WONC0,38.0,13.0,0.34210526315789475,38.0,11.0,0.2894736842105263,박주성,2.0,50.0,4.0,6.0,0.0,0.0,3.0,8.0,124.0,1.0,5.0,0.0,2.0,6.0,조민석,1.0,29.0,3.0,2.0,1.0,2.0,0.0,8.0,163.0,6.0,11.0,0.0,8.0,3.0
20250806-Samsung_Lions-SSG_Landers,20250806SSSK0,33.0,6.0,0.18181818181818182,31.0,8.0,0.25806451612903225,이승현,5.333333333333333,96.0,2.0,4.0,0.0,3.0,4.0,1.0,45.0,3.0,4.0,1.0,1.0,1.0,앤더슨,6.0,94.0,2.0,4.0,1.0,3.0,6.0,3.0,43.0,2.0,2.0,2.0,0.0,2.0
20250807-Doosan_Bears-LG_Twins,20250807OBLG0,37.0,10.0,0.2702702702702703,32.0,8.0,0.25,곽빈,6.0,102.0,3.0,5.0,0.0,4.0,2.0,2.0,39.0,1.0,3.0,0.0,2.0,0.0,송승기,4.666666666666667,108.0,2.0,7.0,0.0,1.0,6.0,4.0,51.0,1.0,3.0,0.0,0.0,5.0
20250807-KIA_Tigers-Lotte_Giants,20250807HTLT0,36.0,10.0,0.2777777777777778,35.0,9.0,0.2571428571428571,양현종,5.666666666666667,92.0,0.0,5.0,0.0,1.0,0.0,3.333333333333333,50.0,2.0,4.0,1.0,0.0,2.0,이민석,4.0,93.0,5.0,7.0,2.0,5.0,3.0,3.6666666666666665,66.0,0.0,3.0,0.0,1.0,6.0
20250807-KT_Wiz-Hanwha_Eagles,20250807KTHH0,35.0,11.0,0.3142857142857143,36.0,10.0,0.2777777777777778,고영표,6.0,93.0,3.0,7.0,1.0,1.0,2.0,2.0,54.0,0.0,3.0,0.0,1.0,3.0,와이스,6.0,104.0,0.0,6.0,0.0,3.0,8.0,2.0,64.0,5.0,5.0,2.0,3.0,5.0
20250807-Kiwoom_Heroes-NC_Dinos,20250807WONC0,48.0,19.0,0.3958333333333333,48.0,16.0,0.3333333333333333,알칸타라,5.0,95.0,7.0,11.0,1.0,0.0,5.0,4.333333333333334,132.0,1.0,5.0,1.0,8.0,4.0,신민혁,6.0,94.0,8.0,10.0,3.0,2.0,3.0,5.0,100.0,4.0,9.0,0.0,3.0,5.0
20250807-Samsung_Lions-SSG_Landers,20250807SSSK0,35.0,9.0,0.2571428571428571,31.0,6.0,0.1935483870967742,후라도,8.0,101.0,1.0,5.0,1.0,1.0,5.0,1.0,14.0,0.0,1.0,0.0,0.0,1.0,김광현,3.6666666666666665,75.0,6.0,8.0,0.0,3.0,3.0,4.666666666666667,68.0,0.0,1.0,0.0,0.0,4.0
20250808-Doosan_Bears-Kiwoom_Heroes,20250808OBWO0,34.0,9.0,0.2647058823529412,31.0,5.0,0.16129032258064516,잭로그,7.0,100.0,2.0,4.0,0.0,3.0,8.0,2.0,29.0,0.0,1.0,0.0,0.0,2.0,김윤하,5.0,97.0,7.0,7.0,3.0,2.0,1.0,4.0,72.0,0.0,2.0,0.0,2.0,3.0
20250808-Hanwha_Eagles-LG_Twins,20250808HHLG0,36.0,8.0,0.2222222222222222,38.0,12.0,0.3157894736842105,류현진,6.0,88.0,0.0,6.0,0.0,1.0,5.0,2.0,73.0,2.0,6.0,0.0,3.0,3.0,임찬규,7.0,103.0,1.0,8.0,0.0,0.0,3.0,3.0,46.0,0.0,0.0,0.0,1.0,2.0
20250808-KIA_Tigers-NC_Dinos,20250808HTNC0,34.0,10.0,0.29411764705882354,25.0,6.0,0.24,김도현,6.0,79.0,5.0,5.0,1.0,3.0,1.0,2.0,27.0,0.0,1.0,0.0,1.0,2.0,라일리,6.0,115.0,3.0,6.0,1.0,1.0,10.0,2.333333333333333,55.0,1.0,4.0,0.0,1.0,3.0
20250808-SSG_Landers-Lotte_Giants,20250808SKLT0,30.0,3.0,0.1,27.0,3.0,0.1111111111111111,최민준,4.333333333333333,63.0,0.0,3.0,0.0,1.0,3.0,4.333333333333333,69.0,0.0,0.0,0.0,4.0,6.0,나균안,6.0,99.0,1.0,3.0,0.0,3.0,2.0,3.0,41.0,0.0,0.0,0.0,1.0,6.0
20250808-Samsung_Lions-KT_Wiz,20250808SSKT0,42.0,15.0,0.35714285714285715,31.0,6.0,0.1935483870967742,원태인,7.333333333333333,102.0,4.0,6.0,2.0,1.0,4.0,1.0,19.0,0.0,0.0,0.0,0.0,3.0,소형준,6.0,96.0,4.0,10.0,1.0,1.0,2.0,2.0,55.0,2.0,5.0,1.0,0.0,1.0
20250809-Doosan_Bears-Kiwoom_Heroes,20250809OBWO0,40.0,15.0,0.375,35.0,9.0,0.2571428571428571,최민석,5.0,99.0,3.0,5.0,1.0,3.0,6.0,3.0,62.0,1.0,4.0,0.0,0.0,4.0,메르세데스,5.333333333333333,95.0,2.0,8.0,0.0,2.0,5.0,3.6666666666666665,71.0,4.0,7.0,1.0,1.0,3.0
20250809-Hanwha_Eagles-LG_Twins,20250809HHLG0,34.0,7.0,0.20588235294117646,37.0,15.0,0.40540540540540543,엄상백,1.0,59.0,6.0,5.0,1.0,3.0,1.0,7.0,148.0,2.0,10.0,0.0,3.0,9.0,치리노스,7.0,94.0,1.0,5.0,0.0,1.0,4.0,2.0,37.0,0.0,2.0,0.0,0.0,1.0
20250809-Samsung_Lions-KT_Wiz,20250809SSKT0,29.0,4.0,0.13793103448275862,31.0,8.0,0.25806451612903225,가라비토,6.0,101.0,3.0,3.0,1.0,3.0,10.0,0.0,30.0,0.0,5.0,0.0,0.0,1.0,헤이수스,8.0,104.0,1.0,4.0,1.0,0.0,9.0,1.0,12.0,0.0,0.0,0.0,0.0,1.0
20250810-Doosan_Bears-Kiwoom_Heroes,20250810OBWO0,33.0,7.0,0.21212121212121213,33.0,10.0,0.30303030303030304,최승용,6.0,93.0,1.0,6.0,0.0,0.0,1.0,1.0,43.0,2.0,4.0,1.0,2.0,2.0,하영민,6.333333333333333,73.0,3.0,5.0,1.0,0.0,6.0,1.0,56.0,0.0,2.0,0.0,2.0,1.0
20250810-Hanwha_Eagles-LG_Twins,20250810HHLG0,30.0,8.0,0.26666666666666666,34.0,8.0,0.23529411764705882,문동주,6.0,94.0,2.0,5.0,0.0,3.0,5.0,3.0,56.0,2.0,3.0,0.0,2.0,2.0,손주영,6.0,92.0,1.0,6.0,0.0,3.0,6.0,3.0,47.0,3.0,2.0,0.0,1.0,2.0
20250810-KIA_Tigers-NC_Dinos,20250810HTNC0,43.0,14.0,0.32558139534883723,36.0,13.0,0.3611111111111111,이의리,1.3333333333333333,55.0,7.0,5.0,0.0,2.0,3.0,6.0,149.0,9.0,8.0,3.0,7.0,10.0,로건,5.666666666666667,105.0,6.0,9.0,3.0,1.0,6.0,2.333333333333333,64.0,1.0,5.0,0.0,1.0,3.0
20250810-SSG_Landers-Lotte_Giants,20250810SKLT0,42.0,17.0,0.40476190476190477,32.0,7.0,0.21875,김건우,5.0,70.0,0.0,4.0,0.0,1.0,0.0,4.0,51.0,1.0,3.0,1.0,1.0,3.0,박세웅,5.666666666666667,97.0,7.0,10.0,2.0,2.0,5.0,3.0,52.0,3.0,7.0,1.0,0.0,3.0
20250810-Samsung_Lions-KT_Wiz,20250810SSKT0,38.0,10.0,0.2631578947368421,34.0,13.0,0.38235294117647056,최원태,4.0,92.0,5.0,5.0,1.0,3.0,1.0,2.333333333333333,88.0,4.0,8.0,0.0,3.0,2.0,패트릭,5.0,89.0,1.0,7.0,0.0,2.0,3.0,3.666666666666667,52.0,1.0,3.0,0.0,1.0,1.0
20250812-KIA_Tigers-Samsung_Lions,20250812HTSS0,38.0,11.0,0.2894736842105263,31.0,4.0,0.12903225806451613,네일,7.0,93.0,0.0,4.0,0.0,1.0,9.0,2.0,31.0,1.0,0.0,0.0,2.0,0.0,이승현,3.3333333333333335,93.0,5.0,8.0,2.0,1.0,5.0,5.333333333333333,90.0,0.0,3.0,0.0,4.0,6.0
20250812-Kiwoom_Heroes-SSG_Landers,20250812WOSK0,32.0,6.0,0.1875,29.0,7.0,0.2413793103448276,정현우,3.3333333333333335,67.0,2.0,4.0,1.0,3.0,3.0,4.666666666666666,65.0,1.0,3.0,0.0,4.0,2.0,앤더슨,5.666666666666667,100.0,0.0,4.0,0.0,2.0,9.0,3.333333333333333,50.0,1.0,2.0,1.0,0.0,3.0
20250812-LG_Twins-KT_Wiz,20250812LGKT0,41.0,15.0,0.36585365853658536,32.0,5.0,0.15625,톨허스트,7.0,77.0,0.0,2.0,0.0,0.0,7.0,1.0,48.0,2.0,3.0,0.0,1.0,1.0,오원석,5.0,87.0,3.0,7.0,0.0,0.0,2.0,3.333333333333333,97.0,5.0,8.0,0.0,3.0,4.0
20250812-Lotte_Giants-Hanwha_Eagles,20250812LTHH0,30.0,4.0,0.13333333333333333,28.0,4.0,0.14285714285714285,감보아,6.0,96.0,2.0,4.0,0.0,2.0,5.0,0.0,40.0,0.0,0.0,0.0,2.0,1.0,폰세,7.0,109.0,0.0,3.0,0.0,2.0,9.0,1.3333333333333333,34.0,0.0,1.0,0.0,3.0,2.0
20250812-NC_Dinos-Doosan_Bears,20250812NCOB0,30.0,5.0,0.16666666666666666,32.0,8.0,0.25,김녹원,2.0,42.0,1.0,4.0,0.0,0.0,2.0,5.0,92.0,0.0,4.0,0.0,3.0,8.0,콜어빈,4.333333333333333,104.0,3.0,5.0,1.0,7.0,7.0,4.0,78.0,0.0,0.0,0.0,1.0,4.0
20250813-KIA_Tigers-Samsung_Lions,20250813HTSS0,40.0,13.0,0.325,31.0,4.0,0.12903225806451613,올러,5.0,82.0,1.0,4.0,0.0,2.0,7.0,3.333333333333333,49.0,0.0,0.0,0.0,2.0,2.0,후라도,7.0,103.0,1.0,8.0,0.0,0.0,5.0,0.0,66.0,6.0,5.0,1.0,4.0,2.0
20250813-Lotte_Giants-Hanwha_Eagles,20250813LTHH0,30.0,4.0,0.13333333333333333,33.0,8.0,0.24242424242424243,벨라스케즈,3.0,68.0,5.0,6.0,0.0,2.0,2.0,5.0,90.0,0.0,2.0,0.0,2.0,5.0,와이스,6.0,99.0,0.0,1.0,0.0,5.0,11.0,2.333333333333333,55.0,0.0,3.0,0.0,2.0,3.0
20250814-KIA_Tigers-Samsung_Lions,20250814HTSS0,38.0,13.0,0.34210526315789475,36.0,11.0,0.3055555555555556,양현종,5.666666666666667,86.0,2.0,8.0,0.0,0.0,4.0,2.0,59.0,1.0,3.0,0.0,1.0,3.0,원태인,6.0,87.0,6.0,10.0,3.0,1.0,1.0,3.0,58.0,4.0,3.0,2.0,4.0,3.0
20250814-Kiwoom_Heroes-SSG_Landers,20250814WOSK0,31.0,8.0,0.25806451612903225,31.0,5.0,0.16129032258064516,알칸타라,7.0,93.0,0.0,4.0,0.0,2.0,4.0,2.0,29.0,0.0,1.0,0.0,1.0,2.0,문승원,6.0,86.0,2.0,6.0,0.0,2.0,2.0,2.0,49.0,0.0,2.0,0.0,2.0,1.0
20250814-Lotte_Giants-Hanwha_Eagles,20250814LTHH0,40.0,12.0,0.3,37.0,8.0,0.21621621621621623,나균안,6.0,84.0,2.0,3.0,1.0,0.0,6.0,3.0,73.0,3.0,5.0,1.0,4.0,4.0,류현진,7.0,99.0,2.0,7.0,0.0,0.0,4.0,1.3333333333333333,84.0,2.0,5.0,0.0,2.0,4.0
20250814-NC_Dinos-Doosan_Bears,20250814NCOB0,35.0,9.0,0.2571428571428571,29.0,9.0,0.3103448275862069,라일리,6.0,96.0,4.0,5.0,0.0,2.0,6.0,0.0,32.0,2.0,4.0,0.0,2.0,1.0,곽빈,5.0,89.0,4.0,8.0,2.0,1.0,4.0,3.0,60.0,0.0,1.0,0.0,4.0,3.0
20250815-Hanwha_Eagles-NC_Dinos,20250815HHNC0,35.0,14.0,0.4,32.0,6.0,0.1875,김기중,4.0,84.0,2.0,6.0,0.0,2.0,3.0,5.0,52.0,0.0,0.0,0.0,1.0,4.0,로건,4.333333333333333,103.0,5.0,8.0,0.0,4.0,3.0,4.0,115.0,4.0,6.0,1.0,9.0,3.0
20250815-KIA_Tigers-Doosan_Bears,20250815HTOB0,43.0,13.0,0.3023255813953488,38.0,9.0,0.23684210526315788,김도현,3.6666666666666665,71.0,4.0,6.0,0.0,3.0,2.0,6.666666666666666,93.0,1.0,3.0,1.0,1.0,6.0,잭로그,5.333333333333333,94.0,3.0,11.0,0.0,0.0,7.0,5.333333333333333,83.0,1.0,2.0,0.0,3.0,3.0
20250815-KT_Wiz-Kiwoom_Heroes,20250815KTWO0,34.0,8.0,0.23529411764705882,34.0,8.0,0.23529411764705882,고영표,7.0,88.0,1.0,4.0,1.0,0.0,6.0,0.0,34.0,5.0,4.0,0.0,2.0,0.0,메르세데스,5.666666666666667,97.0,2.0,6.0,0.0,2.0,4.0,3.0,68.0,1.0,2.0,1.0,4.0,3.0
20250815-LG_Twins-SSG_Landers,20250815LGSK0,33.0,8.0,0.24242424242424243,39.0,13.0,0.3333333333333333,치리노스,5.0,97.0,2.0,9.0,0.0,1.0,3.0,3.333333333333333,54.0,1.0,4.0,1.0,1.0,4.0,화이트,6.0,97.0,2.0,4.0,0.0,3.0,9.0,1.0,72.0,3.0,4.0,1.0,3.0,3.0
20250815-Samsung_Lions-Lotte_Giants,20250815SSLT0,34.0,10.0,0.29411764705882354,35.0,7.0,0.2,가라비토,5.666666666666667,113.0,0.0,3.0,0.0,4.0,8.0,3.0,66.0,1.0,4.0,0.0,2.0,4.0,이민석,4.0,82.0,6.0,7.0,1.0,5.0,2.0,5.0,92.0,3.0,3.0,2.0,4.0,3.0
20250816-Hanwha_Eagles-NC_Dinos,20250816HHNC0,32.0,7.0,0.21875,34.0,12.0,0.35294117647058826,문동주,3.6666666666666665,71.0,4.0,6.0,0.0,1.0,5.0,4.333333333333333,84.0,5.0,6.0,2.0,1.0,8.0,신민혁,6.0,98.0,4.0,5.0,1.0,3.0,3.0,3.0,48.0,2.0,2.0,1.0,1.0,0.0
20250816-KIA_Tigers-Doosan_Bears,20250816HTOB0,32.0,7.0,0.21875,32.0,10.0,0.3125,이의리,6.0,75.0,2.0,6.0,0.0,0.0,7.0,2.0,37.0,2.0,4.0,0.0,1.0,3.0,최승용,2.0,24.0,0.0,1.0,0.0,0.0,2.0,6.0,124.0,3.0,6.0,1.0,3.0,7.0
20250816-KT_Wiz-Kiwoom_Heroes,20250816KTWO0,32.0,5.0,0.15625,31.0,7.0,0.22580645161290322,헤이수스,5.0,92.0,4.0,6.0,1.0,2.0,7.0,3.0,48.0,0.0,1.0,0.0,1.0,4.0,하영민,7.0,92.0,1.0,2.0,1.0,1.0,4.0,2.0,43.0,1.0,3.0,0.0,1.0,4.0
20250816-LG_Twins-SSG_Landers,20250816LGSK0,32.0,8.0,0.25,37.0,14.0,0.3783783783783784,송승기,4.666666666666667,91.0,5.0,8.0,1.0,0.0,6.0,1.0,73.0,2.0,6.0,0.0,2.0,2.0,김건우,2.0,49.0,3.0,3.0,0.0,2.0,3.0,6.333333333333333,125.0,4.0,5.0,1.0,5.0,2.0
20250816-Samsung_Lions-Lotte_Giants,20250816SSLT0,37.0,12.0,0.32432432432432434,33.0,5.0,0.15151515151515152,최원태,6.0,87.0,1.0,3.0,0.0,2.0,3.0,2.333333333333333,39.0,0.0,2.0,0.0,1.0,3.0,박세웅,6.0,99.0,3.0,9.0,0.0,1.0,6.0,2.0,45.0,1.0,3.0,1.0,2.0,2.0
20250817-Hanwha_Eagles-NC_Dinos,20250817HHNC0,34.0,8.0,0.23529411764705882,36.0,11.0,0.3055555555555556,황준서,1.6666666666666665,43.0,5.0,5.0,0.0,2.0,1.0,6.0,132.0,0.0,6.0,0.0,6.0,8.0,김녹원,5.0,73.0,1.0,3.0,0.0,2.0,3.0,4.0,71.0,3.0,5.0,2.0,2.0,2.0
20250817-KIA_Tigers-Doosan_Bears,20250817HTOB0,31.0,5.0,0.16129032258064516,32.0,9.0,0.28125,네일,7.0,92.0,0.0,6.0,0.0,2.0,4.0,0.0,27.0,3.0,3.0,0.0,2.0,1.0,제환유,5.0,71.0,1.0,2.0,0.0,3.0,0.0,3.0,65.0,1.0,3.0,1.0,1.0,6.0
20250817-KT_Wiz-Kiwoom_Heroes,20250817KTWO0,36.0,8.0,0.2222222222222222,36.0,6.0,0.16666666666666666,패트릭,5.666666666666667,108.0,3.0,5.0,1.0,4.0,6.0,4.333333333333333,57.0,0.0,1.0,0.0,1.0,2.0,정현우,6.0,94.0,2.0,4.0,0.0,2.0,2.0,3.333333333333333,65.0,3.0,4.0,0.0,3.0,4.0
20250817-LG_Twins-SSG_Landers,20250817LGSK0,35.0,12.0,0.34285714285714286,34.0,10.0,0.29411764705882354,임찬규,6.0,93.0,0.0,4.0,0.0,1.0,4.0,2.6666666666666665,42.0,1.0,6.0,1.0,2.0,1.0,최민준,3.0,58.0,2.0,4.0,1.0,0.0,1.0,6.0,100.0,4.0,8.0,2.0,3.0,3.0
20250817-Samsung_Lions-Lotte_Giants,20250817SSLT0,42.0,9.0,0.21428571428571427,41.0,10.0,0.24390243902439024,이승현,6.0,85.0,1.0,3.0,0.0,3.0,3.0,4.0,78.0,3.0,7.0,1.0,5.0,4.0,감보아,6.0,103.0,3.0,4.0,1.0,1.0,6.0,4.0,107.0,4.0,5.0,1.0,5.0,5.0
20250819-Doosan_Bears-Hanwha_Eagles,20250819OBHH0,30.0,7.0,0.23333333333333334,33.0,8.0,0.24242424242424243,콜어빈,3.0,71.0,3.0,5.0,1.0,5.0,4.0,5.0,89.0,2.0,3.0,1.0,6.0,6.0,와이스,7.0,94.0,4.0,5.0,0.0,4.0,3.0,2.0,30.0,1.0,2.0,0.0,1.0,1.0
20250819-Kiwoom_Heroes-KIA_Tigers,20250819WOHT0,40.0,14.0,0.35,38.0,14.0,0.3684210526315789,박주성,3.0,66.0,4.0,5.0,1.0,1.0,2.0,5.0,93.0,8.0,9.0,3.0,2.0,4.0,올러,5.0,105.0,4.0,9.0,0.0,4.0,2.0,3.0,80.0,4.0,5.0,3.0,2.0,4.0
20250819-Lotte_Giants-LG_Twins,20250819LTLG0,38.0,10.0,0.2631578947368421,30.0,9.0,0.3,벨라스케즈,5.0,92.0,3.0,7.0,0.0,2.0,3.0,1.0,38.0,2.0,2.0,1.0,1.0,3.0,톨허스트,6.0,85.0,0.0,5.0,0.0,3.0,6.0,2.0,65.0,2.0,5.0,0.0,0.0,2.0
20250819-SSG_Landers-KT_Wiz,20250819SKKT0,36.0,12.0,0.3333333333333333,31.0,11.0,0.3548387096774194,김광현,4.0,72.0,4.0,8.0,1.0,2.0,2.0,3.333333333333333,77.0,1.0,3.0,0.0,4.0,2.0,오원석,6.0,78.0,1.0,5.0,0.0,1.0,7.0,2.333333333333333,58.0,3.0,7.0,1.0,0.0,2.0
20250819-Samsung_Lions-NC_Dinos,20250819SSNC0,32.0,6.0,0.1875,34.0,7.0,0.20588235294117646,후라도,8.0,98.0,2.0,6.0,0.0,2.0,5.0,1.0,18.0,0.0,1.0,0.0,0.0,1.0,라일리,5.0,86.0,2.0,2.0,1.0,3.0,5.0,2.6666666666666665,78.0,1.0,4.0,0.0,5.0,1.0
20250820-Doosan_Bears-Hanwha_Eagles,20250820OBHH0,42.0,16.0,0.38095238095238093,35.0,11.0,0.3142857142857143,곽빈,5.666666666666667,106.0,4.0,6.0,0.0,3.0,4.0,2.333333333333333,53.0,5.0,5.0,1.0,1.0,3.0,조동욱,2.3333333333333335,45.0,4.0,6.0,0.0,2.0,4.0,5.666666666666666,128.0,6.0,10.0,0.0,2.0,6.0
20250820-Kiwoom_Heroes-KIA_Tigers,20250820WOHT0,35.0,10.0,0.2857142857142857,31.0,5.0,0.16129032258064516,알칸타라,8.0,98.0,1.0,5.0,1.0,0.0,4.0,1.0,13.0,0.0,0.0,0.0,0.0,0.0,양현종,6.333333333333333,88.0,1.0,8.0,0.0,0.0,5.0,2.6666666666666665,39.0,2.0,2.0,0.0,0.0,1.0
20250820-Lotte_Giants-LG_Twins,20250820LTLG0,32.0,5.0,0.15625,31.0,9.0,0.2903225806451613,나균안,5.666666666666667,84.0,2.0,5.0,1.0,2.0,6.0,0.0,52.0,2.0,4.0,0.0,1.0,3.0,손주영,6.0,100.0,3.0,4.0,1.0,4.0,5.0,2.333333333333333,58.0,0.0,1.0,0.0,3.0,4.0
20250820-SSG_Landers-KT_Wiz,20250820SKKT0,39.0,15.0,0.38461538461538464,34.0,8.0,0.23529411764705882,문승원,5.666666666666667,92.0,3.0,5.0,1.0,2.0,1.0,3.333333333333333,51.0,0.0,3.0,0.0,0.0,5.0,배제성,4.333333333333333,80.0,5.0,11.0,0.0,0.0,1.0,4.666666666666666,59.0,0.0,4.0,0.0,2.0,1.0
20250820-Samsung_Lions-NC_Dinos,20250820SSNC0,33.0,9.0,0.2727272727272727,31.0,8.0,0.25806451612903225,원태인,6.0,96.0,1.0,5.0,0.0,2.0,4.0,2.333333333333333,59.0,2.0,3.0,1.0,2.0,3.0,목지훈,5.0,80.0,1.0,4.0,0.0,2.0,0.0,4.0,79.0,2.0,5.0,0.0,2.0,5.0
20250821-Doosan_Bears-Hanwha_Eagles,20250821OBHH0,34.0,10.0,0.29411764705882354,35.0,9.0,0.2571428571428571,잭로그,6.0,89.0,2.0,7.0,0.0,2.0,7.0,2.333333333333333,49.0,1.0,2.0,0.0,0.0,3.0,류현진,6.0,90.0,6.0,9.0,2.0,0.0,5.0,2.3333333333333335,34.0,0.0,1.0,0.0,1.0,2.0
20250821-Kiwoom_Heroes-KIA_Tigers,20250821WOHT0,41.0,16.0,0.3902439024390244,38.0,14.0,0.3684210526315789,메르세데스,6.333333333333333,103.0,5.0,6.0,2.0,2.0,8.0,1.3333333333333333,60.0,5.0,8.0,1.0,2.0,1.0,김도현,2.3333333333333335,66.0,10.0,10.0,1.0,1.0,1.0,5.666666666666666,100.0,1.0,6.0,0.0,2.0,4.0
20250821-Lotte_Giants-LG_Twins,20250821LTLG0,40.0,11.0,0.275,48.0,15.0,0.3125,이민석,5.0,96.0,3.0,4.0,0.0,4.0,1.0,4.666666666666666,101.0,3.0,11.0,2.0,1.0,6.0,치리노스,5.0,84.0,5.0,8.0,1.0,2.0,2.0,4.666666666666666,88.0,0.0,3.0,0.0,4.0,4.0
20250821-SSG_Landers-KT_Wiz,20250821SKKT0,37.0,12.0,0.32432432432432434,33.0,6.0,0.18181818181818182,앤더슨,6.0,94.0,0.0,4.0,0.0,3.0,7.0,2.0,63.0,0.0,2.0,0.0,3.0,2.0,고영표,6.0,100.0,2.0,4.0,0.0,2.0,6.0,2.0,64.0,4.0,8.0,0.0,1.0,4.0
20250821-Samsung_Lions-NC_Dinos,20250821SSNC0,35.0,11.0,0.3142857142857143,30.0,8.0,0.26666666666666666,가라비토,6.666666666666667,94.0,5.0,6.0,4.0,4.0,4.0,1.0,18.0,2.0,2.0,1.0,0.0,1.0,로건,5.666666666666667,97.0,3.0,6.0,0.0,2.0,3.0,2.6666666666666665,73.0,2.0,5.0,0.0,3.0,2.0
20250822-KT_Wiz-Doosan_Bears,20250822KTOB0,41.0,16.0,0.3902439024390244,40.0,14.0,0.35,헤이수스,5.666666666666667,103.0,8.0,11.0,1.0,2.0,5.0,3.333333333333333,36.0,0.0,3.0,0.0,0.0,2.0,최민석,4.333333333333333,88.0,5.0,8.0,0.0,1.0,4.0,3.333333333333333,102.0,8.0,8.0,1.0,3.0,2.0
20250822-Kiwoom_Heroes-Samsung_Lions,20250822WOSS0,32.0,7.0,0.21875,34.0,10.0,0.29411764705882354,하영민,4.0,70.0,8.0,8.0,1.0,2.0,1.0,4.0,54.0,0.0,2.0,0.0,2.0,0.0,양창섭,4.333333333333333,68.0,2.0,5.0,0.0,1.0,1.0,4.333333333333333,63.0,0.0,2.0,0.0,0.0,5.0
20250822-LG_Twins-KIA_Tigers,20250822LGHT0,36.0,12.0,0.3333333333333333,34.0,8.0,0.23529411764705882,송승기,5.0,97.0,1.0,4.0,0.0,3.0,4.0,4.0,69.0,1.0,4.0,1.0,1.0,3.0,이의리,4.0,78.0,7.0,9.0,2.0,3.0,4.0,5.0,106.0,7.0,3.0,1.0,7.0,1.0
20250822-Lotte_Giants-NC_Dinos,20250822LTNC0,36.0,10.0,0.2777777777777778,36.0,10.0,0.2777777777777778,박세웅,5.666666666666667,96.0,1.0,6.0,0.0,2.0,10.0,2.0,51.0,1.0,4.0,0.0,1.0,3.0,신민혁,5.0,92.0,5.0,6.0,1.0,1.0,4.0,4.0,60.0,1.0,4.0,0.0,3.0,4.0
20250822-SSG_Landers-Hanwha_Eagles,20250822SKHH0,37.0,7.0,0.1891891891891892,35.0,6.0,0.17142857142857143,최민준,5.666666666666667,77.0,0.0,5.0,0.0,1.0,3.0,5.333333333333334,66.0,0.0,1.0,0.0,0.0,3.0,폰세,7.0,96.0,0.0,3.0,0.0,1.0,9.0,3.0,61.0,1.0,4.0,0.0,2.0,1.0
20250823-KT_Wiz-Doosan_Bears,20250823KTOB0,37.0,12.0,0.32432432432432434,33.0,9.0,0.2727272727272727,패트릭,6.0,94.0,1.0,7.0,0.0,2.0,6.0,3.0,38.0,0.0,2.0,0.0,1.0,3.0,제환유,4.333333333333333,72.0,1.0,4.0,0.0,3.0,2.0,4.0,85.0,4.0,8.0,0.0,1.0,3.0
20250823-Kiwoom_Heroes-Samsung_Lions,20250823WOSS0,39.0,13.0,0.3333333333333333,37.0,14.0,0.3783783783783784,정현우,4.0,85.0,4.0,5.0,1.0,3.0,4.0,4.0,91.0,4.0,9.0,1.0,4.0,3.0,이승현,4.0,67.0,5.0,9.0,1.0,1.0,2.0,5.0,89.0,2.0,4.0,0.0,2.0,4.0
20250823-LG_Twins-KIA_Tigers,20250823LGHT0,34.0,9.0,0.2647058823529412,34.0,7.0,0.20588235294117646,임찬규,5.666666666666667,105.0,2.0,7.0,0.0,4.0,3.0,3.333333333333333,50.0,0.0,0.0,0.0,4.0,3.0,네일,5.0,87.0,4.0,8.0,1.0,2.0,2.0,4.0,62.0,0.0,1.0,0.0,1.0,3.0
20250823-Lotte_Giants-NC_Dinos,20250823LTNC0,33.0,7.0,0.21212121212121213,29.0,8.0,0.27586206896551724,감보아,5.0,100.0,3.0,6.0,0.0,5.0,6.0,3.0,37.0,0.0,2.0,0.0,1.0,3.0,김녹원,5.0,90.0,1.0,5.0,0.0,2.0,3.0,3.6666666666666665,77.0,0.0,2.0,0.0,4.0,3.0
20250823-SSG_Landers-Hanwha_Eagles,20250823SKHH0,33.0,6.0,0.18181818181818182,28.0,9.0,0.32142857142857145,화이트,7.0,108.0,4.0,9.0,0.0,2.0,6.0,1.0,8.0,0.0,0.0,0.0,1.0,0.0,황준서,6.0,86.0,0.0,3.0,0.0,0.0,6.0,2.0,35.0,0.0,3.0,0.0,1.0,2.0
20250824-KT_Wiz-Doosan_Bears,20250824KTOB0,32.0,7.0,0.21875,31.0,4.0,0.12903225806451613,소형준,7.0,97.0,1.0,3.0,0.0,2.0,6.0,1.3333333333333333,38.0,0.0,1.0,0.0,1.0,4.0,콜어빈,6.333333333333333,95.0,0.0,4.0,0.0,3.0,9.0,2.333333333333333,32.0,3.0,3.0,1.0,1.0,1.0
20250824-Kiwoom_Heroes-Samsung_Lions,20250824WOSS0,35.0,9.0,0.2571428571428571,34.0,11.0,0.3235294117647059,김연주,3.0,59.0,6.0,7.0,1.0,2.0,1.0,5.0,77.0,1.0,4.0,0.0,1.0,3.0,후라도,6.0,94.0,4.0,8.0,2.0,2.0,3.0,3.0,45.0,0.0,1.0,0.0,0.0,2.0
20250824-LG_Twins-KIA_Tigers,20250824LGHT0,33.0,7.0,0.21212121212121213,38.0,13.0,0.34210526315789475,톨허스트,5.0,95.0,1.0,6.0,1.0,2.0,6.0,3.333333333333333,90.0,0.0,7.0,0.0,3.0,3.0,올러,6.0,86.0,2.0,3.0,0.0,1.0,7.0,2.0,46.0,0.0,4.0,0.0,0.0,4.0
20250824-Lotte_Giants-NC_Dinos,20250824LTNC0,43.0,16.0,0.37209302325581395,33.0,6.0,0.18181818181818182,벨라스케즈,6.0,90.0,4.0,6.0,2.0,2.0,4.0,3.0,41.0,0.0,0.0,0.0,2.0,1.0,이준혁,1.3333333333333333,39.0,4.0,4.0,1.0,2.0,2.0,7.0,169.0,7.0,12.0,1.0,7.0,9.0
20250824-SSG_Landers-Hanwha_Eagles,20250824SKHH0,30.0,4.0,0.13333333333333333,30.0,8.0,0.26666666666666666,송영진,4.333333333333333,77.0,1.0,3.0,0.0,3.0,1.0,2.3333333333333335,68.0,3.0,5.0,1.0,1.0,1.0,와이스,6.0,98.0,2.0,3.0,1.0,3.0,9.0,3.0,49.0,0.0,1.0,0.0,2.0,2.0
20250826-Hanwha_Eagles-Kiwoom_Heroes,20250826HHWO0,33.0,8.0,0.24242424242424243,32.0,5.0,0.15625,류현진,6.0,86.0,1.0,4.0,0.0,0.0,7.0,2.0,53.0,0.0,1.0,0.0,2.0,3.0,알칸타라,7.0,96.0,1.0,5.0,0.0,0.0,7.0,2.0,32.0,2.0,3.0,1.0,1.0,1.0
20250826-KIA_Tigers-SSG_Landers,20250826HTSK0,39.0,12.0,0.3076923076923077,37.0,15.0,0.40540540540540543,양현종,3.6666666666666665,77.0,4.0,9.0,1.0,1.0,1.0,4.333333333333333,99.0,5.0,6.0,4.0,4.0,3.0,문승원,4.0,91.0,4.0,8.0,1.0,2.0,4.0,5.0,81.0,1.0,4.0,1.0,0.0,8.0
20250826-KT_Wiz-Lotte_Giants,20250826KTLT0,34.0,7.0,0.20588235294117646,29.0,9.0,0.3103448275862069,오원석,6.0,87.0,2.0,8.0,0.0,2.0,4.0,2.0,27.0,0.0,1.0,0.0,1.0,1.0,나균안,6.0,88.0,2.0,5.0,0.0,0.0,7.0,3.0,50.0,1.0,2.0,0.0,0.0,3.0
20250826-LG_Twins-NC_Dinos,20250826LGNC0,38.0,13.0,0.34210526315789475,39.0,16.0,0.41025641025641024,손주영,5.0,94.0,0.0,8.0,0.0,1.0,4.0,2.333333333333333,58.0,5.0,8.0,1.0,1.0,3.0,로건,3.6666666666666665,87.0,5.0,8.0,0.0,5.0,2.0,5.0,102.0,2.0,5.0,0.0,1.0,4.0
20250826-Samsung_Lions-Doosan_Bears,20250826SSOB0,32.0,10.0,0.3125,31.0,6.0,0.1935483870967742,원태인,6.0,89.0,0.0,2.0,0.0,1.0,6.0,3.0,57.0,2.0,4.0,1.0,2.0,3.0,곽빈,5.333333333333333,104.0,3.0,6.0,0.0,4.0,6.0,2.6666666666666665,80.0,3.0,4.0,2.0,4.0,0.0
20250827-Hanwha_Eagles-Kiwoom_Heroes,20250827HHWO0,32.0,6.0,0.1875,30.0,3.0,0.1,문동주,6.0,98.0,0.0,3.0,0.0,3.0,7.0,2.0,44.0,0.0,0.0,0.0,0.0,2.0,메르세데스,6.333333333333333,94.0,1.0,4.0,0.0,1.0,4.0,2.0,38.0,1.0,2.0,0.0,1.0,1.0
20250827-KIA_Tigers-SSG_Landers,20250827HTSK0,37.0,7.0,0.1891891891891892,39.0,10.0,0.2564102564102564,김도현,6.0,76.0,0.0,7.0,0.0,1.0,3.0,4.0,71.0,2.0,3.0,1.0,3.0,2.0,앤더슨,6.0,94.0,0.0,2.0,0.0,1.0,8.0,4.0,92.0,4.0,5.0,0.0,4.0,6.0
20250827-KT_Wiz-Lotte_Giants,20250827KTLT0,36.0,10.0,0.2777777777777778,36.0,12.0,0.3333333333333333,고영표,6.0,101.0,1.0,8.0,0.0,2.0,5.0,2.333333333333333,56.0,1.0,4.0,0.0,0.0,2.0,박세웅,5.666666666666667,96.0,4.0,6.0,1.0,2.0,3.0,2.6666666666666665,65.0,3.0,4.0,0.0,3.0,1.0
20250827-LG_Twins-NC_Dinos,20250827LGNC0,36.0,14.0,0.3888888888888889,36.0,9.0,0.25,치리노스,7.0,90.0,0.0,6.0,0.0,0.0,5.0,2.0,33.0,1.0,3.0,1.0,0.0,2.0,신영우,2.3333333333333335,66.0,4.0,2.0,1.0,5.0,2.0,6.666666666666666,128.0,6.0,12.0,0.0,3.0,3.0
20250827-Samsung_Lions-Doosan_Bears,20250827SSOB0,40.0,13.0,0.325,33.0,5.0,0.15151515151515152,가라비토,5.0,91.0,0.0,2.0,0.0,2.0,8.0,3.333333333333333,75.0,0.0,3.0,0.0,2.0,3.0,윤태호,3.0,70.0,6.0,4.0,1.0,2.0,3.0,5.333333333333333,145.0,7.0,9.0,2.0,5.0,5.0
20250828-Hanwha_Eagles-Kiwoom_Heroes,20250828HHWO0,43.0,15.0,0.3488372093023256,34.0,9.0,0.2647058823529412,폰세,5.0,99.0,3.0,7.0,1.0,3.0,9.0,4.0,71.0,0.0,2.0,0.0,3.0,7.0,하영민,3.3333333333333335,84.0,7.0,11.0,2.0,2.0,3.0,5.666666666666666,86.0,1.0,4.0,0.0,2.0,6.0
20250828-KIA_Tigers-SSG_Landers,20250828HTSK0,36.0,12.0,0.3333333333333333,32.0,5.0,0.15625,이의리,2.3333333333333335,78.0,4.0,2.0,0.0,7.0,5.0,6.0,96.0,2.0,3.0,1.0,2.0,9.0,최민준,1.6666666666666665,56.0,4.0,4.0,1.0,4.0,3.0,7.333333333333333,138.0,4.0,8.0,2.0,10.0,10.0
20250828-KT_Wiz-Lotte_Giants,20250828KTLT0,38.0,9.0,0.23684210526315788,40.0,9.0,0.225,헤이수스,6.0,101.0,0.0,4.0,0.0,3.0,7.0,4.0,70.0,2.0,5.0,1.0,3.0,4.0,감보아,6.0,99.0,0.0,4.0,0.0,4.0,6.0,3.333333333333333,88.0,2.0,5.0,0.0,2.0,6.0
20250828-LG_Twins-NC_Dinos,20250828LGNC0,35.0,10.0,0.2857142857142857,33.0,11.0,0.3333333333333333,송승기,5.0,84.0,3.0,8.0,2.0,1.0,2.0,4.0,48.0,0.0,3.0,0.0,1.0,4.0,신민혁,5.0,89.0,1.0,5.0,1.0,1.0,2.0,4.0,69.0,3.0,5.0,0.0,4.0,2.0
20250828-Samsung_Lions-Doosan_Bears,20250828SSOB0,36.0,11.0,0.3055555555555556,37.0,13.0,0.35135135135135137,최원태,3.0,53.0,6.0,9.0,1.0,1.0,2.0,6.0,108.0,1.0,4.0,0.0,5.0,7.0,최민석,4.666666666666667,91.0,4.0,5.0,0.0,3.0,2.0,4.666666666666666,82.0,2.0,6.0,0.0,1.0,4.0
20250829-Doosan_Bears-Lotte_Giants,20250829OBLT0,32.0,11.0,0.34375,32.0,5.0,0.15625,잭로그,6.0,97.0,0.0,2.0,0.0,3.0,6.0,2.0,55.0,1.0,3.0,0.0,1.0,4.0,벨라스케즈,5.0,106.0,5.0,6.0,1.0,6.0,7.0,3.6666666666666665,53.0,2.0,5.0,0.0,1.0,2.0
20250829-KIA_Tigers-KT_Wiz,20250829HTKT0,36.0,11.0,0.3055555555555556,31.0,4.0,0.12903225806451613,네일,7.0,98.0,1.0,3.0,0.0,1.0,5.0,2.0,24.0,0.0,1.0,0.0,0.0,3.0,패트릭,5.666666666666667,103.0,7.0,8.0,1.0,4.0,2.0,2.6666666666666665,62.0,3.0,3.0,2.0,3.0,3.0
20250829-Kiwoom_Heroes-LG_Twins,20250829WOLG0,37.0,9.0,0.24324324324324326,36.0,9.0,0.25,정현우,6.0,90.0,2.0,5.0,0.0,3.0,3.0,2.6666666666666665,50.0,0.0,4.0,0.0,2.0,2.0,임찬규,5.0,92.0,2.0,7.0,0.0,1.0,3.0,4.0,64.0,0.0,2.0,0.0,1.0,4.0
20250829-NC_Dinos-SSG_Landers,20250829NCSK0,29.0,2.0,0.06896551724137931,29.0,10.0,0.3448275862068966,김녹원,5.666666666666667,98.0,8.0,9.0,2.0,5.0,1.0,2.333333333333333,40.0,0.0,1.0,0.0,0.0,4.0,화이트,7.0,102.0,0.0,1.0,0.0,3.0,6.0,2.0,27.0,0.0,1.0,0.0,0.0,2.0
20250829-Samsung_Lions-Hanwha_Eagles,20250829SSHH0,40.0,12.0,0.3,33.0,5.0,0.15151515151515152,이승현,3.0,63.0,3.0,4.0,0.0,3.0,2.0,6.0,93.0,0.0,1.0,0.0,1.0,8.0,황준서,2.0,44.0,5.0,7.0,1.0,0.0,3.0,6.0,123.0,0.0,5.0,0.0,3.0,4.0
20250830-Doosan_Bears-Lotte_Giants,20250830OBLT0,43.0,12.0,0.27906976744186046,39.0,10.0,0.2564102564102564,콜어빈,4.333333333333333,103.0,6.0,7.0,0.0,6.0,6.0,5.333333333333333,110.0,2.0,3.0,1.0,4.0,8.0,이민석,4.333333333333333,76.0,5.0,6.0,1.0,3.0,4.0,6.333333333333333,107.0,3.0,6.0,0.0,1.0,8.0
20250830-KIA_Tigers-KT_Wiz,20250830HTKT0,31.0,3.0,0.0967741935483871,31.0,9.0,0.2903225806451613,올러,4.333333333333333,100.0,4.0,5.0,1.0,5.0,4.0,3.0,93.0,4.0,4.0,0.0,6.0,2.0,문용익,5.0,73.0,0.0,0.0,0.0,1.0,8.0,4.0,73.0,1.0,3.0,0.0,1.0,2.0
20250830-Kiwoom_Heroes-LG_Twins,20250830WOLG0,34.0,9.0,0.2647058823529412,34.0,13.0,0.38235294117647056,박정훈,3.0,64.0,4.0,7.0,0.0,0.0,0.0,5.0,70.0,2.0,6.0,0.0,0.0,4.0,톨허스트,7.0,102.0,0.0,3.0,0.0,4.0,6.0,1.3333333333333333,68.0,4.0,6.0,0.0,2.0,2.0
20250830-NC_Dinos-SSG_Landers,20250830NCSK0,39.0,16.0,0.41025641025641024,32.0,5.0,0.15625,라일리,6.0,79.0,1.0,3.0,1.0,0.0,6.0,3.0,35.0,0.0,2.0,0.0,1.0,2.0,김광현,4.0,83.0,5.0,7.0,0.0,2.0,3.0,5.0,105.0,7.0,9.0,1.0,6.0,1.0
20250830-Samsung_Lions-Hanwha_Eagles,20250830SSHH0,33.0,9.0,0.2727272727272727,26.0,3.0,0.11538461538461539,후라도,7.0,93.0,0.0,2.0,0.0,3.0,3.0,2.0,36.0,0.0,1.0,0.0,0.0,1.0,와이스,6.0,98.0,2.0,4.0,0.0,3.0,4.0,3.0,59.0,2.0,5.0,0.0,3.0,2.0
20250831-Doosan_Bears-Lotte_Giants,20250831OBLT0,35.0,11.0,0.3142857142857143,32.0,9.0,0.28125,곽빈,5.0,91.0,3.0,6.0,1.0,2.0,8.0,3.0,58.0,2.0,3.0,0.0,4.0,1.0,나균안,3.0,56.0,0.0,4.0,0.0,1.0,2.0,4.666666666666666,93.0,1.0,7.0,0.0,2.0,5.0
20250831-KIA_Tigers-KT_Wiz,20250831HTKT0,35.0,10.0,0.2857142857142857,34.0,11.0,0.3235294117647059,양현종,4.333333333333333,90.0,4.0,6.0,0.0,3.0,2.0,3.6666666666666665,90.0,3.0,5.0,0.0,3.0,4.0,오원석,5.0,97.0,3.0,6.0,1.0,2.0,4.0,3.0,69.0,3.0,4.0,1.0,2.0,6.0
20250831-Kiwoom_Heroes-LG_Twins,20250831WOLG0,37.0,9.0,0.24324324324324326,34.0,10.0,0.29411764705882354,알칸타라,6.0,91.0,2.0,6.0,0.0,0.0,4.0,3.0,43.0,3.0,4.0,0.0,0.0,2.0,손주영,5.0,95.0,4.0,8.0,0.0,3.0,3.0,4.0,59.0,0.0,1.0,0.0,2.0,8.0
20250831-NC_Dinos-SSG_Landers,20250831NCSK0,40.0,14.0,0.35,36.0,14.0,0.3888888888888889,로건,2.6666666666666665,59.0,4.0,6.0,1.0,0.0,3.0,4.666666666666666,107.0,6.0,8.0,2.0,4.0,5.0,문승원,4.0,71.0,3.0,5.0,0.0,2.0,1.0,4.0,111.0,5.0,9.0,3.0,4.0,6.0
20250831-Samsung_Lions-Hanwha_Eagles,20250831SSHH0,33.0,6.0,0.18181818181818182,32.0,8.0,0.25,원태인,6.0,88.0,3.0,6.0,1.0,4.0,2.0,3.0,44.0,0.0,2.0,0.0,0.0,5.0,김기중,2.3333333333333335,52.0,3.0,3.0,0.0,4.0,1.0,6.666666666666666,100.0,2.0,3.0,2.0,3.0,7.0
20250902-KIA_Tigers-Hanwha_Eagles,20250902HTHH0,34.0,10.0,0.29411764705882354,43.0,21.0,0.4883720930232558,김도현,4.333333333333333,69.0,7.0,9.0,1.0,1.0,2.0,3.0,107.0,14.0,12.0,2.0,6.0,5.0,류현진,6.0,102.0,2.0,7.0,1.0,0.0,4.0,3.0,65.0,1.0,3.0,0.0,4.0,3.0
20250902-Kiwoom_Heroes-SSG_Landers,20250902WOSK0,32.0,5.0,0.15625,37.0,15.0,0.40540540540540543,메르세데스,5.666666666666667,93.0,4.0,12.0,1.0,0.0,6.0,2.333333333333333,42.0,1.0,3.0,0.0,1.0,1.0,앤더슨,5.0,96.0,1.0,3.0,0.0,2.0,8.0,4.0,55.0,0.0,2.0,0.0,1.0,5.0
20250902-Lotte_Giants-LG_Twins,20250902LTLG0,32.0,6.0,0.1875,30.0,8.0,0.26666666666666666,박세웅,6.666666666666667,99.0,2.0,7.0,0.0,0.0,4.0,0.0,29.0,1.0,1.0,0.0,1.0,0.0,치리노스,7.0,101.0,0.0,3.0,0.0,2.0,4.0,2.0,45.0,2.0,3.0,0.0,2.0,3.0
20250902-NC_Dinos-KT_Wiz,20250902NCKT0,39.0,14.0,0.358974358974359,33.0,7.0,0.21212121212121213,김태경,1.3333333333333333,40.0,4.0,4.0,2.0,1.0,0.0,7.666666666666666,105.0,0.0,3.0,0.0,2.0,6.0,고영표,5.0,93.0,5.0,8.0,0.0,3.0,6.0,4.0,75.0,4.0,6.0,2.0,2.0,6.0
20250903-Kiwoom_Heroes-Samsung_Lions,20250903WOSS0,36.0,10.0,0.2777777777777778,30.0,5.0,0.16666666666666666,하영민,5.666666666666667,90.0,0.0,3.0,0.0,0.0,3.0,3.333333333333333,54.0,2.0,2.0,0.0,3.0,5.0,가라비토,5.0,98.0,3.0,6.0,0.0,1.0,5.0,4.0,53.0,1.0,4.0,1.0,1.0,2.0
20250903-Lotte_Giants-KT_Wiz,20250903LTKT0,39.0,12.0,0.3076923076923077,38.0,14.0,0.3684210526315789,감보아,5.333333333333333,106.0,4.0,6.0,1.0,5.0,9.0,2.333333333333333,91.0,4.0,8.0,2.0,3.0,5.0,헤이수스,6.0,105.0,2.0,6.0,0.0,1.0,8.0,2.0,69.0,6.0,6.0,0.0,2.0,3.0
20250903-NC_Dinos-Hanwha_Eagles,20250903NCHH0,41.0,13.0,0.3170731707317073,37.0,15.0,0.40540540540540543,신민혁,2.3333333333333335,47.0,2.0,6.0,1.0,2.0,2.0,5.0,120.0,4.0,9.0,0.0,4.0,5.0,폰세,6.0,94.0,3.0,7.0,0.0,3.0,8.0,3.0,64.0,2.0,6.0,0.0,3.0,2.0
20250903-SSG_Landers-KIA_Tigers,20250903SKHT0,40.0,13.0,0.325,32.0,9.0,0.28125,최민준,3.3333333333333335,56.0,1.0,5.0,0.0,0.0,1.0,4.666666666666666,77.0,0.0,4.0,0.0,1.0,7.0,네일,5.0,94.0,2.0,10.0,0.0,2.0,5.0,3.333333333333333,69.0,0.0,3.0,0.0,1.0,4.0
20250904-Doosan_Bears-NC_Dinos,20250904OBNC0,36.0,15.0,0.4166666666666667,32.0,4.0,0.125,최민석,3.3333333333333335,78.0,3.0,4.0,1.0,4.0,3.0,5.666666666666666,64.0,0.0,0.0,0.0,0.0,6.0,김녹원,5.0,90.0,3.0,5.0,1.0,4.0,1.0,3.0,88.0,9.0,10.0,0.0,5.0,3.0
20250904-LG_Twins-KT_Wiz,20250904LGKT0,39.0,15.0,0.38461538461538464,34.0,10.0,0.29411764705882354,송승기,5.0,87.0,3.0,6.0,1.0,1.0,5.0,4.0,72.0,4.0,4.0,1.0,3.0,2.0,문용익,3.0,70.0,1.0,4.0,0.0,3.0,3.0,5.0,109.0,9.0,11.0,2.0,3.0,3.0
20250905-Doosan_Bears-NC_Dinos,20250905OBNC0,41.0,12.0,0.2926829268292683,40.0,10.0,0.25,잭로그,5.0,88.0,0.0,5.0,0.0,1.0,4.0,3.0,92.0,3.0,5.0,1.0,3.0,2.0,로건,6.0,99.0,3.0,5.0,0.0,2.0,6.0,2.0,95.0,6.0,7.0,1.0,3.0,1.0
20250905-Kiwoom_Heroes-Samsung_Lions,20250905WOSS0,33.0,7.0,0.21212121212121213,34.0,9.0,0.2647058823529412,정현우,2.0,49.0,5.0,5.0,1.0,3.0,1.0,6.0,103.0,2.0,4.0,1.0,4.0,2.0,최원태,3.0,49.0,3.0,6.0,1.0,0.0,2.0,6.0,82.0,0.0,1.0,0.0,0.0,5.0
20250905-Lotte_Giants-SSG_Landers,20250905LTSK0,35.0,6.0,0.17142857142857143,32.0,11.0,0.34375,벨라스케즈,4.333333333333333,84.0,6.0,7.0,3.0,3.0,5.0,3.0,60.0,1.0,4.0,1.0,1.0,2.0,화이트,5.666666666666667,102.0,2.0,6.0,2.0,3.0,8.0,2.333333333333333,40.0,0.0,0.0,0.0,1.0,4.0
20250906-Hanwha_Eagles-Samsung_Lions,20250906HHSS0,38.0,14.0,0.3684210526315789,32.0,7.0,0.21875,문동주,6.333333333333333,98.0,2.0,4.0,1.0,1.0,9.0,1.6666666666666665,45.0,2.0,3.0,0.0,2.0,2.0,이승현,1.6666666666666665,49.0,3.0,5.0,0.0,3.0,2.0,5.333333333333333,121.0,3.0,9.0,0.0,3.0,5.0
20250906-KIA_Tigers-NC_Dinos,20250906HTNC0,38.0,13.0,0.34210526315789475,31.0,5.0,0.16129032258064516,올러,7.0,107.0,2.0,4.0,0.0,3.0,8.0,2.0,26.0,1.0,1.0,1.0,0.0,1.0,라일리,4.0,85.0,4.0,7.0,1.0,3.0,6.0,4.0,113.0,4.0,6.0,0.0,5.0,6.0
20250907-Hanwha_Eagles-Samsung_Lions,20250907HHSS0,35.0,10.0,0.2857142857142857,30.0,7.0,0.23333333333333334,황준서,3.0,57.0,2.0,2.0,0.0,2.0,4.0,3.333333333333333,69.0,2.0,5.0,1.0,0.0,9.0,원태인,6.333333333333333,100.0,3.0,7.0,0.0,5.0,2.0,2.333333333333333,45.0,0.0,3.0,0.0,3.0,2.0
20250907-KIA_Tigers-NC_Dinos,20250907HTNC0,36.0,9.0,0.25,28.0,4.0,0.14285714285714285,양현종,6.0,93.0,2.0,4.0,0.0,1.0,5.0,2.0,32.0,0.0,0.0,0.0,0.0,3.0,구창모,3.0,50.0,0.0,4.0,0.0,0.0,2.0,5.0,109.0,1.0,5.0,1.0,5.0,5.0
20250907-SSG_Landers-LG_Twins,20250907SKLG0,38.0,12.0,0.3157894736842105,36.0,11.0,0.3055555555555556,김광현,5.0,83.0,3.0,7.0,0.0,0.0,3.0,3.6666666666666665,60.0,0.0,4.0,0.0,0.0,0.0,임찬규,5.0,91.0,4.0,6.0,1.0,1.0,4.0,2.0,74.0,2.0,6.0,0.0,1.0,3.0
20250909-Doosan_Bears-KT_Wiz,20250909OBKT0,36.0,11.0,0.3055555555555556,31.0,7.0,0.22580645161290322,곽빈,6.333333333333333,91.0,5.0,5.0,1.0,1.0,7.0,1.0,36.0,0.0,2.0,1.0,2.0,0.0,소형준,6.0,79.0,1.0,8.0,0.0,0.0,6.0,3.0,41.0,0.0,3.0,0.0,0.0,6.0
20250909-Hanwha_Eagles-Lotte_Giants,20250909HHLT0,43.0,16.0,0.37209302325581395,29.0,3.0,0.10344827586206896,와이스,6.0,99.0,1.0,2.0,0.0,5.0,5.0,3.0,40.0,0.0,1.0,0.0,0.0,2.0,박세웅,4.0,82.0,4.0,7.0,0.0,2.0,3.0,4.333333333333333,92.0,4.0,9.0,1.0,1.0,2.0
20250909-LG_Twins-Kiwoom_Heroes,20250909LGWO0,30.0,6.0,0.2,33.0,12.0,0.36363636363636365,톨허스트,4.0,89.0,5.0,7.0,1.0,4.0,2.0,4.0,81.0,6.0,5.0,0.0,3.0,3.0,알칸타라,6.0,93.0,2.0,5.0,0.0,1.0,2.0,3.0,32.0,0.0,1.0,0.0,0.0,1.0
20250910-Hanwha_Eagles-Lotte_Giants,20250910HHLT0,43.0,13.0,0.3023255813953488,31.0,4.0,0.12903225806451613,류현진,6.0,88.0,0.0,2.0,0.0,1.0,5.0,3.0,44.0,0.0,2.0,0.0,1.0,2.0,감보아,4.0,80.0,3.0,8.0,0.0,3.0,4.0,4.0,80.0,2.0,5.0,1.0,1.0,3.0
20250910-LG_Twins-Doosan_Bears,20250910LGOB0,33.0,10.0,0.30303030303030304,34.0,8.0,0.23529411764705882,손주영,7.0,98.0,3.0,6.0,1.0,2.0,7.0,2.0,26.0,1.0,2.0,0.0,0.0,3.0,콜어빈,4.333333333333333,86.0,5.0,7.0,0.0,3.0,2.0,4.0,78.0,3.0,3.0,0.0,2.0,3.0
20250910-SSG_Landers-NC_Dinos,20250910SKNC0,34.0,9.0,0.2647058823529412,28.0,6.0,0.21428571428571427,앤더슨,6.0,89.0,2.0,4.0,1.0,0.0,11.0,2.0,36.0,2.0,2.0,0.0,1.0,2.0,신민혁,4.333333333333333,83.0,2.0,6.0,0.0,2.0,3.0,2.6666666666666665,78.0,2.0,3.0,0.0,3.0,5.0
20250910-Samsung_Lions-KIA_Tigers,20250910SSHT0,31.0,7.0,0.22580645161290322,29.0,8.0,0.27586206896551724,가라비토,6.0,96.0,1.0,4.0,0.0,2.0,8.0,2.0,53.0,3.0,4.0,0.0,2.0,2.0,네일,5.0,97.0,0.0,3.0,0.0,5.0,5.0,3.0,92.0,0.0,4.0,0.0,3.0,4.0
20250911-KT_Wiz-LG_Twins,20250911KTLG0,36.0,10.0,0.2777777777777778,38.0,12.0,0.3157894736842105,헤이수스,4.0,69.0,3.0,8.0,0.0,1.0,1.0,4.666666666666666,91.0,0.0,4.0,0.0,2.0,6.0,치리노스,6.0,75.0,2.0,5.0,0.0,0.0,2.0,2.0,78.0,3.0,5.0,0.0,3.0,6.0
20250911-Lotte_Giants-KIA_Tigers,20250911LTHT0,35.0,12.0,0.34285714285714286,30.0,6.0,0.2,나균안,4.0,70.0,3.0,5.0,1.0,2.0,3.0,5.0,83.0,0.0,1.0,0.0,2.0,6.0,김도현,1.0,30.0,1.0,2.0,0.0,1.0,0.0,7.0,122.0,3.0,10.0,0.0,3.0,4.0
20250911-NC_Dinos-Kiwoom_Heroes,20250911NCWO0,29.0,3.0,0.10344827586206896,31.0,7.0,0.22580645161290322,로건,4.0,82.0,3.0,5.0,0.0,2.0,5.0,2.333333333333333,72.0,1.0,2.0,1.0,2.0,4.0,메르세데스,5.0,95.0,1.0,2.0,0.0,2.0,4.0,4.0,50.0,0.0,1.0,0.0,0.0,2.0
20250911-SSG_Landers-Samsung_Lions,20250911SKSS0,38.0,12.0,0.3157894736842105,30.0,7.0,0.23333333333333334,화이트,4.666666666666667,71.0,4.0,7.0,2.0,2.0,3.0,3.6666666666666665,72.0,0.0,0.0,0.0,3.0,4.0,후라도,7.0,96.0,3.0,8.0,0.0,0.0,6.0,1.0,48.0,5.0,4.0,2.0,3.0,1.0
20250912-Doosan_Bears-KIA_Tigers,20250912OBHT0,34.0,8.0,0.23529411764705882,34.0,9.0,0.2647058823529412,잭로그,5.0,90.0,2.0,4.0,0.0,2.0,5.0,3.0,76.0,3.0,5.0,1.0,2.0,5.0,올러,6.0,96.0,4.0,6.0,3.0,2.0,8.0,3.0,39.0,0.0,2.0,0.0,1.0,2.0
20250913-Doosan_Bears-NC_Dinos,20250913OBNC0,37.0,9.0,0.24324324324324326,32.0,8.0,0.25,최민석,5.666666666666667,93.0,3.0,5.0,1.0,2.0,4.0,2.0,46.0,3.0,3.0,1.0,1.0,2.0,김녹원,3.6666666666666665,82.0,2.0,4.0,2.0,3.0,0.0,4.333333333333333,96.0,1.0,5.0,0.0,3.0,7.0
20250913-KIA_Tigers-LG_Twins,20250913HTLG0,39.0,13.0,0.3333333333333333,29.0,5.0,0.1724137931034483,이의리,6.0,97.0,2.0,3.0,1.0,5.0,3.0,3.0,43.0,1.0,2.0,0.0,1.0,5.0,임찬규,6.0,87.0,2.0,8.0,2.0,0.0,5.0,1.3333333333333333,61.0,1.0,5.0,0.0,2.0,5.0
20250913-KT_Wiz-Samsung_Lions,20250913KTSS0,29.0,4.0,0.13793103448275862,31.0,6.0,0.1935483870967742,고영표,6.0,90.0,3.0,6.0,1.0,3.0,3.0,3.0,42.0,0.0,0.0,0.0,1.0,4.0,원태인,6.0,86.0,2.0,1.0,1.0,2.0,4.0,0.0,54.0,3.0,3.0,1.0,3.0,3.0
20250913-Kiwoom_Heroes-Hanwha_Eagles,20250913WOHH0,38.0,14.0,0.3684210526315789,35.0,13.0,0.37142857142857144,하영민,4.0,52.0,2.0,3.0,0.0,2.0,3.0,4.0,101.0,5.0,10.0,2.0,4.0,1.0,폰세,6.0,94.0,0.0,6.0,0.0,0.0,8.0,2.333333333333333,64.0,5.0,8.0,0.0,1.0,1.0
20250913-SSG_Landers-Lotte_Giants,20250913SKLT0,41.0,16.0,0.3902439024390244,39.0,18.0,0.46153846153846156,김광현,1.3333333333333333,47.0,4.0,5.0,1.0,2.0,3.0,5.333333333333333,152.0,8.0,13.0,1.0,5.0,4.0,벨라스케즈,0.0,36.0,5.0,5.0,1.0,1.0,2.0,7.666666666666666,124.0,6.0,11.0,2.0,3.0,8.0
20250914-Doosan_Bears-NC_Dinos,20250914OBNC0,30.0,3.0,0.1,26.0,7.0,0.2692307692307692,김민규,3.0,58.0,5.0,5.0,1.0,3.0,1.0,5.0,77.0,1.0,2.0,0.0,2.0,5.0,라일리,6.0,86.0,0.0,2.0,0.0,1.0,10.0,3.0,31.0,0.0,1.0,0.0,1.0,2.0
20250914-KIA_Tigers-LG_Twins,20250914HTLG0,29.0,2.0,0.06896551724137931,35.0,14.0,0.4,양현종,2.0,67.0,5.0,5.0,0.0,5.0,2.0,6.0,131.0,9.0,9.0,0.0,5.0,6.0,톨허스트,6.0,95.0,0.0,2.0,0.0,2.0,5.0,3.0,36.0,0.0,0.0,0.0,0.0,4.0
20250914-KT_Wiz-Samsung_Lions,20250914KTSS0,29.0,4.0,0.13793103448275862,31.0,10.0,0.3225806451612903,오원석,5.0,82.0,4.0,7.0,2.0,1.0,5.0,2.333333333333333,44.0,2.0,3.0,1.0,1.0,2.0,이승현,2.3333333333333335,55.0,2.0,4.0,1.0,5.0,0.0,6.666666666666667,69.0,0.0,0.0,0.0,1.0,5.0
20250914-Kiwoom_Heroes-Hanwha_Eagles,20250914WOHH0,45.0,20.0,0.4444444444444444,39.0,12.0,0.3076923076923077,정현우,3.0,71.0,5.0,7.0,0.0,3.0,2.0,4.333333333333333,113.0,5.0,5.0,1.0,6.0,3.0,문동주,3.3333333333333335,71.0,8.0,9.0,0.0,0.0,3.0,5.0,122.0,5.0,11.0,1.0,1.0,8.0
20250915-Kiwoom_Heroes-Hanwha_Eagles,20250915WOHH0,34.0,9.0,0.2647058823529412,32.0,11.0,0.34375,박정훈,3.6666666666666665,76.0,6.0,4.0,0.0,7.0,3.0,4.333333333333334,59.0,1.0,7.0,0.0,2.0,3.0,정우주,2.3333333333333335,54.0,2.0,3.0,0.0,2.0,4.0,5.666666666666666,117.0,4.0,6.0,0.0,3.0,6.0
20250916-Hanwha_Eagles-KIA_Tigers,20250916HHHT0,36.0,12.0,0.3333333333333333,31.0,5.0,0.16129032258064516,와이스,6.0,95.0,1.0,4.0,0.0,2.0,10.0,3.0,41.0,0.0,1.0,0.0,0.0,5.0,김태형,4.0,70.0,1.0,4.0,0.0,2.0,0.0,3.0,125.0,9.0,8.0,2.0,3.0,4.0
20250916-Kiwoom_Heroes-Doosan_Bears,20250916WOOB0,31.0,8.0,0.25806451612903225,34.0,7.0,0.20588235294117646,알칸타라,7.0,91.0,0.0,5.0,0.0,0.0,3.0,2.0,45.0,0.0,2.0,0.0,2.0,4.0,곽빈,5.0,93.0,3.0,6.0,0.0,3.0,6.0,4.0,62.0,1.0,2.0,0.0,3.0,3.0
20250916-LG_Twins-KT_Wiz,20250916LGKT0,39.0,14.0,0.358974358974359,36.0,9.0,0.25,손주영,2.6666666666666665,51.0,1.0,3.0,0.0,2.0,4.0,5.333333333333333,123.0,5.0,6.0,1.0,5.0,11.0,헤이수스,3.0,36.0,2.0,3.0,1.0,0.0,1.0,6.0,137.0,8.0,11.0,3.0,5.0,3.0
20250916-Lotte_Giants-Samsung_Lions,20250916LTSS0,36.0,10.0,0.2777777777777778,30.0,9.0,0.3,박진,3.0,56.0,2.0,1.0,0.0,3.0,2.0,2.0,77.0,5.0,8.0,1.0,2.0,5.0,가라비토,5.0,107.0,0.0,3.0,0.0,7.0,6.0,3.333333333333333,91.0,3.0,7.0,0.0,2.0,5.0
20250916-SSG_Landers-NC_Dinos,20250916SKNC0,39.0,11.0,0.28205128205128205,29.0,3.0,0.10344827586206896,앤더슨,6.0,85.0,2.0,2.0,1.0,5.0,8.0,3.0,45.0,1.0,1.0,1.0,1.0,3.0,로건,6.666666666666667,94.0,6.0,7.0,5.0,0.0,9.0,1.6666666666666665,56.0,1.0,4.0,0.0,1.0,2.0
20250917-Hanwha_Eagles-KIA_Tigers,20250917HHHT0,36.0,12.0,0.3333333333333333,34.0,9.0,0.2647058823529412,류현진,5.0,93.0,2.0,7.0,1.0,1.0,8.0,4.0,44.0,0.0,2.0,0.0,0.0,2.0,김건국,2.6666666666666665,56.0,2.0,6.0,2.0,0.0,1.0,5.333333333333334,82.0,1.0,6.0,0.0,1.0,5.0
20250917-Kiwoom_Heroes-Doosan_Bears,20250917WOOB0,32.0,7.0,0.21875,33.0,7.0,0.21212121212121213,메르세데스,7.0,93.0,1.0,5.0,1.0,0.0,6.0,1.0,45.0,1.0,2.0,0.0,2.0,2.0,콜어빈,5.333333333333333,95.0,2.0,3.0,0.0,5.0,5.0,2.6666666666666665,55.0,1.0,4.0,1.0,0.0,3.0
20250917-SSG_Landers-NC_Dinos-G2,20250917SKNC0,33.0,7.0,0.21212121212121213,27.0,8.0,0.2962962962962963,문승원,4.666666666666667,81.0,2.0,5.0,1.0,1.0,6.0,3.0,52.0,2.0,3.0,0.0,1.0,2.0,신민혁,5.333333333333333,78.0,0.0,4.0,0.0,0.0,5.0,3.0,51.0,0.0,3.0,0.0,2.0,5.0
20250918-Hanwha_Eagles-KIA_Tigers,20250918HHHT0,31.0,8.0,0.25806451612903225,31.0,6.0,0.1935483870967742,윤산흠,3.0,35.0,0.0,0.0,0.0,1.0,3.0,5.0,115.0,3.0,6.0,1.0,2.0,6.0,올러,7.0,101.0,1.0,3.0,1.0,3.0,5.0,1.0,47.0,2.0,5.0,0.0,0.0,1.0
20250918-Kiwoom_Heroes-Doosan_Bears,20250918WOOB0,33.0,6.0,0.18181818181818182,31.0,9.0,0.2903225806451613,하영민,7.0,93.0,1.0,4.0,0.0,3.0,6.0,1.0,24.0,2.0,5.0,0.0,1.0,0.0,잭로그,6.0,98.0,1.0,6.0,0.0,1.0,7.0,2.0,46.0,0.0,0.0,0.0,1.0,2.0
20250918-LG_Twins-KT_Wiz,20250918LGKT1,38.0,13.0,0.34210526315789475,33.0,7.0,0.21212121212121213,치리노스,6.0,102.0,2.0,7.0,1.0,1.0,4.0,3.0,37.0,0.0,0.0,0.0,0.0,2.0,소형준,5.333333333333333,89.0,3.0,10.0,0.0,1.0,5.0,3.0,56.0,3.0,3.0,1.0,3.0,2.0
20250918-LG_Twins-KT_Wiz-G2,20250918LGKT2,47.0,18.0,0.3829787234042553,34.0,7.0,0.20588235294117646,송승기,6.0,88.0,1.0,5.0,0.0,1.0,8.0,3.0,39.0,0.0,2.0,0.0,0.0,2.0,패트릭,4.0,89.0,4.0,8.0,0.0,2.0,2.0,5.0,103.0,7.0,10.0,0.0,3.0,3.0
20250918-Samsung_Lions-NC_Dinos,20250918SSNC0,36.0,12.0,0.3333333333333333,33.0,8.0,0.24242424242424243,후라도,6.0,94.0,4.0,5.0,0.0,2.0,1.0,2.3333333333333335,48.0,1.0,3.0,0.0,2.0,2.0,구창모,3.0,49.0,0.0,1.0,0.0,0.0,4.0,5.0,127.0,8.0,11.0,2.0,7.0,4.0
20250919-Lotte_Giants-NC_Dinos,20250919LTNC0,51.0,23.0,0.45098039215686275,29.0,5.0,0.1724137931034483,나균안,3.3333333333333335,77.0,0.0,2.0,0.0,4.0,3.0,4.666666666666666,92.0,2.0,3.0,0.0,4.0,5.0,라일리,4.666666666666667,101.0,3.0,8.0,1.0,2.0,3.0,4.0,118.0,12.0,15.0,2.0,5.0,5.0
20250920-Doosan_Bears-SSG_Landers,20250920OBSK0,34.0,8.0,0.23529411764705882,39.0,15.0,0.38461538461538464,최민석,3.0,75.0,5.0,7.0,0.0,3.0,2.0,5.0,99.0,6.0,8.0,2.0,3.0,4.0,화이트,7.0,105.0,2.0,6.0,0.0,1.0,8.0,1.3333333333333333,27.0,0.0,2.0,0.0,0.0,1.0
20250920-Hanwha_Eagles-KT_Wiz,20250920HHKT0,34.0,8.0,0.23529411764705882,29.0,6.0,0.20689655172413793,폰세,5.0,99.0,4.0,5.0,1.0,4.0,6.0,3.0,37.0,0.0,1.0,0.0,0.0,4.0,고영표,7.0,102.0,2.0,7.0,0.0,1.0,3.0,1.3333333333333333,34.0,0.0,1.0,0.0,1.0,4.0
20250920-Kiwoom_Heroes-Lotte_Giants,20250920WOLT0,48.0,21.0,0.4375,34.0,9.0,0.2647058823529412,박정훈,0.0,32.0,2.0,0.0,0.0,6.0,0.0,8.333333333333334,153.0,3.0,9.0,0.0,5.0,6.0,감보아,3.3333333333333335,84.0,7.0,9.0,1.0,1.0,2.0,5.0,127.0,7.0,12.0,1.0,5.0,1.0
20250920-NC_Dinos-KIA_Tigers,20250920NCHT0,33.0,8.0,0.24242424242424243,30.0,6.0,0.2,김녹원,3.3333333333333335,74.0,3.0,4.0,2.0,2.0,4.0,4.666666666666666,112.0,2.0,2.0,0.0,6.0,7.0,양현종,5.333333333333333,86.0,3.0,5.0,0.0,3.0,3.0,2.6666666666666665,63.0,0.0,3.0,0.0,1.0,3.0
20250920-Samsung_Lions-LG_Twins,20250920SSLG0,42.0,17.0,0.40476190476190477,36.0,9.0,0.25,원태인,6.0,96.0,3.0,8.0,0.0,0.0,4.0,3.0,47.0,0.0,1.0,0.0,1.0,3.0,톨허스트,3.0,71.0,6.0,9.0,0.0,2.0,6.0,4.666666666666666,144.0,8.0,8.0,2.0,8.0,2.0
20250921-Doosan_Bears-SSG_Landers,20250921OBSK0,33.0,9.0,0.2727272727272727,30.0,9.0,0.3,최승용,3.6666666666666665,75.0,6.0,7.0,1.0,2.0,4.0,3.3333333333333335,61.0,0.0,2.0,0.0,1.0,5.0,김광현,5.0,76.0,3.0,8.0,1.0,0.0,7.0,4.0,39.0,0.0,1.0,0.0,0.0,3.0
20250921-NC_Dinos-KIA_Tigers,20250921NCHT0,33.0,6.0,0.18181818181818182,36.0,11.0,0.3055555555555556,김태경,4.333333333333333,79.0,3.0,5.0,0.0,2.0,4.0,3.3333333333333335,97.0,3.0,6.0,0.0,3.0,3.0,이의리,4.0,89.0,0.0,1.0,0.0,4.0,7.0,3.0,118.0,5.0,5.0,0.0,8.0,4.0
20250921-Samsung_Lions-KT_Wiz,20250921SSKT0,36.0,12.0,0.3333333333333333,30.0,10.0,0.3333333333333333,양창섭,2.0,49.0,2.0,4.0,0.0,3.0,2.0,3.6666666666666665,93.0,4.0,6.0,2.0,4.0,3.0,헤이수스,6.0,91.0,1.0,6.0,0.0,1.0,6.0,3.0,50.0,2.0,6.0,0.0,0.0,2.0
20250922-Doosan_Bears-SSG_Landers,20250922OBSK0,41.0,14.0,0.34146341463414637,35.0,8.0,0.22857142857142856,곽빈,5.0,90.0,0.0,4.0,0.0,2.0,11.0,2.0,91.0,2.0,4.0,0.0,3.0,5.0,앤더슨,4.333333333333333,88.0,3.0,6.0,1.0,1.0,7.0,3.0,94.0,5.0,8.0,0.0,2.0,5.0
20250923-Doosan_Bears-Samsung_Lions,20250923OBSS0,37.0,12.0,0.32432432432432434,33.0,9.0,0.2727272727272727,콜어빈,5.333333333333333,99.0,5.0,8.0,2.0,2.0,5.0,1.0,41.0,1.0,1.0,0.0,3.0,2.0,가라비토,4.0,73.0,4.0,6.0,0.0,3.0,2.0,5.0,98.0,1.0,6.0,0.0,2.0,4.0
20250923-KIA_Tigers-SSG_Landers,20250923HTSK0,28.0,2.0,0.07142857142857142,35.0,11.0,0.3142857142857143,김태형,5.0,92.0,2.0,4.0,1.0,3.0,2.0,3.0,56.0,3.0,7.0,1.0,0.0,4.0,김건우,5.333333333333333,77.0,0.0,1.0,0.0,2.0,12.0,3.6666666666666665,55.0,0.0,1.0,0.0,1.0,5.0
20250923-Kiwoom_Heroes-KT_Wiz,20250923WOKT0,34.0,7.0,0.20588235294117646,34.0,9.0,0.2647058823529412,알칸타라,6.0,96.0,2.0,6.0,0.0,1.0,5.0,2.0,44.0,2.0,3.0,0.0,3.0,3.0,오원석,6.333333333333333,92.0,0.0,6.0,0.0,0.0,7.0,2.6666666666666665,28.0,0.0,1.0,0.0,0.0,2.0
20250923-NC_Dinos-Lotte_Giants,20250923NCLT0,35.0,11.0,0.3142857142857143,33.0,7.0,0.21212121212121213,신민혁,5.0,76.0,1.0,4.0,0.0,0.0,2.0,3.0,73.0,1.0,3.0,1.0,2.0,4.0,박세웅,5.333333333333333,88.0,1.0,7.0,0.0,1.0,4.0,2.6666666666666665,57.0,3.0,4.0,0.0,1.0,2.0
20250924-KIA_Tigers-Kiwoom_Heroes,20250924HTWO0,32.0,5.0,0.15625,28.0,1.0,0.03571428571428571,올러,6.0,97.0,0.0,1.0,0.0,2.0,13.0,3.0,34.0,0.0,0.0,0.0,1.0,3.0,하영민,7.0,95.0,2.0,5.0,1.0,0.0,8.0,2.0,41.0,0.0,0.0,0.0,1.0,3.0
20250924-LG_Twins-NC_Dinos,20250924LGNC0,35.0,10.0,0.2857142857142857,37.0,14.0,0.3783783783783784,송승기,3.3333333333333335,75.0,3.0,9.0,1.0,1.0,1.0,3.0,116.0,7.0,5.0,1.0,8.0,1.0,구창모,4.333333333333333,73.0,4.0,8.0,1.0,1.0,3.0,3.333333333333333,101.0,1.0,2.0,0.0,4.0,6.0
20250924-Lotte_Giants-Samsung_Lions,20250924LTSS0,36.0,10.0,0.2777777777777778,36.0,13.0,0.3611111111111111,박진,2.6666666666666665,52.0,5.0,6.0,1.0,2.0,3.0,5.333333333333333,103.0,4.0,7.0,1.0,5.0,2.0,후라도,6.0,93.0,1.0,6.0,0.0,1.0,5.0,2.6666666666666665,49.0,1.0,4.0,0.0,0.0,1.0
20250925-Hanwha_Eagles-Doosan_Bears,20250925HHOB0,31.0,4.0,0.12903225806451613,31.0,6.0,0.1935483870967742,와이스,4.333333333333333,91.0,4.0,5.0,2.0,3.0,7.0,2.0,55.0,1.0,1.0,1.0,3.0,4.0,잭로그,8.0,107.0,0.0,4.0,0.0,1.0,9.0,1.0,12.0,0.0,0.0,0.0,0.0,0.0
20250925-KT_Wiz-SSG_Landers,20250925KTSK0,38.0,14.0,0.3684210526315789,31.0,5.0,0.16129032258064516,패트릭,6.0,84.0,0.0,4.0,0.0,0.0,6.0,3.0,42.0,1.0,1.0,1.0,1.0,3.0,문승원,2.3333333333333335,59.0,5.0,6.0,0.0,1.0,0.0,6.666666666666666,108.0,2.0,8.0,2.0,4.0,2.0
20250925-Kiwoom_Heroes-Samsung_Lions,20250925WOSS0,32.0,6.0,0.1875,38.0,13.0,0.34210526315789475,메르세데스,5.0,94.0,7.0,11.0,1.0,0.0,4.0,1.6666666666666665,67.0,0.0,2.0,1.0,3.0,2.0,최원태,2.0,46.0,0.0,1.0,0.0,2.0,3.0,6.0,101.0,1.0,5.0,1.0,1.0,6.0
20250925-LG_Twins-Lotte_Giants,20250925LGLT0,39.0,11.0,0.28205128205128205,32.0,5.0,0.15625,손주영,7.0,76.0,0.0,2.0,0.0,1.0,7.0,2.0,38.0,1.0,3.0,0.0,0.0,4.0,감보아,5.0,105.0,5.0,4.0,1.0,5.0,4.0,4.0,81.0,3.0,7.0,0.0,4.0,5.0
20250926-KT_Wiz-SSG_Landers,20250926KTSK0,32.0,7.0,0.21875,29.0,9.0,0.3103448275862069,고영표,5.0,76.0,3.0,6.0,1.0,1.0,6.0,3.0,56.0,1.0,3.0,0.0,4.0,3.0,화이트,5.0,92.0,0.0,4.0,0.0,3.0,5.0,3.0,91.0,2.0,3.0,0.0,6.0,4.0
20250926-LG_Twins-Hanwha_Eagles,20250926LGHH0,35.0,8.0,0.22857142857142856,32.0,11.0,0.34375,치리노스,6.333333333333333,95.0,1.0,6.0,0.0,1.0,6.0,1.0,43.0,2.0,5.0,0.0,0.0,2.0,류현진,6.0,96.0,1.0,7.0,1.0,0.0,5.0,2.0,32.0,0.0,1.0,0.0,1.0,1.0
20250926-NC_Dinos-Doosan_Bears,20250926NCOB0,33.0,8.0,0.24242424242424243,31.0,4.0,0.12903225806451613,라일리,5.0,94.0,0.0,4.0,0.0,2.0,6.0,4.0,47.0,0.0,0.0,0.0,2.0,4.0,제환유,4.333333333333333,77.0,1.0,5.0,0.0,4.0,3.0,4.333333333333333,65.0,1.0,3.0,0.0,4.0,3.0
20250926-Samsung_Lions-Lotte_Giants,20250926SSLT0,41.0,14.0,0.34146341463414637,34.0,11.0,0.3235294117647059,원태인,6.0,97.0,1.0,6.0,1.0,3.0,5.0,0.0,55.0,7.0,5.0,1.0,3.0,1.0,박준우,1.6666666666666665,49.0,2.0,5.0,0.0,2.0,2.0,6.666666666666666,178.0,7.0,9.0,1.0,10.0,8.0
20250927-LG_Twins-Hanwha_Eagles,20250927LGHH0,42.0,17.0,0.40476190476190477,33.0,6.0,0.18181818181818182,톨허스트,6.0,99.0,2.0,5.0,0.0,1.0,7.0,3.0,47.0,0.0,1.0,0.0,0.0,5.0,문동주,0.0,33.0,6.0,8.0,1.0,0.0,1.0,8.0,132.0,3.0,9.0,1.0,3.0,10.0
20250927-NC_Dinos-KIA_Tigers,20250927NCHT0,32.0,5.0,0.15625,32.0,6.0,0.1875,김녹원,5.333333333333333,79.0,1.0,3.0,0.0,2.0,2.0,2.0,60.0,0.0,3.0,0.0,3.0,6.0,양현종,6.0,92.0,2.0,2.0,2.0,1.0,3.0,3.0,45.0,0.0,3.0,0.0,0.0,1.0
20250927-SSG_Landers-Doosan_Bears,20250927SKOB0,37.0,10.0,0.2702702702702703,32.0,5.0,0.15625,김광현,5.333333333333333,76.0,1.0,2.0,0.0,3.0,4.0,3.0,46.0,1.0,3.0,0.0,0.0,5.0,최승용,6.0,82.0,3.0,7.0,1.0,0.0,2.0,1.0,78.0,3.0,3.0,0.0,3.0,4.0
20250928-Lotte_Giants-Doosan_Bears,20250928LTOB0,32.0,4.0,0.125,33.0,9.0,0.2727272727272727,박세웅,5.333333333333333,75.0,4.0,7.0,0.0,1.0,5.0,2.333333333333333,74.0,3.0,2.0,0.0,6.0,2.0,곽빈,7.0,101.0,2.0,2.0,1.0,1.0,8.0,1.3333333333333333,33.0,0.0,2.0,0.0,0.0,1.0
20250928-Samsung_Lions-Kiwoom_Heroes,20250928SSWO0,35.0,11.0,0.3142857142857143,31.0,5.0,0.16129032258064516,가라비토,3.0,46.0,1.0,2.0,0.0,1.0,2.0,4.666666666666666,108.0,1.0,3.0,1.0,3.0,5.0,정현우,3.0,57.0,0.0,2.0,0.0,3.0,4.0,5.0,104.0,3.0,9.0,1.0,3.0,5.0
20250929-LG_Twins-Hanwha_Eagles,20250929LGHH0,33.0,6.0,0.18181818181818182,32.0,12.0,0.375,임찬규,5.0,80.0,4.0,8.0,0.0,1.0,3.0,2.0,67.0,2.0,4.0,0.0,4.0,3.0,정우주,3.3333333333333335,53.0,0.0,1.0,0.0,1.0,3.0,4.0,93.0,3.0,5.0,1.0,0.0,5.0
20250929-Lotte_Giants-SSG_Landers,20250929LTSK0,29.0,3.0,0.10344827586206896,31.0,8.0,0.25806451612903225,박진,3.3333333333333335,68.0,3.0,4.0,0.0,2.0,2.0,4.333333333333333,74.0,1.0,4.0,0.0,2.0,6.0,앤더슨,6.0,90.0,1.0,1.0,0.0,3.0,5.0,3.0,44.0,1.0,2.0,0.0,2.0,0.0
20250929-NC_Dinos-KIA_Tigers,20250929NCHT0,40.0,15.0,0.375,33.0,7.0,0.21212121212121213,로건,7.0,91.0,3.0,5.0,1.0,0.0,11.0,2.0,37.0,1.0,2.0,0.0,1.0,5.0,이의리,4.0,81.0,4.0,5.0,1.0,3.0,2.0,4.333333333333333,96.0,7.0,10.0,0.0,2.0,5.0
20250930-Doosan_Bears-LG_Twins,20250930OBLG0,38.0,12.0,0.3157894736842105,27.0,3.0,0.1111111111111111,콜어빈,5.333333333333333,80.0,0.0,2.0,0.0,3.0,3.0,3.0,42.0,0.0,1.0,0.0,0.0,5.0,송승기,5.0,86.0,2.0,7.0,1.0,0.0,4.0,2.333333333333333,80.0,4.0,5.0,0.0,2.0,2.0
20250930-KIA_Tigers-Samsung_Lions,20250930HTSS0,29.0,3.0,0.10344827586206896,33.0,8.0,0.24242424242424243,김태형,4.333333333333333,92.0,4.0,5.0,1.0,1.0,8.0,3.0,42.0,0.0,3.0,0.0,0.0,1.0,후라도,7.0,93.0,0.0,2.0,0.0,1.0,10.0,1.0,22.0,0.0,1.0,0.0,0.0,2.0
20250930-KT_Wiz-NC_Dinos,20250930KTNC0,33.0,7.0,0.21212121212121213,33.0,12.0,0.36363636363636365,헤이수스,3.6666666666666665,64.0,2.0,5.0,2.0,1.0,2.0,4.333333333333333,75.0,3.0,7.0,1.0,1.0,3.0,신민혁,2.3333333333333335,35.0,1.0,3.0,0.0,0.0,2.0,6.666666666666666,116.0,3.0,4.0,2.0,2.0,12.0
20250930-Lotte_Giants-Hanwha_Eagles,20250930LTHH0,31.0,2.0,0.06451612903225806,34.0,7.0,0.20588235294117646,벨라스케즈,6.0,79.0,0.0,2.0,0.0,2.0,3.0,3.333333333333333,60.0,1.0,5.0,0.0,2.0,3.0,와이스,7.0,85.0,0.0,1.0,0.0,1.0,5.0,3.0,45.0,0.0,1.0,0.0,0.0,4.0
20250930-SSG_Landers-Kiwoom_Heroes,20250930SKWO0,31.0,8.0,0.25806451612903225,32.0,6.0,0.1875,김건우,5.0,75.0,2.0,4.0,1.0,2.0,4.0,4.0,48.0,0.0,2.0,0.0,0.0,2.0,알칸타라,6.0,93.0,4.0,7.0,1.0,1.0,6.0,3.0,47.0,0.0,1.0,0.0,4.0,0.0
20251001-Hanwha_Eagles-SSG_Landers,20251001HHSK0,36.0,8.0,0.2222222222222222,34.0,9.0,0.2647058823529412,폰세,6.0,96.0,2.0,6.0,1.0,1.0,10.0,1.0,45.0,4.0,3.0,2.0,1.0,3.0,최민준,2.0,38.0,0.0,1.0,0.0,1.0,2.0,5.0,140.0,4.0,7.0,1.0,2.0,7.0
20251001-KT_Wiz-KIA_Tigers,20251001KTHT0,38.0,12.0,0.3157894736842105,34.0,7.0,0.20588235294117646,소형준,6.0,87.0,3.0,6.0,0.0,0.0,2.0,3.0,69.0,0.0,1.0,0.0,3.0,4.0,올러,5.0,86.0,5.0,7.0,0.0,1.0,4.0,3.333333333333333,72.0,2.0,5.0,0.0,3.0,1.0
20251001-NC_Dinos-LG_Twins,20251001NCLG0,36.0,12.0,0.3333333333333333,31.0,5.0,0.16129032258064516,김태경,1.0,21.0,0.0,1.0,0.0,1.0,1.0,7.333333333333333,134.0,2.0,4.0,0.0,2.0,7.0,치리노스,4.0,75.0,3.0,7.0,0.0,1.0,4.0,3.6666666666666665,106.0,4.0,5.0,0.0,7.0,5.0
20251002-SSG_Landers-KIA_Tigers,20251002SKHT0,37.0,12.0,0.32432432432432434,35.0,12.0,0.34285714285714286,송영진,5.0,80.0,3.0,7.0,2.0,1.0,4.0,3.0,46.0,2.0,5.0,0.0,0.0,0.0,이도현,5.0,69.0,0.0,5.0,0.0,1.0,3.0,4.0,64.0,2.0,7.0,1.0,0.0,2.0
20251003-Hanwha_Eagles-KT_Wiz,20251003HHKT0,44.0,11.0,0.25,41.0,10.0,0.24390243902439024,박준영,5.0,110.0,2.0,3.0,0.0,6.0,3.0,6.0,124.0,4.0,7.0,0.0,5.0,5.0,오원석,0.0,20.0,5.0,4.0,1.0,1.0,0.0,10.666666666666668,137.0,1.0,7.0,0.0,0.0,8.0
20251004-SSG_Landers-NC_Dinos,20251004SKNC0,32.0,5.0,0.15625,32.0,10.0,0.3125,김광현,5.0,90.0,6.0,10.0,1.0,1.0,6.0,2.0,44.0,0.0,0.0,0.0,2.0,2.0,라일리,5.333333333333333,86.0,1.0,5.0,1.0,1.0,7.0,3.6666666666666665,52.0,0.0,0.0,0.0,1.0,4.0
20251004-Samsung_Lions-KIA_Tigers,20251004SSHT0,38.0,11.0,0.2894736842105263,37.0,15.0,0.40540540540540543,육선엽,2.0,53.0,3.0,4.0,1.0,3.0,3.0,4.333333333333333,124.0,6.0,11.0,1.0,3.0,6.0,양현종,2.6666666666666665,70.0,8.0,9.0,1.0,2.0,4.0,4.333333333333334,95.0,0.0,2.0,0.0,1.0,9.0
20260328-Doosan_Bears-NC_Dinos,20260328OBNC0,31.0,3.0,0.0967741935483871,29.0,5.0,0.1724137931034483,플렉센,4.0,93.0,2.0,2.0,1.0,6.0,3.0,3.333333333333333,73.0,1.0,3.0,0.0,3.0,6.0,구창모,5.0,87.0,0.0,2.0,0.0,1.0,3.0,3.0,60.0,0.0,1.0,0.0,2.0,1.0
20260328-KIA_Tigers-SSG_Landers,20260328HTSK0,39.0,12.0,0.3076923076923077,33.0,8.0,0.24242424242424243,네일,6.0,84.0,0.0,2.0,0.0,1.0,5.0,2.0,80.0,6.0,6.0,0.0,5.0,3.0,화이트,4.0,91.0,5.0,9.0,0.0,2.0,4.0,5.0,83.0,1.0,3.0,0.0,2.0,9.0
20260328-KT_Wiz-LG_Twins,20260328KTLG0,42.0,18.0,0.42857142857142855,36.0,12.0,0.3333333333333333,사우어,5.0,88.0,3.0,5.0,1.0,5.0,1.0,2.6666666666666665,94.0,4.0,7.0,0.0,3.0,4.0,치리노스,1.0,36.0,6.0,6.0,0.0,1.0,0.0,8.0,147.0,5.0,12.0,1.0,5.0,5.0
20260328-Kiwoom_Heroes-Hanwha_Eagles,20260328WOHH0,42.0,12.0,0.2857142857142857,46.0,16.0,0.34782608695652173,알칸타라,5.333333333333333,87.0,3.0,8.0,1.0,1.0,5.0,4.666666666666666,100.0,7.0,8.0,1.0,3.0,4.0,에르난데스,4.666666666666667,94.0,4.0,4.0,0.0,4.0,3.0,3.6666666666666665,136.0,5.0,8.0,0.0,8.0,6.0
20260328-Lotte_Giants-Samsung_Lions,20260328LTSS0,36.0,11.0,0.3055555555555556,35.0,8.0,0.22857142857142856,로드리게스,5.0,101.0,0.0,2.0,0.0,5.0,4.0,3.0,89.0,2.0,6.0,0.0,3.0,6.0,후라도,6.0,91.0,3.0,7.0,1.0,0.0,2.0,2.333333333333333,50.0,3.0,4.0,2.0,1.0,4.0
20260329-Doosan_Bears-NC_Dinos,20260329OBNC0,36.0,10.0,0.2777777777777778,36.0,10.0,0.2777777777777778,곽빈,4.0,75.0,4.0,5.0,2.0,2.0,5.0,2.333333333333333,100.0,2.0,5.0,0.0,4.0,7.0,테일러,5.0,97.0,2.0,4.0,0.0,2.0,6.0,2.0,77.0,7.0,6.0,3.0,3.0,3.0
20260329-KIA_Tigers-SSG_Landers,20260329HTSK0,32.0,8.0,0.25,31.0,8.0,0.25806451612903225,이의리,2.0,52.0,4.0,4.0,0.0,3.0,1.0,6.0,113.0,7.0,4.0,3.0,5.0,6.0,김건우,5.0,95.0,2.0,5.0,0.0,3.0,4.0,3.333333333333333,78.0,4.0,3.0,2.0,5.0,3.0
20260329-KT_Wiz-LG_Twins,20260329KTLG0,34.0,11.0,0.3235294117647059,36.0,10.0,0.2777777777777778,소형준,3.0,83.0,3.0,7.0,0.0,2.0,1.0,5.333333333333334,106.0,2.0,3.0,0.0,4.0,5.0,임찬규,5.0,80.0,3.0,6.0,0.0,2.0,1.0,3.333333333333333,83.0,3.0,5.0,1.0,4.0,1.0
20260329-Kiwoom_Heroes-Hanwha_Eagles,20260329WOHH0,32.0,6.0,0.1875,40.0,15.0,0.375,하영민,2.0,48.0,2.0,6.0,1.0,1.0,3.0,6.0,115.0,4.0,9.0,0.0,2.0,6.0,왕옌청,5.333333333333333,95.0,3.0,4.0,0.0,2.0,5.0,2.333333333333333,55.0,1.0,2.0,0.0,2.0,3.0
20260329-Lotte_Giants-Samsung_Lions,20260329LTSS0,34.0,11.0,0.3235294117647059,31.0,5.0,0.16129032258064516,비슬리,5.0,91.0,0.0,2.0,0.0,3.0,5.0,4.0,66.0,1.0,3.0,0.0,2.0,1.0,최원태,6.0,83.0,2.0,7.0,2.0,2.0,5.0,2.333333333333333,55.0,4.0,4.0,2.0,2.0,2.0
20260331-Doosan_Bears-Samsung_Lions,20260331OBSS0,42.0,12.0,0.2857142857142857,40.0,9.0,0.225,잭로그,7.0,84.0,2.0,4.0,1.0,1.0,5.0,3.333333333333333,59.0,3.0,5.0,1.0,2.0,3.0,오러클린,3.6666666666666665,86.0,4.0,6.0,0.0,2.0,3.0,6.333333333333333,116.0,1.0,6.0,0.0,6.0,3.0
20260331-KIA_Tigers-LG_Twins,20260331HTLG0,39.0,12.0,0.3076923076923077,31.0,5.0,0.16129032258064516,올러,6.0,85.0,0.0,3.0,0.0,1.0,3.0,3.0,47.0,2.0,2.0,0.0,2.0,3.0,톨허스트,3.0,78.0,7.0,9.0,1.0,1.0,5.0,6.0,107.0,0.0,3.0,0.0,5.0,7.0
20260331-KT_Wiz-Hanwha_Eagles,20260331KTHH0,40.0,12.0,0.3,36.0,9.0,0.25,보쉴리,5.0,92.0,0.0,5.0,0.0,2.0,7.0,3.0,75.0,2.0,4.0,1.0,4.0,4.0,화이트,2.3333333333333335,57.0,1.0,4.0,0.0,1.0,2.0,5.666666666666666,163.0,8.0,8.0,1.0,11.0,8.0
20260331-Kiwoom_Heroes-SSG_Landers,20260331WOSK0,34.0,9.0,0.2647058823529412,35.0,12.0,0.34285714285714286,와일스,6.0,93.0,2.0,7.0,1.0,0.0,4.0,1.3333333333333333,55.0,6.0,5.0,1.0,5.0,1.0,베니지아노,5.333333333333333,86.0,2.0,6.0,0.0,1.0,3.0,3.0,76.0,0.0,3.0,0.0,1.0,4.0
20260331-Lotte_Giants-NC_Dinos,20260331LTNC0,32.0,5.0,0.15625,32.0,8.0,0.25,박세웅,5.0,84.0,0.0,5.0,0.0,2.0,3.0,1.0,76.0,5.0,3.0,0.0,5.0,6.0,토다,5.0,79.0,2.0,3.0,0.0,4.0,4.0,4.0,73.0,0.0,2.0,0.0,1.0,7.0
20260401-Doosan_Bears-Samsung_Lions,20260401OBSS0,34.0,7.0,0.20588235294117646,35.0,13.0,0.37142857142857144,최승용,3.0,59.0,4.0,6.0,0.0,2.0,2.0,5.0,99.0,5.0,7.0,1.0,4.0,2.0,양창섭,5.0,78.0,2.0,6.0,0.0,1.0,3.0,4.0,52.0,1.0,1.0,1.0,0.0,1.0
20260401-KIA_Tigers-LG_Twins,20260401HTLG0,33.0,7.0,0.21212121212121213,31.0,8.0,0.25806451612903225,양현종,4.0,87.0,3.0,3.0,0.0,4.0,4.0,4.0,88.0,4.0,5.0,0.0,6.0,1.0,송승기,4.333333333333333,82.0,1.0,4.0,1.0,1.0,4.0,3.0,83.0,1.0,3.0,0.0,2.0,3.0
20260401-KT_Wiz-Hanwha_Eagles,20260401KTHH0,41.0,14.0,0.34146341463414637,42.0,14.0,0.3333333333333333,고영표,5.0,93.0,3.0,7.0,1.0,2.0,7.0,2.0,99.0,6.0,7.0,1.0,6.0,4.0,류현진,5.0,82.0,1.0,3.0,1.0,0.0,4.0,3.0,138.0,12.0,11.0,0.0,7.0,5.0
20260401-Kiwoom_Heroes-SSG_Landers,20260401WOSK0,43.0,15.0,0.3488372093023256,34.0,8.0,0.23529411764705882,배동현,5.0,85.0,0.0,5.0,0.0,1.0,4.0,3.0,76.0,2.0,3.0,0.0,4.0,2.0,타케다,4.666666666666667,90.0,5.0,9.0,0.0,1.0,5.0,4.333333333333333,104.0,4.0,6.0,0.0,5.0,3.0
20260401-Lotte_Giants-NC_Dinos,20260401LTNC0,31.0,8.0,0.25806451612903225,35.0,11.0,0.3142857142857143,나균안,5.0,78.0,2.0,7.0,1.0,1.0,4.0,3.0,87.0,3.0,4.0,1.0,4.0,4.0,신민혁,5.0,85.0,2.0,5.0,1.0,3.0,3.0,2.0,63.0,2.0,3.0,1.0,3.0,2.0
20260402-Doosan_Bears-Samsung_Lions,20260402OBSS0,31.0,4.0,0.12903225806451613,29.0,6.0,0.20689655172413793,최민석,6.0,88.0,0.0,2.0,0.0,5.0,4.0,2.0,38.0,4.0,4.0,1.0,0.0,2.0,이승현,5.0,79.0,1.0,2.0,0.0,3.0,5.0,4.0,43.0,1.0,2.0,1.0,0.0,3.0
20260402-KIA_Tigers-LG_Twins,20260402HTLG0,34.0,7.0,0.20588235294117646,29.0,5.0,0.1724137931034483,김태형,5.0,81.0,2.0,3.0,0.0,3.0,4.0,3.0,34.0,0.0,2.0,0.0,2.0,1.0,웰스,6.0,83.0,1.0,7.0,0.0,0.0,2.0,3.0,41.0,0.0,0.0,0.0,2.0,2.0
20260402-KT_Wiz-Hanwha_Eagles,20260402KTHH0,48.0,19.0,0.3958333333333333,37.0,10.0,0.2702702702702703,오원석,6.0,82.0,1.0,4.0,0.0,0.0,7.0,2.333333333333333,84.0,7.0,6.0,2.0,4.0,4.0,문동주,4.0,70.0,5.0,7.0,1.0,2.0,3.0,5.0,136.0,7.0,12.0,1.0,6.0,8.0
20260402-Kiwoom_Heroes-SSG_Landers,20260402WOSK0,32.0,7.0,0.21875,34.0,12.0,0.35294117647058826,정현우,5.0,84.0,6.0,5.0,1.0,3.0,3.0,3.0,54.0,5.0,7.0,1.0,1.0,1.0,최민준,5.0,81.0,0.0,1.0,0.0,3.0,5.0,4.0,76.0,1.0,6.0,0.0,2.0,4.0
20260402-Lotte_Giants-NC_Dinos,20260402LTNC0,29.0,6.0,0.20689655172413793,33.0,10.0,0.30303030303030304,김진욱,4.666666666666667,98.0,3.0,4.0,0.0,2.0,4.0,3.0,72.0,5.0,6.0,0.0,3.0,3.0,버하겐,3.0,52.0,1.0,3.0,0.0,1.0,2.0,6.0,77.0,3.0,3.0,1.0,3.0,2.0
20260403-Hanwha_Eagles-Doosan_Bears,20260403HHOB0,39.0,13.0,0.3333333333333333,35.0,10.0,0.2857142857142857,에르난데스,5.333333333333333,95.0,3.0,5.0,0.0,3.0,3.0,2.0,91.0,2.0,5.0,0.0,6.0,5.0,플렉센,1.0,18.0,1.0,0.0,0.0,2.0,0.0,7.666666666666666,145.0,8.0,13.0,1.0,6.0,3.0
20260403-LG_Twins-Kiwoom_Heroes,20260403LGWO0,37.0,10.0,0.2702702702702703,32.0,11.0,0.34375,치리노스,5.0,89.0,4.0,9.0,0.0,1.0,6.0,2.0,46.0,1.0,2.0,0.0,2.0,3.0,알칸타라,6.333333333333333,98.0,1.0,6.0,1.0,1.0,7.0,2.0,58.0,1.0,4.0,0.0,1.0,3.0
20260403-NC_Dinos-KIA_Tigers,20260403NCHT0,31.0,8.0,0.25806451612903225,29.0,3.0,0.10344827586206896,구창모,6.0,78.0,0.0,1.0,0.0,3.0,6.0,2.333333333333333,56.0,2.0,2.0,1.0,1.0,3.0,네일,5.0,97.0,2.0,3.0,0.0,5.0,5.0,4.0,83.0,2.0,5.0,0.0,3.0,4.0
20260403-SSG_Landers-Lotte_Giants,20260403SKLT0,42.0,18.0,0.42857142857142855,33.0,7.0,0.21212121212121213,화이트,7.0,101.0,2.0,6.0,0.0,4.0,4.0,2.0,28.0,0.0,1.0,0.0,1.0,1.0,로드리게스,4.0,90.0,8.0,9.0,2.0,6.0,0.0,5.0,119.0,9.0,9.0,1.0,7.0,3.0
20260403-Samsung_Lions-KT_Wiz,20260403SSKT0,34.0,7.0,0.20588235294117646,32.0,7.0,0.21875,후라도,6.0,101.0,1.0,5.0,1.0,1.0,4.0,3.0,44.0,0.0,2.0,0.0,1.0,2.0,사우어,6.0,94.0,2.0,5.0,0.0,2.0,3.0,3.0,35.0,0.0,2.0,0.0,1.0,1.0
20260404-Hanwha_Eagles-Doosan_Bears,20260404HHOB0,38.0,13.0,0.34210526315789475,34.0,8.0,0.23529411764705882,왕옌청,6.333333333333333,85.0,0.0,5.0,0.0,2.0,4.0,1.0,41.0,0.0,3.0,0.0,0.0,3.0,곽빈,4.666666666666667,96.0,3.0,7.0,0.0,5.0,4.0,3.333333333333333,83.0,3.0,6.0,0.0,3.0,6.0
20260404-LG_Twins-Kiwoom_Heroes,20260404LGWO0,34.0,9.0,0.2647058823529412,36.0,10.0,0.2777777777777778,임찬규,5.0,99.0,3.0,9.0,0.0,1.0,3.0,3.0,61.0,0.0,1.0,0.0,1.0,5.0,하영민,5.0,105.0,1.0,4.0,1.0,5.0,4.0,3.333333333333333,96.0,5.0,5.0,1.0,4.0,2.0
20260404-NC_Dinos-KIA_Tigers,20260404NCHT0,37.0,10.0,0.2702702702702703,30.0,5.0,0.16666666666666666,테일러,5.0,94.0,0.0,3.0,0.0,5.0,4.0,3.0,52.0,0.0,2.0,0.0,1.0,3.0,이의리,2.6666666666666665,76.0,3.0,4.0,2.0,6.0,5.0,5.333333333333334,124.0,3.0,6.0,1.0,3.0,4.0
20260404-SSG_Landers-Lotte_Giants,20260404SKLT0,40.0,14.0,0.35,32.0,7.0,0.21875,김건우,1.3333333333333333,38.0,4.0,3.0,1.0,3.0,0.0,7.666666666666666,133.0,2.0,4.0,1.0,6.0,6.0,비슬리,4.0,95.0,6.0,10.0,0.0,3.0,4.0,5.0,74.0,1.0,4.0,0.0,2.0,4.0
20260404-Samsung_Lions-KT_Wiz,20260404SSKT0,40.0,14.0,0.35,36.0,11.0,0.3055555555555556,최원태,5.0,92.0,5.0,7.0,0.0,4.0,8.0,3.333333333333333,59.0,1.0,4.0,1.0,1.0,5.0,소형준,6.0,94.0,6.0,9.0,2.0,1.0,7.0,3.0,42.0,2.0,5.0,0.0,0.0,2.0
20260405-Hanwha_Eagles-Doosan_Bears,20260405HHOB0,31.0,5.0,0.16129032258064516,30.0,8.0,0.26666666666666666,황준서,4.333333333333333,71.0,2.0,3.0,0.0,2.0,7.0,2.0,76.0,6.0,5.0,1.0,5.0,3.0,잭로그,6.0,93.0,0.0,4.0,0.0,2.0,6.0,2.6666666666666665,51.0,0.0,1.0,0.0,2.0,2.0
20260405-LG_Twins-Kiwoom_Heroes,20260405LGWO0,38.0,15.0,0.39473684210526316,35.0,9.0,0.2571428571428571,톨허스트,6.0,91.0,1.0,2.0,1.0,3.0,7.0,3.0,65.0,4.0,7.0,1.0,2.0,2.0,와일스,5.0,94.0,4.0,8.0,0.0,3.0,5.0,4.0,77.0,2.0,7.0,1.0,2.0,2.0
20260405-NC_Dinos-KIA_Tigers,20260405NCHT0,32.0,4.0,0.125,27.0,7.0,0.25925925925925924,토다,6.0,79.0,2.0,6.0,0.0,1.0,2.0,2.0,20.0,1.0,1.0,0.0,1.0,0.0,올러,7.0,92.0,0.0,3.0,0.0,0.0,5.0,1.0,25.0,0.0,1.0,0.0,0.0,1.0
20260405-SSG_Landers-Lotte_Giants,20260405SKLT0,32.0,7.0,0.21875,36.0,10.0,0.2777777777777778,베니지아노,5.0,90.0,3.0,8.0,1.0,2.0,4.0,4.0,63.0,0.0,2.0,0.0,1.0,1.0,박세웅,5.0,92.0,3.0,6.0,0.0,5.0,3.0,4.0,76.0,1.0,1.0,0.0,6.0,3.0
20260405-Samsung_Lions-KT_Wiz,20260405SSKT0,31.0,6.0,0.1935483870967742,28.0,6.0,0.21428571428571427,오러클린,6.0,93.0,2.0,5.0,0.0,2.0,5.0,1.0,32.0,0.0,1.0,0.0,1.0,1.0,보쉴리,6.0,92.0,0.0,5.0,0.0,2.0,2.0,3.0,42.0,0.0,1.0,0.0,1.0,2.0
20260407-Hanwha_Eagles-SSG_Landers,20260407HHSK0,34.0,8.0,0.23529411764705882,30.0,4.0,0.13333333333333333,류현진,6.0,93.0,2.0,4.0,1.0,2.0,10.0,3.0,51.0,0.0,0.0,0.0,2.0,4.0,타케다,3.0,71.0,4.0,4.0,0.0,4.0,2.0,6.0,88.0,2.0,4.0,0.0,4.0,7.0
20260407-KT_Wiz-Lotte_Giants,20260407KTLT0,36.0,9.0,0.25,38.0,11.0,0.2894736842105263,고영표,5.0,87.0,1.0,6.0,0.0,2.0,9.0,3.333333333333333,75.0,2.0,5.0,0.0,2.0,4.0,나균안,4.0,90.0,0.0,2.0,0.0,4.0,6.0,4.0,119.0,5.0,7.0,0.0,5.0,4.0
20260407-Kiwoom_Heroes-Doosan_Bears,20260407WOOB0,34.0,7.0,0.20588235294117646,31.0,6.0,0.1935483870967742,배동현,5.333333333333333,85.0,2.0,5.0,0.0,2.0,4.0,3.0,60.0,0.0,1.0,0.0,3.0,4.0,최승용,5.0,84.0,1.0,3.0,0.0,2.0,5.0,4.0,95.0,3.0,4.0,0.0,3.0,7.0
20260407-LG_Twins-NC_Dinos,20260407LGNC0,33.0,6.0,0.18181818181818182,36.0,9.0,0.25,송승기,5.0,83.0,0.0,4.0,0.0,2.0,4.0,4.0,77.0,0.0,5.0,0.0,1.0,5.0,버하겐,5.0,79.0,0.0,3.0,0.0,1.0,4.0,3.333333333333333,80.0,2.0,3.0,0.0,4.0,6.0
20260407-Samsung_Lions-KIA_Tigers,20260407SSHT0,38.0,11.0,0.2894736842105263,31.0,6.0,0.1935483870967742,양창섭,5.0,89.0,3.0,5.0,0.0,3.0,6.0,3.0,69.0,0.0,1.0,0.0,5.0,2.0,양현종,5.666666666666667,91.0,1.0,2.0,1.0,2.0,3.0,1.0,76.0,9.0,9.0,1.0,2.0,2.0
20260408-Hanwha_Eagles-SSG_Landers,20260408HHSK0,32.0,5.0,0.15625,35.0,9.0,0.2571428571428571,문동주,5.0,92.0,2.0,5.0,1.0,2.0,4.0,4.0,67.0,1.0,4.0,0.0,4.0,5.0,최민준,4.333333333333333,75.0,0.0,4.0,1.0,3.0,2.0,4.666666666666666,48.0,0.0,1.0,0.0,0.0,5.0
20260408-KT_Wiz-Lotte_Giants,20260408KTLT0,29.0,3.0,0.10344827586206896,35.0,13.0,0.37142857142857144,오원석,4.0,84.0,1.0,6.0,0.0,1.0,5.0,4.0,59.0,3.0,7.0,1.0,2.0,2.0,김진욱,8.0,100.0,1.0,3.0,1.0,1.0,6.0,1.0,6.0,0.0,0.0,0.0,0.0,1.0
20260408-Kiwoom_Heroes-Doosan_Bears,20260408WOOB0,33.0,7.0,0.21212121212121213,30.0,8.0,0.26666666666666666,정세영,4.0,76.0,3.0,4.0,0.0,3.0,1.0,4.0,73.0,2.0,4.0,0.0,5.0,1.0,최민석,5.666666666666667,98.0,0.0,3.0,0.0,5.0,6.0,3.333333333333333,66.0,3.0,4.0,1.0,3.0,4.0
20260408-LG_Twins-NC_Dinos,20260408LGNC0,36.0,11.0,0.3055555555555556,34.0,7.0,0.20588235294117646,웰스,4.0,96.0,2.0,4.0,0.0,4.0,4.0,5.0,57.0,2.0,3.0,2.0,0.0,6.0,신민혁,5.0,88.0,0.0,5.0,0.0,1.0,4.0,2.0,86.0,5.0,6.0,2.0,3.0,4.0
20260408-Samsung_Lions-KIA_Tigers,20260408SSHT0,39.0,13.0,0.3333333333333333,42.0,19.0,0.4523809523809524,이승현,2.6666666666666665,92.0,12.0,11.0,2.0,8.0,0.0,5.333333333333333,93.0,2.0,8.0,0.0,2.0,5.0,김태형,3.3333333333333335,88.0,5.0,9.0,1.0,3.0,1.0,5.333333333333333,88.0,0.0,4.0,0.0,2.0,0.0
20260410-Doosan_Bears-KT_Wiz,20260410OBKT0,40.0,11.0,0.275,45.0,11.0,0.24444444444444444,곽빈,6.0,102.0,0.0,1.0,0.0,4.0,9.0,3.333333333333333,129.0,7.0,10.0,0.0,7.0,7.0,사우어,6.0,91.0,4.0,7.0,0.0,4.0,4.0,4.0,86.0,3.0,4.0,0.0,1.0,9.0
20260410-KIA_Tigers-Hanwha_Eagles,20260410HTHH0,31.0,7.0,0.22580645161290322,33.0,7.0,0.21212121212121213,네일,7.0,97.0,3.0,6.0,1.0,0.0,4.0,1.0,31.0,2.0,1.0,1.0,2.0,3.0,에르난데스,5.0,87.0,3.0,4.0,2.0,2.0,3.0,2.0,64.0,2.0,3.0,1.0,3.0,3.0
20260410-Lotte_Giants-Kiwoom_Heroes,20260410LTWO0,35.0,11.0,0.3142857142857143,31.0,4.0,0.12903225806451613,로드리게스,8.0,104.0,1.0,4.0,1.0,0.0,11.0,1.0,10.0,0.0,0.0,0.0,0.0,0.0,알칸타라,6.0,98.0,3.0,10.0,1.0,0.0,11.0,3.0,39.0,0.0,1.0,0.0,1.0,1.0
20260410-NC_Dinos-Samsung_Lions,20260410NCSS0,38.0,11.0,0.2894736842105263,32.0,10.0,0.3125,구창모,6.0,82.0,4.0,7.0,2.0,2.0,2.0,0.0,63.0,4.0,3.0,0.0,5.0,2.0,후라도,6.0,97.0,1.0,6.0,1.0,2.0,4.0,1.0,62.0,1.0,5.0,1.0,4.0,4.0
20260410-SSG_Landers-LG_Twins,20260410SKLG0,34.0,8.0,0.23529411764705882,31.0,10.0,0.3225806451612903,화이트,3.6666666666666665,96.0,5.0,8.0,1.0,4.0,5.0,4.333333333333333,76.0,4.0,2.0,0.0,6.0,3.0,치리노스,5.0,87.0,1.0,7.0,0.0,3.0,2.0,3.333333333333333,68.0,1.0,1.0,0.0,1.0,5.0
20260411-Doosan_Bears-KT_Wiz,20260411OBKT0,33.0,8.0,0.24242424242424243,33.0,10.0,0.30303030303030304,잭로그,6.0,98.0,3.0,9.0,1.0,0.0,5.0,2.0,34.0,1.0,1.0,0.0,2.0,4.0,소형준,7.0,98.0,2.0,4.0,0.0,2.0,7.0,2.0,31.0,2.0,4.0,0.0,0.0,2.0
20260411-KIA_Tigers-Hanwha_Eagles,20260411HTHH0,36.0,12.0,0.3333333333333333,34.0,10.0,0.29411764705882354,이의리,4.0,67.0,4.0,5.0,1.0,1.0,2.0,4.666666666666666,94.0,1.0,5.0,0.0,2.0,4.0,왕옌청,6.0,85.0,1.0,6.0,0.0,0.0,5.0,3.0,59.0,5.0,6.0,0.0,2.0,5.0
20260411-Lotte_Giants-Kiwoom_Heroes,20260411LTWO0,42.0,11.0,0.2619047619047619,33.0,5.0,0.15151515151515152,비슬리,6.0,92.0,1.0,5.0,0.0,1.0,7.0,4.0,49.0,0.0,0.0,0.0,0.0,5.0,와일스,7.0,102.0,0.0,5.0,0.0,0.0,6.0,2.0,56.0,3.0,6.0,0.0,0.0,2.0
20260411-NC_Dinos-Samsung_Lions,20260411NCSS0,32.0,7.0,0.21875,28.0,6.0,0.21428571428571427,테일러,5.0,97.0,5.0,5.0,0.0,6.0,3.0,2.0,46.0,0.0,1.0,0.0,3.0,3.0,오러클린,3.0,70.0,4.0,3.0,0.0,7.0,3.0,6.0,84.0,0.0,4.0,0.0,1.0,3.0
20260411-SSG_Landers-LG_Twins,20260411SKLG0,39.0,13.0,0.3333333333333333,29.0,7.0,0.2413793103448276,김건우,6.0,95.0,1.0,4.0,0.0,3.0,5.0,2.0,28.0,1.0,3.0,0.0,2.0,3.0,임찬규,5.0,92.0,2.0,10.0,0.0,2.0,2.0,4.0,60.0,1.0,3.0,1.0,0.0,6.0
20260412-Doosan_Bears-KT_Wiz,20260412OBKT0,33.0,6.0,0.18181818181818182,30.0,8.0,0.26666666666666666,최승용,5.333333333333333,92.0,4.0,5.0,0.0,2.0,2.0,2.0,45.0,1.0,3.0,0.0,1.0,3.0,보쉴리,6.0,103.0,0.0,4.0,0.0,1.0,8.0,3.0,49.0,1.0,2.0,0.0,2.0,1.0
20260412-KIA_Tigers-Hanwha_Eagles,20260412HTHH0,39.0,13.0,0.3333333333333333,34.0,8.0,0.23529411764705882,올러,5.0,92.0,2.0,5.0,0.0,4.0,7.0,4.0,58.0,0.0,3.0,0.0,0.0,4.0,쿠싱,3.0,64.0,3.0,4.0,0.0,1.0,3.0,4.333333333333333,103.0,5.0,9.0,1.0,2.0,5.0
20260412-Lotte_Giants-Kiwoom_Heroes,20260412LTWO0,32.0,6.0,0.1875,27.0,5.0,0.18518518518518517,박세웅,6.0,99.0,2.0,5.0,1.0,2.0,8.0,2.0,35.0,0.0,0.0,0.0,2.0,1.0,안우진,1.0,24.0,0.0,1.0,0.0,1.0,1.0,7.0,97.0,0.0,5.0,0.0,0.0,7.0
20260412-NC_Dinos-Samsung_Lions,20260412NCSS0,34.0,6.0,0.17647058823529413,36.0,14.0,0.3888888888888889,토다,2.0,44.0,3.0,4.0,0.0,2.0,2.0,5.666666666666666,135.0,4.0,10.0,1.0,4.0,6.0,원태인,3.6666666666666665,69.0,0.0,4.0,0.0,2.0,3.0,4.0,97.0,3.0,2.0,2.0,3.0,4.0
20260412-SSG_Landers-LG_Twins,20260412SKLG0,33.0,8.0,0.24242424242424243,35.0,9.0,0.2571428571428571,베니지아노,4.333333333333333,103.0,4.0,5.0,0.0,3.0,2.0,3.0,56.0,0.0,4.0,0.0,3.0,1.0,톨허스트,6.0,94.0,0.0,4.0,0.0,3.0,4.0,3.0,42.0,1.0,4.0,0.0,0.0,0.0
20260414-Doosan_Bears-SSG_Landers,20260414OBSK0,39.0,13.0,0.3333333333333333,35.0,6.0,0.17142857142857143,최민석,6.0,91.0,1.0,4.0,1.0,2.0,4.0,3.0,41.0,1.0,2.0,1.0,1.0,3.0,타케다,2.0,55.0,5.0,5.0,2.0,2.0,1.0,6.0,114.0,6.0,8.0,2.0,3.0,9.0
20260414-KT_Wiz-NC_Dinos,20260414KTNC0,32.0,6.0,0.1875,36.0,15.0,0.4166666666666667,고영표,4.0,82.0,7.0,12.0,1.0,2.0,2.0,3.333333333333333,53.0,0.0,3.0,0.0,3.0,1.0,버하겐,5.0,89.0,4.0,6.0,0.0,2.0,5.0,4.0,61.0,0.0,0.0,0.0,2.0,5.0
20260414-Kiwoom_Heroes-KIA_Tigers,20260414WOHT0,30.0,3.0,0.1,27.0,6.0,0.2222222222222222,하영민,5.0,95.0,6.0,5.0,1.0,6.0,3.0,3.0,43.0,0.0,1.0,0.0,3.0,1.0,양현종,6.0,76.0,2.0,3.0,0.0,2.0,4.0,3.0,25.0,0.0,0.0,0.0,0.0,2.0
20260414-Lotte_Giants-LG_Twins,20260414LTLG0,34.0,8.0,0.23529411764705882,31.0,9.0,0.2903225806451613,나균안,5.666666666666667,97.0,1.0,7.0,0.0,3.0,1.0,2.333333333333333,43.0,1.0,2.0,1.0,0.0,4.0,송승기,6.0,84.0,0.0,3.0,0.0,1.0,5.0,3.0,47.0,1.0,5.0,0.0,1.0,2.0
20260414-Samsung_Lions-Hanwha_Eagles,20260414SSHH0,31.0,8.0,0.25806451612903225,36.0,12.0,0.3333333333333333,최원태,4.666666666666667,105.0,4.0,8.0,0.0,3.0,2.0,4.0,85.0,1.0,4.0,0.0,4.0,3.0,문동주,5.0,102.0,0.0,6.0,0.0,5.0,6.0,3.0,118.0,6.0,2.0,0.0,13.0,2.0
20260415-Doosan_Bears-SSG_Landers,20260415OBSK0,29.0,6.0,0.20689655172413793,31.0,9.0,0.2903225806451613,이영하,3.0,73.0,3.0,5.0,1.0,3.0,7.0,4.666666666666666,74.0,3.0,4.0,2.0,1.0,5.0,최민준,4.0,73.0,0.0,3.0,0.0,3.0,4.0,5.0,70.0,0.0,3.0,0.0,2.0,4.0
20260415-KT_Wiz-NC_Dinos,20260415KTNC0,36.0,10.0,0.2777777777777778,34.0,8.0,0.23529411764705882,오원석,7.0,96.0,1.0,6.0,1.0,1.0,6.0,2.0,37.0,1.0,2.0,0.0,0.0,1.0,신민혁,6.0,80.0,6.0,6.0,3.0,1.0,0.0,2.6666666666666665,64.0,4.0,4.0,1.0,3.0,2.0
20260415-Kiwoom_Heroes-KIA_Tigers,20260415WOHT0,39.0,12.0,0.3076923076923077,34.0,12.0,0.35294117647058826,정세영,3.0,76.0,6.0,8.0,1.0,2.0,1.0,5.0,79.0,1.0,4.0,1.0,2.0,4.0,김태형,3.0,64.0,3.0,6.0,2.0,1.0,0.0,6.0,120.0,2.0,6.0,1.0,3.0,7.0
20260415-Lotte_Giants-LG_Twins,20260415LTLG0,30.0,4.0,0.13333333333333333,29.0,3.0,0.10344827586206896,김진욱,6.666666666666667,101.0,0.0,3.0,0.0,2.0,5.0,2.0,36.0,0.0,0.0,0.0,1.0,4.0,웰스,7.0,78.0,1.0,3.0,1.0,0.0,3.0,1.0,35.0,1.0,1.0,0.0,4.0,1.0
20260415-Samsung_Lions-Hanwha_Eagles,20260415SSHH0,46.0,18.0,0.391304347826087,34.0,7.0,0.20588235294117646,양창섭,1.6666666666666665,45.0,3.0,4.0,0.0,3.0,2.0,7.333333333333334,108.0,2.0,3.0,1.0,4.0,5.0,에르난데스,0.0,35.0,7.0,7.0,0.0,2.0,1.0,8.666666666666668,174.0,3.0,11.0,0.0,8.0,7.0
20260416-Doosan_Bears-SSG_Landers,20260416OBSK0,33.0,6.0,0.18181818181818182,31.0,7.0,0.22580645161290322,곽빈,7.0,102.0,2.0,7.0,0.0,1.0,10.0,0.0,10.0,0.0,0.0,0.0,0.0,0.0,화이트,6.0,89.0,0.0,2.0,0.0,1.0,5.0,2.333333333333333,62.0,1.0,4.0,1.0,1.0,3.0
20260416-KT_Wiz-NC_Dinos,20260416KTNC0,33.0,8.0,0.24242424242424243,33.0,7.0,0.21212121212121213,사우어,5.333333333333333,93.0,2.0,5.0,0.0,3.0,8.0,3.6666666666666665,45.0,0.0,2.0,0.0,1.0,4.0,구창모,5.333333333333333,78.0,3.0,5.0,0.0,2.0,4.0,2.0,52.0,1.0,3.0,1.0,3.0,1.0
20260416-Kiwoom_Heroes-KIA_Tigers,20260416WOHT0,34.0,7.0,0.20588235294117646,30.0,7.0,0.23333333333333334,알칸타라,6.0,99.0,2.0,6.0,1.0,1.0,6.0,1.0,47.0,2.0,1.0,0.0,2.0,1.0,네일,5.0,96.0,1.0,6.0,0.0,1.0,3.0,4.0,58.0,0.0,1.0,0.0,0.0,3.0
20260416-Lotte_Giants-LG_Twins,20260416LTLG0,36.0,9.0,0.25,31.0,11.0,0.3548387096774194,로드리게스,5.0,93.0,3.0,6.0,0.0,3.0,4.0,2.0,72.0,4.0,5.0,0.0,4.0,3.0,치리노스,5.0,102.0,1.0,5.0,0.0,3.0,7.0,4.0,66.0,3.0,4.0,1.0,1.0,6.0
20260416-Samsung_Lions-Hanwha_Eagles,20260416SSHH0,38.0,9.0,0.23684210526315788,31.0,6.0,0.1935483870967742,후라도,7.0,93.0,1.0,6.0,0.0,0.0,5.0,2.0,22.0,0.0,0.0,0.0,1.0,2.0,왕옌청,5.0,95.0,0.0,6.0,0.0,4.0,6.0,1.0,75.0,1.0,3.0,0.0,3.0,5.0
20260417-KIA_Tigers-Doosan_Bears,20260417HTOB0,37.0,11.0,0.2972972972972973,38.0,12.0,0.3157894736842105,이의리,5.0,91.0,0.0,5.0,0.0,2.0,8.0,3.6666666666666665,86.0,1.0,7.0,0.0,1.0,3.0,잭로그,7.0,101.0,5.0,8.0,0.0,3.0,8.0,1.0,39.0,2.0,3.0,0.0,3.0,1.0
20260417-Kiwoom_Heroes-KT_Wiz,20260417WOKT0,33.0,7.0,0.21212121212121213,32.0,14.0,0.4375,와일스,6.0,98.0,5.0,12.0,1.0,0.0,2.0,2.0,32.0,0.0,2.0,0.0,1.0,1.0,소형준,6.0,102.0,0.0,6.0,0.0,1.0,7.0,3.0,26.0,0.0,1.0,0.0,0.0,2.0
20260418-Hanwha_Eagles-Lotte_Giants,20260418HHLT0,38.0,12.0,0.3157894736842105,31.0,5.0,0.16129032258064516,류현진,7.0,86.0,0.0,4.0,0.0,0.0,3.0,1.0,23.0,0.0,1.0,0.0,1.0,3.0,비슬리,2.3333333333333335,56.0,3.0,5.0,0.0,0.0,5.0,6.666666666666666,112.0,2.0,7.0,0.0,4.0,4.0
20260418-KIA_Tigers-Doosan_Bears,20260418HTOB0,38.0,10.0,0.2631578947368421,37.0,9.0,0.24324324324324326,올러,6.333333333333333,94.0,1.0,4.0,0.0,4.0,5.0,2.6666666666666665,56.0,3.0,5.0,1.0,2.0,3.0,최승용,6.666666666666667,88.0,2.0,6.0,0.0,1.0,2.0,2.6666666666666665,71.0,2.0,4.0,1.0,4.0,4.0
20260418-Kiwoom_Heroes-KT_Wiz,20260418WOKT0,35.0,9.0,0.2571428571428571,32.0,9.0,0.28125,안우진,2.0,28.0,1.0,2.0,0.0,1.0,0.0,5.333333333333333,103.0,3.0,7.0,0.0,2.0,6.0,보쉴리,6.0,80.0,2.0,7.0,0.0,0.0,4.0,3.0,48.0,0.0,2.0,0.0,1.0,3.0
20260418-LG_Twins-Samsung_Lions,20260418LGSS0,34.0,8.0,0.23529411764705882,32.0,10.0,0.3125,임찬규,4.333333333333333,98.0,6.0,9.0,1.0,1.0,3.0,3.0,63.0,1.0,1.0,0.0,1.0,6.0,오러클린,3.3333333333333335,41.0,0.0,3.0,0.0,1.0,3.0,3.333333333333333,100.0,2.0,5.0,0.0,4.0,6.0
20260418-SSG_Landers-NC_Dinos,20260418SKNC0,35.0,8.0,0.22857142857142856,30.0,5.0,0.16666666666666666,김건우,5.666666666666667,91.0,3.0,3.0,1.0,3.0,4.0,3.0,50.0,0.0,2.0,0.0,3.0,2.0,테일러,3.6666666666666665,72.0,4.0,2.0,1.0,4.0,5.0,5.333333333333333,123.0,5.0,6.0,1.0,4.0,9.0
20260419-Hanwha_Eagles-Lotte_Giants,20260419HHLT0,42.0,15.0,0.35714285714285715,32.0,8.0,0.25,에르난데스,6.0,77.0,0.0,5.0,0.0,1.0,2.0,3.0,27.0,1.0,3.0,0.0,0.0,1.0,박세웅,5.0,94.0,2.0,7.0,1.0,3.0,4.0,3.6666666666666665,93.0,6.0,8.0,0.0,2.0,3.0
20260419-KIA_Tigers-Doosan_Bears,20260419HTOB0,33.0,10.0,0.30303030303030304,32.0,11.0,0.34375,양현종,4.666666666666667,81.0,4.0,8.0,1.0,1.0,3.0,2.333333333333333,65.0,2.0,3.0,2.0,3.0,0.0,최민석,6.0,87.0,2.0,5.0,0.0,4.0,3.0,2.333333333333333,56.0,1.0,5.0,0.0,1.0,2.0
20260419-Kiwoom_Heroes-KT_Wiz,20260419WOKT0,31.0,7.0,0.22580645161290322,32.0,5.0,0.15625,하영민,7.0,94.0,0.0,3.0,0.0,1.0,5.0,1.0,50.0,1.0,2.0,0.0,2.0,2.0,고영표,6.0,89.0,2.0,5.0,2.0,2.0,4.0,2.333333333333333,52.0,1.0,2.0,0.0,3.0,3.0
20260419-LG_Twins-Samsung_Lions,20260419LGSS0,34.0,8.0,0.23529411764705882,26.0,2.0,0.07692307692307693,톨허스트,6.0,93.0,0.0,1.0,0.0,4.0,1.0,3.0,32.0,0.0,1.0,0.0,1.0,2.0,원태인,4.666666666666667,82.0,4.0,5.0,0.0,1.0,2.0,4.333333333333333,81.0,1.0,3.0,1.0,3.0,1.0
20260419-SSG_Landers-NC_Dinos,20260419SKNC0,36.0,9.0,0.25,33.0,10.0,0.30303030303030304,이기순,2.0,28.0,2.0,2.0,0.0,1.0,1.0,5.333333333333333,102.0,7.0,8.0,2.0,3.0,1.0,토다,4.0,101.0,1.0,5.0,0.0,3.0,5.0,5.0,83.0,1.0,4.0,0.0,2.0,4.0
20260421-Doosan_Bears-Lotte_Giants,20260421OBLT0,33.0,8.0,0.24242424242424243,33.0,7.0,0.21212121212121213,벤자민,4.666666666666667,82.0,0.0,3.0,0.0,2.0,7.0,3.6666666666666665,80.0,2.0,4.0,0.0,4.0,2.0,나균안,7.0,83.0,2.0,4.0,0.0,2.0,5.0,1.0,44.0,4.0,4.0,1.0,1.0,1.0
20260421-Hanwha_Eagles-LG_Twins,20260421HHLG0,36.0,7.0,0.19444444444444445,29.0,5.0,0.1724137931034483,문동주,3.6666666666666665,68.0,3.0,4.0,0.0,3.0,2.0,3.333333333333333,84.0,1.0,1.0,0.0,3.0,5.0,송승기,5.0,88.0,1.0,5.0,0.0,1.0,3.0,3.0,75.0,0.0,2.0,0.0,2.0,2.0
20260421-KIA_Tigers-KT_Wiz,20260421HTKT0,41.0,12.0,0.2926829268292683,41.0,13.0,0.3170731707317073,김태형,3.3333333333333335,86.0,3.0,6.0,1.0,3.0,4.0,6.0,105.0,3.0,7.0,1.0,2.0,5.0,오원석,5.333333333333333,90.0,2.0,5.0,0.0,2.0,3.0,5.0,77.0,3.0,7.0,0.0,2.0,3.0
20260421-NC_Dinos-Kiwoom_Heroes,20260421NCWO0,31.0,6.0,0.1935483870967742,33.0,10.0,0.30303030303030304,버하겐,5.666666666666667,96.0,1.0,7.0,0.0,1.0,6.0,1.0,40.0,1.0,3.0,0.0,1.0,1.0,오석주,4.333333333333333,78.0,1.0,3.0,0.0,4.0,6.0,4.0,79.0,0.0,3.0,0.0,3.0,4.0
20260421-SSG_Landers-Samsung_Lions,20260421SKSS0,36.0,8.0,0.2222222222222222,40.0,11.0,0.275,베니지아노,4.333333333333333,96.0,4.0,9.0,1.0,2.0,2.0,4.666666666666666,99.0,0.0,2.0,0.0,4.0,5.0,최원태,3.3333333333333335,88.0,2.0,4.0,0.0,4.0,2.0,6.0,106.0,2.0,4.0,0.0,5.0,3.0
20260422-Doosan_Bears-Lotte_Giants,20260422OBLT0,36.0,14.0,0.3888888888888889,34.0,8.0,0.23529411764705882,곽빈,6.0,94.0,1.0,6.0,0.0,1.0,7.0,3.0,42.0,0.0,2.0,0.0,0.0,3.0,김진욱,5.0,93.0,3.0,8.0,1.0,3.0,9.0,3.0,81.0,4.0,6.0,0.0,3.0,3.0
20260422-Hanwha_Eagles-LG_Twins,20260422HHLG0,27.0,1.0,0.037037037037037035,30.0,10.0,0.3333333333333333,왕옌청,5.0,93.0,3.0,6.0,1.0,3.0,6.0,3.0,44.0,0.0,4.0,0.0,0.0,1.0,웰스,8.0,84.0,0.0,1.0,0.0,1.0,7.0,1.0,13.0,0.0,0.0,0.0,0.0,2.0
20260422-KIA_Tigers-KT_Wiz,20260422HTKT0,29.0,5.0,0.1724137931034483,36.0,13.0,0.3611111111111111,네일,5.0,98.0,2.0,6.0,0.0,2.0,4.0,2.333333333333333,73.0,5.0,7.0,0.0,4.0,3.0,사우어,6.333333333333333,93.0,2.0,3.0,1.0,2.0,7.0,2.0,61.0,1.0,2.0,0.0,4.0,0.0
20260422-NC_Dinos-Kiwoom_Heroes,20260422NCWO0,34.0,8.0,0.23529411764705882,24.0,2.0,0.08333333333333333,신민혁,5.0,82.0,2.0,1.0,0.0,4.0,3.0,2.333333333333333,46.0,0.0,1.0,0.0,3.0,4.0,알칸타라,8.0,103.0,0.0,7.0,0.0,1.0,5.0,1.0,22.0,0.0,1.0,0.0,0.0,1.0
20260422-SSG_Landers-Samsung_Lions,20260422SKSS0,33.0,5.0,0.15151515151515152,32.0,6.0,0.1875,최민준,5.0,89.0,2.0,3.0,1.0,4.0,9.0,3.6666666666666665,66.0,0.0,3.0,0.0,1.0,3.0,후라도,7.0,103.0,1.0,4.0,1.0,2.0,5.0,1.0,42.0,2.0,1.0,0.0,3.0,1.0
20260423-Doosan_Bears-Lotte_Giants,20260423OBLT0,35.0,8.0,0.22857142857142856,36.0,12.0,0.3333333333333333,잭로그,4.0,75.0,5.0,9.0,0.0,0.0,2.0,4.0,60.0,1.0,3.0,0.0,0.0,3.0,로드리게스,6.0,111.0,1.0,6.0,1.0,1.0,8.0,3.0,41.0,0.0,2.0,0.0,0.0,1.0
20260423-Hanwha_Eagles-LG_Twins,20260423HHLG0,37.0,12.0,0.32432432432432434,34.0,11.0,0.3235294117647059,황준서,2.6666666666666665,44.0,1.0,2.0,0.0,2.0,2.0,4.666666666666666,107.0,2.0,9.0,1.0,5.0,1.0,이정용,3.0,41.0,1.0,2.0,1.0,0.0,3.0,5.666666666666666,142.0,6.0,10.0,2.0,6.0,6.0
20260423-KIA_Tigers-KT_Wiz,20260423HTKT0,33.0,7.0,0.21212121212121213,30.0,8.0,0.26666666666666666,이의리,5.0,98.0,5.0,4.0,0.0,4.0,3.0,2.333333333333333,55.0,3.0,4.0,0.0,1.0,2.0,소형준,5.0,96.0,2.0,6.0,0.0,2.0,5.0,4.0,47.0,0.0,1.0,0.0,1.0,3.0
20260423-NC_Dinos-Kiwoom_Heroes,20260423NCWO0,43.0,15.0,0.3488372093023256,33.0,7.0,0.21212121212121213,구창모,6.0,86.0,1.0,4.0,0.0,2.0,3.0,3.0,49.0,1.0,3.0,1.0,1.0,3.0,김연주,2.3333333333333335,57.0,5.0,4.0,0.0,4.0,3.0,6.666666666666666,122.0,4.0,11.0,1.0,1.0,6.0
20260423-SSG_Landers-Samsung_Lions,20260423SKSS0,33.0,11.0,0.3333333333333333,35.0,10.0,0.2857142857142857,화이트,6.0,95.0,1.0,7.0,0.0,3.0,7.0,2.0,51.0,0.0,3.0,0.0,2.0,2.0,오러클린,6.0,101.0,1.0,3.0,0.0,3.0,8.0,2.0,50.0,7.0,8.0,1.0,1.0,0.0
20260424-KT_Wiz-SSG_Landers,20260424KTSK0,29.0,3.0,0.10344827586206896,33.0,10.0,0.30303030303030304,보쉴리,5.0,91.0,4.0,8.0,1.0,4.0,6.0,3.0,39.0,1.0,2.0,1.0,0.0,0.0,김건우,7.0,107.0,0.0,3.0,0.0,2.0,7.0,2.0,23.0,0.0,0.0,0.0,0.0,1.0
20260424-LG_Twins-Doosan_Bears,20260424LGOB0,35.0,10.0,0.2857142857142857,31.0,7.0,0.22580645161290322,임찬규,5.666666666666667,77.0,1.0,6.0,0.0,3.0,2.0,2.333333333333333,44.0,0.0,1.0,0.0,0.0,3.0,최승용,5.333333333333333,84.0,2.0,5.0,0.0,2.0,4.0,3.333333333333333,76.0,2.0,5.0,0.0,4.0,5.0
20260424-Lotte_Giants-KIA_Tigers,20260424LTHT0,29.0,3.0,0.10344827586206896,32.0,9.0,0.28125,비슬리,7.0,106.0,2.0,7.0,1.0,0.0,11.0,0.0,22.0,2.0,2.0,1.0,0.0,1.0,올러,9.0,103.0,0.0,3.0,0.0,2.0,11.0,0.0,0.0,0.0,0.0,0.0,0.0,0.0
20260424-NC_Dinos-Hanwha_Eagles,20260424NCHH0,37.0,14.0,0.3783783783783784,32.0,4.0,0.125,테일러,3.3333333333333335,60.0,1.0,1.0,0.0,2.0,2.0,5.333333333333333,86.0,0.0,3.0,0.0,0.0,4.0,류현진,6.333333333333333,100.0,5.0,10.0,1.0,0.0,3.0,1.0,45.0,2.0,4.0,0.0,3.0,3.0
20260424-Samsung_Lions-Kiwoom_Heroes,20260424SSWO0,40.0,13.0,0.325,35.0,12.0,0.34285714285714286,이승현,2.6666666666666665,58.0,4.0,6.0,0.0,2.0,1.0,5.0,122.0,1.0,6.0,0.0,2.0,5.0,안우진,3.0,49.0,1.0,2.0,0.0,1.0,6.0,6.0,125.0,3.0,11.0,2.0,3.0,9.0
20260425-KT_Wiz-SSG_Landers,20260425KTSK0,31.0,5.0,0.16129032258064516,31.0,7.0,0.22580645161290322,고영표,5.0,97.0,2.0,6.0,0.0,1.0,5.0,3.0,37.0,1.0,1.0,1.0,0.0,3.0,타케다,5.0,92.0,0.0,3.0,0.0,2.0,6.0,4.0,71.0,1.0,2.0,1.0,3.0,2.0
20260425-LG_Twins-Doosan_Bears,20260425LGOB0,36.0,12.0,0.3333333333333333,34.0,9.0,0.2647058823529412,톨허스트,5.0,97.0,5.0,7.0,1.0,4.0,2.0,4.0,54.0,0.0,2.0,0.0,1.0,2.0,최민석,6.0,96.0,3.0,6.0,0.0,4.0,6.0,2.0,85.0,4.0,6.0,0.0,2.0,2.0
20260425-Lotte_Giants-KIA_Tigers,20260425LTHT0,34.0,5.0,0.14705882352941177,27.0,6.0,0.2222222222222222,박세웅,5.0,101.0,4.0,5.0,0.0,4.0,7.0,3.0,37.0,0.0,1.0,0.0,2.0,3.0,양현종,5.0,90.0,1.0,4.0,1.0,2.0,5.0,3.333333333333333,66.0,0.0,1.0,0.0,2.0,5.0
20260425-NC_Dinos-Hanwha_Eagles,20260425NCHH0,31.0,8.0,0.25806451612903225,32.0,10.0,0.3125,토다,6.0,83.0,6.0,8.0,1.0,2.0,2.0,2.0,38.0,1.0,2.0,0.0,1.0,2.0,에르난데스,7.0,97.0,1.0,8.0,0.0,1.0,4.0,2.0,23.0,0.0,0.0,0.0,1.0,2.0
20260425-Samsung_Lions-Kiwoom_Heroes,20260425SSWO0,36.0,9.0,0.25,29.0,7.0,0.2413793103448276,원태인,7.0,90.0,3.0,6.0,0.0,2.0,4.0,1.0,15.0,1.0,1.0,1.0,0.0,1.0,하영민,5.666666666666667,93.0,2.0,5.0,1.0,3.0,6.0,3.333333333333333,40.0,0.0,4.0,0.0,0.0,3.0
20260426-KT_Wiz-SSG_Landers,20260426KTSK0,39.0,14.0,0.358974358974359,32.0,8.0,0.25,오원석,6.0,101.0,2.0,5.0,1.0,1.0,6.0,3.0,48.0,0.0,3.0,0.0,0.0,3.0,베니지아노,5.0,88.0,4.0,6.0,1.0,2.0,5.0,3.0,94.0,7.0,8.0,2.0,4.0,3.0
20260426-LG_Twins-Doosan_Bears,20260426LGOB0,39.0,12.0,0.3076923076923077,33.0,9.0,0.2727272727272727,송승기,5.0,91.0,2.0,6.0,1.0,1.0,3.0,4.0,69.0,2.0,3.0,0.0,2.0,4.0,벤자민,7.0,88.0,3.0,10.0,1.0,1.0,5.0,3.0,40.0,0.0,2.0,0.0,2.0,2.0
20260426-Lotte_Giants-KIA_Tigers,20260426LTHT0,44.0,11.0,0.25,37.0,6.0,0.16216216216216217,나균안,6.0,92.0,2.0,3.0,1.0,1.0,4.0,5.0,92.0,3.0,3.0,1.0,4.0,4.0,황동하,4.0,70.0,2.0,5.0,0.0,1.0,3.0,7.0,104.0,3.0,6.0,2.0,0.0,10.0
20260426-NC_Dinos-Hanwha_Eagles,20260426NCHH0,30.0,7.0,0.23333333333333334,28.0,3.0,0.10714285714285714,버하겐,4.666666666666667,85.0,3.0,3.0,2.0,2.0,4.0,4.0,73.0,0.0,0.0,0.0,4.0,5.0,문동주,6.0,95.0,3.0,4.0,1.0,2.0,2.0,2.0,43.0,2.0,3.0,1.0,1.0,4.0
20260426-Samsung_Lions-Kiwoom_Heroes,20260426SSWO0,35.0,8.0,0.22857142857142856,30.0,8.0,0.26666666666666666,장찬희,3.0,59.0,1.0,3.0,0.0,1.0,4.0,4.0,85.0,1.0,5.0,0.0,4.0,6.0,박준현,5.0,95.0,0.0,4.0,0.0,4.0,4.0,4.0,63.0,0.0,4.0,0.0,0.0,1.0
20260428-KIA_Tigers-NC_Dinos,20260428HTNC0,34.0,7.0,0.20588235294117646,31.0,9.0,0.2903225806451613,네일,6.0,82.0,5.0,8.0,1.0,1.0,4.0,1.0,26.0,0.0,1.0,0.0,1.0,2.0,신민혁,3.6666666666666665,61.0,4.0,5.0,2.0,1.0,3.0,2.333333333333333,95.0,0.0,2.0,0.0,4.0,4.0
20260428-Kiwoom_Heroes-Lotte_Giants,20260428WOLT0,32.0,7.0,0.21875,35.0,11.0,0.3142857142857143,알칸타라,6.0,93.0,5.0,10.0,0.0,2.0,3.0,2.0,24.0,0.0,1.0,0.0,0.0,1.0,김진욱,5.0,89.0,2.0,4.0,0.0,3.0,6.0,4.0,72.0,2.0,3.0,0.0,3.0,3.0
20260428-LG_Twins-KT_Wiz,20260428LGKT0,38.0,10.0,0.2631578947368421,39.0,11.0,0.28205128205128205,웰스,6.0,94.0,0.0,3.0,0.0,2.0,8.0,1.0,113.0,6.0,8.0,0.0,4.0,4.0,사우어,6.0,102.0,2.0,6.0,1.0,2.0,5.0,3.0,73.0,3.0,4.0,0.0,3.0,4.0
20260428-SSG_Landers-Hanwha_Eagles,20260428SKHH0,37.0,11.0,0.2972972972972973,38.0,10.0,0.2631578947368421,최민준,5.0,81.0,2.0,5.0,0.0,1.0,3.0,3.333333333333333,123.0,4.0,5.0,0.0,8.0,3.0,왕옌청,5.333333333333333,91.0,2.0,5.0,1.0,3.0,2.0,4.0,95.0,4.0,6.0,0.0,2.0,6.0
20260428-Samsung_Lions-Doosan_Bears,20260428SSOB0,36.0,9.0,0.25,43.0,14.0,0.32558139534883723,후라도,7.0,86.0,0.0,6.0,0.0,0.0,7.0,2.0,88.0,4.0,8.0,0.0,3.0,3.0,곽빈,6.0,89.0,3.0,5.0,0.0,1.0,7.0,3.0,65.0,2.0,4.0,0.0,2.0,1.0
20260429-KIA_Tigers-NC_Dinos,20260429HTNC0,43.0,14.0,0.32558139534883723,37.0,9.0,0.24324324324324326,이의리,5.0,87.0,3.0,5.0,2.0,2.0,6.0,4.0,82.0,0.0,4.0,0.0,3.0,4.0,구창모,6.0,89.0,3.0,7.0,3.0,1.0,5.0,3.0,89.0,6.0,7.0,2.0,6.0,6.0
20260429-Kiwoom_Heroes-Lotte_Giants,20260429WOLT0,40.0,8.0,0.2,42.0,12.0,0.2857142857142857,오석주,3.3333333333333335,69.0,2.0,5.0,0.0,2.0,3.0,7.666666666666666,121.0,3.0,7.0,1.0,5.0,7.0,로드리게스,6.333333333333333,97.0,3.0,4.0,2.0,2.0,3.0,3.0,78.0,1.0,4.0,0.0,4.0,4.0
20260429-LG_Twins-KT_Wiz,20260429LGKT0,37.0,12.0,0.32432432432432434,34.0,7.0,0.20588235294117646,이정용,5.0,61.0,0.0,3.0,0.0,1.0,2.0,3.6666666666666665,92.0,4.0,4.0,0.0,5.0,6.0,소형준,6.0,95.0,1.0,8.0,0.0,3.0,4.0,3.333333333333333,65.0,1.0,4.0,0.0,0.0,2.0
20260429-SSG_Landers-Hanwha_Eagles,20260429SKHH0,31.0,7.0,0.22580645161290322,32.0,6.0,0.1875,화이트,4.0,85.0,1.0,5.0,0.0,3.0,4.0,5.0,78.0,0.0,1.0,0.0,2.0,3.0,황준서,1.6666666666666665,55.0,5.0,2.0,1.0,6.0,1.0,7.333333333333334,109.0,1.0,5.0,0.0,5.0,3.0
20260429-Samsung_Lions-Doosan_Bears,20260429SSOB0,33.0,6.0,0.18181818181818182,28.0,7.0,0.25,오러클린,6.0,92.0,3.0,5.0,0.0,2.0,5.0,2.0,28.0,1.0,2.0,1.0,2.0,1.0,잭로그,6.0,101.0,0.0,4.0,0.0,2.0,8.0,3.0,42.0,0.0,2.0,0.0,0.0,3.0
20260430-KIA_Tigers-NC_Dinos,20260430HTNC0,33.0,6.0,0.18181818181818182,29.0,10.0,0.3448275862068966,올러,5.0,85.0,4.0,5.0,1.0,3.0,5.0,3.0,58.0,3.0,5.0,0.0,1.0,1.0,테일러,6.0,98.0,2.0,6.0,1.0,1.0,3.0,3.0,35.0,0.0,0.0,0.0,0.0,3.0
20260430-Kiwoom_Heroes-Lotte_Giants,20260430WOLT0,33.0,8.0,0.24242424242424243,33.0,9.0,0.2727272727272727,배동현,5.0,85.0,0.0,4.0,0.0,0.0,1.0,2.333333333333333,60.0,2.0,5.0,0.0,1.0,2.0,비슬리,6.0,98.0,1.0,7.0,0.0,1.0,7.0,3.0,55.0,0.0,1.0,0.0,2.0,4.0
20260430-LG_Twins-KT_Wiz,20260430LGKT0,34.0,10.0,0.29411764705882354,36.0,8.0,0.2222222222222222,임찬규,5.666666666666667,99.0,4.0,6.0,0.0,3.0,4.0,3.0,57.0,1.0,2.0,0.0,2.0,0.0,보쉴리,4.0,92.0,3.0,4.0,1.0,4.0,3.0,5.0,76.0,3.0,6.0,0.0,2.0,4.0
20260430-SSG_Landers-Hanwha_Eagles,20260430SKHH0,37.0,12.0,0.32432432432432434,33.0,7.0,0.21212121212121213,김건우,5.666666666666667,98.0,1.0,5.0,0.0,3.0,4.0,3.0,62.0,2.0,2.0,0.0,3.0,4.0,류현진,5.666666666666667,97.0,4.0,6.0,0.0,2.0,4.0,3.333333333333333,74.0,3.0,6.0,1.0,6.0,1.0
20260430-Samsung_Lions-Doosan_Bears,20260430SSOB0,36.0,12.0,0.3333333333333333,33.0,9.0,0.2727272727272727,최원태,5.333333333333333,95.0,4.0,8.0,0.0,1.0,8.0,0.0,55.0,0.0,1.0,0.0,5.0,1.0,최승용,4.333333333333333,75.0,3.0,8.0,0.0,3.0,2.0,4.0,95.0,2.0,4.0,0.0,4.0,6.0
20260501-Doosan_Bears-Kiwoom_Heroes,20260501OBWO0,40.0,15.0,0.375,36.0,11.0,0.3055555555555556,최민석,4.0,70.0,4.0,6.0,0.0,2.0,4.0,5.0,91.0,1.0,5.0,0.0,2.0,4.0,하영민,4.0,72.0,5.0,5.0,2.0,3.0,2.0,4.0,146.0,11.0,10.0,0.0,9.0,4.0
20260501-Hanwha_Eagles-Samsung_Lions,20260501HHSS0,32.0,8.0,0.25,29.0,8.0,0.27586206896551724,에르난데스,5.0,62.0,0.0,2.0,0.0,1.0,5.0,2.333333333333333,65.0,4.0,6.0,1.0,3.0,2.0,원태인,5.0,98.0,3.0,5.0,1.0,1.0,7.0,3.0,63.0,0.0,3.0,0.0,2.0,2.0
20260501-KT_Wiz-KIA_Tigers,20260501KTHT0,34.0,11.0,0.3235294117647059,33.0,7.0,0.21212121212121213,고영표,6.0,93.0,2.0,5.0,0.0,0.0,12.0,3.0,50.0,1.0,2.0,0.0,2.0,5.0,양현종,4.0,97.0,2.0,5.0,1.0,4.0,5.0,4.0,101.0,2.0,6.0,0.0,4.0,6.0
20260501-Lotte_Giants-SSG_Landers,20260501LTSK0,43.0,12.0,0.27906976744186046,37.0,10.0,0.2702702702702703,박세웅,6.333333333333333,102.0,5.0,6.0,1.0,3.0,5.0,2.6666666666666665,69.0,2.0,4.0,0.0,5.0,1.0,타케다,5.333333333333333,72.0,1.0,3.0,0.0,2.0,4.0,3.333333333333333,92.0,9.0,9.0,0.0,4.0,4.0
20260501-NC_Dinos-LG_Twins,20260501NCLG0,38.0,8.0,0.21052631578947367,24.0,5.0,0.20833333333333334,토다,5.0,82.0,5.0,5.0,2.0,3.0,4.0,2.3333333333333335,45.0,0.0,0.0,0.0,2.0,3.0,톨허스트,6.333333333333333,101.0,1.0,7.0,0.0,3.0,5.0,2.0,34.0,0.0,1.0,0.0,0.0,3.0
20260502-Doosan_Bears-Kiwoom_Heroes,20260502OBWO0,31.0,3.0,0.0967741935483871,30.0,6.0,0.2,벤자민,3.6666666666666665,85.0,3.0,5.0,0.0,3.0,4.0,4.333333333333334,65.0,0.0,1.0,0.0,1.0,2.0,안우진,5.0,67.0,1.0,3.0,0.0,0.0,5.0,4.0,66.0,0.0,0.0,0.0,1.0,5.0
20260502-Hanwha_Eagles-Samsung_Lions,20260502HHSS0,38.0,15.0,0.39473684210526316,36.0,10.0,0.2777777777777778,문동주,0.0,15.0,1.0,1.0,0.0,0.0,1.0,7.333333333333333,135.0,2.0,9.0,1.0,4.0,4.0,장찬희,4.0,77.0,4.0,5.0,1.0,4.0,2.0,4.0,101.0,9.0,10.0,2.0,3.0,0.0
20260502-KT_Wiz-KIA_Tigers,20260502KTHT0,30.0,6.0,0.2,32.0,9.0,0.28125,오원석,5.666666666666667,105.0,5.0,8.0,0.0,2.0,4.0,2.333333333333333,34.0,1.0,1.0,1.0,1.0,0.0,황동하,7.0,97.0,0.0,4.0,0.0,0.0,8.0,2.0,25.0,0.0,2.0,0.0,1.0,0.0
20260502-Lotte_Giants-SSG_Landers,20260502LTSK0,39.0,13.0,0.3333333333333333,33.0,8.0,0.24242424242424243,나균안,7.0,102.0,2.0,6.0,1.0,1.0,7.0,2.0,34.0,3.0,2.0,1.0,1.0,2.0,베니지아노,5.0,73.0,2.0,3.0,0.0,1.0,3.0,3.0,116.0,5.0,10.0,0.0,5.0,3.0
20260502-NC_Dinos-LG_Twins,20260502NCLG0,34.0,9.0,0.2647058823529412,33.0,11.0,0.3333333333333333,버하겐,1.6666666666666665,46.0,4.0,1.0,0.0,5.0,3.0,5.0,148.0,9.0,10.0,1.0,7.0,5.0,송승기,5.0,102.0,5.0,7.0,0.0,3.0,5.0,4.0,54.0,0.0,2.0,0.0,0.0,1.0
20260503-Doosan_Bears-Kiwoom_Heroes,20260503OBWO0,42.0,15.0,0.35714285714285715,36.0,8.0,0.2222222222222222,곽빈,6.0,107.0,2.0,6.0,1.0,1.0,9.0,3.0,56.0,0.0,2.0,0.0,0.0,5.0,박준현,3.6666666666666665,79.0,4.0,6.0,0.0,3.0,2.0,4.333333333333333,131.0,9.0,9.0,1.0,8.0,3.0
20260503-Hanwha_Eagles-Samsung_Lions,20260503HHSS0,34.0,8.0,0.23529411764705882,34.0,10.0,0.29411764705882354,왕옌청,5.0,98.0,1.0,5.0,1.0,3.0,2.0,3.0,61.0,4.0,5.0,1.0,2.0,5.0,후라도,6.0,93.0,3.0,5.0,2.0,2.0,2.0,2.333333333333333,62.0,1.0,3.0,1.0,3.0,0.0
20260503-KT_Wiz-KIA_Tigers,20260503KTHT0,35.0,10.0,0.2857142857142857,33.0,6.0,0.18181818181818182,사우어,6.0,105.0,3.0,4.0,1.0,2.0,7.0,2.0,43.0,1.0,2.0,0.0,0.0,5.0,네일,5.0,96.0,6.0,7.0,1.0,2.0,4.0,4.0,61.0,0.0,3.0,0.0,1.0,2.0
20260503-Lotte_Giants-SSG_Landers,20260503LTSK0,32.0,6.0,0.1875,33.0,7.0,0.21212121212121213,김진욱,6.0,87.0,1.0,6.0,1.0,1.0,4.0,3.0,38.0,0.0,1.0,0.0,0.0,4.0,백승건,4.0,62.0,1.0,1.0,0.0,1.0,4.0,4.333333333333333,101.0,4.0,5.0,1.0,3.0,6.0
20260503-NC_Dinos-LG_Twins,20260503NCLG0,38.0,15.0,0.39473684210526316,34.0,7.0,0.20588235294117646,신민혁,4.0,84.0,3.0,5.0,0.0,2.0,2.0,5.0,73.0,0.0,2.0,0.0,0.0,1.0,이상영,3.3333333333333335,58.0,5.0,9.0,0.0,2.0,0.0,5.0,110.0,4.0,6.0,1.0,6.0,4.0
20260505-Doosan_Bears-LG_Twins,20260505OBLG0,34.0,6.0,0.17647058823529413,35.0,10.0,0.2857142857142857,잭로그,5.666666666666667,98.0,1.0,8.0,0.0,2.0,6.0,1.0,65.0,1.0,2.0,0.0,3.0,4.0,웰스,5.0,93.0,0.0,4.0,0.0,1.0,2.0,4.0,54.0,0.0,2.0,0.0,0.0,3.0
20260505-Hanwha_Eagles-KIA_Tigers,20260505HHHT0,33.0,10.0,0.30303030303030304,35.0,14.0,0.4,강건우,1.0,32.0,5.0,4.0,1.0,2.0,1.0,5.333333333333333,129.0,7.0,10.0,2.0,4.0,3.0,이의리,1.6666666666666665,49.0,5.0,2.0,1.0,6.0,3.0,6.333333333333334,132.0,2.0,8.0,0.0,5.0,4.0
20260505-Kiwoom_Heroes-Samsung_Lions,20260505WOSS0,32.0,5.0,0.15625,36.0,13.0,0.3611111111111111,오석주,3.6666666666666665,86.0,4.0,8.0,0.0,3.0,1.0,4.333333333333333,63.0,7.0,5.0,3.0,2.0,1.0,오러클린,6.0,112.0,1.0,4.0,1.0,3.0,7.0,3.0,43.0,0.0,1.0,0.0,0.0,0.0
20260505-Lotte_Giants-KT_Wiz,20260505LTKT0,33.0,7.0,0.21212121212121213,33.0,10.0,0.30303030303030304,로드리게스,5.0,103.0,4.0,8.0,1.0,2.0,6.0,1.3333333333333333,52.0,1.0,2.0,0.0,1.0,2.0,소형준,6.0,84.0,2.0,3.0,0.0,1.0,6.0,1.6666666666666665,67.0,2.0,4.0,0.0,3.0,7.0
20260505-NC_Dinos-SSG_Landers,20260505NCSK0,43.0,11.0,0.2558139534883721,45.0,13.0,0.28888888888888886,신영우,3.0,82.0,1.0,1.0,0.0,8.0,5.0,7.333333333333333,161.0,4.0,12.0,0.0,6.0,9.0,최민준,5.333333333333333,90.0,5.0,8.0,1.0,3.0,3.0,4.0,98.0,2.0,3.0,0.0,2.0,8.0
20260506-Doosan_Bears-LG_Twins,20260506OBLG0,35.0,9.0,0.2571428571428571,33.0,11.0,0.3333333333333333,최승용,2.6666666666666665,81.0,4.0,6.0,1.0,4.0,3.0,4.333333333333333,91.0,2.0,5.0,1.0,4.0,2.0,임찬규,6.0,89.0,1.0,6.0,1.0,0.0,5.0,3.0,26.0,0.0,3.0,0.0,0.0,2.0
20260506-Hanwha_Eagles-KIA_Tigers,20260506HHHT0,34.0,9.0,0.2647058823529412,32.0,5.0,0.15625,류현진,6.0,85.0,1.0,4.0,1.0,2.0,8.0,3.0,33.0,1.0,1.0,1.0,1.0,4.0,올러,6.0,101.0,5.0,7.0,1.0,3.0,4.0,3.0,56.0,2.0,2.0,1.0,2.0,3.0
20260506-Kiwoom_Heroes-Samsung_Lions,20260506WOSS0,31.0,4.0,0.12903225806451613,26.0,5.0,0.19230769230769232,배동현,5.0,85.0,2.0,5.0,1.0,3.0,3.0,3.0,31.0,0.0,0.0,0.0,2.0,0.0,최원태,6.333333333333333,99.0,1.0,3.0,0.0,1.0,5.0,2.6666666666666665,39.0,0.0,1.0,0.0,0.0,3.0
20260506-Lotte_Giants-KT_Wiz,20260506LTKT0,42.0,16.0,0.38095238095238093,32.0,5.0,0.15625,비슬리,6.0,100.0,0.0,3.0,0.0,3.0,6.0,3.0,38.0,0.0,2.0,0.0,1.0,4.0,보쉴리,6.0,91.0,6.0,11.0,1.0,1.0,4.0,3.0,49.0,2.0,5.0,0.0,0.0,2.0
20260506-NC_Dinos-SSG_Landers,20260506NCSK0,34.0,8.0,0.23529411764705882,33.0,8.0,0.24242424242424243,라일리,5.0,86.0,4.0,4.0,3.0,1.0,4.0,2.0,78.0,3.0,4.0,0.0,4.0,4.0,김건우,5.333333333333333,93.0,4.0,4.0,3.0,2.0,4.0,3.6666666666666665,54.0,2.0,4.0,0.0,1.0,4.0
20260507-Doosan_Bears-LG_Twins,20260507OBLG0,31.0,8.0,0.25806451612903225,34.0,8.0,0.23529411764705882,최민석,5.0,104.0,1.0,5.0,0.0,3.0,8.0,3.333333333333333,61.0,1.0,3.0,0.0,2.0,4.0,톨허스트,7.333333333333333,94.0,3.0,5.0,0.0,2.0,5.0,1.0,43.0,0.0,3.0,0.0,1.0,4.0
20260507-Hanwha_Eagles-KIA_Tigers,20260507HHHT0,46.0,19.0,0.41304347826086957,32.0,5.0,0.15625,정우주,1.6666666666666665,49.0,2.0,1.0,0.0,4.0,2.0,7.333333333333334,103.0,5.0,4.0,1.0,5.0,5.0,양현종,4.333333333333333,82.0,5.0,10.0,1.0,2.0,2.0,4.0,94.0,5.0,9.0,3.0,0.0,3.0
20260507-Kiwoom_Heroes-Samsung_Lions,20260507WOSS0,31.0,4.0,0.12903225806451613,30.0,8.0,0.26666666666666666,박정훈,4.0,71.0,4.0,5.0,0.0,2.0,4.0,4.0,66.0,2.0,3.0,0.0,3.0,5.0,원태인,7.0,99.0,0.0,4.0,0.0,2.0,6.0,2.0,31.0,0.0,0.0,0.0,1.0,1.0
20260507-NC_Dinos-SSG_Landers,20260507NCSK0,37.0,12.0,0.32432432432432434,35.0,9.0,0.2571428571428571,테일러,5.666666666666667,105.0,4.0,6.0,0.0,3.0,6.0,3.333333333333333,55.0,1.0,3.0,0.0,2.0,2.0,타케다,4.333333333333333,98.0,7.0,8.0,0.0,4.0,3.0,4.0,63.0,3.0,4.0,1.0,3.0,2.0
20260508-KIA_Tigers-Lotte_Giants,20260508HTLT0,40.0,13.0,0.325,33.0,9.0,0.2727272727272727,황동하,6.0,75.0,1.0,5.0,1.0,2.0,4.0,3.0,48.0,1.0,4.0,0.0,3.0,1.0,나균안,6.333333333333333,95.0,3.0,9.0,2.0,1.0,2.0,2.333333333333333,54.0,3.0,4.0,1.0,3.0,2.0
20260508-KT_Wiz-Kiwoom_Heroes,20260508KTWO0,39.0,13.0,0.3333333333333333,30.0,4.0,0.13333333333333333,오원석,7.0,84.0,0.0,4.0,0.0,1.0,5.0,2.0,20.0,0.0,0.0,0.0,0.0,1.0,안우진,4.0,76.0,0.0,4.0,0.0,2.0,8.0,4.0,104.0,8.0,9.0,0.0,4.0,3.0
20260508-LG_Twins-Hanwha_Eagles,20260508LGHH0,41.0,15.0,0.36585365853658536,49.0,17.0,0.3469387755102041,송승기,4.0,89.0,3.0,5.0,1.0,2.0,7.0,4.666666666666666,158.0,3.0,12.0,0.0,2.0,7.0,박준영,3.6666666666666665,77.0,3.0,3.0,0.0,4.0,5.0,5.0,150.0,6.0,12.0,1.0,4.0,4.0
20260508-SSG_Landers-Doosan_Bears,20260508SKOB0,37.0,12.0,0.32432432432432434,30.0,6.0,0.2,베니지아노,5.666666666666667,91.0,1.0,6.0,0.0,3.0,7.0,3.333333333333333,47.0,0.0,0.0,0.0,1.0,1.0,벤자민,5.0,83.0,4.0,11.0,0.0,1.0,4.0,3.6666666666666665,52.0,0.0,1.0,0.0,1.0,5.0
20260508-Samsung_Lions-NC_Dinos,20260508SSNC0,35.0,10.0,0.2857142857142857,30.0,6.0,0.2,장찬희,6.0,94.0,1.0,4.0,0.0,3.0,2.0,2.333333333333333,50.0,2.0,2.0,1.0,2.0,4.0,목지훈,4.333333333333333,72.0,3.0,7.0,2.0,3.0,3.0,4.0,75.0,0.0,3.0,0.0,2.0,5.0
20260509-KIA_Tigers-Lotte_Giants,20260509HTLT0,34.0,8.0,0.23529411764705882,33.0,6.0,0.18181818181818182,네일,6.0,94.0,1.0,5.0,0.0,0.0,4.0,3.0,37.0,0.0,1.0,0.0,0.0,3.0,김진욱,7.333333333333333,101.0,2.0,5.0,1.0,2.0,6.0,0.0,32.0,1.0,3.0,0.0,2.0,1.0
20260509-KT_Wiz-Kiwoom_Heroes,20260509KTWO0,43.0,18.0,0.4186046511627907,42.0,10.0,0.23809523809523808,고영표,5.0,76.0,5.0,5.0,2.0,2.0,5.0,5.333333333333333,109.0,1.0,5.0,0.0,5.0,7.0,알칸타라,5.0,105.0,3.0,9.0,2.0,2.0,2.0,5.333333333333333,116.0,3.0,9.0,0.0,4.0,4.0
20260509-LG_Twins-Hanwha_Eagles,20260509LGHH0,33.0,8.0,0.24242424242424243,37.0,14.0,0.3783783783783784,치리노스,3.6666666666666665,82.0,4.0,4.0,1.0,4.0,4.0,4.333333333333333,105.0,5.0,10.0,1.0,3.0,5.0,왕옌청,6.333333333333333,93.0,3.0,7.0,0.0,3.0,4.0,1.6666666666666665,40.0,0.0,1.0,0.0,2.0,1.0
20260509-SSG_Landers-Doosan_Bears,20260509SKOB0,35.0,10.0,0.2857142857142857,28.0,8.0,0.2857142857142857,긴지로,3.0,78.0,6.0,3.0,1.0,6.0,2.0,4.333333333333333,99.0,3.0,5.0,0.0,5.0,3.0,곽빈,5.0,100.0,2.0,6.0,0.0,4.0,1.0,3.333333333333333,71.0,2.0,4.0,1.0,0.0,3.0
20260509-Samsung_Lions-NC_Dinos,20260509SSNC0,29.0,6.0,0.20689655172413793,31.0,6.0,0.1935483870967742,후라도,6.0,105.0,2.0,5.0,0.0,2.0,5.0,2.0,65.0,2.0,1.0,0.0,2.0,5.0,신민혁,5.666666666666667,88.0,2.0,4.0,0.0,3.0,2.0,2.333333333333333,80.0,2.0,2.0,0.0,5.0,3.0
20260510-KIA_Tigers-Lotte_Giants,20260510HTLT0,33.0,8.0,0.24242424242424243,34.0,10.0,0.29411764705882354,이의리,2.6666666666666665,73.0,4.0,4.0,0.0,3.0,4.0,4.666666666666666,83.0,3.0,6.0,0.0,2.0,2.0,박세웅,6.0,85.0,2.0,4.0,0.0,3.0,4.0,2.333333333333333,64.0,1.0,4.0,0.0,2.0,5.0
20260510-KT_Wiz-Kiwoom_Heroes,20260510KTWO0,30.0,6.0,0.2,34.0,9.0,0.2647058823529412,배제성,3.3333333333333335,50.0,0.0,2.0,0.0,1.0,5.0,4.666666666666666,92.0,5.0,7.0,1.0,3.0,8.0,박준현,5.0,92.0,0.0,2.0,0.0,4.0,2.0,3.333333333333333,82.0,1.0,4.0,0.0,2.0,2.0
20260510-LG_Twins-Hanwha_Eagles,20260510LGHH0,36.0,7.0,0.19444444444444445,34.0,13.0,0.38235294117647056,웰스,3.3333333333333335,73.0,5.0,6.0,0.0,2.0,2.0,4.666666666666667,57.0,3.0,7.0,2.0,0.0,2.0,박준영,5.0,79.0,0.0,3.0,0.0,3.0,2.0,3.6666666666666665,72.0,1.0,4.0,0.0,1.0,3.0
20260510-SSG_Landers-Doosan_Bears,20260510SKOB0,33.0,7.0,0.21212121212121213,27.0,4.0,0.14814814814814814,최민준,2.0,46.0,2.0,3.0,1.0,3.0,0.0,6.0,89.0,0.0,1.0,0.0,1.0,6.0,잭로그,6.333333333333333,89.0,1.0,6.0,0.0,1.0,5.0,1.6666666666666665,53.0,0.0,1.0,0.0,3.0,3.0
20260510-Samsung_Lions-NC_Dinos,20260510SSNC0,38.0,13.0,0.34210526315789475,30.0,5.0,0.16666666666666666,오러클린,6.0,86.0,0.0,2.0,0.0,3.0,6.0,2.6666666666666665,44.0,1.0,3.0,0.0,2.0,2.0,구창모,4.333333333333333,88.0,6.0,9.0,1.0,1.0,6.0,4.666666666666666,106.0,5.0,4.0,1.0,7.0,5.0
20260512-Doosan_Bears-KIA_Tigers,20260512OBHT0,31.0,7.0,0.22580645161290322,32.0,7.0,0.21875,최승용,5.0,95.0,1.0,5.0,0.0,3.0,2.0,4.0,57.0,0.0,2.0,0.0,2.0,3.0,올러,6.0,90.0,5.0,6.0,1.0,1.0,6.0,3.0,63.0,0.0,1.0,0.0,3.0,0.0
20260512-Hanwha_Eagles-Kiwoom_Heroes,20260512HHWO0,42.0,17.0,0.40476190476190477,32.0,7.0,0.21875,류현진,5.0,89.0,3.0,5.0,0.0,2.0,9.0,3.333333333333333,77.0,2.0,2.0,0.0,4.0,4.0,배동현,3.0,93.0,8.0,11.0,1.0,3.0,3.0,6.0,111.0,3.0,6.0,1.0,4.0,4.0
20260512-NC_Dinos-Lotte_Giants,20260512NCLT0,35.0,9.0,0.2571428571428571,33.0,6.0,0.18181818181818182,라일리,5.0,91.0,1.0,3.0,1.0,2.0,5.0,4.0,37.0,0.0,3.0,0.0,0.0,5.0,로드리게스,4.666666666666667,103.0,5.0,6.0,0.0,6.0,8.0,3.6666666666666665,90.0,3.0,3.0,1.0,4.0,2.0
20260512-SSG_Landers-KT_Wiz,20260512SKKT0,34.0,9.0,0.2647058823529412,36.0,11.0,0.3055555555555556,김건우,5.0,90.0,1.0,6.0,0.0,2.0,3.0,4.0,74.0,0.0,5.0,0.0,1.0,5.0,사우어,5.0,98.0,5.0,7.0,2.0,2.0,3.0,4.0,59.0,0.0,2.0,0.0,1.0,3.0
20260512-Samsung_Lions-LG_Twins,20260512SSLG0,37.0,13.0,0.35135135135135137,29.0,7.0,0.2413793103448276,최원태,6.0,88.0,0.0,4.0,0.0,3.0,4.0,2.0,45.0,1.0,3.0,0.0,3.0,3.0,임찬규,5.666666666666667,85.0,1.0,6.0,0.0,1.0,2.0,3.333333333333333,105.0,8.0,7.0,2.0,4.0,1.0
20260513-Doosan_Bears-KIA_Tigers,20260513OBHT0,32.0,4.0,0.125,30.0,9.0,0.3,최준호,3.0,70.0,4.0,4.0,2.0,2.0,3.0,5.0,84.0,3.0,5.0,1.0,3.0,2.0,양현종,5.0,82.0,2.0,3.0,2.0,2.0,4.0,4.0,52.0,0.0,1.0,0.0,1.0,2.0
20260513-Hanwha_Eagles-Kiwoom_Heroes,20260513HHWO0,34.0,8.0,0.23529411764705882,33.0,10.0,0.30303030303030304,에르난데스,3.6666666666666665,81.0,2.0,6.0,0.0,2.0,6.0,4.0,86.0,0.0,4.0,0.0,3.0,4.0,박정훈,5.333333333333333,101.0,0.0,3.0,0.0,4.0,4.0,2.333333333333333,65.0,2.0,5.0,0.0,1.0,5.0
20260513-NC_Dinos-Lotte_Giants,20260513NCLT0,35.0,13.0,0.37142857142857144,32.0,11.0,0.34375,테일러,5.0,97.0,7.0,9.0,0.0,3.0,2.0,2.0,79.0,2.0,2.0,0.0,6.0,4.0,비슬리,6.0,85.0,4.0,11.0,0.0,3.0,7.0,3.0,44.0,1.0,2.0,0.0,1.0,2.0
20260513-SSG_Landers-KT_Wiz,20260513SKKT0,37.0,10.0,0.2702702702702703,42.0,20.0,0.47619047619047616,타케다,3.0,91.0,9.0,9.0,1.0,4.0,5.0,5.0,113.0,9.0,11.0,1.0,6.0,3.0,보쉴리,7.0,98.0,4.0,8.0,0.0,1.0,5.0,2.0,25.0,0.0,2.0,0.0,1.0,2.0
20260513-Samsung_Lions-LG_Twins,20260513SSLG0,33.0,5.0,0.15151515151515152,31.0,10.0,0.3225806451612903,원태인,6.0,94.0,4.0,9.0,0.0,0.0,5.0,2.0,29.0,1.0,1.0,1.0,1.0,0.0,톨허스트,6.0,92.0,1.0,3.0,0.0,1.0,7.0,1.0,58.0,2.0,2.0,0.0,4.0,1.0
20260514-Doosan_Bears-KIA_Tigers,20260514OBHT0,34.0,9.0,0.2647058823529412,36.0,12.0,0.3333333333333333,벤자민,6.0,102.0,2.0,9.0,0.0,1.0,6.0,2.0,49.0,0.0,3.0,0.0,0.0,3.0,황동하,6.0,85.0,3.0,7.0,2.0,1.0,3.0,2.333333333333333,49.0,0.0,2.0,0.0,0.0,3.0
20260514-Hanwha_Eagles-Kiwoom_Heroes,20260514HHWO0,39.0,12.0,0.3076923076923077,28.0,1.0,0.03571428571428571,정우주,4.0,73.0,1.0,1.0,0.0,2.0,4.0,5.0,63.0,0.0,0.0,0.0,3.0,5.0,안우진,5.0,74.0,3.0,5.0,1.0,0.0,7.0,2.0,80.0,6.0,7.0,2.0,2.0,2.0
20260514-NC_Dinos-Lotte_Giants,20260514NCLT0,39.0,13.0,0.3333333333333333,39.0,12.0,0.3076923076923077,토다,6.0,68.0,1.0,4.0,0.0,0.0,5.0,2.0,68.0,3.0,8.0,0.0,0.0,3.0,나균안,4.666666666666667,106.0,3.0,7.0,1.0,3.0,6.0,3.0,67.0,2.0,6.0,0.0,3.0,1.0
20260514-SSG_Landers-KT_Wiz,20260514SKKT0,41.0,13.0,0.3170731707317073,35.0,9.0,0.2571428571428571,베니지아노,1.6666666666666665,58.0,6.0,4.0,2.0,5.0,1.0,7.333333333333333,99.0,3.0,5.0,1.0,2.0,5.0,오원석,3.0,72.0,7.0,7.0,1.0,2.0,3.0,6.0,97.0,4.0,6.0,1.0,2.0,0.0
20260514-Samsung_Lions-LG_Twins,20260514SSLG0,41.0,13.0,0.3170731707317073,34.0,6.0,0.17647058823529413,양창섭,5.0,92.0,1.0,4.0,1.0,1.0,3.0,3.0,64.0,3.0,2.0,1.0,2.0,3.0,송승기,4.333333333333333,90.0,6.0,7.0,2.0,2.0,1.0,4.666666666666666,80.0,2.0,6.0,1.0,1.0,3.0
20260515-Hanwha_Eagles-KT_Wiz,20260515HHKT0,32.0,8.0,0.25,36.0,11.0,0.3055555555555556,왕옌청,5.0,97.0,2.0,5.0,0.0,4.0,8.0,4.0,69.0,1.0,6.0,0.0,0.0,4.0,고영표,7.0,98.0,3.0,5.0,1.0,0.0,10.0,1.0,43.0,2.0,3.0,1.0,2.0,0.0
20260515-KIA_Tigers-Samsung_Lions,20260515HTSS0,37.0,12.0,0.32432432432432434,35.0,7.0,0.2,네일,6.0,93.0,1.0,5.0,0.0,0.0,3.0,2.333333333333333,63.0,3.0,2.0,0.0,4.0,1.0,후라도,7.0,105.0,3.0,10.0,0.0,0.0,7.0,2.0,37.0,2.0,2.0,1.0,2.0,3.0
20260515-Kiwoom_Heroes-NC_Dinos,20260515WONC0,35.0,8.0,0.22857142857142856,29.0,5.0,0.1724137931034483,알칸타라,7.0,102.0,1.0,4.0,0.0,0.0,6.0,2.0,31.0,0.0,1.0,0.0,0.0,1.0,신민혁,1.3333333333333333,28.0,0.0,1.0,0.0,1.0,0.0,7.666666666666666,129.0,2.0,7.0,1.0,2.0,11.0
20260515-LG_Twins-SSG_Landers,20260515LGSK0,35.0,11.0,0.3142857142857143,35.0,7.0,0.2,치리노스,5.0,84.0,2.0,4.0,0.0,1.0,1.0,2.0,83.0,4.0,3.0,1.0,3.0,3.0,긴지로,4.0,96.0,3.0,6.0,0.0,4.0,7.0,5.0,124.0,5.0,5.0,1.0,8.0,5.0
20260515-Lotte_Giants-Doosan_Bears,20260515LTOB0,38.0,12.0,0.3157894736842105,33.0,9.0,0.2727272727272727,김진욱,4.333333333333333,84.0,4.0,8.0,0.0,3.0,1.0,4.333333333333333,72.0,1.0,1.0,0.0,3.0,2.0,곽빈,5.0,100.0,3.0,7.0,0.0,2.0,5.0,2.333333333333333,79.0,2.0,5.0,0.0,4.0,5.0
20260516-Hanwha_Eagles-KT_Wiz,20260516HHKT0,36.0,10.0,0.2777777777777778,35.0,9.0,0.2571428571428571,화이트,6.333333333333333,85.0,2.0,4.0,0.0,1.0,4.0,2.0,52.0,3.0,5.0,0.0,3.0,2.0,배제성,3.0,70.0,4.0,5.0,1.0,3.0,1.0,6.0,96.0,6.0,5.0,2.0,3.0,4.0
20260516-KIA_Tigers-Samsung_Lions,20260516HTSS0,29.0,4.0,0.13793103448275862,28.0,6.0,0.21428571428571427,이의리,5.333333333333333,95.0,3.0,4.0,1.0,3.0,6.0,2.0,58.0,2.0,2.0,1.0,5.0,1.0,오러클린,6.0,92.0,2.0,4.0,1.0,2.0,5.0,3.0,35.0,0.0,0.0,0.0,0.0,1.0
20260516-Kiwoom_Heroes-NC_Dinos,20260516WONC0,35.0,8.0,0.22857142857142856,32.0,10.0,0.3125,로젠버그,2.3333333333333335,52.0,1.0,2.0,0.0,3.0,3.0,3.6666666666666665,103.0,8.0,8.0,0.0,7.0,6.0,구창모,7.0,107.0,1.0,6.0,0.0,3.0,6.0,2.0,41.0,1.0,2.0,1.0,0.0,4.0
20260516-LG_Twins-SSG_Landers,20260516LGSK0,27.0,4.0,0.14814814814814814,35.0,13.0,0.37142857142857144,이정용,3.6666666666666665,68.0,2.0,7.0,0.0,2.0,1.0,4.0,77.0,2.0,6.0,0.0,2.0,3.0,최민준,5.0,86.0,2.0,3.0,1.0,2.0,3.0,4.0,57.0,0.0,1.0,0.0,2.0,4.0
20260516-Lotte_Giants-Doosan_Bears,20260516LTOB0,45.0,14.0,0.3111111111111111,40.0,11.0,0.275,박세웅,5.0,94.0,6.0,7.0,0.0,4.0,2.0,4.666666666666666,116.0,4.0,4.0,1.0,7.0,7.0,잭로그,6.0,88.0,6.0,10.0,2.0,0.0,2.0,4.666666666666666,93.0,3.0,4.0,1.0,1.0,10.0
20260517-Hanwha_Eagles-KT_Wiz,20260517HHKT0,34.0,8.0,0.23529411764705882,33.0,13.0,0.3939393939393939,류현진,5.0,70.0,2.0,5.0,0.0,1.0,3.0,1.0,93.0,6.0,8.0,1.0,6.0,1.0,사우어,5.0,95.0,3.0,4.0,0.0,4.0,6.0,3.333333333333333,89.0,3.0,4.0,0.0,5.0,2.0
20260517-KIA_Tigers-Samsung_Lions,20260517HTSS0,42.0,19.0,0.4523809523809524,35.0,6.0,0.17142857142857143,김태형,4.333333333333333,82.0,0.0,2.0,0.0,4.0,2.0,4.333333333333333,78.0,2.0,4.0,0.0,3.0,6.0,최원태,4.0,75.0,7.0,8.0,1.0,2.0,4.0,4.666666666666666,97.0,7.0,11.0,1.0,2.0,1.0
20260517-Kiwoom_Heroes-NC_Dinos,20260517WONC0,34.0,8.0,0.23529411764705882,35.0,7.0,0.2,박준현,6.0,99.0,1.0,5.0,0.0,2.0,9.0,3.0,36.0,1.0,2.0,1.0,0.0,1.0,라일리,7.0,83.0,1.0,4.0,1.0,0.0,8.0,1.0,47.0,2.0,4.0,1.0,1.0,3.0
20260517-LG_Twins-SSG_Landers,20260517LGSK0,32.0,7.0,0.21875,35.0,9.0,0.2571428571428571,임찬규,6.0,104.0,3.0,6.0,2.0,1.0,3.0,3.0,61.0,1.0,3.0,1.0,0.0,4.0,김건우,5.0,98.0,5.0,4.0,2.0,3.0,4.0,4.0,49.0,1.0,3.0,1.0,0.0,1.0
20260517-Lotte_Giants-Doosan_Bears,20260517LTOB0,37.0,10.0,0.2702702702702703,35.0,11.0,0.3142857142857143,로드리게스,6.0,109.0,2.0,7.0,1.0,0.0,6.0,1.0,43.0,4.0,4.0,1.0,2.0,0.0,최승용,6.0,95.0,1.0,7.0,1.0,0.0,4.0,3.0,35.0,3.0,3.0,1.0,0.0,3.0
20260519-KT_Wiz-Samsung_Lions,20260519KTSS0,36.0,11.0,0.3055555555555556,42.0,20.0,0.47619047619047616,보쉴리,4.666666666666667,88.0,3.0,10.0,0.0,1.0,4.0,3.333333333333333,54.0,6.0,10.0,0.0,0.0,2.0,원태인,6.0,109.0,1.0,5.0,0.0,2.0,6.0,3.0,63.0,1.0,6.0,0.0,0.0,2.0
20260519-LG_Twins-KIA_Tigers,20260519LGHT0,32.0,7.0,0.21875,40.0,18.0,0.45,톨허스트,0.0,10.0,1.0,1.0,1.0,1.0,1.0,6.0,175.0,13.0,17.0,5.0,8.0,5.0,올러,6.0,106.0,0.0,4.0,0.0,2.0,10.0,3.0,49.0,0.0,3.0,0.0,1.0,3.0
20260519-Lotte_Giants-Hanwha_Eagles,20260519LTHH0,39.0,12.0,0.3076923076923077,32.0,8.0,0.25,비슬리,5.0,99.0,4.0,5.0,1.0,4.0,4.0,4.0,70.0,0.0,3.0,0.0,2.0,3.0,에르난데스,5.333333333333333,99.0,2.0,6.0,1.0,2.0,4.0,3.6666666666666665,74.0,4.0,6.0,1.0,1.0,4.0
20260519-NC_Dinos-Doosan_Bears,20260519NCOB0,32.0,6.0,0.1875,34.0,13.0,0.38235294117647056,테일러,5.0,86.0,3.0,7.0,0.0,3.0,3.0,2.333333333333333,70.0,5.0,6.0,0.0,4.0,2.0,최민석,7.0,90.0,0.0,2.0,0.0,1.0,7.0,2.0,42.0,2.0,4.0,0.0,0.0,0.0
20260519-SSG_Landers-Kiwoom_Heroes,20260519SKWO0,34.0,10.0,0.29411764705882354,37.0,12.0,0.32432432432432434,타케다,5.0,86.0,3.0,8.0,0.0,3.0,3.0,3.0,53.0,3.0,4.0,1.0,1.0,0.0,박정훈,6.0,94.0,5.0,6.0,1.0,4.0,2.0,3.0,62.0,1.0,4.0,0.0,2.0,5.0
20260520-SSG_Landers-Kiwoom_Heroes,20260520SKWO0,36.0,12.0,0.3333333333333333,38.0,11.0,0.2894736842105263,베니지아노,5.333333333333333,97.0,1.0,5.0,1.0,2.0,5.0,1.0,67.0,4.0,6.0,1.0,2.0,2.0,하영민,5.0,83.0,2.0,6.0,0.0,0.0,6.0,3.333333333333333,67.0,3.0,6.0,0.0,1.0,4.0
20260521-KT_Wiz-Samsung_Lions,20260521KTSS0,36.0,9.0,0.25,35.0,14.0,0.4,오원석,5.333333333333333,91.0,4.0,8.0,0.0,1.0,3.0,1.0,56.0,4.0,6.0,0.0,3.0,0.0,후라도,5.666666666666667,100.0,2.0,8.0,1.0,3.0,5.0,2.333333333333333,54.0,1.0,1.0,0.0,1.0,4.0
20260521-LG_Twins-KIA_Tigers,20260521LGHT0,33.0,7.0,0.21212121212121213,34.0,10.0,0.29411764705882354,치리노스,5.333333333333333,101.0,1.0,4.0,1.0,4.0,4.0,2.333333333333333,67.0,2.0,6.0,0.0,2.0,4.0,네일,5.333333333333333,99.0,5.0,6.0,0.0,4.0,4.0,2.0,54.0,0.0,1.0,0.0,3.0,2.0
20260521-Lotte_Giants-Hanwha_Eagles,20260521LTHH0,36.0,12.0,0.3333333333333333,31.0,6.0,0.1935483870967742,나균안,5.333333333333333,102.0,0.0,5.0,0.0,1.0,6.0,3.6666666666666665,58.0,0.0,1.0,0.0,0.0,5.0,정우주,3.3333333333333335,73.0,4.0,5.0,2.0,1.0,3.0,5.0,115.0,4.0,7.0,0.0,2.0,6.0
20260521-NC_Dinos-Doosan_Bears,20260521NCOB0,26.0,6.0,0.23076923076923078,30.0,9.0,0.3,토다,5.666666666666667,92.0,0.0,8.0,0.0,1.0,5.0,2.0,33.0,0.0,1.0,0.0,1.0,2.0,벤자민,8.0,78.0,0.0,5.0,0.0,2.0,1.0,1.0,8.0,0.0,1.0,0.0,0.0,0.0
20260521-SSG_Landers-Kiwoom_Heroes,20260521SKWO0,29.0,2.0,0.06896551724137931,33.0,9.0,0.2727272727272727,긴지로,5.0,101.0,4.0,5.0,1.0,3.0,6.0,2.333333333333333,52.0,2.0,4.0,0.0,2.0,3.0,알칸타라,8.0,96.0,0.0,2.0,0.0,1.0,8.0,1.0,19.0,0.0,0.0,0.0,1.0,0.0
20260522-Doosan_Bears-Hanwha_Eagles,20260522OBHH0,34.0,9.0,0.2647058823529412,34.0,9.0,0.2647058823529412,곽빈,5.0,94.0,1.0,5.0,0.0,0.0,9.0,2.333333333333333,70.0,2.0,4.0,0.0,3.0,6.0,왕옌청,7.0,87.0,2.0,5.0,0.0,1.0,6.0,1.3333333333333333,43.0,1.0,4.0,0.0,0.0,1.0
20260522-Kiwoom_Heroes-LG_Twins,20260522WOLG0,37.0,11.0,0.2972972972972973,29.0,3.0,0.10344827586206896,로젠버그,4.0,71.0,0.0,3.0,0.0,2.0,6.0,5.0,74.0,0.0,0.0,0.0,1.0,6.0,이정용,4.666666666666667,61.0,2.0,6.0,0.0,1.0,3.0,3.6666666666666665,98.0,5.0,5.0,0.0,5.0,3.0
20260522-NC_Dinos-KT_Wiz,20260522NCKT0,32.0,7.0,0.21875,27.0,8.0,0.2962962962962963,김태경,2.0,46.0,4.0,4.0,0.0,2.0,2.0,5.666666666666666,114.0,3.0,4.0,0.0,7.0,4.0,고영표,6.0,98.0,4.0,5.0,0.0,2.0,4.0,3.0,29.0,0.0,2.0,0.0,0.0,1.0
20260522-SSG_Landers-KIA_Tigers,20260522SKHT0,32.0,8.0,0.25,32.0,9.0,0.28125,최민준,5.333333333333333,81.0,3.0,5.0,0.0,2.0,5.0,2.0,44.0,2.0,4.0,1.0,1.0,2.0,황동하,5.333333333333333,77.0,1.0,5.0,0.0,1.0,4.0,2.333333333333333,65.0,0.0,3.0,0.0,2.0,3.0
20260522-Samsung_Lions-Lotte_Giants,20260522SSLT0,35.0,8.0,0.22857142857142856,33.0,7.0,0.21212121212121213,오러클린,5.333333333333333,93.0,4.0,5.0,2.0,3.0,2.0,2.333333333333333,69.0,0.0,2.0,0.0,1.0,6.0,김진욱,6.0,104.0,2.0,7.0,1.0,1.0,4.0,2.0,30.0,0.0,1.0,0.0,1.0,2.0
20260523-Doosan_Bears-Hanwha_Eagles,20260523OBHH0,34.0,10.0,0.29411764705882354,38.0,14.0,0.3684210526315789,잭로그,5.0,97.0,2.0,8.0,0.0,1.0,9.0,2.333333333333333,77.0,0.0,6.0,0.0,2.0,1.0,화이트,5.0,93.0,1.0,5.0,0.0,1.0,3.0,3.0,92.0,1.0,5.0,0.0,3.0,4.0
20260523-Kiwoom_Heroes-LG_Twins,20260523WOLG0,34.0,9.0,0.2647058823529412,31.0,10.0,0.3225806451612903,배동현,4.0,69.0,4.0,8.0,0.0,0.0,3.0,3.0,48.0,1.0,2.0,0.0,2.0,2.0,임찬규,6.0,83.0,2.0,6.0,1.0,3.0,4.0,2.0,49.0,0.0,3.0,0.0,1.0,3.0
20260523-NC_Dinos-KT_Wiz,20260523NCKT0,37.0,12.0,0.32432432432432434,36.0,14.0,0.3888888888888889,구창모,2.6666666666666665,78.0,6.0,10.0,0.0,3.0,2.0,5.333333333333333,83.0,1.0,4.0,0.0,4.0,4.0,사우어,5.333333333333333,105.0,4.0,9.0,1.0,4.0,3.0,3.6666666666666665,52.0,1.0,3.0,0.0,2.0,0.0
20260523-SSG_Landers-KIA_Tigers,20260523SKHT0,32.0,8.0,0.25,32.0,10.0,0.3125,김건우,5.333333333333333,101.0,0.0,4.0,0.0,5.0,6.0,2.0,49.0,3.0,6.0,1.0,0.0,1.0,양현종,5.0,71.0,3.0,5.0,1.0,0.0,3.0,3.0,70.0,0.0,3.0,0.0,4.0,4.0
20260523-Samsung_Lions-Lotte_Giants,20260523SSLT0,40.0,14.0,0.35,35.0,12.0,0.34285714285714286,장찬희,4.666666666666667,103.0,5.0,8.0,0.0,3.0,5.0,3.0,52.0,2.0,4.0,0.0,3.0,1.0,박세웅,6.333333333333333,106.0,2.0,8.0,0.0,3.0,4.0,1.3333333333333333,52.0,3.0,6.0,0.0,1.0,3.0
20260524-Doosan_Bears-Hanwha_Eagles,20260524OBHH0,37.0,10.0,0.2702702702702703,31.0,9.0,0.2903225806451613,최승용,4.0,65.0,5.0,6.0,1.0,2.0,2.0,4.0,58.0,0.0,3.0,0.0,0.0,3.0,류현진,6.666666666666667,104.0,2.0,6.0,0.0,0.0,3.0,2.333333333333333,39.0,0.0,4.0,0.0,2.0,0.0
20260524-Kiwoom_Heroes-LG_Twins,20260524WOLG0,36.0,9.0,0.25,33.0,8.0,0.24242424242424243,박준현,5.666666666666667,96.0,3.0,4.0,0.0,3.0,8.0,2.0,79.0,3.0,4.0,1.0,2.0,4.0,송승기,3.3333333333333335,82.0,4.0,7.0,0.0,1.0,4.0,5.0,64.0,0.0,2.0,0.0,0.0,3.0
20260524-NC_Dinos-KT_Wiz,20260524NCKT0,36.0,13.0,0.3611111111111111,38.0,12.0,0.3157894736842105,라일리,5.0,109.0,2.0,7.0,0.0,1.0,7.0,4.0,72.0,2.0,5.0,0.0,3.0,2.0,배제성,3.0,55.0,4.0,4.0,0.0,3.0,0.0,6.0,96.0,4.0,9.0,2.0,2.0,2.0
20260524-SSG_Landers-KIA_Tigers,20260524SKHT0,32.0,5.0,0.15625,29.0,5.0,0.1724137931034483,타케다,6.0,82.0,3.0,4.0,1.0,1.0,7.0,2.0,27.0,0.0,1.0,0.0,0.0,4.0,올러,6.0,80.0,0.0,1.0,0.0,0.0,9.0,3.0,55.0,2.0,4.0,0.0,1.0,4.0
20260524-Samsung_Lions-Lotte_Giants,20260524SSLT0,37.0,13.0,0.35135135135135137,28.0,1.0,0.03571428571428571,양창섭,9.0,102.0,0.0,1.0,0.0,0.0,6.0,0.0,0.0,0.0,0.0,0.0,0.0,0.0,로드리게스,1.0,25.0,2.0,2.0,1.0,0.0,2.0,7.333333333333333,163.0,7.0,11.0,0.0,5.0,6.0
20260526-KIA_Tigers-Kiwoom_Heroes,20260526HTWO0,34.0,7.0,0.20588235294117646,31.0,5.0,0.16129032258064516,김태형,6.0,81.0,0.0,0.0,0.0,2.0,6.0,2.0,71.0,2.0,5.0,0.0,2.0,4.0,안우진,4.0,61.0,0.0,1.0,0.0,2.0,4.0,5.0,73.0,2.0,6.0,1.0,2.0,1.0
20260526-KT_Wiz-Doosan_Bears,20260526KTOB0,35.0,9.0,0.2571428571428571,31.0,6.0,0.1935483870967742,보쉴리,7.0,85.0,0.0,3.0,0.0,0.0,3.0,2.0,46.0,0.0,3.0,0.0,1.0,1.0,최민석,5.0,96.0,5.0,8.0,1.0,1.0,6.0,4.0,71.0,1.0,1.0,1.0,1.0,3.0
20260526-LG_Twins-Lotte_Giants,20260526LGLT0,23.0,3.0,0.13043478260869565,25.0,5.0,0.2,톨허스트,6.333333333333333,91.0,1.0,5.0,0.0,3.0,6.0,0.0,7.0,0.0,0.0,0.0,0.0,0.0,비슬리,6.0,93.0,1.0,2.0,1.0,0.0,8.0,1.0,15.0,1.0,1.0,0.0,1.0,1.0
20260527-Hanwha_Eagles-NC_Dinos,20260527HHNC0,35.0,11.0,0.3142857142857143,31.0,8.0,0.25806451612903225,박준영,5.666666666666667,86.0,3.0,5.0,2.0,1.0,6.0,1.3333333333333333,53.0,2.0,3.0,1.0,3.0,4.0,토다,6.0,96.0,2.0,7.0,1.0,2.0,4.0,2.0,58.0,2.0,4.0,1.0,3.0,5.0
20260527-KIA_Tigers-Kiwoom_Heroes,20260527HTWO0,36.0,9.0,0.25,35.0,8.0,0.22857142857142856,네일,7.0,94.0,1.0,6.0,0.0,0.0,8.0,2.0,38.0,0.0,2.0,0.0,0.0,1.0,알칸타라,7.333333333333333,85.0,5.0,5.0,4.0,0.0,8.0,1.3333333333333333,58.0,4.0,4.0,0.0,5.0,4.0
20260527-KT_Wiz-Doosan_Bears,20260527KTOB0,29.0,3.0,0.10344827586206896,34.0,10.0,0.29411764705882354,오원석,4.0,92.0,4.0,9.0,1.0,0.0,4.0,4.0,65.0,0.0,1.0,0.0,1.0,3.0,벤자민,7.0,98.0,0.0,2.0,0.0,2.0,5.0,2.0,30.0,0.0,1.0,0.0,1.0,1.0
20260527-LG_Twins-Lotte_Giants,20260527LGLT0,36.0,11.0,0.3055555555555556,36.0,12.0,0.3333333333333333,치리노스,3.6666666666666665,67.0,6.0,8.0,2.0,1.0,4.0,5.333333333333333,85.0,0.0,4.0,0.0,3.0,7.0,나균안,6.333333333333333,102.0,7.0,9.0,1.0,3.0,7.0,2.0,37.0,1.0,2.0,0.0,1.0,2.0
20260527-Samsung_Lions-SSG_Landers,20260527SSSK0,32.0,8.0,0.25,30.0,5.0,0.16666666666666666,후라도,7.0,91.0,0.0,5.0,0.0,2.0,3.0,2.0,31.0,0.0,0.0,0.0,1.0,5.0,베니지아노,4.666666666666667,101.0,2.0,6.0,1.0,4.0,2.0,3.0,88.0,2.0,2.0,0.0,7.0,4.0
20260528-Hanwha_Eagles-NC_Dinos,20260528HHNC0,43.0,13.0,0.3023255813953488,38.0,12.0,0.3157894736842105,왕옌청,2.0,62.0,4.0,4.0,1.0,3.0,2.0,7.0,121.0,3.0,8.0,1.0,4.0,7.0,김태경,6.0,83.0,2.0,3.0,2.0,1.0,4.0,1.0,114.0,10.0,10.0,0.0,7.0,2.0
20260528-KIA_Tigers-Kiwoom_Heroes,20260528HTWO0,41.0,14.0,0.34146341463414637,33.0,6.0,0.18181818181818182,황동하,6.0,78.0,0.0,4.0,0.0,1.0,5.0,3.0,40.0,0.0,2.0,0.0,0.0,4.0,로젠버그,5.0,89.0,3.0,9.0,0.0,0.0,5.0,4.0,72.0,2.0,5.0,0.0,2.0,2.0
20260528-KT_Wiz-Doosan_Bears,20260528KTOB0,40.0,13.0,0.325,35.0,10.0,0.2857142857142857,고영표,6.0,95.0,2.0,8.0,0.0,2.0,6.0,3.0,41.0,1.0,2.0,1.0,0.0,1.0,곽빈,6.0,106.0,1.0,4.0,0.0,2.0,9.0,1.0,97.0,8.0,9.0,1.0,6.0,2.0
20260528-LG_Twins-Lotte_Giants,20260528LGLT0,35.0,6.0,0.17142857142857143,37.0,14.0,0.3783783783783784,이정용,2.6666666666666665,65.0,5.0,8.0,0.0,1.0,2.0,4.666666666666666,82.0,3.0,6.0,0.0,1.0,3.0,김진욱,5.666666666666667,96.0,4.0,5.0,2.0,0.0,3.0,2.0,59.0,0.0,1.0,0.0,2.0,5.0
20260528-Samsung_Lions-SSG_Landers,20260528SSSK0,35.0,9.0,0.2571428571428571,30.0,4.0,0.13333333333333333,최원태,7.0,96.0,0.0,2.0,0.0,3.0,8.0,2.0,36.0,1.0,2.0,1.0,1.0,4.0,긴지로,4.0,82.0,4.0,4.0,3.0,2.0,3.0,4.666666666666666,102.0,6.0,5.0,2.0,5.0,3.0
20260529-Doosan_Bears-Samsung_Lions,20260529OBSS0,39.0,12.0,0.3076923076923077,38.0,11.0,0.2894736842105263,잭로그,5.0,91.0,5.0,9.0,1.0,2.0,3.0,4.0,54.0,1.0,2.0,1.0,1.0,6.0,원태인,6.0,110.0,3.0,5.0,1.0,5.0,5.0,1.0,80.0,6.0,7.0,2.0,3.0,5.0
20260529-KIA_Tigers-LG_Twins,20260529HTLG0,32.0,5.0,0.15625,35.0,12.0,0.34285714285714286,이의리,2.0,57.0,6.0,4.0,1.0,4.0,1.0,6.0,82.0,2.0,8.0,1.0,0.0,2.0,웰스,6.0,75.0,0.0,1.0,0.0,2.0,8.0,3.0,34.0,2.0,4.0,0.0,0.0,0.0
20260529-KT_Wiz-Kiwoom_Heroes,20260529KTWO0,34.0,9.0,0.2647058823529412,29.0,5.0,0.1724137931034483,사우어,7.0,102.0,1.0,4.0,0.0,5.0,3.0,2.0,25.0,0.0,1.0,0.0,1.0,2.0,배동현,6.0,91.0,1.0,6.0,0.0,1.0,4.0,2.0,78.0,5.0,3.0,1.0,3.0,4.0
20260529-Lotte_Giants-NC_Dinos,20260529LTNC0,36.0,6.0,0.16666666666666666,38.0,8.0,0.21052631578947367,박세웅,6.0,99.0,0.0,4.0,0.0,1.0,7.0,4.0,56.0,2.0,4.0,1.0,0.0,3.0,구창모,8.0,101.0,1.0,2.0,1.0,1.0,8.0,2.0,43.0,3.0,4.0,0.0,2.0,1.0
20260529-SSG_Landers-Hanwha_Eagles,20260529SKHH0,30.0,5.0,0.16666666666666666,30.0,7.0,0.23333333333333334,최민준,5.0,66.0,2.0,4.0,1.0,0.0,5.0,2.0,50.0,2.0,3.0,1.0,1.0,3.0,화이트,7.0,88.0,3.0,4.0,1.0,2.0,6.0,2.0,27.0,0.0,1.0,0.0,1.0,1.0
20260530-Doosan_Bears-Samsung_Lions,20260530OBSS0,34.0,9.0,0.2647058823529412,36.0,10.0,0.2777777777777778,최승용,4.0,84.0,5.0,7.0,2.0,2.0,3.0,5.0,92.0,2.0,3.0,1.0,1.0,7.0,오러클린,5.0,99.0,4.0,7.0,0.0,4.0,5.0,3.333333333333333,74.0,3.0,2.0,1.0,6.0,2.0
20260530-KIA_Tigers-LG_Twins,20260530HTLG0,31.0,5.0,0.16129032258064516,31.0,8.0,0.25806451612903225,올러,6.0,94.0,3.0,5.0,2.0,3.0,8.0,2.0,33.0,0.0,3.0,0.0,0.0,1.0,송승기,5.333333333333333,91.0,0.0,4.0,0.0,0.0,4.0,2.6666666666666665,40.0,1.0,1.0,0.0,1.0,0.0
20260530-KT_Wiz-Kiwoom_Heroes,20260530KTWO0,38.0,12.0,0.3157894736842105,36.0,10.0,0.2777777777777778,문용익,2.6666666666666665,66.0,4.0,4.0,0.0,4.0,2.0,5.333333333333333,124.0,2.0,6.0,1.0,4.0,8.0,박정훈,2.3333333333333335,72.0,5.0,5.0,0.0,5.0,1.0,5.666666666666666,119.0,1.0,7.0,0.0,2.0,4.0
20260530-Lotte_Giants-NC_Dinos,20260530LTNC0,34.0,8.0,0.23529411764705882,31.0,9.0,0.2903225806451613,이민석,4.666666666666667,75.0,2.0,3.0,0.0,2.0,4.0,1.0,58.0,4.0,6.0,1.0,3.0,5.0,라일리,5.0,101.0,2.0,7.0,0.0,1.0,8.0,4.0,59.0,0.0,1.0,0.0,2.0,4.0
20260530-SSG_Landers-Hanwha_Eagles,20260530SKHH0,38.0,13.0,0.34210526315789475,35.0,13.0,0.37142857142857144,김건우,2.3333333333333335,71.0,7.0,7.0,0.0,3.0,0.0,5.666666666666666,112.0,6.0,6.0,2.0,5.0,5.0,류현진,5.0,84.0,1.0,5.0,0.0,2.0,2.0,3.333333333333333,84.0,4.0,8.0,3.0,1.0,2.0
20260531-Doosan_Bears-Samsung_Lions,20260531OBSS0,32.0,8.0,0.25,33.0,10.0,0.30303030303030304,최민석,4.0,92.0,4.0,5.0,1.0,4.0,4.0,3.333333333333333,84.0,3.0,5.0,0.0,6.0,1.0,양창섭,6.0,84.0,2.0,4.0,0.0,1.0,5.0,2.0,38.0,2.0,4.0,0.0,1.0,3.0
20260531-KIA_Tigers-LG_Twins,20260531HTLG0,37.0,10.0,0.2702702702702703,34.0,12.0,0.35294117647058826,양현종,4.666666666666667,94.0,3.0,5.0,1.0,4.0,1.0,1.0,87.0,2.0,7.0,0.0,2.0,3.0,톨허스트,6.0,90.0,1.0,5.0,0.0,0.0,5.0,2.0,61.0,2.0,5.0,0.0,3.0,4.0
20260531-KT_Wiz-Kiwoom_Heroes,20260531KTWO0,33.0,10.0,0.30303030303030304,33.0,7.0,0.21212121212121213,보쉴리,6.0,88.0,0.0,3.0,0.0,0.0,10.0,3.0,50.0,1.0,4.0,1.0,2.0,4.0,박준현,4.0,95.0,4.0,6.0,0.0,2.0,3.0,5.0,75.0,1.0,4.0,1.0,0.0,3.0
20260531-Lotte_Giants-NC_Dinos,20260531LTNC0,32.0,6.0,0.1875,35.0,13.0,0.37142857142857144,비슬리,4.666666666666667,95.0,7.0,9.0,1.0,4.0,5.0,3.0,64.0,1.0,4.0,0.0,3.0,3.0,테일러,6.0,96.0,2.0,5.0,1.0,1.0,2.0,3.0,52.0,0.0,1.0,0.0,1.0,6.0
20260531-SSG_Landers-Hanwha_Eagles,20260531SKHH0,28.0,4.0,0.14285714285714285,34.0,13.0,0.38235294117647056,타케다,5.0,78.0,2.0,7.0,0.0,1.0,1.0,1.3333333333333333,66.0,4.0,6.0,0.0,2.0,4.0,에르난데스,6.0,100.0,2.0,4.0,0.0,4.0,5.0,3.0,28.0,0.0,0.0,0.0,0.0,2.0
20260602-Hanwha_Eagles-Doosan_Bears,20260602HHOB0,35.0,8.0,0.22857142857142856,29.0,6.0,0.20689655172413793,박준영,3.0,56.0,3.0,4.0,2.0,1.0,0.0,4.666666666666666,88.0,2.0,2.0,0.0,3.0,7.0,벤자민,6.333333333333333,97.0,0.0,2.0,0.0,1.0,9.0,2.6666666666666665,65.0,3.0,6.0,0.0,1.0,3.0
20260602-Kiwoom_Heroes-SSG_Landers,20260602WOSK0,40.0,13.0,0.325,37.0,11.0,0.2972972972972973,알칸타라,7.0,98.0,3.0,8.0,1.0,1.0,5.0,2.0,34.0,3.0,3.0,3.0,0.0,1.0,베니지아노,6.333333333333333,100.0,5.0,6.0,3.0,2.0,7.0,1.0,80.0,7.0,7.0,0.0,3.0,3.0
20260602-LG_Twins-KT_Wiz,20260602LGKT0,40.0,17.0,0.425,35.0,8.0,0.22857142857142856,임찬규,6.0,86.0,0.0,4.0,0.0,3.0,4.0,2.333333333333333,41.0,1.0,4.0,0.0,0.0,2.0,한차현,5.0,82.0,6.0,10.0,3.0,2.0,4.0,4.0,95.0,4.0,7.0,1.0,4.0,6.0
20260602-Lotte_Giants-KIA_Tigers,20260602LTHT0,33.0,6.0,0.18181818181818182,30.0,7.0,0.23333333333333334,나균안,6.333333333333333,98.0,3.0,5.0,1.0,2.0,5.0,1.0,47.0,1.0,2.0,1.0,3.0,0.0,네일,6.0,89.0,0.0,3.0,0.0,6.0,4.0,2.0,59.0,0.0,3.0,0.0,1.0,4.0
20260602-NC_Dinos-Samsung_Lions,20260602NCSS0,38.0,13.0,0.34210526315789475,35.0,12.0,0.34285714285714286,토다,4.666666666666667,103.0,3.0,6.0,2.0,3.0,5.0,2.333333333333333,70.0,5.0,6.0,1.0,1.0,3.0,후라도,5.333333333333333,91.0,5.0,9.0,1.0,2.0,1.0,3.0,61.0,0.0,4.0,0.0,1.0,4.0
20260603-Hanwha_Eagles-Doosan_Bears,20260603HHOB0,39.0,8.0,0.20512820512820512,44.0,12.0,0.2727272727272727,왕옌청,5.0,92.0,1.0,7.0,0.0,0.0,4.0,5.666666666666666,108.0,2.0,5.0,1.0,2.0,7.0,박신지,3.0,50.0,1.0,4.0,0.0,0.0,1.0,7.333333333333333,135.0,2.0,4.0,0.0,5.0,2.0
20260603-Kiwoom_Heroes-SSG_Landers,20260603WOSK0,32.0,7.0,0.21875,30.0,8.0,0.26666666666666666,로젠버그,5.666666666666667,92.0,2.0,4.0,1.0,2.0,5.0,2.6666666666666665,54.0,3.0,4.0,1.0,3.0,1.0,백승건,1.0,32.0,2.0,1.0,0.0,4.0,0.0,8.0,147.0,2.0,6.0,1.0,8.0,9.0
20260603-LG_Twins-KT_Wiz,20260603LGKT0,37.0,10.0,0.2702702702702703,34.0,13.0,0.38235294117647056,이정용,5.0,89.0,6.0,9.0,0.0,3.0,2.0,3.0,54.0,1.0,4.0,0.0,1.0,2.0,고영표,7.0,101.0,2.0,6.0,1.0,2.0,8.0,1.3333333333333333,57.0,4.0,4.0,1.0,1.0,0.0
20260603-Lotte_Giants-KIA_Tigers,20260603LTHT0,37.0,10.0,0.2702702702702703,33.0,7.0,0.21212121212121213,김진욱,6.0,93.0,3.0,6.0,1.0,1.0,3.0,3.0,35.0,0.0,1.0,0.0,0.0,2.0,황동하,3.0,69.0,4.0,6.0,1.0,3.0,2.0,5.0,99.0,2.0,4.0,0.0,5.0,5.0
20260603-NC_Dinos-Samsung_Lions,20260603NCSS0,44.0,15.0,0.3409090909090909,34.0,7.0,0.20588235294117646,김태경,3.0,54.0,4.0,5.0,2.0,2.0,1.0,7.0,112.0,0.0,2.0,0.0,4.0,6.0,최원태,5.333333333333333,94.0,3.0,8.0,2.0,0.0,5.0,1.6666666666666665,102.0,3.0,7.0,0.0,5.0,5.0
20260604-Hanwha_Eagles-Doosan_Bears,20260604HHOB0,31.0,6.0,0.1935483870967742,32.0,7.0,0.21875,화이트,6.0,88.0,2.0,5.0,1.0,1.0,3.0,2.0,39.0,0.0,2.0,0.0,0.0,2.0,잭로그,4.0,60.0,0.0,2.0,0.0,3.0,3.0,5.0,85.0,1.0,4.0,0.0,3.0,9.0
20260604-Kiwoom_Heroes-SSG_Landers,20260604WOSK0,33.0,6.0,0.18181818181818182,35.0,11.0,0.3142857142857143,배동현,4.333333333333333,91.0,7.0,8.0,1.0,3.0,3.0,3.0,62.0,0.0,3.0,0.0,1.0,5.0,최민준,3.3333333333333335,66.0,6.0,5.0,1.0,3.0,4.0,5.666666666666666,92.0,0.0,1.0,0.0,3.0,7.0
20260604-LG_Twins-KT_Wiz,20260604LGKT0,38.0,10.0,0.2631578947368421,38.0,10.0,0.2631578947368421,웰스,5.0,79.0,2.0,7.0,0.0,1.0,5.0,4.0,73.0,2.0,3.0,1.0,3.0,3.0,사우어,6.333333333333333,96.0,4.0,8.0,0.0,1.0,3.0,1.0,46.0,0.0,2.0,0.0,0.0,5.0
20260604-Lotte_Giants-KIA_Tigers,20260604LTHT0,33.0,6.0,0.18181818181818182,32.0,10.0,0.3125,박세웅,4.0,98.0,7.0,7.0,1.0,3.0,3.0,4.0,79.0,2.0,3.0,1.0,3.0,5.0,시라카와,5.0,85.0,0.0,4.0,0.0,2.0,4.0,4.0,60.0,0.0,2.0,0.0,1.0,4.0
20260604-NC_Dinos-Samsung_Lions,20260604NCSS0,37.0,13.0,0.35135135135135137,31.0,5.0,0.16129032258064516,구창모,6.0,111.0,3.0,5.0,1.0,4.0,5.0,3.0,44.0,0.0,0.0,0.0,1.0,4.0,원태인,6.0,98.0,3.0,11.0,1.0,1.0,5.0,3.0,42.0,2.0,2.0,1.0,0.0,2.0
20260605-Hanwha_Eagles-Lotte_Giants,20260605HHLT0,40.0,13.0,0.325,32.0,4.0,0.125,류현진,6.0,86.0,0.0,3.0,0.0,0.0,2.0,3.0,36.0,0.0,1.0,0.0,1.0,3.0,로드리게스,5.666666666666667,106.0,6.0,9.0,1.0,0.0,6.0,3.0,71.0,3.0,4.0,0.0,4.0,1.0
20260605-KT_Wiz-SSG_Landers,20260605KTSK0,37.0,11.0,0.2972972972972973,33.0,10.0,0.30303030303030304,문용익,4.333333333333333,74.0,4.0,7.0,2.0,0.0,4.0,3.0,72.0,2.0,3.0,1.0,4.0,5.0,김건우,5.0,107.0,2.0,7.0,1.0,2.0,6.0,4.0,75.0,2.0,4.0,0.0,2.0,5.0
20260605-Kiwoom_Heroes-Doosan_Bears,20260605WOOB0,34.0,7.0,0.20588235294117646,33.0,11.0,0.3333333333333333,하영민,5.0,87.0,1.0,6.0,0.0,0.0,2.0,2.0,57.0,3.0,5.0,0.0,3.0,3.0,최승용,6.666666666666667,105.0,0.0,4.0,0.0,2.0,9.0,2.333333333333333,36.0,2.0,3.0,0.0,0.0,5.0
20260605-LG_Twins-NC_Dinos,20260605LGNC0,35.0,8.0,0.22857142857142856,32.0,7.0,0.21875,김윤식,0.0,43.0,3.0,1.0,0.0,5.0,0.0,7.333333333333333,137.0,1.0,6.0,0.0,3.0,7.0,라일리,6.666666666666667,111.0,3.0,6.0,2.0,1.0,14.0,2.0,47.0,2.0,2.0,0.0,3.0,1.0
20260605-Samsung_Lions-KIA_Tigers,20260605SSHT0,31.0,5.0,0.16129032258064516,32.0,9.0,0.28125,오러클린,5.0,100.0,4.0,6.0,1.0,2.0,11.0,3.0,47.0,1.0,3.0,0.0,1.0,4.0,올러,7.0,85.0,0.0,2.0,0.0,2.0,9.0,2.0,34.0,2.0,3.0,1.0,0.0,0.0
20260606-Hanwha_Eagles-Lotte_Giants,20260606HHLT0,34.0,10.0,0.29411764705882354,32.0,7.0,0.21875,에르난데스,6.0,89.0,2.0,6.0,1.0,1.0,2.0,3.0,42.0,0.0,1.0,0.0,0.0,2.0,이민석,5.333333333333333,77.0,0.0,6.0,0.0,2.0,3.0,2.6666666666666665,66.0,4.0,4.0,1.0,4.0,4.0
20260606-KT_Wiz-SSG_Landers,20260606KTSK0,35.0,9.0,0.2571428571428571,36.0,10.0,0.2777777777777778,배제성,5.0,93.0,0.0,4.0,0.0,3.0,5.0,3.333333333333333,65.0,3.0,6.0,1.0,2.0,3.0,타케다,5.0,98.0,2.0,6.0,0.0,5.0,3.0,2.333333333333333,88.0,5.0,3.0,1.0,5.0,4.0
20260606-Kiwoom_Heroes-Doosan_Bears,20260606WOOB0,34.0,8.0,0.23529411764705882,35.0,15.0,0.42857142857142855,안우진,3.0,79.0,6.0,9.0,0.0,1.0,3.0,5.0,90.0,3.0,6.0,0.0,4.0,2.0,최민석,7.0,88.0,1.0,6.0,0.0,2.0,7.0,2.0,38.0,0.0,2.0,0.0,0.0,3.0
20260606-LG_Twins-NC_Dinos,20260606LGNC0,35.0,12.0,0.34285714285714286,33.0,10.0,0.30303030303030304,톨허스트,6.0,102.0,3.0,6.0,1.0,0.0,8.0,1.3333333333333333,67.0,5.0,4.0,1.0,4.0,2.0,테일러,5.0,95.0,4.0,8.0,0.0,2.0,3.0,4.0,52.0,1.0,4.0,0.0,0.0,5.0
20260606-Samsung_Lions-KIA_Tigers,20260606SSHT0,39.0,10.0,0.2564102564102564,35.0,7.0,0.2,장찬희,5.333333333333333,76.0,1.0,3.0,1.0,0.0,4.0,3.0,74.0,0.0,4.0,0.0,5.0,2.0,양현종,5.0,96.0,0.0,4.0,0.0,3.0,4.0,3.0,75.0,3.0,6.0,1.0,2.0,1.0
20260607-Hanwha_Eagles-Lotte_Giants,20260607HHLT0,44.0,16.0,0.36363636363636365,41.0,13.0,0.3170731707317073,황준서,2.0,44.0,2.0,5.0,0.0,0.0,1.0,6.333333333333334,144.0,6.0,8.0,1.0,8.0,4.0,비슬리,5.0,98.0,5.0,10.0,1.0,2.0,5.0,4.666666666666666,95.0,2.0,6.0,0.0,3.0,6.0
20260607-KT_Wiz-SSG_Landers,20260607KTSK0,29.0,2.0,0.06896551724137931,32.0,9.0,0.28125,오원석,5.0,97.0,7.0,8.0,1.0,3.0,7.0,3.0,44.0,0.0,1.0,0.0,1.0,3.0,베니지아노,7.0,100.0,0.0,2.0,0.0,2.0,8.0,2.0,28.0,0.0,0.0,0.0,2.0,2.0
20260607-Kiwoom_Heroes-Doosan_Bears,20260607WOOB0,34.0,10.0,0.29411764705882354,32.0,6.0,0.1875,알칸타라,6.0,90.0,1.0,4.0,0.0,1.0,4.0,2.333333333333333,58.0,0.0,2.0,0.0,1.0,3.0,벤자민,3.0,78.0,4.0,8.0,0.0,2.0,2.0,6.0,86.0,0.0,2.0,0.0,1.0,1.0
20260607-LG_Twins-NC_Dinos,20260607LGNC0,34.0,8.0,0.23529411764705882,37.0,15.0,0.40540540540540543,송승기,2.0,67.0,6.0,9.0,2.0,1.0,0.0,5.333333333333334,102.0,1.0,6.0,0.0,1.0,7.0,토다,5.333333333333333,84.0,4.0,5.0,2.0,1.0,1.0,3.0,60.0,1.0,3.0,1.0,1.0,3.0
20260607-Samsung_Lions-KIA_Tigers,20260607SSHT0,30.0,9.0,0.3,39.0,16.0,0.41025641025641024,양창섭,5.0,95.0,6.0,11.0,2.0,2.0,7.0,2.333333333333333,62.0,1.0,5.0,1.0,3.0,3.0,네일,6.0,96.0,3.0,6.0,0.0,3.0,4.0,2.0,63.0,3.0,3.0,0.0,4.0,0.0
20260609-Doosan_Bears-Lotte_Giants,20260609OBLT0,37.0,11.0,0.2972972972972973,37.0,12.0,0.32432432432432434,곽빈,6.0,109.0,3.0,9.0,1.0,2.0,4.0,2.333333333333333,57.0,0.0,3.0,0.0,1.0,3.0,나균안,5.0,93.0,6.0,10.0,2.0,1.0,4.0,3.6666666666666665,72.0,0.0,1.0,0.0,2.0,2.0
20260609-KIA_Tigers-Hanwha_Eagles,20260609HTHH0,33.0,8.0,0.24242424242424243,33.0,7.0,0.21212121212121213,황동하,6.0,87.0,1.0,2.0,0.0,1.0,6.0,2.0,56.0,3.0,5.0,2.0,0.0,5.0,왕옌청,3.6666666666666665,89.0,4.0,5.0,1.0,4.0,3.0,4.666666666666666,77.0,0.0,3.0,0.0,3.0,4.0
20260609-NC_Dinos-Kiwoom_Heroes,20260609NCWO0,37.0,12.0,0.32432432432432434,38.0,13.0,0.34210526315789475,김태경,2.6666666666666665,60.0,1.0,4.0,0.0,2.0,2.0,4.333333333333333,154.0,6.0,9.0,1.0,6.0,8.0,로젠버그,5.0,103.0,5.0,10.0,0.0,2.0,5.0,4.0,67.0,1.0,2.0,1.0,2.0,7.0
20260609-SSG_Landers-LG_Twins,20260609SKLG0,33.0,7.0,0.21212121212121213,33.0,9.0,0.2727272727272727,김민준,3.6666666666666665,70.0,5.0,3.0,0.0,3.0,2.0,3.6666666666666665,86.0,1.0,6.0,0.0,3.0,4.0,임찬규,5.0,98.0,1.0,4.0,0.0,4.0,3.0,4.0,45.0,1.0,3.0,0.0,1.0,1.0
20260609-Samsung_Lions-KT_Wiz,20260609SSKT0,33.0,6.0,0.18181818181818182,28.0,8.0,0.2857142857142857,최원태,6.666666666666667,102.0,4.0,6.0,0.0,5.0,4.0,1.3333333333333333,19.0,1.0,2.0,0.0,0.0,2.0,고영표,6.0,83.0,1.0,4.0,0.0,0.0,6.0,3.0,54.0,1.0,2.0,0.0,3.0,3.0
20260610-Doosan_Bears-Lotte_Giants,20260610OBLT0,33.0,6.0,0.18181818181818182,32.0,9.0,0.28125,잭로그,6.0,97.0,3.0,9.0,0.0,1.0,2.0,2.0,45.0,0.0,0.0,0.0,3.0,2.0,김진욱,5.666666666666667,105.0,0.0,3.0,0.0,3.0,3.0,2.0,47.0,1.0,3.0,1.0,0.0,3.0
20260610-KIA_Tigers-Hanwha_Eagles,20260610HTHH0,35.0,8.0,0.22857142857142856,33.0,8.0,0.24242424242424243,시라카와,3.6666666666666665,98.0,3.0,3.0,1.0,4.0,1.0,4.333333333333333,74.0,1.0,5.0,1.0,0.0,8.0,화이트,7.0,89.0,1.0,6.0,1.0,0.0,5.0,1.0,38.0,2.0,2.0,0.0,2.0,3.0
20260610-NC_Dinos-Kiwoom_Heroes,20260610NCWO0,37.0,13.0,0.35135135135135137,37.0,9.0,0.24324324324324326,구창모,6.0,91.0,0.0,6.0,0.0,0.0,6.0,3.0,82.0,2.0,3.0,0.0,4.0,5.0,하영민,5.666666666666667,92.0,1.0,10.0,0.0,0.0,8.0,2.0,82.0,2.0,3.0,0.0,3.0,2.0
20260610-SSG_Landers-LG_Twins,20260610SKLG0,37.0,13.0,0.35135135135135137,32.0,10.0,0.3125,최민준,4.0,74.0,5.0,6.0,1.0,2.0,2.0,4.0,76.0,3.0,4.0,1.0,3.0,2.0,웰스,4.333333333333333,95.0,5.0,7.0,1.0,4.0,4.0,3.333333333333333,75.0,1.0,6.0,0.0,2.0,3.0
20260610-Samsung_Lions-KT_Wiz,20260610SSKT0,29.0,3.0,0.10344827586206896,32.0,10.0,0.3125,원태인,5.666666666666667,107.0,4.0,8.0,0.0,3.0,5.0,1.0,52.0,0.0,2.0,0.0,1.0,1.0,사우어,6.0,92.0,2.0,1.0,0.0,5.0,5.0,3.0,67.0,1.0,2.0,1.0,4.0,1.0
20260611-Doosan_Bears-Lotte_Giants,20260611OBLT0,40.0,17.0,0.425,36.0,11.0,0.3055555555555556,타카다,4.0,82.0,5.0,6.0,0.0,5.0,2.0,4.333333333333333,85.0,2.0,5.0,1.0,2.0,5.0,박세웅,5.0,98.0,4.0,7.0,1.0,3.0,6.0,3.6666666666666665,103.0,7.0,10.0,1.0,3.0,3.0
20260611-KIA_Tigers-Hanwha_Eagles,20260611HTHH0,32.0,8.0,0.25,28.0,6.0,0.21428571428571427,올러,6.0,104.0,4.0,4.0,0.0,4.0,4.0,2.0,35.0,0.0,2.0,0.0,1.0,0.0,류현진,6.0,83.0,1.0,7.0,0.0,1.0,5.0,3.0,37.0,0.0,1.0,0.0,0.0,3.0
20260611-NC_Dinos-Kiwoom_Heroes,20260611NCWO0,29.0,8.0,0.27586206896551724,31.0,5.0,0.16129032258064516,라일리,6.0,101.0,2.0,5.0,0.0,1.0,9.0,2.333333333333333,51.0,0.0,0.0,0.0,1.0,2.0,박준현,4.0,91.0,1.0,3.0,0.0,6.0,1.0,5.0,93.0,2.0,5.0,0.0,3.0,4.0
20260611-SSG_Landers-LG_Twins,20260611SKLG0,32.0,6.0,0.1875,40.0,16.0,0.4,김건우,3.3333333333333335,90.0,9.0,7.0,0.0,3.0,4.0,4.666666666666666,97.0,6.0,9.0,0.0,3.0,3.0,김윤식,2.3333333333333335,48.0,1.0,2.0,0.0,4.0,1.0,6.666666666666667,74.0,0.0,4.0,0.0,1.0,7.0
20260611-Samsung_Lions-KT_Wiz,20260611SSKT0,37.0,12.0,0.32432432432432434,31.0,4.0,0.12903225806451613,오러클린,6.0,98.0,0.0,1.0,0.0,3.0,3.0,3.0,57.0,1.0,3.0,0.0,2.0,2.0,스기모토,5.0,76.0,3.0,4.0,0.0,2.0,2.0,3.0,100.0,5.0,8.0,0.0,5.0,3.0
20260612-Doosan_Bears-KIA_Tigers,20260612OBHT0,37.0,12.0,0.32432432432432434,30.0,3.0,0.1,최민석,7.0,98.0,1.0,2.0,0.0,2.0,8.0,2.0,21.0,1.0,1.0,1.0,0.0,3.0,양현종,5.0,92.0,2.0,5.0,1.0,2.0,2.0,4.0,78.0,2.0,7.0,0.0,2.0,3.0
20260612-Hanwha_Eagles-Kiwoom_Heroes,20260612HHWO0,35.0,11.0,0.3142857142857143,33.0,8.0,0.24242424242424243,에르난데스,6.0,95.0,1.0,3.0,1.0,3.0,5.0,2.0,59.0,3.0,5.0,0.0,1.0,5.0,안우진,6.0,95.0,2.0,5.0,1.0,2.0,7.0,2.0,56.0,1.0,6.0,0.0,1.0,3.0
20260612-Lotte_Giants-LG_Twins,20260612LTLG0,43.0,17.0,0.3953488372093023,37.0,10.0,0.2702702702702703,로드리게스,6.0,107.0,1.0,4.0,0.0,2.0,10.0,2.0,82.0,4.0,6.0,0.0,3.0,2.0,톨허스트,5.666666666666667,92.0,7.0,10.0,1.0,1.0,3.0,3.0,86.0,8.0,7.0,1.0,4.0,1.0
20260612-NC_Dinos-KT_Wiz,20260612NCKT0,29.0,8.0,0.27586206896551724,28.0,6.0,0.21428571428571427,테일러,7.666666666666667,103.0,0.0,5.0,0.0,0.0,8.0,0.0,15.0,1.0,1.0,0.0,1.0,0.0,배제성,5.333333333333333,81.0,2.0,6.0,0.0,3.0,6.0,3.333333333333333,67.0,0.0,2.0,0.0,2.0,4.0
20260612-SSG_Landers-Samsung_Lions,20260612SKSS0,30.0,5.0,0.16666666666666666,35.0,11.0,0.3142857142857143,타케다,4.333333333333333,68.0,3.0,8.0,0.0,1.0,5.0,4.0,68.0,0.0,3.0,0.0,3.0,3.0,장찬희,5.333333333333333,95.0,4.0,4.0,2.0,3.0,3.0,3.6666666666666665,51.0,0.0,1.0,0.0,3.0,4.0
20260613-Doosan_Bears-KIA_Tigers,20260613OBHT0,31.0,6.0,0.1935483870967742,29.0,7.0,0.2413793103448276,벤자민,6.0,89.0,2.0,5.0,0.0,2.0,7.0,2.0,34.0,0.0,2.0,0.0,0.0,2.0,네일,6.0,88.0,1.0,5.0,0.0,0.0,6.0,3.0,44.0,0.0,1.0,0.0,3.0,4.0
20260613-Hanwha_Eagles-Kiwoom_Heroes,20260613HHWO0,32.0,6.0,0.1875,28.0,5.0,0.17857142857142858,박준영,6.333333333333333,83.0,2.0,3.0,1.0,0.0,7.0,1.0,29.0,0.0,2.0,0.0,1.0,1.0,알칸타라,7.0,100.0,1.0,5.0,0.0,2.0,6.0,1.6666666666666665,33.0,0.0,1.0,0.0,0.0,2.0
20260613-Lotte_Giants-LG_Twins,20260613LTLG0,33.0,7.0,0.21212121212121213,31.0,9.0,0.2903225806451613,이민석,6.0,98.0,5.0,8.0,1.0,2.0,1.0,2.0,33.0,0.0,1.0,0.0,1.0,1.0,김진수,2.0,35.0,0.0,2.0,0.0,1.0,0.0,6.666666666666666,114.0,3.0,5.0,1.0,1.0,5.0
20260613-NC_Dinos-KT_Wiz,20260613NCKT0,39.0,14.0,0.358974358974359,40.0,16.0,0.4,토다,5.0,99.0,5.0,11.0,0.0,1.0,6.0,2.0,65.0,3.0,5.0,1.0,2.0,6.0,오원석,5.0,93.0,2.0,5.0,0.0,3.0,4.0,4.0,74.0,7.0,9.0,1.0,2.0,2.0
20260613-SSG_Landers-Samsung_Lions,20260613SKSS0,38.0,11.0,0.2894736842105263,30.0,10.0,0.3333333333333333,베니지아노,5.333333333333333,93.0,4.0,6.0,0.0,4.0,4.0,2.0,34.0,2.0,4.0,1.0,0.0,0.0,후라도,6.0,103.0,5.0,10.0,0.0,2.0,5.0,2.333333333333333,48.0,0.0,1.0,0.0,1.0,2.0
20260614-Doosan_Bears-KIA_Tigers,20260614OBHT0,36.0,13.0,0.3611111111111111,31.0,5.0,0.16129032258064516,곽빈,6.0,96.0,1.0,4.0,1.0,4.0,7.0,3.0,49.0,0.0,1.0,0.0,2.0,5.0,김태형,5.0,75.0,3.0,6.0,1.0,0.0,1.0,4.0,80.0,5.0,7.0,0.0,3.0,4.0
20260614-Hanwha_Eagles-Kiwoom_Heroes,20260614HHWO0,34.0,7.0,0.20588235294117646,29.0,6.0,0.20689655172413793,왕옌청,5.0,93.0,2.0,4.0,0.0,5.0,3.0,1.3333333333333333,58.0,1.0,2.0,0.0,4.0,3.0,로젠버그,5.0,89.0,2.0,4.0,1.0,3.0,6.0,4.0,64.0,0.0,3.0,0.0,2.0,4.0
20260614-Lotte_Giants-LG_Twins,20260614LTLG0,31.0,7.0,0.22580645161290322,31.0,10.0,0.3225806451612903,비슬리,7.0,109.0,2.0,7.0,0.0,4.0,6.0,0.0,38.0,3.0,3.0,0.0,3.0,0.0,임찬규,7.0,96.0,1.0,6.0,0.0,1.0,2.0,1.3333333333333333,34.0,0.0,1.0,0.0,2.0,4.0
20260614-SSG_Landers-Samsung_Lions,20260614SKSS0,36.0,11.0,0.3055555555555556,35.0,13.0,0.37142857142857144,해치,4.333333333333333,90.0,4.0,8.0,0.0,2.0,1.0,3.0,79.0,5.0,5.0,1.0,4.0,5.0,양창섭,4.0,77.0,4.0,6.0,1.0,4.0,4.0,4.666666666666666,89.0,3.0,5.0,1.0,3.0,2.0
20260616-Hanwha_Eagles-NC_Dinos,20260616HHNC0,33.0,7.0,0.21212121212121213,30.0,8.0,0.26666666666666666,화이트,3.6666666666666665,81.0,6.0,8.0,0.0,2.0,2.0,4.333333333333333,66.0,0.0,0.0,0.0,2.0,3.0,구창모,6.0,105.0,1.0,5.0,0.0,1.0,8.0,2.6666666666666665,64.0,3.0,2.0,1.0,3.0,2.0
20260616-KT_Wiz-Doosan_Bears,20260616KTOB0,33.0,10.0,0.30303030303030304,35.0,11.0,0.3142857142857143,고영표,6.0,107.0,2.0,9.0,0.0,1.0,3.0,3.0,48.0,0.0,2.0,0.0,1.0,1.0,최승용,4.666666666666667,98.0,6.0,8.0,1.0,2.0,0.0,4.333333333333333,50.0,0.0,2.0,0.0,1.0,2.0
20260616-Kiwoom_Heroes-Samsung_Lions,20260616WOSS0,33.0,8.0,0.24242424242424243,28.0,5.0,0.17857142857142858,하영민,4.666666666666667,73.0,4.0,1.0,0.0,6.0,3.0,3.0,58.0,0.0,4.0,0.0,0.0,4.0,원태인,6.0,100.0,0.0,5.0,0.0,1.0,6.0,1.0,53.0,1.0,3.0,0.0,4.0,4.0
20260616-LG_Twins-KIA_Tigers,20260616LGHT0,39.0,13.0,0.3333333333333333,31.0,4.0,0.12903225806451613,웰스,6.0,90.0,2.0,3.0,2.0,2.0,4.0,3.0,38.0,0.0,1.0,0.0,0.0,2.0,시라카와,6.0,103.0,5.0,7.0,2.0,1.0,4.0,3.0,58.0,3.0,6.0,0.0,2.0,2.0
20260616-Lotte_Giants-SSG_Landers,20260616LTSK0,39.0,12.0,0.3076923076923077,37.0,11.0,0.2972972972972973,김진욱,5.333333333333333,98.0,2.0,6.0,1.0,3.0,5.0,2.0,65.0,3.0,5.0,0.0,4.0,3.0,김민준,4.333333333333333,93.0,2.0,4.0,0.0,5.0,2.0,4.0,97.0,8.0,8.0,3.0,2.0,5.0
20260617-Hanwha_Eagles-NC_Dinos,20260617HHNC0,34.0,7.0,0.20588235294117646,37.0,13.0,0.35135135135135137,류현진,6.0,81.0,1.0,9.0,0.0,0.0,5.0,2.333333333333333,55.0,3.0,4.0,0.0,2.0,3.0,라일리,6.0,92.0,4.0,5.0,3.0,2.0,7.0,2.6666666666666665,51.0,0.0,2.0,0.0,1.0,4.0
20260617-KT_Wiz-Doosan_Bears,20260617KTOB0,37.0,14.0,0.3783783783783784,32.0,6.0,0.1875,사우어,6.0,103.0,1.0,5.0,0.0,3.0,5.0,3.0,32.0,0.0,1.0,0.0,0.0,2.0,타카다,4.666666666666667,70.0,6.0,6.0,0.0,4.0,3.0,4.333333333333333,94.0,2.0,8.0,0.0,2.0,6.0
20260617-Kiwoom_Heroes-Samsung_Lions,20260617WOSS0,31.0,7.0,0.22580645161290322,28.0,7.0,0.25,박준현,7.0,85.0,0.0,4.0,0.0,2.0,6.0,1.0,25.0,1.0,3.0,0.0,0.0,0.0,최원태,6.0,96.0,0.0,5.0,0.0,3.0,4.0,1.0,71.0,0.0,2.0,0.0,5.0,3.0
20260617-LG_Twins-KIA_Tigers,20260617LGHT0,33.0,7.0,0.21212121212121213,30.0,9.0,0.3,장현식,4.666666666666667,61.0,2.0,6.0,1.0,3.0,2.0,2.333333333333333,50.0,3.0,3.0,1.0,1.0,0.0,올러,6.0,103.0,1.0,4.0,1.0,3.0,6.0,2.0,54.0,2.0,3.0,0.0,2.0,2.0
20260617-Lotte_Giants-SSG_Landers,20260617LTSK0,34.0,10.0,0.29411764705882354,36.0,12.0,0.3333333333333333,박세웅,6.0,99.0,1.0,8.0,0.0,1.0,4.0,2.0,72.0,0.0,4.0,0.0,2.0,2.0,김건우,6.0,92.0,2.0,8.0,1.0,3.0,3.0,3.0,48.0,0.0,2.0,0.0,0.0,4.0
20260618-Hanwha_Eagles-NC_Dinos,20260618HHNC0,32.0,5.0,0.15625,31.0,10.0,0.3225806451612903,에르난데스,6.0,88.0,4.0,7.0,1.0,1.0,2.0,2.0,44.0,1.0,3.0,0.0,3.0,3.0,테일러,6.0,97.0,0.0,4.0,0.0,2.0,3.0,3.0,52.0,0.0,1.0,0.0,2.0,1.0
20260618-KT_Wiz-Doosan_Bears,20260618KTOB0,31.0,5.0,0.16129032258064516,33.0,10.0,0.30303030303030304,소형준,5.0,73.0,1.0,6.0,0.0,0.0,3.0,3.0,44.0,1.0,4.0,0.0,0.0,5.0,최민석,6.0,96.0,1.0,4.0,0.0,3.0,2.0,3.0,40.0,0.0,1.0,0.0,1.0,5.0
20260618-Kiwoom_Heroes-Samsung_Lions,20260618WOSS0,30.0,4.0,0.13333333333333333,31.0,8.0,0.25806451612903225,안우진,6.0,98.0,1.0,4.0,0.0,2.0,7.0,2.0,46.0,3.0,4.0,0.0,3.0,0.0,오러클린,4.333333333333333,96.0,2.0,3.0,1.0,5.0,4.0,4.333333333333333,75.0,0.0,1.0,0.0,5.0,5.0
20260618-LG_Twins-KIA_Tigers,20260618LGHT0,30.0,5.0,0.16666666666666666,35.0,11.0,0.3142857142857143,톨허스트,6.0,103.0,3.0,8.0,0.0,1.0,2.0,2.0,32.0,1.0,3.0,0.0,1.0,2.0,양현종,5.0,89.0,1.0,3.0,0.0,6.0,1.0,3.0,62.0,0.0,2.0,0.0,2.0,4.0
20260618-Lotte_Giants-SSG_Landers,20260618LTSK0,39.0,7.0,0.1794871794871795,35.0,3.0,0.08571428571428572,로드리게스,7.0,94.0,2.0,3.0,2.0,2.0,9.0,3.333333333333333,44.0,0.0,0.0,0.0,1.0,3.0,타케다,6.0,95.0,2.0,3.0,1.0,1.0,4.0,4.333333333333333,91.0,0.0,4.0,0.0,2.0,5.0
20260619-Doosan_Bears-LG_Twins,20260619OBLG0,32.0,7.0,0.21875,28.0,5.0,0.17857142857142858,벤자민,6.0,97.0,3.0,4.0,1.0,2.0,4.0,1.0,26.0,0.0,1.0,0.0,0.0,1.0,이정용,5.0,68.0,2.0,4.0,0.0,1.0,1.0,4.0,53.0,0.0,3.0,0.0,0.0,3.0
20260619-KIA_Tigers-KT_Wiz,20260619HTKT0,40.0,15.0,0.375,34.0,9.0,0.2647058823529412,네일,6.0,93.0,2.0,6.0,1.0,2.0,4.0,3.0,51.0,1.0,3.0,1.0,2.0,2.0,오원석,3.0,58.0,5.0,6.0,2.0,4.0,1.0,6.0,104.0,6.0,9.0,0.0,2.0,4.0
20260619-Lotte_Giants-Kiwoom_Heroes,20260619LTWO0,29.0,5.0,0.1724137931034483,33.0,8.0,0.24242424242424243,이민석,7.333333333333333,97.0,1.0,7.0,0.0,2.0,6.0,1.3333333333333333,33.0,0.0,1.0,0.0,2.0,2.0,알칸타라,7.0,91.0,2.0,4.0,0.0,2.0,5.0,2.0,25.0,0.0,1.0,0.0,0.0,3.0
20260619-SSG_Landers-NC_Dinos,20260619SKNC0,26.0,7.0,0.2692307692307692,26.0,10.0,0.38461538461538464,베니지아노,5.0,85.0,8.0,9.0,2.0,3.0,4.0,0.0,18.0,0.0,1.0,0.0,1.0,1.0,토다,6.0,95.0,1.0,7.0,0.0,1.0,4.0,0.0,0.0,0.0,0.0,0.0,0.0,0.0
20260619-Samsung_Lions-Hanwha_Eagles,20260619SSHH0,38.0,8.0,0.21052631578947367,35.0,8.0,0.22857142857142856,후라도,6.0,94.0,1.0,7.0,0.0,1.0,2.0,3.0,71.0,1.0,1.0,0.0,4.0,3.0,박준영,5.0,79.0,2.0,3.0,0.0,2.0,6.0,4.333333333333333,88.0,1.0,5.0,0.0,2.0,3.0
20260620-Doosan_Bears-LG_Twins,20260620OBLG0,34.0,8.0,0.23529411764705882,29.0,8.0,0.27586206896551724,곽빈,5.333333333333333,109.0,1.0,6.0,0.0,1.0,9.0,2.6666666666666665,42.0,3.0,2.0,1.0,2.0,1.0,임찬규,6.0,80.0,2.0,5.0,0.0,0.0,2.0,3.0,43.0,0.0,3.0,0.0,0.0,4.0
20260620-KIA_Tigers-KT_Wiz,20260620HTKT0,41.0,13.0,0.3170731707317073,40.0,14.0,0.35,황동하,3.6666666666666665,86.0,2.0,5.0,0.0,5.0,3.0,4.0,130.0,6.0,9.0,1.0,4.0,3.0,배제성,3.3333333333333335,89.0,2.0,4.0,0.0,4.0,3.0,5.666666666666666,127.0,6.0,9.0,0.0,5.0,6.0
20260620-Lotte_Giants-Kiwoom_Heroes,20260620LTWO0,36.0,12.0,0.3333333333333333,36.0,10.0,0.2777777777777778,나균안,6.0,109.0,1.0,8.0,1.0,2.0,6.0,3.0,38.0,0.0,2.0,0.0,1.0,2.0,로젠버그,3.0,60.0,3.0,5.0,0.0,1.0,2.0,5.666666666666666,111.0,4.0,7.0,0.0,3.0,2.0
20260620-SSG_Landers-NC_Dinos,20260620SKNC0,39.0,12.0,0.3076923076923077,33.0,8.0,0.24242424242424243,해치,5.666666666666667,99.0,3.0,5.0,0.0,3.0,6.0,3.0,88.0,2.0,3.0,0.0,6.0,5.0,김준원,2.0,53.0,5.0,2.0,1.0,4.0,2.0,5.666666666666667,142.0,4.0,10.0,3.0,3.0,8.0
20260620-Samsung_Lions-Hanwha_Eagles,20260620SSHH0,33.0,8.0,0.24242424242424243,32.0,8.0,0.25,장찬희,3.3333333333333335,67.0,6.0,2.0,1.0,4.0,5.0,4.666666666666666,74.0,4.0,6.0,1.0,2.0,7.0,왕옌청,2.6666666666666665,68.0,3.0,3.0,1.0,4.0,3.0,6.333333333333334,94.0,1.0,5.0,0.0,3.0,3.0
20260621-Doosan_Bears-LG_Twins,20260621OBLG0,41.0,13.0,0.3170731707317073,31.0,10.0,0.3225806451612903,잭로그,1.0,25.0,4.0,4.0,4.0,0.0,0.0,7.0,129.0,2.0,6.0,1.0,7.0,5.0,웰스,5.0,95.0,0.0,5.0,0.0,0.0,5.0,4.0,72.0,2.0,8.0,0.0,1.0,6.0
20260621-KIA_Tigers-KT_Wiz,20260621HTKT0,42.0,20.0,0.47619047619047616,31.0,7.0,0.22580645161290322,김태형,2.0,34.0,3.0,4.0,2.0,1.0,1.0,7.0,121.0,2.0,3.0,0.0,3.0,9.0,로건,5.0,78.0,2.0,6.0,1.0,0.0,6.0,4.0,94.0,9.0,14.0,0.0,2.0,3.0
20260621-Lotte_Giants-Kiwoom_Heroes,20260621LTWO0,34.0,8.0,0.23529411764705882,32.0,8.0,0.25,비슬리,4.0,80.0,1.0,3.0,0.0,5.0,5.0,4.666666666666666,65.0,2.0,5.0,0.0,1.0,2.0,배동현,5.0,85.0,5.0,6.0,1.0,1.0,6.0,4.0,63.0,1.0,2.0,0.0,1.0,2.0
20260621-SSG_Landers-NC_Dinos,20260621SKNC0,35.0,9.0,0.2571428571428571,33.0,9.0,0.2727272727272727,최민준,4.333333333333333,73.0,2.0,7.0,1.0,1.0,2.0,4.0,53.0,1.0,2.0,0.0,1.0,3.0,김태경,2.0,56.0,1.0,1.0,0.0,3.0,2.0,7.0,114.0,6.0,8.0,2.0,6.0,8.0
20260621-Samsung_Lions-Hanwha_Eagles,20260621SSHH0,33.0,7.0,0.21212121212121213,34.0,8.0,0.23529411764705882,양창섭,5.0,84.0,1.0,6.0,1.0,2.0,4.0,3.0,75.0,0.0,2.0,0.0,1.0,3.0,화이트,7.0,102.0,2.0,7.0,0.0,2.0,3.0,2.0,30.0,0.0,0.0,0.0,2.0,2.0
20260623-Doosan_Bears-Hanwha_Eagles,20260623OBHH0,33.0,8.0,0.24242424242424243,34.0,9.0,0.2647058823529412,타카다,3.6666666666666665,83.0,1.0,6.0,1.0,4.0,2.0,4.333333333333333,82.0,2.0,3.0,1.0,3.0,6.0,류현진,6.0,79.0,2.0,5.0,0.0,1.0,2.0,2.0,56.0,0.0,3.0,0.0,2.0,2.0
20260623-KIA_Tigers-Kiwoom_Heroes,20260623HTWO0,37.0,10.0,0.2702702702702703,35.0,9.0,0.2571428571428571,올러,6.0,95.0,1.0,4.0,0.0,2.0,6.0,3.0,57.0,2.0,5.0,1.0,1.0,3.0,박준현,5.0,102.0,2.0,3.0,1.0,5.0,5.0,4.0,74.0,5.0,7.0,2.0,1.0,3.0
20260623-NC_Dinos-Lotte_Giants,20260623NCLT0,31.0,7.0,0.22580645161290322,33.0,8.0,0.24242424242424243,라일리,7.0,89.0,1.0,5.0,0.0,0.0,7.0,1.0,26.0,2.0,3.0,1.0,0.0,1.0,박세웅,7.0,93.0,1.0,5.0,1.0,1.0,10.0,1.0,42.0,0.0,2.0,0.0,1.0,3.0
20260623-SSG_Landers-KT_Wiz,20260623SKKT0,33.0,8.0,0.24242424242424243,36.0,14.0,0.3888888888888889,김건우,4.0,97.0,4.0,8.0,1.0,3.0,2.0,4.0,110.0,7.0,6.0,1.0,6.0,2.0,고영표,6.0,100.0,2.0,8.0,1.0,0.0,4.0,3.0,41.0,0.0,0.0,0.0,2.0,0.0
20260623-Samsung_Lions-LG_Twins,20260623SSLG0,31.0,7.0,0.22580645161290322,29.0,7.0,0.2413793103448276,최원태,6.0,84.0,2.0,6.0,1.0,1.0,3.0,2.0,25.0,0.0,1.0,0.0,0.0,1.0,장현식,5.0,67.0,0.0,3.0,0.0,1.0,2.0,3.333333333333333,93.0,3.0,4.0,0.0,6.0,5.0
20260624-Doosan_Bears-Hanwha_Eagles,20260624OBHH0,43.0,19.0,0.4418604651162791,33.0,6.0,0.18181818181818182,최민석,6.0,97.0,0.0,2.0,0.0,1.0,6.0,3.0,67.0,2.0,4.0,1.0,3.0,3.0,에르난데스,3.0,64.0,4.0,7.0,2.0,0.0,1.0,5.666666666666666,121.0,3.0,12.0,0.0,4.0,3.0
20260624-KIA_Tigers-Kiwoom_Heroes,20260624HTWO0,39.0,11.0,0.28205128205128205,31.0,6.0,0.1935483870967742,양현종,5.0,84.0,3.0,5.0,0.0,0.0,4.0,4.0,53.0,0.0,1.0,0.0,0.0,4.0,안우진,5.333333333333333,101.0,5.0,5.0,0.0,3.0,9.0,3.333333333333333,75.0,4.0,6.0,0.0,1.0,5.0
20260624-NC_Dinos-Lotte_Giants,20260624NCLT0,34.0,8.0,0.23529411764705882,28.0,5.0,0.17857142857142858,테일러,7.0,99.0,2.0,3.0,0.0,3.0,4.0,1.0,20.0,2.0,2.0,0.0,2.0,2.0,로드리게스,5.0,113.0,2.0,5.0,1.0,4.0,8.0,2.6666666666666665,64.0,1.0,3.0,0.0,2.0,2.0
20260624-SSG_Landers-KT_Wiz,20260624SKKT0,36.0,11.0,0.3055555555555556,33.0,8.0,0.24242424242424243,김민준,5.0,87.0,1.0,5.0,0.0,2.0,4.0,3.0,66.0,3.0,3.0,0.0,4.0,1.0,사우어,5.0,92.0,5.0,8.0,0.0,3.0,1.0,4.0,65.0,0.0,3.0,0.0,1.0,2.0
20260624-Samsung_Lions-LG_Twins,20260624SSLG0,31.0,4.0,0.12903225806451613,26.0,5.0,0.19230769230769232,오러클린,5.333333333333333,91.0,2.0,5.0,1.0,2.0,4.0,2.0,44.0,0.0,0.0,0.0,2.0,3.0,톨허스트,6.0,99.0,0.0,2.0,0.0,2.0,5.0,3.0,46.0,0.0,2.0,0.0,0.0,6.0
20260625-Doosan_Bears-Hanwha_Eagles,20260625OBHH0,36.0,10.0,0.2777777777777778,35.0,9.0,0.2571428571428571,벤자민,5.666666666666667,97.0,1.0,5.0,1.0,3.0,4.0,2.6666666666666665,66.0,2.0,4.0,1.0,0.0,6.0,박준영,3.0,48.0,2.0,1.0,0.0,3.0,3.0,6.0,95.0,3.0,9.0,1.0,1.0,2.0
20260625-KIA_Tigers-Kiwoom_Heroes,20260625HTWO0,36.0,12.0,0.3333333333333333,31.0,6.0,0.1935483870967742,네일,7.0,92.0,0.0,2.0,0.0,0.0,8.0,2.0,37.0,4.0,4.0,1.0,1.0,1.0,알칸타라,6.0,92.0,4.0,6.0,2.0,0.0,8.0,2.6666666666666665,71.0,5.0,6.0,2.0,1.0,3.0
20260625-NC_Dinos-Lotte_Giants,20260625NCLT0,38.0,14.0,0.3684210526315789,32.0,5.0,0.15625,토다,7.0,93.0,2.0,4.0,0.0,0.0,8.0,2.0,31.0,0.0,1.0,0.0,0.0,3.0,이민석,4.0,98.0,8.0,10.0,0.0,3.0,5.0,5.0,52.0,0.0,4.0,0.0,0.0,4.0
20260625-SSG_Landers-KT_Wiz,20260625SKKT0,40.0,15.0,0.375,39.0,16.0,0.41025641025641024,베니지아노,4.666666666666667,104.0,6.0,10.0,1.0,3.0,8.0,2.333333333333333,61.0,5.0,6.0,0.0,2.0,3.0,소형준,4.0,89.0,4.0,11.0,0.0,1.0,2.0,4.666666666666666,82.0,2.0,4.0,0.0,2.0,3.0
20260625-Samsung_Lions-LG_Twins,20260625SSLG0,44.0,18.0,0.4090909090909091,39.0,12.0,0.3076923076923077,후라도,6.666666666666667,103.0,3.0,7.0,0.0,1.0,3.0,2.0,48.0,3.0,5.0,1.0,1.0,3.0,이정용,5.0,97.0,8.0,9.0,1.0,6.0,2.0,4.0,90.0,4.0,9.0,0.0,4.0,5.0
20260626-Hanwha_Eagles-SSG_Landers,20260626HHSK0,34.0,10.0,0.29411764705882354,33.0,9.0,0.2727272727272727,왕옌청,5.666666666666667,93.0,1.0,6.0,0.0,1.0,5.0,3.333333333333333,47.0,1.0,3.0,1.0,1.0,2.0,해치,6.0,93.0,4.0,6.0,1.0,1.0,4.0,2.333333333333333,65.0,5.0,4.0,1.0,2.0,5.0
20260626-KIA_Tigers-Doosan_Bears,20260626HTOB0,32.0,5.0,0.15625,29.0,7.0,0.2413793103448276,황동하,5.0,96.0,2.0,4.0,0.0,3.0,2.0,3.0,51.0,1.0,3.0,0.0,3.0,0.0,곽빈,6.0,95.0,0.0,4.0,0.0,1.0,5.0,3.0,60.0,2.0,1.0,0.0,4.0,1.0
20260626-KT_Wiz-Samsung_Lions,20260626KTSS0,33.0,8.0,0.24242424242424243,36.0,11.0,0.3055555555555556,오원석,6.0,91.0,1.0,4.0,0.0,1.0,9.0,1.6666666666666665,66.0,6.0,7.0,1.0,1.0,2.0,장찬희,5.0,85.0,1.0,5.0,1.0,2.0,4.0,3.0,68.0,0.0,3.0,0.0,0.0,5.0
20260626-Kiwoom_Heroes-NC_Dinos,20260626WONC0,32.0,6.0,0.1875,32.0,8.0,0.25,배동현,5.333333333333333,75.0,2.0,3.0,0.0,1.0,1.0,1.0,67.0,7.0,5.0,0.0,7.0,1.0,김태경,3.0,59.0,4.0,4.0,0.0,2.0,3.0,6.0,74.0,0.0,2.0,0.0,4.0,4.0
20260626-LG_Twins-Lotte_Giants,20260626LGLT0,30.0,6.0,0.2,27.0,5.0,0.18518518518518517,임찬규,7.0,88.0,3.0,5.0,0.0,2.0,3.0,1.0,14.0,0.0,0.0,0.0,0.0,0.0,나균안,7.0,97.0,2.0,5.0,0.0,2.0,5.0,2.0,34.0,0.0,1.0,0.0,2.0,1.0
20260627-Hanwha_Eagles-SSG_Landers,20260627HHSK0,39.0,13.0,0.3333333333333333,35.0,9.0,0.2571428571428571,화이트,5.666666666666667,101.0,0.0,5.0,0.0,1.0,7.0,3.333333333333333,57.0,1.0,4.0,1.0,1.0,1.0,타케다,5.666666666666667,93.0,7.0,11.0,1.0,1.0,3.0,3.3333333333333335,54.0,1.0,2.0,1.0,2.0,4.0
20260627-KIA_Tigers-Doosan_Bears,20260627HTOB0,31.0,4.0,0.12903225806451613,36.0,13.0,0.3611111111111111,시라카와,5.0,84.0,1.0,3.0,0.0,3.0,5.0,1.0,88.0,7.0,10.0,0.0,4.0,2.0,잭로그,7.333333333333333,93.0,1.0,3.0,0.0,0.0,4.0,1.0,21.0,0.0,1.0,0.0,1.0,0.0
20260627-KT_Wiz-Samsung_Lions,20260627KTSS0,38.0,11.0,0.2894736842105263,28.0,7.0,0.25,로건,6.0,89.0,2.0,5.0,0.0,3.0,5.0,1.0,43.0,2.0,2.0,0.0,2.0,3.0,원태인,5.0,104.0,1.0,7.0,0.0,2.0,5.0,4.0,50.0,1.0,4.0,0.0,1.0,5.0
20260627-Kiwoom_Heroes-NC_Dinos,20260627WONC0,32.0,6.0,0.1875,28.0,1.0,0.03571428571428571,하영민,7.0,96.0,1.0,1.0,0.0,3.0,7.0,2.0,29.0,0.0,0.0,0.0,1.0,1.0,구창모,6.0,91.0,1.0,2.0,1.0,1.0,8.0,2.0,58.0,2.0,4.0,2.0,1.0,4.0
20260627-LG_Twins-Lotte_Giants,20260627LGLT0,39.0,12.0,0.3076923076923077,36.0,9.0,0.25,웰스,3.0,70.0,4.0,6.0,2.0,2.0,2.0,6.0,86.0,2.0,3.0,1.0,3.0,6.0,김진욱,6.666666666666667,105.0,1.0,7.0,0.0,3.0,7.0,1.0,54.0,4.0,5.0,1.0,1.0,0.0
20260628-Hanwha_Eagles-SSG_Landers,20260628HHSK0,37.0,10.0,0.2702702702702703,34.0,7.0,0.20588235294117646,류현진,6.0,81.0,1.0,6.0,0.0,0.0,7.0,3.0,54.0,2.0,1.0,1.0,1.0,2.0,최민준,2.6666666666666665,52.0,3.0,5.0,1.0,0.0,5.0,6.333333333333333,100.0,0.0,5.0,1.0,2.0,8.0
20260628-KIA_Tigers-Doosan_Bears,20260628HTOB0,39.0,12.0,0.3076923076923077,31.0,5.0,0.16129032258064516,김태형,7.0,94.0,1.0,4.0,1.0,0.0,3.0,2.0,25.0,0.0,1.0,0.0,1.0,0.0,최승용,5.333333333333333,80.0,5.0,6.0,2.0,2.0,2.0,3.6666666666666665,99.0,7.0,6.0,0.0,5.0,4.0
20260628-KT_Wiz-Samsung_Lions,20260628KTSS0,33.0,6.0,0.18181818181818182,32.0,10.0,0.3125,고영표,6.0,85.0,5.0,6.0,1.0,0.0,4.0,2.0,53.0,2.0,4.0,0.0,2.0,1.0,양창섭,6.0,87.0,2.0,4.0,0.0,2.0,4.0,2.333333333333333,43.0,2.0,2.0,1.0,0.0,3.0
20260628-Kiwoom_Heroes-NC_Dinos,20260628WONC0,32.0,7.0,0.21875,38.0,14.0,0.3684210526315789,와일스,1.0,44.0,4.0,5.0,1.0,1.0,1.0,7.0,117.0,3.0,9.0,3.0,1.0,4.0,라일리,5.0,99.0,2.0,4.0,0.0,2.0,13.0,4.0,55.0,0.0,3.0,0.0,0.0,3.0
20260628-LG_Twins-Lotte_Giants,20260628LGLT0,38.0,15.0,0.39473684210526316,35.0,14.0,0.4,장현식,2.6666666666666665,61.0,4.0,5.0,0.0,2.0,1.0,5.333333333333333,116.0,7.0,9.0,1.0,6.0,2.0,비슬리,4.333333333333333,76.0,4.0,5.0,1.0,1.0,6.0,4.0,119.0,5.0,10.0,1.0,6.0,4.0
20260630-LG_Twins-Kiwoom_Heroes,20260630LGWO0,30.0,3.0,0.1,32.0,11.0,0.34375,톨허스트,5.333333333333333,87.0,5.0,10.0,2.0,0.0,5.0,2.0,35.0,1.0,1.0,0.0,2.0,2.0,안우진,5.666666666666667,95.0,0.0,1.0,0.0,3.0,11.0,3.0,66.0,0.0,2.0,0.0,3.0,4.0
20260630-Lotte_Giants-Doosan_Bears,20260630LTOB0,35.0,8.0,0.22857142857142856,33.0,10.0,0.30303030303030304,박세웅,5.666666666666667,99.0,5.0,9.0,1.0,0.0,8.0,1.3333333333333333,31.0,0.0,1.0,0.0,1.0,0.0,최민석,6.0,87.0,0.0,7.0,0.0,0.0,5.0,3.0,52.0,0.0,1.0,0.0,1.0,6.0
20260630-SSG_Landers-KIA_Tigers,20260630SKHT0,32.0,5.0,0.15625,41.0,17.0,0.4146341463414634,김건우,3.6666666666666665,87.0,7.0,10.0,2.0,2.0,4.0,4.333333333333333,82.0,0.0,7.0,0.0,1.0,3.0,올러,6.0,101.0,0.0,5.0,2.0,4.0,10.0,3.0,26.0,0.0,0.0,0.0,0.0,1.0
20260630-Samsung_Lions-NC_Dinos,20260630SSNC0,37.0,13.0,0.35135135135135137,39.0,14.0,0.358974358974359,오러클린,2.6666666666666665,74.0,7.0,6.0,0.0,4.0,3.0,5.666666666666666,126.0,0.0,8.0,0.0,1.0,4.0,테일러,5.0,104.0,4.0,8.0,0.0,5.0,3.0,2.0,119.0,8.0,5.0,0.0,11.0,4.0
20260701-KT_Wiz-Hanwha_Eagles,20260701KTHH0,36.0,10.0,0.2777777777777778,32.0,7.0,0.21875,소형준,6.0,101.0,1.0,4.0,1.0,2.0,4.0,2.333333333333333,51.0,3.0,3.0,1.0,1.0,5.0,박준영,4.666666666666667,81.0,3.0,2.0,0.0,5.0,0.0,3.333333333333333,76.0,4.0,8.0,0.0,0.0,6.0
20260701-LG_Twins-Kiwoom_Heroes,20260701LGWO0,38.0,12.0,0.3157894736842105,32.0,8.0,0.25,함덕주,2.0,25.0,0.0,0.0,0.0,2.0,0.0,5.0,118.0,2.0,8.0,0.0,4.0,5.0,알칸타라,5.0,92.0,4.0,7.0,2.0,0.0,7.0,3.0,70.0,5.0,5.0,1.0,2.0,2.0
20260701-Lotte_Giants-Doosan_Bears,20260701LTOB0,39.0,10.0,0.2564102564102564,38.0,9.0,0.23684210526315788,로드리게스,7.0,97.0,1.0,6.0,0.0,0.0,8.0,2.333333333333333,38.0,1.0,3.0,0.0,0.0,2.0,벤자민,6.0,90.0,0.0,3.0,0.0,0.0,10.0,3.6666666666666665,71.0,4.0,7.0,1.0,2.0,4.0
20260701-SSG_Landers-KIA_Tigers,20260701SKHT0,45.0,15.0,0.3333333333333333,42.0,12.0,0.2857142857142857,김민준,4.666666666666667,94.0,3.0,4.0,0.0,2.0,6.0,6.333333333333333,97.0,2.0,8.0,0.0,4.0,6.0,양현종,5.0,85.0,1.0,4.0,0.0,3.0,3.0,4.0,130.0,5.0,11.0,0.0,4.0,4.0
20260701-Samsung_Lions-NC_Dinos,20260701SSNC0,32.0,6.0,0.1875,34.0,11.0,0.3235294117647059,후라도,6.333333333333333,92.0,4.0,7.0,1.0,2.0,5.0,1.0,63.0,6.0,4.0,2.0,4.0,0.0,토다,6.0,99.0,5.0,6.0,2.0,3.0,7.0,3.0,39.0,0.0,0.0,0.0,1.0,2.0
20260702-KT_Wiz-Hanwha_Eagles,20260702KTHH0,35.0,9.0,0.2571428571428571,38.0,18.0,0.47368421052631576,오원석,1.3333333333333333,39.0,8.0,8.0,1.0,0.0,3.0,6.666666666666666,132.0,5.0,10.0,1.0,4.0,7.0,왕옌청,5.0,85.0,2.0,6.0,0.0,2.0,3.0,4.0,69.0,1.0,3.0,0.0,2.0,5.0
20260702-LG_Twins-Kiwoom_Heroes,20260702LGWO0,37.0,11.0,0.2972972972972973,34.0,7.0,0.20588235294117646,임찬규,5.0,89.0,5.0,6.0,1.0,3.0,3.0,3.333333333333333,52.0,0.0,1.0,0.0,2.0,4.0,배동현,5.0,96.0,6.0,7.0,1.0,3.0,4.0,4.0,66.0,1.0,4.0,0.0,0.0,5.0
20260702-Lotte_Giants-Doosan_Bears,20260702LTOB0,34.0,7.0,0.20588235294117646,35.0,13.0,0.37142857142857144,나균안,5.0,94.0,4.0,8.0,1.0,1.0,5.0,2.6666666666666665,62.0,3.0,5.0,0.0,4.0,0.0,곽빈,6.0,100.0,0.0,2.0,0.0,1.0,5.0,2.6666666666666665,59.0,3.0,5.0,1.0,2.0,1.0
20260702-SSG_Landers-KIA_Tigers,20260702SKHT0,38.0,12.0,0.3157894736842105,40.0,16.0,0.4,베니지아노,5.0,82.0,2.0,7.0,1.0,2.0,3.0,2.333333333333333,84.0,5.0,9.0,2.0,1.0,3.0,네일,5.0,87.0,5.0,8.0,1.0,2.0,6.0,3.0,58.0,2.0,4.0,1.0,1.0,2.0
20260702-Samsung_Lions-NC_Dinos,20260702SSNC0,34.0,9.0,0.2647058823529412,30.0,4.0,0.13333333333333333,김백산,5.666666666666667,75.0,0.0,2.0,0.0,4.0,3.0,3.333333333333333,57.0,1.0,2.0,1.0,1.0,3.0,김태경,5.0,81.0,2.0,4.0,0.0,5.0,2.0,4.0,69.0,4.0,5.0,1.0,3.0,4.0
20260703-Doosan_Bears-Kiwoom_Heroes,20260703OBWO0,32.0,7.0,0.21875,32.0,11.0,0.34375,잭로그,5.0,87.0,2.0,5.0,0.0,2.0,3.0,2.0,75.0,3.0,6.0,0.0,3.0,2.0,하영민,6.0,96.0,3.0,4.0,0.0,2.0,4.0,3.0,45.0,2.0,3.0,1.0,1.0,4.0
20260703-Hanwha_Eagles-LG_Twins,20260703HHLG0,35.0,9.0,0.2571428571428571,33.0,9.0,0.2727272727272727,화이트,7.0,111.0,0.0,4.0,0.0,1.0,5.0,2.0,26.0,1.0,5.0,0.0,0.0,2.0,웰스,6.0,94.0,1.0,3.0,1.0,2.0,7.0,2.0,60.0,7.0,6.0,2.0,3.0,1.0
20260703-Lotte_Giants-KT_Wiz,20260703LTKT0,32.0,9.0,0.28125,32.0,5.0,0.15625,김진욱,6.333333333333333,99.0,0.0,5.0,0.0,2.0,7.0,2.0,38.0,0.0,0.0,0.0,0.0,1.0,로건,7.0,77.0,2.0,6.0,1.0,2.0,0.0,1.0,34.0,2.0,3.0,1.0,0.0,2.0
20260703-NC_Dinos-KIA_Tigers,20260703NCHT0,37.0,12.0,0.32432432432432434,31.0,7.0,0.22580645161290322,구창모,6.0,88.0,3.0,7.0,0.0,0.0,3.0,3.0,46.0,0.0,0.0,0.0,1.0,4.0,황동하,4.333333333333333,86.0,4.0,4.0,2.0,3.0,2.0,3.6666666666666665,93.0,7.0,8.0,2.0,6.0,1.0
20260703-Samsung_Lions-SSG_Landers,20260703SSSK0,37.0,11.0,0.2972972972972973,34.0,8.0,0.23529411764705882,원태인,5.0,101.0,2.0,6.0,0.0,0.0,7.0,4.0,64.0,2.0,2.0,2.0,1.0,5.0,해치,4.333333333333333,110.0,5.0,9.0,1.0,3.0,6.0,4.0,66.0,1.0,2.0,0.0,0.0,4.0
20260704-Doosan_Bears-Kiwoom_Heroes,20260704OBWO0,32.0,9.0,0.28125,38.0,10.0,0.2631578947368421,최승용,5.333333333333333,93.0,2.0,3.0,0.0,2.0,7.0,2.333333333333333,88.0,3.0,7.0,1.0,4.0,5.0,박준현,3.6666666666666665,83.0,5.0,5.0,1.0,5.0,6.0,5.333333333333334,95.0,3.0,4.0,0.0,5.0,5.0
20260704-Hanwha_Eagles-LG_Twins,20260704HHLG0,32.0,6.0,0.1875,29.0,9.0,0.3103448275862069,에르난데스,1.3333333333333333,34.0,4.0,4.0,0.0,2.0,1.0,5.666666666666666,131.0,1.0,5.0,0.0,6.0,5.0,장현식,5.0,88.0,0.0,3.0,0.0,2.0,3.0,3.0,77.0,3.0,3.0,1.0,4.0,4.0
20260704-Lotte_Giants-KT_Wiz,20260704LTKT0,37.0,9.0,0.24324324324324326,28.0,3.0,0.10714285714285714,비슬리,6.0,95.0,1.0,2.0,0.0,3.0,6.0,3.0,40.0,0.0,1.0,0.0,1.0,1.0,고영표,5.333333333333333,89.0,2.0,7.0,0.0,0.0,6.0,2.0,51.0,0.0,2.0,0.0,1.0,3.0
20260704-NC_Dinos-KIA_Tigers,20260704NCHT0,30.0,7.0,0.23333333333333334,33.0,9.0,0.2727272727272727,라일리,6.0,101.0,3.0,5.0,0.0,2.0,4.0,2.333333333333333,54.0,1.0,4.0,0.0,1.0,3.0,시라카와,4.0,83.0,4.0,4.0,0.0,5.0,2.0,5.0,58.0,1.0,3.0,0.0,0.0,6.0
20260704-Samsung_Lions-SSG_Landers,20260704SSSK0,44.0,16.0,0.36363636363636365,36.0,9.0,0.25,최원태,5.0,92.0,6.0,7.0,2.0,3.0,5.0,4.0,46.0,1.0,2.0,1.0,1.0,3.0,타케다,2.3333333333333335,68.0,2.0,6.0,0.0,3.0,3.0,6.0,126.0,7.0,10.0,0.0,4.0,2.0
20260705-Doosan_Bears-Kiwoom_Heroes,20260705OBWO0,38.0,12.0,0.3157894736842105,33.0,7.0,0.21212121212121213,최민석,6.0,98.0,1.0,5.0,0.0,1.0,6.0,3.0,40.0,0.0,2.0,0.0,1.0,2.0,김윤하,4.0,78.0,3.0,5.0,0.0,2.0,3.0,4.0,93.0,4.0,7.0,0.0,2.0,7.0
20260705-Lotte_Giants-KT_Wiz,20260705LTKT0,30.0,7.0,0.23333333333333334,30.0,8.0,0.26666666666666666,박세웅,7.0,92.0,2.0,5.0,1.0,1.0,8.0,1.0,19.0,2.0,3.0,1.0,0.0,0.0,사우어,6.0,102.0,2.0,6.0,0.0,4.0,2.0,3.0,39.0,0.0,1.0,0.0,0.0,3.0
20260705-Samsung_Lions-SSG_Landers,20260705SSSK0,39.0,13.0,0.3333333333333333,34.0,8.0,0.23529411764705882,양창섭,5.666666666666667,82.0,2.0,7.0,0.0,1.0,2.0,3.0,54.0,0.0,1.0,0.0,1.0,2.0,김건우,4.0,86.0,7.0,7.0,0.0,6.0,0.0,5.0,98.0,6.0,6.0,2.0,5.0,6.0
20260707-KIA_Tigers-Lotte_Giants,20260707HTLT0,31.0,5.0,0.16129032258064516,41.0,18.0,0.43902439024390244,김태형,2.6666666666666665,80.0,7.0,10.0,0.0,3.0,4.0,5.333333333333333,105.0,2.0,8.0,0.0,1.0,6.0,로드리게스,7.0,87.0,1.0,3.0,0.0,1.0,9.0,2.0,27.0,1.0,2.0,0.0,0.0,1.0
20260707-Kiwoom_Heroes-KT_Wiz,20260707WOKT0,33.0,9.0,0.2727272727272727,33.0,9.0,0.2727272727272727,안우진,6.0,100.0,3.0,8.0,0.0,1.0,6.0,2.0,32.0,0.0,1.0,0.0,0.0,0.0,소형준,7.0,84.0,0.0,7.0,0.0,1.0,5.0,1.0,33.0,0.0,2.0,0.0,1.0,2.0
20260707-LG_Twins-Samsung_Lions,20260707LGSS0,34.0,8.0,0.23529411764705882,37.0,15.0,0.40540540540540543,톨허스트,5.0,92.0,3.0,6.0,0.0,4.0,3.0,3.0,60.0,5.0,9.0,1.0,0.0,0.0,후라도,6.0,101.0,2.0,5.0,1.0,4.0,4.0,3.0,48.0,0.0,3.0,0.0,1.0,3.0
20260707-NC_Dinos-Hanwha_Eagles,20260707NCHH0,40.0,12.0,0.3,35.0,9.0,0.2571428571428571,테일러,6.333333333333333,108.0,1.0,2.0,0.0,3.0,6.0,2.333333333333333,62.0,5.0,7.0,0.0,3.0,2.0,박준영,3.6666666666666665,72.0,3.0,6.0,1.0,3.0,4.0,4.333333333333333,97.0,4.0,6.0,1.0,3.0,3.0
20260707-SSG_Landers-Doosan_Bears,20260707SKOB0,34.0,9.0,0.2647058823529412,32.0,6.0,0.1875,김민준,6.0,83.0,0.0,4.0,0.0,1.0,6.0,2.0,52.0,2.0,2.0,1.0,2.0,5.0,벤자민,5.333333333333333,86.0,2.0,6.0,0.0,0.0,7.0,3.6666666666666665,47.0,2.0,3.0,1.0,0.0,2.0
20260708-KIA_Tigers-Lotte_Giants,20260708HTLT0,37.0,11.0,0.2972972972972973,39.0,16.0,0.41025641025641024,네일,3.3333333333333335,61.0,5.0,7.0,0.0,3.0,2.0,4.0,85.0,2.0,9.0,1.0,4.0,3.0,나균안,5.666666666666667,94.0,2.0,7.0,0.0,1.0,7.0,3.0,67.0,1.0,4.0,0.0,1.0,4.0
20260708-Kiwoom_Heroes-KT_Wiz,20260708WOKT0,38.0,11.0,0.2894736842105263,33.0,12.0,0.36363636363636365,배동현,4.0,88.0,2.0,9.0,0.0,0.0,5.0,4.0,59.0,3.0,3.0,0.0,3.0,3.0,로건,4.0,94.0,3.0,7.0,2.0,2.0,2.0,4.333333333333333,87.0,0.0,4.0,0.0,1.0,7.0
20260708-LG_Twins-Samsung_Lions,20260708LGSS0,38.0,14.0,0.3684210526315789,32.0,7.0,0.21875,임찬규,5.0,74.0,2.0,6.0,1.0,1.0,6.0,4.0,47.0,0.0,1.0,0.0,1.0,3.0,오러클린,3.6666666666666665,86.0,5.0,10.0,0.0,0.0,4.0,4.666666666666667,88.0,3.0,4.0,1.0,2.0,6.0
20260708-SSG_Landers-Doosan_Bears,20260708SKOB0,31.0,5.0,0.16129032258064516,32.0,12.0,0.375,전영준,1.6666666666666665,24.0,3.0,4.0,1.0,0.0,1.0,6.333333333333333,115.0,2.0,8.0,1.0,3.0,3.0,곽빈,7.0,97.0,1.0,2.0,1.0,1.0,7.0,2.0,29.0,2.0,3.0,1.0,0.0,2.0
20260709-KIA_Tigers-Lotte_Giants,20260709HTLT0,35.0,9.0,0.2571428571428571,35.0,8.0,0.22857142857142856,양현종,5.0,69.0,1.0,5.0,0.0,1.0,1.0,3.333333333333333,58.0,1.0,3.0,0.0,1.0,3.0,김진욱,6.0,84.0,3.0,7.0,2.0,1.0,3.0,3.0,47.0,2.0,2.0,1.0,0.0,3.0
20260709-LG_Twins-Samsung_Lions,20260709LGSS0,35.0,10.0,0.2857142857142857,31.0,9.0,0.2903225806451613,웰스,5.0,84.0,2.0,5.0,0.0,2.0,5.0,2.333333333333333,50.0,3.0,4.0,1.0,3.0,0.0,원태인,5.0,81.0,3.0,8.0,0.0,1.0,4.0,4.0,86.0,2.0,2.0,0.0,5.0,5.0
20260709-NC_Dinos-Hanwha_Eagles,20260709NCHH0,34.0,9.0,0.2647058823529412,36.0,13.0,0.3611111111111111,구창모,5.0,80.0,1.0,9.0,0.0,1.0,4.0,2.6666666666666665,61.0,2.0,4.0,0.0,2.0,5.0,화이트,5.0,88.0,0.0,5.0,0.0,1.0,4.0,3.333333333333333,65.0,4.0,4.0,2.0,1.0,4.0
20260709-SSG_Landers-Doosan_Bears,20260709SKOB0,33.0,6.0,0.18181818181818182,32.0,8.0,0.25,해치,3.0,62.0,3.0,5.0,2.0,2.0,3.0,5.0,81.0,1.0,3.0,0.0,4.0,3.0,잭로그,5.0,84.0,0.0,5.0,0.0,3.0,6.0,4.0,77.0,0.0,1.0,0.0,3.0,7.0
20260716-Doosan_Bears-NC_Dinos,20260716OBNC0,32.0,10.0,0.3125,33.0,8.0,0.24242424242424243,곽빈,6.0,99.0,4.0,7.0,2.0,0.0,8.0,2.0,36.0,0.0,1.0,0.0,0.0,4.0,라일리,6.0,97.0,0.0,6.0,0.0,4.0,3.0,3.0,51.0,2.0,4.0,0.0,3.0,3.0
20260716-KIA_Tigers-SSG_Landers,20260716HTSK0,30.0,4.0,0.13333333333333333,33.0,11.0,0.3333333333333333,올러,4.333333333333333,103.0,3.0,6.0,1.0,2.0,4.0,3.0,75.0,3.0,5.0,1.0,2.0,3.0,아빌라,6.0,94.0,0.0,3.0,0.0,1.0,8.0,3.0,50.0,0.0,1.0,0.0,3.0,2.0
20260716-KT_Wiz-LG_Twins,20260716KTLG0,34.0,8.0,0.23529411764705882,37.0,9.0,0.24324324324324326,로건,5.0,99.0,1.0,5.0,1.0,1.0,7.0,3.333333333333333,81.0,2.0,4.0,1.0,3.0,3.0,톨허스트,6.0,97.0,4.0,7.0,1.0,2.0,4.0,3.0,38.0,0.0,1.0,0.0,2.0,1.0
20260716-Kiwoom_Heroes-Hanwha_Eagles,20260716WOHH0,43.0,18.0,0.4186046511627907,35.0,6.0,0.17142857142857143,알칸타라,6.0,80.0,4.0,5.0,1.0,0.0,2.0,3.0,45.0,0.0,1.0,0.0,1.0,1.0,화이트,5.0,86.0,5.0,9.0,1.0,2.0,3.0,3.333333333333333,94.0,9.0,9.0,1.0,4.0,3.0
20260716-Lotte_Giants-Samsung_Lions,20260716LTSS0,34.0,9.0,0.2647058823529412,30.0,9.0,0.3,로드리게스,5.666666666666667,99.0,3.0,8.0,0.0,4.0,5.0,2.333333333333333,52.0,1.0,1.0,1.0,3.0,2.0,양창섭,5.0,90.0,1.0,6.0,1.0,3.0,6.0,4.0,67.0,0.0,3.0,0.0,0.0,9.0
20260717-Doosan_Bears-NC_Dinos,20260717OBNC0,32.0,8.0,0.25,38.0,9.0,0.23684210526315788,최민석,6.0,96.0,0.0,5.0,0.0,2.0,6.0,3.333333333333333,83.0,2.0,4.0,0.0,4.0,3.0,테일러,7.0,104.0,2.0,5.0,1.0,1.0,7.0,2.0,61.0,2.0,3.0,0.0,5.0,2.0
20260717-KIA_Tigers-SSG_Landers,20260717HTSK0,34.0,8.0,0.23529411764705882,34.0,8.0,0.23529411764705882,시라카와,3.6666666666666665,76.0,3.0,5.0,0.0,3.0,4.0,5.333333333333333,87.0,0.0,3.0,0.0,2.0,7.0,김민준,2.0,52.0,5.0,4.0,1.0,4.0,1.0,6.0,122.0,1.0,4.0,1.0,3.0,10.0
20260717-KT_Wiz-LG_Twins,20260717KTLG0,34.0,7.0,0.20588235294117646,34.0,9.0,0.2647058823529412,소형준,6.0,76.0,1.0,6.0,0.0,0.0,2.0,3.0,37.0,0.0,3.0,0.0,0.0,1.0,웰스,5.0,98.0,6.0,6.0,2.0,2.0,9.0,4.0,48.0,0.0,1.0,0.0,0.0,2.0
20260717-Kiwoom_Heroes-Hanwha_Eagles,20260717WOHH0,37.0,11.0,0.2972972972972973,38.0,13.0,0.34210526315789475,하영민,5.333333333333333,88.0,4.0,9.0,0.0,3.0,4.0,3.333333333333333,60.0,2.0,4.0,1.0,0.0,4.0,왕옌청,5.0,104.0,3.0,7.0,2.0,3.0,1.0,4.0,64.0,0.0,4.0,0.0,1.0,2.0
20260718-Doosan_Bears-NC_Dinos,20260718OBNC0,39.0,13.0,0.3333333333333333,39.0,11.0,0.28205128205128205,잭로그,3.0,67.0,3.0,6.0,1.0,1.0,3.0,5.333333333333334,69.0,2.0,5.0,2.0,0.0,6.0,구창모,6.0,102.0,5.0,7.0,3.0,4.0,3.0,2.0,102.0,7.0,6.0,2.0,7.0,5.0
20260718-KIA_Tigers-SSG_Landers,20260718HTSK0,44.0,18.0,0.4090909090909091,32.0,5.0,0.15625,네일,7.0,91.0,2.0,4.0,1.0,2.0,5.0,2.0,41.0,0.0,1.0,0.0,3.0,0.0,해치,5.0,101.0,5.0,10.0,0.0,2.0,3.0,3.6666666666666665,80.0,6.0,8.0,0.0,3.0,2.0
20260718-KT_Wiz-LG_Twins,20260718KTLG0,43.0,17.0,0.3953488372093023,33.0,6.0,0.18181818181818182,사우어,6.0,104.0,2.0,5.0,1.0,2.0,2.0,3.0,38.0,0.0,1.0,0.0,2.0,2.0,임찬규,4.0,75.0,5.0,9.0,0.0,1.0,2.0,3.0,105.0,3.0,8.0,1.0,4.0,8.0
20260718-Kiwoom_Heroes-Hanwha_Eagles,20260718WOHH0,31.0,7.0,0.22580645161290322,34.0,9.0,0.2647058823529412,안우진,6.0,83.0,1.0,6.0,0.0,2.0,3.0,3.0,56.0,1.0,3.0,1.0,0.0,5.0,에르난데스,0.0,8.0,0.0,0.0,0.0,1.0,0.0,7.666666666666666,123.0,4.0,7.0,1.0,3.0,5.0
20260718-Lotte_Giants-Samsung_Lions,20260718LTSS0,29.0,2.0,0.06896551724137931,33.0,12.0,0.36363636363636365,나균안,5.0,89.0,4.0,9.0,2.0,1.0,3.0,2.0,64.0,1.0,3.0,0.0,2.0,1.0,페덱,6.0,85.0,0.0,1.0,0.0,1.0,7.0,3.0,43.0,0.0,1.0,0.0,0.0,5.0
20260719-Doosan_Bears-NC_Dinos,20260719OBNC0,38.0,12.0,0.3157894736842105,34.0,7.0,0.20588235294117646,최승용,5.666666666666667,78.0,2.0,5.0,0.0,2.0,3.0,3.333333333333333,57.0,1.0,2.0,0.0,2.0,4.0,토다,5.333333333333333,84.0,5.0,7.0,1.0,2.0,6.0,1.3333333333333333,99.0,5.0,5.0,0.0,5.0,6.0
20260719-KIA_Tigers-SSG_Landers,20260719HTSK0,34.0,10.0,0.29411764705882354,36.0,9.0,0.25,양현종,5.0,82.0,1.0,3.0,0.0,3.0,5.0,3.333333333333333,67.0,4.0,6.0,2.0,1.0,3.0,김건우,5.0,85.0,4.0,5.0,1.0,4.0,5.0,4.0,80.0,5.0,5.0,1.0,4.0,4.0
20260719-KT_Wiz-LG_Twins,20260719KTLG0,33.0,10.0,0.30303030303030304,33.0,7.0,0.21212121212121213,고영표,6.0,83.0,0.0,4.0,0.0,0.0,6.0,1.0,53.0,1.0,3.0,1.0,3.0,6.0,송승기,4.666666666666667,82.0,1.0,5.0,0.0,2.0,1.0,1.0,83.0,3.0,5.0,1.0,6.0,4.0
20260719-Kiwoom_Heroes-Hanwha_Eagles,20260719WOHH0,44.0,12.0,0.2727272727272727,40.0,9.0,0.225,박준현,2.6666666666666665,69.0,4.0,2.0,1.0,7.0,4.0,7.666666666666666,143.0,3.0,7.0,1.0,6.0,7.0,류현진,5.333333333333333,90.0,4.0,8.0,0.0,2.0,7.0,4.666666666666666,88.0,3.0,4.0,0.0,3.0,4.0
20260719-Lotte_Giants-Samsung_Lions,20260719LTSS0,36.0,13.0,0.3611111111111111,38.0,11.0,0.2894736842105263,김진욱,5.0,79.0,3.0,3.0,1.0,4.0,5.0,4.0,99.0,5.0,8.0,0.0,4.0,2.0,원태인,5.0,83.0,6.0,7.0,1.0,3.0,4.0,2.0,82.0,5.0,6.0,0.0,4.0,2.0
20260721-Doosan_Bears-KT_Wiz,20260721OBKT0,41.0,9.0,0.21951219512195122,40.0,8.0,0.2,벤자민,5.0,89.0,1.0,7.0,0.0,1.0,5.0,6.0,85.0,0.0,1.0,0.0,2.0,9.0,오원석,5.0,98.0,1.0,4.0,0.0,2.0,7.0,4.333333333333333,132.0,0.0,5.0,0.0,4.0,4.0
20260721-Hanwha_Eagles-KIA_Tigers,20260721HHHT0,41.0,14.0,0.34146341463414637,33.0,9.0,0.2727272727272727,박준영,1.0,23.0,3.0,3.0,2.0,1.0,1.0,7.0,124.0,3.0,6.0,1.0,3.0,9.0,황동하,5.0,98.0,1.0,7.0,0.0,3.0,4.0,2.0,84.0,2.0,7.0,0.0,0.0,4.0
20260721-NC_Dinos-LG_Twins,20260721NCLG0,40.0,14.0,0.35,32.0,8.0,0.25,원종해,5.0,92.0,3.0,7.0,0.0,2.0,2.0,3.6666666666666665,64.0,1.0,1.0,0.0,4.0,3.0,장현식,4.0,64.0,3.0,8.0,0.0,0.0,1.0,4.0,97.0,4.0,6.0,1.0,3.0,2.0
20260721-SSG_Landers-Lotte_Giants,20260721SKLT0,34.0,7.0,0.20588235294117646,31.0,10.0,0.3225806451612903,타케다,5.666666666666667,83.0,3.0,5.0,0.0,1.0,3.0,2.0,49.0,3.0,5.0,0.0,1.0,1.0,비슬리,6.0,84.0,1.0,5.0,0.0,2.0,7.0,3.0,38.0,1.0,2.0,1.0,0.0,3.0
20260721-Samsung_Lions-Kiwoom_Heroes,20260721SSWO0,40.0,15.0,0.375,35.0,9.0,0.2571428571428571,최원태,4.666666666666667,84.0,4.0,6.0,2.0,1.0,5.0,4.0,76.0,1.0,3.0,0.0,2.0,6.0,배동현,4.0,84.0,5.0,10.0,0.0,2.0,3.0,4.666666666666666,89.0,2.0,5.0,1.0,2.0,3.0
20260722-Hanwha_Eagles-KIA_Tigers,20260722HHHT0,37.0,12.0,0.32432432432432434,32.0,6.0,0.1875,화이트,7.0,97.0,1.0,4.0,1.0,2.0,5.0,0.0,45.0,2.0,2.0,1.0,1.0,2.0,올러,5.0,92.0,4.0,6.0,1.0,4.0,3.0,3.0,62.0,3.0,6.0,0.0,1.0,1.0
20260722-SSG_Landers-Lotte_Giants,20260722SKLT0,36.0,12.0,0.3333333333333333,32.0,5.0,0.15625,아빌라,6.0,92.0,3.0,4.0,0.0,2.0,6.0,3.0,52.0,0.0,1.0,0.0,2.0,4.0,박세웅,4.0,88.0,5.0,7.0,1.0,2.0,3.0,4.333333333333333,97.0,2.0,5.0,1.0,3.0,5.0
20260722-Samsung_Lions-Kiwoom_Heroes,20260722SSWO0,31.0,6.0,0.1935483870967742,29.0,7.0,0.2413793103448276,김백산,4.333333333333333,78.0,3.0,5.0,1.0,2.0,3.0,3.0,59.0,0.0,2.0,0.0,1.0,4.0,알칸타라,4.0,65.0,0.0,3.0,0.0,1.0,2.0,5.0,90.0,1.0,3.0,0.0,5.0,4.0
20260723-Hanwha_Eagles-KIA_Tigers,20260723HHHT0,37.0,10.0,0.2702702702702703,30.0,6.0,0.2,왕옌청,7.0,85.0,2.0,5.0,1.0,1.0,7.0,2.0,27.0,1.0,1.0,0.0,1.0,2.0,시라카와,3.0,71.0,4.0,5.0,1.0,3.0,3.0,6.0,84.0,4.0,5.0,1.0,1.0,4.0
20260723-NC_Dinos-LG_Twins,20260723NCLG0,35.0,11.0,0.3142857142857143,33.0,11.0,0.3333333333333333,테일러,5.333333333333333,102.0,4.0,9.0,0.0,6.0,4.0,3.0,62.0,0.0,2.0,0.0,6.0,3.0,웰스,6.0,93.0,6.0,8.0,1.0,2.0,1.0,3.0,56.0,1.0,3.0,0.0,2.0,4.0
20260723-SSG_Landers-Lotte_Giants,20260723SKLT0,35.0,9.0,0.2571428571428571,33.0,7.0,0.21212121212121213,김민준,6.0,95.0,0.0,2.0,0.0,3.0,5.0,2.0,53.0,2.0,5.0,0.0,1.0,2.0,로드리게스,6.0,115.0,3.0,7.0,1.0,3.0,7.0,2.6666666666666665,50.0,0.0,2.0,0.0,1.0,3.0
20260723-Samsung_Lions-Kiwoom_Heroes,20260723SSWO0,36.0,8.0,0.2222222222222222,44.0,12.0,0.2727272727272727,양창섭,6.0,85.0,0.0,6.0,0.0,0.0,2.0,3.6666666666666665,80.0,1.0,6.0,1.0,2.0,4.0,하영민,7.0,92.0,0.0,5.0,0.0,2.0,6.0,4.0,66.0,2.0,3.0,0.0,2.0,1.0
20260724-KT_Wiz-Lotte_Giants,20260724KTLT0,34.0,10.0,0.29411764705882354,36.0,9.0,0.25,로건,6.0,98.0,2.0,7.0,0.0,2.0,4.0,2.0,47.0,2.0,2.0,1.0,0.0,2.0,나균안,5.666666666666667,106.0,5.0,8.0,2.0,2.0,6.0,3.333333333333333,48.0,0.0,2.0,0.0,0.0,4.0
20260724-Kiwoom_Heroes-KIA_Tigers,20260724WOHT0,37.0,12.0,0.32432432432432434,39.0,13.0,0.3333333333333333,안우진,5.0,102.0,2.0,7.0,2.0,3.0,8.0,4.0,72.0,3.0,6.0,1.0,0.0,3.0,네일,6.0,96.0,4.0,8.0,1.0,1.0,7.0,2.333333333333333,53.0,4.0,4.0,1.0,2.0,3.0
20260724-LG_Twins-Hanwha_Eagles,20260724LGHH0,35.0,9.0,0.2571428571428571,34.0,11.0,0.3235294117647059,임찬규,4.0,64.0,7.0,6.0,0.0,2.0,2.0,4.0,57.0,1.0,5.0,0.0,0.0,1.0,박준영,4.333333333333333,70.0,3.0,4.0,0.0,3.0,5.0,4.0,69.0,1.0,5.0,0.0,0.0,2.0
20260724-NC_Dinos-SSG_Landers,20260724NCSK0,32.0,6.0,0.1875,35.0,10.0,0.2857142857142857,구창모,5.0,86.0,5.0,8.0,0.0,2.0,8.0,2.0,50.0,1.0,2.0,0.0,0.0,2.0,해치,6.0,95.0,1.0,4.0,0.0,2.0,6.0,2.0,68.0,1.0,2.0,0.0,5.0,5.0
20260724-Samsung_Lions-Doosan_Bears,20260724SSOB0,43.0,17.0,0.3953488372093023,37.0,10.0,0.2702702702702703,페덱,6.0,87.0,2.0,6.0,0.0,0.0,3.0,3.0,47.0,2.0,4.0,0.0,1.0,2.0,최민석,2.6666666666666665,72.0,4.0,7.0,0.0,4.0,1.0,6.333333333333333,123.0,5.0,10.0,0.0,2.0,5.0
20260725-KT_Wiz-Lotte_Giants,20260725KTLT0,37.0,12.0,0.32432432432432434,32.0,6.0,0.1875,소형준,6.333333333333333,86.0,1.0,5.0,0.0,0.0,7.0,2.6666666666666665,33.0,0.0,1.0,0.0,0.0,3.0,김진욱,4.666666666666667,101.0,3.0,6.0,1.0,6.0,6.0,4.333333333333333,58.0,1.0,6.0,0.0,2.0,2.0
20260725-Kiwoom_Heroes-KIA_Tigers,20260725WOHT0,33.0,6.0,0.18181818181818182,35.0,12.0,0.34285714285714286,박준현,5.0,90.0,5.0,7.0,1.0,2.0,9.0,2.0,73.0,4.0,5.0,3.0,3.0,3.0,양현종,5.0,69.0,3.0,4.0,1.0,2.0,4.0,4.0,55.0,2.0,2.0,1.0,1.0,4.0
20260725-LG_Twins-Hanwha_Eagles,20260725LGHH0,38.0,14.0,0.3684210526315789,44.0,16.0,0.36363636363636365,송승기,1.6666666666666665,52.0,5.0,6.0,2.0,0.0,2.0,6.333333333333333,135.0,4.0,10.0,0.0,4.0,4.0,류현진,2.0,46.0,4.0,6.0,2.0,1.0,1.0,6.0,169.0,11.0,8.0,1.0,12.0,4.0
20260725-NC_Dinos-SSG_Landers,20260725NCSK0,35.0,9.0,0.2571428571428571,35.0,12.0,0.34285714285714286,토다,4.333333333333333,86.0,6.0,8.0,3.0,1.0,3.0,3.0,82.0,4.0,4.0,0.0,3.0,6.0,김건우,5.0,96.0,0.0,5.0,0.0,3.0,4.0,4.0,81.0,4.0,4.0,1.0,5.0,2.0
20260725-Samsung_Lions-Doosan_Bears,20260725SSOB0,34.0,8.0,0.23529411764705882,34.0,8.0,0.23529411764705882,원태인,6.0,88.0,1.0,6.0,0.0,0.0,4.0,3.0,45.0,0.0,2.0,0.0,1.0,2.0,잭로그,6.0,93.0,4.0,6.0,1.0,1.0,4.0,3.0,37.0,0.0,2.0,0.0,1.0,1.0
20260726-KT_Wiz-Lotte_Giants,20260726KTLT0,37.0,9.0,0.24324324324324326,37.0,15.0,0.40540540540540543,사우어,3.0,90.0,8.0,10.0,1.0,5.0,3.0,5.0,88.0,5.0,5.0,1.0,4.0,3.0,비슬리,6.0,90.0,0.0,5.0,0.0,2.0,7.0,3.0,49.0,1.0,4.0,1.0,0.0,1.0
20260726-Kiwoom_Heroes-KIA_Tigers,20260726WOHT0,36.0,9.0,0.25,33.0,8.0,0.24242424242424243,김윤하,5.0,77.0,3.0,7.0,3.0,1.0,5.0,3.6666666666666665,67.0,0.0,1.0,0.0,5.0,4.0,황동하,3.0,61.0,3.0,4.0,1.0,2.0,3.0,6.0,103.0,5.0,5.0,1.0,2.0,7.0
20260726-LG_Twins-Hanwha_Eagles,20260726LGHH0,35.0,11.0,0.3142857142857143,38.0,15.0,0.39473684210526316,박시원,3.6666666666666665,63.0,2.0,5.0,0.0,2.0,3.0,3.0,113.0,9.0,10.0,3.0,5.0,3.0,짐머맨,4.0,57.0,0.0,3.0,0.0,2.0,1.0,3.333333333333333,105.0,4.0,8.0,1.0,2.0,6.0
20260726-NC_Dinos-SSG_Landers,20260726NCSK0,39.0,9.0,0.23076923076923078,41.0,8.0,0.1951219512195122,라일리,6.0,88.0,1.0,5.0,1.0,1.0,11.0,4.666666666666666,123.0,4.0,3.0,0.0,9.0,6.0,타케다,5.0,94.0,3.0,6.0,1.0,2.0,4.0,6.0,96.0,2.0,3.0,1.0,2.0,7.0
20260726-Samsung_Lions-Doosan_Bears,20260726SSOB0,30.0,4.0,0.13333333333333333,32.0,10.0,0.3125,보스,5.0,74.0,2.0,5.0,0.0,0.0,5.0,2.0,47.0,4.0,5.0,0.0,2.0,4.0,곽빈,6.0,113.0,0.0,3.0,0.0,2.0,8.0,3.0,59.0,0.0,1.0,0.0,3.0,4.0
20260728-Doosan_Bears-SSG_Landers,20260728OBSK0,35.0,10.0,0.2857142857142857,34.0,4.0,0.11764705882352941,벤자민,6.0,88.0,0.0,4.0,0.0,1.0,8.0,4.0,57.0,0.0,0.0,0.0,1.0,3.0,아빌라,6.0,99.0,0.0,5.0,0.0,4.0,4.0,3.0,54.0,2.0,5.0,1.0,1.0,2.0
20260728-KIA_Tigers-Samsung_Lions,20260728HTSS0,34.0,7.0,0.20588235294117646,39.0,18.0,0.46153846153846156,올러,1.0,48.0,8.0,7.0,1.0,3.0,1.0,6.333333333333333,137.0,3.0,11.0,1.0,6.0,3.0,최원태,4.333333333333333,70.0,4.0,5.0,1.0,0.0,2.0,4.333333333333333,88.0,0.0,2.0,0.0,3.0,5.0
20260728-KT_Wiz-NC_Dinos,20260728KTNC0,36.0,11.0,0.3055555555555556,28.0,2.0,0.07142857142857142,고영표,7.0,91.0,0.0,2.0,0.0,1.0,10.0,2.0,25.0,0.0,0.0,0.0,0.0,2.0,원종해,5.333333333333333,93.0,5.0,7.0,1.0,4.0,3.0,3.0,87.0,1.0,4.0,0.0,3.0,6.0
20260728-Kiwoom_Heroes-LG_Twins,20260728WOLG0,34.0,8.0,0.23529411764705882,32.0,7.0,0.21875,전준표,5.0,96.0,2.0,5.0,1.0,3.0,2.0,2.0,62.0,0.0,2.0,0.0,3.0,2.0,톨허스트,7.0,83.0,3.0,6.0,1.0,0.0,7.0,1.0,36.0,0.0,2.0,0.0,3.0,1.0
20260728-Lotte_Giants-Hanwha_Eagles,20260728LTHH0,47.0,19.0,0.40425531914893614,34.0,7.0,0.20588235294117646,박세웅,2.6666666666666665,69.0,2.0,3.0,0.0,4.0,3.0,6.333333333333334,103.0,1.0,4.0,0.0,5.0,7.0,화이트,4.666666666666667,102.0,4.0,9.0,0.0,2.0,1.0,4.333333333333333,113.0,3.0,10.0,0.0,3.0,6.0
20260729-Doosan_Bears-SSG_Landers,20260729OBSK0,29.0,6.0,0.20689655172413793,34.0,11.0,0.3235294117647059,최승용,4.0,75.0,4.0,6.0,1.0,1.0,3.0,3.333333333333333,64.0,2.0,5.0,0.0,0.0,3.0,김민준,6.0,90.0,2.0,5.0,1.0,1.0,2.0,3.0,40.0,0.0,1.0,0.0,0.0,4.0
20260729-KIA_Tigers-Samsung_Lions,20260729HTSS0,41.0,14.0,0.34146341463414637,32.0,6.0,0.1875,시라카와,5.0,101.0,1.0,3.0,1.0,3.0,5.0,3.0,69.0,3.0,3.0,1.0,3.0,2.0,양창섭,6.0,95.0,6.0,12.0,0.0,2.0,4.0,2.333333333333333,67.0,1.0,2.0,1.0,3.0,7.0
20260729-KT_Wiz-NC_Dinos,20260729KTNC0,33.0,7.0,0.21212121212121213,33.0,7.0,0.21212121212121213,오원석,5.0,89.0,1.0,2.0,0.0,3.0,4.0,3.0,74.0,2.0,5.0,0.0,2.0,3.0,테일러,3.3333333333333335,59.0,3.0,3.0,2.0,2.0,2.0,4.0,124.0,4.0,4.0,1.0,6.0,6.0
20260729-Kiwoom_Heroes-LG_Twins,20260729WOLG0,50.0,23.0,0.46,43.0,17.0,0.3953488372093023,하영민,3.6666666666666665,88.0,7.0,10.0,1.0,1.0,3.0,4.666666666666666,109.0,4.0,7.0,2.0,5.0,3.0,웰스,3.0,76.0,5.0,9.0,2.0,2.0,2.0,5.333333333333333,152.0,12.0,14.0,0.0,8.0,4.0
20260729-Lotte_Giants-Hanwha_Eagles,20260729LTHH0,35.0,10.0,0.2857142857142857,35.0,12.0,0.34285714285714286,로드리게스,5.666666666666667,119.0,2.0,8.0,1.0,2.0,11.0,0.0,48.0,2.0,4.0,0.0,0.0,0.0,왕옌청,7.0,92.0,2.0,7.0,1.0,1.0,2.0,2.0,44.0,1.0,3.0,0.0,0.0,1.0
20260730-Doosan_Bears-SSG_Landers,20260730OBSK0,38.0,12.0,0.3157894736842105,35.0,11.0,0.3142857142857143,최민석,4.333333333333333,95.0,3.0,6.0,1.0,5.0,4.0,3.333333333333333,79.0,0.0,5.0,0.0,0.0,6.0,해치,6.0,96.0,2.0,6.0,0.0,2.0,9.0,2.0,57.0,3.0,6.0,0.0,2.0,1.0
20260730-KIA_Tigers-Samsung_Lions,20260730HTSS0,40.0,14.0,0.35,37.0,12.0,0.32432432432432434,네일,6.0,102.0,3.0,10.0,1.0,2.0,5.0,3.0,46.0,0.0,2.0,0.0,0.0,3.0,페덱,5.0,95.0,6.0,6.0,2.0,1.0,7.0,3.3333333333333335,97.0,4.0,8.0,1.0,1.0,5.0
20260730-KT_Wiz-NC_Dinos,20260730KTNC0,40.0,14.0,0.35,35.0,6.0,0.17142857142857143,로건,5.0,94.0,1.0,5.0,0.0,1.0,3.0,4.0,73.0,0.0,1.0,0.0,2.0,5.0,구창모,5.0,83.0,6.0,7.0,2.0,1.0,4.0,3.3333333333333335,95.0,4.0,7.0,1.0,1.0,5.0
20260730-Kiwoom_Heroes-LG_Twins,20260730WOLG0,32.0,7.0,0.21875,32.0,9.0,0.28125,안우진,6.0,96.0,4.0,7.0,2.0,0.0,7.0,2.0,38.0,1.0,2.0,0.0,2.0,2.0,임찬규,6.0,92.0,3.0,5.0,0.0,3.0,4.0,2.333333333333333,48.0,0.0,2.0,0.0,1.0,3.0
20260730-Lotte_Giants-Hanwha_Eagles,20260730LTHH0,35.0,10.0,0.2857142857142857,30.0,8.0,0.26666666666666666,나균안,5.666666666666667,91.0,1.0,4.0,1.0,2.0,8.0,2.333333333333333,47.0,2.0,4.0,0.0,2.0,2.0,박준영,5.666666666666667,83.0,2.0,6.0,1.0,0.0,5.0,3.0,63.0,0.0,4.0,0.0,3.0,4.0
20260731-Hanwha_Eagles-KT_Wiz,20260731HHKT0,35.0,10.0,0.2857142857142857,31.0,10.0,0.3225806451612903,류현진,5.333333333333333,93.0,4.0,7.0,0.0,2.0,3.0,2.6666666666666665,54.0,1.0,3.0,0.0,1.0,3.0,소형준,5.0,92.0,3.0,7.0,1.0,2.0,2.0,3.0,48.0,0.0,3.0,0.0,0.0,2.0
20260731-KIA_Tigers-NC_Dinos,20260731HTNC0,36.0,11.0,0.3055555555555556,32.0,10.0,0.3125,양현종,1.3333333333333333,59.0,7.0,4.0,1.0,6.0,1.0,6.666666666666666,108.0,2.0,6.0,0.0,5.0,3.0,토다,6.0,103.0,2.0,8.0,2.0,2.0,5.0,3.0,51.0,1.0,3.0,0.0,1.0,2.0
20260731-LG_Twins-Doosan_Bears,20260731LGOB0,33.0,5.0,0.15151515151515152,30.0,6.0,0.2,송승기,5.0,89.0,3.0,5.0,2.0,2.0,4.0,3.0,32.0,1.0,1.0,1.0,0.0,3.0,잭로그,6.0,98.0,1.0,3.0,0.0,2.0,8.0,3.0,54.0,0.0,2.0,0.0,0.0,4.0
20260731-SSG_Landers-Kiwoom_Heroes,20260731SKWO0,33.0,7.0,0.21212121212121213,37.0,14.0,0.3783783783783784,김건우,2.6666666666666665,91.0,3.0,10.0,1.0,4.0,2.0,5.333333333333334,94.0,3.0,4.0,0.0,3.0,6.0,박준현,4.666666666666667,110.0,5.0,5.0,0.0,4.0,4.0,4.333333333333333,55.0,1.0,2.0,0.0,1.0,1.0
20260731-Samsung_Lions-Lotte_Giants,20260731SSLT0,40.0,14.0,0.35,39.0,13.0,0.3333333333333333,원태인,6.666666666666667,98.0,6.0,9.0,0.0,2.0,5.0,2.333333333333333,46.0,1.0,4.0,0.0,0.0,3.0,김진욱,5.0,75.0,1.0,4.0,1.0,1.0,6.0,3.333333333333333,93.0,8.0,10.0,0.0,4.0,3.0
20260801-Hanwha_Eagles-KT_Wiz,20260801HHKT0,35.0,11.0,0.3142857142857143,32.0,9.0,0.28125,짐머맨,4.0,76.0,7.0,8.0,0.0,2.0,3.0,4.0,68.0,0.0,1.0,0.0,4.0,5.0,배제성,5.0,75.0,4.0,7.0,2.0,2.0,3.0,4.0,77.0,0.0,4.0,0.0,1.0,5.0
20260801-LG_Twins-Doosan_Bears,20260801LGOB0,37.0,7.0,0.1891891891891892,34.0,3.0,0.08823529411764706,카라스코,7.0,74.0,0.0,0.0,0.0,0.0,2.0,3.333333333333333,61.0,2.0,3.0,0.0,2.0,3.0,곽빈,6.0,98.0,2.0,6.0,0.0,0.0,10.0,4.0,72.0,0.0,1.0,0.0,3.0,3.0
20260801-SSG_Landers-Kiwoom_Heroes,20260801SKWO0,40.0,14.0,0.35,33.0,8.0,0.24242424242424243,타케다,5.0,94.0,2.0,4.0,0.0,4.0,3.0,4.0,54.0,0.0,4.0,0.0,1.0,4.0,김윤하,4.333333333333333,78.0,6.0,6.0,1.0,4.0,2.0,4.0,99.0,4.0,8.0,1.0,3.0,4.0
20260802-Hanwha_Eagles-KT_Wiz,20260802HHKT0,34.0,9.0,0.2647058823529412,40.0,15.0,0.375,화이트,5.666666666666667,111.0,3.0,7.0,0.0,2.0,6.0,1.0,84.0,8.0,8.0,3.0,3.0,3.0,고영표,7.0,93.0,0.0,6.0,0.0,0.0,8.0,2.0,33.0,1.0,3.0,1.0,0.0,3.0
20260802-LG_Twins-Doosan_Bears,20260802LGOB0,33.0,6.0,0.18181818181818182,34.0,13.0,0.38235294117647056,톨허스트,4.0,86.0,6.0,9.0,0.0,2.0,3.0,3.0,76.0,2.0,4.0,0.0,2.0,3.0,벤자민,6.0,82.0,3.0,4.0,1.0,0.0,8.0,3.0,37.0,0.0,2.0,0.0,1.0,4.0
20260802-SSG_Landers-Kiwoom_Heroes,20260802SKWO0,31.0,7.0,0.22580645161290322,30.0,9.0,0.3,아빌라,4.0,99.0,3.0,6.0,0.0,4.0,8.0,3.333333333333333,53.0,2.0,3.0,2.0,3.0,2.0,전준표,4.666666666666667,101.0,2.0,4.0,0.0,4.0,4.0,4.333333333333333,70.0,1.0,3.0,0.0,4.0,2.0
20260802-Samsung_Lions-Lotte_Giants,20260802SSLT0,39.0,12.0,0.3076923076923077,37.0,13.0,0.35135135135135137,보스,3.0,74.0,6.0,9.0,0.0,3.0,1.0,4.0,77.0,2.0,4.0,1.0,1.0,2.0,비슬리,7.0,98.0,4.0,7.0,0.0,0.0,4.0,2.0,40.0,2.0,5.0,0.0,1.0,4.0
20260804-Hanwha_Eagles-Samsung_Lions,20260804HHSS0,30.0,5.0,0.16666666666666666,32.0,5.0,0.15625,왕옌청,6.0,106.0,0.0,3.0,0.0,2.0,7.0,3.0,42.0,1.0,2.0,0.0,1.0,3.0,양창섭,4.666666666666667,75.0,3.0,2.0,0.0,6.0,4.0,4.0,75.0,1.0,3.0,0.0,2.0,7.0
20260804-Kiwoom_Heroes-Lotte_Giants,20260804WOLT0,34.0,7.0,0.20588235294117646,35.0,10.0,0.2857142857142857,하영민,5.0,89.0,3.0,9.0,0.0,2.0,3.0,3.0,53.0,0.0,1.0,0.0,2.0,2.0,로드리게스,6.0,91.0,0.0,3.0,0.0,2.0,6.0,3.0,52.0,0.0,4.0,0.0,0.0,3.0
20260804-LG_Twins-SSG_Landers,20260804LGSK0,34.0,8.0,0.23529411764705882,32.0,10.0,0.3125,웰스,2.6666666666666665,44.0,2.0,2.0,1.0,1.0,3.0,4.0,126.0,8.0,8.0,2.0,5.0,4.0,김민준,6.0,93.0,2.0,4.0,1.0,3.0,5.0,2.0,82.0,6.0,4.0,1.0,4.0,2.0
20260811-Hanwha_Eagles-Doosan_Bears,20260811HHOB0,31.0,5.0,0.16129032258064516,36.0,13.0,0.3611111111111111,왕옌청,5.0,91.0,3.0,8.0,1.0,1.0,4.0,2.0,54.0,3.0,5.0,1.0,1.0,3.0,곽빈,6.0,81.0,0.0,2.0,0.0,1.0,10.0,3.0,61.0,3.0,3.0,2.0,2.0,3.0
20260811-KT_Wiz-NC_Dinos,20260811KTNC0,34.0,6.0,0.17647058823529413,33.0,7.0,0.21212121212121213,로건,5.666666666666667,95.0,3.0,6.0,0.0,2.0,5.0,2.0,46.0,0.0,1.0,0.0,0.0,4.0,라일리,6.0,95.0,1.0,2.0,1.0,2.0,9.0,2.0,60.0,4.0,4.0,0.0,4.0,3.0
20260811-LG_Twins-Kiwoom_Heroes,20260811LGWO0,34.0,8.0,0.23529411764705882,34.0,8.0,0.23529411764705882,카라스코,6.0,85.0,2.0,5.0,0.0,1.0,5.0,2.333333333333333,58.0,1.0,3.0,1.0,0.0,6.0,안우진,5.0,97.0,2.0,2.0,0.0,5.0,3.0,4.0,101.0,6.0,6.0,2.0,5.0,1.0
20260811-Lotte_Giants-SSG_Landers,20260811LTSK0,33.0,6.0,0.18181818181818182,33.0,10.0,0.30303030303030304,비슬리,5.0,83.0,6.0,8.0,1.0,1.0,3.0,2.6666666666666665,40.0,1.0,2.0,0.0,0.0,2.0,아빌라,6.0,90.0,0.0,5.0,0.0,2.0,6.0,3.0,40.0,1.0,1.0,1.0,0.0,3.0
20260811-Samsung_Lions-KIA_Tigers,20260811SSHT0,31.0,4.0,0.12903225806451613,25.0,4.0,0.16,페덱,7.0,95.0,1.0,3.0,0.0,3.0,9.0,1.0,11.0,0.0,1.0,0.0,0.0,1.0,올러,6.0,100.0,1.0,4.0,0.0,0.0,6.0,3.0,41.0,0.0,0.0,0.0,1.0,3.0
20260812-Hanwha_Eagles-Doosan_Bears,20260812HHOB0,37.0,8.0,0.21621621621621623,37.0,8.0,0.21621621621621623,화이트,7.0,102.0,1.0,6.0,0.0,0.0,7.0,3.0,46.0,1.0,2.0,0.0,0.0,4.0,벤자민,5.0,100.0,1.0,2.0,1.0,5.0,7.0,4.333333333333333,79.0,3.0,6.0,0.0,2.0,5.0
20260812-KT_Wiz-NC_Dinos,20260812KTNC0,29.0,3.0,0.10344827586206896,30.0,7.0,0.23333333333333334,소형준,7.0,90.0,1.0,4.0,1.0,1.0,8.0,0.0,20.0,2.0,3.0,0.0,0.0,1.0,구창모,7.0,98.0,0.0,2.0,0.0,4.0,5.0,2.0,22.0,0.0,1.0,0.0,1.0,1.0
20260812-LG_Twins-Kiwoom_Heroes,20260812LGWO0,32.0,6.0,0.1875,29.0,9.0,0.3103448275862069,임찬규,6.333333333333333,91.0,0.0,6.0,0.0,1.0,7.0,1.0,37.0,1.0,3.0,0.0,2.0,2.0,전준표,5.0,80.0,0.0,1.0,0.0,5.0,4.0,2.6666666666666665,81.0,3.0,5.0,1.0,3.0,3.0
20260812-Lotte_Giants-SSG_Landers,20260812LTSK0,31.0,4.0,0.12903225806451613,37.0,14.0,0.3783783783783784,김한결,4.333333333333333,73.0,4.0,2.0,0.0,3.0,5.0,3.0,101.0,5.0,12.0,0.0,2.0,4.0,김민준,6.0,92.0,1.0,3.0,1.0,1.0,3.0,3.0,41.0,0.0,1.0,0.0,2.0,2.0
20260812-Samsung_Lions-KIA_Tigers,20260812SSHT0,33.0,7.0,0.21212121212121213,33.0,10.0,0.30303030303030304,보스,4.0,79.0,4.0,8.0,1.0,3.0,5.0,3.0,87.0,3.0,2.0,2.0,3.0,5.0,네일,7.0,95.0,2.0,6.0,0.0,0.0,7.0,1.0,32.0,0.0,1.0,0.0,1.0,1.0
20260813-Hanwha_Eagles-Doosan_Bears,20260813HHOB0,39.0,11.0,0.28205128205128205,34.0,11.0,0.3235294117647059,류현진,3.3333333333333335,71.0,7.0,9.0,1.0,2.0,3.0,4.0,96.0,1.0,2.0,0.0,5.0,7.0,최민석,5.0,94.0,2.0,6.0,0.0,2.0,3.0,2.6666666666666665,85.0,2.0,5.0,2.0,3.0,6.0
20260813-KT_Wiz-NC_Dinos,20260813KTNC0,33.0,7.0,0.21212121212121213,27.0,6.0,0.2222222222222222,대니엘,5.0,88.0,2.0,2.0,1.0,2.0,5.0,1.0,48.0,4.0,4.0,2.0,1.0,3.0,테일러,7.0,90.0,4.0,5.0,2.0,1.0,6.0,0.0,55.0,1.0,2.0,0.0,3.0,2.0
20260813-LG_Twins-Kiwoom_Heroes,20260813LGWO0,37.0,13.0,0.35135135135135137,39.0,12.0,0.3076923076923077,톨허스트,6.0,100.0,6.0,11.0,2.0,1.0,9.0,3.0,46.0,0.0,1.0,0.0,0.0,3.0,알칸타라,4.0,70.0,8.0,7.0,1.0,3.0,3.0,5.0,80.0,5.0,6.0,0.0,4.0,0.0
20260813-Lotte_Giants-SSG_Landers,20260813LTSK0,39.0,13.0,0.3333333333333333,34.0,6.0,0.17647058823529413,로드리게스,6.0,80.0,0.0,5.0,0.0,1.0,5.0,3.0,48.0,0.0,1.0,0.0,1.0,5.0,타케다,5.0,94.0,9.0,10.0,4.0,1.0,3.0,4.0,70.0,2.0,3.0,1.0,1.0,5.0
20260813-Samsung_Lions-KIA_Tigers,20260813SSHT0,35.0,10.0,0.2857142857142857,37.0,13.0,0.35135135135135137,원태인,5.666666666666667,87.0,6.0,9.0,0.0,2.0,2.0,2.6666666666666665,69.0,1.0,4.0,0.0,1.0,2.0,시라카와,5.0,77.0,1.0,4.0,0.0,3.0,4.0,3.6666666666666665,86.0,6.0,6.0,2.0,4.0,2.0
20260814-Doosan_Bears-KIA_Tigers,20260814OBHT0,36.0,12.0,0.3333333333333333,37.0,11.0,0.2972972972972973,잭로그,6.0,104.0,2.0,6.0,2.0,3.0,7.0,3.0,53.0,2.0,5.0,0.0,0.0,3.0,황동하,3.0,66.0,6.0,6.0,0.0,3.0,1.0,6.0,85.0,3.0,6.0,0.0,2.0,3.0
20260814-Hanwha_Eagles-Samsung_Lions,20260814HHSS0,35.0,9.0,0.2571428571428571,36.0,15.0,0.4166666666666667,짐머맨,5.0,95.0,6.0,10.0,3.0,1.0,5.0,2.333333333333333,59.0,2.0,5.0,1.0,2.0,4.0,최원태,5.666666666666667,82.0,1.0,5.0,1.0,2.0,6.0,2.0,71.0,4.0,4.0,2.0,5.0,5.0
20260814-Kiwoom_Heroes-KT_Wiz,20260814WOKT0,31.0,6.0,0.1935483870967742,32.0,10.0,0.3125,박준현,3.3333333333333335,72.0,2.0,3.0,0.0,5.0,4.0,4.666666666666667,99.0,4.0,7.0,0.0,3.0,2.0,고영표,5.333333333333333,94.0,3.0,3.0,1.0,3.0,8.0,2.6666666666666665,52.0,0.0,3.0,0.0,1.0,5.0
20260814-NC_Dinos-Lotte_Giants,20260814NCLT0,36.0,12.0,0.3333333333333333,43.0,20.0,0.46511627906976744,토다,5.0,91.0,2.0,9.0,0.0,2.0,2.0,2.333333333333333,98.0,6.0,11.0,1.0,4.0,2.0,김진욱,5.0,85.0,6.0,8.0,2.0,3.0,5.0,4.0,77.0,3.0,4.0,0.0,3.0,6.0
20260814-SSG_Landers-LG_Twins,20260814SKLG0,35.0,9.0,0.2571428571428571,31.0,4.0,0.12903225806451613,최민준,5.666666666666667,83.0,2.0,2.0,0.0,1.0,3.0,3.0,57.0,1.0,2.0,1.0,1.0,2.0,송승기,5.0,70.0,1.0,4.0,0.0,1.0,5.0,3.0,77.0,4.0,5.0,1.0,3.0,3.0
20260815-Doosan_Bears-KIA_Tigers,20260815OBHT0,34.0,7.0,0.20588235294117646,36.0,9.0,0.25,최승용,3.6666666666666665,98.0,4.0,7.0,1.0,4.0,5.0,4.333333333333334,65.0,0.0,2.0,0.0,1.0,3.0,양현종,6.0,86.0,1.0,6.0,0.0,3.0,4.0,3.0,52.0,0.0,1.0,0.0,1.0,3.0
20260815-Hanwha_Eagles-Samsung_Lions,20260815HHSS0,36.0,10.0,0.2777777777777778,35.0,11.0,0.3142857142857143,박준영,5.333333333333333,78.0,5.0,6.0,2.0,1.0,7.0,2.0,70.0,3.0,5.0,0.0,3.0,4.0,양창섭,0.0,18.0,1.0,2.0,0.0,2.0,0.0,8.0,137.0,5.0,8.0,3.0,0.0,10.0
20260815-Kiwoom_Heroes-KT_Wiz,20260815WOKT0,37.0,12.0,0.32432432432432434,37.0,13.0,0.35135135135135137,하영민,6.0,97.0,2.0,7.0,0.0,2.0,4.0,2.0,42.0,1.0,6.0,0.0,0.0,0.0,오원석,2.6666666666666665,73.0,8.0,6.0,1.0,5.0,3.0,6.333333333333333,98.0,2.0,6.0,2.0,4.0,4.0
20260815-NC_Dinos-Lotte_Giants,20260815NCLT0,38.0,13.0,0.34210526315789475,34.0,11.0,0.3235294117647059,원종해,4.0,76.0,2.0,5.0,0.0,3.0,2.0,2.6666666666666665,95.0,6.0,6.0,1.0,6.0,0.0,박세웅,6.666666666666667,76.0,2.0,9.0,0.0,0.0,2.0,2.333333333333333,38.0,1.0,4.0,0.0,0.0,1.0
20260815-SSG_Landers-LG_Twins,20260815SKLG0,32.0,5.0,0.15625,32.0,8.0,0.25,김건우,6.0,100.0,2.0,5.0,1.0,2.0,9.0,1.0,35.0,2.0,3.0,1.0,0.0,2.0,박시원,4.0,75.0,1.0,4.0,1.0,1.0,5.0,4.333333333333333,76.0,0.0,1.0,0.0,2.0,6.0
20260816-Doosan_Bears-KIA_Tigers,20260816OBHT0,29.0,5.0,0.1724137931034483,31.0,7.0,0.22580645161290322,곽빈,7.0,107.0,1.0,7.0,1.0,0.0,5.0,1.0,29.0,0.0,0.0,0.0,3.0,3.0,올러,7.0,85.0,1.0,4.0,0.0,0.0,6.0,2.0,21.0,0.0,1.0,0.0,0.0,1.0
20260816-Kiwoom_Heroes-KT_Wiz,20260816WOKT0,29.0,7.0,0.2413793103448276,33.0,13.0,0.3939393939393939,김윤하,5.0,107.0,1.0,5.0,0.0,4.0,3.0,1.0,60.0,5.0,8.0,1.0,1.0,1.0,로건,6.0,90.0,2.0,6.0,0.0,4.0,4.0,2.333333333333333,44.0,0.0,1.0,0.0,2.0,3.0
20260816-SSG_Landers-LG_Twins,20260816SKLG0,41.0,13.0,0.3170731707317073,30.0,4.0,0.13333333333333333,아빌라,7.0,100.0,0.0,4.0,0.0,2.0,8.0,2.0,26.0,0.0,0.0,0.0,0.0,2.0,카라스코,5.333333333333333,87.0,5.0,8.0,2.0,1.0,8.0,3.0,71.0,1.0,5.0,0.0,2.0,4.0
20260818-Doosan_Bears-NC_Dinos,20260818OBNC0,35.0,10.0,0.2857142857142857,32.0,8.0,0.25,벤자민,5.0,92.0,1.0,4.0,0.0,2.0,5.0,4.0,67.0,1.0,4.0,0.0,1.0,2.0,라일리,6.0,88.0,2.0,6.0,2.0,2.0,7.0,1.0,71.0,4.0,4.0,0.0,5.0,3.0
20260818-KIA_Tigers-Hanwha_Eagles,20260818HTHH0,37.0,13.0,0.35135135135135137,36.0,9.0,0.25,네일,6.0,90.0,2.0,5.0,2.0,4.0,3.0,2.333333333333333,50.0,1.0,4.0,0.0,1.0,4.0,왕옌청,5.0,92.0,3.0,7.0,0.0,2.0,3.0,3.333333333333333,68.0,1.0,6.0,1.0,1.0,2.0
20260818-KT_Wiz-LG_Twins,20260818KTLG0,30.0,3.0,0.1,34.0,11.0,0.3235294117647059,소형준,5.0,90.0,6.0,9.0,1.0,1.0,3.0,3.0,52.0,2.0,2.0,0.0,4.0,0.0,임찬규,6.0,94.0,1.0,3.0,1.0,2.0,3.0,3.0,41.0,0.0,0.0,0.0,1.0,1.0
20260818-Kiwoom_Heroes-Lotte_Giants,20260818WOLT0,39.0,13.0,0.3333333333333333,40.0,16.0,0.4,전준표,6.0,95.0,0.0,3.0,0.0,4.0,4.0,1.0,89.0,14.0,13.0,2.0,3.0,2.0,비슬리,6.0,102.0,7.0,10.0,2.0,1.0,3.0,3.0,42.0,2.0,3.0,2.0,0.0,1.0
20260818-SSG_Landers-Samsung_Lions,20260818SKSS0,36.0,9.0,0.25,35.0,10.0,0.2857142857142857,김민준,6.0,82.0,1.0,5.0,0.0,2.0,2.0,3.0,70.0,3.0,5.0,1.0,3.0,3.0,페덱,6.0,98.0,1.0,4.0,1.0,3.0,9.0,2.333333333333333,60.0,4.0,5.0,0.0,0.0,1.0
20260819-Doosan_Bears-NC_Dinos,20260819OBNC0,40.0,16.0,0.4,35.0,10.0,0.2857142857142857,최민석,5.0,91.0,2.0,6.0,1.0,3.0,4.0,4.0,55.0,0.0,4.0,0.0,1.0,4.0,테일러,4.0,83.0,7.0,7.0,1.0,4.0,3.0,5.0,85.0,1.0,9.0,1.0,0.0,2.0
20260819-KIA_Tigers-Hanwha_Eagles,20260819HTHH0,33.0,7.0,0.21212121212121213,29.0,6.0,0.20689655172413793,시라카와,6.333333333333333,81.0,1.0,2.0,0.0,2.0,3.0,2.333333333333333,29.0,2.0,4.0,1.0,0.0,0.0,화이트,7.0,103.0,2.0,5.0,1.0,2.0,6.0,0.0,47.0,4.0,2.0,1.0,5.0,2.0
20260819-KT_Wiz-LG_Twins,20260819KTLG0,28.0,2.0,0.07142857142857142,30.0,8.0,0.26666666666666666,대니엘,5.0,88.0,1.0,7.0,0.0,1.0,3.0,3.0,53.0,0.0,1.0,0.0,3.0,6.0,톨허스트,7.0,97.0,0.0,2.0,0.0,1.0,5.0,1.0,33.0,0.0,0.0,0.0,2.0,3.0
20260819-Kiwoom_Heroes-Lotte_Giants,20260819WOLT0,32.0,7.0,0.21875,37.0,11.0,0.2972972972972973,알칸타라,7.0,96.0,3.0,7.0,0.0,0.0,2.0,1.0,54.0,2.0,4.0,1.0,3.0,0.0,로드리게스,6.0,98.0,2.0,3.0,0.0,6.0,4.0,2.6666666666666665,66.0,2.0,4.0,0.0,3.0,5.0
20260819-SSG_Landers-Samsung_Lions,20260819SKSS0,36.0,10.0,0.2777777777777778,44.0,20.0,0.45454545454545453,타케다,2.0,53.0,6.0,7.0,0.0,2.0,1.0,6.0,126.0,12.0,13.0,4.0,4.0,3.0,보스,5.0,92.0,2.0,5.0,0.0,1.0,12.0,4.0,75.0,2.0,5.0,0.0,1.0,2.0
20260820-Doosan_Bears-NC_Dinos,20260820OBNC0,33.0,9.0,0.2727272727272727,31.0,11.0,0.3548387096774194,잭로그,6.333333333333333,93.0,4.0,7.0,0.0,3.0,3.0,1.0,58.0,0.0,4.0,0.0,2.0,1.0,구창모,6.0,85.0,2.0,7.0,0.0,2.0,0.0,3.0,44.0,0.0,2.0,0.0,2.0,3.0
20260820-KIA_Tigers-Hanwha_Eagles,20260820HTHH0,39.0,12.0,0.3076923076923077,38.0,11.0,0.2894736842105263,황동하,5.0,85.0,2.0,4.0,1.0,3.0,4.0,4.0,85.0,3.0,7.0,2.0,0.0,2.0,류현진,6.0,86.0,4.0,6.0,0.0,1.0,5.0,1.0,81.0,5.0,6.0,1.0,3.0,4.0
20260820-KT_Wiz-LG_Twins,20260820KTLG0,40.0,15.0,0.375,36.0,8.0,0.2222222222222222,고영표,6.0,101.0,3.0,6.0,2.0,2.0,6.0,3.0,47.0,0.0,2.0,0.0,2.0,2.0,박시원,3.0,62.0,1.0,2.0,0.0,5.0,3.0,5.666666666666666,156.0,15.0,13.0,0.0,8.0,5.0
20260820-Kiwoom_Heroes-Lotte_Giants,20260820WOLT0,31.0,6.0,0.1935483870967742,26.0,7.0,0.2692307692307692,박준현,5.0,76.0,3.0,3.0,0.0,3.0,4.0,2.0,53.0,4.0,4.0,0.0,2.0,2.0,나균안,6.0,99.0,1.0,5.0,0.0,4.0,4.0,3.0,38.0,0.0,1.0,0.0,1.0,4.0
20260820-SSG_Landers-Samsung_Lions,20260820SKSS0,35.0,12.0,0.34285714285714286,34.0,8.0,0.23529411764705882,최민준,4.333333333333333,88.0,4.0,5.0,2.0,2.0,3.0,4.0,85.0,0.0,3.0,0.0,4.0,3.0,최원태,5.0,92.0,1.0,5.0,0.0,0.0,7.0,2.333333333333333,93.0,5.0,7.0,1.0,5.0,4.0
20260821-KIA_Tigers-Kiwoom_Heroes,20260821HTWO0,39.0,14.0,0.358974358974359,29.0,3.0,0.10344827586206896,양현종,5.333333333333333,77.0,1.0,2.0,0.0,3.0,5.0,3.6666666666666665,49.0,0.0,1.0,0.0,1.0,7.0,하영민,6.0,103.0,3.0,9.0,1.0,2.0,6.0,2.333333333333333,71.0,8.0,5.0,1.0,4.0,1.0
20260821-KT_Wiz-SSG_Landers,20260821KTSK0,37.0,7.0,0.1891891891891892,41.0,10.0,0.24390243902439024,배제성,4.666666666666667,91.0,2.0,4.0,0.0,2.0,3.0,5.333333333333333,99.0,1.0,6.0,0.0,5.0,8.0,김건우,6.0,91.0,1.0,4.0,1.0,2.0,9.0,5.0,102.0,2.0,3.0,1.0,5.0,4.0
20260821-LG_Twins-Hanwha_Eagles,20260821LGHH0,42.0,15.0,0.35714285714285715,41.0,20.0,0.4878048780487805,송승기,4.333333333333333,91.0,5.0,8.0,0.0,3.0,2.0,2.333333333333333,103.0,10.0,12.0,1.0,5.0,1.0,짐머맨,0.0,32.0,7.0,6.0,0.0,2.0,1.0,7.666666666666666,155.0,4.0,9.0,1.0,5.0,8.0
20260821-Lotte_Giants-Doosan_Bears,20260821LTOB0,43.0,16.0,0.37209302325581395,31.0,5.0,0.16129032258064516,김진욱,6.0,98.0,1.0,1.0,0.0,3.0,7.0,2.333333333333333,51.0,3.0,4.0,0.0,2.0,2.0,최승용,5.0,95.0,2.0,6.0,0.0,1.0,4.0,3.333333333333333,109.0,5.0,10.0,2.0,4.0,5.0
20260821-Samsung_Lions-NC_Dinos,20260821SSNC0,32.0,7.0,0.21875,26.0,7.0,0.2692307692307692,원태인,7.0,89.0,3.0,6.0,0.0,2.0,2.0,1.0,14.0,0.0,1.0,0.0,0.0,1.0,토다,5.333333333333333,91.0,2.0,5.0,1.0,3.0,1.0,3.0,48.0,0.0,2.0,0.0,4.0,2.0
20260822-KIA_Tigers-Kiwoom_Heroes,20260822HTWO0,34.0,8.0,0.23529411764705882,28.0,7.0,0.25,올러,6.0,104.0,1.0,4.0,0.0,2.0,7.0,2.0,44.0,1.0,3.0,0.0,1.0,2.0,안우진,7.0,95.0,0.0,4.0,0.0,1.0,6.0,2.0,35.0,1.0,4.0,0.0,0.0,3.0
20260822-Samsung_Lions-NC_Dinos,20260822SSNC0,33.0,10.0,0.30303030303030304,36.0,13.0,0.3611111111111111,이승현,2.6666666666666665,43.0,2.0,7.0,0.0,0.0,1.0,5.0,105.0,3.0,6.0,1.0,1.0,6.0,원종해,3.3333333333333335,58.0,5.0,4.0,1.0,5.0,1.0,5.0,105.0,3.0,6.0,0.0,5.0,8.0
20260823-KIA_Tigers-Kiwoom_Heroes,20260823HTWO0,37.0,11.0,0.2972972972972973,36.0,12.0,0.3333333333333333,네일,6.0,89.0,2.0,5.0,1.0,3.0,8.0,2.0,62.0,6.0,7.0,1.0,2.0,3.0,전준표,5.0,84.0,2.0,3.0,1.0,5.0,0.0,2.333333333333333,80.0,5.0,8.0,1.0,0.0,3.0
20260823-KT_Wiz-SSG_Landers,20260823KTSK0,32.0,9.0,0.28125,31.0,6.0,0.1935483870967742,로건,6.0,109.0,0.0,4.0,0.0,0.0,7.0,3.0,51.0,1.0,2.0,1.0,2.0,2.0,아빌라,7.0,107.0,3.0,8.0,0.0,2.0,7.0,1.0,36.0,0.0,1.0,0.0,0.0,2.0
20260823-LG_Twins-Hanwha_Eagles,20260823LGHH0,32.0,10.0,0.3125,34.0,7.0,0.20588235294117646,카라스코,6.0,90.0,2.0,5.0,0.0,3.0,3.0,3.0,38.0,0.0,2.0,0.0,0.0,2.0,박준영,1.6666666666666665,57.0,8.0,3.0,2.0,5.0,1.0,7.333333333333333,125.0,4.0,7.0,0.0,4.0,3.0
20260823-Lotte_Giants-Doosan_Bears,20260823LTOB0,29.0,2.0,0.06896551724137931,35.0,11.0,0.3142857142857143,박세웅,6.0,103.0,2.0,9.0,0.0,0.0,5.0,1.0,40.0,0.0,2.0,0.0,0.0,4.0,곽빈,7.0,102.0,0.0,1.0,0.0,2.0,8.0,1.0,35.0,1.0,1.0,0.0,2.0,4.0
20260823-Samsung_Lions-NC_Dinos,20260823SSNC0,27.0,3.0,0.1111111111111111,32.0,4.0,0.125,페덱,8.0,109.0,1.0,3.0,0.0,0.0,7.0,1.0,32.0,0.0,1.0,0.0,1.0,0.0,라일리,8.0,96.0,2.0,3.0,1.0,1.0,12.0,1.0,10.0,0.0,0.0,0.0,1.0,0.0
20260825-Doosan_Bears-KT_Wiz,20260825OBKT0,33.0,7.0,0.21212121212121213,35.0,7.0,0.2,최민석,6.0,95.0,1.0,6.0,0.0,1.0,5.0,3.0,41.0,0.0,1.0,0.0,0.0,4.0,소형준,6.0,94.0,2.0,5.0,2.0,3.0,6.0,2.6666666666666665,51.0,1.0,2.0,0.0,0.0,2.0
20260825-Hanwha_Eagles-SSG_Landers,20260825HHSK0,31.0,6.0,0.1935483870967742,36.0,12.0,0.3333333333333333,화이트,5.0,102.0,4.0,8.0,0.0,1.0,4.0,2.0,60.0,3.0,4.0,0.0,2.0,2.0,김민준,5.0,92.0,1.0,4.0,1.0,2.0,6.0,4.0,68.0,0.0,2.0,0.0,3.0,4.0
20260825-Lotte_Giants-KIA_Tigers,20260825LTHT0,34.0,11.0,0.3235294117647059,38.0,13.0,0.34210526315789475,비슬리,5.666666666666667,95.0,4.0,9.0,1.0,4.0,4.0,2.333333333333333,59.0,4.0,4.0,1.0,2.0,3.0,시라카와,4.666666666666667,74.0,5.0,7.0,0.0,1.0,5.0,4.0,51.0,0.0,4.0,0.0,1.0,1.0
20260825-NC_Dinos-LG_Twins,20260825NCLG0,39.0,10.0,0.2564102564102564,40.0,11.0,0.275,테일러,6.0,90.0,0.0,2.0,0.0,2.0,5.0,2.6666666666666665,72.0,5.0,9.0,1.0,3.0,3.0,톨허스트,6.0,98.0,2.0,5.0,0.0,2.0,2.0,4.0,74.0,2.0,5.0,0.0,4.0,2.0
20260825-Samsung_Lions-Kiwoom_Heroes,20260825SSWO0,37.0,7.0,0.1891891891891892,41.0,10.0,0.24390243902439024,보스,6.0,91.0,2.0,7.0,1.0,0.0,8.0,3.0,85.0,1.0,3.0,0.0,3.0,4.0,알칸타라,6.0,88.0,1.0,3.0,1.0,2.0,8.0,4.0,83.0,2.0,4.0,0.0,4.0,6.0
20260826-Doosan_Bears-KT_Wiz,20260826OBKT0,33.0,9.0,0.2727272727272727,34.0,10.0,0.29411764705882354,잭로그,6.0,81.0,1.0,6.0,1.0,2.0,7.0,2.0,57.0,2.0,4.0,0.0,1.0,2.0,대니엘,6.0,106.0,2.0,4.0,0.0,4.0,7.0,2.333333333333333,59.0,2.0,5.0,0.0,3.0,1.0
20260826-Hanwha_Eagles-SSG_Landers,20260826HHSK0,29.0,3.0,0.10344827586206896,30.0,7.0,0.23333333333333334,류현진,5.0,86.0,0.0,3.0,0.0,0.0,7.0,3.0,60.0,5.0,4.0,0.0,2.0,3.0,최민준,5.333333333333333,89.0,0.0,2.0,0.0,4.0,2.0,3.0,57.0,1.0,1.0,1.0,1.0,3.0
20260826-Lotte_Giants-KIA_Tigers,20260826LTHT0,47.0,20.0,0.425531914893617,37.0,13.0,0.35135135135135137,로드리게스,3.6666666666666665,84.0,8.0,6.0,2.0,5.0,7.0,3.333333333333333,96.0,8.0,7.0,1.0,5.0,5.0,황동하,2.6666666666666665,43.0,3.0,4.0,1.0,1.0,1.0,4.333333333333334,149.0,8.0,16.0,1.0,2.0,6.0
20260826-NC_Dinos-LG_Twins,20260826NCLG0,32.0,5.0,0.15625,33.0,10.0,0.30303030303030304,구창모,5.0,76.0,5.0,6.0,2.0,1.0,5.0,3.0,54.0,2.0,4.0,1.0,1.0,4.0,임찬규,6.0,105.0,0.0,2.0,0.0,3.0,4.0,3.0,45.0,0.0,3.0,0.0,0.0,4.0
20260826-Samsung_Lions-Kiwoom_Heroes,20260826SSWO0,37.0,12.0,0.32432432432432434,33.0,7.0,0.21212121212121213,최원태,6.0,110.0,2.0,5.0,0.0,2.0,6.0,3.0,51.0,0.0,2.0,0.0,1.0,1.0,박준현,2.0,61.0,5.0,4.0,1.0,5.0,1.0,7.0,145.0,5.0,8.0,1.0,6.0,4.0
20260827-Doosan_Bears-KT_Wiz,20260827OBKT0,42.0,9.0,0.21428571428571427,40.0,9.0,0.225,최승용,4.666666666666667,84.0,3.0,5.0,0.0,1.0,6.0,5.333333333333333,76.0,1.0,4.0,1.0,2.0,3.0,고영표,7.0,98.0,1.0,4.0,0.0,2.0,6.0,3.0,74.0,3.0,5.0,1.0,1.0,3.0
20260827-Hanwha_Eagles-SSG_Landers,20260827HHSK0,32.0,6.0,0.1875,41.0,17.0,0.4146341463414634,짐머맨,2.6666666666666665,63.0,5.0,9.0,2.0,0.0,2.0,3.333333333333333,135.0,4.0,8.0,0.0,5.0,9.0,김건우,5.0,95.0,4.0,4.0,1.0,4.0,4.0,4.0,52.0,1.0,2.0,1.0,0.0,3.0
20260827-NC_Dinos-LG_Twins,20260827NCLG0,45.0,20.0,0.4444444444444444,36.0,10.0,0.2777777777777778,토다,6.0,108.0,3.0,8.0,0.0,1.0,3.0,3.0,45.0,0.0,2.0,0.0,0.0,3.0,박시원,1.6666666666666665,51.0,6.0,8.0,0.0,0.0,0.0,7.333333333333334,131.0,6.0,12.0,0.0,7.0,6.0
20260827-Samsung_Lions-Kiwoom_Heroes,20260827SSWO0,45.0,20.0,0.4444444444444444,34.0,7.0,0.20588235294117646,원태인,6.0,98.0,2.0,6.0,0.0,1.0,7.0,3.0,51.0,0.0,1.0,0.0,0.0,3.0,하영민,5.0,99.0,4.0,9.0,0.0,2.0,6.0,3.3333333333333335,94.0,8.0,11.0,1.0,3.0,3.0
20260829-KT_Wiz-Samsung_Lions,20260829KTSS0,35.0,9.0,0.2571428571428571,30.0,10.0,0.3333333333333333,로건,5.666666666666667,99.0,4.0,9.0,0.0,2.0,5.0,1.0,41.0,0.0,1.0,0.0,1.0,5.0,페덱,6.0,102.0,0.0,6.0,0.0,2.0,7.0,2.0,52.0,2.0,3.0,1.0,0.0,1.0
20260829-Kiwoom_Heroes-Doosan_Bears,20260829WOOB0,29.0,5.0,0.1724137931034483,32.0,9.0,0.28125,안우진,5.0,78.0,5.0,7.0,1.0,3.0,5.0,3.0,47.0,2.0,2.0,2.0,1.0,3.0,곽빈,6.0,96.0,2.0,5.0,0.0,3.0,8.0,3.0,35.0,0.0,0.0,0.0,1.0,5.0
20260829-LG_Twins-Lotte_Giants,20260829LGLT0,32.0,11.0,0.34375,26.0,5.0,0.19230769230769232,카라스코,6.0,89.0,2.0,5.0,1.0,1.0,4.0,0.0,19.0,0.0,0.0,0.0,2.0,1.0,김진욱,4.333333333333333,88.0,7.0,9.0,0.0,2.0,4.0,1.3333333333333333,69.0,1.0,2.0,0.0,5.0,2.0
20260829-NC_Dinos-Hanwha_Eagles,20260829NCHH0,41.0,14.0,0.34146341463414637,32.0,5.0,0.15625,라일리,6.0,102.0,2.0,2.0,1.0,4.0,4.0,3.0,52.0,2.0,3.0,1.0,0.0,6.0,박준영,3.3333333333333335,79.0,5.0,6.0,1.0,3.0,2.0,4.333333333333333,103.0,5.0,8.0,2.0,4.0,1.0
20260829-SSG_Landers-KIA_Tigers,20260829SKHT0,35.0,5.0,0.14285714285714285,34.0,9.0,0.2647058823529412,아빌라,7.0,101.0,0.0,4.0,0.0,1.0,6.0,2.0,47.0,2.0,5.0,0.0,4.0,3.0,올러,6.0,90.0,1.0,3.0,0.0,1.0,9.0,2.0,64.0,0.0,2.0,0.0,3.0,8.0
20260830-Kiwoom_Heroes-Doosan_Bears,20260830WOOB0,33.0,7.0,0.21212121212121213,40.0,16.0,0.4,전준표,4.0,97.0,7.0,8.0,0.0,5.0,3.0,4.0,69.0,8.0,8.0,3.0,2.0,2.0,최민석,6.0,98.0,1.0,6.0,1.0,1.0,5.0,3.0,48.0,0.0,1.0,0.0,0.0,7.0
20260830-NC_Dinos-Hanwha_Eagles,20260830NCHH0,42.0,13.0,0.30952380952380953,34.0,8.0,0.23529411764705882,테일러,5.0,83.0,5.0,6.0,1.0,3.0,5.0,3.333333333333333,85.0,2.0,2.0,2.0,5.0,4.0,황준서,3.0,57.0,4.0,7.0,1.0,1.0,2.0,6.666666666666666,116.0,4.0,6.0,1.0,4.0,3.0
20260901-Hanwha_Eagles-KT_Wiz,20260901HHKT0,34.0,7.0,0.20588235294117646,32.0,9.0,0.28125,화이트,5.0,100.0,3.0,6.0,1.0,4.0,1.0,2.0,63.0,2.0,3.0,0.0,3.0,5.0,대니엘,6.0,101.0,0.0,4.0,0.0,2.0,6.0,3.0,51.0,1.0,3.0,0.0,0.0,2.0
20260901-KIA_Tigers-NC_Dinos,20260901HTNC0,31.0,5.0,0.16129032258064516,32.0,8.0,0.25,네일,6.0,98.0,2.0,6.0,1.0,0.0,5.0,1.3333333333333333,51.0,4.0,2.0,1.0,4.0,2.0,구창모,4.0,94.0,1.0,2.0,0.0,3.0,4.0,4.0,97.0,1.0,3.0,1.0,4.0,3.0
20260901-LG_Twins-Doosan_Bears,20260901LGOB0,30.0,4.0,0.13333333333333333,32.0,6.0,0.1875,임찬규,6.0,91.0,1.0,6.0,0.0,3.0,4.0,2.333333333333333,42.0,0.0,0.0,0.0,1.0,2.0,잭로그,6.0,93.0,3.0,4.0,1.0,1.0,6.0,3.0,39.0,0.0,0.0,0.0,0.0,3.0
20260901-Lotte_Giants-Samsung_Lions,20260901LTSS0,30.0,6.0,0.2,33.0,9.0,0.2727272727272727,로드리게스,6.0,103.0,2.0,6.0,1.0,1.0,7.0,2.0,31.0,1.0,3.0,0.0,1.0,0.0,보스,7.0,102.0,0.0,6.0,0.0,1.0,6.0,2.0,40.0,0.0,0.0,0.0,3.0,3.0
20260901-SSG_Landers-Kiwoom_Heroes,20260901SKWO0,34.0,10.0,0.29411764705882354,33.0,7.0,0.21212121212121213,최민준,5.0,85.0,0.0,4.0,0.0,5.0,1.0,4.0,74.0,0.0,3.0,0.0,3.0,4.0,알칸타라,6.0,77.0,4.0,8.0,0.0,0.0,8.0,3.0,71.0,0.0,2.0,0.0,2.0,3.0
20260902-Hanwha_Eagles-KT_Wiz,20260902HHKT0,37.0,10.0,0.2702702702702703,41.0,17.0,0.4146341463414634,류현진,5.0,91.0,3.0,7.0,0.0,1.0,5.0,2.0,83.0,5.0,10.0,1.0,2.0,1.0,소형준,5.0,90.0,4.0,8.0,1.0,0.0,3.0,3.0,52.0,2.0,2.0,2.0,1.0,4.0
20260902-KIA_Tigers-NC_Dinos,20260902HTNC0,31.0,6.0,0.1935483870967742,31.0,5.0,0.16129032258064516,시라카와,6.0,86.0,2.0,4.0,0.0,1.0,5.0,2.0,50.0,1.0,1.0,0.0,3.0,3.0,토다,6.0,87.0,1.0,5.0,1.0,2.0,2.0,2.0,55.0,0.0,1.0,0.0,3.0,1.0
20260902-LG_Twins-Doosan_Bears,20260902LGOB0,34.0,9.0,0.2647058823529412,32.0,7.0,0.21875,김윤식,2.3333333333333335,50.0,1.0,3.0,0.0,2.0,0.0,6.666666666666666,92.0,0.0,4.0,0.0,2.0,5.0,최승용,4.0,63.0,4.0,6.0,0.0,1.0,2.0,5.0,83.0,1.0,3.0,1.0,3.0,1.0
20260902-Lotte_Giants-Samsung_Lions,20260902LTSS0,36.0,9.0,0.25,31.0,11.0,0.3548387096774194,박세웅,5.666666666666667,91.0,7.0,10.0,0.0,3.0,3.0,2.0,43.0,1.0,1.0,0.0,1.0,3.0,최원태,6.0,89.0,2.0,4.0,2.0,0.0,10.0,1.0,57.0,3.0,5.0,0.0,0.0,4.0
20260902-SSG_Landers-Kiwoom_Heroes,20260902SKWO0,36.0,12.0,0.3333333333333333,32.0,5.0,0.15625,김건우,5.0,92.0,4.0,4.0,2.0,3.0,5.0,3.0,74.0,2.0,1.0,1.0,4.0,3.0,하영민,6.0,86.0,2.0,2.0,0.0,1.0,4.0,2.0,74.0,5.0,10.0,1.0,0.0,3.0
20260903-Hanwha_Eagles-KT_Wiz,20260903HHKT0,40.0,14.0,0.35,32.0,12.0,0.375,왕옌청,3.3333333333333335,84.0,6.0,6.0,2.0,5.0,1.0,2.0,95.0,5.0,6.0,0.0,5.0,5.0,고영표,3.0,67.0,7.0,9.0,1.0,2.0,5.0,5.333333333333333,108.0,3.0,5.0,1.0,3.0,6.0
20260903-LG_Twins-Doosan_Bears,20260903LGOB0,30.0,4.0,0.13333333333333333,32.0,5.0,0.15625,박시원,5.0,74.0,0.0,2.0,0.0,2.0,2.0,4.0,57.0,0.0,3.0,0.0,1.0,3.0,곽빈,7.0,100.0,1.0,3.0,1.0,1.0,8.0,2.0,32.0,0.0,1.0,0.0,0.0,3.0
20260903-Lotte_Giants-Samsung_Lions,20260903LTSS0,34.0,10.0,0.29411764705882354,31.0,6.0,0.1935483870967742,비슬리,7.0,94.0,2.0,3.0,0.0,1.0,9.0,1.0,31.0,0.0,3.0,0.0,0.0,1.0,원태인,6.0,95.0,2.0,7.0,1.0,0.0,7.0,2.333333333333333,48.0,1.0,3.0,0.0,1.0,3.0
20260903-SSG_Landers-Kiwoom_Heroes,20260903SKWO0,35.0,7.0,0.2,33.0,9.0,0.2727272727272727,이로운,4.0,84.0,2.0,3.0,0.0,3.0,5.0,3.6666666666666665,81.0,1.0,6.0,0.0,0.0,3.0,박준현,5.0,101.0,1.0,3.0,0.0,4.0,8.0,3.0,74.0,1.0,4.0,0.0,1.0,3.0
20260904-Doosan_Bears-SSG_Landers,20260904OBSK0,30.0,3.0,0.1,30.0,5.0,0.16666666666666666,박신지,4.0,59.0,2.0,3.0,2.0,2.0,4.0,4.0,59.0,1.0,2.0,1.0,1.0,3.0,아빌라,9.0,101.0,0.0,3.0,0.0,1.0,5.0,0.0,0.0,0.0,0.0,0.0,0.0,0.0
20260904-Hanwha_Eagles-Lotte_Giants,20260904HHLT0,43.0,19.0,0.4418604651162791,37.0,10.0,0.2702702702702703,박준영,5.0,93.0,3.0,5.0,1.0,3.0,4.0,3.333333333333333,70.0,1.0,5.0,0.0,1.0,3.0,김진욱,4.666666666666667,93.0,4.0,7.0,1.0,2.0,3.0,2.6666666666666665,104.0,9.0,12.0,0.0,4.0,2.0
20260904-KT_Wiz-KIA_Tigers,20260904KTHT0,36.0,6.0,0.16666666666666666,34.0,8.0,0.23529411764705882,배제성,6.0,97.0,0.0,5.0,0.0,2.0,5.0,1.6666666666666665,84.0,4.0,3.0,0.0,7.0,6.0,올러,6.666666666666667,104.0,2.0,3.0,0.0,3.0,10.0,2.0,68.0,1.0,3.0,0.0,2.0,4.0
20260904-NC_Dinos-Kiwoom_Heroes,20260904NCWO0,37.0,13.0,0.35135135135135137,34.0,8.0,0.23529411764705882,라일리,6.0,88.0,1.0,7.0,0.0,0.0,7.0,3.0,42.0,0.0,1.0,0.0,0.0,4.0,안우진,5.0,97.0,4.0,9.0,0.0,2.0,5.0,4.0,88.0,2.0,4.0,0.0,5.0,5.0
20260904-Samsung_Lions-LG_Twins,20260904SSLG0,32.0,7.0,0.21875,30.0,6.0,0.2,페덱,5.333333333333333,113.0,3.0,4.0,0.0,2.0,5.0,2.333333333333333,54.0,1.0,2.0,0.0,2.0,1.0,카라스코,6.0,101.0,3.0,6.0,0.0,0.0,3.0,3.0,45.0,0.0,1.0,0.0,1.0,5.0
