game_pk,venue_id,context_source,is_day_game,park_factor,park_run_factor,weather_temp_c,weather_humidity,weather_precip_mm,weather_wind_kmh,weather_wind_dir
744795,3309,previous_day1,0.0,103.0,106.0,22.5,91.0,0.0,8.7,114.0
744796,3309,previous_day1,1.0,103.0,106.0,26.1,79.0,0.0,11.0,212.0
744797,3309,previous_day1,0.0,103.0,106.0,23.9,83.0,0.0,20.9,93.0
744798,3309,previous_day1,1.0,103.0,106.0,21.6,92.0,0.0,8.8,19.0
744799,3309,previous_day1,1.0,103.0,106.0,27.8,47.0,0.0,12.0,201.0
744800,3309,previous_day1,0.0,103.0,106.0,26.6,49.0,0.0,9.6,77.0
744801,3309,previous_day1,1.0,103.0,106.0,27.1,51.0,0.0,16.6,68.0
744802,3309,previous_day1,0.0,103.0,106.0,18.8,91.0,0.0,6.5,90.0
744803,3309,previous_day1,1.0,103.0,106.0,29.3,40.0,0.0,13.9,73.0
744804,3309,previous_day1,0.0,103.0,106.0,27.1,35.0,0.0,12.8,100.0
744805,3309,previous_day1,0.0,103.0,106.0,25.5,35.0,0.0,7.2,90.0
744806,3309,previous_day1,1.0,103.0,106.0,27.7,66.0,0.0,10.3,258.0
744807,3309,previous_day1,0.0,103.0,106.0,27.2,34.0,0.0,6.3,336.0
744808,3309,previous_day1,1.0,103.0,106.0,29.2,67.0,0.0,12.6,175.0
744809,3309,previous_day1,0.0,103.0,106.0,36.8,30.0,0.0,8.9,256.0
744810,3309,previous_day1,0.0,103.0,106.0,27.4,65.0,0.0,10.8,88.0
744811,3309,previous_day1,0.0,103.0,106.0,32.1,31.0,0.0,12.9,113.0
744812,3309,previous_day1,0.0,103.0,106.0,22.8,30.0,0.0,14.3,321.0
744813,3309,previous_day1,0.0,103.0,106.0,26.8,70.0,0.0,4.7,270.0
744814,3309,previous_day1,0.0,103.0,106.0,20.9,41.0,0.0,16.6,333.0
744815,3309,previous_day1,1.0,103.0,106.0,26.1,30.0,0.0,11.9,299.0
744816,3309,previous_day1,1.0,103.0,106.0,25.3,61.0,0.0,4.6,18.0
744817,3309,previous_day1,0.0,103.0,106.0,33.0,45.0,0.0,19.8,164.0
744818,3309,previous_day1,0.0,103.0,106.0,27.0,85.0,0.0,17.0,216.0
744819,3309,previous_day1,1.0,103.0,106.0,25.4,90.0,0.0,9.4,88.0
744820,3309,previous_day1,0.0,103.0,106.0,29.4,55.0,0.0,13.8,332.0
744821,3309,previous_day1,0.0,103.0,106.0,34.5,31.0,0.0,9.3,193.0
744822,3309,previous_day1,0.0,103.0,106.0,29.4,65.0,0.0,18.7,90.0
744823,3309,previous_day1,1.0,103.0,106.0,35.9,34.0,0.0,23.8,200.0
744824,3309,previous_day1,0.0,103.0,106.0,26.6,76.0,0.0,8.6,202.0
744825,3309,previous_day1,0.0,103.0,106.0,32.7,46.0,0.0,13.7,315.0
744826,3309,previous_day1,1.0,103.0,106.0,30.8,53.0,0.0,10.0,210.0
744827,3309,previous_day1,1.0,103.0,106.0,29.1,60.0,0.0,5.2,214.0
744828,3309,previous_day1,0.0,103.0,106.0,31.5,45.0,0.0,8.8,348.0
744829,3309,previous_day1,0.0,103.0,106.0,23.6,81.0,12.2,18.8,183.0
744830,3309,previous_day1,0.0,103.0,106.0,28.8,57.0,0.0,17.7,160.0
744831,3309,previous_day1,1.0,103.0,106.0,35.6,30.0,0.0,4.3,270.0
744832,3309,previous_day1,1.0,103.0,106.0,37.0,26.0,0.0,5.1,315.0
744833,3309,previous_day1,1.0,103.0,106.0,37.6,34.0,0.0,13.4,160.0
744834,3309,previous_day1,1.0,103.0,106.0,33.1,40.0,0.0,5.2,214.0
744835,3309,previous_day1,1.0,103.0,106.0,36.8,33.0,0.0,12.9,198.0
744836,3309,previous_day1,0.0,103.0,106.0,38.5,29.0,0.0,14.6,189.0
744837,3309,previous_day1,0.0,103.0,106.0,30.6,40.0,0.0,17.8,132.0
744838,3309,previous_day1,0.0,103.0,106.0,29.6,33.0,0.0,15.4,127.0
744839,3309,previous_day1,1.0,103.0,106.0,31.4,33.0,0.0,10.5,188.0
744840,3309,previous_day1,0.0,103.0,106.0,25.6,33.0,0.0,14.4,359.0
744841,3309,previous_day1,1.0,103.0,106.0,33.0,37.0,0.0,8.4,155.0
744842,3309,previous_day1,1.0,103.0,106.0,33.9,34.0,0.0,10.7,147.0
744843,3309,previous_day1,0.0,103.0,106.0,31.9,41.0,0.0,17.1,136.0
744844,3309,previous_day1,0.0,103.0,106.0,25.2,80.0,0.0,9.8,197.0
744845,3309,previous_day1,0.0,103.0,106.0,24.8,30.0,0.0,25.3,294.0
744846,3309,previous_day1,1.0,103.0,106.0,29.9,26.0,0.0,14.3,335.0
744847,3309,previous_day1,0.0,103.0,106.0,30.2,40.0,0.0,16.3,6.0
744848,3309,previous_day1,1.0,103.0,106.0,29.5,25.0,0.0,14.9,290.0
744849,3309,previous_day1,1.0,103.0,106.0,27.6,44.0,0.0,27.9,300.0
744850,3309,previous_day1,0.0,103.0,106.0,27.7,55.0,0.0,17.1,118.0
744851,3309,previous_day1,1.0,103.0,106.0,31.2,38.0,0.0,13.4,188.0
744852,3309,previous_day1,1.0,103.0,106.0,30.8,51.0,0.0,20.4,159.0
744853,3309,previous_day1,0.0,103.0,106.0,23.6,79.0,0.0,3.2,180.0
744854,3309,previous_day1,0.0,103.0,106.0,29.3,42.0,0.0,9.0,143.0
744855,3309,previous_day1,1.0,103.0,106.0,29.6,50.0,0.0,12.8,101.0
744856,3309,previous_day1,1.0,103.0,106.0,29.9,51.0,0.0,11.6,196.0
744857,3309,previous_day1,0.0,103.0,106.0,22.6,68.0,0.0,11.9,125.0
744858,3309,previous_day1,0.0,103.0,106.0,29.8,31.0,0.0,13.8,298.0
744859,3309,previous_day1,0.0,103.0,106.0,23.0,87.0,0.0,5.0,210.0
744860,3309,previous_day1,0.0,103.0,106.0,26.2,50.0,0.0,14.1,161.0
744861,3309,previous_day1,1.0,103.0,106.0,20.0,90.0,0.4,10.9,186.0
744862,3309,previous_day1,1.0,103.0,106.0,12.3,88.0,0.0,11.6,85.0
744863,3309,previous_day1,0.0,103.0,106.0,20.7,22.0,0.0,16.7,187.0
744864,3309,previous_day1,0.0,103.0,106.0,19.8,32.0,0.0,16.1,310.0
744865,3309,previous_day1,1.0,103.0,106.0,21.1,22.0,0.0,22.6,279.0
744866,3309,previous_day1,1.0,103.0,106.0,13.4,31.0,0.0,4.9,287.0
744867,3309,previous_day1,1.0,103.0,106.0,15.2,43.0,0.0,9.8,54.0
744868,3309,previous_day1,0.0,103.0,106.0,18.4,58.0,0.0,20.9,91.0
744869,3309,previous_day1,0.0,103.0,106.0,13.4,83.0,0.0,13.3,303.0
744870,3309,previous_day1,1.0,103.0,106.0,11.0,64.0,0.0,14.3,205.0
744871,3309,previous_day1,1.0,103.0,106.0,12.7,47.0,0.0,19.5,348.0
744872,3309,previous_day1,0.0,103.0,106.0,16.9,65.0,0.0,11.2,130.0
744873,3309,previous_day1,1.0,103.0,106.0,10.6,52.0,0.0,22.7,319.0
744874,3309,previous_day1,0.0,103.0,106.0,6.3,68.0,0.0,16.6,300.0
744875,3309,previous_day1,1.0,103.0,106.0,14.6,87.0,0.0,9.7,39.0
744876,14,previous_day1,0.0,100.0,100.0,17.4,95.0,2.2,17.8,97.0
744877,14,previous_day1,0.0,100.0,100.0,20.8,84.0,0.0,15.5,185.0
744878,14,previous_day1,1.0,100.0,100.0,20.3,71.0,0.0,23.3,63.0
744879,14,previous_day1,0.0,100.0,100.0,17.4,76.0,0.0,12.5,46.0
744880,14,previous_day1,1.0,100.0,100.0,21.8,74.0,0.0,15.8,63.0
744881,14,previous_day1,1.0,100.0,100.0,22.9,44.0,0.0,7.7,118.0
744882,14,previous_day1,0.0,100.0,100.0,19.2,81.0,0.0,9.2,64.0
744883,14,previous_day1,1.0,100.0,100.0,22.8,76.0,0.0,6.4,142.0
744884,14,previous_day1,1.0,100.0,100.0,21.1,79.0,0.0,8.2,113.0
744885,14,previous_day1,0.0,100.0,100.0,18.5,92.0,0.0,12.5,44.0
744886,14,previous_day1,0.0,100.0,100.0,18.1,60.0,0.0,5.0,111.0
744887,14,previous_day1,1.0,100.0,100.0,24.8,39.0,0.0,9.4,178.0
744888,14,previous_day1,0.0,100.0,100.0,19.2,77.0,0.0,5.5,11.0
744889,14,previous_day1,0.0,100.0,100.0,23.3,46.0,0.0,15.2,176.0
744890,14,previous_day1,1.0,100.0,100.0,25.9,44.0,0.0,10.9,171.0
744891,14,previous_day1,0.0,100.0,100.0,21.0,43.0,0.0,8.7,187.0
744892,14,previous_day1,1.0,100.0,100.0,25.1,59.0,0.0,9.4,157.0
744893,14,previous_day1,0.0,100.0,100.0,19.0,50.0,0.0,9.6,347.0
744894,14,previous_day1,0.0,100.0,100.0,22.5,51.0,0.0,4.7,184.0
744895,14,previous_day1,1.0,100.0,100.0,19.1,77.0,0.4,18.1,257.0
744896,14,previous_day1,0.0,100.0,100.0,16.2,64.0,0.0,14.7,335.0
744897,14,previous_day1,1.0,100.0,100.0,24.5,35.0,0.0,24.1,250.0
744898,14,previous_day1,0.0,100.0,100.0,16.3,57.0,0.0,20.4,339.0
744899,14,previous_day1,0.0,100.0,100.0,22.7,88.0,0.0,19.0,61.0
744900,14,previous_day1,0.0,100.0,100.0,23.5,77.0,0.0,11.2,310.0
744901,14,previous_day1,0.0,100.0,100.0,18.3,79.0,0.0,9.8,62.0
744902,14,previous_day1,1.0,100.0,100.0,28.1,48.0,0.0,11.9,95.0
744903,14,previous_day1,0.0,100.0,100.0,23.7,50.0,0.0,13.9,69.0
744904,14,previous_day1,0.0,100.0,100.0,25.2,65.0,0.0,12.5,72.0
744905,14,previous_day1,0.0,100.0,100.0,26.7,54.0,0.0,21.7,277.0
744906,14,previous_day1,0.0,100.0,100.0,24.2,48.0,0.0,8.9,166.0
744907,14,previous_day1,1.0,100.0,100.0,25.4,38.0,0.0,17.8,306.0
744908,14,previous_day1,1.0,100.0,100.0,26.9,42.0,0.0,13.1,164.0
744909,14,previous_day1,1.0,100.0,100.0,26.0,47.0,0.0,10.9,163.0
744910,14,previous_day1,1.0,100.0,100.0,27.2,44.0,0.0,19.8,183.0
744911,14,previous_day1,0.0,100.0,100.0,23.5,48.0,0.0,16.3,185.0
744912,14,previous_day1,1.0,100.0,100.0,27.4,59.0,0.0,15.5,180.0
744913,14,previous_day1,0.0,100.0,100.0,21.4,55.0,0.0,18.9,76.0
744914,14,previous_day1,1.0,100.0,100.0,20.7,58.0,0.0,13.8,171.0
744915,14,previous_day1,0.0,100.0,100.0,26.0,67.0,0.0,6.3,204.0
744916,14,previous_day1,1.0,100.0,100.0,19.2,74.0,0.0,15.9,298.0
744917,14,previous_day1,0.0,100.0,100.0,24.7,74.0,0.0,16.6,193.0
744918,14,previous_day1,0.0,100.0,100.0,26.5,65.0,0.0,16.2,201.0
744919,14,previous_day1,0.0,100.0,100.0,18.9,61.0,0.0,3.7,209.0
744920,14,previous_day1,0.0,100.0,100.0,29.0,56.0,0.0,16.6,210.0
744921,14,previous_day1,1.0,100.0,100.0,22.6,87.0,0.0,21.8,202.0
744922,14,previous_day1,0.0,100.0,100.0,19.6,57.0,0.0,19.5,62.0
744923,14,previous_day1,1.0,100.0,100.0,23.2,67.0,0.0,18.4,219.0
744924,14,previous_day1,0.0,100.0,100.0,24.3,38.0,0.0,14.3,315.0
744925,14,previous_day1,1.0,100.0,100.0,19.8,53.0,0.0,13.0,156.0
744926,14,previous_day1,1.0,100.0,100.0,20.6,57.0,0.0,19.3,76.0
744927,14,previous_day1,0.0,100.0,100.0,22.3,78.0,0.0,16.9,90.0
744928,14,previous_day1,0.0,100.0,100.0,21.6,40.0,0.0,13.2,202.0
744929,14,previous_day1,1.0,100.0,100.0,16.9,91.0,1.4,6.2,173.0
744930,14,previous_day1,0.0,100.0,100.0,19.8,78.0,0.0,12.6,90.0
744931,14,previous_day1,0.0,100.0,100.0,23.4,58.0,0.0,15.0,80.0
744932,14,previous_day1,1.0,100.0,100.0,24.8,21.0,0.0,11.3,173.0
744933,14,previous_day1,0.0,100.0,100.0,23.9,64.0,0.0,23.1,195.0
744934,14,previous_day1,0.0,100.0,100.0,16.8,89.0,0.0,10.1,86.0
744935,14,previous_day1,1.0,100.0,100.0,24.9,43.0,0.0,8.7,95.0
744936,14,previous_day1,0.0,100.0,100.0,23.5,70.0,0.0,11.2,180.0
744937,14,previous_day1,1.0,100.0,100.0,17.6,91.0,0.0,7.0,125.0
744938,14,previous_day1,1.0,100.0,100.0,19.3,80.0,0.0,13.0,85.0
744939,14,previous_day1,1.0,100.0,100.0,16.4,65.0,0.0,13.3,103.0
744940,14,previous_day1,0.0,100.0,100.0,13.9,60.0,0.0,3.7,209.0
744941,14,previous_day1,1.0,100.0,100.0,14.1,80.0,0.0,13.4,172.0
744942,14,previous_day1,0.0,100.0,100.0,9.3,96.0,0.0,5.5,67.0
744943,14,previous_day1,1.0,100.0,100.0,13.0,67.0,0.4,16.3,85.0
744944,14,previous_day1,0.0,100.0,100.0,12.1,43.0,0.0,9.7,31.0
744945,14,previous_day1,0.0,100.0,100.0,8.6,84.0,0.0,26.3,68.0
744946,14,previous_day1,1.0,100.0,100.0,11.4,97.0,0.0,12.1,107.0
744947,14,previous_day1,1.0,100.0,100.0,19.7,95.0,0.7,8.2,221.0
744948,14,previous_day1,1.0,100.0,100.0,6.0,92.0,0.4,34.3,69.0
744949,14,previous_day1,0.0,100.0,100.0,9.0,46.0,0.0,22.4,64.0
744950,14,previous_day1,1.0,100.0,100.0,16.3,54.0,0.0,16.7,187.0
744951,14,previous_day1,0.0,100.0,100.0,11.1,67.0,0.0,15.0,287.0
744952,14,previous_day1,1.0,100.0,100.0,9.6,97.0,0.0,10.9,82.0
744953,14,previous_day1,1.0,100.0,100.0,6.2,78.0,0.0,23.3,292.0
744954,14,previous_day1,0.0,100.0,100.0,7.0,82.0,0.4,22.5,263.0
744955,5325,previous_day1,1.0,102.0,104.0,33.7,39.0,0.0,10.9,172.0
744956,14,previous_day1,0.0,100.0,100.0,7.3,76.0,0.0,11.5,46.0
744957,14,previous_day1,0.0,100.0,100.0,12.4,67.0,0.0,10.9,46.0
744958,5325,previous_day1,0.0,102.0,104.0,34.6,38.0,0.0,17.3,181.0
744959,5325,previous_day1,0.0,102.0,104.0,33.9,39.0,0.0,12.6,143.0
744960,5325,previous_day1,0.0,102.0,104.0,35.0,34.0,0.0,14.2,187.0
744961,5325,previous_day1,0.0,102.0,104.0,32.2,40.0,0.0,14.4,91.0
744962,5325,previous_day1,1.0,102.0,104.0,36.1,37.0,0.0,11.2,195.0
744963,5325,previous_day1,0.0,102.0,104.0,30.5,27.0,0.0,23.6,19.0
744964,5325,previous_day1,0.0,102.0,104.0,27.0,71.0,0.0,3.7,331.0
744965,5325,previous_day1,1.0,102.0,104.0,28.1,27.0,0.0,16.6,41.0
744966,5325,previous_day1,0.0,102.0,104.0,31.2,45.0,0.0,11.2,2.0
744967,5325,previous_day1,0.0,102.0,104.0,31.7,39.0,0.0,13.2,43.0
744968,5325,previous_day1,0.0,102.0,104.0,29.0,47.0,0.0,8.8,341.0
744969,5325,previous_day1,0.0,102.0,104.0,31.3,49.0,0.0,12.6,90.0
744970,5325,previous_day1,1.0,102.0,104.0,28.9,72.0,0.0,12.7,61.0
744971,5325,previous_day1,0.0,102.0,104.0,31.4,53.0,0.0,6.7,36.0
744972,5325,previous_day1,0.0,102.0,104.0,31.4,31.0,0.0,10.6,72.0
744973,5325,previous_day1,1.0,102.0,104.0,37.6,32.0,0.0,10.6,118.0
744974,5325,previous_day1,0.0,102.0,104.0,38.1,33.0,0.0,17.4,153.0
744975,5325,previous_day1,1.0,102.0,104.0,40.6,27.0,0.0,9.1,173.0
744976,5325,previous_day1,0.0,102.0,104.0,41.4,14.0,0.0,8.9,256.0
744977,5325,previous_day1,0.0,102.0,104.0,39.4,28.0,0.0,12.6,182.0
744978,5325,previous_day1,0.0,102.0,104.0,39.5,28.0,0.0,15.8,73.0
744979,5325,previous_day1,1.0,102.0,104.0,36.8,28.0,0.0,11.9,93.0
744980,5325,previous_day1,0.0,102.0,104.0,37.6,31.0,0.0,17.3,182.0
744981,5325,previous_day1,1.0,102.0,104.0,40.3,25.0,0.0,9.0,95.0
744982,5325,previous_day1,0.0,102.0,104.0,36.2,27.0,0.0,8.2,157.0
744983,5325,previous_day1,0.0,102.0,104.0,37.9,27.0,0.0,7.8,103.0
744984,5325,previous_day1,1.0,102.0,104.0,30.4,55.0,0.0,13.3,77.0
744985,5325,previous_day1,0.0,102.0,104.0,31.3,49.0,0.0,13.6,143.0
744986,5325,previous_day1,0.0,102.0,104.0,39.4,23.0,0.0,12.6,183.0
744987,5325,previous_day1,0.0,102.0,104.0,38.2,14.0,0.0,17.4,13.0
744988,5325,previous_day1,0.0,102.0,104.0,30.5,46.0,0.0,11.3,22.0
744989,5325,previous_day1,0.0,102.0,104.0,31.7,45.0,0.0,14.8,113.0
744990,5325,previous_day1,0.0,102.0,104.0,33.9,30.0,0.0,9.1,81.0
744991,5325,previous_day1,1.0,102.0,104.0,31.1,61.0,0.0,8.9,212.0
744992,5325,previous_day1,0.0,102.0,104.0,25.6,64.0,0.0,22.8,84.0
744993,5325,previous_day1,1.0,102.0,104.0,36.3,39.0,0.0,16.7,143.0
744994,5325,previous_day1,0.0,102.0,104.0,35.4,27.0,0.0,16.8,137.0
744995,5325,previous_day1,1.0,102.0,104.0,36.8,32.0,0.0,4.7,9.0
744996,5325,previous_day1,1.0,102.0,104.0,37.9,35.0,0.0,12.7,195.0
744997,5325,previous_day1,1.0,102.0,104.0,35.6,34.0,0.0,14.6,200.0
744998,5325,previous_day1,0.0,102.0,104.0,36.4,33.0,0.0,19.4,180.0
744999,5325,previous_day1,0.0,102.0,104.0,37.5,27.0,0.0,20.9,177.0
745000,5325,previous_day1,1.0,102.0,104.0,36.7,33.0,0.0,7.3,200.0
745001,5325,previous_day1,1.0,102.0,104.0,35.8,31.0,0.0,24.8,199.0
745002,5325,previous_day1,0.0,102.0,104.0,31.1,44.0,0.0,18.4,89.0
745003,5325,previous_day1,1.0,102.0,104.0,31.3,56.0,0.0,11.4,169.0
745004,5325,previous_day1,0.0,102.0,104.0,31.6,43.0,0.0,24.7,138.0
745005,5325,previous_day1,0.0,102.0,104.0,33.2,48.0,0.0,24.2,147.0
745006,5325,previous_day1,0.0,102.0,104.0,33.2,39.0,0.0,11.1,155.0
745007,5325,previous_day1,0.0,102.0,104.0,30.5,56.0,0.0,9.2,42.0
745008,5325,previous_day1,0.0,102.0,104.0,33.4,42.0,0.0,17.7,175.0
745009,5325,previous_day1,0.0,102.0,104.0,29.3,71.0,0.0,17.7,168.0
745010,5325,previous_day1,0.0,102.0,104.0,33.7,59.0,0.0,22.3,166.0
745011,5325,previous_day1,1.0,102.0,104.0,29.1,59.0,0.0,10.5,106.0
745012,5325,previous_day1,1.0,102.0,104.0,31.6,49.0,0.0,19.2,167.0
745013,5325,previous_day1,0.0,102.0,104.0,32.1,42.0,0.0,13.7,153.0
745014,5325,previous_day1,0.0,102.0,104.0,27.9,40.0,0.0,5.8,4.0
745015,5325,previous_day1,0.0,102.0,104.0,28.8,48.0,0.0,16.6,158.0
745016,5325,previous_day1,0.0,102.0,104.0,27.9,45.0,0.0,4.7,238.0
745017,5325,previous_day1,0.0,102.0,104.0,22.3,75.0,0.0,17.8,82.0
745018,5325,previous_day1,0.0,102.0,104.0,27.0,65.0,0.0,17.7,163.0
745019,5325,previous_day1,0.0,102.0,104.0,23.3,74.0,0.0,12.6,323.0
745020,5325,previous_day1,1.0,102.0,104.0,24.7,79.0,0.0,23.5,162.0
745021,5325,previous_day1,1.0,102.0,104.0,25.9,68.0,0.0,7.2,162.0
745022,5325,previous_day1,1.0,102.0,104.0,25.8,68.0,0.0,16.8,223.0
745023,5325,previous_day1,0.0,102.0,104.0,25.7,83.0,0.0,14.5,150.0
745024,5325,previous_day1,0.0,102.0,104.0,13.6,75.0,0.0,22.3,342.0
745025,5325,previous_day1,0.0,102.0,104.0,27.0,71.0,0.0,24.5,183.0
745026,5325,previous_day1,0.0,102.0,104.0,23.1,69.0,0.0,21.7,174.0
745027,5325,previous_day1,1.0,102.0,104.0,24.6,75.0,0.0,23.3,167.0
745028,5325,previous_day1,0.0,102.0,104.0,24.4,73.0,0.0,12.5,136.0
745029,5325,previous_day1,1.0,102.0,104.0,20.8,39.0,0.0,19.0,335.0
745030,5325,previous_day1,0.0,102.0,104.0,19.2,95.0,0.0,16.1,100.0
745031,5325,previous_day1,0.0,102.0,104.0,24.1,62.0,0.0,27.5,185.0
745032,5325,previous_day1,0.0,102.0,104.0,26.5,11.0,0.0,15.7,233.0
745033,5325,previous_day1,0.0,102.0,104.0,27.4,25.0,0.0,17.0,167.0
745034,5325,previous_day1,0.0,102.0,104.0,24.7,65.0,0.0,9.4,113.0
745035,5325,previous_day1,1.0,102.0,104.0,26.4,62.0,0.0,20.7,188.0
745036,12,previous_day1,1.0,96.0,92.0,,,,,
745037,5325,previous_day1,0.0,102.0,104.0,23.6,68.0,0.0,23.1,176.0
745038,12,previous_day1,1.0,96.0,92.0,,,,,
745039,5325,previous_day1,0.0,102.0,104.0,21.0,44.0,0.0,13.0,177.0
745040,12,previous_day1,0.0,96.0,92.0,,,,,
745041,12,previous_day1,0.0,96.0,92.0,,,,,
745042,12,previous_day1,1.0,96.0,92.0,,,,,
745043,12,previous_day1,0.0,96.0,92.0,,,,,
745044,12,previous_day1,0.0,96.0,92.0,,,,,
745045,12,previous_day1,0.0,96.0,92.0,,,,,
745046,12,previous_day1,0.0,96.0,92.0,,,,,
745047,12,previous_day1,0.0,96.0,92.0,,,,,
745048,12,previous_day1,1.0,96.0,92.0,,,,,
745049,12,previous_day1,1.0,96.0,92.0,,,,,
745050,12,previous_day1,1.0,96.0,92.0,,,,,
745051,12,previous_day1,1.0,96.0,92.0,,,,,
745052,12,previous_day1,0.0,96.0,92.0,,,,,
745053,12,previous_day1,0.0,96.0,92.0,,,,,
745054,12,previous_day1,0.0,96.0,92.0,,,,,
745055,12,previous_day1,0.0,96.0,92.0,,,,,
745056,12,previous_day1,0.0,96.0,92.0,,,,,
745057,12,previous_day1,1.0,96.0,92.0,,,,,
745058,12,previous_day1,0.0,96.0,92.0,,,,,
745059,12,previous_day1,1.0,96.0,92.0,,,,,
745060,12,previous_day1,0.0,96.0,92.0,,,,,
745061,12,previous_day1,1.0,96.0,92.0,,,,,
745062,12,previous_day1,0.0,96.0,92.0,,,,,
745063,12,previous_day1,1.0,96.0,92.0,,,,,
745064,12,previous_day1,0.0,96.0,92.0,,,,,
745065,12,previous_day1,0.0,96.0,92.0,,,,,
745066,12,previous_day1,1.0,96.0,92.0,,,,,
745067,12,previous_day1,1.0,96.0,92.0,,,,,
745068,12,previous_day1,0.0,96.0,92.0,,,,,
745069,12,previous_day1,0.0,96.0,92.0,,,,,
745070,12,previous_day1,0.0,96.0,92.0,,,,,
745071,12,previous_day1,1.0,96.0,92.0,,,,,
745072,12,previous_day1,1.0,96.0,92.0,,,,,
745073,12,previous_day1,1.0,96.0,92.0,,,,,
745074,12,previous_day1,0.0,96.0,92.0,,,,,
745075,12,previous_day1,0.0,96.0,92.0,,,,,
745076,12,previous_day1,0.0,96.0,92.0,,,,,
745077,12,previous_day1,0.0,96.0,92.0,,,,,
745078,12,previous_day1,0.0,96.0,92.0,,,,,
745079,12,previous_day1,0.0,96.0,92.0,,,,,
745080,12,previous_day1,0.0,96.0,92.0,,,,,
745081,12,previous_day1,1.0,96.0,92.0,,,,,
745082,12,previous_day1,1.0,96.0,92.0,,,,,
745083,12,previous_day1,0.0,96.0,92.0,,,,,
745084,12,previous_day1,0.0,96.0,92.0,,,,,
745085,12,previous_day1,1.0,96.0,92.0,,,,,
745086,12,previous_day1,1.0,96.0,92.0,,,,,
745087,12,previous_day1,0.0,96.0,92.0,,,,,
745088,12,previous_day1,1.0,96.0,92.0,,,,,
745089,12,previous_day1,0.0,96.0,92.0,,,,,
745090,12,previous_day1,0.0,96.0,92.0,,,,,
745091,12,previous_day1,0.0,96.0,92.0,,,,,
745092,12,previous_day1,1.0,96.0,92.0,,,,,
745093,12,previous_day1,0.0,96.0,92.0,,,,,
745094,12,previous_day1,0.0,96.0,92.0,,,,,
745095,12,previous_day1,0.0,96.0,92.0,,,,,
745096,12,previous_day1,1.0,96.0,92.0,,,,,
745097,12,previous_day1,0.0,96.0,92.0,,,,,
745098,12,previous_day1,0.0,96.0,92.0,,,,,
745099,12,previous_day1,0.0,96.0,92.0,,,,,
745100,12,previous_day1,0.0,96.0,92.0,,,,,
745101,12,previous_day1,0.0,96.0,92.0,,,,,
745102,12,previous_day1,0.0,96.0,92.0,,,,,
745103,12,previous_day1,1.0,96.0,92.0,,,,,
745104,12,previous_day1,1.0,96.0,92.0,,,,,
745105,12,previous_day1,0.0,96.0,92.0,,,,,
745106,12,previous_day1,0.0,96.0,92.0,,,,,
745107,12,previous_day1,0.0,96.0,92.0,,,,,
745108,12,previous_day1,0.0,96.0,92.0,,,,,
745109,12,previous_day1,0.0,96.0,92.0,,,,,
745110,12,previous_day1,1.0,96.0,92.0,,,,,
745111,12,previous_day1,0.0,96.0,92.0,,,,,
745112,12,previous_day1,0.0,96.0,92.0,,,,,
745113,12,previous_day1,1.0,96.0,92.0,,,,,
745114,12,previous_day1,1.0,96.0,92.0,,,,,
745115,12,previous_day1,1.0,96.0,92.0,,,,,
745116,12,previous_day1,1.0,96.0,92.0,,,,,
745117,12,previous_day1,0.0,96.0,92.0,,,,,
745118,2889,previous_day1,1.0,99.0,98.0,24.4,86.0,0.0,5.8,150.0
745119,12,previous_day1,1.0,96.0,92.0,,,,,
745120,2889,previous_day1,0.0,99.0,98.0,31.1,33.0,0.0,10.0,150.0
745121,2889,previous_day1,0.0,99.0,98.0,27.2,33.0,0.0,7.8,158.0
745122,2889,previous_day1,0.0,99.0,98.0,27.0,31.0,0.0,8.2,131.0
745123,2889,previous_day1,0.0,99.0,98.0,31.5,48.0,0.0,6.1,130.0
745124,2889,previous_day1,0.0,99.0,98.0,32.2,40.0,0.0,11.6,216.0
745125,2889,previous_day1,0.0,99.0,98.0,21.6,24.0,0.0,15.8,17.0
745126,2889,previous_day1,0.0,99.0,98.0,25.5,24.0,0.0,8.2,113.0
745127,2889,previous_day1,0.0,99.0,98.0,26.9,28.0,0.0,8.7,73.0
745128,2889,previous_day1,1.0,99.0,98.0,22.5,29.0,0.0,2.2,351.0
745129,2889,previous_day1,1.0,99.0,98.0,30.0,31.0,0.0,7.2,87.0
745130,2889,previous_day1,0.0,99.0,98.0,27.6,47.0,0.0,6.6,135.0
745131,2889,previous_day1,0.0,99.0,98.0,23.6,34.0,0.0,18.5,353.0
745132,2889,previous_day1,0.0,99.0,98.0,37.2,34.0,0.0,3.9,146.0
745133,2889,previous_day1,0.0,99.0,98.0,34.7,41.0,0.0,9.8,156.0
745134,2889,previous_day1,0.0,99.0,98.0,29.7,63.0,0.0,7.0,35.0
745135,2889,previous_day1,1.0,99.0,98.0,35.2,42.0,0.0,4.9,197.0
745136,2889,previous_day1,0.0,99.0,98.0,25.1,44.0,0.0,12.0,49.0
745137,2889,previous_day1,1.0,99.0,98.0,26.5,32.0,0.0,11.7,99.0
745138,2889,previous_day1,0.0,99.0,98.0,23.7,35.0,0.0,5.9,76.0
745139,2889,previous_day1,1.0,99.0,98.0,28.6,51.0,0.0,17.0,339.0
745140,2889,previous_day1,0.0,99.0,98.0,30.5,39.0,0.0,18.2,308.0
745141,2889,previous_day1,0.0,99.0,98.0,28.5,58.0,0.0,22.1,338.0
745142,2889,previous_day1,0.0,99.0,98.0,26.2,58.0,0.0,11.0,38.0
745143,2889,previous_day1,0.0,99.0,98.0,30.3,40.0,0.0,14.3,342.0
745144,2889,previous_day1,0.0,99.0,98.0,31.4,42.0,0.0,8.7,240.0
745145,2889,previous_day1,1.0,99.0,98.0,27.7,78.0,0.0,5.4,180.0
745146,2889,previous_day1,0.0,99.0,98.0,30.2,49.0,0.0,10.1,94.0
745147,2889,previous_day1,0.0,99.0,98.0,34.1,47.0,0.0,13.2,235.0
745148,2889,previous_day1,1.0,99.0,98.0,28.7,60.0,0.0,22.7,63.0
745149,2889,previous_day1,0.0,99.0,98.0,27.9,74.0,0.0,8.7,120.0
745150,2889,previous_day1,0.0,99.0,98.0,26.5,71.0,0.0,10.3,126.0
745151,2889,previous_day1,1.0,99.0,98.0,33.7,54.0,0.0,14.3,229.0
745152,2889,previous_day1,1.0,99.0,98.0,32.4,57.0,0.0,13.1,217.0
745153,2889,previous_day1,0.0,99.0,98.0,29.7,64.0,0.0,6.7,196.0
745154,2889,previous_day1,1.0,99.0,98.0,28.4,41.0,0.0,15.1,3.0
745156,2889,previous_day1,0.0,99.0,98.0,26.6,76.0,0.0,6.6,225.0
745158,2889,previous_day1,0.0,99.0,98.0,28.0,65.0,0.0,9.8,352.0
745159,2889,previous_day1,1.0,99.0,98.0,29.8,71.0,0.0,16.7,199.0
745160,2889,previous_day1,0.0,99.0,98.0,34.8,36.0,0.0,16.5,148.0
745161,2889,previous_day1,0.0,99.0,98.0,31.3,51.0,0.0,19.9,167.0
745162,2889,previous_day1,0.0,99.0,98.0,31.1,34.0,0.0,12.2,109.0
745163,2889,previous_day1,1.0,99.0,98.0,35.5,29.0,0.0,14.8,198.0
745164,3949,previous_day1,0.0,112.0,125.0,33.8,27.0,0.0,12.9,120.0
745165,2889,previous_day1,1.0,99.0,98.0,31.6,44.0,0.0,19.4,317.0
745166,2889,previous_day1,1.0,99.0,98.0,32.5,47.0,0.0,17.4,248.0
745167,2889,previous_day1,1.0,99.0,98.0,22.9,56.0,0.0,6.8,273.0
745168,2889,previous_day1,1.0,99.0,98.0,33.9,35.0,0.0,13.7,203.0
745169,2889,previous_day1,1.0,99.0,98.0,30.4,21.0,0.0,17.8,313.0
745170,2889,previous_day1,0.0,99.0,98.0,27.8,28.0,0.0,4.0,280.0
745171,2889,previous_day1,0.0,99.0,98.0,30.4,39.0,0.0,12.7,172.0
745172,2889,previous_day1,0.0,99.0,98.0,23.5,82.0,0.0,13.4,82.0
745173,2889,previous_day1,1.0,99.0,98.0,23.3,63.0,0.0,11.2,274.0
745174,2889,previous_day1,0.0,99.0,98.0,28.3,20.0,0.0,23.8,302.0
745176,2889,previous_day1,0.0,99.0,98.0,23.8,46.0,0.0,7.3,147.0
745177,2889,previous_day1,0.0,99.0,98.0,28.8,40.0,0.0,6.9,186.0
745178,2889,previous_day1,0.0,99.0,98.0,22.5,85.0,0.0,5.0,69.0
745179,2889,previous_day1,1.0,99.0,98.0,28.8,58.0,0.0,5.7,215.0
745180,2889,previous_day1,0.0,99.0,98.0,29.0,55.0,0.0,24.3,187.0
745181,2889,previous_day1,0.0,99.0,98.0,25.8,77.0,0.0,6.2,10.0
745182,2889,previous_day1,0.0,99.0,98.0,22.6,79.0,0.0,6.3,156.0
745183,2889,previous_day1,1.0,99.0,98.0,24.9,69.0,0.0,5.7,145.0
745185,2889,previous_day1,1.0,99.0,98.0,17.3,77.0,0.0,3.8,17.0
745186,2889,previous_day1,0.0,99.0,98.0,22.7,74.0,0.0,8.0,260.0
745187,2889,previous_day1,0.0,99.0,98.0,25.1,53.0,0.0,8.8,81.0
745188,2889,previous_day1,1.0,99.0,98.0,17.0,55.0,0.0,11.9,2.0
745189,2889,previous_day1,0.0,99.0,98.0,14.9,28.0,0.0,14.4,359.0
745190,2889,previous_day1,1.0,99.0,98.0,13.8,29.0,0.0,18.5,299.0
745191,2889,previous_day1,0.0,99.0,98.0,19.0,21.0,0.0,14.2,196.0
745192,2889,previous_day1,1.0,99.0,98.0,13.4,27.0,0.0,16.8,317.0
745193,2889,previous_day1,0.0,99.0,98.0,15.3,88.0,0.0,8.9,243.0
745194,2889,previous_day1,0.0,99.0,98.0,21.5,30.0,0.0,10.9,153.0
745195,2889,previous_day1,0.0,99.0,98.0,21.9,28.0,0.0,11.2,345.0
745196,2889,previous_day1,1.0,99.0,98.0,21.7,34.0,0.0,13.7,60.0
745197,2889,previous_day1,1.0,99.0,98.0,12.6,38.0,0.0,13.8,131.0
745198,2889,previous_day1,1.0,99.0,98.0,12.5,90.0,0.0,17.2,169.0
745199,680,previous_day1,0.0,92.0,85.0,,,,,
745200,2889,previous_day1,1.0,99.0,98.0,5.6,74.0,0.0,22.5,311.0
745201,680,previous_day1,1.0,92.0,85.0,,,,,
745202,680,previous_day1,0.0,92.0,85.0,,,,,
745203,680,previous_day1,0.0,92.0,85.0,,,,,
745204,680,previous_day1,1.0,92.0,85.0,,,,,
745205,680,previous_day1,0.0,92.0,85.0,,,,,
745206,680,previous_day1,1.0,92.0,85.0,,,,,
745207,680,previous_day1,0.0,92.0,85.0,,,,,
745208,680,previous_day1,0.0,92.0,85.0,,,,,
745209,680,previous_day1,0.0,92.0,85.0,,,,,
745210,680,previous_day1,0.0,92.0,85.0,,,,,
745211,680,previous_day1,1.0,92.0,85.0,,,,,
745212,680,previous_day1,1.0,92.0,85.0,,,,,
745213,680,previous_day1,0.0,92.0,85.0,,,,,
745214,680,previous_day1,0.0,92.0,85.0,,,,,
745215,680,previous_day1,0.0,92.0,85.0,,,,,
745216,680,previous_day1,1.0,92.0,85.0,,,,,
745217,680,previous_day1,0.0,92.0,85.0,,,,,
745218,680,previous_day1,1.0,92.0,85.0,,,,,
745219,680,previous_day1,0.0,92.0,85.0,,,,,
745220,680,previous_day1,0.0,92.0,85.0,,,,,
745221,680,previous_day1,0.0,92.0,85.0,,,,,
745222,680,previous_day1,1.0,92.0,85.0,,,,,
745223,680,previous_day1,0.0,92.0,85.0,,,,,
745224,680,previous_day1,0.0,92.0,85.0,,,,,
745225,680,previous_day1,0.0,92.0,85.0,,,,,
745226,680,previous_day1,0.0,92.0,85.0,,,,,
745227,680,previous_day1,0.0,92.0,85.0,,,,,
745228,680,previous_day1,0.0,92.0,85.0,,,,,
745229,680,previous_day1,0.0,92.0,85.0,,,,,
745230,680,previous_day1,1.0,92.0,85.0,,,,,
745231,680,previous_day1,1.0,92.0,85.0,,,,,
745232,680,previous_day1,0.0,92.0,85.0,,,,,
745233,680,previous_day1,1.0,92.0,85.0,,,,,
745234,680,previous_day1,0.0,92.0,85.0,,,,,
745235,680,previous_day1,1.0,92.0,85.0,,,,,
745236,680,previous_day1,1.0,92.0,85.0,,,,,
745237,680,previous_day1,0.0,92.0,85.0,,,,,
745238,680,previous_day1,0.0,92.0,85.0,,,,,
745239,680,previous_day1,0.0,92.0,85.0,,,,,
745240,680,previous_day1,0.0,92.0,85.0,,,,,
745241,680,previous_day1,1.0,92.0,85.0,,,,,
745242,680,previous_day1,1.0,92.0,85.0,,,,,
745243,680,previous_day1,1.0,92.0,85.0,,,,,
745244,680,previous_day1,0.0,92.0,85.0,,,,,
745245,680,previous_day1,0.0,92.0,85.0,,,,,
745246,680,previous_day1,0.0,92.0,85.0,,,,,
745247,680,previous_day1,0.0,92.0,85.0,,,,,
745248,680,previous_day1,0.0,92.0,85.0,,,,,
745249,680,previous_day1,1.0,92.0,85.0,,,,,
745250,680,previous_day1,0.0,92.0,85.0,,,,,
745251,680,previous_day1,1.0,92.0,85.0,,,,,
745252,680,previous_day1,1.0,92.0,85.0,,,,,
745253,680,previous_day1,0.0,92.0,85.0,,,,,
745254,680,previous_day1,0.0,92.0,85.0,,,,,
745255,680,previous_day1,1.0,92.0,85.0,,,,,
745256,680,previous_day1,0.0,92.0,85.0,,,,,
745257,680,previous_day1,0.0,92.0,85.0,,,,,
745258,680,previous_day1,0.0,92.0,85.0,,,,,
745259,680,previous_day1,1.0,92.0,85.0,,,,,
745260,680,previous_day1,0.0,92.0,85.0,,,,,
745261,680,previous_day1,1.0,92.0,85.0,,,,,
745262,680,previous_day1,0.0,92.0,85.0,,,,,
745263,680,previous_day1,0.0,92.0,85.0,,,,,
745264,680,previous_day1,0.0,92.0,85.0,,,,,
745265,680,previous_day1,1.0,92.0,85.0,,,,,
745266,680,previous_day1,0.0,92.0,85.0,,,,,
745267,680,previous_day1,1.0,92.0,85.0,,,,,
745268,680,previous_day1,0.0,92.0,85.0,,,,,
745269,680,previous_day1,0.0,92.0,85.0,,,,,
745270,680,previous_day1,0.0,92.0,85.0,,,,,
745271,680,previous_day1,1.0,92.0,85.0,,,,,
745272,680,previous_day1,0.0,92.0,85.0,,,,,
745273,680,previous_day1,0.0,92.0,85.0,,,,,
745274,680,previous_day1,0.0,92.0,85.0,,,,,
745275,680,previous_day1,1.0,92.0,85.0,,,,,
745276,680,previous_day1,0.0,92.0,85.0,,,,,
745277,680,previous_day1,0.0,92.0,85.0,,,,,
745278,680,previous_day1,0.0,92.0,85.0,,,,,
745279,680,previous_day1,1.0,92.0,85.0,,,,,
745280,2395,previous_day1,0.0,97.0,94.0,23.1,38.0,0.0,17.2,290.0
745281,2395,previous_day1,1.0,97.0,94.0,19.2,70.0,0.0,18.2,261.0
745282,2395,previous_day1,1.0,97.0,94.0,19.1,69.0,0.0,10.3,245.0
745283,680,previous_day1,0.0,92.0,85.0,,,,,
745284,2395,previous_day1,0.0,97.0,94.0,16.7,81.0,0.0,23.3,279.0
745285,2395,previous_day1,0.0,97.0,94.0,16.7,84.0,0.0,25.6,302.0
745286,2395,previous_day1,0.0,97.0,94.0,16.0,78.0,0.0,16.3,275.0
745287,2395,previous_day1,1.0,97.0,94.0,17.5,73.0,0.0,33.2,294.0
745288,2395,previous_day1,0.0,97.0,94.0,17.4,67.0,0.0,21.8,279.0
745289,2395,previous_day1,1.0,97.0,94.0,24.0,48.0,0.0,14.5,284.0
745290,2395,previous_day1,0.0,97.0,94.0,16.7,79.0,0.0,12.6,275.0
745291,2395,previous_day1,0.0,97.0,94.0,13.6,96.0,0.0,19.7,278.0
745292,2395,previous_day1,1.0,97.0,94.0,19.3,76.0,0.0,21.9,287.0
745293,2395,previous_day1,0.0,97.0,94.0,23.2,39.0,0.0,22.6,284.0
745294,2395,previous_day1,0.0,97.0,94.0,15.3,75.0,0.0,28.7,285.0
745295,2395,previous_day1,0.0,97.0,94.0,17.2,80.0,0.0,29.2,292.0
745296,2395,previous_day1,0.0,97.0,94.0,17.3,84.0,0.0,28.3,288.0
745297,2395,previous_day1,1.0,97.0,94.0,18.5,77.0,0.0,22.9,277.0
745298,2395,previous_day1,1.0,97.0,94.0,22.3,55.0,0.0,23.2,289.0
745299,2395,previous_day1,0.0,97.0,94.0,16.2,85.0,0.0,25.5,289.0
745300,2395,previous_day1,0.0,97.0,94.0,14.8,79.0,0.0,31.0,283.0
745301,2395,previous_day1,0.0,97.0,94.0,16.9,75.0,0.0,29.8,290.0
745302,2395,previous_day1,0.0,97.0,94.0,16.6,75.0,0.0,23.9,281.0
745303,2395,previous_day1,1.0,97.0,94.0,17.5,79.0,0.0,22.0,270.0
745304,2395,previous_day1,1.0,97.0,94.0,19.9,65.0,0.0,20.3,276.0
745305,2395,previous_day1,1.0,97.0,94.0,16.6,81.0,0.0,20.3,245.0
745306,2395,previous_day1,0.0,97.0,94.0,14.8,91.0,0.0,23.0,279.0
745307,2395,previous_day1,1.0,97.0,94.0,15.7,83.0,0.0,22.7,280.0
745308,2395,previous_day1,0.0,97.0,94.0,15.3,81.0,0.0,24.1,284.0
745309,2395,previous_day1,0.0,97.0,94.0,16.4,89.0,0.0,27.6,287.0
745310,2395,previous_day1,1.0,97.0,94.0,15.7,83.0,0.0,22.7,280.0
745311,2395,previous_day1,1.0,97.0,94.0,18.3,72.0,0.0,28.7,252.0
745312,2395,previous_day1,0.0,97.0,94.0,17.1,76.0,0.0,11.3,263.0
745313,2395,previous_day1,1.0,97.0,94.0,26.4,47.0,0.0,17.8,256.0
745314,2395,previous_day1,1.0,97.0,94.0,19.2,78.0,0.0,18.6,260.0
745315,2395,previous_day1,0.0,97.0,94.0,13.4,89.0,0.0,18.6,279.0
745316,2395,previous_day1,0.0,97.0,94.0,15.0,93.0,0.0,21.6,274.0
745317,2395,previous_day1,1.0,97.0,94.0,23.4,47.0,0.0,24.5,280.0
745318,2395,previous_day1,0.0,97.0,94.0,19.1,64.0,0.0,15.1,273.0
745319,2395,previous_day1,0.0,97.0,94.0,17.3,64.0,0.0,19.1,268.0
745320,2395,previous_day1,1.0,97.0,94.0,22.5,55.0,0.0,23.3,287.0
745321,2395,previous_day1,1.0,97.0,94.0,22.2,38.0,0.0,23.7,298.0
745322,2395,previous_day1,0.0,97.0,94.0,13.7,82.0,0.0,23.8,285.0
745323,2395,previous_day1,0.0,97.0,94.0,15.1,71.0,0.0,17.4,276.0
745324,2395,previous_day1,1.0,97.0,94.0,20.4,55.0,0.0,21.2,285.0
745325,2395,previous_day1,0.0,97.0,94.0,15.2,77.0,0.0,31.0,288.0
745326,2395,previous_day1,0.0,97.0,94.0,17.7,50.0,0.0,28.6,301.0
745327,2395,previous_day1,0.0,97.0,94.0,22.5,47.0,0.0,12.4,278.0
745328,2395,previous_day1,1.0,97.0,94.0,18.8,60.0,0.0,28.4,240.0
745329,2395,previous_day1,1.0,97.0,94.0,21.9,44.0,0.0,23.2,294.0
745330,2395,previous_day1,1.0,97.0,94.0,20.3,68.0,0.0,25.5,286.0
745331,2395,previous_day1,0.0,97.0,94.0,14.6,68.0,0.0,23.6,277.0
745332,2395,previous_day1,0.0,97.0,94.0,17.2,56.0,0.0,28.3,297.0
745333,2395,previous_day1,1.0,97.0,94.0,23.0,41.0,0.0,15.4,286.0
745334,2395,previous_day1,0.0,97.0,94.0,14.4,80.0,0.0,14.8,270.0
745335,2395,previous_day1,0.0,97.0,94.0,13.3,84.0,0.0,24.1,253.0
745336,2395,previous_day1,1.0,97.0,94.0,19.6,49.0,0.0,17.9,260.0
745337,2395,previous_day1,0.0,97.0,94.0,15.4,64.0,0.0,28.1,291.0
745338,2395,previous_day1,1.0,97.0,94.0,14.4,78.0,0.0,23.4,270.0
745339,2395,previous_day1,1.0,97.0,94.0,18.5,64.0,0.0,23.5,249.0
745340,2395,previous_day1,0.0,97.0,94.0,16.7,55.0,0.0,18.4,276.0
745341,2395,previous_day1,0.0,97.0,94.0,12.5,92.0,0.0,22.4,265.0
745342,2395,previous_day1,0.0,97.0,94.0,12.3,94.0,0.0,15.2,265.0
745343,2395,previous_day1,0.0,97.0,94.0,11.2,100.0,0.0,13.7,268.0
745344,2395,previous_day1,1.0,97.0,94.0,16.6,65.0,0.0,27.1,281.0
745345,2395,previous_day1,1.0,97.0,94.0,14.5,81.0,0.0,18.0,270.0
745346,2395,previous_day1,1.0,97.0,94.0,14.4,73.0,0.0,2.0,225.0
745347,2395,previous_day1,0.0,97.0,94.0,13.0,68.0,0.0,28.4,306.0
745348,2395,previous_day1,0.0,97.0,94.0,12.7,78.0,0.0,24.0,237.0
745349,2395,previous_day1,1.0,97.0,94.0,20.3,52.0,0.0,21.0,301.0
745350,2395,previous_day1,0.0,97.0,94.0,13.8,69.0,0.0,28.3,297.0
745351,2395,previous_day1,0.0,97.0,94.0,12.1,89.0,0.0,29.8,252.0
745352,2395,previous_day1,0.0,97.0,94.0,10.8,94.0,0.0,19.1,270.0
745353,2395,previous_day1,1.0,97.0,94.0,20.8,48.0,0.0,11.6,265.0
745354,2395,previous_day1,1.0,97.0,94.0,16.1,60.0,0.0,23.9,286.0
745355,2395,previous_day1,1.0,97.0,94.0,23.7,51.0,0.0,3.5,336.0
745356,2395,previous_day1,0.0,97.0,94.0,13.2,82.0,0.0,15.5,267.0
745357,2395,previous_day1,0.0,97.0,94.0,15.8,66.0,0.0,20.2,275.0
745358,2680,previous_day1,1.0,95.0,90.0,,,,,
745359,2395,previous_day1,0.0,97.0,94.0,12.2,58.0,0.0,18.1,287.0
745360,2680,previous_day1,0.0,95.0,90.0,,,,,
745361,2395,previous_day1,1.0,97.0,94.0,10.8,68.0,0.0,22.9,298.0
745362,2395,previous_day1,1.0,97.0,94.0,14.2,61.0,0.0,16.1,309.0
745363,2395,previous_day1,0.0,97.0,94.0,16.8,56.0,0.0,19.3,303.0
745364,2680,previous_day1,0.0,95.0,90.0,,,,,
745365,2680,previous_day1,1.0,95.0,90.0,,,,,
745366,2680,previous_day1,0.0,95.0,90.0,,,,,
745367,2680,previous_day1,0.0,95.0,90.0,,,,,
745368,2680,previous_day1,1.0,95.0,90.0,,,,,
745369,2680,previous_day1,0.0,95.0,90.0,,,,,
745370,2680,previous_day1,0.0,95.0,90.0,,,,,
745371,2680,previous_day1,0.0,95.0,90.0,,,,,
745372,2680,previous_day1,0.0,95.0,90.0,,,,,
745373,2680,previous_day1,1.0,95.0,90.0,,,,,
745374,2680,previous_day1,0.0,95.0,90.0,,,,,
745375,2680,previous_day1,1.0,95.0,90.0,,,,,
745376,2680,previous_day1,1.0,95.0,90.0,,,,,
745377,2680,previous_day1,0.0,95.0,90.0,,,,,
745378,2680,previous_day1,0.0,95.0,90.0,,,,,
745379,2680,previous_day1,0.0,95.0,90.0,,,,,
745380,2680,previous_day1,0.0,95.0,90.0,,,,,
745381,2680,previous_day1,1.0,95.0,90.0,,,,,
745382,2680,previous_day1,0.0,95.0,90.0,,,,,
745383,2680,previous_day1,0.0,95.0,90.0,,,,,
745384,2680,previous_day1,1.0,95.0,90.0,,,,,
745385,2680,previous_day1,1.0,95.0,90.0,,,,,
745386,2680,previous_day1,0.0,95.0,90.0,,,,,
745387,2680,previous_day1,0.0,95.0,90.0,,,,,
745388,2680,previous_day1,0.0,95.0,90.0,,,,,
745389,2680,previous_day1,0.0,95.0,90.0,,,,,
745390,2680,previous_day1,0.0,95.0,90.0,,,,,
745391,2680,previous_day1,1.0,95.0,90.0,,,,,
745392,2680,previous_day1,1.0,95.0,90.0,,,,,
745393,2680,previous_day1,0.0,95.0,90.0,,,,,
745394,2680,previous_day1,1.0,95.0,90.0,,,,,
745395,2680,previous_day1,0.0,95.0,90.0,,,,,
745396,2680,previous_day1,1.0,95.0,90.0,,,,,
745397,2680,previous_day1,0.0,95.0,90.0,,,,,
745398,2680,previous_day1,0.0,95.0,90.0,,,,,
745399,2680,previous_day1,0.0,95.0,90.0,,,,,
745400,2680,previous_day1,1.0,95.0,90.0,,,,,
745401,2680,previous_day1,0.0,95.0,90.0,,,,,
745402,2680,previous_day1,1.0,95.0,90.0,,,,,
745403,2680,previous_day1,0.0,95.0,90.0,,,,,
745404,2680,previous_day1,0.0,95.0,90.0,,,,,
745405,2680,previous_day1,1.0,95.0,90.0,,,,,
745406,2680,previous_day1,0.0,95.0,90.0,,,,,
745407,2680,previous_day1,1.0,95.0,90.0,,,,,
745408,2680,previous_day1,0.0,95.0,90.0,,,,,
745409,2680,previous_day1,0.0,95.0,90.0,,,,,
745410,2680,previous_day1,0.0,95.0,90.0,,,,,
745411,2680,previous_day1,0.0,95.0,90.0,,,,,
745412,2680,previous_day1,0.0,95.0,90.0,,,,,
745413,2680,previous_day1,1.0,95.0,90.0,,,,,
745414,2680,previous_day1,1.0,95.0,90.0,,,,,
745415,2680,previous_day1,0.0,95.0,90.0,,,,,
745416,2680,previous_day1,1.0,95.0,90.0,,,,,
745417,2680,previous_day1,1.0,95.0,90.0,,,,,
745418,2680,previous_day1,0.0,95.0,90.0,,,,,
745419,2680,previous_day1,1.0,95.0,90.0,,,,,
745420,2680,previous_day1,0.0,95.0,90.0,,,,,
745421,2680,previous_day1,0.0,95.0,90.0,,,,,
745422,2680,previous_day1,0.0,95.0,90.0,,,,,
745423,2680,previous_day1,1.0,95.0,90.0,,,,,
745424,2680,previous_day1,0.0,95.0,90.0,,,,,
745425,2680,previous_day1,0.0,95.0,90.0,,,,,
745426,2680,previous_day1,0.0,95.0,90.0,,,,,
745427,2680,previous_day1,0.0,95.0,90.0,,,,,
745428,2680,previous_day1,1.0,95.0,90.0,,,,,
745429,2680,previous_day1,1.0,95.0,90.0,,,,,
745430,2680,previous_day1,0.0,95.0,90.0,,,,,
745431,2680,previous_day1,0.0,95.0,90.0,,,,,
745432,2680,previous_day1,0.0,95.0,90.0,,,,,
745433,2680,previous_day1,0.0,95.0,90.0,,,,,
745434,2680,previous_day1,1.0,95.0,90.0,,,,,
745435,2680,previous_day1,0.0,95.0,90.0,,,,,
745436,2680,previous_day1,1.0,95.0,90.0,,,,,
745437,2680,previous_day1,0.0,95.0,90.0,,,,,
745438,2680,previous_day1,1.0,95.0,90.0,,,,,
745439,2680,previous_day1,0.0,95.0,90.0,,,,,
745440,2680,previous_day1,1.0,95.0,90.0,,,,,
745441,31,previous_day1,0.0,101.0,102.0,,,,,
745442,31,previous_day1,0.0,101.0,102.0,,,,,
745443,31,previous_day1,1.0,101.0,102.0,,,,,
745444,5150,previous_day1,0.0,100.0,100.0,4.5,41.0,0.0,9.4,302.0
745445,2680,previous_day1,1.0,95.0,90.0,,,,,
745446,31,previous_day1,0.0,101.0,102.0,,,,,
745447,31,previous_day1,0.0,101.0,102.0,,,,,
745448,31,previous_day1,1.0,101.0,102.0,,,,,
745449,31,previous_day1,1.0,101.0,102.0,,,,,
745450,31,previous_day1,1.0,101.0,102.0,,,,,
745451,31,previous_day1,0.0,101.0,102.0,,,,,
745452,31,previous_day1,1.0,101.0,102.0,,,,,
745453,31,previous_day1,1.0,101.0,102.0,,,,,
745454,31,previous_day1,0.0,101.0,102.0,,,,,
745456,31,previous_day1,0.0,101.0,102.0,,,,,
745457,31,previous_day1,0.0,101.0,102.0,,,,,
745458,31,previous_day1,0.0,101.0,102.0,,,,,
745459,31,previous_day1,1.0,101.0,102.0,,,,,
745460,31,previous_day1,0.0,101.0,102.0,,,,,
745461,31,previous_day1,0.0,101.0,102.0,,,,,
745462,31,previous_day1,0.0,101.0,102.0,,,,,
745463,31,previous_day1,1.0,101.0,102.0,,,,,
745464,31,previous_day1,1.0,101.0,102.0,,,,,
745465,31,previous_day1,0.0,101.0,102.0,,,,,
745466,31,previous_day1,1.0,101.0,102.0,,,,,
745467,31,previous_day1,0.0,101.0,102.0,,,,,
745468,31,previous_day1,1.0,101.0,102.0,,,,,
745469,31,previous_day1,0.0,101.0,102.0,,,,,
745470,31,previous_day1,1.0,101.0,102.0,,,,,
745471,31,previous_day1,0.0,101.0,102.0,,,,,
745472,31,previous_day1,1.0,101.0,102.0,,,,,
745473,31,previous_day1,0.0,101.0,102.0,,,,,
745474,31,previous_day1,0.0,101.0,102.0,,,,,
745475,31,previous_day1,0.0,101.0,102.0,,,,,
745476,31,previous_day1,1.0,101.0,102.0,,,,,
745477,31,previous_day1,1.0,101.0,102.0,,,,,
745478,31,previous_day1,0.0,101.0,102.0,,,,,
745479,31,previous_day1,0.0,101.0,102.0,,,,,
745480,31,previous_day1,1.0,101.0,102.0,,,,,
745481,31,previous_day1,0.0,101.0,102.0,,,,,
745482,31,previous_day1,0.0,101.0,102.0,,,,,
745483,31,previous_day1,0.0,101.0,102.0,,,,,
745484,31,previous_day1,1.0,101.0,102.0,,,,,
745485,31,previous_day1,1.0,101.0,102.0,,,,,
745486,31,previous_day1,1.0,101.0,102.0,,,,,
745487,31,previous_day1,0.0,101.0,102.0,,,,,
745488,31,previous_day1,0.0,101.0,102.0,,,,,
745489,31,previous_day1,1.0,101.0,102.0,,,,,
745490,31,previous_day1,0.0,101.0,102.0,,,,,
745491,31,previous_day1,1.0,101.0,102.0,,,,,
745492,31,previous_day1,1.0,101.0,102.0,,,,,
745493,31,previous_day1,1.0,101.0,102.0,,,,,
745494,31,previous_day1,0.0,101.0,102.0,,,,,
745495,31,previous_day1,0.0,101.0,102.0,,,,,
745496,31,previous_day1,0.0,101.0,102.0,,,,,
745497,31,previous_day1,0.0,101.0,102.0,,,,,
745498,31,previous_day1,1.0,101.0,102.0,,,,,
745499,31,previous_day1,1.0,101.0,102.0,,,,,
745500,31,previous_day1,1.0,101.0,102.0,,,,,
745501,31,previous_day1,0.0,101.0,102.0,,,,,
745502,31,previous_day1,0.0,101.0,102.0,,,,,
745503,31,previous_day1,0.0,101.0,102.0,,,,,
745504,31,previous_day1,1.0,101.0,102.0,,,,,
745505,31,previous_day1,1.0,101.0,102.0,,,,,
745506,31,previous_day1,0.0,101.0,102.0,,,,,
745507,31,previous_day1,1.0,101.0,102.0,,,,,
745508,31,previous_day1,0.0,101.0,102.0,,,,,
745509,31,previous_day1,0.0,101.0,102.0,,,,,
745510,31,previous_day1,0.0,101.0,102.0,,,,,
745511,31,previous_day1,1.0,101.0,102.0,,,,,
745512,31,previous_day1,1.0,101.0,102.0,,,,,
745513,31,previous_day1,0.0,101.0,102.0,,,,,
745514,31,previous_day1,1.0,101.0,102.0,,,,,
745515,31,previous_day1,1.0,101.0,102.0,,,,,
745516,31,previous_day1,0.0,101.0,102.0,,,,,
745517,31,previous_day1,1.0,101.0,102.0,,,,,
745518,31,previous_day1,0.0,101.0,102.0,,,,,
745519,31,previous_day1,0.0,101.0,102.0,,,,,
745520,31,previous_day1,0.0,101.0,102.0,,,,,
745521,2681,previous_day1,0.0,101.0,102.0,20.4,85.0,0.0,10.8,92.0
745522,31,previous_day1,1.0,101.0,102.0,,,,,
745523,31,previous_day1,1.0,101.0,102.0,,,,,
745524,31,previous_day1,1.0,101.0,102.0,,,,,
745525,2681,previous_day1,0.0,101.0,102.0,25.6,46.0,0.0,14.1,140.0
745526,2681,previous_day1,0.0,101.0,102.0,19.7,63.0,0.0,11.9,87.0
745527,2681,previous_day1,0.0,101.0,102.0,17.6,71.0,0.4,12.8,74.0
745528,2681,previous_day1,1.0,101.0,102.0,30.2,33.0,0.0,15.3,82.0
745529,2681,previous_day1,0.0,101.0,102.0,26.5,49.0,0.0,8.9,117.0
745530,2681,previous_day1,1.0,101.0,102.0,27.2,49.0,0.0,18.1,69.0
745531,2681,previous_day1,0.0,101.0,102.0,23.5,70.0,0.0,17.8,82.0
745532,2681,previous_day1,0.0,101.0,102.0,27.5,62.0,0.0,11.9,185.0
745533,2681,previous_day1,0.0,101.0,102.0,21.7,89.0,1.1,6.5,84.0
745534,2681,previous_day1,0.0,101.0,102.0,22.6,25.0,0.0,9.0,241.0
745535,2681,previous_day1,0.0,101.0,102.0,24.6,38.0,0.0,7.9,357.0
745536,2681,previous_day1,0.0,101.0,102.0,28.7,59.0,0.0,10.4,214.0
745537,2681,previous_day1,0.0,101.0,102.0,22.6,71.0,0.0,8.2,128.0
745538,2681,previous_day1,0.0,101.0,102.0,29.8,46.0,0.0,7.9,360.0
745539,2681,previous_day1,1.0,101.0,102.0,22.9,93.0,25.9,19.2,113.0
745540,2681,previous_day1,0.0,101.0,102.0,30.5,36.0,0.0,5.8,248.0
745541,2681,previous_day1,1.0,101.0,102.0,35.9,42.0,0.0,13.0,270.0
745542,2681,previous_day1,0.0,101.0,102.0,29.7,39.0,0.0,14.4,177.0
745543,2681,previous_day1,1.0,101.0,102.0,28.1,79.0,0.0,11.0,203.0
745544,2681,previous_day1,0.0,101.0,102.0,28.6,29.0,0.0,10.2,328.0
745545,2681,previous_day1,0.0,101.0,102.0,28.8,39.0,0.0,13.5,279.0
745546,2681,previous_day1,0.0,101.0,102.0,27.7,63.0,0.0,21.5,149.0
745547,2681,previous_day1,0.0,101.0,102.0,30.1,51.0,0.0,18.1,163.0
745548,2681,previous_day1,0.0,101.0,102.0,25.8,47.0,0.0,9.9,303.0
745549,2681,previous_day1,1.0,101.0,102.0,27.7,81.0,0.0,1.3,34.0
745550,2681,previous_day1,1.0,101.0,102.0,32.8,28.0,0.0,5.0,300.0
745551,2681,previous_day1,1.0,101.0,102.0,34.6,44.0,0.0,12.1,207.0
745552,2681,previous_day1,0.0,101.0,102.0,27.0,82.0,0.0,10.7,135.0
745553,2681,previous_day1,0.0,101.0,102.0,31.4,26.0,0.0,5.9,223.0
745554,2681,previous_day1,0.0,101.0,102.0,28.4,32.0,0.0,8.5,324.0
745555,2681,previous_day1,1.0,101.0,102.0,28.5,84.0,0.0,10.5,196.0
745556,2681,previous_day1,0.0,101.0,102.0,30.0,62.0,0.0,26.6,155.0
745557,2681,previous_day1,0.0,101.0,102.0,30.5,67.0,0.0,15.0,69.0
745558,2681,previous_day1,0.0,101.0,102.0,31.0,45.0,0.0,13.9,260.0
745559,2681,previous_day1,1.0,101.0,102.0,30.1,59.0,0.0,24.9,166.0
745560,2681,previous_day1,0.0,101.0,102.0,26.0,44.0,0.0,18.5,123.0
745561,2681,previous_day1,1.0,101.0,102.0,31.7,39.0,0.0,11.2,182.0
745562,2681,previous_day1,0.0,101.0,102.0,33.6,35.0,0.0,13.6,202.0
745563,2681,previous_day1,0.0,101.0,102.0,30.2,45.0,0.0,17.4,167.0
745564,2681,previous_day1,1.0,101.0,102.0,37.8,29.0,0.0,14.8,209.0
745565,2681,previous_day1,0.0,101.0,102.0,29.0,37.0,0.0,12.0,261.0
745566,2681,previous_day1,1.0,101.0,102.0,34.5,44.0,0.0,22.5,212.0
745567,2681,previous_day1,0.0,101.0,102.0,28.5,43.0,0.0,18.0,154.0
745568,2681,previous_day1,0.0,101.0,102.0,26.3,47.0,0.0,16.6,124.0
745569,2681,previous_day1,0.0,101.0,102.0,30.0,35.0,0.0,7.6,95.0
745570,2681,previous_day1,1.0,101.0,102.0,29.7,50.0,0.0,17.7,141.0
745571,5381,previous_day1,1.0,99.0,98.0,,,,,
745572,2681,previous_day1,0.0,101.0,102.0,29.3,24.0,0.0,14.9,195.0
745573,2681,previous_day1,1.0,101.0,102.0,26.1,56.0,0.0,5.2,16.0
745574,2681,previous_day1,0.0,101.0,102.0,23.1,29.0,0.0,16.6,312.0
745575,2681,previous_day1,0.0,101.0,102.0,27.5,22.0,0.0,10.8,233.0
745576,2681,previous_day1,0.0,101.0,102.0,27.7,55.0,0.0,17.5,166.0
745577,2681,previous_day1,1.0,101.0,102.0,20.9,69.0,0.0,12.0,46.0
745578,2681,previous_day1,0.0,101.0,102.0,26.9,50.0,0.0,12.6,204.0
745579,2681,previous_day1,0.0,101.0,102.0,21.1,58.0,0.0,10.2,113.0
745580,2681,previous_day1,0.0,101.0,102.0,15.5,90.0,0.0,16.9,16.0
745581,2681,previous_day1,0.0,101.0,102.0,21.3,63.0,0.0,5.7,325.0
745582,2681,previous_day1,0.0,101.0,102.0,15.0,88.0,0.0,13.7,27.0
745583,2681,previous_day1,0.0,101.0,102.0,14.2,63.0,0.0,15.5,103.0
745584,2681,previous_day1,1.0,101.0,102.0,27.0,65.0,0.0,18.2,231.0
745585,2681,previous_day1,1.0,101.0,102.0,21.0,85.0,0.0,5.5,281.0
745586,2681,previous_day1,0.0,101.0,102.0,22.8,72.0,0.0,10.8,201.0
745587,2681,previous_day1,0.0,101.0,102.0,16.2,91.0,0.7,12.0,139.0
745588,2681,previous_day1,1.0,101.0,102.0,12.7,36.0,0.0,13.8,255.0
745589,2681,previous_day1,0.0,101.0,102.0,13.2,73.0,0.0,17.9,80.0
745590,2681,previous_day1,0.0,101.0,102.0,18.0,27.0,0.0,24.5,267.0
745591,2681,previous_day1,0.0,101.0,102.0,14.7,92.0,0.0,11.3,99.0
745592,2681,previous_day1,0.0,101.0,102.0,14.2,61.0,0.0,14.3,133.0
745593,2681,previous_day1,0.0,101.0,102.0,21.3,27.0,0.0,8.4,329.0
745594,2681,previous_day1,1.0,101.0,102.0,11.7,55.0,0.0,32.9,275.0
745595,2681,previous_day1,1.0,101.0,102.0,22.5,28.0,0.0,30.8,204.0
745596,2681,previous_day1,0.0,101.0,102.0,12.6,77.0,0.0,18.5,204.0
745597,2681,previous_day1,0.0,101.0,102.0,24.4,35.0,0.0,16.2,323.0
745598,2681,previous_day1,0.0,101.0,102.0,7.7,93.0,0.0,17.6,67.0
745599,2681,previous_day1,1.0,101.0,102.0,15.2,38.0,0.0,18.0,258.0
745600,2681,previous_day1,0.0,101.0,102.0,10.7,92.0,0.0,5.5,122.0
745601,2681,previous_day1,0.0,101.0,102.0,17.2,84.0,0.0,22.4,143.0
745602,2681,previous_day1,1.0,101.0,102.0,14.4,59.0,0.0,12.6,257.0
745603,2681,previous_day1,1.0,101.0,102.0,9.8,94.0,0.0,28.2,65.0
745605,10,previous_day1,0.0,96.0,92.0,,,,,
745606,10,previous_day1,0.0,96.0,92.0,,,,,
745607,10,previous_day1,0.0,96.0,92.0,,,,,
745608,10,previous_day1,1.0,96.0,92.0,,,,,
745609,10,previous_day1,1.0,96.0,92.0,,,,,
745610,10,previous_day1,0.0,96.0,92.0,,,,,
745611,10,previous_day1,0.0,96.0,92.0,,,,,
745612,10,previous_day1,1.0,96.0,92.0,,,,,
745613,10,previous_day1,1.0,96.0,92.0,,,,,
745614,10,previous_day1,0.0,96.0,92.0,,,,,
745615,10,previous_day1,0.0,96.0,92.0,,,,,
745616,10,previous_day1,1.0,96.0,92.0,,,,,
745617,10,previous_day1,1.0,96.0,92.0,,,,,
745618,10,previous_day1,1.0,96.0,92.0,,,,,
745619,10,previous_day1,1.0,96.0,92.0,,,,,
745620,10,previous_day1,0.0,96.0,92.0,,,,,
745621,10,previous_day1,1.0,96.0,92.0,,,,,
745622,10,previous_day1,0.0,96.0,92.0,,,,,
745623,10,previous_day1,1.0,96.0,92.0,,,,,
745624,10,previous_day1,0.0,96.0,92.0,,,,,
745625,10,previous_day1,0.0,96.0,92.0,,,,,
745626,10,previous_day1,1.0,96.0,92.0,,,,,
745627,10,previous_day1,1.0,96.0,92.0,,,,,
745628,10,previous_day1,0.0,96.0,92.0,,,,,
745629,10,previous_day1,0.0,96.0,92.0,,,,,
745630,10,previous_day1,1.0,96.0,92.0,,,,,
745631,10,previous_day1,0.0,96.0,92.0,,,,,
745632,10,previous_day1,0.0,96.0,92.0,,,,,
745633,10,previous_day1,1.0,96.0,92.0,,,,,
745634,10,previous_day1,1.0,96.0,92.0,,,,,
745635,10,previous_day1,0.0,96.0,92.0,,,,,
745636,10,previous_day1,0.0,96.0,92.0,,,,,
745637,10,previous_day1,1.0,96.0,92.0,,,,,
745638,10,previous_day1,1.0,96.0,92.0,,,,,
745639,10,previous_day1,0.0,96.0,92.0,,,,,
745640,10,previous_day1,0.0,96.0,92.0,,,,,
745641,10,previous_day1,1.0,96.0,92.0,,,,,
745642,10,previous_day1,1.0,96.0,92.0,,,,,
745643,10,previous_day1,0.0,96.0,92.0,,,,,
745644,10,previous_day1,1.0,96.0,92.0,,,,,
745645,10,previous_day1,1.0,96.0,92.0,,,,,
745646,10,previous_day1,0.0,96.0,92.0,,,,,
745647,10,previous_day1,0.0,96.0,92.0,,,,,
745648,10,previous_day1,1.0,96.0,92.0,,,,,
745649,10,previous_day1,0.0,96.0,92.0,,,,,
745650,10,previous_day1,0.0,96.0,92.0,,,,,
745651,10,previous_day1,1.0,96.0,92.0,,,,,
745652,10,previous_day1,1.0,96.0,92.0,,,,,
745653,10,previous_day1,1.0,96.0,92.0,,,,,
745654,10,previous_day1,0.0,96.0,92.0,,,,,
745655,10,previous_day1,0.0,96.0,92.0,,,,,
745656,10,previous_day1,0.0,96.0,92.0,,,,,
745657,10,previous_day1,1.0,96.0,92.0,,,,,
745658,10,previous_day1,1.0,96.0,92.0,,,,,
745659,10,previous_day1,1.0,96.0,92.0,,,,,
745660,10,previous_day1,1.0,96.0,92.0,,,,,
745661,10,previous_day1,0.0,96.0,92.0,,,,,
745662,10,previous_day1,0.0,96.0,92.0,,,,,
745663,10,previous_day1,0.0,96.0,92.0,,,,,
745664,10,previous_day1,1.0,96.0,92.0,,,,,
745665,10,previous_day1,0.0,96.0,92.0,,,,,
745666,10,previous_day1,1.0,96.0,92.0,,,,,
745667,10,previous_day1,1.0,96.0,92.0,,,,,
745668,10,previous_day1,1.0,96.0,92.0,,,,,
745669,10,previous_day1,0.0,96.0,92.0,,,,,
745670,10,previous_day1,1.0,96.0,92.0,,,,,
745671,10,previous_day1,1.0,96.0,92.0,,,,,
745672,10,previous_day1,0.0,96.0,92.0,,,,,
745673,10,previous_day1,0.0,96.0,92.0,,,,,
745674,10,previous_day1,0.0,96.0,92.0,,,,,
745675,10,previous_day1,0.0,96.0,92.0,,,,,
745676,10,previous_day1,1.0,96.0,92.0,,,,,
745677,10,previous_day1,0.0,96.0,92.0,,,,,
745678,10,previous_day1,1.0,96.0,92.0,,,,,
745679,10,previous_day1,0.0,96.0,92.0,,,,,
745680,10,previous_day1,0.0,96.0,92.0,,,,,
745681,10,previous_day1,1.0,96.0,92.0,,,,,
745682,10,previous_day1,0.0,96.0,92.0,,,,,
745683,10,previous_day1,1.0,96.0,92.0,,,,,
745684,10,previous_day1,1.0,96.0,92.0,,,,,
745685,3313,previous_day1,1.0,98.0,96.0,,,,,
745686,3313,previous_day1,1.0,98.0,96.0,,,,,
745687,10,previous_day1,0.0,96.0,92.0,,,,,
745688,3313,previous_day1,0.0,98.0,96.0,,,,,
745689,3313,previous_day1,1.0,98.0,96.0,,,,,
745690,3313,previous_day1,0.0,98.0,96.0,,,,,
745691,3313,previous_day1,0.0,98.0,96.0,,,,,
745692,3313,previous_day1,0.0,98.0,96.0,,,,,
745693,3313,previous_day1,1.0,98.0,96.0,,,,,
745694,3313,previous_day1,0.0,98.0,96.0,,,,,
745695,3313,previous_day1,0.0,98.0,96.0,,,,,
745696,3313,previous_day1,0.0,98.0,96.0,,,,,
745697,3313,previous_day1,0.0,98.0,96.0,,,,,
745698,3313,previous_day1,0.0,98.0,96.0,,,,,
745699,3313,previous_day1,1.0,98.0,96.0,,,,,
745700,3313,previous_day1,0.0,98.0,96.0,,,,,
745701,3313,previous_day1,1.0,98.0,96.0,,,,,
745702,3313,previous_day1,0.0,98.0,96.0,,,,,
745703,3313,previous_day1,1.0,98.0,96.0,,,,,
745704,3313,previous_day1,0.0,98.0,96.0,,,,,
745705,3313,previous_day1,1.0,98.0,96.0,,,,,
745706,3313,previous_day1,1.0,98.0,96.0,,,,,
745707,3313,previous_day1,0.0,98.0,96.0,,,,,
745709,3313,previous_day1,1.0,98.0,96.0,,,,,
745710,3313,previous_day1,0.0,98.0,96.0,,,,,
745711,3313,previous_day1,1.0,98.0,96.0,,,,,
745712,3313,previous_day1,1.0,98.0,96.0,,,,,
745714,3313,previous_day1,1.0,98.0,96.0,,,,,
745715,3313,previous_day1,0.0,98.0,96.0,,,,,
745716,3313,previous_day1,0.0,98.0,96.0,,,,,
745717,3313,previous_day1,1.0,98.0,96.0,,,,,
745718,3313,previous_day1,1.0,98.0,96.0,,,,,
745719,3313,previous_day1,0.0,98.0,96.0,,,,,
745720,3313,previous_day1,1.0,98.0,96.0,,,,,
745721,3313,previous_day1,0.0,98.0,96.0,,,,,
745722,3313,previous_day1,1.0,98.0,96.0,,,,,
745723,3313,previous_day1,0.0,98.0,96.0,,,,,
745724,3313,previous_day1,1.0,98.0,96.0,,,,,
745725,3313,previous_day1,0.0,98.0,96.0,,,,,
745726,3313,previous_day1,1.0,98.0,96.0,,,,,
745727,3313,previous_day1,1.0,98.0,96.0,,,,,
745728,3313,previous_day1,0.0,98.0,96.0,,,,,
745729,3313,previous_day1,0.0,98.0,96.0,,,,,
745730,3313,previous_day1,0.0,98.0,96.0,,,,,
745731,3313,previous_day1,0.0,98.0,96.0,,,,,
745732,3313,previous_day1,0.0,98.0,96.0,,,,,
745733,3313,previous_day1,0.0,98.0,96.0,,,,,
745734,3313,previous_day1,1.0,98.0,96.0,,,,,
745735,3313,previous_day1,0.0,98.0,96.0,,,,,
745736,3313,previous_day1,0.0,98.0,96.0,,,,,
745737,3313,previous_day1,0.0,98.0,96.0,,,,,
745738,3313,previous_day1,0.0,98.0,96.0,,,,,
745739,3313,previous_day1,0.0,98.0,96.0,,,,,
745740,3313,previous_day1,0.0,98.0,96.0,,,,,
745741,3313,previous_day1,1.0,98.0,96.0,,,,,
745742,3313,previous_day1,0.0,98.0,96.0,,,,,
745743,3313,previous_day1,0.0,98.0,96.0,,,,,
745744,3313,previous_day1,1.0,98.0,96.0,,,,,
745745,3313,previous_day1,1.0,98.0,96.0,,,,,
745746,3313,previous_day1,0.0,98.0,96.0,,,,,
745747,3313,previous_day1,0.0,98.0,96.0,,,,,
745748,3313,previous_day1,0.0,98.0,96.0,,,,,
745749,3313,previous_day1,0.0,98.0,96.0,,,,,
745750,3313,previous_day1,1.0,98.0,96.0,,,,,
745751,3313,previous_day1,1.0,98.0,96.0,,,,,
745752,3313,previous_day1,0.0,98.0,96.0,,,,,
745753,3313,previous_day1,0.0,98.0,96.0,,,,,
745754,3313,previous_day1,0.0,98.0,96.0,,,,,
745755,3313,previous_day1,0.0,98.0,96.0,,,,,
745756,3313,previous_day1,0.0,98.0,96.0,,,,,
745757,3313,previous_day1,1.0,98.0,96.0,,,,,
745758,3313,previous_day1,0.0,98.0,96.0,,,,,
745759,3313,previous_day1,1.0,98.0,96.0,,,,,
745760,3313,previous_day1,1.0,98.0,96.0,,,,,
745761,3313,previous_day1,0.0,98.0,96.0,,,,,
745762,3313,previous_day1,0.0,98.0,96.0,,,,,
745763,3313,previous_day1,0.0,98.0,96.0,,,,,
745764,3313,previous_day1,1.0,98.0,96.0,,,,,
745765,3313,previous_day1,1.0,98.0,96.0,,,,,
745766,3313,previous_day1,0.0,98.0,96.0,,,,,
745767,3289,previous_day1,0.0,96.0,92.0,19.6,53.0,0.0,6.9,62.0
745768,3289,previous_day1,1.0,96.0,92.0,22.5,57.0,0.0,17.5,37.0
745769,3289,previous_day1,0.0,96.0,92.0,24.1,61.0,0.0,7.3,11.0
745770,3289,previous_day1,0.0,96.0,92.0,22.1,58.0,0.0,10.2,42.0
745771,3289,previous_day1,0.0,96.0,92.0,21.3,73.0,0.0,10.4,34.0
745772,3289,previous_day1,0.0,96.0,92.0,21.7,72.0,0.0,8.3,95.0
745773,3289,previous_day1,0.0,96.0,92.0,20.7,72.0,0.0,10.3,119.0
745774,3289,previous_day1,1.0,96.0,92.0,18.9,40.0,0.0,20.8,284.0
745775,3289,previous_day1,1.0,96.0,92.0,22.8,78.0,0.0,26.4,151.0
745776,3289,previous_day1,0.0,96.0,92.0,21.2,45.0,0.0,8.9,148.0
745777,3289,previous_day1,0.0,96.0,92.0,22.3,80.0,0.0,6.7,106.0
745778,3289,previous_day1,0.0,96.0,92.0,21.5,31.0,0.0,3.2,153.0
745779,3289,previous_day1,0.0,96.0,92.0,22.9,35.0,0.0,12.9,300.0
745780,3289,previous_day1,0.0,96.0,92.0,22.1,83.0,0.0,13.2,292.0
745781,3289,previous_day1,1.0,96.0,92.0,20.2,52.0,0.0,17.4,297.0
745782,3289,previous_day1,0.0,96.0,92.0,16.7,67.0,0.0,7.6,301.0
745783,3289,previous_day1,1.0,96.0,92.0,28.8,47.0,0.0,5.8,7.0
745784,3289,previous_day1,0.0,96.0,92.0,25.7,60.0,0.0,15.4,159.0
745785,3289,previous_day1,1.0,96.0,92.0,26.0,60.0,0.0,20.3,147.0
745786,3289,previous_day1,1.0,96.0,92.0,24.8,83.0,0.0,14.6,147.0
745787,3289,previous_day1,0.0,96.0,92.0,25.8,75.0,0.0,29.1,168.0
745788,3289,previous_day1,0.0,96.0,92.0,25.5,46.0,0.0,8.3,360.0
745789,3289,previous_day1,1.0,96.0,92.0,29.2,68.0,0.0,18.1,174.0
745790,3289,previous_day1,0.0,96.0,92.0,27.6,42.0,0.0,7.1,45.0
745791,3289,previous_day1,0.0,96.0,92.0,22.4,87.0,21.2,16.6,333.0
745792,3289,previous_day1,0.0,96.0,92.0,28.4,29.0,0.0,11.1,299.0
745793,3289,previous_day1,1.0,96.0,92.0,30.8,30.0,0.0,10.9,17.0
745794,3289,previous_day1,0.0,96.0,92.0,29.2,41.0,0.0,13.5,316.0
745795,3289,previous_day1,1.0,96.0,92.0,32.2,25.0,0.0,12.9,18.0
745796,3289,previous_day1,0.0,96.0,92.0,26.0,78.0,0.0,30.5,168.0
745797,3289,previous_day1,1.0,96.0,92.0,33.6,45.0,0.0,16.5,170.0
745798,3289,previous_day1,1.0,96.0,92.0,26.4,88.0,0.0,7.9,183.0
745799,3289,previous_day1,1.0,96.0,92.0,32.4,38.0,0.0,23.7,206.0
745800,3289,previous_day1,0.0,96.0,92.0,25.5,88.0,0.0,18.3,158.0
745801,3289,previous_day1,1.0,96.0,92.0,25.9,69.0,0.0,29.4,163.0
745802,3289,previous_day1,1.0,96.0,92.0,26.6,78.0,0.0,15.6,230.0
745803,3289,previous_day1,0.0,96.0,92.0,27.1,78.0,0.0,19.0,155.0
745804,3289,previous_day1,0.0,96.0,92.0,21.0,51.0,0.0,19.2,152.0
745805,3289,previous_day1,1.0,96.0,92.0,26.3,30.0,0.0,19.2,355.0
745806,3289,previous_day1,0.0,96.0,92.0,27.3,44.0,0.0,19.4,162.0
745807,3289,previous_day1,1.0,96.0,92.0,24.1,37.0,0.0,11.4,11.0
745808,3289,previous_day1,0.0,96.0,92.0,28.0,61.0,0.0,21.8,158.0
745809,3289,previous_day1,0.0,96.0,92.0,23.7,56.0,0.0,23.5,159.0
745810,3289,previous_day1,0.0,96.0,92.0,21.2,94.0,5.0,16.0,14.0
745811,3289,previous_day1,0.0,96.0,92.0,22.0,63.0,0.0,18.4,169.0
745812,3289,previous_day1,1.0,96.0,92.0,28.8,25.0,0.0,8.8,341.0
745813,3289,previous_day1,1.0,96.0,92.0,29.9,27.0,0.0,19.5,178.0
745814,5381,previous_day1,0.0,99.0,98.0,,,,,
745815,3289,previous_day1,0.0,96.0,92.0,20.1,66.0,0.0,13.6,168.0
745817,3289,previous_day1,1.0,96.0,92.0,25.1,42.0,0.0,7.9,246.0
745818,3289,previous_day1,1.0,96.0,92.0,25.9,42.0,0.0,24.8,253.0
745819,3289,previous_day1,0.0,96.0,92.0,17.0,61.0,0.4,11.9,299.0
745820,3289,previous_day1,0.0,96.0,92.0,22.6,31.0,0.0,15.6,299.0
745821,3289,previous_day1,1.0,96.0,92.0,20.7,67.0,0.0,17.4,173.0
745822,3289,previous_day1,0.0,96.0,92.0,27.8,25.0,0.0,12.8,286.0
745823,3289,previous_day1,1.0,96.0,92.0,27.6,36.0,0.0,10.9,134.0
745824,3289,previous_day1,1.0,96.0,92.0,28.0,54.0,0.0,8.9,133.0
745825,3289,previous_day1,0.0,96.0,92.0,10.9,77.0,0.0,7.1,210.0
745826,3289,previous_day1,0.0,96.0,92.0,14.6,73.0,0.0,17.8,159.0
745827,3289,previous_day1,0.0,96.0,92.0,9.6,91.0,1.1,7.9,74.0
745828,3289,previous_day1,1.0,96.0,92.0,14.0,61.0,0.0,14.5,153.0
745829,3289,previous_day1,0.0,96.0,92.0,13.6,84.0,0.0,16.6,156.0
745830,3289,previous_day1,1.0,96.0,92.0,20.8,71.0,0.0,8.7,187.0
745831,3289,previous_day1,0.0,96.0,92.0,12.3,85.0,0.0,11.0,23.0
745832,3289,previous_day1,0.0,96.0,92.0,16.8,93.0,0.4,20.7,141.0
745833,3289,previous_day1,1.0,96.0,92.0,13.9,31.0,0.0,23.1,159.0
745834,3289,previous_day1,1.0,96.0,92.0,17.6,87.0,0.0,3.7,241.0
745835,3289,previous_day1,0.0,96.0,92.0,10.1,45.0,0.0,15.8,150.0
745836,3289,previous_day1,1.0,96.0,92.0,13.5,56.0,1.8,13.2,133.0
745837,3289,previous_day1,0.0,96.0,92.0,18.3,29.0,0.0,10.7,327.0
745838,3289,previous_day1,0.0,96.0,92.0,12.6,75.0,0.0,18.7,208.0
745839,3289,previous_day1,1.0,96.0,92.0,8.2,76.0,0.1,24.8,261.0
745840,3289,previous_day1,0.0,96.0,92.0,21.5,38.0,0.0,6.3,283.0
745841,3289,previous_day1,1.0,96.0,92.0,18.5,40.0,0.0,21.2,179.0
745842,3289,previous_day1,0.0,96.0,92.0,9.9,91.0,0.0,5.8,176.0
745845,3289,previous_day1,1.0,96.0,92.0,14.9,45.0,0.0,24.1,279.0
745846,3312,previous_day1,1.0,100.0,100.0,28.2,26.0,0.0,14.3,115.0
745847,3312,previous_day1,0.0,100.0,100.0,25.2,40.0,0.0,7.6,352.0
745849,3312,previous_day1,0.0,100.0,100.0,26.6,34.0,0.0,7.5,17.0
745850,3289,previous_day1,1.0,96.0,92.0,11.7,41.0,0.0,23.9,277.0
745851,3312,previous_day1,0.0,100.0,100.0,20.2,52.0,0.0,6.6,338.0
745852,3312,previous_day1,1.0,100.0,100.0,27.7,58.0,0.0,19.6,194.0
745853,3312,previous_day1,0.0,100.0,100.0,23.5,40.0,0.0,8.6,147.0
745854,3312,previous_day1,0.0,100.0,100.0,23.4,40.0,0.0,7.3,281.0
745855,3312,previous_day1,0.0,100.0,100.0,25.9,40.0,0.0,8.0,144.0
745856,3312,previous_day1,0.0,100.0,100.0,24.1,48.0,0.0,8.7,197.0
745857,3312,previous_day1,0.0,100.0,100.0,29.0,39.0,0.0,11.7,189.0
745858,3312,previous_day1,0.0,100.0,100.0,23.3,78.0,0.0,11.9,145.0
745859,3312,previous_day1,0.0,100.0,100.0,28.2,43.0,0.0,21.3,259.0
745860,3312,previous_day1,0.0,100.0,100.0,25.1,47.0,0.0,9.4,176.0
745861,3312,previous_day1,1.0,100.0,100.0,20.2,44.0,0.0,21.3,349.0
745862,3312,previous_day1,0.0,100.0,100.0,24.0,48.0,0.0,11.9,256.0
745863,3312,previous_day1,1.0,100.0,100.0,30.3,65.0,0.0,14.8,137.0
745864,3312,previous_day1,0.0,100.0,100.0,21.3,85.0,0.0,10.3,331.0
745865,3312,previous_day1,0.0,100.0,100.0,31.1,65.0,0.0,9.3,28.0
745866,3312,previous_day1,0.0,100.0,100.0,23.5,65.0,0.0,9.0,95.0
745867,3312,previous_day1,0.0,100.0,100.0,26.6,43.0,0.0,8.5,168.0
745868,3312,previous_day1,0.0,100.0,100.0,29.3,44.0,0.0,12.9,153.0
745869,3312,previous_day1,1.0,100.0,100.0,27.1,49.0,0.0,18.5,159.0
745870,3312,previous_day1,0.0,100.0,100.0,24.7,70.0,0.0,6.0,163.0
745871,3312,previous_day1,0.0,100.0,100.0,18.4,51.0,0.0,18.8,306.0
745872,3312,previous_day1,1.0,100.0,100.0,23.9,37.0,0.0,6.4,317.0
745873,3312,previous_day1,0.0,100.0,100.0,21.5,47.0,0.0,15.3,313.0
745874,3312,previous_day1,0.0,100.0,100.0,26.0,37.0,0.0,4.7,212.0
745875,3312,previous_day1,0.0,100.0,100.0,28.5,54.0,0.0,10.7,320.0
745876,3312,previous_day1,0.0,100.0,100.0,30.6,43.0,0.0,13.0,178.0
745877,3312,previous_day1,1.0,100.0,100.0,23.0,70.0,0.0,10.0,60.0
745878,3312,previous_day1,0.0,100.0,100.0,23.4,67.0,0.0,11.3,31.0
745879,3312,previous_day1,1.0,100.0,100.0,25.8,74.0,0.0,13.9,31.0
745880,3312,previous_day1,0.0,100.0,100.0,30.5,34.0,0.0,9.7,45.0
745881,3312,previous_day1,0.0,100.0,100.0,25.3,73.0,0.0,7.5,215.0
745882,3312,previous_day1,1.0,100.0,100.0,25.4,77.0,0.0,7.3,327.0
745883,3312,previous_day1,1.0,100.0,100.0,24.2,67.0,0.0,13.8,221.0
745884,3312,previous_day1,0.0,100.0,100.0,22.2,72.0,0.0,4.5,29.0
745885,3312,previous_day1,1.0,100.0,100.0,25.5,56.0,0.0,10.9,226.0
745886,3312,previous_day1,0.0,100.0,100.0,21.9,84.0,0.0,6.0,213.0
745887,3312,previous_day1,0.0,100.0,100.0,21.5,55.0,0.0,10.3,25.0
745888,3312,previous_day1,0.0,100.0,100.0,26.9,45.0,0.0,16.6,266.0
745889,3312,previous_day1,1.0,100.0,100.0,16.2,89.0,0.0,14.1,84.0
745890,3312,previous_day1,1.0,100.0,100.0,22.6,80.0,0.0,7.4,129.0
745892,3312,previous_day1,0.0,100.0,100.0,26.6,32.0,0.0,3.1,339.0
745893,3312,previous_day1,0.0,100.0,100.0,25.5,79.0,0.0,18.5,187.0
745894,3312,previous_day1,0.0,100.0,100.0,26.1,28.0,0.0,14.0,312.0
745895,3312,previous_day1,1.0,100.0,100.0,27.3,78.0,0.0,15.9,175.0
745896,3312,previous_day1,1.0,100.0,100.0,28.9,40.0,0.0,24.6,162.0
745897,3312,previous_day1,0.0,100.0,100.0,22.7,29.0,0.0,10.0,139.0
745898,3312,previous_day1,1.0,100.0,100.0,22.4,49.0,0.0,20.3,167.0
745899,3312,previous_day1,0.0,100.0,100.0,25.8,36.0,0.0,19.6,290.0
745900,3312,previous_day1,0.0,100.0,100.0,20.7,40.0,0.0,10.0,165.0
745901,3312,previous_day1,1.0,100.0,100.0,20.9,51.0,0.0,24.5,220.0
745902,3312,previous_day1,1.0,100.0,100.0,19.4,52.0,0.0,26.1,79.0
745903,3312,previous_day1,0.0,100.0,100.0,15.4,63.0,0.0,13.7,358.0
745904,3312,previous_day1,1.0,100.0,100.0,15.2,83.0,0.0,12.6,358.0
745905,3312,previous_day1,0.0,100.0,100.0,16.7,70.0,0.0,24.5,253.0
745906,3312,previous_day1,0.0,100.0,100.0,22.2,34.0,0.0,13.6,53.0
745907,3312,previous_day1,1.0,100.0,100.0,16.3,80.0,0.0,18.8,267.0
745908,3312,previous_day1,0.0,100.0,100.0,21.9,31.0,0.0,17.1,152.0
745909,3312,previous_day1,0.0,100.0,100.0,21.2,31.0,0.0,10.9,84.0
745910,3312,previous_day1,1.0,100.0,100.0,14.8,49.0,0.0,19.2,17.0
745911,3312,previous_day1,1.0,100.0,100.0,9.5,92.0,0.0,17.9,322.0
745912,3312,previous_day1,0.0,100.0,100.0,21.3,31.0,0.0,20.4,126.0
745913,3312,previous_day1,1.0,100.0,100.0,17.1,45.0,0.0,2.1,149.0
745914,3312,previous_day1,0.0,100.0,100.0,17.1,68.0,0.0,5.6,195.0
745915,3312,previous_day1,0.0,100.0,100.0,17.1,75.0,0.0,6.1,225.0
745916,3312,previous_day1,0.0,100.0,100.0,19.5,36.0,0.0,20.9,272.0
745917,3312,previous_day1,0.0,100.0,100.0,9.7,71.0,0.0,24.2,15.0
745918,3312,previous_day1,1.0,100.0,100.0,16.6,43.0,0.0,20.1,151.0
745919,3312,previous_day1,0.0,100.0,100.0,14.7,35.0,0.0,8.0,188.0
745920,3312,previous_day1,1.0,100.0,100.0,14.6,26.0,0.0,21.1,295.0
745921,3312,previous_day1,1.0,100.0,100.0,3.1,62.0,0.0,21.8,301.0
745922,3312,previous_day1,0.0,100.0,100.0,1.9,79.0,0.0,21.3,275.0
745923,3312,previous_day1,1.0,100.0,100.0,15.5,68.0,0.0,14.0,203.0
745924,3312,previous_day1,0.0,100.0,100.0,12.3,81.0,0.0,8.9,238.0
745925,3312,previous_day1,0.0,100.0,100.0,7.5,86.0,0.0,8.4,260.0
745926,3312,previous_day1,1.0,100.0,100.0,11.6,43.0,0.0,28.3,132.0
745928,3312,previous_day1,1.0,100.0,100.0,6.7,64.0,0.0,16.5,16.0
745929,32,previous_day1,1.0,97.0,94.0,22.3,85.0,0.4,10.7,340.0
745930,32,previous_day1,0.0,97.0,94.0,18.6,68.0,0.0,16.5,20.0
745931,32,previous_day1,0.0,97.0,94.0,20.1,72.0,0.0,21.5,18.0
745932,32,previous_day1,1.0,97.0,94.0,21.7,71.0,0.0,19.7,24.0
745933,32,previous_day1,0.0,97.0,94.0,21.3,74.0,0.0,6.0,107.0
745934,32,previous_day1,0.0,97.0,94.0,24.6,43.0,0.0,3.3,283.0
745935,32,previous_day1,0.0,97.0,94.0,21.6,71.0,0.0,6.1,118.0
745936,32,previous_day1,0.0,97.0,94.0,26.1,50.0,0.0,14.3,131.0
745937,32,previous_day1,0.0,97.0,94.0,26.1,39.0,0.0,13.4,144.0
745938,32,previous_day1,0.0,97.0,94.0,22.3,44.0,0.0,8.3,146.0
745939,32,previous_day1,0.0,97.0,94.0,22.1,74.0,0.0,6.6,103.0
745940,32,previous_day1,1.0,97.0,94.0,21.7,36.0,0.0,18.4,268.0
745941,32,previous_day1,0.0,97.0,94.0,17.9,39.0,0.0,19.6,346.0
745942,32,previous_day1,0.0,97.0,94.0,15.6,38.0,0.0,13.0,326.0
745943,32,previous_day1,0.0,97.0,94.0,21.5,85.0,0.0,15.3,41.0
745944,32,previous_day1,0.0,97.0,94.0,20.6,46.0,0.0,11.8,149.0
745945,32,previous_day1,1.0,97.0,94.0,23.7,79.0,0.0,7.3,99.0
745946,32,previous_day1,0.0,97.0,94.0,30.9,60.0,0.0,7.1,195.0
745947,32,previous_day1,1.0,97.0,94.0,21.9,50.0,0.0,11.6,74.0
745948,32,previous_day1,1.0,97.0,94.0,23.3,72.0,0.0,16.2,17.0
745949,32,previous_day1,0.0,97.0,94.0,23.5,77.0,0.0,17.4,288.0
745950,32,previous_day1,1.0,97.0,94.0,22.1,72.0,0.0,15.1,152.0
745951,32,previous_day1,0.0,97.0,94.0,24.2,61.0,0.0,9.2,121.0
745952,32,previous_day1,0.0,97.0,94.0,24.2,76.0,0.0,9.4,23.0
745953,32,previous_day1,0.0,97.0,94.0,26.5,42.0,0.0,1.9,292.0
745954,32,previous_day1,0.0,97.0,94.0,24.6,62.0,0.0,8.5,102.0
745955,32,previous_day1,0.0,97.0,94.0,21.8,40.0,0.0,20.9,281.0
745956,32,previous_day1,1.0,97.0,94.0,24.6,38.0,0.0,20.8,284.0
745957,32,previous_day1,0.0,97.0,94.0,18.4,55.0,0.0,14.5,293.0
745958,32,previous_day1,0.0,97.0,94.0,27.7,59.0,0.0,5.5,32.0
745959,32,previous_day1,0.0,97.0,94.0,24.9,67.0,0.0,5.8,240.0
745960,32,previous_day1,1.0,97.0,94.0,34.0,41.0,0.0,6.6,283.0
745961,32,previous_day1,1.0,97.0,94.0,28.7,42.0,0.0,15.5,176.0
745962,32,previous_day1,1.0,97.0,94.0,30.0,63.0,0.0,14.9,212.0
745963,32,previous_day1,1.0,97.0,94.0,29.8,53.0,0.0,20.4,135.0
745964,32,previous_day1,0.0,97.0,94.0,23.7,48.0,0.0,11.2,123.0
745965,32,previous_day1,0.0,97.0,94.0,25.2,63.0,0.0,8.7,120.0
745966,32,previous_day1,0.0,97.0,94.0,27.1,46.0,0.0,16.3,137.0
745967,32,previous_day1,1.0,97.0,94.0,24.4,64.0,0.0,9.1,56.0
745968,32,previous_day1,0.0,97.0,94.0,23.8,60.0,0.0,8.9,43.0
745969,32,previous_day1,0.0,97.0,94.0,22.0,75.0,0.0,15.0,46.0
745970,32,previous_day1,0.0,97.0,94.0,26.6,57.0,0.0,22.2,209.0
745971,32,previous_day1,1.0,97.0,94.0,16.8,68.0,0.0,12.7,35.0
745972,32,previous_day1,1.0,97.0,94.0,31.1,49.0,0.0,23.1,252.0
745973,32,previous_day1,0.0,97.0,94.0,29.8,50.0,0.0,12.6,340.0
745974,32,previous_day1,0.0,97.0,94.0,22.8,55.0,0.0,11.2,123.0
745975,32,previous_day1,1.0,97.0,94.0,25.9,45.0,0.0,17.3,293.0
745976,32,previous_day1,1.0,97.0,94.0,25.0,42.0,0.0,16.5,134.0
745977,32,previous_day1,1.0,97.0,94.0,27.6,54.0,0.0,17.7,178.0
745978,32,previous_day1,1.0,97.0,94.0,30.6,32.0,0.0,13.7,247.0
745979,32,previous_day1,0.0,97.0,94.0,19.1,47.0,0.0,20.5,15.0
745980,32,previous_day1,1.0,97.0,94.0,17.3,86.0,2.5,7.6,65.0
745981,32,previous_day1,0.0,97.0,94.0,19.6,52.0,0.0,10.0,221.0
745982,32,previous_day1,0.0,97.0,94.0,16.3,54.0,0.0,9.7,39.0
745983,32,previous_day1,0.0,97.0,94.0,21.3,34.0,0.0,12.0,139.0
745984,32,previous_day1,1.0,97.0,94.0,19.4,89.0,0.0,11.2,50.0
745985,32,previous_day1,1.0,97.0,94.0,15.5,61.0,0.0,10.1,94.0
745986,32,previous_day1,1.0,97.0,94.0,17.5,79.0,0.0,19.3,291.0
745987,32,previous_day1,0.0,97.0,94.0,13.9,86.0,0.0,4.0,355.0
745988,32,previous_day1,0.0,97.0,94.0,12.6,69.0,0.0,10.6,24.0
745989,32,previous_day1,0.0,97.0,94.0,10.4,75.0,0.0,19.8,19.0
745990,32,previous_day1,1.0,97.0,94.0,25.8,39.0,0.0,19.6,221.0
745991,32,previous_day1,0.0,97.0,94.0,12.3,78.0,0.0,15.8,41.0
745992,32,previous_day1,1.0,97.0,94.0,15.8,58.0,0.0,16.0,31.0
745993,32,previous_day1,0.0,97.0,94.0,17.3,42.0,0.0,12.2,236.0
745994,32,previous_day1,0.0,97.0,94.0,17.3,46.0,0.0,18.2,322.0
745995,32,previous_day1,0.0,97.0,94.0,12.1,59.0,0.0,22.7,358.0
745996,32,previous_day1,1.0,97.0,94.0,18.4,51.0,0.0,34.2,271.0
745997,32,previous_day1,0.0,97.0,94.0,13.7,69.0,0.0,14.1,122.0
745998,32,previous_day1,0.0,97.0,94.0,22.0,75.0,0.0,22.7,209.0
745999,32,previous_day1,0.0,97.0,94.0,13.8,78.0,0.0,18.0,254.0
746000,32,previous_day1,0.0,97.0,94.0,10.7,87.0,0.4,23.5,148.0
746001,32,previous_day1,1.0,97.0,94.0,7.6,93.0,0.0,20.1,24.0
746002,32,previous_day1,0.0,97.0,94.0,11.2,59.0,0.0,11.6,54.0
746003,32,previous_day1,1.0,97.0,94.0,8.3,75.0,0.0,24.6,128.0
746004,32,previous_day1,0.0,97.0,94.0,15.6,48.0,0.0,34.7,114.0
746005,32,previous_day1,1.0,97.0,94.0,14.8,87.0,0.4,24.8,216.0
746006,32,previous_day1,0.0,97.0,94.0,6.0,73.0,0.0,9.6,56.0
746007,32,previous_day1,0.0,97.0,94.0,3.1,76.0,0.0,6.5,3.0
746008,32,previous_day1,1.0,97.0,94.0,3.1,91.0,0.0,22.7,36.0
746009,32,previous_day1,1.0,97.0,94.0,2.3,98.0,2.9,26.2,18.0
746010,4169,previous_day1,1.0,98.0,96.0,,,,,
746011,4169,previous_day1,1.0,98.0,96.0,,,,,
746012,4169,previous_day1,1.0,98.0,96.0,,,,,
746013,4169,previous_day1,0.0,98.0,96.0,,,,,
746014,4169,previous_day1,0.0,98.0,96.0,,,,,
746015,4169,previous_day1,0.0,98.0,96.0,,,,,
746016,4169,previous_day1,0.0,98.0,96.0,,,,,
746017,4169,previous_day1,1.0,98.0,96.0,,,,,
746018,4169,previous_day1,1.0,98.0,96.0,,,,,
746019,4169,previous_day1,0.0,98.0,96.0,,,,,
746020,4169,previous_day1,0.0,98.0,96.0,,,,,
746021,4169,previous_day1,0.0,98.0,96.0,,,,,
746022,4169,previous_day1,1.0,98.0,96.0,,,,,
746023,4169,previous_day1,1.0,98.0,96.0,,,,,
746024,4169,previous_day1,0.0,98.0,96.0,,,,,
746025,4169,previous_day1,1.0,98.0,96.0,,,,,
746026,4169,previous_day1,1.0,98.0,96.0,,,,,
746027,4169,previous_day1,0.0,98.0,96.0,,,,,
746028,4169,previous_day1,0.0,98.0,96.0,,,,,
746029,4169,previous_day1,0.0,98.0,96.0,,,,,
746030,4169,previous_day1,0.0,98.0,96.0,,,,,
746031,4169,previous_day1,0.0,98.0,96.0,,,,,
746032,4169,previous_day1,0.0,98.0,96.0,,,,,
746033,4169,previous_day1,0.0,98.0,96.0,,,,,
746034,4169,previous_day1,0.0,98.0,96.0,,,,,
746035,4169,previous_day1,0.0,98.0,96.0,,,,,
746036,4169,previous_day1,0.0,98.0,96.0,,,,,
746037,4169,previous_day1,1.0,98.0,96.0,,,,,
746038,4169,previous_day1,0.0,98.0,96.0,,,,,
746039,4169,previous_day1,1.0,98.0,96.0,,,,,
746040,4169,previous_day1,0.0,98.0,96.0,,,,,
746041,4169,previous_day1,1.0,98.0,96.0,,,,,
746042,4169,previous_day1,1.0,98.0,96.0,,,,,
746043,4169,previous_day1,1.0,98.0,96.0,,,,,
746044,4169,previous_day1,1.0,98.0,96.0,,,,,
746045,4169,previous_day1,0.0,98.0,96.0,,,,,
746046,4169,previous_day1,0.0,98.0,96.0,,,,,
746047,4169,previous_day1,0.0,98.0,96.0,,,,,
746048,4169,previous_day1,1.0,98.0,96.0,,,,,
746049,4169,previous_day1,0.0,98.0,96.0,,,,,
746050,4169,previous_day1,1.0,98.0,96.0,,,,,
746051,4169,previous_day1,1.0,98.0,96.0,,,,,
746052,4169,previous_day1,0.0,98.0,96.0,,,,,
746053,4169,previous_day1,0.0,98.0,96.0,,,,,
746054,4169,previous_day1,1.0,98.0,96.0,,,,,
746055,4169,previous_day1,0.0,98.0,96.0,,,,,
746056,4169,previous_day1,0.0,98.0,96.0,,,,,
746057,4169,previous_day1,0.0,98.0,96.0,,,,,
746058,4169,previous_day1,0.0,98.0,96.0,,,,,
746059,4169,previous_day1,0.0,98.0,96.0,,,,,
746060,4169,previous_day1,0.0,98.0,96.0,,,,,
746061,4169,previous_day1,1.0,98.0,96.0,,,,,
746062,4169,previous_day1,1.0,98.0,96.0,,,,,
746063,4169,previous_day1,0.0,98.0,96.0,,,,,
746064,4169,previous_day1,1.0,98.0,96.0,,,,,
746065,4169,previous_day1,0.0,98.0,96.0,,,,,
746066,4169,previous_day1,0.0,98.0,96.0,,,,,
746067,4169,previous_day1,1.0,98.0,96.0,,,,,
746068,4169,previous_day1,1.0,98.0,96.0,,,,,
746069,4169,previous_day1,1.0,98.0,96.0,,,,,
746070,4169,previous_day1,1.0,98.0,96.0,,,,,
746071,4169,previous_day1,0.0,98.0,96.0,,,,,
746072,4169,previous_day1,0.0,98.0,96.0,,,,,
746073,4169,previous_day1,0.0,98.0,96.0,,,,,
746074,4169,previous_day1,0.0,98.0,96.0,,,,,
746075,4169,previous_day1,1.0,98.0,96.0,,,,,
746076,4169,previous_day1,1.0,98.0,96.0,,,,,
746077,4169,previous_day1,1.0,98.0,96.0,,,,,
746078,4169,previous_day1,0.0,98.0,96.0,,,,,
746079,4169,previous_day1,1.0,98.0,96.0,,,,,
746080,4169,previous_day1,0.0,98.0,96.0,,,,,
746081,4169,previous_day1,0.0,98.0,96.0,,,,,
746082,4169,previous_day1,1.0,98.0,96.0,,,,,
746083,4169,previous_day1,1.0,98.0,96.0,,,,,
746084,4169,previous_day1,0.0,98.0,96.0,,,,,
746085,4169,previous_day1,0.0,98.0,96.0,,,,,
746086,4169,previous_day1,0.0,98.0,96.0,,,,,
746087,4169,previous_day1,1.0,98.0,96.0,,,,,
746088,22,previous_day1,0.0,99.0,98.0,16.8,86.0,0.0,7.6,239.0
746089,4169,previous_day1,1.0,98.0,96.0,,,,,
746090,4169,previous_day1,1.0,98.0,96.0,,,,,
746091,4169,previous_day1,0.0,98.0,96.0,,,,,
746092,22,previous_day1,1.0,99.0,98.0,25.6,55.0,0.0,11.1,245.0
746093,22,previous_day1,0.0,99.0,98.0,16.9,91.0,0.0,8.4,245.0
746094,22,previous_day1,0.0,99.0,98.0,17.9,79.0,0.0,8.9,243.0
746095,22,previous_day1,0.0,99.0,98.0,17.5,86.0,0.0,7.4,231.0
746096,22,previous_day1,0.0,99.0,98.0,20.4,73.0,0.0,10.0,249.0
746097,22,previous_day1,0.0,99.0,98.0,20.3,71.0,0.0,9.8,246.0
746098,22,previous_day1,1.0,99.0,98.0,38.1,24.0,0.0,9.3,242.0
746099,22,previous_day1,0.0,99.0,98.0,32.1,36.0,0.0,10.4,214.0
746100,22,previous_day1,0.0,99.0,98.0,20.5,69.0,0.0,8.4,239.0
746101,22,previous_day1,0.0,99.0,98.0,35.3,17.0,0.0,6.6,299.0
746102,22,previous_day1,0.0,99.0,98.0,18.7,78.0,0.0,10.7,256.0
746103,22,previous_day1,0.0,99.0,98.0,19.1,76.0,0.0,11.4,259.0
746104,22,previous_day1,0.0,99.0,98.0,30.0,39.0,0.0,5.4,176.0
746105,22,previous_day1,0.0,99.0,98.0,21.4,65.0,0.0,10.0,257.0
746106,22,previous_day1,1.0,99.0,98.0,28.9,39.0,0.0,13.7,243.0
746107,22,previous_day1,0.0,99.0,98.0,27.4,32.0,0.0,7.8,248.0
746108,22,previous_day1,0.0,99.0,98.0,22.7,52.0,0.0,13.2,253.0
746109,22,previous_day1,0.0,99.0,98.0,24.6,51.0,0.0,8.6,248.0
746110,22,previous_day1,0.0,99.0,98.0,25.0,46.0,0.0,8.4,239.0
746111,22,previous_day1,0.0,99.0,98.0,20.4,62.0,0.0,10.2,252.0
746112,22,previous_day1,0.0,99.0,98.0,26.0,53.0,0.0,11.1,245.0
746113,22,previous_day1,0.0,99.0,98.0,21.6,71.0,0.0,9.0,247.0
746114,22,previous_day1,1.0,99.0,98.0,31.8,46.0,0.0,12.5,198.0
746115,22,previous_day1,0.0,99.0,98.0,23.0,69.0,0.0,10.8,244.0
746116,22,previous_day1,0.0,99.0,98.0,26.5,44.0,0.0,8.4,227.0
746117,22,previous_day1,1.0,99.0,98.0,30.2,46.0,0.0,15.3,243.0
746118,22,previous_day1,0.0,99.0,98.0,21.7,73.0,0.0,9.0,265.0
746119,22,previous_day1,0.0,99.0,98.0,23.2,66.0,0.0,9.8,246.0
746120,22,previous_day1,0.0,99.0,98.0,25.2,50.0,0.0,10.2,219.0
746121,22,previous_day1,1.0,99.0,98.0,29.5,38.0,0.0,14.2,254.0
746122,22,previous_day1,1.0,99.0,98.0,27.5,62.0,0.0,10.2,203.0
746123,22,previous_day1,0.0,99.0,98.0,24.4,56.0,0.0,10.7,250.0
746124,22,previous_day1,0.0,99.0,98.0,23.9,61.0,0.0,10.0,229.0
746125,22,previous_day1,1.0,99.0,98.0,31.1,37.0,0.0,13.7,247.0
746126,22,previous_day1,0.0,99.0,98.0,22.1,64.0,0.0,11.4,246.0
746127,22,previous_day1,0.0,99.0,98.0,24.9,59.0,0.0,8.8,235.0
746128,22,previous_day1,0.0,99.0,98.0,19.1,78.0,0.0,10.2,252.0
746129,22,previous_day1,1.0,99.0,98.0,29.0,50.0,0.0,12.4,202.0
746130,22,previous_day1,1.0,99.0,98.0,27.7,43.0,0.0,15.3,243.0
746131,22,previous_day1,0.0,99.0,98.0,24.2,46.0,0.0,9.7,255.0
746132,22,previous_day1,0.0,99.0,98.0,25.0,48.0,0.0,8.9,256.0
746133,22,previous_day1,0.0,99.0,98.0,22.4,59.0,0.0,9.0,247.0
746134,22,previous_day1,0.0,99.0,98.0,21.3,60.0,0.0,7.9,240.0
746135,22,previous_day1,0.0,99.0,98.0,26.7,41.0,0.0,8.2,221.0
746136,22,previous_day1,0.0,99.0,98.0,16.6,81.0,0.0,13.5,254.0
746137,22,previous_day1,0.0,99.0,98.0,18.3,76.0,0.0,11.7,252.0
746138,22,previous_day1,0.0,99.0,98.0,16.4,79.0,0.0,11.1,245.0
746139,22,previous_day1,0.0,99.0,98.0,18.2,77.0,0.0,10.7,256.0
746140,22,previous_day1,0.0,99.0,98.0,17.0,77.0,0.0,11.0,247.0
746141,22,previous_day1,1.0,99.0,98.0,19.5,70.0,0.0,9.7,239.0
746142,22,previous_day1,0.0,99.0,98.0,16.4,72.0,0.0,14.3,252.0
746143,22,previous_day1,0.0,99.0,98.0,15.8,76.0,0.0,9.8,234.0
746144,22,previous_day1,1.0,99.0,98.0,17.5,72.0,0.0,12.9,243.0
746145,22,previous_day1,0.0,99.0,98.0,16.2,70.0,0.0,10.2,247.0
746146,22,previous_day1,0.0,99.0,98.0,15.8,69.0,0.0,11.0,247.0
746147,22,previous_day1,0.0,99.0,98.0,19.6,47.0,0.0,7.9,223.0
746148,22,previous_day1,0.0,99.0,98.0,16.3,80.0,0.0,11.5,250.0
746149,22,previous_day1,0.0,99.0,98.0,17.9,42.0,0.0,7.2,243.0
746150,22,previous_day1,0.0,99.0,98.0,16.6,75.0,0.0,9.3,234.0
746151,22,previous_day1,1.0,99.0,98.0,22.5,45.0,0.0,6.1,225.0
746152,22,previous_day1,0.0,99.0,98.0,15.9,82.0,0.0,11.0,251.0
746153,22,previous_day1,1.0,99.0,98.0,18.8,33.0,0.0,16.0,278.0
746154,22,previous_day1,1.0,99.0,98.0,25.8,45.0,0.0,9.2,231.0
746155,22,previous_day1,0.0,99.0,98.0,15.3,81.0,0.0,11.9,245.0
746156,22,previous_day1,1.0,99.0,98.0,19.4,64.0,0.0,5.5,212.0
746157,22,previous_day1,0.0,99.0,98.0,20.1,47.0,0.0,8.1,257.0
746158,22,previous_day1,0.0,99.0,98.0,15.4,53.0,0.0,9.3,254.0
746159,22,previous_day1,1.0,99.0,98.0,25.2,33.0,0.0,6.5,214.0
746160,22,previous_day1,0.0,99.0,98.0,13.9,83.0,0.0,11.1,245.0
746161,22,previous_day1,0.0,99.0,98.0,11.1,93.0,1.1,18.1,263.0
746162,22,previous_day1,0.0,99.0,98.0,14.6,77.0,0.0,14.8,167.0
746163,22,previous_day1,0.0,99.0,98.0,16.0,70.0,0.0,8.5,242.0
746164,22,previous_day1,1.0,99.0,98.0,13.8,66.0,0.0,22.4,259.0
746165,22,previous_day1,1.0,99.0,98.0,17.4,62.0,0.0,8.9,249.0
746166,22,previous_day1,1.0,99.0,98.0,12.8,79.0,0.0,12.2,104.0
746167,22,previous_day1,0.0,99.0,98.0,12.6,61.0,0.0,12.4,206.0
746168,22,previous_day1,0.0,99.0,98.0,9.1,89.0,0.0,20.0,104.0
746169,22,previous_day1,0.0,99.0,98.0,16.6,66.0,0.0,7.1,255.0
746170,22,previous_day1,0.0,99.0,98.0,13.9,73.0,0.0,7.2,243.0
746171,1,previous_day1,0.0,100.0,100.0,20.5,63.0,0.0,7.3,259.0
746172,1,previous_day1,1.0,100.0,100.0,22.3,62.0,0.0,13.5,214.0
746173,1,previous_day1,0.0,100.0,100.0,18.5,77.0,0.0,8.0,243.0
746174,1,previous_day1,1.0,100.0,100.0,24.7,45.0,0.0,5.8,263.0
746175,5150,previous_day1,0.0,100.0,100.0,4.8,60.0,0.0,3.3,221.0
746176,1,previous_day1,0.0,100.0,100.0,18.4,70.0,0.0,10.5,229.0
746177,1,previous_day1,0.0,100.0,100.0,19.8,80.0,0.0,11.1,234.0
746178,1,previous_day1,0.0,100.0,100.0,26.7,54.0,0.0,9.2,211.0
746179,1,previous_day1,0.0,100.0,100.0,18.5,57.0,0.0,11.7,259.0
746180,1,previous_day1,1.0,100.0,100.0,22.1,70.0,0.0,11.7,223.0
746181,1,previous_day1,0.0,100.0,100.0,20.1,78.0,0.0,10.2,222.0
746182,1,previous_day1,0.0,100.0,100.0,22.0,73.0,0.0,8.9,220.0
746183,1,previous_day1,1.0,100.0,100.0,26.8,63.0,0.0,9.7,248.0
746184,1,previous_day1,0.0,100.0,100.0,21.2,74.0,0.0,10.0,221.0
746185,1,previous_day1,0.0,100.0,100.0,22.8,69.0,0.0,11.6,210.0
746186,1,previous_day1,1.0,100.0,100.0,29.1,48.0,0.0,13.0,242.0
746187,1,previous_day1,0.0,100.0,100.0,22.6,73.0,0.0,10.6,215.0
746188,1,previous_day1,0.0,100.0,100.0,24.9,54.0,0.0,8.7,218.0
746189,1,previous_day1,0.0,100.0,100.0,23.2,69.0,0.0,10.7,222.0
746190,1,previous_day1,0.0,100.0,100.0,21.8,76.0,0.0,10.9,226.0
746191,1,previous_day1,1.0,100.0,100.0,31.1,36.0,0.0,13.0,242.0
746192,1,previous_day1,0.0,100.0,100.0,22.4,77.0,0.0,10.0,229.0
746193,1,previous_day1,0.0,100.0,100.0,27.9,43.0,0.0,11.8,218.0
746194,1,previous_day1,0.0,100.0,100.0,29.3,35.0,0.0,10.5,292.0
746195,1,previous_day1,1.0,100.0,100.0,27.5,45.0,0.0,14.0,241.0
746196,1,previous_day1,0.0,100.0,100.0,26.2,49.0,0.0,8.2,241.0
746197,1,previous_day1,0.0,100.0,100.0,21.8,64.0,0.0,9.9,224.0
746198,1,previous_day1,0.0,100.0,100.0,21.8,67.0,0.0,12.3,212.0
746199,1,previous_day1,0.0,100.0,100.0,27.0,55.0,0.0,11.1,234.0
746200,1,previous_day1,0.0,100.0,100.0,25.9,57.0,0.0,11.3,211.0
746201,1,previous_day1,1.0,100.0,100.0,27.9,57.0,0.0,12.7,245.0
746202,1,previous_day1,0.0,100.0,100.0,22.8,70.0,0.0,8.1,238.0
746203,1,previous_day1,0.0,100.0,100.0,24.2,55.0,0.0,10.2,228.0
746204,1,previous_day1,0.0,100.0,100.0,24.3,62.0,0.0,12.5,219.0
746205,1,previous_day1,0.0,100.0,100.0,24.0,70.0,0.0,10.4,226.0
746206,1,previous_day1,0.0,100.0,100.0,23.1,73.0,0.0,10.7,222.0
746207,1,previous_day1,0.0,100.0,100.0,22.8,67.0,0.0,11.5,219.0
746208,1,previous_day1,0.0,100.0,100.0,23.1,69.0,0.0,10.1,235.0
746209,1,previous_day1,1.0,100.0,100.0,29.0,39.0,0.0,12.6,243.0
746210,1,previous_day1,0.0,100.0,100.0,22.5,66.0,0.0,10.9,224.0
746211,1,previous_day1,0.0,100.0,100.0,23.6,58.0,0.0,10.2,228.0
746212,1,previous_day1,1.0,100.0,100.0,27.2,52.0,0.0,14.0,235.0
746213,1,previous_day1,0.0,100.0,100.0,21.9,65.0,0.0,12.5,226.0
746214,1,previous_day1,0.0,100.0,100.0,22.1,62.0,0.0,11.0,229.0
746215,1,previous_day1,0.0,100.0,100.0,20.3,67.0,0.0,11.9,205.0
746216,1,previous_day1,1.0,100.0,100.0,23.1,61.0,0.0,13.2,241.0
746217,1,previous_day1,0.0,100.0,100.0,21.0,65.0,0.0,11.3,217.0
746218,1,previous_day1,0.0,100.0,100.0,24.8,46.0,0.0,10.2,222.0
746219,1,previous_day1,0.0,100.0,100.0,20.0,71.0,0.0,10.7,230.0
746220,1,previous_day1,0.0,100.0,100.0,18.9,81.0,0.0,12.0,221.0
746221,1,previous_day1,0.0,100.0,100.0,19.0,81.0,0.0,11.7,223.0
746222,1,previous_day1,0.0,100.0,100.0,20.3,67.0,0.0,11.9,215.0
746223,1,previous_day1,0.0,100.0,100.0,19.5,75.0,0.0,11.9,235.0
746224,1,previous_day1,0.0,100.0,100.0,18.9,71.0,0.0,11.1,216.0
746225,1,previous_day1,0.0,100.0,100.0,17.6,77.0,0.0,11.2,225.0
746226,1,previous_day1,0.0,100.0,100.0,17.0,71.0,0.0,12.9,216.0
746227,1,previous_day1,0.0,100.0,100.0,16.5,70.0,0.0,11.7,227.0
746228,1,previous_day1,0.0,100.0,100.0,17.5,76.0,0.0,10.9,224.0
746229,1,previous_day1,0.0,100.0,100.0,17.8,70.0,0.0,11.0,221.0
746230,1,previous_day1,1.0,100.0,100.0,20.7,58.0,0.0,12.6,211.0
746231,1,previous_day1,0.0,100.0,100.0,18.1,70.0,0.0,12.5,231.0
746232,1,previous_day1,0.0,100.0,100.0,16.9,77.0,0.0,11.5,229.0
746233,1,previous_day1,0.0,100.0,100.0,17.5,72.0,0.0,10.7,228.0
746234,1,previous_day1,1.0,100.0,100.0,22.0,61.0,0.0,10.1,235.0
746235,1,previous_day1,0.0,100.0,100.0,16.4,77.0,0.0,10.5,232.0
746236,1,previous_day1,0.0,100.0,100.0,19.1,56.0,0.0,9.4,212.0
746237,1,previous_day1,1.0,100.0,100.0,23.6,47.0,0.0,13.2,241.0
746238,1,previous_day1,1.0,100.0,100.0,21.1,60.0,0.0,12.2,242.0
746239,1,previous_day1,0.0,100.0,100.0,17.7,72.0,0.0,10.5,218.0
746240,1,previous_day1,0.0,100.0,100.0,16.7,73.0,0.0,11.1,234.0
746241,1,previous_day1,0.0,100.0,100.0,16.9,74.0,0.0,11.2,225.0
746242,1,previous_day1,0.0,100.0,100.0,15.8,83.0,0.0,11.7,214.0
746243,1,previous_day1,0.0,100.0,100.0,17.1,64.0,0.0,19.7,279.0
746244,1,previous_day1,1.0,100.0,100.0,17.5,61.0,0.0,10.5,207.0
746245,1,previous_day1,0.0,100.0,100.0,17.5,53.0,0.0,11.2,220.0
746246,1,previous_day1,0.0,100.0,100.0,16.0,73.0,0.0,10.9,243.0
746247,1,previous_day1,1.0,100.0,100.0,26.2,26.0,0.0,10.5,232.0
746248,1,previous_day1,0.0,100.0,100.0,14.5,37.0,0.0,9.7,243.0
746249,1,previous_day1,0.0,100.0,100.0,10.1,65.0,0.0,18.6,260.0
746250,1,previous_day1,0.0,100.0,100.0,22.2,26.0,0.0,7.7,229.0
746251,1,previous_day1,1.0,100.0,100.0,19.0,43.0,0.0,12.8,232.0
746252,1,previous_day1,0.0,100.0,100.0,18.8,43.0,0.0,13.2,296.0
746253,7,previous_day1,1.0,104.0,108.0,17.0,89.0,0.0,18.5,7.0
746254,7,previous_day1,0.0,104.0,108.0,30.1,41.0,0.0,14.1,161.0
746255,7,previous_day1,1.0,104.0,108.0,30.5,50.0,0.4,15.7,143.0
746256,7,previous_day1,0.0,104.0,108.0,31.3,34.0,0.0,10.8,92.0
746257,7,previous_day1,0.0,104.0,108.0,23.2,29.0,0.0,19.8,12.0
746258,7,previous_day1,1.0,104.0,108.0,24.5,26.0,0.0,6.0,147.0
746259,7,previous_day1,0.0,104.0,108.0,23.3,28.0,0.0,13.1,81.0
746260,7,previous_day1,0.0,104.0,108.0,29.5,36.0,0.0,11.2,138.0
746261,7,previous_day1,0.0,104.0,108.0,29.6,39.0,0.0,12.9,162.0
746262,7,previous_day1,0.0,104.0,108.0,29.7,25.0,0.0,8.7,156.0
746263,7,previous_day1,1.0,104.0,108.0,37.0,38.0,0.0,23.3,200.0
746264,7,previous_day1,0.0,104.0,108.0,28.2,25.0,0.0,8.3,146.0
746265,7,previous_day1,1.0,104.0,108.0,27.4,27.0,0.0,15.3,75.0
746266,7,previous_day1,0.0,104.0,108.0,27.6,32.0,0.0,14.4,91.0
746267,7,previous_day1,0.0,104.0,108.0,26.5,41.0,0.0,15.5,94.0
746268,7,previous_day1,0.0,104.0,108.0,30.0,32.0,0.0,12.1,80.0
746269,7,previous_day1,0.0,104.0,108.0,26.3,31.0,0.0,8.7,232.0
746270,7,previous_day1,0.0,104.0,108.0,28.3,37.0,0.0,16.6,34.0
746271,7,previous_day1,0.0,104.0,108.0,34.0,47.0,0.0,23.4,184.0
746272,7,previous_day1,0.0,104.0,108.0,30.7,33.0,0.0,10.9,98.0
746273,7,previous_day1,0.0,104.0,108.0,28.3,47.0,0.0,18.5,13.0
746274,7,previous_day1,1.0,104.0,108.0,34.3,37.0,0.0,19.0,199.0
746275,7,previous_day1,0.0,104.0,108.0,22.9,35.0,0.0,7.3,290.0
746276,7,previous_day1,0.0,104.0,108.0,37.1,23.0,0.0,15.3,210.0
746277,7,previous_day1,0.0,104.0,108.0,34.2,24.0,0.0,13.9,143.0
746278,7,previous_day1,0.0,104.0,108.0,31.0,41.0,0.0,18.4,177.0
746279,7,previous_day1,0.0,104.0,108.0,34.4,25.0,0.0,6.6,283.0
746280,7,previous_day1,0.0,104.0,108.0,29.9,36.0,0.0,7.4,39.0
746281,7,previous_day1,0.0,104.0,108.0,31.7,35.0,0.0,6.4,27.0
746282,7,previous_day1,0.0,104.0,108.0,36.1,37.0,0.0,22.6,211.0
746283,7,previous_day1,0.0,104.0,108.0,24.8,81.0,0.0,10.2,82.0
746284,7,previous_day1,0.0,104.0,108.0,28.3,34.0,0.0,16.3,98.0
746285,7,previous_day1,0.0,104.0,108.0,24.4,81.0,0.0,7.2,307.0
746286,7,previous_day1,0.0,104.0,108.0,26.5,49.0,0.0,10.3,61.0
746287,7,previous_day1,1.0,104.0,108.0,27.4,46.0,0.0,11.8,63.0
746288,7,previous_day1,0.0,104.0,108.0,32.1,32.0,0.0,15.9,155.0
746289,7,previous_day1,1.0,104.0,108.0,35.3,45.0,0.0,17.1,15.0
746290,7,previous_day1,1.0,104.0,108.0,26.6,37.0,0.0,12.4,36.0
746291,7,previous_day1,1.0,104.0,108.0,29.7,52.0,0.0,12.0,344.0
746292,7,previous_day1,0.0,104.0,108.0,32.8,51.0,0.0,16.6,182.0
746293,7,previous_day1,0.0,104.0,108.0,36.4,35.0,0.0,17.1,226.0
746294,7,previous_day1,0.0,104.0,108.0,31.2,39.0,0.0,20.7,203.0
746295,7,previous_day1,0.0,104.0,108.0,27.0,30.0,0.0,12.5,46.0
746296,7,previous_day1,0.0,104.0,108.0,30.7,32.0,0.0,11.1,245.0
746297,7,previous_day1,1.0,104.0,108.0,25.2,39.0,0.0,7.7,79.0
746298,7,previous_day1,0.0,104.0,108.0,38.6,27.0,0.0,23.3,207.0
746299,7,previous_day1,1.0,104.0,108.0,34.2,42.0,0.0,25.1,207.0
746300,7,previous_day1,1.0,104.0,108.0,28.4,69.0,0.4,7.1,15.0
746301,7,previous_day1,1.0,104.0,108.0,22.7,72.0,0.0,22.7,144.0
746302,7,previous_day1,0.0,104.0,108.0,29.0,40.0,0.4,29.5,213.0
746303,7,previous_day1,0.0,104.0,108.0,21.3,64.0,0.0,15.3,131.0
746304,7,previous_day1,1.0,104.0,108.0,22.2,42.0,0.0,4.3,336.0
746305,7,previous_day1,1.0,104.0,108.0,27.2,51.0,0.0,10.9,316.0
746306,7,previous_day1,1.0,104.0,108.0,31.5,39.0,0.0,20.5,181.0
746307,7,previous_day1,0.0,104.0,108.0,23.8,74.0,0.0,15.2,86.0
746308,7,previous_day1,0.0,104.0,108.0,31.8,36.0,0.0,13.5,236.0
746309,7,previous_day1,0.0,104.0,108.0,24.1,50.0,0.0,31.2,289.0
746310,7,previous_day1,0.0,104.0,108.0,27.3,38.0,0.0,10.4,200.0
746311,7,previous_day1,0.0,104.0,108.0,15.5,82.0,0.0,19.9,343.0
746312,7,previous_day1,1.0,104.0,108.0,22.5,75.0,0.0,2.3,219.0
746313,7,previous_day1,0.0,104.0,108.0,20.5,83.0,0.0,24.2,152.0
746314,7,previous_day1,1.0,104.0,108.0,14.1,68.0,0.0,11.0,79.0
746315,7,previous_day1,0.0,104.0,108.0,22.0,43.0,0.0,23.5,203.0
746316,7,previous_day1,1.0,104.0,108.0,14.0,28.0,0.0,17.1,312.0
746317,7,previous_day1,0.0,104.0,108.0,22.2,23.0,0.0,9.4,97.0
746318,7,previous_day1,0.0,104.0,108.0,21.6,74.0,0.0,13.7,145.0
746319,7,previous_day1,0.0,104.0,108.0,20.7,31.0,0.0,26.1,213.0
746320,7,previous_day1,1.0,104.0,108.0,13.1,91.0,8.3,27.3,140.0
746321,7,previous_day1,0.0,104.0,108.0,21.6,17.0,0.0,19.2,326.0
746322,7,previous_day1,1.0,104.0,108.0,15.4,42.0,0.0,38.2,327.0
746323,7,previous_day1,0.0,104.0,108.0,18.9,31.0,0.0,14.5,44.0
746324,7,previous_day1,0.0,104.0,108.0,12.3,29.0,0.0,18.5,333.0
746325,7,previous_day1,0.0,104.0,108.0,14.8,30.0,0.0,13.8,354.0
746326,7,previous_day1,0.0,104.0,108.0,19.4,23.0,0.0,11.5,328.0
746327,7,previous_day1,0.0,104.0,108.0,13.8,24.0,0.0,16.6,355.0
746328,7,previous_day1,0.0,104.0,108.0,15.5,35.0,0.0,16.6,94.0
746329,7,previous_day1,0.0,104.0,108.0,21.2,34.0,0.0,33.2,146.0
746330,7,previous_day1,1.0,104.0,108.0,18.7,28.0,0.0,33.3,211.0
746331,2392,previous_day1,1.0,100.0,100.0,29.6,68.0,0.0,8.9,310.0
746332,7,previous_day1,1.0,104.0,108.0,21.0,74.0,0.0,19.9,200.0
746333,7,previous_day1,1.0,104.0,108.0,21.2,40.0,0.0,6.7,36.0
746334,2392,previous_day1,0.0,100.0,100.0,26.9,77.0,0.0,12.6,153.0
746335,7,previous_day1,1.0,104.0,108.0,19.1,32.0,0.0,29.0,224.0
746336,2392,previous_day1,0.0,100.0,100.0,24.7,89.0,0.0,14.7,191.0
746337,2392,previous_day1,1.0,100.0,100.0,27.6,74.0,0.0,13.6,307.0
746338,2392,previous_day1,0.0,100.0,100.0,29.2,61.0,0.0,13.7,125.0
746339,2392,previous_day1,1.0,100.0,100.0,31.2,53.0,0.0,3.4,342.0
746340,2392,previous_day1,0.0,100.0,100.0,28.9,62.0,0.0,11.5,134.0
746341,2392,previous_day1,0.0,100.0,100.0,28.1,63.0,0.0,11.5,131.0
746342,2392,previous_day1,0.0,100.0,100.0,24.0,90.0,0.0,9.8,6.0
746343,2392,previous_day1,0.0,100.0,100.0,24.0,89.0,0.0,17.9,19.0
746344,2392,previous_day1,1.0,100.0,100.0,28.2,64.0,0.0,19.5,28.0
746345,2392,previous_day1,0.0,100.0,100.0,25.5,61.0,0.0,11.6,26.0
746346,2392,previous_day1,0.0,100.0,100.0,25.4,91.0,0.0,12.7,65.0
746347,2392,previous_day1,1.0,100.0,100.0,28.1,84.0,0.0,14.6,38.0
746348,2392,previous_day1,0.0,100.0,100.0,28.9,77.0,0.0,10.4,14.0
746349,2392,previous_day1,0.0,100.0,100.0,34.9,45.0,0.0,3.2,243.0
746350,2392,previous_day1,1.0,100.0,100.0,33.5,63.0,0.0,3.3,354.0
746351,2392,previous_day1,0.0,100.0,100.0,31.7,63.0,0.0,9.7,207.0
746352,2392,previous_day1,0.0,100.0,100.0,24.7,89.0,0.0,10.6,62.0
746353,2392,previous_day1,0.0,100.0,100.0,25.5,83.0,0.0,10.7,45.0
746354,2392,previous_day1,0.0,100.0,100.0,31.4,72.0,0.0,9.9,161.0
746355,2392,previous_day1,0.0,100.0,100.0,34.7,46.0,0.0,12.9,117.0
746356,2392,previous_day1,1.0,100.0,100.0,32.2,73.0,0.0,4.1,345.0
746357,2392,previous_day1,0.0,100.0,100.0,31.1,61.0,0.0,11.6,158.0
746358,2392,previous_day1,0.0,100.0,100.0,33.2,63.0,0.0,10.7,135.0
746359,2392,previous_day1,1.0,100.0,100.0,33.3,60.0,0.0,2.9,360.0
746360,2392,previous_day1,0.0,100.0,100.0,29.2,82.0,0.0,8.3,180.0
746361,2392,previous_day1,0.0,100.0,100.0,26.3,83.0,0.0,3.8,131.0
746362,2392,previous_day1,0.0,100.0,100.0,26.7,81.0,0.0,10.5,174.0
746363,2392,previous_day1,0.0,100.0,100.0,29.0,65.0,0.0,14.9,173.0
746364,2392,previous_day1,1.0,100.0,100.0,28.3,85.0,0.0,13.0,183.0
746365,2392,previous_day1,0.0,100.0,100.0,29.0,75.0,0.0,15.9,184.0
746366,2392,previous_day1,0.0,100.0,100.0,30.1,67.0,0.0,4.7,32.0
746367,2392,previous_day1,0.0,100.0,100.0,25.9,86.0,0.0,14.7,73.0
746368,2392,previous_day1,0.0,100.0,100.0,29.4,76.0,0.0,6.4,16.0
746369,2392,previous_day1,1.0,100.0,100.0,24.2,93.0,14.8,22.5,311.0
746370,2392,previous_day1,1.0,100.0,100.0,30.7,68.0,0.0,1.9,292.0
746371,2392,previous_day1,0.0,100.0,100.0,23.5,88.0,0.0,12.0,351.0
746372,2392,previous_day1,0.0,100.0,100.0,29.5,68.0,0.0,16.1,160.0
746373,2392,previous_day1,1.0,100.0,100.0,32.2,59.0,0.0,8.3,92.0
746374,2392,previous_day1,1.0,100.0,100.0,32.6,58.0,0.0,7.7,233.0
746375,2392,previous_day1,0.0,100.0,100.0,28.7,68.0,0.0,10.3,119.0
746376,2392,previous_day1,1.0,100.0,100.0,32.3,54.0,0.0,10.5,106.0
746377,2392,previous_day1,1.0,100.0,100.0,33.1,51.0,0.0,8.8,99.0
746378,2392,previous_day1,0.0,100.0,100.0,31.2,55.0,0.0,8.6,15.0
746379,2392,previous_day1,1.0,100.0,100.0,26.3,86.0,0.0,18.1,69.0
746380,2392,previous_day1,0.0,100.0,100.0,28.1,73.0,0.0,19.8,161.0
746381,2392,previous_day1,1.0,100.0,100.0,34.2,38.0,0.0,13.9,111.0
746382,2392,previous_day1,0.0,100.0,100.0,27.6,70.0,0.0,19.7,159.0
746383,2392,previous_day1,1.0,100.0,100.0,29.7,84.0,0.0,2.5,135.0
746384,2392,previous_day1,1.0,100.0,100.0,24.2,89.0,0.0,17.2,33.0
746385,2392,previous_day1,0.0,100.0,100.0,27.7,77.0,0.0,17.6,145.0
746386,2392,previous_day1,1.0,100.0,100.0,29.1,75.0,0.0,16.9,153.0
746387,2392,previous_day1,0.0,100.0,100.0,21.0,89.0,0.0,17.8,144.0
746388,2392,previous_day1,0.0,100.0,100.0,25.4,83.0,0.0,4.9,343.0
746389,2392,previous_day1,0.0,100.0,100.0,28.8,70.0,0.0,10.2,98.0
746390,2392,previous_day1,0.0,100.0,100.0,26.3,73.0,0.0,13.6,122.0
746391,2392,previous_day1,0.0,100.0,100.0,26.0,84.0,0.0,21.0,175.0
746392,2392,previous_day1,1.0,100.0,100.0,29.6,63.0,0.0,8.0,98.0
746393,2392,previous_day1,0.0,100.0,100.0,21.7,88.0,0.0,9.2,129.0
746394,2392,previous_day1,0.0,100.0,100.0,25.7,75.0,0.0,19.7,128.0
746395,2392,previous_day1,1.0,100.0,100.0,23.5,87.0,0.0,22.2,107.0
746396,2392,previous_day1,0.0,100.0,100.0,26.3,74.0,0.0,5.4,323.0
746397,2392,previous_day1,0.0,100.0,100.0,26.0,55.0,0.0,10.9,136.0
746398,2392,previous_day1,0.0,100.0,100.0,23.6,72.0,0.0,12.7,125.0
746399,2392,previous_day1,0.0,100.0,100.0,24.0,95.0,0.4,12.3,140.0
746400,2392,previous_day1,0.0,100.0,100.0,23.7,78.0,0.0,16.5,160.0
746401,2392,previous_day1,1.0,100.0,100.0,26.8,74.0,0.0,12.0,129.0
746402,2392,previous_day1,0.0,100.0,100.0,19.5,88.0,0.0,27.5,43.0
746403,2392,previous_day1,0.0,100.0,100.0,22.6,91.0,0.4,16.1,138.0
746404,2392,previous_day1,1.0,100.0,100.0,25.8,63.0,0.0,16.9,182.0
746405,2392,previous_day1,1.0,100.0,100.0,25.0,48.0,0.0,21.7,159.0
746406,2392,previous_day1,0.0,100.0,100.0,21.6,81.0,0.0,12.2,152.0
746407,2392,previous_day1,0.0,100.0,100.0,21.1,41.0,0.0,9.5,279.0
746408,2392,previous_day1,0.0,100.0,100.0,20.7,47.0,0.0,12.7,151.0
746409,2392,previous_day1,0.0,100.0,100.0,24.2,76.0,0.0,18.8,177.0
746410,2392,previous_day1,0.0,100.0,100.0,21.4,71.0,0.0,15.8,156.0
746411,2392,previous_day1,0.0,100.0,100.0,20.0,56.0,0.0,26.7,323.0
746412,2392,previous_day1,0.0,100.0,100.0,19.4,53.0,0.0,17.0,159.0
746413,2392,previous_day1,1.0,100.0,100.0,23.9,83.0,0.0,15.1,192.0
746414,2394,previous_day1,1.0,97.0,94.0,19.4,90.0,0.0,14.8,45.0
746415,2394,previous_day1,1.0,97.0,94.0,23.9,40.0,0.0,10.0,26.0
746416,2394,previous_day1,1.0,97.0,94.0,23.3,73.0,0.0,18.7,60.0
746417,2394,previous_day1,0.0,97.0,94.0,23.0,43.0,0.0,23.2,44.0
746418,2392,previous_day1,1.0,100.0,100.0,22.0,43.0,0.0,7.7,62.0
746419,2394,previous_day1,1.0,97.0,94.0,27.7,44.0,0.0,10.6,162.0
746420,2394,previous_day1,0.0,97.0,94.0,21.6,64.0,0.0,11.8,207.0
746421,2394,previous_day1,1.0,97.0,94.0,20.1,84.0,0.0,5.7,55.0
746422,2394,previous_day1,0.0,97.0,94.0,27.4,40.0,0.0,14.0,89.0
746423,2394,previous_day1,0.0,97.0,94.0,25.6,41.0,0.0,12.3,75.0
746424,2394,previous_day1,0.0,97.0,94.0,28.9,31.0,0.0,13.7,284.0
746425,2394,previous_day1,0.0,97.0,94.0,27.0,35.0,0.0,9.3,164.0
746426,2394,previous_day1,1.0,97.0,94.0,26.6,36.0,0.0,17.9,332.0
746427,2394,previous_day1,1.0,97.0,94.0,29.2,30.0,0.0,10.0,75.0
746428,2394,previous_day1,0.0,97.0,94.0,25.0,50.0,0.0,13.4,149.0
746429,2394,previous_day1,0.0,97.0,94.0,32.9,44.0,0.0,19.8,180.0
746430,2394,previous_day1,0.0,97.0,94.0,22.5,92.0,0.0,5.8,360.0
746431,2735,previous_day1,0.0,100.0,100.0,22.3,91.0,0.4,4.3,318.0
746432,2394,previous_day1,1.0,97.0,94.0,22.9,86.0,0.0,6.0,57.0
746433,2394,previous_day1,0.0,97.0,94.0,25.3,71.0,4.7,12.4,292.0
746434,2394,previous_day1,1.0,97.0,94.0,26.6,62.0,0.0,15.5,226.0
746435,2394,previous_day1,0.0,97.0,94.0,27.2,43.0,0.0,13.5,171.0
746436,2394,previous_day1,0.0,97.0,94.0,27.5,47.0,0.0,10.4,146.0
746437,2394,previous_day1,1.0,97.0,94.0,29.5,34.0,0.0,11.5,166.0
746438,2394,previous_day1,0.0,97.0,94.0,26.4,72.0,0.0,2.6,254.0
746439,2394,previous_day1,1.0,97.0,94.0,32.7,40.0,0.0,2.9,83.0
746440,2394,previous_day1,0.0,97.0,94.0,31.8,33.0,0.0,16.7,341.0
746441,2394,previous_day1,1.0,97.0,94.0,27.0,70.0,0.0,8.7,240.0
746442,2394,previous_day1,0.0,97.0,94.0,31.5,50.0,0.0,13.6,168.0
746443,2394,previous_day1,0.0,97.0,94.0,23.8,91.0,0.0,3.6,6.0
746444,2394,previous_day1,0.0,97.0,94.0,28.0,65.0,0.0,14.0,154.0
746445,2394,previous_day1,1.0,97.0,94.0,32.5,32.0,0.0,5.0,180.0
746446,2394,previous_day1,0.0,97.0,94.0,29.0,38.0,0.0,9.5,101.0
746447,2394,previous_day1,1.0,97.0,94.0,30.8,43.0,0.0,5.6,195.0
746448,2394,previous_day1,0.0,97.0,94.0,25.8,34.0,0.0,13.6,78.0
746449,2394,previous_day1,1.0,97.0,94.0,25.5,88.0,4.7,13.9,323.0
746450,2394,previous_day1,0.0,97.0,94.0,25.6,67.0,0.0,2.2,189.0
746451,2394,previous_day1,0.0,97.0,94.0,23.6,87.0,0.7,5.0,240.0
746452,2394,previous_day1,1.0,97.0,94.0,24.4,73.0,0.0,9.2,315.0
746453,2394,previous_day1,0.0,97.0,94.0,19.1,90.0,0.0,22.6,331.0
746454,2394,previous_day1,0.0,97.0,94.0,26.0,76.0,0.0,11.8,230.0
746455,2394,previous_day1,0.0,97.0,94.0,30.7,33.0,0.0,16.9,179.0
746456,2394,previous_day1,1.0,97.0,94.0,23.0,87.0,0.0,9.0,143.0
746457,2394,previous_day1,1.0,97.0,94.0,27.3,71.0,0.0,21.8,279.0
746458,2394,previous_day1,0.0,97.0,94.0,26.0,44.0,0.0,10.2,100.0
746459,2394,previous_day1,1.0,97.0,94.0,33.3,41.0,0.0,19.5,231.0
746460,2394,previous_day1,0.0,97.0,94.0,31.8,48.0,0.0,8.8,282.0
746461,2394,previous_day1,1.0,97.0,94.0,25.8,26.0,0.0,16.0,211.0
746462,2394,previous_day1,0.0,97.0,94.0,27.9,31.0,0.0,19.1,184.0
746463,2394,previous_day1,1.0,97.0,94.0,24.0,31.0,0.0,27.3,282.0
746464,2394,previous_day1,0.0,97.0,94.0,21.6,38.0,0.0,14.4,148.0
746465,2394,previous_day1,1.0,97.0,94.0,28.6,49.0,0.0,21.1,213.0
746466,2394,previous_day1,0.0,97.0,94.0,18.4,50.0,0.0,20.4,296.0
746467,2394,previous_day1,1.0,97.0,94.0,16.9,76.0,0.0,19.2,13.0
746469,2394,previous_day1,1.0,97.0,94.0,25.1,49.0,0.0,18.8,110.0
746470,2394,previous_day1,1.0,97.0,94.0,24.5,52.0,0.0,24.3,246.0
746471,2394,previous_day1,0.0,97.0,94.0,25.1,32.0,0.0,16.1,230.0
746472,2394,previous_day1,1.0,97.0,94.0,22.4,51.0,0.0,19.2,40.0
746473,2394,previous_day1,0.0,97.0,94.0,19.3,41.0,0.0,17.8,36.0
746474,2394,previous_day1,0.0,97.0,94.0,26.3,23.0,0.0,14.5,297.0
746475,2394,previous_day1,0.0,97.0,94.0,27.8,22.0,0.0,7.0,125.0
746476,2394,previous_day1,1.0,97.0,94.0,19.2,35.0,0.0,8.6,270.0
746477,2394,previous_day1,1.0,97.0,94.0,19.4,46.0,0.0,18.9,261.0
746478,2394,previous_day1,1.0,97.0,94.0,19.8,71.0,0.0,19.9,226.0
746479,2394,previous_day1,0.0,97.0,94.0,15.1,44.0,0.0,7.0,111.0
746480,2394,previous_day1,0.0,97.0,94.0,9.9,84.0,0.0,22.3,280.0
746482,2394,previous_day1,1.0,97.0,94.0,15.4,43.0,0.0,15.8,91.0
746483,2394,previous_day1,1.0,97.0,94.0,23.1,78.0,0.0,20.1,224.0
746484,2394,previous_day1,0.0,97.0,94.0,24.3,60.0,0.0,19.5,219.0
746485,2394,previous_day1,1.0,97.0,94.0,12.5,78.0,0.0,13.7,272.0
746486,2394,previous_day1,1.0,97.0,94.0,15.4,46.0,0.0,18.5,69.0
746487,2394,previous_day1,1.0,97.0,94.0,19.9,89.0,0.0,19.4,180.0
746488,2394,previous_day1,0.0,97.0,94.0,20.6,26.0,0.0,17.2,299.0
746489,2394,previous_day1,1.0,97.0,94.0,10.0,63.0,0.0,27.0,291.0
746491,2394,previous_day1,0.0,97.0,94.0,7.4,74.0,0.0,36.4,290.0
746492,2394,previous_day1,1.0,97.0,94.0,24.1,45.0,0.0,23.8,290.0
746493,2394,previous_day1,1.0,97.0,94.0,12.1,31.0,0.0,17.0,73.0
746494,19,previous_day1,0.0,112.0,125.0,27.5,20.0,0.0,13.1,69.0
746495,19,previous_day1,1.0,112.0,125.0,32.4,11.0,0.0,11.9,14.0
746496,19,previous_day1,1.0,112.0,125.0,31.6,12.0,0.0,8.7,60.0
746497,2394,previous_day1,1.0,97.0,94.0,3.9,77.0,0.0,19.5,330.0
746498,2394,previous_day1,1.0,97.0,94.0,11.1,50.0,0.0,18.6,350.0
746499,19,previous_day1,0.0,112.0,125.0,29.4,14.0,0.0,14.1,103.0
746500,19,previous_day1,1.0,112.0,125.0,26.8,10.0,0.0,6.0,163.0
746501,19,previous_day1,0.0,112.0,125.0,25.2,17.0,0.0,9.5,99.0
746502,19,previous_day1,0.0,112.0,125.0,22.4,35.0,0.0,9.1,187.0
746503,19,previous_day1,0.0,112.0,125.0,22.2,27.0,0.0,18.7,220.0
746504,19,previous_day1,0.0,112.0,125.0,21.2,25.0,0.0,7.4,76.0
746505,19,previous_day1,1.0,112.0,125.0,31.0,13.0,0.0,18.7,130.0
746506,19,previous_day1,1.0,112.0,125.0,30.9,11.0,0.0,13.0,76.0
746507,19,previous_day1,0.0,112.0,125.0,31.2,10.0,0.0,14.3,34.0
746508,19,previous_day1,0.0,112.0,125.0,30.3,8.0,0.0,12.6,85.0
746509,19,previous_day1,0.0,112.0,125.0,23.6,14.0,0.0,9.7,75.0
746510,19,previous_day1,0.0,112.0,125.0,29.2,20.0,0.0,13.8,139.0
746511,19,previous_day1,0.0,112.0,125.0,28.6,18.0,0.0,12.3,97.0
746512,19,previous_day1,0.0,112.0,125.0,31.1,10.0,0.0,2.5,180.0
746513,19,previous_day1,0.0,112.0,125.0,29.1,19.0,0.0,4.6,45.0
746514,19,previous_day1,1.0,112.0,125.0,27.3,20.0,0.0,11.5,46.0
746515,19,previous_day1,0.0,112.0,125.0,35.8,7.0,0.0,9.8,8.0
746516,19,previous_day1,1.0,112.0,125.0,34.9,15.0,0.0,9.8,28.0
746517,19,previous_day1,1.0,112.0,125.0,32.6,19.0,0.0,21.3,282.0
746518,19,previous_day1,0.0,112.0,125.0,33.4,11.0,0.0,13.5,48.0
746519,19,previous_day1,0.0,112.0,125.0,30.3,29.0,0.0,18.2,124.0
746520,19,previous_day1,0.0,112.0,125.0,22.5,62.0,0.0,14.0,181.0
746521,19,previous_day1,0.0,112.0,125.0,27.4,35.0,0.0,8.1,45.0
746522,19,previous_day1,1.0,112.0,125.0,23.5,60.0,0.0,12.0,69.0
746523,19,previous_day1,0.0,112.0,125.0,17.4,78.0,0.4,7.6,335.0
746524,19,previous_day1,0.0,112.0,125.0,31.4,12.0,0.0,9.6,56.0
746525,19,previous_day1,1.0,112.0,125.0,34.5,11.0,0.0,9.3,62.0
746526,19,previous_day1,0.0,112.0,125.0,27.5,22.0,0.0,14.2,63.0
746527,19,previous_day1,0.0,112.0,125.0,29.4,20.0,0.0,16.9,20.0
746528,19,previous_day1,1.0,112.0,125.0,26.6,34.0,0.0,10.4,46.0
746529,19,previous_day1,0.0,112.0,125.0,31.6,7.0,0.0,24.4,301.0
746530,19,previous_day1,1.0,112.0,125.0,25.7,34.0,0.0,13.7,30.0
746531,19,previous_day1,0.0,112.0,125.0,29.6,23.0,0.0,23.2,44.0
746532,19,previous_day1,0.0,112.0,125.0,28.4,14.0,0.0,15.9,51.0
746533,19,previous_day1,0.0,112.0,125.0,27.1,16.0,0.0,11.4,79.0
746534,19,previous_day1,0.0,112.0,125.0,31.8,5.0,0.0,25.2,317.0
746535,19,previous_day1,0.0,112.0,125.0,31.8,17.0,0.0,3.6,53.0
746536,19,previous_day1,1.0,112.0,125.0,34.8,11.0,0.0,5.9,79.0
746537,19,previous_day1,0.0,112.0,125.0,29.6,10.0,0.0,19.6,354.0
746538,19,previous_day1,0.0,112.0,125.0,20.0,63.0,0.0,14.5,161.0
746539,19,previous_day1,1.0,112.0,125.0,33.4,16.0,0.0,23.8,190.0
746540,19,previous_day1,0.0,112.0,125.0,30.2,21.0,0.0,4.2,200.0
746541,19,previous_day1,0.0,112.0,125.0,29.7,19.0,0.0,14.2,300.0
746542,19,previous_day1,0.0,112.0,125.0,22.0,27.0,0.0,14.0,89.0
746543,19,previous_day1,0.0,112.0,125.0,34.0,7.0,0.0,25.4,258.0
746544,19,previous_day1,1.0,112.0,125.0,31.7,11.0,0.0,9.2,11.0
746545,19,previous_day1,0.0,112.0,125.0,26.7,27.0,0.0,7.9,60.0
746546,19,previous_day1,1.0,112.0,125.0,35.3,7.0,0.0,25.3,206.0
746547,19,previous_day1,0.0,112.0,125.0,30.0,17.0,0.0,21.3,96.0
746548,19,previous_day1,0.0,112.0,125.0,28.5,14.0,0.0,6.5,71.0
746549,19,previous_day1,1.0,112.0,125.0,24.3,18.0,0.0,9.6,70.0
746550,19,previous_day1,0.0,112.0,125.0,27.8,15.0,0.0,19.7,322.0
746551,19,previous_day1,0.0,112.0,125.0,26.0,18.0,0.0,21.5,198.0
746552,19,previous_day1,0.0,112.0,125.0,26.6,14.0,0.0,5.6,105.0
746553,19,previous_day1,0.0,112.0,125.0,11.3,60.0,0.0,5.4,228.0
746554,19,previous_day1,0.0,112.0,125.0,18.9,38.0,0.0,17.8,173.0
746555,19,previous_day1,1.0,112.0,125.0,21.1,22.0,0.0,15.4,33.0
746556,19,previous_day1,0.0,112.0,125.0,18.9,30.0,0.0,28.8,268.0
746557,19,previous_day1,1.0,112.0,125.0,21.8,18.0,0.0,23.8,299.0
746558,19,previous_day1,0.0,112.0,125.0,21.4,10.0,0.0,7.3,70.0
746559,19,previous_day1,0.0,112.0,125.0,10.2,35.0,0.0,30.7,283.0
746560,5340,previous_day1,1.0,100.0,100.0,,,,,
746561,5340,previous_day1,1.0,100.0,100.0,,,,,
746562,19,previous_day1,0.0,112.0,125.0,13.6,20.0,0.0,16.4,308.0
746563,19,previous_day1,1.0,112.0,125.0,11.8,45.0,0.0,9.8,28.0
746564,19,previous_day1,1.0,112.0,125.0,25.8,9.0,0.0,3.3,84.0
746565,19,previous_day1,0.0,112.0,125.0,22.5,15.0,0.0,22.9,278.0
746566,19,previous_day1,0.0,112.0,125.0,18.1,29.0,0.0,15.6,34.0
746567,19,previous_day1,0.0,112.0,125.0,23.4,18.0,0.0,16.9,16.0
746568,19,previous_day1,1.0,112.0,125.0,10.0,71.0,0.0,5.1,45.0
746569,19,previous_day1,0.0,112.0,125.0,11.8,16.0,0.0,7.4,39.0
746570,19,previous_day1,0.0,112.0,125.0,1.9,94.0,0.0,9.6,13.0
746571,19,previous_day1,0.0,112.0,125.0,14.9,13.0,0.0,7.9,74.0
746573,19,previous_day1,1.0,112.0,125.0,12.7,29.0,0.0,17.2,29.0
746574,19,previous_day1,1.0,112.0,125.0,12.5,15.0,0.0,23.9,275.0
746575,19,previous_day1,0.0,112.0,125.0,7.1,20.0,0.0,40.5,294.0
746576,19,previous_day1,1.0,112.0,125.0,24.3,9.0,0.0,26.6,179.0
746578,5,previous_day1,0.0,97.0,94.0,23.4,84.0,0.0,6.0,33.0
746579,5,previous_day1,1.0,97.0,94.0,25.8,61.0,0.0,14.0,348.0
746580,5,previous_day1,0.0,97.0,94.0,24.9,66.0,0.0,12.8,79.0
746581,5,previous_day1,0.0,97.0,94.0,21.6,80.0,0.0,8.9,148.0
746582,5,previous_day1,0.0,97.0,94.0,24.3,59.0,0.0,14.4,32.0
746583,5,previous_day1,0.0,97.0,94.0,20.9,92.0,0.0,4.0,10.0
746584,5,previous_day1,0.0,97.0,94.0,28.8,38.0,0.0,10.0,49.0
746585,5,previous_day1,1.0,97.0,94.0,30.0,25.0,0.0,11.4,118.0
746586,5,previous_day1,0.0,97.0,94.0,25.7,42.0,0.0,12.3,32.0
746587,5,previous_day1,0.0,97.0,94.0,26.6,44.0,0.0,11.4,114.0
746588,5,previous_day1,0.0,97.0,94.0,26.4,30.0,0.0,7.9,90.0
746589,5,previous_day1,1.0,97.0,94.0,25.8,75.0,0.0,14.1,195.0
746590,5,previous_day1,0.0,97.0,94.0,26.7,56.0,0.0,11.6,306.0
746591,5,previous_day1,0.0,97.0,94.0,26.3,48.0,0.0,11.3,27.0
746592,5,previous_day1,1.0,97.0,94.0,27.2,49.0,0.0,22.7,280.0
746593,5,previous_day1,0.0,97.0,94.0,28.4,62.0,1.4,5.1,321.0
746594,5,previous_day1,0.0,97.0,94.0,33.1,37.0,0.0,1.8,259.0
746595,5,previous_day1,1.0,97.0,94.0,30.3,42.0,0.0,11.0,349.0
746596,5,previous_day1,0.0,97.0,94.0,30.4,41.0,0.0,6.6,22.0
746597,5,previous_day1,0.0,97.0,94.0,24.1,39.0,0.0,11.5,14.0
746598,5,previous_day1,0.0,97.0,94.0,25.6,48.0,0.0,13.4,14.0
746599,5,previous_day1,0.0,97.0,94.0,26.6,29.0,0.0,11.8,27.0
746600,5,previous_day1,0.0,97.0,94.0,28.1,72.0,0.0,11.4,305.0
746601,5,previous_day1,0.0,97.0,94.0,25.6,44.0,0.0,9.9,10.0
746603,5,previous_day1,0.0,97.0,94.0,24.7,40.0,0.0,5.3,332.0
746604,5,previous_day1,1.0,97.0,94.0,25.0,59.0,0.0,15.8,49.0
746605,5,previous_day1,0.0,97.0,94.0,27.4,65.0,0.0,10.8,358.0
746606,5,previous_day1,1.0,97.0,94.0,31.1,38.0,0.0,9.9,327.0
746607,5,previous_day1,0.0,97.0,94.0,31.2,39.0,0.0,7.6,8.0
746608,5,previous_day1,0.0,97.0,94.0,27.0,71.0,0.0,12.8,292.0
746609,5,previous_day1,1.0,97.0,94.0,22.0,86.0,0.0,15.6,15.0
746610,5,previous_day1,1.0,97.0,94.0,28.3,38.0,0.0,14.6,322.0
746611,5,previous_day1,0.0,97.0,94.0,25.9,70.0,0.0,13.4,290.0
746612,5,previous_day1,0.0,97.0,94.0,24.1,61.0,0.0,11.2,358.0
746613,5,previous_day1,0.0,97.0,94.0,25.6,41.0,0.0,11.4,349.0
746614,5,previous_day1,0.0,97.0,94.0,23.5,78.0,0.0,8.5,54.0
746615,5,previous_day1,1.0,97.0,94.0,27.7,52.0,0.0,18.9,284.0
746616,5,previous_day1,1.0,97.0,94.0,27.1,52.0,0.0,16.4,322.0
746617,5,previous_day1,0.0,97.0,94.0,28.8,62.0,0.0,20.1,279.0
746618,5,previous_day1,0.0,97.0,94.0,23.7,44.0,0.0,14.1,4.0
746619,5,previous_day1,1.0,97.0,94.0,29.2,47.0,0.0,10.4,340.0
746620,5,previous_day1,0.0,97.0,94.0,22.5,87.0,1.8,5.9,317.0
746621,5,previous_day1,1.0,97.0,94.0,27.5,71.0,0.0,23.8,231.0
746622,5,previous_day1,1.0,97.0,94.0,33.1,42.0,0.0,14.3,311.0
746623,5,previous_day1,0.0,97.0,94.0,31.6,19.0,0.0,15.8,156.0
746624,5,previous_day1,0.0,97.0,94.0,30.4,51.0,0.0,7.7,349.0
746625,5,previous_day1,0.0,97.0,94.0,28.4,72.0,0.0,3.9,146.0
746626,5,previous_day1,1.0,97.0,94.0,30.0,61.0,0.0,13.6,338.0
746627,5,previous_day1,0.0,97.0,94.0,28.6,60.0,0.0,14.3,133.0
746629,5,previous_day1,1.0,97.0,94.0,28.2,18.0,0.0,15.1,162.0
746630,5,previous_day1,0.0,97.0,94.0,30.3,37.0,0.0,7.2,27.0
746631,5,previous_day1,1.0,97.0,94.0,22.2,75.0,0.0,13.3,232.0
746632,5,previous_day1,1.0,97.0,94.0,21.1,70.0,0.0,15.9,186.0
746633,5,previous_day1,0.0,97.0,94.0,31.6,30.0,0.0,7.6,239.0
746634,5,previous_day1,1.0,97.0,94.0,26.8,47.0,0.0,24.7,217.0
746635,5,previous_day1,0.0,97.0,94.0,20.0,21.0,0.0,7.2,360.0
746636,5,previous_day1,1.0,97.0,94.0,24.5,55.0,0.0,10.0,330.0
746637,5,previous_day1,0.0,97.0,94.0,27.3,41.0,0.0,9.3,347.0
746638,5,previous_day1,0.0,97.0,94.0,16.6,86.0,8.3,5.9,317.0
746639,5,previous_day1,0.0,97.0,94.0,17.9,36.0,0.0,16.9,20.0
746640,5,previous_day1,1.0,97.0,94.0,25.1,26.0,0.0,26.7,268.0
746641,5,previous_day1,0.0,97.0,94.0,20.3,81.0,0.0,8.4,160.0
746642,5,previous_day1,0.0,97.0,94.0,18.8,82.0,0.0,13.4,14.0
746643,5,previous_day1,1.0,97.0,94.0,19.9,86.0,0.0,19.5,272.0
746644,5,previous_day1,0.0,97.0,94.0,24.6,54.0,0.0,19.8,147.0
746645,5,previous_day1,0.0,97.0,94.0,20.0,55.0,0.0,4.0,350.0
746646,5,previous_day1,1.0,97.0,94.0,8.5,62.0,0.0,16.2,356.0
746647,5,previous_day1,0.0,97.0,94.0,13.1,68.0,0.0,8.9,291.0
746648,5,previous_day1,1.0,97.0,94.0,23.3,51.0,0.0,27.9,240.0
746649,5,previous_day1,0.0,97.0,94.0,4.2,78.0,0.0,16.3,338.0
746650,5,previous_day1,0.0,97.0,94.0,9.6,55.0,0.0,21.5,279.0
746651,5,previous_day1,0.0,97.0,94.0,6.0,59.0,0.0,16.6,275.0
746652,5,previous_day1,1.0,97.0,94.0,6.2,60.0,0.0,14.5,300.0
746653,5,previous_day1,0.0,97.0,94.0,24.7,34.0,0.0,21.7,207.0
746654,5,previous_day1,0.0,97.0,94.0,18.8,63.0,0.0,6.9,298.0
746655,5,previous_day1,0.0,97.0,94.0,15.6,42.0,0.0,10.0,30.0
746657,2602,previous_day1,1.0,107.0,114.0,33.9,19.0,0.0,11.4,193.0
746658,5,previous_day1,0.0,97.0,94.0,10.5,67.0,0.0,18.4,274.0
746659,2602,previous_day1,0.0,107.0,114.0,28.1,27.0,0.0,9.4,72.0
746660,2602,previous_day1,1.0,107.0,114.0,32.1,46.0,0.0,8.3,304.0
746661,2602,previous_day1,0.0,107.0,114.0,32.2,29.0,0.0,9.4,270.0
746662,2602,previous_day1,0.0,107.0,114.0,30.0,38.0,0.0,7.9,24.0
746663,2602,previous_day1,1.0,107.0,114.0,32.2,34.0,0.0,6.2,7.0
746664,2602,previous_day1,1.0,107.0,114.0,31.7,37.0,0.0,3.4,148.0
746665,2602,previous_day1,0.0,107.0,114.0,35.6,29.0,0.0,8.3,272.0
746666,2602,previous_day1,0.0,107.0,114.0,31.4,25.0,0.0,5.7,72.0
746667,2602,previous_day1,0.0,107.0,114.0,25.8,82.0,0.0,8.6,165.0
746668,2602,previous_day1,1.0,107.0,114.0,27.1,24.0,0.0,17.9,25.0
746669,2602,previous_day1,1.0,107.0,114.0,29.0,34.0,0.0,11.4,281.0
746670,2602,previous_day1,0.0,107.0,114.0,36.1,33.0,0.0,5.1,4.0
746671,2602,previous_day1,0.0,107.0,114.0,36.5,26.0,0.0,10.0,291.0
746672,2602,previous_day1,0.0,107.0,114.0,37.0,28.0,0.0,9.0,275.0
746673,2602,previous_day1,0.0,107.0,114.0,30.2,28.0,0.0,10.9,354.0
746674,2602,previous_day1,0.0,107.0,114.0,29.5,64.0,0.0,15.5,211.0
746675,2602,previous_day1,0.0,107.0,114.0,30.6,37.0,0.0,20.1,285.0
746676,2602,previous_day1,1.0,107.0,114.0,26.9,58.0,0.0,12.5,314.0
746677,2602,previous_day1,0.0,107.0,114.0,31.4,24.0,0.0,11.8,12.0
746678,2602,previous_day1,0.0,107.0,114.0,32.9,41.0,0.0,12.1,243.0
746679,2602,previous_day1,0.0,107.0,114.0,27.1,74.0,0.0,4.0,355.0
746680,2602,previous_day1,1.0,107.0,114.0,30.9,53.0,0.0,4.1,195.0
746681,2602,previous_day1,0.0,107.0,114.0,30.7,49.0,0.0,13.0,360.0
746682,2602,previous_day1,0.0,107.0,114.0,28.2,28.0,0.0,10.4,2.0
746683,2602,previous_day1,0.0,107.0,114.0,28.5,72.0,0.0,6.4,313.0
746684,2602,previous_day1,0.0,107.0,114.0,27.1,65.0,0.0,12.3,232.0
746685,2602,previous_day1,0.0,107.0,114.0,32.9,38.0,0.0,6.9,351.0
746686,2602,previous_day1,1.0,107.0,114.0,35.9,33.0,0.0,17.0,234.0
746687,2602,previous_day1,1.0,107.0,114.0,35.1,29.0,0.0,5.1,262.0
746688,2602,previous_day1,1.0,107.0,114.0,29.7,39.0,0.0,1.5,76.0
746689,2602,previous_day1,0.0,107.0,114.0,24.4,60.0,0.0,18.5,303.0
746690,2602,previous_day1,0.0,107.0,114.0,31.0,50.0,0.0,15.3,49.0
746691,2602,previous_day1,1.0,107.0,114.0,32.6,30.0,0.0,0.8,153.0
746692,2602,previous_day1,0.0,107.0,114.0,35.6,22.0,0.0,6.2,280.0
746693,2602,previous_day1,0.0,107.0,114.0,26.9,74.0,0.0,13.9,280.0
746694,2602,previous_day1,1.0,107.0,114.0,30.8,34.0,0.0,16.2,270.0
746695,2602,previous_day1,1.0,107.0,114.0,27.8,59.0,0.0,14.5,243.0
746696,2602,previous_day1,0.0,107.0,114.0,30.4,31.0,0.0,12.1,348.0
746697,2602,previous_day1,0.0,107.0,114.0,27.2,56.0,0.0,3.7,331.0
746698,2602,previous_day1,0.0,107.0,114.0,35.9,29.0,0.0,10.7,346.0
746699,2602,previous_day1,1.0,107.0,114.0,25.0,82.0,0.0,15.5,265.0
746700,2602,previous_day1,1.0,107.0,114.0,36.6,27.0,0.0,11.5,256.0
746701,2602,previous_day1,0.0,107.0,114.0,30.2,22.0,0.0,6.0,107.0
746702,2602,previous_day1,0.0,107.0,114.0,26.4,22.0,0.0,7.2,360.0
746703,2602,previous_day1,1.0,107.0,114.0,30.0,30.0,0.0,20.6,241.0
746704,2602,previous_day1,0.0,107.0,114.0,26.5,24.0,0.0,24.2,288.0
746705,2602,previous_day1,1.0,107.0,114.0,26.0,32.0,0.0,21.4,314.0
746706,2602,previous_day1,1.0,107.0,114.0,19.8,54.0,0.0,19.2,298.0
746707,2602,previous_day1,0.0,107.0,114.0,27.6,21.0,0.0,25.2,280.0
746708,2602,previous_day1,1.0,107.0,114.0,22.6,62.0,0.0,23.8,267.0
746709,2602,previous_day1,0.0,107.0,114.0,22.6,46.0,0.0,17.4,294.0
746710,2602,previous_day1,0.0,107.0,114.0,27.6,46.0,0.0,13.3,267.0
746711,2602,previous_day1,1.0,107.0,114.0,29.2,48.0,0.0,18.1,186.0
746712,2602,previous_day1,0.0,107.0,114.0,30.6,39.0,0.0,17.8,263.0
746713,2602,previous_day1,0.0,107.0,114.0,29.4,43.0,0.0,13.2,209.0
746714,2602,previous_day1,1.0,107.0,114.0,23.4,73.0,0.0,10.6,204.0
746715,2602,previous_day1,1.0,107.0,114.0,22.8,76.0,0.0,21.0,239.0
746716,2602,previous_day1,0.0,107.0,114.0,30.7,40.0,0.0,18.7,203.0
746717,2602,previous_day1,0.0,107.0,114.0,22.8,82.0,0.0,4.0,90.0
746718,2602,previous_day1,0.0,107.0,114.0,23.8,83.0,0.0,13.2,215.0
746719,2602,previous_day1,1.0,107.0,114.0,26.6,56.0,0.0,10.5,266.0
746720,2602,previous_day1,0.0,107.0,114.0,22.2,89.0,0.0,10.8,94.0
746721,2602,previous_day1,0.0,107.0,114.0,19.1,88.0,0.0,3.9,326.0
746722,2602,previous_day1,0.0,107.0,114.0,19.5,31.0,0.0,19.2,264.0
746723,2602,previous_day1,0.0,107.0,114.0,17.3,24.0,0.0,13.2,215.0
746724,2602,previous_day1,1.0,107.0,114.0,11.7,46.0,0.0,8.4,70.0
746725,2602,previous_day1,0.0,107.0,114.0,13.0,59.0,0.0,15.1,360.0
746726,2602,previous_day1,0.0,107.0,114.0,11.9,29.0,0.0,17.2,296.0
746727,2602,previous_day1,1.0,107.0,114.0,8.5,50.0,0.0,13.0,312.0
746728,2602,previous_day1,0.0,107.0,114.0,17.1,92.0,0.0,9.0,143.0
746729,2602,previous_day1,0.0,107.0,114.0,12.0,59.0,0.0,15.5,329.0
746731,2602,previous_day1,1.0,107.0,114.0,11.7,47.0,0.0,11.2,4.0
746732,2602,previous_day1,0.0,107.0,114.0,19.9,72.0,0.0,16.8,215.0
746733,2602,previous_day1,0.0,107.0,114.0,4.0,92.0,0.4,17.1,353.0
746734,2602,previous_day1,1.0,107.0,114.0,16.4,34.0,0.0,20.3,123.0
746735,2602,previous_day1,0.0,107.0,114.0,22.7,41.0,0.0,11.4,215.0
746736,2602,previous_day1,1.0,107.0,114.0,24.3,44.0,0.0,29.9,244.0
746737,2602,previous_day1,1.0,107.0,114.0,13.3,34.0,0.0,15.9,288.0
746738,4,previous_day1,1.0,100.0,100.0,,,,,
746739,2602,previous_day1,1.0,107.0,114.0,15.9,54.0,0.0,8.3,198.0
746740,4,previous_day1,0.0,100.0,100.0,,,,,
746741,4,previous_day1,1.0,100.0,100.0,,,,,
746742,4,previous_day1,0.0,100.0,100.0,,,,,
746743,4,previous_day1,0.0,100.0,100.0,,,,,
746744,4,previous_day1,0.0,100.0,100.0,,,,,
746745,4,previous_day1,1.0,100.0,100.0,,,,,
746746,4,previous_day1,0.0,100.0,100.0,,,,,
746747,4,previous_day1,0.0,100.0,100.0,,,,,
746748,4,previous_day1,1.0,100.0,100.0,,,,,
746749,4,previous_day1,0.0,100.0,100.0,,,,,
746750,4,previous_day1,1.0,100.0,100.0,,,,,
746751,4,previous_day1,0.0,100.0,100.0,,,,,
746752,4,previous_day1,0.0,100.0,100.0,,,,,
746753,4,previous_day1,0.0,100.0,100.0,,,,,
746754,4,previous_day1,1.0,100.0,100.0,,,,,
746755,4,previous_day1,0.0,100.0,100.0,,,,,
746756,4,previous_day1,0.0,100.0,100.0,,,,,
746757,4,previous_day1,0.0,100.0,100.0,,,,,
746758,4,previous_day1,0.0,100.0,100.0,,,,,
746759,4,previous_day1,0.0,100.0,100.0,,,,,
746760,4,previous_day1,0.0,100.0,100.0,,,,,
746761,4,previous_day1,0.0,100.0,100.0,,,,,
746762,4,previous_day1,0.0,100.0,100.0,,,,,
746763,4,previous_day1,0.0,100.0,100.0,,,,,
746764,4,previous_day1,1.0,100.0,100.0,,,,,
746765,4,previous_day1,0.0,100.0,100.0,,,,,
746766,4,previous_day1,1.0,100.0,100.0,,,,,
746767,4,previous_day1,0.0,100.0,100.0,,,,,
746768,4,previous_day1,0.0,100.0,100.0,,,,,
746769,4,previous_day1,1.0,100.0,100.0,,,,,
746770,4,previous_day1,1.0,100.0,100.0,,,,,
746771,4,previous_day1,0.0,100.0,100.0,,,,,
746772,4,previous_day1,1.0,100.0,100.0,,,,,
746774,4,previous_day1,0.0,100.0,100.0,,,,,
746775,4,previous_day1,0.0,100.0,100.0,,,,,
746776,4,previous_day1,0.0,100.0,100.0,,,,,
746777,4,previous_day1,0.0,100.0,100.0,,,,,
746778,4,previous_day1,1.0,100.0,100.0,,,,,
746779,4,previous_day1,1.0,100.0,100.0,,,,,
746780,4,previous_day1,0.0,100.0,100.0,,,,,
746781,4,previous_day1,0.0,100.0,100.0,,,,,
746782,4,previous_day1,1.0,100.0,100.0,,,,,
746783,4,previous_day1,0.0,100.0,100.0,,,,,
746784,4,previous_day1,0.0,100.0,100.0,,,,,
746785,4,previous_day1,0.0,100.0,100.0,,,,,
746786,4,previous_day1,1.0,100.0,100.0,,,,,
746787,4,previous_day1,1.0,100.0,100.0,,,,,
746788,4,previous_day1,1.0,100.0,100.0,,,,,
746789,4,previous_day1,1.0,100.0,100.0,,,,,
746790,4,previous_day1,0.0,100.0,100.0,,,,,
746791,4,previous_day1,0.0,100.0,100.0,,,,,
746792,4,previous_day1,0.0,100.0,100.0,,,,,
746793,4,previous_day1,0.0,100.0,100.0,,,,,
746794,4,previous_day1,1.0,100.0,100.0,,,,,
746795,4,previous_day1,1.0,100.0,100.0,,,,,
746796,4,previous_day1,1.0,100.0,100.0,,,,,
746797,4,previous_day1,0.0,100.0,100.0,,,,,
746798,4,previous_day1,1.0,100.0,100.0,,,,,
746800,4,previous_day1,1.0,100.0,100.0,,,,,
746801,4,previous_day1,0.0,100.0,100.0,,,,,
746802,4,previous_day1,0.0,100.0,100.0,,,,,
746803,4,previous_day1,0.0,100.0,100.0,,,,,
746804,4,previous_day1,0.0,100.0,100.0,,,,,
746805,4,previous_day1,1.0,100.0,100.0,,,,,
746806,4,previous_day1,0.0,100.0,100.0,,,,,
746807,4,previous_day1,1.0,100.0,100.0,,,,,
746808,4,previous_day1,0.0,100.0,100.0,,,,,
746810,4,previous_day1,1.0,100.0,100.0,,,,,
746811,4,previous_day1,1.0,100.0,100.0,,,,,
746812,4,previous_day1,0.0,100.0,100.0,,,,,
746813,4,previous_day1,0.0,100.0,100.0,,,,,
746814,4,previous_day1,0.0,100.0,100.0,,,,,
746815,4,previous_day1,1.0,100.0,100.0,,,,,
746817,4,previous_day1,1.0,100.0,100.0,,,,,
746818,4,previous_day1,1.0,100.0,100.0,,,,,
746819,17,previous_day1,1.0,101.0,102.0,,,,,
746820,17,previous_day1,1.0,101.0,102.0,,,,,
746821,4,previous_day1,1.0,100.0,100.0,,,,,
746822,17,previous_day1,1.0,101.0,102.0,,,,,
746823,17,previous_day1,0.0,101.0,102.0,,,,,
746824,17,previous_day1,1.0,101.0,102.0,,,,,
746825,17,previous_day1,1.0,101.0,102.0,,,,,
746826,17,previous_day1,1.0,101.0,102.0,,,,,
746827,17,previous_day1,1.0,101.0,102.0,,,,,
746828,17,previous_day1,0.0,101.0,102.0,,,,,
746829,17,previous_day1,1.0,101.0,102.0,,,,,
746830,17,previous_day1,0.0,101.0,102.0,,,,,
746831,17,previous_day1,1.0,101.0,102.0,,,,,
746832,17,previous_day1,1.0,101.0,102.0,,,,,
746833,17,previous_day1,0.0,101.0,102.0,,,,,
746834,17,previous_day1,0.0,101.0,102.0,,,,,
746835,17,previous_day1,0.0,101.0,102.0,,,,,
746836,17,previous_day1,1.0,101.0,102.0,,,,,
746837,17,previous_day1,0.0,101.0,102.0,,,,,
746838,17,previous_day1,1.0,101.0,102.0,,,,,
746839,17,previous_day1,0.0,101.0,102.0,,,,,
746840,17,previous_day1,0.0,101.0,102.0,,,,,
746841,17,previous_day1,1.0,101.0,102.0,,,,,
746842,17,previous_day1,1.0,101.0,102.0,,,,,
746843,17,previous_day1,1.0,101.0,102.0,,,,,
746844,17,previous_day1,0.0,101.0,102.0,,,,,
746845,17,previous_day1,1.0,101.0,102.0,,,,,
746846,17,previous_day1,1.0,101.0,102.0,,,,,
746847,17,previous_day1,0.0,101.0,102.0,,,,,
746848,17,previous_day1,0.0,101.0,102.0,,,,,
746849,17,previous_day1,0.0,101.0,102.0,,,,,
746850,17,previous_day1,0.0,101.0,102.0,,,,,
746851,17,previous_day1,1.0,101.0,102.0,,,,,
746852,17,previous_day1,0.0,101.0,102.0,,,,,
746853,17,previous_day1,1.0,101.0,102.0,,,,,
746854,17,previous_day1,1.0,101.0,102.0,,,,,
746855,17,previous_day1,1.0,101.0,102.0,,,,,
746856,17,previous_day1,1.0,101.0,102.0,,,,,
746857,17,previous_day1,1.0,101.0,102.0,,,,,
746858,17,previous_day1,0.0,101.0,102.0,,,,,
746859,17,previous_day1,1.0,101.0,102.0,,,,,
746860,17,previous_day1,0.0,101.0,102.0,,,,,
746861,17,previous_day1,1.0,101.0,102.0,,,,,
746862,17,previous_day1,0.0,101.0,102.0,,,,,
746863,17,previous_day1,1.0,101.0,102.0,,,,,
746864,17,previous_day1,1.0,101.0,102.0,,,,,
746865,17,previous_day1,1.0,101.0,102.0,,,,,
746866,17,previous_day1,1.0,101.0,102.0,,,,,
746867,17,previous_day1,0.0,101.0,102.0,,,,,
746868,17,previous_day1,0.0,101.0,102.0,,,,,
746869,17,previous_day1,1.0,101.0,102.0,,,,,
746870,17,previous_day1,0.0,101.0,102.0,,,,,
746871,17,previous_day1,1.0,101.0,102.0,,,,,
746872,17,previous_day1,0.0,101.0,102.0,,,,,
746873,17,previous_day1,0.0,101.0,102.0,,,,,
746874,17,previous_day1,1.0,101.0,102.0,,,,,
746875,17,previous_day1,0.0,101.0,102.0,,,,,
746876,17,previous_day1,0.0,101.0,102.0,,,,,
746877,17,previous_day1,1.0,101.0,102.0,,,,,
746878,17,previous_day1,1.0,101.0,102.0,,,,,
746879,17,previous_day1,1.0,101.0,102.0,,,,,
746880,17,previous_day1,1.0,101.0,102.0,,,,,
746881,17,previous_day1,0.0,101.0,102.0,,,,,
746882,17,previous_day1,1.0,101.0,102.0,,,,,
746883,17,previous_day1,1.0,101.0,102.0,,,,,
746884,17,previous_day1,1.0,101.0,102.0,,,,,
746885,17,previous_day1,0.0,101.0,102.0,,,,,
746886,17,previous_day1,0.0,101.0,102.0,,,,,
746887,17,previous_day1,1.0,101.0,102.0,,,,,
746888,17,previous_day1,0.0,101.0,102.0,,,,,
746889,17,previous_day1,0.0,101.0,102.0,,,,,
746890,17,previous_day1,1.0,101.0,102.0,,,,,
746892,17,previous_day1,1.0,101.0,102.0,,,,,
746893,17,previous_day1,1.0,101.0,102.0,,,,,
746894,17,previous_day1,1.0,101.0,102.0,,,,,
746895,17,previous_day1,1.0,101.0,102.0,,,,,
746896,17,previous_day1,1.0,101.0,102.0,,,,,
746897,17,previous_day1,1.0,101.0,102.0,,,,,
746898,17,previous_day1,0.0,101.0,102.0,,,,,
746899,17,previous_day1,1.0,101.0,102.0,,,,,
746900,17,previous_day1,0.0,101.0,102.0,,,,,
746901,3,previous_day1,1.0,108.0,117.0,19.1,65.0,0.0,10.7,78.0
746902,3,previous_day1,1.0,108.0,117.0,19.2,75.0,0.0,14.3,56.0
746903,3,previous_day1,1.0,108.0,117.0,16.6,77.0,0.0,17.8,18.0
746904,3,previous_day1,0.0,108.0,117.0,20.2,57.0,0.0,6.1,360.0
746905,3,previous_day1,0.0,108.0,117.0,17.1,73.0,0.0,17.3,12.0
746907,3,previous_day1,0.0,108.0,117.0,21.3,28.0,0.0,9.4,266.0
746908,3,previous_day1,0.0,108.0,117.0,20.6,41.0,0.0,10.5,117.0
746909,3,previous_day1,0.0,108.0,117.0,21.9,42.0,0.0,10.7,225.0
746910,3,previous_day1,1.0,108.0,117.0,20.1,38.0,0.0,21.5,256.0
746911,3,previous_day1,0.0,108.0,117.0,20.8,68.0,0.0,9.6,124.0
746912,3,previous_day1,0.0,108.0,117.0,18.9,86.0,0.0,12.8,58.0
746913,3,previous_day1,0.0,108.0,117.0,26.1,48.0,0.0,16.9,333.0
746914,3,previous_day1,0.0,108.0,117.0,17.6,64.0,0.0,11.3,68.0
746915,3,previous_day1,0.0,108.0,117.0,17.9,92.0,0.0,8.0,117.0
746916,3,previous_day1,0.0,108.0,117.0,26.1,58.0,0.0,7.8,103.0
746917,3,previous_day1,1.0,108.0,117.0,28.9,33.0,0.0,13.2,287.0
746918,3,previous_day1,1.0,108.0,117.0,30.1,34.0,0.0,4.5,61.0
746919,3,previous_day1,0.0,108.0,117.0,27.0,41.0,0.0,13.4,82.0
746920,3,previous_day1,0.0,108.0,117.0,25.4,38.0,0.0,11.3,277.0
746921,3,previous_day1,0.0,108.0,117.0,19.9,84.0,0.0,10.1,207.0
746922,3,previous_day1,1.0,108.0,117.0,30.0,48.0,0.0,19.3,256.0
746923,3,previous_day1,1.0,108.0,117.0,27.4,33.0,0.0,18.7,242.0
746924,3,previous_day1,0.0,108.0,117.0,26.4,43.0,0.0,11.2,312.0
746925,3,previous_day1,1.0,108.0,117.0,28.4,71.0,0.0,28.5,178.0
746926,3,previous_day1,0.0,108.0,117.0,28.6,55.0,0.0,23.1,194.0
746927,3,previous_day1,0.0,108.0,117.0,26.9,76.0,0.0,27.4,163.0
746928,3,previous_day1,0.0,108.0,117.0,23.4,76.0,0.0,13.3,199.0
746929,3,previous_day1,0.0,108.0,117.0,19.8,73.0,0.0,12.0,74.0
746930,3,previous_day1,1.0,108.0,117.0,26.0,73.0,0.0,11.4,191.0
746931,3,previous_day1,0.0,108.0,117.0,28.4,40.0,0.0,13.7,125.0
746932,3,previous_day1,1.0,108.0,117.0,32.9,37.0,0.0,1.4,270.0
746933,3,previous_day1,0.0,108.0,117.0,28.2,29.0,0.0,14.7,324.0
746934,3,previous_day1,0.0,108.0,117.0,28.3,67.0,0.0,24.3,187.0
746935,3,previous_day1,0.0,108.0,117.0,30.8,47.0,0.0,21.7,199.0
746936,3,previous_day1,0.0,108.0,117.0,29.6,63.0,0.0,19.3,209.0
746937,3,previous_day1,0.0,108.0,117.0,29.4,64.0,0.0,15.1,198.0
746938,3,previous_day1,1.0,108.0,117.0,31.6,59.0,0.0,26.2,217.0
746939,3,previous_day1,0.0,108.0,117.0,22.2,45.0,0.0,13.4,98.0
746940,3,previous_day1,1.0,108.0,117.0,24.8,54.0,0.0,23.9,185.0
746941,3,previous_day1,0.0,108.0,117.0,24.0,59.0,0.0,15.5,265.0
746942,3,previous_day1,0.0,108.0,117.0,26.0,73.0,0.0,17.0,167.0
746943,3,previous_day1,0.0,108.0,117.0,28.8,34.0,0.0,13.5,261.0
746944,3,previous_day1,0.0,108.0,117.0,26.3,50.0,0.0,20.7,188.0
746945,3,previous_day1,0.0,108.0,117.0,19.7,53.0,0.0,13.2,119.0
746946,3,previous_day1,0.0,108.0,117.0,21.0,33.0,0.0,18.7,326.0
746947,3,previous_day1,0.0,108.0,117.0,21.9,75.0,0.0,14.0,226.0
746948,3,previous_day1,0.0,108.0,117.0,25.1,40.0,0.0,12.1,260.0
746949,3,previous_day1,0.0,108.0,117.0,19.8,67.0,0.0,14.6,99.0
746950,3,previous_day1,1.0,108.0,117.0,28.7,48.0,0.0,17.9,205.0
746951,3,previous_day1,0.0,108.0,117.0,21.0,52.0,0.0,8.4,83.0
746952,3,previous_day1,1.0,108.0,117.0,23.0,40.0,0.0,15.5,72.0
746953,3,previous_day1,1.0,108.0,117.0,26.1,41.0,0.0,10.5,68.0
746954,3,previous_day1,0.0,108.0,117.0,14.0,83.0,0.0,3.8,107.0
746955,3,previous_day1,0.0,108.0,117.0,16.6,71.0,0.0,6.6,103.0
746956,3,previous_day1,0.0,108.0,117.0,26.5,28.0,0.0,22.4,276.0
746957,3,previous_day1,1.0,108.0,117.0,27.3,48.0,0.0,12.7,188.0
746958,3,previous_day1,1.0,108.0,117.0,23.7,42.0,0.0,13.6,68.0
746959,3,previous_day1,0.0,108.0,117.0,13.8,93.0,0.0,10.0,41.0
746960,3,previous_day1,0.0,108.0,117.0,18.0,89.0,0.0,7.2,53.0
746961,3,previous_day1,0.0,108.0,117.0,17.3,55.0,0.0,10.8,105.0
746962,3,previous_day1,0.0,108.0,117.0,19.9,52.0,0.0,20.5,177.0
746963,3,previous_day1,1.0,108.0,117.0,12.1,63.0,0.0,19.3,66.0
746964,3,previous_day1,0.0,108.0,117.0,9.5,61.0,0.0,14.5,55.0
746965,3,previous_day1,1.0,108.0,117.0,14.3,43.0,0.0,9.5,101.0
746966,3,previous_day1,0.0,108.0,117.0,7.8,83.0,0.0,9.7,75.0
746967,3,previous_day1,0.0,108.0,117.0,19.0,61.0,0.0,14.4,212.0
746968,3,previous_day1,0.0,108.0,117.0,6.5,92.0,0.0,17.0,85.0
746969,3,previous_day1,1.0,108.0,117.0,17.4,68.0,0.0,12.8,164.0
746970,3,previous_day1,1.0,108.0,117.0,7.9,68.0,0.0,13.7,63.0
746971,3,previous_day1,1.0,108.0,117.0,15.4,35.0,0.0,18.2,81.0
746972,3,previous_day1,0.0,108.0,117.0,8.9,35.0,0.0,12.4,107.0
746973,3,previous_day1,0.0,108.0,117.0,7.6,71.0,0.0,18.1,83.0
746974,3,previous_day1,1.0,108.0,117.0,15.4,61.0,0.0,13.0,267.0
746975,3,previous_day1,1.0,108.0,117.0,11.5,69.0,0.0,22.7,228.0
746976,3,previous_day1,0.0,108.0,117.0,13.7,50.0,0.0,12.6,275.0
746977,3,previous_day1,0.0,108.0,117.0,12.6,96.0,0.0,11.1,126.0
746978,3,previous_day1,0.0,108.0,117.0,13.1,86.0,0.0,20.5,178.0
746979,3,previous_day1,1.0,108.0,117.0,9.1,72.0,0.0,23.7,242.0
746980,3,previous_day1,0.0,108.0,117.0,10.2,77.0,0.0,13.8,96.0
746981,3,previous_day1,1.0,108.0,117.0,10.1,52.0,0.0,16.9,78.0
746982,2,previous_day1,1.0,101.0,102.0,20.9,80.0,0.0,9.8,66.0
746983,2,previous_day1,1.0,101.0,102.0,25.9,56.0,0.0,8.3,124.0
746984,2,previous_day1,0.0,101.0,102.0,25.4,54.0,0.0,7.9,114.0
746985,2,previous_day1,1.0,101.0,102.0,25.3,70.0,0.0,3.6,354.0
746986,2,previous_day1,1.0,101.0,102.0,16.2,79.0,0.7,9.7,333.0
746987,2,previous_day1,0.0,101.0,102.0,24.2,66.0,0.0,8.6,90.0
746988,2,previous_day1,0.0,101.0,102.0,25.5,50.0,0.0,11.2,45.0
746989,2,previous_day1,1.0,101.0,102.0,19.6,39.0,0.0,13.6,282.0
746990,2,previous_day1,0.0,101.0,102.0,24.2,39.0,0.0,10.2,98.0
746991,2,previous_day1,0.0,101.0,102.0,22.6,28.0,0.0,9.5,53.0
746992,2,previous_day1,1.0,101.0,102.0,27.1,27.0,0.0,18.0,327.0
746993,2,previous_day1,0.0,101.0,102.0,25.2,56.0,0.0,11.4,118.0
746994,2,previous_day1,0.0,101.0,102.0,28.3,41.0,0.0,11.8,140.0
746995,2,previous_day1,0.0,101.0,102.0,26.5,31.0,0.0,10.3,115.0
746996,2,previous_day1,1.0,101.0,102.0,30.0,33.0,0.0,16.4,123.0
746997,2,previous_day1,0.0,101.0,102.0,25.3,77.0,0.0,18.3,135.0
746998,2,previous_day1,0.0,101.0,102.0,24.8,34.0,0.0,7.9,317.0
746999,2,previous_day1,1.0,101.0,102.0,31.6,54.0,0.0,10.1,197.0
747000,2,previous_day1,0.0,101.0,102.0,28.8,35.0,0.0,11.9,358.0
747001,2,previous_day1,0.0,101.0,102.0,29.9,40.0,0.0,19.3,147.0
747002,2,previous_day1,0.0,101.0,102.0,29.8,31.0,0.0,6.4,27.0
747003,2,previous_day1,1.0,101.0,102.0,29.5,65.0,0.0,2.1,239.0
747004,2,previous_day1,0.0,101.0,102.0,27.5,37.0,0.0,9.9,303.0
747005,2,previous_day1,0.0,101.0,102.0,28.9,69.0,0.0,19.4,145.0
747006,2,previous_day1,1.0,101.0,102.0,31.8,32.0,0.0,12.6,117.0
747007,2,previous_day1,1.0,101.0,102.0,35.5,34.0,0.0,13.6,169.0
747008,2,previous_day1,1.0,101.0,102.0,32.5,31.0,0.0,12.3,111.0
747009,2,previous_day1,1.0,101.0,102.0,36.1,39.0,0.0,12.3,232.0
747010,2,previous_day1,0.0,101.0,102.0,27.6,42.0,0.0,10.0,116.0
747011,2,previous_day1,0.0,101.0,102.0,32.1,36.0,0.0,13.7,305.0
747012,2,previous_day1,0.0,101.0,102.0,24.8,91.0,2.2,7.4,299.0
747013,2,previous_day1,1.0,101.0,102.0,32.5,58.0,0.0,12.6,103.0
747014,2,previous_day1,0.0,101.0,102.0,34.8,43.0,0.0,13.8,160.0
747015,2,previous_day1,0.0,101.0,102.0,31.8,61.0,0.0,27.9,151.0
747016,2,previous_day1,0.0,101.0,102.0,31.7,58.0,0.0,8.3,95.0
747017,2,previous_day1,0.0,101.0,102.0,28.1,53.0,0.0,18.1,121.0
747018,2,previous_day1,0.0,101.0,102.0,30.0,62.0,0.0,22.5,153.0
747019,2,previous_day1,0.0,101.0,102.0,27.9,69.0,0.0,0.4,90.0
747020,2,previous_day1,0.0,101.0,102.0,31.3,31.0,0.0,8.8,282.0
747021,2,previous_day1,0.0,101.0,102.0,26.3,33.0,0.0,30.8,325.0
747022,2,previous_day1,0.0,101.0,102.0,34.3,22.0,0.0,17.2,200.0
747023,2,previous_day1,1.0,101.0,102.0,29.6,37.0,0.0,13.0,118.0
747024,2,previous_day1,1.0,101.0,102.0,29.2,30.0,0.0,16.2,328.0
747025,2,previous_day1,0.0,101.0,102.0,28.7,48.0,0.0,12.1,23.0
747026,2,previous_day1,1.0,101.0,102.0,31.2,43.0,0.0,16.2,181.0
747027,2,previous_day1,0.0,101.0,102.0,23.3,45.0,0.0,7.2,37.0
747028,2,previous_day1,0.0,101.0,102.0,27.1,38.0,0.0,9.5,155.0
747029,2,previous_day1,1.0,101.0,102.0,29.1,23.0,0.0,6.3,257.0
747030,2,previous_day1,1.0,101.0,102.0,31.4,24.0,0.0,13.9,217.0
747031,2,previous_day1,0.0,101.0,102.0,18.3,75.0,0.0,2.5,270.0
747032,2,previous_day1,0.0,101.0,102.0,23.4,28.0,0.0,11.9,331.0
747033,2,previous_day1,0.0,101.0,102.0,26.2,35.0,0.4,16.6,246.0
747034,2,previous_day1,1.0,101.0,102.0,25.6,66.0,0.0,18.4,184.0
747035,2,previous_day1,1.0,101.0,102.0,20.6,78.0,0.0,6.9,81.0
747036,2,previous_day1,1.0,101.0,102.0,19.2,75.0,0.7,8.0,126.0
747037,2,previous_day1,0.0,101.0,102.0,20.3,75.0,0.0,17.7,119.0
747038,2,previous_day1,1.0,101.0,102.0,15.7,95.0,2.9,15.1,57.0
747040,2,previous_day1,0.0,101.0,102.0,21.8,50.0,0.0,16.1,151.0
747041,2,previous_day1,1.0,101.0,102.0,17.9,34.0,0.0,13.8,123.0
747042,2,previous_day1,1.0,101.0,102.0,16.2,63.0,0.0,14.6,310.0
747043,2,previous_day1,0.0,101.0,102.0,9.9,88.0,1.1,17.8,32.0
747044,2,previous_day1,1.0,101.0,102.0,30.7,33.0,0.0,16.9,286.0
747045,2,previous_day1,1.0,101.0,102.0,28.7,43.0,0.0,10.5,266.0
747046,2,previous_day1,0.0,101.0,102.0,29.7,36.0,0.0,12.0,139.0
747047,2,previous_day1,0.0,101.0,102.0,28.6,34.0,0.4,23.1,274.0
747048,2,previous_day1,0.0,101.0,102.0,27.4,26.0,0.0,6.8,302.0
747049,2,previous_day1,1.0,101.0,102.0,15.5,84.0,0.0,10.7,57.0
747050,2,previous_day1,0.0,101.0,102.0,14.9,25.0,0.0,18.2,115.0
747051,2,previous_day1,0.0,101.0,102.0,21.6,24.0,0.0,11.4,118.0
747052,2,previous_day1,1.0,101.0,102.0,15.6,37.0,0.0,15.5,158.0
747053,2,previous_day1,0.0,101.0,102.0,26.0,40.0,0.0,18.2,330.0
747054,2,previous_day1,1.0,101.0,102.0,14.4,43.0,0.0,36.3,290.0
747055,2,previous_day1,0.0,101.0,102.0,13.2,69.0,0.0,17.9,230.0
747056,2,previous_day1,1.0,101.0,102.0,25.1,25.0,0.0,28.6,203.0
747057,2,previous_day1,0.0,101.0,102.0,10.1,95.0,0.0,16.6,68.0
747058,2,previous_day1,0.0,101.0,102.0,11.6,96.0,0.0,12.7,75.0
747059,2,previous_day1,1.0,101.0,102.0,12.0,95.0,0.4,14.8,67.0
747060,2,previous_day1,1.0,101.0,102.0,8.3,89.0,0.7,22.1,323.0
747061,4705,previous_day1,1.0,101.0,102.0,23.6,70.0,0.0,12.2,225.0
747062,2,previous_day1,1.0,101.0,102.0,17.3,50.0,0.0,13.2,287.0
747063,2,previous_day1,1.0,101.0,102.0,18.2,31.0,0.0,10.4,194.0
747065,4705,previous_day1,0.0,101.0,102.0,19.2,84.0,0.0,16.7,174.0
747066,4705,previous_day1,0.0,101.0,102.0,18.9,90.0,0.0,6.3,193.0
747067,4705,previous_day1,0.0,101.0,102.0,27.5,37.0,0.0,13.7,63.0
747068,4705,previous_day1,0.0,101.0,102.0,31.0,35.0,0.0,12.2,225.0
747069,4705,previous_day1,0.0,101.0,102.0,24.6,73.0,0.0,16.1,80.0
747070,4705,previous_day1,0.0,101.0,102.0,24.8,60.0,0.0,11.4,79.0
747071,4705,previous_day1,0.0,101.0,102.0,24.6,58.0,0.0,14.1,84.0
747072,4705,previous_day1,1.0,101.0,102.0,26.0,38.0,0.0,10.9,81.0
747073,4705,previous_day1,0.0,101.0,102.0,25.9,52.0,0.0,11.8,78.0
747074,4705,previous_day1,0.0,101.0,102.0,25.7,47.0,0.0,7.3,57.0
747075,4705,previous_day1,0.0,101.0,102.0,26.9,31.0,0.0,16.3,72.0
747076,4705,previous_day1,0.0,101.0,102.0,27.4,37.0,0.0,17.6,325.0
747077,4705,previous_day1,0.0,101.0,102.0,30.6,21.0,0.0,9.8,82.0
747078,4705,previous_day1,1.0,101.0,102.0,29.3,35.0,0.0,9.2,69.0
747079,4705,previous_day1,0.0,101.0,102.0,28.3,38.0,0.0,13.6,68.0
747080,4705,previous_day1,0.0,101.0,102.0,29.2,26.0,0.0,13.4,82.0
747081,4705,previous_day1,1.0,101.0,102.0,32.0,53.0,0.0,16.1,290.0
747082,4705,previous_day1,0.0,101.0,102.0,28.9,39.0,0.0,8.3,108.0
747083,4705,previous_day1,0.0,101.0,102.0,29.1,33.0,0.0,16.6,326.0
747084,4705,previous_day1,0.0,101.0,102.0,29.6,35.0,0.0,7.6,59.0
747085,4705,previous_day1,0.0,101.0,102.0,34.2,35.0,0.0,16.8,318.0
747086,4705,previous_day1,0.0,101.0,102.0,33.1,36.0,0.0,17.5,341.0
747087,4705,previous_day1,0.0,101.0,102.0,29.7,52.0,0.0,11.6,275.0
747088,4705,previous_day1,1.0,101.0,102.0,32.1,49.0,0.0,4.7,94.0
747089,4705,previous_day1,0.0,101.0,102.0,33.7,42.0,0.0,17.9,242.0
747091,4705,previous_day1,1.0,101.0,102.0,27.5,76.0,0.0,3.1,315.0
747092,4705,previous_day1,0.0,101.0,102.0,31.9,52.0,0.0,13.0,251.0
747094,4705,previous_day1,1.0,101.0,102.0,26.5,81.0,0.0,3.1,216.0
747095,4705,previous_day1,0.0,101.0,102.0,26.9,77.0,0.0,10.3,205.0
747096,4705,previous_day1,0.0,101.0,102.0,23.4,95.0,0.0,6.0,25.0
747097,4705,previous_day1,0.0,101.0,102.0,29.7,68.0,0.0,9.0,37.0
747098,4705,previous_day1,1.0,101.0,102.0,29.7,72.0,0.0,5.3,118.0
747099,4705,previous_day1,0.0,101.0,102.0,31.0,65.0,0.0,11.2,186.0
747100,4705,previous_day1,0.0,101.0,102.0,34.9,33.0,0.0,7.6,121.0
747101,4705,previous_day1,1.0,101.0,102.0,32.6,55.0,0.0,11.5,314.0
747102,4705,previous_day1,0.0,101.0,102.0,27.3,68.0,0.0,8.0,63.0
747103,4705,previous_day1,0.0,101.0,102.0,34.9,38.0,0.0,9.3,196.0
747104,4705,previous_day1,1.0,101.0,102.0,30.1,68.0,0.0,9.4,337.0
747105,4705,previous_day1,0.0,101.0,102.0,30.5,48.0,0.0,13.2,145.0
747106,4705,previous_day1,1.0,101.0,102.0,28.3,44.0,0.0,21.6,91.0
747107,4705,previous_day1,0.0,101.0,102.0,32.0,30.0,0.0,20.2,86.0
747108,4705,previous_day1,0.0,101.0,102.0,33.0,35.0,0.0,16.7,123.0
747109,4705,previous_day1,1.0,101.0,102.0,34.0,30.0,0.0,7.7,127.0
747110,4705,previous_day1,1.0,101.0,102.0,27.1,51.0,0.0,11.3,207.0
747111,4705,previous_day1,1.0,101.0,102.0,25.0,46.0,0.0,26.4,151.0
747112,4705,previous_day1,0.0,101.0,102.0,35.3,25.0,0.0,8.3,342.0
747113,4705,previous_day1,1.0,101.0,102.0,35.8,30.0,0.0,11.7,225.0
747114,4705,previous_day1,0.0,101.0,102.0,26.1,29.0,0.0,17.3,329.0
747115,4705,previous_day1,0.0,101.0,102.0,27.6,30.0,0.0,19.3,315.0
747116,4705,previous_day1,0.0,101.0,102.0,28.1,29.0,0.0,13.4,117.0
747117,4705,previous_day1,0.0,101.0,102.0,26.5,33.0,0.0,21.1,316.0
747118,4705,previous_day1,1.0,101.0,102.0,31.3,43.0,0.0,23.9,275.0
747119,4705,previous_day1,1.0,101.0,102.0,24.0,65.0,0.0,8.9,69.0
747120,4705,previous_day1,0.0,101.0,102.0,25.2,53.0,0.0,10.5,68.0
747122,4705,previous_day1,0.0,101.0,102.0,21.4,79.0,0.0,10.6,198.0
747123,4705,previous_day1,0.0,101.0,102.0,23.4,62.0,0.0,13.9,291.0
747124,4705,previous_day1,0.0,101.0,102.0,24.0,64.0,0.0,14.9,212.0
747125,4705,previous_day1,1.0,101.0,102.0,25.6,45.0,0.0,20.2,140.0
747126,4705,previous_day1,0.0,101.0,102.0,28.5,49.0,0.0,17.6,215.0
747127,4705,previous_day1,0.0,101.0,102.0,28.9,56.0,0.0,19.1,202.0
747128,4705,previous_day1,0.0,101.0,102.0,20.8,67.0,0.0,15.3,133.0
747129,4705,previous_day1,0.0,101.0,102.0,21.3,65.0,0.0,22.0,79.0
747130,4705,previous_day1,0.0,101.0,102.0,20.9,31.0,0.0,15.0,190.0
747131,4705,previous_day1,0.0,101.0,102.0,23.8,56.0,0.0,15.8,131.0
747132,4705,previous_day1,0.0,101.0,102.0,21.2,52.0,0.0,13.6,292.0
747133,4705,previous_day1,0.0,101.0,102.0,13.5,58.0,0.0,6.6,299.0
747134,4705,previous_day1,0.0,101.0,102.0,18.1,23.0,0.0,8.1,302.0
747135,4705,previous_day1,0.0,101.0,102.0,22.1,42.0,0.0,16.3,313.0
747136,4705,previous_day1,0.0,101.0,102.0,25.1,73.0,0.0,7.7,259.0
747137,4705,previous_day1,1.0,101.0,102.0,17.2,80.0,0.0,26.8,204.0
747138,4705,previous_day1,0.0,101.0,102.0,19.1,77.0,0.0,11.2,147.0
747140,4705,previous_day1,0.0,101.0,102.0,15.9,23.0,0.0,14.5,314.0
747141,4705,previous_day1,1.0,101.0,102.0,19.7,29.0,0.0,8.9,153.0
747142,4705,previous_day1,0.0,101.0,102.0,23.2,34.0,0.0,14.1,167.0
747143,4705,previous_day1,0.0,101.0,102.0,13.4,37.0,0.0,20.4,314.0
747144,15,previous_day1,0.0,100.0,100.0,37.3,13.0,0.0,12.8,260.0
747145,15,previous_day1,0.0,100.0,100.0,37.0,12.0,0.0,9.4,270.0
747146,15,previous_day1,0.0,100.0,100.0,44.0,7.0,0.0,10.5,186.0
747147,15,previous_day1,1.0,100.0,100.0,41.7,8.0,0.0,13.0,174.0
747148,15,previous_day1,0.0,100.0,100.0,37.6,23.0,0.0,2.6,74.0
747149,15,previous_day1,0.0,100.0,100.0,33.9,9.0,0.0,9.4,270.0
747150,15,previous_day1,0.0,100.0,100.0,32.7,12.0,0.0,10.2,247.0
747151,15,previous_day1,1.0,100.0,100.0,36.1,30.0,0.0,10.0,195.0
747152,15,previous_day1,0.0,100.0,100.0,36.2,9.0,0.0,8.6,285.0
747153,15,previous_day1,0.0,100.0,100.0,34.5,18.0,0.0,10.0,291.0
747154,15,previous_day1,1.0,100.0,100.0,40.7,10.0,0.0,11.2,264.0
747155,15,previous_day1,1.0,100.0,100.0,40.5,13.0,0.0,16.9,124.0
747156,15,previous_day1,0.0,100.0,100.0,37.1,14.0,0.0,7.6,85.0
747157,15,previous_day1,1.0,100.0,100.0,41.6,16.0,0.0,7.1,150.0
747158,15,previous_day1,0.0,100.0,100.0,40.7,14.0,0.0,5.6,45.0
747159,15,previous_day1,1.0,100.0,100.0,40.5,16.0,0.0,2.5,8.0
747160,15,previous_day1,0.0,100.0,100.0,38.2,20.0,0.0,6.8,273.0
747161,15,previous_day1,0.0,100.0,100.0,35.5,22.0,0.0,10.9,81.0
747162,15,previous_day1,0.0,100.0,100.0,37.7,14.0,0.0,7.6,275.0
747163,15,previous_day1,1.0,100.0,100.0,40.9,17.0,0.0,10.0,244.0
747164,15,previous_day1,0.0,100.0,100.0,36.9,31.0,0.0,19.7,8.0
747165,15,previous_day1,0.0,100.0,100.0,33.8,37.0,0.0,24.4,189.0
747166,15,previous_day1,1.0,100.0,100.0,41.1,25.0,0.0,8.5,258.0
747167,15,previous_day1,0.0,100.0,100.0,38.0,28.0,0.0,16.7,256.0
747168,15,previous_day1,0.0,100.0,100.0,39.6,18.0,0.0,4.1,128.0
747169,15,previous_day1,0.0,100.0,100.0,39.1,23.0,0.0,7.9,273.0
747170,15,previous_day1,1.0,100.0,100.0,42.1,19.0,0.0,7.6,267.0
747171,15,previous_day1,0.0,100.0,100.0,42.3,17.0,0.0,18.4,272.0
747172,15,previous_day1,0.0,100.0,100.0,39.2,21.0,0.0,16.7,251.0
747173,15,previous_day1,1.0,100.0,100.0,41.9,21.0,0.0,13.7,272.0
747174,15,previous_day1,0.0,100.0,100.0,37.6,26.0,0.0,5.6,315.0
747175,15,previous_day1,0.0,100.0,100.0,43.4,13.0,0.0,11.7,281.0
747176,15,previous_day1,1.0,100.0,100.0,40.1,26.0,0.0,16.5,281.0
747177,15,previous_day1,0.0,100.0,100.0,40.7,21.0,0.0,16.3,284.0
747178,15,previous_day1,0.0,100.0,100.0,43.3,13.0,0.0,8.7,225.0
747179,15,previous_day1,0.0,100.0,100.0,43.0,9.0,0.0,16.6,5.0
747180,15,previous_day1,0.0,100.0,100.0,43.3,12.0,0.0,14.0,269.0
747181,15,previous_day1,0.0,100.0,100.0,44.4,7.0,0.0,14.3,260.0
747182,15,previous_day1,1.0,100.0,100.0,41.0,24.0,0.0,13.3,270.0
747183,15,previous_day1,0.0,100.0,100.0,40.0,21.0,0.0,17.4,252.0
747184,15,previous_day1,0.0,100.0,100.0,40.7,22.0,0.0,16.6,268.0
747185,15,previous_day1,1.0,100.0,100.0,41.8,19.0,0.0,14.6,254.0
747186,15,previous_day1,1.0,100.0,100.0,40.7,22.0,0.0,8.6,270.0
747187,15,previous_day1,0.0,100.0,100.0,41.0,7.0,0.0,14.4,271.0
747188,15,previous_day1,0.0,100.0,100.0,41.0,21.0,0.0,15.9,308.0
747189,15,previous_day1,1.0,100.0,100.0,41.4,5.0,0.0,12.9,247.0
747190,15,previous_day1,0.0,100.0,100.0,40.0,6.0,0.0,11.0,289.0
747191,15,previous_day1,0.0,100.0,100.0,39.3,5.0,0.0,6.7,196.0
747192,15,previous_day1,0.0,100.0,100.0,39.2,10.0,0.0,14.5,305.0
747193,15,previous_day1,0.0,100.0,100.0,40.9,5.0,0.0,12.4,280.0
747194,15,previous_day1,0.0,100.0,100.0,35.9,10.0,0.0,10.1,264.0
747195,15,previous_day1,1.0,100.0,100.0,39.7,13.0,0.0,11.5,272.0
747196,15,previous_day1,0.0,100.0,100.0,36.5,9.0,0.0,10.5,274.0
747197,15,previous_day1,1.0,100.0,100.0,33.7,12.0,0.0,10.2,252.0
747198,15,previous_day1,1.0,100.0,100.0,35.3,7.0,0.0,14.8,247.0
747199,15,previous_day1,0.0,100.0,100.0,30.1,13.0,0.0,10.3,258.0
747200,15,previous_day1,0.0,100.0,100.0,32.9,11.0,0.0,16.3,252.0
747201,15,previous_day1,0.0,100.0,100.0,34.6,10.0,0.0,11.4,252.0
747202,15,previous_day1,0.0,100.0,100.0,36.7,8.0,0.0,23.1,265.0
747203,15,previous_day1,1.0,100.0,100.0,34.6,11.0,0.0,8.6,255.0
747204,15,previous_day1,0.0,100.0,100.0,33.2,8.0,0.0,7.2,270.0
747205,15,previous_day1,0.0,100.0,100.0,33.5,9.0,0.0,10.4,290.0
747206,15,previous_day1,1.0,100.0,100.0,28.4,18.0,0.0,20.9,241.0
747207,15,previous_day1,0.0,100.0,100.0,28.7,16.0,0.0,8.3,272.0
747208,15,previous_day1,0.0,100.0,100.0,30.1,12.0,0.0,12.0,261.0
747209,15,previous_day1,0.0,100.0,100.0,33.6,12.0,0.0,15.1,295.0
747210,15,previous_day1,0.0,100.0,100.0,30.2,10.0,0.0,8.1,302.0
747211,15,previous_day1,0.0,100.0,100.0,28.8,11.0,0.0,6.8,328.0
747212,15,previous_day1,1.0,100.0,100.0,32.1,10.0,0.0,6.2,260.0
747213,15,previous_day1,0.0,100.0,100.0,21.8,14.0,0.0,7.7,221.0
747214,15,previous_day1,0.0,100.0,100.0,26.3,9.0,0.0,9.2,244.0
747215,15,previous_day1,0.0,100.0,100.0,30.0,9.0,0.0,15.5,184.0
747216,15,previous_day1,1.0,100.0,100.0,26.0,19.0,0.0,15.1,208.0
747217,15,previous_day1,0.0,100.0,100.0,27.0,13.0,0.0,19.0,245.0
747218,15,previous_day1,0.0,100.0,100.0,12.2,81.0,0.0,6.0,17.0
747219,15,previous_day1,1.0,100.0,100.0,27.5,16.0,0.0,4.7,274.0
747220,15,previous_day1,0.0,100.0,100.0,21.3,21.0,0.0,8.7,246.0
747221,15,previous_day1,0.0,100.0,100.0,24.4,23.0,0.0,24.8,213.0
747222,15,previous_day1,1.0,100.0,100.0,11.4,89.0,2.2,5.2,164.0
747223,15,previous_day1,0.0,100.0,100.0,22.3,17.0,0.0,9.0,265.0
747224,15,previous_day1,0.0,100.0,100.0,23.3,12.0,0.0,6.2,277.0
776135,1,previous_day1,1.0,100.0,100.0,23.8,59.0,0.0,5.6,207.0
776136,2680,previous_day1,1.0,96.0,92.0,22.8,74.0,0.0,12.8,218.0
776137,2395,previous_day1,1.0,97.0,94.0,17.8,73.0,0.0,13.8,242.0
776138,2529,previous_day1,1.0,100.0,100.0,20.0,70.0,0.0,9.9,213.0
776139,680,previous_day1,1.0,91.0,83.0,17.1,82.0,0.0,4.7,279.0
776140,3313,previous_day1,1.0,100.0,100.0,,,,,
776141,2681,previous_day1,1.0,101.0,102.0,27.3,53.0,0.0,7.5,305.0
776142,17,previous_day1,1.0,97.0,94.0,22.6,70.0,0.0,13.1,32.0
776143,3309,previous_day1,1.0,101.0,102.0,27.4,53.0,0.0,7.9,30.0
776144,32,previous_day1,1.0,97.0,94.0,23.1,38.0,0.0,9.2,69.0
776145,14,previous_day1,1.0,100.0,100.0,24.6,33.0,0.0,9.2,312.0
776146,2395,previous_day1,1.0,97.0,94.0,19.5,74.0,0.0,26.3,245.0
776147,5,previous_day1,1.0,97.0,94.0,25.8,59.0,0.0,12.3,345.0
776148,4169,previous_day1,1.0,101.0,102.0,,,,,
776149,4705,previous_day1,1.0,100.0,100.0,28.9,46.0,0.0,12.8,50.0
776150,680,previous_day1,0.0,91.0,83.0,16.4,84.0,0.0,13.5,9.0
776151,3,previous_day1,1.0,107.0,114.0,28.1,44.0,0.0,18.8,241.0
776152,2680,previous_day1,0.0,96.0,92.0,21.1,80.0,0.0,6.6,209.0
776153,32,previous_day1,0.0,97.0,94.0,26.7,33.0,0.0,8.2,247.0
776154,2529,previous_day1,0.0,100.0,100.0,20.2,66.0,0.0,21.1,237.0
776155,1,previous_day1,0.0,100.0,100.0,20.9,77.0,0.0,9.0,209.0
776156,4705,previous_day1,0.0,100.0,100.0,23.5,87.0,0.0,2.4,243.0
776157,3,previous_day1,1.0,107.0,114.0,20.9,72.0,0.0,11.3,81.0
776158,5,previous_day1,0.0,97.0,94.0,23.0,52.0,0.0,5.2,344.0
776159,14,previous_day1,1.0,100.0,100.0,22.5,78.0,0.0,6.5,183.0
776160,3309,previous_day1,1.0,101.0,102.0,25.9,49.0,0.0,7.4,113.0
776161,4169,previous_day1,1.0,101.0,102.0,,,,,
776162,3313,previous_day1,1.0,100.0,100.0,,,,,
776163,2681,previous_day1,0.0,101.0,102.0,25.2,54.0,0.0,10.4,104.0
776164,17,previous_day1,1.0,97.0,94.0,30.0,31.0,0.0,14.5,243.0
776165,3309,previous_day1,0.0,101.0,102.0,25.3,59.0,0.0,7.2,6.0
776166,2395,previous_day1,0.0,97.0,94.0,19.8,57.0,0.0,9.4,268.0
776167,17,previous_day1,1.0,97.0,94.0,26.4,40.0,0.0,1.5,166.0
776168,680,previous_day1,0.0,91.0,83.0,16.5,57.0,0.0,8.7,175.0
776169,1,previous_day1,0.0,100.0,100.0,20.4,81.0,0.0,10.0,193.0
776170,2680,previous_day1,0.0,96.0,92.0,18.6,95.0,0.0,6.2,201.0
776171,32,previous_day1,0.0,97.0,94.0,17.5,86.0,0.0,10.2,45.0
776172,2529,previous_day1,0.0,100.0,100.0,29.5,21.0,0.0,12.2,225.0
776173,4169,previous_day1,0.0,101.0,102.0,,,,,
776174,3313,previous_day1,0.0,100.0,100.0,,,,,
776175,5,previous_day1,0.0,97.0,94.0,20.6,67.0,0.0,3.8,287.0
776176,2681,previous_day1,0.0,101.0,102.0,24.3,57.0,0.0,5.6,320.0
776177,14,previous_day1,0.0,100.0,100.0,19.6,80.0,0.0,6.5,267.0
776178,1,previous_day1,0.0,100.0,100.0,19.5,86.0,0.0,9.6,214.0
776179,680,previous_day1,0.0,91.0,83.0,13.3,67.0,0.0,9.6,56.0
776180,4705,previous_day1,0.0,100.0,100.0,22.6,84.0,0.0,9.8,114.0
776181,3,previous_day1,0.0,107.0,114.0,20.1,84.0,0.0,8.4,239.0
776182,2529,previous_day1,1.0,100.0,100.0,27.3,41.0,0.0,12.8,220.0
776183,5325,previous_day1,1.0,101.0,102.0,,,,,
776184,3313,previous_day1,0.0,100.0,100.0,,,,,
776185,15,previous_day1,1.0,101.0,102.0,39.5,22.0,0.0,11.8,207.0
776186,14,previous_day1,0.0,100.0,100.0,18.9,93.0,0.0,9.2,225.0
776187,17,previous_day1,0.0,97.0,94.0,18.2,74.0,0.0,3.9,56.0
776188,2681,previous_day1,0.0,101.0,102.0,24.7,86.0,0.0,9.7,231.0
776189,5,previous_day1,0.0,97.0,94.0,19.8,75.0,0.0,7.2,276.0
776190,2602,previous_day1,1.0,105.0,110.0,,,,,
776191,2,previous_day1,1.0,99.0,98.0,23.6,88.0,0.0,11.9,180.0
776192,5325,previous_day1,0.0,101.0,102.0,,,,,
776193,15,previous_day1,0.0,101.0,102.0,35.3,15.0,0.0,8.9,291.0
776194,680,previous_day1,0.0,91.0,83.0,16.7,62.0,0.0,6.5,354.0
776195,2529,previous_day1,0.0,100.0,100.0,26.6,45.0,0.0,12.8,220.0
776196,2395,previous_day1,0.0,97.0,94.0,19.0,75.0,0.0,7.9,317.0
776197,1,previous_day1,0.0,100.0,100.0,22.9,73.0,0.0,8.9,243.0
776198,2680,previous_day1,1.0,96.0,92.0,23.9,77.0,0.0,15.6,310.0
776199,3313,previous_day1,0.0,100.0,100.0,,,,,
776200,4705,previous_day1,1.0,100.0,100.0,30.2,49.0,0.0,10.2,238.0
776201,2681,previous_day1,0.0,101.0,102.0,27.7,52.0,0.4,4.7,171.0
776202,2602,previous_day1,0.0,105.0,110.0,,,,,
776203,2,previous_day1,0.0,99.0,98.0,24.7,68.0,0.0,8.2,105.0
776204,5,previous_day1,0.0,97.0,94.0,19.6,87.0,0.4,5.4,352.0
776205,17,previous_day1,0.0,97.0,94.0,18.0,84.0,0.0,17.4,353.0
776206,14,previous_day1,0.0,100.0,100.0,18.9,88.0,0.0,15.3,41.0
776207,1,previous_day1,0.0,100.0,100.0,21.4,78.0,0.0,10.2,219.0
776208,2529,previous_day1,0.0,100.0,100.0,32.9,16.0,0.0,4.8,77.0
776209,17,previous_day1,0.0,97.0,94.0,20.2,88.0,0.0,16.5,20.0
776210,5325,previous_day1,0.0,101.0,102.0,,,,,
776211,2395,previous_day1,0.0,97.0,94.0,23.3,42.0,0.0,15.6,293.0
776212,680,previous_day1,0.0,91.0,83.0,17.5,59.0,0.0,6.5,3.0
776213,15,previous_day1,0.0,101.0,102.0,33.7,24.0,0.0,8.0,260.0
776214,2680,previous_day1,0.0,96.0,92.0,20.9,89.0,0.0,8.6,303.0
776215,2681,previous_day1,0.0,101.0,102.0,26.7,50.0,0.0,14.8,179.0
776216,3313,previous_day1,0.0,100.0,100.0,,,,,
776217,14,previous_day1,0.0,100.0,100.0,20.2,93.0,0.0,1.5,76.0
776218,5,previous_day1,0.0,97.0,94.0,21.4,84.0,0.0,1.8,180.0
776219,4705,previous_day1,0.0,100.0,100.0,30.5,36.0,0.0,3.9,248.0
776220,2395,previous_day1,0.0,97.0,94.0,18.5,65.0,0.0,14.3,280.0
776221,4705,previous_day1,0.0,100.0,100.0,28.6,38.0,0.0,10.1,145.0
776222,2680,previous_day1,0.0,96.0,92.0,22.1,83.0,0.0,11.4,342.0
776223,2,previous_day1,0.0,99.0,98.0,21.5,90.0,0.0,8.7,142.0
776224,2602,previous_day1,0.0,105.0,110.0,,,,,
776225,3312,previous_day1,1.0,102.0,104.0,21.6,70.0,0.0,11.7,223.0
776226,5325,previous_day1,1.0,101.0,102.0,,,,,
776227,22,previous_day1,1.0,100.0,100.0,27.7,45.0,0.0,8.4,160.0
776228,2392,previous_day1,0.0,100.0,100.0,27.2,74.0,0.0,12.3,142.0
776229,7,previous_day1,1.0,104.0,108.0,27.4,60.0,0.0,6.4,227.0
776230,15,previous_day1,1.0,101.0,102.0,37.3,26.0,0.0,6.1,270.0
776231,2889,previous_day1,1.0,100.0,100.0,,,,,
776232,19,previous_day1,1.0,112.0,125.0,27.5,18.0,0.0,6.9,43.0
776233,22,previous_day1,0.0,100.0,100.0,22.7,72.0,0.0,11.4,257.0
776234,31,previous_day1,1.0,101.0,102.0,30.4,35.0,0.0,15.3,150.0
776235,4,previous_day1,1.0,99.0,98.0,,,,,
776236,2523,previous_day1,0.0,100.0,100.0,30.5,44.0,0.0,4.8,63.0
776237,3289,previous_day1,1.0,97.0,94.0,,,,,
776238,2394,previous_day1,1.0,98.0,96.0,,,,,
776239,2602,previous_day1,1.0,105.0,110.0,,,,,
776240,2,previous_day1,1.0,99.0,98.0,22.2,69.0,0.0,11.9,95.0
776241,19,previous_day1,0.0,112.0,125.0,25.7,20.0,0.0,13.9,21.0
776242,5325,previous_day1,0.0,101.0,102.0,,,,,
776243,3312,previous_day1,0.0,102.0,104.0,19.2,80.0,0.0,11.4,198.0
776244,2889,previous_day1,0.0,100.0,100.0,,,,,
776245,7,previous_day1,0.0,104.0,108.0,22.1,79.0,0.0,4.8,333.0
776246,15,previous_day1,0.0,101.0,102.0,37.6,23.0,0.0,12.3,291.0
776247,2523,previous_day1,0.0,100.0,100.0,30.2,48.0,0.0,5.8,22.0
776248,2392,previous_day1,0.0,100.0,100.0,30.2,57.0,0.0,16.3,162.0
776249,31,previous_day1,0.0,101.0,102.0,27.8,34.0,0.0,7.0,69.0
776250,4,previous_day1,0.0,99.0,98.0,,,,,
776251,5325,previous_day1,0.0,101.0,102.0,,,,,
776252,3289,previous_day1,1.0,97.0,94.0,,,,,
776253,19,previous_day1,0.0,112.0,125.0,26.1,13.0,0.0,12.0,81.0
776254,2602,previous_day1,0.0,105.0,110.0,,,,,
776255,15,previous_day1,0.0,101.0,102.0,31.4,40.0,0.0,3.8,253.0
776256,22,previous_day1,0.0,100.0,100.0,20.3,82.0,0.0,9.5,259.0
776257,2,previous_day1,0.0,99.0,98.0,24.0,56.0,0.0,10.5,84.0
776258,2394,previous_day1,1.0,98.0,96.0,,,,,
776259,3289,previous_day1,0.0,97.0,94.0,,,,,
776260,7,previous_day1,0.0,104.0,108.0,25.3,47.0,0.0,3.8,131.0
776261,2523,previous_day1,0.0,100.0,100.0,28.0,61.0,0.0,6.2,36.0
776262,2392,previous_day1,0.0,100.0,100.0,27.5,63.0,0.0,13.2,125.0
776263,3312,previous_day1,0.0,102.0,104.0,20.1,91.0,0.0,4.3,204.0
776264,4,previous_day1,0.0,99.0,98.0,,,,,
776265,2889,previous_day1,0.0,100.0,100.0,,,,,
776266,31,previous_day1,0.0,101.0,102.0,27.5,42.0,0.0,6.6,347.0
776267,2602,previous_day1,0.0,105.0,110.0,,,,,
776268,2394,previous_day1,0.0,98.0,96.0,,,,,
776269,2523,previous_day1,1.0,100.0,100.0,29.8,65.0,0.0,7.8,68.0
776270,19,previous_day1,1.0,112.0,125.0,21.5,30.0,0.0,9.8,62.0
776271,22,previous_day1,0.0,100.0,100.0,23.9,73.0,0.0,12.7,187.0
776272,7,previous_day1,1.0,104.0,108.0,23.4,76.0,0.0,9.0,203.0
776273,2,previous_day1,0.0,99.0,98.0,27.0,43.0,0.0,5.2,115.0
776274,32,previous_day1,0.0,97.0,94.0,21.9,69.0,0.0,6.7,106.0
776275,2394,previous_day1,1.0,98.0,96.0,,,,,
776276,3289,previous_day1,1.0,97.0,94.0,,,,,
776277,19,previous_day1,0.0,112.0,125.0,13.3,84.0,1.4,17.7,33.0
776278,2,previous_day1,0.0,99.0,98.0,25.2,54.0,0.0,5.4,180.0
776279,15,previous_day1,1.0,101.0,102.0,38.1,27.0,0.0,4.3,180.0
776280,22,previous_day1,0.0,100.0,100.0,27.1,51.0,0.0,10.3,295.0
776281,3,previous_day1,1.0,107.0,114.0,27.4,32.0,0.0,4.9,287.0
776282,2602,previous_day1,0.0,105.0,110.0,,,,,
776283,2889,previous_day1,1.0,100.0,100.0,,,,,
776284,3312,previous_day1,0.0,102.0,104.0,22.0,91.0,0.0,8.9,313.0
776285,4,previous_day1,1.0,99.0,98.0,,,,,
776286,3309,previous_day1,1.0,101.0,102.0,20.3,92.0,0.4,11.3,22.0
776287,31,previous_day1,1.0,101.0,102.0,27.1,34.0,0.0,7.4,23.0
776288,3289,previous_day1,0.0,97.0,94.0,,,,,
776289,7,previous_day1,0.0,104.0,108.0,23.0,82.0,0.0,3.6,84.0
776290,2523,previous_day1,0.0,100.0,100.0,24.2,88.0,0.0,13.0,166.0
776291,32,previous_day1,0.0,97.0,94.0,22.9,58.0,0.0,5.6,117.0
776292,2392,previous_day1,0.0,100.0,100.0,23.9,76.0,1.1,11.3,99.0
776293,19,previous_day1,0.0,112.0,125.0,18.8,49.0,0.0,9.6,160.0
776294,15,previous_day1,0.0,101.0,102.0,34.8,21.0,0.0,8.0,252.0
776295,32,previous_day1,0.0,97.0,94.0,21.2,71.0,0.0,5.5,101.0
776296,2394,previous_day1,0.0,98.0,96.0,,,,,
776297,22,previous_day1,0.0,100.0,100.0,23.3,61.0,0.0,7.9,240.0
776298,3312,previous_day1,0.0,102.0,104.0,28.4,54.0,0.0,9.8,188.0
776299,3,previous_day1,0.0,107.0,114.0,17.6,88.0,0.0,9.5,81.0
776300,2889,previous_day1,0.0,100.0,100.0,,,,,
776301,2392,previous_day1,0.0,100.0,100.0,28.2,64.0,0.0,9.1,124.0
776302,7,previous_day1,0.0,104.0,108.0,32.0,34.0,0.0,7.3,123.0
776303,2394,previous_day1,0.0,98.0,96.0,,,,,
776304,3289,previous_day1,0.0,97.0,94.0,,,,,
776305,2523,previous_day1,0.0,100.0,100.0,27.5,59.0,0.0,6.9,298.0
776306,4,previous_day1,0.0,99.0,98.0,,,,,
776307,3309,previous_day1,0.0,101.0,102.0,19.6,77.0,0.0,4.3,48.0
776308,31,previous_day1,0.0,101.0,102.0,26.2,32.0,0.0,6.1,62.0
776309,15,previous_day1,0.0,101.0,102.0,33.8,23.0,0.0,6.8,302.0
776310,3,previous_day1,0.0,107.0,114.0,16.7,82.0,0.0,7.4,76.0
776311,22,previous_day1,0.0,100.0,100.0,20.8,78.0,0.0,8.5,258.0
776312,2889,previous_day1,0.0,100.0,100.0,,,,,
776313,3312,previous_day1,0.0,102.0,104.0,27.0,60.0,0.0,11.2,174.0
776314,4,previous_day1,0.0,99.0,98.0,,,,,
776315,3309,previous_day1,0.0,101.0,102.0,25.5,40.0,0.0,10.1,73.0
776316,2523,previous_day1,0.0,100.0,100.0,26.5,55.0,0.0,8.5,324.0
776317,680,previous_day1,1.0,91.0,83.0,17.0,82.0,0.0,7.6,87.0
776318,31,previous_day1,0.0,101.0,102.0,27.4,29.0,0.0,8.0,63.0
776319,2392,previous_day1,0.0,100.0,100.0,27.8,57.0,0.0,4.5,209.0
776320,3309,previous_day1,1.0,101.0,102.0,28.3,34.0,0.0,5.2,205.0
776321,17,previous_day1,1.0,97.0,94.0,23.6,71.0,0.0,13.9,73.0
776322,14,previous_day1,1.0,100.0,100.0,21.5,74.0,0.0,8.5,152.0
776323,2680,previous_day1,1.0,96.0,92.0,23.2,74.0,0.0,11.9,295.0
776324,3312,previous_day1,1.0,102.0,104.0,30.4,53.0,0.0,14.0,138.0
776325,2395,previous_day1,1.0,97.0,94.0,23.0,71.0,0.0,25.3,285.0
776326,32,previous_day1,1.0,97.0,94.0,23.3,73.0,0.0,13.2,101.0
776327,2529,previous_day1,1.0,100.0,100.0,29.1,33.0,0.0,6.1,267.0
776328,2395,previous_day1,0.0,97.0,94.0,17.2,81.0,0.0,27.7,288.0
776329,4705,previous_day1,1.0,100.0,100.0,30.3,31.0,0.0,5.5,349.0
776330,3,previous_day1,0.0,107.0,114.0,20.7,72.0,0.0,5.9,104.0
776331,5,previous_day1,1.0,97.0,94.0,24.9,56.0,0.0,18.9,9.0
776332,4169,previous_day1,1.0,101.0,102.0,,,,,
776333,680,previous_day1,0.0,91.0,83.0,19.7,63.0,0.0,6.9,242.0
776334,2681,previous_day1,1.0,101.0,102.0,29.8,35.0,0.0,3.7,259.0
776335,3289,previous_day1,1.0,97.0,94.0,,,,,
776336,3309,previous_day1,1.0,101.0,102.0,29.2,32.0,0.0,4.5,151.0
776337,3312,previous_day1,0.0,102.0,104.0,28.4,55.0,0.0,12.3,83.0
776338,17,previous_day1,1.0,97.0,94.0,27.4,46.0,0.0,19.5,128.0
776339,32,previous_day1,0.0,97.0,94.0,21.0,86.0,0.0,9.4,122.0
776340,2529,previous_day1,0.0,100.0,100.0,23.5,50.0,0.0,16.8,222.0
776341,2680,previous_day1,0.0,96.0,92.0,20.8,78.0,0.0,7.8,257.0
776342,2681,previous_day1,0.0,101.0,102.0,27.4,37.0,0.0,10.3,192.0
776343,14,previous_day1,1.0,100.0,100.0,20.7,68.0,0.0,5.8,180.0
776344,3,previous_day1,1.0,107.0,114.0,25.0,44.0,0.0,8.7,185.0
776345,680,previous_day1,0.0,91.0,83.0,18.0,75.0,0.0,6.9,354.0
776346,4705,previous_day1,0.0,100.0,100.0,29.0,29.0,0.0,6.9,51.0
776347,4169,previous_day1,1.0,101.0,102.0,,,,,
776348,5,previous_day1,0.0,97.0,94.0,22.1,66.0,0.0,10.9,351.0
776349,3289,previous_day1,1.0,97.0,94.0,,,,,
776350,2395,previous_day1,0.0,97.0,94.0,16.3,88.0,0.0,25.7,290.0
776351,3309,previous_day1,0.0,101.0,102.0,25.0,38.0,0.0,9.0,95.0
776352,17,previous_day1,1.0,97.0,94.0,24.4,53.0,0.0,12.2,88.0
776353,14,previous_day1,0.0,100.0,100.0,19.0,80.0,0.0,9.9,80.0
776354,2681,previous_day1,0.0,101.0,102.0,25.4,43.0,0.0,10.7,104.0
776355,3312,previous_day1,0.0,102.0,104.0,26.2,63.0,0.0,7.6,149.0
776356,32,previous_day1,0.0,97.0,94.0,19.3,88.0,0.0,8.8,102.0
776357,2680,previous_day1,0.0,96.0,92.0,20.1,75.0,0.0,6.8,252.0
776358,2529,previous_day1,0.0,100.0,100.0,26.7,45.0,0.0,14.3,227.0
776359,3289,previous_day1,0.0,97.0,94.0,,,,,
776360,4705,previous_day1,0.0,100.0,100.0,29.0,31.0,0.0,8.1,77.0
776361,5,previous_day1,0.0,97.0,94.0,21.7,60.0,0.0,9.0,23.0
776362,680,previous_day1,0.0,91.0,83.0,20.7,67.0,0.0,3.2,63.0
776363,3,previous_day1,0.0,107.0,114.0,16.3,70.0,0.0,9.4,94.0
776364,4,previous_day1,1.0,99.0,98.0,,,,,
776365,2680,previous_day1,0.0,96.0,92.0,19.8,82.0,0.0,9.4,317.0
776366,4169,previous_day1,0.0,101.0,102.0,,,,,
776367,4169,previous_day1,0.0,101.0,102.0,,,,,
776368,3313,previous_day1,0.0,100.0,100.0,,,,,
776369,14,previous_day1,1.0,100.0,100.0,22.8,48.0,0.0,11.1,167.0
776370,5,previous_day1,0.0,97.0,94.0,22.4,49.0,0.0,6.2,353.0
776371,2681,previous_day1,0.0,101.0,102.0,25.4,29.0,0.0,6.0,327.0
776372,2,previous_day1,1.0,99.0,98.0,26.5,45.0,0.0,4.3,360.0
776373,680,previous_day1,0.0,91.0,83.0,19.4,72.0,0.0,9.0,358.0
776374,2395,previous_day1,1.0,97.0,94.0,17.4,89.0,0.0,12.4,260.0
776375,5325,previous_day1,1.0,101.0,102.0,,,,,
776376,1,previous_day1,1.0,100.0,100.0,24.4,55.0,0.0,17.6,221.0
776377,2680,previous_day1,0.0,96.0,92.0,20.5,75.0,0.0,11.7,313.0
776378,4,previous_day1,0.0,99.0,98.0,,,,,
776379,2529,previous_day1,1.0,100.0,100.0,25.0,47.0,0.0,14.8,209.0
776380,22,previous_day1,0.0,100.0,100.0,20.2,72.0,0.0,10.9,236.0
776381,4705,previous_day1,0.0,100.0,100.0,27.7,31.0,0.0,10.3,331.0
776382,5,previous_day1,0.0,97.0,94.0,22.5,45.0,0.0,11.5,20.0
776383,3313,previous_day1,0.0,100.0,100.0,,,,,
776384,2681,previous_day1,0.0,101.0,102.0,18.1,88.0,0.0,8.9,14.0
776385,14,previous_day1,0.0,100.0,100.0,20.3,53.0,0.0,9.2,79.0
776386,4169,previous_day1,0.0,101.0,102.0,,,,,
776387,2,previous_day1,0.0,99.0,98.0,18.3,86.0,0.4,10.2,8.0
776388,4,previous_day1,0.0,99.0,98.0,,,,,
776389,22,previous_day1,0.0,100.0,100.0,20.4,70.0,0.0,9.8,246.0
776390,1,previous_day1,0.0,100.0,100.0,22.3,72.0,0.0,10.1,243.0
776391,680,previous_day1,0.0,91.0,83.0,19.4,69.0,0.0,7.2,354.0
776392,2680,previous_day1,0.0,96.0,92.0,20.6,87.0,0.0,10.7,318.0
776393,14,previous_day1,0.0,100.0,100.0,17.8,72.0,0.0,13.2,79.0
776394,2395,previous_day1,0.0,97.0,94.0,17.9,90.0,0.0,13.6,259.0
776395,5325,previous_day1,0.0,101.0,102.0,,,,,
776396,2529,previous_day1,0.0,100.0,100.0,22.1,60.0,0.0,15.8,235.0
776397,4169,previous_day1,0.0,101.0,102.0,,,,,
776398,3313,previous_day1,0.0,100.0,100.0,,,,,
776399,2395,previous_day1,0.0,97.0,94.0,20.3,77.0,0.0,13.0,224.0
776400,680,previous_day1,0.0,91.0,83.0,20.4,57.0,0.0,10.6,350.0
776401,2,previous_day1,0.0,99.0,98.0,21.4,56.0,0.0,14.7,73.0
776402,4705,previous_day1,0.0,100.0,100.0,25.7,34.0,0.0,9.1,81.0
776403,5,previous_day1,0.0,97.0,94.0,21.8,40.0,0.0,13.9,31.0
776404,2681,previous_day1,0.0,101.0,102.0,18.3,73.0,0.0,17.3,36.0
776405,2681,previous_day1,0.0,101.0,102.0,21.4,35.0,0.0,7.1,75.0
776406,5325,previous_day1,0.0,101.0,102.0,,,,,
776407,2680,previous_day1,0.0,96.0,92.0,22.9,68.0,0.0,13.3,303.0
776408,22,previous_day1,0.0,100.0,100.0,25.1,45.0,0.0,14.3,231.0
776409,4169,previous_day1,0.0,101.0,102.0,,,,,
776410,2529,previous_day1,0.0,100.0,100.0,25.7,43.0,0.0,18.3,227.0
776411,1,previous_day1,0.0,100.0,100.0,24.5,53.0,0.0,13.2,209.0
776412,4705,previous_day1,0.0,100.0,100.0,26.0,38.0,0.0,16.2,77.0
776413,5,previous_day1,0.0,97.0,94.0,18.1,55.0,0.0,15.8,60.0
776414,1,previous_day1,1.0,100.0,100.0,32.1,33.0,0.0,13.4,243.0
776415,15,previous_day1,1.0,101.0,102.0,36.7,35.0,0.0,8.3,265.0
776416,2889,previous_day1,1.0,100.0,100.0,,,,,
776417,19,previous_day1,1.0,112.0,125.0,26.9,23.0,0.0,10.2,58.0
776418,5325,previous_day1,1.0,101.0,102.0,,,,,
776419,31,previous_day1,1.0,101.0,102.0,20.5,36.0,0.0,12.0,303.0
776420,17,previous_day1,1.0,97.0,94.0,17.3,50.0,0.0,15.2,31.0
776421,2523,previous_day1,1.0,100.0,100.0,28.5,80.0,0.0,9.3,193.0
776422,7,previous_day1,1.0,104.0,108.0,24.6,27.0,0.0,6.0,123.0
776423,3313,previous_day1,1.0,100.0,100.0,,,,,
776424,15,previous_day1,0.0,101.0,102.0,35.9,34.0,0.0,14.8,271.0
776425,2394,previous_day1,1.0,98.0,96.0,,,,,
776426,4169,previous_day1,1.0,101.0,102.0,,,,,
776427,2,previous_day1,1.0,99.0,98.0,22.3,54.0,0.0,7.0,12.0
776428,4705,previous_day1,1.0,100.0,100.0,24.0,60.0,0.0,14.7,329.0
776429,2602,previous_day1,1.0,105.0,110.0,,,,,
776430,1,previous_day1,0.0,100.0,100.0,22.1,71.0,0.0,10.8,217.0
776431,19,previous_day1,0.0,112.0,125.0,25.9,22.0,0.0,10.2,58.0
776432,5325,previous_day1,0.0,101.0,102.0,,,,,
776433,4169,previous_day1,1.0,101.0,102.0,,,,,
776434,7,previous_day1,0.0,104.0,108.0,24.8,31.0,0.0,14.4,270.0
776435,2394,previous_day1,0.0,98.0,96.0,,,,,
776436,3313,previous_day1,1.0,100.0,100.0,,,,,
776437,2889,previous_day1,0.0,100.0,100.0,,,,,
776438,2523,previous_day1,0.0,100.0,100.0,23.9,97.0,33.5,9.0,203.0
776439,2602,previous_day1,0.0,105.0,110.0,,,,,
776440,17,previous_day1,1.0,97.0,94.0,16.9,41.0,0.0,19.2,262.0
776441,31,previous_day1,0.0,101.0,102.0,18.4,66.0,0.0,7.3,191.0
776442,19,previous_day1,0.0,112.0,125.0,20.6,33.0,0.0,15.5,18.0
776443,2,previous_day1,0.0,99.0,98.0,24.2,57.0,0.0,13.5,314.0
776444,1,previous_day1,0.0,100.0,100.0,27.0,44.0,0.0,8.0,265.0
776445,2889,previous_day1,0.0,100.0,100.0,,,,,
776446,7,previous_day1,0.0,104.0,108.0,19.8,38.0,0.0,15.0,316.0
776447,4705,previous_day1,0.0,100.0,100.0,27.8,55.0,0.0,12.5,319.0
776448,15,previous_day1,0.0,101.0,102.0,33.5,31.0,0.0,7.0,339.0
776449,5325,previous_day1,0.0,101.0,102.0,,,,,
776450,2602,previous_day1,0.0,105.0,110.0,,,,,
776451,2523,previous_day1,0.0,100.0,100.0,25.8,91.0,0.0,11.2,57.0
776452,2394,previous_day1,0.0,98.0,96.0,,,,,
776453,31,previous_day1,0.0,101.0,102.0,27.3,43.0,0.0,11.2,225.0
776454,2,previous_day1,0.0,99.0,98.0,29.5,52.0,0.0,16.6,141.0
776455,17,previous_day1,1.0,97.0,94.0,18.6,45.0,0.0,26.4,275.0
776456,4169,previous_day1,0.0,101.0,102.0,,,,,
776457,3313,previous_day1,0.0,100.0,100.0,,,,,
776458,2523,previous_day1,0.0,100.0,100.0,28.2,72.0,0.0,7.0,235.0
776459,32,previous_day1,1.0,97.0,94.0,17.6,39.0,0.0,17.3,253.0
776460,4705,previous_day1,0.0,100.0,100.0,32.4,33.0,0.0,10.4,180.0
776461,31,previous_day1,0.0,101.0,102.0,16.3,76.0,0.0,9.3,324.0
776462,3312,previous_day1,0.0,102.0,104.0,11.3,84.0,0.0,14.0,138.0
776463,7,previous_day1,0.0,104.0,108.0,25.3,29.0,0.0,8.9,194.0
776464,2392,previous_day1,0.0,100.0,100.0,31.0,53.0,0.0,8.0,144.0
776465,2680,previous_day1,1.0,96.0,92.0,28.7,57.0,0.0,14.4,302.0
776466,7,previous_day1,0.0,104.0,108.0,23.2,74.0,0.4,14.4,257.0
776467,19,previous_day1,0.0,112.0,125.0,27.9,12.0,0.0,4.5,61.0
776468,15,previous_day1,1.0,101.0,102.0,38.4,28.0,0.0,6.5,273.0
776469,3312,previous_day1,0.0,102.0,104.0,14.1,52.0,0.0,14.0,318.0
776470,2889,previous_day1,0.0,100.0,100.0,,,,,
776471,32,previous_day1,0.0,97.0,94.0,15.3,60.0,0.0,16.8,318.0
776472,2392,previous_day1,0.0,100.0,100.0,27.1,76.0,0.0,6.2,111.0
776473,17,previous_day1,0.0,97.0,94.0,17.5,84.0,3.6,16.1,310.0
776474,3,previous_day1,0.0,107.0,114.0,22.9,46.0,0.0,10.2,162.0
776475,2602,previous_day1,0.0,105.0,110.0,,,,,
776476,2523,previous_day1,0.0,100.0,100.0,29.2,75.0,0.0,2.2,360.0
776477,3309,previous_day1,1.0,101.0,102.0,27.5,34.0,0.0,4.3,180.0
776478,2394,previous_day1,1.0,98.0,96.0,,,,,
776479,31,previous_day1,0.0,101.0,102.0,26.7,36.0,0.0,16.7,213.0
776480,2680,previous_day1,0.0,96.0,92.0,25.3,73.0,0.0,13.0,326.0
776481,15,previous_day1,0.0,101.0,102.0,33.4,37.0,0.0,14.1,264.0
776482,3309,previous_day1,0.0,101.0,102.0,21.8,57.0,0.0,5.9,101.0
776483,2889,previous_day1,0.0,100.0,100.0,,,,,
776484,3312,previous_day1,0.0,102.0,104.0,18.5,87.0,0.0,3.7,11.0
776485,2523,previous_day1,0.0,100.0,100.0,25.3,87.0,0.0,6.9,28.0
776486,19,previous_day1,0.0,112.0,125.0,26.2,22.0,0.0,11.6,5.0
776487,17,previous_day1,0.0,97.0,94.0,22.0,67.0,0.0,7.7,127.0
776488,7,previous_day1,0.0,104.0,108.0,23.0,61.0,0.0,8.9,302.0
776489,2392,previous_day1,0.0,100.0,100.0,28.4,80.0,0.0,2.4,333.0
776490,2394,previous_day1,0.0,98.0,96.0,,,,,
776491,2602,previous_day1,0.0,105.0,110.0,,,,,
776492,19,previous_day1,1.0,112.0,125.0,29.0,16.0,0.0,14.8,34.0
776493,3,previous_day1,0.0,107.0,114.0,18.9,60.0,0.0,10.1,88.0
776494,2680,previous_day1,1.0,96.0,92.0,26.2,65.0,0.0,17.2,323.0
776495,15,previous_day1,0.0,101.0,102.0,41.8,15.0,0.0,1.8,169.0
776496,31,previous_day1,0.0,101.0,102.0,24.2,28.0,0.0,7.3,81.0
776497,2889,previous_day1,1.0,100.0,100.0,,,,,
776498,3309,previous_day1,1.0,101.0,102.0,25.7,37.0,0.0,18.6,46.0
776499,2392,previous_day1,1.0,100.0,100.0,27.7,82.0,0.0,7.1,24.0
776500,32,previous_day1,1.0,97.0,94.0,23.9,48.0,0.0,13.4,82.0
776501,2394,previous_day1,1.0,98.0,96.0,,,,,
776502,3312,previous_day1,1.0,102.0,104.0,25.3,48.0,0.0,1.1,252.0
776503,2602,previous_day1,1.0,105.0,110.0,,,,,
776504,2523,previous_day1,0.0,100.0,100.0,24.5,89.0,0.0,10.7,20.0
776505,3,previous_day1,1.0,107.0,114.0,23.0,43.0,0.0,15.6,67.0
776506,17,previous_day1,1.0,97.0,94.0,23.4,46.0,0.0,12.0,69.0
776507,2395,previous_day1,1.0,97.0,94.0,25.3,48.0,0.0,20.1,280.0
776508,2529,previous_day1,1.0,100.0,100.0,37.3,11.0,0.0,10.4,250.0
776509,22,previous_day1,1.0,100.0,100.0,33.8,36.0,0.0,12.1,240.0
776510,2392,previous_day1,1.0,100.0,100.0,28.6,82.0,0.0,5.1,352.0
776511,19,previous_day1,1.0,112.0,125.0,26.3,22.0,0.0,14.5,23.0
776512,7,previous_day1,1.0,104.0,108.0,26.1,48.0,0.0,16.7,213.0
776513,3312,previous_day1,1.0,102.0,104.0,23.2,51.0,0.0,11.8,110.0
776514,4,previous_day1,1.0,99.0,98.0,,,,,
776515,14,previous_day1,1.0,100.0,100.0,21.5,49.0,0.0,11.1,167.0
776516,2395,previous_day1,1.0,97.0,94.0,24.3,44.0,0.0,23.3,283.0
776517,3,previous_day1,1.0,107.0,114.0,22.2,51.0,0.0,15.5,85.0
776518,2602,previous_day1,1.0,105.0,110.0,,,,,
776519,3289,previous_day1,1.0,97.0,94.0,,,,,
776520,3309,previous_day1,1.0,101.0,102.0,25.9,28.0,0.0,11.0,11.0
776521,5,previous_day1,1.0,97.0,94.0,22.0,58.0,0.0,17.7,356.0
776522,2681,previous_day1,0.0,101.0,102.0,24.8,29.0,0.0,7.6,45.0
776523,22,previous_day1,0.0,100.0,100.0,26.8,43.0,0.0,11.7,252.0
776524,2529,previous_day1,0.0,100.0,100.0,34.9,19.0,0.0,9.7,219.0
776525,3309,previous_day1,1.0,101.0,102.0,26.2,27.0,0.0,8.9,21.0
776526,19,previous_day1,0.0,112.0,125.0,18.2,72.0,0.4,6.7,216.0
776527,14,previous_day1,1.0,100.0,100.0,22.2,37.0,0.0,13.2,313.0
776528,7,previous_day1,0.0,104.0,108.0,30.1,30.0,0.0,12.4,163.0
776529,4,previous_day1,0.0,99.0,98.0,,,,,
776530,3312,previous_day1,0.0,102.0,104.0,24.9,44.0,0.0,12.0,69.0
776531,2392,previous_day1,0.0,100.0,100.0,26.7,78.0,0.0,12.8,52.0
776532,2681,previous_day1,0.0,101.0,102.0,24.5,28.0,0.0,6.9,298.0
776533,2395,previous_day1,0.0,97.0,94.0,16.6,83.0,0.0,24.7,291.0
776534,22,previous_day1,0.0,100.0,100.0,24.8,46.0,0.0,9.1,263.0
776535,3289,previous_day1,1.0,97.0,94.0,,,,,
776536,2602,previous_day1,0.0,105.0,110.0,,,,,
776537,5,previous_day1,0.0,97.0,94.0,18.7,42.0,0.0,12.3,21.0
776538,2529,previous_day1,0.0,100.0,100.0,30.9,32.0,0.0,12.6,217.0
776539,3,previous_day1,1.0,107.0,114.0,23.9,33.0,0.0,13.5,254.0
776540,7,previous_day1,0.0,104.0,108.0,28.3,31.0,0.0,5.0,150.0
776541,3312,previous_day1,0.0,102.0,104.0,22.0,67.0,0.0,11.8,243.0
776542,19,previous_day1,0.0,112.0,125.0,22.1,48.0,0.0,8.0,207.0
776543,2392,previous_day1,0.0,100.0,100.0,25.2,90.0,1.4,18.6,41.0
776544,4,previous_day1,0.0,99.0,98.0,,,,,
776545,3309,previous_day1,0.0,101.0,102.0,26.6,29.0,0.0,9.7,309.0
776546,14,previous_day1,0.0,100.0,100.0,14.1,55.0,0.0,8.2,311.0
776547,5,previous_day1,0.0,97.0,94.0,16.3,63.0,0.0,15.5,3.0
776548,3289,previous_day1,0.0,97.0,94.0,,,,,
776549,3,previous_day1,0.0,107.0,114.0,17.4,78.0,1.1,6.0,197.0
776550,2395,previous_day1,1.0,97.0,94.0,20.4,68.0,0.0,14.6,280.0
776551,2602,previous_day1,0.0,105.0,110.0,,,,,
776552,2681,previous_day1,0.0,101.0,102.0,25.1,31.0,0.0,11.9,265.0
776553,32,previous_day1,1.0,97.0,94.0,22.5,67.0,0.0,17.7,27.0
776554,2889,previous_day1,1.0,100.0,100.0,,,,,
776555,2392,previous_day1,1.0,100.0,100.0,27.2,81.0,0.0,17.8,227.0
776556,4,previous_day1,0.0,99.0,98.0,,,,,
776557,2395,previous_day1,0.0,97.0,94.0,17.5,83.0,0.0,17.6,271.0
776558,3289,previous_day1,0.0,97.0,94.0,,,,,
776559,2529,previous_day1,0.0,100.0,100.0,26.7,42.0,0.0,16.4,230.0
776560,2681,previous_day1,0.0,101.0,102.0,24.9,40.0,0.0,14.8,176.0
776561,680,previous_day1,1.0,91.0,83.0,22.0,69.0,0.0,8.1,225.0
776562,22,previous_day1,0.0,100.0,100.0,24.2,58.0,0.0,13.3,237.0
776563,5325,previous_day1,0.0,101.0,102.0,,,,,
776564,2,previous_day1,1.0,99.0,98.0,27.4,26.0,0.0,13.7,182.0
776565,4169,previous_day1,1.0,101.0,102.0,,,,,
776566,3289,previous_day1,0.0,97.0,94.0,,,,,
776567,14,previous_day1,0.0,100.0,100.0,21.6,31.0,0.0,14.1,257.0
776568,2889,previous_day1,0.0,100.0,100.0,,,,,
776569,4,previous_day1,0.0,99.0,98.0,,,,,
776570,3313,previous_day1,1.0,100.0,100.0,,,,,
776571,2392,previous_day1,0.0,100.0,100.0,29.8,63.0,0.0,11.3,117.0
776572,32,previous_day1,0.0,97.0,94.0,22.7,41.0,0.0,8.4,223.0
776573,2529,previous_day1,0.0,100.0,100.0,28.0,39.0,0.0,16.1,241.0
776574,22,previous_day1,0.0,100.0,100.0,21.7,76.0,0.0,10.6,246.0
776575,5325,previous_day1,0.0,101.0,102.0,,,,,
776576,2395,previous_day1,0.0,97.0,94.0,16.8,88.0,0.0,18.0,268.0
776577,680,previous_day1,0.0,91.0,83.0,26.5,47.0,0.0,6.6,331.0
776578,2889,previous_day1,0.0,100.0,100.0,,,,,
776579,2,previous_day1,0.0,99.0,98.0,24.5,28.0,0.0,8.0,262.0
776580,5,previous_day1,1.0,97.0,94.0,21.3,38.0,0.0,17.6,298.0
776581,4169,previous_day1,0.0,101.0,102.0,,,,,
776582,14,previous_day1,0.0,100.0,100.0,16.9,56.0,0.4,20.6,306.0
776583,4,previous_day1,0.0,99.0,98.0,,,,,
776584,5,previous_day1,0.0,97.0,94.0,15.3,78.0,0.4,4.7,9.0
776585,3289,previous_day1,0.0,97.0,94.0,,,,,
776586,32,previous_day1,0.0,97.0,94.0,19.9,34.0,0.0,9.0,293.0
776587,2392,previous_day1,0.0,100.0,100.0,29.1,69.0,0.0,18.4,96.0
776588,3313,previous_day1,0.0,100.0,100.0,,,,,
776589,2889,previous_day1,0.0,100.0,100.0,,,,,
776590,2529,previous_day1,0.0,100.0,100.0,29.0,39.0,0.0,16.4,230.0
776591,2,previous_day1,0.0,99.0,98.0,26.1,29.0,0.0,10.4,268.0
776592,5325,previous_day1,0.0,101.0,102.0,,,,,
776593,32,previous_day1,0.0,97.0,94.0,18.3,44.0,0.0,13.0,314.0
776594,22,previous_day1,0.0,100.0,100.0,23.4,71.0,0.0,10.0,240.0
776595,680,previous_day1,0.0,91.0,83.0,26.1,48.0,0.0,7.6,335.0
776596,14,previous_day1,0.0,100.0,100.0,19.5,52.0,0.0,12.6,270.0
776597,3313,previous_day1,0.0,100.0,100.0,,,,,
776598,3289,previous_day1,0.0,97.0,94.0,,,,,
776599,4,previous_day1,0.0,99.0,98.0,,,,,
776600,4169,previous_day1,0.0,101.0,102.0,,,,,
776601,5,previous_day1,0.0,97.0,94.0,15.4,84.0,36.4,37.2,255.0
776602,680,previous_day1,1.0,91.0,83.0,27.3,48.0,0.0,9.4,310.0
776603,2680,previous_day1,1.0,96.0,92.0,26.5,71.0,0.0,12.4,296.0
776604,2,previous_day1,0.0,99.0,98.0,28.0,25.0,0.0,13.4,275.0
776605,1,previous_day1,1.0,100.0,100.0,30.7,49.0,0.0,13.0,246.0
776606,2523,previous_day1,1.0,100.0,100.0,24.4,90.0,0.0,7.9,164.0
776607,4,previous_day1,1.0,99.0,98.0,,,,,
776608,32,previous_day1,1.0,97.0,94.0,20.5,49.0,0.0,24.5,290.0
776609,15,previous_day1,1.0,101.0,102.0,42.3,22.0,0.0,6.1,267.0
776610,31,previous_day1,1.0,101.0,102.0,29.2,41.0,0.0,11.4,235.0
776611,5325,previous_day1,1.0,101.0,102.0,,,,,
776612,2,previous_day1,1.0,99.0,98.0,30.3,49.0,0.0,17.1,132.0
776613,2681,previous_day1,1.0,101.0,102.0,30.1,43.0,0.0,15.2,173.0
776614,4169,previous_day1,1.0,101.0,102.0,,,,,
776615,2394,previous_day1,1.0,98.0,96.0,,,,,
776616,3313,previous_day1,0.0,100.0,100.0,,,,,
776617,2680,previous_day1,0.0,96.0,92.0,22.6,80.0,0.0,8.6,272.0
776618,1,previous_day1,0.0,100.0,100.0,24.2,66.0,0.0,8.4,239.0
776619,4,previous_day1,0.0,99.0,98.0,,,,,
776620,680,previous_day1,0.0,91.0,83.0,27.1,39.0,0.0,8.7,5.0
776621,32,previous_day1,0.0,97.0,94.0,21.7,48.0,0.0,19.2,300.0
776622,15,previous_day1,0.0,101.0,102.0,42.9,18.0,0.0,13.4,294.0
776623,5325,previous_day1,0.0,101.0,102.0,,,,,
776624,4705,previous_day1,1.0,100.0,100.0,29.5,54.0,0.0,3.4,288.0
776625,2394,previous_day1,0.0,98.0,96.0,,,,,
776626,4705,previous_day1,0.0,100.0,100.0,24.9,80.0,0.0,11.6,83.0
776627,3313,previous_day1,1.0,100.0,100.0,,,,,
776628,2681,previous_day1,0.0,101.0,102.0,26.7,44.0,0.0,19.4,165.0
776629,2,previous_day1,0.0,99.0,98.0,26.3,41.0,0.0,18.7,150.0
776630,4169,previous_day1,1.0,101.0,102.0,,,,,
776631,2523,previous_day1,0.0,100.0,100.0,28.2,76.0,0.0,10.2,238.0
776632,31,previous_day1,0.0,101.0,102.0,31.0,30.0,0.0,8.1,238.0
776633,2523,previous_day1,0.0,100.0,100.0,26.5,87.0,0.0,8.2,331.0
776634,32,previous_day1,0.0,97.0,94.0,25.9,51.0,0.0,7.9,227.0
776635,15,previous_day1,0.0,101.0,102.0,41.2,18.0,0.0,9.4,272.0
776636,2680,previous_day1,0.0,96.0,92.0,19.9,91.0,0.0,7.9,210.0
776637,31,previous_day1,0.0,101.0,102.0,28.0,42.0,0.0,9.5,61.0
776638,680,previous_day1,0.0,91.0,83.0,27.3,38.0,0.0,10.4,2.0
776639,4,previous_day1,0.0,99.0,98.0,,,,,
776640,1,previous_day1,0.0,100.0,100.0,23.3,72.0,0.0,12.7,215.0
776641,5325,previous_day1,0.0,101.0,102.0,,,,,
776642,2680,previous_day1,1.0,96.0,92.0,29.4,44.0,0.0,11.2,276.0
776643,2,previous_day1,0.0,99.0,98.0,26.3,37.0,0.0,11.4,101.0
776644,19,previous_day1,1.0,112.0,125.0,37.1,11.0,0.0,11.1,36.0
776645,4705,previous_day1,0.0,100.0,100.0,26.7,78.0,0.0,8.0,72.0
776646,4169,previous_day1,0.0,101.0,102.0,,,,,
776647,3313,previous_day1,0.0,100.0,100.0,,,,,
776648,2681,previous_day1,0.0,101.0,102.0,26.8,30.0,0.0,9.5,115.0
776649,2394,previous_day1,0.0,98.0,96.0,,,,,
776650,3309,previous_day1,1.0,101.0,102.0,24.4,67.0,0.0,19.3,21.0
776651,17,previous_day1,1.0,97.0,94.0,21.9,79.0,0.0,13.9,25.0
776652,1,previous_day1,0.0,100.0,100.0,27.5,44.0,0.0,10.4,214.0
776653,3312,previous_day1,1.0,102.0,104.0,26.3,65.0,0.0,8.6,180.0
776654,3313,previous_day1,0.0,100.0,100.0,,,,,
776655,2,previous_day1,0.0,99.0,98.0,23.6,66.0,0.0,15.9,3.0
776656,2680,previous_day1,0.0,96.0,92.0,23.0,66.0,0.0,10.2,321.0
776657,7,previous_day1,1.0,104.0,108.0,30.5,50.0,0.0,10.5,49.0
776658,15,previous_day1,1.0,101.0,102.0,43.7,16.0,0.0,3.3,229.0
776659,3309,previous_day1,0.0,101.0,102.0,30.3,53.0,0.0,9.4,133.0
776660,19,previous_day1,0.0,112.0,125.0,33.3,12.0,0.0,10.6,80.0
776661,31,previous_day1,1.0,101.0,102.0,28.4,65.0,0.0,5.1,309.0
776662,2681,previous_day1,1.0,101.0,102.0,25.6,84.0,0.0,10.7,76.0
776663,17,previous_day1,0.0,97.0,94.0,20.0,81.0,0.0,18.6,10.0
776664,2523,previous_day1,0.0,100.0,100.0,28.5,65.0,0.0,7.6,278.0
776665,3312,previous_day1,0.0,102.0,104.0,24.9,65.0,0.0,10.9,63.0
776666,7,previous_day1,0.0,104.0,108.0,32.0,36.0,0.0,8.8,35.0
776667,2680,previous_day1,0.0,96.0,92.0,21.5,77.0,0.0,11.9,325.0
776668,1,previous_day1,0.0,100.0,100.0,26.7,43.0,0.0,9.8,278.0
776669,4705,previous_day1,0.0,100.0,100.0,32.3,50.0,0.0,6.2,201.0
776670,4169,previous_day1,0.0,101.0,102.0,,,,,
776671,19,previous_day1,0.0,112.0,125.0,27.2,31.0,0.0,14.5,174.0
776672,15,previous_day1,0.0,101.0,102.0,39.3,11.0,0.0,8.8,258.0
776673,2394,previous_day1,1.0,98.0,96.0,,,,,
776674,3312,previous_day1,0.0,102.0,104.0,26.9,74.0,0.0,5.4,20.0
776675,7,previous_day1,0.0,104.0,108.0,34.1,41.0,0.0,19.6,20.0
776676,17,previous_day1,0.0,97.0,94.0,22.0,89.0,0.0,9.5,9.0
776677,2523,previous_day1,0.0,100.0,100.0,28.1,74.0,0.0,6.3,24.0
776678,3309,previous_day1,0.0,101.0,102.0,22.6,82.0,0.0,9.8,96.0
776679,31,previous_day1,0.0,101.0,102.0,32.3,37.0,0.0,11.8,140.0
776680,2681,previous_day1,0.0,101.0,102.0,23.5,52.0,0.0,12.2,92.0
776681,1,previous_day1,0.0,100.0,100.0,23.4,63.0,0.0,11.1,216.0
776682,15,previous_day1,0.0,101.0,102.0,38.5,18.0,0.0,13.3,267.0
776683,2680,previous_day1,0.0,96.0,92.0,19.7,79.0,0.0,7.7,221.0
776684,3,previous_day1,0.0,107.0,114.0,19.0,58.0,0.0,14.0,91.0
776685,2394,previous_day1,0.0,98.0,96.0,,,,,
776686,4169,previous_day1,0.0,101.0,102.0,,,,,
776687,4705,previous_day1,0.0,100.0,100.0,30.0,60.0,0.0,7.7,118.0
776688,4169,previous_day1,0.0,101.0,102.0,,,,,
776689,2681,previous_day1,0.0,101.0,102.0,22.2,70.0,0.0,14.5,67.0
776690,7,previous_day1,0.0,104.0,108.0,35.4,39.0,0.0,4.2,211.0
776692,2394,previous_day1,0.0,98.0,96.0,,,,,
776693,19,previous_day1,0.0,112.0,125.0,26.3,36.0,0.0,16.7,96.0
776694,31,previous_day1,0.0,101.0,102.0,28.5,43.0,0.0,4.3,48.0
776695,3,previous_day1,0.0,107.0,114.0,18.0,56.0,0.0,13.0,90.0
776696,4705,previous_day1,0.0,100.0,100.0,34.2,34.0,0.0,8.0,95.0
776697,22,previous_day1,1.0,100.0,100.0,27.7,52.0,0.0,16.1,254.0
776698,2889,previous_day1,1.0,100.0,100.0,,,,,
776699,2529,previous_day1,1.0,100.0,100.0,27.2,38.0,0.0,19.2,214.0
776700,3312,previous_day1,1.0,102.0,104.0,21.7,83.0,0.4,19.8,88.0
776701,19,previous_day1,1.0,112.0,125.0,32.5,16.0,0.0,4.4,145.0
776702,7,previous_day1,1.0,104.0,108.0,36.5,32.0,0.0,18.0,209.0
776703,2395,previous_day1,1.0,97.0,94.0,18.3,77.0,0.0,29.0,287.0
776704,17,previous_day1,1.0,97.0,94.0,24.1,87.0,0.0,17.2,10.0
776705,2392,previous_day1,1.0,100.0,100.0,31.5,70.0,0.0,7.7,311.0
776706,5,previous_day1,1.0,97.0,94.0,24.3,90.0,0.0,9.8,324.0
776707,2735,previous_day1,0.0,100.0,100.0,26.1,77.0,0.0,5.3,332.0
776708,3309,previous_day1,1.0,101.0,102.0,32.3,52.0,0.0,9.0,185.0
776709,2602,previous_day1,1.0,105.0,110.0,,,,,
776710,14,previous_day1,1.0,100.0,100.0,21.5,85.0,0.0,24.5,360.0
776711,2395,previous_day1,0.0,97.0,94.0,18.3,83.0,0.0,30.7,286.0
776712,7,previous_day1,0.0,104.0,108.0,36.8,30.0,0.0,19.5,214.0
776713,2889,previous_day1,0.0,100.0,100.0,,,,,
776714,3,previous_day1,1.0,107.0,114.0,33.7,38.0,0.0,18.8,238.0
776715,19,previous_day1,0.0,112.0,125.0,26.7,33.0,0.0,12.1,307.0
776716,3312,previous_day1,0.0,102.0,104.0,25.9,78.0,0.0,8.6,22.0
776717,22,previous_day1,0.0,100.0,100.0,22.8,69.0,0.0,13.0,251.0
776718,2529,previous_day1,0.0,100.0,100.0,28.3,44.0,0.0,21.2,215.0
776719,17,previous_day1,1.0,97.0,94.0,33.0,54.0,0.0,11.6,120.0
776720,5,previous_day1,0.0,97.0,94.0,30.2,40.0,0.0,10.7,33.0
776721,2602,previous_day1,0.0,105.0,110.0,,,,,
776722,2392,previous_day1,0.0,100.0,100.0,29.5,81.0,0.0,7.7,152.0
776723,14,previous_day1,1.0,100.0,100.0,29.5,44.0,0.0,10.2,162.0
776724,3,previous_day1,1.0,107.0,114.0,26.8,52.0,0.0,15.9,84.0
776725,3309,previous_day1,1.0,101.0,102.0,32.1,47.0,0.0,12.2,135.0
776726,3289,previous_day1,1.0,97.0,94.0,,,,,
776727,22,previous_day1,0.0,100.0,100.0,21.5,76.0,0.0,11.1,241.0
776728,7,previous_day1,0.0,104.0,108.0,35.3,36.0,0.0,17.3,168.0
776729,2395,previous_day1,0.0,97.0,94.0,19.7,77.0,0.0,31.6,299.0
776730,19,previous_day1,0.0,112.0,125.0,30.4,20.0,0.0,12.7,29.0
776731,2889,previous_day1,0.0,100.0,100.0,,,,,
776732,3312,previous_day1,0.0,102.0,104.0,26.6,85.0,0.0,6.9,171.0
776733,2392,previous_day1,0.0,100.0,100.0,29.1,78.0,0.0,11.6,150.0
776734,2529,previous_day1,0.0,100.0,100.0,32.6,32.0,0.0,18.2,214.0
776735,14,previous_day1,0.0,100.0,100.0,25.6,69.0,0.0,12.6,92.0
776736,3289,previous_day1,0.0,97.0,94.0,,,,,
776737,17,previous_day1,1.0,97.0,94.0,27.2,68.0,0.0,11.5,92.0
776738,5,previous_day1,0.0,97.0,94.0,28.3,44.0,0.0,12.8,16.0
776739,3309,previous_day1,0.0,101.0,102.0,31.0,54.0,0.0,11.9,92.0
776740,2602,previous_day1,0.0,105.0,110.0,,,,,
776741,3,previous_day1,0.0,107.0,114.0,20.1,75.0,0.0,14.6,74.0
776742,19,previous_day1,0.0,112.0,125.0,31.4,15.0,0.0,28.9,213.0
776743,3309,previous_day1,0.0,101.0,102.0,27.8,71.0,0.0,5.6,63.0
776744,3312,previous_day1,0.0,102.0,104.0,21.0,81.0,0.0,13.5,136.0
776745,5,previous_day1,0.0,97.0,94.0,28.6,36.0,0.0,12.6,37.0
776746,5325,previous_day1,1.0,101.0,102.0,,,,,
776747,14,previous_day1,1.0,100.0,100.0,26.7,61.0,0.0,12.4,144.0
776748,3289,previous_day1,0.0,97.0,94.0,,,,,
776749,2395,previous_day1,1.0,97.0,94.0,17.9,84.0,0.0,18.7,272.0
776750,2,previous_day1,1.0,99.0,98.0,30.7,64.0,0.0,6.0,343.0
776751,2529,previous_day1,0.0,100.0,100.0,25.9,48.0,0.0,19.8,217.0
776752,1,previous_day1,0.0,100.0,100.0,22.0,78.0,0.0,11.7,214.0
776753,2392,previous_day1,0.0,100.0,100.0,28.9,70.0,0.0,9.8,174.0
776754,4,previous_day1,1.0,99.0,98.0,,,,,
776755,32,previous_day1,1.0,97.0,94.0,27.6,42.0,0.0,11.0,319.0
776756,3289,previous_day1,0.0,97.0,94.0,,,,,
776757,14,previous_day1,0.0,100.0,100.0,23.1,93.0,38.5,4.2,200.0
776758,2889,previous_day1,1.0,100.0,100.0,,,,,
776759,7,previous_day1,1.0,104.0,108.0,31.9,42.0,0.0,6.5,354.0
776760,3313,previous_day1,0.0,100.0,100.0,,,,,
776761,2,previous_day1,0.0,99.0,98.0,29.7,53.0,0.0,7.0,215.0
776762,2529,previous_day1,0.0,100.0,100.0,27.8,42.0,0.0,19.7,220.0
776763,1,previous_day1,0.0,100.0,100.0,21.6,75.0,0.0,12.6,217.0
776764,5325,previous_day1,0.0,101.0,102.0,,,,,
776765,2602,previous_day1,0.0,105.0,110.0,,,,,
776766,5,previous_day1,0.0,97.0,94.0,26.4,78.0,0.0,7.1,285.0
776767,2395,previous_day1,0.0,97.0,94.0,15.4,98.0,0.0,17.5,279.0
776768,14,previous_day1,0.0,100.0,100.0,32.2,45.0,0.0,16.1,228.0
776769,2392,previous_day1,0.0,100.0,100.0,30.2,69.0,0.0,11.1,103.0
776770,7,previous_day1,0.0,104.0,108.0,29.0,53.0,0.0,10.7,348.0
776771,32,previous_day1,0.0,97.0,94.0,25.0,88.0,0.0,5.4,127.0
776772,3289,previous_day1,0.0,97.0,94.0,,,,,
776773,4,previous_day1,0.0,99.0,98.0,,,,,
776774,3313,previous_day1,0.0,100.0,100.0,,,,,
776775,2889,previous_day1,0.0,100.0,100.0,,,,,
776776,2,previous_day1,0.0,99.0,98.0,31.5,56.0,0.0,13.0,129.0
776777,2602,previous_day1,0.0,105.0,110.0,,,,,
776778,5,previous_day1,0.0,97.0,94.0,28.1,55.0,0.0,8.4,7.0
776779,1,previous_day1,0.0,100.0,100.0,21.9,73.0,0.0,11.2,220.0
776780,2395,previous_day1,0.0,97.0,94.0,16.2,96.0,0.0,27.4,289.0
776781,4,previous_day1,0.0,99.0,98.0,,,,,
776782,2392,previous_day1,0.0,100.0,100.0,28.9,72.0,0.0,12.0,164.0
776783,2889,previous_day1,0.0,100.0,100.0,,,,,
776784,7,previous_day1,0.0,104.0,108.0,25.6,69.0,0.0,12.0,263.0
776785,5325,previous_day1,0.0,101.0,102.0,,,,,
776786,32,previous_day1,0.0,97.0,94.0,24.6,82.0,0.0,9.7,129.0
776787,2529,previous_day1,0.0,100.0,100.0,29.8,39.0,0.0,16.4,220.0
776788,22,previous_day1,1.0,100.0,100.0,28.0,49.0,0.0,14.7,239.0
776789,2680,previous_day1,1.0,96.0,92.0,24.0,73.0,0.0,12.2,294.0
776790,3313,previous_day1,0.0,100.0,100.0,,,,,
776791,680,previous_day1,1.0,91.0,83.0,27.6,56.0,0.0,14.9,353.0
776792,2602,previous_day1,0.0,105.0,110.0,,,,,
776793,2395,previous_day1,1.0,97.0,94.0,18.7,78.0,0.0,20.4,261.0
776794,15,previous_day1,1.0,101.0,102.0,41.2,24.0,0.0,14.1,274.0
776795,2889,previous_day1,0.0,100.0,100.0,,,,,
776796,3312,previous_day1,1.0,102.0,104.0,27.6,66.0,0.0,10.5,262.0
776797,3313,previous_day1,1.0,100.0,100.0,,,,,
776798,4,previous_day1,1.0,99.0,98.0,,,,,
776799,32,previous_day1,1.0,97.0,94.0,26.9,74.0,0.0,11.6,234.0
776800,5325,previous_day1,1.0,101.0,102.0,,,,,
776801,31,previous_day1,1.0,101.0,102.0,33.1,31.0,0.0,4.8,167.0
776802,2395,previous_day1,1.0,97.0,94.0,22.7,56.0,0.0,18.0,269.0
776803,4705,previous_day1,1.0,100.0,100.0,24.2,84.0,0.0,15.4,53.0
776804,2,previous_day1,1.0,99.0,98.0,29.8,33.0,0.0,14.1,105.0
776805,680,previous_day1,0.0,91.0,83.0,24.1,52.0,0.0,13.8,7.0
776806,2394,previous_day1,1.0,98.0,96.0,,,,,
776807,2680,previous_day1,0.0,96.0,92.0,21.4,78.0,0.0,10.0,257.0
776808,22,previous_day1,0.0,100.0,100.0,22.7,59.0,0.0,13.6,253.0
776809,15,previous_day1,0.0,101.0,102.0,42.6,17.0,0.0,17.2,286.0
776810,5325,previous_day1,0.0,101.0,102.0,,,,,
776811,2,previous_day1,0.0,99.0,98.0,27.9,27.0,0.0,8.4,83.0
776812,31,previous_day1,0.0,101.0,102.0,32.0,29.0,0.0,9.4,90.0
776813,2394,previous_day1,0.0,98.0,96.0,,,,,
776814,4,previous_day1,0.0,99.0,98.0,,,,,
776815,3313,previous_day1,1.0,100.0,100.0,,,,,
776816,3312,previous_day1,0.0,102.0,104.0,29.4,51.0,0.0,6.8,238.0
776817,32,previous_day1,0.0,97.0,94.0,34.5,42.0,0.0,18.5,209.0
776818,2889,previous_day1,0.0,100.0,100.0,,,,,
776819,4705,previous_day1,0.0,100.0,100.0,27.4,57.0,0.0,15.3,75.0
776820,2680,previous_day1,0.0,96.0,92.0,18.5,94.0,0.0,7.8,202.0
776821,5325,previous_day1,0.0,101.0,102.0,,,,,
776822,2395,previous_day1,0.0,97.0,94.0,19.5,61.0,0.0,23.4,269.0
776823,22,previous_day1,0.0,100.0,100.0,24.3,62.0,0.0,10.1,243.0
776824,680,previous_day1,0.0,91.0,83.0,21.0,53.0,0.0,11.2,358.0
776825,15,previous_day1,0.0,101.0,102.0,41.2,16.0,0.0,16.6,266.0
776826,2889,previous_day1,0.0,100.0,100.0,,,,,
776827,3312,previous_day1,0.0,102.0,104.0,32.5,57.0,0.0,17.2,170.0
776828,32,previous_day1,0.0,97.0,94.0,30.7,53.0,0.0,17.1,152.0
776829,31,previous_day1,0.0,101.0,102.0,30.2,33.0,0.0,10.0,103.0
776830,680,previous_day1,1.0,91.0,83.0,16.7,81.0,0.0,6.4,223.0
776831,2,previous_day1,0.0,99.0,98.0,27.4,46.0,0.0,10.3,78.0
776832,2394,previous_day1,0.0,98.0,96.0,,,,,
776833,4,previous_day1,0.0,99.0,98.0,,,,,
776834,4705,previous_day1,0.0,100.0,100.0,26.8,61.0,0.0,14.1,96.0
776835,3313,previous_day1,0.0,100.0,100.0,,,,,
776836,19,previous_day1,1.0,112.0,125.0,36.5,9.0,0.0,22.3,261.0
776837,3309,previous_day1,1.0,101.0,102.0,27.4,56.0,0.0,16.3,68.0
776838,15,previous_day1,0.0,101.0,102.0,42.0,12.0,0.0,10.8,274.0
776839,22,previous_day1,1.0,100.0,100.0,32.3,32.0,0.0,14.6,254.0
776840,31,previous_day1,0.0,101.0,102.0,26.9,42.0,0.0,17.2,119.0
776841,680,previous_day1,0.0,91.0,83.0,19.3,77.0,0.0,13.2,227.0
776842,4705,previous_day1,0.0,100.0,100.0,26.3,75.0,0.0,8.3,108.0
776843,1,previous_day1,1.0,100.0,100.0,32.2,32.0,0.0,12.6,250.0
776844,31,previous_day1,1.0,101.0,102.0,30.1,25.0,0.0,15.6,119.0
776845,5325,previous_day1,1.0,101.0,102.0,,,,,
776846,3289,previous_day1,1.0,97.0,94.0,,,,,
776847,17,previous_day1,1.0,97.0,94.0,28.2,54.0,0.0,16.0,99.0
776848,1,previous_day1,0.0,100.0,100.0,23.0,63.0,0.0,9.0,217.0
776849,4169,previous_day1,1.0,101.0,102.0,,,,,
776850,3309,previous_day1,0.0,101.0,102.0,26.1,57.0,0.0,15.9,96.0
776851,2681,previous_day1,1.0,101.0,102.0,28.0,50.0,0.0,13.7,93.0
776852,15,previous_day1,0.0,101.0,102.0,41.7,13.0,0.0,6.4,223.0
776853,4705,previous_day1,0.0,100.0,100.0,24.6,80.0,0.0,7.2,93.0
776854,19,previous_day1,0.0,112.0,125.0,34.3,3.0,0.0,19.6,284.0
776855,5325,previous_day1,0.0,101.0,102.0,,,,,
776856,3,previous_day1,0.0,107.0,114.0,18.7,87.0,0.0,14.1,84.0
776857,680,previous_day1,0.0,91.0,83.0,19.9,49.0,0.0,11.9,270.0
776858,22,previous_day1,0.0,100.0,100.0,22.4,65.0,0.0,8.1,257.0
776859,2394,previous_day1,1.0,98.0,96.0,,,,,
776860,17,previous_day1,0.0,97.0,94.0,25.0,60.0,0.0,10.4,44.0
776861,2394,previous_day1,0.0,98.0,96.0,,,,,
776862,4169,previous_day1,0.0,101.0,102.0,,,,,
776863,3289,previous_day1,0.0,97.0,94.0,,,,,
776864,3,previous_day1,0.0,107.0,114.0,19.2,86.0,0.0,12.1,73.0
776865,3309,previous_day1,0.0,101.0,102.0,25.6,60.0,0.0,3.8,107.0
776866,31,previous_day1,0.0,101.0,102.0,29.8,26.0,0.0,12.4,120.0
776867,1,previous_day1,0.0,100.0,100.0,22.8,67.0,0.0,10.2,222.0
776868,2681,previous_day1,0.0,101.0,102.0,28.2,50.0,0.0,14.1,165.0
776869,4705,previous_day1,0.0,100.0,100.0,21.8,90.0,0.0,10.1,63.0
776870,22,previous_day1,0.0,100.0,100.0,24.6,50.0,0.0,6.7,234.0
776871,5325,previous_day1,0.0,101.0,102.0,,,,,
776872,19,previous_day1,0.0,112.0,125.0,34.3,11.0,0.0,18.1,133.0
776873,15,previous_day1,0.0,101.0,102.0,40.8,13.0,0.0,11.6,263.0
776874,2394,previous_day1,0.0,98.0,96.0,,,,,
776875,4169,previous_day1,0.0,101.0,102.0,,,,,
776876,3289,previous_day1,0.0,97.0,94.0,,,,,
776877,2681,previous_day1,0.0,101.0,102.0,29.7,35.0,0.0,10.8,201.0
776878,17,previous_day1,0.0,97.0,94.0,25.0,56.0,0.0,12.7,75.0
776879,31,previous_day1,0.0,101.0,102.0,29.9,24.0,0.0,12.6,77.0
776880,3,previous_day1,0.0,107.0,114.0,29.1,43.0,0.0,16.1,141.0
776881,2529,previous_day1,1.0,100.0,100.0,31.1,29.0,0.0,10.8,217.0
776882,4705,previous_day1,0.0,100.0,100.0,18.7,94.0,0.4,14.3,65.0
776883,680,previous_day1,1.0,91.0,83.0,19.5,71.0,0.0,7.3,290.0
776884,2680,previous_day1,1.0,96.0,92.0,25.9,50.0,0.0,13.0,298.0
776885,1,previous_day1,1.0,100.0,100.0,29.5,41.0,0.0,12.1,253.0
776886,19,previous_day1,1.0,112.0,125.0,30.3,16.0,0.0,15.9,38.0
776887,3289,previous_day1,1.0,97.0,94.0,,,,,
776888,17,previous_day1,1.0,97.0,94.0,25.5,50.0,0.0,12.3,52.0
776889,2523,previous_day1,1.0,100.0,100.0,31.8,58.0,0.0,15.6,209.0
776890,2681,previous_day1,0.0,101.0,102.0,27.4,36.0,0.0,13.1,81.0
776891,4169,previous_day1,1.0,101.0,102.0,,,,,
776892,5,previous_day1,1.0,97.0,94.0,27.2,33.0,0.0,13.4,5.0
776893,14,previous_day1,1.0,100.0,100.0,26.7,46.0,0.0,17.3,180.0
776894,3309,previous_day1,1.0,101.0,102.0,28.2,35.0,0.0,8.2,49.0
776895,3,previous_day1,1.0,107.0,114.0,28.1,29.0,0.0,4.0,175.0
776896,2680,previous_day1,0.0,96.0,92.0,20.3,74.0,0.0,10.4,314.0
776897,680,previous_day1,1.0,91.0,83.0,20.5,75.0,0.0,9.2,291.0
776898,1,previous_day1,0.0,100.0,100.0,24.8,55.0,0.0,10.4,226.0
776899,2529,previous_day1,0.0,100.0,100.0,31.8,30.0,0.0,16.5,226.0
776900,14,previous_day1,1.0,100.0,100.0,25.4,41.0,0.0,19.9,184.0
776901,2523,previous_day1,1.0,100.0,100.0,32.8,56.0,0.0,11.0,221.0
776902,17,previous_day1,1.0,97.0,94.0,25.1,41.0,0.0,10.8,64.0
776903,3309,previous_day1,1.0,101.0,102.0,25.4,50.0,0.0,7.2,87.0
776904,19,previous_day1,1.0,112.0,125.0,31.3,15.0,0.0,13.2,26.0
776905,5,previous_day1,1.0,97.0,94.0,23.8,43.0,0.0,19.3,9.0
776906,2680,previous_day1,0.0,96.0,92.0,18.9,91.0,0.0,6.4,254.0
776907,6130,previous_day1,0.0,100.0,100.0,,,,,
776908,680,previous_day1,0.0,91.0,83.0,25.0,49.0,0.0,14.6,52.0
776909,3,previous_day1,1.0,107.0,114.0,23.7,54.0,0.0,15.7,70.0
776910,4169,previous_day1,1.0,101.0,102.0,,,,,
776911,3289,previous_day1,1.0,97.0,94.0,,,,,
776912,2681,previous_day1,1.0,101.0,102.0,27.7,32.0,0.0,8.3,2.0
776913,2681,previous_day1,0.0,101.0,102.0,21.6,84.0,0.0,9.3,13.0
776914,2529,previous_day1,0.0,100.0,100.0,29.5,36.0,0.0,19.6,229.0
776915,17,previous_day1,1.0,97.0,94.0,23.8,53.0,0.0,18.7,38.0
776916,1,previous_day1,0.0,100.0,100.0,22.1,67.0,0.0,11.0,221.0
776917,3309,previous_day1,0.0,101.0,102.0,21.5,89.0,0.0,4.2,31.0
776918,2523,previous_day1,0.0,100.0,100.0,29.4,65.0,0.0,10.1,274.0
776919,19,previous_day1,0.0,112.0,125.0,30.5,16.0,0.0,18.1,145.0
776920,14,previous_day1,0.0,100.0,100.0,22.9,36.0,0.0,9.6,200.0
776921,2602,previous_day1,1.0,105.0,110.0,,,,,
776922,3,previous_day1,0.0,107.0,114.0,18.4,75.0,0.0,8.9,50.0
776923,680,previous_day1,0.0,91.0,83.0,25.2,54.0,0.0,4.7,32.0
776924,5,previous_day1,0.0,97.0,94.0,22.3,49.0,0.0,17.2,26.0
776925,4169,previous_day1,0.0,101.0,102.0,,,,,
776926,3289,previous_day1,0.0,97.0,94.0,,,,,
776927,3313,previous_day1,1.0,100.0,100.0,,,,,
776928,2602,previous_day1,0.0,105.0,110.0,,,,,
776929,32,previous_day1,1.0,97.0,94.0,25.8,65.0,0.0,18.9,31.0
776930,2529,previous_day1,0.0,100.0,100.0,26.3,43.0,0.0,20.0,219.0
776931,2680,previous_day1,1.0,96.0,92.0,27.0,50.0,0.0,12.2,298.0
776932,1,previous_day1,0.0,100.0,100.0,26.5,49.0,0.0,10.0,244.0
776933,2395,previous_day1,1.0,97.0,94.0,17.0,84.0,0.0,20.3,263.0
776934,2889,previous_day1,0.0,100.0,100.0,,,,,
776935,3312,previous_day1,1.0,102.0,104.0,23.9,73.0,0.0,13.5,48.0
776936,7,previous_day1,1.0,104.0,108.0,34.4,47.0,0.0,5.6,255.0
776937,2392,previous_day1,1.0,100.0,100.0,31.3,63.0,0.0,6.4,297.0
776938,3313,previous_day1,0.0,100.0,100.0,,,,,
776939,4,previous_day1,1.0,99.0,98.0,,,,,
776940,2394,previous_day1,1.0,98.0,96.0,,,,,
776941,2602,previous_day1,0.0,105.0,110.0,,,,,
776942,5,previous_day1,0.0,97.0,94.0,28.9,66.0,0.0,14.0,342.0
776943,2395,previous_day1,0.0,97.0,94.0,15.8,84.0,0.0,28.8,288.0
776944,2529,previous_day1,0.0,100.0,100.0,30.2,30.0,0.0,19.6,234.0
776945,1,previous_day1,0.0,100.0,100.0,24.3,60.0,0.0,11.2,230.0
776946,2889,previous_day1,0.0,100.0,100.0,,,,,
776947,2680,previous_day1,0.0,96.0,92.0,20.0,80.0,0.0,10.9,314.0
776948,2,previous_day1,1.0,99.0,98.0,37.1,33.0,0.0,11.9,182.0
776949,3313,previous_day1,0.0,100.0,100.0,,,,,
776950,2392,previous_day1,0.0,100.0,100.0,32.5,61.0,0.0,2.3,288.0
776951,5,previous_day1,0.0,97.0,94.0,30.4,63.0,0.0,14.1,341.0
776952,4,previous_day1,0.0,99.0,98.0,,,,,
776953,2394,previous_day1,0.0,98.0,96.0,,,,,
776954,3312,previous_day1,0.0,102.0,104.0,29.2,47.0,0.0,11.0,11.0
776955,7,previous_day1,0.0,104.0,108.0,35.8,40.0,0.0,8.2,119.0
776956,32,previous_day1,0.0,97.0,94.0,33.4,37.0,0.0,12.8,302.0
776957,2529,previous_day1,0.0,100.0,100.0,28.7,36.0,0.0,17.3,227.0
776958,1,previous_day1,0.0,100.0,100.0,22.0,65.0,0.0,11.1,234.0
776959,2680,previous_day1,0.0,96.0,92.0,19.5,81.0,0.0,12.5,314.0
776960,2889,previous_day1,0.0,100.0,100.0,,,,,
776961,3312,previous_day1,0.0,102.0,104.0,30.2,51.0,0.0,5.1,141.0
776962,2,previous_day1,0.0,99.0,98.0,34.2,46.0,0.0,12.5,123.0
776963,2602,previous_day1,0.0,105.0,110.0,,,,,
776964,2395,previous_day1,0.0,97.0,94.0,16.6,77.0,0.0,26.8,285.0
776965,32,previous_day1,0.0,97.0,94.0,28.7,72.0,0.0,8.1,103.0
776966,2,previous_day1,0.0,99.0,98.0,32.6,57.0,0.0,7.2,93.0
776967,2602,previous_day1,0.0,105.0,110.0,,,,,
776968,5,previous_day1,0.0,97.0,94.0,29.5,67.0,0.0,9.4,137.0
776969,2392,previous_day1,0.0,100.0,100.0,29.7,77.0,0.0,6.8,180.0
776970,3313,previous_day1,0.0,100.0,100.0,,,,,
776971,7,previous_day1,0.0,104.0,108.0,35.3,43.0,0.0,10.2,262.0
776972,4,previous_day1,0.0,99.0,98.0,,,,,
776973,2394,previous_day1,0.0,98.0,96.0,,,,,
776974,2395,previous_day1,1.0,97.0,94.0,16.6,83.0,0.0,23.9,281.0
776975,7,previous_day1,1.0,104.0,108.0,32.5,65.0,0.0,12.7,215.0
776976,2392,previous_day1,1.0,100.0,100.0,27.4,86.0,0.0,10.5,301.0
776977,1,previous_day1,1.0,100.0,100.0,24.7,58.0,0.0,14.1,251.0
776978,32,previous_day1,1.0,97.0,94.0,31.4,59.0,0.0,12.6,117.0
776979,3312,previous_day1,1.0,102.0,104.0,32.9,55.0,0.0,19.7,195.0
776980,2889,previous_day1,1.0,100.0,100.0,,,,,
776981,5325,previous_day1,1.0,101.0,102.0,,,,,
776982,2602,previous_day1,1.0,105.0,110.0,,,,,
776983,3,previous_day1,1.0,107.0,114.0,23.0,72.0,0.0,13.0,185.0
776984,31,previous_day1,1.0,101.0,102.0,28.7,71.0,4.7,18.3,260.0
776985,2395,previous_day1,0.0,97.0,94.0,16.0,84.0,0.0,19.5,282.0
776986,2,previous_day1,1.0,99.0,98.0,34.2,53.0,0.0,10.1,266.0
776987,2394,previous_day1,1.0,98.0,96.0,,,,,
776988,3313,previous_day1,1.0,100.0,100.0,,,,,
776989,4,previous_day1,1.0,99.0,98.0,,,,,
776990,7,previous_day1,0.0,104.0,108.0,32.4,58.0,0.0,9.7,243.0
776991,2392,previous_day1,0.0,100.0,100.0,29.8,67.0,0.0,7.6,185.0
776992,2889,previous_day1,0.0,100.0,100.0,,,,,
776993,5325,previous_day1,0.0,101.0,102.0,,,,,
776994,4,previous_day1,0.0,99.0,98.0,,,,,
776995,1,previous_day1,0.0,100.0,100.0,20.3,66.0,0.0,11.8,230.0
776996,32,previous_day1,0.0,97.0,94.0,29.0,63.0,0.0,14.0,228.0
776997,3312,previous_day1,0.0,102.0,104.0,31.6,51.0,0.0,15.4,201.0
776998,3,previous_day1,0.0,107.0,114.0,24.4,45.0,0.0,14.0,113.0
776999,2,previous_day1,0.0,99.0,98.0,26.4,86.0,0.0,7.0,78.0
777000,2602,previous_day1,0.0,105.0,110.0,,,,,
777001,3313,previous_day1,1.0,100.0,100.0,,,,,
777002,31,previous_day1,0.0,101.0,102.0,25.2,86.0,0.0,12.7,35.0
777003,2394,previous_day1,0.0,98.0,96.0,,,,,
777004,2395,previous_day1,0.0,97.0,94.0,15.6,87.0,0.0,18.9,288.0
777005,2889,previous_day1,0.0,100.0,100.0,,,,,
777006,1,previous_day1,0.0,100.0,100.0,22.5,57.0,0.0,11.9,245.0
777007,2392,previous_day1,0.0,100.0,100.0,29.2,77.0,0.0,12.2,124.0
777008,32,previous_day1,1.0,97.0,94.0,27.4,74.0,0.0,12.9,60.0
777009,5325,previous_day1,0.0,101.0,102.0,,,,,
777011,3312,previous_day1,0.0,102.0,104.0,29.3,41.0,0.0,9.4,173.0
777012,3,previous_day1,0.0,107.0,114.0,24.8,90.0,8.6,24.2,313.0
777013,2602,previous_day1,0.0,105.0,110.0,,,,,
777014,31,previous_day1,0.0,101.0,102.0,28.4,74.0,0.0,3.8,253.0
777015,3313,previous_day1,0.0,100.0,100.0,,,,,
777016,2394,previous_day1,0.0,98.0,96.0,,,,,
777017,4,previous_day1,0.0,99.0,98.0,,,,,
777018,1,previous_day1,0.0,100.0,100.0,24.6,47.0,0.0,13.7,288.0
777019,5,previous_day1,1.0,97.0,94.0,34.6,34.0,0.0,13.9,253.0
777020,2,previous_day1,0.0,99.0,98.0,34.6,50.0,0.0,16.9,196.0
777021,2394,previous_day1,0.0,98.0,96.0,,,,,
777022,22,previous_day1,1.0,100.0,100.0,26.8,49.0,0.0,12.6,239.0
777023,2889,previous_day1,0.0,100.0,100.0,,,,,
777024,680,previous_day1,1.0,91.0,83.0,23.9,58.0,0.0,7.4,293.0
777025,2392,previous_day1,0.0,100.0,100.0,33.6,51.0,0.0,6.5,180.0
777026,3309,previous_day1,1.0,101.0,102.0,29.1,55.0,0.0,9.3,126.0
777027,14,previous_day1,0.0,100.0,100.0,24.3,63.0,0.0,12.2,90.0
777028,19,previous_day1,1.0,112.0,125.0,29.4,33.0,0.0,12.8,16.0
777029,31,previous_day1,1.0,101.0,102.0,32.1,37.0,0.0,4.7,212.0
777030,2523,previous_day1,0.0,100.0,100.0,25.2,90.0,8.6,12.1,100.0
777031,17,previous_day1,1.0,97.0,94.0,33.4,50.0,0.0,13.5,151.0
777032,15,previous_day1,1.0,101.0,102.0,38.7,11.0,0.0,9.9,226.0
777033,5325,previous_day1,0.0,101.0,102.0,,,,,
777034,3289,previous_day1,1.0,97.0,94.0,,,,,
777035,680,previous_day1,0.0,91.0,83.0,25.7,52.0,0.0,7.9,344.0
777036,5,previous_day1,0.0,97.0,94.0,28.6,39.0,0.0,10.3,12.0
777037,4169,previous_day1,1.0,101.0,102.0,,,,,
777038,2681,previous_day1,0.0,101.0,102.0,28.1,40.0,0.0,16.7,143.0
777039,22,previous_day1,0.0,100.0,100.0,20.2,73.0,0.0,11.8,250.0
777040,15,previous_day1,0.0,101.0,102.0,34.9,30.0,0.0,9.0,151.0
777041,4705,previous_day1,1.0,100.0,100.0,28.5,73.0,0.0,13.3,103.0
777042,3309,previous_day1,0.0,101.0,102.0,30.0,43.0,0.0,8.1,69.0
777043,5325,previous_day1,0.0,101.0,102.0,,,,,
777044,31,previous_day1,0.0,101.0,102.0,27.9,34.0,0.0,10.6,35.0
777045,2681,previous_day1,0.0,101.0,102.0,27.2,56.0,0.0,12.7,133.0
777046,14,previous_day1,0.0,100.0,100.0,22.1,54.0,0.0,10.4,104.0
777047,17,previous_day1,0.0,97.0,94.0,27.2,60.0,0.0,19.3,117.0
777048,2523,previous_day1,0.0,100.0,100.0,27.7,81.0,0.0,5.1,266.0
777049,19,previous_day1,0.0,112.0,125.0,28.1,30.0,0.0,23.8,183.0
777050,680,previous_day1,0.0,91.0,83.0,25.4,47.0,0.0,4.8,318.0
777051,22,previous_day1,0.0,100.0,100.0,20.5,76.0,0.0,13.2,244.0
777052,4169,previous_day1,0.0,101.0,102.0,,,,,
777053,19,previous_day1,0.0,112.0,125.0,32.0,18.0,0.0,14.0,224.0
777054,3289,previous_day1,0.0,97.0,94.0,,,,,
777055,15,previous_day1,0.0,101.0,102.0,35.8,28.0,0.0,10.0,244.0
777056,5,previous_day1,0.0,97.0,94.0,24.8,43.0,0.0,16.1,20.0
777057,5325,previous_day1,0.0,101.0,102.0,,,,,
777058,4705,previous_day1,0.0,100.0,100.0,33.7,42.0,0.0,14.2,324.0
777059,2523,previous_day1,0.0,100.0,100.0,30.9,61.0,0.0,11.6,292.0
777060,31,previous_day1,0.0,101.0,102.0,27.6,35.0,0.0,10.5,352.0
777061,3289,previous_day1,0.0,97.0,94.0,,,,,
777062,4169,previous_day1,0.0,101.0,102.0,,,,,
777063,2681,previous_day1,0.0,101.0,102.0,28.4,36.0,0.0,14.6,322.0
777064,3309,previous_day1,0.0,101.0,102.0,29.3,41.0,0.0,13.5,16.0
777065,17,previous_day1,0.0,97.0,94.0,23.4,63.0,0.0,12.6,31.0
777066,14,previous_day1,0.0,100.0,100.0,22.0,43.0,0.0,5.7,198.0
777067,680,previous_day1,1.0,91.0,83.0,19.8,61.0,0.0,8.4,280.0
777068,5,previous_day1,0.0,97.0,94.0,24.2,44.0,0.0,15.7,11.0
777069,4705,previous_day1,0.0,100.0,100.0,28.6,70.0,0.0,8.8,251.0
777070,22,previous_day1,1.0,100.0,100.0,26.1,58.0,0.0,10.2,203.0
777071,15,previous_day1,1.0,101.0,102.0,38.4,13.0,0.0,3.1,126.0
777072,19,previous_day1,1.0,112.0,125.0,32.6,14.0,0.0,7.4,67.0
777073,5325,previous_day1,0.0,101.0,102.0,,,,,
777074,31,previous_day1,1.0,101.0,102.0,30.3,52.0,0.0,22.0,268.0
777075,17,previous_day1,1.0,97.0,94.0,23.1,95.0,0.0,8.7,60.0
777076,2523,previous_day1,1.0,100.0,100.0,33.8,53.0,0.0,6.6,9.0
777077,3309,previous_day1,1.0,101.0,102.0,33.1,48.0,0.0,24.9,272.0
777078,2681,previous_day1,1.0,101.0,102.0,30.8,62.0,0.0,14.4,248.0
777079,14,previous_day1,1.0,100.0,100.0,21.7,84.0,0.0,4.5,346.0
777080,19,previous_day1,0.0,112.0,125.0,30.1,28.0,0.0,18.4,87.0
777081,15,previous_day1,1.0,101.0,102.0,41.7,14.0,0.0,12.7,277.0
777082,4169,previous_day1,1.0,101.0,102.0,,,,,
777083,4705,previous_day1,1.0,100.0,100.0,30.6,55.0,0.0,13.4,262.0
777084,5,previous_day1,1.0,97.0,94.0,24.9,80.0,0.0,19.6,319.0
777085,22,previous_day1,0.0,100.0,100.0,23.2,62.0,0.0,10.9,236.0
777086,680,previous_day1,0.0,91.0,83.0,22.0,51.0,0.0,7.9,330.0
777087,3289,previous_day1,1.0,97.0,94.0,,,,,
777088,5325,previous_day1,0.0,101.0,102.0,,,,,
777089,2681,previous_day1,0.0,101.0,102.0,24.4,92.0,3.6,9.4,130.0
777090,31,previous_day1,0.0,101.0,102.0,30.7,42.0,0.0,11.3,263.0
777091,3309,previous_day1,0.0,101.0,102.0,28.3,80.0,0.0,3.1,111.0
777092,3289,previous_day1,1.0,97.0,94.0,,,,,
777093,4169,previous_day1,1.0,101.0,102.0,,,,,
777094,14,previous_day1,1.0,100.0,100.0,26.5,38.0,0.0,6.4,164.0
777095,2523,previous_day1,0.0,100.0,100.0,31.0,68.0,0.7,18.4,358.0
777096,17,previous_day1,0.0,97.0,94.0,28.7,72.0,0.0,10.6,118.0
777097,4705,previous_day1,0.0,100.0,100.0,32.0,46.0,0.0,16.1,230.0
777098,5325,previous_day1,0.0,101.0,102.0,,,,,
777099,680,previous_day1,0.0,91.0,83.0,23.3,52.0,0.0,6.6,241.0
777100,15,previous_day1,0.0,101.0,102.0,39.0,17.0,0.0,11.9,275.0
777101,17,previous_day1,1.0,97.0,94.0,23.5,67.0,0.0,10.4,46.0
777102,19,previous_day1,0.0,112.0,125.0,27.3,31.0,0.0,17.2,334.0
777103,22,previous_day1,0.0,100.0,100.0,20.9,76.0,0.0,10.0,257.0
777104,5,previous_day1,0.0,97.0,94.0,30.4,45.0,0.0,4.4,351.0
777105,5,previous_day1,0.0,97.0,94.0,23.3,63.0,0.0,15.5,13.0
777106,2681,previous_day1,0.0,101.0,102.0,28.5,49.0,0.0,10.0,283.0
777107,31,previous_day1,0.0,101.0,102.0,25.3,78.0,0.0,2.4,63.0
777108,14,previous_day1,0.0,100.0,100.0,22.7,40.0,0.0,7.4,119.0
777109,4169,previous_day1,0.0,101.0,102.0,,,,,
777110,2523,previous_day1,0.0,100.0,100.0,28.6,79.0,0.0,7.3,327.0
777111,3289,previous_day1,0.0,97.0,94.0,,,,,
777112,3309,previous_day1,0.0,101.0,102.0,27.2,73.0,0.0,3.3,167.0
777113,3312,previous_day1,1.0,102.0,104.0,29.5,39.0,0.0,18.6,212.0
777114,4705,previous_day1,0.0,100.0,100.0,32.1,45.0,0.0,14.0,224.0
777115,1,previous_day1,1.0,100.0,100.0,26.2,54.0,0.0,12.6,250.0
777116,2529,previous_day1,1.0,100.0,100.0,31.8,33.0,0.0,12.5,221.0
777117,2680,previous_day1,1.0,96.0,92.0,23.5,70.0,0.0,14.2,306.0
777118,2889,previous_day1,1.0,100.0,100.0,,,,,
777119,2395,previous_day1,1.0,97.0,94.0,17.6,79.0,0.0,21.3,258.0
777120,4,previous_day1,1.0,99.0,98.0,,,,,
777121,2394,previous_day1,1.0,98.0,96.0,,,,,
777122,3313,previous_day1,1.0,100.0,100.0,,,,,
777123,32,previous_day1,1.0,97.0,94.0,27.3,42.0,0.0,13.4,250.0
777124,7,previous_day1,1.0,104.0,108.0,28.6,62.0,0.0,4.8,103.0
777125,2392,previous_day1,1.0,100.0,100.0,30.7,68.0,0.0,15.2,263.0
777126,2680,previous_day1,1.0,96.0,92.0,20.9,82.0,0.0,10.2,231.0
777127,2395,previous_day1,1.0,97.0,94.0,21.0,63.0,0.0,24.0,253.0
777128,2602,previous_day1,1.0,105.0,110.0,,,,,
777129,2,previous_day1,1.0,99.0,98.0,28.9,68.0,0.0,6.4,128.0
777130,3,previous_day1,1.0,107.0,114.0,21.2,87.0,0.0,10.5,94.0
777131,1,previous_day1,0.0,100.0,100.0,20.7,76.0,0.0,11.6,234.0
777132,2529,previous_day1,0.0,100.0,100.0,28.3,37.0,0.0,19.7,230.0
777133,2889,previous_day1,1.0,100.0,100.0,,,,,
777134,3312,previous_day1,1.0,102.0,104.0,24.2,49.0,0.0,22.7,285.0
777135,32,previous_day1,1.0,97.0,94.0,27.7,66.0,0.0,11.5,231.0
777136,7,previous_day1,1.0,104.0,108.0,32.6,44.0,0.0,7.1,345.0
777137,2392,previous_day1,0.0,100.0,100.0,24.9,89.0,0.0,9.7,59.0
777138,4,previous_day1,1.0,99.0,98.0,,,,,
777139,2680,previous_day1,0.0,96.0,92.0,18.7,87.0,0.0,8.9,207.0
777140,2602,previous_day1,1.0,105.0,110.0,,,,,
777141,2,previous_day1,1.0,99.0,98.0,32.2,57.0,0.0,13.6,122.0
777142,3313,previous_day1,1.0,100.0,100.0,,,,,
777143,2395,previous_day1,0.0,97.0,94.0,17.9,74.0,0.0,13.6,258.0
777144,3,previous_day1,1.0,107.0,114.0,22.9,87.0,0.0,13.3,87.0
777145,2394,previous_day1,1.0,98.0,96.0,,,,,
777146,4,previous_day1,0.0,99.0,98.0,,,,,
777147,2889,previous_day1,0.0,100.0,100.0,,,,,
777148,3312,previous_day1,0.0,102.0,104.0,30.2,48.0,0.0,11.1,77.0
777149,32,previous_day1,0.0,97.0,94.0,24.1,90.0,0.4,6.4,128.0
777150,1,previous_day1,0.0,100.0,100.0,20.4,72.0,0.0,12.4,210.0
777151,7,previous_day1,0.0,104.0,108.0,25.7,78.0,0.0,10.6,145.0
777152,2529,previous_day1,0.0,100.0,100.0,35.6,25.0,0.0,16.4,237.0
777153,3313,previous_day1,0.0,100.0,100.0,,,,,
777154,2392,previous_day1,0.0,100.0,100.0,28.7,65.0,0.0,17.9,170.0
777155,3,previous_day1,0.0,107.0,114.0,23.7,91.0,0.0,9.1,97.0
777156,2529,previous_day1,0.0,100.0,100.0,37.2,19.0,0.0,17.0,238.0
777157,2,previous_day1,0.0,99.0,98.0,29.0,63.0,0.0,5.4,172.0
777158,2680,previous_day1,0.0,96.0,92.0,19.9,85.0,0.0,6.9,223.0
777159,1,previous_day1,0.0,100.0,100.0,24.0,61.0,0.0,11.8,218.0
777160,2602,previous_day1,0.0,105.0,110.0,,,,,
777161,2394,previous_day1,0.0,98.0,96.0,,,,,
777162,2680,previous_day1,0.0,96.0,92.0,23.1,68.0,0.0,10.9,316.0
777163,2395,previous_day1,1.0,97.0,94.0,17.4,76.0,0.0,22.6,284.0
777165,2,previous_day1,1.0,99.0,98.0,26.8,80.0,0.0,1.5,194.0
777166,3312,previous_day1,1.0,102.0,104.0,31.1,49.0,0.0,13.4,160.0
777167,2889,previous_day1,0.0,100.0,100.0,,,,,
777168,2602,previous_day1,0.0,105.0,110.0,,,,,
777169,3313,previous_day1,0.0,100.0,100.0,,,,,
777170,3,previous_day1,0.0,107.0,114.0,19.0,100.0,0.0,8.8,78.0
777171,1,previous_day1,0.0,100.0,100.0,28.6,33.0,0.0,10.3,258.0
777172,4,previous_day1,1.0,99.0,98.0,,,,,
777173,3312,previous_day1,0.0,102.0,104.0,29.5,36.0,0.0,12.6,114.0
777174,2392,previous_day1,0.0,100.0,100.0,25.1,88.0,0.0,8.7,315.0
777175,32,previous_day1,1.0,97.0,94.0,21.2,92.0,0.0,15.5,44.0
777176,2529,previous_day1,0.0,100.0,100.0,29.9,33.0,0.0,14.7,234.0
777177,7,previous_day1,0.0,104.0,108.0,34.9,23.0,0.0,15.9,93.0
777178,2889,previous_day1,0.0,100.0,100.0,,,,,
777179,3,previous_day1,0.0,107.0,114.0,19.0,89.0,0.0,12.6,66.0
777180,1,previous_day1,0.0,100.0,100.0,26.9,38.0,0.0,10.6,288.0
777182,2394,previous_day1,0.0,98.0,96.0,,,,,
777183,2602,previous_day1,0.0,105.0,110.0,,,,,
777184,3313,previous_day1,0.0,100.0,100.0,,,,,
777185,2680,previous_day1,0.0,96.0,92.0,21.5,75.0,0.0,13.7,325.0
777186,2395,previous_day1,0.0,97.0,94.0,17.0,80.0,0.0,20.9,268.0
777187,3313,previous_day1,0.0,100.0,100.0,,,,,
777188,4,previous_day1,0.0,99.0,98.0,,,,,
777189,2529,previous_day1,0.0,100.0,100.0,25.9,43.0,0.0,18.0,241.0
777190,3312,previous_day1,0.0,102.0,104.0,28.0,38.0,0.0,16.4,327.0
777191,2889,previous_day1,0.0,100.0,100.0,,,,,
777192,2392,previous_day1,0.0,100.0,100.0,25.0,87.0,0.0,11.7,162.0
777193,32,previous_day1,0.0,97.0,94.0,22.1,86.0,0.0,16.5,44.0
777194,7,previous_day1,0.0,104.0,108.0,28.5,62.0,0.0,12.6,5.0
777195,2394,previous_day1,0.0,98.0,96.0,,,,,
777196,3,previous_day1,0.0,107.0,114.0,33.4,39.0,0.0,14.8,274.0
777197,2602,previous_day1,0.0,105.0,110.0,,,,,
777198,2,previous_day1,0.0,99.0,98.0,25.4,88.0,0.0,5.4,82.0
777199,2395,previous_day1,0.0,97.0,94.0,14.1,90.0,0.0,26.3,253.0
777200,1,previous_day1,0.0,100.0,100.0,22.7,59.0,0.0,11.2,220.0
777201,32,previous_day1,0.0,97.0,94.0,20.6,65.0,0.0,9.5,53.0
777202,2392,previous_day1,0.0,100.0,100.0,27.0,83.0,0.0,5.9,133.0
777203,2680,previous_day1,0.0,96.0,92.0,19.9,77.0,0.0,10.7,315.0
777204,7,previous_day1,0.0,104.0,108.0,28.6,54.0,0.0,9.8,126.0
777205,680,previous_day1,1.0,91.0,83.0,22.7,48.0,0.0,13.8,332.0
777206,22,previous_day1,1.0,100.0,100.0,29.0,41.0,0.0,14.4,238.0
777207,2680,previous_day1,0.0,96.0,92.0,19.9,78.0,0.0,11.6,300.0
777208,2602,previous_day1,0.0,105.0,110.0,,,,,
777209,3,previous_day1,0.0,107.0,114.0,27.3,73.0,0.0,15.9,185.0
777210,2529,previous_day1,0.0,100.0,100.0,29.0,29.0,0.0,18.2,232.0
777211,2394,previous_day1,0.0,98.0,96.0,,,,,
777212,4,previous_day1,0.0,99.0,98.0,,,,,
777213,3309,previous_day1,1.0,101.0,102.0,31.5,55.0,0.0,10.1,153.0
777214,14,previous_day1,1.0,100.0,100.0,31.3,45.0,0.0,24.5,184.0
777215,19,previous_day1,1.0,112.0,125.0,34.8,9.0,0.0,9.7,59.0
777216,3289,previous_day1,1.0,97.0,94.0,,,,,
777217,2681,previous_day1,1.0,101.0,102.0,31.4,39.0,0.0,15.2,211.0
777218,15,previous_day1,1.0,101.0,102.0,42.4,15.0,0.0,11.5,272.0
777219,17,previous_day1,0.0,97.0,94.0,24.8,80.0,0.0,15.2,356.0
777220,3312,previous_day1,1.0,102.0,104.0,26.0,58.0,0.0,12.6,340.0
777221,22,previous_day1,1.0,100.0,100.0,26.8,46.0,0.0,14.2,249.0
777222,4705,previous_day1,1.0,100.0,100.0,31.1,43.0,0.0,3.8,221.0
777223,2680,previous_day1,0.0,96.0,92.0,21.2,63.0,0.0,10.2,315.0
777224,4169,previous_day1,1.0,101.0,102.0,,,,,
777225,680,previous_day1,0.0,91.0,83.0,20.9,52.0,0.0,12.8,16.0
777226,5,previous_day1,1.0,97.0,94.0,35.1,30.0,0.0,16.6,228.0
777227,2529,previous_day1,0.0,100.0,100.0,27.8,25.0,0.0,16.8,228.0
777228,3309,previous_day1,1.0,101.0,102.0,31.9,38.0,0.0,11.1,144.0
777229,17,previous_day1,1.0,97.0,94.0,33.7,33.0,0.0,22.4,226.0
777230,3312,previous_day1,1.0,102.0,104.0,24.6,86.0,0.0,8.7,210.0
777231,14,previous_day1,1.0,100.0,100.0,29.1,46.0,0.0,9.5,99.0
777232,19,previous_day1,0.0,112.0,125.0,29.9,18.0,0.0,16.5,16.0
777233,2681,previous_day1,1.0,101.0,102.0,31.6,26.0,0.0,8.6,213.0
777234,15,previous_day1,1.0,101.0,102.0,39.7,22.0,0.0,9.4,270.0
777235,22,previous_day1,0.0,100.0,100.0,23.8,57.0,0.0,12.6,250.0
777236,680,previous_day1,1.0,91.0,83.0,20.7,50.0,0.0,11.5,314.0
777237,4705,previous_day1,1.0,100.0,100.0,33.7,29.0,0.0,12.8,50.0
777238,4169,previous_day1,1.0,101.0,102.0,,,,,
777239,2680,previous_day1,1.0,96.0,92.0,23.8,66.0,0.0,12.1,247.0
777240,5,previous_day1,0.0,97.0,94.0,32.3,35.0,0.0,6.1,310.0
777241,3289,previous_day1,1.0,97.0,94.0,,,,,
777242,14,previous_day1,0.0,100.0,100.0,23.5,38.0,0.0,11.6,150.0
777243,19,previous_day1,0.0,112.0,125.0,30.4,23.0,0.0,9.4,313.0
777244,2529,previous_day1,0.0,100.0,100.0,25.5,28.0,0.0,20.1,227.0
777245,3309,previous_day1,1.0,101.0,102.0,27.2,55.0,0.0,6.9,321.0
777246,17,previous_day1,1.0,97.0,94.0,27.3,65.0,0.0,7.9,120.0
777247,3312,previous_day1,1.0,102.0,104.0,33.8,43.0,0.0,24.3,205.0
777248,15,previous_day1,0.0,101.0,102.0,37.4,20.0,0.0,14.6,280.0
777249,5,previous_day1,0.0,97.0,94.0,28.4,39.0,0.0,7.4,23.0
777250,3289,previous_day1,1.0,97.0,94.0,,,,,
777251,680,previous_day1,0.0,91.0,83.0,19.6,44.0,0.0,17.0,5.0
777252,4705,previous_day1,0.0,100.0,100.0,33.2,33.0,0.0,12.5,44.0
777253,22,previous_day1,0.0,100.0,100.0,20.7,73.0,0.0,12.1,247.0
777254,4169,previous_day1,0.0,101.0,102.0,,,,,
777255,2681,previous_day1,1.0,101.0,102.0,29.7,35.0,0.0,10.2,288.0
777256,15,previous_day1,0.0,101.0,102.0,36.8,24.0,0.0,5.8,173.0
777257,3289,previous_day1,0.0,97.0,94.0,,,,,
777258,3309,previous_day1,0.0,101.0,102.0,28.9,52.0,0.0,10.2,190.0
777259,17,previous_day1,0.0,97.0,94.0,28.3,56.0,0.0,14.3,131.0
777260,14,previous_day1,0.0,100.0,100.0,25.9,37.0,0.0,18.7,322.0
777261,4705,previous_day1,0.0,100.0,100.0,31.9,36.0,0.0,11.8,348.0
777262,680,previous_day1,0.0,91.0,83.0,23.4,50.0,0.0,7.4,23.0
777263,4169,previous_day1,1.0,101.0,102.0,,,,,
777264,19,previous_day1,1.0,112.0,125.0,33.7,13.0,0.0,8.2,52.0
777265,3309,previous_day1,0.0,101.0,102.0,28.4,70.0,0.0,5.4,160.0
777266,17,previous_day1,0.0,97.0,94.0,27.7,53.0,0.0,8.9,104.0
777267,22,previous_day1,0.0,100.0,100.0,19.8,70.0,0.0,9.8,242.0
777268,5325,previous_day1,0.0,101.0,102.0,,,,,
777269,19,previous_day1,0.0,112.0,125.0,32.5,14.0,0.0,17.8,135.0
777270,15,previous_day1,0.0,101.0,102.0,30.9,45.0,0.0,14.1,177.0
777271,2523,previous_day1,1.0,100.0,100.0,27.4,85.0,0.0,18.4,163.0
777272,31,previous_day1,1.0,101.0,102.0,28.2,55.0,0.0,2.9,300.0
777273,2681,previous_day1,1.0,101.0,102.0,27.5,75.0,0.0,7.2,217.0
777274,14,previous_day1,0.0,100.0,100.0,29.7,37.0,0.0,14.9,250.0
777275,4169,previous_day1,0.0,101.0,102.0,,,,,
777276,3289,previous_day1,0.0,97.0,94.0,,,,,
777277,3,previous_day1,0.0,107.0,114.0,29.4,60.0,0.0,16.6,207.0
777278,15,previous_day1,0.0,101.0,102.0,42.3,12.0,0.0,11.5,90.0
777279,4705,previous_day1,0.0,100.0,100.0,30.4,38.0,0.0,11.0,341.0
777280,22,previous_day1,0.0,100.0,100.0,19.0,80.0,0.0,11.8,247.0
777281,680,previous_day1,0.0,91.0,83.0,25.4,46.0,0.0,14.1,19.0
777282,5325,previous_day1,0.0,101.0,102.0,,,,,
777283,14,previous_day1,1.0,100.0,100.0,30.8,40.0,0.0,19.0,245.0
777285,19,previous_day1,0.0,112.0,125.0,26.5,32.0,0.0,16.3,172.0
777286,2523,previous_day1,0.0,100.0,100.0,24.6,81.0,0.4,14.5,83.0
777287,17,previous_day1,0.0,97.0,94.0,25.7,62.0,0.0,6.7,106.0
777288,31,previous_day1,0.0,101.0,102.0,26.2,70.0,0.0,1.8,143.0
777291,15,previous_day1,0.0,101.0,102.0,43.4,8.0,0.0,15.0,280.0
777292,5325,previous_day1,0.0,101.0,102.0,,,,,
777293,4169,previous_day1,0.0,101.0,102.0,,,,,
777294,3,previous_day1,0.0,107.0,114.0,24.7,82.0,0.0,19.9,224.0
777295,14,previous_day1,0.0,100.0,100.0,23.8,62.0,0.0,13.4,70.0
777296,2523,previous_day1,0.0,100.0,100.0,27.5,78.0,0.0,6.9,279.0
777297,680,previous_day1,0.0,91.0,83.0,26.0,45.0,0.0,15.3,9.0
777298,4705,previous_day1,0.0,100.0,100.0,27.2,76.0,0.0,10.3,192.0
777299,31,previous_day1,0.0,101.0,102.0,24.2,85.0,0.0,9.8,208.0
777300,3,previous_day1,0.0,107.0,114.0,30.2,42.0,0.0,17.3,184.0
777301,32,previous_day1,1.0,97.0,94.0,34.4,43.0,0.0,15.0,235.0
777302,5325,previous_day1,1.0,101.0,102.0,,,,,
777303,15,previous_day1,1.0,101.0,102.0,43.9,8.0,0.0,15.0,291.0
777304,7,previous_day1,1.0,104.0,108.0,33.7,42.0,0.0,13.7,215.0
777305,1,previous_day1,1.0,100.0,100.0,27.5,44.0,0.0,12.9,252.0
777306,2681,previous_day1,0.0,101.0,102.0,25.7,88.0,0.0,6.2,97.0
777307,3313,previous_day1,1.0,100.0,100.0,,,,,
777308,2392,previous_day1,1.0,100.0,100.0,32.3,56.0,0.0,5.0,180.0
777309,5,previous_day1,1.0,97.0,94.0,31.1,43.0,0.0,5.4,270.0
777310,3,previous_day1,1.0,107.0,114.0,31.4,29.0,0.0,20.9,266.0
777311,4,previous_day1,1.0,99.0,98.0,,,,,
777312,2602,previous_day1,1.0,105.0,110.0,,,,,
777313,31,previous_day1,1.0,101.0,102.0,33.1,38.0,0.0,9.7,274.0
777314,2394,previous_day1,0.0,98.0,96.0,,,,,
777315,1,previous_day1,0.0,100.0,100.0,22.9,59.0,0.0,10.0,232.0
777316,4705,previous_day1,1.0,100.0,100.0,30.4,60.0,0.0,5.9,313.0
777317,2,previous_day1,1.0,99.0,98.0,34.9,44.0,0.0,11.5,268.0
777318,15,previous_day1,1.0,101.0,102.0,41.1,11.0,0.0,13.5,279.0
777319,7,previous_day1,1.0,104.0,108.0,33.0,50.0,0.0,19.5,168.0
777320,2392,previous_day1,0.0,100.0,100.0,27.5,82.0,0.0,5.4,180.0
777321,32,previous_day1,1.0,97.0,94.0,25.2,57.0,0.0,14.8,113.0
777322,5325,previous_day1,1.0,101.0,102.0,,,,,
777323,3,previous_day1,1.0,107.0,114.0,23.6,75.0,0.0,17.1,188.0
777324,2394,previous_day1,1.0,98.0,96.0,,,,,
777325,31,previous_day1,1.0,101.0,102.0,31.2,51.0,0.0,14.4,257.0
777326,3313,previous_day1,1.0,100.0,100.0,,,,,
777327,4,previous_day1,1.0,99.0,98.0,,,,,
777328,2602,previous_day1,1.0,105.0,110.0,,,,,
777329,5,previous_day1,1.0,97.0,94.0,27.5,66.0,0.0,19.0,307.0
777330,2,previous_day1,1.0,99.0,98.0,32.7,57.0,0.0,9.7,184.0
777331,1,previous_day1,0.0,100.0,100.0,21.1,74.0,0.0,10.4,226.0
777332,15,previous_day1,0.0,101.0,102.0,38.8,12.0,0.0,13.3,283.0
777333,4705,previous_day1,0.0,100.0,100.0,22.9,78.0,0.7,17.1,252.0
777334,2394,previous_day1,0.0,98.0,96.0,,,,,
777335,7,previous_day1,0.0,104.0,108.0,32.9,47.0,0.0,16.9,191.0
777336,2392,previous_day1,0.0,100.0,100.0,25.5,88.0,0.0,2.6,196.0
777337,3313,previous_day1,0.0,100.0,100.0,,,,,
777338,4,previous_day1,0.0,99.0,98.0,,,,,
777339,32,previous_day1,0.0,97.0,94.0,25.7,61.0,0.0,18.5,291.0
777340,5325,previous_day1,0.0,101.0,102.0,,,,,
777341,31,previous_day1,0.0,101.0,102.0,31.9,48.0,0.0,3.7,169.0
777342,4705,previous_day1,0.0,100.0,100.0,23.6,84.0,24.1,23.5,174.0
777343,2,previous_day1,0.0,99.0,98.0,23.7,83.0,0.0,14.5,76.0
777344,19,previous_day1,1.0,112.0,125.0,31.8,8.0,0.0,7.2,53.0
777345,3,previous_day1,0.0,107.0,114.0,19.2,51.0,0.0,14.2,111.0
777346,2602,previous_day1,0.0,105.0,110.0,,,,,
777347,2395,previous_day1,1.0,97.0,94.0,23.2,49.0,0.0,17.7,287.0
777348,2889,previous_day1,1.0,100.0,100.0,,,,,
777349,5,previous_day1,0.0,97.0,94.0,34.1,31.0,0.0,19.8,233.0
777350,2392,previous_day1,1.0,100.0,100.0,23.1,90.0,11.9,28.0,164.0
777351,2394,previous_day1,1.0,98.0,96.0,,,,,
777352,3289,previous_day1,0.0,97.0,94.0,,,,,
777353,7,previous_day1,1.0,104.0,108.0,33.0,44.0,0.0,22.1,208.0
777354,5,previous_day1,1.0,97.0,94.0,27.5,72.0,0.0,25.4,348.0
777355,2395,previous_day1,0.0,97.0,94.0,15.2,77.0,0.0,18.4,273.0
777356,3312,previous_day1,1.0,102.0,104.0,17.2,95.0,4.7,8.9,50.0
777357,2889,previous_day1,0.0,100.0,100.0,,,,,
777358,19,previous_day1,0.0,112.0,125.0,23.9,34.0,0.0,10.6,260.0
777359,7,previous_day1,0.0,104.0,108.0,33.3,43.0,0.0,22.0,198.0
777360,2680,previous_day1,1.0,96.0,92.0,22.5,62.0,0.0,13.4,294.0
777361,32,previous_day1,1.0,97.0,94.0,20.7,88.0,0.0,8.2,61.0
777362,1,previous_day1,1.0,100.0,100.0,25.2,53.0,0.0,13.7,243.0
777363,3312,previous_day1,0.0,102.0,104.0,20.2,92.0,0.0,18.6,41.0
777364,2395,previous_day1,0.0,97.0,94.0,12.5,95.0,0.0,24.2,288.0
777365,2,previous_day1,0.0,99.0,98.0,36.8,35.0,0.0,9.4,337.0
777366,2392,previous_day1,0.0,100.0,100.0,25.7,76.0,0.0,8.4,190.0
777367,2602,previous_day1,0.0,105.0,110.0,,,,,
777368,5,previous_day1,0.0,97.0,94.0,26.4,79.0,0.0,11.0,322.0
777369,3289,previous_day1,0.0,97.0,94.0,,,,,
777370,4,previous_day1,1.0,99.0,98.0,,,,,
777371,2394,previous_day1,0.0,98.0,96.0,,,,,
777372,2680,previous_day1,0.0,96.0,92.0,17.2,77.0,0.0,8.1,291.0
777373,2889,previous_day1,0.0,100.0,100.0,,,,,
777374,32,previous_day1,0.0,97.0,94.0,18.7,77.0,0.0,15.4,21.0
777375,3312,previous_day1,0.0,102.0,104.0,27.1,31.0,0.0,9.2,64.0
777376,1,previous_day1,0.0,100.0,100.0,19.6,70.0,0.0,12.8,232.0
777377,2392,previous_day1,0.0,100.0,100.0,28.7,72.0,0.0,11.9,88.0
777378,7,previous_day1,0.0,104.0,108.0,30.5,58.0,0.0,9.7,86.0
777379,19,previous_day1,0.0,112.0,125.0,25.0,45.0,0.0,14.7,163.0
777380,2,previous_day1,0.0,99.0,98.0,37.0,28.0,0.0,15.6,299.0
777381,1,previous_day1,0.0,100.0,100.0,18.3,64.0,0.0,13.2,206.0
777382,2680,previous_day1,0.0,96.0,92.0,16.3,83.0,0.0,8.1,238.0
777383,4,previous_day1,0.0,99.0,98.0,,,,,
777384,5,previous_day1,0.0,97.0,94.0,32.9,46.0,0.0,8.6,285.0
777385,2602,previous_day1,0.0,105.0,110.0,,,,,
777386,2394,previous_day1,0.0,98.0,96.0,,,,,
777387,3289,previous_day1,0.0,97.0,94.0,,,,,
777388,3312,previous_day1,0.0,102.0,104.0,26.5,41.0,0.0,13.4,324.0
777389,3289,previous_day1,0.0,97.0,94.0,,,,,
777390,2602,previous_day1,0.0,105.0,110.0,,,,,
777391,32,previous_day1,0.0,97.0,94.0,33.4,46.0,0.0,20.2,221.0
777392,2889,previous_day1,0.0,100.0,100.0,,,,,
777393,4,previous_day1,0.0,99.0,98.0,,,,,
777394,2,previous_day1,0.0,99.0,98.0,37.0,39.0,0.0,10.9,297.0
777395,2395,previous_day1,1.0,97.0,94.0,21.9,42.0,0.0,16.9,272.0
777396,2680,previous_day1,1.0,96.0,92.0,23.8,57.0,0.0,14.0,247.0
777397,1,previous_day1,1.0,100.0,100.0,26.5,46.0,0.0,14.5,256.0
777398,22,previous_day1,1.0,100.0,100.0,26.3,46.0,0.0,17.5,251.0
777399,19,previous_day1,1.0,112.0,125.0,32.9,6.0,0.0,24.9,239.0
777400,2529,previous_day1,1.0,100.0,100.0,27.3,24.0,0.0,11.7,313.0
777401,3312,previous_day1,1.0,102.0,104.0,32.4,57.0,0.0,31.3,180.0
777402,4169,previous_day1,1.0,101.0,102.0,,,,,
777403,17,previous_day1,1.0,97.0,94.0,34.0,49.0,0.0,25.0,210.0
777404,31,previous_day1,1.0,101.0,102.0,34.3,47.0,0.0,16.5,254.0
777405,2681,previous_day1,0.0,101.0,102.0,34.6,47.0,0.0,14.0,258.0
777406,3313,previous_day1,1.0,100.0,100.0,,,,,
777407,2889,previous_day1,1.0,100.0,100.0,,,,,
777408,14,previous_day1,1.0,100.0,100.0,34.8,54.0,0.0,17.1,262.0
777409,2523,previous_day1,1.0,100.0,100.0,29.9,70.0,0.0,10.0,75.0
777410,19,previous_day1,0.0,112.0,125.0,35.8,3.0,0.0,23.0,209.0
777411,2529,previous_day1,0.0,100.0,100.0,26.1,15.0,0.0,15.3,345.0
777412,3312,previous_day1,1.0,102.0,104.0,32.6,56.0,0.0,22.2,197.0
777413,2680,previous_day1,1.0,96.0,92.0,20.2,70.0,0.0,18.1,211.0
777414,1,previous_day1,0.0,100.0,100.0,20.6,63.0,0.0,11.1,209.0
777415,2889,previous_day1,1.0,100.0,100.0,,,,,
777416,22,previous_day1,0.0,100.0,100.0,21.5,47.0,0.0,10.4,236.0
777417,2395,previous_day1,1.0,97.0,94.0,19.9,49.0,0.0,25.3,300.0
777418,14,previous_day1,1.0,100.0,100.0,24.6,71.0,0.0,7.1,135.0
777419,17,previous_day1,1.0,97.0,94.0,33.3,56.0,0.0,29.0,212.0
777420,2523,previous_day1,1.0,100.0,100.0,28.7,79.0,0.0,7.6,155.0
777421,31,previous_day1,1.0,101.0,102.0,31.8,39.0,0.0,12.9,216.0
777422,3313,previous_day1,1.0,100.0,100.0,,,,,
777423,2681,previous_day1,0.0,101.0,102.0,29.6,55.0,0.0,10.4,200.0
777424,4169,previous_day1,1.0,101.0,102.0,,,,,
777425,2395,previous_day1,0.0,97.0,94.0,15.8,58.0,0.0,30.3,307.0
777426,2680,previous_day1,0.0,96.0,92.0,19.0,78.0,0.0,10.0,291.0
777427,22,previous_day1,0.0,100.0,100.0,21.5,52.0,0.0,9.6,236.0
777428,1,previous_day1,0.0,100.0,100.0,21.2,65.0,0.0,11.8,211.0
777429,2529,previous_day1,0.0,100.0,100.0,25.7,26.0,0.0,19.1,286.0
777430,19,previous_day1,0.0,112.0,125.0,35.0,8.0,0.0,26.9,244.0
777431,2523,previous_day1,0.0,100.0,100.0,27.5,80.0,0.4,11.1,77.0
777432,31,previous_day1,0.0,101.0,102.0,26.7,55.0,0.0,7.6,239.0
777433,2889,previous_day1,0.0,100.0,100.0,,,,,
777434,3312,previous_day1,0.0,102.0,104.0,26.9,75.0,0.0,19.2,150.0
777435,14,previous_day1,0.0,100.0,100.0,24.4,67.0,0.0,10.2,231.0
777436,17,previous_day1,1.0,97.0,94.0,23.2,68.0,0.0,19.4,211.0
777437,2681,previous_day1,0.0,101.0,102.0,28.0,47.0,0.0,16.9,259.0
777438,3313,previous_day1,0.0,100.0,100.0,,,,,
777439,4169,previous_day1,0.0,101.0,102.0,,,,,
777440,2395,previous_day1,1.0,97.0,94.0,18.5,57.0,0.0,34.8,297.0
777441,2529,previous_day1,0.0,100.0,100.0,26.6,32.0,0.0,22.4,224.0
777442,22,previous_day1,0.0,100.0,100.0,19.3,77.0,0.0,10.6,246.0
777443,5325,previous_day1,1.0,101.0,102.0,,,,,
777444,4169,previous_day1,0.0,101.0,102.0,,,,,
777445,3309,previous_day1,1.0,101.0,102.0,29.8,64.0,0.0,16.9,220.0
777446,2523,previous_day1,0.0,100.0,100.0,28.1,78.0,0.0,3.4,302.0
777447,4,previous_day1,1.0,99.0,98.0,,,,,
777448,14,previous_day1,1.0,100.0,100.0,21.1,84.0,0.0,25.8,258.0
777449,3313,previous_day1,1.0,100.0,100.0,,,,,
777450,17,previous_day1,1.0,97.0,94.0,24.5,76.0,0.0,4.0,85.0
777451,2394,previous_day1,1.0,98.0,96.0,,,,,
777452,2602,previous_day1,1.0,105.0,110.0,,,,,
777453,680,previous_day1,1.0,91.0,83.0,18.1,54.0,0.0,18.6,229.0
777454,2395,previous_day1,0.0,97.0,94.0,20.4,48.0,0.0,29.2,292.0
777455,4705,previous_day1,0.0,100.0,100.0,26.6,67.0,0.0,13.1,262.0
777456,2529,previous_day1,0.0,100.0,100.0,35.8,24.0,0.0,14.3,219.0
777457,22,previous_day1,0.0,100.0,100.0,24.4,47.0,0.0,9.3,234.0
777460,5325,previous_day1,0.0,101.0,102.0,,,,,
777461,3309,previous_day1,0.0,101.0,102.0,28.2,79.0,0.0,5.7,252.0
777462,14,previous_day1,0.0,100.0,100.0,21.1,92.0,0.0,7.2,117.0
777463,2523,previous_day1,0.0,100.0,100.0,27.9,85.0,0.0,5.0,249.0
777465,4169,previous_day1,0.0,101.0,102.0,,,,,
777466,3313,previous_day1,0.0,100.0,100.0,,,,,
777467,4,previous_day1,0.0,99.0,98.0,,,,,
777468,5325,previous_day1,0.0,101.0,102.0,,,,,
777469,2529,previous_day1,0.0,100.0,100.0,30.9,26.0,0.0,16.2,233.0
777470,4705,previous_day1,0.0,100.0,100.0,28.4,63.0,0.0,16.9,259.0
777471,22,previous_day1,0.0,100.0,100.0,27.3,31.0,0.0,8.5,192.0
777472,2395,previous_day1,0.0,97.0,94.0,17.3,63.0,0.0,28.1,293.0
777473,680,previous_day1,0.0,91.0,83.0,20.7,57.0,0.0,17.7,253.0
777474,2602,previous_day1,0.0,105.0,110.0,,,,,
777475,2394,previous_day1,0.0,98.0,96.0,,,,,
777476,3313,previous_day1,0.0,100.0,100.0,,,,,
777477,2523,previous_day1,0.0,100.0,100.0,27.2,82.0,0.0,6.9,242.0
777478,2602,previous_day1,0.0,105.0,110.0,,,,,
777479,14,previous_day1,0.0,100.0,100.0,23.0,69.0,0.0,12.0,83.0
777480,3309,previous_day1,0.0,101.0,102.0,25.6,88.0,1.4,4.7,157.0
777481,4169,previous_day1,0.0,101.0,102.0,,,,,
777482,17,previous_day1,0.0,97.0,94.0,25.8,69.0,0.0,16.2,69.0
777483,4169,previous_day1,0.0,101.0,102.0,,,,,
777484,2523,previous_day1,0.0,100.0,100.0,27.8,75.0,0.0,11.1,245.0
777485,2529,previous_day1,0.0,100.0,100.0,26.8,29.0,0.0,18.7,218.0
777486,680,previous_day1,0.0,91.0,83.0,20.8,41.0,0.0,7.2,267.0
777487,3313,previous_day1,0.0,100.0,100.0,,,,,
777488,3309,previous_day1,0.0,101.0,102.0,19.3,93.0,0.0,7.1,45.0
777489,4705,previous_day1,0.0,100.0,100.0,27.9,60.0,0.0,21.9,203.0
777490,22,previous_day1,0.0,100.0,100.0,23.6,44.0,0.0,8.7,240.0
777491,15,previous_day1,1.0,101.0,102.0,44.0,5.0,0.0,7.6,267.0
777492,32,previous_day1,1.0,97.0,94.0,24.0,60.0,0.0,12.8,79.0
777493,5325,previous_day1,1.0,101.0,102.0,,,,,
777494,2392,previous_day1,1.0,100.0,100.0,31.5,67.0,0.0,7.9,231.0
777495,680,previous_day1,1.0,91.0,83.0,18.0,57.0,0.0,11.3,307.0
777496,7,previous_day1,1.0,104.0,108.0,31.6,45.0,0.0,11.5,88.0
777497,17,previous_day1,1.0,97.0,94.0,24.1,66.0,0.0,10.6,66.0
777498,22,previous_day1,1.0,100.0,100.0,27.3,43.0,0.0,15.5,252.0
777499,2681,previous_day1,1.0,101.0,102.0,18.3,91.0,0.0,11.8,59.0
777500,3,previous_day1,1.0,107.0,114.0,18.2,60.0,0.0,14.6,81.0
777501,2,previous_day1,1.0,99.0,98.0,20.9,83.0,0.0,10.9,99.0
777502,3289,previous_day1,1.0,97.0,94.0,,,,,
777503,3309,previous_day1,1.0,101.0,102.0,21.6,88.0,0.0,9.7,90.0
777504,4705,previous_day1,1.0,100.0,100.0,27.7,65.0,0.0,12.1,233.0
777505,2394,previous_day1,1.0,98.0,96.0,,,,,
777506,22,previous_day1,0.0,100.0,100.0,20.8,67.0,0.0,9.7,243.0
777507,680,previous_day1,0.0,91.0,83.0,18.7,53.0,0.0,8.7,336.0
777508,5325,previous_day1,1.0,101.0,102.0,,,,,
777509,2681,previous_day1,1.0,101.0,102.0,20.2,84.0,0.0,13.0,48.0
777510,2392,previous_day1,1.0,100.0,100.0,29.9,74.0,0.0,11.2,213.0
777511,7,previous_day1,1.0,104.0,108.0,33.5,37.0,0.0,5.7,108.0
777512,32,previous_day1,1.0,97.0,94.0,22.2,60.0,0.0,10.9,82.0
777513,17,previous_day1,1.0,97.0,94.0,20.7,71.0,0.0,15.8,41.0
777514,3309,previous_day1,1.0,101.0,102.0,27.1,75.0,0.0,13.3,33.0
777515,15,previous_day1,1.0,101.0,102.0,42.5,7.0,0.0,3.3,139.0
777516,3,previous_day1,0.0,107.0,114.0,13.6,84.0,0.0,10.8,60.0
777517,2394,previous_day1,1.0,98.0,96.0,,,,,
777518,3289,previous_day1,1.0,97.0,94.0,,,,,
777519,2,previous_day1,1.0,99.0,98.0,27.9,63.0,0.0,11.5,92.0
777520,680,previous_day1,0.0,91.0,83.0,16.3,65.0,0.0,6.6,292.0
777521,15,previous_day1,0.0,101.0,102.0,38.7,9.0,0.0,12.7,285.0
777522,22,previous_day1,0.0,100.0,100.0,19.9,72.0,0.0,9.3,242.0
777523,4705,previous_day1,1.0,100.0,100.0,27.9,64.0,0.0,13.0,228.0
777524,5325,previous_day1,0.0,101.0,102.0,,,,,
777525,32,previous_day1,0.0,97.0,94.0,18.2,68.0,0.0,15.6,23.0
777526,17,previous_day1,1.0,97.0,94.0,22.8,74.0,0.0,9.2,132.0
777527,2392,previous_day1,0.0,100.0,100.0,25.5,89.0,0.0,9.4,130.0
777528,3289,previous_day1,0.0,97.0,94.0,,,,,
777529,7,previous_day1,0.0,104.0,108.0,28.9,52.0,0.0,11.8,52.0
777530,3309,previous_day1,0.0,101.0,102.0,25.9,68.0,0.0,21.3,79.0
777531,2681,previous_day1,0.0,101.0,102.0,26.7,36.0,0.0,16.2,94.0
777532,32,previous_day1,0.0,97.0,94.0,16.8,63.0,0.0,21.4,27.0
777533,3312,previous_day1,1.0,102.0,104.0,21.6,74.0,0.0,15.7,127.0
777534,19,previous_day1,1.0,112.0,125.0,33.0,12.0,0.0,7.6,121.0
777535,4705,previous_day1,0.0,100.0,100.0,26.8,74.0,0.0,4.1,128.0
777536,7,previous_day1,0.0,104.0,108.0,24.7,54.0,0.0,17.6,131.0
777537,3,previous_day1,0.0,107.0,114.0,19.3,59.0,0.0,12.6,85.0
777538,2394,previous_day1,0.0,98.0,96.0,,,,,
777539,2,previous_day1,0.0,99.0,98.0,28.1,56.0,0.0,17.7,84.0
777540,2,previous_day1,0.0,99.0,98.0,32.7,30.0,0.0,8.0,275.0
777541,17,previous_day1,0.0,97.0,94.0,18.8,81.0,0.0,23.0,9.0
777542,1,previous_day1,1.0,100.0,100.0,24.5,58.0,0.0,13.8,227.0
777543,2680,previous_day1,1.0,96.0,92.0,18.5,88.0,0.0,10.9,224.0
777544,3289,previous_day1,1.0,97.0,94.0,,,,,
777545,2889,previous_day1,1.0,100.0,100.0,,,,,
777546,2392,previous_day1,0.0,100.0,100.0,25.2,83.0,0.0,7.6,172.0
777547,19,previous_day1,0.0,112.0,125.0,27.0,24.0,0.0,9.7,239.0
777548,15,previous_day1,1.0,101.0,102.0,39.2,15.0,0.0,11.2,274.0
777549,5,previous_day1,1.0,97.0,94.0,27.3,42.0,0.0,16.5,247.0
777550,2392,previous_day1,0.0,100.0,100.0,24.8,86.0,0.0,4.4,125.0
777551,7,previous_day1,0.0,104.0,108.0,30.8,44.0,0.0,18.1,203.0
777552,31,previous_day1,1.0,101.0,102.0,25.2,46.0,0.0,11.7,252.0
777553,2681,previous_day1,1.0,101.0,102.0,28.4,36.0,0.0,12.3,263.0
777554,32,previous_day1,1.0,97.0,94.0,29.3,45.0,0.0,21.6,266.0
777555,3289,previous_day1,0.0,97.0,94.0,,,,,
777556,3312,previous_day1,0.0,102.0,104.0,18.4,83.0,0.0,2.9,360.0
777557,3312,previous_day1,0.0,102.0,104.0,27.3,42.0,0.0,13.7,166.0
777558,2889,previous_day1,0.0,100.0,100.0,,,,,
777559,15,previous_day1,0.0,101.0,102.0,38.2,9.0,0.0,14.8,271.0
777560,2680,previous_day1,0.0,96.0,92.0,17.8,90.0,0.0,8.4,230.0
777561,3,previous_day1,0.0,107.0,114.0,25.1,52.0,0.0,16.6,219.0
777562,2,previous_day1,0.0,99.0,98.0,29.9,35.0,0.0,10.5,262.0
777563,19,previous_day1,0.0,112.0,125.0,28.1,16.0,0.4,7.9,270.0
777564,1,previous_day1,0.0,100.0,100.0,20.2,74.0,0.0,12.5,213.0
777565,3,previous_day1,0.0,107.0,114.0,14.9,97.0,0.0,1.8,101.0
777566,31,previous_day1,0.0,101.0,102.0,21.1,55.0,0.0,10.2,280.0
777567,2392,previous_day1,0.0,100.0,100.0,29.1,74.0,0.0,8.5,152.0
777568,32,previous_day1,0.0,97.0,94.0,21.1,54.0,0.0,12.1,258.0
777569,5,previous_day1,0.0,97.0,94.0,21.1,45.0,0.0,7.9,286.0
777570,3289,previous_day1,0.0,97.0,94.0,,,,,
777571,2681,previous_day1,0.0,101.0,102.0,24.8,72.0,0.0,5.4,200.0
777572,7,previous_day1,0.0,104.0,108.0,30.7,19.0,0.0,5.8,248.0
777573,2,previous_day1,0.0,99.0,98.0,27.8,42.0,0.0,11.5,268.0
777574,31,previous_day1,0.0,101.0,102.0,19.5,83.0,1.1,11.8,230.0
777575,32,previous_day1,0.0,97.0,94.0,17.5,56.0,0.0,21.2,269.0
777576,1,previous_day1,0.0,100.0,100.0,19.3,77.0,0.0,11.0,218.0
777577,15,previous_day1,0.0,101.0,102.0,38.6,6.0,0.0,14.1,255.0
777578,2681,previous_day1,0.0,101.0,102.0,21.2,88.0,0.0,12.4,60.0
777579,2680,previous_day1,0.0,96.0,92.0,18.2,82.0,0.0,10.2,312.0
777580,5,previous_day1,0.0,97.0,94.0,19.2,78.0,0.0,11.2,178.0
777581,2889,previous_day1,0.0,100.0,100.0,,,,,
777582,2889,previous_day1,1.0,100.0,100.0,,,,,
777583,19,previous_day1,1.0,112.0,125.0,23.0,43.0,0.0,8.7,42.0
777584,3,previous_day1,0.0,107.0,114.0,13.2,95.0,0.0,12.9,60.0
777585,3312,previous_day1,1.0,102.0,104.0,20.3,41.0,0.0,23.4,273.0
777586,32,previous_day1,1.0,97.0,94.0,25.7,44.0,0.0,17.9,208.0
777587,2395,previous_day1,1.0,97.0,94.0,15.3,86.0,0.0,20.3,264.0
777588,2529,previous_day1,1.0,100.0,100.0,28.3,39.0,0.0,16.6,222.0
777589,1,previous_day1,1.0,100.0,100.0,23.7,61.0,0.0,12.8,248.0
777590,4,previous_day1,1.0,99.0,98.0,,,,,
777591,5,previous_day1,1.0,97.0,94.0,22.2,69.0,0.0,5.4,94.0
777592,2523,previous_day1,1.0,100.0,100.0,30.2,64.0,0.0,14.0,228.0
777593,3313,previous_day1,0.0,100.0,100.0,,,,,
777594,2394,previous_day1,1.0,98.0,96.0,,,,,
777595,31,previous_day1,1.0,101.0,102.0,18.5,95.0,7.9,16.4,29.0
777596,3309,previous_day1,1.0,101.0,102.0,23.5,79.0,0.0,13.6,102.0
777597,32,previous_day1,0.0,97.0,94.0,20.7,52.0,0.0,7.8,77.0
777598,2395,previous_day1,1.0,97.0,94.0,16.2,84.0,0.0,18.8,273.0
777599,2529,previous_day1,0.0,100.0,100.0,26.8,39.0,0.0,18.6,223.0
777600,3312,previous_day1,1.0,102.0,104.0,24.4,49.0,0.0,11.8,203.0
777601,2889,previous_day1,1.0,100.0,100.0,,,,,
777602,2602,previous_day1,1.0,105.0,110.0,,,,,
777603,1,previous_day1,0.0,100.0,100.0,20.4,69.0,0.0,12.8,248.0
777604,19,previous_day1,0.0,112.0,125.0,25.3,14.0,0.0,12.1,330.0
777605,3313,previous_day1,0.0,100.0,100.0,,,,,
777606,4,previous_day1,1.0,99.0,98.0,,,,,
777607,31,previous_day1,1.0,101.0,102.0,25.5,60.0,0.0,10.3,324.0
777608,5,previous_day1,1.0,97.0,94.0,22.7,45.0,0.0,12.1,343.0
777609,2394,previous_day1,1.0,98.0,96.0,,,,,
777610,3309,previous_day1,1.0,101.0,102.0,25.6,84.0,0.0,11.9,183.0
777611,2523,previous_day1,1.0,100.0,100.0,30.9,59.0,0.0,16.8,239.0
777612,2602,previous_day1,1.0,105.0,110.0,,,,,
777613,2529,previous_day1,0.0,100.0,100.0,27.7,39.0,0.0,17.9,232.0
777614,1,previous_day1,0.0,100.0,100.0,19.1,74.0,0.0,13.5,236.0
777615,3312,previous_day1,0.0,102.0,104.0,19.2,71.0,0.0,5.2,12.0
777616,19,previous_day1,0.0,112.0,125.0,14.5,81.0,0.0,11.5,44.0
777617,32,previous_day1,0.0,97.0,94.0,21.0,35.0,0.0,9.9,33.0
777618,4,previous_day1,0.0,99.0,98.0,,,,,
777619,2395,previous_day1,0.0,97.0,94.0,13.9,90.0,0.0,21.6,272.0
777620,2889,previous_day1,0.0,100.0,100.0,,,,,
777621,31,previous_day1,0.0,101.0,102.0,22.0,88.0,0.0,0.8,333.0
777622,5,previous_day1,0.0,97.0,94.0,18.8,83.0,0.0,14.2,9.0
777623,2602,previous_day1,0.0,105.0,110.0,,,,,
777624,3309,previous_day1,0.0,101.0,102.0,23.9,80.0,0.0,23.5,306.0
777625,2523,previous_day1,1.0,100.0,100.0,29.4,73.0,0.0,12.7,215.0
777626,2394,previous_day1,0.0,98.0,96.0,,,,,
777627,3313,previous_day1,0.0,100.0,100.0,,,,,
777628,680,previous_day1,1.0,91.0,83.0,22.1,58.0,0.0,12.4,330.0
777629,2523,previous_day1,0.0,100.0,100.0,27.1,85.0,0.0,7.2,217.0
777630,31,previous_day1,0.0,101.0,102.0,27.4,54.0,0.0,18.2,288.0
777631,22,previous_day1,1.0,100.0,100.0,23.7,57.0,0.0,13.4,239.0
777632,3309,previous_day1,0.0,101.0,102.0,26.1,65.0,0.0,17.0,174.0
777633,2395,previous_day1,1.0,97.0,94.0,19.6,67.0,0.0,23.7,246.0
777634,4,previous_day1,1.0,99.0,98.0,,,,,
777635,2889,previous_day1,0.0,100.0,100.0,,,,,
777636,2529,previous_day1,1.0,100.0,100.0,28.2,37.0,0.0,17.6,226.0
777637,14,previous_day1,1.0,100.0,100.0,19.7,91.0,0.0,4.1,45.0
777638,22,previous_day1,0.0,100.0,100.0,17.4,80.0,0.0,10.8,249.0
777639,4,previous_day1,0.0,99.0,98.0,,,,,
777640,4705,previous_day1,1.0,100.0,100.0,23.4,81.0,0.0,4.7,23.0
777641,2395,previous_day1,0.0,97.0,94.0,12.3,99.0,0.0,17.3,253.0
777643,2529,previous_day1,0.0,100.0,100.0,27.2,38.0,0.0,20.2,235.0
777644,3313,previous_day1,0.0,100.0,100.0,,,,,
777645,680,previous_day1,0.0,91.0,83.0,20.4,50.0,0.0,11.8,348.0
777646,2523,previous_day1,0.0,100.0,100.0,25.5,84.0,0.0,13.4,174.0
777647,2602,previous_day1,1.0,105.0,110.0,,,,,
777648,31,previous_day1,0.0,101.0,102.0,29.8,42.0,0.0,16.4,199.0
777649,3,previous_day1,1.0,107.0,114.0,28.9,35.0,0.0,17.5,217.0
777650,3309,previous_day1,0.0,101.0,102.0,28.7,50.0,0.0,16.1,156.0
777651,14,previous_day1,0.0,100.0,100.0,25.0,47.0,0.0,21.3,199.0
777652,4169,previous_day1,1.0,101.0,102.0,,,,,
777653,3313,previous_day1,0.0,100.0,100.0,,,,,
777654,4705,previous_day1,0.0,100.0,100.0,27.6,55.0,0.0,15.7,79.0
777655,680,previous_day1,0.0,91.0,83.0,20.3,38.0,0.0,13.0,358.0
777656,2395,previous_day1,0.0,97.0,94.0,13.3,88.0,0.0,21.3,275.0
777657,22,previous_day1,0.0,100.0,100.0,16.6,78.0,0.0,16.3,275.0
777658,2529,previous_day1,0.0,100.0,100.0,26.6,40.0,0.0,18.9,228.0
777659,3309,previous_day1,0.0,101.0,102.0,26.9,28.0,0.0,11.8,157.0
777660,2889,previous_day1,0.0,100.0,100.0,,,,,
777661,4,previous_day1,0.0,99.0,98.0,,,,,
777662,2523,previous_day1,0.0,100.0,100.0,24.5,80.0,0.0,11.6,95.0
777663,31,previous_day1,0.0,101.0,102.0,27.1,27.0,0.0,11.5,180.0
777664,3313,previous_day1,0.0,100.0,100.0,,,,,
777665,14,previous_day1,0.0,100.0,100.0,22.6,41.0,0.0,18.2,189.0
777666,4169,previous_day1,0.0,101.0,102.0,,,,,
777667,3,previous_day1,0.0,107.0,114.0,23.7,36.0,0.0,0.7,360.0
777668,2602,previous_day1,0.0,105.0,110.0,,,,,
777669,2529,previous_day1,0.0,100.0,100.0,25.9,41.0,0.0,20.2,229.0
777670,3,previous_day1,0.0,107.0,114.0,19.6,39.0,0.0,13.9,249.0
777671,2602,previous_day1,0.0,105.0,110.0,,,,,
777672,4705,previous_day1,0.0,100.0,100.0,28.2,44.0,0.0,14.6,130.0
777673,4169,previous_day1,0.0,101.0,102.0,,,,,
777674,4,previous_day1,0.0,99.0,98.0,,,,,
777675,22,previous_day1,0.0,100.0,100.0,18.5,77.0,0.0,11.4,246.0
777676,2395,previous_day1,0.0,97.0,94.0,13.3,86.0,0.0,23.4,269.0
777677,7,previous_day1,1.0,104.0,108.0,30.4,31.0,0.0,6.8,360.0
777678,5325,previous_day1,1.0,101.0,102.0,,,,,
777679,15,previous_day1,1.0,101.0,102.0,31.2,38.0,0.0,24.6,264.0
777680,680,previous_day1,1.0,91.0,83.0,16.5,59.0,0.0,13.5,335.0
777681,2680,previous_day1,1.0,96.0,92.0,24.0,64.0,0.0,20.5,301.0
777682,22,previous_day1,1.0,100.0,100.0,24.3,49.0,0.0,14.7,259.0
777683,5,previous_day1,1.0,97.0,94.0,16.2,36.0,0.0,15.1,288.0
777684,2,previous_day1,1.0,99.0,98.0,19.9,43.0,0.0,19.5,266.0
777685,14,previous_day1,1.0,100.0,100.0,17.7,35.0,0.0,19.7,288.0
777686,3289,previous_day1,1.0,97.0,94.0,,,,,
777687,17,previous_day1,1.0,97.0,94.0,16.2,53.0,0.0,14.7,73.0
777688,2681,previous_day1,1.0,101.0,102.0,17.7,48.0,0.0,19.9,257.0
777689,4169,previous_day1,1.0,101.0,102.0,,,,,
777690,2392,previous_day1,1.0,100.0,100.0,30.0,69.0,0.0,4.3,355.0
777691,2680,previous_day1,0.0,96.0,92.0,23.4,59.0,0.0,8.2,331.0
777692,4705,previous_day1,1.0,100.0,100.0,25.3,51.0,0.0,11.4,281.0
777693,2392,previous_day1,1.0,100.0,100.0,29.1,66.0,0.0,3.4,328.0
777694,7,previous_day1,1.0,104.0,108.0,30.1,36.0,0.0,18.7,271.0
777695,680,previous_day1,1.0,91.0,83.0,14.3,77.0,0.0,14.0,61.0
777696,15,previous_day1,0.0,101.0,102.0,35.5,13.0,0.0,15.9,266.0
777697,5325,previous_day1,1.0,101.0,102.0,,,,,
777698,22,previous_day1,1.0,100.0,100.0,27.7,44.0,0.0,12.8,238.0
777699,2,previous_day1,1.0,99.0,98.0,19.9,55.0,0.0,25.3,281.0
777700,3289,previous_day1,1.0,97.0,94.0,,,,,
777701,14,previous_day1,1.0,100.0,100.0,12.1,60.0,0.0,23.2,327.0
777702,2681,previous_day1,1.0,101.0,102.0,19.6,72.0,0.0,16.2,266.0
777703,5,previous_day1,1.0,97.0,94.0,10.3,72.0,0.0,19.1,313.0
777704,17,previous_day1,1.0,97.0,94.0,14.8,57.0,0.0,20.6,12.0
777705,4169,previous_day1,1.0,101.0,102.0,,,,,
777706,4705,previous_day1,1.0,100.0,100.0,25.5,47.0,0.0,22.0,285.0
777707,2680,previous_day1,0.0,96.0,92.0,21.0,70.0,0.0,7.4,284.0
777708,22,previous_day1,0.0,100.0,100.0,24.8,51.0,0.0,8.9,256.0
777709,5325,previous_day1,0.0,101.0,102.0,,,,,
777710,15,previous_day1,0.0,101.0,102.0,36.2,8.0,0.0,10.5,274.0
777711,7,previous_day1,0.0,104.0,108.0,24.6,38.0,0.0,13.2,296.0
777712,17,previous_day1,1.0,97.0,94.0,24.3,42.0,0.0,7.7,62.0
777713,680,previous_day1,0.0,91.0,83.0,21.5,40.0,0.0,14.4,4.0
777714,2392,previous_day1,0.0,100.0,100.0,26.5,83.0,0.0,14.2,69.0
777715,2681,previous_day1,0.0,101.0,102.0,21.9,73.0,0.0,6.4,142.0
777716,14,previous_day1,0.0,100.0,100.0,23.5,45.0,0.0,15.8,282.0
777717,4169,previous_day1,0.0,101.0,102.0,,,,,
777718,3289,previous_day1,0.0,97.0,94.0,,,,,
777719,4705,previous_day1,0.0,100.0,100.0,20.5,70.0,0.0,16.3,305.0
777720,2,previous_day1,1.0,99.0,98.0,24.9,54.0,0.0,6.4,106.0
777721,5,previous_day1,0.0,97.0,94.0,19.1,49.0,0.0,5.8,274.0
777722,680,previous_day1,0.0,91.0,83.0,15.3,63.0,0.0,14.4,58.0
777723,2681,previous_day1,0.0,101.0,102.0,21.5,81.0,0.0,4.9,197.0
777724,5325,previous_day1,0.0,101.0,102.0,,,,,
777725,2392,previous_day1,0.0,100.0,100.0,28.5,70.0,0.0,9.3,126.0
777726,2680,previous_day1,1.0,96.0,92.0,18.9,72.0,0.0,12.2,246.0
777727,14,previous_day1,0.0,100.0,100.0,15.7,92.0,0.0,10.2,228.0
777728,1,previous_day1,0.0,100.0,100.0,17.3,76.0,0.0,13.0,231.0
777729,15,previous_day1,1.0,101.0,102.0,37.5,8.0,0.0,4.9,216.0
777730,680,previous_day1,0.0,91.0,83.0,21.4,58.0,0.0,17.4,243.0
777731,17,previous_day1,0.0,97.0,94.0,12.8,87.0,0.0,9.0,16.0
777732,2523,previous_day1,1.0,100.0,100.0,30.5,59.0,0.0,15.3,229.0
777733,7,previous_day1,0.0,104.0,108.0,20.9,50.0,0.0,8.9,339.0
777734,2392,previous_day1,1.0,100.0,100.0,26.9,75.0,0.0,13.1,81.0
777736,32,previous_day1,1.0,97.0,94.0,17.2,65.0,0.0,14.5,46.0
777737,3289,previous_day1,1.0,97.0,94.0,,,,,
777738,2394,previous_day1,1.0,98.0,96.0,,,,,
777739,5,previous_day1,1.0,97.0,94.0,14.1,89.0,1.4,12.9,126.0
777740,2,previous_day1,0.0,99.0,98.0,15.1,94.0,2.2,16.7,84.0
777741,5325,previous_day1,0.0,101.0,102.0,,,,,
777742,2680,previous_day1,0.0,96.0,92.0,15.2,92.0,0.0,7.1,210.0
777743,680,previous_day1,0.0,91.0,83.0,20.5,47.0,0.0,11.9,360.0
777744,15,previous_day1,0.0,101.0,102.0,34.9,6.0,0.0,12.1,287.0
777745,1,previous_day1,0.0,100.0,100.0,18.2,74.0,0.0,12.1,217.0
777746,2523,previous_day1,0.0,100.0,100.0,30.4,59.0,0.0,14.6,254.0
777747,32,previous_day1,0.0,97.0,94.0,16.2,45.0,0.0,18.3,22.0
777748,2681,previous_day1,0.0,101.0,102.0,20.8,41.0,0.0,15.9,183.0
777749,3289,previous_day1,0.0,97.0,94.0,,,,,
777750,7,previous_day1,0.0,104.0,108.0,14.4,83.0,0.0,7.6,3.0
777751,17,previous_day1,0.0,97.0,94.0,14.1,73.0,0.0,20.5,1.0
777752,2392,previous_day1,0.0,100.0,100.0,27.7,77.0,0.0,6.6,347.0
777753,5,previous_day1,0.0,97.0,94.0,20.7,44.0,0.0,15.7,99.0
777754,2,previous_day1,0.0,99.0,98.0,17.8,58.0,0.0,13.7,180.0
777755,2394,previous_day1,0.0,98.0,96.0,,,,,
777756,2680,previous_day1,0.0,96.0,92.0,18.6,74.0,0.0,9.6,250.0
777757,17,previous_day1,1.0,97.0,94.0,15.4,67.0,0.0,19.1,20.0
777758,3289,previous_day1,1.0,97.0,94.0,,,,,
777759,5325,previous_day1,1.0,101.0,102.0,,,,,
777760,7,previous_day1,1.0,104.0,108.0,18.4,57.0,0.0,21.6,88.0
777761,15,previous_day1,0.0,101.0,102.0,36.2,6.0,0.0,14.3,309.0
777762,2523,previous_day1,0.0,100.0,100.0,30.1,61.0,0.0,15.8,253.0
777763,1,previous_day1,0.0,100.0,100.0,19.1,70.0,0.0,11.0,218.0
777764,32,previous_day1,1.0,97.0,94.0,15.7,65.0,0.0,15.8,45.0
777765,2529,previous_day1,1.0,100.0,100.0,24.8,37.0,0.0,15.4,213.0
777766,2889,previous_day1,1.0,100.0,100.0,,,,,
777767,1,previous_day1,1.0,100.0,100.0,20.2,68.0,0.0,16.7,233.0
777768,19,previous_day1,1.0,112.0,125.0,13.0,93.0,0.0,11.5,32.0
777769,5,previous_day1,0.0,97.0,94.0,17.8,52.0,0.0,13.1,9.0
777770,2394,previous_day1,1.0,98.0,96.0,,,,,
777771,2,previous_day1,1.0,99.0,98.0,22.9,34.0,0.0,14.2,353.0
777772,3312,previous_day1,1.0,102.0,104.0,19.7,37.0,0.0,6.2,7.0
777773,3289,previous_day1,0.0,97.0,94.0,,,,,
777774,2392,previous_day1,1.0,100.0,100.0,31.6,60.0,0.0,17.7,174.0
777775,2523,previous_day1,1.0,100.0,100.0,34.1,45.0,0.0,12.7,225.0
777776,31,previous_day1,1.0,101.0,102.0,16.2,52.0,0.0,11.2,285.0
777777,4,previous_day1,1.0,99.0,98.0,,,,,
777778,3309,previous_day1,1.0,101.0,102.0,21.1,37.0,0.0,20.0,296.0
777779,2602,previous_day1,1.0,105.0,110.0,,,,,
777780,2394,previous_day1,1.0,98.0,96.0,,,,,
777781,1,previous_day1,0.0,100.0,100.0,17.5,75.0,0.0,12.3,201.0
777782,19,previous_day1,1.0,112.0,125.0,25.9,33.0,0.0,11.3,83.0
777783,4705,previous_day1,1.0,100.0,100.0,26.0,71.0,0.0,6.2,83.0
777784,2529,previous_day1,0.0,100.0,100.0,23.1,42.0,0.0,20.6,227.0
777785,3,previous_day1,1.0,107.0,114.0,14.9,69.0,0.0,15.6,296.0
777786,2889,previous_day1,1.0,100.0,100.0,,,,,
777787,2392,previous_day1,1.0,100.0,100.0,32.6,53.0,0.0,14.6,170.0
777788,3312,previous_day1,1.0,102.0,104.0,16.5,48.0,0.0,8.9,21.0
777789,3289,previous_day1,0.0,97.0,94.0,,,,,
777790,3,previous_day1,0.0,107.0,114.0,11.3,79.0,0.0,12.2,284.0
777791,2602,previous_day1,1.0,105.0,110.0,,,,,
777792,4,previous_day1,1.0,99.0,98.0,,,,,
777793,3309,previous_day1,1.0,101.0,102.0,19.7,39.0,0.0,25.5,293.0
777794,31,previous_day1,1.0,101.0,102.0,14.6,62.0,0.0,16.6,300.0
777795,2523,previous_day1,0.0,100.0,100.0,28.1,67.0,0.0,18.4,73.0
777796,2394,previous_day1,0.0,98.0,96.0,,,,,
777797,2889,previous_day1,0.0,100.0,100.0,,,,,
777798,1,previous_day1,0.0,100.0,100.0,17.6,79.0,0.0,10.7,230.0
777799,3312,previous_day1,0.0,102.0,104.0,15.0,52.0,0.0,6.6,22.0
777800,2392,previous_day1,0.0,100.0,100.0,27.6,70.0,0.0,16.9,151.0
777801,3309,previous_day1,0.0,101.0,102.0,15.6,46.0,0.0,24.9,281.0
777802,19,previous_day1,0.0,112.0,125.0,28.0,13.0,0.0,17.1,41.0
777803,4705,previous_day1,1.0,100.0,100.0,27.1,46.0,0.0,7.4,309.0
777804,2529,previous_day1,0.0,100.0,100.0,23.5,38.0,0.0,16.3,229.0
777805,4,previous_day1,0.0,99.0,98.0,,,,,
777806,31,previous_day1,0.0,101.0,102.0,10.0,69.0,0.7,15.0,291.0
777807,2394,previous_day1,0.0,98.0,96.0,,,,,
777808,3289,previous_day1,0.0,97.0,94.0,,,,,
777810,2523,previous_day1,0.0,100.0,100.0,29.9,50.0,0.0,15.5,274.0
777811,2602,previous_day1,0.0,105.0,110.0,,,,,
777812,2529,previous_day1,1.0,100.0,100.0,29.1,24.0,0.0,19.4,230.0
777813,4705,previous_day1,0.0,100.0,100.0,22.8,45.0,0.0,13.3,289.0
777814,31,previous_day1,0.0,101.0,102.0,11.3,86.0,0.4,18.6,252.0
777816,14,previous_day1,1.0,100.0,100.0,9.1,96.0,0.7,28.2,73.0
777817,19,previous_day1,1.0,112.0,125.0,23.9,26.0,0.0,11.4,13.0
777818,3313,previous_day1,1.0,100.0,100.0,,,,,
777819,2395,previous_day1,1.0,97.0,94.0,22.6,44.0,0.0,20.8,279.0
777820,3309,previous_day1,0.0,101.0,102.0,14.9,76.0,0.0,13.1,278.0
777821,2394,previous_day1,0.0,98.0,96.0,,,,,
777822,2392,previous_day1,0.0,100.0,100.0,27.9,66.0,0.0,13.8,131.0
777823,19,previous_day1,0.0,112.0,125.0,22.9,10.0,0.0,21.3,354.0
777824,22,previous_day1,0.0,100.0,100.0,22.2,49.0,0.0,9.2,249.0
777826,32,previous_day1,1.0,97.0,94.0,8.6,97.0,0.4,17.9,22.0
777827,2889,previous_day1,1.0,100.0,100.0,,,,,
777828,2529,previous_day1,0.0,100.0,100.0,28.4,24.0,0.0,17.0,234.0
777829,3312,previous_day1,1.0,102.0,104.0,9.1,92.0,0.7,9.5,81.0
777830,4,previous_day1,1.0,99.0,98.0,,,,,
777831,3,previous_day1,0.0,107.0,114.0,8.9,85.0,0.0,13.2,64.0
777832,2523,previous_day1,1.0,100.0,100.0,31.7,54.0,0.0,20.7,239.0
777833,4169,previous_day1,1.0,101.0,102.0,,,,,
777834,31,previous_day1,1.0,101.0,102.0,19.0,87.0,0.0,4.6,108.0
777835,3313,previous_day1,0.0,100.0,100.0,,,,,
777836,2395,previous_day1,0.0,97.0,94.0,15.8,57.0,0.0,25.0,297.0
777837,14,previous_day1,0.0,100.0,100.0,10.4,96.0,0.7,24.9,68.0
777838,22,previous_day1,0.0,100.0,100.0,24.2,39.0,0.0,7.9,254.0
777840,2889,previous_day1,0.0,100.0,100.0,,,,,
777841,3309,previous_day1,0.0,101.0,102.0,21.3,34.0,0.0,6.9,39.0
777842,19,previous_day1,0.0,112.0,125.0,20.7,13.0,0.0,16.6,294.0
777843,2529,previous_day1,0.0,100.0,100.0,27.1,32.0,0.0,16.1,241.0
777844,32,previous_day1,0.0,97.0,94.0,9.0,90.0,0.0,29.8,78.0
777845,14,previous_day1,0.0,100.0,100.0,12.0,51.0,0.0,13.7,87.0
777846,4,previous_day1,0.0,99.0,98.0,,,,,
777847,31,previous_day1,0.0,101.0,102.0,20.1,31.0,0.0,15.8,90.0
777848,2523,previous_day1,0.0,100.0,100.0,29.4,60.0,0.0,14.8,264.0
777849,3313,previous_day1,0.0,100.0,100.0,,,,,
777850,4169,previous_day1,0.0,101.0,102.0,,,,,
777851,3,previous_day1,0.0,107.0,114.0,11.6,75.0,0.0,11.1,29.0
777852,19,previous_day1,0.0,112.0,125.0,11.8,59.0,0.0,5.2,106.0
777853,2529,previous_day1,0.0,100.0,100.0,29.8,29.0,0.0,12.3,275.0
777854,22,previous_day1,0.0,100.0,100.0,23.9,36.0,0.0,5.7,215.0
777855,2395,previous_day1,0.0,97.0,94.0,18.3,63.0,0.0,26.9,305.0
777856,3,previous_day1,0.0,107.0,114.0,11.9,58.0,0.0,25.3,306.0
777857,4,previous_day1,0.0,99.0,98.0,,,,,
777858,2523,previous_day1,0.0,100.0,100.0,28.9,68.0,0.0,15.1,270.0
777859,31,previous_day1,0.0,101.0,102.0,16.3,48.0,0.0,15.8,330.0
777860,32,previous_day1,0.0,97.0,94.0,10.2,77.0,0.0,18.6,47.0
777861,3312,previous_day1,0.0,102.0,104.0,10.1,82.0,2.9,19.2,77.0
777862,2889,previous_day1,0.0,100.0,100.0,,,,,
777863,4169,previous_day1,0.0,101.0,102.0,,,,,
777864,7,previous_day1,1.0,104.0,108.0,25.5,36.0,0.0,17.7,110.0
777865,32,previous_day1,1.0,97.0,94.0,12.2,71.0,0.0,9.3,54.0
777866,22,previous_day1,1.0,100.0,100.0,21.9,57.0,0.0,19.6,256.0
777867,2395,previous_day1,1.0,97.0,94.0,20.5,46.0,0.0,20.4,296.0
777868,2680,previous_day1,1.0,96.0,92.0,17.3,73.0,0.0,13.8,231.0
777869,5325,previous_day1,1.0,101.0,102.0,,,,,
777870,15,previous_day1,1.0,101.0,102.0,28.4,21.0,0.0,16.6,272.0
777871,14,previous_day1,1.0,100.0,100.0,14.3,61.0,0.0,27.5,313.0
777872,17,previous_day1,1.0,97.0,94.0,10.9,86.0,0.0,10.8,37.0
777873,2,previous_day1,1.0,99.0,98.0,23.3,41.0,0.0,27.8,275.0
777874,2602,previous_day1,1.0,105.0,110.0,,,,,
777875,2680,previous_day1,0.0,96.0,92.0,14.9,89.0,0.0,13.2,259.0
777876,3,previous_day1,1.0,107.0,114.0,20.3,55.0,0.0,24.1,250.0
777877,4169,previous_day1,1.0,101.0,102.0,,,,,
777878,3313,previous_day1,0.0,100.0,100.0,,,,,
777879,2395,previous_day1,0.0,97.0,94.0,14.9,69.0,0.0,30.5,299.0
777880,2681,previous_day1,1.0,101.0,102.0,20.4,53.0,0.0,28.5,266.0
777881,17,previous_day1,1.0,97.0,94.0,16.3,52.0,0.0,30.0,276.0
777882,5325,previous_day1,0.0,101.0,102.0,,,,,
777883,32,previous_day1,0.0,97.0,94.0,14.8,61.0,0.0,27.8,287.0
777884,22,previous_day1,0.0,100.0,100.0,15.4,74.0,0.0,13.7,235.0
777885,7,previous_day1,0.0,104.0,108.0,24.9,25.0,0.0,10.2,23.0
777886,14,previous_day1,1.0,100.0,100.0,15.3,73.0,0.0,22.4,242.0
777887,15,previous_day1,0.0,101.0,102.0,32.1,9.0,0.0,23.8,250.0
777888,3313,previous_day1,1.0,100.0,100.0,,,,,
777889,4169,previous_day1,1.0,101.0,102.0,,,,,
777890,2,previous_day1,1.0,99.0,98.0,26.4,48.0,0.0,18.9,246.0
777891,2395,previous_day1,0.0,97.0,94.0,15.2,62.0,0.0,26.1,296.0
777892,2602,previous_day1,0.0,105.0,110.0,,,,,
777893,3,previous_day1,0.0,107.0,114.0,21.2,80.0,0.0,16.3,194.0
777894,2681,previous_day1,0.0,101.0,102.0,23.6,69.0,0.0,13.6,212.0
777895,5325,previous_day1,0.0,101.0,102.0,,,,,
777896,2680,previous_day1,0.0,96.0,92.0,15.6,78.0,0.0,8.8,289.0
777897,15,previous_day1,0.0,101.0,102.0,30.9,8.0,0.0,7.4,293.0
777898,32,previous_day1,0.0,97.0,94.0,25.3,29.0,0.0,21.8,261.0
777899,22,previous_day1,0.0,100.0,100.0,15.9,73.0,0.0,11.1,245.0
777900,17,previous_day1,1.0,97.0,94.0,29.1,23.0,0.0,30.7,193.0
777901,7,previous_day1,0.0,104.0,108.0,24.9,24.0,0.0,26.6,279.0
777902,2602,previous_day1,0.0,105.0,110.0,,,,,
777903,4169,previous_day1,0.0,101.0,102.0,,,,,
777904,3313,previous_day1,0.0,100.0,100.0,,,,,
777905,2681,previous_day1,0.0,101.0,102.0,24.3,81.0,0.0,9.8,197.0
777906,14,previous_day1,0.0,100.0,100.0,26.4,30.0,0.0,12.2,270.0
777907,2,previous_day1,0.0,99.0,98.0,23.5,90.0,0.0,4.8,167.0
777908,3,previous_day1,0.0,107.0,114.0,22.3,85.0,0.0,3.4,122.0
777909,4705,previous_day1,1.0,100.0,100.0,25.0,67.0,0.0,17.3,234.0
777910,5325,previous_day1,0.0,101.0,102.0,,,,,
777911,2,previous_day1,1.0,99.0,98.0,23.3,77.0,0.0,7.9,210.0
777912,2602,previous_day1,1.0,105.0,110.0,,,,,
777913,14,previous_day1,1.0,100.0,100.0,21.7,67.0,0.0,10.8,86.0
777914,2680,previous_day1,0.0,96.0,92.0,17.9,69.0,0.0,12.7,325.0
777915,680,previous_day1,1.0,91.0,83.0,11.1,89.0,0.0,3.1,249.0
777916,2395,previous_day1,1.0,97.0,94.0,20.5,45.0,0.0,17.3,275.0
777917,22,previous_day1,0.0,100.0,100.0,20.0,46.0,0.0,12.1,243.0
777918,5325,previous_day1,0.0,101.0,102.0,,,,,
777919,3289,previous_day1,0.0,97.0,94.0,,,,,
777920,2392,previous_day1,0.0,100.0,100.0,26.4,62.0,0.0,18.8,183.0
777921,17,previous_day1,0.0,97.0,94.0,14.8,97.0,0.0,12.2,76.0
777922,2681,previous_day1,1.0,101.0,102.0,17.7,99.0,0.0,10.7,135.0
777923,14,previous_day1,0.0,100.0,100.0,13.6,93.0,0.0,20.0,51.0
777924,2,previous_day1,1.0,99.0,98.0,22.5,89.0,0.0,6.7,106.0
777925,5,previous_day1,1.0,97.0,94.0,20.7,80.0,0.0,9.8,156.0
777926,680,previous_day1,0.0,91.0,83.0,15.1,73.0,0.0,15.9,237.0
777927,2394,previous_day1,0.0,98.0,96.0,,,,,
777928,2602,previous_day1,0.0,105.0,110.0,,,,,
777929,4705,previous_day1,0.0,100.0,100.0,24.7,64.0,0.0,9.7,195.0
777930,2395,previous_day1,0.0,97.0,94.0,15.0,65.0,0.0,24.3,295.0
777931,2392,previous_day1,0.0,100.0,100.0,25.9,63.0,0.0,20.0,187.0
777932,2680,previous_day1,0.0,96.0,92.0,16.0,65.0,0.0,13.2,287.0
777934,5325,previous_day1,0.0,101.0,102.0,,,,,
777935,14,previous_day1,0.0,100.0,100.0,15.7,96.0,0.0,23.6,69.0
777936,17,previous_day1,0.0,97.0,94.0,14.0,94.0,0.0,9.7,59.0
777937,22,previous_day1,0.0,100.0,100.0,17.7,58.0,0.0,13.1,238.0
777939,2395,previous_day1,0.0,97.0,94.0,12.4,82.0,0.0,19.1,292.0
777940,2394,previous_day1,0.0,98.0,96.0,,,,,
777941,680,previous_day1,0.0,91.0,83.0,14.2,70.0,0.0,9.5,233.0
777942,4705,previous_day1,0.0,100.0,100.0,21.4,70.0,0.0,16.6,246.0
777943,3289,previous_day1,0.0,97.0,94.0,,,,,
777944,5,previous_day1,0.0,97.0,94.0,20.9,82.0,0.0,11.0,128.0
777945,2602,previous_day1,0.0,105.0,110.0,,,,,
777946,22,previous_day1,0.0,100.0,100.0,16.6,74.0,0.0,9.3,242.0
777947,2680,previous_day1,0.0,96.0,92.0,16.4,73.0,0.0,13.4,301.0
777948,2392,previous_day1,0.0,100.0,100.0,26.0,57.0,0.0,1.5,14.0
777949,5325,previous_day1,0.0,101.0,102.0,,,,,
777950,3289,previous_day1,0.0,97.0,94.0,,,,,
777951,2394,previous_day1,0.0,98.0,96.0,,,,,
777952,17,previous_day1,0.0,97.0,94.0,17.9,51.0,0.0,11.3,53.0
777953,2681,previous_day1,0.0,101.0,102.0,24.7,53.0,0.0,15.4,159.0
777954,15,previous_day1,1.0,101.0,102.0,39.2,6.0,0.0,10.5,174.0
777955,19,previous_day1,1.0,112.0,125.0,28.2,12.0,0.0,4.3,95.0
777956,3312,previous_day1,1.0,102.0,104.0,28.0,28.0,0.0,25.9,194.0
777957,2529,previous_day1,1.0,100.0,100.0,21.0,40.0,0.0,24.5,237.0
777958,680,previous_day1,1.0,91.0,83.0,14.9,56.0,0.0,11.5,224.0
777959,4705,previous_day1,0.0,100.0,100.0,21.4,82.0,0.0,6.2,216.0
777960,5,previous_day1,0.0,97.0,94.0,26.2,38.0,0.0,3.3,84.0
777961,1,previous_day1,1.0,100.0,100.0,30.5,28.0,0.0,15.5,216.0
777962,3309,previous_day1,1.0,101.0,102.0,28.7,25.0,0.0,9.3,306.0
777963,2392,previous_day1,1.0,100.0,100.0,23.1,62.0,0.0,11.2,318.0
777964,2523,previous_day1,1.0,100.0,100.0,30.9,51.0,0.0,22.2,144.0
777965,7,previous_day1,1.0,104.0,108.0,28.0,28.0,0.0,11.2,84.0
777966,4,previous_day1,1.0,99.0,98.0,,,,,
777967,31,previous_day1,1.0,101.0,102.0,23.8,33.0,0.0,11.5,2.0
777968,3289,previous_day1,1.0,97.0,94.0,,,,,
777969,2394,previous_day1,1.0,98.0,96.0,,,,,
777970,680,previous_day1,0.0,91.0,83.0,14.2,53.0,0.0,20.0,252.0
777971,5,previous_day1,0.0,97.0,94.0,15.6,28.0,0.0,17.3,31.0
777972,2529,previous_day1,1.0,100.0,100.0,32.5,17.0,0.0,8.9,238.0
777973,1,previous_day1,0.0,100.0,100.0,29.8,28.0,0.0,9.5,295.0
777974,3312,previous_day1,0.0,102.0,104.0,24.0,20.0,0.0,10.0,52.0
777975,15,previous_day1,0.0,101.0,102.0,37.6,9.0,0.0,16.6,129.0
777976,19,previous_day1,0.0,112.0,125.0,25.6,14.0,0.0,13.4,117.0
777977,7,previous_day1,0.0,104.0,108.0,27.8,19.0,0.0,12.5,72.0
777978,4,previous_day1,0.0,99.0,98.0,,,,,
777979,2392,previous_day1,0.0,100.0,100.0,22.1,65.0,0.0,13.2,349.0
777980,3309,previous_day1,1.0,101.0,102.0,22.2,27.0,0.0,17.4,308.0
777981,2523,previous_day1,1.0,100.0,100.0,32.5,47.0,0.0,18.7,208.0
777982,3289,previous_day1,0.0,97.0,94.0,,,,,
777983,5,previous_day1,0.0,97.0,94.0,24.3,25.0,0.0,15.1,267.0
777984,680,previous_day1,0.0,91.0,83.0,17.2,34.0,0.0,11.9,3.0
777985,31,previous_day1,1.0,101.0,102.0,23.2,27.0,0.0,13.7,273.0
777986,1,previous_day1,0.0,100.0,100.0,28.2,30.0,0.0,8.2,247.0
777987,2394,previous_day1,0.0,98.0,96.0,,,,,
777988,15,previous_day1,0.0,101.0,102.0,34.3,10.0,0.0,7.6,180.0
777989,2392,previous_day1,0.0,100.0,100.0,23.1,65.0,0.0,10.5,322.0
777990,7,previous_day1,0.0,104.0,108.0,23.7,21.0,0.0,12.0,41.0
777991,4,previous_day1,0.0,99.0,98.0,,,,,
777992,3312,previous_day1,0.0,102.0,104.0,25.3,38.0,0.0,2.6,56.0
777993,19,previous_day1,0.0,112.0,125.0,22.2,21.0,0.0,10.3,65.0
777994,2529,previous_day1,0.0,100.0,100.0,29.5,27.0,0.0,13.1,238.0
777995,3309,previous_day1,0.0,101.0,102.0,14.4,83.0,0.0,10.7,318.0
777996,2394,previous_day1,0.0,98.0,96.0,,,,,
777997,5,previous_day1,0.0,97.0,94.0,12.5,42.0,0.0,13.6,287.0
777998,31,previous_day1,0.0,101.0,102.0,14.3,39.0,0.0,20.8,334.0
777999,15,previous_day1,0.0,101.0,102.0,31.0,11.0,0.0,7.6,245.0
778000,1,previous_day1,0.0,100.0,100.0,22.1,48.0,0.0,9.8,264.0
778001,3289,previous_day1,0.0,97.0,94.0,,,,,
778002,2523,previous_day1,0.0,100.0,100.0,27.7,66.0,0.0,15.9,252.0
778003,4705,previous_day1,0.0,100.0,100.0,26.9,50.0,0.0,10.9,214.0
778004,19,previous_day1,1.0,112.0,125.0,15.8,56.0,0.0,2.5,98.0
778005,2523,previous_day1,0.0,100.0,100.0,27.0,69.0,0.0,11.8,230.0
778006,3,previous_day1,1.0,107.0,114.0,22.3,50.0,0.0,9.9,280.0
778007,3312,previous_day1,1.0,102.0,104.0,17.4,32.0,0.0,8.6,75.0
778008,7,previous_day1,1.0,104.0,108.0,21.6,59.0,0.0,6.9,6.0
778009,1,previous_day1,0.0,100.0,100.0,19.5,58.0,0.0,11.6,296.0
778010,2529,previous_day1,1.0,100.0,100.0,21.7,49.0,0.0,20.6,224.0
778011,3312,previous_day1,0.0,102.0,104.0,18.9,26.0,0.0,19.7,40.0
778012,7,previous_day1,0.0,104.0,108.0,15.5,88.0,1.1,11.5,122.0
778013,19,previous_day1,0.0,112.0,125.0,8.7,85.0,0.0,11.8,220.0
778014,15,previous_day1,1.0,101.0,102.0,25.7,34.0,0.0,6.8,328.0
778015,32,previous_day1,1.0,97.0,94.0,12.5,62.0,0.0,27.6,20.0
778016,2889,previous_day1,1.0,100.0,100.0,,,,,
778017,4169,previous_day1,1.0,101.0,102.0,,,,,
778018,3,previous_day1,0.0,107.0,114.0,19.1,65.0,0.0,19.4,198.0
778019,3313,previous_day1,0.0,100.0,100.0,,,,,
778020,17,previous_day1,1.0,97.0,94.0,11.8,83.0,0.0,22.4,11.0
778021,2523,previous_day1,0.0,100.0,100.0,28.1,61.0,0.0,10.5,297.0
778022,3309,previous_day1,1.0,101.0,102.0,21.7,54.0,0.0,14.6,280.0
778023,4705,previous_day1,0.0,100.0,100.0,22.1,68.0,0.0,2.6,106.0
778024,2529,previous_day1,0.0,100.0,100.0,25.2,40.0,0.0,19.3,237.0
778025,1,previous_day1,0.0,100.0,100.0,16.3,75.0,0.0,12.1,240.0
778026,3309,previous_day1,1.0,101.0,102.0,23.4,36.0,0.0,22.9,208.0
778027,17,previous_day1,0.0,97.0,94.0,19.9,54.0,0.0,2.3,51.0
778028,3312,previous_day1,0.0,102.0,104.0,27.0,15.0,0.0,6.9,351.0
778030,2889,previous_day1,0.0,100.0,100.0,,,,,
778031,32,previous_day1,0.0,97.0,94.0,17.2,58.0,0.0,9.8,84.0
778032,15,previous_day1,0.0,101.0,102.0,22.0,41.0,0.0,3.6,323.0
778033,7,previous_day1,0.0,104.0,108.0,23.5,34.0,0.0,14.0,78.0
778034,4705,previous_day1,0.0,100.0,100.0,23.5,37.0,0.0,11.0,289.0
778035,4169,previous_day1,0.0,101.0,102.0,,,,,
778036,2889,previous_day1,0.0,100.0,100.0,,,,,
778037,3,previous_day1,0.0,107.0,114.0,16.7,94.0,5.4,13.8,147.0
778038,2529,previous_day1,0.0,100.0,100.0,27.1,16.0,0.0,17.4,354.0
778039,15,previous_day1,0.0,101.0,102.0,16.7,69.0,0.0,12.9,167.0
778040,2523,previous_day1,0.0,100.0,100.0,28.3,55.0,0.0,15.9,274.0
778041,3313,previous_day1,0.0,100.0,100.0,,,,,
778042,32,previous_day1,0.0,97.0,94.0,12.5,78.0,0.0,4.5,61.0
778043,7,previous_day1,0.0,104.0,108.0,23.8,28.0,0.0,10.1,27.0
778044,17,previous_day1,0.0,97.0,94.0,10.8,91.0,0.0,9.3,344.0
778045,3313,previous_day1,0.0,100.0,100.0,,,,,
778047,4169,previous_day1,0.0,101.0,102.0,,,,,
778048,2395,previous_day1,1.0,97.0,94.0,20.9,43.0,0.0,20.6,297.0
778049,4705,previous_day1,0.0,100.0,100.0,18.5,46.0,0.0,13.0,276.0
778050,1,previous_day1,1.0,100.0,100.0,16.1,64.0,0.0,14.2,150.0
778051,31,previous_day1,1.0,101.0,102.0,18.7,86.0,0.0,4.3,228.0
778052,5325,previous_day1,1.0,101.0,102.0,,,,,
778053,2889,previous_day1,1.0,100.0,100.0,,,,,
778054,32,previous_day1,1.0,97.0,94.0,13.4,46.0,0.0,23.3,17.0
778055,4,previous_day1,1.0,99.0,98.0,,,,,
778056,14,previous_day1,1.0,100.0,100.0,15.4,52.0,0.0,19.4,90.0
778057,3313,previous_day1,1.0,100.0,100.0,,,,,
778058,2602,previous_day1,1.0,105.0,110.0,,,,,
778059,2681,previous_day1,1.0,101.0,102.0,18.7,91.0,3.6,10.1,178.0
778060,4705,previous_day1,0.0,100.0,100.0,16.8,55.0,0.0,15.2,277.0
778061,4169,previous_day1,1.0,101.0,102.0,,,,,
778062,2,previous_day1,1.0,99.0,98.0,21.0,76.0,0.0,5.9,191.0
778063,3,previous_day1,1.0,107.0,114.0,25.5,49.0,0.0,24.3,207.0
778064,14,previous_day1,1.0,100.0,100.0,8.3,89.0,0.0,6.4,106.0
778065,31,previous_day1,1.0,101.0,102.0,15.5,94.0,0.4,12.5,321.0
778066,4,previous_day1,1.0,99.0,98.0,,,,,
778067,1,previous_day1,0.0,100.0,100.0,16.6,77.0,0.0,10.0,229.0
778069,2395,previous_day1,1.0,97.0,94.0,16.7,58.0,0.0,24.2,298.0
778070,5325,previous_day1,0.0,101.0,102.0,,,,,
778071,32,previous_day1,0.0,97.0,94.0,7.6,78.0,0.0,19.1,22.0
778072,2,previous_day1,0.0,99.0,98.0,23.7,55.0,0.0,16.6,294.0
778073,3,previous_day1,1.0,107.0,114.0,28.3,46.0,0.0,28.8,189.0
778074,3313,previous_day1,1.0,100.0,100.0,,,,,
778075,4169,previous_day1,1.0,101.0,102.0,,,,,
778076,4705,previous_day1,0.0,100.0,100.0,15.1,94.0,37.1,30.4,297.0
778077,2602,previous_day1,0.0,105.0,110.0,,,,,
778078,2681,previous_day1,0.0,101.0,102.0,29.2,38.0,0.0,22.7,183.0
778079,4,previous_day1,0.0,99.0,98.0,,,,,
778080,32,previous_day1,0.0,97.0,94.0,7.1,89.0,0.0,10.8,60.0
778081,14,previous_day1,0.0,100.0,100.0,13.1,70.0,0.0,18.1,276.0
778082,2395,previous_day1,0.0,97.0,94.0,13.0,84.0,0.0,31.4,294.0
778083,5325,previous_day1,0.0,101.0,102.0,,,,,
778084,2889,previous_day1,0.0,100.0,100.0,,,,,
778085,1,previous_day1,0.0,100.0,100.0,16.5,78.0,0.0,11.8,230.0
778086,2681,previous_day1,0.0,101.0,102.0,28.1,39.0,0.0,12.7,227.0
778087,2602,previous_day1,0.0,105.0,110.0,,,,,
778088,3313,previous_day1,0.0,100.0,100.0,,,,,
778089,3,previous_day1,0.0,107.0,114.0,21.3,78.0,0.0,14.8,174.0
778090,31,previous_day1,0.0,101.0,102.0,18.0,89.0,15.5,15.9,273.0
778091,4169,previous_day1,0.0,101.0,102.0,,,,,
778092,4705,previous_day1,0.0,100.0,100.0,28.0,39.0,0.0,17.9,199.0
778093,2,previous_day1,0.0,99.0,98.0,24.1,55.0,0.7,13.6,259.0
778094,4,previous_day1,1.0,99.0,98.0,,,,,
778095,14,previous_day1,0.0,100.0,100.0,9.7,88.0,0.0,18.2,63.0
778096,5325,previous_day1,1.0,101.0,102.0,,,,,
778097,2523,previous_day1,1.0,100.0,100.0,30.3,37.0,0.0,1.1,180.0
778098,2395,previous_day1,0.0,97.0,94.0,11.2,86.0,0.0,20.5,271.0
778099,2681,previous_day1,0.0,101.0,102.0,20.5,53.0,0.0,19.6,122.0
778100,31,previous_day1,1.0,101.0,102.0,28.1,50.0,0.0,25.1,192.0
778101,1,previous_day1,0.0,100.0,100.0,16.2,74.0,0.0,12.2,225.0
778102,19,previous_day1,1.0,112.0,125.0,21.1,14.0,0.0,11.4,72.0
778103,3289,previous_day1,1.0,97.0,94.0,,,,,
778104,680,previous_day1,1.0,91.0,83.0,14.1,68.0,0.0,8.9,333.0
778105,2680,previous_day1,1.0,96.0,92.0,19.2,67.0,0.0,12.8,280.0
778106,5325,previous_day1,0.0,101.0,102.0,,,,,
778107,2602,previous_day1,1.0,105.0,110.0,,,,,
778108,5,previous_day1,1.0,97.0,94.0,21.6,77.0,0.0,15.9,174.0
778109,22,previous_day1,1.0,100.0,100.0,20.8,55.0,0.0,8.0,198.0
778110,2392,previous_day1,1.0,100.0,100.0,25.8,71.0,0.0,21.8,172.0
778111,4,previous_day1,0.0,99.0,98.0,,,,,
778112,31,previous_day1,0.0,101.0,102.0,18.5,42.0,0.0,6.3,329.0
778113,2523,previous_day1,0.0,100.0,100.0,30.0,32.0,0.0,7.2,354.0
778114,14,previous_day1,0.0,100.0,100.0,8.7,65.0,0.0,10.1,182.0
778115,2,previous_day1,0.0,99.0,98.0,25.7,23.0,0.0,14.5,330.0
778116,5,previous_day1,0.0,97.0,94.0,9.7,49.0,0.0,8.6,360.0
778117,3289,previous_day1,0.0,97.0,94.0,,,,,
778118,2681,previous_day1,0.0,101.0,102.0,23.3,20.0,0.0,13.3,311.0
778119,2602,previous_day1,0.0,105.0,110.0,,,,,
778120,19,previous_day1,0.0,112.0,125.0,10.0,71.0,0.0,17.5,262.0
778121,680,previous_day1,0.0,91.0,83.0,10.8,79.0,0.0,11.9,65.0
778122,5325,previous_day1,0.0,101.0,102.0,,,,,
778123,22,previous_day1,0.0,100.0,100.0,16.3,74.0,0.0,9.7,255.0
778124,2392,previous_day1,0.0,100.0,100.0,24.2,70.0,0.0,16.6,158.0
778125,4,previous_day1,0.0,99.0,98.0,,,,,
778126,2680,previous_day1,0.0,96.0,92.0,14.8,90.0,0.0,5.7,235.0
778127,14,previous_day1,0.0,100.0,100.0,19.5,90.0,0.0,15.7,233.0
778128,2523,previous_day1,0.0,100.0,100.0,24.0,79.0,0.0,15.6,296.0
778129,5,previous_day1,0.0,97.0,94.0,17.1,92.0,0.4,32.0,278.0
778130,3289,previous_day1,0.0,97.0,94.0,,,,,
778131,2681,previous_day1,0.0,101.0,102.0,25.8,38.0,0.0,25.1,192.0
778132,22,previous_day1,0.0,100.0,100.0,16.2,62.0,0.0,9.4,247.0
778133,2,previous_day1,0.0,99.0,98.0,28.0,36.0,0.0,20.7,193.0
778135,31,previous_day1,0.0,101.0,102.0,20.0,78.0,0.0,14.6,218.0
778136,680,previous_day1,1.0,91.0,83.0,14.8,69.0,0.0,7.3,281.0
778137,19,previous_day1,0.0,112.0,125.0,15.2,22.0,0.0,17.3,36.0
778138,3309,previous_day1,1.0,101.0,102.0,23.6,21.0,0.0,12.1,192.0
778139,5,previous_day1,0.0,97.0,94.0,25.5,20.0,0.0,18.7,181.0
778140,2,previous_day1,0.0,99.0,98.0,21.6,25.0,0.0,14.9,143.0
778141,2602,previous_day1,0.0,105.0,110.0,,,,,
778142,2392,previous_day1,0.0,100.0,100.0,24.3,73.0,0.0,18.9,149.0
778143,5325,previous_day1,0.0,101.0,102.0,,,,,
778144,3312,previous_day1,1.0,102.0,104.0,16.4,63.0,0.0,28.6,174.0
778145,22,previous_day1,1.0,100.0,100.0,13.0,76.0,0.0,3.9,34.0
778146,2680,previous_day1,1.0,96.0,92.0,17.8,53.0,0.0,15.1,295.0
778147,15,previous_day1,1.0,101.0,102.0,23.2,21.0,0.0,15.8,249.0
778148,19,previous_day1,1.0,112.0,125.0,26.6,8.0,0.0,31.3,189.0
778149,2529,previous_day1,1.0,100.0,100.0,11.8,90.0,0.0,12.9,167.0
778150,2889,previous_day1,1.0,100.0,100.0,,,,,
778151,2395,previous_day1,1.0,97.0,94.0,14.9,69.0,0.0,25.3,294.0
778152,7,previous_day1,1.0,104.0,108.0,15.4,92.0,0.0,16.9,151.0
778153,3309,previous_day1,1.0,101.0,102.0,18.8,28.0,0.0,29.0,314.0
778154,680,previous_day1,0.0,91.0,83.0,16.4,58.0,0.0,12.2,2.0
778155,2394,previous_day1,1.0,98.0,96.0,,,,,
778156,3313,previous_day1,1.0,100.0,100.0,,,,,
778157,5,previous_day1,1.0,97.0,94.0,13.1,49.0,0.0,14.5,316.0
778158,17,previous_day1,0.0,97.0,94.0,13.4,58.0,0.0,14.8,103.0
778159,2395,previous_day1,1.0,97.0,94.0,15.3,56.0,0.0,13.4,264.0
778160,2680,previous_day1,0.0,96.0,92.0,14.0,71.0,0.0,11.6,275.0
778161,19,previous_day1,1.0,112.0,125.0,21.9,31.0,0.0,30.7,166.0
778162,15,previous_day1,0.0,101.0,102.0,26.2,14.0,0.0,19.1,259.0
778163,22,previous_day1,0.0,100.0,100.0,11.1,80.0,0.0,8.7,218.0
778164,2889,previous_day1,1.0,100.0,100.0,,,,,
778165,2529,previous_day1,1.0,100.0,100.0,14.9,62.0,0.0,7.5,215.0
778166,3312,previous_day1,1.0,102.0,104.0,14.6,38.0,0.0,8.9,117.0
778167,7,previous_day1,0.0,104.0,108.0,18.0,56.0,0.0,11.0,79.0
778168,2394,previous_day1,1.0,98.0,96.0,,,,,
778169,5,previous_day1,0.0,97.0,94.0,7.3,83.0,0.0,22.2,328.0
778171,2395,previous_day1,0.0,97.0,94.0,12.0,66.0,0.0,14.1,264.0
778172,2680,previous_day1,0.0,96.0,92.0,14.7,58.0,0.0,12.2,294.0
778173,3309,previous_day1,1.0,101.0,102.0,24.9,64.0,0.0,17.1,277.0
778174,17,previous_day1,1.0,97.0,94.0,7.6,82.0,0.0,23.4,10.0
778175,680,previous_day1,0.0,91.0,83.0,17.5,42.0,0.0,16.4,9.0
778176,22,previous_day1,0.0,100.0,100.0,12.8,63.0,0.0,15.2,256.0
778177,15,previous_day1,0.0,101.0,102.0,27.1,8.0,0.0,16.3,252.0
778178,2529,previous_day1,0.0,100.0,100.0,13.4,56.0,0.4,11.0,221.0
778181,19,previous_day1,0.0,112.0,125.0,6.4,93.0,0.0,8.8,348.0
778182,17,previous_day1,1.0,97.0,94.0,11.4,70.0,0.0,17.8,339.0
778183,3309,previous_day1,0.0,101.0,102.0,24.0,50.0,0.0,15.9,155.0
778184,2889,previous_day1,0.0,100.0,100.0,,,,,
778185,3313,previous_day1,0.0,100.0,100.0,,,,,
778186,3312,previous_day1,0.0,102.0,104.0,11.2,69.0,0.0,7.0,35.0
778187,7,previous_day1,0.0,104.0,108.0,16.1,79.0,0.0,17.0,355.0
778188,15,previous_day1,0.0,101.0,102.0,28.4,14.0,0.0,9.2,296.0
778189,3312,previous_day1,1.0,102.0,104.0,7.7,95.0,2.2,1.8,233.0
778190,7,previous_day1,1.0,104.0,108.0,24.8,56.0,0.0,12.0,187.0
778191,1,previous_day1,0.0,100.0,100.0,16.3,62.0,0.0,12.3,218.0
778192,2529,previous_day1,0.0,100.0,100.0,14.5,64.0,0.0,18.4,228.0
778193,3309,previous_day1,0.0,101.0,102.0,23.5,30.0,0.0,15.5,152.0
778194,2395,previous_day1,1.0,97.0,94.0,11.4,81.0,0.0,17.4,283.0
778196,3,previous_day1,1.0,107.0,114.0,18.1,38.0,0.0,13.0,96.0
778197,2529,previous_day1,0.0,100.0,100.0,18.2,55.0,0.0,15.9,219.0
778198,2395,previous_day1,0.0,97.0,94.0,11.7,82.0,0.0,22.7,280.0
778199,15,previous_day1,0.0,101.0,102.0,27.7,12.0,0.0,10.5,276.0
778200,2392,previous_day1,0.0,100.0,100.0,22.3,87.0,0.0,13.9,159.0
778201,3312,previous_day1,0.0,102.0,104.0,17.8,22.0,0.0,15.1,303.0
778202,1,previous_day1,0.0,100.0,100.0,15.2,75.0,0.0,10.6,246.0
778203,3289,previous_day1,1.0,97.0,94.0,,,,,
778204,3309,previous_day1,0.0,101.0,102.0,23.5,22.0,0.0,9.7,141.0
778205,17,previous_day1,0.0,97.0,94.0,18.8,75.0,0.0,10.2,113.0
778206,5,previous_day1,1.0,97.0,94.0,22.8,35.0,0.0,12.6,246.0
778207,3,previous_day1,0.0,107.0,114.0,18.8,24.0,0.0,14.7,301.0
778208,4169,previous_day1,1.0,101.0,102.0,,,,,
778209,2394,previous_day1,1.0,98.0,96.0,,,,,
778210,2395,previous_day1,0.0,97.0,94.0,13.5,69.0,0.0,20.6,275.0
778211,1,previous_day1,0.0,100.0,100.0,15.0,76.0,0.0,11.6,234.0
778212,15,previous_day1,0.0,101.0,102.0,28.0,7.0,0.0,8.4,290.0
778213,2529,previous_day1,0.0,100.0,100.0,21.8,50.0,0.0,16.6,236.0
778214,4705,previous_day1,1.0,100.0,100.0,22.7,72.0,0.0,2.2,99.0
778215,7,previous_day1,0.0,104.0,108.0,23.6,49.0,0.0,17.2,170.0
778216,3312,previous_day1,0.0,102.0,104.0,18.7,26.0,0.0,12.6,270.0
778217,2392,previous_day1,0.0,100.0,100.0,24.6,77.0,0.0,15.6,151.0
778218,5,previous_day1,0.0,97.0,94.0,15.6,28.0,0.0,6.6,338.0
778219,4169,previous_day1,0.0,101.0,102.0,,,,,
778220,17,previous_day1,0.0,97.0,94.0,20.7,49.0,0.0,14.1,232.0
778221,2394,previous_day1,0.0,98.0,96.0,,,,,
778222,3309,previous_day1,0.0,101.0,102.0,24.1,27.0,0.0,13.0,318.0
778223,3289,previous_day1,0.0,97.0,94.0,,,,,
778224,3,previous_day1,0.0,107.0,114.0,18.8,47.0,0.0,17.2,290.0
778225,3289,previous_day1,0.0,97.0,94.0,,,,,
778226,2395,previous_day1,0.0,97.0,94.0,18.6,45.0,0.0,21.5,284.0
778227,5,previous_day1,0.0,97.0,94.0,19.0,71.0,0.0,22.0,238.0
778228,2394,previous_day1,0.0,98.0,96.0,,,,,
778229,4705,previous_day1,0.0,100.0,100.0,20.2,79.0,0.0,2.2,99.0
778230,4169,previous_day1,0.0,101.0,102.0,,,,,
778231,2392,previous_day1,0.0,100.0,100.0,24.0,87.0,0.0,10.0,131.0
778232,1,previous_day1,1.0,100.0,100.0,23.4,44.0,0.0,14.0,252.0
778233,4705,previous_day1,0.0,100.0,100.0,26.9,48.0,0.0,14.3,225.0
778234,5325,previous_day1,1.0,101.0,102.0,,,,,
778235,19,previous_day1,1.0,112.0,125.0,16.5,22.0,0.0,19.6,343.0
778236,17,previous_day1,1.0,97.0,94.0,9.1,91.0,2.2,20.2,85.0
778237,2392,previous_day1,0.0,100.0,100.0,23.9,78.0,0.0,17.7,167.0
778238,3,previous_day1,1.0,107.0,114.0,13.2,26.0,0.0,7.3,169.0
778239,32,previous_day1,1.0,97.0,94.0,9.0,64.0,0.0,22.0,95.0
778240,2523,previous_day1,1.0,100.0,100.0,31.1,35.0,0.0,15.4,143.0
778241,14,previous_day1,1.0,100.0,100.0,7.6,54.0,0.0,13.8,152.0
778242,31,previous_day1,1.0,101.0,102.0,18.7,29.0,0.0,6.5,19.0
778243,1,previous_day1,0.0,100.0,100.0,18.3,46.0,0.0,11.3,297.0
778244,3289,previous_day1,1.0,97.0,94.0,,,,,
778245,3,previous_day1,1.0,107.0,114.0,14.2,27.0,0.0,29.5,305.0
778246,2394,previous_day1,1.0,98.0,96.0,,,,,
778247,19,previous_day1,1.0,112.0,125.0,7.8,43.0,0.0,5.5,191.0
778248,2681,previous_day1,1.0,101.0,102.0,20.6,24.0,0.0,15.8,325.0
778249,4705,previous_day1,1.0,100.0,100.0,28.4,45.0,0.0,13.0,166.0
778250,2,previous_day1,1.0,99.0,98.0,23.2,32.0,0.0,10.0,330.0
778251,5325,previous_day1,1.0,101.0,102.0,,,,,
778252,2681,previous_day1,1.0,101.0,102.0,23.6,54.0,0.0,22.3,203.0
778253,32,previous_day1,0.0,97.0,94.0,11.4,44.0,0.0,16.6,309.0
778254,31,previous_day1,1.0,101.0,102.0,25.2,57.0,0.0,34.7,239.0
778255,2523,previous_day1,1.0,100.0,100.0,32.3,30.0,0.0,19.1,91.0
778256,3289,previous_day1,1.0,97.0,94.0,,,,,
778257,17,previous_day1,1.0,97.0,94.0,11.0,83.0,0.0,8.6,57.0
778258,14,previous_day1,1.0,100.0,100.0,14.7,62.0,0.0,27.2,278.0
778259,2392,previous_day1,0.0,100.0,100.0,27.1,62.0,0.0,23.8,160.0
778260,1,previous_day1,0.0,100.0,100.0,14.2,68.0,0.0,9.4,223.0
778261,32,previous_day1,0.0,97.0,94.0,18.4,91.0,0.0,2.5,315.0
778262,2,previous_day1,1.0,99.0,98.0,31.0,34.0,0.0,26.0,225.0
778263,5325,previous_day1,0.0,101.0,102.0,,,,,
778264,3,previous_day1,1.0,107.0,114.0,26.1,50.0,0.0,31.8,232.0
778265,2394,previous_day1,1.0,98.0,96.0,,,,,
778267,4705,previous_day1,0.0,100.0,100.0,28.6,36.0,0.0,11.3,211.0
778268,17,previous_day1,1.0,97.0,94.0,24.1,70.0,0.0,25.1,212.0
778269,2392,previous_day1,0.0,100.0,100.0,24.7,75.0,0.0,20.6,164.0
778270,3289,previous_day1,0.0,97.0,94.0,,,,,
778271,31,previous_day1,0.0,101.0,102.0,26.6,28.0,0.0,19.5,192.0
778272,2523,previous_day1,0.0,100.0,100.0,28.8,38.0,0.0,10.7,318.0
778273,14,previous_day1,0.0,100.0,100.0,13.3,79.0,2.5,13.0,90.0
778274,2681,previous_day1,0.0,101.0,102.0,18.8,45.0,0.0,21.0,167.0
778275,3,previous_day1,0.0,107.0,114.0,16.7,30.0,0.0,19.2,193.0
778276,2,previous_day1,0.0,99.0,98.0,20.0,51.0,0.0,18.1,157.0
778277,2394,previous_day1,0.0,98.0,96.0,,,,,
778278,3289,previous_day1,0.0,97.0,94.0,,,,,
778279,2681,previous_day1,1.0,101.0,102.0,16.8,17.0,0.0,18.8,282.0
778280,31,previous_day1,1.0,101.0,102.0,13.1,36.0,0.0,9.2,259.0
778281,5325,previous_day1,0.0,101.0,102.0,,,,,
778282,2523,previous_day1,0.0,100.0,100.0,27.0,25.0,0.0,16.0,306.0
778283,4,previous_day1,1.0,99.0,98.0,,,,,
778284,4705,previous_day1,0.0,100.0,100.0,26.7,30.0,0.0,17.4,174.0
778285,2602,previous_day1,1.0,105.0,110.0,,,,,
778286,2394,previous_day1,0.0,98.0,96.0,,,,,
778287,22,previous_day1,0.0,100.0,100.0,13.2,68.0,0.0,13.6,258.0
778288,2680,previous_day1,1.0,96.0,92.0,18.1,54.0,0.0,13.8,242.0
778289,5325,previous_day1,0.0,101.0,102.0,,,,,
778290,2889,previous_day1,1.0,100.0,100.0,,,,,
778291,4169,previous_day1,1.0,101.0,102.0,,,,,
778292,2,previous_day1,0.0,99.0,98.0,17.3,18.0,0.0,9.1,261.0
778293,31,previous_day1,0.0,101.0,102.0,6.1,60.0,0.0,13.5,279.0
778294,4,previous_day1,0.0,99.0,98.0,,,,,
778295,32,previous_day1,1.0,97.0,94.0,7.8,43.0,0.0,4.8,77.0
778296,2681,previous_day1,0.0,101.0,102.0,9.0,42.0,0.0,23.5,281.0
778297,14,previous_day1,1.0,100.0,100.0,3.0,59.0,0.0,25.3,300.0
778298,2523,previous_day1,0.0,100.0,100.0,24.1,24.0,0.0,18.2,308.0
778299,3312,previous_day1,1.0,102.0,104.0,10.6,46.0,0.0,15.3,139.0
778300,3313,previous_day1,0.0,100.0,100.0,,,,,
778301,2,previous_day1,0.0,99.0,98.0,9.4,39.0,0.0,23.5,291.0
778302,22,previous_day1,0.0,100.0,100.0,12.7,76.0,0.0,12.2,256.0
778303,4169,previous_day1,0.0,101.0,102.0,,,,,
778304,2602,previous_day1,0.0,105.0,110.0,,,,,
778305,2680,previous_day1,0.0,96.0,92.0,14.5,73.0,0.0,9.2,291.0
778306,5325,previous_day1,0.0,101.0,102.0,,,,,
778307,3312,previous_day1,0.0,102.0,104.0,9.9,33.0,0.0,18.5,327.0
778308,2889,previous_day1,0.0,100.0,100.0,,,,,
778309,4,previous_day1,0.0,99.0,98.0,,,,,
778310,32,previous_day1,0.0,97.0,94.0,5.3,58.0,0.0,22.2,310.0
778311,14,previous_day1,0.0,100.0,100.0,2.9,69.0,0.0,23.8,272.0
778312,3313,previous_day1,0.0,100.0,100.0,,,,,
778313,2681,previous_day1,0.0,101.0,102.0,10.0,67.0,0.0,22.7,266.0
778314,31,previous_day1,0.0,101.0,102.0,5.3,72.0,0.7,24.5,267.0
778315,2680,previous_day1,0.0,96.0,92.0,14.8,74.0,0.0,8.3,252.0
778316,2602,previous_day1,0.0,105.0,110.0,,,,,
778317,2,previous_day1,0.0,99.0,98.0,11.0,56.0,0.0,31.6,277.0
778318,4169,previous_day1,0.0,101.0,102.0,,,,,
778319,2523,previous_day1,0.0,100.0,100.0,23.3,59.0,0.0,16.1,280.0
778320,2681,previous_day1,0.0,101.0,102.0,12.6,89.0,0.0,2.3,129.0
778321,31,previous_day1,0.0,101.0,102.0,23.2,49.0,0.0,18.0,268.0
778322,14,previous_day1,0.0,100.0,100.0,10.3,83.0,0.0,3.7,151.0
778323,32,previous_day1,0.0,97.0,94.0,11.1,44.0,0.0,24.9,273.0
778324,3312,previous_day1,0.0,102.0,104.0,8.2,47.0,0.0,29.1,311.0
778325,2889,previous_day1,0.0,100.0,100.0,,,,,
778326,22,previous_day1,0.0,100.0,100.0,14.1,76.0,0.0,12.0,249.0
778327,3313,previous_day1,0.0,100.0,100.0,,,,,
778328,2523,previous_day1,0.0,100.0,100.0,24.5,48.0,0.0,14.1,255.0
778329,2392,previous_day1,1.0,100.0,100.0,27.0,51.0,0.0,19.2,188.0
778330,2680,previous_day1,1.0,96.0,92.0,19.4,68.0,0.0,11.5,266.0
778331,22,previous_day1,1.0,100.0,100.0,21.9,53.0,0.0,13.0,246.0
778332,15,previous_day1,1.0,101.0,102.0,33.8,5.0,0.0,11.5,256.0
778333,2529,previous_day1,1.0,100.0,100.0,26.5,22.0,0.0,18.4,1.0
778334,680,previous_day1,1.0,91.0,83.0,13.2,64.0,0.0,10.5,356.0
778335,3312,previous_day1,1.0,102.0,104.0,18.0,63.0,0.0,9.7,202.0
778336,2889,previous_day1,1.0,100.0,100.0,,,,,
778337,4169,previous_day1,1.0,101.0,102.0,,,,,
778338,4,previous_day1,1.0,99.0,98.0,,,,,
778339,3313,previous_day1,1.0,100.0,100.0,,,,,
778340,2523,previous_day1,1.0,100.0,100.0,26.0,25.0,0.0,8.9,339.0
778341,680,previous_day1,0.0,91.0,83.0,8.7,62.0,0.0,7.7,11.0
778342,5,previous_day1,1.0,97.0,94.0,13.0,42.0,0.0,6.7,196.0
778343,2602,previous_day1,1.0,105.0,110.0,,,,,
778344,2,previous_day1,1.0,99.0,98.0,12.1,64.0,0.0,19.9,316.0
778345,22,previous_day1,0.0,100.0,100.0,18.5,65.0,0.0,11.0,251.0
778346,2529,previous_day1,1.0,100.0,100.0,21.7,49.0,0.0,8.0,280.0
778347,2889,previous_day1,1.0,100.0,100.0,,,,,
778348,3312,previous_day1,1.0,102.0,104.0,16.0,55.0,0.0,22.3,170.0
778349,4,previous_day1,1.0,99.0,98.0,,,,,
778350,15,previous_day1,0.0,101.0,102.0,35.9,3.0,0.0,20.4,253.0
778351,2392,previous_day1,0.0,100.0,100.0,24.9,45.0,0.0,12.7,115.0
778352,2680,previous_day1,0.0,96.0,92.0,15.1,89.0,0.0,8.7,218.0
778353,2523,previous_day1,1.0,100.0,100.0,22.5,37.0,0.0,21.5,301.0
778354,4169,previous_day1,1.0,101.0,102.0,,,,,
778355,3313,previous_day1,1.0,100.0,100.0,,,,,
778356,22,previous_day1,0.0,100.0,100.0,21.8,45.0,0.0,7.6,245.0
778357,2602,previous_day1,0.0,105.0,110.0,,,,,
778358,2529,previous_day1,0.0,100.0,100.0,20.3,55.0,0.0,16.8,227.0
778359,5,previous_day1,0.0,97.0,94.0,6.1,81.0,0.0,6.3,336.0
778360,680,previous_day1,0.0,91.0,83.0,7.7,71.0,0.0,9.4,7.0
778361,2680,previous_day1,0.0,96.0,92.0,16.2,85.0,0.0,7.6,205.0
778362,2,previous_day1,1.0,99.0,98.0,9.5,78.0,0.0,16.5,349.0
778363,3312,previous_day1,0.0,102.0,104.0,11.7,52.0,0.0,9.1,187.0
778364,15,previous_day1,0.0,101.0,102.0,31.8,4.0,0.0,9.2,315.0
778365,2889,previous_day1,0.0,100.0,100.0,,,,,
778366,4,previous_day1,0.0,99.0,98.0,,,,,
778367,2523,previous_day1,0.0,100.0,100.0,22.5,56.0,0.0,17.9,242.0
778368,2392,previous_day1,0.0,100.0,100.0,24.2,38.0,0.0,10.1,2.0
778369,4169,previous_day1,0.0,101.0,102.0,,,,,
778370,3313,previous_day1,0.0,100.0,100.0,,,,,
778371,19,previous_day1,1.0,112.0,125.0,18.1,14.0,0.0,6.3,66.0
778373,7,previous_day1,1.0,104.0,108.0,19.9,29.0,0.0,32.0,322.0
778374,2602,previous_day1,0.0,105.0,110.0,,,,,
778375,5,previous_day1,0.0,97.0,94.0,4.4,84.0,0.0,10.5,4.0
778376,2395,previous_day1,1.0,97.0,94.0,19.2,57.0,0.0,14.4,283.0
778377,3,previous_day1,1.0,107.0,114.0,9.9,44.0,0.0,12.6,88.0
778378,5,previous_day1,1.0,97.0,94.0,5.5,92.0,0.4,6.8,90.0
778379,19,previous_day1,0.0,112.0,125.0,20.0,11.0,0.0,15.5,338.0
778380,15,previous_day1,1.0,101.0,102.0,34.3,5.0,0.0,4.4,235.0
778381,2529,previous_day1,1.0,100.0,100.0,24.9,35.0,0.0,6.8,328.0
778382,2523,previous_day1,1.0,100.0,100.0,27.0,26.0,0.0,8.8,325.0
778383,680,previous_day1,1.0,91.0,83.0,11.5,74.0,0.0,3.6,307.0
778384,4705,previous_day1,0.0,100.0,100.0,15.8,69.0,0.0,16.3,329.0
778385,17,previous_day1,1.0,97.0,94.0,5.7,71.0,0.7,21.0,174.0
778386,3,previous_day1,0.0,107.0,114.0,3.9,43.0,0.0,8.6,255.0
778387,2394,previous_day1,1.0,98.0,96.0,,,,,
778388,7,previous_day1,0.0,104.0,108.0,22.4,28.0,0.0,10.2,315.0
778389,31,previous_day1,1.0,101.0,102.0,8.3,31.0,0.0,13.5,261.0
778390,3289,previous_day1,1.0,97.0,94.0,,,,,
778391,5,previous_day1,0.0,97.0,94.0,6.6,42.0,0.0,11.4,13.0
778392,3309,previous_day1,1.0,101.0,102.0,12.0,26.0,0.0,7.8,214.0
778393,4705,previous_day1,0.0,100.0,100.0,15.9,52.0,0.0,8.1,167.0
778394,19,previous_day1,0.0,112.0,125.0,19.5,13.0,0.0,5.9,346.0
778395,2529,previous_day1,0.0,100.0,100.0,22.1,37.0,0.0,3.5,294.0
778396,15,previous_day1,0.0,101.0,102.0,27.8,6.0,0.0,9.2,301.0
778397,2395,previous_day1,0.0,97.0,94.0,13.5,71.0,0.0,19.2,293.0
778398,680,previous_day1,0.0,91.0,83.0,9.5,81.0,0.0,25.2,233.0
778399,2523,previous_day1,0.0,100.0,100.0,20.7,45.0,0.0,18.1,313.0
778400,7,previous_day1,0.0,104.0,108.0,14.9,32.0,0.0,20.9,169.0
778401,17,previous_day1,0.0,97.0,94.0,2.0,57.0,0.0,15.2,104.0
778402,5,previous_day1,1.0,97.0,94.0,0.8,41.0,0.0,17.1,292.0
778403,2394,previous_day1,1.0,98.0,96.0,,,,,
778404,3,previous_day1,0.0,107.0,114.0,-0.2,68.0,0.0,23.1,255.0
778405,680,previous_day1,0.0,91.0,83.0,8.6,77.0,0.0,15.3,219.0
778406,4705,previous_day1,0.0,100.0,100.0,9.3,64.0,0.0,17.1,325.0
778407,3289,previous_day1,1.0,97.0,94.0,,,,,
778408,31,previous_day1,0.0,101.0,102.0,-0.2,54.0,0.0,16.8,301.0
778409,3309,previous_day1,0.0,101.0,102.0,4.0,37.0,0.0,24.6,308.0
778410,2395,previous_day1,0.0,97.0,94.0,13.1,80.0,0.0,17.1,295.0
778411,17,previous_day1,0.0,97.0,94.0,0.1,68.0,0.0,18.9,352.0
778412,7,previous_day1,0.0,104.0,108.0,11.8,25.0,0.0,18.2,9.0
778413,15,previous_day1,0.0,101.0,102.0,25.5,7.0,0.0,9.2,239.0
778414,2529,previous_day1,0.0,100.0,100.0,18.2,50.0,0.0,14.0,269.0
778415,31,previous_day1,0.0,101.0,102.0,8.7,71.0,0.0,14.3,231.0
778416,3289,previous_day1,0.0,97.0,94.0,,,,,
778417,2523,previous_day1,0.0,100.0,100.0,16.7,70.0,0.0,11.3,297.0
778418,3309,previous_day1,0.0,101.0,102.0,9.4,85.0,0.0,9.2,321.0
778419,3312,previous_day1,1.0,102.0,104.0,12.0,44.0,0.0,16.8,260.0
778420,5325,previous_day1,1.0,101.0,102.0,,,,,
778421,32,previous_day1,1.0,97.0,94.0,9.4,42.0,0.0,14.9,263.0
778422,7,previous_day1,1.0,104.0,108.0,8.9,34.0,0.0,10.7,14.0
778423,19,previous_day1,1.0,112.0,125.0,12.4,16.0,0.0,9.4,7.0
778424,2394,previous_day1,1.0,98.0,96.0,,,,,
778425,1,previous_day1,1.0,100.0,100.0,27.5,16.0,0.0,12.2,236.0
778426,3,previous_day1,0.0,107.0,114.0,2.8,92.0,0.0,15.4,53.0
778427,2395,previous_day1,1.0,97.0,94.0,16.4,50.0,0.0,15.2,275.0
778428,31,previous_day1,1.0,101.0,102.0,3.7,83.0,0.0,16.3,335.0
778429,3309,previous_day1,1.0,101.0,102.0,20.8,64.0,0.0,18.5,333.0
778430,17,previous_day1,1.0,97.0,94.0,5.9,58.0,0.0,10.3,119.0
778432,3,previous_day1,0.0,107.0,114.0,9.9,81.0,0.0,9.8,278.0
778433,2394,previous_day1,1.0,98.0,96.0,,,,,
778434,2681,previous_day1,1.0,101.0,102.0,13.0,78.0,0.0,8.6,360.0
778435,3289,previous_day1,1.0,97.0,94.0,,,,,
778436,2395,previous_day1,0.0,97.0,94.0,14.1,62.0,0.0,25.7,285.0
778437,1,previous_day1,0.0,100.0,100.0,21.5,15.0,0.0,9.8,276.0
778438,5325,previous_day1,0.0,101.0,102.0,,,,,
778439,32,previous_day1,0.0,97.0,94.0,6.8,64.0,0.0,14.7,329.0
778440,3312,previous_day1,1.0,102.0,104.0,3.7,45.0,0.0,24.7,317.0
778441,7,previous_day1,1.0,104.0,108.0,7.3,73.0,0.0,29.3,6.0
778442,19,previous_day1,0.0,112.0,125.0,4.7,43.0,0.0,4.3,318.0
778444,2395,previous_day1,1.0,97.0,94.0,19.5,38.0,0.0,19.0,299.0
778445,2394,previous_day1,1.0,98.0,96.0,,,,,
778446,3289,previous_day1,0.0,97.0,94.0,,,,,
778447,1,previous_day1,0.0,100.0,100.0,18.7,26.0,0.0,11.9,275.0
778448,2681,previous_day1,1.0,101.0,102.0,11.8,93.0,0.0,11.9,88.0
778449,31,previous_day1,1.0,101.0,102.0,21.9,76.0,0.0,17.0,216.0
778450,17,previous_day1,1.0,97.0,94.0,9.7,79.0,0.0,16.3,354.0
778451,4705,previous_day1,0.0,100.0,100.0,28.3,40.0,0.0,21.6,206.0
778452,3309,previous_day1,1.0,101.0,102.0,22.4,82.0,0.0,6.9,43.0
778453,32,previous_day1,0.0,97.0,94.0,5.6,76.0,0.0,12.7,35.0
778454,5325,previous_day1,0.0,101.0,102.0,,,,,
778455,7,previous_day1,0.0,104.0,108.0,7.1,89.0,0.0,16.4,26.0
778456,19,previous_day1,1.0,112.0,125.0,4.2,83.0,0.0,22.8,5.0
778457,3309,previous_day1,0.0,101.0,102.0,20.0,64.0,0.0,12.1,23.0
778458,2394,previous_day1,1.0,98.0,96.0,,,,,
778459,2681,previous_day1,0.0,101.0,102.0,14.7,80.0,0.0,4.2,340.0
778460,17,previous_day1,1.0,97.0,94.0,6.5,86.0,0.0,16.2,73.0
778461,31,previous_day1,1.0,101.0,102.0,12.4,77.0,0.0,9.0,67.0
778462,3312,previous_day1,1.0,102.0,104.0,4.8,81.0,0.0,14.1,310.0
778463,3,previous_day1,1.0,107.0,114.0,14.5,51.0,0.0,23.2,296.0
778464,4705,previous_day1,0.0,100.0,100.0,28.7,47.0,0.0,11.6,185.0
778465,3289,previous_day1,1.0,97.0,94.0,,,,,
778466,3313,previous_day1,0.0,100.0,100.0,,,,,
778467,2681,previous_day1,1.0,101.0,102.0,19.0,92.0,0.0,17.7,204.0
778468,32,previous_day1,0.0,97.0,94.0,5.4,85.0,0.0,9.6,283.0
778469,680,previous_day1,1.0,91.0,83.0,8.9,73.0,0.0,11.3,233.0
778470,2,previous_day1,1.0,99.0,98.0,22.7,86.0,0.0,21.9,205.0
778471,2529,previous_day1,1.0,100.0,100.0,15.3,45.0,0.0,11.6,334.0
778472,22,previous_day1,0.0,100.0,100.0,17.5,22.0,0.0,16.5,314.0
778473,2889,previous_day1,1.0,100.0,100.0,,,,,
778474,4,previous_day1,1.0,99.0,98.0,,,,,
778475,2392,previous_day1,1.0,100.0,100.0,24.8,74.0,0.0,22.4,184.0
778476,2680,previous_day1,1.0,96.0,92.0,15.4,51.0,0.0,25.5,303.0
778477,32,previous_day1,1.0,97.0,94.0,3.8,96.0,0.0,25.1,125.0
778478,14,previous_day1,1.0,100.0,100.0,1.5,83.0,0.4,38.4,67.0
778479,2523,previous_day1,1.0,100.0,100.0,30.7,54.0,0.0,17.4,146.0
778480,2602,previous_day1,1.0,105.0,110.0,,,,,
778481,4169,previous_day1,1.0,101.0,102.0,,,,,
778482,2681,previous_day1,0.0,101.0,102.0,10.2,52.0,0.0,17.3,121.0
778483,2,previous_day1,0.0,99.0,98.0,11.7,55.0,0.0,13.5,151.0
778484,3313,previous_day1,0.0,100.0,100.0,,,,,
778485,2680,previous_day1,0.0,96.0,92.0,13.3,66.0,0.0,17.4,297.0
778486,680,previous_day1,0.0,91.0,83.0,7.9,88.0,2.2,11.5,160.0
778487,22,previous_day1,0.0,100.0,100.0,13.5,47.0,0.0,18.9,284.0
778488,32,previous_day1,0.0,97.0,94.0,4.3,61.0,0.0,18.4,116.0
778489,2392,previous_day1,0.0,100.0,100.0,23.3,86.0,0.0,19.0,161.0
778490,4,previous_day1,0.0,99.0,98.0,,,,,
778491,14,previous_day1,0.0,100.0,100.0,0.1,57.0,0.0,11.5,4.0
778492,3313,previous_day1,0.0,100.0,100.0,,,,,
778493,2523,previous_day1,0.0,100.0,100.0,25.8,70.0,0.0,8.7,228.0
778494,2529,previous_day1,0.0,100.0,100.0,11.8,60.0,0.0,5.1,356.0
778495,2889,previous_day1,0.0,100.0,100.0,,,,,
778496,680,previous_day1,0.0,91.0,83.0,8.6,81.0,0.0,15.8,235.0
778497,4169,previous_day1,0.0,101.0,102.0,,,,,
778498,2602,previous_day1,0.0,105.0,110.0,,,,,
778499,2680,previous_day1,0.0,96.0,92.0,13.3,100.0,0.0,11.2,312.0
778500,22,previous_day1,0.0,100.0,100.0,13.7,81.0,0.0,10.9,253.0
778501,2529,previous_day1,0.0,100.0,100.0,8.9,80.0,0.0,12.8,238.0
778502,2681,previous_day1,1.0,101.0,102.0,25.9,47.0,0.0,28.4,209.0
778503,2889,previous_day1,0.0,100.0,100.0,,,,,
778504,32,previous_day1,1.0,97.0,94.0,3.4,70.0,0.0,16.6,330.0
778505,2392,previous_day1,0.0,100.0,100.0,24.4,81.0,0.0,7.4,23.0
778506,4,previous_day1,1.0,99.0,98.0,,,,,
778507,14,previous_day1,0.0,100.0,100.0,1.4,86.0,0.0,14.8,319.0
778508,2523,previous_day1,0.0,100.0,100.0,23.9,80.0,0.0,18.8,267.0
778509,4169,previous_day1,0.0,101.0,102.0,,,,,
778510,7,previous_day1,1.0,104.0,108.0,7.1,88.0,0.0,22.9,314.0
778511,2602,previous_day1,0.0,105.0,110.0,,,,,
778512,2,previous_day1,1.0,99.0,98.0,24.4,56.0,0.0,16.8,223.0
778513,680,previous_day1,1.0,91.0,83.0,15.1,48.0,0.0,17.9,130.0
778514,2680,previous_day1,1.0,96.0,92.0,17.2,60.0,0.0,16.1,312.0
778515,15,previous_day1,1.0,101.0,102.0,26.3,11.0,0.0,20.7,253.0
778516,5325,previous_day1,1.0,101.0,102.0,,,,,
778517,2889,previous_day1,1.0,100.0,100.0,,,,,
778518,2392,previous_day1,0.0,100.0,100.0,20.9,84.0,0.0,8.9,130.0
778519,4169,previous_day1,1.0,101.0,102.0,,,,,
778520,2680,previous_day1,1.0,96.0,92.0,17.4,60.0,0.0,11.6,248.0
778521,680,previous_day1,0.0,91.0,83.0,8.8,81.0,0.0,5.2,196.0
778522,2602,previous_day1,1.0,105.0,110.0,,,,,
778523,3313,previous_day1,1.0,100.0,100.0,,,,,
778524,2523,previous_day1,1.0,100.0,100.0,25.8,80.0,0.0,21.7,195.0
778525,14,previous_day1,1.0,100.0,100.0,3.0,97.0,0.0,17.7,77.0
778526,3309,previous_day1,1.0,101.0,102.0,26.5,40.0,0.0,23.5,198.0
778527,4,previous_day1,1.0,99.0,98.0,,,,,
778528,2889,previous_day1,1.0,100.0,100.0,,,,,
778529,7,previous_day1,1.0,104.0,108.0,24.7,54.0,0.0,27.7,167.0
778530,2392,previous_day1,0.0,100.0,100.0,27.1,60.0,0.0,7.2,162.0
778531,5325,previous_day1,0.0,101.0,102.0,,,,,
778532,15,previous_day1,0.0,101.0,102.0,25.7,14.0,0.0,18.2,279.0
778533,22,previous_day1,0.0,100.0,100.0,16.5,39.0,0.0,13.0,236.0
778534,4,previous_day1,1.0,99.0,98.0,,,,,
778535,3309,previous_day1,1.0,101.0,102.0,29.6,23.0,0.0,20.7,220.0
778536,14,previous_day1,1.0,100.0,100.0,0.4,92.0,0.0,22.0,72.0
778537,2523,previous_day1,1.0,100.0,100.0,30.5,33.0,0.0,13.1,82.0
778538,3313,previous_day1,1.0,100.0,100.0,,,,,
778539,4169,previous_day1,1.0,101.0,102.0,,,,,
778540,2602,previous_day1,1.0,105.0,110.0,,,,,
778541,680,previous_day1,0.0,91.0,83.0,8.6,82.0,0.0,17.3,203.0
778542,2680,previous_day1,0.0,96.0,92.0,14.4,73.0,0.0,13.4,294.0
778543,15,previous_day1,0.0,101.0,102.0,23.4,14.0,0.0,13.3,257.0
778544,22,previous_day1,0.0,100.0,100.0,15.7,61.0,0.0,7.5,215.0
778545,2680,previous_day1,1.0,96.0,92.0,18.3,68.0,0.0,15.5,318.0
778546,22,previous_day1,1.0,100.0,100.0,18.3,64.0,0.0,11.4,246.0
778547,680,previous_day1,0.0,91.0,83.0,11.3,86.0,3.6,18.1,211.0
778548,4169,previous_day1,0.0,101.0,102.0,,,,,
778549,14,previous_day1,0.0,100.0,100.0,1.9,82.0,0.0,19.0,61.0
778550,5325,previous_day1,0.0,101.0,102.0,,,,,
778551,2889,previous_day1,1.0,100.0,100.0,,,,,
778552,15,previous_day1,0.0,101.0,102.0,27.5,13.0,0.0,9.7,272.0
778553,5325,previous_day1,1.0,101.0,102.0,,,,,
778554,4,previous_day1,1.0,99.0,98.0,,,,,
778555,3309,previous_day1,1.0,101.0,102.0,15.2,19.0,0.0,16.3,265.0
778556,14,previous_day1,1.0,100.0,100.0,10.4,38.0,0.0,24.3,204.0
778557,3313,previous_day1,1.0,100.0,100.0,,,,,
778558,7,previous_day1,1.0,104.0,108.0,27.5,43.0,0.0,26.8,213.0
778559,2392,previous_day1,1.0,100.0,100.0,22.5,71.0,0.0,18.7,128.0
778560,2523,previous_day1,1.0,100.0,100.0,28.3,31.0,0.0,20.5,92.0
778561,2602,previous_day1,1.0,105.0,110.0,,,,,
778562,4169,previous_day1,1.0,101.0,102.0,,,,,
778563,2397,previous_day1,0.0,100.0,100.0,8.8,54.0,0.0,5.5,122.0
778564,2397,previous_day1,0.0,100.0,100.0,7.6,54.0,0.0,12.1,330.0
822686,3309,previous_day1,1.0,101.0,102.0,35.1,50.0,0.0,4.4,35.0
822687,3309,previous_day1,0.0,101.0,102.0,32.5,43.0,0.0,6.5,276.0
822688,3309,previous_day1,1.0,101.0,102.0,28.9,60.0,0.0,16.3,194.0
822689,3309,previous_day1,0.0,101.0,102.0,30.0,49.0,0.0,6.6,61.0
822690,3309,previous_day1,1.0,101.0,102.0,29.1,44.0,0.0,8.7,132.0
822691,3309,previous_day1,0.0,101.0,102.0,27.1,78.0,0.0,4.2,59.0
822692,3309,previous_day1,0.0,101.0,102.0,28.3,40.0,0.0,7.5,145.0
822693,3309,previous_day1,0.0,101.0,102.0,27.4,38.0,0.0,5.8,353.0
822694,3309,previous_day1,1.0,101.0,102.0,31.8,54.0,0.0,17.2,190.0
822695,3309,previous_day1,0.0,101.0,102.0,26.8,37.0,0.0,10.2,293.0
822696,3309,previous_day1,1.0,101.0,102.0,33.3,41.0,0.0,13.4,306.0
822697,3309,previous_day1,0.0,101.0,102.0,32.6,39.0,0.0,11.4,259.0
822698,3309,previous_day1,0.0,101.0,102.0,31.3,45.0,0.0,5.1,184.0
822699,3309,previous_day1,0.0,101.0,102.0,24.0,89.0,1.4,17.3,272.0
822700,3309,previous_day1,1.0,101.0,102.0,31.5,61.0,0.0,10.6,260.0
822701,3309,previous_day1,0.0,101.0,102.0,24.4,87.0,0.0,13.7,180.0
822702,3309,previous_day1,1.0,101.0,102.0,28.5,46.0,0.0,23.1,307.0
822703,3309,previous_day1,0.0,101.0,102.0,27.3,76.0,0.0,18.1,174.0
822704,3309,previous_day1,1.0,101.0,102.0,30.1,45.0,0.0,9.0,95.0
822705,3309,previous_day1,0.0,101.0,102.0,31.9,38.0,0.0,8.3,108.0
822706,3309,previous_day1,1.0,101.0,102.0,29.1,55.0,0.0,6.2,144.0
822707,3309,previous_day1,0.0,101.0,102.0,26.7,37.0,0.0,12.6,103.0
822708,3309,previous_day1,1.0,101.0,102.0,30.2,50.0,0.0,13.3,90.0
822709,3309,previous_day1,0.0,101.0,102.0,26.1,83.0,0.0,7.4,23.0
822710,3309,previous_day1,0.0,101.0,102.0,29.1,58.0,0.0,9.8,204.0
822711,3309,previous_day1,1.0,101.0,102.0,31.8,53.0,0.0,8.2,299.0
822712,3309,previous_day1,0.0,101.0,102.0,28.3,75.0,0.0,11.7,43.0
822713,3309,previous_day1,0.0,101.0,102.0,29.7,59.0,0.0,2.3,342.0
822714,3309,previous_day1,0.0,101.0,102.0,40.1,28.0,0.0,11.8,243.0
822715,3309,previous_day1,1.0,101.0,102.0,35.6,43.0,0.0,4.7,212.0
822716,3309,previous_day1,1.0,101.0,102.0,37.7,33.0,0.0,3.9,34.0
822717,3309,previous_day1,0.0,101.0,102.0,30.2,37.0,0.0,17.4,153.0
822718,3309,previous_day1,0.0,101.0,102.0,21.4,85.0,0.0,17.7,340.0
822719,3309,previous_day1,0.0,101.0,102.0,27.4,36.0,0.0,5.4,270.0
822720,3309,previous_day1,0.0,101.0,102.0,27.6,72.0,0.0,9.1,198.0
822721,3309,previous_day1,1.0,101.0,102.0,30.6,31.0,0.0,15.0,249.0
822722,3309,previous_day1,1.0,101.0,102.0,34.0,36.0,0.0,20.2,202.0
822723,3309,previous_day1,0.0,101.0,102.0,27.5,27.0,0.0,5.8,184.0
822724,3309,previous_day1,0.0,101.0,102.0,23.4,46.0,0.0,12.1,323.0
822725,3309,previous_day1,1.0,101.0,102.0,33.3,25.0,0.0,12.2,268.0
822726,3309,previous_day1,0.0,101.0,102.0,35.0,40.0,0.0,14.8,276.0
822727,3309,previous_day1,1.0,101.0,102.0,26.4,27.0,0.0,18.4,358.0
822728,3309,previous_day1,0.0,101.0,102.0,23.5,27.0,0.0,11.7,351.0
822729,3309,previous_day1,1.0,101.0,102.0,24.0,21.0,0.0,4.4,351.0
822730,3309,previous_day1,0.0,101.0,102.0,25.0,30.0,0.0,15.6,23.0
822731,3309,previous_day1,1.0,101.0,102.0,22.2,36.0,0.0,23.3,351.0
822732,3309,previous_day1,0.0,101.0,102.0,26.2,36.0,0.0,14.0,258.0
822733,3309,previous_day1,1.0,101.0,102.0,15.8,89.0,0.0,17.8,42.0
822734,3309,previous_day1,0.0,101.0,102.0,34.9,26.0,0.0,13.8,165.0
822735,3309,previous_day1,0.0,101.0,102.0,25.6,65.0,0.4,14.8,359.0
822736,3309,previous_day1,0.0,101.0,102.0,32.5,34.0,0.0,5.5,169.0
822737,3309,previous_day1,1.0,101.0,102.0,30.0,27.0,0.0,15.5,224.0
822738,3309,previous_day1,1.0,101.0,102.0,31.1,41.0,0.0,10.1,287.0
822739,3309,previous_day1,0.0,101.0,102.0,21.4,35.0,0.0,11.8,310.0
822740,3309,previous_day1,0.0,101.0,102.0,20.8,86.0,0.0,5.5,349.0
822741,3309,previous_day1,1.0,101.0,102.0,13.0,58.0,0.0,6.3,24.0
822742,3309,previous_day1,1.0,101.0,102.0,15.5,24.0,0.0,20.5,294.0
822743,3309,previous_day1,0.0,101.0,102.0,27.4,21.0,0.0,24.9,198.0
822744,3309,previous_day1,0.0,101.0,102.0,18.6,26.0,0.0,14.2,159.0
822745,3309,previous_day1,1.0,101.0,102.0,26.7,35.0,0.0,12.6,307.0
822746,3309,previous_day1,1.0,101.0,102.0,16.9,24.0,0.0,16.8,301.0
822747,3309,previous_day1,0.0,101.0,102.0,15.8,22.0,0.0,11.6,164.0
822748,3309,previous_day1,0.0,101.0,102.0,24.4,35.0,0.0,9.9,316.0
822749,3309,previous_day1,0.0,101.0,102.0,10.3,29.0,0.0,18.2,321.0
822750,3309,previous_day1,1.0,101.0,102.0,12.2,57.0,0.0,25.6,298.0
822751,3309,previous_day1,1.0,101.0,102.0,29.0,37.0,0.0,19.1,136.0
822752,3309,previous_day1,0.0,101.0,102.0,25.5,41.0,0.0,14.8,357.0
822753,3309,previous_day1,1.0,101.0,102.0,12.0,24.0,0.0,12.5,102.0
822754,3309,previous_day1,0.0,101.0,102.0,8.1,28.0,0.0,20.1,324.0
822755,3309,previous_day1,0.0,101.0,102.0,13.7,37.0,0.0,19.2,283.0
822756,3309,previous_day1,1.0,101.0,102.0,20.1,93.0,0.4,14.2,261.0
822757,3309,previous_day1,1.0,101.0,102.0,30.0,35.0,0.0,14.0,192.0
822758,3309,previous_day1,1.0,101.0,102.0,24.3,59.0,0.0,24.0,199.0
822766,14,previous_day1,1.0,100.0,100.0,19.7,91.0,1.1,12.8,212.0
822769,14,previous_day1,0.0,100.0,100.0,19.2,57.0,0.0,7.7,131.0
822770,14,previous_day1,1.0,100.0,100.0,23.5,57.0,0.0,15.1,177.0
822771,14,previous_day1,0.0,100.0,100.0,25.5,52.0,0.0,14.8,276.0
822772,14,previous_day1,0.0,100.0,100.0,20.0,78.0,0.0,15.0,101.0
822773,14,previous_day1,0.0,100.0,100.0,19.4,83.0,0.0,2.3,129.0
822774,14,previous_day1,1.0,100.0,100.0,21.0,82.0,0.0,13.1,58.0
822775,14,previous_day1,1.0,100.0,100.0,23.7,60.0,0.0,16.3,84.0
822776,14,previous_day1,1.0,100.0,100.0,25.9,57.0,0.0,8.1,167.0
822777,14,previous_day1,0.0,100.0,100.0,23.9,65.0,0.0,5.6,130.0
822778,14,previous_day1,0.0,100.0,100.0,25.7,50.0,0.0,4.3,90.0
822779,14,previous_day1,0.0,100.0,100.0,20.1,93.0,0.0,3.6,233.0
822780,14,previous_day1,0.0,100.0,100.0,28.7,56.0,0.0,15.9,237.0
822781,14,previous_day1,1.0,100.0,100.0,28.2,50.0,0.0,10.9,96.0
822782,14,previous_day1,0.0,100.0,100.0,24.6,45.0,0.0,6.9,84.0
822783,14,previous_day1,1.0,100.0,100.0,20.6,97.0,0.0,11.8,52.0
822784,14,previous_day1,0.0,100.0,100.0,18.5,69.0,0.0,9.2,281.0
822785,14,previous_day1,1.0,100.0,100.0,20.4,65.0,0.0,19.0,190.0
822786,14,previous_day1,1.0,100.0,100.0,22.3,52.0,0.0,16.4,327.0
822787,14,previous_day1,0.0,100.0,100.0,22.5,87.0,2.5,21.4,306.0
822788,14,previous_day1,0.0,100.0,100.0,21.9,65.0,0.0,10.1,94.0
822789,14,previous_day1,0.0,100.0,100.0,22.2,56.0,0.0,10.8,64.0
822790,14,previous_day1,1.0,100.0,100.0,23.3,87.0,0.7,24.6,281.0
822791,14,previous_day1,1.0,100.0,100.0,34.0,53.0,0.0,17.2,206.0
822792,14,previous_day1,0.0,100.0,100.0,25.2,45.0,0.0,16.0,59.0
822793,14,previous_day1,0.0,100.0,100.0,29.3,64.0,0.0,17.4,214.0
822794,14,previous_day1,1.0,100.0,100.0,24.8,57.0,0.0,10.5,96.0
822795,14,previous_day1,1.0,100.0,100.0,26.3,51.0,0.0,13.4,82.0
822796,14,previous_day1,0.0,100.0,100.0,20.0,73.0,0.0,7.4,157.0
822797,14,previous_day1,0.0,100.0,100.0,16.0,99.0,0.0,15.6,56.0
822798,14,previous_day1,0.0,100.0,100.0,21.0,53.0,0.0,15.0,201.0
822799,14,previous_day1,1.0,100.0,100.0,22.6,50.0,0.0,1.6,27.0
822800,14,previous_day1,0.0,100.0,100.0,15.2,92.0,0.0,10.7,57.0
822801,14,previous_day1,1.0,100.0,100.0,16.6,88.0,0.0,18.1,317.0
822802,14,previous_day1,1.0,100.0,100.0,26.2,40.0,0.0,19.6,186.0
822803,14,previous_day1,0.0,100.0,100.0,23.6,49.0,0.0,13.7,272.0
822804,14,previous_day1,0.0,100.0,100.0,25.5,72.0,0.0,13.7,267.0
822805,14,previous_day1,0.0,100.0,100.0,20.8,75.0,0.0,6.6,68.0
822806,14,previous_day1,0.0,100.0,100.0,19.0,59.0,0.0,15.3,66.0
822807,14,previous_day1,1.0,100.0,100.0,22.2,55.0,0.0,14.5,346.0
822808,14,previous_day1,1.0,100.0,100.0,26.7,47.0,0.0,34.0,280.0
822809,14,previous_day1,1.0,100.0,100.0,20.2,56.0,0.0,10.5,149.0
822810,14,previous_day1,0.0,100.0,100.0,25.1,44.0,0.0,18.3,200.0
822811,14,previous_day1,0.0,100.0,100.0,23.1,54.0,0.0,19.8,217.0
822812,14,previous_day1,0.0,100.0,100.0,16.5,86.0,0.0,6.6,193.0
822813,14,previous_day1,1.0,100.0,100.0,11.8,99.0,0.0,4.9,107.0
822814,14,previous_day1,1.0,100.0,100.0,10.7,94.0,1.4,30.0,85.0
822815,14,previous_day1,0.0,100.0,100.0,9.5,82.0,0.0,18.8,263.0
822816,14,previous_day1,0.0,100.0,100.0,13.6,38.0,0.0,22.3,69.0
822817,14,previous_day1,0.0,100.0,100.0,8.6,61.0,0.0,13.1,98.0
822818,14,previous_day1,0.0,100.0,100.0,10.4,41.0,0.0,1.1,198.0
822819,14,previous_day1,1.0,100.0,100.0,12.6,37.0,0.0,24.6,276.0
822820,14,previous_day1,1.0,100.0,100.0,14.3,67.0,0.0,18.4,186.0
822821,14,previous_day1,1.0,100.0,100.0,9.1,87.0,0.7,5.8,7.0
822822,14,previous_day1,0.0,100.0,100.0,11.9,55.0,0.0,14.0,181.0
822823,14,previous_day1,0.0,100.0,100.0,13.8,80.0,0.0,16.5,254.0
822824,14,previous_day1,1.0,100.0,100.0,10.5,88.0,0.0,8.9,122.0
822825,14,previous_day1,0.0,100.0,100.0,10.2,70.0,0.0,22.7,70.0
822826,14,previous_day1,1.0,100.0,100.0,6.0,83.0,0.7,23.1,39.0
822827,14,previous_day1,0.0,100.0,100.0,7.0,52.0,0.0,18.1,67.0
822828,14,previous_day1,1.0,100.0,100.0,5.1,93.0,0.4,8.1,58.0
822829,14,previous_day1,0.0,100.0,100.0,4.7,85.0,0.0,10.5,329.0
822830,14,previous_day1,1.0,100.0,100.0,7.0,60.0,0.0,13.4,324.0
822831,14,previous_day1,0.0,100.0,100.0,-2.1,34.0,0.0,15.1,327.0
822832,14,previous_day1,0.0,100.0,100.0,3.6,60.0,0.4,13.5,286.0
822833,14,previous_day1,1.0,100.0,100.0,3.7,40.0,0.0,16.3,82.0
822834,14,previous_day1,0.0,100.0,100.0,17.5,53.0,0.0,7.0,282.0
822835,14,previous_day1,1.0,100.0,100.0,4.3,79.0,0.0,14.6,327.0
822836,14,previous_day1,0.0,100.0,100.0,3.1,99.0,0.0,16.6,117.0
822837,14,previous_day1,1.0,100.0,100.0,8.8,60.0,0.0,20.1,204.0
822838,14,previous_day1,1.0,100.0,100.0,0.5,52.0,0.0,18.6,261.0
822839,14,previous_day1,0.0,100.0,100.0,-3.2,53.0,0.0,20.4,315.0
822851,5325,previous_day1,1.0,97.0,94.0,36.2,37.0,0.0,11.5,51.0
822853,5325,previous_day1,0.0,97.0,94.0,32.3,54.0,0.0,18.8,168.0
822854,5325,previous_day1,0.0,97.0,94.0,36.1,33.0,0.0,15.0,111.0
822855,5325,previous_day1,0.0,97.0,94.0,36.1,28.0,0.0,13.0,182.0
822856,5325,previous_day1,1.0,97.0,94.0,42.3,21.0,0.0,7.8,257.0
822857,5325,previous_day1,0.0,97.0,94.0,39.6,28.0,0.0,15.8,197.0
822858,5325,previous_day1,0.0,97.0,94.0,36.2,37.0,0.0,21.4,57.0
822859,5325,previous_day1,0.0,97.0,94.0,39.1,23.0,0.0,16.8,190.0
822860,5325,previous_day1,0.0,97.0,94.0,38.7,26.0,0.0,17.7,176.0
822861,5325,previous_day1,0.0,97.0,94.0,39.2,25.0,0.0,15.5,185.0
822862,5325,previous_day1,1.0,97.0,94.0,37.4,33.0,0.0,14.8,176.0
822863,5325,previous_day1,0.0,97.0,94.0,37.0,29.0,0.0,17.0,174.0
822864,5325,previous_day1,0.0,97.0,94.0,38.5,28.0,0.0,14.1,177.0
822865,5325,previous_day1,0.0,97.0,94.0,37.4,25.0,0.0,15.6,157.0
822866,5325,previous_day1,1.0,97.0,94.0,38.2,28.0,0.0,16.2,176.0
822867,5325,previous_day1,0.0,97.0,94.0,37.4,18.0,0.0,14.6,189.0
822868,5325,previous_day1,1.0,97.0,94.0,37.8,34.0,0.0,13.3,193.0
822869,5325,previous_day1,0.0,97.0,94.0,37.1,32.0,0.0,16.9,179.0
822870,5325,previous_day1,1.0,97.0,94.0,37.5,32.0,0.0,13.6,191.0
822871,5325,previous_day1,0.0,97.0,94.0,40.3,27.0,0.0,5.6,40.0
822872,5325,previous_day1,0.0,97.0,94.0,33.2,47.0,0.0,14.8,179.0
822873,5325,previous_day1,0.0,97.0,94.0,30.8,73.0,2.5,36.2,338.0
822874,5325,previous_day1,0.0,97.0,94.0,37.6,33.0,0.0,15.9,183.0
822875,5325,previous_day1,0.0,97.0,94.0,34.8,42.0,0.0,18.8,183.0
822876,5325,previous_day1,1.0,97.0,94.0,32.8,50.0,0.0,8.6,180.0
822877,5325,previous_day1,0.0,97.0,94.0,36.9,30.0,0.0,23.8,177.0
822878,5325,previous_day1,0.0,97.0,94.0,34.4,41.0,0.0,24.1,183.0
822879,5325,previous_day1,1.0,97.0,94.0,38.1,31.0,0.0,2.4,117.0
822880,5325,previous_day1,0.0,97.0,94.0,36.1,35.0,0.0,18.1,185.0
822881,5325,previous_day1,0.0,97.0,94.0,34.5,42.0,0.0,20.6,164.0
822882,5325,previous_day1,1.0,97.0,94.0,36.9,35.0,0.0,12.1,170.0
822883,5325,previous_day1,1.0,97.0,94.0,32.1,61.0,0.0,21.9,194.0
822884,5325,previous_day1,0.0,97.0,94.0,33.9,41.0,0.0,16.3,137.0
822885,5325,previous_day1,1.0,97.0,94.0,27.7,85.0,0.0,8.9,76.0
822886,5325,previous_day1,0.0,97.0,94.0,24.6,85.0,0.0,18.5,111.0
822887,5325,previous_day1,0.0,97.0,94.0,26.3,81.0,0.0,12.4,82.0
822888,5325,previous_day1,0.0,97.0,94.0,31.8,47.0,0.0,12.7,137.0
822889,5325,previous_day1,1.0,97.0,94.0,34.0,57.0,0.0,19.0,165.0
822890,5325,previous_day1,1.0,97.0,94.0,27.1,84.0,0.0,14.8,176.0
822891,5325,previous_day1,0.0,97.0,94.0,27.7,73.0,0.0,17.1,108.0
822892,5325,previous_day1,0.0,97.0,94.0,25.2,82.0,0.0,14.3,141.0
822893,5325,previous_day1,1.0,97.0,94.0,34.2,37.0,0.0,20.9,184.0
822894,5325,previous_day1,0.0,97.0,94.0,32.5,44.0,0.0,10.8,143.0
822895,5325,previous_day1,1.0,97.0,94.0,33.9,43.0,0.0,16.0,172.0
822896,5325,previous_day1,0.0,97.0,94.0,27.7,68.0,0.0,2.3,321.0
822897,5325,previous_day1,0.0,97.0,94.0,25.3,82.0,0.0,5.6,153.0
822898,5325,previous_day1,0.0,97.0,94.0,25.6,76.0,0.0,13.6,73.0
822899,5325,previous_day1,0.0,97.0,94.0,23.3,81.0,0.0,5.4,270.0
822900,5325,previous_day1,0.0,97.0,94.0,31.9,35.0,0.0,10.9,153.0
822901,5325,previous_day1,0.0,97.0,94.0,24.4,54.0,0.0,14.2,81.0
822902,5325,previous_day1,1.0,97.0,94.0,27.1,63.0,0.0,11.2,57.0
822903,5325,previous_day1,0.0,97.0,94.0,28.2,35.0,0.0,11.3,173.0
822904,5325,previous_day1,0.0,97.0,94.0,25.0,68.0,0.0,12.4,170.0
822905,5325,previous_day1,0.0,97.0,94.0,32.7,41.0,0.0,14.0,132.0
822906,5325,previous_day1,0.0,97.0,94.0,32.6,34.0,0.0,4.1,15.0
822907,5325,previous_day1,1.0,97.0,94.0,15.0,88.0,0.0,12.9,13.0
822908,5325,previous_day1,0.0,97.0,94.0,27.8,70.0,0.0,12.3,15.0
822909,5325,previous_day1,0.0,97.0,94.0,30.5,31.0,0.0,6.4,308.0
822910,5325,previous_day1,0.0,97.0,94.0,29.7,58.0,0.0,24.1,177.0
822911,5325,previous_day1,1.0,97.0,94.0,28.4,64.0,0.0,25.7,174.0
822912,5325,previous_day1,0.0,97.0,94.0,23.8,74.0,0.0,23.4,180.0
822913,5325,previous_day1,0.0,97.0,94.0,22.5,86.0,0.0,13.3,167.0
822914,5325,previous_day1,0.0,97.0,94.0,16.4,95.0,0.4,11.2,138.0
822915,5325,previous_day1,1.0,97.0,94.0,25.3,35.0,0.0,14.6,170.0
822916,5325,previous_day1,0.0,97.0,94.0,21.7,36.0,0.0,12.0,134.0
822917,5325,previous_day1,1.0,97.0,94.0,18.6,35.0,0.0,19.0,29.0
822918,5325,previous_day1,0.0,97.0,94.0,20.9,36.0,0.0,11.7,79.0
822919,5325,previous_day1,1.0,97.0,94.0,25.9,64.0,0.0,25.0,187.0
822920,5325,previous_day1,0.0,97.0,94.0,16.4,43.0,0.0,18.8,7.0
822929,12,previous_day1,0.0,103.0,106.0,28.0,81.0,0.0,9.0,5.0
822931,12,previous_day1,0.0,103.0,106.0,26.2,88.0,0.0,5.9,346.0
822932,12,previous_day1,0.0,103.0,106.0,27.5,89.0,0.0,3.4,342.0
822933,12,previous_day1,1.0,103.0,106.0,29.0,79.0,0.0,5.1,45.0
822934,12,previous_day1,1.0,103.0,106.0,30.0,72.0,0.0,7.9,344.0
822935,12,previous_day1,0.0,103.0,106.0,28.0,80.0,0.0,2.9,300.0
822936,12,previous_day1,1.0,103.0,106.0,31.1,70.0,0.0,7.5,197.0
822937,12,previous_day1,0.0,103.0,106.0,31.2,71.0,0.0,10.5,297.0
822938,12,previous_day1,0.0,103.0,106.0,30.4,72.0,0.0,15.2,274.0
822939,12,previous_day1,0.0,103.0,106.0,30.8,66.0,0.0,15.0,259.0
822940,12,previous_day1,1.0,103.0,106.0,31.1,74.0,0.0,9.2,244.0
822941,12,previous_day1,0.0,103.0,106.0,31.0,69.0,0.0,10.5,292.0
822942,12,previous_day1,0.0,103.0,106.0,30.1,69.0,0.0,9.7,292.0
822943,12,previous_day1,1.0,103.0,106.0,27.6,89.0,1.8,13.4,264.0
822944,12,previous_day1,1.0,103.0,106.0,29.6,76.0,0.0,14.3,223.0
822945,12,previous_day1,0.0,103.0,106.0,28.2,81.0,0.0,9.5,245.0
822946,12,previous_day1,1.0,103.0,106.0,23.3,90.0,18.0,34.7,119.0
822947,12,previous_day1,0.0,103.0,106.0,27.8,82.0,0.0,14.8,227.0
822948,12,previous_day1,0.0,103.0,106.0,31.6,67.0,0.0,17.9,295.0
822949,12,previous_day1,0.0,103.0,106.0,27.9,84.0,0.0,7.9,240.0
822950,12,previous_day1,1.0,103.0,106.0,29.1,74.0,0.0,8.5,282.0
822951,12,previous_day1,1.0,103.0,106.0,31.4,62.0,0.0,14.8,269.0
822952,12,previous_day1,0.0,103.0,106.0,32.1,60.0,0.0,7.1,311.0
822953,12,previous_day1,1.0,103.0,106.0,31.1,63.0,0.0,9.2,228.0
822954,12,previous_day1,1.0,103.0,106.0,33.1,59.0,0.0,7.9,164.0
822955,12,previous_day1,0.0,103.0,106.0,32.5,59.0,0.0,14.5,284.0
822956,12,previous_day1,0.0,103.0,106.0,28.2,82.0,0.0,2.4,153.0
822957,12,previous_day1,0.0,103.0,106.0,31.2,64.0,0.0,14.1,257.0
822958,12,previous_day1,0.0,103.0,106.0,30.5,67.0,0.0,12.4,260.0
822959,12,previous_day1,1.0,103.0,106.0,33.0,59.0,0.0,11.3,261.0
822960,12,previous_day1,0.0,103.0,106.0,28.1,77.0,0.0,23.8,86.0
822961,12,previous_day1,1.0,103.0,106.0,32.3,56.0,0.0,16.6,219.0
822962,12,previous_day1,0.0,103.0,106.0,27.5,77.0,0.0,7.4,194.0
822963,12,previous_day1,0.0,103.0,106.0,30.4,62.0,0.0,17.4,277.0
822964,12,previous_day1,0.0,103.0,106.0,30.3,68.0,0.0,15.8,253.0
822965,12,previous_day1,0.0,103.0,106.0,30.3,65.0,0.0,15.9,265.0
822966,12,previous_day1,0.0,103.0,106.0,29.8,72.0,0.0,18.1,257.0
822967,12,previous_day1,1.0,103.0,106.0,32.2,62.0,0.0,20.2,259.0
822968,12,previous_day1,1.0,103.0,106.0,32.5,57.0,0.0,18.5,243.0
822969,12,previous_day1,0.0,103.0,106.0,31.9,43.0,0.0,9.2,291.0
822970,12,previous_day1,1.0,103.0,106.0,31.9,59.0,0.0,15.3,219.0
822971,12,previous_day1,0.0,103.0,106.0,29.2,70.0,0.0,16.6,283.0
822972,12,previous_day1,0.0,103.0,106.0,30.4,58.0,0.0,13.6,282.0
822973,12,previous_day1,1.0,103.0,106.0,24.0,86.0,0.0,23.7,68.0
822974,12,previous_day1,0.0,103.0,106.0,29.1,71.0,0.0,17.7,282.0
822975,12,previous_day1,1.0,103.0,106.0,28.6,74.0,0.0,13.7,273.0
822976,12,previous_day1,1.0,103.0,106.0,31.1,58.0,0.0,13.8,250.0
822977,12,previous_day1,1.0,103.0,106.0,30.8,57.0,0.0,6.9,96.0
822978,12,previous_day1,0.0,103.0,106.0,29.0,64.0,0.0,16.2,274.0
822979,12,previous_day1,0.0,103.0,106.0,29.3,59.0,0.0,10.4,314.0
822980,12,previous_day1,0.0,103.0,106.0,29.7,59.0,0.0,6.6,241.0
822981,12,previous_day1,1.0,103.0,106.0,30.9,39.0,0.0,17.8,234.0
822982,12,previous_day1,1.0,103.0,106.0,29.6,61.0,0.0,5.3,118.0
822983,12,previous_day1,0.0,103.0,106.0,27.9,37.0,0.0,19.4,312.0
822984,12,previous_day1,0.0,103.0,106.0,26.7,46.0,0.0,17.4,304.0
822985,12,previous_day1,1.0,103.0,106.0,30.0,58.0,0.0,11.0,212.0
822986,12,previous_day1,0.0,103.0,106.0,26.3,60.0,0.0,14.4,274.0
822987,12,previous_day1,1.0,103.0,106.0,25.8,42.0,0.0,13.8,20.0
822988,12,previous_day1,0.0,103.0,106.0,25.6,68.0,0.0,27.0,228.0
822989,12,previous_day1,1.0,103.0,106.0,26.9,52.0,0.0,20.5,252.0
822990,12,previous_day1,0.0,103.0,106.0,25.4,76.0,0.0,17.0,234.0
822991,12,previous_day1,1.0,103.0,106.0,28.1,61.0,0.0,17.9,248.0
822992,12,previous_day1,0.0,103.0,106.0,24.5,62.0,0.0,12.8,238.0
822993,12,previous_day1,1.0,103.0,106.0,26.1,40.0,0.0,16.9,78.0
822994,12,previous_day1,0.0,103.0,106.0,26.3,40.0,0.0,22.0,38.0
822995,12,previous_day1,0.0,103.0,106.0,25.5,33.0,0.0,25.4,83.0
822996,12,previous_day1,0.0,103.0,106.0,26.4,34.0,0.0,17.5,71.0
822997,12,previous_day1,0.0,103.0,106.0,24.3,57.0,0.0,20.7,55.0
822998,12,previous_day1,1.0,103.0,106.0,27.1,46.0,0.0,14.7,73.0
822999,12,previous_day1,0.0,103.0,106.0,17.7,80.0,0.4,24.9,31.0
823000,12,previous_day1,0.0,103.0,106.0,20.6,74.0,0.0,26.0,59.0
823002,12,previous_day1,1.0,103.0,106.0,28.6,57.0,0.0,6.5,267.0
823010,2889,previous_day1,1.0,100.0,100.0,,,,,
823011,2889,previous_day1,1.0,100.0,100.0,,,,,
823013,2889,previous_day1,0.0,100.0,100.0,,,,,
823014,2889,previous_day1,1.0,100.0,100.0,,,,,
823015,2889,previous_day1,0.0,100.0,100.0,,,,,
823016,2889,previous_day1,0.0,100.0,100.0,,,,,
823017,2889,previous_day1,1.0,100.0,100.0,,,,,
823018,2889,previous_day1,0.0,100.0,100.0,,,,,
823019,2889,previous_day1,0.0,100.0,100.0,,,,,
823020,2889,previous_day1,1.0,100.0,100.0,,,,,
823021,2889,previous_day1,0.0,100.0,100.0,,,,,
823022,2889,previous_day1,0.0,100.0,100.0,,,,,
823023,2889,previous_day1,1.0,100.0,100.0,,,,,
823024,2889,previous_day1,0.0,100.0,100.0,,,,,
823025,2889,previous_day1,0.0,100.0,100.0,,,,,
823026,2889,previous_day1,0.0,100.0,100.0,,,,,
823027,2889,previous_day1,0.0,100.0,100.0,,,,,
823028,2889,previous_day1,1.0,100.0,100.0,,,,,
823029,2889,previous_day1,1.0,100.0,100.0,,,,,
823030,2889,previous_day1,0.0,100.0,100.0,,,,,
823031,2889,previous_day1,0.0,100.0,100.0,,,,,
823032,2889,previous_day1,0.0,100.0,100.0,,,,,
823033,2889,previous_day1,0.0,100.0,100.0,,,,,
823034,2889,previous_day1,0.0,100.0,100.0,,,,,
823035,2889,previous_day1,0.0,100.0,100.0,,,,,
823036,2889,previous_day1,0.0,100.0,100.0,,,,,
823037,2889,previous_day1,1.0,100.0,100.0,,,,,
823038,2889,previous_day1,0.0,100.0,100.0,,,,,
823039,2889,previous_day1,0.0,100.0,100.0,,,,,
823040,2889,previous_day1,0.0,100.0,100.0,,,,,
823041,2889,previous_day1,0.0,100.0,100.0,,,,,
823043,2889,previous_day1,0.0,100.0,100.0,,,,,
823044,2889,previous_day1,1.0,100.0,100.0,,,,,
823045,2889,previous_day1,0.0,100.0,100.0,,,,,
823046,2889,previous_day1,0.0,100.0,100.0,,,,,
823047,2889,previous_day1,1.0,100.0,100.0,,,,,
823048,2889,previous_day1,1.0,100.0,100.0,,,,,
823049,2889,previous_day1,0.0,100.0,100.0,,,,,
823050,2889,previous_day1,0.0,100.0,100.0,,,,,
823051,2889,previous_day1,0.0,100.0,100.0,,,,,
823052,2889,previous_day1,0.0,100.0,100.0,,,,,
823053,2889,previous_day1,0.0,100.0,100.0,,,,,
823054,2889,previous_day1,0.0,100.0,100.0,,,,,
823055,2889,previous_day1,0.0,100.0,100.0,,,,,
823056,2889,previous_day1,1.0,100.0,100.0,,,,,
823057,2889,previous_day1,0.0,100.0,100.0,,,,,
823058,2889,previous_day1,1.0,100.0,100.0,,,,,
823059,2889,previous_day1,0.0,100.0,100.0,,,,,
823060,2889,previous_day1,1.0,100.0,100.0,,,,,
823061,2889,previous_day1,0.0,100.0,100.0,,,,,
823063,2889,previous_day1,1.0,100.0,100.0,,,,,
823064,2889,previous_day1,0.0,100.0,100.0,,,,,
823065,2889,previous_day1,1.0,100.0,100.0,,,,,
823066,2889,previous_day1,0.0,100.0,100.0,,,,,
823067,2889,previous_day1,0.0,100.0,100.0,,,,,
823068,2889,previous_day1,1.0,100.0,100.0,,,,,
823069,2889,previous_day1,0.0,100.0,100.0,,,,,
823070,2889,previous_day1,1.0,100.0,100.0,,,,,
823071,2889,previous_day1,1.0,100.0,100.0,,,,,
823072,2889,previous_day1,0.0,100.0,100.0,,,,,
823073,2889,previous_day1,0.0,100.0,100.0,,,,,
823074,2889,previous_day1,0.0,100.0,100.0,,,,,
823075,2889,previous_day1,1.0,100.0,100.0,,,,,
823076,2889,previous_day1,0.0,100.0,100.0,,,,,
823077,2889,previous_day1,0.0,100.0,100.0,,,,,
823078,2889,previous_day1,1.0,100.0,100.0,,,,,
823079,2889,previous_day1,1.0,100.0,100.0,,,,,
823080,2889,previous_day1,0.0,100.0,100.0,,,,,
823081,2889,previous_day1,1.0,100.0,100.0,,,,,
823082,2889,previous_day1,1.0,100.0,100.0,,,,,
823095,680,previous_day1,0.0,91.0,83.0,15.8,72.0,0.0,3.0,284.0
823096,680,previous_day1,1.0,91.0,83.0,22.5,61.0,0.0,10.7,228.0
823097,680,previous_day1,0.0,91.0,83.0,23.4,55.0,0.0,11.2,360.0
823098,680,previous_day1,0.0,91.0,83.0,23.7,54.0,0.0,14.8,244.0
823099,680,previous_day1,1.0,91.0,83.0,21.6,63.0,0.0,4.6,288.0
823100,680,previous_day1,1.0,91.0,83.0,24.0,53.0,0.0,6.9,227.0
823101,680,previous_day1,0.0,91.0,83.0,27.8,41.0,0.0,4.7,270.0
823102,680,previous_day1,0.0,91.0,83.0,25.2,38.0,0.0,15.6,50.0
823103,680,previous_day1,0.0,91.0,83.0,25.9,49.0,0.0,11.9,360.0
823104,680,previous_day1,1.0,91.0,83.0,21.0,60.0,0.0,8.9,297.0
823105,680,previous_day1,1.0,91.0,83.0,25.8,45.0,0.0,10.0,296.0
823106,680,previous_day1,0.0,91.0,83.0,26.4,34.0,0.0,10.1,358.0
823107,680,previous_day1,1.0,91.0,83.0,19.0,62.0,0.0,12.2,346.0
823108,680,previous_day1,0.0,91.0,83.0,24.5,45.0,0.0,8.6,2.0
823109,680,previous_day1,1.0,91.0,83.0,17.5,75.0,0.0,23.4,236.0
823110,680,previous_day1,1.0,91.0,83.0,29.1,43.0,0.0,12.0,327.0
823111,680,previous_day1,0.0,91.0,83.0,25.5,42.0,0.0,9.0,355.0
823112,680,previous_day1,0.0,91.0,83.0,27.1,47.0,0.0,7.0,325.0
823113,680,previous_day1,1.0,91.0,83.0,22.6,61.0,0.0,14.1,345.0
823114,680,previous_day1,0.0,91.0,83.0,27.6,47.0,0.0,8.0,10.0
823115,680,previous_day1,0.0,91.0,83.0,21.1,62.0,0.0,10.9,351.0
823116,680,previous_day1,0.0,91.0,83.0,22.8,56.0,0.0,13.7,346.0
823117,680,previous_day1,1.0,91.0,83.0,21.7,52.0,0.0,14.8,342.0
823118,680,previous_day1,1.0,91.0,83.0,19.0,63.0,0.0,8.4,295.0
823119,680,previous_day1,0.0,91.0,83.0,20.2,64.0,0.0,16.4,244.0
823120,680,previous_day1,0.0,91.0,83.0,19.6,66.0,0.0,13.0,360.0
823121,680,previous_day1,0.0,91.0,83.0,19.7,62.0,0.0,15.7,238.0
823122,680,previous_day1,0.0,91.0,83.0,18.3,55.0,0.0,15.8,243.0
823123,680,previous_day1,1.0,91.0,83.0,22.6,50.0,0.0,12.2,315.0
823124,680,previous_day1,0.0,91.0,83.0,26.2,40.0,0.0,12.3,357.0
823125,680,previous_day1,1.0,91.0,83.0,22.7,54.0,0.0,13.5,344.0
823126,680,previous_day1,0.0,91.0,83.0,24.3,43.0,0.0,6.2,280.0
823127,680,previous_day1,0.0,91.0,83.0,22.3,38.0,0.0,13.4,6.0
823128,680,previous_day1,0.0,91.0,83.0,18.7,57.0,0.0,14.2,30.0
823129,680,previous_day1,0.0,91.0,83.0,27.2,26.0,0.0,3.4,288.0
823130,680,previous_day1,1.0,91.0,83.0,15.5,69.0,0.4,14.2,240.0
823131,680,previous_day1,0.0,91.0,83.0,22.9,41.0,0.0,11.5,356.0
823132,680,previous_day1,0.0,91.0,83.0,14.4,52.0,0.0,12.2,14.0
823133,680,previous_day1,1.0,91.0,83.0,17.1,40.0,0.0,16.4,345.0
823134,680,previous_day1,1.0,91.0,83.0,18.6,58.0,0.0,13.4,354.0
823135,680,previous_day1,0.0,91.0,83.0,11.0,81.0,0.0,12.9,72.0
823136,680,previous_day1,0.0,91.0,83.0,14.8,72.0,0.0,5.8,338.0
823137,680,previous_day1,0.0,91.0,83.0,18.0,55.0,0.0,8.6,2.0
823138,680,previous_day1,1.0,91.0,83.0,16.3,50.0,0.0,13.0,304.0
823139,680,previous_day1,1.0,91.0,83.0,10.6,72.0,0.0,13.3,180.0
823140,680,previous_day1,0.0,91.0,83.0,10.3,84.0,0.0,18.2,219.0
823141,680,previous_day1,1.0,91.0,83.0,18.1,68.0,0.0,10.4,270.0
823142,680,previous_day1,0.0,91.0,83.0,21.1,63.0,0.0,5.2,304.0
823143,680,previous_day1,0.0,91.0,83.0,24.4,43.0,0.0,6.8,328.0
823144,680,previous_day1,0.0,91.0,83.0,20.3,49.0,0.0,14.8,18.0
823145,680,previous_day1,1.0,91.0,83.0,25.2,50.0,0.0,10.1,360.0
823146,680,previous_day1,0.0,91.0,83.0,17.4,61.0,0.0,10.9,8.0
823147,680,previous_day1,1.0,91.0,83.0,12.6,87.0,0.0,15.5,216.0
823148,680,previous_day1,0.0,91.0,83.0,12.2,92.0,0.0,1.5,76.0
823149,680,previous_day1,0.0,91.0,83.0,18.2,65.0,0.0,4.7,351.0
823150,680,previous_day1,1.0,91.0,83.0,20.4,63.0,0.0,7.1,24.0
823151,680,previous_day1,1.0,91.0,83.0,17.2,52.0,0.0,6.3,294.0
823152,680,previous_day1,0.0,91.0,83.0,11.2,79.0,0.0,5.8,330.0
823153,680,previous_day1,1.0,91.0,83.0,8.9,96.0,0.0,7.2,288.0
823154,680,previous_day1,1.0,91.0,83.0,12.9,83.0,0.0,8.0,333.0
823155,680,previous_day1,0.0,91.0,83.0,12.5,84.0,0.0,3.5,66.0
823156,680,previous_day1,0.0,91.0,83.0,15.8,80.0,0.0,8.0,342.0
823157,680,previous_day1,1.0,91.0,83.0,9.5,89.0,1.8,9.5,143.0
823158,680,previous_day1,0.0,91.0,83.0,10.0,74.0,0.0,7.6,172.0
823159,680,previous_day1,0.0,91.0,83.0,6.2,76.0,0.0,11.6,7.0
823160,680,previous_day1,1.0,91.0,83.0,4.8,83.0,0.0,7.0,21.0
823161,680,previous_day1,0.0,91.0,83.0,7.5,76.0,0.0,11.1,25.0
823162,680,previous_day1,0.0,91.0,83.0,8.0,74.0,0.0,8.4,25.0
823163,680,previous_day1,0.0,91.0,83.0,7.8,66.0,0.0,4.0,185.0
823176,2395,previous_day1,0.0,97.0,94.0,16.7,75.0,0.0,26.9,286.0
823177,2395,previous_day1,1.0,97.0,94.0,19.6,66.0,0.0,29.4,285.0
823178,2395,previous_day1,0.0,97.0,94.0,16.3,80.0,0.0,25.6,290.0
823179,2395,previous_day1,0.0,97.0,94.0,20.9,53.0,0.0,20.2,292.0
823180,2395,previous_day1,1.0,97.0,94.0,24.5,47.0,0.0,15.5,275.0
823181,2395,previous_day1,0.0,97.0,94.0,18.2,73.0,0.0,24.5,287.0
823182,2395,previous_day1,1.0,97.0,94.0,19.2,73.0,0.0,16.6,257.0
823183,2395,previous_day1,0.0,97.0,94.0,15.7,92.0,0.0,18.9,283.0
823184,2395,previous_day1,1.0,97.0,94.0,16.9,86.0,0.0,16.8,261.0
823185,2395,previous_day1,0.0,97.0,94.0,16.4,87.0,0.0,21.6,288.0
823186,2395,previous_day1,0.0,97.0,94.0,14.9,93.0,0.0,20.8,261.0
823187,2395,previous_day1,1.0,97.0,94.0,20.1,73.0,0.0,25.1,243.0
823188,2395,previous_day1,1.0,97.0,94.0,18.1,77.0,0.0,22.0,267.0
823189,2395,previous_day1,0.0,97.0,94.0,15.8,86.0,0.0,15.9,267.0
823190,2395,previous_day1,1.0,97.0,94.0,25.9,51.0,0.0,18.1,263.0
823191,2395,previous_day1,0.0,97.0,94.0,15.8,86.0,0.0,19.2,278.0
823192,2395,previous_day1,1.0,97.0,94.0,22.1,61.0,0.0,20.6,286.0
823193,2395,previous_day1,0.0,97.0,94.0,18.4,71.0,0.0,29.3,286.0
823194,2395,previous_day1,1.0,97.0,94.0,19.7,70.0,0.0,31.0,288.0
823195,2395,previous_day1,0.0,97.0,94.0,16.7,77.0,0.0,33.0,288.0
823196,2395,previous_day1,0.0,97.0,94.0,17.2,79.0,0.0,32.2,290.0
823197,2395,previous_day1,1.0,97.0,94.0,20.3,67.0,0.0,29.9,292.0
823198,2395,previous_day1,1.0,97.0,94.0,22.0,57.0,0.0,17.6,271.0
823199,2395,previous_day1,1.0,97.0,94.0,20.3,62.0,0.0,23.9,249.0
823200,2395,previous_day1,0.0,97.0,94.0,15.8,79.0,0.0,30.1,289.0
823201,2395,previous_day1,0.0,97.0,94.0,16.5,77.0,0.0,27.5,281.0
823202,2395,previous_day1,1.0,97.0,94.0,19.2,69.0,0.0,22.6,278.0
823203,2395,previous_day1,0.0,97.0,94.0,14.3,87.0,0.0,30.2,287.0
823204,2395,previous_day1,1.0,97.0,94.0,23.9,37.0,0.0,18.3,280.0
823205,2395,previous_day1,0.0,97.0,94.0,14.0,92.0,0.0,24.8,283.0
823206,2395,previous_day1,0.0,97.0,94.0,16.0,93.0,0.0,15.6,278.0
823207,2395,previous_day1,0.0,97.0,94.0,17.2,63.0,0.0,30.6,295.0
823208,2395,previous_day1,0.0,97.0,94.0,14.6,89.0,0.0,18.4,269.0
823209,2395,previous_day1,1.0,97.0,94.0,17.4,77.0,0.0,23.0,269.0
823210,2395,previous_day1,0.0,97.0,94.0,14.5,93.0,0.0,18.0,270.0
823211,2395,previous_day1,0.0,97.0,94.0,16.0,91.0,0.0,19.6,253.0
823212,2395,previous_day1,1.0,97.0,94.0,17.9,81.0,0.0,21.9,253.0
823213,2395,previous_day1,0.0,97.0,94.0,14.5,88.0,0.0,26.9,262.0
823214,2395,previous_day1,0.0,97.0,94.0,17.5,60.0,0.0,21.8,292.0
823215,2395,previous_day1,1.0,97.0,94.0,26.1,34.0,0.0,18.9,279.0
823216,2395,previous_day1,0.0,97.0,94.0,14.3,69.0,0.0,30.9,306.0
823217,2395,previous_day1,1.0,97.0,94.0,18.1,61.0,0.0,19.4,255.0
823218,2395,previous_day1,0.0,97.0,94.0,14.2,95.0,0.0,18.9,301.0
823219,2395,previous_day1,1.0,97.0,94.0,15.7,73.0,0.0,18.9,262.0
823220,2395,previous_day1,1.0,97.0,94.0,15.9,78.0,0.0,16.7,263.0
823221,2395,previous_day1,1.0,97.0,94.0,18.4,67.0,0.0,19.5,273.0
823222,2395,previous_day1,1.0,97.0,94.0,16.6,75.0,0.0,24.8,242.0
823223,2395,previous_day1,0.0,97.0,94.0,12.3,93.0,0.0,19.4,260.0
823224,2395,previous_day1,0.0,97.0,94.0,15.7,78.0,0.0,29.7,284.0
823225,2395,previous_day1,0.0,97.0,94.0,14.7,78.0,0.0,26.7,284.0
823226,2395,previous_day1,1.0,97.0,94.0,16.2,82.0,0.0,16.3,284.0
823227,2395,previous_day1,0.0,97.0,94.0,13.4,89.0,0.0,18.3,280.0
823228,2395,previous_day1,0.0,97.0,94.0,13.8,74.0,0.0,17.3,293.0
823229,2395,previous_day1,1.0,97.0,94.0,13.0,81.0,0.0,13.4,265.0
823230,2395,previous_day1,1.0,97.0,94.0,14.0,68.0,0.0,15.4,281.0
823231,2395,previous_day1,0.0,97.0,94.0,14.4,80.0,0.0,6.3,336.0
823232,2395,previous_day1,0.0,97.0,94.0,12.5,84.0,0.0,17.7,282.0
823233,2395,previous_day1,1.0,97.0,94.0,17.6,70.0,0.0,10.8,291.0
823234,2395,previous_day1,1.0,97.0,94.0,17.2,57.0,0.0,26.1,282.0
823235,2395,previous_day1,0.0,97.0,94.0,13.2,60.0,0.0,26.9,290.0
823236,2395,previous_day1,0.0,97.0,94.0,10.3,85.0,2.5,22.1,316.0
823237,2395,previous_day1,0.0,97.0,94.0,11.5,65.0,0.0,19.4,285.0
823238,2395,previous_day1,1.0,97.0,94.0,23.8,25.0,0.0,11.4,281.0
823239,2395,previous_day1,0.0,97.0,94.0,24.8,24.0,0.0,14.3,295.0
823240,2395,previous_day1,0.0,97.0,94.0,18.8,32.0,0.0,17.4,288.0
823241,2395,previous_day1,1.0,97.0,94.0,15.3,69.0,0.0,17.6,270.0
823242,2395,previous_day1,0.0,97.0,94.0,14.0,59.0,0.0,17.0,302.0
823243,2395,previous_day1,1.0,97.0,94.0,26.6,18.0,0.0,5.1,51.0
823244,2395,previous_day1,0.0,97.0,94.0,18.2,55.0,0.0,25.6,299.0
823255,2680,previous_day1,1.0,97.0,94.0,25.2,77.0,0.0,7.5,215.0
823258,2680,previous_day1,1.0,97.0,94.0,29.9,55.0,0.0,16.5,314.0
823259,2680,previous_day1,0.0,97.0,94.0,24.2,77.0,0.0,6.5,264.0
823260,2680,previous_day1,0.0,97.0,94.0,21.5,89.0,0.0,7.5,215.0
823261,2680,previous_day1,0.0,97.0,94.0,25.1,74.0,0.0,8.3,304.0
823262,2680,previous_day1,0.0,97.0,94.0,22.3,89.0,0.0,7.4,219.0
823263,2680,previous_day1,1.0,97.0,94.0,25.3,73.0,0.0,12.2,289.0
823264,2680,previous_day1,0.0,97.0,94.0,22.6,86.0,0.0,9.1,279.0
823265,2680,previous_day1,0.0,97.0,94.0,22.6,81.0,0.0,8.1,291.0
823266,2680,previous_day1,0.0,97.0,94.0,23.3,79.0,0.0,10.7,310.0
823267,2680,previous_day1,1.0,97.0,94.0,26.1,69.0,0.0,16.1,310.0
823268,2680,previous_day1,0.0,97.0,94.0,24.1,76.0,0.0,11.8,220.0
823269,2680,previous_day1,0.0,97.0,94.0,24.3,71.0,0.0,9.2,228.0
823270,2680,previous_day1,1.0,97.0,94.0,23.8,83.0,0.0,14.8,206.0
823271,2680,previous_day1,0.0,97.0,94.0,22.3,79.0,0.0,9.3,298.0
823272,2680,previous_day1,0.0,97.0,94.0,23.8,73.0,0.0,7.8,292.0
823273,2680,previous_day1,1.0,97.0,94.0,24.5,73.0,0.0,13.6,230.0
823274,2680,previous_day1,1.0,97.0,94.0,25.9,67.0,0.0,10.4,256.0
823275,2680,previous_day1,0.0,97.0,94.0,22.3,79.0,0.0,7.8,248.0
823276,2680,previous_day1,0.0,97.0,94.0,21.1,80.0,0.0,10.2,238.0
823277,2680,previous_day1,0.0,97.0,94.0,17.8,99.0,0.0,7.7,208.0
823278,2680,previous_day1,0.0,97.0,94.0,19.0,87.0,0.0,11.3,202.0
823279,2680,previous_day1,0.0,97.0,94.0,21.9,73.0,0.0,9.0,299.0
823280,2680,previous_day1,0.0,97.0,94.0,21.3,73.0,0.0,11.2,310.0
823281,2680,previous_day1,1.0,97.0,94.0,19.7,67.0,0.0,13.1,254.0
823282,2680,previous_day1,0.0,97.0,94.0,20.6,78.0,0.0,12.5,319.0
823283,2680,previous_day1,0.0,97.0,94.0,19.8,82.0,0.0,13.1,291.0
823284,2680,previous_day1,0.0,97.0,94.0,19.9,85.0,0.0,12.2,313.0
823285,2680,previous_day1,0.0,97.0,94.0,18.5,79.0,0.0,8.4,290.0
823286,2680,previous_day1,0.0,97.0,94.0,20.1,80.0,0.0,12.2,317.0
823287,2680,previous_day1,1.0,97.0,94.0,21.5,79.0,0.0,14.6,213.0
823288,2680,previous_day1,0.0,97.0,94.0,19.2,79.0,0.0,10.2,309.0
823289,2680,previous_day1,0.0,97.0,94.0,18.0,74.0,0.0,8.4,220.0
823290,2680,previous_day1,0.0,97.0,94.0,19.3,81.0,0.0,8.2,229.0
823291,2680,previous_day1,1.0,97.0,94.0,20.0,72.0,0.0,11.7,223.0
823292,2680,previous_day1,0.0,97.0,94.0,18.3,77.0,0.0,10.6,208.0
823293,2680,previous_day1,0.0,97.0,94.0,17.8,90.0,0.0,8.3,214.0
823294,2680,previous_day1,0.0,97.0,94.0,16.7,68.0,0.0,13.8,290.0
823295,2680,previous_day1,1.0,97.0,94.0,18.2,62.0,0.0,9.3,257.0
823296,2680,previous_day1,1.0,97.0,94.0,19.8,64.0,0.0,18.4,309.0
823297,2680,previous_day1,1.0,97.0,94.0,18.6,75.0,0.0,11.2,312.0
823298,2680,previous_day1,0.0,97.0,94.0,17.4,76.0,0.0,10.7,315.0
823299,2680,previous_day1,0.0,97.0,94.0,19.5,71.0,0.0,10.9,207.0
823300,2680,previous_day1,0.0,97.0,94.0,17.9,78.0,0.0,8.5,298.0
823301,2680,previous_day1,0.0,97.0,94.0,17.5,72.0,0.0,9.6,214.0
823302,2680,previous_day1,0.0,97.0,94.0,19.5,72.0,0.0,9.9,314.0
823303,2680,previous_day1,0.0,97.0,94.0,17.3,84.0,0.0,6.3,283.0
823304,2680,previous_day1,1.0,97.0,94.0,21.1,63.0,0.0,11.0,238.0
823305,2680,previous_day1,1.0,97.0,94.0,20.9,68.0,0.0,13.3,232.0
823306,2680,previous_day1,0.0,97.0,94.0,17.7,82.0,0.0,8.1,315.0
823307,2680,previous_day1,1.0,97.0,94.0,18.5,76.0,0.0,12.2,242.0
823308,2680,previous_day1,0.0,97.0,94.0,17.4,84.0,0.0,12.5,314.0
823309,2680,previous_day1,0.0,97.0,94.0,16.6,87.0,0.0,10.3,306.0
823310,2680,previous_day1,0.0,97.0,94.0,17.0,66.0,0.0,12.5,321.0
823311,2680,previous_day1,0.0,97.0,94.0,16.8,56.0,0.0,14.6,320.0
823312,2680,previous_day1,1.0,97.0,94.0,20.9,56.0,0.0,16.5,293.0
823313,2680,previous_day1,0.0,97.0,94.0,17.4,68.0,0.0,10.3,241.0
823314,2680,previous_day1,0.0,97.0,94.0,17.1,73.0,0.0,10.7,312.0
823315,2680,previous_day1,0.0,97.0,94.0,17.9,65.0,0.0,12.7,317.0
823316,2680,previous_day1,0.0,97.0,94.0,18.4,61.0,0.0,13.7,288.0
823317,2680,previous_day1,1.0,97.0,94.0,15.9,81.0,0.0,16.3,288.0
823318,2680,previous_day1,0.0,97.0,94.0,17.4,80.0,0.0,10.4,272.0
823319,2680,previous_day1,0.0,97.0,94.0,18.4,73.0,0.0,7.6,295.0
823320,2680,previous_day1,0.0,97.0,94.0,17.6,91.0,0.0,9.8,197.0
823321,2680,previous_day1,1.0,97.0,94.0,20.0,66.0,0.0,15.2,274.0
823322,2680,previous_day1,0.0,97.0,94.0,17.9,89.0,0.0,10.1,184.0
823323,2680,previous_day1,0.0,97.0,94.0,22.3,54.0,0.0,15.5,335.0
823324,2680,previous_day1,0.0,97.0,94.0,18.2,74.0,0.0,7.5,305.0
823325,2680,previous_day1,1.0,97.0,94.0,23.0,64.0,0.0,15.6,310.0
823337,31,previous_day1,1.0,99.0,98.0,28.6,72.0,0.0,6.3,294.0
823339,31,previous_day1,0.0,99.0,98.0,31.9,49.0,0.0,15.1,232.0
823340,31,previous_day1,0.0,99.0,98.0,29.0,66.0,0.0,8.7,222.0
823341,31,previous_day1,0.0,99.0,98.0,25.4,53.0,0.0,7.2,267.0
823342,31,previous_day1,1.0,99.0,98.0,26.8,56.0,0.0,17.2,244.0
823343,31,previous_day1,0.0,99.0,98.0,26.0,77.0,0.0,6.6,347.0
823344,31,previous_day1,1.0,99.0,98.0,28.3,78.0,0.0,11.7,223.0
823345,31,previous_day1,1.0,99.0,98.0,30.4,42.0,0.0,11.5,266.0
823346,31,previous_day1,0.0,99.0,98.0,26.0,75.0,0.0,8.9,21.0
823347,31,previous_day1,0.0,99.0,98.0,27.1,64.0,0.0,5.9,104.0
823348,31,previous_day1,0.0,99.0,98.0,27.0,70.0,0.0,9.2,219.0
823349,31,previous_day1,0.0,99.0,98.0,28.0,64.0,0.0,10.8,180.0
823350,31,previous_day1,0.0,99.0,98.0,24.5,71.0,0.0,13.5,312.0
823351,31,previous_day1,1.0,99.0,98.0,21.6,65.0,0.0,17.8,312.0
823352,31,previous_day1,0.0,99.0,98.0,26.7,46.0,0.0,11.6,154.0
823353,31,previous_day1,0.0,99.0,98.0,22.0,86.0,0.0,16.6,51.0
823354,31,previous_day1,1.0,99.0,98.0,29.4,38.0,0.0,8.9,291.0
823355,31,previous_day1,0.0,99.0,98.0,28.0,43.0,0.0,9.1,236.0
823356,31,previous_day1,1.0,99.0,98.0,27.6,59.0,0.0,1.8,259.0
823358,31,previous_day1,1.0,99.0,98.0,28.6,55.0,0.0,4.3,48.0
823359,31,previous_day1,1.0,99.0,98.0,30.6,52.0,0.0,9.1,252.0
823360,31,previous_day1,0.0,99.0,98.0,29.5,53.0,0.0,4.7,270.0
823361,31,previous_day1,0.0,99.0,98.0,27.4,69.0,0.0,6.4,47.0
823362,31,previous_day1,1.0,99.0,98.0,26.7,75.0,0.0,4.7,360.0
823363,31,previous_day1,0.0,99.0,98.0,25.0,48.0,0.0,5.8,292.0
823364,31,previous_day1,1.0,99.0,98.0,21.9,92.0,0.0,5.6,140.0
823365,31,previous_day1,0.0,99.0,98.0,23.2,46.0,0.0,15.6,326.0
823366,31,previous_day1,1.0,99.0,98.0,25.8,42.0,0.0,16.2,217.0
823367,31,previous_day1,0.0,99.0,98.0,25.9,28.0,0.0,10.0,240.0
823368,31,previous_day1,1.0,99.0,98.0,25.0,62.0,0.0,20.6,213.0
823369,31,previous_day1,1.0,99.0,98.0,31.0,29.0,0.0,7.8,283.0
823370,31,previous_day1,0.0,99.0,98.0,26.2,59.0,0.0,9.4,270.0
823371,31,previous_day1,0.0,99.0,98.0,26.9,69.0,0.0,13.7,203.0
823372,31,previous_day1,0.0,99.0,98.0,31.9,48.0,0.0,19.9,250.0
823373,31,previous_day1,1.0,99.0,98.0,23.3,26.0,0.0,6.7,126.0
823374,31,previous_day1,0.0,99.0,98.0,27.8,56.0,0.0,15.5,162.0
823375,31,previous_day1,1.0,99.0,98.0,21.8,32.0,0.0,17.7,12.0
823376,31,previous_day1,0.0,99.0,98.0,22.9,79.0,0.0,3.4,198.0
823377,31,previous_day1,0.0,99.0,98.0,24.2,34.0,0.0,17.3,272.0
823378,31,previous_day1,0.0,99.0,98.0,19.8,49.0,0.0,15.9,342.0
823379,31,previous_day1,0.0,99.0,98.0,27.1,52.0,0.0,8.2,299.0
823380,31,previous_day1,1.0,99.0,98.0,21.8,81.0,0.0,11.7,317.0
823381,31,previous_day1,1.0,99.0,98.0,20.3,79.0,0.0,9.2,206.0
823382,31,previous_day1,1.0,99.0,98.0,20.4,79.0,0.4,20.2,196.0
823383,31,previous_day1,1.0,99.0,98.0,10.4,75.0,0.0,21.2,291.0
823384,31,previous_day1,0.0,99.0,98.0,20.0,28.0,0.0,10.9,261.0
823385,31,previous_day1,0.0,99.0,98.0,21.8,22.0,0.0,11.8,220.0
823386,31,previous_day1,0.0,99.0,98.0,14.3,69.0,0.0,22.6,304.0
823387,31,previous_day1,1.0,99.0,98.0,14.0,34.0,0.0,19.8,260.0
823388,31,previous_day1,1.0,99.0,98.0,7.9,59.0,0.0,10.7,320.0
823389,31,previous_day1,0.0,99.0,98.0,7.6,86.0,0.0,18.8,299.0
823390,31,previous_day1,0.0,99.0,98.0,20.8,71.0,0.0,9.1,288.0
823391,31,previous_day1,1.0,99.0,98.0,7.8,82.0,0.0,13.7,297.0
823392,31,previous_day1,0.0,99.0,98.0,12.9,87.0,0.0,14.1,308.0
823393,31,previous_day1,1.0,99.0,98.0,7.3,51.0,0.0,22.1,282.0
823394,31,previous_day1,1.0,99.0,98.0,29.6,35.0,0.0,30.8,204.0
823395,31,previous_day1,0.0,99.0,98.0,21.6,29.0,0.0,20.0,118.0
823396,31,previous_day1,1.0,99.0,98.0,27.7,41.0,0.0,29.2,219.0
823397,31,previous_day1,0.0,99.0,98.0,22.5,44.0,0.0,2.9,277.0
823398,31,previous_day1,0.0,99.0,98.0,20.6,81.0,0.0,8.7,222.0
823399,31,previous_day1,0.0,99.0,98.0,21.8,81.0,0.0,7.5,287.0
823400,31,previous_day1,0.0,99.0,98.0,23.5,64.0,0.0,23.5,212.0
823401,31,previous_day1,0.0,99.0,98.0,6.1,72.0,0.0,14.7,253.0
823402,31,previous_day1,0.0,99.0,98.0,1.5,33.0,0.0,16.1,344.0
823403,31,previous_day1,1.0,99.0,98.0,11.7,21.0,0.0,13.1,122.0
823404,31,previous_day1,1.0,99.0,98.0,25.3,45.0,0.0,17.2,190.0
823405,31,previous_day1,1.0,99.0,98.0,7.7,49.0,0.0,23.5,259.0
823406,31,previous_day1,1.0,99.0,98.0,25.7,53.0,0.0,26.0,225.0
823420,2681,previous_day1,0.0,101.0,102.0,23.6,78.0,0.0,9.6,70.0
823421,2681,previous_day1,1.0,101.0,102.0,27.2,55.0,0.0,15.4,259.0
823422,2681,previous_day1,0.0,101.0,102.0,24.4,71.0,0.0,13.2,133.0
823423,2681,previous_day1,0.0,101.0,102.0,29.5,57.0,0.0,9.9,314.0
823424,2681,previous_day1,0.0,101.0,102.0,30.4,39.0,0.0,13.3,283.0
823425,2681,previous_day1,1.0,101.0,102.0,34.0,46.0,0.0,14.6,254.0
823426,2681,previous_day1,0.0,101.0,102.0,29.8,52.0,0.0,14.5,240.0
823427,2681,previous_day1,0.0,101.0,102.0,30.4,56.0,0.0,11.4,288.0
823428,2681,previous_day1,0.0,101.0,102.0,32.7,56.0,0.0,12.3,195.0
823429,2681,previous_day1,0.0,101.0,102.0,26.6,82.0,0.0,9.2,159.0
823430,2681,previous_day1,0.0,101.0,102.0,29.9,68.0,0.0,11.7,191.0
823431,2681,previous_day1,0.0,101.0,102.0,26.5,84.0,0.0,8.0,198.0
823432,2681,previous_day1,0.0,101.0,102.0,27.2,64.0,0.0,11.9,115.0
823433,2681,previous_day1,0.0,101.0,102.0,27.8,40.0,0.0,10.0,195.0
823434,2681,previous_day1,0.0,101.0,102.0,26.5,42.0,0.0,9.2,111.0
823435,2681,previous_day1,0.0,101.0,102.0,27.7,34.0,0.0,14.3,78.0
823436,2681,previous_day1,0.0,101.0,102.0,28.7,47.0,0.0,8.8,192.0
823437,2681,previous_day1,0.0,101.0,102.0,27.8,75.0,0.4,12.3,195.0
823438,2681,previous_day1,0.0,101.0,102.0,29.7,37.0,0.0,18.6,279.0
823439,2681,previous_day1,1.0,101.0,102.0,28.8,42.0,0.0,19.0,303.0
823440,2681,previous_day1,0.0,101.0,102.0,36.3,40.0,0.0,15.8,246.0
823441,2681,previous_day1,1.0,101.0,102.0,36.2,42.0,0.0,26.7,207.0
823442,2681,previous_day1,1.0,101.0,102.0,39.1,33.0,0.0,10.5,274.0
823444,2681,previous_day1,0.0,101.0,102.0,28.3,50.0,0.0,21.6,147.0
823445,2681,previous_day1,0.0,101.0,102.0,31.6,36.0,0.0,17.9,195.0
823446,2681,previous_day1,0.0,101.0,102.0,36.0,41.0,0.0,15.8,201.0
823447,2681,previous_day1,0.0,101.0,102.0,26.6,30.0,0.0,16.1,250.0
823448,2681,previous_day1,0.0,101.0,102.0,33.0,39.0,0.0,18.9,261.0
823449,2681,previous_day1,0.0,101.0,102.0,28.8,28.0,0.0,10.6,260.0
823450,2681,previous_day1,1.0,101.0,102.0,26.3,52.0,0.0,11.7,227.0
823451,2681,previous_day1,0.0,101.0,102.0,24.8,26.0,0.0,10.0,195.0
823452,2681,previous_day1,0.0,101.0,102.0,24.0,42.0,0.0,12.5,282.0
823453,2681,previous_day1,1.0,101.0,102.0,31.7,35.0,0.0,18.0,282.0
823454,2681,previous_day1,1.0,101.0,102.0,34.9,24.0,0.0,25.7,239.0
823455,2681,previous_day1,0.0,101.0,102.0,33.1,20.0,0.0,14.8,241.0
823456,2681,previous_day1,0.0,101.0,102.0,27.9,23.0,0.0,6.9,51.0
823457,2681,previous_day1,1.0,101.0,102.0,30.8,23.0,0.0,9.0,307.0
823458,2681,previous_day1,1.0,101.0,102.0,11.8,76.0,0.0,15.1,65.0
823459,2681,previous_day1,1.0,101.0,102.0,14.6,96.0,0.0,12.6,31.0
823460,2681,previous_day1,0.0,101.0,102.0,23.8,24.0,0.0,10.0,13.0
823461,2681,previous_day1,0.0,101.0,102.0,17.0,51.0,0.0,17.8,76.0
823462,2681,previous_day1,1.0,101.0,102.0,35.7,32.0,0.0,16.9,243.0
823463,2681,previous_day1,1.0,101.0,102.0,26.7,34.0,0.0,15.9,242.0
823464,2681,previous_day1,0.0,101.0,102.0,34.5,29.0,0.0,15.0,222.0
823465,2681,previous_day1,0.0,101.0,102.0,33.0,36.0,0.0,17.3,181.0
823466,2681,previous_day1,0.0,101.0,102.0,18.6,33.0,0.0,14.0,305.0
823467,2681,previous_day1,0.0,101.0,102.0,16.4,35.0,0.0,9.7,315.0
823468,2681,previous_day1,0.0,101.0,102.0,16.9,87.0,5.0,12.1,258.0
823469,2681,previous_day1,0.0,101.0,102.0,26.5,26.0,0.0,24.9,185.0
823470,2681,previous_day1,0.0,101.0,102.0,19.9,83.0,0.0,6.9,227.0
823472,2681,previous_day1,1.0,101.0,102.0,14.5,83.0,0.0,11.3,338.0
823473,2681,previous_day1,0.0,101.0,102.0,13.0,62.0,0.0,10.2,122.0
823474,2681,previous_day1,0.0,101.0,102.0,16.2,63.0,0.0,17.3,113.0
823475,2681,previous_day1,0.0,101.0,102.0,8.1,60.0,0.0,18.1,293.0
823476,2681,previous_day1,0.0,101.0,102.0,24.0,44.0,0.0,14.7,343.0
823477,2681,previous_day1,0.0,101.0,102.0,29.8,37.0,0.0,14.9,200.0
823478,2681,previous_day1,0.0,101.0,102.0,28.6,32.0,0.0,17.6,208.0
823479,2681,previous_day1,1.0,101.0,102.0,17.7,30.0,0.0,11.9,155.0
823480,2681,previous_day1,1.0,101.0,102.0,16.6,39.0,0.0,19.2,320.0
823481,2681,previous_day1,0.0,101.0,102.0,24.5,52.0,0.0,21.0,231.0
823482,2681,previous_day1,0.0,101.0,102.0,18.3,49.0,0.0,18.5,173.0
823483,2681,previous_day1,1.0,101.0,102.0,26.3,45.0,0.0,22.1,263.0
823484,2681,previous_day1,0.0,101.0,102.0,20.4,43.0,0.0,15.6,209.0
823485,2681,previous_day1,0.0,101.0,102.0,25.2,43.0,0.0,21.2,198.0
823486,2681,previous_day1,1.0,101.0,102.0,25.1,37.0,0.0,28.9,219.0
823487,2681,previous_day1,1.0,101.0,102.0,11.7,32.0,0.0,22.4,206.0
823488,2681,previous_day1,1.0,101.0,102.0,5.7,35.0,0.0,20.0,300.0
823501,3313,previous_day1,0.0,100.0,100.0,23.8,48.0,0.0,3.3,257.0
823502,3313,previous_day1,1.0,100.0,100.0,26.0,69.0,0.0,15.9,208.0
823503,3313,previous_day1,0.0,100.0,100.0,24.3,81.0,0.0,22.1,168.0
823504,3313,previous_day1,0.0,100.0,100.0,22.5,83.0,0.0,11.3,351.0
823505,3313,previous_day1,0.0,100.0,100.0,24.0,52.0,0.0,12.8,280.0
823506,3313,previous_day1,0.0,100.0,100.0,25.1,58.0,0.0,13.4,174.0
823507,3313,previous_day1,1.0,100.0,100.0,26.8,65.0,0.0,14.3,214.0
823508,3313,previous_day1,1.0,100.0,100.0,28.9,53.0,0.0,15.6,310.0
823509,3313,previous_day1,1.0,100.0,100.0,24.9,67.0,0.0,10.8,90.0
823510,3313,previous_day1,0.0,100.0,100.0,22.2,85.0,0.0,6.6,61.0
823511,3313,previous_day1,0.0,100.0,100.0,29.1,42.0,0.0,9.5,115.0
823512,3313,previous_day1,0.0,100.0,100.0,27.7,63.0,0.0,7.3,191.0
823513,3313,previous_day1,1.0,100.0,100.0,33.4,46.0,0.0,15.7,279.0
823514,3313,previous_day1,1.0,100.0,100.0,27.8,65.0,0.0,18.1,226.0
823515,3313,previous_day1,0.0,100.0,100.0,27.1,76.0,0.0,22.7,47.0
823516,3313,previous_day1,0.0,100.0,100.0,25.6,74.0,0.0,14.4,148.0
823517,3313,previous_day1,0.0,100.0,100.0,23.5,77.0,0.0,7.6,161.0
823518,3313,previous_day1,1.0,100.0,100.0,27.8,74.0,0.0,15.6,230.0
823520,3313,previous_day1,0.0,100.0,100.0,25.7,86.0,0.0,10.2,190.0
823521,3313,previous_day1,0.0,100.0,100.0,25.3,41.0,0.0,13.6,307.0
823522,3313,previous_day1,0.0,100.0,100.0,25.2,48.0,0.0,19.8,161.0
823524,3313,previous_day1,0.0,100.0,100.0,31.3,19.0,0.0,11.5,302.0
823525,3313,previous_day1,1.0,100.0,100.0,29.7,65.0,0.0,9.9,170.0
823526,3313,previous_day1,1.0,100.0,100.0,37.6,34.0,0.0,21.2,288.0
823527,3313,previous_day1,0.0,100.0,100.0,39.0,24.0,0.0,17.6,296.0
823528,3313,previous_day1,0.0,100.0,100.0,29.8,42.0,0.0,16.4,165.0
823529,3313,previous_day1,0.0,100.0,100.0,27.7,51.0,0.0,15.5,155.0
823530,3313,previous_day1,1.0,100.0,100.0,36.4,42.0,0.0,12.7,227.0
823531,3313,previous_day1,1.0,100.0,100.0,27.7,35.0,0.0,11.8,301.0
823532,3313,previous_day1,1.0,100.0,100.0,27.9,24.0,0.0,21.9,279.0
823533,3313,previous_day1,0.0,100.0,100.0,28.6,39.0,0.0,17.2,254.0
823534,3313,previous_day1,0.0,100.0,100.0,27.1,29.0,0.0,19.8,289.0
823535,3313,previous_day1,0.0,100.0,100.0,23.0,41.0,0.0,19.8,179.0
823536,3313,previous_day1,0.0,100.0,100.0,21.5,68.0,0.0,16.8,135.0
823537,3313,previous_day1,1.0,100.0,100.0,29.5,38.0,0.0,22.9,292.0
823538,3313,previous_day1,0.0,100.0,100.0,29.9,28.0,0.0,12.1,163.0
823540,3313,previous_day1,0.0,100.0,100.0,21.9,35.0,0.0,16.5,157.0
823541,3313,previous_day1,0.0,100.0,100.0,23.7,25.0,0.0,14.5,353.0
823542,3313,previous_day1,1.0,100.0,100.0,30.9,23.0,0.0,10.6,294.0
823544,3313,previous_day1,1.0,100.0,100.0,12.7,94.0,0.0,16.3,59.0
823545,3313,previous_day1,0.0,100.0,100.0,16.7,71.0,0.0,8.9,153.0
823546,3313,previous_day1,0.0,100.0,100.0,17.2,40.0,0.0,15.0,117.0
823547,3313,previous_day1,0.0,100.0,100.0,23.0,68.0,0.0,17.9,332.0
823548,3313,previous_day1,0.0,100.0,100.0,33.9,31.0,0.0,20.0,256.0
823549,3313,previous_day1,0.0,100.0,100.0,21.3,76.0,0.0,16.0,149.0
823550,3313,previous_day1,0.0,100.0,100.0,18.0,88.0,0.0,10.8,180.0
823551,3313,previous_day1,1.0,100.0,100.0,17.0,25.0,0.0,16.1,312.0
823552,3313,previous_day1,0.0,100.0,100.0,21.0,31.0,0.0,12.6,183.0
823553,3313,previous_day1,0.0,100.0,100.0,24.3,41.0,0.0,22.9,172.0
823554,3313,previous_day1,1.0,100.0,100.0,15.7,40.0,0.0,18.9,301.0
823555,3313,previous_day1,1.0,100.0,100.0,12.5,30.0,0.0,25.8,297.0
823556,3313,previous_day1,1.0,100.0,100.0,7.5,81.0,1.8,24.2,307.0
823557,3313,previous_day1,0.0,100.0,100.0,13.2,56.0,0.0,16.9,168.0
823558,3313,previous_day1,1.0,100.0,100.0,18.8,63.0,0.0,17.1,62.0
823559,3313,previous_day1,0.0,100.0,100.0,21.7,49.0,0.0,14.1,4.0
823560,3313,previous_day1,1.0,100.0,100.0,32.0,38.0,0.0,19.1,191.0
823561,3313,previous_day1,0.0,100.0,100.0,30.1,37.0,0.0,21.7,243.0
823562,3313,previous_day1,0.0,100.0,100.0,22.6,74.0,0.0,5.9,256.0
823563,3313,previous_day1,0.0,100.0,100.0,24.5,45.0,0.0,23.7,234.0
823564,3313,previous_day1,0.0,100.0,100.0,4.4,36.0,0.0,15.3,150.0
823565,3313,previous_day1,1.0,100.0,100.0,5.8,42.0,0.0,16.6,162.0
823566,3313,previous_day1,1.0,100.0,100.0,16.2,91.0,2.5,18.4,276.0
823567,3313,previous_day1,0.0,100.0,100.0,3.7,36.0,0.0,28.7,297.0
823568,3313,previous_day1,1.0,100.0,100.0,11.8,90.0,0.0,13.4,207.0
823569,3313,previous_day1,0.0,100.0,100.0,10.8,57.0,0.0,20.0,108.0
823580,3289,previous_day1,1.0,98.0,96.0,24.1,87.0,0.0,13.0,204.0
823581,3289,previous_day1,0.0,98.0,96.0,24.9,83.0,0.0,25.3,169.0
823582,3289,previous_day1,1.0,98.0,96.0,23.8,52.0,0.0,4.5,209.0
823583,3289,previous_day1,0.0,98.0,96.0,22.4,88.0,0.7,12.4,22.0
823584,3289,previous_day1,0.0,98.0,96.0,23.8,69.0,0.0,14.1,174.0
823585,3289,previous_day1,0.0,98.0,96.0,23.8,55.0,0.0,11.8,282.0
823586,3289,previous_day1,0.0,98.0,96.0,24.0,95.0,0.7,7.6,95.0
823587,3289,previous_day1,1.0,98.0,96.0,30.0,50.0,0.0,16.6,222.0
823588,3289,previous_day1,1.0,98.0,96.0,28.9,42.0,0.0,10.2,23.0
823589,3289,previous_day1,0.0,98.0,96.0,27.9,77.0,0.0,4.8,103.0
823590,3289,previous_day1,1.0,98.0,96.0,27.3,52.0,0.0,20.2,161.0
823591,3289,previous_day1,0.0,98.0,96.0,28.1,46.0,0.0,8.1,148.0
823592,3289,previous_day1,1.0,98.0,96.0,27.9,64.0,0.0,25.0,157.0
823593,3289,previous_day1,0.0,98.0,96.0,26.4,65.0,0.0,11.7,171.0
823594,3289,previous_day1,1.0,98.0,96.0,28.5,57.0,0.0,22.1,161.0
823595,3289,previous_day1,0.0,98.0,96.0,24.1,73.0,0.0,12.4,350.0
823596,3289,previous_day1,1.0,98.0,96.0,22.5,89.0,0.0,5.8,292.0
823597,3289,previous_day1,0.0,98.0,96.0,25.9,64.0,0.0,15.1,142.0
823599,3289,previous_day1,1.0,98.0,96.0,28.9,36.0,0.0,2.5,90.0
823600,3289,previous_day1,0.0,98.0,96.0,24.9,40.0,0.0,13.6,107.0
823601,3289,previous_day1,0.0,98.0,96.0,24.7,46.0,0.0,14.3,139.0
823602,3289,previous_day1,1.0,98.0,96.0,30.7,33.0,0.0,4.7,86.0
823603,3289,previous_day1,1.0,98.0,96.0,22.7,92.0,0.7,13.5,42.0
823604,3289,previous_day1,0.0,98.0,96.0,22.7,93.0,21.2,16.7,251.0
823605,3289,previous_day1,0.0,98.0,96.0,26.3,58.0,0.0,14.8,186.0
823606,3289,previous_day1,1.0,98.0,96.0,29.0,72.0,0.0,16.7,205.0
823607,3289,previous_day1,0.0,98.0,96.0,21.6,83.0,0.0,11.5,356.0
823608,3289,previous_day1,1.0,98.0,96.0,26.2,68.0,0.0,13.4,144.0
823609,3289,previous_day1,1.0,98.0,96.0,27.4,57.0,0.0,11.9,178.0
823610,3289,previous_day1,0.0,98.0,96.0,27.6,59.0,0.0,18.1,173.0
823611,3289,previous_day1,0.0,98.0,96.0,27.6,29.0,0.0,12.3,322.0
823612,3289,previous_day1,0.0,98.0,96.0,25.1,46.0,0.0,23.1,162.0
823614,3289,previous_day1,0.0,98.0,96.0,20.3,89.0,1.4,10.0,339.0
823615,3289,previous_day1,1.0,98.0,96.0,31.8,39.0,0.0,22.6,166.0
823616,3289,previous_day1,1.0,98.0,96.0,31.6,30.0,0.0,15.9,288.0
823617,3289,previous_day1,0.0,98.0,96.0,28.8,68.0,0.0,3.6,84.0
823618,3289,previous_day1,0.0,98.0,96.0,23.5,83.0,0.0,15.8,153.0
823619,3289,previous_day1,1.0,98.0,96.0,32.4,55.0,0.0,16.5,280.0
823620,3289,previous_day1,0.0,98.0,96.0,19.9,60.0,0.0,20.5,158.0
823621,3289,previous_day1,1.0,98.0,96.0,23.4,29.0,0.0,15.1,298.0
823622,3289,previous_day1,1.0,98.0,96.0,17.2,42.0,0.0,26.9,352.0
823623,3289,previous_day1,0.0,98.0,96.0,23.6,33.0,0.0,15.9,245.0
823624,3289,previous_day1,0.0,98.0,96.0,20.4,67.0,0.0,11.0,169.0
823625,3289,previous_day1,1.0,98.0,96.0,20.3,88.0,0.0,11.0,232.0
823626,3289,previous_day1,0.0,98.0,96.0,29.5,43.0,0.0,10.5,278.0
823627,3289,previous_day1,0.0,98.0,96.0,20.1,53.0,0.0,20.7,173.0
823628,3289,previous_day1,1.0,98.0,96.0,31.9,28.0,0.0,17.1,240.0
823629,3289,previous_day1,0.0,98.0,96.0,18.0,58.0,0.0,12.0,353.0
823630,3289,previous_day1,1.0,98.0,96.0,16.7,68.0,0.0,15.1,295.0
823631,3289,previous_day1,0.0,98.0,96.0,16.2,59.0,0.0,31.5,169.0
823632,3289,previous_day1,0.0,98.0,96.0,14.0,45.0,0.0,18.3,165.0
823633,3289,previous_day1,0.0,98.0,96.0,11.4,63.0,0.0,12.6,156.0
823634,3289,previous_day1,1.0,98.0,96.0,10.9,93.0,0.0,4.8,312.0
823635,3289,previous_day1,1.0,98.0,96.0,10.8,74.0,0.0,17.1,41.0
823636,3289,previous_day1,0.0,98.0,96.0,11.9,57.0,0.0,11.7,146.0
823638,3289,previous_day1,0.0,98.0,96.0,11.1,59.0,0.0,16.9,153.0
823639,3289,previous_day1,0.0,98.0,96.0,21.8,28.0,0.0,13.1,328.0
823640,3289,previous_day1,0.0,98.0,96.0,7.5,44.0,0.0,18.5,153.0
823641,3289,previous_day1,0.0,98.0,96.0,10.5,85.0,0.0,6.7,16.0
823642,3289,previous_day1,1.0,98.0,96.0,12.8,34.0,0.0,18.4,169.0
823643,3289,previous_day1,0.0,98.0,96.0,11.2,69.0,0.0,21.8,164.0
823644,3289,previous_day1,1.0,98.0,96.0,15.8,30.0,0.0,23.4,314.0
823645,3289,previous_day1,0.0,98.0,96.0,5.3,66.0,0.0,14.2,153.0
823646,3289,previous_day1,1.0,98.0,96.0,7.9,32.0,0.0,16.8,165.0
823647,3289,previous_day1,1.0,98.0,96.0,9.2,45.0,0.0,22.9,172.0
823648,3289,previous_day1,1.0,98.0,96.0,8.9,19.0,0.0,28.5,288.0
823649,3289,previous_day1,1.0,98.0,96.0,20.4,41.0,0.0,25.6,218.0
823651,3289,previous_day1,1.0,98.0,96.0,4.7,34.0,0.0,25.1,291.0
823660,3312,previous_day1,0.0,103.0,106.0,29.3,49.0,0.0,6.3,103.0
823661,3312,previous_day1,0.0,103.0,106.0,29.1,38.0,0.0,6.6,283.0
823662,3312,previous_day1,1.0,103.0,106.0,27.1,77.0,0.0,13.2,133.0
823663,3312,previous_day1,0.0,103.0,106.0,30.3,26.0,0.0,5.4,290.0
823664,3312,previous_day1,1.0,103.0,106.0,26.3,28.0,0.0,6.4,333.0
823665,3312,previous_day1,1.0,103.0,106.0,21.5,85.0,0.0,21.2,145.0
823666,3312,previous_day1,0.0,103.0,106.0,28.2,37.0,0.0,4.7,247.0
823667,3312,previous_day1,0.0,103.0,106.0,26.3,37.0,0.0,17.7,322.0
823668,3312,previous_day1,0.0,103.0,106.0,25.0,48.0,0.7,8.4,277.0
823669,5445,previous_day1,0.0,100.0,100.0,,,,,
823670,3312,previous_day1,1.0,103.0,106.0,21.7,73.0,0.0,15.8,330.0
823671,3312,previous_day1,0.0,103.0,106.0,30.7,53.0,0.0,16.3,256.0
823672,3312,previous_day1,1.0,103.0,106.0,32.2,36.0,0.0,10.2,32.0
823673,3312,previous_day1,0.0,103.0,106.0,31.6,39.0,0.0,4.3,132.0
823674,3312,previous_day1,1.0,103.0,106.0,33.0,42.0,0.0,17.1,205.0
823675,3312,previous_day1,0.0,103.0,106.0,31.2,30.0,0.0,5.7,72.0
823676,3312,previous_day1,0.0,103.0,106.0,32.5,32.0,0.0,8.3,2.0
823677,3312,previous_day1,0.0,103.0,106.0,32.2,39.0,0.0,11.6,144.0
823678,3312,previous_day1,1.0,103.0,106.0,35.6,38.0,0.0,10.1,176.0
823679,3312,previous_day1,0.0,103.0,106.0,36.3,33.0,0.0,7.0,305.0
823680,3312,previous_day1,0.0,103.0,106.0,27.5,48.0,0.0,18.1,193.0
823681,3312,previous_day1,1.0,103.0,106.0,33.9,41.0,0.0,13.8,223.0
823682,3312,previous_day1,1.0,103.0,106.0,32.2,41.0,0.0,7.6,185.0
823683,3312,previous_day1,1.0,103.0,106.0,28.5,41.0,0.0,13.3,19.0
823684,3312,previous_day1,0.0,103.0,106.0,23.9,74.0,0.0,11.1,335.0
823685,3312,previous_day1,0.0,103.0,106.0,31.2,35.0,0.0,9.7,255.0
823686,3312,previous_day1,1.0,103.0,106.0,20.3,88.0,0.0,18.8,133.0
823687,3312,previous_day1,0.0,103.0,106.0,31.7,57.0,0.0,3.5,66.0
823688,3312,previous_day1,0.0,103.0,106.0,25.5,50.0,0.0,11.8,168.0
823689,3312,previous_day1,0.0,103.0,106.0,27.3,37.0,0.0,19.6,144.0
823690,3312,previous_day1,0.0,103.0,106.0,18.0,94.0,0.0,15.0,73.0
823691,3312,previous_day1,0.0,103.0,106.0,22.0,53.0,0.0,19.3,297.0
823692,3312,previous_day1,0.0,103.0,106.0,24.1,33.0,0.0,13.8,41.0
823693,3312,previous_day1,1.0,103.0,106.0,19.1,40.0,0.0,21.9,314.0
823694,3312,previous_day1,1.0,103.0,106.0,22.5,36.0,0.0,23.5,288.0
823695,3312,previous_day1,0.0,103.0,106.0,26.3,33.0,0.0,18.6,255.0
823696,3312,previous_day1,1.0,103.0,106.0,32.2,38.0,0.0,19.9,136.0
823697,3312,previous_day1,1.0,103.0,106.0,30.1,35.0,0.0,10.4,326.0
823698,3312,previous_day1,0.0,103.0,106.0,22.9,62.0,0.0,29.1,301.0
823699,3312,previous_day1,0.0,103.0,106.0,27.0,54.0,0.0,10.9,297.0
823700,3312,previous_day1,0.0,103.0,106.0,27.6,26.0,0.0,11.9,182.0
823701,3312,previous_day1,1.0,103.0,106.0,27.7,33.0,0.0,20.3,197.0
823702,3312,previous_day1,0.0,103.0,106.0,27.9,47.0,0.0,8.7,45.0
823703,3312,previous_day1,1.0,103.0,106.0,12.6,55.0,0.0,4.9,343.0
823704,3312,previous_day1,0.0,103.0,106.0,8.5,79.0,0.0,16.1,318.0
823705,3312,previous_day1,0.0,103.0,106.0,15.4,90.0,0.0,8.7,355.0
823706,3312,previous_day1,0.0,103.0,106.0,25.3,21.0,0.0,13.4,329.0
823707,3312,previous_day1,0.0,103.0,106.0,29.5,14.0,0.0,18.2,261.0
823708,3312,previous_day1,1.0,103.0,106.0,13.1,88.0,0.0,18.2,115.0
823709,3312,previous_day1,1.0,103.0,106.0,24.6,26.0,0.0,26.8,174.0
823710,3312,previous_day1,0.0,103.0,106.0,20.8,26.0,0.0,13.4,8.0
823711,3312,previous_day1,1.0,103.0,106.0,16.3,43.0,0.0,22.1,323.0
823712,3312,previous_day1,0.0,103.0,106.0,16.4,46.0,0.0,30.3,318.0
823713,3312,previous_day1,0.0,103.0,106.0,10.9,30.0,0.0,7.4,337.0
823714,3312,previous_day1,0.0,103.0,106.0,7.9,51.0,0.0,12.3,310.0
823715,3312,previous_day1,1.0,103.0,106.0,15.0,29.0,0.0,15.9,252.0
823716,3312,previous_day1,0.0,103.0,106.0,8.7,60.0,0.0,15.4,303.0
823717,3312,previous_day1,1.0,103.0,106.0,8.5,49.0,0.0,15.7,307.0
823718,3312,previous_day1,1.0,103.0,106.0,4.5,33.0,0.0,22.0,328.0
823719,3312,previous_day1,0.0,103.0,106.0,12.5,92.0,0.0,21.3,292.0
823720,3312,previous_day1,0.0,103.0,106.0,5.1,66.0,0.0,21.4,314.0
823721,3312,previous_day1,1.0,103.0,106.0,1.3,51.0,0.0,27.6,292.0
823722,3312,previous_day1,1.0,103.0,106.0,15.5,64.0,0.0,7.9,120.0
823723,3312,previous_day1,0.0,103.0,106.0,17.6,66.0,0.0,5.6,130.0
823724,3312,previous_day1,1.0,103.0,106.0,5.8,37.0,0.0,12.5,288.0
823725,3312,previous_day1,0.0,103.0,106.0,18.5,71.0,0.0,15.6,64.0
823726,3312,previous_day1,0.0,103.0,106.0,10.6,38.0,0.0,15.5,257.0
823727,3312,previous_day1,0.0,103.0,106.0,6.7,30.0,0.0,19.5,168.0
823728,3312,previous_day1,0.0,103.0,106.0,-0.5,29.0,0.0,18.8,4.0
823729,3312,previous_day1,1.0,103.0,106.0,8.0,50.0,0.0,20.6,297.0
823730,3312,previous_day1,0.0,103.0,106.0,1.4,81.0,0.0,24.4,304.0
823732,3312,previous_day1,1.0,103.0,106.0,3.4,88.0,0.0,11.4,79.0
823740,32,previous_day1,1.0,97.0,94.0,,,,,
823741,32,previous_day1,0.0,97.0,94.0,,,,,
823743,32,previous_day1,1.0,97.0,94.0,,,,,
823744,32,previous_day1,0.0,97.0,94.0,,,,,
823745,2735,previous_day1,0.0,100.0,100.0,21.3,62.0,0.0,19.9,264.0
823746,32,previous_day1,1.0,97.0,94.0,,,,,
823747,32,previous_day1,1.0,97.0,94.0,,,,,
823748,32,previous_day1,0.0,97.0,94.0,,,,,
823749,32,previous_day1,0.0,97.0,94.0,,,,,
823750,32,previous_day1,0.0,97.0,94.0,,,,,
823751,32,previous_day1,1.0,97.0,94.0,,,,,
823752,32,previous_day1,0.0,97.0,94.0,,,,,
823753,32,previous_day1,0.0,97.0,94.0,,,,,
823754,32,previous_day1,1.0,97.0,94.0,,,,,
823755,32,previous_day1,1.0,97.0,94.0,,,,,
823756,32,previous_day1,0.0,97.0,94.0,,,,,
823757,32,previous_day1,0.0,97.0,94.0,,,,,
823758,32,previous_day1,0.0,97.0,94.0,,,,,
823759,32,previous_day1,1.0,97.0,94.0,,,,,
823760,32,previous_day1,0.0,97.0,94.0,,,,,
823761,32,previous_day1,1.0,97.0,94.0,,,,,
823762,32,previous_day1,0.0,97.0,94.0,,,,,
823763,32,previous_day1,1.0,97.0,94.0,,,,,
823764,32,previous_day1,1.0,97.0,94.0,,,,,
823765,32,previous_day1,1.0,97.0,94.0,,,,,
823766,32,previous_day1,0.0,97.0,94.0,,,,,
823767,32,previous_day1,0.0,97.0,94.0,,,,,
823768,32,previous_day1,0.0,97.0,94.0,,,,,
823769,32,previous_day1,1.0,97.0,94.0,,,,,
823770,32,previous_day1,0.0,97.0,94.0,,,,,
823771,32,previous_day1,0.0,97.0,94.0,,,,,
823772,32,previous_day1,1.0,97.0,94.0,,,,,
823773,32,previous_day1,0.0,97.0,94.0,,,,,
823774,32,previous_day1,0.0,97.0,94.0,,,,,
823775,32,previous_day1,0.0,97.0,94.0,,,,,
823776,32,previous_day1,0.0,97.0,94.0,,,,,
823777,32,previous_day1,1.0,97.0,94.0,,,,,
823778,32,previous_day1,0.0,97.0,94.0,,,,,
823779,32,previous_day1,1.0,97.0,94.0,,,,,
823780,32,previous_day1,0.0,97.0,94.0,,,,,
823781,32,previous_day1,0.0,97.0,94.0,,,,,
823782,32,previous_day1,0.0,97.0,94.0,,,,,
823783,32,previous_day1,1.0,97.0,94.0,,,,,
823784,32,previous_day1,1.0,97.0,94.0,,,,,
823785,32,previous_day1,0.0,97.0,94.0,,,,,
823786,32,previous_day1,1.0,97.0,94.0,,,,,
823787,32,previous_day1,0.0,97.0,94.0,,,,,
823788,32,previous_day1,0.0,97.0,94.0,,,,,
823789,32,previous_day1,1.0,97.0,94.0,,,,,
823790,32,previous_day1,0.0,97.0,94.0,,,,,
823791,32,previous_day1,0.0,97.0,94.0,,,,,
823792,32,previous_day1,0.0,97.0,94.0,,,,,
823793,32,previous_day1,1.0,97.0,94.0,,,,,
823794,32,previous_day1,0.0,97.0,94.0,,,,,
823795,32,previous_day1,1.0,97.0,94.0,,,,,
823796,32,previous_day1,0.0,97.0,94.0,,,,,
823797,32,previous_day1,1.0,97.0,94.0,,,,,
823798,32,previous_day1,0.0,97.0,94.0,,,,,
823799,32,previous_day1,0.0,97.0,94.0,,,,,
823800,32,previous_day1,0.0,97.0,94.0,,,,,
823801,32,previous_day1,1.0,97.0,94.0,,,,,
823802,32,previous_day1,0.0,97.0,94.0,,,,,
823803,32,previous_day1,0.0,97.0,94.0,,,,,
823804,32,previous_day1,1.0,97.0,94.0,,,,,
823805,32,previous_day1,0.0,97.0,94.0,,,,,
823806,32,previous_day1,1.0,97.0,94.0,,,,,
823807,32,previous_day1,0.0,97.0,94.0,,,,,
823808,32,previous_day1,0.0,97.0,94.0,,,,,
823809,32,previous_day1,0.0,97.0,94.0,,,,,
823810,32,previous_day1,1.0,97.0,94.0,,,,,
823811,32,previous_day1,0.0,97.0,94.0,,,,,
823812,32,previous_day1,1.0,97.0,94.0,,,,,
823825,4169,previous_day1,0.0,101.0,102.0,27.3,84.0,0.0,9.8,82.0
823826,4169,previous_day1,0.0,101.0,102.0,29.6,68.0,0.0,3.1,135.0
823827,4169,previous_day1,1.0,101.0,102.0,32.3,62.0,0.0,16.7,143.0
823828,4169,previous_day1,0.0,101.0,102.0,29.1,73.0,0.0,6.6,103.0
823829,4169,previous_day1,1.0,101.0,102.0,32.5,64.0,0.0,9.7,132.0
823830,4169,previous_day1,0.0,101.0,102.0,30.1,71.0,0.0,12.1,157.0
823831,4169,previous_day1,1.0,101.0,102.0,31.8,66.0,0.0,17.3,135.0
823832,4169,previous_day1,0.0,101.0,102.0,30.1,72.0,0.0,7.7,127.0
823833,4169,previous_day1,0.0,101.0,102.0,27.8,82.0,0.0,10.5,262.0
823834,4169,previous_day1,1.0,101.0,102.0,30.6,70.0,0.0,13.4,104.0
823835,4169,previous_day1,1.0,101.0,102.0,30.7,70.0,0.0,16.7,96.0
823836,4169,previous_day1,0.0,101.0,102.0,28.1,86.0,0.0,7.2,127.0
823837,4169,previous_day1,1.0,101.0,102.0,31.4,61.0,0.0,13.8,227.0
823838,4169,previous_day1,0.0,101.0,102.0,29.1,70.0,0.0,14.0,209.0
823839,4169,previous_day1,0.0,101.0,102.0,27.7,83.0,0.0,7.9,204.0
823840,4169,previous_day1,1.0,101.0,102.0,24.1,89.0,9.4,9.2,225.0
823841,4169,previous_day1,1.0,101.0,102.0,29.3,72.0,0.0,8.7,156.0
823842,4169,previous_day1,1.0,101.0,102.0,31.8,66.0,0.0,9.2,111.0
823843,4169,previous_day1,0.0,101.0,102.0,29.9,67.0,0.0,7.4,76.0
823844,4169,previous_day1,1.0,101.0,102.0,31.2,74.0,0.0,15.5,149.0
823845,4169,previous_day1,0.0,101.0,102.0,30.1,71.0,0.0,13.4,66.0
823846,4169,previous_day1,0.0,101.0,102.0,29.2,72.0,0.0,11.9,90.0
823847,4169,previous_day1,0.0,101.0,102.0,30.0,67.0,0.0,6.6,103.0
823848,4169,previous_day1,0.0,101.0,102.0,28.4,71.0,0.0,10.2,108.0
823849,4169,previous_day1,0.0,101.0,102.0,28.1,78.0,0.0,8.5,234.0
823850,4169,previous_day1,1.0,101.0,102.0,31.6,64.0,0.0,11.8,149.0
823851,4169,previous_day1,0.0,101.0,102.0,30.0,71.0,0.0,13.2,137.0
823852,4169,previous_day1,1.0,101.0,102.0,32.7,60.0,0.0,14.8,151.0
823853,4169,previous_day1,0.0,101.0,102.0,29.8,69.0,0.0,11.3,173.0
823854,4169,previous_day1,1.0,101.0,102.0,25.2,95.0,0.0,19.5,3.0
823855,4169,previous_day1,1.0,101.0,102.0,27.6,86.0,0.0,8.6,90.0
823856,4169,previous_day1,0.0,101.0,102.0,28.6,61.0,0.0,11.5,86.0
823857,4169,previous_day1,1.0,101.0,102.0,28.5,75.0,0.0,17.5,82.0
823858,4169,previous_day1,0.0,101.0,102.0,27.8,74.0,0.0,11.9,87.0
823859,4169,previous_day1,1.0,101.0,102.0,27.9,70.0,0.0,17.1,55.0
823860,4169,previous_day1,0.0,101.0,102.0,25.0,74.0,0.0,9.9,57.0
823861,4169,previous_day1,1.0,101.0,102.0,28.9,70.0,0.0,19.5,106.0
823862,4169,previous_day1,1.0,101.0,102.0,30.0,68.0,0.0,18.7,109.0
823863,4169,previous_day1,0.0,101.0,102.0,28.2,70.0,0.0,15.5,95.0
823864,4169,previous_day1,0.0,101.0,102.0,28.1,66.0,0.0,13.8,99.0
823865,4169,previous_day1,1.0,101.0,102.0,25.2,94.0,68.0,28.5,65.0
823866,4169,previous_day1,0.0,101.0,102.0,27.9,72.0,0.0,16.6,86.0
823867,4169,previous_day1,0.0,101.0,102.0,27.8,70.0,0.0,17.9,62.0
823868,4169,previous_day1,1.0,101.0,102.0,30.7,64.0,0.0,16.8,145.0
823869,4169,previous_day1,1.0,101.0,102.0,30.2,65.0,0.0,23.4,155.0
823870,4169,previous_day1,0.0,101.0,102.0,30.2,62.0,0.0,11.2,174.0
823871,4169,previous_day1,0.0,101.0,102.0,27.8,74.0,0.0,13.5,132.0
823872,4169,previous_day1,0.0,101.0,102.0,27.1,72.0,0.0,12.5,108.0
823873,4169,previous_day1,0.0,101.0,102.0,26.3,78.0,0.0,11.9,93.0
823874,4169,previous_day1,0.0,101.0,102.0,22.6,87.0,0.0,13.0,34.0
823875,4169,previous_day1,1.0,101.0,102.0,27.2,73.0,0.0,9.5,299.0
823876,4169,previous_day1,1.0,101.0,102.0,33.0,47.0,0.0,25.6,184.0
823877,4169,previous_day1,0.0,101.0,102.0,26.8,69.0,0.0,19.6,167.0
823878,4169,previous_day1,1.0,101.0,102.0,25.5,48.0,0.0,19.9,85.0
823879,4169,previous_day1,0.0,101.0,102.0,23.2,87.0,0.0,7.3,101.0
823880,4169,previous_day1,0.0,101.0,102.0,23.5,49.0,0.0,22.1,44.0
823881,4169,previous_day1,1.0,101.0,102.0,26.9,73.0,0.0,9.5,155.0
823882,4169,previous_day1,1.0,101.0,102.0,28.1,63.0,0.0,16.2,94.0
823883,4169,previous_day1,0.0,101.0,102.0,25.3,70.0,0.0,15.1,62.0
823884,4169,previous_day1,1.0,101.0,102.0,24.2,71.0,0.0,18.3,43.0
823885,4169,previous_day1,0.0,101.0,102.0,23.4,75.0,0.0,5.4,180.0
823886,4169,previous_day1,0.0,101.0,102.0,23.7,61.0,0.0,8.0,98.0
823887,4169,previous_day1,0.0,101.0,102.0,21.1,64.0,1.1,11.3,63.0
823888,4169,previous_day1,0.0,101.0,102.0,24.7,62.0,0.0,15.0,73.0
823889,4169,previous_day1,1.0,101.0,102.0,26.6,51.0,0.0,19.2,77.0
823890,4169,previous_day1,0.0,101.0,102.0,23.7,66.0,0.0,20.6,71.0
823891,4169,previous_day1,1.0,101.0,102.0,23.5,80.0,0.0,19.4,50.0
823892,4169,previous_day1,1.0,101.0,102.0,27.5,63.0,0.0,17.7,78.0
823893,4169,previous_day1,0.0,101.0,102.0,24.6,70.0,0.0,10.6,100.0
823906,22,previous_day1,0.0,101.0,102.0,21.9,56.0,0.0,9.8,246.0
823907,22,previous_day1,0.0,101.0,102.0,20.6,68.0,0.0,10.2,252.0
823908,22,previous_day1,0.0,101.0,102.0,19.8,68.0,0.0,10.5,248.0
823909,22,previous_day1,1.0,101.0,102.0,35.4,31.0,0.0,13.5,245.0
823910,22,previous_day1,1.0,101.0,102.0,32.7,33.0,0.0,14.1,257.0
823911,22,previous_day1,0.0,101.0,102.0,26.0,55.0,0.0,9.1,261.0
823912,22,previous_day1,1.0,101.0,102.0,29.2,47.0,0.0,14.4,238.0
823913,22,previous_day1,0.0,101.0,102.0,21.6,71.0,0.0,12.0,249.0
823914,22,previous_day1,1.0,101.0,102.0,24.9,61.0,0.0,16.4,251.0
823915,22,previous_day1,0.0,101.0,102.0,21.8,78.0,0.0,11.6,244.0
823916,22,previous_day1,0.0,101.0,102.0,21.1,84.0,0.0,10.0,255.0
823917,22,previous_day1,0.0,101.0,102.0,22.2,79.0,0.0,7.6,239.0
823918,22,previous_day1,0.0,101.0,102.0,22.4,73.0,0.0,9.9,251.0
823919,22,previous_day1,1.0,101.0,102.0,30.5,51.0,0.0,14.2,240.0
823920,22,previous_day1,0.0,101.0,102.0,28.9,41.0,0.0,10.8,249.0
823921,22,previous_day1,0.0,101.0,102.0,23.6,65.0,0.0,10.6,246.0
823922,22,previous_day1,0.0,101.0,102.0,25.9,59.0,0.0,10.5,248.0
823923,22,previous_day1,0.0,101.0,102.0,24.5,67.0,0.0,11.5,250.0
823924,22,previous_day1,0.0,101.0,102.0,23.8,65.0,0.0,10.5,254.0
823925,22,previous_day1,1.0,101.0,102.0,27.6,53.0,0.0,8.7,218.0
823926,22,previous_day1,0.0,101.0,102.0,24.7,60.0,0.0,11.3,173.0
823927,22,previous_day1,0.0,101.0,102.0,24.7,61.0,0.0,10.2,222.0
823928,22,previous_day1,0.0,101.0,102.0,25.5,48.0,0.0,9.3,242.0
823929,22,previous_day1,0.0,101.0,102.0,24.2,54.0,0.0,11.4,242.0
823930,22,previous_day1,0.0,101.0,102.0,21.9,63.0,0.0,12.0,254.0
823931,22,previous_day1,1.0,101.0,102.0,24.8,52.0,0.0,15.3,251.0
823932,22,previous_day1,0.0,101.0,102.0,20.5,67.0,0.0,11.1,257.0
823933,22,previous_day1,0.0,101.0,102.0,20.3,66.0,0.0,12.0,254.0
823934,22,previous_day1,1.0,101.0,102.0,22.7,60.0,0.0,14.0,235.0
823935,22,previous_day1,0.0,101.0,102.0,19.6,69.0,0.0,11.7,259.0
823936,22,previous_day1,0.0,101.0,102.0,18.7,71.0,0.0,14.4,248.0
823937,22,previous_day1,0.0,101.0,102.0,18.2,73.0,0.0,14.5,251.0
823938,22,previous_day1,0.0,101.0,102.0,19.8,77.0,0.0,11.9,245.0
823939,22,previous_day1,0.0,101.0,102.0,19.6,76.0,0.0,11.0,247.0
823940,22,previous_day1,1.0,101.0,102.0,23.2,65.0,0.0,9.4,220.0
823941,22,previous_day1,1.0,101.0,102.0,24.6,51.0,0.0,14.5,228.0
823942,22,previous_day1,0.0,101.0,102.0,19.7,75.0,0.0,11.5,212.0
823943,22,previous_day1,0.0,101.0,102.0,20.4,72.0,0.0,11.2,230.0
823944,22,previous_day1,1.0,101.0,102.0,27.0,46.0,0.0,16.2,249.0
823945,22,previous_day1,0.0,101.0,102.0,19.9,63.0,0.0,8.9,238.0
823946,22,previous_day1,0.0,101.0,102.0,17.3,67.0,0.0,13.7,256.0
823947,22,previous_day1,0.0,101.0,102.0,15.4,66.0,0.0,13.5,241.0
823948,22,previous_day1,0.0,101.0,102.0,17.6,66.0,0.0,16.2,249.0
823949,22,previous_day1,0.0,101.0,102.0,14.8,62.0,0.0,15.5,234.0
823950,22,previous_day1,0.0,101.0,102.0,18.3,69.0,0.0,11.0,247.0
823951,22,previous_day1,0.0,101.0,102.0,17.2,76.0,0.0,13.6,248.0
823952,22,previous_day1,0.0,101.0,102.0,17.4,75.0,0.0,12.7,245.0
823953,22,previous_day1,0.0,101.0,102.0,18.6,72.0,0.0,11.1,245.0
823954,22,previous_day1,1.0,101.0,102.0,27.2,42.0,0.0,10.9,226.0
823955,22,previous_day1,0.0,101.0,102.0,21.3,62.0,0.0,10.2,252.0
823956,22,previous_day1,0.0,101.0,102.0,16.7,60.0,0.0,11.2,249.0
823957,22,previous_day1,0.0,101.0,102.0,17.3,79.0,0.0,8.9,243.0
823958,22,previous_day1,1.0,101.0,102.0,22.6,40.0,0.0,7.9,219.0
823959,22,previous_day1,1.0,101.0,102.0,17.3,54.0,0.0,20.3,253.0
823960,22,previous_day1,1.0,101.0,102.0,16.7,54.0,0.0,16.9,250.0
823961,22,previous_day1,0.0,101.0,102.0,15.2,58.0,0.0,13.5,245.0
823962,22,previous_day1,0.0,101.0,102.0,18.0,65.0,0.0,11.9,235.0
823963,22,previous_day1,0.0,101.0,102.0,17.3,69.0,0.0,10.7,258.0
823964,22,previous_day1,0.0,101.0,102.0,15.2,47.0,0.0,17.8,256.0
823965,22,previous_day1,0.0,101.0,102.0,17.0,54.0,0.0,10.8,249.0
823966,22,previous_day1,1.0,101.0,102.0,16.3,59.0,0.0,18.6,255.0
823967,22,previous_day1,0.0,101.0,102.0,16.7,64.0,0.0,17.5,256.0
823968,22,previous_day1,0.0,101.0,102.0,16.4,78.0,0.0,11.8,250.0
823969,22,previous_day1,0.0,101.0,102.0,19.4,73.0,0.0,4.7,212.0
823970,22,previous_day1,0.0,101.0,102.0,18.3,66.0,0.0,16.3,252.0
823971,22,previous_day1,0.0,101.0,102.0,17.7,74.0,0.0,10.6,252.0
823972,22,previous_day1,0.0,101.0,102.0,16.3,86.0,0.0,10.8,255.0
823973,22,previous_day1,0.0,101.0,102.0,22.1,52.0,0.0,10.5,264.0
823974,22,previous_day1,0.0,101.0,102.0,21.7,60.0,0.0,15.0,259.0
823982,1,previous_day1,0.0,101.0,102.0,23.0,60.0,0.0,11.2,230.0
823983,1,previous_day1,0.0,101.0,102.0,24.6,39.0,0.0,9.7,268.0
823984,1,previous_day1,0.0,101.0,102.0,22.2,66.0,0.0,11.5,229.0
823985,1,previous_day1,0.0,101.0,102.0,28.8,54.0,0.0,7.8,214.0
823986,1,previous_day1,0.0,101.0,102.0,30.0,46.0,0.0,9.1,263.0
823987,1,previous_day1,1.0,101.0,102.0,32.5,40.0,0.0,15.0,215.0
823988,1,previous_day1,1.0,101.0,102.0,32.9,42.0,0.0,13.3,221.0
823989,1,previous_day1,0.0,101.0,102.0,26.1,55.0,0.0,11.1,216.0
823990,1,previous_day1,0.0,101.0,102.0,22.6,71.0,0.0,12.5,237.0
823991,1,previous_day1,1.0,101.0,102.0,28.9,50.0,0.0,13.2,241.0
823992,1,previous_day1,0.0,101.0,102.0,25.0,70.0,0.0,13.0,214.0
823993,1,previous_day1,0.0,101.0,102.0,22.5,68.0,0.0,12.0,231.0
823994,1,previous_day1,0.0,101.0,102.0,22.4,77.0,0.0,13.2,235.0
823995,1,previous_day1,0.0,101.0,102.0,22.4,76.0,0.0,10.5,232.0
823996,1,previous_day1,1.0,101.0,102.0,29.1,56.0,0.0,11.8,220.0
823997,1,previous_day1,0.0,101.0,102.0,23.1,77.0,0.0,11.5,221.0
823998,1,previous_day1,0.0,101.0,102.0,23.4,73.0,0.0,11.7,223.0
823999,1,previous_day1,0.0,101.0,102.0,27.4,54.0,0.0,10.6,215.0
824000,1,previous_day1,0.0,101.0,102.0,26.1,59.0,0.0,9.4,230.0
824001,1,previous_day1,0.0,101.0,102.0,24.3,70.0,0.0,10.4,224.0
824002,1,previous_day1,0.0,101.0,102.0,23.6,71.0,0.0,12.0,219.0
824003,1,previous_day1,0.0,101.0,102.0,24.6,66.0,0.0,11.0,221.0
824004,1,previous_day1,1.0,101.0,102.0,28.9,58.0,0.0,13.3,257.0
824005,1,previous_day1,0.0,101.0,102.0,25.3,59.0,0.0,11.5,224.0
824006,1,previous_day1,0.0,101.0,102.0,26.3,51.0,0.0,9.5,217.0
824007,1,previous_day1,1.0,101.0,102.0,30.7,50.0,0.0,13.9,239.0
824008,1,previous_day1,0.0,101.0,102.0,24.2,69.0,0.0,12.0,213.0
824009,1,previous_day1,0.0,101.0,102.0,23.0,69.0,0.0,15.5,202.0
824010,1,previous_day1,0.0,101.0,102.0,24.5,59.0,0.0,13.5,236.0
824011,1,previous_day1,1.0,101.0,102.0,21.7,56.0,0.0,16.6,198.0
824012,1,previous_day1,0.0,101.0,102.0,22.5,61.0,0.0,9.4,227.0
824013,1,previous_day1,0.0,101.0,102.0,22.6,59.0,0.0,12.0,229.0
824014,1,previous_day1,0.0,101.0,102.0,19.5,69.0,0.0,12.2,223.0
824015,1,previous_day1,0.0,101.0,102.0,21.1,70.0,0.0,12.5,231.0
824016,1,previous_day1,0.0,101.0,102.0,20.4,70.0,0.0,12.5,229.0
824017,1,previous_day1,0.0,101.0,102.0,21.2,64.0,0.0,11.3,233.0
824018,1,previous_day1,1.0,101.0,102.0,25.4,56.0,0.0,13.8,237.0
824019,1,previous_day1,0.0,101.0,102.0,23.9,61.0,0.0,10.8,244.0
824020,1,previous_day1,0.0,101.0,102.0,23.3,67.0,0.0,12.0,229.0
824021,1,previous_day1,1.0,101.0,102.0,27.0,52.0,0.0,14.2,240.0
824022,1,previous_day1,0.0,101.0,102.0,20.8,74.0,0.0,11.6,210.0
824023,1,previous_day1,0.0,101.0,102.0,22.9,57.0,0.0,10.6,235.0
824024,1,previous_day1,0.0,101.0,102.0,20.1,69.0,0.0,12.3,218.0
824025,1,previous_day1,0.0,101.0,102.0,20.1,65.0,0.0,11.2,222.0
824026,1,previous_day1,0.0,101.0,102.0,19.5,69.0,0.0,11.7,236.0
824027,1,previous_day1,0.0,101.0,102.0,19.1,70.0,0.0,12.8,220.0
824028,1,previous_day1,1.0,101.0,102.0,21.5,59.0,0.0,16.3,248.0
824029,1,previous_day1,0.0,101.0,102.0,17.6,71.0,0.0,12.0,229.0
824030,1,previous_day1,0.0,101.0,102.0,18.2,73.0,0.0,13.1,233.0
824031,1,previous_day1,0.0,101.0,102.0,18.2,73.0,0.0,12.7,215.0
824032,1,previous_day1,0.0,101.0,102.0,23.3,43.0,0.0,12.2,208.0
824033,1,previous_day1,0.0,101.0,102.0,23.5,33.0,0.0,10.4,284.0
824034,1,previous_day1,1.0,101.0,102.0,22.8,54.0,0.0,18.3,212.0
824035,1,previous_day1,0.0,101.0,102.0,18.7,72.0,0.0,13.8,213.0
824036,1,previous_day1,1.0,101.0,102.0,21.8,54.0,0.0,14.6,220.0
824037,1,previous_day1,0.0,101.0,102.0,17.8,75.0,0.0,12.4,206.0
824038,1,previous_day1,0.0,101.0,102.0,18.9,65.0,0.0,12.4,202.0
824039,1,previous_day1,0.0,101.0,102.0,15.8,66.0,0.0,12.7,263.0
824040,1,previous_day1,0.0,101.0,102.0,16.5,61.0,0.0,11.4,246.0
824041,1,previous_day1,0.0,101.0,102.0,19.2,69.0,0.0,10.7,225.0
824042,1,previous_day1,0.0,101.0,102.0,18.3,70.0,0.0,11.7,223.0
824043,1,previous_day1,1.0,101.0,102.0,17.4,70.0,0.0,11.7,223.0
824044,1,previous_day1,1.0,101.0,102.0,19.8,46.0,0.0,15.0,246.0
824045,1,previous_day1,0.0,101.0,102.0,17.4,74.0,0.0,9.2,259.0
824046,1,previous_day1,0.0,101.0,102.0,17.5,64.0,0.0,12.6,233.0
824047,1,previous_day1,1.0,101.0,102.0,23.2,52.0,0.0,15.3,227.0
824048,1,previous_day1,0.0,101.0,102.0,22.1,40.0,0.0,10.8,300.0
824049,1,previous_day1,0.0,101.0,102.0,19.7,55.0,0.0,13.5,209.0
824050,1,previous_day1,1.0,101.0,102.0,24.3,39.0,0.0,11.0,238.0
824051,1,previous_day1,0.0,101.0,102.0,19.5,53.0,0.0,9.4,220.0
824052,1,previous_day1,0.0,101.0,102.0,18.9,49.0,0.0,10.2,219.0
824053,1,previous_day1,1.0,101.0,102.0,26.6,13.0,0.0,11.8,247.0
824054,1,previous_day1,0.0,101.0,102.0,26.1,13.0,0.0,5.1,274.0
824056,1,previous_day1,0.0,101.0,102.0,24.9,31.0,0.0,8.7,308.0
824068,7,previous_day1,0.0,101.0,102.0,,,,,
824069,7,previous_day1,0.0,101.0,102.0,,,,,
824070,7,previous_day1,0.0,101.0,102.0,,,,,
824071,7,previous_day1,1.0,101.0,102.0,,,,,
824072,7,previous_day1,0.0,101.0,102.0,,,,,
824073,7,previous_day1,0.0,101.0,102.0,,,,,
824074,7,previous_day1,1.0,101.0,102.0,,,,,
824075,7,previous_day1,0.0,101.0,102.0,,,,,
824076,7,previous_day1,0.0,101.0,102.0,,,,,
824077,7,previous_day1,0.0,101.0,102.0,,,,,
824078,7,previous_day1,1.0,101.0,102.0,,,,,
824079,7,previous_day1,0.0,101.0,102.0,,,,,
824080,7,previous_day1,0.0,101.0,102.0,,,,,
824081,7,previous_day1,0.0,101.0,102.0,,,,,
824082,7,previous_day1,0.0,101.0,102.0,,,,,
824083,7,previous_day1,1.0,101.0,102.0,,,,,
824084,7,previous_day1,0.0,101.0,102.0,,,,,
824085,7,previous_day1,0.0,101.0,102.0,,,,,
824086,7,previous_day1,1.0,101.0,102.0,,,,,
824087,7,previous_day1,0.0,101.0,102.0,,,,,
824088,7,previous_day1,1.0,101.0,102.0,,,,,
824089,7,previous_day1,1.0,101.0,102.0,,,,,
824090,7,previous_day1,0.0,101.0,102.0,,,,,
824091,7,previous_day1,1.0,101.0,102.0,,,,,
824092,7,previous_day1,0.0,101.0,102.0,,,,,
824093,7,previous_day1,0.0,101.0,102.0,,,,,
824094,7,previous_day1,0.0,101.0,102.0,,,,,
824095,7,previous_day1,1.0,101.0,102.0,,,,,
824096,7,previous_day1,0.0,101.0,102.0,,,,,
824097,7,previous_day1,0.0,101.0,102.0,,,,,
824098,7,previous_day1,0.0,101.0,102.0,,,,,
824099,7,previous_day1,1.0,101.0,102.0,,,,,
824100,7,previous_day1,0.0,101.0,102.0,,,,,
824101,7,previous_day1,1.0,101.0,102.0,,,,,
824102,7,previous_day1,0.0,101.0,102.0,,,,,
824103,7,previous_day1,0.0,101.0,102.0,,,,,
824104,7,previous_day1,0.0,101.0,102.0,,,,,
824105,7,previous_day1,0.0,101.0,102.0,,,,,
824106,7,previous_day1,0.0,101.0,102.0,,,,,
824107,7,previous_day1,1.0,101.0,102.0,,,,,
824108,7,previous_day1,1.0,101.0,102.0,,,,,
824109,7,previous_day1,1.0,101.0,102.0,,,,,
824110,7,previous_day1,0.0,101.0,102.0,,,,,
824111,7,previous_day1,0.0,101.0,102.0,,,,,
824112,7,previous_day1,0.0,101.0,102.0,,,,,
824113,7,previous_day1,0.0,101.0,102.0,,,,,
824114,7,previous_day1,0.0,101.0,102.0,,,,,
824115,7,previous_day1,0.0,101.0,102.0,,,,,
824116,7,previous_day1,0.0,101.0,102.0,,,,,
824117,7,previous_day1,1.0,101.0,102.0,,,,,
824118,7,previous_day1,0.0,101.0,102.0,,,,,
824119,7,previous_day1,0.0,101.0,102.0,,,,,
824120,7,previous_day1,0.0,101.0,102.0,,,,,
824121,7,previous_day1,0.0,101.0,102.0,,,,,
824122,7,previous_day1,1.0,101.0,102.0,,,,,
824123,7,previous_day1,1.0,101.0,102.0,,,,,
824124,7,previous_day1,0.0,101.0,102.0,,,,,
824125,7,previous_day1,0.0,101.0,102.0,,,,,
824126,7,previous_day1,1.0,101.0,102.0,,,,,
824127,7,previous_day1,0.0,101.0,102.0,,,,,
824128,7,previous_day1,0.0,101.0,102.0,,,,,
824129,7,previous_day1,1.0,101.0,102.0,,,,,
824130,7,previous_day1,0.0,101.0,102.0,,,,,
824131,7,previous_day1,1.0,101.0,102.0,,,,,
824132,7,previous_day1,1.0,101.0,102.0,,,,,
824133,7,previous_day1,1.0,101.0,102.0,,,,,
824135,7,previous_day1,1.0,101.0,102.0,,,,,
824136,7,previous_day1,0.0,101.0,102.0,,,,,
824144,2392,previous_day1,1.0,100.0,100.0,31.4,71.0,0.0,6.5,341.0
824147,2392,previous_day1,0.0,100.0,100.0,28.8,63.0,0.0,19.6,160.0
824148,2392,previous_day1,0.0,100.0,100.0,25.3,89.0,0.4,12.6,329.0
824149,2392,previous_day1,0.0,100.0,100.0,30.8,63.0,0.0,6.4,153.0
824150,2392,previous_day1,1.0,100.0,100.0,34.5,45.0,0.0,4.7,261.0
824151,2392,previous_day1,0.0,100.0,100.0,37.7,35.0,0.0,4.2,301.0
824152,2392,previous_day1,0.0,100.0,100.0,33.1,57.0,0.0,13.4,186.0
824153,2392,previous_day1,0.0,100.0,100.0,31.0,57.0,0.0,16.9,169.0
824154,2392,previous_day1,0.0,100.0,100.0,31.3,58.0,0.0,12.9,193.0
824155,2392,previous_day1,0.0,100.0,100.0,31.7,54.0,0.0,18.0,181.0
824156,2392,previous_day1,0.0,100.0,100.0,34.3,48.0,0.0,15.3,133.0
824157,2392,previous_day1,0.0,100.0,100.0,34.1,45.0,0.0,16.4,151.0
824158,2392,previous_day1,1.0,100.0,100.0,34.5,48.0,0.0,6.5,183.0
824159,2392,previous_day1,0.0,100.0,100.0,29.1,67.0,0.0,15.3,165.0
824160,2392,previous_day1,0.0,100.0,100.0,27.5,77.0,0.0,21.1,227.0
824161,2392,previous_day1,0.0,100.0,100.0,32.7,51.0,0.0,18.8,177.0
824162,2392,previous_day1,0.0,100.0,100.0,35.5,41.0,0.0,16.3,292.0
824163,2392,previous_day1,1.0,100.0,100.0,33.6,40.0,0.0,5.8,7.0
824164,2392,previous_day1,0.0,100.0,100.0,32.9,51.0,0.0,16.7,187.0
824165,2392,previous_day1,0.0,100.0,100.0,35.6,34.0,0.0,9.4,302.0
824166,2392,previous_day1,0.0,100.0,100.0,34.1,58.0,0.0,8.4,263.0
824167,2392,previous_day1,0.0,100.0,100.0,35.5,39.0,0.0,8.8,279.0
824168,2392,previous_day1,1.0,100.0,100.0,31.6,62.0,0.0,6.2,324.0
824169,2392,previous_day1,1.0,100.0,100.0,35.8,41.0,0.0,9.1,173.0
824170,2392,previous_day1,0.0,100.0,100.0,29.5,63.0,0.0,16.2,168.0
824171,2392,previous_day1,0.0,100.0,100.0,33.1,57.0,0.0,16.1,141.0
824172,2392,previous_day1,1.0,100.0,100.0,34.3,52.0,0.0,2.3,288.0
824173,2392,previous_day1,0.0,100.0,100.0,32.3,57.0,0.0,13.9,143.0
824174,2392,previous_day1,0.0,100.0,100.0,32.3,56.0,0.0,13.8,141.0
824175,2392,previous_day1,0.0,100.0,100.0,31.2,63.0,0.0,16.4,147.0
824176,2392,previous_day1,0.0,100.0,100.0,30.7,68.0,0.0,19.1,148.0
824177,2392,previous_day1,1.0,100.0,100.0,30.0,82.0,0.0,19.1,196.0
824178,2392,previous_day1,1.0,100.0,100.0,28.1,88.0,0.0,12.0,123.0
824179,2392,previous_day1,0.0,100.0,100.0,24.9,91.0,0.4,17.7,347.0
824180,2392,previous_day1,0.0,100.0,100.0,26.2,92.0,0.7,6.3,149.0
824181,2392,previous_day1,0.0,100.0,100.0,26.1,87.0,0.0,11.5,141.0
824182,2392,previous_day1,0.0,100.0,100.0,25.8,94.0,0.0,7.0,348.0
824183,2392,previous_day1,1.0,100.0,100.0,27.8,77.0,0.0,15.0,169.0
824184,2392,previous_day1,1.0,100.0,100.0,28.5,84.0,0.0,8.2,195.0
824185,2392,previous_day1,0.0,100.0,100.0,25.3,91.0,0.0,9.6,124.0
824186,2392,previous_day1,0.0,100.0,100.0,26.9,84.0,0.0,9.0,127.0
824187,2392,previous_day1,1.0,100.0,100.0,30.4,61.0,0.0,1.5,194.0
824188,2392,previous_day1,0.0,100.0,100.0,26.0,79.0,0.0,7.7,118.0
824189,2392,previous_day1,0.0,100.0,100.0,27.7,75.0,0.0,9.5,81.0
824190,2392,previous_day1,1.0,100.0,100.0,31.4,62.0,0.0,4.0,63.0
824191,2392,previous_day1,0.0,100.0,100.0,29.7,77.0,0.0,2.9,30.0
824192,2392,previous_day1,1.0,100.0,100.0,29.4,66.0,0.0,24.4,164.0
824193,2392,previous_day1,0.0,100.0,100.0,27.8,62.0,0.0,19.1,160.0
824194,2392,previous_day1,0.0,100.0,100.0,25.4,66.0,0.0,16.5,169.0
824195,2392,previous_day1,0.0,100.0,100.0,29.0,47.0,0.0,1.8,307.0
824196,2392,previous_day1,1.0,100.0,100.0,30.1,48.0,0.0,6.1,220.0
824197,2392,previous_day1,0.0,100.0,100.0,26.2,67.0,0.0,5.2,16.0
824198,2392,previous_day1,1.0,100.0,100.0,25.9,90.0,0.0,12.9,193.0
824199,2392,previous_day1,0.0,100.0,100.0,23.1,83.0,0.0,13.1,37.0
824200,2392,previous_day1,0.0,100.0,100.0,25.4,79.0,0.0,16.9,182.0
824201,2392,previous_day1,0.0,100.0,100.0,23.2,68.0,0.0,17.3,182.0
824202,2392,previous_day1,1.0,100.0,100.0,24.7,89.0,0.0,13.5,124.0
824203,2392,previous_day1,0.0,100.0,100.0,24.6,91.0,0.0,12.5,136.0
824204,2392,previous_day1,0.0,100.0,100.0,23.8,81.0,0.0,14.1,186.0
824205,2392,previous_day1,1.0,100.0,100.0,17.3,60.0,0.0,17.9,62.0
824206,2392,previous_day1,0.0,100.0,100.0,22.9,80.0,0.0,4.9,17.0
824207,2392,previous_day1,0.0,100.0,100.0,23.5,75.0,0.0,17.3,163.0
824208,2392,previous_day1,0.0,100.0,100.0,23.8,68.0,0.0,16.9,164.0
824209,2392,previous_day1,0.0,100.0,100.0,23.3,67.0,0.0,16.8,165.0
824210,2392,previous_day1,0.0,100.0,100.0,23.0,69.0,0.0,16.8,149.0
824211,2392,previous_day1,1.0,100.0,100.0,22.5,95.0,82.1,26.9,164.0
824212,2392,previous_day1,0.0,100.0,100.0,24.0,63.0,0.0,18.2,162.0
824213,2392,previous_day1,0.0,100.0,100.0,22.7,36.0,0.0,8.1,32.0
824214,2392,previous_day1,0.0,100.0,100.0,24.1,57.0,0.0,18.1,157.0
824215,2392,previous_day1,1.0,100.0,100.0,25.1,52.0,0.0,8.4,187.0
824216,2392,previous_day1,0.0,100.0,100.0,25.2,59.0,0.0,10.0,105.0
824218,2392,previous_day1,1.0,100.0,100.0,27.9,46.0,0.0,16.6,178.0
824230,2394,previous_day1,1.0,101.0,102.0,27.7,35.0,0.0,13.8,200.0
824231,2394,previous_day1,0.0,101.0,102.0,24.8,39.0,0.0,10.2,82.0
824232,2394,previous_day1,1.0,101.0,102.0,22.9,79.0,0.4,0.8,333.0
824233,2394,previous_day1,0.0,101.0,102.0,24.6,49.0,0.0,13.3,167.0
824234,2394,previous_day1,1.0,101.0,102.0,27.1,41.0,0.0,15.8,192.0
824235,2394,previous_day1,0.0,101.0,102.0,24.0,41.0,0.0,13.8,290.0
824236,2394,previous_day1,1.0,101.0,102.0,26.9,81.0,0.0,15.0,240.0
824237,2394,previous_day1,0.0,101.0,102.0,27.4,66.0,0.0,10.3,36.0
824238,2394,previous_day1,1.0,101.0,102.0,30.0,40.0,0.0,12.0,303.0
824239,2394,previous_day1,1.0,101.0,102.0,23.3,74.0,0.0,9.5,171.0
824240,2394,previous_day1,0.0,101.0,102.0,23.8,70.0,0.4,15.6,209.0
824241,2394,previous_day1,0.0,101.0,102.0,30.6,46.0,0.0,13.0,267.0
824242,2394,previous_day1,1.0,101.0,102.0,25.9,38.0,0.0,21.0,353.0
824243,2394,previous_day1,0.0,101.0,102.0,24.2,55.0,0.0,22.8,354.0
824244,2394,previous_day1,1.0,101.0,102.0,28.4,35.0,0.0,4.7,180.0
824245,2394,previous_day1,0.0,101.0,102.0,30.5,49.0,0.0,15.3,251.0
824246,2394,previous_day1,1.0,101.0,102.0,28.2,60.0,0.0,9.2,225.0
824247,2394,previous_day1,0.0,101.0,102.0,25.4,29.0,0.0,13.7,150.0
824248,2394,previous_day1,0.0,101.0,102.0,25.9,36.0,0.0,11.6,164.0
824249,2394,previous_day1,0.0,101.0,102.0,29.4,33.0,0.0,18.6,49.0
824250,2394,previous_day1,1.0,101.0,102.0,30.0,36.0,0.0,14.0,61.0
824251,2394,previous_day1,0.0,101.0,102.0,27.5,61.0,0.0,18.1,235.0
824252,2394,previous_day1,0.0,101.0,102.0,27.8,69.0,0.0,2.5,188.0
824253,2394,previous_day1,0.0,101.0,102.0,31.0,40.0,0.0,14.9,217.0
824254,2394,previous_day1,0.0,101.0,102.0,29.6,49.0,0.0,9.1,83.0
824255,2394,previous_day1,0.0,101.0,102.0,23.7,48.0,0.0,12.9,72.0
824256,2394,previous_day1,1.0,101.0,102.0,27.4,54.0,0.0,9.0,74.0
824257,2394,previous_day1,1.0,101.0,102.0,25.6,48.0,0.0,17.0,69.0
824258,2394,previous_day1,0.0,101.0,102.0,26.1,44.0,0.0,22.5,263.0
824259,2394,previous_day1,0.0,101.0,102.0,22.5,49.0,0.0,10.6,305.0
824260,2394,previous_day1,1.0,101.0,102.0,24.6,41.0,0.0,5.8,30.0
824261,2394,previous_day1,0.0,101.0,102.0,21.0,65.0,0.0,14.7,36.0
824262,2394,previous_day1,0.0,101.0,102.0,22.6,45.0,0.0,13.0,358.0
824263,2394,previous_day1,1.0,101.0,102.0,21.8,56.0,0.0,17.3,274.0
824264,2394,previous_day1,0.0,101.0,102.0,23.6,38.0,0.0,20.2,289.0
824265,2394,previous_day1,1.0,101.0,102.0,27.1,68.0,0.0,10.7,230.0
824266,2394,previous_day1,0.0,101.0,102.0,33.4,45.0,0.0,17.4,263.0
824267,2394,previous_day1,0.0,101.0,102.0,24.9,87.0,0.0,13.0,182.0
824268,2394,previous_day1,1.0,101.0,102.0,27.6,42.0,0.0,16.5,58.0
824269,2394,previous_day1,1.0,101.0,102.0,25.4,62.0,0.0,19.1,250.0
824270,2394,previous_day1,0.0,101.0,102.0,24.3,39.0,0.0,21.9,42.0
824271,2394,previous_day1,0.0,101.0,102.0,29.8,34.0,0.0,20.4,224.0
824272,2394,previous_day1,1.0,101.0,102.0,19.1,44.0,0.0,23.3,13.0
824273,2394,previous_day1,0.0,101.0,102.0,10.8,75.0,0.0,17.9,52.0
824274,2394,previous_day1,1.0,101.0,102.0,14.3,53.0,0.0,17.2,70.0
824275,2394,previous_day1,0.0,101.0,102.0,26.5,30.0,0.0,15.6,188.0
824276,2394,previous_day1,0.0,101.0,102.0,25.9,70.0,0.0,14.1,220.0
824277,2394,previous_day1,0.0,101.0,102.0,21.6,88.0,1.4,6.0,245.0
824278,2394,previous_day1,1.0,101.0,102.0,20.0,69.0,0.0,15.1,230.0
824279,2394,previous_day1,1.0,101.0,102.0,29.2,48.0,0.0,13.0,182.0
824280,2394,previous_day1,0.0,101.0,102.0,22.3,25.0,0.0,15.8,197.0
824281,2394,previous_day1,0.0,101.0,102.0,10.7,79.0,0.0,8.9,223.0
824282,2394,previous_day1,0.0,101.0,102.0,14.3,29.0,0.0,12.6,301.0
824283,2394,previous_day1,0.0,101.0,102.0,25.3,33.0,0.0,27.7,224.0
824284,2394,previous_day1,0.0,101.0,102.0,8.6,39.0,0.0,11.8,290.0
824285,2394,previous_day1,0.0,101.0,102.0,16.7,31.0,0.0,27.7,232.0
824286,2394,previous_day1,0.0,101.0,102.0,17.8,37.0,0.0,16.0,59.0
824287,2394,previous_day1,0.0,101.0,102.0,6.6,79.0,0.7,8.4,25.0
824288,2394,previous_day1,1.0,101.0,102.0,23.5,59.0,0.0,9.8,174.0
824289,2394,previous_day1,1.0,101.0,102.0,17.7,91.0,0.4,15.5,239.0
824290,2394,previous_day1,0.0,101.0,102.0,21.6,37.0,0.0,12.9,247.0
824291,2394,previous_day1,0.0,101.0,102.0,19.5,86.0,0.0,11.6,234.0
824292,2394,previous_day1,0.0,101.0,102.0,26.5,47.0,0.0,10.2,238.0
824293,2394,previous_day1,1.0,101.0,102.0,17.4,57.0,0.0,22.1,187.0
824294,2394,previous_day1,1.0,101.0,102.0,8.9,59.0,0.0,3.9,34.0
824295,2394,previous_day1,1.0,101.0,102.0,14.7,90.0,0.0,11.0,191.0
824296,2394,previous_day1,0.0,101.0,102.0,2.8,46.0,0.0,22.9,292.0
824297,2394,previous_day1,0.0,101.0,102.0,7.7,86.0,0.0,14.3,326.0
824299,2394,previous_day1,1.0,101.0,102.0,16.0,82.0,0.0,22.8,249.0
824312,19,previous_day1,1.0,112.0,125.0,31.7,17.0,0.0,5.8,158.0
824313,19,previous_day1,0.0,112.0,125.0,28.5,19.0,0.0,6.6,49.0
824314,19,previous_day1,0.0,112.0,125.0,27.8,24.0,0.0,11.3,351.0
824315,19,previous_day1,1.0,112.0,125.0,34.4,19.0,0.0,4.4,325.0
824316,19,previous_day1,0.0,112.0,125.0,30.1,28.0,0.0,19.5,218.0
824317,19,previous_day1,0.0,112.0,125.0,33.1,14.0,0.0,12.2,24.0
824318,19,previous_day1,0.0,112.0,125.0,31.1,20.0,0.0,10.8,64.0
824319,19,previous_day1,0.0,112.0,125.0,29.3,23.0,0.0,20.1,29.0
824320,19,previous_day1,0.0,112.0,125.0,32.7,11.0,0.0,11.4,114.0
824321,19,previous_day1,0.0,112.0,125.0,23.6,40.0,0.0,17.6,64.0
824322,19,previous_day1,1.0,112.0,125.0,27.0,31.0,0.0,10.7,33.0
824323,19,previous_day1,1.0,112.0,125.0,38.1,7.0,0.0,11.2,75.0
824324,19,previous_day1,0.0,112.0,125.0,34.2,13.0,0.0,7.6,135.0
824325,19,previous_day1,0.0,112.0,125.0,25.9,36.0,0.0,8.5,102.0
824326,19,previous_day1,0.0,112.0,125.0,33.7,13.0,0.0,13.8,57.0
824327,19,previous_day1,1.0,112.0,125.0,34.8,25.0,0.0,9.3,54.0
824328,19,previous_day1,0.0,112.0,125.0,36.7,16.0,0.0,12.4,68.0
824329,19,previous_day1,0.0,112.0,125.0,34.1,20.0,0.0,24.9,166.0
824330,19,previous_day1,1.0,112.0,125.0,35.5,17.0,0.0,6.1,50.0
824331,19,previous_day1,1.0,112.0,125.0,33.3,21.0,0.0,11.6,26.0
824332,19,previous_day1,0.0,112.0,125.0,32.6,17.0,0.0,16.3,68.0
824333,19,previous_day1,1.0,112.0,125.0,35.4,9.0,0.0,5.3,118.0
824334,19,previous_day1,0.0,112.0,125.0,29.9,20.0,0.0,21.6,169.0
824335,19,previous_day1,1.0,112.0,125.0,32.2,12.0,0.0,6.8,72.0
824336,19,previous_day1,0.0,112.0,125.0,33.5,6.0,0.0,11.4,101.0
824337,19,previous_day1,0.0,112.0,125.0,31.6,8.0,0.0,19.1,12.0
824338,19,previous_day1,0.0,112.0,125.0,29.7,18.0,0.0,33.2,176.0
824339,19,previous_day1,0.0,112.0,125.0,30.2,5.0,0.0,19.4,259.0
824340,19,previous_day1,0.0,112.0,125.0,26.8,39.0,0.0,20.6,78.0
824341,19,previous_day1,1.0,112.0,125.0,32.9,22.0,0.0,8.2,52.0
824342,19,previous_day1,0.0,112.0,125.0,33.7,4.0,0.0,21.6,272.0
824343,19,previous_day1,1.0,112.0,125.0,32.2,10.0,0.0,27.3,306.0
824344,19,previous_day1,0.0,112.0,125.0,31.6,14.0,0.0,18.8,58.0
824345,19,previous_day1,0.0,112.0,125.0,29.9,15.0,0.0,17.8,83.0
824346,19,previous_day1,1.0,112.0,125.0,24.9,6.0,0.0,16.4,29.0
824347,19,previous_day1,0.0,112.0,125.0,29.9,8.0,0.0,29.6,267.0
824348,19,previous_day1,0.0,112.0,125.0,30.1,8.0,0.0,28.0,296.0
824349,19,previous_day1,1.0,112.0,125.0,34.5,6.0,0.0,20.9,302.0
824350,19,previous_day1,0.0,112.0,125.0,30.0,15.0,0.4,31.2,153.0
824351,19,previous_day1,0.0,112.0,125.0,30.7,14.0,0.0,21.6,179.0
824352,19,previous_day1,0.0,112.0,125.0,23.1,16.0,0.0,15.1,3.0
824353,19,previous_day1,0.0,112.0,125.0,26.3,18.0,0.0,3.4,252.0
824354,19,previous_day1,1.0,112.0,125.0,26.7,11.0,0.0,23.9,304.0
824355,19,previous_day1,1.0,112.0,125.0,9.3,88.0,2.5,15.8,339.0
824356,19,previous_day1,0.0,112.0,125.0,5.0,89.0,0.0,4.2,340.0
824357,19,previous_day1,0.0,112.0,125.0,5.5,88.0,0.0,12.2,19.0
824358,19,previous_day1,1.0,112.0,125.0,21.1,30.0,0.0,21.7,19.0
824359,19,previous_day1,1.0,112.0,125.0,28.4,11.0,0.0,9.3,74.0
824360,19,previous_day1,0.0,112.0,125.0,27.3,12.0,0.0,21.5,145.0
824361,19,previous_day1,0.0,112.0,125.0,4.0,72.0,0.0,7.9,183.0
824363,19,previous_day1,1.0,112.0,125.0,22.8,20.0,0.0,20.0,321.0
824364,19,previous_day1,1.0,112.0,125.0,24.6,8.0,0.0,13.0,46.0
824365,19,previous_day1,0.0,112.0,125.0,21.4,6.0,0.0,12.1,113.0
824366,19,previous_day1,0.0,112.0,125.0,15.6,13.0,0.0,10.7,42.0
824367,19,previous_day1,0.0,112.0,125.0,24.3,5.0,0.0,23.6,232.0
824368,19,previous_day1,1.0,112.0,125.0,17.8,10.0,0.0,19.2,23.0
824369,19,previous_day1,0.0,112.0,125.0,26.3,7.0,0.0,13.1,188.0
824370,19,previous_day1,0.0,112.0,125.0,24.0,5.0,0.0,9.8,98.0
824371,19,previous_day1,1.0,112.0,125.0,19.9,4.0,0.0,9.6,70.0
824372,19,previous_day1,0.0,112.0,125.0,14.1,9.0,0.0,7.8,68.0
824373,19,previous_day1,0.0,112.0,125.0,6.2,16.0,0.0,19.6,317.0
824374,19,previous_day1,1.0,112.0,125.0,22.3,11.0,0.0,13.2,331.0
824375,19,previous_day1,0.0,112.0,125.0,17.5,13.0,0.0,20.2,191.0
824376,19,previous_day1,0.0,112.0,125.0,19.6,15.0,0.0,13.7,72.0
824377,19,previous_day1,1.0,112.0,125.0,11.3,16.0,0.0,27.7,305.0
824378,19,previous_day1,0.0,112.0,125.0,16.2,14.0,0.0,10.8,37.0
824379,19,previous_day1,1.0,112.0,125.0,17.3,17.0,0.0,4.1,75.0
824388,5,previous_day1,1.0,97.0,94.0,30.6,60.0,0.0,11.2,147.0
824390,5,previous_day1,0.0,97.0,94.0,33.4,41.0,0.0,17.6,239.0
824391,5,previous_day1,0.0,97.0,94.0,31.2,58.0,0.0,10.2,278.0
824392,5,previous_day1,1.0,97.0,94.0,27.0,37.0,0.0,14.7,332.0
824393,5,previous_day1,1.0,97.0,94.0,25.9,61.0,0.0,5.9,317.0
824394,5,previous_day1,0.0,97.0,94.0,24.6,62.0,0.0,5.1,315.0
824395,5,previous_day1,1.0,97.0,94.0,24.8,81.0,0.0,9.0,360.0
824396,5,previous_day1,0.0,97.0,94.0,22.5,48.0,0.0,12.0,41.0
824397,5,previous_day1,1.0,97.0,94.0,25.0,87.0,0.4,14.3,214.0
824398,5,previous_day1,0.0,97.0,94.0,26.1,50.0,0.0,8.3,265.0
824399,5,previous_day1,0.0,97.0,94.0,26.8,68.0,0.0,1.1,90.0
824400,5,previous_day1,0.0,97.0,94.0,29.1,45.0,0.0,11.3,153.0
824401,5,previous_day1,1.0,97.0,94.0,29.9,44.0,0.0,10.7,310.0
824402,5,previous_day1,0.0,97.0,94.0,28.8,46.0,0.0,9.8,8.0
824403,5,previous_day1,0.0,97.0,94.0,25.6,49.0,0.0,12.6,27.0
824404,5,previous_day1,1.0,97.0,94.0,25.9,78.0,0.0,9.4,328.0
824405,5,previous_day1,0.0,97.0,94.0,29.6,37.0,0.0,17.1,162.0
824406,5,previous_day1,1.0,97.0,94.0,23.6,44.0,0.0,15.8,333.0
824407,5,previous_day1,0.0,97.0,94.0,28.8,39.0,0.0,7.6,352.0
824408,5,previous_day1,0.0,97.0,94.0,20.0,56.0,0.0,11.4,288.0
824409,5,previous_day1,0.0,97.0,94.0,22.4,76.0,0.0,19.0,217.0
824410,5,previous_day1,0.0,97.0,94.0,26.3,47.0,0.0,12.9,13.0
824411,5,previous_day1,1.0,97.0,94.0,24.2,56.0,0.0,14.3,348.0
824412,5,previous_day1,0.0,97.0,94.0,25.8,73.0,0.0,20.7,262.0
824413,5,previous_day1,1.0,97.0,94.0,23.8,91.0,0.0,14.8,29.0
824415,5,previous_day1,0.0,97.0,94.0,26.9,72.0,0.0,12.7,295.0
824416,5,previous_day1,0.0,97.0,94.0,33.8,48.0,0.0,20.5,272.0
824417,5,previous_day1,0.0,97.0,94.0,30.8,57.0,0.0,18.5,277.0
824418,5,previous_day1,0.0,97.0,94.0,35.1,40.0,0.0,19.7,235.0
824419,5,previous_day1,1.0,97.0,94.0,34.8,46.0,0.0,20.1,280.0
824420,5,previous_day1,0.0,97.0,94.0,29.3,52.0,0.0,13.7,18.0
824421,5,previous_day1,0.0,97.0,94.0,24.5,57.0,0.0,10.3,25.0
824422,5,previous_day1,1.0,97.0,94.0,25.5,67.0,0.0,15.3,8.0
824423,5,previous_day1,0.0,97.0,94.0,22.0,55.0,0.0,6.2,353.0
824425,5,previous_day1,0.0,97.0,94.0,25.6,40.0,0.0,14.4,271.0
824426,5,previous_day1,1.0,97.0,94.0,28.1,39.0,0.0,10.6,325.0
824427,5,previous_day1,0.0,97.0,94.0,26.7,45.0,0.0,11.8,31.0
824428,5,previous_day1,1.0,97.0,94.0,28.7,73.0,0.0,19.2,283.0
824429,5,previous_day1,0.0,97.0,94.0,26.0,75.0,0.0,17.7,185.0
824430,5,previous_day1,1.0,97.0,94.0,20.6,40.0,0.0,15.3,8.0
824431,5,previous_day1,1.0,97.0,94.0,17.5,45.0,0.0,23.4,23.0
824432,5,previous_day1,1.0,97.0,94.0,24.4,72.0,0.0,10.7,303.0
824433,5,previous_day1,0.0,97.0,94.0,24.4,25.0,0.0,15.0,260.0
824434,5,previous_day1,0.0,97.0,94.0,21.9,58.0,0.0,7.1,345.0
824435,5,previous_day1,0.0,97.0,94.0,24.5,59.0,0.0,18.6,212.0
824436,5,previous_day1,1.0,97.0,94.0,26.3,64.0,0.0,4.3,312.0
824437,5,previous_day1,0.0,97.0,94.0,15.5,97.0,0.0,5.4,340.0
824438,5,previous_day1,1.0,97.0,94.0,13.4,78.0,0.0,28.5,280.0
824439,5,previous_day1,0.0,97.0,94.0,19.7,32.0,0.0,2.9,270.0
824440,5,previous_day1,1.0,97.0,94.0,12.4,44.0,0.0,10.7,320.0
824441,5,previous_day1,0.0,97.0,94.0,11.8,43.0,0.0,14.8,23.0
824442,5,previous_day1,0.0,97.0,94.0,18.0,38.0,0.0,5.2,205.0
824443,5,previous_day1,0.0,97.0,94.0,13.3,72.0,0.0,14.9,212.0
824444,5,previous_day1,0.0,97.0,94.0,20.0,52.0,0.0,24.7,226.0
824445,5,previous_day1,1.0,97.0,94.0,7.6,98.0,2.2,17.2,16.0
824446,5,previous_day1,0.0,97.0,94.0,23.3,28.0,0.0,19.4,132.0
824447,5,previous_day1,0.0,97.0,94.0,13.1,85.0,0.0,16.9,281.0
824448,5,previous_day1,0.0,97.0,94.0,22.0,28.0,0.0,20.7,215.0
824449,5,previous_day1,1.0,97.0,94.0,13.9,65.0,0.0,9.5,335.0
824450,5,previous_day1,0.0,97.0,94.0,3.8,39.0,0.0,5.6,315.0
824451,5,previous_day1,0.0,97.0,94.0,8.3,86.0,0.0,26.4,275.0
824452,5,previous_day1,1.0,97.0,94.0,8.1,40.0,0.0,22.0,281.0
824453,5,previous_day1,0.0,97.0,94.0,18.8,79.0,0.0,13.8,221.0
824454,5,previous_day1,0.0,97.0,94.0,13.9,95.0,0.0,10.3,29.0
824455,5,previous_day1,1.0,97.0,94.0,10.1,25.0,0.0,17.3,149.0
824456,5,previous_day1,0.0,97.0,94.0,4.7,76.0,0.0,14.6,254.0
824457,5,previous_day1,1.0,97.0,94.0,-0.6,47.0,0.0,21.4,331.0
824458,5,previous_day1,1.0,97.0,94.0,14.3,100.0,0.0,15.1,288.0
824459,5,previous_day1,1.0,97.0,94.0,5.5,66.0,0.0,30.5,263.0
824470,2602,previous_day1,1.0,103.0,106.0,35.4,38.0,0.0,12.6,246.0
824472,2602,previous_day1,0.0,103.0,106.0,35.4,34.0,0.0,9.7,266.0
824473,2602,previous_day1,0.0,103.0,106.0,33.9,38.0,0.0,13.4,243.0
824474,2602,previous_day1,1.0,103.0,106.0,23.6,88.0,0.0,11.8,333.0
824475,2602,previous_day1,0.0,103.0,106.0,27.5,45.0,0.0,7.9,309.0
824476,2602,previous_day1,0.0,103.0,106.0,29.4,49.0,0.4,11.6,234.0
824477,2602,previous_day1,1.0,103.0,106.0,33.2,53.0,0.0,14.7,234.0
824478,2602,previous_day1,0.0,103.0,106.0,25.8,80.0,0.0,15.0,336.0
824479,2602,previous_day1,0.0,103.0,106.0,29.4,67.0,0.0,7.2,276.0
824480,2602,previous_day1,0.0,103.0,106.0,32.7,51.0,0.0,9.3,208.0
824481,2602,previous_day1,1.0,103.0,106.0,31.1,44.0,0.0,14.6,254.0
824482,2602,previous_day1,0.0,103.0,106.0,32.5,36.0,0.0,13.1,254.0
824483,2602,previous_day1,1.0,103.0,106.0,23.7,87.0,0.0,7.3,290.0
824484,2602,previous_day1,0.0,103.0,106.0,31.1,32.0,0.0,1.6,153.0
824485,2602,previous_day1,0.0,103.0,106.0,25.6,84.0,0.0,19.6,134.0
824486,2602,previous_day1,0.0,103.0,106.0,32.3,32.0,0.0,12.5,102.0
824487,2602,previous_day1,0.0,103.0,106.0,27.7,39.0,0.0,15.2,5.0
824488,2602,previous_day1,0.0,103.0,106.0,30.0,34.0,0.0,10.1,4.0
824489,2602,previous_day1,0.0,103.0,106.0,29.3,48.0,0.0,15.6,337.0
824491,2602,previous_day1,1.0,103.0,106.0,27.9,68.0,0.0,12.7,75.0
824492,2602,previous_day1,0.0,103.0,106.0,25.6,83.0,0.0,3.5,114.0
824493,2602,previous_day1,0.0,103.0,106.0,30.1,59.0,0.0,13.8,229.0
824494,2602,previous_day1,0.0,103.0,106.0,33.2,40.0,0.0,12.2,242.0
824495,2602,previous_day1,0.0,103.0,106.0,31.4,45.0,0.0,10.8,360.0
824496,2602,previous_day1,0.0,103.0,106.0,30.4,53.0,0.0,14.0,157.0
824497,2602,previous_day1,1.0,103.0,106.0,32.4,51.0,0.0,4.0,243.0
824498,2602,previous_day1,0.0,103.0,106.0,37.0,40.0,0.0,11.3,263.0
824499,2602,previous_day1,0.0,103.0,106.0,28.9,66.0,0.0,15.0,100.0
824500,2602,previous_day1,0.0,103.0,106.0,27.0,27.0,0.0,12.0,303.0
824501,2602,previous_day1,0.0,103.0,106.0,24.6,50.0,0.0,15.6,337.0
824502,2602,previous_day1,0.0,103.0,106.0,19.2,88.0,0.0,16.6,4.0
824503,2602,previous_day1,1.0,103.0,106.0,28.7,47.0,0.0,20.9,221.0
824504,2602,previous_day1,0.0,103.0,106.0,21.4,65.0,0.0,27.6,311.0
824505,2602,previous_day1,0.0,103.0,106.0,21.5,45.0,0.0,9.0,323.0
824506,2602,previous_day1,1.0,103.0,106.0,29.5,54.0,0.0,19.3,249.0
824507,2602,previous_day1,0.0,103.0,106.0,26.8,44.0,0.0,14.5,305.0
824508,2602,previous_day1,1.0,103.0,106.0,31.5,27.0,0.0,11.5,229.0
824509,2602,previous_day1,0.0,103.0,106.0,27.6,25.0,0.0,1.5,76.0
824510,2602,previous_day1,0.0,103.0,106.0,22.9,43.0,0.0,4.3,114.0
824511,2602,previous_day1,0.0,103.0,106.0,24.4,23.0,0.0,17.0,17.0
824512,2602,previous_day1,1.0,103.0,106.0,25.7,31.0,0.0,5.1,86.0
824513,2602,previous_day1,0.0,103.0,106.0,25.5,27.0,0.0,18.1,43.0
824515,2602,previous_day1,0.0,103.0,106.0,27.4,33.0,0.0,4.0,275.0
824516,2602,previous_day1,0.0,103.0,106.0,21.2,84.0,0.0,14.1,257.0
824517,2602,previous_day1,1.0,103.0,106.0,16.3,43.0,0.0,18.4,343.0
824519,2602,previous_day1,0.0,103.0,106.0,15.9,48.0,0.0,26.2,317.0
824520,2602,previous_day1,1.0,103.0,106.0,22.0,36.0,0.0,14.3,319.0
824521,2602,previous_day1,0.0,103.0,106.0,24.9,26.0,0.0,10.0,221.0
824522,2602,previous_day1,0.0,103.0,106.0,19.4,37.0,0.0,11.2,222.0
824523,2602,previous_day1,1.0,103.0,106.0,23.8,41.0,0.0,16.1,231.0
824524,2602,previous_day1,1.0,103.0,106.0,12.1,49.0,0.0,21.3,321.0
824525,2602,previous_day1,0.0,103.0,106.0,14.0,83.0,0.0,20.3,303.0
824526,2602,previous_day1,0.0,103.0,106.0,19.3,64.0,0.0,9.9,280.0
824527,2602,previous_day1,0.0,103.0,106.0,23.1,45.0,0.0,15.1,348.0
824528,2602,previous_day1,1.0,103.0,106.0,19.3,49.0,0.0,12.2,47.0
824529,2602,previous_day1,0.0,103.0,106.0,25.9,42.0,0.0,16.4,195.0
824530,2602,previous_day1,1.0,103.0,106.0,23.8,48.0,0.0,25.5,247.0
824531,2602,previous_day1,0.0,103.0,106.0,22.6,77.0,0.0,13.6,158.0
824532,2602,previous_day1,0.0,103.0,106.0,20.7,79.0,0.0,27.5,338.0
824533,2602,previous_day1,1.0,103.0,106.0,27.6,37.0,0.0,20.9,212.0
824534,2602,previous_day1,0.0,103.0,106.0,22.8,44.0,0.0,17.3,275.0
824535,2602,previous_day1,1.0,103.0,106.0,19.0,36.0,0.0,6.7,54.0
824536,2602,previous_day1,1.0,103.0,106.0,19.5,94.0,6.8,4.4,305.0
824537,2602,previous_day1,0.0,103.0,106.0,26.6,43.0,0.0,26.1,215.0
824538,2602,previous_day1,1.0,103.0,106.0,16.6,29.0,0.0,22.2,212.0
824539,2602,previous_day1,0.0,103.0,106.0,23.2,53.0,0.0,23.8,198.0
824540,2602,previous_day1,1.0,103.0,106.0,7.9,45.0,0.0,2.3,129.0
824541,2602,previous_day1,1.0,103.0,106.0,26.1,58.0,0.0,23.1,214.0
824555,4,previous_day1,0.0,99.0,98.0,28.5,43.0,0.0,14.5,276.0
824556,4,previous_day1,0.0,99.0,98.0,22.3,67.0,0.0,12.5,131.0
824557,4,previous_day1,0.0,99.0,98.0,20.6,65.0,0.0,8.1,69.0
824558,4,previous_day1,1.0,99.0,98.0,22.5,53.0,0.0,18.8,12.0
824559,4,previous_day1,0.0,99.0,98.0,19.7,85.0,0.0,13.5,209.0
824560,4,previous_day1,0.0,99.0,98.0,23.0,72.0,0.0,9.2,39.0
824561,4,previous_day1,1.0,99.0,98.0,23.6,95.0,0.0,9.3,74.0
824562,4,previous_day1,0.0,99.0,98.0,23.6,89.0,0.0,6.0,287.0
824563,4,previous_day1,0.0,99.0,98.0,21.8,90.0,0.0,11.6,248.0
824564,4,previous_day1,1.0,99.0,98.0,30.4,56.0,0.0,17.9,199.0
824565,4,previous_day1,0.0,99.0,98.0,24.4,69.0,0.0,10.5,86.0
824566,4,previous_day1,0.0,99.0,98.0,25.7,65.0,0.0,9.4,238.0
824567,4,previous_day1,0.0,99.0,98.0,21.5,82.0,0.0,6.8,357.0
824568,4,previous_day1,1.0,99.0,98.0,25.3,75.0,0.0,10.9,99.0
824569,4,previous_day1,0.0,99.0,98.0,19.3,81.0,0.0,19.0,341.0
824570,4,previous_day1,0.0,99.0,98.0,26.0,82.0,0.0,9.7,239.0
824571,4,previous_day1,0.0,99.0,98.0,28.4,59.0,0.0,11.0,232.0
824572,4,previous_day1,1.0,99.0,98.0,31.2,60.0,0.0,3.6,127.0
824573,4,previous_day1,0.0,99.0,98.0,24.3,51.0,0.0,11.0,122.0
824574,4,previous_day1,1.0,99.0,98.0,26.7,68.0,0.0,12.7,43.0
824575,4,previous_day1,0.0,99.0,98.0,22.6,87.0,0.0,12.0,9.0
824576,4,previous_day1,1.0,99.0,98.0,25.2,86.0,0.0,18.5,37.0
824577,4,previous_day1,1.0,99.0,98.0,25.1,73.0,0.0,11.9,265.0
824578,4,previous_day1,0.0,99.0,98.0,27.3,69.0,0.0,4.0,170.0
824579,4,previous_day1,0.0,99.0,98.0,22.4,79.0,0.0,5.0,111.0
824580,4,previous_day1,1.0,99.0,98.0,24.6,89.0,0.0,13.8,96.0
824581,4,previous_day1,1.0,99.0,98.0,21.9,86.0,0.0,17.6,35.0
824582,4,previous_day1,0.0,99.0,98.0,19.2,85.0,0.0,16.5,44.0
824583,4,previous_day1,1.0,99.0,98.0,21.8,75.0,0.0,9.4,247.0
824584,4,previous_day1,0.0,99.0,98.0,18.8,78.0,0.0,6.2,83.0
824585,4,previous_day1,0.0,99.0,98.0,16.9,89.0,0.0,16.7,353.0
824586,4,previous_day1,1.0,99.0,98.0,21.3,54.0,0.0,20.6,306.0
824587,4,previous_day1,1.0,99.0,98.0,30.0,48.0,0.0,25.0,226.0
824588,4,previous_day1,0.0,99.0,98.0,23.4,61.0,0.0,14.0,244.0
824590,4,previous_day1,0.0,99.0,98.0,21.4,94.0,6.1,5.2,155.0
824591,4,previous_day1,0.0,99.0,98.0,27.6,84.0,0.0,2.9,210.0
824592,4,previous_day1,1.0,99.0,98.0,20.7,56.0,0.0,14.4,68.0
824593,4,previous_day1,1.0,99.0,98.0,21.2,57.0,0.0,21.4,54.0
824594,4,previous_day1,0.0,99.0,98.0,20.0,63.0,0.0,13.4,54.0
824595,4,previous_day1,1.0,99.0,98.0,18.2,70.0,0.0,22.2,13.0
824596,4,previous_day1,0.0,99.0,98.0,19.9,63.0,0.0,8.4,43.0
824597,4,previous_day1,0.0,99.0,98.0,23.6,44.0,0.0,10.2,122.0
824598,4,previous_day1,1.0,99.0,98.0,26.8,42.0,0.0,8.2,113.0
824599,4,previous_day1,1.0,99.0,98.0,23.3,89.0,0.0,10.3,115.0
824600,4,previous_day1,0.0,99.0,98.0,27.0,47.0,0.0,12.0,229.0
824601,4,previous_day1,0.0,99.0,98.0,19.2,62.0,0.0,18.0,181.0
824602,4,previous_day1,0.0,99.0,98.0,13.6,50.0,0.0,11.3,107.0
824603,4,previous_day1,0.0,99.0,98.0,10.3,69.0,0.0,7.4,29.0
824604,4,previous_day1,0.0,99.0,98.0,22.0,35.0,0.0,19.2,232.0
824605,4,previous_day1,1.0,99.0,98.0,16.1,36.0,0.0,9.4,32.0
824606,4,previous_day1,0.0,99.0,98.0,14.5,48.0,0.0,17.8,8.0
824607,4,previous_day1,0.0,99.0,98.0,15.7,52.0,0.0,14.0,125.0
824608,4,previous_day1,1.0,99.0,98.0,9.9,70.0,0.0,15.7,9.0
824609,4,previous_day1,0.0,99.0,98.0,16.3,84.0,3.2,36.5,175.0
824610,4,previous_day1,0.0,99.0,98.0,13.9,79.0,0.0,3.2,207.0
824611,4,previous_day1,0.0,99.0,98.0,16.8,89.0,0.0,8.2,322.0
824612,4,previous_day1,1.0,99.0,98.0,10.1,96.0,0.0,15.0,73.0
824613,4,previous_day1,1.0,99.0,98.0,9.2,87.0,0.0,27.0,1.0
824614,4,previous_day1,1.0,99.0,98.0,14.1,100.0,0.0,17.3,356.0
824615,4,previous_day1,0.0,99.0,98.0,19.8,88.0,0.0,13.1,212.0
824616,4,previous_day1,0.0,99.0,98.0,21.1,73.0,0.0,14.2,187.0
824617,4,previous_day1,1.0,99.0,98.0,13.3,40.0,0.0,24.1,177.0
824618,4,previous_day1,1.0,99.0,98.0,0.6,42.0,0.0,13.2,73.0
824619,4,previous_day1,0.0,99.0,98.0,3.4,36.0,0.0,18.4,320.0
824620,4,previous_day1,1.0,99.0,98.0,4.6,36.0,0.0,20.9,299.0
824622,4,previous_day1,1.0,99.0,98.0,10.5,77.0,0.0,26.7,249.0
824632,17,previous_day1,0.0,97.0,94.0,24.5,88.0,0.0,11.5,70.0
824633,17,previous_day1,0.0,97.0,94.0,31.1,55.0,0.0,10.2,225.0
824634,17,previous_day1,0.0,97.0,94.0,26.4,81.0,0.0,5.5,113.0
824635,17,previous_day1,0.0,97.0,94.0,28.3,64.0,0.0,9.0,233.0
824636,17,previous_day1,0.0,97.0,94.0,24.2,72.0,0.0,18.6,198.0
824637,17,previous_day1,1.0,97.0,94.0,28.9,42.0,0.0,14.6,232.0
824638,17,previous_day1,1.0,97.0,94.0,27.1,47.0,0.0,11.8,130.0
824639,17,previous_day1,0.0,97.0,94.0,23.7,76.0,0.0,10.3,241.0
824640,17,previous_day1,1.0,97.0,94.0,24.5,82.0,0.0,9.5,61.0
824641,17,previous_day1,0.0,97.0,94.0,22.1,80.0,0.0,5.4,143.0
824642,17,previous_day1,1.0,97.0,94.0,29.1,73.0,0.0,15.8,269.0
824643,17,previous_day1,1.0,97.0,94.0,24.5,91.0,0.0,10.5,117.0
824644,17,previous_day1,1.0,97.0,94.0,24.4,90.0,0.0,9.4,178.0
824645,17,previous_day1,0.0,97.0,94.0,24.6,80.0,0.0,7.8,124.0
824646,17,previous_day1,1.0,97.0,94.0,24.8,79.0,0.0,12.6,265.0
824647,17,previous_day1,0.0,97.0,94.0,21.7,82.0,0.0,10.5,112.0
824648,17,previous_day1,1.0,97.0,94.0,22.1,90.0,0.0,24.5,360.0
824649,17,previous_day1,0.0,97.0,94.0,21.1,86.0,0.0,20.6,54.0
824650,17,previous_day1,0.0,97.0,94.0,21.3,46.0,0.0,15.0,35.0
824651,17,previous_day1,1.0,97.0,94.0,26.4,69.0,0.0,20.3,110.0
824652,17,previous_day1,0.0,97.0,94.0,23.5,78.0,4.7,29.8,8.0
824653,17,previous_day1,1.0,97.0,94.0,25.2,57.0,0.0,15.1,50.0
824654,17,previous_day1,0.0,97.0,94.0,29.8,47.0,0.0,22.1,214.0
824655,17,previous_day1,0.0,97.0,94.0,34.3,36.0,0.0,15.7,250.0
824656,17,previous_day1,1.0,97.0,94.0,20.9,98.0,0.0,12.7,353.0
824657,17,previous_day1,1.0,97.0,94.0,33.4,52.0,0.0,28.4,282.0
824658,17,previous_day1,0.0,97.0,94.0,23.3,88.0,0.0,7.6,251.0
824659,17,previous_day1,1.0,97.0,94.0,25.9,85.0,2.2,7.4,203.0
824660,17,previous_day1,1.0,97.0,94.0,35.7,41.0,0.0,19.2,218.0
824661,17,previous_day1,0.0,97.0,94.0,33.3,53.0,0.0,22.2,220.0
824662,17,previous_day1,0.0,97.0,94.0,32.3,55.0,0.0,22.4,204.0
824663,17,previous_day1,1.0,97.0,94.0,23.3,39.0,0.0,13.3,311.0
824665,17,previous_day1,1.0,97.0,94.0,23.4,44.0,0.0,20.8,296.0
824666,17,previous_day1,0.0,97.0,94.0,21.1,49.0,0.0,10.3,234.0
824667,17,previous_day1,0.0,97.0,94.0,19.6,55.0,0.0,20.6,276.0
824668,17,previous_day1,0.0,97.0,94.0,19.7,92.0,0.0,10.5,239.0
824669,17,previous_day1,1.0,97.0,94.0,27.5,75.0,0.0,4.7,270.0
824670,17,previous_day1,0.0,97.0,94.0,22.4,65.0,0.0,20.9,58.0
824671,17,previous_day1,0.0,97.0,94.0,21.0,51.0,0.0,12.8,106.0
824672,17,previous_day1,0.0,97.0,94.0,30.3,25.0,0.0,20.2,229.0
824673,17,previous_day1,1.0,97.0,94.0,23.8,81.0,0.4,15.8,253.0
824674,17,previous_day1,1.0,97.0,94.0,16.9,89.0,0.0,6.6,319.0
824675,17,previous_day1,0.0,97.0,94.0,17.8,64.0,0.0,15.2,5.0
824676,17,previous_day1,1.0,97.0,94.0,17.3,88.0,0.0,10.2,82.0
824677,17,previous_day1,0.0,97.0,94.0,17.6,75.0,0.0,15.0,281.0
824678,17,previous_day1,0.0,97.0,94.0,11.0,64.0,0.0,23.3,17.0
824679,17,previous_day1,1.0,97.0,94.0,16.5,60.0,0.0,18.1,49.0
824680,17,previous_day1,0.0,97.0,94.0,24.4,77.0,0.0,12.1,190.0
824681,17,previous_day1,1.0,97.0,94.0,11.2,40.0,0.0,6.6,81.0
824682,17,previous_day1,0.0,97.0,94.0,11.7,54.0,0.0,14.9,70.0
824683,17,previous_day1,0.0,97.0,94.0,10.4,49.0,0.0,17.3,355.0
824684,17,previous_day1,0.0,97.0,94.0,26.4,28.0,0.0,26.1,213.0
824685,17,previous_day1,1.0,97.0,94.0,9.2,43.0,0.0,13.0,93.0
824686,17,previous_day1,1.0,97.0,94.0,6.5,69.0,0.0,15.1,18.0
824687,17,previous_day1,1.0,97.0,94.0,14.4,55.0,0.0,24.9,194.0
824688,17,previous_day1,0.0,97.0,94.0,11.5,80.0,0.0,12.4,352.0
824689,17,previous_day1,1.0,97.0,94.0,26.0,44.0,0.0,16.5,190.0
824690,17,previous_day1,0.0,97.0,94.0,17.9,83.0,0.0,7.8,214.0
824691,17,previous_day1,1.0,97.0,94.0,7.6,57.0,0.0,24.1,287.0
824692,17,previous_day1,0.0,97.0,94.0,7.7,59.0,0.0,14.3,133.0
824693,17,previous_day1,1.0,97.0,94.0,23.3,72.0,0.0,18.8,163.0
824694,17,previous_day1,1.0,97.0,94.0,6.6,73.0,0.0,25.3,281.0
824695,17,previous_day1,1.0,97.0,94.0,7.9,91.0,0.0,12.2,24.0
824696,17,previous_day1,1.0,97.0,94.0,26.1,46.0,0.0,31.8,219.0
824697,17,previous_day1,1.0,97.0,94.0,7.9,61.0,0.0,12.3,83.0
824698,17,previous_day1,1.0,97.0,94.0,2.4,84.0,0.0,24.5,36.0
824699,17,previous_day1,0.0,97.0,94.0,6.3,95.0,0.0,24.9,356.0
824700,17,previous_day1,1.0,97.0,94.0,16.2,27.0,0.0,21.9,210.0
824701,17,previous_day1,1.0,97.0,94.0,4.5,56.0,0.0,14.8,193.0
824702,17,previous_day1,0.0,97.0,94.0,23.8,46.0,0.0,14.2,204.0
824704,17,previous_day1,1.0,97.0,94.0,8.2,75.0,0.0,29.3,354.0
824716,3,previous_day1,0.0,105.0,110.0,,,,,
824717,3,previous_day1,1.0,105.0,110.0,,,,,
824718,3,previous_day1,0.0,105.0,110.0,,,,,
824719,3,previous_day1,0.0,105.0,110.0,,,,,
824720,3,previous_day1,1.0,105.0,110.0,,,,,
824721,3,previous_day1,0.0,105.0,110.0,,,,,
824722,3,previous_day1,1.0,105.0,110.0,,,,,
824723,3,previous_day1,0.0,105.0,110.0,,,,,
824724,3,previous_day1,1.0,105.0,110.0,,,,,
824725,3,previous_day1,0.0,105.0,110.0,,,,,
824726,3,previous_day1,1.0,105.0,110.0,,,,,
824727,3,previous_day1,0.0,105.0,110.0,,,,,
824728,3,previous_day1,0.0,105.0,110.0,,,,,
824729,3,previous_day1,0.0,105.0,110.0,,,,,
824730,3,previous_day1,1.0,105.0,110.0,,,,,
824731,3,previous_day1,0.0,105.0,110.0,,,,,
824732,3,previous_day1,0.0,105.0,110.0,,,,,
824733,3,previous_day1,0.0,105.0,110.0,,,,,
824734,3,previous_day1,1.0,105.0,110.0,,,,,
824736,3,previous_day1,0.0,105.0,110.0,,,,,
824737,3,previous_day1,0.0,105.0,110.0,,,,,
824738,3,previous_day1,1.0,105.0,110.0,,,,,
824739,3,previous_day1,1.0,105.0,110.0,,,,,
824740,3,previous_day1,1.0,105.0,110.0,,,,,
824741,3,previous_day1,0.0,105.0,110.0,,,,,
824742,3,previous_day1,0.0,105.0,110.0,,,,,
824743,3,previous_day1,0.0,105.0,110.0,,,,,
824744,3,previous_day1,0.0,105.0,110.0,,,,,
824745,3,previous_day1,1.0,105.0,110.0,,,,,
824746,3,previous_day1,0.0,105.0,110.0,,,,,
824747,3,previous_day1,0.0,105.0,110.0,,,,,
824748,3,previous_day1,1.0,105.0,110.0,,,,,
824749,3,previous_day1,1.0,105.0,110.0,,,,,
824750,3,previous_day1,0.0,105.0,110.0,,,,,
824751,3,previous_day1,0.0,105.0,110.0,,,,,
824752,3,previous_day1,0.0,105.0,110.0,,,,,
824753,3,previous_day1,1.0,105.0,110.0,,,,,
824754,3,previous_day1,0.0,105.0,110.0,,,,,
824755,3,previous_day1,0.0,105.0,110.0,,,,,
824756,3,previous_day1,0.0,105.0,110.0,,,,,
824757,3,previous_day1,1.0,105.0,110.0,,,,,
824758,3,previous_day1,0.0,105.0,110.0,,,,,
824759,3,previous_day1,1.0,105.0,110.0,,,,,
824760,3,previous_day1,1.0,105.0,110.0,,,,,
824761,3,previous_day1,0.0,105.0,110.0,,,,,
824762,3,previous_day1,0.0,105.0,110.0,,,,,
824763,3,previous_day1,0.0,105.0,110.0,,,,,
824764,3,previous_day1,0.0,105.0,110.0,,,,,
824765,3,previous_day1,1.0,105.0,110.0,,,,,
824767,3,previous_day1,0.0,105.0,110.0,,,,,
824768,3,previous_day1,0.0,105.0,110.0,,,,,
824769,3,previous_day1,1.0,105.0,110.0,,,,,
824770,3,previous_day1,0.0,105.0,110.0,,,,,
824771,3,previous_day1,1.0,105.0,110.0,,,,,
824772,3,previous_day1,0.0,105.0,110.0,,,,,
824773,3,previous_day1,0.0,105.0,110.0,,,,,
824774,3,previous_day1,0.0,105.0,110.0,,,,,
824775,3,previous_day1,1.0,105.0,110.0,,,,,
824776,3,previous_day1,1.0,105.0,110.0,,,,,
824777,3,previous_day1,1.0,105.0,110.0,,,,,
824778,3,previous_day1,0.0,105.0,110.0,,,,,
824779,3,previous_day1,1.0,105.0,110.0,,,,,
824780,3,previous_day1,0.0,105.0,110.0,,,,,
824781,3,previous_day1,1.0,105.0,110.0,,,,,
824782,3,previous_day1,1.0,105.0,110.0,,,,,
824783,3,previous_day1,0.0,105.0,110.0,,,,,
824786,3,previous_day1,1.0,105.0,110.0,,,,,
824796,2,previous_day1,0.0,100.0,100.0,33.8,50.0,0.0,9.8,114.0
824798,2,previous_day1,0.0,100.0,100.0,22.1,91.0,0.0,8.5,54.0
824799,2,previous_day1,1.0,100.0,100.0,28.8,41.0,0.0,21.3,275.0
824800,2,previous_day1,0.0,100.0,100.0,25.5,63.0,0.0,8.2,119.0
824801,2,previous_day1,0.0,100.0,100.0,30.4,37.0,0.0,7.6,267.0
824802,2,previous_day1,0.0,100.0,100.0,25.5,83.0,0.0,9.3,298.0
824803,2,previous_day1,0.0,100.0,100.0,29.3,55.0,0.0,0.8,297.0
824804,2,previous_day1,1.0,100.0,100.0,30.7,70.0,0.0,13.0,178.0
824805,2,previous_day1,0.0,100.0,100.0,28.3,59.0,0.0,11.3,107.0
824806,2,previous_day1,0.0,100.0,100.0,27.7,85.0,0.0,6.9,118.0
824807,2,previous_day1,1.0,100.0,100.0,30.5,53.0,0.0,20.1,147.0
824808,2,previous_day1,0.0,100.0,100.0,29.9,50.0,0.0,16.6,150.0
824809,2,previous_day1,0.0,100.0,100.0,30.4,42.0,0.0,8.0,297.0
824810,2,previous_day1,1.0,100.0,100.0,29.2,49.0,0.0,8.6,123.0
824811,2,previous_day1,0.0,100.0,100.0,28.6,35.0,0.0,10.7,104.0
824812,2,previous_day1,0.0,100.0,100.0,27.5,36.0,0.0,10.1,125.0
824813,2,previous_day1,0.0,100.0,100.0,29.5,63.0,0.0,4.8,132.0
824814,2,previous_day1,1.0,100.0,100.0,29.6,53.0,0.0,12.1,102.0
824815,2,previous_day1,0.0,100.0,100.0,27.7,61.0,0.0,7.4,113.0
824816,2,previous_day1,1.0,100.0,100.0,31.2,62.0,0.0,9.6,200.0
824817,2,previous_day1,0.0,100.0,100.0,24.7,88.0,0.0,4.8,333.0
824818,2,previous_day1,1.0,100.0,100.0,36.6,44.0,0.0,8.9,207.0
824819,2,previous_day1,0.0,100.0,100.0,31.9,38.0,0.0,17.7,156.0
824820,2,previous_day1,0.0,100.0,100.0,26.9,79.0,0.0,3.7,151.0
824821,2,previous_day1,1.0,100.0,100.0,25.0,82.0,0.0,6.8,72.0
824822,2,previous_day1,0.0,100.0,100.0,30.9,40.0,0.0,11.4,118.0
824823,2,previous_day1,1.0,100.0,100.0,34.6,32.0,0.0,19.7,204.0
824824,2,previous_day1,0.0,100.0,100.0,24.2,85.0,10.4,24.2,255.0
824825,2,previous_day1,0.0,100.0,100.0,26.0,78.0,0.0,7.3,110.0
824826,2,previous_day1,0.0,100.0,100.0,34.5,43.0,0.0,13.3,283.0
824827,2,previous_day1,0.0,100.0,100.0,34.4,44.0,0.0,11.4,235.0
824828,2,previous_day1,1.0,100.0,100.0,32.3,27.0,0.0,13.0,265.0
824829,2,previous_day1,0.0,100.0,100.0,24.7,45.0,0.0,19.3,119.0
824830,2,previous_day1,0.0,100.0,100.0,26.9,45.0,0.0,13.4,153.0
824831,2,previous_day1,0.0,100.0,100.0,24.7,86.0,0.0,2.8,220.0
824832,2,previous_day1,1.0,100.0,100.0,20.7,30.0,0.0,8.3,355.0
824833,2,previous_day1,1.0,100.0,100.0,21.5,37.0,0.0,22.7,350.0
824834,2,previous_day1,0.0,100.0,100.0,19.4,64.0,0.0,15.4,344.0
824835,2,previous_day1,0.0,100.0,100.0,23.6,45.0,0.0,13.1,254.0
824836,2,previous_day1,0.0,100.0,100.0,24.7,82.0,0.0,7.3,250.0
824837,2,previous_day1,0.0,100.0,100.0,23.2,84.0,0.0,8.0,172.0
824838,2,previous_day1,1.0,100.0,100.0,23.8,81.0,0.0,4.8,243.0
824839,2,previous_day1,1.0,100.0,100.0,18.0,95.0,0.0,5.9,47.0
824841,2,previous_day1,1.0,100.0,100.0,24.2,30.0,0.0,28.1,193.0
824842,2,previous_day1,0.0,100.0,100.0,12.9,88.0,0.4,12.4,98.0
824843,2,previous_day1,0.0,100.0,100.0,19.4,33.0,0.0,16.1,130.0
824844,2,previous_day1,0.0,100.0,100.0,18.4,24.0,0.0,10.9,351.0
824845,2,previous_day1,1.0,100.0,100.0,27.3,35.0,0.0,14.8,244.0
824846,2,previous_day1,0.0,100.0,100.0,20.0,28.0,0.0,15.0,259.0
824847,2,previous_day1,1.0,100.0,100.0,20.1,68.0,9.4,11.9,265.0
824848,2,previous_day1,1.0,100.0,100.0,17.7,59.0,0.0,18.3,290.0
824849,2,previous_day1,0.0,100.0,100.0,16.9,35.0,0.0,11.1,119.0
824851,2,previous_day1,1.0,100.0,100.0,16.7,65.0,0.0,20.9,101.0
824852,2,previous_day1,1.0,100.0,100.0,12.1,68.0,0.0,15.1,28.0
824853,2,previous_day1,0.0,100.0,100.0,27.7,43.0,0.0,10.2,321.0
824854,2,previous_day1,0.0,100.0,100.0,18.7,77.0,0.0,6.6,49.0
824855,2,previous_day1,1.0,100.0,100.0,31.3,38.0,0.0,19.1,250.0
824856,2,previous_day1,0.0,100.0,100.0,23.1,62.0,0.0,13.5,222.0
824857,2,previous_day1,0.0,100.0,100.0,17.3,27.0,0.0,11.8,329.0
824858,2,previous_day1,0.0,100.0,100.0,19.2,48.0,0.0,14.6,147.0
824859,2,previous_day1,1.0,100.0,100.0,18.3,33.0,0.0,18.2,142.0
824860,2,previous_day1,1.0,100.0,100.0,28.5,41.0,0.0,17.9,251.0
824861,2,previous_day1,0.0,100.0,100.0,25.6,43.0,0.0,20.7,215.0
824862,2,previous_day1,1.0,100.0,100.0,7.1,30.0,0.0,24.1,308.0
824863,2,previous_day1,0.0,100.0,100.0,22.2,39.0,0.0,14.3,219.0
824864,2,previous_day1,1.0,100.0,100.0,12.7,29.0,0.0,23.1,194.0
824865,2,previous_day1,1.0,100.0,100.0,26.5,38.0,0.0,24.5,221.0
824874,4705,previous_day1,1.0,101.0,102.0,30.4,57.0,0.0,11.4,114.0
824876,4705,previous_day1,1.0,101.0,102.0,31.8,44.0,0.0,11.2,86.0
824877,4705,previous_day1,0.0,101.0,102.0,25.8,71.0,0.0,21.5,121.0
824878,4705,previous_day1,0.0,101.0,102.0,29.4,60.0,0.0,12.0,139.0
824879,4705,previous_day1,0.0,101.0,102.0,30.6,50.0,0.0,9.9,251.0
824880,4705,previous_day1,1.0,101.0,102.0,35.5,37.0,0.0,11.5,309.0
824881,4705,previous_day1,0.0,101.0,102.0,32.4,28.0,0.0,10.7,315.0
824882,4705,previous_day1,0.0,101.0,102.0,34.1,43.0,0.0,7.3,327.0
824883,4705,previous_day1,0.0,101.0,102.0,32.9,47.0,0.0,15.9,265.0
824884,4705,previous_day1,0.0,101.0,102.0,30.2,58.0,0.0,7.2,360.0
824885,4705,previous_day1,0.0,101.0,102.0,27.5,67.0,0.0,8.9,249.0
824886,4705,previous_day1,0.0,101.0,102.0,31.8,50.0,0.0,13.7,265.0
824887,4705,previous_day1,0.0,101.0,102.0,31.2,53.0,0.0,8.3,272.0
824888,4705,previous_day1,0.0,101.0,102.0,25.5,69.0,0.0,5.6,130.0
824889,4705,previous_day1,0.0,101.0,102.0,25.6,75.0,0.0,3.4,148.0
824890,4705,previous_day1,0.0,101.0,102.0,26.2,84.0,0.0,12.5,147.0
824891,4705,previous_day1,1.0,101.0,102.0,28.9,66.0,0.0,13.2,248.0
824892,4705,previous_day1,0.0,101.0,102.0,32.4,28.0,0.0,7.9,270.0
824893,4705,previous_day1,1.0,101.0,102.0,28.8,68.0,0.0,15.0,226.0
824894,4705,previous_day1,0.0,101.0,102.0,30.8,31.0,0.0,14.0,314.0
824895,4705,previous_day1,0.0,101.0,102.0,32.8,48.0,0.0,16.2,181.0
824896,4705,previous_day1,0.0,101.0,102.0,31.3,56.0,0.0,18.7,205.0
824897,4705,previous_day1,1.0,101.0,102.0,34.4,42.0,0.0,6.9,313.0
824898,4705,previous_day1,0.0,101.0,102.0,34.4,36.0,0.0,11.9,205.0
824899,4705,previous_day1,1.0,101.0,102.0,32.4,52.0,0.0,10.0,291.0
824900,4705,previous_day1,0.0,101.0,102.0,25.8,83.0,0.4,15.5,257.0
824901,4705,previous_day1,0.0,101.0,102.0,32.0,48.0,0.0,13.0,289.0
824902,4705,previous_day1,1.0,101.0,102.0,33.5,43.0,0.0,2.8,320.0
824903,4705,previous_day1,0.0,101.0,102.0,33.2,39.0,0.0,9.2,249.0
824904,4705,previous_day1,0.0,101.0,102.0,36.0,32.0,0.0,13.0,152.0
824905,4705,previous_day1,0.0,101.0,102.0,36.0,37.0,0.0,13.5,106.0
824906,4705,previous_day1,0.0,101.0,102.0,36.9,34.0,0.0,14.5,104.0
824907,4705,previous_day1,0.0,101.0,102.0,35.6,40.0,0.0,10.5,82.0
824908,4705,previous_day1,1.0,101.0,102.0,29.4,56.0,0.0,6.8,252.0
824909,4705,previous_day1,1.0,101.0,102.0,29.3,51.0,0.0,7.2,207.0
824910,4705,previous_day1,0.0,101.0,102.0,27.7,66.0,0.0,5.2,304.0
824912,4705,previous_day1,0.0,101.0,102.0,24.5,76.0,0.0,14.5,210.0
824913,4705,previous_day1,0.0,101.0,102.0,28.5,59.0,0.0,19.5,232.0
824914,4705,previous_day1,0.0,101.0,102.0,30.0,30.0,0.0,12.1,197.0
824915,4705,previous_day1,1.0,101.0,102.0,32.1,29.0,0.0,12.6,204.0
824916,4705,previous_day1,1.0,101.0,102.0,28.3,52.0,0.0,14.8,209.0
824917,4705,previous_day1,0.0,101.0,102.0,25.1,34.0,0.0,11.9,92.0
824918,4705,previous_day1,0.0,101.0,102.0,22.2,72.0,0.0,19.8,74.0
824919,4705,previous_day1,0.0,101.0,102.0,27.3,29.0,0.0,10.7,130.0
824920,4705,previous_day1,1.0,101.0,102.0,23.0,83.0,0.0,15.1,269.0
824921,4705,previous_day1,1.0,101.0,102.0,26.5,70.0,0.0,15.6,151.0
824922,4705,previous_day1,0.0,101.0,102.0,29.6,41.0,0.0,17.5,188.0
824923,4705,previous_day1,1.0,101.0,102.0,30.8,43.0,0.0,15.5,152.0
824924,4705,previous_day1,0.0,101.0,102.0,29.3,24.0,0.0,10.9,171.0
824925,4705,previous_day1,0.0,101.0,102.0,26.3,19.0,0.0,8.5,216.0
824926,4705,previous_day1,0.0,101.0,102.0,21.0,24.0,0.0,18.9,329.0
824927,4705,previous_day1,0.0,101.0,102.0,23.8,37.0,0.0,12.0,129.0
824928,4705,previous_day1,0.0,101.0,102.0,25.3,38.0,0.0,13.3,283.0
824929,4705,previous_day1,1.0,101.0,102.0,17.5,76.0,0.0,19.8,323.0
824930,4705,previous_day1,0.0,101.0,102.0,23.1,74.0,0.0,12.0,286.0
824931,4705,previous_day1,0.0,101.0,102.0,24.0,60.0,0.0,9.4,212.0
824932,4705,previous_day1,0.0,101.0,102.0,26.0,30.0,0.0,6.4,196.0
824933,4705,previous_day1,0.0,101.0,102.0,19.6,87.0,0.0,4.3,246.0
824934,4705,previous_day1,1.0,101.0,102.0,26.1,47.0,0.0,10.9,6.0
824935,4705,previous_day1,0.0,101.0,102.0,27.7,25.0,0.0,12.7,215.0
824936,4705,previous_day1,0.0,101.0,102.0,28.6,25.0,0.0,15.0,207.0
824937,4705,previous_day1,0.0,101.0,102.0,27.0,28.0,0.0,11.4,215.0
824938,4705,previous_day1,0.0,101.0,102.0,27.2,24.0,0.0,15.5,158.0
824939,4705,previous_day1,0.0,101.0,102.0,27.0,19.0,0.0,5.3,298.0
824940,4705,previous_day1,1.0,101.0,102.0,24.8,56.0,0.0,12.1,192.0
824941,4705,previous_day1,0.0,101.0,102.0,24.5,24.0,0.0,3.0,166.0
824942,4705,previous_day1,0.0,101.0,102.0,25.0,45.0,0.0,9.8,197.0
824943,4705,previous_day1,0.0,101.0,102.0,20.1,64.0,0.0,13.7,162.0
824944,4705,previous_day1,1.0,101.0,102.0,17.4,44.0,0.0,16.8,125.0
824945,4705,previous_day1,0.0,101.0,102.0,17.7,14.0,0.0,14.8,94.0
824946,4705,previous_day1,0.0,101.0,102.0,25.8,48.0,0.0,20.4,287.0
824959,2529,previous_day1,1.0,100.0,100.0,,,,,
824960,2529,previous_day1,0.0,100.0,100.0,,,,,
824961,2529,previous_day1,0.0,100.0,100.0,,,,,
824962,2529,previous_day1,0.0,100.0,100.0,,,,,
824963,2529,previous_day1,0.0,100.0,100.0,,,,,
824964,2529,previous_day1,0.0,100.0,100.0,,,,,
824965,2529,previous_day1,1.0,100.0,100.0,,,,,
824966,2529,previous_day1,0.0,100.0,100.0,,,,,
824967,2529,previous_day1,1.0,100.0,100.0,,,,,
824968,2529,previous_day1,0.0,100.0,100.0,,,,,
824969,2529,previous_day1,0.0,100.0,100.0,,,,,
824970,2529,previous_day1,0.0,100.0,100.0,,,,,
824971,2529,previous_day1,1.0,100.0,100.0,,,,,
824972,2529,previous_day1,0.0,100.0,100.0,,,,,
824973,2529,previous_day1,0.0,100.0,100.0,,,,,
824974,2529,previous_day1,0.0,100.0,100.0,,,,,
824975,2529,previous_day1,0.0,100.0,100.0,,,,,
824976,2529,previous_day1,0.0,100.0,100.0,,,,,
824977,2529,previous_day1,0.0,100.0,100.0,,,,,
824978,2529,previous_day1,1.0,100.0,100.0,,,,,
824979,2529,previous_day1,0.0,100.0,100.0,,,,,
824980,2529,previous_day1,1.0,100.0,100.0,,,,,
824981,2529,previous_day1,0.0,100.0,100.0,,,,,
824982,2529,previous_day1,0.0,100.0,100.0,,,,,
824983,2529,previous_day1,0.0,100.0,100.0,,,,,
824984,2529,previous_day1,0.0,100.0,100.0,,,,,
824985,2529,previous_day1,0.0,100.0,100.0,,,,,
824986,2529,previous_day1,0.0,100.0,100.0,,,,,
824987,2529,previous_day1,1.0,100.0,100.0,,,,,
824988,2529,previous_day1,0.0,100.0,100.0,,,,,
824989,2529,previous_day1,0.0,100.0,100.0,,,,,
824990,2529,previous_day1,0.0,100.0,100.0,,,,,
824991,2529,previous_day1,0.0,100.0,100.0,,,,,
824992,2529,previous_day1,0.0,100.0,100.0,,,,,
824993,2529,previous_day1,0.0,100.0,100.0,,,,,
824994,5355,previous_day1,1.0,100.0,100.0,37.5,7.0,0.0,24.0,237.0
824995,5355,previous_day1,0.0,100.0,100.0,36.3,10.0,0.0,27.1,256.0
824996,5355,previous_day1,0.0,100.0,100.0,36.3,10.0,0.0,29.5,262.0
824997,5355,previous_day1,0.0,100.0,100.0,36.0,9.0,0.0,25.4,254.0
824998,5355,previous_day1,0.0,100.0,100.0,30.4,8.0,0.0,30.5,213.0
824999,5355,previous_day1,0.0,100.0,100.0,32.1,15.0,0.0,29.9,267.0
825000,2529,previous_day1,0.0,100.0,100.0,,,,,
825001,2529,previous_day1,1.0,100.0,100.0,,,,,
825002,2529,previous_day1,0.0,100.0,100.0,,,,,
825003,2529,previous_day1,1.0,100.0,100.0,,,,,
825004,2529,previous_day1,0.0,100.0,100.0,,,,,
825005,2529,previous_day1,0.0,100.0,100.0,,,,,
825006,2529,previous_day1,1.0,100.0,100.0,,,,,
825007,2529,previous_day1,0.0,100.0,100.0,,,,,
825008,2529,previous_day1,1.0,100.0,100.0,,,,,
825009,2529,previous_day1,0.0,100.0,100.0,,,,,
825010,2529,previous_day1,0.0,100.0,100.0,,,,,
825011,2529,previous_day1,0.0,100.0,100.0,,,,,
825012,2529,previous_day1,0.0,100.0,100.0,,,,,
825013,2529,previous_day1,1.0,100.0,100.0,,,,,
825014,2529,previous_day1,1.0,100.0,100.0,,,,,
825015,2529,previous_day1,0.0,100.0,100.0,,,,,
825016,2529,previous_day1,1.0,100.0,100.0,,,,,
825017,2529,previous_day1,0.0,100.0,100.0,,,,,
825018,2529,previous_day1,1.0,100.0,100.0,,,,,
825019,2529,previous_day1,0.0,100.0,100.0,,,,,
825020,2529,previous_day1,1.0,100.0,100.0,,,,,
825021,2529,previous_day1,0.0,100.0,100.0,,,,,
825022,2529,previous_day1,0.0,100.0,100.0,,,,,
825023,2529,previous_day1,1.0,100.0,100.0,,,,,
825024,2529,previous_day1,0.0,100.0,100.0,,,,,
825025,2529,previous_day1,1.0,100.0,100.0,,,,,
825026,2529,previous_day1,0.0,100.0,100.0,,,,,
825027,2529,previous_day1,1.0,100.0,100.0,,,,,
825037,15,previous_day1,1.0,103.0,106.0,,,,,
825038,15,previous_day1,0.0,103.0,106.0,,,,,
825039,15,previous_day1,1.0,103.0,106.0,,,,,
825040,15,previous_day1,0.0,103.0,106.0,,,,,
825041,15,previous_day1,0.0,103.0,106.0,,,,,
825042,15,previous_day1,0.0,103.0,106.0,,,,,
825043,15,previous_day1,1.0,103.0,106.0,,,,,
825044,15,previous_day1,0.0,103.0,106.0,,,,,
825045,15,previous_day1,0.0,103.0,106.0,,,,,
825046,15,previous_day1,0.0,103.0,106.0,,,,,
825047,15,previous_day1,1.0,103.0,106.0,,,,,
825048,15,previous_day1,0.0,103.0,106.0,,,,,
825049,15,previous_day1,0.0,103.0,106.0,,,,,
825050,15,previous_day1,1.0,103.0,106.0,,,,,
825051,15,previous_day1,0.0,103.0,106.0,,,,,
825052,15,previous_day1,0.0,103.0,106.0,,,,,
825053,15,previous_day1,0.0,103.0,106.0,,,,,
825054,15,previous_day1,0.0,103.0,106.0,,,,,
825055,15,previous_day1,1.0,103.0,106.0,,,,,
825056,15,previous_day1,0.0,103.0,106.0,,,,,
825057,15,previous_day1,1.0,103.0,106.0,,,,,
825058,15,previous_day1,0.0,103.0,106.0,,,,,
825059,15,previous_day1,1.0,103.0,106.0,,,,,
825060,15,previous_day1,0.0,103.0,106.0,,,,,
825061,15,previous_day1,1.0,103.0,106.0,,,,,
825062,15,previous_day1,0.0,103.0,106.0,,,,,
825063,15,previous_day1,0.0,103.0,106.0,,,,,
825064,15,previous_day1,0.0,103.0,106.0,,,,,
825065,15,previous_day1,0.0,103.0,106.0,,,,,
825066,15,previous_day1,0.0,103.0,106.0,,,,,
825067,15,previous_day1,1.0,103.0,106.0,,,,,
825068,15,previous_day1,0.0,103.0,106.0,,,,,
825069,15,previous_day1,0.0,103.0,106.0,,,,,
825070,15,previous_day1,0.0,103.0,106.0,,,,,
825071,15,previous_day1,0.0,103.0,106.0,,,,,
825072,15,previous_day1,1.0,103.0,106.0,,,,,
825073,15,previous_day1,0.0,103.0,106.0,,,,,
825074,15,previous_day1,1.0,103.0,106.0,,,,,
825075,15,previous_day1,1.0,103.0,106.0,,,,,
825076,15,previous_day1,0.0,103.0,106.0,,,,,
825077,15,previous_day1,0.0,103.0,106.0,,,,,
825078,15,previous_day1,0.0,103.0,106.0,,,,,
825079,15,previous_day1,0.0,103.0,106.0,,,,,
825080,15,previous_day1,0.0,103.0,106.0,,,,,
825081,15,previous_day1,1.0,103.0,106.0,,,,,
825082,15,previous_day1,0.0,103.0,106.0,,,,,
825083,15,previous_day1,0.0,103.0,106.0,,,,,
825084,15,previous_day1,1.0,103.0,106.0,,,,,
825085,15,previous_day1,1.0,103.0,106.0,,,,,
825086,15,previous_day1,0.0,103.0,106.0,,,,,
825087,15,previous_day1,0.0,103.0,106.0,,,,,
825088,15,previous_day1,0.0,103.0,106.0,,,,,
825089,15,previous_day1,1.0,103.0,106.0,,,,,
825090,15,previous_day1,1.0,103.0,106.0,,,,,
825091,15,previous_day1,0.0,103.0,106.0,,,,,
825092,15,previous_day1,0.0,103.0,106.0,,,,,
825093,5340,previous_day1,1.0,100.0,100.0,,,,,
825094,5340,previous_day1,1.0,100.0,100.0,,,,,
825095,15,previous_day1,0.0,103.0,106.0,,,,,
825096,15,previous_day1,1.0,103.0,106.0,,,,,
825097,15,previous_day1,0.0,103.0,106.0,,,,,
825098,15,previous_day1,0.0,103.0,106.0,,,,,
825099,15,previous_day1,0.0,103.0,106.0,,,,,
825100,15,previous_day1,1.0,103.0,106.0,,,,,
825101,15,previous_day1,0.0,103.0,106.0,,,,,
825102,15,previous_day1,1.0,103.0,106.0,,,,,
825103,15,previous_day1,0.0,103.0,106.0,,,,,
825104,15,previous_day1,1.0,103.0,106.0,,,,,
825105,15,previous_day1,0.0,103.0,106.0,,,,,
825106,15,previous_day1,1.0,103.0,106.0,,,,,
825107,15,previous_day1,0.0,103.0,106.0,,,,,
825108,15,previous_day1,0.0,103.0,106.0,,,,,
