game_date,home,away,elo_home_prob,home_ppg_r5,home_gf_r5,home_ga_r5,home_gd_r5,home_win_rate_r5,home_draw_rate_r5,home_ppg_r10,home_gf_r10,home_ga_r10,home_gd_r10,home_win_rate_r10,home_draw_rate_r10,home_rest_days,away_ppg_r5,away_gf_r5,away_ga_r5,away_gd_r5,away_win_rate_r5,away_draw_rate_r5,away_ppg_r10,away_gf_r10,away_ga_r10,away_gd_r10,away_win_rate_r10,away_draw_rate_r10,away_rest_days,home_home_ppg_r10,away_away_ppg_r10,home_home_gd_r10,away_away_gd_r10,diff_ppg_r5,diff_ppg_r10,diff_gf_r5,diff_gf_r10,diff_ga_r5,diff_ga_r10,diff_gd_r5,diff_gd_r10,diff_win_rate_r5,diff_win_rate_r10,diff_draw_rate_r5,diff_draw_rate_r10,diff_rest_days,season,game_id,home_goals,away_goals,total_goals,result
2020-09-12,Fulham,Arsenal,0.5924662305843318,,,,,,,,,,,,,,,,,,,,,,,,,,,,,,,,,,,,,,,,,,,,2020-21,20200912|Arsenal|Fulham,0,3,3,away
2020-09-12,Liverpool,Leeds United,0.5924662305843318,,,,,,,,,,,,,,,,,,,,,,,,,,,,,,,,,,,,,,,,,,,,2020-21,20200912|Leeds United|Liverpool,4,3,7,home
2020-09-12,West Ham United,Newcastle United,0.5924662305843318,,,,,,,,,,,,,,,,,,,,,,,,,,,,,,,,,,,,,,,,,,,,2020-21,20200912|Newcastle United|West Ham United,0,2,2,away
2020-09-12,Crystal Palace,Southampton,0.5924662305843318,,,,,,,,,,,,,,,,,,,,,,,,,,,,,,,,,,,,,,,,,,,,2020-21,20200912|Southampton|Crystal Palace,1,0,1,home
2020-09-13,Tottenham Hotspur,Everton,0.5924662305843318,,,,,,,,,,,,,,,,,,,,,,,,,,,,,,,,,,,,,,,,,,,,2020-21,20200913|Everton|Tottenham Hotspur,0,1,1,away
2020-09-13,West Bromwich Albion,Leicester City,0.5924662305843318,,,,,,,,,,,,,,,,,,,,,,,,,,,,,,,,,,,,,,,,,,,,2020-21,20200913|Leicester City|West Bromwich Albion,0,3,3,away
2020-09-14,Brighton and Hove Albion,Chelsea,0.5924662305843318,,,,,,,,,,,,,,,,,,,,,,,,,,,,,,,,,,,,,,,,,,,,2020-21,20200914|Chelsea|Brighton and Hove Albion,1,3,4,away
2020-09-14,Sheffield United,Wolverhampton Wanderers,0.5924662305843318,,,,,,,,,,,,,,,,,,,,,,,,,,,,,,,,,,,,,,,,,,,,2020-21,20200914|Wolverhampton Wanderers|Sheffield United,0,2,2,away
2020-09-19,Manchester United,Crystal Palace,0.5771563867993849,,,,,,,,,,,,,,3.0,1.0,0.0,1.0,1.0,0.0,3.0,1.0,0.0,1.0,1.0,0.0,7.0,,,,,,,,,,,,,,,,,,2020-21,20200919|Crystal Palace|Manchester United,1,3,4,away
2020-09-19,Leeds United,Fulham,0.6040645574377708,0.0,3.0,4.0,-1.0,0.0,0.0,0.0,3.0,4.0,-1.0,0.0,0.0,7.0,0.0,0.0,3.0,-3.0,0.0,0.0,0.0,0.0,3.0,-3.0,0.0,0.0,7.0,,,,,0.0,0.0,3.0,3.0,1.0,1.0,2.0,2.0,0.0,0.0,0.0,0.0,0.0,2020-21,20200919|Fulham|Leeds United,4,3,7,home
2020-09-19,Everton,West Bromwich Albion,0.6404144944166682,3.0,1.0,0.0,1.0,1.0,0.0,3.0,1.0,0.0,1.0,1.0,0.0,6.0,0.0,0.0,3.0,-3.0,0.0,0.0,0.0,0.0,3.0,-3.0,0.0,0.0,6.0,,,,,3.0,3.0,1.0,1.0,-3.0,-3.0,4.0,4.0,1.0,1.0,0.0,0.0,0.0,2020-21,20200919|West Bromwich Albion|Everton,5,2,7,home
2020-09-19,Arsenal,West Ham United,0.6426732699174894,3.0,3.0,0.0,3.0,1.0,0.0,3.0,3.0,0.0,3.0,1.0,0.0,7.0,0.0,0.0,2.0,-2.0,0.0,0.0,0.0,0.0,2.0,-2.0,0.0,0.0,7.0,,,,,3.0,3.0,3.0,3.0,-2.0,-2.0,5.0,5.0,1.0,1.0,0.0,0.0,0.0,2020-21,20200919|West Ham United|Arsenal,2,1,3,home
2020-09-20,Newcastle United,Brighton and Hove Albion,0.6404144944166682,3.0,2.0,0.0,2.0,1.0,0.0,3.0,2.0,0.0,2.0,1.0,0.0,8.0,0.0,1.0,3.0,-2.0,0.0,0.0,0.0,1.0,3.0,-2.0,0.0,0.0,6.0,,,,,3.0,3.0,1.0,1.0,-3.0,-3.0,4.0,4.0,1.0,1.0,0.0,0.0,2.0,2020-21,20200920|Brighton and Hove Albion|Newcastle United,0,3,3,away
2020-09-20,Leicester City,Burnley,0.6190432092818104,3.0,3.0,0.0,3.0,1.0,0.0,3.0,3.0,0.0,3.0,1.0,0.0,7.0,,,,,,,,,,,,,,,,,,,,,,,,,,,,,,,2020-21,20200920|Burnley|Leicester City,4,2,6,home
2020-09-20,Chelsea,Liverpool,0.6017129752211802,3.0,3.0,1.0,2.0,1.0,0.0,3.0,3.0,1.0,2.0,1.0,0.0,6.0,3.0,4.0,3.0,1.0,1.0,0.0,3.0,4.0,3.0,1.0,1.0,0.0,8.0,,,,,0.0,0.0,-1.0,-1.0,-2.0,-2.0,1.0,1.0,0.0,0.0,0.0,0.0,-2.0,2020-21,20200920|Liverpool|Chelsea,0,2,2,away
2020-09-20,Southampton,Tottenham Hotspur,0.5993566896371076,0.0,0.0,1.0,-1.0,0.0,0.0,0.0,0.0,1.0,-1.0,0.0,0.0,8.0,0.0,0.0,1.0,-1.0,0.0,0.0,0.0,0.0,1.0,-1.0,0.0,0.0,7.0,,,,,0.0,0.0,0.0,0.0,0.0,0.0,0.0,0.0,0.0,0.0,0.0,0.0,1.0,2020-21,20200920|Tottenham Hotspur|Southampton,2,5,7,away
2020-09-21,Wolverhampton Wanderers,Manchester City,0.6167241434311992,3.0,2.0,0.0,2.0,1.0,0.0,3.0,2.0,0.0,2.0,1.0,0.0,7.0,,,,,,,,,,,,,,,,,,,,,,,,,,,,,,,2020-21,20200921|Manchester City|Wolverhampton Wanderers,1,3,4,away
2020-09-21,Aston Villa,Sheffield United,0.6167241434311992,,,,,,,,,,,,,,0.0,0.0,2.0,-2.0,0.0,0.0,0.0,0.0,2.0,-2.0,0.0,0.0,7.0,,,,,,,,,,,,,,,,,,2020-21,20200921|Sheffield United|Aston Villa,1,0,1,home
2020-09-26,West Bromwich Albion,Chelsea,0.5490597097560489,0.0,1.0,4.0,-3.0,0.0,0.0,0.0,1.0,4.0,-3.0,0.0,0.0,7.0,1.5,1.5,1.5,0.0,0.5,0.0,1.5,1.5,1.5,0.0,0.5,0.0,6.0,0.0,3.0,-3.0,2.0,-1.5,-1.5,-0.5,-0.5,2.5,2.5,-3.0,-3.0,-0.5,-0.5,0.0,0.0,1.0,2020-21,20200926|Chelsea|West Bromwich Albion,3,3,6,draw
2020-09-26,Crystal Palace,Everton,0.5931169830319271,3.0,2.0,0.5,1.5,1.0,0.0,3.0,2.0,0.5,1.5,1.0,0.0,7.0,3.0,3.0,1.0,2.0,1.0,0.0,3.0,3.0,1.0,2.0,1.0,0.0,7.0,3.0,3.0,1.0,1.0,0.0,0.0,-1.0,-1.0,-0.5,-0.5,-0.5,-0.5,0.0,0.0,0.0,0.0,0.0,2020-21,20200926|Everton|Crystal Palace,1,2,3,away
2020-09-26,Brighton and Hove Albion,Manchester United,0.6205481281488525,1.5,2.0,1.5,0.5,0.5,0.0,1.5,2.0,1.5,0.5,0.5,0.0,6.0,0.0,1.0,3.0,-2.0,0.0,0.0,0.0,1.0,3.0,-2.0,0.0,0.0,7.0,0.0,,-2.0,,1.5,1.5,1.0,1.0,-1.5,-1.5,2.5,2.5,0.5,0.5,0.0,0.0,-1.0,2020-21,20200926|Manchester United|Brighton and Hove Albion,2,3,5,away
2020-09-26,Burnley,Southampton,0.6188288825471617,0.0,2.0,4.0,-2.0,0.0,0.0,0.0,2.0,4.0,-2.0,0.0,0.0,6.0,0.0,1.0,3.0,-2.0,0.0,0.0,0.0,1.0,3.0,-2.0,0.0,0.0,6.0,,0.0,,-1.0,0.0,0.0,1.0,1.0,1.0,1.0,0.0,0.0,0.0,0.0,0.0,0.0,0.0,2020-21,20200926|Southampton|Burnley,0,1,1,away
2020-09-27,Sheffield United,Leeds United,0.5535840027342183,0.0,0.0,1.5,-1.5,0.0,0.0,0.0,0.0,1.5,-1.5,0.0,0.0,6.0,1.5,3.5,3.5,0.0,0.5,0.0,1.5,3.5,3.5,0.0,0.5,0.0,8.0,0.0,0.0,-2.0,-1.0,-1.5,-1.5,-3.5,-3.5,-2.0,-2.0,-1.5,-1.5,-0.5,-0.5,0.0,0.0,-2.0,2020-21,20200927|Leeds United|Sheffield United,0,1,1,away
2020-09-27,Manchester City,Leicester City,0.5752345883154253,3.0,3.0,1.0,2.0,1.0,0.0,3.0,3.0,1.0,2.0,1.0,0.0,6.0,3.0,3.5,1.0,2.5,1.0,0.0,3.0,3.5,1.0,2.5,1.0,0.0,7.0,,3.0,,3.0,0.0,0.0,-0.5,-0.5,0.0,0.0,-0.5,-0.5,0.0,0.0,0.0,0.0,-1.0,2020-21,20200927|Leicester City|Manchester City,2,5,7,away
2020-09-27,Tottenham Hotspur,Newcastle United,0.6020323789033211,1.5,2.5,1.5,1.0,0.5,0.0,1.5,2.5,1.5,1.0,0.5,0.0,7.0,1.5,1.0,1.5,-0.5,0.5,0.0,1.5,1.0,1.5,-0.5,0.5,0.0,7.0,0.0,3.0,-1.0,2.0,0.0,0.0,1.5,1.5,0.0,0.0,1.5,1.5,0.0,0.0,0.0,0.0,0.0,2020-21,20200927|Newcastle United|Tottenham Hotspur,1,1,2,draw
2020-09-27,West Ham United,Wolverhampton Wanderers,0.5551592095238814,0.0,0.5,2.0,-1.5,0.0,0.0,0.0,0.5,2.0,-1.5,0.0,0.0,8.0,1.5,1.5,1.5,0.0,0.5,0.0,1.5,1.5,1.5,0.0,0.5,0.0,6.0,0.0,3.0,-2.0,2.0,-1.5,-1.5,-1.0,-1.0,0.5,0.5,-1.5,-1.5,-0.5,-0.5,0.0,0.0,2.0,2020-21,20200927|Wolverhampton Wanderers|West Ham United,4,0,4,home
2020-09-28,Liverpool,Arsenal,0.5923528733670058,3.0,3.0,1.5,1.5,1.0,0.0,3.0,3.0,1.5,1.5,1.0,0.0,8.0,3.0,2.5,0.5,2.0,1.0,0.0,3.0,2.5,0.5,2.0,1.0,0.0,9.0,3.0,3.0,1.0,3.0,0.0,0.0,0.5,0.5,1.0,1.0,-0.5,-0.5,0.0,0.0,0.0,0.0,-1.0,2020-21,20200928|Arsenal|Liverpool,3,1,4,home
2020-09-28,Fulham,Aston Villa,0.535510309066598,0.0,1.5,3.5,-2.0,0.0,0.0,0.0,1.5,3.5,-2.0,0.0,0.0,9.0,3.0,1.0,0.0,1.0,1.0,0.0,3.0,1.0,0.0,1.0,1.0,0.0,7.0,0.0,,-3.0,,-3.0,-3.0,0.5,0.5,3.5,3.5,-3.0,-3.0,-1.0,-1.0,0.0,0.0,2.0,2020-21,20200928|Aston Villa|Fulham,0,3,3,away
2020-10-03,Everton,Brighton and Hove Albion,0.6687132531316662,3.0,2.6666666666666665,1.0,1.6666666666666667,1.0,0.0,3.0,2.6666666666666665,1.0,1.6666666666666667,1.0,0.0,7.0,1.0,2.0,2.0,0.0,0.3333333333333333,0.0,1.0,2.0,2.0,0.0,0.3333333333333333,0.0,7.0,3.0,3.0,3.0,3.0,2.0,2.0,0.6666666666666665,0.6666666666666665,-1.0,-1.0,1.6666666666666667,1.6666666666666667,0.6666666666666667,0.6666666666666667,0.0,0.0,0.0,2020-21,20201003|Brighton and Hove Albion|Everton,4,2,6,home
2020-10-03,Newcastle United,Burnley,0.6295883757448403,1.3333333333333333,1.0,1.3333333333333333,-0.3333333333333333,0.3333333333333333,0.3333333333333333,1.3333333333333333,1.0,1.3333333333333333,-0.3333333333333333,0.3333333333333333,0.3333333333333333,6.0,0.0,1.0,2.5,-1.5,0.0,0.0,0.0,1.0,2.5,-1.5,0.0,0.0,7.0,0.0,0.0,-3.0,-2.0,1.3333333333333333,1.3333333333333333,0.0,0.0,-1.1666666666666667,-1.1666666666666667,1.1666666666666667,1.1666666666666667,0.3333333333333333,0.3333333333333333,0.3333333333333333,0.3333333333333333,-1.0,2020-21,20201003|Burnley|Newcastle United,3,1,4,home
2020-10-03,Chelsea,Crystal Palace,0.5766913990672616,1.3333333333333333,2.0,2.0,0.0,0.3333333333333333,0.3333333333333333,1.3333333333333333,2.0,2.0,0.0,0.3333333333333333,0.3333333333333333,7.0,2.0,1.6666666666666667,1.0,0.6666666666666666,0.6666666666666666,0.0,2.0,1.6666666666666667,1.0,0.6666666666666666,0.6666666666666666,0.0,7.0,0.0,3.0,-2.0,2.0,-0.6666666666666667,-0.6666666666666667,0.33333333333333326,0.33333333333333326,1.0,1.0,-0.6666666666666666,-0.6666666666666666,-0.3333333333333333,-0.3333333333333333,0.3333333333333333,0.3333333333333333,0.0,2020-21,20201003|Crystal Palace|Chelsea,4,0,4,home
2020-10-03,Leeds United,Manchester City,0.6131238777068624,2.0,2.6666666666666665,2.3333333333333335,0.3333333333333333,0.6666666666666666,0.0,2.0,2.6666666666666665,2.3333333333333335,0.3333333333333333,0.6666666666666666,0.0,6.0,1.5,2.5,3.0,-0.5,0.5,0.0,1.5,2.5,3.0,-0.5,0.5,0.0,6.0,3.0,3.0,1.0,2.0,0.5,0.5,0.16666666666666652,0.16666666666666652,-0.6666666666666665,-0.6666666666666665,0.8333333333333333,0.8333333333333333,0.16666666666666663,0.16666666666666663,0.0,0.0,0.0,2020-21,20201003|Manchester City|Leeds United,1,1,2,draw
2020-10-04,Wolverhampton Wanderers,Fulham,0.6346595694237925,1.0,1.0,2.3333333333333335,-1.3333333333333333,0.3333333333333333,0.0,1.0,1.0,2.3333333333333335,-1.3333333333333333,0.3333333333333333,0.0,7.0,0.0,1.0,3.3333333333333335,-2.3333333333333335,0.0,0.0,0.0,1.0,3.3333333333333335,-2.3333333333333335,0.0,0.0,6.0,0.0,0.0,-2.0,-1.0,1.0,1.0,0.0,0.0,-1.0,-1.0,1.0000000000000002,1.0000000000000002,0.3333333333333333,0.3333333333333333,0.0,0.0,1.0,2020-21,20201004|Fulham|Wolverhampton Wanderers,1,0,1,home
2020-10-04,Aston Villa,Liverpool,0.5739824469950537,3.0,2.0,0.0,2.0,1.0,0.0,3.0,2.0,0.0,2.0,1.0,0.0,6.0,3.0,3.0,1.3333333333333333,1.6666666666666667,1.0,0.0,3.0,3.0,1.3333333333333333,1.6666666666666667,1.0,0.0,6.0,3.0,3.0,1.0,2.0,0.0,0.0,-1.0,-1.0,-1.3333333333333333,-1.3333333333333333,0.33333333333333326,0.33333333333333326,0.0,0.0,0.0,0.0,0.0,2020-21,20201004|Liverpool|Aston Villa,7,2,9,home
2020-10-04,Arsenal,Sheffield United,0.672035371198415,2.0,2.0,1.3333333333333333,0.6666666666666666,0.6666666666666666,0.0,2.0,2.0,1.3333333333333333,0.6666666666666666,0.6666666666666666,0.0,6.0,0.0,0.0,1.3333333333333333,-1.3333333333333333,0.0,0.0,0.0,0.0,1.3333333333333333,-1.3333333333333333,0.0,0.0,7.0,3.0,0.0,1.0,-1.0,2.0,2.0,2.0,2.0,0.0,0.0,2.0,2.0,0.6666666666666666,0.6666666666666666,0.0,0.0,-1.0,2020-21,20201004|Sheffield United|Arsenal,2,1,3,home
2020-10-04,Manchester United,Tottenham Hotspur,0.5901227626597388,1.5,2.0,2.5,-0.5,0.5,0.0,1.5,2.0,2.5,-0.5,0.5,0.0,8.0,1.3333333333333333,2.0,1.3333333333333333,0.6666666666666666,0.3333333333333333,0.3333333333333333,1.3333333333333333,2.0,1.3333333333333333,0.6666666666666666,0.3333333333333333,0.3333333333333333,7.0,0.0,3.0,-2.0,3.0,0.16666666666666674,0.16666666666666674,0.0,0.0,1.1666666666666667,1.1666666666666667,-1.1666666666666665,-1.1666666666666665,0.16666666666666669,0.16666666666666669,-0.3333333333333333,-0.3333333333333333,1.0,2020-21,20201004|Tottenham Hotspur|Manchester United,1,6,7,away
2020-10-04,Southampton,West Bromwich Albion,0.6177267665388663,1.0,1.0,2.0,-1.0,0.3333333333333333,0.0,1.0,1.0,2.0,-1.0,0.3333333333333333,0.0,8.0,0.3333333333333333,1.6666666666666667,3.6666666666666665,-2.0,0.0,0.3333333333333333,0.3333333333333333,1.6666666666666667,3.6666666666666665,-2.0,0.0,0.3333333333333333,8.0,0.0,0.0,-3.0,-3.0,0.6666666666666667,0.6666666666666667,-0.6666666666666667,-0.6666666666666667,-1.6666666666666665,-1.6666666666666665,1.0,1.0,0.3333333333333333,0.3333333333333333,-0.3333333333333333,-0.3333333333333333,0.0,2020-21,20201004|West Bromwich Albion|Southampton,2,0,2,home
2020-10-04,Leicester City,West Ham United,0.6736332221390553,3.0,4.0,1.3333333333333333,2.6666666666666665,1.0,0.0,3.0,4.0,1.3333333333333333,2.6666666666666665,1.0,0.0,7.0,1.0,1.6666666666666667,1.3333333333333333,0.3333333333333333,0.3333333333333333,0.0,1.0,1.6666666666666667,1.3333333333333333,0.3333333333333333,0.3333333333333333,0.0,7.0,3.0,0.0,2.0,-1.0,2.0,2.0,2.333333333333333,2.333333333333333,0.0,0.0,2.333333333333333,2.333333333333333,0.6666666666666667,0.6666666666666667,0.0,0.0,0.0,2020-21,20201004|West Ham United|Leicester City,0,3,3,away
2020-10-17,Manchester City,Arsenal,0.559676205738637,1.3333333333333333,2.0,2.3333333333333335,-0.3333333333333333,0.3333333333333333,0.3333333333333333,1.3333333333333333,2.0,2.3333333333333335,-0.3333333333333333,0.3333333333333333,0.3333333333333333,14.0,2.25,2.0,1.25,0.75,0.75,0.0,2.25,2.0,1.25,0.75,0.75,0.0,13.0,0.0,1.5,-3.0,0.5,-0.9166666666666667,-0.9166666666666667,0.0,0.0,1.0833333333333335,1.0833333333333335,-1.0833333333333333,-1.0833333333333333,-0.4166666666666667,-0.4166666666666667,0.3333333333333333,0.3333333333333333,1.0,2020-21,20201017|Arsenal|Manchester City,1,0,1,home
2020-10-17,Everton,Liverpool,0.631843006081454,3.0,3.0,1.25,1.75,1.0,0.0,3.0,3.0,1.25,1.75,1.0,0.0,14.0,2.25,2.75,2.75,0.0,0.75,0.0,2.25,2.75,2.75,0.0,0.75,0.0,13.0,3.0,1.5,2.5,-1.5,0.75,0.75,0.25,0.25,-1.5,-1.5,1.75,1.75,0.25,0.25,0.0,0.0,1.0,2020-21,20201017|Liverpool|Everton,2,2,4,draw
2020-10-17,Newcastle United,Manchester United,0.6378838000653364,1.75,1.5,1.25,0.25,0.5,0.25,1.75,1.5,1.25,0.25,0.5,0.25,14.0,1.0,1.6666666666666667,3.6666666666666665,-2.0,0.3333333333333333,0.0,1.0,1.6666666666666667,3.6666666666666665,-2.0,0.3333333333333333,0.0,13.0,1.5,3.0,-0.5,1.0,0.75,0.75,-0.16666666666666674,-0.16666666666666674,-2.4166666666666665,-2.4166666666666665,2.25,2.25,0.16666666666666669,0.16666666666666669,0.25,0.25,1.0,2020-21,20201017|Manchester United|Newcastle United,1,4,5,away
2020-10-17,Chelsea,Southampton,0.6178302033609447,1.75,2.5,1.5,1.0,0.5,0.25,1.75,2.5,1.5,1.0,0.5,0.25,14.0,1.5,1.25,1.5,-0.25,0.5,0.0,1.5,1.25,1.5,-0.25,0.5,0.0,13.0,1.5,1.5,1.0,0.0,0.25,0.25,1.25,1.25,0.0,0.0,1.25,1.25,0.0,0.0,0.25,0.25,1.0,2020-21,20201017|Southampton|Chelsea,3,3,6,draw
2020-10-18,Leicester City,Aston Villa,0.5690974848894045,2.25,3.0,1.75,1.25,0.75,0.0,2.25,3.0,1.75,1.25,0.75,0.0,14.0,3.0,3.6666666666666665,0.6666666666666666,3.0,1.0,0.0,3.0,3.6666666666666665,0.6666666666666666,3.0,1.0,0.0,14.0,1.5,3.0,-0.5,3.0,-0.75,-0.75,-0.6666666666666665,-0.6666666666666665,1.0833333333333335,1.0833333333333335,-1.75,-1.75,-0.25,-0.25,0.0,0.0,0.0,2020-21,20201018|Aston Villa|Leicester City,0,1,1,away
2020-10-18,Crystal Palace,Brighton and Hove Albion,0.6205106635451527,1.5,1.25,1.75,-0.5,0.5,0.0,1.5,1.25,1.75,-0.5,0.5,0.0,15.0,0.75,2.0,2.5,-0.5,0.25,0.0,0.75,2.0,2.5,-0.5,0.25,0.0,15.0,1.5,1.5,0.0,0.5,0.75,0.75,-0.75,-0.75,-0.75,-0.75,0.0,0.0,0.25,0.25,0.0,0.0,0.0,2020-21,20201018|Brighton and Hove Albion|Crystal Palace,1,1,2,draw
2020-10-18,Sheffield United,Fulham,0.6002948818275923,0.0,0.25,1.5,-1.25,0.0,0.0,0.0,0.25,1.5,-1.25,0.0,0.0,14.0,0.0,0.75,2.75,-2.0,0.0,0.0,0.0,0.75,2.75,-2.0,0.0,0.0,14.0,0.0,0.0,-1.5,-1.0,0.0,0.0,-0.5,-0.5,-1.25,-1.25,0.75,0.75,0.0,0.0,0.0,0.0,0.0,2020-21,20201018|Fulham|Sheffield United,1,1,2,draw
2020-10-18,Tottenham Hotspur,West Ham United,0.6108103626790008,1.75,3.0,1.25,1.75,0.5,0.25,1.75,3.0,1.25,1.75,0.5,0.25,14.0,1.5,2.0,1.0,1.0,0.5,0.0,1.5,2.0,1.0,1.0,0.5,0.0,14.0,0.5,1.5,-0.5,1.0,0.25,0.25,1.0,1.0,0.25,0.25,0.75,0.75,0.0,0.0,0.25,0.25,0.0,2020-21,20201018|West Ham United|Tottenham Hotspur,3,3,6,draw
2020-10-19,West Bromwich Albion,Burnley,0.5860098892946778,0.25,1.25,3.25,-2.0,0.0,0.25,0.25,1.25,3.25,-2.0,0.0,0.25,15.0,0.0,1.0,2.6666666666666665,-1.6666666666666667,0.0,0.0,0.0,1.0,2.6666666666666665,-1.6666666666666667,0.0,0.0,16.0,0.5,0.0,-1.5,-2.0,0.25,0.25,0.25,0.25,0.5833333333333335,0.5833333333333335,-0.33333333333333326,-0.33333333333333326,0.0,0.0,0.25,0.25,-1.0,2020-21,20201019|Burnley|West Bromwich Albion,0,0,0,draw
2020-10-19,Leeds United,Wolverhampton Wanderers,0.6179807930821665,1.75,2.25,2.0,0.25,0.5,0.25,1.75,2.25,2.0,0.25,0.5,0.25,16.0,1.5,1.0,1.75,-0.75,0.5,0.0,1.5,1.0,1.75,-0.75,0.5,0.0,15.0,2.0,1.5,0.5,-1.0,0.25,0.25,1.25,1.25,0.25,0.25,1.0,1.0,0.0,0.0,0.25,0.25,1.0,2020-21,20201019|Wolverhampton Wanderers|Leeds United,0,1,1,away
2020-10-23,Aston Villa,Leeds United,0.6778065828269446,3.0,3.0,0.5,2.5,1.0,0.0,3.0,3.0,0.5,2.5,1.0,0.0,5.0,1.4,1.8,1.8,0.0,0.4,0.2,1.4,1.8,1.8,0.0,0.4,0.2,4.0,3.0,1.5,3.0,0.0,1.6,1.6,1.2,1.2,-1.3,-1.3,2.5,2.5,0.6,0.6,-0.2,-0.2,1.0,2020-21,20201023|Leeds United|Aston Villa,0,3,3,away
2020-10-24,Manchester United,Chelsea,0.5708338822564214,1.5,2.25,3.0,-0.75,0.5,0.0,1.5,2.25,3.0,-0.75,0.5,0.0,7.0,1.6,2.6,1.8,0.8,0.4,0.4,1.6,2.6,1.8,0.8,0.4,0.4,7.0,0.0,2.0,-3.5,1.0,-0.10000000000000009,-0.10000000000000009,-0.3500000000000001,-0.3500000000000001,1.2,1.2,-1.55,-1.55,0.09999999999999998,0.09999999999999998,-0.4,-0.4,0.0,2020-21,20201024|Chelsea|Manchester United,0,0,0,draw
2020-10-24,Fulham,Crystal Palace,0.5228190286238358,0.2,0.8,2.4,-1.6,0.0,0.2,0.2,0.8,2.4,-1.6,0.0,0.2,6.0,1.4,1.2,1.6,-0.4,0.4,0.2,1.4,1.2,1.6,-0.4,0.4,0.2,6.0,0.0,1.5,-3.0,-1.0,-1.2,-1.2,-0.3999999999999999,-0.3999999999999999,0.7999999999999998,0.7999999999999998,-1.2000000000000002,-1.2000000000000002,-0.4,-0.4,0.0,0.0,0.0,2020-21,20201024|Crystal Palace|Fulham,1,2,3,away
2020-10-24,West Ham United,Manchester City,0.5911895641831205,1.4,2.2,1.4,0.8,0.4,0.2,1.4,2.2,1.4,0.8,0.4,0.2,6.0,1.75,1.75,1.75,0.0,0.5,0.25,1.75,1.75,1.75,0.0,0.5,0.25,7.0,1.5,2.0,1.0,1.0,-0.3500000000000001,-0.3500000000000001,0.4500000000000002,0.4500000000000002,-0.3500000000000001,-0.3500000000000001,0.8,0.8,-0.09999999999999998,-0.09999999999999998,-0.04999999999999999,-0.04999999999999999,-1.0,2020-21,20201024|Manchester City|West Ham United,1,1,2,draw
2020-10-24,Liverpool,Sheffield United,0.6995705143615084,2.0,2.6,2.6,0.0,0.6,0.2,2.0,2.6,2.6,0.0,0.6,0.2,7.0,0.2,0.4,1.4,-1.0,0.0,0.2,0.2,0.4,1.4,-1.0,0.0,0.2,6.0,3.0,0.0,1.5,-1.0,1.8,1.8,2.2,2.2,1.2000000000000002,1.2000000000000002,1.0,1.0,0.6,0.6,0.0,0.0,1.0,2020-21,20201024|Sheffield United|Liverpool,2,1,3,home
2020-10-25,Southampton,Everton,0.5216031784985493,1.4,1.6,1.8,-0.2,0.4,0.2,1.4,1.6,1.8,-0.2,0.4,0.2,8.0,2.6,2.8,1.4,1.4,0.8,0.2,2.6,2.8,1.4,1.4,0.8,0.2,8.0,1.5,3.0,-0.5,1.0,-1.2000000000000002,-1.2000000000000002,-1.1999999999999997,-1.1999999999999997,0.40000000000000013,0.40000000000000013,-1.5999999999999999,-1.5999999999999999,-0.4,-0.4,0.0,0.0,0.0,2020-21,20201025|Everton|Southampton,2,0,2,home
2020-10-25,Arsenal,Leicester City,0.5947227733213827,1.8,1.6,1.2,0.4,0.6,0.0,1.8,1.6,1.2,0.4,0.6,0.0,8.0,1.8,2.4,1.6,0.8,0.6,0.0,1.8,2.4,1.6,0.8,0.6,0.0,7.0,3.0,3.0,1.0,3.0,0.0,0.0,-0.7999999999999998,-0.7999999999999998,-0.40000000000000013,-0.40000000000000013,-0.4,-0.4,0.0,0.0,0.0,0.0,1.0,2020-21,20201025|Leicester City|Arsenal,0,1,1,away
2020-10-25,Wolverhampton Wanderers,Newcastle United,0.6206581046245089,1.8,1.0,1.4,-0.4,0.6,0.0,1.8,1.0,1.4,-0.4,0.6,0.0,6.0,1.4,1.4,1.8,-0.4,0.4,0.2,1.4,1.4,1.8,-0.4,0.4,0.2,8.0,1.5,2.0,-0.5,1.0,0.40000000000000013,0.40000000000000013,-0.3999999999999999,-0.3999999999999999,-0.40000000000000013,-0.40000000000000013,0.0,0.0,0.19999999999999996,0.19999999999999996,-0.2,-0.2,-2.0,2020-21,20201025|Newcastle United|Wolverhampton Wanderers,1,1,2,draw
2020-10-26,Burnley,Tottenham Hotspur,0.5098989510209447,0.25,0.75,2.0,-1.25,0.0,0.25,0.25,0.75,2.0,-1.25,0.0,0.25,7.0,1.6,3.0,1.6,1.4,0.4,0.4,1.6,3.0,1.6,1.4,0.4,0.4,8.0,0.0,3.0,-1.0,4.0,-1.35,-1.35,-2.25,-2.25,0.3999999999999999,0.3999999999999999,-2.65,-2.65,-0.4,-0.4,-0.15000000000000002,-0.15000000000000002,-1.0,2020-21,20201026|Tottenham Hotspur|Burnley,0,1,1,away
2020-10-26,Brighton and Hove Albion,West Bromwich Albion,0.6271262305062459,0.8,1.8,2.2,-0.4,0.2,0.2,0.8,1.8,2.2,-0.4,0.2,0.2,8.0,0.4,1.0,2.6,-1.6,0.0,0.4,0.4,1.0,2.6,-1.6,0.0,0.4,7.0,0.0,0.0,-1.5,-2.5,0.4,0.4,0.8,0.8,-0.3999999999999999,-0.3999999999999999,1.2000000000000002,1.2000000000000002,0.2,0.2,-0.2,-0.2,1.0,2020-21,20201026|West Bromwich Albion|Brighton and Hove Albion,1,1,2,draw
2020-10-30,Wolverhampton Wanderers,Crystal Palace,0.5906585719209257,1.4,0.8,1.6,-0.8,0.4,0.2,1.6666666666666667,1.0,1.3333333333333333,-0.3333333333333333,0.5,0.16666666666666666,5.0,1.4,1.4,1.8,-0.4,0.4,0.2,1.6666666666666667,1.3333333333333333,1.5,-0.16666666666666666,0.5,0.16666666666666666,6.0,1.3333333333333333,2.0,-0.3333333333333333,-0.3333333333333333,0.0,0.0,-0.5999999999999999,-0.33333333333333326,-0.19999999999999996,-0.16666666666666674,-0.4,-0.16666666666666666,0.0,0.0,0.0,0.0,-1.0,2020-21,20201030|Crystal Palace|Wolverhampton Wanderers,2,0,2,home
2020-10-31,Burnley,Chelsea,0.49935678678682927,0.2,0.6,1.8,-1.2,0.0,0.2,0.2,0.6,1.8,-1.2,0.0,0.2,5.0,1.2,2.0,1.6,0.4,0.2,0.6,1.5,2.1666666666666665,1.5,0.6666666666666666,0.3333333333333333,0.5,7.0,0.0,1.6666666666666667,-1.0,0.6666666666666666,-1.0,-1.3,-1.4,-1.5666666666666664,0.19999999999999996,0.30000000000000004,-1.6,-1.8666666666666667,-0.2,-0.3333333333333333,-0.39999999999999997,-0.3,-2.0,2020-21,20201031|Chelsea|Burnley,0,3,3,away
2020-10-31,Sheffield United,Manchester City,0.48068175256508017,0.2,0.6,1.4,-0.8,0.0,0.2,0.16666666666666666,0.5,1.5,-1.0,0.0,0.16666666666666666,7.0,1.6,1.6,1.6,0.0,0.4,0.4,1.6,1.6,1.6,0.0,0.4,0.4,7.0,0.3333333333333333,1.6666666666666667,-1.0,0.6666666666666666,-1.4000000000000001,-1.4333333333333333,-1.0,-1.1,-0.20000000000000018,-0.10000000000000009,-0.8,-1.0,-0.4,-0.4,-0.2,-0.23333333333333336,0.0,2020-21,20201031|Manchester City|Sheffield United,0,1,1,away
2020-10-31,Liverpool,West Ham United,0.62649903619545,2.0,2.2,2.2,0.0,0.6,0.2,2.1666666666666665,2.5,2.3333333333333335,0.16666666666666666,0.6666666666666666,0.16666666666666666,7.0,1.6,2.4,1.2,1.2,0.4,0.4,1.3333333333333333,2.0,1.3333333333333333,0.6666666666666666,0.3333333333333333,0.3333333333333333,7.0,3.0,1.3333333333333333,1.3333333333333333,0.6666666666666666,0.3999999999999999,0.8333333333333333,-0.19999999999999973,0.5,1.0000000000000002,1.0000000000000002,-1.2,-0.5,0.19999999999999996,0.3333333333333333,-0.2,-0.16666666666666666,0.0,2020-21,20201031|West Ham United|Liverpool,2,1,3,home
2020-11-01,Manchester United,Arsenal,0.589904748126731,1.4,1.8,2.4,-0.6,0.4,0.2,1.4,1.8,2.4,-0.6,0.4,0.2,8.0,1.2,1.0,1.4,-0.4,0.4,0.0,1.5,1.3333333333333333,1.1666666666666667,0.16666666666666666,0.5,0.0,7.0,0.3333333333333333,1.0,-2.3333333333333335,0.0,0.19999999999999996,-0.10000000000000009,0.8,0.4666666666666668,1.0,1.2333333333333332,-0.19999999999999996,-0.7666666666666666,0.0,-0.09999999999999998,0.2,0.2,1.0,2020-21,20201101|Arsenal|Manchester United,0,1,1,away
2020-11-01,Tottenham Hotspur,Brighton and Hove Albion,0.6703799380846296,2.2,3.2,1.4,1.8,0.6,0.4,1.8333333333333333,2.6666666666666665,1.3333333333333333,1.3333333333333333,0.5,0.3333333333333333,6.0,1.0,1.8,1.8,0.0,0.2,0.4,0.8333333333333334,1.6666666666666667,2.0,-0.3333333333333333,0.16666666666666666,0.3333333333333333,6.0,0.6666666666666666,1.3333333333333333,-0.3333333333333333,0.3333333333333333,1.2000000000000002,0.9999999999999999,1.4000000000000001,0.9999999999999998,-0.40000000000000013,-0.6666666666666667,1.8,1.6666666666666665,0.39999999999999997,0.33333333333333337,0.0,0.0,0.0,2020-21,20201101|Brighton and Hove Albion|Tottenham Hotspur,2,1,3,home
2020-11-01,Newcastle United,Everton,0.5304901412507156,1.0,1.2,2.0,-0.8,0.2,0.4,1.3333333333333333,1.3333333333333333,1.6666666666666667,-0.3333333333333333,0.3333333333333333,0.3333333333333333,7.0,2.0,2.6,1.8,0.8,0.6,0.2,2.1666666666666665,2.3333333333333335,1.5,0.8333333333333334,0.6666666666666666,0.16666666666666666,7.0,1.0,2.0,-1.3333333333333333,0.0,-1.0,-0.8333333333333333,-1.4000000000000001,-1.0000000000000002,0.19999999999999996,0.16666666666666674,-1.6,-1.1666666666666667,-0.39999999999999997,-0.3333333333333333,0.2,0.16666666666666666,0.0,2020-21,20201101|Everton|Newcastle United,2,1,3,home
2020-11-01,Aston Villa,Southampton,0.6236724828309864,2.4,2.4,1.0,1.4,0.8,0.0,2.4,2.4,1.0,1.4,0.8,0.0,9.0,2.0,2.0,1.6,0.4,0.6,0.2,1.6666666666666667,1.6666666666666667,1.5,0.16666666666666666,0.5,0.16666666666666666,7.0,2.0,1.3333333333333333,1.0,0.0,0.3999999999999999,0.7333333333333332,0.3999999999999999,0.7333333333333332,-0.6000000000000001,-0.5,0.9999999999999999,1.2333333333333332,0.20000000000000007,0.30000000000000004,-0.2,-0.16666666666666666,2.0,2020-21,20201101|Southampton|Aston Villa,3,4,7,away
2020-11-02,Leeds United,Leicester City,0.5773923055772261,2.0,1.8,1.0,0.8,0.6,0.2,1.6666666666666667,2.0,1.5,0.5,0.5,0.16666666666666666,10.0,1.8,2.0,1.6,0.4,0.6,0.0,2.0,2.1666666666666665,1.3333333333333333,0.8333333333333334,0.6666666666666666,0.0,8.0,1.3333333333333333,3.0,0.0,2.3333333333333335,0.19999999999999996,-0.33333333333333326,-0.19999999999999996,-0.16666666666666652,-0.6000000000000001,0.16666666666666674,0.4,-0.33333333333333337,0.0,-0.16666666666666663,0.2,0.16666666666666666,2.0,2020-21,20201102|Leicester City|Leeds United,1,4,5,away
2020-11-02,Fulham,West Bromwich Albion,0.5554866299971624,0.2,1.0,2.2,-1.2,0.0,0.2,0.16666666666666666,0.8333333333333334,2.3333333333333335,-1.5,0.0,0.16666666666666666,9.0,0.6,1.2,2.2,-1.0,0.0,0.6,0.5,1.0,2.3333333333333335,-1.3333333333333333,0.0,0.5,7.0,0.0,0.3333333333333333,-2.3333333333333335,-1.6666666666666667,-0.39999999999999997,-0.33333333333333337,-0.19999999999999996,-0.16666666666666663,0.0,0.0,-0.19999999999999996,-0.16666666666666674,0.0,0.0,-0.39999999999999997,-0.33333333333333337,2.0,2020-21,20201102|West Bromwich Albion|Fulham,2,0,2,home
2020-11-06,Brighton and Hove Albion,Burnley,0.6395989028905215,0.4,1.4,2.2,-0.8,0.0,0.4,0.7142857142857143,1.5714285714285714,2.0,-0.42857142857142855,0.14285714285714285,0.2857142857142857,5.0,0.2,0.2,1.6,-1.4,0.0,0.2,0.16666666666666666,0.5,2.0,-1.5,0.0,0.16666666666666666,6.0,0.3333333333333333,0.3333333333333333,-1.0,-1.3333333333333333,0.2,0.5476190476190477,1.2,1.0714285714285714,0.6000000000000001,0.0,0.5999999999999999,1.0714285714285714,0.0,0.14285714285714285,0.2,0.11904761904761904,-1.0,2020-21,20201106|Burnley|Brighton and Hove Albion,0,0,0,draw
2020-11-06,Southampton,Newcastle United,0.628617223725442,2.6,2.4,1.2,1.2,0.8,0.2,1.8571428571428572,2.0,1.7142857142857142,0.2857142857142857,0.5714285714285714,0.14285714285714285,5.0,1.6,1.6,1.6,0.0,0.4,0.4,1.5714285714285714,1.4285714285714286,1.5714285714285714,-0.14285714285714285,0.42857142857142855,0.2857142857142857,5.0,2.0,1.6666666666666667,0.3333333333333333,0.6666666666666666,1.0,0.2857142857142858,0.7999999999999998,0.5714285714285714,-0.40000000000000013,0.1428571428571428,1.2,0.42857142857142855,0.4,0.14285714285714285,-0.2,-0.14285714285714285,0.0,2020-21,20201106|Newcastle United|Southampton,2,0,2,home
2020-11-07,West Ham United,Fulham,0.6682872689579107,1.6,2.4,1.2,1.2,0.4,0.4,1.1428571428571428,1.8571428571428572,1.4285714285714286,0.42857142857142855,0.2857142857142857,0.2857142857142857,7.0,0.8,0.8,1.4,-0.6,0.2,0.2,0.5714285714285714,1.0,2.0,-1.0,0.14285714285714285,0.14285714285714285,5.0,1.3333333333333333,0.3333333333333333,0.6666666666666666,-0.6666666666666666,0.8,0.5714285714285714,1.5999999999999999,0.8571428571428572,-0.19999999999999996,-0.5714285714285714,1.7999999999999998,1.4285714285714286,0.2,0.14285714285714285,0.2,0.14285714285714285,2.0,2020-21,20201107|Fulham|West Ham United,1,0,1,home
2020-11-07,Crystal Palace,Leeds United,0.5891417205607806,0.8,0.8,2.0,-1.2,0.2,0.2,1.4285714285714286,1.1428571428571428,1.5714285714285714,-0.42857142857142855,0.42857142857142855,0.14285714285714285,8.0,1.4,1.2,1.2,0.0,0.4,0.2,1.4285714285714286,1.8571428571428572,1.8571428571428572,0.0,0.42857142857142855,0.14285714285714285,5.0,1.3333333333333333,2.0,0.0,1.0,-0.5999999999999999,0.0,-0.3999999999999999,-0.7142857142857144,0.8,-0.2857142857142858,-1.2,-0.42857142857142855,-0.2,0.0,0.0,0.0,3.0,2020-21,20201107|Leeds United|Crystal Palace,4,1,5,home
2020-11-07,Everton,Manchester United,0.651043354542456,1.4,1.8,1.8,0.0,0.4,0.2,1.8571428571428572,2.142857142857143,1.5714285714285714,0.5714285714285714,0.5714285714285714,0.14285714285714285,6.0,1.4,1.6,2.0,-0.4,0.4,0.2,1.1666666666666667,1.5,2.1666666666666665,-0.6666666666666666,0.3333333333333333,0.16666666666666666,6.0,2.3333333333333335,3.0,1.6666666666666667,2.0,0.0,0.6904761904761905,0.19999999999999996,0.6428571428571428,-0.19999999999999996,-0.5952380952380951,0.4,1.2380952380952381,0.0,0.23809523809523808,0.0,-0.023809523809523808,0.0,2020-21,20201107|Manchester United|Everton,1,3,4,away
2020-11-07,Chelsea,Sheffield United,0.7281343696579061,1.8,2.6,1.2,1.4,0.4,0.6,1.7142857142857142,2.2857142857142856,1.2857142857142858,1.0,0.42857142857142855,0.42857142857142855,7.0,0.2,0.6,1.4,-0.8,0.0,0.2,0.14285714285714285,0.42857142857142855,1.4285714285714286,-1.0,0.0,0.14285714285714285,7.0,1.3333333333333333,0.0,0.6666666666666666,-1.0,1.6,1.5714285714285714,2.0,1.857142857142857,-0.19999999999999996,-0.1428571428571428,2.2,2.0,0.4,0.42857142857142855,0.39999999999999997,0.2857142857142857,0.0,2020-21,20201107|Sheffield United|Chelsea,4,1,5,home
2020-11-08,Arsenal,Aston Villa,0.5828582786303286,1.2,0.8,1.2,-0.4,0.4,0.0,1.7142857142857142,1.2857142857142858,1.0,0.2857142857142857,0.5714285714285714,0.0,7.0,1.8,2.8,1.8,1.0,0.6,0.0,2.0,2.5,1.5,1.0,0.6666666666666666,0.0,7.0,2.0,3.0,0.3333333333333333,2.0,-0.6000000000000001,-0.2857142857142858,-1.9999999999999998,-1.2142857142857142,-0.6000000000000001,-0.5,-1.4,-0.7142857142857143,-0.19999999999999996,-0.09523809523809523,0.0,0.0,0.0,2020-21,20201108|Aston Villa|Arsenal,0,3,3,away
2020-11-08,Manchester City,Liverpool,0.5690998527632097,1.6,1.2,1.4,-0.2,0.4,0.4,1.8333333333333333,1.5,1.3333333333333333,0.16666666666666666,0.5,0.3333333333333333,8.0,2.0,2.2,2.4,-0.2,0.6,0.2,2.2857142857142856,2.4285714285714284,2.142857142857143,0.2857142857142857,0.7142857142857143,0.14285714285714285,8.0,1.5,1.3333333333333333,-1.0,-1.0,-0.3999999999999999,-0.45238095238095233,-1.0000000000000002,-0.9285714285714284,-1.0,-0.8095238095238095,0.0,-0.11904761904761904,-0.19999999999999996,-0.2142857142857143,0.2,0.19047619047619047,0.0,2020-21,20201108|Liverpool|Manchester City,1,1,2,draw
2020-11-08,West Bromwich Albion,Tottenham Hotspur,0.45033201441567655,0.6,0.8,1.6,-0.8,0.0,0.6,0.42857142857142855,0.8571428571428571,2.2857142857142856,-1.4285714285714286,0.0,0.42857142857142855,6.0,2.2,2.6,1.2,1.4,0.6,0.4,2.0,2.5714285714285716,1.2857142857142858,1.2857142857142858,0.5714285714285714,0.2857142857142857,7.0,0.6666666666666666,3.0,-1.0,3.0,-1.6,-1.5714285714285714,-1.8,-1.7142857142857144,0.40000000000000013,0.9999999999999998,-2.2,-2.7142857142857144,-0.6,-0.5714285714285714,0.19999999999999996,0.14285714285714285,-1.0,2020-21,20201108|Tottenham Hotspur|West Bromwich Albion,0,1,1,away
2020-11-08,Leicester City,Wolverhampton Wanderers,0.6304665437694429,1.8,2.0,1.4,0.6,0.6,0.0,2.142857142857143,2.4285714285714284,1.2857142857142858,1.1428571428571428,0.7142857142857143,0.0,6.0,2.0,1.0,1.0,0.0,0.6,0.2,1.8571428571428572,1.1428571428571428,1.1428571428571428,0.0,0.5714285714285714,0.14285714285714285,9.0,1.0,2.0,-0.6666666666666666,-0.3333333333333333,-0.19999999999999996,0.2857142857142856,1.0,1.2857142857142856,0.3999999999999999,0.14285714285714302,0.6,1.1428571428571428,0.0,0.1428571428571429,-0.2,-0.14285714285714285,-3.0,2020-21,20201108|Wolverhampton Wanderers|Leicester City,1,0,1,home
2020-11-21,Aston Villa,Brighton and Hove Albion,0.6914964611743853,1.8,2.8,1.8,1.0,0.6,0.0,2.142857142857143,2.5714285714285716,1.2857142857142858,1.2857142857142858,0.7142857142857143,0.0,13.0,0.6,1.0,1.6,-0.6,0.0,0.6,0.75,1.375,1.75,-0.375,0.125,0.375,15.0,1.5,1.0,0.5,0.0,1.2000000000000002,1.3928571428571428,1.7999999999999998,1.1964285714285716,0.19999999999999996,-0.4642857142857142,1.6,1.6607142857142858,0.6,0.5892857142857143,-0.6,-0.375,-2.0,2020-21,20201121|Brighton and Hove Albion|Aston Villa,1,2,3,away
2020-11-21,Newcastle United,Chelsea,0.5271169223598399,1.4,1.4,1.8,-0.4,0.4,0.2,1.375,1.25,1.625,-0.375,0.375,0.25,15.0,2.2,2.8,0.8,2.0,0.6,0.4,1.875,2.5,1.25,1.25,0.5,0.375,14.0,1.5,2.0,-0.75,1.25,-0.8000000000000003,-0.5,-1.4,-1.25,1.0,0.375,-2.4,-1.625,-0.19999999999999996,-0.125,-0.2,-0.125,1.0,2020-21,20201121|Chelsea|Newcastle United,0,2,2,away
2020-11-21,Tottenham Hotspur,Manchester City,0.6311074717461377,2.6,2.6,1.0,1.6,0.8,0.2,2.125,2.375,1.125,1.25,0.625,0.25,13.0,1.8,1.0,0.6,0.4,0.4,0.6,1.7142857142857142,1.4285714285714286,1.2857142857142858,0.14285714285714285,0.42857142857142855,0.42857142857142855,13.0,1.25,2.0,0.0,0.75,0.8,0.4107142857142858,1.6,0.9464285714285714,0.4,-0.1607142857142858,1.2000000000000002,1.1071428571428572,0.4,0.19642857142857145,-0.39999999999999997,-0.17857142857142855,0.0,2020-21,20201121|Manchester City|Tottenham Hotspur,2,0,2,home
2020-11-21,Manchester United,West Bromwich Albion,0.6818940876645965,1.4,1.6,1.8,-0.2,0.4,0.2,1.4285714285714286,1.7142857142857142,2.0,-0.2857142857142857,0.42857142857142855,0.14285714285714285,14.0,0.4,0.2,1.2,-1.0,0.0,0.4,0.375,0.75,2.125,-1.375,0.0,0.375,13.0,0.25,0.25,-2.0,-1.75,0.9999999999999999,1.0535714285714286,1.4000000000000001,0.9642857142857142,0.6000000000000001,-0.125,0.8,1.0892857142857144,0.4,0.42857142857142855,-0.2,-0.23214285714285715,1.0,2020-21,20201121|West Bromwich Albion|Manchester United,1,0,1,home
2020-11-22,Leeds United,Arsenal,0.579159329717536,0.8,1.2,2.0,-0.8,0.2,0.2,1.25,1.75,2.125,-0.375,0.375,0.125,15.0,1.2,0.6,1.2,-0.6,0.4,0.0,1.5,1.125,1.25,-0.125,0.5,0.0,14.0,1.0,1.5,-0.75,0.25,-0.3999999999999999,-0.25,0.6,0.625,0.8,0.875,-0.20000000000000007,-0.25,-0.2,-0.125,0.2,0.125,1.0,2020-21,20201122|Arsenal|Leeds United,0,0,0,draw
2020-11-22,Fulham,Everton,0.49470149981881323,0.8,0.8,1.0,-0.2,0.2,0.2,0.5,0.875,1.875,-1.0,0.125,0.125,15.0,0.8,1.6,2.2,-0.6,0.2,0.2,1.625,2.0,1.75,0.25,0.5,0.125,15.0,0.75,1.5,-1.25,-0.25,0.0,-1.125,-0.8,-1.125,-1.2000000000000002,0.125,0.39999999999999997,-1.25,0.0,-0.375,0.0,0.0,0.0,2020-21,20201122|Everton|Fulham,2,3,5,away
2020-11-22,Liverpool,Leicester City,0.5793952136149572,1.6,1.8,2.4,-0.6,0.4,0.4,2.125,2.25,2.0,0.25,0.625,0.25,14.0,1.8,1.2,1.0,0.2,0.6,0.0,2.25,2.25,1.125,1.125,0.75,0.0,14.0,3.0,3.0,1.25,2.5,-0.19999999999999996,-0.125,0.6000000000000001,0.0,1.4,0.875,-0.8,-0.875,-0.19999999999999996,-0.125,0.4,0.25,0.0,2020-21,20201122|Leicester City|Liverpool,3,0,3,home
2020-11-22,Sheffield United,West Ham United,0.4586390681331135,0.2,0.8,2.0,-1.2,0.0,0.2,0.125,0.5,1.75,-1.25,0.0,0.125,15.0,1.6,1.8,1.2,0.6,0.4,0.4,1.375,1.75,1.25,0.5,0.375,0.25,15.0,0.25,1.0,-1.0,0.25,-1.4000000000000001,-1.25,-1.0,-1.25,0.8,0.5,-1.7999999999999998,-1.75,-0.4,-0.375,-0.2,-0.125,0.0,2020-21,20201122|West Ham United|Sheffield United,0,1,1,away
2020-11-23,Burnley,Crystal Palace,0.48830696967996623,0.4,0.2,1.4,-1.2,0.0,0.4,0.2857142857142857,0.42857142857142855,1.7142857142857142,-1.2857142857142858,0.0,0.2857142857142857,17.0,1.4,1.4,1.8,-0.4,0.4,0.2,1.625,1.5,1.5,0.0,0.5,0.125,16.0,0.0,1.5,-1.6666666666666667,-0.75,-0.9999999999999999,-1.3392857142857144,-1.2,-1.0714285714285714,-0.40000000000000013,0.2142857142857142,-0.7999999999999999,-1.2857142857142858,-0.4,-0.5,0.2,0.1607142857142857,1.0,2020-21,20201123|Crystal Palace|Burnley,1,0,1,home
2020-11-23,Wolverhampton Wanderers,Southampton,0.5457612653646212,2.0,1.0,0.4,0.6,0.6,0.2,1.625,1.0,1.125,-0.125,0.5,0.125,15.0,2.6,2.6,1.2,1.4,0.8,0.2,2.0,2.0,1.5,0.5,0.625,0.125,17.0,1.75,1.75,0.25,0.25,-0.6000000000000001,-0.375,-1.6,-1.0,-0.7999999999999999,-0.375,-0.7999999999999999,-0.625,-0.20000000000000007,-0.125,0.0,0.0,-2.0,2020-21,20201123|Southampton|Wolverhampton Wanderers,1,1,2,draw
2020-11-27,Crystal Palace,Newcastle United,0.6167213823327677,1.4,1.4,1.2,0.2,0.4,0.2,1.4444444444444444,1.3333333333333333,1.4444444444444444,-0.1111111111111111,0.4444444444444444,0.1111111111111111,4.0,0.8,0.8,2.0,-1.2,0.2,0.2,1.2222222222222223,1.1111111111111112,1.6666666666666667,-0.5555555555555556,0.3333333333333333,0.2222222222222222,6.0,1.75,1.25,0.75,0.0,0.5999999999999999,0.2222222222222221,0.5999999999999999,0.2222222222222221,-0.8,-0.22222222222222232,1.4,0.4444444444444445,0.2,0.1111111111111111,0.0,-0.1111111111111111,-2.0,2020-21,20201127|Newcastle United|Crystal Palace,0,2,2,away
2020-11-28,Manchester City,Burnley,0.6806122231797211,1.6,0.8,0.8,0.0,0.4,0.4,1.5,1.25,1.375,-0.125,0.375,0.375,7.0,1.0,0.2,0.8,-0.6,0.2,0.4,0.625,0.5,1.5,-1.0,0.125,0.25,5.0,1.3333333333333333,0.5,-0.6666666666666666,-1.0,0.6000000000000001,0.875,0.6000000000000001,0.75,0.0,-0.125,0.6,0.875,0.2,0.25,0.0,0.125,2.0,2020-21,20201128|Burnley|Manchester City,5,0,5,home
2020-11-28,Everton,Leeds United,0.6389444871591792,0.8,1.4,2.2,-0.8,0.2,0.2,1.7777777777777777,2.111111111111111,1.7777777777777777,0.3333333333333333,0.5555555555555556,0.1111111111111111,6.0,0.8,1.0,1.8,-0.8,0.2,0.2,1.2222222222222223,1.5555555555555556,1.8888888888888888,-0.3333333333333333,0.3333333333333333,0.2222222222222222,6.0,1.75,1.5,0.75,0.0,0.0,0.5555555555555554,0.3999999999999999,0.5555555555555556,0.40000000000000013,-0.11111111111111116,0.0,0.6666666666666666,0.0,0.22222222222222227,0.0,-0.1111111111111111,0.0,2020-21,20201128|Leeds United|Everton,0,1,1,away
2020-11-28,Brighton and Hove Albion,Liverpool,0.48079666246854574,1.2,1.0,1.0,0.0,0.2,0.6,1.0,1.4444444444444444,1.6666666666666667,-0.2222222222222222,0.2222222222222222,0.3333333333333333,7.0,2.2,2.0,1.0,1.0,0.6,0.4,2.2222222222222223,2.3333333333333335,1.7777777777777777,0.5555555555555556,0.6666666666666666,0.2222222222222222,6.0,0.5,1.25,-0.75,-0.75,-1.0000000000000002,-1.2222222222222223,-1.0,-0.8888888888888891,0.0,-0.11111111111111094,-1.0,-0.7777777777777778,-0.39999999999999997,-0.4444444444444444,0.19999999999999996,0.1111111111111111,1.0,2020-21,20201128|Liverpool|Brighton and Hove Albion,1,1,2,draw
2020-11-28,West Bromwich Albion,Sheffield United,0.6195467942904543,0.4,0.2,1.0,-0.8,0.0,0.4,0.3333333333333333,0.6666666666666666,2.0,-1.3333333333333333,0.0,0.3333333333333333,7.0,0.2,0.6,1.8,-1.2,0.0,0.2,0.1111111111111111,0.4444444444444444,1.6666666666666667,-1.2222222222222223,0.0,0.1111111111111111,6.0,0.5,0.0,-1.0,-1.5,0.2,0.2222222222222222,-0.39999999999999997,0.2222222222222222,-0.8,0.33333333333333326,0.3999999999999999,-0.11111111111111094,0.0,0.0,0.2,0.2222222222222222,1.0,2020-21,20201128|Sheffield United|West Bromwich Albion,1,0,1,home
2020-11-29,Southampton,Manchester United,0.6406482566574995,2.2,2.4,1.4,1.0,0.6,0.4,1.8888888888888888,1.8888888888888888,1.4444444444444444,0.4444444444444444,0.5555555555555556,0.2222222222222222,6.0,2.0,1.6,0.6,1.0,0.6,0.2,1.625,1.625,1.75,-0.125,0.5,0.125,8.0,2.25,3.0,0.75,2.0,0.20000000000000018,0.26388888888888884,0.7999999999999998,0.26388888888888884,0.7999999999999999,-0.3055555555555556,0.0,0.5694444444444444,0.0,0.05555555555555558,0.2,0.09722222222222221,-2.0,2020-21,20201129|Manchester United|Southampton,2,3,5,away
2020-11-29,Chelsea,Tottenham Hotspur,0.5768543596536184,2.2,2.4,0.8,1.6,0.6,0.4,2.0,2.4444444444444446,1.1111111111111112,1.3333333333333333,0.5555555555555556,0.3333333333333333,8.0,2.6,1.8,0.8,1.0,0.8,0.2,2.2222222222222223,2.3333333333333335,1.0,1.3333333333333333,0.6666666666666666,0.2222222222222222,8.0,1.75,3.0,1.25,2.5,-0.3999999999999999,-0.22222222222222232,0.5999999999999999,0.11111111111111116,0.0,0.11111111111111116,0.6000000000000001,0.0,-0.20000000000000007,-0.11111111111111105,0.2,0.1111111111111111,0.0,2020-21,20201129|Tottenham Hotspur|Chelsea,0,0,0,draw
2020-11-29,Arsenal,Wolverhampton Wanderers,0.5762116069239918,0.8,0.2,1.0,-0.8,0.2,0.2,1.4444444444444444,1.0,1.1111111111111112,-0.1111111111111111,0.4444444444444444,0.1111111111111111,7.0,1.6,1.0,0.6,0.4,0.4,0.4,1.5555555555555556,1.0,1.1111111111111112,-0.1111111111111111,0.4444444444444444,0.2222222222222222,6.0,1.5,1.5,-0.5,-0.5,-0.8,-0.11111111111111116,-0.8,0.0,0.4,0.0,-1.2000000000000002,0.0,-0.2,0.0,-0.2,-0.1111111111111111,1.0,2020-21,20201129|Wolverhampton Wanderers|Arsenal,1,2,3,away
2020-11-30,West Ham United,Aston Villa,0.5941888003889673,1.6,1.4,1.2,0.2,0.4,0.4,1.5555555555555556,1.6666666666666667,1.1111111111111112,0.5555555555555556,0.4444444444444444,0.2222222222222222,8.0,1.2,1.6,1.8,-0.2,0.4,0.0,1.875,2.375,1.375,1.0,0.625,0.0,9.0,1.75,3.0,0.75,2.3333333333333335,0.40000000000000013,-0.3194444444444444,-0.20000000000000018,-0.7083333333333333,-0.6000000000000001,-0.26388888888888884,0.4,-0.4444444444444444,0.0,-0.18055555555555558,0.4,0.2222222222222222,-1.0,2020-21,20201130|Aston Villa|West Ham United,2,1,3,home
2020-11-30,Leicester City,Fulham,0.7448561231562048,1.8,1.2,1.0,0.2,0.6,0.0,2.0,2.0,1.3333333333333333,0.6666666666666666,0.6666666666666666,0.0,8.0,0.8,1.2,1.4,-0.2,0.2,0.2,0.4444444444444444,1.0,2.0,-1.0,0.1111111111111111,0.1111111111111111,8.0,1.5,0.25,-0.25,-0.75,1.0,1.5555555555555556,0.0,1.0,-0.3999999999999999,-0.6666666666666667,0.4,1.6666666666666665,0.39999999999999997,0.5555555555555556,-0.2,-0.1111111111111111,0.0,2020-21,20201130|Fulham|Leicester City,1,2,3,away
2020-12-05,Burnley,Everton,0.5039058277898842,0.8,0.2,1.8,-1.6,0.2,0.2,0.5555555555555556,0.4444444444444444,1.8888888888888888,-1.4444444444444444,0.1111111111111111,0.2222222222222222,7.0,0.6,1.0,2.0,-1.0,0.2,0.0,1.6,1.9,1.7,0.2,0.5,0.1,7.0,0.75,1.8,-1.0,0.0,0.20000000000000007,-1.0444444444444445,-0.8,-1.4555555555555555,-0.19999999999999996,0.18888888888888888,-0.6000000000000001,-1.6444444444444444,0.0,-0.3888888888888889,0.2,0.1222222222222222,0.0,2020-21,20201205|Everton|Burnley,1,1,2,draw
2020-12-05,Manchester City,Fulham,0.7054898125431048,1.6,1.6,0.8,0.8,0.4,0.4,1.6666666666666667,1.6666666666666667,1.2222222222222223,0.4444444444444444,0.4444444444444444,0.3333333333333333,7.0,1.2,1.4,1.4,0.0,0.4,0.0,0.7,1.1,1.9,-0.8,0.2,0.1,5.0,1.75,0.8,0.75,-0.4,0.40000000000000013,0.9666666666666668,0.20000000000000018,0.5666666666666667,-0.5999999999999999,-0.6777777777777776,0.8,1.2444444444444445,0.0,0.2444444444444444,0.4,0.2333333333333333,2.0,2020-21,20201205|Fulham|Manchester City,2,0,2,home
2020-12-05,Chelsea,Leeds United,0.6641406713612307,2.2,1.8,0.2,1.6,0.6,0.4,1.9,2.2,1.0,1.2,0.5,0.4,6.0,1.4,1.2,1.6,-0.4,0.4,0.2,1.4,1.5,1.7,-0.2,0.4,0.2,7.0,1.6,1.8,1.0,0.2,0.8000000000000003,0.5,0.6000000000000001,0.7000000000000002,-1.4000000000000001,-0.7,2.0,1.4,0.19999999999999996,0.09999999999999998,0.2,0.2,-1.0,2020-21,20201205|Leeds United|Chelsea,3,1,4,home
2020-12-05,West Ham United,Manchester United,0.60337345357012,2.0,1.2,0.8,0.4,0.6,0.2,1.7,1.7,1.1,0.6,0.5,0.2,5.0,2.0,1.4,0.8,0.6,0.6,0.2,1.7777777777777777,1.7777777777777777,1.7777777777777777,0.0,0.5555555555555556,0.1111111111111111,6.0,2.0,3.0,0.8,1.75,0.0,-0.07777777777777772,-0.19999999999999996,-0.07777777777777772,0.0,-0.6777777777777776,-0.19999999999999996,0.6,0.0,-0.05555555555555558,0.0,0.0888888888888889,-1.0,2020-21,20201205|Manchester United|West Ham United,1,3,4,away
2020-12-06,Tottenham Hotspur,Arsenal,0.7065403620396727,2.6,1.2,0.2,1.0,0.8,0.2,2.1,2.1,0.9,1.2,0.6,0.3,7.0,0.8,0.4,1.2,-0.8,0.2,0.2,1.3,1.0,1.2,-0.2,0.4,0.1,7.0,1.6,1.4,0.4,0.2,1.8,0.8,0.7999999999999999,1.1,-1.0,-0.29999999999999993,1.8,1.4,0.6000000000000001,0.19999999999999996,0.0,0.19999999999999998,0.0,2020-21,20201206|Arsenal|Tottenham Hotspur,2,0,2,home
2020-12-06,West Bromwich Albion,Crystal Palace,0.5305672478642703,0.8,0.4,1.0,-0.6,0.2,0.2,0.6,0.7,1.8,-1.1,0.1,0.3,8.0,1.2,1.2,1.4,-0.2,0.4,0.0,1.3,1.2,1.5,-0.3,0.4,0.1,9.0,1.0,1.2,-0.6,-0.8,-0.3999999999999999,-0.7000000000000001,-0.7999999999999999,-0.5,-0.3999999999999999,0.30000000000000004,-0.39999999999999997,-0.8,-0.2,-0.30000000000000004,0.2,0.19999999999999998,-1.0,2020-21,20201206|Crystal Palace|West Bromwich Albion,1,5,6,away
2020-12-06,Sheffield United,Leicester City,0.40802944733278074,0.0,0.4,1.8,-1.4,0.0,0.0,0.1,0.4,1.6,-1.2,0.0,0.1,8.0,1.8,1.4,1.2,0.2,0.6,0.0,1.8,1.9,1.4,0.5,0.6,0.0,6.0,0.2,2.4,-1.0,1.4,-1.8,-1.7,-0.9999999999999999,-1.5,0.6000000000000001,0.20000000000000018,-1.5999999999999999,-1.7,-0.6,-0.6,0.0,0.1,2.0,2020-21,20201206|Leicester City|Sheffield United,1,2,3,away
2020-12-06,Liverpool,Wolverhampton Wanderers,0.642960314647278,2.2,1.8,0.8,1.0,0.6,0.4,2.1,2.2,1.7,0.5,0.6,0.3,8.0,1.6,1.2,0.8,0.4,0.4,0.4,1.7,1.1,1.1,0.0,0.5,0.2,7.0,3.0,1.8,1.6,-0.2,0.6000000000000001,0.40000000000000013,0.6000000000000001,1.1,0.0,0.5999999999999999,0.6,0.5,0.19999999999999996,0.09999999999999998,0.0,0.09999999999999998,1.0,2020-21,20201206|Wolverhampton Wanderers|Liverpool,4,0,4,home
2020-12-07,Brighton and Hove Albion,Southampton,0.53184546210194,1.2,1.0,1.0,0.0,0.2,0.6,1.0,1.4,1.6,-0.2,0.2,0.4,9.0,2.0,2.2,1.4,0.8,0.6,0.2,1.7,1.9,1.6,0.3,0.5,0.2,8.0,0.6,1.6,-0.6,0.2,-0.8,-0.7,-1.2000000000000002,-0.5,-0.3999999999999999,0.0,-0.8,-0.5,-0.39999999999999997,-0.3,0.39999999999999997,0.2,1.0,2020-21,20201207|Southampton|Brighton and Hove Albion,1,2,3,away
2020-12-11,Leeds United,West Ham United,0.5576100836736323,0.8,0.8,2.2,-1.4,0.2,0.2,1.4,1.3,1.6,-0.3,0.4,0.2,6.0,1.8,1.2,1.2,0.0,0.6,0.0,1.7,1.8,1.2,0.6,0.5,0.2,6.0,1.0,1.4,-0.6,0.4,-1.0,-0.30000000000000004,-0.3999999999999999,-0.5,1.0000000000000002,0.40000000000000013,-1.4,-0.8999999999999999,-0.39999999999999997,-0.09999999999999998,0.2,0.0,0.0,2020-21,20201211|West Ham United|Leeds United,1,2,3,away
2020-12-12,Wolverhampton Wanderers,Aston Villa,0.5937047927192267,1.4,1.0,1.4,-0.4,0.4,0.2,1.4,0.9,1.5,-0.6,0.4,0.2,6.0,0.6,1.6,2.2,-0.6,0.2,0.0,1.6666666666666667,2.2222222222222223,1.4444444444444444,0.7777777777777778,0.5555555555555556,0.0,12.0,1.6,2.25,0.2,1.5,0.7999999999999999,-0.26666666666666683,-0.6000000000000001,-1.3222222222222224,-0.8000000000000003,0.05555555555555558,0.19999999999999996,-1.3777777777777778,0.2,-0.15555555555555556,0.2,0.2,-6.0,2020-21,20201212|Aston Villa|Wolverhampton Wanderers,0,1,1,away
2020-12-12,Everton,Chelsea,0.5021061403174204,0.8,1.2,1.8,-0.6,0.2,0.2,1.4,1.9,1.8,0.1,0.4,0.2,7.0,2.6,2.4,0.4,2.0,0.8,0.2,1.9,2.2,1.0,1.2,0.5,0.4,7.0,1.4,2.2,0.4,1.4,-1.8,-0.5,-1.2,-0.30000000000000027,1.4,0.8,-2.6,-1.0999999999999999,-0.6000000000000001,-0.09999999999999998,0.0,-0.2,0.0,2020-21,20201212|Chelsea|Everton,1,0,1,home
2020-12-12,Manchester United,Manchester City,0.6001973958702217,2.4,2.0,1.0,1.0,0.8,0.0,1.9,1.9,1.7,0.2,0.6,0.1,7.0,2.0,1.8,0.6,1.2,0.6,0.2,1.8,1.7,1.1,0.6,0.5,0.3,7.0,0.8,1.6,-1.4,0.2,0.3999999999999999,0.09999999999999987,0.19999999999999996,0.19999999999999996,0.4,0.5999999999999999,-0.19999999999999996,-0.39999999999999997,0.20000000000000007,0.09999999999999998,-0.2,-0.19999999999999998,0.0,2020-21,20201212|Manchester City|Manchester United,0,0,0,draw
2020-12-12,Newcastle United,West Bromwich Albion,0.6993537168637718,1.4,1.0,1.2,-0.2,0.4,0.2,1.4,1.2,1.5,-0.3,0.4,0.2,15.0,0.6,0.4,1.8,-1.4,0.2,0.0,0.6,0.8,2.0,-1.2,0.1,0.3,6.0,1.2,0.2,-1.0,-1.6,0.7999999999999999,0.7999999999999999,0.6,0.3999999999999999,-0.6000000000000001,-0.5,1.2,0.8999999999999999,0.2,0.30000000000000004,0.2,-0.09999999999999998,9.0,2020-21,20201212|West Bromwich Albion|Newcastle United,2,1,3,home
2020-12-13,Leicester City,Brighton and Hove Albion,0.6788599412231425,1.8,1.6,1.4,0.2,0.6,0.0,1.8,1.8,1.5,0.3,0.6,0.0,7.0,1.0,1.0,1.2,-0.2,0.2,0.4,1.0,1.4,1.5,-0.1,0.2,0.4,6.0,1.2,1.4,-0.4,0.2,0.8,0.8,0.6000000000000001,0.40000000000000013,0.19999999999999996,0.0,0.4,0.4,0.39999999999999997,0.39999999999999997,-0.4,-0.4,1.0,2020-21,20201213|Brighton and Hove Albion|Leicester City,3,0,3,home
2020-12-13,Arsenal,Burnley,0.6394074624557421,0.8,0.4,1.4,-1.0,0.2,0.2,1.0,0.7,1.4,-0.7,0.3,0.1,7.0,1.0,0.4,1.8,-1.4,0.2,0.4,0.6,0.5,1.8,-1.3,0.1,0.3,8.0,1.2,0.4,-0.6,-1.8,-0.19999999999999996,0.4,0.0,0.19999999999999996,-0.40000000000000013,-0.40000000000000013,0.3999999999999999,0.6000000000000001,0.0,0.19999999999999998,-0.2,-0.19999999999999998,-1.0,2020-21,20201213|Burnley|Arsenal,0,1,1,away
2020-12-13,Fulham,Liverpool,0.3934699314655752,1.2,1.2,1.4,-0.2,0.4,0.0,0.7,1.1,1.8,-0.7,0.2,0.1,8.0,2.2,2.2,0.6,1.6,0.6,0.4,2.1,2.2,1.4,0.8,0.6,0.3,7.0,0.6,1.2,-1.2,-0.6,-1.0000000000000002,-1.4000000000000001,-1.0000000000000002,-1.1,0.7999999999999999,0.40000000000000013,-1.8,-1.5,-0.19999999999999996,-0.39999999999999997,-0.4,-0.19999999999999998,1.0,2020-21,20201213|Liverpool|Fulham,1,1,2,draw
2020-12-13,Southampton,Sheffield United,0.7830562682229107,2.0,2.2,1.6,0.6,0.6,0.2,2.0,2.1,1.6,0.5,0.6,0.2,6.0,0.0,0.4,1.8,-1.4,0.0,0.0,0.1,0.5,1.6,-1.1,0.0,0.1,7.0,1.8,0.0,0.4,-1.4,2.0,1.9,1.8000000000000003,1.6,-0.19999999999999996,0.0,2.0,1.6,0.6,0.6,0.2,0.1,-1.0,2020-21,20201213|Sheffield United|Southampton,3,0,3,home
2020-12-13,Crystal Palace,Tottenham Hotspur,0.4767919822917114,1.2,1.8,1.4,0.4,0.4,0.0,1.3,1.6,1.6,0.0,0.4,0.1,7.0,2.6,1.4,0.2,1.2,0.8,0.2,2.4,2.3,0.8,1.5,0.7,0.3,7.0,1.4,2.6,0.2,2.0,-1.4000000000000001,-1.0999999999999999,0.40000000000000013,-0.6999999999999997,1.2,0.8,-0.7999999999999999,-1.5,-0.4,-0.29999999999999993,-0.2,-0.19999999999999998,0.0,2020-21,20201213|Tottenham Hotspur|Crystal Palace,1,1,2,draw
2020-12-15,Wolverhampton Wanderers,Chelsea,0.5137751584104692,0.8,0.6,1.6,-1.0,0.2,0.2,1.4,0.8,1.3,-0.5,0.4,0.2,3.0,2.0,1.8,0.6,1.2,0.6,0.2,1.9,2.2,0.9,1.3,0.5,0.4,3.0,1.3333333333333333,1.8333333333333333,0.0,1.0,-1.2,-0.5,-1.2000000000000002,-1.4000000000000001,1.0,0.4,-2.2,-1.8,-0.39999999999999997,-0.09999999999999998,0.0,-0.2,0.0,2020-21,20201215|Chelsea|Wolverhampton Wanderers,2,1,3,home
2020-12-15,Manchester City,West Bromwich Albion,0.7579163716221365,1.6,1.6,0.6,1.0,0.4,0.4,1.6,1.4,1.0,0.4,0.4,0.4,3.0,0.6,0.6,1.8,-1.2,0.2,0.0,0.6,0.7,1.7,-1.0,0.1,0.3,3.0,2.0,0.16666666666666666,1.0,-1.5,1.0,1.0,1.0,0.7,-1.2000000000000002,-0.7,2.2,1.4,0.2,0.30000000000000004,0.4,0.10000000000000003,0.0,2020-21,20201215|West Bromwich Albion|Manchester City,1,1,2,draw
2020-12-16,Fulham,Brighton and Hove Albion,0.5605318088727547,0.8,1.0,1.6,-0.6,0.2,0.2,0.8,0.9,1.5,-0.6,0.2,0.2,3.0,1.0,0.8,1.4,-0.6,0.2,0.4,0.7,1.1,1.8,-0.7,0.1,0.4,3.0,0.6666666666666666,1.1666666666666667,-1.0,-0.3333333333333333,-0.19999999999999996,0.10000000000000009,0.19999999999999996,-0.20000000000000007,0.20000000000000018,-0.30000000000000004,0.0,0.09999999999999998,0.0,0.1,-0.2,-0.2,0.0,2020-21,20201216|Brighton and Hove Albion|Fulham,0,0,0,draw
2020-12-16,West Ham United,Crystal Palace,0.6378493013083437,2.4,1.4,1.0,0.4,0.8,0.0,2.0,1.9,1.1,0.8,0.6,0.2,5.0,1.4,2.0,1.2,0.8,0.4,0.2,1.1,1.4,1.6,-0.2,0.3,0.2,3.0,1.6666666666666667,1.5,0.3333333333333333,0.0,1.0,0.8999999999999999,-0.6000000000000001,0.5,-0.19999999999999996,-0.5,-0.4,1.0,0.4,0.3,-0.2,0.0,2.0,2020-21,20201216|Crystal Palace|West Ham United,1,1,2,draw
2020-12-16,Leicester City,Everton,0.6346948112764849,1.8,1.4,1.2,0.2,0.6,0.0,1.8,1.7,1.3,0.4,0.6,0.0,3.0,1.4,1.2,1.4,-0.2,0.4,0.2,1.4,1.5,1.6,-0.1,0.4,0.2,4.0,1.5,1.6666666666666667,0.16666666666666666,0.0,0.40000000000000013,0.40000000000000013,0.19999999999999996,0.19999999999999996,-0.19999999999999996,-0.30000000000000004,0.4,0.5,0.19999999999999996,0.19999999999999996,-0.2,-0.2,-1.0,2020-21,20201216|Everton|Leicester City,0,2,2,away
2020-12-16,Leeds United,Newcastle United,0.5513507686730569,0.8,0.8,1.8,-1.0,0.2,0.2,1.1,1.0,1.5,-0.5,0.3,0.2,5.0,1.8,1.2,1.2,0.0,0.6,0.0,1.4,1.2,1.6,-0.4,0.4,0.2,4.0,0.8333333333333334,1.6,-0.6666666666666666,0.4,-1.0,-0.2999999999999998,-0.3999999999999999,-0.19999999999999996,0.6000000000000001,-0.10000000000000009,-1.0,-0.09999999999999998,-0.39999999999999997,-0.10000000000000003,0.2,0.0,1.0,2020-21,20201216|Newcastle United|Leeds United,5,2,7,home
2020-12-16,Arsenal,Southampton,0.46050451430142225,0.2,0.2,1.6,-1.4,0.0,0.2,0.7,0.5,1.4,-0.9,0.2,0.1,3.0,2.0,2.0,1.0,1.0,0.6,0.2,2.3,2.2,1.1,1.1,0.7,0.2,3.0,1.0,1.8333333333333333,-0.6666666666666666,0.3333333333333333,-1.8,-1.5999999999999999,-1.8,-1.7000000000000002,0.6000000000000001,0.2999999999999998,-2.4,-2.0,-0.6,-0.49999999999999994,0.0,-0.1,0.0,2020-21,20201216|Southampton|Arsenal,1,1,2,draw
2020-12-16,Liverpool,Tottenham Hotspur,0.5842471553844566,1.8,2.0,0.6,1.4,0.4,0.6,1.9,2.1,1.5,0.6,0.5,0.4,3.0,2.2,1.2,0.2,1.0,0.6,0.4,2.2,1.9,0.7,1.2,0.6,0.4,3.0,3.0,2.3333333333333335,2.0,1.6666666666666667,-0.40000000000000013,-0.30000000000000027,0.8,0.20000000000000018,0.39999999999999997,0.8,0.3999999999999999,-0.6,-0.19999999999999996,-0.09999999999999998,0.19999999999999996,0.0,0.0,2020-21,20201216|Tottenham Hotspur|Liverpool,2,1,3,home
2020-12-17,Aston Villa,Burnley,0.6863493622475904,1.2,1.8,1.6,0.2,0.4,0.0,1.8,2.1,1.3,0.8,0.6,0.0,5.0,1.6,0.6,1.2,-0.6,0.4,0.4,0.9,0.4,1.4,-1.0,0.2,0.3,4.0,1.2,0.8333333333333334,0.2,-1.3333333333333333,-0.40000000000000013,0.9,1.2000000000000002,1.7000000000000002,0.40000000000000013,-0.09999999999999987,0.8,1.8,0.0,0.39999999999999997,-0.4,-0.3,1.0,2020-21,20201217|Burnley|Aston Villa,0,0,0,draw
2020-12-17,Sheffield United,Manchester United,0.3595155918713606,0.0,0.4,2.2,-1.8,0.0,0.0,0.1,0.5,1.8,-1.3,0.0,0.1,4.0,2.6,2.0,0.8,1.2,0.8,0.2,2.0,1.8,1.4,0.4,0.6,0.2,5.0,0.16666666666666666,3.0,-1.0,1.8,-2.6,-1.9,-1.6,-1.3,1.4000000000000001,0.40000000000000013,-3.0,-1.7000000000000002,-0.8,-0.6,-0.2,-0.1,-1.0,2020-21,20201217|Manchester United|Sheffield United,2,3,5,away
2020-12-19,Everton,Arsenal,0.6930518423589198,2.0,1.4,0.8,0.6,0.6,0.2,1.4,1.5,1.5,0.0,0.4,0.2,3.0,0.4,0.4,1.2,-0.8,0.0,0.4,0.8,0.5,1.2,-0.7,0.2,0.2,3.0,1.6666666666666667,1.1666666666666667,0.5,-0.16666666666666666,1.6,0.5999999999999999,0.9999999999999999,1.0,-0.3999999999999999,0.30000000000000004,1.4,0.7,0.6,0.2,-0.2,0.0,0.0,2020-21,20201219|Arsenal|Everton,2,1,3,home
2020-12-19,Newcastle United,Fulham,0.6667780800832964,1.2,1.2,2.0,-0.8,0.4,0.0,1.4,1.4,1.8,-0.4,0.4,0.2,3.0,1.0,1.0,1.4,-0.4,0.2,0.4,0.9,0.9,1.2,-0.3,0.2,0.3,3.0,1.5,0.6666666666666666,-0.6666666666666666,-0.6666666666666666,0.19999999999999996,0.4999999999999999,0.19999999999999996,0.4999999999999999,0.6000000000000001,0.6000000000000001,-0.4,-0.10000000000000003,0.2,0.2,-0.4,-0.09999999999999998,0.0,2020-21,20201219|Fulham|Newcastle United,1,1,2,draw
2020-12-19,Crystal Palace,Liverpool,0.4755605716166103,1.0,1.4,1.2,0.2,0.2,0.4,1.2,1.4,1.5,-0.1,0.3,0.3,3.0,2.2,2.2,0.6,1.6,0.6,0.4,1.9,2.0,1.5,0.5,0.5,0.4,3.0,1.3333333333333333,1.1666666666666667,0.16666666666666666,-0.5,-1.2000000000000002,-0.7,-0.8000000000000003,-0.6000000000000001,0.6,0.0,-1.4000000000000001,-0.6,-0.39999999999999997,-0.2,0.0,-0.10000000000000003,0.0,2020-21,20201219|Liverpool|Crystal Palace,0,7,7,away
2020-12-19,Southampton,Manchester City,0.6101780565933456,1.6,1.8,1.2,0.6,0.4,0.4,2.1,2.2,1.2,1.0,0.6,0.3,3.0,1.6,1.6,0.6,1.0,0.4,0.4,1.7,1.3,0.6,0.7,0.4,0.5,4.0,2.0,1.5,0.8333333333333334,0.16666666666666666,0.0,0.40000000000000013,0.19999999999999996,0.9000000000000001,0.6,0.6,-0.4,0.30000000000000004,0.0,0.19999999999999996,0.0,-0.2,-1.0,2020-21,20201219|Manchester City|Southampton,0,1,1,away
2020-12-20,West Bromwich Albion,Aston Villa,0.43757874443353206,0.8,0.8,1.8,-1.0,0.2,0.2,0.6,0.5,1.5,-1.0,0.1,0.3,5.0,1.4,1.2,0.8,0.4,0.4,0.2,1.6,2.0,1.3,0.7,0.5,0.1,3.0,0.8333333333333334,2.4,-1.1666666666666667,1.4,-0.5999999999999999,-1.0,-0.3999999999999999,-1.5,1.0,0.19999999999999996,-1.4,-1.7,-0.2,-0.4,0.0,0.19999999999999998,2.0,2020-21,20201220|Aston Villa|West Bromwich Albion,0,3,3,away
2020-12-20,Manchester United,Leeds United,0.673047662859935,2.6,2.0,1.0,1.0,0.8,0.2,2.0,1.8,1.4,0.4,0.6,0.2,3.0,1.4,1.6,1.4,0.2,0.4,0.2,1.1,1.4,1.7,-0.3,0.3,0.2,4.0,0.8333333333333334,1.5,-1.1666666666666667,-0.16666666666666666,1.2000000000000002,0.8999999999999999,0.3999999999999999,0.40000000000000013,-0.3999999999999999,-0.30000000000000004,0.8,0.7,0.4,0.3,0.0,0.0,-1.0,2020-21,20201220|Leeds United|Manchester United,6,2,8,home
2020-12-20,Tottenham Hotspur,Leicester City,0.6465928482952228,1.6,1.2,0.6,0.6,0.4,0.4,2.1,1.9,0.8,1.1,0.6,0.3,4.0,1.2,1.2,1.6,-0.4,0.4,0.0,1.5,1.2,1.3,-0.1,0.5,0.0,4.0,1.8333333333333333,2.5,0.6666666666666666,1.3333333333333333,0.40000000000000013,0.6000000000000001,0.0,0.7,-1.0,-0.5,1.0,1.2000000000000002,0.0,0.09999999999999998,0.4,0.3,0.0,2020-21,20201220|Leicester City|Tottenham Hotspur,0,2,2,away
2020-12-20,Brighton and Hove Albion,Sheffield United,0.714384847531387,1.0,0.8,1.4,-0.6,0.2,0.4,0.8,0.9,1.5,-0.6,0.1,0.5,4.0,0.0,0.6,2.0,-1.4,0.0,0.0,0.1,0.7,2.0,-1.3,0.0,0.1,3.0,0.5,0.0,-0.6666666666666666,-1.6666666666666667,1.0,0.7000000000000001,0.20000000000000007,0.20000000000000007,-0.6000000000000001,-0.5,0.7999999999999999,0.7000000000000001,0.2,0.1,0.4,0.4,1.0,2020-21,20201220|Sheffield United|Brighton and Hove Albion,1,1,2,draw
2020-12-21,Chelsea,West Ham United,0.606986032733465,1.4,1.2,0.8,0.4,0.4,0.2,1.8,2.0,0.8,1.2,0.5,0.3,6.0,2.0,1.4,1.2,0.2,0.6,0.2,1.8,1.6,1.2,0.4,0.5,0.3,5.0,1.8333333333333333,1.6666666666666667,1.1666666666666667,0.5,-0.6000000000000001,0.0,-0.19999999999999996,0.3999999999999999,-0.3999999999999999,-0.3999999999999999,0.2,0.7999999999999999,-0.19999999999999996,0.0,0.0,0.0,1.0,2020-21,20201221|West Ham United|Chelsea,3,0,3,home
2020-12-21,Burnley,Wolverhampton Wanderers,0.5235682814999792,1.6,0.6,1.2,-0.6,0.4,0.4,1.0,0.4,1.3,-0.9,0.2,0.4,4.0,1.4,1.0,1.6,-0.6,0.4,0.2,1.7,1.0,1.0,0.0,0.5,0.2,6.0,0.8,1.5,-0.8,-0.8333333333333334,0.20000000000000018,-0.7,-0.4,-0.6,-0.40000000000000013,0.30000000000000004,0.0,-0.9,0.0,-0.3,0.2,0.2,-2.0,2020-21,20201221|Wolverhampton Wanderers|Burnley,2,1,3,home
2020-12-26,Arsenal,Chelsea,0.44642597551097546,0.2,0.6,1.6,-1.0,0.0,0.2,0.5,0.4,1.3,-0.9,0.1,0.2,7.0,1.4,1.4,0.8,0.6,0.4,0.2,1.8,1.9,0.8,1.1,0.5,0.3,5.0,1.0,1.5714285714285714,-0.5714285714285714,0.7142857142857143,-1.2,-1.3,-0.7999999999999999,-1.5,0.8,0.5,-1.6,-2.0,-0.4,-0.4,0.0,-0.09999999999999998,2.0,2020-21,20201226|Chelsea|Arsenal,3,1,4,home
2020-12-26,Aston Villa,Crystal Palace,0.6648129135936066,1.4,1.2,0.8,0.4,0.4,0.2,1.6,2.0,1.3,0.7,0.5,0.1,6.0,1.0,1.4,2.4,-1.0,0.2,0.4,1.2,1.4,1.8,-0.4,0.3,0.3,7.0,1.1666666666666667,1.4285714285714286,0.16666666666666666,0.0,0.3999999999999999,0.40000000000000013,-0.19999999999999996,0.6000000000000001,-1.5999999999999999,-0.5,1.4,1.1,0.2,0.2,-0.2,-0.19999999999999998,-1.0,2020-21,20201226|Crystal Palace|Aston Villa,3,0,3,home
2020-12-26,Sheffield United,Everton,0.35354644603648316,0.2,0.8,2.0,-1.2,0.0,0.2,0.2,0.7,1.9,-1.2,0.0,0.2,6.0,2.0,1.2,0.6,0.6,0.6,0.2,1.4,1.3,1.4,-0.1,0.4,0.2,7.0,0.14285714285714285,1.8571428571428572,-1.0,0.2857142857142857,-1.8,-1.2,-0.3999999999999999,-0.6000000000000001,1.4,0.5,-1.7999999999999998,-1.0999999999999999,-0.6,-0.4,0.0,0.0,-1.0,2020-21,20201226|Everton|Sheffield United,0,1,1,away
2020-12-26,Leicester City,Manchester United,0.5685041173324701,1.8,1.6,1.0,0.6,0.6,0.0,1.8,1.4,1.0,0.4,0.6,0.0,6.0,2.6,3.0,1.4,1.6,0.8,0.2,2.3,2.3,1.0,1.3,0.7,0.2,6.0,1.2857142857142858,3.0,-0.14285714285714285,1.6666666666666667,-0.8,-0.4999999999999998,-1.4,-0.8999999999999999,-0.3999999999999999,0.0,-1.0,-0.9,-0.20000000000000007,-0.09999999999999998,-0.2,-0.2,0.0,2020-21,20201226|Manchester United|Leicester City,2,2,4,draw
2020-12-26,Manchester City,Newcastle United,0.6779394642305728,2.2,1.8,0.2,1.6,0.6,0.4,1.9,1.3,0.5,0.8,0.5,0.4,7.0,1.4,1.4,1.8,-0.4,0.4,0.2,1.4,1.4,1.8,-0.4,0.4,0.2,7.0,1.8333333333333333,1.3333333333333333,0.8333333333333334,-0.16666666666666666,0.8000000000000003,0.5,0.40000000000000013,-0.09999999999999987,-1.6,-1.3,2.0,1.2000000000000002,0.19999999999999996,0.09999999999999998,0.2,0.2,0.0,2020-21,20201226|Newcastle United|Manchester City,2,0,2,home
2020-12-26,Fulham,Southampton,0.4614678652338077,1.2,0.8,1.0,-0.2,0.2,0.6,1.0,1.0,1.2,-0.2,0.2,0.4,7.0,1.4,1.6,1.2,0.4,0.4,0.2,1.8,2.0,1.3,0.7,0.5,0.3,7.0,0.7142857142857143,1.7142857142857142,-0.8571428571428571,0.2857142857142857,-0.19999999999999996,-0.8,-0.8,-1.0,-0.19999999999999996,-0.10000000000000009,-0.6000000000000001,-0.8999999999999999,-0.2,-0.3,0.39999999999999997,0.10000000000000003,0.0,2020-21,20201226|Southampton|Fulham,0,0,0,draw
2020-12-27,West Ham United,Brighton and Hove Albion,0.6713560036211219,1.4,1.2,1.8,-0.6,0.4,0.2,1.5,1.3,1.5,-0.2,0.4,0.3,6.0,0.6,0.6,1.4,-0.8,0.0,0.6,0.9,0.8,1.2,-0.4,0.1,0.6,7.0,1.5714285714285714,1.1428571428571428,0.2857142857142857,-0.2857142857142857,0.7999999999999999,0.6,0.6,0.5,0.40000000000000013,0.30000000000000004,0.20000000000000007,0.2,0.4,0.30000000000000004,-0.39999999999999997,-0.3,-1.0,2020-21,20201227|Brighton and Hove Albion|West Ham United,2,2,4,draw
2020-12-27,Leeds United,Burnley,0.6009912941299291,1.2,2.0,2.6,-0.6,0.4,0.0,1.0,1.5,2.2,-0.7,0.3,0.1,7.0,1.6,0.8,1.4,-0.6,0.4,0.4,1.3,0.5,1.1,-0.6,0.3,0.4,6.0,1.1428571428571428,0.8571428571428571,-0.14285714285714285,-1.1428571428571428,-0.40000000000000013,-0.30000000000000004,1.2,1.0,1.2000000000000002,1.1,0.0,-0.09999999999999998,0.0,0.0,-0.4,-0.30000000000000004,1.0,2020-21,20201227|Burnley|Leeds United,1,0,1,home
2020-12-27,Wolverhampton Wanderers,Tottenham Hotspur,0.5198961951557552,1.2,1.0,1.8,-0.8,0.4,0.0,1.4,1.0,1.2,-0.2,0.4,0.2,6.0,1.0,0.8,1.0,-0.2,0.2,0.4,1.8,1.3,0.9,0.4,0.5,0.3,7.0,1.5714285714285714,2.0,0.14285714285714285,1.2857142857142858,0.19999999999999996,-0.40000000000000013,0.19999999999999996,-0.30000000000000004,0.8,0.29999999999999993,-0.6000000000000001,-0.6000000000000001,0.2,-0.09999999999999998,-0.4,-0.09999999999999998,-1.0,2020-21,20201227|Tottenham Hotspur|Wolverhampton Wanderers,1,1,2,draw
2020-12-27,Liverpool,West Bromwich Albion,0.822790851443346,2.2,3.0,0.6,2.4,0.6,0.4,2.2,2.5,0.8,1.7,0.6,0.4,8.0,0.8,0.8,2.2,-1.4,0.2,0.2,0.6,0.5,1.6,-1.1,0.1,0.3,7.0,3.0,0.2857142857142857,1.8571428571428572,-1.2857142857142858,1.4000000000000001,1.6,2.2,2.0,-1.6,-0.8,3.8,2.8,0.39999999999999997,0.5,0.2,0.10000000000000003,1.0,2020-21,20201227|West Bromwich Albion|Liverpool,1,1,2,draw
2020-12-28,Chelsea,Aston Villa,0.5741856075336949,1.2,1.6,1.4,0.2,0.4,0.0,1.7,1.7,0.8,0.9,0.5,0.2,2.0,2.0,1.6,0.4,1.2,0.6,0.2,1.6,1.6,1.1,0.5,0.5,0.1,2.0,2.0,2.5,1.4285714285714286,1.6666666666666667,-0.8,0.09999999999999987,0.0,0.09999999999999987,0.9999999999999999,-0.30000000000000004,-1.0,0.4,-0.19999999999999996,0.0,-0.2,0.1,0.0,2020-21,20201228|Aston Villa|Chelsea,1,1,2,draw
2020-12-28,Crystal Palace,Leicester City,0.48935404439848623,1.0,1.4,2.6,-1.2,0.2,0.4,1.1,1.3,2.0,-0.7,0.3,0.2,2.0,2.0,1.8,1.0,0.8,0.6,0.2,1.9,1.6,1.1,0.5,0.6,0.1,2.0,1.1428571428571428,2.5714285714285716,-0.8571428571428571,1.4285714285714286,-1.0,-0.7999999999999998,-0.40000000000000013,-0.30000000000000004,1.6,0.8999999999999999,-2.0,-1.2,-0.39999999999999997,-0.3,0.2,0.1,0.0,2020-21,20201228|Leicester City|Crystal Palace,1,1,2,draw
2020-12-29,Brighton and Hove Albion,Arsenal,0.5851543703639123,0.6,0.8,1.6,-0.8,0.0,0.6,0.9,0.9,1.3,-0.4,0.1,0.6,2.0,0.8,1.0,1.4,-0.4,0.2,0.2,0.8,0.7,1.3,-0.6,0.2,0.2,3.0,0.5714285714285714,1.0,-0.5714285714285714,-0.2857142857142857,-0.20000000000000007,0.09999999999999998,-0.19999999999999996,0.20000000000000007,0.20000000000000018,0.0,-0.4,0.19999999999999996,-0.2,-0.1,0.39999999999999997,0.39999999999999997,-1.0,2020-21,20201229|Arsenal|Brighton and Hove Albion,0,1,1,away
2020-12-29,West Bromwich Albion,Leeds United,0.47450789543391747,0.4,0.8,2.4,-1.6,0.0,0.4,0.6,0.6,1.7,-1.1,0.1,0.3,2.0,1.2,2.0,2.6,-0.6,0.4,0.0,1.3,1.6,2.1,-0.5,0.4,0.1,2.0,0.7142857142857143,1.2857142857142858,-1.4285714285714286,-0.7142857142857143,-0.7999999999999999,-0.7000000000000001,-1.2,-1.0,-0.20000000000000018,-0.40000000000000013,-1.0,-0.6000000000000001,-0.4,-0.30000000000000004,0.4,0.19999999999999998,0.0,2020-21,20201229|Leeds United|West Bromwich Albion,0,5,5,away
2020-12-29,Burnley,Sheffield United,0.721175957932683,1.6,0.8,0.6,0.2,0.4,0.4,1.2,0.5,1.2,-0.7,0.3,0.3,2.0,0.2,0.8,2.0,-1.2,0.0,0.2,0.1,0.6,1.9,-1.3,0.0,0.1,3.0,1.1666666666666667,0.14285714285714285,-0.5,-1.4285714285714286,1.4000000000000001,1.0999999999999999,0.0,-0.09999999999999998,-1.4,-0.7,1.4,0.6000000000000001,0.4,0.3,0.2,0.19999999999999998,-1.0,2020-21,20201229|Sheffield United|Burnley,1,0,1,home
2020-12-29,Southampton,West Ham United,0.6191767541118453,1.6,1.2,0.6,0.6,0.4,0.4,1.8,1.7,1.0,0.7,0.5,0.3,3.0,1.0,1.2,2.0,-0.8,0.2,0.4,1.5,1.2,1.4,-0.2,0.4,0.3,2.0,1.7142857142857142,1.4285714285714286,0.5714285714285714,0.0,0.6000000000000001,0.30000000000000004,0.0,0.5,-1.4,-0.3999999999999999,1.4,0.8999999999999999,0.2,0.09999999999999998,0.0,0.0,1.0,2020-21,20201229|West Ham United|Southampton,0,0,0,draw
2020-12-29,Manchester United,Wolverhampton Wanderers,0.6837281999125031,2.2,2.8,1.4,1.4,0.6,0.4,2.1,2.1,1.1,1.0,0.6,0.3,3.0,0.8,0.8,1.8,-1.0,0.2,0.2,1.2,1.0,1.3,-0.3,0.3,0.3,2.0,1.1428571428571428,1.2857142857142858,-0.42857142857142855,-0.8571428571428571,1.4000000000000001,0.9000000000000001,1.9999999999999998,1.1,-0.40000000000000013,-0.19999999999999996,2.4,1.3,0.39999999999999997,0.3,0.2,0.0,1.0,2020-21,20201229|Wolverhampton Wanderers|Manchester United,1,0,1,home
2020-12-30,Newcastle United,Liverpool,0.42671409365424134,1.4,1.4,1.8,-0.4,0.4,0.2,1.1,1.1,1.9,-0.8,0.3,0.2,4.0,2.2,3.0,0.6,2.4,0.6,0.4,2.2,2.4,0.7,1.7,0.6,0.4,3.0,1.4285714285714286,1.4285714285714286,-0.5714285714285714,0.5714285714285714,-0.8000000000000003,-1.1,-1.6,-1.2999999999999998,1.2000000000000002,1.2,-2.8,-2.5,-0.19999999999999996,-0.3,-0.2,-0.2,1.0,2020-21,20201230|Liverpool|Newcastle United,0,0,0,draw
2021-01-01,Manchester United,Aston Villa,0.6248915896602203,2.2,2.4,1.2,1.2,0.6,0.4,2.3,2.2,1.1,1.1,0.7,0.2,3.0,2.2,1.6,0.2,1.4,0.6,0.4,1.4,1.6,1.2,0.4,0.4,0.2,4.0,1.375,2.2857142857142856,-0.25,1.4285714285714286,0.0,0.8999999999999999,0.7999999999999998,0.6000000000000001,1.0,-0.09999999999999987,-0.19999999999999996,0.7000000000000001,0.0,0.29999999999999993,0.0,0.0,-1.0,2020-21,20210101|Aston Villa|Manchester United,2,1,3,home
2021-01-01,Everton,West Ham United,0.6434149122208199,2.6,1.4,0.4,1.0,0.8,0.2,1.6,1.2,1.2,0.0,0.5,0.1,6.0,1.2,1.0,1.4,-0.4,0.2,0.6,1.5,1.1,1.3,-0.2,0.4,0.3,3.0,1.8571428571428572,1.375,0.5714285714285714,0.0,1.4000000000000001,0.10000000000000009,0.3999999999999999,0.09999999999999987,-0.9999999999999999,-0.10000000000000009,1.4,0.2,0.6000000000000001,0.09999999999999998,-0.39999999999999997,-0.19999999999999998,3.0,2020-21,20210101|West Ham United|Everton,0,1,1,away
2021-01-02,West Bromwich Albion,Arsenal,0.4614766317677735,0.4,0.6,2.4,-1.8,0.0,0.4,0.5,0.5,2.1,-1.6,0.1,0.2,4.0,1.4,1.2,1.0,0.2,0.4,0.2,1.1,0.8,1.2,-0.4,0.3,0.2,4.0,0.625,1.25,-1.875,-0.125,-0.9999999999999999,-0.6000000000000001,-0.6,-0.30000000000000004,1.4,0.9000000000000001,-2.0,-1.2000000000000002,-0.4,-0.19999999999999998,0.2,0.0,0.0,2020-21,20210102|Arsenal|West Bromwich Albion,0,4,4,away
2021-01-02,Tottenham Hotspur,Leeds United,0.646066337766543,1.0,1.0,1.2,-0.2,0.2,0.4,1.8,1.1,0.7,0.4,0.5,0.3,6.0,1.8,2.8,2.0,0.8,0.6,0.0,1.3,1.8,2.1,-0.3,0.4,0.1,4.0,1.5714285714285714,1.5,0.2857142857142857,0.0,-0.8,0.5,-1.7999999999999998,-0.7,-0.8,-1.4000000000000001,-1.0,0.7,-0.39999999999999997,0.09999999999999998,0.4,0.19999999999999998,2.0,2020-21,20210102|Leeds United|Tottenham Hotspur,3,0,3,home
2021-01-02,Crystal Palace,Sheffield United,0.7405780227671414,0.6,0.6,2.6,-2.0,0.0,0.6,0.9,1.2,2.0,-0.8,0.2,0.3,5.0,0.2,0.6,1.8,-1.2,0.0,0.2,0.1,0.5,1.8,-1.3,0.0,0.1,4.0,1.125,0.125,-0.75,-1.375,0.39999999999999997,0.8,0.0,0.7,0.8,0.19999999999999996,-0.8,0.5,0.0,0.2,0.39999999999999997,0.19999999999999998,1.0,2020-21,20210102|Sheffield United|Crystal Palace,2,0,2,home
2021-01-02,Brighton and Hove Albion,Wolverhampton Wanderers,0.531658449672084,0.6,0.6,1.4,-0.8,0.0,0.6,0.8,0.8,1.3,-0.5,0.1,0.5,4.0,0.8,0.8,1.2,-0.4,0.2,0.2,1.1,0.9,1.3,-0.4,0.3,0.2,4.0,0.5,1.125,-0.625,-0.875,-0.20000000000000007,-0.30000000000000004,-0.20000000000000007,-0.09999999999999998,0.19999999999999996,0.0,-0.4,-0.09999999999999998,-0.2,-0.19999999999999998,0.39999999999999997,0.3,0.0,2020-21,20210102|Wolverhampton Wanderers|Brighton and Hove Albion,3,3,6,draw
2021-01-03,Newcastle United,Leicester City,0.5000494243732421,1.0,1.0,1.8,-0.8,0.2,0.4,1.2,1.0,1.5,-0.5,0.3,0.3,4.0,1.6,1.6,1.0,0.6,0.4,0.4,1.7,1.6,1.2,0.4,0.5,0.2,6.0,1.375,2.375,-0.5,1.25,-0.6000000000000001,-0.5,-0.6000000000000001,-0.6000000000000001,0.8,0.30000000000000004,-1.4,-0.9,-0.2,-0.2,0.0,0.09999999999999998,-2.0,2020-21,20210103|Leicester City|Newcastle United,1,2,3,away
2021-01-03,Chelsea,Manchester City,0.5532021906074998,0.8,1.2,1.4,-0.2,0.2,0.2,1.7,1.8,0.9,0.9,0.5,0.2,6.0,2.2,1.2,0.2,1.0,0.6,0.4,1.9,1.4,0.5,0.9,0.5,0.4,8.0,1.875,1.7142857142857142,1.25,0.2857142857142857,-1.4000000000000001,-0.19999999999999996,0.0,0.40000000000000013,1.2,0.4,-1.2,0.0,-0.39999999999999997,0.0,-0.2,-0.2,-2.0,2020-21,20210103|Manchester City|Chelsea,1,3,4,away
2021-01-04,Southampton,Liverpool,0.5008619855904934,1.2,0.8,0.4,0.4,0.2,0.6,1.6,1.5,1.0,0.5,0.4,0.4,6.0,1.8,2.2,0.6,1.6,0.4,0.6,2.0,2.2,0.6,1.6,0.5,0.5,5.0,1.625,1.375,0.5,0.5,-0.6000000000000001,-0.3999999999999999,-1.4000000000000001,-0.7000000000000002,-0.19999999999999996,0.4,-1.2000000000000002,-1.1,-0.2,-0.09999999999999998,0.0,-0.09999999999999998,1.0,2020-21,20210104|Liverpool|Southampton,1,0,1,home
2021-01-12,Wolverhampton Wanderers,Everton,0.5273742724995308,1.0,1.4,1.6,-0.2,0.2,0.4,0.9,1.0,1.6,-0.6,0.2,0.3,10.0,2.4,1.2,0.4,0.8,0.8,0.0,1.6,1.2,1.1,0.1,0.5,0.1,11.0,1.5,2.0,0.125,0.375,-1.4,-0.7000000000000001,0.19999999999999996,-0.19999999999999996,1.2000000000000002,0.5,-1.0,-0.7,-0.6000000000000001,-0.3,0.4,0.19999999999999998,-1.0,2020-21,20210112|Everton|Wolverhampton Wanderers,1,2,3,away
2021-01-12,Burnley,Manchester United,0.4309851324169675,2.0,0.8,0.4,0.4,0.6,0.2,1.5,0.6,1.1,-0.5,0.4,0.3,14.0,2.6,2.8,1.4,1.4,0.8,0.2,2.6,2.4,1.1,1.3,0.8,0.2,11.0,1.4285714285714286,2.7142857142857144,-0.2857142857142857,1.4285714285714286,-0.6000000000000001,-1.1,-1.9999999999999998,-1.7999999999999998,-0.9999999999999999,0.0,-0.9999999999999999,-1.8,-0.20000000000000007,-0.4,0.0,0.09999999999999998,3.0,2020-21,20210112|Manchester United|Burnley,0,1,1,away
2021-01-12,Sheffield United,Newcastle United,0.4237131386009339,0.2,0.6,1.6,-1.0,0.0,0.2,0.1,0.5,1.9,-1.4,0.0,0.1,10.0,0.4,0.8,2.0,-1.2,0.0,0.4,1.1,1.0,1.6,-0.6,0.3,0.2,9.0,0.125,1.1428571428571428,-1.0,-0.42857142857142855,-0.2,-1.0,-0.20000000000000007,-0.5,-0.3999999999999999,0.2999999999999998,0.19999999999999996,-0.7999999999999999,0.0,-0.3,-0.2,-0.1,1.0,2020-21,20210112|Newcastle United|Sheffield United,1,0,1,home
2021-01-13,Manchester City,Brighton and Hove Albion,0.7584106466130226,2.2,1.4,0.4,1.0,0.6,0.4,2.1,1.6,0.5,1.1,0.6,0.3,10.0,0.8,1.2,1.4,-0.2,0.0,0.8,0.9,1.0,1.4,-0.4,0.1,0.6,11.0,2.0,1.125,1.0,-0.25,1.4000000000000001,1.2000000000000002,0.19999999999999996,0.6000000000000001,-0.9999999999999999,-0.8999999999999999,1.2,1.5,0.6,0.5,-0.4,-0.3,-1.0,2020-21,20210113|Brighton and Hove Albion|Manchester City,1,0,1,home
2021-01-13,Tottenham Hotspur,Fulham,0.7426406452743067,1.0,1.2,1.2,0.0,0.2,0.4,1.8,1.3,0.7,0.6,0.5,0.3,11.0,0.8,0.4,0.8,-0.4,0.0,0.8,1.0,0.9,1.1,-0.2,0.2,0.4,18.0,1.75,0.7142857142857143,0.625,-0.5714285714285714,0.19999999999999996,0.8,0.7999999999999999,0.4,0.3999999999999999,-0.40000000000000013,0.4,0.8,0.2,0.3,-0.4,-0.10000000000000003,-7.0,2020-21,20210113|Fulham|Tottenham Hotspur,1,1,2,draw
2021-01-14,Arsenal,Crystal Palace,0.6165469627648993,2.0,2.0,0.8,1.2,0.6,0.2,1.1,1.1,1.2,-0.1,0.3,0.2,12.0,1.0,0.8,2.4,-1.6,0.2,0.4,1.2,1.4,1.8,-0.4,0.3,0.3,12.0,1.25,1.25,-0.25,-0.375,1.0,-0.09999999999999987,1.2,-0.2999999999999998,-1.5999999999999999,-0.6000000000000001,2.8,0.30000000000000004,0.39999999999999997,0.0,-0.2,-0.09999999999999998,0.0,2020-21,20210114|Crystal Palace|Arsenal,0,0,0,draw
2021-01-16,Leeds United,Brighton and Hove Albion,0.6721989893358478,1.8,2.6,2.2,0.4,0.6,0.0,1.3,1.7,2.0,-0.3,0.4,0.1,14.0,0.6,1.2,1.6,-0.4,0.0,0.6,0.8,1.0,1.5,-0.5,0.1,0.5,3.0,1.375,1.0,0.0,-0.3333333333333333,1.2000000000000002,0.5,1.4000000000000001,0.7,0.6000000000000001,0.5,0.8,0.2,0.6,0.30000000000000004,-0.6,-0.4,11.0,2020-21,20210116|Brighton and Hove Albion|Leeds United,0,1,1,away
2021-01-16,West Ham United,Burnley,0.68829519216903,1.2,0.8,1.2,-0.4,0.2,0.6,1.8,1.1,1.1,0.0,0.5,0.3,15.0,1.4,0.6,0.6,0.0,0.4,0.2,1.5,0.6,0.9,-0.3,0.4,0.3,4.0,1.5,0.75,0.25,-1.125,-0.19999999999999996,0.30000000000000004,0.20000000000000007,0.5000000000000001,0.6,0.20000000000000007,-0.4,0.3,-0.2,0.09999999999999998,0.39999999999999997,0.0,11.0,2020-21,20210116|Burnley|West Ham United,1,0,1,home
2021-01-16,Fulham,Chelsea,0.49240588865743934,1.0,0.6,0.6,0.0,0.0,1.0,1.1,0.9,1.0,-0.1,0.2,0.5,3.0,0.8,1.4,1.8,-0.4,0.2,0.2,1.4,1.6,1.2,0.4,0.4,0.2,13.0,0.75,1.375,-0.75,0.375,0.19999999999999996,-0.2999999999999998,-0.7999999999999999,-0.7000000000000001,-1.2000000000000002,-0.19999999999999996,0.4,-0.5,-0.2,-0.2,0.8,0.3,-10.0,2020-21,20210116|Chelsea|Fulham,0,1,1,away
2021-01-16,Leicester City,Southampton,0.6153399317269624,1.6,1.4,1.2,0.2,0.4,0.4,1.7,1.4,1.2,0.2,0.5,0.2,13.0,1.2,0.4,0.4,0.0,0.2,0.6,1.6,1.2,0.7,0.5,0.4,0.4,12.0,1.25,1.625,-0.125,0.25,0.40000000000000013,0.09999999999999987,0.9999999999999999,0.19999999999999996,0.7999999999999999,0.5,0.2,-0.3,0.2,0.09999999999999998,-0.19999999999999996,-0.2,1.0,2020-21,20210116|Southampton|Leicester City,2,0,2,home
2021-01-16,Wolverhampton Wanderers,West Bromwich Albion,0.7223098560127292,0.4,1.2,1.8,-0.6,0.0,0.4,0.9,1.1,1.7,-0.6,0.2,0.3,4.0,0.4,0.4,2.8,-2.4,0.0,0.4,0.5,0.5,2.3,-1.8,0.1,0.2,14.0,1.3333333333333333,0.375,0.0,-1.125,0.0,0.4,0.7999999999999999,0.6000000000000001,-0.9999999999999998,-0.5999999999999999,1.7999999999999998,1.2000000000000002,0.0,0.1,0.0,0.09999999999999998,-10.0,2020-21,20210116|West Bromwich Albion|Wolverhampton Wanderers,2,3,5,away
2021-01-17,Manchester City,Crystal Palace,0.7223191281409701,2.6,1.6,0.4,1.2,0.8,0.2,2.1,1.6,0.5,1.1,0.6,0.3,4.0,1.0,0.6,2.2,-1.6,0.2,0.4,1.0,1.0,1.7,-0.7,0.2,0.4,3.0,2.125,1.2222222222222223,1.0,-0.3333333333333333,1.6,1.1,1.0,0.6000000000000001,-1.8000000000000003,-1.2,2.8,1.8,0.6000000000000001,0.39999999999999997,-0.2,-0.10000000000000003,1.0,2020-21,20210117|Crystal Palace|Manchester City,4,0,4,home
2021-01-17,Liverpool,Manchester United,0.5694649635584511,1.6,2.0,0.6,1.4,0.4,0.4,1.7,2.0,0.6,1.4,0.4,0.5,13.0,2.6,2.4,1.0,1.4,0.8,0.2,2.6,2.2,1.0,1.2,0.8,0.2,5.0,2.75,2.75,1.625,1.375,-1.0,-0.9000000000000001,-0.3999999999999999,-0.20000000000000018,-0.4,-0.4,0.0,0.19999999999999996,-0.4,-0.4,0.2,0.3,8.0,2020-21,20210117|Manchester United|Liverpool,0,0,0,draw
2021-01-17,Sheffield United,Tottenham Hotspur,0.3263424337135498,0.8,0.4,1.0,-0.6,0.2,0.2,0.4,0.5,1.5,-1.0,0.1,0.1,5.0,1.0,1.2,1.2,0.0,0.2,0.4,1.6,1.2,0.7,0.5,0.4,0.4,4.0,0.4444444444444444,1.875,-0.7777777777777778,1.125,-0.19999999999999996,-1.2000000000000002,-0.7999999999999999,-0.7,-0.19999999999999996,0.8,-0.6,-1.5,0.0,-0.30000000000000004,-0.2,-0.30000000000000004,1.0,2020-21,20210117|Tottenham Hotspur|Sheffield United,1,3,4,away
2021-01-18,Arsenal,Newcastle United,0.6524797373857616,2.0,1.8,0.6,1.2,0.6,0.2,1.2,1.1,0.9,0.2,0.3,0.3,4.0,0.4,0.4,1.2,-0.8,0.0,0.4,0.8,0.8,1.6,-0.8,0.2,0.2,6.0,1.2222222222222223,1.0,-0.2222222222222222,-0.5,1.6,0.3999999999999999,1.4,0.30000000000000004,-0.6,-0.7000000000000001,2.0,1.0,0.6,0.09999999999999998,-0.2,0.09999999999999998,-2.0,2020-21,20210118|Newcastle United|Arsenal,3,0,3,home
2021-01-19,Leicester City,Chelsea,0.6456965183524879,2.2,1.8,0.8,1.0,0.6,0.4,1.7,1.5,1.2,0.3,0.5,0.2,3.0,1.4,1.4,1.4,0.0,0.4,0.2,1.4,1.3,1.1,0.2,0.4,0.2,3.0,1.4444444444444444,1.5555555555555556,0.1111111111111111,0.4444444444444444,0.8000000000000003,0.30000000000000004,0.40000000000000013,0.19999999999999996,-0.5999999999999999,0.09999999999999987,1.0,0.09999999999999998,0.19999999999999996,0.09999999999999998,0.2,0.0,0.0,2020-21,20210119|Chelsea|Leicester City,2,0,2,home
2021-01-19,West Ham United,West Bromwich Albion,0.7723536070938641,1.6,0.8,1.0,-0.2,0.4,0.4,1.8,1.1,1.1,0.0,0.5,0.3,3.0,0.8,0.8,3.0,-2.2,0.2,0.2,0.8,0.8,2.4,-1.6,0.2,0.2,3.0,1.6666666666666667,0.6666666666666666,0.3333333333333333,-0.8888888888888888,0.8,1.0,0.0,0.30000000000000004,-2.0,-1.2999999999999998,2.0,1.6,0.2,0.3,0.2,0.09999999999999998,0.0,2020-21,20210119|West Bromwich Albion|West Ham United,2,1,3,home
2021-01-20,Manchester City,Aston Villa,0.6650709860108072,3.0,2.2,0.2,2.0,1.0,0.0,2.3,1.9,0.4,1.5,0.7,0.2,3.0,1.6,1.6,0.6,1.0,0.4,0.4,1.4,1.7,1.1,0.6,0.4,0.2,19.0,2.2222222222222223,2.0,1.3333333333333333,1.125,1.4,0.8999999999999999,0.6000000000000001,0.19999999999999996,-0.39999999999999997,-0.7000000000000001,1.0,0.9,0.6,0.29999999999999993,-0.4,0.0,-16.0,2020-21,20210120|Aston Villa|Manchester City,2,0,2,home
2021-01-20,Fulham,Manchester United,0.3617954343590731,0.8,0.4,0.6,-0.2,0.0,0.8,0.8,0.7,1.1,-0.4,0.1,0.5,4.0,2.2,1.2,0.6,0.6,0.6,0.4,2.4,2.1,1.0,1.1,0.7,0.3,3.0,0.6666666666666666,2.5555555555555554,-0.7777777777777778,1.2222222222222223,-1.4000000000000001,-1.5999999999999999,-0.7999999999999999,-1.4000000000000001,0.0,0.10000000000000009,-0.8,-1.5,-0.6,-0.6,0.4,0.2,1.0,2020-21,20210120|Manchester United|Fulham,1,2,3,away
2021-01-21,Liverpool,Burnley,0.7509493223796012,1.2,1.6,0.4,1.2,0.2,0.6,1.7,1.9,0.5,1.4,0.4,0.5,4.0,1.2,0.6,0.8,-0.2,0.4,0.0,1.4,0.6,1.0,-0.4,0.4,0.2,5.0,2.5555555555555554,0.6666666666666666,1.4444444444444444,-1.1111111111111112,0.0,0.30000000000000004,1.0,1.2999999999999998,-0.4,-0.5,1.4,1.7999999999999998,-0.2,0.0,0.6,0.3,-1.0,2020-21,20210121|Burnley|Liverpool,0,1,1,away
2021-01-23,Aston Villa,Newcastle United,0.7101531672008453,1.4,1.6,1.0,0.6,0.4,0.2,1.4,1.4,0.9,0.5,0.4,0.2,3.0,0.2,0.2,1.6,-1.4,0.0,0.2,0.8,0.8,1.7,-0.9,0.2,0.2,5.0,1.4285714285714286,0.8888888888888888,0.5714285714285714,-0.7777777777777778,1.2,0.5999999999999999,1.4000000000000001,0.5999999999999999,-0.6000000000000001,-0.7999999999999999,2.0,1.4,0.4,0.2,0.0,0.0,-2.0,2020-21,20210123|Newcastle United|Aston Villa,2,0,2,home
2021-01-26,Southampton,Arsenal,0.624674661985387,1.0,0.2,0.6,-0.4,0.2,0.4,1.3,1.0,0.9,0.1,0.3,0.4,10.0,2.6,2.2,0.2,2.0,0.8,0.2,1.4,1.4,0.9,0.5,0.4,0.2,8.0,1.7777777777777777,1.4444444444444444,0.5555555555555556,0.3333333333333333,-1.6,-0.09999999999999987,-2.0,-0.3999999999999999,0.39999999999999997,0.0,-2.4,-0.4,-0.6000000000000001,-0.10000000000000003,0.2,0.2,2.0,2020-21,20210126|Arsenal|Southampton,1,3,4,away
2021-01-26,Newcastle United,Leeds United,0.5236738609392371,0.2,0.2,1.6,-1.4,0.0,0.2,0.8,0.8,1.7,-0.9,0.2,0.2,3.0,1.2,1.6,2.0,-0.4,0.4,0.0,1.3,1.6,1.7,-0.1,0.4,0.1,10.0,1.2222222222222223,1.3333333333333333,-0.5555555555555556,-0.3333333333333333,-1.0,-0.5,-1.4000000000000001,-0.8,-0.3999999999999999,0.0,-0.9999999999999999,-0.8,-0.4,-0.2,0.2,0.1,-7.0,2020-21,20210126|Leeds United|Newcastle United,1,2,3,away
2021-01-26,West Bromwich Albion,Manchester City,0.2936115407776886,0.8,1.0,2.8,-1.8,0.2,0.2,0.8,0.9,2.5,-1.6,0.2,0.2,7.0,3.0,2.4,0.2,2.2,1.0,0.0,2.6,2.1,0.2,1.9,0.8,0.2,6.0,0.5555555555555556,1.875,-2.111111111111111,0.5,-2.2,-1.8,-1.4,-1.2000000000000002,2.5999999999999996,2.3,-4.0,-3.5,-0.8,-0.6000000000000001,0.2,0.0,1.0,2020-21,20210126|Manchester City|West Bromwich Albion,0,5,5,away
2021-01-26,Crystal Palace,West Ham United,0.4888926599239404,1.0,0.6,1.6,-1.0,0.2,0.4,1.0,1.0,2.0,-1.0,0.2,0.4,9.0,2.2,1.2,0.6,0.6,0.6,0.4,1.8,1.2,1.2,0.0,0.5,0.3,7.0,1.3333333333333333,1.5555555555555556,-0.4444444444444444,0.1111111111111111,-1.2000000000000002,-0.8,-0.6,-0.19999999999999996,1.0,0.8,-1.6,-1.0,-0.39999999999999997,-0.3,0.0,0.10000000000000003,2.0,2020-21,20210126|West Ham United|Crystal Palace,2,3,5,away
2021-01-27,Burnley,Aston Villa,0.495861351912933,1.2,0.4,0.6,-0.2,0.4,0.0,1.4,0.6,1.0,-0.4,0.4,0.2,6.0,1.4,1.4,1.0,0.4,0.4,0.2,1.4,1.3,0.9,0.4,0.4,0.2,4.0,1.25,1.7777777777777777,-0.375,0.7777777777777778,-0.19999999999999996,0.0,-0.9999999999999999,-0.7000000000000001,-0.4,0.09999999999999998,-0.6000000000000001,-0.8,0.0,0.0,-0.2,0.0,2.0,2020-21,20210127|Aston Villa|Burnley,3,2,5,home
2021-01-27,Brighton and Hove Albion,Fulham,0.6359434417255981,1.0,1.2,1.4,-0.2,0.2,0.4,0.8,0.9,1.4,-0.5,0.1,0.5,11.0,0.6,0.6,1.0,-0.4,0.0,0.6,0.8,0.8,1.2,-0.4,0.1,0.5,7.0,0.5555555555555556,0.75,-0.5555555555555556,-0.5,0.4,0.0,0.6,0.09999999999999998,0.3999999999999999,0.19999999999999996,0.2,-0.09999999999999998,0.2,0.0,-0.19999999999999996,0.0,4.0,2020-21,20210127|Fulham|Brighton and Hove Albion,0,0,0,draw
2021-01-27,Everton,Leicester City,0.5483073673595871,2.4,1.4,0.6,0.8,0.8,0.0,1.9,1.3,1.0,0.3,0.6,0.1,15.0,2.2,1.8,0.8,1.0,0.6,0.4,2.0,1.7,0.9,0.8,0.6,0.2,8.0,1.625,2.4444444444444446,0.375,1.2222222222222223,0.19999999999999973,-0.10000000000000009,-0.40000000000000013,-0.3999999999999999,-0.20000000000000007,0.09999999999999998,-0.19999999999999996,-0.5,0.20000000000000007,0.0,-0.4,-0.1,7.0,2020-21,20210127|Leicester City|Everton,1,1,2,draw
2021-01-27,Manchester United,Sheffield United,0.8620041812601937,2.6,1.2,0.4,0.8,0.8,0.2,2.4,2.0,0.9,1.1,0.7,0.3,7.0,0.6,0.4,1.4,-1.0,0.2,0.0,0.4,0.6,1.7,-1.1,0.1,0.1,10.0,1.5555555555555556,0.1111111111111111,-0.1111111111111111,-1.4444444444444444,2.0,2.0,0.7999999999999999,1.4,-0.9999999999999999,-0.7999999999999999,1.8,2.2,0.6000000000000001,0.6,0.2,0.19999999999999998,-3.0,2020-21,20210127|Sheffield United|Manchester United,1,2,3,away
2021-01-27,Chelsea,Wolverhampton Wanderers,0.678446460758586,0.8,0.8,1.8,-1.0,0.2,0.2,1.1,1.1,1.3,-0.2,0.3,0.2,8.0,0.4,1.4,2.0,-0.6,0.0,0.4,0.8,1.2,1.9,-0.7,0.2,0.2,11.0,1.6666666666666667,1.1111111111111112,0.8888888888888888,-0.7777777777777778,0.4,0.30000000000000004,-0.5999999999999999,-0.09999999999999987,-0.19999999999999996,-0.5999999999999999,-0.4,0.49999999999999994,0.2,0.09999999999999998,-0.2,0.0,-3.0,2020-21,20210127|Wolverhampton Wanderers|Chelsea,0,0,0,draw
2021-01-28,Tottenham Hotspur,Liverpool,0.6017915903530936,1.6,1.6,1.0,0.6,0.4,0.4,1.6,1.4,0.8,0.6,0.4,0.4,11.0,0.6,0.2,0.6,-0.4,0.0,0.6,1.4,1.6,0.6,1.0,0.3,0.5,7.0,1.6666666666666667,1.2222222222222223,0.5555555555555556,0.3333333333333333,1.0,0.20000000000000018,1.4000000000000001,-0.20000000000000018,0.4,0.20000000000000007,1.0,-0.4,0.4,0.10000000000000003,-0.19999999999999996,-0.09999999999999998,4.0,2020-21,20210128|Liverpool|Tottenham Hotspur,1,3,4,away
2021-01-30,Southampton,Aston Villa,0.57326798335195,1.0,0.4,1.0,-0.6,0.2,0.4,1.2,1.0,1.1,-0.1,0.3,0.3,4.0,0.8,1.2,1.6,-0.4,0.2,0.2,1.4,1.4,1.0,0.4,0.4,0.2,3.0,1.6,1.6,0.3,0.6,0.19999999999999996,-0.19999999999999996,-0.7999999999999999,-0.3999999999999999,-0.6000000000000001,0.10000000000000009,-0.19999999999999996,-0.5,0.0,-0.10000000000000003,0.2,0.09999999999999998,1.0,2020-21,20210130|Aston Villa|Southampton,0,1,1,away
2021-01-30,West Bromwich Albion,Fulham,0.5191809559025575,0.6,0.8,3.6,-2.8,0.2,0.0,0.5,0.8,3.0,-2.2,0.1,0.2,4.0,0.6,0.4,0.8,-0.4,0.0,0.6,0.9,0.6,0.9,-0.3,0.1,0.6,3.0,0.5,0.7777777777777778,-2.4,-0.4444444444444444,0.0,-0.4,0.4,0.20000000000000007,2.8,2.1,-2.4,-1.9000000000000001,0.2,0.0,-0.6,-0.39999999999999997,1.0,2020-21,20210130|Fulham|West Bromwich Albion,2,2,4,draw
2021-01-30,Arsenal,Manchester United,0.509265285537382,2.6,2.2,0.2,2.0,0.8,0.2,1.7,1.6,0.8,0.8,0.5,0.2,4.0,2.0,1.2,0.8,0.4,0.6,0.2,2.1,1.8,1.0,0.8,0.6,0.3,3.0,1.4,2.6,0.1,1.2,0.6000000000000001,-0.40000000000000013,1.0000000000000002,-0.19999999999999996,-0.6000000000000001,-0.19999999999999996,1.6,0.0,0.20000000000000007,-0.09999999999999998,0.0,-0.09999999999999998,1.0,2020-21,20210130|Manchester United|Arsenal,0,0,0,draw
2021-01-30,Everton,Newcastle United,0.7554005933441389,2.0,1.2,0.8,0.4,0.6,0.2,2.0,1.3,0.8,0.5,0.6,0.2,3.0,0.0,0.4,2.0,-1.6,0.0,0.0,0.5,0.7,1.9,-1.2,0.1,0.2,4.0,1.5555555555555556,0.8,0.3333333333333333,-0.9,2.0,1.5,0.7999999999999999,0.6000000000000001,-1.2,-1.0999999999999999,2.0,1.7,0.6,0.5,0.2,0.0,-1.0,2020-21,20210130|Newcastle United|Everton,0,2,2,away
2021-01-30,Manchester City,Sheffield United,0.8517252207385431,3.0,3.0,0.2,2.8,1.0,0.0,2.6,2.1,0.2,1.9,0.8,0.2,4.0,1.2,0.8,1.4,-0.6,0.4,0.0,0.7,0.8,1.7,-0.9,0.2,0.1,3.0,2.3,0.4,1.4,-1.2,1.8,1.9000000000000001,2.2,1.3,-1.2,-1.5,3.4,2.8,0.6,0.6000000000000001,0.0,0.1,1.0,2020-21,20210130|Sheffield United|Manchester City,1,0,1,home
2021-01-30,Crystal Palace,Wolverhampton Wanderers,0.5938052002806528,1.0,1.0,1.6,-0.6,0.2,0.4,1.0,1.2,2.1,-0.9,0.2,0.4,4.0,0.4,1.2,1.8,-0.6,0.0,0.4,0.6,1.0,1.8,-0.8,0.1,0.3,3.0,1.2,1.1,-0.5,-0.7,0.6,0.4,-0.19999999999999996,0.19999999999999996,-0.19999999999999996,0.30000000000000004,0.0,-0.09999999999999998,0.2,0.1,0.0,0.10000000000000003,1.0,2020-21,20210130|Wolverhampton Wanderers|Crystal Palace,1,0,1,home
2021-01-31,Chelsea,Burnley,0.6348325745820492,1.0,0.6,1.2,-0.6,0.2,0.4,1.1,1.1,1.3,-0.2,0.3,0.2,4.0,1.8,1.0,0.8,0.2,0.6,0.0,1.7,0.9,0.7,0.2,0.5,0.2,4.0,1.6,0.9,0.8,-0.9,-0.8,-0.5999999999999999,-0.4,0.20000000000000007,0.3999999999999999,0.6000000000000001,-0.8,-0.4,-0.39999999999999997,-0.2,0.4,0.0,0.0,2020-21,20210131|Burnley|Chelsea,2,0,2,home
2021-01-31,Leicester City,Leeds United,0.7067903955858066,2.2,1.6,0.6,1.0,0.6,0.4,2.1,1.7,0.8,0.9,0.6,0.3,4.0,1.8,1.6,1.0,0.6,0.6,0.0,1.5,1.8,1.8,0.0,0.5,0.0,5.0,1.6,1.5,0.3,-0.2,0.40000000000000013,0.6000000000000001,0.0,-0.10000000000000009,-0.4,-1.0,0.4,0.9,0.0,0.09999999999999998,0.4,0.3,-1.0,2020-21,20210131|Leeds United|Leicester City,1,3,4,away
2021-01-31,West Ham United,Liverpool,0.5703030276637611,2.6,1.4,0.6,0.8,0.8,0.2,1.8,1.3,1.3,0.0,0.5,0.3,5.0,1.0,0.6,0.6,0.0,0.2,0.4,1.6,1.8,0.6,1.2,0.4,0.4,3.0,1.8,1.4,0.4,0.5,1.6,0.19999999999999996,0.7999999999999999,-0.5,0.0,0.7000000000000001,0.8,-1.2,0.6000000000000001,0.09999999999999998,-0.2,-0.10000000000000003,2.0,2020-21,20210131|Liverpool|West Ham United,1,3,4,away
2021-01-31,Brighton and Hove Albion,Tottenham Hotspur,0.4589695913843052,1.0,0.8,1.0,-0.2,0.2,0.4,0.8,0.8,1.3,-0.5,0.1,0.5,4.0,1.6,1.8,1.2,0.6,0.4,0.4,1.3,1.3,1.1,0.2,0.3,0.4,3.0,0.6,2.0,-0.5,1.2222222222222223,-0.6000000000000001,-0.5,-1.0,-0.5,-0.19999999999999996,0.19999999999999996,-0.8,-0.7,-0.2,-0.19999999999999998,0.0,0.09999999999999998,1.0,2020-21,20210131|Tottenham Hotspur|Brighton and Hove Albion,1,0,1,home
2021-02-02,Wolverhampton Wanderers,Arsenal,0.4834484755288048,0.4,1.2,1.8,-0.6,0.0,0.4,0.6,1.0,1.5,-0.5,0.1,0.3,3.0,2.2,2.0,0.2,1.8,0.6,0.4,1.8,1.6,0.6,1.0,0.5,0.3,3.0,1.2,1.6,-0.1,0.5,-1.8000000000000003,-1.2000000000000002,-0.8,-0.6000000000000001,1.6,0.9,-2.4,-1.5,-0.6,-0.4,0.0,0.0,0.0,2020-21,20210202|Arsenal|Wolverhampton Wanderers,2,1,3,home
2021-02-02,Newcastle United,Crystal Palace,0.5473402277974057,0.6,0.6,1.6,-1.0,0.2,0.0,0.5,0.7,1.8,-1.1,0.1,0.2,3.0,1.4,1.0,1.4,-0.4,0.4,0.2,1.0,0.8,2.0,-1.2,0.2,0.4,3.0,1.1,1.1,-0.6,-0.7,-0.7999999999999999,-0.5,-0.4,-0.10000000000000009,0.20000000000000018,-0.19999999999999996,-0.6,0.09999999999999987,-0.2,-0.1,-0.2,-0.2,0.0,2020-21,20210202|Crystal Palace|Newcastle United,1,2,3,away
2021-02-02,Manchester United,Southampton,0.7068263593951074,1.6,0.8,0.6,0.2,0.4,0.4,2.1,1.8,1.0,0.8,0.6,0.3,3.0,0.8,0.4,1.2,-0.8,0.2,0.2,1.2,0.8,0.9,-0.1,0.3,0.3,3.0,1.4,1.4444444444444444,-0.2,0.0,0.8,0.9000000000000001,0.4,1.0,-0.6,0.09999999999999998,1.0,0.9,0.2,0.3,0.2,0.0,0.0,2020-21,20210202|Southampton|Manchester United,9,0,9,home
2021-02-02,Sheffield United,West Bromwich Albion,0.5894597760420536,1.2,0.8,1.4,-0.6,0.4,0.0,0.7,0.7,1.6,-0.9,0.2,0.1,3.0,0.8,1.2,3.0,-1.8,0.2,0.2,0.6,0.9,2.7,-1.8,0.1,0.3,3.0,0.4,0.6,-0.9,-0.9,0.3999999999999999,0.09999999999999998,-0.3999999999999999,-0.20000000000000007,-1.6,-1.1,1.2000000000000002,0.9,0.2,0.1,-0.2,-0.19999999999999998,0.0,2020-21,20210202|West Bromwich Albion|Sheffield United,2,1,3,home
2021-02-03,Liverpool,Brighton and Hove Albion,0.7491791150167283,1.4,1.2,0.8,0.4,0.4,0.2,1.6,1.7,0.7,1.0,0.4,0.4,3.0,1.6,1.0,0.8,0.2,0.4,0.4,1.1,0.8,1.1,-0.3,0.2,0.5,3.0,2.3,1.2,1.2,-0.2,-0.20000000000000018,0.5,0.19999999999999996,0.8999999999999999,0.0,-0.40000000000000013,0.2,1.3,0.0,0.2,-0.2,-0.09999999999999998,0.0,2020-21,20210203|Brighton and Hove Albion|Liverpool,0,1,1,away
2021-02-03,Leeds United,Everton,0.5775365719882705,1.8,2.0,1.2,0.8,0.6,0.0,1.5,2.0,1.9,0.1,0.5,0.0,3.0,1.4,0.8,1.0,-0.2,0.4,0.2,1.7,1.0,0.8,0.2,0.5,0.2,4.0,1.2222222222222223,2.111111111111111,-0.1111111111111111,0.4444444444444444,0.40000000000000013,-0.19999999999999996,1.2,1.0,0.19999999999999996,1.0999999999999999,1.0,-0.1,0.19999999999999996,0.0,-0.2,-0.2,-1.0,2020-21,20210203|Everton|Leeds United,1,2,3,away
2021-02-03,Fulham,Leicester City,0.4038118290078593,0.6,0.8,1.2,-0.4,0.0,0.6,0.7,0.6,1.0,-0.4,0.0,0.7,4.0,2.0,1.6,1.0,0.6,0.6,0.2,1.8,1.6,1.0,0.6,0.5,0.3,3.0,0.6,2.3,-0.8,1.1,-1.4,-1.1,-0.8,-1.0,0.19999999999999996,0.0,-1.0,-1.0,-0.6,-0.5,0.39999999999999997,0.39999999999999997,1.0,2020-21,20210203|Leicester City|Fulham,0,2,2,away
2021-02-03,Burnley,Manchester City,0.3855974214386037,1.2,0.8,1.2,-0.4,0.4,0.0,1.6,0.8,0.8,0.0,0.5,0.1,3.0,3.0,2.6,0.0,2.6,1.0,0.0,2.6,2.0,0.2,1.8,0.8,0.2,4.0,1.4444444444444444,2.0,-0.2222222222222222,1.0,-1.8,-1.0,-1.8,-1.2,1.2,0.6000000000000001,-3.0,-1.8,-0.6,-0.30000000000000004,0.0,-0.1,-1.0,2020-21,20210203|Manchester City|Burnley,0,2,2,away
2021-02-03,Aston Villa,West Ham United,0.5900476907507609,1.2,1.2,1.4,-0.2,0.4,0.0,1.7,1.4,0.8,0.6,0.5,0.2,4.0,2.4,1.6,1.2,0.4,0.8,0.0,1.8,1.3,1.3,0.0,0.5,0.3,3.0,1.625,1.7,0.75,0.2,-1.2,-0.10000000000000009,-0.40000000000000013,0.09999999999999987,0.19999999999999996,-0.5,-0.6000000000000001,0.6,-0.4,0.0,0.0,-0.09999999999999998,1.0,2020-21,20210203|West Ham United|Aston Villa,1,3,4,away
2021-02-04,Tottenham Hotspur,Chelsea,0.5996105914883604,1.4,1.6,1.2,0.4,0.4,0.2,1.2,1.3,1.2,0.1,0.3,0.3,4.0,1.4,0.8,1.0,-0.2,0.4,0.2,1.1,1.0,1.2,-0.2,0.3,0.2,4.0,1.5,1.4,0.3,0.2,0.0,0.09999999999999987,0.8,0.30000000000000004,0.19999999999999996,0.0,0.6000000000000001,0.30000000000000004,0.0,0.0,0.0,0.09999999999999998,0.0,2020-21,20210204|Chelsea|Tottenham Hotspur,0,1,1,away
2021-02-06,Aston Villa,Arsenal,0.6090239390054389,1.2,1.2,1.6,-0.4,0.4,0.0,1.4,1.4,1.1,0.3,0.4,0.2,3.0,1.6,1.4,0.6,0.8,0.4,0.4,1.8,1.7,0.7,1.0,0.5,0.3,4.0,1.4444444444444444,1.3,0.4444444444444444,0.1,-0.40000000000000013,-0.40000000000000013,-0.19999999999999996,-0.30000000000000004,1.0,0.40000000000000013,-1.2000000000000002,-0.7,0.0,-0.09999999999999998,-0.4,-0.09999999999999998,-1.0,2020-21,20210206|Arsenal|Aston Villa,1,0,1,home
2021-02-06,Burnley,Brighton and Hove Albion,0.5571975536493462,1.2,0.8,1.4,-0.6,0.4,0.0,1.3,0.7,1.0,-0.3,0.4,0.1,3.0,2.0,0.6,0.2,0.4,0.6,0.2,1.4,0.9,0.8,0.1,0.3,0.5,3.0,1.3,1.2,-0.4,-0.4,-0.8,-0.09999999999999987,0.20000000000000007,-0.20000000000000007,1.2,0.19999999999999996,-1.0,-0.4,-0.19999999999999996,0.10000000000000003,-0.2,-0.4,0.0,2020-21,20210206|Brighton and Hove Albion|Burnley,1,1,2,draw
2021-02-06,Manchester United,Everton,0.6655278159371911,1.6,2.4,0.6,1.8,0.4,0.4,2.1,2.4,0.8,1.6,0.6,0.3,4.0,1.4,1.0,1.2,-0.2,0.4,0.2,2.0,1.2,0.8,0.4,0.6,0.2,3.0,1.7,2.2,0.9,0.5,0.20000000000000018,0.10000000000000009,1.4,1.2,-0.6,0.0,2.0,1.2000000000000002,0.0,0.0,0.2,0.09999999999999998,1.0,2020-21,20210206|Everton|Manchester United,3,3,6,draw
2021-02-06,Newcastle United,Southampton,0.5067697133911481,0.6,0.8,1.8,-1.0,0.2,0.0,0.5,0.6,1.5,-0.9,0.1,0.2,4.0,0.6,0.4,3.0,-2.6,0.2,0.0,0.9,0.6,1.7,-1.1,0.2,0.3,4.0,1.1,1.3,-0.4,-0.9,0.0,-0.4,0.4,0.0,-1.2,-0.19999999999999996,1.6,0.20000000000000007,0.0,-0.1,0.0,-0.09999999999999998,0.0,2020-21,20210206|Southampton|Newcastle United,3,2,5,home
2021-02-06,Fulham,West Ham United,0.38774276962367105,0.4,0.6,1.4,-0.8,0.0,0.4,0.7,0.6,1.0,-0.4,0.0,0.7,3.0,2.4,2.0,1.4,0.6,0.8,0.0,1.8,1.4,1.3,0.1,0.5,0.3,3.0,0.6,2.0,-0.7,0.5,-2.0,-1.1,-1.4,-0.7999999999999999,0.0,-0.30000000000000004,-1.4,-0.5,-0.8,-0.5,0.4,0.39999999999999997,0.0,2020-21,20210206|West Ham United|Fulham,0,0,0,draw
2021-02-07,Sheffield United,Chelsea,0.3684382769998235,1.8,1.2,1.2,0.0,0.6,0.0,1.0,0.9,1.4,-0.5,0.3,0.1,5.0,2.0,0.8,0.4,0.4,0.6,0.2,1.4,1.1,1.1,0.0,0.4,0.2,3.0,0.7,1.4,-0.6,0.1,-0.19999999999999996,-0.3999999999999999,0.3999999999999999,-0.20000000000000007,0.7999999999999999,0.2999999999999998,-0.4,-0.5,0.0,-0.10000000000000003,-0.2,-0.1,2.0,2020-21,20210207|Chelsea|Sheffield United,1,2,3,away
2021-02-07,Wolverhampton Wanderers,Leicester City,0.43567324697272375,0.8,1.0,1.4,-0.4,0.2,0.2,0.9,1.2,1.5,-0.3,0.2,0.3,5.0,2.0,1.6,0.8,0.8,0.6,0.2,1.8,1.5,1.0,0.5,0.5,0.3,4.0,1.5,2.3,0.2,1.0,-1.2,-0.9,-0.6000000000000001,-0.30000000000000004,0.5999999999999999,0.5,-1.2000000000000002,-0.8,-0.39999999999999997,-0.3,0.0,0.0,1.0,2020-21,20210207|Leicester City|Wolverhampton Wanderers,0,0,0,draw
2021-02-07,Liverpool,Manchester City,0.5086553002256685,1.4,1.2,0.8,0.4,0.4,0.2,1.5,1.6,0.7,0.9,0.4,0.3,4.0,3.0,2.8,0.0,2.8,1.0,0.0,2.8,2.2,0.2,2.0,0.9,0.1,4.0,2.0,2.1,1.0,1.1,-1.6,-1.2999999999999998,-1.5999999999999999,-0.6000000000000001,0.8,0.49999999999999994,-2.4,-1.1,-0.6,-0.5,0.2,0.19999999999999998,0.0,2020-21,20210207|Manchester City|Liverpool,1,4,5,away
2021-02-07,Tottenham Hotspur,West Bromwich Albion,0.7766043775969749,0.8,1.0,1.4,-0.4,0.2,0.2,0.9,1.1,1.3,-0.2,0.2,0.3,3.0,0.8,1.4,2.6,-1.2,0.2,0.2,0.6,0.9,2.7,-1.8,0.1,0.3,5.0,1.5,0.6,0.3,-0.7,0.0,0.30000000000000004,-0.3999999999999999,0.20000000000000007,-1.2000000000000002,-1.4000000000000001,0.7999999999999999,1.6,0.0,0.1,0.0,0.0,-2.0,2020-21,20210207|West Bromwich Albion|Tottenham Hotspur,2,0,2,home
2021-02-08,Leeds United,Crystal Palace,0.6104037545055436,1.2,1.2,1.6,-0.4,0.4,0.0,1.5,2.0,1.8,0.2,0.5,0.0,5.0,1.4,1.0,1.6,-0.6,0.4,0.2,1.2,0.9,2.0,-1.1,0.3,0.3,6.0,1.1,1.1,-0.2,-0.8,-0.19999999999999996,0.30000000000000004,0.19999999999999996,1.1,0.0,-0.19999999999999996,0.19999999999999996,1.3,0.0,0.2,-0.2,-0.3,-1.0,2020-21,20210208|Crystal Palace|Leeds United,2,0,2,home
2021-02-13,Brighton and Hove Albion,Aston Villa,0.5287187839080462,2.2,0.8,0.2,0.6,0.6,0.4,1.4,1.0,0.9,0.1,0.3,0.5,7.0,1.8,1.4,1.2,0.2,0.6,0.0,1.6,1.5,1.1,0.4,0.5,0.1,7.0,0.9,1.6,-0.2,0.4,0.40000000000000013,-0.20000000000000018,-0.5999999999999999,-0.5,-1.0,-0.20000000000000007,0.39999999999999997,-0.30000000000000004,0.0,-0.2,0.4,0.4,0.0,2020-21,20210213|Aston Villa|Brighton and Hove Albion,0,0,0,draw
2021-02-13,Crystal Palace,Burnley,0.6112828175893875,1.2,1.0,2.0,-1.0,0.4,0.0,1.1,0.8,2.1,-1.3,0.3,0.2,5.0,1.4,1.0,1.4,-0.4,0.4,0.2,1.3,0.8,1.1,-0.3,0.4,0.1,7.0,1.2,0.9,-0.5,-0.9,-0.19999999999999996,-0.19999999999999996,0.0,0.0,0.6000000000000001,1.0,-0.6,-1.0,0.0,-0.10000000000000003,-0.2,0.1,-2.0,2020-21,20210213|Burnley|Crystal Palace,0,3,3,away
2021-02-13,Leicester City,Liverpool,0.6136144211000628,1.6,1.2,0.8,0.4,0.4,0.4,1.9,1.5,0.8,0.7,0.5,0.4,6.0,1.2,1.4,1.6,-0.2,0.4,0.0,1.2,1.5,1.0,0.5,0.3,0.3,6.0,1.3,1.4,-0.1,0.5,0.40000000000000013,0.7,-0.19999999999999996,0.0,-0.8,-0.19999999999999996,0.6000000000000001,0.19999999999999996,0.0,0.2,0.4,0.10000000000000003,0.0,2020-21,20210213|Liverpool|Leicester City,3,1,4,home
2021-02-13,Manchester City,Tottenham Hotspur,0.7496435505547773,3.0,2.8,0.2,2.6,1.0,0.0,3.0,2.5,0.2,2.3,1.0,0.0,6.0,1.2,1.2,1.2,0.0,0.4,0.0,1.1,1.2,1.2,0.0,0.3,0.2,6.0,2.6,1.8,1.8,1.0,1.8,1.9,1.5999999999999999,1.3,-1.0,-1.0,2.6,2.3,0.6,0.7,0.0,-0.2,0.0,2020-21,20210213|Tottenham Hotspur|Manchester City,3,0,3,home
2021-02-14,Everton,Fulham,0.7506043498908505,1.6,1.6,1.6,0.0,0.4,0.4,2.0,1.4,1.0,0.4,0.6,0.2,8.0,0.6,0.6,1.2,-0.6,0.0,0.6,0.7,0.5,0.9,-0.4,0.0,0.7,8.0,1.4,0.8,0.1,-0.4,1.0,1.3,1.0,0.8999999999999999,0.40000000000000013,0.09999999999999998,0.6,0.8,0.4,0.6,-0.19999999999999996,-0.49999999999999994,0.0,2020-21,20210214|Fulham|Everton,0,2,2,away
2021-02-14,Arsenal,Leeds United,0.5784999654964242,1.4,1.4,0.8,0.6,0.4,0.2,1.7,1.6,0.7,0.9,0.5,0.2,8.0,1.8,1.6,1.0,0.6,0.6,0.0,1.8,2.1,1.6,0.5,0.6,0.0,6.0,1.2,1.8,0.0,0.1,-0.40000000000000013,-0.10000000000000009,-0.20000000000000018,-0.5,-0.19999999999999996,-0.9000000000000001,0.0,0.4,-0.19999999999999996,-0.09999999999999998,0.2,0.2,2.0,2020-21,20210214|Leeds United|Arsenal,4,2,6,home
2021-02-14,West Bromwich Albion,Manchester United,0.2743920706301114,0.2,0.8,2.6,-1.8,0.0,0.2,0.5,0.8,2.8,-2.0,0.1,0.2,7.0,1.6,3.0,1.2,1.8,0.4,0.4,1.9,2.1,0.9,1.2,0.5,0.4,8.0,0.6,2.4,-2.1,1.1,-1.4000000000000001,-1.4,-2.2,-1.3,1.4000000000000001,1.9,-3.6,-3.2,-0.4,-0.4,-0.2,-0.2,-1.0,2020-21,20210214|Manchester United|West Bromwich Albion,1,1,2,draw
2021-02-14,Southampton,Wolverhampton Wanderers,0.6031112083214397,0.0,0.6,3.6,-3.0,0.0,0.0,0.6,0.5,2.0,-1.5,0.1,0.3,8.0,1.0,0.8,1.0,-0.2,0.2,0.4,0.7,1.0,1.4,-0.4,0.1,0.4,7.0,1.6,0.8,0.5,-1.0,-1.0,-0.09999999999999998,-0.20000000000000007,-0.5,2.6,0.6000000000000001,-2.8,-1.1,-0.2,0.0,-0.4,-0.10000000000000003,1.0,2020-21,20210214|Wolverhampton Wanderers|Southampton,1,2,3,away
2021-02-15,Chelsea,Newcastle United,0.7376703037608513,2.0,1.0,0.6,0.4,0.6,0.2,1.7,1.2,1.0,0.2,0.5,0.2,8.0,1.2,1.4,1.6,-0.2,0.4,0.0,0.7,0.8,1.6,-0.8,0.2,0.1,9.0,1.9,0.8,1.2,-0.9,0.8,1.0,-0.3999999999999999,0.3999999999999999,-1.0,-0.6000000000000001,0.6000000000000001,1.0,0.19999999999999996,0.3,0.2,0.1,-1.0,2020-21,20210215|Newcastle United|Chelsea,2,0,2,home
2021-02-15,West Ham United,Sheffield United,0.8067602739185374,2.0,1.8,1.4,0.4,0.6,0.2,1.8,1.3,1.2,0.1,0.5,0.3,9.0,1.2,1.2,1.6,-0.4,0.4,0.0,1.0,0.8,1.3,-0.5,0.3,0.1,8.0,1.8,0.4,0.4,-1.2,0.8,0.8,0.6000000000000001,0.5,-0.20000000000000018,-0.10000000000000009,0.8,0.6,0.19999999999999996,0.2,0.2,0.19999999999999998,1.0,2020-21,20210215|Sheffield United|West Ham United,3,0,3,home
2021-02-17,Burnley,Fulham,0.6467734584192232,1.4,1.4,1.4,0.0,0.4,0.2,1.3,0.9,1.0,-0.1,0.4,0.1,4.0,1.2,0.8,0.8,0.0,0.2,0.6,0.9,0.7,0.9,-0.2,0.1,0.6,3.0,1.4,1.1,-0.3,-0.1,0.19999999999999996,0.4,0.5999999999999999,0.20000000000000007,0.5999999999999999,0.09999999999999998,0.0,0.1,0.2,0.30000000000000004,-0.39999999999999997,-0.5,1.0,2020-21,20210217|Fulham|Burnley,1,1,2,draw
2021-02-17,Everton,Manchester City,0.40278970490108684,1.0,1.2,1.8,-0.6,0.2,0.4,1.7,1.3,1.2,0.1,0.5,0.2,3.0,3.0,3.0,0.2,2.8,1.0,0.0,3.0,2.7,0.2,2.5,1.0,0.0,4.0,1.1,2.1,-0.4,1.2,-2.0,-1.3,-1.8,-1.4000000000000001,1.6,1.0,-3.4,-2.4,-0.8,-0.5,0.4,0.2,-1.0,2020-21,20210217|Manchester City|Everton,1,3,4,away
2021-02-19,Wolverhampton Wanderers,Leeds United,0.567335483508513,1.6,0.8,0.6,0.2,0.4,0.4,1.0,1.1,1.3,-0.2,0.2,0.4,5.0,1.8,2.0,1.6,0.4,0.6,0.0,1.5,1.8,1.8,0.0,0.5,0.0,5.0,1.3,1.5,0.1,-0.2,-0.19999999999999996,-0.5,-1.2,-0.7,-1.0,-0.5,-0.2,-0.2,-0.19999999999999996,-0.3,0.4,0.4,0.0,2020-21,20210219|Leeds United|Wolverhampton Wanderers,1,0,1,home
2021-02-20,Southampton,Chelsea,0.44290861615203037,0.0,0.8,3.6,-2.8,0.0,0.0,0.5,0.5,2.1,-1.6,0.1,0.2,6.0,2.6,1.4,0.2,1.2,0.8,0.2,1.7,1.1,1.0,0.1,0.5,0.2,5.0,1.3,1.6,0.2,0.2,-2.6,-1.2,-0.5999999999999999,-0.6000000000000001,3.4,1.1,-4.0,-1.7000000000000002,-0.8,-0.4,-0.2,0.0,1.0,2020-21,20210220|Chelsea|Southampton,1,1,2,draw
2021-02-20,Liverpool,Everton,0.6381345070727305,1.2,1.6,2.0,-0.4,0.4,0.0,0.9,0.9,1.3,-0.4,0.2,0.3,7.0,0.8,1.2,2.2,-1.0,0.2,0.2,1.4,1.2,1.5,-0.3,0.4,0.2,3.0,1.7,2.0,0.5,0.4,0.3999999999999999,-0.4999999999999999,0.40000000000000013,-0.29999999999999993,-0.20000000000000018,-0.19999999999999996,0.6,-0.10000000000000003,0.2,-0.2,-0.2,0.09999999999999998,4.0,2020-21,20210220|Everton|Liverpool,0,2,2,away
2021-02-20,Fulham,Sheffield United,0.6930262658093497,1.2,1.0,1.0,0.0,0.2,0.6,0.9,0.7,0.9,-0.2,0.1,0.6,3.0,1.2,1.0,1.6,-0.6,0.4,0.0,0.9,0.7,1.5,-0.8,0.3,0.0,5.0,0.7,0.4,-0.4,-1.4,0.0,0.0,0.0,0.0,-0.6000000000000001,-0.6,0.6,0.6000000000000001,-0.2,-0.19999999999999998,0.6,0.6,-2.0,2020-21,20210220|Sheffield United|Fulham,1,0,1,home
2021-02-20,Burnley,West Bromwich Albion,0.7374704074441217,1.0,1.0,1.2,-0.2,0.2,0.4,1.4,1.0,1.0,0.0,0.4,0.2,3.0,0.4,0.8,2.4,-1.6,0.0,0.4,0.6,0.9,2.6,-1.7,0.1,0.3,6.0,1.5,0.6,-0.2,-0.7,0.6,0.7999999999999999,0.19999999999999996,0.09999999999999998,-1.2,-1.6,1.4000000000000001,1.7,0.2,0.30000000000000004,0.0,-0.09999999999999998,-3.0,2020-21,20210220|West Bromwich Albion|Burnley,0,0,0,draw
2021-02-21,Aston Villa,Leicester City,0.5244814184005051,1.4,1.0,1.2,-0.2,0.4,0.2,1.4,1.2,1.1,0.1,0.4,0.2,8.0,1.6,1.4,1.0,0.4,0.4,0.4,1.9,1.6,0.9,0.7,0.5,0.4,8.0,1.6,2.1,0.5,0.7,-0.20000000000000018,-0.5,-0.3999999999999999,-0.40000000000000013,0.19999999999999996,0.20000000000000007,-0.6000000000000001,-0.6,0.0,-0.09999999999999998,-0.2,-0.2,0.0,2020-21,20210221|Leicester City|Aston Villa,1,2,3,away
2021-02-21,Arsenal,Manchester City,0.373795324747399,1.4,1.6,1.2,0.4,0.4,0.2,2.0,1.9,0.7,1.2,0.6,0.2,7.0,3.0,2.6,0.4,2.2,1.0,0.0,3.0,2.8,0.3,2.5,1.0,0.0,4.0,1.2,2.3,0.1,1.4,-1.6,-1.0,-1.0,-0.8999999999999999,0.7999999999999999,0.39999999999999997,-1.8000000000000003,-1.3,-0.6,-0.4,0.2,0.2,3.0,2020-21,20210221|Manchester City|Arsenal,0,1,1,away
2021-02-21,Manchester United,Newcastle United,0.7809659044761333,1.2,2.8,1.2,1.6,0.2,0.6,1.9,2.0,0.8,1.2,0.5,0.4,7.0,1.2,1.4,1.6,-0.2,0.4,0.0,0.7,0.8,1.6,-0.8,0.2,0.1,6.0,1.8,0.7,1.4,-1.1,0.0,1.2,1.4,1.2,-0.40000000000000013,-0.8,1.8,2.0,-0.2,0.3,0.6,0.30000000000000004,1.0,2020-21,20210221|Newcastle United|Manchester United,3,1,4,home
2021-02-21,West Ham United,Tottenham Hotspur,0.6592507599713959,2.0,2.0,1.2,0.8,0.6,0.2,2.1,1.6,0.9,0.7,0.6,0.3,6.0,0.6,0.6,1.6,-1.0,0.2,0.0,1.1,1.1,1.3,-0.2,0.3,0.2,8.0,1.8,1.5,0.3,0.4,1.4,1.0,1.4,0.5,-0.40000000000000013,-0.4,1.8,0.8999999999999999,0.39999999999999997,0.3,0.2,0.09999999999999998,-2.0,2020-21,20210221|Tottenham Hotspur|West Ham United,2,1,3,home
2021-02-22,Brighton and Hove Albion,Crystal Palace,0.6380008026508533,1.8,0.6,0.2,0.4,0.4,0.6,1.4,0.9,0.8,0.1,0.3,0.5,9.0,1.2,1.0,1.8,-0.8,0.4,0.0,1.1,0.8,1.7,-0.9,0.3,0.2,9.0,1.0,1.1,-0.1,-0.6,0.6000000000000001,0.2999999999999998,-0.4,0.09999999999999998,-1.6,-0.8999999999999999,1.2000000000000002,1.0,0.0,0.0,0.6,0.3,0.0,2020-21,20210222|Crystal Palace|Brighton and Hove Albion,1,2,3,away
2021-02-23,Leeds United,Southampton,0.6329479668848276,1.2,1.6,1.6,0.0,0.4,0.0,1.5,1.6,1.3,0.3,0.5,0.0,4.0,0.2,0.8,3.2,-2.4,0.0,0.2,0.6,0.6,2.1,-1.5,0.1,0.3,3.0,1.1,1.3,-0.1,-0.9,1.0,0.9,0.8,1.0,-1.6,-0.8,2.4,1.8,0.4,0.4,-0.2,-0.3,1.0,2020-21,20210223|Southampton|Leeds United,3,0,3,home
2021-02-27,Leeds United,Aston Villa,0.5618523469805753,1.2,1.6,1.4,0.2,0.4,0.0,1.5,1.8,1.3,0.5,0.5,0.0,4.0,1.4,0.8,1.0,-0.2,0.4,0.2,1.1,1.0,1.3,-0.3,0.3,0.2,6.0,1.3,1.4,0.2,0.3,-0.19999999999999996,0.3999999999999999,0.8,0.8,0.3999999999999999,0.0,0.4,0.8,0.0,0.2,-0.2,-0.2,-2.0,2020-21,20210227|Aston Villa|Leeds United,0,1,1,away
2021-02-27,West Bromwich Albion,Brighton and Hove Albion,0.4465481354147037,0.6,0.8,1.4,-0.6,0.0,0.6,0.6,0.8,2.5,-1.7,0.1,0.3,7.0,1.6,0.8,0.6,0.2,0.4,0.4,1.3,0.8,0.8,0.0,0.3,0.4,5.0,0.6,1.3,-2.1,-0.2,-1.0,-0.7000000000000001,0.0,0.0,0.7999999999999999,1.7,-0.8,-1.7,-0.4,-0.19999999999999998,0.19999999999999996,-0.10000000000000003,2.0,2020-21,20210227|Brighton and Hove Albion|West Bromwich Albion,1,0,1,home
2021-02-27,Manchester City,West Ham United,0.7269337038382048,3.0,2.6,0.4,2.2,1.0,0.0,3.0,2.6,0.2,2.4,1.0,0.0,6.0,2.0,1.8,1.0,0.8,0.6,0.2,2.3,1.6,0.8,0.8,0.7,0.2,6.0,2.6,1.8,2.0,0.2,1.0,0.7000000000000002,0.8,1.0,-0.6,-0.6000000000000001,1.4000000000000001,1.5999999999999999,0.4,0.30000000000000004,-0.2,-0.2,0.0,2020-21,20210227|West Ham United|Manchester City,2,1,3,home
2021-02-27,Newcastle United,Wolverhampton Wanderers,0.4953155485459744,1.2,1.4,1.8,-0.4,0.4,0.0,0.6,0.9,1.9,-1.0,0.2,0.0,6.0,2.0,1.0,0.6,0.4,0.6,0.2,1.2,1.1,1.2,-0.1,0.3,0.3,8.0,1.1,1.1,-0.5,-0.5,-0.8,-0.6,0.3999999999999999,-0.20000000000000007,1.2000000000000002,0.7,-0.8,-0.9,-0.19999999999999996,-0.09999999999999998,-0.2,-0.3,-2.0,2020-21,20210227|Wolverhampton Wanderers|Newcastle United,1,1,2,draw
2021-02-28,Leicester City,Arsenal,0.7132302831287765,2.0,1.6,1.0,0.6,0.6,0.2,2.1,1.6,0.8,0.8,0.6,0.3,7.0,0.8,1.0,1.2,-0.2,0.2,0.2,1.7,1.6,0.7,0.9,0.5,0.2,7.0,1.6,1.3,0.4,0.2,1.2,0.40000000000000013,0.6000000000000001,0.0,-0.19999999999999996,0.10000000000000009,0.8,-0.09999999999999998,0.39999999999999997,0.09999999999999998,0.0,0.09999999999999998,0.0,2020-21,20210228|Arsenal|Leicester City,1,3,4,away
2021-02-28,Tottenham Hotspur,Burnley,0.6377725286075004,0.6,0.6,1.4,-0.8,0.2,0.0,1.1,1.2,1.3,-0.1,0.3,0.2,7.0,1.2,1.0,0.8,0.2,0.2,0.6,1.2,0.9,1.0,-0.1,0.3,0.3,8.0,1.7,1.2,0.5,-0.4,-0.6,-0.09999999999999987,-0.4,0.29999999999999993,0.5999999999999999,0.30000000000000004,-1.0,0.0,0.0,0.0,-0.6,-0.09999999999999998,-1.0,2020-21,20210228|Burnley|Tottenham Hotspur,4,0,4,home
2021-02-28,Crystal Palace,Fulham,0.6188473360753292,1.8,1.0,1.4,-0.4,0.6,0.0,1.4,1.0,1.5,-0.5,0.4,0.2,6.0,1.6,0.8,0.6,0.2,0.4,0.4,1.1,0.8,0.9,-0.1,0.2,0.5,8.0,1.2,1.2,-0.7,0.0,0.19999999999999996,0.2999999999999998,0.19999999999999996,0.19999999999999996,0.7999999999999999,0.6,-0.6000000000000001,-0.4,0.19999999999999996,0.2,-0.4,-0.3,-2.0,2020-21,20210228|Fulham|Crystal Palace,0,0,0,draw
2021-02-28,Sheffield United,Liverpool,0.3592863401141087,0.6,0.6,1.6,-1.0,0.2,0.0,0.9,0.7,1.5,-0.8,0.3,0.0,8.0,0.6,1.0,2.2,-1.2,0.2,0.0,0.8,0.8,1.4,-0.6,0.2,0.2,8.0,0.7,1.4,-0.6,0.8,0.0,0.09999999999999998,-0.4,-0.10000000000000009,-0.6000000000000001,0.10000000000000009,0.19999999999999996,-0.20000000000000007,0.0,0.09999999999999998,0.0,-0.2,0.0,2020-21,20210228|Liverpool|Sheffield United,0,2,2,away
2021-02-28,Chelsea,Manchester United,0.545184094641476,2.6,1.6,0.4,1.2,0.8,0.2,1.8,1.1,0.8,0.3,0.5,0.3,8.0,1.8,3.2,1.0,2.2,0.4,0.6,1.9,2.2,0.9,1.3,0.5,0.4,7.0,1.9,2.2,1.0,0.8,0.8,-0.09999999999999987,-1.6,-1.1,-0.6,-0.09999999999999998,-1.0000000000000002,-1.0,0.4,0.0,-0.39999999999999997,-0.10000000000000003,1.0,2020-21,20210228|Manchester United|Chelsea,0,0,0,draw
2021-03-01,Everton,Southampton,0.7028887137229818,1.4,1.6,1.8,-0.2,0.4,0.2,1.4,1.2,1.4,-0.2,0.4,0.2,9.0,0.2,0.8,3.6,-2.8,0.0,0.2,0.5,0.6,2.4,-1.8,0.1,0.2,6.0,0.8,1.0,-0.8,-1.3,1.2,0.8999999999999999,0.8,0.6,-1.8,-1.0,2.5999999999999996,1.6,0.4,0.30000000000000004,0.0,0.0,3.0,2020-21,20210301|Southampton|Everton,1,0,1,home
2021-03-02,Manchester City,Wolverhampton Wanderers,0.8157999095147378,3.0,2.6,0.6,2.0,1.0,0.0,3.0,2.7,0.3,2.4,1.0,0.0,3.0,2.2,1.2,0.6,0.6,0.6,0.4,1.3,1.2,1.2,0.0,0.3,0.4,3.0,2.8,0.9,2.1,-0.6,0.7999999999999998,1.7,1.4000000000000001,1.5000000000000002,0.0,-0.8999999999999999,1.4,2.4,0.4,0.7,-0.4,-0.4,0.0,2020-21,20210302|Wolverhampton Wanderers|Manchester City,4,1,5,home
2021-03-03,Sheffield United,Aston Villa,0.33187961151326417,0.6,0.6,1.8,-1.2,0.2,0.0,0.9,0.7,1.6,-0.9,0.3,0.0,3.0,1.4,0.8,1.0,-0.2,0.4,0.2,1.3,1.0,1.2,-0.2,0.4,0.1,4.0,0.6,1.4,-0.8,0.1,-0.7999999999999999,-0.4,-0.20000000000000007,-0.30000000000000004,0.8,0.40000000000000013,-1.0,-0.7,-0.2,-0.10000000000000003,-0.2,-0.1,-1.0,2020-21,20210303|Aston Villa|Sheffield United,1,0,1,home
2021-03-03,Burnley,Leicester City,0.4263949058359913,1.2,1.0,1.2,-0.2,0.2,0.6,1.2,0.9,1.3,-0.4,0.3,0.3,3.0,2.0,1.6,1.0,0.6,0.6,0.2,2.0,1.6,1.0,0.6,0.6,0.2,3.0,1.6,2.1,0.1,0.7,-0.8,-0.8,-0.6000000000000001,-0.7000000000000001,0.19999999999999996,0.30000000000000004,-0.8,-1.0,-0.39999999999999997,-0.3,0.39999999999999997,0.09999999999999998,0.0,2020-21,20210303|Leicester City|Burnley,1,1,2,draw
2021-03-03,Crystal Palace,Manchester United,0.4148914023257977,1.4,0.8,1.4,-0.6,0.4,0.2,1.4,0.9,1.4,-0.5,0.4,0.2,3.0,1.8,3.2,1.0,2.2,0.4,0.6,1.7,2.0,0.8,1.2,0.4,0.5,3.0,1.2,2.0,-0.7,0.6,-0.40000000000000013,-0.30000000000000004,-2.4000000000000004,-1.1,0.3999999999999999,0.5999999999999999,-2.8000000000000003,-1.7,0.0,0.0,-0.39999999999999997,-0.3,0.0,2020-21,20210303|Manchester United|Crystal Palace,0,0,0,draw
2021-03-04,Liverpool,Chelsea,0.5613452531162572,0.6,0.8,2.0,-1.2,0.2,0.0,1.0,1.0,1.4,-0.4,0.3,0.1,4.0,2.2,1.2,0.4,0.8,0.6,0.4,1.8,1.0,0.7,0.3,0.5,0.3,4.0,1.4,1.6,0.2,0.2,-1.6,-0.8,-0.3999999999999999,0.0,1.6,0.7,-2.0,-0.7,-0.39999999999999997,-0.2,-0.4,-0.19999999999999998,0.0,2020-21,20210304|Chelsea|Liverpool,0,1,1,away
2021-03-04,West Bromwich Albion,Everton,0.37462622025081105,1.0,0.6,1.0,-0.4,0.2,0.4,0.9,0.9,2.0,-1.1,0.2,0.3,5.0,1.4,1.4,1.6,-0.2,0.4,0.2,1.4,1.2,1.4,-0.2,0.4,0.2,3.0,0.8,2.0,-2.0,0.5,-0.3999999999999999,-0.4999999999999999,-0.7999999999999999,-0.29999999999999993,-0.6000000000000001,0.6000000000000001,-0.2,-0.9000000000000001,-0.2,-0.2,0.2,0.09999999999999998,2.0,2020-21,20210304|Everton|West Bromwich Albion,0,1,1,away
2021-03-04,Fulham,Tottenham Hotspur,0.5037827472809497,1.8,0.8,0.2,0.6,0.4,0.6,1.1,0.7,0.8,-0.1,0.2,0.5,4.0,1.2,1.4,1.2,0.2,0.4,0.0,1.3,1.5,1.2,0.3,0.4,0.1,4.0,1.0,1.2,-0.2,-0.2,0.6000000000000001,-0.19999999999999996,-0.5999999999999999,-0.8,-1.0,-0.3999999999999999,0.39999999999999997,-0.4,0.0,-0.2,0.6,0.4,0.0,2020-21,20210304|Tottenham Hotspur|Fulham,0,1,1,away
2021-03-06,Burnley,Arsenal,0.5015445314681503,1.2,1.0,1.2,-0.2,0.2,0.6,1.3,1.0,1.3,-0.3,0.3,0.4,3.0,1.2,1.6,1.4,0.2,0.4,0.0,1.7,1.8,0.8,1.0,0.5,0.2,6.0,1.4,1.6,0.0,0.5,0.0,-0.3999999999999999,-0.6000000000000001,-0.8,-0.19999999999999996,0.5,-0.4,-1.3,-0.2,-0.2,0.6,0.2,-3.0,2020-21,20210306|Arsenal|Burnley,1,1,2,draw
2021-03-06,Brighton and Hove Albion,Leicester City,0.42500548761981405,1.0,0.6,0.8,-0.2,0.2,0.4,1.3,0.8,0.8,0.0,0.3,0.4,7.0,1.6,1.4,1.2,0.2,0.4,0.4,1.8,1.5,1.0,0.5,0.5,0.3,3.0,0.9,1.9,-0.2,0.4,-0.6000000000000001,-0.5,-0.7999999999999999,-0.7,-0.3999999999999999,-0.19999999999999996,-0.4,-0.5,-0.2,-0.2,0.0,0.10000000000000003,4.0,2020-21,20210306|Leicester City|Brighton and Hove Albion,1,2,3,away
2021-03-06,Sheffield United,Southampton,0.49268259142241727,0.6,0.4,1.6,-1.2,0.2,0.0,1.2,0.8,1.4,-0.6,0.4,0.0,3.0,0.2,0.8,2.0,-1.2,0.0,0.2,0.4,0.6,2.5,-1.9,0.1,0.1,5.0,0.9,0.9,-0.6,-1.4,0.39999999999999997,0.7999999999999999,-0.4,0.20000000000000007,-0.3999999999999999,-1.1,0.0,1.2999999999999998,0.2,0.30000000000000004,-0.2,-0.1,-2.0,2020-21,20210306|Southampton|Sheffield United,0,2,2,away
2021-03-06,Aston Villa,Wolverhampton Wanderers,0.6356938674502045,1.4,0.6,0.6,0.0,0.4,0.2,1.3,0.9,1.1,-0.2,0.4,0.1,3.0,1.6,1.0,1.2,-0.2,0.4,0.4,1.2,1.0,1.3,-0.3,0.3,0.3,4.0,1.3,0.9,0.3,-0.8,-0.20000000000000018,0.10000000000000009,-0.4,-0.09999999999999998,-0.6,-0.19999999999999996,0.2,0.09999999999999998,0.0,0.10000000000000003,-0.2,-0.19999999999999998,-1.0,2020-21,20210306|Wolverhampton Wanderers|Aston Villa,0,0,0,draw
2021-03-07,Tottenham Hotspur,Crystal Palace,0.6729929344544128,1.8,1.6,1.0,0.6,0.6,0.0,1.3,1.3,1.2,0.1,0.4,0.1,3.0,1.0,0.4,1.2,-0.8,0.2,0.4,1.2,0.7,1.4,-0.7,0.3,0.3,4.0,1.9,1.1,0.9,-0.6,0.8,0.10000000000000009,1.2000000000000002,0.6000000000000001,-0.19999999999999996,-0.19999999999999996,1.4,0.7999999999999999,0.39999999999999997,0.10000000000000003,-0.4,-0.19999999999999998,-1.0,2020-21,20210307|Crystal Palace|Tottenham Hotspur,4,1,5,home
2021-03-07,Liverpool,Fulham,0.6959092468895531,0.6,0.8,2.0,-1.2,0.2,0.0,1.0,1.0,1.4,-0.4,0.3,0.1,3.0,1.6,0.8,0.4,0.4,0.4,0.4,1.1,0.7,0.8,-0.1,0.2,0.5,3.0,1.1,1.2,0.0,0.0,-1.0,-0.10000000000000009,0.0,0.30000000000000004,1.6,0.5999999999999999,-1.6,-0.30000000000000004,-0.2,0.09999999999999998,-0.4,-0.4,0.0,2020-21,20210307|Fulham|Liverpool,0,1,1,away
2021-03-07,Manchester City,Manchester United,0.7207837441846198,3.0,2.6,0.6,2.0,1.0,0.0,3.0,2.7,0.4,2.3,1.0,0.0,5.0,1.4,1.4,1.0,0.4,0.2,0.8,1.5,1.9,0.8,1.1,0.3,0.6,4.0,2.8,1.8,1.9,0.5,1.6,1.5,1.2000000000000002,0.8000000000000003,-0.4,-0.4,1.6,1.1999999999999997,0.8,0.7,-0.8,-0.6,1.0,2020-21,20210307|Manchester United|Manchester City,0,2,2,away
2021-03-07,West Bromwich Albion,Newcastle United,0.521081025882677,1.0,0.4,0.8,-0.4,0.2,0.4,0.9,0.9,1.7,-0.8,0.2,0.3,3.0,0.8,1.2,2.0,-0.8,0.2,0.2,0.7,0.9,1.8,-0.9,0.2,0.1,8.0,0.8,0.6,-2.0,-1.3,0.19999999999999996,0.20000000000000007,-0.7999999999999999,0.0,-1.2,-0.10000000000000009,0.4,0.09999999999999998,0.0,0.0,0.2,0.19999999999999998,-5.0,2020-21,20210307|Newcastle United|West Bromwich Albion,0,0,0,draw
2021-03-08,Chelsea,Everton,0.6273000388683242,2.2,1.2,0.4,0.8,0.6,0.4,2.1,1.0,0.4,0.6,0.6,0.3,4.0,1.8,1.0,1.0,0.0,0.6,0.0,1.7,1.3,1.3,0.0,0.5,0.2,4.0,1.9,2.3,1.0,0.8,0.40000000000000013,0.40000000000000013,0.19999999999999996,-0.30000000000000004,-0.6,-0.9,0.8,0.6,0.0,0.09999999999999998,0.4,0.09999999999999998,0.0,2020-21,20210308|Everton|Chelsea,2,0,2,home
2021-03-08,West Ham United,Leeds United,0.6998805299954194,2.0,1.8,0.8,1.0,0.6,0.2,2.2,1.7,1.0,0.7,0.7,0.1,9.0,1.2,1.4,1.2,0.2,0.4,0.0,1.2,1.3,1.4,-0.1,0.4,0.0,9.0,2.0,1.2,0.4,-0.6,0.8,1.0000000000000002,0.40000000000000013,0.3999999999999999,-0.3999999999999999,-0.3999999999999999,0.8,0.7999999999999999,0.19999999999999996,0.29999999999999993,0.2,0.1,0.0,2020-21,20210308|Leeds United|West Ham United,2,0,2,home
2021-03-10,Manchester City,Southampton,0.8362510198559628,2.4,2.0,1.0,1.0,0.8,0.0,2.7,2.5,0.6,1.9,0.9,0.0,3.0,0.8,0.8,1.4,-0.6,0.2,0.2,0.4,0.7,2.5,-1.8,0.1,0.1,4.0,2.5,0.9,1.5,-1.3,1.5999999999999999,2.3000000000000003,1.2,1.8,-0.3999999999999999,-1.9,1.6,3.7,0.6000000000000001,0.8,-0.2,-0.1,-1.0,2020-21,20210310|Southampton|Manchester City,5,2,7,home
2021-03-12,Newcastle United,Aston Villa,0.4641298024409173,1.0,1.0,1.6,-0.6,0.2,0.4,0.8,0.9,1.7,-0.8,0.2,0.2,5.0,1.0,0.4,0.6,-0.2,0.2,0.4,1.4,0.9,0.9,0.0,0.4,0.2,6.0,1.2,1.4,-0.2,0.1,0.0,-0.5999999999999999,0.6,0.0,1.0,0.7999999999999999,-0.39999999999999997,-0.8,0.0,-0.2,0.0,0.0,-1.0,2020-21,20210312|Aston Villa|Newcastle United,1,1,2,draw
2021-03-13,Everton,Burnley,0.6924397321354814,1.8,1.0,1.0,0.0,0.6,0.0,1.4,1.1,1.4,-0.3,0.4,0.2,5.0,0.8,0.6,1.4,-0.8,0.0,0.8,1.1,1.0,1.4,-0.4,0.2,0.5,7.0,1.0,1.1,-0.7,-0.8,1.0,0.2999999999999998,0.4,0.10000000000000009,-0.3999999999999999,0.0,0.8,0.10000000000000003,0.6,0.2,-0.8,-0.3,-2.0,2020-21,20210313|Burnley|Everton,1,2,3,away
2021-03-13,Leeds United,Chelsea,0.43616845094140005,0.6,1.0,1.6,-0.6,0.2,0.0,1.2,1.3,1.3,0.0,0.4,0.0,5.0,2.2,1.2,0.2,1.0,0.6,0.4,2.1,1.1,0.4,0.7,0.6,0.3,5.0,1.3,1.6,0.2,0.0,-1.6,-0.9000000000000001,-0.19999999999999996,0.19999999999999996,1.4000000000000001,0.9,-1.6,-0.7,-0.39999999999999997,-0.19999999999999996,-0.4,-0.3,0.0,2020-21,20210313|Chelsea|Leeds United,0,0,0,draw
2021-03-13,Fulham,Manchester City,0.29704397746468486,1.6,0.6,0.4,0.2,0.4,0.4,1.4,0.7,0.6,0.1,0.3,0.5,6.0,2.4,2.4,1.2,1.2,0.8,0.0,2.7,2.5,0.8,1.7,0.9,0.0,3.0,0.7,2.5,-0.5,1.5,-0.7999999999999998,-1.3000000000000003,-1.7999999999999998,-1.8,-0.7999999999999999,-0.20000000000000007,-1.0,-1.5999999999999999,-0.4,-0.6000000000000001,0.4,0.5,3.0,2020-21,20210313|Manchester City|Fulham,0,3,3,away
2021-03-13,Crystal Palace,West Bromwich Albion,0.7062043095353681,1.0,0.6,1.6,-1.0,0.2,0.4,1.1,0.8,1.8,-1.0,0.3,0.2,6.0,1.2,0.4,0.4,0.0,0.2,0.6,0.7,0.6,1.5,-0.9,0.1,0.4,6.0,1.0,0.6,-1.0,-0.7,-0.19999999999999996,0.40000000000000013,0.19999999999999996,0.20000000000000007,1.2000000000000002,0.30000000000000004,-1.0,-0.09999999999999998,0.0,0.19999999999999998,-0.19999999999999996,-0.2,0.0,2020-21,20210313|West Bromwich Albion|Crystal Palace,1,0,1,home
2021-03-14,Southampton,Brighton and Hove Albion,0.5947817920072959,0.8,1.0,2.0,-1.0,0.2,0.2,0.4,0.9,2.8,-1.9,0.1,0.1,4.0,0.4,0.6,1.2,-0.6,0.0,0.4,1.2,0.6,0.7,-0.1,0.3,0.3,8.0,1.1,1.2,0.0,-0.3,0.4,-0.7999999999999999,0.4,0.30000000000000004,0.8,2.0999999999999996,-0.4,-1.7999999999999998,0.2,-0.19999999999999998,-0.2,-0.19999999999999998,-4.0,2020-21,20210314|Brighton and Hove Albion|Southampton,1,2,3,away
2021-03-14,Leicester City,Sheffield United,0.8473550519066887,2.0,1.8,1.4,0.4,0.6,0.2,1.8,1.5,1.1,0.4,0.5,0.3,8.0,0.6,0.2,1.6,-1.4,0.2,0.0,0.9,0.7,1.6,-0.9,0.3,0.0,8.0,1.6,0.4,0.3,-1.4,1.4,0.9,1.6,0.8,-0.20000000000000018,-0.5,1.7999999999999998,1.3,0.39999999999999997,0.2,0.2,0.3,0.0,2020-21,20210314|Sheffield United|Leicester City,5,0,5,home
2021-03-14,Arsenal,Tottenham Hotspur,0.5679475976710846,1.4,1.6,1.2,0.4,0.4,0.2,1.5,1.5,0.9,0.6,0.4,0.3,8.0,1.8,2.0,1.2,0.8,0.6,0.0,1.5,1.6,1.2,0.4,0.5,0.0,7.0,1.2,1.2,0.1,-0.2,-0.40000000000000013,0.0,-0.3999999999999999,-0.10000000000000009,0.0,-0.29999999999999993,-0.4,0.19999999999999996,-0.19999999999999996,-0.09999999999999998,0.2,0.3,1.0,2020-21,20210314|Tottenham Hotspur|Arsenal,2,1,3,home
2021-03-14,Manchester United,West Ham United,0.6447676236913996,1.8,1.2,0.4,0.8,0.4,0.6,1.7,2.1,0.8,1.3,0.4,0.5,7.0,2.0,1.6,0.6,1.0,0.6,0.2,2.2,1.8,1.0,0.8,0.7,0.1,6.0,2.0,1.7,1.6,0.1,-0.19999999999999996,-0.5000000000000002,-0.40000000000000013,0.30000000000000004,-0.19999999999999996,-0.19999999999999996,-0.19999999999999996,0.5,-0.19999999999999996,-0.29999999999999993,0.39999999999999997,0.4,1.0,2020-21,20210314|West Ham United|Manchester United,1,0,1,home
2021-03-15,Wolverhampton Wanderers,Liverpool,0.5743584347792198,1.6,1.0,1.2,-0.2,0.4,0.4,1.3,0.9,1.1,-0.2,0.3,0.4,9.0,0.6,0.6,1.4,-0.8,0.2,0.0,0.9,1.0,1.5,-0.5,0.3,0.0,8.0,1.5,1.6,0.2,1.0,1.0,0.4,0.4,-0.09999999999999998,-0.19999999999999996,-0.3999999999999999,0.6000000000000001,0.3,0.2,0.0,0.4,0.4,1.0,2020-21,20210315|Liverpool|Wolverhampton Wanderers,0,1,1,away
2021-03-19,Fulham,Leeds United,0.5570705786152691,1.4,0.4,0.8,-0.4,0.4,0.2,1.3,0.7,0.9,-0.2,0.3,0.4,6.0,0.8,0.6,0.8,-0.2,0.2,0.2,1.3,1.3,1.2,0.1,0.4,0.1,6.0,0.7,1.2,-0.7,-0.5,0.5999999999999999,0.0,-0.19999999999999996,-0.6000000000000001,0.0,-0.29999999999999993,-0.2,-0.30000000000000004,0.2,-0.10000000000000003,0.0,0.30000000000000004,0.0,2020-21,20210319|Leeds United|Fulham,1,2,3,away
2021-03-20,Brighton and Hove Albion,Newcastle United,0.640668264215179,0.8,0.8,1.2,-0.4,0.2,0.2,1.5,0.8,0.7,0.1,0.4,0.3,6.0,0.6,0.6,1.4,-0.8,0.0,0.6,0.9,1.0,1.5,-0.5,0.2,0.3,8.0,0.8,0.7,-0.3,-1.1,0.20000000000000007,0.6,0.20000000000000007,-0.19999999999999996,-0.19999999999999996,-0.8,0.4,0.6,0.2,0.2,-0.39999999999999997,0.0,-2.0,2020-21,20210320|Newcastle United|Brighton and Hove Albion,3,0,3,home
2021-03-21,West Ham United,Arsenal,0.6318076494262524,1.8,1.6,0.8,0.8,0.6,0.0,1.9,1.7,1.1,0.6,0.6,0.1,7.0,2.0,2.0,1.2,0.8,0.6,0.2,1.7,1.7,1.0,0.7,0.5,0.2,7.0,2.0,1.4,0.5,0.4,-0.19999999999999996,0.19999999999999996,-0.3999999999999999,0.0,-0.3999999999999999,0.10000000000000009,0.0,-0.09999999999999998,0.0,0.09999999999999998,-0.2,-0.1,0.0,2020-21,20210321|Arsenal|West Ham United,3,3,6,draw
2021-03-21,Aston Villa,Tottenham Hotspur,0.5686315086738128,1.0,0.6,0.8,-0.2,0.2,0.4,1.2,0.8,1.0,-0.2,0.3,0.3,9.0,1.8,2.2,1.0,1.2,0.6,0.0,1.2,1.4,1.3,0.1,0.4,0.0,7.0,1.1,0.9,-0.2,-0.4,-0.8,0.0,-1.6,-0.5999999999999999,-0.19999999999999996,-0.30000000000000004,-1.4,-0.30000000000000004,-0.39999999999999997,-0.10000000000000003,0.4,0.3,2.0,2020-21,20210321|Tottenham Hotspur|Aston Villa,0,2,2,away
2021-04-03,Arsenal,Liverpool,0.6224628760037006,1.6,1.8,1.4,0.4,0.4,0.4,1.5,1.7,1.3,0.4,0.4,0.3,13.0,1.2,0.6,0.8,-0.2,0.4,0.0,1.2,1.1,1.4,-0.3,0.4,0.0,19.0,1.5,1.8,0.5,1.1,0.40000000000000013,0.30000000000000004,1.2000000000000002,0.5999999999999999,0.5999999999999999,-0.09999999999999987,0.6000000000000001,0.7,0.0,0.0,0.4,0.3,-6.0,2020-21,20210403|Liverpool|Arsenal,0,3,3,away
2021-04-03,Leicester City,Manchester City,0.45822191525688116,2.0,2.2,1.2,1.0,0.6,0.2,1.8,1.8,1.1,0.7,0.5,0.3,20.0,2.4,2.8,1.2,1.6,0.8,0.0,2.7,2.7,0.8,1.9,0.9,0.0,21.0,1.6,2.5,0.7,1.7,-0.3999999999999999,-0.9000000000000001,-0.5999999999999996,-0.9000000000000001,0.0,0.30000000000000004,-0.6000000000000001,-1.2,-0.20000000000000007,-0.4,0.2,0.3,-1.0,2020-21,20210403|Manchester City|Leicester City,0,2,2,away
2021-04-03,Leeds United,Sheffield United,0.7697748132489448,1.4,1.0,0.8,0.2,0.4,0.2,1.3,1.3,1.2,0.1,0.4,0.1,15.0,0.6,0.2,2.0,-1.8,0.2,0.0,0.9,0.6,1.8,-1.2,0.3,0.0,20.0,1.4,0.4,0.5,-1.6,0.7999999999999999,0.4,0.8,0.7000000000000001,-1.2,-0.6000000000000001,2.0,1.3,0.2,0.10000000000000003,0.2,0.1,-5.0,2020-21,20210403|Sheffield United|Leeds United,2,1,3,home
2021-04-03,Chelsea,West Bromwich Albion,0.8357004129937889,1.8,0.8,0.2,0.6,0.4,0.6,2.2,1.1,0.2,0.9,0.6,0.4,21.0,1.0,0.2,0.4,-0.2,0.2,0.4,0.7,0.5,1.4,-0.9,0.1,0.4,21.0,1.9,0.6,0.9,-0.6,0.8,1.5000000000000002,0.6000000000000001,0.6000000000000001,-0.2,-1.2,0.8,1.8,0.2,0.5,0.19999999999999996,0.0,0.0,2020-21,20210403|West Bromwich Albion|Chelsea,2,5,7,away
2021-04-04,Manchester United,Brighton and Hove Albion,0.7754167569847297,2.2,1.2,0.2,1.0,0.6,0.4,1.7,2.0,0.7,1.3,0.4,0.5,21.0,1.2,1.4,1.2,0.2,0.4,0.0,1.5,1.0,0.7,0.3,0.4,0.3,15.0,2.3,1.5,1.8,-0.1,1.0000000000000002,0.19999999999999996,-0.19999999999999996,1.0,-1.0,0.0,0.8,1.0,0.19999999999999996,0.0,0.4,0.2,6.0,2020-21,20210404|Brighton and Hove Albion|Manchester United,2,1,3,home
2021-04-04,Southampton,Burnley,0.5232387494060078,0.6,1.0,2.2,-1.2,0.2,0.0,0.4,0.9,2.7,-1.8,0.1,0.1,21.0,1.2,0.8,1.4,-0.6,0.2,0.6,1.1,0.9,1.3,-0.4,0.2,0.5,22.0,0.8,1.3,-0.3,-0.7,-0.6,-0.7000000000000001,0.19999999999999996,0.0,0.8000000000000003,1.4000000000000001,-0.6,-1.4,0.0,-0.1,-0.6,-0.4,-1.0,2020-21,20210404|Burnley|Southampton,3,2,5,home
2021-04-04,Aston Villa,Fulham,0.6732050219478174,1.0,0.4,0.8,-0.4,0.2,0.4,1.2,0.6,0.9,-0.3,0.3,0.3,14.0,0.8,0.4,1.2,-0.8,0.2,0.2,1.2,0.6,0.9,-0.3,0.3,0.3,16.0,1.1,1.5,-0.1,0.2,0.19999999999999996,0.0,0.0,0.0,-0.3999999999999999,0.0,0.4,0.0,0.0,0.0,0.2,0.0,-2.0,2020-21,20210404|Fulham|Aston Villa,3,1,4,home
2021-04-04,Newcastle United,Tottenham Hotspur,0.4021186020440737,0.6,0.6,1.6,-1.0,0.0,0.6,0.9,1.0,1.6,-0.6,0.2,0.3,15.0,2.4,2.4,0.6,1.8,0.8,0.0,1.5,1.5,1.0,0.5,0.5,0.0,14.0,1.0,1.1,-0.3,-0.2,-1.7999999999999998,-0.6,-1.7999999999999998,-0.5,1.0,0.6000000000000001,-2.8,-1.1,-0.8,-0.3,0.6,0.3,1.0,2020-21,20210404|Tottenham Hotspur|Newcastle United,2,2,4,draw
2021-04-05,Everton,Crystal Palace,0.6593291399927308,1.8,1.0,0.8,0.2,0.6,0.0,1.3,1.1,1.5,-0.4,0.4,0.1,23.0,1.6,0.8,1.0,-0.2,0.4,0.4,1.4,0.9,1.4,-0.5,0.4,0.2,23.0,1.0,1.1,-0.6,-0.7,0.19999999999999996,-0.09999999999999987,0.19999999999999996,0.20000000000000007,-0.19999999999999996,0.10000000000000009,0.4,0.09999999999999998,0.19999999999999996,0.0,-0.4,-0.1,0.0,2020-21,20210405|Crystal Palace|Everton,1,1,2,draw
2021-04-05,Wolverhampton Wanderers,West Ham United,0.4667183325999419,1.0,0.6,1.2,-0.6,0.2,0.4,1.3,0.7,0.9,-0.2,0.3,0.4,21.0,1.4,1.6,1.4,0.2,0.4,0.2,1.7,1.8,1.3,0.5,0.5,0.2,15.0,1.2,1.7,-0.1,0.1,-0.3999999999999999,-0.3999999999999999,-1.0,-1.1,-0.19999999999999996,-0.4,-0.8,-0.7,-0.2,-0.2,0.2,0.2,6.0,2020-21,20210405|West Ham United|Wolverhampton Wanderers,2,3,5,away
2021-04-09,Fulham,Wolverhampton Wanderers,0.5432463091368622,0.6,0.6,1.8,-1.2,0.2,0.0,1.2,0.7,1.0,-0.3,0.3,0.3,5.0,0.4,0.8,1.8,-1.0,0.0,0.4,1.2,0.9,1.2,-0.3,0.3,0.3,4.0,0.6,0.7,-0.8,-0.9,0.19999999999999996,0.0,-0.20000000000000007,-0.20000000000000007,0.0,-0.19999999999999996,-0.19999999999999996,0.0,0.2,0.0,-0.4,0.0,1.0,2020-21,20210409|Wolverhampton Wanderers|Fulham,0,1,1,away
2021-04-10,Liverpool,Aston Villa,0.6354890325250749,1.8,1.2,0.4,0.8,0.6,0.0,1.2,1.1,1.3,-0.2,0.4,0.0,7.0,1.0,0.8,1.0,-0.2,0.2,0.4,1.2,0.8,1.0,-0.2,0.3,0.3,6.0,0.8,1.2,-0.4,0.0,0.8,0.0,0.3999999999999999,0.30000000000000004,-0.6,0.30000000000000004,1.0,0.0,0.39999999999999997,0.10000000000000003,-0.4,-0.3,1.0,2020-21,20210410|Aston Villa|Liverpool,2,1,3,home
2021-04-10,Crystal Palace,Chelsea,0.4736654567786519,1.2,0.6,1.0,-0.4,0.2,0.6,1.5,0.8,1.2,-0.4,0.4,0.3,5.0,1.6,1.0,1.0,0.0,0.4,0.4,2.1,1.3,0.7,0.6,0.6,0.3,7.0,1.3,1.4,-0.7,-0.2,-0.40000000000000013,-0.6000000000000001,-0.4,-0.5,0.0,0.5,-0.4,-1.0,-0.2,-0.19999999999999996,0.19999999999999996,0.0,-2.0,2020-21,20210410|Chelsea|Crystal Palace,1,4,5,away
2021-04-10,Manchester City,Leeds United,0.8224692593268005,2.4,2.8,1.0,1.8,0.8,0.0,2.7,2.7,0.8,1.9,0.9,0.0,7.0,1.4,0.8,1.0,-0.2,0.4,0.2,1.3,1.2,1.2,0.0,0.4,0.1,7.0,2.7,1.2,1.8,-0.5,1.0,1.4000000000000001,1.9999999999999998,1.5000000000000002,0.0,-0.3999999999999999,2.0,1.9,0.4,0.5,-0.2,-0.1,0.0,2020-21,20210410|Leeds United|Manchester City,1,2,3,away
2021-04-11,Sheffield United,Arsenal,0.34182465139106394,0.6,0.4,2.2,-1.8,0.2,0.0,0.6,0.5,1.9,-1.4,0.2,0.0,8.0,1.6,1.8,1.8,0.0,0.4,0.4,1.2,1.4,1.5,-0.1,0.3,0.3,8.0,0.9,1.4,-0.7,0.4,-1.0,-0.6,-1.4,-0.8999999999999999,0.40000000000000013,0.3999999999999999,-1.8,-1.2999999999999998,-0.2,-0.09999999999999998,-0.4,-0.3,0.0,2020-21,20210411|Arsenal|Sheffield United,0,3,3,away
2021-04-11,West Ham United,Leicester City,0.588467105095,1.4,1.8,1.6,0.2,0.4,0.2,1.7,1.8,1.3,0.5,0.5,0.2,6.0,1.4,1.8,1.4,0.4,0.4,0.2,1.7,1.7,1.2,0.5,0.5,0.2,8.0,1.8,2.2,0.4,0.8,0.0,0.0,0.0,0.10000000000000009,0.20000000000000018,0.10000000000000009,-0.2,0.0,0.0,0.0,0.0,0.0,-2.0,2020-21,20210411|Leicester City|West Ham United,3,2,5,home
2021-04-11,Tottenham Hotspur,Manchester United,0.4731762488580664,2.0,2.0,1.0,1.0,0.6,0.2,1.6,1.7,1.1,0.6,0.5,0.1,7.0,2.2,1.0,0.2,0.8,0.6,0.4,2.0,2.1,0.6,1.5,0.5,0.5,7.0,1.9,1.8,1.1,0.5,-0.20000000000000018,-0.3999999999999999,1.0,-0.40000000000000013,0.8,0.5000000000000001,0.19999999999999996,-0.9,0.0,0.0,-0.2,-0.4,0.0,2020-21,20210411|Manchester United|Tottenham Hotspur,1,3,4,away
2021-04-11,Burnley,Newcastle United,0.6604204363463798,1.0,1.2,2.0,-0.8,0.2,0.4,1.1,1.1,1.4,-0.3,0.2,0.5,7.0,0.8,0.8,1.4,-0.6,0.0,0.8,1.0,1.1,1.6,-0.5,0.2,0.4,7.0,1.4,0.4,0.0,-1.6,0.19999999999999996,0.10000000000000009,0.3999999999999999,0.0,0.6000000000000001,-0.20000000000000018,-0.20000000000000007,0.2,0.2,0.0,-0.4,0.09999999999999998,0.0,2020-21,20210411|Newcastle United|Burnley,1,2,3,away
2021-04-12,Brighton and Hove Albion,Everton,0.5247729471413529,1.2,1.4,1.2,0.2,0.4,0.0,1.4,1.1,0.9,0.2,0.4,0.2,8.0,1.4,0.8,1.0,-0.2,0.4,0.2,1.4,1.2,1.4,-0.2,0.4,0.2,7.0,1.0,2.3,0.0,0.7,-0.19999999999999996,0.0,0.5999999999999999,-0.09999999999999987,0.19999999999999996,-0.4999999999999999,0.4,0.4,0.0,0.0,-0.2,0.0,1.0,2020-21,20210412|Everton|Brighton and Hove Albion,0,0,0,draw
2021-04-12,West Bromwich Albion,Southampton,0.5204271355476345,1.4,1.2,0.8,0.4,0.4,0.2,1.0,1.0,1.1,-0.1,0.2,0.4,9.0,1.2,1.6,2.0,-0.4,0.4,0.0,0.7,1.2,2.8,-1.6,0.2,0.1,8.0,0.6,0.8,-2.1,-1.6,0.19999999999999996,0.30000000000000004,-0.40000000000000013,-0.19999999999999996,-1.2,-1.6999999999999997,0.8,1.5,0.0,0.0,0.2,0.30000000000000004,1.0,2020-21,20210412|Southampton|West Bromwich Albion,3,0,3,home
2021-04-16,Everton,Tottenham Hotspur,0.5697260336174439,1.0,0.6,1.0,-0.4,0.2,0.4,1.2,1.0,1.3,-0.3,0.3,0.3,4.0,1.4,2.0,1.6,0.4,0.4,0.2,1.6,1.8,1.3,0.5,0.5,0.1,5.0,1.1,1.1,-0.5,-0.2,-0.3999999999999999,-0.40000000000000013,-1.4,-0.8,-0.6000000000000001,0.0,-0.8,-0.8,-0.2,-0.2,0.2,0.19999999999999998,-1.0,2020-21,20210416|Tottenham Hotspur|Everton,2,2,4,draw
2021-04-17,Wolverhampton Wanderers,Sheffield United,0.7717874469775083,0.8,0.8,1.6,-0.8,0.2,0.2,1.5,1.0,1.1,-0.1,0.4,0.3,8.0,0.6,0.4,2.4,-2.0,0.2,0.0,0.6,0.5,2.1,-1.6,0.2,0.0,6.0,1.1,0.4,-0.2,-1.6,0.20000000000000007,0.9,0.4,0.5,-0.7999999999999998,-1.0,1.2,1.5,0.0,0.2,0.2,0.3,2.0,2020-21,20210417|Sheffield United|Wolverhampton Wanderers,1,0,1,home
2021-04-17,Newcastle United,West Ham United,0.3775330163530237,1.2,1.0,1.4,-0.4,0.2,0.6,1.0,1.1,1.7,-0.6,0.2,0.4,6.0,2.0,2.2,1.6,0.6,0.6,0.2,2.0,2.0,1.2,0.8,0.6,0.2,6.0,1.1,1.7,-0.1,0.1,-0.8,-1.0,-1.2000000000000002,-0.8999999999999999,-0.20000000000000018,0.5,-1.0,-1.4,-0.39999999999999997,-0.39999999999999997,0.39999999999999997,0.2,0.0,2020-21,20210417|West Ham United|Newcastle United,3,2,5,home
2021-04-18,Manchester United,Burnley,0.8163422888340515,2.6,1.6,0.4,1.2,0.8,0.2,2.2,2.4,0.7,1.7,0.6,0.4,7.0,1.0,1.4,1.6,-0.2,0.2,0.4,1.1,1.2,1.4,-0.2,0.2,0.5,7.0,2.3,1.3,1.8,-0.3,1.6,1.1,0.20000000000000018,1.2,-1.2000000000000002,-0.7,1.4,1.9,0.6000000000000001,0.39999999999999997,-0.2,-0.09999999999999998,0.0,2020-21,20210418|Burnley|Manchester United,3,1,4,home
2021-04-18,Arsenal,Fulham,0.74203491857791,1.6,1.8,1.6,0.2,0.4,0.4,1.4,1.7,1.5,0.2,0.4,0.2,7.0,0.6,0.6,1.8,-1.2,0.2,0.0,1.1,0.7,1.1,-0.4,0.3,0.2,9.0,1.5,1.2,0.3,-0.1,1.0,0.2999999999999998,1.2000000000000002,1.0,-0.19999999999999996,0.3999999999999999,1.4,0.6000000000000001,0.2,0.10000000000000003,0.4,0.0,-2.0,2020-21,20210418|Fulham|Arsenal,1,1,2,draw
2021-04-19,Leeds United,Liverpool,0.5527381264015282,2.0,1.2,1.0,0.2,0.6,0.2,1.6,1.3,1.1,0.2,0.5,0.1,9.0,1.8,1.2,0.6,0.6,0.6,0.0,1.2,1.0,1.3,-0.3,0.4,0.0,9.0,1.6,2.0,0.6,1.4,0.19999999999999996,0.40000000000000013,0.0,0.30000000000000004,0.4,-0.19999999999999996,-0.39999999999999997,0.5,0.0,0.09999999999999998,0.2,0.1,0.0,2020-21,20210419|Liverpool|Leeds United,1,1,2,draw
2021-04-20,Chelsea,Brighton and Hove Albion,0.7269258708478223,2.0,1.8,1.2,0.6,0.6,0.2,2.1,1.5,0.8,0.7,0.6,0.3,10.0,1.4,1.4,1.0,0.4,0.4,0.2,1.2,1.0,0.9,0.1,0.3,0.3,8.0,1.8,1.2,0.6,-0.3,0.6000000000000001,0.9000000000000001,0.40000000000000013,0.5,0.19999999999999996,-0.09999999999999998,0.19999999999999996,0.6,0.19999999999999996,0.3,0.0,0.0,2.0,2020-21,20210420|Brighton and Hove Albion|Chelsea,0,0,0,draw
2021-04-21,Aston Villa,Manchester City,0.34021368807215024,1.0,1.0,1.2,-0.2,0.2,0.4,1.2,0.8,0.9,-0.1,0.3,0.3,11.0,1.8,2.2,1.2,1.0,0.6,0.0,2.4,2.4,0.9,1.5,0.8,0.0,11.0,1.4,2.8,0.2,2.1,-0.8,-1.2,-1.2000000000000002,-1.5999999999999999,0.0,0.0,-1.2,-1.6,-0.39999999999999997,-0.5,0.4,0.3,0.0,2020-21,20210421|Manchester City|Aston Villa,1,2,3,away
2021-04-21,Tottenham Hotspur,Southampton,0.7269548107277919,1.0,1.6,1.8,-0.2,0.2,0.4,1.4,1.8,1.5,0.3,0.4,0.2,5.0,1.2,1.6,2.4,-0.8,0.4,0.0,0.7,1.2,2.2,-1.0,0.2,0.1,9.0,1.6,0.5,0.7,-2.0,-0.19999999999999996,0.7,0.0,0.6000000000000001,-0.5999999999999999,-0.7000000000000002,0.6000000000000001,1.3,-0.2,0.2,0.4,0.1,-4.0,2020-21,20210421|Southampton|Tottenham Hotspur,2,1,3,home
2021-04-22,Leicester City,West Bromwich Albion,0.7832420199468226,1.4,2.0,1.4,0.6,0.4,0.2,1.7,1.8,1.2,0.6,0.5,0.2,11.0,1.4,1.6,0.8,0.8,0.4,0.2,1.2,1.1,0.9,0.2,0.3,0.3,10.0,1.6,0.9,0.6,-0.2,0.0,0.5,0.3999999999999999,0.7,0.5999999999999999,0.29999999999999993,-0.20000000000000007,0.39999999999999997,0.0,0.2,0.0,-0.09999999999999998,1.0,2020-21,20210422|West Bromwich Albion|Leicester City,3,0,3,home
2021-04-23,Arsenal,Everton,0.6081328195194577,1.6,1.8,1.6,0.2,0.4,0.4,1.5,1.7,1.4,0.3,0.4,0.3,5.0,0.6,0.8,1.4,-0.6,0.0,0.6,1.2,0.9,1.2,-0.3,0.3,0.3,7.0,1.6,2.1,0.4,0.6,1.0,0.30000000000000004,1.0,0.7999999999999999,0.20000000000000018,0.19999999999999996,0.8,0.6,0.4,0.10000000000000003,-0.19999999999999996,0.0,-2.0,2020-21,20210423|Everton|Arsenal,0,1,1,away
2021-04-24,Sheffield United,Brighton and Hove Albion,0.38240788830128813,0.0,0.2,2.6,-2.4,0.0,0.0,0.3,0.3,2.1,-1.8,0.1,0.0,7.0,1.6,1.2,0.6,0.6,0.4,0.4,1.0,0.9,0.9,0.0,0.2,0.4,4.0,0.9,1.3,-0.9,0.0,-1.6,-0.7,-1.0,-0.6000000000000001,2.0,1.2000000000000002,-3.0,-1.8,-0.4,-0.1,-0.4,-0.4,3.0,2020-21,20210424|Brighton and Hove Albion|Sheffield United,1,0,1,home
2021-04-24,West Ham United,Chelsea,0.5970660512543732,1.4,2.2,2.2,0.0,0.4,0.2,1.7,1.9,1.4,0.5,0.5,0.2,7.0,1.6,1.6,1.2,0.4,0.4,0.4,1.9,1.4,0.8,0.6,0.5,0.4,4.0,2.1,1.7,0.7,0.2,-0.20000000000000018,-0.19999999999999996,0.6000000000000001,0.5,1.0000000000000002,0.5999999999999999,-0.4,-0.09999999999999998,0.0,0.0,-0.2,-0.2,3.0,2020-21,20210424|Chelsea|West Ham United,0,1,1,away
2021-04-24,Liverpool,Newcastle United,0.7194166191786088,2.0,1.4,0.6,0.8,0.6,0.2,1.3,1.1,1.3,-0.2,0.4,0.1,5.0,1.6,1.6,1.8,-0.2,0.4,0.4,1.3,1.3,1.7,-0.4,0.3,0.4,7.0,0.8,0.7,-0.7,-1.2,0.3999999999999999,0.0,-0.20000000000000018,-0.19999999999999996,-1.2000000000000002,-0.3999999999999999,1.0,0.2,0.19999999999999996,0.10000000000000003,-0.2,-0.30000000000000004,-2.0,2020-21,20210424|Newcastle United|Liverpool,1,1,2,draw
2021-04-25,Wolverhampton Wanderers,Burnley,0.6449651970107771,1.4,0.8,0.8,0.0,0.4,0.2,1.5,0.9,1.0,-0.1,0.4,0.3,8.0,0.8,1.4,2.0,-0.6,0.2,0.2,1.0,1.2,1.6,-0.4,0.2,0.4,7.0,1.4,1.0,0.0,-0.6,0.5999999999999999,0.5,-0.5999999999999999,-0.29999999999999993,-1.2,-0.6000000000000001,0.6,0.30000000000000004,0.2,0.2,0.0,-0.10000000000000003,1.0,2020-21,20210425|Burnley|Wolverhampton Wanderers,0,4,4,away
2021-04-25,Leeds United,Manchester United,0.40738453614284004,2.2,1.4,0.8,0.6,0.6,0.4,1.4,1.2,1.2,0.0,0.4,0.2,6.0,3.0,2.2,0.6,1.6,1.0,0.0,2.2,1.8,0.8,1.0,0.6,0.4,7.0,1.7,1.8,0.7,0.6,-0.7999999999999998,-0.8000000000000003,-0.8000000000000003,-0.6000000000000001,0.20000000000000007,0.3999999999999999,-1.0,-1.0,-0.4,-0.19999999999999996,0.4,-0.2,-1.0,2020-21,20210425|Manchester United|Leeds United,0,0,0,draw
2021-04-25,Aston Villa,West Bromwich Albion,0.7050198396684034,0.8,1.2,1.6,-0.4,0.2,0.2,0.9,0.8,1.1,-0.3,0.2,0.3,4.0,1.4,1.6,1.2,0.4,0.4,0.2,1.2,1.0,1.0,0.0,0.3,0.3,3.0,1.4,0.9,0.2,-0.4,-0.5999999999999999,-0.29999999999999993,-0.40000000000000013,-0.19999999999999996,0.40000000000000013,0.10000000000000009,-0.8,-0.3,-0.2,-0.09999999999999998,0.0,0.0,1.0,2020-21,20210425|West Bromwich Albion|Aston Villa,2,2,4,draw
2021-04-26,Leicester City,Crystal Palace,0.739954159293047,1.8,2.4,1.2,1.2,0.6,0.0,1.7,1.9,1.2,0.7,0.5,0.2,4.0,1.0,0.8,1.8,-1.0,0.2,0.4,1.2,0.8,1.6,-0.8,0.3,0.3,16.0,1.6,1.2,0.6,-0.6,0.8,0.5,1.5999999999999999,1.0999999999999999,-0.6000000000000001,-0.40000000000000013,2.2,1.5,0.39999999999999997,0.2,-0.4,-0.09999999999999998,-12.0,2020-21,20210426|Crystal Palace|Leicester City,2,1,3,home
2021-04-30,Southampton,Leicester City,0.36648340876667435,0.6,1.4,2.8,-1.4,0.2,0.0,0.7,1.1,2.1,-1.0,0.2,0.1,9.0,1.8,2.4,1.2,1.2,0.6,0.0,1.9,2.1,1.3,0.8,0.6,0.1,4.0,1.1,1.9,-0.1,0.6,-1.2000000000000002,-1.2,-1.0,-1.0,1.5999999999999999,0.8,-2.5999999999999996,-1.8,-0.39999999999999997,-0.39999999999999997,0.0,0.0,5.0,2020-21,20210430|Leicester City|Southampton,1,1,2,draw
2021-05-01,Everton,Aston Villa,0.6558214256638618,1.2,1.0,1.0,0.0,0.2,0.6,1.5,1.0,1.0,0.0,0.4,0.3,8.0,0.8,1.4,1.8,-0.4,0.2,0.2,0.9,1.0,1.3,-0.3,0.2,0.3,6.0,0.9,0.9,-0.6,-0.4,0.3999999999999999,0.6,-0.3999999999999999,0.0,-0.8,-0.30000000000000004,0.4,0.3,0.0,0.2,0.39999999999999997,0.0,2.0,2020-21,20210501|Aston Villa|Everton,1,2,3,away
2021-05-01,Chelsea,Fulham,0.7888708178416218,1.6,1.4,1.2,0.2,0.4,0.4,1.9,1.3,0.7,0.6,0.5,0.4,7.0,0.2,0.6,2.0,-1.4,0.0,0.2,0.9,0.6,1.2,-0.6,0.2,0.3,13.0,1.6,1.3,0.4,0.1,1.4000000000000001,0.9999999999999999,0.7999999999999999,0.7000000000000001,-0.8,-0.5,1.5999999999999999,1.2,0.4,0.3,0.2,0.10000000000000003,-6.0,2020-21,20210501|Fulham|Chelsea,2,0,2,home
2021-05-01,Brighton and Hove Albion,Leeds United,0.4989225243846585,1.0,0.8,0.6,0.2,0.2,0.4,0.9,0.8,0.9,-0.1,0.2,0.3,7.0,2.2,1.4,0.8,0.6,0.6,0.4,1.5,1.0,0.8,0.2,0.4,0.3,6.0,1.1,1.5,0.1,-0.2,-1.2000000000000002,-0.6,-0.5999999999999999,-0.19999999999999996,-0.20000000000000007,0.09999999999999998,-0.39999999999999997,-0.30000000000000004,-0.39999999999999997,-0.2,0.0,0.0,1.0,2020-21,20210501|Leeds United|Brighton and Hove Albion,2,0,2,home
2021-05-01,Crystal Palace,Manchester City,0.27197424314583324,0.8,1.0,2.2,-1.2,0.2,0.2,0.9,0.7,1.7,-1.0,0.2,0.3,5.0,2.4,2.6,1.0,1.6,0.8,0.0,2.4,2.3,1.0,1.3,0.8,0.0,10.0,1.2,3.0,-1.0,2.2,-1.5999999999999999,-1.5,-1.6,-1.5999999999999999,1.2000000000000002,0.7,-2.8,-2.3,-0.6000000000000001,-0.6000000000000001,0.2,0.3,-5.0,2020-21,20210501|Manchester City|Crystal Palace,0,2,2,away
2021-05-02,Newcastle United,Arsenal,0.5180293522826013,1.6,1.6,1.8,-0.2,0.4,0.4,1.1,1.1,1.6,-0.5,0.2,0.5,8.0,1.0,1.4,1.6,-0.2,0.2,0.4,1.5,1.7,1.4,0.3,0.4,0.3,9.0,1.1,1.7,-0.1,0.9,0.6000000000000001,-0.3999999999999999,0.20000000000000018,-0.5999999999999999,0.19999999999999996,0.20000000000000018,0.0,-0.8,0.2,-0.2,0.0,0.2,-1.0,2020-21,20210502|Arsenal|Newcastle United,0,2,2,away
2021-05-02,Tottenham Hotspur,Sheffield United,0.8217029978080193,1.6,1.8,1.6,0.2,0.4,0.4,1.7,2.0,1.3,0.7,0.5,0.2,11.0,0.6,0.4,2.2,-1.8,0.2,0.0,0.6,0.3,1.9,-1.6,0.2,0.0,8.0,1.6,0.4,0.6,-1.4,1.0,1.1,1.4,1.7,-0.6000000000000001,-0.5999999999999999,2.0,2.3,0.2,0.3,0.4,0.2,3.0,2020-21,20210502|Sheffield United|Tottenham Hotspur,4,0,4,home
2021-05-03,Burnley,West Ham United,0.46896567575686,1.2,2.0,1.8,0.2,0.4,0.0,1.0,1.3,1.6,-0.3,0.2,0.4,8.0,1.4,2.2,2.2,0.0,0.4,0.2,1.6,1.9,1.5,0.4,0.5,0.1,9.0,1.1,1.4,-0.2,-0.1,-0.19999999999999996,-0.6000000000000001,-0.20000000000000018,-0.5999999999999999,-0.40000000000000013,0.10000000000000009,0.2,-0.7,0.0,-0.3,-0.2,0.30000000000000004,-1.0,2020-21,20210503|West Ham United|Burnley,1,2,3,away
2021-05-03,West Bromwich Albion,Wolverhampton Wanderers,0.517135929244817,1.4,2.0,1.6,0.4,0.4,0.2,1.3,1.2,1.0,0.2,0.3,0.4,8.0,1.2,0.8,1.6,-0.8,0.4,0.0,1.4,0.9,1.4,-0.5,0.4,0.2,8.0,0.9,1.0,-1.4,-0.4,0.19999999999999996,-0.09999999999999987,1.2,0.29999999999999993,0.0,-0.3999999999999999,1.2000000000000002,0.7,0.0,-0.10000000000000003,0.2,0.2,0.0,2020-21,20210503|Wolverhampton Wanderers|West Bromwich Albion,1,1,2,draw
2021-05-07,Leicester City,Newcastle United,0.7617300719689856,1.4,1.6,1.4,0.2,0.4,0.2,1.7,1.9,1.3,0.6,0.5,0.2,7.0,1.6,1.6,1.6,0.0,0.4,0.4,1.1,1.1,1.6,-0.5,0.2,0.5,5.0,1.9,0.8,0.9,-1.0,-0.20000000000000018,0.5999999999999999,0.0,0.7999999999999998,-0.20000000000000018,-0.30000000000000004,0.2,1.1,0.0,0.3,-0.2,-0.3,2.0,2020-21,20210507|Newcastle United|Leicester City,2,4,6,away
2021-05-08,Manchester City,Chelsea,0.7280039374390178,2.4,2.0,0.6,1.4,0.8,0.0,2.4,2.2,0.9,1.3,0.8,0.0,7.0,2.0,1.8,1.2,0.6,0.6,0.2,1.9,1.3,0.7,0.6,0.5,0.4,7.0,2.4,2.0,1.5,0.4,0.3999999999999999,0.5,0.19999999999999996,0.9000000000000001,-0.6,0.20000000000000007,0.7999999999999999,0.7000000000000001,0.20000000000000007,0.30000000000000004,-0.2,-0.4,0.0,2020-21,20210508|Chelsea|Manchester City,1,2,3,away
2021-05-08,Sheffield United,Crystal Palace,0.43798018146102874,0.6,0.4,2.0,-1.6,0.2,0.0,0.6,0.3,2.0,-1.7,0.2,0.0,6.0,0.8,0.8,1.8,-1.0,0.2,0.2,0.9,0.7,1.7,-1.0,0.2,0.3,7.0,1.2,0.9,-0.7,-1.1,-0.20000000000000007,-0.30000000000000004,-0.4,-0.39999999999999997,0.19999999999999996,0.30000000000000004,-0.6000000000000001,-0.7,0.0,0.0,-0.2,-0.3,-1.0,2020-21,20210508|Crystal Palace|Sheffield United,0,2,2,away
2021-05-08,Liverpool,Southampton,0.7438889224789864,2.2,1.6,0.6,1.0,0.6,0.4,1.4,1.1,1.0,0.1,0.4,0.2,14.0,0.8,1.2,2.0,-0.8,0.2,0.2,0.8,1.1,2.0,-0.9,0.2,0.2,8.0,0.6,0.4,-0.8,-2.1,1.4000000000000001,0.5999999999999999,0.40000000000000013,0.0,-1.4,-1.0,1.8,1.0,0.39999999999999997,0.2,0.2,0.0,6.0,2020-21,20210508|Southampton|Liverpool,2,0,2,home
2021-05-08,Leeds United,Tottenham Hotspur,0.53468933773498,1.6,1.0,1.0,0.0,0.4,0.4,1.5,1.0,0.9,0.1,0.4,0.3,7.0,1.6,2.2,1.6,0.6,0.4,0.4,2.0,2.3,1.1,1.2,0.6,0.2,6.0,1.5,1.2,0.4,-0.1,0.0,-0.5,-1.2000000000000002,-1.2999999999999998,-0.6000000000000001,-0.20000000000000007,-0.6,-1.0999999999999999,0.0,-0.19999999999999996,0.0,0.09999999999999998,1.0,2020-21,20210508|Tottenham Hotspur|Leeds United,3,1,4,home
2021-05-09,Wolverhampton Wanderers,Brighton and Hove Albion,0.5782903028896735,1.4,1.0,1.6,-0.6,0.4,0.2,1.2,0.8,1.4,-0.6,0.3,0.3,6.0,1.0,0.6,0.6,0.0,0.2,0.4,1.1,1.0,0.9,0.1,0.3,0.2,8.0,1.1,1.2,-0.5,-0.1,0.3999999999999999,0.09999999999999987,0.4,-0.19999999999999996,1.0,0.4999999999999999,-0.6,-0.7,0.2,0.0,-0.2,0.09999999999999998,-2.0,2020-21,20210509|Brighton and Hove Albion|Wolverhampton Wanderers,2,1,3,home
2021-05-09,West Ham United,Everton,0.6642214538805438,1.8,2.0,1.8,0.2,0.6,0.0,1.6,1.8,1.6,0.2,0.5,0.1,6.0,1.2,1.0,1.0,0.0,0.2,0.6,1.5,1.0,0.9,0.1,0.4,0.3,8.0,2.0,2.3,0.6,0.7,0.6000000000000001,0.10000000000000009,1.0,0.8,0.8,0.7000000000000001,0.2,0.1,0.39999999999999997,0.09999999999999998,-0.6,-0.19999999999999998,-2.0,2020-21,20210509|Everton|West Ham United,0,1,1,away
2021-05-09,Aston Villa,Manchester United,0.38550690141449057,1.4,1.8,1.6,0.2,0.4,0.2,1.2,1.1,1.2,-0.1,0.3,0.3,8.0,2.6,1.8,0.6,1.2,0.8,0.2,2.2,1.5,0.5,1.0,0.6,0.4,14.0,1.4,1.8,0.2,0.6,-1.2000000000000002,-1.0000000000000002,0.0,-0.3999999999999999,1.0,0.7,-1.0,-1.1,-0.4,-0.3,0.0,-0.10000000000000003,-6.0,2020-21,20210509|Manchester United|Aston Villa,1,3,4,away
2021-05-09,Arsenal,West Bromwich Albion,0.7414352703198726,1.4,1.2,1.0,0.2,0.4,0.2,1.5,1.5,1.2,0.3,0.4,0.3,7.0,1.6,2.2,1.6,0.6,0.4,0.4,1.3,1.2,1.0,0.2,0.3,0.4,6.0,1.5,0.9,0.3,-0.4,-0.20000000000000018,0.19999999999999996,-1.0000000000000002,0.30000000000000004,-0.6000000000000001,0.19999999999999996,-0.39999999999999997,0.09999999999999998,0.0,0.10000000000000003,-0.2,-0.10000000000000003,1.0,2020-21,20210509|West Bromwich Albion|Arsenal,3,1,4,home
2021-05-10,Fulham,Burnley,0.5326430457781322,0.2,0.6,1.8,-1.2,0.0,0.2,0.8,0.5,1.3,-0.8,0.2,0.2,9.0,0.6,1.8,2.0,-0.2,0.2,0.0,0.9,1.3,1.7,-0.4,0.2,0.3,7.0,0.5,1.2,-0.9,-0.2,-0.39999999999999997,-0.09999999999999998,-1.2000000000000002,-0.8,-0.19999999999999996,-0.3999999999999999,-1.0,-0.4,-0.2,0.0,0.2,-0.09999999999999998,2.0,2020-21,20210510|Burnley|Fulham,0,2,2,away
2021-05-11,Southampton,Crystal Palace,0.5376374598142225,0.8,1.0,2.0,-1.0,0.2,0.2,0.7,1.0,2.1,-1.1,0.2,0.1,3.0,0.8,1.0,1.8,-0.8,0.2,0.2,1.2,0.9,1.4,-0.5,0.3,0.3,3.0,0.9,1.1,-0.4,-0.9,0.0,-0.5,0.0,0.09999999999999998,0.19999999999999996,0.7000000000000002,-0.19999999999999996,-0.6000000000000001,0.0,-0.09999999999999998,0.0,-0.19999999999999998,0.0,2020-21,20210511|Crystal Palace|Southampton,3,1,4,home
2021-05-11,Manchester United,Leicester City,0.7246567707649307,2.6,2.2,0.8,1.4,0.8,0.2,2.4,1.7,0.5,1.2,0.7,0.3,2.0,1.4,2.0,1.8,0.2,0.4,0.2,1.4,1.9,1.6,0.3,0.4,0.2,4.0,2.5,1.7,2.0,0.4,1.2000000000000002,1.0,0.20000000000000018,-0.19999999999999996,-1.0,-1.1,1.2,0.8999999999999999,0.4,0.29999999999999993,0.0,0.09999999999999998,-2.0,2020-21,20210511|Leicester City|Manchester United,1,2,3,away
2021-05-12,Chelsea,Arsenal,0.692638027735965,2.6,1.8,0.4,1.4,0.8,0.2,2.1,1.4,0.7,0.7,0.6,0.3,4.0,2.0,1.8,0.6,1.2,0.6,0.2,1.8,1.8,1.2,0.6,0.5,0.3,3.0,1.6,2.0,0.3,1.2,0.6000000000000001,0.30000000000000004,0.0,-0.40000000000000013,-0.19999999999999996,-0.5,0.19999999999999996,0.09999999999999998,0.20000000000000007,0.09999999999999998,0.0,0.0,1.0,2020-21,20210512|Arsenal|Chelsea,0,1,1,away
2021-05-13,Aston Villa,Everton,0.5343826730807476,0.8,1.4,2.0,-0.6,0.2,0.2,0.9,1.1,1.5,-0.4,0.2,0.3,4.0,1.6,1.0,0.8,0.2,0.4,0.4,1.5,0.9,0.9,0.0,0.4,0.3,4.0,1.1,2.3,-0.3,0.6,-0.8,-0.6,0.3999999999999999,0.20000000000000007,1.2,0.6,-0.8,-0.4,-0.2,-0.2,-0.2,0.0,0.0,2020-21,20210513|Everton|Aston Villa,0,0,0,draw
2021-05-13,Manchester United,Liverpool,0.7055114209260684,2.0,2.0,1.0,1.0,0.6,0.2,2.1,1.5,0.6,0.9,0.6,0.3,2.0,2.2,1.8,0.6,1.2,0.6,0.4,1.7,1.2,0.7,0.5,0.5,0.2,5.0,2.2,2.0,1.5,1.4,-0.20000000000000018,0.40000000000000013,0.19999999999999996,0.30000000000000004,0.4,-0.09999999999999998,-0.19999999999999996,0.4,0.0,0.09999999999999998,-0.2,0.09999999999999998,-3.0,2020-21,20210513|Liverpool|Manchester United,2,4,6,away
2021-05-14,Newcastle United,Manchester City,0.3010065947938841,2.0,2.0,1.6,0.4,0.6,0.2,1.4,1.4,1.5,-0.1,0.3,0.5,7.0,1.8,1.6,1.0,0.6,0.6,0.0,2.1,2.2,1.1,1.1,0.7,0.0,6.0,1.0,3.0,-0.3,2.3,0.19999999999999996,-0.7000000000000002,0.3999999999999999,-0.8000000000000003,0.6000000000000001,0.3999999999999999,-0.19999999999999996,-1.2000000000000002,0.0,-0.39999999999999997,0.2,0.5,1.0,2020-21,20210514|Manchester City|Newcastle United,3,4,7,away
2021-05-15,Southampton,Fulham,0.6389911763616895,0.8,1.0,1.8,-0.8,0.2,0.2,1.0,1.3,1.9,-0.6,0.3,0.1,4.0,0.2,0.4,1.8,-1.4,0.0,0.2,0.5,0.4,1.5,-1.1,0.1,0.2,5.0,1.2,1.2,-0.1,-0.1,0.6000000000000001,0.5,0.6,0.9,0.0,0.3999999999999999,0.5999999999999999,0.5000000000000001,0.2,0.19999999999999998,0.0,-0.1,-1.0,2020-21,20210515|Fulham|Southampton,3,1,4,home
2021-05-15,Burnley,Leeds United,0.5216125346749193,1.2,1.8,1.4,0.4,0.4,0.0,1.1,1.5,1.7,-0.2,0.3,0.2,5.0,1.6,1.2,1.0,0.2,0.4,0.4,1.5,1.0,1.0,0.0,0.4,0.3,7.0,0.8,1.5,-0.4,0.0,-0.40000000000000013,-0.3999999999999999,0.6000000000000001,0.5,0.3999999999999999,0.7,0.2,-0.2,0.0,-0.10000000000000003,-0.4,-0.09999999999999998,-2.0,2020-21,20210515|Leeds United|Burnley,0,4,4,away
2021-05-15,Brighton and Hove Albion,West Ham United,0.4651815656255165,1.0,0.6,0.6,0.0,0.2,0.4,1.1,1.0,0.9,0.1,0.3,0.2,6.0,1.2,1.4,1.6,-0.2,0.4,0.0,1.3,1.6,1.6,0.0,0.4,0.1,6.0,1.3,1.7,0.3,0.3,-0.19999999999999996,-0.19999999999999996,-0.7999999999999999,-0.6000000000000001,-1.0,-0.7000000000000001,0.2,0.1,-0.2,-0.10000000000000003,0.4,0.1,0.0,2020-21,20210515|West Ham United|Brighton and Hove Albion,1,1,2,draw
2021-05-16,Crystal Palace,Aston Villa,0.5259859928872332,0.6,1.0,2.2,-1.2,0.2,0.0,0.9,0.8,1.6,-0.8,0.2,0.3,5.0,1.0,1.2,1.6,-0.4,0.2,0.4,1.0,1.1,1.4,-0.3,0.2,0.4,3.0,1.2,1.1,-0.5,-0.3,-0.4,-0.09999999999999998,-0.19999999999999996,-0.30000000000000004,0.6000000000000001,0.20000000000000018,-0.7999999999999999,-0.5,0.0,0.0,-0.4,-0.10000000000000003,2.0,2020-21,20210516|Aston Villa|Crystal Palace,3,2,5,home
2021-05-16,West Bromwich Albion,Liverpool,0.34747854042935167,1.0,1.4,1.8,-0.4,0.2,0.4,1.2,1.3,1.3,0.0,0.3,0.3,7.0,2.2,2.0,1.0,1.0,0.6,0.4,2.0,1.6,0.7,0.9,0.6,0.2,3.0,1.0,2.0,-1.1,0.9,-1.2000000000000002,-0.8,-0.6000000000000001,-0.30000000000000004,0.8,0.6000000000000001,-1.4,-0.9,-0.39999999999999997,-0.3,0.0,0.09999999999999998,4.0,2020-21,20210516|Liverpool|West Bromwich Albion,1,2,3,away
2021-05-16,Everton,Sheffield United,0.82985679059697,1.6,1.0,0.8,0.2,0.4,0.4,1.3,0.8,0.9,-0.1,0.3,0.4,3.0,0.6,0.2,2.0,-1.8,0.2,0.0,0.6,0.3,2.1,-1.8,0.2,0.0,8.0,0.6,0.3,-0.8,-1.8,1.0,0.7000000000000001,0.8,0.5,-1.2,-1.2000000000000002,2.0,1.7,0.2,0.09999999999999998,0.4,0.4,-5.0,2020-21,20210516|Sheffield United|Everton,0,1,1,away
2021-05-16,Tottenham Hotspur,Wolverhampton Wanderers,0.6747181666443716,1.4,2.0,1.8,0.2,0.4,0.2,1.7,2.0,1.4,0.6,0.5,0.2,8.0,2.0,1.0,1.2,-0.2,0.6,0.2,1.2,0.9,1.5,-0.6,0.3,0.3,7.0,1.9,1.1,1.2,-0.3,-0.6000000000000001,0.5,1.0,1.1,0.6000000000000001,-0.10000000000000009,0.4,1.2,-0.19999999999999996,0.2,0.0,-0.09999999999999998,1.0,2020-21,20210516|Wolverhampton Wanderers|Tottenham Hotspur,2,0,2,home
2021-05-18,Manchester United,Fulham,0.8471130414182235,1.4,1.8,1.6,0.2,0.4,0.2,2.0,1.7,1.0,0.7,0.6,0.2,5.0,0.2,0.4,1.8,-1.4,0.0,0.2,0.4,0.5,1.8,-1.3,0.1,0.1,3.0,1.9,1.1,1.2,-0.3,1.2,1.6,1.4,1.2,-0.19999999999999996,-0.8,1.5999999999999999,2.0,0.4,0.5,0.0,0.1,2.0,2020-21,20210518|Fulham|Manchester United,1,1,2,draw
2021-05-18,Southampton,Leeds United,0.45328787802888415,1.4,1.6,1.4,0.2,0.4,0.2,1.3,1.6,1.9,-0.3,0.4,0.1,3.0,1.6,1.6,0.8,0.8,0.4,0.4,1.8,1.4,0.9,0.5,0.5,0.3,3.0,1.4,1.5,0.1,-0.1,-0.20000000000000018,-0.5,0.0,0.20000000000000018,0.5999999999999999,0.9999999999999999,-0.6000000000000001,-0.8,0.0,-0.09999999999999998,-0.2,-0.19999999999999998,0.0,2020-21,20210518|Leeds United|Southampton,0,2,2,away
2021-05-18,Chelsea,Leicester City,0.6128861198270258,2.0,1.0,0.4,0.6,0.6,0.2,2.0,1.4,0.8,0.6,0.6,0.2,6.0,2.0,2.0,1.4,0.6,0.6,0.2,1.7,2.0,1.4,0.6,0.5,0.2,7.0,1.5,1.9,0.2,0.5,0.0,0.30000000000000004,-1.0,-0.6000000000000001,-0.9999999999999999,-0.5999999999999999,0.0,0.0,0.0,0.09999999999999998,0.0,0.0,-1.0,2020-21,20210518|Leicester City|Chelsea,2,1,3,home
2021-05-18,Brighton and Hove Albion,Manchester City,0.28678783616409786,1.0,0.8,0.8,0.0,0.2,0.4,1.2,1.1,0.9,0.2,0.3,0.3,3.0,1.8,2.0,1.6,0.4,0.6,0.0,2.1,2.4,1.3,1.1,0.7,0.0,4.0,1.4,3.0,0.4,2.2,-0.8,-0.9000000000000001,-1.2,-1.2999999999999998,-0.8,-0.4,-0.4,-0.9000000000000001,-0.39999999999999997,-0.39999999999999997,0.4,0.3,-1.0,2020-21,20210518|Manchester City|Brighton and Hove Albion,3,2,5,home
2021-05-19,Crystal Palace,Arsenal,0.45516914929484115,1.2,1.4,1.8,-0.4,0.4,0.0,1.1,1.1,1.8,-0.7,0.3,0.2,3.0,2.0,1.4,0.6,0.8,0.6,0.2,1.8,1.6,1.1,0.5,0.5,0.3,7.0,1.4,2.0,-0.4,1.2,-0.8,-0.7,0.0,-0.5,1.2000000000000002,0.7,-1.2000000000000002,-1.2,-0.19999999999999996,-0.2,-0.2,-0.09999999999999998,-4.0,2020-21,20210519|Arsenal|Crystal Palace,1,3,4,away
2021-05-19,Tottenham Hotspur,Aston Villa,0.6815077121124976,2.0,2.2,1.2,1.0,0.6,0.2,1.7,2.1,1.4,0.7,0.5,0.2,3.0,1.0,1.4,1.8,-0.4,0.2,0.4,0.9,1.3,1.7,-0.4,0.2,0.3,3.0,1.9,1.1,1.1,-0.3,1.0,0.7999999999999999,0.8000000000000003,0.8,-0.6000000000000001,-0.30000000000000004,1.4,1.1,0.39999999999999997,0.3,-0.2,-0.09999999999999998,0.0,2020-21,20210519|Aston Villa|Tottenham Hotspur,1,2,3,away
2021-05-19,Burnley,Liverpool,0.4064465482934731,1.2,1.6,1.8,-0.2,0.4,0.0,1.1,1.5,1.7,-0.2,0.3,0.2,4.0,2.2,2.0,1.0,1.0,0.6,0.4,2.0,1.6,0.8,0.8,0.6,0.2,3.0,0.8,2.2,-0.7,1.0,-1.0000000000000002,-0.8999999999999999,-0.3999999999999999,-0.10000000000000009,0.8,0.8999999999999999,-1.2,-1.0,-0.19999999999999996,-0.3,-0.4,0.0,1.0,2020-21,20210519|Liverpool|Burnley,0,3,3,away
2021-05-19,Newcastle United,Sheffield United,0.735052565895989,1.4,2.2,2.2,0.0,0.4,0.2,1.3,1.6,1.8,-0.2,0.3,0.4,5.0,1.2,0.4,1.4,-1.0,0.4,0.0,0.9,0.4,1.9,-1.5,0.3,0.0,3.0,0.9,0.6,-0.4,-1.6,0.19999999999999996,0.4,1.8000000000000003,1.2000000000000002,0.8000000000000003,-0.09999999999999987,1.0,1.3,0.0,0.0,0.2,0.4,2.0,2020-21,20210519|Sheffield United|Newcastle United,1,0,1,home
2021-05-19,West Bromwich Albion,West Ham United,0.36906175192499513,0.4,1.0,2.2,-1.2,0.0,0.4,0.9,1.3,1.5,-0.2,0.2,0.3,3.0,0.8,1.0,1.4,-0.4,0.2,0.2,1.4,1.6,1.5,0.1,0.4,0.2,4.0,1.0,1.7,-0.7,0.3,-0.4,-0.4999999999999999,0.0,-0.30000000000000004,0.8000000000000003,0.0,-0.7999999999999999,-0.30000000000000004,-0.2,-0.2,0.2,0.09999999999999998,-1.0,2020-21,20210519|West Ham United|West Bromwich Albion,1,3,4,away
2021-05-19,Everton,Wolverhampton Wanderers,0.6559674359271889,1.4,0.6,0.6,0.0,0.4,0.2,1.0,0.7,1.0,-0.3,0.2,0.4,3.0,1.4,0.8,1.6,-0.8,0.4,0.2,1.1,0.8,1.6,-0.8,0.3,0.2,3.0,0.6,1.1,-0.8,-0.4,0.0,-0.10000000000000009,-0.20000000000000007,-0.10000000000000009,-1.0,-0.6000000000000001,0.8,0.5,0.0,-0.09999999999999998,0.0,0.2,0.0,2020-21,20210519|Wolverhampton Wanderers|Everton,1,0,1,home
2021-05-23,Arsenal,Brighton and Hove Albion,0.7035429316132588,2.4,1.8,0.6,1.2,0.8,0.0,2.0,1.8,1.1,0.7,0.6,0.2,4.0,1.4,1.4,1.2,0.2,0.4,0.2,1.5,1.3,0.9,0.4,0.4,0.3,5.0,1.5,1.1,0.3,-0.2,1.0,0.5,0.40000000000000013,0.5,-0.6,0.20000000000000007,1.0,0.29999999999999993,0.4,0.19999999999999996,-0.2,-0.09999999999999998,-1.0,2020-21,20210523|Brighton and Hove Albion|Arsenal,2,0,2,home
2021-05-23,Sheffield United,Burnley,0.4467135983484512,1.2,0.4,1.4,-1.0,0.4,0.0,0.6,0.3,2.0,-1.7,0.2,0.0,4.0,1.2,1.4,1.8,-0.4,0.4,0.0,1.0,1.4,1.9,-0.5,0.3,0.1,4.0,1.2,1.5,-0.8,0.1,0.0,-0.4,-0.9999999999999999,-1.0999999999999999,-0.40000000000000013,0.10000000000000009,-0.6,-1.2,0.0,-0.09999999999999998,0.0,-0.1,0.0,2020-21,20210523|Burnley|Sheffield United,1,0,1,home
2021-05-23,Aston Villa,Chelsea,0.4415742250795013,1.4,1.4,1.6,-0.2,0.4,0.2,1.1,1.4,1.7,-0.3,0.3,0.2,4.0,2.4,1.4,0.6,0.8,0.8,0.0,2.0,1.5,0.9,0.6,0.6,0.2,5.0,0.9,2.3,-0.5,0.7,-1.0,-0.8999999999999999,0.0,-0.10000000000000009,1.0,0.7999999999999999,-1.0,-0.8999999999999999,-0.4,-0.3,0.2,0.0,-1.0,2020-21,20210523|Chelsea|Aston Villa,2,1,3,home
2021-05-23,Liverpool,Crystal Palace,0.7799767960849705,2.6,2.4,0.8,1.6,0.8,0.2,2.3,1.9,0.7,1.2,0.7,0.2,4.0,1.2,1.4,2.0,-0.6,0.4,0.0,1.0,1.2,2.1,-0.9,0.3,0.1,4.0,0.8,1.1,-0.6,-0.8,1.4000000000000001,1.2999999999999998,1.0,0.7,-1.2,-1.4000000000000001,2.2,2.1,0.4,0.39999999999999997,0.2,0.1,0.0,2020-21,20210523|Crystal Palace|Liverpool,2,0,2,home
2021-05-23,Manchester City,Everton,0.7708330772897801,1.8,2.2,1.8,0.4,0.6,0.0,1.8,2.2,1.5,0.7,0.6,0.0,5.0,1.4,0.6,0.6,0.0,0.4,0.2,1.3,0.8,0.8,0.0,0.3,0.4,4.0,2.1,2.1,1.3,0.5,0.40000000000000013,0.5,1.6,1.4000000000000001,1.2000000000000002,0.7,0.4,0.7,0.19999999999999996,0.3,-0.2,-0.4,1.0,2020-21,20210523|Everton|Manchester City,5,0,5,home
2021-05-23,Wolverhampton Wanderers,Manchester United,0.3707388188167306,0.8,0.6,1.8,-1.2,0.2,0.2,1.1,0.7,1.3,-0.6,0.3,0.2,4.0,1.0,1.4,1.6,-0.2,0.2,0.4,2.0,1.8,1.1,0.7,0.6,0.2,5.0,1.3,1.8,-0.4,0.7,-0.19999999999999996,-0.8999999999999999,-0.7999999999999999,-1.1,0.19999999999999996,0.19999999999999996,-1.0,-1.2999999999999998,0.0,-0.3,-0.2,0.0,-1.0,2020-21,20210523|Manchester United|Wolverhampton Wanderers,1,2,3,away
2021-05-23,Fulham,Newcastle United,0.49432231816838085,0.4,0.6,1.8,-1.2,0.0,0.4,0.5,0.6,1.8,-1.2,0.1,0.2,5.0,1.4,1.8,1.8,0.0,0.4,0.2,1.5,1.7,1.8,-0.1,0.4,0.3,4.0,0.4,1.1,-1.1,-0.7,-0.9999999999999999,-1.0,-1.2000000000000002,-1.1,0.0,0.0,-1.2,-1.0999999999999999,-0.4,-0.30000000000000004,0.2,-0.09999999999999998,1.0,2020-21,20210523|Newcastle United|Fulham,0,2,2,away
2021-05-23,West Ham United,Southampton,0.7552949025889372,1.4,1.2,1.0,0.2,0.4,0.2,1.4,1.7,1.6,0.1,0.4,0.2,4.0,1.4,1.4,1.4,0.0,0.4,0.2,1.0,1.4,2.1,-0.7,0.3,0.1,5.0,1.9,0.3,0.5,-2.3,0.0,0.3999999999999999,-0.19999999999999996,0.30000000000000004,-0.3999999999999999,-0.5,0.2,0.7999999999999999,0.0,0.10000000000000003,0.0,0.1,-1.0,2020-21,20210523|Southampton|West Ham United,3,0,3,home
2021-05-23,Leicester City,Tottenham Hotspur,0.6462032898446273,1.4,1.6,1.8,-0.2,0.4,0.2,1.6,2.0,1.5,0.5,0.5,0.1,5.0,1.8,2.0,1.2,0.8,0.6,0.0,1.4,1.8,1.5,0.3,0.4,0.2,4.0,1.8,1.1,0.7,-0.3,-0.40000000000000013,0.20000000000000018,-0.3999999999999999,0.19999999999999996,0.6000000000000001,0.0,-1.0,0.2,-0.19999999999999996,0.09999999999999998,0.2,-0.1,1.0,2020-21,20210523|Tottenham Hotspur|Leicester City,2,4,6,away
2021-05-23,Leeds United,West Bromwich Albion,0.7981903345896404,2.0,1.8,0.6,1.2,0.6,0.2,2.1,1.6,0.7,0.9,0.6,0.3,5.0,0.4,1.2,2.2,-1.0,0.0,0.4,0.9,1.4,1.7,-0.3,0.2,0.3,4.0,1.5,0.8,0.5,-0.6,1.6,1.2000000000000002,0.6000000000000001,0.20000000000000018,-1.6,-1.0,2.2,1.2,0.6,0.39999999999999997,-0.2,0.0,1.0,2020-21,20210523|West Bromwich Albion|Leeds United,3,1,4,home
2021-08-13,Brentford,Arsenal,0.4924337881073513,,,,,,,,,,,,,,3.0,2.2,0.4,1.8,1.0,0.0,2.0,1.8,1.0,0.8,0.6,0.2,82.0,,2.0,,1.0,,,,,,,,,,,,,,2021-22,20210813|Arsenal|Brentford,2,0,2,home
2021-08-14,Watford,Aston Villa,0.5835034162454424,,,,,,,,,,,,,,1.4,1.4,1.6,-0.2,0.4,0.2,1.4,1.6,1.6,0.0,0.4,0.2,83.0,,1.4,,0.0,,,,,,,,,,,,,,2021-22,20210814|Aston Villa|Watford,3,2,5,home
2021-08-14,Burnley,Brighton and Hove Albion,0.5262891235416922,0.6,0.6,2.0,-1.4,0.2,0.0,0.9,1.3,1.9,-0.6,0.3,0.0,83.0,1.4,1.4,1.4,0.0,0.4,0.2,1.2,1.1,1.0,0.1,0.3,0.3,83.0,0.5,1.1,-1.1,-0.3,-0.7999999999999999,-0.29999999999999993,-0.7999999999999999,0.19999999999999996,0.6000000000000001,0.8999999999999999,-1.4,-0.7,-0.2,0.0,-0.2,-0.3,0.0,2021-22,20210814|Brighton and Hove Albion|Burnley,1,2,3,away
2021-08-14,Chelsea,Crystal Palace,0.7757849825788117,1.8,1.4,1.0,0.4,0.6,0.0,1.7,1.4,1.1,0.3,0.5,0.2,83.0,1.2,1.4,2.0,-0.6,0.4,0.0,1.0,1.1,1.9,-0.8,0.3,0.1,83.0,1.8,1.0,0.5,-1.0,0.6000000000000001,0.7,0.0,0.2999999999999998,-1.0,-0.7999999999999998,1.0,1.1,0.19999999999999996,0.2,0.0,0.1,0.0,2021-22,20210814|Crystal Palace|Chelsea,3,0,3,home
2021-08-14,Manchester United,Leeds United,0.6742005623443301,1.4,1.8,1.8,0.0,0.4,0.2,2.0,1.8,1.2,0.6,0.6,0.2,83.0,2.4,2.4,0.8,1.6,0.8,0.0,2.3,1.9,0.8,1.1,0.7,0.2,83.0,1.7,1.8,1.1,0.4,-1.0,-0.2999999999999998,-0.5999999999999999,-0.09999999999999987,1.0,0.3999999999999999,-1.6,-0.5000000000000001,-0.4,-0.09999999999999998,0.2,0.0,0.0,2021-22,20210814|Leeds United|Manchester United,5,1,6,home
2021-08-14,Norwich City,Liverpool,0.4505111521668384,,,,,,,,,,,,,,3.0,2.6,0.6,2.0,1.0,0.0,2.6,2.1,0.6,1.5,0.8,0.2,83.0,,2.5,,1.4,,,,,,,,,,,,,,2021-22,20210814|Liverpool|Norwich City,0,3,3,away
2021-08-14,Everton,Southampton,0.7091168980792197,1.4,0.4,1.2,-0.8,0.4,0.2,1.3,0.7,1.1,-0.4,0.3,0.4,83.0,1.2,1.2,1.8,-0.6,0.4,0.0,1.0,1.2,1.9,-0.7,0.3,0.1,83.0,0.8,0.3,-0.7,-2.4,0.19999999999999996,0.30000000000000004,-0.7999999999999999,-0.5,-0.6000000000000001,-0.7999999999999998,-0.20000000000000007,0.29999999999999993,0.0,0.0,0.2,0.30000000000000004,0.0,2021-22,20210814|Southampton|Everton,3,1,4,home
2021-08-14,Leicester City,Wolverhampton Wanderers,0.7238657263537334,0.8,1.6,2.4,-0.8,0.2,0.2,1.3,2.0,1.8,0.2,0.4,0.1,83.0,0.8,0.8,1.4,-0.6,0.2,0.2,1.0,0.8,1.5,-0.7,0.3,0.1,83.0,1.5,1.0,0.3,-0.5,0.0,0.30000000000000004,0.8,1.2,1.0,0.30000000000000004,-0.20000000000000007,0.8999999999999999,0.0,0.10000000000000003,0.0,0.0,0.0,2021-22,20210814|Wolverhampton Wanderers|Leicester City,1,0,1,home
2021-08-15,Tottenham Hotspur,Manchester City,0.4091106303515575,1.8,2.4,1.4,1.0,0.6,0.0,1.7,2.1,1.5,0.6,0.5,0.2,84.0,1.8,2.8,1.6,1.2,0.6,0.0,2.1,2.7,1.3,1.4,0.7,0.0,84.0,1.8,2.7,1.0,1.6,0.0,-0.40000000000000013,-0.3999999999999999,-0.6000000000000001,-0.20000000000000018,0.19999999999999996,-0.19999999999999996,-0.7999999999999999,0.0,-0.19999999999999996,0.0,0.2,0.0,2021-22,20210815|Manchester City|Tottenham Hotspur,1,0,1,home
2021-08-15,Newcastle United,West Ham United,0.4655480912376843,1.8,2.0,1.6,0.4,0.6,0.0,1.7,1.8,1.7,0.1,0.5,0.2,84.0,2.0,1.8,0.8,1.0,0.6,0.2,1.7,2.0,1.5,0.5,0.5,0.2,84.0,1.2,1.7,-0.2,0.4,-0.19999999999999996,0.0,0.19999999999999996,-0.19999999999999996,0.8,0.19999999999999996,-0.6,-0.4,0.0,0.0,-0.2,0.0,0.0,2021-22,20210815|West Ham United|Newcastle United,2,4,6,away
2021-08-21,Crystal Palace,Brentford,0.4628483545699251,0.6,1.0,2.6,-1.6,0.2,0.0,0.7,1.0,2.2,-1.2,0.2,0.1,7.0,3.0,2.0,0.0,2.0,1.0,0.0,3.0,2.0,0.0,2.0,1.0,0.0,8.0,1.1,,-0.8,,-2.4,-2.3,-1.0,-1.0,2.6,2.2,-3.6,-3.2,-0.8,-0.8,0.0,0.1,-1.0,2021-22,20210821|Brentford|Crystal Palace,0,0,0,draw
2021-08-21,Liverpool,Burnley,0.8276604944582977,3.0,2.8,0.6,2.2,1.0,0.0,2.6,2.3,0.6,1.7,0.8,0.2,7.0,0.6,0.6,2.0,-1.4,0.2,0.0,0.6,1.2,2.0,-0.8,0.2,0.0,7.0,1.0,1.5,-0.4,0.1,2.4,2.0,2.1999999999999997,1.0999999999999999,-1.4,-1.4,3.6,2.5,0.8,0.6000000000000001,0.0,0.2,0.0,2021-22,20210821|Burnley|Liverpool,2,0,2,home
2021-08-21,Leeds United,Everton,0.6313973892351553,2.4,2.6,1.4,1.2,0.8,0.0,2.0,1.8,1.2,0.6,0.6,0.2,7.0,1.4,0.8,1.4,-0.6,0.4,0.2,1.5,0.9,1.1,-0.2,0.4,0.3,7.0,1.8,1.8,0.8,-0.1,1.0,0.5,1.8,0.9,0.0,0.09999999999999987,1.7999999999999998,0.8,0.4,0.19999999999999996,-0.2,-0.09999999999999998,0.0,2021-22,20210821|Everton|Leeds United,2,2,4,draw
2021-08-21,Aston Villa,Newcastle United,0.6392671727221927,1.4,1.6,1.6,0.0,0.4,0.2,1.1,1.5,1.8,-0.3,0.3,0.2,7.0,1.8,2.4,2.0,0.4,0.6,0.0,1.7,2.0,1.8,0.2,0.5,0.2,6.0,1.2,1.4,-0.2,-0.2,-0.40000000000000013,-0.5999999999999999,-0.7999999999999998,-0.5,-0.3999999999999999,0.0,-0.4,-0.5,-0.19999999999999996,-0.2,0.2,0.0,1.0,2021-22,20210821|Newcastle United|Aston Villa,2,0,2,home
2021-08-21,Manchester City,Norwich City,0.7934958695712949,1.2,2.4,1.8,0.6,0.4,0.0,1.8,2.2,1.2,1.0,0.6,0.0,6.0,0.0,0.0,3.0,-3.0,0.0,0.0,0.0,0.0,3.0,-3.0,0.0,0.0,7.0,2.1,,1.4,,1.2,1.8,2.4,2.2,-1.2,-1.8,3.6,4.0,0.4,0.6,0.0,0.0,-1.0,2021-22,20210821|Norwich City|Manchester City,5,0,5,home
2021-08-21,Brighton and Hove Albion,Watford,0.5508154549588437,1.4,1.4,1.6,-0.2,0.4,0.2,1.2,1.0,1.1,-0.1,0.3,0.3,7.0,3.0,3.0,2.0,1.0,1.0,0.0,3.0,3.0,2.0,1.0,1.0,0.0,7.0,1.6,,0.5,,-1.6,-1.8,-1.6,-2.0,-0.3999999999999999,-0.8999999999999999,-1.2,-1.1,-0.6,-0.7,0.2,0.3,0.0,2021-22,20210821|Watford|Brighton and Hove Albion,2,0,2,home
2021-08-22,Arsenal,Chelsea,0.5439854773146962,2.4,1.8,0.8,1.0,0.8,0.0,1.9,1.5,0.9,0.6,0.6,0.1,9.0,1.8,1.6,1.0,0.6,0.6,0.0,1.9,1.7,1.1,0.6,0.6,0.1,8.0,1.7,2.0,0.5,0.5,0.5999999999999999,0.0,0.19999999999999996,-0.19999999999999996,-0.19999999999999996,-0.20000000000000007,0.4,0.0,0.20000000000000007,0.0,0.0,0.0,1.0,2021-22,20210822|Chelsea|Arsenal,0,2,2,away
2021-08-22,Southampton,Manchester United,0.290537199696521,1.2,1.4,2.0,-0.6,0.4,0.0,1.0,1.2,2.0,-0.8,0.3,0.1,8.0,1.4,2.2,1.8,0.4,0.4,0.2,2.0,2.2,1.3,0.9,0.6,0.2,8.0,1.1,2.0,-0.2,0.8,-0.19999999999999996,-1.0,-0.8000000000000003,-1.0000000000000002,0.19999999999999996,0.7,-1.0,-1.7000000000000002,0.0,-0.3,-0.2,-0.1,0.0,2021-22,20210822|Manchester United|Southampton,1,1,2,draw
2021-08-22,Wolverhampton Wanderers,Tottenham Hotspur,0.4151489312763114,0.6,0.6,1.4,-0.8,0.2,0.0,1.0,0.8,1.5,-0.7,0.3,0.1,8.0,1.8,1.8,1.4,0.4,0.6,0.0,1.7,2.0,1.5,0.5,0.5,0.2,7.0,1.3,1.1,-0.4,-0.3,-1.2000000000000002,-0.7,-1.2000000000000002,-1.2,0.0,0.0,-1.2000000000000002,-1.2,-0.39999999999999997,-0.2,0.0,-0.1,1.0,2021-22,20210822|Tottenham Hotspur|Wolverhampton Wanderers,0,1,1,away
2021-08-23,West Ham United,Leicester City,0.6304016145597126,2.0,2.2,1.0,1.2,0.6,0.2,1.9,2.1,1.4,0.7,0.6,0.1,8.0,1.2,1.6,2.2,-0.6,0.4,0.0,1.3,1.6,1.8,-0.2,0.4,0.1,9.0,1.9,1.6,0.7,0.3,0.8,0.5999999999999999,0.6000000000000001,0.5,-1.2000000000000002,-0.40000000000000013,1.7999999999999998,0.8999999999999999,0.19999999999999996,0.19999999999999996,0.2,0.0,-1.0,2021-22,20210823|Leicester City|West Ham United,4,1,5,home
2021-08-28,Manchester City,Arsenal,0.7470300774368657,1.8,3.2,1.4,1.8,0.6,0.0,1.8,2.4,1.2,1.2,0.6,0.0,7.0,1.8,1.2,1.0,0.2,0.6,0.0,1.9,1.5,0.8,0.7,0.6,0.1,6.0,2.1,1.7,1.7,0.6,0.0,-0.09999999999999987,2.0,0.8999999999999999,0.3999999999999999,0.3999999999999999,1.6,0.5,0.0,0.0,0.0,-0.1,1.0,2021-22,20210828|Arsenal|Manchester City,5,0,5,home
2021-08-28,Aston Villa,Brentford,0.5809563084470605,1.8,2.0,1.6,0.4,0.6,0.0,1.4,1.6,1.6,0.0,0.4,0.2,7.0,2.0,1.0,0.0,1.0,0.5,0.5,2.0,1.0,0.0,1.0,0.5,0.5,7.0,1.2,1.0,-0.1,0.0,-0.19999999999999996,-0.6000000000000001,1.0,0.6000000000000001,1.6,1.6,-0.6,-1.0,0.09999999999999998,-0.09999999999999998,-0.5,-0.3,0.0,2021-22,20210828|Brentford|Aston Villa,1,1,2,draw
2021-08-28,Liverpool,Chelsea,0.6112734254709985,3.0,2.4,0.2,2.2,1.0,0.0,2.6,2.2,0.6,1.6,0.8,0.2,7.0,1.8,1.6,0.8,0.8,0.6,0.0,2.2,1.7,0.6,1.1,0.7,0.1,6.0,1.3,2.3,-0.1,0.9,1.2,0.3999999999999999,0.7999999999999998,0.5000000000000002,-0.6000000000000001,0.0,1.4000000000000001,0.5,0.4,0.10000000000000009,0.0,0.1,1.0,2021-22,20210828|Chelsea|Liverpool,1,1,2,draw
2021-08-28,West Ham United,Crystal Palace,0.7893184540062086,2.6,3.0,1.0,2.0,0.8,0.2,1.9,2.2,1.3,0.9,0.6,0.1,5.0,0.8,0.8,2.0,-1.2,0.2,0.2,0.7,0.9,2.1,-1.2,0.2,0.1,7.0,1.9,1.0,0.9,-0.9,1.8,1.2,2.2,1.3000000000000003,-1.0,-0.8,3.2,2.1,0.6000000000000001,0.39999999999999997,0.0,0.0,-2.0,2021-22,20210828|Crystal Palace|West Ham United,2,2,4,draw
2021-08-28,Brighton and Hove Albion,Everton,0.5594182585553865,2.0,1.6,1.2,0.4,0.6,0.2,1.5,1.1,0.9,0.2,0.4,0.3,7.0,1.4,1.2,1.8,-0.6,0.4,0.2,1.5,1.1,1.3,-0.2,0.4,0.3,7.0,1.8,1.6,0.7,-0.2,0.6000000000000001,0.0,0.40000000000000013,0.0,-0.6000000000000001,-0.4,1.0,0.4,0.19999999999999996,0.0,0.0,0.0,0.0,2021-22,20210828|Everton|Brighton and Hove Albion,0,2,2,away
2021-08-28,Norwich City,Leicester City,0.5067116339743345,0.0,0.0,4.0,-4.0,0.0,0.0,0.0,0.0,4.0,-4.0,0.0,0.0,7.0,1.2,1.4,2.2,-0.8,0.4,0.0,1.3,1.7,2.0,-0.3,0.4,0.1,5.0,0.0,1.5,-3.0,0.0,-1.2,-1.3,-1.4,-1.7,1.7999999999999998,2.0,-3.2,-3.7,-0.4,-0.4,0.0,-0.1,2.0,2021-22,20210828|Leicester City|Norwich City,1,2,3,away
2021-08-28,Newcastle United,Southampton,0.6424824808206767,1.2,1.6,2.0,-0.4,0.4,0.0,1.6,1.8,1.8,0.0,0.5,0.1,7.0,0.8,1.0,2.0,-1.0,0.2,0.2,0.8,1.0,1.9,-0.9,0.2,0.2,6.0,1.2,0.3,-0.3,-1.7,0.3999999999999999,0.8,0.6000000000000001,0.8,0.0,-0.09999999999999987,0.6,0.9,0.2,0.3,-0.2,-0.1,1.0,2021-22,20210828|Southampton|Newcastle United,2,2,4,draw
2021-08-29,Burnley,Leeds United,0.39479538962646304,0.0,0.2,2.4,-2.2,0.0,0.0,0.6,1.0,1.9,-0.9,0.2,0.0,8.0,2.0,2.4,1.6,0.8,0.6,0.2,1.8,1.8,1.3,0.5,0.5,0.3,8.0,0.5,1.5,-1.0,-0.1,-2.0,-1.2000000000000002,-2.1999999999999997,-0.8,0.7999999999999998,0.5999999999999999,-3.0,-1.4,-0.6,-0.3,-0.2,-0.3,0.0,2021-22,20210829|Leeds United|Burnley,1,1,2,draw
2021-08-29,Wolverhampton Wanderers,Manchester United,0.3125074456814726,0.0,0.2,1.4,-1.2,0.0,0.0,1.0,0.6,1.3,-0.7,0.3,0.1,7.0,1.6,2.2,1.6,0.6,0.4,0.4,1.8,2.1,1.3,0.8,0.5,0.3,7.0,1.3,1.8,-0.4,0.7,-1.6,-0.8,-2.0,-1.5,-0.20000000000000018,0.0,-1.7999999999999998,-1.5,-0.4,-0.2,-0.4,-0.19999999999999998,0.0,2021-22,20210829|Manchester United|Wolverhampton Wanderers,0,1,1,away
2021-08-29,Tottenham Hotspur,Watford,0.6855229810370029,2.4,1.8,0.8,1.0,0.8,0.0,1.9,1.9,1.3,0.6,0.6,0.1,7.0,1.5,1.5,2.0,-0.5,0.5,0.0,1.5,1.5,2.0,-0.5,0.5,0.0,8.0,2.1,0.0,1.3,-2.0,0.8999999999999999,0.3999999999999999,0.30000000000000004,0.3999999999999999,-1.2,-0.7,1.5,1.1,0.30000000000000004,0.09999999999999998,0.0,0.1,-1.0,2021-22,20210829|Watford|Tottenham Hotspur,1,0,1,home
2021-09-11,Chelsea,Aston Villa,0.7260804038131762,2.0,1.8,0.8,1.0,0.6,0.2,2.0,1.4,0.6,0.8,0.6,0.2,14.0,2.0,1.8,1.2,0.6,0.6,0.2,1.5,1.6,1.5,0.1,0.4,0.3,14.0,2.0,1.4,0.8,0.0,0.0,0.5,0.0,-0.20000000000000018,-0.3999999999999999,-0.9,0.4,0.7000000000000001,0.0,0.19999999999999996,0.0,-0.09999999999999998,0.0,2021-22,20210911|Aston Villa|Chelsea,3,0,3,home
2021-09-11,Brentford,Brighton and Hove Albion,0.643781864232923,1.6666666666666667,1.0,0.3333333333333333,0.6666666666666666,0.3333333333333333,0.6666666666666666,1.6666666666666667,1.0,0.3333333333333333,0.6666666666666666,0.3333333333333333,0.6666666666666666,14.0,1.8,1.4,1.4,0.0,0.6,0.0,1.4,1.1,1.1,0.0,0.4,0.2,14.0,3.0,1.1,2.0,-0.3,-0.1333333333333333,0.26666666666666683,-0.3999999999999999,-0.10000000000000009,-1.0666666666666667,-0.7666666666666668,0.6666666666666666,0.6666666666666666,-0.26666666666666666,-0.06666666666666671,0.6666666666666666,0.4666666666666666,0.0,2021-22,20210911|Brighton and Hove Albion|Brentford,0,1,1,away
2021-09-11,Leicester City,Manchester City,0.4208527583330277,1.2,1.4,2.2,-0.8,0.4,0.0,1.6,1.7,1.8,-0.1,0.5,0.1,14.0,1.8,3.4,0.8,2.6,0.6,0.0,1.8,2.7,1.2,1.5,0.6,0.0,14.0,1.5,2.4,0.2,1.3,-0.6000000000000001,-0.19999999999999996,-2.0,-1.0000000000000002,1.4000000000000001,0.6000000000000001,-3.4000000000000004,-1.6,-0.19999999999999996,-0.09999999999999998,0.0,0.1,0.0,2021-22,20210911|Manchester City|Leicester City,0,1,1,away
2021-09-11,Manchester United,Newcastle United,0.8083454392511036,2.2,2.0,0.8,1.2,0.6,0.4,1.8,1.9,1.2,0.7,0.5,0.3,13.0,1.4,1.4,1.6,-0.2,0.4,0.2,1.4,1.8,1.9,-0.1,0.4,0.2,14.0,2.0,1.4,1.6,-0.2,0.8000000000000003,0.40000000000000013,0.6000000000000001,0.09999999999999987,-0.8,-0.7,1.4,0.7999999999999999,0.19999999999999996,0.09999999999999998,0.2,0.09999999999999998,-1.0,2021-22,20210911|Newcastle United|Manchester United,4,1,5,home
2021-09-11,Arsenal,Norwich City,0.679449853585506,1.2,1.0,2.0,-1.0,0.4,0.0,1.6,1.2,1.3,-0.1,0.5,0.1,14.0,0.0,0.3333333333333333,3.3333333333333335,-3.0,0.0,0.0,0.0,0.3333333333333333,3.3333333333333335,-3.0,0.0,0.0,14.0,1.4,0.0,0.0,-5.0,1.2,1.6,0.6666666666666667,0.8666666666666667,-1.3333333333333335,-2.033333333333333,2.0,2.9,0.4,0.5,0.0,0.1,0.0,2021-22,20210911|Norwich City|Arsenal,1,0,1,home
2021-09-11,Crystal Palace,Tottenham Hotspur,0.38744105118132366,0.4,0.6,2.0,-1.4,0.0,0.4,0.8,1.0,1.9,-0.9,0.2,0.2,14.0,2.4,1.6,0.8,0.8,0.8,0.0,2.2,1.9,1.0,0.9,0.7,0.1,13.0,1.2,1.4,-0.7,-0.1,-2.0,-1.4000000000000001,-1.0,-0.8999999999999999,1.2,0.8999999999999999,-2.2,-1.8,-0.8,-0.49999999999999994,0.4,0.1,1.0,2021-22,20210911|Tottenham Hotspur|Crystal Palace,3,0,3,home
2021-09-11,Southampton,West Ham United,0.35867805533404895,0.4,0.8,2.2,-1.4,0.0,0.4,0.9,1.2,1.8,-0.6,0.2,0.3,14.0,2.6,3.2,1.2,2.0,0.8,0.2,1.7,2.1,1.3,0.8,0.5,0.2,14.0,1.2,1.7,0.0,0.5,-2.2,-0.7999999999999999,-2.4000000000000004,-0.9000000000000001,1.0000000000000002,0.5,-3.4,-1.4,-0.8,-0.3,0.2,0.09999999999999998,0.0,2021-22,20210911|West Ham United|Southampton,0,0,0,draw
2021-09-11,Watford,Wolverhampton Wanderers,0.6929887626516137,1.0,1.0,1.6666666666666667,-0.6666666666666666,0.3333333333333333,0.0,1.0,1.0,1.6666666666666667,-0.6666666666666666,0.3333333333333333,0.0,13.0,0.0,0.2,1.2,-1.0,0.0,0.0,0.7,0.5,1.4,-0.9,0.2,0.1,13.0,3.0,0.9,1.0,-0.6,1.0,0.30000000000000004,0.8,0.5,0.4666666666666668,0.26666666666666683,0.33333333333333337,0.2333333333333334,0.3333333333333333,0.1333333333333333,0.0,-0.1,0.0,2021-22,20210911|Wolverhampton Wanderers|Watford,0,2,2,away
2021-09-12,Leeds United,Liverpool,0.48060055243849603,1.6,1.8,1.8,0.0,0.4,0.4,1.6,1.7,1.3,0.4,0.4,0.4,14.0,2.6,2.2,0.2,2.0,0.8,0.2,2.4,2.1,0.6,1.5,0.7,0.3,15.0,1.9,2.5,0.9,1.5,-1.0,-0.7999999999999998,-0.40000000000000013,-0.40000000000000013,1.6,0.7000000000000001,-2.0,-1.1,-0.4,-0.29999999999999993,0.2,0.10000000000000003,-1.0,2021-22,20210912|Liverpool|Leeds United,0,3,3,away
2021-09-13,Everton,Burnley,0.7556727730943844,2.0,1.6,1.6,0.0,0.6,0.2,1.7,1.1,1.1,0.0,0.5,0.2,16.0,0.2,0.4,1.8,-1.4,0.0,0.2,0.7,1.0,1.8,-0.8,0.2,0.1,15.0,1.1,1.2,-0.3,-0.2,1.8,1.0,1.2000000000000002,0.10000000000000009,-0.19999999999999996,-0.7,1.4,0.8,0.6,0.3,0.0,0.1,1.0,2021-22,20210913|Burnley|Everton,3,1,4,home
2021-09-17,Newcastle United,Leeds United,0.4754567826940667,0.8,1.4,2.4,-1.0,0.2,0.2,1.1,1.6,2.1,-0.5,0.3,0.2,6.0,1.0,1.4,2.4,-1.0,0.2,0.4,1.5,1.6,1.5,0.1,0.4,0.3,5.0,1.3,1.3,-0.2,-0.3,-0.19999999999999996,-0.3999999999999999,0.0,0.0,0.0,0.6000000000000001,0.0,-0.6,0.0,-0.10000000000000003,-0.2,-0.09999999999999998,1.0,2021-22,20210917|Leeds United|Newcastle United,1,1,2,draw
2021-09-18,Burnley,Arsenal,0.3921713317909638,0.2,0.6,1.8,-1.2,0.0,0.2,0.7,1.0,1.8,-0.8,0.2,0.1,5.0,1.2,0.6,1.8,-1.2,0.4,0.0,1.8,1.2,1.2,0.0,0.6,0.0,7.0,0.5,1.7,-1.0,0.2,-1.0,-1.1,0.0,-0.19999999999999996,0.0,0.6000000000000001,0.0,-0.8,-0.4,-0.39999999999999997,0.2,0.1,-2.0,2021-22,20210918|Arsenal|Burnley,0,1,1,away
2021-09-18,Wolverhampton Wanderers,Brentford,0.4995934577467918,0.6,0.6,1.0,-0.4,0.2,0.0,0.7,0.6,1.4,-0.8,0.2,0.1,7.0,1.25,0.75,0.5,0.25,0.25,0.5,1.25,0.75,0.5,0.25,0.25,0.5,7.0,1.0,1.0,-0.6,0.0,-0.65,-0.55,-0.15000000000000002,-0.15000000000000002,0.5,0.8999999999999999,-0.65,-1.05,-0.04999999999999999,-0.04999999999999999,-0.5,-0.4,0.0,2021-22,20210918|Brentford|Wolverhampton Wanderers,0,2,2,away
2021-09-18,Liverpool,Crystal Palace,0.804072549703583,2.6,2.2,0.2,2.0,0.8,0.2,2.6,2.3,0.5,1.8,0.8,0.2,6.0,1.0,1.0,1.4,-0.4,0.2,0.4,1.1,1.2,1.7,-0.5,0.3,0.2,7.0,1.4,0.8,0.0,-1.0,1.6,1.5,1.2000000000000002,1.0999999999999999,-1.2,-1.2,2.4,2.3,0.6000000000000001,0.5,-0.2,0.0,-1.0,2021-22,20210918|Crystal Palace|Liverpool,3,0,3,home
2021-09-18,Aston Villa,Everton,0.5253820317374862,1.4,1.4,1.6,-0.2,0.4,0.2,1.4,1.4,1.6,-0.2,0.4,0.2,7.0,2.0,2.0,1.8,0.2,0.6,0.2,1.7,1.3,1.2,0.1,0.5,0.2,5.0,1.3,1.8,0.0,0.0,-0.6000000000000001,-0.30000000000000004,-0.6000000000000001,0.09999999999999987,-0.19999999999999996,0.40000000000000013,-0.4,-0.30000000000000004,-0.19999999999999996,-0.09999999999999998,0.0,0.0,2.0,2021-22,20210918|Everton|Aston Villa,3,0,3,home
2021-09-18,Manchester City,Southampton,0.8685506005071296,2.4,3.2,0.2,3.0,0.8,0.0,2.1,2.7,1.0,1.7,0.7,0.0,7.0,0.6,0.8,1.8,-1.0,0.0,0.6,1.0,1.1,1.6,-0.5,0.2,0.4,7.0,2.1,0.4,2.1,-1.6,1.7999999999999998,1.1,2.4000000000000004,1.6,-1.6,-0.6000000000000001,4.0,2.2,0.8,0.49999999999999994,-0.6,-0.4,0.0,2021-22,20210918|Southampton|Manchester City,0,0,0,draw
2021-09-18,Norwich City,Watford,0.5734039672737555,0.0,0.25,2.75,-2.5,0.0,0.0,0.0,0.25,2.75,-2.5,0.0,0.0,7.0,0.75,0.75,1.75,-1.0,0.25,0.0,0.75,0.75,1.75,-1.0,0.25,0.0,7.0,0.0,0.0,-2.0,-1.5,-0.75,-0.75,-0.5,-0.5,1.0,1.0,-1.5,-1.5,-0.25,-0.25,0.0,0.0,0.0,2021-22,20210918|Watford|Norwich City,1,3,4,away
2021-09-19,Tottenham Hotspur,Chelsea,0.5062605882800134,2.4,1.4,1.0,0.4,0.8,0.0,2.1,1.7,1.1,0.6,0.7,0.0,8.0,2.0,2.0,0.6,1.4,0.6,0.2,2.2,1.7,0.6,1.1,0.7,0.1,8.0,2.4,2.1,1.5,0.8,0.3999999999999999,-0.10000000000000009,-0.6000000000000001,0.0,0.4,0.5000000000000001,-0.9999999999999999,-0.5000000000000001,0.20000000000000007,0.0,-0.2,-0.1,0.0,2021-22,20210919|Chelsea|Tottenham Hotspur,0,3,3,away
2021-09-19,Brighton and Hove Albion,Leicester City,0.5296724859975273,1.8,1.0,1.0,0.0,0.6,0.0,1.6,1.2,1.1,0.1,0.5,0.1,8.0,1.2,1.2,2.0,-0.8,0.4,0.0,1.3,1.4,1.9,-0.5,0.4,0.1,8.0,1.5,1.5,0.4,-0.1,0.6000000000000001,0.30000000000000004,-0.19999999999999996,-0.19999999999999996,-1.0,-0.7999999999999998,0.8,0.6,0.19999999999999996,0.09999999999999998,0.0,0.0,0.0,2021-22,20210919|Leicester City|Brighton and Hove Albion,2,1,3,home
2021-09-19,West Ham United,Manchester United,0.5090418803993657,2.2,2.6,1.0,1.6,0.6,0.4,1.8,1.9,1.0,0.9,0.5,0.3,8.0,2.6,2.6,0.8,1.8,0.8,0.2,1.8,2.0,1.2,0.8,0.5,0.3,8.0,2.0,2.0,1.1,0.8,-0.3999999999999999,0.0,0.0,-0.10000000000000009,0.19999999999999996,-0.19999999999999996,-0.19999999999999996,0.09999999999999998,-0.20000000000000007,0.0,0.2,0.0,0.0,2021-22,20210919|Manchester United|West Ham United,1,2,3,away
2021-09-25,Manchester United,Aston Villa,0.766069829139281,2.6,2.6,0.8,1.8,0.8,0.2,2.0,2.2,1.3,0.9,0.6,0.2,6.0,1.4,1.6,1.4,0.2,0.4,0.2,1.4,1.5,1.5,0.0,0.4,0.2,7.0,2.0,1.1,1.0,-0.4,1.2000000000000002,0.6000000000000001,1.0,0.7000000000000002,-0.5999999999999999,-0.19999999999999996,1.6,0.9,0.4,0.19999999999999996,0.0,0.0,-1.0,2021-22,20210925|Aston Villa|Manchester United,0,1,1,away
2021-09-25,Leicester City,Burnley,0.7661644986036384,1.2,1.0,1.6,-0.6,0.4,0.0,1.0,1.3,2.0,-0.7,0.3,0.1,6.0,0.2,0.6,1.8,-1.2,0.0,0.2,0.4,0.6,1.9,-1.3,0.1,0.1,7.0,1.5,1.2,0.3,-0.2,1.0,0.6,0.4,0.7000000000000001,-0.19999999999999996,0.10000000000000009,0.6,0.6000000000000001,0.4,0.19999999999999998,-0.2,0.0,-1.0,2021-22,20210925|Burnley|Leicester City,2,2,4,draw
2021-09-25,Brentford,Liverpool,0.41446412309367675,1.6,1.0,0.4,0.6,0.4,0.4,1.6,1.0,0.4,0.6,0.4,0.4,7.0,2.6,2.4,0.2,2.2,0.8,0.2,2.8,2.5,0.4,2.1,0.9,0.1,7.0,1.5,2.5,0.5,1.6,-1.0,-1.1999999999999997,-1.4,-1.5,0.2,0.0,-1.6,-1.5,-0.4,-0.5,0.2,0.30000000000000004,0.0,2021-22,20210925|Liverpool|Brentford,3,3,6,draw
2021-09-25,Chelsea,Manchester City,0.5353162455631487,2.6,2.4,0.2,2.2,0.8,0.2,2.2,1.9,0.6,1.3,0.7,0.1,6.0,2.0,2.2,0.2,2.0,0.6,0.2,1.9,2.5,0.9,1.6,0.6,0.1,7.0,2.0,2.4,0.9,1.1,0.6000000000000001,0.30000000000000027,0.19999999999999973,-0.6000000000000001,0.0,-0.30000000000000004,0.20000000000000018,-0.30000000000000004,0.20000000000000007,0.09999999999999998,0.0,0.0,-1.0,2021-22,20210925|Manchester City|Chelsea,0,1,1,away
2021-09-25,Watford,Newcastle United,0.6529617693761596,1.2,1.2,1.6,-0.4,0.4,0.0,1.2,1.2,1.6,-0.4,0.4,0.0,7.0,0.4,1.2,2.6,-1.4,0.0,0.4,1.1,1.6,2.1,-0.5,0.3,0.2,8.0,1.5,1.1,-0.5,-0.7,0.7999999999999999,0.09999999999999987,0.0,-0.40000000000000013,-1.0,-0.5,0.9999999999999999,0.09999999999999998,0.4,0.10000000000000003,-0.4,-0.2,-1.0,2021-22,20210925|Newcastle United|Watford,1,1,2,draw
2021-09-25,Everton,Norwich City,0.7080180201277152,2.0,2.0,1.4,0.6,0.6,0.2,1.7,1.2,1.3,-0.1,0.5,0.2,7.0,0.0,0.4,2.8,-2.4,0.0,0.0,0.0,0.4,2.8,-2.4,0.0,0.0,7.0,1.4,0.0,0.1,-3.0,2.0,1.7,1.6,0.7999999999999999,-1.4,-1.4999999999999998,3.0,2.3,0.6,0.5,0.2,0.2,0.0,2021-22,20210925|Norwich City|Everton,2,0,2,home
2021-09-25,Leeds United,West Ham United,0.5306666181408041,0.6,1.0,2.4,-1.4,0.0,0.6,1.5,1.7,1.6,0.1,0.4,0.3,8.0,1.6,2.2,1.4,0.8,0.4,0.4,1.8,2.0,1.1,0.9,0.5,0.3,6.0,1.6,1.5,0.4,0.3,-1.0,-0.30000000000000004,-1.2000000000000002,-0.30000000000000004,1.0,0.5,-2.2,-0.8,-0.4,-0.09999999999999998,0.19999999999999996,0.0,2.0,2021-22,20210925|West Ham United|Leeds United,1,2,3,away
2021-09-26,Arsenal,Tottenham Hotspur,0.6039107246401623,1.2,0.4,1.8,-1.4,0.4,0.0,2.1,1.3,1.1,0.2,0.7,0.0,8.0,1.8,0.6,1.2,-0.6,0.6,0.0,1.8,1.5,1.3,0.2,0.6,0.0,7.0,1.6,1.4,0.1,-0.1,-0.6000000000000001,0.30000000000000004,-0.19999999999999996,-0.19999999999999996,0.6000000000000001,-0.19999999999999996,-0.7999999999999999,0.0,-0.19999999999999996,0.09999999999999998,0.0,0.0,1.0,2021-22,20210926|Tottenham Hotspur|Arsenal,3,1,4,home
2021-09-26,Southampton,Wolverhampton Wanderers,0.6066002331606183,0.8,0.8,1.2,-0.4,0.0,0.8,1.0,1.0,1.5,-0.5,0.2,0.4,8.0,0.6,0.4,1.0,-0.6,0.2,0.0,0.7,0.6,1.2,-0.6,0.2,0.1,8.0,1.3,1.2,0.1,-0.3,0.20000000000000007,0.30000000000000004,0.4,0.4,0.19999999999999996,0.30000000000000004,0.19999999999999996,0.09999999999999998,-0.2,0.0,0.8,0.30000000000000004,0.0,2021-22,20210926|Wolverhampton Wanderers|Southampton,0,1,1,away
2021-09-27,Crystal Palace,Brighton and Hove Albion,0.5034270170758083,1.0,1.0,1.6,-0.6,0.2,0.4,1.1,1.2,1.8,-0.6,0.3,0.2,9.0,2.4,1.4,0.8,0.6,0.8,0.0,1.9,1.4,1.1,0.3,0.6,0.1,8.0,1.2,1.1,-0.5,-0.3,-1.4,-0.7999999999999998,-0.3999999999999999,-0.19999999999999996,0.8,0.7,-1.2,-0.8999999999999999,-0.6000000000000001,-0.3,0.4,0.1,1.0,2021-22,20210927|Brighton and Hove Albion|Crystal Palace,1,1,2,draw
2021-10-02,Brighton and Hove Albion,Arsenal,0.5189607728674634,2.0,1.2,0.8,0.4,0.6,0.2,1.7,1.3,1.2,0.1,0.5,0.2,5.0,1.8,1.0,1.6,-0.6,0.6,0.0,2.1,1.4,1.2,0.2,0.7,0.0,6.0,1.7,2.0,0.5,0.4,0.19999999999999996,-0.40000000000000013,0.19999999999999996,-0.09999999999999987,-0.8,0.0,1.0,-0.1,0.0,-0.19999999999999996,0.2,0.2,-1.0,2021-22,20211002|Arsenal|Brighton and Hove Albion,0,0,0,draw
2021-10-02,Manchester United,Everton,0.7157530813102795,2.0,1.6,0.8,0.8,0.6,0.2,1.7,1.9,1.3,0.6,0.5,0.2,7.0,2.0,1.8,1.2,0.6,0.6,0.2,1.7,1.3,1.3,0.0,0.5,0.2,7.0,1.9,1.5,0.9,-0.5,0.0,0.0,-0.19999999999999996,0.5999999999999999,-0.3999999999999999,0.0,0.20000000000000007,0.6,0.0,0.0,0.0,0.0,0.0,2021-22,20211002|Everton|Manchester United,1,1,2,draw
2021-10-02,Wolverhampton Wanderers,Newcastle United,0.5789515020089466,1.2,0.6,0.8,-0.2,0.4,0.0,0.9,0.6,1.1,-0.5,0.3,0.0,6.0,0.6,1.0,2.0,-1.0,0.0,0.6,1.2,1.7,2.0,-0.3,0.3,0.3,7.0,0.9,1.2,-0.8,-0.5,0.6,-0.29999999999999993,-0.4,-1.1,-1.2,-0.8999999999999999,0.8,-0.2,0.4,0.0,-0.6,-0.3,-1.0,2021-22,20211002|Newcastle United|Wolverhampton Wanderers,2,1,3,home
2021-10-02,Burnley,Norwich City,0.5405163103171764,0.4,0.8,1.8,-1.0,0.0,0.4,0.5,0.7,1.9,-1.2,0.1,0.2,7.0,0.0,0.4,2.6,-2.2,0.0,0.0,0.0,0.3333333333333333,2.6666666666666665,-2.3333333333333335,0.0,0.0,7.0,0.4,0.0,-1.1,-2.6666666666666665,0.4,0.5,0.4,0.36666666666666664,-0.8,-0.7666666666666666,1.2000000000000002,1.1333333333333335,0.0,0.1,0.4,0.2,0.0,2021-22,20211002|Norwich City|Burnley,0,0,0,draw
2021-10-02,Chelsea,Southampton,0.8270310494109058,2.0,1.8,0.4,1.4,0.6,0.2,1.9,1.7,0.7,1.0,0.6,0.1,7.0,0.8,0.6,0.8,-0.2,0.0,0.8,1.0,1.0,1.4,-0.4,0.2,0.4,6.0,1.7,0.5,0.6,-1.3,1.2,0.8999999999999999,1.2000000000000002,0.7,-0.4,-0.7,1.5999999999999999,1.4,0.6,0.39999999999999997,-0.6000000000000001,-0.30000000000000004,1.0,2021-22,20211002|Southampton|Chelsea,3,1,4,home
2021-10-02,Leeds United,Watford,0.6273622415484593,0.6,1.0,1.8,-0.8,0.0,0.6,1.5,1.8,1.6,0.2,0.4,0.3,7.0,0.8,0.8,1.4,-0.6,0.2,0.2,1.1666666666666667,1.1666666666666667,1.5,-0.3333333333333333,0.3333333333333333,0.16666666666666666,7.0,1.3,1.0,0.0,-0.3333333333333333,-0.20000000000000007,0.33333333333333326,0.19999999999999996,0.6333333333333333,0.40000000000000013,0.10000000000000009,-0.20000000000000007,0.5333333333333333,-0.2,0.06666666666666671,0.39999999999999997,0.13333333333333333,0.0,2021-22,20211002|Watford|Leeds United,1,0,1,home
2021-10-03,Tottenham Hotspur,Aston Villa,0.5885425801520263,1.2,0.6,1.8,-1.2,0.4,0.0,1.5,1.2,1.6,-0.4,0.5,0.0,7.0,2.0,1.4,0.8,0.6,0.6,0.2,1.7,1.5,1.2,0.3,0.5,0.2,8.0,2.1,1.3,1.0,-0.3,-0.8,-0.19999999999999996,-0.7999999999999999,-0.30000000000000004,1.0,0.40000000000000013,-1.7999999999999998,-0.7,-0.19999999999999996,0.0,-0.2,-0.2,-1.0,2021-22,20211003|Aston Villa|Tottenham Hotspur,2,1,3,home
2021-10-03,West Ham United,Brentford,0.6776327065883768,1.6,1.8,1.2,0.6,0.4,0.4,1.8,2.0,1.1,0.9,0.5,0.3,8.0,1.2,1.2,1.0,0.2,0.2,0.6,1.5,1.3333333333333333,0.8333333333333334,0.5,0.3333333333333333,0.5,8.0,1.7,1.6666666666666667,0.7,0.6666666666666666,0.40000000000000013,0.30000000000000004,0.6000000000000001,0.6666666666666667,0.19999999999999996,0.2666666666666667,0.39999999999999997,0.4,0.2,0.16666666666666669,-0.19999999999999996,-0.2,0.0,2021-22,20211003|Brentford|West Ham United,1,2,3,away
2021-10-03,Crystal Palace,Leicester City,0.4850587882291496,1.2,1.2,1.2,0.0,0.2,0.6,0.9,1.1,1.9,-0.8,0.2,0.3,6.0,0.8,1.2,2.0,-0.8,0.2,0.2,1.0,1.4,2.1,-0.7,0.3,0.1,8.0,1.3,1.4,-0.2,-0.2,0.3999999999999999,-0.09999999999999998,0.0,-0.2999999999999998,-0.8,-0.20000000000000018,0.8,-0.10000000000000009,0.0,-0.09999999999999998,0.39999999999999997,0.19999999999999998,-2.0,2021-22,20211003|Leicester City|Crystal Palace,2,2,4,draw
2021-10-03,Liverpool,Manchester City,0.5187733483885171,2.2,2.4,0.8,1.6,0.6,0.4,2.6,2.6,0.7,1.9,0.8,0.2,8.0,2.6,2.4,0.0,2.4,0.8,0.2,1.9,2.4,0.9,1.5,0.6,0.1,8.0,1.7,2.4,0.6,1.0,-0.3999999999999999,0.7000000000000002,0.0,0.20000000000000018,0.8,-0.20000000000000007,-0.7999999999999998,0.3999999999999999,-0.20000000000000007,0.20000000000000007,0.2,0.1,0.0,2021-22,20211003|Manchester City|Liverpool,2,2,4,draw
2021-10-16,Norwich City,Brighton and Hove Albion,0.48191162019595707,0.2,0.4,1.6,-1.2,0.0,0.2,0.14285714285714285,0.2857142857142857,2.2857142857142856,-2.0,0.0,0.14285714285714285,14.0,1.6,0.8,0.8,0.0,0.4,0.4,1.8,1.2,1.0,0.2,0.5,0.3,14.0,0.0,1.1,-2.0,-0.3,-1.4000000000000001,-1.6571428571428573,-0.4,-0.9142857142857143,0.8,1.2857142857142856,-1.2,-2.2,-0.4,-0.5,-0.2,-0.15714285714285714,0.0,2021-22,20211016|Brighton and Hove Albion|Norwich City,0,0,0,draw
2021-10-16,Manchester City,Burnley,0.8895911882111439,2.2,1.8,0.4,1.4,0.6,0.4,2.0,2.5,0.9,1.6,0.6,0.2,13.0,0.6,0.8,1.4,-0.6,0.0,0.6,0.3,0.5,1.9,-1.4,0.0,0.3,14.0,1.9,1.0,1.8,-0.5,1.6,1.7,1.0,2.0,-0.9999999999999999,-0.9999999999999999,2.0,3.0,0.6,0.6,-0.19999999999999996,-0.09999999999999998,-1.0,2021-22,20211016|Burnley|Manchester City,2,0,2,home
2021-10-16,Brentford,Chelsea,0.4632179068494282,1.6,1.6,1.2,0.4,0.4,0.4,1.7142857142857142,1.4285714285714286,0.8571428571428571,0.5714285714285714,0.42857142857142855,0.42857142857142855,13.0,2.0,2.0,0.6,1.4,0.6,0.2,1.9,1.8,0.7,1.1,0.6,0.1,14.0,1.3333333333333333,2.1,0.3333333333333333,1.0,-0.3999999999999999,-0.18571428571428572,-0.3999999999999999,-0.37142857142857144,0.6,0.15714285714285714,-0.9999999999999999,-0.5285714285714287,-0.19999999999999996,-0.17142857142857143,0.2,0.3285714285714285,-1.0,2021-22,20211016|Chelsea|Brentford,0,1,1,away
2021-10-16,Southampton,Leeds United,0.4353474884965842,0.6,0.6,1.2,-0.6,0.0,0.6,0.7,0.8,1.6,-0.8,0.1,0.4,14.0,1.0,0.8,1.4,-0.6,0.2,0.4,1.5,1.6,1.5,0.1,0.4,0.3,14.0,1.3,1.4,0.1,-0.1,-0.4,-0.8,-0.20000000000000007,-0.8,-0.19999999999999996,0.10000000000000009,0.0,-0.9,-0.2,-0.30000000000000004,0.19999999999999996,0.10000000000000003,0.0,2021-22,20211016|Leeds United|Southampton,1,0,1,home
2021-10-16,Watford,Liverpool,0.3611100297247366,0.8,0.8,1.2,-0.4,0.2,0.2,1.0,1.0,1.4285714285714286,-0.42857142857142855,0.2857142857142857,0.14285714285714285,14.0,1.8,2.4,1.2,1.2,0.4,0.6,2.4,2.4,0.7,1.7,0.7,0.3,13.0,1.3333333333333333,2.6,-0.3333333333333333,1.8,-1.0,-1.4,-1.5999999999999999,-1.4,0.0,0.7285714285714286,-1.6,-2.1285714285714286,-0.2,-0.41428571428571426,-0.39999999999999997,-0.15714285714285714,1.0,2021-22,20211016|Liverpool|Watford,0,5,5,away
2021-10-16,Leicester City,Manchester United,0.4423228991873977,1.0,1.4,1.6,-0.2,0.2,0.4,1.1,1.4,1.9,-0.5,0.3,0.2,13.0,2.0,1.6,0.8,0.8,0.6,0.2,1.8,1.9,1.2,0.7,0.5,0.3,14.0,1.3,2.2,0.1,0.9,-1.0,-0.7,-0.20000000000000018,-0.5,0.8,0.7,-1.0,-1.2,-0.39999999999999997,-0.2,0.2,-0.09999999999999998,-1.0,2021-22,20211016|Manchester United|Leicester City,4,2,6,home
2021-10-16,Aston Villa,Wolverhampton Wanderers,0.689738453078073,1.4,1.2,1.2,0.0,0.4,0.2,1.6,1.6,1.4,0.2,0.5,0.1,13.0,1.8,1.0,0.8,0.2,0.6,0.0,0.9,0.6,1.1,-0.5,0.3,0.0,14.0,1.5,1.2,0.3,-0.3,-0.40000000000000013,0.7000000000000001,0.19999999999999996,1.0,0.3999999999999999,0.2999999999999998,-0.2,0.7,-0.19999999999999996,0.2,0.2,0.1,-1.0,2021-22,20211016|Wolverhampton Wanderers|Aston Villa,2,3,5,away
2021-10-17,Newcastle United,Tottenham Hotspur,0.4412071302080922,0.6,1.2,2.0,-0.8,0.0,0.6,0.9,1.4,2.0,-0.6,0.2,0.3,15.0,1.2,0.8,2.0,-1.2,0.4,0.0,1.8,1.3,1.4,-0.1,0.6,0.0,14.0,1.1,1.4,-0.3,-0.2,-0.6,-0.9,0.3999999999999999,0.09999999999999987,0.0,0.6000000000000001,0.3999999999999999,-0.5,-0.4,-0.39999999999999997,0.6,0.3,1.0,2021-22,20211017|Tottenham Hotspur|Newcastle United,2,3,5,away
2021-10-17,Everton,West Ham United,0.5632566992501064,2.0,1.6,1.0,0.6,0.6,0.2,1.7,1.4,1.4,0.0,0.5,0.2,15.0,1.0,1.2,1.4,-0.2,0.2,0.4,1.8,2.1,1.2,0.9,0.5,0.3,14.0,1.7,1.7,0.5,0.4,1.0,-0.10000000000000009,0.40000000000000013,-0.7000000000000002,-0.3999999999999999,0.19999999999999996,0.8,-0.9,0.39999999999999997,0.0,-0.2,-0.09999999999999998,1.0,2021-22,20211017|West Ham United|Everton,0,1,1,away
2021-10-18,Arsenal,Crystal Palace,0.7377728193274437,2.0,1.0,1.2,-0.2,0.6,0.2,1.9,1.1,1.1,0.0,0.6,0.1,16.0,1.2,1.6,1.6,0.0,0.2,0.6,1.0,1.2,1.8,-0.6,0.2,0.4,15.0,1.6,0.8,0.1,-1.1,0.8,0.8999999999999999,-0.6000000000000001,-0.09999999999999987,-0.40000000000000013,-0.7,-0.2,0.6,0.39999999999999997,0.39999999999999997,-0.39999999999999997,-0.30000000000000004,1.0,2021-22,20211018|Crystal Palace|Arsenal,2,2,4,draw
2021-10-22,Arsenal,Aston Villa,0.6640583408422055,2.2,1.4,0.6,0.8,0.6,0.4,1.7,1.2,1.3,-0.1,0.5,0.2,4.0,1.2,1.4,1.6,-0.2,0.4,0.0,1.6,1.6,1.4,0.2,0.5,0.1,6.0,1.7,1.0,0.2,-0.5,1.0000000000000002,0.09999999999999987,0.0,-0.40000000000000013,-1.0,-0.09999999999999987,1.0,-0.30000000000000004,0.19999999999999996,0.0,0.4,0.1,-2.0,2021-22,20211022|Aston Villa|Arsenal,3,1,4,home
2021-10-23,Southampton,Burnley,0.6391644407650605,1.0,0.4,0.8,-0.4,0.2,0.4,0.7,0.6,1.5,-0.9,0.1,0.4,7.0,0.4,0.6,1.6,-1.0,0.0,0.4,0.3,0.5,1.7,-1.2,0.0,0.3,7.0,1.5,1.0,0.2,-0.3,0.6,0.39999999999999997,-0.19999999999999996,0.09999999999999998,-0.8,-0.19999999999999996,0.6,0.29999999999999993,0.2,0.1,0.0,0.10000000000000003,0.0,2021-22,20211023|Burnley|Southampton,2,2,4,draw
2021-10-23,Brighton and Hove Albion,Manchester City,0.33400051955383875,1.8,0.8,0.4,0.4,0.4,0.6,1.8,1.1,0.9,0.2,0.5,0.3,7.0,2.2,1.2,0.4,0.8,0.6,0.4,2.0,2.3,0.6,1.7,0.6,0.2,7.0,1.8,2.2,0.6,0.9,-0.40000000000000013,-0.19999999999999996,-0.3999999999999999,-1.1999999999999997,0.0,0.30000000000000004,-0.4,-1.5,-0.19999999999999996,-0.09999999999999998,0.19999999999999996,0.09999999999999998,0.0,2021-22,20211023|Manchester City|Brighton and Hove Albion,1,4,5,away
2021-10-23,Crystal Palace,Newcastle United,0.6336131623110911,1.2,1.6,1.6,0.0,0.2,0.6,0.8,1.1,1.8,-0.7,0.1,0.5,5.0,0.4,1.2,2.2,-1.0,0.0,0.4,0.9,1.3,1.9,-0.6,0.2,0.3,6.0,1.3,1.2,-0.2,-0.4,0.7999999999999999,-0.09999999999999998,0.40000000000000013,-0.19999999999999996,-0.6000000000000001,-0.09999999999999987,1.0,-0.09999999999999998,0.2,-0.1,0.19999999999999996,0.2,-1.0,2021-22,20211023|Newcastle United|Crystal Palace,1,1,2,draw
2021-10-23,Chelsea,Norwich City,0.8265699762713061,2.4,2.0,0.4,1.6,0.8,0.0,2.2,1.9,0.6,1.3,0.7,0.1,7.0,0.4,0.2,1.2,-1.0,0.0,0.4,0.25,0.25,2.0,-1.75,0.0,0.25,7.0,1.9,0.25,0.8,-2.0,2.0,1.9500000000000002,1.8,1.65,-0.7999999999999999,-1.4,2.6,3.05,0.8,0.7,-0.4,-0.15,0.0,2021-22,20211023|Norwich City|Chelsea,7,0,7,home
2021-10-23,Everton,Watford,0.6818280395849919,1.4,1.2,1.2,0.0,0.4,0.2,1.7,1.4,1.4,0.0,0.5,0.2,6.0,0.8,0.8,2.0,-1.2,0.2,0.2,0.875,0.875,1.875,-1.0,0.25,0.125,7.0,1.4,0.75,0.3,-0.5,0.5999999999999999,0.825,0.3999999999999999,0.5249999999999999,-0.8,-0.4750000000000001,1.2,1.0,0.2,0.25,0.0,0.07500000000000001,-1.0,2021-22,20211023|Watford|Everton,2,5,7,away
2021-10-23,Leeds United,Wolverhampton Wanderers,0.6435206986256077,0.8,0.6,1.4,-0.8,0.2,0.2,1.2,1.2,1.6,-0.4,0.3,0.3,7.0,2.4,1.6,1.0,0.6,0.8,0.0,1.2,0.9,1.1,-0.2,0.4,0.0,7.0,1.6,1.4,0.2,-0.2,-1.5999999999999999,0.0,-1.0,0.29999999999999993,0.3999999999999999,0.5,-1.4,-0.2,-0.6000000000000001,-0.10000000000000003,0.2,0.3,0.0,2021-22,20211023|Wolverhampton Wanderers|Leeds United,1,1,2,draw
2021-10-24,Brentford,Leicester City,0.5705026701403724,1.4,1.4,1.2,0.2,0.4,0.2,1.5,1.25,0.875,0.375,0.375,0.375,8.0,1.0,1.8,1.8,0.0,0.2,0.4,1.1,1.6,2.0,-0.4,0.3,0.2,8.0,1.0,1.2,0.0,-0.3,0.3999999999999999,0.3999999999999999,-0.40000000000000013,-0.3500000000000001,-0.6000000000000001,-1.125,0.2,0.775,0.2,0.07500000000000001,-0.2,0.175,0.0,2021-22,20211024|Leicester City|Brentford,1,2,3,away
2021-10-24,Manchester United,Liverpool,0.53473032878338,1.4,1.8,1.6,0.2,0.4,0.2,1.8,1.9,1.2,0.7,0.5,0.3,8.0,2.2,3.2,1.0,2.2,0.6,0.4,2.4,2.7,0.6,2.1,0.7,0.3,8.0,1.7,2.6,0.7,2.1,-0.8000000000000003,-0.5999999999999999,-1.4000000000000001,-0.8000000000000003,0.6000000000000001,0.6,-2.0,-1.4000000000000001,-0.19999999999999996,-0.19999999999999996,-0.2,0.0,0.0,2021-22,20211024|Liverpool|Manchester United,0,5,5,away
2021-10-24,West Ham United,Tottenham Hotspur,0.6273553673195206,1.4,1.0,1.0,0.0,0.4,0.2,2.0,2.1,1.1,1.0,0.6,0.2,7.0,1.2,1.2,2.4,-1.2,0.4,0.0,1.8,1.4,1.6,-0.2,0.6,0.0,7.0,1.4,1.4,0.5,-0.2,0.19999999999999996,0.19999999999999996,-0.19999999999999996,0.7000000000000002,-1.4,-0.5,1.2,1.2,0.0,0.0,0.2,0.2,0.0,2021-22,20211024|Tottenham Hotspur|West Ham United,1,0,1,home
2021-10-30,Leicester City,Arsenal,0.5751393920476339,1.6,2.2,1.8,0.4,0.4,0.4,1.4,1.7,1.9,-0.2,0.4,0.2,6.0,2.2,1.8,0.8,1.0,0.6,0.4,1.7,1.2,1.3,-0.1,0.5,0.2,8.0,1.6,1.8,0.5,0.2,-0.6000000000000001,-0.30000000000000004,0.40000000000000013,0.5,1.0,0.5999999999999999,-0.6,-0.1,-0.19999999999999996,-0.09999999999999998,0.0,0.0,-2.0,2021-22,20211030|Arsenal|Leicester City,0,2,2,away
2021-10-30,Burnley,Brentford,0.42920155059590326,0.6,0.8,1.4,-0.6,0.0,0.6,0.4,0.7,1.6,-0.9,0.0,0.4,7.0,1.4,1.6,1.4,0.2,0.4,0.2,1.3333333333333333,1.2222222222222223,1.0,0.2222222222222222,0.3333333333333333,0.3333333333333333,6.0,0.4,2.0,-1.1,0.75,-0.7999999999999999,-0.9333333333333332,-0.8,-0.5222222222222224,0.0,0.6000000000000001,-0.8,-1.1222222222222222,-0.4,-0.3333333333333333,0.39999999999999997,0.06666666666666671,1.0,2021-22,20211030|Brentford|Burnley,3,1,4,home
2021-10-30,Liverpool,Brighton and Hove Albion,0.7983676177351909,2.2,3.6,1.0,2.6,0.6,0.4,2.4,2.9,0.6,2.3,0.7,0.3,6.0,1.2,0.8,1.2,-0.4,0.2,0.6,1.5,0.9,1.1,-0.2,0.4,0.3,7.0,1.8,1.2,0.8,-0.2,1.0000000000000002,0.8999999999999999,2.8,2.0,-0.19999999999999996,-0.5000000000000001,3.0,2.5,0.39999999999999997,0.29999999999999993,-0.19999999999999996,0.0,-1.0,2021-22,20211030|Brighton and Hove Albion|Liverpool,2,2,4,draw
2021-10-30,Newcastle United,Chelsea,0.2918439219348371,0.6,1.2,1.6,-0.4,0.0,0.6,0.7,1.3,2.0,-0.7,0.1,0.4,7.0,2.4,2.8,0.4,2.4,0.8,0.0,2.2,2.4,0.5,1.9,0.7,0.1,7.0,1.0,2.3,-0.4,1.1,-1.7999999999999998,-1.5000000000000002,-1.5999999999999999,-1.0999999999999999,1.2000000000000002,1.5,-2.8,-2.5999999999999996,-0.8,-0.6,0.6,0.30000000000000004,0.0,2021-22,20211030|Chelsea|Newcastle United,0,3,3,away
2021-10-30,Manchester City,Crystal Palace,0.8630761461761383,2.2,1.8,0.6,1.2,0.6,0.4,2.3,2.5,0.4,2.1,0.7,0.2,7.0,0.8,1.2,1.8,-0.6,0.0,0.8,0.9,1.1,1.6,-0.5,0.1,0.6,7.0,1.9,0.6,1.9,-1.2,1.4000000000000001,1.4,0.6000000000000001,1.4,-1.2000000000000002,-1.2000000000000002,1.7999999999999998,2.6,0.6,0.6,-0.4,-0.39999999999999997,0.0,2021-22,20211030|Crystal Palace|Manchester City,0,2,2,away
2021-10-30,Tottenham Hotspur,Manchester United,0.525168109216243,1.2,1.2,2.0,-0.8,0.4,0.0,1.8,1.3,1.5,-0.2,0.6,0.0,6.0,0.8,1.0,2.4,-1.4,0.2,0.2,1.7,1.8,1.6,0.2,0.5,0.2,6.0,2.1,2.1,0.7,0.7,0.3999999999999999,0.10000000000000009,0.19999999999999996,-0.5,-0.3999999999999999,-0.10000000000000009,0.5999999999999999,-0.4,0.2,0.09999999999999998,-0.2,-0.2,0.0,2021-22,20211030|Manchester United|Tottenham Hotspur,0,3,3,away
2021-10-30,Watford,Southampton,0.6740327403765557,1.4,1.8,2.0,-0.2,0.4,0.2,1.1111111111111112,1.3333333333333333,1.8888888888888888,-0.5555555555555556,0.3333333333333333,0.1111111111111111,7.0,1.0,0.8,1.2,-0.4,0.2,0.4,0.8,0.8,1.5,-0.7,0.1,0.5,7.0,1.0,0.5,-1.5,-1.4,0.3999999999999999,0.3111111111111111,1.0,0.5333333333333332,0.8,0.38888888888888884,0.2,0.14444444444444438,0.2,0.2333333333333333,-0.2,-0.3888888888888889,0.0,2021-22,20211030|Southampton|Watford,0,1,1,away
2021-10-31,Norwich City,Leeds United,0.4857426511267291,0.4,0.2,2.4,-2.2,0.0,0.4,0.2222222222222222,0.2222222222222222,2.5555555555555554,-2.3333333333333335,0.0,0.2222222222222222,8.0,1.0,0.8,1.0,-0.2,0.2,0.4,1.0,1.1,1.7,-0.6,0.2,0.4,8.0,0.25,1.4,-1.5,-0.1,-0.6,-0.7777777777777778,-0.6000000000000001,-0.8777777777777779,1.4,0.8555555555555554,-2.0,-1.7333333333333334,-0.2,-0.2,0.0,-0.1777777777777778,0.0,2021-22,20211031|Leeds United|Norwich City,1,2,3,away
2021-10-31,Aston Villa,West Ham United,0.4566438709905882,1.2,1.6,1.6,0.0,0.4,0.0,1.3,1.5,1.6,-0.1,0.4,0.1,9.0,1.8,1.2,1.0,0.2,0.6,0.0,2.0,1.9,1.0,0.9,0.6,0.2,7.0,1.5,2.0,0.4,0.6,-0.6000000000000001,-0.7,0.40000000000000013,-0.3999999999999999,0.6000000000000001,0.6000000000000001,-0.2,-1.0,-0.19999999999999996,-0.19999999999999996,0.0,-0.1,2.0,2021-22,20211031|West Ham United|Aston Villa,1,4,5,away
2021-11-01,Wolverhampton Wanderers,Everton,0.5429197595669771,2.0,1.4,1.2,0.2,0.6,0.2,1.3,1.0,1.1,-0.1,0.4,0.1,9.0,0.8,1.0,2.0,-1.0,0.2,0.2,1.4,1.5,1.9,-0.4,0.4,0.2,9.0,0.9,1.3,-0.8,-0.6,1.2,-0.09999999999999987,0.3999999999999999,-0.5,-0.8,-0.7999999999999998,1.2,0.30000000000000004,0.39999999999999997,0.0,0.0,-0.1,0.0,2021-22,20211101|Everton|Wolverhampton Wanderers,2,1,3,home
2021-11-05,Southampton,Aston Villa,0.5370141293334336,1.4,1.0,1.2,-0.2,0.4,0.2,1.1,0.9,1.2,-0.3,0.2,0.5,6.0,0.6,1.2,2.4,-1.2,0.2,0.0,1.0,1.4,1.9,-0.5,0.3,0.1,5.0,1.6,1.0,0.3,-0.6,0.7999999999999999,0.10000000000000009,-0.19999999999999996,-0.4999999999999999,-1.2,-0.7,1.0,0.2,0.2,-0.09999999999999998,0.2,0.4,1.0,2021-22,20211105|Aston Villa|Southampton,1,0,1,home
2021-11-06,Chelsea,Burnley,0.8559470632964811,2.4,2.8,0.4,2.4,0.8,0.0,2.5,2.6,0.3,2.3,0.8,0.1,7.0,1.2,1.4,1.4,0.0,0.2,0.6,0.7,1.0,1.6,-0.6,0.1,0.4,7.0,1.9,0.8,1.3,-0.4,1.2,1.8,1.4,1.6,-0.9999999999999999,-1.3,2.4,2.9,0.6000000000000001,0.7000000000000001,-0.6,-0.30000000000000004,0.0,2021-22,20211106|Burnley|Chelsea,1,1,2,draw
2021-11-06,Manchester United,Manchester City,0.4903507373343533,0.8,1.2,2.2,-1.0,0.2,0.2,1.7,1.9,1.5,0.4,0.5,0.2,7.0,2.0,1.8,1.0,0.8,0.6,0.2,2.0,2.0,0.6,1.4,0.6,0.2,7.0,1.4,2.2,0.1,0.9,-1.2,-0.30000000000000004,-0.6000000000000001,-0.10000000000000009,1.2000000000000002,0.9,-1.8,-0.9999999999999999,-0.39999999999999997,-0.09999999999999998,0.0,0.0,0.0,2021-22,20211106|Manchester City|Manchester United,0,2,2,away
2021-11-06,Brighton and Hove Albion,Newcastle United,0.7076434368998875,0.8,0.8,1.4,-0.6,0.0,0.8,1.6,1.1,1.1,0.0,0.4,0.4,7.0,0.4,1.0,2.0,-1.0,0.0,0.4,0.4,1.1,2.3,-1.2,0.0,0.4,7.0,1.8,1.2,0.4,-0.4,0.4,1.2000000000000002,-0.19999999999999996,0.0,-0.6000000000000001,-1.1999999999999997,0.4,1.2,0.0,0.4,0.4,0.0,0.0,2021-22,20211106|Newcastle United|Brighton and Hove Albion,1,1,2,draw
2021-11-06,Brentford,Norwich City,0.6950913703931034,0.8,1.4,2.0,-0.6,0.2,0.2,1.2,1.2,1.2,0.0,0.3,0.3,7.0,0.4,0.2,2.2,-2.0,0.0,0.4,0.2,0.3,2.5,-2.2,0.0,0.2,6.0,0.8,0.2,-0.2,-3.0,0.4,1.0,1.2,0.8999999999999999,-0.20000000000000018,-1.3,1.4,2.2,0.2,0.3,-0.2,0.09999999999999998,1.0,2021-22,20211106|Norwich City|Brentford,1,2,3,away
2021-11-06,Crystal Palace,Wolverhampton Wanderers,0.5834602628195986,1.4,1.6,1.2,0.4,0.2,0.8,1.2,1.3,1.4,-0.1,0.2,0.6,7.0,2.6,1.8,1.0,0.8,0.8,0.2,1.6,1.1,1.0,0.1,0.5,0.1,5.0,1.3,1.5,-0.2,0.1,-1.2000000000000002,-0.40000000000000013,-0.19999999999999996,0.19999999999999996,0.19999999999999996,0.3999999999999999,-0.4,-0.2,-0.6000000000000001,-0.3,0.6000000000000001,0.5,2.0,2021-22,20211106|Wolverhampton Wanderers|Crystal Palace,2,0,2,home
2021-11-07,Leeds United,Leicester City,0.559656816488154,1.4,1.0,1.0,0.0,0.4,0.2,1.0,1.0,1.7,-0.7,0.2,0.4,7.0,1.6,2.0,1.8,0.2,0.4,0.4,1.4,1.5,1.7,-0.2,0.4,0.2,8.0,1.6,1.4,0.2,-0.2,-0.20000000000000018,-0.3999999999999999,-1.0,-0.5,-0.8,0.0,-0.2,-0.49999999999999994,0.0,-0.2,-0.2,0.2,-1.0,2021-22,20211107|Leicester City|Leeds United,1,1,2,draw
2021-11-07,West Ham United,Liverpool,0.504597384285401,2.4,1.8,0.8,1.0,0.8,0.0,2.0,2.0,1.1,0.9,0.6,0.2,7.0,1.8,3.4,1.4,2.0,0.4,0.6,2.2,2.9,0.8,2.1,0.6,0.4,8.0,1.4,2.6,0.4,2.5,0.5999999999999999,-0.20000000000000018,-1.5999999999999999,-0.8999999999999999,-0.5999999999999999,0.30000000000000004,-1.0,-1.2000000000000002,0.4,0.0,-0.6,-0.2,-1.0,2021-22,20211107|Liverpool|West Ham United,3,2,5,home
2021-11-07,Everton,Tottenham Hotspur,0.5459445476122953,0.8,1.2,1.8,-0.6,0.2,0.2,1.4,1.6,1.6,0.0,0.4,0.2,6.0,1.2,1.2,2.0,-0.8,0.4,0.0,1.5,0.9,1.6,-0.7,0.5,0.0,8.0,1.4,1.4,0.1,-0.2,-0.3999999999999999,-0.10000000000000009,0.0,0.7000000000000001,-0.19999999999999996,0.0,0.20000000000000007,0.7,-0.2,-0.09999999999999998,0.2,0.2,-2.0,2021-22,20211107|Tottenham Hotspur|Everton,0,0,0,draw
2021-11-07,Arsenal,Watford,0.7432603483634082,2.2,2.0,0.8,1.2,0.6,0.4,1.7,1.2,1.3,-0.1,0.5,0.2,8.0,0.8,1.2,2.0,-0.8,0.2,0.2,1.0,1.2,1.8,-0.6,0.3,0.1,8.0,1.7,1.2,0.3,0.2,1.4000000000000001,0.7,0.8,0.0,-1.2,-0.5,2.0,0.5,0.39999999999999997,0.2,0.2,0.1,0.0,2021-22,20211107|Watford|Arsenal,1,0,1,home
2021-11-20,Liverpool,Arsenal,0.6740380742984277,1.6,3.2,1.4,1.8,0.4,0.4,1.9,2.8,1.1,1.7,0.5,0.4,13.0,2.2,1.6,0.6,1.0,0.6,0.4,2.0,1.3,1.1,0.2,0.6,0.2,13.0,1.9,2.0,0.9,0.4,-0.6000000000000001,-0.10000000000000009,1.6,1.4999999999999998,0.7999999999999999,0.0,0.8,1.5,-0.19999999999999996,-0.09999999999999998,0.0,0.2,0.0,2021-22,20211120|Arsenal|Liverpool,4,0,4,home
2021-11-20,Newcastle United,Brentford,0.5210559521401336,0.4,1.0,2.0,-1.0,0.0,0.4,0.5,1.0,2.0,-1.0,0.0,0.5,14.0,0.6,1.0,1.8,-0.8,0.2,0.0,0.9,1.1,1.4,-0.3,0.2,0.3,14.0,0.9,1.6,-0.7,0.2,-0.19999999999999996,-0.4,0.0,-0.10000000000000009,0.19999999999999996,0.6000000000000001,-0.19999999999999996,-0.7,-0.2,-0.2,0.4,0.2,0.0,2021-22,20211120|Brentford|Newcastle United,3,3,6,draw
2021-11-20,Aston Villa,Brighton and Hove Albion,0.5437177612457564,0.0,1.0,2.6,-1.6,0.0,0.0,1.0,1.2,1.7,-0.5,0.3,0.1,15.0,0.8,0.8,1.4,-0.6,0.0,0.8,1.4,1.0,1.1,-0.1,0.3,0.5,14.0,1.2,1.0,-0.1,-0.3,-0.8,-0.3999999999999999,0.19999999999999996,0.19999999999999996,1.2000000000000002,0.5999999999999999,-1.0,-0.4,0.0,0.0,-0.8,-0.4,1.0,2021-22,20211120|Brighton and Hove Albion|Aston Villa,2,0,2,home
2021-11-20,Leicester City,Chelsea,0.43868918369939813,1.6,1.8,1.6,0.2,0.4,0.4,1.2,1.5,1.8,-0.3,0.3,0.3,13.0,2.6,3.0,0.4,2.6,0.8,0.2,2.3,2.4,0.4,2.0,0.7,0.2,14.0,1.3,2.3,-0.2,1.3,-1.0,-1.0999999999999999,-1.2,-0.8999999999999999,1.2000000000000002,1.4,-2.4,-2.3,-0.4,-0.39999999999999997,0.2,0.09999999999999998,-1.0,2021-22,20211120|Chelsea|Leicester City,0,3,3,away
2021-11-20,Burnley,Crystal Palace,0.49376645535599517,1.2,1.2,1.2,0.0,0.2,0.6,0.8,1.0,1.5,-0.5,0.1,0.5,14.0,1.8,1.8,1.0,0.8,0.4,0.6,1.5,1.5,1.1,0.4,0.3,0.6,14.0,0.6,0.9,-0.9,-0.7,-0.6000000000000001,-0.7,-0.6000000000000001,-0.5,0.19999999999999996,0.3999999999999999,-0.8,-0.9,-0.2,-0.19999999999999998,0.0,-0.09999999999999998,0.0,2021-22,20211120|Crystal Palace|Burnley,3,3,6,draw
2021-11-20,Watford,Manchester United,0.3994990398175758,0.6,1.0,2.0,-1.0,0.2,0.0,0.7,0.9,1.7,-0.8,0.2,0.1,13.0,0.8,1.2,2.4,-1.2,0.2,0.2,1.4,1.4,1.6,-0.2,0.4,0.2,14.0,0.8,2.3,-1.4,1.0,-0.20000000000000007,-0.7,-0.19999999999999996,-0.4999999999999999,-0.3999999999999999,0.09999999999999987,0.19999999999999996,-0.6000000000000001,0.0,-0.2,-0.2,-0.1,-1.0,2021-22,20211120|Manchester United|Watford,4,1,5,home
2021-11-20,Norwich City,Southampton,0.5642198195196724,1.0,0.6,2.0,-1.4,0.2,0.4,0.5,0.5,2.3,-1.8,0.1,0.2,14.0,2.0,1.2,1.0,0.2,0.6,0.2,1.4,0.9,0.9,0.0,0.3,0.5,15.0,0.2,0.5,-1.4,-1.5,-1.0,-0.8999999999999999,-0.6,-0.4,1.0,1.4,-1.5999999999999999,-1.8,-0.39999999999999997,-0.19999999999999998,0.2,-0.3,-1.0,2021-22,20211120|Southampton|Norwich City,2,1,3,home
2021-11-20,Wolverhampton Wanderers,West Ham United,0.3844163459999495,2.0,1.6,1.4,0.2,0.6,0.2,1.6,1.1,1.1,0.0,0.5,0.1,14.0,2.4,2.0,1.0,1.0,0.8,0.0,2.0,1.9,1.1,0.8,0.6,0.2,13.0,1.2,2.3,-0.6,1.0,-0.3999999999999999,-0.3999999999999999,-0.3999999999999999,-0.7999999999999998,0.3999999999999999,0.0,-0.8,-0.8,-0.20000000000000007,-0.09999999999999998,0.2,-0.1,1.0,2021-22,20211120|West Ham United|Wolverhampton Wanderers,1,0,1,home
2021-11-21,Manchester City,Everton,0.8231629878859804,2.0,2.0,1.0,1.0,0.6,0.2,2.3,2.2,0.5,1.7,0.7,0.2,15.0,0.4,0.8,1.8,-1.0,0.0,0.4,1.2,1.3,1.5,-0.2,0.3,0.3,14.0,1.6,1.3,1.4,-0.5,1.6,1.0999999999999999,1.2,0.9000000000000001,-0.8,-1.0,2.0,1.9,0.6,0.39999999999999997,-0.2,-0.09999999999999998,1.0,2021-22,20211121|Everton|Manchester City,3,0,3,home
2021-11-21,Tottenham Hotspur,Leeds United,0.6125302977499728,1.4,1.0,1.4,-0.4,0.4,0.2,1.3,0.8,1.6,-0.8,0.4,0.1,14.0,1.6,1.0,0.8,0.2,0.4,0.4,1.1,1.0,1.3,-0.3,0.2,0.5,14.0,1.8,1.7,0.1,0.2,-0.20000000000000018,0.19999999999999996,0.0,-0.19999999999999996,0.5999999999999999,0.30000000000000004,-0.6000000000000001,-0.5,0.0,0.2,-0.2,-0.4,0.0,2021-22,20211121|Leeds United|Tottenham Hotspur,2,1,3,home
2021-11-27,Crystal Palace,Aston Villa,0.6043427765935772,1.8,2.0,1.2,0.8,0.4,0.6,1.5,1.8,1.4,0.4,0.3,0.6,7.0,0.6,1.2,2.2,-1.0,0.2,0.0,1.0,1.2,1.7,-0.5,0.3,0.1,7.0,1.3,0.9,-0.1,-0.7,1.2000000000000002,0.5,0.8,0.6000000000000001,-1.0000000000000002,-0.30000000000000004,1.8,0.9,0.2,0.0,0.6,0.5,0.0,2021-22,20211127|Aston Villa|Crystal Palace,1,2,3,away
2021-11-27,Brighton and Hove Albion,Leeds United,0.571383009072677,0.6,0.8,1.8,-1.0,0.0,0.6,1.1,0.8,1.3,-0.5,0.2,0.5,7.0,1.0,1.0,1.2,-0.2,0.2,0.4,1.0,0.9,1.3,-0.4,0.2,0.4,6.0,1.6,1.4,0.1,0.0,-0.4,0.10000000000000009,-0.19999999999999996,-0.09999999999999998,0.6000000000000001,0.0,-0.8,-0.09999999999999998,-0.2,0.0,0.19999999999999996,0.09999999999999998,1.0,2021-22,20211127|Leeds United|Brighton and Hove Albion,0,0,0,draw
2021-11-27,Arsenal,Newcastle United,0.7827999526689181,2.0,1.6,1.4,0.2,0.6,0.2,2.0,1.3,1.3,0.0,0.6,0.2,7.0,0.6,1.4,2.2,-0.8,0.0,0.6,0.6,1.3,2.1,-0.8,0.0,0.6,7.0,2.0,1.3,0.7,-0.1,1.4,1.4,0.20000000000000018,0.0,-0.8000000000000003,-0.8,1.0,0.8,0.6,0.6,-0.39999999999999997,-0.39999999999999997,0.0,2021-22,20211127|Newcastle United|Arsenal,2,0,2,home
2021-11-27,Liverpool,Southampton,0.8403998537580836,2.0,3.6,1.0,2.6,0.6,0.2,1.9,3.0,1.1,1.9,0.5,0.4,7.0,2.0,1.2,0.8,0.4,0.6,0.2,1.3,0.9,1.0,-0.1,0.3,0.4,7.0,2.2,0.5,1.4,-1.3,0.0,0.5999999999999999,2.4000000000000004,2.1,0.19999999999999996,0.10000000000000009,2.2,2.0,0.0,0.2,0.0,0.0,0.0,2021-22,20211127|Southampton|Liverpool,4,0,4,home
2021-11-27,Norwich City,Wolverhampton Wanderers,0.5312121516966258,1.4,1.0,2.2,-1.2,0.4,0.2,0.8,0.7,1.9,-1.2,0.2,0.2,7.0,2.0,1.4,1.2,0.2,0.6,0.2,1.9,1.2,1.0,0.2,0.6,0.1,7.0,0.6666666666666666,1.4,-1.0,-0.1,-0.6000000000000001,-1.0999999999999999,-0.3999999999999999,-0.5,1.0000000000000002,0.8999999999999999,-1.4,-1.4,-0.19999999999999996,-0.39999999999999997,0.0,0.1,0.0,2021-22,20211127|Wolverhampton Wanderers|Norwich City,0,0,0,draw
2021-11-28,Brentford,Everton,0.5739764734135094,0.2,1.2,2.2,-1.0,0.0,0.2,0.9,1.4,1.7,-0.3,0.2,0.3,8.0,0.2,0.6,2.2,-1.6,0.0,0.2,1.1,1.1,1.6,-0.5,0.3,0.2,7.0,0.6666666666666666,1.2,-0.3333333333333333,-0.8,0.0,-0.20000000000000007,0.6,0.2999999999999998,0.0,0.09999999999999987,0.6000000000000001,0.2,0.0,-0.09999999999999998,0.0,0.09999999999999998,1.0,2021-22,20211128|Everton|Brentford,1,0,1,home
2021-11-28,Chelsea,Manchester United,0.7061506699955126,2.6,3.0,0.2,2.8,0.8,0.2,2.3,2.5,0.4,2.1,0.7,0.2,8.0,0.6,1.2,3.0,-1.8,0.2,0.0,1.3,1.4,1.9,-0.5,0.4,0.1,8.0,2.0,2.0,1.6,0.5,2.0,0.9999999999999998,1.8,1.1,-2.8,-1.5,4.6,2.6,0.6000000000000001,0.29999999999999993,0.2,0.1,0.0,2021-22,20211128|Manchester United|Chelsea,1,1,2,draw
2021-11-28,Leicester City,Watford,0.6564067012361345,1.4,1.4,1.8,-0.4,0.4,0.2,1.2,1.4,1.7,-0.3,0.3,0.3,8.0,1.2,1.8,2.0,-0.2,0.4,0.0,1.0,1.3,1.6,-0.3,0.3,0.1,8.0,1.3,1.0,-0.3,0.0,0.19999999999999996,0.19999999999999996,-0.40000000000000013,0.09999999999999987,-0.19999999999999996,0.09999999999999987,-0.2,0.0,0.0,0.0,0.2,0.19999999999999998,0.0,2021-22,20211128|Watford|Leicester City,4,2,6,home
2021-11-28,Manchester City,West Ham United,0.7205145972151579,2.4,2.2,0.6,1.6,0.8,0.0,2.3,2.0,0.5,1.5,0.7,0.2,7.0,2.4,1.8,0.8,1.0,0.8,0.0,1.7,1.5,1.1,0.4,0.5,0.2,8.0,1.9,2.0,1.9,0.8,0.0,0.5999999999999999,0.40000000000000013,0.5,-0.20000000000000007,-0.6000000000000001,0.6000000000000001,1.1,0.0,0.19999999999999996,0.0,0.0,-1.0,2021-22,20211128|West Ham United|Manchester City,2,1,3,home
2021-11-30,Leeds United,Crystal Palace,0.6358305530497586,1.2,1.0,1.0,0.0,0.2,0.6,1.0,0.8,1.2,-0.4,0.2,0.4,3.0,1.6,1.8,1.2,0.6,0.4,0.4,1.4,1.7,1.4,0.3,0.3,0.5,3.0,1.4,0.9,0.1,-0.7,-0.40000000000000013,-0.3999999999999999,-0.8,-0.8999999999999999,-0.19999999999999996,-0.19999999999999996,-0.6,-0.7,-0.2,-0.09999999999999998,0.19999999999999996,-0.09999999999999998,0.0,2021-22,20211130|Crystal Palace|Leeds United,1,0,1,home
2021-11-30,Newcastle United,Norwich City,0.5537393208962419,0.6,1.0,2.0,-1.0,0.0,0.6,0.5,1.1,2.1,-1.0,0.0,0.5,3.0,1.4,1.0,2.2,-1.2,0.4,0.2,0.9,0.6,1.7,-1.1,0.2,0.3,3.0,0.9,0.6666666666666666,-0.7,-2.3333333333333335,-0.7999999999999999,-0.4,0.0,0.5000000000000001,-0.20000000000000018,0.40000000000000013,0.19999999999999996,0.10000000000000009,-0.4,-0.2,0.39999999999999997,0.2,0.0,2021-22,20211130|Norwich City|Newcastle United,1,1,2,draw
2021-12-01,West Ham United,Brighton and Hove Albion,0.7296356490629494,1.8,1.8,1.2,0.6,0.6,0.0,1.6,1.4,1.1,0.3,0.5,0.1,3.0,0.6,0.8,1.8,-1.0,0.0,0.6,1.2,0.8,1.1,-0.3,0.2,0.6,4.0,1.6,1.0,0.5,-0.4,1.2000000000000002,0.40000000000000013,1.0,0.5999999999999999,-0.6000000000000001,0.0,1.6,0.6,0.6,0.3,-0.6,-0.5,-1.0,2021-22,20211201|Brighton and Hove Albion|West Ham United,1,1,2,draw
2021-12-01,Wolverhampton Wanderers,Burnley,0.6827496207816566,1.6,0.8,0.8,0.0,0.4,0.4,2.0,1.2,0.9,0.3,0.6,0.2,4.0,1.2,1.8,1.8,0.0,0.2,0.6,0.9,1.3,1.6,-0.3,0.1,0.6,11.0,1.5,0.9,-0.4,-0.3,0.40000000000000013,1.1,-1.0,-0.10000000000000009,-1.0,-0.7000000000000001,0.0,0.6,0.2,0.5,-0.19999999999999996,-0.39999999999999997,-7.0,2021-22,20211201|Burnley|Wolverhampton Wanderers,0,0,0,draw
2021-12-01,Watford,Chelsea,0.3285241072367381,1.2,2.2,1.8,0.4,0.4,0.0,1.0,1.5,1.9,-0.4,0.3,0.1,3.0,2.2,3.0,0.4,2.6,0.6,0.4,2.3,2.5,0.4,2.1,0.7,0.2,3.0,1.1666666666666667,2.5,-0.6666666666666666,1.6,-1.0000000000000002,-1.2999999999999998,-0.7999999999999998,-1.0,1.4,1.5,-2.2,-2.5,-0.19999999999999996,-0.39999999999999997,-0.4,-0.1,0.0,2021-22,20211201|Chelsea|Watford,1,2,3,away
2021-12-01,Southampton,Leicester City,0.44940126565546873,1.4,1.0,1.6,-0.6,0.4,0.2,1.2,0.7,1.2,-0.5,0.3,0.3,4.0,1.4,1.4,1.8,-0.4,0.4,0.2,1.2,1.6,1.8,-0.2,0.3,0.3,3.0,1.6,1.2,0.3,-0.3,0.0,0.0,-0.3999999999999999,-0.9000000000000001,-0.19999999999999996,-0.6000000000000001,-0.19999999999999996,-0.3,0.0,0.0,0.0,0.0,1.0,2021-22,20211201|Leicester City|Southampton,2,2,4,draw
2021-12-01,Everton,Liverpool,0.32166826617236793,0.2,0.6,2.2,-1.6,0.0,0.2,0.8,0.9,1.7,-0.8,0.2,0.2,3.0,2.0,3.4,1.0,2.4,0.6,0.2,2.1,3.3,1.0,2.3,0.6,0.3,4.0,1.4,2.3,0.1,2.1,-1.8,-1.3,-2.8,-2.4,1.2000000000000002,0.7,-4.0,-3.0999999999999996,-0.6,-0.39999999999999997,0.0,-0.09999999999999998,-1.0,2021-22,20211201|Liverpool|Everton,1,4,5,away
2021-12-01,Aston Villa,Manchester City,0.3009211058923799,1.2,1.2,1.8,-0.6,0.4,0.0,1.2,1.3,1.7,-0.4,0.4,0.0,4.0,2.4,2.2,0.8,1.4,0.8,0.0,2.3,1.7,0.6,1.1,0.7,0.2,3.0,1.5,2.2,0.2,0.9,-1.2,-1.0999999999999999,-1.0000000000000002,-0.3999999999999999,1.0,1.1,-2.0,-1.5,-0.4,-0.29999999999999993,0.0,-0.2,1.0,2021-22,20211201|Manchester City|Aston Villa,1,2,3,away
2021-12-02,Manchester United,Arsenal,0.5824208105679145,0.8,1.0,2.4,-1.4,0.2,0.2,1.1,1.4,2.0,-0.6,0.3,0.2,4.0,2.4,1.6,1.0,0.6,0.8,0.0,2.3,1.5,0.8,0.7,0.7,0.2,5.0,1.1,1.9,-0.2,0.0,-1.5999999999999999,-1.1999999999999997,-0.6000000000000001,-0.10000000000000009,1.4,1.2,-2.0,-1.2999999999999998,-0.6000000000000001,-0.39999999999999997,0.2,0.0,-1.0,2021-22,20211202|Arsenal|Manchester United,3,2,5,home
2021-12-02,Tottenham Hotspur,Brentford,0.6637551603447429,1.4,1.0,1.4,-0.4,0.4,0.2,1.3,0.9,1.7,-0.8,0.4,0.1,11.0,0.8,1.4,2.0,-0.6,0.2,0.2,1.1,1.4,1.6,-0.2,0.3,0.2,4.0,2.1,1.5,0.4,0.16666666666666666,0.5999999999999999,0.19999999999999996,-0.3999999999999999,-0.4999999999999999,-0.6000000000000001,0.09999999999999987,0.19999999999999996,-0.6000000000000001,0.2,0.10000000000000003,0.0,-0.1,7.0,2021-22,20211202|Brentford|Tottenham Hotspur,2,0,2,home
2021-12-04,Southampton,Brighton and Hove Albion,0.5139928823724746,1.4,1.0,1.6,-0.6,0.4,0.2,1.2,0.9,1.4,-0.5,0.3,0.3,3.0,0.8,0.8,1.2,-0.4,0.0,0.8,1.0,0.8,1.2,-0.4,0.1,0.7,3.0,1.6,1.0,0.3,-0.4,0.5999999999999999,0.19999999999999996,0.19999999999999996,0.09999999999999998,0.40000000000000013,0.19999999999999996,-0.19999999999999996,-0.09999999999999998,0.4,0.19999999999999998,-0.6000000000000001,-0.39999999999999997,0.0,2021-22,20211204|Brighton and Hove Albion|Southampton,1,1,2,draw
2021-12-04,Newcastle United,Burnley,0.5787398000284507,0.6,1.0,2.0,-1.0,0.0,0.6,0.6,1.1,1.8,-0.7,0.0,0.6,4.0,1.4,1.8,1.4,0.4,0.2,0.8,0.9,1.2,1.5,-0.3,0.1,0.6,3.0,0.7,1.0,-0.8,-0.1,-0.7999999999999999,-0.30000000000000004,-0.8,-0.09999999999999987,0.6000000000000001,0.30000000000000004,-1.4,-0.39999999999999997,-0.2,-0.1,-0.20000000000000007,0.0,1.0,2021-22,20211204|Burnley|Newcastle United,1,0,1,home
2021-12-04,West Ham United,Chelsea,0.4820681806942395,1.4,1.8,1.4,0.4,0.4,0.2,1.6,1.5,1.2,0.3,0.5,0.1,3.0,2.2,2.0,0.6,1.4,0.6,0.4,2.3,2.4,0.5,1.9,0.7,0.2,3.0,1.4,2.5,0.4,1.4,-0.8000000000000003,-0.6999999999999997,-0.19999999999999996,-0.8999999999999999,0.7999999999999999,0.7,-0.9999999999999999,-1.5999999999999999,-0.19999999999999996,-0.19999999999999996,-0.2,-0.1,0.0,2021-22,20211204|Chelsea|West Ham United,3,2,5,home
2021-12-04,Wolverhampton Wanderers,Liverpool,0.3189244418270618,1.6,0.6,0.6,0.0,0.4,0.4,1.8,1.0,0.9,0.1,0.5,0.3,3.0,2.0,3.2,1.2,2.0,0.6,0.2,2.1,3.4,1.1,2.3,0.6,0.3,3.0,1.3,2.5,-0.5,2.4,-0.3999999999999999,-0.30000000000000004,-2.6,-2.4,-0.6,-0.20000000000000007,-2.0,-2.1999999999999997,-0.19999999999999996,-0.09999999999999998,0.2,0.0,0.0,2021-22,20211204|Liverpool|Wolverhampton Wanderers,0,1,1,away
2021-12-04,Watford,Manchester City,0.2482005671308284,0.6,1.4,1.8,-0.4,0.2,0.0,1.0,1.6,1.9,-0.3,0.3,0.1,3.0,2.4,1.8,0.8,1.0,0.8,0.0,2.3,1.8,0.7,1.1,0.7,0.2,3.0,1.0,2.2,-0.7142857142857143,0.9,-1.7999999999999998,-1.2999999999999998,-0.40000000000000013,-0.19999999999999996,1.0,1.2,-1.4,-1.4000000000000001,-0.6000000000000001,-0.39999999999999997,0.0,-0.1,0.0,2021-22,20211204|Manchester City|Watford,1,3,4,away
2021-12-05,Leeds United,Brentford,0.6456993034963722,1.6,1.0,0.8,0.2,0.4,0.4,1.3,0.9,0.9,0.0,0.3,0.4,5.0,0.8,1.2,2.0,-0.8,0.2,0.2,1.1,1.4,1.7,-0.3,0.3,0.2,3.0,1.6,1.2857142857142858,0.2,-0.14285714285714285,0.8,0.19999999999999996,-0.19999999999999996,-0.4999999999999999,-1.2,-0.7999999999999999,1.0,0.3,0.2,0.0,0.2,0.2,2.0,2021-22,20211205|Brentford|Leeds United,2,2,4,draw
2021-12-05,Manchester United,Crystal Palace,0.7517974320974989,1.4,1.6,1.8,-0.2,0.4,0.2,1.1,1.3,2.1,-0.8,0.3,0.2,3.0,1.4,1.6,1.2,0.4,0.4,0.2,1.1,1.4,1.5,-0.1,0.2,0.5,5.0,1.1,0.9,-0.3,-0.7,0.0,0.0,0.0,-0.09999999999999987,0.6000000000000001,0.6000000000000001,-0.6000000000000001,-0.7000000000000001,0.0,0.09999999999999998,0.0,-0.3,-2.0,2021-22,20211205|Crystal Palace|Manchester United,1,0,1,home
2021-12-05,Aston Villa,Leicester City,0.5278818230356083,1.2,1.2,1.6,-0.4,0.4,0.0,1.2,1.4,1.6,-0.2,0.4,0.0,4.0,1.0,1.4,2.0,-0.6,0.2,0.4,1.3,1.8,1.9,-0.1,0.3,0.4,4.0,1.4,1.3,0.1,-0.2,0.19999999999999996,-0.10000000000000009,-0.19999999999999996,-0.40000000000000013,-0.3999999999999999,-0.2999999999999998,0.19999999999999996,-0.1,0.2,0.10000000000000003,-0.4,-0.4,0.0,2021-22,20211205|Leicester City|Aston Villa,2,1,3,home
2021-12-05,Tottenham Hotspur,Norwich City,0.7252623157133453,1.4,0.8,1.0,-0.2,0.4,0.2,1.3,1.0,1.7,-0.7,0.4,0.1,3.0,1.6,1.2,1.0,0.2,0.4,0.4,1.0,0.7,1.7,-1.0,0.2,0.4,5.0,2.1,0.7142857142857143,0.5,-2.0,-0.20000000000000018,0.30000000000000004,-0.3999999999999999,0.30000000000000004,0.0,0.0,-0.4,0.30000000000000004,0.0,0.2,-0.2,-0.30000000000000004,-2.0,2021-22,20211205|Norwich City|Tottenham Hotspur,3,0,3,home
2021-12-06,Everton,Arsenal,0.43514695593151,0.2,0.4,2.0,-1.6,0.0,0.2,0.5,0.7,2.0,-1.3,0.1,0.2,5.0,1.8,1.4,1.4,0.0,0.6,0.0,2.0,1.6,1.1,0.5,0.6,0.2,4.0,1.3,1.6,-0.2,-0.4,-1.6,-1.5,-0.9999999999999999,-0.9000000000000001,0.6000000000000001,0.8999999999999999,-1.6,-1.8,-0.6,-0.5,0.2,0.0,1.0,2021-22,20211206|Arsenal|Everton,2,1,3,home
2021-12-10,Brentford,Watford,0.6298203742999507,1.0,1.4,1.8,-0.4,0.2,0.4,0.9,1.4,1.9,-0.5,0.2,0.3,5.0,0.6,1.6,2.2,-0.6,0.2,0.0,0.7,1.4,2.1,-0.7,0.2,0.1,6.0,1.0,0.8571428571428571,-0.14285714285714285,-0.2857142857142857,0.4,0.20000000000000007,-0.20000000000000018,0.0,-0.40000000000000013,-0.20000000000000018,0.19999999999999996,0.19999999999999996,0.0,0.0,0.4,0.19999999999999998,-1.0,2021-22,20211210|Watford|Brentford,2,1,3,home
2021-12-11,Liverpool,Aston Villa,0.8108380014832325,2.4,3.0,0.8,2.2,0.8,0.0,2.1,3.2,1.1,2.1,0.6,0.3,7.0,1.8,1.4,1.0,0.4,0.6,0.0,1.2,1.3,1.7,-0.4,0.4,0.0,6.0,2.2,1.2,1.7,-0.5,0.5999999999999999,0.9000000000000001,1.6,1.9000000000000001,-0.19999999999999996,-0.5999999999999999,1.8000000000000003,2.5,0.20000000000000007,0.19999999999999996,0.0,0.3,1.0,2021-22,20211211|Aston Villa|Liverpool,1,0,1,home
2021-12-11,Chelsea,Leeds United,0.7657053609915314,1.6,1.8,1.2,0.6,0.4,0.4,2.0,2.3,0.8,1.5,0.6,0.2,7.0,1.2,1.0,1.0,0.0,0.2,0.6,1.3,1.0,1.0,0.0,0.3,0.4,6.0,2.0,1.2,1.6,-0.1,0.40000000000000013,0.7,0.8,1.2999999999999998,0.19999999999999996,-0.19999999999999996,0.6,1.5,0.2,0.3,-0.19999999999999996,-0.2,1.0,2021-22,20211211|Leeds United|Chelsea,3,2,5,home
2021-12-11,Norwich City,Manchester United,0.3645843998179371,1.6,1.0,1.2,-0.2,0.4,0.4,1.0,0.6,1.7,-1.1,0.2,0.4,6.0,1.4,1.2,1.8,-0.6,0.4,0.2,1.1,1.2,2.0,-0.8,0.3,0.2,6.0,0.7142857142857143,1.8,-0.8571428571428571,0.3,0.20000000000000018,-0.10000000000000009,-0.19999999999999996,-0.6,-0.6000000000000001,-0.30000000000000004,0.39999999999999997,-0.30000000000000004,0.0,-0.09999999999999998,0.2,0.2,0.0,2021-22,20211211|Manchester United|Norwich City,0,1,1,away
2021-12-11,Arsenal,Southampton,0.7480692702491604,1.2,1.2,1.8,-0.6,0.4,0.0,1.7,1.6,1.3,0.3,0.5,0.2,5.0,1.0,1.0,1.8,-0.8,0.2,0.4,1.2,1.0,1.5,-0.5,0.3,0.3,7.0,2.2,0.5,0.9,-1.4,0.19999999999999996,0.5,0.19999999999999996,0.6000000000000001,0.0,-0.19999999999999996,0.20000000000000007,0.8,0.2,0.2,-0.4,-0.09999999999999998,-2.0,2021-22,20211211|Southampton|Arsenal,3,0,3,home
2021-12-11,Manchester City,Wolverhampton Wanderers,0.8586520938257363,3.0,2.4,0.6,1.8,1.0,0.0,2.5,2.1,0.8,1.3,0.8,0.1,7.0,1.0,0.2,0.6,-0.4,0.2,0.4,1.8,1.0,0.8,0.2,0.5,0.3,7.0,1.9,1.2,1.7,-0.2,2.0,0.7,2.1999999999999997,1.1,0.0,0.0,2.2,1.1,0.8,0.30000000000000004,-0.4,-0.19999999999999998,0.0,2021-22,20211211|Wolverhampton Wanderers|Manchester City,1,0,1,home
2021-12-12,Crystal Palace,Everton,0.5590085605586518,0.8,1.2,1.4,-0.2,0.2,0.2,1.1,1.4,1.3,0.1,0.2,0.5,7.0,0.8,0.6,1.8,-1.2,0.2,0.2,0.8,0.9,1.8,-0.9,0.2,0.2,6.0,1.3,0.9,0.1,-1.0,0.0,0.30000000000000004,0.6,0.4999999999999999,-0.40000000000000013,-0.5,1.0,1.0,0.0,0.0,0.0,0.3,1.0,2021-22,20211212|Everton|Crystal Palace,3,1,4,home
2021-12-12,Leicester City,Newcastle United,0.7159969183679104,1.0,1.6,2.0,-0.4,0.2,0.4,1.3,1.8,1.9,-0.1,0.3,0.4,7.0,1.2,1.2,1.4,-0.2,0.2,0.6,0.8,1.1,1.7,-0.6,0.1,0.5,8.0,1.3,1.0,-0.4,-0.4,-0.19999999999999996,0.5,0.40000000000000013,0.7,0.6000000000000001,0.19999999999999996,-0.2,0.5,0.0,0.19999999999999998,-0.19999999999999996,-0.09999999999999998,-1.0,2021-22,20211212|Newcastle United|Leicester City,4,0,4,home
2021-12-12,Burnley,West Ham United,0.32884756140168275,1.2,1.4,1.2,0.2,0.2,0.6,0.9,1.1,1.3,-0.2,0.1,0.6,8.0,1.4,1.6,1.6,0.0,0.4,0.2,1.9,1.7,1.2,0.5,0.6,0.1,8.0,0.6,2.0,-0.9,0.8,-0.19999999999999996,-0.9999999999999999,-0.20000000000000018,-0.5999999999999999,-0.40000000000000013,0.10000000000000009,0.2,-0.7,-0.2,-0.5,0.39999999999999997,0.5,0.0,2021-22,20211212|West Ham United|Burnley,0,0,0,draw
2021-12-14,Norwich City,Aston Villa,0.4923384835295266,1.0,0.6,1.2,-0.6,0.2,0.4,1.0,0.6,1.6,-1.0,0.2,0.4,3.0,1.8,1.4,1.0,0.4,0.6,0.0,0.9,1.2,1.8,-0.6,0.3,0.0,3.0,0.625,0.9,-0.875,-0.7,-0.8,0.09999999999999998,-0.7999999999999999,-0.6,0.19999999999999996,-0.19999999999999996,-1.0,-0.4,-0.39999999999999997,-0.09999999999999998,0.4,0.4,0.0,2021-22,20211214|Aston Villa|Norwich City,0,2,2,away
2021-12-14,Manchester City,Leeds United,0.8397946407143836,3.0,2.2,0.6,1.6,1.0,0.0,2.5,2.1,0.8,1.3,0.8,0.1,3.0,1.0,1.2,1.4,-0.2,0.2,0.4,1.3,1.1,1.1,0.0,0.3,0.4,3.0,2.2,1.2,1.9,0.0,2.0,1.2,1.0000000000000002,1.0,-0.7999999999999999,-0.30000000000000004,1.8,1.3,0.8,0.5,-0.4,-0.30000000000000004,0.0,2021-22,20211214|Leeds United|Manchester City,7,0,7,home
2021-12-15,Crystal Palace,Southampton,0.6488402258653443,0.8,1.4,1.6,-0.2,0.2,0.2,1.3,1.6,1.3,0.3,0.3,0.4,3.0,0.4,0.8,2.4,-1.6,0.0,0.4,1.2,1.0,1.7,-0.7,0.3,0.3,4.0,1.6,0.5,0.5,-1.6,0.4,0.10000000000000009,0.5999999999999999,0.6000000000000001,-0.7999999999999998,-0.3999999999999999,1.4000000000000001,1.0,0.2,0.0,-0.2,0.10000000000000003,-1.0,2021-22,20211215|Southampton|Crystal Palace,2,2,4,draw
2021-12-15,Arsenal,West Ham United,0.5508015519539049,1.2,1.6,1.8,-0.2,0.4,0.0,1.7,1.6,1.2,0.4,0.5,0.2,4.0,1.0,1.0,1.2,-0.2,0.2,0.4,1.7,1.5,1.1,0.4,0.5,0.2,3.0,2.5,1.8,1.3,0.7,0.19999999999999996,0.0,0.6000000000000001,0.10000000000000009,0.6000000000000001,0.09999999999999987,0.0,0.0,0.2,0.0,-0.4,0.0,1.0,2021-22,20211215|West Ham United|Arsenal,2,0,2,home
2021-12-15,Brighton and Hove Albion,Wolverhampton Wanderers,0.6207293336490205,0.8,0.6,1.0,-0.4,0.0,0.8,0.8,0.7,1.2,-0.5,0.0,0.8,11.0,1.0,0.2,0.4,-0.2,0.2,0.4,1.5,0.9,0.9,0.0,0.4,0.3,4.0,1.6,1.1,0.1,-0.3,-0.19999999999999996,-0.7,0.39999999999999997,-0.20000000000000007,0.6,0.29999999999999993,-0.2,-0.5,-0.2,-0.4,0.4,0.5,7.0,2021-22,20211215|Wolverhampton Wanderers|Brighton and Hove Albion,0,1,1,away
2021-12-16,Chelsea,Everton,0.8135289210772827,2.0,2.2,1.4,0.8,0.6,0.2,2.3,2.6,0.9,1.7,0.7,0.2,5.0,0.6,0.8,2.4,-1.6,0.2,0.0,0.5,0.8,2.1,-1.3,0.1,0.2,4.0,2.0,0.6,1.5,-1.3,1.4,1.7999999999999998,1.4000000000000001,1.8,-1.0,-1.2000000000000002,2.4000000000000004,3.0,0.39999999999999997,0.6,0.2,0.0,1.0,2021-22,20211216|Everton|Chelsea,1,1,2,draw
2021-12-16,Liverpool,Newcastle United,0.878350649138067,3.0,2.8,0.2,2.6,1.0,0.0,2.3,3.0,0.8,2.2,0.7,0.2,5.0,1.0,1.0,2.0,-1.0,0.2,0.4,0.7,1.0,2.0,-1.0,0.1,0.4,4.0,2.4,0.9,1.8,-0.8,2.0,1.5999999999999999,1.7999999999999998,2.0,-1.8,-1.2,3.6,3.2,0.8,0.6,-0.4,-0.2,1.0,2021-22,20211216|Newcastle United|Liverpool,3,1,4,home
2021-12-18,Leeds United,Arsenal,0.47378742816679553,1.0,1.0,2.4,-1.4,0.2,0.4,1.0,1.0,1.8,-0.8,0.2,0.4,4.0,1.8,2.0,1.0,1.0,0.6,0.0,1.9,1.8,1.2,0.6,0.6,0.1,3.0,1.6,1.3,0.2,-0.7,-0.8,-0.8999999999999999,-1.0,-0.8,1.4,0.6000000000000001,-2.4,-1.4,-0.39999999999999997,-0.39999999999999997,0.4,0.30000000000000004,1.0,2021-22,20211218|Arsenal|Leeds United,1,4,5,away
2021-12-19,Wolverhampton Wanderers,Chelsea,0.36350066575240625,1.0,0.2,0.4,-0.2,0.2,0.4,1.5,0.8,0.8,0.0,0.4,0.3,4.0,1.6,1.8,1.6,0.2,0.4,0.4,2.1,2.4,0.9,1.5,0.6,0.3,3.0,1.3,2.2,-0.2,1.2,-0.6000000000000001,-0.6000000000000001,-1.6,-1.5999999999999999,-1.2000000000000002,-0.09999999999999998,-0.4,-1.5,-0.2,-0.19999999999999996,0.0,0.0,1.0,2021-22,20211219|Chelsea|Wolverhampton Wanderers,0,0,0,draw
2021-12-19,Tottenham Hotspur,Liverpool,0.39290417449334936,2.0,1.4,0.8,0.6,0.6,0.2,1.6,1.3,1.4,-0.1,0.5,0.1,14.0,3.0,2.6,0.4,2.2,1.0,0.0,2.5,3.1,0.7,2.4,0.8,0.1,3.0,2.1,2.5,0.4,2.3,-1.0,-0.8999999999999999,-1.2000000000000002,-1.8,0.4,0.7,-1.6,-2.5,-0.4,-0.30000000000000004,0.2,0.0,11.0,2021-22,20211219|Liverpool|Tottenham Hotspur,2,2,4,draw
2021-12-19,Newcastle United,Manchester City,0.18606244353310353,0.8,0.6,2.0,-1.4,0.2,0.2,0.7,1.0,2.1,-1.1,0.1,0.4,3.0,3.0,3.0,0.6,2.4,1.0,0.0,2.7,2.6,0.6,2.0,0.9,0.0,5.0,1.0,2.2,-0.5,0.9,-2.2,-2.0,-2.4,-1.6,1.4,1.5,-3.8,-3.1,-0.8,-0.8,0.2,0.4,-2.0,2021-22,20211219|Manchester City|Newcastle United,0,4,4,away
2021-12-26,Norwich City,Arsenal,0.3326987369591631,0.4,0.2,1.4,-1.2,0.0,0.4,0.9,0.6,1.8,-1.2,0.2,0.3,12.0,1.8,2.4,1.2,1.2,0.6,0.0,2.1,2.0,1.1,0.9,0.7,0.0,8.0,0.5555555555555556,1.3,-1.0,-0.5,-1.4,-1.2000000000000002,-2.1999999999999997,-1.4,0.19999999999999996,0.7,-2.4,-2.1,-0.6,-0.49999999999999994,0.4,0.3,4.0,2021-22,20211226|Arsenal|Norwich City,0,5,5,away
2021-12-26,Brighton and Hove Albion,Brentford,0.5738662625540581,0.6,0.4,1.0,-0.6,0.0,0.6,0.7,0.6,1.2,-0.6,0.0,0.7,11.0,1.6,1.6,1.6,0.0,0.4,0.4,1.1,1.3,1.7,-0.4,0.3,0.2,16.0,1.3,1.25,-0.2,-0.125,-1.0,-0.40000000000000013,-1.2000000000000002,-0.7000000000000001,-0.6000000000000001,-0.5,-0.6,-0.19999999999999996,-0.4,-0.3,0.19999999999999996,0.49999999999999994,-5.0,2021-22,20211226|Brentford|Brighton and Hove Albion,2,0,2,home
2021-12-26,Aston Villa,Chelsea,0.39887488395445647,1.8,1.4,1.0,0.4,0.6,0.0,1.2,1.3,1.6,-0.3,0.4,0.0,12.0,1.6,1.6,1.4,0.2,0.4,0.4,1.9,2.3,0.9,1.4,0.5,0.4,7.0,1.7,2.0,0.4,1.1,0.19999999999999996,-0.7,-0.20000000000000018,-0.9999999999999998,-0.3999999999999999,0.7000000000000001,0.2,-1.7,0.19999999999999996,-0.09999999999999998,-0.4,-0.4,5.0,2021-22,20211226|Chelsea|Aston Villa,1,3,4,away
2021-12-26,Tottenham Hotspur,Crystal Palace,0.7140101052525984,2.2,1.8,0.6,1.2,0.6,0.4,1.7,1.5,1.3,0.2,0.5,0.2,7.0,0.8,1.2,1.4,-0.2,0.2,0.2,1.3,1.6,1.3,0.3,0.3,0.4,11.0,1.9,0.6,0.2,-1.0,1.4000000000000001,0.3999999999999999,0.6000000000000001,-0.10000000000000009,-0.7999999999999999,0.0,1.4,-0.09999999999999998,0.39999999999999997,0.2,0.2,-0.2,-4.0,2021-22,20211226|Crystal Palace|Tottenham Hotspur,3,0,3,home
2021-12-26,Manchester City,Leicester City,0.8284504494016302,3.0,3.4,0.4,3.0,1.0,0.0,2.7,2.8,0.6,2.2,0.9,0.0,7.0,1.4,2.2,1.8,0.4,0.4,0.2,1.5,2.0,1.7,0.3,0.4,0.3,14.0,2.5,1.2,2.7,-0.3,1.6,1.2000000000000002,1.1999999999999997,0.7999999999999998,-1.4,-1.1,2.6,1.9000000000000001,0.6,0.5,-0.2,-0.3,-7.0,2021-22,20211226|Leicester City|Manchester City,6,3,9,home
2021-12-26,West Ham United,Southampton,0.7782947323181748,1.0,1.0,1.4,-0.4,0.2,0.4,1.7,1.4,1.1,0.3,0.5,0.2,11.0,0.6,1.0,2.4,-1.4,0.0,0.6,1.3,1.1,1.6,-0.5,0.3,0.4,11.0,1.7,0.6,0.6,-1.4,0.4,0.3999999999999999,0.0,0.2999999999999998,-1.0,-0.5,0.9999999999999999,0.8,0.2,0.2,-0.19999999999999996,-0.2,0.0,2021-22,20211226|Southampton|West Ham United,2,3,5,away
2021-12-27,Newcastle United,Manchester United,0.3131759504947525,0.8,0.6,2.4,-1.8,0.2,0.2,0.7,0.8,2.2,-1.4,0.1,0.4,8.0,2.0,1.4,1.4,0.0,0.6,0.2,1.4,1.3,1.9,-0.6,0.4,0.2,16.0,1.0,2.0,-0.8,0.4,-1.2,-0.7,-0.7999999999999999,-0.5,1.0,0.30000000000000027,-1.8,-0.7999999999999999,-0.39999999999999997,-0.30000000000000004,0.0,0.2,-8.0,2021-22,20211227|Manchester United|Newcastle United,1,1,2,draw
2021-12-28,Leicester City,Liverpool,0.35430271060380986,1.4,2.8,2.4,0.4,0.4,0.2,1.4,2.1,2.1,0.0,0.4,0.2,2.0,2.6,2.2,0.8,1.4,0.8,0.2,2.3,2.8,0.9,1.9,0.7,0.2,9.0,1.3,2.3,-0.1,2.2,-1.2000000000000002,-0.8999999999999999,0.5999999999999996,-0.6999999999999997,1.5999999999999999,1.2000000000000002,-0.9999999999999999,-1.9,-0.4,-0.29999999999999993,0.0,0.0,-7.0,2021-22,20211228|Liverpool|Leicester City,1,0,1,home
2021-12-28,Crystal Palace,Norwich City,0.6700802516175531,0.8,1.0,1.6,-0.6,0.2,0.2,1.2,1.4,1.4,0.0,0.3,0.3,2.0,0.2,0.2,2.4,-2.2,0.0,0.2,0.8,0.6,2.3,-1.7,0.2,0.2,2.0,1.4,0.625,0.4,-2.125,0.6000000000000001,0.3999999999999999,0.8,0.7999999999999999,-0.7999999999999998,-0.8999999999999999,1.6,1.7,0.2,0.09999999999999998,0.0,0.09999999999999998,0.0,2021-22,20211228|Norwich City|Crystal Palace,3,0,3,home
2021-12-28,Southampton,Tottenham Hotspur,0.42591052161204623,1.2,1.6,2.0,-0.4,0.2,0.6,1.3,1.3,1.8,-0.5,0.3,0.4,2.0,2.6,2.4,0.6,1.8,0.8,0.2,2.0,1.7,1.0,0.7,0.6,0.2,2.0,1.4,1.2,0.1,-0.4,-1.4000000000000001,-0.7,-0.7999999999999998,-0.3999999999999999,1.4,0.8,-2.2,-1.2,-0.6000000000000001,-0.3,0.39999999999999997,0.2,0.0,2021-22,20211228|Tottenham Hotspur|Southampton,1,1,2,draw
2021-12-28,Watford,West Ham United,0.4183572667842315,0.6,1.8,2.4,-0.6,0.2,0.0,0.6,1.4,2.2,-0.8,0.2,0.0,18.0,1.0,1.2,1.6,-0.4,0.2,0.4,1.4,1.5,1.4,0.1,0.4,0.2,2.0,0.875,1.7,-0.875,0.5,-0.4,-0.7999999999999999,0.6000000000000001,-0.10000000000000009,0.7999999999999998,0.8000000000000003,-0.19999999999999996,-0.9,0.0,-0.2,-0.4,-0.2,16.0,2021-22,20211228|West Ham United|Watford,1,4,5,away
2021-12-29,Chelsea,Brighton and Hove Albion,0.7955377781891648,1.6,1.8,1.4,0.4,0.4,0.4,1.9,1.9,1.0,0.9,0.5,0.4,3.0,1.2,0.8,0.6,0.2,0.2,0.6,0.9,0.8,1.2,-0.4,0.1,0.6,3.0,2.1,1.1,1.6,-0.3,0.40000000000000013,0.9999999999999999,1.0,1.0999999999999999,0.7999999999999999,-0.19999999999999996,0.2,1.3,0.2,0.4,-0.19999999999999996,-0.19999999999999996,0.0,2021-22,20211229|Brighton and Hove Albion|Chelsea,1,1,2,draw
2021-12-29,Brentford,Manchester City,0.23518174527490235,1.4,1.0,1.4,-0.4,0.4,0.2,0.8,1.1,1.8,-0.7,0.2,0.2,3.0,3.0,4.2,0.8,3.4,1.0,0.0,2.7,3.0,0.8,2.2,0.9,0.0,3.0,1.25,2.2,0.0,1.2,-1.6,-1.9000000000000001,-3.2,-1.9,0.5999999999999999,1.0,-3.8,-2.9000000000000004,-0.6,-0.7,0.2,0.2,0.0,2021-22,20211229|Manchester City|Brentford,0,1,1,away
2021-12-30,Manchester United,Burnley,0.8086158425063356,2.2,1.4,0.8,0.6,0.6,0.4,1.4,1.3,1.9,-0.6,0.4,0.2,3.0,0.8,0.8,1.0,-0.2,0.0,0.8,1.0,1.1,1.2,-0.1,0.1,0.7,18.0,1.4,0.7,-0.1,-0.6,1.4000000000000001,0.3999999999999999,0.5999999999999999,0.19999999999999996,-0.19999999999999996,0.7,0.8,-0.5,0.6,0.30000000000000004,-0.4,-0.49999999999999994,-15.0,2021-22,20211230|Burnley|Manchester United,3,1,4,home
2022-01-01,Arsenal,Manchester City,0.3907466463327112,2.4,3.0,0.6,2.4,0.8,0.0,2.1,2.2,1.0,1.2,0.7,0.0,6.0,3.0,3.8,0.6,3.2,1.0,0.0,3.0,3.1,0.6,2.5,1.0,0.0,3.0,2.5,2.5,1.3,1.4,-0.6000000000000001,-0.8999999999999999,-0.7999999999999998,-0.8999999999999999,0.0,0.4,-0.8000000000000003,-1.3,-0.19999999999999996,-0.30000000000000004,0.0,0.0,3.0,2021-22,20220101|Manchester City|Arsenal,1,2,3,away
2022-01-01,Watford,Tottenham Hotspur,0.3941533298903344,0.0,1.2,3.0,-1.8,0.0,0.0,0.6,1.5,2.5,-1.0,0.2,0.0,4.0,2.2,2.2,0.6,1.6,0.6,0.4,1.8,1.6,1.0,0.6,0.5,0.3,4.0,0.7777777777777778,1.2,-1.1111111111111112,-0.4,-2.2,-1.2000000000000002,-1.0000000000000002,-0.10000000000000009,2.4,1.5,-3.4000000000000004,-1.6,-0.6,-0.3,-0.4,-0.3,0.0,2021-22,20220101|Tottenham Hotspur|Watford,0,1,1,away
2022-01-01,Crystal Palace,West Ham United,0.4356856878556994,1.4,1.6,1.4,0.2,0.4,0.2,1.4,1.6,1.3,0.3,0.4,0.2,4.0,1.4,1.8,1.6,0.2,0.4,0.2,1.4,1.8,1.5,0.3,0.4,0.2,4.0,1.7,1.7,0.9,0.6,0.0,0.0,-0.19999999999999996,-0.19999999999999996,-0.20000000000000018,-0.19999999999999996,0.0,0.0,0.0,0.0,0.0,0.0,0.0,2021-22,20220101|West Ham United|Crystal Palace,2,3,5,away
2022-01-02,Brentford,Aston Villa,0.5510285327754245,0.8,0.8,1.6,-0.8,0.2,0.2,0.8,1.1,1.8,-0.7,0.2,0.2,4.0,1.2,1.2,1.4,-0.2,0.4,0.0,1.2,1.2,1.6,-0.4,0.4,0.0,7.0,1.1111111111111112,1.2,-0.1111111111111111,-0.4,-0.3999999999999999,-0.3999999999999999,-0.3999999999999999,-0.09999999999999987,0.20000000000000018,0.19999999999999996,-0.6000000000000001,-0.29999999999999993,-0.2,-0.2,0.2,0.2,-3.0,2021-22,20220102|Aston Villa|Brentford,2,1,3,home
2022-01-02,Everton,Brighton and Hove Albion,0.5636593785720256,0.8,1.0,2.0,-1.0,0.2,0.2,0.5,0.8,2.1,-1.3,0.1,0.2,17.0,1.2,1.0,0.8,0.2,0.2,0.6,0.9,0.9,1.3,-0.4,0.1,0.6,4.0,1.6,1.2,0.0,-0.2,-0.3999999999999999,-0.4,0.0,-0.09999999999999998,1.2,0.8,-1.2,-0.9,0.0,0.0,-0.39999999999999997,-0.39999999999999997,13.0,2021-22,20220102|Brighton and Hove Albion|Everton,2,3,5,away
2022-01-02,Leeds United,Burnley,0.6869273936942456,0.8,1.2,3.2,-2.0,0.2,0.2,1.0,1.1,2.1,-1.0,0.2,0.4,15.0,0.6,0.8,1.4,-0.6,0.0,0.6,0.9,1.0,1.3,-0.3,0.1,0.6,3.0,1.3,0.4,-0.3,-1.0,0.20000000000000007,0.09999999999999998,0.3999999999999999,0.10000000000000009,1.8000000000000003,0.8,-1.4,-0.7,0.2,0.1,-0.39999999999999997,-0.19999999999999996,12.0,2021-22,20220102|Burnley|Leeds United,3,1,4,home
2022-01-02,Chelsea,Liverpool,0.5558594192186948,1.8,1.6,1.0,0.6,0.4,0.6,1.7,1.7,1.1,0.6,0.4,0.5,4.0,2.0,1.4,0.8,0.6,0.6,0.2,2.0,2.3,1.0,1.3,0.6,0.2,5.0,1.9,2.0,1.5,1.8,-0.19999999999999996,-0.30000000000000004,0.20000000000000018,-0.5999999999999999,0.19999999999999996,0.10000000000000009,0.0,-0.7000000000000001,-0.19999999999999996,-0.19999999999999996,0.39999999999999997,0.3,-1.0,2021-22,20220102|Liverpool|Chelsea,2,2,4,draw
2022-01-03,Manchester United,Wolverhampton Wanderers,0.7401662294546385,2.6,1.8,0.8,1.0,0.8,0.2,1.7,1.4,1.6,-0.2,0.5,0.2,4.0,1.0,0.2,0.4,-0.2,0.2,0.4,1.3,0.5,0.6,-0.1,0.3,0.4,15.0,1.7,1.4,0.3,0.0,1.6,0.3999999999999999,1.6,0.8999999999999999,0.4,1.0,1.2,-0.1,0.6000000000000001,0.2,-0.2,-0.2,-11.0,2021-22,20220103|Wolverhampton Wanderers|Manchester United,0,1,1,away
2022-01-11,Southampton,Brentford,0.553656072248718,1.2,1.4,1.8,-0.4,0.2,0.6,1.3,1.2,1.7,-0.5,0.3,0.4,14.0,1.4,1.2,1.4,-0.2,0.4,0.2,1.1,1.2,1.7,-0.5,0.3,0.2,9.0,1.2,1.1111111111111112,-0.1,-0.3333333333333333,-0.19999999999999996,0.19999999999999996,0.19999999999999996,0.0,0.40000000000000013,0.0,-0.2,0.0,-0.2,0.0,0.39999999999999997,0.2,5.0,2021-22,20220111|Brentford|Southampton,4,1,5,home
2022-01-12,West Ham United,Norwich City,0.8224158459650692,1.4,1.8,1.6,0.2,0.4,0.2,1.4,1.7,1.6,0.1,0.4,0.2,11.0,0.0,0.0,2.8,-2.8,0.0,0.0,0.8,0.6,1.9,-1.3,0.2,0.2,15.0,1.7,0.5555555555555556,0.6,-2.2222222222222223,1.4,0.5999999999999999,1.8,1.1,-1.1999999999999997,-0.2999999999999998,3.0,1.4000000000000001,0.4,0.2,0.2,0.0,-4.0,2021-22,20220112|Norwich City|West Ham United,2,0,2,home
2022-01-14,Brighton and Hove Albion,Crystal Palace,0.6656345925472096,1.6,1.4,1.0,0.4,0.4,0.4,1.2,1.1,1.1,0.0,0.2,0.6,12.0,1.4,2.0,1.8,0.2,0.4,0.2,1.1,1.6,1.6,0.0,0.3,0.2,13.0,1.5,0.6,0.0,-1.1,0.20000000000000018,0.09999999999999987,-0.6000000000000001,-0.5,-0.8,-0.5,0.2,0.0,0.0,-0.09999999999999998,0.2,0.39999999999999997,-1.0,2021-22,20220114|Crystal Palace|Brighton and Hove Albion,1,1,2,draw
2022-01-15,Manchester City,Chelsea,0.7347928302723905,3.0,4.0,0.8,3.2,1.0,0.0,3.0,3.1,0.7,2.4,1.0,0.0,14.0,1.4,1.4,1.0,0.4,0.2,0.8,1.7,1.8,1.2,0.6,0.4,0.5,13.0,2.5,2.3,2.5,1.4,1.6,1.3,2.6,1.3,-0.19999999999999996,-0.5,2.8000000000000003,1.7999999999999998,0.8,0.6,-0.8,-0.5,1.0,2021-22,20220115|Chelsea|Manchester City,1,0,1,home
2022-01-15,Norwich City,Everton,0.4827688644147533,0.0,0.0,2.6,-2.6,0.0,0.0,0.8,0.5,1.9,-1.4,0.2,0.2,3.0,0.8,1.4,2.4,-1.0,0.2,0.2,0.5,1.0,2.3,-1.3,0.1,0.2,13.0,0.5,0.6,-1.4,-1.3,-0.8,0.30000000000000004,-1.4,-0.5,0.20000000000000018,-0.3999999999999999,-1.6,-0.09999999999999987,-0.2,0.1,-0.2,0.0,-10.0,2021-22,20220115|Everton|Norwich City,2,1,3,home
2022-01-15,Aston Villa,Manchester United,0.44783147452115546,1.2,1.2,1.4,-0.2,0.4,0.0,1.2,1.2,1.5,-0.3,0.4,0.0,13.0,2.0,1.2,0.6,0.6,0.6,0.2,1.7,1.4,1.2,0.2,0.5,0.2,12.0,1.6,1.8,0.2,0.2,-0.8,-0.5,0.0,-0.19999999999999996,0.7999999999999999,0.30000000000000004,-0.8,-0.5,-0.19999999999999996,-0.09999999999999998,-0.2,-0.2,1.0,2021-22,20220115|Manchester United|Aston Villa,2,2,4,draw
2022-01-15,Wolverhampton Wanderers,Southampton,0.6500875703464782,1.4,0.4,0.4,0.0,0.4,0.2,1.5,0.5,0.5,0.0,0.4,0.3,12.0,1.6,2.0,1.8,0.2,0.4,0.4,1.3,1.5,1.8,-0.3,0.3,0.4,4.0,1.1,0.9,-0.3,-1.0,-0.20000000000000018,0.19999999999999996,-1.6,-1.0,-1.4,-1.3,-0.2,0.3,0.0,0.10000000000000003,-0.2,-0.10000000000000003,8.0,2021-22,20220115|Southampton|Wolverhampton Wanderers,3,1,4,home
2022-01-15,Newcastle United,Watford,0.582626644096895,0.8,0.6,2.4,-1.8,0.2,0.2,0.7,0.8,2.2,-1.4,0.1,0.4,19.0,0.0,0.8,2.4,-1.6,0.0,0.0,0.6,1.5,2.1,-0.6,0.2,0.0,14.0,0.8,0.75,-0.9,-0.375,0.8,0.09999999999999998,-0.20000000000000007,-0.7,0.0,0.10000000000000009,-0.19999999999999996,-0.7999999999999999,0.2,-0.1,0.2,0.4,5.0,2021-22,20220115|Watford|Newcastle United,1,1,2,draw
2022-01-16,Liverpool,Brentford,0.8313995279087604,1.6,1.6,1.2,0.4,0.4,0.4,2.0,2.3,1.0,1.3,0.6,0.2,14.0,1.2,1.0,1.8,-0.8,0.4,0.0,1.1,1.2,1.8,-0.6,0.3,0.2,5.0,2.4,1.0,1.8,-0.6,0.40000000000000013,0.8999999999999999,0.6000000000000001,1.0999999999999999,-0.6000000000000001,-0.8,1.2000000000000002,1.9,0.0,0.3,0.4,0.0,9.0,2021-22,20220116|Brentford|Liverpool,3,0,3,home
2022-01-16,West Ham United,Leeds United,0.7233304518717376,1.8,2.2,1.6,0.6,0.6,0.0,1.4,1.6,1.4,0.2,0.4,0.2,4.0,0.8,1.6,3.4,-1.8,0.2,0.2,1.2,1.3,2.1,-0.8,0.3,0.3,14.0,1.7,0.9,0.5,-1.1,1.0,0.19999999999999996,0.6000000000000001,0.30000000000000004,-1.7999999999999998,-0.7000000000000002,2.4,1.0,0.39999999999999997,0.10000000000000003,-0.2,-0.09999999999999998,-10.0,2021-22,20220116|Leeds United|West Ham United,2,3,5,away
2022-01-18,Brighton and Hove Albion,Chelsea,0.3975827437470752,1.6,1.4,1.0,0.4,0.4,0.4,1.2,1.0,1.0,0.0,0.2,0.6,4.0,1.2,1.2,1.0,0.2,0.2,0.6,1.4,1.5,1.3,0.2,0.3,0.5,3.0,1.3,2.0,-0.1,1.1,0.40000000000000013,-0.19999999999999996,0.19999999999999996,-0.5,0.0,-0.30000000000000004,0.2,-0.2,0.2,-0.09999999999999998,-0.19999999999999996,0.09999999999999998,1.0,2021-22,20220118|Chelsea|Brighton and Hove Albion,1,1,2,draw
2022-01-19,Brentford,Manchester United,0.4138257226298084,0.6,0.6,2.2,-1.6,0.2,0.0,1.1,1.1,1.9,-0.8,0.3,0.2,3.0,1.6,1.4,1.0,0.4,0.4,0.4,1.5,1.3,1.4,-0.1,0.4,0.3,4.0,1.3,1.6,0.0,0.1,-1.0,-0.3999999999999999,-0.7999999999999999,-0.19999999999999996,1.2000000000000002,0.5,-2.0,-0.7000000000000001,-0.2,-0.10000000000000003,-0.4,-0.09999999999999998,-1.0,2021-22,20220119|Manchester United|Brentford,1,3,4,away
2022-01-19,Leicester City,Tottenham Hotspur,0.543624650826731,1.4,2.2,2.0,0.2,0.4,0.2,1.4,1.8,1.9,-0.1,0.4,0.2,22.0,2.2,2.0,0.6,1.4,0.6,0.4,1.8,1.4,0.8,0.6,0.5,0.3,18.0,1.6,1.4,0.2,-0.3,-0.8000000000000003,-0.40000000000000013,0.20000000000000018,0.40000000000000013,1.4,1.0999999999999999,-1.2,-0.7,-0.19999999999999996,-0.09999999999999998,-0.2,-0.09999999999999998,4.0,2021-22,20220119|Tottenham Hotspur|Leicester City,2,3,5,away
2022-01-21,Watford,Norwich City,0.6237040979035251,0.2,0.8,2.2,-1.4,0.0,0.2,0.4,1.1,2.0,-0.9,0.1,0.1,6.0,0.6,0.4,2.6,-2.2,0.2,0.0,0.8,0.5,1.9,-1.4,0.2,0.2,6.0,0.7,0.5,-1.1,-2.2,-0.39999999999999997,-0.4,0.4,0.6000000000000001,-0.3999999999999999,0.10000000000000009,0.8000000000000003,0.4999999999999999,-0.2,-0.1,0.2,-0.1,0.0,2021-22,20220121|Norwich City|Watford,0,3,3,away
2022-01-22,Everton,Aston Villa,0.5320547722755343,0.8,1.4,2.0,-0.6,0.2,0.2,0.5,0.9,2.0,-1.1,0.1,0.2,7.0,0.8,1.2,1.6,-0.4,0.2,0.2,1.3,1.3,1.3,0.0,0.4,0.1,7.0,1.6,0.9,0.0,-0.6,0.0,-0.8,0.19999999999999996,-0.4,0.3999999999999999,0.7,-0.19999999999999996,-1.1,0.0,-0.30000000000000004,0.0,0.1,0.0,2021-22,20220122|Aston Villa|Everton,0,1,1,away
2022-01-22,Southampton,Manchester City,0.1948365358852944,1.6,2.2,1.8,0.4,0.4,0.4,1.0,1.5,2.1,-0.6,0.2,0.4,7.0,3.0,2.8,0.8,2.0,1.0,0.0,3.0,2.9,0.7,2.2,1.0,0.0,7.0,1.5,2.8,0.4,1.6,-1.4,-2.0,-0.5999999999999996,-1.4,1.0,1.4000000000000001,-1.6,-2.8000000000000003,-0.6,-0.8,0.4,0.4,0.0,2021-22,20220122|Manchester City|Southampton,1,1,2,draw
2022-01-22,Leeds United,Newcastle United,0.7253127155018645,1.2,1.8,3.4,-1.6,0.4,0.0,1.2,1.4,2.2,-0.8,0.3,0.3,6.0,0.4,0.6,2.6,-2.0,0.0,0.4,0.8,0.9,2.0,-1.1,0.1,0.5,7.0,1.3,0.6,-0.3,-1.2,0.7999999999999999,0.3999999999999999,1.2000000000000002,0.4999999999999999,0.7999999999999998,0.20000000000000018,0.3999999999999999,0.30000000000000004,0.4,0.19999999999999998,-0.4,-0.2,-1.0,2021-22,20220122|Newcastle United|Leeds United,0,1,1,away
2022-01-22,Manchester United,West Ham United,0.6261104495787291,1.6,1.8,1.2,0.6,0.4,0.4,1.8,1.6,1.3,0.3,0.5,0.3,3.0,1.8,2.6,1.8,0.8,0.6,0.0,1.4,1.8,1.6,0.2,0.4,0.2,6.0,1.6,1.7,0.2,0.5,-0.19999999999999996,0.40000000000000013,-0.8,-0.19999999999999996,-0.6000000000000001,-0.30000000000000004,-0.20000000000000007,0.09999999999999998,-0.19999999999999996,0.09999999999999998,0.4,0.09999999999999998,-3.0,2021-22,20220122|West Ham United|Manchester United,1,0,1,home
2022-01-22,Brentford,Wolverhampton Wanderers,0.489348600867684,0.6,0.8,2.4,-1.6,0.2,0.0,1.0,0.9,1.9,-1.0,0.3,0.1,3.0,2.0,1.0,0.4,0.6,0.6,0.2,1.5,0.6,0.5,0.1,0.4,0.3,7.0,1.0,1.7,-0.4,0.2,-1.4,-0.5,-0.19999999999999996,0.30000000000000004,2.0,1.4,-2.2,-1.1,-0.39999999999999997,-0.10000000000000003,-0.2,-0.19999999999999998,-4.0,2021-22,20220122|Wolverhampton Wanderers|Brentford,1,2,3,away
2022-01-23,Leicester City,Brighton and Hove Albion,0.62002244446983,1.2,2.2,2.2,0.0,0.4,0.0,1.1,1.8,2.1,-0.3,0.3,0.2,4.0,1.8,1.6,1.0,0.6,0.4,0.6,1.2,1.0,1.0,0.0,0.2,0.6,5.0,1.6,1.5,0.3,0.1,-0.6000000000000001,-0.09999999999999987,0.6000000000000001,0.8,1.2000000000000002,1.1,-0.6,-0.3,0.0,0.09999999999999998,-0.6,-0.39999999999999997,-1.0,2021-22,20220123|Brighton and Hove Albion|Leicester City,1,1,2,draw
2022-01-23,Arsenal,Burnley,0.8190115167932985,2.4,3.0,0.6,2.4,0.8,0.0,1.8,2.1,1.2,0.9,0.6,0.0,22.0,0.4,0.4,1.4,-1.0,0.0,0.4,0.8,1.1,1.6,-0.5,0.1,0.5,21.0,2.2,0.4,1.0,-1.1,2.0,1.0,2.6,1.0,-0.7999999999999999,-0.40000000000000013,3.4,1.4,0.8,0.5,-0.4,-0.5,1.0,2021-22,20220123|Burnley|Arsenal,0,0,0,draw
2022-01-23,Crystal Palace,Liverpool,0.2845378548643321,1.0,1.6,1.8,-0.2,0.2,0.4,0.9,1.5,1.7,-0.2,0.2,0.3,9.0,1.6,2.0,1.2,0.8,0.4,0.4,2.3,2.4,0.7,1.7,0.7,0.2,7.0,1.6,1.8,0.8,1.5,-0.6000000000000001,-1.4,-0.3999999999999999,-0.8999999999999999,0.6000000000000001,1.0,-1.0,-1.9,-0.2,-0.49999999999999994,0.0,0.09999999999999998,2.0,2021-22,20220123|Liverpool|Crystal Palace,1,3,4,away
2022-01-23,Chelsea,Tottenham Hotspur,0.6576083480720758,1.2,1.4,1.2,0.2,0.2,0.6,1.4,1.5,1.3,0.2,0.3,0.5,5.0,2.2,2.0,1.0,1.0,0.6,0.4,2.1,1.7,0.9,0.8,0.6,0.3,4.0,1.7,1.7,1.2,0.0,-1.0000000000000002,-0.7000000000000002,-0.6000000000000001,-0.19999999999999996,0.19999999999999996,0.4,-0.8,-0.6000000000000001,-0.39999999999999997,-0.3,0.19999999999999996,0.2,1.0,2021-22,20220123|Tottenham Hotspur|Chelsea,2,0,2,home
2022-02-05,Burnley,Watford,0.6077781648744651,0.4,0.4,1.4,-1.0,0.0,0.4,0.9,1.1,1.4,-0.3,0.1,0.6,13.0,0.2,0.6,2.2,-1.6,0.0,0.2,0.4,1.1,2.2,-1.1,0.1,0.1,15.0,0.7,0.7777777777777778,-0.8,-0.3333333333333333,0.2,0.5,-0.19999999999999996,0.0,-0.8000000000000003,-0.8000000000000003,0.6000000000000001,0.8,0.0,0.0,0.2,0.5,-2.0,2021-22,20220205|Watford|Burnley,0,0,0,draw
2022-02-08,Newcastle United,Everton,0.5874336871371358,1.0,0.8,1.8,-1.0,0.2,0.4,1.0,0.9,1.9,-1.0,0.2,0.4,17.0,0.2,1.0,2.0,-1.0,0.0,0.2,0.5,0.8,1.9,-1.1,0.1,0.2,17.0,0.9,0.6,-0.7,-0.9,0.8,0.5,-0.19999999999999996,0.09999999999999998,-0.19999999999999996,0.0,0.0,0.10000000000000009,0.2,0.1,0.2,0.2,0.0,2021-22,20220208|Everton|Newcastle United,3,1,4,home
2022-02-08,Burnley,Manchester United,0.3122255722213186,0.6,0.4,1.2,-0.8,0.0,0.6,0.9,0.9,1.2,-0.3,0.1,0.6,3.0,2.0,1.8,1.0,0.8,0.6,0.2,2.1,1.6,0.9,0.7,0.6,0.3,17.0,0.8,1.8,-0.7,0.3,-1.4,-1.2000000000000002,-1.4,-0.7000000000000001,0.19999999999999996,0.29999999999999993,-1.6,-1.0,-0.6,-0.5,0.39999999999999997,0.3,-14.0,2021-22,20220208|Manchester United|Burnley,1,1,2,draw
2022-02-08,West Ham United,Watford,0.7883493549816214,1.8,2.2,1.4,0.8,0.6,0.0,1.4,1.7,1.5,0.2,0.4,0.2,17.0,0.4,0.4,1.8,-1.4,0.0,0.4,0.5,1.1,2.1,-1.0,0.1,0.2,3.0,1.4,0.8,0.1,-0.3,1.4,0.8999999999999999,1.8000000000000003,0.5999999999999999,-0.40000000000000013,-0.6000000000000001,2.2,1.2,0.6,0.30000000000000004,-0.4,0.0,14.0,2021-22,20220208|Watford|West Ham United,1,0,1,home
2022-02-09,Manchester City,Brentford,0.9048593157841717,2.6,2.2,1.0,1.2,0.8,0.2,2.8,2.8,0.7,2.1,0.9,0.1,18.0,0.6,1.0,2.6,-1.6,0.2,0.0,0.7,0.9,2.1,-1.2,0.2,0.1,18.0,2.5,0.9,2.1,-0.9,2.0,2.0999999999999996,1.2000000000000002,1.9,-1.6,-1.4000000000000001,2.8,3.3,0.6000000000000001,0.7,0.2,0.0,0.0,2021-22,20220209|Brentford|Manchester City,2,0,2,home
2022-02-09,Norwich City,Crystal Palace,0.5438595289130246,1.2,1.0,2.2,-1.2,0.4,0.0,0.8,0.6,1.8,-1.2,0.2,0.2,19.0,0.8,1.4,2.0,-0.6,0.2,0.2,0.8,1.3,1.7,-0.4,0.2,0.2,17.0,0.8,0.7,-1.0,-0.9,0.3999999999999999,0.0,-0.3999999999999999,-0.7000000000000001,0.20000000000000018,0.10000000000000009,-0.6,-0.7999999999999999,0.2,0.0,-0.2,0.0,2.0,2021-22,20220209|Crystal Palace|Norwich City,1,1,2,draw
2022-02-09,Aston Villa,Leeds United,0.6066049453833328,1.4,1.4,1.4,0.0,0.4,0.2,1.6,1.4,1.2,0.2,0.5,0.1,18.0,1.2,1.4,3.0,-1.6,0.4,0.0,1.1,1.3,2.2,-0.9,0.3,0.2,18.0,1.4,0.9,0.1,-1.2,0.19999999999999996,0.5,0.0,0.09999999999999987,-1.6,-1.0000000000000002,1.6,1.1,0.0,0.2,0.2,-0.1,0.0,2021-22,20220209|Leeds United|Aston Villa,3,3,6,draw
2022-02-09,Tottenham Hotspur,Southampton,0.7401589510705999,2.0,1.6,1.0,0.6,0.6,0.2,2.1,1.7,0.8,0.9,0.6,0.3,17.0,1.6,2.0,1.6,0.4,0.4,0.4,1.1,1.5,2.0,-0.5,0.2,0.5,18.0,2.2,0.9,0.6,-1.0,0.3999999999999999,1.0,-0.3999999999999999,0.19999999999999996,-0.6000000000000001,-1.2,0.19999999999999996,1.4,0.19999999999999996,0.39999999999999997,-0.2,-0.2,-1.0,2021-22,20220209|Southampton|Tottenham Hotspur,2,3,5,away
2022-02-10,Wolverhampton Wanderers,Arsenal,0.511586639822143,2.6,1.4,0.4,1.0,0.8,0.2,1.8,0.8,0.4,0.4,0.5,0.3,19.0,2.0,2.4,0.6,1.8,0.6,0.2,1.6,2.0,1.2,0.8,0.5,0.1,18.0,1.4,1.3,0.0,-0.2,0.6000000000000001,0.19999999999999996,-1.0,-1.2,-0.19999999999999996,-0.7999999999999999,-0.8,-0.4,0.20000000000000007,0.0,0.0,0.19999999999999998,1.0,2021-22,20220210|Arsenal|Wolverhampton Wanderers,0,1,1,away
2022-02-10,Liverpool,Leicester City,0.79208451064567,1.6,2.0,1.2,0.8,0.4,0.4,2.3,2.3,0.8,1.5,0.7,0.2,18.0,1.4,2.2,2.0,0.2,0.4,0.2,1.2,1.9,2.0,-0.1,0.3,0.3,18.0,2.4,0.9,1.9,-0.7,0.20000000000000018,1.0999999999999999,-0.20000000000000018,0.3999999999999999,-0.8,-1.2,0.6000000000000001,1.6,0.0,0.39999999999999997,0.2,-0.09999999999999998,0.0,2021-22,20220210|Leicester City|Liverpool,2,0,2,home
2022-02-12,Watford,Brighton and Hove Albion,0.4272055646279053,0.4,0.2,1.2,-1.0,0.0,0.4,0.2,0.7,2.1,-1.4,0.0,0.2,4.0,1.4,1.4,1.2,0.2,0.2,0.8,1.3,1.1,0.9,0.2,0.2,0.7,20.0,0.4,1.3,-1.5,0.0,-0.9999999999999999,-1.1,-1.2,-0.40000000000000013,0.0,1.2000000000000002,-1.2,-1.5999999999999999,-0.2,-0.2,-0.4,-0.49999999999999994,-16.0,2021-22,20220212|Brighton and Hove Albion|Watford,0,2,2,away
2022-02-12,Brentford,Crystal Palace,0.5659660849844897,0.0,0.6,2.8,-2.2,0.0,0.0,0.7,0.9,2.1,-1.2,0.2,0.1,3.0,1.0,1.6,1.6,0.0,0.2,0.4,0.9,1.3,1.6,-0.3,0.2,0.3,3.0,1.0,0.8,-0.4,-0.6,-1.0,-0.20000000000000007,-1.0,-0.4,1.1999999999999997,0.5,-2.2,-0.8999999999999999,-0.2,0.0,-0.4,-0.19999999999999998,0.0,2021-22,20220212|Crystal Palace|Brentford,0,0,0,draw
2022-02-12,Everton,Leeds United,0.48431244557398734,0.2,1.0,2.0,-1.0,0.0,0.2,0.4,0.9,2.2,-1.3,0.1,0.1,4.0,1.4,2.0,2.2,-0.2,0.4,0.2,1.2,1.5,2.3,-0.8,0.3,0.3,3.0,1.3,1.0,-0.2,-0.8,-1.2,-0.7999999999999999,-1.0,-0.6,-0.20000000000000018,-0.09999999999999964,-0.8,-0.5,-0.4,-0.19999999999999998,0.0,-0.19999999999999998,1.0,2021-22,20220212|Leeds United|Everton,3,0,3,home
2022-02-12,Norwich City,Manchester City,0.16269374654776314,1.4,1.2,1.4,-0.2,0.4,0.2,0.8,0.7,1.9,-1.2,0.2,0.2,3.0,2.6,1.4,0.4,1.0,0.8,0.2,2.8,2.8,0.6,2.2,0.9,0.1,3.0,0.9,2.6,-0.9,1.5,-1.2000000000000002,-1.9999999999999998,-0.19999999999999996,-2.0999999999999996,0.9999999999999999,1.2999999999999998,-1.2,-3.4000000000000004,-0.4,-0.7,0.0,0.1,0.0,2021-22,20220212|Manchester City|Norwich City,0,4,4,away
2022-02-12,Manchester United,Southampton,0.743050367212424,1.6,1.4,1.0,0.4,0.4,0.4,2.1,1.6,0.9,0.7,0.6,0.3,4.0,1.6,2.0,1.6,0.4,0.4,0.4,1.4,1.8,1.8,0.0,0.3,0.5,3.0,1.6,1.1,-0.1,-0.9,0.0,0.7000000000000002,-0.6000000000000001,-0.19999999999999996,-0.6000000000000001,-0.9,0.0,0.7,0.0,0.3,0.0,-0.2,1.0,2021-22,20220212|Southampton|Manchester United,1,1,2,draw
2022-02-13,Newcastle United,Aston Villa,0.5070854283280469,1.6,1.2,1.4,-0.2,0.4,0.4,1.2,0.9,1.7,-0.8,0.3,0.3,5.0,1.0,1.6,2.0,-0.4,0.2,0.4,1.4,1.5,1.5,0.0,0.4,0.2,4.0,1.1,1.2,-0.5,-0.4,0.6000000000000001,-0.19999999999999996,-0.40000000000000013,-0.6,-0.6000000000000001,0.19999999999999996,0.2,-0.8,0.2,-0.10000000000000003,0.0,0.09999999999999998,1.0,2021-22,20220213|Aston Villa|Newcastle United,1,0,1,home
2022-02-13,Burnley,Liverpool,0.21723840060801453,0.6,0.6,1.4,-0.8,0.0,0.6,0.7,0.7,1.2,-0.5,0.0,0.7,5.0,2.0,2.0,0.8,1.2,0.6,0.2,2.3,2.1,0.8,1.3,0.7,0.2,3.0,0.9,1.8,-0.3,1.4,-1.4,-1.5999999999999999,-1.4,-1.4000000000000001,0.5999999999999999,0.3999999999999999,-2.0,-1.8,-0.6,-0.7,0.39999999999999997,0.49999999999999994,2.0,2021-22,20220213|Liverpool|Burnley,0,1,1,away
2022-02-13,Leicester City,West Ham United,0.5204785418170432,0.8,1.4,2.4,-1.0,0.2,0.2,1.1,1.8,2.1,-0.3,0.3,0.2,3.0,1.8,1.6,1.2,0.4,0.6,0.0,1.6,1.7,1.4,0.3,0.5,0.1,5.0,1.4,1.6,0.2,0.4,-1.0,-0.5,-0.20000000000000018,0.10000000000000009,1.2,0.7000000000000002,-1.4,-0.6,-0.39999999999999997,-0.2,0.2,0.1,-2.0,2021-22,20220213|West Ham United|Leicester City,2,2,4,draw
2022-02-13,Tottenham Hotspur,Wolverhampton Wanderers,0.6485622701846236,1.4,1.4,1.6,-0.2,0.4,0.2,2.0,1.9,1.1,0.8,0.6,0.2,4.0,2.0,1.2,0.6,0.6,0.6,0.2,1.5,0.7,0.5,0.2,0.4,0.3,3.0,1.9,2.0,0.4,0.4,-0.6000000000000001,0.5,0.19999999999999996,1.2,1.0,0.6000000000000001,-0.8,0.6000000000000001,-0.19999999999999996,0.19999999999999996,0.0,-0.09999999999999998,1.0,2021-22,20220213|Wolverhampton Wanderers|Tottenham Hotspur,0,2,2,away
2022-02-15,Manchester United,Brighton and Hove Albion,0.6909829813803453,1.8,1.6,1.0,0.6,0.4,0.6,1.9,1.4,0.8,0.6,0.5,0.4,3.0,1.8,1.6,1.0,0.6,0.4,0.6,1.5,1.3,0.9,0.4,0.3,0.6,3.0,1.4,1.3,-0.4,0.1,0.0,0.3999999999999999,0.0,0.09999999999999987,0.0,-0.09999999999999998,0.0,0.19999999999999996,0.0,0.2,0.0,-0.19999999999999996,0.0,2021-22,20220215|Brighton and Hove Albion|Manchester United,2,0,2,home
2022-02-19,Arsenal,Brentford,0.7981508376722797,2.0,2.2,0.6,1.6,0.6,0.2,1.9,2.1,0.8,1.3,0.6,0.1,9.0,0.2,0.4,2.0,-1.6,0.0,0.2,0.7,0.7,1.9,-1.2,0.2,0.1,7.0,2.3,0.8,1.2,-1.1,1.8,1.2,1.8000000000000003,1.4000000000000001,-1.4,-1.0999999999999999,3.2,2.5,0.6,0.39999999999999997,0.0,0.0,2.0,2021-22,20220219|Brentford|Arsenal,2,1,3,home
2022-02-19,Brighton and Hove Albion,Burnley,0.7315968426206417,1.2,1.0,1.0,0.0,0.2,0.6,1.4,1.2,1.0,0.2,0.3,0.5,4.0,0.6,0.4,1.0,-0.6,0.0,0.6,0.6,0.6,1.2,-0.6,0.0,0.6,6.0,1.1,0.5,-0.3,-0.9,0.6,0.7999999999999999,0.6,0.6,0.0,-0.19999999999999996,0.6,0.8,0.2,0.3,0.0,-0.09999999999999998,-2.0,2021-22,20220219|Burnley|Brighton and Hove Albion,0,3,3,away
2022-02-19,Crystal Palace,Chelsea,0.31816981270400096,0.6,1.0,1.6,-0.6,0.0,0.6,1.0,1.3,1.5,-0.2,0.2,0.4,7.0,1.2,1.2,1.0,0.2,0.2,0.6,1.4,1.5,1.2,0.3,0.3,0.5,27.0,1.3,2.0,0.3,1.1,-0.6,-0.3999999999999999,-0.19999999999999996,-0.19999999999999996,0.6000000000000001,0.30000000000000004,-0.8,-0.5,-0.2,-0.09999999999999998,0.0,-0.09999999999999998,-20.0,2021-22,20220219|Chelsea|Crystal Palace,0,1,1,away
2022-02-19,Southampton,Everton,0.6668379165716305,1.6,2.0,1.6,0.4,0.4,0.4,1.4,1.7,1.7,0.0,0.3,0.5,7.0,0.6,1.4,1.8,-0.4,0.2,0.0,0.7,1.2,1.9,-0.7,0.2,0.1,7.0,1.5,0.5,0.4,-1.1,1.0,0.7,0.6000000000000001,0.5,-0.19999999999999996,-0.19999999999999996,0.8,0.7,0.2,0.09999999999999998,0.4,0.4,0.0,2021-22,20220219|Everton|Southampton,2,0,2,home
2022-02-19,West Ham United,Newcastle United,0.7412626364377626,1.4,1.4,1.2,0.2,0.4,0.2,1.4,1.6,1.4,0.2,0.4,0.2,6.0,2.2,1.4,0.6,0.8,0.6,0.4,1.5,1.0,1.5,-0.5,0.4,0.3,6.0,1.6,0.6,0.2,-1.3,-0.8000000000000003,-0.10000000000000009,0.0,0.6000000000000001,0.6,-0.10000000000000009,-0.6000000000000001,0.7,-0.19999999999999996,0.0,-0.2,-0.09999999999999998,0.0,2021-22,20220219|Newcastle United|West Ham United,1,1,2,draw
2022-02-19,Liverpool,Norwich City,0.8884227035017942,2.6,2.2,0.6,1.6,0.8,0.2,2.3,1.8,0.7,1.1,0.7,0.2,6.0,1.4,1.2,1.6,-0.4,0.4,0.2,0.7,0.6,2.2,-1.6,0.2,0.1,7.0,2.4,0.8,1.9,-1.4,1.2000000000000002,1.5999999999999999,1.0000000000000002,1.2000000000000002,-1.0,-1.5000000000000002,2.0,2.7,0.4,0.49999999999999994,0.0,0.1,-1.0,2021-22,20220219|Norwich City|Liverpool,3,1,4,home
2022-02-19,Manchester City,Tottenham Hotspur,0.8436286685758623,2.6,2.0,0.4,1.6,0.8,0.2,2.8,2.9,0.5,2.4,0.9,0.1,7.0,1.2,1.2,1.8,-0.6,0.4,0.0,1.7,1.7,1.2,0.5,0.5,0.2,6.0,2.5,1.4,1.8,-0.4,1.4000000000000001,1.0999999999999999,0.8,1.2,-1.4,-0.7,2.2,1.9,0.4,0.4,0.2,-0.1,1.0,2021-22,20220219|Tottenham Hotspur|Manchester City,2,3,5,away
2022-02-19,Aston Villa,Watford,0.7254048625341251,1.0,1.4,1.6,-0.2,0.2,0.4,1.1,1.3,1.5,-0.2,0.3,0.2,6.0,0.4,0.2,1.4,-1.2,0.0,0.4,0.2,0.5,1.9,-1.4,0.0,0.2,7.0,1.2,0.8,-0.1,-0.2,0.6,0.9000000000000001,1.2,0.8,0.20000000000000018,-0.3999999999999999,1.0,1.2,0.2,0.3,0.0,0.0,-1.0,2021-22,20220219|Watford|Aston Villa,0,1,1,away
2022-02-20,Wolverhampton Wanderers,Leicester City,0.6215254732513903,2.4,1.6,0.6,1.0,0.8,0.0,1.7,0.9,0.5,0.4,0.5,0.2,7.0,1.0,1.2,1.6,-0.4,0.2,0.4,1.2,2.0,2.0,0.0,0.3,0.3,7.0,1.4,0.9,0.0,-0.8,1.4,0.5,0.40000000000000013,-1.1,-1.0,-1.5,1.4,0.4,0.6000000000000001,0.2,-0.4,-0.09999999999999998,0.0,2021-22,20220220|Leicester City|Wolverhampton Wanderers,2,1,3,home
2022-02-20,Leeds United,Manchester United,0.40711187659755443,1.4,1.8,2.0,-0.2,0.4,0.2,1.1,1.5,2.6,-1.1,0.3,0.2,8.0,2.2,1.6,0.6,1.0,0.6,0.4,1.9,1.5,0.8,0.7,0.5,0.4,5.0,1.2,1.6,-0.4,0.2,-0.8000000000000003,-0.7999999999999998,0.19999999999999996,0.0,1.4,1.8,-1.2,-1.8,-0.19999999999999996,-0.2,-0.2,-0.2,3.0,2021-22,20220220|Manchester United|Leeds United,2,4,6,away
2022-02-23,Watford,Crystal Palace,0.5319319557799257,0.8,0.2,1.2,-1.0,0.2,0.2,0.5,0.5,1.7,-1.2,0.1,0.2,4.0,0.6,0.6,1.2,-0.6,0.0,0.6,1.0,1.3,1.5,-0.2,0.2,0.4,4.0,0.4,0.8,-1.5,-0.6,0.20000000000000007,-0.5,-0.39999999999999997,-0.8,0.0,0.19999999999999996,-0.4,-1.0,0.2,-0.1,-0.39999999999999997,-0.2,0.0,2021-22,20220223|Crystal Palace|Watford,1,4,5,away
2022-02-23,Liverpool,Leeds United,0.8546257028425627,3.0,2.4,0.4,2.0,1.0,0.0,2.3,2.0,0.8,1.2,0.7,0.2,4.0,0.8,1.6,2.6,-1.0,0.2,0.2,0.8,1.6,3.0,-1.4,0.2,0.2,3.0,2.6,0.9,2.1,-1.1,2.2,1.4999999999999998,0.7999999999999998,0.3999999999999999,-2.2,-2.2,3.0,2.5999999999999996,0.8,0.49999999999999994,-0.2,0.0,1.0,2021-22,20220223|Leeds United|Liverpool,6,0,6,home
2022-02-23,Burnley,Tottenham Hotspur,0.3990819439861002,1.2,0.8,0.4,0.4,0.2,0.6,0.8,0.6,0.9,-0.3,0.1,0.5,4.0,1.2,1.6,2.2,-0.6,0.4,0.0,1.7,1.8,1.4,0.4,0.5,0.2,4.0,0.9,1.4,-0.1,-0.4,0.0,-0.8999999999999999,-0.8,-1.2000000000000002,-1.8000000000000003,-0.4999999999999999,1.0,-0.7,-0.2,-0.4,0.6,0.3,0.0,2021-22,20220223|Tottenham Hotspur|Burnley,1,0,1,home
2022-02-24,Arsenal,Wolverhampton Wanderers,0.6730182504049846,2.0,1.8,0.6,1.2,0.6,0.2,1.9,2.1,0.9,1.2,0.6,0.1,5.0,2.4,1.8,0.8,1.0,0.8,0.0,1.9,1.1,0.6,0.5,0.6,0.1,4.0,2.3,2.0,1.2,0.4,-0.3999999999999999,0.0,0.0,1.0,-0.20000000000000007,0.30000000000000004,0.19999999999999996,0.7,-0.20000000000000007,0.0,0.2,0.0,1.0,2021-22,20220224|Wolverhampton Wanderers|Arsenal,2,1,3,home
2022-02-25,Southampton,Norwich City,0.7148767223472579,1.6,1.6,1.4,0.2,0.4,0.4,1.6,1.8,1.6,0.2,0.4,0.4,6.0,1.4,1.4,1.8,-0.4,0.4,0.2,0.7,0.7,2.2,-1.5,0.2,0.1,6.0,1.7,0.8,0.6,-1.5,0.20000000000000018,0.9000000000000001,0.20000000000000018,1.1,-0.40000000000000013,-0.6000000000000001,0.6000000000000001,1.7,0.0,0.2,0.2,0.30000000000000004,0.0,2021-22,20220225|Norwich City|Southampton,2,0,2,home
2022-02-26,Brighton and Hove Albion,Aston Villa,0.6254056056084532,1.0,0.8,1.4,-0.6,0.2,0.4,1.3,1.1,1.2,-0.1,0.3,0.4,7.0,1.0,1.2,1.4,-0.2,0.2,0.4,1.1,1.2,1.4,-0.2,0.3,0.2,7.0,1.1,1.2,-0.4,-0.2,0.0,0.19999999999999996,-0.3999999999999999,-0.09999999999999987,0.0,-0.19999999999999996,-0.39999999999999997,0.1,0.0,0.0,0.0,0.2,0.0,2021-22,20220226|Aston Villa|Brighton and Hove Albion,0,2,2,away
2022-02-26,Crystal Palace,Burnley,0.6153577894597214,1.0,1.2,1.2,0.0,0.2,0.4,1.0,1.4,1.5,-0.1,0.2,0.4,3.0,1.6,1.0,0.4,0.6,0.4,0.4,1.0,0.7,0.9,-0.2,0.2,0.4,3.0,1.2,0.8,0.2,-0.4,-0.6000000000000001,0.0,0.19999999999999996,0.7,0.7999999999999999,0.6,-0.6,0.1,-0.2,0.0,0.0,0.0,0.0,2021-22,20220226|Burnley|Crystal Palace,1,1,2,draw
2022-02-26,Everton,Manchester City,0.18507907755976868,0.6,1.0,1.6,-0.6,0.2,0.0,0.7,1.2,2.0,-0.8,0.2,0.1,7.0,2.0,2.0,0.8,1.2,0.6,0.2,2.5,3.0,0.8,2.2,0.8,0.1,7.0,1.3,2.6,-0.1,1.8,-1.4,-1.8,-1.0,-1.8,0.8,1.2,-1.7999999999999998,-3.0,-0.39999999999999997,-0.6000000000000001,-0.2,0.0,0.0,2021-22,20220226|Manchester City|Everton,0,1,1,away
2022-02-26,Brentford,Newcastle United,0.5464624674865722,0.2,0.6,1.8,-1.2,0.0,0.2,0.4,0.6,2.0,-1.4,0.1,0.1,7.0,2.2,1.4,0.6,0.8,0.6,0.4,1.5,1.0,1.5,-0.5,0.4,0.3,7.0,1.0,0.7,-0.4,-1.1,-2.0,-1.1,-0.7999999999999999,-0.4,1.2000000000000002,0.5,-2.0,-0.8999999999999999,-0.6,-0.30000000000000004,-0.2,-0.19999999999999998,0.0,2021-22,20220226|Newcastle United|Brentford,0,2,2,away
2022-02-26,Leeds United,Tottenham Hotspur,0.4648727766796352,0.2,1.0,3.4,-2.4,0.0,0.2,0.7,1.4,3.4,-2.0,0.2,0.1,3.0,0.6,1.0,2.0,-1.0,0.2,0.0,1.4,1.5,1.5,0.0,0.4,0.2,3.0,1.2,1.4,-0.3,-0.2,-0.39999999999999997,-0.7,0.0,-0.10000000000000009,1.4,1.9,-1.4,-2.0,-0.2,-0.2,0.2,-0.1,0.0,2021-22,20220226|Tottenham Hotspur|Leeds United,0,4,4,away
2022-02-26,Manchester United,Watford,0.8492721743045171,2.2,1.8,0.8,1.0,0.6,0.4,1.9,1.8,1.0,0.8,0.5,0.4,6.0,0.8,0.4,1.4,-1.0,0.2,0.2,0.5,0.5,1.8,-1.3,0.1,0.2,3.0,1.7,1.1,-0.1,0.0,1.4000000000000001,1.4,1.4,1.3,-0.5999999999999999,-0.8,2.0,2.1,0.39999999999999997,0.4,0.2,0.2,3.0,2021-22,20220226|Watford|Manchester United,0,0,0,draw
2022-02-27,West Ham United,Wolverhampton Wanderers,0.6245441616982478,1.0,1.2,1.4,-0.2,0.2,0.4,1.4,1.7,1.5,0.2,0.4,0.2,8.0,1.8,1.4,1.0,0.4,0.6,0.0,1.9,1.2,0.7,0.5,0.6,0.1,3.0,1.7,1.7,0.3,0.2,-0.8,-0.5,-0.19999999999999996,0.5,0.3999999999999999,0.8,-0.6000000000000001,-0.3,-0.39999999999999997,-0.19999999999999996,0.4,0.1,5.0,2021-22,20220227|Wolverhampton Wanderers|West Ham United,1,0,1,home
2022-03-01,Burnley,Leicester City,0.5067316778107551,1.6,1.2,0.6,0.6,0.4,0.4,1.1,0.8,0.9,-0.1,0.2,0.5,3.0,0.4,1.2,2.0,-0.8,0.0,0.4,0.9,1.7,2.0,-0.3,0.2,0.3,9.0,1.2,0.9,0.1,-0.6,1.2000000000000002,0.20000000000000007,0.0,-0.8999999999999999,-1.4,-1.1,1.4,0.19999999999999998,0.4,0.0,0.0,0.2,-6.0,2021-22,20220301|Leicester City|Burnley,0,2,2,away
2022-03-05,Norwich City,Brentford,0.5757294509183104,0.8,1.0,2.0,-1.0,0.2,0.2,0.7,0.7,2.3,-1.6,0.2,0.1,8.0,0.2,0.4,1.6,-1.2,0.0,0.2,0.4,0.6,2.0,-1.4,0.1,0.1,7.0,0.9,0.5,-1.1,-1.4,0.6000000000000001,0.29999999999999993,0.6,0.09999999999999998,0.3999999999999999,0.2999999999999998,0.19999999999999996,-0.20000000000000018,0.2,0.1,0.0,0.0,1.0,2021-22,20220305|Brentford|Norwich City,1,3,4,away
2022-03-05,Newcastle United,Brighton and Hove Albion,0.5960009711462537,2.6,1.6,0.4,1.2,0.8,0.2,1.5,1.1,1.5,-0.4,0.4,0.3,7.0,0.8,0.6,1.6,-1.0,0.2,0.2,1.3,1.1,1.3,-0.2,0.3,0.4,7.0,1.3,1.2,-0.4,-0.1,1.8,0.19999999999999996,1.0,0.0,-1.2000000000000002,0.19999999999999996,2.2,-0.2,0.6000000000000001,0.10000000000000003,0.0,-0.10000000000000003,0.0,2021-22,20220305|Brighton and Hove Albion|Newcastle United,2,1,3,home
2022-03-05,Burnley,Chelsea,0.2834716446031714,1.4,1.0,0.8,0.2,0.4,0.2,1.0,0.8,1.1,-0.3,0.2,0.4,4.0,1.6,1.2,0.8,0.4,0.4,0.4,1.7,1.4,0.9,0.5,0.4,0.5,14.0,1.1,2.0,-0.1,0.9,-0.20000000000000018,-0.7,-0.19999999999999996,-0.5999999999999999,0.0,0.20000000000000007,-0.2,-0.8,0.0,-0.2,-0.2,-0.09999999999999998,-10.0,2021-22,20220305|Chelsea|Burnley,0,4,4,away
2022-03-05,Wolverhampton Wanderers,Crystal Palace,0.6873714207129368,1.2,1.0,1.0,0.0,0.4,0.0,1.9,1.2,0.7,0.5,0.6,0.1,6.0,1.2,1.2,0.8,0.4,0.2,0.6,1.0,1.3,1.4,-0.1,0.2,0.4,7.0,1.7,1.1,0.2,0.0,0.0,0.8999999999999999,-0.19999999999999996,-0.10000000000000009,0.19999999999999996,-0.7,-0.4,0.6,0.2,0.39999999999999997,-0.6,-0.30000000000000004,-1.0,2021-22,20220305|Crystal Palace|Wolverhampton Wanderers,0,2,2,away
2022-03-05,Leicester City,Leeds United,0.6977537806485633,1.0,1.2,1.4,-0.2,0.2,0.4,1.1,1.7,1.8,-0.1,0.3,0.2,4.0,0.2,1.0,4.0,-3.0,0.0,0.2,0.7,1.2,3.5,-2.3,0.2,0.1,7.0,1.5,0.8,0.3,-1.7,0.8,0.40000000000000013,0.19999999999999996,0.5,-2.6,-1.7,2.8,2.1999999999999997,0.2,0.09999999999999998,0.2,0.1,-3.0,2021-22,20220305|Leeds United|Leicester City,1,0,1,home
2022-03-05,Aston Villa,Southampton,0.5588785907761175,1.4,1.2,1.0,0.2,0.4,0.2,1.1,1.2,1.3,-0.1,0.3,0.2,7.0,2.2,1.8,0.8,1.0,0.6,0.4,1.9,2.0,1.3,0.7,0.5,0.4,8.0,1.1,1.1,-0.2,-0.9,-0.8000000000000003,-0.7999999999999998,-0.6000000000000001,-0.8,0.19999999999999996,0.0,-0.8,-0.7999999999999999,-0.19999999999999996,-0.2,-0.2,-0.2,-1.0,2021-22,20220305|Southampton|Aston Villa,4,0,4,home
2022-03-05,Liverpool,West Ham United,0.7638372352547512,3.0,3.0,0.4,2.6,1.0,0.0,2.3,2.5,0.8,1.7,0.7,0.2,10.0,1.6,1.0,0.8,0.2,0.4,0.4,1.7,1.8,1.3,0.5,0.5,0.2,6.0,2.6,1.4,2.4,0.3,1.4,0.5999999999999999,2.0,0.7,-0.4,-0.5,2.4,1.2,0.6,0.19999999999999996,-0.4,0.0,4.0,2021-22,20220305|West Ham United|Liverpool,1,0,1,home
2022-03-06,Watford,Arsenal,0.2832351689436516,0.8,0.4,1.4,-1.0,0.2,0.2,0.6,0.4,1.6,-1.2,0.1,0.3,8.0,2.0,1.2,0.8,0.4,0.6,0.2,2.2,2.1,0.7,1.4,0.7,0.1,10.0,0.3,1.6,-1.8,0.1,-1.2,-1.6,-0.7999999999999999,-1.7000000000000002,0.5999999999999999,0.9000000000000001,-1.4,-2.5999999999999996,-0.39999999999999997,-0.6,0.0,0.19999999999999998,-2.0,2021-22,20220306|Arsenal|Watford,2,3,5,away
2022-03-06,Manchester City,Manchester United,0.7662898970730672,2.0,2.0,0.8,1.2,0.6,0.2,2.5,2.4,0.8,1.6,0.8,0.1,8.0,1.8,1.6,0.8,0.8,0.4,0.6,1.9,1.7,0.9,0.8,0.5,0.4,8.0,2.4,1.6,1.7,0.3,0.19999999999999996,0.6000000000000001,0.3999999999999999,0.7,0.0,-0.09999999999999998,0.3999999999999999,0.8,0.19999999999999996,0.30000000000000004,-0.39999999999999997,-0.30000000000000004,0.0,2021-22,20220306|Manchester United|Manchester City,4,1,5,home
2022-03-07,Tottenham Hotspur,Everton,0.7704975607340356,1.2,1.8,1.6,0.2,0.4,0.0,1.6,1.7,1.3,0.4,0.5,0.1,9.0,0.6,0.8,1.4,-0.6,0.2,0.0,0.7,1.1,1.7,-0.6,0.2,0.1,9.0,1.6,0.2,0.1,-1.5,0.6,0.9000000000000001,1.0,0.5999999999999999,0.20000000000000018,-0.3999999999999999,0.8,1.0,0.2,0.3,0.0,0.0,0.0,2021-22,20220307|Everton|Tottenham Hotspur,5,0,5,home
2022-03-10,Leeds United,Aston Villa,0.49883031286306195,0.0,0.4,3.6,-3.2,0.0,0.0,0.7,1.2,2.9,-1.7,0.2,0.1,5.0,1.4,1.8,1.0,0.8,0.4,0.2,1.4,1.6,1.2,0.4,0.4,0.2,5.0,1.2,1.2,-0.6,-0.1,-1.4,-0.7,-1.4,-0.40000000000000013,2.6,1.7,-4.0,-2.1,-0.4,-0.2,-0.2,-0.1,0.0,2021-22,20220310|Aston Villa|Leeds United,0,3,3,away
2022-03-10,Norwich City,Chelsea,0.21606348463280292,0.2,0.6,2.6,-2.0,0.0,0.2,0.7,0.8,2.4,-1.6,0.2,0.1,5.0,2.0,1.6,0.4,1.2,0.6,0.2,1.7,1.5,0.7,0.8,0.4,0.5,5.0,0.8,2.0,-1.3,1.2,-1.8,-1.0,-1.0,-0.7,2.2,1.7,-3.2,-2.4000000000000004,-0.6,-0.2,0.0,-0.4,0.0,2021-22,20220310|Chelsea|Norwich City,1,3,4,away
2022-03-10,Southampton,Newcastle United,0.603543789270226,2.0,1.6,1.4,0.2,0.6,0.2,1.8,1.8,1.5,0.3,0.5,0.3,5.0,2.6,1.8,0.6,1.2,0.8,0.2,1.8,1.3,1.2,0.1,0.5,0.3,5.0,2.0,1.0,0.9,-0.6,-0.6000000000000001,0.0,-0.19999999999999996,0.5,0.7999999999999999,0.30000000000000004,-1.0,0.19999999999999998,-0.20000000000000007,0.0,0.0,0.0,0.0,2021-22,20220310|Newcastle United|Southampton,1,2,3,away
2022-03-10,Wolverhampton Wanderers,Watford,0.749490603660614,1.2,1.0,1.2,-0.2,0.4,0.0,1.6,1.1,0.9,0.2,0.5,0.1,5.0,0.8,0.8,1.8,-1.0,0.2,0.2,0.6,0.5,1.5,-1.0,0.1,0.3,4.0,1.7,0.9,0.2,-0.2,0.3999999999999999,1.0,0.19999999999999996,0.6000000000000001,-0.6000000000000001,-0.6,0.8,1.2,0.2,0.4,-0.2,-0.19999999999999998,1.0,2021-22,20220310|Watford|Wolverhampton Wanderers,4,0,4,home
2022-03-12,Brentford,Burnley,0.5974389532107187,0.8,0.8,1.4,-0.6,0.2,0.2,0.7,0.9,2.0,-1.1,0.2,0.1,7.0,1.4,1.0,1.4,-0.4,0.4,0.2,1.0,0.7,1.2,-0.5,0.2,0.4,7.0,1.0,0.8,-0.5,-0.4,-0.5999999999999999,-0.30000000000000004,-0.19999999999999996,0.20000000000000007,0.0,0.8,-0.19999999999999996,-0.6000000000000001,-0.2,0.0,0.0,-0.30000000000000004,0.0,2021-22,20220312|Burnley|Brentford,2,0,2,home
2022-03-12,Brighton and Hove Albion,Liverpool,0.24686633582727946,0.6,0.6,1.8,-1.2,0.2,0.0,1.0,1.0,1.5,-0.5,0.2,0.4,7.0,3.0,2.6,0.2,2.4,1.0,0.0,2.3,2.3,0.7,1.6,0.7,0.2,7.0,0.8,2.0,-0.7,1.5,-2.4,-1.2999999999999998,-2.0,-1.2999999999999998,1.6,0.8,-3.5999999999999996,-2.1,-0.8,-0.49999999999999994,0.0,0.2,0.0,2021-22,20220312|Liverpool|Brighton and Hove Albion,0,2,2,away
2022-03-12,Manchester United,Tottenham Hotspur,0.6325144665956992,1.6,1.6,1.4,0.2,0.4,0.4,1.6,1.5,1.2,0.3,0.4,0.4,6.0,1.8,2.4,1.0,1.4,0.6,0.0,1.6,1.9,1.3,0.6,0.5,0.1,5.0,1.7,1.7,-0.1,0.4,-0.19999999999999996,0.0,-0.7999999999999998,-0.3999999999999999,0.3999999999999999,-0.10000000000000009,-1.2,-0.3,-0.19999999999999996,-0.09999999999999998,0.4,0.30000000000000004,1.0,2021-22,20220312|Tottenham Hotspur|Manchester United,3,2,5,home
2022-03-13,West Ham United,Aston Villa,0.6612032711171274,1.6,1.0,0.8,0.2,0.4,0.4,1.7,1.6,1.1,0.5,0.5,0.2,8.0,1.8,1.8,0.4,1.4,0.6,0.0,1.4,1.7,1.2,0.5,0.4,0.2,3.0,2.0,1.5,0.5,0.3,-0.19999999999999996,0.30000000000000004,-0.8,-0.09999999999999987,0.4,-0.09999999999999987,-1.2,0.0,-0.19999999999999996,0.09999999999999998,0.4,0.0,5.0,2021-22,20220313|Aston Villa|West Ham United,2,1,3,home
2022-03-13,Arsenal,Leicester City,0.715387499766828,2.6,1.6,0.8,0.8,0.8,0.2,2.5,2.3,0.7,1.6,0.8,0.1,7.0,1.4,1.2,1.2,0.0,0.4,0.2,1.4,1.7,1.6,0.1,0.4,0.2,8.0,2.3,0.9,1.1,-0.5,1.2000000000000002,1.1,0.40000000000000013,0.5999999999999999,-0.3999999999999999,-0.9000000000000001,0.8,1.5,0.4,0.4,0.0,-0.1,-1.0,2021-22,20220313|Leicester City|Arsenal,2,0,2,home
2022-03-13,Chelsea,Newcastle United,0.7982934421269745,2.6,2.2,0.4,1.8,0.8,0.2,1.9,1.7,0.7,1.0,0.5,0.4,3.0,2.6,1.6,0.6,1.0,0.8,0.2,2.1,1.4,1.0,0.4,0.6,0.3,3.0,1.7,1.2,1.1,-0.5,0.0,-0.20000000000000018,0.6000000000000001,0.30000000000000004,-0.19999999999999996,-0.30000000000000004,0.8,0.6,0.0,-0.09999999999999998,0.0,0.10000000000000003,0.0,2021-22,20220313|Newcastle United|Chelsea,1,0,1,home
2022-03-13,Leeds United,Norwich City,0.6530756068849211,0.0,0.4,3.6,-3.2,0.0,0.0,0.7,1.1,2.8,-1.7,0.2,0.1,3.0,0.0,0.6,3.0,-2.4,0.0,0.0,0.7,0.9,2.2,-1.3,0.2,0.1,3.0,0.9,0.8,-1.0,-1.5,0.0,0.0,-0.19999999999999996,0.20000000000000007,0.6000000000000001,0.5999999999999996,-0.8000000000000003,-0.3999999999999999,0.0,0.0,0.0,0.0,0.0,2021-22,20220313|Norwich City|Leeds United,2,1,3,home
2022-03-13,Southampton,Watford,0.7220785039867034,1.4,1.2,1.4,-0.2,0.4,0.2,1.5,1.6,1.5,0.1,0.4,0.3,3.0,0.8,0.8,2.2,-1.4,0.2,0.2,0.6,0.5,1.8,-1.3,0.1,0.3,3.0,1.7,0.9,0.7,-0.5,0.5999999999999999,0.9,0.3999999999999999,1.1,-0.8000000000000003,-0.30000000000000004,1.2,1.4000000000000001,0.2,0.30000000000000004,0.0,0.0,0.0,2021-22,20220313|Watford|Southampton,1,2,3,away
2022-03-13,Everton,Wolverhampton Wanderers,0.4383398855362062,0.6,0.8,2.2,-1.4,0.2,0.0,0.4,0.9,2.1,-1.2,0.1,0.1,6.0,1.2,1.4,1.2,0.2,0.4,0.0,1.8,1.5,0.9,0.6,0.6,0.0,3.0,1.0,1.4,-0.4,0.0,-0.6,-1.4,-0.5999999999999999,-0.6,1.0000000000000002,1.2000000000000002,-1.5999999999999999,-1.7999999999999998,-0.2,-0.5,0.0,0.1,3.0,2021-22,20220313|Wolverhampton Wanderers|Everton,0,1,1,away
2022-03-14,Crystal Palace,Manchester City,0.2241654995789858,1.6,1.4,0.6,0.8,0.4,0.4,1.3,1.5,1.1,0.4,0.3,0.4,9.0,2.4,2.6,0.8,1.8,0.8,0.0,2.5,2.4,0.9,1.5,0.8,0.1,8.0,1.2,2.8,0.2,1.9,-0.7999999999999998,-1.2,-1.2000000000000002,-0.8999999999999999,-0.20000000000000007,0.20000000000000007,-1.0,-1.1,-0.4,-0.5,0.4,0.30000000000000004,1.0,2021-22,20220314|Manchester City|Crystal Palace,0,0,0,draw
2022-03-16,Arsenal,Liverpool,0.4611629341260655,3.0,2.0,0.8,1.2,1.0,0.0,2.5,2.2,0.7,1.5,0.8,0.1,3.0,3.0,2.6,0.2,2.4,1.0,0.0,2.5,2.3,0.5,1.8,0.8,0.1,4.0,2.5,2.0,1.3,1.2,0.0,0.0,-0.6000000000000001,-0.09999999999999964,0.6000000000000001,0.19999999999999996,-1.2,-0.30000000000000004,0.0,0.0,0.0,0.0,-1.0,2021-22,20220316|Liverpool|Arsenal,0,2,2,away
2022-03-16,Brighton and Hove Albion,Tottenham Hotspur,0.43449732313951733,0.0,0.2,2.2,-2.0,0.0,0.0,0.9,0.9,1.6,-0.7,0.2,0.3,4.0,1.8,2.8,1.2,1.6,0.6,0.0,1.5,2.0,1.5,0.5,0.5,0.0,4.0,0.7,1.4,-0.9,0.2,-1.8,-0.6,-2.5999999999999996,-1.1,1.0000000000000002,0.10000000000000009,-3.6,-1.2,-0.6,-0.3,0.0,0.3,0.0,2021-22,20220316|Tottenham Hotspur|Brighton and Hove Albion,0,2,2,away
2022-03-17,Everton,Newcastle United,0.45470789420131563,0.6,0.6,1.8,-1.2,0.2,0.0,0.4,0.8,1.9,-1.1,0.1,0.1,4.0,2.0,1.4,0.8,0.6,0.6,0.2,2.1,1.4,0.7,0.7,0.6,0.3,4.0,0.7,1.2,-0.7,-0.5,-1.4,-1.7000000000000002,-0.7999999999999999,-0.5999999999999999,1.0,1.2,-1.7999999999999998,-1.8,-0.39999999999999997,-0.5,-0.2,-0.19999999999999998,0.0,2021-22,20220317|Newcastle United|Everton,1,0,1,home
2022-03-18,Wolverhampton Wanderers,Leeds United,0.7247630716000287,1.2,1.2,1.0,0.2,0.4,0.0,1.8,1.5,0.9,0.6,0.6,0.0,5.0,0.6,0.4,3.0,-2.6,0.2,0.0,0.7,1.0,2.8,-1.8,0.2,0.1,5.0,1.7,0.8,0.5,-1.7,0.6,1.1,0.7999999999999999,0.5,-2.0,-1.9,2.8000000000000003,2.4,0.2,0.39999999999999997,0.0,-0.1,0.0,2021-22,20220318|Leeds United|Wolverhampton Wanderers,2,3,5,away
2022-03-19,Aston Villa,Arsenal,0.43071154373860937,1.8,2.0,0.6,1.4,0.6,0.0,1.4,1.7,1.1,0.6,0.4,0.2,6.0,2.4,1.8,1.2,0.6,0.8,0.0,2.2,2.0,0.9,1.1,0.7,0.1,3.0,1.1,1.9,-0.1,0.7,-0.5999999999999999,-0.8000000000000003,0.19999999999999996,-0.30000000000000004,-0.6,0.20000000000000007,0.7999999999999999,-0.5000000000000001,-0.20000000000000007,-0.29999999999999993,0.0,0.1,3.0,2021-22,20220319|Arsenal|Aston Villa,0,1,1,away
2022-03-20,Leicester City,Brentford,0.7029537001918724,1.4,1.2,1.2,0.0,0.4,0.2,1.1,1.3,1.8,-0.5,0.3,0.2,7.0,1.4,1.2,1.0,0.2,0.4,0.2,0.7,0.9,1.9,-1.0,0.2,0.1,8.0,1.7,0.5,0.4,-1.3,0.0,0.40000000000000013,0.0,0.4,0.19999999999999996,-0.09999999999999987,-0.2,0.5,0.0,0.09999999999999998,0.0,0.1,-1.0,2021-22,20220320|Brentford|Leicester City,2,1,3,home
2022-03-20,Tottenham Hotspur,West Ham United,0.5926105785933501,1.8,2.6,0.8,1.8,0.6,0.0,1.5,2.1,1.5,0.6,0.5,0.0,4.0,1.6,1.2,1.0,0.2,0.4,0.4,1.7,1.4,1.1,0.3,0.5,0.2,7.0,1.9,1.1,0.9,0.1,0.19999999999999996,-0.19999999999999996,1.4000000000000001,0.7000000000000002,-0.19999999999999996,0.3999999999999999,1.6,0.3,0.19999999999999996,0.0,-0.4,-0.2,-3.0,2021-22,20220320|West Ham United|Tottenham Hotspur,3,1,4,home
2022-04-02,Wolverhampton Wanderers,Aston Villa,0.6136110563856683,1.2,1.4,1.2,0.2,0.4,0.0,1.5,1.4,1.1,0.3,0.5,0.0,15.0,1.8,2.0,0.6,1.4,0.6,0.0,1.4,1.6,1.0,0.6,0.4,0.2,14.0,1.4,1.5,0.3,0.4,-0.6000000000000001,0.10000000000000009,-0.6000000000000001,-0.20000000000000018,0.6,0.10000000000000009,-1.2,-0.3,-0.19999999999999996,0.09999999999999998,0.0,-0.2,1.0,2021-22,20220402|Aston Villa|Wolverhampton Wanderers,2,1,3,home
2022-04-02,Chelsea,Brentford,0.8601044540244462,3.0,2.2,0.2,2.0,1.0,0.0,2.1,1.8,0.7,1.1,0.6,0.3,20.0,1.2,1.4,1.4,0.0,0.4,0.0,0.7,0.9,1.7,-0.8,0.2,0.1,13.0,2.0,0.5,1.3,-1.2,1.8,1.4000000000000001,0.8000000000000003,0.9,-1.2,-1.0,2.0,1.9000000000000001,0.6,0.39999999999999997,0.0,0.19999999999999998,7.0,2021-22,20220402|Brentford|Chelsea,1,4,5,away
2022-04-02,Manchester United,Leicester City,0.7003994574626465,2.0,2.0,1.6,0.4,0.6,0.2,1.9,1.8,1.3,0.5,0.5,0.4,21.0,1.8,1.2,1.0,0.2,0.6,0.0,1.4,1.2,1.3,-0.1,0.4,0.2,13.0,2.0,0.9,0.5,-0.6,0.19999999999999996,0.5,0.8,0.6000000000000001,0.6000000000000001,0.0,0.2,0.6,0.0,0.09999999999999998,0.2,0.2,8.0,2021-22,20220402|Leicester City|Manchester United,1,1,2,draw
2022-04-02,Burnley,Manchester City,0.16815192719886018,0.8,0.4,1.8,-1.4,0.2,0.2,1.0,0.6,1.1,-0.5,0.2,0.4,21.0,2.0,2.2,0.8,1.4,0.6,0.2,2.3,1.8,0.6,1.2,0.7,0.2,19.0,1.1,2.6,-0.4,1.6,-1.2,-1.2999999999999998,-1.8000000000000003,-1.2000000000000002,1.0,0.5000000000000001,-2.8,-1.7,-0.39999999999999997,-0.49999999999999994,0.0,0.2,2.0,2021-22,20220402|Manchester City|Burnley,0,2,2,away
2022-04-02,Brighton and Hove Albion,Norwich City,0.6928579009578988,0.0,0.2,2.2,-2.0,0.0,0.0,0.6,0.6,1.6,-1.0,0.1,0.3,17.0,0.0,0.8,2.6,-1.8,0.0,0.0,0.7,1.0,2.1,-1.1,0.2,0.1,20.0,0.7,0.7,-0.8,-1.6,0.0,-0.09999999999999998,-0.6000000000000001,-0.4,-0.3999999999999999,-0.5,-0.19999999999999996,0.10000000000000009,0.0,-0.1,0.0,0.19999999999999998,-3.0,2021-22,20220402|Norwich City|Brighton and Hove Albion,0,0,0,draw
2022-04-02,Leeds United,Southampton,0.5781964571943868,1.2,1.0,2.2,-1.2,0.4,0.0,0.7,1.0,2.8,-1.8,0.2,0.1,15.0,1.2,1.2,1.6,-0.4,0.4,0.0,1.4,1.6,1.6,0.0,0.4,0.2,20.0,1.1,1.1,-0.9,-1.1,0.0,-0.7,-0.19999999999999996,-0.6000000000000001,0.6000000000000001,1.1999999999999997,-0.7999999999999999,-1.8,0.0,-0.2,0.0,-0.1,-5.0,2021-22,20220402|Southampton|Leeds United,1,1,2,draw
2022-04-02,Liverpool,Watford,0.9138476437712728,3.0,2.8,0.2,2.6,1.0,0.0,2.8,2.5,0.4,2.1,0.9,0.1,17.0,0.8,1.0,2.4,-1.4,0.2,0.2,0.8,0.6,1.8,-1.2,0.2,0.2,20.0,2.8,0.9,2.5,-0.7,2.2,1.9999999999999998,1.7999999999999998,1.9,-2.1999999999999997,-1.4,4.0,3.3,0.8,0.7,-0.2,-0.1,-3.0,2021-22,20220402|Watford|Liverpool,2,0,2,home
2022-04-03,West Ham United,Everton,0.7761239259241044,1.4,1.0,1.2,-0.2,0.4,0.2,1.4,1.2,1.2,0.0,0.4,0.2,14.0,0.6,0.2,1.8,-1.6,0.2,0.0,0.6,0.8,1.8,-1.0,0.2,0.0,17.0,2.0,0.2,0.5,-1.7,0.7999999999999999,0.7999999999999999,0.8,0.3999999999999999,-0.6000000000000001,-0.6000000000000001,1.4000000000000001,1.0,0.2,0.2,0.2,0.2,-3.0,2021-22,20220403|Everton|West Ham United,2,1,3,home
2022-04-03,Tottenham Hotspur,Newcastle United,0.7303330041676617,2.4,3.2,0.8,2.4,0.8,0.0,1.5,2.1,1.4,0.7,0.5,0.0,14.0,1.8,1.2,0.8,0.4,0.6,0.0,2.0,1.3,0.7,0.6,0.6,0.2,17.0,1.9,1.1,1.0,-0.6,0.5999999999999999,-0.5,2.0,0.8,0.0,0.7,2.0,0.09999999999999998,0.20000000000000007,-0.09999999999999998,0.0,-0.2,-3.0,2021-22,20220403|Newcastle United|Tottenham Hotspur,5,1,6,home
2022-04-04,Crystal Palace,Arsenal,0.38441131572898146,1.6,1.4,0.6,0.8,0.4,0.4,1.1,1.2,1.1,0.1,0.2,0.5,21.0,2.4,1.6,1.0,0.6,0.8,0.0,2.2,1.7,0.8,0.9,0.7,0.1,16.0,1.2,1.9,0.2,0.7,-0.7999999999999998,-1.1,-0.20000000000000018,-0.5,-0.4,0.30000000000000004,0.20000000000000007,-0.8,-0.4,-0.49999999999999994,0.4,0.4,5.0,2021-22,20220404|Arsenal|Crystal Palace,3,0,3,home
2022-04-06,Burnley,Everton,0.5892323184108816,0.2,0.2,2.2,-2.0,0.0,0.2,0.9,0.6,1.3,-0.7,0.2,0.3,4.0,0.6,0.4,1.8,-1.4,0.2,0.0,0.6,0.7,1.7,-1.0,0.2,0.0,3.0,1.0,0.1,-0.6,-1.8,-0.39999999999999997,0.30000000000000004,-0.2,-0.09999999999999998,0.40000000000000013,-0.3999999999999999,-0.6000000000000001,0.30000000000000004,-0.2,0.0,0.2,0.3,1.0,2021-22,20220406|Everton|Burnley,3,2,5,home
2022-04-08,Newcastle United,Wolverhampton Wanderers,0.5212687569453318,1.2,1.0,1.8,-0.8,0.4,0.0,1.9,1.3,1.1,0.2,0.6,0.1,5.0,1.8,1.8,1.2,0.6,0.6,0.0,1.5,1.4,1.1,0.3,0.5,0.0,6.0,1.6,1.6,-0.2,0.1,-0.6000000000000001,0.3999999999999999,-0.8,-0.09999999999999987,0.6000000000000001,0.0,-1.4,-0.09999999999999998,-0.19999999999999996,0.09999999999999998,0.0,0.1,-1.0,2021-22,20220408|Wolverhampton Wanderers|Newcastle United,1,0,1,home
2022-04-09,Arsenal,Brighton and Hove Albion,0.8008387233248614,1.8,1.2,1.4,-0.2,0.6,0.0,1.9,1.2,1.1,0.1,0.6,0.1,5.0,0.2,0.2,1.6,-1.4,0.0,0.2,0.6,0.5,1.5,-1.0,0.1,0.3,7.0,2.2,1.1,0.9,-0.2,1.6,1.2999999999999998,1.0,0.7,-0.20000000000000018,-0.3999999999999999,1.2,1.1,0.6,0.5,-0.2,-0.19999999999999998,-2.0,2021-22,20220409|Brighton and Hove Albion|Arsenal,1,2,3,away
2022-04-09,Southampton,Chelsea,0.32332174103504696,0.8,1.0,1.8,-0.8,0.2,0.2,1.2,1.3,1.6,-0.3,0.3,0.3,7.0,2.4,2.0,1.0,1.0,0.8,0.0,1.8,1.6,1.0,0.6,0.5,0.3,7.0,1.6,2.0,0.6,1.1,-1.5999999999999999,-0.6000000000000001,-1.0,-0.30000000000000004,0.8,0.6000000000000001,-1.8,-0.8999999999999999,-0.6000000000000001,-0.2,0.2,0.0,0.0,2021-22,20220409|Chelsea|Southampton,0,6,6,away
2022-04-09,Watford,Leeds United,0.517953548411635,0.8,0.8,2.0,-1.2,0.2,0.2,0.8,0.6,1.7,-1.1,0.2,0.2,7.0,1.4,1.2,1.6,-0.4,0.4,0.2,0.8,1.1,2.8,-1.7,0.2,0.2,7.0,0.3,0.8,-1.4,-1.7,-0.5999999999999999,0.0,-0.3999999999999999,-0.5000000000000001,0.3999999999999999,-1.0999999999999999,-0.7999999999999999,0.5999999999999999,-0.2,0.0,0.0,0.0,0.0,2021-22,20220409|Leeds United|Watford,0,3,3,away
2022-04-09,Everton,Manchester United,0.30070945239305424,0.6,0.8,2.2,-1.4,0.2,0.0,0.6,0.8,1.8,-1.0,0.2,0.0,3.0,1.6,1.8,1.8,0.0,0.4,0.4,1.9,1.7,1.2,0.5,0.5,0.4,7.0,1.0,1.6,-0.5,0.2,-1.0,-1.2999999999999998,-1.0,-0.8999999999999999,0.40000000000000013,0.6000000000000001,-1.4,-1.5,-0.2,-0.3,-0.4,-0.4,-4.0,2021-22,20220409|Manchester United|Everton,1,0,1,home
2022-04-09,Aston Villa,Tottenham Hotspur,0.4311580754525439,1.2,1.8,1.0,0.8,0.4,0.0,1.3,1.5,1.0,0.5,0.4,0.1,7.0,2.4,3.4,1.0,2.4,0.8,0.0,1.8,2.6,1.3,1.3,0.6,0.0,6.0,1.1,1.7,-0.1,0.5,-1.2,-0.5,-1.5999999999999999,-1.1,0.0,-0.30000000000000004,-1.5999999999999999,-0.8,-0.4,-0.19999999999999996,0.0,0.1,1.0,2021-22,20220409|Tottenham Hotspur|Aston Villa,0,4,4,away
2022-04-10,Norwich City,Burnley,0.5246805004000474,0.2,0.6,2.0,-1.4,0.0,0.2,0.8,1.0,1.9,-0.9,0.2,0.2,8.0,0.6,0.6,2.4,-1.8,0.2,0.0,1.1,0.9,1.5,-0.6,0.3,0.2,4.0,0.8,0.8,-1.4,-0.4,-0.39999999999999997,-0.30000000000000004,0.0,0.09999999999999998,-0.3999999999999999,0.3999999999999999,0.40000000000000013,-0.30000000000000004,-0.2,-0.09999999999999998,0.2,0.0,4.0,2021-22,20220410|Burnley|Norwich City,2,0,2,home
2022-04-10,Leicester City,Crystal Palace,0.6328605100061147,2.0,1.2,0.8,0.4,0.6,0.2,1.2,1.2,1.4,-0.2,0.3,0.3,8.0,2.2,2.0,0.4,1.6,0.6,0.4,1.4,1.3,0.8,0.5,0.3,0.5,6.0,1.7,1.3,0.3,0.2,-0.20000000000000018,-0.19999999999999996,-0.8,-0.10000000000000009,0.4,0.5999999999999999,-1.2000000000000002,-0.7,0.0,0.0,-0.2,-0.2,2.0,2021-22,20220410|Crystal Palace|Leicester City,2,1,3,home
2022-04-10,Manchester City,Liverpool,0.6133695629275836,2.0,1.8,0.8,1.0,0.6,0.2,2.3,1.9,0.6,1.3,0.7,0.2,8.0,3.0,2.6,0.0,2.6,1.0,0.0,3.0,2.5,0.2,2.3,1.0,0.0,8.0,2.4,2.0,1.8,0.9,-1.0,-0.7000000000000002,-0.8,-0.6000000000000001,0.8,0.39999999999999997,-1.6,-0.9999999999999998,-0.4,-0.30000000000000004,0.2,0.2,0.0,2021-22,20220410|Liverpool|Manchester City,2,2,4,draw
2022-04-10,Brentford,West Ham United,0.43179600919436395,1.8,2.0,1.2,0.8,0.6,0.0,1.0,1.3,1.5,-0.2,0.3,0.1,8.0,1.8,1.2,1.2,0.0,0.6,0.0,1.4,1.2,1.3,-0.1,0.4,0.2,7.0,1.3,0.8,-0.2,-0.4,0.0,-0.3999999999999999,0.8,0.10000000000000009,0.0,0.19999999999999996,0.8,-0.1,0.0,-0.10000000000000003,0.0,-0.1,1.0,2021-22,20220410|West Ham United|Brentford,2,0,2,home
2022-04-16,Southampton,Arsenal,0.38795056471445566,0.2,0.6,3.0,-2.4,0.0,0.2,1.2,1.2,1.9,-0.7,0.3,0.3,7.0,1.2,0.8,1.4,-0.6,0.4,0.0,1.9,1.2,1.1,0.1,0.6,0.1,7.0,1.3,1.8,-0.1,0.4,-1.0,-0.7,-0.20000000000000007,0.0,1.6,0.7999999999999998,-1.7999999999999998,-0.7999999999999999,-0.4,-0.3,0.2,0.19999999999999998,0.0,2021-22,20220416|Arsenal|Southampton,1,0,1,home
2022-04-16,Watford,Brentford,0.450869397649341,0.6,0.8,2.6,-1.8,0.2,0.0,0.7,0.6,2.0,-1.4,0.2,0.1,7.0,2.4,2.4,0.8,1.6,0.8,0.0,1.3,1.4,1.2,0.2,0.4,0.1,6.0,0.3,0.7,-1.6,-0.9,-1.7999999999999998,-0.6000000000000001,-1.5999999999999999,-0.7999999999999999,1.8,0.8,-3.4000000000000004,-1.5999999999999999,-0.6000000000000001,-0.2,0.0,0.0,1.0,2021-22,20220416|Brentford|Watford,1,2,3,away
2022-04-16,Tottenham Hotspur,Brighton and Hove Albion,0.7818620524531618,2.4,3.2,1.0,2.2,0.8,0.0,2.1,2.8,1.0,1.8,0.7,0.0,7.0,0.8,0.6,1.4,-0.8,0.2,0.2,0.8,0.6,1.5,-0.9,0.2,0.2,7.0,2.2,1.3,1.7,-0.1,1.5999999999999999,1.3,2.6,2.1999999999999997,-0.3999999999999999,-0.5,3.0,2.7,0.6000000000000001,0.49999999999999994,-0.2,-0.2,0.0,2021-22,20220416|Brighton and Hove Albion|Tottenham Hotspur,0,1,1,away
2022-04-16,Manchester United,Norwich City,0.8269632040111359,1.0,1.0,1.6,-0.6,0.2,0.4,1.6,1.4,1.2,0.2,0.4,0.4,7.0,0.8,1.0,1.6,-0.6,0.2,0.2,0.8,1.0,1.8,-0.8,0.2,0.2,6.0,2.1,0.8,0.7,-0.9,0.19999999999999996,0.8,0.0,0.3999999999999999,0.0,-0.6000000000000001,0.0,1.0,0.0,0.2,0.2,0.2,1.0,2021-22,20220416|Norwich City|Manchester United,3,2,5,home
2022-04-17,West Ham United,Burnley,0.7766773418379309,1.2,1.0,1.6,-0.6,0.4,0.0,1.4,1.0,1.2,-0.2,0.4,0.2,7.0,0.6,0.6,2.4,-1.8,0.2,0.0,1.0,0.8,1.6,-0.8,0.3,0.1,7.0,2.0,0.7,0.5,-0.6,0.6,0.3999999999999999,0.4,0.19999999999999996,-0.7999999999999998,-0.40000000000000013,1.2000000000000002,0.6000000000000001,0.2,0.10000000000000003,0.0,0.1,0.0,2021-22,20220417|Burnley|West Ham United,1,1,2,draw
2022-04-17,Newcastle United,Leicester City,0.5057877190249229,1.2,0.8,1.6,-0.8,0.4,0.0,1.9,1.3,1.1,0.2,0.6,0.1,9.0,2.0,1.2,1.0,0.2,0.6,0.2,1.5,1.2,1.2,0.0,0.4,0.3,7.0,1.9,0.9,0.2,-0.6,-0.8,0.3999999999999999,-0.3999999999999999,0.10000000000000009,0.6000000000000001,-0.09999999999999987,-1.0,0.2,-0.19999999999999996,0.19999999999999996,-0.2,-0.19999999999999998,2.0,2021-22,20220417|Leicester City|Newcastle United,2,1,3,home
2022-04-19,Liverpool,Manchester United,0.7767088406702477,2.6,1.8,0.4,1.4,0.8,0.2,2.8,2.4,0.4,2.0,0.9,0.1,9.0,1.4,1.6,2.0,-0.4,0.4,0.2,1.6,1.6,1.4,0.2,0.4,0.4,3.0,3.0,1.3,2.7,-0.2,1.2000000000000002,1.1999999999999997,0.19999999999999996,0.7999999999999998,-1.6,-0.9999999999999999,1.7999999999999998,1.8,0.4,0.5,0.0,-0.30000000000000004,6.0,2021-22,20220419|Manchester United|Liverpool,4,0,4,home
2022-04-20,Chelsea,Arsenal,0.7098028982842228,2.4,3.0,1.0,2.0,0.8,0.0,2.0,2.1,0.9,1.2,0.6,0.2,11.0,0.6,0.4,1.6,-1.2,0.2,0.0,1.8,1.2,1.2,0.0,0.6,0.0,4.0,1.7,1.5,0.8,0.1,1.7999999999999998,0.19999999999999996,2.6,0.9000000000000001,-0.6000000000000001,-0.29999999999999993,3.2,1.2,0.6000000000000001,0.0,0.0,0.2,7.0,2021-22,20220420|Arsenal|Chelsea,2,4,6,away
2022-04-20,Manchester City,Brighton and Hove Albion,0.8776033516611658,2.2,1.8,0.6,1.2,0.6,0.4,2.1,1.9,0.7,1.2,0.6,0.3,10.0,1.4,0.6,1.0,-0.4,0.4,0.2,1.0,0.6,1.4,-0.8,0.3,0.1,4.0,2.5,1.6,2.0,0.2,0.8000000000000003,1.1,1.2000000000000002,1.2999999999999998,-0.4,-0.7,1.6,2.0,0.19999999999999996,0.3,0.2,0.19999999999999998,6.0,2021-22,20220420|Brighton and Hove Albion|Manchester City,3,0,3,home
2022-04-20,Newcastle United,Crystal Palace,0.5947360306491168,1.2,0.8,1.6,-0.8,0.4,0.0,1.9,1.2,1.1,0.1,0.6,0.1,3.0,1.6,1.4,0.6,0.8,0.4,0.4,1.3,1.3,0.9,0.4,0.3,0.4,10.0,2.1,1.0,0.3,-0.1,-0.40000000000000013,0.5999999999999999,-0.5999999999999999,-0.10000000000000009,1.0,0.20000000000000007,-1.6,-0.30000000000000004,0.0,0.3,-0.4,-0.30000000000000004,-7.0,2021-22,20220420|Crystal Palace|Newcastle United,1,0,1,home
2022-04-20,Everton,Leicester City,0.42643844013087046,1.2,1.0,1.2,-0.2,0.4,0.0,0.9,0.9,1.7,-0.8,0.3,0.0,11.0,1.4,1.2,1.4,-0.2,0.4,0.2,1.4,1.2,1.3,-0.1,0.4,0.2,3.0,1.3,0.6,-0.1,-0.8,-0.19999999999999996,-0.4999999999999999,-0.19999999999999996,-0.29999999999999993,-0.19999999999999996,0.3999999999999999,0.0,-0.7000000000000001,0.0,-0.10000000000000003,-0.2,-0.2,8.0,2021-22,20220420|Leicester City|Everton,1,1,2,draw
2022-04-21,Burnley,Southampton,0.5155502636968871,0.8,0.8,1.8,-1.0,0.2,0.2,1.1,0.9,1.6,-0.7,0.3,0.2,4.0,0.8,0.8,2.2,-1.4,0.2,0.2,1.4,1.2,1.8,-0.6,0.4,0.2,5.0,1.0,0.9,-0.7,-1.2,0.0,-0.2999999999999998,0.0,-0.29999999999999993,-0.40000000000000013,-0.19999999999999996,0.3999999999999999,-0.09999999999999998,0.0,-0.10000000000000003,0.0,0.0,-1.0,2021-22,20220421|Southampton|Burnley,2,0,2,home
2022-04-23,Leicester City,Aston Villa,0.6725335561127455,1.6,1.4,1.2,0.2,0.4,0.4,1.5,1.3,1.2,0.1,0.4,0.3,3.0,0.6,1.0,1.8,-0.8,0.2,0.0,1.0,1.4,1.4,0.0,0.3,0.1,14.0,2.0,1.5,0.6,0.4,1.0,0.5,0.3999999999999999,-0.09999999999999987,-0.6000000000000001,-0.19999999999999996,1.0,0.1,0.2,0.10000000000000003,0.4,0.19999999999999998,-11.0,2021-22,20220423|Aston Villa|Leicester City,0,0,0,draw
2022-04-23,Arsenal,Manchester United,0.6053827536183513,1.2,1.2,1.6,-0.4,0.4,0.0,1.8,1.5,1.4,0.1,0.6,0.0,3.0,1.4,1.4,2.0,-0.6,0.4,0.2,1.5,1.5,1.7,-0.2,0.4,0.3,4.0,1.9,1.3,0.7,-0.3,-0.19999999999999996,0.30000000000000004,-0.19999999999999996,0.0,-0.3999999999999999,-0.30000000000000004,0.19999999999999996,0.30000000000000004,0.0,0.19999999999999996,-0.2,-0.3,-1.0,2021-22,20220423|Manchester United|Arsenal,3,1,4,home
2022-04-23,Norwich City,Newcastle United,0.40704229835392286,0.8,1.2,1.6,-0.4,0.2,0.2,0.5,0.9,2.1,-1.2,0.1,0.2,7.0,1.8,1.0,1.4,-0.4,0.6,0.0,1.9,1.2,1.1,0.1,0.6,0.1,3.0,0.8,1.0,-1.3,-1.0,-1.0,-1.4,0.19999999999999996,-0.29999999999999993,0.20000000000000018,1.0,0.0,-1.3,-0.39999999999999997,-0.5,0.2,0.1,4.0,2021-22,20220423|Newcastle United|Norwich City,0,3,3,away
2022-04-23,Brentford,Tottenham Hotspur,0.44145046418393813,2.4,2.2,0.8,1.4,0.8,0.0,1.6,1.5,1.1,0.4,0.5,0.1,7.0,2.4,2.8,0.6,2.2,0.8,0.0,2.1,2.8,0.9,1.9,0.7,0.0,7.0,1.6,1.9,0.1,0.9,0.0,-0.5,-0.5999999999999996,-1.2999999999999998,0.20000000000000007,0.20000000000000007,-0.8000000000000003,-1.5,0.0,-0.19999999999999996,0.0,0.1,0.0,2021-22,20220423|Tottenham Hotspur|Brentford,0,0,0,draw
2022-04-23,Manchester City,Watford,0.9341840245698577,2.2,2.2,0.6,1.6,0.6,0.4,2.1,2.1,0.7,1.4,0.6,0.3,3.0,0.6,0.6,2.4,-1.8,0.2,0.0,0.7,0.7,2.1,-1.4,0.2,0.1,7.0,2.5,0.9,2.0,-0.8,1.6,1.4000000000000001,1.6,1.4000000000000001,-1.7999999999999998,-1.4000000000000001,3.4000000000000004,2.8,0.39999999999999997,0.39999999999999997,0.4,0.19999999999999998,-4.0,2021-22,20220423|Watford|Manchester City,5,1,6,home
2022-04-24,Liverpool,Everton,0.9097462999078271,2.6,2.4,0.4,2.0,0.8,0.2,2.8,2.5,0.3,2.2,0.9,0.1,5.0,1.4,1.2,1.2,0.0,0.4,0.2,1.0,0.9,1.5,-0.6,0.3,0.1,4.0,3.0,0.1,2.7,-1.8,1.2000000000000002,1.7999999999999998,1.2,1.6,-0.7999999999999999,-1.2,2.0,2.8000000000000003,0.4,0.6000000000000001,0.0,0.0,1.0,2021-22,20220424|Everton|Liverpool,2,0,2,home
2022-04-24,Brighton and Hove Albion,Southampton,0.6273827279740108,1.4,0.6,1.2,-0.6,0.4,0.2,0.7,0.4,1.7,-1.3,0.2,0.1,4.0,0.8,0.6,2.2,-1.6,0.2,0.2,1.1,0.9,1.8,-0.9,0.3,0.2,3.0,0.7,0.9,-0.8,-1.3,0.5999999999999999,-0.40000000000000013,0.0,-0.5,-1.0000000000000002,-0.10000000000000009,1.0,-0.4,0.2,-0.09999999999999998,0.0,-0.1,1.0,2021-22,20220424|Southampton|Brighton and Hove Albion,2,2,4,draw
2022-04-24,Chelsea,West Ham United,0.7170114259225719,1.8,2.6,1.8,0.8,0.6,0.0,1.9,2.1,1.1,1.0,0.6,0.1,4.0,1.4,1.2,1.6,-0.4,0.4,0.2,1.5,1.1,1.2,-0.1,0.4,0.3,7.0,1.4,0.8,-0.1,-0.5,0.40000000000000013,0.3999999999999999,1.4000000000000001,1.0,0.19999999999999996,-0.09999999999999987,1.2000000000000002,1.1,0.19999999999999996,0.19999999999999996,-0.2,-0.19999999999999998,-3.0,2021-22,20220424|West Ham United|Chelsea,1,0,1,home
2022-04-24,Burnley,Wolverhampton Wanderers,0.47067973216027403,1.4,1.2,1.4,-0.2,0.4,0.2,1.1,0.8,1.6,-0.8,0.3,0.2,3.0,1.8,1.8,1.0,0.8,0.6,0.0,1.5,1.4,1.1,0.3,0.5,0.0,16.0,1.2,1.6,-0.5,0.2,-0.40000000000000013,-0.3999999999999999,-0.6000000000000001,-0.5999999999999999,0.3999999999999999,0.5,-1.0,-1.1,-0.19999999999999996,-0.2,0.2,0.2,-13.0,2021-22,20220424|Wolverhampton Wanderers|Burnley,1,0,1,home
2022-04-25,Crystal Palace,Leeds United,0.6240044849329925,1.4,1.2,0.6,0.6,0.4,0.2,1.3,1.2,0.7,0.5,0.3,0.4,5.0,2.0,1.8,1.4,0.4,0.6,0.2,1.0,1.1,2.5,-1.4,0.3,0.1,16.0,1.2,1.1,0.3,-1.3,-0.6000000000000001,0.30000000000000004,-0.6000000000000001,0.09999999999999987,-0.7999999999999999,-1.8,0.19999999999999996,1.9,-0.19999999999999996,0.0,0.0,0.30000000000000004,-11.0,2021-22,20220425|Leeds United|Crystal Palace,0,0,0,draw
2022-04-28,Manchester United,Chelsea,0.4829925528417432,0.8,1.0,2.2,-1.2,0.2,0.2,1.4,1.5,1.9,-0.4,0.4,0.2,5.0,1.8,2.2,1.6,0.6,0.6,0.0,2.2,2.2,1.0,1.2,0.7,0.1,4.0,2.1,2.0,0.7,1.4,-1.0,-0.8000000000000003,-1.2000000000000002,-0.7000000000000002,0.6000000000000001,0.8999999999999999,-1.7999999999999998,-1.6,-0.39999999999999997,-0.29999999999999993,0.2,0.1,1.0,2021-22,20220428|Chelsea|Manchester United,1,1,2,draw
2022-04-30,Wolverhampton Wanderers,Brighton and Hove Albion,0.6244902808603797,1.2,1.0,1.2,-0.2,0.4,0.0,1.2,1.2,1.2,0.0,0.4,0.0,6.0,1.6,1.0,1.2,-0.2,0.4,0.4,0.8,0.6,1.7,-1.1,0.2,0.2,6.0,1.4,1.5,0.3,-0.1,-0.40000000000000013,0.3999999999999999,0.0,0.6,0.0,-0.5,0.0,1.1,0.0,0.2,-0.4,-0.2,0.0,2021-22,20220430|Brighton and Hove Albion|Wolverhampton Wanderers,0,3,3,away
2022-04-30,Watford,Burnley,0.4836857333224612,0.6,0.8,2.6,-1.8,0.2,0.0,0.7,0.8,2.4,-1.6,0.2,0.1,7.0,2.0,1.4,1.0,0.4,0.6,0.2,1.1,0.8,1.6,-0.8,0.3,0.2,6.0,0.0,0.7,-2.0,-0.6,-1.4,-0.40000000000000013,-0.5999999999999999,0.0,1.6,0.7999999999999998,-2.2,-0.8,-0.39999999999999997,-0.09999999999999998,-0.2,-0.1,1.0,2021-22,20220430|Burnley|Watford,1,2,3,away
2022-04-30,Southampton,Crystal Palace,0.549788645799311,1.0,0.8,2.2,-1.4,0.2,0.4,1.1,1.0,1.9,-0.9,0.3,0.2,6.0,1.0,0.8,0.6,0.2,0.2,0.4,1.3,1.1,0.6,0.5,0.3,0.4,5.0,1.5,0.9,0.0,-0.2,0.0,-0.19999999999999996,0.0,-0.10000000000000009,1.6,1.2999999999999998,-1.5999999999999999,-1.4,0.0,0.0,0.0,-0.2,1.0,2021-22,20220430|Crystal Palace|Southampton,1,2,3,away
2022-04-30,Newcastle United,Liverpool,0.273657137922291,2.4,1.6,1.2,0.4,0.8,0.0,2.1,1.4,1.0,0.4,0.7,0.0,7.0,2.6,2.4,0.4,2.0,0.8,0.2,2.8,2.5,0.3,2.2,0.9,0.1,6.0,2.3,2.1,0.4,1.0,-0.20000000000000018,-0.6999999999999997,-0.7999999999999998,-1.1,0.7999999999999999,0.7,-1.6,-1.8000000000000003,0.0,-0.20000000000000007,-0.2,-0.1,1.0,2021-22,20220430|Liverpool|Newcastle United,0,1,1,away
2022-04-30,Leeds United,Manchester City,0.2084871097276538,2.2,1.8,0.8,1.0,0.6,0.4,1.1,1.1,2.2,-1.1,0.3,0.2,5.0,2.2,2.4,0.6,1.8,0.6,0.4,2.3,2.5,0.7,1.8,0.7,0.2,7.0,1.1,2.6,-0.9,1.6,0.0,-1.1999999999999997,-0.5999999999999999,-1.4,0.20000000000000007,1.5000000000000002,-0.8,-2.9000000000000004,0.0,-0.39999999999999997,0.0,0.0,-2.0,2021-22,20220430|Manchester City|Leeds United,0,4,4,away
2022-04-30,Aston Villa,Norwich City,0.7319562204364439,0.2,0.4,1.8,-1.4,0.0,0.2,1.0,1.1,1.1,0.0,0.3,0.1,7.0,0.8,1.0,1.6,-0.6,0.2,0.2,0.4,0.8,2.3,-1.5,0.1,0.1,7.0,1.1,0.5,-0.2,-1.1,-0.6000000000000001,0.6,-0.6,0.30000000000000004,0.19999999999999996,-1.1999999999999997,-0.7999999999999999,1.5,-0.2,0.19999999999999998,0.0,0.0,0.0,2021-22,20220430|Norwich City|Aston Villa,2,0,2,home
2022-05-01,West Ham United,Arsenal,0.4960813656349775,0.8,0.8,1.6,-0.8,0.2,0.2,1.2,1.0,1.3,-0.3,0.3,0.3,7.0,1.2,1.6,1.8,-0.2,0.4,0.0,1.8,1.6,1.4,0.2,0.6,0.0,8.0,2.0,1.8,0.5,0.7,-0.3999999999999999,-0.6000000000000001,-0.8,-0.6000000000000001,-0.19999999999999996,-0.09999999999999987,-0.6000000000000001,-0.5,-0.2,-0.3,0.2,0.3,-1.0,2021-22,20220501|Arsenal|West Ham United,1,2,3,away
2022-05-01,Everton,Chelsea,0.27166234316381216,0.8,1.0,1.6,-0.6,0.2,0.2,0.7,0.6,1.7,-1.1,0.2,0.1,7.0,1.4,2.2,1.8,0.4,0.4,0.2,2.2,2.2,1.0,1.2,0.7,0.1,3.0,1.3,1.8,-0.1,1.3,-0.5999999999999999,-1.5000000000000002,-1.2000000000000002,-1.6,-0.19999999999999996,0.7,-1.0,-2.3,-0.2,-0.49999999999999994,0.0,0.0,4.0,2021-22,20220501|Chelsea|Everton,1,0,1,home
2022-05-01,Tottenham Hotspur,Leicester City,0.6794087661414108,2.0,2.4,0.6,1.8,0.6,0.2,1.9,2.5,0.7,1.8,0.6,0.1,8.0,1.2,1.0,1.0,0.0,0.2,0.6,1.5,1.1,1.0,0.1,0.4,0.3,8.0,1.9,0.6,1.5,-0.8,0.8,0.3999999999999999,1.4,1.4,-0.4,-0.30000000000000004,1.8,1.7,0.39999999999999997,0.19999999999999996,-0.39999999999999997,-0.19999999999999998,0.0,2021-22,20220501|Leicester City|Tottenham Hotspur,3,1,4,home
2022-05-02,Manchester United,Brentford,0.7050650539728855,0.8,1.0,2.2,-1.2,0.2,0.2,1.2,1.4,2.0,-0.6,0.3,0.3,4.0,2.0,1.8,0.8,1.0,0.6,0.2,1.7,1.5,0.9,0.6,0.5,0.2,9.0,1.9,1.0,0.6,-0.6,-1.2,-0.5,-0.8,-0.10000000000000009,1.4000000000000001,1.1,-2.2,-1.2,-0.39999999999999997,-0.2,0.0,0.09999999999999998,-5.0,2021-22,20220502|Brentford|Manchester United,3,0,3,home
2022-05-07,Burnley,Aston Villa,0.5477488325700488,2.0,1.2,0.8,0.4,0.6,0.2,1.3,0.9,1.6,-0.7,0.4,0.1,7.0,0.8,0.6,1.4,-0.8,0.2,0.2,1.3,1.3,1.0,0.3,0.4,0.1,7.0,1.4,1.3,-0.4,0.3,1.2,0.0,0.6,-0.4,-0.5999999999999999,0.6000000000000001,1.2000000000000002,-1.0,0.39999999999999997,0.0,0.0,0.0,0.0,2021-22,20220507|Aston Villa|Burnley,1,3,4,away
2022-05-07,Brighton and Hove Albion,Manchester United,0.4598537241032375,2.0,1.6,1.2,0.4,0.6,0.2,1.1,0.9,1.4,-0.5,0.3,0.2,7.0,1.4,1.6,2.0,-0.4,0.4,0.2,1.2,1.3,1.8,-0.5,0.3,0.3,5.0,0.7,1.2,-0.8,-0.5,0.6000000000000001,-0.09999999999999987,0.0,-0.4,-0.8,-0.40000000000000013,0.8,0.0,0.19999999999999996,0.0,0.0,-0.09999999999999998,2.0,2021-22,20220507|Manchester United|Brighton and Hove Albion,4,0,4,home
2022-05-07,Brentford,Southampton,0.6491078412122071,2.0,1.6,1.0,0.6,0.6,0.2,1.6,1.5,1.2,0.3,0.5,0.1,5.0,0.8,0.8,2.4,-1.6,0.2,0.2,0.8,0.9,2.1,-1.2,0.2,0.2,7.0,1.4,1.0,0.0,-0.9,1.2,0.8,0.8,0.6,-1.4,-0.9000000000000001,2.2,1.5,0.39999999999999997,0.3,0.0,-0.1,-2.0,2021-22,20220507|Southampton|Brentford,3,0,3,home
2022-05-07,Liverpool,Tottenham Hotspur,0.7875356432116886,2.6,2.2,0.4,1.8,0.8,0.2,2.8,2.5,0.3,2.2,0.9,0.1,7.0,2.0,2.4,0.6,1.8,0.6,0.2,2.2,2.8,0.7,2.1,0.7,0.1,6.0,3.0,1.9,2.5,0.9,0.6000000000000001,0.5999999999999996,-0.19999999999999973,-0.2999999999999998,-0.19999999999999996,-0.39999999999999997,0.0,0.10000000000000009,0.20000000000000007,0.20000000000000007,0.0,0.0,1.0,2021-22,20220507|Tottenham Hotspur|Liverpool,1,1,2,draw
2022-05-07,Crystal Palace,Watford,0.7737391809595643,1.4,1.2,0.8,0.4,0.4,0.2,1.5,1.3,0.7,0.6,0.4,0.3,7.0,0.0,0.6,2.8,-2.2,0.0,0.0,0.4,0.8,2.6,-1.8,0.1,0.1,7.0,1.3,0.9,0.4,-1.0,1.4,1.1,0.6,0.5,-1.9999999999999998,-1.9000000000000001,2.6,2.4,0.4,0.30000000000000004,0.2,0.19999999999999998,0.0,2021-22,20220507|Watford|Crystal Palace,1,0,1,home
2022-05-07,Chelsea,Wolverhampton Wanderers,0.7822582641115357,1.4,2.0,1.2,0.8,0.4,0.2,1.9,2.0,1.1,0.9,0.6,0.1,6.0,0.6,0.8,1.8,-1.0,0.2,0.0,0.9,1.0,1.4,-0.4,0.3,0.0,7.0,1.6,1.5,0.0,0.1,0.7999999999999999,0.9999999999999999,1.2,1.0,-0.6000000000000001,-0.2999999999999998,1.8,1.3,0.2,0.3,0.2,0.1,-1.0,2021-22,20220507|Wolverhampton Wanderers|Chelsea,2,2,4,draw
2022-05-08,Leicester City,Everton,0.7002349986312064,1.0,1.0,1.4,-0.4,0.2,0.4,1.5,1.1,1.1,0.0,0.4,0.3,7.0,1.4,1.0,1.2,-0.2,0.4,0.2,1.0,0.7,1.5,-0.8,0.3,0.1,7.0,2.1,0.1,0.9,-1.7,-0.3999999999999999,0.5,0.0,0.40000000000000013,0.19999999999999996,-0.3999999999999999,-0.2,0.8,-0.2,0.10000000000000003,0.2,0.19999999999999998,0.0,2021-22,20220508|Everton|Leicester City,1,2,3,away
2022-05-08,Arsenal,Leeds United,0.7879551537150083,1.8,2.0,1.4,0.6,0.6,0.0,1.8,1.6,1.4,0.2,0.6,0.0,7.0,1.6,1.4,1.4,0.0,0.4,0.4,1.1,0.9,2.2,-1.3,0.3,0.2,8.0,1.9,1.1,0.7,-1.3,0.19999999999999996,0.7,0.6000000000000001,0.7000000000000001,0.0,-0.8000000000000003,0.6,1.5,0.19999999999999996,0.3,-0.4,-0.2,-1.0,2021-22,20220508|Leeds United|Arsenal,2,1,3,home
2022-05-08,Manchester City,Newcastle United,0.8630432274313357,2.6,3.2,0.6,2.6,0.8,0.2,2.3,2.7,0.7,2.0,0.7,0.2,8.0,2.4,1.4,0.4,1.0,0.8,0.0,1.8,1.2,1.1,0.1,0.6,0.0,8.0,2.5,1.3,2.3,-0.5,0.20000000000000018,0.4999999999999998,1.8000000000000003,1.5000000000000002,0.19999999999999996,-0.40000000000000013,1.6,1.9,0.0,0.09999999999999998,0.2,0.2,0.0,2021-22,20220508|Newcastle United|Manchester City,5,0,5,home
2022-05-08,Norwich City,West Ham United,0.35411964577353866,0.8,0.8,1.6,-0.8,0.2,0.2,0.4,0.8,2.1,-1.3,0.1,0.1,8.0,0.8,0.8,1.4,-0.6,0.2,0.2,1.1,0.9,1.3,-0.4,0.3,0.2,7.0,0.7,0.8,-1.6,-0.5,0.0,-0.7000000000000001,0.0,-0.09999999999999998,0.20000000000000018,0.8,-0.20000000000000007,-0.9,0.0,-0.19999999999999998,0.0,-0.1,1.0,2021-22,20220508|West Ham United|Norwich City,0,4,4,away
2022-05-10,Aston Villa,Liverpool,0.24750842904777773,1.4,1.2,1.4,-0.2,0.4,0.2,1.6,1.6,1.0,0.6,0.5,0.1,3.0,2.2,2.0,0.6,1.4,0.6,0.4,2.6,2.3,0.3,2.0,0.8,0.2,3.0,1.1,2.1,-0.2,0.8,-0.8000000000000003,-1.0,-0.8,-0.6999999999999997,0.7999999999999999,0.7,-1.5999999999999999,-1.4,-0.19999999999999996,-0.30000000000000004,-0.2,-0.1,0.0,2021-22,20220510|Liverpool|Aston Villa,1,2,3,away
2022-05-11,Leeds United,Chelsea,0.34988250448093383,1.0,1.0,1.4,-0.4,0.2,0.4,1.1,1.0,1.8,-0.8,0.3,0.2,3.0,1.0,1.2,1.6,-0.4,0.2,0.4,1.7,2.1,1.3,0.8,0.5,0.2,4.0,0.8,1.8,-1.4,1.3,0.0,-0.5999999999999999,-0.19999999999999996,-1.1,-0.20000000000000018,0.5,0.0,-1.6,0.0,-0.2,0.0,0.0,-1.0,2021-22,20220511|Chelsea|Leeds United,0,3,3,away
2022-05-11,Watford,Everton,0.43446609253138946,0.0,0.6,2.6,-2.0,0.0,0.0,0.4,0.7,2.3,-1.6,0.1,0.1,4.0,2.0,1.0,0.8,0.2,0.6,0.2,1.3,0.9,1.5,-0.6,0.4,0.1,3.0,0.0,0.4,-2.0,-1.5,-2.0,-0.9,-0.4,-0.20000000000000007,1.8,0.7999999999999998,-2.2,-1.0,-0.6,-0.30000000000000004,-0.2,0.0,1.0,2021-22,20220511|Everton|Watford,0,0,0,draw
2022-05-11,Wolverhampton Wanderers,Manchester City,0.21158453311023084,0.8,0.8,1.6,-0.8,0.2,0.2,1.0,1.1,1.4,-0.3,0.3,0.1,4.0,2.6,3.8,0.6,3.2,0.8,0.2,2.3,2.8,0.7,2.1,0.7,0.2,3.0,1.3,2.6,0.0,1.9,-1.8,-1.2999999999999998,-3.0,-1.6999999999999997,1.0,0.7,-4.0,-2.4,-0.6000000000000001,-0.39999999999999997,0.0,-0.1,1.0,2021-22,20220511|Manchester City|Wolverhampton Wanderers,1,5,6,away
2022-05-11,Leicester City,Norwich City,0.778586591626231,0.4,0.8,1.6,-0.8,0.0,0.4,1.2,1.0,1.3,-0.3,0.3,0.3,3.0,0.6,0.8,2.4,-1.6,0.2,0.0,0.4,0.7,2.2,-1.5,0.1,0.1,3.0,1.8,0.4,0.6,-1.3,-0.19999999999999996,0.7999999999999999,0.0,0.30000000000000004,-0.7999999999999998,-0.9000000000000001,0.8,1.2,-0.2,0.19999999999999998,0.4,0.19999999999999998,0.0,2021-22,20220511|Norwich City|Leicester City,3,0,3,home
2022-05-12,Tottenham Hotspur,Arsenal,0.5667292630570177,1.6,1.6,0.6,1.0,0.4,0.4,2.0,2.5,0.8,1.7,0.6,0.2,5.0,2.4,2.2,1.2,1.0,0.8,0.0,1.8,1.5,1.3,0.2,0.6,0.0,4.0,1.9,2.1,1.5,0.9,-0.7999999999999998,0.19999999999999996,-0.6000000000000001,1.0,-0.6,-0.5,0.0,1.5,-0.4,0.0,0.4,0.2,1.0,2021-22,20220512|Arsenal|Tottenham Hotspur,3,0,3,home
2022-05-15,Everton,Brentford,0.5374715580919511,1.6,0.8,0.8,0.0,0.4,0.4,1.4,0.9,1.0,-0.1,0.4,0.2,4.0,2.0,1.4,0.8,0.6,0.6,0.2,1.9,1.7,1.0,0.7,0.6,0.1,8.0,1.6,0.9,0.3,-0.9,-0.3999999999999999,-0.5,-0.5999999999999999,-0.7999999999999999,0.0,0.0,-0.6,-0.7999999999999999,-0.19999999999999996,-0.19999999999999996,0.2,0.1,-4.0,2021-22,20220515|Brentford|Everton,2,3,5,away
2022-05-15,Leeds United,Brighton and Hove Albion,0.4924455872461812,0.8,0.8,1.8,-1.0,0.2,0.2,1.1,1.0,1.7,-0.7,0.3,0.2,4.0,2.0,2.0,1.0,1.0,0.6,0.2,1.4,1.3,1.2,0.1,0.4,0.2,8.0,0.7,1.7,-1.7,0.2,-1.2,-0.2999999999999998,-1.2,-0.30000000000000004,0.8,0.5,-2.0,-0.7999999999999999,-0.39999999999999997,-0.10000000000000003,0.0,0.0,-4.0,2021-22,20220515|Brighton and Hove Albion|Leeds United,1,1,2,draw
2022-05-15,Tottenham Hotspur,Burnley,0.8108343782159757,1.6,1.4,0.6,0.8,0.4,0.4,2.0,2.3,0.8,1.5,0.6,0.2,3.0,2.0,1.4,1.0,0.4,0.6,0.2,1.3,1.0,1.7,-0.7,0.4,0.1,8.0,1.9,0.9,1.5,-0.5,-0.3999999999999999,0.7,0.0,1.2999999999999998,-0.4,-0.8999999999999999,0.4,2.2,-0.19999999999999996,0.19999999999999996,0.2,0.1,-5.0,2021-22,20220515|Burnley|Tottenham Hotspur,1,0,1,home
2022-05-15,Aston Villa,Crystal Palace,0.5771410462554505,1.4,1.2,1.4,-0.2,0.4,0.2,1.3,1.5,1.2,0.3,0.4,0.1,5.0,1.4,0.8,0.8,0.0,0.4,0.2,1.8,1.4,0.6,0.8,0.5,0.3,8.0,1.1,1.2,-0.2,0.0,0.0,-0.5,0.3999999999999999,0.10000000000000009,0.5999999999999999,0.6,-0.2,-0.5,0.0,-0.09999999999999998,0.0,-0.19999999999999998,-3.0,2021-22,20220515|Crystal Palace|Aston Villa,1,1,2,draw
2022-05-15,Watford,Leicester City,0.36499546192896726,0.2,0.6,2.0,-1.4,0.0,0.2,0.4,0.7,2.3,-1.6,0.1,0.1,4.0,1.0,1.2,1.2,0.0,0.2,0.4,1.2,1.2,1.3,-0.1,0.3,0.3,4.0,0.1,0.5,-1.8,-1.0,-0.8,-0.7999999999999999,-0.6,-0.5,0.8,0.9999999999999998,-1.4,-1.5,-0.2,-0.19999999999999998,-0.2,-0.19999999999999998,0.0,2021-22,20220515|Leicester City|Watford,1,5,6,away
2022-05-15,West Ham United,Manchester City,0.2639865782819193,0.8,1.2,1.2,0.0,0.2,0.2,1.3,1.2,1.2,0.0,0.4,0.1,7.0,3.0,4.4,0.4,4.0,1.0,0.0,2.6,3.1,0.5,2.6,0.8,0.2,4.0,1.7,2.6,0.3,2.1,-2.2,-1.3,-3.2,-1.9000000000000001,0.7999999999999999,0.7,-4.0,-2.6,-0.8,-0.4,0.2,-0.1,3.0,2021-22,20220515|Manchester City|West Ham United,2,2,4,draw
2022-05-15,Wolverhampton Wanderers,Norwich City,0.7611798402207565,0.2,0.6,2.4,-1.8,0.0,0.2,1.0,1.2,1.8,-0.6,0.3,0.1,4.0,0.0,0.4,3.0,-2.6,0.0,0.0,0.4,0.7,2.3,-1.6,0.1,0.1,4.0,1.3,0.4,-0.3,-1.3,0.2,0.6,0.19999999999999996,0.5,-0.6000000000000001,-0.4999999999999998,0.8,1.0,0.0,0.19999999999999998,0.2,0.0,0.0,2021-22,20220515|Norwich City|Wolverhampton Wanderers,1,1,2,draw
2022-05-16,Newcastle United,Arsenal,0.4454401336970579,1.8,1.2,1.4,-0.2,0.6,0.0,1.5,1.0,1.5,-0.5,0.5,0.0,8.0,2.4,2.2,1.6,0.6,0.8,0.0,1.5,1.3,1.6,-0.3,0.5,0.0,4.0,2.0,2.1,0.2,0.7,-0.5999999999999999,0.0,-1.0000000000000002,-0.30000000000000004,-0.20000000000000018,-0.10000000000000009,-0.8,-0.2,-0.20000000000000007,0.0,0.0,0.0,4.0,2021-22,20220516|Arsenal|Newcastle United,2,0,2,home
2022-05-17,Southampton,Liverpool,0.1720947521063565,0.8,0.8,1.8,-1.0,0.2,0.2,0.5,0.7,2.4,-1.7,0.1,0.2,10.0,2.6,2.0,0.4,1.6,0.8,0.2,2.6,1.9,0.4,1.5,0.8,0.2,7.0,1.4,2.1,-0.1,0.8,-1.8,-2.1,-1.2,-1.2,1.4,2.0,-2.6,-3.2,-0.6000000000000001,-0.7000000000000001,0.0,0.0,3.0,2021-22,20220517|Liverpool|Southampton,1,2,3,away
2022-05-19,Aston Villa,Burnley,0.673651754419335,1.6,1.4,0.8,0.6,0.4,0.4,1.1,1.2,1.3,-0.1,0.3,0.2,4.0,1.8,1.2,1.0,0.2,0.6,0.0,1.3,1.0,1.4,-0.4,0.4,0.1,4.0,0.9,0.9,-0.3,-0.5,-0.19999999999999996,-0.19999999999999996,0.19999999999999996,0.19999999999999996,-0.19999999999999996,-0.09999999999999987,0.39999999999999997,0.30000000000000004,-0.19999999999999996,-0.10000000000000003,0.4,0.1,0.0,2021-22,20220519|Burnley|Aston Villa,1,1,2,draw
2022-05-19,Everton,Crystal Palace,0.49592997502621994,1.4,1.0,1.2,-0.2,0.4,0.2,1.4,1.1,1.2,-0.1,0.4,0.2,4.0,1.6,0.8,0.6,0.2,0.4,0.4,1.6,1.1,0.6,0.5,0.4,0.4,4.0,1.3,1.3,0.1,0.1,-0.20000000000000018,-0.20000000000000018,0.19999999999999996,0.0,0.6,0.6,-0.4,-0.6,0.0,0.0,-0.2,-0.2,0.0,2021-22,20220519|Crystal Palace|Everton,3,2,5,home
2022-05-19,Chelsea,Leicester City,0.7414969207001397,1.6,1.4,0.8,0.6,0.4,0.4,1.7,2.0,1.3,0.7,0.5,0.2,8.0,1.4,2.0,1.2,0.8,0.4,0.2,1.5,1.7,1.2,0.5,0.4,0.3,4.0,1.6,0.8,0.0,-0.5,0.20000000000000018,0.19999999999999996,-0.6000000000000001,0.30000000000000004,-0.3999999999999999,0.10000000000000009,-0.20000000000000007,0.19999999999999996,0.0,0.09999999999999998,0.2,-0.09999999999999998,4.0,2021-22,20220519|Leicester City|Chelsea,1,1,2,draw
2022-05-22,Manchester City,Aston Villa,0.885493279812529,2.6,4.2,0.8,3.4,0.8,0.2,2.4,3.2,0.7,2.5,0.7,0.3,7.0,1.6,1.6,1.0,0.6,0.4,0.4,0.9,1.0,1.4,-0.4,0.2,0.3,3.0,2.5,1.6,2.7,0.6,1.0,1.5,2.6,2.2,-0.19999999999999996,-0.7,2.8,2.9,0.4,0.49999999999999994,-0.2,0.0,4.0,2021-22,20220522|Aston Villa|Manchester City,3,2,5,home
2022-05-22,Arsenal,Everton,0.7702959263812691,1.8,1.4,1.6,-0.2,0.6,0.0,1.5,1.3,1.6,-0.3,0.5,0.0,6.0,2.0,1.6,1.2,0.4,0.6,0.2,1.4,1.3,1.4,-0.1,0.4,0.2,3.0,1.9,0.5,0.5,-1.3,-0.19999999999999996,0.10000000000000009,-0.20000000000000018,0.0,0.40000000000000013,0.20000000000000018,-0.6000000000000001,-0.19999999999999998,0.0,0.09999999999999998,-0.2,-0.2,3.0,2021-22,20220522|Everton|Arsenal,5,1,6,home
2022-05-22,Brentford,Leeds United,0.6776673845396152,2.0,1.6,1.2,0.4,0.6,0.2,2.2,2.0,1.0,1.0,0.7,0.1,7.0,0.4,0.4,2.0,-1.6,0.0,0.4,1.2,1.1,1.7,-0.6,0.3,0.3,7.0,1.4,1.1,0.2,-1.3,1.6,1.0000000000000002,1.2000000000000002,0.8999999999999999,-0.8,-0.7,2.0,1.6,0.6,0.39999999999999997,-0.2,-0.19999999999999998,0.0,2021-22,20220522|Leeds United|Brentford,1,2,3,away
2022-05-22,Crystal Palace,Manchester United,0.4869113057120111,1.6,1.2,1.0,0.2,0.4,0.4,1.5,1.2,0.8,0.4,0.4,0.3,3.0,0.8,1.0,2.4,-1.4,0.2,0.2,1.1,1.3,2.2,-0.9,0.3,0.2,15.0,1.3,0.9,0.3,-1.0,0.8,0.3999999999999999,0.19999999999999996,-0.10000000000000009,-1.4,-1.4000000000000001,1.5999999999999999,1.3,0.2,0.10000000000000003,0.2,0.09999999999999998,-12.0,2021-22,20220522|Manchester United|Crystal Palace,1,0,1,home
2022-05-22,Burnley,Newcastle United,0.4608460835054882,1.4,1.0,1.2,-0.2,0.4,0.2,1.4,1.1,1.3,-0.2,0.4,0.2,3.0,1.8,1.2,1.2,0.0,0.6,0.0,1.5,1.0,1.4,-0.4,0.5,0.0,6.0,1.3,1.3,-0.6,-0.6,-0.40000000000000013,-0.10000000000000009,-0.19999999999999996,0.10000000000000009,0.0,-0.09999999999999987,-0.2,0.2,-0.19999999999999996,-0.09999999999999998,0.2,0.2,-3.0,2021-22,20220522|Newcastle United|Burnley,1,2,3,away
2022-05-22,Leicester City,Southampton,0.7242820529825481,1.4,2.2,1.4,0.8,0.4,0.2,1.3,1.6,1.2,0.4,0.3,0.4,3.0,0.2,0.8,2.2,-1.4,0.0,0.2,0.5,0.8,2.2,-1.4,0.1,0.2,5.0,1.8,1.0,0.5,-0.9,1.2,0.8,1.4000000000000001,0.8,-0.8000000000000003,-1.0000000000000002,2.2,1.7999999999999998,0.4,0.19999999999999998,0.0,0.2,-2.0,2021-22,20220522|Southampton|Leicester City,4,1,5,home
2022-05-22,Norwich City,Tottenham Hotspur,0.22095536985406028,0.2,0.2,2.6,-2.4,0.0,0.2,0.5,0.7,2.1,-1.4,0.1,0.2,7.0,2.2,1.6,0.4,1.2,0.6,0.4,2.3,2.2,0.5,1.7,0.7,0.2,7.0,0.7,1.7,-1.9,0.8,-2.0,-1.7999999999999998,-1.4000000000000001,-1.5000000000000002,2.2,1.6,-3.5999999999999996,-3.0999999999999996,-0.6,-0.6,-0.2,0.0,0.0,2021-22,20220522|Tottenham Hotspur|Norwich City,0,5,5,away
2022-05-22,Chelsea,Watford,0.8906675106277298,1.2,1.4,1.0,0.4,0.2,0.6,1.5,1.8,1.3,0.5,0.4,0.3,3.0,0.2,0.6,2.6,-2.0,0.0,0.2,0.4,0.6,2.5,-1.9,0.1,0.1,7.0,1.4,0.9,-0.1,-1.0,1.0,1.1,0.7999999999999999,1.2000000000000002,-1.6,-1.2,2.4,2.4,0.2,0.30000000000000004,0.39999999999999997,0.19999999999999998,-4.0,2021-22,20220522|Watford|Chelsea,2,1,3,home
2022-05-22,Brighton and Hove Albion,West Ham United,0.5445926261185093,1.6,2.0,1.2,0.8,0.4,0.4,1.5,1.3,1.1,0.2,0.4,0.3,7.0,1.0,1.6,1.2,0.4,0.2,0.4,1.1,1.3,1.4,-0.1,0.3,0.2,7.0,1.0,1.0,-0.3,-0.1,0.6000000000000001,0.3999999999999999,0.3999999999999999,0.0,0.0,-0.2999999999999998,0.4,0.30000000000000004,0.2,0.10000000000000003,0.0,0.09999999999999998,0.0,2021-22,20220522|West Ham United|Brighton and Hove Albion,3,1,4,home
2022-05-22,Liverpool,Wolverhampton Wanderers,0.8915226771802285,2.6,1.6,0.6,1.0,0.8,0.2,2.6,2.0,0.5,1.5,0.8,0.2,5.0,0.4,0.8,2.4,-1.6,0.0,0.4,1.1,1.3,1.7,-0.4,0.3,0.2,7.0,2.8,1.6,2.4,0.2,2.2,1.5,0.8,0.7,-1.7999999999999998,-1.2,2.6,1.9,0.8,0.5,-0.2,0.0,-2.0,2021-22,20220522|Wolverhampton Wanderers|Liverpool,3,1,4,home
2022-08-05,Crystal Palace,Arsenal,0.45146311443501563,2.0,1.4,1.0,0.4,0.6,0.2,1.5,1.1,0.8,0.3,0.4,0.3,75.0,1.8,1.8,1.6,0.2,0.6,0.0,1.5,1.7,1.7,0.0,0.5,0.0,75.0,1.5,1.8,0.4,0.2,0.19999999999999996,0.0,-0.40000000000000013,-0.5999999999999999,-0.6000000000000001,-0.8999999999999999,0.2,0.3,0.0,-0.09999999999999998,0.2,0.3,0.0,2022-23,20220805|Arsenal|Crystal Palace,0,2,2,away
2022-08-06,Bournemouth,Aston Villa,0.6180868603880532,,,,,,,,,,,,,,1.0,1.6,1.6,0.0,0.2,0.4,0.9,1.1,1.5,-0.4,0.2,0.3,76.0,,1.3,,0.3,,,,,,,,,,,,,,2022-23,20220806|Aston Villa|Bournemouth,2,0,2,home
2022-08-06,Everton,Chelsea,0.32652475072471066,1.4,1.6,2.2,-0.6,0.4,0.2,1.4,1.3,1.7,-0.4,0.4,0.2,76.0,1.6,1.6,1.0,0.6,0.4,0.4,1.5,1.9,1.4,0.5,0.4,0.3,76.0,1.6,2.0,0.3,1.6,-0.20000000000000018,-0.10000000000000009,0.0,-0.5999999999999999,1.2000000000000002,0.30000000000000004,-1.2,-0.9,0.0,0.0,-0.2,-0.09999999999999998,0.0,2022-23,20220806|Chelsea|Everton,0,1,1,away
2022-08-06,Fulham,Liverpool,0.1311519743229469,0.2,0.4,2.0,-1.6,0.0,0.2,0.2,0.5,2.0,-1.5,0.0,0.2,440.0,2.6,1.8,0.8,1.0,0.8,0.2,2.6,2.1,0.6,1.5,0.8,0.2,76.0,0.4,2.3,-1.2,0.9,-2.4,-2.4,-1.4,-1.6,1.2,1.4,-2.6,-3.0,-0.8,-0.8,0.0,0.0,364.0,2022-23,20220806|Liverpool|Fulham,2,2,4,draw
2022-08-06,Newcastle United,Nottingham Forest,0.6420887486082517,1.8,1.4,1.4,0.0,0.6,0.0,1.8,1.2,1.4,-0.2,0.6,0.0,76.0,,,,,,,,,,,,,,2.3,,0.8,,,,,,,,,,,,,,,2022-23,20220806|Nottingham Forest|Newcastle United,2,0,2,home
2022-08-06,Tottenham Hotspur,Southampton,0.8405510627301779,2.6,2.6,0.4,2.2,0.8,0.2,2.3,2.5,0.5,2.0,0.7,0.2,76.0,0.2,1.0,2.6,-1.6,0.0,0.2,0.5,0.8,2.4,-1.6,0.1,0.2,76.0,2.1,0.9,1.6,-1.2,2.4,1.7999999999999998,1.6,1.7,-2.2,-1.9,3.8000000000000003,3.6,0.8,0.6,0.0,0.0,0.0,2022-23,20220806|Southampton|Tottenham Hotspur,4,1,5,home
2022-08-06,Leeds United,Wolverhampton Wanderers,0.5854652447948141,0.8,0.8,2.2,-1.4,0.2,0.2,1.5,1.3,1.5,-0.2,0.4,0.3,76.0,0.4,1.0,2.8,-1.8,0.0,0.4,0.8,1.0,2.0,-1.0,0.2,0.2,76.0,0.8,1.3,-1.4,-0.1,0.4,0.7,-0.19999999999999996,0.30000000000000004,-0.5999999999999996,-0.5,0.40000000000000013,0.8,0.2,0.2,-0.2,0.09999999999999998,0.0,2022-23,20220806|Wolverhampton Wanderers|Leeds United,2,1,3,home
2022-08-07,Leicester City,Brentford,0.6547224399249516,2.0,2.8,1.0,1.8,0.6,0.2,1.5,1.9,1.2,0.7,0.4,0.3,77.0,1.4,1.4,1.4,0.0,0.4,0.2,1.9,1.8,1.1,0.7,0.6,0.1,77.0,1.8,1.2,0.7,-0.6,0.6000000000000001,-0.3999999999999999,1.4,0.09999999999999987,-0.3999999999999999,0.09999999999999987,1.8,0.0,0.19999999999999996,-0.19999999999999996,0.0,0.19999999999999998,0.0,2022-23,20220807|Brentford|Leicester City,2,2,4,draw
2022-08-07,Manchester United,Brighton and Hove Albion,0.6299539847886247,0.8,1.0,1.8,-0.8,0.2,0.2,1.1,1.2,1.9,-0.7,0.3,0.2,77.0,2.2,2.6,0.8,1.8,0.6,0.4,1.8,1.6,1.0,0.6,0.5,0.3,77.0,1.9,1.7,0.7,0.2,-1.4000000000000001,-0.7,-1.6,-0.40000000000000013,1.0,0.8999999999999999,-2.6,-1.2999999999999998,-0.39999999999999997,-0.2,-0.2,-0.09999999999999998,0.0,2022-23,20220807|Brighton and Hove Albion|Manchester United,1,2,3,away
2022-08-07,West Ham United,Manchester City,0.25809908718845787,0.8,1.6,1.6,0.0,0.2,0.2,1.1,1.4,1.6,-0.2,0.3,0.2,77.0,2.6,3.8,1.0,2.8,0.8,0.2,2.4,3.1,0.8,2.3,0.7,0.3,77.0,1.8,2.4,0.4,1.7,-1.8,-1.2999999999999998,-2.1999999999999997,-1.7000000000000002,0.6000000000000001,0.8,-2.8,-2.5,-0.6000000000000001,-0.39999999999999997,0.0,-0.09999999999999998,0.0,2022-23,20220807|Manchester City|West Ham United,0,2,2,away
2022-08-13,Manchester City,Bournemouth,0.8757158142288559,2.6,3.4,1.0,2.4,0.8,0.2,2.6,3.3,0.8,2.5,0.8,0.2,6.0,3.0,2.0,0.0,2.0,1.0,0.0,3.0,2.0,0.0,2.0,1.0,0.0,7.0,2.5,,2.1,,-0.3999999999999999,-0.3999999999999999,1.4,1.2999999999999998,1.0,0.8,0.3999999999999999,0.5,-0.19999999999999996,-0.19999999999999996,0.2,0.2,-1.0,2022-23,20220813|Bournemouth|Manchester City,4,0,4,home
2022-08-13,Aston Villa,Everton,0.6439485466551641,0.4,1.0,1.8,-0.8,0.0,0.4,0.9,1.1,1.6,-0.5,0.2,0.3,7.0,0.8,1.2,2.2,-1.0,0.2,0.2,1.4,1.1,1.5,-0.4,0.4,0.2,7.0,1.0,0.4,-0.1,-1.7,-0.4,-0.4999999999999999,-0.19999999999999996,0.0,-0.40000000000000013,0.10000000000000009,0.19999999999999996,-0.09999999999999998,-0.2,-0.2,0.2,0.09999999999999998,0.0,2022-23,20220813|Everton|Aston Villa,2,1,3,home
2022-08-13,Wolverhampton Wanderers,Fulham,0.6801941591594539,0.4,1.2,2.6,-1.4,0.0,0.4,0.5,1.0,2.2,-1.2,0.1,0.2,7.0,0.4,0.8,2.0,-1.2,0.0,0.4,0.3,0.7,1.9,-1.2,0.0,0.3,7.0,1.3,1.1,-0.3,-0.3,0.0,0.2,0.3999999999999999,0.30000000000000004,0.6000000000000001,0.30000000000000027,-0.19999999999999996,0.0,0.0,0.1,0.0,-0.09999999999999998,0.0,2022-23,20220813|Fulham|Wolverhampton Wanderers,0,0,0,draw
2022-08-13,Southampton,Leeds United,0.5024263771177733,0.0,0.8,3.0,-2.2,0.0,0.0,0.5,0.8,2.6,-1.8,0.1,0.2,7.0,1.4,1.2,1.6,-0.4,0.4,0.2,1.5,1.3,1.5,-0.2,0.4,0.3,7.0,1.3,1.4,-0.2,-0.5,-1.4,-1.0,-0.3999999999999999,-0.5,1.4,1.1,-1.8000000000000003,-1.6,-0.4,-0.30000000000000004,-0.2,-0.09999999999999998,0.0,2022-23,20220813|Leeds United|Southampton,2,2,4,draw
2022-08-13,Arsenal,Leicester City,0.7073393927437586,1.8,1.8,1.4,0.4,0.6,0.0,1.8,1.9,1.4,0.5,0.6,0.0,8.0,2.2,3.0,1.0,2.0,0.6,0.4,1.3,1.9,1.3,0.6,0.3,0.4,6.0,1.9,0.9,0.7,-0.2,-0.40000000000000013,0.5,-1.2,0.0,0.3999999999999999,0.09999999999999987,-1.6,-0.09999999999999998,0.0,0.3,-0.4,-0.4,2.0,2022-23,20220813|Leicester City|Arsenal,4,2,6,home
2022-08-13,Brentford,Manchester United,0.5296891650810501,1.4,1.8,1.8,0.0,0.4,0.2,1.7,1.8,1.3,0.5,0.5,0.2,6.0,0.8,1.0,1.6,-0.6,0.2,0.2,0.8,1.0,1.9,-0.9,0.2,0.2,6.0,1.4,0.8,0.2,-1.1,0.5999999999999999,0.8999999999999999,0.8,0.8,0.19999999999999996,-0.5999999999999999,0.6,1.4,0.2,0.3,0.0,0.0,0.0,2022-23,20220813|Manchester United|Brentford,4,0,4,home
2022-08-13,Brighton and Hove Albion,Newcastle United,0.5818172994696764,2.6,2.6,0.6,2.0,0.8,0.2,2.1,1.8,0.9,0.9,0.6,0.3,6.0,1.8,1.2,1.4,-0.2,0.6,0.0,2.1,1.4,1.3,0.1,0.7,0.0,7.0,1.0,1.6,-0.3,-0.3,0.8,0.0,1.4000000000000001,0.40000000000000013,-0.7999999999999999,-0.4,2.2,0.8,0.20000000000000007,-0.09999999999999998,0.2,0.3,-1.0,2022-23,20220813|Newcastle United|Brighton and Hove Albion,0,0,0,draw
2022-08-14,Chelsea,Tottenham Hotspur,0.5938228258427937,2.2,1.8,0.8,1.0,0.6,0.4,1.8,1.9,1.0,0.9,0.5,0.3,8.0,2.6,2.8,0.4,2.4,0.8,0.2,2.3,2.6,0.5,2.1,0.7,0.2,8.0,1.6,1.7,0.0,1.2,-0.3999999999999999,-0.4999999999999998,-0.9999999999999998,-0.7000000000000002,0.4,0.5,-1.4,-1.2000000000000002,-0.20000000000000007,-0.19999999999999996,0.2,0.09999999999999998,0.0,2022-23,20220814|Tottenham Hotspur|Chelsea,2,2,4,draw
2022-08-14,Nottingham Forest,West Ham United,0.5467633216764176,0.0,0.0,2.0,-2.0,0.0,0.0,0.0,0.0,2.0,-2.0,0.0,0.0,8.0,0.8,1.6,1.8,-0.2,0.2,0.2,0.8,1.2,1.7,-0.5,0.2,0.2,7.0,,1.0,,-0.1,-0.8,-0.8,-1.6,-1.2,0.19999999999999996,0.30000000000000004,-1.8,-1.5,-0.2,-0.2,-0.2,-0.2,1.0,2022-23,20220814|West Ham United|Nottingham Forest,1,0,1,home
2022-08-15,Liverpool,Crystal Palace,0.8736143892582919,2.2,2.0,1.2,0.8,0.6,0.4,2.4,2.1,0.8,1.3,0.7,0.3,9.0,1.4,1.0,1.2,-0.2,0.4,0.2,1.4,1.1,1.0,0.1,0.4,0.2,10.0,2.8,1.3,2.4,0.3,0.8000000000000003,1.0,1.0,1.0,0.0,-0.19999999999999996,1.0,1.2,0.19999999999999996,0.29999999999999993,0.2,0.09999999999999998,-1.0,2022-23,20220815|Crystal Palace|Liverpool,1,1,2,draw
2022-08-20,Bournemouth,Arsenal,0.42494646268312714,1.5,1.0,2.0,-1.0,0.5,0.0,1.5,1.0,2.0,-1.0,0.5,0.0,7.0,1.8,2.2,1.6,0.6,0.6,0.0,2.1,2.2,1.4,0.8,0.7,0.0,7.0,3.0,1.8,2.0,-0.1,-0.30000000000000004,-0.6000000000000001,-1.2000000000000002,-1.2000000000000002,0.3999999999999999,0.6000000000000001,-1.6,-1.8,-0.09999999999999998,-0.19999999999999996,0.0,0.0,0.0,2022-23,20220820|Arsenal|Bournemouth,0,3,3,away
2022-08-20,Crystal Palace,Aston Villa,0.619239190646031,1.0,1.0,1.4,-0.4,0.2,0.4,1.2,0.9,1.1,-0.2,0.3,0.3,5.0,1.0,1.2,1.6,-0.4,0.2,0.4,1.2,1.2,1.5,-0.3,0.3,0.3,7.0,1.2,1.3,-0.1,0.2,0.0,0.0,-0.19999999999999996,-0.29999999999999993,-0.20000000000000018,-0.3999999999999999,0.0,0.09999999999999998,0.0,0.0,0.0,0.0,-2.0,2022-23,20220820|Aston Villa|Crystal Palace,3,1,4,home
2022-08-20,Fulham,Brentford,0.4271770216590041,0.6,0.8,1.6,-0.8,0.0,0.6,0.4,0.6,1.7,-1.1,0.0,0.4,7.0,2.0,2.6,1.2,1.4,0.6,0.2,2.0,2.1,1.1,1.0,0.6,0.2,7.0,0.5,1.3,-1.1,-0.3,-1.4,-1.6,-1.8,-1.5,0.40000000000000013,0.5999999999999999,-2.2,-2.1,-0.6,-0.6,0.39999999999999997,0.2,0.0,2022-23,20220820|Brentford|Fulham,3,2,5,home
2022-08-20,Everton,Nottingham Forest,0.47980970446870935,0.6,1.4,2.6,-1.2,0.2,0.0,1.1,1.1,1.7,-0.6,0.3,0.2,7.0,1.5,0.5,1.0,-0.5,0.5,0.0,1.5,0.5,1.0,-0.5,0.5,0.0,6.0,1.6,0.0,0.3,-2.0,-0.9,-0.3999999999999999,0.8999999999999999,0.6000000000000001,1.6,0.7,-0.7,-0.09999999999999998,-0.3,-0.2,0.0,0.2,1.0,2022-23,20220820|Nottingham Forest|Everton,1,1,2,draw
2022-08-20,Leicester City,Southampton,0.7365657031191116,1.6,2.8,1.8,1.0,0.4,0.4,1.3,2.0,1.5,0.5,0.3,0.4,7.0,0.2,1.0,3.0,-2.0,0.0,0.2,0.5,0.9,2.7,-1.8,0.1,0.2,7.0,1.9,0.6,0.8,-1.6,1.4000000000000001,0.8,1.7999999999999998,1.1,-1.2,-1.2000000000000002,3.0,2.3,0.4,0.19999999999999998,0.2,0.2,0.0,2022-23,20220820|Southampton|Leicester City,1,2,3,away
2022-08-20,Tottenham Hotspur,Wolverhampton Wanderers,0.8168289483574407,2.6,3.0,0.6,2.4,0.8,0.2,2.1,2.3,0.6,1.7,0.6,0.3,6.0,0.4,0.8,2.2,-1.4,0.0,0.4,0.6,0.8,1.9,-1.1,0.1,0.3,7.0,2.1,1.0,1.6,-0.3,2.2,1.5,2.2,1.4999999999999998,-1.6,-1.2999999999999998,3.8,2.8,0.8,0.5,-0.2,0.0,-1.0,2022-23,20220820|Wolverhampton Wanderers|Tottenham Hotspur,1,0,1,home
2022-08-21,West Ham United,Brighton and Hove Albion,0.5530353625845845,0.8,1.4,1.6,-0.2,0.2,0.2,0.8,1.1,1.5,-0.4,0.2,0.2,7.0,2.2,2.0,0.6,1.4,0.6,0.4,2.1,1.8,0.9,0.9,0.6,0.3,8.0,1.5,1.7,0.0,0.2,-1.4000000000000001,-1.3,-0.6000000000000001,-0.7,1.0,0.6,-1.5999999999999999,-1.3,-0.39999999999999997,-0.39999999999999997,-0.2,-0.09999999999999998,-1.0,2022-23,20220821|Brighton and Hove Albion|West Ham United,0,2,2,away
2022-08-21,Leeds United,Chelsea,0.35393850686648637,1.6,1.4,1.6,-0.2,0.4,0.4,1.3,1.2,1.5,-0.3,0.3,0.4,8.0,2.2,1.8,0.8,1.0,0.6,0.4,1.6,1.5,1.2,0.3,0.4,0.4,7.0,0.8,2.0,-1.5,1.5,-0.6000000000000001,-0.30000000000000004,-0.40000000000000013,-0.30000000000000004,0.8,0.30000000000000004,-1.2,-0.6,-0.19999999999999996,-0.10000000000000003,0.0,0.0,1.0,2022-23,20220821|Chelsea|Leeds United,3,0,3,home
2022-08-21,Newcastle United,Manchester City,0.2665729925982348,2.0,1.2,1.2,0.0,0.6,0.2,2.2,1.3,0.8,0.5,0.7,0.1,8.0,2.6,3.2,1.0,2.2,0.8,0.2,2.6,3.5,0.8,2.7,0.8,0.2,8.0,2.5,2.4,1.0,1.8,-0.6000000000000001,-0.3999999999999999,-2.0,-2.2,0.19999999999999996,0.0,-2.2,-2.2,-0.20000000000000007,-0.10000000000000009,0.0,-0.1,0.0,2022-23,20220821|Manchester City|Newcastle United,3,3,6,draw
2022-08-22,Manchester United,Liverpool,0.27251689853808814,0.6,0.8,2.2,-1.4,0.2,0.0,0.7,0.9,2.2,-1.3,0.2,0.1,9.0,2.2,2.0,1.2,0.8,0.6,0.4,2.2,2.0,0.9,1.1,0.6,0.4,7.0,1.9,2.4,0.7,1.0,-1.6,-1.5000000000000002,-1.2,-1.1,1.0000000000000002,1.3000000000000003,-2.2,-2.4000000000000004,-0.39999999999999997,-0.39999999999999997,-0.4,-0.30000000000000004,2.0,2022-23,20220822|Liverpool|Manchester United,2,1,3,home
2022-08-27,Liverpool,Bournemouth,0.852190078646351,1.6,1.8,1.4,0.4,0.4,0.4,2.1,1.9,0.9,1.0,0.6,0.3,5.0,1.0,0.6666666666666666,2.3333333333333335,-1.6666666666666667,0.3333333333333333,0.0,1.0,0.6666666666666666,2.3333333333333335,-1.6666666666666667,0.3333333333333333,0.0,7.0,2.6,0.0,2.1,-4.0,0.6000000000000001,1.1,1.1333333333333333,1.2333333333333334,-0.9333333333333336,-1.4333333333333336,2.066666666666667,2.666666666666667,0.06666666666666671,0.26666666666666666,0.4,0.3,-2.0,2022-23,20220827|Bournemouth|Liverpool,9,0,9,home
2022-08-27,Manchester City,Crystal Palace,0.8755861785226071,2.2,2.8,1.4,1.4,0.6,0.4,2.6,3.6,0.9,2.7,0.8,0.2,6.0,1.4,1.4,1.4,0.0,0.4,0.2,1.5,1.1,1.0,0.1,0.4,0.3,7.0,2.5,1.3,2.2,0.3,0.8000000000000003,1.1,1.4,2.5,0.0,-0.09999999999999998,1.4,2.6,0.19999999999999996,0.4,0.2,-0.09999999999999998,-1.0,2022-23,20220827|Crystal Palace|Manchester City,4,2,6,home
2022-08-27,Brentford,Everton,0.6814293378196814,1.4,2.4,1.8,0.6,0.4,0.2,1.7,1.9,1.3,0.6,0.5,0.2,7.0,0.8,1.2,2.2,-1.0,0.2,0.2,1.1,1.1,1.7,-0.6,0.3,0.2,7.0,1.4,0.4,0.5,-1.7,0.5999999999999999,0.5999999999999999,1.2,0.7999999999999998,-0.40000000000000013,-0.3999999999999999,1.6,1.2,0.2,0.2,0.0,0.0,0.0,2022-23,20220827|Everton|Brentford,1,1,2,draw
2022-08-27,Arsenal,Fulham,0.8478926222566462,2.4,2.8,1.0,1.8,0.8,0.0,2.4,2.5,1.3,1.2,0.8,0.0,7.0,1.2,1.2,1.4,-0.2,0.2,0.6,0.7,0.8,1.6,-0.8,0.1,0.4,7.0,2.2,1.1,1.0,-0.3,1.2,1.7,1.5999999999999999,1.7,-0.3999999999999999,-0.30000000000000004,2.0,2.0,0.6000000000000001,0.7000000000000001,-0.6,-0.4,0.0,2022-23,20220827|Fulham|Arsenal,2,1,3,home
2022-08-27,Brighton and Hove Albion,Leeds United,0.6780180117921234,2.2,1.6,0.6,1.0,0.6,0.4,2.1,1.8,0.8,1.0,0.6,0.3,6.0,2.2,2.0,1.0,1.0,0.6,0.4,1.5,1.4,1.4,0.0,0.4,0.3,6.0,1.0,1.2,-0.3,-0.6,0.0,0.6000000000000001,-0.3999999999999999,0.40000000000000013,-0.4,-0.5999999999999999,0.0,1.0,0.0,0.19999999999999996,0.0,0.0,0.0,2022-23,20220827|Leeds United|Brighton and Hove Albion,1,0,1,home
2022-08-27,Chelsea,Leicester City,0.7415048275493278,1.6,1.2,1.4,-0.2,0.4,0.4,1.6,1.3,1.1,0.2,0.4,0.4,6.0,1.0,2.0,2.0,0.0,0.2,0.4,1.2,2.0,1.6,0.4,0.3,0.3,7.0,1.6,0.9,0.0,-0.2,0.6000000000000001,0.40000000000000013,-0.8,-0.7,-0.6000000000000001,-0.5,-0.2,-0.2,0.2,0.10000000000000003,0.0,0.10000000000000003,-1.0,2022-23,20220827|Leicester City|Chelsea,2,1,3,home
2022-08-27,Southampton,Manchester United,0.4341956077443273,0.8,1.4,2.6,-1.2,0.2,0.2,0.8,1.1,2.2,-1.1,0.2,0.2,7.0,0.6,0.6,2.4,-1.8,0.2,0.0,1.0,1.1,2.2,-1.1,0.3,0.1,5.0,1.1,0.7,-0.5,-1.5,0.20000000000000007,-0.19999999999999996,0.7999999999999999,0.0,0.20000000000000018,0.0,0.6000000000000001,0.0,0.0,-0.09999999999999998,0.2,0.1,2.0,2022-23,20220827|Manchester United|Southampton,0,1,1,away
2022-08-28,Wolverhampton Wanderers,Newcastle United,0.43175088138742496,0.4,0.6,1.4,-0.8,0.0,0.4,0.3,0.6,1.9,-1.3,0.0,0.3,8.0,2.2,1.8,0.8,1.0,0.6,0.4,2.0,1.5,1.1,0.4,0.6,0.2,7.0,1.1,1.4,-0.5,-0.4,-1.8000000000000003,-1.7,-1.2000000000000002,-0.9,0.5999999999999999,0.7999999999999998,-1.8,-1.7000000000000002,-0.6,-0.6,0.0,0.09999999999999998,1.0,2022-23,20220828|Newcastle United|Wolverhampton Wanderers,1,1,2,draw
2022-08-28,Nottingham Forest,Tottenham Hotspur,0.38613570754145515,1.3333333333333333,0.6666666666666666,1.0,-0.3333333333333333,0.3333333333333333,0.3333333333333333,1.3333333333333333,0.6666666666666666,1.0,-0.3333333333333333,0.3333333333333333,0.3333333333333333,8.0,2.6,2.6,0.6,2.0,0.8,0.2,2.1,2.0,0.6,1.4,0.6,0.3,8.0,3.0,1.8,1.0,1.4,-1.2666666666666668,-0.7666666666666668,-1.9333333333333336,-1.3333333333333335,0.4,0.4,-2.3333333333333335,-1.7333333333333332,-0.46666666666666673,-0.26666666666666666,0.1333333333333333,0.033333333333333326,0.0,2022-23,20220828|Tottenham Hotspur|Nottingham Forest,0,2,2,away
2022-08-28,Aston Villa,West Ham United,0.5574849279974587,0.8,1.2,2.0,-0.8,0.2,0.2,1.2,1.3,1.4,-0.1,0.3,0.3,8.0,0.2,0.6,2.0,-1.4,0.0,0.2,0.5,0.9,1.6,-0.7,0.1,0.2,7.0,1.2,0.7,0.0,-0.5,0.6000000000000001,0.7,0.6,0.4,0.0,-0.20000000000000018,0.5999999999999999,0.6,0.2,0.19999999999999998,0.0,0.09999999999999998,1.0,2022-23,20220828|West Ham United|Aston Villa,0,1,1,away
2022-08-30,Crystal Palace,Brentford,0.6212584854911793,1.4,1.4,1.6,-0.2,0.4,0.2,1.5,1.3,1.3,0.0,0.4,0.3,3.0,1.0,2.0,1.6,0.4,0.2,0.4,1.5,1.8,1.4,0.4,0.4,0.3,3.0,1.5,1.3,0.2,-0.1,0.3999999999999999,0.0,-0.6000000000000001,-0.5,0.0,-0.09999999999999987,-0.6000000000000001,-0.4,0.2,0.0,-0.2,0.0,0.0,2022-23,20220830|Brentford|Crystal Palace,1,1,2,draw
2022-08-30,Fulham,Brighton and Hove Albion,0.3640683821162267,1.0,1.2,1.6,-0.4,0.2,0.4,0.7,0.9,1.7,-0.8,0.1,0.4,3.0,2.6,1.6,0.4,1.2,0.8,0.2,2.1,1.8,0.8,1.0,0.6,0.3,3.0,0.8,1.9,-0.8,0.4,-1.6,-1.4000000000000001,-0.40000000000000013,-0.9,1.2000000000000002,0.8999999999999999,-1.6,-1.8,-0.6000000000000001,-0.5,0.2,0.10000000000000003,0.0,2022-23,20220830|Brighton and Hove Albion|Fulham,2,1,3,home
2022-08-30,Southampton,Chelsea,0.30180266660602234,0.8,1.2,2.4,-1.2,0.2,0.2,0.5,1.0,2.3,-1.3,0.1,0.2,3.0,2.0,1.4,1.4,0.0,0.6,0.2,1.6,1.4,1.2,0.2,0.4,0.4,3.0,1.0,2.0,-0.6,1.3,-1.2,-1.1,-0.19999999999999996,-0.3999999999999999,1.0,1.0999999999999999,-1.2,-1.5,-0.39999999999999997,-0.30000000000000004,0.0,-0.2,0.0,2022-23,20220830|Chelsea|Southampton,2,1,3,home
2022-08-30,Leeds United,Everton,0.664460725875691,2.0,1.8,1.0,0.8,0.6,0.2,1.2,1.1,1.5,-0.4,0.3,0.3,3.0,0.4,0.8,2.0,-1.2,0.0,0.4,1.2,1.2,1.6,-0.4,0.3,0.3,3.0,1.1,0.5,-1.1,-1.5,1.6,0.0,1.0,-0.09999999999999987,-1.0,-0.10000000000000009,2.0,0.0,0.6,0.0,-0.2,0.0,0.0,2022-23,20220830|Everton|Leeds United,1,1,2,draw
2022-08-31,Arsenal,Aston Villa,0.8120404940537185,3.0,3.2,0.8,2.4,1.0,0.0,2.4,2.3,1.2,1.1,0.8,0.0,4.0,0.6,1.0,2.0,-1.0,0.2,0.0,1.1,1.3,1.5,-0.2,0.3,0.2,3.0,2.4,1.0,1.1,-0.1,2.4,1.2999999999999998,2.2,0.9999999999999998,-1.2,-0.30000000000000004,3.4,1.3,0.8,0.5,0.0,-0.2,1.0,2022-23,20220831|Aston Villa|Arsenal,2,1,3,home
2022-08-31,Liverpool,Newcastle United,0.8083022933927962,1.6,3.2,1.2,2.0,0.4,0.4,2.1,2.4,0.9,1.5,0.6,0.3,4.0,1.8,1.6,1.0,0.6,0.4,0.6,1.8,1.4,1.1,0.3,0.5,0.3,3.0,2.6,1.4,2.8,-0.4,-0.19999999999999996,0.30000000000000004,1.6,1.0,0.19999999999999996,-0.20000000000000007,1.4,1.2,0.0,0.09999999999999998,-0.19999999999999996,0.0,1.0,2022-23,20220831|Newcastle United|Liverpool,2,1,3,home
2022-08-31,Manchester City,Nottingham Forest,0.8901717781240072,2.6,3.2,1.4,1.8,0.8,0.2,2.6,3.7,1.1,2.6,0.8,0.2,4.0,1.0,0.5,1.25,-0.75,0.25,0.25,1.0,0.5,1.25,-0.75,0.25,0.25,3.0,2.5,0.5,2.3,-1.0,1.6,1.6,2.7,3.2,0.1499999999999999,-0.1499999999999999,2.55,3.35,0.55,0.55,-0.04999999999999999,-0.04999999999999999,1.0,2022-23,20220831|Nottingham Forest|Manchester City,6,0,6,home
2022-08-31,West Ham United,Tottenham Hotspur,0.38010114033302533,0.6,0.4,1.6,-1.2,0.2,0.0,0.8,1.0,1.4,-0.4,0.2,0.2,3.0,2.6,2.8,0.6,2.2,0.8,0.2,2.4,2.2,0.5,1.7,0.7,0.3,3.0,1.5,1.8,-0.1,1.5,-2.0,-1.5999999999999999,-2.4,-1.2000000000000002,1.0,0.8999999999999999,-3.4000000000000004,-2.1,-0.6000000000000001,-0.49999999999999994,-0.2,-0.09999999999999998,0.0,2022-23,20220831|Tottenham Hotspur|West Ham United,1,1,2,draw
2022-08-31,Bournemouth,Wolverhampton Wanderers,0.6515776350641796,0.75,0.5,4.0,-3.5,0.25,0.0,0.75,0.5,4.0,-3.5,0.25,0.0,4.0,0.4,0.6,1.4,-0.8,0.0,0.4,0.4,0.7,1.9,-1.2,0.0,0.4,3.0,1.5,0.7,-0.5,-0.5,0.35,0.35,-0.09999999999999998,-0.19999999999999996,2.6,2.1,-2.7,-2.3,0.25,0.25,-0.4,-0.4,1.0,2022-23,20220831|Wolverhampton Wanderers|Bournemouth,0,0,0,draw
2022-09-01,Leicester City,Manchester United,0.513533037650368,0.8,2.0,2.2,-0.2,0.2,0.2,1.1,2.1,1.8,0.3,0.3,0.2,5.0,1.2,0.8,1.6,-0.8,0.4,0.0,1.0,0.9,2.0,-1.1,0.3,0.1,5.0,1.8,0.7,0.7,-1.6,-0.3999999999999999,0.10000000000000009,1.2,1.2000000000000002,0.6000000000000001,-0.19999999999999996,0.6000000000000001,1.4000000000000001,-0.2,0.0,0.2,0.1,0.0,2022-23,20220901|Manchester United|Leicester City,0,1,1,away
2022-09-03,Nottingham Forest,Bournemouth,0.5946479898103357,0.8,0.4,2.2,-1.8,0.2,0.2,0.8,0.4,2.2,-1.8,0.2,0.2,3.0,0.8,0.4,3.2,-2.8,0.2,0.2,0.8,0.4,3.2,-2.8,0.2,0.2,3.0,1.5,0.0,-0.5,-6.5,0.0,0.0,0.0,0.0,-1.0,-1.0,0.9999999999999998,0.9999999999999998,0.0,0.0,0.0,0.0,0.0,2022-23,20220903|Bournemouth|Nottingham Forest,2,3,5,away
2022-09-03,Newcastle United,Crystal Palace,0.6521500684903893,1.2,1.4,1.2,0.2,0.2,0.6,1.5,1.4,1.3,0.1,0.4,0.3,3.0,1.0,1.4,1.8,-0.4,0.2,0.4,1.5,1.4,1.4,0.0,0.4,0.3,4.0,2.5,1.2,1.0,0.1,0.19999999999999996,0.0,0.0,0.0,-0.6000000000000001,-0.09999999999999987,0.6000000000000001,0.1,0.0,0.0,0.19999999999999996,0.0,-1.0,2022-23,20220903|Crystal Palace|Newcastle United,0,0,0,draw
2022-09-03,Tottenham Hotspur,Fulham,0.8507052147066049,2.2,2.0,0.8,1.2,0.6,0.4,2.4,2.3,0.6,1.7,0.7,0.3,3.0,1.6,1.6,1.4,0.2,0.4,0.4,0.9,1.0,1.7,-0.7,0.2,0.3,4.0,2.4,0.8,1.8,-0.6,0.6000000000000001,1.5,0.3999999999999999,1.2999999999999998,-0.5999999999999999,-1.1,1.0,2.4,0.19999999999999996,0.49999999999999994,0.0,0.0,-1.0,2022-23,20220903|Fulham|Tottenham Hotspur,2,1,3,home
2022-09-03,Brentford,Leeds United,0.6084077918671044,1.2,2.0,1.4,0.6,0.2,0.6,1.3,1.7,1.4,0.3,0.3,0.4,4.0,1.6,1.6,1.0,0.6,0.4,0.4,1.2,1.2,1.6,-0.4,0.3,0.3,4.0,1.5,1.1,0.7,-0.7,-0.40000000000000013,0.10000000000000009,0.3999999999999999,0.5,0.3999999999999999,-0.20000000000000018,0.0,0.7,-0.2,0.0,0.19999999999999996,0.10000000000000003,0.0,2022-23,20220903|Leeds United|Brentford,5,2,7,home
2022-09-03,Everton,Liverpool,0.19440602620333255,0.6,0.8,1.2,-0.4,0.0,0.6,1.0,1.2,1.7,-0.5,0.2,0.4,4.0,1.6,3.0,1.2,1.8,0.4,0.4,2.1,2.4,1.0,1.4,0.6,0.3,3.0,1.4,2.3,0.0,0.9,-1.0,-1.1,-2.2,-1.2,0.0,0.7,-2.2,-1.9,-0.4,-0.39999999999999997,0.19999999999999996,0.10000000000000003,1.0,2022-23,20220903|Liverpool|Everton,0,0,0,draw
2022-09-03,Aston Villa,Manchester City,0.16707724149294506,0.6,0.8,1.8,-1.0,0.2,0.0,0.8,1.2,1.7,-0.5,0.2,0.2,3.0,2.6,3.8,1.0,2.8,0.8,0.2,2.6,3.8,1.0,2.8,0.8,0.2,3.0,1.1,2.2,-0.1,1.7,-2.0,-1.8,-3.0,-2.5999999999999996,0.8,0.7,-3.8,-3.3,-0.6000000000000001,-0.6000000000000001,-0.2,0.0,0.0,2022-23,20220903|Manchester City|Aston Villa,1,1,2,draw
2022-09-03,Wolverhampton Wanderers,Southampton,0.6134686163635904,0.6,0.4,0.8,-0.4,0.0,0.6,0.5,0.7,1.8,-1.1,0.0,0.5,3.0,1.4,1.4,1.8,-0.4,0.4,0.2,0.8,1.2,2.2,-1.0,0.2,0.2,4.0,1.2,0.9,-0.4,-1.3,-0.7999999999999999,-0.30000000000000004,-0.9999999999999999,-0.5,-1.0,-0.40000000000000013,0.0,-0.10000000000000009,-0.4,-0.2,0.39999999999999997,0.3,-1.0,2022-23,20220903|Southampton|Wolverhampton Wanderers,1,0,1,home
2022-09-03,Chelsea,West Ham United,0.7143637912408234,1.4,1.2,1.6,-0.4,0.4,0.2,1.5,1.4,1.3,0.1,0.4,0.3,4.0,0.8,0.4,1.2,-0.8,0.2,0.2,0.8,1.0,1.4,-0.4,0.2,0.2,3.0,1.8,0.7,0.1,-0.5,0.5999999999999999,0.7,0.7999999999999999,0.3999999999999999,0.40000000000000013,-0.09999999999999987,0.4,0.5,0.2,0.2,0.0,0.09999999999999998,1.0,2022-23,20220903|West Ham United|Chelsea,2,1,3,home
2022-09-04,Manchester United,Arsenal,0.46969297911861596,1.8,1.0,1.4,-0.4,0.6,0.0,1.3,1.0,1.6,-0.6,0.4,0.1,3.0,3.0,2.6,0.8,1.8,1.0,0.0,2.4,2.2,1.2,1.0,0.8,0.0,4.0,1.9,1.8,0.7,0.1,-1.2,-1.0999999999999999,-1.6,-1.2000000000000002,0.5999999999999999,0.40000000000000013,-2.2,-1.6,-0.4,-0.4,0.0,0.1,-1.0,2022-23,20220904|Arsenal|Manchester United,3,1,4,home
2022-09-04,Brighton and Hove Albion,Leicester City,0.6817942311570907,2.0,1.2,0.6,0.6,0.6,0.2,2.1,1.9,0.7,1.2,0.6,0.3,5.0,0.2,1.2,2.2,-1.0,0.0,0.2,1.1,2.0,1.6,0.4,0.3,0.2,3.0,1.2,0.9,-0.2,-0.2,1.8,1.0,0.0,-0.10000000000000009,-1.6,-0.9000000000000001,1.6,0.7999999999999999,0.6,0.3,0.0,0.09999999999999998,2.0,2022-23,20220904|Leicester City|Brighton and Hove Albion,5,2,7,home
2022-09-16,Nottingham Forest,Fulham,0.6667371460968156,0.8,0.8,2.4,-1.6,0.2,0.2,0.6666666666666666,0.6666666666666666,2.3333333333333335,-1.6666666666666667,0.16666666666666666,0.16666666666666666,13.0,1.4,1.4,1.4,0.0,0.4,0.2,0.9,1.1,1.7,-0.6,0.2,0.3,13.0,1.0,0.7,-0.6666666666666666,-0.7,-0.5999999999999999,-0.2333333333333334,-0.5999999999999999,-0.43333333333333346,1.0,0.6333333333333335,-1.6,-1.0666666666666669,-0.2,-0.033333333333333354,0.0,-0.13333333333333333,0.0,2022-23,20220916|Fulham|Nottingham Forest,2,3,5,away
2022-09-16,Aston Villa,Southampton,0.6394365578345453,0.8,1.0,1.6,-0.6,0.2,0.2,0.6,1.0,1.7,-0.7,0.1,0.3,13.0,1.4,1.2,1.2,0.0,0.4,0.2,0.7,1.0,2.1,-1.1,0.2,0.1,13.0,1.2,0.6,0.0,-1.5,-0.5999999999999999,-0.09999999999999998,-0.19999999999999996,0.0,0.40000000000000013,-0.40000000000000013,-0.6,0.40000000000000013,-0.2,-0.1,0.0,0.19999999999999998,0.0,2022-23,20220916|Southampton|Aston Villa,1,0,1,home
2022-09-17,Newcastle United,Bournemouth,0.652632086586887,0.8,1.0,1.2,-0.2,0.0,0.8,1.3,1.1,1.3,-0.2,0.3,0.4,14.0,0.8,0.6,3.6,-3.0,0.2,0.2,1.1666666666666667,0.8333333333333334,3.0,-2.1666666666666665,0.3333333333333333,0.16666666666666666,14.0,2.3,1.0,0.8,-4.0,0.0,0.1333333333333333,0.4,0.2666666666666667,-2.4000000000000004,-1.7,2.8,1.9666666666666666,-0.2,-0.033333333333333326,0.6000000000000001,0.23333333333333336,0.0,2022-23,20220917|Bournemouth|Newcastle United,1,1,2,draw
2022-09-17,Tottenham Hotspur,Leicester City,0.8139331338521073,2.2,1.6,0.8,0.8,0.6,0.4,2.4,2.2,0.6,1.6,0.7,0.3,14.0,0.0,1.2,2.8,-1.6,0.0,0.0,1.1,2.1,1.9,0.2,0.3,0.2,13.0,2.7,0.6,2.1,-0.7,2.2,1.2999999999999998,0.40000000000000013,0.10000000000000009,-1.9999999999999998,-1.2999999999999998,2.4000000000000004,1.4000000000000001,0.6,0.39999999999999997,0.4,0.09999999999999998,1.0,2022-23,20220917|Leicester City|Tottenham Hotspur,6,2,8,home
2022-09-17,Wolverhampton Wanderers,Manchester City,0.18155028537748724,1.2,0.4,0.4,0.0,0.2,0.6,0.8,0.8,1.5,-0.7,0.1,0.5,14.0,2.2,3.6,1.2,2.4,0.6,0.4,2.4,3.5,1.1,2.4,0.7,0.3,14.0,1.2,2.2,-0.4,1.7,-1.0000000000000002,-1.5999999999999999,-3.2,-2.7,-0.7999999999999999,0.3999999999999999,-2.4,-3.0999999999999996,-0.39999999999999997,-0.6,0.19999999999999996,0.2,0.0,2022-23,20220917|Manchester City|Wolverhampton Wanderers,0,3,3,away
2022-09-18,Brentford,Arsenal,0.40707828668833174,1.6,2.6,1.4,1.2,0.4,0.4,1.5,2.2,1.6,0.6,0.4,0.3,15.0,2.4,2.4,1.4,1.0,0.8,0.0,2.1,2.1,1.4,0.7,0.7,0.0,14.0,1.8,1.5,1.1,-0.2,-0.7999999999999998,-0.6000000000000001,0.20000000000000018,0.10000000000000009,0.0,0.20000000000000018,0.19999999999999996,-0.09999999999999998,-0.4,-0.29999999999999993,0.4,0.3,1.0,2022-23,20220918|Arsenal|Brentford,0,3,3,away
2022-09-18,Everton,West Ham United,0.5004491432448747,0.8,0.8,1.0,-0.2,0.0,0.8,0.8,1.0,1.6,-0.6,0.1,0.5,15.0,0.8,0.6,1.2,-0.6,0.2,0.2,0.8,1.1,1.5,-0.4,0.2,0.2,15.0,1.5,0.7,0.1,-0.5,0.0,0.0,0.20000000000000007,-0.10000000000000009,-0.19999999999999996,0.10000000000000009,0.39999999999999997,-0.19999999999999996,-0.2,-0.1,0.6000000000000001,0.3,0.0,2022-23,20220918|West Ham United|Everton,1,0,1,home
2022-10-01,Bournemouth,Brentford,0.6135452174481778,1.0,0.8,3.0,-2.2,0.2,0.4,1.1428571428571428,0.8571428571428571,2.7142857142857144,-1.8571428571428572,0.2857142857142857,0.2857142857142857,14.0,1.0,1.8,2.0,-0.2,0.2,0.4,1.5,2.2,1.6,0.6,0.4,0.3,13.0,1.3333333333333333,1.4,-0.3333333333333333,0.1,0.0,-0.3571428571428572,-1.0,-1.342857142857143,1.0,1.1142857142857143,-2.0,-2.4571428571428573,0.0,-0.11428571428571432,0.0,-0.01428571428571429,1.0,2022-23,20221001|Brentford|Bournemouth,0,0,0,draw
2022-10-01,Liverpool,Brighton and Hove Albion,0.803744986371475,1.6,2.6,0.8,1.8,0.4,0.4,1.9,2.3,1.0,1.3,0.5,0.4,28.0,2.0,1.8,0.8,1.0,0.6,0.2,2.3,2.2,0.7,1.5,0.7,0.2,27.0,2.6,1.6,2.7,0.1,-0.3999999999999999,-0.3999999999999999,0.8,0.09999999999999964,0.0,0.30000000000000004,0.8,-0.19999999999999996,-0.19999999999999996,-0.19999999999999996,0.2,0.2,1.0,2022-23,20221001|Brighton and Hove Albion|Liverpool,3,3,6,draw
2022-10-01,Crystal Palace,Chelsea,0.44201116237641724,1.2,1.4,1.4,0.0,0.2,0.6,1.3,1.2,1.3,-0.1,0.3,0.4,28.0,1.4,1.4,1.8,-0.4,0.4,0.2,1.8,1.6,1.3,0.3,0.5,0.3,28.0,1.6,1.9,0.4,1.2,-0.19999999999999996,-0.5,0.0,-0.40000000000000013,-0.40000000000000013,0.0,0.4,-0.4,-0.2,-0.2,0.39999999999999997,0.10000000000000003,0.0,2022-23,20221001|Chelsea|Crystal Palace,1,2,3,away
2022-10-01,Southampton,Everton,0.5358178280704733,1.2,0.8,1.0,-0.2,0.4,0.0,0.7,0.9,2.0,-1.1,0.2,0.1,15.0,1.4,0.8,0.6,0.2,0.2,0.8,1.0,1.1,1.6,-0.5,0.2,0.4,13.0,1.0,0.6,-0.7,-1.3,-0.19999999999999996,-0.30000000000000004,0.0,-0.20000000000000007,0.4,0.3999999999999999,-0.4,-0.6000000000000001,0.2,0.0,-0.8,-0.30000000000000004,2.0,2022-23,20221001|Everton|Southampton,1,2,3,away
2022-10-01,Fulham,Newcastle United,0.4372549951749164,1.8,2.0,1.8,0.2,0.6,0.0,1.2,1.4,1.7,-0.3,0.3,0.3,15.0,0.8,1.2,1.4,-0.2,0.0,0.8,1.4,1.2,1.3,-0.1,0.3,0.5,14.0,1.0,1.1,-0.7,-0.7,1.0,-0.19999999999999996,0.8,0.19999999999999996,0.40000000000000013,0.3999999999999999,0.4,-0.19999999999999998,0.6,0.0,-0.8,-0.2,1.0,2022-23,20221001|Newcastle United|Fulham,1,4,5,away
2022-10-01,Arsenal,Tottenham Hotspur,0.5632696767200593,2.4,2.2,1.0,1.2,0.8,0.0,2.1,2.2,1.3,0.9,0.7,0.0,13.0,2.6,2.4,0.8,1.6,0.8,0.2,2.6,2.7,0.7,2.0,0.8,0.2,14.0,2.4,1.9,1.1,1.6,-0.20000000000000018,-0.5,-0.19999999999999973,-0.5,0.19999999999999996,0.6000000000000001,-0.40000000000000013,-1.1,0.0,-0.10000000000000009,-0.2,-0.2,-1.0,2022-23,20221001|Tottenham Hotspur|Arsenal,3,1,4,home
2022-10-01,West Ham United,Wolverhampton Wanderers,0.6441809347403926,0.8,0.6,1.2,-0.6,0.2,0.2,0.8,1.0,1.4,-0.4,0.2,0.2,13.0,1.0,0.4,1.0,-0.6,0.2,0.4,0.7,0.6,1.6,-1.0,0.1,0.4,14.0,1.3,0.5,-0.2,-0.7,-0.19999999999999996,0.10000000000000009,0.19999999999999996,0.4,0.19999999999999996,-0.20000000000000018,0.0,0.6,0.0,0.1,-0.2,-0.2,-1.0,2022-23,20221001|Wolverhampton Wanderers|West Ham United,2,0,2,home
2022-10-02,Leeds United,Aston Villa,0.5902555988972696,1.0,1.6,1.8,-0.2,0.2,0.4,1.2,1.4,1.7,-0.3,0.3,0.3,29.0,0.8,0.8,1.4,-0.6,0.2,0.2,0.9,1.0,1.5,-0.5,0.2,0.3,16.0,1.2,1.0,-0.9,-0.1,0.19999999999999996,0.29999999999999993,0.8,0.3999999999999999,0.40000000000000013,0.19999999999999996,0.39999999999999997,0.2,0.0,0.09999999999999998,0.2,0.0,13.0,2022-23,20221002|Aston Villa|Leeds United,0,0,0,draw
2022-10-02,Manchester City,Manchester United,0.8320630216188175,2.2,3.4,1.2,2.2,0.6,0.4,2.4,3.3,1.1,2.2,0.7,0.3,15.0,2.4,1.4,1.2,0.2,0.8,0.0,1.6,1.2,1.4,-0.2,0.5,0.1,28.0,2.5,0.9,2.7,-1.5,-0.19999999999999973,0.7999999999999998,2.0,2.0999999999999996,0.0,-0.2999999999999998,2.0,2.4000000000000004,-0.20000000000000007,0.19999999999999996,0.4,0.19999999999999998,-13.0,2022-23,20221002|Manchester United|Manchester City,6,3,9,home
2022-10-03,Leicester City,Nottingham Forest,0.6060098100562802,0.0,1.2,3.2,-2.0,0.0,0.0,0.8,2.0,2.5,-0.5,0.2,0.2,16.0,0.2,1.0,3.0,-2.0,0.0,0.2,0.5714285714285714,0.8571428571428571,2.4285714285714284,-1.5714285714285714,0.14285714285714285,0.14285714285714285,17.0,1.7,0.3333333333333333,0.6,-2.6666666666666665,-0.2,0.22857142857142865,0.19999999999999996,1.1428571428571428,0.20000000000000018,0.07142857142857162,0.0,1.0714285714285714,0.0,0.05714285714285716,-0.2,0.05714285714285716,-1.0,2022-23,20221003|Nottingham Forest|Leicester City,4,0,4,home
2022-10-08,Newcastle United,Brentford,0.6776501443813261,1.2,1.4,1.0,0.4,0.2,0.6,1.7,1.6,0.9,0.7,0.4,0.5,7.0,1.2,1.4,1.4,0.0,0.2,0.6,1.3,1.9,1.6,0.3,0.3,0.4,7.0,2.1,1.5,0.7,0.2,0.0,0.3999999999999999,0.0,-0.2999999999999998,-0.3999999999999999,-0.7000000000000001,0.4,0.39999999999999997,0.0,0.10000000000000003,0.0,0.09999999999999998,0.0,2022-23,20221008|Brentford|Newcastle United,5,1,6,home
2022-10-08,Bournemouth,Leicester City,0.6273250559641661,1.2,0.8,2.4,-1.6,0.2,0.6,1.125,0.75,2.375,-1.625,0.25,0.375,7.0,0.6,1.8,2.8,-1.0,0.2,0.0,0.8,1.9,2.4,-0.5,0.2,0.2,5.0,1.25,0.6,-0.25,-0.9,0.6,0.32499999999999996,-1.0,-1.15,-0.3999999999999999,-0.02499999999999991,-0.6000000000000001,-1.125,0.0,0.04999999999999999,0.6,0.175,2.0,2022-23,20221008|Leicester City|Bournemouth,2,1,3,home
2022-10-08,Manchester City,Southampton,0.9349872923677276,2.6,4.0,1.2,2.8,0.8,0.2,2.4,3.4,1.3,2.1,0.7,0.3,6.0,0.6,0.6,1.2,-0.6,0.2,0.0,0.7,1.0,1.9,-0.9,0.2,0.1,7.0,2.8,0.5,3.1,-1.6,2.0,1.7,3.4,2.4,0.0,-0.5999999999999999,3.4,3.0,0.6000000000000001,0.49999999999999994,0.2,0.19999999999999998,-1.0,2022-23,20221008|Southampton|Manchester City,4,0,4,home
2022-10-08,Brighton and Hove Albion,Tottenham Hotspur,0.4647435531438504,2.0,2.4,1.4,1.0,0.6,0.2,2.1,2.2,1.0,1.2,0.6,0.3,7.0,2.0,2.4,1.4,1.0,0.6,0.2,2.3,2.5,1.0,1.5,0.7,0.2,7.0,1.5,1.6,0.4,1.0,0.0,-0.19999999999999973,0.0,-0.2999999999999998,0.0,0.0,0.0,-0.30000000000000004,0.0,-0.09999999999999998,0.0,0.09999999999999998,0.0,2022-23,20221008|Tottenham Hotspur|Brighton and Hove Albion,0,1,1,away
2022-10-08,Chelsea,Wolverhampton Wanderers,0.8070731546477872,1.8,1.4,1.6,-0.2,0.6,0.0,2.0,1.6,1.2,0.4,0.6,0.2,7.0,1.0,0.4,1.2,-0.8,0.2,0.4,0.7,0.5,1.3,-0.8,0.1,0.4,7.0,1.8,0.5,0.0,-0.8,0.8,1.3,0.9999999999999999,1.1,0.40000000000000013,-0.10000000000000009,0.6000000000000001,1.2000000000000002,0.39999999999999997,0.5,-0.4,-0.2,0.0,2022-23,20221008|Wolverhampton Wanderers|Chelsea,3,0,3,home
2022-10-09,West Ham United,Fulham,0.7008890212379338,1.4,1.0,0.8,0.2,0.4,0.2,0.8,0.8,1.4,-0.6,0.2,0.2,8.0,1.2,1.6,2.2,-0.6,0.4,0.0,1.2,1.4,1.8,-0.4,0.3,0.3,8.0,1.5,0.9,0.0,-0.6,0.19999999999999996,-0.3999999999999999,-0.6000000000000001,-0.5999999999999999,-1.4000000000000001,-0.40000000000000013,0.8,-0.19999999999999996,0.0,-0.09999999999999998,0.2,-0.09999999999999998,0.0,2022-23,20221009|Fulham|West Ham United,3,1,4,home
2022-10-09,Crystal Palace,Leeds United,0.6379585909808415,1.0,1.4,1.6,-0.2,0.2,0.4,1.0,1.2,1.5,-0.3,0.2,0.4,8.0,1.0,1.2,1.4,-0.2,0.2,0.4,1.3,1.3,1.5,-0.2,0.3,0.4,7.0,1.6,1.1,0.4,-0.7,0.0,-0.30000000000000004,0.19999999999999996,-0.10000000000000009,0.20000000000000018,0.0,0.0,-0.09999999999999998,0.0,-0.09999999999999998,0.0,0.0,1.0,2022-23,20221009|Leeds United|Crystal Palace,2,1,3,home
2022-10-09,Arsenal,Liverpool,0.49193526855776004,2.4,2.2,1.2,1.0,0.8,0.0,2.4,2.5,1.1,1.4,0.8,0.0,8.0,1.6,3.0,1.2,1.8,0.4,0.4,1.9,2.5,1.2,1.3,0.5,0.4,8.0,2.4,2.1,1.2,0.7,0.7999999999999998,0.5,-0.7999999999999998,0.0,0.0,-0.09999999999999987,-0.8,0.09999999999999987,0.4,0.30000000000000004,-0.4,-0.4,0.0,2022-23,20221009|Liverpool|Arsenal,3,2,5,home
2022-10-09,Everton,Manchester United,0.4422878821654007,1.8,1.0,0.6,0.4,0.4,0.6,1.3,1.1,1.4,-0.3,0.3,0.4,8.0,2.4,2.0,1.6,0.4,0.8,0.0,1.5,1.4,1.9,-0.5,0.5,0.0,7.0,1.8,0.6,0.3,-2.0,-0.5999999999999999,-0.19999999999999996,-1.0,-0.2999999999999998,-1.0,-0.5,0.0,0.2,-0.4,-0.2,0.6,0.4,1.0,2022-23,20221009|Manchester United|Everton,1,2,3,away
2022-10-10,Nottingham Forest,Aston Villa,0.5493265238368358,0.0,0.8,3.6,-2.8,0.0,0.0,0.5,0.75,2.625,-1.875,0.125,0.125,7.0,1.0,0.6,0.8,-0.2,0.2,0.4,0.9,0.9,1.4,-0.5,0.2,0.3,8.0,0.75,0.8,-0.75,-0.3,-1.0,-0.4,0.20000000000000007,-0.15000000000000002,2.8,1.225,-2.5999999999999996,-1.375,-0.2,-0.07500000000000001,-0.4,-0.175,-1.0,2022-23,20221010|Aston Villa|Nottingham Forest,1,1,2,draw
2022-10-14,Brentford,Brighton and Hove Albion,0.49079560005062245,1.0,1.4,2.2,-0.8,0.2,0.4,1.0,1.7,1.9,-0.2,0.2,0.4,6.0,1.4,2.0,1.6,0.4,0.4,0.2,1.8,1.8,1.1,0.7,0.5,0.3,6.0,1.7,1.7,0.8,0.3,-0.3999999999999999,-0.8,-0.6000000000000001,-0.10000000000000009,0.6000000000000001,0.7999999999999998,-1.2000000000000002,-0.8999999999999999,-0.2,-0.3,0.2,0.10000000000000003,0.0,2022-23,20221014|Brighton and Hove Albion|Brentford,2,0,2,home
2022-10-15,Fulham,Bournemouth,0.44685128021873227,1.2,1.6,2.4,-0.8,0.4,0.0,1.1,1.4,2.0,-0.6,0.3,0.2,6.0,1.8,1.2,0.8,0.4,0.4,0.6,1.3333333333333333,0.8888888888888888,2.2222222222222223,-1.3333333333333333,0.3333333333333333,0.3333333333333333,7.0,0.7,1.0,-1.1,-3.0,-0.6000000000000001,-0.23333333333333317,0.40000000000000013,0.5111111111111111,1.5999999999999999,-0.22222222222222232,-1.2000000000000002,0.7333333333333333,0.0,-0.033333333333333326,-0.6,-0.1333333333333333,-1.0,2022-23,20221015|Bournemouth|Fulham,2,2,4,draw
2022-10-15,Leicester City,Crystal Palace,0.5358196449944268,0.6,1.8,2.8,-1.0,0.2,0.0,0.7,1.9,2.5,-0.6,0.2,0.1,7.0,1.0,1.2,1.6,-0.4,0.2,0.4,1.2,1.3,1.5,-0.2,0.3,0.3,6.0,1.7,1.2,0.9,0.1,-0.4,-0.5,0.6000000000000001,0.5999999999999999,1.1999999999999997,1.0,-0.6,-0.39999999999999997,0.0,-0.09999999999999998,-0.4,-0.19999999999999998,1.0,2022-23,20221015|Crystal Palace|Leicester City,0,0,0,draw
2022-10-15,Tottenham Hotspur,Everton,0.8302459629343847,2.0,2.2,1.4,0.8,0.6,0.2,2.3,2.5,1.0,1.5,0.7,0.2,7.0,1.6,1.0,0.8,0.2,0.4,0.4,1.0,0.9,1.4,-0.5,0.2,0.4,6.0,2.7,0.9,2.0,-0.7,0.3999999999999999,1.2999999999999998,1.2000000000000002,1.6,0.5999999999999999,-0.3999999999999999,0.6000000000000001,2.0,0.19999999999999996,0.49999999999999994,-0.2,-0.2,1.0,2022-23,20221015|Everton|Tottenham Hotspur,2,0,2,home
2022-10-15,Wolverhampton Wanderers,Nottingham Forest,0.5905507722649762,0.8,0.2,1.6,-1.4,0.2,0.2,0.6,0.4,1.5,-1.1,0.1,0.3,7.0,0.2,1.0,3.4,-2.4,0.0,0.2,0.5555555555555556,0.7777777777777778,2.4444444444444446,-1.6666666666666667,0.1111111111111111,0.2222222222222222,5.0,1.2,0.25,-0.5,-3.0,0.6000000000000001,0.0444444444444444,-0.8,-0.37777777777777777,-1.7999999999999998,-0.9444444444444446,1.0,0.5666666666666667,0.2,-0.0111111111111111,0.0,0.07777777777777778,2.0,2022-23,20221015|Nottingham Forest|Wolverhampton Wanderers,1,0,1,home
2022-10-16,Leeds United,Arsenal,0.29150785214385905,0.4,0.8,1.8,-1.0,0.0,0.4,1.3,1.4,1.4,0.0,0.3,0.4,7.0,2.4,2.4,1.4,1.0,0.8,0.0,2.7,2.8,1.1,1.7,0.9,0.0,7.0,1.3,1.5,-0.5,0.0,-2.0,-1.4000000000000001,-1.5999999999999999,-1.4,0.40000000000000013,0.2999999999999998,-2.0,-1.7,-0.8,-0.6000000000000001,0.4,0.4,0.0,2022-23,20221016|Arsenal|Leeds United,0,1,1,away
2022-10-16,Aston Villa,Chelsea,0.36412968109480204,1.2,0.8,0.8,0.0,0.2,0.6,0.9,0.9,1.4,-0.5,0.2,0.3,6.0,2.4,2.0,1.0,1.0,0.8,0.0,2.0,1.6,1.2,0.4,0.6,0.2,8.0,1.2,1.9,-0.3,1.2,-1.2,-1.1,-1.2,-0.7000000000000001,-0.19999999999999996,0.19999999999999996,-1.0,-0.9,-0.6000000000000001,-0.39999999999999997,0.6,0.09999999999999998,-2.0,2022-23,20221016|Chelsea|Aston Villa,0,2,2,away
2022-10-16,Liverpool,Manchester City,0.4740596003131278,1.6,3.2,1.4,1.8,0.4,0.4,1.6,2.5,1.4,1.1,0.4,0.4,7.0,2.6,4.0,0.8,3.2,0.8,0.2,2.6,3.6,1.1,2.5,0.8,0.2,8.0,2.4,2.2,2.1,1.6,-1.0,-1.0,-0.7999999999999998,-1.1,0.5999999999999999,0.2999999999999998,-1.4000000000000001,-1.4,-0.4,-0.4,0.2,0.2,-1.0,2022-23,20221016|Manchester City|Liverpool,1,0,1,home
2022-10-16,Manchester United,Newcastle United,0.6162105156650725,2.4,2.0,1.6,0.4,0.8,0.0,1.5,1.3,2.0,-0.7,0.5,0.0,7.0,1.6,2.2,1.0,1.2,0.4,0.4,1.7,1.9,1.0,0.9,0.4,0.5,8.0,2.1,1.1,0.9,-0.5,0.7999999999999998,-0.19999999999999996,-0.20000000000000018,-0.5999999999999999,0.6000000000000001,1.0,-0.7999999999999999,-1.6,0.4,0.09999999999999998,-0.4,-0.5,-1.0,2022-23,20221016|Newcastle United|Manchester United,0,0,0,draw
2022-10-16,Southampton,West Ham United,0.42980141103085967,0.6,0.6,1.8,-1.2,0.2,0.0,0.7,0.9,2.1,-1.2,0.2,0.1,8.0,1.4,1.4,1.0,0.4,0.4,0.2,1.0,0.9,1.3,-0.4,0.3,0.1,7.0,0.7,0.6,-1.0,-0.6,-0.7999999999999999,-0.30000000000000004,-0.7999999999999999,0.0,0.8,0.8,-1.6,-0.7999999999999999,-0.2,-0.09999999999999998,-0.2,0.0,1.0,2022-23,20221016|West Ham United|Southampton,1,1,2,draw
2022-10-18,Brighton and Hove Albion,Nottingham Forest,0.7329417546239527,0.8,1.8,2.0,-0.2,0.2,0.2,1.7,1.7,1.2,0.5,0.5,0.2,4.0,0.2,1.0,2.4,-1.4,0.0,0.2,0.5,0.7,2.3,-1.6,0.1,0.2,3.0,1.5,0.2,0.5,-2.6,0.6000000000000001,1.2,0.8,1.0,-0.3999999999999999,-1.0999999999999999,1.2,2.1,0.2,0.4,0.0,0.0,1.0,2022-23,20221018|Nottingham Forest|Brighton and Hove Albion,0,0,0,draw
2022-10-18,Crystal Palace,Wolverhampton Wanderers,0.6728279699238854,1.2,0.8,0.8,0.0,0.2,0.6,1.3,1.1,1.2,-0.1,0.3,0.4,3.0,1.2,0.4,1.6,-1.2,0.4,0.0,0.9,0.4,1.2,-0.8,0.2,0.3,3.0,1.8,0.5,0.5,-1.0,0.0,0.4,0.4,0.7000000000000001,-0.8,0.0,1.2,0.7000000000000001,-0.2,0.09999999999999998,0.6,0.10000000000000003,0.0,2022-23,20221018|Wolverhampton Wanderers|Crystal Palace,2,1,3,home
2022-10-19,Brentford,Chelsea,0.38363065820414527,1.4,1.6,2.0,-0.4,0.4,0.2,1.3,1.8,1.7,0.1,0.3,0.4,5.0,2.4,2.0,0.8,1.2,0.8,0.0,2.2,1.7,1.1,0.6,0.7,0.1,3.0,2.0,1.9,1.2,1.0,-1.0,-0.9000000000000001,-0.3999999999999999,0.10000000000000009,1.2,0.5999999999999999,-1.6,-0.5,-0.4,-0.39999999999999997,0.2,0.30000000000000004,2.0,2022-23,20221019|Chelsea|Brentford,0,0,0,draw
2022-10-19,Newcastle United,Everton,0.7432457654568505,1.8,2.0,0.6,1.4,0.4,0.6,1.5,1.7,0.9,0.8,0.3,0.6,3.0,1.4,0.8,1.0,-0.2,0.4,0.2,1.0,0.8,1.1,-0.3,0.2,0.4,4.0,2.1,0.9,1.0,-0.8,0.40000000000000013,0.5,1.2,0.8999999999999999,-0.4,-0.20000000000000007,1.5999999999999999,1.1,0.0,0.09999999999999998,0.39999999999999997,0.19999999999999996,-1.0,2022-23,20221019|Everton|Newcastle United,1,0,1,home
2022-10-19,Bournemouth,Southampton,0.7353005047532597,1.8,1.6,1.2,0.4,0.4,0.6,1.3,1.0,2.2,-1.2,0.3,0.4,4.0,0.2,0.4,1.8,-1.4,0.0,0.2,0.8,0.9,1.8,-0.9,0.2,0.2,3.0,1.6,0.5,0.0,-1.6,1.6,0.5,1.2000000000000002,0.09999999999999998,-0.6000000000000001,0.40000000000000013,1.7999999999999998,-0.29999999999999993,0.4,0.09999999999999998,0.39999999999999997,0.2,1.0,2022-23,20221019|Southampton|Bournemouth,0,1,1,away
2022-10-19,Manchester United,Tottenham Hotspur,0.4647481766006476,2.0,1.8,1.6,0.2,0.6,0.2,1.6,1.3,1.6,-0.3,0.5,0.1,3.0,2.4,2.4,1.2,1.2,0.8,0.0,2.3,2.2,1.0,1.2,0.7,0.2,4.0,1.9,1.9,0.7,1.2,-0.3999999999999999,-0.6999999999999997,-0.5999999999999999,-0.9000000000000001,0.40000000000000013,0.6000000000000001,-1.0,-1.5,-0.20000000000000007,-0.19999999999999996,0.2,-0.1,-1.0,2022-23,20221019|Tottenham Hotspur|Manchester United,2,0,2,home
2022-10-19,Liverpool,West Ham United,0.8387232547234682,1.6,1.6,1.4,0.2,0.4,0.4,1.6,2.4,1.3,1.1,0.4,0.4,3.0,1.4,1.4,1.0,0.4,0.4,0.2,1.1,0.9,1.1,-0.2,0.3,0.2,3.0,2.4,0.7,2.1,-0.5,0.20000000000000018,0.5,0.20000000000000018,1.5,0.3999999999999999,0.19999999999999996,-0.2,1.3,0.0,0.10000000000000003,0.2,0.2,0.0,2022-23,20221019|West Ham United|Liverpool,1,0,1,home
2022-10-20,Fulham,Aston Villa,0.5237467245631456,0.8,1.6,2.6,-1.0,0.2,0.2,1.2,1.6,2.0,-0.4,0.3,0.3,5.0,1.2,0.6,0.8,-0.2,0.2,0.6,0.9,0.7,1.3,-0.6,0.2,0.3,4.0,0.8,0.6,-1.0,-0.6,-0.3999999999999999,0.29999999999999993,1.0,0.9000000000000001,1.8,0.7,-0.8,0.19999999999999996,0.0,0.09999999999999998,-0.39999999999999997,0.0,1.0,2022-23,20221020|Aston Villa|Fulham,3,0,3,home
2022-10-20,Leicester City,Leeds United,0.6196508686063319,0.8,1.8,2.6,-0.8,0.2,0.2,0.5,1.5,2.4,-0.9,0.1,0.2,5.0,0.4,0.8,1.8,-1.0,0.0,0.4,1.2,1.3,1.4,-0.1,0.3,0.3,4.0,1.5,1.1,0.8,-0.2,0.4,-0.7,1.0,0.19999999999999996,0.8,1.0,0.19999999999999996,-0.8,0.2,-0.19999999999999998,-0.2,-0.09999999999999998,1.0,2022-23,20221020|Leeds United|Leicester City,2,0,2,home
2022-10-22,Manchester City,Brighton and Hove Albion,0.8623913449115441,2.0,2.8,1.0,1.8,0.6,0.2,2.3,3.3,1.0,2.3,0.7,0.2,6.0,1.0,1.6,1.6,0.0,0.2,0.4,1.5,1.4,1.1,0.3,0.4,0.3,4.0,2.8,1.7,3.2,0.2,1.0,0.7999999999999998,1.1999999999999997,1.9,-0.6000000000000001,-0.10000000000000009,1.8,1.9999999999999998,0.39999999999999997,0.29999999999999993,-0.2,-0.09999999999999998,2.0,2022-23,20221022|Brighton and Hove Albion|Manchester City,3,1,4,home
2022-10-22,Everton,Crystal Palace,0.4894598145482703,1.2,0.8,1.2,-0.4,0.4,0.0,1.0,0.8,1.1,-0.3,0.2,0.4,3.0,1.6,1.0,0.8,0.2,0.4,0.4,1.3,1.2,1.3,-0.1,0.3,0.4,4.0,1.5,1.0,0.1,-0.2,-0.40000000000000013,-0.30000000000000004,-0.19999999999999996,-0.3999999999999999,0.3999999999999999,-0.19999999999999996,-0.6000000000000001,-0.19999999999999998,0.0,-0.09999999999999998,-0.4,0.0,-1.0,2022-23,20221022|Crystal Palace|Everton,3,0,3,home
2022-10-22,Nottingham Forest,Liverpool,0.20298978593608846,0.4,0.6,1.8,-1.2,0.0,0.4,0.6,0.7,2.1,-1.4,0.1,0.3,4.0,1.6,1.4,1.2,0.2,0.4,0.4,1.6,2.2,1.2,1.0,0.4,0.4,3.0,0.8,1.8,-0.6,0.5,-1.2000000000000002,-1.0,-0.7999999999999999,-1.5000000000000002,0.6000000000000001,0.9000000000000001,-1.4,-2.4,-0.4,-0.30000000000000004,0.0,-0.10000000000000003,1.0,2022-23,20221022|Liverpool|Nottingham Forest,1,0,1,home
2022-10-22,Chelsea,Manchester United,0.6497755167992834,2.6,1.8,0.4,1.4,0.8,0.2,2.0,1.5,1.0,0.5,0.6,0.2,3.0,2.0,2.0,1.6,0.4,0.6,0.2,1.9,1.5,1.5,0.0,0.6,0.1,3.0,1.8,0.9,0.2,-1.6,0.6000000000000001,0.10000000000000009,-0.19999999999999996,0.0,-1.2000000000000002,-0.5,0.9999999999999999,0.5,0.20000000000000007,0.0,0.0,0.1,0.0,2022-23,20221022|Manchester United|Chelsea,1,1,2,draw
2022-10-23,Southampton,Arsenal,0.2425773016488668,0.8,0.6,1.6,-1.0,0.2,0.2,1.1,0.9,1.4,-0.5,0.3,0.2,4.0,2.4,2.2,1.2,1.0,0.8,0.0,2.7,2.4,1.0,1.4,0.9,0.0,7.0,0.8,1.8,-0.9,0.4,-1.5999999999999999,-1.6,-1.6,-1.5,0.40000000000000013,0.3999999999999999,-2.0,-1.9,-0.6000000000000001,-0.6000000000000001,0.2,0.2,-3.0,2022-23,20221023|Arsenal|Southampton,1,1,2,draw
2022-10-23,Aston Villa,Brentford,0.5151281573276558,1.0,0.4,1.2,-0.8,0.2,0.4,0.9,0.7,1.4,-0.7,0.2,0.3,3.0,1.0,0.6,1.6,-1.0,0.2,0.4,1.3,1.6,1.5,0.1,0.3,0.4,4.0,1.2,1.2,-0.4,-0.4,0.0,-0.4,-0.19999999999999996,-0.9000000000000001,-0.40000000000000013,-0.10000000000000009,0.19999999999999996,-0.7999999999999999,0.0,-0.09999999999999998,0.0,-0.10000000000000003,-1.0,2022-23,20221023|Brentford|Aston Villa,4,0,4,home
2022-10-23,Leeds United,Fulham,0.6032420529967323,0.2,0.6,2.0,-1.4,0.0,0.2,0.9,1.1,1.5,-0.4,0.2,0.3,3.0,1.4,2.0,2.2,-0.2,0.4,0.2,1.4,1.7,1.8,-0.1,0.4,0.2,3.0,1.3,0.6,-0.3,-0.9,-1.2,-0.4999999999999999,-1.4,-0.5999999999999999,-0.20000000000000018,-0.30000000000000004,-1.2,-0.30000000000000004,-0.4,-0.2,0.0,0.09999999999999998,0.0,2022-23,20221023|Fulham|Leeds United,2,3,5,away
2022-10-23,Wolverhampton Wanderers,Leicester City,0.5379509958879837,0.6,0.4,2.0,-1.6,0.2,0.0,0.9,0.4,1.2,-0.8,0.2,0.3,5.0,1.4,1.8,1.6,0.2,0.4,0.2,0.7,1.5,2.2,-0.7,0.2,0.1,3.0,1.2,0.5,-0.8,-1.0,-0.7999999999999999,0.20000000000000007,-1.4,-1.1,0.3999999999999999,-1.0000000000000002,-1.8,-0.10000000000000009,-0.2,0.0,-0.2,0.19999999999999998,2.0,2022-23,20221023|Leicester City|Wolverhampton Wanderers,0,4,4,away
2022-10-23,Tottenham Hotspur,Newcastle United,0.6953755278838658,1.8,2.0,1.4,0.6,0.6,0.0,2.0,1.8,1.1,0.7,0.6,0.2,4.0,2.2,2.2,0.6,1.6,0.6,0.4,1.5,1.6,0.9,0.7,0.3,0.6,4.0,2.7,1.2,2.0,-0.4,-0.40000000000000013,0.5,-0.20000000000000018,0.19999999999999996,0.7999999999999999,0.20000000000000007,-1.0,0.0,0.0,0.3,-0.4,-0.39999999999999997,0.0,2022-23,20221023|Newcastle United|Tottenham Hotspur,1,2,3,away
2022-10-24,West Ham United,Bournemouth,0.611331328419254,1.4,1.2,0.8,0.4,0.4,0.2,1.1,0.9,1.0,-0.1,0.3,0.2,5.0,1.2,1.0,1.0,0.0,0.2,0.6,1.0,0.8,2.3,-1.5,0.2,0.4,5.0,1.5,1.0,0.1,-2.4,0.19999999999999996,0.10000000000000009,0.19999999999999996,0.09999999999999998,-0.19999999999999996,-1.2999999999999998,0.4,1.4,0.2,0.09999999999999998,-0.39999999999999997,-0.2,0.0,2022-23,20221024|Bournemouth|West Ham United,2,0,2,home
2022-10-29,Newcastle United,Aston Villa,0.7593984258797687,2.6,2.4,0.6,1.8,0.8,0.2,1.7,1.8,1.0,0.8,0.4,0.5,6.0,1.0,1.0,1.2,-0.2,0.2,0.4,0.9,0.9,1.3,-0.4,0.2,0.3,6.0,2.1,0.6,1.0,-0.8,1.6,0.7999999999999999,1.4,0.9,-0.6,-0.30000000000000004,2.0,1.2000000000000002,0.6000000000000001,0.2,-0.2,0.2,0.0,2022-23,20221029|Aston Villa|Newcastle United,4,0,4,home
2022-10-29,Brighton and Hove Albion,Chelsea,0.4361930139203678,0.4,0.8,1.8,-1.0,0.0,0.4,1.2,1.3,1.3,0.0,0.3,0.3,7.0,2.2,1.6,0.4,1.2,0.6,0.4,1.8,1.5,1.1,0.4,0.5,0.3,7.0,1.6,1.7,0.7,0.8,-1.8000000000000003,-0.6000000000000001,-0.8,-0.19999999999999996,1.4,0.19999999999999996,-2.2,-0.4,-0.6,-0.2,0.0,0.0,0.0,2022-23,20221029|Chelsea|Brighton and Hove Albion,4,1,5,home
2022-10-29,Fulham,Everton,0.5677994493313773,1.4,2.0,2.2,-0.2,0.4,0.2,1.6,2.0,2.0,0.0,0.5,0.1,6.0,1.2,1.2,1.2,0.0,0.4,0.0,1.3,1.0,0.9,0.1,0.3,0.4,7.0,1.1,0.9,-0.4,-0.8,0.19999999999999996,0.30000000000000004,0.8,1.0,1.0000000000000002,1.1,-0.2,-0.1,0.0,0.2,0.2,-0.30000000000000004,-1.0,2022-23,20221029|Everton|Fulham,0,0,0,draw
2022-10-29,Liverpool,Leeds United,0.8881748649438189,1.4,1.4,1.4,0.0,0.4,0.2,1.5,2.0,1.1,0.9,0.4,0.3,7.0,0.2,0.6,1.6,-1.0,0.0,0.2,0.6,1.1,1.7,-0.6,0.1,0.3,6.0,2.4,1.1,2.0,-0.3,1.2,0.9,0.7999999999999999,0.8999999999999999,-0.20000000000000018,-0.5999999999999999,1.0,1.5,0.4,0.30000000000000004,0.0,0.0,1.0,2022-23,20221029|Leeds United|Liverpool,1,2,3,away
2022-10-29,Leicester City,Manchester City,0.21189356050713543,2.0,2.2,0.4,1.8,0.6,0.2,1.0,1.7,1.8,-0.1,0.3,0.1,6.0,2.4,3.2,1.0,2.2,0.8,0.0,2.3,3.4,1.1,2.3,0.7,0.2,7.0,1.5,1.9,0.9,1.4,-0.3999999999999999,-1.2999999999999998,-1.0,-1.7,-0.6,0.7,-0.40000000000000013,-2.4,-0.20000000000000007,-0.39999999999999997,0.2,-0.1,-1.0,2022-23,20221029|Manchester City|Leicester City,0,1,1,away
2022-10-29,Crystal Palace,Southampton,0.6916961207675029,1.4,1.0,1.4,-0.4,0.4,0.2,1.3,1.2,1.4,-0.2,0.3,0.4,7.0,1.0,0.8,1.6,-0.8,0.2,0.4,1.1,0.8,1.3,-0.5,0.3,0.2,6.0,2.0,0.7,0.6,-1.5,0.3999999999999999,0.19999999999999996,0.19999999999999996,0.3999999999999999,-0.20000000000000018,0.09999999999999987,0.4,0.3,0.2,0.0,-0.2,0.2,1.0,2022-23,20221029|Southampton|Crystal Palace,1,0,1,home
2022-10-29,Bournemouth,Tottenham Hotspur,0.3697490390037759,1.0,0.8,1.2,-0.4,0.2,0.4,1.0,0.8,2.1,-1.3,0.2,0.4,5.0,1.2,1.0,1.4,-0.4,0.4,0.0,1.9,1.7,1.1,0.6,0.6,0.1,6.0,1.3333333333333333,1.6,-0.16666666666666666,0.8,-0.19999999999999996,-0.8999999999999999,-0.19999999999999996,-0.8999999999999999,-0.19999999999999996,1.0,0.0,-1.9,-0.2,-0.39999999999999997,0.4,0.30000000000000004,-1.0,2022-23,20221029|Tottenham Hotspur|Bournemouth,2,3,5,away
2022-10-29,Brentford,Wolverhampton Wanderers,0.6752098846638273,1.0,0.6,1.8,-1.2,0.2,0.4,1.0,1.2,1.9,-0.7,0.2,0.4,6.0,0.6,0.4,2.2,-1.8,0.2,0.0,0.8,0.4,1.6,-1.2,0.2,0.2,6.0,1.8,0.2,1.0,-1.2,0.4,0.19999999999999996,0.19999999999999996,0.7999999999999999,-0.40000000000000013,0.2999999999999998,0.6000000000000001,0.5,0.0,0.0,0.4,0.2,0.0,2022-23,20221029|Wolverhampton Wanderers|Brentford,1,1,2,draw
2022-10-30,Arsenal,Nottingham Forest,0.8384488127587816,2.6,2.2,0.8,1.4,0.8,0.2,2.5,2.3,1.1,1.2,0.8,0.1,7.0,1.0,0.4,1.2,-0.8,0.2,0.4,0.6,0.7,2.1,-1.4,0.1,0.3,8.0,2.4,0.3333333333333333,1.1,-2.1666666666666665,1.6,1.9,1.8000000000000003,1.5999999999999999,-0.3999999999999999,-1.0,2.2,2.5999999999999996,0.6000000000000001,0.7000000000000001,-0.2,-0.19999999999999998,-1.0,2022-23,20221030|Nottingham Forest|Arsenal,5,0,5,home
2022-10-30,Manchester United,West Ham United,0.7039113580654236,1.6,1.6,1.6,0.0,0.4,0.4,2.0,1.5,1.4,0.1,0.6,0.2,8.0,2.0,1.6,0.6,1.0,0.6,0.2,1.4,1.1,0.9,0.2,0.4,0.2,6.0,2.1,0.7,0.9,-0.4,-0.3999999999999999,0.6000000000000001,0.0,0.3999999999999999,1.0,0.4999999999999999,-1.0,-0.1,-0.19999999999999996,0.19999999999999996,0.2,0.0,2.0,2022-23,20221030|West Ham United|Manchester United,1,0,1,home
2022-11-05,Leeds United,Bournemouth,0.5541001531313687,0.6,1.0,1.8,-0.8,0.2,0.0,0.8,1.1,1.6,-0.5,0.2,0.2,7.0,0.8,1.2,1.8,-0.6,0.2,0.2,1.0,1.0,2.1,-1.1,0.2,0.4,7.0,1.0,0.8333333333333334,-0.5,-2.3333333333333335,-0.20000000000000007,-0.19999999999999996,-0.19999999999999996,0.10000000000000009,0.0,-0.5,-0.20000000000000007,0.6000000000000001,0.0,0.0,-0.2,-0.2,0.0,2022-23,20221105|Bournemouth|Leeds United,4,3,7,home
2022-11-05,Nottingham Forest,Brentford,0.5504114000666909,1.0,0.4,1.4,-1.0,0.2,0.4,0.5,0.6,2.5,-1.9,0.1,0.2,6.0,1.0,0.8,2.0,-1.2,0.2,0.4,1.1,1.1,1.7,-0.6,0.2,0.5,7.0,1.1666666666666667,1.2,-0.3333333333333333,-0.7,0.0,-0.6000000000000001,-0.4,-0.5000000000000001,-0.6000000000000001,0.8,0.19999999999999996,-1.2999999999999998,0.0,-0.1,0.0,-0.3,-1.0,2022-23,20221105|Brentford|Nottingham Forest,2,2,4,draw
2022-11-05,Wolverhampton Wanderers,Brighton and Hove Albion,0.4184677630350042,0.8,0.6,2.0,-1.4,0.2,0.2,0.9,0.5,1.6,-1.1,0.2,0.3,7.0,0.8,1.0,1.4,-0.4,0.2,0.2,1.4,1.7,1.4,0.3,0.4,0.2,7.0,1.2,1.4,-1.1,-0.1,0.0,-0.4999999999999999,-0.4,-1.2,0.6000000000000001,0.20000000000000018,-0.9999999999999999,-1.4000000000000001,0.0,-0.2,0.0,0.09999999999999998,0.0,2022-23,20221105|Brighton and Hove Albion|Wolverhampton Wanderers,2,3,5,away
2022-11-05,Manchester City,Fulham,0.917566371872505,2.4,2.8,1.0,1.8,0.8,0.0,2.3,3.1,1.1,2.0,0.7,0.2,7.0,1.6,1.8,1.4,0.4,0.4,0.4,1.4,1.7,1.8,-0.1,0.4,0.2,7.0,3.0,0.9,3.4,-0.6,0.7999999999999998,0.8999999999999999,0.9999999999999998,1.4000000000000001,-0.3999999999999999,-0.7,1.4,2.1,0.4,0.29999999999999993,-0.4,0.0,0.0,2022-23,20221105|Fulham|Manchester City,2,1,3,home
2022-11-05,Everton,Leicester City,0.5527843925652165,0.8,0.8,1.0,-0.2,0.2,0.2,1.3,0.9,0.8,0.1,0.3,0.4,7.0,1.4,1.4,0.6,0.8,0.4,0.2,1.0,1.6,1.7,-0.1,0.3,0.1,7.0,1.5,0.8,0.3,-0.5,-0.5999999999999999,0.30000000000000004,-0.5999999999999999,-0.7000000000000001,0.4,-0.8999999999999999,-1.0,0.2,-0.2,0.0,0.0,0.30000000000000004,0.0,2022-23,20221105|Leicester City|Everton,0,2,2,away
2022-11-06,Chelsea,Arsenal,0.5037318883557819,1.6,1.4,1.0,0.4,0.4,0.4,1.7,1.4,1.3,0.1,0.5,0.2,8.0,2.6,2.6,0.8,1.8,0.8,0.2,2.5,2.4,0.9,1.5,0.8,0.1,7.0,1.9,1.9,0.5,0.5,-1.0,-0.8,-1.2000000000000002,-1.0,0.19999999999999996,0.4,-1.4,-1.4,-0.4,-0.30000000000000004,0.2,0.1,1.0,2022-23,20221106|Arsenal|Chelsea,0,1,1,away
2022-11-06,West Ham United,Crystal Palace,0.5930245933047578,1.4,1.2,0.8,0.4,0.4,0.2,1.4,1.1,0.8,0.3,0.4,0.2,7.0,2.0,1.0,1.0,0.0,0.6,0.2,1.5,1.2,1.3,-0.1,0.4,0.3,8.0,1.5,0.7,0.2,-0.7,-0.6000000000000001,-0.10000000000000009,0.19999999999999996,-0.09999999999999987,-0.19999999999999996,-0.5,0.4,0.4,-0.19999999999999996,0.0,0.0,-0.09999999999999998,-1.0,2022-23,20221106|Crystal Palace|West Ham United,1,2,3,away
2022-11-06,Tottenham Hotspur,Liverpool,0.5323987943714144,1.8,1.4,1.2,0.2,0.6,0.0,1.9,1.9,1.3,0.6,0.6,0.1,8.0,1.2,1.0,1.2,-0.2,0.4,0.0,1.4,2.0,1.2,0.8,0.4,0.2,8.0,2.4,1.5,1.5,0.2,0.6000000000000001,0.5,0.3999999999999999,-0.10000000000000009,0.0,0.10000000000000009,0.4,-0.20000000000000007,0.19999999999999996,0.19999999999999996,0.0,-0.1,0.0,2022-23,20221106|Liverpool|Tottenham Hotspur,1,2,3,away
2022-11-06,Aston Villa,Manchester United,0.3709065161048218,0.8,1.0,2.0,-1.0,0.2,0.2,0.9,0.8,1.4,-0.6,0.2,0.3,8.0,2.2,1.2,0.4,0.8,0.6,0.4,2.3,1.6,1.0,0.6,0.7,0.2,7.0,1.5,1.0,0.4,-1.5,-1.4000000000000001,-1.4,-0.19999999999999996,-0.8,1.6,0.3999999999999999,-1.8,-1.2,-0.39999999999999997,-0.49999999999999994,-0.2,0.09999999999999998,1.0,2022-23,20221106|Manchester United|Aston Villa,3,1,4,home
2022-11-06,Southampton,Newcastle United,0.32915648339724096,1.0,0.6,1.4,-0.8,0.2,0.4,0.8,0.6,1.3,-0.7,0.2,0.2,8.0,2.6,2.4,0.4,2.0,0.8,0.2,1.9,1.9,0.7,1.2,0.5,0.4,8.0,0.9,1.5,-0.8,-0.2,-1.6,-1.0999999999999999,-1.7999999999999998,-1.2999999999999998,0.9999999999999999,0.6000000000000001,-2.8,-1.9,-0.6000000000000001,-0.3,0.2,-0.2,0.0,2022-23,20221106|Newcastle United|Southampton,1,4,5,away
2022-11-12,Wolverhampton Wanderers,Arsenal,0.22271174830807167,0.8,1.0,2.0,-1.0,0.2,0.2,0.8,0.6,1.8,-1.2,0.2,0.2,7.0,2.6,2.2,0.6,1.6,0.8,0.2,2.5,2.2,0.9,1.3,0.8,0.1,6.0,0.9,1.9,-1.3,0.4,-1.8,-1.7,-1.2000000000000002,-1.6,1.4,0.9,-2.6,-2.5,-0.6000000000000001,-0.6000000000000001,0.0,0.1,1.0,2022-23,20221112|Arsenal|Wolverhampton Wanderers,0,2,2,away
2022-11-12,Manchester City,Brentford,0.9010602956645687,2.4,2.0,0.6,1.4,0.8,0.0,2.5,3.0,0.9,2.1,0.8,0.1,7.0,1.2,1.0,1.4,-0.4,0.2,0.6,1.1,1.2,1.8,-0.6,0.2,0.5,7.0,3.0,1.0,3.2,-1.0,1.2,1.4,1.0,1.8,-0.7999999999999999,-0.9,1.7999999999999998,2.7,0.6000000000000001,0.6000000000000001,-0.6,-0.4,0.0,2022-23,20221112|Brentford|Manchester City,1,2,3,away
2022-11-12,Newcastle United,Chelsea,0.6069039721863148,2.6,2.2,0.4,1.8,0.8,0.2,2.1,2.2,0.7,1.5,0.6,0.3,6.0,1.0,0.8,1.2,-0.4,0.2,0.4,1.7,1.4,1.1,0.3,0.5,0.2,6.0,2.1,1.4,1.3,-0.1,1.6,0.40000000000000013,1.4000000000000001,0.8000000000000003,-0.7999999999999999,-0.40000000000000013,2.2,1.2,0.6000000000000001,0.09999999999999998,-0.2,0.09999999999999998,0.0,2022-23,20221112|Chelsea|Newcastle United,1,0,1,home
2022-11-12,Nottingham Forest,Crystal Palace,0.4818128900811907,1.0,0.6,1.6,-1.0,0.2,0.4,0.6,0.8,2.5,-1.7,0.1,0.3,7.0,2.0,1.0,1.0,0.0,0.6,0.2,1.5,1.1,1.3,-0.2,0.4,0.3,6.0,1.1428571428571428,1.0,-0.2857142857142857,-0.5,-1.0,-0.9,-0.4,-0.30000000000000004,0.6000000000000001,1.2,-1.0,-1.5,-0.39999999999999997,-0.30000000000000004,0.2,0.0,1.0,2022-23,20221112|Crystal Palace|Nottingham Forest,1,0,1,home
2022-11-12,Bournemouth,Everton,0.6086646614649025,0.2,1.4,2.4,-1.0,0.0,0.2,1.0,1.3,1.6,-0.3,0.2,0.4,7.0,0.8,0.6,1.0,-0.4,0.2,0.2,1.2,0.8,0.9,-0.1,0.3,0.3,7.0,1.1428571428571428,1.0,-0.2857142857142857,-0.6,-0.6000000000000001,-0.19999999999999996,0.7999999999999999,0.5,1.4,0.7000000000000001,-0.6,-0.19999999999999998,-0.2,-0.09999999999999998,0.0,0.10000000000000003,0.0,2022-23,20221112|Everton|Bournemouth,3,0,3,home
2022-11-12,Tottenham Hotspur,Leeds United,0.802438016444129,1.2,1.4,1.6,-0.2,0.4,0.0,1.6,1.8,1.5,0.3,0.5,0.1,6.0,1.2,1.6,2.0,-0.4,0.4,0.0,0.8,1.2,1.9,-0.7,0.2,0.2,7.0,2.4,1.1,1.5,-0.3,0.0,0.8,-0.20000000000000018,0.6000000000000001,-0.3999999999999999,-0.3999999999999999,0.2,1.0,0.0,0.3,0.0,-0.1,-1.0,2022-23,20221112|Leeds United|Tottenham Hotspur,4,3,7,home
2022-11-12,West Ham United,Leicester City,0.5721440071348372,0.8,0.8,1.0,-0.2,0.2,0.2,1.1,1.1,1.0,0.1,0.3,0.2,6.0,2.0,1.6,0.2,1.4,0.6,0.2,1.3,1.7,1.5,0.2,0.4,0.1,7.0,1.2,1.0,0.0,-0.3,-1.2,-0.19999999999999996,-0.8,-0.5999999999999999,0.8,-0.5,-1.5999999999999999,-0.1,-0.39999999999999997,-0.10000000000000003,0.0,0.1,-1.0,2022-23,20221112|Leicester City|West Ham United,0,2,2,away
2022-11-12,Liverpool,Southampton,0.8902194322749414,1.8,1.0,0.8,0.2,0.6,0.0,1.7,2.1,1.1,1.0,0.5,0.2,6.0,1.0,0.8,1.4,-0.6,0.2,0.4,0.8,0.7,1.6,-0.9,0.2,0.2,6.0,2.1,0.7,1.5,-1.4,0.8,0.8999999999999999,0.19999999999999996,1.4000000000000001,-0.5999999999999999,-0.5,0.8,1.9,0.39999999999999997,0.3,-0.4,0.0,0.0,2022-23,20221112|Southampton|Liverpool,3,1,4,home
2022-11-13,Brighton and Hove Albion,Aston Villa,0.7038021687574398,1.4,1.6,1.6,0.0,0.4,0.2,1.4,1.8,1.6,0.2,0.4,0.2,8.0,1.2,1.4,2.0,-0.6,0.4,0.0,1.2,1.1,1.4,-0.3,0.3,0.3,7.0,1.9,0.6,1.2,-1.1,0.19999999999999996,0.19999999999999996,0.20000000000000018,0.7,-0.3999999999999999,0.20000000000000018,0.6,0.5,0.0,0.10000000000000003,0.2,-0.09999999999999998,1.0,2022-23,20221113|Aston Villa|Brighton and Hove Albion,1,2,3,away
2022-11-13,Fulham,Manchester United,0.3776749348918859,1.6,1.8,1.2,0.6,0.4,0.4,1.4,1.7,1.8,-0.1,0.4,0.2,8.0,1.6,1.0,0.8,0.2,0.4,0.4,2.0,1.5,1.2,0.3,0.6,0.2,7.0,1.2,1.0,-0.3,-1.3,0.0,-0.6000000000000001,0.8,0.19999999999999996,0.3999999999999999,0.6000000000000001,0.39999999999999997,-0.4,0.0,-0.19999999999999996,0.0,0.0,1.0,2022-23,20221113|Manchester United|Fulham,1,2,3,away
2022-12-26,Southampton,Brighton and Hove Albion,0.3990995094943773,0.8,0.8,1.8,-1.0,0.2,0.2,0.5,0.6,1.8,-1.2,0.1,0.2,44.0,1.4,1.8,1.6,0.2,0.4,0.2,1.1,1.8,1.8,0.0,0.3,0.2,43.0,0.9,1.4,-0.5,-0.1,-0.5999999999999999,-0.6000000000000001,-1.0,-1.2000000000000002,0.19999999999999996,0.0,-1.2,-1.2,-0.2,-0.19999999999999998,0.0,0.0,1.0,2022-23,20221226|Brighton and Hove Albion|Southampton,1,3,4,away
2022-12-26,Crystal Palace,Fulham,0.6984216065722967,1.8,1.0,1.2,-0.2,0.6,0.0,1.5,0.9,1.0,-0.1,0.4,0.3,44.0,1.4,1.6,1.2,0.4,0.4,0.2,1.1,1.6,1.9,-0.3,0.3,0.2,43.0,2.0,0.8,0.4,-0.7,0.40000000000000013,0.3999999999999999,-0.6000000000000001,-0.7000000000000001,0.0,-0.8999999999999999,-0.6000000000000001,0.19999999999999998,0.19999999999999996,0.10000000000000003,-0.2,0.09999999999999998,1.0,2022-23,20221226|Fulham|Crystal Palace,0,3,3,away
2022-12-26,Aston Villa,Liverpool,0.2947624374121257,1.8,1.8,1.8,0.0,0.6,0.0,1.5,1.2,1.3,-0.1,0.4,0.3,43.0,1.8,1.4,1.0,0.4,0.6,0.0,1.7,1.5,1.2,0.3,0.5,0.2,44.0,1.5,1.5,0.4,0.1,0.0,-0.19999999999999996,0.40000000000000013,-0.30000000000000004,0.8,0.10000000000000009,-0.4,-0.4,0.0,-0.09999999999999998,0.0,0.09999999999999998,-1.0,2022-23,20221226|Liverpool|Aston Villa,1,3,4,away
2022-12-26,Leicester City,Newcastle United,0.44689130723515896,2.4,2.0,0.2,1.8,0.8,0.0,1.6,1.9,1.4,0.5,0.5,0.1,44.0,3.0,2.4,0.4,2.0,1.0,0.0,2.4,2.2,0.5,1.7,0.7,0.3,44.0,1.4,1.8,0.8,0.5,-0.6000000000000001,-0.7999999999999998,-0.3999999999999999,-0.30000000000000027,-0.2,0.8999999999999999,-0.19999999999999996,-1.2,-0.19999999999999996,-0.19999999999999996,0.0,-0.19999999999999998,0.0,2022-23,20221226|Newcastle United|Leicester City,0,3,3,away
2022-12-26,Brentford,Tottenham Hotspur,0.40013239623211444,1.2,1.0,1.6,-0.6,0.2,0.6,1.3,1.3,1.8,-0.5,0.3,0.4,44.0,1.2,1.8,2.2,-0.4,0.4,0.0,1.8,2.1,1.7,0.4,0.6,0.0,44.0,1.6,1.6,0.8,0.5,0.0,-0.5,-0.8,-0.8,-0.6000000000000001,0.10000000000000009,-0.19999999999999996,-0.9,-0.2,-0.3,0.6,0.4,0.0,2022-23,20221226|Tottenham Hotspur|Brentford,2,2,4,draw
2022-12-26,Arsenal,West Ham United,0.8420403496116124,2.6,2.0,0.2,1.8,0.8,0.2,2.5,2.2,0.8,1.4,0.8,0.1,44.0,0.6,0.6,1.2,-0.6,0.2,0.0,1.0,1.0,1.1,-0.1,0.3,0.1,44.0,2.7,0.7,1.8,-0.3,2.0,1.5,1.4,1.2000000000000002,-1.0,-0.30000000000000004,2.4,1.5,0.6000000000000001,0.5,0.2,0.0,0.0,2022-23,20221226|West Ham United|Arsenal,3,1,4,home
2022-12-26,Everton,Wolverhampton Wanderers,0.6298734510302353,0.8,0.6,1.2,-0.6,0.2,0.2,1.1,0.7,1.1,-0.4,0.3,0.2,44.0,0.2,0.8,2.4,-1.6,0.0,0.2,0.7,0.6,2.0,-1.4,0.2,0.1,44.0,1.4,0.3,0.1,-1.1,0.6000000000000001,0.40000000000000013,-0.20000000000000007,0.09999999999999998,-1.2,-0.8999999999999999,1.0,0.9999999999999999,0.2,0.09999999999999998,0.0,0.1,0.0,2022-23,20221226|Wolverhampton Wanderers|Everton,1,2,3,away
2022-12-27,Chelsea,Bournemouth,0.7480759977153935,0.4,0.4,1.4,-1.0,0.0,0.4,1.4,1.2,1.1,0.1,0.4,0.2,45.0,0.6,1.6,2.0,-0.4,0.2,0.0,1.2,1.6,1.6,0.0,0.3,0.3,45.0,1.9,0.7142857142857143,0.6,-2.142857142857143,-0.19999999999999996,0.19999999999999996,-1.2000000000000002,-0.40000000000000013,-0.6000000000000001,-0.5,-0.6,0.1,-0.2,0.10000000000000003,0.4,-0.09999999999999998,0.0,2022-23,20221227|Bournemouth|Chelsea,2,0,2,home
2022-12-27,Manchester United,Nottingham Forest,0.7659554762677419,2.0,1.4,1.0,0.4,0.6,0.2,2.0,1.6,1.3,0.3,0.6,0.2,44.0,1.6,0.8,1.4,-0.6,0.4,0.4,0.9,0.9,1.9,-1.0,0.2,0.3,45.0,2.1,0.2857142857142857,0.9,-2.5714285714285716,0.3999999999999999,1.1,0.5999999999999999,0.7000000000000001,-0.3999999999999999,-0.5999999999999999,1.0,1.3,0.19999999999999996,0.39999999999999997,-0.2,-0.09999999999999998,-1.0,2022-23,20221227|Nottingham Forest|Manchester United,3,0,3,home
2022-12-28,Leeds United,Manchester City,0.18371765968126222,1.2,2.2,2.6,-0.4,0.4,0.0,0.8,1.5,2.2,-0.7,0.2,0.2,46.0,1.8,1.4,1.0,0.4,0.6,0.0,2.2,2.7,0.9,1.8,0.7,0.1,46.0,1.2,2.1,-0.4,1.5,-0.6000000000000001,-1.4000000000000001,0.8000000000000003,-1.2000000000000002,1.6,1.3000000000000003,-0.8,-2.5,-0.19999999999999996,-0.49999999999999994,0.0,0.1,0.0,2022-23,20221228|Manchester City|Leeds United,1,3,4,away
2022-12-30,West Ham United,Brentford,0.5438491501188353,0.6,0.8,1.6,-0.8,0.2,0.0,1.0,1.0,1.2,-0.2,0.3,0.1,4.0,1.2,1.4,2.0,-0.6,0.2,0.6,1.1,1.0,1.8,-0.8,0.2,0.5,4.0,1.1,1.0,-0.2,-1.0,-0.6,-0.10000000000000009,-0.5999999999999999,0.0,-0.3999999999999999,-0.6000000000000001,-0.20000000000000007,0.6000000000000001,0.0,0.09999999999999998,-0.6,-0.4,0.0,2022-23,20221230|Brentford|West Ham United,0,2,2,away
2022-12-30,Liverpool,Leicester City,0.8267797931038272,1.8,1.8,1.2,0.6,0.6,0.0,1.7,1.6,1.2,0.4,0.5,0.2,4.0,1.8,1.6,0.8,0.8,0.6,0.0,1.6,1.7,1.2,0.5,0.5,0.1,4.0,2.1,1.3,1.5,0.1,0.0,0.09999999999999987,0.19999999999999996,-0.09999999999999987,0.3999999999999999,0.0,-0.20000000000000007,-0.09999999999999998,0.0,0.0,0.0,0.1,0.0,2022-23,20221230|Leicester City|Liverpool,2,1,3,home
2022-12-31,Brighton and Hove Albion,Arsenal,0.37216522529572765,1.8,2.4,1.8,0.6,0.6,0.0,1.4,2.0,1.7,0.3,0.4,0.2,5.0,2.6,2.4,0.4,2.0,0.8,0.2,2.5,2.3,0.8,1.5,0.8,0.1,5.0,1.8,1.9,1.1,0.5,-0.8,-1.1,0.0,-0.2999999999999998,1.4,0.8999999999999999,-1.4,-1.2,-0.20000000000000007,-0.4,-0.2,0.1,0.0,2022-23,20221231|Arsenal|Brighton and Hove Albion,2,4,6,away
2022-12-31,Bournemouth,Crystal Palace,0.5582834133072386,0.6,1.6,2.2,-0.6,0.2,0.0,0.9,1.3,1.6,-0.3,0.2,0.3,4.0,1.2,0.6,1.6,-1.0,0.4,0.0,1.4,0.8,1.2,-0.4,0.4,0.2,5.0,1.375,1.0,0.125,-0.5,-0.6,-0.4999999999999999,1.0,0.5,0.6000000000000001,0.40000000000000013,0.4,0.10000000000000003,-0.2,-0.2,0.0,0.09999999999999998,-1.0,2022-23,20221231|Crystal Palace|Bournemouth,0,2,2,away
2022-12-31,Manchester City,Everton,0.9213041657551656,2.4,2.0,1.0,1.0,0.8,0.0,2.2,2.4,1.0,1.4,0.7,0.1,3.0,0.8,0.8,1.4,-0.6,0.2,0.2,1.0,0.8,1.3,-0.5,0.3,0.1,5.0,2.7,0.7,2.7,-1.0,1.5999999999999999,1.2000000000000002,1.2,1.5999999999999999,-0.3999999999999999,-0.30000000000000004,1.6,1.9,0.6000000000000001,0.39999999999999997,-0.2,0.0,-2.0,2022-23,20221231|Everton|Manchester City,1,1,2,draw
2022-12-31,Newcastle United,Leeds United,0.8188594799701193,3.0,2.8,0.4,2.4,1.0,0.0,2.6,2.5,0.5,2.0,0.8,0.2,5.0,1.2,2.4,2.8,-0.4,0.4,0.0,0.7,1.5,2.4,-0.9,0.2,0.1,3.0,2.1,0.8,1.3,-0.7,1.8,1.9000000000000001,0.3999999999999999,1.0,-2.4,-1.9,2.8,2.9,0.6,0.6000000000000001,0.0,0.1,2.0,2022-23,20221231|Leeds United|Newcastle United,0,0,0,draw
2022-12-31,Wolverhampton Wanderers,Manchester United,0.3324043557914045,0.8,1.0,2.2,-1.2,0.2,0.2,0.7,0.7,2.1,-1.4,0.2,0.1,5.0,2.0,1.6,1.0,0.6,0.6,0.2,2.0,1.8,1.3,0.5,0.6,0.2,4.0,0.9,1.3,-1.2,-1.0,-1.2,-1.3,-0.6000000000000001,-1.1,1.2000000000000002,0.8,-1.7999999999999998,-1.9,-0.39999999999999997,-0.39999999999999997,0.0,-0.1,1.0,2022-23,20221231|Manchester United|Wolverhampton Wanderers,0,1,1,away
2022-12-31,Fulham,Southampton,0.6747345820863895,1.4,1.6,1.2,0.4,0.4,0.2,1.4,1.8,1.7,0.1,0.4,0.2,5.0,0.2,0.8,2.4,-1.6,0.0,0.2,0.5,0.7,2.0,-1.3,0.1,0.2,5.0,1.2,0.6,-0.3,-1.6,1.2,0.8999999999999999,0.8,1.1,-1.2,-0.30000000000000004,2.0,1.4000000000000001,0.4,0.30000000000000004,0.0,0.0,0.0,2022-23,20221231|Southampton|Fulham,2,1,3,home
2023-01-01,Tottenham Hotspur,Aston Villa,0.7790285069617443,1.4,2.2,2.2,0.0,0.4,0.2,1.6,2.1,1.8,0.3,0.5,0.1,6.0,1.8,2.0,1.8,0.2,0.6,0.0,1.4,1.2,1.5,-0.3,0.4,0.2,6.0,2.4,0.8,1.4,-1.0,-0.40000000000000013,0.20000000000000018,0.20000000000000018,0.9000000000000001,0.40000000000000013,0.30000000000000004,-0.2,0.6,-0.19999999999999996,0.09999999999999998,0.2,-0.1,0.0,2022-23,20230101|Aston Villa|Tottenham Hotspur,0,2,2,away
2023-01-01,Nottingham Forest,Chelsea,0.3809030818070303,1.4,0.8,2.0,-1.2,0.4,0.2,0.9,0.7,1.9,-1.2,0.2,0.3,5.0,0.8,0.8,1.4,-0.6,0.2,0.2,1.7,1.3,0.9,0.4,0.5,0.2,5.0,1.375,1.3,-0.125,-0.2,0.5999999999999999,-0.7999999999999999,0.0,-0.6000000000000001,0.6000000000000001,0.9999999999999999,-0.6,-1.6,0.2,-0.3,0.0,0.09999999999999998,0.0,2022-23,20230101|Chelsea|Nottingham Forest,1,1,2,draw
2023-01-02,Brentford,Liverpool,0.3159087156973605,1.8,1.8,1.2,0.6,0.4,0.6,1.4,1.2,1.5,-0.3,0.3,0.5,3.0,2.4,2.2,1.2,1.0,0.8,0.0,1.9,1.8,1.3,0.5,0.6,0.1,3.0,1.6,1.7,0.8,0.3,-0.5999999999999999,-0.5,-0.40000000000000013,-0.6000000000000001,0.0,0.19999999999999996,-0.4,-0.8,-0.4,-0.3,0.6,0.4,0.0,2022-23,20230102|Liverpool|Brentford,3,1,4,home
2023-01-03,Manchester United,Bournemouth,0.7959664870655978,2.4,1.6,0.8,0.8,0.8,0.0,2.0,1.6,1.2,0.4,0.6,0.2,3.0,0.6,1.6,2.2,-0.6,0.2,0.0,0.8,1.2,1.7,-0.5,0.2,0.2,3.0,2.3,0.625,1.2,-2.125,1.7999999999999998,1.2,0.0,0.40000000000000013,-1.4000000000000001,-0.5,1.4,0.9,0.6000000000000001,0.39999999999999997,0.0,0.0,0.0,2022-23,20230103|Bournemouth|Manchester United,3,0,3,home
2023-01-03,Everton,Brighton and Hove Albion,0.43187931725350415,0.4,0.4,1.6,-1.2,0.0,0.4,0.8,0.8,1.4,-0.6,0.2,0.2,3.0,1.8,2.6,2.0,0.6,0.6,0.0,1.1,1.7,1.9,-0.2,0.3,0.2,3.0,1.1,1.7,-0.1,0.4,-1.4,-0.30000000000000004,-2.2,-0.8999999999999999,-0.3999999999999999,-0.5,-1.7999999999999998,-0.39999999999999997,-0.6,-0.09999999999999998,0.4,0.0,0.0,2022-23,20230103|Brighton and Hove Albion|Everton,1,4,5,away
2023-01-03,Leicester City,Fulham,0.6520403896802689,1.2,1.0,1.2,-0.2,0.4,0.0,1.6,1.6,0.8,0.8,0.5,0.1,4.0,1.4,1.4,1.0,0.4,0.4,0.2,1.4,1.7,1.6,0.1,0.4,0.2,3.0,1.4,1.1,0.6,-0.2,-0.19999999999999996,0.20000000000000018,-0.3999999999999999,-0.09999999999999987,0.19999999999999996,-0.8,-0.6000000000000001,0.7000000000000001,0.0,0.09999999999999998,-0.2,-0.1,1.0,2022-23,20230103|Fulham|Leicester City,0,1,1,away
2023-01-03,Arsenal,Newcastle United,0.7021139309098864,3.0,3.0,0.6,2.4,1.0,0.0,2.8,2.6,0.7,1.9,0.9,0.1,3.0,2.6,2.4,0.2,2.2,0.8,0.2,2.6,2.4,0.4,2.0,0.8,0.2,3.0,3.0,1.8,2.1,0.5,0.3999999999999999,0.19999999999999973,0.6000000000000001,0.20000000000000018,0.39999999999999997,0.29999999999999993,0.19999999999999973,-0.10000000000000009,0.19999999999999996,0.09999999999999998,-0.2,-0.1,0.0,2022-23,20230103|Newcastle United|Arsenal,0,0,0,draw
2023-01-04,Southampton,Nottingham Forest,0.4870145605813266,0.0,0.8,2.6,-1.8,0.0,0.0,0.5,0.8,2.1,-1.3,0.1,0.2,4.0,1.0,0.8,2.2,-1.4,0.2,0.4,1.0,0.6,1.7,-1.1,0.2,0.4,3.0,0.6,0.25,-0.8,-2.625,-1.0,-0.5,0.0,0.20000000000000007,0.3999999999999999,0.40000000000000013,-0.40000000000000013,-0.19999999999999996,-0.2,-0.1,-0.4,-0.2,1.0,2022-23,20230104|Nottingham Forest|Southampton,0,1,1,away
2023-01-04,Crystal Palace,Tottenham Hotspur,0.4374133967396978,1.8,1.0,1.0,0.0,0.6,0.0,1.6,1.0,1.2,-0.2,0.5,0.1,4.0,1.4,2.0,2.2,-0.2,0.4,0.2,1.3,1.5,1.8,-0.3,0.4,0.1,3.0,1.9,1.6,0.1,0.5,0.40000000000000013,0.30000000000000004,-1.0,-0.5,-1.2000000000000002,-0.6000000000000001,0.2,0.09999999999999998,0.19999999999999996,0.09999999999999998,-0.2,0.0,1.0,2022-23,20230104|Tottenham Hotspur|Crystal Palace,0,4,4,away
2023-01-04,Leeds United,West Ham United,0.5878183994168241,1.4,2.0,2.2,-0.2,0.4,0.2,0.8,1.3,1.9,-0.6,0.2,0.2,4.0,0.0,0.4,2.0,-1.6,0.0,0.0,1.0,1.0,1.3,-0.3,0.3,0.1,5.0,1.2,0.7,-0.2,-0.4,1.4,-0.19999999999999996,1.6,0.30000000000000004,0.20000000000000018,0.5999999999999999,1.4000000000000001,-0.3,0.4,-0.09999999999999998,0.2,0.1,-1.0,2022-23,20230104|West Ham United|Leeds United,2,2,4,draw
2023-01-04,Aston Villa,Wolverhampton Wanderers,0.7108666066648672,1.8,1.6,1.8,-0.2,0.6,0.0,1.4,1.3,1.5,-0.2,0.4,0.2,3.0,0.8,1.0,1.6,-0.6,0.2,0.2,0.7,0.7,1.9,-1.2,0.2,0.1,4.0,1.5,0.6,0.3,-0.9,1.0,0.7,0.6000000000000001,0.6000000000000001,0.19999999999999996,-0.3999999999999999,0.39999999999999997,1.0,0.39999999999999997,0.2,-0.2,0.1,-1.0,2022-23,20230104|Wolverhampton Wanderers|Aston Villa,1,1,2,draw
2023-01-05,Chelsea,Manchester City,0.35418545787525896,0.8,0.8,1.4,-0.6,0.2,0.2,1.5,1.2,0.9,0.3,0.4,0.3,4.0,2.0,1.6,1.0,0.6,0.6,0.2,2.2,2.4,1.0,1.4,0.7,0.1,5.0,1.9,2.1,0.7,1.5,-1.2,-0.7000000000000002,-0.8,-1.2,0.3999999999999999,-0.09999999999999998,-1.2,-1.0999999999999999,-0.39999999999999997,-0.29999999999999993,0.0,0.19999999999999998,-1.0,2022-23,20230105|Manchester City|Chelsea,0,1,1,away
2023-01-12,Fulham,Chelsea,0.4336268499387051,1.8,1.6,1.0,0.6,0.6,0.0,1.7,1.7,1.2,0.5,0.5,0.2,9.0,0.8,0.6,0.8,-0.2,0.2,0.2,1.2,1.0,0.9,0.1,0.3,0.3,7.0,1.5,1.4,0.0,-0.1,1.0,0.5,1.0,0.7,0.19999999999999996,0.29999999999999993,0.8,0.4,0.39999999999999997,0.2,-0.2,-0.09999999999999998,2.0,2022-23,20230112|Chelsea|Fulham,2,1,3,home
2023-01-13,Aston Villa,Leeds United,0.6608262978534805,2.0,1.8,1.2,0.6,0.6,0.2,1.4,1.4,1.6,-0.2,0.4,0.2,9.0,1.0,2.0,2.4,-0.4,0.2,0.4,0.8,1.5,2.1,-0.6,0.2,0.2,9.0,1.5,0.8,0.3,-0.7,1.0,0.5999999999999999,-0.19999999999999996,-0.10000000000000009,-1.2,-0.5,1.0,0.39999999999999997,0.39999999999999997,0.2,-0.2,0.0,0.0,2022-23,20230113|Leeds United|Aston Villa,2,1,3,home
2023-01-14,Brentford,Bournemouth,0.7235071413611622,2.2,2.2,1.2,1.0,0.6,0.4,1.6,1.5,1.6,-0.1,0.4,0.4,12.0,0.6,1.2,2.2,-1.0,0.2,0.0,0.7,1.2,2.0,-0.8,0.2,0.1,11.0,1.6,0.5555555555555556,0.7,-2.2222222222222223,1.6,0.9000000000000001,1.0000000000000002,0.30000000000000004,-1.0000000000000002,-0.3999999999999999,2.0,0.7000000000000001,0.39999999999999997,0.2,0.4,0.30000000000000004,1.0,2022-23,20230114|Bournemouth|Brentford,2,0,2,home
2023-01-14,Nottingham Forest,Leicester City,0.5662400721549985,1.6,1.0,1.2,-0.2,0.4,0.4,1.3,0.7,1.3,-0.6,0.3,0.4,10.0,1.2,1.0,1.2,-0.2,0.4,0.0,1.3,1.2,0.9,0.3,0.4,0.1,11.0,1.3333333333333333,1.0,-0.1111111111111111,-0.4,0.40000000000000013,0.0,0.0,-0.5,0.0,0.4,0.0,-0.8999999999999999,0.0,-0.10000000000000003,0.4,0.30000000000000004,-1.0,2022-23,20230114|Leicester City|Nottingham Forest,2,0,2,home
2023-01-14,Brighton and Hove Albion,Liverpool,0.3838555860767494,1.8,2.6,2.0,0.6,0.6,0.0,1.3,1.8,1.7,0.1,0.4,0.1,11.0,2.4,2.2,1.4,0.8,0.8,0.0,1.8,1.6,1.3,0.3,0.6,0.0,12.0,1.7,1.4,0.9,0.0,-0.5999999999999999,-0.5,0.3999999999999999,0.19999999999999996,0.6000000000000001,0.3999999999999999,-0.20000000000000007,-0.19999999999999998,-0.20000000000000007,-0.19999999999999996,0.0,0.1,-1.0,2022-23,20230114|Liverpool|Brighton and Hove Albion,3,0,3,home
2023-01-14,Manchester United,Manchester City,0.37524820884539817,2.4,2.0,0.8,1.2,0.8,0.0,2.3,1.6,0.6,1.0,0.7,0.2,11.0,2.0,1.6,1.0,0.6,0.6,0.2,2.2,2.2,1.0,1.2,0.7,0.1,9.0,2.3,2.1,1.4,1.2,0.3999999999999999,0.09999999999999964,0.3999999999999999,-0.6000000000000001,-0.19999999999999996,-0.4,0.6,-0.19999999999999996,0.20000000000000007,0.0,-0.2,0.1,2.0,2022-23,20230114|Manchester City|Manchester United,2,1,3,home
2023-01-14,Everton,Southampton,0.6517468810432764,0.2,0.6,2.4,-1.8,0.0,0.2,0.5,0.7,1.7,-1.0,0.1,0.2,11.0,0.0,0.8,2.6,-1.8,0.0,0.0,0.5,0.7,2.0,-1.3,0.1,0.2,10.0,1.1,0.6,-0.3,-1.4,0.2,0.0,-0.20000000000000007,0.0,-0.20000000000000018,-0.30000000000000004,0.0,0.30000000000000004,0.0,0.0,0.2,0.0,1.0,2022-23,20230114|Southampton|Everton,1,2,3,away
2023-01-14,Wolverhampton Wanderers,West Ham United,0.5390044656178811,0.8,1.0,1.6,-0.6,0.2,0.2,0.8,0.8,1.8,-1.0,0.2,0.2,10.0,0.2,0.8,2.2,-1.4,0.0,0.2,0.8,1.0,1.5,-0.5,0.2,0.2,10.0,0.9,0.5,-0.9,-0.8,0.6000000000000001,0.0,0.19999999999999996,-0.19999999999999996,-0.6000000000000001,0.30000000000000004,0.7999999999999999,-0.5,0.2,0.0,0.0,0.0,0.0,2022-23,20230114|West Ham United|Wolverhampton Wanderers,1,0,1,home
2023-01-15,Tottenham Hotspur,Arsenal,0.4726994150597403,1.4,2.2,1.8,0.4,0.4,0.2,1.6,1.8,1.5,0.3,0.5,0.1,11.0,2.6,2.0,0.6,1.4,0.8,0.2,2.6,2.3,0.7,1.6,0.8,0.2,12.0,2.1,2.2,0.9,1.0,-1.2000000000000002,-1.0,0.20000000000000018,-0.4999999999999998,1.2000000000000002,0.8,-0.9999999999999999,-1.3,-0.4,-0.30000000000000004,0.0,-0.1,-1.0,2022-23,20230115|Arsenal|Tottenham Hotspur,0,2,2,away
2023-01-15,Chelsea,Crystal Palace,0.7046670937860895,0.8,0.8,1.0,-0.2,0.2,0.2,0.9,0.8,1.1,-0.3,0.2,0.3,3.0,1.2,0.8,1.8,-1.0,0.4,0.0,1.6,0.9,1.4,-0.5,0.5,0.1,11.0,1.8,1.0,0.6,-0.4,-0.3999999999999999,-0.7000000000000001,0.0,-0.09999999999999998,-0.8,-0.2999999999999998,0.8,0.2,-0.2,-0.3,0.2,0.19999999999999998,-8.0,2022-23,20230115|Crystal Palace|Chelsea,1,0,1,home
2023-01-15,Newcastle United,Fulham,0.7695030554781718,2.2,1.6,0.2,1.4,0.6,0.4,2.4,2.0,0.3,1.7,0.7,0.3,12.0,2.4,1.8,0.8,1.0,0.8,0.0,2.0,1.8,1.0,0.8,0.6,0.2,3.0,2.2,1.4,1.4,0.1,-0.19999999999999973,0.3999999999999999,-0.19999999999999996,0.19999999999999996,-0.6000000000000001,-0.7,0.3999999999999999,0.8999999999999999,-0.20000000000000007,0.09999999999999998,0.4,0.09999999999999998,9.0,2022-23,20230115|Fulham|Newcastle United,1,0,1,home
2023-01-18,Crystal Palace,Manchester United,0.36544200391341203,0.6,0.4,1.8,-1.4,0.2,0.0,1.3,0.7,1.4,-0.7,0.4,0.1,3.0,3.0,2.2,0.4,1.8,1.0,0.0,2.3,1.6,0.6,1.0,0.7,0.2,4.0,1.6,1.6,-0.4,-0.5,-2.4,-0.9999999999999998,-1.8000000000000003,-0.9000000000000001,1.4,0.7999999999999999,-3.2,-1.7,-0.8,-0.29999999999999993,0.0,-0.1,-1.0,2022-23,20230118|Manchester United|Crystal Palace,1,1,2,draw
2023-01-19,Manchester City,Tottenham Hotspur,0.7722970174634831,1.4,1.4,1.2,0.2,0.4,0.2,1.9,1.7,0.9,0.8,0.6,0.1,5.0,1.4,2.0,1.8,0.2,0.4,0.2,1.3,1.7,1.7,0.0,0.4,0.1,4.0,2.5,1.8,2.2,0.9,0.0,0.5999999999999999,-0.6000000000000001,0.0,-0.6000000000000001,-0.7999999999999999,0.0,0.8,0.0,0.19999999999999996,0.0,0.0,1.0,2022-23,20230119|Tottenham Hotspur|Manchester City,4,2,6,home
2023-01-21,Southampton,Aston Villa,0.4169653781580522,0.6,1.0,2.0,-1.0,0.2,0.0,0.8,0.9,1.7,-0.8,0.2,0.2,7.0,2.0,1.6,1.2,0.4,0.6,0.2,1.6,1.5,1.6,-0.1,0.5,0.1,8.0,0.6,0.8,-0.8,-1.0,-1.4,-0.8,-0.6000000000000001,-0.6,0.8,0.09999999999999987,-1.4,-0.7000000000000001,-0.39999999999999997,-0.3,-0.2,0.1,-1.0,2022-23,20230121|Aston Villa|Southampton,0,1,1,away
2023-01-21,Leicester City,Brighton and Hove Albion,0.45149520188778725,0.6,0.6,1.6,-1.0,0.2,0.0,1.3,1.1,0.9,0.2,0.4,0.1,7.0,1.8,2.6,1.6,1.0,0.6,0.0,1.6,2.1,1.6,0.5,0.5,0.1,7.0,1.1,1.7,0.2,0.4,-1.2000000000000002,-0.30000000000000004,-2.0,-1.0,0.0,-0.7000000000000001,-2.0,-0.3,-0.39999999999999997,-0.09999999999999998,0.0,0.0,0.0,2022-23,20230121|Brighton and Hove Albion|Leicester City,2,2,4,draw
2023-01-21,Liverpool,Chelsea,0.7185493209458315,1.8,1.8,1.8,0.0,0.6,0.0,1.8,1.4,1.3,0.1,0.6,0.0,7.0,1.4,1.0,0.8,0.2,0.4,0.2,0.9,0.7,1.1,-0.4,0.2,0.3,6.0,2.3,1.1,1.6,-0.5,0.40000000000000013,0.9,0.8,0.7,1.0,0.19999999999999996,-0.2,0.5,0.19999999999999996,0.39999999999999997,-0.2,-0.3,1.0,2022-23,20230121|Chelsea|Liverpool,0,0,0,draw
2023-01-21,West Ham United,Everton,0.6591662127502352,0.2,0.6,2.0,-1.4,0.0,0.2,0.5,0.7,1.5,-0.8,0.1,0.2,7.0,0.2,0.8,2.4,-1.6,0.0,0.2,0.5,0.7,1.7,-1.0,0.1,0.2,7.0,1.1,0.7,-0.3,-1.0,0.0,0.0,-0.20000000000000007,0.0,-0.3999999999999999,-0.19999999999999996,0.20000000000000018,0.19999999999999996,0.0,0.0,0.0,0.0,0.0,2022-23,20230121|Everton|West Ham United,2,0,2,home
2023-01-21,Crystal Palace,Newcastle United,0.3659970600798945,0.8,0.6,1.8,-1.2,0.2,0.2,1.3,0.8,1.5,-0.7,0.4,0.1,3.0,2.2,1.0,0.0,1.0,0.6,0.4,2.4,1.6,0.2,1.4,0.7,0.3,6.0,1.4,1.9,-0.5,1.0,-1.4000000000000001,-1.0999999999999999,-0.4,-0.8,1.8,1.3,-2.2,-2.0999999999999996,-0.39999999999999997,-0.29999999999999993,-0.2,-0.19999999999999998,-3.0,2022-23,20230121|Newcastle United|Crystal Palace,0,0,0,draw
2023-01-21,Bournemouth,Nottingham Forest,0.5215045385047733,0.6,0.6,1.8,-1.2,0.2,0.0,0.4,1.0,2.1,-1.1,0.1,0.1,7.0,2.0,1.0,0.8,0.2,0.6,0.2,1.5,0.8,1.2,-0.4,0.4,0.3,7.0,1.2222222222222223,0.5555555555555556,-0.1111111111111111,-2.2222222222222223,-1.4,-1.1,-0.4,0.19999999999999996,1.0,0.9000000000000001,-1.4,-0.7000000000000001,-0.39999999999999997,-0.30000000000000004,-0.2,-0.19999999999999998,0.0,2022-23,20230121|Nottingham Forest|Bournemouth,1,1,2,draw
2023-01-22,Leeds United,Brentford,0.43563956141145616,0.4,1.4,2.2,-0.8,0.0,0.4,0.8,1.5,2.1,-0.6,0.2,0.2,9.0,2.6,2.2,0.8,1.4,0.8,0.2,1.9,1.6,1.1,0.5,0.5,0.4,8.0,1.3,1.3,0.1,-0.5,-2.2,-1.0999999999999999,-0.8000000000000003,-0.10000000000000009,1.4000000000000001,1.0,-2.2,-1.1,-0.8,-0.3,0.2,-0.2,1.0,2022-23,20230122|Brentford|Leeds United,0,0,0,draw
2023-01-22,Arsenal,Manchester United,0.7071617427163814,2.6,2.2,0.6,1.6,0.8,0.2,2.6,2.2,0.6,1.6,0.8,0.2,7.0,2.6,2.0,0.4,1.6,0.8,0.2,2.3,1.7,0.7,1.0,0.7,0.2,4.0,2.8,1.7,1.9,-0.4,0.0,0.30000000000000027,0.20000000000000018,0.5000000000000002,0.19999999999999996,-0.09999999999999998,0.0,0.6000000000000001,0.0,0.10000000000000009,0.0,0.0,3.0,2022-23,20230122|Manchester United|Arsenal,3,2,5,home
2023-01-22,Manchester City,Wolverhampton Wanderers,0.9099222651852188,2.0,2.0,1.2,0.8,0.6,0.2,1.9,1.7,1.1,0.6,0.6,0.1,3.0,1.4,0.8,1.0,-0.2,0.4,0.2,1.1,0.9,1.5,-0.6,0.3,0.2,8.0,2.5,0.6,2.3,-0.9,0.6000000000000001,0.7999999999999998,1.2,0.7999999999999999,0.19999999999999996,-0.3999999999999999,1.0,1.2,0.19999999999999996,0.3,0.0,-0.1,-5.0,2022-23,20230122|Wolverhampton Wanderers|Manchester City,3,0,3,home
2023-01-23,Fulham,Tottenham Hotspur,0.42147227294265366,2.4,1.6,0.6,1.0,0.8,0.0,1.9,1.6,0.9,0.7,0.6,0.1,8.0,0.8,1.6,2.0,-0.4,0.2,0.2,1.0,1.7,2.1,-0.4,0.3,0.1,4.0,1.8,1.5,0.3,0.2,1.5999999999999999,0.8999999999999999,0.0,-0.09999999999999987,-1.4,-1.2000000000000002,1.4,1.1,0.6000000000000001,0.3,-0.2,0.0,4.0,2022-23,20230123|Tottenham Hotspur|Fulham,0,1,1,away
2023-02-03,Chelsea,Fulham,0.7343699087499121,1.0,0.6,0.8,-0.2,0.2,0.4,0.9,0.7,1.1,-0.4,0.2,0.3,13.0,1.8,1.0,0.8,0.2,0.6,0.0,1.6,1.3,1.0,0.3,0.5,0.1,11.0,2.0,1.3,0.7,0.0,-0.8,-0.7000000000000001,-0.4,-0.6000000000000001,0.0,0.10000000000000009,-0.4,-0.7,-0.39999999999999997,-0.3,0.4,0.19999999999999998,2.0,2022-23,20230203|Fulham|Chelsea,0,0,0,draw
2023-02-04,Everton,Arsenal,0.16279728701615498,0.2,0.8,2.2,-1.4,0.0,0.2,0.5,0.7,1.7,-1.0,0.1,0.2,14.0,2.6,2.4,1.0,1.4,0.8,0.2,2.6,2.2,0.6,1.6,0.8,0.2,13.0,0.8,2.5,-0.5,1.4,-2.4,-2.1,-1.5999999999999999,-1.5000000000000002,1.2000000000000002,1.1,-2.8,-2.6,-0.8,-0.7000000000000001,0.0,0.0,1.0,2022-23,20230204|Arsenal|Everton,1,0,1,home
2023-02-04,Brighton and Hove Albion,Bournemouth,0.7660905579459034,2.0,2.8,1.6,1.2,0.6,0.2,1.7,2.3,1.6,0.7,0.5,0.2,14.0,0.2,0.2,2.0,-1.8,0.0,0.2,0.4,0.9,2.0,-1.1,0.1,0.1,14.0,1.7,0.5,0.8,-2.2,1.8,1.2999999999999998,2.5999999999999996,1.4,-0.3999999999999999,-0.3999999999999999,3.0,1.8,0.6,0.4,0.0,0.1,0.0,2022-23,20230204|Bournemouth|Brighton and Hove Albion,1,0,1,home
2023-02-04,Manchester United,Crystal Palace,0.7683746708130771,2.0,1.8,1.0,0.8,0.6,0.2,2.0,1.7,1.0,0.7,0.6,0.2,13.0,1.0,0.6,1.2,-0.6,0.2,0.4,1.1,0.6,1.4,-0.8,0.3,0.2,14.0,2.5,0.9,1.5,-0.5,1.0,0.8999999999999999,1.2000000000000002,1.1,-0.19999999999999996,-0.3999999999999999,1.4,1.5,0.39999999999999997,0.3,-0.2,0.0,-1.0,2022-23,20230204|Crystal Palace|Manchester United,2,1,3,home
2023-02-04,Aston Villa,Leicester City,0.6529597621418879,2.0,1.4,1.0,0.4,0.6,0.2,1.9,1.6,1.4,0.2,0.6,0.1,14.0,0.2,0.6,2.0,-1.4,0.0,0.2,1.3,1.3,1.1,0.2,0.4,0.1,14.0,1.7,0.9,0.4,-0.6,1.8,0.5999999999999999,0.7999999999999999,0.30000000000000004,-1.0,0.2999999999999998,1.7999999999999998,0.0,0.6,0.19999999999999996,0.0,0.0,0.0,2022-23,20230204|Leicester City|Aston Villa,2,4,6,away
2023-02-04,Wolverhampton Wanderers,Liverpool,0.2601024277351323,1.4,0.8,1.2,-0.4,0.4,0.2,0.8,0.8,1.8,-1.0,0.2,0.2,13.0,1.4,1.2,1.6,-0.4,0.4,0.2,1.6,1.3,1.3,0.0,0.5,0.1,14.0,1.1,1.1,-0.8,-0.4,0.0,-0.8,-0.3999999999999999,-0.5,-0.40000000000000013,0.5,0.0,-1.0,0.0,-0.3,0.0,0.1,-1.0,2022-23,20230204|Liverpool|Wolverhampton Wanderers,3,0,3,home
2023-02-04,Brentford,Southampton,0.7981040676496386,2.2,1.8,0.6,1.2,0.6,0.4,1.7,1.4,1.1,0.3,0.4,0.5,13.0,0.6,0.8,1.6,-0.8,0.2,0.0,0.7,0.8,1.7,-0.9,0.2,0.1,14.0,1.9,0.9,1.0,-1.0,1.6,1.0,1.0,0.5999999999999999,-1.0,-0.5999999999999999,2.0,1.2,0.39999999999999997,0.2,0.4,0.4,-1.0,2022-23,20230204|Southampton|Brentford,3,0,3,home
2023-02-04,Newcastle United,West Ham United,0.8095678649208323,1.8,0.8,0.0,0.8,0.4,0.6,2.4,1.6,0.2,1.4,0.7,0.3,14.0,0.8,1.0,1.6,-0.6,0.2,0.2,0.7,0.8,1.4,-0.6,0.2,0.1,14.0,2.2,0.5,1.3,-0.7,1.0,1.7,-0.19999999999999996,0.8,-1.6,-1.2,1.4,2.0,0.2,0.49999999999999994,0.39999999999999997,0.19999999999999998,0.0,2022-23,20230204|West Ham United|Newcastle United,1,1,2,draw
2023-02-05,Nottingham Forest,Leeds United,0.6472350426717998,1.6,1.0,1.0,0.0,0.4,0.4,1.6,0.9,1.2,-0.3,0.4,0.4,15.0,0.6,0.8,1.4,-0.6,0.0,0.6,0.9,1.5,2.0,-0.5,0.2,0.3,14.0,1.5,0.8,0.1,-0.7,1.0,0.7000000000000001,0.19999999999999996,-0.6,-0.3999999999999999,-0.8,0.6,0.2,0.4,0.2,-0.19999999999999996,0.10000000000000003,1.0,2022-23,20230205|Leeds United|Nottingham Forest,1,0,1,home
2023-02-05,Tottenham Hotspur,Manchester City,0.37690344198300896,1.2,1.4,1.6,-0.2,0.4,0.0,1.3,1.8,1.9,-0.1,0.4,0.1,13.0,2.0,2.0,1.0,1.0,0.6,0.2,2.2,2.0,1.0,1.0,0.7,0.1,14.0,1.8,1.8,0.6,0.7,-0.8,-0.9000000000000001,-0.6000000000000001,-0.19999999999999996,0.6000000000000001,0.8999999999999999,-1.2,-1.1,-0.19999999999999996,-0.29999999999999993,-0.2,0.0,-1.0,2022-23,20230205|Manchester City|Tottenham Hotspur,1,0,1,home
2023-02-08,Manchester United,Leeds United,0.8249386351382773,2.0,2.0,1.2,0.8,0.6,0.2,2.2,1.8,1.0,0.8,0.7,0.1,4.0,0.6,0.6,1.0,-0.4,0.0,0.6,0.9,1.5,1.9,-0.4,0.2,0.3,3.0,2.5,0.5,1.3,-0.9,1.4,1.3000000000000003,1.4,0.30000000000000004,0.19999999999999996,-0.8999999999999999,1.2000000000000002,1.2000000000000002,0.6,0.49999999999999994,-0.39999999999999997,-0.19999999999999998,1.0,2022-23,20230208|Leeds United|Manchester United,2,2,4,draw
2023-02-11,Arsenal,Brentford,0.7816141761170443,2.0,1.8,1.0,0.8,0.6,0.2,2.3,2.1,0.7,1.4,0.7,0.2,7.0,2.6,2.0,0.2,1.8,0.8,0.2,1.9,1.7,1.1,0.6,0.5,0.4,7.0,2.8,1.1,1.9,-0.6,-0.6000000000000001,0.3999999999999999,-0.19999999999999996,0.40000000000000013,0.8,-0.40000000000000013,-1.0,0.7999999999999999,-0.20000000000000007,0.19999999999999996,0.0,-0.2,0.0,2022-23,20230211|Brentford|Arsenal,1,1,2,draw
2023-02-11,Crystal Palace,Brighton and Hove Albion,0.45309690353431253,0.4,0.4,1.6,-1.2,0.0,0.4,1.1,0.7,1.3,-0.6,0.3,0.2,7.0,2.0,2.4,1.4,1.0,0.6,0.2,1.9,2.4,1.6,0.8,0.6,0.1,7.0,1.5,1.7,-0.3,0.4,-1.6,-0.7999999999999998,-2.0,-1.7,0.20000000000000018,-0.30000000000000004,-2.2,-1.4,-0.6,-0.3,0.2,0.1,0.0,2022-23,20230211|Brighton and Hove Albion|Crystal Palace,1,1,2,draw
2023-02-11,West Ham United,Chelsea,0.4213866742629925,1.0,1.0,1.2,-0.2,0.2,0.4,0.8,0.9,1.4,-0.5,0.2,0.2,7.0,1.0,0.4,0.6,-0.2,0.2,0.4,0.9,0.6,1.0,-0.4,0.2,0.3,8.0,1.3,0.9,-0.1,-0.6,0.0,-0.09999999999999998,0.6,0.30000000000000004,0.6,0.3999999999999999,0.0,-0.09999999999999998,0.0,0.0,0.0,-0.09999999999999998,-1.0,2022-23,20230211|Chelsea|West Ham United,1,1,2,draw
2023-02-11,Bournemouth,Newcastle United,0.3041270186268158,0.2,0.2,1.8,-1.6,0.0,0.2,0.4,0.9,2.0,-1.1,0.1,0.1,7.0,1.4,0.4,0.2,0.2,0.2,0.8,2.2,1.6,0.3,1.3,0.6,0.4,7.0,1.2,1.7,-0.1,0.9,-1.2,-1.8000000000000003,-0.2,-0.7000000000000001,1.6,1.7,-1.8,-2.4000000000000004,-0.2,-0.5,-0.6000000000000001,-0.30000000000000004,0.0,2022-23,20230211|Newcastle United|Bournemouth,1,1,2,draw
2023-02-11,Fulham,Nottingham Forest,0.5785976520910372,1.4,0.6,0.6,0.0,0.4,0.2,1.4,1.0,0.8,0.2,0.4,0.2,8.0,2.2,1.2,0.4,0.8,0.6,0.4,1.8,1.0,1.2,-0.2,0.5,0.3,6.0,1.7,0.6,0.2,-2.0,-0.8000000000000003,-0.40000000000000013,-0.6,0.0,0.19999999999999996,-0.3999999999999999,-0.8,0.4,-0.19999999999999996,-0.09999999999999998,-0.2,-0.09999999999999998,2.0,2022-23,20230211|Nottingham Forest|Fulham,2,0,2,home
2023-02-11,Leicester City,Tottenham Hotspur,0.3931676843148159,0.8,1.4,1.8,-0.4,0.2,0.2,1.3,1.5,1.3,0.2,0.4,0.1,7.0,1.8,1.6,1.2,0.4,0.6,0.0,1.6,1.8,1.7,0.1,0.5,0.1,6.0,0.9,1.7,-0.1,0.3,-1.0,-0.30000000000000004,-0.20000000000000018,-0.30000000000000004,0.6000000000000001,-0.3999999999999999,-0.8,0.1,-0.39999999999999997,-0.09999999999999998,0.2,0.0,1.0,2022-23,20230211|Tottenham Hotspur|Leicester City,4,1,5,home
2023-02-11,Southampton,Wolverhampton Wanderers,0.4721589194476429,0.6,0.6,1.6,-1.0,0.2,0.0,0.4,0.7,2.0,-1.3,0.1,0.1,7.0,1.4,1.0,1.0,0.0,0.4,0.2,1.1,1.0,1.6,-0.6,0.3,0.2,7.0,0.6,0.6,-0.8,-1.0,-0.7999999999999999,-0.7000000000000001,-0.4,-0.30000000000000004,0.6000000000000001,0.3999999999999999,-1.0,-0.7000000000000001,-0.2,-0.19999999999999998,-0.2,-0.1,0.0,2022-23,20230211|Wolverhampton Wanderers|Southampton,1,2,3,away
2023-02-12,Manchester City,Aston Villa,0.8620267319564222,1.8,1.8,1.0,0.8,0.6,0.0,1.9,1.7,1.0,0.7,0.6,0.1,7.0,2.0,1.6,1.2,0.4,0.6,0.2,1.9,1.8,1.5,0.3,0.6,0.1,8.0,2.5,1.1,2.2,-0.8,-0.19999999999999996,0.0,0.19999999999999996,-0.10000000000000009,-0.19999999999999996,-0.5,0.4,0.39999999999999997,0.0,0.0,-0.2,0.0,-1.0,2022-23,20230212|Aston Villa|Manchester City,3,1,4,home
2023-02-12,Leeds United,Manchester United,0.32914637345033565,0.6,1.0,1.4,-0.4,0.0,0.6,1.0,1.5,1.8,-0.3,0.2,0.4,4.0,1.6,1.8,1.6,0.2,0.4,0.4,2.0,1.9,1.2,0.7,0.6,0.2,4.0,1.3,1.7,0.1,-0.1,-1.0,-1.0,-0.8,-0.3999999999999999,-0.20000000000000018,0.6000000000000001,-0.6000000000000001,-1.0,-0.4,-0.39999999999999997,0.19999999999999996,0.2,0.0,2022-23,20230212|Manchester United|Leeds United,0,2,2,away
2023-02-13,Liverpool,Everton,0.8553156798173142,0.8,0.6,2.0,-1.4,0.2,0.2,1.3,1.2,1.6,-0.4,0.4,0.1,9.0,0.8,0.8,1.8,-1.0,0.2,0.2,0.8,0.8,1.6,-0.8,0.2,0.2,9.0,2.1,0.7,1.4,-0.8,0.0,0.5,-0.20000000000000007,0.3999999999999999,0.19999999999999996,0.0,-0.3999999999999999,0.4,0.0,0.2,0.0,-0.1,0.0,2022-23,20230213|Everton|Liverpool,2,0,2,home
2023-02-15,Arsenal,Manchester City,0.5165337338989627,1.6,1.2,0.8,0.4,0.4,0.4,2.3,2.1,0.7,1.4,0.7,0.2,4.0,1.8,2.2,1.2,1.0,0.6,0.0,1.9,1.9,1.1,0.8,0.6,0.1,3.0,2.6,1.7,1.5,0.6,-0.19999999999999996,0.3999999999999999,-1.0000000000000002,0.20000000000000018,-0.3999999999999999,-0.40000000000000013,-0.6,0.5999999999999999,-0.19999999999999996,0.09999999999999998,0.4,0.1,1.0,2022-23,20230215|Manchester City|Arsenal,1,3,4,away
2023-02-18,Aston Villa,Arsenal,0.32417304532103247,1.4,1.4,1.8,-0.4,0.4,0.2,1.6,1.5,1.8,-0.3,0.5,0.1,6.0,1.4,1.4,1.4,0.0,0.4,0.2,2.0,1.7,1.0,0.7,0.6,0.2,3.0,1.4,2.2,0.1,1.1,0.0,-0.3999999999999999,0.0,-0.19999999999999996,0.40000000000000013,0.8,-0.4,-1.0,0.0,-0.09999999999999998,0.0,-0.1,3.0,2022-23,20230218|Arsenal|Aston Villa,2,4,6,away
2023-02-18,Wolverhampton Wanderers,Bournemouth,0.6411429708008491,2.0,1.4,1.0,0.4,0.6,0.2,1.4,1.2,1.3,-0.1,0.4,0.2,7.0,0.4,0.4,1.6,-1.2,0.0,0.4,0.5,1.0,1.9,-0.9,0.1,0.2,7.0,1.3,0.5,-0.5,-1.9,1.6,0.8999999999999999,0.9999999999999999,0.19999999999999996,-0.6000000000000001,-0.5999999999999999,1.6,0.8,0.6,0.30000000000000004,-0.2,0.0,0.0,2022-23,20230218|Bournemouth|Wolverhampton Wanderers,0,1,1,away
2023-02-18,Brentford,Crystal Palace,0.6974205333278213,2.2,1.8,0.4,1.4,0.6,0.4,2.0,1.8,0.8,1.0,0.5,0.5,7.0,0.6,0.6,1.0,-0.4,0.0,0.6,0.9,0.7,1.4,-0.7,0.2,0.3,7.0,1.9,0.9,0.9,-0.5,1.6,1.1,1.2000000000000002,1.1,-0.6,-0.5999999999999999,1.7999999999999998,1.7,0.6,0.3,-0.19999999999999996,0.2,0.0,2022-23,20230218|Crystal Palace|Brentford,1,1,2,draw
2023-02-18,Brighton and Hove Albion,Fulham,0.7010733167249792,2.2,2.2,0.8,1.4,0.6,0.4,2.0,2.4,1.4,1.0,0.6,0.2,7.0,1.4,0.8,0.6,0.2,0.4,0.2,1.6,1.2,0.8,0.4,0.5,0.1,7.0,1.7,1.3,0.7,0.0,0.8000000000000003,0.3999999999999999,1.4000000000000001,1.2,0.20000000000000007,0.5999999999999999,1.2,0.6,0.19999999999999996,0.09999999999999998,0.2,0.1,0.0,2022-23,20230218|Fulham|Brighton and Hove Albion,0,1,1,away
2023-02-18,Everton,Leeds United,0.5540249351474632,0.6,0.6,2.0,-1.4,0.2,0.0,0.5,0.5,1.8,-1.3,0.1,0.2,5.0,0.4,0.6,1.4,-0.8,0.0,0.4,0.7,1.3,1.9,-0.6,0.1,0.4,6.0,1.1,0.5,-0.3,-0.9,0.19999999999999996,-0.19999999999999996,0.0,-0.8,0.6000000000000001,-0.09999999999999987,-0.5999999999999999,-0.7000000000000001,0.2,0.0,-0.4,-0.2,-1.0,2022-23,20230218|Leeds United|Everton,1,0,1,home
2023-02-18,Newcastle United,Liverpool,0.5553937573590609,1.4,0.6,0.4,0.2,0.2,0.8,2.0,1.5,0.3,1.2,0.5,0.5,7.0,0.8,0.6,1.8,-1.2,0.2,0.2,1.6,1.4,1.5,-0.1,0.5,0.1,5.0,2.0,0.8,1.1,-0.8,0.5999999999999999,0.3999999999999999,0.0,0.10000000000000009,-1.4,-1.2,1.4,1.3,0.0,0.0,0.6000000000000001,0.4,2.0,2022-23,20230218|Liverpool|Newcastle United,0,2,2,away
2023-02-18,Nottingham Forest,Manchester City,0.21041607631171658,2.0,1.0,0.6,0.4,0.6,0.2,1.5,0.9,1.4,-0.5,0.4,0.3,7.0,2.4,2.6,1.0,1.6,0.8,0.0,1.9,2.0,1.1,0.9,0.6,0.1,3.0,1.5,1.7,0.1,0.6,-0.3999999999999999,-0.3999999999999999,-1.6,-1.1,-0.4,0.2999999999999998,-1.2000000000000002,-1.4,-0.20000000000000007,-0.19999999999999996,0.2,0.19999999999999998,4.0,2022-23,20230218|Manchester City|Nottingham Forest,1,1,2,draw
2023-02-18,Chelsea,Southampton,0.841242903137586,1.2,0.6,0.6,0.0,0.2,0.6,1.0,0.6,0.7,-0.1,0.2,0.4,7.0,0.6,0.6,1.6,-1.0,0.2,0.0,0.3,0.7,2.1,-1.4,0.1,0.0,7.0,1.8,0.9,0.6,-1.0,0.6,0.7,0.0,-0.09999999999999998,-1.0,-1.4000000000000001,1.0,1.2999999999999998,0.0,0.1,0.6,0.4,0.0,2022-23,20230218|Southampton|Chelsea,0,1,1,away
2023-02-19,Manchester United,Leicester City,0.7475730973879041,1.6,1.8,1.4,0.4,0.4,0.4,2.3,2.0,0.9,1.1,0.7,0.2,7.0,1.4,2.0,1.6,0.4,0.4,0.2,1.3,1.5,1.4,0.1,0.4,0.1,8.0,2.6,1.2,1.4,-0.2,0.20000000000000018,0.9999999999999998,-0.19999999999999996,0.5,-0.20000000000000018,-0.4999999999999999,0.0,1.0,0.0,0.29999999999999993,0.2,0.1,-1.0,2022-23,20230219|Leicester City|Manchester United,3,0,3,home
2023-02-19,Tottenham Hotspur,West Ham United,0.7769420981614777,1.2,1.0,2.0,-1.0,0.4,0.0,1.3,1.6,1.9,-0.3,0.4,0.1,8.0,1.2,1.2,1.0,0.2,0.2,0.6,0.6,0.8,1.5,-0.7,0.1,0.3,8.0,1.8,0.6,0.4,-0.6,0.0,0.7000000000000001,-0.19999999999999996,0.8,1.0,0.3999999999999999,-1.2,0.39999999999999997,0.2,0.30000000000000004,-0.6,-0.19999999999999998,0.0,2022-23,20230219|West Ham United|Tottenham Hotspur,2,0,2,home
2023-02-24,Fulham,Wolverhampton Wanderers,0.6788510428311317,1.4,0.6,0.4,0.2,0.4,0.2,1.9,1.2,0.6,0.6,0.6,0.1,6.0,1.8,1.2,1.0,0.2,0.6,0.0,1.3,1.1,1.3,-0.2,0.4,0.1,6.0,1.7,0.9,0.3,-0.8,-0.40000000000000013,0.5999999999999999,-0.6,0.09999999999999987,-0.6,-0.7000000000000001,0.0,0.8,-0.19999999999999996,0.19999999999999996,0.2,0.0,0.0,2022-23,20230224|Wolverhampton Wanderers|Fulham,1,1,2,draw
2023-02-25,Leicester City,Arsenal,0.32428405894795836,1.4,2.0,2.0,0.0,0.4,0.2,1.3,1.5,1.6,-0.1,0.4,0.1,6.0,1.4,1.8,1.8,0.0,0.4,0.2,2.0,2.0,1.2,0.8,0.6,0.2,7.0,1.1,2.2,0.2,1.0,0.0,-0.7,0.19999999999999996,-0.5,0.19999999999999996,0.40000000000000013,0.0,-0.9,0.0,-0.19999999999999996,0.0,-0.1,-1.0,2022-23,20230225|Arsenal|Leicester City,0,1,1,away
2023-02-25,Everton,Aston Villa,0.4893784117460746,1.2,0.6,1.2,-0.6,0.4,0.0,0.7,0.6,1.8,-1.2,0.2,0.1,7.0,1.2,1.6,2.4,-0.8,0.4,0.0,1.6,1.7,1.8,-0.1,0.5,0.1,7.0,1.3,1.1,-0.2,-0.8,0.0,-0.9000000000000001,-1.0,-1.1,-1.2,0.0,0.20000000000000007,-1.0999999999999999,0.0,-0.3,0.0,0.0,0.0,2022-23,20230225|Aston Villa|Everton,0,2,2,away
2023-02-25,Crystal Palace,Liverpool,0.33370259728173346,0.8,0.8,1.0,-0.2,0.0,0.8,0.7,0.6,1.4,-0.8,0.1,0.4,7.0,1.4,0.8,1.2,-0.4,0.4,0.2,1.9,1.5,1.3,0.2,0.6,0.1,7.0,1.3,1.0,-0.5,-0.6,-0.5999999999999999,-1.2,0.0,-0.9,-0.19999999999999996,0.09999999999999987,0.2,-1.0,-0.4,-0.5,0.6000000000000001,0.30000000000000004,0.0,2022-23,20230225|Liverpool|Crystal Palace,0,0,0,draw
2023-02-25,Bournemouth,Manchester City,0.18712932068994545,1.0,0.6,1.0,-0.4,0.2,0.4,0.8,0.9,1.6,-0.7,0.2,0.2,7.0,2.0,2.0,0.8,1.2,0.6,0.2,2.0,2.0,1.0,1.0,0.6,0.2,7.0,1.0,1.7,-0.3,0.6,-1.0,-1.2,-1.4,-1.1,0.19999999999999996,0.6000000000000001,-1.6,-1.7,-0.39999999999999997,-0.39999999999999997,0.2,0.0,0.0,2022-23,20230225|Manchester City|Bournemouth,1,4,5,away
2023-02-25,West Ham United,Nottingham Forest,0.5519560527969192,1.0,0.8,1.0,-0.2,0.2,0.4,0.6,0.8,1.6,-0.8,0.1,0.3,6.0,1.6,1.0,0.8,0.2,0.4,0.4,1.6,1.0,1.0,0.0,0.4,0.4,7.0,1.4,0.6,0.1,-2.0,-0.6000000000000001,-1.0,-0.19999999999999996,-0.19999999999999996,0.19999999999999996,0.6000000000000001,-0.4,-0.8,-0.2,-0.30000000000000004,0.0,-0.10000000000000003,-1.0,2022-23,20230225|Nottingham Forest|West Ham United,4,0,4,home
2023-02-25,Leeds United,Southampton,0.6467902179842884,0.4,0.4,1.2,-0.8,0.0,0.4,0.4,0.9,1.7,-0.8,0.0,0.4,7.0,1.2,0.8,1.4,-0.6,0.4,0.0,0.6,0.8,2.0,-1.2,0.2,0.0,7.0,1.0,0.9,-0.2,-1.0,-0.7999999999999999,-0.19999999999999996,-0.4,0.09999999999999998,-0.19999999999999996,-0.30000000000000004,-0.20000000000000007,0.3999999999999999,-0.4,-0.2,0.4,0.4,0.0,2022-23,20230225|Southampton|Leeds United,1,0,1,home
2023-02-26,Tottenham Hotspur,Chelsea,0.6784774787211422,1.8,1.4,1.6,-0.2,0.6,0.0,1.6,1.7,1.7,0.0,0.5,0.1,7.0,1.2,0.4,0.4,0.0,0.2,0.6,1.0,0.6,0.7,-0.1,0.2,0.4,8.0,1.8,1.0,0.5,-0.3,0.6000000000000001,0.6000000000000001,0.9999999999999999,1.1,1.2000000000000002,1.0,-0.2,0.1,0.39999999999999997,0.3,-0.6,-0.30000000000000004,-1.0,2022-23,20230226|Chelsea|Tottenham Hotspur,2,0,2,home
2023-03-01,Arsenal,Everton,0.8951768346569613,1.4,1.4,1.4,0.0,0.4,0.2,2.0,1.9,1.2,0.7,0.6,0.2,4.0,1.2,0.4,1.2,-0.8,0.4,0.0,0.7,0.6,1.8,-1.2,0.2,0.1,4.0,2.3,0.7,1.1,-0.9,0.19999999999999996,1.3,0.9999999999999999,1.2999999999999998,0.19999999999999996,-0.6000000000000001,0.8,1.9,0.0,0.39999999999999997,0.2,0.1,0.0,2022-23,20230301|Everton|Arsenal,4,0,4,home
2023-03-01,Liverpool,Wolverhampton Wanderers,0.8339842455313919,1.6,0.8,0.6,0.2,0.4,0.4,1.7,1.3,1.2,0.1,0.5,0.2,4.0,1.4,1.2,1.2,0.0,0.4,0.2,1.4,1.0,1.1,-0.1,0.4,0.2,5.0,2.3,1.0,1.6,-0.7,0.20000000000000018,0.30000000000000004,-0.3999999999999999,0.30000000000000004,-0.6,0.09999999999999987,0.2,0.2,0.0,0.09999999999999998,0.2,0.0,-1.0,2022-23,20230301|Wolverhampton Wanderers|Liverpool,2,0,2,home
2023-03-04,Arsenal,Bournemouth,0.8737397272699107,2.0,2.2,1.2,1.0,0.6,0.2,2.0,2.0,1.1,0.9,0.6,0.2,3.0,1.0,0.8,1.4,-0.6,0.2,0.4,0.8,0.7,1.6,-0.9,0.2,0.2,7.0,2.3,0.8,1.4,-0.9,1.0,1.2,1.4000000000000001,1.3,-0.19999999999999996,-0.5,1.6,1.8,0.39999999999999997,0.39999999999999997,-0.2,0.0,-4.0,2022-23,20230304|Bournemouth|Arsenal,3,2,5,home
2023-03-04,Aston Villa,Crystal Palace,0.6079953529658031,1.2,1.6,2.2,-0.6,0.4,0.0,1.6,1.6,1.7,-0.1,0.5,0.1,7.0,0.8,0.6,0.8,-0.2,0.0,0.8,0.8,0.6,1.3,-0.7,0.1,0.5,7.0,1.4,0.9,0.0,-0.5,0.3999999999999999,0.8,1.0,1.0,1.4000000000000001,0.3999999999999999,-0.39999999999999997,0.6,0.4,0.4,-0.8,-0.4,0.0,2022-23,20230304|Crystal Palace|Aston Villa,1,0,1,home
2023-03-04,Chelsea,Leeds United,0.7439581395539375,0.6,0.2,0.8,-0.6,0.0,0.6,1.0,0.6,0.8,-0.2,0.2,0.4,6.0,0.8,0.6,1.2,-0.6,0.2,0.2,0.7,0.7,1.3,-0.6,0.1,0.4,7.0,1.7,0.5,0.5,-0.9,-0.20000000000000007,0.30000000000000004,-0.39999999999999997,-0.09999999999999998,-0.3999999999999999,-0.5,0.0,0.39999999999999997,-0.2,0.1,0.39999999999999997,0.0,-1.0,2022-23,20230304|Leeds United|Chelsea,1,0,1,home
2023-03-04,Southampton,Leicester City,0.40851058109836,0.6,0.4,1.4,-1.0,0.2,0.0,0.6,0.7,1.7,-1.0,0.2,0.0,7.0,1.4,2.0,1.8,0.2,0.4,0.2,1.0,1.3,1.7,-0.4,0.3,0.1,7.0,0.5,1.2,-0.9,-0.4,-0.7999999999999999,-0.4,-1.6,-0.6000000000000001,-0.40000000000000013,0.0,-1.2,-0.6,-0.2,-0.09999999999999998,-0.2,-0.1,0.0,2022-23,20230304|Leicester City|Southampton,1,0,1,home
2023-03-04,Manchester City,Newcastle United,0.7856421027358702,2.0,2.2,1.0,1.2,0.6,0.2,2.0,2.1,1.0,1.1,0.6,0.2,7.0,1.2,0.6,0.8,-0.2,0.2,0.6,1.7,1.1,0.5,0.6,0.4,0.5,14.0,2.5,1.7,2.2,0.9,0.8,0.30000000000000004,1.6,1.0,0.19999999999999996,0.5,1.4,0.5000000000000001,0.39999999999999997,0.19999999999999996,-0.39999999999999997,-0.3,-7.0,2022-23,20230304|Newcastle United|Manchester City,2,0,2,home
2023-03-04,Wolverhampton Wanderers,Tottenham Hotspur,0.334509079504272,1.4,1.2,1.0,0.2,0.4,0.2,1.4,1.0,1.1,-0.1,0.4,0.2,3.0,2.4,1.4,0.8,0.6,0.8,0.0,1.6,1.5,1.4,0.1,0.5,0.1,6.0,1.2,1.4,-0.6,-0.2,-1.0,-0.20000000000000018,-0.19999999999999996,-0.5,0.19999999999999996,-0.2999999999999998,-0.39999999999999997,-0.2,-0.4,-0.09999999999999998,0.2,0.1,-3.0,2022-23,20230304|Tottenham Hotspur|Wolverhampton Wanderers,1,0,1,home
2023-03-04,Brighton and Hove Albion,West Ham United,0.7037335532637512,1.6,1.4,0.8,0.6,0.4,0.4,1.7,2.0,1.4,0.6,0.5,0.2,14.0,1.6,1.6,0.8,0.8,0.4,0.4,0.9,1.1,1.4,-0.3,0.2,0.3,7.0,1.6,0.3,0.6,-0.9,0.0,0.7999999999999999,-0.20000000000000018,0.8999999999999999,0.0,0.0,-0.20000000000000007,0.8999999999999999,0.0,0.3,0.0,-0.09999999999999998,7.0,2022-23,20230304|West Ham United|Brighton and Hove Albion,4,0,4,home
2023-03-05,Nottingham Forest,Everton,0.6893885271876765,1.0,0.6,1.6,-1.0,0.2,0.4,1.5,0.8,1.2,-0.4,0.4,0.3,8.0,1.2,0.4,1.6,-1.2,0.4,0.0,0.7,0.6,1.9,-1.3,0.2,0.1,4.0,1.6,0.6,0.3,-1.3,-0.19999999999999996,0.8,0.19999999999999996,0.20000000000000007,0.0,-0.7,0.19999999999999996,0.9,-0.2,0.2,0.4,0.19999999999999998,4.0,2022-23,20230305|Everton|Nottingham Forest,2,2,4,draw
2023-03-05,Liverpool,Manchester United,0.6279555307788021,2.0,1.2,0.6,0.6,0.6,0.2,1.7,1.2,1.1,0.1,0.5,0.2,4.0,2.0,2.2,1.2,1.0,0.6,0.2,2.3,2.1,0.8,1.3,0.7,0.2,14.0,2.3,1.7,0.9,0.0,0.0,-0.5999999999999999,-1.0000000000000002,-0.9000000000000001,-0.6,0.30000000000000004,-0.4,-1.2,0.0,-0.19999999999999996,0.0,0.0,-10.0,2022-23,20230305|Manchester United|Liverpool,7,0,7,home
2023-03-06,Brentford,Fulham,0.657656390003776,1.8,1.4,0.4,1.0,0.4,0.6,2.0,1.8,0.8,1.0,0.5,0.5,16.0,1.6,0.8,0.4,0.4,0.4,0.4,2.0,1.2,0.5,0.7,0.6,0.2,10.0,1.9,1.6,0.9,0.2,0.19999999999999996,0.0,0.5999999999999999,0.6000000000000001,0.0,0.30000000000000004,0.6,0.30000000000000004,0.0,-0.09999999999999998,0.19999999999999996,0.3,6.0,2022-23,20230306|Fulham|Brentford,3,2,5,home
2023-03-11,Everton,Brentford,0.3596155724955784,0.8,0.6,2.0,-1.4,0.2,0.2,0.8,0.7,1.9,-1.2,0.2,0.2,6.0,1.8,1.6,0.8,0.8,0.4,0.6,2.2,1.9,0.8,1.1,0.6,0.4,5.0,1.2,1.1,-0.4,-0.6,-1.0,-1.4000000000000001,-1.0,-1.2,1.2,1.0999999999999999,-2.2,-2.3,-0.2,-0.39999999999999997,-0.39999999999999997,-0.2,1.0,2022-23,20230311|Brentford|Everton,1,0,1,home
2023-03-11,Leeds United,Brighton and Hove Albion,0.3825860284333399,0.8,0.6,1.2,-0.6,0.2,0.2,0.7,0.6,1.1,-0.5,0.1,0.4,7.0,1.6,1.6,0.8,0.8,0.4,0.4,1.7,2.1,1.2,0.9,0.5,0.2,7.0,1.0,1.5,-0.4,0.3,-0.8,-1.0,-1.0,-1.5,0.3999999999999999,-0.09999999999999987,-1.4,-1.4,-0.2,-0.4,-0.2,0.2,0.0,2022-23,20230311|Brighton and Hove Albion|Leeds United,2,2,4,draw
2023-03-11,Leicester City,Chelsea,0.48869043834256926,1.2,1.6,1.6,0.0,0.4,0.0,0.7,1.1,1.8,-0.7,0.2,0.1,7.0,1.0,0.4,0.8,-0.4,0.2,0.4,1.0,0.5,0.8,-0.3,0.2,0.4,7.0,1.1,1.0,0.2,-0.4,0.19999999999999996,-0.30000000000000004,1.2000000000000002,0.6000000000000001,0.8,1.0,0.4,-0.39999999999999997,0.2,0.0,-0.4,-0.30000000000000004,0.0,2022-23,20230311|Chelsea|Leicester City,1,3,4,away
2023-03-11,Bournemouth,Liverpool,0.25661765862823127,0.8,1.0,1.8,-0.8,0.2,0.2,0.5,0.6,1.9,-1.3,0.1,0.2,7.0,2.6,2.6,0.0,2.6,0.8,0.2,1.7,1.6,1.0,0.6,0.5,0.2,6.0,1.0,1.1,-0.3,-0.5,-1.8,-1.2,-1.6,-1.0,1.8,0.8999999999999999,-3.4000000000000004,-1.9,-0.6000000000000001,-0.4,0.0,0.0,1.0,2022-23,20230311|Liverpool|Bournemouth,1,0,1,home
2023-03-11,Crystal Palace,Manchester City,0.2060992740934805,0.6,0.6,1.0,-0.4,0.0,0.6,0.8,0.6,1.1,-0.5,0.1,0.5,7.0,2.6,2.6,0.8,1.8,0.8,0.2,2.2,2.2,0.9,1.3,0.7,0.1,7.0,1.3,1.9,-0.5,0.9,-2.0,-1.4000000000000001,-2.0,-1.6,0.19999999999999996,0.20000000000000007,-2.2,-1.8,-0.8,-0.6,0.39999999999999997,0.4,0.0,2022-23,20230311|Manchester City|Crystal Palace,0,1,1,away
2023-03-11,Tottenham Hotspur,Nottingham Forest,0.7735821760619067,1.8,1.2,1.0,0.2,0.6,0.0,1.5,1.3,1.3,0.0,0.5,0.0,7.0,1.0,0.8,1.8,-1.0,0.2,0.4,1.3,0.9,1.4,-0.5,0.3,0.4,6.0,1.8,0.5,0.6,-2.4,0.8,0.19999999999999996,0.3999999999999999,0.4,-0.8,-0.09999999999999987,1.2,0.5,0.39999999999999997,0.2,-0.4,-0.4,1.0,2022-23,20230311|Nottingham Forest|Tottenham Hotspur,3,1,4,home
2023-03-12,Fulham,Arsenal,0.2960700028355874,1.6,1.2,0.8,0.4,0.4,0.4,1.7,1.1,0.8,0.3,0.5,0.2,6.0,2.4,2.6,1.4,1.2,0.8,0.0,2.0,1.9,1.1,0.8,0.6,0.2,8.0,1.5,2.5,0.2,1.3,-0.7999999999999998,-0.30000000000000004,-1.4000000000000001,-0.7999999999999998,-0.5999999999999999,-0.30000000000000004,-0.7999999999999999,-0.5,-0.4,-0.09999999999999998,0.4,0.0,-2.0,2022-23,20230312|Arsenal|Fulham,0,3,3,away
2023-03-12,West Ham United,Aston Villa,0.5219581167196901,1.0,1.2,1.6,-0.4,0.2,0.4,0.9,1.1,1.6,-0.5,0.2,0.3,8.0,1.2,1.6,2.2,-0.6,0.4,0.0,1.6,1.5,1.6,-0.1,0.5,0.1,8.0,1.7,1.4,0.7,-0.4,-0.19999999999999996,-0.7000000000000001,-0.40000000000000013,-0.3999999999999999,-0.6000000000000001,0.0,0.19999999999999996,-0.4,-0.2,-0.3,0.4,0.19999999999999998,0.0,2022-23,20230312|Aston Villa|West Ham United,1,1,2,draw
2023-03-12,Manchester United,Southampton,0.8583044903961847,2.0,1.8,2.0,-0.2,0.6,0.2,2.0,1.8,1.5,0.3,0.6,0.2,7.0,1.2,0.6,1.2,-0.6,0.4,0.0,0.9,0.7,1.4,-0.7,0.3,0.0,8.0,2.6,0.9,1.6,-1.0,0.8,1.1,1.2000000000000002,1.1,0.8,0.10000000000000009,0.39999999999999997,1.0,0.19999999999999996,0.3,0.2,0.2,-1.0,2022-23,20230312|Southampton|Manchester United,0,0,0,draw
2023-03-12,Newcastle United,Wolverhampton Wanderers,0.765644323100432,0.6,0.4,1.2,-0.8,0.0,0.6,1.4,0.7,0.6,0.1,0.3,0.5,8.0,1.4,0.8,1.0,-0.2,0.4,0.2,1.4,0.9,1.0,-0.1,0.4,0.2,8.0,1.9,0.9,0.9,-0.9,-0.7999999999999999,0.0,-0.4,-0.20000000000000007,0.19999999999999996,-0.4,-0.6000000000000001,0.2,-0.4,-0.10000000000000003,0.39999999999999997,0.3,0.0,2022-23,20230312|Wolverhampton Wanderers|Newcastle United,2,1,3,home
2023-03-15,Southampton,Brentford,0.3719059557155683,1.4,0.6,0.6,0.0,0.4,0.2,1.0,0.6,1.1,-0.5,0.3,0.1,3.0,1.6,1.6,1.0,0.6,0.4,0.4,1.9,1.7,0.8,0.9,0.5,0.4,4.0,0.8,1.1,-0.7,-0.6,-0.20000000000000018,-0.8999999999999999,-1.0,-1.1,-0.4,0.30000000000000004,-0.6,-1.4,0.0,-0.2,-0.2,-0.30000000000000004,-1.0,2022-23,20230315|Brentford|Southampton,0,2,2,away
2023-03-15,Brighton and Hove Albion,Crystal Palace,0.7113027870571694,1.6,1.6,0.8,0.8,0.4,0.4,1.8,2.2,1.2,1.0,0.5,0.3,4.0,0.6,0.4,0.8,-0.4,0.0,0.6,0.5,0.4,1.2,-0.8,0.0,0.5,4.0,1.6,0.9,0.9,-0.4,1.0,1.3,1.2000000000000002,1.8000000000000003,0.0,0.0,1.2000000000000002,1.8,0.4,0.5,-0.19999999999999996,-0.2,0.0,2022-23,20230315|Crystal Palace|Brighton and Hove Albion,1,0,1,home
2023-03-17,Nottingham Forest,Newcastle United,0.3754314968290709,0.4,0.8,2.4,-1.6,0.0,0.4,1.3,1.0,1.4,-0.4,0.3,0.4,6.0,1.0,0.8,1.4,-0.6,0.2,0.4,1.4,0.8,0.7,0.1,0.3,0.5,5.0,1.7,1.6,0.4,0.7,-0.6,-0.09999999999999987,0.0,0.19999999999999996,1.0,0.7,-1.0,-0.5,-0.2,0.0,0.0,-0.09999999999999998,1.0,2022-23,20230317|Newcastle United|Nottingham Forest,1,2,3,away
2023-03-18,Aston Villa,Bournemouth,0.6670702492944445,1.4,1.4,1.6,-0.2,0.4,0.2,1.7,1.5,1.4,0.1,0.5,0.2,6.0,1.4,1.2,1.6,-0.4,0.4,0.2,0.8,0.7,1.7,-1.0,0.2,0.2,7.0,1.6,0.5,0.1,-1.1,0.0,0.8999999999999999,0.19999999999999996,0.8,0.0,-0.30000000000000004,0.2,1.1,0.0,0.3,0.0,0.0,-1.0,2022-23,20230318|Bournemouth|Aston Villa,3,0,3,home
2023-03-18,Chelsea,Everton,0.7762349456312534,1.4,1.0,1.0,0.0,0.4,0.2,1.2,0.7,0.8,-0.1,0.3,0.3,7.0,1.4,0.8,1.6,-0.8,0.4,0.2,1.0,0.7,1.8,-1.1,0.3,0.1,7.0,1.7,0.6,0.5,-1.3,0.0,0.19999999999999996,0.19999999999999996,0.0,-0.6000000000000001,-1.0,0.8,1.0,0.0,0.0,0.0,0.19999999999999998,0.0,2022-23,20230318|Everton|Chelsea,2,2,4,draw
2023-03-18,Wolverhampton Wanderers,Leeds United,0.6404910468631523,0.8,0.6,1.2,-0.6,0.2,0.2,1.4,1.0,1.1,-0.1,0.4,0.2,6.0,0.8,0.6,1.2,-0.6,0.2,0.2,0.7,0.8,1.3,-0.5,0.1,0.4,7.0,1.2,0.5,-0.6,-0.7,0.0,0.7,0.0,0.19999999999999996,0.0,-0.19999999999999996,0.0,0.4,0.0,0.30000000000000004,0.0,-0.2,-1.0,2022-23,20230318|Leeds United|Wolverhampton Wanderers,2,4,6,away
2023-03-18,Brentford,Leicester City,0.7126054876249487,1.6,1.4,1.0,0.4,0.4,0.4,2.1,1.7,0.6,1.1,0.6,0.3,3.0,0.6,1.0,1.8,-0.8,0.2,0.0,0.7,1.2,1.8,-0.6,0.2,0.1,7.0,1.9,1.2,0.7,-0.2,1.0,1.4000000000000001,0.3999999999999999,0.5,-0.8,-1.2000000000000002,1.2000000000000002,1.7000000000000002,0.2,0.39999999999999997,0.4,0.19999999999999998,-4.0,2022-23,20230318|Leicester City|Brentford,1,1,2,draw
2023-03-18,Southampton,Tottenham Hotspur,0.26900494741606856,1.4,0.4,0.6,-0.2,0.4,0.2,1.0,0.5,1.1,-0.6,0.3,0.1,3.0,1.8,1.6,1.2,0.4,0.6,0.0,1.8,1.6,1.2,0.4,0.6,0.0,7.0,0.5,1.3,-1.0,-0.3,-0.40000000000000013,-0.8,-1.2000000000000002,-1.1,-0.6,-0.09999999999999987,-0.6000000000000001,-1.0,-0.19999999999999996,-0.3,0.2,0.1,-4.0,2022-23,20230318|Tottenham Hotspur|Southampton,3,3,6,draw
2023-03-19,Arsenal,Crystal Palace,0.8651746078768762,3.0,3.0,0.8,2.2,1.0,0.0,2.2,2.2,1.1,1.1,0.7,0.1,7.0,0.4,0.2,0.8,-0.6,0.0,0.4,0.5,0.4,0.9,-0.5,0.0,0.5,4.0,2.3,0.8,1.4,-0.5,2.6,1.7000000000000002,2.8,1.8000000000000003,0.0,0.20000000000000007,2.8000000000000003,1.6,1.0,0.7,-0.4,-0.4,3.0,2022-23,20230319|Crystal Palace|Arsenal,4,1,5,home
2023-04-01,Chelsea,Aston Villa,0.6454128100474135,1.4,1.2,1.2,0.0,0.4,0.2,1.3,0.9,0.9,0.0,0.3,0.4,14.0,2.0,1.8,1.0,0.8,0.6,0.2,1.7,1.6,1.4,0.2,0.5,0.2,14.0,1.5,1.5,0.4,-0.3,-0.6000000000000001,-0.3999999999999999,-0.6000000000000001,-0.7000000000000001,0.19999999999999996,-0.4999999999999999,-0.8,-0.2,-0.19999999999999996,-0.2,0.0,0.2,0.0,2022-23,20230401|Aston Villa|Chelsea,0,2,2,away
2023-04-01,Brighton and Hove Albion,Brentford,0.6182840245905301,1.6,1.6,0.8,0.8,0.4,0.4,1.8,2.0,1.1,0.9,0.5,0.3,17.0,1.6,1.4,1.0,0.4,0.4,0.4,1.9,1.6,0.7,0.9,0.5,0.4,14.0,1.6,1.3,0.7,-0.4,0.0,-0.09999999999999987,0.20000000000000018,0.3999999999999999,-0.19999999999999996,0.40000000000000013,0.4,0.0,0.0,0.0,0.0,-0.10000000000000003,3.0,2022-23,20230401|Brentford|Brighton and Hove Albion,3,3,6,draw
2023-04-01,Bournemouth,Fulham,0.5307569623757604,1.2,1.0,2.0,-1.0,0.4,0.0,0.8,0.7,1.8,-1.1,0.2,0.2,14.0,1.4,1.2,1.4,-0.2,0.4,0.2,1.4,0.9,1.0,-0.1,0.4,0.2,20.0,1.2,1.6,-0.2,0.2,-0.19999999999999996,-0.5999999999999999,-0.19999999999999996,-0.20000000000000007,0.6000000000000001,0.8,-0.8,-1.0,0.0,-0.2,-0.2,0.0,-6.0,2022-23,20230401|Fulham|Bournemouth,2,1,3,home
2023-04-01,Arsenal,Leeds United,0.8831549501491811,3.0,3.0,0.6,2.4,1.0,0.0,2.2,2.4,1.2,1.2,0.7,0.1,13.0,1.4,1.4,1.2,0.2,0.4,0.2,0.9,1.0,1.3,-0.3,0.2,0.3,14.0,2.3,0.8,1.5,-0.4,1.6,1.3000000000000003,1.6,1.4,-0.6,-0.10000000000000009,2.1999999999999997,1.5,0.6,0.49999999999999994,-0.2,-0.19999999999999998,-1.0,2022-23,20230401|Leeds United|Arsenal,4,1,5,home
2023-04-01,Crystal Palace,Leicester City,0.578154868108121,0.2,0.2,1.4,-1.2,0.0,0.2,0.5,0.5,1.2,-0.7,0.0,0.5,13.0,0.2,0.4,1.8,-1.4,0.0,0.2,0.8,1.2,1.7,-0.5,0.2,0.2,14.0,1.3,1.3,-0.5,0.2,0.0,-0.30000000000000004,-0.2,-0.7,-0.40000000000000013,-0.5,0.19999999999999996,-0.19999999999999996,0.0,-0.2,0.0,0.3,-1.0,2022-23,20230401|Leicester City|Crystal Palace,2,1,3,home
2023-04-01,Manchester City,Liverpool,0.7413149830514041,2.6,2.2,0.6,1.6,0.8,0.2,2.2,2.2,0.9,1.3,0.7,0.1,21.0,2.0,2.2,0.2,2.0,0.6,0.2,1.4,1.4,1.0,0.4,0.4,0.2,21.0,2.5,1.0,1.8,-0.6,0.6000000000000001,0.8000000000000003,0.0,0.8000000000000003,0.39999999999999997,-0.09999999999999998,-0.3999999999999999,0.9,0.20000000000000007,0.29999999999999993,0.0,-0.1,0.0,2022-23,20230401|Liverpool|Manchester City,4,1,5,home
2023-04-01,Nottingham Forest,Wolverhampton Wanderers,0.6046504627755741,0.4,1.0,2.4,-1.4,0.0,0.4,1.2,1.0,1.5,-0.5,0.3,0.3,15.0,0.8,1.0,1.8,-0.8,0.2,0.2,1.3,1.1,1.4,-0.3,0.4,0.1,14.0,1.7,0.9,0.4,-0.8,-0.4,-0.10000000000000009,0.0,-0.10000000000000009,0.5999999999999999,0.10000000000000009,-0.5999999999999999,-0.2,-0.2,-0.10000000000000003,0.2,0.19999999999999998,1.0,2022-23,20230401|Wolverhampton Wanderers|Nottingham Forest,1,1,2,draw
2023-04-02,Newcastle United,Manchester United,0.5903447413117687,1.4,1.0,1.4,-0.4,0.4,0.2,1.4,0.7,0.8,-0.1,0.3,0.5,16.0,1.6,1.4,1.8,-0.4,0.4,0.4,1.8,1.7,1.5,0.2,0.5,0.3,21.0,2.1,1.4,1.0,-0.8,-0.20000000000000018,-0.40000000000000013,-0.3999999999999999,-1.0,-0.40000000000000013,-0.7,0.0,-0.30000000000000004,0.0,-0.2,-0.2,0.2,-5.0,2022-23,20230402|Manchester United|Newcastle United,2,0,2,home
2023-04-02,West Ham United,Southampton,0.6906200379483762,1.0,1.2,1.6,-0.4,0.2,0.4,1.0,1.1,1.4,-0.3,0.2,0.4,21.0,1.0,0.8,1.2,-0.4,0.2,0.4,1.1,0.8,1.3,-0.5,0.3,0.2,15.0,1.7,1.0,0.7,-0.9,0.0,-0.10000000000000009,0.3999999999999999,0.30000000000000004,0.40000000000000013,0.09999999999999987,0.0,0.2,0.0,-0.09999999999999998,0.0,0.2,6.0,2022-23,20230402|Southampton|West Ham United,1,0,1,home
2023-04-03,Everton,Tottenham Hotspur,0.32724007463045696,1.0,1.0,2.0,-1.0,0.2,0.4,1.1,0.8,1.6,-0.8,0.3,0.2,16.0,2.0,2.0,1.0,1.0,0.6,0.2,1.6,1.5,1.5,0.0,0.5,0.1,16.0,1.2,1.4,-0.4,-0.1,-1.0,-0.5,-1.0,-0.7,1.0,0.10000000000000009,-2.0,-0.8,-0.39999999999999997,-0.2,0.2,0.1,0.0,2022-23,20230403|Tottenham Hotspur|Everton,1,1,2,draw
2023-04-04,Leicester City,Aston Villa,0.4759628896565913,0.2,0.6,1.6,-1.0,0.0,0.2,0.8,1.3,1.8,-0.5,0.2,0.2,3.0,2.6,1.8,0.2,1.6,0.8,0.2,1.9,1.7,1.3,0.4,0.6,0.1,3.0,1.1,1.7,0.1,-0.1,-2.4,-1.0999999999999999,-1.2000000000000002,-0.3999999999999999,1.4000000000000001,0.5,-2.6,-0.9,-0.8,-0.39999999999999997,0.0,0.1,0.0,2022-23,20230404|Aston Villa|Leicester City,1,2,3,away
2023-04-04,Bournemouth,Brighton and Hove Albion,0.4325414540719969,1.2,1.2,2.2,-1.0,0.4,0.0,1.1,0.9,1.6,-0.7,0.3,0.2,3.0,1.6,2.0,1.2,0.8,0.4,0.4,1.9,2.1,1.0,1.1,0.5,0.4,3.0,1.4,1.3,-0.1,0.1,-0.40000000000000013,-0.7999999999999998,-0.8,-1.2000000000000002,1.0000000000000002,0.6000000000000001,-1.8,-1.8,0.0,-0.2,-0.4,-0.2,0.0,2022-23,20230404|Brighton and Hove Albion|Bournemouth,0,2,2,away
2023-04-04,Chelsea,Liverpool,0.428635814775464,1.4,1.2,1.4,-0.2,0.4,0.2,1.3,0.8,0.9,-0.1,0.3,0.4,3.0,1.4,2.0,1.0,1.0,0.4,0.2,1.4,1.4,1.1,0.3,0.4,0.2,3.0,1.2,1.0,-0.1,-0.8,0.0,-0.09999999999999987,-0.8,-0.5999999999999999,0.3999999999999999,-0.20000000000000007,-1.2,-0.4,0.0,-0.10000000000000003,0.0,0.2,0.0,2022-23,20230404|Liverpool|Chelsea,0,0,0,draw
2023-04-04,Leeds United,Nottingham Forest,0.5822667981252994,1.4,1.6,1.8,-0.2,0.4,0.2,0.9,1.0,1.5,-0.5,0.2,0.3,3.0,0.4,1.0,2.4,-1.4,0.0,0.4,1.0,1.0,1.6,-0.6,0.2,0.4,3.0,1.0,0.5,-0.4,-2.0,0.9999999999999999,-0.09999999999999998,0.6000000000000001,0.0,-0.5999999999999999,-0.10000000000000009,1.2,0.09999999999999998,0.4,0.0,-0.2,-0.10000000000000003,0.0,2022-23,20230404|Nottingham Forest|Leeds United,2,1,3,home
2023-04-05,Manchester United,Brentford,0.6644516874650417,1.4,1.0,1.8,-0.8,0.4,0.2,1.5,1.4,1.7,-0.3,0.4,0.3,3.0,1.6,1.8,1.4,0.4,0.4,0.4,1.7,1.6,0.9,0.7,0.4,0.5,4.0,2.4,1.3,1.4,-0.4,-0.20000000000000018,-0.19999999999999996,-0.8,-0.20000000000000018,0.40000000000000013,0.7999999999999999,-1.2000000000000002,-1.0,0.0,0.0,-0.2,-0.2,-1.0,2022-23,20230405|Brentford|Manchester United,1,0,1,home
2023-04-05,West Ham United,Newcastle United,0.36114162336963346,1.4,1.2,1.4,-0.2,0.4,0.2,1.3,1.2,1.2,0.0,0.3,0.4,3.0,1.8,1.2,1.2,0.0,0.6,0.0,1.6,0.9,0.8,0.1,0.4,0.4,3.0,1.7,1.9,0.6,0.9,-0.40000000000000013,-0.30000000000000004,0.0,0.29999999999999993,0.19999999999999996,0.3999999999999999,-0.2,-0.1,-0.19999999999999996,-0.10000000000000003,0.2,0.0,0.0,2022-23,20230405|Newcastle United|West Ham United,1,5,6,away
2023-04-08,Leicester City,Bournemouth,0.5958232451731638,0.2,0.8,1.8,-1.0,0.0,0.2,0.8,1.4,1.8,-0.4,0.2,0.2,4.0,1.2,1.0,1.8,-0.8,0.4,0.0,1.1,0.9,1.6,-0.7,0.3,0.2,4.0,0.8,0.4,-0.4,-1.4,-1.0,-0.30000000000000004,-0.19999999999999996,0.4999999999999999,0.0,0.19999999999999996,-0.19999999999999996,0.29999999999999993,-0.4,-0.09999999999999998,0.2,0.0,0.0,2022-23,20230408|Bournemouth|Leicester City,0,1,1,away
2023-04-08,Tottenham Hotspur,Brighton and Hove Albion,0.6295079472971232,1.6,1.8,1.2,0.6,0.4,0.4,1.7,1.6,1.4,0.2,0.5,0.2,5.0,2.2,2.4,1.0,1.4,0.6,0.4,1.9,1.9,0.9,1.0,0.5,0.4,4.0,1.8,1.6,0.4,0.4,-0.6000000000000001,-0.19999999999999996,-0.5999999999999999,-0.2999999999999998,0.19999999999999996,0.4999999999999999,-0.7999999999999999,-0.8,-0.19999999999999996,0.0,0.0,-0.2,1.0,2022-23,20230408|Brighton and Hove Albion|Tottenham Hotspur,2,1,3,home
2023-04-08,Wolverhampton Wanderers,Chelsea,0.4456884909674214,0.8,1.0,1.8,-0.8,0.2,0.2,1.1,1.1,1.5,-0.4,0.3,0.2,7.0,1.6,1.2,1.0,0.2,0.4,0.4,1.1,0.7,0.9,-0.2,0.2,0.5,4.0,1.2,1.0,-0.5,-0.3,-0.8,0.0,-0.19999999999999996,0.40000000000000013,0.8,0.6,-1.0,-0.2,-0.2,0.09999999999999998,-0.2,-0.3,3.0,2022-23,20230408|Chelsea|Wolverhampton Wanderers,1,0,1,home
2023-04-08,Manchester United,Everton,0.8140875451138445,1.4,0.8,1.8,-1.0,0.4,0.2,1.5,1.3,1.6,-0.3,0.4,0.3,3.0,1.2,1.2,1.8,-0.6,0.2,0.6,1.2,0.8,1.5,-0.7,0.3,0.3,5.0,2.6,0.4,1.5,-1.4,0.19999999999999996,0.30000000000000004,-0.3999999999999999,0.5,0.0,0.10000000000000009,-0.4,0.39999999999999997,0.2,0.10000000000000003,-0.39999999999999997,0.0,-2.0,2022-23,20230408|Everton|Manchester United,2,0,2,home
2023-04-08,Southampton,Manchester City,0.11825129061577704,1.0,0.8,1.2,-0.4,0.2,0.4,0.8,0.6,1.3,-0.7,0.2,0.2,6.0,2.6,2.4,0.6,1.8,0.8,0.2,2.5,2.5,0.8,1.7,0.8,0.1,7.0,0.6,1.9,-0.9,0.7,-1.6,-1.7,-1.5999999999999999,-1.9,0.6,0.5,-2.2,-2.4,-0.6000000000000001,-0.6000000000000001,0.2,0.1,-1.0,2022-23,20230408|Manchester City|Southampton,1,4,5,away
2023-04-08,Brentford,Newcastle United,0.4520979203295405,1.0,1.2,1.2,0.0,0.2,0.4,1.4,1.4,1.0,0.4,0.3,0.5,3.0,2.4,2.2,1.0,1.2,0.8,0.0,1.8,1.4,0.9,0.5,0.5,0.3,3.0,2.0,1.9,1.0,1.0,-1.4,-0.40000000000000013,-1.0000000000000002,0.0,0.19999999999999996,0.09999999999999998,-1.2,-0.09999999999999998,-0.6000000000000001,-0.2,0.4,0.2,0.0,2022-23,20230408|Newcastle United|Brentford,1,2,3,away
2023-04-08,Aston Villa,Nottingham Forest,0.7444916748339083,2.6,1.8,0.4,1.4,0.8,0.2,1.9,1.7,1.3,0.4,0.6,0.1,4.0,0.4,1.2,2.0,-0.8,0.0,0.4,0.7,0.9,1.8,-0.9,0.1,0.4,4.0,1.6,0.5,0.3,-1.7,2.2,1.2,0.6000000000000001,0.7999999999999999,-1.6,-0.5,2.2,1.3,0.8,0.5,-0.2,-0.30000000000000004,0.0,2022-23,20230408|Nottingham Forest|Aston Villa,2,0,2,home
2023-04-08,Fulham,West Ham United,0.6195220532450849,0.8,1.0,1.8,-0.8,0.2,0.2,1.1,0.9,1.2,-0.3,0.3,0.2,7.0,1.4,1.4,2.0,-0.6,0.4,0.2,1.2,1.1,1.5,-0.4,0.3,0.3,3.0,1.5,0.3,0.2,-1.2,-0.5999999999999999,-0.09999999999999987,-0.3999999999999999,-0.20000000000000007,-0.19999999999999996,-0.30000000000000004,-0.20000000000000007,0.10000000000000003,-0.2,0.0,0.0,-0.09999999999999998,4.0,2022-23,20230408|West Ham United|Fulham,0,1,1,away
2023-04-09,Liverpool,Arsenal,0.48405971406153636,1.4,2.0,1.0,1.0,0.4,0.2,1.5,1.4,0.8,0.6,0.4,0.3,5.0,3.0,3.6,0.8,2.8,1.0,0.0,2.2,2.5,1.1,1.4,0.7,0.1,8.0,2.3,2.5,1.5,1.3,-1.6,-0.7000000000000002,-1.6,-1.1,0.19999999999999996,-0.30000000000000004,-1.7999999999999998,-0.7999999999999999,-0.6,-0.29999999999999993,0.2,0.19999999999999998,-3.0,2022-23,20230409|Arsenal|Liverpool,2,2,4,draw
2023-04-09,Leeds United,Crystal Palace,0.5593546774379031,1.4,1.8,2.0,-0.2,0.4,0.2,1.1,1.2,1.6,-0.4,0.3,0.2,5.0,0.6,0.6,1.6,-1.0,0.2,0.0,0.7,0.6,1.2,-0.6,0.1,0.4,8.0,1.2,0.7,-0.3,-0.8,0.7999999999999999,0.40000000000000013,1.2000000000000002,0.6,0.3999999999999999,0.40000000000000013,0.8,0.19999999999999996,0.2,0.19999999999999998,0.2,-0.2,-3.0,2022-23,20230409|Crystal Palace|Leeds United,1,5,6,away
2023-04-15,Tottenham Hotspur,Bournemouth,0.7839946682444945,1.6,1.8,1.4,0.4,0.4,0.4,2.0,1.6,1.1,0.5,0.6,0.2,7.0,1.8,0.8,1.2,-0.4,0.6,0.0,1.3,0.9,1.5,-0.6,0.4,0.1,7.0,1.8,0.6,0.3,-1.3,-0.19999999999999996,0.7,1.0,0.7000000000000001,0.19999999999999996,-0.3999999999999999,0.8,1.1,-0.19999999999999996,0.19999999999999996,0.4,0.1,0.0,2022-23,20230415|Bournemouth|Tottenham Hotspur,2,3,5,away
2023-04-15,Wolverhampton Wanderers,Brentford,0.47917477158306115,1.4,1.2,1.4,-0.2,0.4,0.2,1.4,1.2,1.2,0.0,0.4,0.2,7.0,1.0,1.4,1.4,0.0,0.2,0.4,1.3,1.5,1.2,0.3,0.3,0.4,7.0,1.2,1.3,-0.5,-0.1,0.3999999999999999,0.09999999999999987,-0.19999999999999996,-0.30000000000000004,0.0,0.0,-0.2,-0.3,0.2,0.10000000000000003,-0.2,-0.2,0.0,2022-23,20230415|Brentford|Wolverhampton Wanderers,2,0,2,home
2023-04-15,Chelsea,Brighton and Hove Albion,0.5307911567658784,1.0,1.0,1.2,-0.2,0.2,0.4,1.0,0.7,1.0,-0.3,0.2,0.4,7.0,1.6,1.8,1.4,0.4,0.4,0.4,1.6,1.7,1.1,0.6,0.4,0.4,7.0,1.2,1.5,-0.1,0.3,-0.6000000000000001,-0.6000000000000001,-0.8,-1.0,-0.19999999999999996,-0.10000000000000009,-0.6000000000000001,-0.8999999999999999,-0.2,-0.2,0.0,0.0,0.0,2022-23,20230415|Brighton and Hove Albion|Chelsea,1,2,3,away
2023-04-15,Southampton,Crystal Palace,0.4241406329736936,0.4,0.8,2.0,-1.2,0.0,0.4,0.8,0.7,1.6,-0.9,0.2,0.2,7.0,1.2,1.6,1.6,0.0,0.4,0.0,0.9,1.1,1.3,-0.2,0.2,0.3,6.0,0.5,1.0,-1.2,-0.1,-0.7999999999999999,-0.09999999999999998,-0.8,-0.40000000000000013,0.3999999999999999,0.30000000000000004,-1.2,-0.7,-0.4,0.0,0.4,-0.09999999999999998,1.0,2022-23,20230415|Crystal Palace|Southampton,0,2,2,away
2023-04-15,Everton,Fulham,0.5401576082352245,1.2,1.2,1.4,-0.2,0.2,0.6,1.2,0.8,1.5,-0.7,0.3,0.3,7.0,0.2,0.8,2.0,-1.2,0.0,0.2,0.8,0.7,1.2,-0.5,0.2,0.2,7.0,1.3,1.3,-0.3,0.0,1.0,0.3999999999999999,0.3999999999999999,0.10000000000000009,-0.6000000000000001,0.30000000000000004,1.0,-0.19999999999999996,0.2,0.09999999999999998,0.39999999999999997,0.09999999999999998,0.0,2022-23,20230415|Fulham|Everton,1,3,4,away
2023-04-15,Manchester City,Leicester City,0.9222771700310712,3.0,3.0,0.6,2.4,1.0,0.0,2.5,2.5,0.7,1.8,0.8,0.1,7.0,0.2,0.8,1.8,-1.0,0.0,0.2,0.7,1.2,1.7,-0.5,0.2,0.1,7.0,2.5,1.3,1.8,0.2,2.8,1.8,2.2,1.3,-1.2000000000000002,-1.0,3.4,2.3,1.0,0.6000000000000001,-0.2,0.0,0.0,2022-23,20230415|Leicester City|Manchester City,3,1,4,home
2023-04-15,Aston Villa,Newcastle United,0.4553214490878772,2.6,2.0,0.4,1.6,0.8,0.2,1.9,1.8,1.3,0.5,0.6,0.1,7.0,3.0,2.6,0.8,1.8,1.0,0.0,1.8,1.5,1.0,0.5,0.5,0.3,7.0,1.9,2.1,0.7,1.1,-0.3999999999999999,0.09999999999999987,-0.6000000000000001,0.30000000000000004,-0.4,0.30000000000000004,-0.19999999999999996,0.0,-0.19999999999999996,0.09999999999999998,0.2,-0.19999999999999998,0.0,2022-23,20230415|Newcastle United|Aston Villa,3,0,3,home
2023-04-16,West Ham United,Arsenal,0.24740103198466937,1.4,0.8,2.0,-1.2,0.4,0.2,1.5,1.2,1.4,-0.2,0.4,0.3,8.0,2.6,3.2,1.2,2.0,0.8,0.2,2.3,2.7,1.2,1.5,0.7,0.2,7.0,1.4,2.3,0.0,1.2,-1.2000000000000002,-0.7999999999999998,-2.4000000000000004,-1.5000000000000002,0.8,0.19999999999999996,-3.2,-1.7,-0.4,-0.29999999999999993,0.0,0.09999999999999998,1.0,2022-23,20230416|Arsenal|West Ham United,2,2,4,draw
2023-04-16,Nottingham Forest,Manchester United,0.31639127278943724,0.2,0.8,2.0,-1.2,0.0,0.2,0.6,0.8,1.9,-1.1,0.1,0.3,8.0,1.4,0.6,1.8,-1.2,0.4,0.2,1.7,1.4,1.5,-0.1,0.5,0.2,8.0,1.7,1.4,0.4,-0.7,-1.2,-1.1,0.20000000000000007,-0.5999999999999999,0.19999999999999996,0.3999999999999999,0.0,-1.0,-0.4,-0.4,0.0,0.09999999999999998,0.0,2022-23,20230416|Manchester United|Nottingham Forest,0,2,2,away
2023-04-17,Leeds United,Liverpool,0.2824779762717056,1.4,2.0,2.8,-0.8,0.4,0.2,1.1,1.3,2.0,-0.7,0.3,0.2,8.0,1.0,2.0,1.4,0.6,0.2,0.4,1.5,1.6,1.0,0.6,0.4,0.3,8.0,1.2,1.1,-0.6,-0.7,0.3999999999999999,-0.3999999999999999,0.0,-0.30000000000000004,1.4,1.0,-1.4,-1.2999999999999998,0.2,-0.10000000000000003,-0.2,-0.09999999999999998,0.0,2022-23,20230417|Liverpool|Leeds United,1,6,7,away
2023-04-21,Arsenal,Southampton,0.9218285037054774,2.2,3.0,1.2,1.8,0.6,0.4,2.3,2.8,1.3,1.5,0.7,0.2,5.0,0.2,0.8,2.4,-1.6,0.0,0.2,0.8,0.7,1.5,-0.8,0.2,0.2,6.0,2.3,1.0,1.7,-0.6,2.0,1.4999999999999998,2.2,2.0999999999999996,-1.2,-0.19999999999999996,3.4000000000000004,2.3,0.6,0.49999999999999994,0.2,0.0,-1.0,2022-23,20230421|Southampton|Arsenal,3,3,6,draw
2023-04-22,Brentford,Aston Villa,0.5074221815575071,0.4,1.0,1.8,-0.8,0.0,0.4,1.0,1.2,1.4,-0.2,0.2,0.4,7.0,3.0,2.4,0.2,2.2,1.0,0.0,2.2,1.9,0.9,1.0,0.7,0.1,7.0,1.7,1.9,0.7,0.0,-2.6,-1.2000000000000002,-1.4,-0.7,1.6,0.4999999999999999,-3.0,-1.2,-1.0,-0.49999999999999994,0.4,0.30000000000000004,0.0,2022-23,20230422|Aston Villa|Brentford,1,1,2,draw
2023-04-22,Crystal Palace,Everton,0.719517626454542,1.8,2.0,1.4,0.6,0.6,0.0,1.2,1.2,1.1,0.1,0.3,0.3,7.0,1.0,1.0,1.6,-0.6,0.2,0.4,0.9,0.8,1.8,-1.0,0.2,0.3,7.0,1.3,0.4,-0.5,-1.4,0.8,0.29999999999999993,1.0,0.3999999999999999,-0.20000000000000018,-0.7,1.2,1.1,0.39999999999999997,0.09999999999999998,-0.4,0.0,0.0,2022-23,20230422|Everton|Crystal Palace,0,0,0,draw
2023-04-22,Fulham,Leeds United,0.6690750514231334,0.6,1.2,2.0,-0.8,0.2,0.0,1.1,1.0,1.2,-0.2,0.3,0.2,7.0,1.2,1.8,3.6,-1.8,0.4,0.0,1.0,1.2,2.4,-1.2,0.3,0.1,5.0,1.4,0.8,0.1,-0.5,-0.6,0.10000000000000009,-0.6000000000000001,-0.19999999999999996,-1.6,-1.2,1.0,1.0,-0.2,0.0,0.0,0.1,2.0,2022-23,20230422|Leeds United|Fulham,2,1,3,home
2023-04-22,Liverpool,Nottingham Forest,0.8598177936323116,1.0,1.8,1.6,0.2,0.2,0.4,1.8,2.2,0.8,1.4,0.5,0.3,5.0,0.2,0.6,1.8,-1.2,0.0,0.2,0.3,0.7,2.1,-1.4,0.0,0.3,6.0,2.3,0.5,1.5,-1.8,0.8,1.5,1.2000000000000002,1.5000000000000002,-0.19999999999999996,-1.3,1.4,2.8,0.2,0.5,0.2,0.0,-1.0,2022-23,20230422|Nottingham Forest|Liverpool,3,2,5,home
2023-04-22,Leicester City,Wolverhampton Wanderers,0.5320590742537005,0.2,0.8,1.8,-1.0,0.0,0.2,0.4,0.9,1.8,-0.9,0.1,0.1,7.0,1.4,1.4,1.4,0.0,0.4,0.2,1.4,1.1,1.2,-0.1,0.4,0.2,7.0,0.7,1.0,-0.5,-0.5,-1.2,-0.9999999999999999,-0.5999999999999999,-0.20000000000000007,0.40000000000000013,0.6000000000000001,-1.0,-0.8,-0.4,-0.30000000000000004,0.0,-0.1,0.0,2022-23,20230422|Wolverhampton Wanderers|Leicester City,2,1,3,home
2023-04-23,Newcastle United,Tottenham Hotspur,0.6490260097627425,2.4,2.2,1.2,1.0,0.8,0.0,1.7,1.5,1.3,0.2,0.5,0.2,8.0,1.6,2.2,1.8,0.4,0.4,0.4,1.7,1.7,1.4,0.3,0.5,0.2,8.0,2.3,1.2,1.2,-0.2,0.7999999999999998,0.0,0.0,-0.19999999999999996,-0.6000000000000001,-0.09999999999999987,0.6,-0.09999999999999998,0.4,0.0,-0.4,0.0,0.0,2022-23,20230423|Tottenham Hotspur|Newcastle United,6,1,7,home
2023-04-23,Bournemouth,West Ham United,0.5963777136441824,1.8,1.2,1.6,-0.4,0.6,0.0,1.6,1.2,1.6,-0.4,0.5,0.1,8.0,1.6,1.2,1.6,-0.4,0.4,0.4,1.3,1.2,1.6,-0.4,0.3,0.4,7.0,1.1,0.6,-0.4,-1.0,0.19999999999999996,0.30000000000000004,0.0,0.0,0.0,0.0,0.0,0.0,0.19999999999999996,0.2,-0.4,-0.30000000000000004,1.0,2022-23,20230423|West Ham United|Bournemouth,0,4,4,away
2023-04-25,Wolverhampton Wanderers,Crystal Palace,0.534962925162479,1.4,1.4,1.4,0.0,0.4,0.2,1.1,1.0,1.3,-0.3,0.3,0.2,3.0,2.0,2.0,1.2,0.8,0.6,0.2,1.2,1.1,1.0,0.1,0.3,0.3,3.0,1.5,1.0,0.1,0.0,-0.6000000000000001,-0.09999999999999987,-0.6000000000000001,-0.10000000000000009,0.19999999999999996,0.30000000000000004,-0.8,-0.4,-0.19999999999999996,0.0,0.0,-0.09999999999999998,0.0,2022-23,20230425|Crystal Palace|Wolverhampton Wanderers,2,0,2,home
2023-04-25,Aston Villa,Fulham,0.7160935182411763,2.6,2.0,0.4,1.6,0.8,0.2,2.3,1.9,0.7,1.2,0.7,0.2,3.0,1.2,1.2,1.6,-0.4,0.4,0.0,1.4,1.2,1.2,0.0,0.4,0.2,3.0,1.9,1.6,0.6,0.4,1.4000000000000001,0.8999999999999999,0.8,0.7,-1.2000000000000002,-0.5,2.0,1.2,0.4,0.29999999999999993,0.2,0.0,0.0,2022-23,20230425|Fulham|Aston Villa,1,0,1,home
2023-04-25,Leeds United,Leicester City,0.5470743743406683,0.6,1.2,3.6,-2.4,0.2,0.0,1.0,1.3,2.4,-1.1,0.3,0.1,3.0,0.6,1.0,1.8,-0.8,0.2,0.0,0.4,0.7,1.8,-1.1,0.1,0.1,3.0,1.2,1.0,-1.0,-0.4,0.0,0.6,0.19999999999999996,0.6000000000000001,1.8,0.5999999999999999,-1.5999999999999999,0.0,0.0,0.19999999999999998,0.0,0.0,0.0,2022-23,20230425|Leicester City|Leeds United,1,1,2,draw
2023-04-26,Manchester City,Arsenal,0.7011627951101895,3.0,2.8,0.6,2.2,1.0,0.0,2.5,2.5,0.8,1.7,0.8,0.1,11.0,1.8,3.0,1.8,1.2,0.4,0.6,2.4,3.0,1.3,1.7,0.7,0.3,5.0,2.5,2.3,1.6,1.2,1.2,0.10000000000000009,-0.20000000000000018,-0.5,-1.2000000000000002,-0.5,1.0000000000000002,0.0,0.6,0.10000000000000009,-0.6,-0.19999999999999998,6.0,2022-23,20230426|Arsenal|Manchester City,4,1,5,home
2023-04-26,Chelsea,Brentford,0.5855269003315284,0.4,0.6,1.4,-0.8,0.0,0.4,0.9,0.8,1.2,-0.4,0.2,0.3,11.0,0.4,1.0,1.8,-0.8,0.0,0.4,1.0,1.2,1.4,-0.2,0.2,0.4,4.0,1.2,1.3,-0.1,0.1,0.0,-0.09999999999999998,-0.4,-0.3999999999999999,-0.40000000000000013,-0.19999999999999996,0.0,-0.2,0.0,0.0,0.0,-0.10000000000000003,7.0,2022-23,20230426|Brentford|Chelsea,0,2,2,away
2023-04-26,Nottingham Forest,Brighton and Hove Albion,0.34800406820579505,0.2,0.8,2.0,-1.2,0.0,0.2,0.3,0.9,2.2,-1.3,0.0,0.3,4.0,2.0,1.8,1.2,0.6,0.6,0.2,1.8,1.7,1.0,0.7,0.5,0.3,11.0,1.4,1.8,0.1,0.6,-1.8,-1.5,-1.0,-0.7999999999999999,0.8,1.2000000000000002,-1.7999999999999998,-2.0,-0.6,-0.5,0.0,0.0,-7.0,2022-23,20230426|Brighton and Hove Albion|Nottingham Forest,3,1,4,home
2023-04-26,West Ham United,Liverpool,0.3529112761835195,2.0,1.8,1.4,0.4,0.6,0.2,1.5,1.5,1.5,0.0,0.4,0.3,3.0,1.6,2.4,1.8,0.6,0.4,0.4,1.8,2.3,1.0,1.3,0.5,0.3,4.0,1.2,1.1,-0.2,-0.3,0.3999999999999999,-0.30000000000000004,-0.5999999999999999,-0.7999999999999998,-0.40000000000000013,0.5,-0.19999999999999996,-1.3,0.19999999999999996,-0.09999999999999998,-0.2,0.0,-1.0,2022-23,20230426|Liverpool|West Ham United,1,2,3,away
2023-04-27,Southampton,Bournemouth,0.46549904641561207,0.4,1.4,2.6,-1.2,0.0,0.4,0.9,0.9,1.6,-0.7,0.2,0.3,6.0,1.8,1.2,1.8,-0.6,0.6,0.0,1.5,1.1,1.9,-0.8,0.5,0.0,4.0,0.4,0.9,-1.4,-1.0,-1.4,-0.6,0.19999999999999996,-0.20000000000000007,0.8,-0.2999999999999998,-0.6,0.10000000000000009,-0.6,-0.3,0.4,0.3,2.0,2022-23,20230427|Bournemouth|Southampton,0,1,1,away
2023-04-27,Tottenham Hotspur,Manchester United,0.5227496749601235,1.0,1.8,2.8,-1.0,0.2,0.4,1.4,1.7,2.0,-0.3,0.4,0.2,4.0,2.0,1.0,0.4,0.6,0.6,0.2,2.0,1.4,1.2,0.2,0.6,0.2,11.0,1.8,1.4,0.3,-0.6,-1.0,-0.6000000000000001,0.8,0.30000000000000004,2.4,0.8,-1.6,-0.5,-0.39999999999999997,-0.19999999999999996,0.2,0.0,-7.0,2022-23,20230427|Manchester United|Tottenham Hotspur,2,2,4,draw
2023-04-27,Everton,Newcastle United,0.2647924813617865,0.6,0.8,1.6,-0.8,0.0,0.6,1.0,0.8,1.6,-0.8,0.2,0.4,5.0,2.4,3.0,1.2,1.8,0.8,0.0,1.9,2.0,1.3,0.7,0.6,0.1,4.0,1.0,1.8,-0.8,0.7,-1.7999999999999998,-0.8999999999999999,-2.2,-1.2,0.40000000000000013,0.30000000000000004,-2.6,-1.5,-0.8,-0.39999999999999997,0.6,0.30000000000000004,1.0,2022-23,20230427|Newcastle United|Everton,1,4,5,away
2023-04-29,Brentford,Nottingham Forest,0.7267770022746775,0.8,0.8,1.2,-0.4,0.2,0.2,1.2,1.3,1.3,0.0,0.3,0.3,3.0,0.6,1.2,2.0,-0.8,0.2,0.0,0.5,1.1,2.2,-1.1,0.1,0.2,3.0,1.7,0.4,0.7,-1.9,0.20000000000000007,0.7,-0.3999999999999999,0.19999999999999996,-0.8,-0.9000000000000001,0.4,1.1,0.0,0.19999999999999998,0.2,0.09999999999999998,0.0,2022-23,20230429|Nottingham Forest|Brentford,2,1,3,home
2023-04-29,Crystal Palace,West Ham United,0.5855851190377476,2.0,1.8,0.8,1.0,0.6,0.2,1.1,1.0,1.1,-0.1,0.3,0.2,4.0,1.4,1.8,1.8,0.0,0.4,0.2,1.4,1.5,1.6,-0.1,0.4,0.2,3.0,1.1,0.8,-0.6,-0.6,0.6000000000000001,-0.2999999999999998,0.0,-0.5,-1.0,-0.5,1.0,0.0,0.19999999999999996,-0.10000000000000003,0.0,0.0,1.0,2022-23,20230429|West Ham United|Crystal Palace,4,3,7,home
2023-04-29,Brighton and Hove Albion,Wolverhampton Wanderers,0.7149823954474862,1.4,1.8,1.8,0.0,0.4,0.2,1.5,1.7,1.3,0.4,0.4,0.3,3.0,2.0,1.4,0.6,0.8,0.6,0.2,1.4,1.2,1.2,0.0,0.4,0.2,4.0,1.7,1.0,0.8,-0.5,-0.6000000000000001,0.10000000000000009,0.40000000000000013,0.5,1.2000000000000002,0.10000000000000009,-0.8,0.4,-0.19999999999999996,0.0,0.0,0.09999999999999998,-1.0,2022-23,20230429|Wolverhampton Wanderers|Brighton and Hove Albion,6,0,6,home
2023-04-30,Manchester United,Aston Villa,0.6561029544288675,2.0,1.4,0.8,0.6,0.6,0.2,1.8,1.4,1.3,0.1,0.5,0.3,3.0,2.6,1.8,0.4,1.4,0.8,0.2,2.6,1.8,0.3,1.5,0.8,0.2,5.0,2.6,2.0,1.5,0.3,-0.6000000000000001,-0.8,-0.40000000000000013,-0.40000000000000013,0.4,1.0,-0.7999999999999999,-1.4,-0.20000000000000007,-0.30000000000000004,0.0,0.09999999999999998,-2.0,2022-23,20230430|Aston Villa|Manchester United,1,0,1,home
2023-04-30,Bournemouth,Leeds United,0.6789083318768472,1.8,1.0,1.6,-0.6,0.6,0.0,1.5,1.1,1.9,-0.8,0.5,0.0,3.0,0.8,1.2,3.0,-1.8,0.2,0.2,1.1,1.4,2.4,-1.0,0.3,0.2,5.0,1.1,0.5,-0.7,-0.7,1.0,0.3999999999999999,-0.19999999999999996,-0.2999999999999998,-1.4,-0.5,1.2000000000000002,0.19999999999999996,0.39999999999999997,0.2,-0.2,-0.2,-2.0,2022-23,20230430|Leeds United|Bournemouth,4,1,5,home
2023-04-30,Fulham,Manchester City,0.17759503861174258,1.2,1.2,1.2,0.0,0.4,0.0,1.3,1.2,1.3,-0.1,0.4,0.1,5.0,3.0,3.2,0.8,2.4,1.0,0.0,2.8,2.9,0.8,2.1,0.9,0.1,4.0,1.4,2.2,-0.1,1.1,-1.8,-1.4999999999999998,-2.0,-1.7,0.3999999999999999,0.5,-2.4,-2.2,-0.6,-0.5,0.0,0.0,1.0,2022-23,20230430|Manchester City|Fulham,1,2,3,away
2023-04-30,Newcastle United,Southampton,0.8929052198110495,2.4,3.4,1.4,2.0,0.8,0.0,2.1,2.3,1.3,1.0,0.7,0.0,3.0,0.2,0.8,2.2,-1.4,0.0,0.2,0.6,0.8,1.7,-0.9,0.1,0.3,3.0,2.3,0.8,1.3,-0.7,2.1999999999999997,1.5,2.5999999999999996,1.4999999999999998,-0.8000000000000003,-0.3999999999999999,3.4,1.9,0.8,0.6,-0.2,-0.3,0.0,2022-23,20230430|Southampton|Newcastle United,3,1,4,home
2023-04-30,Liverpool,Tottenham Hotspur,0.7157236966177308,2.2,2.6,1.2,1.4,0.6,0.4,1.8,2.3,1.1,1.2,0.5,0.3,4.0,1.0,1.6,2.6,-1.0,0.2,0.4,1.5,1.8,1.8,0.0,0.4,0.3,3.0,2.3,1.2,1.5,-0.5,1.2000000000000002,0.30000000000000004,1.0,0.4999999999999998,-1.4000000000000001,-0.7,2.4,1.2,0.39999999999999997,0.09999999999999998,0.0,0.0,1.0,2022-23,20230430|Tottenham Hotspur|Liverpool,4,3,7,home
2023-05-01,Leicester City,Everton,0.6462591390084195,0.8,1.0,1.6,-0.6,0.2,0.2,0.5,0.8,1.6,-0.8,0.1,0.2,6.0,0.4,0.6,2.0,-1.4,0.0,0.4,0.7,0.8,2.0,-1.2,0.1,0.4,4.0,0.7,0.5,-0.6,-1.3,0.4,-0.19999999999999996,0.4,0.0,-0.3999999999999999,-0.3999999999999999,0.7999999999999999,0.3999999999999999,0.2,0.0,-0.2,-0.2,2.0,2022-23,20230501|Everton|Leicester City,2,2,4,draw
2023-05-02,Arsenal,Chelsea,0.8278800727343905,1.2,2.4,2.4,0.0,0.2,0.6,2.1,2.7,1.5,1.2,0.6,0.3,6.0,0.2,0.2,1.4,-1.2,0.0,0.2,0.8,0.7,1.3,-0.6,0.2,0.2,6.0,2.1,0.7,1.2,-0.6,1.0,1.3,2.1999999999999997,2.0,1.0,0.19999999999999996,1.2,1.7999999999999998,0.2,0.39999999999999997,0.39999999999999997,0.09999999999999998,0.0,2022-23,20230502|Chelsea|Arsenal,3,1,4,home
2023-05-03,Liverpool,Fulham,0.8342539496625878,2.6,3.4,1.8,1.6,0.8,0.2,2.0,2.7,1.4,1.3,0.6,0.2,3.0,1.2,1.2,1.2,0.0,0.4,0.0,1.0,1.1,1.5,-0.4,0.3,0.1,3.0,2.3,1.3,1.5,0.2,1.4000000000000001,1.0,2.2,1.6,0.6000000000000001,-0.10000000000000009,1.6,1.7000000000000002,0.4,0.3,0.2,0.1,0.0,2022-23,20230503|Fulham|Liverpool,1,0,1,home
2023-05-03,Manchester City,West Ham United,0.9082021858000648,3.0,3.4,1.0,2.4,1.0,0.0,2.8,2.8,0.8,2.0,0.9,0.1,3.0,1.4,2.2,1.6,0.6,0.4,0.2,1.4,1.8,1.8,0.0,0.4,0.2,4.0,2.5,0.8,1.7,-0.6,1.6,1.4,1.1999999999999997,0.9999999999999998,-0.6000000000000001,-1.0,1.7999999999999998,2.0,0.6,0.5,-0.2,-0.1,-1.0,2022-23,20230503|West Ham United|Manchester City,3,0,3,home
2023-05-04,Brighton and Hove Albion,Manchester United,0.49911150657363773,1.8,2.4,1.2,1.2,0.6,0.0,1.7,2.2,1.2,1.0,0.5,0.2,5.0,2.6,1.6,0.4,1.2,0.8,0.2,2.0,1.3,1.1,0.2,0.6,0.2,4.0,1.9,1.4,1.4,-0.6,-0.8,-0.30000000000000004,0.7999999999999998,0.9000000000000001,0.7999999999999999,0.09999999999999987,0.0,0.8,-0.20000000000000007,-0.09999999999999998,-0.2,0.0,1.0,2022-23,20230504|Manchester United|Brighton and Hove Albion,1,0,1,home
2023-05-06,Wolverhampton Wanderers,Aston Villa,0.4263238282894105,1.8,1.2,1.6,-0.4,0.6,0.0,1.3,1.1,1.7,-0.6,0.4,0.1,7.0,2.0,1.4,0.4,1.0,0.6,0.2,2.3,1.6,0.4,1.2,0.7,0.2,6.0,1.8,2.0,0.4,0.6,-0.19999999999999996,-0.9999999999999998,-0.19999999999999996,-0.5,1.2000000000000002,1.2999999999999998,-1.4,-1.7999999999999998,0.0,-0.29999999999999993,-0.2,-0.1,1.0,2022-23,20230506|Aston Villa|Wolverhampton Wanderers,1,0,1,home
2023-05-06,Liverpool,Brentford,0.7726379901606898,3.0,3.2,1.4,1.8,1.0,0.0,2.0,2.6,1.4,1.2,0.6,0.2,3.0,1.4,1.2,1.2,0.0,0.4,0.2,1.2,1.2,1.2,0.0,0.3,0.3,7.0,2.6,1.5,1.7,0.3,1.6,0.8,2.0,1.4000000000000001,0.19999999999999996,0.19999999999999996,1.8,1.2,0.6,0.3,-0.2,-0.09999999999999998,-4.0,2022-23,20230506|Brentford|Liverpool,1,0,1,home
2023-05-06,Bournemouth,Chelsea,0.580380489230886,2.4,1.8,1.4,0.4,0.8,0.0,1.8,1.4,1.6,-0.2,0.6,0.0,6.0,0.2,0.4,1.6,-1.2,0.0,0.2,0.8,0.8,1.5,-0.7,0.2,0.2,4.0,1.4,0.6,-0.3,-0.8,2.1999999999999997,1.0,1.4,0.5999999999999999,-0.20000000000000018,0.10000000000000009,1.6,0.49999999999999994,0.8,0.39999999999999997,-0.2,-0.2,2.0,2022-23,20230506|Chelsea|Bournemouth,1,3,4,away
2023-05-06,Tottenham Hotspur,Crystal Palace,0.6974024676902796,0.8,2.0,3.2,-1.2,0.2,0.2,1.2,1.9,2.2,-0.3,0.3,0.3,6.0,2.0,2.2,1.2,1.0,0.6,0.2,1.3,1.4,1.4,0.0,0.4,0.1,7.0,1.9,1.0,0.4,-0.1,-1.2,-0.10000000000000009,-0.20000000000000018,0.5,2.0,0.8000000000000003,-2.2,-0.3,-0.39999999999999997,-0.10000000000000003,0.0,0.19999999999999998,-1.0,2022-23,20230506|Crystal Palace|Tottenham Hotspur,1,0,1,home
2023-05-06,Manchester City,Leeds United,0.9416373466896986,3.0,3.2,0.8,2.4,1.0,0.0,2.8,2.8,0.7,2.1,0.9,0.1,3.0,0.2,1.0,3.6,-2.6,0.0,0.2,0.8,1.4,2.8,-1.4,0.2,0.2,6.0,2.5,0.5,1.9,-0.9,2.8,1.9999999999999998,2.2,1.4,-2.8,-2.0999999999999996,5.0,3.5,1.0,0.7,-0.2,-0.1,-3.0,2022-23,20230506|Leeds United|Manchester City,2,1,3,home
2023-05-07,Newcastle United,Arsenal,0.5292212826531638,2.4,3.0,1.4,1.6,0.8,0.0,2.4,2.6,1.2,1.4,0.8,0.0,7.0,1.2,2.2,2.4,-0.2,0.2,0.6,2.1,2.9,1.6,1.3,0.6,0.3,5.0,2.3,2.0,1.4,0.8,1.2,0.2999999999999998,0.7999999999999998,-0.2999999999999998,-1.0,-0.40000000000000013,1.8,0.09999999999999987,0.6000000000000001,0.20000000000000007,-0.6,-0.3,2.0,2022-23,20230507|Arsenal|Newcastle United,0,2,2,away
2023-05-07,West Ham United,Manchester United,0.37454243825701444,0.8,2.0,2.2,-0.2,0.2,0.2,1.1,1.4,2.1,-0.7,0.3,0.2,4.0,2.0,1.4,0.6,0.8,0.6,0.2,1.7,1.1,1.2,-0.1,0.5,0.2,3.0,1.2,1.4,-0.2,-0.5,-1.2,-0.5999999999999999,0.6000000000000001,0.2999999999999998,1.6,0.9000000000000001,-1.0,-0.6,-0.39999999999999997,-0.2,0.0,0.0,1.0,2022-23,20230507|Manchester United|West Ham United,1,0,1,home
2023-05-08,Brighton and Hove Albion,Everton,0.8088540954346577,1.8,2.2,1.2,1.0,0.6,0.0,2.0,2.3,1.1,1.2,0.6,0.2,4.0,0.4,0.8,2.2,-1.4,0.0,0.4,0.8,1.0,2.0,-1.0,0.1,0.5,7.0,1.9,0.5,1.2,-1.3,1.4,1.2,1.4000000000000001,1.2999999999999998,-1.0000000000000002,-0.8999999999999999,2.4,2.2,0.6,0.5,-0.4,-0.3,-3.0,2022-23,20230508|Everton|Brighton and Hove Albion,1,5,6,away
2023-05-08,Fulham,Leicester City,0.6312884855745338,1.2,1.2,1.2,0.0,0.4,0.0,0.7,1.0,1.6,-0.6,0.2,0.1,5.0,1.0,1.2,1.6,-0.4,0.2,0.4,0.6,1.0,1.7,-0.7,0.1,0.3,7.0,1.3,0.8,-0.2,-0.6,0.19999999999999996,0.09999999999999998,0.0,0.0,-0.40000000000000013,-0.09999999999999987,0.4,0.09999999999999998,0.2,0.1,-0.4,-0.19999999999999998,-2.0,2022-23,20230508|Leicester City|Fulham,5,3,8,home
2023-05-08,Nottingham Forest,Southampton,0.6838370607969227,0.6,1.2,2.0,-0.8,0.2,0.0,0.5,1.2,2.0,-0.8,0.1,0.2,9.0,0.2,1.0,2.6,-1.6,0.0,0.2,0.6,0.9,1.9,-1.0,0.1,0.3,8.0,1.6,0.8,0.3,-0.8,0.39999999999999997,-0.09999999999999998,0.19999999999999996,0.29999999999999993,-0.6000000000000001,0.10000000000000009,0.8,0.19999999999999996,0.2,0.0,-0.2,-0.09999999999999998,1.0,2022-23,20230508|Southampton|Nottingham Forest,4,3,7,home
2023-05-13,Crystal Palace,Bournemouth,0.6232025598315194,1.4,1.2,1.2,0.0,0.4,0.2,1.3,1.4,1.4,0.0,0.4,0.1,7.0,1.8,1.8,2.0,-0.2,0.6,0.0,1.8,1.3,1.6,-0.3,0.6,0.0,7.0,1.1,1.2,-0.6,-0.8,-0.40000000000000013,-0.5,-0.6000000000000001,0.09999999999999987,-0.8,-0.20000000000000018,0.2,0.3,-0.19999999999999996,-0.19999999999999996,0.2,0.1,0.0,2022-23,20230513|Bournemouth|Crystal Palace,2,0,2,home
2023-05-13,Southampton,Fulham,0.4061713496290162,0.2,1.4,2.6,-1.2,0.0,0.2,0.3,1.1,2.3,-1.2,0.0,0.3,5.0,1.2,1.6,1.6,0.0,0.4,0.0,0.9,1.4,1.8,-0.4,0.3,0.0,5.0,0.4,1.3,-1.2,0.2,-1.0,-0.6000000000000001,-0.20000000000000018,-0.2999999999999998,1.0,0.4999999999999998,-1.2,-0.7999999999999999,-0.4,-0.3,0.2,0.3,0.0,2022-23,20230513|Fulham|Southampton,0,2,2,away
2023-05-13,Leeds United,Newcastle United,0.2520685039545072,0.2,1.0,3.0,-2.0,0.0,0.2,0.8,1.5,2.9,-1.4,0.2,0.2,7.0,1.8,2.6,1.6,1.0,0.6,0.0,2.4,2.6,1.2,1.4,0.8,0.0,6.0,1.0,1.8,-1.1,0.7,-1.6,-1.5999999999999999,-1.6,-1.1,1.4,1.7,-3.0,-2.8,-0.6,-0.6000000000000001,0.2,0.2,1.0,2022-23,20230513|Newcastle United|Leeds United,2,2,4,draw
2023-05-13,Chelsea,Nottingham Forest,0.6926090312210955,0.6,1.0,1.8,-0.8,0.2,0.0,1.1,1.1,1.4,-0.3,0.3,0.2,7.0,1.2,2.0,2.2,-0.2,0.4,0.0,0.7,1.4,2.1,-0.7,0.2,0.1,5.0,0.9,0.4,-0.5,-1.5,-0.6,0.40000000000000013,-1.0,-0.2999999999999998,-0.40000000000000013,-0.7000000000000002,-0.6000000000000001,0.39999999999999997,-0.2,0.09999999999999998,0.0,0.1,2.0,2022-23,20230513|Nottingham Forest|Chelsea,2,2,4,draw
2023-05-13,Aston Villa,Tottenham Hotspur,0.5614243714739257,1.4,1.0,0.6,0.4,0.4,0.2,2.0,1.5,0.5,1.0,0.6,0.2,7.0,0.8,1.8,3.0,-1.2,0.2,0.2,1.2,1.8,2.2,-0.4,0.3,0.3,7.0,1.9,0.9,0.5,-0.7,0.5999999999999999,0.8,-0.8,-0.30000000000000004,-2.4,-1.7000000000000002,1.6,1.4,0.2,0.3,0.0,-0.09999999999999998,0.0,2022-23,20230513|Tottenham Hotspur|Aston Villa,2,1,3,home
2023-05-13,Manchester United,Wolverhampton Wanderers,0.7614027562173497,1.4,1.0,0.8,0.2,0.4,0.2,1.4,0.8,1.3,-0.5,0.4,0.2,6.0,1.8,1.2,1.6,-0.4,0.6,0.0,1.6,1.2,1.5,-0.3,0.5,0.1,7.0,2.6,0.9,1.5,-1.1,-0.40000000000000013,-0.20000000000000018,-0.19999999999999996,-0.3999999999999999,-0.8,-0.19999999999999996,0.6000000000000001,-0.2,-0.19999999999999996,-0.09999999999999998,0.2,0.1,-1.0,2022-23,20230513|Wolverhampton Wanderers|Manchester United,2,0,2,home
2023-05-14,Arsenal,Brighton and Hove Albion,0.7878441729229453,1.6,2.2,2.0,0.2,0.4,0.4,2.1,2.7,1.6,1.1,0.6,0.3,7.0,1.8,2.2,1.8,0.4,0.6,0.0,1.7,2.0,1.6,0.4,0.5,0.2,6.0,2.1,1.8,1.2,0.6,-0.19999999999999996,0.40000000000000013,0.0,0.7000000000000002,0.19999999999999996,0.0,-0.2,0.7000000000000001,-0.19999999999999996,0.09999999999999998,0.4,0.09999999999999998,1.0,2022-23,20230514|Brighton and Hove Albion|Arsenal,0,3,3,away
2023-05-14,Everton,Manchester City,0.13873252145108694,1.0,1.8,2.0,-0.2,0.2,0.4,1.1,1.5,1.7,-0.2,0.2,0.5,6.0,3.0,2.8,0.8,2.0,1.0,0.0,3.0,2.9,0.7,2.2,1.0,0.0,8.0,1.0,2.2,-0.9,1.1,-2.0,-1.9,-0.9999999999999998,-1.4,1.2,1.0,-2.2,-2.4000000000000004,-0.8,-0.8,0.4,0.5,-2.0,2022-23,20230514|Manchester City|Everton,0,3,3,away
2023-05-14,Brentford,West Ham United,0.6533438104742361,1.4,1.0,1.0,0.0,0.4,0.2,1.2,1.2,1.2,0.0,0.3,0.3,8.0,1.2,1.8,1.8,0.0,0.4,0.0,1.4,1.5,1.7,-0.2,0.4,0.2,7.0,1.9,0.8,0.8,-0.8,0.19999999999999996,-0.19999999999999996,-0.8,-0.30000000000000004,-0.8,-0.5,0.0,0.2,0.0,-0.10000000000000003,0.2,0.09999999999999998,1.0,2022-23,20230514|West Ham United|Brentford,2,0,2,home
2023-05-15,Leicester City,Liverpool,0.234880054728562,1.0,1.8,2.4,-0.6,0.2,0.4,0.6,1.3,2.1,-0.8,0.1,0.3,7.0,3.0,2.2,1.2,1.0,1.0,0.0,2.0,2.0,1.4,0.6,0.6,0.2,9.0,0.8,1.1,-0.5,-0.4,-2.0,-1.4,-0.40000000000000013,-0.7,1.2,0.7000000000000002,-1.6,-1.4,-0.8,-0.5,0.4,0.09999999999999998,-2.0,2022-23,20230515|Liverpool|Leicester City,0,3,3,away
2023-05-18,Newcastle United,Brighton and Hove Albion,0.6662386300828294,2.0,3.0,1.4,1.6,0.6,0.2,2.2,2.6,1.3,1.3,0.7,0.1,5.0,1.8,2.4,1.6,0.8,0.6,0.0,1.9,2.1,1.4,0.7,0.6,0.1,4.0,2.0,1.8,0.8,0.8,0.19999999999999996,0.30000000000000027,0.6000000000000001,0.5,-0.20000000000000018,-0.09999999999999987,0.8,0.6000000000000001,0.0,0.09999999999999998,0.2,0.0,1.0,2022-23,20230518|Brighton and Hove Albion|Newcastle United,4,1,5,home
2023-05-20,Nottingham Forest,Arsenal,0.24304054161719024,1.4,2.4,2.2,0.2,0.4,0.2,0.8,1.5,2.0,-0.5,0.2,0.2,7.0,1.4,1.8,2.2,-0.4,0.4,0.2,1.8,2.4,1.7,0.7,0.5,0.3,6.0,1.6,2.0,0.3,0.8,0.0,-1.0,0.5999999999999999,-0.8999999999999999,0.0,0.30000000000000004,0.6000000000000001,-1.2,0.0,-0.3,0.0,-0.09999999999999998,1.0,2022-23,20230520|Arsenal|Nottingham Forest,1,0,1,home
2023-05-20,Liverpool,Aston Villa,0.755621343092056,3.0,2.2,0.8,1.4,1.0,0.0,2.3,2.3,1.3,1.0,0.7,0.2,5.0,1.4,0.8,0.8,0.0,0.4,0.2,2.2,1.6,0.5,1.1,0.7,0.1,7.0,2.6,1.7,1.6,0.4,1.6,0.09999999999999964,1.4000000000000001,0.6999999999999997,0.0,0.8,1.4,-0.10000000000000009,0.6,0.0,-0.2,0.1,-2.0,2022-23,20230520|Aston Villa|Liverpool,1,1,2,draw
2023-05-20,Tottenham Hotspur,Brentford,0.6260299726509548,0.8,1.6,2.8,-1.2,0.2,0.2,1.2,1.9,2.3,-0.4,0.3,0.3,7.0,2.0,1.4,0.6,0.8,0.6,0.2,1.2,1.2,1.2,0.0,0.3,0.3,6.0,1.9,1.2,0.4,0.1,-1.2,0.0,0.20000000000000018,0.7,2.1999999999999997,1.0999999999999999,-2.0,-0.4,-0.39999999999999997,0.0,0.0,0.0,1.0,2022-23,20230520|Brentford|Tottenham Hotspur,1,3,4,away
2023-05-20,Fulham,Crystal Palace,0.579220000925951,1.2,1.6,1.4,0.2,0.4,0.0,1.2,1.4,1.5,-0.1,0.4,0.0,7.0,1.4,1.2,1.2,0.0,0.4,0.2,1.6,1.6,1.3,0.3,0.5,0.1,7.0,1.6,0.7,0.1,-0.4,-0.19999999999999996,-0.40000000000000013,0.40000000000000013,-0.20000000000000018,0.19999999999999996,0.19999999999999996,0.2,-0.4,0.0,-0.09999999999999998,-0.2,-0.1,0.0,2022-23,20230520|Crystal Palace|Fulham,2,2,4,draw
2023-05-20,Wolverhampton Wanderers,Everton,0.6461384318484799,1.2,0.8,2.0,-1.2,0.4,0.0,1.3,1.1,1.7,-0.6,0.4,0.1,7.0,1.0,1.6,2.0,-0.4,0.2,0.4,1.0,1.3,1.8,-0.5,0.2,0.4,6.0,2.1,0.8,0.7,-0.6,0.19999999999999996,0.30000000000000004,-0.8,-0.19999999999999996,0.0,-0.10000000000000009,-0.7999999999999999,-0.09999999999999998,0.2,0.2,-0.4,-0.30000000000000004,1.0,2022-23,20230520|Everton|Wolverhampton Wanderers,1,1,2,draw
2023-05-20,Bournemouth,Manchester United,0.35889353682270575,1.2,1.2,2.0,-0.8,0.4,0.0,1.5,1.2,1.8,-0.6,0.5,0.0,7.0,1.4,1.0,0.8,0.2,0.4,0.2,1.7,1.0,0.6,0.4,0.5,0.2,7.0,1.1,1.1,-0.8,-0.7,-0.19999999999999996,-0.19999999999999996,0.19999999999999996,0.19999999999999996,1.2,1.2000000000000002,-1.0,-1.0,0.0,0.0,-0.2,-0.2,0.0,2022-23,20230520|Manchester United|Bournemouth,0,1,1,away
2023-05-21,Manchester City,Chelsea,0.9000824036324867,3.0,2.8,0.6,2.2,1.0,0.0,3.0,2.8,0.6,2.2,1.0,0.0,7.0,0.8,1.4,2.0,-0.6,0.2,0.2,0.9,1.2,1.6,-0.4,0.2,0.3,8.0,2.8,0.9,2.1,-0.3,2.2,2.1,1.4,1.5999999999999999,-1.4,-1.0,2.8000000000000003,2.6,0.8,0.8,-0.2,-0.3,-1.0,2022-23,20230521|Chelsea|Manchester City,1,0,1,home
2023-05-21,West Ham United,Leeds United,0.6986568751372956,0.6,1.0,2.2,-1.2,0.2,0.0,1.3,1.4,1.8,-0.4,0.4,0.1,7.0,0.4,1.2,2.2,-1.0,0.0,0.4,0.8,1.5,2.9,-1.4,0.2,0.2,8.0,1.5,0.4,0.1,-1.0,0.19999999999999996,0.5,-0.19999999999999996,-0.10000000000000009,0.0,-1.0999999999999999,-0.19999999999999996,0.9999999999999999,0.2,0.2,-0.4,-0.1,-1.0,2022-23,20230521|Leeds United|West Ham United,3,1,4,home
2023-05-21,Brighton and Hove Albion,Southampton,0.8546174393953035,1.8,2.4,1.8,0.6,0.6,0.0,1.6,2.1,1.8,0.3,0.5,0.1,3.0,0.2,1.4,2.6,-1.2,0.0,0.2,0.2,1.1,2.5,-1.4,0.0,0.2,8.0,1.9,0.8,0.9,-0.7,1.6,1.4000000000000001,1.0,1.0,-0.8,-0.7,1.7999999999999998,1.7,0.6,0.5,-0.2,-0.1,-5.0,2022-23,20230521|Southampton|Brighton and Hove Albion,3,1,4,home
2023-05-22,Newcastle United,Leicester City,0.8486729156434913,2.0,2.6,1.4,1.2,0.6,0.2,2.2,2.8,1.3,1.5,0.7,0.1,4.0,1.0,1.6,2.4,-0.8,0.2,0.4,0.6,1.2,2.1,-0.9,0.1,0.3,7.0,2.0,0.5,1.0,-1.0,1.0,1.6,1.0,1.5999999999999999,-1.0,-0.8,2.0,2.4,0.39999999999999997,0.6,-0.2,-0.19999999999999998,-3.0,2022-23,20230522|Leicester City|Newcastle United,0,0,0,draw
2023-05-24,Brighton and Hove Albion,Manchester City,0.26512065277451374,1.8,1.8,2.0,-0.2,0.6,0.0,1.8,2.1,1.6,0.5,0.6,0.0,3.0,3.0,2.2,0.4,1.8,1.0,0.0,3.0,2.7,0.6,2.1,1.0,0.0,3.0,2.2,2.2,1.3,1.2,-1.2,-1.2,-0.40000000000000013,-0.6000000000000001,1.6,1.0,-2.0,-1.6,-0.4,-0.4,0.0,0.0,0.0,2022-23,20230524|Manchester City|Brighton and Hove Albion,1,1,2,draw
2023-05-25,Manchester United,Chelsea,0.7526649179120712,1.8,0.8,0.4,0.4,0.6,0.0,1.9,1.1,0.6,0.5,0.6,0.1,5.0,0.8,1.2,1.8,-0.6,0.2,0.2,0.6,0.9,1.6,-0.7,0.1,0.3,4.0,2.6,0.9,1.4,-0.3,1.0,1.2999999999999998,-0.3999999999999999,0.20000000000000007,-1.4,-1.0,1.0,1.2,0.39999999999999997,0.5,-0.2,-0.19999999999999998,1.0,2022-23,20230525|Chelsea|Manchester United,4,1,5,home
2023-05-28,Everton,Bournemouth,0.5764775719676043,1.0,1.8,2.2,-0.4,0.2,0.4,0.8,1.3,1.9,-0.6,0.1,0.5,8.0,1.2,1.2,1.4,-0.2,0.4,0.0,1.5,1.2,1.6,-0.4,0.5,0.0,8.0,1.0,1.2,-1.1,-0.8,-0.19999999999999996,-0.7,0.6000000000000001,0.10000000000000009,0.8000000000000003,0.2999999999999998,-0.2,-0.19999999999999996,-0.2,-0.4,0.4,0.5,0.0,2022-23,20230528|Bournemouth|Everton,1,0,1,home
2023-05-28,Aston Villa,Brighton and Hove Albion,0.582557895914495,1.4,0.8,0.8,0.0,0.4,0.2,2.0,1.4,0.6,0.8,0.6,0.2,8.0,1.4,1.8,2.2,-0.4,0.4,0.2,1.6,2.0,1.7,0.3,0.5,0.1,4.0,2.2,1.5,0.8,0.3,0.0,0.3999999999999999,-1.0,-0.6000000000000001,-1.4000000000000001,-1.1,0.4,0.5,0.0,0.09999999999999998,0.0,0.1,4.0,2022-23,20230528|Brighton and Hove Albion|Aston Villa,2,1,3,home
2023-05-28,Manchester United,Fulham,0.775209326529975,1.8,1.4,0.6,0.8,0.6,0.0,2.2,1.5,0.5,1.0,0.7,0.1,3.0,1.4,2.0,1.6,0.4,0.4,0.2,1.3,1.6,1.4,0.2,0.4,0.1,8.0,2.6,1.3,1.4,0.1,0.40000000000000013,0.9000000000000001,-0.6000000000000001,-0.10000000000000009,-1.0,-0.8999999999999999,0.4,0.8,0.19999999999999996,0.29999999999999993,-0.2,0.0,-5.0,2022-23,20230528|Fulham|Manchester United,2,1,3,home
2023-05-28,Southampton,Liverpool,0.14825671459515752,0.0,1.0,2.6,-1.6,0.0,0.0,0.2,1.2,2.6,-1.4,0.0,0.2,7.0,2.6,2.0,0.8,1.2,0.8,0.2,2.4,2.3,1.0,1.3,0.7,0.3,8.0,0.4,1.4,-1.2,0.1,-2.6,-2.1999999999999997,-1.0,-1.0999999999999999,1.8,1.6,-2.8,-2.7,-0.8,-0.7,-0.2,-0.09999999999999998,-1.0,2022-23,20230528|Liverpool|Southampton,4,4,8,draw
2023-05-28,Brentford,Manchester City,0.2548083035170311,2.4,1.8,0.6,1.2,0.8,0.0,1.4,1.4,1.2,0.2,0.4,0.2,8.0,2.6,2.0,0.4,1.6,0.8,0.2,2.8,2.7,0.7,2.0,0.9,0.1,4.0,2.1,2.0,1.0,1.1,-0.20000000000000018,-1.4,-0.19999999999999996,-1.3000000000000003,0.19999999999999996,0.5,-0.40000000000000013,-1.8,0.0,-0.5,-0.2,0.1,4.0,2022-23,20230528|Manchester City|Brentford,1,0,1,home
2023-05-28,Chelsea,Newcastle United,0.3768597554336391,0.8,1.4,2.2,-0.8,0.2,0.2,0.5,0.8,1.8,-1.0,0.1,0.2,3.0,1.6,1.8,1.2,0.6,0.4,0.4,2.0,2.6,1.3,1.3,0.6,0.2,6.0,1.0,1.6,-0.4,0.4,-0.8,-1.5,-0.40000000000000013,-1.8,1.0000000000000002,0.5,-1.4,-2.3,-0.2,-0.5,-0.2,0.0,-3.0,2022-23,20230528|Newcastle United|Chelsea,1,1,2,draw
2023-05-28,Crystal Palace,Nottingham Forest,0.6512207328451854,1.4,1.6,1.6,0.0,0.4,0.2,1.7,1.8,1.4,0.4,0.5,0.2,8.0,2.0,2.2,1.6,0.6,0.6,0.2,1.1,1.5,1.8,-0.3,0.3,0.2,8.0,1.4,0.5,-0.1,-1.2,-0.6000000000000001,0.5999999999999999,-0.6000000000000001,0.30000000000000004,0.0,-0.40000000000000013,-0.6,0.7,-0.19999999999999996,0.2,0.0,0.0,0.0,2022-23,20230528|Nottingham Forest|Crystal Palace,1,1,2,draw
2023-05-28,Leeds United,Tottenham Hotspur,0.36438718921008967,0.4,1.2,2.4,-1.2,0.0,0.4,0.5,1.2,3.0,-1.8,0.1,0.2,7.0,0.8,1.6,2.2,-0.6,0.2,0.2,0.9,1.7,2.5,-0.8,0.2,0.3,8.0,1.1,0.8,-0.9,-0.8,-0.4,-0.4,-0.40000000000000013,-0.5,0.19999999999999973,0.5,-0.6,-1.0,-0.2,-0.1,0.2,-0.09999999999999998,-1.0,2022-23,20230528|Tottenham Hotspur|Leeds United,1,4,5,away
2023-05-28,Leicester City,West Ham United,0.5024755497543333,0.6,1.2,2.2,-1.0,0.0,0.6,0.6,1.1,2.0,-0.9,0.1,0.3,6.0,1.2,1.4,2.0,-0.6,0.4,0.0,1.3,1.6,1.9,-0.3,0.4,0.1,7.0,0.8,0.8,-0.5,-0.8,-0.6,-0.7000000000000001,-0.19999999999999996,-0.5,0.20000000000000018,0.10000000000000009,-0.4,-0.6000000000000001,-0.4,-0.30000000000000004,0.6,0.19999999999999998,-1.0,2022-23,20230528|West Ham United|Leicester City,2,1,3,home
2023-05-28,Arsenal,Wolverhampton Wanderers,0.8324067308380073,1.2,1.2,1.8,-0.6,0.4,0.0,1.5,2.1,1.8,0.3,0.4,0.3,8.0,1.4,0.8,1.8,-1.0,0.4,0.2,1.4,1.1,1.6,-0.5,0.4,0.2,8.0,2.0,0.6,0.9,-1.4,-0.19999999999999996,0.10000000000000009,0.3999999999999999,1.0,0.0,0.19999999999999996,0.4,0.8,0.0,0.0,-0.2,0.09999999999999998,0.0,2022-23,20230528|Wolverhampton Wanderers|Arsenal,5,0,5,home
2023-08-11,Burnley,Manchester City,0.14092040626739843,0.8,1.0,1.6,-0.6,0.2,0.2,1.4,1.2,1.3,-0.1,0.4,0.2,446.0,2.0,1.4,0.6,0.8,0.6,0.2,2.5,2.3,0.7,1.6,0.8,0.1,75.0,1.2,2.0,-0.7,1.1,-1.2,-1.1,-0.3999999999999999,-1.0999999999999999,1.0,0.6000000000000001,-1.4,-1.7000000000000002,-0.39999999999999997,-0.4,0.0,0.1,371.0,2023-24,20230811|Manchester City|Burnley,0,3,3,away
2023-08-12,Newcastle United,Aston Villa,0.6615925198459323,1.2,1.4,1.2,0.2,0.2,0.6,1.8,2.2,1.3,0.9,0.5,0.3,76.0,1.4,1.0,1.0,0.0,0.4,0.2,2.0,1.4,0.7,0.7,0.6,0.2,76.0,2.0,1.5,1.0,0.2,-0.19999999999999996,-0.19999999999999996,0.3999999999999999,0.8000000000000003,0.19999999999999996,0.6000000000000001,0.2,0.20000000000000007,-0.2,-0.09999999999999998,0.39999999999999997,0.09999999999999998,0.0,2023-24,20230812|Aston Villa|Newcastle United,5,1,6,home
2023-08-12,Sheffield United,Crystal Palace,0.38058372426812714,1.2,0.4,1.4,-1.0,0.4,0.0,0.9,0.4,1.8,-1.4,0.3,0.0,811.0,1.6,1.8,1.4,0.4,0.4,0.4,1.8,1.8,1.1,0.7,0.5,0.3,76.0,1.2,0.8,-0.8,-0.3,-0.40000000000000013,-0.9,-1.4,-1.4,0.0,0.7,-1.4,-2.0999999999999996,0.0,-0.2,-0.4,-0.3,735.0,2023-24,20230812|Crystal Palace|Sheffield United,0,1,1,away
2023-08-12,Everton,Fulham,0.5400543718988131,1.6,1.8,1.4,0.4,0.4,0.4,1.0,1.2,1.7,-0.5,0.2,0.4,76.0,1.4,2.0,1.6,0.4,0.4,0.2,1.3,1.6,1.4,0.2,0.4,0.1,76.0,1.3,1.0,-0.7,-0.1,0.20000000000000018,-0.30000000000000004,-0.19999999999999996,-0.40000000000000013,-0.20000000000000018,0.30000000000000004,0.0,-0.7,0.0,-0.2,0.2,0.30000000000000004,0.0,2023-24,20230812|Fulham|Everton,0,1,1,away
2023-08-12,Brighton and Hove Albion,Luton Town,0.6930625054706806,1.4,1.8,1.6,0.2,0.4,0.2,1.6,2.0,1.7,0.3,0.5,0.1,76.0,,,,,,,,,,,,,,2.0,,1.0,,,,,,,,,,,,,,,2023-24,20230812|Luton Town|Brighton and Hove Albion,4,1,5,home
2023-08-12,Arsenal,Nottingham Forest,0.8410847718586645,1.8,2.0,1.0,1.0,0.6,0.0,1.5,2.2,1.7,0.5,0.4,0.3,76.0,1.6,1.8,1.6,0.2,0.4,0.4,1.1,1.5,1.8,-0.3,0.3,0.2,76.0,2.0,0.3,1.3,-1.3,0.19999999999999996,0.3999999999999999,0.19999999999999996,0.7000000000000002,-0.6000000000000001,-0.10000000000000009,0.8,0.8,0.19999999999999996,0.10000000000000003,-0.4,0.09999999999999998,0.0,2023-24,20230812|Nottingham Forest|Arsenal,2,1,3,home
2023-08-12,Bournemouth,West Ham United,0.52940975387867,0.6,1.0,1.6,-0.6,0.2,0.0,1.2,1.0,1.6,-0.6,0.4,0.0,76.0,1.2,1.0,1.6,-0.6,0.4,0.0,1.3,1.6,1.6,0.0,0.4,0.1,76.0,1.1,0.7,-0.7,-0.9,-0.6,-0.10000000000000009,0.0,-0.6000000000000001,0.0,0.0,0.0,-0.6,-0.2,0.0,0.0,-0.1,0.0,2023-24,20230812|West Ham United|Bournemouth,1,1,2,draw
2023-08-13,Chelsea,Liverpool,0.32224414039816146,1.0,1.4,1.8,-0.4,0.2,0.4,0.6,0.9,1.7,-0.8,0.1,0.3,77.0,2.2,2.0,1.0,1.0,0.6,0.4,2.4,2.7,1.4,1.3,0.7,0.3,77.0,0.8,1.5,-0.5,0.4,-1.2000000000000002,-1.7999999999999998,-0.6000000000000001,-1.8000000000000003,0.8,0.30000000000000004,-1.4,-2.1,-0.39999999999999997,-0.6,0.0,0.0,0.0,2023-24,20230813|Liverpool|Chelsea,1,1,2,draw
2023-08-13,Brentford,Tottenham Hotspur,0.6211546701204127,2.4,1.6,0.6,1.0,0.8,0.0,1.6,1.2,0.9,0.3,0.5,0.1,77.0,1.2,2.0,2.0,0.0,0.4,0.0,1.1,1.8,2.3,-0.5,0.3,0.2,77.0,2.1,0.8,0.9,-0.9,1.2,0.5,-0.3999999999999999,-0.6000000000000001,-1.4,-1.4,1.0,0.8,0.4,0.2,0.0,-0.1,0.0,2023-24,20230813|Tottenham Hotspur|Brentford,2,2,4,draw
2023-08-14,Manchester United,Wolverhampton Wanderers,0.807859054465148,2.4,1.8,0.6,1.2,0.8,0.0,2.2,1.6,0.6,1.0,0.7,0.1,78.0,0.8,0.4,2.8,-2.4,0.2,0.2,1.4,0.9,1.7,-0.8,0.4,0.2,78.0,2.6,0.5,1.4,-1.9,1.5999999999999999,0.8000000000000003,1.4,0.7000000000000001,-2.1999999999999997,-1.1,3.5999999999999996,1.8,0.6000000000000001,0.29999999999999993,-0.2,-0.1,0.0,2023-24,20230814|Wolverhampton Wanderers|Manchester United,1,0,1,home
2023-08-18,Nottingham Forest,Sheffield United,0.7429304202995438,1.6,1.8,1.6,0.2,0.4,0.4,1.1,1.5,1.8,-0.3,0.3,0.2,6.0,1.2,0.4,0.8,-0.4,0.4,0.0,0.9,0.4,1.4,-1.0,0.3,0.0,6.0,1.8,0.6,0.4,-1.5,0.40000000000000013,0.20000000000000007,1.4,1.1,0.8,0.40000000000000013,0.6000000000000001,0.7,0.0,0.0,0.4,0.2,0.0,2023-24,20230818|Sheffield United|Nottingham Forest,2,1,3,home
2023-08-19,Liverpool,Bournemouth,0.8622489951421349,1.8,2.0,1.2,0.8,0.4,0.6,2.4,2.6,1.3,1.3,0.7,0.3,6.0,0.2,0.4,1.6,-1.2,0.0,0.2,1.3,1.1,1.5,-0.4,0.4,0.1,7.0,2.4,1.2,1.5,-0.6,1.6,1.0999999999999999,1.6,1.5,-0.40000000000000013,-0.19999999999999996,2.0,1.7000000000000002,0.4,0.29999999999999993,0.39999999999999997,0.19999999999999998,-1.0,2023-24,20230819|Bournemouth|Liverpool,3,1,4,home
2023-08-19,Fulham,Brentford,0.46770170987971743,2.0,2.2,1.4,0.8,0.6,0.2,1.6,1.7,1.3,0.4,0.5,0.1,7.0,2.0,1.6,0.8,0.8,0.6,0.2,1.7,1.4,1.0,0.4,0.5,0.2,6.0,1.4,1.2,0.0,0.1,0.0,-0.09999999999999987,0.6000000000000001,0.30000000000000004,0.5999999999999999,0.30000000000000004,0.0,0.0,0.0,0.0,0.0,-0.1,1.0,2023-24,20230819|Brentford|Fulham,0,3,3,away
2023-08-19,Wolverhampton Wanderers,Brighton and Hove Albion,0.4050861950424057,0.8,0.4,1.8,-1.4,0.2,0.2,1.3,0.8,1.7,-0.9,0.4,0.1,5.0,1.4,2.0,1.8,0.2,0.4,0.2,1.6,2.2,1.7,0.5,0.5,0.1,7.0,2.2,1.2,0.8,-0.1,-0.5999999999999999,-0.30000000000000004,-1.6,-1.4000000000000001,0.0,0.0,-1.5999999999999999,-1.4,-0.2,-0.09999999999999998,0.0,0.0,-2.0,2023-24,20230819|Brighton and Hove Albion|Wolverhampton Wanderers,1,4,5,away
2023-08-19,Tottenham Hotspur,Manchester United,0.4778602058173646,1.4,1.8,1.6,0.2,0.4,0.2,1.1,1.9,2.4,-0.5,0.3,0.2,6.0,3.0,2.0,0.4,1.6,1.0,0.0,2.2,1.5,0.6,0.9,0.7,0.1,5.0,1.9,1.1,0.4,-0.7,-1.6,-1.1,-0.19999999999999996,0.3999999999999999,1.2000000000000002,1.7999999999999998,-1.4000000000000001,-1.4,-0.6,-0.39999999999999997,0.2,0.1,1.0,2023-24,20230819|Manchester United|Tottenham Hotspur,2,0,2,home
2023-08-19,Manchester City,Newcastle United,0.7729431787497284,2.0,1.6,0.4,1.2,0.6,0.2,2.5,2.2,0.6,1.6,0.8,0.1,8.0,1.8,2.4,1.0,1.4,0.4,0.6,1.8,2.5,1.3,1.2,0.5,0.3,7.0,3.0,1.6,2.2,0.4,0.19999999999999996,0.7,-0.7999999999999998,-0.2999999999999998,-0.6,-0.7000000000000001,-0.19999999999999996,0.40000000000000013,0.19999999999999996,0.30000000000000004,-0.39999999999999997,-0.19999999999999998,1.0,2023-24,20230819|Newcastle United|Manchester City,1,0,1,home
2023-08-20,West Ham United,Chelsea,0.5615111221162331,1.4,1.2,1.2,0.0,0.4,0.2,1.1,1.6,1.7,-0.1,0.3,0.2,8.0,0.6,1.0,1.8,-0.8,0.0,0.6,0.6,1.0,1.8,-0.8,0.1,0.3,7.0,1.8,0.8,0.5,-0.6,0.7999999999999999,0.5000000000000001,0.19999999999999996,0.6000000000000001,-0.6000000000000001,-0.10000000000000009,0.8,0.7000000000000001,0.4,0.19999999999999998,-0.39999999999999997,-0.09999999999999998,1.0,2023-24,20230820|Chelsea|West Ham United,3,1,4,home
2023-08-20,Aston Villa,Everton,0.774326141060707,1.4,1.2,1.8,-0.6,0.4,0.2,1.7,1.3,1.1,0.2,0.5,0.2,8.0,1.4,1.4,1.2,0.2,0.4,0.2,0.9,1.1,1.7,-0.6,0.2,0.3,8.0,2.4,0.8,0.9,-0.6,0.0,0.7999999999999999,-0.19999999999999996,0.19999999999999996,0.6000000000000001,-0.5999999999999999,-0.8,0.8,0.0,0.3,0.0,-0.09999999999999998,0.0,2023-24,20230820|Everton|Aston Villa,4,0,4,home
2023-08-21,Crystal Palace,Arsenal,0.3373275716751376,1.6,1.2,0.8,0.4,0.4,0.4,1.8,1.7,1.0,0.7,0.5,0.3,9.0,1.8,1.8,1.0,0.8,0.6,0.0,1.5,2.0,1.7,0.3,0.4,0.3,9.0,1.5,1.7,0.3,0.5,-0.19999999999999996,0.30000000000000004,-0.6000000000000001,-0.30000000000000004,-0.19999999999999996,-0.7,-0.4,0.39999999999999997,-0.19999999999999996,0.09999999999999998,0.4,0.0,0.0,2023-24,20230821|Arsenal|Crystal Palace,0,1,1,away
2023-08-25,Chelsea,Luton Town,0.5897831265752848,0.4,0.8,2.0,-1.2,0.0,0.4,0.6,1.1,2.0,-0.9,0.1,0.3,5.0,0.0,1.0,4.0,-3.0,0.0,0.0,0.0,1.0,4.0,-3.0,0.0,0.0,13.0,0.8,0.0,-0.5,-3.0,0.4,0.6,-0.19999999999999996,0.10000000000000009,-2.0,-2.0,1.8,2.1,0.0,0.1,0.4,0.3,-8.0,2023-24,20230825|Luton Town|Chelsea,3,0,3,home
2023-08-26,Brentford,Crystal Palace,0.7215340746661608,2.6,2.2,0.6,1.6,0.8,0.2,2.0,1.6,0.8,0.8,0.6,0.2,7.0,1.6,1.2,0.8,0.4,0.4,0.4,1.5,1.2,1.0,0.2,0.4,0.3,5.0,1.9,1.1,0.7,-0.1,1.0,0.5,1.0000000000000002,0.40000000000000013,-0.20000000000000007,-0.19999999999999996,1.2000000000000002,0.6000000000000001,0.4,0.19999999999999996,-0.2,-0.09999999999999998,2.0,2023-24,20230826|Crystal Palace|Brentford,1,1,2,draw
2023-08-26,Arsenal,Fulham,0.8360794460569965,1.8,1.6,1.0,0.6,0.6,0.0,1.7,1.9,1.5,0.4,0.5,0.2,5.0,1.4,1.2,1.4,-0.2,0.4,0.2,1.3,1.4,1.5,-0.1,0.4,0.1,7.0,2.2,1.3,1.4,0.1,0.40000000000000013,0.3999999999999999,0.40000000000000013,0.5,-0.3999999999999999,0.0,0.8,0.5,0.19999999999999996,0.09999999999999998,-0.2,0.1,-2.0,2023-24,20230826|Fulham|Arsenal,2,2,4,draw
2023-08-26,Manchester United,Nottingham Forest,0.794244102900535,2.4,1.6,0.8,0.8,0.8,0.0,1.9,1.3,0.8,0.5,0.6,0.1,7.0,1.6,1.4,1.2,0.2,0.4,0.4,1.4,1.7,1.7,0.0,0.4,0.2,8.0,2.6,0.2,1.4,-1.4,0.7999999999999998,0.5,0.20000000000000018,-0.3999999999999999,-0.3999999999999999,-0.8999999999999999,0.6000000000000001,0.5,0.4,0.19999999999999996,-0.4,-0.1,-1.0,2023-24,20230826|Nottingham Forest|Manchester United,3,2,5,home
2023-08-26,Bournemouth,Tottenham Hotspur,0.37236656279108177,0.2,0.4,1.6,-1.2,0.0,0.2,1.0,1.1,1.8,-0.7,0.3,0.1,7.0,1.4,2.0,1.6,0.4,0.4,0.2,1.1,1.9,2.3,-0.4,0.3,0.2,7.0,1.1,0.9,-0.7,-0.7,-1.2,-0.10000000000000009,-1.6,-0.7999999999999998,0.0,-0.4999999999999998,-1.6,-0.29999999999999993,-0.4,0.0,0.0,-0.1,0.0,2023-24,20230826|Tottenham Hotspur|Bournemouth,0,2,2,away
2023-08-26,Brighton and Hove Albion,West Ham United,0.7298115462313111,2.0,2.6,1.2,1.4,0.6,0.2,1.9,2.5,1.5,1.0,0.6,0.1,7.0,1.4,1.6,1.4,0.2,0.4,0.2,1.3,1.7,1.6,0.1,0.4,0.1,6.0,2.0,0.8,1.2,-0.8,0.6000000000000001,0.5999999999999999,1.0,0.8,-0.19999999999999996,-0.10000000000000009,1.2,0.9,0.19999999999999996,0.19999999999999996,0.0,0.0,1.0,2023-24,20230826|West Ham United|Brighton and Hove Albion,1,3,4,away
2023-08-26,Everton,Wolverhampton Wanderers,0.5659450259188924,0.8,0.4,1.8,-1.4,0.2,0.2,0.9,1.1,1.9,-0.8,0.2,0.3,6.0,0.2,0.4,2.6,-2.2,0.0,0.2,1.0,0.8,2.1,-1.3,0.3,0.1,7.0,1.3,0.5,-0.7,-1.7,0.6000000000000001,-0.09999999999999998,0.0,0.30000000000000004,-0.8,-0.20000000000000018,0.8000000000000003,0.5,0.2,-0.09999999999999998,0.0,0.19999999999999998,-1.0,2023-24,20230826|Wolverhampton Wanderers|Everton,0,1,1,away
2023-08-27,Burnley,Aston Villa,0.3494829193467092,0.2,0.6,2.0,-1.4,0.0,0.2,1.1,0.9,1.4,-0.5,0.3,0.2,16.0,2.0,2.0,1.6,0.4,0.6,0.2,1.7,1.5,1.1,0.4,0.5,0.2,7.0,1.2,1.2,-0.9,-0.3,-1.8,-0.5999999999999999,-1.4,-0.6,0.3999999999999999,0.2999999999999998,-1.7999999999999998,-0.9,-0.6,-0.2,0.0,0.0,9.0,2023-24,20230827|Aston Villa|Burnley,1,3,4,away
2023-08-27,Newcastle United,Liverpool,0.5335958285723907,1.6,2.0,0.8,1.2,0.4,0.4,1.8,2.5,1.1,1.4,0.5,0.3,8.0,1.8,2.4,1.4,1.0,0.4,0.6,2.4,2.3,1.3,1.0,0.7,0.3,8.0,2.0,1.6,1.3,0.7,-0.19999999999999996,-0.5999999999999999,-0.3999999999999999,0.20000000000000018,-0.5999999999999999,-0.19999999999999996,0.19999999999999996,0.3999999999999999,0.0,-0.19999999999999996,-0.19999999999999996,0.0,0.0,2023-24,20230827|Liverpool|Newcastle United,1,2,3,away
2023-08-27,Sheffield United,Manchester City,0.08490424919112975,1.2,0.6,0.8,-0.2,0.4,0.0,0.9,0.4,1.4,-1.0,0.3,0.0,9.0,2.0,1.2,0.4,0.8,0.6,0.2,2.5,2.0,0.5,1.5,0.8,0.1,8.0,1.2,2.3,-0.7,1.5,-0.8,-1.6,-0.6,-1.6,0.4,0.8999999999999999,-1.0,-2.5,-0.19999999999999996,-0.5,-0.2,-0.1,1.0,2023-24,20230827|Manchester City|Sheffield United,1,2,3,away
2023-09-01,Luton Town,West Ham United,0.5398665279705689,0.0,0.5,3.5,-3.0,0.0,0.0,0.0,0.5,3.5,-3.0,0.0,0.0,7.0,2.0,2.2,1.2,1.0,0.6,0.2,1.3,1.6,1.7,-0.1,0.4,0.1,6.0,,1.0,,-0.6,-2.0,-1.3,-1.7000000000000002,-1.1,2.3,1.8,-4.0,-2.9,-0.6,-0.4,-0.2,-0.1,1.0,2023-24,20230901|West Ham United|Luton Town,1,2,3,away
2023-09-02,Brentford,Bournemouth,0.8004063994790265,2.2,2.0,0.8,1.2,0.6,0.4,2.1,1.7,0.7,1.0,0.6,0.3,7.0,0.2,0.4,1.6,-1.2,0.0,0.2,0.7,0.8,1.8,-1.0,0.2,0.1,7.0,1.7,1.2,0.4,-0.6,2.0,1.4000000000000001,1.6,0.8999999999999999,-0.8,-1.1,2.4,2.0,0.6,0.39999999999999997,0.2,0.19999999999999998,0.0,2023-24,20230902|Bournemouth|Brentford,2,2,4,draw
2023-09-02,Sheffield United,Everton,0.4806072107176627,0.6,0.6,1.2,-0.6,0.2,0.0,0.9,0.5,1.3,-0.8,0.3,0.0,6.0,0.8,0.4,1.4,-1.0,0.2,0.2,0.9,1.0,1.7,-0.7,0.2,0.3,7.0,0.9,0.8,-0.9,-0.8,-0.20000000000000007,0.0,0.19999999999999996,-0.5,-0.19999999999999996,-0.3999999999999999,0.4,-0.10000000000000009,0.0,0.09999999999999998,-0.2,-0.3,-1.0,2023-24,20230902|Everton|Sheffield United,2,2,4,draw
2023-09-02,Manchester City,Fulham,0.9026773545870067,2.0,1.4,0.6,0.8,0.6,0.2,2.5,1.8,0.5,1.3,0.8,0.1,6.0,1.0,1.2,1.8,-0.6,0.2,0.4,1.1,1.4,1.6,-0.2,0.3,0.2,7.0,3.0,1.3,2.1,0.1,1.0,1.4,0.19999999999999996,0.40000000000000013,-1.2000000000000002,-1.1,1.4,1.5,0.39999999999999997,0.5,-0.2,-0.1,-1.0,2023-24,20230902|Fulham|Manchester City,5,1,6,home
2023-09-02,Brighton and Hove Albion,Newcastle United,0.5117241880211914,1.4,2.2,1.6,0.6,0.4,0.2,1.6,2.0,1.8,0.2,0.5,0.1,7.0,1.0,1.4,1.0,0.4,0.2,0.4,1.5,2.0,1.2,0.8,0.4,0.3,6.0,2.0,1.5,1.1,0.3,0.3999999999999999,0.10000000000000009,0.8000000000000003,0.0,0.6000000000000001,0.6000000000000001,0.19999999999999996,-0.6000000000000001,0.2,0.09999999999999998,-0.2,-0.19999999999999998,1.0,2023-24,20230902|Newcastle United|Brighton and Hove Albion,3,1,4,home
2023-09-02,Chelsea,Nottingham Forest,0.6500709454214302,1.0,1.4,1.8,-0.4,0.2,0.4,0.9,1.3,1.8,-0.5,0.2,0.3,8.0,1.4,1.4,1.4,0.0,0.4,0.2,1.4,1.9,1.8,0.1,0.4,0.2,7.0,1.1,0.2,-0.1,-1.3,-0.3999999999999999,-0.4999999999999999,0.0,-0.5999999999999999,0.40000000000000013,0.0,-0.4,-0.6,-0.2,-0.2,0.2,0.09999999999999998,1.0,2023-24,20230902|Nottingham Forest|Chelsea,0,1,1,away
2023-09-02,Burnley,Tottenham Hotspur,0.3258482766594075,0.2,0.6,2.0,-1.4,0.0,0.2,1.1,1.0,1.5,-0.5,0.3,0.2,6.0,2.0,2.2,1.2,1.0,0.6,0.2,1.4,1.9,2.0,-0.1,0.4,0.2,7.0,0.9,0.9,-1.2,-0.6,-1.8,-0.2999999999999998,-1.6,-0.8999999999999999,0.8,-0.5,-2.4,-0.4,-0.6,-0.10000000000000003,0.0,0.0,-1.0,2023-24,20230902|Tottenham Hotspur|Burnley,2,5,7,away
2023-09-03,Liverpool,Aston Villa,0.7290462226751089,1.8,2.2,1.6,0.6,0.4,0.6,2.4,2.2,1.2,1.0,0.7,0.3,7.0,2.0,2.2,1.6,0.6,0.6,0.2,1.7,1.5,1.2,0.3,0.5,0.2,7.0,2.6,1.5,1.7,0.1,-0.19999999999999996,0.7,0.0,0.7000000000000002,0.0,0.0,0.0,0.7,-0.19999999999999996,0.19999999999999996,0.39999999999999997,0.09999999999999998,0.0,2023-24,20230903|Aston Villa|Liverpool,3,0,3,home
2023-09-03,Arsenal,Manchester United,0.6622015431584692,2.0,2.0,0.8,1.2,0.6,0.2,1.7,1.9,1.5,0.4,0.5,0.2,8.0,2.4,2.0,1.2,0.8,0.8,0.0,2.1,1.4,0.8,0.6,0.7,0.0,8.0,2.3,1.0,1.6,-0.9,-0.3999999999999999,-0.40000000000000013,0.0,0.5,-0.3999999999999999,0.7,0.3999999999999999,-0.19999999999999996,-0.20000000000000007,-0.19999999999999996,0.2,0.2,0.0,2023-24,20230903|Manchester United|Arsenal,3,1,4,home
2023-09-03,Crystal Palace,Wolverhampton Wanderers,0.6567284352439434,1.2,1.0,1.0,0.0,0.2,0.6,1.3,1.1,1.1,0.0,0.3,0.4,8.0,0.8,0.6,2.2,-1.6,0.2,0.2,1.0,0.7,2.1,-1.4,0.3,0.1,8.0,1.4,0.5,0.2,-1.7,0.3999999999999999,0.30000000000000004,0.4,0.40000000000000013,-1.2000000000000002,-1.0,1.6,1.4,0.0,0.0,0.39999999999999997,0.30000000000000004,0.0,2023-24,20230903|Wolverhampton Wanderers|Crystal Palace,3,2,5,home
2023-09-16,Newcastle United,Brentford,0.6378682738449512,0.8,1.6,1.6,0.0,0.2,0.2,1.2,1.7,1.4,0.3,0.3,0.3,14.0,1.8,1.8,1.0,0.8,0.4,0.6,2.1,1.8,0.8,1.0,0.6,0.3,14.0,1.9,1.4,1.2,0.4,-1.0,-0.9000000000000001,-0.19999999999999996,-0.10000000000000009,0.6000000000000001,0.5999999999999999,-0.8,-0.7,-0.2,-0.3,-0.39999999999999997,0.0,0.0,2023-24,20230916|Brentford|Newcastle United,1,0,1,home
2023-09-16,Manchester United,Brighton and Hove Albion,0.6426577746509651,1.8,1.4,1.6,-0.2,0.6,0.0,1.8,1.4,1.1,0.3,0.6,0.0,13.0,1.8,2.6,1.6,1.0,0.6,0.0,1.6,2.2,1.9,0.3,0.5,0.1,14.0,2.8,1.4,1.5,0.2,0.0,0.19999999999999996,-1.2000000000000002,-0.8000000000000003,0.0,-0.7999999999999998,-1.2,0.0,0.0,0.09999999999999998,0.0,-0.1,-1.0,2023-24,20230916|Brighton and Hove Albion|Manchester United,1,3,4,away
2023-09-16,Aston Villa,Crystal Palace,0.6921181780770003,1.8,2.0,2.0,0.0,0.6,0.0,1.6,1.4,1.4,0.0,0.5,0.1,13.0,1.6,1.2,1.0,0.2,0.4,0.4,1.5,1.4,1.3,0.1,0.4,0.3,13.0,2.4,1.1,1.2,-0.1,0.19999999999999996,0.10000000000000009,0.8,0.0,1.0,0.09999999999999987,-0.2,-0.1,0.19999999999999996,0.09999999999999998,-0.4,-0.19999999999999998,0.0,2023-24,20230916|Crystal Palace|Aston Villa,3,1,4,home
2023-09-16,Wolverhampton Wanderers,Liverpool,0.23867656968643874,0.6,0.8,2.6,-1.8,0.2,0.0,1.0,0.8,2.2,-1.4,0.3,0.1,13.0,2.2,2.6,1.4,1.2,0.6,0.4,2.4,2.3,1.1,1.2,0.7,0.3,13.0,1.9,1.6,0.4,0.6,-1.6,-1.4,-1.8,-1.4999999999999998,1.2000000000000002,1.1,-3.0,-2.5999999999999996,-0.39999999999999997,-0.39999999999999997,-0.4,-0.19999999999999998,0.0,2023-24,20230916|Liverpool|Wolverhampton Wanderers,1,3,4,away
2023-09-16,Fulham,Luton Town,0.6253975010211196,0.8,1.0,2.4,-1.4,0.2,0.2,1.1,1.5,2.0,-0.5,0.3,0.2,14.0,0.0,0.6666666666666666,3.0,-2.3333333333333335,0.0,0.0,0.0,0.6666666666666666,3.0,-2.3333333333333335,0.0,0.0,15.0,1.1,0.0,-0.4,-3.0,0.8,1.1,0.33333333333333337,0.8333333333333334,-0.6000000000000001,-1.0,0.9333333333333336,1.8333333333333335,0.2,0.3,0.2,0.2,-1.0,2023-24,20230916|Luton Town|Fulham,1,0,1,home
2023-09-16,West Ham United,Manchester City,0.2182816302812895,2.0,2.0,1.2,0.8,0.6,0.2,1.6,1.7,1.6,0.1,0.5,0.1,15.0,2.4,2.2,0.6,1.6,0.8,0.0,2.5,2.1,0.5,1.6,0.8,0.1,14.0,1.8,2.3,0.5,1.4,-0.3999999999999999,-0.8999999999999999,-0.20000000000000018,-0.40000000000000013,0.6,1.1,-0.8,-1.5,-0.20000000000000007,-0.30000000000000004,0.2,0.0,1.0,2023-24,20230916|Manchester City|West Ham United,1,3,4,away
2023-09-16,Tottenham Hotspur,Sheffield United,0.8774955546347983,2.6,3.0,1.0,2.0,0.8,0.2,1.7,2.3,1.6,0.7,0.5,0.2,14.0,0.8,1.0,1.4,-0.4,0.2,0.2,1.0,0.7,1.4,-0.7,0.3,0.1,14.0,2.2,0.3,0.8,-1.7,1.8,0.7,2.0,1.5999999999999999,-0.3999999999999999,0.20000000000000018,2.4,1.4,0.6000000000000001,0.2,0.0,0.1,0.0,2023-24,20230916|Sheffield United|Tottenham Hotspur,2,1,3,home
2023-09-17,Everton,Arsenal,0.21053662079142585,0.8,0.6,1.6,-1.0,0.2,0.2,0.9,1.2,1.9,-0.7,0.2,0.3,15.0,2.6,2.6,0.8,1.8,0.8,0.2,1.9,1.9,1.3,0.6,0.6,0.1,14.0,1.0,1.7,-0.9,0.4,-1.8,-0.9999999999999999,-2.0,-0.7,0.8,0.5999999999999999,-2.8,-1.2999999999999998,-0.6000000000000001,-0.39999999999999997,0.0,0.19999999999999998,1.0,2023-24,20230917|Arsenal|Everton,0,1,1,away
2023-09-17,Bournemouth,Chelsea,0.5088789327706189,0.4,0.8,1.8,-1.0,0.0,0.4,0.8,1.0,1.6,-0.6,0.2,0.2,15.0,1.0,1.2,1.2,0.0,0.2,0.4,0.9,1.3,1.7,-0.4,0.2,0.3,15.0,1.0,0.8,-0.9,-0.7,-0.6,-0.09999999999999998,-0.3999999999999999,-0.30000000000000004,0.6000000000000001,-0.09999999999999987,-1.0,-0.19999999999999996,-0.2,0.0,0.0,-0.09999999999999998,0.0,2023-24,20230917|Chelsea|Bournemouth,0,0,0,draw
2023-09-18,Nottingham Forest,Burnley,0.7003375843384272,1.4,1.4,1.4,0.0,0.4,0.2,1.7,1.8,1.5,0.3,0.5,0.2,16.0,0.2,1.0,2.8,-1.8,0.0,0.2,1.0,1.1,1.9,-0.8,0.3,0.1,16.0,1.8,1.0,0.3,-0.3,1.2,0.7,0.3999999999999999,0.7,-1.4,-0.3999999999999999,1.8,1.1,0.4,0.2,0.0,0.1,0.0,2023-24,20230918|Burnley|Nottingham Forest,1,1,2,draw
2023-09-23,Brentford,Everton,0.8001378212209257,1.2,1.6,1.2,0.4,0.2,0.6,1.8,1.6,0.9,0.7,0.5,0.3,7.0,0.2,0.4,1.8,-1.4,0.0,0.2,0.9,1.1,1.6,-0.5,0.2,0.3,6.0,1.7,0.9,0.4,-0.6,1.0,0.9,1.2000000000000002,0.5,-0.6000000000000001,-0.7000000000000001,1.7999999999999998,1.2,0.2,0.3,0.39999999999999997,0.0,1.0,2023-24,20230923|Everton|Brentford,1,3,4,away
2023-09-23,Crystal Palace,Fulham,0.6039703568014478,1.4,1.2,1.4,-0.2,0.4,0.2,1.5,1.5,1.4,0.1,0.4,0.3,7.0,1.4,1.0,2.0,-1.0,0.4,0.2,1.4,1.5,1.8,-0.3,0.4,0.2,7.0,1.6,1.0,0.3,-0.4,0.0,0.10000000000000009,0.19999999999999996,0.0,-0.6000000000000001,-0.40000000000000013,0.8,0.4,0.0,0.0,0.0,0.09999999999999998,0.0,2023-24,20230923|Fulham|Crystal Palace,0,0,0,draw
2023-09-23,Burnley,Manchester United,0.30057926177443656,0.2,1.0,2.8,-1.8,0.0,0.2,0.8,1.0,2.0,-1.0,0.2,0.2,5.0,1.2,1.2,2.0,-0.8,0.4,0.0,1.8,1.5,1.3,0.2,0.6,0.0,7.0,0.9,1.0,-1.3,-1.0,-1.0,-1.0,-0.19999999999999996,-0.5,0.7999999999999998,0.7,-1.0,-1.2,-0.4,-0.39999999999999997,0.2,0.2,-2.0,2023-24,20230923|Manchester United|Burnley,0,1,1,away
2023-09-23,Manchester City,Nottingham Forest,0.9159510124862699,3.0,2.8,0.6,2.2,1.0,0.0,2.5,2.1,0.6,1.5,0.8,0.1,7.0,1.4,1.4,1.4,0.0,0.4,0.2,1.5,1.6,1.5,0.1,0.4,0.3,5.0,3.0,0.5,2.2,-0.8,1.6,1.0,1.4,0.5,-0.7999999999999999,-0.9,2.2,1.4,0.6,0.4,-0.2,-0.19999999999999998,2.0,2023-24,20230923|Nottingham Forest|Manchester City,2,0,2,home
2023-09-23,Luton Town,Wolverhampton Wanderers,0.6084923347799734,0.0,0.5,2.5,-2.0,0.0,0.0,0.0,0.5,2.5,-2.0,0.0,0.0,7.0,0.6,1.0,2.2,-1.2,0.2,0.0,0.7,0.7,2.5,-1.8,0.2,0.1,7.0,0.0,0.4,-1.0,-1.8,-0.6,-0.7,-0.5,-0.19999999999999996,0.2999999999999998,0.0,-0.8,-0.19999999999999996,-0.2,-0.2,0.0,-0.1,0.0,2023-24,20230923|Wolverhampton Wanderers|Luton Town,1,1,2,draw
2023-09-24,Chelsea,Aston Villa,0.4294379304910066,1.0,1.0,1.0,0.0,0.2,0.4,1.0,1.2,1.4,-0.2,0.2,0.4,7.0,1.8,2.2,2.0,0.2,0.6,0.0,1.6,1.6,1.5,0.1,0.5,0.1,8.0,0.8,1.2,-0.3,-0.4,-0.8,-0.6000000000000001,-1.2000000000000002,-0.40000000000000013,-1.0,-0.10000000000000009,-0.2,-0.30000000000000004,-0.39999999999999997,-0.3,0.4,0.30000000000000004,-1.0,2023-24,20230924|Aston Villa|Chelsea,0,1,1,away
2023-09-24,Brighton and Hove Albion,Bournemouth,0.8098655982516202,2.4,3.0,1.4,1.6,0.8,0.0,1.9,2.4,1.5,0.9,0.6,0.1,8.0,0.6,0.8,1.6,-0.8,0.0,0.6,0.6,0.9,1.6,-0.7,0.1,0.3,7.0,2.0,1.3,0.9,-0.5,1.7999999999999998,1.2999999999999998,2.2,1.5,-0.20000000000000018,-0.10000000000000009,2.4000000000000004,1.6,0.8,0.5,-0.6,-0.19999999999999998,1.0,2023-24,20230924|Bournemouth|Brighton and Hove Albion,3,1,4,home
2023-09-24,Sheffield United,Newcastle United,0.20171052279872867,0.2,1.0,1.8,-0.8,0.0,0.2,0.7,0.7,1.6,-0.9,0.2,0.1,8.0,1.2,1.6,1.4,0.2,0.4,0.0,1.2,1.5,1.3,0.2,0.3,0.3,8.0,1.0,1.4,-0.8,0.1,-1.0,-0.5,-0.6000000000000001,-0.8,0.40000000000000013,0.30000000000000004,-1.0,-1.1,-0.4,-0.09999999999999998,0.2,-0.19999999999999998,0.0,2023-24,20230924|Newcastle United|Sheffield United,0,8,8,away
2023-09-24,Arsenal,Tottenham Hotspur,0.7181539149643399,2.6,1.8,0.8,1.0,0.8,0.2,2.2,1.9,0.9,1.0,0.7,0.1,7.0,2.6,2.6,1.0,1.6,0.8,0.2,1.9,2.3,1.5,0.8,0.6,0.1,8.0,2.3,1.2,1.4,0.0,0.0,0.30000000000000027,-0.8,-0.3999999999999999,-0.19999999999999996,-0.6,-0.6000000000000001,0.19999999999999996,0.0,0.09999999999999998,0.0,0.0,-1.0,2023-24,20230924|Tottenham Hotspur|Arsenal,2,2,4,draw
2023-09-24,Liverpool,West Ham United,0.8207226579462447,2.6,2.4,0.8,1.6,0.8,0.2,2.4,2.2,0.9,1.3,0.7,0.3,8.0,2.0,2.0,1.4,0.6,0.6,0.2,1.6,1.5,1.5,0.0,0.5,0.1,8.0,2.6,1.3,1.8,-0.3,0.6000000000000001,0.7999999999999998,0.3999999999999999,0.7000000000000002,-0.5999999999999999,-0.6,1.0,1.3,0.20000000000000007,0.19999999999999996,0.0,0.19999999999999998,0.0,2023-24,20230924|West Ham United|Liverpool,3,1,4,home
2023-09-30,Bournemouth,Arsenal,0.22215550554593208,0.4,0.8,2.0,-1.2,0.0,0.4,0.3,0.6,1.8,-1.2,0.0,0.3,6.0,2.2,1.8,1.0,0.8,0.6,0.4,2.0,1.8,1.0,0.8,0.6,0.2,6.0,1.1,2.0,-0.6,0.6,-1.8000000000000003,-1.7,-1.0,-1.2000000000000002,1.0,0.8,-2.0,-2.0,-0.6,-0.6,0.0,0.09999999999999998,0.0,2023-24,20230930|Arsenal|Bournemouth,0,4,4,away
2023-09-30,Aston Villa,Brighton and Hove Albion,0.5823670508704504,2.4,2.2,1.0,1.2,0.8,0.0,1.9,1.7,1.4,0.3,0.6,0.1,6.0,2.4,2.8,1.4,1.4,0.8,0.0,1.9,2.4,1.6,0.8,0.6,0.1,6.0,2.7,1.6,1.6,0.4,0.0,0.0,-0.5999999999999996,-0.7,-0.3999999999999999,-0.20000000000000018,-0.19999999999999996,-0.5,0.0,0.0,0.0,0.0,0.0,2023-24,20230930|Brighton and Hove Albion|Aston Villa,6,1,7,home
2023-09-30,Newcastle United,Burnley,0.8578234703548471,1.2,2.2,1.2,1.0,0.4,0.0,1.5,2.3,1.1,1.2,0.4,0.3,6.0,0.2,0.8,2.6,-1.8,0.0,0.2,0.5,0.9,2.1,-1.2,0.1,0.2,7.0,2.2,1.1,1.5,-0.1,1.0,1.0,1.4000000000000001,1.4,-1.4000000000000001,-1.0,2.8,2.4,0.4,0.30000000000000004,-0.2,0.09999999999999998,-1.0,2023-24,20230930|Burnley|Newcastle United,2,0,2,home
2023-09-30,Manchester United,Crystal Palace,0.7397190017259008,1.2,1.2,2.0,-0.8,0.4,0.0,2.1,1.6,1.2,0.4,0.7,0.0,7.0,1.0,1.0,1.4,-0.4,0.2,0.4,1.3,1.1,1.1,0.0,0.3,0.4,7.0,2.5,1.1,1.0,-0.2,0.19999999999999996,0.8,0.19999999999999996,0.5,0.6000000000000001,0.09999999999999987,-0.4,0.4,0.2,0.39999999999999997,-0.4,-0.4,0.0,2023-24,20230930|Crystal Palace|Manchester United,0,1,1,away
2023-09-30,Tottenham Hotspur,Liverpool,0.43347880910670766,2.6,2.6,1.0,1.6,0.8,0.2,2.0,2.2,1.3,0.9,0.6,0.2,6.0,3.0,2.8,0.8,2.0,1.0,0.0,2.4,2.4,1.0,1.4,0.7,0.3,6.0,2.2,1.8,0.8,0.8,-0.3999999999999999,-0.3999999999999999,-0.19999999999999973,-0.19999999999999973,0.19999999999999996,0.30000000000000004,-0.3999999999999999,-0.4999999999999999,-0.19999999999999996,-0.09999999999999998,0.2,-0.09999999999999998,0.0,2023-24,20230930|Liverpool|Tottenham Hotspur,2,1,3,home
2023-09-30,Everton,Luton Town,0.5582801143224384,0.8,1.0,1.8,-0.8,0.2,0.2,1.1,1.2,1.5,-0.3,0.3,0.2,7.0,0.2,0.6,2.2,-1.6,0.0,0.2,0.2,0.6,2.2,-1.6,0.0,0.2,7.0,0.7,0.0,-1.1,-2.3333333333333335,0.6000000000000001,0.9000000000000001,0.4,0.6,-0.40000000000000013,-0.7000000000000002,0.8,1.3,0.2,0.3,0.0,0.0,0.0,2023-24,20230930|Luton Town|Everton,1,2,3,away
2023-09-30,Wolverhampton Wanderers,Manchester City,0.1395873834614475,0.8,1.2,2.2,-1.0,0.2,0.2,0.8,0.8,2.0,-1.2,0.2,0.2,7.0,3.0,2.6,0.6,2.0,1.0,0.0,2.5,2.1,0.5,1.6,0.8,0.1,7.0,1.6,2.5,-0.1,1.6,-2.2,-1.7,-1.4000000000000001,-1.3,1.6,1.5,-3.0,-2.8,-0.8,-0.6000000000000001,0.2,0.1,0.0,2023-24,20230930|Manchester City|Wolverhampton Wanderers,2,1,3,home
2023-09-30,West Ham United,Sheffield United,0.8197859826457224,1.8,2.0,1.8,0.2,0.6,0.0,1.6,1.6,1.5,0.1,0.5,0.1,6.0,0.2,1.0,3.2,-2.2,0.0,0.2,0.7,0.7,2.0,-1.3,0.2,0.1,6.0,1.7,0.3,0.3,-1.7,1.6,0.9000000000000001,1.0,0.9000000000000001,-1.4000000000000001,-0.5,2.4000000000000004,1.4000000000000001,0.6,0.3,-0.2,0.0,0.0,2023-24,20230930|Sheffield United|West Ham United,2,0,2,home
2023-10-01,Nottingham Forest,Brentford,0.4720755371886459,1.4,1.2,1.4,-0.2,0.4,0.2,1.5,1.5,1.5,0.0,0.4,0.3,8.0,1.0,1.4,1.4,0.0,0.2,0.4,1.5,1.5,1.1,0.4,0.4,0.3,8.0,1.6,1.3,0.2,0.3,0.3999999999999999,0.0,-0.19999999999999996,0.0,0.0,0.3999999999999999,-0.2,-0.4,0.2,0.0,-0.2,0.0,0.0,2023-24,20231001|Brentford|Nottingham Forest,1,1,2,draw
2023-10-02,Fulham,Chelsea,0.6280996656964581,1.0,0.8,2.0,-1.2,0.2,0.4,1.5,1.5,1.7,-0.2,0.4,0.3,9.0,0.8,0.8,1.0,-0.2,0.2,0.2,0.7,0.9,1.4,-0.5,0.1,0.4,8.0,1.4,0.8,-0.2,-0.7,0.19999999999999996,0.8,0.0,0.6,1.0,0.30000000000000004,-1.0,0.3,0.0,0.30000000000000004,0.2,-0.10000000000000003,1.0,2023-24,20231002|Chelsea|Fulham,0,2,2,away
2023-10-03,Luton Town,Burnley,0.6949859089137399,0.8,0.8,1.6,-0.8,0.2,0.2,0.6666666666666666,0.8333333333333334,2.0,-1.1666666666666667,0.16666666666666666,0.16666666666666666,3.0,0.2,0.8,2.4,-1.6,0.0,0.2,0.2,0.7,2.2,-1.5,0.0,0.2,3.0,0.5,1.0,-0.5,-0.3,0.6000000000000001,0.4666666666666666,0.0,0.13333333333333341,-0.7999999999999998,-0.20000000000000018,0.8,0.33333333333333326,0.2,0.16666666666666666,0.0,-0.033333333333333354,0.0,2023-24,20231003|Burnley|Luton Town,1,2,3,away
2023-10-07,Everton,Bournemouth,0.5906668680943615,0.8,1.2,1.4,-0.2,0.2,0.2,0.8,0.8,1.6,-0.8,0.2,0.2,7.0,0.4,0.6,2.2,-1.6,0.0,0.4,0.3,0.5,1.9,-1.4,0.0,0.3,7.0,0.7,1.0,-1.0,-0.8,0.4,0.5,0.6,0.30000000000000004,-0.8000000000000003,-0.2999999999999998,1.4000000000000001,0.5999999999999999,0.2,0.2,-0.2,-0.09999999999999998,0.0,2023-24,20231007|Bournemouth|Everton,3,0,3,home
2023-10-07,Manchester United,Brentford,0.6542612155670514,1.2,1.2,1.8,-0.6,0.4,0.0,1.8,1.4,1.3,0.1,0.6,0.0,7.0,0.6,1.0,1.6,-0.6,0.0,0.6,1.6,1.6,1.1,0.5,0.4,0.4,6.0,2.4,1.4,0.9,0.4,0.6,0.19999999999999996,0.19999999999999996,-0.20000000000000018,0.19999999999999996,0.19999999999999996,0.0,-0.4,0.4,0.19999999999999996,-0.6,-0.4,1.0,2023-24,20231007|Brentford|Manchester United,2,1,3,home
2023-10-07,Burnley,Chelsea,0.4693880204136701,0.8,1.0,2.0,-1.0,0.2,0.2,0.5,0.8,2.0,-1.2,0.1,0.2,4.0,1.4,1.0,0.4,0.6,0.4,0.2,0.9,0.9,1.2,-0.3,0.2,0.3,5.0,0.9,1.0,-1.0,-0.5,-0.5999999999999999,-0.4,0.0,-0.09999999999999998,1.6,0.8,-1.6,-0.8999999999999999,-0.2,-0.1,0.0,-0.09999999999999998,-1.0,2023-24,20231007|Chelsea|Burnley,1,4,5,away
2023-10-07,Crystal Palace,Nottingham Forest,0.6625485211815362,1.6,1.2,1.2,0.0,0.4,0.4,1.6,1.2,1.0,0.2,0.4,0.4,7.0,1.0,1.0,1.4,-0.4,0.2,0.4,1.3,1.2,1.3,-0.1,0.3,0.4,6.0,1.6,0.5,0.3,-0.8,0.6000000000000001,0.30000000000000004,0.19999999999999996,0.0,-0.19999999999999996,-0.30000000000000004,0.4,0.30000000000000004,0.2,0.10000000000000003,0.0,0.0,1.0,2023-24,20231007|Nottingham Forest|Crystal Palace,0,0,0,draw
2023-10-07,Fulham,Sheffield United,0.7917522960034222,1.0,0.8,1.8,-1.0,0.2,0.4,1.2,1.0,1.6,-0.6,0.3,0.3,5.0,0.2,0.8,3.2,-2.4,0.0,0.2,0.7,0.7,2.0,-1.3,0.2,0.1,7.0,1.1,0.3,-0.6,-1.6,0.8,0.5,0.0,0.30000000000000004,-1.4000000000000001,-0.3999999999999999,1.4,0.7000000000000001,0.2,0.09999999999999998,0.2,0.19999999999999998,-2.0,2023-24,20231007|Sheffield United|Fulham,3,1,4,home
2023-10-07,Luton Town,Tottenham Hotspur,0.33456969281833115,0.8,1.0,1.4,-0.4,0.2,0.2,0.5714285714285714,0.8571428571428571,2.0,-1.1428571428571428,0.14285714285714285,0.14285714285714285,4.0,2.6,2.6,1.2,1.4,0.8,0.2,2.0,2.3,1.4,0.9,0.6,0.2,7.0,0.3333333333333333,1.3,-0.6666666666666666,0.1,-1.8,-1.4285714285714286,-1.6,-1.4428571428571426,0.19999999999999996,0.6000000000000001,-1.7999999999999998,-2.0428571428571427,-0.6000000000000001,-0.45714285714285713,0.0,-0.05714285714285716,-3.0,2023-24,20231007|Tottenham Hotspur|Luton Town,0,1,1,away
2023-10-08,Wolverhampton Wanderers,Aston Villa,0.3666107108090609,1.4,1.4,1.6,-0.2,0.4,0.2,0.8,0.9,2.1,-1.2,0.2,0.2,8.0,2.4,2.6,1.2,1.4,0.8,0.0,2.2,2.3,1.4,0.9,0.7,0.1,8.0,1.9,1.4,0.1,-0.3,-1.0,-1.4000000000000001,-1.2000000000000002,-1.4,0.40000000000000013,0.7000000000000002,-1.5999999999999999,-2.1,-0.4,-0.49999999999999994,0.2,0.1,0.0,2023-24,20231008|Aston Villa|Wolverhampton Wanderers,1,1,2,draw
2023-10-08,Brighton and Hove Albion,Liverpool,0.4356927906151683,1.8,2.2,2.4,-0.2,0.6,0.0,1.9,2.4,1.8,0.6,0.6,0.1,8.0,2.4,2.4,1.0,1.4,0.8,0.0,2.1,2.4,1.2,1.2,0.6,0.3,8.0,2.0,1.8,1.0,0.8,-0.5999999999999999,-0.20000000000000018,-0.19999999999999973,0.0,1.4,0.6000000000000001,-1.5999999999999999,-0.6,-0.20000000000000007,0.0,0.0,-0.19999999999999998,0.0,2023-24,20231008|Liverpool|Brighton and Hove Albion,2,2,4,draw
2023-10-08,Arsenal,Manchester City,0.4626918818847741,2.2,2.4,1.0,1.4,0.6,0.4,2.0,2.0,1.0,1.0,0.6,0.2,8.0,2.4,2.6,1.0,1.6,0.8,0.0,2.2,1.9,0.7,1.2,0.7,0.1,8.0,2.1,2.2,1.3,1.2,-0.19999999999999973,-0.20000000000000018,-0.20000000000000018,0.10000000000000009,0.0,0.30000000000000004,-0.20000000000000018,-0.19999999999999996,-0.20000000000000007,-0.09999999999999998,0.4,0.1,0.0,2023-24,20231008|Manchester City|Arsenal,1,0,1,home
2023-10-08,West Ham United,Newcastle United,0.42126837323865285,1.8,1.8,1.6,0.2,0.6,0.0,1.6,1.7,1.5,0.2,0.5,0.1,8.0,1.8,2.6,1.0,1.6,0.6,0.0,1.7,2.3,0.9,1.4,0.5,0.2,8.0,1.7,1.7,0.1,1.1,0.0,-0.09999999999999987,-0.8,-0.5999999999999999,0.6000000000000001,0.6,-1.4000000000000001,-1.2,0.0,0.0,0.0,-0.1,0.0,2023-24,20231008|Newcastle United|West Ham United,2,2,4,draw
2023-10-21,Chelsea,Arsenal,0.2934493236606805,1.4,1.2,0.6,0.6,0.4,0.2,1.2,1.3,1.2,0.1,0.3,0.3,14.0,2.6,2.2,0.6,1.6,0.8,0.2,2.3,2.1,0.7,1.4,0.7,0.2,13.0,0.7,2.0,-0.4,0.8,-1.2000000000000002,-1.0999999999999999,-1.0000000000000002,-0.8,0.0,0.5,-1.0,-1.2999999999999998,-0.4,-0.39999999999999997,0.0,0.09999999999999998,1.0,2023-24,20231021|Arsenal|Chelsea,2,2,4,draw
2023-10-21,Manchester City,Brighton and Hove Albion,0.8070220134372814,1.8,2.2,1.0,1.2,0.6,0.0,1.9,1.8,0.8,1.0,0.6,0.1,13.0,2.0,2.4,2.2,0.2,0.6,0.2,1.7,2.3,1.9,0.4,0.5,0.2,13.0,3.0,1.5,2.2,-0.1,-0.19999999999999996,0.19999999999999996,-0.19999999999999973,-0.4999999999999998,-1.2000000000000002,-1.0999999999999999,1.0,0.6,0.0,0.09999999999999998,-0.2,-0.1,0.0,2023-24,20231021|Brighton and Hove Albion|Manchester City,2,1,3,home
2023-10-21,Brentford,Burnley,0.7789061414558713,0.4,1.0,1.8,-0.8,0.0,0.4,1.3,1.5,1.3,0.2,0.3,0.4,14.0,0.8,0.8,1.8,-1.0,0.2,0.2,0.5,0.9,2.3,-1.4,0.1,0.2,14.0,1.4,1.0,0.1,-0.5,-0.4,0.8,0.19999999999999996,0.6,0.0,-0.9999999999999998,0.19999999999999996,1.5999999999999999,-0.2,0.19999999999999998,0.2,0.2,0.0,2023-24,20231021|Burnley|Brentford,3,0,3,home
2023-10-21,Newcastle United,Crystal Palace,0.7460042327288847,2.0,2.8,1.0,1.8,0.6,0.2,1.5,2.1,1.0,1.1,0.4,0.3,13.0,1.6,1.0,1.0,0.0,0.4,0.4,1.4,1.0,1.0,0.0,0.3,0.5,14.0,2.2,1.4,1.6,0.0,0.3999999999999999,0.10000000000000009,1.7999999999999998,1.1,0.0,0.0,1.8,1.1,0.19999999999999996,0.10000000000000003,-0.2,-0.2,-1.0,2023-24,20231021|Crystal Palace|Newcastle United,4,0,4,home
2023-10-21,Liverpool,Everton,0.8830745668922985,2.0,2.4,1.2,1.2,0.6,0.2,1.9,2.3,1.4,0.9,0.5,0.4,13.0,1.4,1.8,1.2,0.6,0.4,0.2,1.1,1.1,1.3,-0.2,0.3,0.2,14.0,2.6,1.2,1.8,0.0,0.6000000000000001,0.7999999999999998,0.5999999999999999,1.1999999999999997,0.0,0.09999999999999987,0.6,1.1,0.19999999999999996,0.2,0.0,0.2,-1.0,2023-24,20231021|Everton|Liverpool,2,0,2,home
2023-10-21,Nottingham Forest,Luton Town,0.6425103645218146,1.2,0.6,0.8,-0.2,0.2,0.6,1.3,1.0,1.1,-0.1,0.3,0.4,14.0,0.8,0.8,1.2,-0.4,0.2,0.2,0.5,0.75,1.875,-1.125,0.125,0.125,14.0,1.6,0.75,0.2,-1.5,0.3999999999999999,0.8,-0.20000000000000007,0.25,-0.3999999999999999,-0.7749999999999999,0.2,1.025,0.0,0.175,0.39999999999999997,0.275,0.0,2023-24,20231021|Luton Town|Nottingham Forest,2,2,4,draw
2023-10-21,Sheffield United,Manchester United,0.20440756474441657,0.2,0.8,3.4,-2.6,0.0,0.2,0.4,0.7,2.3,-1.6,0.1,0.1,14.0,1.2,1.0,1.6,-0.6,0.4,0.0,1.8,1.5,1.4,0.1,0.6,0.0,14.0,1.0,1.0,-1.4,-1.1,-1.0,-1.4,-0.19999999999999996,-0.8,1.7999999999999998,0.8999999999999999,-2.0,-1.7000000000000002,-0.4,-0.5,0.2,0.1,0.0,2023-24,20231021|Manchester United|Sheffield United,1,2,3,away
2023-10-21,Bournemouth,Wolverhampton Wanderers,0.4909024340599926,0.4,0.6,2.4,-1.8,0.0,0.4,0.3,0.5,2.0,-1.5,0.0,0.3,14.0,1.0,1.4,1.8,-0.4,0.2,0.4,0.9,1.0,2.0,-1.0,0.2,0.3,13.0,0.8,0.5,-1.1,-1.6,-0.6,-0.6000000000000001,-0.7999999999999999,-0.5,0.5999999999999999,0.0,-1.4,-0.5,-0.2,-0.2,0.0,0.0,1.0,2023-24,20231021|Wolverhampton Wanderers|Bournemouth,1,2,3,away
2023-10-22,Aston Villa,West Ham United,0.7201020951729081,2.0,2.2,1.2,1.0,0.6,0.2,2.0,2.2,1.4,0.8,0.6,0.2,14.0,1.4,1.6,1.8,-0.2,0.4,0.2,1.7,1.9,1.5,0.4,0.5,0.2,14.0,3.0,1.3,2.3,-0.1,0.6000000000000001,0.30000000000000004,0.6000000000000001,0.30000000000000027,-0.6000000000000001,-0.10000000000000009,1.2,0.4,0.19999999999999996,0.09999999999999998,0.0,0.0,0.0,2023-24,20231022|West Ham United|Aston Villa,4,1,5,home
2023-10-23,Tottenham Hotspur,Fulham,0.7781363741285833,2.6,2.4,1.2,1.2,0.8,0.2,2.3,2.3,1.2,1.1,0.7,0.2,16.0,1.4,1.0,1.6,-0.6,0.4,0.2,1.2,1.1,1.7,-0.6,0.3,0.3,16.0,2.2,1.1,0.7,-0.3,1.2000000000000002,1.0999999999999999,1.4,1.1999999999999997,-0.40000000000000013,-0.5,1.7999999999999998,1.7000000000000002,0.4,0.39999999999999997,0.0,-0.09999999999999998,0.0,2023-24,20231023|Fulham|Tottenham Hotspur,2,0,2,home
2023-10-27,Crystal Palace,Tottenham Hotspur,0.39810317535219436,1.0,0.4,1.4,-1.0,0.2,0.4,1.3,0.8,1.2,-0.4,0.3,0.4,6.0,2.6,1.8,0.8,1.0,0.8,0.2,2.6,2.4,0.9,1.5,0.8,0.2,4.0,1.6,1.5,0.3,0.2,-1.6,-1.3,-1.4,-1.5999999999999999,0.5999999999999999,0.29999999999999993,-2.0,-1.9,-0.6000000000000001,-0.5,0.2,0.2,2.0,2023-24,20231027|Tottenham Hotspur|Crystal Palace,1,2,3,away
2023-10-28,Chelsea,Brentford,0.5372285388399408,1.6,1.6,0.8,0.8,0.4,0.4,1.3,1.4,1.0,0.4,0.3,0.4,7.0,0.8,1.2,1.4,-0.2,0.2,0.2,1.3,1.5,1.2,0.3,0.3,0.4,7.0,0.8,1.1,-0.2,0.1,0.8,0.0,0.40000000000000013,-0.10000000000000009,-0.5999999999999999,-0.19999999999999996,1.0,0.10000000000000003,0.2,0.0,0.2,0.0,0.0,2023-24,20231028|Brentford|Chelsea,0,2,2,away
2023-10-28,Bournemouth,Burnley,0.5956938587430719,0.2,0.4,2.4,-2.0,0.0,0.2,0.3,0.6,2.1,-1.5,0.0,0.3,7.0,0.6,0.6,2.2,-1.6,0.2,0.0,0.4,0.8,2.5,-1.7,0.1,0.1,7.0,0.5,0.9,-1.3,-0.8,-0.39999999999999997,-0.10000000000000003,-0.19999999999999996,-0.20000000000000007,0.19999999999999973,-0.3999999999999999,-0.3999999999999999,0.19999999999999996,-0.2,-0.1,0.2,0.19999999999999998,0.0,2023-24,20231028|Burnley|Bournemouth,2,1,3,home
2023-10-28,Wolverhampton Wanderers,Newcastle United,0.3577623270139895,1.6,1.4,1.4,0.0,0.4,0.4,1.1,1.1,2.0,-0.9,0.3,0.2,7.0,2.6,3.4,0.4,3.0,0.8,0.2,1.7,2.5,1.0,1.5,0.5,0.2,7.0,1.7,1.5,0.0,1.0,-1.0,-0.5999999999999999,-2.0,-1.4,0.9999999999999999,1.0,-3.0,-2.4,-0.4,-0.2,0.2,0.0,0.0,2023-24,20231028|Newcastle United|Wolverhampton Wanderers,2,2,4,draw
2023-10-28,Arsenal,Sheffield United,0.9416207348565311,2.2,2.0,0.8,1.2,0.6,0.4,2.4,2.3,0.8,1.5,0.7,0.3,7.0,0.0,0.6,3.4,-2.8,0.0,0.0,0.4,0.8,2.4,-1.6,0.1,0.1,7.0,2.1,0.3,1.1,-1.7,2.2,2.0,1.4,1.4999999999999998,-2.5999999999999996,-1.5999999999999999,4.0,3.1,0.6,0.6,0.4,0.19999999999999998,0.0,2023-24,20231028|Sheffield United|Arsenal,5,0,5,home
2023-10-29,West Ham United,Everton,0.7148591136143099,0.8,1.4,2.4,-1.0,0.2,0.2,1.4,1.7,1.8,-0.1,0.4,0.2,7.0,1.2,1.4,1.2,0.2,0.4,0.0,1.0,1.0,1.4,-0.4,0.3,0.1,8.0,1.7,1.1,0.1,-0.2,-0.3999999999999999,0.3999999999999999,0.0,0.7,1.2,0.40000000000000013,-1.2,0.30000000000000004,-0.2,0.10000000000000003,0.2,0.1,-1.0,2023-24,20231029|Everton|West Ham United,0,1,1,away
2023-10-29,Brighton and Hove Albion,Fulham,0.7415024273796614,1.4,2.0,2.4,-0.4,0.4,0.2,1.6,2.3,2.0,0.3,0.5,0.1,8.0,1.4,0.8,1.0,-0.2,0.4,0.2,1.1,0.9,1.7,-0.8,0.3,0.2,6.0,2.0,1.1,1.0,-0.4,0.0,0.5,1.2,1.4,1.4,0.30000000000000004,-0.2,1.1,0.0,0.2,0.0,-0.1,2.0,2023-24,20231029|Fulham|Brighton and Hove Albion,1,1,2,draw
2023-10-29,Aston Villa,Luton Town,0.8143948284245717,2.6,3.0,0.8,2.2,0.8,0.2,2.2,2.5,1.4,1.1,0.7,0.1,7.0,1.0,1.2,1.4,-0.2,0.2,0.4,0.5555555555555556,0.8888888888888888,1.8888888888888888,-1.0,0.1111111111111111,0.2222222222222222,8.0,3.0,0.8,2.5,-1.2,1.6,1.6444444444444446,1.8,1.6111111111111112,-0.5999999999999999,-0.48888888888888893,2.4000000000000004,2.1,0.6000000000000001,0.5888888888888888,-0.2,-0.1222222222222222,-1.0,2023-24,20231029|Luton Town|Aston Villa,3,1,4,home
2023-10-29,Manchester United,Manchester City,0.34260650148268407,1.8,1.2,1.2,0.0,0.6,0.0,1.8,1.3,1.4,-0.1,0.6,0.0,8.0,1.8,1.6,1.0,0.6,0.6,0.0,2.1,1.9,0.8,1.1,0.7,0.0,8.0,2.4,1.9,0.9,1.0,0.0,-0.30000000000000004,-0.40000000000000013,-0.5999999999999999,0.19999999999999996,0.5999999999999999,-0.6,-1.2000000000000002,0.0,-0.09999999999999998,0.0,0.0,0.0,2023-24,20231029|Manchester City|Manchester United,0,3,3,away
2023-10-29,Liverpool,Nottingham Forest,0.8548239373291745,2.0,2.2,1.2,1.0,0.6,0.2,2.1,2.4,1.3,1.1,0.6,0.3,8.0,0.8,0.8,1.2,-0.4,0.0,0.8,1.1,1.1,1.3,-0.2,0.2,0.5,8.0,2.6,0.6,1.3,-0.7,1.2,1.0,1.4000000000000001,1.2999999999999998,0.0,0.0,1.4,1.3,0.6,0.39999999999999997,-0.6000000000000001,-0.2,0.0,2023-24,20231029|Nottingham Forest|Liverpool,3,0,3,home
2023-11-04,Newcastle United,Arsenal,0.48443426700289105,2.2,3.6,0.8,2.8,0.6,0.4,1.7,2.6,1.1,1.5,0.5,0.2,7.0,2.2,2.8,0.8,2.0,0.6,0.4,2.4,2.3,0.8,1.5,0.7,0.3,7.0,2.2,1.8,1.8,0.7,0.0,-0.7,0.8000000000000003,0.30000000000000027,0.0,0.30000000000000004,0.7999999999999998,0.0,0.0,-0.19999999999999996,0.0,-0.09999999999999998,0.0,2023-24,20231104|Arsenal|Newcastle United,1,0,1,home
2023-11-04,Manchester City,Bournemouth,0.9380467784905572,1.8,1.6,0.8,0.8,0.6,0.0,2.4,2.2,0.7,1.5,0.8,0.0,6.0,0.6,0.8,2.6,-1.8,0.2,0.0,0.6,0.8,2.1,-1.3,0.1,0.3,7.0,3.0,1.0,2.1,-1.0,1.2000000000000002,1.7999999999999998,0.8,1.4000000000000001,-1.8,-1.4000000000000001,2.6,2.8,0.39999999999999997,0.7000000000000001,0.0,-0.3,-1.0,2023-24,20231104|Bournemouth|Manchester City,6,1,7,home
2023-11-04,Everton,Brighton and Hove Albion,0.37644540509360297,1.8,1.6,1.0,0.6,0.6,0.0,1.0,1.0,1.4,-0.4,0.3,0.1,6.0,1.0,1.6,2.4,-0.8,0.2,0.4,1.7,2.3,1.9,0.4,0.5,0.2,6.0,0.7,1.2,-0.8,-0.4,0.8,-0.7,0.0,-1.2999999999999998,-1.4,-0.5,1.4,-0.8,0.39999999999999997,-0.2,-0.4,-0.1,0.0,2023-24,20231104|Brighton and Hove Albion|Everton,1,1,2,draw
2023-11-04,Burnley,Crystal Palace,0.4122179297978085,0.6,0.8,2.4,-1.6,0.2,0.0,0.4,0.8,2.5,-1.7,0.1,0.1,7.0,1.0,0.4,1.2,-0.8,0.2,0.4,1.2,0.8,1.3,-0.5,0.3,0.3,8.0,0.9,1.4,-1.1,-0.1,-0.4,-0.7999999999999999,0.4,0.0,1.2,1.2,-0.8,-1.2,0.0,-0.19999999999999998,-0.4,-0.19999999999999998,-1.0,2023-24,20231104|Crystal Palace|Burnley,0,2,2,away
2023-11-04,Fulham,Manchester United,0.42600505294512897,1.0,0.8,1.2,-0.4,0.2,0.4,1.2,0.9,1.6,-0.7,0.3,0.3,6.0,1.8,1.0,1.2,-0.2,0.6,0.0,1.5,1.1,1.6,-0.5,0.5,0.0,6.0,1.3,1.3,-0.4,-0.3,-0.8,-0.30000000000000004,-0.19999999999999996,-0.20000000000000007,0.0,0.0,-0.2,-0.19999999999999996,-0.39999999999999997,-0.2,0.4,0.3,0.0,2023-24,20231104|Manchester United|Fulham,0,1,1,away
2023-11-04,Brentford,West Ham United,0.6866309546669491,1.4,1.6,1.2,0.4,0.4,0.2,1.3,1.6,1.2,0.4,0.3,0.4,7.0,0.8,1.2,2.0,-0.8,0.2,0.2,1.4,1.6,1.7,-0.1,0.4,0.2,6.0,1.6,1.0,0.4,-0.5,0.5999999999999999,-0.09999999999999987,0.40000000000000013,0.0,-0.8,-0.5,1.2000000000000002,0.5,0.2,-0.10000000000000003,0.0,0.2,1.0,2023-24,20231104|West Ham United|Brentford,3,2,5,home
2023-11-04,Sheffield United,Wolverhampton Wanderers,0.33143545844900413,0.0,0.4,4.0,-3.6,0.0,0.0,0.1,0.7,2.9,-2.2,0.0,0.1,7.0,1.8,1.6,1.2,0.4,0.4,0.6,1.2,1.3,1.7,-0.4,0.3,0.3,7.0,0.7,0.8,-1.6,-1.4,-1.8,-1.0999999999999999,-1.2000000000000002,-0.6000000000000001,2.8,1.2,-4.0,-1.8000000000000003,-0.4,-0.3,-0.6,-0.19999999999999998,0.0,2023-24,20231104|Wolverhampton Wanderers|Sheffield United,2,1,3,home
2023-11-05,Nottingham Forest,Aston Villa,0.35050327428235356,0.6,0.6,1.6,-1.0,0.0,0.6,1.0,1.0,1.5,-0.5,0.2,0.4,7.0,2.6,3.0,0.8,2.2,0.8,0.2,2.2,2.6,1.4,1.2,0.7,0.1,7.0,1.6,1.2,0.2,-0.5,-2.0,-1.2000000000000002,-2.4,-1.6,0.8,0.10000000000000009,-3.2,-1.7,-0.8,-0.49999999999999994,0.39999999999999997,0.30000000000000004,0.0,2023-24,20231105|Aston Villa|Nottingham Forest,2,0,2,home
2023-11-05,Luton Town,Liverpool,0.22159228658735325,0.8,1.2,1.8,-0.6,0.2,0.2,0.5,0.9,2.0,-1.1,0.1,0.2,7.0,2.0,2.2,1.0,1.2,0.6,0.2,2.3,2.3,0.9,1.4,0.7,0.2,7.0,0.25,1.9,-0.75,1.1,-1.2,-1.7999999999999998,-1.0000000000000002,-1.4,0.8,1.1,-1.7999999999999998,-2.5,-0.39999999999999997,-0.6,0.0,0.0,0.0,2023-24,20231105|Liverpool|Luton Town,1,1,2,draw
2023-11-06,Tottenham Hotspur,Chelsea,0.7858563207470363,2.6,1.8,0.8,1.0,0.8,0.2,2.6,2.2,0.9,1.3,0.8,0.2,10.0,1.4,1.6,1.2,0.4,0.4,0.2,1.2,1.3,1.1,0.2,0.3,0.3,9.0,2.2,1.3,0.7,0.0,1.2000000000000002,1.4000000000000001,0.19999999999999996,0.9000000000000001,-0.3999999999999999,-0.20000000000000007,0.6,1.1,0.4,0.5,0.0,-0.09999999999999998,1.0,2023-24,20231106|Chelsea|Tottenham Hotspur,1,4,5,away
2023-11-11,Arsenal,Burnley,0.9152507759100449,2.0,2.4,0.6,1.8,0.6,0.2,2.1,2.1,0.8,1.3,0.6,0.3,7.0,0.6,0.8,2.4,-1.6,0.2,0.0,0.4,0.8,2.4,-1.6,0.1,0.1,7.0,2.1,0.9,1.3,-0.7,1.4,1.7000000000000002,1.5999999999999999,1.3,-1.7999999999999998,-1.5999999999999999,3.4000000000000004,2.9000000000000004,0.39999999999999997,0.5,0.2,0.19999999999999998,0.0,2023-24,20231111|Burnley|Arsenal,3,1,4,home
2023-11-11,Crystal Palace,Everton,0.6830522403087324,1.4,0.8,1.2,-0.4,0.4,0.2,1.2,0.9,1.3,-0.4,0.3,0.3,7.0,1.4,1.2,1.0,0.2,0.4,0.2,1.1,1.1,1.4,-0.3,0.3,0.2,7.0,1.6,1.3,0.3,-0.1,0.0,0.09999999999999987,-0.3999999999999999,-0.20000000000000007,0.19999999999999996,-0.09999999999999987,-0.6000000000000001,-0.10000000000000003,0.0,0.0,0.0,0.09999999999999998,0.0,2023-24,20231111|Everton|Crystal Palace,2,3,5,away
2023-11-11,Manchester United,Luton Town,0.7967422842666221,1.8,1.0,1.2,-0.2,0.6,0.0,1.5,1.1,1.6,-0.5,0.5,0.0,7.0,0.4,1.0,1.8,-0.8,0.0,0.4,0.6,0.9,1.7,-0.8,0.1,0.3,6.0,2.1,0.6666666666666666,0.4,-1.3333333333333333,1.4,0.9,0.0,0.20000000000000007,-0.6000000000000001,-0.09999999999999987,0.6000000000000001,0.30000000000000004,0.6,0.4,-0.4,-0.3,1.0,2023-24,20231111|Luton Town|Manchester United,1,0,1,home
2023-11-11,Bournemouth,Newcastle United,0.238879647254433,0.6,0.8,3.2,-2.4,0.2,0.0,0.5,0.8,2.6,-1.8,0.1,0.2,7.0,2.2,2.2,0.8,1.4,0.6,0.4,1.7,2.2,1.0,1.2,0.5,0.2,7.0,0.8,1.3,-1.0,0.6,-1.6,-1.2,-1.4000000000000001,-1.4000000000000001,2.4000000000000004,1.6,-3.8,-3.0,-0.39999999999999997,-0.4,-0.4,0.0,0.0,2023-24,20231111|Newcastle United|Bournemouth,2,0,2,home
2023-11-11,Wolverhampton Wanderers,Tottenham Hotspur,0.3627922463721081,1.6,1.6,1.4,0.2,0.4,0.4,1.2,1.4,1.8,-0.4,0.3,0.3,7.0,2.4,1.6,1.2,0.4,0.8,0.0,2.5,2.1,1.1,1.0,0.8,0.1,5.0,1.8,1.7,0.2,0.3,-0.7999999999999998,-1.3,0.0,-0.7000000000000002,0.19999999999999996,0.7,-0.2,-1.4,-0.4,-0.5,0.4,0.19999999999999998,2.0,2023-24,20231111|Tottenham Hotspur|Wolverhampton Wanderers,2,1,3,home
2023-11-12,Liverpool,Brentford,0.7609136880446775,1.6,1.8,1.0,0.8,0.4,0.4,2.3,2.3,0.9,1.4,0.7,0.2,7.0,2.0,2.0,1.0,1.0,0.6,0.2,1.5,1.7,1.2,0.5,0.4,0.3,8.0,2.8,1.3,1.6,0.3,-0.3999999999999999,0.7999999999999998,-0.19999999999999996,0.5999999999999999,0.0,-0.29999999999999993,-0.19999999999999996,0.8999999999999999,-0.19999999999999996,0.29999999999999993,0.2,-0.09999999999999998,-1.0,2023-24,20231112|Brentford|Liverpool,3,0,3,home
2023-11-12,Aston Villa,Fulham,0.7694084392218303,2.0,2.8,1.2,1.6,0.6,0.2,2.2,2.5,1.1,1.4,0.7,0.1,7.0,0.8,0.8,1.4,-0.6,0.2,0.2,0.9,0.8,1.7,-0.9,0.2,0.3,8.0,3.0,0.9,2.4,-0.6,1.2,1.3000000000000003,1.9999999999999998,1.7,-0.19999999999999996,-0.5999999999999999,2.2,2.3,0.39999999999999997,0.49999999999999994,0.0,-0.19999999999999998,-1.0,2023-24,20231112|Fulham|Aston Villa,3,1,4,home
2023-11-12,Chelsea,Manchester City,0.22099780447207734,2.0,2.4,1.2,1.2,0.6,0.2,1.4,1.6,1.1,0.5,0.4,0.2,6.0,1.8,2.4,1.0,1.4,0.6,0.0,2.4,2.5,0.8,1.7,0.8,0.0,8.0,0.7,1.9,-0.4,1.0,0.19999999999999996,-1.0,0.0,-0.8999999999999999,0.19999999999999996,0.30000000000000004,-0.19999999999999996,-1.2,0.0,-0.4,0.2,0.2,-2.0,2023-24,20231112|Manchester City|Chelsea,4,4,8,draw
2023-11-12,West Ham United,Nottingham Forest,0.595566205448039,0.8,1.4,2.0,-0.6,0.2,0.2,1.3,1.7,1.9,-0.2,0.4,0.1,8.0,1.2,1.0,1.2,-0.2,0.2,0.6,1.3,1.1,1.3,-0.2,0.3,0.4,7.0,1.4,0.6,-0.1,-0.8,-0.3999999999999999,0.0,0.3999999999999999,0.5999999999999999,0.8,0.5999999999999999,-0.39999999999999997,0.0,0.0,0.10000000000000003,-0.39999999999999997,-0.30000000000000004,1.0,2023-24,20231112|Nottingham Forest|West Ham United,3,2,5,home
2023-11-12,Brighton and Hove Albion,Sheffield United,0.8742570406451243,0.6,1.2,2.4,-1.2,0.0,0.6,1.5,2.0,1.9,0.1,0.4,0.3,8.0,0.6,0.8,2.6,-1.8,0.2,0.0,0.4,0.9,2.9,-2.0,0.1,0.1,8.0,1.8,0.3,0.4,-1.7,0.0,1.1,0.3999999999999999,1.1,-0.20000000000000018,-1.0,0.6000000000000001,2.1,-0.2,0.30000000000000004,0.6,0.19999999999999998,0.0,2023-24,20231112|Sheffield United|Brighton and Hove Albion,1,1,2,draw
2023-11-25,Brentford,Arsenal,0.3896733637144702,1.8,1.8,1.4,0.4,0.6,0.0,1.2,1.4,1.5,-0.1,0.3,0.3,13.0,2.0,2.2,0.8,1.4,0.6,0.2,2.1,2.3,0.9,1.4,0.6,0.3,14.0,1.9,1.5,0.6,0.3,-0.19999999999999996,-0.9000000000000001,-0.40000000000000013,-0.8999999999999999,0.5999999999999999,0.6,-0.9999999999999999,-1.5,0.0,-0.3,-0.2,0.0,-1.0,2023-24,20231125|Arsenal|Brentford,0,1,1,away
2023-11-25,Sheffield United,Bournemouth,0.4641452094122796,0.8,1.0,2.4,-1.4,0.2,0.2,0.5,0.9,2.8,-1.9,0.1,0.2,13.0,1.2,1.2,2.4,-1.2,0.4,0.0,0.8,0.9,2.3,-1.4,0.2,0.2,14.0,1.0,1.0,-1.3,-1.2,-0.3999999999999999,-0.30000000000000004,-0.19999999999999996,0.0,0.0,0.5,-0.19999999999999996,-0.5,-0.2,-0.1,0.2,0.0,-1.0,2023-24,20231125|Bournemouth|Sheffield United,1,3,4,away
2023-11-25,Nottingham Forest,Brighton and Hove Albion,0.4412465776817279,1.0,1.2,1.6,-0.4,0.2,0.4,1.0,1.1,1.5,-0.4,0.2,0.4,13.0,0.8,1.2,1.4,-0.2,0.0,0.8,1.3,1.7,1.9,-0.2,0.3,0.4,13.0,1.9,1.3,0.5,-0.3,0.19999999999999996,-0.30000000000000004,0.0,-0.5999999999999999,0.20000000000000018,-0.3999999999999999,-0.2,-0.2,0.2,-0.09999999999999998,-0.4,0.0,0.0,2023-24,20231125|Brighton and Hove Albion|Nottingham Forest,2,3,5,away
2023-11-25,Newcastle United,Chelsea,0.7313786731096525,1.6,1.8,1.2,0.6,0.4,0.4,1.7,2.2,1.1,1.1,0.5,0.2,14.0,1.6,2.8,2.0,0.8,0.4,0.4,1.5,1.9,1.2,0.7,0.4,0.3,13.0,2.2,1.3,1.4,0.1,0.0,0.19999999999999996,-0.9999999999999998,0.30000000000000027,-0.8,-0.09999999999999987,-0.20000000000000007,0.40000000000000013,0.0,0.09999999999999998,0.0,-0.09999999999999998,1.0,2023-24,20231125|Chelsea|Newcastle United,4,1,5,home
2023-11-25,Luton Town,Crystal Palace,0.51249432325909,0.4,0.8,1.6,-0.8,0.0,0.4,0.6,0.9,1.5,-0.6,0.1,0.3,14.0,0.8,1.0,1.8,-0.8,0.2,0.2,1.2,1.1,1.5,-0.4,0.3,0.3,14.0,0.4,1.4,-0.6,-0.3,-0.4,-0.6,-0.19999999999999996,-0.20000000000000007,-0.19999999999999996,0.0,0.0,-0.19999999999999996,-0.2,-0.19999999999999998,0.2,0.0,0.0,2023-24,20231125|Crystal Palace|Luton Town,2,1,3,home
2023-11-25,Manchester City,Liverpool,0.6966354980745451,2.0,3.0,1.4,1.6,0.6,0.2,2.2,2.8,1.2,1.6,0.7,0.1,13.0,2.2,2.2,0.6,1.6,0.6,0.4,2.3,2.3,0.8,1.5,0.7,0.2,13.0,3.0,1.9,2.3,1.1,-0.20000000000000018,-0.09999999999999964,0.7999999999999998,0.5,0.7999999999999999,0.3999999999999999,0.0,0.10000000000000009,0.0,0.0,-0.2,-0.1,0.0,2023-24,20231125|Liverpool|Manchester City,1,1,2,draw
2023-11-25,Burnley,West Ham United,0.39230777403434514,0.0,0.6,2.8,-2.2,0.0,0.0,0.4,0.8,2.4,-1.6,0.1,0.1,14.0,0.8,1.6,2.4,-0.8,0.2,0.2,1.3,1.7,2.0,-0.3,0.4,0.1,13.0,0.6,0.7,-1.4,-1.0,-0.8,-0.9,-1.0,-0.8999999999999999,0.3999999999999999,0.3999999999999999,-1.4000000000000001,-1.3,-0.2,-0.30000000000000004,-0.2,0.0,1.0,2023-24,20231125|West Ham United|Burnley,1,2,3,away
2023-11-26,Tottenham Hotspur,Aston Villa,0.5765062754679586,1.8,1.4,1.4,0.0,0.6,0.0,2.2,2.0,1.3,0.7,0.7,0.1,15.0,2.0,2.2,1.2,1.0,0.6,0.2,2.2,2.4,1.2,1.2,0.7,0.1,14.0,1.9,0.9,0.2,-0.8,-0.19999999999999996,0.0,-0.8000000000000003,-0.3999999999999999,0.19999999999999996,0.10000000000000009,-1.0,-0.5,0.0,0.0,-0.2,0.0,1.0,2023-24,20231126|Aston Villa|Tottenham Hotspur,1,2,3,away
2023-11-26,Everton,Manchester United,0.36848596415517765,2.0,1.6,1.0,0.6,0.6,0.2,1.4,1.4,1.2,0.2,0.4,0.2,15.0,2.4,1.2,1.0,0.2,0.8,0.0,1.8,1.2,1.4,-0.2,0.6,0.0,15.0,0.7,1.6,-0.8,0.0,-0.3999999999999999,-0.40000000000000013,0.40000000000000013,0.19999999999999996,0.0,-0.19999999999999996,0.39999999999999997,0.4,-0.20000000000000007,-0.19999999999999996,0.2,0.2,0.0,2023-24,20231126|Manchester United|Everton,0,3,3,away
2023-11-27,Fulham,Wolverhampton Wanderers,0.5671721568156856,0.8,1.0,1.6,-0.6,0.2,0.2,0.9,0.9,1.7,-0.8,0.2,0.3,15.0,1.6,1.6,1.4,0.2,0.4,0.4,1.5,1.5,1.5,0.0,0.4,0.3,16.0,1.3,0.7,-0.2,-1.5,-0.8,-0.6,-0.6000000000000001,-0.6,0.20000000000000018,0.19999999999999996,-0.8,-0.8,-0.2,-0.2,-0.2,0.0,-1.0,2023-24,20231127|Wolverhampton Wanderers|Fulham,3,2,5,home
2023-12-02,Nottingham Forest,Everton,0.6111508342961032,0.8,1.6,2.2,-0.6,0.2,0.2,1.0,1.1,1.5,-0.4,0.2,0.4,7.0,1.4,1.0,1.6,-0.6,0.4,0.2,1.4,1.4,1.4,0.0,0.4,0.2,6.0,1.8,1.6,0.4,0.2,-0.5999999999999999,-0.3999999999999999,0.6000000000000001,-0.2999999999999998,0.6000000000000001,0.10000000000000009,0.0,-0.4,-0.2,-0.2,0.0,0.2,1.0,2023-24,20231202|Everton|Nottingham Forest,0,1,1,away
2023-12-02,Brentford,Luton Town,0.7300938575062687,1.8,1.6,1.2,0.4,0.6,0.0,1.1,1.3,1.5,-0.2,0.3,0.2,7.0,1.0,1.2,1.6,-0.4,0.2,0.4,0.9,1.0,1.4,-0.4,0.2,0.3,7.0,1.8,0.5714285714285714,0.5,-1.2857142857142858,0.8,0.20000000000000007,0.40000000000000013,0.30000000000000004,-0.40000000000000013,0.10000000000000009,0.8,0.2,0.39999999999999997,0.09999999999999998,-0.4,-0.09999999999999998,0.0,2023-24,20231202|Luton Town|Brentford,3,1,4,home
2023-12-02,Newcastle United,Manchester United,0.6126159113401929,2.0,2.2,1.0,1.2,0.6,0.2,2.0,2.5,1.0,1.5,0.6,0.2,7.0,2.4,1.4,0.8,0.6,0.8,0.0,1.8,1.2,1.2,0.0,0.6,0.0,6.0,2.2,1.6,1.5,0.1,-0.3999999999999999,0.19999999999999996,0.8000000000000003,1.3,0.19999999999999996,-0.19999999999999996,0.6,1.5,-0.20000000000000007,0.0,0.2,0.2,1.0,2023-24,20231202|Manchester United|Newcastle United,1,0,1,home
2023-12-02,Burnley,Sheffield United,0.6388742011061129,0.0,0.6,2.4,-1.8,0.0,0.0,0.4,0.7,2.1,-1.4,0.1,0.1,7.0,0.8,1.0,2.4,-1.4,0.2,0.2,0.5,0.9,2.9,-2.0,0.1,0.2,7.0,0.3,0.4,-1.7,-1.6,-0.8,-0.09999999999999998,-0.4,-0.20000000000000007,0.0,-0.7999999999999998,-0.40000000000000013,0.6000000000000001,-0.2,0.0,-0.2,-0.1,0.0,2023-24,20231202|Sheffield United|Burnley,5,0,5,home
2023-12-02,Arsenal,Wolverhampton Wanderers,0.857837625056539,2.0,2.2,0.8,1.4,0.6,0.2,2.3,2.2,0.7,1.5,0.7,0.2,7.0,1.4,1.8,1.8,0.0,0.4,0.2,1.2,1.6,1.8,-0.2,0.3,0.3,5.0,2.3,0.7,1.5,-1.5,0.6000000000000001,1.0999999999999999,0.40000000000000013,0.6000000000000001,-1.0,-1.1,1.4,1.7,0.19999999999999996,0.39999999999999997,0.0,-0.09999999999999998,2.0,2023-24,20231202|Wolverhampton Wanderers|Arsenal,2,1,3,home
2023-12-03,Bournemouth,Aston Villa,0.3016377417233206,1.8,1.8,2.0,-0.2,0.6,0.0,1.1,1.2,2.2,-1.0,0.3,0.2,8.0,2.4,2.4,1.2,1.2,0.8,0.0,2.2,2.3,1.2,1.1,0.7,0.1,7.0,1.1,1.1,-0.4,-0.7,-0.5999999999999999,-1.1,-0.5999999999999999,-1.0999999999999999,0.8,1.0000000000000002,-1.4,-2.1,-0.20000000000000007,-0.39999999999999997,0.0,0.1,1.0,2023-24,20231203|Aston Villa|Bournemouth,2,2,4,draw
2023-12-03,Chelsea,Brighton and Hove Albion,0.48911914505276805,1.0,2.2,2.6,-0.4,0.2,0.4,1.2,1.7,1.6,0.1,0.3,0.3,8.0,1.2,1.4,1.4,0.0,0.2,0.6,1.6,1.9,1.8,0.1,0.4,0.4,8.0,0.8,1.3,-0.3,-0.3,-0.19999999999999996,-0.40000000000000013,0.8000000000000003,-0.19999999999999996,1.2000000000000002,-0.19999999999999996,-0.4,0.0,0.0,-0.10000000000000003,-0.19999999999999996,-0.10000000000000003,0.0,2023-24,20231203|Brighton and Hove Albion|Chelsea,3,2,5,home
2023-12-03,West Ham United,Crystal Palace,0.6325242600997443,1.2,1.6,2.2,-0.6,0.4,0.0,1.3,1.6,2.0,-0.4,0.4,0.1,8.0,0.6,1.2,2.2,-1.0,0.2,0.0,1.1,1.1,1.6,-0.5,0.3,0.2,8.0,1.7,1.1,0.4,-0.6,0.6,0.19999999999999996,0.40000000000000013,0.5,0.0,0.3999999999999999,0.4,0.09999999999999998,0.2,0.10000000000000003,0.0,-0.1,0.0,2023-24,20231203|Crystal Palace|West Ham United,1,1,2,draw
2023-12-03,Liverpool,Fulham,0.8562800284786671,2.2,2.0,0.4,1.6,0.6,0.4,2.1,2.2,0.8,1.4,0.6,0.3,8.0,0.8,1.0,1.8,-0.8,0.2,0.2,1.1,1.0,1.7,-0.7,0.3,0.2,6.0,2.8,0.9,1.8,-0.7,1.4000000000000001,1.0,1.0,1.2000000000000002,-1.4,-0.8999999999999999,2.4000000000000004,2.0999999999999996,0.39999999999999997,0.3,0.2,0.09999999999999998,2.0,2023-24,20231203|Fulham|Liverpool,4,3,7,home
2023-12-03,Manchester City,Tottenham Hotspur,0.8175216456603009,2.2,3.2,1.4,1.8,0.6,0.4,2.0,2.7,1.2,1.5,0.6,0.2,8.0,1.2,1.4,1.8,-0.4,0.4,0.0,1.9,1.9,1.5,0.4,0.6,0.1,7.0,2.8,1.7,2.1,0.7,1.0000000000000002,0.10000000000000009,1.8000000000000003,0.8000000000000003,-0.40000000000000013,-0.30000000000000004,2.2,1.1,0.19999999999999996,0.0,0.4,0.1,1.0,2023-24,20231203|Tottenham Hotspur|Manchester City,3,3,6,draw
2023-12-05,Luton Town,Arsenal,0.22124239140656704,0.8,1.0,1.8,-0.8,0.2,0.2,0.9,1.1,1.6,-0.5,0.2,0.3,3.0,2.4,2.2,0.6,1.6,0.8,0.0,2.3,2.1,0.7,1.4,0.7,0.2,3.0,0.8333333333333334,1.7,-0.3333333333333333,0.4,-1.5999999999999999,-1.4,-1.2000000000000002,-1.0,1.2000000000000002,0.9000000000000001,-2.4000000000000004,-1.9,-0.6000000000000001,-0.49999999999999994,0.2,0.09999999999999998,0.0,2023-24,20231205|Arsenal|Luton Town,3,4,7,away
2023-12-05,Wolverhampton Wanderers,Burnley,0.7319304740706482,0.8,1.6,2.0,-0.4,0.2,0.2,1.2,1.5,1.7,-0.2,0.3,0.3,3.0,0.6,1.6,1.8,-0.2,0.2,0.0,0.6,1.1,2.0,-0.9,0.2,0.0,3.0,1.8,0.9,0.2,-0.7,0.20000000000000007,0.6,0.0,0.3999999999999999,0.19999999999999996,-0.30000000000000004,-0.2,0.7,0.0,0.09999999999999998,0.2,0.3,0.0,2023-24,20231205|Burnley|Wolverhampton Wanderers,1,0,1,home
2023-12-06,Crystal Palace,Bournemouth,0.6567465659146485,0.8,1.4,1.6,-0.2,0.2,0.2,0.9,0.9,1.5,-0.6,0.2,0.3,3.0,2.0,2.0,2.0,0.0,0.6,0.2,1.1,1.2,2.2,-1.0,0.3,0.2,3.0,1.3,1.0,0.1,-1.1,-1.2,-0.20000000000000007,-0.6000000000000001,-0.29999999999999993,-0.3999999999999999,-0.7000000000000002,-0.2,0.4,-0.39999999999999997,-0.09999999999999998,0.0,0.09999999999999998,0.0,2023-24,20231206|Bournemouth|Crystal Palace,0,2,2,away
2023-12-06,Brighton and Hove Albion,Brentford,0.6106374488062546,1.2,1.6,1.6,0.0,0.2,0.6,1.3,1.8,2.0,-0.2,0.3,0.4,3.0,1.8,1.6,1.4,0.2,0.6,0.0,1.3,1.4,1.4,0.0,0.4,0.1,4.0,1.6,1.3,0.3,0.1,-0.6000000000000001,0.0,0.0,0.40000000000000013,0.20000000000000018,0.6000000000000001,-0.2,-0.2,-0.39999999999999997,-0.10000000000000003,0.6,0.30000000000000004,-1.0,2023-24,20231206|Brentford|Brighton and Hove Albion,2,1,3,home
2023-12-06,Manchester United,Chelsea,0.7067037591298566,1.8,1.0,0.8,0.2,0.6,0.0,1.8,1.1,1.0,0.1,0.6,0.0,4.0,1.4,2.4,2.6,-0.2,0.4,0.2,1.5,2.0,1.7,0.3,0.4,0.3,3.0,2.1,1.3,0.4,-0.1,0.40000000000000013,0.30000000000000004,-1.4,-0.8999999999999999,-1.8,-0.7,0.4,-0.19999999999999998,0.19999999999999996,0.19999999999999996,-0.2,-0.3,1.0,2023-24,20231206|Chelsea|Manchester United,2,1,3,home
2023-12-06,Sheffield United,Liverpool,0.10939287427517096,0.8,0.8,3.0,-2.2,0.2,0.2,0.4,0.7,3.2,-2.5,0.1,0.1,4.0,2.2,2.4,1.0,1.4,0.6,0.4,2.1,2.3,1.1,1.2,0.6,0.3,3.0,1.0,1.7,-1.2,0.6,-1.4000000000000001,-1.7000000000000002,-1.5999999999999999,-1.5999999999999999,2.0,2.1,-3.6,-3.7,-0.39999999999999997,-0.5,-0.2,-0.19999999999999998,1.0,2023-24,20231206|Liverpool|Sheffield United,0,2,2,away
2023-12-06,Aston Villa,Manchester City,0.37972615445626845,2.0,2.0,1.4,0.6,0.6,0.2,2.3,2.5,1.1,1.4,0.7,0.2,3.0,1.8,3.4,1.8,1.6,0.4,0.6,1.8,2.5,1.4,1.1,0.5,0.3,3.0,3.0,1.7,2.4,0.9,0.19999999999999996,0.4999999999999998,-1.4,0.0,-0.40000000000000013,-0.2999999999999998,-1.0,0.2999999999999998,0.19999999999999996,0.19999999999999996,-0.39999999999999997,-0.09999999999999998,0.0,2023-24,20231206|Manchester City|Aston Villa,1,0,1,home
2023-12-06,Fulham,Nottingham Forest,0.6323898149136221,0.8,1.6,2.2,-0.6,0.2,0.2,1.1,1.2,1.6,-0.4,0.3,0.2,3.0,0.6,1.2,2.0,-0.8,0.2,0.0,0.7,1.0,1.6,-0.6,0.1,0.4,4.0,1.6,0.6,0.0,-0.8,0.20000000000000007,0.40000000000000013,0.40000000000000013,0.19999999999999996,0.20000000000000018,0.0,0.20000000000000007,0.19999999999999996,0.0,0.19999999999999998,0.2,-0.2,-1.0,2023-24,20231206|Nottingham Forest|Fulham,5,0,5,home
2023-12-07,Everton,Newcastle United,0.3259160009816366,2.0,1.2,1.2,0.0,0.6,0.2,1.6,1.3,1.2,0.1,0.5,0.1,5.0,2.0,1.6,1.0,0.6,0.6,0.2,2.3,2.5,0.7,1.8,0.7,0.2,5.0,0.7,1.0,-0.9,0.3,0.0,-0.6999999999999997,-0.40000000000000013,-1.2,0.19999999999999996,0.5,-0.6,-1.7,0.0,-0.19999999999999996,0.0,-0.1,0.0,2023-24,20231207|Newcastle United|Everton,3,0,3,home
2023-12-07,Tottenham Hotspur,West Ham United,0.7217680883400392,0.8,1.6,2.4,-0.8,0.2,0.2,1.7,1.7,1.6,0.1,0.5,0.2,4.0,1.4,1.6,1.6,0.0,0.4,0.2,1.1,1.5,2.0,-0.5,0.3,0.2,4.0,1.6,1.0,0.0,-0.8,-0.5999999999999999,0.5999999999999999,0.0,0.19999999999999996,0.7999999999999998,-0.3999999999999999,-0.8,0.6,-0.2,0.2,0.0,0.0,0.0,2023-24,20231207|West Ham United|Tottenham Hotspur,1,2,3,away
2023-12-09,Aston Villa,Arsenal,0.4813530915098579,2.0,1.6,1.2,0.4,0.6,0.2,2.3,2.3,1.0,1.3,0.7,0.2,3.0,2.4,2.0,1.2,0.8,0.8,0.0,2.3,2.4,1.0,1.4,0.7,0.2,4.0,3.0,1.9,2.2,0.5,-0.3999999999999999,0.0,-0.3999999999999999,-0.10000000000000009,0.0,0.0,-0.4,-0.09999999999999987,-0.20000000000000007,0.0,0.2,0.0,-1.0,2023-24,20231209|Arsenal|Aston Villa,1,0,1,home
2023-12-09,Manchester United,Bournemouth,0.7987865356450301,2.4,1.4,0.4,1.0,0.8,0.0,2.1,1.2,0.8,0.4,0.7,0.0,3.0,2.0,2.0,1.8,0.2,0.6,0.2,1.3,1.4,2.2,-0.8,0.4,0.1,3.0,2.1,1.0,0.3,-1.0,0.3999999999999999,0.8,-0.6000000000000001,-0.19999999999999996,-1.4,-1.4000000000000001,0.8,1.2000000000000002,0.20000000000000007,0.29999999999999993,-0.2,-0.1,0.0,2023-24,20231209|Bournemouth|Manchester United,0,3,3,away
2023-12-09,Sheffield United,Brentford,0.24626752424519247,0.8,0.8,2.4,-1.6,0.2,0.2,0.4,0.6,3.2,-2.6,0.1,0.1,3.0,1.2,1.4,1.8,-0.4,0.4,0.0,1.3,1.5,1.5,0.0,0.4,0.1,3.0,0.7,1.3,-1.5,0.2,-0.3999999999999999,-0.9,-0.5999999999999999,-0.9,0.5999999999999999,1.7000000000000002,-1.2000000000000002,-2.6,-0.2,-0.30000000000000004,0.2,0.0,0.0,2023-24,20231209|Brentford|Sheffield United,1,0,1,home
2023-12-09,Brighton and Hove Albion,Burnley,0.8494190959878742,1.6,1.8,1.6,0.2,0.4,0.4,1.3,1.7,2.0,-0.3,0.3,0.4,3.0,0.6,1.4,1.6,-0.2,0.2,0.0,0.6,1.1,2.0,-0.9,0.2,0.0,4.0,1.9,0.8,0.8,-0.8,1.0,0.7000000000000001,0.40000000000000013,0.5999999999999999,0.0,0.0,0.4,0.6000000000000001,0.2,0.09999999999999998,0.4,0.4,-1.0,2023-24,20231209|Burnley|Brighton and Hove Albion,1,1,2,draw
2023-12-09,Crystal Palace,Liverpool,0.2369538141809661,0.8,1.2,1.6,-0.4,0.2,0.2,0.9,0.8,1.4,-0.6,0.2,0.3,3.0,2.2,2.2,1.0,1.2,0.6,0.4,2.1,2.2,1.0,1.2,0.6,0.3,3.0,1.2,1.7,-0.1,0.7,-1.4000000000000001,-1.2000000000000002,-1.0000000000000002,-1.4000000000000001,0.6000000000000001,0.3999999999999999,-1.6,-1.7999999999999998,-0.39999999999999997,-0.39999999999999997,-0.2,0.0,0.0,2023-24,20231209|Liverpool|Crystal Palace,1,2,3,away
2023-12-09,Wolverhampton Wanderers,Nottingham Forest,0.6537047349763238,1.2,1.4,1.6,-0.2,0.4,0.0,1.5,1.5,1.4,0.1,0.4,0.3,4.0,0.6,1.2,2.4,-1.2,0.2,0.0,0.6,0.9,2.0,-1.1,0.1,0.3,3.0,1.8,0.6,0.1,-1.2,0.6,0.9,0.19999999999999996,0.6,-0.7999999999999998,-0.6000000000000001,1.0,1.2000000000000002,0.2,0.30000000000000004,0.0,0.0,1.0,2023-24,20231209|Nottingham Forest|Wolverhampton Wanderers,1,1,2,draw
2023-12-10,Everton,Chelsea,0.5385768180203901,2.0,1.6,1.2,0.4,0.6,0.2,1.9,1.6,1.1,0.5,0.6,0.1,3.0,1.4,2.6,2.6,0.0,0.4,0.2,1.4,2.1,1.9,0.2,0.4,0.2,4.0,1.0,1.3,-0.3,0.0,0.6000000000000001,0.5,-1.0,-0.5,-1.4000000000000001,-0.7999999999999998,0.4,0.3,0.19999999999999996,0.19999999999999996,0.0,-0.1,-1.0,2023-24,20231210|Chelsea|Everton,2,0,2,home
2023-12-10,Luton Town,Manchester City,0.174935795573585,0.8,1.4,2.0,-0.6,0.2,0.2,0.8,1.3,1.9,-0.6,0.2,0.2,5.0,1.2,2.8,2.0,0.8,0.2,0.6,1.5,2.2,1.4,0.8,0.4,0.3,4.0,0.7142857142857143,1.4,-0.42857142857142855,0.5,-0.3999999999999999,-0.7,-1.4,-0.9000000000000001,0.0,0.5,-1.4,-1.4,0.0,-0.2,-0.39999999999999997,-0.09999999999999998,1.0,2023-24,20231210|Manchester City|Luton Town,1,2,3,away
2023-12-10,Tottenham Hotspur,Newcastle United,0.5248386193240612,0.2,1.4,2.6,-1.2,0.0,0.2,1.4,1.6,1.7,-0.1,0.4,0.2,3.0,1.8,1.2,1.2,0.0,0.6,0.0,2.0,2.4,1.0,1.4,0.6,0.2,3.0,1.6,1.0,0.0,0.3,-1.6,-0.6000000000000001,0.19999999999999996,-0.7999999999999998,1.4000000000000001,0.7,-1.2,-1.5,-0.6,-0.19999999999999996,0.2,0.0,0.0,2023-24,20231210|Newcastle United|Tottenham Hotspur,4,1,5,home
2023-12-10,Fulham,West Ham United,0.5421029072915649,1.2,2.4,2.0,0.4,0.4,0.0,1.1,1.6,1.6,0.0,0.3,0.2,4.0,2.0,2.0,1.6,0.4,0.6,0.2,1.4,1.6,1.8,-0.2,0.4,0.2,3.0,1.6,1.3,0.4,-0.4,-0.8,-0.2999999999999998,0.3999999999999999,0.0,0.3999999999999999,-0.19999999999999996,0.0,0.2,-0.19999999999999996,-0.10000000000000003,-0.2,0.0,1.0,2023-24,20231210|West Ham United|Fulham,5,0,5,home
2023-12-15,Nottingham Forest,Tottenham Hotspur,0.35760391180908174,0.2,1.0,2.6,-1.6,0.0,0.2,0.7,1.0,1.9,-0.9,0.1,0.4,6.0,0.8,2.0,2.0,0.0,0.2,0.2,1.6,1.8,1.6,0.2,0.5,0.1,5.0,1.8,1.8,0.5,0.8,-0.6000000000000001,-0.9000000000000001,-1.0,-0.8,0.6000000000000001,0.2999999999999998,-1.6,-1.1,-0.2,-0.4,0.0,0.30000000000000004,1.0,2023-24,20231215|Tottenham Hotspur|Nottingham Forest,0,2,2,away
2023-12-16,Manchester City,Crystal Palace,0.9005659041104357,1.2,2.0,2.0,0.0,0.2,0.6,1.5,2.2,1.5,0.7,0.4,0.3,6.0,0.2,1.0,2.0,-1.0,0.0,0.2,0.8,0.9,1.6,-0.7,0.2,0.2,7.0,2.6,1.2,1.8,-0.4,1.0,0.7,1.0,1.3000000000000003,0.0,-0.10000000000000009,1.0,1.4,0.2,0.2,0.39999999999999997,0.09999999999999998,-1.0,2023-24,20231216|Crystal Palace|Manchester City,2,2,4,draw
2023-12-16,Burnley,Everton,0.394675625582773,0.8,1.6,1.4,0.2,0.2,0.2,0.7,1.2,1.9,-0.7,0.2,0.1,7.0,2.4,1.8,1.0,0.8,0.8,0.0,1.9,1.5,1.0,0.5,0.6,0.1,6.0,0.3,1.8,-1.3,0.3,-1.5999999999999999,-1.2,-0.19999999999999996,-0.30000000000000004,0.3999999999999999,0.8999999999999999,-0.6000000000000001,-1.2,-0.6000000000000001,-0.39999999999999997,0.2,0.0,1.0,2023-24,20231216|Everton|Burnley,0,2,2,away
2023-12-16,Newcastle United,Fulham,0.7348716467979372,1.2,1.2,2.0,-0.8,0.4,0.0,1.7,1.7,1.4,0.3,0.5,0.2,6.0,1.8,3.4,1.8,1.6,0.6,0.0,1.3,2.1,1.6,0.5,0.4,0.1,6.0,2.5,0.9,1.8,-0.7,-0.6000000000000001,0.3999999999999999,-2.2,-0.40000000000000013,0.19999999999999996,-0.20000000000000018,-2.4000000000000004,-0.2,-0.19999999999999996,0.09999999999999998,0.0,0.1,0.0,2023-24,20231216|Fulham|Newcastle United,3,0,3,home
2023-12-16,Chelsea,Sheffield United,0.8179279303908669,0.8,1.8,2.8,-1.0,0.2,0.2,1.4,2.1,2.0,0.1,0.4,0.2,6.0,0.8,0.6,2.2,-1.6,0.2,0.2,0.7,0.7,2.4,-1.7,0.2,0.1,7.0,1.1,0.4,0.0,-2.0,0.0,0.7,1.2000000000000002,1.4000000000000001,0.5999999999999996,-0.3999999999999999,0.6000000000000001,1.8,0.0,0.2,0.0,0.1,-1.0,2023-24,20231216|Sheffield United|Chelsea,2,0,2,home
2023-12-17,Brentford,Aston Villa,0.4042940893700238,0.6,0.8,1.6,-0.8,0.2,0.0,1.3,1.4,1.3,0.1,0.4,0.1,8.0,2.6,1.8,0.8,1.0,0.8,0.2,2.3,2.3,1.0,1.3,0.7,0.2,8.0,1.8,1.2,0.6,-0.6,-2.0,-0.9999999999999998,-1.0,-0.8999999999999999,0.8,0.30000000000000004,-1.8,-1.2,-0.6000000000000001,-0.29999999999999993,-0.2,-0.1,0.0,2023-24,20231217|Aston Villa|Brentford,1,2,3,away
2023-12-17,Arsenal,Brighton and Hove Albion,0.7612530196908196,2.4,2.0,1.2,0.8,0.8,0.0,2.2,2.2,0.9,1.3,0.7,0.1,8.0,1.6,1.8,1.6,0.2,0.4,0.4,1.1,1.5,2.0,-0.5,0.2,0.5,8.0,2.3,1.3,1.4,-0.2,0.7999999999999998,1.1,0.19999999999999996,0.7000000000000002,-0.40000000000000013,-1.1,0.6000000000000001,1.8,0.4,0.49999999999999994,-0.4,-0.4,0.0,2023-24,20231217|Brighton and Hove Albion|Arsenal,2,0,2,home
2023-12-17,Liverpool,Manchester United,0.7594428101307706,2.6,2.4,1.0,1.4,0.8,0.2,2.1,2.1,1.0,1.1,0.6,0.3,8.0,1.8,1.2,1.0,0.2,0.6,0.0,1.8,1.1,1.1,0.0,0.6,0.0,8.0,2.8,1.5,1.8,0.0,0.8,0.30000000000000004,1.2,1.0,0.0,-0.10000000000000009,1.2,1.1,0.20000000000000007,0.0,0.2,0.3,0.0,2023-24,20231217|Manchester United|Liverpool,0,0,0,draw
2023-12-17,West Ham United,Wolverhampton Wanderers,0.6385749999553615,2.0,1.6,2.0,-0.4,0.6,0.2,1.4,1.5,2.0,-0.5,0.4,0.2,7.0,1.4,1.4,1.4,0.0,0.4,0.2,1.5,1.5,1.4,0.1,0.4,0.3,8.0,1.7,0.7,0.4,-1.0,0.6000000000000001,-0.10000000000000009,0.20000000000000018,0.0,0.6000000000000001,0.6000000000000001,-0.4,-0.6,0.19999999999999996,0.0,0.0,-0.09999999999999998,-1.0,2023-24,20231217|Wolverhampton Wanderers|West Ham United,3,0,3,home
2023-12-21,Crystal Palace,Brighton and Hove Albion,0.4397684933178316,0.4,1.0,1.8,-0.8,0.0,0.4,0.6,1.0,1.8,-0.8,0.1,0.3,5.0,1.4,1.6,1.8,-0.2,0.4,0.2,1.1,1.4,1.6,-0.2,0.2,0.5,4.0,0.9,1.0,-0.3,-0.7,-0.9999999999999999,-0.5000000000000001,-0.6000000000000001,-0.3999999999999999,0.0,0.19999999999999996,-0.6000000000000001,-0.6000000000000001,-0.4,-0.1,0.2,-0.2,1.0,2023-24,20231221|Brighton and Hove Albion|Crystal Palace,1,1,2,draw
2023-12-22,Aston Villa,Sheffield United,0.9233831545590655,2.6,1.6,0.8,0.8,0.8,0.2,2.3,1.9,1.0,0.9,0.7,0.2,5.0,0.6,0.4,2.4,-2.0,0.2,0.0,0.7,0.7,2.4,-1.7,0.2,0.1,6.0,3.0,0.4,2.2,-1.8,2.0,1.5999999999999999,1.2000000000000002,1.2,-1.5999999999999999,-1.4,2.8,2.6,0.6000000000000001,0.49999999999999994,0.2,0.1,-1.0,2023-24,20231222|Sheffield United|Aston Villa,1,1,2,draw
2023-12-23,Liverpool,Arsenal,0.6026396001907574,2.2,1.8,1.0,0.8,0.6,0.4,2.2,2.0,0.8,1.2,0.6,0.4,6.0,2.4,1.8,1.0,0.8,0.8,0.0,2.2,2.0,0.9,1.1,0.7,0.1,6.0,2.6,1.9,1.7,0.7,-0.19999999999999973,0.0,0.0,0.0,0.0,-0.09999999999999998,0.0,0.09999999999999987,-0.20000000000000007,-0.09999999999999998,0.4,0.30000000000000004,0.0,2023-24,20231223|Arsenal|Liverpool,1,1,2,draw
2023-12-23,Nottingham Forest,Bournemouth,0.5134900634397118,0.2,0.6,2.4,-1.8,0.0,0.2,0.6,0.9,2.0,-1.1,0.1,0.3,8.0,2.6,2.4,0.6,1.8,0.8,0.2,1.6,1.6,1.9,-0.3,0.5,0.1,14.0,1.5,1.0,0.1,-0.8,-2.4,-1.0,-1.7999999999999998,-0.7000000000000001,1.7999999999999998,0.10000000000000009,-3.6,-0.8,-0.8,-0.4,0.0,0.19999999999999998,-6.0,2023-24,20231223|Bournemouth|Nottingham Forest,2,3,5,away
2023-12-23,Fulham,Burnley,0.7734292317241132,1.8,3.2,1.8,1.4,0.6,0.0,1.3,2.1,1.7,0.4,0.4,0.1,7.0,0.8,1.4,1.2,0.2,0.2,0.2,0.4,1.0,2.0,-1.0,0.1,0.1,7.0,1.9,0.6,1.0,-0.9,1.0,0.9,1.8000000000000003,1.1,0.6000000000000001,-0.30000000000000004,1.2,1.4,0.39999999999999997,0.30000000000000004,-0.2,0.0,0.0,2023-24,20231223|Burnley|Fulham,0,2,2,away
2023-12-23,Tottenham Hotspur,Everton,0.7212947511138614,1.4,2.2,1.6,0.6,0.4,0.2,1.6,1.8,1.5,0.3,0.5,0.1,8.0,2.4,1.6,0.6,1.0,0.8,0.0,2.2,1.6,0.8,0.8,0.7,0.1,7.0,1.8,2.0,0.3,0.5,-1.0,-0.6000000000000001,0.6000000000000001,0.19999999999999996,1.0,0.7,-0.4,-0.5,-0.4,-0.19999999999999996,0.2,0.0,1.0,2023-24,20231223|Everton|Tottenham Hotspur,2,1,3,home
2023-12-23,West Ham United,Manchester United,0.46422396250500314,2.0,1.6,1.6,0.0,0.6,0.2,1.4,1.6,2.0,-0.4,0.4,0.2,6.0,1.4,1.0,1.0,0.0,0.4,0.2,1.9,1.1,1.0,0.1,0.6,0.1,6.0,2.0,1.6,0.8,0.1,0.6000000000000001,-0.5,0.6000000000000001,0.5,0.6000000000000001,1.0,0.0,-0.5,0.19999999999999996,-0.19999999999999996,0.0,0.1,0.0,2023-24,20231223|Manchester United|West Ham United,2,0,2,home
2023-12-23,Luton Town,Newcastle United,0.31866032591392673,0.6,1.4,2.2,-0.8,0.2,0.0,0.5,1.2,2.0,-0.8,0.1,0.2,13.0,1.8,1.8,1.6,0.2,0.6,0.0,1.7,1.8,1.4,0.4,0.5,0.2,7.0,0.625,0.7,-0.5,-0.3,-1.2000000000000002,-1.2,-0.40000000000000013,-0.6000000000000001,0.6000000000000001,0.6000000000000001,-1.0,-1.2000000000000002,-0.39999999999999997,-0.4,0.0,0.0,6.0,2023-24,20231223|Newcastle United|Luton Town,1,0,1,home
2023-12-24,Wolverhampton Wanderers,Chelsea,0.5138610121823753,0.8,1.0,1.8,-0.8,0.2,0.2,1.2,1.3,1.6,-0.3,0.3,0.3,7.0,1.2,1.4,2.0,-0.6,0.4,0.0,1.4,2.1,2.0,0.1,0.4,0.2,8.0,1.6,1.0,-0.1,-0.4,-0.3999999999999999,-0.19999999999999996,-0.3999999999999999,-0.8,-0.19999999999999996,-0.3999999999999999,-0.20000000000000007,-0.4,-0.2,-0.10000000000000003,0.2,0.09999999999999998,-1.0,2023-24,20231224|Chelsea|Wolverhampton Wanderers,2,1,3,home
2023-12-26,Manchester United,Aston Villa,0.4865140574145049,0.8,0.4,1.4,-1.0,0.2,0.2,1.6,0.9,1.1,-0.2,0.5,0.1,3.0,2.2,1.4,0.8,0.6,0.6,0.4,2.3,1.9,1.0,0.9,0.7,0.2,4.0,1.8,1.5,-0.3,-0.4,-1.4000000000000001,-0.6999999999999997,-0.9999999999999999,-0.9999999999999999,0.5999999999999999,0.10000000000000009,-1.6,-1.1,-0.39999999999999997,-0.19999999999999996,-0.2,-0.1,-1.0,2023-24,20231226|Aston Villa|Manchester United,3,2,5,home
2023-12-26,Bournemouth,Fulham,0.618705674435021,2.6,2.6,1.0,1.6,0.8,0.2,1.9,1.9,1.7,0.2,0.6,0.1,3.0,1.2,2.6,1.8,0.8,0.4,0.0,1.0,1.8,1.8,0.0,0.3,0.1,3.0,0.9,0.6,-0.7,-1.2,1.4000000000000001,0.8999999999999999,0.0,0.09999999999999987,-0.8,-0.10000000000000009,0.8,0.2,0.4,0.3,0.2,0.0,0.0,2023-24,20231226|Fulham|Bournemouth,3,0,3,home
2023-12-26,Burnley,Liverpool,0.1577990988413909,1.4,1.6,0.8,0.8,0.4,0.2,0.7,1.1,1.6,-0.5,0.2,0.1,3.0,2.2,1.8,1.0,0.8,0.6,0.4,2.2,1.9,0.7,1.2,0.6,0.4,3.0,0.3,1.7,-1.3,0.5,-0.8000000000000003,-1.5000000000000002,-0.19999999999999996,-0.7999999999999998,-0.19999999999999996,0.9000000000000001,0.0,-1.7,-0.19999999999999996,-0.39999999999999997,-0.2,-0.30000000000000004,0.0,2023-24,20231226|Liverpool|Burnley,0,2,2,away
2023-12-26,Sheffield United,Luton Town,0.40959104171480615,0.8,0.4,2.0,-1.6,0.2,0.2,0.8,0.7,2.2,-1.5,0.2,0.2,4.0,1.2,1.6,2.0,-0.4,0.4,0.0,0.8,1.2,1.8,-0.6,0.2,0.2,3.0,1.0,0.5,-1.2,-1.375,-0.3999999999999999,0.0,-1.2000000000000002,-0.5,0.0,0.40000000000000013,-1.2000000000000002,-0.9,-0.2,0.0,0.2,0.0,1.0,2023-24,20231226|Luton Town|Sheffield United,2,3,5,away
2023-12-26,Newcastle United,Nottingham Forest,0.8198602760520629,1.2,1.0,1.6,-0.6,0.4,0.0,1.6,1.6,1.3,0.3,0.5,0.1,3.0,0.2,0.6,2.4,-1.8,0.0,0.2,0.5,1.1,2.3,-1.2,0.1,0.2,3.0,2.5,0.6,1.8,-1.2,1.0,1.1,0.4,0.5,-0.7999999999999998,-0.9999999999999998,1.2000000000000002,1.5,0.4,0.4,-0.2,-0.1,0.0,2023-24,20231226|Nottingham Forest|Newcastle United,1,3,4,away
2023-12-27,Chelsea,Crystal Palace,0.6417543714684141,1.2,1.4,1.6,-0.2,0.4,0.0,1.1,1.8,2.1,-0.3,0.3,0.2,3.0,0.6,1.0,1.6,-0.6,0.0,0.6,0.6,1.1,1.9,-0.8,0.1,0.3,6.0,1.3,1.3,0.2,-0.3,0.6,0.5000000000000001,0.3999999999999999,0.7,0.0,0.20000000000000018,0.39999999999999997,0.5,0.4,0.19999999999999998,-0.6,-0.09999999999999998,-3.0,2023-24,20231227|Crystal Palace|Chelsea,2,1,3,home
2023-12-27,Everton,Manchester City,0.24595347986226854,2.4,1.8,0.4,1.4,0.8,0.0,1.9,1.4,1.0,0.4,0.6,0.1,4.0,1.2,1.6,1.6,0.0,0.2,0.6,1.6,2.3,1.5,0.8,0.4,0.4,11.0,1.3,1.6,0.2,0.6,1.2,0.2999999999999998,0.19999999999999996,-0.8999999999999999,-1.2000000000000002,-0.5,1.4,-0.4,0.6000000000000001,0.19999999999999996,-0.6,-0.30000000000000004,-7.0,2023-24,20231227|Manchester City|Everton,1,3,4,away
2023-12-27,Brentford,Wolverhampton Wanderers,0.6581908978821107,0.6,1.0,1.4,-0.4,0.2,0.0,1.2,1.4,1.4,0.0,0.4,0.0,10.0,1.4,1.0,1.4,-0.4,0.4,0.2,1.4,1.4,1.6,-0.2,0.4,0.2,3.0,1.5,0.7,0.3,-1.1,-0.7999999999999999,-0.19999999999999996,0.0,0.0,0.0,-0.20000000000000018,0.0,0.2,-0.2,0.0,-0.2,-0.2,7.0,2023-24,20231227|Wolverhampton Wanderers|Brentford,1,4,5,away
2023-12-28,Brighton and Hove Albion,Tottenham Hotspur,0.5237200055113371,1.0,1.2,1.6,-0.4,0.2,0.4,1.1,1.3,1.5,-0.2,0.2,0.5,7.0,2.0,2.4,1.4,1.0,0.6,0.2,1.6,1.9,1.6,0.3,0.5,0.1,5.0,1.7,2.1,0.6,1.1,-1.0,-0.5,-1.2,-0.5999999999999999,0.20000000000000018,-0.10000000000000009,-1.4,-0.5,-0.39999999999999997,-0.3,0.2,0.4,2.0,2023-24,20231228|Tottenham Hotspur|Brighton and Hove Albion,4,2,6,home
2023-12-28,Arsenal,West Ham United,0.8138993752352753,2.0,1.8,1.2,0.6,0.6,0.2,2.0,2.0,1.0,1.0,0.6,0.2,5.0,2.0,1.6,1.4,0.2,0.6,0.2,1.6,1.6,1.8,-0.2,0.5,0.1,5.0,2.6,1.3,1.9,-0.7,0.0,0.3999999999999999,0.19999999999999996,0.3999999999999999,-0.19999999999999996,-0.8,0.39999999999999997,1.2,0.0,0.09999999999999998,0.0,0.1,0.0,2023-24,20231228|West Ham United|Arsenal,0,2,2,away
2023-12-30,Crystal Palace,Brentford,0.5301593238078628,0.4,1.0,1.8,-0.8,0.0,0.4,0.6,1.2,1.7,-0.5,0.1,0.3,3.0,0.6,1.2,2.0,-0.8,0.2,0.0,1.2,1.4,1.6,-0.2,0.4,0.0,3.0,0.7,1.0,-0.5,-0.1,-0.19999999999999996,-0.6,-0.19999999999999996,-0.19999999999999996,-0.19999999999999996,0.09999999999999987,0.0,-0.3,-0.2,-0.30000000000000004,0.4,0.3,0.0,2023-24,20231230|Brentford|Crystal Palace,3,1,4,home
2023-12-30,Aston Villa,Burnley,0.8826084845626606,2.0,1.4,1.0,0.4,0.6,0.2,2.0,1.7,1.2,0.5,0.6,0.2,4.0,0.8,0.6,1.2,-0.6,0.2,0.2,0.7,1.1,1.5,-0.4,0.2,0.1,4.0,2.8,0.9,2.1,-0.6,1.2,1.3,0.7999999999999999,0.5999999999999999,-0.19999999999999996,-0.30000000000000004,1.0,0.9,0.39999999999999997,0.39999999999999997,0.0,0.1,0.0,2023-24,20231230|Burnley|Aston Villa,3,2,5,home
2023-12-30,Luton Town,Chelsea,0.5162622538207268,1.2,1.8,2.2,-0.4,0.4,0.0,1.1,1.5,1.9,-0.4,0.3,0.2,4.0,1.2,1.2,1.4,-0.2,0.4,0.0,1.3,1.8,2.0,-0.2,0.4,0.1,3.0,0.8888888888888888,1.0,-0.3333333333333333,-0.4,0.0,-0.19999999999999996,0.6000000000000001,-0.30000000000000004,0.8000000000000003,-0.10000000000000009,-0.2,-0.2,0.0,-0.10000000000000003,0.0,0.1,1.0,2023-24,20231230|Chelsea|Luton Town,2,3,5,away
2023-12-30,Wolverhampton Wanderers,Everton,0.5901649658388538,2.0,1.6,1.2,0.4,0.6,0.2,1.4,1.6,1.6,0.0,0.4,0.2,3.0,1.8,1.8,1.0,0.8,0.6,0.0,1.9,1.5,1.1,0.4,0.6,0.1,3.0,1.6,1.7,-0.1,0.0,0.19999999999999996,-0.5,-0.19999999999999996,0.10000000000000009,0.19999999999999996,0.5,-0.4,-0.4,0.0,-0.19999999999999996,0.2,0.1,0.0,2023-24,20231230|Everton|Wolverhampton Wanderers,3,0,3,home
2023-12-30,Nottingham Forest,Manchester United,0.3513914810643108,0.8,1.2,2.4,-1.2,0.2,0.2,0.7,1.2,2.2,-1.0,0.2,0.1,4.0,1.4,1.0,1.6,-0.6,0.4,0.2,1.6,1.0,1.2,-0.2,0.5,0.1,4.0,1.2,1.6,-0.1,0.0,-0.5999999999999999,-0.9000000000000001,0.19999999999999996,0.19999999999999996,0.7999999999999998,1.0000000000000002,-0.6,-0.8,-0.2,-0.3,0.0,0.0,0.0,2023-24,20231230|Manchester United|Nottingham Forest,2,1,3,home
2023-12-30,Manchester City,Sheffield United,0.9542656115598248,1.6,2.0,1.6,0.4,0.4,0.4,1.9,2.6,1.5,1.1,0.5,0.4,3.0,0.8,0.8,1.6,-0.8,0.2,0.2,0.8,0.8,2.3,-1.5,0.2,0.2,4.0,2.4,0.2,1.5,-1.9,0.8,1.0999999999999999,1.2,1.8,0.0,-0.7999999999999998,1.2000000000000002,2.6,0.2,0.3,0.2,0.2,-1.0,2023-24,20231230|Sheffield United|Manchester City,2,0,2,home
2023-12-31,Fulham,Arsenal,0.26808690296263654,1.2,2.0,1.6,0.4,0.4,0.0,1.0,1.8,1.9,-0.1,0.3,0.1,5.0,1.4,1.4,1.4,0.0,0.4,0.2,1.9,1.8,1.0,0.8,0.6,0.1,3.0,1.6,1.7,0.6,0.5,-0.19999999999999996,-0.8999999999999999,0.6000000000000001,0.0,0.20000000000000018,0.8999999999999999,0.4,-0.9,0.0,-0.3,-0.2,0.0,2.0,2023-24,20231231|Arsenal|Fulham,2,1,3,home
2023-12-31,Tottenham Hotspur,Bournemouth,0.7204878775047551,1.8,2.2,1.6,0.6,0.6,0.0,1.3,1.9,2.0,-0.1,0.4,0.1,3.0,2.6,2.6,0.8,1.8,0.8,0.2,2.2,2.2,1.4,0.8,0.7,0.1,5.0,1.8,1.3,0.3,-0.5,-0.8,-0.9000000000000001,-0.3999999999999999,-0.30000000000000027,0.8,0.6000000000000001,-1.2000000000000002,-0.9,-0.20000000000000007,-0.29999999999999993,-0.2,0.0,-2.0,2023-24,20231231|Bournemouth|Tottenham Hotspur,3,1,4,home
2024-01-01,Liverpool,Newcastle United,0.773800446288648,2.2,1.4,0.4,1.0,0.6,0.4,2.2,1.9,0.7,1.2,0.6,0.4,6.0,0.6,1.0,2.2,-1.2,0.2,0.0,1.3,1.3,1.6,-0.3,0.4,0.1,6.0,2.4,0.6,1.6,-0.4,1.6,0.9000000000000001,0.3999999999999999,0.5999999999999999,-1.8000000000000003,-0.9000000000000001,2.2,1.5,0.39999999999999997,0.19999999999999996,0.4,0.30000000000000004,0.0,2023-24,20240101|Newcastle United|Liverpool,4,2,6,home
2024-01-02,West Ham United,Brighton and Hove Albion,0.5548589535725742,2.4,1.8,1.2,0.6,0.8,0.0,1.9,1.7,1.4,0.3,0.6,0.1,5.0,1.6,1.6,1.4,0.2,0.4,0.4,1.4,1.6,1.5,0.1,0.3,0.5,5.0,2.0,1.1,0.9,-0.4,0.7999999999999998,0.5,0.19999999999999996,0.09999999999999987,-0.19999999999999996,-0.10000000000000009,0.39999999999999997,0.19999999999999998,0.4,0.3,-0.4,-0.4,0.0,2023-24,20240102|Brighton and Hove Albion|West Ham United,0,0,0,draw
2024-01-12,Burnley,Luton Town,0.4770427803168409,0.8,1.0,1.6,-0.6,0.2,0.2,0.7,1.2,1.6,-0.4,0.2,0.1,13.0,1.2,2.0,2.2,-0.2,0.4,0.0,1.0,1.5,2.0,-0.5,0.3,0.1,13.0,0.3,0.7777777777777778,-1.4,-1.1111111111111112,-0.3999999999999999,-0.30000000000000004,-1.0,-0.30000000000000004,-0.6000000000000001,-0.3999999999999999,-0.39999999999999997,0.09999999999999998,-0.2,-0.09999999999999998,0.2,0.0,0.0,2023-24,20240112|Luton Town|Burnley,1,1,2,draw
2024-01-13,Chelsea,Fulham,0.653323431350885,1.8,1.6,1.4,0.2,0.6,0.0,1.6,2.1,2.0,0.1,0.5,0.1,14.0,1.2,1.4,1.8,-0.4,0.4,0.0,1.2,1.9,1.9,0.0,0.4,0.0,13.0,1.5,0.6,0.3,-1.4,0.6000000000000001,0.40000000000000013,0.20000000000000018,0.20000000000000018,-0.40000000000000013,0.10000000000000009,0.6000000000000001,0.1,0.19999999999999996,0.09999999999999998,0.0,0.1,1.0,2023-24,20240113|Fulham|Chelsea,1,0,1,home
2024-01-13,Newcastle United,Manchester City,0.32074886215171616,0.6,1.4,2.4,-1.0,0.2,0.0,1.2,1.3,1.8,-0.5,0.4,0.0,12.0,2.0,1.8,1.0,0.8,0.6,0.2,1.9,2.6,1.4,1.2,0.5,0.4,14.0,2.4,1.9,1.6,0.9,-1.4,-0.7,-0.40000000000000013,-1.3,1.4,0.40000000000000013,-1.8,-1.7,-0.39999999999999997,-0.09999999999999998,-0.2,-0.4,-2.0,2023-24,20240113|Manchester City|Newcastle United,2,3,5,away
2024-01-14,Everton,Aston Villa,0.35027634879374014,1.2,1.2,1.6,-0.4,0.4,0.0,1.6,1.4,1.4,0.0,0.5,0.1,15.0,2.0,1.8,1.4,0.4,0.6,0.2,2.0,1.7,1.3,0.4,0.6,0.2,15.0,1.0,1.4,-0.1,-0.5,-0.8,-0.3999999999999999,-0.6000000000000001,-0.30000000000000004,0.20000000000000018,0.09999999999999987,-0.8,-0.4,-0.19999999999999996,-0.09999999999999998,-0.2,-0.1,0.0,2023-24,20240114|Aston Villa|Everton,0,0,0,draw
2024-01-14,Manchester United,Tottenham Hotspur,0.5572516705239441,0.8,0.8,1.8,-1.0,0.2,0.2,1.6,1.1,1.1,0.0,0.5,0.1,15.0,2.4,2.6,1.4,1.2,0.8,0.0,1.3,2.0,2.0,0.0,0.4,0.1,14.0,1.8,1.8,-0.3,0.6,-1.5999999999999999,0.30000000000000004,-1.8,-0.8999999999999999,0.40000000000000013,-0.8999999999999999,-2.2,0.0,-0.6000000000000001,0.09999999999999998,0.2,0.0,1.0,2023-24,20240114|Tottenham Hotspur|Manchester United,2,2,4,draw
2024-01-20,Arsenal,Crystal Palace,0.8300177743630651,0.8,0.8,1.2,-0.4,0.2,0.2,1.6,1.4,1.2,0.2,0.5,0.1,20.0,1.0,1.6,1.6,0.0,0.2,0.4,0.9,1.4,1.6,-0.2,0.2,0.3,21.0,2.3,1.2,1.2,-0.4,-0.19999999999999996,0.7000000000000001,-0.8,0.0,-0.40000000000000013,-0.40000000000000013,-0.4,0.4,0.0,0.3,-0.2,-0.19999999999999998,-1.0,2023-24,20240120|Crystal Palace|Arsenal,5,0,5,home
2024-01-20,Brentford,Nottingham Forest,0.640382512086391,0.0,0.8,2.4,-1.6,0.0,0.0,0.9,1.2,1.9,-0.7,0.3,0.0,21.0,1.4,1.6,1.6,0.0,0.4,0.2,1.0,1.4,2.0,-0.6,0.3,0.1,21.0,1.2,0.8,-0.1,-1.0,-1.4,-0.09999999999999998,-0.8,-0.19999999999999996,0.7999999999999998,-0.10000000000000009,-1.6,-0.09999999999999998,-0.4,0.0,-0.2,-0.1,0.0,2023-24,20240120|Nottingham Forest|Brentford,3,2,5,home
2024-01-21,Bournemouth,Liverpool,0.26537370764447715,2.4,2.4,1.0,1.4,0.8,0.0,2.2,2.2,1.5,0.7,0.7,0.1,21.0,2.2,1.8,0.8,1.0,0.6,0.4,2.2,2.0,0.9,1.1,0.6,0.4,20.0,1.2,1.9,-0.2,0.7,0.19999999999999973,0.0,0.5999999999999999,0.20000000000000018,0.19999999999999996,0.6,0.3999999999999999,-0.40000000000000013,0.20000000000000007,0.09999999999999998,-0.4,-0.30000000000000004,1.0,2023-24,20240121|Liverpool|Bournemouth,0,4,4,away
2024-01-21,Sheffield United,West Ham United,0.2563760080026806,0.8,0.8,1.6,-0.8,0.2,0.2,0.8,0.8,2.0,-1.2,0.2,0.2,22.0,2.0,1.4,1.0,0.4,0.6,0.2,2.0,1.7,1.3,0.4,0.6,0.2,19.0,0.7,1.6,-1.4,-0.4,-1.2,-1.2,-0.5999999999999999,-0.8999999999999999,0.6000000000000001,0.7,-1.2000000000000002,-1.6,-0.39999999999999997,-0.39999999999999997,0.0,0.0,3.0,2023-24,20240121|West Ham United|Sheffield United,2,2,4,draw
2024-01-22,Brighton and Hove Albion,Wolverhampton Wanderers,0.6946075766831374,1.2,1.2,1.2,0.0,0.2,0.6,1.4,1.5,1.4,0.1,0.3,0.5,20.0,2.0,2.0,1.2,0.8,0.6,0.2,1.6,1.7,1.4,0.3,0.5,0.1,23.0,1.9,1.0,0.8,-0.3,-0.8,-0.20000000000000018,-0.8,-0.19999999999999996,0.0,0.0,-0.8,-0.19999999999999998,-0.39999999999999997,-0.2,0.39999999999999997,0.4,-3.0,2023-24,20240122|Wolverhampton Wanderers|Brighton and Hove Albion,0,0,0,draw
2024-01-30,Nottingham Forest,Arsenal,0.2609416987541558,1.2,1.8,2.0,-0.2,0.4,0.0,0.7,1.4,2.3,-0.9,0.2,0.1,10.0,1.4,1.8,1.0,0.8,0.4,0.2,1.9,1.9,1.1,0.8,0.6,0.1,10.0,1.2,1.7,-0.1,0.5,-0.19999999999999996,-1.2,0.0,-0.5,1.0,1.1999999999999997,-1.0,-1.7000000000000002,0.0,-0.39999999999999997,-0.2,0.0,0.0,2023-24,20240130|Arsenal|Nottingham Forest,1,2,3,away
2024-01-30,Luton Town,Brighton and Hove Albion,0.3975585378350514,1.4,1.6,1.6,0.0,0.4,0.2,1.1,1.5,1.8,-0.3,0.3,0.2,18.0,1.2,1.0,1.0,0.0,0.2,0.6,1.4,1.4,1.3,0.1,0.3,0.5,8.0,0.8,1.2,-0.4,-0.3,0.19999999999999996,-0.2999999999999998,0.6000000000000001,0.10000000000000009,0.6000000000000001,0.5,0.0,-0.4,0.2,0.0,-0.39999999999999997,-0.3,10.0,2023-24,20240130|Brighton and Hove Albion|Luton Town,4,0,4,home
2024-01-30,Fulham,Everton,0.5714401727989729,0.6,0.4,2.0,-1.6,0.2,0.0,1.2,1.9,1.9,0.0,0.4,0.0,17.0,0.8,0.8,1.6,-0.8,0.2,0.2,1.6,1.3,1.3,0.0,0.5,0.1,16.0,1.8,1.6,0.7,-0.3,-0.20000000000000007,-0.40000000000000013,-0.4,0.5999999999999999,0.3999999999999999,0.5999999999999999,-0.8,0.0,0.0,-0.09999999999999998,-0.2,-0.1,1.0,2023-24,20240130|Everton|Fulham,0,0,0,draw
2024-01-30,Aston Villa,Newcastle United,0.7018289448253995,1.6,1.6,1.4,0.2,0.4,0.4,2.1,1.7,1.1,0.6,0.6,0.3,16.0,0.6,1.6,2.2,-0.6,0.2,0.0,0.9,1.4,2.1,-0.7,0.3,0.0,17.0,2.8,0.5,2.1,-0.6,1.0,1.2000000000000002,0.0,0.30000000000000004,-0.8000000000000003,-1.0,0.8,1.2999999999999998,0.2,0.3,0.4,0.3,-1.0,2023-24,20240130|Newcastle United|Aston Villa,1,3,4,away
2024-01-30,Crystal Palace,Sheffield United,0.7768251523289095,1.0,1.4,2.2,-0.8,0.2,0.4,0.6,1.2,2.1,-0.9,0.1,0.3,10.0,0.4,1.0,2.0,-1.0,0.0,0.4,0.6,0.8,2.1,-1.3,0.1,0.3,9.0,0.9,0.2,-0.3,-2.0,0.6,0.0,0.3999999999999999,0.3999999999999999,0.20000000000000018,0.0,0.19999999999999996,0.4,0.2,0.0,0.0,0.0,1.0,2023-24,20240130|Sheffield United|Crystal Palace,3,2,5,home
2024-01-31,Tottenham Hotspur,Brentford,0.741563339799705,2.0,2.2,1.6,0.6,0.6,0.2,1.4,2.1,1.8,0.3,0.4,0.2,17.0,0.6,1.2,2.4,-1.2,0.2,0.0,0.9,1.3,2.1,-0.8,0.3,0.0,11.0,2.1,1.0,0.7,-0.2,1.4,0.4999999999999999,1.0000000000000002,0.8,-0.7999999999999998,-0.30000000000000004,1.7999999999999998,1.1,0.39999999999999997,0.10000000000000003,0.2,0.2,6.0,2023-24,20240131|Brentford|Tottenham Hotspur,3,2,5,home
2024-01-31,Manchester City,Burnley,0.9411300610812512,2.6,2.4,1.2,1.2,0.8,0.2,1.9,2.6,1.6,1.0,0.5,0.4,18.0,0.8,1.0,1.6,-0.6,0.2,0.2,0.8,1.3,1.5,-0.2,0.2,0.2,19.0,2.4,0.8,1.6,-0.7,1.8,1.0999999999999999,1.4,1.3,-0.40000000000000013,0.10000000000000009,1.7999999999999998,1.2,0.6000000000000001,0.3,0.0,0.2,-1.0,2023-24,20240131|Burnley|Manchester City,3,1,4,home
2024-01-31,Liverpool,Chelsea,0.831977480726638,2.2,2.2,0.6,1.6,0.6,0.4,2.4,2.3,0.8,1.5,0.7,0.3,10.0,2.4,1.8,1.0,0.8,0.8,0.0,1.6,1.8,1.9,-0.1,0.5,0.1,18.0,2.6,1.3,1.8,0.0,-0.19999999999999973,0.7999999999999998,0.40000000000000013,0.4999999999999998,-0.4,-1.0999999999999999,0.8,1.6,-0.20000000000000007,0.19999999999999996,0.4,0.19999999999999998,-8.0,2023-24,20240131|Chelsea|Liverpool,4,1,5,home
2024-02-01,West Ham United,Bournemouth,0.6765386327827394,2.2,1.8,0.4,1.4,0.6,0.4,2.1,1.7,1.2,0.5,0.6,0.3,11.0,1.8,2.0,1.8,0.2,0.6,0.0,1.9,2.0,1.8,0.2,0.6,0.1,11.0,1.8,1.3,0.7,-0.6,0.40000000000000013,0.20000000000000018,-0.19999999999999996,-0.30000000000000004,-1.4,-0.6000000000000001,1.2,0.3,0.0,0.0,0.4,0.19999999999999998,0.0,2023-24,20240201|Bournemouth|West Ham United,1,1,2,draw
2024-02-01,Wolverhampton Wanderers,Manchester United,0.4873033810685889,2.0,1.8,1.0,0.8,0.6,0.2,1.7,1.6,1.2,0.4,0.5,0.2,10.0,1.0,1.2,1.6,-0.4,0.2,0.4,1.4,1.2,1.3,-0.1,0.4,0.2,18.0,1.8,1.3,0.2,-0.2,1.0,0.30000000000000004,0.6000000000000001,0.40000000000000013,-0.6000000000000001,-0.10000000000000009,1.2000000000000002,0.5,0.39999999999999997,0.09999999999999998,-0.2,0.0,-8.0,2023-24,20240201|Manchester United|Wolverhampton Wanderers,3,4,7,away
2024-02-03,Sheffield United,Aston Villa,0.18335459287269734,0.4,1.4,2.2,-0.8,0.0,0.4,0.5,0.9,2.3,-1.4,0.1,0.2,4.0,1.0,1.4,1.8,-0.4,0.2,0.4,1.8,1.5,1.3,0.2,0.5,0.3,4.0,0.8,1.5,-1.3,-0.1,-0.6,-1.3,0.0,-0.6,0.40000000000000013,0.9999999999999998,-0.4,-1.5999999999999999,-0.2,-0.4,0.0,-0.09999999999999998,0.0,2023-24,20240203|Aston Villa|Sheffield United,0,5,5,away
2024-02-03,Brighton and Hove Albion,Crystal Palace,0.7090735381682975,1.2,1.0,1.4,-0.4,0.2,0.6,1.3,1.3,1.6,-0.3,0.3,0.4,4.0,1.4,1.6,2.2,-0.6,0.4,0.2,0.9,1.3,2.0,-0.7,0.2,0.3,4.0,1.7,0.9,0.5,-1.0,-0.19999999999999996,0.4,-0.6000000000000001,0.0,-0.8000000000000003,-0.3999999999999999,0.19999999999999996,0.39999999999999997,-0.2,0.09999999999999998,0.39999999999999997,0.10000000000000003,0.0,2023-24,20240203|Crystal Palace|Brighton and Hove Albion,4,1,5,home
2024-02-03,Burnley,Fulham,0.43914097230135396,0.8,1.2,1.8,-0.6,0.2,0.2,0.8,1.3,1.5,-0.2,0.2,0.2,3.0,0.8,0.4,1.4,-1.0,0.2,0.2,1.3,1.8,1.6,0.2,0.4,0.1,4.0,0.4,0.3,-1.1,-1.6,0.0,-0.5,0.7999999999999999,-0.5,0.40000000000000013,-0.10000000000000009,0.4,-0.4,0.0,-0.2,0.0,0.1,-1.0,2023-24,20240203|Fulham|Burnley,2,2,4,draw
2024-02-03,Newcastle United,Luton Town,0.7474989791846601,0.6,1.6,2.4,-0.8,0.2,0.0,1.2,1.7,2.0,-0.3,0.4,0.0,4.0,2.0,2.2,1.2,1.0,0.6,0.2,1.3,1.8,1.7,0.1,0.4,0.1,4.0,2.1,0.8,1.1,-1.0,-1.4,-0.10000000000000009,-0.6000000000000001,-0.10000000000000009,1.2,0.30000000000000004,-1.8,-0.4,-0.39999999999999997,0.0,-0.2,-0.1,0.0,2023-24,20240203|Luton Town|Newcastle United,4,4,8,draw
2024-02-03,Everton,Tottenham Hotspur,0.4033377048290163,0.4,0.4,1.6,-1.2,0.0,0.4,1.4,1.0,1.1,-0.1,0.4,0.2,4.0,2.0,2.4,2.0,0.4,0.6,0.2,1.7,2.3,1.8,0.5,0.5,0.2,3.0,1.1,1.8,0.0,0.6,-1.6,-0.30000000000000004,-2.0,-1.2999999999999998,-0.3999999999999999,-0.7,-1.6,-0.6,-0.6,-0.09999999999999998,0.2,0.0,1.0,2023-24,20240203|Tottenham Hotspur|Everton,2,2,4,draw
2024-02-04,Arsenal,Liverpool,0.5084688171319346,1.4,1.8,1.2,0.6,0.4,0.2,1.9,1.8,1.1,0.7,0.6,0.1,5.0,2.6,3.0,0.8,2.2,0.8,0.2,2.4,2.4,0.9,1.5,0.7,0.3,4.0,2.3,2.1,1.6,1.1,-1.2000000000000002,-0.5,-1.2,-0.5999999999999999,0.3999999999999999,0.20000000000000007,-1.6,-0.8,-0.4,-0.09999999999999998,0.0,-0.19999999999999998,1.0,2023-24,20240204|Liverpool|Arsenal,3,1,4,home
2024-02-04,Bournemouth,Nottingham Forest,0.668712944637768,1.4,1.6,2.0,-0.4,0.4,0.2,2.0,2.0,1.3,0.7,0.6,0.2,3.0,1.2,2.0,2.0,0.0,0.4,0.0,0.7,1.3,2.2,-0.9,0.2,0.1,5.0,1.2,0.8,-0.5,-1.0,0.19999999999999996,1.3,-0.3999999999999999,0.7,0.0,-0.9000000000000001,-0.4,1.6,0.0,0.39999999999999997,0.2,0.1,-2.0,2023-24,20240204|Nottingham Forest|Bournemouth,1,1,2,draw
2024-02-04,Manchester United,West Ham United,0.6639394231706955,1.4,2.0,2.2,-0.2,0.4,0.2,1.4,1.5,1.6,-0.1,0.4,0.2,3.0,1.8,1.4,0.6,0.8,0.4,0.6,1.9,1.5,1.1,0.4,0.5,0.4,3.0,1.6,1.6,-0.4,-0.4,-0.40000000000000013,-0.5,0.6000000000000001,0.0,1.6,0.5,-1.0,-0.5,0.0,-0.09999999999999998,-0.39999999999999997,-0.2,0.0,2023-24,20240204|West Ham United|Manchester United,3,0,3,home
2024-02-04,Chelsea,Wolverhampton Wanderers,0.6335948549333337,1.8,1.6,1.8,-0.2,0.6,0.0,1.5,1.5,1.9,-0.4,0.5,0.0,4.0,2.0,2.4,1.2,1.2,0.6,0.2,1.4,1.7,1.5,0.2,0.4,0.2,3.0,1.7,1.1,0.4,-0.2,-0.19999999999999996,0.10000000000000009,-0.7999999999999998,-0.19999999999999996,0.6000000000000001,0.3999999999999999,-1.4,-0.6000000000000001,0.0,0.09999999999999998,-0.2,-0.2,1.0,2023-24,20240204|Wolverhampton Wanderers|Chelsea,2,4,6,away
2024-02-05,Brentford,Manchester City,0.21202672293838776,0.6,1.6,2.8,-1.2,0.2,0.0,0.6,1.2,2.2,-1.0,0.2,0.0,5.0,2.6,2.6,1.2,1.4,0.8,0.2,1.9,2.3,1.6,0.7,0.5,0.4,5.0,1.4,1.9,0.0,0.7,-2.0,-1.2999999999999998,-1.0,-1.0999999999999999,1.5999999999999999,0.6000000000000001,-2.5999999999999996,-1.7,-0.6000000000000001,-0.3,-0.2,-0.4,0.0,2023-24,20240205|Manchester City|Brentford,1,3,4,away
2024-02-10,Fulham,Bournemouth,0.5654702794920259,1.0,0.8,1.4,-0.6,0.2,0.4,1.1,1.7,1.6,0.1,0.3,0.2,7.0,1.0,1.2,1.8,-0.6,0.2,0.4,1.8,1.9,1.4,0.5,0.5,0.3,6.0,1.9,1.4,1.0,-0.4,0.0,-0.7,-0.3999999999999999,-0.19999999999999996,-0.40000000000000013,0.20000000000000018,0.0,-0.4,0.0,-0.2,0.0,-0.09999999999999998,1.0,2023-24,20240210|Bournemouth|Fulham,3,1,4,home
2024-02-10,Wolverhampton Wanderers,Brentford,0.6407499544561743,2.0,2.8,1.4,1.4,0.6,0.2,1.7,1.9,1.4,0.5,0.5,0.2,6.0,0.6,1.6,3.0,-1.4,0.2,0.0,0.6,1.3,2.2,-0.9,0.2,0.0,5.0,1.8,0.7,0.4,-0.5,1.4,1.1,1.1999999999999997,0.5999999999999999,-1.6,-0.8000000000000003,2.8,1.4,0.39999999999999997,0.3,0.2,0.2,1.0,2023-24,20240210|Brentford|Wolverhampton Wanderers,0,2,2,away
2024-02-10,Tottenham Hotspur,Brighton and Hove Albion,0.6593630450061382,1.6,2.4,2.2,0.2,0.4,0.4,1.8,2.4,1.8,0.6,0.5,0.3,7.0,1.6,1.6,1.4,0.2,0.4,0.4,1.3,1.4,1.5,-0.1,0.3,0.4,7.0,2.1,0.9,0.6,-1.0,0.0,0.5,0.7999999999999998,1.0,0.8000000000000003,0.30000000000000004,0.0,0.7,0.0,0.2,0.0,-0.10000000000000003,0.0,2023-24,20240210|Brighton and Hove Albion|Tottenham Hotspur,2,1,3,home
2024-02-10,Liverpool,Burnley,0.9265013190697494,2.4,3.0,1.2,1.8,0.8,0.0,2.3,2.4,1.1,1.3,0.7,0.2,6.0,0.4,1.2,2.2,-1.0,0.0,0.4,0.9,1.4,1.5,-0.1,0.2,0.3,7.0,2.6,0.7,1.9,-0.9,2.0,1.4,1.8,1.0,-1.0000000000000002,-0.3999999999999999,2.8,1.4000000000000001,0.8,0.49999999999999994,-0.4,-0.09999999999999998,-1.0,2023-24,20240210|Burnley|Liverpool,3,1,4,home
2024-02-10,Manchester City,Everton,0.8899166492393702,3.0,2.8,1.0,1.8,1.0,0.0,2.1,2.2,1.3,0.9,0.6,0.3,5.0,0.6,0.6,1.6,-1.0,0.0,0.6,1.5,1.2,1.0,0.2,0.4,0.3,7.0,2.4,1.7,1.7,0.1,2.4,0.6000000000000001,2.1999999999999997,1.0000000000000002,-0.6000000000000001,0.30000000000000004,2.8,0.7,1.0,0.19999999999999996,-0.6,0.0,-2.0,2023-24,20240210|Everton|Manchester City,2,0,2,home
2024-02-10,Nottingham Forest,Newcastle United,0.3878959460401563,1.4,1.8,1.6,0.2,0.4,0.2,0.8,1.2,2.0,-0.8,0.2,0.2,6.0,0.8,2.4,3.0,-0.6,0.2,0.2,1.0,1.7,2.3,-0.6,0.3,0.1,7.0,0.9,0.8,-0.3,-0.3,0.5999999999999999,-0.19999999999999996,-0.5999999999999999,-0.5,-1.4,-0.2999999999999998,0.8,-0.20000000000000007,0.2,-0.09999999999999998,0.0,0.1,-1.0,2023-24,20240210|Newcastle United|Nottingham Forest,2,3,5,away
2024-02-10,Luton Town,Sheffield United,0.7964594024925077,1.6,2.8,2.0,0.8,0.4,0.4,1.4,2.2,2.0,0.2,0.4,0.2,7.0,0.2,1.2,3.0,-1.8,0.0,0.2,0.5,0.8,2.5,-1.7,0.1,0.2,7.0,1.1,0.2,0.1,-2.0,1.4000000000000001,0.8999999999999999,1.5999999999999999,1.4000000000000001,-1.0,-0.5,2.6,1.9,0.4,0.30000000000000004,0.2,0.0,0.0,2023-24,20240210|Sheffield United|Luton Town,1,3,4,away
2024-02-11,West Ham United,Arsenal,0.34841332906726324,1.2,1.0,1.2,-0.2,0.2,0.6,1.6,1.3,1.3,0.0,0.4,0.4,7.0,1.8,2.2,1.2,1.0,0.6,0.0,1.9,2.0,1.2,0.8,0.6,0.1,7.0,1.6,1.7,0.5,0.5,-0.6000000000000001,-0.2999999999999998,-1.2000000000000002,-0.7,0.0,0.10000000000000009,-1.2,-0.8,-0.39999999999999997,-0.19999999999999996,0.6,0.30000000000000004,0.0,2023-24,20240211|Arsenal|West Ham United,0,6,6,away
2024-02-11,Aston Villa,Manchester United,0.6296915135176263,1.4,2.2,1.6,0.6,0.4,0.2,1.8,1.8,1.2,0.6,0.5,0.3,8.0,2.0,2.6,1.8,0.8,0.6,0.2,1.4,1.5,1.6,-0.1,0.4,0.2,7.0,2.5,1.6,1.5,0.1,-0.6000000000000001,0.40000000000000013,-0.3999999999999999,0.30000000000000004,-0.19999999999999996,-0.40000000000000013,-0.20000000000000007,0.7,-0.19999999999999996,0.09999999999999998,0.0,0.09999999999999998,1.0,2023-24,20240211|Manchester United|Aston Villa,1,2,3,away
2024-02-12,Crystal Palace,Chelsea,0.5209527942748466,1.2,1.6,2.8,-1.2,0.4,0.0,0.9,1.3,2.2,-0.9,0.2,0.3,9.0,1.8,1.8,2.2,-0.4,0.6,0.0,1.5,1.6,1.9,-0.3,0.5,0.0,8.0,1.2,1.3,-0.1,-0.1,-0.6000000000000001,-0.6,-0.19999999999999996,-0.30000000000000004,0.5999999999999996,0.30000000000000027,-0.7999999999999999,-0.6000000000000001,-0.19999999999999996,-0.3,0.0,0.3,1.0,2023-24,20240212|Chelsea|Crystal Palace,1,3,4,away
2024-02-17,Burnley,Arsenal,0.15400422223058538,0.4,1.4,2.4,-1.0,0.0,0.4,0.6,1.0,1.8,-0.8,0.1,0.3,7.0,2.4,3.4,0.8,2.6,0.8,0.0,1.9,2.4,1.1,1.3,0.6,0.1,6.0,0.5,1.7,-0.9,1.0,-2.0,-1.2999999999999998,-2.0,-1.4,1.5999999999999999,0.7,-3.6,-2.1,-0.8,-0.5,0.4,0.19999999999999998,1.0,2023-24,20240217|Arsenal|Burnley,0,5,5,away
2024-02-17,Fulham,Aston Villa,0.3942227081257572,1.6,1.4,1.0,0.4,0.4,0.4,1.4,1.7,1.3,0.4,0.4,0.2,7.0,1.4,2.0,1.4,0.6,0.4,0.2,1.7,1.7,1.2,0.5,0.5,0.2,6.0,1.9,1.5,1.1,0.2,0.20000000000000018,-0.30000000000000004,-0.6000000000000001,0.0,-0.3999999999999999,0.10000000000000009,-0.19999999999999996,-0.09999999999999998,0.0,-0.09999999999999998,0.2,0.0,1.0,2023-24,20240217|Aston Villa|Fulham,1,2,3,away
2024-02-17,Newcastle United,Bournemouth,0.7421902573477329,1.4,2.8,2.8,0.0,0.4,0.2,1.0,1.9,2.5,-0.6,0.3,0.1,7.0,0.4,0.8,2.4,-1.6,0.0,0.4,1.5,1.7,1.6,0.1,0.4,0.3,7.0,2.2,1.3,1.2,-0.6,0.9999999999999999,-0.5,1.9999999999999998,0.19999999999999996,0.3999999999999999,0.8999999999999999,1.6,-0.7,0.4,-0.10000000000000003,-0.2,-0.19999999999999998,0.0,2023-24,20240217|Bournemouth|Newcastle United,2,2,4,draw
2024-02-17,Manchester City,Chelsea,0.8701725525209401,3.0,2.6,0.8,1.8,1.0,0.0,2.3,2.3,1.2,1.1,0.7,0.2,7.0,1.8,2.0,2.2,-0.2,0.6,0.0,1.5,1.6,1.8,-0.2,0.5,0.0,5.0,2.4,1.5,1.8,0.1,1.2,0.7999999999999998,0.6000000000000001,0.6999999999999997,-1.4000000000000001,-0.6000000000000001,2.0,1.3,0.4,0.19999999999999996,0.0,0.2,2.0,2023-24,20240217|Chelsea|Manchester City,1,1,2,draw
2024-02-17,Brentford,Liverpool,0.2684438019701927,1.2,1.8,2.2,-0.4,0.4,0.0,0.9,1.5,2.1,-0.6,0.3,0.0,7.0,2.4,3.2,1.4,1.8,0.8,0.0,2.3,2.3,0.9,1.4,0.7,0.2,7.0,1.3,1.8,-0.2,0.8,-1.2,-1.4,-1.4000000000000001,-0.7999999999999998,0.8000000000000003,1.2000000000000002,-2.2,-2.0,-0.4,-0.39999999999999997,0.0,-0.2,0.0,2023-24,20240217|Liverpool|Brentford,1,4,5,away
2024-02-17,Nottingham Forest,West Ham United,0.4587085001444211,0.8,1.6,2.0,-0.4,0.2,0.2,0.8,1.4,2.2,-0.8,0.2,0.2,7.0,0.6,0.6,2.4,-1.8,0.0,0.6,1.5,1.2,1.8,-0.6,0.4,0.3,6.0,0.8,1.3,-0.4,-0.9,0.20000000000000007,-0.7,1.0,0.19999999999999996,-0.3999999999999999,0.40000000000000013,1.4,-0.20000000000000007,0.2,-0.2,-0.39999999999999997,-0.09999999999999998,1.0,2023-24,20240217|West Ham United|Nottingham Forest,2,0,2,home
2024-02-17,Tottenham Hotspur,Wolverhampton Wanderers,0.7530753207817593,2.2,2.4,1.6,0.8,0.6,0.4,2.0,2.3,1.6,0.7,0.6,0.2,7.0,1.4,2.0,1.6,0.4,0.4,0.2,1.7,1.8,1.4,0.4,0.5,0.2,7.0,2.1,1.1,0.6,-0.1,0.8000000000000003,0.30000000000000004,0.3999999999999999,0.4999999999999998,0.0,0.20000000000000018,0.4,0.29999999999999993,0.19999999999999996,0.09999999999999998,0.2,0.0,0.0,2023-24,20240217|Wolverhampton Wanderers|Tottenham Hotspur,1,2,3,away
2024-02-18,Sheffield United,Brighton and Hove Albion,0.27076497165653013,0.8,1.4,2.6,-1.2,0.2,0.2,0.8,1.1,2.1,-1.0,0.2,0.2,8.0,1.0,1.0,1.4,-0.4,0.2,0.4,1.3,1.3,1.4,-0.1,0.3,0.4,8.0,0.8,0.6,-1.7,-1.3,-0.19999999999999996,-0.5,0.3999999999999999,-0.19999999999999996,1.2000000000000002,0.7000000000000002,-0.7999999999999999,-0.9,0.0,-0.09999999999999998,-0.2,-0.2,0.0,2023-24,20240218|Brighton and Hove Albion|Sheffield United,0,5,5,away
2024-02-18,Luton Town,Manchester United,0.3403225623626076,1.0,2.4,2.2,0.2,0.2,0.4,1.1,2.1,2.2,-0.1,0.3,0.2,8.0,2.0,2.4,1.6,0.8,0.6,0.2,1.7,1.7,1.6,0.1,0.5,0.2,7.0,1.0,1.9,-0.1,0.4,-1.0,-0.5999999999999999,0.0,0.40000000000000013,0.6000000000000001,0.6000000000000001,-0.6000000000000001,-0.2,-0.39999999999999997,-0.2,0.2,0.0,1.0,2023-24,20240218|Manchester United|Luton Town,1,2,3,away
2024-02-19,Everton,Crystal Palace,0.6497292167319295,0.6,0.4,1.4,-1.0,0.0,0.6,1.2,1.1,1.2,-0.1,0.3,0.3,9.0,1.2,1.6,3.0,-1.4,0.4,0.0,0.8,1.3,2.4,-1.1,0.2,0.2,7.0,1.2,0.8,0.1,-1.3,-0.6,0.3999999999999999,-1.2000000000000002,-0.19999999999999996,-1.6,-1.2,0.3999999999999999,1.0,-0.4,0.09999999999999998,0.6,0.09999999999999998,2.0,2023-24,20240219|Crystal Palace|Everton,1,1,2,draw
2024-02-20,Manchester City,Brentford,0.8851494513823961,2.6,2.4,1.0,1.4,0.8,0.2,2.3,2.1,1.0,1.1,0.7,0.2,3.0,1.2,1.8,2.4,-0.6,0.4,0.0,0.6,1.3,2.4,-1.1,0.2,0.0,3.0,2.2,0.7,1.4,-0.6,1.4000000000000001,1.6999999999999997,0.5999999999999999,0.8,-1.4,-1.4,2.0,2.2,0.4,0.49999999999999994,0.2,0.2,0.0,2023-24,20240220|Brentford|Manchester City,1,0,1,home
2024-02-21,Liverpool,Luton Town,0.8972935817660543,2.4,3.2,1.2,2.0,0.8,0.0,2.3,2.5,1.0,1.5,0.7,0.2,4.0,1.0,2.2,2.0,0.2,0.2,0.4,1.1,2.1,2.1,0.0,0.3,0.2,3.0,2.6,0.9,1.8,-0.7,1.4,1.1999999999999997,1.0,0.3999999999999999,-0.8,-1.1,1.8,1.5,0.6000000000000001,0.39999999999999997,-0.4,0.0,1.0,2023-24,20240221|Luton Town|Liverpool,4,1,5,home
2024-02-24,Crystal Palace,Burnley,0.7127745369138706,0.8,1.2,3.0,-1.8,0.2,0.2,0.9,1.4,2.3,-0.9,0.2,0.3,5.0,0.4,1.0,2.8,-1.8,0.0,0.4,0.6,1.0,2.2,-1.2,0.1,0.3,7.0,0.9,0.7,-0.4,-0.9,0.4,0.30000000000000004,0.19999999999999996,0.3999999999999999,0.20000000000000018,0.09999999999999964,0.0,0.29999999999999993,0.2,0.1,-0.2,0.0,-2.0,2023-24,20240224|Burnley|Crystal Palace,3,0,3,home
2024-02-24,Brighton and Hove Albion,Everton,0.7054963280374066,1.4,2.0,1.4,0.6,0.4,0.2,1.3,1.6,1.3,0.3,0.3,0.4,6.0,0.8,0.6,1.0,-0.4,0.0,0.8,1.0,0.9,1.3,-0.4,0.2,0.4,5.0,2.0,1.6,1.0,-0.1,0.5999999999999999,0.30000000000000004,1.4,0.7000000000000001,0.3999999999999999,0.0,1.0,0.7,0.4,0.09999999999999998,-0.6000000000000001,0.0,1.0,2023-24,20240224|Everton|Brighton and Hove Albion,1,1,2,draw
2024-02-24,Manchester United,Fulham,0.7907977823255898,2.6,2.6,1.4,1.2,0.8,0.2,1.7,1.7,1.6,0.1,0.5,0.2,6.0,1.0,1.2,1.2,0.0,0.2,0.4,1.1,1.3,1.5,-0.2,0.3,0.2,7.0,1.6,0.3,-0.2,-1.6,1.6,0.5999999999999999,1.4000000000000001,0.3999999999999999,0.19999999999999996,0.10000000000000009,1.2,0.30000000000000004,0.6000000000000001,0.2,-0.2,0.0,-1.0,2023-24,20240224|Fulham|Manchester United,1,2,3,away
2024-02-24,Bournemouth,Manchester City,0.20017756495952,0.6,1.0,2.2,-1.2,0.0,0.6,1.5,1.7,1.6,0.1,0.4,0.3,7.0,2.6,2.0,0.6,1.4,0.8,0.2,2.6,2.2,0.9,1.3,0.8,0.2,4.0,1.2,1.9,-0.5,0.8,-2.0,-1.1,-1.0,-0.5000000000000002,1.6,0.7000000000000001,-2.5999999999999996,-1.2,-0.8,-0.4,0.39999999999999997,0.09999999999999998,3.0,2023-24,20240224|Manchester City|Bournemouth,0,1,1,away
2024-02-24,Arsenal,Newcastle United,0.7658872607840955,3.0,4.2,0.4,3.8,1.0,0.0,1.9,2.5,0.8,1.7,0.6,0.1,7.0,1.6,2.8,2.4,0.4,0.4,0.4,1.1,2.1,2.4,-0.3,0.3,0.2,7.0,2.5,1.1,1.8,0.0,1.4,0.7999999999999998,1.4000000000000004,0.3999999999999999,-2.0,-1.5999999999999999,3.4,2.0,0.6,0.3,-0.4,-0.1,0.0,2023-24,20240224|Newcastle United|Arsenal,4,1,5,home
2024-02-24,Aston Villa,Nottingham Forest,0.8102250063196802,1.4,1.8,1.2,0.6,0.4,0.2,1.7,1.8,1.3,0.5,0.5,0.2,7.0,0.8,1.6,1.8,-0.2,0.2,0.2,1.1,1.6,1.7,-0.1,0.3,0.2,7.0,2.2,0.9,1.2,-0.9,0.5999999999999999,0.5999999999999999,0.19999999999999996,0.19999999999999996,-0.6000000000000001,-0.3999999999999999,0.8,0.6,0.2,0.2,0.0,0.0,0.0,2023-24,20240224|Nottingham Forest|Aston Villa,4,2,6,home
2024-02-25,Wolverhampton Wanderers,Sheffield United,0.8272489967829819,1.4,1.8,1.8,0.0,0.4,0.2,1.7,1.9,1.5,0.4,0.5,0.2,8.0,0.8,1.4,3.2,-1.8,0.2,0.2,0.8,1.1,2.4,-1.3,0.2,0.2,7.0,1.8,0.5,0.4,-1.7,0.5999999999999999,0.8999999999999999,0.40000000000000013,0.7999999999999998,-1.4000000000000001,-0.8999999999999999,1.8,1.7000000000000002,0.2,0.3,0.0,0.0,1.0,2023-24,20240225|Sheffield United|Wolverhampton Wanderers,1,0,1,home
2024-02-26,West Ham United,Brentford,0.614122129499956,0.4,0.6,2.8,-2.2,0.0,0.4,1.2,1.0,1.9,-0.9,0.3,0.3,9.0,0.6,1.2,2.2,-1.0,0.2,0.0,0.6,1.2,2.3,-1.1,0.2,0.0,6.0,1.6,0.7,0.1,-0.6,-0.19999999999999996,0.6,-0.6,-0.19999999999999996,0.5999999999999996,-0.3999999999999999,-1.2000000000000002,0.20000000000000007,-0.2,0.09999999999999998,0.4,0.3,3.0,2023-24,20240226|Brentford|West Ham United,4,2,6,home
2024-03-02,Luton Town,Aston Villa,0.3123449889357538,0.8,2.2,2.6,-0.4,0.2,0.2,1.1,1.9,2.1,-0.2,0.3,0.2,10.0,1.8,2.6,1.6,1.0,0.6,0.0,1.7,2.1,1.5,0.6,0.5,0.2,7.0,1.0,1.8,-0.1,0.6,-1.0,-0.5999999999999999,-0.3999999999999999,-0.20000000000000018,1.0,0.6000000000000001,-1.4,-0.8,-0.39999999999999997,-0.2,0.2,0.0,3.0,2023-24,20240302|Aston Villa|Luton Town,2,3,5,away
2024-03-02,Fulham,Brighton and Hove Albion,0.48763404629696616,1.6,1.6,1.2,0.4,0.4,0.4,1.1,1.0,1.6,-0.6,0.3,0.2,7.0,1.4,2.2,1.6,0.6,0.4,0.2,1.3,1.6,1.3,0.3,0.3,0.4,7.0,1.9,0.9,1.2,-0.3,0.20000000000000018,-0.19999999999999996,-0.6000000000000001,-0.6000000000000001,-0.40000000000000013,0.30000000000000004,-0.19999999999999996,-0.8999999999999999,0.0,0.0,0.2,-0.2,0.0,2023-24,20240302|Brighton and Hove Albion|Fulham,3,0,3,home
2024-03-02,Brentford,Chelsea,0.5120904481004429,0.6,1.2,2.4,-1.2,0.2,0.0,0.6,1.4,2.6,-1.2,0.2,0.0,5.0,1.4,1.6,2.0,-0.4,0.4,0.2,1.6,1.6,1.7,-0.1,0.5,0.1,14.0,1.2,1.3,-0.5,-0.1,-0.7999999999999999,-1.0,-0.40000000000000013,-0.20000000000000018,0.3999999999999999,0.9000000000000001,-0.7999999999999999,-1.0999999999999999,-0.2,-0.3,-0.2,-0.1,-9.0,2023-24,20240302|Chelsea|Brentford,2,2,4,draw
2024-03-02,Tottenham Hotspur,Crystal Palace,0.775089359074192,1.6,2.0,1.8,0.2,0.4,0.4,2.0,2.3,1.6,0.7,0.6,0.2,14.0,1.4,1.8,2.0,-0.2,0.4,0.2,1.2,1.6,2.1,-0.5,0.3,0.3,7.0,1.8,0.9,0.4,-1.1,0.20000000000000018,0.8,0.19999999999999996,0.6999999999999997,-0.19999999999999996,-0.5,0.4,1.2,0.0,0.3,0.2,-0.09999999999999998,7.0,2023-24,20240302|Crystal Palace|Tottenham Hotspur,3,1,4,home
2024-03-02,Nottingham Forest,Liverpool,0.19205085820848158,0.8,1.6,2.0,-0.4,0.2,0.2,1.0,1.7,2.0,-0.3,0.3,0.1,7.0,2.4,3.2,1.4,1.8,0.8,0.0,2.3,2.7,1.0,1.7,0.7,0.2,10.0,1.0,1.8,-0.2,0.9,-1.5999999999999999,-1.2999999999999998,-1.6,-1.0000000000000002,0.6000000000000001,1.0,-2.2,-2.0,-0.6000000000000001,-0.39999999999999997,0.2,-0.1,-3.0,2023-24,20240302|Liverpool|Nottingham Forest,0,1,1,away
2024-03-02,Everton,West Ham United,0.5519854920390516,0.8,0.8,1.2,-0.4,0.0,0.8,0.8,0.8,1.4,-0.6,0.1,0.5,7.0,0.8,1.0,2.8,-1.8,0.2,0.2,1.5,1.4,1.6,-0.2,0.4,0.3,5.0,1.3,1.0,0.2,-1.2,0.0,-0.7,-0.19999999999999996,-0.5999999999999999,-1.5999999999999999,-0.20000000000000018,1.4,-0.39999999999999997,-0.2,-0.30000000000000004,0.6000000000000001,0.2,2.0,2023-24,20240302|West Ham United|Everton,1,3,4,away
2024-03-02,Newcastle United,Wolverhampton Wanderers,0.6669092141621975,1.6,2.6,2.6,0.0,0.4,0.4,1.1,2.1,2.4,-0.3,0.3,0.2,7.0,1.8,2.0,1.8,0.2,0.6,0.0,1.9,1.9,1.4,0.5,0.6,0.1,6.0,2.0,1.4,1.1,0.1,-0.19999999999999996,-0.7999999999999998,0.6000000000000001,0.20000000000000018,0.8,1.0,-0.2,-0.8,-0.19999999999999996,-0.3,0.4,0.1,1.0,2023-24,20240302|Wolverhampton Wanderers|Newcastle United,3,0,3,home
2024-03-03,Burnley,Bournemouth,0.4092042918845469,0.2,0.8,3.2,-2.4,0.0,0.2,0.5,0.9,2.4,-1.5,0.1,0.2,8.0,0.6,1.0,1.6,-0.6,0.0,0.6,1.2,1.5,1.7,-0.2,0.3,0.3,8.0,0.5,1.4,-1.1,-0.4,-0.39999999999999997,-0.7,-0.19999999999999996,-0.6,1.6,0.7,-1.7999999999999998,-1.3,0.0,-0.19999999999999998,-0.39999999999999997,-0.09999999999999998,0.0,2023-24,20240303|Bournemouth|Burnley,0,2,2,away
2024-03-03,Manchester City,Manchester United,0.8002163311032177,2.6,1.6,0.4,1.2,0.8,0.2,2.6,2.1,0.8,1.3,0.8,0.2,8.0,2.4,2.4,1.4,1.0,0.8,0.0,1.7,1.8,1.5,0.3,0.5,0.2,8.0,2.2,1.9,1.3,0.4,0.20000000000000018,0.9000000000000001,-0.7999999999999998,0.30000000000000004,-0.9999999999999999,-0.7,0.19999999999999996,1.0,0.0,0.30000000000000004,0.2,0.0,0.0,2023-24,20240303|Manchester United|Manchester City,3,1,4,home
2024-03-04,Sheffield United,Arsenal,0.11002543447871041,0.6,1.0,3.0,-2.0,0.2,0.0,0.5,1.0,2.5,-1.5,0.1,0.2,8.0,3.0,4.0,0.6,3.4,1.0,0.0,2.2,2.9,0.8,2.1,0.7,0.1,9.0,0.7,1.7,-2.2,1.1,-2.4,-1.7000000000000002,-3.0,-1.9,2.4,1.7,-5.4,-3.6,-0.8,-0.6,0.0,0.1,-1.0,2023-24,20240304|Arsenal|Sheffield United,0,6,6,away
2024-03-09,Arsenal,Brentford,0.867812348347327,3.0,4.8,0.4,4.4,1.0,0.0,2.2,3.3,0.8,2.5,0.7,0.1,5.0,0.8,1.4,2.2,-0.8,0.2,0.2,0.7,1.5,2.6,-1.1,0.2,0.1,7.0,2.5,0.6,1.9,-0.8,2.2,1.5000000000000002,3.4,1.7999999999999998,-1.8000000000000003,-1.8,5.2,3.6,0.8,0.49999999999999994,-0.2,0.0,-2.0,2023-24,20240309|Brentford|Arsenal,2,1,3,home
2024-03-09,Manchester United,Everton,0.7621252448562245,1.8,1.8,1.4,0.4,0.6,0.0,1.6,1.9,1.8,0.1,0.5,0.1,6.0,0.6,1.0,1.8,-0.8,0.0,0.6,0.5,0.7,1.7,-1.0,0.0,0.5,7.0,1.6,1.4,-0.1,-0.3,1.2000000000000002,1.1,0.8,1.2,-0.40000000000000013,0.10000000000000009,1.2000000000000002,1.1,0.6,0.5,-0.6,-0.4,-1.0,2023-24,20240309|Everton|Manchester United,2,0,2,home
2024-03-09,Wolverhampton Wanderers,Fulham,0.5990591367470484,1.8,1.4,1.6,-0.2,0.6,0.0,1.9,1.9,1.4,0.5,0.6,0.1,7.0,2.0,2.2,1.2,1.0,0.6,0.2,1.4,1.3,1.3,0.0,0.4,0.2,7.0,1.8,0.6,0.4,-1.1,-0.19999999999999996,0.5,-0.8000000000000003,0.5999999999999999,0.40000000000000013,0.09999999999999987,-1.2,0.5,0.0,0.19999999999999996,-0.2,-0.1,0.0,2023-24,20240309|Fulham|Wolverhampton Wanderers,2,1,3,home
2024-03-09,Crystal Palace,Luton Town,0.6261324113245429,0.8,1.4,2.2,-0.8,0.2,0.2,1.1,1.5,2.2,-0.7,0.3,0.2,7.0,0.2,1.8,3.2,-1.4,0.0,0.2,1.1,2.0,2.2,-0.2,0.3,0.2,7.0,1.1,0.9,-0.1,-0.7,0.6000000000000001,0.0,-0.40000000000000013,-0.5,-1.0,0.0,0.5999999999999999,-0.49999999999999994,0.2,0.0,0.0,0.0,0.0,2023-24,20240309|Luton Town|Crystal Palace,1,1,2,draw
2024-03-09,Bournemouth,Sheffield United,0.8070455756448307,1.0,1.2,1.4,-0.2,0.2,0.4,1.2,1.4,1.7,-0.3,0.3,0.3,6.0,0.6,0.6,3.6,-3.0,0.2,0.0,0.5,1.0,2.9,-1.9,0.1,0.2,5.0,1.2,0.5,-0.4,-1.6,0.4,0.7,0.6,0.3999999999999999,-2.2,-1.2,2.8,1.5999999999999999,0.0,0.19999999999999998,0.4,0.09999999999999998,1.0,2023-24,20240309|Sheffield United|Bournemouth,2,2,4,draw
2024-03-10,West Ham United,Burnley,0.8210826868617431,1.2,1.4,2.8,-1.4,0.4,0.0,1.5,1.4,1.7,-0.3,0.4,0.3,8.0,0.2,0.6,3.0,-2.4,0.0,0.2,0.5,0.9,2.4,-1.5,0.1,0.2,7.0,1.6,0.4,0.1,-1.3,1.0,1.0,0.7999999999999999,0.4999999999999999,-0.20000000000000018,-0.7,1.0,1.2,0.4,0.30000000000000004,-0.2,0.09999999999999998,1.0,2023-24,20240310|Burnley|West Ham United,2,2,4,draw
2024-03-10,Liverpool,Manchester City,0.5373894929115793,2.4,2.6,1.2,1.4,0.8,0.0,2.5,2.8,1.0,1.8,0.8,0.1,8.0,2.6,1.6,0.4,1.2,0.8,0.2,2.8,2.2,0.7,1.5,0.9,0.1,7.0,2.6,1.9,1.9,0.7,-0.20000000000000018,-0.2999999999999998,1.0,0.5999999999999996,0.7999999999999999,0.30000000000000004,0.19999999999999996,0.30000000000000004,0.0,-0.09999999999999998,-0.2,0.0,1.0,2023-24,20240310|Manchester City|Liverpool,1,1,2,draw
2024-03-10,Brighton and Hove Albion,Nottingham Forest,0.7384007535661024,1.4,2.2,1.4,0.8,0.4,0.2,1.3,1.6,1.4,0.2,0.3,0.4,8.0,0.8,1.4,1.8,-0.4,0.2,0.2,1.0,1.7,1.9,-0.2,0.3,0.1,8.0,1.8,0.6,0.8,-1.2,0.5999999999999999,0.30000000000000004,0.8000000000000003,-0.09999999999999987,-0.40000000000000013,-0.5,1.2000000000000002,0.4,0.2,0.0,0.0,0.30000000000000004,0.0,2023-24,20240310|Nottingham Forest|Brighton and Hove Albion,1,0,1,home
2024-03-10,Aston Villa,Tottenham Hotspur,0.6347211230210985,2.4,3.0,1.4,1.6,0.8,0.0,1.7,2.2,1.6,0.6,0.5,0.2,8.0,2.0,2.2,1.6,0.6,0.6,0.2,2.0,2.2,1.6,0.6,0.6,0.2,8.0,2.2,1.6,0.9,0.4,0.3999999999999999,-0.30000000000000004,0.7999999999999998,0.0,-0.20000000000000018,0.0,1.0,0.0,0.20000000000000007,-0.09999999999999998,-0.2,0.0,0.0,2023-24,20240310|Tottenham Hotspur|Aston Villa,0,4,4,away
2024-03-11,Chelsea,Newcastle United,0.5141213326364833,1.0,1.8,2.4,-0.6,0.2,0.4,1.7,1.8,1.7,0.1,0.5,0.2,9.0,1.6,2.6,2.4,0.2,0.4,0.4,1.1,2.1,2.4,-0.3,0.3,0.2,9.0,1.4,0.8,-0.1,-1.1,-0.6000000000000001,0.5999999999999999,-0.8,-0.30000000000000004,0.0,-0.7,-0.8,0.4,-0.2,0.2,0.0,0.0,0.0,2023-24,20240311|Newcastle United|Chelsea,3,2,5,home
2024-03-13,Bournemouth,Luton Town,0.659981160542119,1.0,1.4,1.6,-0.2,0.2,0.4,1.0,1.3,1.7,-0.4,0.2,0.4,4.0,0.2,1.2,2.6,-1.4,0.0,0.2,0.9,2.0,2.3,-0.3,0.2,0.3,4.0,1.2,1.0,-0.4,-0.6,0.8,0.09999999999999998,0.19999999999999996,-0.7,-1.0,-0.5999999999999999,1.2,-0.10000000000000003,0.2,0.0,0.2,0.10000000000000003,0.0,2023-24,20240313|Luton Town|Bournemouth,4,3,7,home
2024-03-16,Burnley,Brentford,0.40333208848665564,0.2,0.6,3.0,-2.4,0.0,0.2,0.3,0.9,2.6,-1.7,0.0,0.3,6.0,0.2,1.2,2.6,-1.4,0.0,0.2,0.7,1.5,2.4,-0.9,0.2,0.1,7.0,0.5,0.6,-1.2,-0.8,0.0,-0.39999999999999997,-0.6,-0.6,0.3999999999999999,0.20000000000000018,-1.0,-0.7999999999999999,0.0,-0.2,0.0,0.19999999999999998,-1.0,2023-24,20240316|Brentford|Burnley,2,1,3,home
2024-03-16,Luton Town,Nottingham Forest,0.5841476587090602,0.2,1.6,2.8,-1.2,0.0,0.2,0.6,2.0,2.5,-0.5,0.1,0.3,3.0,0.6,1.2,1.8,-0.6,0.2,0.0,1.0,1.5,1.7,-0.2,0.3,0.1,6.0,1.0,0.6,-0.1,-1.1,-0.39999999999999997,-0.4,0.40000000000000013,0.5,0.9999999999999998,0.8,-0.6,-0.3,-0.2,-0.19999999999999998,0.2,0.19999999999999998,-3.0,2023-24,20240316|Nottingham Forest|Luton Town,1,1,2,draw
2024-03-16,Fulham,Tottenham Hotspur,0.39477835231405517,1.8,2.0,1.2,0.8,0.6,0.0,1.4,1.4,1.3,0.1,0.4,0.2,7.0,2.0,2.4,1.2,1.2,0.6,0.2,2.0,2.4,1.6,0.8,0.6,0.2,6.0,1.9,1.6,1.3,0.5,-0.19999999999999996,-0.6000000000000001,-0.3999999999999999,-1.0,0.0,-0.30000000000000004,-0.3999999999999999,-0.7000000000000001,0.0,-0.19999999999999996,-0.2,0.0,1.0,2023-24,20240316|Tottenham Hotspur|Fulham,3,0,3,home
2024-03-17,West Ham United,Aston Villa,0.45422080873886456,1.4,1.8,2.6,-0.8,0.4,0.2,1.3,1.4,1.9,-0.5,0.3,0.4,7.0,1.8,2.0,2.2,-0.2,0.6,0.0,1.6,2.1,1.9,0.2,0.5,0.1,7.0,1.6,1.8,0.1,0.6,-0.40000000000000013,-0.30000000000000004,-0.19999999999999996,-0.7000000000000002,0.3999999999999999,0.0,-0.6000000000000001,-0.7,-0.19999999999999996,-0.2,0.2,0.30000000000000004,0.0,2023-24,20240317|Aston Villa|West Ham United,1,1,2,draw
2024-03-30,Chelsea,Burnley,0.813420566666482,1.6,2.2,2.0,0.2,0.4,0.4,1.7,1.9,1.9,0.0,0.5,0.2,19.0,0.8,0.8,2.6,-1.8,0.2,0.2,0.6,1.1,2.5,-1.4,0.1,0.3,14.0,1.7,0.5,0.1,-1.0,0.8,1.1,1.4000000000000001,0.7999999999999998,-0.6000000000000001,-0.6000000000000001,2.0,1.4,0.2,0.4,0.2,-0.09999999999999998,5.0,2023-24,20240330|Burnley|Chelsea,2,2,4,draw
2024-03-30,Nottingham Forest,Crystal Palace,0.5648553652219424,0.8,1.0,1.4,-0.4,0.2,0.2,0.8,1.3,1.7,-0.4,0.2,0.2,14.0,1.0,1.4,1.6,-0.2,0.2,0.4,1.1,1.5,2.2,-0.7,0.3,0.2,21.0,0.9,0.6,-0.3,-1.4,-0.19999999999999996,-0.30000000000000004,-0.3999999999999999,-0.19999999999999996,-0.20000000000000018,-0.5000000000000002,-0.2,0.29999999999999993,0.0,-0.09999999999999998,-0.2,0.0,-7.0,2023-24,20240330|Crystal Palace|Nottingham Forest,1,1,2,draw
2024-03-30,Bournemouth,Everton,0.625230810689614,1.6,2.0,1.6,0.4,0.4,0.4,1.0,1.4,2.0,-0.6,0.2,0.4,17.0,0.4,0.6,1.8,-1.2,0.0,0.4,0.5,0.6,1.7,-1.1,0.0,0.5,21.0,1.5,1.4,0.1,-0.3,1.2000000000000002,0.5,1.4,0.7999999999999999,-0.19999999999999996,0.30000000000000004,1.6,0.5000000000000001,0.4,0.2,0.0,-0.09999999999999998,-4.0,2023-24,20240330|Everton|Bournemouth,2,1,3,home
2024-03-30,Sheffield United,Fulham,0.3068278198672589,0.8,1.0,3.0,-2.0,0.2,0.2,0.5,1.1,3.0,-1.9,0.1,0.2,21.0,1.8,2.0,1.0,1.0,0.6,0.0,1.7,1.7,1.0,0.7,0.5,0.2,14.0,0.7,0.5,-2.0,-1.2,-1.0,-1.2,-1.0,-0.5999999999999999,2.0,2.0,-3.0,-2.5999999999999996,-0.39999999999999997,-0.4,0.2,0.0,7.0,2023-24,20240330|Fulham|Sheffield United,3,3,6,draw
2024-03-30,Tottenham Hotspur,Luton Town,0.8203473573271723,1.8,2.0,1.4,0.6,0.6,0.0,1.7,2.2,1.8,0.4,0.5,0.2,14.0,0.4,1.6,2.6,-1.0,0.0,0.4,0.7,1.9,2.3,-0.4,0.1,0.4,14.0,1.8,0.7,0.4,-0.8,1.4,1.0,0.3999999999999999,0.30000000000000027,-1.2000000000000002,-0.4999999999999998,1.6,0.8,0.6,0.4,-0.4,-0.2,0.0,2023-24,20240330|Luton Town|Tottenham Hotspur,2,1,3,home
2024-03-30,Brentford,Manchester United,0.3696066955864358,0.2,1.2,2.2,-1.0,0.0,0.2,0.7,1.5,2.3,-0.8,0.2,0.1,14.0,1.8,1.6,1.4,0.2,0.6,0.0,1.9,2.1,1.6,0.5,0.6,0.1,21.0,1.3,1.6,-0.3,0.1,-1.6,-1.2,-0.40000000000000013,-0.6000000000000001,0.8000000000000003,0.6999999999999997,-1.2,-1.3,-0.6,-0.39999999999999997,0.2,0.0,-7.0,2023-24,20240330|Manchester United|Brentford,1,1,2,draw
2024-03-30,Newcastle United,West Ham United,0.6603570533114499,1.4,2.2,2.2,0.0,0.4,0.2,1.1,2.3,2.6,-0.3,0.3,0.2,19.0,1.6,2.0,1.6,0.4,0.4,0.4,1.1,1.3,2.0,-0.7,0.2,0.5,13.0,2.0,1.3,1.2,-0.8,-0.20000000000000018,0.0,0.20000000000000018,0.9999999999999998,0.6000000000000001,0.6000000000000001,-0.4,0.39999999999999997,0.0,0.09999999999999998,-0.2,-0.3,6.0,2023-24,20240330|West Ham United|Newcastle United,4,3,7,home
2024-03-30,Aston Villa,Wolverhampton Wanderers,0.7184171383154568,2.0,2.0,2.0,0.0,0.6,0.2,1.7,2.0,1.7,0.3,0.5,0.2,13.0,1.8,1.0,1.4,-0.4,0.6,0.0,1.9,1.9,1.4,0.5,0.6,0.1,21.0,1.9,1.3,0.2,-0.2,0.19999999999999996,-0.19999999999999996,1.0,0.10000000000000009,0.6000000000000001,0.30000000000000004,0.4,-0.2,0.0,-0.09999999999999998,0.2,0.1,-8.0,2023-24,20240330|Wolverhampton Wanderers|Aston Villa,2,0,2,home
2024-03-31,Manchester City,Arsenal,0.6654710414958678,2.2,1.4,0.6,0.8,0.6,0.4,2.6,2.0,0.7,1.3,0.8,0.2,21.0,3.0,4.6,0.4,4.2,1.0,0.0,2.4,3.4,0.8,2.6,0.8,0.0,22.0,2.2,1.9,1.4,1.7,-0.7999999999999998,0.20000000000000018,-3.1999999999999997,-1.4,0.19999999999999996,-0.10000000000000009,-3.4000000000000004,-1.3,-0.4,0.0,0.4,0.2,-1.0,2023-24,20240331|Arsenal|Manchester City,0,0,0,draw
2024-03-31,Liverpool,Brighton and Hove Albion,0.8227900491483529,2.6,2.6,0.8,1.8,0.8,0.2,2.5,2.8,1.0,1.8,0.8,0.1,21.0,1.4,1.6,1.2,0.4,0.4,0.2,1.5,1.6,1.3,0.3,0.4,0.3,21.0,2.4,0.9,1.7,-0.5,1.2000000000000002,1.0,1.0,1.1999999999999997,-0.3999999999999999,-0.30000000000000004,1.4,1.5,0.4,0.4,0.0,-0.19999999999999998,0.0,2023-24,20240331|Brighton and Hove Albion|Liverpool,2,1,3,home
2024-04-02,Bournemouth,Crystal Palace,0.6588589730282364,2.0,2.0,1.4,0.6,0.6,0.2,1.3,1.5,1.8,-0.3,0.3,0.4,3.0,1.2,1.4,1.2,0.2,0.2,0.6,1.2,1.5,2.1,-0.6,0.3,0.3,3.0,1.8,0.7,0.3,-1.0,0.8,0.10000000000000009,0.6000000000000001,0.0,0.19999999999999996,-0.30000000000000004,0.39999999999999997,0.3,0.39999999999999997,0.0,-0.39999999999999997,0.10000000000000003,0.0,2023-24,20240402|Crystal Palace|Bournemouth,1,0,1,home
2024-04-02,Newcastle United,Everton,0.7563448438266753,1.4,2.4,2.4,0.0,0.4,0.2,1.4,2.6,2.6,0.0,0.4,0.2,3.0,0.4,0.8,1.8,-1.0,0.0,0.4,0.5,0.6,1.6,-1.0,0.0,0.5,3.0,2.0,1.1,0.9,-0.5,0.9999999999999999,0.8999999999999999,1.5999999999999999,2.0,0.5999999999999999,1.0,1.0,1.0,0.4,0.4,-0.2,-0.3,0.0,2023-24,20240402|Everton|Newcastle United,1,1,2,draw
2024-04-02,Nottingham Forest,Fulham,0.46977976916276437,0.4,0.8,1.6,-0.8,0.0,0.4,0.6,1.2,1.7,-0.5,0.1,0.3,3.0,2.0,2.4,1.2,1.2,0.6,0.2,1.5,1.8,1.2,0.6,0.4,0.3,3.0,0.7,0.6,-0.5,-1.0,-1.6,-0.9,-1.5999999999999999,-0.6000000000000001,0.40000000000000013,0.5,-2.0,-1.1,-0.6,-0.30000000000000004,0.2,0.0,0.0,2023-24,20240402|Fulham|Nottingham Forest,3,1,4,home
2024-04-02,West Ham United,Tottenham Hotspur,0.4439488250850139,1.6,2.6,2.0,0.6,0.4,0.4,1.0,1.6,2.4,-0.8,0.2,0.4,3.0,1.8,2.0,1.4,0.6,0.6,0.0,2.0,2.2,1.5,0.7,0.6,0.2,3.0,1.7,1.5,0.2,0.2,-0.19999999999999996,-1.0,0.6000000000000001,-0.6000000000000001,0.6000000000000001,0.8999999999999999,0.0,-1.5,-0.19999999999999996,-0.39999999999999997,0.4,0.2,0.0,2023-24,20240402|Tottenham Hotspur|West Ham United,1,1,2,draw
2024-04-02,Burnley,Wolverhampton Wanderers,0.3794695029414943,1.0,1.2,2.0,-0.8,0.2,0.4,0.7,1.1,2.4,-1.3,0.1,0.4,3.0,1.8,1.0,1.4,-0.4,0.6,0.0,1.6,1.5,1.5,0.0,0.5,0.1,3.0,0.8,1.0,-0.8,-0.5,-0.8,-0.9000000000000001,0.19999999999999996,-0.3999999999999999,0.6000000000000001,0.8999999999999999,-0.4,-1.3,-0.39999999999999997,-0.4,0.4,0.30000000000000004,0.0,2023-24,20240402|Wolverhampton Wanderers|Burnley,1,1,2,draw
2024-04-03,Manchester City,Aston Villa,0.788956271154836,2.2,1.2,0.4,0.8,0.6,0.4,2.4,1.8,0.7,1.1,0.7,0.3,3.0,2.0,2.0,1.8,0.2,0.6,0.2,1.7,1.9,1.5,0.4,0.5,0.2,4.0,2.0,1.8,0.9,0.6,0.20000000000000018,0.7,-0.8,-0.09999999999999987,-1.4,-0.8,0.6000000000000001,0.7000000000000001,0.0,0.19999999999999996,0.2,0.09999999999999998,-1.0,2023-24,20240403|Aston Villa|Manchester City,4,1,5,home
2024-04-03,Brentford,Brighton and Hove Albion,0.46531760991881554,0.4,1.4,2.2,-0.8,0.0,0.4,0.5,1.3,2.2,-0.9,0.1,0.2,4.0,1.4,1.6,1.2,0.4,0.4,0.2,1.2,1.3,1.3,0.0,0.3,0.3,3.0,1.1,0.8,-0.6,-0.6,-0.9999999999999999,-0.7,-0.20000000000000018,0.0,1.0000000000000002,0.9000000000000001,-1.2000000000000002,-0.9,-0.4,-0.19999999999999998,0.2,-0.09999999999999998,1.0,2023-24,20240403|Brighton and Hove Albion|Brentford,0,0,0,draw
2024-04-03,Arsenal,Luton Town,0.9086712769465505,2.6,3.4,0.4,3.0,0.8,0.2,2.5,3.4,0.6,2.8,0.8,0.1,3.0,0.4,1.6,2.2,-0.6,0.0,0.4,0.6,1.9,2.4,-0.5,0.1,0.3,4.0,2.7,0.6,2.0,-0.9,2.2,1.9,1.7999999999999998,1.5,-1.8000000000000003,-1.7999999999999998,3.6,3.3,0.8,0.7000000000000001,-0.2,-0.19999999999999998,-1.0,2023-24,20240403|Luton Town|Arsenal,2,0,2,home
2024-04-04,Chelsea,Manchester United,0.4894788786678342,1.8,2.2,1.6,0.6,0.4,0.6,1.8,2.0,1.9,0.1,0.5,0.3,5.0,1.4,1.4,1.4,0.0,0.4,0.2,1.7,1.9,1.5,0.4,0.5,0.2,5.0,1.8,1.4,0.2,0.0,0.40000000000000013,0.10000000000000009,0.8000000000000003,0.10000000000000009,0.20000000000000018,0.3999999999999999,0.6,-0.30000000000000004,0.0,0.0,0.39999999999999997,0.09999999999999998,0.0,2023-24,20240404|Manchester United|Chelsea,4,3,7,home
2024-04-04,Liverpool,Sheffield United,0.9500346183892004,2.6,2.4,0.8,1.6,0.8,0.2,2.5,2.8,1.1,1.7,0.8,0.1,4.0,0.4,1.0,3.4,-2.4,0.0,0.4,0.6,1.2,3.0,-1.8,0.1,0.3,5.0,2.4,0.6,1.5,-1.4,2.2,1.9,1.4,1.5999999999999999,-2.5999999999999996,-1.9,4.0,3.5,0.8,0.7000000000000001,-0.2,-0.19999999999999998,-1.0,2023-24,20240404|Sheffield United|Liverpool,3,1,4,home
2024-04-06,Brighton and Hove Albion,Arsenal,0.3145772940169739,1.0,0.6,1.2,-0.6,0.2,0.4,1.2,1.3,1.3,0.0,0.3,0.3,3.0,2.6,2.8,0.4,2.4,0.8,0.2,2.8,3.5,0.4,3.1,0.9,0.1,3.0,1.8,2.0,0.7,1.8,-1.6,-1.5999999999999999,-2.1999999999999997,-2.2,0.7999999999999999,0.9,-3.0,-3.1,-0.6000000000000001,-0.6000000000000001,0.2,0.19999999999999998,0.0,2023-24,20240406|Arsenal|Brighton and Hove Albion,0,3,3,away
2024-04-06,Luton Town,Bournemouth,0.45364851712615595,0.4,1.2,2.0,-0.8,0.0,0.4,0.3,1.5,2.6,-1.1,0.0,0.3,3.0,2.6,2.2,1.2,1.0,0.8,0.2,1.6,1.6,1.4,0.2,0.4,0.4,4.0,1.0,1.7,-0.1,0.1,-2.2,-1.3,-1.0000000000000002,-0.10000000000000009,0.8,1.2000000000000002,-1.8,-1.3,-0.8,-0.4,0.2,-0.10000000000000003,-1.0,2023-24,20240406|Bournemouth|Luton Town,2,1,3,home
2024-04-06,Aston Villa,Brentford,0.7856315437644507,1.4,1.4,2.2,-0.8,0.4,0.2,1.6,2.0,1.9,0.1,0.5,0.1,3.0,0.6,1.0,1.4,-0.4,0.0,0.6,0.6,1.1,1.9,-0.8,0.1,0.3,3.0,1.9,0.3,0.2,-1.1,0.7999999999999999,1.0,0.3999999999999999,0.8999999999999999,0.8000000000000003,0.0,-0.4,0.9,0.4,0.4,-0.39999999999999997,-0.19999999999999998,0.0,2023-24,20240406|Brentford|Aston Villa,3,3,6,draw
2024-04-06,Everton,Burnley,0.7128243348914854,0.4,0.8,1.8,-1.0,0.0,0.4,0.6,0.7,1.4,-0.7,0.0,0.6,4.0,1.2,1.4,1.6,-0.2,0.2,0.6,0.7,1.1,2.4,-1.3,0.1,0.4,4.0,1.3,0.6,0.1,-0.9,-0.7999999999999999,-0.09999999999999998,-0.5999999999999999,-0.40000000000000013,0.19999999999999996,-1.0,-0.8,0.6000000000000001,-0.2,-0.1,-0.19999999999999996,0.19999999999999996,0.0,2023-24,20240406|Burnley|Everton,1,0,1,home
2024-04-06,Crystal Palace,Manchester City,0.15422213792997147,1.0,1.2,1.2,0.0,0.2,0.4,0.9,1.2,2.1,-0.9,0.2,0.3,4.0,2.2,1.8,0.6,1.2,0.6,0.4,2.4,1.9,0.6,1.3,0.7,0.3,3.0,1.1,2.0,-0.1,0.8,-1.2000000000000002,-1.5,-0.6000000000000001,-0.7,0.6,1.5,-1.2,-2.2,-0.39999999999999997,-0.49999999999999994,0.0,0.0,1.0,2023-24,20240406|Manchester City|Crystal Palace,2,4,6,away
2024-04-06,Fulham,Newcastle United,0.4734634790149485,1.4,2.2,1.6,0.6,0.4,0.2,1.5,1.9,1.4,0.5,0.4,0.3,4.0,1.4,2.2,2.2,0.0,0.4,0.2,1.5,2.5,2.3,0.2,0.4,0.3,4.0,2.2,0.7,1.7,-1.2,0.0,0.0,0.0,-0.6000000000000001,-0.6000000000000001,-0.8999999999999999,0.6,0.3,0.0,0.0,0.0,0.0,0.0,2023-24,20240406|Newcastle United|Fulham,0,1,1,away
2024-04-06,Wolverhampton Wanderers,West Ham United,0.583410162868097,1.4,0.8,1.4,-0.6,0.4,0.2,1.4,1.3,1.6,-0.3,0.4,0.2,4.0,1.2,2.0,1.8,0.2,0.2,0.6,1.0,1.5,2.3,-0.8,0.2,0.4,4.0,2.0,1.3,0.5,-0.6,0.19999999999999996,0.3999999999999999,-1.2,-0.19999999999999996,-0.40000000000000013,-0.6999999999999997,-0.8,0.5,0.2,0.2,-0.39999999999999997,-0.2,0.0,2023-24,20240406|West Ham United|Wolverhampton Wanderers,1,2,3,away
2024-04-07,Sheffield United,Chelsea,0.2667826557615654,0.4,1.2,3.0,-1.8,0.0,0.4,0.6,1.3,3.1,-1.8,0.1,0.3,3.0,1.8,2.4,2.0,0.4,0.4,0.6,1.8,2.2,2.1,0.1,0.5,0.3,3.0,0.8,1.1,-1.9,-0.4,-1.4,-1.2000000000000002,-1.2,-0.9000000000000001,1.0,1.0,-2.2,-1.9000000000000001,-0.4,-0.4,-0.19999999999999996,0.0,0.0,2023-24,20240407|Chelsea|Sheffield United,2,2,4,draw
2024-04-07,Manchester United,Liverpool,0.36112187927377426,0.8,1.6,2.0,-0.4,0.2,0.2,1.7,2.1,1.7,0.4,0.5,0.2,3.0,2.6,2.2,0.8,1.4,0.8,0.2,2.5,2.7,1.0,1.7,0.8,0.1,3.0,1.9,2.1,0.2,1.1,-1.8,-0.8,-0.6000000000000001,-0.6000000000000001,1.2,0.7,-1.7999999999999998,-1.2999999999999998,-0.6000000000000001,-0.30000000000000004,0.0,0.1,0.0,2023-24,20240407|Liverpool|Manchester United,2,2,4,draw
2024-04-07,Tottenham Hotspur,Nottingham Forest,0.8020706651444263,2.0,2.0,1.2,0.8,0.6,0.2,1.8,2.0,1.5,0.5,0.5,0.3,5.0,1.0,1.0,1.0,0.0,0.2,0.4,0.9,1.3,1.5,-0.2,0.2,0.3,5.0,2.1,0.6,0.8,-1.1,1.0,0.9,1.0,0.7,0.19999999999999996,0.0,0.8,0.7,0.39999999999999997,0.3,-0.2,0.0,0.0,2023-24,20240407|Nottingham Forest|Tottenham Hotspur,3,1,4,home
2024-04-13,Burnley,Brighton and Hove Albion,0.3410375746111293,1.2,1.4,1.4,0.0,0.2,0.6,0.7,1.0,2.2,-1.2,0.1,0.4,7.0,0.8,0.4,1.6,-1.2,0.2,0.2,1.1,1.3,1.6,-0.3,0.3,0.2,7.0,0.9,0.6,-0.6,-0.7,0.3999999999999999,-0.40000000000000013,0.9999999999999999,-0.30000000000000004,-0.20000000000000018,0.6000000000000001,1.2,-0.8999999999999999,0.0,-0.19999999999999998,0.39999999999999997,0.2,0.0,2023-24,20240413|Brighton and Hove Albion|Burnley,1,1,2,draw
2024-04-13,Manchester City,Luton Town,0.9284140123860634,2.2,2.4,1.0,1.4,0.6,0.4,2.4,2.0,0.7,1.3,0.7,0.3,7.0,0.8,1.4,2.0,-0.6,0.2,0.2,0.5,1.3,2.3,-1.0,0.1,0.2,7.0,2.2,0.6,1.2,-0.9,1.4000000000000001,1.9,1.0,0.7,-1.0,-1.5999999999999999,2.0,2.3,0.39999999999999997,0.6,0.2,0.09999999999999998,0.0,2023-24,20240413|Luton Town|Manchester City,5,1,6,home
2024-04-13,Bournemouth,Manchester United,0.4363893841656761,2.0,2.0,1.6,0.4,0.6,0.2,1.5,1.6,1.5,0.1,0.4,0.3,7.0,1.0,1.8,2.0,-0.2,0.2,0.4,1.7,2.1,1.7,0.4,0.5,0.2,6.0,1.8,1.1,0.3,-0.4,1.0,-0.19999999999999996,0.19999999999999996,-0.5,-0.3999999999999999,-0.19999999999999996,0.6000000000000001,-0.30000000000000004,0.39999999999999997,-0.09999999999999998,-0.2,0.09999999999999998,1.0,2023-24,20240413|Manchester United|Bournemouth,2,2,4,draw
2024-04-13,Brentford,Sheffield United,0.7749718617377183,0.6,1.2,1.6,-0.4,0.0,0.6,0.7,1.3,1.9,-0.6,0.1,0.4,7.0,0.6,1.6,3.2,-1.6,0.0,0.6,0.6,1.3,3.1,-1.8,0.1,0.3,6.0,0.9,0.6,-0.7,-1.1,0.0,0.09999999999999998,-0.40000000000000013,0.0,-1.6,-1.2000000000000002,1.2000000000000002,1.2000000000000002,0.0,0.0,0.0,0.10000000000000003,1.0,2023-24,20240413|Sheffield United|Brentford,2,0,2,home
2024-04-13,Newcastle United,Tottenham Hotspur,0.5454627195357191,2.0,2.2,1.4,0.8,0.6,0.2,1.8,2.4,2.0,0.4,0.5,0.3,7.0,2.0,2.0,1.2,0.8,0.6,0.2,2.0,2.1,1.4,0.7,0.6,0.2,6.0,1.8,1.3,0.8,0.1,0.0,-0.19999999999999996,0.20000000000000018,0.2999999999999998,0.19999999999999996,0.6000000000000001,0.0,-0.29999999999999993,0.0,-0.09999999999999998,0.0,0.09999999999999998,1.0,2023-24,20240413|Tottenham Hotspur|Newcastle United,4,0,4,home
2024-04-13,Nottingham Forest,Wolverhampton Wanderers,0.5066581899910938,1.0,1.2,1.4,-0.2,0.2,0.4,0.9,1.3,1.6,-0.3,0.2,0.3,6.0,0.8,0.8,1.8,-1.0,0.2,0.2,1.3,1.4,1.8,-0.4,0.4,0.1,7.0,1.0,1.1,-0.2,-0.4,0.19999999999999996,-0.4,0.3999999999999999,-0.09999999999999987,-0.40000000000000013,-0.19999999999999996,0.8,0.10000000000000003,0.0,-0.2,0.2,0.19999999999999998,-1.0,2023-24,20240413|Wolverhampton Wanderers|Nottingham Forest,2,2,4,draw
2024-04-14,Arsenal,Aston Villa,0.7693477481112387,2.6,2.6,0.2,2.4,0.8,0.2,2.8,3.3,0.4,2.9,0.9,0.1,8.0,1.0,1.4,2.4,-1.0,0.2,0.4,1.7,2.2,1.9,0.3,0.5,0.2,8.0,2.7,1.8,2.1,0.5,1.6,1.0999999999999999,1.2000000000000002,1.0999999999999996,-2.1999999999999997,-1.5,3.4,2.6,0.6000000000000001,0.4,-0.2,-0.1,0.0,2023-24,20240414|Aston Villa|Arsenal,0,2,2,away
2024-04-14,Liverpool,Crystal Palace,0.9039547900963454,2.2,1.8,1.0,0.8,0.6,0.4,2.3,2.5,1.2,1.3,0.7,0.2,7.0,0.4,1.0,2.0,-1.0,0.0,0.4,0.9,1.4,2.0,-0.6,0.2,0.3,8.0,2.4,0.4,1.4,-1.3,1.8000000000000003,1.4,0.8,1.1,-1.0,-0.8,1.8,1.9,0.6,0.49999999999999994,0.0,-0.09999999999999998,-1.0,2023-24,20240414|Crystal Palace|Liverpool,0,1,1,away
2024-04-14,West Ham United,Fulham,0.6604847206933838,1.2,1.8,1.8,0.0,0.2,0.6,1.2,1.6,2.3,-0.7,0.3,0.3,8.0,0.8,1.6,1.8,-0.2,0.2,0.2,1.4,1.9,1.5,0.4,0.4,0.2,8.0,1.5,0.5,0.1,-1.2,0.3999999999999999,-0.19999999999999996,0.19999999999999996,-0.2999999999999998,0.0,0.7999999999999998,0.2,-1.1,0.0,-0.10000000000000003,0.39999999999999997,0.09999999999999998,0.0,2023-24,20240414|Fulham|West Ham United,0,2,2,away
2024-04-15,Chelsea,Everton,0.6977288456501345,1.8,2.6,2.2,0.4,0.4,0.6,1.6,2.1,2.1,0.0,0.4,0.4,8.0,0.8,0.8,1.6,-0.8,0.2,0.2,0.8,0.8,1.4,-0.6,0.1,0.5,9.0,2.0,0.9,0.3,-0.6,1.0,0.8,1.8,1.3,0.6000000000000001,0.7000000000000002,1.2000000000000002,0.6,0.2,0.30000000000000004,0.39999999999999997,-0.09999999999999998,-1.0,2023-24,20240415|Everton|Chelsea,6,0,6,home
2024-04-20,Wolverhampton Wanderers,Arsenal,0.26691833447922475,1.0,1.2,1.6,-0.4,0.2,0.4,1.4,1.3,1.6,-0.3,0.4,0.2,7.0,2.0,1.4,0.6,0.8,0.6,0.2,2.5,3.1,0.5,2.6,0.8,0.1,6.0,1.9,2.0,0.4,2.0,-1.0,-1.1,-0.19999999999999996,-1.8,1.0,1.1,-1.2000000000000002,-2.9,-0.39999999999999997,-0.4,0.2,0.1,1.0,2023-24,20240420|Arsenal|Wolverhampton Wanderers,0,2,2,away
2024-04-20,Luton Town,Brentford,0.5169776198650027,0.8,1.0,2.2,-1.2,0.2,0.2,0.5,1.3,2.5,-1.2,0.1,0.2,7.0,1.2,1.4,1.2,0.2,0.2,0.6,0.7,1.3,1.9,-0.6,0.1,0.4,7.0,1.0,0.4,-0.1,-0.8,-0.3999999999999999,-0.19999999999999996,-0.3999999999999999,0.0,1.0000000000000002,0.6000000000000001,-1.4,-0.6,0.0,0.0,-0.39999999999999997,-0.2,0.0,2023-24,20240420|Brentford|Luton Town,1,5,6,away
2024-04-20,Sheffield United,Burnley,0.5197645092449996,0.6,1.6,2.4,-0.8,0.0,0.6,0.6,1.1,3.0,-1.9,0.1,0.3,7.0,1.2,1.2,1.2,0.0,0.2,0.6,0.7,0.9,2.1,-1.2,0.1,0.4,7.0,0.6,0.6,-2.0,-0.8,-0.6,-0.09999999999999998,0.40000000000000013,0.20000000000000007,1.2,0.8999999999999999,-0.8,-0.7,-0.2,0.0,0.0,-0.10000000000000003,0.0,2023-24,20240420|Burnley|Sheffield United,1,4,5,away
2024-04-21,Aston Villa,Bournemouth,0.7693941962011693,1.6,1.8,1.6,0.2,0.4,0.4,1.7,1.9,1.9,0.0,0.5,0.2,7.0,2.0,2.0,1.6,0.4,0.6,0.2,1.5,1.7,1.6,0.1,0.4,0.3,8.0,1.7,1.7,0.0,0.5,-0.3999999999999999,0.19999999999999996,-0.19999999999999996,0.19999999999999996,0.0,0.2999999999999998,-0.2,-0.1,-0.19999999999999996,0.09999999999999998,0.2,-0.09999999999999998,-1.0,2023-24,20240421|Bournemouth|Aston Villa,3,1,4,home
2024-04-21,Fulham,Liverpool,0.2765805539209093,1.4,1.8,1.4,0.4,0.4,0.2,1.6,1.9,1.3,0.6,0.5,0.1,7.0,1.6,1.6,1.2,0.4,0.4,0.4,2.0,2.1,1.2,0.9,0.6,0.2,7.0,1.9,2.1,1.5,1.1,-0.20000000000000018,-0.3999999999999999,0.19999999999999996,-0.20000000000000018,0.19999999999999996,0.10000000000000009,0.0,-0.30000000000000004,0.0,-0.09999999999999998,-0.2,-0.1,0.0,2023-24,20240421|Liverpool|Fulham,1,3,4,away
2024-04-21,Everton,Nottingham Forest,0.62077105092162,0.8,0.6,2.2,-1.6,0.2,0.2,0.7,0.8,2.0,-1.2,0.1,0.4,6.0,1.2,1.6,1.6,0.0,0.2,0.6,0.9,1.4,1.7,-0.3,0.2,0.3,8.0,1.3,0.6,-0.1,-1.0,-0.3999999999999999,-0.20000000000000007,-1.0,-0.5999999999999999,0.6000000000000001,0.30000000000000004,-1.6,-0.8999999999999999,0.0,-0.1,-0.39999999999999997,0.10000000000000003,-2.0,2023-24,20240421|Nottingham Forest|Everton,2,0,2,home
2024-04-21,Crystal Palace,West Ham United,0.5141949228989959,1.0,1.0,1.4,-0.4,0.2,0.4,0.9,1.2,1.8,-0.6,0.2,0.3,7.0,1.0,1.4,1.8,-0.4,0.2,0.4,1.2,1.6,2.2,-0.6,0.3,0.3,7.0,1.1,1.6,-0.2,-0.4,0.0,-0.29999999999999993,-0.3999999999999999,-0.40000000000000013,-0.40000000000000013,-0.40000000000000013,0.0,0.0,0.0,-0.09999999999999998,0.0,0.0,0.0,2023-24,20240421|West Ham United|Crystal Palace,5,2,7,home
2024-04-23,Arsenal,Chelsea,0.8083207070326529,2.0,1.4,0.4,1.0,0.6,0.2,2.5,3.0,0.4,2.6,0.8,0.1,3.0,2.2,3.4,1.8,1.6,0.6,0.4,1.6,2.6,2.1,0.5,0.4,0.4,8.0,2.4,0.9,1.4,-0.7,-0.20000000000000018,0.8999999999999999,-2.0,0.3999999999999999,-1.4,-1.7000000000000002,-0.6000000000000001,2.1,0.0,0.4,-0.2,-0.30000000000000004,-5.0,2023-24,20240423|Chelsea|Arsenal,5,0,5,home
2024-04-24,Wolverhampton Wanderers,Bournemouth,0.5941269911819086,0.4,0.8,1.8,-1.0,0.0,0.4,1.1,0.9,1.6,-0.7,0.3,0.2,4.0,1.4,1.4,1.6,-0.2,0.4,0.2,1.5,1.7,1.6,0.1,0.4,0.3,3.0,1.6,1.4,0.1,0.1,-0.9999999999999999,-0.3999999999999999,-0.5999999999999999,-0.7999999999999999,0.19999999999999996,0.0,-0.8,-0.7999999999999999,-0.4,-0.10000000000000003,0.2,-0.09999999999999998,1.0,2023-24,20240424|Bournemouth|Wolverhampton Wanderers,0,1,1,away
2024-04-24,Everton,Liverpool,0.2290827042606309,1.4,1.0,1.8,-0.8,0.4,0.2,0.9,0.8,1.8,-1.0,0.2,0.3,3.0,2.0,2.0,1.2,0.8,0.6,0.2,2.3,2.3,1.0,1.3,0.7,0.2,3.0,1.5,2.3,0.1,1.3,-0.6000000000000001,-1.4,-1.0,-1.4999999999999998,0.6000000000000001,0.8,-1.6,-2.3,-0.19999999999999996,-0.49999999999999994,0.0,0.09999999999999998,0.0,2023-24,20240424|Liverpool|Everton,2,0,2,home
2024-04-24,Crystal Palace,Newcastle United,0.40283475057778717,1.4,1.8,1.6,0.2,0.4,0.2,1.2,1.6,1.6,0.0,0.3,0.3,3.0,2.0,2.4,1.4,1.0,0.6,0.2,1.8,2.5,1.9,0.6,0.5,0.3,11.0,1.4,0.9,0.2,-1.1,-0.6000000000000001,-0.6000000000000001,-0.5999999999999999,-0.8999999999999999,0.20000000000000018,-0.2999999999999998,-0.8,-0.6,-0.19999999999999996,-0.2,0.0,0.0,-8.0,2023-24,20240424|Newcastle United|Crystal Palace,2,0,2,home
2024-04-24,Manchester United,Sheffield United,0.8939753604769515,1.2,2.0,1.8,0.2,0.2,0.6,1.5,1.9,1.6,0.3,0.4,0.3,11.0,0.4,1.4,2.8,-1.4,0.0,0.4,0.6,1.2,2.9,-1.7,0.1,0.3,4.0,1.7,0.5,0.1,-1.3,0.7999999999999999,0.9,0.6000000000000001,0.7,-0.9999999999999998,-1.2999999999999998,1.5999999999999999,2.0,0.2,0.30000000000000004,0.19999999999999996,0.0,7.0,2023-24,20240424|Sheffield United|Manchester United,4,2,6,home
2024-04-25,Brighton and Hove Albion,Manchester City,0.2327552006426601,1.0,0.6,1.2,-0.6,0.2,0.4,1.2,1.4,1.3,0.1,0.3,0.3,12.0,2.2,2.8,1.0,1.8,0.6,0.4,2.4,2.2,0.7,1.5,0.7,0.3,12.0,1.7,2.3,0.4,1.1,-1.2000000000000002,-1.2,-2.1999999999999997,-0.8000000000000003,0.19999999999999996,0.6000000000000001,-2.4,-1.4,-0.39999999999999997,-0.39999999999999997,0.0,0.0,0.0,2023-24,20240425|Manchester City|Brighton and Hove Albion,0,4,4,away
2024-04-27,Everton,Brentford,0.5880965041686826,2.0,1.2,1.4,-0.2,0.6,0.2,1.2,1.0,1.6,-0.6,0.3,0.3,3.0,1.8,2.2,1.0,1.2,0.4,0.6,1.0,1.7,1.6,0.1,0.2,0.4,7.0,1.8,0.7,0.6,-0.3,0.19999999999999996,0.19999999999999996,-1.0000000000000002,-0.7,0.3999999999999999,0.0,-1.4,-0.7,0.19999999999999996,0.09999999999999998,-0.39999999999999997,-0.10000000000000003,-4.0,2023-24,20240427|Brentford|Everton,1,0,1,home
2024-04-27,Manchester United,Burnley,0.8402086179670692,1.2,2.4,2.2,0.2,0.2,0.6,1.5,2.0,1.8,0.2,0.4,0.3,3.0,1.2,1.6,1.2,0.4,0.2,0.6,1.0,1.2,1.9,-0.7,0.2,0.4,7.0,2.0,0.9,0.6,-0.4,0.0,0.5,0.7999999999999998,0.8,1.0000000000000002,-0.09999999999999987,-0.2,0.8999999999999999,0.0,0.2,0.0,-0.10000000000000003,-4.0,2023-24,20240427|Burnley|Manchester United,1,1,2,draw
2024-04-27,Aston Villa,Chelsea,0.7126768451997677,2.0,2.2,1.6,0.6,0.6,0.2,2.0,2.1,1.8,0.3,0.6,0.2,6.0,1.6,2.8,2.4,0.4,0.4,0.4,1.6,2.5,2.2,0.3,0.4,0.4,4.0,1.7,0.9,0.1,-0.9,0.3999999999999999,0.3999999999999999,-0.5999999999999996,-0.3999999999999999,-0.7999999999999998,-0.40000000000000013,0.19999999999999996,0.0,0.19999999999999996,0.19999999999999996,-0.2,-0.2,2.0,2023-24,20240427|Chelsea|Aston Villa,2,2,4,draw
2024-04-27,Fulham,Crystal Palace,0.5952222681393676,0.8,1.4,2.0,-0.6,0.2,0.2,1.3,1.7,1.5,0.2,0.4,0.1,6.0,1.8,2.0,1.4,0.6,0.6,0.0,1.5,1.7,1.3,0.4,0.4,0.3,3.0,1.6,0.7,0.8,-1.1,-1.0,-0.19999999999999996,-0.6000000000000001,0.0,0.6000000000000001,0.19999999999999996,-1.2,-0.2,-0.39999999999999997,0.0,0.2,-0.19999999999999998,3.0,2023-24,20240427|Crystal Palace|Fulham,1,1,2,draw
2024-04-27,West Ham United,Liverpool,0.28841532554015337,0.8,1.6,2.6,-1.0,0.2,0.2,1.2,1.8,2.1,-0.3,0.3,0.3,6.0,1.4,1.6,1.4,0.2,0.4,0.2,2.0,2.0,1.1,0.9,0.6,0.2,3.0,1.4,2.2,-0.1,1.1,-0.5999999999999999,-0.8,0.0,-0.19999999999999996,1.2000000000000002,1.0,-1.2,-1.2,-0.2,-0.3,0.0,0.09999999999999998,3.0,2023-24,20240427|Liverpool|West Ham United,2,2,4,draw
2024-04-27,Wolverhampton Wanderers,Luton Town,0.6834730904089721,0.4,0.8,1.6,-0.8,0.0,0.4,1.1,0.9,1.5,-0.6,0.3,0.2,3.0,0.6,1.0,3.0,-2.0,0.2,0.0,0.5,1.3,2.8,-1.5,0.1,0.2,7.0,1.3,0.6,-0.1,-1.2,-0.19999999999999996,0.6000000000000001,-0.19999999999999996,-0.4,-1.4,-1.2999999999999998,1.2,0.9,-0.2,0.19999999999999998,0.4,0.0,-4.0,2023-24,20240427|Luton Town|Wolverhampton Wanderers,2,1,3,home
2024-04-27,Newcastle United,Sheffield United,0.890333203821531,2.0,2.0,1.2,0.8,0.6,0.2,1.7,2.1,1.7,0.4,0.5,0.2,3.0,0.2,1.2,3.0,-1.8,0.0,0.2,0.3,1.1,3.2,-2.1,0.0,0.3,3.0,1.8,0.5,0.9,-1.0,1.8,1.4,0.8,1.0,-1.8,-1.5000000000000002,2.6,2.5,0.6,0.5,0.0,-0.09999999999999998,0.0,2023-24,20240427|Sheffield United|Newcastle United,5,1,6,home
2024-04-28,Tottenham Hotspur,Arsenal,0.3901043226346763,1.4,1.2,2.0,-0.8,0.4,0.2,1.7,1.8,1.6,0.2,0.5,0.2,15.0,2.4,2.4,0.4,2.0,0.8,0.0,2.5,2.9,0.4,2.5,0.8,0.1,5.0,2.4,2.0,1.1,2.1,-1.0,-0.8,-1.2,-1.0999999999999999,1.6,1.2000000000000002,-2.8,-2.3,-0.4,-0.30000000000000004,0.2,0.1,10.0,2023-24,20240428|Arsenal|Tottenham Hotspur,2,3,5,away
2024-04-28,Bournemouth,Brighton and Hove Albion,0.5592085326808454,1.4,1.2,1.4,-0.2,0.4,0.2,1.7,1.6,1.4,0.2,0.5,0.2,4.0,0.4,0.4,2.0,-1.6,0.0,0.4,0.9,1.0,1.6,-0.6,0.2,0.3,3.0,1.6,0.7,0.1,-0.6,0.9999999999999999,0.7999999999999999,0.7999999999999999,0.6000000000000001,-0.6000000000000001,-0.20000000000000018,1.4000000000000001,0.8,0.4,0.3,-0.2,-0.09999999999999998,1.0,2023-24,20240428|Brighton and Hove Albion|Bournemouth,3,0,3,home
2024-04-28,Nottingham Forest,Manchester City,0.13263195603252087,1.0,1.4,1.8,-0.4,0.2,0.4,0.9,1.2,1.6,-0.4,0.2,0.3,7.0,2.6,3.4,0.8,2.6,0.8,0.2,2.4,2.4,0.7,1.7,0.7,0.3,3.0,1.1,2.3,-0.1,1.2,-1.6,-1.5,-2.0,-1.2,1.0,0.9000000000000001,-3.0,-2.1,-0.6000000000000001,-0.49999999999999994,0.2,0.0,4.0,2023-24,20240428|Manchester City|Nottingham Forest,0,2,2,away
2024-05-02,Chelsea,Tottenham Hotspur,0.533761713012423,1.6,2.8,2.4,0.4,0.4,0.4,1.7,2.5,2.0,0.5,0.4,0.5,5.0,1.4,1.6,2.0,-0.4,0.4,0.2,1.6,1.8,1.7,0.1,0.5,0.1,4.0,2.3,1.0,1.1,-0.4,0.20000000000000018,0.09999999999999987,1.1999999999999997,0.7,0.3999999999999999,0.30000000000000004,0.8,0.4,0.0,-0.09999999999999998,0.2,0.4,1.0,2023-24,20240502|Tottenham Hotspur|Chelsea,2,0,2,home
2024-05-03,Luton Town,Everton,0.4407495983951469,0.6,1.0,3.0,-2.0,0.2,0.0,0.5,1.3,2.6,-1.3,0.1,0.2,6.0,2.4,1.2,1.2,0.0,0.8,0.0,1.4,1.0,1.5,-0.5,0.4,0.2,6.0,1.0,0.6,-0.4,-1.3,-1.7999999999999998,-0.8999999999999999,-0.19999999999999996,0.30000000000000004,1.8,1.1,-2.0,-0.8,-0.6000000000000001,-0.30000000000000004,0.0,0.0,0.0,2023-24,20240503|Everton|Luton Town,1,1,2,draw
2024-05-04,Arsenal,Bournemouth,0.8563095312975236,2.4,2.6,0.8,1.8,0.8,0.0,2.5,2.7,0.6,2.1,0.8,0.1,6.0,1.4,1.6,1.4,0.2,0.4,0.2,2.0,1.9,1.3,0.6,0.6,0.2,6.0,2.4,1.4,1.7,0.0,1.0,0.5,1.0,0.8000000000000003,-0.5999999999999999,-0.7000000000000001,1.6,1.5,0.4,0.20000000000000007,-0.2,-0.1,0.0,2023-24,20240504|Bournemouth|Arsenal,3,0,3,home
2024-05-04,Brentford,Fulham,0.57846574998848,1.6,2.0,1.0,1.0,0.4,0.4,1.0,1.7,1.6,0.1,0.2,0.4,7.0,0.8,1.0,1.6,-0.6,0.2,0.2,1.4,1.7,1.4,0.3,0.4,0.2,7.0,1.2,0.8,-0.4,-0.8,0.8,-0.3999999999999999,1.0,0.0,-0.6000000000000001,0.20000000000000018,1.6,-0.19999999999999998,0.2,-0.2,0.2,0.2,0.0,2023-24,20240504|Fulham|Brentford,0,0,0,draw
2024-05-04,Burnley,Newcastle United,0.3073199742110224,1.2,1.4,1.0,0.4,0.2,0.6,1.1,1.3,1.5,-0.2,0.2,0.5,7.0,2.0,2.2,0.8,1.4,0.6,0.2,1.7,2.3,1.6,0.7,0.5,0.2,7.0,1.0,0.9,-0.5,-1.1,-0.8,-0.5999999999999999,-0.8000000000000003,-0.9999999999999998,0.19999999999999996,-0.10000000000000009,-0.9999999999999999,-0.8999999999999999,-0.39999999999999997,-0.3,0.39999999999999997,0.3,0.0,2023-24,20240504|Newcastle United|Burnley,1,4,5,away
2024-05-04,Sheffield United,Nottingham Forest,0.40422996613136336,0.2,1.2,3.4,-2.2,0.0,0.2,0.3,1.2,3.2,-2.0,0.0,0.3,7.0,0.8,1.2,2.0,-0.8,0.2,0.2,0.6,1.0,1.8,-0.8,0.1,0.3,6.0,0.6,0.6,-2.1,-1.1,-0.6000000000000001,-0.3,0.0,0.19999999999999996,1.4,1.4000000000000001,-1.4000000000000001,-1.2,-0.2,-0.1,0.0,0.0,1.0,2023-24,20240504|Nottingham Forest|Sheffield United,1,3,4,away
2024-05-04,Manchester City,Wolverhampton Wanderers,0.9107872541896371,3.0,3.8,0.8,3.0,1.0,0.0,2.6,2.5,0.6,1.9,0.8,0.2,6.0,0.8,1.0,1.6,-0.6,0.2,0.2,1.1,0.9,1.5,-0.6,0.3,0.2,7.0,2.4,1.2,1.6,-0.3,2.2,1.5,2.8,1.6,-0.8,-0.9,3.6,2.5,0.8,0.5,-0.2,0.0,-1.0,2023-24,20240504|Wolverhampton Wanderers|Manchester City,5,1,6,home
2024-05-05,Brighton and Hove Albion,Aston Villa,0.4107533177025137,0.4,0.2,2.2,-2.0,0.0,0.4,0.9,0.9,1.7,-0.8,0.2,0.3,7.0,1.6,2.2,2.0,0.2,0.4,0.4,1.8,2.1,1.9,0.2,0.5,0.3,8.0,1.6,1.8,0.0,0.6,-1.2000000000000002,-0.9,-2.0,-1.2000000000000002,0.20000000000000018,-0.19999999999999996,-2.2,-1.0,-0.4,-0.3,0.0,0.0,-1.0,2023-24,20240505|Aston Villa|Brighton and Hove Albion,1,0,1,home
2024-05-05,Liverpool,Tottenham Hotspur,0.7546335685523179,1.0,1.4,1.6,-0.2,0.2,0.4,1.8,1.8,1.2,0.6,0.5,0.3,8.0,0.8,1.2,2.2,-1.0,0.2,0.2,1.3,1.6,1.8,-0.2,0.4,0.1,3.0,2.1,1.0,1.2,-0.5,0.19999999999999996,0.5,0.19999999999999996,0.19999999999999996,-0.6000000000000001,-0.6000000000000001,0.8,0.8,0.0,0.09999999999999998,0.2,0.19999999999999998,5.0,2023-24,20240505|Tottenham Hotspur|Liverpool,4,2,6,home
2024-05-05,Chelsea,West Ham United,0.682327302680555,1.6,2.4,1.8,0.6,0.4,0.4,1.7,2.4,1.9,0.5,0.4,0.5,3.0,1.0,1.4,2.2,-0.8,0.2,0.4,1.3,2.0,2.1,-0.1,0.3,0.4,8.0,2.5,1.3,1.3,-0.8,0.6000000000000001,0.3999999999999999,1.0,0.3999999999999999,-0.40000000000000013,-0.20000000000000018,1.4,0.6,0.2,0.10000000000000003,0.0,0.09999999999999998,-5.0,2023-24,20240505|West Ham United|Chelsea,5,0,5,home
2024-05-06,Crystal Palace,Manchester United,0.4494010171739401,2.0,2.2,1.4,0.8,0.6,0.2,1.5,1.7,1.3,0.4,0.4,0.3,9.0,1.2,2.4,2.2,0.2,0.2,0.6,1.3,1.9,1.8,0.1,0.3,0.4,9.0,1.7,1.2,0.6,-0.3,0.8,0.19999999999999996,-0.19999999999999973,-0.19999999999999996,-0.8000000000000003,-0.5,0.6000000000000001,0.30000000000000004,0.39999999999999997,0.10000000000000003,-0.39999999999999997,-0.10000000000000003,0.0,2023-24,20240506|Manchester United|Crystal Palace,4,0,4,home
2024-05-11,Bournemouth,Brentford,0.6363395814868846,1.4,1.4,1.6,-0.2,0.4,0.2,1.7,1.7,1.6,0.1,0.5,0.2,7.0,1.6,2.0,1.0,1.0,0.4,0.4,1.1,1.5,1.2,0.3,0.2,0.5,7.0,1.8,0.7,0.4,-0.3,-0.20000000000000018,0.5999999999999999,-0.6000000000000001,0.19999999999999996,0.6000000000000001,0.40000000000000013,-1.2,-0.19999999999999998,0.0,0.3,-0.2,-0.3,0.0,2023-24,20240511|Brentford|Bournemouth,1,2,3,away
2024-05-11,Newcastle United,Brighton and Hove Albion,0.692905233570267,2.4,2.8,0.8,2.0,0.8,0.0,1.9,2.5,1.5,1.0,0.6,0.1,7.0,0.8,0.4,2.2,-1.8,0.2,0.2,0.9,0.5,1.7,-1.2,0.2,0.3,6.0,1.8,0.7,1.2,-0.7,1.5999999999999999,0.9999999999999999,2.4,2.0,-1.4000000000000001,-0.19999999999999996,3.8,2.2,0.6000000000000001,0.39999999999999997,-0.2,-0.19999999999999998,1.0,2023-24,20240511|Brighton and Hove Albion|Newcastle United,1,1,2,draw
2024-05-11,Tottenham Hotspur,Burnley,0.8208781340084013,0.6,1.4,2.8,-1.4,0.2,0.0,1.3,1.7,2.0,-0.3,0.4,0.1,6.0,1.0,1.4,1.6,-0.2,0.2,0.4,1.1,1.4,1.6,-0.2,0.2,0.5,7.0,2.4,0.9,1.1,-0.4,-0.4,0.19999999999999996,0.0,0.30000000000000004,1.1999999999999997,0.3999999999999999,-1.2,-0.09999999999999998,0.0,0.2,-0.4,-0.4,-1.0,2023-24,20240511|Burnley|Tottenham Hotspur,2,1,3,home
2024-05-11,Nottingham Forest,Chelsea,0.3784823383123082,0.8,1.2,2.0,-0.8,0.2,0.2,0.9,1.1,1.5,-0.4,0.2,0.3,7.0,2.0,3.0,1.4,1.6,0.6,0.2,1.9,2.8,1.8,1.0,0.5,0.4,6.0,1.1,1.0,-0.1,-0.8,-1.2,-0.9999999999999999,-1.8,-1.6999999999999997,0.6000000000000001,-0.30000000000000004,-2.4000000000000004,-1.4,-0.39999999999999997,-0.3,0.0,-0.10000000000000003,1.0,2023-24,20240511|Chelsea|Nottingham Forest,2,3,5,away
2024-05-11,Wolverhampton Wanderers,Crystal Palace,0.5402745461809703,0.8,1.0,2.2,-1.2,0.2,0.2,0.8,0.9,2.0,-1.1,0.2,0.2,7.0,2.6,2.6,0.6,2.0,0.8,0.2,1.5,1.8,1.3,0.5,0.4,0.3,5.0,1.5,0.7,0.0,-1.1,-1.8,-0.7,-1.6,-0.9,1.6,0.7,-3.2,-1.6,-0.6000000000000001,-0.2,0.0,-0.09999999999999998,2.0,2023-24,20240511|Crystal Palace|Wolverhampton Wanderers,1,3,4,away
2024-05-11,West Ham United,Luton Town,0.7150053969823812,0.8,1.2,3.0,-1.8,0.2,0.2,1.0,1.6,2.4,-0.8,0.2,0.4,6.0,0.8,1.2,2.8,-1.6,0.2,0.2,0.6,1.2,2.4,-1.2,0.1,0.3,8.0,1.2,0.6,-0.4,-1.1,0.0,0.4,0.0,0.40000000000000013,0.20000000000000018,0.0,-0.19999999999999996,0.3999999999999999,0.0,0.1,0.0,0.10000000000000003,-2.0,2023-24,20240511|Luton Town|West Ham United,3,1,4,home
2024-05-11,Fulham,Manchester City,0.18015020301302803,1.0,0.8,1.0,-0.2,0.2,0.4,1.2,1.5,1.3,0.2,0.3,0.3,7.0,3.0,4.0,0.8,3.2,1.0,0.0,2.6,2.9,0.7,2.2,0.8,0.2,7.0,1.4,2.5,0.3,1.4,-2.0,-1.4000000000000001,-3.2,-1.4,0.19999999999999996,0.6000000000000001,-3.4000000000000004,-2.0,-0.8,-0.5,0.4,0.09999999999999998,0.0,2023-24,20240511|Manchester City|Fulham,0,4,4,away
2024-05-11,Everton,Sheffield United,0.8408257082131998,2.0,1.2,1.4,-0.2,0.6,0.2,1.4,1.0,1.5,-0.5,0.4,0.2,8.0,0.0,1.0,3.6,-2.6,0.0,0.0,0.3,1.3,3.4,-2.1,0.0,0.3,7.0,1.8,0.5,0.4,-1.2,2.0,1.0999999999999999,0.19999999999999996,-0.30000000000000004,-2.2,-1.9,2.4,1.6,0.6,0.4,0.2,-0.09999999999999998,1.0,2023-24,20240511|Sheffield United|Everton,1,0,1,home
2024-05-12,Manchester United,Arsenal,0.32566199150839326,1.2,1.8,2.2,-0.4,0.2,0.6,1.0,1.7,2.1,-0.4,0.2,0.4,6.0,2.4,2.6,0.8,1.8,0.8,0.0,2.5,2.6,0.5,2.1,0.8,0.1,8.0,1.8,2.3,0.5,2.3,-1.2,-1.5,-0.8,-0.9000000000000001,1.4000000000000001,1.6,-2.2,-2.5,-0.6000000000000001,-0.6000000000000001,0.6,0.30000000000000004,-2.0,2023-24,20240512|Arsenal|Manchester United,0,1,1,away
2024-05-13,Aston Villa,Liverpool,0.45216935368043465,1.6,2.0,1.4,0.6,0.4,0.4,1.5,1.7,1.8,-0.1,0.4,0.3,8.0,1.4,1.8,1.6,0.2,0.4,0.2,1.8,1.8,1.3,0.5,0.5,0.3,8.0,1.5,2.0,0.0,0.9,0.20000000000000018,-0.30000000000000004,0.19999999999999996,-0.10000000000000009,-0.20000000000000018,0.5,0.39999999999999997,-0.6,0.0,-0.09999999999999998,0.2,0.0,0.0,2023-24,20240513|Liverpool|Aston Villa,3,3,6,draw
2024-05-14,Tottenham Hotspur,Manchester City,0.2603102482910051,0.6,1.2,2.8,-1.6,0.2,0.0,1.3,1.6,2.0,-0.4,0.4,0.1,3.0,3.0,4.0,0.4,3.6,1.0,0.0,2.6,3.2,0.7,2.5,0.8,0.2,3.0,2.4,2.8,0.9,1.9,-2.4,-1.3,-2.8,-1.6,2.4,1.3,-5.2,-2.9,-0.8,-0.4,0.0,-0.1,0.0,2023-24,20240514|Manchester City|Tottenham Hotspur,0,2,2,away
2024-05-15,Brighton and Hove Albion,Chelsea,0.5059505807060946,1.0,0.6,1.8,-1.2,0.2,0.4,0.9,0.5,1.7,-1.2,0.2,0.3,4.0,2.0,2.4,1.8,0.6,0.6,0.2,2.1,2.9,1.8,1.1,0.6,0.3,4.0,1.8,1.3,0.1,-0.5,-1.0,-1.2000000000000002,-1.7999999999999998,-2.4,0.0,-0.10000000000000009,-1.7999999999999998,-2.3,-0.39999999999999997,-0.39999999999999997,0.2,0.0,0.0,2023-24,20240515|Chelsea|Brighton and Hove Albion,1,2,3,away
2024-05-15,Manchester United,Newcastle United,0.546085276292932,1.0,1.4,2.0,-0.6,0.2,0.4,1.0,1.6,2.0,-0.4,0.2,0.4,3.0,2.0,2.8,1.0,1.8,0.6,0.2,2.0,2.5,1.2,1.3,0.6,0.2,4.0,1.5,1.2,0.3,-0.5,-1.0,-1.0,-1.4,-0.8999999999999999,1.0,0.8,-2.4,-1.7000000000000002,-0.39999999999999997,-0.39999999999999997,0.2,0.2,-1.0,2023-24,20240515|Newcastle United|Manchester United,3,2,5,home
2024-05-19,Crystal Palace,Aston Villa,0.4574409891042527,2.6,3.0,0.8,2.2,0.8,0.2,1.8,2.0,1.1,0.9,0.5,0.3,8.0,1.6,2.0,1.4,0.6,0.4,0.4,1.3,1.7,1.9,-0.2,0.3,0.4,6.0,2.0,1.7,1.1,0.5,1.0,0.5,1.0,0.30000000000000004,-0.5999999999999999,-0.7999999999999998,1.6,1.1,0.4,0.2,-0.2,-0.10000000000000003,2.0,2023-24,20240519|Aston Villa|Crystal Palace,5,0,5,home
2024-05-19,Chelsea,Bournemouth,0.7343275263936612,2.6,2.8,1.0,1.8,0.8,0.2,2.1,2.8,1.7,1.1,0.6,0.3,4.0,1.2,1.2,1.6,-0.4,0.4,0.0,1.6,1.6,1.6,0.0,0.5,0.1,8.0,2.5,1.1,1.7,-0.6,1.4000000000000001,0.5,1.5999999999999999,1.1999999999999997,-0.6000000000000001,0.09999999999999987,2.2,1.1,0.4,0.09999999999999998,0.2,0.19999999999999998,-4.0,2023-24,20240519|Bournemouth|Chelsea,2,1,3,home
2024-05-19,Arsenal,Everton,0.8741336264492565,3.0,2.8,0.4,2.4,1.0,0.0,2.5,2.1,0.5,1.6,0.8,0.1,7.0,2.6,1.4,0.2,1.2,0.8,0.2,1.7,1.0,1.2,-0.2,0.5,0.2,8.0,2.4,0.4,1.9,-1.5,0.3999999999999999,0.8,1.4,1.1,0.2,-0.7,1.2,1.8,0.19999999999999996,0.30000000000000004,-0.2,-0.1,-1.0,2023-24,20240519|Everton|Arsenal,2,1,3,home
2024-05-19,Luton Town,Fulham,0.4499055983082041,0.2,1.0,3.2,-2.2,0.0,0.2,0.5,1.2,2.6,-1.4,0.1,0.2,8.0,1.0,0.8,1.6,-0.8,0.2,0.4,0.9,1.2,1.7,-0.5,0.2,0.3,8.0,1.1,0.9,-0.3,-0.7,-0.8,-0.4,0.19999999999999996,0.0,1.6,0.9000000000000001,-1.4000000000000001,-0.8999999999999999,-0.2,-0.1,-0.2,-0.09999999999999998,0.0,2023-24,20240519|Fulham|Luton Town,2,4,6,away
2024-05-19,Brighton and Hove Albion,Manchester United,0.5071709419395478,0.8,0.6,2.0,-1.4,0.2,0.2,0.9,0.6,1.6,-1.0,0.2,0.3,4.0,1.4,1.6,2.0,-0.4,0.4,0.2,1.3,1.8,1.9,-0.1,0.3,0.4,4.0,1.5,1.1,-0.1,-0.7,-0.5999999999999999,-0.4,-1.0,-1.2000000000000002,0.0,-0.2999999999999998,-0.9999999999999999,-0.9,-0.2,-0.09999999999999998,0.0,-0.10000000000000003,0.0,2023-24,20240519|Manchester United|Brighton and Hove Albion,0,2,2,away
2024-05-19,Brentford,Newcastle United,0.46402699589116464,2.0,1.8,0.6,1.2,0.6,0.2,1.3,1.5,1.1,0.4,0.3,0.4,8.0,1.4,2.4,1.6,0.8,0.4,0.2,1.7,2.4,1.5,0.9,0.5,0.2,4.0,1.0,1.2,-0.6,-0.3,0.6000000000000001,-0.3999999999999999,-0.5999999999999999,-0.8999999999999999,-1.0,-0.3999999999999999,0.3999999999999999,-0.5,0.19999999999999996,-0.2,0.0,0.2,4.0,2023-24,20240519|Newcastle United|Brentford,2,4,6,away
2024-05-19,Burnley,Nottingham Forest,0.5234732535871782,1.0,1.6,1.8,-0.2,0.2,0.4,1.1,1.5,1.6,-0.1,0.2,0.5,8.0,0.8,1.4,2.0,-0.6,0.2,0.2,0.9,1.3,1.7,-0.4,0.2,0.3,8.0,0.7,0.9,-1.3,-0.4,0.19999999999999996,0.20000000000000007,0.20000000000000018,0.19999999999999996,-0.19999999999999996,-0.09999999999999987,0.39999999999999997,0.30000000000000004,0.0,0.0,0.2,0.2,0.0,2023-24,20240519|Nottingham Forest|Burnley,1,2,3,away
2024-05-19,Sheffield United,Tottenham Hotspur,0.20242541728940736,0.0,1.0,3.4,-2.4,0.0,0.0,0.3,1.3,2.9,-1.6,0.0,0.3,8.0,0.6,1.2,2.4,-1.2,0.2,0.0,1.0,1.2,2.2,-1.0,0.3,0.1,5.0,0.6,0.9,-2.1,-0.7,-0.6,-0.7,-0.19999999999999996,0.10000000000000009,1.0,0.6999999999999997,-1.2,-0.6000000000000001,-0.2,-0.3,0.0,0.19999999999999998,3.0,2023-24,20240519|Tottenham Hotspur|Sheffield United,0,3,3,away
2024-05-19,Manchester City,West Ham United,0.9100185471879562,3.0,3.4,0.2,3.2,1.0,0.0,2.6,3.1,0.6,2.5,0.8,0.2,5.0,0.8,1.4,3.0,-1.6,0.2,0.2,1.0,1.6,2.4,-0.8,0.2,0.4,8.0,2.6,1.0,2.0,-1.4,2.2,1.6,2.0,1.5,-2.8,-1.7999999999999998,4.800000000000001,3.3,0.8,0.6000000000000001,-0.2,-0.2,-3.0,2023-24,20240519|West Ham United|Manchester City,3,1,4,home
2024-05-19,Liverpool,Wolverhampton Wanderers,0.8664219430582057,1.6,2.4,2.0,0.4,0.4,0.4,1.6,2.0,1.6,0.4,0.4,0.4,6.0,0.6,0.8,2.4,-1.6,0.2,0.0,0.8,1.0,2.0,-1.0,0.2,0.2,8.0,2.3,1.2,1.4,-0.6,1.0,0.8,1.5999999999999999,1.0,-0.3999999999999999,-0.3999999999999999,2.0,1.4,0.2,0.2,0.4,0.2,-2.0,2023-24,20240519|Wolverhampton Wanderers|Liverpool,2,0,2,home
2024-08-16,Manchester United,Fulham,0.7128742553829297,1.4,1.2,1.6,-0.4,0.4,0.2,1.3,1.8,1.9,-0.1,0.3,0.4,89.0,1.0,1.2,2.0,-0.8,0.2,0.4,1.2,1.5,1.7,-0.2,0.3,0.3,89.0,1.8,1.2,0.7,-0.2,0.3999999999999999,0.10000000000000009,0.0,0.30000000000000004,-0.3999999999999999,0.19999999999999996,0.4,0.1,0.2,0.0,-0.2,0.10000000000000003,0.0,2024-25,20240816|Fulham|Manchester United,1,0,1,home
2024-08-17,West Ham United,Aston Villa,0.4392826585824283,0.8,1.6,3.2,-1.6,0.2,0.2,0.9,1.5,2.5,-1.0,0.2,0.3,90.0,1.0,1.6,2.4,-0.8,0.2,0.4,1.3,1.7,2.0,-0.3,0.3,0.4,90.0,1.2,1.4,-0.4,-0.1,-0.19999999999999996,-0.4,0.0,-0.19999999999999996,0.8000000000000003,0.5,-0.8,-0.7,0.0,-0.09999999999999998,-0.2,-0.10000000000000003,0.0,2024-25,20240817|Aston Villa|West Ham United,1,2,3,away
2024-08-17,Nottingham Forest,Bournemouth,0.5182962733422897,1.2,1.4,1.8,-0.4,0.4,0.0,1.2,1.5,1.7,-0.2,0.3,0.3,90.0,1.2,1.2,1.4,-0.2,0.4,0.0,1.3,1.3,1.5,-0.2,0.4,0.1,90.0,1.1,0.8,-0.1,-0.8,0.0,-0.10000000000000009,0.19999999999999996,0.19999999999999996,0.40000000000000013,0.19999999999999996,-0.2,0.0,0.0,-0.10000000000000003,0.0,0.19999999999999998,0.0,2024-25,20240817|Bournemouth|Nottingham Forest,1,1,2,draw
2024-08-17,Everton,Brighton and Hove Albion,0.5880253751744485,2.0,1.2,0.6,0.6,0.6,0.2,1.7,1.1,1.2,-0.1,0.5,0.2,90.0,0.8,0.6,1.6,-1.0,0.2,0.2,0.6,0.5,1.8,-1.3,0.1,0.3,90.0,1.8,0.7,0.3,-0.7,1.2,1.1,0.6,0.6000000000000001,-1.0,-0.6000000000000001,1.6,1.2,0.39999999999999997,0.4,0.0,-0.09999999999999998,0.0,2024-25,20240817|Brighton and Hove Albion|Everton,0,3,3,away
2024-08-17,Ipswich,Liverpool,0.28150837686142927,,,,,,,,,,,,,,1.6,2.2,1.8,0.4,0.4,0.4,1.8,2.1,1.5,0.6,0.5,0.3,90.0,,1.8,,0.8,,,,,,,,,,,,,,2024-25,20240817|Liverpool|Ipswich,0,2,2,away
2024-08-17,Newcastle United,Southampton,0.8697062777849668,2.0,3.2,1.6,1.6,0.6,0.2,2.0,2.6,1.4,1.2,0.6,0.2,90.0,0.2,1.8,3.2,-1.4,0.0,0.2,0.2,1.3,2.7,-1.4,0.0,0.2,447.0,1.6,0.8,0.9,-0.8,1.8,1.8,1.4000000000000001,1.3,-1.6,-1.3000000000000003,3.0,2.5999999999999996,0.6,0.6,0.0,0.0,-357.0,2024-25,20240817|Southampton|Newcastle United,1,0,1,home
2024-08-17,Arsenal,Wolverhampton Wanderers,0.902589989376285,3.0,2.8,0.6,2.2,1.0,0.0,2.5,2.1,0.5,1.6,0.8,0.1,90.0,0.6,0.8,2.4,-1.6,0.2,0.0,0.5,0.8,2.1,-1.3,0.1,0.2,90.0,2.4,1.2,1.8,-0.5,2.4,2.0,1.9999999999999998,1.3,-1.7999999999999998,-1.6,3.8000000000000003,2.9000000000000004,0.8,0.7000000000000001,0.0,-0.1,0.0,2024-25,20240817|Wolverhampton Wanderers|Arsenal,2,0,2,home
2024-08-18,Brentford,Crystal Palace,0.49616388454544513,1.4,1.8,1.4,0.4,0.4,0.2,1.3,1.6,1.3,0.3,0.3,0.4,91.0,2.6,3.0,0.4,2.6,0.8,0.2,2.0,2.4,1.0,1.4,0.6,0.2,91.0,1.0,0.9,-0.7,-0.9,-1.2000000000000002,-0.7,-1.2,-0.7999999999999998,0.9999999999999999,0.30000000000000004,-2.2,-1.0999999999999999,-0.4,-0.3,0.0,0.2,0.0,2024-25,20240818|Crystal Palace|Brentford,2,1,3,home
2024-08-18,Chelsea,Manchester City,0.2847461411293398,3.0,2.8,0.8,2.0,1.0,0.0,2.3,2.8,1.6,1.2,0.7,0.2,91.0,3.0,3.2,0.4,2.8,1.0,0.0,2.8,3.3,0.6,2.7,0.9,0.1,91.0,2.5,2.8,1.6,2.0,0.0,-0.5,-0.40000000000000036,-0.5,0.4,1.0,-0.7999999999999998,-1.5000000000000002,0.0,-0.20000000000000007,0.0,0.1,0.0,2024-25,20240818|Manchester City|Chelsea,0,2,2,away
2024-08-19,Leicester City,Tottenham Hotspur,0.390935017829766,1.0,1.4,2.2,-0.8,0.2,0.4,0.9,1.2,1.9,-0.7,0.2,0.3,449.0,1.2,1.4,1.8,-0.4,0.4,0.0,1.3,1.5,1.9,-0.4,0.4,0.1,92.0,1.1,0.9,-0.3,-0.6,-0.19999999999999996,-0.4,0.0,-0.30000000000000004,0.40000000000000013,0.0,-0.4,-0.29999999999999993,-0.2,-0.2,0.4,0.19999999999999998,357.0,2024-25,20240819|Tottenham Hotspur|Leicester City,1,1,2,draw
2024-08-24,Aston Villa,Arsenal,0.35867710403344966,1.0,1.4,2.4,-1.0,0.2,0.4,1.5,1.8,2.0,-0.2,0.4,0.3,7.0,3.0,2.2,0.6,1.6,1.0,0.0,2.7,2.3,0.5,1.8,0.9,0.0,7.0,1.5,2.5,0.0,2.4,-2.0,-1.2000000000000002,-0.8000000000000003,-0.4999999999999998,1.7999999999999998,1.5,-2.6,-2.0,-0.8,-0.5,0.4,0.3,0.0,2024-25,20240824|Arsenal|Aston Villa,0,2,2,away
2024-08-24,Tottenham Hotspur,Everton,0.717682840975319,1.4,1.6,1.6,0.0,0.4,0.2,1.1,1.4,1.9,-0.5,0.3,0.2,5.0,1.4,0.8,1.2,-0.4,0.4,0.2,1.7,1.0,1.3,-0.3,0.5,0.2,7.0,2.1,0.4,0.6,-1.5,0.0,-0.5999999999999999,0.8,0.3999999999999999,0.40000000000000013,0.5999999999999999,0.4,-0.2,0.0,-0.2,0.0,0.0,-2.0,2024-25,20240824|Everton|Tottenham Hotspur,4,0,4,home
2024-08-24,Manchester City,Ipswich,0.9197486619761571,3.0,3.2,0.4,2.8,1.0,0.0,3.0,3.5,0.6,2.9,1.0,0.0,6.0,0.0,0.0,2.0,-2.0,0.0,0.0,0.0,0.0,2.0,-2.0,0.0,0.0,7.0,2.6,,2.0,,3.0,3.0,3.2,3.5,-1.6,-1.4,4.8,4.9,1.0,1.0,0.0,0.0,-1.0,2024-25,20240824|Ipswich|Manchester City,4,1,5,home
2024-08-24,Fulham,Leicester City,0.6617759911433604,1.0,1.0,1.6,-0.6,0.2,0.4,0.9,1.2,1.8,-0.6,0.2,0.3,8.0,1.0,1.2,2.0,-0.8,0.2,0.4,1.0,1.2,1.8,-0.6,0.2,0.4,5.0,1.4,0.6,0.1,-0.9,0.0,-0.09999999999999998,-0.19999999999999996,0.0,-0.3999999999999999,0.0,0.20000000000000007,0.0,0.0,0.0,0.0,-0.10000000000000003,3.0,2024-25,20240824|Leicester City|Fulham,2,1,3,home
2024-08-24,Brighton and Hove Albion,Manchester United,0.480253543411622,1.4,1.2,1.0,0.2,0.4,0.2,0.9,0.7,1.6,-0.9,0.2,0.3,7.0,1.8,1.2,1.4,-0.2,0.6,0.0,1.5,1.8,1.8,0.0,0.4,0.3,8.0,1.4,1.4,-0.3,-0.3,-0.40000000000000013,-0.6,0.0,-1.1,-0.3999999999999999,-0.19999999999999996,0.4,-0.9,-0.19999999999999996,-0.2,0.2,0.0,-1.0,2024-25,20240824|Manchester United|Brighton and Hove Albion,2,1,3,home
2024-08-24,Southampton,Nottingham Forest,0.44615780067100846,0.2,1.6,2.8,-1.2,0.0,0.2,0.2,1.3,2.7,-1.4,0.0,0.2,7.0,1.4,1.6,1.6,0.0,0.4,0.2,1.2,1.5,1.7,-0.2,0.3,0.3,7.0,0.5,1.1,-1.1,-0.3,-1.2,-1.0,0.0,-0.19999999999999996,1.1999999999999997,1.0000000000000002,-1.2,-1.2,-0.4,-0.3,0.0,-0.09999999999999998,0.0,2024-25,20240824|Nottingham Forest|Southampton,0,1,1,away
2024-08-24,Crystal Palace,West Ham United,0.6631737322958648,2.0,2.8,0.8,2.0,0.6,0.2,1.9,2.4,1.1,1.3,0.6,0.1,6.0,0.8,1.4,2.6,-1.2,0.2,0.2,0.8,1.5,2.6,-1.1,0.2,0.2,7.0,2.2,1.0,1.6,-1.1,1.2,1.0999999999999999,1.4,0.8999999999999999,-1.8,-1.5,3.2,2.4000000000000004,0.39999999999999997,0.39999999999999997,0.0,-0.1,-1.0,2024-25,20240824|West Ham United|Crystal Palace,0,2,2,away
2024-08-25,Liverpool,Brentford,0.8499979106773944,2.2,2.6,1.4,1.2,0.6,0.4,1.8,2.1,1.4,0.7,0.5,0.3,8.0,1.4,1.2,1.4,-0.2,0.4,0.2,1.6,1.7,1.2,0.5,0.4,0.4,7.0,2.5,1.0,1.6,0.0,0.8000000000000003,0.19999999999999996,1.4000000000000001,0.40000000000000013,0.0,0.19999999999999996,1.4,0.19999999999999996,0.19999999999999996,0.09999999999999998,0.2,-0.10000000000000003,1.0,2024-25,20240825|Brentford|Liverpool,2,0,2,home
2024-08-25,Wolverhampton Wanderers,Chelsea,0.3783849179946818,0.6,0.8,2.6,-1.8,0.2,0.0,0.5,0.8,2.1,-1.3,0.1,0.2,8.0,2.4,2.4,1.2,1.2,0.8,0.0,2.0,2.4,1.5,0.9,0.6,0.2,7.0,1.2,1.6,-0.3,-0.3,-1.7999999999999998,-1.5,-1.5999999999999999,-1.5999999999999999,1.4000000000000001,0.6000000000000001,-3.0,-2.2,-0.6000000000000001,-0.5,0.0,0.0,1.0,2024-25,20240825|Chelsea|Wolverhampton Wanderers,2,6,8,away
2024-08-25,Bournemouth,Newcastle United,0.4270344689555438,0.8,1.2,1.6,-0.4,0.2,0.2,1.1,1.2,1.5,-0.3,0.3,0.2,8.0,2.0,2.4,1.4,1.0,0.6,0.2,2.0,2.3,1.1,1.2,0.6,0.2,8.0,1.5,1.5,0.0,0.0,-1.2,-0.8999999999999999,-1.2,-1.0999999999999999,0.20000000000000018,0.3999999999999999,-1.4,-1.5,-0.39999999999999997,-0.3,0.0,0.0,0.0,2024-25,20240825|Newcastle United|Bournemouth,1,1,2,draw
2024-08-31,Leicester City,Aston Villa,0.3497824451611428,1.0,0.8,1.4,-0.6,0.2,0.4,1.0,1.3,1.9,-0.6,0.2,0.4,7.0,0.8,1.0,2.4,-1.4,0.2,0.2,1.2,1.6,2.2,-0.6,0.3,0.3,7.0,1.1,1.7,-0.3,0.1,0.19999999999999996,-0.19999999999999996,-0.19999999999999996,-0.30000000000000004,-1.0,-0.30000000000000027,0.7999999999999999,0.0,0.0,-0.09999999999999998,0.2,0.10000000000000003,0.0,2024-25,20240831|Aston Villa|Leicester City,1,2,3,away
2024-08-31,Everton,Bournemouth,0.5658141433094652,0.8,0.6,2.0,-1.4,0.2,0.2,1.6,0.9,1.6,-0.7,0.5,0.1,7.0,0.4,0.8,1.8,-1.0,0.0,0.4,0.9,1.2,1.6,-0.4,0.2,0.3,6.0,1.8,0.9,0.2,-0.6,0.4,0.7000000000000001,-0.20000000000000007,-0.29999999999999993,0.19999999999999996,0.0,-0.3999999999999999,-0.29999999999999993,0.2,0.3,-0.2,-0.19999999999999998,1.0,2024-25,20240831|Bournemouth|Everton,2,3,5,away
2024-08-31,Arsenal,Brighton and Hove Albion,0.8636365945597256,3.0,2.0,0.2,1.8,1.0,0.0,2.7,2.3,0.5,1.8,0.9,0.0,7.0,1.4,1.4,1.2,0.2,0.4,0.2,1.1,0.9,1.7,-0.8,0.3,0.2,7.0,2.7,0.9,2.2,-0.4,1.6,1.6,0.6000000000000001,1.4,-1.0,-1.2,1.6,2.6,0.6,0.6000000000000001,-0.2,-0.2,0.0,2024-25,20240831|Brighton and Hove Albion|Arsenal,1,1,2,draw
2024-08-31,Ipswich,Fulham,0.5698659344450554,0.0,0.5,3.0,-2.5,0.0,0.0,0.0,0.5,3.0,-2.5,0.0,0.0,7.0,1.4,1.2,1.6,-0.4,0.4,0.2,1.1,1.1,1.6,-0.5,0.3,0.2,7.0,0.0,1.2,-2.0,0.0,-1.4,-1.1,-0.7,-0.6000000000000001,1.4,1.4,-2.1,-2.0,-0.4,-0.3,-0.2,-0.2,0.0,2024-25,20240831|Fulham|Ipswich,1,1,2,draw
2024-08-31,West Ham United,Manchester City,0.16595479836210322,1.2,1.4,2.2,-0.8,0.4,0.0,1.1,1.4,2.2,-0.8,0.3,0.2,7.0,3.0,3.0,0.4,2.6,1.0,0.0,3.0,3.5,0.6,2.9,1.0,0.0,7.0,1.1,2.8,-0.5,2.0,-1.8,-1.9,-1.6,-2.1,1.8000000000000003,1.6,-3.4000000000000004,-3.7,-0.6,-0.7,0.0,0.2,0.0,2024-25,20240831|Manchester City|West Ham United,1,3,4,away
2024-08-31,Brentford,Southampton,0.796169887042708,1.4,1.2,1.6,-0.4,0.4,0.2,1.5,1.6,1.3,0.3,0.4,0.3,6.0,0.2,1.0,2.2,-1.2,0.0,0.2,0.2,1.2,2.4,-1.2,0.0,0.2,7.0,1.3,0.5,-0.3,-1.0,1.2,1.3,0.19999999999999996,0.40000000000000013,-0.6000000000000001,-1.0999999999999999,0.7999999999999999,1.5,0.4,0.4,0.0,0.09999999999999998,-1.0,2024-25,20240831|Southampton|Brentford,3,1,4,home
2024-08-31,Nottingham Forest,Wolverhampton Wanderers,0.6014992227389682,2.0,1.8,1.2,0.6,0.6,0.2,1.4,1.5,1.6,-0.1,0.4,0.2,7.0,0.0,0.8,3.6,-2.8,0.0,0.0,0.4,0.9,2.6,-1.7,0.1,0.1,6.0,0.9,0.9,-0.2,-1.0,2.0,0.9999999999999999,1.0,0.6,-2.4000000000000004,-1.0,3.4,1.5999999999999999,0.6,0.30000000000000004,0.2,0.1,1.0,2024-25,20240831|Wolverhampton Wanderers|Nottingham Forest,1,1,2,draw
2024-09-01,Chelsea,Crystal Palace,0.7223907050174232,2.4,2.6,1.6,1.0,0.8,0.0,2.2,2.8,1.5,1.3,0.7,0.1,7.0,1.8,2.6,1.0,1.6,0.6,0.0,1.9,2.4,1.2,1.2,0.6,0.1,8.0,2.2,0.9,1.3,-0.9,0.5999999999999999,0.30000000000000027,0.0,0.3999999999999999,0.6000000000000001,0.30000000000000004,-0.6000000000000001,0.10000000000000009,0.20000000000000007,0.09999999999999998,0.0,0.0,-1.0,2024-25,20240901|Crystal Palace|Chelsea,1,1,2,draw
2024-09-01,Manchester United,Liverpool,0.3798842500988216,1.8,1.4,1.0,0.4,0.6,0.0,1.5,1.6,1.6,0.0,0.4,0.3,8.0,2.6,2.6,1.0,1.6,0.8,0.2,1.8,2.0,1.3,0.7,0.5,0.3,7.0,1.8,1.8,0.7,0.8,-0.8,-0.30000000000000004,-1.2000000000000002,-0.3999999999999999,0.0,0.30000000000000004,-1.2000000000000002,-0.7,-0.20000000000000007,-0.09999999999999998,-0.2,0.0,1.0,2024-25,20240901|Liverpool|Manchester United,0,3,3,away
2024-09-01,Newcastle United,Tottenham Hotspur,0.6123591963617474,1.6,1.8,1.4,0.4,0.4,0.4,2.0,2.3,1.1,1.2,0.6,0.2,7.0,2.0,2.0,0.8,1.2,0.6,0.2,1.3,1.7,1.8,-0.1,0.4,0.1,8.0,1.9,1.0,1.2,-0.4,-0.3999999999999999,0.7,-0.19999999999999996,0.5999999999999999,0.5999999999999999,-0.7,-0.7999999999999999,1.3,-0.19999999999999996,0.19999999999999996,0.2,0.1,-1.0,2024-25,20240901|Tottenham Hotspur|Newcastle United,2,1,3,home
2024-09-14,Manchester City,Brentford,0.9187904452746989,3.0,2.8,0.6,2.2,1.0,0.0,3.0,3.4,0.5,2.9,1.0,0.0,14.0,1.8,1.8,1.8,0.0,0.6,0.0,1.7,1.9,1.4,0.5,0.5,0.2,14.0,2.6,1.0,2.1,-0.1,1.2,1.3,0.9999999999999998,1.5,-1.2000000000000002,-0.8999999999999999,2.2,2.4,0.4,0.5,0.0,-0.2,0.0,2024-25,20240914|Brentford|Manchester City,2,1,3,home
2024-09-14,Bournemouth,Chelsea,0.43824882109444924,1.0,1.4,1.6,-0.2,0.2,0.4,1.2,1.4,1.6,-0.2,0.3,0.3,14.0,2.0,2.2,1.4,0.8,0.6,0.2,2.0,2.3,1.6,0.7,0.6,0.2,13.0,1.6,1.6,0.4,0.0,-1.0,-0.8,-0.8000000000000003,-0.8999999999999999,0.20000000000000018,0.0,-1.0,-0.8999999999999999,-0.39999999999999997,-0.3,0.2,0.09999999999999998,1.0,2024-25,20240914|Chelsea|Bournemouth,0,1,1,away
2024-09-14,Aston Villa,Everton,0.7836065361867163,1.4,1.4,2.4,-1.0,0.4,0.2,1.5,1.7,1.9,-0.2,0.4,0.3,14.0,0.6,0.8,2.4,-1.6,0.2,0.0,1.3,1.0,1.9,-0.9,0.4,0.1,14.0,1.2,0.4,-0.3,-1.6,0.7999999999999999,0.19999999999999996,0.5999999999999999,0.7,0.0,0.0,0.6000000000000001,0.7,0.2,0.0,0.2,0.19999999999999998,0.0,2024-25,20240914|Everton|Aston Villa,3,2,5,home
2024-09-14,Brighton and Hove Albion,Ipswich,0.6739022681787459,1.4,1.4,1.2,0.2,0.4,0.2,1.2,1.0,1.5,-0.5,0.3,0.3,14.0,0.3333333333333333,0.6666666666666666,2.3333333333333335,-1.6666666666666667,0.0,0.3333333333333333,0.3333333333333333,0.6666666666666666,2.3333333333333335,-1.6666666666666667,0.0,0.3333333333333333,14.0,1.4,0.0,-0.4,-3.0,1.0666666666666667,0.8666666666666667,0.7333333333333333,0.33333333333333337,-1.1333333333333335,-0.8333333333333335,1.8666666666666667,1.1666666666666667,0.4,0.3,-0.1333333333333333,-0.033333333333333326,0.0,2024-25,20240914|Ipswich|Brighton and Hove Albion,0,0,0,draw
2024-09-14,Crystal Palace,Leicester City,0.7211415914767784,1.4,2.0,1.2,0.8,0.4,0.2,2.0,2.3,0.9,1.4,0.6,0.2,13.0,1.0,1.0,1.2,-0.2,0.2,0.4,1.0,1.3,1.8,-0.5,0.2,0.4,14.0,1.9,0.6,1.2,-0.8,0.3999999999999999,1.0,1.0,0.9999999999999998,0.0,-0.9,1.0,1.9,0.2,0.39999999999999997,-0.2,-0.2,-1.0,2024-25,20240914|Leicester City|Crystal Palace,2,2,4,draw
2024-09-14,Southampton,Manchester United,0.24502456454583216,0.2,1.2,2.4,-1.2,0.0,0.2,0.2,1.3,2.5,-1.2,0.0,0.2,14.0,1.8,1.4,1.4,0.0,0.6,0.0,1.4,1.4,1.7,-0.3,0.4,0.2,13.0,0.5,1.4,-1.1,-0.3,-1.6,-1.2,-0.19999999999999996,-0.09999999999999987,1.0,0.8,-1.2,-0.8999999999999999,-0.6,-0.4,0.2,0.0,1.0,2024-25,20240914|Manchester United|Southampton,0,3,3,away
2024-09-14,Liverpool,Nottingham Forest,0.8939070005399665,2.6,2.4,0.6,1.8,0.8,0.2,2.0,2.1,1.1,1.0,0.6,0.2,13.0,1.6,1.4,1.2,0.2,0.4,0.4,1.2,1.3,1.6,-0.3,0.3,0.3,14.0,2.5,1.1,1.6,-0.4,1.0,0.8,1.0,0.8,-0.6,-0.5,1.6,1.3,0.4,0.3,-0.2,-0.09999999999999998,-1.0,2024-25,20240914|Nottingham Forest|Liverpool,0,1,1,away
2024-09-14,Fulham,West Ham United,0.5984321648423024,1.4,1.4,1.8,-0.4,0.4,0.2,1.2,1.1,1.4,-0.3,0.3,0.3,14.0,1.2,1.6,1.8,-0.2,0.4,0.0,1.0,1.4,2.4,-1.0,0.3,0.1,14.0,1.4,1.0,0.1,-1.1,0.19999999999999996,0.19999999999999996,-0.20000000000000018,-0.2999999999999998,0.0,-1.0,-0.2,0.7,0.0,0.0,0.2,0.19999999999999998,0.0,2024-25,20240914|West Ham United|Fulham,1,1,2,draw
2024-09-15,Tottenham Hotspur,Arsenal,0.3077982655318342,1.4,1.8,1.0,0.8,0.4,0.2,1.0,1.5,1.9,-0.4,0.3,0.1,14.0,2.6,1.6,0.4,1.2,0.8,0.2,2.5,2.1,0.6,1.5,0.8,0.1,15.0,2.1,2.8,0.8,2.7,-1.2000000000000002,-1.5,0.19999999999999996,-0.6000000000000001,0.6,1.2999999999999998,-0.3999999999999999,-1.9,-0.4,-0.5,0.0,0.0,-1.0,2024-25,20240915|Arsenal|Tottenham Hotspur,0,1,1,away
2024-09-15,Wolverhampton Wanderers,Newcastle United,0.3533476211246645,0.2,0.8,2.8,-2.0,0.0,0.2,0.5,0.9,2.5,-1.6,0.1,0.2,15.0,2.0,2.0,1.4,0.6,0.6,0.2,2.0,2.4,1.2,1.2,0.6,0.2,14.0,0.9,1.6,-1.0,0.2,-1.8,-1.5,-1.2,-1.5,1.4,1.3,-2.6,-2.8,-0.6,-0.5,0.0,0.0,1.0,2024-25,20240915|Newcastle United|Wolverhampton Wanderers,1,2,3,away
2024-09-21,Liverpool,Bournemouth,0.8471154837530438,2.4,1.8,0.2,1.6,0.8,0.0,2.0,2.1,1.1,1.0,0.6,0.2,7.0,1.0,1.2,1.4,-0.2,0.2,0.4,1.1,1.2,1.5,-0.3,0.3,0.2,7.0,2.2,1.1,1.2,-0.5,1.4,0.8999999999999999,0.6000000000000001,0.9000000000000001,-1.2,-0.3999999999999999,1.8,1.3,0.6000000000000001,0.3,-0.4,0.0,0.0,2024-25,20240921|Bournemouth|Liverpool,3,0,3,home
2024-09-21,Tottenham Hotspur,Brentford,0.6891728023410605,1.4,1.8,0.8,1.0,0.4,0.2,1.0,1.5,1.6,-0.1,0.3,0.1,6.0,1.2,1.6,2.0,-0.4,0.4,0.0,1.6,1.7,1.3,0.4,0.5,0.1,7.0,1.8,0.7,0.6,-0.4,0.19999999999999996,-0.6000000000000001,0.19999999999999996,-0.19999999999999996,-1.2,0.30000000000000004,1.4,-0.5,0.0,-0.2,0.2,0.0,-1.0,2024-25,20240921|Brentford|Tottenham Hotspur,3,1,4,home
2024-09-21,West Ham United,Chelsea,0.4167790457299288,0.8,1.2,1.8,-0.6,0.2,0.2,0.8,1.3,2.4,-1.1,0.2,0.2,7.0,2.0,2.0,1.2,0.8,0.6,0.2,2.3,2.4,1.1,1.3,0.7,0.2,7.0,1.0,1.9,-0.7,0.4,-1.2,-1.4999999999999998,-0.8,-1.0999999999999999,0.6000000000000001,1.2999999999999998,-1.4,-2.4000000000000004,-0.39999999999999997,-0.49999999999999994,0.0,0.0,0.0,2024-25,20240921|Chelsea|West Ham United,0,3,3,away
2024-09-21,Leicester City,Everton,0.5617905017534265,1.0,1.4,1.6,-0.2,0.2,0.4,0.8,1.3,1.9,-0.6,0.1,0.5,7.0,0.0,1.0,3.0,-2.0,0.0,0.0,1.3,1.2,1.6,-0.4,0.4,0.1,7.0,0.8,0.3,-0.7,-1.7,1.0,-0.5,0.3999999999999999,0.10000000000000009,-1.4,0.2999999999999998,1.8,-0.19999999999999996,0.2,-0.30000000000000004,0.4,0.4,0.0,2024-25,20240921|Everton|Leicester City,1,1,2,draw
2024-09-21,Southampton,Ipswich,0.3378399809837097,0.2,1.0,2.4,-1.4,0.0,0.2,0.1,1.0,2.5,-1.5,0.0,0.1,7.0,0.5,0.5,1.75,-1.25,0.0,0.5,0.5,0.5,1.75,-1.25,0.0,0.5,7.0,0.5,0.5,-1.3,-1.5,-0.3,-0.4,0.5,0.5,0.6499999999999999,0.75,-0.1499999999999999,-0.25,0.0,0.0,-0.3,-0.4,0.0,2024-25,20240921|Ipswich|Southampton,1,1,2,draw
2024-09-21,Crystal Palace,Manchester United,0.4994408817002708,1.0,1.8,1.4,0.4,0.2,0.4,1.8,2.4,1.1,1.3,0.5,0.3,7.0,1.8,1.4,1.0,0.4,0.6,0.0,1.6,1.5,1.5,0.0,0.5,0.1,7.0,1.7,1.4,1.1,-0.1,-0.8,0.19999999999999996,0.40000000000000013,0.8999999999999999,0.3999999999999999,-0.3999999999999999,0.0,1.3,-0.39999999999999997,0.0,0.4,0.19999999999999998,0.0,2024-25,20240921|Manchester United|Crystal Palace,0,0,0,draw
2024-09-21,Fulham,Newcastle United,0.4198809533197557,1.6,1.6,1.2,0.4,0.4,0.4,1.3,1.2,1.4,-0.2,0.3,0.4,7.0,2.6,2.0,1.0,1.0,0.8,0.2,2.0,2.2,1.3,0.9,0.6,0.2,6.0,1.4,1.6,0.1,0.1,-1.0,-0.7,-0.3999999999999999,-1.0000000000000002,0.19999999999999996,0.09999999999999987,-0.6,-1.1,-0.4,-0.3,0.2,0.2,1.0,2024-25,20240921|Newcastle United|Fulham,3,1,4,home
2024-09-21,Aston Villa,Wolverhampton Wanderers,0.8097851797035819,1.8,1.4,2.2,-0.8,0.6,0.0,1.7,1.7,1.8,-0.1,0.5,0.2,7.0,0.2,0.8,2.6,-1.8,0.0,0.2,0.4,0.8,2.5,-1.7,0.1,0.1,6.0,1.5,0.9,0.0,-1.0,1.6,1.2999999999999998,0.5999999999999999,0.8999999999999999,-0.3999999999999999,-0.7,1.0,1.5999999999999999,0.6,0.4,-0.2,0.1,1.0,2024-25,20240921|Wolverhampton Wanderers|Aston Villa,3,1,4,home
2024-09-22,Manchester City,Arsenal,0.6790077509765574,3.0,2.8,0.8,2.0,1.0,0.0,3.0,3.1,0.5,2.6,1.0,0.0,8.0,2.6,1.6,0.4,1.2,0.8,0.2,2.8,2.2,0.4,1.8,0.9,0.1,7.0,2.6,2.8,2.0,2.7,0.3999999999999999,0.20000000000000018,1.1999999999999997,0.8999999999999999,0.4,0.09999999999999998,0.8,0.8,0.19999999999999996,0.09999999999999998,-0.2,-0.1,1.0,2024-25,20240922|Arsenal|Manchester City,2,2,4,draw
2024-09-22,Brighton and Hove Albion,Nottingham Forest,0.6880979602918312,1.6,1.2,0.8,0.4,0.4,0.4,1.2,0.9,1.4,-0.5,0.3,0.3,8.0,2.2,1.2,0.6,0.6,0.6,0.4,1.5,1.3,1.3,0.0,0.4,0.3,8.0,1.4,1.4,-0.4,-0.2,-0.6000000000000001,-0.30000000000000004,0.0,-0.4,0.20000000000000007,0.09999999999999987,-0.19999999999999996,-0.5,-0.19999999999999996,-0.10000000000000003,0.0,0.0,0.0,2024-25,20240922|Nottingham Forest|Brighton and Hove Albion,2,2,4,draw
2024-09-28,Chelsea,Brighton and Hove Albion,0.7235132948583515,2.0,2.2,1.0,1.2,0.6,0.2,2.5,2.5,0.9,1.6,0.8,0.1,7.0,1.8,1.6,0.8,0.8,0.4,0.6,1.3,1.1,1.2,-0.1,0.3,0.4,6.0,2.0,1.0,1.2,0.0,0.19999999999999996,1.2,0.6000000000000001,1.4,0.19999999999999996,-0.29999999999999993,0.3999999999999999,1.7000000000000002,0.19999999999999996,0.5,-0.39999999999999997,-0.30000000000000004,1.0,2024-25,20240928|Brighton and Hove Albion|Chelsea,4,2,6,home
2024-09-28,Everton,Crystal Palace,0.4983775287730717,0.2,1.0,2.8,-1.8,0.0,0.2,1.1,1.1,1.7,-0.6,0.3,0.2,7.0,0.6,0.8,1.4,-0.6,0.0,0.6,1.6,1.9,0.9,1.0,0.4,0.4,7.0,1.7,1.0,0.1,-0.4,-0.39999999999999997,-0.5,0.19999999999999996,-0.7999999999999998,1.4,0.7999999999999999,-1.2000000000000002,-1.6,0.0,-0.10000000000000003,-0.39999999999999997,-0.2,0.0,2024-25,20240928|Crystal Palace|Everton,2,1,3,home
2024-09-28,Nottingham Forest,Fulham,0.5281761198971807,1.8,1.2,0.8,0.4,0.4,0.6,1.5,1.3,1.3,0.0,0.4,0.3,6.0,1.6,1.4,1.0,0.4,0.4,0.4,1.3,1.3,1.5,-0.2,0.3,0.4,7.0,1.0,1.3,-0.1,0.1,0.19999999999999996,0.19999999999999996,-0.19999999999999996,0.0,-0.19999999999999996,-0.19999999999999996,0.0,0.2,0.0,0.10000000000000003,0.19999999999999996,-0.10000000000000003,-1.0,2024-25,20240928|Fulham|Nottingham Forest,0,1,1,away
2024-09-28,Arsenal,Leicester City,0.9241933529371549,2.2,1.6,0.6,1.0,0.6,0.4,2.6,2.2,0.6,1.6,0.8,0.2,6.0,0.6,1.2,1.6,-0.4,0.0,0.6,0.8,1.3,1.9,-0.6,0.1,0.5,7.0,2.5,0.4,1.7,-1.0,1.6,1.8,0.40000000000000013,0.9000000000000001,-1.0,-1.2999999999999998,1.4,2.2,0.6,0.7000000000000001,-0.19999999999999996,-0.3,-1.0,2024-25,20240928|Leicester City|Arsenal,4,2,6,home
2024-09-28,Wolverhampton Wanderers,Liverpool,0.20260127222059135,0.2,1.0,2.8,-1.8,0.0,0.2,0.4,0.9,2.6,-1.7,0.1,0.1,7.0,2.4,2.0,0.2,1.8,0.8,0.0,2.0,2.1,1.0,1.1,0.6,0.2,7.0,0.9,1.8,-1.0,0.7,-2.1999999999999997,-1.6,-1.0,-1.2000000000000002,2.5999999999999996,1.6,-3.6,-2.8,-0.8,-0.5,0.2,-0.1,0.0,2024-25,20240928|Liverpool|Wolverhampton Wanderers,1,2,3,away
2024-09-28,Newcastle United,Manchester City,0.2592156885470513,2.0,1.4,1.2,0.2,0.6,0.2,2.0,2.3,1.4,0.9,0.6,0.2,7.0,2.6,2.6,1.0,1.6,0.8,0.2,2.8,2.9,0.7,2.2,0.9,0.1,6.0,2.2,2.8,1.4,2.1,-0.6000000000000001,-0.7999999999999998,-1.2000000000000002,-0.6000000000000001,0.19999999999999996,0.7,-1.4000000000000001,-1.3000000000000003,-0.20000000000000007,-0.30000000000000004,0.0,0.1,1.0,2024-25,20240928|Manchester City|Newcastle United,1,1,2,draw
2024-09-28,Brentford,West Ham United,0.5906886964415228,1.2,1.4,1.8,-0.4,0.4,0.0,1.3,1.6,1.6,0.0,0.4,0.1,7.0,0.8,1.0,1.8,-0.8,0.2,0.2,0.8,1.3,2.5,-1.2,0.2,0.2,7.0,1.3,1.0,-0.2,-1.1,0.3999999999999999,0.5,0.3999999999999999,0.30000000000000004,0.0,-0.8999999999999999,0.4,1.2,0.2,0.2,-0.2,-0.1,0.0,2024-25,20240928|West Ham United|Brentford,1,1,2,draw
2024-09-29,Ipswich,Aston Villa,0.39189197334901266,0.6,0.6,1.6,-1.0,0.0,0.6,0.6,0.6,1.6,-1.0,0.0,0.6,8.0,2.4,2.0,1.4,0.6,0.8,0.0,1.7,1.8,1.9,-0.1,0.5,0.2,8.0,0.5,1.9,-1.0,0.2,-1.7999999999999998,-1.1,-1.4,-1.2000000000000002,0.20000000000000018,-0.2999999999999998,-1.6,-0.9,-0.8,-0.5,0.6,0.39999999999999997,0.0,2024-25,20240929|Aston Villa|Ipswich,2,2,4,draw
2024-09-29,Manchester United,Tottenham Hotspur,0.5983673906577525,1.4,1.0,1.0,0.0,0.4,0.2,1.4,1.1,1.3,-0.2,0.4,0.2,8.0,1.4,1.8,1.0,0.8,0.4,0.2,1.3,1.6,1.4,0.2,0.4,0.1,8.0,1.7,0.9,0.4,-0.5,0.0,0.09999999999999987,-0.8,-0.5,0.0,-0.09999999999999987,-0.8,-0.4,0.0,0.0,0.0,0.1,0.0,2024-25,20240929|Tottenham Hotspur|Manchester United,0,3,3,away
2024-09-30,Bournemouth,Southampton,0.8020628682677475,1.0,1.0,1.6,-0.6,0.2,0.4,1.1,1.1,1.5,-0.4,0.3,0.2,9.0,0.2,0.4,1.8,-1.4,0.0,0.2,0.2,1.1,2.5,-1.4,0.0,0.2,9.0,1.5,0.5,0.3,-0.9,0.8,0.9000000000000001,0.6,0.0,-0.19999999999999996,-1.0,0.7999999999999999,0.9999999999999999,0.2,0.3,0.2,0.0,0.0,2024-25,20240930|Southampton|Bournemouth,3,1,4,home
2024-10-05,Leicester City,Bournemouth,0.4928943557316071,0.4,1.4,2.2,-0.8,0.0,0.4,0.7,1.3,2.1,-0.8,0.1,0.4,7.0,1.4,1.4,1.6,-0.2,0.4,0.2,1.1,1.3,1.6,-0.3,0.3,0.2,5.0,0.9,1.1,-0.6,-0.6,-0.9999999999999999,-0.40000000000000013,0.0,0.0,0.6000000000000001,0.5,-0.6000000000000001,-0.5,-0.4,-0.19999999999999998,0.2,0.2,2.0,2024-25,20241005|Bournemouth|Leicester City,1,0,1,home
2024-10-05,Manchester City,Fulham,0.8986274344295966,2.2,2.4,1.2,1.2,0.6,0.4,2.6,2.8,0.8,2.0,0.8,0.2,7.0,2.2,1.6,0.8,0.8,0.6,0.4,1.6,1.3,1.2,0.1,0.4,0.4,7.0,2.6,1.5,2.0,0.2,0.0,1.0,0.7999999999999998,1.4999999999999998,0.3999999999999999,-0.3999999999999999,0.3999999999999999,1.9,0.0,0.4,0.0,-0.2,0.0,2024-25,20241005|Fulham|Manchester City,3,2,5,home
2024-10-05,West Ham United,Ipswich,0.5969650022235852,1.0,1.0,1.6,-0.6,0.2,0.4,0.9,1.2,2.1,-0.9,0.2,0.3,7.0,0.8,1.0,1.6,-0.6,0.0,0.8,0.6666666666666666,0.8333333333333334,1.6666666666666667,-0.8333333333333334,0.0,0.6666666666666666,6.0,1.0,0.6666666666666666,-0.4,-1.0,0.19999999999999996,0.2333333333333334,0.0,0.3666666666666666,0.0,0.43333333333333335,0.0,-0.06666666666666665,0.2,0.2,-0.4,-0.36666666666666664,1.0,2024-25,20241005|Ipswich|West Ham United,4,1,5,home
2024-10-05,Crystal Palace,Liverpool,0.276385971629048,0.6,0.8,1.4,-0.6,0.0,0.6,1.3,1.8,1.1,0.7,0.3,0.4,7.0,2.4,2.0,0.4,1.6,0.8,0.0,2.3,2.3,0.9,1.4,0.7,0.2,7.0,1.8,2.1,1.3,1.0,-1.7999999999999998,-0.9999999999999998,-1.2,-0.4999999999999998,0.9999999999999999,0.20000000000000007,-2.2,-0.7,-0.8,-0.39999999999999997,0.6,0.2,0.0,2024-25,20241005|Liverpool|Crystal Palace,0,1,1,away
2024-10-05,Everton,Newcastle United,0.3854222290271594,0.8,1.4,2.4,-1.0,0.2,0.2,1.1,1.1,1.8,-0.7,0.3,0.2,7.0,1.6,1.4,1.4,0.0,0.4,0.4,1.8,1.9,1.4,0.5,0.5,0.3,7.0,1.9,1.3,0.2,-0.2,-0.8,-0.7,0.0,-0.7999999999999998,1.0,0.40000000000000013,-1.0,-1.2,-0.2,-0.2,-0.2,-0.09999999999999998,0.0,2024-25,20241005|Newcastle United|Everton,0,0,0,draw
2024-10-05,Arsenal,Southampton,0.961469013641022,2.2,2.0,1.0,1.0,0.6,0.4,2.6,2.1,0.8,1.3,0.8,0.2,7.0,0.2,0.6,2.2,-1.6,0.0,0.2,0.2,1.1,2.5,-1.4,0.0,0.2,5.0,2.5,0.2,1.7,-1.2,2.0,2.4,1.4,1.0,-1.2000000000000002,-1.7,2.6,2.7,0.6,0.8,0.2,0.0,2.0,2024-25,20241005|Southampton|Arsenal,3,1,4,home
2024-10-05,Brentford,Wolverhampton Wanderers,0.6754162577083043,0.8,1.2,1.8,-0.6,0.2,0.2,1.1,1.2,1.6,-0.4,0.3,0.2,7.0,0.2,1.2,2.8,-1.6,0.0,0.2,0.4,1.0,2.7,-1.7,0.1,0.1,7.0,1.4,0.6,0.0,-1.4,0.6000000000000001,0.7000000000000001,0.0,0.19999999999999996,-0.9999999999999998,-1.1,1.0,1.2999999999999998,0.2,0.19999999999999998,0.0,0.1,0.0,2024-25,20241005|Wolverhampton Wanderers|Brentford,5,3,8,home
2024-10-06,Aston Villa,Manchester United,0.6722556855364867,2.0,2.0,1.6,0.4,0.6,0.2,1.5,1.7,2.0,-0.3,0.4,0.3,7.0,0.8,0.8,1.6,-0.8,0.2,0.2,1.3,1.0,1.5,-0.5,0.4,0.1,7.0,1.8,1.2,0.3,-0.2,1.2,0.19999999999999996,1.2,0.7,0.0,0.5,1.2000000000000002,0.2,0.39999999999999997,0.0,0.0,0.19999999999999998,0.0,2024-25,20241006|Manchester United|Aston Villa,0,0,0,draw
2024-10-06,Chelsea,Nottingham Forest,0.8109426618198152,2.6,3.0,1.0,2.0,0.8,0.2,2.5,2.7,1.1,1.6,0.8,0.1,8.0,1.6,1.0,0.8,0.2,0.4,0.4,1.5,1.3,1.2,0.1,0.4,0.3,8.0,2.3,1.4,1.6,-0.2,1.0,1.0,2.0,1.4000000000000001,0.19999999999999996,-0.09999999999999987,1.8,1.5,0.4,0.4,-0.2,-0.19999999999999998,0.0,2024-25,20241006|Nottingham Forest|Chelsea,1,1,2,draw
2024-10-06,Brighton and Hove Albion,Tottenham Hotspur,0.49304134916149667,1.2,1.4,1.6,-0.2,0.2,0.6,1.3,1.3,1.3,0.0,0.3,0.4,8.0,1.8,2.2,0.8,1.4,0.6,0.0,1.6,1.9,1.2,0.7,0.5,0.1,7.0,1.2,1.1,-0.7,-0.2,-0.6000000000000001,-0.30000000000000004,-0.8000000000000003,-0.5999999999999999,0.8,0.10000000000000009,-1.5999999999999999,-0.7,-0.39999999999999997,-0.2,0.6,0.30000000000000004,1.0,2024-25,20241006|Tottenham Hotspur|Brighton and Hove Albion,3,2,5,home
2024-10-19,Bournemouth,Arsenal,0.18833872962418216,1.2,1.2,1.6,-0.4,0.4,0.0,0.8,1.0,1.7,-0.7,0.2,0.2,14.0,2.2,2.2,1.2,1.0,0.6,0.4,2.6,2.1,0.7,1.4,0.8,0.2,14.0,1.8,2.6,0.6,2.1,-1.0000000000000002,-1.8,-1.0000000000000002,-1.1,0.40000000000000013,1.0,-1.4,-2.0999999999999996,-0.19999999999999996,-0.6000000000000001,-0.4,0.0,0.0,2024-25,20241019|Arsenal|Bournemouth,2,0,2,home
2024-10-19,Fulham,Aston Villa,0.46548975949795435,1.6,1.6,1.2,0.4,0.4,0.4,1.5,1.4,1.4,0.0,0.4,0.3,14.0,2.2,2.0,1.2,0.8,0.6,0.4,1.5,1.5,1.8,-0.3,0.4,0.3,13.0,1.4,1.7,0.1,-0.3,-0.6000000000000001,0.0,-0.3999999999999999,-0.10000000000000009,0.0,-0.40000000000000013,-0.4,0.3,-0.19999999999999996,0.0,0.0,0.0,1.0,2024-25,20241019|Aston Villa|Fulham,1,3,4,away
2024-10-19,Manchester United,Brentford,0.6890203154488681,1.0,0.6,1.2,-0.6,0.2,0.4,1.4,1.0,1.1,-0.1,0.4,0.2,13.0,1.4,2.2,2.0,0.2,0.4,0.2,1.4,1.7,1.8,-0.1,0.4,0.2,14.0,1.4,0.7,-0.2,-0.5,-0.3999999999999999,0.0,-1.6,-0.7,-0.8,-0.7,-0.8,0.0,-0.2,0.0,0.2,0.0,-1.0,2024-25,20241019|Brentford|Manchester United,2,1,3,home
2024-10-19,Newcastle United,Brighton and Hove Albion,0.6803639172686388,1.6,1.2,1.2,0.0,0.4,0.4,1.6,1.5,1.3,0.2,0.4,0.4,14.0,1.2,1.6,1.8,-0.2,0.2,0.6,1.3,1.5,1.5,0.0,0.3,0.4,13.0,2.2,1.0,1.4,-0.1,0.40000000000000013,0.30000000000000004,-0.40000000000000013,0.0,-0.6000000000000001,-0.19999999999999996,0.2,0.2,0.2,0.10000000000000003,-0.19999999999999996,0.0,1.0,2024-25,20241019|Brighton and Hove Albion|Newcastle United,0,1,1,away
2024-10-19,Ipswich,Everton,0.601099898169111,0.8,1.0,1.6,-0.6,0.0,0.8,0.5714285714285714,0.8571428571428571,2.0,-1.1428571428571428,0.0,0.5714285714285714,14.0,1.0,1.4,1.6,-0.2,0.2,0.4,0.9,1.0,1.8,-0.8,0.2,0.3,14.0,0.6666666666666666,0.4,-0.6666666666666666,-1.5,-0.19999999999999996,-0.3285714285714286,-0.3999999999999999,-0.1428571428571429,0.0,0.19999999999999996,-0.39999999999999997,-0.34285714285714275,-0.2,-0.2,0.4,0.2714285714285714,0.0,2024-25,20241019|Everton|Ipswich,0,2,2,away
2024-10-19,Southampton,Leicester City,0.4010269136804582,0.2,0.8,2.6,-1.8,0.0,0.2,0.2,0.9,2.4,-1.5,0.0,0.2,14.0,1.0,1.4,1.8,-0.4,0.2,0.4,1.0,1.1,1.6,-0.5,0.2,0.4,14.0,0.3,0.4,-1.4,-0.9,-0.8,-0.8,-0.5999999999999999,-0.20000000000000007,0.8,0.7999999999999998,-1.4,-1.0,-0.2,-0.2,-0.2,-0.2,0.0,2024-25,20241019|Leicester City|Southampton,2,3,5,away
2024-10-19,Tottenham Hotspur,West Ham United,0.6987017908621631,1.2,1.8,1.4,0.4,0.4,0.0,1.6,1.9,1.1,0.8,0.5,0.1,13.0,1.0,1.4,1.8,-0.4,0.2,0.4,1.1,1.4,2.0,-0.6,0.3,0.2,14.0,1.8,1.1,0.7,-0.8,0.19999999999999996,0.5,0.40000000000000013,0.5,-0.40000000000000013,-0.8999999999999999,0.8,1.4,0.2,0.2,-0.4,-0.1,-1.0,2024-25,20241019|West Ham United|Tottenham Hotspur,4,1,5,home
2024-10-20,Liverpool,Chelsea,0.7259584442940333,2.4,1.8,0.4,1.4,0.8,0.0,2.5,2.2,0.7,1.5,0.8,0.1,15.0,2.2,2.0,0.8,1.2,0.6,0.4,2.3,2.3,1.2,1.1,0.7,0.2,14.0,2.2,1.9,1.3,0.5,0.19999999999999973,0.20000000000000018,-0.19999999999999996,-0.09999999999999964,-0.4,-0.5,0.19999999999999996,0.3999999999999999,0.20000000000000007,0.10000000000000009,-0.4,-0.1,1.0,2024-25,20241020|Chelsea|Liverpool,2,1,3,home
2024-10-20,Wolverhampton Wanderers,Manchester City,0.10522188827171096,0.2,1.4,2.6,-1.2,0.0,0.2,0.1,1.1,3.1,-2.0,0.0,0.1,15.0,2.2,2.2,1.4,0.8,0.6,0.4,2.6,2.6,0.9,1.7,0.8,0.2,15.0,0.9,2.6,-0.9,1.9,-2.0,-2.5,-0.8000000000000003,-1.5,1.2000000000000002,2.2,-2.0,-3.7,-0.6,-0.8,-0.2,-0.1,0.0,2024-25,20241020|Manchester City|Wolverhampton Wanderers,1,2,3,away
2024-10-21,Nottingham Forest,Crystal Palace,0.5498907233541102,1.2,1.0,1.0,0.0,0.2,0.6,1.6,1.4,1.1,0.3,0.4,0.4,15.0,0.6,0.8,1.2,-0.4,0.0,0.6,1.2,1.7,1.1,0.6,0.3,0.3,16.0,1.0,1.0,-0.1,-0.2,0.6,0.40000000000000013,0.19999999999999996,-0.30000000000000004,-0.19999999999999996,0.0,0.4,-0.3,0.2,0.10000000000000003,0.0,0.10000000000000003,-1.0,2024-25,20241021|Crystal Palace|Nottingham Forest,1,0,1,home
2024-10-25,Leicester City,Nottingham Forest,0.5505538287394909,1.6,1.8,1.8,0.0,0.4,0.4,1.3,1.4,1.5,-0.1,0.3,0.4,6.0,1.6,1.0,0.8,0.2,0.4,0.4,1.6,1.2,1.0,0.2,0.4,0.4,4.0,1.2,1.5,-0.3,0.0,0.0,-0.30000000000000004,0.8,0.19999999999999996,1.0,0.5,-0.2,-0.30000000000000004,0.0,-0.10000000000000003,0.0,0.0,2.0,2024-25,20241025|Nottingham Forest|Leicester City,1,3,4,away
2024-10-26,Aston Villa,Bournemouth,0.7524007654953008,2.2,2.2,1.2,1.0,0.6,0.4,1.8,1.8,1.8,0.0,0.5,0.3,7.0,1.2,1.0,1.2,-0.2,0.4,0.0,1.1,1.2,1.4,-0.2,0.3,0.2,7.0,1.6,1.0,0.1,-0.7,1.0000000000000002,0.7,1.2000000000000002,0.6000000000000001,0.0,0.40000000000000013,1.2,0.2,0.19999999999999996,0.2,0.4,0.09999999999999998,0.0,2024-25,20241026|Bournemouth|Aston Villa,1,1,2,draw
2024-10-26,Everton,Fulham,0.5493010844451115,1.6,1.4,1.0,0.4,0.4,0.4,1.1,1.1,1.7,-0.6,0.3,0.2,7.0,1.4,1.6,1.6,0.0,0.4,0.2,1.4,1.5,1.7,-0.2,0.4,0.2,7.0,1.9,1.2,0.2,0.0,0.20000000000000018,-0.2999999999999998,-0.20000000000000018,-0.3999999999999999,-0.6000000000000001,0.0,0.4,-0.39999999999999997,0.0,-0.10000000000000003,0.2,0.0,0.0,2024-25,20241026|Fulham|Everton,1,1,2,draw
2024-10-26,Brentford,Ipswich,0.6333483891951757,0.8,1.8,2.2,-0.4,0.2,0.2,1.3,1.8,2.0,-0.2,0.4,0.1,7.0,0.6,0.8,1.8,-1.0,0.0,0.6,0.5,0.75,2.0,-1.25,0.0,0.5,7.0,1.7,0.5,0.5,-1.5,0.20000000000000007,0.8,1.0,1.05,0.40000000000000013,0.0,0.6,1.05,0.2,0.4,-0.39999999999999997,-0.4,0.0,2024-25,20241026|Ipswich|Brentford,4,3,7,home
2024-10-26,Manchester City,Southampton,0.9733239692837021,2.2,2.0,1.4,0.6,0.6,0.4,2.6,2.4,1.0,1.4,0.8,0.2,6.0,0.2,1.0,2.6,-1.6,0.0,0.2,0.2,1.1,2.5,-1.4,0.0,0.2,7.0,2.6,0.2,2.0,-1.3,2.0,2.4,1.0,1.2999999999999998,-1.2000000000000002,-1.5,2.2,2.8,0.6,0.8,0.2,0.0,-1.0,2024-25,20241026|Southampton|Manchester City,1,0,1,home
2024-10-26,Brighton and Hove Albion,Wolverhampton Wanderers,0.7755506742620308,1.6,1.6,1.6,0.0,0.4,0.4,1.5,1.5,1.4,0.1,0.4,0.3,7.0,0.0,1.4,2.8,-1.4,0.0,0.0,0.1,1.1,2.8,-1.7,0.0,0.1,6.0,1.4,0.3,-0.6,-1.7,1.6,1.4,0.20000000000000018,0.3999999999999999,-1.1999999999999997,-1.4,1.4,1.8,0.4,0.4,0.4,0.19999999999999998,1.0,2024-25,20241026|Wolverhampton Wanderers|Brighton and Hove Albion,2,2,4,draw
2024-10-27,Arsenal,Liverpool,0.6256551746044529,2.0,2.0,1.4,0.6,0.6,0.2,2.3,1.8,0.9,0.9,0.7,0.2,8.0,2.4,1.6,0.6,1.0,0.8,0.0,2.5,2.0,0.6,1.4,0.8,0.1,7.0,2.5,2.1,1.6,0.8,-0.3999999999999999,-0.20000000000000018,0.3999999999999999,-0.19999999999999996,0.7999999999999999,0.30000000000000004,-0.4,-0.4999999999999999,-0.20000000000000007,-0.10000000000000009,0.2,0.1,1.0,2024-25,20241027|Liverpool|Arsenal,2,2,4,draw
2024-10-27,West Ham United,Manchester United,0.4751712681575916,1.0,1.4,2.0,-0.6,0.2,0.4,1.1,1.5,1.9,-0.4,0.3,0.2,8.0,1.6,1.0,0.8,0.2,0.4,0.4,1.7,1.2,1.1,0.1,0.5,0.2,8.0,1.0,1.0,-0.3,-0.3,-0.6000000000000001,-0.5999999999999999,0.3999999999999999,0.30000000000000004,1.2,0.7999999999999998,-0.8,-0.5,-0.2,-0.2,0.0,0.0,0.0,2024-25,20241027|Manchester United|West Ham United,2,1,3,home
2024-10-27,Chelsea,Newcastle United,0.6495092044052129,2.0,2.0,1.0,1.0,0.6,0.2,2.0,2.1,1.2,0.9,0.6,0.2,7.0,1.0,0.8,1.2,-0.4,0.2,0.4,1.5,1.4,1.3,0.1,0.4,0.3,8.0,2.1,1.4,1.5,0.1,1.0,0.5,1.2,0.7000000000000002,-0.19999999999999996,-0.10000000000000009,1.4,0.8,0.39999999999999997,0.19999999999999996,-0.2,-0.09999999999999998,-1.0,2024-25,20241027|Newcastle United|Chelsea,2,1,3,home
2024-10-27,Crystal Palace,Tottenham Hotspur,0.4358034027427838,0.4,0.6,1.2,-0.6,0.0,0.4,0.9,1.3,1.2,0.1,0.2,0.3,6.0,1.8,2.4,1.2,1.2,0.6,0.0,1.6,2.1,1.1,1.0,0.5,0.1,8.0,1.5,0.8,0.9,-0.7,-1.4,-0.7000000000000001,-1.7999999999999998,-0.8,0.0,0.09999999999999987,-1.7999999999999998,-0.9,-0.6,-0.3,0.4,0.19999999999999998,-2.0,2024-25,20241027|Tottenham Hotspur|Crystal Palace,1,0,1,home
2024-11-02,Newcastle United,Arsenal,0.32525681976275894,0.4,0.6,1.4,-0.8,0.0,0.4,1.5,1.3,1.2,0.1,0.4,0.3,6.0,1.6,2.2,1.8,0.4,0.4,0.4,2.1,1.9,1.1,0.8,0.6,0.3,6.0,2.1,2.3,1.3,1.4,-1.2000000000000002,-0.6000000000000001,-1.6,-0.5999999999999999,-0.40000000000000013,0.09999999999999987,-1.2000000000000002,-0.7000000000000001,-0.4,-0.19999999999999996,0.0,0.0,0.0,2024-25,20241102|Arsenal|Newcastle United,1,0,1,home
2024-11-02,Liverpool,Brighton and Hove Albion,0.8216966888477345,2.6,2.0,0.8,1.2,0.8,0.2,2.5,1.9,0.5,1.4,0.8,0.1,6.0,1.6,2.0,2.0,0.0,0.4,0.4,1.6,1.6,1.4,0.2,0.4,0.4,7.0,2.2,1.0,1.1,-0.5,1.0,0.8999999999999999,0.0,0.2999999999999998,-1.2,-0.8999999999999999,1.2,1.2,0.4,0.4,-0.2,-0.30000000000000004,-1.0,2024-25,20241102|Brighton and Hove Albion|Liverpool,2,1,3,home
2024-11-02,Wolverhampton Wanderers,Crystal Palace,0.4738019267439212,0.2,1.6,2.8,-1.2,0.0,0.2,0.2,1.2,2.7,-1.5,0.0,0.2,7.0,0.8,0.4,0.8,-0.4,0.2,0.2,0.9,1.1,1.1,0.0,0.2,0.3,6.0,0.6,0.9,-1.1,-0.3,-0.6000000000000001,-0.7,1.2000000000000002,0.09999999999999987,1.9999999999999998,1.6,-0.7999999999999999,-1.5,-0.2,-0.2,0.0,-0.09999999999999998,1.0,2024-25,20241102|Crystal Palace|Wolverhampton Wanderers,2,2,4,draw
2024-11-02,Southampton,Everton,0.32424919752372827,0.2,1.0,2.2,-1.2,0.0,0.2,0.2,1.0,2.3,-1.3,0.0,0.2,7.0,1.8,1.2,0.6,0.6,0.4,0.6,0.9,1.1,1.8,-0.7,0.2,0.3,7.0,0.3,0.6,-1.3,-1.3,-1.6,-0.7,-0.19999999999999996,-0.10000000000000009,1.6,0.4999999999999998,-1.7999999999999998,-0.6000000000000001,-0.4,-0.2,-0.39999999999999997,-0.09999999999999998,0.0,2024-25,20241102|Everton|Southampton,1,0,1,home
2024-11-02,Ipswich,Leicester City,0.6114436066584006,0.4,1.4,2.6,-1.2,0.0,0.4,0.4444444444444444,1.0,2.2222222222222223,-1.2222222222222223,0.0,0.4444444444444444,7.0,1.4,1.6,2.0,-0.4,0.4,0.2,1.2,1.5,1.8,-0.3,0.3,0.3,8.0,0.5,0.7,-1.0,-0.7,-0.9999999999999999,-0.7555555555555555,-0.20000000000000018,-0.5,0.6000000000000001,0.4222222222222223,-0.7999999999999999,-0.9222222222222223,-0.4,-0.3,0.2,0.14444444444444443,-1.0,2024-25,20241102|Leicester City|Ipswich,1,1,2,draw
2024-11-02,Bournemouth,Manchester City,0.16857665055829243,1.4,1.2,1.2,0.0,0.4,0.2,1.2,1.2,1.3,-0.1,0.3,0.3,7.0,2.2,1.8,1.2,0.6,0.6,0.4,2.6,2.3,1.0,1.3,0.8,0.2,7.0,2.0,2.6,0.8,1.9,-0.8000000000000003,-1.4000000000000001,-0.6000000000000001,-1.0999999999999999,0.0,0.30000000000000004,-0.6,-1.4000000000000001,-0.19999999999999996,-0.5,-0.2,0.09999999999999998,0.0,2024-25,20241102|Manchester City|Bournemouth,2,1,3,home
2024-11-02,Nottingham Forest,West Ham United,0.5745465426977963,1.6,1.4,1.0,0.4,0.4,0.4,1.9,1.3,0.8,0.5,0.5,0.4,8.0,1.4,1.6,2.0,-0.4,0.4,0.2,1.1,1.4,1.9,-0.5,0.3,0.2,6.0,1.0,1.1,-0.2,-0.9,0.20000000000000018,0.7999999999999998,-0.20000000000000018,-0.09999999999999987,-1.0,-1.0999999999999999,0.8,1.0,0.0,0.2,0.2,0.2,2.0,2024-25,20241102|West Ham United|Nottingham Forest,3,0,3,home
2024-11-03,Tottenham Hotspur,Aston Villa,0.5250004859196657,1.8,2.4,1.2,1.2,0.6,0.0,1.6,2.1,1.0,1.1,0.5,0.1,7.0,1.8,1.8,1.0,0.8,0.4,0.6,1.8,1.6,1.6,0.0,0.5,0.3,8.0,2.1,1.7,1.1,-0.2,0.0,-0.19999999999999996,0.5999999999999999,0.5,0.19999999999999996,-0.6000000000000001,0.3999999999999999,1.1,0.19999999999999996,0.0,-0.6,-0.19999999999999998,-1.0,2024-25,20241103|Aston Villa|Tottenham Hotspur,4,1,5,home
2024-11-03,Manchester United,Chelsea,0.4787972560499349,1.0,0.6,1.2,-0.6,0.2,0.4,1.4,1.0,1.1,-0.1,0.4,0.2,7.0,2.0,2.2,1.2,1.0,0.6,0.2,2.0,2.1,1.2,0.9,0.6,0.2,7.0,1.7,1.8,0.0,0.4,-1.0,-0.6000000000000001,-1.6,-1.1,0.0,-0.09999999999999987,-1.6,-1.0,-0.39999999999999997,-0.19999999999999996,0.2,0.0,0.0,2024-25,20241103|Chelsea|Manchester United,1,1,2,draw
2024-11-04,Fulham,Brentford,0.6220371555826154,1.4,1.6,1.6,0.0,0.4,0.2,1.5,1.6,1.4,0.2,0.4,0.3,9.0,1.4,2.4,2.4,0.0,0.4,0.2,1.3,2.0,2.2,-0.2,0.4,0.1,9.0,1.4,0.7,0.0,-0.4,0.0,0.19999999999999996,-0.7999999999999998,-0.3999999999999999,-0.7999999999999998,-0.8000000000000003,0.0,0.4,0.0,0.0,0.0,0.19999999999999998,0.0,2024-25,20241104|Brentford|Fulham,2,1,3,home
2024-11-09,Liverpool,Aston Villa,0.7726638736088798,2.6,1.8,1.0,0.8,0.8,0.2,2.5,1.9,0.6,1.3,0.8,0.1,7.0,1.2,1.4,1.6,-0.2,0.2,0.6,1.8,1.7,1.5,0.2,0.5,0.3,6.0,2.4,1.4,1.2,-0.6,1.4000000000000001,0.7,0.40000000000000013,0.19999999999999996,-0.6000000000000001,-0.9,1.0,1.1,0.6000000000000001,0.30000000000000004,-0.39999999999999997,-0.19999999999999998,1.0,2024-25,20241109|Aston Villa|Liverpool,2,0,2,home
2024-11-09,Brentford,Bournemouth,0.5250571395769309,1.4,2.4,2.2,0.2,0.4,0.2,1.3,1.9,2.0,-0.1,0.4,0.1,5.0,2.0,1.6,0.8,0.8,0.6,0.2,1.5,1.3,1.2,0.1,0.4,0.3,7.0,1.9,0.8,0.6,-0.9,-0.6000000000000001,-0.19999999999999996,0.7999999999999998,0.5999999999999999,1.4000000000000001,0.8,-0.6000000000000001,-0.2,-0.19999999999999996,0.0,0.0,-0.19999999999999998,-2.0,2024-25,20241109|Bournemouth|Brentford,3,2,5,home
2024-11-09,West Ham United,Everton,0.6302347069407879,1.4,1.6,2.0,-0.4,0.4,0.2,1.1,1.3,1.9,-0.6,0.3,0.2,7.0,1.6,1.0,0.6,0.4,0.4,0.4,0.9,1.0,1.7,-0.7,0.2,0.3,7.0,1.2,0.6,-0.2,-1.2,-0.20000000000000018,0.20000000000000007,0.6000000000000001,0.30000000000000004,1.4,0.19999999999999996,-0.8,0.09999999999999998,0.0,0.09999999999999998,-0.2,-0.09999999999999998,0.0,2024-25,20241109|Everton|West Ham United,0,0,0,draw
2024-11-09,Crystal Palace,Fulham,0.5524163973803958,0.8,0.8,1.2,-0.4,0.2,0.2,0.7,0.8,1.3,-0.5,0.1,0.4,7.0,1.4,1.4,1.6,-0.2,0.4,0.2,1.5,1.4,1.3,0.1,0.4,0.3,5.0,1.7,1.3,1.0,0.1,-0.5999999999999999,-0.8,-0.5999999999999999,-0.5999999999999999,-0.40000000000000013,0.0,-0.2,-0.6,-0.2,-0.30000000000000004,0.0,0.10000000000000003,2.0,2024-25,20241109|Fulham|Crystal Palace,0,2,2,away
2024-11-09,Brighton and Hove Albion,Manchester City,0.2229684609054867,1.4,1.8,2.0,-0.2,0.4,0.2,1.6,1.7,1.4,0.3,0.4,0.4,7.0,2.0,1.6,1.2,0.4,0.6,0.2,2.3,2.1,1.1,1.0,0.7,0.2,7.0,1.2,2.5,-0.7,1.8,-0.6000000000000001,-0.6999999999999997,0.19999999999999996,-0.40000000000000013,0.8,0.2999999999999998,-0.6000000000000001,-0.7,-0.19999999999999996,-0.29999999999999993,0.0,0.2,0.0,2024-25,20241109|Manchester City|Brighton and Hove Albion,2,1,3,home
2024-11-09,Wolverhampton Wanderers,Southampton,0.7292792114727725,0.4,1.8,2.6,-0.8,0.0,0.4,0.3,1.4,2.7,-1.3,0.0,0.3,7.0,0.6,1.0,2.0,-1.0,0.2,0.0,0.4,0.7,1.9,-1.2,0.1,0.1,7.0,0.4,0.1,-1.2,-1.4,-0.19999999999999996,-0.10000000000000003,0.8,0.7,0.6000000000000001,0.8000000000000003,0.19999999999999996,-0.10000000000000009,-0.2,-0.1,0.4,0.19999999999999998,0.0,2024-25,20241109|Southampton|Wolverhampton Wanderers,2,0,2,home
2024-11-10,Chelsea,Arsenal,0.4311740081865164,1.6,1.8,1.4,0.4,0.4,0.4,1.8,2.0,1.2,0.8,0.5,0.3,7.0,1.4,1.8,1.6,0.2,0.4,0.2,1.8,1.7,1.1,0.6,0.5,0.3,8.0,2.3,2.0,1.6,0.7,0.20000000000000018,0.0,0.0,0.30000000000000004,-0.20000000000000018,0.09999999999999987,0.2,0.20000000000000007,0.0,0.0,0.2,0.0,-1.0,2024-25,20241110|Arsenal|Chelsea,1,1,2,draw
2024-11-10,Tottenham Hotspur,Ipswich,0.7764169167772859,1.8,2.6,1.2,1.4,0.6,0.0,1.6,2.2,1.1,1.1,0.5,0.1,7.0,0.4,1.4,2.6,-1.2,0.0,0.4,0.5,1.0,2.1,-1.1,0.0,0.5,8.0,2.1,0.4,1.2,-1.4,1.4,1.1,1.2000000000000002,1.2000000000000002,-1.4000000000000001,-1.0,2.5999999999999996,2.2,0.6,0.5,-0.4,-0.4,-1.0,2024-25,20241110|Ipswich|Tottenham Hotspur,1,2,3,away
2024-11-10,Manchester United,Leicester City,0.7514744371420621,1.0,0.8,1.4,-0.6,0.2,0.4,1.2,0.9,1.2,-0.3,0.3,0.3,7.0,1.4,1.6,2.0,-0.4,0.4,0.2,1.0,1.4,1.8,-0.4,0.2,0.4,8.0,1.5,0.7,-0.2,-0.7,-0.3999999999999999,0.19999999999999996,-0.8,-0.4999999999999999,-0.6000000000000001,-0.6000000000000001,-0.19999999999999996,0.10000000000000003,-0.2,0.09999999999999998,0.2,-0.10000000000000003,-1.0,2024-25,20241110|Leicester City|Manchester United,3,0,3,home
2024-11-10,Nottingham Forest,Newcastle United,0.46429974128292084,2.0,1.6,0.6,1.0,0.6,0.2,1.9,1.4,0.7,0.7,0.5,0.4,8.0,1.0,0.6,0.8,-0.2,0.2,0.4,1.5,1.0,1.0,0.0,0.4,0.3,8.0,1.3,1.4,0.2,0.1,1.0,0.3999999999999999,1.0,0.3999999999999999,-0.20000000000000007,-0.30000000000000004,1.2,0.7,0.39999999999999997,0.09999999999999998,-0.2,0.10000000000000003,0.0,2024-25,20241110|Newcastle United|Nottingham Forest,1,3,4,away
2024-11-23,Everton,Brentford,0.551487773846574,1.2,0.6,0.4,0.2,0.2,0.6,1.0,1.0,1.4,-0.4,0.2,0.4,14.0,1.8,2.8,2.4,0.4,0.6,0.0,1.3,2.0,2.1,-0.1,0.4,0.1,14.0,2.0,0.7,0.4,-0.4,-0.6000000000000001,-0.30000000000000004,-2.1999999999999997,-1.0,-2.0,-0.7000000000000002,-0.2,-0.30000000000000004,-0.39999999999999997,-0.2,0.6,0.30000000000000004,0.0,2024-25,20241123|Brentford|Everton,0,0,0,draw
2024-11-23,Bournemouth,Brighton and Hove Albion,0.5225965774549296,1.4,1.4,1.2,0.2,0.4,0.2,1.4,1.4,1.4,0.0,0.4,0.2,14.0,2.0,1.8,1.4,0.4,0.6,0.2,1.6,1.6,1.5,0.1,0.4,0.4,14.0,2.0,1.0,0.8,-0.3,-0.6000000000000001,-0.20000000000000018,-0.40000000000000013,-0.20000000000000018,-0.19999999999999996,-0.10000000000000009,-0.2,-0.1,-0.19999999999999996,0.0,0.0,-0.2,0.0,2024-25,20241123|Brighton and Hove Albion|Bournemouth,1,2,3,away
2024-11-23,Leicester City,Chelsea,0.2957687041459882,1.4,1.2,1.8,-0.6,0.4,0.2,0.9,1.3,2.0,-0.7,0.2,0.3,13.0,1.2,1.2,1.2,0.0,0.2,0.6,1.9,2.1,1.1,1.0,0.5,0.4,13.0,1.2,1.8,-0.4,0.4,0.19999999999999996,-0.9999999999999999,0.0,-0.8,0.6000000000000001,0.8999999999999999,-0.6,-1.7,0.2,-0.3,-0.39999999999999997,-0.10000000000000003,0.0,2024-25,20241123|Chelsea|Leicester City,1,2,3,away
2024-11-23,Aston Villa,Crystal Palace,0.7457547494722669,1.0,1.0,1.6,-0.6,0.2,0.4,1.5,1.5,1.6,-0.1,0.4,0.3,14.0,0.8,0.6,1.2,-0.6,0.2,0.2,0.7,0.7,1.3,-0.6,0.1,0.4,14.0,1.7,1.0,0.5,-0.1,0.19999999999999996,0.8,0.4,0.8,0.40000000000000013,0.30000000000000004,0.0,0.5,0.0,0.30000000000000004,0.2,-0.10000000000000003,0.0,2024-25,20241123|Crystal Palace|Aston Villa,2,2,4,draw
2024-11-23,Arsenal,Nottingham Forest,0.8648875737645055,1.0,1.2,1.4,-0.2,0.2,0.4,1.6,1.6,1.2,0.4,0.4,0.4,13.0,2.0,1.8,1.0,0.8,0.6,0.2,1.8,1.4,0.9,0.5,0.5,0.3,13.0,2.3,1.8,1.5,0.3,-1.0,-0.19999999999999996,-0.6000000000000001,0.20000000000000018,0.3999999999999999,0.29999999999999993,-1.0,-0.09999999999999998,-0.39999999999999997,-0.09999999999999998,0.2,0.10000000000000003,0.0,2024-25,20241123|Nottingham Forest|Arsenal,3,0,3,home
2024-11-23,Manchester City,Tottenham Hotspur,0.8497490629146821,1.8,1.6,1.4,0.2,0.6,0.0,2.0,2.0,1.3,0.7,0.6,0.2,14.0,1.2,2.2,1.6,0.6,0.4,0.0,1.5,2.2,1.2,1.0,0.5,0.0,13.0,2.6,0.8,1.9,-0.5,0.6000000000000001,0.5,-0.6000000000000001,-0.20000000000000018,-0.20000000000000018,0.10000000000000009,-0.39999999999999997,-0.30000000000000004,0.19999999999999996,0.09999999999999998,0.0,0.2,1.0,2024-25,20241123|Tottenham Hotspur|Manchester City,0,4,4,away
2024-11-23,Fulham,Wolverhampton Wanderers,0.7423041314836234,1.4,1.6,1.6,0.0,0.4,0.2,1.8,1.6,1.2,0.4,0.5,0.3,14.0,1.0,2.0,2.2,-0.2,0.2,0.4,0.6,1.6,2.5,-0.9,0.1,0.3,14.0,1.4,0.4,-0.2,-1.4,0.3999999999999999,1.2000000000000002,-0.3999999999999999,0.0,-0.6000000000000001,-1.3,0.2,1.3,0.2,0.4,-0.2,0.0,0.0,2024-25,20241123|Wolverhampton Wanderers|Fulham,1,4,5,away
2024-11-24,Southampton,Liverpool,0.09151687502812103,0.6,0.8,1.8,-1.0,0.2,0.0,0.4,0.7,2.0,-1.3,0.1,0.1,15.0,2.6,1.8,0.8,1.0,0.8,0.2,2.5,1.9,0.6,1.3,0.8,0.1,15.0,0.5,1.9,-1.2,0.7,-2.0,-2.1,-1.0,-1.2,1.0,1.4,-2.0,-2.6,-0.6000000000000001,-0.7000000000000001,-0.2,0.0,0.0,2024-25,20241124|Liverpool|Southampton,2,3,5,away
2024-11-24,Ipswich,Manchester United,0.441201359628872,0.8,1.4,2.4,-1.0,0.2,0.2,0.8,1.2,2.0,-0.8,0.1,0.5,14.0,1.6,1.4,0.8,0.6,0.4,0.4,1.2,1.1,1.2,-0.1,0.3,0.3,14.0,0.6,1.0,-0.8,-0.2,-0.8,-0.3999999999999999,0.0,0.09999999999999987,1.5999999999999999,0.8,-1.6,-0.7000000000000001,-0.2,-0.19999999999999998,-0.2,0.2,0.0,2024-25,20241124|Manchester United|Ipswich,1,1,2,draw
2024-11-25,Newcastle United,West Ham United,0.7455562205984424,1.4,1.0,0.8,0.2,0.4,0.2,1.5,1.2,1.1,0.1,0.4,0.3,15.0,1.4,1.4,1.8,-0.4,0.4,0.2,1.2,1.2,1.7,-0.5,0.3,0.3,16.0,2.1,0.8,1.1,-1.4,0.0,0.30000000000000004,-0.3999999999999999,0.0,-1.0,-0.5999999999999999,0.6000000000000001,0.6,0.0,0.10000000000000003,0.0,0.0,-1.0,2024-25,20241125|West Ham United|Newcastle United,0,2,2,away
2024-11-29,Brighton and Hove Albion,Southampton,0.8819482622681255,2.0,1.6,1.2,0.4,0.6,0.2,1.6,1.6,1.5,0.1,0.4,0.4,6.0,0.6,1.0,1.8,-0.8,0.2,0.0,0.4,0.9,2.2,-1.3,0.1,0.1,5.0,1.5,0.1,-0.3,-1.5,1.4,1.2000000000000002,0.6000000000000001,0.7000000000000001,-0.6000000000000001,-0.7000000000000002,1.2000000000000002,1.4000000000000001,0.39999999999999997,0.30000000000000004,0.2,0.30000000000000004,1.0,2024-25,20241129|Southampton|Brighton and Hove Albion,1,1,2,draw
2024-11-30,West Ham United,Arsenal,0.2630063551404882,1.4,1.0,1.6,-0.6,0.4,0.2,1.2,1.2,1.7,-0.5,0.3,0.3,5.0,1.0,1.2,1.2,0.0,0.2,0.4,1.6,1.7,1.2,0.5,0.4,0.4,7.0,1.2,2.0,-0.2,0.7,0.3999999999999999,-0.40000000000000013,-0.19999999999999996,-0.5,0.40000000000000013,0.5,-0.6,-1.0,0.2,-0.10000000000000003,-0.2,-0.10000000000000003,-2.0,2024-25,20241130|Arsenal|West Ham United,2,5,7,away
2024-11-30,Wolverhampton Wanderers,Bournemouth,0.51148940481601,1.6,2.2,1.4,0.8,0.4,0.4,0.9,1.8,2.0,-0.2,0.2,0.3,7.0,1.4,1.6,1.4,0.2,0.4,0.2,1.3,1.4,1.5,-0.1,0.4,0.1,7.0,0.7,0.8,-0.9,-0.9,0.20000000000000018,-0.4,0.6000000000000001,0.40000000000000013,0.0,0.5,0.6000000000000001,-0.1,0.0,-0.2,0.2,0.19999999999999998,0.0,2024-25,20241130|Bournemouth|Wolverhampton Wanderers,2,4,6,away
2024-11-30,Nottingham Forest,Ipswich,0.6264455246397705,1.8,1.6,1.4,0.2,0.6,0.0,1.5,1.3,1.2,0.1,0.4,0.3,7.0,1.0,1.4,1.8,-0.4,0.2,0.4,0.9,1.2,1.7,-0.5,0.1,0.6,6.0,1.2,0.8333333333333334,0.0,-1.0,0.8,0.6,0.20000000000000018,0.10000000000000009,-0.40000000000000013,-0.5,0.6000000000000001,0.6,0.39999999999999997,0.30000000000000004,-0.4,-0.3,1.0,2024-25,20241130|Ipswich|Nottingham Forest,1,0,1,home
2024-11-30,Brentford,Leicester City,0.6981436367041488,1.4,1.8,1.8,0.0,0.4,0.2,1.4,2.0,1.9,0.1,0.4,0.2,7.0,0.8,1.2,2.2,-1.0,0.2,0.2,0.9,1.3,2.0,-0.7,0.2,0.3,7.0,2.1,0.7,0.7,-0.9,0.5999999999999999,0.4999999999999999,0.6000000000000001,0.7,-0.40000000000000013,-0.10000000000000009,1.0,0.7999999999999999,0.2,0.2,0.0,-0.09999999999999998,0.0,2024-25,20241130|Leicester City|Brentford,4,1,5,home
2024-11-30,Crystal Palace,Newcastle United,0.4473278608876623,1.0,1.0,1.4,-0.4,0.2,0.4,0.8,0.9,1.3,-0.4,0.1,0.5,7.0,1.2,1.0,1.2,-0.2,0.4,0.0,1.4,1.1,1.2,-0.1,0.4,0.2,5.0,1.7,1.4,1.0,0.2,-0.19999999999999996,-0.5999999999999999,0.0,-0.20000000000000007,0.19999999999999996,0.10000000000000009,-0.2,-0.30000000000000004,-0.2,-0.30000000000000004,0.4,0.3,2.0,2024-25,20241130|Newcastle United|Crystal Palace,1,1,2,draw
2024-12-01,Chelsea,Aston Villa,0.6621948137934347,1.6,1.4,1.2,0.2,0.4,0.4,1.9,1.7,1.0,0.7,0.5,0.4,8.0,1.0,1.4,2.0,-0.6,0.2,0.4,1.6,1.7,1.6,0.1,0.4,0.4,8.0,2.1,1.3,1.5,-0.8,0.6000000000000001,0.2999999999999998,0.0,0.0,-0.8,-0.6000000000000001,0.8,0.6,0.2,0.09999999999999998,0.0,0.0,0.0,2024-25,20241201|Aston Villa|Chelsea,3,0,3,home
2024-12-01,Manchester United,Everton,0.7221064409038638,1.6,1.6,1.0,0.6,0.4,0.4,1.3,1.1,1.1,0.0,0.3,0.4,7.0,1.2,0.6,0.4,0.2,0.2,0.6,1.1,1.0,1.0,0.0,0.2,0.5,8.0,1.7,0.7,0.1,-1.1,0.40000000000000013,0.19999999999999996,1.0,0.10000000000000009,0.6,0.10000000000000009,0.39999999999999997,0.0,0.2,0.09999999999999998,-0.19999999999999996,-0.09999999999999998,-1.0,2024-25,20241201|Everton|Manchester United,4,0,4,home
2024-12-01,Tottenham Hotspur,Fulham,0.7025632484573714,1.8,2.6,1.0,1.6,0.6,0.0,1.5,2.2,1.2,1.0,0.5,0.0,8.0,1.4,1.4,1.8,-0.4,0.4,0.2,1.5,1.5,1.5,0.0,0.4,0.3,8.0,1.8,1.5,1.0,0.3,0.40000000000000013,0.0,1.2000000000000002,0.7000000000000002,-0.8,-0.30000000000000004,2.0,1.0,0.19999999999999996,0.09999999999999998,-0.2,-0.3,0.0,2024-25,20241201|Fulham|Tottenham Hotspur,1,1,2,draw
2024-12-01,Liverpool,Manchester City,0.5762824047543191,2.6,2.2,1.2,1.0,0.8,0.2,2.5,2.0,0.8,1.2,0.8,0.1,7.0,1.2,1.0,1.8,-0.8,0.4,0.0,1.7,1.6,1.6,0.0,0.5,0.2,8.0,2.4,2.2,1.3,1.5,1.4000000000000001,0.8,1.2000000000000002,0.3999999999999999,-0.6000000000000001,-0.8,1.8,1.2,0.4,0.30000000000000004,0.2,-0.1,-1.0,2024-25,20241201|Manchester City|Liverpool,2,0,2,home
2024-12-03,Ipswich,Crystal Palace,0.5443701076403795,1.0,1.4,1.6,-0.2,0.2,0.4,0.8,1.1,1.7,-0.6,0.1,0.5,3.0,1.2,1.2,1.4,-0.2,0.2,0.6,0.8,0.9,1.3,-0.4,0.1,0.5,3.0,0.6666666666666666,1.0,-0.6666666666666666,-0.1,-0.19999999999999996,0.0,0.19999999999999996,0.20000000000000007,0.20000000000000018,0.3999999999999999,0.0,-0.19999999999999996,0.0,0.0,-0.19999999999999996,0.0,0.0,2024-25,20241203|Crystal Palace|Ipswich,0,1,1,away
2024-12-03,Leicester City,West Ham United,0.456702490376453,0.2,0.8,2.6,-1.8,0.0,0.2,0.9,1.3,2.2,-0.9,0.2,0.3,3.0,1.4,1.2,1.8,-0.6,0.4,0.2,1.2,1.3,1.9,-0.6,0.3,0.3,3.0,1.2,1.1,-0.4,-1.1,-1.2,-0.29999999999999993,-0.3999999999999999,0.0,0.8,0.30000000000000027,-1.2000000000000002,-0.30000000000000004,-0.4,-0.09999999999999998,0.0,0.0,0.0,2024-25,20241203|West Ham United|Leicester City,3,1,4,home
2024-12-04,Aston Villa,Brentford,0.6950825581081037,0.4,0.8,2.4,-1.6,0.0,0.4,1.3,1.5,1.8,-0.3,0.3,0.4,3.0,2.0,2.4,1.6,0.8,0.6,0.2,1.4,2.1,1.9,0.2,0.4,0.2,4.0,1.5,0.8,0.3,-0.3,-1.6,-0.09999999999999987,-1.5999999999999999,-0.6000000000000001,0.7999999999999998,-0.09999999999999987,-2.4000000000000004,-0.5,-0.6,-0.10000000000000003,0.2,0.2,-1.0,2024-25,20241204|Brentford|Aston Villa,3,1,4,home
2024-12-04,Southampton,Chelsea,0.1600375323532948,0.8,0.8,1.4,-0.6,0.2,0.2,0.5,0.9,2.0,-1.1,0.1,0.2,5.0,2.2,1.8,0.8,1.0,0.6,0.4,2.1,1.9,0.9,1.0,0.6,0.3,3.0,0.5,2.0,-1.0,0.5,-1.4000000000000001,-1.6,-1.0,-0.9999999999999999,0.5999999999999999,1.1,-1.6,-2.1,-0.39999999999999997,-0.5,-0.2,-0.09999999999999998,2.0,2024-25,20241204|Chelsea|Southampton,1,5,6,away
2024-12-04,Newcastle United,Liverpool,0.3253433411236509,1.4,1.2,1.2,0.0,0.4,0.2,1.2,1.0,1.2,-0.2,0.3,0.3,4.0,2.6,2.2,1.0,1.2,0.8,0.2,2.5,1.9,0.8,1.1,0.8,0.1,3.0,1.8,2.1,0.8,0.8,-1.2000000000000002,-1.3,-1.0000000000000002,-0.8999999999999999,0.19999999999999996,0.3999999999999999,-1.2,-1.3,-0.4,-0.5,0.0,0.19999999999999998,1.0,2024-25,20241204|Liverpool|Newcastle United,3,3,6,draw
2024-12-04,Arsenal,Manchester United,0.8097640102664811,1.6,2.2,1.2,1.0,0.4,0.4,1.8,2.1,1.3,0.8,0.5,0.3,4.0,1.6,2.0,0.8,1.2,0.4,0.4,1.6,1.5,0.8,0.7,0.4,0.4,3.0,2.3,1.0,1.6,-0.2,0.0,0.19999999999999996,0.20000000000000018,0.6000000000000001,0.3999999999999999,0.5,-0.19999999999999996,0.10000000000000009,0.0,0.09999999999999998,0.0,-0.10000000000000003,1.0,2024-25,20241204|Manchester United|Arsenal,2,0,2,home
2024-12-04,Manchester City,Nottingham Forest,0.8707950159258598,0.6,0.6,2.0,-1.4,0.2,0.0,1.4,1.3,1.7,-0.4,0.4,0.2,3.0,1.8,1.6,1.4,0.2,0.6,0.0,1.7,1.3,1.1,0.2,0.5,0.2,4.0,2.5,1.7,1.5,0.0,-1.2000000000000002,-0.30000000000000004,-1.0,0.0,0.6000000000000001,0.5999999999999999,-1.5999999999999999,-0.6000000000000001,-0.39999999999999997,-0.09999999999999998,0.0,0.0,-1.0,2024-25,20241204|Nottingham Forest|Manchester City,3,0,3,home
2024-12-04,Everton,Wolverhampton Wanderers,0.62540725903603,0.6,0.2,1.2,-1.0,0.0,0.6,1.1,0.8,1.1,-0.3,0.2,0.5,3.0,1.6,2.4,1.8,0.6,0.4,0.4,0.8,1.9,2.3,-0.4,0.2,0.2,4.0,1.8,0.7,0.3,-0.9,-1.0,0.30000000000000004,-2.1999999999999997,-1.0999999999999999,-0.6000000000000001,-1.1999999999999997,-1.6,0.10000000000000003,-0.4,0.0,0.19999999999999996,0.3,-1.0,2024-25,20241204|Wolverhampton Wanderers|Everton,4,0,4,home
2024-12-05,Fulham,Brighton and Hove Albion,0.521520348874711,1.6,1.4,1.4,0.0,0.4,0.4,1.5,1.5,1.5,0.0,0.4,0.3,4.0,1.6,1.6,1.4,0.2,0.4,0.4,1.6,1.6,1.5,0.1,0.4,0.4,6.0,1.1,1.3,-0.8,-0.1,0.0,-0.10000000000000009,-0.20000000000000018,-0.10000000000000009,0.0,0.0,-0.2,-0.1,0.0,0.0,0.0,-0.10000000000000003,-2.0,2024-25,20241205|Brighton and Hove Albion|Fulham,3,1,4,home
2024-12-05,Bournemouth,Tottenham Hotspur,0.48194681469888306,1.4,2.0,1.8,0.2,0.4,0.2,1.3,1.5,1.5,0.0,0.4,0.1,5.0,1.4,2.0,1.0,1.0,0.4,0.2,1.6,2.2,1.1,1.1,0.5,0.1,4.0,1.7,1.0,0.6,-0.1,0.0,-0.30000000000000004,0.0,-0.7000000000000002,0.8,0.3999999999999999,-0.8,-1.1,0.0,-0.09999999999999998,0.0,0.0,1.0,2024-25,20241205|Tottenham Hotspur|Bournemouth,1,0,1,home
2024-12-07,Crystal Palace,Manchester City,0.23831865820045756,1.2,1.2,1.4,-0.2,0.2,0.6,1.0,0.8,1.1,-0.3,0.2,0.4,4.0,0.6,1.0,2.0,-1.0,0.2,0.0,1.4,1.4,1.6,-0.2,0.4,0.2,3.0,1.5,1.9,0.7,0.9,0.6,-0.3999999999999999,0.19999999999999996,-0.5999999999999999,-0.6000000000000001,-0.5,0.8,-0.09999999999999998,0.0,-0.2,0.6,0.2,1.0,2024-25,20241207|Manchester City|Crystal Palace,2,2,4,draw
2024-12-07,Brentford,Newcastle United,0.46012752641683696,1.4,1.8,1.6,0.2,0.4,0.2,1.4,2.1,2.0,0.1,0.4,0.2,3.0,1.6,1.6,1.4,0.2,0.4,0.4,1.0,1.1,1.4,-0.3,0.2,0.4,3.0,2.3,1.5,1.0,0.4,-0.20000000000000018,0.3999999999999999,0.19999999999999996,1.0,0.20000000000000018,0.6000000000000001,0.0,0.4,0.0,0.2,-0.2,-0.2,0.0,2024-25,20241207|Newcastle United|Brentford,4,2,6,home
2024-12-07,Manchester United,Nottingham Forest,0.693441737077429,1.6,1.8,0.8,1.0,0.4,0.4,1.3,1.2,1.0,0.2,0.3,0.4,3.0,1.2,1.0,1.8,-0.8,0.4,0.0,1.4,1.2,1.4,-0.2,0.4,0.2,3.0,1.7,1.7,0.3,-0.1,0.40000000000000013,-0.09999999999999987,0.8,0.0,-1.0,-0.3999999999999999,1.8,0.4,0.0,-0.10000000000000003,0.4,0.2,0.0,2024-25,20241207|Nottingham Forest|Manchester United,2,3,5,away
2024-12-07,Aston Villa,Southampton,0.8874931297752792,0.8,1.2,2.4,-1.2,0.2,0.2,1.3,1.5,1.7,-0.2,0.3,0.4,3.0,0.8,1.0,2.2,-1.2,0.2,0.2,0.5,1.0,2.2,-1.2,0.1,0.2,3.0,1.7,0.1,0.5,-1.5,0.0,0.8,0.19999999999999996,0.5,0.19999999999999973,-0.5000000000000002,0.0,1.0,0.0,0.19999999999999998,0.0,0.2,0.0,2024-25,20241207|Southampton|Aston Villa,1,0,1,home
2024-12-08,Fulham,Arsenal,0.27626133893426297,2.0,1.8,1.4,0.4,0.6,0.2,1.7,1.7,1.5,0.2,0.5,0.2,3.0,2.0,2.2,0.8,1.4,0.6,0.2,1.8,2.2,1.3,0.9,0.5,0.3,4.0,1.4,2.0,-0.5,0.7,0.0,-0.10000000000000009,-0.40000000000000013,-0.5000000000000002,0.5999999999999999,0.19999999999999996,-0.9999999999999999,-0.7,0.0,0.0,0.0,-0.09999999999999998,-1.0,2024-25,20241208|Arsenal|Fulham,1,1,2,draw
2024-12-08,Ipswich,Bournemouth,0.45767405378416803,1.0,0.8,1.0,-0.2,0.2,0.4,0.7,1.1,1.8,-0.7,0.1,0.4,5.0,1.8,2.0,1.6,0.4,0.6,0.0,1.6,1.6,1.4,0.2,0.5,0.1,3.0,0.5714285714285714,1.1,-0.7142857142857143,-0.5,-0.8,-0.9000000000000001,-1.2,-0.5,-0.6000000000000001,0.40000000000000013,-0.6000000000000001,-0.8999999999999999,-0.39999999999999997,-0.4,0.4,0.30000000000000004,2.0,2024-25,20241208|Bournemouth|Ipswich,1,2,3,away
2024-12-08,Leicester City,Brighton and Hove Albion,0.4004984466831065,0.8,1.2,2.2,-1.0,0.2,0.2,1.1,1.4,2.1,-0.7,0.3,0.2,5.0,1.4,1.4,1.6,-0.2,0.4,0.2,1.5,1.7,1.8,-0.1,0.4,0.3,3.0,1.2,1.2,-0.3,-0.3,-0.5999999999999999,-0.3999999999999999,-0.19999999999999996,-0.30000000000000004,0.6000000000000001,0.30000000000000004,-0.8,-0.6,-0.2,-0.10000000000000003,0.0,-0.09999999999999998,2.0,2024-25,20241208|Brighton and Hove Albion|Leicester City,2,2,4,draw
2024-12-08,Tottenham Hotspur,Chelsea,0.47547723476197906,1.4,2.0,1.0,1.0,0.4,0.2,1.6,2.2,1.1,1.1,0.5,0.1,3.0,2.2,2.4,0.8,1.6,0.6,0.4,2.1,2.3,1.0,1.3,0.6,0.3,4.0,1.6,2.3,0.8,1.4,-0.8000000000000003,-0.5,-0.3999999999999999,-0.09999999999999964,0.19999999999999996,0.10000000000000009,-0.6000000000000001,-0.19999999999999996,-0.19999999999999996,-0.09999999999999998,-0.2,-0.19999999999999998,-1.0,2024-25,20241208|Chelsea|Tottenham Hotspur,3,4,7,away
2024-12-09,West Ham United,Wolverhampton Wanderers,0.6816558767662249,0.8,1.0,2.2,-1.2,0.2,0.2,1.1,1.3,2.1,-0.8,0.3,0.2,6.0,1.4,2.0,2.2,-0.2,0.4,0.2,0.8,1.8,2.5,-0.7,0.2,0.2,5.0,1.1,0.6,-0.5,-1.3,-0.5999999999999999,0.30000000000000004,-1.0,-0.5,0.0,-0.3999999999999999,-1.0,-0.10000000000000009,-0.2,0.09999999999999998,0.0,0.0,1.0,2024-25,20241209|Wolverhampton Wanderers|West Ham United,2,1,3,home
2024-12-14,Nottingham Forest,Aston Villa,0.4716508508897745,1.2,1.0,2.2,-1.2,0.4,0.0,1.6,1.3,1.4,-0.1,0.5,0.1,7.0,1.4,1.2,1.6,-0.4,0.4,0.2,1.3,1.3,1.6,-0.3,0.3,0.4,7.0,1.2,1.3,-0.1,-0.8,-0.19999999999999996,0.30000000000000004,-0.19999999999999996,0.0,0.6000000000000001,-0.20000000000000018,-0.7999999999999999,0.19999999999999998,0.0,0.2,-0.2,-0.30000000000000004,0.0,2024-25,20241214|Aston Villa|Nottingham Forest,2,1,3,home
2024-12-14,Arsenal,Everton,0.8877508016257156,2.2,2.4,0.8,1.6,0.6,0.4,1.8,2.1,1.2,0.9,0.5,0.3,6.0,1.0,0.8,1.0,-0.2,0.2,0.4,1.4,1.0,0.8,0.2,0.3,0.5,10.0,2.6,0.6,2.0,-1.5,1.2000000000000002,0.40000000000000013,1.5999999999999999,1.1,-0.19999999999999996,0.3999999999999999,1.8,0.7,0.39999999999999997,0.2,0.0,-0.2,-4.0,2024-25,20241214|Everton|Arsenal,0,0,0,draw
2024-12-14,Liverpool,Fulham,0.8470250456358823,2.6,2.4,1.2,1.2,0.8,0.2,2.6,2.2,1.0,1.2,0.8,0.2,10.0,1.6,1.6,1.4,0.2,0.4,0.4,1.5,1.5,1.5,0.0,0.4,0.3,6.0,2.4,1.6,1.3,0.5,1.0,1.1,0.7999999999999998,0.7000000000000002,-0.19999999999999996,-0.5,1.0,1.2,0.4,0.4,-0.2,-0.09999999999999998,4.0,2024-25,20241214|Fulham|Liverpool,2,2,4,draw
2024-12-14,Wolverhampton Wanderers,Ipswich,0.5693998001402295,1.2,1.8,2.2,-0.4,0.4,0.0,0.8,1.8,2.4,-0.6,0.2,0.2,5.0,0.8,0.8,1.2,-0.4,0.2,0.2,0.6,1.1,1.9,-0.8,0.1,0.3,6.0,0.7,0.7142857142857143,-0.9,-1.0,0.3999999999999999,0.20000000000000007,1.0,0.7,1.0000000000000002,0.5,0.0,0.20000000000000007,0.2,0.1,-0.2,-0.09999999999999998,-1.0,2024-25,20241214|Ipswich|Wolverhampton Wanderers,1,2,3,away
2024-12-14,Newcastle United,Leicester City,0.7745811037615113,1.0,1.8,2.2,-0.4,0.2,0.4,1.0,1.2,1.5,-0.3,0.2,0.4,7.0,0.8,1.4,2.4,-1.0,0.2,0.2,1.1,1.5,2.2,-0.7,0.3,0.2,6.0,1.8,0.7,0.8,-1.0,0.19999999999999996,-0.10000000000000009,0.40000000000000013,-0.30000000000000004,-0.19999999999999973,-0.7000000000000002,0.6,0.39999999999999997,0.0,-0.09999999999999998,0.2,0.2,1.0,2024-25,20241214|Leicester City|Newcastle United,4,0,4,home
2024-12-15,Chelsea,Brentford,0.7884980087974995,2.6,3.0,1.2,1.8,0.8,0.2,2.1,2.4,1.3,1.1,0.6,0.3,7.0,2.0,2.4,1.6,0.8,0.6,0.2,1.7,2.4,1.9,0.5,0.5,0.2,8.0,2.1,0.7,1.2,-0.5,0.6000000000000001,0.40000000000000013,0.6000000000000001,0.0,-0.40000000000000013,-0.5999999999999999,1.0,0.6000000000000001,0.20000000000000007,0.09999999999999998,0.0,0.09999999999999998,-1.0,2024-25,20241215|Brentford|Chelsea,2,1,3,home
2024-12-15,Brighton and Hove Albion,Crystal Palace,0.6561967067052039,1.6,1.6,1.6,0.0,0.4,0.4,1.5,1.7,1.8,-0.1,0.4,0.3,7.0,1.2,1.2,1.4,-0.2,0.2,0.6,1.0,1.0,1.3,-0.3,0.2,0.4,8.0,1.6,1.3,0.1,0.1,0.40000000000000013,0.5,0.40000000000000013,0.7,0.20000000000000018,0.5,0.2,0.19999999999999998,0.2,0.2,-0.19999999999999996,-0.10000000000000003,-1.0,2024-25,20241215|Crystal Palace|Brighton and Hove Albion,1,3,4,away
2024-12-15,Manchester City,Manchester United,0.8299984416000352,0.8,1.2,2.0,-0.8,0.2,0.2,1.4,1.4,1.6,-0.2,0.4,0.2,8.0,1.4,2.0,1.2,0.8,0.4,0.2,1.2,1.4,1.3,0.1,0.3,0.3,8.0,2.5,1.0,1.5,-0.3,-0.5999999999999999,0.19999999999999996,-0.8,0.0,0.8,0.30000000000000004,-1.6,-0.30000000000000004,-0.2,0.10000000000000003,0.0,-0.09999999999999998,0.0,2024-25,20241215|Manchester United|Manchester City,1,2,3,away
2024-12-15,Southampton,Tottenham Hotspur,0.23238536270190316,0.2,0.8,2.4,-1.6,0.0,0.2,0.4,0.9,2.2,-1.3,0.1,0.1,8.0,0.8,1.8,1.6,0.2,0.2,0.2,1.3,2.2,1.4,0.8,0.4,0.1,7.0,0.5,1.0,-1.2,0.2,-0.6000000000000001,-0.9,-1.0,-1.3000000000000003,0.7999999999999998,0.8000000000000003,-1.8,-2.1,-0.2,-0.30000000000000004,0.0,0.0,1.0,2024-25,20241215|Tottenham Hotspur|Southampton,0,5,5,away
2024-12-16,Bournemouth,West Ham United,0.6612150410369584,1.8,2.0,1.6,0.4,0.6,0.0,1.9,1.8,1.2,0.6,0.6,0.1,8.0,1.4,1.4,1.8,-0.4,0.4,0.2,1.4,1.5,1.9,-0.4,0.4,0.2,7.0,1.7,0.8,0.6,-1.4,0.40000000000000013,0.5,0.6000000000000001,0.30000000000000004,-0.19999999999999996,-0.7,0.8,1.0,0.19999999999999996,0.19999999999999996,-0.2,-0.1,1.0,2024-25,20241216|West Ham United|Bournemouth,1,1,2,draw
2024-12-21,Crystal Palace,Arsenal,0.28331865783627286,1.8,1.8,1.2,0.6,0.4,0.6,1.3,1.2,1.2,0.0,0.3,0.4,6.0,2.2,2.2,0.6,1.6,0.6,0.4,1.6,1.7,1.0,0.7,0.4,0.4,7.0,1.3,1.8,0.5,0.5,-0.40000000000000013,-0.30000000000000004,-0.40000000000000013,-0.5,0.6,0.19999999999999996,-1.0,-0.7,-0.19999999999999996,-0.10000000000000003,0.19999999999999996,0.0,-1.0,2024-25,20241221|Arsenal|Crystal Palace,1,5,6,away
2024-12-21,West Ham United,Brighton and Hove Albion,0.538909087495681,1.4,1.6,2.0,-0.4,0.4,0.2,1.4,1.5,1.9,-0.4,0.4,0.2,5.0,1.0,1.4,2.0,-0.6,0.2,0.4,1.5,1.6,1.7,-0.1,0.4,0.3,6.0,1.4,1.2,-0.2,-0.3,0.3999999999999999,-0.10000000000000009,0.20000000000000018,-0.10000000000000009,0.0,0.19999999999999996,0.19999999999999996,-0.30000000000000004,0.2,0.0,-0.2,-0.09999999999999998,-1.0,2024-25,20241221|Brighton and Hove Albion|West Ham United,1,1,2,draw
2024-12-21,Aston Villa,Manchester City,0.3704226647421905,1.4,1.4,1.6,-0.2,0.4,0.2,1.2,1.2,1.6,-0.4,0.3,0.3,7.0,0.8,1.2,2.0,-0.8,0.2,0.2,1.3,1.4,1.7,-0.3,0.4,0.1,6.0,1.7,1.7,0.4,0.7,0.5999999999999999,-0.10000000000000009,0.19999999999999996,-0.19999999999999996,-0.3999999999999999,-0.09999999999999987,0.6000000000000001,-0.10000000000000003,0.2,-0.10000000000000003,0.0,0.19999999999999998,1.0,2024-25,20241221|Manchester City|Aston Villa,2,1,3,home
2024-12-21,Ipswich,Newcastle United,0.3922606061761136,0.8,0.8,1.2,-0.4,0.2,0.2,0.8,1.1,1.8,-0.7,0.2,0.2,7.0,1.0,2.0,2.0,0.0,0.2,0.4,1.2,1.5,1.4,0.1,0.3,0.3,7.0,0.5,1.2,-0.75,-0.1,-0.19999999999999996,-0.3999999999999999,-1.2,-0.3999999999999999,-0.8,0.40000000000000013,-0.4,-0.7999999999999999,0.0,-0.09999999999999998,-0.2,-0.09999999999999998,0.0,2024-25,20241221|Newcastle United|Ipswich,0,4,4,away
2024-12-21,Brentford,Nottingham Forest,0.5666423742274345,1.4,2.0,1.6,0.4,0.4,0.2,1.6,2.4,2.0,0.4,0.5,0.1,6.0,1.8,1.2,1.8,-0.6,0.6,0.0,1.9,1.5,1.4,0.1,0.6,0.1,7.0,2.3,2.0,1.0,0.2,-0.40000000000000013,-0.2999999999999998,0.8,0.8999999999999999,-0.19999999999999996,0.6000000000000001,1.0,0.30000000000000004,-0.19999999999999996,-0.09999999999999998,0.2,0.0,-1.0,2024-25,20241221|Nottingham Forest|Brentford,0,2,2,away
2024-12-22,Manchester United,Bournemouth,0.6372275843866373,1.4,1.8,1.4,0.4,0.4,0.2,1.5,1.6,1.1,0.5,0.4,0.3,7.0,2.0,1.8,1.2,0.6,0.6,0.2,1.7,1.6,1.2,0.4,0.5,0.2,6.0,1.6,1.1,0.2,-0.5,-0.6000000000000001,-0.19999999999999996,0.0,0.0,0.19999999999999996,-0.09999999999999987,-0.19999999999999996,0.09999999999999998,-0.19999999999999996,-0.09999999999999998,0.0,0.09999999999999998,1.0,2024-25,20241222|Bournemouth|Manchester United,0,3,3,away
2024-12-22,Everton,Chelsea,0.3088246896128855,1.2,0.8,0.8,0.0,0.2,0.6,1.4,0.9,0.7,0.2,0.3,0.5,8.0,3.0,3.2,1.2,2.0,1.0,0.0,2.1,2.2,1.2,1.0,0.6,0.3,7.0,1.8,2.5,0.5,1.5,-1.8,-0.7000000000000002,-2.4000000000000004,-1.3000000000000003,-0.3999999999999999,-0.5,-2.0,-0.8,-0.8,-0.3,0.6,0.2,1.0,2024-25,20241222|Chelsea|Everton,0,0,0,draw
2024-12-22,Tottenham Hotspur,Liverpool,0.33158533062454765,1.4,2.6,1.2,1.4,0.4,0.2,1.3,2.4,1.4,1.0,0.4,0.1,7.0,2.2,2.4,1.4,1.0,0.6,0.4,2.4,2.1,1.2,0.9,0.7,0.3,8.0,1.6,1.9,0.8,0.6,-0.8000000000000003,-1.0999999999999999,0.20000000000000018,0.2999999999999998,-0.19999999999999996,0.19999999999999996,0.3999999999999999,0.09999999999999998,-0.19999999999999996,-0.29999999999999993,-0.2,-0.19999999999999998,-1.0,2024-25,20241222|Liverpool|Tottenham Hotspur,3,6,9,away
2024-12-22,Fulham,Southampton,0.8675837744131477,1.2,1.6,1.8,-0.2,0.2,0.6,1.3,1.6,1.7,-0.1,0.3,0.4,8.0,0.2,0.8,3.0,-2.2,0.0,0.2,0.4,0.8,2.4,-1.6,0.1,0.1,7.0,1.5,0.1,-0.3,-1.4,1.0,0.9,0.8,0.8,-1.2,-0.7,2.0,1.5,0.2,0.19999999999999998,0.39999999999999997,0.30000000000000004,1.0,2024-25,20241222|Southampton|Fulham,0,0,0,draw
2024-12-22,Leicester City,Wolverhampton Wanderers,0.6235780978894282,0.8,1.4,2.6,-1.2,0.2,0.2,1.1,1.3,2.2,-0.9,0.3,0.2,8.0,0.6,1.6,2.6,-1.0,0.2,0.0,0.8,1.8,2.4,-0.6,0.2,0.2,8.0,1.2,0.5,-0.3,-1.4,0.20000000000000007,0.30000000000000004,-0.20000000000000018,-0.5,0.0,-0.19999999999999973,-0.19999999999999996,-0.30000000000000004,0.0,0.09999999999999998,0.2,0.0,0.0,2024-25,20241222|Wolverhampton Wanderers|Leicester City,0,3,3,away
2024-12-26,Newcastle United,Aston Villa,0.587736381001834,1.6,2.8,1.6,1.2,0.4,0.4,1.4,1.9,1.4,0.5,0.4,0.2,5.0,1.8,1.4,1.4,0.0,0.6,0.0,1.4,1.4,1.7,-0.3,0.4,0.2,5.0,1.8,1.0,0.8,-1.1,-0.19999999999999996,0.0,1.4,0.5,0.20000000000000018,-0.30000000000000004,1.2,0.8,-0.19999999999999996,0.0,0.4,0.0,0.0,2024-25,20241226|Aston Villa|Newcastle United,3,0,3,home
2024-12-26,Bournemouth,Crystal Palace,0.6527163500796772,2.6,2.2,0.8,1.4,0.8,0.2,2.0,1.9,1.1,0.8,0.6,0.2,4.0,1.6,1.6,1.8,-0.2,0.4,0.4,1.3,1.3,1.6,-0.3,0.3,0.4,5.0,1.7,1.3,0.6,0.2,1.0,0.7,0.6000000000000001,0.5999999999999999,-1.0,-0.5,1.5999999999999999,1.1,0.4,0.3,-0.2,-0.2,-1.0,2024-25,20241226|Crystal Palace|Bournemouth,0,0,0,draw
2024-12-26,Manchester City,Everton,0.8529230602322025,0.8,1.4,1.6,-0.2,0.2,0.2,1.0,1.2,1.7,-0.5,0.3,0.1,5.0,1.2,0.8,0.8,0.0,0.2,0.6,1.2,0.7,0.6,0.1,0.2,0.6,4.0,2.2,0.7,1.0,-0.9,-0.3999999999999999,-0.19999999999999996,0.5999999999999999,0.5,0.8,1.1,-0.2,-0.6,0.0,0.09999999999999998,-0.39999999999999997,-0.5,1.0,2024-25,20241226|Everton|Manchester City,1,1,2,draw
2024-12-26,Chelsea,Fulham,0.7623470238581481,2.6,2.8,1.0,1.8,0.8,0.2,2.1,2.1,1.1,1.0,0.6,0.3,4.0,1.4,1.4,1.0,0.4,0.2,0.8,1.4,1.4,1.4,0.0,0.3,0.5,4.0,2.1,1.4,1.1,0.3,1.2000000000000002,0.7000000000000002,1.4,0.7000000000000002,0.0,-0.2999999999999998,1.4,1.0,0.6000000000000001,0.3,-0.6000000000000001,-0.2,0.0,2024-25,20241226|Fulham|Chelsea,1,2,3,away
2024-12-26,Liverpool,Leicester City,0.9282222619486078,2.2,3.2,2.0,1.2,0.6,0.4,2.4,2.5,1.4,1.1,0.7,0.3,4.0,0.8,1.2,2.8,-1.6,0.2,0.2,0.8,1.2,2.5,-1.3,0.2,0.2,4.0,2.5,0.6,1.4,-1.4,1.4000000000000001,1.5999999999999999,2.0,1.3,-0.7999999999999998,-1.1,2.8,2.4000000000000004,0.39999999999999997,0.49999999999999994,0.2,0.09999999999999998,0.0,2024-25,20241226|Leicester City|Liverpool,3,1,4,home
2024-12-26,Wolverhampton Wanderers,Manchester United,0.395504451716489,0.6,1.4,2.4,-1.0,0.2,0.0,1.1,1.8,1.9,-0.1,0.3,0.2,4.0,1.2,1.6,1.8,-0.2,0.4,0.0,1.4,1.6,1.4,0.2,0.4,0.2,4.0,0.7,1.2,-0.9,-0.2,-0.6,-0.2999999999999998,-0.20000000000000018,0.19999999999999996,0.5999999999999999,0.5,-0.8,-0.30000000000000004,-0.2,-0.10000000000000003,0.0,0.0,0.0,2024-25,20241226|Manchester United|Wolverhampton Wanderers,2,0,2,home
2024-12-26,Nottingham Forest,Tottenham Hotspur,0.5580407213526458,2.4,1.6,1.2,0.4,0.8,0.0,2.1,1.6,1.3,0.3,0.7,0.0,5.0,0.8,2.4,2.4,0.0,0.2,0.2,1.3,2.5,1.7,0.8,0.4,0.1,4.0,1.4,1.3,0.0,0.9,1.5999999999999999,0.8,-0.7999999999999998,-0.8999999999999999,-1.2,-0.3999999999999999,0.4,-0.5,0.6000000000000001,0.29999999999999993,-0.2,-0.1,1.0,2024-25,20241226|Tottenham Hotspur|Nottingham Forest,1,0,1,home
2024-12-26,Southampton,West Ham United,0.31515550046492086,0.4,0.4,2.4,-2.0,0.0,0.4,0.5,0.7,2.1,-1.4,0.1,0.2,4.0,1.0,1.4,2.2,-0.8,0.2,0.4,1.2,1.2,1.9,-0.7,0.3,0.3,5.0,0.5,0.9,-1.6,-1.1,-0.6,-0.7,-0.9999999999999999,-0.5,0.19999999999999973,0.20000000000000018,-1.2,-0.7,-0.2,-0.19999999999999998,0.0,-0.09999999999999998,-1.0,2024-25,20241226|West Ham United|Southampton,0,1,1,away
2024-12-27,Brighton and Hove Albion,Brentford,0.6538101321101298,0.6,1.2,2.0,-0.8,0.0,0.6,1.3,1.4,1.6,-0.2,0.3,0.4,6.0,1.2,2.0,2.0,0.0,0.4,0.0,1.3,1.9,1.9,0.0,0.4,0.1,6.0,1.3,0.4,-0.2,-1.0,-0.6,0.0,-0.8,-0.5,0.0,-0.2999999999999998,-0.8,-0.2,-0.4,-0.10000000000000003,0.6,0.30000000000000004,0.0,2024-25,20241227|Brentford|Brighton and Hove Albion,0,0,0,draw
2024-12-27,Arsenal,Ipswich,0.9097429546754277,2.2,2.6,0.8,1.8,0.6,0.4,1.6,1.9,1.0,0.9,0.4,0.4,6.0,0.6,0.6,1.8,-1.2,0.2,0.0,0.8,1.0,1.8,-0.8,0.2,0.2,6.0,2.4,1.0,1.5,-0.75,1.6,0.8,2.0,0.8999999999999999,-1.0,-0.8,3.0,1.7000000000000002,0.39999999999999997,0.2,0.4,0.2,0.0,2024-25,20241227|Ipswich|Arsenal,1,0,1,home
2024-12-29,Fulham,Bournemouth,0.5967292866569731,1.8,1.6,1.0,0.6,0.4,0.6,1.7,1.5,1.2,0.3,0.4,0.5,3.0,2.2,1.4,0.4,1.0,0.6,0.4,1.8,1.7,1.1,0.6,0.5,0.3,3.0,1.5,1.4,-0.3,0.1,-0.40000000000000013,-0.10000000000000009,0.20000000000000018,-0.19999999999999996,0.6,0.09999999999999987,-0.4,-0.3,-0.19999999999999996,-0.09999999999999998,0.19999999999999996,0.2,0.0,2024-25,20241229|Bournemouth|Fulham,2,2,4,draw
2024-12-29,West Ham United,Liverpool,0.23190689679485654,1.6,1.2,1.2,0.0,0.4,0.4,1.5,1.2,1.5,-0.3,0.4,0.3,3.0,2.2,3.2,1.8,1.4,0.6,0.4,2.4,2.7,1.5,1.2,0.7,0.3,3.0,1.4,2.2,-0.2,1.1,-0.6000000000000001,-0.8999999999999999,-2.0,-1.5000000000000002,-0.6000000000000001,0.0,-1.4,-1.5,-0.19999999999999996,-0.29999999999999993,0.0,0.0,0.0,2024-25,20241229|Liverpool|West Ham United,0,5,5,away
2024-12-29,Leicester City,Manchester City,0.1871847616748931,0.8,1.2,2.6,-1.4,0.2,0.2,0.5,1.0,2.6,-1.6,0.1,0.2,3.0,1.0,1.6,1.4,0.2,0.2,0.4,0.8,1.1,1.7,-0.6,0.2,0.2,3.0,1.2,1.4,-0.3,0.2,-0.19999999999999996,-0.30000000000000004,-0.40000000000000013,-0.10000000000000009,1.2000000000000002,0.9000000000000001,-1.5999999999999999,-1.0,0.0,-0.1,-0.2,0.0,0.0,2024-25,20241229|Manchester City|Leicester City,0,2,2,away
2024-12-29,Everton,Nottingham Forest,0.5013161873112324,1.2,1.0,1.0,0.0,0.2,0.6,1.2,0.8,0.7,0.1,0.2,0.6,3.0,2.4,1.6,1.2,0.4,0.8,0.0,2.1,1.6,1.3,0.3,0.7,0.0,3.0,1.6,2.0,0.3,0.2,-1.2,-0.9000000000000001,-0.6000000000000001,-0.8,-0.19999999999999996,-0.6000000000000001,-0.4,-0.19999999999999998,-0.6000000000000001,-0.49999999999999994,0.6,0.6,0.0,2024-25,20241229|Nottingham Forest|Everton,0,2,2,away
2024-12-29,Crystal Palace,Southampton,0.8471734333174951,1.6,1.4,1.6,-0.2,0.4,0.4,1.4,1.3,1.5,-0.2,0.3,0.5,3.0,0.2,0.2,2.4,-2.2,0.0,0.2,0.5,0.5,1.9,-1.4,0.1,0.2,3.0,1.0,0.2,-0.3,-1.3,1.4000000000000001,0.8999999999999999,1.2,0.8,-0.7999999999999998,-0.3999999999999999,2.0,1.2,0.4,0.19999999999999998,0.2,0.3,0.0,2024-25,20241229|Southampton|Crystal Palace,2,1,3,home
2024-12-29,Tottenham Hotspur,Wolverhampton Wanderers,0.7472917261218728,0.6,2.2,2.4,-0.2,0.2,0.0,1.0,2.1,1.7,0.4,0.3,0.1,3.0,1.2,1.4,1.6,-0.2,0.4,0.0,1.4,1.9,1.7,0.2,0.4,0.2,3.0,1.3,0.8,0.4,-0.7,-0.6,-0.3999999999999999,0.8000000000000003,0.20000000000000018,0.7999999999999998,0.0,0.0,0.2,-0.2,-0.10000000000000003,0.0,-0.1,0.0,2024-25,20241229|Wolverhampton Wanderers|Tottenham Hotspur,2,2,4,draw
2024-12-30,Aston Villa,Brighton and Hove Albion,0.6639564610915057,1.8,1.4,1.4,0.0,0.6,0.0,1.1,1.1,1.9,-0.8,0.3,0.2,4.0,0.6,1.0,1.8,-0.8,0.0,0.6,1.1,1.3,1.6,-0.3,0.2,0.5,3.0,1.9,1.3,0.5,0.0,1.2000000000000002,0.0,0.3999999999999999,-0.19999999999999996,-0.40000000000000013,0.2999999999999998,0.8,-0.5,0.6,0.09999999999999998,-0.6,-0.3,1.0,2024-25,20241230|Brighton and Hove Albion|Aston Villa,2,2,4,draw
2024-12-30,Ipswich,Chelsea,0.27548822809681983,0.6,0.6,1.8,-1.2,0.2,0.0,0.8,1.0,1.7,-0.7,0.2,0.2,3.0,2.0,2.4,1.4,1.0,0.6,0.2,2.1,2.1,1.1,1.0,0.6,0.3,4.0,0.4444444444444444,2.3,-1.1111111111111112,1.4,-1.4,-1.3,-1.7999999999999998,-1.1,0.40000000000000013,0.5999999999999999,-2.2,-1.7,-0.39999999999999997,-0.39999999999999997,-0.2,-0.09999999999999998,-1.0,2024-25,20241230|Chelsea|Ipswich,2,0,2,home
2024-12-30,Manchester United,Newcastle United,0.48638981132156184,0.6,0.8,2.2,-1.4,0.2,0.0,1.1,1.4,1.5,-0.1,0.3,0.2,4.0,2.0,3.2,1.4,1.8,0.6,0.2,1.7,2.2,1.3,0.9,0.5,0.2,4.0,1.6,1.5,0.0,0.4,-1.4,-0.5999999999999999,-2.4000000000000004,-0.8000000000000003,0.8000000000000003,0.19999999999999996,-3.2,-1.0,-0.39999999999999997,-0.2,-0.2,0.0,0.0,2024-25,20241230|Newcastle United|Manchester United,0,2,2,away
2025-01-01,Brentford,Arsenal,0.23368887641581088,0.8,1.2,1.8,-0.6,0.2,0.2,1.4,1.8,1.7,0.1,0.4,0.2,5.0,2.2,1.8,0.4,1.4,0.6,0.4,1.9,2.0,0.8,1.2,0.5,0.4,5.0,2.2,1.8,0.8,0.8,-1.4000000000000001,-0.5,-0.6000000000000001,-0.19999999999999996,1.4,0.8999999999999999,-2.0,-1.0999999999999999,-0.39999999999999997,-0.09999999999999998,-0.2,-0.2,0.0,2024-25,20250101|Arsenal|Brentford,1,3,4,away
2025-01-04,Brighton and Hove Albion,Arsenal,0.271738546148037,0.8,1.2,1.6,-0.4,0.0,0.8,1.1,1.3,1.6,-0.3,0.2,0.5,5.0,2.2,2.0,0.6,1.4,0.6,0.4,2.1,2.1,0.7,1.4,0.6,0.3,3.0,1.4,1.8,-0.1,0.9,-1.4000000000000001,-1.0,-0.8,-0.8,1.0,0.9000000000000001,-1.7999999999999998,-1.7,-0.6,-0.39999999999999997,0.4,0.2,2.0,2024-25,20250104|Arsenal|Brighton and Hove Albion,1,1,2,draw
2025-01-04,Southampton,Brentford,0.31065391421053473,0.2,0.2,1.8,-1.6,0.0,0.2,0.5,0.6,2.0,-1.4,0.1,0.2,6.0,0.8,1.2,1.8,-0.6,0.2,0.2,1.1,1.5,1.7,-0.2,0.3,0.2,3.0,0.5,0.5,-1.5,-0.9,-0.6000000000000001,-0.6000000000000001,-1.0,-0.9,0.0,0.30000000000000004,-1.0,-1.2,-0.2,-0.19999999999999998,0.0,0.0,3.0,2024-25,20250104|Brentford|Southampton,0,5,5,away
2025-01-04,Crystal Palace,Chelsea,0.4339182414884867,1.6,1.6,1.8,-0.2,0.4,0.4,1.4,1.4,1.6,-0.2,0.3,0.5,6.0,1.4,1.4,1.6,-0.2,0.4,0.2,1.8,1.9,1.2,0.7,0.5,0.3,5.0,1.0,2.0,-0.7,1.1,0.20000000000000018,-0.40000000000000013,0.20000000000000018,-0.5,0.19999999999999996,0.40000000000000013,0.0,-0.8999999999999999,0.0,-0.2,0.2,0.2,1.0,2024-25,20250104|Chelsea|Crystal Palace,1,1,2,draw
2025-01-04,Bournemouth,Everton,0.7027606158811067,1.8,1.6,0.8,0.8,0.4,0.6,1.8,1.8,1.2,0.6,0.5,0.3,6.0,1.2,1.0,0.6,0.4,0.2,0.6,0.9,0.6,0.9,-0.3,0.1,0.6,6.0,1.5,0.7,0.3,-0.9,0.6000000000000001,0.9,0.6000000000000001,1.2000000000000002,0.20000000000000007,0.29999999999999993,0.4,0.8999999999999999,0.2,0.4,0.0,-0.3,0.0,2024-25,20250104|Everton|Bournemouth,1,0,1,home
2025-01-04,Aston Villa,Leicester City,0.8157358972466318,1.4,1.2,1.6,-0.4,0.4,0.2,1.1,1.2,2.0,-0.8,0.3,0.2,5.0,0.2,0.6,2.8,-2.2,0.0,0.2,0.5,0.9,2.5,-1.6,0.1,0.2,6.0,1.9,0.6,0.5,-1.4,1.2,0.6000000000000001,0.6,0.29999999999999993,-1.1999999999999997,-0.5,1.8000000000000003,0.8,0.4,0.19999999999999998,0.0,0.0,-1.0,2024-25,20250104|Leicester City|Aston Villa,2,1,3,home
2025-01-04,Tottenham Hotspur,Newcastle United,0.48670792129250945,0.8,2.6,2.6,0.0,0.2,0.2,1.1,2.3,1.8,0.5,0.3,0.2,6.0,2.4,3.0,0.8,2.2,0.8,0.0,2.0,2.3,1.1,1.2,0.6,0.2,5.0,1.4,1.5,0.6,0.4,-1.5999999999999999,-0.8999999999999999,-0.3999999999999999,0.0,1.8,0.7,-2.2,-0.7,-0.6000000000000001,-0.3,0.2,0.0,1.0,2024-25,20250104|Newcastle United|Tottenham Hotspur,1,2,3,away
2025-01-04,Manchester City,West Ham United,0.84046646969795,1.0,1.4,1.4,0.0,0.2,0.4,0.8,1.2,1.7,-0.5,0.2,0.2,6.0,1.6,1.0,1.6,-0.6,0.4,0.4,1.2,1.0,1.9,-0.9,0.3,0.3,6.0,2.0,1.2,0.6,-0.5,-0.6000000000000001,-0.3999999999999999,0.3999999999999999,0.19999999999999996,-0.20000000000000018,-0.19999999999999996,0.6,0.4,-0.2,-0.09999999999999998,0.0,-0.09999999999999998,0.0,2024-25,20250104|West Ham United|Manchester City,4,1,5,home
2025-01-05,Fulham,Ipswich,0.7354229262460213,1.4,1.4,1.2,0.2,0.2,0.8,1.7,1.6,1.3,0.3,0.4,0.5,7.0,1.2,1.0,1.6,-0.6,0.4,0.0,1.1,0.9,1.3,-0.4,0.3,0.2,6.0,1.6,0.8888888888888888,0.1,-0.7777777777777778,0.19999999999999996,0.5999999999999999,0.3999999999999999,0.7000000000000001,-0.40000000000000013,0.0,0.8,0.7,-0.2,0.10000000000000003,0.8,0.3,1.0,2024-25,20250105|Ipswich|Fulham,2,2,4,draw
2025-01-05,Liverpool,Manchester United,0.8707942471133496,2.2,3.8,1.8,2.0,0.6,0.4,2.4,3.0,1.4,1.6,0.7,0.3,7.0,0.6,0.8,2.2,-1.4,0.2,0.0,1.1,1.3,1.5,-0.2,0.3,0.2,6.0,2.5,1.2,1.4,0.0,1.6,1.2999999999999998,3.0,1.7,-0.40000000000000013,-0.10000000000000009,3.4,1.8,0.39999999999999997,0.39999999999999997,0.4,0.09999999999999998,1.0,2024-25,20250105|Manchester United|Liverpool,2,2,4,draw
2025-01-06,Wolverhampton Wanderers,Nottingham Forest,0.4053040176397511,1.4,1.8,1.2,0.6,0.4,0.2,1.4,1.9,1.7,0.2,0.4,0.2,8.0,3.0,2.0,0.6,1.4,1.0,0.0,2.1,1.5,1.2,0.3,0.7,0.0,8.0,0.7,2.0,-0.8,0.3,-1.6,-0.7000000000000002,-0.19999999999999996,0.3999999999999999,0.6,0.5,-0.7999999999999999,-0.09999999999999998,-0.6,-0.29999999999999993,0.2,0.2,0.0,2024-25,20250106|Nottingham Forest|Wolverhampton Wanderers,0,3,3,away
2025-01-14,Chelsea,Bournemouth,0.6802128663646314,1.0,0.8,1.2,-0.4,0.2,0.4,1.8,1.9,1.2,0.7,0.5,0.3,10.0,1.8,1.4,0.6,0.8,0.4,0.6,1.8,1.7,1.1,0.6,0.5,0.3,10.0,1.8,1.5,0.5,0.2,-0.8,0.0,-0.5999999999999999,0.19999999999999996,0.6,0.09999999999999987,-1.2000000000000002,0.09999999999999998,-0.2,0.0,-0.19999999999999996,0.0,0.0,2024-25,20250114|Bournemouth|Chelsea,2,2,4,draw
2025-01-14,West Ham United,Fulham,0.50397405217856,1.0,0.8,2.2,-1.4,0.2,0.4,1.2,1.1,2.0,-0.9,0.3,0.3,10.0,1.4,1.6,1.4,0.2,0.2,0.8,1.5,1.6,1.4,0.2,0.3,0.6,9.0,1.1,1.6,-0.9,0.4,-0.3999999999999999,-0.30000000000000004,-0.8,-0.5,0.8000000000000003,0.6000000000000001,-1.5999999999999999,-1.1,0.0,0.0,-0.4,-0.3,1.0,2024-25,20250114|Fulham|West Ham United,3,2,5,home
2025-01-14,Nottingham Forest,Liverpool,0.3211494310478407,3.0,2.0,0.2,1.8,1.0,0.0,2.1,1.5,1.2,0.3,0.7,0.0,8.0,2.2,3.6,1.6,2.0,0.6,0.4,2.4,3.0,1.4,1.6,0.7,0.3,9.0,1.7,2.4,0.3,1.6,0.7999999999999998,-0.2999999999999998,-1.6,-1.5,-1.4000000000000001,-0.19999999999999996,-0.19999999999999996,-1.3,0.4,0.0,-0.4,-0.3,-1.0,2024-25,20250114|Liverpool|Nottingham Forest,1,1,2,draw
2025-01-14,Brentford,Manchester City,0.2842157693445791,0.8,1.4,1.4,0.0,0.2,0.2,1.4,1.9,1.5,0.4,0.4,0.2,10.0,1.4,1.8,1.2,0.6,0.4,0.2,1.1,1.5,1.6,-0.1,0.3,0.2,10.0,2.2,1.4,0.8,0.2,-0.5999999999999999,0.2999999999999998,-0.40000000000000013,0.3999999999999999,0.19999999999999996,-0.10000000000000009,-0.6,0.5,-0.2,0.10000000000000003,0.0,0.0,0.0,2024-25,20250114|Manchester City|Brentford,2,2,4,draw
2025-01-15,Everton,Aston Villa,0.4228342415807748,0.6,0.2,0.8,-0.6,0.0,0.6,0.8,0.5,0.9,-0.4,0.1,0.5,11.0,1.4,1.4,1.8,-0.4,0.4,0.2,1.4,1.3,1.7,-0.4,0.4,0.2,11.0,1.3,1.0,0.0,-1.3,-0.7999999999999999,-0.5999999999999999,-1.2,-0.8,-1.0,-0.7999999999999999,-0.19999999999999996,0.0,-0.4,-0.30000000000000004,0.39999999999999997,0.3,0.0,2024-25,20250115|Aston Villa|Everton,0,1,1,away
2025-01-15,Leicester City,Crystal Palace,0.3897969295745859,0.0,0.4,2.8,-2.4,0.0,0.0,0.4,0.9,2.6,-1.7,0.1,0.1,11.0,1.6,1.4,1.6,-0.2,0.4,0.4,1.4,1.3,1.5,-0.2,0.3,0.5,11.0,0.9,1.3,-0.6,0.2,-1.6,-0.9999999999999999,-0.9999999999999999,-0.4,1.1999999999999997,1.1,-2.1999999999999997,-1.5,-0.4,-0.19999999999999998,-0.4,-0.4,0.0,2024-25,20250115|Crystal Palace|Leicester City,0,2,2,away
2025-01-15,Arsenal,Tottenham Hotspur,0.8458531321146193,2.2,2.0,0.6,1.4,0.6,0.4,2.2,2.2,0.7,1.5,0.6,0.4,11.0,0.8,2.2,2.2,0.0,0.2,0.2,0.8,2.0,1.9,0.1,0.2,0.2,11.0,2.4,1.3,1.3,1.0,1.4000000000000001,1.4000000000000001,-0.20000000000000018,0.20000000000000018,-1.6,-1.2,1.4,1.4,0.39999999999999997,0.39999999999999997,0.2,0.2,0.0,2024-25,20250115|Tottenham Hotspur|Arsenal,2,1,3,home
2025-01-15,Newcastle United,Wolverhampton Wanderers,0.8312769862673419,3.0,3.0,0.2,2.8,1.0,0.0,2.0,2.4,1.2,1.2,0.6,0.2,11.0,1.4,1.6,1.4,0.2,0.4,0.2,1.3,1.7,1.8,-0.1,0.4,0.1,9.0,1.8,0.9,0.7,-0.5,1.6,0.7,1.4,0.7,-1.2,-0.6000000000000001,2.5999999999999996,1.3,0.6,0.19999999999999996,-0.2,0.1,2.0,2024-25,20250115|Wolverhampton Wanderers|Newcastle United,3,0,3,home
2025-01-16,Ipswich,Brighton and Hove Albion,0.4638062518448922,1.4,1.2,1.6,-0.4,0.4,0.2,1.1,1.0,1.4,-0.4,0.3,0.2,11.0,0.8,1.0,1.4,-0.4,0.0,0.8,1.2,1.3,1.5,-0.2,0.2,0.6,12.0,0.7,1.3,-0.8,0.0,0.5999999999999999,-0.09999999999999987,0.19999999999999996,-0.30000000000000004,0.20000000000000018,-0.10000000000000009,0.0,-0.2,0.4,0.09999999999999998,-0.6000000000000001,-0.39999999999999997,-1.0,2024-25,20250116|Brighton and Hove Albion|Ipswich,0,2,2,away
2025-01-16,Manchester United,Southampton,0.8646801330815351,0.8,0.8,2.0,-1.2,0.2,0.2,1.1,1.4,1.6,-0.2,0.3,0.2,11.0,0.2,0.2,2.6,-2.4,0.0,0.2,0.2,0.5,2.5,-2.0,0.0,0.2,12.0,1.3,0.2,-0.3,-1.2,0.6000000000000001,0.9000000000000001,0.6000000000000001,0.8999999999999999,-0.6000000000000001,-0.8999999999999999,1.2,1.8,0.2,0.3,0.0,0.0,-1.0,2024-25,20250116|Southampton|Manchester United,3,1,4,home
2025-01-18,Arsenal,Aston Villa,0.7975472618250596,2.6,2.4,0.8,1.6,0.8,0.2,2.4,2.3,0.7,1.6,0.7,0.3,3.0,2.0,1.4,1.4,0.0,0.6,0.2,1.7,1.4,1.5,-0.1,0.5,0.2,3.0,2.4,1.3,1.3,-0.7,0.6000000000000001,0.7,1.0,0.8999999999999999,-0.5999999999999999,-0.8,1.6,1.7000000000000002,0.20000000000000007,0.19999999999999996,0.0,0.09999999999999998,0.0,2024-25,20250118|Aston Villa|Arsenal,2,2,4,draw
2025-01-18,Newcastle United,Bournemouth,0.6848476394516749,3.0,2.8,0.2,2.6,1.0,0.0,2.0,2.4,1.1,1.3,0.6,0.2,3.0,1.8,1.6,0.8,0.8,0.4,0.6,1.9,1.7,1.0,0.7,0.5,0.4,4.0,2.0,1.5,1.0,0.2,1.2,0.10000000000000009,1.1999999999999997,0.7,-0.6000000000000001,0.10000000000000009,1.8,0.6000000000000001,0.6,0.09999999999999998,-0.6,-0.2,-1.0,2024-25,20250118|Bournemouth|Newcastle United,1,4,5,away
2025-01-18,West Ham United,Crystal Palace,0.5447610935044984,1.4,1.2,2.4,-1.2,0.4,0.2,1.4,1.4,2.2,-0.8,0.4,0.2,4.0,1.6,1.2,1.4,-0.2,0.4,0.4,1.7,1.5,1.3,0.2,0.4,0.5,3.0,1.4,1.3,-0.7,0.2,-0.20000000000000018,-0.30000000000000004,0.0,-0.10000000000000009,1.0,0.9000000000000001,-1.0,-1.0,0.0,0.0,-0.2,-0.3,1.0,2024-25,20250118|Crystal Palace|West Ham United,0,2,2,away
2025-01-18,Leicester City,Fulham,0.3562117521673696,0.0,0.4,2.4,-2.0,0.0,0.0,0.4,0.9,2.5,-1.6,0.1,0.1,3.0,1.2,1.6,1.6,0.0,0.2,0.6,1.2,1.6,1.7,-0.1,0.2,0.6,4.0,0.8,1.3,-0.8,0.1,-1.2,-0.7999999999999999,-1.2000000000000002,-0.7000000000000001,0.7999999999999998,0.8,-2.0,-1.5,-0.2,-0.1,-0.6,-0.5,-1.0,2024-25,20250118|Fulham|Leicester City,0,2,2,away
2025-01-18,Brentford,Liverpool,0.23601377121349876,1.0,1.6,1.4,0.2,0.2,0.4,1.2,1.8,1.5,0.3,0.3,0.3,4.0,2.2,3.4,1.4,2.0,0.6,0.4,2.2,2.9,1.4,1.5,0.6,0.4,4.0,2.0,2.4,0.7,1.6,-1.2000000000000002,-1.0000000000000002,-1.7999999999999998,-1.0999999999999999,0.0,0.10000000000000009,-1.8,-1.2,-0.39999999999999997,-0.3,0.0,-0.10000000000000003,0.0,2024-25,20250118|Liverpool|Brentford,0,2,2,away
2025-01-19,Manchester United,Brighton and Hove Albion,0.5609848737022802,0.8,1.0,2.0,-1.0,0.2,0.2,1.1,1.4,1.7,-0.3,0.3,0.2,3.0,1.4,1.2,0.8,0.4,0.2,0.8,1.2,1.3,1.4,-0.1,0.2,0.6,3.0,1.3,1.3,-0.2,-0.1,-0.5999999999999999,-0.09999999999999987,-0.19999999999999996,0.09999999999999987,1.2,0.30000000000000004,-1.4,-0.19999999999999998,0.0,0.09999999999999998,-0.6000000000000001,-0.39999999999999997,0.0,2024-25,20250119|Brighton and Hove Albion|Manchester United,1,3,4,away
2025-01-19,Ipswich,Manchester City,0.22308529187850093,0.8,0.8,1.8,-1.0,0.2,0.2,0.8,0.8,1.5,-0.7,0.2,0.2,3.0,1.6,2.0,1.2,0.8,0.4,0.4,1.2,1.6,1.6,0.0,0.3,0.3,5.0,0.7,1.2,-0.8,0.0,-0.8,-0.3999999999999999,-1.2,-0.8,0.6000000000000001,-0.10000000000000009,-1.8,-0.7,-0.2,-0.09999999999999998,-0.2,-0.09999999999999998,-2.0,2024-25,20250119|Manchester City|Ipswich,0,6,6,away
2025-01-19,Nottingham Forest,Southampton,0.9012614627210872,2.6,1.8,0.2,1.6,0.8,0.2,2.2,1.5,1.0,0.5,0.7,0.1,5.0,0.2,0.4,2.2,-1.8,0.0,0.2,0.2,0.6,2.6,-2.0,0.0,0.2,3.0,1.8,0.2,0.4,-1.3,2.4,2.0,1.4,0.9,-2.0,-1.6,3.4000000000000004,2.5,0.8,0.7,0.0,-0.1,2.0,2024-25,20250119|Southampton|Nottingham Forest,3,2,5,home
2025-01-19,Everton,Tottenham Hotspur,0.48428168665601545,0.4,0.2,1.0,-0.8,0.0,0.4,0.8,0.5,0.9,-0.4,0.1,0.5,4.0,0.2,1.4,2.6,-1.2,0.0,0.2,0.8,2.0,1.9,0.1,0.2,0.2,4.0,1.0,1.0,-0.2,0.6,0.2,0.0,-1.2,-1.5,-1.6,-0.9999999999999999,0.3999999999999999,-0.5,0.0,-0.1,0.2,0.3,0.0,2024-25,20250119|Tottenham Hotspur|Everton,3,2,5,home
2025-01-20,Chelsea,Wolverhampton Wanderers,0.8301827633062316,0.6,0.8,1.4,-0.6,0.0,0.6,1.8,2.0,1.3,0.7,0.5,0.3,6.0,1.4,1.4,1.6,-0.2,0.4,0.2,1.0,1.5,2.1,-0.6,0.3,0.1,5.0,1.6,0.9,0.4,-0.6,-0.7999999999999999,0.8,-0.5999999999999999,0.5,-0.20000000000000018,-0.8,-0.39999999999999997,1.2999999999999998,-0.4,0.2,0.39999999999999997,0.19999999999999998,1.0,2024-25,20250120|Wolverhampton Wanderers|Chelsea,3,1,4,home
2025-01-25,Wolverhampton Wanderers,Arsenal,0.16243778054172275,0.8,1.0,2.2,-1.2,0.2,0.2,0.7,1.2,2.3,-1.1,0.2,0.1,5.0,2.2,1.8,1.0,0.8,0.6,0.4,2.2,2.2,0.9,1.3,0.6,0.4,7.0,0.7,1.6,-0.9,0.7,-1.4000000000000001,-1.5000000000000002,-0.8,-1.0000000000000002,1.2000000000000002,1.4,-2.0,-2.4000000000000004,-0.39999999999999997,-0.39999999999999997,-0.2,-0.30000000000000004,-2.0,2024-25,20250125|Arsenal|Wolverhampton Wanderers,0,1,1,away
2025-01-25,Manchester City,Chelsea,0.7131118342793278,2.2,3.0,0.8,2.2,0.6,0.4,1.5,2.2,1.2,1.0,0.4,0.3,6.0,1.0,1.4,1.6,-0.2,0.2,0.4,1.8,2.1,1.3,0.8,0.5,0.3,5.0,2.0,1.8,0.7,0.7,1.2000000000000002,-0.30000000000000004,1.6,0.10000000000000009,-0.8,-0.10000000000000009,2.4000000000000004,0.19999999999999996,0.39999999999999997,-0.09999999999999998,0.0,0.0,1.0,2024-25,20250125|Chelsea|Manchester City,3,1,4,home
2025-01-25,Brighton and Hove Albion,Everton,0.7235614993305901,1.8,1.6,0.8,0.8,0.4,0.6,1.2,1.4,1.4,0.0,0.2,0.6,6.0,0.8,0.8,1.4,-0.6,0.2,0.2,1.0,0.8,1.1,-0.3,0.2,0.4,6.0,1.5,0.7,0.1,-0.9,1.0,0.19999999999999996,0.8,0.5999999999999999,-0.5999999999999999,0.2999999999999998,1.4,0.3,0.2,0.0,0.39999999999999997,0.19999999999999996,0.0,2024-25,20250125|Everton|Brighton and Hove Albion,0,1,1,away
2025-01-25,Liverpool,Ipswich,0.9165599561642161,2.2,2.6,0.8,1.8,0.6,0.4,2.2,2.9,1.4,1.5,0.6,0.4,7.0,0.8,0.8,2.2,-1.4,0.2,0.2,0.7,0.7,2.0,-1.3,0.2,0.1,6.0,2.3,0.9,1.2,-0.7,1.4000000000000001,1.5000000000000002,1.8,2.2,-1.4000000000000001,-0.6000000000000001,3.2,2.8,0.39999999999999997,0.39999999999999997,0.2,0.30000000000000004,1.0,2024-25,20250125|Ipswich|Liverpool,4,1,5,home
2025-01-25,Southampton,Newcastle United,0.15879523432984813,0.0,0.8,2.8,-2.0,0.0,0.0,0.2,0.6,2.6,-2.0,0.0,0.2,6.0,2.4,2.2,1.0,1.2,0.8,0.0,2.0,2.5,1.3,1.2,0.6,0.2,7.0,0.4,1.7,-2.0,0.5,-2.4,-1.8,-1.4000000000000001,-1.9,1.7999999999999998,1.3,-3.2,-3.2,-0.8,-0.6,0.0,0.0,-1.0,2024-25,20250125|Newcastle United|Southampton,1,3,4,away
2025-01-25,Bournemouth,Nottingham Forest,0.5994650358301522,1.8,1.8,1.0,0.8,0.4,0.6,2.2,2.0,0.9,1.1,0.6,0.4,7.0,2.6,2.0,0.6,1.4,0.8,0.2,2.5,1.8,0.9,0.9,0.8,0.1,6.0,1.8,2.0,0.5,0.5,-0.8,-0.2999999999999998,-0.19999999999999996,0.19999999999999996,0.4,0.0,-0.5999999999999999,0.20000000000000007,-0.4,-0.20000000000000007,0.39999999999999997,0.30000000000000004,1.0,2024-25,20250125|Nottingham Forest|Bournemouth,5,0,5,home
2025-01-26,Crystal Palace,Brentford,0.6681532393268476,2.2,1.4,0.4,1.0,0.6,0.4,1.9,1.5,1.1,0.4,0.5,0.4,8.0,1.0,1.6,1.4,0.2,0.2,0.4,1.1,1.8,1.7,0.1,0.3,0.2,8.0,1.1,0.5,-0.5,-0.5,1.2000000000000002,0.7999999999999998,-0.20000000000000018,-0.30000000000000004,-0.9999999999999999,-0.5999999999999999,0.8,0.30000000000000004,0.39999999999999997,0.2,0.0,0.2,0.0,2024-25,20250126|Brentford|Crystal Palace,1,2,3,away
2025-01-26,Tottenham Hotspur,Leicester City,0.7822903708002558,0.2,1.2,2.0,-0.8,0.0,0.2,0.5,1.8,2.2,-0.4,0.1,0.2,7.0,0.0,0.4,2.2,-1.8,0.0,0.0,0.4,0.8,2.5,-1.7,0.1,0.1,8.0,1.1,0.5,0.1,-1.5,0.2,0.09999999999999998,0.7999999999999999,1.0,-0.20000000000000018,-0.2999999999999998,1.0,1.2999999999999998,0.0,0.0,0.2,0.1,-1.0,2024-25,20250126|Leicester City|Tottenham Hotspur,1,2,3,away
2025-01-26,Fulham,Manchester United,0.6383001884335454,1.6,2.0,1.6,0.4,0.4,0.4,1.5,1.7,1.3,0.4,0.3,0.6,8.0,0.8,1.2,2.0,-0.8,0.2,0.2,1.0,1.4,1.9,-0.5,0.3,0.1,7.0,1.4,1.0,0.0,-0.2,0.8,0.5,0.8,0.30000000000000004,-0.3999999999999999,-0.5999999999999999,1.2000000000000002,0.9,0.2,0.0,0.2,0.5,1.0,2024-25,20250126|Manchester United|Fulham,0,1,1,away
2025-01-26,Aston Villa,West Ham United,0.7408008403813838,1.6,1.4,1.6,-0.2,0.4,0.4,1.7,1.4,1.5,-0.1,0.5,0.2,8.0,1.2,1.0,2.6,-1.6,0.4,0.0,1.1,1.2,2.4,-1.2,0.3,0.2,8.0,2.2,1.2,0.8,-0.6,0.40000000000000013,0.5999999999999999,0.3999999999999999,0.19999999999999996,-1.0,-0.8999999999999999,1.4000000000000001,1.0999999999999999,0.0,0.2,0.4,0.0,0.0,2024-25,20250126|West Ham United|Aston Villa,1,1,2,draw
2025-02-01,Wolverhampton Wanderers,Aston Villa,0.32796179995770053,0.2,0.6,2.4,-1.8,0.0,0.2,0.7,1.0,2.0,-1.0,0.2,0.1,7.0,1.8,1.6,1.2,0.4,0.4,0.6,1.8,1.5,1.3,0.2,0.5,0.3,6.0,0.7,1.1,-0.6,-0.8,-1.6,-1.1,-1.0,-0.5,1.2,0.7,-2.2,-1.2,-0.4,-0.3,-0.39999999999999997,-0.19999999999999998,1.0,2024-25,20250201|Aston Villa|Wolverhampton Wanderers,2,0,2,home
2025-02-01,Nottingham Forest,Brighton and Hove Albion,0.6219878788957334,2.0,1.8,1.6,0.2,0.6,0.2,2.2,1.7,1.4,0.3,0.7,0.1,7.0,1.6,1.6,1.0,0.6,0.4,0.4,1.1,1.3,1.4,-0.1,0.2,0.5,7.0,2.0,1.5,0.5,0.1,0.3999999999999999,1.1,0.19999999999999996,0.3999999999999999,0.6000000000000001,0.0,-0.39999999999999997,0.4,0.19999999999999996,0.49999999999999994,-0.2,-0.4,0.0,2024-25,20250201|Brighton and Hove Albion|Nottingham Forest,7,0,7,home
2025-02-01,Newcastle United,Fulham,0.7112821324518415,2.4,2.2,1.2,1.0,0.8,0.0,2.2,2.7,1.3,1.4,0.7,0.1,7.0,1.0,1.6,1.6,0.0,0.2,0.4,1.4,1.6,1.3,0.3,0.3,0.5,6.0,1.7,1.6,0.6,0.4,1.4,0.8000000000000003,0.6000000000000001,1.1,-0.40000000000000013,0.0,1.0,1.0999999999999999,0.6000000000000001,0.39999999999999997,-0.4,-0.4,1.0,2024-25,20250201|Fulham|Newcastle United,1,2,3,away
2025-02-01,Everton,Leicester City,0.7295834927739218,1.2,0.8,1.2,-0.4,0.4,0.0,1.2,0.9,1.1,-0.2,0.3,0.3,7.0,0.6,0.6,1.8,-1.2,0.2,0.0,0.7,0.9,2.2,-1.3,0.2,0.1,6.0,1.3,0.8,0.2,-1.3,0.6,0.5,0.20000000000000007,0.0,-0.6000000000000001,-1.1,0.7999999999999999,1.1,0.2,0.09999999999999998,0.0,0.19999999999999998,1.0,2024-25,20250201|Leicester City|Everton,4,0,4,home
2025-02-01,Bournemouth,Liverpool,0.3492576820677539,2.2,2.8,1.0,1.8,0.6,0.4,2.2,2.1,0.7,1.4,0.6,0.4,7.0,2.2,2.8,0.8,2.0,0.6,0.4,2.2,3.0,1.3,1.7,0.6,0.4,7.0,2.0,2.4,1.0,1.6,0.0,0.0,0.0,-0.8999999999999999,0.19999999999999996,-0.6000000000000001,-0.19999999999999996,-0.30000000000000004,0.0,0.0,0.0,0.0,0.0,2024-25,20250201|Liverpool|Bournemouth,0,2,2,away
2025-02-01,Ipswich,Southampton,0.7907535415934728,0.8,1.0,2.8,-1.8,0.2,0.2,0.7,0.8,2.3,-1.5,0.2,0.1,7.0,0.0,1.0,3.2,-2.2,0.0,0.0,0.1,0.6,2.8,-2.2,0.0,0.1,7.0,0.6,0.2,-1.4,-1.2,0.8,0.6,0.0,0.20000000000000007,-0.40000000000000036,-0.5,0.40000000000000013,0.7000000000000002,0.2,0.2,0.2,0.0,0.0,2024-25,20250201|Southampton|Ipswich,1,2,3,away
2025-02-02,Manchester United,Crystal Palace,0.5891184324022344,1.4,1.4,1.6,-0.2,0.4,0.2,1.0,1.1,1.9,-0.8,0.3,0.1,7.0,2.0,1.6,0.8,0.8,0.6,0.2,1.8,1.5,1.2,0.3,0.5,0.3,7.0,1.3,1.6,-0.1,0.5,-0.6000000000000001,-0.8,-0.20000000000000018,-0.3999999999999999,0.8,0.7,-1.0,-1.1,-0.19999999999999996,-0.2,0.0,-0.19999999999999998,0.0,2024-25,20250202|Crystal Palace|Manchester United,0,2,2,away
2025-02-02,Arsenal,Manchester City,0.6358080148393649,2.2,1.8,1.0,0.8,0.6,0.4,2.2,1.8,0.7,1.1,0.6,0.4,8.0,2.6,3.4,0.8,2.6,0.8,0.2,1.8,2.5,1.1,1.4,0.5,0.3,8.0,2.2,1.2,1.1,0.4,-0.3999999999999999,0.40000000000000013,-1.5999999999999999,-0.7,0.19999999999999996,-0.40000000000000013,-1.8,-0.2999999999999998,-0.20000000000000007,0.09999999999999998,0.2,0.10000000000000003,0.0,2024-25,20250202|Manchester City|Arsenal,5,1,6,home
2025-02-02,Brentford,Tottenham Hotspur,0.6173398670830749,1.4,2.0,1.6,0.4,0.4,0.2,1.1,1.6,1.7,-0.1,0.3,0.2,7.0,0.2,1.4,2.2,-0.8,0.0,0.2,0.4,1.8,2.3,-0.5,0.1,0.1,7.0,1.7,0.9,0.3,0.5,1.2,0.7000000000000001,0.6000000000000001,-0.19999999999999996,-0.6000000000000001,-0.5999999999999999,1.2000000000000002,0.4,0.4,0.19999999999999998,0.0,0.1,0.0,2024-25,20250202|Tottenham Hotspur|Brentford,0,2,2,away
2025-02-03,Chelsea,West Ham United,0.757484040987898,1.0,1.4,1.8,-0.4,0.2,0.4,1.5,1.9,1.6,0.3,0.4,0.3,9.0,0.8,1.0,2.8,-1.8,0.2,0.2,1.2,1.1,2.0,-0.9,0.3,0.3,8.0,1.9,1.0,0.8,-0.8,0.19999999999999996,0.30000000000000004,0.3999999999999999,0.7999999999999998,-0.9999999999999998,-0.3999999999999999,1.4,1.2,0.0,0.10000000000000003,0.2,0.0,1.0,2024-25,20250203|West Ham United|Chelsea,2,1,3,home
2025-02-12,Everton,Liverpool,0.2106655803195734,1.8,1.6,0.8,0.8,0.6,0.0,1.5,1.3,0.7,0.6,0.4,0.3,11.0,2.2,2.2,0.8,1.4,0.6,0.4,2.2,3.0,1.3,1.7,0.6,0.4,11.0,1.6,2.4,0.7,1.5,-0.40000000000000013,-0.7000000000000002,-0.6000000000000001,-1.7,0.0,-0.6000000000000001,-0.5999999999999999,-1.1,0.0,-0.19999999999999996,-0.4,-0.10000000000000003,0.0,2024-25,20250212|Liverpool|Everton,2,2,4,draw
2025-02-14,Brighton and Hove Albion,Chelsea,0.45750386546042004,1.4,1.2,2.0,-0.8,0.4,0.2,1.1,1.2,1.8,-0.6,0.2,0.5,13.0,1.6,1.8,1.6,0.2,0.4,0.4,1.5,1.6,1.6,0.0,0.4,0.3,11.0,1.2,1.5,-0.1,0.4,-0.20000000000000018,-0.3999999999999999,-0.6000000000000001,-0.40000000000000013,0.3999999999999999,0.19999999999999996,-1.0,-0.6,0.0,-0.2,-0.2,0.2,2.0,2024-25,20250214|Chelsea|Brighton and Hove Albion,3,0,3,home
2025-02-15,Leicester City,Arsenal,0.1214004898749046,0.6,0.6,2.2,-1.6,0.2,0.0,0.4,0.6,2.5,-1.9,0.1,0.1,14.0,2.2,2.2,1.0,1.2,0.6,0.4,2.2,2.1,0.8,1.3,0.6,0.4,13.0,0.8,1.6,-0.9,0.7,-1.6,-1.8000000000000003,-1.6,-1.5,1.2000000000000002,1.7,-2.8,-3.2,-0.39999999999999997,-0.5,-0.4,-0.30000000000000004,1.0,2024-25,20250215|Arsenal|Leicester City,0,2,2,away
2025-02-15,Southampton,Bournemouth,0.18905603231583804,0.6,1.2,3.0,-1.8,0.2,0.0,0.4,0.7,2.4,-1.7,0.1,0.1,14.0,2.0,2.4,1.0,1.4,0.6,0.2,1.9,2.0,0.9,1.1,0.5,0.4,14.0,0.4,1.5,-2.1,0.4,-1.4,-1.5,-1.2,-1.3,2.0,1.5,-3.2,-2.8,-0.39999999999999997,-0.4,-0.2,-0.30000000000000004,0.0,2024-25,20250215|Bournemouth|Southampton,1,3,4,away
2025-02-15,West Ham United,Brentford,0.5785113068759263,0.8,1.2,2.2,-1.0,0.2,0.2,1.2,1.1,1.9,-0.8,0.3,0.3,12.0,1.4,1.8,1.4,0.4,0.4,0.2,1.1,1.5,1.6,-0.1,0.3,0.2,13.0,1.4,0.8,-0.7,-0.2,-0.5999999999999999,0.09999999999999987,-0.6000000000000001,-0.3999999999999999,0.8000000000000003,0.2999999999999998,-1.4,-0.7000000000000001,-0.2,0.0,0.0,0.09999999999999998,-1.0,2024-25,20250215|Brentford|West Ham United,0,1,1,away
2025-02-15,Crystal Palace,Everton,0.65640024400031,2.0,1.6,0.6,1.0,0.6,0.2,1.8,1.6,1.2,0.4,0.5,0.3,13.0,2.0,2.0,1.0,1.0,0.6,0.2,1.3,1.1,0.9,0.2,0.3,0.4,3.0,1.0,1.0,-0.6,-0.4,0.0,0.5,-0.3999999999999999,0.5,-0.4,0.29999999999999993,0.0,0.2,0.0,0.2,0.0,-0.10000000000000003,10.0,2024-25,20250215|Everton|Crystal Palace,1,2,3,away
2025-02-15,Aston Villa,Ipswich,0.7984747088621453,1.6,1.2,1.2,0.0,0.4,0.4,1.5,1.2,1.4,-0.2,0.4,0.3,14.0,0.2,0.8,3.2,-2.4,0.0,0.2,0.7,0.9,2.4,-1.5,0.2,0.1,14.0,2.0,0.9,0.7,-0.7,1.4000000000000001,0.8,0.3999999999999999,0.29999999999999993,-2.0,-1.0,2.4,1.3,0.4,0.2,0.2,0.19999999999999998,0.0,2024-25,20250215|Ipswich|Aston Villa,1,1,2,draw
2025-02-15,Manchester City,Newcastle United,0.7416700219725059,2.0,3.2,1.8,1.4,0.6,0.2,1.5,2.3,1.6,0.7,0.4,0.3,13.0,1.8,2.0,1.6,0.4,0.6,0.0,2.1,2.5,1.2,1.3,0.7,0.0,14.0,2.0,1.7,0.6,0.6,0.19999999999999996,-0.6000000000000001,1.2000000000000002,-0.20000000000000018,0.19999999999999996,0.40000000000000013,0.9999999999999999,-0.6000000000000001,0.0,-0.29999999999999993,0.2,0.3,-1.0,2024-25,20250215|Newcastle United|Manchester City,4,0,4,home
2025-02-15,Fulham,Nottingham Forest,0.5405720464986984,1.4,1.6,1.4,0.2,0.4,0.2,1.4,1.5,1.3,0.2,0.3,0.5,14.0,2.0,2.8,1.6,1.2,0.6,0.2,2.5,2.4,1.1,1.3,0.8,0.1,14.0,1.3,1.7,-0.1,-0.1,-0.6000000000000001,-1.1,-1.1999999999999997,-0.8999999999999999,-0.20000000000000018,0.19999999999999996,-1.0,-1.1,-0.19999999999999996,-0.5,0.0,0.4,0.0,2024-25,20250215|Nottingham Forest|Fulham,2,1,3,home
2025-02-16,Tottenham Hotspur,Manchester United,0.5918682927333725,0.6,1.4,1.8,-0.4,0.2,0.0,0.7,2.0,2.2,-0.2,0.2,0.1,14.0,1.4,1.4,1.6,-0.2,0.4,0.2,1.0,1.1,1.9,-0.8,0.3,0.1,14.0,1.1,1.3,0.1,0.0,-0.7999999999999999,-0.30000000000000004,0.0,0.8999999999999999,0.19999999999999996,0.30000000000000027,-0.2,0.6000000000000001,-0.2,-0.09999999999999998,-0.2,0.0,0.0,2024-25,20250216|Manchester United|Tottenham Hotspur,1,0,1,home
2025-02-16,Liverpool,Wolverhampton Wanderers,0.9189959599191964,2.2,2.2,0.8,1.4,0.6,0.4,2.2,2.9,1.2,1.7,0.6,0.4,4.0,0.6,0.6,2.0,-1.4,0.2,0.0,1.0,1.2,1.6,-0.4,0.3,0.1,15.0,2.3,0.8,1.3,-0.8,1.6,1.2000000000000002,1.6,1.7,-1.2,-0.40000000000000013,2.8,2.1,0.39999999999999997,0.3,0.4,0.30000000000000004,-11.0,2024-25,20250216|Wolverhampton Wanderers|Liverpool,2,1,3,home
2025-02-19,Aston Villa,Liverpool,0.2946551508678613,1.2,1.0,1.2,-0.2,0.2,0.6,1.3,1.2,1.5,-0.3,0.3,0.4,4.0,2.6,2.4,0.8,1.6,0.8,0.2,2.4,2.9,1.1,1.8,0.7,0.3,3.0,1.8,2.2,0.5,1.4,-1.4000000000000001,-1.0999999999999999,-1.4,-1.7,0.3999999999999999,0.3999999999999999,-1.8,-2.1,-0.6000000000000001,-0.39999999999999997,0.39999999999999997,0.10000000000000003,1.0,2024-25,20250219|Liverpool|Aston Villa,2,2,4,draw
2025-02-21,Leicester City,Brentford,0.38874769509559404,0.6,0.4,2.2,-1.8,0.2,0.0,0.3,0.4,2.5,-2.1,0.1,0.0,6.0,1.4,1.0,1.4,-0.4,0.4,0.2,1.1,1.2,1.4,-0.2,0.3,0.2,6.0,0.7,1.1,-1.1,0.0,-0.7999999999999999,-0.8,-0.6,-0.7999999999999999,0.8000000000000003,1.1,-1.4,-1.9000000000000001,-0.2,-0.19999999999999998,-0.2,-0.2,0.0,2024-25,20250221|Brentford|Leicester City,0,4,4,away
2025-02-22,Southampton,Brighton and Hove Albion,0.2249968472344599,0.6,1.4,2.6,-1.2,0.2,0.0,0.4,0.8,2.6,-1.8,0.1,0.1,7.0,1.8,1.6,1.8,-0.2,0.6,0.0,1.3,1.3,1.6,-0.3,0.3,0.4,8.0,0.4,1.5,-2.0,-0.4,-1.2000000000000002,-0.9,-0.20000000000000018,-0.5,0.8,1.0,-1.0,-1.5,-0.39999999999999997,-0.19999999999999998,0.0,-0.30000000000000004,-1.0,2024-25,20250222|Brighton and Hove Albion|Southampton,0,4,4,away
2025-02-22,Aston Villa,Chelsea,0.5387333415712534,0.8,1.2,1.6,-0.4,0.0,0.8,1.4,1.3,1.5,-0.2,0.3,0.5,3.0,1.4,1.6,2.0,-0.4,0.4,0.2,1.2,1.2,1.6,-0.4,0.3,0.3,8.0,1.8,1.2,0.5,-0.2,-0.5999999999999999,0.19999999999999996,-0.40000000000000013,0.10000000000000009,-0.3999999999999999,-0.10000000000000009,0.0,0.2,-0.4,0.0,0.6000000000000001,0.2,-5.0,2024-25,20250222|Chelsea|Aston Villa,2,1,3,home
2025-02-22,Fulham,Crystal Palace,0.6314413982210463,1.8,1.6,1.2,0.4,0.6,0.0,1.6,1.6,1.3,0.3,0.4,0.4,7.0,1.8,1.6,0.8,0.8,0.6,0.0,1.7,1.5,1.2,0.3,0.5,0.2,7.0,1.3,1.8,-0.2,0.7,0.0,-0.09999999999999987,0.0,0.10000000000000009,0.3999999999999999,0.10000000000000009,-0.4,0.0,0.0,-0.09999999999999998,0.0,0.2,0.0,2024-25,20250222|Crystal Palace|Fulham,0,2,2,away
2025-02-22,Everton,Manchester United,0.6180926326094947,2.6,2.4,1.0,1.4,0.8,0.2,1.5,1.3,1.0,0.3,0.4,0.3,7.0,1.2,1.0,1.4,-0.4,0.4,0.0,1.0,0.9,1.7,-0.8,0.3,0.1,6.0,1.4,1.0,0.6,-0.4,1.4000000000000001,0.5,1.4,0.4,-0.3999999999999999,-0.7,1.7999999999999998,1.1,0.4,0.10000000000000003,0.2,0.19999999999999998,1.0,2024-25,20250222|Manchester United|Everton,2,2,4,draw
2025-02-22,Ipswich,Tottenham Hotspur,0.42960661956845436,0.2,0.6,3.0,-2.4,0.0,0.2,0.8,0.9,2.3,-1.4,0.2,0.2,7.0,1.2,1.4,1.4,0.0,0.4,0.0,1.0,1.8,1.8,0.0,0.3,0.1,6.0,0.5,1.2,-1.5,0.8,-1.0,-0.19999999999999996,-0.7999999999999999,-0.9,1.6,0.4999999999999998,-2.4,-1.4,-0.4,-0.09999999999999998,0.2,0.1,1.0,2024-25,20250222|Tottenham Hotspur|Ipswich,1,4,5,away
2025-02-22,Arsenal,West Ham United,0.8983436993004318,2.6,2.4,0.8,1.6,0.8,0.2,2.4,2.2,0.7,1.5,0.7,0.3,7.0,0.8,1.0,1.6,-0.6,0.2,0.2,0.9,0.9,1.9,-1.0,0.2,0.3,7.0,2.4,0.9,1.5,-0.9,1.8,1.5,1.4,1.3000000000000003,-0.8,-1.2,2.2,2.5,0.6000000000000001,0.49999999999999994,0.0,0.0,0.0,2024-25,20250222|West Ham United|Arsenal,0,1,1,away
2025-02-22,Bournemouth,Wolverhampton Wanderers,0.8017931207511785,2.0,2.8,1.2,1.6,0.6,0.2,1.9,2.1,0.9,1.2,0.5,0.4,7.0,0.6,0.8,1.8,-1.0,0.2,0.0,1.0,1.2,1.6,-0.4,0.3,0.1,6.0,2.0,0.8,0.9,-0.7,1.4,0.8999999999999999,1.9999999999999998,0.9000000000000001,-0.6000000000000001,-0.7000000000000001,2.6,1.6,0.39999999999999997,0.2,0.2,0.30000000000000004,1.0,2024-25,20250222|Wolverhampton Wanderers|Bournemouth,0,1,1,away
2025-02-23,Manchester City,Liverpool,0.5200425629841567,2.0,3.2,1.6,1.6,0.6,0.2,1.7,2.5,1.4,1.1,0.5,0.2,8.0,2.2,2.4,1.2,1.2,0.6,0.4,2.2,2.5,1.0,1.5,0.6,0.4,4.0,2.0,2.0,0.9,1.3,-0.20000000000000018,-0.5000000000000002,0.8000000000000003,0.0,0.40000000000000013,0.3999999999999999,0.40000000000000013,-0.3999999999999999,0.0,-0.09999999999999998,-0.2,-0.2,4.0,2024-25,20250223|Liverpool|Manchester City,0,2,2,away
2025-02-23,Newcastle United,Nottingham Forest,0.6196928223809753,1.2,1.6,2.2,-0.6,0.4,0.0,2.1,2.3,1.2,1.1,0.7,0.0,8.0,1.4,2.4,2.0,0.4,0.4,0.2,2.2,2.2,1.1,1.1,0.7,0.1,8.0,1.4,1.6,0.4,-0.2,-0.19999999999999996,-0.10000000000000009,-0.7999999999999998,0.09999999999999964,0.20000000000000018,0.09999999999999987,-1.0,0.0,0.0,0.0,-0.2,-0.1,0.0,2024-25,20250223|Nottingham Forest|Newcastle United,4,3,7,home
2025-02-25,Crystal Palace,Aston Villa,0.5432743989256912,1.8,1.6,0.8,0.8,0.6,0.0,1.7,1.4,1.1,0.3,0.5,0.2,3.0,1.2,1.2,1.4,-0.2,0.2,0.6,1.4,1.3,1.5,-0.2,0.3,0.5,3.0,0.9,0.8,-0.7,-1.1,0.6000000000000001,0.30000000000000004,0.40000000000000013,0.09999999999999987,-0.5999999999999999,-0.3999999999999999,1.0,0.5,0.39999999999999997,0.2,-0.6,-0.3,0.0,2024-25,20250225|Aston Villa|Crystal Palace,4,1,5,home
2025-02-25,Brighton and Hove Albion,Bournemouth,0.5646582778895802,1.8,2.0,1.8,0.2,0.6,0.0,1.6,1.6,1.3,0.3,0.4,0.4,3.0,1.8,2.4,1.0,1.4,0.6,0.0,1.8,2.0,0.9,1.1,0.5,0.3,3.0,1.4,1.8,0.2,0.9,0.0,-0.19999999999999996,-0.3999999999999999,-0.3999999999999999,0.8,0.4,-1.2,-0.8,0.0,-0.09999999999999998,0.0,0.10000000000000003,0.0,2024-25,20250225|Bournemouth|Brighton and Hove Albion,2,1,3,home
2025-02-25,Wolverhampton Wanderers,Fulham,0.45477703183229606,1.2,1.0,1.2,-0.2,0.4,0.0,1.3,1.2,1.4,-0.2,0.4,0.1,3.0,1.8,1.2,1.0,0.2,0.6,0.0,1.5,1.4,1.3,0.1,0.4,0.3,3.0,1.0,1.8,-0.3,0.5,-0.6000000000000001,-0.19999999999999996,-0.19999999999999996,-0.19999999999999996,0.19999999999999996,0.09999999999999987,-0.4,-0.30000000000000004,-0.19999999999999996,0.0,0.0,-0.19999999999999998,0.0,2024-25,20250225|Fulham|Wolverhampton Wanderers,1,2,3,away
2025-02-25,Chelsea,Southampton,0.9089149504881252,1.2,1.4,2.0,-0.6,0.4,0.0,0.9,1.1,1.7,-0.6,0.2,0.3,3.0,0.6,1.2,2.8,-1.6,0.2,0.0,0.4,0.8,2.5,-1.7,0.1,0.1,3.0,2.1,0.5,0.9,-0.9,0.6,0.5,0.19999999999999996,0.30000000000000004,-0.7999999999999998,-0.8,1.0,1.1,0.2,0.1,0.0,0.19999999999999998,0.0,2024-25,20250225|Southampton|Chelsea,4,0,4,home
2025-02-26,Nottingham Forest,Arsenal,0.32172860931090225,1.2,2.8,2.6,0.2,0.4,0.0,1.9,2.3,1.4,0.9,0.6,0.1,3.0,2.0,2.0,0.8,1.2,0.6,0.2,2.3,2.2,0.8,1.4,0.7,0.2,4.0,2.2,1.8,1.2,0.9,-0.8,-0.3999999999999999,0.7999999999999998,0.09999999999999964,1.8,0.5999999999999999,-1.0,-0.4999999999999999,-0.19999999999999996,-0.09999999999999998,-0.2,-0.1,-1.0,2024-25,20250226|Arsenal|Nottingham Forest,0,0,0,draw
2025-02-26,Brentford,Everton,0.5999986996502604,1.8,1.4,1.0,0.4,0.6,0.0,1.4,1.5,1.2,0.3,0.4,0.2,5.0,2.2,2.2,1.0,1.2,0.6,0.4,1.5,1.5,1.2,0.3,0.4,0.3,4.0,1.6,1.3,0.1,-0.2,-0.40000000000000013,-0.10000000000000009,-0.8000000000000003,0.0,0.0,0.0,-0.7999999999999999,0.0,0.0,0.0,-0.4,-0.09999999999999998,1.0,2024-25,20250226|Everton|Brentford,1,1,2,draw
2025-02-26,Manchester United,Ipswich,0.7320411231935126,0.8,0.8,1.6,-0.8,0.2,0.2,0.8,0.9,1.8,-0.9,0.2,0.2,4.0,0.2,0.8,3.4,-2.6,0.0,0.2,0.5,0.8,2.6,-1.8,0.1,0.2,4.0,1.3,0.9,0.0,-0.7,0.6000000000000001,0.30000000000000004,0.0,0.09999999999999998,-1.7999999999999998,-0.8,1.8,0.9,0.2,0.1,0.0,0.0,0.0,2024-25,20250226|Ipswich|Manchester United,3,2,5,home
2025-02-26,Tottenham Hotspur,Manchester City,0.34450856451745887,1.8,2.0,1.2,0.8,0.6,0.0,1.0,1.7,1.9,-0.2,0.3,0.1,4.0,1.8,2.8,1.6,1.2,0.6,0.0,1.7,2.4,1.4,1.0,0.5,0.2,3.0,1.1,1.1,0.0,0.0,0.0,-0.7,-0.7999999999999998,-0.7,-0.40000000000000013,0.5,-0.3999999999999999,-1.2,0.0,-0.2,0.0,-0.1,1.0,2024-25,20250226|Manchester City|Tottenham Hotspur,0,1,1,away
2025-02-26,Liverpool,Newcastle United,0.8152525392866965,2.2,2.0,1.0,1.0,0.6,0.4,2.2,2.4,0.9,1.5,0.6,0.4,3.0,1.2,1.8,2.8,-1.0,0.4,0.0,2.1,2.3,1.5,0.8,0.7,0.0,3.0,2.6,1.7,1.5,0.4,1.0000000000000002,0.10000000000000009,0.19999999999999996,0.10000000000000009,-1.7999999999999998,-0.6,2.0,0.7,0.19999999999999996,-0.09999999999999998,0.4,0.4,0.0,2024-25,20250226|Newcastle United|Liverpool,2,0,2,home
2025-02-27,West Ham United,Leicester City,0.7654643808443913,0.8,0.6,1.2,-0.6,0.2,0.2,1.1,0.9,1.8,-0.9,0.3,0.2,5.0,0.6,0.4,2.6,-2.2,0.2,0.0,0.3,0.4,2.5,-2.1,0.1,0.0,6.0,1.4,0.7,-0.5,-1.7,0.20000000000000007,0.8,0.19999999999999996,0.5,-1.4000000000000001,-0.7,1.6,1.2000000000000002,0.0,0.19999999999999998,0.2,0.2,-1.0,2024-25,20250227|Leicester City|West Ham United,2,0,2,home
2025-03-08,Brentford,Aston Villa,0.5205741689608452,2.0,1.6,0.8,0.8,0.6,0.2,1.5,1.6,1.1,0.5,0.4,0.3,10.0,1.0,1.2,2.0,-0.8,0.2,0.4,1.4,1.4,1.6,-0.2,0.3,0.5,11.0,1.4,0.7,-0.1,-1.4,1.0,0.10000000000000009,0.40000000000000013,0.20000000000000018,-1.2,-0.5,1.6,0.7,0.39999999999999997,0.10000000000000003,-0.2,-0.2,-1.0,2024-25,20250308|Aston Villa|Brentford,0,1,1,away
2025-03-08,Wolverhampton Wanderers,Everton,0.46923719743482617,1.2,1.0,1.0,0.0,0.4,0.0,1.0,1.0,1.6,-0.6,0.3,0.1,11.0,1.8,2.2,1.2,1.0,0.4,0.6,1.5,1.5,1.2,0.3,0.4,0.3,10.0,1.0,1.3,-0.3,-0.2,-0.6000000000000001,-0.5,-1.2000000000000002,-0.5,-0.19999999999999996,0.40000000000000013,-1.0,-0.8999999999999999,0.0,-0.10000000000000003,-0.6,-0.19999999999999998,1.0,2024-25,20250308|Everton|Wolverhampton Wanderers,1,1,2,draw
2025-03-08,Brighton and Hove Albion,Fulham,0.6169836501375924,1.8,1.8,1.8,0.0,0.6,0.0,1.8,1.7,1.3,0.4,0.5,0.3,11.0,1.8,1.2,1.2,0.0,0.6,0.0,1.7,1.6,1.4,0.2,0.5,0.2,11.0,1.6,1.8,0.3,0.5,0.0,0.10000000000000009,0.6000000000000001,0.09999999999999987,0.6000000000000001,-0.09999999999999987,0.0,0.2,0.0,0.0,0.0,0.09999999999999998,0.0,2024-25,20250308|Fulham|Brighton and Hove Albion,2,1,3,home
2025-03-08,Crystal Palace,Ipswich,0.8024087263717445,1.8,2.0,1.0,1.0,0.6,0.0,2.0,1.7,0.7,1.0,0.6,0.2,11.0,0.2,1.2,2.8,-1.6,0.0,0.2,0.5,1.0,2.5,-1.5,0.1,0.2,10.0,1.2,0.8,-0.3,-0.8,1.6,1.5,0.8,0.7,-1.7999999999999998,-1.8,2.6,2.5,0.6,0.5,-0.2,0.0,1.0,2024-25,20250308|Ipswich|Crystal Palace,1,0,1,home
2025-03-08,Nottingham Forest,Manchester City,0.371805976368325,0.8,2.2,2.2,0.0,0.2,0.2,1.7,2.1,1.4,0.7,0.5,0.2,10.0,1.8,1.8,1.6,0.2,0.6,0.0,2.0,2.4,1.2,1.2,0.6,0.2,10.0,2.3,1.1,1.3,0.0,-1.0,-0.30000000000000004,0.40000000000000013,-0.2999999999999998,0.6000000000000001,0.19999999999999996,-0.2,-0.5,-0.39999999999999997,-0.09999999999999998,0.2,0.0,0.0,2024-25,20250308|Manchester City|Nottingham Forest,1,0,1,home
2025-03-08,Liverpool,Southampton,0.9701880720800632,2.2,2.0,1.0,1.0,0.6,0.4,2.2,2.1,0.9,1.2,0.6,0.4,10.0,0.6,0.8,3.0,-2.2,0.2,0.0,0.3,0.8,2.9,-2.1,0.1,0.0,11.0,2.6,0.5,1.4,-1.1,1.6,1.9000000000000001,1.2,1.3,-2.0,-2.0,3.2,3.3,0.39999999999999997,0.5,0.4,0.4,-1.0,2024-25,20250308|Southampton|Liverpool,3,1,4,home
2025-03-09,Manchester United,Arsenal,0.2659152594591969,1.4,1.2,1.4,-0.2,0.4,0.2,1.1,1.2,1.7,-0.5,0.3,0.2,11.0,2.0,1.6,0.4,1.2,0.6,0.2,2.1,1.7,0.7,1.0,0.6,0.3,11.0,1.3,1.9,0.0,1.1,-0.6000000000000001,-1.0,-0.40000000000000013,-0.5,0.9999999999999999,1.0,-1.4,-1.5,-0.19999999999999996,-0.3,0.0,-0.09999999999999998,0.0,2024-25,20250309|Arsenal|Manchester United,1,1,2,draw
2025-03-09,Tottenham Hotspur,Bournemouth,0.5348804080958829,1.8,1.6,0.8,0.8,0.6,0.0,1.0,1.4,1.4,0.0,0.3,0.1,11.0,1.2,1.8,1.2,0.6,0.4,0.0,1.5,1.8,1.1,0.7,0.4,0.3,12.0,0.8,1.8,-0.4,0.9,0.6000000000000001,-0.5,-0.19999999999999996,-0.40000000000000013,-0.3999999999999999,0.2999999999999998,0.20000000000000007,-0.7,0.19999999999999996,-0.10000000000000003,0.0,-0.19999999999999998,-1.0,2024-25,20250309|Bournemouth|Tottenham Hotspur,2,2,4,draw
2025-03-09,Chelsea,Leicester City,0.8651455103721443,1.2,1.6,1.8,-0.2,0.4,0.0,1.1,1.5,1.7,-0.2,0.3,0.2,12.0,0.6,0.4,2.6,-2.2,0.2,0.0,0.3,0.4,2.4,-2.0,0.1,0.0,10.0,2.1,0.7,1.1,-1.7,0.6,0.8,1.2000000000000002,1.1,-0.8,-0.7,2.0,1.8,0.2,0.19999999999999998,0.0,0.2,2.0,2024-25,20250309|Leicester City|Chelsea,1,0,1,home
2025-03-10,West Ham United,Newcastle United,0.4520139974270522,1.4,1.0,0.8,0.2,0.4,0.2,1.3,1.0,1.7,-0.7,0.4,0.1,11.0,1.2,1.6,2.4,-0.8,0.4,0.0,1.8,1.9,1.7,0.2,0.6,0.0,12.0,1.4,1.6,-0.6,0.2,0.19999999999999996,-0.5,-0.6000000000000001,-0.8999999999999999,-1.5999999999999999,0.0,1.0,-0.8999999999999999,0.0,-0.19999999999999996,0.2,0.1,-1.0,2024-25,20250310|Newcastle United|West Ham United,0,1,1,away
2025-03-15,Bournemouth,Brentford,0.6762850144458662,0.8,1.2,1.6,-0.4,0.2,0.2,1.5,2.0,1.3,0.7,0.4,0.3,6.0,1.4,1.2,0.8,0.4,0.4,0.2,1.4,1.6,1.2,0.4,0.4,0.2,7.0,1.7,1.4,0.6,0.6,-0.5999999999999999,0.10000000000000009,0.0,0.3999999999999999,0.8,0.10000000000000009,-0.8,0.29999999999999993,-0.2,0.0,0.0,0.09999999999999998,-1.0,2024-25,20250315|Brentford|Bournemouth,1,2,3,away
2025-03-15,Manchester City,Brighton and Hove Albion,0.7477574211485124,1.2,1.2,1.6,-0.4,0.4,0.0,1.9,2.3,1.2,1.1,0.6,0.1,7.0,2.4,2.2,1.8,0.4,0.8,0.0,2.0,1.9,1.4,0.5,0.6,0.2,7.0,1.9,1.5,0.7,-0.1,-1.2,-0.10000000000000009,-1.0000000000000002,0.3999999999999999,-0.19999999999999996,-0.19999999999999996,-0.8,0.6000000000000001,-0.4,0.0,0.0,-0.1,0.0,2024-25,20250315|Brighton and Hove Albion|Manchester City,2,2,4,draw
2025-03-15,Ipswich,Nottingham Forest,0.3129786794078276,0.2,1.0,2.2,-1.2,0.0,0.2,0.5,1.0,2.5,-1.5,0.1,0.2,7.0,1.4,2.4,1.2,1.2,0.4,0.2,1.7,2.1,1.4,0.7,0.5,0.2,7.0,0.5,1.5,-1.6,-0.3,-1.2,-1.2,-1.4,-1.1,1.0000000000000002,1.1,-2.4,-2.2,-0.4,-0.4,0.0,0.0,0.0,2024-25,20250315|Nottingham Forest|Ipswich,2,4,6,away
2025-03-15,Everton,West Ham United,0.6362736820902193,1.4,1.6,1.4,0.2,0.2,0.8,1.6,1.6,1.1,0.5,0.4,0.4,7.0,1.2,0.8,0.8,0.0,0.4,0.0,1.0,0.9,1.8,-0.9,0.3,0.1,5.0,1.4,1.1,0.6,-0.8,0.19999999999999996,0.6000000000000001,0.8,0.7000000000000001,0.5999999999999999,-0.7,0.2,1.4,-0.2,0.10000000000000003,0.8,0.30000000000000004,2.0,2024-25,20250315|West Ham United|Everton,1,1,2,draw
2025-03-15,Southampton,Wolverhampton Wanderers,0.3485899601707982,0.6,0.8,3.0,-2.2,0.2,0.0,0.3,0.9,3.1,-2.2,0.1,0.0,7.0,1.4,1.2,1.0,0.2,0.4,0.2,0.8,0.9,1.7,-0.8,0.2,0.2,7.0,0.3,1.1,-2.4,-0.4,-0.7999999999999999,-0.5,-0.3999999999999999,0.0,2.0,1.4000000000000001,-2.4000000000000004,-1.4000000000000001,-0.2,-0.1,-0.2,-0.2,0.0,2024-25,20250315|Wolverhampton Wanderers|Southampton,1,2,3,away
2025-03-16,Arsenal,Chelsea,0.766287219943686,1.6,1.6,0.6,1.0,0.4,0.4,1.9,1.7,0.8,0.9,0.5,0.4,7.0,1.8,1.6,1.2,0.4,0.6,0.0,1.4,1.5,1.5,0.0,0.4,0.2,7.0,2.1,1.2,1.2,-0.2,-0.19999999999999996,0.5,0.0,0.19999999999999996,-0.6,-0.7,0.6,0.9,-0.19999999999999996,0.09999999999999998,0.4,0.2,0.0,2024-25,20250316|Chelsea|Arsenal,1,0,1,home
2025-03-16,Leicester City,Manchester United,0.3451444879704234,0.0,0.0,2.6,-2.6,0.0,0.0,0.3,0.3,2.2,-1.9,0.1,0.0,7.0,1.0,1.2,1.6,-0.4,0.2,0.4,1.2,1.3,1.6,-0.3,0.3,0.3,7.0,0.4,1.0,-1.6,-0.4,-1.0,-0.8999999999999999,-1.2,-1.0,1.0,0.6000000000000001,-2.2,-1.5999999999999999,-0.2,-0.19999999999999998,-0.4,-0.3,0.0,2024-25,20250316|Manchester United|Leicester City,0,3,3,away
2025-03-16,Fulham,Tottenham Hotspur,0.6159028134961462,1.8,1.4,1.4,0.0,0.6,0.0,1.4,1.5,1.5,0.0,0.4,0.2,8.0,2.0,1.8,0.8,1.0,0.6,0.2,1.1,1.6,1.5,0.1,0.3,0.2,7.0,1.3,1.2,-0.2,0.8,-0.19999999999999996,0.2999999999999998,-0.40000000000000013,-0.10000000000000009,0.5999999999999999,0.0,-1.0,-0.1,0.0,0.10000000000000003,-0.2,0.0,1.0,2024-25,20250316|Tottenham Hotspur|Fulham,2,0,2,home
2025-04-01,Arsenal,Fulham,0.8198221039731808,1.6,0.8,0.4,0.4,0.4,0.4,1.9,1.5,0.7,0.8,0.5,0.4,16.0,1.8,1.4,1.2,0.2,0.6,0.0,1.6,1.5,1.3,0.2,0.5,0.1,16.0,2.1,1.8,1.1,0.5,-0.19999999999999996,0.2999999999999998,-0.5999999999999999,0.0,-0.7999999999999999,-0.6000000000000001,0.2,0.6000000000000001,-0.19999999999999996,0.0,0.4,0.30000000000000004,0.0,2024-25,20250401|Fulham|Arsenal,2,1,3,home
2025-04-01,Nottingham Forest,Manchester United,0.6784518740297175,1.4,1.8,1.6,0.2,0.4,0.2,1.7,2.3,1.6,0.7,0.5,0.2,17.0,1.6,1.8,1.2,0.6,0.4,0.4,1.5,1.6,1.4,0.2,0.4,0.3,16.0,2.3,1.2,1.3,-0.1,-0.20000000000000018,0.19999999999999996,0.0,0.6999999999999997,0.40000000000000013,0.20000000000000018,-0.39999999999999997,0.49999999999999994,0.0,0.09999999999999998,-0.2,-0.09999999999999998,1.0,2024-25,20250401|Manchester United|Nottingham Forest,1,0,1,home
2025-04-01,Wolverhampton Wanderers,West Ham United,0.526341080810288,1.4,1.2,1.2,0.0,0.4,0.2,1.0,0.9,1.6,-0.7,0.3,0.1,17.0,1.4,0.8,0.6,0.2,0.4,0.2,1.1,1.0,1.4,-0.4,0.3,0.2,17.0,1.1,1.2,-0.2,-0.5,0.0,-0.10000000000000009,0.3999999999999999,-0.09999999999999998,0.6,0.20000000000000018,-0.2,-0.29999999999999993,0.0,0.0,0.0,-0.1,0.0,2024-25,20250401|West Ham United|Wolverhampton Wanderers,1,0,1,home
2025-04-02,Brighton and Hove Albion,Aston Villa,0.5970389700489845,2.6,2.6,0.8,1.8,0.8,0.2,2.0,1.9,1.4,0.5,0.6,0.2,18.0,1.6,1.4,1.6,-0.2,0.4,0.4,1.6,1.3,1.4,-0.1,0.4,0.4,25.0,1.6,0.7,0.3,-1.5,1.0,0.3999999999999999,1.2000000000000002,0.5999999999999999,-0.8,0.0,2.0,0.6,0.4,0.19999999999999996,-0.2,-0.2,-7.0,2024-25,20250402|Aston Villa|Brighton and Hove Albion,0,3,3,away
2025-04-02,Newcastle United,Brentford,0.7034332475872477,1.2,1.2,2.2,-1.0,0.4,0.0,1.8,1.7,1.7,0.0,0.6,0.0,23.0,2.0,1.6,0.6,1.0,0.6,0.2,1.7,1.7,1.0,0.7,0.5,0.2,18.0,1.6,1.7,0.5,0.8,-0.8,0.10000000000000009,-0.40000000000000013,0.0,1.6,0.7,-2.0,-0.7,-0.19999999999999996,0.09999999999999998,-0.2,-0.2,5.0,2024-25,20250402|Brentford|Newcastle United,2,1,3,home
2025-04-02,Southampton,Crystal Palace,0.18704002598489847,0.0,0.6,3.2,-2.6,0.0,0.0,0.3,0.9,3.1,-2.2,0.1,0.0,18.0,2.4,2.0,0.6,1.4,0.8,0.0,2.2,1.8,0.7,1.1,0.7,0.1,25.0,0.3,2.1,-2.4,1.0,-2.4,-1.9000000000000001,-1.4,-0.9,2.6,2.4000000000000004,-4.0,-3.3000000000000003,-0.8,-0.6,0.0,-0.1,-7.0,2024-25,20250402|Crystal Palace|Southampton,1,1,2,draw
2025-04-02,Liverpool,Everton,0.8832251765944352,2.6,2.2,0.8,1.4,0.8,0.2,2.4,2.2,0.8,1.4,0.7,0.3,25.0,1.4,1.4,1.2,0.2,0.2,0.8,1.7,1.7,1.1,0.6,0.4,0.5,18.0,2.6,1.1,1.5,-0.4,1.2000000000000002,0.7,0.8000000000000003,0.5000000000000002,-0.3999999999999999,-0.30000000000000004,1.2,0.7999999999999999,0.6000000000000001,0.29999999999999993,-0.6000000000000001,-0.2,7.0,2024-25,20250402|Everton|Liverpool,1,0,1,home
2025-04-02,Bournemouth,Ipswich,0.8022120438315131,0.8,1.4,1.6,-0.2,0.2,0.2,1.4,1.9,1.3,0.6,0.4,0.2,18.0,0.2,1.2,2.6,-1.4,0.0,0.2,0.2,1.0,2.9,-1.9,0.0,0.2,18.0,1.4,0.8,0.3,-0.6,0.6000000000000001,1.2,0.19999999999999996,0.8999999999999999,-1.0,-1.5999999999999999,1.2,2.5,0.2,0.4,0.0,0.0,0.0,2024-25,20250402|Ipswich|Bournemouth,1,2,3,away
2025-04-02,Manchester City,Leicester City,0.9246577274491946,1.4,1.4,1.0,0.4,0.4,0.2,1.7,2.3,1.4,0.9,0.5,0.2,18.0,0.0,0.0,2.4,-2.4,0.0,0.0,0.3,0.3,2.3,-2.0,0.1,0.0,17.0,1.7,0.4,0.6,-1.9,1.4,1.4,1.4,1.9999999999999998,-1.4,-0.8999999999999999,2.8,2.9,0.4,0.4,0.2,0.2,1.0,2024-25,20250402|Leicester City|Manchester City,2,0,2,home
2025-04-03,Chelsea,Tottenham Hotspur,0.7024823668295591,1.2,1.2,1.2,0.0,0.4,0.0,1.4,1.5,1.4,0.1,0.4,0.2,18.0,1.4,1.4,1.2,0.2,0.4,0.2,1.0,1.4,1.5,-0.1,0.3,0.1,18.0,2.3,1.2,1.2,0.7,-0.19999999999999996,0.3999999999999999,-0.19999999999999996,0.10000000000000009,0.0,-0.10000000000000009,-0.2,0.2,0.0,0.10000000000000003,-0.2,0.1,0.0,2024-25,20250403|Tottenham Hotspur|Chelsea,1,0,1,home
2025-04-05,Everton,Arsenal,0.2609026021382491,0.8,1.0,1.2,-0.2,0.0,0.8,1.7,1.7,1.1,0.6,0.4,0.5,3.0,1.6,0.8,0.6,0.2,0.4,0.4,2.1,1.6,0.7,0.9,0.6,0.3,4.0,1.4,2.0,0.6,1.2,-0.8,-0.40000000000000013,0.19999999999999996,0.09999999999999987,0.6,0.40000000000000013,-0.4,-0.30000000000000004,-0.4,-0.19999999999999996,0.4,0.2,-1.0,2024-25,20250405|Arsenal|Everton,1,1,2,draw
2025-04-05,West Ham United,Bournemouth,0.5183623976119559,1.4,0.8,0.6,0.2,0.4,0.2,1.1,0.9,1.1,-0.2,0.3,0.2,4.0,0.2,1.0,1.8,-0.8,0.0,0.2,1.1,1.9,1.5,0.4,0.3,0.2,3.0,1.1,1.8,-0.8,0.9,1.2,0.0,-0.19999999999999996,-0.9999999999999999,-1.2000000000000002,-0.3999999999999999,1.0,-0.6000000000000001,0.4,0.0,0.0,0.0,1.0,2024-25,20250405|Bournemouth|West Ham United,2,2,4,draw
2025-04-05,Crystal Palace,Brighton and Hove Albion,0.5854417910576519,2.0,1.8,0.8,1.0,0.6,0.2,2.0,1.7,0.7,1.0,0.6,0.2,3.0,2.0,2.0,1.4,0.6,0.6,0.2,1.9,1.8,1.6,0.2,0.6,0.1,3.0,1.2,1.6,-0.3,0.0,0.0,0.10000000000000009,-0.19999999999999996,-0.10000000000000009,-0.5999999999999999,-0.9000000000000001,0.4,0.8,0.0,0.0,0.0,0.1,0.0,2024-25,20250405|Brighton and Hove Albion|Crystal Palace,2,1,3,home
2025-04-05,Aston Villa,Nottingham Forest,0.5962724564619966,2.0,1.8,1.4,0.4,0.6,0.2,1.6,1.4,1.3,0.1,0.4,0.4,3.0,2.0,1.8,1.2,0.6,0.6,0.2,1.7,2.1,1.6,0.5,0.5,0.2,4.0,2.0,1.5,0.6,-0.3,0.0,-0.09999999999999987,0.0,-0.7000000000000002,0.19999999999999996,-0.30000000000000004,-0.19999999999999996,-0.4,0.0,-0.09999999999999998,0.0,0.2,-1.0,2024-25,20250405|Nottingham Forest|Aston Villa,2,1,3,home
2025-04-05,Ipswich,Wolverhampton Wanderers,0.5048085430281607,0.6,1.4,2.6,-1.2,0.2,0.0,0.4,1.0,2.8,-1.8,0.1,0.1,3.0,2.0,1.2,0.8,0.4,0.6,0.2,1.3,1.0,1.3,-0.3,0.4,0.1,4.0,0.4,1.3,-1.8,-0.3,-1.4,-0.9,0.19999999999999996,0.0,1.8,1.4999999999999998,-1.6,-1.5,-0.39999999999999997,-0.30000000000000004,-0.2,0.0,-1.0,2024-25,20250405|Wolverhampton Wanderers|Ipswich,1,2,3,away
2025-04-06,Brentford,Chelsea,0.4623691268777128,1.4,1.6,1.0,0.6,0.4,0.2,1.4,1.3,1.2,0.1,0.4,0.2,4.0,1.8,1.4,0.6,0.8,0.6,0.0,1.6,1.5,1.3,0.2,0.5,0.1,3.0,1.1,1.1,-0.3,-0.3,-0.40000000000000013,-0.20000000000000018,0.20000000000000018,-0.19999999999999996,0.4,-0.10000000000000009,-0.20000000000000007,-0.1,-0.19999999999999996,-0.09999999999999998,0.2,0.1,1.0,2024-25,20250406|Chelsea|Brentford,0,0,0,draw
2025-04-06,Fulham,Liverpool,0.25116478284188054,1.2,1.2,1.4,-0.2,0.4,0.0,1.5,1.4,1.3,0.1,0.5,0.0,5.0,2.6,2.0,0.6,1.4,0.8,0.2,2.6,2.2,0.7,1.5,0.8,0.2,4.0,1.3,2.2,-0.1,1.5,-1.4000000000000001,-1.1,-0.8,-0.8000000000000003,0.7999999999999999,0.6000000000000001,-1.5999999999999999,-1.4,-0.4,-0.30000000000000004,-0.2,-0.2,1.0,2024-25,20250406|Liverpool|Fulham,3,2,5,home
2025-04-06,Manchester United,Manchester City,0.3368456594653021,1.6,1.8,1.2,0.6,0.4,0.4,1.4,1.4,1.3,0.1,0.4,0.2,5.0,1.4,1.0,1.0,0.0,0.4,0.2,1.7,2.1,1.3,0.8,0.5,0.2,4.0,1.3,1.1,0.0,0.0,0.20000000000000018,-0.30000000000000004,0.8,-0.7000000000000002,0.19999999999999996,0.0,0.6,-0.7000000000000001,0.0,-0.09999999999999998,0.2,0.0,1.0,2024-25,20250406|Manchester City|Manchester United,0,0,0,draw
2025-04-06,Tottenham Hotspur,Southampton,0.8590237810249788,0.8,1.2,1.4,-0.2,0.2,0.2,1.0,1.3,1.4,-0.1,0.3,0.1,3.0,0.2,0.6,2.8,-2.2,0.0,0.2,0.4,1.0,2.7,-1.7,0.1,0.1,4.0,0.6,0.5,-0.7,-1.2,0.6000000000000001,0.6,0.6,0.30000000000000004,-1.4,-1.3000000000000003,2.0,1.5999999999999999,0.2,0.19999999999999998,0.0,0.0,-1.0,2024-25,20250406|Southampton|Tottenham Hotspur,3,1,4,home
2025-04-07,Leicester City,Newcastle United,0.2148300024446152,0.0,0.0,2.4,-2.4,0.0,0.0,0.3,0.2,2.3,-2.1,0.1,0.0,5.0,1.8,1.4,2.0,-0.6,0.6,0.0,1.8,1.7,1.8,-0.1,0.6,0.0,5.0,0.4,1.9,-1.7,0.4,-1.8,-1.5,-1.4,-1.5,0.3999999999999999,0.4999999999999998,-1.7999999999999998,-2.0,-0.6,-0.5,0.0,0.0,0.0,2024-25,20250407|Newcastle United|Leicester City,0,3,3,away
2025-04-12,Southampton,Aston Villa,0.15395566100682684,0.2,0.8,2.6,-1.8,0.0,0.2,0.4,1.0,2.7,-1.7,0.1,0.1,6.0,2.4,1.8,1.2,0.6,0.8,0.0,1.6,1.5,1.4,0.1,0.4,0.4,7.0,0.1,1.0,-2.5,-0.9,-2.1999999999999997,-1.2000000000000002,-1.0,-0.5,1.4000000000000001,1.3000000000000003,-2.4,-1.8,-0.8,-0.30000000000000004,0.2,-0.30000000000000004,-1.0,2024-25,20250412|Aston Villa|Southampton,0,3,3,away
2025-04-12,Arsenal,Brentford,0.8492052839911588,1.8,1.0,0.6,0.4,0.4,0.6,1.9,1.5,0.7,0.8,0.5,0.4,7.0,1.0,0.8,1.0,-0.2,0.2,0.4,1.4,1.1,1.0,0.1,0.4,0.2,6.0,2.3,1.7,1.2,0.8,0.8,0.5,0.19999999999999996,0.3999999999999999,-0.4,-0.30000000000000004,0.6000000000000001,0.7000000000000001,0.2,0.09999999999999998,0.19999999999999996,0.2,1.0,2024-25,20250412|Brentford|Arsenal,1,1,2,draw
2025-04-12,Manchester City,Crystal Palace,0.7475607087776028,1.6,1.0,0.6,0.4,0.4,0.4,1.7,1.9,1.1,0.8,0.5,0.2,6.0,2.6,2.0,0.6,1.4,0.8,0.2,2.2,1.8,0.7,1.1,0.7,0.1,7.0,1.7,2.2,0.7,1.1,-1.0,-0.5000000000000002,-1.0,0.09999999999999987,0.0,0.40000000000000013,-0.9999999999999999,-0.30000000000000004,-0.4,-0.19999999999999996,0.2,0.1,-1.0,2024-25,20250412|Crystal Palace|Manchester City,5,2,7,home
2025-04-12,Nottingham Forest,Everton,0.6883121658762033,2.0,1.4,0.8,0.6,0.6,0.2,1.6,2.1,1.7,0.4,0.5,0.1,7.0,0.8,0.8,1.0,-0.2,0.0,0.8,1.5,1.5,1.0,0.5,0.3,0.6,7.0,2.3,1.1,1.1,-0.4,1.2,0.10000000000000009,0.5999999999999999,0.6000000000000001,-0.19999999999999996,0.7,0.8,-0.09999999999999998,0.6,0.2,-0.6000000000000001,-0.5,0.0,2024-25,20250412|Everton|Nottingham Forest,0,1,1,away
2025-04-12,Brighton and Hove Albion,Leicester City,0.8507213829455627,1.4,1.4,1.8,-0.4,0.4,0.2,1.6,1.7,1.8,-0.1,0.5,0.1,7.0,0.0,0.0,2.2,-2.2,0.0,0.0,0.3,0.2,2.4,-2.2,0.1,0.0,5.0,1.5,0.3,0.0,-2.1,1.4,1.3,1.4,1.5,-0.40000000000000013,-0.5999999999999999,1.8000000000000003,2.1,0.4,0.4,0.2,0.1,2.0,2024-25,20250412|Leicester City|Brighton and Hove Albion,2,2,4,draw
2025-04-13,Chelsea,Ipswich,0.8422090460266125,2.0,1.2,0.2,1.0,0.6,0.2,1.6,1.3,1.1,0.2,0.5,0.1,7.0,0.6,1.4,2.2,-0.8,0.2,0.0,0.4,1.1,2.8,-1.7,0.1,0.1,8.0,2.3,1.1,1.2,-0.4,1.4,1.2000000000000002,-0.19999999999999996,0.19999999999999996,-2.0,-1.6999999999999997,1.8,1.9,0.39999999999999997,0.4,0.2,0.0,-1.0,2024-25,20250413|Ipswich|Chelsea,2,2,4,draw
2025-04-13,Newcastle United,Manchester United,0.7220682438384491,2.4,2.0,1.2,0.8,0.8,0.0,1.8,1.8,1.7,0.1,0.6,0.0,6.0,1.6,1.4,0.8,0.6,0.4,0.4,1.2,1.1,1.2,-0.1,0.3,0.3,7.0,1.9,1.2,0.7,-0.1,0.7999999999999998,0.6000000000000001,0.6000000000000001,0.7,0.3999999999999999,0.5,0.20000000000000007,0.2,0.4,0.3,-0.4,-0.3,-1.0,2024-25,20250413|Manchester United|Newcastle United,4,1,5,home
2025-04-13,Wolverhampton Wanderers,Tottenham Hotspur,0.5330614349198424,2.0,1.4,1.0,0.4,0.6,0.2,1.6,1.2,1.1,0.1,0.5,0.1,8.0,0.8,1.0,1.4,-0.4,0.2,0.2,1.3,1.5,1.3,0.2,0.4,0.1,7.0,1.3,1.2,-0.1,0.7,1.2,0.30000000000000004,0.3999999999999999,-0.30000000000000004,-0.3999999999999999,-0.19999999999999996,0.8,-0.1,0.39999999999999997,0.09999999999999998,0.0,0.0,1.0,2024-25,20250413|Tottenham Hotspur|Wolverhampton Wanderers,4,2,6,home
2025-04-13,Liverpool,West Ham United,0.8955530980443809,2.4,2.0,0.8,1.2,0.8,0.0,2.3,2.2,1.0,1.2,0.7,0.2,7.0,1.0,1.0,1.0,0.0,0.2,0.4,0.9,0.8,1.1,-0.3,0.2,0.3,8.0,2.6,1.2,1.5,-0.3,1.4,1.4,1.0,1.4000000000000001,-0.19999999999999996,-0.10000000000000009,1.2,1.5,0.6000000000000001,0.49999999999999994,-0.4,-0.09999999999999998,-1.0,2024-25,20250413|West Ham United|Liverpool,2,1,3,home
2025-04-14,Bournemouth,Fulham,0.534987305875147,0.4,1.4,2.0,-0.6,0.0,0.4,1.1,1.9,1.5,0.4,0.3,0.2,9.0,1.8,1.8,1.4,0.4,0.6,0.0,1.8,1.5,1.2,0.3,0.6,0.0,8.0,1.1,1.7,0.1,0.4,-1.4,-0.7,-0.40000000000000013,0.3999999999999999,0.6000000000000001,0.30000000000000004,-1.0,0.10000000000000003,-0.6,-0.3,0.4,0.2,1.0,2024-25,20250414|Fulham|Bournemouth,1,0,1,home
2025-04-16,Newcastle United,Crystal Palace,0.6812232013489561,2.4,2.0,0.8,1.2,0.8,0.0,1.8,1.9,1.8,0.1,0.6,0.0,3.0,2.0,2.0,1.6,0.4,0.6,0.2,1.9,1.8,1.2,0.6,0.6,0.1,4.0,1.9,2.1,0.9,0.8,0.3999999999999999,-0.09999999999999987,0.0,0.09999999999999987,-0.8,0.6000000000000001,0.7999999999999999,-0.5,0.20000000000000007,0.0,-0.2,-0.1,-1.0,2024-25,20250416|Crystal Palace|Newcastle United,5,0,5,home
2025-04-19,Crystal Palace,Bournemouth,0.6089325801790129,1.4,1.2,2.4,-1.2,0.4,0.2,1.6,1.6,1.7,-0.1,0.5,0.1,3.0,1.0,1.4,1.6,-0.2,0.2,0.4,1.1,1.6,1.4,0.2,0.3,0.2,5.0,1.5,1.9,0.0,1.0,0.3999999999999999,0.5,-0.19999999999999996,0.0,0.7999999999999998,0.30000000000000004,-1.0,-0.30000000000000004,0.2,0.2,-0.2,-0.1,-2.0,2024-25,20250419|Bournemouth|Crystal Palace,0,0,0,draw
2025-04-19,Brentford,Brighton and Hove Albion,0.5595280442684365,1.0,0.8,1.0,-0.2,0.2,0.4,1.5,1.2,0.9,0.3,0.4,0.3,7.0,1.0,1.4,2.0,-0.6,0.2,0.4,1.4,1.6,1.9,-0.3,0.4,0.2,7.0,0.9,1.3,-0.4,-0.2,0.0,0.10000000000000009,-0.5999999999999999,-0.40000000000000013,-1.0,-0.9999999999999999,0.39999999999999997,0.6,0.0,0.0,0.0,0.09999999999999998,0.0,2024-25,20250419|Brighton and Hove Albion|Brentford,4,2,6,home
2025-04-19,Everton,Manchester City,0.35335966142340863,1.2,0.8,0.8,0.0,0.2,0.6,1.5,1.5,1.0,0.5,0.3,0.6,7.0,1.6,1.8,1.0,0.8,0.4,0.4,1.7,1.8,1.3,0.5,0.5,0.2,7.0,1.4,1.2,0.6,0.1,-0.40000000000000013,-0.19999999999999996,-1.0,-0.30000000000000004,-0.19999999999999996,-0.30000000000000004,-0.8,0.0,-0.2,-0.2,0.19999999999999996,0.39999999999999997,0.0,2024-25,20250419|Manchester City|Everton,0,2,2,away
2025-04-19,Aston Villa,Newcastle United,0.5566455306519283,2.4,2.0,1.0,1.0,0.8,0.0,1.8,1.6,1.2,0.4,0.5,0.3,7.0,3.0,3.0,0.4,2.6,1.0,0.0,2.1,2.3,1.4,0.9,0.7,0.0,3.0,2.2,1.9,0.7,0.5,-0.6000000000000001,-0.30000000000000004,-1.0,-0.6999999999999997,0.6,-0.19999999999999996,-1.6,-0.5,-0.19999999999999996,-0.19999999999999996,0.0,0.3,4.0,2024-25,20250419|Newcastle United|Aston Villa,4,1,5,home
2025-04-19,West Ham United,Southampton,0.8413116550076281,0.4,0.8,1.4,-0.6,0.0,0.4,0.9,0.9,1.1,-0.2,0.2,0.3,6.0,0.2,0.8,2.4,-1.6,0.0,0.2,0.4,0.8,2.7,-1.9,0.1,0.1,7.0,1.1,0.5,-0.8,-1.2,0.2,0.5,0.0,0.09999999999999998,-1.0,-1.6,1.0,1.7,0.0,0.1,0.2,0.19999999999999998,-1.0,2024-25,20250419|Southampton|West Ham United,1,1,2,draw
2025-04-20,Ipswich,Arsenal,0.1583541806496894,0.8,1.4,2.0,-0.6,0.2,0.2,0.5,1.3,2.4,-1.1,0.1,0.2,7.0,1.8,1.2,0.8,0.4,0.4,0.6,1.9,1.4,0.6,0.8,0.5,0.4,8.0,0.3,2.0,-1.9,1.2,-1.0,-1.4,0.19999999999999996,-0.09999999999999987,1.2,1.7999999999999998,-1.0,-1.9000000000000001,-0.2,-0.4,-0.39999999999999997,-0.2,-1.0,2024-25,20250420|Arsenal|Ipswich,0,4,4,away
2025-04-20,Fulham,Chelsea,0.5352653838397575,1.2,1.4,1.4,0.0,0.4,0.0,1.5,1.3,1.3,0.0,0.5,0.0,6.0,1.6,0.8,0.6,0.2,0.4,0.4,1.4,1.2,1.2,0.0,0.4,0.2,7.0,1.6,0.9,0.3,-0.4,-0.40000000000000013,0.10000000000000009,0.5999999999999999,0.10000000000000009,0.7999999999999999,0.10000000000000009,-0.2,0.0,0.0,0.09999999999999998,-0.4,-0.2,-1.0,2024-25,20250420|Chelsea|Fulham,1,2,3,away
2025-04-20,Leicester City,Liverpool,0.09370291786625619,0.2,0.4,2.2,-1.8,0.0,0.2,0.4,0.4,2.4,-2.0,0.1,0.1,8.0,2.4,2.0,1.0,1.0,0.8,0.0,2.3,2.0,1.0,1.0,0.7,0.2,7.0,0.4,1.9,-1.9,1.3,-2.1999999999999997,-1.9,-1.6,-1.6,1.2000000000000002,1.4,-2.8,-3.0,-0.8,-0.6,0.2,-0.1,1.0,2024-25,20250420|Liverpool|Leicester City,0,1,1,away
2025-04-20,Manchester United,Wolverhampton Wanderers,0.6347631722316598,1.0,1.0,1.2,-0.2,0.2,0.4,1.2,1.1,1.3,-0.2,0.3,0.3,7.0,2.6,2.0,1.0,1.0,0.8,0.2,1.9,1.5,1.0,0.5,0.6,0.1,7.0,1.1,1.3,-0.3,-0.5,-1.6,-0.7,-1.0,-0.3999999999999999,0.19999999999999996,0.30000000000000004,-1.2,-0.7,-0.6000000000000001,-0.3,0.2,0.19999999999999998,0.0,2024-25,20250420|Wolverhampton Wanderers|Manchester United,0,1,1,away
2025-04-21,Tottenham Hotspur,Nottingham Forest,0.4861712243463088,0.8,1.4,2.0,-0.6,0.2,0.2,1.3,1.5,1.4,0.1,0.4,0.1,8.0,1.8,1.4,1.0,0.4,0.6,0.0,1.3,1.8,1.6,0.2,0.4,0.1,9.0,0.9,1.5,-0.4,-0.1,-1.0,0.0,0.0,-0.30000000000000004,1.0,-0.20000000000000018,-1.0,-0.1,-0.39999999999999997,0.0,0.2,0.0,-1.0,2024-25,20250421|Nottingham Forest|Tottenham Hotspur,1,2,3,away
2025-04-22,Manchester City,Aston Villa,0.7002852716342741,2.2,2.2,0.8,1.4,0.6,0.4,1.7,1.7,1.2,0.5,0.5,0.2,3.0,3.0,2.6,0.4,2.2,1.0,0.0,2.0,1.9,1.2,0.7,0.6,0.2,3.0,2.0,1.3,1.4,-0.4,-0.7999999999999998,-0.30000000000000004,-0.3999999999999999,-0.19999999999999996,0.4,0.0,-0.8000000000000003,-0.19999999999999996,-0.4,-0.09999999999999998,0.4,0.0,0.0,2024-25,20250422|Aston Villa|Manchester City,2,1,3,home
2025-04-23,Arsenal,Crystal Palace,0.819736625641611,2.2,1.8,0.6,1.2,0.6,0.4,1.9,1.7,0.6,1.1,0.5,0.4,3.0,1.0,1.0,2.4,-1.4,0.2,0.4,1.7,1.5,1.5,0.0,0.5,0.2,4.0,2.1,2.0,0.9,0.3,1.2000000000000002,0.19999999999999996,0.8,0.19999999999999996,-1.7999999999999998,-0.9,2.5999999999999996,1.1,0.39999999999999997,0.0,0.0,0.2,-1.0,2024-25,20250423|Crystal Palace|Arsenal,2,2,4,draw
2025-04-26,Chelsea,Everton,0.7054739889745875,1.6,1.0,0.8,0.2,0.4,0.4,1.7,1.3,1.0,0.3,0.5,0.2,6.0,1.0,0.6,1.0,-0.4,0.2,0.4,1.2,1.1,1.2,-0.1,0.2,0.6,7.0,2.3,1.3,1.2,-0.3,0.6000000000000001,0.5,0.4,0.19999999999999996,-0.19999999999999996,-0.19999999999999996,0.6000000000000001,0.4,0.2,0.3,0.0,-0.39999999999999997,-1.0,2024-25,20250426|Everton|Chelsea,1,0,1,home
2025-04-26,Southampton,Fulham,0.21863076423724154,0.4,0.8,2.0,-1.2,0.0,0.4,0.5,0.8,2.5,-1.7,0.1,0.2,7.0,1.2,1.4,1.4,0.0,0.4,0.0,1.5,1.4,1.4,0.0,0.5,0.0,6.0,0.1,1.4,-2.7,0.1,-0.7999999999999999,-1.0,-0.5999999999999999,-0.5999999999999999,0.6000000000000001,1.1,-1.2,-1.7,-0.4,-0.4,0.4,0.2,1.0,2024-25,20250426|Fulham|Southampton,1,2,3,away
2025-04-26,Newcastle United,Ipswich,0.8582869874170974,2.4,3.0,1.2,1.8,0.8,0.0,1.8,2.1,1.7,0.4,0.6,0.0,7.0,0.8,1.4,2.6,-1.2,0.2,0.2,0.5,1.2,2.4,-1.2,0.1,0.2,6.0,2.2,0.9,1.6,-0.5,1.5999999999999999,1.3,1.6,0.9000000000000001,-1.4000000000000001,-0.7,3.0,1.6,0.6000000000000001,0.5,-0.2,-0.2,1.0,2024-25,20250426|Ipswich|Newcastle United,3,0,3,home
2025-04-26,Wolverhampton Wanderers,Leicester City,0.7986786320383695,3.0,2.0,0.8,1.2,1.0,0.0,2.2,1.6,0.9,0.7,0.7,0.1,6.0,0.2,0.4,2.2,-1.8,0.0,0.2,0.1,0.2,2.4,-2.2,0.0,0.1,6.0,1.3,0.4,-0.1,-1.8,2.8,2.1,1.6,1.4000000000000001,-1.4000000000000001,-1.5,3.0,2.9000000000000004,1.0,0.7,-0.2,0.0,0.0,2024-25,20250426|Leicester City|Wolverhampton Wanderers,3,0,3,home
2025-04-26,Brighton and Hove Albion,West Ham United,0.6853708838423951,0.4,1.4,2.6,-1.2,0.0,0.4,1.4,1.8,2.2,-0.4,0.4,0.2,7.0,0.6,1.0,1.4,-0.4,0.0,0.6,0.9,0.9,1.1,-0.2,0.2,0.3,7.0,1.3,0.9,-0.1,-0.6,-0.19999999999999996,0.4999999999999999,0.3999999999999999,0.9,1.2000000000000002,1.1,-0.7999999999999999,-0.2,0.0,0.2,-0.19999999999999996,-0.09999999999999998,0.0,2024-25,20250426|West Ham United|Brighton and Hove Albion,3,2,5,home
2025-04-27,Bournemouth,Manchester United,0.6565829266247027,1.0,1.0,1.2,-0.2,0.2,0.4,0.9,1.1,1.4,-0.3,0.2,0.3,8.0,0.8,0.8,1.2,-0.4,0.2,0.2,0.9,1.0,1.4,-0.4,0.2,0.3,7.0,1.4,1.1,0.3,-0.4,0.19999999999999996,0.0,0.19999999999999996,0.10000000000000009,0.0,0.0,0.2,0.10000000000000003,0.0,0.0,0.2,0.0,1.0,2024-25,20250427|Manchester United|Bournemouth,1,1,2,draw
2025-04-27,Liverpool,Tottenham Hotspur,0.8942010277945505,2.4,1.8,1.0,0.8,0.8,0.0,2.3,1.9,1.0,0.9,0.7,0.2,7.0,0.6,1.2,2.0,-0.8,0.2,0.0,1.3,1.5,1.4,0.1,0.4,0.1,6.0,2.6,0.9,1.4,0.1,1.7999999999999998,0.9999999999999998,0.6000000000000001,0.3999999999999999,-1.0,-0.3999999999999999,1.6,0.8,0.6000000000000001,0.29999999999999993,0.0,0.1,1.0,2024-25,20250427|Tottenham Hotspur|Liverpool,5,1,6,home
2025-05-01,Nottingham Forest,Brentford,0.6552242663761249,1.8,1.6,1.2,0.4,0.6,0.0,1.6,2.0,1.2,0.8,0.5,0.1,10.0,1.6,1.6,1.2,0.4,0.4,0.4,1.5,1.4,1.0,0.4,0.4,0.3,12.0,2.3,1.7,1.2,0.8,0.19999999999999996,0.10000000000000009,0.0,0.6000000000000001,0.0,0.19999999999999996,0.0,0.4,0.19999999999999996,0.09999999999999998,-0.4,-0.19999999999999998,-2.0,2024-25,20250501|Brentford|Nottingham Forest,0,2,2,away
2025-05-02,Manchester City,Wolverhampton Wanderers,0.8361278246315629,2.6,2.2,0.6,1.6,0.8,0.2,2.0,1.8,0.8,1.0,0.6,0.2,10.0,3.0,2.2,0.6,1.6,1.0,0.0,2.2,1.7,0.9,0.8,0.7,0.1,6.0,2.0,1.6,1.2,0.0,-0.3999999999999999,-0.20000000000000018,0.0,0.10000000000000009,0.0,-0.09999999999999998,0.0,0.19999999999999996,-0.19999999999999996,-0.09999999999999998,0.2,0.1,4.0,2024-25,20250502|Wolverhampton Wanderers|Manchester City,1,0,1,home
2025-05-03,Arsenal,Bournemouth,0.8220914417369933,1.8,2.0,1.0,1.0,0.4,0.6,1.7,1.4,0.7,0.7,0.4,0.5,10.0,1.2,1.0,1.0,0.0,0.2,0.6,1.0,1.2,1.3,-0.1,0.2,0.4,6.0,1.9,1.7,0.7,0.8,0.6000000000000001,0.7,1.0,0.19999999999999996,0.0,-0.6000000000000001,1.0,0.7999999999999999,0.2,0.2,0.0,0.09999999999999998,4.0,2024-25,20250503|Bournemouth|Arsenal,1,2,3,away
2025-05-03,Aston Villa,Fulham,0.6938562945956472,2.4,2.6,0.8,1.8,0.8,0.0,2.0,2.0,1.2,0.8,0.6,0.2,11.0,1.2,1.4,1.6,-0.2,0.4,0.0,1.5,1.4,1.4,0.0,0.5,0.0,7.0,2.2,1.6,0.8,0.2,1.2,0.5,1.2000000000000002,0.6000000000000001,-0.8,-0.19999999999999996,2.0,0.8,0.4,0.09999999999999998,0.0,0.2,4.0,2024-25,20250503|Fulham|Aston Villa,1,0,1,home
2025-05-03,Everton,Ipswich,0.764430390745892,0.8,0.4,1.0,-0.6,0.2,0.2,1.1,0.9,1.1,-0.2,0.2,0.5,7.0,0.8,1.0,2.4,-1.4,0.2,0.2,0.5,1.1,2.5,-1.4,0.1,0.2,7.0,1.1,0.9,0.0,-0.7,0.0,0.6000000000000001,-0.6,-0.20000000000000007,-1.4,-1.4,0.7999999999999999,1.2,0.0,0.1,0.0,0.3,0.0,2024-25,20250503|Ipswich|Everton,2,2,4,draw
2025-05-03,Leicester City,Southampton,0.682628492891472,0.2,0.4,2.2,-1.8,0.0,0.2,0.1,0.2,2.3,-2.1,0.0,0.1,7.0,0.4,0.8,2.0,-1.2,0.0,0.4,0.2,0.7,2.6,-1.9,0.0,0.2,7.0,0.1,0.5,-2.2,-1.2,-0.2,-0.1,-0.4,-0.49999999999999994,0.20000000000000018,-0.30000000000000027,-0.6000000000000001,-0.20000000000000018,0.0,0.0,-0.2,-0.1,0.0,2024-25,20250503|Southampton|Leicester City,2,0,2,home
2025-05-04,Chelsea,Liverpool,0.34895285310974467,2.2,1.2,0.6,0.6,0.6,0.4,1.7,1.2,0.9,0.3,0.5,0.2,8.0,2.4,2.2,1.0,1.2,0.8,0.0,2.5,2.2,0.9,1.3,0.8,0.1,7.0,2.3,2.1,1.0,1.4,-0.19999999999999973,-0.8,-1.0000000000000002,-1.0000000000000002,-0.4,0.0,-0.6,-1.0,-0.20000000000000007,-0.30000000000000004,0.4,0.1,1.0,2024-25,20250504|Liverpool|Chelsea,3,1,4,home
2025-05-04,Brentford,Manchester United,0.6688588134373616,1.6,1.6,1.0,0.6,0.4,0.4,1.8,1.6,0.8,0.8,0.5,0.3,3.0,0.4,0.4,1.4,-1.0,0.0,0.4,1.0,1.1,1.3,-0.2,0.2,0.4,7.0,0.9,1.2,-0.5,-0.2,1.2000000000000002,0.8,1.2000000000000002,0.5,-0.3999999999999999,-0.5,1.6,1.0,0.4,0.3,0.0,-0.10000000000000003,-4.0,2024-25,20250504|Manchester United|Brentford,4,3,7,home
2025-05-04,Brighton and Hove Albion,Newcastle United,0.4620926291203906,0.8,1.6,2.6,-1.0,0.2,0.2,1.7,2.1,1.7,0.4,0.5,0.2,8.0,2.4,3.2,1.0,2.2,0.8,0.0,2.1,2.3,1.5,0.8,0.7,0.0,8.0,1.5,1.8,0.0,0.2,-1.5999999999999999,-0.40000000000000013,-1.6,-0.19999999999999973,1.6,0.19999999999999996,-3.2,-0.4,-0.6000000000000001,-0.19999999999999996,0.2,0.2,0.0,2024-25,20250504|Newcastle United|Brighton and Hove Albion,1,1,2,draw
2025-05-04,West Ham United,Tottenham Hotspur,0.5594105797125827,0.4,1.2,1.8,-0.6,0.0,0.4,0.9,1.0,1.2,-0.2,0.2,0.3,8.0,0.6,1.4,2.6,-1.2,0.2,0.0,1.0,1.4,1.9,-0.5,0.3,0.1,7.0,1.2,0.9,-0.5,-0.2,-0.19999999999999996,-0.09999999999999998,-0.19999999999999996,-0.3999999999999999,-0.8,-0.7,0.6,0.3,-0.2,-0.09999999999999998,0.4,0.19999999999999998,1.0,2024-25,20250504|Tottenham Hotspur|West Ham United,1,1,2,draw
2025-05-05,Crystal Palace,Nottingham Forest,0.5834437995111086,1.0,1.2,2.6,-1.4,0.2,0.4,1.5,1.5,1.7,-0.2,0.4,0.3,12.0,1.2,0.8,1.2,-0.4,0.4,0.0,1.3,1.3,1.4,-0.1,0.4,0.1,4.0,1.5,1.8,0.0,0.3,-0.19999999999999996,0.19999999999999996,0.3999999999999999,0.19999999999999996,1.4000000000000001,0.30000000000000004,-0.9999999999999999,-0.1,-0.2,0.0,0.4,0.19999999999999998,8.0,2024-25,20250505|Nottingham Forest|Crystal Palace,1,1,2,draw
2025-05-10,Bournemouth,Aston Villa,0.4905735796399406,1.8,1.2,0.8,0.4,0.4,0.6,1.0,1.1,1.3,-0.2,0.2,0.4,7.0,2.4,2.2,0.8,1.4,0.8,0.0,2.2,2.0,1.1,0.9,0.7,0.1,7.0,1.2,1.3,0.2,-0.2,-0.5999999999999999,-1.2000000000000002,-1.0000000000000002,-0.8999999999999999,0.0,0.19999999999999996,-0.9999999999999999,-1.1,-0.4,-0.49999999999999994,0.6,0.30000000000000004,0.0,2024-25,20250510|Aston Villa|Bournemouth,0,1,1,away
2025-05-10,Ipswich,Brentford,0.3375524656773299,0.4,1.0,2.6,-1.6,0.0,0.4,0.5,1.2,2.6,-1.4,0.1,0.2,7.0,2.2,2.2,1.2,1.0,0.6,0.4,1.8,1.9,1.1,0.8,0.5,0.3,6.0,0.3,2.0,-2.2,1.2,-1.8000000000000003,-1.3,-1.2000000000000002,-0.7,1.4000000000000001,1.5,-2.6,-2.2,-0.6,-0.4,0.0,-0.09999999999999998,1.0,2024-25,20250510|Brentford|Ipswich,0,1,1,away
2025-05-10,Wolverhampton Wanderers,Brighton and Hove Albion,0.5320490763273871,2.4,2.0,0.8,1.2,0.8,0.0,2.2,1.6,0.8,0.8,0.7,0.1,8.0,1.0,1.8,2.2,-0.4,0.2,0.4,1.5,1.9,1.8,0.1,0.4,0.3,6.0,1.6,1.3,0.4,-0.2,1.4,0.7000000000000002,0.19999999999999996,-0.2999999999999998,-1.4000000000000001,-1.0,1.6,0.7000000000000001,0.6000000000000001,0.29999999999999993,-0.4,-0.19999999999999998,2.0,2024-25,20250510|Brighton and Hove Albion|Wolverhampton Wanderers,0,2,2,away
2025-05-10,Fulham,Everton,0.6326368634481911,1.2,1.2,1.4,-0.2,0.4,0.0,1.2,1.2,1.4,-0.2,0.4,0.0,7.0,1.0,0.8,1.2,-0.4,0.2,0.4,0.9,0.9,1.2,-0.3,0.1,0.6,7.0,1.3,1.3,0.0,0.0,0.19999999999999996,0.29999999999999993,0.3999999999999999,0.29999999999999993,0.19999999999999996,0.19999999999999996,0.2,0.09999999999999998,0.2,0.30000000000000004,-0.4,-0.6,0.0,2024-25,20250510|Everton|Fulham,1,3,4,away
2025-05-10,Southampton,Manchester City,0.08074054566655059,0.2,0.6,2.2,-1.6,0.0,0.2,0.2,0.6,2.5,-1.9,0.0,0.2,7.0,2.6,2.0,0.6,1.4,0.8,0.2,2.0,1.5,0.8,0.7,0.6,0.2,8.0,0.1,1.5,-2.4,0.5,-2.4,-1.8,-1.4,-0.9,1.6,1.7,-3.0,-2.5999999999999996,-0.8,-0.6,0.0,0.0,-1.0,2024-25,20250510|Manchester City|Southampton,0,0,0,draw
2025-05-11,Liverpool,Arsenal,0.6657857482447275,1.8,2.2,1.6,0.6,0.6,0.0,2.2,2.1,1.1,1.0,0.7,0.1,7.0,1.2,1.8,1.2,0.6,0.2,0.6,1.4,1.3,0.9,0.4,0.3,0.5,8.0,2.6,2.0,1.6,1.3,0.6000000000000001,0.8000000000000003,0.40000000000000013,0.8,0.40000000000000013,0.20000000000000007,0.0,0.6,0.39999999999999997,0.39999999999999997,-0.6,-0.4,-1.0,2024-25,20250511|Arsenal|Liverpool,2,2,4,draw
2025-05-11,Newcastle United,Chelsea,0.5852067699758361,2.0,2.8,1.2,1.6,0.6,0.2,2.2,2.4,1.2,1.2,0.7,0.1,7.0,2.2,1.6,0.8,0.8,0.6,0.4,2.0,1.5,0.7,0.8,0.6,0.2,7.0,2.4,0.9,1.9,-0.7,-0.20000000000000018,0.20000000000000018,1.1999999999999997,0.8999999999999999,0.3999999999999999,0.5,0.8,0.3999999999999999,0.0,0.09999999999999998,-0.2,-0.1,0.0,2024-25,20250511|Chelsea|Newcastle United,2,0,2,home
2025-05-11,Tottenham Hotspur,Crystal Palace,0.4854569401889453,0.8,1.6,2.6,-1.0,0.2,0.2,0.8,1.4,2.0,-0.6,0.2,0.2,7.0,0.6,1.0,2.6,-1.6,0.0,0.6,1.6,1.5,1.6,-0.1,0.4,0.4,6.0,0.8,1.8,-0.5,0.2,0.20000000000000007,-0.8,0.6000000000000001,-0.10000000000000009,0.0,0.3999999999999999,0.6000000000000001,-0.5,0.2,-0.2,-0.39999999999999997,-0.2,1.0,2024-25,20250511|Crystal Palace|Tottenham Hotspur,0,2,2,away
2025-05-11,Nottingham Forest,Leicester City,0.8518325236043008,0.8,0.8,1.4,-0.6,0.2,0.2,1.4,1.3,1.3,0.0,0.4,0.2,6.0,0.8,0.8,1.8,-1.0,0.2,0.2,0.4,0.4,2.1,-1.7,0.1,0.1,8.0,2.0,0.4,0.9,-1.8,0.0,0.9999999999999999,0.0,0.9,-0.40000000000000013,-0.8,0.4,1.7,0.0,0.30000000000000004,0.0,0.1,-2.0,2024-25,20250511|Leicester City|Nottingham Forest,2,2,4,draw
2025-05-11,Manchester United,West Ham United,0.6418957469303982,0.4,1.0,2.0,-1.0,0.0,0.4,1.0,1.4,1.6,-0.2,0.2,0.4,7.0,0.6,1.4,1.8,-0.4,0.0,0.6,1.0,1.1,1.2,-0.1,0.2,0.4,7.0,0.8,0.9,-0.8,-0.5,-0.19999999999999996,0.0,-0.3999999999999999,0.2999999999999998,0.19999999999999996,0.40000000000000013,-0.6,-0.1,0.0,0.0,-0.19999999999999996,0.0,0.0,2024-25,20250511|West Ham United|Manchester United,0,2,2,away
2025-05-16,Chelsea,Manchester United,0.7797918353358286,2.0,1.6,1.2,0.4,0.6,0.2,2.0,1.4,0.7,0.7,0.6,0.2,5.0,0.2,1.0,2.4,-1.4,0.0,0.2,0.9,1.2,1.6,-0.4,0.2,0.3,5.0,2.3,0.9,1.1,-0.4,1.8,1.1,0.6000000000000001,0.19999999999999996,-1.2,-0.9000000000000001,1.7999999999999998,1.1,0.6,0.39999999999999997,0.0,-0.09999999999999998,0.0,2024-25,20250516|Manchester United|Chelsea,1,0,1,home
2025-05-16,Aston Villa,Tottenham Hotspur,0.8040577659895711,2.4,2.0,0.6,1.4,0.8,0.0,2.4,1.9,0.9,1.0,0.8,0.0,6.0,0.2,1.0,2.8,-1.8,0.0,0.2,0.5,1.0,2.1,-1.1,0.1,0.2,5.0,2.2,0.7,0.8,-0.7,2.1999999999999997,1.9,1.0,0.8999999999999999,-2.1999999999999997,-1.2000000000000002,3.2,2.1,0.8,0.7000000000000001,-0.2,-0.2,1.0,2024-25,20250516|Tottenham Hotspur|Aston Villa,2,0,2,home
2025-05-18,Brentford,Fulham,0.6646095860192998,2.6,2.4,1.2,1.2,0.8,0.2,1.8,1.6,1.1,0.5,0.5,0.3,8.0,0.6,0.8,1.6,-0.8,0.2,0.0,1.2,1.3,1.5,-0.2,0.4,0.0,8.0,0.9,1.5,-0.6,0.1,2.0,0.6000000000000001,1.5999999999999999,0.30000000000000004,-0.40000000000000013,-0.3999999999999999,2.0,0.7,0.6000000000000001,0.09999999999999998,0.2,0.3,0.0,2024-25,20250518|Fulham|Brentford,2,3,5,away
2025-05-18,Leicester City,Ipswich,0.5379839165444817,1.0,1.2,1.6,-0.4,0.2,0.4,0.5,0.6,1.9,-1.3,0.1,0.2,7.0,0.4,0.8,2.4,-1.6,0.0,0.4,0.5,1.1,2.3,-1.2,0.1,0.2,8.0,0.3,0.7,-2.0,-0.8,0.6,0.0,0.3999999999999999,-0.5000000000000001,-0.7999999999999998,-0.3999999999999999,1.2000000000000002,-0.10000000000000009,0.2,0.0,0.0,0.0,-1.0,2024-25,20250518|Ipswich|Leicester City,2,0,2,home
2025-05-18,Arsenal,Newcastle United,0.6933302395611819,1.2,2.0,1.4,0.6,0.2,0.6,1.5,1.5,1.0,0.5,0.3,0.6,7.0,2.0,2.4,1.0,1.4,0.6,0.2,2.2,2.2,0.9,1.3,0.7,0.1,7.0,1.8,1.9,0.6,0.4,-0.8,-0.7000000000000002,-0.3999999999999999,-0.7000000000000002,0.3999999999999999,0.09999999999999998,-0.7999999999999999,-0.8,-0.39999999999999997,-0.39999999999999997,0.39999999999999997,0.5,0.0,2024-25,20250518|Newcastle United|Arsenal,1,0,1,home
2025-05-18,West Ham United,Nottingham Forest,0.4720960731829227,1.0,1.4,1.4,0.0,0.2,0.4,1.0,1.2,1.2,0.0,0.2,0.4,7.0,1.0,1.0,1.4,-0.4,0.2,0.4,1.5,1.2,1.1,0.1,0.4,0.3,7.0,1.0,1.6,-0.6,0.2,0.0,-0.5,0.3999999999999999,0.0,0.0,0.09999999999999987,0.4,-0.1,0.0,-0.2,0.0,0.10000000000000003,0.0,2024-25,20250518|Nottingham Forest|West Ham United,1,2,3,away
2025-05-18,Everton,Southampton,0.8784402155166026,1.4,1.2,1.2,0.0,0.4,0.2,1.1,1.0,1.1,-0.1,0.2,0.5,8.0,0.4,0.4,1.6,-1.2,0.0,0.4,0.3,0.6,2.1,-1.5,0.0,0.3,8.0,1.1,0.5,0.0,-1.3,0.9999999999999999,0.8,0.7999999999999999,0.4,-0.40000000000000013,-1.0,1.2,1.4,0.4,0.2,-0.2,0.2,0.0,2024-25,20250518|Southampton|Everton,2,0,2,home
2025-05-19,Brighton and Hove Albion,Liverpool,0.3031945431020251,1.6,2.0,1.8,0.2,0.4,0.4,1.5,1.7,1.8,-0.1,0.4,0.3,9.0,2.0,2.2,1.4,0.8,0.6,0.2,2.2,2.1,1.1,1.0,0.7,0.1,8.0,1.6,1.8,0.2,0.9,-0.3999999999999999,-0.7000000000000002,-0.20000000000000018,-0.40000000000000013,0.40000000000000013,0.7,-0.6000000000000001,-1.1,-0.19999999999999996,-0.29999999999999993,0.2,0.19999999999999998,1.0,2024-25,20250519|Liverpool|Brighton and Hove Albion,3,2,5,home
2025-05-20,Manchester City,Bournemouth,0.7940086338541397,2.6,2.0,0.6,1.4,0.8,0.2,2.1,1.5,0.6,0.9,0.6,0.3,10.0,1.6,0.8,0.6,0.2,0.4,0.4,1.0,1.1,1.3,-0.2,0.2,0.4,10.0,2.3,1.7,1.4,0.8,1.0,1.1,1.2,0.3999999999999999,0.0,-0.7000000000000001,1.2,1.1,0.4,0.39999999999999997,-0.2,-0.10000000000000003,0.0,2024-25,20250520|Bournemouth|Manchester City,3,1,4,home
2025-05-20,Crystal Palace,Wolverhampton Wanderers,0.7033382879531868,1.2,1.0,1.6,-0.6,0.2,0.6,1.6,1.5,1.6,-0.1,0.4,0.4,9.0,1.8,1.6,1.0,0.6,0.6,0.0,1.9,1.5,1.0,0.5,0.6,0.1,10.0,1.5,1.6,0.0,0.0,-0.6000000000000001,-0.2999999999999998,-0.6000000000000001,0.0,0.6000000000000001,0.6000000000000001,-1.2,-0.6,-0.39999999999999997,-0.19999999999999996,0.6,0.30000000000000004,-1.0,2024-25,20250520|Wolverhampton Wanderers|Crystal Palace,4,2,6,home
2025-05-25,Southampton,Arsenal,0.08237684210879404,0.4,0.4,1.4,-1.0,0.0,0.4,0.3,0.6,1.9,-1.3,0.0,0.3,7.0,1.6,2.0,1.2,0.8,0.4,0.4,1.7,1.6,1.0,0.6,0.4,0.5,7.0,0.2,2.0,-1.9,1.3,-1.2000000000000002,-1.4,-1.6,-1.0,0.19999999999999996,0.8999999999999999,-1.8,-1.9,-0.4,-0.4,0.0,-0.2,0.0,2024-25,20250525|Arsenal|Southampton,1,2,3,away
2025-05-25,Manchester United,Aston Villa,0.33173778110579005,0.2,0.8,1.8,-1.0,0.0,0.2,0.6,0.9,1.5,-0.6,0.1,0.3,9.0,2.4,1.8,0.6,1.2,0.8,0.0,2.4,1.9,0.8,1.1,0.8,0.0,9.0,0.8,1.6,-0.9,0.0,-2.1999999999999997,-1.7999999999999998,-1.0,-0.9999999999999999,1.2000000000000002,0.7,-2.2,-1.7000000000000002,-0.8,-0.7000000000000001,0.2,0.3,0.0,2024-25,20250525|Aston Villa|Manchester United,2,0,2,home
2025-05-25,Wolverhampton Wanderers,Brentford,0.47787732125373417,1.2,1.2,1.4,-0.2,0.4,0.0,1.9,1.6,1.2,0.4,0.6,0.1,5.0,2.4,2.6,1.6,1.0,0.8,0.0,1.7,1.7,1.3,0.4,0.5,0.2,7.0,1.6,2.3,0.3,1.4,-1.2,0.19999999999999996,-1.4000000000000001,-0.09999999999999987,-0.20000000000000018,-0.10000000000000009,-1.2,0.0,-0.4,0.09999999999999998,0.0,-0.1,-2.0,2024-25,20250525|Brentford|Wolverhampton Wanderers,1,1,2,draw
2025-05-25,Tottenham Hotspur,Brighton and Hove Albion,0.4243551261732866,0.2,0.6,2.4,-1.8,0.0,0.2,0.5,1.0,2.2,-1.2,0.1,0.2,9.0,2.0,2.2,1.8,0.4,0.6,0.2,1.5,1.8,1.9,-0.1,0.4,0.3,6.0,0.8,1.5,-0.6,0.0,-1.8,-1.0,-1.6,-0.8,0.5999999999999999,0.30000000000000027,-2.2,-1.0999999999999999,-0.6,-0.30000000000000004,0.0,-0.09999999999999998,3.0,2024-25,20250525|Brighton and Hove Albion|Tottenham Hotspur,1,4,5,away
2025-05-25,Nottingham Forest,Chelsea,0.5048152320822616,1.6,1.4,1.4,0.0,0.4,0.4,1.7,1.4,1.2,0.2,0.5,0.2,7.0,2.4,1.4,0.8,0.6,0.8,0.0,2.0,1.1,0.7,0.4,0.6,0.2,9.0,1.8,0.6,0.8,-1.0,-0.7999999999999998,-0.30000000000000004,0.0,0.2999999999999998,0.5999999999999999,0.5,-0.6,-0.2,-0.4,-0.09999999999999998,0.4,0.0,-2.0,2024-25,20250525|Chelsea|Nottingham Forest,0,1,1,away
2025-05-25,Liverpool,Crystal Palace,0.7958971801304355,1.4,2.2,1.8,0.4,0.4,0.2,1.9,2.1,1.4,0.7,0.6,0.1,6.0,1.8,1.8,1.0,0.8,0.4,0.6,1.6,1.5,1.7,-0.2,0.4,0.4,5.0,2.6,1.8,1.6,0.2,-0.40000000000000013,0.2999999999999998,0.40000000000000013,0.6000000000000001,0.8,-0.30000000000000004,-0.4,0.8999999999999999,0.0,0.19999999999999996,-0.39999999999999997,-0.30000000000000004,1.0,2024-25,20250525|Crystal Palace|Liverpool,1,1,2,draw
2025-05-25,Newcastle United,Everton,0.7265388641796849,1.4,1.4,1.2,0.2,0.4,0.2,2.2,2.2,0.8,1.4,0.7,0.1,7.0,1.4,1.4,1.2,0.2,0.4,0.2,1.3,1.1,1.0,0.1,0.3,0.4,7.0,2.4,1.5,1.7,0.2,0.0,0.9000000000000001,0.0,1.1,0.0,-0.19999999999999996,0.0,1.2999999999999998,0.0,0.39999999999999997,0.0,-0.30000000000000004,0.0,2024-25,20250525|Everton|Newcastle United,0,1,1,away
2025-05-25,Bournemouth,Leicester City,0.8152004797904057,1.0,0.8,1.2,-0.4,0.2,0.4,1.0,1.1,1.4,-0.3,0.2,0.4,5.0,1.4,1.2,1.2,0.0,0.4,0.2,0.8,0.8,1.7,-0.9,0.2,0.2,7.0,1.1,0.5,0.1,-1.4,-0.3999999999999999,0.19999999999999996,-0.3999999999999999,0.30000000000000004,0.0,-0.30000000000000004,-0.4,0.6000000000000001,-0.2,0.0,0.2,0.2,-2.0,2024-25,20250525|Leicester City|Bournemouth,2,0,2,home
2025-05-25,Fulham,Manchester City,0.3334231682772527,1.2,1.4,1.8,-0.4,0.4,0.0,1.2,1.4,1.6,-0.2,0.4,0.0,7.0,2.6,1.6,0.4,1.2,0.8,0.2,2.1,1.7,0.7,1.0,0.6,0.3,5.0,1.2,1.5,-0.2,0.5,-1.4000000000000001,-0.9000000000000001,-0.20000000000000018,-0.30000000000000004,1.4,0.9000000000000001,-1.6,-1.2,-0.4,-0.19999999999999996,-0.2,-0.3,2.0,2024-25,20250525|Manchester City|Fulham,0,2,2,away
2025-05-25,Ipswich,West Ham United,0.4497332550970626,0.2,0.4,2.4,-2.0,0.0,0.2,0.5,0.9,2.2,-1.3,0.1,0.2,7.0,1.0,1.4,1.4,0.0,0.2,0.4,0.7,1.1,1.4,-0.3,0.1,0.4,7.0,0.3,1.1,-2.2,-0.3,-0.8,-0.19999999999999996,-0.9999999999999999,-0.20000000000000007,1.0,0.8000000000000003,-2.0,-1.0,-0.2,0.0,-0.2,-0.2,0.0,2024-25,20250525|West Ham United|Ipswich,1,3,4,away
2025-08-15,Liverpool,Bournemouth,0.8174435678818385,1.0,2.2,2.0,0.2,0.2,0.4,1.7,2.0,1.5,0.5,0.5,0.2,82.0,1.4,1.2,1.2,0.0,0.4,0.2,1.2,1.1,1.2,-0.1,0.3,0.3,82.0,2.4,1.4,1.4,0.3,-0.3999999999999999,0.5,1.0000000000000002,0.8999999999999999,0.8,0.30000000000000004,0.2,0.6,-0.2,0.2,0.2,-0.09999999999999998,0.0,2025-26,20250815|Bournemouth|Liverpool,4,2,6,home
2025-08-16,Tottenham Hotspur,Burnley,0.7171015367673825,0.2,0.6,2.8,-2.2,0.0,0.2,0.4,0.9,2.4,-1.5,0.1,0.1,83.0,0.8,1.6,2.0,-0.4,0.2,0.2,1.0,1.4,1.6,-0.2,0.2,0.4,454.0,0.8,0.6,-0.6,-0.7,-0.6000000000000001,-0.6,-1.0,-0.4999999999999999,0.7999999999999998,0.7999999999999998,-1.8000000000000003,-1.3,-0.2,-0.1,0.0,-0.30000000000000004,-371.0,2025-26,20250816|Burnley|Tottenham Hotspur,3,0,3,home
2025-08-16,Brighton and Hove Albion,Fulham,0.6767978997928673,2.6,2.6,1.2,1.4,0.8,0.2,1.5,2.0,1.9,0.1,0.4,0.3,83.0,1.2,1.2,1.8,-0.6,0.4,0.0,1.2,1.3,1.6,-0.3,0.4,0.0,83.0,1.8,1.5,0.3,0.1,1.4000000000000001,0.30000000000000004,1.4000000000000001,0.7,-0.6000000000000001,0.2999999999999998,2.0,0.4,0.4,0.0,0.2,0.3,0.0,2025-26,20250816|Fulham|Brighton and Hove Albion,1,1,2,draw
2025-08-16,Wolverhampton Wanderers,Manchester City,0.2487172656863042,0.8,1.2,1.6,-0.4,0.2,0.2,1.9,1.6,1.2,0.4,0.6,0.1,83.0,2.6,1.6,0.4,1.2,0.8,0.2,2.4,1.9,0.6,1.3,0.7,0.3,83.0,1.4,1.8,0.1,0.8,-1.8,-0.5,-0.40000000000000013,-0.2999999999999998,1.2000000000000002,0.6,-1.6,-0.9,-0.6000000000000001,-0.09999999999999998,0.0,-0.19999999999999998,0.0,2025-26,20250816|Manchester City|Wolverhampton Wanderers,0,4,4,away
2025-08-16,Aston Villa,Newcastle United,0.6124389687030074,1.8,1.0,0.8,0.2,0.6,0.0,2.4,1.8,0.6,1.2,0.8,0.0,83.0,1.4,1.2,0.6,0.6,0.4,0.2,1.9,2.1,0.9,1.2,0.6,0.1,83.0,2.2,1.6,0.9,-0.1,0.40000000000000013,0.5,-0.19999999999999996,-0.30000000000000004,0.20000000000000007,-0.30000000000000004,-0.39999999999999997,0.0,0.19999999999999996,0.20000000000000007,-0.2,-0.1,0.0,2025-26,20250816|Newcastle United|Aston Villa,0,0,0,draw
2025-08-16,Sunderland,West Ham United,0.6118146496934096,,,,,,,,,,,,,,1.4,1.8,1.4,0.4,0.4,0.2,1.0,1.4,1.4,0.0,0.2,0.4,83.0,,1.1,,-0.2,,,,,,,,,,,,,,2025-26,20250816|West Ham United|Sunderland,3,0,3,home
2025-08-17,Manchester United,Arsenal,0.25930143599441896,0.8,1.2,1.6,-0.4,0.2,0.2,0.8,1.0,1.4,-0.4,0.2,0.2,84.0,1.6,1.6,1.4,0.2,0.4,0.4,1.9,1.7,1.0,0.7,0.5,0.4,84.0,1.1,2.0,-0.4,1.0,-0.8,-1.0999999999999999,-0.40000000000000013,-0.7,0.20000000000000018,0.3999999999999999,-0.6000000000000001,-1.1,-0.2,-0.3,-0.2,-0.2,0.0,2025-26,20250817|Arsenal|Manchester United,0,1,1,away
2025-08-17,Nottingham Forest,Brentford,0.593359223526011,1.0,1.0,1.4,-0.4,0.2,0.4,1.4,1.3,1.3,0.0,0.4,0.2,84.0,2.0,2.0,1.4,0.6,0.6,0.2,1.8,1.8,1.3,0.5,0.5,0.3,84.0,1.5,2.3,0.6,1.4,-1.0,-0.40000000000000013,-1.0,-0.5,0.0,0.0,-1.0,-0.5,-0.39999999999999997,-0.09999999999999998,0.2,-0.09999999999999998,0.0,2025-26,20250817|Brentford|Nottingham Forest,3,1,4,home
2025-08-17,Chelsea,Crystal Palace,0.6719605423741414,2.4,1.2,0.6,0.6,0.8,0.0,2.0,1.1,0.7,0.4,0.6,0.2,84.0,1.8,2.0,1.2,0.8,0.4,0.6,1.4,1.5,1.8,-0.3,0.3,0.5,84.0,2.6,1.8,1.3,0.2,0.5999999999999999,0.6000000000000001,-0.8,-0.3999999999999999,-0.6,-1.1,-0.20000000000000007,0.7,0.4,0.3,-0.6,-0.3,0.0,2025-26,20250817|Crystal Palace|Chelsea,0,0,0,draw
2025-08-18,Leeds United,Everton,0.3360289661473724,0.2,1.2,3.0,-1.8,0.0,0.2,0.5,1.2,3.0,-1.8,0.1,0.2,813.0,2.0,1.6,0.8,0.8,0.6,0.2,1.5,1.1,0.9,0.2,0.4,0.3,85.0,1.0,1.7,-1.2,0.3,-1.8,-1.0,-0.40000000000000013,0.09999999999999987,2.2,2.1,-2.6,-2.0,-0.6,-0.30000000000000004,0.0,-0.09999999999999998,728.0,2025-26,20250818|Everton|Leeds United,1,0,1,home
2025-08-22,West Ham United,Chelsea,0.34006937240942015,1.4,1.4,1.4,0.0,0.4,0.2,0.9,1.3,1.6,-0.3,0.2,0.3,6.0,2.0,1.0,0.6,0.4,0.6,0.2,2.1,1.1,0.6,0.5,0.6,0.3,5.0,0.9,0.8,-0.7,-0.9,-0.6000000000000001,-1.2000000000000002,0.3999999999999999,0.19999999999999996,0.7999999999999999,1.0,-0.4,-0.8,-0.19999999999999996,-0.39999999999999997,0.0,0.0,1.0,2025-26,20250822|Chelsea|West Ham United,1,5,6,away
2025-08-23,Brentford,Aston Villa,0.47046638418106934,1.4,1.8,2.0,-0.2,0.4,0.2,1.5,1.7,1.5,0.2,0.4,0.3,6.0,2.0,0.8,0.4,0.4,0.6,0.2,2.2,1.7,0.6,1.1,0.7,0.1,7.0,0.9,1.6,-0.5,0.1,-0.6000000000000001,-0.7000000000000002,1.0,0.0,1.6,0.9,-0.6000000000000001,-0.9000000000000001,-0.19999999999999996,-0.29999999999999993,0.0,0.19999999999999998,-1.0,2025-26,20250823|Aston Villa|Brentford,1,0,1,home
2025-08-23,Arsenal,Leeds United,0.9173233843901627,2.0,1.4,1.0,0.4,0.6,0.2,1.9,1.7,1.0,0.7,0.5,0.4,6.0,0.8,1.2,2.2,-1.0,0.2,0.2,0.5,1.1,2.9,-1.8,0.1,0.2,5.0,1.8,0.4,0.6,-1.1,1.2,1.4,0.19999999999999996,0.5999999999999999,-1.2000000000000002,-1.9,1.4,2.5,0.39999999999999997,0.4,0.0,0.2,1.0,2025-26,20250823|Leeds United|Arsenal,5,0,5,home
2025-08-23,Burnley,Sunderland,0.3664990621602106,0.2,0.8,2.4,-1.6,0.0,0.2,0.7,1.2,1.8,-0.6,0.1,0.4,7.0,3.0,3.0,0.0,3.0,1.0,0.0,3.0,3.0,0.0,3.0,1.0,0.0,7.0,0.7,,-1.2,,-2.8,-2.3,-2.2,-1.8,2.4,1.8,-4.6,-3.6,-1.0,-0.9,0.2,0.4,0.0,2025-26,20250823|Sunderland|Burnley,2,0,2,home
2025-08-23,Manchester City,Tottenham Hotspur,0.8835672616260075,2.6,2.0,0.2,1.8,0.8,0.2,2.6,2.1,0.4,1.7,0.8,0.2,7.0,0.8,1.0,1.8,-0.8,0.2,0.2,0.7,1.2,2.2,-1.0,0.2,0.1,7.0,2.5,0.7,1.6,-0.8,1.8,1.9000000000000001,1.0,0.9000000000000001,-1.6,-1.8000000000000003,2.6,2.7,0.6000000000000001,0.6000000000000001,0.0,0.1,0.0,2025-26,20250823|Tottenham Hotspur|Manchester City,0,2,2,away
2025-08-23,Bournemouth,Wolverhampton Wanderers,0.6904571953430907,1.2,1.4,1.8,-0.4,0.4,0.0,1.2,1.2,1.4,-0.2,0.3,0.3,8.0,0.2,0.6,2.4,-1.8,0.0,0.2,1.6,1.4,1.5,-0.1,0.5,0.1,7.0,1.3,1.3,0.3,-0.5,1.0,-0.40000000000000013,0.7999999999999999,-0.19999999999999996,-0.5999999999999999,-0.10000000000000009,1.4,-0.1,0.4,-0.2,-0.2,0.19999999999999998,1.0,2025-26,20250823|Wolverhampton Wanderers|Bournemouth,1,0,1,home
2025-08-24,Everton,Brighton and Hove Albion,0.5164540956922018,2.0,1.6,0.8,0.8,0.6,0.2,1.4,1.0,0.9,0.1,0.4,0.2,6.0,2.2,2.2,1.0,1.2,0.6,0.4,1.5,1.9,1.8,0.1,0.4,0.3,8.0,1.4,1.7,0.4,0.3,-0.20000000000000018,-0.10000000000000009,-0.6000000000000001,-0.8999999999999999,-0.19999999999999996,-0.9,-0.3999999999999999,0.0,0.0,0.0,-0.2,-0.09999999999999998,-2.0,2025-26,20250824|Brighton and Hove Albion|Everton,2,0,2,home
2025-08-24,Fulham,Manchester United,0.6654828773851386,0.8,1.0,1.8,-0.8,0.2,0.2,1.0,1.2,1.7,-0.5,0.3,0.1,8.0,0.6,1.0,1.6,-0.6,0.2,0.0,0.5,0.7,1.5,-0.8,0.1,0.2,7.0,1.1,0.9,-0.4,-0.3,0.20000000000000007,0.5,0.0,0.5,0.19999999999999996,0.19999999999999996,-0.20000000000000007,0.30000000000000004,0.0,0.19999999999999998,0.2,-0.1,1.0,2025-26,20250824|Manchester United|Fulham,1,1,2,draw
2025-08-24,Crystal Palace,Nottingham Forest,0.6216368213126731,1.8,1.6,0.8,0.8,0.4,0.6,1.4,1.4,1.7,-0.3,0.3,0.5,7.0,1.6,1.6,1.2,0.4,0.4,0.4,1.4,1.2,1.2,0.0,0.4,0.2,7.0,1.8,1.6,0.6,0.1,0.19999999999999996,0.0,0.0,0.19999999999999996,-0.3999999999999999,0.5,0.4,-0.3,0.0,-0.10000000000000003,0.19999999999999996,0.3,0.0,2025-26,20250824|Nottingham Forest|Crystal Palace,1,1,2,draw
2025-08-25,Newcastle United,Liverpool,0.4101088439406734,1.0,0.6,0.6,0.0,0.2,0.4,1.7,1.9,0.8,1.1,0.5,0.2,9.0,1.0,2.0,2.2,-0.2,0.2,0.4,1.7,2.1,1.6,0.5,0.5,0.2,10.0,2.1,1.5,1.3,0.3,0.0,0.0,-1.4,-0.20000000000000018,-1.6,-0.8,0.2,0.6000000000000001,0.0,0.0,0.0,0.0,-1.0,2025-26,20250825|Liverpool|Newcastle United,2,3,5,away
2025-08-30,Tottenham Hotspur,Bournemouth,0.4946036622387958,1.2,1.2,1.6,-0.4,0.4,0.0,1.0,1.4,2.1,-0.7,0.3,0.1,7.0,1.2,1.2,1.6,-0.4,0.4,0.0,1.5,1.2,1.2,0.0,0.4,0.3,7.0,1.0,1.3,-0.3,0.1,0.0,-0.5,0.0,0.19999999999999996,0.0,0.9000000000000001,0.0,-0.7,0.0,-0.10000000000000003,0.0,-0.19999999999999998,0.0,2025-26,20250830|Bournemouth|Tottenham Hotspur,0,1,1,away
2025-08-30,Sunderland,Brentford,0.4834906502306598,1.5,1.5,1.0,0.5,0.5,0.0,1.5,1.5,1.0,0.5,0.5,0.0,7.0,1.4,1.2,1.4,-0.2,0.4,0.2,1.8,1.7,1.3,0.4,0.5,0.3,7.0,3.0,2.0,3.0,0.7,0.10000000000000009,-0.30000000000000004,0.30000000000000004,-0.19999999999999996,-0.3999999999999999,-0.30000000000000004,0.7,0.09999999999999998,0.09999999999999998,0.0,-0.2,-0.3,0.0,2025-26,20250830|Brentford|Sunderland,2,1,3,home
2025-08-30,Manchester United,Burnley,0.7468761571971536,0.8,0.6,1.0,-0.4,0.2,0.2,0.6,0.8,1.5,-0.7,0.1,0.3,6.0,0.6,1.0,2.2,-1.2,0.2,0.0,0.9,1.2,1.6,-0.4,0.2,0.3,7.0,1.1,0.6,-0.3,-0.9,0.20000000000000007,-0.30000000000000004,-0.4,-0.3999999999999999,-1.2000000000000002,-0.10000000000000009,0.7999999999999999,-0.29999999999999993,0.0,-0.1,0.2,0.0,-1.0,2025-26,20250830|Burnley|Manchester United,3,2,5,home
2025-08-30,Wolverhampton Wanderers,Everton,0.46553678243549057,0.2,0.6,2.4,-1.8,0.0,0.2,1.3,1.3,1.6,-0.3,0.4,0.1,7.0,2.4,1.6,0.4,1.2,0.8,0.0,1.7,1.2,0.8,0.4,0.5,0.2,6.0,1.4,1.7,0.0,0.3,-2.1999999999999997,-0.3999999999999999,-1.0,0.10000000000000009,2.0,0.8,-3.0,-0.7,-0.8,-0.09999999999999998,0.2,-0.1,1.0,2025-26,20250830|Everton|Wolverhampton Wanderers,2,3,5,away
2025-08-30,Chelsea,Fulham,0.7486336225729612,2.0,1.4,0.6,0.8,0.6,0.2,2.1,1.5,0.7,0.8,0.6,0.3,8.0,1.0,1.2,1.8,-0.6,0.2,0.4,1.1,1.2,1.6,-0.4,0.3,0.2,6.0,2.6,1.6,1.3,0.2,1.0,1.0,0.19999999999999996,0.30000000000000004,-1.2000000000000002,-0.9000000000000001,1.4,1.2000000000000002,0.39999999999999997,0.3,-0.2,0.09999999999999998,2.0,2025-26,20250830|Fulham|Chelsea,2,0,2,home
2025-08-30,Leeds United,Newcastle United,0.28357913276401797,0.8,1.0,2.8,-1.8,0.2,0.2,0.5,1.0,2.9,-1.9,0.1,0.2,7.0,0.8,0.8,1.0,-0.2,0.2,0.2,1.4,1.8,1.1,0.7,0.4,0.2,5.0,1.2,1.4,-1.1,-0.3,0.0,-0.8999999999999999,0.19999999999999996,-0.8,1.7999999999999998,1.7999999999999998,-1.6,-2.5999999999999996,0.0,-0.30000000000000004,0.0,0.0,2.0,2025-26,20250830|Newcastle United|Leeds United,0,0,0,draw
2025-08-31,Liverpool,Arsenal,0.6155762535774519,1.6,2.4,2.0,0.4,0.4,0.4,1.7,2.3,1.8,0.5,0.5,0.2,6.0,2.6,2.2,0.6,1.6,0.8,0.2,1.9,2.0,0.9,1.1,0.5,0.4,8.0,2.6,2.0,1.6,0.9,-1.0,-0.19999999999999996,0.19999999999999973,0.2999999999999998,1.4,0.9,-1.2000000000000002,-0.6000000000000001,-0.4,0.0,0.2,-0.2,-2.0,2025-26,20250831|Arsenal|Liverpool,1,0,1,home
2025-08-31,Aston Villa,Crystal Palace,0.6309103059425245,1.4,0.6,0.6,0.0,0.4,0.2,1.9,1.4,0.7,0.7,0.6,0.1,8.0,1.8,1.6,0.8,0.8,0.4,0.6,1.2,1.3,1.7,-0.4,0.2,0.6,7.0,2.2,1.6,0.9,0.0,-0.40000000000000013,0.7,-1.0,0.09999999999999987,-0.20000000000000007,-1.0,-0.8,1.1,0.0,0.39999999999999997,-0.39999999999999997,-0.5,1.0,2025-26,20250831|Crystal Palace|Aston Villa,0,3,3,away
2025-08-31,Brighton and Hove Albion,Manchester City,0.38964392707300205,2.0,2.0,1.2,0.8,0.6,0.2,1.5,1.9,1.7,0.2,0.4,0.3,7.0,2.0,1.8,0.6,1.2,0.6,0.2,2.3,1.9,0.6,1.3,0.7,0.2,8.0,1.8,1.8,0.3,1.0,0.0,-0.7999999999999998,0.19999999999999996,0.0,0.6,1.1,-0.3999999999999999,-1.1,0.0,-0.29999999999999993,0.0,0.09999999999999998,-1.0,2025-26,20250831|Manchester City|Brighton and Hove Albion,2,1,3,home
2025-08-31,Nottingham Forest,West Ham United,0.7464847482526923,1.6,1.6,1.2,0.4,0.4,0.4,1.2,1.2,1.3,-0.1,0.3,0.3,7.0,1.2,1.4,2.2,-0.8,0.4,0.0,0.9,1.4,2.0,-0.6,0.2,0.3,9.0,1.7,1.1,0.8,-0.2,0.40000000000000013,0.29999999999999993,0.20000000000000018,-0.19999999999999996,-1.0000000000000002,-0.7,1.2000000000000002,0.5,0.0,0.09999999999999998,0.4,0.0,-2.0,2025-26,20250831|West Ham United|Nottingham Forest,0,3,3,away
2025-09-13,Everton,Aston Villa,0.5450742716481332,2.4,1.6,0.6,1.0,0.8,0.0,1.9,1.4,0.9,0.5,0.6,0.1,14.0,0.8,0.4,1.2,-0.8,0.2,0.2,1.6,1.2,0.9,0.3,0.5,0.1,13.0,1.7,1.3,0.7,-0.1,1.5999999999999999,0.2999999999999998,1.2000000000000002,0.19999999999999996,-0.6,0.0,1.8,0.2,0.6000000000000001,0.09999999999999998,-0.2,0.0,1.0,2025-26,20250913|Aston Villa|Everton,0,0,0,draw
2025-09-13,Bournemouth,Brighton and Hove Albion,0.5560739180084939,1.8,1.4,1.4,0.0,0.6,0.0,1.7,1.1,1.0,0.1,0.5,0.2,14.0,2.0,2.0,1.4,0.6,0.6,0.2,1.8,2.0,1.6,0.4,0.5,0.3,13.0,1.3,1.6,0.3,0.1,-0.19999999999999996,-0.10000000000000009,-0.6000000000000001,-0.8999999999999999,0.0,-0.6000000000000001,-0.6,-0.30000000000000004,0.0,0.0,-0.2,-0.09999999999999998,1.0,2025-26,20250913|Brighton and Hove Albion|Bournemouth,2,1,3,home
2025-09-13,Brentford,Chelsea,0.4262547932210783,0.8,1.2,1.8,-0.6,0.2,0.2,1.7,1.8,1.5,0.3,0.5,0.2,14.0,2.6,1.8,0.2,1.6,0.8,0.2,2.3,1.7,0.7,1.0,0.7,0.2,14.0,1.2,1.1,-0.2,-0.3,-1.8,-0.5999999999999999,-0.6000000000000001,0.10000000000000009,1.6,0.8,-2.2,-0.7,-0.6000000000000001,-0.19999999999999996,0.0,0.0,0.0,2025-26,20250913|Chelsea|Brentford,2,2,4,draw
2025-09-13,Fulham,Leeds United,0.7574246150749512,1.0,1.0,1.6,-0.6,0.2,0.4,0.8,0.9,1.6,-0.7,0.2,0.2,14.0,0.8,0.6,2.4,-1.8,0.2,0.2,0.6,0.9,2.3,-1.4,0.1,0.3,14.0,1.1,0.4,-0.4,-1.5,0.19999999999999996,0.20000000000000007,0.4,0.0,-0.7999999999999998,-0.6999999999999997,1.2000000000000002,0.7,0.0,0.1,0.2,-0.09999999999999998,0.0,2025-26,20250913|Leeds United|Fulham,1,0,1,home
2025-09-13,Arsenal,Nottingham Forest,0.8084111500824454,2.4,1.8,0.4,1.4,0.8,0.0,1.8,1.9,0.9,1.0,0.5,0.3,13.0,1.4,1.2,1.4,-0.2,0.4,0.2,1.2,1.1,1.4,-0.3,0.3,0.3,13.0,1.8,1.4,1.0,-0.1,1.0,0.6000000000000001,0.6000000000000001,0.7999999999999998,-0.9999999999999999,-0.4999999999999999,1.5999999999999999,1.3,0.4,0.2,-0.2,0.0,0.0,2025-26,20250913|Nottingham Forest|Arsenal,3,0,3,home
2025-09-13,Crystal Palace,Sunderland,0.7349019545343187,1.8,1.8,0.8,1.0,0.4,0.6,1.5,1.4,1.2,0.2,0.3,0.6,13.0,2.0,1.6666666666666667,1.0,0.6666666666666666,0.6666666666666666,0.0,2.0,1.6666666666666667,1.0,0.6666666666666666,0.6666666666666666,0.0,14.0,1.6,0.0,0.5,-2.0,-0.19999999999999996,-0.5,0.1333333333333333,-0.26666666666666683,-0.19999999999999996,0.19999999999999996,0.33333333333333337,-0.4666666666666666,-0.2666666666666666,-0.36666666666666664,0.6,0.6,-1.0,2025-26,20250913|Sunderland|Crystal Palace,0,0,0,draw
2025-09-13,West Ham United,Tottenham Hotspur,0.5993070459565265,1.2,1.6,2.2,-0.6,0.4,0.0,1.1,1.5,1.8,-0.3,0.3,0.2,13.0,1.2,1.2,1.4,-0.2,0.4,0.0,0.7,1.1,2.1,-1.0,0.2,0.1,14.0,0.9,1.0,-0.6,-0.5,0.0,0.40000000000000013,0.40000000000000013,0.3999999999999999,0.8000000000000003,-0.30000000000000004,-0.39999999999999997,0.7,0.0,0.09999999999999998,0.0,0.1,-1.0,2025-26,20250913|Tottenham Hotspur|West Ham United,0,3,3,away
2025-09-13,Newcastle United,Wolverhampton Wanderers,0.7822192918066876,0.4,0.4,1.0,-0.6,0.0,0.4,1.2,1.4,1.0,0.4,0.3,0.3,14.0,0.2,1.0,2.6,-1.6,0.0,0.2,1.0,1.3,1.8,-0.5,0.3,0.1,14.0,1.8,1.2,0.9,-0.6,0.2,0.19999999999999996,-0.6,0.09999999999999987,-1.6,-0.8,1.0,0.9,0.0,0.0,0.2,0.19999999999999998,0.0,2025-26,20250913|Wolverhampton Wanderers|Newcastle United,1,0,1,home
2025-09-14,Burnley,Liverpool,0.11625269661187182,0.6,1.2,2.0,-0.8,0.2,0.0,0.8,1.3,1.8,-0.5,0.2,0.2,15.0,2.0,2.2,1.6,0.6,0.6,0.2,2.0,2.2,1.5,0.7,0.6,0.2,14.0,1.0,1.7,-0.8,0.4,-1.4,-1.2,-1.0000000000000002,-0.9000000000000001,0.3999999999999999,0.30000000000000004,-1.4,-1.2,-0.39999999999999997,-0.39999999999999997,-0.2,0.0,1.0,2025-26,20250914|Liverpool|Burnley,0,1,1,away
2025-09-14,Manchester City,Manchester United,0.8302737635714004,1.8,2.0,1.0,1.0,0.6,0.0,2.2,2.0,0.8,1.2,0.7,0.1,14.0,1.4,1.2,1.0,0.2,0.4,0.2,0.8,1.1,1.7,-0.6,0.2,0.2,15.0,2.2,0.9,1.1,-0.3,0.40000000000000013,1.4000000000000001,0.8,0.8999999999999999,0.0,-0.8999999999999999,0.8,1.7999999999999998,0.19999999999999996,0.49999999999999994,-0.2,-0.1,-1.0,2025-26,20250914|Manchester United|Manchester City,3,0,3,home
2025-09-20,Fulham,Brentford,0.5669805118395899,1.0,0.6,1.2,-0.6,0.2,0.4,1.1,1.0,1.5,-0.5,0.3,0.2,7.0,1.0,1.2,1.6,-0.4,0.2,0.4,1.7,1.9,1.6,0.3,0.5,0.2,7.0,1.3,1.7,-0.3,0.5,0.0,-0.5999999999999999,-0.6,-0.8999999999999999,-0.40000000000000013,-0.10000000000000009,-0.19999999999999996,-0.8,0.0,-0.2,0.0,0.0,0.0,2025-26,20250920|Brentford|Fulham,3,1,4,home
2025-09-20,Manchester United,Chelsea,0.346032427516915,1.4,1.2,1.4,-0.2,0.4,0.2,0.8,1.0,1.6,-0.6,0.2,0.2,6.0,2.2,2.0,0.6,1.4,0.6,0.4,2.3,1.7,0.7,1.0,0.7,0.2,7.0,1.1,1.1,-0.4,-0.3,-0.8000000000000003,-1.4999999999999998,-0.8,-0.7,0.7999999999999999,0.9000000000000001,-1.5999999999999999,-1.6,-0.19999999999999996,-0.49999999999999994,-0.2,0.0,-1.0,2025-26,20250920|Chelsea|Manchester United,2,1,3,home
2025-09-20,West Ham United,Crystal Palace,0.38254283792518246,1.2,1.4,2.4,-1.0,0.4,0.0,1.1,1.4,1.9,-0.5,0.3,0.2,7.0,1.4,1.0,0.4,0.6,0.2,0.8,1.6,1.4,0.7,0.7,0.3,0.7,7.0,0.6,1.6,-1.0,0.1,-0.19999999999999996,-0.5,0.3999999999999999,0.0,2.0,1.2,-1.6,-1.2,0.2,0.0,-0.8,-0.49999999999999994,0.0,2025-26,20250920|Crystal Palace|West Ham United,1,2,3,away
2025-09-20,Liverpool,Everton,0.8320932026403844,2.6,2.0,1.0,1.0,0.8,0.2,2.0,2.1,1.4,0.7,0.6,0.2,6.0,2.0,1.2,0.6,0.6,0.6,0.2,1.7,1.3,0.9,0.4,0.5,0.2,7.0,2.6,1.7,1.4,0.3,0.6000000000000001,0.30000000000000004,0.8,0.8,0.4,0.4999999999999999,0.4,0.29999999999999993,0.20000000000000007,0.09999999999999998,0.0,0.0,-1.0,2025-26,20250920|Everton|Liverpool,2,1,3,home
2025-09-20,Wolverhampton Wanderers,Leeds United,0.6714339134966707,0.2,0.6,2.0,-1.4,0.0,0.2,0.7,0.9,1.7,-0.8,0.2,0.1,7.0,0.8,0.4,2.0,-1.6,0.2,0.2,0.6,0.8,2.2,-1.4,0.1,0.3,7.0,1.4,0.3,0.0,-1.6,-0.6000000000000001,0.09999999999999998,0.19999999999999996,0.09999999999999998,0.0,-0.5000000000000002,0.20000000000000018,0.5999999999999999,-0.2,0.1,0.0,-0.19999999999999998,0.0,2025-26,20250920|Leeds United|Wolverhampton Wanderers,1,3,4,away
2025-09-20,Burnley,Nottingham Forest,0.3253623240375566,0.6,1.0,1.8,-0.8,0.2,0.0,0.8,1.3,1.8,-0.5,0.2,0.2,6.0,0.8,0.8,1.8,-1.0,0.2,0.2,1.2,1.1,1.6,-0.5,0.3,0.3,7.0,0.9,1.1,-0.9,-0.7,-0.20000000000000007,-0.3999999999999999,0.19999999999999996,0.19999999999999996,0.0,0.19999999999999996,0.19999999999999996,0.0,0.0,-0.09999999999999998,-0.2,-0.09999999999999998,-1.0,2025-26,20250920|Nottingham Forest|Burnley,1,1,2,draw
2025-09-20,Brighton and Hove Albion,Tottenham Hotspur,0.7090185736328652,1.4,1.6,1.4,0.2,0.4,0.2,1.7,1.9,1.6,0.3,0.5,0.2,7.0,1.8,1.8,1.0,0.8,0.6,0.0,1.0,1.2,1.7,-0.5,0.3,0.1,7.0,2.1,1.3,0.5,-0.1,-0.40000000000000013,0.7,-0.19999999999999996,0.7,0.3999999999999999,-0.09999999999999987,-0.6000000000000001,0.8,-0.19999999999999996,0.2,0.2,0.1,0.0,2025-26,20250920|Tottenham Hotspur|Brighton and Hove Albion,2,2,4,draw
2025-09-21,Sunderland,Aston Villa,0.45761674997141877,1.75,1.25,0.75,0.5,0.5,0.25,1.75,1.25,0.75,0.5,0.5,0.25,8.0,0.4,0.0,1.2,-1.2,0.0,0.4,1.4,0.9,0.9,0.0,0.4,0.2,8.0,3.0,1.3,2.0,-0.1,1.35,0.3500000000000001,1.25,0.35,-0.44999999999999996,-0.15000000000000002,1.7,0.5,0.5,0.09999999999999998,-0.15000000000000002,0.04999999999999999,0.0,2025-26,20250921|Aston Villa|Sunderland,1,1,2,draw
2025-09-21,Arsenal,Manchester City,0.6377612034027037,2.4,2.2,0.4,1.8,0.8,0.0,2.0,2.1,0.8,1.3,0.6,0.2,8.0,1.8,2.0,0.8,1.2,0.6,0.0,2.2,1.8,0.6,1.2,0.7,0.1,7.0,2.0,1.7,1.3,0.9,0.5999999999999999,-0.20000000000000018,0.20000000000000018,0.30000000000000004,-0.4,0.20000000000000007,0.6000000000000001,0.10000000000000009,0.20000000000000007,-0.09999999999999998,0.0,0.1,1.0,2025-26,20250921|Manchester City|Arsenal,1,1,2,draw
2025-09-21,Bournemouth,Newcastle United,0.5441678287260874,2.4,1.6,1.0,0.6,0.8,0.0,1.7,1.2,1.1,0.1,0.5,0.2,8.0,1.0,0.6,0.8,-0.2,0.2,0.4,1.2,1.0,1.0,0.0,0.3,0.3,8.0,1.3,1.2,-0.1,-0.4,1.4,0.5,1.0,0.19999999999999996,0.19999999999999996,0.10000000000000009,0.8,0.1,0.6000000000000001,0.2,-0.4,-0.09999999999999998,0.0,2025-26,20250921|Newcastle United|Bournemouth,0,0,0,draw
2025-09-27,Leeds United,Bournemouth,0.3497710090216991,1.4,0.8,1.4,-0.6,0.4,0.2,0.8,1.0,2.2,-1.2,0.2,0.2,7.0,2.0,1.2,1.0,0.2,0.6,0.2,1.7,1.2,1.1,0.1,0.5,0.2,6.0,1.3,1.5,-0.9,0.2,-0.6000000000000001,-0.8999999999999999,-0.3999999999999999,-0.19999999999999996,0.3999999999999999,1.1,-0.8,-1.3,-0.19999999999999996,-0.3,0.0,0.0,1.0,2025-26,20250927|Bournemouth|Leeds United,2,2,4,draw
2025-09-27,Chelsea,Brighton and Hove Albion,0.683531103364584,1.6,2.0,1.0,1.0,0.4,0.4,2.0,1.6,0.8,0.8,0.6,0.2,7.0,1.0,1.2,1.6,-0.4,0.2,0.4,1.8,1.9,1.4,0.5,0.5,0.3,7.0,2.6,1.3,1.3,-0.2,0.6000000000000001,0.19999999999999996,0.8,-0.2999999999999998,-0.6000000000000001,-0.5999999999999999,1.4,0.30000000000000004,0.2,0.09999999999999998,0.0,-0.09999999999999998,0.0,2025-26,20250927|Brighton and Hove Albion|Chelsea,1,3,4,away
2025-09-27,Manchester City,Burnley,0.9182299121853906,1.4,1.8,1.0,0.8,0.4,0.2,2.0,1.7,0.7,1.0,0.6,0.2,6.0,0.8,1.0,1.6,-0.6,0.2,0.2,0.8,1.3,1.8,-0.5,0.2,0.2,7.0,2.2,0.6,1.2,-0.8,0.5999999999999999,1.2,0.8,0.3999999999999999,-0.6000000000000001,-1.1,1.4,1.5,0.2,0.39999999999999997,0.0,0.0,-1.0,2025-26,20250927|Burnley|Manchester City,5,1,6,home
2025-09-27,Crystal Palace,Liverpool,0.3596930653330606,1.8,1.2,0.4,0.8,0.4,0.6,1.8,1.6,0.8,0.8,0.4,0.6,7.0,3.0,2.2,1.0,1.2,1.0,0.0,2.0,2.2,1.5,0.7,0.6,0.2,7.0,1.6,1.7,0.5,0.3,-1.2,-0.19999999999999996,-1.0000000000000002,-0.6000000000000001,-0.6,-0.7,-0.3999999999999999,0.10000000000000009,-0.6,-0.19999999999999996,0.6,0.39999999999999997,0.0,2025-26,20250927|Liverpool|Crystal Palace,2,1,3,home
2025-09-27,Brentford,Manchester United,0.6361172869249947,0.8,1.2,2.0,-0.8,0.2,0.2,1.4,1.6,1.7,-0.1,0.4,0.2,7.0,1.4,1.2,1.6,-0.4,0.4,0.2,1.1,1.2,1.6,-0.4,0.3,0.2,7.0,1.2,0.6,-0.2,-0.7,-0.5999999999999999,0.2999999999999998,0.0,0.40000000000000013,0.3999999999999999,0.09999999999999987,-0.4,0.30000000000000004,-0.2,0.10000000000000003,0.0,0.0,0.0,2025-26,20250927|Manchester United|Brentford,3,1,4,home
2025-09-27,Nottingham Forest,Sunderland,0.6396123655398693,1.0,1.0,1.8,-0.8,0.2,0.4,1.0,1.0,1.6,-0.6,0.2,0.4,7.0,1.6,1.2,0.8,0.4,0.4,0.4,1.6,1.2,0.8,0.4,0.4,0.4,6.0,1.4,0.5,0.4,-1.0,-0.6000000000000001,-0.6000000000000001,-0.19999999999999996,-0.19999999999999996,1.0,0.8,-1.2000000000000002,-1.0,-0.2,-0.2,0.0,0.0,1.0,2025-26,20250927|Sunderland|Nottingham Forest,0,1,1,away
2025-09-27,Tottenham Hotspur,Wolverhampton Wanderers,0.6874020307419206,2.0,2.0,0.6,1.4,0.6,0.2,1.1,1.3,1.7,-0.4,0.3,0.2,7.0,0.0,0.6,2.4,-1.8,0.0,0.0,0.4,0.9,2.0,-1.1,0.1,0.1,7.0,1.0,1.2,-0.3,-0.4,2.0,0.7000000000000001,1.4,0.4,-1.7999999999999998,-0.30000000000000004,3.2,0.7000000000000001,0.6,0.19999999999999998,0.2,0.1,0.0,2025-26,20250927|Wolverhampton Wanderers|Tottenham Hotspur,1,1,2,draw
2025-09-28,Newcastle United,Arsenal,0.41547692682179377,1.2,0.6,0.6,0.0,0.2,0.6,1.3,0.9,0.6,0.3,0.3,0.4,7.0,2.0,2.0,0.4,1.6,0.6,0.2,1.8,1.8,0.9,0.9,0.5,0.3,7.0,2.1,1.9,1.3,0.8,-0.8,-0.5,-1.4,-0.9,0.19999999999999996,-0.30000000000000004,-1.6,-0.6000000000000001,-0.39999999999999997,-0.2,0.39999999999999997,0.10000000000000003,0.0,2025-26,20250928|Arsenal|Newcastle United,1,2,3,away
2025-09-28,Aston Villa,Fulham,0.6647975246344485,0.6,0.2,1.0,-0.8,0.0,0.6,1.2,0.6,0.9,-0.3,0.3,0.3,7.0,1.6,1.2,1.0,0.2,0.4,0.4,1.4,1.2,1.4,-0.2,0.4,0.2,8.0,1.9,1.3,0.5,-0.2,-1.0,-0.19999999999999996,-1.0,-0.6,0.0,-0.4999999999999999,-1.0,-0.09999999999999998,-0.4,-0.10000000000000003,0.19999999999999996,0.09999999999999998,-1.0,2025-26,20250928|Fulham|Aston Villa,3,1,4,home
2025-09-29,Everton,West Ham United,0.7345893513409705,1.4,1.2,1.0,0.2,0.4,0.2,1.7,1.4,0.9,0.5,0.5,0.2,9.0,0.6,1.0,2.6,-1.6,0.2,0.0,1.0,1.4,2.0,-0.6,0.3,0.1,9.0,1.5,1.3,0.6,0.1,0.7999999999999999,0.7,0.19999999999999996,0.0,-1.6,-1.1,1.8,1.1,0.2,0.2,0.2,0.1,0.0,2025-26,20250929|West Ham United|Everton,1,1,2,draw
2025-10-03,Bournemouth,Fulham,0.6471164676017056,2.2,1.2,0.6,0.6,0.6,0.4,1.7,1.3,1.2,0.1,0.5,0.2,6.0,1.4,1.2,1.4,-0.2,0.4,0.2,1.1,1.1,1.6,-0.5,0.3,0.2,5.0,1.4,1.0,0.1,-0.5,0.8000000000000003,0.5999999999999999,0.0,0.19999999999999996,-0.7999999999999999,-0.40000000000000013,0.8,0.6,0.19999999999999996,0.2,0.2,0.0,1.0,2025-26,20251003|Fulham|Bournemouth,3,1,4,home
2025-10-04,Chelsea,Liverpool,0.39493954154434513,1.4,2.2,1.6,0.6,0.4,0.2,1.7,1.6,1.1,0.5,0.5,0.2,7.0,2.4,1.6,1.0,0.6,0.8,0.0,1.7,1.8,1.6,0.2,0.5,0.2,7.0,2.3,1.4,1.0,0.0,-1.0,0.0,0.6000000000000001,-0.19999999999999996,0.6000000000000001,-0.5,0.0,0.3,-0.4,0.0,0.2,0.0,0.0,2025-26,20251004|Liverpool|Chelsea,2,1,3,home
2025-10-04,Manchester United,Sunderland,0.5514592963253913,1.4,1.4,2.0,-0.6,0.4,0.2,1.0,1.2,1.8,-0.6,0.3,0.1,7.0,1.6,0.8,0.8,0.0,0.4,0.4,1.8333333333333333,1.1666666666666667,0.6666666666666666,0.5,0.5,0.3333333333333333,7.0,1.4,1.3333333333333333,-0.1,-0.3333333333333333,-0.20000000000000018,-0.8333333333333333,0.5999999999999999,0.033333333333333215,1.2,1.1333333333333333,-0.6,-1.1,0.0,-0.2,-0.2,-0.2333333333333333,0.0,2025-26,20251004|Sunderland|Manchester United,2,0,2,home
2025-10-04,Leeds United,Tottenham Hotspur,0.47415468142677786,1.0,1.0,1.8,-0.8,0.2,0.4,0.9,1.1,2.0,-0.9,0.2,0.3,7.0,1.6,1.6,0.8,0.8,0.4,0.4,1.2,1.3,1.3,0.0,0.3,0.3,7.0,1.1,1.1,-1.0,-0.3,-0.6000000000000001,-0.29999999999999993,-0.6000000000000001,-0.19999999999999996,1.0,0.7,-1.6,-0.9,-0.2,-0.09999999999999998,0.0,0.0,0.0,2025-26,20251004|Tottenham Hotspur|Leeds United,1,2,3,away
2025-10-04,Arsenal,West Ham United,0.8894981726814383,2.0,2.2,0.6,1.6,0.6,0.2,2.0,1.8,0.8,1.0,0.6,0.2,6.0,0.8,1.2,2.2,-1.0,0.2,0.2,1.1,1.3,1.8,-0.5,0.3,0.2,5.0,1.8,1.4,0.9,0.2,1.2,0.8999999999999999,1.0000000000000002,0.5,-1.6,-1.0,2.6,1.5,0.39999999999999997,0.3,0.0,0.0,1.0,2025-26,20251004|West Ham United|Arsenal,2,0,2,home
2025-10-05,Wolverhampton Wanderers,Brighton and Hove Albion,0.35673438470407975,0.2,0.8,1.8,-1.0,0.0,0.2,0.2,0.7,2.1,-1.4,0.0,0.2,8.0,1.4,1.6,1.6,0.0,0.4,0.2,1.8,1.9,1.3,0.6,0.5,0.3,8.0,1.1,1.3,-0.4,-0.2,-1.2,-1.6,-0.8,-1.2,0.19999999999999996,0.8,-1.0,-2.0,-0.4,-0.5,0.0,-0.09999999999999998,0.0,2025-26,20251005|Brighton and Hove Albion|Wolverhampton Wanderers,1,1,2,draw
2025-10-05,Aston Villa,Burnley,0.8625169425745997,1.0,0.8,1.2,-0.4,0.2,0.4,1.5,0.8,0.8,0.0,0.4,0.3,7.0,0.8,1.2,2.0,-0.8,0.2,0.2,0.5,1.0,2.2,-1.2,0.1,0.2,8.0,2.1,0.6,0.7,-1.0,0.19999999999999996,1.0,-0.3999999999999999,-0.19999999999999996,-0.8,-1.4000000000000001,0.4,1.2,0.0,0.30000000000000004,0.2,0.09999999999999998,-1.0,2025-26,20251005|Burnley|Aston Villa,2,1,3,home
2025-10-05,Everton,Crystal Palace,0.4788184156204936,1.6,1.4,1.0,0.4,0.4,0.4,1.8,1.5,0.9,0.6,0.5,0.3,6.0,2.2,1.6,0.6,1.0,0.6,0.4,2.0,1.6,0.7,0.9,0.5,0.5,8.0,1.3,1.6,0.2,0.0,-0.6000000000000001,-0.19999999999999996,-0.20000000000000018,-0.10000000000000009,0.4,0.20000000000000007,-0.6,-0.30000000000000004,-0.19999999999999996,0.0,0.0,-0.2,-2.0,2025-26,20251005|Crystal Palace|Everton,2,1,3,home
2025-10-05,Brentford,Manchester City,0.3564396648118131,1.4,1.6,1.6,0.0,0.4,0.2,1.4,1.7,1.8,-0.1,0.4,0.2,8.0,1.4,2.0,1.2,0.8,0.4,0.2,2.0,2.0,0.7,1.3,0.6,0.2,8.0,1.5,1.5,0.2,0.3,0.0,-0.6000000000000001,-0.3999999999999999,-0.30000000000000004,0.40000000000000013,1.1,-0.8,-1.4000000000000001,0.0,-0.19999999999999996,0.0,0.0,0.0,2025-26,20251005|Manchester City|Brentford,0,1,1,away
2025-10-05,Newcastle United,Nottingham Forest,0.6976118622170606,1.0,0.8,1.0,-0.2,0.2,0.4,1.0,0.7,0.8,-0.1,0.2,0.4,7.0,0.4,0.4,1.8,-1.4,0.0,0.4,1.0,1.0,1.5,-0.5,0.2,0.4,8.0,2.1,1.2,1.3,-0.2,0.6,0.0,0.4,-0.30000000000000004,-0.8,-0.7,1.2,0.4,0.2,0.0,0.0,0.0,-1.0,2025-26,20251005|Nottingham Forest|Newcastle United,2,0,2,home
2025-10-18,Fulham,Arsenal,0.2794371530630984,1.2,1.2,1.8,-0.6,0.4,0.0,1.1,1.2,1.8,-0.6,0.3,0.2,15.0,2.0,1.6,0.6,1.0,0.6,0.2,2.3,1.9,0.6,1.3,0.7,0.2,14.0,1.6,1.9,0.0,0.8,-0.8,-1.1999999999999997,-0.40000000000000013,-0.7,1.2000000000000002,1.2000000000000002,-1.6,-1.9,-0.19999999999999996,-0.39999999999999997,-0.2,0.0,1.0,2025-26,20251018|Arsenal|Fulham,0,1,1,away
2025-10-18,Crystal Palace,Bournemouth,0.638632023974289,2.0,1.6,0.8,0.8,0.6,0.2,1.9,1.6,0.8,0.8,0.5,0.4,13.0,2.2,1.6,0.8,0.8,0.6,0.4,1.7,1.4,1.2,0.2,0.5,0.2,15.0,1.9,1.3,0.7,-0.1,-0.20000000000000018,0.19999999999999996,0.0,0.20000000000000018,0.0,-0.3999999999999999,0.0,0.6000000000000001,0.0,0.0,-0.2,0.2,-2.0,2025-26,20251018|Bournemouth|Crystal Palace,3,3,6,draw
2025-10-18,Nottingham Forest,Chelsea,0.41201645741362347,0.2,0.2,2.0,-1.8,0.0,0.2,0.9,0.9,1.6,-0.7,0.2,0.3,13.0,1.4,1.6,1.6,0.0,0.4,0.2,1.7,1.5,1.1,0.4,0.5,0.2,14.0,1.1,1.1,-0.4,-0.2,-1.2,-0.7999999999999999,-1.4000000000000001,-0.6,0.3999999999999999,0.5,-1.8,-1.1,-0.4,-0.3,0.0,0.09999999999999998,-1.0,2025-26,20251018|Chelsea|Nottingham Forest,0,3,3,away
2025-10-18,Manchester City,Everton,0.7824661549349752,2.0,2.2,0.8,1.4,0.6,0.2,2.0,2.0,0.7,1.3,0.6,0.2,13.0,1.6,1.4,1.2,0.2,0.4,0.4,2.0,1.5,0.8,0.7,0.6,0.2,13.0,2.2,1.4,1.2,0.1,0.3999999999999999,0.0,0.8000000000000003,0.5,-0.3999999999999999,-0.10000000000000009,1.2,0.6000000000000001,0.19999999999999996,0.0,-0.2,0.0,0.0,2025-26,20251018|Everton|Manchester City,2,0,2,home
2025-10-18,Burnley,Leeds United,0.5274710259595836,0.2,1.0,2.4,-1.4,0.0,0.2,0.4,1.0,2.3,-1.3,0.1,0.1,13.0,1.0,1.2,1.2,0.0,0.2,0.4,0.9,1.1,2.0,-0.9,0.2,0.3,14.0,0.9,0.6,-0.9,-1.3,-0.8,-0.5,-0.19999999999999996,-0.10000000000000009,1.2,0.2999999999999998,-1.4,-0.4,-0.2,-0.1,-0.2,-0.19999999999999998,-1.0,2025-26,20251018|Leeds United|Burnley,2,0,2,home
2025-10-18,Brighton and Hove Albion,Newcastle United,0.5654940577811712,1.6,1.8,1.4,0.4,0.4,0.4,1.8,1.9,1.3,0.6,0.5,0.3,13.0,1.6,0.8,0.4,0.4,0.4,0.4,1.2,0.8,0.7,0.1,0.3,0.3,13.0,1.9,1.0,0.2,-0.6,0.0,0.6000000000000001,1.0,1.0999999999999999,0.9999999999999999,0.6000000000000001,0.0,0.5,0.0,0.2,0.0,0.0,0.0,2025-26,20251018|Newcastle United|Brighton and Hove Albion,2,1,3,home
2025-10-18,Sunderland,Wolverhampton Wanderers,0.6935997858740057,1.6,0.8,0.8,0.0,0.4,0.4,1.5714285714285714,1.0,0.8571428571428571,0.14285714285714285,0.42857142857142855,0.2857142857142857,14.0,0.4,1.0,1.8,-0.8,0.0,0.4,0.3,0.8,2.1,-1.3,0.0,0.3,13.0,2.3333333333333335,1.3,1.3333333333333333,-0.2,1.2000000000000002,1.2714285714285714,-0.19999999999999996,0.19999999999999996,-1.0,-1.2428571428571429,0.8,1.4428571428571428,0.4,0.42857142857142855,0.0,-0.01428571428571429,1.0,2025-26,20251018|Wolverhampton Wanderers|Sunderland,2,0,2,home
2025-10-19,Tottenham Hotspur,Aston Villa,0.4397919989222434,1.6,1.6,1.0,0.6,0.4,0.4,1.4,1.4,1.3,0.1,0.4,0.2,15.0,1.6,1.2,1.2,0.0,0.4,0.4,1.5,0.9,0.9,0.0,0.4,0.3,14.0,1.1,1.4,-0.2,0.1,0.0,-0.10000000000000009,0.40000000000000013,0.4999999999999999,-0.19999999999999996,0.4,0.6,0.1,0.0,0.0,0.0,-0.09999999999999998,1.0,2025-26,20251019|Aston Villa|Tottenham Hotspur,1,2,3,away
2025-10-19,Liverpool,Manchester United,0.8529622596643577,1.8,1.2,1.0,0.2,0.6,0.0,1.7,1.8,1.5,0.3,0.5,0.2,15.0,1.8,1.6,1.8,-0.2,0.6,0.0,1.3,1.1,1.4,-0.3,0.4,0.1,15.0,2.6,0.6,1.4,-0.8,0.0,0.3999999999999999,-0.40000000000000013,0.7,-0.8,0.10000000000000009,0.4,0.6,0.0,0.09999999999999998,0.0,0.1,0.0,2025-26,20251019|Manchester United|Liverpool,1,2,3,away
2025-10-20,West Ham United,Brentford,0.46628939574932793,0.8,1.0,1.6,-0.6,0.2,0.2,1.0,1.2,1.9,-0.7,0.3,0.1,16.0,0.8,1.4,1.8,-0.4,0.2,0.2,1.1,1.3,1.6,-0.3,0.3,0.2,15.0,0.6,1.4,-0.9,0.2,0.0,-0.10000000000000009,-0.3999999999999999,-0.10000000000000009,-0.19999999999999996,0.2999999999999998,-0.19999999999999996,-0.39999999999999997,0.0,0.0,0.0,-0.1,1.0,2025-26,20251020|Brentford|West Ham United,0,2,2,away
2025-10-24,Leeds United,West Ham United,0.5168909123462182,0.8,1.2,1.6,-0.4,0.2,0.2,0.8,0.9,2.0,-1.1,0.2,0.2,6.0,0.2,0.4,2.0,-1.6,0.0,0.2,0.7,1.0,2.1,-1.1,0.2,0.1,4.0,1.0,1.1,-1.1,-0.1,0.6000000000000001,0.10000000000000009,0.7999999999999999,-0.09999999999999998,-0.3999999999999999,-0.10000000000000009,1.2000000000000002,0.0,0.2,0.0,0.0,0.1,2.0,2025-26,20251024|West Ham United|Leeds United,2,1,3,home
2025-10-25,Manchester United,Brighton and Hove Albion,0.4859240558166435,1.8,1.4,1.6,-0.2,0.6,0.0,1.6,1.3,1.3,0.0,0.5,0.1,6.0,1.6,1.8,1.4,0.4,0.4,0.4,1.8,1.9,1.4,0.5,0.5,0.3,7.0,1.7,1.4,0.3,0.5,0.19999999999999996,-0.19999999999999996,-0.40000000000000013,-0.5999999999999999,0.20000000000000018,-0.09999999999999987,-0.6000000000000001,-0.5,0.19999999999999996,0.0,-0.4,-0.19999999999999998,-1.0,2025-26,20251025|Brighton and Hove Albion|Manchester United,4,2,6,home
2025-10-25,Newcastle United,Fulham,0.7027353767339175,1.4,1.0,0.8,0.2,0.4,0.2,0.9,0.7,0.9,-0.2,0.2,0.3,7.0,1.2,1.2,1.6,-0.4,0.4,0.0,1.1,1.1,1.6,-0.5,0.3,0.2,7.0,2.1,0.7,1.4,-0.8,0.19999999999999996,-0.20000000000000007,-0.19999999999999996,-0.40000000000000013,-0.8,-0.7000000000000001,0.6000000000000001,0.3,0.0,-0.09999999999999998,0.2,0.09999999999999998,0.0,2025-26,20251025|Fulham|Newcastle United,2,1,3,home
2025-10-25,Brentford,Liverpool,0.34960861548753924,1.4,1.6,1.4,0.2,0.4,0.2,1.1,1.4,1.6,-0.2,0.3,0.2,5.0,1.2,1.2,1.4,-0.2,0.4,0.0,1.6,1.7,1.5,0.2,0.5,0.1,6.0,1.5,1.3,0.3,-0.1,0.19999999999999996,-0.5,0.40000000000000013,-0.30000000000000004,0.0,0.10000000000000009,0.4,-0.4,0.0,-0.2,0.2,0.1,-1.0,2025-26,20251025|Liverpool|Brentford,3,2,5,home
2025-10-25,Chelsea,Sunderland,0.7605159752771761,1.4,1.8,1.6,0.2,0.4,0.2,2.0,1.8,0.9,0.9,0.6,0.2,7.0,1.6,0.8,0.6,0.2,0.4,0.4,1.75,1.125,0.75,0.375,0.5,0.25,7.0,2.3,1.0,0.7,-0.75,-0.20000000000000018,0.25,1.0,0.675,1.0,0.15000000000000002,0.0,0.525,0.0,0.09999999999999998,-0.2,-0.04999999999999999,0.0,2025-26,20251025|Sunderland|Chelsea,1,2,3,away
2025-10-26,Wolverhampton Wanderers,Burnley,0.671209172100229,0.4,0.6,1.6,-1.0,0.0,0.4,0.3,0.8,2.1,-1.3,0.0,0.3,8.0,0.8,1.0,1.8,-0.8,0.2,0.2,0.7,1.1,1.9,-0.8,0.2,0.1,8.0,1.2,0.6,-0.3,-0.8,-0.4,-0.39999999999999997,-0.4,-0.30000000000000004,-0.19999999999999996,0.20000000000000018,-0.19999999999999996,-0.5,-0.2,-0.2,0.2,0.19999999999999998,0.0,2025-26,20251026|Burnley|Wolverhampton Wanderers,2,3,5,away
2025-10-26,Arsenal,Crystal Palace,0.7702281872764835,2.6,1.8,0.4,1.4,0.8,0.2,2.5,1.8,0.4,1.4,0.8,0.1,8.0,1.6,1.6,1.4,0.2,0.4,0.4,1.7,1.7,1.1,0.6,0.4,0.5,8.0,2.1,1.3,1.2,-0.3,1.0,0.8,0.19999999999999996,0.10000000000000009,-0.9999999999999999,-0.7000000000000001,1.2,0.7999999999999999,0.4,0.4,-0.2,-0.4,0.0,2025-26,20251026|Crystal Palace|Arsenal,1,0,1,home
2025-10-26,Aston Villa,Manchester City,0.43916620315375626,2.2,1.6,0.8,0.8,0.6,0.4,1.5,1.0,1.0,0.0,0.4,0.3,7.0,2.6,2.4,0.4,2.0,0.8,0.2,2.2,2.2,0.7,1.5,0.7,0.1,8.0,2.3,1.8,0.8,0.8,-0.3999999999999999,-0.7000000000000002,-0.7999999999999998,-1.2000000000000002,0.4,0.30000000000000004,-1.2,-1.5,-0.20000000000000007,-0.29999999999999993,0.2,0.19999999999999998,-1.0,2025-26,20251026|Manchester City|Aston Villa,1,0,1,home
2025-10-26,Bournemouth,Nottingham Forest,0.7066287934742482,1.8,2.0,1.4,0.6,0.4,0.6,1.8,1.7,1.4,0.3,0.5,0.3,8.0,0.2,0.2,2.0,-1.8,0.0,0.2,0.8,0.7,1.7,-1.0,0.2,0.2,8.0,1.7,1.2,0.4,-0.3,1.6,1.0,1.8,1.0,-0.6000000000000001,-0.30000000000000004,2.4,1.3,0.4,0.3,0.39999999999999997,0.09999999999999998,0.0,2025-26,20251026|Nottingham Forest|Bournemouth,2,0,2,home
2025-10-26,Everton,Tottenham Hotspur,0.6823745526831545,1.0,0.8,1.2,-0.4,0.2,0.4,1.7,1.2,0.9,0.3,0.5,0.2,8.0,1.6,1.8,1.2,0.6,0.4,0.4,1.4,1.5,1.3,0.2,0.4,0.2,7.0,1.5,1.1,0.3,-0.5,-0.6000000000000001,0.30000000000000004,-1.0,-0.30000000000000004,0.0,-0.4,-1.0,0.09999999999999998,-0.2,0.09999999999999998,0.0,0.0,1.0,2025-26,20251026|Tottenham Hotspur|Everton,0,3,3,away
2025-11-01,Burnley,Arsenal,0.13719138756429608,1.4,1.6,2.0,-0.4,0.4,0.2,1.0,1.3,1.9,-0.6,0.3,0.1,6.0,2.6,1.4,0.4,1.0,0.8,0.2,2.5,1.8,0.4,1.4,0.8,0.1,6.0,1.2,1.9,-0.2,0.7,-1.2000000000000002,-1.5,0.20000000000000018,-0.5,1.6,1.5,-1.4,-2.0,-0.4,-0.5,0.0,0.0,0.0,2025-26,20251101|Arsenal|Burnley,0,2,2,away
2025-11-01,Liverpool,Aston Villa,0.6830203524642849,0.6,1.4,2.0,-0.6,0.2,0.0,1.6,1.7,1.5,0.2,0.5,0.1,7.0,2.6,1.8,0.8,1.0,0.8,0.2,1.5,0.9,1.0,-0.1,0.4,0.3,6.0,2.3,1.7,1.1,0.5,-2.0,0.10000000000000009,-0.40000000000000013,0.7999999999999999,1.2,0.5,-1.6,0.30000000000000004,-0.6000000000000001,0.09999999999999998,-0.2,-0.19999999999999998,1.0,2025-26,20251101|Aston Villa|Liverpool,2,0,2,home
2025-11-01,Crystal Palace,Brentford,0.6470289367598544,1.4,1.6,1.6,0.0,0.4,0.2,1.4,1.3,1.0,0.3,0.3,0.5,6.0,1.8,1.8,1.4,0.4,0.6,0.0,1.4,1.5,1.5,0.0,0.4,0.2,7.0,2.0,1.4,0.8,0.0,-0.40000000000000013,0.0,-0.19999999999999996,-0.19999999999999996,0.20000000000000018,-0.5,-0.4,0.3,-0.19999999999999996,-0.10000000000000003,0.2,0.3,-1.0,2025-26,20251101|Brentford|Crystal Palace,2,0,2,home
2025-11-01,Tottenham Hotspur,Chelsea,0.423351666416772,1.6,1.8,1.2,0.6,0.4,0.4,1.7,1.8,1.1,0.7,0.5,0.2,6.0,1.2,1.6,1.6,0.0,0.4,0.0,1.7,1.8,1.1,0.7,0.5,0.2,7.0,0.8,1.4,-0.4,0.4,0.40000000000000013,0.0,0.19999999999999996,0.0,-0.40000000000000013,0.0,0.6,0.0,0.0,0.0,0.4,0.0,-1.0,2025-26,20251101|Chelsea|Tottenham Hotspur,0,1,1,away
2025-11-01,Brighton and Hove Albion,Leeds United,0.8164437015263131,1.6,2.0,1.8,0.2,0.4,0.4,1.5,1.8,1.6,0.2,0.4,0.3,7.0,1.4,1.6,1.6,0.0,0.4,0.2,1.1,1.0,1.8,-0.8,0.3,0.2,8.0,1.9,0.6,0.2,-1.4,0.20000000000000018,0.3999999999999999,0.3999999999999999,0.8,0.19999999999999996,-0.19999999999999996,0.2,1.0,0.0,0.10000000000000003,0.2,0.09999999999999998,-1.0,2025-26,20251101|Leeds United|Brighton and Hove Albion,3,0,3,home
2025-11-01,Nottingham Forest,Manchester United,0.5167385360790478,0.2,0.2,1.8,-1.6,0.0,0.2,0.5,0.5,1.8,-1.3,0.1,0.2,6.0,2.4,2.2,1.4,0.8,0.8,0.0,1.9,1.7,1.4,0.3,0.6,0.1,7.0,1.0,0.8,-0.7,-0.7,-2.1999999999999997,-1.4,-2.0,-1.2,0.40000000000000013,0.40000000000000013,-2.4000000000000004,-1.6,-0.8,-0.5,0.2,0.1,-1.0,2025-26,20251101|Manchester United|Nottingham Forest,2,2,4,draw
2025-11-01,Fulham,Wolverhampton Wanderers,0.7243079583207183,0.6,1.2,2.0,-0.8,0.2,0.0,0.8,0.9,1.6,-0.7,0.2,0.2,7.0,0.4,1.0,2.0,-1.0,0.0,0.4,0.3,0.8,2.0,-1.2,0.0,0.3,6.0,1.3,1.3,-0.2,-0.3,0.19999999999999996,0.5,0.19999999999999996,0.09999999999999998,0.0,-0.3999999999999999,0.19999999999999996,0.5,0.2,0.2,-0.4,-0.09999999999999998,1.0,2025-26,20251101|Wolverhampton Wanderers|Fulham,3,0,3,home
2025-11-02,Manchester City,Bournemouth,0.742456354681159,2.0,1.8,0.6,1.2,0.6,0.2,1.9,1.9,0.7,1.2,0.6,0.1,7.0,1.8,2.0,1.2,0.8,0.4,0.6,2.1,1.8,1.1,0.7,0.6,0.3,7.0,2.5,1.1,1.6,-0.3,0.19999999999999996,-0.20000000000000018,-0.19999999999999996,0.09999999999999987,-0.6,-0.40000000000000013,0.3999999999999999,0.5,0.19999999999999996,0.0,-0.39999999999999997,-0.19999999999999998,0.0,2025-26,20251102|Bournemouth|Manchester City,3,1,4,home
2025-11-02,West Ham United,Newcastle United,0.3324108843548708,0.2,0.6,1.8,-1.2,0.0,0.2,0.7,1.0,2.1,-1.1,0.2,0.1,9.0,1.4,1.2,1.0,0.2,0.4,0.2,1.2,0.9,0.9,0.0,0.3,0.3,8.0,0.6,1.0,-1.0,-0.3,-1.2,-0.5,-0.6,0.09999999999999998,0.8,1.2000000000000002,-1.4,-1.1,-0.4,-0.09999999999999998,0.0,-0.19999999999999998,1.0,2025-26,20251102|Newcastle United|West Ham United,3,1,4,home
2025-11-03,Sunderland,Everton,0.5932150677710896,2.0,1.2,0.8,0.4,0.6,0.2,1.8888888888888888,1.2222222222222223,0.7777777777777778,0.4444444444444444,0.5555555555555556,0.2222222222222222,9.0,0.8,0.8,1.8,-1.0,0.2,0.2,1.4,1.0,1.2,-0.2,0.4,0.2,8.0,2.5,1.3,1.5,-0.1,1.2,0.48888888888888893,0.3999999999999999,0.22222222222222232,-1.0,-0.42222222222222217,1.4,0.6444444444444444,0.39999999999999997,0.15555555555555556,0.0,0.0222222222222222,1.0,2025-26,20251103|Everton|Sunderland,1,1,2,draw
2025-11-08,Sunderland,Arsenal,0.27406886492369475,2.0,1.2,0.8,0.4,0.6,0.2,1.8,1.2,0.8,0.4,0.5,0.3,5.0,3.0,1.6,0.2,1.4,1.0,0.0,2.5,1.8,0.3,1.5,0.8,0.1,7.0,2.2,2.1,1.2,0.9,-1.0,-0.7,-0.40000000000000013,-0.6000000000000001,0.6000000000000001,0.5,-0.9999999999999999,-1.1,-0.4,-0.30000000000000004,0.2,0.19999999999999998,-2.0,2025-26,20251108|Arsenal|Sunderland,2,2,4,draw
2025-11-08,West Ham United,Burnley,0.6774948357553293,0.8,1.0,1.6,-0.6,0.2,0.2,0.7,1.0,2.1,-1.1,0.2,0.1,6.0,1.2,1.4,2.2,-0.8,0.4,0.0,1.0,1.2,1.9,-0.7,0.3,0.1,7.0,0.6,0.8,-1.0,-0.7,-0.3999999999999999,-0.30000000000000004,-0.3999999999999999,-0.19999999999999996,-0.6000000000000001,0.20000000000000018,0.20000000000000007,-0.40000000000000013,-0.2,-0.09999999999999998,0.2,0.0,-1.0,2025-26,20251108|Burnley|West Ham United,3,2,5,home
2025-11-08,Everton,Fulham,0.6247438968752442,1.0,0.8,1.6,-0.8,0.2,0.4,1.2,1.0,1.3,-0.3,0.3,0.3,5.0,0.6,1.2,1.8,-0.6,0.2,0.0,1.1,1.2,1.4,-0.2,0.3,0.2,7.0,1.4,0.7,0.0,-0.8,0.4,0.09999999999999987,-0.3999999999999999,-0.19999999999999996,-0.19999999999999996,-0.09999999999999987,-0.20000000000000007,-0.09999999999999998,0.0,0.0,0.4,0.09999999999999998,-2.0,2025-26,20251108|Fulham|Everton,2,0,2,home
2025-11-08,Tottenham Hotspur,Manchester United,0.5332446546517157,1.4,1.4,1.0,0.4,0.4,0.2,1.7,1.7,0.8,0.9,0.5,0.2,7.0,2.0,2.2,1.6,0.6,0.6,0.2,1.7,1.7,1.6,0.1,0.5,0.2,7.0,0.8,0.6,-0.4,-1.0,-0.6000000000000001,0.0,-0.8000000000000003,0.0,-0.6000000000000001,-0.8,-0.19999999999999996,0.8,-0.19999999999999996,0.0,0.0,0.0,0.0,2025-26,20251108|Manchester United|Tottenham Hotspur,2,2,4,draw
2025-11-08,Chelsea,Wolverhampton Wanderers,0.8589760879526244,1.8,1.6,1.2,0.4,0.6,0.0,1.7,1.8,1.1,0.7,0.5,0.2,7.0,0.4,0.8,2.0,-1.2,0.0,0.4,0.2,0.7,2.2,-1.5,0.0,0.2,7.0,2.0,1.0,0.5,-0.7,1.4,1.5,0.8,1.1,-0.8,-1.1,1.6,2.2,0.6,0.5,-0.4,0.0,0.0,2025-26,20251108|Wolverhampton Wanderers|Chelsea,3,0,3,home
2025-11-09,Aston Villa,Bournemouth,0.6464419741829153,2.4,1.6,1.0,0.6,0.8,0.0,1.5,0.9,1.0,-0.1,0.4,0.3,8.0,1.6,2.2,1.8,0.4,0.4,0.4,1.8,1.7,1.4,0.3,0.5,0.3,7.0,2.5,1.1,0.9,-0.4,0.7999999999999998,-0.30000000000000004,-0.6000000000000001,-0.7999999999999999,-0.8,-0.3999999999999999,0.19999999999999996,-0.4,0.4,-0.09999999999999998,-0.4,0.0,1.0,2025-26,20251109|Bournemouth|Aston Villa,4,0,4,home
2025-11-09,Crystal Palace,Brighton and Hove Albion,0.6260159605529277,1.4,1.6,1.4,0.2,0.4,0.2,1.6,1.4,0.9,0.5,0.4,0.4,8.0,2.0,2.2,1.4,0.8,0.6,0.2,1.5,1.7,1.5,0.2,0.4,0.3,8.0,2.0,1.1,0.7,-0.1,-0.6000000000000001,0.10000000000000009,-0.6000000000000001,-0.30000000000000004,0.0,-0.6,-0.6000000000000001,0.3,-0.19999999999999996,0.0,0.0,0.10000000000000003,0.0,2025-26,20251109|Brighton and Hove Albion|Crystal Palace,0,0,0,draw
2025-11-09,Nottingham Forest,Leeds United,0.723735657860376,0.2,0.4,2.0,-1.6,0.0,0.2,0.6,0.7,1.9,-1.2,0.1,0.3,8.0,0.8,1.0,2.0,-1.0,0.2,0.2,1.1,0.9,1.7,-0.8,0.3,0.2,8.0,0.8,0.3,-0.8,-1.9,-0.6000000000000001,-0.5000000000000001,-0.6,-0.20000000000000007,0.0,0.19999999999999996,-0.6000000000000001,-0.3999999999999999,-0.2,-0.19999999999999998,0.0,0.09999999999999998,0.0,2025-26,20251109|Leeds United|Nottingham Forest,3,1,4,home
2025-11-09,Manchester City,Liverpool,0.6024365702237171,2.4,2.2,0.6,1.6,0.8,0.0,1.9,2.0,0.8,1.2,0.6,0.1,7.0,0.6,1.4,1.8,-0.4,0.2,0.0,1.8,1.8,1.4,0.4,0.6,0.0,8.0,2.7,1.2,1.8,-0.2,1.7999999999999998,0.09999999999999987,0.8000000000000003,0.19999999999999996,-1.2000000000000002,-0.5999999999999999,2.0,0.7999999999999999,0.6000000000000001,0.0,0.0,0.1,-1.0,2025-26,20251109|Liverpool|Manchester City,3,0,3,home
2025-11-09,Brentford,Newcastle United,0.5500733907533613,1.8,1.6,1.2,0.4,0.6,0.0,1.3,1.4,1.6,-0.2,0.4,0.1,8.0,1.2,1.4,1.6,-0.2,0.4,0.0,1.2,1.0,1.1,-0.1,0.3,0.3,7.0,1.7,1.0,0.4,-0.3,0.6000000000000001,0.10000000000000009,0.20000000000000018,0.3999999999999999,-0.40000000000000013,0.5,0.6000000000000001,-0.1,0.19999999999999996,0.10000000000000003,0.0,-0.19999999999999998,1.0,2025-26,20251109|Newcastle United|Brentford,3,1,4,home
2025-11-22,Brighton and Hove Albion,Brentford,0.6286152118241938,1.6,1.6,1.2,0.4,0.4,0.4,1.5,1.6,1.4,0.2,0.4,0.3,13.0,1.8,1.6,1.2,0.4,0.6,0.0,1.6,1.6,1.4,0.2,0.5,0.1,13.0,1.9,1.1,0.4,-0.3,-0.19999999999999996,-0.10000000000000009,0.0,0.0,0.0,0.0,0.0,0.0,-0.19999999999999996,-0.09999999999999998,0.4,0.19999999999999998,0.0,2025-26,20251122|Brentford|Brighton and Hove Albion,2,1,3,home
2025-11-22,Burnley,Chelsea,0.22472417016966045,1.2,1.6,1.8,-0.2,0.4,0.0,1.0,1.4,1.9,-0.5,0.3,0.1,14.0,2.4,2.0,0.6,1.4,0.8,0.0,1.9,2.1,1.1,1.0,0.6,0.1,14.0,1.2,1.7,-0.2,0.6,-1.2,-0.8999999999999999,-0.3999999999999999,-0.7000000000000002,1.2000000000000002,0.7999999999999998,-1.5999999999999999,-1.5,-0.4,-0.3,0.0,0.0,0.0,2025-26,20251122|Chelsea|Burnley,0,2,2,away
2025-11-22,Wolverhampton Wanderers,Crystal Palace,0.28457842151841817,0.2,0.6,2.4,-1.8,0.0,0.2,0.2,0.7,2.1,-1.4,0.0,0.2,14.0,1.0,1.2,1.2,0.0,0.2,0.4,1.6,1.4,0.9,0.5,0.4,0.4,13.0,1.1,1.2,-0.4,-0.4,-0.8,-1.4000000000000001,-0.6,-0.7,1.2,1.2000000000000002,-1.8,-1.9,-0.2,-0.4,-0.2,-0.2,1.0,2025-26,20251122|Crystal Palace|Wolverhampton Wanderers,0,2,2,away
2025-11-22,Newcastle United,Manchester City,0.36487027408166023,1.2,1.4,1.8,-0.4,0.4,0.0,1.1,1.1,1.4,-0.3,0.3,0.2,13.0,2.4,1.8,0.4,1.4,0.8,0.0,1.9,1.9,0.8,1.1,0.6,0.1,13.0,2.1,1.5,1.4,0.6,-1.2,-0.7999999999999998,-0.40000000000000013,-0.7999999999999998,1.4,0.5999999999999999,-1.7999999999999998,-1.4000000000000001,-0.4,-0.3,0.0,0.1,0.0,2025-26,20251122|Manchester City|Newcastle United,2,1,3,home
2025-11-22,Liverpool,Nottingham Forest,0.8244998158517298,0.6,1.2,2.0,-0.8,0.2,0.0,1.5,1.4,1.5,-0.1,0.5,0.0,13.0,0.8,1.0,2.0,-1.0,0.2,0.2,0.6,0.7,1.9,-1.2,0.1,0.3,13.0,2.3,1.2,1.1,-0.4,-0.20000000000000007,0.9,0.19999999999999996,0.7,0.0,-0.3999999999999999,0.19999999999999996,1.0999999999999999,0.0,0.4,-0.2,-0.3,0.0,2025-26,20251122|Nottingham Forest|Liverpool,0,3,3,away
2025-11-22,Fulham,Sunderland,0.5413457515781468,0.6,1.0,1.6,-0.6,0.2,0.0,1.0,1.1,1.5,-0.4,0.3,0.1,14.0,1.6,1.4,1.2,0.2,0.4,0.4,1.6,1.1,1.0,0.1,0.4,0.4,14.0,1.6,1.4,0.3,-0.4,-1.0,-0.6000000000000001,-0.3999999999999999,0.0,0.40000000000000013,0.5,-0.8,-0.5,-0.2,-0.10000000000000003,-0.4,-0.30000000000000004,0.0,2025-26,20251122|Sunderland|Fulham,1,0,1,home
2025-11-22,Bournemouth,West Ham United,0.7499882795259564,1.4,1.8,2.2,-0.4,0.4,0.2,1.8,1.5,1.4,0.1,0.5,0.3,13.0,1.2,1.4,1.8,-0.4,0.4,0.0,1.0,1.3,2.0,-0.7,0.3,0.1,14.0,2.0,1.0,0.7,-0.2,0.19999999999999996,0.8,0.40000000000000013,0.19999999999999996,0.40000000000000013,-0.6000000000000001,0.0,0.7999999999999999,0.0,0.2,0.2,0.19999999999999998,-1.0,2025-26,20251122|West Ham United|Bournemouth,2,2,4,draw
2025-11-23,Leeds United,Aston Villa,0.24467487849635203,0.6,0.8,2.2,-1.4,0.2,0.0,0.8,0.9,2.0,-1.1,0.2,0.2,14.0,2.4,1.8,0.8,1.0,0.8,0.0,1.7,1.3,1.0,0.3,0.5,0.2,14.0,1.0,1.4,-1.1,0.2,-1.7999999999999998,-0.8999999999999999,-1.0,-0.4,1.4000000000000001,1.0,-2.4,-1.4000000000000001,-0.6000000000000001,-0.3,0.0,0.0,0.0,2025-26,20251123|Aston Villa|Leeds United,1,2,3,away
2025-11-23,Arsenal,Tottenham Hotspur,0.8682573789721398,2.6,1.6,0.4,1.2,0.8,0.2,2.3,1.9,0.5,1.4,0.7,0.2,15.0,1.4,1.6,1.2,0.4,0.4,0.2,1.5,1.6,1.0,0.6,0.4,0.3,15.0,2.1,1.4,1.2,0.0,1.2000000000000002,0.7999999999999998,0.0,0.2999999999999998,-0.7999999999999999,-0.5,0.7999999999999999,0.7999999999999999,0.4,0.29999999999999993,0.0,-0.09999999999999998,0.0,2025-26,20251123|Tottenham Hotspur|Arsenal,4,1,5,home
2025-11-24,Manchester United,Everton,0.5849130731900428,2.2,2.4,1.4,1.0,0.6,0.4,1.8,1.9,1.7,0.2,0.5,0.3,16.0,1.4,1.0,1.4,-0.4,0.4,0.2,1.5,1.2,1.2,0.0,0.4,0.3,16.0,1.7,1.3,0.4,-0.1,0.8000000000000003,0.30000000000000004,1.4,0.7,0.0,0.5,1.4,0.2,0.19999999999999996,0.09999999999999998,0.2,0.0,0.0,2025-26,20251124|Everton|Manchester United,0,1,1,away
2025-11-29,Sunderland,Bournemouth,0.5345205004982909,1.6,1.4,1.0,0.4,0.4,0.4,1.6,1.1,0.9,0.2,0.4,0.4,7.0,1.0,1.6,2.4,-0.8,0.2,0.4,1.6,1.6,1.6,0.0,0.4,0.4,7.0,2.0,1.0,1.0,-0.8,0.6000000000000001,0.0,-0.20000000000000018,-0.5,-1.4,-0.7000000000000001,1.2000000000000002,0.2,0.2,0.0,0.0,0.0,0.0,2025-26,20251129|Bournemouth|Sunderland,3,2,5,home
2025-11-29,Brentford,Burnley,0.8205136323818757,1.8,1.8,1.4,0.4,0.6,0.0,1.3,1.6,1.6,0.0,0.4,0.1,7.0,1.2,1.4,1.8,-0.4,0.4,0.0,0.7,1.2,2.1,-0.9,0.2,0.1,7.0,2.0,0.7,0.7,-0.8,0.6000000000000001,0.6000000000000001,0.40000000000000013,0.40000000000000013,-0.40000000000000013,-0.5,0.8,0.9,0.19999999999999996,0.2,0.0,0.0,0.0,2025-26,20251129|Burnley|Brentford,3,1,4,home
2025-11-29,Tottenham Hotspur,Fulham,0.5649329581868239,0.8,1.4,1.8,-0.4,0.2,0.2,1.2,1.5,1.4,0.1,0.3,0.3,6.0,1.2,1.0,1.0,0.0,0.4,0.0,1.2,1.1,1.4,-0.3,0.4,0.0,7.0,0.8,0.7,-0.4,-0.9,-0.3999999999999999,0.0,0.3999999999999999,0.3999999999999999,0.8,0.0,-0.4,0.4,-0.2,-0.10000000000000003,0.2,0.3,-1.0,2025-26,20251129|Fulham|Tottenham Hotspur,1,2,3,away
2025-11-29,Manchester City,Leeds United,0.9138147000013531,1.8,1.8,0.8,1.0,0.6,0.0,1.9,2.0,0.8,1.2,0.6,0.1,7.0,0.6,0.8,2.2,-1.4,0.2,0.0,0.8,1.0,1.7,-0.7,0.2,0.2,6.0,2.7,0.3,1.9,-1.8,1.2000000000000002,1.0999999999999999,1.0,1.0,-1.4000000000000001,-0.8999999999999999,2.4,1.9,0.39999999999999997,0.39999999999999997,0.0,-0.1,1.0,2025-26,20251129|Leeds United|Manchester City,3,2,5,home
2025-11-29,Everton,Newcastle United,0.5575714813978692,1.4,0.8,1.2,-0.4,0.4,0.2,1.5,1.1,1.2,-0.1,0.4,0.3,5.0,1.2,1.4,2.0,-0.6,0.4,0.0,1.4,1.1,1.2,-0.1,0.4,0.2,7.0,1.6,0.7,0.2,-0.6,0.19999999999999996,0.10000000000000009,-0.5999999999999999,0.0,-0.8,0.0,0.19999999999999996,0.0,0.0,0.0,0.2,0.09999999999999998,-2.0,2025-26,20251129|Newcastle United|Everton,1,4,5,away
2025-11-30,Chelsea,Arsenal,0.430882863301788,2.4,2.0,0.4,1.6,0.8,0.0,1.9,1.8,1.0,0.8,0.6,0.1,8.0,2.6,2.0,0.6,1.4,0.8,0.2,2.3,1.8,0.6,1.2,0.7,0.2,7.0,2.0,2.1,0.7,0.9,-0.20000000000000018,-0.3999999999999999,0.0,0.0,-0.19999999999999996,0.4,0.20000000000000018,-0.3999999999999999,0.0,-0.09999999999999998,-0.2,-0.1,1.0,2025-26,20251130|Arsenal|Chelsea,1,1,2,draw
2025-11-30,Nottingham Forest,Brighton and Hove Albion,0.47581700665939186,1.4,1.6,1.6,0.0,0.4,0.2,0.8,0.9,1.8,-0.9,0.2,0.2,8.0,2.0,1.8,1.2,0.6,0.6,0.2,1.8,1.8,1.3,0.5,0.5,0.3,8.0,0.8,1.1,-0.7,-0.1,-0.6000000000000001,-1.0,-0.19999999999999996,-0.9,0.40000000000000013,0.5,-0.6,-1.4,-0.19999999999999996,-0.3,0.0,-0.09999999999999998,0.0,2025-26,20251130|Brighton and Hove Albion|Nottingham Forest,0,2,2,away
2025-11-30,West Ham United,Liverpool,0.2911640001658731,1.4,1.8,1.8,0.0,0.4,0.2,1.1,1.4,1.7,-0.3,0.3,0.2,8.0,0.6,1.0,2.2,-1.2,0.2,0.0,1.2,1.1,1.6,-0.5,0.4,0.0,8.0,0.9,0.9,-0.8,-0.7,0.7999999999999999,-0.09999999999999987,0.8,0.2999999999999998,-0.40000000000000013,0.09999999999999987,1.2,0.2,0.2,-0.10000000000000003,0.2,0.2,0.0,2025-26,20251130|Liverpool|West Ham United,0,2,2,away
2025-11-30,Crystal Palace,Manchester United,0.7148275697797948,1.6,1.4,0.8,0.6,0.4,0.4,1.8,1.5,0.8,0.7,0.5,0.3,8.0,1.6,2.0,1.6,0.4,0.4,0.4,1.7,1.8,1.7,0.1,0.5,0.2,6.0,1.8,0.7,0.6,-0.9,0.0,0.10000000000000009,-0.6000000000000001,-0.30000000000000004,-0.8,-0.8999999999999999,0.19999999999999996,0.6,0.0,0.0,0.0,0.09999999999999998,2.0,2025-26,20251130|Manchester United|Crystal Palace,1,2,3,away
2025-11-30,Aston Villa,Wolverhampton Wanderers,0.8698970245976582,2.4,1.8,0.8,1.0,0.8,0.0,2.0,1.5,1.0,0.5,0.6,0.2,7.0,0.0,0.4,2.6,-2.2,0.0,0.0,0.2,0.7,2.2,-1.5,0.0,0.2,8.0,2.5,0.7,1.2,-1.1,2.4,1.8,1.4,0.8,-1.8,-1.2000000000000002,3.2,2.0,0.8,0.6,0.0,0.0,-1.0,2025-26,20251130|Wolverhampton Wanderers|Aston Villa,1,0,1,home
2025-12-02,Bournemouth,Everton,0.6048162651210278,0.8,1.4,2.4,-1.0,0.2,0.2,1.3,1.7,1.9,-0.2,0.3,0.4,3.0,1.4,1.0,1.6,-0.6,0.4,0.2,1.2,0.9,1.4,-0.5,0.3,0.3,3.0,2.1,1.6,0.8,0.1,-0.5999999999999999,0.10000000000000009,0.3999999999999999,0.7999999999999999,0.7999999999999998,0.5,-0.4,0.3,-0.2,0.0,0.0,0.10000000000000003,0.0,2025-26,20251202|Everton|Bournemouth,0,1,1,away
2025-12-02,Fulham,Manchester City,0.3295575703448456,1.8,1.4,1.0,0.4,0.6,0.0,1.5,1.3,1.3,0.0,0.5,0.0,3.0,1.8,2.0,1.2,0.8,0.6,0.0,2.2,2.2,0.8,1.4,0.7,0.1,3.0,1.6,1.5,0.2,0.6,0.0,-0.7000000000000002,-0.6000000000000001,-0.9000000000000001,-0.19999999999999996,0.5,-0.4,-1.4,0.0,-0.19999999999999996,0.0,-0.1,0.0,2025-26,20251202|Manchester City|Fulham,4,5,9,away
2025-12-02,Newcastle United,Tottenham Hotspur,0.7513527072205307,1.8,2.0,1.8,0.2,0.6,0.0,1.6,1.5,1.3,0.2,0.5,0.1,3.0,0.8,1.4,1.8,-0.4,0.2,0.2,1.2,1.6,1.5,0.1,0.3,0.3,3.0,2.1,1.4,1.2,-0.2,1.0,0.40000000000000013,0.6000000000000001,-0.10000000000000009,0.0,-0.19999999999999996,0.6000000000000001,0.1,0.39999999999999997,0.2,-0.2,-0.19999999999999998,0.0,2025-26,20251202|Tottenham Hotspur|Newcastle United,2,2,4,draw
2025-12-03,Brighton and Hove Albion,Aston Villa,0.5512570896713954,2.0,1.8,1.0,0.8,0.6,0.2,1.8,1.8,1.2,0.6,0.5,0.3,3.0,2.4,1.6,0.6,1.0,0.8,0.0,2.3,1.6,0.7,0.9,0.7,0.2,3.0,2.2,1.4,0.8,0.0,-0.3999999999999999,-0.4999999999999998,0.19999999999999996,0.19999999999999996,0.4,0.5,-0.19999999999999996,-0.30000000000000004,-0.20000000000000007,-0.19999999999999996,0.2,0.09999999999999998,0.0,2025-26,20251203|Aston Villa|Brighton and Hove Albion,3,4,7,away
2025-12-03,Arsenal,Brentford,0.8220272522322856,2.2,2.0,0.8,1.2,0.6,0.4,2.4,1.9,0.6,1.3,0.7,0.3,3.0,1.8,2.0,1.6,0.4,0.6,0.0,1.6,1.8,1.5,0.3,0.5,0.1,4.0,2.1,1.1,1.4,-0.3,0.40000000000000013,0.7999999999999998,0.0,0.09999999999999987,-0.8,-0.9,0.7999999999999999,1.0,0.0,0.19999999999999996,0.4,0.19999999999999998,-1.0,2025-26,20251203|Brentford|Arsenal,2,0,2,home
2025-12-03,Leeds United,Chelsea,0.21877342322935883,0.6,1.2,2.4,-1.2,0.2,0.0,0.7,1.2,2.0,-0.8,0.2,0.1,4.0,2.0,1.6,0.6,1.0,0.6,0.2,1.7,1.7,1.1,0.6,0.5,0.2,3.0,1.0,2.0,-0.8,0.9,-1.4,-1.0,-0.40000000000000013,-0.5,1.7999999999999998,0.8999999999999999,-2.2,-1.4,-0.39999999999999997,-0.3,-0.2,-0.1,1.0,2025-26,20251203|Chelsea|Leeds United,3,1,4,home
2025-12-03,Burnley,Crystal Palace,0.25804919780995705,0.6,1.2,2.4,-1.2,0.2,0.0,0.7,1.1,2.1,-1.0,0.2,0.1,4.0,1.4,1.0,0.6,0.4,0.4,0.2,1.5,1.3,1.0,0.3,0.4,0.3,3.0,0.9,1.5,-0.5,0.1,-0.7999999999999999,-0.8,0.19999999999999996,-0.19999999999999996,1.7999999999999998,1.1,-1.6,-1.3,-0.2,-0.2,-0.2,-0.19999999999999998,1.0,2025-26,20251203|Crystal Palace|Burnley,0,1,1,away
2025-12-03,Wolverhampton Wanderers,Nottingham Forest,0.4038261370001846,0.0,0.4,2.4,-2.0,0.0,0.0,0.2,0.5,2.0,-1.5,0.0,0.2,3.0,1.4,1.6,1.4,0.2,0.4,0.2,0.8,0.9,1.7,-0.8,0.2,0.2,3.0,0.8,1.2,-0.7,-0.3,-1.4,-0.6000000000000001,-1.2000000000000002,-0.4,1.0,0.30000000000000004,-2.2,-0.7,-0.4,-0.2,-0.2,0.0,0.0,2025-26,20251203|Nottingham Forest|Wolverhampton Wanderers,0,1,1,away
2025-12-03,Liverpool,Sunderland,0.7679006643980033,1.2,1.2,1.8,-0.6,0.4,0.0,1.2,1.2,1.6,-0.4,0.4,0.0,3.0,1.6,1.6,1.4,0.2,0.4,0.4,1.6,1.2,1.0,0.2,0.4,0.4,4.0,2.0,1.1666666666666667,0.7,-0.5,-0.40000000000000013,-0.40000000000000013,-0.40000000000000013,0.0,0.40000000000000013,0.6000000000000001,-0.8,-0.6000000000000001,0.0,0.0,-0.4,-0.4,-1.0,2025-26,20251203|Sunderland|Liverpool,1,1,2,draw
2025-12-04,Manchester United,West Ham United,0.7229396630096105,1.6,2.0,1.6,0.4,0.4,0.4,1.7,1.7,1.6,0.1,0.5,0.2,4.0,1.4,1.8,1.8,0.0,0.4,0.2,0.8,1.1,1.9,-0.8,0.2,0.2,4.0,1.6,1.1,0.3,-0.1,0.20000000000000018,0.8999999999999999,0.19999999999999996,0.5999999999999999,-0.19999999999999996,-0.2999999999999998,0.4,0.9,0.0,0.3,0.2,0.0,0.0,2025-26,20251204|West Ham United|Manchester United,1,1,2,draw
2025-12-06,Aston Villa,Arsenal,0.44009716044929337,2.4,2.2,1.2,1.0,0.8,0.0,2.5,2.0,1.0,1.0,0.8,0.1,3.0,2.2,2.2,0.8,1.4,0.6,0.4,2.4,1.8,0.6,1.2,0.7,0.3,3.0,2.5,2.1,1.2,0.9,0.19999999999999973,0.10000000000000009,0.0,0.19999999999999996,0.3999999999999999,0.4,-0.3999999999999999,-0.19999999999999996,0.20000000000000007,0.10000000000000009,-0.4,-0.19999999999999998,0.0,2025-26,20251206|Arsenal|Aston Villa,2,1,3,home
2025-12-06,Tottenham Hotspur,Brentford,0.48913120770359597,0.4,1.2,2.2,-1.0,0.0,0.4,1.0,1.5,1.7,-0.2,0.2,0.4,4.0,1.2,1.4,1.6,-0.2,0.4,0.0,1.5,1.6,1.5,0.1,0.5,0.0,3.0,0.5,1.0,-0.7,-0.5,-0.7999999999999999,-0.5,-0.19999999999999996,-0.10000000000000009,0.6000000000000001,0.19999999999999996,-0.8,-0.30000000000000004,-0.4,-0.3,0.4,0.4,1.0,2025-26,20251206|Brentford|Tottenham Hotspur,2,0,2,home
2025-12-06,Newcastle United,Burnley,0.8623959337331593,1.4,2.0,2.0,0.0,0.4,0.2,1.4,1.6,1.5,0.1,0.4,0.2,4.0,0.0,0.6,2.2,-1.6,0.0,0.0,0.7,1.1,2.1,-1.0,0.2,0.1,3.0,1.9,0.7,0.7,-0.9,1.4,0.7,1.4,0.5,-0.20000000000000018,-0.6000000000000001,1.6,1.1,0.4,0.2,0.2,0.1,1.0,2025-26,20251206|Burnley|Newcastle United,2,1,3,home
2025-12-06,Bournemouth,Chelsea,0.45998350769639107,0.2,1.0,2.6,-1.6,0.0,0.2,1.0,1.5,1.9,-0.4,0.2,0.4,4.0,2.0,1.6,0.8,0.8,0.6,0.2,1.6,1.6,1.2,0.4,0.5,0.1,3.0,1.8,1.9,0.6,0.7,-1.8,-0.6000000000000001,-0.6000000000000001,-0.10000000000000009,1.8,0.7,-2.4000000000000004,-0.8,-0.6,-0.3,0.0,0.30000000000000004,1.0,2025-26,20251206|Chelsea|Bournemouth,0,0,0,draw
2025-12-06,Leeds United,Liverpool,0.2213764243014731,0.6,1.4,2.4,-1.0,0.2,0.0,1.0,1.5,2.0,-0.5,0.3,0.1,3.0,1.4,1.0,1.4,-0.4,0.4,0.2,1.0,1.2,1.7,-0.5,0.3,0.1,3.0,1.3,1.2,-0.1,-0.4,-0.7999999999999999,0.0,0.3999999999999999,0.30000000000000004,1.0,0.30000000000000004,-0.6,0.0,-0.2,0.0,-0.2,0.0,0.0,2025-26,20251206|Liverpool|Leeds United,3,3,6,draw
2025-12-06,Everton,Nottingham Forest,0.6497377363538417,2.0,1.2,1.0,0.2,0.6,0.2,1.4,1.0,1.4,-0.4,0.4,0.2,4.0,2.0,1.8,1.0,0.8,0.6,0.2,1.1,1.0,1.4,-0.4,0.3,0.2,3.0,1.5,1.5,-0.1,-0.1,0.0,0.2999999999999998,-0.6000000000000001,0.0,0.0,0.0,-0.6000000000000001,0.0,0.0,0.10000000000000003,0.0,0.0,1.0,2025-26,20251206|Nottingham Forest|Everton,3,0,3,home
2025-12-06,Manchester City,Sunderland,0.8055621143798576,2.4,3.0,1.8,1.2,0.8,0.0,2.2,2.4,1.2,1.2,0.7,0.1,4.0,1.2,1.4,1.4,0.0,0.2,0.6,1.6,1.3,1.1,0.2,0.4,0.4,3.0,2.7,1.1428571428571428,1.7,-0.42857142857142855,1.2,0.6000000000000001,1.6,1.0999999999999999,0.40000000000000013,0.09999999999999987,1.2,1.0,0.6000000000000001,0.29999999999999993,-0.6,-0.30000000000000004,1.0,2025-26,20251206|Sunderland|Manchester City,3,0,3,home
2025-12-07,Fulham,Crystal Palace,0.4663079351452361,1.8,2.0,1.6,0.4,0.6,0.0,1.2,1.6,1.8,-0.2,0.4,0.0,5.0,2.0,1.2,0.4,0.8,0.6,0.2,1.7,1.4,1.0,0.4,0.5,0.2,4.0,1.3,1.8,0.0,0.7,-0.19999999999999996,-0.5,0.8,0.20000000000000018,1.2000000000000002,0.8,-0.4,-0.6000000000000001,0.0,-0.09999999999999998,-0.2,-0.2,1.0,2025-26,20251207|Crystal Palace|Fulham,1,2,3,away
2025-12-07,Brighton and Hove Albion,West Ham United,0.7792352929305416,2.0,2.0,1.0,1.0,0.6,0.2,1.8,2.0,1.4,0.6,0.5,0.3,4.0,1.6,1.8,1.6,0.2,0.4,0.4,0.9,1.2,1.7,-0.5,0.2,0.3,3.0,2.1,1.2,0.7,0.0,0.3999999999999999,0.9,0.19999999999999996,0.8,-0.6000000000000001,-0.30000000000000004,0.8,1.1,0.19999999999999996,0.3,-0.2,0.0,1.0,2025-26,20251207|West Ham United|Brighton and Hove Albion,1,1,2,draw
2025-12-08,Wolverhampton Wanderers,Manchester United,0.3459218482529151,0.0,0.0,2.0,-2.0,0.0,0.0,0.2,0.5,2.0,-1.5,0.0,0.2,5.0,1.2,1.4,1.4,0.0,0.2,0.6,1.8,1.8,1.4,0.4,0.5,0.3,4.0,0.5,1.0,-1.0,-0.5,-1.2,-1.6,-1.4,-1.3,0.6000000000000001,0.6000000000000001,-2.0,-1.9,-0.2,-0.5,-0.6,-0.09999999999999998,1.0,2025-26,20251208|Manchester United|Wolverhampton Wanderers,1,4,5,away
2025-12-13,Liverpool,Brighton and Hove Albion,0.6863402152309445,1.0,1.2,2.0,-0.8,0.2,0.4,0.8,1.3,1.9,-0.6,0.2,0.2,7.0,1.6,1.6,1.2,0.4,0.4,0.4,1.8,1.9,1.3,0.6,0.5,0.3,6.0,1.8,1.4,0.6,0.2,-0.6000000000000001,-1.0,-0.40000000000000013,-0.5999999999999999,0.8,0.5999999999999999,-1.2000000000000002,-1.2,-0.2,-0.3,0.0,-0.09999999999999998,1.0,2025-26,20251213|Brighton and Hove Albion|Liverpool,2,0,2,home
2025-12-13,Chelsea,Everton,0.6685518354605081,1.6,1.4,0.8,0.6,0.4,0.4,1.7,1.5,1.0,0.5,0.5,0.2,7.0,2.4,1.6,0.8,0.8,0.8,0.0,1.7,1.2,1.2,0.0,0.5,0.2,7.0,2.0,1.6,0.7,0.1,-0.7999999999999998,0.0,-0.20000000000000018,0.30000000000000004,0.0,-0.19999999999999996,-0.20000000000000007,0.5,-0.4,0.0,0.4,0.0,0.0,2025-26,20251213|Everton|Chelsea,2,0,2,home
2025-12-13,Burnley,Fulham,0.3598567230398824,0.0,0.8,2.2,-1.4,0.0,0.0,0.6,1.1,2.2,-1.1,0.2,0.0,7.0,1.2,1.6,2.0,-0.4,0.4,0.0,0.9,1.4,1.9,-0.5,0.3,0.0,6.0,0.8,1.0,-0.6,-0.7,-1.2,-0.30000000000000004,-0.8,-0.2999999999999998,0.20000000000000018,0.30000000000000027,-0.9999999999999999,-0.6000000000000001,-0.4,-0.09999999999999998,0.0,0.0,1.0,2025-26,20251213|Fulham|Burnley,2,3,5,away
2025-12-13,Arsenal,Wolverhampton Wanderers,0.9359196796157342,1.6,2.0,1.2,0.8,0.4,0.4,2.3,1.8,0.7,1.1,0.7,0.2,7.0,0.0,0.2,2.2,-2.0,0.0,0.0,0.2,0.5,2.1,-1.6,0.0,0.2,5.0,2.3,0.4,1.6,-1.3,1.6,2.0999999999999996,1.8,1.3,-1.0000000000000002,-1.4000000000000001,2.8,2.7,0.4,0.7,0.4,0.0,2.0,2025-26,20251213|Wolverhampton Wanderers|Arsenal,2,1,3,home
2025-12-14,West Ham United,Aston Villa,0.289061071409111,1.2,1.4,1.6,-0.2,0.2,0.6,1.0,1.2,1.6,-0.4,0.2,0.4,7.0,3.0,2.6,1.0,1.6,1.0,0.0,2.7,2.1,1.0,1.1,0.9,0.0,8.0,0.8,1.4,-1.0,-0.2,-1.8,-1.7000000000000002,-1.2000000000000002,-0.9000000000000001,0.6000000000000001,0.6000000000000001,-1.8,-1.5,-0.8,-0.7,0.6,0.4,-1.0,2025-26,20251214|Aston Villa|West Ham United,2,3,5,away
2025-12-14,Brentford,Leeds United,0.7699774687899333,1.2,1.4,1.6,-0.2,0.4,0.0,1.5,1.5,1.4,0.1,0.5,0.0,8.0,0.8,2.0,2.4,-0.4,0.2,0.2,0.8,1.5,2.2,-0.7,0.2,0.2,8.0,2.2,0.3,0.9,-1.8,0.3999999999999999,0.7,-0.6000000000000001,0.0,-0.7999999999999998,-0.8000000000000003,0.2,0.7999999999999999,0.2,0.3,-0.2,-0.2,0.0,2025-26,20251214|Leeds United|Brentford,1,1,2,draw
2025-12-14,Crystal Palace,Manchester City,0.43354284992153047,2.0,1.2,0.6,0.6,0.6,0.2,1.7,1.4,1.0,0.4,0.5,0.2,7.0,2.4,3.0,1.6,1.4,0.8,0.0,2.4,2.6,1.1,1.5,0.8,0.0,8.0,1.5,1.7,0.4,0.7,-0.3999999999999999,-0.7,-1.8,-1.2000000000000002,-1.0,-0.10000000000000009,-0.7999999999999999,-1.1,-0.20000000000000007,-0.30000000000000004,0.2,0.2,-1.0,2025-26,20251214|Manchester City|Crystal Palace,0,3,3,away
2025-12-14,Sunderland,Newcastle United,0.4988213685904981,1.0,1.2,1.8,-0.6,0.2,0.4,1.5,1.2,1.3,-0.1,0.4,0.3,8.0,2.0,2.2,1.6,0.6,0.6,0.2,1.6,1.8,1.6,0.2,0.5,0.1,8.0,2.142857142857143,0.7,1.0,-0.6,-1.0,-0.10000000000000009,-1.0000000000000002,-0.6000000000000001,0.19999999999999996,-0.30000000000000004,-1.2,-0.30000000000000004,-0.39999999999999997,-0.09999999999999998,0.2,0.19999999999999998,0.0,2025-26,20251214|Newcastle United|Sunderland,1,0,1,home
2025-12-14,Nottingham Forest,Tottenham Hotspur,0.6023509246334072,1.8,1.4,1.2,0.2,0.6,0.0,1.0,0.9,1.6,-0.7,0.3,0.1,8.0,1.0,1.6,2.0,-0.4,0.2,0.4,1.2,1.5,1.5,0.0,0.3,0.3,8.0,0.8,1.5,-0.8,0.0,0.8,-0.19999999999999996,-0.20000000000000018,-0.6,-0.8,0.10000000000000009,0.6000000000000001,-0.7,0.39999999999999997,0.0,-0.4,-0.19999999999999998,0.0,2025-26,20251214|Tottenham Hotspur|Nottingham Forest,3,0,3,home
2025-12-15,Manchester United,Bournemouth,0.6102070863139543,1.6,1.8,1.2,0.6,0.4,0.4,1.8,2.0,1.4,0.6,0.5,0.3,7.0,0.4,0.8,2.0,-1.2,0.0,0.4,1.0,1.5,1.9,-0.4,0.2,0.4,9.0,1.6,0.9,0.3,-0.9,1.2000000000000002,0.8,1.0,0.5,-0.8,-0.5,1.7999999999999998,1.0,0.4,0.3,0.0,-0.10000000000000003,-2.0,2025-26,20251215|Bournemouth|Manchester United,4,4,8,draw
2025-12-20,Everton,Arsenal,0.32376197801728807,1.8,1.2,1.2,0.0,0.6,0.0,1.6,1.1,1.3,-0.2,0.5,0.1,7.0,2.0,2.0,1.0,1.0,0.6,0.2,2.3,1.8,0.7,1.1,0.7,0.2,7.0,1.8,1.8,0.4,0.4,-0.19999999999999996,-0.6999999999999997,-0.8,-0.7,0.19999999999999996,0.6000000000000001,-1.0,-1.3,0.0,-0.19999999999999996,-0.2,-0.1,0.0,2025-26,20251220|Arsenal|Everton,0,1,1,away
2025-12-20,Wolverhampton Wanderers,Brentford,0.33451471405511995,0.0,0.4,2.0,-1.6,0.0,0.0,0.1,0.5,2.2,-1.7,0.0,0.1,7.0,0.8,1.0,1.6,-0.6,0.2,0.2,1.3,1.3,1.4,-0.1,0.4,0.1,6.0,0.2,0.7,-1.6,-0.9,-0.8,-1.2,-0.6,-0.8,0.3999999999999999,0.8000000000000003,-1.0,-1.5999999999999999,-0.2,-0.4,-0.2,0.0,1.0,2025-26,20251220|Brentford|Wolverhampton Wanderers,0,2,2,away
2025-12-20,Bournemouth,Burnley,0.8282425306443791,0.6,1.6,2.0,-0.4,0.0,0.6,1.0,1.7,2.1,-0.4,0.2,0.4,5.0,0.0,0.8,2.2,-1.4,0.0,0.0,0.6,1.2,2.0,-0.8,0.2,0.0,7.0,1.8,0.4,0.6,-1.3,0.6,0.4,0.8,0.5,-0.20000000000000018,0.10000000000000009,0.9999999999999999,0.4,0.0,0.0,0.6,0.4,-2.0,2025-26,20251220|Burnley|Bournemouth,1,1,2,draw
2025-12-20,Newcastle United,Chelsea,0.5229639714725116,2.0,2.0,1.2,0.8,0.6,0.2,1.6,1.7,1.5,0.2,0.5,0.1,6.0,1.6,1.2,0.8,0.4,0.4,0.4,2.0,1.6,0.7,0.9,0.6,0.2,7.0,1.9,1.7,0.5,0.6,0.3999999999999999,-0.3999999999999999,0.8,0.09999999999999987,0.3999999999999999,0.8,0.4,-0.7,0.19999999999999996,-0.09999999999999998,-0.2,-0.1,-1.0,2025-26,20251220|Chelsea|Newcastle United,2,2,4,draw
2025-12-20,Leeds United,Crystal Palace,0.3112416364430671,1.0,2.0,2.0,0.0,0.2,0.4,0.8,1.4,2.1,-0.7,0.2,0.2,6.0,1.8,1.2,1.2,0.0,0.6,0.0,1.4,1.2,1.2,0.0,0.4,0.2,6.0,1.3,2.0,-0.1,0.8,-0.8,-0.5999999999999999,0.8,0.19999999999999996,0.8,0.9000000000000001,0.0,-0.7,-0.39999999999999997,-0.2,0.4,0.0,0.0,2025-26,20251220|Crystal Palace|Leeds United,4,1,5,home
2025-12-20,Tottenham Hotspur,Liverpool,0.3278937018254453,0.8,1.2,2.2,-1.0,0.2,0.2,1.1,1.4,1.7,-0.3,0.3,0.2,6.0,1.6,1.6,1.4,0.2,0.4,0.4,1.1,1.4,1.7,-0.3,0.3,0.2,7.0,0.8,1.0,-0.4,-0.5,-0.8,0.0,-0.40000000000000013,0.0,0.8000000000000003,0.0,-1.2,0.0,-0.2,0.0,-0.2,0.0,-1.0,2025-26,20251220|Liverpool|Tottenham Hotspur,1,2,3,away
2025-12-20,Brighton and Hove Albion,Sunderland,0.6411441665472856,1.4,1.6,1.6,0.0,0.4,0.2,1.5,1.6,1.4,0.2,0.4,0.3,7.0,1.4,1.0,1.4,-0.4,0.4,0.2,1.5,1.2,1.3,-0.1,0.4,0.3,6.0,1.9,1.0,0.6,-0.75,0.0,0.0,0.6000000000000001,0.40000000000000013,0.20000000000000018,0.09999999999999987,0.4,0.30000000000000004,0.0,0.0,0.0,0.0,1.0,2025-26,20251220|Sunderland|Brighton and Hove Albion,0,0,0,draw
2025-12-20,Manchester City,West Ham United,0.8902330156444169,2.4,3.0,1.6,1.4,0.8,0.0,2.4,2.4,1.0,1.4,0.8,0.0,6.0,0.6,1.2,1.8,-0.6,0.0,0.6,0.9,1.3,1.8,-0.5,0.2,0.3,6.0,2.7,1.3,1.9,0.1,1.7999999999999998,1.5,1.8,1.0999999999999999,-0.19999999999999996,-0.8,2.0,1.9,0.8,0.6000000000000001,-0.6,-0.3,0.0,2025-26,20251220|West Ham United|Manchester City,3,0,3,home
2025-12-21,Aston Villa,Manchester United,0.7610608119717781,3.0,2.4,1.4,1.0,1.0,0.0,2.7,2.1,1.1,1.0,0.9,0.0,7.0,1.6,2.2,1.6,0.6,0.4,0.4,1.9,2.3,1.5,0.8,0.5,0.4,6.0,2.5,1.2,1.0,-0.2,1.4,0.8000000000000003,0.19999999999999973,-0.19999999999999973,-0.20000000000000018,-0.3999999999999999,0.4,0.19999999999999996,0.6,0.4,-0.4,-0.4,1.0,2025-26,20251221|Manchester United|Aston Villa,2,1,3,home
2025-12-22,Fulham,Nottingham Forest,0.5881778157603577,1.8,2.2,2.0,0.2,0.6,0.0,1.2,1.6,1.8,-0.2,0.4,0.0,9.0,1.8,1.4,1.0,0.4,0.6,0.0,1.3,1.2,1.5,-0.3,0.4,0.1,8.0,1.3,1.2,0.0,-0.5,0.0,-0.10000000000000009,0.8000000000000003,0.40000000000000013,1.0,0.30000000000000004,-0.2,0.09999999999999998,0.0,0.0,0.0,-0.1,1.0,2025-26,20251222|Nottingham Forest|Fulham,1,0,1,home
2025-12-26,Manchester United,Newcastle United,0.5252544801537464,1.6,2.4,1.8,0.6,0.4,0.4,1.6,2.2,1.7,0.5,0.4,0.4,5.0,1.6,2.0,1.4,0.6,0.4,0.4,1.4,1.7,1.7,0.0,0.4,0.2,6.0,1.7,0.7,0.4,-0.4,0.0,0.20000000000000018,0.3999999999999999,0.5000000000000002,0.40000000000000013,0.0,0.0,0.5,0.0,0.0,0.0,0.2,-1.0,2025-26,20251226|Newcastle United|Manchester United,1,0,1,home
2025-12-27,Chelsea,Aston Villa,0.5193785115580458,1.2,1.2,1.2,0.0,0.2,0.6,1.8,1.6,0.8,0.8,0.5,0.3,7.0,3.0,2.4,1.4,1.0,1.0,0.0,2.7,2.1,1.1,1.0,0.9,0.0,6.0,2.0,1.7,0.8,0.0,-1.8,-0.9000000000000001,-1.2,-0.5,-0.19999999999999996,-0.30000000000000004,-1.0,-0.19999999999999996,-0.8,-0.4,0.6,0.3,1.0,2025-26,20251227|Aston Villa|Chelsea,1,2,3,away
2025-12-27,Brentford,Bournemouth,0.609813210920713,1.4,1.2,1.2,0.0,0.4,0.2,1.6,1.5,1.3,0.2,0.5,0.1,7.0,0.6,1.4,1.8,-0.4,0.0,0.6,0.8,1.5,2.1,-0.6,0.1,0.5,7.0,2.0,0.9,0.7,-0.9,0.7999999999999999,0.8,-0.19999999999999996,0.0,-0.6000000000000001,-0.8,0.4,0.8,0.4,0.4,-0.39999999999999997,-0.4,0.0,2025-26,20251227|Bournemouth|Brentford,4,1,5,home
2025-12-27,Arsenal,Brighton and Hove Albion,0.804287609247911,2.0,1.4,0.8,0.6,0.6,0.2,2.3,1.7,0.7,1.0,0.7,0.2,7.0,1.0,1.2,1.4,-0.2,0.2,0.4,1.5,1.5,1.3,0.2,0.4,0.3,7.0,2.5,1.4,1.7,0.2,1.0,0.7999999999999998,0.19999999999999996,0.19999999999999996,-0.5999999999999999,-0.6000000000000001,0.8,0.8,0.39999999999999997,0.29999999999999993,-0.2,-0.09999999999999998,0.0,2025-26,20251227|Brighton and Hove Albion|Arsenal,2,1,3,home
2025-12-27,Burnley,Everton,0.29870334250272684,0.2,1.0,2.0,-1.0,0.0,0.2,0.7,1.2,1.9,-0.7,0.2,0.1,7.0,1.2,1.0,1.4,-0.4,0.4,0.0,1.3,0.9,1.3,-0.4,0.4,0.1,7.0,0.7,1.6,-0.7,0.0,-1.0,-0.6000000000000001,0.0,0.29999999999999993,0.6000000000000001,0.5999999999999999,-0.6,-0.29999999999999993,-0.4,-0.2,0.2,0.0,0.0,2025-26,20251227|Everton|Burnley,0,0,0,draw
2025-12-27,West Ham United,Fulham,0.4729457947067883,0.4,0.8,2.0,-1.2,0.0,0.4,0.9,1.3,1.9,-0.6,0.2,0.3,7.0,1.8,2.2,2.0,0.2,0.6,0.0,1.5,1.6,1.5,0.1,0.5,0.0,5.0,0.7,1.0,-1.1,-0.7,-1.4,-0.6,-1.4000000000000001,-0.30000000000000004,0.0,0.3999999999999999,-1.4,-0.7,-0.6,-0.3,0.4,0.3,2.0,2025-26,20251227|Fulham|West Ham United,0,1,1,away
2025-12-27,Nottingham Forest,Manchester City,0.26634387887854605,1.2,0.8,1.2,-0.4,0.4,0.0,1.3,1.2,1.4,-0.2,0.4,0.1,5.0,3.0,3.4,1.2,2.2,1.0,0.0,2.4,2.6,1.0,1.6,0.8,0.0,7.0,1.1,1.7,-0.3,0.8,-1.8,-1.0999999999999999,-2.5999999999999996,-1.4000000000000001,0.0,0.3999999999999999,-2.6,-1.8,-0.6,-0.4,0.0,0.1,-2.0,2025-26,20251227|Manchester City|Nottingham Forest,1,2,3,away
2025-12-27,Liverpool,Wolverhampton Wanderers,0.9134165943078802,2.2,2.0,1.0,1.0,0.6,0.4,1.4,1.5,1.6,-0.1,0.4,0.2,7.0,0.0,0.4,2.0,-1.6,0.0,0.0,0.0,0.4,2.3,-1.9,0.0,0.0,7.0,1.8,0.1,0.4,-1.5,2.2,1.4,1.6,1.1,-1.0,-0.6999999999999997,2.6,1.7999999999999998,0.6,0.4,0.4,0.2,0.0,2025-26,20251227|Wolverhampton Wanderers|Liverpool,2,1,3,home
2025-12-28,Sunderland,Leeds United,0.752690695822254,1.6,1.0,1.2,-0.2,0.4,0.4,1.6,1.2,1.1,0.1,0.4,0.4,8.0,1.6,2.6,1.8,0.8,0.4,0.4,1.1,1.7,2.0,-0.3,0.3,0.2,8.0,2.25,0.4,1.0,-1.5,0.0,0.5,-1.6,-0.5,-0.6000000000000001,-0.8999999999999999,-1.0,0.4,0.0,0.10000000000000003,0.0,0.2,0.0,2025-26,20251228|Leeds United|Sunderland,1,1,2,draw
2025-12-28,Crystal Palace,Tottenham Hotspur,0.7280202404081119,1.2,1.0,2.0,-1.0,0.4,0.0,1.4,1.2,1.4,-0.2,0.4,0.2,8.0,0.8,1.2,1.8,-0.6,0.2,0.2,0.8,1.3,1.8,-0.5,0.2,0.2,8.0,1.4,1.5,0.1,0.1,0.3999999999999999,0.5999999999999999,-0.19999999999999996,-0.10000000000000009,0.19999999999999996,-0.40000000000000013,-0.4,0.3,0.2,0.2,-0.2,0.0,0.0,2025-26,20251228|Tottenham Hotspur|Crystal Palace,0,1,1,away
2025-12-30,Arsenal,Aston Villa,0.6778845518712335,2.4,1.6,0.8,0.8,0.8,0.0,2.3,1.8,0.8,1.0,0.7,0.2,3.0,3.0,2.6,1.6,1.0,1.0,0.0,2.7,2.1,1.1,1.0,0.9,0.0,3.0,2.8,1.7,1.9,0.0,-0.6000000000000001,-0.40000000000000036,-1.0,-0.30000000000000004,-0.8,-0.30000000000000004,-0.19999999999999996,0.0,-0.19999999999999996,-0.20000000000000007,0.0,0.2,0.0,2025-26,20251230|Aston Villa|Arsenal,4,1,5,home
2025-12-30,Chelsea,Bournemouth,0.7272502409240232,1.0,1.2,1.4,-0.2,0.2,0.4,1.5,1.4,1.0,0.4,0.4,0.3,3.0,0.6,1.2,2.0,-0.8,0.0,0.6,0.7,1.3,2.2,-0.9,0.1,0.4,3.0,1.7,0.6,0.5,-1.3,0.4,0.8,0.0,0.09999999999999987,-0.6000000000000001,-1.2000000000000002,0.6000000000000001,1.3,0.2,0.30000000000000004,-0.19999999999999996,-0.10000000000000003,0.0,2025-26,20251230|Bournemouth|Chelsea,2,2,4,draw
2025-12-30,West Ham United,Brighton and Hove Albion,0.38444220790399014,0.4,0.8,1.8,-1.0,0.0,0.4,0.9,1.3,1.8,-0.5,0.2,0.3,3.0,0.4,1.0,1.8,-0.8,0.0,0.4,1.2,1.4,1.4,0.0,0.3,0.3,3.0,0.6,1.1,-1.2,-0.1,0.0,-0.29999999999999993,-0.19999999999999996,-0.09999999999999987,0.0,0.40000000000000013,-0.19999999999999996,-0.5,0.0,-0.09999999999999998,0.0,0.0,0.0,2025-26,20251230|Brighton and Hove Albion|West Ham United,2,2,4,draw
2025-12-30,Nottingham Forest,Everton,0.5258018247577961,1.2,1.0,1.2,-0.2,0.4,0.0,1.3,1.3,1.3,0.0,0.4,0.1,3.0,1.4,0.8,0.6,0.2,0.4,0.2,1.4,0.9,1.1,-0.2,0.4,0.2,3.0,1.0,1.4,-0.4,-0.2,-0.19999999999999996,-0.09999999999999987,0.19999999999999996,0.4,0.6,0.19999999999999996,-0.4,0.2,0.0,0.0,-0.2,-0.1,0.0,2025-26,20251230|Everton|Nottingham Forest,0,2,2,away
2025-12-30,Burnley,Newcastle United,0.2772947796471833,0.4,0.8,1.4,-0.6,0.0,0.4,0.5,1.0,1.9,-0.9,0.1,0.2,3.0,1.0,1.2,1.4,-0.2,0.2,0.4,1.4,1.6,1.6,0.0,0.4,0.2,4.0,0.8,0.6,-0.4,-0.5,-0.6,-0.8999999999999999,-0.3999999999999999,-0.6000000000000001,0.0,0.2999999999999998,-0.39999999999999997,-0.9,-0.2,-0.30000000000000004,0.0,0.0,-1.0,2025-26,20251230|Newcastle United|Burnley,1,3,4,away
2025-12-30,Manchester United,Wolverhampton Wanderers,0.8344122139281039,1.6,2.2,1.6,0.6,0.4,0.4,1.6,2.1,1.6,0.5,0.4,0.4,4.0,0.0,0.6,2.2,-1.6,0.0,0.0,0.0,0.5,2.3,-1.8,0.0,0.0,3.0,2.0,0.1,0.7,-1.5,1.6,1.6,1.6,1.6,-0.6000000000000001,-0.6999999999999997,2.2,2.3,0.4,0.4,0.4,0.4,1.0,2025-26,20251230|Wolverhampton Wanderers|Manchester United,1,1,2,draw
2026-01-01,Crystal Palace,Fulham,0.6251615937649582,1.2,0.8,1.8,-1.0,0.4,0.0,1.3,0.9,1.2,-0.3,0.4,0.1,4.0,1.8,2.0,1.8,0.2,0.6,0.0,1.8,1.7,1.4,0.3,0.6,0.0,5.0,1.3,1.3,0.0,-0.5,-0.6000000000000001,-0.5,-1.2,-0.7999999999999999,0.0,-0.19999999999999996,-1.2,-0.6,-0.19999999999999996,-0.19999999999999996,0.0,0.1,-1.0,2025-26,20260101|Fulham|Crystal Palace,1,1,2,draw
2026-01-01,Liverpool,Leeds United,0.8635700167186758,2.2,2.0,1.2,0.8,0.6,0.4,1.7,1.6,1.5,0.1,0.5,0.2,5.0,1.8,2.4,1.4,1.0,0.4,0.6,1.2,1.8,1.9,-0.1,0.3,0.3,4.0,2.0,0.5,0.5,-1.4,0.40000000000000013,0.5,-0.3999999999999999,-0.19999999999999996,-0.19999999999999996,-0.3999999999999999,-0.19999999999999996,0.2,0.19999999999999996,0.2,-0.19999999999999996,-0.09999999999999998,1.0,2025-26,20260101|Leeds United|Liverpool,0,0,0,draw
2026-01-01,Sunderland,Manchester City,0.3042140508481677,1.2,0.6,1.0,-0.4,0.2,0.6,1.4,1.1,1.2,-0.1,0.3,0.5,4.0,3.0,3.2,1.0,2.2,1.0,0.0,2.4,2.6,1.1,1.5,0.8,0.0,5.0,2.111111111111111,1.9,0.8888888888888888,0.9,-1.8,-1.0,-2.6,-1.5,0.0,0.09999999999999987,-2.6,-1.6,-0.8,-0.5,0.6,0.5,-1.0,2025-26,20260101|Manchester City|Sunderland,0,0,0,draw
2026-01-01,Brentford,Tottenham Hotspur,0.673247015726097,1.4,1.4,1.2,0.2,0.4,0.2,1.6,1.7,1.4,0.3,0.5,0.1,5.0,1.4,1.2,1.4,-0.2,0.4,0.2,1.1,1.3,1.6,-0.3,0.3,0.2,4.0,2.0,1.7,0.9,0.2,0.0,0.5,0.19999999999999996,0.3999999999999999,-0.19999999999999996,-0.20000000000000018,0.4,0.6,0.0,0.2,0.0,-0.1,1.0,2025-26,20260101|Tottenham Hotspur|Brentford,0,0,0,draw
2026-01-03,Bournemouth,Arsenal,0.25185423385350425,0.8,1.6,2.2,-0.6,0.0,0.8,0.5,1.3,2.4,-1.1,0.0,0.5,4.0,2.4,2.0,1.0,1.0,0.8,0.0,2.3,2.1,0.9,1.2,0.7,0.2,4.0,1.9,2.0,0.7,0.5,-1.5999999999999999,-1.7999999999999998,-0.3999999999999999,-0.8,1.2000000000000002,1.5,-1.6,-2.3,-0.8,-0.7,0.8,0.3,0.0,2025-26,20260103|Arsenal|Bournemouth,2,3,5,away
2026-01-03,Brighton and Hove Albion,Burnley,0.8515772490507689,0.6,0.8,1.4,-0.6,0.0,0.6,1.3,1.4,1.2,0.2,0.3,0.4,4.0,0.4,1.0,1.8,-0.8,0.0,0.4,0.2,0.8,2.0,-1.2,0.0,0.2,4.0,1.9,0.4,0.6,-1.3,0.19999999999999996,1.1,-0.19999999999999996,0.5999999999999999,-0.40000000000000013,-0.8,0.20000000000000007,1.4,0.0,0.3,0.19999999999999996,0.2,0.0,2025-26,20260103|Burnley|Brighton and Hove Albion,2,0,2,home
2026-01-03,Aston Villa,Nottingham Forest,0.8283092665074246,2.4,2.0,1.8,0.2,0.8,0.0,2.4,2.1,1.5,0.6,0.8,0.0,4.0,0.6,0.8,1.6,-0.8,0.2,0.0,1.3,1.3,1.3,0.0,0.4,0.1,4.0,2.5,1.1,1.0,-0.6,1.7999999999999998,1.0999999999999999,1.2,0.8,0.19999999999999996,0.19999999999999996,1.0,0.6,0.6000000000000001,0.4,0.0,-0.1,0.0,2025-26,20260103|Nottingham Forest|Aston Villa,3,1,4,home
2026-01-03,Wolverhampton Wanderers,West Ham United,0.4677651532588983,0.2,0.8,2.2,-1.4,0.0,0.2,0.1,0.4,2.1,-1.7,0.0,0.1,4.0,0.4,1.0,2.0,-1.0,0.0,0.4,1.0,1.4,1.8,-0.4,0.2,0.4,4.0,0.2,1.0,-1.6,-0.4,-0.2,-0.9,-0.19999999999999996,-0.9999999999999999,0.20000000000000018,0.30000000000000004,-0.3999999999999999,-1.2999999999999998,0.0,-0.2,-0.2,-0.30000000000000004,0.0,2025-26,20260103|West Ham United|Wolverhampton Wanderers,3,0,3,home
2026-01-04,Everton,Brentford,0.6068274685711206,1.4,1.0,0.6,0.4,0.4,0.2,1.7,1.1,0.8,0.3,0.5,0.2,5.0,1.6,1.4,0.8,0.6,0.4,0.4,1.4,1.4,1.2,0.2,0.4,0.2,3.0,1.7,0.7,0.3,-0.8,-0.20000000000000018,0.30000000000000004,-0.3999999999999999,-0.2999999999999998,-0.20000000000000007,-0.3999999999999999,-0.19999999999999996,0.09999999999999998,0.0,0.09999999999999998,-0.2,0.0,2.0,2025-26,20260104|Brentford|Everton,2,4,6,away
2026-01-04,Manchester City,Chelsea,0.7568973745922217,2.6,2.2,0.2,2.0,0.8,0.2,2.5,2.6,1.0,1.6,0.8,0.1,3.0,1.2,1.4,1.2,0.2,0.2,0.6,1.6,1.5,1.0,0.5,0.4,0.4,5.0,2.7,1.8,2.1,0.8,1.4000000000000001,0.8999999999999999,0.8000000000000003,1.1,-1.0,0.0,1.8,1.1,0.6000000000000001,0.4,-0.39999999999999997,-0.30000000000000004,-2.0,2025-26,20260104|Chelsea|Manchester City,1,1,2,draw
2026-01-04,Newcastle United,Crystal Palace,0.6244421412377824,1.4,1.4,1.2,0.2,0.4,0.2,1.4,1.7,1.6,0.1,0.4,0.2,5.0,0.8,0.8,2.0,-1.2,0.2,0.2,1.4,1.0,1.2,-0.2,0.4,0.2,3.0,1.7,1.7,0.3,0.3,0.5999999999999999,0.0,0.5999999999999999,0.7,-0.8,0.40000000000000013,1.4,0.30000000000000004,0.2,0.0,0.0,0.0,2.0,2025-26,20260104|Crystal Palace|Newcastle United,2,0,2,home
2026-01-04,Fulham,Liverpool,0.40019821256724936,2.0,1.4,1.0,0.4,0.6,0.2,1.9,1.7,1.3,0.4,0.6,0.1,3.0,2.2,1.8,1.0,0.8,0.6,0.4,1.8,1.4,1.2,0.2,0.5,0.3,3.0,1.6,1.3,0.3,-0.2,-0.20000000000000018,0.09999999999999987,-0.40000000000000013,0.30000000000000004,0.0,0.10000000000000009,-0.4,0.2,0.0,0.09999999999999998,-0.2,-0.19999999999999998,0.0,2025-26,20260104|Liverpool|Fulham,2,2,4,draw
2026-01-04,Leeds United,Manchester United,0.441558119485931,1.4,1.8,1.2,0.6,0.2,0.8,1.0,1.6,1.8,-0.2,0.2,0.4,3.0,1.6,2.2,1.6,0.6,0.4,0.4,1.4,1.8,1.5,0.3,0.3,0.5,5.0,1.5,1.2,0.2,-0.2,-0.20000000000000018,-0.3999999999999999,-0.40000000000000013,-0.19999999999999996,-0.40000000000000013,0.30000000000000004,0.0,-0.5,-0.2,-0.09999999999999998,0.4,-0.09999999999999998,-2.0,2025-26,20260104|Manchester United|Leeds United,1,1,2,draw
2026-01-04,Tottenham Hotspur,Sunderland,0.5197418452577166,1.4,0.8,1.0,-0.2,0.4,0.2,0.9,1.0,1.6,-0.6,0.2,0.3,3.0,1.2,0.4,0.8,-0.4,0.2,0.6,1.2,0.9,1.1,-0.2,0.2,0.6,3.0,0.8,1.0,-0.3,-0.6666666666666666,0.19999999999999996,-0.29999999999999993,0.4,0.09999999999999998,0.19999999999999996,0.5,0.2,-0.39999999999999997,0.2,0.0,-0.39999999999999997,-0.3,0.0,2025-26,20260104|Sunderland|Tottenham Hotspur,1,1,2,draw
2026-01-06,West Ham United,Nottingham Forest,0.5012185204784375,0.2,0.8,2.4,-1.6,0.0,0.2,0.7,1.1,2.0,-0.9,0.1,0.4,3.0,0.6,1.0,1.6,-0.6,0.2,0.0,1.2,1.2,1.4,-0.2,0.4,0.0,3.0,0.7,0.8,-1.1,-0.9,-0.39999999999999997,-0.5,-0.19999999999999996,-0.09999999999999987,0.7999999999999998,0.6000000000000001,-1.0,-0.7,-0.2,-0.30000000000000004,0.2,0.4,0.0,2025-26,20260106|Nottingham Forest|West Ham United,1,2,3,away
2026-01-07,Crystal Palace,Aston Villa,0.3811036995954447,0.2,0.4,2.2,-1.8,0.0,0.2,1.1,0.8,1.4,-0.6,0.3,0.2,3.0,2.4,2.2,1.8,0.4,0.8,0.0,2.7,2.4,1.4,1.0,0.9,0.0,4.0,1.1,1.7,-0.2,-0.1,-2.1999999999999997,-1.6,-1.8000000000000003,-1.5999999999999999,0.40000000000000013,0.0,-2.2,-1.6,-0.8,-0.6000000000000001,0.2,0.2,-1.0,2025-26,20260107|Aston Villa|Crystal Palace,0,0,0,draw
2026-01-07,Manchester City,Brighton and Hove Albion,0.7911476768511222,2.2,1.8,0.4,1.4,0.6,0.4,2.3,2.4,1.0,1.4,0.7,0.2,3.0,1.0,1.0,1.2,-0.2,0.2,0.4,1.3,1.3,1.2,0.1,0.3,0.4,4.0,2.5,0.9,1.9,-0.4,1.2000000000000002,0.9999999999999998,0.8,1.0999999999999999,-0.7999999999999999,-0.19999999999999996,1.5999999999999999,1.2999999999999998,0.39999999999999997,0.39999999999999997,0.0,-0.2,-1.0,2025-26,20260107|Brighton and Hove Albion|Manchester City,1,1,2,draw
2026-01-07,Fulham,Chelsea,0.4781739141676147,2.2,1.6,1.0,0.6,0.6,0.4,1.7,1.6,1.5,0.1,0.5,0.2,3.0,1.2,1.6,1.4,0.2,0.2,0.6,1.4,1.5,1.1,0.4,0.3,0.5,3.0,1.7,1.6,0.5,0.7,1.0000000000000002,0.30000000000000004,0.0,0.10000000000000009,-0.3999999999999999,0.3999999999999999,0.39999999999999997,-0.30000000000000004,0.39999999999999997,0.2,-0.19999999999999996,-0.3,0.0,2025-26,20260107|Chelsea|Fulham,2,1,3,home
2026-01-07,Newcastle United,Leeds United,0.7789051202950309,1.4,1.4,1.0,0.4,0.4,0.2,1.7,1.8,1.3,0.5,0.5,0.2,3.0,1.4,1.4,0.8,0.6,0.2,0.8,1.1,1.7,1.6,0.1,0.2,0.5,3.0,2.0,0.6,0.6,-1.2,0.0,0.5999999999999999,0.0,0.10000000000000009,0.19999999999999996,-0.30000000000000004,-0.19999999999999996,0.4,0.2,0.3,-0.6000000000000001,-0.3,0.0,2025-26,20260107|Leeds United|Newcastle United,4,3,7,home
2026-01-07,Burnley,Manchester United,0.29934301611943664,0.4,0.8,1.8,-1.0,0.0,0.4,0.2,0.8,2.0,-1.2,0.0,0.2,4.0,1.2,1.6,1.6,0.0,0.2,0.6,1.4,1.7,1.4,0.3,0.3,0.5,3.0,0.8,1.3,-0.5,-0.1,-0.7999999999999999,-1.2,-0.8,-0.8999999999999999,0.19999999999999996,0.6000000000000001,-1.0,-1.5,-0.2,-0.3,-0.19999999999999996,-0.3,1.0,2025-26,20260107|Manchester United|Burnley,2,2,4,draw
2026-01-07,Brentford,Sunderland,0.6180089741472047,2.2,2.2,0.8,1.4,0.6,0.4,1.7,1.8,1.2,0.6,0.5,0.2,3.0,1.4,0.6,0.4,0.2,0.2,0.8,1.2,0.9,1.1,-0.2,0.2,0.6,3.0,2.1,1.0,1.0,-0.6,0.8000000000000003,0.5,1.6,0.9,0.4,0.09999999999999987,1.2,0.8,0.39999999999999997,0.3,-0.4,-0.39999999999999997,0.0,2025-26,20260107|Sunderland|Brentford,3,0,3,home
2026-01-07,Bournemouth,Tottenham Hotspur,0.6166004411978502,0.6,2.0,2.8,-0.8,0.0,0.6,0.5,1.4,2.4,-1.0,0.0,0.5,4.0,1.0,0.6,1.2,-0.6,0.2,0.4,1.0,1.1,1.6,-0.5,0.2,0.4,3.0,1.6,1.8,0.4,0.4,-0.4,-0.5,1.4,0.2999999999999998,1.5999999999999999,0.7999999999999998,-0.20000000000000007,-0.5,-0.2,-0.2,0.19999999999999996,0.09999999999999998,1.0,2025-26,20260107|Tottenham Hotspur|Bournemouth,3,2,5,home
2026-01-07,Everton,Wolverhampton Wanderers,0.8058442483565903,0.8,0.8,1.4,-0.6,0.2,0.2,1.6,1.2,1.1,0.1,0.5,0.1,3.0,0.8,1.2,1.4,-0.2,0.2,0.2,0.4,0.7,1.8,-1.1,0.1,0.1,4.0,1.4,0.2,-0.1,-1.3,0.0,1.2000000000000002,-0.3999999999999999,0.5,0.0,-0.7,-0.39999999999999997,1.2000000000000002,0.0,0.4,0.0,0.0,-1.0,2025-26,20260107|Wolverhampton Wanderers|Everton,1,1,2,draw
2026-01-08,Arsenal,Liverpool,0.7324539436580985,3.0,2.4,1.0,1.4,1.0,0.0,2.3,2.2,1.1,1.1,0.7,0.2,5.0,2.2,1.6,0.8,0.8,0.6,0.4,1.6,1.4,1.4,0.0,0.4,0.4,4.0,2.8,1.4,2.1,-0.1,0.7999999999999998,0.6999999999999997,0.7999999999999998,0.8000000000000003,0.19999999999999996,-0.2999999999999998,0.5999999999999999,1.1,0.4,0.29999999999999993,-0.4,-0.2,1.0,2025-26,20260108|Liverpool|Arsenal,0,0,0,draw
2026-01-17,Nottingham Forest,Arsenal,0.2184013969524552,0.6,0.8,1.8,-1.0,0.2,0.0,1.2,1.1,1.4,-0.3,0.4,0.0,11.0,2.6,2.0,0.8,1.2,0.8,0.2,2.3,2.0,0.9,1.1,0.7,0.2,9.0,1.0,2.0,-0.5,0.5,-2.0,-1.0999999999999999,-1.2,-0.8999999999999999,1.0,0.4999999999999999,-2.2,-1.4000000000000001,-0.6000000000000001,-0.29999999999999993,-0.2,-0.2,2.0,2025-26,20260117|Arsenal|Nottingham Forest,0,0,0,draw
2026-01-17,Chelsea,Brentford,0.6302503109357236,0.6,1.4,1.8,-0.4,0.0,0.6,1.1,1.3,1.3,0.0,0.2,0.5,10.0,2.6,2.6,0.6,2.0,0.8,0.2,1.7,1.8,1.1,0.7,0.5,0.2,10.0,1.5,0.9,0.4,-0.6,-2.0,-0.5999999999999999,-1.2000000000000002,-0.5,1.2000000000000002,0.19999999999999996,-2.4,-0.7,-0.8,-0.3,0.39999999999999997,0.3,0.0,2025-26,20260117|Brentford|Chelsea,2,0,2,home
2026-01-17,Liverpool,Burnley,0.9136525891578295,1.8,1.2,0.8,0.4,0.4,0.6,1.7,1.4,1.1,0.3,0.4,0.5,9.0,0.6,0.8,1.6,-0.8,0.0,0.6,0.3,0.8,1.9,-1.1,0.0,0.3,10.0,2.0,0.4,0.5,-1.4,1.2000000000000002,1.4,0.3999999999999999,0.5999999999999999,-0.8,-0.7999999999999998,1.2000000000000002,1.4000000000000001,0.4,0.4,0.0,0.2,-1.0,2025-26,20260117|Burnley|Liverpool,1,1,2,draw
2026-01-17,Sunderland,Crystal Palace,0.5754914321622178,0.8,0.4,1.0,-0.6,0.0,0.8,1.1,0.7,1.2,-0.5,0.2,0.5,10.0,0.4,0.4,1.6,-1.2,0.0,0.4,1.1,0.8,1.4,-0.6,0.3,0.2,10.0,2.0,1.6,0.8,0.1,0.4,0.0,0.0,-0.10000000000000009,-0.6000000000000001,-0.19999999999999996,0.6,0.09999999999999998,0.0,-0.09999999999999998,0.4,0.3,0.0,2025-26,20260117|Crystal Palace|Sunderland,2,1,3,home
2026-01-17,Leeds United,Fulham,0.41621645726036166,1.2,1.8,1.4,0.4,0.2,0.6,1.1,1.9,1.7,0.2,0.2,0.5,10.0,2.2,1.4,0.8,0.6,0.6,0.4,2.0,1.8,1.4,0.4,0.6,0.2,10.0,1.6,1.1,0.5,-0.6,-1.0000000000000002,-0.8999999999999999,0.40000000000000013,0.09999999999999987,0.5999999999999999,0.30000000000000004,-0.19999999999999996,-0.2,-0.39999999999999997,-0.39999999999999997,0.19999999999999996,0.3,0.0,2025-26,20260117|Fulham|Leeds United,1,0,1,home
2026-01-17,Manchester United,Manchester City,0.31645190701545667,1.2,1.2,1.2,0.0,0.2,0.6,1.4,1.7,1.4,0.3,0.3,0.5,10.0,1.8,1.4,0.6,0.8,0.4,0.6,2.1,2.2,1.1,1.1,0.6,0.3,10.0,1.8,1.7,0.5,0.7,-0.6000000000000001,-0.7000000000000002,-0.19999999999999996,-0.5000000000000002,0.6,0.2999999999999998,-0.8,-0.8,-0.2,-0.3,0.0,0.2,0.0,2025-26,20260117|Manchester City|Manchester United,2,0,2,home
2026-01-17,Tottenham Hotspur,West Ham United,0.7065552238932737,1.0,1.0,1.2,-0.2,0.2,0.4,0.9,1.1,1.7,-0.6,0.2,0.3,10.0,0.2,0.6,2.2,-1.6,0.0,0.2,0.4,0.9,2.0,-1.1,0.0,0.4,11.0,0.9,0.7,0.0,-0.9,0.8,0.5,0.4,0.20000000000000007,-1.0000000000000002,-0.30000000000000004,1.4000000000000001,0.5000000000000001,0.2,0.2,0.2,-0.10000000000000003,-1.0,2025-26,20260117|West Ham United|Tottenham Hotspur,1,2,3,away
2026-01-18,Aston Villa,Everton,0.7827671901274768,2.0,1.6,1.4,0.2,0.6,0.2,2.5,2.0,1.4,0.6,0.8,0.1,11.0,1.0,1.0,1.2,-0.2,0.2,0.4,1.4,1.1,1.2,-0.1,0.4,0.2,11.0,2.5,1.4,1.0,-0.1,1.0,1.1,0.6000000000000001,0.8999999999999999,0.19999999999999996,0.19999999999999996,0.4,0.7,0.39999999999999997,0.4,-0.2,-0.1,0.0,2025-26,20260118|Everton|Aston Villa,0,1,1,away
2026-01-18,Wolverhampton Wanderers,Newcastle United,0.2783563202601769,1.0,1.2,1.2,0.0,0.2,0.4,0.5,0.8,1.6,-0.8,0.1,0.2,11.0,2.0,2.2,1.4,0.8,0.6,0.2,2.0,2.1,1.3,0.8,0.6,0.2,11.0,0.4,0.9,-1.3,-0.2,-1.0,-1.5,-1.0000000000000002,-1.3,-0.19999999999999996,0.30000000000000004,-0.8,-1.6,-0.39999999999999997,-0.5,0.2,0.0,0.0,2025-26,20260118|Newcastle United|Wolverhampton Wanderers,0,0,0,draw
2026-01-19,Brighton and Hove Albion,Bournemouth,0.6695583990192764,1.2,1.2,1.0,0.2,0.2,0.6,1.3,1.4,1.3,0.1,0.3,0.4,12.0,1.0,1.8,2.4,-0.6,0.2,0.4,0.8,1.7,2.2,-0.5,0.1,0.5,12.0,1.9,0.7,0.7,-1.1,0.19999999999999996,0.5,-0.6000000000000001,-0.30000000000000004,-1.4,-0.9000000000000001,0.8,0.6,0.0,0.19999999999999998,0.19999999999999996,-0.09999999999999998,0.0,2025-26,20260119|Bournemouth|Brighton and Hove Albion,1,1,2,draw
2026-01-24,Fulham,Brighton and Hove Albion,0.5382629589639916,1.6,1.2,1.0,0.2,0.4,0.4,1.7,1.7,1.5,0.2,0.5,0.2,7.0,1.2,1.4,1.2,0.2,0.2,0.6,1.1,1.3,1.3,0.0,0.2,0.5,5.0,1.9,1.0,0.6,-0.2,0.40000000000000013,0.5999999999999999,-0.19999999999999996,0.3999999999999999,-0.19999999999999996,0.19999999999999996,0.0,0.2,0.2,0.3,-0.19999999999999996,-0.3,2.0,2025-26,20260124|Brighton and Hove Albion|Fulham,2,1,3,home
2026-01-24,Bournemouth,Liverpool,0.3950901055949389,1.0,1.8,2.4,-0.6,0.2,0.4,0.8,1.6,2.1,-0.5,0.1,0.5,5.0,1.4,1.0,0.8,0.2,0.2,0.8,1.8,1.5,0.9,0.6,0.4,0.6,7.0,1.6,1.2,0.4,-0.2,-0.3999999999999999,-1.0,0.8,0.10000000000000009,1.5999999999999999,1.2000000000000002,-0.8,-1.1,0.0,-0.30000000000000004,-0.4,-0.09999999999999998,-2.0,2025-26,20260124|Liverpool|Bournemouth,3,2,5,home
2026-01-24,West Ham United,Sunderland,0.40735795264903507,0.8,1.0,1.8,-0.8,0.2,0.2,0.6,0.9,1.9,-1.0,0.1,0.3,7.0,1.2,0.8,1.2,-0.4,0.2,0.6,1.4,0.9,1.2,-0.3,0.3,0.5,7.0,0.7,1.0,-0.8,-0.7,-0.3999999999999999,-0.7999999999999999,0.19999999999999996,0.0,0.6000000000000001,0.7,-0.4,-0.7,0.0,-0.19999999999999998,-0.39999999999999997,-0.2,0.0,2025-26,20260124|Sunderland|West Ham United,3,1,4,home
2026-01-24,Burnley,Tottenham Hotspur,0.41485689114627783,0.6,0.8,1.6,-0.8,0.0,0.6,0.4,0.9,1.8,-0.9,0.0,0.4,7.0,1.0,1.0,1.2,-0.2,0.2,0.4,0.9,1.1,1.5,-0.4,0.2,0.3,7.0,0.6,1.5,-0.7,0.1,-0.4,-0.5,-0.19999999999999996,-0.20000000000000007,0.40000000000000013,0.30000000000000004,-0.6000000000000001,-0.5,-0.2,-0.2,0.19999999999999996,0.10000000000000003,0.0,2025-26,20260124|Tottenham Hotspur|Burnley,2,2,4,draw
2026-01-24,Manchester City,Wolverhampton Wanderers,0.9124039615925541,1.2,0.8,1.0,-0.2,0.2,0.6,2.1,2.1,1.1,1.0,0.6,0.3,7.0,1.2,1.2,0.8,0.4,0.2,0.6,0.6,0.8,1.4,-0.6,0.1,0.3,6.0,2.6,0.3,2.1,-1.2,0.0,1.5,-0.3999999999999999,1.3,0.19999999999999996,-0.2999999999999998,-0.6000000000000001,1.6,0.0,0.5,0.0,0.0,1.0,2025-26,20260124|Wolverhampton Wanderers|Manchester City,2,0,2,home
2026-01-25,Newcastle United,Aston Villa,0.4798163389806754,2.0,1.8,1.0,0.8,0.6,0.2,1.8,1.9,1.2,0.7,0.5,0.3,7.0,1.4,1.2,1.4,-0.2,0.4,0.2,2.2,1.8,1.4,0.4,0.7,0.1,7.0,2.3,1.8,0.8,0.0,0.6000000000000001,-0.40000000000000013,0.6000000000000001,0.09999999999999987,-0.3999999999999999,-0.19999999999999996,1.0,0.29999999999999993,0.19999999999999996,-0.19999999999999996,0.0,0.19999999999999998,0.0,2025-26,20260125|Aston Villa|Newcastle United,0,2,2,away
2026-01-25,Crystal Palace,Chelsea,0.47637204127827,0.4,0.4,1.2,-0.8,0.0,0.4,0.8,0.7,1.6,-0.9,0.2,0.2,8.0,1.0,1.4,1.4,0.0,0.2,0.4,1.1,1.3,1.3,0.0,0.2,0.5,8.0,1.1,1.3,-0.2,0.2,-0.6,-0.30000000000000004,-0.9999999999999999,-0.6000000000000001,-0.19999999999999996,0.30000000000000004,-0.8,-0.9,-0.2,0.0,0.0,-0.3,0.0,2025-26,20260125|Chelsea|Crystal Palace,1,3,4,away
2026-01-25,Arsenal,Manchester United,0.8323844599634119,2.2,1.8,0.8,1.0,0.6,0.4,2.1,1.6,0.8,0.8,0.6,0.3,8.0,1.8,1.4,0.8,0.6,0.4,0.6,1.7,1.9,1.3,0.6,0.4,0.5,8.0,2.6,1.3,1.6,-0.1,0.40000000000000013,0.40000000000000013,0.40000000000000013,-0.2999999999999998,0.0,-0.5,0.4,0.20000000000000007,0.19999999999999996,0.19999999999999996,-0.19999999999999996,-0.2,0.0,2025-26,20260125|Manchester United|Arsenal,2,3,5,away
2026-01-25,Brentford,Nottingham Forest,0.6879833126903547,2.0,2.2,1.0,1.2,0.6,0.2,1.7,1.7,1.1,0.6,0.5,0.2,8.0,0.8,0.8,1.6,-0.8,0.2,0.2,1.0,0.8,1.4,-0.6,0.3,0.1,8.0,2.1,1.0,1.2,-0.8,1.2,0.7,1.4000000000000001,0.8999999999999999,-0.6000000000000001,-0.2999999999999998,2.0,1.2,0.39999999999999997,0.2,0.0,0.1,0.0,2025-26,20260125|Nottingham Forest|Brentford,0,2,2,away
2026-01-26,Everton,Leeds United,0.7303227603112799,1.6,1.2,1.0,0.2,0.4,0.4,1.4,1.1,1.2,-0.1,0.4,0.2,8.0,1.2,1.2,1.2,0.0,0.2,0.6,1.4,1.9,1.5,0.4,0.3,0.5,9.0,1.2,0.6,-0.3,-0.8,0.40000000000000013,0.0,0.0,-0.7999999999999998,-0.19999999999999996,-0.30000000000000004,0.2,-0.5,0.2,0.10000000000000003,-0.19999999999999996,-0.3,-1.0,2025-26,20260126|Leeds United|Everton,1,1,2,draw
2026-01-31,Leeds United,Arsenal,0.21085418106827397,1.2,1.2,1.2,0.0,0.2,0.6,1.5,1.8,1.3,0.5,0.3,0.6,5.0,1.6,1.8,1.2,0.6,0.4,0.4,2.0,1.7,1.0,0.7,0.6,0.2,6.0,1.6,1.8,0.5,0.4,-0.40000000000000013,-0.5,-0.6000000000000001,0.10000000000000009,0.0,0.30000000000000004,-0.6,-0.19999999999999996,-0.2,-0.3,0.19999999999999996,0.39999999999999997,-1.0,2025-26,20260131|Arsenal|Leeds United,0,4,4,away
2026-01-31,Wolverhampton Wanderers,Bournemouth,0.3464047758866865,1.2,1.0,0.8,0.2,0.2,0.6,0.6,0.8,1.5,-0.7,0.1,0.3,7.0,1.6,2.2,2.0,0.2,0.4,0.4,1.1,1.7,2.0,-0.3,0.2,0.5,7.0,0.5,0.8,-0.9,-0.9,-0.40000000000000013,-0.5000000000000001,-1.2000000000000002,-0.8999999999999999,-1.2,-0.5,0.0,-0.39999999999999997,-0.2,-0.1,0.19999999999999996,-0.2,0.0,2025-26,20260131|Bournemouth|Wolverhampton Wanderers,0,2,2,away
2026-01-31,Brighton and Hove Albion,Everton,0.6142244535829189,1.2,1.4,1.2,0.2,0.2,0.6,0.8,1.2,1.5,-0.3,0.1,0.5,7.0,1.6,1.4,1.2,0.2,0.4,0.4,1.5,1.1,0.9,0.2,0.4,0.3,5.0,1.9,1.7,0.7,0.1,-0.40000000000000013,-0.7,0.0,0.09999999999999987,0.0,0.6,0.0,-0.5,-0.2,-0.30000000000000004,0.19999999999999996,0.2,2.0,2025-26,20260131|Everton|Brighton and Hove Albion,1,1,2,draw
2026-01-31,Liverpool,Newcastle United,0.6895018161551828,0.8,1.0,1.2,-0.2,0.0,0.8,1.5,1.5,1.2,0.3,0.3,0.6,7.0,2.0,1.8,1.2,0.6,0.6,0.2,1.5,1.5,1.3,0.2,0.4,0.3,6.0,1.8,0.9,0.3,-0.2,-1.2,0.0,-0.8,0.0,0.0,-0.10000000000000009,-0.8,0.09999999999999998,-0.6,-0.10000000000000003,0.6000000000000001,0.3,1.0,2025-26,20260131|Newcastle United|Liverpool,4,1,5,home
2026-01-31,Chelsea,West Ham United,0.8191469504050188,1.6,1.8,1.2,0.6,0.4,0.4,1.3,1.5,1.3,0.2,0.3,0.4,6.0,1.4,1.6,1.8,-0.2,0.4,0.2,0.9,1.2,1.8,-0.6,0.2,0.3,7.0,1.7,1.0,0.6,-0.5,0.20000000000000018,0.4,0.19999999999999996,0.30000000000000004,-0.6000000000000001,-0.5,0.8,0.8,0.0,0.09999999999999998,0.2,0.10000000000000003,-1.0,2025-26,20260131|West Ham United|Chelsea,3,2,5,home
2026-02-01,Aston Villa,Brentford,0.7617016756399565,1.4,1.2,1.2,0.0,0.4,0.2,2.2,1.9,1.4,0.5,0.7,0.1,7.0,1.4,1.4,1.2,0.2,0.4,0.2,1.4,1.4,1.2,0.2,0.4,0.2,7.0,2.4,0.9,0.9,-0.6,0.0,0.8000000000000003,-0.19999999999999996,0.5,0.0,0.19999999999999996,-0.2,0.3,0.0,0.29999999999999993,0.0,-0.1,0.0,2025-26,20260201|Brentford|Aston Villa,0,1,1,away
2026-02-01,Nottingham Forest,Crystal Palace,0.584201927404726,1.4,1.0,1.2,-0.2,0.4,0.2,1.3,1.0,1.2,-0.2,0.4,0.1,7.0,0.4,0.6,1.6,-1.0,0.0,0.4,0.8,0.7,1.7,-1.0,0.2,0.2,7.0,0.8,1.5,-0.7,0.0,0.9999999999999999,0.5,0.4,0.30000000000000004,-0.40000000000000013,-0.5,0.8,0.8,0.4,0.2,-0.2,-0.1,0.0,2025-26,20260201|Crystal Palace|Nottingham Forest,1,1,2,draw
2026-02-01,Manchester United,Fulham,0.6285053291112809,1.8,1.8,1.2,0.6,0.4,0.6,1.7,2.0,1.4,0.6,0.4,0.5,7.0,1.6,1.4,1.2,0.2,0.4,0.4,1.7,1.7,1.5,0.2,0.5,0.2,8.0,2.1,1.0,0.8,-0.7,0.19999999999999996,0.0,0.40000000000000013,0.30000000000000004,0.0,-0.10000000000000009,0.39999999999999997,0.39999999999999997,0.0,-0.09999999999999998,0.19999999999999996,0.3,-1.0,2025-26,20260201|Fulham|Manchester United,3,2,5,home
2026-02-01,Tottenham Hotspur,Manchester City,0.2546984782166265,0.6,1.2,1.6,-0.4,0.0,0.6,1.0,1.2,1.5,-0.3,0.2,0.4,8.0,1.2,0.8,0.8,0.0,0.2,0.6,2.1,2.0,0.9,1.1,0.6,0.3,8.0,0.6,1.4,-0.4,0.1,-0.6,-1.1,0.3999999999999999,-0.8,0.8,0.6,-0.4,-1.4000000000000001,-0.2,-0.39999999999999997,0.0,0.10000000000000003,0.0,2025-26,20260201|Manchester City|Tottenham Hotspur,2,2,4,draw
2026-02-02,Sunderland,Burnley,0.80878822478401,1.0,0.8,1.6,-0.8,0.2,0.4,1.1,0.7,1.3,-0.6,0.2,0.5,9.0,0.6,1.2,2.0,-0.8,0.0,0.6,0.5,1.0,1.7,-0.7,0.0,0.5,9.0,2.0,0.5,0.6,-1.1,0.4,0.6000000000000001,-0.3999999999999999,-0.30000000000000004,-0.3999999999999999,-0.3999999999999999,0.0,0.09999999999999998,0.2,0.2,-0.19999999999999996,0.0,0.0,2025-26,20260202|Burnley|Sunderland,3,0,3,home
2026-02-06,Leeds United,Nottingham Forest,0.49336178263184194,1.0,1.2,2.0,-0.8,0.2,0.4,1.2,1.5,1.6,-0.1,0.2,0.6,6.0,1.6,1.2,1.0,0.2,0.4,0.4,1.1,1.0,1.3,-0.3,0.3,0.2,5.0,1.5,1.3,0.1,-0.3,-0.6000000000000001,0.09999999999999987,0.0,0.5,1.0,0.30000000000000004,-1.0,0.19999999999999998,-0.2,-0.09999999999999998,0.0,0.39999999999999997,1.0,2025-26,20260206|Nottingham Forest|Leeds United,3,1,4,home
2026-02-07,Bournemouth,Aston Villa,0.4360310529540375,2.0,2.2,1.6,0.6,0.6,0.2,1.4,1.9,1.9,0.0,0.3,0.5,7.0,1.4,1.0,0.6,0.4,0.4,0.2,1.9,1.5,1.2,0.3,0.6,0.1,6.0,1.6,2.0,0.4,0.2,0.6000000000000001,-0.5,1.2000000000000002,0.3999999999999999,1.0,0.7,0.19999999999999996,-0.3,0.19999999999999996,-0.3,0.0,0.4,1.0,2025-26,20260207|Aston Villa|Bournemouth,1,1,2,draw
2026-02-07,Newcastle United,Brentford,0.5906094470279178,1.4,1.4,1.8,-0.4,0.4,0.2,1.4,1.4,1.5,-0.1,0.4,0.2,7.0,1.8,1.6,1.2,0.4,0.6,0.0,1.7,1.5,1.0,0.5,0.5,0.2,6.0,2.0,1.2,0.5,-0.4,-0.40000000000000013,-0.30000000000000004,-0.20000000000000018,-0.10000000000000009,0.6000000000000001,0.5,-0.8,-0.6,-0.19999999999999996,-0.09999999999999998,0.2,0.0,1.0,2025-26,20260207|Brentford|Newcastle United,2,3,5,away
2026-02-07,Wolverhampton Wanderers,Chelsea,0.22648245689642113,1.0,0.8,1.0,-0.2,0.2,0.4,0.6,0.8,1.6,-0.8,0.1,0.3,7.0,2.0,2.0,1.2,0.8,0.6,0.2,1.6,1.7,1.2,0.5,0.4,0.4,7.0,0.5,1.5,-1.0,0.4,-1.0,-1.0,-1.2,-0.8999999999999999,-0.19999999999999996,0.40000000000000013,-1.0,-1.3,-0.39999999999999997,-0.30000000000000004,0.2,-0.10000000000000003,0.0,2025-26,20260207|Chelsea|Wolverhampton Wanderers,1,3,4,away
2026-02-07,Fulham,Everton,0.5778406825009776,1.4,1.6,1.6,0.0,0.4,0.2,1.7,1.5,1.3,0.2,0.5,0.2,6.0,1.2,1.2,1.4,-0.2,0.2,0.6,1.3,1.1,1.0,0.1,0.3,0.4,7.0,1.9,1.5,0.6,0.0,0.19999999999999996,0.3999999999999999,0.40000000000000013,0.3999999999999999,0.20000000000000018,0.30000000000000004,0.2,0.1,0.2,0.2,-0.39999999999999997,-0.2,-1.0,2025-26,20260207|Everton|Fulham,1,2,3,away
2026-02-07,Arsenal,Sunderland,0.8362200854896259,1.6,1.8,1.0,0.8,0.4,0.4,2.0,1.9,1.0,0.9,0.6,0.2,7.0,1.4,1.4,1.6,-0.2,0.4,0.2,1.3,0.9,1.2,-0.3,0.3,0.4,5.0,2.3,0.9,1.2,-0.9,0.20000000000000018,0.7,0.40000000000000013,0.9999999999999999,-0.6000000000000001,-0.19999999999999996,1.0,1.2,0.0,0.3,0.2,-0.2,2.0,2025-26,20260207|Sunderland|Arsenal,3,0,3,home
2026-02-07,Manchester United,Tottenham Hotspur,0.7406477537619519,2.2,2.2,1.4,0.8,0.6,0.4,1.9,2.2,1.5,0.7,0.5,0.4,6.0,0.6,1.6,2.0,-0.4,0.0,0.6,1.0,1.2,1.5,-0.3,0.2,0.4,6.0,2.1,1.3,0.8,-0.2,1.6,0.8999999999999999,0.6000000000000001,1.0000000000000002,-0.6000000000000001,0.0,1.2000000000000002,1.0,0.6,0.3,-0.19999999999999996,0.0,0.0,2025-26,20260207|Tottenham Hotspur|Manchester United,2,0,2,home
2026-02-07,Burnley,West Ham United,0.4611425945184207,0.6,1.0,2.0,-1.0,0.0,0.6,0.5,1.0,1.9,-0.9,0.0,0.5,5.0,1.2,1.6,2.0,-0.4,0.4,0.0,0.8,1.3,2.0,-0.7,0.2,0.2,7.0,0.7,0.7,-0.6,-0.9,-0.6,-0.30000000000000004,-0.6000000000000001,-0.30000000000000004,0.0,-0.10000000000000009,-0.6,-0.20000000000000007,-0.4,-0.2,0.6,0.3,-2.0,2025-26,20260207|West Ham United|Burnley,0,2,2,away
2026-02-08,Brighton and Hove Albion,Crystal Palace,0.6440013579040972,1.2,1.2,1.0,0.2,0.2,0.6,0.9,1.0,1.2,-0.2,0.1,0.6,8.0,0.4,0.6,1.6,-1.0,0.0,0.4,0.6,0.7,1.8,-1.1,0.1,0.3,7.0,1.7,1.3,0.6,-0.3,0.7999999999999999,0.30000000000000004,0.6,0.30000000000000004,-0.6000000000000001,-0.6000000000000001,1.2,0.9000000000000001,0.2,0.0,0.19999999999999996,0.3,1.0,2025-26,20260208|Crystal Palace|Brighton and Hove Albion,0,1,1,away
2026-02-08,Liverpool,Manchester City,0.5222842672742991,1.2,1.8,1.4,0.4,0.2,0.6,1.7,1.8,1.2,0.6,0.4,0.5,8.0,1.2,1.2,1.2,0.0,0.2,0.6,1.9,1.7,0.7,1.0,0.5,0.4,7.0,1.8,1.5,0.5,0.2,0.0,-0.19999999999999996,0.6000000000000001,0.10000000000000009,0.19999999999999996,0.5,0.4,-0.4,0.0,-0.09999999999999998,0.0,0.09999999999999998,1.0,2025-26,20260208|Manchester City|Liverpool,1,2,3,away
2026-02-10,Everton,Bournemouth,0.6083466987196109,1.8,1.2,0.8,0.4,0.4,0.6,1.3,1.0,1.1,-0.1,0.3,0.4,3.0,2.2,2.0,1.2,0.8,0.6,0.4,1.4,2.0,2.0,0.0,0.3,0.5,3.0,1.2,0.8,-0.3,-0.8,-0.40000000000000013,-0.09999999999999987,-0.8,-1.0,-0.3999999999999999,-0.8999999999999999,-0.4,-0.1,-0.19999999999999996,0.0,0.19999999999999996,-0.09999999999999998,0.0,2025-26,20260210|Bournemouth|Everton,1,2,3,away
2026-02-10,Chelsea,Leeds United,0.80730761731478,2.4,2.4,1.2,1.2,0.8,0.0,1.8,2.0,1.3,0.7,0.5,0.3,3.0,1.4,1.6,2.0,-0.4,0.4,0.2,1.4,1.5,1.4,0.1,0.3,0.5,4.0,1.7,0.7,0.5,-0.7,1.0,0.40000000000000013,0.7999999999999998,0.5,-0.8,-0.09999999999999987,1.6,0.6,0.4,0.2,-0.2,-0.2,-1.0,2025-26,20260210|Leeds United|Chelsea,2,2,4,draw
2026-02-10,West Ham United,Manchester United,0.37732953677516845,1.8,2.0,1.4,0.6,0.6,0.0,1.0,1.4,1.9,-0.5,0.3,0.1,3.0,2.6,2.4,1.2,1.2,0.8,0.2,1.9,2.0,1.4,0.6,0.5,0.4,3.0,1.0,1.6,-0.3,0.3,-0.8,-0.8999999999999999,-0.3999999999999999,-0.6000000000000001,0.19999999999999996,0.5,-0.6,-1.1,-0.20000000000000007,-0.2,-0.2,-0.30000000000000004,0.0,2025-26,20260210|Manchester United|West Ham United,1,1,2,draw
2026-02-10,Tottenham Hotspur,Newcastle United,0.4666253321730807,0.4,1.4,2.2,-0.8,0.0,0.4,0.7,1.0,1.7,-0.7,0.1,0.4,3.0,0.8,1.4,2.4,-1.0,0.2,0.2,1.1,1.4,1.7,-0.3,0.3,0.2,3.0,0.7,0.8,-0.3,-0.5,-0.4,-0.40000000000000013,0.0,-0.3999999999999999,-0.19999999999999973,0.0,0.19999999999999996,-0.39999999999999997,-0.2,-0.19999999999999998,0.2,0.2,0.0,2025-26,20260210|Newcastle United|Tottenham Hotspur,1,2,3,away
2026-02-11,Aston Villa,Brighton and Hove Albion,0.7410512593475382,1.0,0.6,0.6,0.0,0.2,0.4,1.7,1.4,1.2,0.2,0.5,0.2,4.0,0.6,0.8,1.2,-0.4,0.0,0.6,0.8,0.9,1.2,-0.3,0.1,0.5,3.0,2.4,1.0,1.1,-0.2,0.4,0.8999999999999999,-0.20000000000000007,0.4999999999999999,-0.6,0.0,0.4,0.5,0.2,0.4,-0.19999999999999996,-0.3,1.0,2025-26,20260211|Brighton and Hove Albion|Aston Villa,1,0,1,home
2026-02-11,Crystal Palace,Burnley,0.835729204204452,1.0,0.8,1.2,-0.4,0.2,0.4,0.6,0.6,1.7,-1.1,0.1,0.3,3.0,0.6,1.0,2.0,-1.0,0.0,0.6,0.5,0.9,1.9,-1.0,0.0,0.5,4.0,1.0,0.5,-0.4,-1.3,0.4,0.09999999999999998,-0.19999999999999996,-0.30000000000000004,-0.8,-0.19999999999999996,0.6,-0.10000000000000009,0.2,0.1,-0.19999999999999996,-0.2,-1.0,2025-26,20260211|Burnley|Crystal Palace,2,3,5,away
2026-02-11,Manchester City,Fulham,0.8199388468334396,1.6,1.4,1.2,0.2,0.4,0.4,1.9,1.6,0.8,0.8,0.5,0.4,3.0,1.2,1.4,1.6,-0.2,0.4,0.0,1.7,1.5,1.3,0.2,0.5,0.2,4.0,2.6,1.0,2.0,-0.6,0.40000000000000013,0.19999999999999996,0.0,0.10000000000000009,-0.40000000000000013,-0.5,0.4,0.6000000000000001,0.0,0.0,0.4,0.2,-1.0,2025-26,20260211|Fulham|Manchester City,3,0,3,home
2026-02-11,Sunderland,Liverpool,0.4266683715022617,1.2,1.2,2.0,-0.8,0.4,0.0,1.3,0.9,1.2,-0.3,0.3,0.4,4.0,1.0,1.6,1.4,0.2,0.2,0.4,1.6,1.6,1.1,0.5,0.4,0.4,3.0,2.0,0.9,0.8,-0.4,0.19999999999999996,-0.30000000000000004,-0.40000000000000013,-0.7000000000000001,0.6000000000000001,0.09999999999999987,-1.0,-0.8,0.2,-0.10000000000000003,-0.4,0.0,1.0,2025-26,20260211|Liverpool|Sunderland,0,1,1,away
2026-02-11,Nottingham Forest,Wolverhampton Wanderers,0.7725765837980785,1.6,1.2,1.0,0.2,0.4,0.4,1.1,1.1,1.3,-0.2,0.3,0.2,5.0,0.4,0.4,1.6,-1.2,0.0,0.4,0.6,0.8,1.5,-0.7,0.1,0.3,4.0,0.9,0.3,-0.4,-1.3,1.2000000000000002,0.5000000000000001,0.7999999999999999,0.30000000000000004,-0.6000000000000001,-0.19999999999999996,1.4,0.49999999999999994,0.4,0.19999999999999998,0.0,-0.09999999999999998,1.0,2025-26,20260211|Wolverhampton Wanderers|Nottingham Forest,0,0,0,draw
2026-02-12,Brentford,Arsenal,0.34652252338146744,1.8,1.4,1.2,0.2,0.6,0.0,2.0,1.8,1.0,0.8,0.6,0.2,5.0,1.6,1.8,0.6,1.2,0.4,0.4,2.3,2.1,0.8,1.3,0.7,0.2,5.0,2.0,2.1,1.0,0.9,0.19999999999999996,-0.2999999999999998,-0.40000000000000013,-0.30000000000000004,0.6,0.19999999999999996,-1.0,-0.5,0.19999999999999996,-0.09999999999999998,-0.4,0.0,0.0,2025-26,20260212|Arsenal|Brentford,1,1,2,draw
2026-02-18,Wolverhampton Wanderers,Arsenal,0.12867351618770026,0.4,0.2,1.4,-1.2,0.0,0.4,0.7,0.7,1.3,-0.6,0.1,0.4,7.0,1.6,2.0,0.8,1.2,0.4,0.4,2.1,2.0,0.8,1.2,0.6,0.3,6.0,0.5,1.9,-1.0,0.8,-1.2000000000000002,-1.4000000000000001,-1.8,-1.3,0.5999999999999999,0.5,-2.4,-1.7999999999999998,-0.4,-0.5,0.0,0.10000000000000003,1.0,2025-26,20260218|Arsenal|Wolverhampton Wanderers,2,2,4,draw
2026-02-21,West Ham United,Bournemouth,0.4132574680889369,2.0,2.0,1.2,0.8,0.6,0.2,1.1,1.3,1.7,-0.4,0.3,0.2,11.0,2.2,1.8,1.0,0.8,0.6,0.4,1.6,1.8,1.7,0.1,0.4,0.4,11.0,1.1,1.0,-0.2,-0.7,-0.20000000000000018,-0.5,0.19999999999999996,-0.5,0.19999999999999996,0.0,0.0,-0.5,0.0,-0.10000000000000003,-0.2,-0.2,0.0,2025-26,20260221|Bournemouth|West Ham United,0,0,0,draw
2026-02-21,Brentford,Brighton and Hove Albion,0.6594393148911055,1.4,1.0,1.4,-0.4,0.4,0.2,2.0,1.8,1.0,0.8,0.6,0.2,9.0,0.4,0.6,1.2,-0.6,0.0,0.4,0.8,0.9,1.1,-0.2,0.1,0.5,10.0,1.8,0.7,0.8,-0.5,0.9999999999999999,1.2,0.4,0.9,0.19999999999999996,-0.10000000000000009,0.19999999999999996,1.0,0.4,0.5,-0.2,-0.3,-1.0,2025-26,20260221|Brighton and Hove Albion|Brentford,0,2,2,away
2026-02-21,Chelsea,Burnley,0.8851863286903238,2.6,2.6,1.2,1.4,0.8,0.2,1.6,2.0,1.5,0.5,0.4,0.4,11.0,1.0,1.2,2.0,-0.8,0.2,0.4,0.8,1.0,1.8,-0.8,0.1,0.5,10.0,1.8,0.8,0.7,-0.8,1.6,0.8,1.4000000000000001,1.0,-0.8,-0.30000000000000004,2.2,1.3,0.6000000000000001,0.30000000000000004,-0.2,-0.09999999999999998,1.0,2025-26,20260221|Burnley|Chelsea,1,1,2,draw
2026-02-21,Aston Villa,Leeds United,0.8233668527225168,1.4,0.8,0.6,0.2,0.4,0.2,1.7,1.2,1.0,0.2,0.5,0.2,10.0,1.6,1.4,1.6,-0.2,0.4,0.4,1.4,1.6,1.5,0.1,0.3,0.5,11.0,2.4,0.5,1.0,-0.9,-0.20000000000000018,0.30000000000000004,-0.5999999999999999,-0.40000000000000013,-1.0,-0.5,0.4,0.1,0.0,0.2,-0.2,-0.3,-1.0,2025-26,20260221|Leeds United|Aston Villa,1,1,2,draw
2026-02-21,Manchester City,Newcastle United,0.7913820338861649,2.0,1.8,1.0,0.8,0.6,0.2,1.9,1.6,0.8,0.8,0.5,0.4,10.0,0.8,1.0,2.0,-1.0,0.2,0.2,1.4,1.6,1.7,-0.1,0.4,0.2,11.0,2.6,1.0,1.9,-0.4,1.2,0.5,0.8,0.0,-1.0,-0.8999999999999999,1.8,0.9,0.39999999999999997,0.09999999999999998,0.0,0.2,-1.0,2025-26,20260221|Newcastle United|Manchester City,2,1,3,home
2026-02-22,Tottenham Hotspur,Arsenal,0.20876509506377755,0.4,1.2,2.0,-0.8,0.0,0.4,0.7,1.1,1.6,-0.5,0.1,0.4,12.0,1.6,2.4,1.2,1.2,0.4,0.4,1.9,2.1,1.0,1.1,0.5,0.4,4.0,0.6,1.7,-0.4,0.7,-1.2000000000000002,-1.2,-1.2,-1.0,0.8,0.6000000000000001,-2.0,-1.6,-0.4,-0.4,0.0,0.0,8.0,2025-26,20260222|Arsenal|Tottenham Hotspur,1,4,5,away
2026-02-22,Sunderland,Fulham,0.5908581104038607,1.2,1.2,1.6,-0.4,0.4,0.0,1.0,0.8,1.3,-0.5,0.2,0.4,11.0,0.6,1.0,2.0,-1.0,0.2,0.0,1.4,1.2,1.4,-0.2,0.4,0.2,11.0,1.9,1.0,0.7,-0.7,0.6,-0.3999999999999999,0.19999999999999996,-0.3999999999999999,-0.3999999999999999,-0.09999999999999987,0.6,-0.3,0.2,-0.2,0.0,0.2,0.0,2025-26,20260222|Fulham|Sunderland,1,3,4,away
2026-02-22,Nottingham Forest,Liverpool,0.3592976444334157,1.2,0.8,0.8,0.0,0.2,0.6,0.9,0.8,1.3,-0.5,0.2,0.3,11.0,1.4,1.8,1.4,0.4,0.4,0.2,1.6,1.5,1.1,0.4,0.4,0.4,11.0,1.0,1.2,-0.3,-0.2,-0.19999999999999996,-0.7000000000000001,-1.0,-0.7,-0.5999999999999999,0.19999999999999996,-0.4,-0.9,-0.2,-0.2,0.39999999999999997,-0.10000000000000003,0.0,2025-26,20260222|Liverpool|Nottingham Forest,0,1,1,away
2026-02-22,Crystal Palace,Wolverhampton Wanderers,0.7770357106407245,0.8,1.2,1.8,-0.6,0.2,0.2,0.6,0.8,1.7,-0.9,0.1,0.3,11.0,0.4,0.6,1.8,-1.2,0.0,0.4,0.8,0.9,1.3,-0.4,0.1,0.5,4.0,0.7,0.3,-0.6,-1.3,0.4,-0.20000000000000007,0.6,-0.09999999999999998,0.0,0.3999999999999999,0.6,-0.5,0.2,0.0,-0.2,-0.2,7.0,2025-26,20260222|Wolverhampton Wanderers|Crystal Palace,1,0,1,home
2026-02-23,Everton,Manchester United,0.5338522130064299,1.6,1.2,1.0,0.2,0.4,0.4,1.3,1.1,1.1,0.0,0.3,0.4,13.0,2.6,2.2,1.0,1.2,0.8,0.2,1.9,1.7,1.1,0.6,0.5,0.4,13.0,1.1,1.7,-0.4,0.5,-1.0,-0.5999999999999999,-1.0000000000000002,-0.5999999999999999,0.0,0.0,-1.0,-0.6,-0.4,-0.2,0.2,0.0,0.0,2025-26,20260223|Manchester United|Everton,0,1,1,away
2026-02-27,Wolverhampton Wanderers,Aston Villa,0.2049043045673254,0.4,0.6,1.6,-1.0,0.0,0.4,0.8,0.8,1.2,-0.4,0.1,0.5,5.0,1.6,1.0,0.6,0.4,0.4,0.4,1.5,1.1,1.0,0.1,0.4,0.3,6.0,0.5,2.0,-1.0,0.2,-1.2000000000000002,-0.7,-0.4,-0.30000000000000004,1.0,0.19999999999999996,-1.4,-0.5,-0.4,-0.30000000000000004,0.0,0.2,-1.0,2025-26,20260227|Aston Villa|Wolverhampton Wanderers,2,0,2,home
2026-02-28,Burnley,Brentford,0.29968212161005964,1.0,1.2,2.0,-0.8,0.2,0.4,0.8,1.0,1.8,-0.8,0.1,0.5,7.0,1.4,1.0,1.4,-0.4,0.4,0.2,1.7,1.6,1.2,0.4,0.5,0.2,7.0,0.6,1.5,-0.8,-0.1,-0.3999999999999999,-0.8999999999999999,0.19999999999999996,-0.6000000000000001,0.6000000000000001,0.6000000000000001,-0.4,-1.2000000000000002,-0.2,-0.4,0.2,0.3,0.0,2025-26,20260228|Brentford|Burnley,3,4,7,away
2026-02-28,Newcastle United,Everton,0.6215277781292581,0.6,1.2,2.4,-1.2,0.2,0.0,1.3,1.5,1.7,-0.2,0.4,0.1,7.0,1.0,1.0,1.2,-0.2,0.2,0.4,1.3,1.1,1.1,0.0,0.3,0.4,5.0,2.0,1.8,0.5,0.2,-0.4,0.0,0.19999999999999996,0.3999999999999999,1.2,0.5999999999999999,-1.0,-0.2,0.0,0.10000000000000003,-0.4,-0.30000000000000004,2.0,2025-26,20260228|Everton|Newcastle United,2,3,5,away
2026-02-28,Leeds United,Manchester City,0.2446303596947811,1.2,1.4,1.8,-0.4,0.2,0.6,1.2,1.3,1.5,-0.2,0.2,0.6,7.0,2.6,2.2,0.8,1.4,0.8,0.2,1.9,1.5,0.9,0.6,0.5,0.4,7.0,1.7,1.7,0.3,0.3,-1.4000000000000001,-0.7,-0.8000000000000003,-0.19999999999999996,1.0,0.6,-1.7999999999999998,-0.8,-0.6000000000000001,-0.3,0.39999999999999997,0.19999999999999996,0.0,2025-26,20260228|Manchester City|Leeds United,0,1,1,away
2026-02-28,Bournemouth,Sunderland,0.6837170419135752,2.2,1.6,0.8,0.8,0.6,0.4,1.6,1.7,1.6,0.1,0.4,0.4,7.0,0.6,1.0,2.0,-1.0,0.2,0.0,0.9,0.9,1.6,-0.7,0.2,0.3,6.0,1.6,0.6,0.4,-1.3,1.6,0.7000000000000001,0.6000000000000001,0.7999999999999999,-1.2,0.0,1.8,0.7999999999999999,0.39999999999999997,0.2,0.4,0.10000000000000003,1.0,2025-26,20260228|Sunderland|Bournemouth,1,1,2,draw
2026-02-28,Liverpool,West Ham United,0.8370765155182563,1.8,1.8,1.2,0.6,0.6,0.0,1.6,1.4,1.0,0.4,0.4,0.4,6.0,1.6,1.6,1.0,0.6,0.4,0.4,1.2,1.3,1.4,-0.1,0.3,0.3,7.0,1.5,0.9,0.3,-0.7,0.19999999999999996,0.40000000000000013,0.19999999999999996,0.09999999999999987,0.19999999999999996,-0.3999999999999999,0.0,0.5,0.19999999999999996,0.10000000000000003,-0.4,0.10000000000000003,-1.0,2025-26,20260228|West Ham United|Liverpool,5,2,7,home
2026-03-01,Arsenal,Chelsea,0.7506876292029103,2.2,2.8,0.8,2.0,0.6,0.4,1.9,2.3,1.0,1.3,0.5,0.4,7.0,2.2,2.4,1.4,1.0,0.6,0.4,1.6,1.9,1.4,0.5,0.4,0.4,8.0,2.5,1.8,1.5,0.7,0.0,0.2999999999999998,0.3999999999999999,0.3999999999999999,-0.5999999999999999,-0.3999999999999999,1.0,0.8,0.0,0.09999999999999998,0.0,0.0,-1.0,2025-26,20260301|Chelsea|Arsenal,2,1,3,home
2026-03-01,Manchester United,Crystal Palace,0.6995184309404214,2.6,2.0,1.0,1.0,0.8,0.2,2.2,1.7,0.9,0.8,0.6,0.4,6.0,1.4,1.2,1.4,-0.2,0.4,0.2,0.9,0.8,1.3,-0.5,0.2,0.3,7.0,2.1,1.3,0.9,-0.3,1.2000000000000002,1.3000000000000003,0.8,0.8999999999999999,-0.3999999999999999,-0.4,1.2,1.3,0.4,0.39999999999999997,0.0,0.10000000000000003,-1.0,2025-26,20260301|Crystal Palace|Manchester United,2,1,3,home
2026-03-01,Brighton and Hove Albion,Nottingham Forest,0.6907147284816386,0.8,0.8,1.0,-0.2,0.2,0.2,1.0,1.1,1.1,0.0,0.2,0.4,8.0,1.0,0.8,1.0,-0.2,0.2,0.4,0.9,0.8,1.3,-0.5,0.2,0.3,7.0,1.6,1.2,0.5,-0.5,-0.19999999999999996,0.09999999999999998,0.0,0.30000000000000004,0.0,-0.19999999999999996,0.0,0.5,0.0,0.0,-0.2,0.10000000000000003,1.0,2025-26,20260301|Nottingham Forest|Brighton and Hove Albion,2,1,3,home
2026-03-01,Fulham,Tottenham Hotspur,0.714342405366729,1.2,1.6,2.0,-0.4,0.4,0.0,1.4,1.4,1.5,-0.1,0.4,0.2,7.0,0.4,1.2,2.4,-1.2,0.0,0.4,0.7,1.1,1.8,-0.7,0.1,0.4,7.0,1.6,1.2,0.3,-0.4,0.7999999999999999,0.7,0.40000000000000013,0.2999999999999998,-0.3999999999999999,-0.30000000000000004,0.7999999999999999,0.6,0.4,0.30000000000000004,-0.4,-0.2,0.0,2025-26,20260301|Tottenham Hotspur|Fulham,2,1,3,home
2026-03-03,Bournemouth,Brentford,0.5779750413380333,1.8,1.2,0.6,0.6,0.4,0.6,1.7,1.7,1.3,0.4,0.4,0.5,3.0,2.0,1.8,1.6,0.2,0.6,0.2,1.7,1.6,1.4,0.2,0.5,0.2,3.0,1.4,1.5,0.2,-0.2,-0.19999999999999996,0.0,-0.6000000000000001,0.09999999999999987,-1.0,-0.09999999999999987,0.39999999999999997,0.2,-0.19999999999999996,-0.09999999999999998,0.39999999999999997,0.3,0.0,2025-26,20260303|Brentford|Bournemouth,0,0,0,draw
2026-03-03,Everton,Burnley,0.8262178954257026,1.4,1.4,1.4,0.0,0.4,0.2,1.5,1.4,1.3,0.1,0.4,0.3,3.0,0.8,1.4,2.4,-1.0,0.2,0.2,0.7,1.3,2.2,-0.9,0.1,0.4,3.0,0.8,0.9,-0.6,-0.7,0.5999999999999999,0.8,0.0,0.09999999999999987,-1.0,-0.9000000000000001,1.0,1.0,0.2,0.30000000000000004,0.0,-0.10000000000000003,0.0,2025-26,20260303|Burnley|Everton,2,0,2,home
2026-03-03,Wolverhampton Wanderers,Liverpool,0.21669305990738338,1.0,1.0,1.2,-0.2,0.2,0.4,1.0,0.9,1.1,-0.2,0.2,0.4,4.0,2.4,2.4,1.0,1.4,0.8,0.0,1.6,1.7,1.1,0.6,0.4,0.4,3.0,0.8,1.5,-0.7,0.0,-1.4,-0.6000000000000001,-1.4,-0.7999999999999999,0.19999999999999996,0.0,-1.5999999999999999,-0.8,-0.6000000000000001,-0.2,0.4,0.0,1.0,2025-26,20260303|Liverpool|Wolverhampton Wanderers,2,1,3,home
2026-03-03,Leeds United,Sunderland,0.5396395567485603,1.0,1.2,1.8,-0.6,0.2,0.4,1.1,1.2,1.5,-0.3,0.2,0.5,3.0,0.8,1.0,1.6,-0.6,0.2,0.2,0.9,0.9,1.6,-0.7,0.2,0.3,3.0,1.7,0.7,0.3,-1.1,0.19999999999999996,0.20000000000000007,0.19999999999999996,0.29999999999999993,0.19999999999999996,-0.10000000000000009,0.0,0.39999999999999997,0.0,0.0,0.2,0.2,0.0,2025-26,20260303|Sunderland|Leeds United,0,1,1,away
2026-03-04,Brighton and Hove Albion,Arsenal,0.32207463442999734,1.4,1.0,0.8,0.2,0.4,0.2,1.3,1.2,1.0,0.2,0.3,0.4,3.0,2.2,2.4,1.0,1.4,0.6,0.4,1.9,2.1,1.0,1.1,0.5,0.4,3.0,1.6,1.7,0.5,0.8,-0.8000000000000003,-0.5999999999999999,-1.4,-0.9000000000000001,-0.19999999999999996,0.0,-1.2,-0.9000000000000001,-0.19999999999999996,-0.2,-0.2,0.0,0.0,2025-26,20260304|Arsenal|Brighton and Hove Albion,0,1,1,away
2026-03-04,Aston Villa,Chelsea,0.6169700903328108,1.0,0.6,1.0,-0.4,0.2,0.4,1.2,0.9,1.1,-0.2,0.3,0.3,5.0,1.6,2.0,1.6,0.4,0.4,0.4,1.6,1.9,1.4,0.5,0.4,0.4,3.0,2.2,1.5,0.9,0.3,-0.6000000000000001,-0.40000000000000013,-1.4,-0.9999999999999999,-0.6000000000000001,-0.2999999999999998,-0.8,-0.7,-0.2,-0.10000000000000003,0.0,-0.10000000000000003,2.0,2025-26,20260304|Chelsea|Aston Villa,1,4,5,away
2026-03-04,Newcastle United,Manchester United,0.48740475511008824,0.6,1.6,2.6,-1.0,0.2,0.0,1.3,1.7,1.9,-0.2,0.4,0.1,4.0,2.6,1.8,0.8,1.0,0.8,0.2,2.2,1.8,1.0,0.8,0.6,0.4,3.0,1.7,1.7,0.2,0.5,-2.0,-0.9000000000000001,-0.19999999999999996,-0.10000000000000009,1.8,0.8999999999999999,-2.0,-1.0,-0.6000000000000001,-0.19999999999999996,-0.2,-0.30000000000000004,1.0,2025-26,20260304|Manchester United|Newcastle United,2,1,3,home
2026-03-04,Manchester City,Nottingham Forest,0.8715523954997665,2.6,2.0,0.8,1.2,0.8,0.2,1.9,1.4,0.8,0.6,0.5,0.4,4.0,0.4,0.6,1.4,-0.8,0.0,0.4,0.9,0.8,1.3,-0.5,0.2,0.3,3.0,2.6,1.2,1.8,-0.4,2.2,0.9999999999999999,1.4,0.5999999999999999,-0.5999999999999999,-0.5,2.0,1.1,0.8,0.3,-0.2,0.10000000000000003,1.0,2025-26,20260304|Nottingham Forest|Manchester City,2,2,4,draw
2026-03-04,Fulham,West Ham United,0.7235345098566087,1.2,1.6,2.0,-0.4,0.4,0.0,1.4,1.5,1.6,-0.1,0.4,0.2,3.0,1.0,1.4,1.8,-0.4,0.2,0.4,1.2,1.5,1.8,-0.3,0.3,0.3,4.0,1.9,0.9,0.5,-0.8,0.19999999999999996,0.19999999999999996,0.20000000000000018,0.0,0.19999999999999996,-0.19999999999999996,0.0,0.19999999999999998,0.2,0.10000000000000003,-0.4,-0.09999999999999998,-1.0,2025-26,20260304|West Ham United|Fulham,0,1,1,away
2026-03-05,Tottenham Hotspur,Crystal Palace,0.47656368128837345,0.2,1.0,2.4,-1.4,0.0,0.2,0.4,1.1,2.0,-0.9,0.0,0.4,4.0,1.4,1.2,1.2,0.0,0.4,0.2,0.9,0.9,1.4,-0.5,0.2,0.3,4.0,0.6,1.3,-0.6,-0.3,-1.2,-0.5,-0.19999999999999996,0.20000000000000007,1.2,0.6000000000000001,-1.4,-0.4,-0.4,-0.2,0.0,0.10000000000000003,0.0,2025-26,20260305|Crystal Palace|Tottenham Hotspur,1,3,4,away
2026-03-14,Burnley,Bournemouth,0.2888761813023322,0.8,1.4,2.2,-0.8,0.2,0.2,0.7,1.2,2.1,-0.9,0.1,0.4,11.0,1.4,0.8,0.6,0.2,0.2,0.8,1.7,1.5,1.1,0.4,0.4,0.5,11.0,0.3,1.0,-1.1,-0.7,-0.5999999999999999,-1.0,0.5999999999999999,-0.30000000000000004,1.6,1.0,-1.0,-1.3,0.0,-0.30000000000000004,-0.6000000000000001,-0.09999999999999998,0.0,2025-26,20260314|Bournemouth|Burnley,0,0,0,draw
2026-03-14,Sunderland,Brighton and Hove Albion,0.5401704796456158,0.8,0.6,1.6,-1.0,0.2,0.2,1.1,1.0,1.6,-0.6,0.3,0.2,11.0,1.2,0.8,0.8,0.0,0.4,0.0,1.2,1.0,0.9,0.1,0.3,0.3,10.0,1.6,0.9,0.3,-0.3,-0.3999999999999999,-0.09999999999999987,-0.20000000000000007,0.0,0.8,0.7000000000000001,-1.0,-0.7,-0.2,0.0,0.2,-0.09999999999999998,1.0,2025-26,20260314|Brighton and Hove Albion|Sunderland,0,1,1,away
2026-03-14,Arsenal,Everton,0.8298120975883119,2.2,2.0,1.0,1.0,0.6,0.4,1.9,1.9,0.8,1.1,0.5,0.4,10.0,1.8,1.6,1.2,0.4,0.6,0.0,1.5,1.4,1.3,0.1,0.4,0.3,11.0,2.5,2.1,1.4,0.5,0.40000000000000013,0.3999999999999999,0.3999999999999999,0.5,-0.19999999999999996,-0.5,0.6,1.0,0.0,0.09999999999999998,0.4,0.10000000000000003,-1.0,2025-26,20260314|Everton|Arsenal,2,0,2,home
2026-03-14,West Ham United,Manchester City,0.23423103299413375,1.6,1.2,1.2,0.0,0.4,0.4,1.4,1.4,1.6,-0.2,0.4,0.2,10.0,2.6,2.0,0.8,1.2,0.8,0.2,1.9,1.6,1.0,0.6,0.5,0.4,10.0,1.2,1.7,0.0,0.3,-1.0,-0.5,-0.8,-0.20000000000000018,0.3999999999999999,0.6000000000000001,-1.2,-0.8,-0.4,-0.09999999999999998,0.2,-0.2,0.0,2025-26,20260314|Manchester City|West Ham United,1,1,2,draw
2026-03-14,Chelsea,Newcastle United,0.703922381458955,1.6,2.2,1.4,0.8,0.4,0.4,1.8,2.1,1.3,0.8,0.5,0.3,10.0,1.2,1.8,2.0,-0.2,0.4,0.0,1.3,1.6,1.9,-0.3,0.4,0.1,10.0,1.6,1.0,0.6,-0.4,0.40000000000000013,0.5,0.40000000000000013,0.5,-0.6000000000000001,-0.5999999999999999,1.0,1.1,0.0,0.09999999999999998,0.4,0.19999999999999998,0.0,2025-26,20260314|Newcastle United|Chelsea,0,1,1,away
2026-03-15,Manchester United,Aston Villa,0.5689412240406987,2.0,1.4,0.8,0.6,0.6,0.2,2.1,1.8,1.1,0.7,0.6,0.3,11.0,1.0,0.8,1.6,-0.8,0.2,0.4,1.2,0.9,1.1,-0.2,0.3,0.3,11.0,2.1,1.7,0.8,-0.1,1.0,0.9000000000000001,0.5999999999999999,0.9,-0.8,0.0,1.4,0.8999999999999999,0.39999999999999997,0.3,-0.2,0.0,0.0,2025-26,20260315|Aston Villa|Manchester United,3,1,4,home
2026-03-15,Nottingham Forest,Fulham,0.5327056887936875,0.4,0.8,1.6,-0.8,0.0,0.4,1.0,1.0,1.3,-0.3,0.2,0.4,11.0,1.2,1.2,1.6,-0.4,0.4,0.0,1.3,1.4,1.6,-0.2,0.4,0.1,11.0,1.0,1.3,-0.1,-0.3,-0.7999999999999999,-0.30000000000000004,-0.3999999999999999,-0.3999999999999999,0.0,-0.30000000000000004,-0.4,-0.09999999999999998,-0.4,-0.2,0.4,0.30000000000000004,0.0,2025-26,20260315|Fulham|Nottingham Forest,0,0,0,draw
2026-03-15,Crystal Palace,Leeds United,0.6941710051087194,1.8,1.6,1.2,0.4,0.6,0.0,1.1,1.1,1.4,-0.3,0.3,0.2,10.0,1.0,1.2,1.2,0.0,0.2,0.4,1.0,1.2,1.6,-0.4,0.2,0.4,12.0,0.9,0.6,-0.5,-0.7,0.8,0.10000000000000009,0.40000000000000013,-0.09999999999999987,0.0,-0.20000000000000018,0.4,0.10000000000000003,0.39999999999999997,0.09999999999999998,-0.4,-0.2,-2.0,2025-26,20260315|Leeds United|Crystal Palace,0,0,0,draw
2026-03-15,Liverpool,Tottenham Hotspur,0.8456918881588893,1.8,1.8,1.2,0.6,0.6,0.0,1.5,1.8,1.3,0.5,0.4,0.3,12.0,0.0,0.8,2.6,-1.8,0.0,0.0,0.3,1.2,2.3,-1.1,0.0,0.3,10.0,1.8,0.9,0.7,-0.6,1.8,1.2,1.0,0.6000000000000001,-1.4000000000000001,-0.9999999999999998,2.4,1.6,0.6,0.4,0.0,0.0,2.0,2025-26,20260315|Tottenham Hotspur|Liverpool,1,1,2,draw
2026-03-16,Brentford,Wolverhampton Wanderers,0.7965573365139061,1.6,1.6,1.6,0.0,0.4,0.4,1.7,1.6,1.4,0.2,0.5,0.2,13.0,1.6,1.2,0.8,0.4,0.4,0.4,1.0,0.8,1.2,-0.4,0.2,0.4,13.0,1.8,0.3,0.7,-1.2,0.0,0.7,0.40000000000000013,0.8,0.8,0.19999999999999996,-0.4,0.6000000000000001,0.0,0.3,0.0,-0.2,0.0,2025-26,20260316|Wolverhampton Wanderers|Brentford,2,2,4,draw
2026-03-20,Bournemouth,Manchester United,0.5141828494177834,1.4,0.6,0.4,0.2,0.2,0.8,1.8,1.3,0.8,0.5,0.4,0.6,6.0,2.0,1.6,1.0,0.6,0.6,0.2,2.3,2.0,1.1,0.9,0.7,0.2,5.0,1.2,1.6,0.0,0.4,-0.6000000000000001,-0.4999999999999998,-1.0,-0.7,-0.6,-0.30000000000000004,-0.39999999999999997,-0.4,-0.39999999999999997,-0.29999999999999993,0.6000000000000001,0.39999999999999997,1.0,2025-26,20260320|Manchester United|Bournemouth,2,2,4,draw
2026-03-21,Leeds United,Brentford,0.4321063171740544,0.6,0.6,1.0,-0.4,0.0,0.6,1.0,1.1,1.5,-0.4,0.2,0.4,6.0,1.2,1.4,1.6,-0.2,0.2,0.6,1.5,1.4,1.4,0.0,0.4,0.3,5.0,1.4,1.6,0.1,0.0,-0.6,-0.5,-0.7999999999999999,-0.2999999999999998,-0.6000000000000001,0.10000000000000009,-0.2,-0.4,-0.2,-0.2,0.0,0.10000000000000003,1.0,2025-26,20260321|Brentford|Leeds United,0,0,0,draw
2026-03-21,Fulham,Burnley,0.8030237112662929,1.4,1.0,1.2,-0.2,0.4,0.2,1.3,1.2,1.4,-0.2,0.4,0.1,6.0,1.0,1.4,1.8,-0.4,0.2,0.4,0.8,1.2,1.9,-0.7,0.1,0.5,7.0,1.6,0.6,0.1,-1.0,0.3999999999999999,0.5,-0.3999999999999999,0.0,-0.6000000000000001,-0.5,0.2,0.49999999999999994,0.2,0.30000000000000004,-0.2,-0.4,-1.0,2025-26,20260321|Burnley|Fulham,3,1,4,home
2026-03-21,Everton,Chelsea,0.49574734120391567,1.2,1.2,1.4,-0.2,0.4,0.0,1.5,1.2,1.1,0.1,0.4,0.3,7.0,1.0,1.6,1.4,0.2,0.2,0.4,1.7,2.0,1.3,0.7,0.5,0.2,7.0,1.1,1.5,-0.1,0.5,0.19999999999999996,-0.19999999999999996,-0.40000000000000013,-0.8,0.0,-0.19999999999999996,-0.4,-0.6,0.2,-0.09999999999999998,-0.4,0.09999999999999998,0.0,2025-26,20260321|Chelsea|Everton,3,0,3,home
2026-03-21,Brighton and Hove Albion,Liverpool,0.48991208488839333,1.8,1.0,0.6,0.4,0.6,0.0,1.2,0.9,0.9,0.0,0.3,0.3,7.0,2.0,1.8,1.0,0.8,0.6,0.2,1.5,1.7,1.2,0.5,0.4,0.3,6.0,1.3,1.5,0.1,0.0,-0.19999999999999996,-0.30000000000000004,-0.8,-0.7999999999999999,-0.4,-0.29999999999999993,-0.4,-0.5,0.0,-0.10000000000000003,-0.2,0.0,1.0,2025-26,20260321|Liverpool|Brighton and Hove Albion,2,1,3,home
2026-03-22,Tottenham Hotspur,Nottingham Forest,0.5172735392209047,0.2,1.0,2.4,-1.4,0.0,0.2,0.3,1.2,2.3,-1.1,0.0,0.3,7.0,0.6,0.6,1.0,-0.4,0.0,0.6,1.1,0.9,1.0,-0.1,0.2,0.5,7.0,0.6,1.3,-0.7,-0.2,-0.39999999999999997,-0.8,0.4,0.29999999999999993,1.4,1.2999999999999998,-0.9999999999999999,-1.0,0.0,-0.2,-0.39999999999999997,-0.2,0.0,2025-26,20260322|Nottingham Forest|Tottenham Hotspur,0,3,3,away
2026-03-22,Newcastle United,Sunderland,0.6828399134652543,1.8,1.6,1.4,0.2,0.6,0.0,1.3,1.5,1.9,-0.4,0.4,0.1,8.0,0.8,0.6,1.2,-0.6,0.2,0.2,1.0,0.9,1.6,-0.7,0.3,0.1,8.0,1.7,0.7,0.2,-1.1,1.0,0.30000000000000004,1.0,0.6,0.19999999999999996,0.2999999999999998,0.8,0.29999999999999993,0.39999999999999997,0.10000000000000003,-0.2,0.0,0.0,2025-26,20260322|Sunderland|Newcastle United,1,2,3,away
2026-03-22,Aston Villa,West Ham United,0.7609462832883789,0.8,0.8,2.0,-1.2,0.2,0.2,0.9,0.7,1.3,-0.6,0.2,0.3,7.0,1.2,1.0,1.4,-0.4,0.2,0.6,1.5,1.5,1.4,0.1,0.4,0.3,8.0,1.9,1.2,0.5,-0.6,-0.3999999999999999,-0.6,-0.19999999999999996,-0.8,0.6000000000000001,-0.09999999999999987,-0.7999999999999999,-0.7,0.0,-0.2,-0.39999999999999997,0.0,-1.0,2025-26,20260322|West Ham United|Aston Villa,2,0,2,home
2026-04-10,West Ham United,Wolverhampton Wanderers,0.6581901399332512,1.0,0.8,1.6,-0.8,0.2,0.4,1.5,1.4,1.4,0.0,0.4,0.3,19.0,1.6,1.6,1.2,0.4,0.4,0.4,1.0,0.9,1.3,-0.4,0.2,0.4,25.0,1.0,0.4,-0.2,-0.9,-0.6000000000000001,0.5,-0.8,0.4999999999999999,0.40000000000000013,0.09999999999999987,-1.2000000000000002,0.4,-0.2,0.2,0.0,-0.10000000000000003,-6.0,2025-26,20260410|Wolverhampton Wanderers|West Ham United,4,0,4,home
2026-04-11,Arsenal,Bournemouth,0.8339643972974959,2.6,2.2,0.8,1.4,0.8,0.2,2.1,2.1,0.8,1.3,0.6,0.3,28.0,1.0,0.6,0.6,0.0,0.0,1.0,1.6,1.2,0.8,0.4,0.3,0.7,22.0,2.5,1.1,1.5,-0.5,1.6,0.5,1.6,0.9000000000000001,0.20000000000000007,0.0,1.4,0.9,0.8,0.3,-0.8,-0.39999999999999997,6.0,2025-26,20260411|Bournemouth|Arsenal,1,2,3,away
2026-04-11,Burnley,Brighton and Hove Albion,0.2632051597815163,0.4,1.0,2.0,-1.0,0.0,0.4,0.7,1.1,2.0,-0.9,0.1,0.4,21.0,2.4,1.4,0.6,0.8,0.8,0.0,1.4,1.0,0.9,0.1,0.4,0.2,21.0,0.4,1.2,-0.9,0.0,-2.0,-0.7,-0.3999999999999999,0.10000000000000009,1.4,1.1,-1.8,-1.0,-0.8,-0.30000000000000004,0.4,0.2,0.0,2025-26,20260411|Brighton and Hove Albion|Burnley,0,2,2,away
2026-04-11,Brentford,Everton,0.5914757636932769,1.2,1.2,1.4,-0.2,0.2,0.6,1.3,1.1,1.4,-0.3,0.3,0.4,21.0,1.8,1.6,1.0,0.6,0.6,0.0,1.7,1.4,1.0,0.4,0.5,0.2,21.0,1.6,2.0,0.6,0.3,-0.6000000000000001,-0.3999999999999999,-0.40000000000000013,-0.2999999999999998,0.3999999999999999,0.3999999999999999,-0.8,-0.7,-0.39999999999999997,-0.2,0.6,0.2,0.0,2025-26,20260411|Everton|Brentford,2,2,4,draw
2026-04-11,Liverpool,Fulham,0.7182439623977629,1.4,1.8,1.4,0.4,0.4,0.2,1.4,1.8,1.4,0.4,0.4,0.2,21.0,2.0,1.6,0.8,0.8,0.6,0.2,1.3,1.3,1.4,-0.1,0.4,0.1,21.0,1.6,1.4,0.5,-0.2,-0.6000000000000001,0.09999999999999987,0.19999999999999996,0.5,0.5999999999999999,0.0,-0.4,0.5,-0.19999999999999996,0.0,0.0,0.1,0.0,2025-26,20260411|Fulham|Liverpool,2,0,2,home
2026-04-12,Nottingham Forest,Aston Villa,0.4319964170973744,1.0,1.2,1.0,0.2,0.2,0.4,1.1,1.0,0.9,0.1,0.2,0.5,21.0,0.8,1.0,2.0,-1.0,0.2,0.2,1.1,0.9,1.3,-0.4,0.3,0.2,21.0,1.0,1.7,-0.1,-0.1,0.19999999999999996,0.0,0.19999999999999996,0.09999999999999998,-1.0,-0.4,1.2,0.5,0.0,-0.09999999999999998,0.2,0.3,0.0,2025-26,20260412|Aston Villa|Nottingham Forest,1,1,2,draw
2026-04-12,Chelsea,Manchester City,0.4187409550062512,0.8,1.2,1.6,-0.4,0.2,0.2,1.7,1.9,1.4,0.5,0.5,0.2,22.0,2.2,1.8,0.8,1.0,0.6,0.4,1.9,1.6,1.0,0.6,0.5,0.4,29.0,1.6,1.8,0.6,0.4,-1.4000000000000001,-0.19999999999999996,-0.6000000000000001,0.2999999999999998,0.8,0.3999999999999999,-1.4,-0.09999999999999998,-0.39999999999999997,0.0,-0.2,-0.2,-7.0,2025-26,20260412|Manchester City|Chelsea,0,3,3,away
2026-04-12,Crystal Palace,Newcastle United,0.5516017351443633,1.4,1.4,1.2,0.2,0.4,0.2,1.2,1.1,1.2,-0.1,0.3,0.3,28.0,1.2,1.4,1.6,-0.2,0.4,0.0,1.0,1.2,1.8,-0.6,0.3,0.1,21.0,0.7,1.3,-0.7,-0.1,0.19999999999999996,0.19999999999999996,0.0,-0.09999999999999987,-0.40000000000000013,-0.6000000000000001,0.4,0.5,0.0,0.0,0.2,0.19999999999999998,7.0,2025-26,20260412|Newcastle United|Crystal Palace,2,1,3,home
2026-04-12,Sunderland,Tottenham Hotspur,0.733743904400662,1.4,1.0,1.2,-0.2,0.4,0.2,1.3,1.1,1.4,-0.3,0.4,0.1,21.0,0.2,0.8,2.6,-1.8,0.0,0.2,0.3,1.0,2.3,-1.3,0.0,0.3,21.0,1.5,0.7,0.2,-0.9,1.2,1.0,0.19999999999999996,0.10000000000000009,-1.4000000000000001,-0.8999999999999999,1.6,1.0,0.4,0.4,0.0,-0.19999999999999998,0.0,2025-26,20260412|Tottenham Hotspur|Sunderland,1,0,1,home
2026-04-13,Manchester United,Leeds United,0.7793976600089555,2.0,1.8,1.2,0.6,0.6,0.2,2.3,2.0,1.1,0.9,0.7,0.2,24.0,0.6,0.2,0.6,-0.4,0.0,0.6,1.1,0.8,1.1,-0.3,0.2,0.5,23.0,2.1,0.7,0.8,-0.4,1.4,1.1999999999999997,1.6,1.2,0.6,0.0,1.0,1.2,0.6,0.49999999999999994,-0.39999999999999997,-0.3,1.0,2025-26,20260413|Leeds United|Manchester United,1,2,3,away
2026-04-18,Newcastle United,Bournemouth,0.5395707049970361,1.2,1.4,1.6,-0.2,0.4,0.0,0.9,1.3,2.0,-0.7,0.3,0.0,6.0,1.4,1.0,0.8,0.2,0.2,0.8,1.8,1.3,0.8,0.5,0.4,0.6,7.0,1.4,1.4,0.0,0.0,-0.19999999999999996,-0.9,0.3999999999999999,0.0,0.8,1.2,-0.4,-1.2,0.2,-0.10000000000000003,-0.8,-0.6,-1.0,2025-26,20260418|Bournemouth|Newcastle United,1,2,3,away
2026-04-18,Tottenham Hotspur,Brighton and Hove Albion,0.33065455553366807,0.2,0.6,2.0,-1.4,0.0,0.2,0.3,0.9,2.2,-1.3,0.0,0.3,6.0,2.4,1.4,0.6,0.8,0.8,0.0,1.6,1.1,0.8,0.3,0.5,0.1,7.0,0.5,1.4,-1.0,0.2,-2.1999999999999997,-1.3,-0.7999999999999999,-0.20000000000000007,1.4,1.4000000000000001,-2.2,-1.6,-0.8,-0.5,0.2,0.19999999999999998,-1.0,2025-26,20260418|Brighton and Hove Albion|Tottenham Hotspur,2,2,4,draw
2026-04-18,Brentford,Fulham,0.6505992397434494,1.4,1.6,1.4,0.2,0.2,0.8,1.4,1.3,1.4,-0.1,0.3,0.5,7.0,1.4,1.0,1.0,0.0,0.4,0.2,1.3,1.3,1.5,-0.2,0.4,0.1,7.0,1.4,1.4,0.4,-0.2,0.0,0.09999999999999987,0.6000000000000001,0.0,0.3999999999999999,-0.10000000000000009,0.2,0.1,-0.2,-0.10000000000000003,0.6000000000000001,0.4,0.0,2025-26,20260418|Fulham|Brentford,0,0,0,draw
2026-04-18,Chelsea,Manchester United,0.5896618311006069,0.6,1.0,2.0,-1.0,0.2,0.0,1.4,1.7,1.7,0.0,0.4,0.2,6.0,1.4,1.8,1.6,0.2,0.4,0.2,2.0,1.9,1.3,0.6,0.6,0.2,5.0,1.3,1.6,0.0,0.4,-0.7999999999999999,-0.6000000000000001,-0.8,-0.19999999999999996,0.3999999999999999,0.3999999999999999,-1.2,-0.6,-0.2,-0.19999999999999996,-0.2,0.0,1.0,2025-26,20260418|Manchester United|Chelsea,0,1,1,away
2026-04-18,Leeds United,Wolverhampton Wanderers,0.6974974409928483,1.0,0.4,0.6,-0.2,0.2,0.4,1.1,0.9,1.2,-0.3,0.2,0.5,5.0,1.4,1.2,1.6,-0.4,0.4,0.2,0.9,0.9,1.7,-0.8,0.2,0.3,8.0,1.5,0.4,0.2,-1.0,-0.3999999999999999,0.20000000000000007,-0.7999999999999999,0.0,-1.0,-0.5,0.2,0.5,-0.2,0.0,0.2,0.2,-3.0,2025-26,20260418|Wolverhampton Wanderers|Leeds United,3,0,3,home
2026-04-19,Manchester City,Arsenal,0.5773743890749248,2.2,1.8,0.8,1.0,0.6,0.4,2.1,1.8,0.9,0.9,0.6,0.3,7.0,2.4,2.0,0.8,1.2,0.8,0.0,2.0,2.2,1.0,1.2,0.6,0.2,8.0,2.4,1.9,1.6,0.9,-0.19999999999999973,0.10000000000000009,-0.19999999999999996,-0.40000000000000013,0.0,-0.09999999999999998,-0.19999999999999996,-0.29999999999999993,-0.20000000000000007,0.0,0.4,0.09999999999999998,-1.0,2025-26,20260419|Arsenal|Manchester City,2,1,3,home
2026-04-19,Nottingham Forest,Burnley,0.7922471942543509,1.2,1.4,1.0,0.4,0.2,0.6,1.1,1.1,1.0,0.1,0.2,0.5,7.0,0.2,0.8,2.2,-1.4,0.0,0.2,0.6,1.0,2.1,-1.1,0.1,0.3,8.0,0.8,0.6,-0.3,-1.1,1.0,0.5000000000000001,0.5999999999999999,0.10000000000000009,-1.2000000000000002,-1.1,1.7999999999999998,1.2000000000000002,0.2,0.1,0.39999999999999997,0.2,-1.0,2025-26,20260419|Burnley|Nottingham Forest,4,1,5,home
2026-04-19,Everton,Liverpool,0.4982291003232816,2.0,2.0,1.2,0.8,0.6,0.2,1.5,1.5,1.2,0.3,0.4,0.3,8.0,1.4,2.0,1.4,0.6,0.4,0.2,1.6,1.9,1.3,0.6,0.5,0.1,8.0,1.1,1.5,0.0,0.2,0.6000000000000001,-0.10000000000000009,0.0,-0.3999999999999999,-0.19999999999999996,-0.10000000000000009,0.20000000000000007,-0.3,0.19999999999999996,-0.09999999999999998,0.0,0.19999999999999998,0.0,2025-26,20260419|Liverpool|Everton,1,2,3,away
2026-04-19,Aston Villa,Sunderland,0.6966415332945224,0.8,1.0,2.0,-1.0,0.2,0.2,1.2,1.0,1.3,-0.3,0.3,0.3,7.0,2.0,1.0,0.6,0.4,0.6,0.2,1.3,1.0,1.3,-0.3,0.4,0.1,7.0,1.9,1.0,0.3,-0.9,-1.2,-0.10000000000000009,0.0,0.0,1.4,0.0,-1.4,0.0,-0.39999999999999997,-0.10000000000000003,0.0,0.19999999999999998,0.0,2025-26,20260419|Sunderland|Aston Villa,4,3,7,home
2026-04-20,Crystal Palace,West Ham United,0.6782704073490806,2.0,1.4,0.8,0.6,0.6,0.2,1.4,1.3,1.3,0.0,0.4,0.2,8.0,1.4,1.6,1.6,0.0,0.4,0.2,1.5,1.6,1.3,0.3,0.4,0.3,10.0,0.9,1.1,-0.6,-0.8,0.6000000000000001,-0.10000000000000009,-0.20000000000000018,-0.30000000000000004,-0.8,0.0,0.6,-0.3,0.19999999999999996,0.0,0.0,-0.09999999999999998,-2.0,2025-26,20260420|West Ham United|Crystal Palace,0,0,0,draw
2026-04-21,Brighton and Hove Albion,Chelsea,0.6113622941079343,2.0,1.4,0.8,0.6,0.6,0.2,1.7,1.2,0.8,0.4,0.5,0.2,3.0,0.6,0.8,1.8,-1.0,0.2,0.0,1.1,1.4,1.7,-0.3,0.3,0.2,3.0,1.3,1.2,0.1,0.0,1.4,0.5999999999999999,0.5999999999999999,-0.19999999999999996,-1.0,-0.8999999999999999,1.6,0.7,0.39999999999999997,0.2,0.2,0.0,0.0,2025-26,20260421|Chelsea|Brighton and Hove Albion,3,0,3,home
2026-04-22,Bournemouth,Leeds United,0.7262965055106897,1.8,1.2,0.8,0.4,0.4,0.6,1.8,1.2,0.7,0.5,0.4,0.6,4.0,1.6,1.0,0.4,0.6,0.4,0.4,1.3,1.1,1.1,0.0,0.3,0.4,4.0,1.2,1.0,0.0,-0.1,0.19999999999999996,0.5,0.19999999999999996,0.09999999999999987,0.4,-0.40000000000000013,-0.19999999999999996,0.5,0.0,0.10000000000000003,0.19999999999999996,0.19999999999999996,0.0,2025-26,20260422|Leeds United|Bournemouth,2,2,4,draw
2026-04-22,Burnley,Manchester City,0.11180575053542496,0.2,0.4,2.2,-1.8,0.0,0.2,0.5,0.9,2.3,-1.4,0.1,0.2,3.0,2.2,1.8,0.8,1.0,0.6,0.4,2.4,2.0,0.8,1.2,0.7,0.3,3.0,0.4,2.1,-0.9,0.8,-2.0,-1.9,-1.4,-1.1,1.4000000000000001,1.4999999999999998,-2.8,-2.5999999999999996,-0.6,-0.6,-0.2,-0.09999999999999998,0.0,2025-26,20260422|Manchester City|Burnley,0,1,1,away
2026-04-24,Sunderland,Nottingham Forest,0.6130379252409501,1.8,1.4,1.2,0.2,0.6,0.0,1.3,1.2,1.4,-0.2,0.4,0.1,5.0,1.8,2.0,0.8,1.2,0.4,0.6,1.1,1.3,1.1,0.2,0.2,0.5,5.0,1.7,1.3,0.3,-0.2,0.0,0.19999999999999996,-0.6000000000000001,-0.10000000000000009,0.3999999999999999,0.2999999999999998,-1.0,-0.4,0.19999999999999996,0.2,-0.6,-0.4,0.0,2025-26,20260424|Nottingham Forest|Sunderland,0,5,5,away
2026-04-25,Fulham,Aston Villa,0.46257841481986484,1.0,0.6,0.8,-0.2,0.2,0.4,1.1,1.1,1.4,-0.3,0.3,0.2,7.0,1.4,1.8,2.2,-0.4,0.4,0.2,1.2,1.2,1.6,-0.4,0.3,0.3,6.0,1.6,1.5,0.2,-0.2,-0.3999999999999999,-0.09999999999999987,-1.2000000000000002,-0.09999999999999987,-1.4000000000000001,-0.20000000000000018,0.2,0.10000000000000003,-0.2,0.0,0.2,-0.09999999999999998,1.0,2025-26,20260425|Aston Villa|Fulham,1,0,1,home
2026-04-25,Liverpool,Crystal Palace,0.740906181172656,1.4,1.4,1.2,0.2,0.4,0.2,1.9,1.9,1.1,0.8,0.6,0.1,6.0,1.6,1.2,0.8,0.4,0.4,0.4,1.5,1.2,1.1,0.1,0.4,0.3,5.0,1.9,1.6,1.0,0.0,-0.20000000000000018,0.3999999999999999,0.19999999999999996,0.7,0.3999999999999999,0.0,-0.2,0.7000000000000001,0.0,0.19999999999999996,-0.2,-0.19999999999999998,1.0,2025-26,20260425|Crystal Palace|Liverpool,3,1,4,home
2026-04-25,West Ham United,Everton,0.4776871191885582,1.6,1.2,0.6,0.6,0.4,0.4,1.3,1.3,1.2,0.1,0.3,0.4,5.0,1.4,1.6,1.2,0.4,0.4,0.2,1.4,1.5,1.3,0.2,0.4,0.2,6.0,1.0,1.8,0.1,0.2,0.20000000000000018,-0.09999999999999987,-0.40000000000000013,-0.19999999999999996,-0.6,-0.10000000000000009,0.19999999999999996,-0.1,0.0,-0.10000000000000003,0.2,0.2,-1.0,2025-26,20260425|Everton|West Ham United,2,1,3,home
2026-04-25,Arsenal,Newcastle United,0.8305534217501196,1.8,1.4,1.0,0.4,0.6,0.0,2.0,2.1,0.9,1.2,0.6,0.2,6.0,1.2,1.2,1.4,-0.2,0.4,0.0,0.9,1.4,2.0,-0.6,0.3,0.0,7.0,2.2,1.3,1.1,0.0,0.6000000000000001,1.1,0.19999999999999996,0.7000000000000002,-0.3999999999999999,-1.1,0.6000000000000001,1.7999999999999998,0.19999999999999996,0.3,0.0,0.2,-1.0,2025-26,20260425|Newcastle United|Arsenal,1,0,1,home
2026-04-25,Wolverhampton Wanderers,Tottenham Hotspur,0.5660805380108181,1.4,1.2,2.0,-0.8,0.4,0.2,0.9,0.9,1.8,-0.9,0.2,0.3,7.0,0.4,0.8,2.0,-1.2,0.0,0.4,0.3,0.9,2.2,-1.3,0.0,0.3,7.0,1.1,0.7,-0.4,-0.7,0.9999999999999999,0.6000000000000001,0.3999999999999999,0.0,0.0,-0.40000000000000013,0.3999999999999999,0.4,0.4,0.2,-0.2,0.0,0.0,2025-26,20260425|Tottenham Hotspur|Wolverhampton Wanderers,0,1,1,away
2026-04-27,Manchester United,Brentford,0.6542044297913752,1.4,1.6,1.4,0.2,0.4,0.2,2.0,1.7,1.1,0.6,0.6,0.2,9.0,1.0,0.8,0.8,0.0,0.0,1.0,1.5,1.3,1.2,0.1,0.3,0.6,9.0,2.1,1.7,0.8,0.1,0.3999999999999999,0.5,0.8,0.3999999999999999,0.5999999999999999,-0.09999999999999987,0.2,0.5,0.4,0.3,-0.8,-0.39999999999999997,0.0,2025-26,20260427|Brentford|Manchester United,2,1,3,home
2026-05-01,Leeds United,Burnley,0.7967519970646677,1.8,1.4,0.6,0.8,0.4,0.6,1.4,1.3,0.9,0.4,0.3,0.5,9.0,0.2,0.4,2.0,-1.6,0.0,0.2,0.5,0.9,2.1,-1.2,0.1,0.2,9.0,1.5,0.6,0.3,-1.2,1.6,0.8999999999999999,0.9999999999999999,0.4,-1.4,-1.2000000000000002,2.4000000000000004,1.6,0.4,0.19999999999999998,0.39999999999999997,0.3,0.0,2025-26,20260501|Burnley|Leeds United,3,1,4,home
2026-05-02,Newcastle United,Brighton and Hove Albion,0.48204629599244164,0.6,0.8,1.4,-0.6,0.2,0.0,0.9,1.3,1.7,-0.4,0.3,0.0,7.0,2.6,2.0,0.6,1.4,0.8,0.2,1.9,1.4,0.7,0.7,0.6,0.1,11.0,1.3,1.2,-0.1,0.0,-2.0,-0.9999999999999999,-1.2,-0.09999999999999987,0.7999999999999999,1.0,-2.0,-1.1,-0.6000000000000001,-0.3,-0.2,-0.1,-4.0,2025-26,20260502|Brighton and Hove Albion|Newcastle United,3,1,4,home
2026-05-02,Arsenal,Fulham,0.8234536516617406,1.8,1.2,0.8,0.4,0.6,0.0,2.0,1.8,0.9,0.9,0.6,0.2,7.0,1.6,0.8,0.6,0.2,0.4,0.4,1.4,1.0,1.1,-0.1,0.4,0.2,7.0,2.2,1.2,1.0,-0.3,0.19999999999999996,0.6000000000000001,0.3999999999999999,0.8,0.20000000000000007,-0.20000000000000007,0.2,1.0,0.19999999999999996,0.19999999999999996,-0.4,0.0,0.0,2025-26,20260502|Fulham|Arsenal,3,0,3,home
2026-05-02,Wolverhampton Wanderers,Sunderland,0.41634479262548885,0.8,0.8,2.2,-1.4,0.2,0.2,0.9,0.9,1.7,-0.8,0.2,0.3,7.0,1.2,1.2,2.2,-1.0,0.4,0.0,1.0,0.9,1.9,-1.0,0.3,0.1,8.0,1.1,0.9,-0.4,-1.0,-0.3999999999999999,-0.09999999999999998,-0.3999999999999999,0.0,0.0,-0.19999999999999996,-0.3999999999999999,0.19999999999999996,-0.2,-0.09999999999999998,0.2,0.19999999999999998,-1.0,2025-26,20260502|Sunderland|Wolverhampton Wanderers,1,1,2,draw
2026-05-02,Brentford,West Ham United,0.6748570229674997,0.8,1.0,1.2,-0.2,0.0,0.8,1.2,1.3,1.4,-0.1,0.2,0.6,5.0,1.6,1.4,0.8,0.6,0.4,0.4,1.6,1.3,1.0,0.3,0.4,0.4,7.0,1.2,1.1,0.2,-0.8,-0.8,-0.40000000000000013,-0.3999999999999999,0.0,0.3999999999999999,0.3999999999999999,-0.8,-0.4,-0.4,-0.2,0.4,0.19999999999999996,-2.0,2025-26,20260502|West Ham United|Brentford,3,0,3,home
2026-05-03,Bournemouth,Crystal Palace,0.6768268582959245,1.8,1.6,1.2,0.4,0.4,0.6,1.6,1.2,0.9,0.3,0.3,0.7,11.0,1.6,1.2,1.0,0.2,0.4,0.4,1.5,1.2,1.1,0.1,0.4,0.3,8.0,1.3,1.3,0.1,-0.4,0.19999999999999996,0.10000000000000009,0.40000000000000013,0.0,0.19999999999999996,-0.20000000000000007,0.2,0.19999999999999998,0.0,-0.10000000000000003,0.19999999999999996,0.39999999999999997,3.0,2025-26,20260503|Crystal Palace|Bournemouth,3,0,3,home
2026-05-03,Manchester United,Liverpool,0.5344860311810584,2.0,1.8,1.2,0.6,0.6,0.2,2.0,1.6,1.0,0.6,0.6,0.2,6.0,2.0,1.8,1.0,0.8,0.6,0.2,1.9,1.8,1.1,0.7,0.6,0.1,8.0,2.3,1.5,0.9,0.1,0.0,0.10000000000000009,0.0,-0.19999999999999996,0.19999999999999996,-0.10000000000000009,-0.20000000000000007,-0.09999999999999998,0.0,0.0,0.0,0.1,-2.0,2025-26,20260503|Liverpool|Manchester United,3,2,5,home
2026-05-03,Aston Villa,Tottenham Hotspur,0.8031468634707299,1.4,1.6,1.6,0.0,0.4,0.2,1.2,1.2,1.6,-0.4,0.3,0.3,8.0,1.0,0.8,1.4,-0.6,0.2,0.4,0.5,0.8,2.0,-1.2,0.1,0.2,8.0,1.9,0.9,0.3,-0.6,0.3999999999999999,0.7,0.8,0.3999999999999999,0.20000000000000018,-0.3999999999999999,0.6,0.7999999999999999,0.2,0.19999999999999998,-0.2,0.09999999999999998,0.0,2025-26,20260503|Tottenham Hotspur|Aston Villa,1,2,3,away
2026-05-04,Everton,Manchester City,0.3023182592654481,0.8,1.4,1.6,-0.2,0.2,0.2,1.3,1.5,1.4,0.1,0.4,0.1,9.0,2.2,1.8,0.8,1.0,0.6,0.4,2.4,1.9,0.8,1.1,0.7,0.3,12.0,1.1,2.1,0.2,0.8,-1.4000000000000001,-1.0999999999999999,-0.40000000000000013,-0.3999999999999999,0.8,0.5999999999999999,-1.2,-1.0,-0.39999999999999997,-0.29999999999999993,-0.2,-0.19999999999999998,-3.0,2025-26,20260504|Manchester City|Everton,3,3,6,draw
2026-05-04,Chelsea,Nottingham Forest,0.6349951341476378,0.0,0.0,2.2,-2.2,0.0,0.0,0.8,1.1,1.8,-0.7,0.2,0.2,13.0,2.2,2.6,0.4,2.2,0.6,0.4,1.3,1.7,1.0,0.7,0.3,0.4,10.0,1.2,1.3,-0.1,0.2,-2.2,-0.5,-2.6,-0.5999999999999999,1.8000000000000003,0.8,-4.4,-1.4,-0.6,-0.09999999999999998,-0.4,-0.2,3.0,2025-26,20260504|Nottingham Forest|Chelsea,1,3,4,away
2026-05-09,Fulham,Bournemouth,0.5012140065391224,1.4,0.8,1.2,-0.4,0.4,0.2,1.4,0.9,1.2,-0.3,0.4,0.2,7.0,2.2,2.2,1.2,1.0,0.6,0.4,1.8,1.4,0.8,0.6,0.4,0.6,6.0,1.9,1.7,0.4,0.2,-0.8000000000000003,-0.40000000000000013,-1.4000000000000001,-0.4999999999999999,0.0,0.3999999999999999,-1.4,-0.8999999999999999,-0.19999999999999996,0.0,-0.2,-0.39999999999999997,1.0,2025-26,20260509|Bournemouth|Fulham,0,1,1,away
2026-05-09,Manchester City,Brentford,0.8087637177264387,2.2,2.0,1.0,1.0,0.6,0.4,2.4,2.0,0.9,1.1,0.7,0.3,5.0,1.2,1.2,0.8,0.4,0.2,0.6,1.2,1.3,1.2,0.1,0.2,0.6,7.0,2.4,1.7,1.4,0.2,1.0000000000000002,1.2,0.8,0.7,0.19999999999999996,-0.29999999999999993,0.6,1.0,0.39999999999999997,0.49999999999999994,-0.19999999999999996,-0.3,-2.0,2025-26,20260509|Brentford|Manchester City,3,0,3,home
2026-05-09,Liverpool,Chelsea,0.7246288607787396,1.8,2.0,1.4,0.6,0.6,0.0,1.9,1.9,1.2,0.7,0.6,0.1,6.0,0.0,0.2,2.6,-2.4,0.0,0.0,0.5,0.9,2.0,-1.1,0.1,0.2,5.0,2.1,1.2,1.2,-0.1,1.8,1.4,1.8,0.9999999999999999,-1.2000000000000002,-0.8,3.0,1.8,0.6,0.5,0.0,-0.1,1.0,2025-26,20260509|Chelsea|Liverpool,1,1,2,draw
2026-05-09,Sunderland,Manchester United,0.4025965458224707,1.4,1.4,2.2,-0.8,0.4,0.2,1.1,1.0,1.7,-0.7,0.3,0.2,7.0,2.0,1.8,1.4,0.4,0.6,0.2,2.0,1.7,1.2,0.5,0.6,0.2,6.0,1.4,1.6,-0.3,0.4,-0.6000000000000001,-0.8999999999999999,-0.40000000000000013,-0.7,0.8000000000000003,0.5,-1.2000000000000002,-1.2,-0.19999999999999996,-0.3,0.0,0.0,1.0,2025-26,20260509|Manchester United|Sunderland,0,0,0,draw
2026-05-09,Brighton and Hove Albion,Wolverhampton Wanderers,0.8285507857547256,2.0,2.0,1.2,0.8,0.6,0.2,1.9,1.5,0.9,0.6,0.6,0.1,7.0,0.4,0.6,2.2,-1.6,0.0,0.4,1.0,0.9,1.5,-0.6,0.2,0.4,7.0,1.6,0.4,0.5,-1.2,1.6,0.8999999999999999,1.4,0.6,-1.0000000000000002,-0.6,2.4000000000000004,1.2,0.6,0.39999999999999997,-0.2,-0.30000000000000004,0.0,2025-26,20260509|Wolverhampton Wanderers|Brighton and Hove Albion,3,0,3,home
2026-05-10,West Ham United,Arsenal,0.23637023574171137,1.4,1.2,1.2,0.0,0.4,0.2,1.3,1.1,1.3,-0.2,0.3,0.4,8.0,1.8,1.6,0.8,0.8,0.6,0.0,2.0,1.8,0.9,0.9,0.6,0.2,8.0,1.3,1.8,0.4,0.8,-0.40000000000000013,-0.7,-0.40000000000000013,-0.7,0.3999999999999999,0.4,-0.8,-1.1,-0.19999999999999996,-0.3,0.2,0.2,0.0,2025-26,20260510|Arsenal|West Ham United,0,1,1,away
2026-05-10,Burnley,Aston Villa,0.2405005337339759,0.0,0.6,2.6,-2.0,0.0,0.0,0.5,1.0,2.2,-1.2,0.1,0.2,9.0,1.4,1.6,1.4,0.2,0.4,0.2,1.1,1.2,1.7,-0.5,0.3,0.2,7.0,0.4,1.2,-0.9,-0.4,-1.4,-0.6000000000000001,-1.0,-0.19999999999999996,1.2000000000000002,0.5000000000000002,-2.2,-0.7,-0.4,-0.19999999999999998,-0.2,0.0,2.0,2025-26,20260510|Aston Villa|Burnley,2,2,4,draw
2026-05-10,Crystal Palace,Everton,0.5452501439456849,1.0,0.6,1.4,-0.8,0.2,0.4,1.4,1.1,1.3,-0.2,0.4,0.2,7.0,1.0,2.0,1.8,0.2,0.2,0.4,1.1,1.6,1.6,0.0,0.3,0.2,6.0,1.0,1.5,-0.5,0.0,0.0,0.2999999999999998,-1.4,-0.5,-0.40000000000000013,-0.30000000000000004,-1.0,-0.2,0.0,0.10000000000000003,0.0,0.0,1.0,2025-26,20260510|Everton|Crystal Palace,2,2,4,draw
2026-05-10,Nottingham Forest,Newcastle United,0.6072541805108164,2.6,3.2,0.6,2.6,0.8,0.2,1.6,1.9,0.8,1.1,0.4,0.4,6.0,0.6,1.2,1.6,-0.4,0.2,0.0,1.2,1.4,1.5,-0.1,0.4,0.0,8.0,1.1,1.0,0.2,-0.4,2.0,0.40000000000000013,2.0,0.5,-1.0,-0.7,3.0,1.2000000000000002,0.6000000000000001,0.0,0.2,0.4,-2.0,2025-26,20260510|Newcastle United|Nottingham Forest,1,1,2,draw
2026-05-11,Tottenham Hotspur,Leeds United,0.5133297074087431,1.4,1.0,1.4,-0.4,0.4,0.2,0.8,1.0,1.9,-0.9,0.2,0.2,8.0,2.2,2.0,0.8,1.2,0.6,0.4,1.4,1.3,0.9,0.4,0.3,0.5,10.0,0.6,1.1,-0.9,0.0,-0.8000000000000003,-0.5999999999999999,-1.0,-0.30000000000000004,0.5999999999999999,0.9999999999999999,-1.6,-1.3,-0.19999999999999996,-0.09999999999999998,-0.2,-0.3,-2.0,2025-26,20260511|Leeds United|Tottenham Hotspur,1,1,2,draw
2026-05-13,Manchester City,Crystal Palace,0.8538169750679341,2.6,2.4,0.8,1.6,0.8,0.2,2.4,2.1,0.8,1.3,0.7,0.3,4.0,1.0,1.0,1.8,-0.8,0.2,0.4,1.2,1.2,1.5,-0.3,0.3,0.3,3.0,2.4,1.0,1.6,-0.8,1.6,1.2,1.4,0.9000000000000001,-1.0,-0.7,2.4000000000000004,1.6,0.6000000000000001,0.39999999999999997,-0.2,0.0,1.0,2025-26,20260513|Crystal Palace|Manchester City,3,0,3,home
2026-05-15,Aston Villa,Liverpool,0.4998204974556133,1.0,1.6,1.8,-0.2,0.2,0.4,0.9,1.3,1.9,-0.6,0.2,0.3,5.0,2.0,2.0,1.2,0.8,0.6,0.2,1.7,1.9,1.3,0.6,0.5,0.2,6.0,1.6,1.4,0.1,0.0,-1.0,-0.7999999999999999,-0.3999999999999999,-0.5999999999999999,0.6000000000000001,0.5999999999999999,-1.0,-1.2,-0.39999999999999997,-0.3,0.2,0.09999999999999998,-1.0,2025-26,20260515|Liverpool|Aston Villa,4,2,6,home
2026-05-17,Leeds United,Brighton and Hove Albion,0.46495958511518665,2.2,2.2,1.0,1.2,0.6,0.4,1.4,1.2,0.8,0.4,0.3,0.5,6.0,2.0,2.2,1.0,1.2,0.6,0.2,2.2,1.8,0.8,1.0,0.7,0.1,8.0,1.7,1.2,0.5,0.0,0.20000000000000018,-0.8000000000000003,0.0,-0.6000000000000001,0.0,0.0,0.0,-0.6,0.0,-0.39999999999999997,0.2,0.4,-2.0,2025-26,20260517|Brighton and Hove Albion|Leeds United,1,0,1,home
2026-05-17,Brentford,Crystal Palace,0.6576037317391035,1.0,1.2,1.4,-0.2,0.2,0.4,1.1,1.2,1.4,-0.2,0.2,0.5,8.0,0.4,0.6,2.2,-1.6,0.0,0.4,1.2,1.0,1.5,-0.5,0.3,0.3,4.0,1.4,0.7,0.5,-1.2,0.6,-0.09999999999999987,0.6,0.19999999999999996,-0.8000000000000003,-0.10000000000000009,1.4000000000000001,0.3,0.2,-0.09999999999999998,0.0,0.2,4.0,2025-26,20260517|Crystal Palace|Brentford,2,2,4,draw
2026-05-17,Wolverhampton Wanderers,Fulham,0.3791109579364239,0.2,0.2,2.4,-2.2,0.0,0.2,0.9,0.9,1.8,-0.9,0.2,0.3,8.0,0.8,0.2,1.2,-1.0,0.2,0.2,1.4,0.9,1.0,-0.1,0.4,0.2,8.0,1.2,0.9,-0.1,-0.7,-0.6000000000000001,-0.4999999999999999,0.0,0.0,1.2,0.8,-1.2000000000000002,-0.8,-0.2,-0.2,0.0,0.09999999999999998,0.0,2025-26,20260517|Fulham|Wolverhampton Wanderers,1,1,2,draw
2026-05-17,Manchester United,Nottingham Forest,0.6982392153688897,2.0,1.4,1.0,0.4,0.6,0.2,2.0,1.6,1.1,0.5,0.6,0.2,8.0,2.2,2.8,0.8,2.0,0.6,0.4,1.6,2.0,0.9,1.1,0.4,0.4,7.0,2.5,1.6,1.0,0.7,-0.20000000000000018,0.3999999999999999,-1.4,-0.3999999999999999,0.19999999999999996,0.20000000000000007,-1.6,-0.6000000000000001,0.0,0.19999999999999996,-0.2,-0.2,1.0,2025-26,20260517|Nottingham Forest|Manchester United,3,2,5,home
2026-05-17,Everton,Sunderland,0.6607043284592478,0.6,1.8,2.2,-0.4,0.0,0.6,1.2,1.7,1.6,0.1,0.3,0.3,7.0,1.0,1.0,2.0,-1.0,0.2,0.4,1.2,1.0,1.6,-0.6,0.3,0.3,8.0,0.9,1.0,-0.1,-0.7,-0.4,0.0,0.8,0.7,0.20000000000000018,0.0,0.6,0.7,-0.2,0.0,0.19999999999999996,0.0,-1.0,2025-26,20260517|Sunderland|Everton,1,3,4,away
2026-05-17,Newcastle United,West Ham United,0.6813871116001297,0.8,1.2,1.4,-0.2,0.2,0.2,1.0,1.3,1.5,-0.2,0.3,0.1,7.0,1.4,1.2,1.0,0.2,0.4,0.2,1.2,1.0,1.3,-0.3,0.3,0.3,7.0,1.3,1.0,0.0,-1.1,-0.5999999999999999,-0.19999999999999996,0.0,0.30000000000000004,0.3999999999999999,0.19999999999999996,-0.4,0.09999999999999998,-0.2,0.0,0.0,-0.19999999999999998,0.0,2025-26,20260517|West Ham United|Newcastle United,3,1,4,home
2026-05-18,Arsenal,Burnley,0.9460571320278867,1.8,1.4,0.8,0.6,0.6,0.0,2.2,1.8,0.8,1.0,0.7,0.1,8.0,0.2,0.8,2.4,-1.6,0.0,0.2,0.3,0.9,2.2,-1.3,0.0,0.3,8.0,2.2,0.6,1.2,-1.3,1.6,1.9000000000000001,0.5999999999999999,0.9,-1.5999999999999999,-1.4000000000000001,2.2,2.3,0.6,0.7,-0.2,-0.19999999999999998,0.0,2025-26,20260518|Burnley|Arsenal,1,0,1,home
2026-05-19,Bournemouth,Manchester City,0.38374615516685195,2.6,2.0,0.8,1.2,0.8,0.2,1.8,1.3,0.7,0.6,0.4,0.6,10.0,2.6,2.4,0.8,1.6,0.8,0.2,2.4,2.1,0.8,1.3,0.7,0.3,6.0,1.5,1.9,0.4,0.5,0.0,-0.5999999999999999,-0.3999999999999999,-0.8,0.0,-0.10000000000000009,-0.40000000000000013,-0.7000000000000001,0.0,-0.29999999999999993,0.0,0.3,4.0,2025-26,20260519|Manchester City|Bournemouth,1,1,2,draw
2026-05-19,Chelsea,Tottenham Hotspur,0.7245426499062615,0.2,0.4,2.2,-1.8,0.0,0.2,0.5,0.8,1.9,-1.1,0.1,0.2,10.0,1.6,1.2,1.0,0.2,0.4,0.4,0.9,1.0,1.8,-0.8,0.2,0.3,8.0,0.9,1.2,-0.5,-0.2,-1.4000000000000001,-0.4,-0.7999999999999999,-0.19999999999999996,1.2000000000000002,0.09999999999999987,-2.0,-0.30000000000000004,-0.4,-0.1,-0.2,-0.09999999999999998,2.0,2025-26,20260519|Tottenham Hotspur|Chelsea,2,1,3,home
2026-05-24,Crystal Palace,Arsenal,0.2627008410795701,0.4,1.0,2.6,-1.6,0.0,0.4,1.0,1.1,1.7,-0.6,0.2,0.4,7.0,2.4,1.4,0.4,1.0,0.8,0.0,2.4,1.7,0.6,1.1,0.8,0.0,6.0,1.1,2.1,-0.2,1.0,-2.0,-1.4,-0.3999999999999999,-0.5999999999999999,2.2,1.1,-2.6,-1.7000000000000002,-0.8,-0.6000000000000001,0.4,0.4,1.0,2025-26,20260524|Arsenal|Crystal Palace,1,2,3,away
2026-05-24,Manchester City,Aston Villa,0.7918758513742963,2.2,2.2,0.8,1.4,0.6,0.4,2.2,2.0,0.8,1.2,0.6,0.4,5.0,1.4,2.2,2.0,0.2,0.4,0.2,1.1,1.6,2.0,-0.4,0.3,0.2,9.0,2.4,1.0,1.6,-0.5,0.8000000000000003,1.1,0.0,0.3999999999999999,-1.2,-1.2,1.2,1.6,0.19999999999999996,0.3,0.2,0.2,-4.0,2025-26,20260524|Aston Villa|Manchester City,1,2,3,away
2026-05-24,Nottingham Forest,Bournemouth,0.4828015689489555,2.0,3.0,1.2,1.8,0.6,0.2,1.6,2.2,1.1,1.1,0.4,0.4,7.0,2.2,1.8,0.8,1.0,0.6,0.4,1.8,1.4,0.8,0.6,0.4,0.6,5.0,0.9,1.9,-0.1,0.3,-0.20000000000000018,-0.19999999999999996,1.2,0.8000000000000003,0.3999999999999999,0.30000000000000004,0.8,0.5000000000000001,0.0,0.0,-0.2,-0.19999999999999996,2.0,2025-26,20260524|Bournemouth|Nottingham Forest,1,1,2,draw
2026-05-24,Liverpool,Brentford,0.6874992427526059,1.4,2.0,2.0,0.0,0.4,0.2,1.4,2.0,1.7,0.3,0.4,0.2,9.0,1.0,1.2,1.4,-0.2,0.2,0.4,1.2,1.4,1.4,0.0,0.2,0.6,7.0,1.9,1.7,1.0,0.1,0.3999999999999999,0.19999999999999996,0.8,0.6000000000000001,0.6000000000000001,0.30000000000000004,0.2,0.3,0.2,0.2,-0.2,-0.39999999999999997,2.0,2025-26,20260524|Brentford|Liverpool,1,1,2,draw
2026-05-24,Sunderland,Chelsea,0.5398538350293463,1.0,1.4,2.2,-0.8,0.2,0.4,1.5,1.2,1.4,-0.2,0.4,0.3,7.0,0.8,0.8,1.8,-1.0,0.2,0.2,0.7,0.9,1.9,-1.0,0.2,0.1,5.0,1.2,1.2,-0.4,-0.1,0.19999999999999996,0.8,0.5999999999999999,0.29999999999999993,0.40000000000000013,-0.5,0.19999999999999996,0.8,0.0,0.2,0.2,0.19999999999999998,2.0,2025-26,20260524|Chelsea|Sunderland,2,1,3,home
2026-05-24,Tottenham Hotspur,Everton,0.46120618985006245,1.6,1.4,1.2,0.2,0.4,0.4,0.9,1.0,1.6,-0.6,0.2,0.3,5.0,0.4,1.6,2.4,-0.8,0.0,0.4,1.2,1.8,1.8,0.0,0.3,0.3,7.0,0.4,1.6,-1.1,0.2,1.2000000000000002,-0.29999999999999993,-0.20000000000000018,-0.8,-1.2,-0.19999999999999996,1.0,-0.6,0.4,-0.09999999999999998,0.0,0.0,-2.0,2025-26,20260524|Everton|Tottenham Hotspur,1,0,1,home
2026-05-24,West Ham United,Leeds United,0.5198468339624247,0.8,0.6,1.6,-1.0,0.2,0.2,1.1,1.1,1.6,-0.5,0.3,0.2,7.0,2.2,2.0,0.8,1.2,0.6,0.4,1.6,1.2,0.7,0.5,0.4,0.4,7.0,1.3,1.1,0.4,0.0,-1.4000000000000001,-0.5,-1.4,-0.09999999999999987,0.8,0.9000000000000001,-2.2,-1.0,-0.39999999999999997,-0.10000000000000003,-0.2,-0.2,0.0,2025-26,20260524|Leeds United|West Ham United,3,0,3,home
2026-05-24,Brighton and Hove Albion,Manchester United,0.5084742957780436,1.4,1.8,1.2,0.6,0.4,0.2,1.9,1.6,0.9,0.7,0.6,0.1,7.0,2.6,1.8,1.0,0.8,0.8,0.2,2.0,1.8,1.3,0.5,0.6,0.2,7.0,1.8,1.4,0.8,0.1,-1.2000000000000002,-0.10000000000000009,0.0,-0.19999999999999996,0.19999999999999996,-0.4,-0.20000000000000007,0.19999999999999996,-0.4,0.0,0.0,-0.1,0.0,2025-26,20260524|Manchester United|Brighton and Hove Albion,0,3,3,away
2026-05-24,Fulham,Newcastle United,0.5475259650322105,1.0,0.4,1.0,-0.6,0.2,0.4,1.2,0.7,1.0,-0.3,0.3,0.3,7.0,1.4,1.6,1.2,0.4,0.4,0.2,1.3,1.5,1.4,0.1,0.4,0.1,7.0,1.9,1.1,0.4,-0.3,-0.3999999999999999,-0.10000000000000009,-1.2000000000000002,-0.8,-0.19999999999999996,-0.3999999999999999,-1.0,-0.4,-0.2,-0.10000000000000003,0.2,0.19999999999999998,0.0,2025-26,20260524|Newcastle United|Fulham,2,0,2,home
2026-05-24,Burnley,Wolverhampton Wanderers,0.5181504769784426,0.2,0.8,2.2,-1.4,0.0,0.2,0.2,0.8,2.2,-1.4,0.0,0.2,6.0,0.4,0.4,1.8,-1.4,0.0,0.4,0.9,0.8,1.7,-0.9,0.2,0.3,7.0,0.5,0.4,-0.8,-1.4,-0.2,-0.7,0.4,0.0,0.40000000000000013,0.5000000000000002,0.0,-0.4999999999999999,0.0,-0.2,-0.2,-0.09999999999999998,-1.0,2025-26,20260524|Wolverhampton Wanderers|Burnley,1,1,2,draw
2026-08-21,Arsenal,Coventry,0.8819459440023683,3.0,1.6,0.2,1.4,1.0,0.0,2.4,1.5,0.6,0.9,0.8,0.0,89.0,,,,,,,,,,,,,,2.2,,1.2,,,,,,,,,,,,,,,2026-27,20260821|Coventry|Arsenal,3,0,3,home
2026-08-22,Everton,Crystal Palace,0.6056661592536134,0.4,1.4,2.2,-0.8,0.0,0.4,0.9,1.5,1.7,-0.2,0.2,0.3,90.0,0.4,1.0,2.4,-1.4,0.0,0.4,1.0,1.1,1.7,-0.6,0.2,0.4,90.0,0.9,0.8,-0.2,-0.9,0.0,-0.09999999999999998,0.3999999999999999,0.3999999999999999,-0.19999999999999973,0.0,0.5999999999999999,0.39999999999999997,0.0,0.0,0.0,-0.10000000000000003,0.0,2026-27,20260822|Crystal Palace|Everton,2,0,2,home
2026-08-22,Nottingham Forest,Leeds United,0.6451698244174445,1.6,2.4,1.2,1.2,0.4,0.4,1.7,2.2,1.0,1.2,0.4,0.5,90.0,1.6,1.4,1.4,0.0,0.4,0.4,1.6,1.2,0.9,0.3,0.4,0.4,90.0,1.0,1.0,0.0,-0.3,0.0,0.09999999999999987,1.0,1.0000000000000002,-0.19999999999999996,0.09999999999999998,1.2,0.8999999999999999,0.0,0.0,0.0,0.09999999999999998,0.0,2026-27,20260822|Leeds United|Nottingham Forest,0,1,1,away
2026-08-22,Hull,Manchester United,0.3500998789188275,,,,,,,,,,,,,,2.6,2.2,1.0,1.2,0.8,0.2,2.0,1.9,1.2,0.7,0.6,0.2,90.0,,1.7,,0.5,,,,,,,,,,,,,,2026-27,20260822|Manchester United|Hull,2,0,2,home
2026-08-22,Ipswich,Sunderland,0.3252765306650478,0.2,0.6,2.2,-1.6,0.0,0.2,0.5,1.0,2.4,-1.4,0.1,0.2,454.0,1.6,1.2,1.6,-0.4,0.4,0.4,1.7,1.3,1.4,-0.1,0.5,0.2,90.0,0.3,1.2,-2.0,-0.5,-1.4000000000000001,-1.2,-0.6,-0.30000000000000004,0.6000000000000001,1.0,-1.2000000000000002,-1.2999999999999998,-0.4,-0.4,-0.2,0.0,364.0,2026-27,20260822|Sunderland|Ipswich,2,1,3,home
2026-08-22,Brentford,Tottenham Hotspur,0.7278212754364924,1.0,1.4,1.6,-0.2,0.2,0.4,1.0,1.1,1.2,-0.1,0.1,0.7,90.0,2.0,1.2,0.8,0.4,0.6,0.2,1.2,1.0,1.4,-0.4,0.3,0.3,90.0,1.2,0.9,0.2,-0.4,-1.0,-0.19999999999999996,0.19999999999999996,0.10000000000000009,0.8,-0.19999999999999996,-0.6000000000000001,0.30000000000000004,-0.39999999999999997,-0.19999999999999998,0.2,0.39999999999999997,0.0,2026-27,20260822|Tottenham Hotspur|Brentford,3,0,3,home
2026-08-23,Brighton and Hove Albion,Aston Villa,0.5193299179528325,1.2,1.4,1.4,0.0,0.4,0.0,1.6,1.4,1.1,0.3,0.5,0.1,91.0,1.4,1.8,1.6,0.2,0.4,0.2,1.4,1.8,1.9,-0.1,0.4,0.2,91.0,1.7,1.0,0.5,-0.5,-0.19999999999999996,0.20000000000000018,-0.40000000000000013,-0.40000000000000013,-0.20000000000000018,-0.7999999999999998,-0.2,0.4,0.0,0.09999999999999998,-0.2,-0.1,0.0,2026-27,20260823|Aston Villa|Brighton and Hove Albion,4,0,4,home
2026-08-23,Manchester City,Bournemouth,0.744547823856928,1.6,2.2,1.2,1.0,0.4,0.4,1.9,2.0,1.0,1.0,0.5,0.4,91.0,1.8,1.6,0.8,0.8,0.4,0.6,1.8,1.4,0.8,0.6,0.4,0.6,91.0,2.1,2.0,1.2,0.6,-0.19999999999999996,0.09999999999999987,0.6000000000000001,0.6000000000000001,0.3999999999999999,0.19999999999999996,0.19999999999999996,0.4,0.0,0.09999999999999998,-0.19999999999999996,-0.19999999999999996,0.0,2026-27,20260823|Bournemouth|Manchester City,2,1,3,home
2026-08-23,Newcastle United,Liverpool,0.47295745856550914,1.4,1.4,1.2,0.2,0.4,0.2,1.3,1.3,1.3,0.0,0.4,0.1,91.0,1.0,1.8,2.0,-0.2,0.2,0.4,1.2,1.6,1.6,0.0,0.3,0.3,91.0,1.5,1.1,0.2,-0.3,0.3999999999999999,0.10000000000000009,-0.40000000000000013,-0.30000000000000004,-0.8,-0.30000000000000004,0.4,0.0,0.2,0.10000000000000003,-0.2,-0.19999999999999998,0.0,2026-27,20260823|Liverpool|Newcastle United,2,2,4,draw
2026-08-24,Fulham,Chelsea,0.5772639332167777,1.4,0.8,1.0,-0.2,0.4,0.2,1.2,0.7,0.9,-0.2,0.3,0.3,92.0,0.8,1.0,2.0,-1.0,0.2,0.2,0.7,0.9,1.9,-1.0,0.2,0.1,92.0,1.9,1.1,0.5,-0.2,0.5999999999999999,0.5,-0.19999999999999996,-0.20000000000000007,-1.0,-0.9999999999999999,0.8,0.8,0.2,0.09999999999999998,0.0,0.19999999999999998,0.0,2026-27,20260824|Chelsea|Fulham,2,3,5,away
2026-08-28,Crystal Palace,Manchester City,0.2575358836956271,0.4,1.0,2.2,-1.2,0.0,0.4,0.7,0.8,1.8,-1.0,0.1,0.4,6.0,2.0,2.0,0.8,1.2,0.6,0.2,2.1,2.0,0.9,1.1,0.6,0.3,5.0,1.1,1.7,-0.2,0.4,-1.6,-1.4000000000000001,-1.0,-1.2,1.4000000000000001,0.9,-2.4,-2.1,-0.6,-0.5,0.2,0.10000000000000003,1.0,2026-27,20260828|Manchester City|Crystal Palace,1,4,5,away
2026-08-29,Bournemouth,Everton,0.698983110839287,1.6,1.4,0.8,0.6,0.4,0.4,1.7,1.5,1.0,0.5,0.4,0.5,6.0,1.0,1.6,1.8,-0.2,0.2,0.4,0.9,1.5,1.7,-0.2,0.2,0.3,7.0,1.5,1.5,0.4,0.1,0.6000000000000001,0.7999999999999999,-0.20000000000000018,0.0,-1.0,-0.7,0.8,0.7,0.2,0.2,0.0,0.2,-1.0,2026-27,20260829|Everton|Bournemouth,1,1,2,draw
2026-08-29,Coventry,Hull,0.5598745362411968,0.0,0.0,3.0,-3.0,0.0,0.0,0.0,0.0,3.0,-3.0,0.0,0.0,8.0,3.0,2.0,0.0,2.0,1.0,0.0,3.0,2.0,0.0,2.0,1.0,0.0,7.0,,,,,-3.0,-3.0,-2.0,-2.0,3.0,3.0,-5.0,-5.0,-1.0,-1.0,0.0,0.0,1.0,2026-27,20260829|Hull|Coventry,0,1,1,away
2026-08-29,Tottenham Hotspur,Newcastle United,0.45756177143422877,1.4,1.0,1.4,-0.4,0.4,0.2,1.2,0.9,1.4,-0.5,0.3,0.3,7.0,1.6,1.8,1.4,0.4,0.4,0.4,1.1,1.3,1.4,-0.1,0.3,0.2,6.0,0.7,1.1,-0.9,-0.4,-0.20000000000000018,0.09999999999999987,-0.8,-0.4,0.0,0.0,-0.8,-0.4,0.0,0.0,-0.2,0.09999999999999998,1.0,2026-27,20260829|Newcastle United|Tottenham Hotspur,0,2,2,away
2026-08-29,Liverpool,Nottingham Forest,0.7195265939168064,0.6,1.6,2.2,-0.6,0.0,0.6,1.3,1.7,1.6,0.1,0.3,0.4,6.0,1.0,1.4,1.4,0.0,0.2,0.4,1.6,2.0,0.9,1.1,0.4,0.4,7.0,1.7,1.6,0.9,0.7,-0.4,-0.30000000000000004,0.20000000000000018,-0.30000000000000004,0.8000000000000003,0.7000000000000001,-0.6,-1.0,-0.2,-0.10000000000000003,0.19999999999999996,0.0,-1.0,2026-27,20260829|Nottingham Forest|Liverpool,2,2,4,draw
2026-08-30,Leeds United,Brentford,0.5224299979851007,2.0,1.2,1.0,0.2,0.6,0.2,1.9,1.3,0.8,0.5,0.5,0.4,8.0,1.6,1.8,1.2,0.6,0.4,0.4,1.2,1.4,1.2,0.2,0.2,0.6,8.0,1.7,1.5,0.3,-0.1,0.3999999999999999,0.7,-0.6000000000000001,-0.09999999999999987,-0.19999999999999996,-0.3999999999999999,-0.39999999999999997,0.3,0.19999999999999996,0.3,-0.2,-0.19999999999999996,0.0,2026-27,20260830|Brentford|Leeds United,1,1,2,draw
2026-08-30,Chelsea,Brighton and Hove Albion,0.566801454731565,1.4,1.6,1.8,-0.2,0.4,0.2,0.7,0.8,2.0,-1.2,0.2,0.1,6.0,1.2,1.6,1.4,0.2,0.4,0.0,1.9,1.8,1.0,0.8,0.6,0.1,7.0,1.2,1.2,-0.3,0.0,0.19999999999999996,-1.2,0.0,-1.0,0.40000000000000013,1.0,-0.4,-2.0,0.0,-0.39999999999999997,0.2,0.0,-1.0,2026-27,20260830|Brighton and Hove Albion|Chelsea,4,3,7,home
2026-08-30,Sunderland,Fulham,0.5865430664412808,1.6,1.4,1.0,0.4,0.4,0.4,1.4,1.3,1.6,-0.3,0.4,0.2,8.0,0.8,1.0,1.6,-0.6,0.2,0.2,1.2,0.9,1.1,-0.2,0.3,0.3,6.0,1.4,0.7,-0.3,-0.8,0.8,0.19999999999999996,0.3999999999999999,0.4,-0.6000000000000001,0.5,1.0,-0.09999999999999998,0.2,0.10000000000000003,0.2,-0.09999999999999998,2.0,2026-27,20260830|Fulham|Sunderland,1,0,1,home
2026-08-30,Manchester United,Ipswich,0.8767477925252153,2.0,1.8,1.2,0.6,0.6,0.2,2.0,1.8,1.2,0.6,0.6,0.2,8.0,0.8,1.0,1.8,-0.8,0.2,0.2,0.8,1.0,2.1,-1.1,0.2,0.2,8.0,2.5,0.7,1.0,-0.9,1.2,1.2,0.8,0.8,-0.6000000000000001,-0.9000000000000001,1.4,1.7000000000000002,0.39999999999999997,0.39999999999999997,0.0,0.0,0.0,2026-27,20260830|Ipswich|Manchester United,5,2,7,home
2026-08-31,Aston Villa,Arsenal,0.3486736093103984,1.4,1.8,2.2,-0.4,0.4,0.2,1.4,1.7,1.9,-0.2,0.4,0.2,8.0,3.0,2.0,0.2,1.8,1.0,0.0,2.4,1.6,0.5,1.1,0.8,0.0,10.0,1.6,2.1,0.2,1.0,-1.6,-1.0,-0.19999999999999996,0.09999999999999987,2.0,1.4,-2.2,-1.3,-0.6,-0.4,0.2,0.2,-2.0,2026-27,20260831|Arsenal|Aston Villa,0,1,1,away
