game_id,game_date,season,away,home,away_score,home_score,status,stadium,home_history_games,away_history_games,elo_home_prob,home_win_r20,away_win_r20,home_run_diff_r20,away_run_diff_r20,home_runs_for_r20,away_runs_for_r20,home_runs_against_r20,away_runs_against_r20,home_days_rest,away_days_rest,diff_win_r20,diff_run_diff_r20,diff_runs_for_r20,diff_runs_against_r20,diff_days_rest,result,total_runs
20240329-Chunichi_Dragons-Tokyo_Yakult_Swallows,2024-03-29 18:00:00,2024,Chunichi Dragons,Tokyo Yakult Swallows,4.0,7.0,Final,神 宮,0,0,0.5287505638922686,,,,,,,,,,,,,,,,home,11.0
20240329-Fukuoka_SoftBank_Hawks-Orix_Buffaloes,2024-03-29 18:00:00,2024,Fukuoka SoftBank Hawks,Orix Buffaloes,3.0,1.0,Final,京セラD大阪,0,0,0.5287505638922686,,,,,,,,,,,,,,,,away,4.0
20240329-Saitama_Seibu_Lions-Tohoku_Rakuten_Golden_Eagles,2024-03-29 18:00:00,2024,Saitama Seibu Lions,Tohoku Rakuten Golden Eagles,1.0,0.0,Final,楽天モバイル,0,0,0.5287505638922686,,,,,,,,,,,,,,,,away,1.0
20240329-Hanshin_Tigers-Yomiuri_Giants,2024-03-29 18:15:00,2024,Hanshin Tigers,Yomiuri Giants,0.0,4.0,Final,東京ドーム,0,0,0.5287505638922686,,,,,,,,,,,,,,,,home,4.0
20240329-Hiroshima_Toyo_Carp-Yokohama_DeNA_BayStars,2024-03-29 18:30:00,2024,Hiroshima Toyo Carp,Yokohama DeNA BayStars,3.0,4.0,Final,横 浜,0,0,0.5287505638922686,,,,,,,,,,,,,,,,home,7.0
20240329-Hokkaido_Nippon-Ham_Fighters-Chiba_Lotte_Marines,2024-03-29 18:30:00,2024,Hokkaido Nippon-Ham Fighters,Chiba Lotte Marines,4.0,1.0,Final,ZOZOマリン,0,0,0.5287505638922686,,,,,,,,,,,,,,,,away,5.0
20240330-Fukuoka_SoftBank_Hawks-Orix_Buffaloes,2024-03-30 13:00:00,2024,Fukuoka SoftBank Hawks,Orix Buffaloes,0.0,2.0,Final,京セラD大阪,1,1,0.4934753822195311,0.0,1.0,-2.0,2.0,1.0,3.0,3.0,1.0,1.0,1.0,-1.0,-4.0,-2.0,2.0,0.0,home,2.0
20240330-Chunichi_Dragons-Tokyo_Yakult_Swallows,2024-03-30 14:00:00,2024,Chunichi Dragons,Tokyo Yakult Swallows,1.0,1.0,Final,神 宮,1,1,0.5620978972816505,1.0,0.0,3.0,-3.0,7.0,4.0,4.0,7.0,1.0,1.0,1.0,6.0,3.0,-3.0,0.0,draw,2.0
20240330-Hanshin_Tigers-Yomiuri_Giants,2024-03-30 14:00:00,2024,Hanshin Tigers,Yomiuri Giants,0.0,5.0,Final,東京ドーム,1,1,0.5642334423396481,1.0,0.0,4.0,-4.0,4.0,0.0,0.0,4.0,1.0,1.0,1.0,8.0,4.0,-4.0,0.0,home,5.0
20240330-Hiroshima_Toyo_Carp-Yokohama_DeNA_BayStars,2024-03-30 14:00:00,2024,Hiroshima Toyo Carp,Yokohama DeNA BayStars,1.0,6.0,Final,横 浜,1,1,0.5578199733686113,1.0,0.0,1.0,-1.0,4.0,3.0,3.0,4.0,1.0,1.0,1.0,2.0,1.0,-1.0,0.0,home,7.0
20240330-Hokkaido_Nippon-Ham_Fighters-Chiba_Lotte_Marines,2024-03-30 14:00:00,2024,Hokkaido Nippon-Ham Fighters,Chiba Lotte Marines,0.0,3.0,Final,ZOZOマリン,1,1,0.4910409844723244,0.0,1.0,-3.0,3.0,1.0,4.0,4.0,1.0,1.0,1.0,-1.0,-6.0,-3.0,3.0,0.0,home,3.0
20240330-Saitama_Seibu_Lions-Tohoku_Rakuten_Golden_Eagles,2024-03-30 14:00:00,2024,Saitama Seibu Lions,Tohoku Rakuten Golden Eagles,8.0,2.0,Final,楽天モバイル,1,1,0.4959100893930876,0.0,1.0,-1.0,1.0,0.0,1.0,1.0,0.0,1.0,1.0,-1.0,-2.0,-1.0,1.0,0.0,away,10.0
20240331-Fukuoka_SoftBank_Hawks-Orix_Buffaloes,2024-03-31 13:00:00,2024,Fukuoka SoftBank Hawks,Orix Buffaloes,5.0,2.0,Final,京セラD大阪,2,2,0.527271086007637,0.5,0.5,0.0,0.0,1.5,1.5,1.5,1.5,1.0,1.0,0.0,0.0,0.0,0.0,0.0,away,7.0
20240331-Saitama_Seibu_Lions-Tohoku_Rakuten_Golden_Eagles,2024-03-31 13:00:00,2024,Saitama Seibu Lions,Tohoku Rakuten Golden Eagles,3.0,4.0,Final,楽天モバイル,2,2,0.45379283739960813,0.0,1.0,-3.5,3.5,1.0,4.5,4.5,1.0,1.0,1.0,-1.0,-7.0,-3.5,3.5,0.0,home,7.0
20240331-Chunichi_Dragons-Tokyo_Yakult_Swallows,2024-03-31 13:30:00,2024,Chunichi Dragons,Tokyo Yakult Swallows,2.0,5.0,Final,神 宮,2,2,0.5585753246624139,0.75,0.25,1.5,-1.5,4.0,2.5,2.5,4.0,1.0,1.0,0.5,3.0,1.5,-1.5,0.0,home,7.0
20240331-Hanshin_Tigers-Yomiuri_Giants,2024-03-31 14:00:00,2024,Hanshin Tigers,Yomiuri Giants,5.0,0.0,Final,東京ドーム,2,2,0.598407947714951,1.0,0.0,4.5,-4.5,4.5,0.0,0.0,4.5,1.0,1.0,1.0,9.0,4.5,-4.5,0.0,away,5.0
20240331-Hiroshima_Toyo_Carp-Yokohama_DeNA_BayStars,2024-03-31 14:00:00,2024,Hiroshima Toyo Carp,Yokohama DeNA BayStars,5.0,1.0,Final,横 浜,2,2,0.5926330870700622,1.0,0.0,3.0,-3.0,5.0,2.0,2.0,5.0,1.0,1.0,1.0,6.0,3.0,-3.0,0.0,away,6.0
20240331-Hokkaido_Nippon-Ham_Fighters-Chiba_Lotte_Marines,2024-03-31 14:00:00,2024,Hokkaido Nippon-Ham Fighters,Chiba Lotte Marines,3.0,2.0,Final,ZOZOマリン,2,2,0.5273422863909679,0.5,0.5,0.0,0.0,2.0,2.0,2.0,2.0,1.0,1.0,0.0,0.0,0.0,0.0,0.0,away,5.0
20240402-Orix_Buffaloes-Saitama_Seibu_Lions,2024-04-02 18:00:00,2024,Orix Buffaloes,Saitama Seibu Lions,1.0,2.0,Final,ベルーナドーム,3,3,0.5684914897991525,0.6666666666666666,0.3333333333333333,2.0,-1.0,4.0,1.6666666666666667,2.0,2.6666666666666665,2.0,2.0,0.3333333333333333,3.0,2.333333333333333,-0.6666666666666665,0.0,home,3.0
20240402-Tokyo_Yakult_Swallows-Hiroshima_Toyo_Carp,2024-04-02 18:00:00,2024,Tokyo Yakult Swallows,Hiroshima Toyo Carp,1.0,2.0,Final,マツダスタジアム,3,3,0.48804772318869855,0.3333333333333333,0.8333333333333334,-0.6666666666666666,2.0,3.0,4.333333333333333,3.6666666666666665,2.3333333333333335,2.0,2.0,-0.5,-2.6666666666666665,-1.333333333333333,1.333333333333333,0.0,home,3.0
20240402-Yokohama_DeNA_BayStars-Hanshin_Tigers,2024-04-02 18:00:00,2024,Yokohama DeNA BayStars,Hanshin Tigers,5.0,3.0,Final,京セラD大阪,3,3,0.5074806252757923,0.3333333333333333,0.6666666666666666,-1.3333333333333333,0.6666666666666666,1.6666666666666667,3.6666666666666665,3.0,3.0,2.0,2.0,-0.3333333333333333,-2.0,-1.9999999999999998,0.0,0.0,away,8.0
20240402-Yomiuri_Giants-Chunichi_Dragons,2024-04-02 18:15:00,2024,Yomiuri Giants,Chunichi Dragons,3.0,4.0,Final,バンテリンドーム,3,3,0.48664906416134635,0.16666666666666666,0.6666666666666666,-2.0,1.3333333333333333,2.3333333333333335,3.0,4.333333333333333,1.6666666666666667,2.0,2.0,-0.5,-3.333333333333333,-0.6666666666666665,2.666666666666666,0.0,home,7.0
20240402-Chiba_Lotte_Marines-Fukuoka_SoftBank_Hawks,2024-04-02 18:30:00,2024,Chiba Lotte Marines,Fukuoka SoftBank Hawks,0.0,2.0,Final,PayPayドーム,3,3,0.565070331417904,0.6666666666666666,0.3333333333333333,1.0,-0.3333333333333333,2.6666666666666665,2.0,1.6666666666666667,2.3333333333333335,2.0,2.0,0.3333333333333333,1.3333333333333333,0.6666666666666665,-0.6666666666666667,0.0,home,2.0
20240402-Tohoku_Rakuten_Golden_Eagles-Hokkaido_Nippon-Ham_Fighters,2024-04-02 18:30:00,2024,Tohoku Rakuten Golden Eagles,Hokkaido Nippon-Ham Fighters,4.0,2.0,Final,エスコンＦ,3,3,0.5660744042346963,0.6666666666666666,0.3333333333333333,0.3333333333333333,-2.0,2.3333333333333335,2.0,2.0,4.0,2.0,2.0,0.3333333333333333,2.3333333333333335,0.3333333333333335,-2.0,0.0,away,6.0
20240403-Chiba_Lotte_Marines-Fukuoka_SoftBank_Hawks,2024-04-03 18:00:00,2024,Chiba Lotte Marines,Fukuoka SoftBank Hawks,4.0,2.0,Final,PayPayドーム,4,4,0.5933750804408474,0.75,0.25,1.25,-0.75,2.5,1.5,1.25,2.25,1.0,1.0,0.5,2.0,1.0,-1.0,0.0,away,6.0
20240403-Orix_Buffaloes-Saitama_Seibu_Lions,2024-04-03 18:00:00,2024,Orix Buffaloes,Saitama Seibu Lions,0.0,3.0,Final,ベルーナドーム,4,4,0.5945979802528556,0.75,0.25,1.75,-1.0,3.5,1.5,1.75,2.5,1.0,1.0,0.5,2.75,2.0,-0.75,0.0,home,3.0
20240403-Tokyo_Yakult_Swallows-Hiroshima_Toyo_Carp,2024-04-03 18:00:00,2024,Tokyo Yakult Swallows,Hiroshima Toyo Carp,,,Postponed,マツダスタジアム,4,4,0.5198629563707642,0.5,0.625,-0.25,1.25,2.75,3.5,3.0,2.25,1.0,1.0,-0.125,-1.5,-0.75,0.75,0.0,,
20240403-Yokohama_DeNA_BayStars-Hanshin_Tigers,2024-04-03 18:00:00,2024,Yokohama DeNA BayStars,Hanshin Tigers,2.0,5.0,Final,京セラD大阪,4,4,0.4736187030038636,0.25,0.75,-1.5,1.0,2.0,4.0,3.5,3.0,1.0,1.0,-0.5,-2.5,-2.0,0.5,0.0,home,7.0
20240403-Yomiuri_Giants-Chunichi_Dragons,2024-04-03 18:00:00,2024,Yomiuri Giants,Chunichi Dragons,2.0,5.0,Final,バンテリンドーム,4,4,0.5185522925111068,0.375,0.5,-1.25,0.75,2.75,3.0,4.0,2.25,1.0,1.0,-0.125,-2.0,-0.25,1.75,0.0,home,7.0
20240403-Tohoku_Rakuten_Golden_Eagles-Hokkaido_Nippon-Ham_Fighters,2024-04-03 18:30:00,2024,Tohoku Rakuten Golden Eagles,Hokkaido Nippon-Ham Fighters,2.0,4.0,Final,エスコンＦ,4,4,0.5286321525473464,0.5,0.5,-0.25,-1.0,2.25,2.5,2.5,3.5,1.0,1.0,0.0,0.75,-0.25,-1.0,0.0,home,6.0
20240404-Orix_Buffaloes-Saitama_Seibu_Lions,2024-04-04 13:00:00,2024,Orix Buffaloes,Saitama Seibu Lions,2.0,1.0,Final,ベルーナドーム,5,5,0.6221671550330925,0.8,0.2,2.0,-1.4,3.4,1.2,1.4,2.6,1.0,1.0,0.6000000000000001,3.4,2.2,-1.2000000000000002,0.0,away,3.0
20240404-Chiba_Lotte_Marines-Fukuoka_SoftBank_Hawks,2024-04-04 18:00:00,2024,Chiba Lotte Marines,Fukuoka SoftBank Hawks,1.0,8.0,Final,PayPayドーム,5,5,0.5546421755530655,0.6,0.4,0.6,-0.2,2.4,2.0,1.8,2.2,1.0,1.0,0.19999999999999996,0.8,0.3999999999999999,-0.40000000000000013,0.0,home,9.0
20240404-Tokyo_Yakult_Swallows-Hiroshima_Toyo_Carp,2024-04-04 18:00:00,2024,Tokyo Yakult Swallows,Hiroshima Toyo Carp,3.0,6.0,Final,マツダスタジアム,4,4,0.5198629563707642,0.5,0.625,-0.25,1.25,2.75,3.5,3.0,2.25,2.0,2.0,-0.125,-1.5,-0.75,0.75,0.0,home,9.0
20240404-Yokohama_DeNA_BayStars-Hanshin_Tigers,2024-04-04 18:00:00,2024,Yokohama DeNA BayStars,Hanshin Tigers,3.0,2.0,Final,京セラD大阪,5,5,0.5111654941691804,0.4,0.6,-0.6,0.2,2.6,3.6,3.2,3.4,1.0,1.0,-0.19999999999999996,-0.8,-1.0,-0.19999999999999973,0.0,away,5.0
20240404-Yomiuri_Giants-Chunichi_Dragons,2024-04-04 18:00:00,2024,Yomiuri Giants,Chunichi Dragons,2.0,0.0,Final,バンテリンドーム,5,5,0.5527298199644575,0.5,0.4,-0.4,0.0,3.2,2.8,3.6,2.8,1.0,1.0,0.09999999999999998,-0.4,0.40000000000000036,0.8000000000000003,0.0,away,2.0
20240405-Chunichi_Dragons-Hiroshima_Toyo_Carp,2024-04-05 18:00:00,2024,Chunichi Dragons,Hiroshima Toyo Carp,1.0,0.0,Final,マツダスタジアム,5,6,0.5675657823709517,0.6,0.4166666666666667,0.4,-0.6666666666666666,3.4,2.6666666666666665,3.0,3.3333333333333335,1.0,1.0,0.1833333333333333,1.0666666666666667,0.7333333333333334,-0.3333333333333335,0.0,away,1.0
20240405-Fukuoka_SoftBank_Hawks-Tohoku_Rakuten_Golden_Eagles,2024-04-05 18:00:00,2024,Fukuoka SoftBank Hawks,Tohoku Rakuten Golden Eagles,6.0,1.0,Final,楽天モバイル,5,6,0.47711121687829955,0.4,0.6666666666666666,-1.2,1.6666666666666667,2.4,3.3333333333333335,3.6,1.6666666666666667,2.0,1.0,-0.2666666666666666,-2.8666666666666667,-0.9333333333333336,1.9333333333333333,1.0,away,7.0
20240405-Hanshin_Tigers-Tokyo_Yakult_Swallows,2024-04-05 18:00:00,2024,Hanshin Tigers,Tokyo Yakult Swallows,7.0,6.0,Final,神 宮,5,6,0.5517293134482382,0.5,0.3333333333333333,0.4,-0.6666666666666666,3.4,2.5,3.0,3.1666666666666665,1.0,1.0,0.16666666666666669,1.0666666666666667,0.8999999999999999,-0.16666666666666652,0.0,away,13.0
20240405-Orix_Buffaloes-Chiba_Lotte_Marines,2024-04-05 18:00:00,2024,Orix Buffaloes,Chiba Lotte Marines,0.0,1.0,Final,ZOZOマリン,6,6,0.5250585348773542,0.3333333333333333,0.3333333333333333,-1.3333333333333333,-1.0,1.8333333333333333,1.3333333333333333,3.1666666666666665,2.3333333333333335,1.0,1.0,0.0,-0.33333333333333326,0.5,0.833333333333333,0.0,home,1.0
20240405-Saitama_Seibu_Lions-Hokkaido_Nippon-Ham_Fighters,2024-04-05 18:00:00,2024,Saitama Seibu Lions,Hokkaido Nippon-Ham Fighters,2.0,3.0,Final,エスコンＦ,5,6,0.5135914186776428,0.6,0.6666666666666666,0.2,1.5,2.6,3.0,2.4,1.5,2.0,1.0,-0.06666666666666665,-1.3,-0.3999999999999999,0.8999999999999999,1.0,home,5.0
20240405-Yokohama_DeNA_BayStars-Yomiuri_Giants,2024-04-05 18:00:00,2024,Yokohama DeNA BayStars,Yomiuri Giants,2.0,1.0,Final,東京ドーム,6,6,0.5014493157790373,0.5,0.6666666666666666,0.3333333333333333,0.3333333333333333,2.6666666666666665,3.5,2.3333333333333335,3.1666666666666665,1.0,1.0,-0.16666666666666663,0.0,-0.8333333333333335,-0.833333333333333,0.0,away,3.0
20240406-Chunichi_Dragons-Hiroshima_Toyo_Carp,2024-04-06 14:00:00,2024,Chunichi Dragons,Hiroshima Toyo Carp,4.0,0.0,Final,マツダスタジアム,6,7,0.5326496356573946,0.5,0.5,0.16666666666666666,-0.42857142857142855,2.8333333333333335,2.4285714285714284,2.6666666666666665,2.857142857142857,1.0,1.0,0.0,0.5952380952380952,0.4047619047619051,-0.1904761904761907,0.0,away,4.0
20240406-Fukuoka_SoftBank_Hawks-Tohoku_Rakuten_Golden_Eagles,2024-04-06 14:00:00,2024,Fukuoka SoftBank Hawks,Tohoku Rakuten Golden Eagles,5.0,4.0,Final,楽天モバイル,6,7,0.4389507056339081,0.3333333333333333,0.7142857142857143,-1.8333333333333333,2.142857142857143,2.1666666666666665,3.7142857142857144,4.0,1.5714285714285714,1.0,1.0,-0.380952380952381,-3.9761904761904763,-1.547619047619048,2.428571428571429,0.0,away,9.0
20240406-Hanshin_Tigers-Tokyo_Yakult_Swallows,2024-04-06 14:00:00,2024,Hanshin Tigers,Tokyo Yakult Swallows,4.0,3.0,Final,神 宮,6,7,0.5176068900103497,0.4166666666666667,0.42857142857142855,0.16666666666666666,-0.42857142857142855,3.8333333333333335,3.142857142857143,3.6666666666666665,3.5714285714285716,1.0,1.0,-0.011904761904761862,0.5952380952380952,0.6904761904761907,0.0952380952380949,0.0,away,7.0
20240406-Orix_Buffaloes-Chiba_Lotte_Marines,2024-04-06 14:00:00,2024,Orix Buffaloes,Chiba Lotte Marines,9.0,1.0,Final,ZOZOマリン,7,7,0.5543904854229628,0.42857142857142855,0.2857142857142857,-1.0,-1.0,1.7142857142857142,1.1428571428571428,2.7142857142857144,2.142857142857143,1.0,1.0,0.14285714285714285,0.0,0.5714285714285714,0.5714285714285716,0.0,away,10.0
20240406-Saitama_Seibu_Lions-Hokkaido_Nippon-Ham_Fighters,2024-04-06 14:00:00,2024,Saitama Seibu Lions,Hokkaido Nippon-Ham Fighters,5.0,2.0,Final,エスコンＦ,6,7,0.5437227316428951,0.6666666666666666,0.5714285714285714,0.3333333333333333,1.1428571428571428,2.6666666666666665,2.857142857142857,2.3333333333333335,1.7142857142857142,1.0,1.0,0.09523809523809523,-0.8095238095238095,-0.1904761904761907,0.6190476190476193,0.0,away,7.0
20240406-Yokohama_DeNA_BayStars-Yomiuri_Giants,2024-04-06 18:00:00,2024,Yokohama DeNA BayStars,Yomiuri Giants,6.0,4.0,Final,東京ドーム,7,7,0.47030928943188405,0.42857142857142855,0.7142857142857143,0.14285714285714285,0.42857142857142855,2.4285714285714284,3.2857142857142856,2.2857142857142856,2.857142857142857,1.0,1.0,-0.28571428571428575,-0.2857142857142857,-0.8571428571428572,-0.5714285714285716,0.0,away,10.0
20240407-Fukuoka_SoftBank_Hawks-Tohoku_Rakuten_Golden_Eagles,2024-04-07 13:00:00,2024,Fukuoka SoftBank Hawks,Tohoku Rakuten Golden Eagles,2.0,3.0,Final,楽天モバイル,7,8,0.4122723326138546,0.2857142857142857,0.75,-1.7142857142857142,2.0,2.4285714285714284,3.875,4.142857142857143,1.875,1.0,1.0,-0.4642857142857143,-3.7142857142857144,-1.4464285714285716,2.2678571428571432,0.0,home,5.0
20240407-Saitama_Seibu_Lions-Hokkaido_Nippon-Ham_Fighters,2024-04-07 13:00:00,2024,Saitama Seibu Lions,Hokkaido Nippon-Ham Fighters,11.0,1.0,Final,エスコンＦ,7,8,0.5050235181729494,0.5714285714285714,0.625,-0.14285714285714285,1.375,2.5714285714285716,3.125,2.7142857142857144,1.75,1.0,1.0,-0.0535714285714286,-1.5178571428571428,-0.5535714285714284,0.9642857142857144,0.0,away,12.0
20240407-Chunichi_Dragons-Hiroshima_Toyo_Carp,2024-04-07 13:30:00,2024,Chunichi Dragons,Hiroshima Toyo Carp,1.0,0.0,Final,マツダスタジアム,7,8,0.4922232412340463,0.42857142857142855,0.5625,-0.42857142857142855,0.125,2.4285714285714284,2.625,2.857142857142857,2.5,1.0,1.0,-0.13392857142857145,-0.5535714285714286,-0.19642857142857162,0.3571428571428572,0.0,away,1.0
20240407-Hanshin_Tigers-Tokyo_Yakult_Swallows,2024-04-07 13:30:00,2024,Hanshin Tigers,Tokyo Yakult Swallows,1.0,3.0,Final,神 宮,7,8,0.4854387760989593,0.35714285714285715,0.5,0.0,-0.25,3.7142857142857144,3.25,3.7142857142857144,3.5,1.0,1.0,-0.14285714285714285,0.25,0.4642857142857144,0.2142857142857144,0.0,home,4.0
20240407-Orix_Buffaloes-Chiba_Lotte_Marines,2024-04-07 14:00:00,2024,Orix Buffaloes,Chiba Lotte Marines,2.0,5.0,Final,ZOZOマリン,8,8,0.5035452511694909,0.375,0.375,-1.875,0.125,1.625,2.125,3.5,2.0,1.0,1.0,0.0,-2.0,-0.5,1.5,0.0,home,7.0
20240407-Yokohama_DeNA_BayStars-Yomiuri_Giants,2024-04-07 14:00:00,2024,Yokohama DeNA BayStars,Yomiuri Giants,0.0,3.0,Final,東京ドーム,8,8,0.4391722084881493,0.375,0.75,-0.125,0.625,2.625,3.625,2.75,3.0,1.0,1.0,-0.375,-0.75,-1.0,-0.25,0.0,home,3.0
20240409-Chiba_Lotte_Marines-Saitama_Seibu_Lions,2024-04-09 18:00:00,2024,Chiba Lotte Marines,Saitama Seibu Lions,5.0,0.0,Final,県営大宮,9,9,0.6085481064849659,0.6666666666666666,0.4444444444444444,2.3333333333333335,-1.3333333333333333,4.0,2.0,1.6666666666666667,3.3333333333333335,2.0,2.0,0.2222222222222222,3.666666666666667,2.0,-1.6666666666666667,0.0,away,5.0
20240409-Chunichi_Dragons-Yokohama_DeNA_BayStars,2024-04-09 18:00:00,2024,Chunichi Dragons,Yokohama DeNA BayStars,3.0,1.0,Final,横 浜,9,9,0.526947138691799,0.6666666666666666,0.6111111111111112,0.2222222222222222,0.2222222222222222,3.2222222222222223,2.4444444444444446,3.0,2.2222222222222223,2.0,2.0,0.05555555555555547,0.0,0.7777777777777777,0.7777777777777777,0.0,away,4.0
20240409-Hiroshima_Toyo_Carp-Hanshin_Tigers,2024-04-09 18:00:00,2024,Hiroshima Toyo Carp,Hanshin Tigers,0.0,1.0,Final,甲子園,9,8,0.5493653703441415,0.4444444444444444,0.375,-0.4444444444444444,-0.5,3.0,2.125,3.4444444444444446,2.625,2.0,2.0,0.06944444444444442,0.05555555555555558,0.875,0.8194444444444446,0.0,home,1.0
20240409-Hokkaido_Nippon-Ham_Fighters-Fukuoka_SoftBank_Hawks,2024-04-09 18:00:00,2024,Hokkaido Nippon-Ham Fighters,Fukuoka SoftBank Hawks,4.0,2.0,Final,熊 本,9,8,0.5902560325804246,0.6666666666666666,0.5,1.6666666666666667,-1.375,3.6666666666666665,2.375,2.0,3.75,2.0,2.0,0.16666666666666663,3.041666666666667,1.2916666666666665,-1.75,0.0,away,6.0
20240409-Tohoku_Rakuten_Golden_Eagles-Orix_Buffaloes,2024-04-09 18:00:00,2024,Tohoku Rakuten Golden Eagles,Orix Buffaloes,4.0,5.0,Final,京セラD大阪,9,8,0.525726192422355,0.3333333333333333,0.375,-0.2222222222222222,-1.375,2.111111111111111,2.5,2.3333333333333335,3.875,2.0,2.0,-0.041666666666666685,1.1527777777777777,-0.38888888888888884,-1.5416666666666665,0.0,home,9.0
20240409-Yomiuri_Giants-Tokyo_Yakult_Swallows,2024-04-09 18:00:00,2024,Yomiuri Giants,Tokyo Yakult Swallows,3.0,1.0,Final,鹿児島,8,9,0.5250467257384864,0.4375,0.4444444444444444,0.25,0.2222222222222222,3.625,2.6666666666666665,3.375,2.4444444444444446,2.0,2.0,-0.00694444444444442,0.02777777777777779,0.9583333333333335,0.9305555555555554,0.0,away,4.0
20240410-Chiba_Lotte_Marines-Saitama_Seibu_Lions,2024-04-10 18:00:00,2024,Chiba Lotte Marines,Saitama Seibu Lions,3.0,2.0,Final,ベルーナドーム,10,10,0.5609554506060276,0.6,0.5,1.6,-0.7,3.6,2.3,2.0,3.0,1.0,1.0,0.09999999999999998,2.3,1.3000000000000003,-1.0,0.0,away,5.0
20240410-Chunichi_Dragons-Yokohama_DeNA_BayStars,2024-04-10 18:00:00,2024,Chunichi Dragons,Yokohama DeNA BayStars,6.0,1.0,Final,横 浜,10,10,0.49178713499158855,0.6,0.65,0.0,0.4,3.0,2.5,3.0,2.1,1.0,1.0,-0.050000000000000044,-0.4,0.5,0.8999999999999999,0.0,away,7.0
20240410-Hiroshima_Toyo_Carp-Hanshin_Tigers,2024-04-10 18:00:00,2024,Hiroshima Toyo Carp,Hanshin Tigers,6.0,2.0,Final,甲子園,10,9,0.576926833094882,0.5,0.3333333333333333,-0.3,-0.5555555555555556,2.8,1.8888888888888888,3.1,2.4444444444444446,1.0,1.0,0.16666666666666669,0.2555555555555556,0.911111111111111,0.6555555555555554,0.0,away,8.0
20240410-Tohoku_Rakuten_Golden_Eagles-Orix_Buffaloes,2024-04-10 18:00:00,2024,Tohoku Rakuten Golden Eagles,Orix Buffaloes,5.0,4.0,Final,京セラD大阪,10,9,0.5550108464224236,0.4,0.3333333333333333,-0.1,-1.3333333333333333,2.4,2.6666666666666665,2.5,4.0,1.0,1.0,0.06666666666666671,1.2333333333333332,-0.2666666666666666,-1.5,0.0,away,9.0
20240411-Hiroshima_Toyo_Carp-Hanshin_Tigers,2024-04-11 18:00:00,2024,Hiroshima Toyo Carp,Hanshin Tigers,1.0,0.0,Final,甲子園,11,10,0.533653657475424,0.45454545454545453,0.4,-0.6363636363636364,-0.1,2.727272727272727,2.3,3.3636363636363638,2.4,1.0,1.0,0.05454545454545451,-0.5363636363636364,0.42727272727272725,0.9636363636363638,0.0,away,1.0
20240411-Hokkaido_Nippon-Ham_Fighters-Fukuoka_SoftBank_Hawks,2024-04-11 18:00:00,2024,Hokkaido Nippon-Ham Fighters,Fukuoka SoftBank Hawks,3.0,6.0,Final,北九州,10,9,0.5516566733929282,0.6,0.5555555555555556,1.3,-1.0,3.5,2.5555555555555554,2.2,3.5555555555555554,2.0,2.0,0.0444444444444444,2.3,0.9444444444444446,-1.3555555555555552,0.0,home,9.0
20240411-Tohoku_Rakuten_Golden_Eagles-Orix_Buffaloes,2024-04-11 18:00:00,2024,Tohoku Rakuten Golden Eagles,Orix Buffaloes,1.0,2.0,Final,京セラD大阪,11,10,0.5207176564137086,0.36363636363636365,0.4,-0.18181818181818182,-1.1,2.5454545454545454,2.9,2.727272727272727,4.0,1.0,1.0,-0.036363636363636376,0.9181818181818182,-0.3545454545454545,-1.272727272727273,0.0,home,3.0
20240411-Yomiuri_Giants-Tokyo_Yakult_Swallows,2024-04-11 18:00:00,2024,Yomiuri Giants,Tokyo Yakult Swallows,5.0,0.0,Final,神 宮,9,10,0.49000905958532204,0.3888888888888889,0.5,0.0,0.4,3.3333333333333335,2.7,3.3333333333333335,2.3,2.0,2.0,-0.1111111111111111,-0.4,0.6333333333333333,1.0333333333333337,0.0,away,5.0
20240412-Tokyo_Yakult_Swallows-Yokohama_DeNA_BayStars,2024-04-12 17:45:00,2024,Tokyo Yakult Swallows,Yokohama DeNA BayStars,1.0,3.0,Final,横 浜,11,10,0.5815089749130018,0.5454545454545454,0.35,-0.45454545454545453,-0.5,2.8181818181818183,3.0,3.272727272727273,3.5,2.0,1.0,0.19545454545454544,0.04545454545454547,-0.18181818181818166,-0.22727272727272707,1.0,home,4.0
20240412-Chiba_Lotte_Marines-Tohoku_Rakuten_Golden_Eagles,2024-04-12 18:00:00,2024,Chiba Lotte Marines,Tohoku Rakuten Golden Eagles,2.0,5.0,Final,楽天モバイル,11,11,0.4673147935973128,0.36363636363636365,0.5454545454545454,-1.0909090909090908,-0.5454545454545454,2.727272727272727,2.3636363636363638,3.8181818181818183,2.909090909090909,1.0,2.0,-0.18181818181818177,-0.5454545454545454,0.3636363636363633,0.9090909090909092,-1.0,home,7.0
20240412-Fukuoka_SoftBank_Hawks-Saitama_Seibu_Lions,2024-04-12 18:00:00,2024,Fukuoka SoftBank Hawks,Saitama Seibu Lions,2.0,1.0,Final,ベルーナドーム,11,11,0.49832859429899473,0.5454545454545454,0.6363636363636364,1.3636363636363635,1.4545454545454546,3.4545454545454546,3.727272727272727,2.090909090909091,2.272727272727273,2.0,1.0,-0.09090909090909094,-0.09090909090909105,-0.2727272727272725,-0.1818181818181821,1.0,away,3.0
20240412-Hanshin_Tigers-Chunichi_Dragons,2024-04-12 18:00:00,2024,Hanshin Tigers,Chunichi Dragons,2.0,2.0,Final,バンテリンドーム,11,12,0.6337724409705419,0.6818181818181818,0.4166666666666667,0.8181818181818182,-0.6666666666666666,2.8181818181818183,2.5,2.0,3.1666666666666665,2.0,1.0,0.2651515151515151,1.4848484848484849,0.31818181818181834,-1.1666666666666665,1.0,draw,4.0
20240412-Hiroshima_Toyo_Carp-Yomiuri_Giants,2024-04-12 18:00:00,2024,Hiroshima Toyo Carp,Yomiuri Giants,4.0,9.0,Final,東京ドーム,11,11,0.5567828568136363,0.5454545454545454,0.45454545454545453,0.8181818181818182,0.0,2.909090909090909,2.1818181818181817,2.090909090909091,2.1818181818181817,1.0,1.0,0.09090909090909088,0.8181818181818182,0.7272727272727275,-0.09090909090909083,0.0,home,13.0
20240412-Hokkaido_Nippon-Ham_Fighters-Orix_Buffaloes,2024-04-12 18:00:00,2024,Hokkaido Nippon-Ham Fighters,Orix Buffaloes,1.0,0.0,Final,京セラD大阪,12,10,0.516011803472926,0.4166666666666667,0.5,-0.08333333333333333,-1.2,2.5,2.6,2.5833333333333335,3.8,1.0,1.0,-0.08333333333333331,1.1166666666666667,-0.10000000000000009,-1.2166666666666663,0.0,away,1.0
20240413-Chiba_Lotte_Marines-Tohoku_Rakuten_Golden_Eagles,2024-04-13 14:00:00,2024,Chiba Lotte Marines,Tohoku Rakuten Golden Eagles,2.0,2.0,Final,楽天モバイル,12,12,0.5052910620284826,0.4166666666666667,0.5,-0.75,-0.75,2.9166666666666665,2.3333333333333335,3.6666666666666665,3.0833333333333335,1.0,1.0,-0.08333333333333331,0.0,0.583333333333333,0.583333333333333,0.0,draw,4.0
20240413-Fukuoka_SoftBank_Hawks-Saitama_Seibu_Lions,2024-04-13 14:00:00,2024,Fukuoka SoftBank Hawks,Saitama Seibu Lions,11.0,2.0,Final,ベルーナドーム,12,12,0.4673939389711531,0.5,0.6666666666666666,1.1666666666666667,1.4166666666666667,3.25,3.5833333333333335,2.0833333333333335,2.1666666666666665,1.0,1.0,-0.16666666666666663,-0.25,-0.3333333333333335,-0.08333333333333304,0.0,away,13.0
20240413-Hanshin_Tigers-Chunichi_Dragons,2024-04-13 14:00:00,2024,Hanshin Tigers,Chunichi Dragons,2.0,5.0,Final,バンテリンドーム,12,13,0.6265940775912346,0.6666666666666666,0.4230769230769231,0.75,-0.6153846153846154,2.75,2.4615384615384617,2.0,3.076923076923077,1.0,1.0,0.24358974358974356,1.3653846153846154,0.2884615384615383,-1.076923076923077,0.0,home,7.0
20240413-Hiroshima_Toyo_Carp-Yomiuri_Giants,2024-04-13 14:00:00,2024,Hiroshima Toyo Carp,Yomiuri Giants,2.0,3.0,Final,東京ドーム,12,12,0.5916986179583148,0.5833333333333334,0.4166666666666667,1.1666666666666667,-0.4166666666666667,3.4166666666666665,2.3333333333333335,2.25,2.75,1.0,1.0,0.16666666666666669,1.5833333333333335,1.083333333333333,-0.5,0.0,home,5.0
20240413-Hokkaido_Nippon-Ham_Fighters-Orix_Buffaloes,2024-04-13 14:00:00,2024,Hokkaido Nippon-Ham Fighters,Orix Buffaloes,1.0,5.0,Final,京セラD大阪,13,11,0.48394245482764114,0.38461538461538464,0.5454545454545454,-0.15384615384615385,-1.0,2.3076923076923075,2.4545454545454546,2.4615384615384617,3.4545454545454546,1.0,1.0,-0.16083916083916078,0.8461538461538461,-0.1468531468531471,-0.9930069930069929,0.0,home,6.0
20240413-Tokyo_Yakult_Swallows-Yokohama_DeNA_BayStars,2024-04-13 14:00:00,2024,Tokyo Yakult Swallows,Yokohama DeNA BayStars,5.0,2.0,Final,横 浜,12,11,0.6084376929501494,0.5833333333333334,0.3181818181818182,-0.25,-0.6363636363636364,2.8333333333333335,2.8181818181818183,3.0833333333333335,3.4545454545454546,1.0,1.0,0.2651515151515152,0.38636363636363635,0.015151515151515138,-0.3712121212121211,0.0,away,7.0
20240414-Chiba_Lotte_Marines-Tohoku_Rakuten_Golden_Eagles,2024-04-14 13:00:00,2024,Chiba Lotte Marines,Tohoku Rakuten Golden Eagles,9.0,2.0,Final,楽天モバイル,13,13,0.5049865161962342,0.4230769230769231,0.5,-0.6923076923076923,-0.6923076923076923,2.8461538461538463,2.3076923076923075,3.5384615384615383,3.0,1.0,1.0,-0.07692307692307693,0.0,0.5384615384615388,0.5384615384615383,0.0,away,11.0
20240414-Fukuoka_SoftBank_Hawks-Saitama_Seibu_Lions,2024-04-14 13:00:00,2024,Fukuoka SoftBank Hawks,Saitama Seibu Lions,4.0,1.0,Final,ベルーナドーム,13,13,0.4248721925735958,0.46153846153846156,0.6923076923076923,0.38461538461538464,2.0,3.1538461538461537,4.153846153846154,2.769230769230769,2.1538461538461537,1.0,1.0,-0.23076923076923073,-1.6153846153846154,-1.0000000000000004,0.6153846153846154,0.0,away,5.0
20240414-Hanshin_Tigers-Chunichi_Dragons,2024-04-14 13:30:00,2024,Hanshin Tigers,Chunichi Dragons,2.0,1.0,Final,バンテリンドーム,13,14,0.6511840495542476,0.6923076923076923,0.39285714285714285,0.9230769230769231,-0.7857142857142857,2.923076923076923,2.4285714285714284,2.0,3.2142857142857144,1.0,1.0,0.29945054945054944,1.708791208791209,0.4945054945054945,-1.2142857142857144,0.0,away,3.0
20240414-Hiroshima_Toyo_Carp-Yomiuri_Giants,2024-04-14 14:00:00,2024,Hiroshima Toyo Carp,Yomiuri Giants,1.0,2.0,Final,東京ドーム,13,13,0.6159818987384241,0.6153846153846154,0.38461538461538464,1.1538461538461537,-0.46153846153846156,3.3846153846153846,2.3076923076923075,2.230769230769231,2.769230769230769,1.0,1.0,0.23076923076923078,1.6153846153846154,1.076923076923077,-0.5384615384615383,0.0,home,3.0
20240414-Hokkaido_Nippon-Ham_Fighters-Orix_Buffaloes,2024-04-14 14:00:00,2024,Hokkaido Nippon-Ham Fighters,Orix Buffaloes,3.0,6.0,Final,京セラD大阪,14,12,0.5231331951133473,0.42857142857142855,0.5,0.14285714285714285,-1.25,2.5,2.3333333333333335,2.357142857142857,3.5833333333333335,1.0,1.0,-0.07142857142857145,1.3928571428571428,0.16666666666666652,-1.2261904761904763,0.0,home,9.0
20240414-Tokyo_Yakult_Swallows-Yokohama_DeNA_BayStars,2024-04-14 14:00:00,2024,Tokyo Yakult Swallows,Yokohama DeNA BayStars,9.0,0.0,Final,横 浜,13,12,0.5663632352582183,0.5384615384615384,0.375,-0.46153846153846156,-0.3333333333333333,2.769230769230769,3.0,3.230769230769231,3.3333333333333335,1.0,1.0,0.16346153846153844,-0.12820512820512825,-0.23076923076923084,-0.10256410256410264,0.0,away,9.0
20240416-Fukuoka_SoftBank_Hawks-Hokkaido_Nippon-Ham_Fighters,2024-04-16 18:00:00,2024,Fukuoka SoftBank Hawks,Hokkaido Nippon-Ham Fighters,1.0,5.0,Final,エスコンＦ,13,14,0.4022314837747397,0.46153846153846156,0.7142857142857143,-1.3846153846153846,2.0714285714285716,2.3846153846153846,4.142857142857143,3.769230769230769,2.0714285714285716,2.0,2.0,-0.25274725274725274,-3.456043956043956,-1.7582417582417587,1.6978021978021975,0.0,home,6.0
20240416-Orix_Buffaloes-Tohoku_Rakuten_Golden_Eagles,2024-04-16 18:00:00,2024,Orix Buffaloes,Tohoku Rakuten Golden Eagles,2.0,6.0,Final,楽天モバイル,14,15,0.4826447420568944,0.39285714285714285,0.4666666666666667,-1.1428571428571428,0.3333333333333333,2.7857142857142856,2.7333333333333334,3.9285714285714284,2.4,2.0,2.0,-0.07380952380952382,-1.476190476190476,0.052380952380952195,1.5285714285714285,0.0,home,8.0
20240416-Saitama_Seibu_Lions-Chiba_Lotte_Marines,2024-04-16 18:00:00,2024,Saitama Seibu Lions,Chiba Lotte Marines,3.0,4.0,Final,ZOZOマリン,14,14,0.5862996574825994,0.5357142857142857,0.42857142857142855,-0.14285714285714285,0.14285714285714285,2.7857142857142856,3.0,2.9285714285714284,2.857142857142857,2.0,2.0,0.10714285714285715,-0.2857142857142857,-0.2142857142857144,0.07142857142857117,0.0,home,7.0
20240416-Tokyo_Yakult_Swallows-Chunichi_Dragons,2024-04-16 18:00:00,2024,Tokyo Yakult Swallows,Chunichi Dragons,2.0,3.0,Final,バンテリンドーム,14,13,0.612332465319082,0.6428571428571429,0.4230769230769231,0.7857142857142857,0.38461538461538464,2.7857142857142856,3.4615384615384617,2.0,3.076923076923077,2.0,2.0,0.21978021978021983,0.40109890109890106,-0.6758241758241761,-1.076923076923077,0.0,home,5.0
20240416-Yokohama_DeNA_BayStars-Hiroshima_Toyo_Carp,2024-04-16 18:00:00,2024,Yokohama DeNA BayStars,Hiroshima Toyo Carp,2.0,11.0,Final,マツダスタジアム,14,14,0.5166698924758347,0.35714285714285715,0.5,-0.5,-1.0714285714285714,2.2142857142857144,2.5714285714285716,2.7142857142857144,3.642857142857143,2.0,2.0,-0.14285714285714285,0.5714285714285714,-0.3571428571428572,-0.9285714285714284,0.0,home,13.0
20240416-Yomiuri_Giants-Hanshin_Tigers,2024-04-16 18:00:00,2024,Yomiuri Giants,Hanshin Tigers,1.0,1.0,Final,甲子園,15,14,0.4408360605322737,0.43333333333333335,0.6428571428571429,-0.6666666666666666,1.1428571428571428,2.4,3.2857142857142856,3.066666666666667,2.142857142857143,2.0,2.0,-0.20952380952380956,-1.8095238095238093,-0.8857142857142857,0.9238095238095241,0.0,draw,2.0
20240417-Fukuoka_SoftBank_Hawks-Hokkaido_Nippon-Ham_Fighters,2024-04-17 18:00:00,2024,Fukuoka SoftBank Hawks,Hokkaido Nippon-Ham Fighters,4.0,4.0,Final,エスコンＦ,14,15,0.4465823037859176,0.5,0.6666666666666666,-1.0,1.6666666666666667,2.5714285714285716,3.933333333333333,3.5714285714285716,2.2666666666666666,1.0,1.0,-0.16666666666666663,-2.666666666666667,-1.3619047619047615,1.304761904761905,0.0,draw,8.0
20240417-Orix_Buffaloes-Tohoku_Rakuten_Golden_Eagles,2024-04-17 18:00:00,2024,Orix Buffaloes,Tohoku Rakuten Golden Eagles,5.0,0.0,Final,楽天モバイル,15,16,0.5219350773972253,0.43333333333333335,0.4375,-0.8,0.0625,3.0,2.6875,3.8,2.625,1.0,1.0,-0.004166666666666652,-0.8625,0.3125,1.1749999999999998,0.0,away,5.0
20240417-Saitama_Seibu_Lions-Chiba_Lotte_Marines,2024-04-17 18:00:00,2024,Saitama Seibu Lions,Chiba Lotte Marines,0.0,2.0,Final,ZOZOマリン,15,15,0.6110119240298223,0.5666666666666667,0.4,-0.06666666666666667,0.06666666666666667,2.8666666666666667,3.0,2.933333333333333,2.933333333333333,1.0,1.0,0.16666666666666663,-0.13333333333333333,-0.1333333333333333,0.0,0.0,home,2.0
20240417-Tokyo_Yakult_Swallows-Chunichi_Dragons,2024-04-17 18:00:00,2024,Tokyo Yakult Swallows,Chunichi Dragons,0.0,2.0,Final,バンテリンドーム,15,14,0.6349546819920351,0.6666666666666666,0.39285714285714285,0.8,0.2857142857142857,2.8,3.357142857142857,2.0,3.0714285714285716,1.0,1.0,0.2738095238095238,0.5142857142857143,-0.5571428571428574,-1.0714285714285716,0.0,home,2.0
20240417-Yokohama_DeNA_BayStars-Hiroshima_Toyo_Carp,2024-04-17 18:00:00,2024,Yokohama DeNA BayStars,Hiroshima Toyo Carp,1.0,5.0,Final,マツダスタジアム,15,15,0.5608887260477818,0.4,0.4666666666666667,0.13333333333333333,-1.6,2.8,2.533333333333333,2.6666666666666665,4.133333333333334,1.0,1.0,-0.06666666666666665,1.7333333333333334,0.2666666666666666,-1.4666666666666672,0.0,home,6.0
20240417-Yomiuri_Giants-Hanshin_Tigers,2024-04-17 18:00:00,2024,Yomiuri Giants,Hanshin Tigers,0.0,2.0,Final,甲子園,16,15,0.4441967818268184,0.4375,0.6333333333333333,-0.625,1.0666666666666667,2.3125,3.1333333333333333,2.9375,2.066666666666667,1.0,1.0,-0.1958333333333333,-1.6916666666666667,-0.8208333333333333,0.8708333333333331,0.0,home,2.0
20240418-Orix_Buffaloes-Tohoku_Rakuten_Golden_Eagles,2024-04-18 18:00:00,2024,Orix Buffaloes,Tohoku Rakuten Golden Eagles,7.0,0.0,Final,楽天モバイル,16,17,0.47989701099524334,0.40625,0.47058823529411764,-1.0625,0.35294117647058826,2.8125,2.823529411764706,3.875,2.4705882352941178,1.0,1.0,-0.06433823529411764,-1.4154411764705883,-0.011029411764706065,1.4044117647058822,0.0,away,7.0
20240418-Tokyo_Yakult_Swallows-Chunichi_Dragons,2024-04-18 18:00:00,2024,Tokyo Yakult Swallows,Chunichi Dragons,11.0,5.0,Final,バンテリンドーム,16,15,0.6572438132502825,0.6875,0.36666666666666664,0.875,0.13333333333333333,2.75,3.1333333333333333,1.875,3.0,1.0,1.0,0.32083333333333336,0.7416666666666667,-0.3833333333333333,-1.125,0.0,away,16.0
20240418-Yomiuri_Giants-Hanshin_Tigers,2024-04-18 18:00:00,2024,Yomiuri Giants,Hanshin Tigers,1.0,2.0,Final,甲子園,17,16,0.4810861110205447,0.47058823529411764,0.59375,-0.47058823529411764,0.875,2.2941176470588234,2.9375,2.764705882352941,2.0625,1.0,1.0,-0.12316176470588236,-1.3455882352941178,-0.6433823529411766,0.7022058823529411,0.0,home,3.0
20240419-Chiba_Lotte_Marines-Hokkaido_Nippon-Ham_Fighters,2024-04-19 18:00:00,2024,Chiba Lotte Marines,Hokkaido Nippon-Ham Fighters,3.0,4.0,Final,エスコンＦ,15,16,0.4757968600829579,0.5,0.59375,-0.9333333333333333,0.0625,2.6666666666666665,2.8125,3.6,2.75,2.0,2.0,-0.09375,-0.9958333333333333,-0.14583333333333348,0.8500000000000001,0.0,home,7.0
20240419-Chunichi_Dragons-Hanshin_Tigers,2024-04-19 18:00:00,2024,Chunichi Dragons,Hanshin Tigers,0.0,7.0,Final,甲子園,18,17,0.482142968264962,0.5,0.6470588235294118,-0.3888888888888889,0.47058823529411764,2.2777777777777777,2.8823529411764706,2.6666666666666665,2.411764705882353,1.0,1.0,-0.1470588235294118,-0.8594771241830066,-0.6045751633986929,0.2549019607843137,0.0,home,7.0
20240419-Orix_Buffaloes-Fukuoka_SoftBank_Hawks,2024-04-19 18:00:00,2024,Orix Buffaloes,Fukuoka SoftBank Hawks,7.0,9.0,Final,PayPayドーム,16,18,0.5803286690434863,0.65625,0.5,1.5625,0.7222222222222222,3.9375,3.0555555555555554,2.375,2.3333333333333335,2.0,1.0,0.15625,0.8402777777777778,0.8819444444444446,0.04166666666666652,1.0,home,16.0
20240419-Tohoku_Rakuten_Golden_Eagles-Saitama_Seibu_Lions,2024-04-19 18:00:00,2024,Tohoku Rakuten Golden Eagles,Saitama Seibu Lions,4.0,5.0,Final,ベルーナドーム,16,17,0.5365470908138067,0.375,0.38235294117647056,-0.0625,-1.411764705882353,2.8125,2.6470588235294117,2.875,4.0588235294117645,2.0,1.0,-0.007352941176470562,1.349264705882353,0.1654411764705883,-1.1838235294117645,1.0,home,9.0
20240419-Yokohama_DeNA_BayStars-Tokyo_Yakult_Swallows,2024-04-19 18:00:00,2024,Yokohama DeNA BayStars,Tokyo Yakult Swallows,3.0,4.0,Final,神 宮,16,16,0.584842635295871,0.40625,0.4375,0.5,-1.75,3.625,2.4375,3.125,4.1875,1.0,2.0,-0.03125,2.25,1.1875,-1.0625,-1.0,home,7.0
20240419-Yomiuri_Giants-Hiroshima_Toyo_Carp,2024-04-19 18:00:00,2024,Yomiuri Giants,Hiroshima Toyo Carp,0.0,0.0,Final,マツダスタジアム,16,17,0.49089064431376167,0.4375,0.5588235294117647,0.375,0.7647058823529411,2.9375,2.823529411764706,2.5625,2.0588235294117645,2.0,1.0,-0.12132352941176472,-0.3897058823529411,0.11397058823529393,0.5036764705882355,1.0,draw,0.0
20240420-Chiba_Lotte_Marines-Hokkaido_Nippon-Ham_Fighters,2024-04-20 14:00:00,2024,Chiba Lotte Marines,Hokkaido Nippon-Ham Fighters,0.0,2.0,Final,エスコンＦ,16,17,0.5083667514611069,0.53125,0.5588235294117647,-0.8125,0.0,2.75,2.823529411764706,3.5625,2.823529411764706,1.0,1.0,-0.02757352941176472,-0.8125,-0.07352941176470607,0.7389705882352939,0.0,home,2.0
20240420-Chunichi_Dragons-Hanshin_Tigers,2024-04-20 14:00:00,2024,Chunichi Dragons,Hanshin Tigers,2.0,15.0,Final,甲子園,19,18,0.5286080762145484,0.5263157894736842,0.6111111111111112,0.0,0.05555555555555555,2.526315789473684,2.7222222222222223,2.526315789473684,2.6666666666666665,1.0,1.0,-0.08479532163742698,-0.05555555555555555,-0.19590643274853825,-0.14035087719298245,0.0,home,17.0
20240420-Orix_Buffaloes-Fukuoka_SoftBank_Hawks,2024-04-20 14:00:00,2024,Orix Buffaloes,Fukuoka SoftBank Hawks,3.0,3.0,Final,PayPayドーム,17,19,0.6073572284615946,0.6764705882352942,0.47368421052631576,1.588235294117647,0.5789473684210527,4.235294117647059,3.263157894736842,2.6470588235294117,2.6842105263157894,1.0,1.0,0.2027863777089784,1.0092879256965943,0.9721362229102168,-0.037151702786377694,0.0,draw,6.0
20240420-Tohoku_Rakuten_Golden_Eagles-Saitama_Seibu_Lions,2024-04-20 14:00:00,2024,Tohoku Rakuten Golden Eagles,Saitama Seibu Lions,8.0,2.0,Final,ベルーナドーム,17,18,0.5650543019323586,0.4117647058823529,0.3611111111111111,0.0,-1.3888888888888888,2.9411764705882355,2.7222222222222223,2.9411764705882355,4.111111111111111,1.0,1.0,0.05065359477124182,1.3888888888888888,0.21895424836601318,-1.1699346405228752,0.0,away,10.0
20240420-Yomiuri_Giants-Hiroshima_Toyo_Carp,2024-04-20 14:00:00,2024,Yomiuri Giants,Hiroshima Toyo Carp,2.0,6.0,Final,マツダスタジアム,17,18,0.491414856751051,0.4411764705882353,0.5555555555555556,0.35294117647058826,0.7222222222222222,2.764705882352941,2.6666666666666665,2.411764705882353,1.9444444444444444,1.0,1.0,-0.1143790849673203,-0.36928104575163395,0.0980392156862746,0.4673202614379084,0.0,home,8.0
20240420-Yokohama_DeNA_BayStars-Tokyo_Yakult_Swallows,2024-04-20 18:00:00,2024,Yokohama DeNA BayStars,Tokyo Yakult Swallows,7.0,4.0,Final,神 宮,17,17,0.6096702085446366,0.4411764705882353,0.4117647058823529,0.5294117647058824,-1.7058823529411764,3.6470588235294117,2.4705882352941178,3.1176470588235294,4.176470588235294,1.0,1.0,0.02941176470588236,2.235294117647059,1.176470588235294,-1.058823529411765,0.0,away,11.0
20240421-Chiba_Lotte_Marines-Hokkaido_Nippon-Ham_Fighters,2024-04-21 13:00:00,2024,Chiba Lotte Marines,Hokkaido Nippon-Ham Fighters,0.0,5.0,Final,エスコンＦ,17,18,0.5411033581485454,0.5588235294117647,0.5277777777777778,-0.6470588235294118,-0.1111111111111111,2.7058823529411766,2.6666666666666665,3.3529411764705883,2.7777777777777777,1.0,1.0,0.03104575163398693,-0.5359477124183007,0.03921568627451011,0.5751633986928106,0.0,home,5.0
20240421-Orix_Buffaloes-Fukuoka_SoftBank_Hawks,2024-04-21 13:00:00,2024,Orix Buffaloes,Fukuoka SoftBank Hawks,3.0,1.0,Final,PayPayドーム,18,20,0.6014467762930268,0.6666666666666666,0.475,1.5,0.55,4.166666666666667,3.25,2.6666666666666665,2.7,1.0,1.0,0.19166666666666665,0.95,0.916666666666667,-0.03333333333333366,0.0,away,4.0
20240421-Yomiuri_Giants-Hiroshima_Toyo_Carp,2024-04-21 13:30:00,2024,Yomiuri Giants,Hiroshima Toyo Carp,0.0,0.0,Final,マツダスタジアム,18,19,0.5300228511188382,0.4722222222222222,0.5263157894736842,0.5555555555555556,0.47368421052631576,2.9444444444444446,2.6315789473684212,2.388888888888889,2.1578947368421053,1.0,1.0,-0.05409356725146197,0.08187134502923982,0.3128654970760234,0.23099415204678353,0.0,draw,0.0
20240421-Chunichi_Dragons-Hanshin_Tigers,2024-04-21 14:00:00,2024,Chunichi Dragons,Hanshin Tigers,0.0,3.0,Final,甲子園,20,19,0.5715614363533127,0.55,0.5789473684210527,0.65,-0.631578947368421,3.15,2.6842105263157894,2.5,3.3157894736842106,1.0,1.0,-0.02894736842105261,1.2815789473684212,0.46578947368421053,-0.8157894736842106,0.0,home,3.0
20240421-Tohoku_Rakuten_Golden_Eagles-Saitama_Seibu_Lions,2024-04-21 14:00:00,2024,Tohoku Rakuten Golden Eagles,Saitama Seibu Lions,1.0,0.0,Final,ベルーナドーム,18,19,0.5172781111781987,0.3888888888888889,0.39473684210526316,-0.3333333333333333,-1.0,2.888888888888889,3.0,3.2222222222222223,4.0,1.0,1.0,-0.005847953216374269,0.6666666666666667,-0.11111111111111116,-0.7777777777777777,0.0,away,1.0
20240421-Yokohama_DeNA_BayStars-Tokyo_Yakult_Swallows,2024-04-21 18:00:00,2024,Yokohama DeNA BayStars,Tokyo Yakult Swallows,8.0,3.0,Final,神 宮,18,18,0.5675477065585608,0.4166666666666667,0.4444444444444444,0.3333333333333333,-1.4444444444444444,3.6666666666666665,2.7222222222222223,3.3333333333333335,4.166666666666667,1.0,1.0,-0.027777777777777735,1.7777777777777777,0.9444444444444442,-0.8333333333333335,0.0,away,11.0
20240423-Hanshin_Tigers-Yokohama_DeNA_BayStars,2024-04-23 17:30:00,2024,Hanshin Tigers,Yokohama DeNA BayStars,1.0,1.0,Final,横 浜,19,21,0.4129267038640799,0.47368421052631576,0.6,-1.105263157894737,1.0,3.0,3.3,4.105263157894737,2.3,2.0,2.0,-0.12631578947368421,-2.105263157894737,-0.2999999999999998,1.8052631578947373,0.0,draw,2.0
20240423-Chunichi_Dragons-Yomiuri_Giants,2024-04-23 18:00:00,2024,Chunichi Dragons,Yomiuri Giants,0.0,2.0,Final,ひたちなか,20,20,0.539031092644368,0.525,0.55,0.45,-0.75,2.5,2.55,2.05,3.3,2.0,2.0,-0.025000000000000022,1.2,-0.04999999999999982,-1.25,0.0,home,2.0
20240423-Fukuoka_SoftBank_Hawks-Chiba_Lotte_Marines,2024-04-23 18:00:00,2024,Fukuoka SoftBank Hawks,Chiba Lotte Marines,4.0,2.0,Final,ZOZOマリン,19,19,0.4604979820365872,0.5,0.631578947368421,-0.3684210526315789,1.3157894736842106,2.526315789473684,4.0,2.8947368421052633,2.6842105263157894,2.0,2.0,-0.13157894736842102,-1.6842105263157896,-1.473684210526316,0.2105263157894739,0.0,away,6.0
20240423-Hiroshima_Toyo_Carp-Tokyo_Yakult_Swallows,2024-04-23 18:00:00,2024,Hiroshima Toyo Carp,Tokyo Yakult Swallows,2.0,0.0,Final,神 宮,19,19,0.4694890574222954,0.39473684210526316,0.47368421052631576,0.05263157894736842,0.5263157894736842,3.6315789473684212,2.789473684210526,3.5789473684210527,2.263157894736842,2.0,2.0,-0.0789473684210526,-0.47368421052631576,0.8421052631578951,1.3157894736842106,0.0,away,2.0
20240423-Hokkaido_Nippon-Ham_Fighters-Tohoku_Rakuten_Golden_Eagles,2024-04-23 18:00:00,2024,Hokkaido Nippon-Ham Fighters,Tohoku Rakuten Golden Eagles,4.0,3.0,Final,楽天モバイル,20,18,0.4387245650920802,0.425,0.5833333333333334,-0.9,-0.3333333333333333,2.9,2.8333333333333335,3.8,3.1666666666666665,2.0,2.0,-0.15833333333333338,-0.5666666666666667,0.06666666666666643,0.6333333333333333,0.0,away,7.0
20240423-Saitama_Seibu_Lions-Orix_Buffaloes,2024-04-23 18:00:00,2024,Saitama Seibu Lions,Orix Buffaloes,1.0,2.0,Final,京セラD大阪,21,19,0.6436824333112657,0.525,0.3684210526315789,0.75,-0.3684210526315789,3.35,2.736842105263158,2.6,3.1052631578947367,2.0,2.0,0.1565789473684211,1.118421052631579,0.6131578947368421,-0.5052631578947366,0.0,home,3.0
20240424-Hanshin_Tigers-Yokohama_DeNA_BayStars,2024-04-24 17:30:00,2024,Hanshin Tigers,Yokohama DeNA BayStars,5.0,3.0,Final,横 浜,20,22,0.4177953726957931,0.475,0.625,-1.05,1.25,2.9,3.35,3.95,2.1,1.0,1.0,-0.15000000000000002,-2.3,-0.4500000000000002,1.85,0.0,away,8.0
20240424-Chunichi_Dragons-Yomiuri_Giants,2024-04-24 18:00:00,2024,Chunichi Dragons,Yomiuri Giants,3.0,2.0,Final,東京ドーム,21,21,0.569440162114532,0.525,0.55,0.35,-0.7,2.4,2.35,2.05,3.05,1.0,1.0,-0.025000000000000022,1.0499999999999998,0.04999999999999982,-1.0,0.0,away,5.0
20240424-Fukuoka_SoftBank_Hawks-Chiba_Lotte_Marines,2024-04-24 18:00:00,2024,Fukuoka SoftBank Hawks,Chiba Lotte Marines,10.0,1.0,Final,ZOZOマリン,20,20,0.43012602247461507,0.475,0.65,-0.45,1.35,2.5,4.0,2.95,2.65,1.0,1.0,-0.17500000000000004,-1.8,-1.5,0.30000000000000027,0.0,away,11.0
20240424-Hiroshima_Toyo_Carp-Tokyo_Yakult_Swallows,2024-04-24 18:00:00,2024,Hiroshima Toyo Carp,Tokyo Yakult Swallows,,,Postponed,神 宮,20,20,0.43841527889123955,0.375,0.5,-0.05,0.6,3.45,2.75,3.5,2.15,1.0,1.0,-0.125,-0.65,0.7000000000000002,1.35,0.0,,
20240424-Hokkaido_Nippon-Ham_Fighters-Tohoku_Rakuten_Golden_Eagles,2024-04-24 18:00:00,2024,Hokkaido Nippon-Ham Fighters,Tohoku Rakuten Golden Eagles,,,Postponed,楽天モバイル,21,19,0.4120634663568521,0.425,0.6052631578947368,-0.9,-0.2631578947368421,3.05,2.8947368421052633,3.95,3.1578947368421053,1.0,1.0,-0.18026315789473685,-0.6368421052631579,0.15526315789473655,0.7921052631578949,0.0,,
20240424-Saitama_Seibu_Lions-Orix_Buffaloes,2024-04-24 18:00:00,2024,Saitama Seibu Lions,Orix Buffaloes,3.0,4.0,Final,京セラD大阪,22,20,0.6637368846352943,0.525,0.35,0.7,-0.4,3.35,2.65,2.65,3.05,1.0,1.0,0.17500000000000004,1.1,0.7000000000000002,-0.3999999999999999,0.0,home,7.0
20240425-Chunichi_Dragons-Yomiuri_Giants,2024-04-25 18:00:00,2024,Chunichi Dragons,Yomiuri Giants,2.0,3.0,Final,東京ドーム,22,22,0.5344352700585935,0.475,0.575,0.05,-0.65,2.25,2.45,2.2,3.1,1.0,1.0,-0.09999999999999998,0.7000000000000001,-0.20000000000000018,-0.8999999999999999,0.0,home,5.0
20240425-Fukuoka_SoftBank_Hawks-Chiba_Lotte_Marines,2024-04-25 18:00:00,2024,Fukuoka SoftBank Hawks,Chiba Lotte Marines,6.0,0.0,Final,ZOZOマリン,21,21,0.39178831987726775,0.475,0.65,-0.75,1.7,2.5,4.35,3.25,2.65,1.0,1.0,-0.17500000000000004,-2.45,-1.8499999999999996,0.6000000000000001,0.0,away,6.0
20240425-Hiroshima_Toyo_Carp-Tokyo_Yakult_Swallows,2024-04-25 18:00:00,2024,Hiroshima Toyo Carp,Tokyo Yakult Swallows,8.0,9.0,Final,神 宮,20,20,0.43841527889123955,0.375,0.5,-0.05,0.6,3.45,2.75,3.5,2.15,2.0,2.0,-0.125,-0.65,0.7000000000000002,1.35,0.0,home,17.0
20240425-Hokkaido_Nippon-Ham_Fighters-Tohoku_Rakuten_Golden_Eagles,2024-04-25 18:00:00,2024,Hokkaido Nippon-Ham Fighters,Tohoku Rakuten Golden Eagles,1.0,5.0,Final,楽天モバイル,21,19,0.4120634663568521,0.425,0.6052631578947368,-0.9,-0.2631578947368421,3.05,2.8947368421052633,3.95,3.1578947368421053,2.0,2.0,-0.18026315789473685,-0.6368421052631579,0.15526315789473655,0.7921052631578949,0.0,home,6.0
20240425-Saitama_Seibu_Lions-Orix_Buffaloes,2024-04-25 18:00:00,2024,Saitama Seibu Lions,Orix Buffaloes,3.0,1.0,Final,京セラD大阪,23,21,0.682137752816596,0.575,0.3,0.9,-0.5,3.45,2.75,2.55,3.25,1.0,1.0,0.27499999999999997,1.4,0.7000000000000002,-0.7000000000000002,0.0,away,4.0
20240426-Yomiuri_Giants-Yokohama_DeNA_BayStars,2024-04-26 17:30:00,2024,Yomiuri Giants,Yokohama DeNA BayStars,2.0,7.0,Final,横 浜,21,23,0.4521003470770828,0.425,0.525,-1.2,0.35,2.85,2.4,4.05,2.05,2.0,1.0,-0.10000000000000003,-1.5499999999999998,0.4500000000000002,2.0,1.0,home,9.0
20240426-Tokyo_Yakult_Swallows-Hanshin_Tigers,2024-04-26 18:00:00,2024,Tokyo Yakult Swallows,Hanshin Tigers,8.0,2.0,Final,甲子園,23,21,0.6563375265702777,0.625,0.375,1.1,-0.15,3.35,3.55,2.25,3.7,2.0,1.0,0.25,1.25,-0.19999999999999973,-1.4500000000000002,1.0,away,10.0
20240427-Hiroshima_Toyo_Carp-Chunichi_Dragons,2024-04-27 14:00:00,2024,Hiroshima Toyo Carp,Chunichi Dragons,6.0,4.0,Final,バンテリンドーム,23,21,0.5085248034719868,0.575,0.5,-0.55,0.6,2.45,3.0,3.0,2.4,2.0,2.0,0.07499999999999996,-1.15,-0.5499999999999998,0.6000000000000001,0.0,away,10.0
20240427-Orix_Buffaloes-Hokkaido_Nippon-Ham_Fighters,2024-04-27 14:00:00,2024,Orix Buffaloes,Hokkaido Nippon-Ham Fighters,0.0,9.0,Final,エスコンＦ,20,24,0.5362254643206791,0.575,0.575,-0.45,0.85,2.8,3.45,3.25,2.6,2.0,2.0,0.0,-1.3,-0.6500000000000004,0.6499999999999999,0.0,home,9.0
20240427-Saitama_Seibu_Lions-Fukuoka_SoftBank_Hawks,2024-04-27 14:00:00,2024,Saitama Seibu Lions,Fukuoka SoftBank Hawks,1.0,2.0,Final,みずほPayPay,22,22,0.7169959910849065,0.7,0.3,2.1,-0.7,4.65,2.5,2.55,3.2,2.0,2.0,0.39999999999999997,2.8,2.1500000000000004,-0.6500000000000004,0.0,home,3.0
20240427-Tohoku_Rakuten_Golden_Eagles-Chiba_Lotte_Marines,2024-04-27 14:00:00,2024,Tohoku Rakuten Golden Eagles,Chiba Lotte Marines,4.0,1.0,Final,ZOZOマリン,22,22,0.5091800763551269,0.425,0.475,-1.2,-0.4,2.35,3.2,3.55,3.6,2.0,2.0,-0.04999999999999999,-0.7999999999999999,-0.8500000000000001,-0.050000000000000266,0.0,away,5.0
20240427-Tokyo_Yakult_Swallows-Hanshin_Tigers,2024-04-27 14:00:00,2024,Tokyo Yakult Swallows,Hanshin Tigers,4.0,5.0,Final,甲子園,24,22,0.6042838269886435,0.625,0.4,0.9,0.15,3.3,3.9,2.4,3.75,1.0,1.0,0.22499999999999998,0.75,-0.6000000000000001,-1.35,0.0,home,9.0
20240427-Yomiuri_Giants-Yokohama_DeNA_BayStars,2024-04-27 14:00:00,2024,Yomiuri Giants,Yokohama DeNA BayStars,2.0,1.0,Final,横 浜,22,24,0.4961085753699285,0.425,0.525,-1.2,0.15,2.9,2.35,4.1,2.2,1.0,1.0,-0.10000000000000003,-1.3499999999999999,0.5499999999999998,1.8999999999999995,0.0,away,3.0
20240428-Orix_Buffaloes-Hokkaido_Nippon-Ham_Fighters,2024-04-28 13:00:00,2024,Orix Buffaloes,Hokkaido Nippon-Ham Fighters,5.0,4.0,Final,エスコンＦ,21,25,0.5783532708652747,0.575,0.575,-0.15,0.55,3.05,3.45,3.2,2.9,1.0,1.0,0.0,-0.7000000000000001,-0.40000000000000036,0.30000000000000027,0.0,away,9.0
20240428-Saitama_Seibu_Lions-Fukuoka_SoftBank_Hawks,2024-04-28 13:00:00,2024,Saitama Seibu Lions,Fukuoka SoftBank Hawks,2.0,3.0,Final,みずほPayPay,23,23,0.7310559034694865,0.7,0.3,2.0,-0.7,4.5,2.4,2.5,3.1,1.0,1.0,0.39999999999999997,2.7,2.1,-0.6000000000000001,0.0,home,5.0
20240428-Hiroshima_Toyo_Carp-Chunichi_Dragons,2024-04-28 13:30:00,2024,Hiroshima Toyo Carp,Chunichi Dragons,0.0,0.0,Final,バンテリンドーム,24,22,0.4745908094137139,0.525,0.55,-0.7,0.95,2.45,3.25,3.15,2.3,1.0,1.0,-0.025000000000000022,-1.65,-0.7999999999999998,0.8500000000000001,0.0,draw,0.0
20240428-Tohoku_Rakuten_Golden_Eagles-Chiba_Lotte_Marines,2024-04-28 14:00:00,2024,Tohoku Rakuten Golden Eagles,Chiba Lotte Marines,1.0,10.0,Final,ZOZOマリン,23,23,0.47286245834170093,0.425,0.475,-1.3,-0.3,2.3,3.2,3.6,3.5,1.0,1.0,-0.04999999999999999,-1.0,-0.9000000000000004,0.10000000000000009,0.0,home,11.0
20240428-Tokyo_Yakult_Swallows-Hanshin_Tigers,2024-04-28 14:00:00,2024,Tokyo Yakult Swallows,Hanshin Tigers,3.0,4.0,Final,甲子園,25,23,0.6275576217592781,0.625,0.35,0.8,-0.05,3.3,3.85,2.5,3.9,1.0,1.0,0.275,0.8500000000000001,-0.5500000000000003,-1.4,0.0,home,7.0
20240428-Yomiuri_Giants-Yokohama_DeNA_BayStars,2024-04-28 14:00:00,2024,Yomiuri Giants,Yokohama DeNA BayStars,6.0,2.0,Final,横 浜,23,25,0.465321294900789,0.425,0.575,-1.05,0.35,2.9,2.35,3.95,2.0,1.0,1.0,-0.14999999999999997,-1.4,0.5499999999999998,1.9500000000000002,0.0,away,8.0
20240429-Orix_Buffaloes-Hokkaido_Nippon-Ham_Fighters,2024-04-29 13:00:00,2024,Orix Buffaloes,Hokkaido Nippon-Ham Fighters,0.0,1.0,Final,エスコンＦ,22,26,0.5429421049346939,0.575,0.575,-0.05,0.55,3.25,3.6,3.3,3.05,1.0,1.0,0.0,-0.6000000000000001,-0.3500000000000001,0.25,0.0,home,1.0
20240429-Saitama_Seibu_Lions-Fukuoka_SoftBank_Hawks,2024-04-29 13:00:00,2024,Saitama Seibu Lions,Fukuoka SoftBank Hawks,4.0,5.0,Final,みずほPayPay,24,24,0.744000686333293,0.7,0.25,1.95,-0.8,4.55,2.4,2.6,3.2,1.0,1.0,0.44999999999999996,2.75,2.15,-0.6000000000000001,0.0,home,9.0
20240429-Tohoku_Rakuten_Golden_Eagles-Chiba_Lotte_Marines,2024-04-29 14:00:00,2024,Tohoku Rakuten Golden Eagles,Chiba Lotte Marines,8.0,6.0,Final,ZOZOマリン,24,24,0.5213738921897908,0.475,0.425,-0.75,-0.85,2.8,3.05,3.55,3.9,1.0,1.0,0.04999999999999999,0.09999999999999998,-0.25,-0.3500000000000001,0.0,away,14.0
20240429-Tokyo_Yakult_Swallows-Yomiuri_Giants,2024-04-29 14:00:00,2024,Tokyo Yakult Swallows,Yomiuri Giants,9.0,0.0,Final,東京ドーム,26,24,0.6043320182608051,0.575,0.35,0.45,-0.05,2.55,3.95,2.1,4.0,1.0,1.0,0.22499999999999998,0.5,-1.4000000000000004,-1.9,0.0,away,9.0
20240429-Yokohama_DeNA_BayStars-Chunichi_Dragons,2024-04-29 14:00:00,2024,Yokohama DeNA BayStars,Chunichi Dragons,1.0,11.0,Final,バンテリンドーム,25,24,0.5653593672157359,0.5,0.375,-0.85,-1.35,2.2,2.75,3.05,4.1,1.0,1.0,0.125,0.5000000000000001,-0.5499999999999998,-1.0499999999999998,0.0,home,12.0
20240429-Hanshin_Tigers-Hiroshima_Toyo_Carp,2024-04-29 18:00:00,2024,Hanshin Tigers,Hiroshima Toyo Carp,,,Postponed,マツダスタジアム,23,26,0.4719355272741651,0.525,0.675,0.75,0.9,3.0,3.4,2.25,2.5,1.0,1.0,-0.15000000000000002,-0.15000000000000002,-0.3999999999999999,-0.25,0.0,,
20240430-Chiba_Lotte_Marines-Orix_Buffaloes,2024-04-30 18:00:00,2024,Chiba Lotte Marines,Orix Buffaloes,1.0,0.0,Final,ほっと神戸,27,25,0.6059331414835886,0.575,0.425,0.55,-0.95,3.6,2.9,3.05,3.85,1.0,1.0,0.14999999999999997,1.5,0.7000000000000002,-0.8000000000000003,0.0,away,1.0
20240430-Hanshin_Tigers-Hiroshima_Toyo_Carp,2024-04-30 18:00:00,2024,Hanshin Tigers,Hiroshima Toyo Carp,7.0,1.0,Final,マツダスタジアム,23,26,0.4719355272741651,0.525,0.675,0.75,0.9,3.0,3.4,2.25,2.5,2.0,2.0,-0.15000000000000002,-0.15000000000000002,-0.3999999999999999,-0.25,0.0,away,8.0
20240430-Hokkaido_Nippon-Ham_Fighters-Saitama_Seibu_Lions,2024-04-30 18:00:00,2024,Hokkaido Nippon-Ham Fighters,Saitama Seibu Lions,2.0,1.0,Final,ベルーナドーム,25,23,0.3654024878209529,0.2,0.575,-1.0,-0.05,2.45,3.15,3.45,3.2,1.0,1.0,-0.37499999999999994,-0.95,-0.6999999999999997,0.25,0.0,away,3.0
20240430-Tohoku_Rakuten_Golden_Eagles-Fukuoka_SoftBank_Hawks,2024-04-30 18:00:00,2024,Tohoku Rakuten Golden Eagles,Fukuoka SoftBank Hawks,0.0,8.0,Final,みずほPayPay,25,25,0.6857688279043203,0.75,0.475,2.1,-0.65,4.7,3.35,2.6,4.0,1.0,1.0,0.275,2.75,1.35,-1.4,0.0,home,8.0
20240430-Tokyo_Yakult_Swallows-Yomiuri_Giants,2024-04-30 18:00:00,2024,Tokyo Yakult Swallows,Yomiuri Giants,4.0,3.0,Final,東京ドーム,27,25,0.5500577850044718,0.575,0.4,0.05,0.55,2.5,4.25,2.45,3.7,1.0,1.0,0.17499999999999993,-0.5,-1.75,-1.25,0.0,away,7.0
20240430-Yokohama_DeNA_BayStars-Chunichi_Dragons,2024-04-30 18:00:00,2024,Yokohama DeNA BayStars,Chunichi Dragons,2.0,1.0,Final,バンテリンドーム,26,25,0.6042175313716056,0.55,0.375,-0.25,-1.7,2.75,2.7,3.0,4.4,1.0,1.0,0.17500000000000004,1.45,0.04999999999999982,-1.4000000000000004,0.0,away,3.0
20240501-Chiba_Lotte_Marines-Orix_Buffaloes,2024-05-01 18:00:00,2024,Chiba Lotte Marines,Orix Buffaloes,6.0,3.0,Final,ほっと神戸,28,26,0.5694398450970027,0.525,0.475,0.1,-0.55,3.15,2.9,3.05,3.45,1.0,1.0,0.050000000000000044,0.65,0.25,-0.40000000000000036,0.0,away,9.0
20240501-Hanshin_Tigers-Hiroshima_Toyo_Carp,2024-05-01 18:00:00,2024,Hanshin Tigers,Hiroshima Toyo Carp,2.0,2.0,Final,マツダスタジアム,24,27,0.4321208309190533,0.475,0.675,0.4,1.15,2.95,3.4,2.55,2.25,1.0,1.0,-0.20000000000000007,-0.7499999999999999,-0.44999999999999973,0.2999999999999998,0.0,draw,4.0
20240501-Hokkaido_Nippon-Ham_Fighters-Saitama_Seibu_Lions,2024-05-01 18:00:00,2024,Hokkaido Nippon-Ham Fighters,Saitama Seibu Lions,1.0,3.0,Final,ベルーナドーム,26,24,0.3446004316063395,0.2,0.625,-1.0,0.1,2.45,3.15,3.45,3.05,1.0,1.0,-0.425,-1.1,-0.6999999999999997,0.40000000000000036,0.0,home,4.0
20240501-Tohoku_Rakuten_Golden_Eagles-Fukuoka_SoftBank_Hawks,2024-05-01 18:00:00,2024,Tohoku Rakuten Golden Eagles,Fukuoka SoftBank Hawks,4.0,3.0,Final,みずほPayPay,26,26,0.7101635908051842,0.75,0.475,2.15,-0.8,4.7,3.3,2.55,4.1,1.0,1.0,0.275,2.95,1.4000000000000004,-1.5499999999999998,0.0,away,7.0
20240501-Tokyo_Yakult_Swallows-Yomiuri_Giants,2024-05-01 18:00:00,2024,Tokyo Yakult Swallows,Yomiuri Giants,4.0,0.0,Final,東京ドーム,28,26,0.5160235732349647,0.575,0.45,0.1,0.65,2.45,4.15,2.35,3.5,1.0,1.0,0.12499999999999994,-0.55,-1.7000000000000002,-1.15,0.0,away,4.0
20240501-Yokohama_DeNA_BayStars-Chunichi_Dragons,2024-05-01 18:00:00,2024,Yokohama DeNA BayStars,Chunichi Dragons,12.0,1.0,Final,バンテリンドーム,27,26,0.5677834154359409,0.5,0.375,-0.35,-1.7,2.75,2.65,3.1,4.35,1.0,1.0,0.125,1.35,0.10000000000000009,-1.2499999999999996,0.0,away,13.0
20240503-Chiba_Lotte_Marines-Tohoku_Rakuten_Golden_Eagles,2024-05-03 13:00:00,2024,Chiba Lotte Marines,Tohoku Rakuten Golden Eagles,1.0,12.0,Final,楽天モバイル,27,27,0.5393566066764404,0.525,0.475,-0.7,-0.45,3.3,3.15,4.0,3.6,2.0,2.0,0.050000000000000044,-0.24999999999999994,0.1499999999999999,0.3999999999999999,0.0,home,13.0
20240503-Hokkaido_Nippon-Ham_Fighters-Orix_Buffaloes,2024-05-03 13:00:00,2024,Hokkaido Nippon-Ham Fighters,Orix Buffaloes,3.0,0.0,Final,京セラD大阪,29,25,0.4575685020751915,0.525,0.575,0.1,-0.1,3.2,3.0,3.1,3.1,2.0,2.0,-0.04999999999999993,0.2,0.20000000000000018,0.0,0.0,away,3.0
20240503-Chunichi_Dragons-Tokyo_Yakult_Swallows,2024-05-03 14:00:00,2024,Chunichi Dragons,Tokyo Yakult Swallows,3.0,5.0,Final,神 宮,27,28,0.6016117633019963,0.5,0.45,0.9,-1.1,4.2,2.6,3.3,3.7,2.0,2.0,0.04999999999999999,2.0,1.6,-0.40000000000000036,0.0,home,8.0
20240503-Yokohama_DeNA_BayStars-Hiroshima_Toyo_Carp,2024-05-03 14:00:00,2024,Yokohama DeNA BayStars,Hiroshima Toyo Carp,2.0,0.0,Final,マツダスタジアム,25,27,0.574856132948573,0.45,0.375,0.25,-1.2,2.75,3.15,2.5,4.35,2.0,2.0,0.07500000000000001,1.45,-0.3999999999999999,-1.8499999999999996,0.0,away,2.0
20240503-Fukuoka_SoftBank_Hawks-Saitama_Seibu_Lions,2024-05-03 18:00:00,2024,Fukuoka SoftBank Hawks,Saitama Seibu Lions,0.0,1.0,Final,ベルーナドーム,27,27,0.3041193629348388,0.25,0.7,-0.85,1.85,2.5,4.55,3.35,2.7,2.0,2.0,-0.44999999999999996,-2.7,-2.05,0.6499999999999999,0.0,home,1.0
20240503-Hanshin_Tigers-Yomiuri_Giants,2024-05-03 18:00:00,2024,Hanshin Tigers,Yomiuri Giants,5.0,8.0,Final,東京ドーム,29,28,0.3997685590804815,0.525,0.65,-0.25,1.1,2.3,3.3,2.55,2.2,2.0,2.0,-0.125,-1.35,-1.0,0.34999999999999964,0.0,home,13.0
20240504-Chiba_Lotte_Marines-Tohoku_Rakuten_Golden_Eagles,2024-05-04 13:00:00,2024,Chiba Lotte Marines,Tohoku Rakuten Golden Eagles,2.0,0.0,Final,楽天モバイル,28,28,0.5811412433537949,0.525,0.475,-0.2,-0.6,3.75,3.15,3.95,3.75,1.0,1.0,0.050000000000000044,0.39999999999999997,0.6000000000000001,0.20000000000000018,0.0,away,2.0
20240504-Fukuoka_SoftBank_Hawks-Saitama_Seibu_Lions,2024-05-04 13:00:00,2024,Fukuoka SoftBank Hawks,Saitama Seibu Lions,4.0,5.0,Final,ベルーナドーム,28,28,0.34192964504205103,0.25,0.65,-0.95,1.75,2.3,4.3,3.25,2.55,1.0,1.0,-0.4,-2.7,-2.0,0.7000000000000002,0.0,home,9.0
20240504-Hokkaido_Nippon-Ham_Fighters-Orix_Buffaloes,2024-05-04 13:00:00,2024,Hokkaido Nippon-Ham Fighters,Orix Buffaloes,1.0,3.0,Final,京セラD大阪,30,26,0.4253667159360566,0.475,0.575,-0.1,0.0,2.95,3.0,3.05,3.0,1.0,1.0,-0.09999999999999998,-0.1,-0.04999999999999982,0.04999999999999982,0.0,home,4.0
20240504-Yokohama_DeNA_BayStars-Hiroshima_Toyo_Carp,2024-05-04 13:30:00,2024,Yokohama DeNA BayStars,Hiroshima Toyo Carp,1.0,4.0,Final,マツダスタジアム,26,28,0.536969454129916,0.45,0.375,0.2,-1.2,2.75,2.95,2.55,4.15,1.0,1.0,0.07500000000000001,1.4,-0.20000000000000018,-1.6000000000000005,0.0,home,5.0
20240504-Chunichi_Dragons-Tokyo_Yakult_Swallows,2024-05-04 18:00:00,2024,Chunichi Dragons,Tokyo Yakult Swallows,7.0,7.0,Final,神 宮,28,29,0.626819118678283,0.5,0.4,0.9,-1.25,4.3,2.7,3.4,3.95,1.0,1.0,0.09999999999999998,2.15,1.5999999999999996,-0.5500000000000003,0.0,draw,14.0
20240504-Hanshin_Tigers-Yomiuri_Giants,2024-05-04 18:00:00,2024,Hanshin Tigers,Yomiuri Giants,1.0,2.0,Final,東京ドーム,30,29,0.44150628088017424,0.525,0.65,-0.2,1.05,2.55,3.5,2.75,2.45,1.0,1.0,-0.125,-1.25,-0.9500000000000002,0.2999999999999998,0.0,home,3.0
20240505-Chiba_Lotte_Marines-Tohoku_Rakuten_Golden_Eagles,2024-05-05 13:00:00,2024,Chiba Lotte Marines,Tohoku Rakuten Golden Eagles,4.0,1.0,Final,楽天モバイル,29,29,0.542953194459546,0.525,0.475,-0.25,-0.65,3.55,3.0,3.8,3.65,1.0,1.0,0.050000000000000044,0.4,0.5499999999999998,0.1499999999999999,0.0,away,5.0
20240505-Fukuoka_SoftBank_Hawks-Saitama_Seibu_Lions,2024-05-05 13:00:00,2024,Fukuoka SoftBank Hawks,Saitama Seibu Lions,4.0,0.0,Final,ベルーナドーム,29,29,0.3796442566566989,0.25,0.65,-1.4,1.75,2.0,4.4,3.4,2.65,1.0,1.0,-0.4,-3.15,-2.4000000000000004,0.75,0.0,away,4.0
20240505-Hokkaido_Nippon-Ham_Fighters-Orix_Buffaloes,2024-05-05 13:00:00,2024,Hokkaido Nippon-Ham Fighters,Orix Buffaloes,6.0,3.0,Final,京セラD大阪,31,27,0.4632424497495083,0.525,0.575,0.05,0.05,2.9,2.95,2.85,2.9,1.0,1.0,-0.04999999999999993,0.0,-0.050000000000000266,-0.04999999999999982,0.0,away,9.0
20240505-Yokohama_DeNA_BayStars-Hiroshima_Toyo_Carp,2024-05-05 13:30:00,2024,Yokohama DeNA BayStars,Hiroshima Toyo Carp,5.0,0.0,Final,マツダスタジアム,27,29,0.5696327452400938,0.5,0.375,0.55,-1.2,2.95,3.0,2.4,4.2,1.0,1.0,0.125,1.75,-0.04999999999999982,-1.8000000000000003,0.0,away,5.0
20240505-Hanshin_Tigers-Yomiuri_Giants,2024-05-05 14:00:00,2024,Hanshin Tigers,Yomiuri Giants,4.0,2.0,Final,東京ドーム,31,30,0.4759771701495341,0.525,0.6,-0.4,0.95,2.4,3.5,2.8,2.55,1.0,1.0,-0.07499999999999996,-1.35,-1.1,0.25,0.0,away,6.0
20240505-Chunichi_Dragons-Tokyo_Yakult_Swallows,2024-05-05 18:00:00,2024,Chunichi Dragons,Tokyo Yakult Swallows,6.0,3.0,Final,神 宮,29,30,0.6199635677657682,0.525,0.375,1.0,-1.35,4.6,2.9,3.6,4.25,1.0,1.0,0.15000000000000002,2.35,1.6999999999999997,-0.6499999999999999,0.0,away,9.0
20240506-Saitama_Seibu_Lions-Chiba_Lotte_Marines,2024-05-06 14:00:00,2024,Saitama Seibu Lions,Chiba Lotte Marines,1.0,8.0,Final,ZOZOマリン,30,30,0.5915945947010494,0.475,0.25,-0.75,-1.35,2.95,2.0,3.7,3.35,1.0,1.0,0.22499999999999998,0.6000000000000001,0.9500000000000002,0.3500000000000001,0.0,home,9.0
20240506-Hiroshima_Toyo_Carp-Hanshin_Tigers,2024-05-06 18:00:00,2024,Hiroshima Toyo Carp,Hanshin Tigers,,,Postponed,甲子園,31,28,0.6221656212962758,0.65,0.5,1.25,0.35,3.6,2.95,2.35,2.6,1.0,1.0,0.15000000000000002,0.9,0.6499999999999999,-0.25,0.0,,
20240506-Hokkaido_Nippon-Ham_Fighters-Fukuoka_SoftBank_Hawks,2024-05-06 18:00:00,2024,Hokkaido Nippon-Ham Fighters,Fukuoka SoftBank Hawks,4.0,9.0,Final,みずほPayPay,30,28,0.5768161437856218,0.7,0.625,2.05,0.7,4.5,3.2,2.45,2.5,1.0,1.0,0.07499999999999996,1.3499999999999999,1.2999999999999998,-0.04999999999999982,0.0,home,13.0
20240506-Orix_Buffaloes-Tohoku_Rakuten_Golden_Eagles,2024-05-06 18:00:00,2024,Orix Buffaloes,Tohoku Rakuten Golden Eagles,4.0,2.0,Final,楽天モバイル,30,32,0.5350289743872262,0.475,0.475,-0.45,-0.15,3.35,2.95,3.8,3.1,1.0,1.0,0.0,-0.30000000000000004,0.3999999999999999,0.6999999999999997,0.0,away,6.0
20240506-Tokyo_Yakult_Swallows-Yokohama_DeNA_BayStars,2024-05-06 18:00:00,2024,Tokyo Yakult Swallows,Yokohama DeNA BayStars,5.0,6.0,Final,横 浜,30,30,0.5054882738648557,0.425,0.525,-0.85,1.1,3.2,4.75,4.05,3.65,1.0,1.0,-0.10000000000000003,-1.9500000000000002,-1.5499999999999998,0.3999999999999999,0.0,home,11.0
20240506-Yomiuri_Giants-Chunichi_Dragons,2024-05-06 18:00:00,2024,Yomiuri Giants,Chunichi Dragons,0.0,2.0,Final,バンテリンドーム,31,32,0.49606600567091724,0.375,0.475,-1.45,-0.75,2.9,2.05,4.35,2.8,1.0,1.0,-0.09999999999999998,-0.7,0.8500000000000001,1.5499999999999998,0.0,home,2.0
20240507-Hiroshima_Toyo_Carp-Hanshin_Tigers,2024-05-07 18:00:00,2024,Hiroshima Toyo Carp,Hanshin Tigers,2.0,0.0,Final,甲子園,31,28,0.6221656212962758,0.65,0.5,1.25,0.35,3.6,2.95,2.35,2.6,2.0,2.0,0.15000000000000002,0.9,0.6499999999999999,-0.25,0.0,away,2.0
20240507-Hokkaido_Nippon-Ham_Fighters-Fukuoka_SoftBank_Hawks,2024-05-07 18:00:00,2024,Hokkaido Nippon-Ham Fighters,Fukuoka SoftBank Hawks,1.0,2.0,Final,みずほPayPay,31,29,0.609719950868292,0.7,0.575,2.15,0.35,4.65,3.2,2.5,2.85,1.0,1.0,0.125,1.7999999999999998,1.4500000000000002,-0.3500000000000001,0.0,home,3.0
20240507-Saitama_Seibu_Lions-Chiba_Lotte_Marines,2024-05-07 18:00:00,2024,Saitama Seibu Lions,Chiba Lotte Marines,1.0,6.0,Final,ZOZOマリン,31,31,0.6265072683361964,0.475,0.25,-0.45,-1.65,3.2,1.95,3.65,3.6,1.0,1.0,0.22499999999999998,1.2,1.2500000000000002,0.04999999999999982,0.0,home,7.0
20240507-Yomiuri_Giants-Chunichi_Dragons,2024-05-07 18:00:00,2024,Yomiuri Giants,Chunichi Dragons,2.0,0.0,Final,バンテリンドーム,32,33,0.5296811624409835,0.4,0.425,-1.35,-0.9,2.9,1.9,4.25,2.8,1.0,1.0,-0.024999999999999967,-0.45000000000000007,1.0,1.4500000000000002,0.0,away,2.0
20240508-Hiroshima_Toyo_Carp-Hanshin_Tigers,2024-05-08 18:00:00,2024,Hiroshima Toyo Carp,Hanshin Tigers,3.0,1.0,Final,甲子園,32,29,0.5823845716538527,0.65,0.55,1.2,0.5,3.6,3.05,2.4,2.55,1.0,1.0,0.09999999999999998,0.7,0.5500000000000003,-0.1499999999999999,0.0,away,4.0
20240508-Hokkaido_Nippon-Ham_Fighters-Fukuoka_SoftBank_Hawks,2024-05-08 18:00:00,2024,Hokkaido Nippon-Ham Fighters,Fukuoka SoftBank Hawks,1.0,3.0,Final,みずほPayPay,32,30,0.632554116638262,0.7,0.575,2.15,0.45,4.65,3.1,2.5,2.65,1.0,1.0,0.125,1.7,1.5500000000000003,-0.1499999999999999,0.0,home,4.0
20240508-Orix_Buffaloes-Tohoku_Rakuten_Golden_Eagles,2024-05-08 18:00:00,2024,Orix Buffaloes,Tohoku Rakuten Golden Eagles,1.0,4.0,Final,秋 田,31,33,0.4993599103748118,0.475,0.525,-0.5,0.0,3.4,3.15,3.9,3.15,2.0,2.0,-0.050000000000000044,-0.5,0.25,0.75,0.0,home,5.0
20240508-Tokyo_Yakult_Swallows-Yokohama_DeNA_BayStars,2024-05-08 18:00:00,2024,Tokyo Yakult Swallows,Yokohama DeNA BayStars,6.0,2.0,Final,横 浜,31,31,0.5361689016612505,0.475,0.525,-0.55,1.15,3.45,4.95,4.0,3.8,2.0,2.0,-0.050000000000000044,-1.7,-1.5,0.20000000000000018,0.0,away,8.0
20240508-Yomiuri_Giants-Chunichi_Dragons,2024-05-08 18:00:00,2024,Yomiuri Giants,Chunichi Dragons,4.0,1.0,Final,バンテリンドーム,33,34,0.4943468990681355,0.35,0.425,-1.6,-0.85,2.65,1.9,4.25,2.75,1.0,1.0,-0.07500000000000001,-0.7500000000000001,0.75,1.5,0.0,away,5.0
20240510-Chiba_Lotte_Marines-Hokkaido_Nippon-Ham_Fighters,2024-05-10 18:00:00,2024,Chiba Lotte Marines,Hokkaido Nippon-Ham Fighters,3.0,6.0,Final,エスコンＦ,31,32,0.5218181066630263,0.525,0.525,0.3,-0.05,3.1,3.4,2.8,3.45,2.0,3.0,0.0,0.35,-0.2999999999999998,-0.6500000000000004,-1.0,home,9.0
20240510-Chunichi_Dragons-Hiroshima_Toyo_Carp,2024-05-10 18:00:00,2024,Chunichi Dragons,Hiroshima Toyo Carp,3.0,6.0,Final,マツダスタジアム,30,34,0.6072294132798453,0.55,0.35,0.4,-1.7,2.9,2.65,2.5,4.35,2.0,2.0,0.20000000000000007,2.1,0.25,-1.8499999999999996,0.0,home,9.0
20240510-Hanshin_Tigers-Yokohama_DeNA_BayStars,2024-05-10 18:00:00,2024,Hanshin Tigers,Yokohama DeNA BayStars,4.0,3.0,Final,横 浜,32,33,0.4727234651496143,0.425,0.625,-0.85,1.1,3.4,3.55,4.25,2.45,2.0,2.0,-0.2,-1.9500000000000002,-0.1499999999999999,1.7999999999999998,0.0,away,7.0
20240510-Tohoku_Rakuten_Golden_Eagles-Saitama_Seibu_Lions,2024-05-10 18:00:00,2024,Tohoku Rakuten Golden Eagles,Saitama Seibu Lions,13.0,2.0,Final,ベルーナドーム,32,32,0.4561243531077559,0.25,0.475,-1.85,-0.5,1.95,3.35,3.8,3.85,3.0,2.0,-0.22499999999999998,-1.35,-1.4000000000000001,-0.050000000000000266,1.0,away,15.0
20240510-Yomiuri_Giants-Tokyo_Yakult_Swallows,2024-05-10 18:00:00,2024,Yomiuri Giants,Tokyo Yakult Swallows,2.0,1.0,Final,神 宮,32,35,0.5318315393496917,0.525,0.45,1.2,-0.7,5.0,2.05,3.8,2.75,2.0,2.0,0.07500000000000001,1.9,2.95,1.0499999999999998,0.0,away,3.0
20240511-Orix_Buffaloes-Fukuoka_SoftBank_Hawks,2024-05-11 13:00:00,2024,Orix Buffaloes,Fukuoka SoftBank Hawks,1.0,4.0,Final,宮 崎,33,34,0.7047944945036947,0.7,0.475,1.8,-0.35,4.25,2.95,2.45,3.3,3.0,3.0,0.22499999999999998,2.15,1.2999999999999998,-0.8499999999999996,0.0,home,5.0
20240511-Chiba_Lotte_Marines-Hokkaido_Nippon-Ham_Fighters,2024-05-11 14:00:00,2024,Chiba Lotte Marines,Hokkaido Nippon-Ham Fighters,0.0,3.0,Final,エスコンＦ,32,33,0.5557321137169258,0.575,0.5,0.65,-0.2,3.35,3.45,2.7,3.65,1.0,1.0,0.07499999999999996,0.8500000000000001,-0.10000000000000009,-0.9499999999999997,0.0,home,3.0
20240511-Chunichi_Dragons-Hiroshima_Toyo_Carp,2024-05-11 14:00:00,2024,Chunichi Dragons,Hiroshima Toyo Carp,4.0,0.0,Final,マツダスタジアム,31,35,0.6336308383918381,0.55,0.3,0.5,-1.9,3.15,2.65,2.65,4.55,1.0,1.0,0.25000000000000006,2.4,0.5,-1.9,0.0,away,4.0
20240511-Hanshin_Tigers-Yokohama_DeNA_BayStars,2024-05-11 14:00:00,2024,Hanshin Tigers,Yokohama DeNA BayStars,9.0,11.0,Final,横 浜,33,34,0.4435489456860854,0.425,0.675,-0.75,1.3,3.45,3.65,4.2,2.35,1.0,1.0,-0.25000000000000006,-2.05,-0.19999999999999973,1.85,0.0,home,20.0
20240511-Tohoku_Rakuten_Golden_Eagles-Saitama_Seibu_Lions,2024-05-11 14:00:00,2024,Tohoku Rakuten Golden Eagles,Saitama Seibu Lions,1.0,2.0,Final,ベルーナドーム,33,33,0.4148387461337726,0.25,0.5,-1.95,0.05,1.95,3.9,3.9,3.85,1.0,1.0,-0.25,-2.0,-1.95,0.04999999999999982,0.0,home,3.0
20240511-Yomiuri_Giants-Tokyo_Yakult_Swallows,2024-05-11 18:00:00,2024,Yomiuri Giants,Tokyo Yakult Swallows,4.0,3.0,Final,神 宮,33,36,0.49881079164001935,0.475,0.5,0.7,-0.55,4.6,2.15,3.9,2.7,1.0,1.0,-0.025000000000000022,1.25,2.4499999999999997,1.1999999999999997,0.0,away,7.0
20240512-Chiba_Lotte_Marines-Hokkaido_Nippon-Ham_Fighters,2024-05-12 13:00:00,2024,Chiba Lotte Marines,Hokkaido Nippon-Ham Fighters,5.0,6.0,Final,エスコンＦ,33,34,0.5867888327586794,0.625,0.45,0.95,-0.7,3.35,3.0,2.4,3.7,1.0,1.0,0.175,1.65,0.3500000000000001,-1.3000000000000003,0.0,home,11.0
20240512-Chunichi_Dragons-Hiroshima_Toyo_Carp,2024-05-12 13:30:00,2024,Chunichi Dragons,Hiroshima Toyo Carp,,,Postponed,マツダスタジアム,32,36,0.5878873248627042,0.55,0.3,0.55,-1.8,2.95,2.75,2.4,4.55,1.0,1.0,0.25000000000000006,2.35,0.20000000000000018,-2.15,0.0,,
20240512-Hanshin_Tigers-Yokohama_DeNA_BayStars,2024-05-12 14:00:00,2024,Hanshin Tigers,Yokohama DeNA BayStars,1.0,0.0,Final,横 浜,34,35,0.4804741720656499,0.475,0.625,-0.2,1.15,4.0,4.0,4.2,2.85,1.0,1.0,-0.15000000000000002,-1.3499999999999999,0.0,1.35,0.0,away,1.0
20240512-Orix_Buffaloes-Fukuoka_SoftBank_Hawks,2024-05-12 14:00:00,2024,Orix Buffaloes,Fukuoka SoftBank Hawks,,,Postponed,鹿児島,34,35,0.7220236304990302,0.7,0.425,1.8,-0.65,4.25,2.7,2.45,3.35,1.0,1.0,0.27499999999999997,2.45,1.5499999999999998,-0.8999999999999999,0.0,,
20240512-Tohoku_Rakuten_Golden_Eagles-Saitama_Seibu_Lions,2024-05-12 14:00:00,2024,Tohoku Rakuten Golden Eagles,Saitama Seibu Lions,2.0,6.0,Final,ベルーナドーム,34,34,0.4505422194107134,0.3,0.5,-1.75,0.35,2.0,3.85,3.75,3.5,1.0,1.0,-0.2,-2.1,-1.85,0.25,0.0,home,8.0
20240512-Yomiuri_Giants-Tokyo_Yakult_Swallows,2024-05-12 18:00:00,2024,Yomiuri Giants,Tokyo Yakult Swallows,1.0,3.0,Final,神 宮,34,37,0.46784426548839353,0.475,0.55,0.7,-0.45,4.65,2.3,3.95,2.75,1.0,1.0,-0.07500000000000007,1.15,2.3500000000000005,1.2000000000000002,0.0,home,4.0
20240514-Fukuoka_SoftBank_Hawks-Tohoku_Rakuten_Golden_Eagles,2024-05-14 13:00:00,2024,Fukuoka SoftBank Hawks,Tohoku Rakuten Golden Eagles,1.0,4.0,Final,楽天モバイル,35,34,0.3253911266738427,0.45,0.7,-0.05,1.8,3.65,4.25,3.7,2.45,2.0,3.0,-0.24999999999999994,-1.85,-0.6000000000000001,1.25,-1.0,home,5.0
20240514-Saitama_Seibu_Lions-Hokkaido_Nippon-Ham_Fighters,2024-05-14 13:00:00,2024,Saitama Seibu Lions,Hokkaido Nippon-Ham Fighters,1.0,4.0,Final,エスコンＦ,34,35,0.6727587313964652,0.625,0.35,0.8,-1.5,3.4,2.15,2.6,3.65,2.0,2.0,0.275,2.3,1.25,-1.0499999999999998,0.0,home,5.0
20240514-Hanshin_Tigers-Chunichi_Dragons,2024-05-14 18:00:00,2024,Hanshin Tigers,Chunichi Dragons,2.0,4.0,Final,豊 橋,36,36,0.43258960366947685,0.3,0.65,-1.8,1.2,2.75,4.0,4.55,2.8,3.0,2.0,-0.35000000000000003,-3.0,-1.25,1.75,1.0,home,6.0
20240514-Hiroshima_Toyo_Carp-Tokyo_Yakult_Swallows,2024-05-14 18:00:00,2024,Hiroshima Toyo Carp,Tokyo Yakult Swallows,2.0,1.0,Final,松 山,35,32,0.517237326848341,0.525,0.55,0.9,0.55,4.8,2.95,3.9,2.4,2.0,3.0,-0.025000000000000022,0.35,1.8499999999999996,1.5,-1.0,away,3.0
20240514-Yokohama_DeNA_BayStars-Yomiuri_Giants,2024-05-14 18:00:00,2024,Yokohama DeNA BayStars,Yomiuri Giants,1.0,2.0,Final,富 山,38,35,0.5835128210364712,0.525,0.475,-0.55,0.2,2.35,3.9,2.9,3.7,2.0,2.0,0.050000000000000044,-0.75,-1.5499999999999998,-0.8000000000000003,0.0,home,3.0
20240514-Chiba_Lotte_Marines-Orix_Buffaloes,2024-05-14 18:30:00,2024,Chiba Lotte Marines,Orix Buffaloes,4.0,1.0,Final,那 覇,35,35,0.4998379774392317,0.425,0.4,-0.65,-0.8,2.7,3.05,3.35,3.85,3.0,2.0,0.024999999999999967,0.15000000000000002,-0.34999999999999964,-0.5,1.0,away,5.0
20240515-Fukuoka_SoftBank_Hawks-Tohoku_Rakuten_Golden_Eagles,2024-05-15 13:00:00,2024,Fukuoka SoftBank Hawks,Tohoku Rakuten Golden Eagles,7.0,3.0,Final,楽天モバイル,36,35,0.3690043693532108,0.5,0.7,0.35,1.85,3.85,4.25,3.5,2.4,1.0,1.0,-0.19999999999999996,-1.5,-0.3999999999999999,1.1,0.0,away,10.0
20240515-Saitama_Seibu_Lions-Hokkaido_Nippon-Ham_Fighters,2024-05-15 13:00:00,2024,Saitama Seibu Lions,Hokkaido Nippon-Ham Fighters,3.0,12.0,Final,エスコンＦ,35,36,0.6929874264353939,0.65,0.35,0.95,-1.55,3.4,2.2,2.45,3.75,1.0,1.0,0.30000000000000004,2.5,1.1999999999999997,-1.2999999999999998,0.0,home,15.0
20240515-Hanshin_Tigers-Chunichi_Dragons,2024-05-15 18:00:00,2024,Hanshin Tigers,Chunichi Dragons,1.0,0.0,Final,バンテリンドーム,37,37,0.4701011835225289,0.35,0.6,-1.4,1.0,2.7,4.0,4.1,3.0,1.0,1.0,-0.25,-2.4,-1.2999999999999998,1.0999999999999996,0.0,away,1.0
20240515-Hiroshima_Toyo_Carp-Tokyo_Yakult_Swallows,2024-05-15 18:00:00,2024,Hiroshima Toyo Carp,Tokyo Yakult Swallows,0.0,2.0,Final,松 山,36,33,0.48509204073973866,0.475,0.6,0.55,0.65,4.3,2.95,3.75,2.3,1.0,1.0,-0.125,-0.09999999999999998,1.3499999999999996,1.4500000000000002,0.0,home,2.0
20240515-Yokohama_DeNA_BayStars-Yomiuri_Giants,2024-05-15 18:00:00,2024,Yokohama DeNA BayStars,Yomiuri Giants,0.0,4.0,Final,福 井,39,36,0.6084454547642727,0.575,0.475,-0.3,0.35,2.35,3.9,2.65,3.55,1.0,1.0,0.09999999999999998,-0.6499999999999999,-1.5499999999999998,-0.8999999999999999,0.0,home,4.0
20240515-Chiba_Lotte_Marines-Orix_Buffaloes,2024-05-15 18:30:00,2024,Chiba Lotte Marines,Orix Buffaloes,1.0,1.0,Final,那 覇,36,36,0.4642207327293227,0.425,0.4,-0.6,-0.75,2.65,3.15,3.25,3.9,1.0,1.0,0.024999999999999967,0.15000000000000002,-0.5,-0.6499999999999999,0.0,draw,2.0
20240516-Hanshin_Tigers-Chunichi_Dragons,2024-05-16 18:00:00,2024,Hanshin Tigers,Chunichi Dragons,9.0,4.0,Final,バンテリンドーム,38,38,0.4411139184890352,0.35,0.6,-1.1,1.0,2.7,3.95,3.8,2.95,1.0,1.0,-0.25,-2.1,-1.25,0.8499999999999996,0.0,away,13.0
20240517-Chunichi_Dragons-Yokohama_DeNA_BayStars,2024-05-17 18:00:00,2024,Chunichi Dragons,Yokohama DeNA BayStars,1.0,2.0,Final,横 浜,37,39,0.5327726309726396,0.475,0.35,0.2,-0.7,3.75,2.8,3.55,3.5,2.0,1.0,0.125,0.8999999999999999,0.9500000000000002,0.04999999999999982,1.0,home,3.0
20240517-Hokkaido_Nippon-Ham_Fighters-Chiba_Lotte_Marines,2024-05-17 18:00:00,2024,Hokkaido Nippon-Ham Fighters,Chiba Lotte Marines,1.0,1.0,Final,ZOZOマリン,37,36,0.4355510697969798,0.425,0.65,-0.7,1.35,3.05,3.8,3.75,2.45,2.0,2.0,-0.22500000000000003,-2.05,-0.75,1.2999999999999998,0.0,draw,2.0
20240517-Saitama_Seibu_Lions-Fukuoka_SoftBank_Hawks,2024-05-17 18:00:00,2024,Saitama Seibu Lions,Fukuoka SoftBank Hawks,2.0,6.0,Final,みずほPayPay,36,37,0.7629662970266636,0.725,0.3,2.05,-2.05,4.4,2.1,2.35,4.15,2.0,2.0,0.425,4.1,2.3000000000000003,-1.8000000000000003,0.0,home,8.0
20240517-Tohoku_Rakuten_Golden_Eagles-Orix_Buffaloes,2024-05-17 18:00:00,2024,Tohoku Rakuten Golden Eagles,Orix Buffaloes,5.0,3.0,Final,京セラD大阪,37,37,0.503125924441869,0.4,0.5,-0.85,0.5,2.45,4.0,3.3,3.5,2.0,2.0,-0.09999999999999998,-1.35,-1.5499999999999998,-0.20000000000000018,0.0,away,8.0
20240517-Tokyo_Yakult_Swallows-Hanshin_Tigers,2024-05-17 18:00:00,2024,Tokyo Yakult Swallows,Hanshin Tigers,4.0,2.0,Final,甲子園,39,37,0.5882937086668372,0.6,0.475,0.9,0.6,4.05,4.2,3.15,3.6,1.0,2.0,0.125,0.30000000000000004,-0.15000000000000036,-0.4500000000000002,-1.0,away,6.0
20240517-Yomiuri_Giants-Hiroshima_Toyo_Carp,2024-05-17 18:00:00,2024,Yomiuri Giants,Hiroshima Toyo Carp,0.0,2.0,Final,マツダスタジアム,34,40,0.4859404964183255,0.6,0.6,0.6,-0.1,2.9,2.55,2.3,2.65,2.0,2.0,0.0,0.7,0.3500000000000001,-0.3500000000000001,0.0,home,2.0
20240518-Chunichi_Dragons-Yokohama_DeNA_BayStars,2024-05-18 14:00:00,2024,Chunichi Dragons,Yokohama DeNA BayStars,2.0,3.0,Final,横 浜,38,40,0.5615533054766023,0.475,0.35,0.1,-0.6,3.5,2.85,3.4,3.45,1.0,1.0,0.125,0.7,0.6499999999999999,-0.050000000000000266,0.0,home,5.0
20240518-Hokkaido_Nippon-Ham_Fighters-Chiba_Lotte_Marines,2024-05-18 14:00:00,2024,Hokkaido Nippon-Ham Fighters,Chiba Lotte Marines,4.0,6.0,Final,ZOZOマリン,38,37,0.43920283400895804,0.45,0.625,-0.6,1.25,3.1,3.75,3.7,2.5,1.0,1.0,-0.175,-1.85,-0.6499999999999999,1.2000000000000002,0.0,home,10.0
20240518-Saitama_Seibu_Lions-Fukuoka_SoftBank_Hawks,2024-05-18 14:00:00,2024,Saitama Seibu Lions,Fukuoka SoftBank Hawks,2.0,3.0,Final,みずほPayPay,37,38,0.7757477444662944,0.725,0.3,2.15,-1.95,4.25,2.1,2.1,4.05,1.0,1.0,0.425,4.1,2.15,-1.9499999999999997,0.0,home,5.0
20240518-Tohoku_Rakuten_Golden_Eagles-Orix_Buffaloes,2024-05-18 14:00:00,2024,Tohoku Rakuten Golden Eagles,Orix Buffaloes,3.0,8.0,Final,京セラD大阪,38,38,0.46956741145170805,0.35,0.55,-1.3,0.65,2.25,4.05,3.55,3.4,1.0,1.0,-0.20000000000000007,-1.9500000000000002,-1.7999999999999998,0.1499999999999999,0.0,home,11.0
20240518-Tokyo_Yakult_Swallows-Hanshin_Tigers,2024-05-18 14:00:00,2024,Tokyo Yakult Swallows,Hanshin Tigers,0.0,1.0,Final,甲子園,40,38,0.5497802718092166,0.55,0.525,0.15,0.85,3.4,4.2,3.25,3.35,1.0,1.0,0.025000000000000022,-0.7,-0.8000000000000003,-0.10000000000000009,0.0,home,1.0
20240518-Yomiuri_Giants-Hiroshima_Toyo_Carp,2024-05-18 14:00:00,2024,Yomiuri Giants,Hiroshima Toyo Carp,3.0,4.0,Final,マツダスタジアム,35,41,0.5202520099901738,0.6,0.55,0.25,-0.3,2.45,2.45,2.2,2.75,1.0,1.0,0.04999999999999993,0.55,0.0,-0.5499999999999998,0.0,home,7.0
20240519-Tohoku_Rakuten_Golden_Eagles-Orix_Buffaloes,2024-05-19 13:00:00,2024,Tohoku Rakuten Golden Eagles,Orix Buffaloes,2.0,3.0,Final,京セラD大阪,39,39,0.5122750968017705,0.4,0.5,-0.95,0.1,2.3,3.8,3.25,3.7,1.0,1.0,-0.09999999999999998,-1.05,-1.5,-0.4500000000000002,0.0,home,5.0
20240519-Yomiuri_Giants-Hiroshima_Toyo_Carp,2024-05-19 13:30:00,2024,Yomiuri Giants,Hiroshima Toyo Carp,3.0,9.0,Final,マツダスタジアム,36,42,0.549922043617652,0.6,0.55,0.1,-0.3,2.4,2.5,2.3,2.8,1.0,1.0,0.04999999999999993,0.4,-0.10000000000000009,-0.5,0.0,home,12.0
20240519-Chunichi_Dragons-Yokohama_DeNA_BayStars,2024-05-19 14:00:00,2024,Chunichi Dragons,Yokohama DeNA BayStars,3.0,2.0,Final,横 浜,39,41,0.5881931693306306,0.475,0.35,-0.1,-0.55,3.25,2.95,3.35,3.5,1.0,1.0,0.125,0.45000000000000007,0.2999999999999998,-0.1499999999999999,0.0,away,5.0
20240519-Hokkaido_Nippon-Ham_Fighters-Chiba_Lotte_Marines,2024-05-19 14:00:00,2024,Hokkaido Nippon-Ham Fighters,Chiba Lotte Marines,3.0,4.0,Final,ZOZOマリン,39,38,0.4763653544130693,0.5,0.575,-0.25,0.9,3.4,3.7,3.65,2.8,1.0,1.0,-0.07499999999999996,-1.15,-0.30000000000000027,0.8500000000000001,0.0,home,7.0
20240519-Saitama_Seibu_Lions-Fukuoka_SoftBank_Hawks,2024-05-19 14:00:00,2024,Saitama Seibu Lions,Fukuoka SoftBank Hawks,1.0,2.0,Final,みずほPayPay,38,39,0.7852997640450958,0.75,0.3,2.2,-1.95,4.25,2.2,2.05,4.15,1.0,1.0,0.45,4.15,2.05,-2.1000000000000005,0.0,home,3.0
20240519-Tokyo_Yakult_Swallows-Hanshin_Tigers,2024-05-19 14:00:00,2024,Tokyo Yakult Swallows,Hanshin Tigers,2.0,7.0,Final,甲子園,41,39,0.5773107045943752,0.55,0.525,0.05,1.05,3.3,4.05,3.25,3.0,1.0,1.0,0.025000000000000022,-1.0,-0.75,0.25,0.0,home,9.0
20240521-Chiba_Lotte_Marines-Saitama_Seibu_Lions,2024-05-21 18:00:00,2024,Chiba Lotte Marines,Saitama Seibu Lions,5.0,3.0,Final,ベルーナドーム,40,40,0.3634018454310342,0.3,0.55,-1.95,-0.1,2.2,3.5,4.15,3.6,2.0,2.0,-0.25000000000000006,-1.8499999999999999,-1.2999999999999998,0.5500000000000003,0.0,away,8.0
20240521-Chunichi_Dragons-Yomiuri_Giants,2024-05-21 18:00:00,2024,Chunichi Dragons,Yomiuri Giants,1.0,1.0,Final,東京ドーム,43,42,0.6011893715412184,0.5,0.35,-0.65,-0.55,2.5,2.95,3.15,3.5,2.0,2.0,0.15000000000000002,-0.09999999999999998,-0.4500000000000002,-0.3500000000000001,0.0,draw,2.0
20240521-Hanshin_Tigers-Hiroshima_Toyo_Carp,2024-05-21 18:00:00,2024,Hanshin Tigers,Hiroshima Toyo Carp,2.0,6.0,Final,マツダスタジアム,37,42,0.5175028324718705,0.625,0.575,0.4,0.3,2.85,3.6,2.45,3.3,2.0,2.0,0.050000000000000044,0.10000000000000003,-0.75,-0.8499999999999996,0.0,home,8.0
20240521-Orix_Buffaloes-Hokkaido_Nippon-Ham_Fighters,2024-05-21 18:00:00,2024,Orix Buffaloes,Hokkaido Nippon-Ham Fighters,4.0,5.0,Final,エスコンＦ,39,40,0.6255984028695017,0.525,0.425,0.8,-0.9,3.65,2.3,2.85,3.2,2.0,2.0,0.10000000000000003,1.7000000000000002,1.35,-0.3500000000000001,0.0,home,9.0
20240521-Tohoku_Rakuten_Golden_Eagles-Fukuoka_SoftBank_Hawks,2024-05-21 18:00:00,2024,Tohoku Rakuten Golden Eagles,Fukuoka SoftBank Hawks,0.0,21.0,Final,みずほPayPay,39,40,0.740477655243908,0.8,0.45,2.35,0.0,4.3,3.85,1.95,3.85,2.0,2.0,0.35000000000000003,2.35,0.44999999999999973,-1.9000000000000001,0.0,home,21.0
20240521-Yokohama_DeNA_BayStars-Tokyo_Yakult_Swallows,2024-05-21 18:00:00,2024,Yokohama DeNA BayStars,Tokyo Yakult Swallows,7.0,0.0,Final,神 宮,40,40,0.5661461484727534,0.525,0.45,0.9,-0.15,4.15,3.3,3.25,3.45,2.0,2.0,0.07500000000000001,1.05,0.8500000000000005,-0.20000000000000018,0.0,away,7.0
20240522-Chiba_Lotte_Marines-Saitama_Seibu_Lions,2024-05-22 18:00:00,2024,Chiba Lotte Marines,Saitama Seibu Lions,2.0,1.0,Final,ベルーナドーム,41,41,0.34125781979751163,0.3,0.6,-2.0,0.45,2.2,3.7,4.2,3.25,1.0,1.0,-0.3,-2.45,-1.5,0.9500000000000002,0.0,away,3.0
20240522-Chunichi_Dragons-Yomiuri_Giants,2024-05-22 18:00:00,2024,Chunichi Dragons,Yomiuri Giants,4.0,2.0,Final,東京ドーム,44,43,0.595590067503368,0.525,0.375,-0.4,-0.5,2.45,2.9,2.85,3.4,1.0,1.0,0.15000000000000002,0.09999999999999998,-0.44999999999999973,-0.5499999999999998,0.0,away,6.0
20240522-Hanshin_Tigers-Hiroshima_Toyo_Carp,2024-05-22 18:00:00,2024,Hanshin Tigers,Hiroshima Toyo Carp,2.0,1.0,Final,マツダスタジアム,38,43,0.5539617009397353,0.625,0.525,0.4,0.0,2.85,3.45,2.45,3.45,1.0,1.0,0.09999999999999998,0.4,-0.6000000000000001,-1.0,0.0,away,3.0
20240522-Orix_Buffaloes-Hokkaido_Nippon-Ham_Fighters,2024-05-22 18:00:00,2024,Orix Buffaloes,Hokkaido Nippon-Ham Fighters,4.0,5.0,Final,エスコンＦ,40,41,0.6471386835758309,0.575,0.375,1.05,-1.05,3.85,2.35,2.8,3.4,1.0,1.0,0.19999999999999996,2.1,1.5,-0.6000000000000001,0.0,home,9.0
20240522-Tohoku_Rakuten_Golden_Eagles-Fukuoka_SoftBank_Hawks,2024-05-22 18:00:00,2024,Tohoku Rakuten Golden Eagles,Fukuoka SoftBank Hawks,0.0,12.0,Final,京セラD大阪,40,41,0.7584250525267756,0.8,0.45,3.3,-1.0,5.15,3.7,1.85,4.7,1.0,1.0,0.35000000000000003,4.3,1.4500000000000002,-2.85,0.0,home,12.0
20240522-Yokohama_DeNA_BayStars-Tokyo_Yakult_Swallows,2024-05-22 18:00:00,2024,Yokohama DeNA BayStars,Tokyo Yakult Swallows,2.0,1.0,Final,神 宮,41,41,0.5156905907651018,0.475,0.5,0.5,0.3,3.7,3.5,3.2,3.2,1.0,1.0,-0.025000000000000022,0.2,0.20000000000000018,0.0,0.0,away,3.0
20240523-Hanshin_Tigers-Hiroshima_Toyo_Carp,2024-05-23 18:00:00,2024,Hanshin Tigers,Hiroshima Toyo Carp,2.0,1.0,Final,マツダスタジアム,39,44,0.5197227574178652,0.6,0.575,0.35,0.35,2.9,3.45,2.55,3.1,1.0,1.0,0.025000000000000022,0.0,-0.5500000000000003,-0.5500000000000003,0.0,away,3.0
20240523-Orix_Buffaloes-Hokkaido_Nippon-Ham_Fighters,2024-05-23 18:00:00,2024,Orix Buffaloes,Hokkaido Nippon-Ham Fighters,9.0,3.0,Final,エスコンＦ,41,42,0.6669083111890575,0.575,0.325,0.65,-1.15,3.65,2.45,3.0,3.6,1.0,1.0,0.24999999999999994,1.7999999999999998,1.1999999999999997,-0.6000000000000001,0.0,away,12.0
20240523-Yokohama_DeNA_BayStars-Tokyo_Yakult_Swallows,2024-05-23 18:00:00,2024,Yokohama DeNA BayStars,Tokyo Yakult Swallows,5.0,3.0,Final,神 宮,42,42,0.48364120558134177,0.425,0.5,0.15,0.1,3.35,3.25,3.2,3.15,1.0,1.0,-0.07500000000000001,0.04999999999999999,0.10000000000000009,0.050000000000000266,0.0,away,8.0
20240524-Fukuoka_SoftBank_Hawks-Chiba_Lotte_Marines,2024-05-24 18:00:00,2024,Fukuoka SoftBank Hawks,Chiba Lotte Marines,1.0,3.0,Final,ZOZOマリン,42,41,0.3904220684592658,0.65,0.8,0.8,3.45,3.8,5.25,3.0,1.8,2.0,2.0,-0.15000000000000002,-2.6500000000000004,-1.4500000000000002,1.2,0.0,home,4.0
20240524-Hiroshima_Toyo_Carp-Yokohama_DeNA_BayStars,2024-05-24 18:00:00,2024,Hiroshima Toyo Carp,Yokohama DeNA BayStars,5.0,2.0,Final,横 浜,43,40,0.4917253245943496,0.55,0.55,0.25,0.2,3.45,2.85,3.2,2.65,1.0,1.0,0.0,0.04999999999999999,0.6000000000000001,0.5500000000000003,0.0,away,7.0
20240524-Hokkaido_Nippon-Ham_Fighters-Tohoku_Rakuten_Golden_Eagles,2024-05-24 18:00:00,2024,Hokkaido Nippon-Ham Fighters,Tohoku Rakuten Golden Eagles,4.0,3.0,Final,楽天モバイル,42,42,0.399514871184642,0.4,0.575,-1.8,0.4,3.45,3.6,5.25,3.2,2.0,1.0,-0.17499999999999993,-2.2,-0.1499999999999999,2.05,1.0,away,7.0
20240524-Orix_Buffaloes-Saitama_Seibu_Lions,2024-05-24 18:00:00,2024,Orix Buffaloes,Saitama Seibu Lions,9.0,6.0,Final,ベルーナドーム,42,43,0.41191069185180496,0.25,0.325,-2.15,-0.9,2.1,2.7,4.25,3.6,2.0,1.0,-0.07500000000000001,-1.25,-0.6000000000000001,0.6499999999999999,1.0,away,15.0
20240524-Tokyo_Yakult_Swallows-Chunichi_Dragons,2024-05-24 18:00:00,2024,Tokyo Yakult Swallows,Chunichi Dragons,5.0,2.0,Final,バンテリンドーム,44,43,0.5475053426076715,0.425,0.425,-0.3,0.1,2.9,3.3,3.2,3.2,2.0,1.0,0.0,-0.4,-0.3999999999999999,0.0,1.0,away,7.0
20240524-Yomiuri_Giants-Hanshin_Tigers,2024-05-24 18:00:00,2024,Yomiuri Giants,Hanshin Tigers,1.0,0.0,Final,甲子園,45,45,0.6341798420587142,0.575,0.475,0.35,-0.55,3.3,2.45,2.95,3.0,1.0,2.0,0.09999999999999998,0.9,0.8499999999999996,-0.04999999999999982,-1.0,away,1.0
20240525-Fukuoka_SoftBank_Hawks-Chiba_Lotte_Marines,2024-05-25 14:00:00,2024,Fukuoka SoftBank Hawks,Chiba Lotte Marines,0.0,2.0,Final,ZOZOマリン,43,42,0.4297870008435181,0.7,0.75,1.05,3.05,3.9,5.0,2.85,1.95,1.0,1.0,-0.050000000000000044,-1.9999999999999998,-1.1,0.9000000000000001,0.0,home,2.0
20240525-Hiroshima_Toyo_Carp-Yokohama_DeNA_BayStars,2024-05-25 14:00:00,2024,Hiroshima Toyo Carp,Yokohama DeNA BayStars,9.0,6.0,Final,横 浜,44,41,0.45673362702162223,0.55,0.6,0.3,0.4,3.45,2.7,3.15,2.3,1.0,1.0,-0.04999999999999993,-0.10000000000000003,0.75,0.8500000000000001,0.0,away,15.0
20240525-Hokkaido_Nippon-Ham_Fighters-Tohoku_Rakuten_Golden_Eagles,2024-05-25 14:00:00,2024,Hokkaido Nippon-Ham Fighters,Tohoku Rakuten Golden Eagles,5.0,0.0,Final,楽天モバイル,43,43,0.3759350824393778,0.35,0.575,-2.0,0.4,3.4,3.75,5.4,3.35,1.0,1.0,-0.22499999999999998,-2.4,-0.3500000000000001,2.0500000000000003,0.0,away,5.0
20240525-Orix_Buffaloes-Saitama_Seibu_Lions,2024-05-25 14:00:00,2024,Orix Buffaloes,Saitama Seibu Lions,5.0,6.0,Final,ベルーナドーム,43,44,0.38374531665920086,0.25,0.375,-2.25,-0.65,2.35,3.1,4.6,3.75,1.0,1.0,-0.125,-1.6,-0.75,0.8499999999999996,0.0,home,11.0
20240525-Tokyo_Yakult_Swallows-Chunichi_Dragons,2024-05-25 14:00:00,2024,Tokyo Yakult Swallows,Chunichi Dragons,0.0,1.0,Final,バンテリンドーム,45,44,0.5085672204982905,0.4,0.475,-0.45,0.3,3.0,3.4,3.45,3.1,1.0,1.0,-0.07499999999999996,-0.75,-0.3999999999999999,0.3500000000000001,0.0,home,1.0
20240525-Yomiuri_Giants-Hanshin_Tigers,2024-05-25 14:00:00,2024,Yomiuri Giants,Hanshin Tigers,0.0,3.0,Final,甲子園,46,46,0.5968803856122838,0.525,0.475,0.25,-0.7,3.1,2.2,2.85,2.9,1.0,1.0,0.050000000000000044,0.95,0.8999999999999999,-0.04999999999999982,0.0,home,3.0
20240526-Fukuoka_SoftBank_Hawks-Chiba_Lotte_Marines,2024-05-26 13:00:00,2024,Fukuoka SoftBank Hawks,Chiba Lotte Marines,1.0,7.0,Final,ZOZOマリン,44,43,0.46744202955040265,0.7,0.7,0.7,2.9,3.5,4.9,2.8,2.0,1.0,1.0,0.0,-2.2,-1.4000000000000004,0.7999999999999998,0.0,home,8.0
20240526-Hokkaido_Nippon-Ham_Fighters-Tohoku_Rakuten_Golden_Eagles,2024-05-26 13:00:00,2024,Hokkaido Nippon-Ham Fighters,Tohoku Rakuten Golden Eagles,2.0,3.0,Final,楽天モバイル,44,44,0.3479584809323336,0.35,0.575,-1.8,0.6,3.35,3.9,5.15,3.3,1.0,1.0,-0.22499999999999998,-2.4,-0.5499999999999998,1.8500000000000005,0.0,home,5.0
20240526-Orix_Buffaloes-Saitama_Seibu_Lions,2024-05-26 13:00:00,2024,Orix Buffaloes,Saitama Seibu Lions,2.0,5.0,Final,ベルーナドーム,44,45,0.42057058797083025,0.3,0.375,-2.15,-0.25,2.55,3.35,4.7,3.6,1.0,1.0,-0.07500000000000001,-1.9,-0.8000000000000003,1.1,0.0,home,7.0
20240526-Tokyo_Yakult_Swallows-Chunichi_Dragons,2024-05-26 13:30:00,2024,Tokyo Yakult Swallows,Chunichi Dragons,0.0,5.0,Final,バンテリンドーム,46,45,0.5390407040527551,0.4,0.425,-0.9,-0.2,2.5,2.95,3.4,3.15,1.0,1.0,-0.024999999999999967,-0.7,-0.4500000000000002,0.25,0.0,home,5.0
20240526-Hiroshima_Toyo_Carp-Yokohama_DeNA_BayStars,2024-05-26 14:00:00,2024,Hiroshima Toyo Carp,Yokohama DeNA BayStars,4.0,2.0,Final,横 浜,45,42,0.4246028475058682,0.55,0.6,0.65,0.45,3.7,2.85,3.05,2.4,1.0,1.0,-0.04999999999999993,0.2,0.8500000000000001,0.6499999999999999,0.0,away,6.0
20240526-Yomiuri_Giants-Hanshin_Tigers,2024-05-26 14:00:00,2024,Yomiuri Giants,Hanshin Tigers,2.0,1.0,Final,甲子園,47,47,0.6242395479826387,0.525,0.475,0.1,-0.4,2.9,2.2,2.8,2.6,1.0,1.0,0.050000000000000044,0.5,0.6999999999999997,0.19999999999999973,0.0,away,3.0
20240528-Chiba_Lotte_Marines-Tokyo_Yakult_Swallows,2024-05-28 18:00:00,2024,Chiba Lotte Marines,Tokyo Yakult Swallows,5.0,3.0,Final,神 宮,46,45,0.336522889010218,0.375,0.75,-0.5,1.1,2.75,3.55,3.25,2.45,2.0,2.0,-0.375,-1.6,-0.7999999999999998,0.7999999999999998,0.0,away,8.0
20240528-Fukuoka_SoftBank_Hawks-Yomiuri_Giants,2024-05-28 18:00:00,2024,Fukuoka SoftBank Hawks,Yomiuri Giants,2.0,0.0,Final,東京ドーム,48,44,0.40170984816510474,0.525,0.65,-0.3,2.55,2.15,4.8,2.45,2.25,2.0,2.0,-0.125,-2.8499999999999996,-2.65,0.20000000000000018,0.0,away,2.0
20240528-Hokkaido_Nippon-Ham_Fighters-Hanshin_Tigers,2024-05-28 18:00:00,2024,Hokkaido Nippon-Ham Fighters,Hanshin Tigers,,,Postponed,甲子園,48,45,0.5390929173316411,0.5,0.575,0.05,0.65,2.85,3.95,2.8,3.3,2.0,2.0,-0.07499999999999996,-0.6,-1.1,-0.5,0.0,,
20240528-Orix_Buffaloes-Hiroshima_Toyo_Carp,2024-05-28 18:00:00,2024,Orix Buffaloes,Hiroshima Toyo Carp,1.0,2.0,Final,マツダスタジアム,43,46,0.6821888047893845,0.625,0.325,0.55,-0.45,3.05,3.2,2.5,3.65,2.0,2.0,0.3,1.0,-0.15000000000000036,-1.15,0.0,home,3.0
20240528-Saitama_Seibu_Lions-Chunichi_Dragons,2024-05-28 18:00:00,2024,Saitama Seibu Lions,Chunichi Dragons,0.0,3.0,Final,バンテリンドーム,47,45,0.6263455859583855,0.45,0.35,-0.6,-1.95,2.7,2.6,3.3,4.55,2.0,2.0,0.10000000000000003,1.35,0.10000000000000009,-1.25,0.0,home,3.0
20240528-Tohoku_Rakuten_Golden_Eagles-Yokohama_DeNA_BayStars,2024-05-28 18:00:00,2024,Tohoku Rakuten Golden Eagles,Yokohama DeNA BayStars,1.0,6.0,Final,横 浜,46,45,0.5819632886474269,0.5,0.35,0.5,-1.85,3.7,3.1,3.2,4.95,2.0,2.0,0.15000000000000002,2.35,0.6000000000000001,-1.75,0.0,home,7.0
20240529-Chiba_Lotte_Marines-Tokyo_Yakult_Swallows,2024-05-29 18:00:00,2024,Chiba Lotte Marines,Tokyo Yakult Swallows,3.0,3.0,Final,神 宮,47,46,0.31675748756273303,0.325,0.75,-0.8,1.15,2.7,3.75,3.5,2.6,1.0,1.0,-0.425,-1.95,-1.0499999999999998,0.8999999999999999,0.0,draw,6.0
20240529-Fukuoka_SoftBank_Hawks-Yomiuri_Giants,2024-05-29 18:00:00,2024,Fukuoka SoftBank Hawks,Yomiuri Giants,0.0,1.0,Final,東京ドーム,49,45,0.37621559560304046,0.525,0.65,-0.2,2.6,2.15,4.65,2.35,2.05,1.0,1.0,-0.125,-2.8000000000000003,-2.5000000000000004,0.30000000000000027,0.0,home,1.0
20240529-Hokkaido_Nippon-Ham_Fighters-Hanshin_Tigers,2024-05-29 18:00:00,2024,Hokkaido Nippon-Ham Fighters,Hanshin Tigers,8.0,2.0,Final,甲子園,48,45,0.5390929173316411,0.5,0.575,0.05,0.65,2.85,3.95,2.8,3.3,3.0,3.0,-0.07499999999999996,-0.6,-1.1,-0.5,0.0,away,10.0
20240529-Orix_Buffaloes-Hiroshima_Toyo_Carp,2024-05-29 18:00:00,2024,Orix Buffaloes,Hiroshima Toyo Carp,0.0,14.0,Final,マツダスタジアム,44,47,0.699071853069594,0.675,0.325,0.9,-0.45,3.1,3.25,2.2,3.7,1.0,1.0,0.35000000000000003,1.35,-0.1499999999999999,-1.5,0.0,home,14.0
20240529-Saitama_Seibu_Lions-Chunichi_Dragons,2024-05-29 18:00:00,2024,Saitama Seibu Lions,Chunichi Dragons,1.0,0.0,Final,バンテリンドーム,48,46,0.6509589267029452,0.5,0.35,0.1,-2.05,2.8,2.55,2.7,4.6,1.0,1.0,0.15000000000000002,2.15,0.25,-1.8999999999999995,0.0,away,1.0
20240529-Tohoku_Rakuten_Golden_Eagles-Yokohama_DeNA_BayStars,2024-05-29 18:00:00,2024,Tohoku Rakuten Golden Eagles,Yokohama DeNA BayStars,4.0,0.0,Final,横 浜,47,46,0.6143411510839503,0.5,0.35,0.2,-1.7,3.4,3.15,3.2,4.85,1.0,1.0,0.15000000000000002,1.9,0.25,-1.6499999999999995,0.0,away,4.0
20240530-Chiba_Lotte_Marines-Tokyo_Yakult_Swallows,2024-05-30 18:00:00,2024,Chiba Lotte Marines,Tokyo Yakult Swallows,3.0,3.0,Final,神 宮,48,47,0.3259587962684393,0.3,0.725,-0.9,1.0,2.6,3.6,3.5,2.6,1.0,1.0,-0.425,-1.9,-1.0,0.8999999999999999,0.0,draw,6.0
20240530-Fukuoka_SoftBank_Hawks-Yomiuri_Giants,2024-05-30 18:00:00,2024,Fukuoka SoftBank Hawks,Yomiuri Giants,5.0,6.0,Final,東京ドーム,50,46,0.4132562721505728,0.525,0.6,-0.3,2.15,1.8,4.25,2.1,2.1,1.0,1.0,-0.07499999999999996,-2.4499999999999997,-2.45,0.0,0.0,home,11.0
20240530-Hokkaido_Nippon-Ham_Fighters-Hanshin_Tigers,2024-05-30 18:00:00,2024,Hokkaido Nippon-Ham Fighters,Hanshin Tigers,6.0,0.0,Final,甲子園,49,46,0.49324490981766206,0.5,0.575,-0.1,0.8,2.7,4.2,2.8,3.4,1.0,1.0,-0.07499999999999996,-0.9,-1.5,-0.6000000000000001,0.0,away,6.0
20240530-Orix_Buffaloes-Hiroshima_Toyo_Carp,2024-05-30 18:00:00,2024,Orix Buffaloes,Hiroshima Toyo Carp,8.0,2.0,Final,マツダスタジアム,45,48,0.7218683132455722,0.7,0.325,1.6,-1.1,3.7,3.25,2.1,4.35,1.0,1.0,0.37499999999999994,2.7,0.4500000000000002,-2.2499999999999996,0.0,away,10.0
20240530-Saitama_Seibu_Lions-Chunichi_Dragons,2024-05-30 18:00:00,2024,Saitama Seibu Lions,Chunichi Dragons,3.0,0.0,Final,バンテリンドーム,49,47,0.6133407891552397,0.5,0.35,0.15,-2.1,2.65,2.45,2.5,4.55,1.0,1.0,0.15000000000000002,2.25,0.19999999999999973,-2.05,0.0,away,3.0
20240530-Tohoku_Rakuten_Golden_Eagles-Yokohama_DeNA_BayStars,2024-05-30 18:00:00,2024,Tohoku Rakuten Golden Eagles,Yokohama DeNA BayStars,6.0,5.0,Final,横 浜,48,47,0.5692700553770867,0.45,0.35,-0.1,-1.55,3.3,3.15,3.4,4.7,1.0,1.0,0.10000000000000003,1.45,0.1499999999999999,-1.3000000000000003,0.0,away,11.0
20240531-Chunichi_Dragons-Orix_Buffaloes,2024-05-31 18:00:00,2024,Chunichi Dragons,Orix Buffaloes,1.0,2.0,Final,京セラD大阪,49,50,0.5317117654195292,0.375,0.475,-0.65,0.0,3.5,2.3,4.15,2.3,1.0,1.0,-0.09999999999999998,-0.65,1.2000000000000002,1.8500000000000005,0.0,home,3.0
20240531-Hanshin_Tigers-Chiba_Lotte_Marines,2024-05-31 18:00:00,2024,Hanshin Tigers,Chiba Lotte Marines,4.0,5.0,Final,ZOZOマリン,48,50,0.6241117600002841,0.75,0.5,1.55,-0.35,3.7,2.65,2.15,3.0,1.0,1.0,0.25,1.9,1.0500000000000003,-0.8500000000000001,0.0,home,9.0
20240531-Tokyo_Yakult_Swallows-Tohoku_Rakuten_Golden_Eagles,2024-05-31 18:00:00,2024,Tokyo Yakult Swallows,Tohoku Rakuten Golden Eagles,3.0,5.0,Final,福 島,48,49,0.5436126387825491,0.35,0.3,-2.05,-0.9,2.85,2.4,4.9,3.3,1.0,1.0,0.04999999999999999,-1.15,0.4500000000000002,1.6000000000000005,0.0,home,8.0
20240531-Yokohama_DeNA_BayStars-Hokkaido_Nippon-Ham_Fighters,2024-05-31 18:00:00,2024,Yokohama DeNA BayStars,Hokkaido Nippon-Ham Fighters,4.0,3.0,Final,エスコンＦ,47,49,0.6798520578230214,0.625,0.45,1.2,0.0,4.45,3.5,3.25,3.5,1.0,1.0,0.175,1.2,0.9500000000000002,-0.25,0.0,away,7.0
20240531-Yomiuri_Giants-Saitama_Seibu_Lions,2024-05-31 18:00:00,2024,Yomiuri Giants,Saitama Seibu Lions,4.0,1.0,Final,ベルーナドーム,48,51,0.3958907443099164,0.35,0.525,-2.0,-0.3,2.55,2.0,4.55,2.3,1.0,1.0,-0.17500000000000004,-1.7,0.5499999999999998,2.25,0.0,away,5.0
20240531-Hiroshima_Toyo_Carp-Fukuoka_SoftBank_Hawks,2024-05-31 18:30:00,2024,Hiroshima Toyo Carp,Fukuoka SoftBank Hawks,1.0,2.0,Final,みずほPayPay,47,46,0.5490865231936711,0.6,0.7,2.15,1.4,4.35,3.8,2.2,2.4,1.0,1.0,-0.09999999999999998,0.75,0.5499999999999998,-0.19999999999999973,0.0,home,3.0
20240601-Chunichi_Dragons-Orix_Buffaloes,2024-06-01 14:00:00,2024,Chunichi Dragons,Orix Buffaloes,2.0,1.0,Final,京セラD大阪,50,51,0.5605688679144005,0.425,0.425,-0.45,-0.2,3.6,2.05,4.05,2.25,1.0,1.0,0.0,-0.25,1.5500000000000003,1.7999999999999998,0.0,away,3.0
20240601-Hanshin_Tigers-Chiba_Lotte_Marines,2024-06-01 14:00:00,2024,Hanshin Tigers,Chiba Lotte Marines,2.0,3.0,Final,ZOZOマリン,49,51,0.6457737032981595,0.75,0.45,1.5,-0.5,3.85,2.65,2.35,3.15,1.0,1.0,0.3,2.0,1.2000000000000002,-0.7999999999999998,0.0,home,5.0
20240601-Hiroshima_Toyo_Carp-Fukuoka_SoftBank_Hawks,2024-06-01 14:00:00,2024,Hiroshima Toyo Carp,Fukuoka SoftBank Hawks,0.0,2.0,Final,みずほPayPay,48,47,0.5766688264214623,0.65,0.65,2.25,1.2,4.45,3.65,2.2,2.45,1.0,1.0,0.0,1.05,0.8000000000000003,-0.25,0.0,home,2.0
20240601-Yokohama_DeNA_BayStars-Hokkaido_Nippon-Ham_Fighters,2024-06-01 14:00:00,2024,Yokohama DeNA BayStars,Hokkaido Nippon-Ham Fighters,4.0,3.0,Final,エスコンＦ,48,50,0.6419934790292606,0.575,0.45,1.0,-0.2,4.3,3.45,3.3,3.65,1.0,1.0,0.12499999999999994,1.2,0.8499999999999996,-0.3500000000000001,0.0,away,7.0
20240601-Yomiuri_Giants-Saitama_Seibu_Lions,2024-06-01 14:00:00,2024,Yomiuri Giants,Saitama Seibu Lions,3.0,4.0,Final,ベルーナドーム,49,52,0.3691996775149543,0.3,0.575,-2.2,-0.05,2.35,2.1,4.55,2.15,1.0,1.0,-0.27499999999999997,-2.1500000000000004,0.25,2.4,0.0,home,7.0
20240601-Tokyo_Yakult_Swallows-Tohoku_Rakuten_Golden_Eagles,2024-06-01 18:00:00,2024,Tokyo Yakult Swallows,Tohoku Rakuten Golden Eagles,2.0,8.0,Final,楽天モバイル,49,50,0.5736590891517869,0.4,0.3,-1.85,-0.85,3.1,2.4,4.95,3.25,1.0,1.0,0.10000000000000003,-1.0,0.7000000000000002,1.7000000000000002,0.0,home,10.0
20240602-Chunichi_Dragons-Orix_Buffaloes,2024-06-02 13:00:00,2024,Chunichi Dragons,Orix Buffaloes,2.0,1.0,Final,京セラD大阪,51,52,0.5259938645821088,0.375,0.425,-0.6,-0.25,3.5,2.05,4.1,2.3,1.0,1.0,-0.04999999999999999,-0.35,1.4500000000000002,1.7999999999999998,0.0,away,3.0
20240602-Yokohama_DeNA_BayStars-Hokkaido_Nippon-Ham_Fighters,2024-06-02 13:00:00,2024,Yokohama DeNA BayStars,Hokkaido Nippon-Ham Fighters,2.0,9.0,Final,エスコンＦ,49,51,0.6045300385179903,0.575,0.45,1.2,-0.2,4.25,3.35,3.05,3.55,1.0,1.0,0.12499999999999994,1.4,0.8999999999999999,-0.5,0.0,home,11.0
20240602-Yomiuri_Giants-Saitama_Seibu_Lions,2024-06-02 13:00:00,2024,Yomiuri Giants,Saitama Seibu Lions,7.0,1.0,Final,ベルーナドーム,50,53,0.4064200161690541,0.35,0.575,-1.95,0.0,2.55,2.25,4.5,2.25,1.0,1.0,-0.22499999999999998,-1.95,0.2999999999999998,2.25,0.0,away,8.0
20240602-Hanshin_Tigers-Chiba_Lotte_Marines,2024-06-02 14:00:00,2024,Hanshin Tigers,Chiba Lotte Marines,1.0,0.0,Final,ZOZOマリン,50,52,0.6656558361633611,0.75,0.45,1.4,-0.45,3.8,2.75,2.4,3.2,1.0,1.0,0.3,1.8499999999999999,1.0499999999999998,-0.8000000000000003,0.0,away,1.0
20240602-Hiroshima_Toyo_Carp-Fukuoka_SoftBank_Hawks,2024-06-02 14:00:00,2024,Hiroshima Toyo Carp,Fukuoka SoftBank Hawks,3.0,5.0,Final,みずほPayPay,49,48,0.6040059963632269,0.7,0.65,2.4,1.35,4.35,3.65,1.95,2.3,1.0,1.0,0.04999999999999993,1.0499999999999998,0.6999999999999997,-0.34999999999999987,0.0,home,8.0
20240602-Tokyo_Yakult_Swallows-Tohoku_Rakuten_Golden_Eagles,2024-06-02 14:00:00,2024,Tokyo Yakult Swallows,Tohoku Rakuten Golden Eagles,4.0,0.0,Final,楽天モバイル,50,51,0.6087558688123373,0.45,0.3,-1.4,-1.1,3.45,2.25,4.85,3.35,1.0,1.0,0.15000000000000002,-0.2999999999999998,1.2000000000000002,1.4999999999999996,0.0,away,4.0
20240604-Chiba_Lotte_Marines-Yomiuri_Giants,2024-06-04 18:00:00,2024,Chiba Lotte Marines,Yomiuri Giants,2.0,18.0,Final,東京ドーム,54,51,0.44969391803873193,0.575,0.7,0.2,1.0,2.5,3.4,2.3,2.4,2.0,2.0,-0.125,-0.8,-0.8999999999999999,-0.10000000000000009,0.0,home,20.0
20240604-Fukuoka_SoftBank_Hawks-Chunichi_Dragons,2024-06-04 18:00:00,2024,Fukuoka SoftBank Hawks,Chunichi Dragons,3.0,2.0,Final,バンテリンドーム,53,50,0.34077551004183965,0.475,0.7,-0.1,2.3,2.15,4.4,2.25,2.1,2.0,2.0,-0.22499999999999998,-2.4,-2.2500000000000004,0.1499999999999999,0.0,away,5.0
20240604-Hokkaido_Nippon-Ham_Fighters-Hiroshima_Toyo_Carp,2024-06-04 18:00:00,2024,Hokkaido Nippon-Ham Fighters,Hiroshima Toyo Carp,5.0,0.0,Final,マツダスタジアム,49,50,0.50154283002015,0.6,0.625,1.15,1.6,3.7,4.65,2.55,3.05,2.0,2.0,-0.025000000000000022,-0.4500000000000002,-0.9500000000000002,-0.5,0.0,away,5.0
20240604-Orix_Buffaloes-Yokohama_DeNA_BayStars,2024-06-04 18:00:00,2024,Orix Buffaloes,Yokohama DeNA BayStars,1.0,3.0,Final,横 浜,52,52,0.568759858132223,0.45,0.375,-0.35,-0.5,3.35,3.4,3.7,3.9,2.0,2.0,0.07500000000000001,0.15000000000000002,-0.04999999999999982,-0.19999999999999973,0.0,home,4.0
20240604-Saitama_Seibu_Lions-Tokyo_Yakult_Swallows,2024-06-04 18:00:00,2024,Saitama Seibu Lions,Tokyo Yakult Swallows,3.0,4.0,Final,神 宮,52,51,0.5532742225786994,0.3,0.35,-1.1,-1.9,2.15,2.55,3.25,4.45,2.0,2.0,-0.04999999999999999,0.7999999999999998,-0.3999999999999999,-1.2000000000000002,0.0,home,7.0
20240604-Tohoku_Rakuten_Golden_Eagles-Hanshin_Tigers,2024-06-04 18:00:00,2024,Tohoku Rakuten Golden Eagles,Hanshin Tigers,3.0,1.0,Final,甲子園,53,51,0.6025096840359775,0.5,0.45,-0.3,-1.5,2.75,3.35,3.05,4.85,2.0,2.0,0.04999999999999999,1.2,-0.6000000000000001,-1.7999999999999998,0.0,away,4.0
20240605-Chiba_Lotte_Marines-Yomiuri_Giants,2024-06-05 18:00:00,2024,Chiba Lotte Marines,Yomiuri Giants,4.0,3.0,Final,東京ドーム,55,52,0.5002081965022288,0.575,0.65,0.85,-0.05,3.2,3.2,2.35,3.25,1.0,1.0,-0.07500000000000007,0.9,0.0,-0.8999999999999999,0.0,away,7.0
20240605-Fukuoka_SoftBank_Hawks-Chunichi_Dragons,2024-06-05 18:00:00,2024,Fukuoka SoftBank Hawks,Chunichi Dragons,5.0,1.0,Final,バンテリンドーム,54,51,0.32200256910559616,0.475,0.7,0.0,2.1,2.2,4.1,2.2,2.0,1.0,1.0,-0.22499999999999998,-2.1,-1.8999999999999995,0.20000000000000018,0.0,away,6.0
20240605-Hokkaido_Nippon-Ham_Fighters-Hiroshima_Toyo_Carp,2024-06-05 18:00:00,2024,Hokkaido Nippon-Ham Fighters,Hiroshima Toyo Carp,0.0,6.0,Final,マツダスタジアム,50,51,0.46120141385036734,0.55,0.675,0.8,1.95,3.55,4.85,2.75,2.9,1.0,1.0,-0.125,-1.15,-1.2999999999999998,-0.1499999999999999,0.0,home,6.0
20240605-Orix_Buffaloes-Yokohama_DeNA_BayStars,2024-06-05 18:00:00,2024,Orix Buffaloes,Yokohama DeNA BayStars,2.0,1.0,Final,横 浜,53,53,0.5967586226598877,0.5,0.325,-0.2,-0.7,3.35,3.25,3.55,3.95,1.0,1.0,0.175,0.49999999999999994,0.10000000000000009,-0.40000000000000036,0.0,away,3.0
20240605-Saitama_Seibu_Lions-Tokyo_Yakult_Swallows,2024-06-05 18:00:00,2024,Saitama Seibu Lions,Tokyo Yakult Swallows,2.0,7.0,Final,神 宮,53,52,0.5805423612621686,0.35,0.35,-1.0,-1.7,2.3,2.65,3.3,4.35,1.0,1.0,0.0,0.7,-0.3500000000000001,-1.0499999999999998,0.0,home,9.0
20240605-Tohoku_Rakuten_Golden_Eagles-Hanshin_Tigers,2024-06-05 18:00:00,2024,Tohoku Rakuten Golden Eagles,Hanshin Tigers,3.0,2.0,Final,甲子園,54,52,0.5634075016019984,0.45,0.45,-0.45,-1.55,2.6,3.3,3.05,4.85,1.0,1.0,0.0,1.1,-0.6999999999999997,-1.7999999999999998,0.0,away,5.0
20240606-Chiba_Lotte_Marines-Yomiuri_Giants,2024-06-06 18:00:00,2024,Chiba Lotte Marines,Yomiuri Giants,4.0,7.0,Final,東京ドーム,56,53,0.4691495929608318,0.525,0.7,0.75,0.15,3.25,3.25,2.5,3.1,1.0,1.0,-0.17499999999999993,0.6,0.0,-0.6000000000000001,0.0,home,11.0
20240606-Fukuoka_SoftBank_Hawks-Chunichi_Dragons,2024-06-06 18:00:00,2024,Fukuoka SoftBank Hawks,Chunichi Dragons,0.0,3.0,Final,バンテリンドーム,55,52,0.301018230387155,0.475,0.7,-0.05,2.25,2.1,4.25,2.15,2.0,1.0,1.0,-0.22499999999999998,-2.3,-2.15,0.1499999999999999,0.0,home,3.0
20240606-Hokkaido_Nippon-Ham_Fighters-Hiroshima_Toyo_Carp,2024-06-06 18:00:00,2024,Hokkaido Nippon-Ham Fighters,Hiroshima Toyo Carp,1.0,3.0,Final,マツダスタジアム,51,52,0.5070260907851559,0.55,0.625,0.95,1.5,3.55,4.55,2.6,3.05,1.0,1.0,-0.07499999999999996,-0.55,-1.0,-0.44999999999999973,0.0,home,4.0
20240606-Orix_Buffaloes-Yokohama_DeNA_BayStars,2024-06-06 18:00:00,2024,Orix Buffaloes,Yokohama DeNA BayStars,3.0,1.0,Final,横 浜,54,54,0.5605946918551027,0.45,0.375,-0.35,-0.5,2.85,3.3,3.2,3.8,1.0,1.0,0.07500000000000001,0.15000000000000002,-0.44999999999999973,-0.5999999999999996,0.0,away,4.0
20240606-Saitama_Seibu_Lions-Tokyo_Yakult_Swallows,2024-06-06 18:00:00,2024,Saitama Seibu Lions,Tokyo Yakult Swallows,1.0,3.0,Final,神 宮,54,53,0.613065747870942,0.4,0.35,-0.7,-1.4,2.5,2.65,3.2,4.05,1.0,1.0,0.050000000000000044,0.7,-0.1499999999999999,-0.8499999999999996,0.0,home,4.0
20240606-Tohoku_Rakuten_Golden_Eagles-Hanshin_Tigers,2024-06-06 18:00:00,2024,Tohoku Rakuten Golden Eagles,Hanshin Tigers,4.0,1.0,Final,甲子園,55,53,0.5286922400579221,0.45,0.45,-0.4,-2.05,2.25,2.8,2.65,4.85,1.0,1.0,0.0,1.65,-0.5499999999999998,-2.1999999999999997,0.0,away,5.0
20240607-Chiba_Lotte_Marines-Hiroshima_Toyo_Carp,2024-06-07 18:00:00,2024,Chiba Lotte Marines,Hiroshima Toyo Carp,0.0,4.0,Final,マツダスタジアム,52,54,0.5037301687559363,0.6,0.7,1.25,0.15,3.7,3.45,2.45,3.3,1.0,1.0,-0.09999999999999998,1.1,0.25,-0.8499999999999996,0.0,home,4.0
20240607-Fukuoka_SoftBank_Hawks-Yokohama_DeNA_BayStars,2024-06-07 18:00:00,2024,Fukuoka SoftBank Hawks,Yokohama DeNA BayStars,10.0,1.0,Final,横 浜,55,53,0.32672479410944233,0.45,0.65,-0.4,2.0,2.9,4.1,3.3,2.1,1.0,1.0,-0.2,-2.4,-1.1999999999999997,1.1999999999999997,0.0,away,11.0
20240607-Hokkaido_Nippon-Ham_Fighters-Tokyo_Yakult_Swallows,2024-06-07 18:00:00,2024,Hokkaido Nippon-Ham Fighters,Tokyo Yakult Swallows,5.0,4.0,Final,神 宮,55,53,0.42533841702014713,0.4,0.575,-0.7,1.25,2.5,4.45,3.2,3.2,1.0,1.0,-0.17499999999999993,-1.95,-1.9500000000000002,0.0,0.0,away,9.0
20240607-Orix_Buffaloes-Yomiuri_Giants,2024-06-07 18:00:00,2024,Orix Buffaloes,Yomiuri Giants,2.0,0.0,Final,東京ドーム,57,55,0.6496620116343034,0.525,0.425,0.85,-0.25,3.4,3.4,2.55,3.65,1.0,1.0,0.10000000000000003,1.1,0.0,-1.1,0.0,away,2.0
20240607-Saitama_Seibu_Lions-Hanshin_Tigers,2024-06-07 18:00:00,2024,Saitama Seibu Lions,Hanshin Tigers,1.0,5.0,Final,甲子園,56,54,0.6469083874277547,0.4,0.3,-0.6,-1.55,2.25,2.6,2.85,4.15,1.0,1.0,0.10000000000000003,0.9500000000000001,-0.3500000000000001,-1.3000000000000003,0.0,home,6.0
20240607-Tohoku_Rakuten_Golden_Eagles-Chunichi_Dragons,2024-06-07 18:00:00,2024,Tohoku Rakuten Golden Eagles,Chunichi Dragons,2.0,0.0,Final,バンテリンドーム,56,54,0.4880625050043928,0.475,0.5,-0.1,-1.85,2.05,2.95,2.15,4.8,1.0,1.0,-0.025000000000000022,1.75,-0.9000000000000004,-2.65,0.0,away,2.0
20240608-Chiba_Lotte_Marines-Hiroshima_Toyo_Carp,2024-06-08 14:00:00,2024,Chiba Lotte Marines,Hiroshima Toyo Carp,3.0,1.0,Final,マツダスタジアム,53,55,0.5413448326033722,0.6,0.7,1.4,0.0,3.8,3.2,2.4,3.2,1.0,1.0,-0.09999999999999998,1.4,0.5999999999999996,-0.8000000000000003,0.0,away,4.0
20240608-Fukuoka_SoftBank_Hawks-Yokohama_DeNA_BayStars,2024-06-08 14:00:00,2024,Fukuoka SoftBank Hawks,Yokohama DeNA BayStars,5.0,3.0,Final,横 浜,56,54,0.3008179632615054,0.45,0.65,-0.8,2.3,2.9,4.4,3.7,2.1,1.0,1.0,-0.2,-3.0999999999999996,-1.5000000000000004,1.6,0.0,away,8.0
20240608-Hokkaido_Nippon-Ham_Fighters-Tokyo_Yakult_Swallows,2024-06-08 14:00:00,2024,Hokkaido Nippon-Ham Fighters,Tokyo Yakult Swallows,3.0,6.0,Final,神 宮,56,54,0.39971110032315765,0.4,0.575,-0.7,1.25,2.65,4.4,3.35,3.15,1.0,1.0,-0.17499999999999993,-1.95,-1.7500000000000004,0.20000000000000018,0.0,home,9.0
20240608-Orix_Buffaloes-Yomiuri_Giants,2024-06-08 14:00:00,2024,Orix Buffaloes,Yomiuri Giants,5.0,0.0,Final,東京ドーム,58,56,0.6092186972731141,0.525,0.475,0.85,0.0,3.35,3.45,2.5,3.45,1.0,1.0,0.050000000000000044,0.85,-0.10000000000000009,-0.9500000000000002,0.0,away,5.0
20240608-Saitama_Seibu_Lions-Hanshin_Tigers,2024-06-08 14:00:00,2024,Saitama Seibu Lions,Hanshin Tigers,1.0,4.0,Final,甲子園,57,55,0.6710187318355266,0.45,0.25,-0.3,-1.95,2.4,2.35,2.7,4.3,1.0,1.0,0.2,1.65,0.04999999999999982,-1.5999999999999996,0.0,home,5.0
20240608-Tohoku_Rakuten_Golden_Eagles-Chunichi_Dragons,2024-06-08 14:00:00,2024,Tohoku Rakuten Golden Eagles,Chunichi Dragons,7.0,2.0,Final,バンテリンドーム,57,55,0.45558723929233336,0.425,0.55,-0.3,-1.55,1.85,2.95,2.15,4.5,1.0,1.0,-0.12500000000000006,1.25,-1.1,-2.35,0.0,away,9.0
20240609-Chiba_Lotte_Marines-Hiroshima_Toyo_Carp,2024-06-09 13:30:00,2024,Chiba Lotte Marines,Hiroshima Toyo Carp,1.0,4.0,Final,マツダスタジアム,54,56,0.5052909727601652,0.6,0.7,1.4,-0.05,3.85,3.15,2.45,3.2,1.0,1.0,-0.09999999999999998,1.45,0.7000000000000002,-0.75,0.0,home,5.0
20240609-Hokkaido_Nippon-Ham_Fighters-Tokyo_Yakult_Swallows,2024-06-09 13:30:00,2024,Hokkaido Nippon-Ham Fighters,Tokyo Yakult Swallows,0.0,1.0,Final,神 宮,57,55,0.441451280339141,0.4,0.525,-0.65,0.95,2.85,4.35,3.5,3.4,1.0,1.0,-0.125,-1.6,-1.4999999999999996,0.10000000000000009,0.0,home,1.0
20240609-Tohoku_Rakuten_Golden_Eagles-Chunichi_Dragons,2024-06-09 13:30:00,2024,Tohoku Rakuten Golden Eagles,Chunichi Dragons,1.0,3.0,Final,バンテリンドーム,58,56,0.41946147892409863,0.425,0.55,-0.5,-1.45,1.95,3.1,2.45,4.55,1.0,1.0,-0.12500000000000006,0.95,-1.1500000000000001,-2.0999999999999996,0.0,home,4.0
20240609-Fukuoka_SoftBank_Hawks-Yokohama_DeNA_BayStars,2024-06-09 14:00:00,2024,Fukuoka SoftBank Hawks,Yokohama DeNA BayStars,5.0,8.0,Final,横 浜,57,55,0.2841935552249368,0.45,0.7,-0.7,2.55,3.05,4.6,3.75,2.05,1.0,1.0,-0.24999999999999994,-3.25,-1.5499999999999998,1.7000000000000002,0.0,home,13.0
20240609-Orix_Buffaloes-Yomiuri_Giants,2024-06-09 14:00:00,2024,Orix Buffaloes,Yomiuri Giants,4.0,1.0,Final,東京ドーム,59,57,0.5615956211950043,0.475,0.5,0.55,0.25,3.25,3.65,2.7,3.4,1.0,1.0,-0.025000000000000022,0.30000000000000004,-0.3999999999999999,-0.6999999999999997,0.0,away,5.0
20240609-Saitama_Seibu_Lions-Hanshin_Tigers,2024-06-09 14:00:00,2024,Saitama Seibu Lions,Hanshin Tigers,0.0,3.0,Final,甲子園,58,56,0.6914116421913707,0.45,0.25,-0.2,-1.95,2.55,2.35,2.75,4.3,1.0,1.0,0.2,1.75,0.19999999999999973,-1.5499999999999998,0.0,home,3.0
20240611-Chunichi_Dragons-Hokkaido_Nippon-Ham_Fighters,2024-06-11 18:00:00,2024,Chunichi Dragons,Hokkaido Nippon-Ham Fighters,4.0,0.0,Final,エスコンＦ,56,59,0.6129591107552941,0.475,0.475,0.45,-0.15,3.75,1.9,3.3,2.05,2.0,2.0,0.0,0.6,1.85,1.25,0.0,away,4.0
20240611-Hanshin_Tigers-Orix_Buffaloes,2024-06-11 18:00:00,2024,Hanshin Tigers,Orix Buffaloes,0.0,4.0,Final,京セラD大阪,58,59,0.5411593917872851,0.55,0.45,0.5,-0.3,3.7,2.25,3.2,2.55,2.0,2.0,0.10000000000000003,0.8,1.4500000000000002,0.6500000000000004,0.0,home,4.0
20240611-Hiroshima_Toyo_Carp-Saitama_Seibu_Lions,2024-06-11 18:00:00,2024,Hiroshima Toyo Carp,Saitama Seibu Lions,2.0,1.0,Final,ベルーナドーム,57,55,0.26650838200065574,0.25,0.6,-1.65,1.45,2.2,3.95,3.85,2.5,2.0,2.0,-0.35,-3.0999999999999996,-1.75,1.35,0.0,away,3.0
20240611-Tokyo_Yakult_Swallows-Fukuoka_SoftBank_Hawks,2024-06-11 18:00:00,2024,Tokyo Yakult Swallows,Fukuoka SoftBank Hawks,2.0,4.0,Final,みずほPayPay,56,58,0.6898153722913669,0.65,0.4,2.2,-0.7,4.5,2.7,2.3,3.4,2.0,2.0,0.25,2.9000000000000004,1.7999999999999998,-1.1,0.0,home,6.0
20240611-Yokohama_DeNA_BayStars-Chiba_Lotte_Marines,2024-06-11 18:00:00,2024,Yokohama DeNA BayStars,Chiba Lotte Marines,4.0,0.0,Final,ZOZOマリン,57,58,0.6570971872444583,0.675,0.45,-0.2,-0.6,3.15,3.35,3.35,3.95,2.0,2.0,0.22500000000000003,0.39999999999999997,-0.20000000000000018,-0.6000000000000001,0.0,away,4.0
20240611-Yomiuri_Giants-Tohoku_Rakuten_Golden_Eagles,2024-06-11 18:00:00,2024,Yomiuri Giants,Tohoku Rakuten Golden Eagles,6.0,7.0,Final,楽天モバイル,57,60,0.5400820026423057,0.55,0.425,-1.35,0.2,3.0,3.1,4.35,2.9,2.0,2.0,0.12500000000000006,-1.55,-0.10000000000000009,1.4499999999999997,0.0,home,13.0
20240612-Chunichi_Dragons-Hokkaido_Nippon-Ham_Fighters,2024-06-12 18:00:00,2024,Chunichi Dragons,Hokkaido Nippon-Ham Fighters,0.0,7.0,Final,エスコンＦ,57,60,0.5679431964924223,0.45,0.525,0.25,0.1,3.7,2.05,3.45,1.95,1.0,1.0,-0.07500000000000001,0.15,1.6500000000000004,1.5000000000000002,0.0,home,7.0
20240612-Hanshin_Tigers-Orix_Buffaloes,2024-06-12 18:00:00,2024,Hanshin Tigers,Orix Buffaloes,0.0,4.0,Final,京セラD大阪,59,60,0.5755352585045512,0.55,0.45,0.45,-0.4,3.5,2.15,3.05,2.55,1.0,1.0,0.10000000000000003,0.8500000000000001,1.35,0.5,0.0,home,4.0
20240612-Hiroshima_Toyo_Carp-Saitama_Seibu_Lions,2024-06-12 18:00:00,2024,Hiroshima Toyo Carp,Saitama Seibu Lions,0.0,5.0,Final,ベルーナドーム,58,56,0.25375484216623895,0.25,0.6,-1.5,1.45,2.15,3.85,3.65,2.4,1.0,1.0,-0.35,-2.95,-1.7000000000000002,1.25,0.0,home,5.0
20240612-Tokyo_Yakult_Swallows-Fukuoka_SoftBank_Hawks,2024-06-12 18:00:00,2024,Tokyo Yakult Swallows,Fukuoka SoftBank Hawks,9.0,3.0,Final,みずほPayPay,57,59,0.7072585630410824,0.65,0.4,2.1,-0.75,4.4,2.8,2.3,3.55,1.0,1.0,0.25,2.85,1.6000000000000005,-1.25,0.0,away,12.0
20240612-Yokohama_DeNA_BayStars-Chiba_Lotte_Marines,2024-06-12 18:00:00,2024,Yokohama DeNA BayStars,Chiba Lotte Marines,13.0,3.0,Final,ZOZOマリン,58,59,0.6107975560125204,0.65,0.45,-0.4,-0.45,3.1,3.4,3.5,3.85,1.0,1.0,0.2,0.04999999999999999,-0.2999999999999998,-0.3500000000000001,0.0,away,16.0
20240612-Yomiuri_Giants-Tohoku_Rakuten_Golden_Eagles,2024-06-12 18:00:00,2024,Yomiuri Giants,Tohoku Rakuten Golden Eagles,4.0,5.0,Final,楽天モバイル,58,61,0.5683309774915247,0.55,0.425,-1.4,0.25,3.1,3.4,4.5,3.15,1.0,1.0,0.12500000000000006,-1.65,-0.2999999999999998,1.35,0.0,home,9.0
20240613-Chunichi_Dragons-Hokkaido_Nippon-Ham_Fighters,2024-06-13 18:00:00,2024,Chunichi Dragons,Hokkaido Nippon-Ham Fighters,4.0,9.0,Final,エスコンＦ,58,61,0.6055537764796488,0.5,0.525,0.7,-0.2,3.85,1.95,3.15,2.15,1.0,1.0,-0.025000000000000022,0.8999999999999999,1.9000000000000001,1.0,0.0,home,13.0
20240613-Hanshin_Tigers-Orix_Buffaloes,2024-06-13 18:00:00,2024,Hanshin Tigers,Orix Buffaloes,5.0,0.0,Final,京セラD大阪,60,61,0.6067052804987977,0.55,0.4,0.6,-0.65,3.55,2.1,2.95,2.75,1.0,1.0,0.15000000000000002,1.25,1.4499999999999997,0.20000000000000018,0.0,away,5.0
20240613-Hiroshima_Toyo_Carp-Saitama_Seibu_Lions,2024-06-13 18:00:00,2024,Hiroshima Toyo Carp,Saitama Seibu Lions,5.0,0.0,Final,ベルーナドーム,59,57,0.3019299230866217,0.3,0.55,-1.2,0.9,2.3,3.4,3.5,2.5,1.0,1.0,-0.25000000000000006,-2.1,-1.1,1.0,0.0,away,5.0
20240613-Tokyo_Yakult_Swallows-Fukuoka_SoftBank_Hawks,2024-06-13 18:00:00,2024,Tokyo Yakult Swallows,Fukuoka SoftBank Hawks,3.0,6.0,Final,みずほPayPay,58,60,0.6549987209240028,0.6,0.45,1.75,-0.2,4.4,3.15,2.65,3.35,1.0,1.0,0.14999999999999997,1.95,1.2500000000000004,-0.7000000000000002,0.0,home,9.0
20240613-Yokohama_DeNA_BayStars-Chiba_Lotte_Marines,2024-06-13 18:00:00,2024,Yokohama DeNA BayStars,Chiba Lotte Marines,3.0,1.0,Final,ZOZOマリン,59,60,0.5561718291172068,0.6,0.5,-1.0,0.1,2.95,3.95,3.95,3.85,1.0,1.0,0.09999999999999998,-1.1,-1.0,0.10000000000000009,0.0,away,4.0
20240613-Yomiuri_Giants-Tohoku_Rakuten_Golden_Eagles,2024-06-13 18:00:00,2024,Yomiuri Giants,Tohoku Rakuten Golden Eagles,0.0,3.0,Final,楽天モバイル,59,62,0.5944498741473718,0.6,0.425,-1.1,0.25,3.2,3.45,4.3,3.2,1.0,1.0,0.175,-1.35,-0.25,1.0999999999999996,0.0,home,3.0
20240614-Chunichi_Dragons-Chiba_Lotte_Marines,2024-06-14 18:00:00,2024,Chunichi Dragons,Chiba Lotte Marines,4.0,3.0,Final,ZOZOマリン,60,62,0.5973690684958252,0.55,0.475,-1.15,-0.5,2.8,2.0,3.95,2.5,1.0,1.0,0.07500000000000007,-0.6499999999999999,0.7999999999999998,1.4500000000000002,0.0,away,7.0
20240614-Hiroshima_Toyo_Carp-Tohoku_Rakuten_Golden_Eagles,2024-06-14 18:00:00,2024,Hiroshima Toyo Carp,Tohoku Rakuten Golden Eagles,1.0,0.0,Final,楽天モバイル,60,58,0.5105280914967731,0.65,0.55,-0.9,0.95,3.25,3.35,4.15,2.4,1.0,1.0,0.09999999999999998,-1.85,-0.10000000000000009,1.7500000000000004,0.0,away,1.0
20240614-Tokyo_Yakult_Swallows-Orix_Buffaloes,2024-06-14 18:00:00,2024,Tokyo Yakult Swallows,Orix Buffaloes,5.0,3.0,Final,京セラD大阪,61,61,0.5636412138397855,0.55,0.45,0.4,0.0,3.35,3.3,2.95,3.3,1.0,1.0,0.10000000000000003,0.4,0.050000000000000266,-0.34999999999999964,0.0,away,8.0
20240614-Yokohama_DeNA_BayStars-Saitama_Seibu_Lions,2024-06-14 18:00:00,2024,Yokohama DeNA BayStars,Saitama Seibu Lions,5.0,1.0,Final,ベルーナドーム,60,61,0.3366985659434298,0.3,0.5,-1.4,-0.15,2.25,3.75,3.65,3.9,1.0,1.0,-0.2,-1.25,-1.5,-0.25,0.0,away,6.0
20240614-Yomiuri_Giants-Hokkaido_Nippon-Ham_Fighters,2024-06-14 18:00:00,2024,Yomiuri Giants,Hokkaido Nippon-Ham Fighters,7.0,2.0,Final,エスコンＦ,59,63,0.607553264757415,0.55,0.425,1.0,0.4,4.15,3.3,3.15,2.9,1.0,1.0,0.12500000000000006,0.6,0.8500000000000005,0.25,0.0,away,9.0
20240614-Hanshin_Tigers-Fukuoka_SoftBank_Hawks,2024-06-14 18:30:00,2024,Hanshin Tigers,Fukuoka SoftBank Hawks,0.0,2.0,Final,みずほPayPay,59,62,0.6729465361593711,0.6,0.4,1.85,-0.65,4.6,2.0,2.75,2.65,1.0,1.0,0.19999999999999996,2.5,2.5999999999999996,0.10000000000000009,0.0,home,2.0
20240615-Chunichi_Dragons-Chiba_Lotte_Marines,2024-06-15 14:00:00,2024,Chunichi Dragons,Chiba Lotte Marines,0.0,10.0,Final,ZOZOマリン,61,63,0.5611822479245452,0.5,0.5,-1.3,-0.45,2.7,2.15,4.0,2.6,1.0,1.0,0.0,-0.8500000000000001,0.5500000000000003,1.4,0.0,home,10.0
20240615-Hiroshima_Toyo_Carp-Tohoku_Rakuten_Golden_Eagles,2024-06-15 14:00:00,2024,Hiroshima Toyo Carp,Tohoku Rakuten Golden Eagles,4.0,3.0,Final,楽天モバイル,61,59,0.4788029323716356,0.65,0.6,0.1,1.05,3.25,3.35,3.15,2.3,1.0,1.0,0.050000000000000044,-0.9500000000000001,-0.10000000000000009,0.8500000000000001,0.0,away,7.0
20240615-Tokyo_Yakult_Swallows-Orix_Buffaloes,2024-06-15 14:00:00,2024,Tokyo Yakult Swallows,Orix Buffaloes,3.0,9.0,Final,京セラD大阪,62,62,0.5263267797738458,0.55,0.5,0.35,0.15,3.3,3.5,2.95,3.35,1.0,1.0,0.050000000000000044,0.19999999999999998,-0.20000000000000018,-0.3999999999999999,0.0,home,12.0
20240615-Yokohama_DeNA_BayStars-Saitama_Seibu_Lions,2024-06-15 14:00:00,2024,Yokohama DeNA BayStars,Saitama Seibu Lions,4.0,0.0,Final,ベルーナドーム,61,62,0.3142384136605592,0.3,0.5,-1.5,0.0,2.15,3.9,3.65,3.9,1.0,1.0,-0.2,-1.5,-1.75,-0.25,0.0,away,4.0
20240615-Hanshin_Tigers-Fukuoka_SoftBank_Hawks,2024-06-15 18:00:00,2024,Hanshin Tigers,Fukuoka SoftBank Hawks,2.0,6.0,Final,みずほPayPay,60,63,0.6918746608600531,0.6,0.4,0.9,-0.55,3.65,1.9,2.75,2.45,1.0,1.0,0.19999999999999996,1.4500000000000002,1.75,0.2999999999999998,0.0,home,8.0
20240615-Yomiuri_Giants-Hokkaido_Nippon-Ham_Fighters,2024-06-15 18:00:00,2024,Yomiuri Giants,Hokkaido Nippon-Ham Fighters,2.0,0.0,Final,エスコンＦ,60,64,0.560006144924396,0.5,0.45,0.7,0.65,4.0,3.6,3.3,2.95,1.0,1.0,0.04999999999999999,0.04999999999999993,0.3999999999999999,0.34999999999999964,0.0,away,2.0
20240616-Hiroshima_Toyo_Carp-Tohoku_Rakuten_Golden_Eagles,2024-06-16 13:00:00,2024,Hiroshima Toyo Carp,Tohoku Rakuten Golden Eagles,3.0,5.0,Final,楽天モバイル,62,60,0.44919903447562454,0.65,0.65,0.65,1.15,3.4,3.5,2.75,2.35,1.0,1.0,0.0,-0.4999999999999999,-0.10000000000000009,0.3999999999999999,0.0,home,8.0
20240616-Tokyo_Yakult_Swallows-Orix_Buffaloes,2024-06-16 13:00:00,2024,Tokyo Yakult Swallows,Orix Buffaloes,5.0,4.0,Final,京セラD大阪,63,63,0.5663130821485234,0.55,0.5,0.35,-0.05,3.3,3.5,2.95,3.55,1.0,1.0,0.050000000000000044,0.39999999999999997,-0.20000000000000018,-0.5999999999999996,0.0,away,9.0
20240616-Yokohama_DeNA_BayStars-Saitama_Seibu_Lions,2024-06-16 13:00:00,2024,Yokohama DeNA BayStars,Saitama Seibu Lions,5.0,0.0,Final,ベルーナドーム,62,63,0.29403059812801136,0.3,0.5,-1.65,0.1,2.1,3.85,3.75,3.75,1.0,1.0,-0.2,-1.75,-1.75,0.0,0.0,away,5.0
20240616-Chunichi_Dragons-Chiba_Lotte_Marines,2024-06-16 14:00:00,2024,Chunichi Dragons,Chiba Lotte Marines,2.0,7.0,Final,ZOZOマリン,62,64,0.6005189734808573,0.5,0.45,-0.85,-1.05,3.1,1.95,3.95,3.0,1.0,1.0,0.04999999999999999,0.20000000000000007,1.1500000000000001,0.9500000000000002,0.0,home,9.0
20240616-Hanshin_Tigers-Fukuoka_SoftBank_Hawks,2024-06-16 14:00:00,2024,Hanshin Tigers,Fukuoka SoftBank Hawks,4.0,1.0,Final,みずほPayPay,61,64,0.7114732798746152,0.6,0.35,0.5,-0.8,3.35,1.9,2.85,2.7,1.0,1.0,0.25,1.3,1.4500000000000002,0.1499999999999999,0.0,away,5.0
20240616-Yomiuri_Giants-Hokkaido_Nippon-Ham_Fighters,2024-06-16 14:00:00,2024,Yomiuri Giants,Hokkaido Nippon-Ham Fighters,3.0,3.0,Final,エスコンＦ,61,65,0.522886353181488,0.45,0.5,0.55,0.85,3.75,3.6,3.2,2.75,1.0,1.0,-0.04999999999999999,-0.29999999999999993,0.1499999999999999,0.4500000000000002,0.0,draw,6.0
20240618-Hokkaido_Nippon-Ham_Fighters-Hanshin_Tigers,2024-06-18 18:00:00,2024,Hokkaido Nippon-Ham Fighters,Hanshin Tigers,1.0,2.0,Final,甲子園,65,62,0.5224595064258517,0.35,0.475,-0.7,0.85,2.0,3.75,2.7,2.9,2.0,2.0,-0.125,-1.5499999999999998,-1.75,-0.19999999999999973,0.0,home,3.0
20240621-Chiba_Lotte_Marines-Fukuoka_SoftBank_Hawks,2024-06-21 18:00:00,2024,Chiba Lotte Marines,Fukuoka SoftBank Hawks,4.0,9.0,Final,北九州,62,63,0.6431779832374349,0.6,0.5,0.45,-0.7,3.35,3.3,2.9,4.0,5.0,5.0,0.09999999999999998,1.15,0.050000000000000266,-1.1,0.0,home,13.0
20240621-Hiroshima_Toyo_Carp-Chunichi_Dragons,2024-06-21 18:00:00,2024,Hiroshima Toyo Carp,Chunichi Dragons,0.0,1.0,Final,バンテリンドーム,65,61,0.358906859296011,0.45,0.6,-1.15,0.9,1.95,3.4,3.1,2.5,5.0,5.0,-0.14999999999999997,-2.05,-1.45,0.6000000000000001,0.0,home,1.0
20240621-Saitama_Seibu_Lions-Orix_Buffaloes,2024-06-21 18:00:00,2024,Saitama Seibu Lions,Orix Buffaloes,0.0,2.0,Final,京セラD大阪,64,63,0.7357553985349743,0.5,0.3,0.15,-1.75,3.05,1.8,2.9,3.55,5.0,5.0,0.2,1.9,1.2499999999999998,-0.6499999999999999,0.0,home,2.0
20240621-Tohoku_Rakuten_Golden_Eagles-Hokkaido_Nippon-Ham_Fighters,2024-06-21 18:00:00,2024,Tohoku Rakuten Golden Eagles,Hokkaido Nippon-Ham Fighters,9.0,9.0,Final,エスコンＦ,63,63,0.4672246096368,0.425,0.7,0.75,0.8,3.6,3.5,2.85,2.7,3.0,5.0,-0.27499999999999997,-0.050000000000000044,0.10000000000000009,0.1499999999999999,-2.0,draw,18.0
20240621-Tokyo_Yakult_Swallows-Yomiuri_Giants,2024-06-21 18:00:00,2024,Tokyo Yakult Swallows,Yomiuri Giants,4.0,2.0,Final,東京ドーム,66,64,0.5332717693863195,0.475,0.5,0.8,-0.15,3.7,3.5,2.9,3.65,5.0,5.0,-0.025000000000000022,0.9500000000000001,0.20000000000000018,-0.75,0.0,away,6.0
20240621-Yokohama_DeNA_BayStars-Hanshin_Tigers,2024-06-21 18:00:00,2024,Yokohama DeNA BayStars,Hanshin Tigers,0.0,1.0,Final,甲子園,66,64,0.4877194535803171,0.4,0.55,-0.6,0.5,2.1,4.0,2.7,3.5,3.0,5.0,-0.15000000000000002,-1.1,-1.9,-0.7999999999999998,-2.0,home,1.0
20240622-Chiba_Lotte_Marines-Fukuoka_SoftBank_Hawks,2024-06-22 14:00:00,2024,Chiba Lotte Marines,Fukuoka SoftBank Hawks,1.0,3.0,Final,みずほPayPay,63,64,0.6691205680711525,0.65,0.45,0.8,-1.05,3.8,3.4,3.0,4.45,1.0,1.0,0.2,1.85,0.3999999999999999,-1.4500000000000002,0.0,home,4.0
20240622-Hiroshima_Toyo_Carp-Chunichi_Dragons,2024-06-22 14:00:00,2024,Hiroshima Toyo Carp,Chunichi Dragons,3.0,1.0,Final,バンテリンドーム,66,62,0.39635277101704774,0.45,0.55,-1.15,0.7,1.95,2.95,3.1,2.25,1.0,1.0,-0.10000000000000003,-1.8499999999999999,-1.0000000000000002,0.8500000000000001,0.0,away,4.0
20240622-Saitama_Seibu_Lions-Orix_Buffaloes,2024-06-22 14:00:00,2024,Saitama Seibu Lions,Orix Buffaloes,4.0,2.0,Final,京セラD大阪,65,64,0.7492473602057408,0.55,0.25,0.3,-1.9,2.9,1.5,2.6,3.4,1.0,1.0,0.30000000000000004,2.1999999999999997,1.4,-0.7999999999999998,0.0,away,6.0
20240622-Tohoku_Rakuten_Golden_Eagles-Hokkaido_Nippon-Ham_Fighters,2024-06-22 14:00:00,2024,Tohoku Rakuten Golden Eagles,Hokkaido Nippon-Ham Fighters,2.0,5.0,Final,エスコンＦ,64,64,0.46910366164929646,0.4,0.725,0.5,1.05,3.8,3.95,3.3,2.9,1.0,1.0,-0.32499999999999996,-0.55,-0.15000000000000036,0.3999999999999999,0.0,home,7.0
20240622-Yokohama_DeNA_BayStars-Hanshin_Tigers,2024-06-22 14:00:00,2024,Yokohama DeNA BayStars,Hanshin Tigers,5.0,2.0,Final,甲子園,67,65,0.5195553809884875,0.4,0.55,-0.7,0.6,2.0,3.7,2.7,3.1,1.0,1.0,-0.15000000000000002,-1.2999999999999998,-1.7000000000000002,-0.3999999999999999,0.0,away,7.0
20240622-Tokyo_Yakult_Swallows-Yomiuri_Giants,2024-06-22 18:00:00,2024,Tokyo Yakult Swallows,Yomiuri Giants,3.0,0.0,Final,東京ドーム,67,65,0.49771182067924363,0.475,0.55,0.85,0.0,3.8,3.7,2.95,3.7,1.0,1.0,-0.07500000000000007,0.85,0.09999999999999964,-0.75,0.0,away,3.0
20240623-Chiba_Lotte_Marines-Fukuoka_SoftBank_Hawks,2024-06-23 13:00:00,2024,Chiba Lotte Marines,Fukuoka SoftBank Hawks,6.0,6.0,Final,みずほPayPay,64,65,0.6883867677278461,0.7,0.4,1.2,-1.45,3.9,3.1,2.7,4.55,1.0,1.0,0.29999999999999993,2.65,0.7999999999999998,-1.8499999999999996,0.0,draw,12.0
20240623-Saitama_Seibu_Lions-Orix_Buffaloes,2024-06-23 13:00:00,2024,Saitama Seibu Lions,Orix Buffaloes,1.0,4.0,Final,京セラD大阪,66,65,0.7098134826390846,0.55,0.25,0.35,-1.95,2.9,1.45,2.55,3.4,1.0,1.0,0.30000000000000004,2.3,1.45,-0.8500000000000001,0.0,home,5.0
20240623-Tohoku_Rakuten_Golden_Eagles-Hokkaido_Nippon-Ham_Fighters,2024-06-23 13:00:00,2024,Tohoku Rakuten Golden Eagles,Hokkaido Nippon-Ham Fighters,6.0,2.0,Final,エスコンＦ,65,65,0.5069592515098379,0.45,0.675,0.7,0.85,3.95,3.9,3.25,3.05,1.0,1.0,-0.22500000000000003,-0.15000000000000002,0.050000000000000266,0.20000000000000018,0.0,away,8.0
20240623-Hiroshima_Toyo_Carp-Chunichi_Dragons,2024-06-23 13:30:00,2024,Hiroshima Toyo Carp,Chunichi Dragons,1.0,2.0,Final,バンテリンドーム,67,63,0.37132164950294566,0.4,0.55,-1.5,0.7,1.75,2.9,3.25,2.2,1.0,1.0,-0.15000000000000002,-2.2,-1.15,1.0499999999999998,0.0,home,3.0
20240623-Tokyo_Yakult_Swallows-Yomiuri_Giants,2024-06-23 14:00:00,2024,Tokyo Yakult Swallows,Yomiuri Giants,3.0,4.0,Final,東京ドーム,68,66,0.46225700066256126,0.425,0.6,0.65,0.4,3.7,3.85,3.05,3.45,1.0,1.0,-0.175,0.25,-0.1499999999999999,-0.40000000000000036,0.0,home,7.0
20240623-Yokohama_DeNA_BayStars-Hanshin_Tigers,2024-06-23 14:00:00,2024,Yokohama DeNA BayStars,Hanshin Tigers,,,Postponed,甲子園,68,66,0.48248659393629745,0.4,0.6,-0.8,0.85,2.05,3.85,2.85,3.0,1.0,1.0,-0.19999999999999996,-1.65,-1.8000000000000003,-0.1499999999999999,0.0,,
20240625-Chunichi_Dragons-Hanshin_Tigers,2024-06-25 18:00:00,2024,Chunichi Dragons,Hanshin Tigers,1.0,0.0,Final,倉 敷,68,68,0.5914908710657162,0.4,0.4,-0.8,-1.6,2.05,1.7,2.85,3.3,3.0,2.0,0.0,0.8,0.34999999999999987,-0.44999999999999973,1.0,away,1.0
20240625-Fukuoka_SoftBank_Hawks-Orix_Buffaloes,2024-06-25 18:00:00,2024,Fukuoka SoftBank Hawks,Orix Buffaloes,7.0,2.0,Final,京セラD大阪,67,65,0.37150186066977675,0.6,0.675,0.55,1.1,3.05,4.1,2.5,3.0,2.0,2.0,-0.07500000000000007,-0.55,-1.0499999999999998,-0.5,0.0,away,9.0
20240625-Hokkaido_Nippon-Ham_Fighters-Saitama_Seibu_Lions,2024-06-25 18:00:00,2024,Hokkaido Nippon-Ham Fighters,Saitama Seibu Lions,0.0,1.0,Final,ベルーナドーム,66,66,0.3335741329063815,0.25,0.4,-1.95,0.2,1.5,3.65,3.45,3.45,2.0,2.0,-0.15000000000000002,-2.15,-2.15,0.0,0.0,home,1.0
20240625-Tohoku_Rakuten_Golden_Eagles-Chiba_Lotte_Marines,2024-06-25 18:00:00,2024,Tohoku Rakuten Golden Eagles,Chiba Lotte Marines,2.0,10.0,Final,ZOZOマリン,66,66,0.48390320540461973,0.375,0.725,-1.55,1.3,3.15,4.15,4.7,2.85,2.0,2.0,-0.35,-2.85,-1.0000000000000004,1.85,0.0,home,12.0
20240625-Tokyo_Yakult_Swallows-Hiroshima_Toyo_Carp,2024-06-25 18:00:00,2024,Tokyo Yakult Swallows,Hiroshima Toyo Carp,0.0,3.0,Final,マツダスタジアム,64,67,0.5703048476481364,0.5,0.6,0.6,0.45,2.85,3.85,2.25,3.4,2.0,2.0,-0.09999999999999998,0.14999999999999997,-1.0,-1.15,0.0,home,3.0
20240625-Yomiuri_Giants-Yokohama_DeNA_BayStars,2024-06-25 18:00:00,2024,Yomiuri Giants,Yokohama DeNA BayStars,3.0,2.0,Final,ハードオフ新潟,66,69,0.5916116065628568,0.6,0.475,0.85,0.8,3.85,3.9,3.0,3.1,3.0,2.0,0.125,0.04999999999999993,-0.04999999999999982,-0.10000000000000009,1.0,away,5.0
20240626-Chunichi_Dragons-Hanshin_Tigers,2024-06-26 18:00:00,2024,Chunichi Dragons,Hanshin Tigers,1.0,1.0,Final,甲子園,69,69,0.5555301149693584,0.4,0.45,-0.55,-1.5,1.95,1.75,2.5,3.25,1.0,1.0,-0.04999999999999999,0.95,0.19999999999999996,-0.75,0.0,draw,2.0
20240626-Fukuoka_SoftBank_Hawks-Orix_Buffaloes,2024-06-26 18:00:00,2024,Fukuoka SoftBank Hawks,Orix Buffaloes,5.0,1.0,Final,京セラD大阪,68,66,0.3439959123834125,0.6,0.725,1.0,1.4,3.15,4.45,2.15,3.05,1.0,1.0,-0.125,-0.3999999999999999,-1.3000000000000003,-0.8999999999999999,0.0,away,6.0
20240626-Hokkaido_Nippon-Ham_Fighters-Saitama_Seibu_Lions,2024-06-26 18:00:00,2024,Hokkaido Nippon-Ham Fighters,Saitama Seibu Lions,2.0,2.0,Final,県営大宮,67,67,0.37137150459839924,0.25,0.35,-1.95,-0.15,1.5,3.35,3.45,3.5,1.0,1.0,-0.09999999999999998,-1.8,-1.85,-0.04999999999999982,0.0,draw,4.0
20240626-Tohoku_Rakuten_Golden_Eagles-Chiba_Lotte_Marines,2024-06-26 18:00:00,2024,Tohoku Rakuten Golden Eagles,Chiba Lotte Marines,1.0,4.0,Final,ZOZOマリン,67,67,0.5313905728253627,0.4,0.675,-1.15,0.7,3.5,4.05,4.65,3.35,1.0,1.0,-0.275,-1.8499999999999999,-0.5499999999999998,1.3000000000000003,0.0,home,5.0
20240626-Tokyo_Yakult_Swallows-Hiroshima_Toyo_Carp,2024-06-26 18:00:00,2024,Tokyo Yakult Swallows,Hiroshima Toyo Carp,1.0,5.0,Final,マツダスタジアム,65,68,0.6000760098721309,0.5,0.575,0.05,0.3,2.3,3.7,2.25,3.4,1.0,1.0,-0.07499999999999996,-0.25,-1.4000000000000004,-1.15,0.0,home,6.0
20240627-Chunichi_Dragons-Hanshin_Tigers,2024-06-27 18:00:00,2024,Chunichi Dragons,Hanshin Tigers,1.0,8.0,Final,甲子園,70,70,0.5523707721272959,0.425,0.475,-0.25,-1.35,2.0,1.8,2.25,3.15,1.0,1.0,-0.04999999999999999,1.1,0.19999999999999996,-0.8999999999999999,0.0,home,9.0
20240627-Fukuoka_SoftBank_Hawks-Orix_Buffaloes,2024-06-27 18:00:00,2024,Fukuoka SoftBank Hawks,Orix Buffaloes,1.0,3.0,Final,京セラD大阪,69,67,0.32080130125657175,0.55,0.775,0.5,1.65,2.8,4.45,2.3,2.8,1.0,1.0,-0.22499999999999998,-1.15,-1.6500000000000004,-0.5,0.0,home,4.0
20240627-Tokyo_Yakult_Swallows-Hiroshima_Toyo_Carp,2024-06-27 18:00:00,2024,Tokyo Yakult Swallows,Hiroshima Toyo Carp,3.0,4.0,Final,マツダスタジアム,66,69,0.6288613793229144,0.55,0.55,0.55,0.1,2.45,3.6,1.9,3.5,1.0,1.0,0.0,0.45000000000000007,-1.15,-1.6,0.0,home,7.0
20240627-Yomiuri_Giants-Yokohama_DeNA_BayStars,2024-06-27 18:00:00,2024,Yomiuri Giants,Yokohama DeNA BayStars,4.0,5.0,Final,横 浜,67,70,0.555646081324276,0.55,0.475,0.55,0.8,3.65,4.0,3.1,3.2,2.0,2.0,0.07500000000000007,-0.25,-0.3500000000000001,-0.10000000000000009,0.0,home,9.0
20240628-Fukuoka_SoftBank_Hawks-Hokkaido_Nippon-Ham_Fighters,2024-06-28 18:00:00,2024,Fukuoka SoftBank Hawks,Hokkaido Nippon-Ham Fighters,5.0,1.0,Final,エスコンＦ,68,68,0.3318319924211268,0.375,0.725,-0.1,1.5,3.3,4.4,3.4,2.9,2.0,1.0,-0.35,-1.6,-1.1000000000000005,0.5,1.0,away,6.0
20240628-Hanshin_Tigers-Tokyo_Yakult_Swallows,2024-06-28 18:00:00,2024,Hanshin Tigers,Tokyo Yakult Swallows,,,Postponed,神 宮,70,71,0.5021946072623161,0.55,0.475,0.15,0.15,3.6,2.2,3.45,2.05,1.0,1.0,0.07500000000000007,0.0,1.4,1.4000000000000004,0.0,,
20240628-Hiroshima_Toyo_Carp-Yomiuri_Giants,2024-06-28 18:00:00,2024,Hiroshima Toyo Carp,Yomiuri Giants,2.0,3.0,Final,東京ドーム,71,67,0.41691335556791986,0.425,0.6,0.7,0.65,3.9,2.6,3.2,1.95,1.0,1.0,-0.175,0.04999999999999993,1.2999999999999998,1.2500000000000002,0.0,home,5.0
20240628-Orix_Buffaloes-Chiba_Lotte_Marines,2024-06-28 18:00:00,2024,Orix Buffaloes,Chiba Lotte Marines,3.0,4.0,Final,ZOZOマリン,68,70,0.5757555262693403,0.425,0.55,-1.0,0.55,3.55,2.85,4.55,2.3,2.0,1.0,-0.12500000000000006,-1.55,0.6999999999999997,2.25,1.0,home,7.0
20240628-Saitama_Seibu_Lions-Tohoku_Rakuten_Golden_Eagles,2024-06-28 18:00:00,2024,Saitama Seibu Lions,Tohoku Rakuten Golden Eagles,4.0,0.0,Final,山形市,68,68,0.7117829502732382,0.625,0.225,0.5,-2.1,3.8,1.45,3.3,3.55,2.0,2.0,0.4,2.6,2.3499999999999996,-0.25,0.0,away,4.0
20240628-Yokohama_DeNA_BayStars-Chunichi_Dragons,2024-06-28 18:00:00,2024,Yokohama DeNA BayStars,Chunichi Dragons,5.0,1.0,Final,バンテリンドーム,71,68,0.4237907314031135,0.475,0.6,-1.65,0.8,1.8,3.9,3.45,3.1,1.0,1.0,-0.125,-2.45,-2.0999999999999996,0.3500000000000001,0.0,away,6.0
20240629-Fukuoka_SoftBank_Hawks-Hokkaido_Nippon-Ham_Fighters,2024-06-29 14:00:00,2024,Fukuoka SoftBank Hawks,Hokkaido Nippon-Ham Fighters,7.0,1.0,Final,エスコンＦ,69,69,0.30986120009868257,0.375,0.725,-0.25,1.6,3.2,4.55,3.45,2.95,1.0,1.0,-0.35,-1.85,-1.3499999999999996,0.5,0.0,away,8.0
20240629-Hanshin_Tigers-Tokyo_Yakult_Swallows,2024-06-29 14:00:00,2024,Hanshin Tigers,Tokyo Yakult Swallows,1.0,6.0,Final,神 宮,70,71,0.5021946072623161,0.55,0.475,0.15,0.15,3.6,2.2,3.45,2.05,2.0,2.0,0.07500000000000007,0.0,1.4,1.4000000000000004,0.0,home,7.0
20240629-Hiroshima_Toyo_Carp-Yomiuri_Giants,2024-06-29 14:00:00,2024,Hiroshima Toyo Carp,Yomiuri Giants,2.0,1.0,Final,東京ドーム,72,68,0.4525294418513688,0.425,0.6,0.6,0.7,3.85,2.7,3.25,2.0,1.0,1.0,-0.175,-0.09999999999999998,1.15,1.25,0.0,away,3.0
20240629-Yokohama_DeNA_BayStars-Chunichi_Dragons,2024-06-29 14:00:00,2024,Yokohama DeNA BayStars,Chunichi Dragons,5.0,1.0,Final,バンテリンドーム,72,69,0.3926852929369343,0.425,0.65,-1.9,1.05,1.75,3.9,3.65,2.85,1.0,1.0,-0.22500000000000003,-2.95,-2.15,0.7999999999999998,0.0,away,6.0
20240629-Orix_Buffaloes-Chiba_Lotte_Marines,2024-06-29 18:00:00,2024,Orix Buffaloes,Chiba Lotte Marines,5.0,3.0,Final,ZOZOマリン,69,71,0.6012974365790408,0.425,0.55,-1.0,0.55,3.5,2.95,4.5,2.4,1.0,1.0,-0.12500000000000006,-1.55,0.5499999999999998,2.1,0.0,away,8.0
20240629-Saitama_Seibu_Lions-Tohoku_Rakuten_Golden_Eagles,2024-06-29 18:00:00,2024,Saitama Seibu Lions,Tohoku Rakuten Golden Eagles,4.0,2.0,Final,楽天モバイル,69,69,0.6654593131327478,0.575,0.275,0.2,-1.75,3.55,1.6,3.35,3.35,1.0,1.0,0.29999999999999993,1.95,1.9499999999999997,0.0,0.0,away,6.0
20240630-Fukuoka_SoftBank_Hawks-Hokkaido_Nippon-Ham_Fighters,2024-06-30 13:00:00,2024,Fukuoka SoftBank Hawks,Hokkaido Nippon-Ham Fighters,10.0,3.0,Final,エスコンＦ,70,70,0.287744536323186,0.325,0.725,-0.9,1.8,2.8,4.65,3.7,2.85,1.0,1.0,-0.39999999999999997,-2.7,-1.8500000000000005,0.8500000000000001,0.0,away,13.0
20240630-Hanshin_Tigers-Tokyo_Yakult_Swallows,2024-06-30 13:30:00,2024,Hanshin Tigers,Tokyo Yakult Swallows,5.0,6.0,Final,神 宮,71,72,0.5422122755513493,0.6,0.475,0.7,-0.05,3.8,2.15,3.1,2.2,1.0,1.0,0.125,0.75,1.65,0.8999999999999999,0.0,home,11.0
20240630-Yokohama_DeNA_BayStars-Chunichi_Dragons,2024-06-30 13:30:00,2024,Yokohama DeNA BayStars,Chunichi Dragons,0.0,3.0,Final,バンテリンドーム,73,70,0.364614362945847,0.375,0.65,-2.15,1.2,1.7,3.95,3.85,2.75,1.0,1.0,-0.275,-3.3499999999999996,-2.25,1.1,0.0,home,3.0
20240630-Hiroshima_Toyo_Carp-Yomiuri_Giants,2024-06-30 14:00:00,2024,Hiroshima Toyo Carp,Yomiuri Giants,2.0,3.0,Final,東京ドーム,73,69,0.42482659035492976,0.425,0.65,0.6,0.85,3.75,2.65,3.15,1.8,1.0,1.0,-0.22500000000000003,-0.25,1.1,1.3499999999999999,0.0,home,5.0
20240630-Saitama_Seibu_Lions-Tohoku_Rakuten_Golden_Eagles,2024-06-30 14:00:00,2024,Saitama Seibu Lions,Tohoku Rakuten Golden Eagles,1.0,2.0,Final,楽天モバイル,70,70,0.6248005892688333,0.525,0.275,-0.2,-1.7,3.25,1.6,3.45,3.3,1.0,1.0,0.25,1.5,1.65,0.15000000000000036,0.0,home,3.0
20240630-Orix_Buffaloes-Chiba_Lotte_Marines,2024-06-30 18:00:00,2024,Orix Buffaloes,Chiba Lotte Marines,0.0,7.0,Final,ZOZOマリン,70,72,0.5622423562803686,0.375,0.6,-1.15,0.7,3.5,3.15,4.65,2.45,1.0,1.0,-0.22499999999999998,-1.8499999999999999,0.3500000000000001,2.2,0.0,home,7.0
20240702-Chiba_Lotte_Marines-Hokkaido_Nippon-Ham_Fighters,2024-07-02 18:00:00,2024,Chiba Lotte Marines,Hokkaido Nippon-Ham Fighters,3.0,8.0,Final,エスコンＦ,71,71,0.39835533632583114,0.275,0.425,-1.5,-0.75,2.7,3.85,4.2,4.6,2.0,2.0,-0.14999999999999997,-0.75,-1.15,-0.39999999999999947,0.0,home,11.0
20240702-Chunichi_Dragons-Yomiuri_Giants,2024-07-02 18:00:00,2024,Chunichi Dragons,Yomiuri Giants,2.0,1.0,Final,松 本,74,74,0.6081946766657798,0.425,0.425,0.35,-1.95,3.55,1.75,3.2,3.7,2.0,2.0,0.0,2.3,1.7999999999999998,-0.5,0.0,away,3.0
20240702-Hanshin_Tigers-Hiroshima_Toyo_Carp,2024-07-02 18:00:00,2024,Hanshin Tigers,Hiroshima Toyo Carp,3.0,0.0,Final,マツダスタジアム,70,73,0.6370739232706952,0.65,0.425,1.05,-0.15,2.75,2.35,1.7,2.5,2.0,2.0,0.22500000000000003,1.2,0.3999999999999999,-0.8,0.0,away,3.0
20240702-Orix_Buffaloes-Tohoku_Rakuten_Golden_Eagles,2024-07-02 18:00:00,2024,Orix Buffaloes,Tohoku Rakuten Golden Eagles,4.0,1.0,Final,弘 前,71,73,0.5154092150397621,0.575,0.6,0.05,0.45,3.35,3.1,3.3,2.65,2.0,2.0,-0.025000000000000022,-0.4,0.25,0.6499999999999999,0.0,away,5.0
20240702-Saitama_Seibu_Lions-Fukuoka_SoftBank_Hawks,2024-07-02 18:00:00,2024,Saitama Seibu Lions,Fukuoka SoftBank Hawks,2.0,3.0,Final,東京ドーム,71,71,0.8244125847567827,0.725,0.275,2.1,-1.45,5.0,1.6,2.9,3.05,2.0,2.0,0.44999999999999996,3.55,3.4,-0.1499999999999999,0.0,home,5.0
20240702-Tokyo_Yakult_Swallows-Yokohama_DeNA_BayStars,2024-07-02 18:00:00,2024,Tokyo Yakult Swallows,Yokohama DeNA BayStars,4.0,6.0,Final,横 浜,71,72,0.5705609534651306,0.6,0.6,1.0,0.55,3.75,3.9,2.75,3.35,2.0,2.0,0.0,0.44999999999999996,-0.1499999999999999,-0.6000000000000001,0.0,home,10.0
20240703-Chiba_Lotte_Marines-Hokkaido_Nippon-Ham_Fighters,2024-07-03 18:00:00,2024,Chiba Lotte Marines,Hokkaido Nippon-Ham Fighters,9.0,6.0,Final,エスコンＦ,72,72,0.4456221064041101,0.325,0.425,-0.95,-0.2,3.1,3.9,4.05,4.1,1.0,1.0,-0.09999999999999998,-0.75,-0.7999999999999998,-0.04999999999999982,0.0,away,15.0
20240703-Chunichi_Dragons-Yomiuri_Giants,2024-07-03 18:00:00,2024,Chunichi Dragons,Yomiuri Giants,1.0,6.0,Final,前 橋,75,75,0.5716250903448226,0.375,0.475,-0.5,-1.7,2.7,1.8,3.2,3.5,1.0,1.0,-0.09999999999999998,1.2,0.9000000000000001,-0.2999999999999998,0.0,home,7.0
20240703-Hanshin_Tigers-Hiroshima_Toyo_Carp,2024-07-03 18:00:00,2024,Hanshin Tigers,Hiroshima Toyo Carp,2.0,1.0,Final,マツダスタジアム,71,74,0.5940633454845118,0.6,0.475,0.6,0.1,2.45,2.45,1.85,2.35,1.0,1.0,0.125,0.5,0.0,-0.5,0.0,away,3.0
20240703-Orix_Buffaloes-Tohoku_Rakuten_Golden_Eagles,2024-07-03 18:00:00,2024,Orix Buffaloes,Tohoku Rakuten Golden Eagles,,,Postponed,盛 岡,72,74,0.4786371289040273,0.525,0.6,-0.2,0.55,3.25,3.2,3.45,2.65,1.0,1.0,-0.07499999999999996,-0.75,0.04999999999999982,0.8000000000000003,0.0,,
20240703-Tokyo_Yakult_Swallows-Yokohama_DeNA_BayStars,2024-07-03 18:00:00,2024,Tokyo Yakult Swallows,Yokohama DeNA BayStars,5.0,3.0,Final,横 浜,72,73,0.5984097201400801,0.65,0.55,1.45,0.4,3.95,3.9,2.5,3.5,1.0,1.0,0.09999999999999998,1.0499999999999998,0.050000000000000266,-1.0,0.0,away,8.0
20240704-Chiba_Lotte_Marines-Hokkaido_Nippon-Ham_Fighters,2024-07-04 18:00:00,2024,Chiba Lotte Marines,Hokkaido Nippon-Ham Fighters,3.0,1.0,Final,エスコンＦ,73,73,0.41444749845555084,0.325,0.425,-1.0,-0.1,3.35,4.15,4.35,4.25,1.0,1.0,-0.09999999999999998,-0.9,-0.8000000000000003,0.09999999999999964,0.0,away,4.0
20240704-Hanshin_Tigers-Hiroshima_Toyo_Carp,2024-07-04 18:00:00,2024,Hanshin Tigers,Hiroshima Toyo Carp,5.0,7.0,Final,マツダスタジアム,72,75,0.5580021111896656,0.55,0.525,0.45,0.2,2.35,2.45,1.9,2.25,1.0,1.0,0.025000000000000022,0.25,-0.10000000000000009,-0.3500000000000001,0.0,home,12.0
20240704-Saitama_Seibu_Lions-Fukuoka_SoftBank_Hawks,2024-07-04 18:00:00,2024,Saitama Seibu Lions,Fukuoka SoftBank Hawks,4.0,0.0,Final,みずほPayPay,72,72,0.8306441046163163,0.725,0.275,1.95,-1.45,4.9,1.55,2.95,3.0,2.0,2.0,0.44999999999999996,3.4,3.3500000000000005,-0.04999999999999982,0.0,away,4.0
20240704-Tokyo_Yakult_Swallows-Yokohama_DeNA_BayStars,2024-07-04 18:00:00,2024,Tokyo Yakult Swallows,Yokohama DeNA BayStars,0.0,3.0,Final,横 浜,73,74,0.5594692081316052,0.6,0.55,1.25,0.25,3.95,3.8,2.7,3.55,1.0,1.0,0.04999999999999993,1.0,0.15000000000000036,-0.8499999999999996,0.0,home,3.0
20240705-Chiba_Lotte_Marines-Saitama_Seibu_Lions,2024-07-05 18:00:00,2024,Chiba Lotte Marines,Saitama Seibu Lions,6.0,3.0,Final,ベルーナドーム,73,74,0.34604545433409556,0.325,0.475,-1.0,0.15,1.65,4.1,2.65,3.95,1.0,1.0,-0.14999999999999997,-1.15,-2.4499999999999997,-1.3000000000000003,0.0,away,9.0
20240705-Hiroshima_Toyo_Carp-Chunichi_Dragons,2024-07-05 18:00:00,2024,Hiroshima Toyo Carp,Chunichi Dragons,0.0,2.0,Final,バンテリンドーム,76,73,0.40801072073513134,0.425,0.55,-2.1,0.35,1.7,2.5,3.8,2.15,2.0,1.0,-0.12500000000000006,-2.45,-0.8,1.65,1.0,home,2.0
20240705-Tohoku_Rakuten_Golden_Eagles-Fukuoka_SoftBank_Hawks,2024-07-05 18:00:00,2024,Tohoku Rakuten Golden Eagles,Fukuoka SoftBank Hawks,5.0,1.0,Final,みずほPayPay,73,72,0.7364431812372173,0.725,0.525,1.9,-0.2,4.9,3.25,3.0,3.45,1.0,3.0,0.19999999999999996,2.1,1.6500000000000004,-0.4500000000000002,-2.0,away,6.0
20240705-Yokohama_DeNA_BayStars-Hanshin_Tigers,2024-07-05 18:00:00,2024,Yokohama DeNA BayStars,Hanshin Tigers,2.0,1.0,Final,甲子園,76,74,0.46098315714158183,0.525,0.65,0.25,1.45,2.65,4.05,2.4,2.6,1.0,1.0,-0.125,-1.2,-1.4,-0.20000000000000018,0.0,away,3.0
20240705-Yomiuri_Giants-Tokyo_Yakult_Swallows,2024-07-05 18:00:00,2024,Yomiuri Giants,Tokyo Yakult Swallows,10.0,3.0,Final,神 宮,75,76,0.519209447554031,0.5,0.425,0.0,-0.2,3.65,2.85,3.65,3.05,1.0,2.0,0.07500000000000001,0.2,0.7999999999999998,0.6000000000000001,-1.0,away,13.0
20240706-Hiroshima_Toyo_Carp-Chunichi_Dragons,2024-07-06 14:00:00,2024,Hiroshima Toyo Carp,Chunichi Dragons,1.0,2.0,Final,バンテリンドーム,77,74,0.4466847519508387,0.475,0.55,-1.9,0.35,1.8,2.45,3.7,2.1,1.0,1.0,-0.07500000000000007,-2.25,-0.6500000000000001,1.6,0.0,home,3.0
20240706-Tohoku_Rakuten_Golden_Eagles-Fukuoka_SoftBank_Hawks,2024-07-06 14:00:00,2024,Tohoku Rakuten Golden Eagles,Fukuoka SoftBank Hawks,4.0,0.0,Final,みずほPayPay,74,73,0.6907712990218424,0.675,0.525,1.25,-0.05,4.45,3.35,3.2,3.4,1.0,1.0,0.15000000000000002,1.3,1.1,-0.19999999999999973,0.0,away,4.0
20240706-Chiba_Lotte_Marines-Saitama_Seibu_Lions,2024-07-06 18:00:00,2024,Chiba Lotte Marines,Saitama Seibu Lions,4.0,3.0,Final,ベルーナドーム,74,75,0.32403915431452357,0.325,0.525,-1.05,0.5,1.75,4.4,2.8,3.9,1.0,1.0,-0.2,-1.55,-2.6500000000000004,-1.1,0.0,away,7.0
20240706-Hokkaido_Nippon-Ham_Fighters-Orix_Buffaloes,2024-07-06 18:00:00,2024,Hokkaido Nippon-Ham Fighters,Orix Buffaloes,1.0,4.0,Final,ほっと神戸,74,74,0.6096334467401003,0.6,0.275,0.55,-1.15,3.2,3.15,2.65,4.3,4.0,2.0,0.32499999999999996,1.7,0.050000000000000266,-1.65,2.0,home,5.0
20240706-Yokohama_DeNA_BayStars-Hanshin_Tigers,2024-07-06 18:00:00,2024,Yokohama DeNA BayStars,Hanshin Tigers,1.0,2.0,Final,甲子園,77,75,0.4326561562765541,0.475,0.7,0.0,1.6,2.45,4.1,2.45,2.5,1.0,1.0,-0.22499999999999998,-1.6,-1.6499999999999995,-0.04999999999999982,0.0,home,3.0
20240706-Yomiuri_Giants-Tokyo_Yakult_Swallows,2024-07-06 18:00:00,2024,Yomiuri Giants,Tokyo Yakult Swallows,4.0,1.0,Final,神 宮,76,77,0.47262088804868535,0.5,0.425,-0.3,0.0,3.6,3.0,3.9,3.0,1.0,1.0,0.07500000000000001,-0.3,0.6000000000000001,0.8999999999999999,0.0,away,5.0
20240707-Tohoku_Rakuten_Golden_Eagles-Fukuoka_SoftBank_Hawks,2024-07-07 13:00:00,2024,Tohoku Rakuten Golden Eagles,Fukuoka SoftBank Hawks,3.0,5.0,Final,みずほPayPay,75,74,0.644230557364707,0.625,0.525,0.95,0.0,4.2,3.35,3.25,3.35,1.0,1.0,0.09999999999999998,0.95,0.8500000000000001,-0.10000000000000009,0.0,home,8.0
20240707-Hiroshima_Toyo_Carp-Chunichi_Dragons,2024-07-07 13:30:00,2024,Hiroshima Toyo Carp,Chunichi Dragons,1.0,2.0,Final,バンテリンドーム,78,75,0.48089010628405204,0.525,0.5,-1.6,0.15,1.8,2.3,3.4,2.15,1.0,1.0,0.025000000000000022,-1.75,-0.4999999999999998,1.25,0.0,home,3.0
20240707-Hokkaido_Nippon-Ham_Fighters-Orix_Buffaloes,2024-07-07 14:00:00,2024,Hokkaido Nippon-Ham Fighters,Orix Buffaloes,3.0,6.0,Final,京セラD大阪,75,75,0.6358112268255469,0.6,0.275,0.6,-1.15,3.25,3.05,2.65,4.2,1.0,1.0,0.32499999999999996,1.75,0.20000000000000018,-1.5500000000000003,0.0,home,9.0
20240707-Chiba_Lotte_Marines-Saitama_Seibu_Lions,2024-07-07 17:00:00,2024,Chiba Lotte Marines,Saitama Seibu Lions,9.0,2.0,Final,ベルーナドーム,75,76,0.30664474778804846,0.325,0.525,-0.9,0.45,1.85,4.45,2.75,4.0,1.0,1.0,-0.2,-1.35,-2.6,-1.25,0.0,away,11.0
20240707-Yokohama_DeNA_BayStars-Hanshin_Tigers,2024-07-07 18:00:00,2024,Yokohama DeNA BayStars,Hanshin Tigers,5.0,6.0,Final,甲子園,78,76,0.4675617202059222,0.475,0.7,-0.1,2.0,2.35,4.1,2.45,2.1,1.0,1.0,-0.22499999999999998,-2.1,-1.7499999999999996,0.3500000000000001,0.0,home,11.0
20240707-Yomiuri_Giants-Tokyo_Yakult_Swallows,2024-07-07 18:00:00,2024,Yomiuri Giants,Tokyo Yakult Swallows,7.0,3.0,Final,神 宮,77,78,0.4391606813523564,0.45,0.475,-0.6,0.25,3.35,3.2,3.95,2.95,1.0,1.0,-0.024999999999999967,-0.85,0.1499999999999999,1.0,0.0,away,10.0
20240709-Chunichi_Dragons-Yokohama_DeNA_BayStars,2024-07-09 17:45:00,2024,Chunichi Dragons,Yokohama DeNA BayStars,5.0,6.0,Final,横 浜,77,79,0.5856834458648245,0.7,0.525,2.05,-1.65,4.2,1.75,2.15,3.4,2.0,2.0,0.17499999999999993,3.6999999999999997,2.45,-1.25,0.0,home,11.0
20240709-Fukuoka_SoftBank_Hawks-Orix_Buffaloes,2024-07-09 18:00:00,2024,Fukuoka SoftBank Hawks,Orix Buffaloes,0.0,3.0,Final,京セラD大阪,76,76,0.4207806423288303,0.6,0.675,0.65,1.2,3.45,4.2,2.8,3.0,2.0,2.0,-0.07500000000000007,-0.5499999999999999,-0.75,-0.20000000000000018,0.0,home,3.0
20240709-Hokkaido_Nippon-Ham_Fighters-Saitama_Seibu_Lions,2024-07-09 18:00:00,2024,Hokkaido Nippon-Ham Fighters,Saitama Seibu Lions,4.0,1.0,Final,ベルーナドーム,76,76,0.4745031719691563,0.325,0.275,-1.1,-1.25,1.9,3.2,3.0,4.45,2.0,2.0,0.04999999999999999,0.1499999999999999,-1.3000000000000003,-1.4500000000000002,0.0,away,5.0
20240709-Tohoku_Rakuten_Golden_Eagles-Chiba_Lotte_Marines,2024-07-09 18:00:00,2024,Tohoku Rakuten Golden Eagles,Chiba Lotte Marines,4.0,2.0,Final,ZOZOマリン,77,75,0.6299359259301704,0.575,0.475,0.95,-0.2,4.85,3.4,3.9,3.6,2.0,2.0,0.09999999999999998,1.15,1.4499999999999997,0.2999999999999998,0.0,away,6.0
20240709-Tokyo_Yakult_Swallows-Hanshin_Tigers,2024-07-09 18:00:00,2024,Tokyo Yakult Swallows,Hanshin Tigers,1.0,2.0,Final,甲子園,79,78,0.5987270752028555,0.475,0.4,-0.2,-0.85,2.5,3.45,2.7,4.3,2.0,2.0,0.07499999999999996,0.6499999999999999,-0.9500000000000002,-1.5999999999999996,0.0,home,3.0
20240709-Yomiuri_Giants-Hiroshima_Toyo_Carp,2024-07-09 18:00:00,2024,Yomiuri Giants,Hiroshima Toyo Carp,5.0,3.0,Final,マツダスタジアム,76,79,0.46285347027124274,0.45,0.525,0.05,0.7,2.25,3.55,2.2,2.85,2.0,2.0,-0.07500000000000001,-0.6499999999999999,-1.2999999999999998,-0.6499999999999999,0.0,away,8.0
20240710-Chunichi_Dragons-Yokohama_DeNA_BayStars,2024-07-10 17:45:00,2024,Chunichi Dragons,Yokohama DeNA BayStars,0.0,3.0,Final,横 浜,78,80,0.6104445033276915,0.7,0.475,1.95,-1.9,4.1,1.8,2.15,3.7,1.0,1.0,0.22499999999999998,3.8499999999999996,2.3,-1.5500000000000003,0.0,home,3.0
20240710-Fukuoka_SoftBank_Hawks-Orix_Buffaloes,2024-07-10 18:00:00,2024,Fukuoka SoftBank Hawks,Orix Buffaloes,3.0,4.0,Final,京セラD大阪,77,77,0.46152854723636794,0.6,0.625,0.55,0.95,3.35,4.0,2.8,3.05,1.0,1.0,-0.025000000000000022,-0.3999999999999999,-0.6499999999999999,-0.25,0.0,home,7.0
20240710-Hokkaido_Nippon-Ham_Fighters-Saitama_Seibu_Lions,2024-07-10 18:00:00,2024,Hokkaido Nippon-Ham Fighters,Saitama Seibu Lions,6.0,1.0,Final,ベルーナドーム,77,77,0.4408886599599412,0.325,0.325,-1.1,-0.9,1.95,3.4,3.05,4.3,1.0,1.0,0.0,-0.20000000000000007,-1.45,-1.25,0.0,away,7.0
20240710-Tohoku_Rakuten_Golden_Eagles-Chiba_Lotte_Marines,2024-07-10 18:00:00,2024,Tohoku Rakuten Golden Eagles,Chiba Lotte Marines,5.0,18.0,Final,ZOZOマリン,78,76,0.5899324510930829,0.575,0.475,1.05,-0.35,4.95,3.25,3.9,3.6,1.0,1.0,0.09999999999999998,1.4,1.7000000000000002,0.2999999999999998,0.0,home,23.0
20240710-Tokyo_Yakult_Swallows-Hanshin_Tigers,2024-07-10 18:00:00,2024,Tokyo Yakult Swallows,Hanshin Tigers,1.0,4.0,Final,甲子園,80,79,0.6224481167339369,0.525,0.4,0.05,-0.8,2.6,3.4,2.55,4.2,1.0,1.0,0.125,0.8500000000000001,-0.7999999999999998,-1.6500000000000004,0.0,home,5.0
20240710-Yomiuri_Giants-Hiroshima_Toyo_Carp,2024-07-10 18:00:00,2024,Yomiuri Giants,Hiroshima Toyo Carp,,,Postponed,マツダスタジアム,77,80,0.4322962738258143,0.45,0.575,0.2,0.95,2.4,3.75,2.2,2.8,1.0,1.0,-0.12499999999999994,-0.75,-1.35,-0.5999999999999996,0.0,,
20240711-Chunichi_Dragons-Yokohama_DeNA_BayStars,2024-07-11 17:45:00,2024,Chunichi Dragons,Yokohama DeNA BayStars,2.0,3.0,Final,横 浜,79,81,0.6365467414808215,0.7,0.475,1.9,-1.7,4.05,1.8,2.15,3.5,1.0,1.0,0.22499999999999998,3.5999999999999996,2.25,-1.35,0.0,home,5.0
20240712-Fukuoka_SoftBank_Hawks-Hokkaido_Nippon-Ham_Fighters,2024-07-12 18:00:00,2024,Fukuoka SoftBank Hawks,Hokkaido Nippon-Ham Fighters,5.0,4.0,Final,エスコンＦ,78,78,0.35957547059073575,0.325,0.625,-1.0,1.2,3.35,4.0,4.35,2.8,2.0,2.0,-0.3,-2.2,-0.6499999999999999,1.5499999999999998,0.0,away,9.0
20240712-Hanshin_Tigers-Chunichi_Dragons,2024-07-12 18:00:00,2024,Hanshin Tigers,Chunichi Dragons,0.0,3.0,Final,バンテリンドーム,82,81,0.4355244249096676,0.475,0.575,-1.5,0.4,1.7,2.8,3.2,2.4,1.0,2.0,-0.09999999999999998,-1.9,-1.0999999999999999,0.8000000000000003,-1.0,home,3.0
20240712-Orix_Buffaloes-Chiba_Lotte_Marines,2024-07-12 18:00:00,2024,Orix Buffaloes,Chiba Lotte Marines,0.0,1.0,Final,ZOZOマリン,79,78,0.5584162111338101,0.625,0.6,2.2,0.45,5.7,3.35,3.5,2.9,2.0,2.0,0.025000000000000022,1.7500000000000002,2.35,0.6000000000000001,0.0,home,1.0
20240712-Saitama_Seibu_Lions-Tohoku_Rakuten_Golden_Eagles,2024-07-12 18:00:00,2024,Saitama Seibu Lions,Tohoku Rakuten Golden Eagles,2.0,3.0,Final,楽天モバイル,77,78,0.7082376162417872,0.475,0.325,-0.9,-1.3,3.45,1.95,4.35,3.25,2.0,2.0,0.14999999999999997,0.4,1.5000000000000002,1.0999999999999996,0.0,home,5.0
20240712-Tokyo_Yakult_Swallows-Hiroshima_Toyo_Carp,2024-07-12 18:00:00,2024,Tokyo Yakult Swallows,Hiroshima Toyo Carp,3.0,4.0,Final,マツダスタジアム,77,80,0.5953908277417421,0.45,0.35,0.2,-1.25,2.4,3.0,2.2,4.25,3.0,2.0,0.10000000000000003,1.45,-0.6000000000000001,-2.05,1.0,home,7.0
20240712-Yokohama_DeNA_BayStars-Yomiuri_Giants,2024-07-12 18:00:00,2024,Yokohama DeNA BayStars,Yomiuri Giants,2.0,3.0,Final,東京ドーム,80,80,0.5299906286723102,0.575,0.7,0.95,1.45,3.75,3.55,2.8,2.1,3.0,1.0,-0.125,-0.5,0.20000000000000018,0.6999999999999997,2.0,home,5.0
20240713-Fukuoka_SoftBank_Hawks-Hokkaido_Nippon-Ham_Fighters,2024-07-13 14:00:00,2024,Fukuoka SoftBank Hawks,Hokkaido Nippon-Ham Fighters,2.0,3.0,Final,エスコンＦ,79,79,0.339252717167957,0.275,0.625,-1.3,1.1,3.1,3.95,4.4,2.85,1.0,1.0,-0.35,-2.4000000000000004,-0.8500000000000001,1.5500000000000003,0.0,home,5.0
20240713-Hanshin_Tigers-Chunichi_Dragons,2024-07-13 14:00:00,2024,Hanshin Tigers,Chunichi Dragons,8.0,10.0,Final,バンテリンドーム,83,82,0.475475481174191,0.475,0.525,-1.4,0.0,1.65,2.55,3.05,2.55,1.0,1.0,-0.050000000000000044,-1.4,-0.8999999999999999,0.5,0.0,home,18.0
20240713-Tokyo_Yakult_Swallows-Hiroshima_Toyo_Carp,2024-07-13 14:00:00,2024,Tokyo Yakult Swallows,Hiroshima Toyo Carp,0.0,1.0,Final,マツダスタジアム,78,81,0.6193792584450591,0.45,0.35,0.0,-1.15,2.35,3.0,2.35,4.15,1.0,1.0,0.10000000000000003,1.15,-0.6499999999999999,-1.8000000000000003,0.0,home,1.0
20240713-Yokohama_DeNA_BayStars-Yomiuri_Giants,2024-07-13 14:00:00,2024,Yokohama DeNA BayStars,Yomiuri Giants,1.0,6.0,Final,東京ドーム,81,81,0.5589713156424598,0.625,0.65,1.05,1.3,3.6,3.5,2.55,2.2,1.0,1.0,-0.025000000000000022,-0.25,0.10000000000000009,0.34999999999999964,0.0,home,7.0
20240713-Saitama_Seibu_Lions-Tohoku_Rakuten_Golden_Eagles,2024-07-13 16:00:00,2024,Saitama Seibu Lions,Tohoku Rakuten Golden Eagles,0.0,5.0,Final,楽天モバイル,78,79,0.7230006917588836,0.475,0.275,-0.9,-1.6,3.25,1.8,4.15,3.4,1.0,1.0,0.19999999999999996,0.7000000000000001,1.45,0.7500000000000004,0.0,home,5.0
20240713-Orix_Buffaloes-Chiba_Lotte_Marines,2024-07-13 18:00:00,2024,Orix Buffaloes,Chiba Lotte Marines,0.0,6.0,Final,ZOZOマリン,80,79,0.5852952251368211,0.675,0.55,2.35,0.2,5.7,3.15,3.35,2.95,1.0,1.0,0.125,2.15,2.5500000000000003,0.3999999999999999,0.0,home,6.0
20240714-Fukuoka_SoftBank_Hawks-Hokkaido_Nippon-Ham_Fighters,2024-07-14 13:00:00,2024,Fukuoka SoftBank Hawks,Hokkaido Nippon-Ham Fighters,1.0,3.0,Final,エスコンＦ,80,80,0.3769974862378742,0.325,0.575,-1.0,0.95,3.15,3.95,4.15,3.0,1.0,1.0,-0.24999999999999994,-1.95,-0.8000000000000003,1.1500000000000004,0.0,home,4.0
20240714-Saitama_Seibu_Lions-Tohoku_Rakuten_Golden_Eagles,2024-07-14 13:00:00,2024,Saitama Seibu Lions,Tohoku Rakuten Golden Eagles,2.0,4.0,Final,楽天モバイル,79,80,0.740523109596034,0.475,0.275,-0.7,-1.6,3.25,1.8,3.95,3.4,1.0,1.0,0.19999999999999996,0.9000000000000001,1.45,0.5500000000000003,0.0,home,6.0
20240714-Hanshin_Tigers-Chunichi_Dragons,2024-07-14 13:30:00,2024,Hanshin Tigers,Chunichi Dragons,6.0,2.0,Final,バンテリンドーム,84,83,0.5104793586220716,0.525,0.525,-0.8,0.0,2.15,2.95,2.95,2.95,1.0,1.0,0.0,-0.8,-0.8000000000000003,0.0,0.0,away,8.0
20240714-Tokyo_Yakult_Swallows-Hiroshima_Toyo_Carp,2024-07-14 13:30:00,2024,Tokyo Yakult Swallows,Hiroshima Toyo Carp,,,Postponed,マツダスタジアム,79,82,0.6414278444497226,0.45,0.3,0.0,-1.3,2.35,2.75,2.35,4.05,1.0,1.0,0.15000000000000002,1.3,-0.3999999999999999,-1.6999999999999997,0.0,,
20240714-Yokohama_DeNA_BayStars-Yomiuri_Giants,2024-07-14 14:00:00,2024,Yokohama DeNA BayStars,Yomiuri Giants,6.0,0.0,Final,東京ドーム,82,82,0.5936702699811434,0.675,0.6,1.35,0.85,3.7,3.3,2.35,2.45,1.0,1.0,0.07500000000000007,0.5000000000000001,0.40000000000000036,-0.10000000000000009,0.0,away,6.0
20240714-Orix_Buffaloes-Chiba_Lotte_Marines,2024-07-14 17:00:00,2024,Orix Buffaloes,Chiba Lotte Marines,5.0,1.0,Final,ZOZOマリン,81,80,0.6191338928699693,0.725,0.5,2.7,-0.3,5.85,2.95,3.15,3.25,1.0,1.0,0.22499999999999998,3.0,2.8999999999999995,-0.10000000000000009,0.0,away,6.0
20240715-Hanshin_Tigers-Yomiuri_Giants,2024-07-15 14:00:00,2024,Hanshin Tigers,Yomiuri Giants,2.0,0.0,Final,東京ドーム,83,84,0.5945288098883331,0.675,0.575,1.2,0.4,3.7,3.15,2.5,2.75,1.0,1.0,0.10000000000000009,0.7999999999999999,0.5500000000000003,-0.25,0.0,away,2.0
20240715-Hiroshima_Toyo_Carp-Yokohama_DeNA_BayStars,2024-07-15 17:45:00,2024,Hiroshima Toyo Carp,Yokohama DeNA BayStars,1.0,6.0,Final,横 浜,83,79,0.5918852633491257,0.6,0.45,0.95,0.0,3.4,2.35,2.45,2.35,1.0,2.0,0.14999999999999997,0.95,1.0499999999999998,0.10000000000000009,-1.0,home,7.0
20240715-Chiba_Lotte_Marines-Fukuoka_SoftBank_Hawks,2024-07-15 18:00:00,2024,Chiba Lotte Marines,Fukuoka SoftBank Hawks,8.0,5.0,Final,みずほPayPay,81,82,0.49470197151649037,0.525,0.675,0.65,2.0,3.7,5.4,3.05,3.4,1.0,1.0,-0.15000000000000002,-1.35,-1.7000000000000002,-0.3500000000000001,0.0,away,13.0
20240715-Chunichi_Dragons-Tokyo_Yakult_Swallows,2024-07-15 18:00:00,2024,Chunichi Dragons,Tokyo Yakult Swallows,1.0,4.0,Final,神 宮,82,85,0.456681544328162,0.3,0.525,-1.3,-0.75,2.75,2.15,4.05,2.9,2.0,1.0,-0.22500000000000003,-0.55,0.6000000000000001,1.15,1.0,home,5.0
20240715-Orix_Buffaloes-Saitama_Seibu_Lions,2024-07-15 18:00:00,2024,Orix Buffaloes,Saitama Seibu Lions,0.0,3.0,Final,ベルーナドーム,81,81,0.2648901531601307,0.275,0.55,-1.5,0.15,1.85,3.2,3.35,3.05,1.0,1.0,-0.275,-1.65,-1.35,0.30000000000000027,0.0,home,3.0
20240715-Tohoku_Rakuten_Golden_Eagles-Hokkaido_Nippon-Ham_Fighters,2024-07-15 18:00:00,2024,Tohoku Rakuten Golden Eagles,Hokkaido Nippon-Ham Fighters,16.0,3.0,Final,エスコンＦ,81,80,0.46090535579609565,0.375,0.475,-0.8,-0.75,3.3,3.3,4.1,4.05,1.0,1.0,-0.09999999999999998,-0.050000000000000044,0.0,0.04999999999999982,0.0,away,19.0
20240716-Hiroshima_Toyo_Carp-Yokohama_DeNA_BayStars,2024-07-16 17:45:00,2024,Hiroshima Toyo Carp,Yokohama DeNA BayStars,,,Postponed,横 浜,84,80,0.6232404231031977,0.6,0.4,0.95,-0.3,3.45,2.2,2.5,2.5,1.0,1.0,0.19999999999999996,1.25,1.25,0.0,0.0,,
20240716-Chiba_Lotte_Marines-Fukuoka_SoftBank_Hawks,2024-07-16 18:00:00,2024,Chiba Lotte Marines,Fukuoka SoftBank Hawks,1.0,4.0,Final,みずほPayPay,82,83,0.45947894125675376,0.525,0.675,0.65,1.9,3.9,5.45,3.25,3.55,1.0,1.0,-0.15000000000000002,-1.25,-1.5500000000000003,-0.2999999999999998,0.0,home,5.0
20240716-Chunichi_Dragons-Tokyo_Yakult_Swallows,2024-07-16 18:00:00,2024,Chunichi Dragons,Tokyo Yakult Swallows,3.0,4.0,Final,神 宮,83,86,0.49535495139012614,0.35,0.475,-0.85,-0.95,2.8,2.15,3.65,3.1,1.0,1.0,-0.125,0.09999999999999998,0.6499999999999999,0.5499999999999998,0.0,home,7.0
20240716-Hanshin_Tigers-Yomiuri_Giants,2024-07-16 18:00:00,2024,Hanshin Tigers,Yomiuri Giants,1.0,2.0,Final,東京ドーム,84,85,0.5557474565998217,0.625,0.575,0.85,0.35,3.35,3.05,2.5,2.7,1.0,1.0,0.050000000000000044,0.5,0.30000000000000027,-0.20000000000000018,0.0,home,3.0
20240716-Orix_Buffaloes-Saitama_Seibu_Lions,2024-07-16 18:00:00,2024,Orix Buffaloes,Saitama Seibu Lions,2.0,1.0,Final,ベルーナドーム,82,82,0.3077166922149168,0.325,0.55,-1.15,0.1,2.0,3.05,3.15,2.95,1.0,1.0,-0.22500000000000003,-1.25,-1.0499999999999998,0.19999999999999973,0.0,away,3.0
20240716-Tohoku_Rakuten_Golden_Eagles-Hokkaido_Nippon-Ham_Fighters,2024-07-16 18:00:00,2024,Tohoku Rakuten Golden Eagles,Hokkaido Nippon-Ham Fighters,4.0,5.0,Final,エスコンＦ,82,81,0.4190919256040104,0.35,0.525,-1.45,-0.05,3.3,4.1,4.75,4.15,1.0,1.0,-0.17500000000000004,-1.4,-0.7999999999999998,0.5999999999999996,0.0,home,9.0
20240717-Hiroshima_Toyo_Carp-Yokohama_DeNA_BayStars,2024-07-17 17:45:00,2024,Hiroshima Toyo Carp,Yokohama DeNA BayStars,3.0,0.0,Final,横 浜,84,80,0.6232404231031977,0.6,0.4,0.95,-0.3,3.45,2.2,2.5,2.5,2.0,2.0,0.19999999999999996,1.25,1.25,0.0,0.0,away,3.0
20240717-Chiba_Lotte_Marines-Fukuoka_SoftBank_Hawks,2024-07-17 18:00:00,2024,Chiba Lotte Marines,Fukuoka SoftBank Hawks,4.0,6.0,Final,みずほPayPay,83,84,0.49797235710101745,0.525,0.675,0.55,2.0,3.65,5.3,3.1,3.3,1.0,1.0,-0.15000000000000002,-1.45,-1.65,-0.19999999999999973,0.0,home,10.0
20240717-Hanshin_Tigers-Yomiuri_Giants,2024-07-17 18:00:00,2024,Hanshin Tigers,Yomiuri Giants,3.0,4.0,Final,東京ドーム,85,86,0.5828288841758232,0.625,0.525,0.8,0.25,3.35,3.0,2.55,2.75,1.0,1.0,0.09999999999999998,0.55,0.3500000000000001,-0.20000000000000018,0.0,home,7.0
20240717-Orix_Buffaloes-Saitama_Seibu_Lions,2024-07-17 18:00:00,2024,Orix Buffaloes,Saitama Seibu Lions,0.0,6.0,Final,ベルーナドーム,83,83,0.2916593759598015,0.325,0.55,-0.95,-0.15,2.05,2.7,3.0,2.85,1.0,1.0,-0.22500000000000003,-0.7999999999999999,-0.6500000000000004,0.1499999999999999,0.0,home,6.0
20240717-Tohoku_Rakuten_Golden_Eagles-Hokkaido_Nippon-Ham_Fighters,2024-07-17 18:00:00,2024,Tohoku Rakuten Golden Eagles,Hokkaido Nippon-Ham Fighters,2.0,6.0,Final,エスコンＦ,83,82,0.4546146463881978,0.4,0.525,-1.35,-0.05,3.5,4.15,4.85,4.2,1.0,1.0,-0.125,-1.3,-0.6500000000000004,0.6499999999999995,0.0,home,8.0
20240719-Fukuoka_SoftBank_Hawks-Saitama_Seibu_Lions,2024-07-19 18:00:00,2024,Fukuoka SoftBank Hawks,Saitama Seibu Lions,4.0,0.0,Final,ベルーナドーム,84,84,0.2782506968099276,0.375,0.525,-0.55,0.55,2.35,3.8,2.9,3.25,2.0,2.0,-0.15000000000000002,-1.1,-1.4499999999999997,-0.3500000000000001,0.0,away,4.0
20240719-Hiroshima_Toyo_Carp-Hanshin_Tigers,2024-07-19 18:00:00,2024,Hiroshima Toyo Carp,Hanshin Tigers,1.0,0.0,Final,甲子園,87,81,0.5287154317874242,0.475,0.45,0.15,-0.05,3.1,2.2,2.95,2.25,2.0,2.0,0.024999999999999967,0.2,0.8999999999999999,0.7000000000000002,0.0,away,1.0
20240719-Hokkaido_Nippon-Ham_Fighters-Chiba_Lotte_Marines,2024-07-19 18:00:00,2024,Hokkaido Nippon-Ham Fighters,Chiba Lotte Marines,2.0,1.0,Final,ZOZOマリン,85,84,0.6361496992859357,0.675,0.425,2.0,-1.15,5.45,3.35,3.45,4.5,2.0,2.0,0.25000000000000006,3.15,2.1,-1.0499999999999998,0.0,away,3.0
20240719-Tohoku_Rakuten_Golden_Eagles-Orix_Buffaloes,2024-07-19 18:00:00,2024,Tohoku Rakuten Golden Eagles,Orix Buffaloes,3.0,2.0,Final,ほっと神戸,84,83,0.532685661658258,0.55,0.475,-0.4,-0.35,2.5,4.0,2.9,4.35,2.0,2.0,0.07500000000000007,-0.050000000000000044,-1.5,-1.4499999999999997,0.0,away,5.0
20240719-Yokohama_DeNA_BayStars-Tokyo_Yakult_Swallows,2024-07-19 18:00:00,2024,Yokohama DeNA BayStars,Tokyo Yakult Swallows,8.0,7.0,Final,神 宮,84,85,0.3906839514751278,0.35,0.6,-0.85,0.85,2.75,3.45,3.6,2.6,3.0,2.0,-0.25,-1.7,-0.7000000000000002,1.0,1.0,away,15.0
20240719-Yomiuri_Giants-Chunichi_Dragons,2024-07-19 18:00:00,2024,Yomiuri Giants,Chunichi Dragons,0.0,1.0,Final,バンテリンドーム,87,86,0.36613272387867735,0.475,0.65,-0.9,0.85,2.25,3.4,3.15,2.55,3.0,2.0,-0.17500000000000004,-1.75,-1.15,0.6000000000000001,1.0,home,1.0
20240720-Yomiuri_Giants-Chunichi_Dragons,2024-07-20 14:00:00,2024,Yomiuri Giants,Chunichi Dragons,4.0,3.0,Final,バンテリンドーム,88,87,0.4034250682121375,0.475,0.65,-0.9,0.9,2.2,3.3,3.1,2.4,1.0,1.0,-0.17500000000000004,-1.8,-1.0999999999999996,0.7000000000000002,0.0,away,7.0
20240720-Fukuoka_SoftBank_Hawks-Saitama_Seibu_Lions,2024-07-20 18:00:00,2024,Fukuoka SoftBank Hawks,Saitama Seibu Lions,3.0,5.0,Final,ベルーナドーム,85,85,0.26158876666771497,0.325,0.55,-0.85,0.75,2.15,3.7,3.0,2.95,1.0,1.0,-0.22500000000000003,-1.6,-1.5500000000000003,0.04999999999999982,0.0,home,8.0
20240720-Hiroshima_Toyo_Carp-Hanshin_Tigers,2024-07-20 18:00:00,2024,Hiroshima Toyo Carp,Hanshin Tigers,1.0,0.0,Final,甲子園,88,82,0.49587702727174365,0.475,0.5,0.25,0.05,3.0,2.25,2.75,2.2,1.0,1.0,-0.025000000000000022,0.2,0.75,0.5499999999999998,0.0,away,1.0
20240720-Hokkaido_Nippon-Ham_Fighters-Chiba_Lotte_Marines,2024-07-20 18:00:00,2024,Hokkaido Nippon-Ham Fighters,Chiba Lotte Marines,10.0,2.0,Final,ZOZOマリン,86,85,0.5988063908540388,0.65,0.425,1.95,-1.25,5.2,3.2,3.25,4.45,1.0,1.0,0.22500000000000003,3.2,2.0,-1.2000000000000002,0.0,away,12.0
20240720-Tohoku_Rakuten_Golden_Eagles-Orix_Buffaloes,2024-07-20 18:00:00,2024,Tohoku Rakuten Golden Eagles,Orix Buffaloes,3.0,2.0,Final,ほっと神戸,85,84,0.49961538150234525,0.5,0.5,-0.55,-0.3,2.5,3.7,3.05,4.0,1.0,1.0,0.0,-0.25000000000000006,-1.2000000000000002,-0.9500000000000002,0.0,away,5.0
20240720-Yokohama_DeNA_BayStars-Tokyo_Yakult_Swallows,2024-07-20 18:00:00,2024,Yokohama DeNA BayStars,Tokyo Yakult Swallows,4.0,6.0,Final,神 宮,85,86,0.36781705520103336,0.3,0.6,-1.0,0.75,2.9,3.6,3.9,2.85,1.0,1.0,-0.3,-1.75,-0.7000000000000002,1.0499999999999998,0.0,home,10.0
20240721-Yomiuri_Giants-Chunichi_Dragons,2024-07-21 13:30:00,2024,Yomiuri Giants,Chunichi Dragons,4.0,1.0,Final,バンテリンドーム,89,88,0.37953143746983725,0.425,0.7,-1.0,1.1,2.3,3.5,3.3,2.4,1.0,1.0,-0.27499999999999997,-2.1,-1.2000000000000002,0.8999999999999999,0.0,away,5.0
20240721-Tohoku_Rakuten_Golden_Eagles-Orix_Buffaloes,2024-07-21 16:00:00,2024,Tohoku Rakuten Golden Eagles,Orix Buffaloes,12.0,5.0,Final,ほっと神戸,86,85,0.4685957878183772,0.5,0.55,-0.5,-0.1,2.5,3.75,3.0,3.85,1.0,1.0,-0.050000000000000044,-0.4,-1.25,-0.8500000000000001,0.0,away,17.0
20240721-Fukuoka_SoftBank_Hawks-Saitama_Seibu_Lions,2024-07-21 17:00:00,2024,Fukuoka SoftBank Hawks,Saitama Seibu Lions,1.0,0.0,Final,ベルーナドーム,86,86,0.301429978592663,0.375,0.5,-0.6,0.4,2.35,3.5,2.95,3.1,1.0,1.0,-0.125,-1.0,-1.15,-0.1499999999999999,0.0,away,1.0
20240721-Hokkaido_Nippon-Ham_Fighters-Chiba_Lotte_Marines,2024-07-21 17:00:00,2024,Hokkaido Nippon-Ham Fighters,Chiba Lotte Marines,10.0,6.0,Final,ZOZOマリン,87,86,0.5448505651916705,0.6,0.475,1.15,-0.65,4.8,3.6,3.65,4.25,1.0,1.0,0.125,1.7999999999999998,1.1999999999999997,-0.6000000000000001,0.0,away,16.0
20240721-Hiroshima_Toyo_Carp-Hanshin_Tigers,2024-07-21 18:00:00,2024,Hiroshima Toyo Carp,Hanshin Tigers,3.0,12.0,Final,甲子園,89,83,0.4651051784217154,0.475,0.5,0.25,0.0,3.0,2.15,2.75,2.15,1.0,1.0,-0.025000000000000022,0.25,0.8500000000000001,0.6000000000000001,0.0,home,15.0
20240721-Yokohama_DeNA_BayStars-Tokyo_Yakult_Swallows,2024-07-21 18:00:00,2024,Yokohama DeNA BayStars,Tokyo Yakult Swallows,7.0,8.0,Final,神 宮,86,87,0.40787979386631396,0.3,0.6,-1.05,0.7,3.05,3.7,4.1,3.0,1.0,1.0,-0.3,-1.75,-0.6500000000000004,1.0999999999999996,0.0,home,15.0
20240723-セ・リーグ-パ・リーグ,2024-07-23 18:30:00,2024,セ・リーグ,パ・リーグ,11.0,6.0,Final,エスコンＦ,0,0,0.5287505638922686,,,,,,,,,,,,,,,,away,17.0
20240724-パ・リーグ-セ・リーグ,2024-07-24 18:30:00,2024,パ・リーグ,セ・リーグ,16.0,10.0,Final,神 宮,1,1,0.5709132841010932,1.0,0.0,5.0,-5.0,11.0,6.0,6.0,11.0,1.0,1.0,1.0,10.0,5.0,-5.0,0.0,away,26.0
20240726-Chiba_Lotte_Marines-Tohoku_Rakuten_Golden_Eagles,2024-07-26 18:00:00,2024,Chiba Lotte Marines,Tohoku Rakuten Golden Eagles,6.0,1.0,Final,楽天モバイル,86,88,0.5714315692155578,0.55,0.55,0.05,0.8,4.05,4.9,4.0,4.1,5.0,5.0,0.0,-0.75,-0.8500000000000005,-0.09999999999999964,0.0,away,7.0
20240726-Chunichi_Dragons-Hanshin_Tigers,2024-07-26 18:00:00,2024,Chunichi Dragons,Hanshin Tigers,1.0,5.0,Final,甲子園,90,90,0.6112941329239396,0.5,0.4,0.7,-1.15,3.55,2.3,2.85,3.45,5.0,5.0,0.09999999999999998,1.8499999999999999,1.25,-0.6000000000000001,0.0,home,6.0
20240726-Hiroshima_Toyo_Carp-Tokyo_Yakult_Swallows,2024-07-26 18:00:00,2024,Hiroshima Toyo Carp,Tokyo Yakult Swallows,9.0,6.0,Final,神 宮,87,84,0.4616798116608297,0.35,0.5,-0.95,-0.4,3.3,2.25,4.25,2.65,5.0,5.0,-0.15000000000000002,-0.5499999999999999,1.0499999999999998,1.6,0.0,away,15.0
20240726-Saitama_Seibu_Lions-Hokkaido_Nippon-Ham_Fighters,2024-07-26 18:00:00,2024,Saitama Seibu Lions,Hokkaido Nippon-Ham Fighters,1.0,1.0,Final,エスコンＦ,87,87,0.727575251515529,0.525,0.325,-0.4,-0.7,4.1,2.3,4.5,3.0,5.0,5.0,0.2,0.29999999999999993,1.7999999999999998,1.5,0.0,draw,2.0
20240726-Yomiuri_Giants-Yokohama_DeNA_BayStars,2024-07-26 18:00:00,2024,Yomiuri Giants,Yokohama DeNA BayStars,5.0,2.0,Final,横 浜,88,89,0.4669246373429545,0.55,0.7,0.6,1.2,3.8,3.5,3.2,2.3,5.0,5.0,-0.1499999999999999,-0.6,0.2999999999999998,0.9000000000000004,0.0,away,7.0
20240726-Orix_Buffaloes-Fukuoka_SoftBank_Hawks,2024-07-26 18:30:00,2024,Orix Buffaloes,Fukuoka SoftBank Hawks,1.0,5.0,Final,みずほPayPay,87,87,0.649309082027761,0.5,0.45,0.25,-1.0,3.3,2.55,3.05,3.55,5.0,5.0,0.04999999999999999,1.25,0.75,-0.5,0.0,home,6.0
20240727-Saitama_Seibu_Lions-Hokkaido_Nippon-Ham_Fighters,2024-07-27 14:00:00,2024,Saitama Seibu Lions,Hokkaido Nippon-Ham Fighters,3.0,1.0,Final,エスコンＦ,88,88,0.7170659267080572,0.525,0.325,-0.4,-0.7,4.05,2.25,4.45,2.95,1.0,1.0,0.2,0.29999999999999993,1.7999999999999998,1.5,0.0,away,4.0
20240727-Chiba_Lotte_Marines-Tohoku_Rakuten_Golden_Eagles,2024-07-27 18:00:00,2024,Chiba Lotte Marines,Tohoku Rakuten Golden Eagles,5.0,3.0,Final,楽天モバイル,87,89,0.5258485703258503,0.55,0.55,0.2,1.0,4.0,5.0,3.8,4.0,1.0,1.0,0.0,-0.8,-1.0,-0.20000000000000018,0.0,away,8.0
20240727-Chunichi_Dragons-Hanshin_Tigers,2024-07-27 18:00:00,2024,Chunichi Dragons,Hanshin Tigers,3.0,7.0,Final,甲子園,91,91,0.6389705998165756,0.5,0.4,0.55,-1.0,3.4,2.3,2.85,3.3,1.0,1.0,0.09999999999999998,1.55,1.1,-0.44999999999999973,0.0,home,10.0
20240727-Hiroshima_Toyo_Carp-Tokyo_Yakult_Swallows,2024-07-27 18:00:00,2024,Hiroshima Toyo Carp,Tokyo Yakult Swallows,0.0,3.0,Final,神 宮,88,85,0.4291301491701904,0.35,0.5,-0.95,-0.4,3.6,2.55,4.55,2.95,1.0,1.0,-0.15000000000000002,-0.5499999999999999,1.0500000000000003,1.5999999999999996,0.0,home,3.0
20240727-Orix_Buffaloes-Fukuoka_SoftBank_Hawks,2024-07-27 18:00:00,2024,Orix Buffaloes,Fukuoka SoftBank Hawks,0.0,3.0,Final,みずほPayPay,88,88,0.6731777612392128,0.55,0.45,0.55,-0.95,3.5,2.5,2.95,3.45,1.0,1.0,0.10000000000000003,1.5,1.0,-0.5,0.0,home,3.0
20240727-Yomiuri_Giants-Yokohama_DeNA_BayStars,2024-07-27 18:00:00,2024,Yomiuri Giants,Yokohama DeNA BayStars,2.0,1.0,Final,横 浜,89,90,0.43393564855280703,0.5,0.7,0.25,1.3,3.65,3.6,3.4,2.3,1.0,1.0,-0.19999999999999996,-1.05,0.04999999999999982,1.1,0.0,away,3.0
20240728-Orix_Buffaloes-Fukuoka_SoftBank_Hawks,2024-07-28 13:00:00,2024,Orix Buffaloes,Fukuoka SoftBank Hawks,1.0,4.0,Final,みずほPayPay,89,89,0.6933669223329045,0.55,0.45,0.5,-0.9,3.4,2.45,2.9,3.35,1.0,1.0,0.10000000000000003,1.4,0.9499999999999997,-0.4500000000000002,0.0,home,5.0
20240728-Saitama_Seibu_Lions-Hokkaido_Nippon-Ham_Fighters,2024-07-28 13:00:00,2024,Saitama Seibu Lions,Hokkaido Nippon-Ham Fighters,0.0,9.0,Final,エスコンＦ,89,89,0.6766514942402612,0.525,0.325,-0.3,-0.8,4.05,2.2,4.35,3.0,1.0,1.0,0.2,0.5,1.8499999999999996,1.3499999999999996,0.0,home,9.0
20240728-Chiba_Lotte_Marines-Tohoku_Rakuten_Golden_Eagles,2024-07-28 16:00:00,2024,Chiba Lotte Marines,Tohoku Rakuten Golden Eagles,7.0,8.0,Final,楽天モバイル,88,90,0.49075916595917546,0.55,0.6,0.25,1.2,4.1,5.1,3.85,3.9,1.0,1.0,-0.04999999999999993,-0.95,-1.0,-0.04999999999999982,0.0,home,15.0
20240728-Chunichi_Dragons-Hanshin_Tigers,2024-07-28 18:00:00,2024,Chunichi Dragons,Hanshin Tigers,3.0,4.0,Final,甲子園,92,92,0.6638794638445936,0.55,0.4,1.0,-1.0,3.7,2.4,2.7,3.4,1.0,1.0,0.15000000000000002,2.0,1.3000000000000003,-0.6999999999999997,0.0,home,7.0
20240728-Hiroshima_Toyo_Carp-Tokyo_Yakult_Swallows,2024-07-28 18:00:00,2024,Hiroshima Toyo Carp,Tokyo Yakult Swallows,4.0,5.0,Final,神 宮,89,86,0.4694366703544909,0.4,0.45,-0.6,-0.75,3.7,2.3,4.3,3.05,1.0,1.0,-0.04999999999999999,0.15000000000000002,1.4000000000000004,1.25,0.0,home,9.0
20240728-Yomiuri_Giants-Yokohama_DeNA_BayStars,2024-07-28 18:00:00,2024,Yomiuri Giants,Yokohama DeNA BayStars,6.0,0.0,Final,横 浜,90,91,0.40764189351001,0.45,0.75,0.0,1.4,3.45,3.5,3.45,2.1,1.0,1.0,-0.3,-1.4,-0.04999999999999982,1.35,0.0,away,6.0
20240730-Fukuoka_SoftBank_Hawks-Tohoku_Rakuten_Golden_Eagles,2024-07-30 18:00:00,2024,Fukuoka SoftBank Hawks,Tohoku Rakuten Golden Eagles,10.0,1.0,Final,楽天モバイル,89,90,0.44540568602798686,0.6,0.55,0.5,0.35,4.5,3.25,4.0,2.9,2.0,2.0,0.04999999999999993,0.15000000000000002,1.25,1.1,0.0,away,11.0
20240730-Orix_Buffaloes-Hokkaido_Nippon-Ham_Fighters,2024-07-30 18:00:00,2024,Orix Buffaloes,Hokkaido Nippon-Ham Fighters,3.0,3.0,Final,エスコンＦ,90,90,0.6304081875105475,0.575,0.4,0.45,-1.15,4.45,2.35,4.0,3.5,2.0,2.0,0.17499999999999993,1.5999999999999999,2.1,0.5,0.0,draw,6.0
20240730-Saitama_Seibu_Lions-Chiba_Lotte_Marines,2024-07-30 18:00:00,2024,Saitama Seibu Lions,Chiba Lotte Marines,6.0,7.0,Final,ZOZOマリン,91,90,0.7146587701476276,0.55,0.275,0.8,-1.35,5.1,2.0,4.3,3.35,2.0,2.0,0.275,2.1500000000000004,3.0999999999999996,0.9499999999999997,0.0,home,13.0
20240730-Tokyo_Yakult_Swallows-Chunichi_Dragons,2024-07-30 18:00:00,2024,Tokyo Yakult Swallows,Chunichi Dragons,0.0,6.0,Final,バンテリンドーム,93,90,0.43808251043340096,0.4,0.45,-0.85,-0.5,2.5,3.8,3.35,4.3,2.0,2.0,-0.04999999999999999,-0.35,-1.2999999999999998,-0.9499999999999997,0.0,home,6.0
20240730-Yokohama_DeNA_BayStars-Hiroshima_Toyo_Carp,2024-07-30 18:00:00,2024,Yokohama DeNA BayStars,Hiroshima Toyo Carp,3.0,6.0,Final,マツダスタジアム,87,91,0.5378614524811223,0.4,0.45,-0.85,-0.15,2.3,3.45,3.15,3.6,2.0,2.0,-0.04999999999999999,-0.7,-1.1500000000000004,-0.4500000000000002,0.0,home,9.0
20240730-Yomiuri_Giants-Hanshin_Tigers,2024-07-30 18:00:00,2024,Yomiuri Giants,Hanshin Tigers,1.0,5.0,Final,甲子園,93,92,0.42638470286795194,0.6,0.75,1.1,1.65,3.65,3.65,2.55,2.0,2.0,2.0,-0.15000000000000002,-0.5499999999999998,0.0,0.5499999999999998,0.0,home,6.0
20240731-Fukuoka_SoftBank_Hawks-Tohoku_Rakuten_Golden_Eagles,2024-07-31 18:00:00,2024,Fukuoka SoftBank Hawks,Tohoku Rakuten Golden Eagles,2.0,3.0,Final,楽天モバイル,90,91,0.4053204069890603,0.6,0.55,0.15,0.45,4.45,3.25,4.3,2.8,1.0,1.0,0.04999999999999993,-0.30000000000000004,1.2000000000000002,1.5,0.0,home,5.0
20240731-Orix_Buffaloes-Hokkaido_Nippon-Ham_Fighters,2024-07-31 18:00:00,2024,Orix Buffaloes,Hokkaido Nippon-Ham Fighters,2.0,9.0,Final,エスコンＦ,91,91,0.6233849728317996,0.6,0.425,0.8,-1.1,4.45,2.35,3.65,3.45,1.0,1.0,0.175,1.9000000000000001,2.1,0.19999999999999973,0.0,home,11.0
20240731-Saitama_Seibu_Lions-Chiba_Lotte_Marines,2024-07-31 18:00:00,2024,Saitama Seibu Lions,Chiba Lotte Marines,2.0,6.0,Final,ZOZOマリン,92,91,0.7289057416580754,0.6,0.275,1.1,-1.35,5.3,2.25,4.2,3.6,1.0,1.0,0.32499999999999996,2.45,3.05,0.6000000000000001,0.0,home,8.0
20240731-Tokyo_Yakult_Swallows-Chunichi_Dragons,2024-07-31 18:00:00,2024,Tokyo Yakult Swallows,Chunichi Dragons,0.0,1.0,Final,バンテリンドーム,94,91,0.4856399374327791,0.4,0.4,-0.7,-1.05,2.65,3.5,3.35,4.55,1.0,1.0,0.0,0.3500000000000001,-0.8500000000000001,-1.1999999999999997,0.0,home,1.0
20240731-Yokohama_DeNA_BayStars-Hiroshima_Toyo_Carp,2024-07-31 18:00:00,2024,Yokohama DeNA BayStars,Hiroshima Toyo Carp,1.0,2.0,Final,マツダスタジアム,88,92,0.5704497427631738,0.45,0.4,-0.65,-0.4,2.5,3.3,3.15,3.7,1.0,1.0,0.04999999999999999,-0.25,-0.7999999999999998,-0.5500000000000003,0.0,home,3.0
20240731-Yomiuri_Giants-Hanshin_Tigers,2024-07-31 18:00:00,2024,Yomiuri Giants,Hanshin Tigers,6.0,9.0,Final,甲子園,94,93,0.4694701215105703,0.6,0.75,1.15,1.5,3.75,3.65,2.6,2.15,1.0,1.0,-0.15000000000000002,-0.3500000000000001,0.10000000000000009,0.4500000000000002,0.0,home,15.0
20240801-Orix_Buffaloes-Hokkaido_Nippon-Ham_Fighters,2024-08-01 14:00:00,2024,Orix Buffaloes,Hokkaido Nippon-Ham Fighters,6.0,7.0,Final,エスコンＦ,92,92,0.6545775930064283,0.6,0.375,0.9,-1.55,4.5,2.2,3.6,3.75,1.0,1.0,0.22499999999999998,2.45,2.3,-0.1499999999999999,0.0,home,13.0
20240801-Fukuoka_SoftBank_Hawks-Tohoku_Rakuten_Golden_Eagles,2024-08-01 18:00:00,2024,Fukuoka SoftBank Hawks,Tohoku Rakuten Golden Eagles,7.0,0.0,Final,東京ドーム,91,92,0.4414053555567164,0.6,0.5,0.15,0.35,4.5,3.2,4.35,2.85,1.0,1.0,0.09999999999999998,-0.19999999999999998,1.2999999999999998,1.4999999999999996,0.0,away,7.0
20240801-Saitama_Seibu_Lions-Chiba_Lotte_Marines,2024-08-01 18:00:00,2024,Saitama Seibu Lions,Chiba Lotte Marines,1.0,4.0,Final,ZOZOマリン,93,92,0.7448772373571371,0.6,0.275,1.15,-1.5,5.15,2.25,4.0,3.75,1.0,1.0,0.32499999999999996,2.65,2.9000000000000004,0.25,0.0,home,5.0
20240801-Tokyo_Yakult_Swallows-Chunichi_Dragons,2024-08-01 18:00:00,2024,Tokyo Yakult Swallows,Chunichi Dragons,2.0,3.0,Final,バンテリンドーム,95,92,0.5176063657934324,0.4,0.35,-0.7,-1.15,2.6,3.2,3.3,4.35,1.0,1.0,0.050000000000000044,0.44999999999999996,-0.6000000000000001,-1.0499999999999998,0.0,home,5.0
20240801-Yokohama_DeNA_BayStars-Hiroshima_Toyo_Carp,2024-08-01 18:00:00,2024,Yokohama DeNA BayStars,Hiroshima Toyo Carp,1.0,2.0,Final,マツダスタジアム,89,93,0.5964046311494322,0.45,0.4,-0.65,-0.35,2.5,3.2,3.15,3.55,1.0,1.0,0.04999999999999999,-0.30000000000000004,-0.7000000000000002,-0.3999999999999999,0.0,home,3.0
20240801-Yomiuri_Giants-Hanshin_Tigers,2024-08-01 18:00:00,2024,Yomiuri Giants,Hanshin Tigers,2.0,9.0,Final,甲子園,95,94,0.507300871892212,0.6,0.7,1.25,1.3,4.1,3.8,2.85,2.5,1.0,1.0,-0.09999999999999998,-0.050000000000000044,0.2999999999999998,0.3500000000000001,0.0,home,11.0
20240802-Chiba_Lotte_Marines-Orix_Buffaloes,2024-08-02 18:00:00,2024,Chiba Lotte Marines,Orix Buffaloes,3.0,2.0,Final,京セラD大阪,93,94,0.36055568353245837,0.375,0.6,-1.25,1.2,2.5,5.2,3.75,4.0,1.0,1.0,-0.22499999999999998,-2.45,-2.7,-0.25,0.0,away,5.0
20240802-Chunichi_Dragons-Hiroshima_Toyo_Carp,2024-08-02 18:00:00,2024,Chunichi Dragons,Hiroshima Toyo Carp,0.0,1.0,Final,マツダスタジアム,90,96,0.630575754389558,0.5,0.45,-0.55,-0.4,2.5,2.7,3.05,3.1,1.0,1.0,0.04999999999999999,-0.15000000000000002,-0.20000000000000018,-0.050000000000000266,0.0,home,1.0
20240802-Hanshin_Tigers-Yokohama_DeNA_BayStars,2024-08-02 18:00:00,2024,Hanshin Tigers,Yokohama DeNA BayStars,4.0,2.0,Final,横 浜,94,96,0.37241689703653685,0.35,0.65,-0.55,1.7,3.1,4.3,3.65,2.6,1.0,1.0,-0.30000000000000004,-2.25,-1.1999999999999997,1.0499999999999998,0.0,away,6.0
20240802-Tohoku_Rakuten_Golden_Eagles-Saitama_Seibu_Lions,2024-08-02 18:00:00,2024,Tohoku Rakuten Golden Eagles,Saitama Seibu Lions,3.0,2.0,Final,ベルーナドーム,93,92,0.33445163778202364,0.225,0.6,-1.85,-0.05,2.1,4.45,3.95,4.5,1.0,1.0,-0.375,-1.8,-2.35,-0.5499999999999998,0.0,away,5.0
20240802-Tokyo_Yakult_Swallows-Yomiuri_Giants,2024-08-02 18:00:00,2024,Tokyo Yakult Swallows,Yomiuri Giants,4.0,2.0,Final,東京ドーム,95,93,0.6857161330788376,0.7,0.35,1.0,-1.1,3.85,3.1,2.85,4.2,1.0,1.0,0.35,2.1,0.75,-1.35,0.0,away,6.0
20240802-Hokkaido_Nippon-Ham_Fighters-Fukuoka_SoftBank_Hawks,2024-08-02 18:30:00,2024,Hokkaido Nippon-Ham Fighters,Fukuoka SoftBank Hawks,4.0,6.0,Final,みずほPayPay,93,93,0.6169029926884271,0.55,0.65,0.9,1.1,3.55,4.55,2.65,3.45,1.0,1.0,-0.09999999999999998,-0.20000000000000007,-1.0,-0.8000000000000003,0.0,home,10.0
20240803-Hokkaido_Nippon-Ham_Fighters-Fukuoka_SoftBank_Hawks,2024-08-03 14:00:00,2024,Hokkaido Nippon-Ham Fighters,Fukuoka SoftBank Hawks,8.0,7.0,Final,みずほPayPay,94,94,0.6407794334104725,0.6,0.65,1.2,1.1,3.8,4.7,2.6,3.6,1.0,1.0,-0.050000000000000044,0.09999999999999987,-0.9000000000000004,-1.0,0.0,away,15.0
20240803-Chiba_Lotte_Marines-Orix_Buffaloes,2024-08-03 15:00:00,2024,Chiba Lotte Marines,Orix Buffaloes,1.0,5.0,Final,京セラD大阪,94,95,0.3401522461417777,0.325,0.6,-1.45,1.1,2.4,5.05,3.85,3.95,1.0,1.0,-0.27499999999999997,-2.55,-2.65,-0.10000000000000009,0.0,home,6.0
20240803-Tohoku_Rakuten_Golden_Eagles-Saitama_Seibu_Lions,2024-08-03 17:00:00,2024,Tohoku Rakuten Golden Eagles,Saitama Seibu Lions,0.0,7.0,Final,ベルーナドーム,94,93,0.3162000806137246,0.225,0.6,-1.75,-0.2,2.05,4.35,3.8,4.55,1.0,1.0,-0.375,-1.55,-2.3,-0.75,0.0,home,7.0
20240803-Chunichi_Dragons-Hiroshima_Toyo_Carp,2024-08-03 18:00:00,2024,Chunichi Dragons,Hiroshima Toyo Carp,1.0,4.0,Final,マツダスタジアム,91,97,0.6517080723863009,0.55,0.4,-0.35,-0.55,2.55,2.6,2.9,3.15,1.0,1.0,0.15000000000000002,0.20000000000000007,-0.050000000000000266,-0.25,0.0,home,5.0
20240803-Hanshin_Tigers-Yokohama_DeNA_BayStars,2024-08-03 18:00:00,2024,Hanshin Tigers,Yokohama DeNA BayStars,4.0,10.0,Final,横 浜,95,97,0.34947795914728164,0.3,0.7,-0.7,1.85,3.1,4.45,3.8,2.6,1.0,1.0,-0.39999999999999997,-2.55,-1.35,1.1999999999999997,0.0,home,14.0
20240803-Tokyo_Yakult_Swallows-Yomiuri_Giants,2024-08-03 18:00:00,2024,Tokyo Yakult Swallows,Yomiuri Giants,4.0,8.0,Final,東京ドーム,96,94,0.6449725023146723,0.65,0.35,0.65,-1.1,3.65,3.05,3.0,4.15,1.0,1.0,0.30000000000000004,1.75,0.6000000000000001,-1.1500000000000004,0.0,home,12.0
20240804-Chiba_Lotte_Marines-Orix_Buffaloes,2024-08-04 13:00:00,2024,Chiba Lotte Marines,Orix Buffaloes,3.0,0.0,Final,京セラD大阪,95,96,0.38649703680586733,0.325,0.55,-1.4,0.85,2.45,4.9,3.85,4.05,1.0,1.0,-0.22500000000000003,-2.25,-2.45,-0.19999999999999973,0.0,away,3.0
20240804-Hokkaido_Nippon-Ham_Fighters-Fukuoka_SoftBank_Hawks,2024-08-04 13:00:00,2024,Hokkaido Nippon-Ham Fighters,Fukuoka SoftBank Hawks,2.0,3.0,Final,みずほPayPay,95,95,0.6033397136388686,0.6,0.7,1.35,1.3,4.15,5.05,2.8,3.75,1.0,1.0,-0.09999999999999998,0.050000000000000044,-0.8999999999999995,-0.9500000000000002,0.0,home,5.0
20240804-Tokyo_Yakult_Swallows-Yomiuri_Giants,2024-08-04 14:00:00,2024,Tokyo Yakult Swallows,Yomiuri Giants,1.0,4.0,Final,東京ドーム,97,95,0.6692776808501425,0.65,0.35,0.5,-1.15,3.55,3.25,3.05,4.4,1.0,1.0,0.30000000000000004,1.65,0.2999999999999998,-1.3500000000000005,0.0,home,5.0
20240804-Tohoku_Rakuten_Golden_Eagles-Saitama_Seibu_Lions,2024-08-04 17:00:00,2024,Tohoku Rakuten Golden Eagles,Saitama Seibu Lions,10.0,5.0,Final,ベルーナドーム,95,94,0.3715280550206478,0.275,0.55,-1.35,-0.75,2.25,4.15,3.6,4.9,1.0,1.0,-0.275,-0.6000000000000001,-1.9000000000000004,-1.3000000000000003,0.0,away,15.0
20240804-Chunichi_Dragons-Hiroshima_Toyo_Carp,2024-08-04 18:00:00,2024,Chunichi Dragons,Hiroshima Toyo Carp,4.0,6.0,Final,マツダスタジアム,92,98,0.6739269360210781,0.6,0.35,-0.15,-0.75,2.7,2.55,2.85,3.3,1.0,1.0,0.25,0.6,0.15000000000000036,-0.44999999999999973,0.0,home,10.0
20240804-Hanshin_Tigers-Yokohama_DeNA_BayStars,2024-08-04 18:00:00,2024,Hanshin Tigers,Yokohama DeNA BayStars,4.0,0.0,Final,横 浜,96,98,0.40139689149050534,0.35,0.65,-0.35,1.5,3.55,4.55,3.9,3.05,1.0,1.0,-0.30000000000000004,-1.85,-1.0,0.8500000000000001,0.0,away,4.0
20240806-Fukuoka_SoftBank_Hawks-Chiba_Lotte_Marines,2024-08-06 18:00:00,2024,Fukuoka SoftBank Hawks,Chiba Lotte Marines,6.0,4.0,Final,ZOZOマリン,97,96,0.45285212798676716,0.55,0.6,0.65,1.3,4.6,4.05,3.95,2.75,2.0,2.0,-0.04999999999999993,-0.65,0.5499999999999998,1.2000000000000002,0.0,away,10.0
20240806-Hanshin_Tigers-Tokyo_Yakult_Swallows,2024-08-06 18:00:00,2024,Hanshin Tigers,Tokyo Yakult Swallows,4.0,5.0,Final,神 宮,96,99,0.3428885949146337,0.35,0.65,-0.95,1.65,3.15,4.45,4.1,2.8,2.0,2.0,-0.30000000000000004,-2.5999999999999996,-1.3000000000000003,1.2999999999999998,0.0,home,9.0
20240806-Hiroshima_Toyo_Carp-Yomiuri_Giants,2024-08-06 18:00:00,2024,Hiroshima Toyo Carp,Yomiuri Giants,5.0,0.0,Final,東京ドーム,98,93,0.5388488529739409,0.65,0.6,0.5,-0.15,3.55,2.65,3.05,2.8,2.0,2.0,0.050000000000000044,0.65,0.8999999999999999,0.25,0.0,away,5.0
20240806-Hokkaido_Nippon-Ham_Fighters-Tohoku_Rakuten_Golden_Eagles,2024-08-06 18:00:00,2024,Hokkaido Nippon-Ham Fighters,Tohoku Rakuten Golden Eagles,5.0,1.0,Final,楽天モバイル,95,96,0.4916872042093971,0.6,0.7,-0.4,1.4,4.5,5.0,4.9,3.6,2.0,2.0,-0.09999999999999998,-1.7999999999999998,-0.5,1.3000000000000003,0.0,away,6.0
20240806-Saitama_Seibu_Lions-Orix_Buffaloes,2024-08-06 18:00:00,2024,Saitama Seibu Lions,Orix Buffaloes,2.0,6.0,Final,京セラD大阪,96,96,0.6071056097030647,0.275,0.275,-1.7,-1.25,2.15,2.4,3.85,3.65,2.0,2.0,0.0,-0.44999999999999996,-0.25,0.20000000000000018,0.0,home,8.0
20240806-Yokohama_DeNA_BayStars-Chunichi_Dragons,2024-08-06 18:00:00,2024,Yokohama DeNA BayStars,Chunichi Dragons,2.0,6.0,Final,岐 阜,99,97,0.4830075722155014,0.3,0.35,-0.9,-0.5,2.65,3.3,3.55,3.8,2.0,2.0,-0.04999999999999999,-0.4,-0.6499999999999999,-0.25,0.0,home,8.0
20240807-Fukuoka_SoftBank_Hawks-Chiba_Lotte_Marines,2024-08-07 18:00:00,2024,Fukuoka SoftBank Hawks,Chiba Lotte Marines,2.0,6.0,Final,ZOZOマリン,98,97,0.42308784062370697,0.55,0.65,0.65,1.55,4.7,4.35,4.05,2.8,1.0,1.0,-0.09999999999999998,-0.9,0.35000000000000053,1.25,0.0,home,8.0
20240807-Hanshin_Tigers-Tokyo_Yakult_Swallows,2024-08-07 18:00:00,2024,Hanshin Tigers,Tokyo Yakult Swallows,0.0,4.0,Final,神 宮,97,100,0.38059157749397216,0.4,0.6,-0.75,1.55,3.35,4.55,4.1,3.0,1.0,1.0,-0.19999999999999996,-2.3,-1.1999999999999997,1.0999999999999996,0.0,home,4.0
20240807-Hiroshima_Toyo_Carp-Yomiuri_Giants,2024-08-07 18:00:00,2024,Hiroshima Toyo Carp,Yomiuri Giants,3.0,3.0,Final,東京ドーム,99,94,0.4955013479759627,0.6,0.65,0.05,0.2,3.2,2.9,3.15,2.7,1.0,1.0,-0.050000000000000044,-0.15000000000000002,0.30000000000000027,0.44999999999999973,0.0,draw,6.0
20240807-Hokkaido_Nippon-Ham_Fighters-Tohoku_Rakuten_Golden_Eagles,2024-08-07 18:00:00,2024,Hokkaido Nippon-Ham Fighters,Tohoku Rakuten Golden Eagles,2.0,0.0,Final,楽天モバイル,96,97,0.45445205814384887,0.55,0.7,-0.7,1.45,4.35,5.05,5.05,3.6,1.0,1.0,-0.1499999999999999,-2.15,-0.7000000000000002,1.4499999999999997,0.0,away,2.0
20240807-Saitama_Seibu_Lions-Orix_Buffaloes,2024-08-07 18:00:00,2024,Saitama Seibu Lions,Orix Buffaloes,2.0,3.0,Final,京セラD大阪,97,97,0.6351972348436268,0.275,0.275,-1.65,-1.3,2.3,2.45,3.95,3.75,1.0,1.0,0.0,-0.34999999999999987,-0.15000000000000036,0.20000000000000018,0.0,home,5.0
20240807-Yokohama_DeNA_BayStars-Chunichi_Dragons,2024-08-07 18:00:00,2024,Yokohama DeNA BayStars,Chunichi Dragons,0.0,0.0,Final,バンテリンドーム,100,98,0.5222701103878516,0.35,0.3,-0.65,-0.75,2.7,3.1,3.35,3.85,1.0,1.0,0.04999999999999999,0.09999999999999998,-0.3999999999999999,-0.5,0.0,draw,0.0
20240808-Fukuoka_SoftBank_Hawks-Chiba_Lotte_Marines,2024-08-08 18:00:00,2024,Fukuoka SoftBank Hawks,Chiba Lotte Marines,6.0,3.0,Final,ZOZOマリン,99,98,0.46636019393850875,0.55,0.65,0.2,1.4,4.1,4.3,3.9,2.9,1.0,1.0,-0.09999999999999998,-1.2,-0.20000000000000018,1.0,0.0,away,9.0
20240808-Hanshin_Tigers-Tokyo_Yakult_Swallows,2024-08-08 18:00:00,2024,Hanshin Tigers,Tokyo Yakult Swallows,6.0,3.0,Final,神 宮,98,101,0.4258571476898121,0.45,0.55,-0.35,1.2,3.4,4.35,3.75,3.15,1.0,1.0,-0.10000000000000003,-1.5499999999999998,-0.9499999999999997,0.6000000000000001,0.0,away,9.0
20240808-Hiroshima_Toyo_Carp-Yomiuri_Giants,2024-08-08 18:00:00,2024,Hiroshima Toyo Carp,Yomiuri Giants,0.0,5.0,Final,東京ドーム,100,95,0.49576029142324196,0.575,0.675,-0.05,0.25,3.1,3.0,3.15,2.75,1.0,1.0,-0.10000000000000009,-0.3,0.10000000000000009,0.3999999999999999,0.0,home,5.0
20240808-Hokkaido_Nippon-Ham_Fighters-Tohoku_Rakuten_Golden_Eagles,2024-08-08 18:00:00,2024,Hokkaido Nippon-Ham Fighters,Tohoku Rakuten Golden Eagles,5.0,4.0,Final,楽天モバイル,97,98,0.4245598238440258,0.55,0.7,-0.15,1.3,4.1,4.85,4.25,3.55,1.0,1.0,-0.1499999999999999,-1.45,-0.75,0.7000000000000002,0.0,away,9.0
20240808-Saitama_Seibu_Lions-Orix_Buffaloes,2024-08-08 18:00:00,2024,Saitama Seibu Lions,Orix Buffaloes,0.0,3.0,Final,京セラD大阪,98,98,0.655950000881949,0.275,0.275,-1.65,-1.1,2.25,2.5,3.9,3.6,1.0,1.0,0.0,-0.5499999999999998,-0.25,0.2999999999999998,0.0,home,3.0
20240808-Yokohama_DeNA_BayStars-Chunichi_Dragons,2024-08-08 18:00:00,2024,Yokohama DeNA BayStars,Chunichi Dragons,4.0,2.0,Final,バンテリンドーム,101,99,0.5209905396750721,0.375,0.275,-0.5,-0.9,2.7,2.95,3.2,3.85,1.0,1.0,0.09999999999999998,0.4,-0.25,-0.6499999999999999,0.0,away,6.0
20240809-Hiroshima_Toyo_Carp-Hanshin_Tigers,2024-08-09 18:00:00,2024,Hiroshima Toyo Carp,Hanshin Tigers,6.0,3.0,Final,京セラD大阪,102,96,0.5292082105340636,0.6,0.675,1.5,0.05,4.65,2.95,3.15,2.9,1.0,1.0,-0.07500000000000007,1.45,1.7000000000000002,0.25,0.0,away,9.0
20240809-Tokyo_Yakult_Swallows-Yokohama_DeNA_BayStars,2024-08-09 18:00:00,2024,Tokyo Yakult Swallows,Yokohama DeNA BayStars,2.0,5.0,Final,横 浜,100,99,0.5305771062816683,0.275,0.45,-0.85,-0.45,3.0,3.5,3.85,3.95,1.0,1.0,-0.175,-0.39999999999999997,-0.5,-0.10000000000000009,0.0,home,7.0
20240809-Yomiuri_Giants-Chunichi_Dragons,2024-08-09 18:00:00,2024,Yomiuri Giants,Chunichi Dragons,2.0,9.0,Final,バンテリンドーム,102,101,0.3516190844440191,0.375,0.575,-0.55,0.15,2.7,3.2,3.25,3.05,1.0,1.0,-0.19999999999999996,-0.7000000000000001,-0.5,0.20000000000000018,0.0,home,11.0
20240810-Saitama_Seibu_Lions-Hokkaido_Nippon-Ham_Fighters,2024-08-10 14:00:00,2024,Saitama Seibu Lions,Hokkaido Nippon-Ham Fighters,1.0,5.0,Final,エスコンＦ,99,99,0.7968082046614403,0.75,0.275,1.4,-1.2,4.9,2.4,3.5,3.6,2.0,2.0,0.475,2.5999999999999996,2.5000000000000004,-0.10000000000000009,0.0,home,6.0
20240810-Tohoku_Rakuten_Golden_Eagles-Fukuoka_SoftBank_Hawks,2024-08-10 14:00:00,2024,Tohoku Rakuten Golden Eagles,Fukuoka SoftBank Hawks,13.0,6.0,Final,みずほPayPay,99,98,0.7097171858203583,0.65,0.5,1.5,-0.25,4.35,4.15,2.85,4.4,2.0,2.0,0.15000000000000002,1.75,0.1999999999999993,-1.5500000000000003,0.0,away,19.0
20240810-Yomiuri_Giants-Chunichi_Dragons,2024-08-10 14:00:00,2024,Yomiuri Giants,Chunichi Dragons,2.0,0.0,Final,バンテリンドーム,103,102,0.4063610237133898,0.375,0.525,-0.35,-0.45,3.0,3.0,3.35,3.45,1.0,1.0,-0.15000000000000002,0.10000000000000003,0.0,-0.10000000000000009,0.0,away,2.0
20240810-Hiroshima_Toyo_Carp-Hanshin_Tigers,2024-08-10 18:00:00,2024,Hiroshima Toyo Carp,Hanshin Tigers,5.0,1.0,Final,京セラD大阪,103,97,0.491467376259961,0.6,0.725,1.45,0.3,4.4,3.1,2.95,2.8,1.0,1.0,-0.125,1.15,1.3000000000000003,0.15000000000000036,0.0,away,6.0
20240810-Orix_Buffaloes-Chiba_Lotte_Marines,2024-08-10 18:00:00,2024,Orix Buffaloes,Chiba Lotte Marines,1.0,3.0,Final,ZOZOマリン,100,99,0.6477366955693563,0.5,0.325,0.0,-1.45,4.2,2.4,4.2,3.85,2.0,2.0,0.175,1.45,1.8000000000000003,0.3500000000000001,0.0,home,4.0
20240810-Tokyo_Yakult_Swallows-Yokohama_DeNA_BayStars,2024-08-10 18:00:00,2024,Tokyo Yakult Swallows,Yokohama DeNA BayStars,4.0,14.0,Final,横 浜,101,100,0.5637735373052479,0.325,0.45,-0.65,-0.45,3.15,3.55,3.8,4.0,1.0,1.0,-0.125,-0.2,-0.3999999999999999,-0.20000000000000018,0.0,home,18.0
20240811-Saitama_Seibu_Lions-Hokkaido_Nippon-Ham_Fighters,2024-08-11 13:00:00,2024,Saitama Seibu Lions,Hokkaido Nippon-Ham Fighters,7.0,8.0,Final,エスコンＦ,100,100,0.8066241363178103,0.75,0.275,1.55,-1.15,5.0,2.45,3.45,3.6,1.0,1.0,0.475,2.7,2.55,-0.1499999999999999,0.0,home,15.0
20240811-Tohoku_Rakuten_Golden_Eagles-Fukuoka_SoftBank_Hawks,2024-08-11 13:00:00,2024,Tohoku Rakuten Golden Eagles,Fukuoka SoftBank Hawks,2.0,5.0,Final,みずほPayPay,100,99,0.654545046490144,0.65,0.5,1.2,-0.15,4.55,4.55,3.35,4.7,1.0,1.0,0.15000000000000002,1.3499999999999999,0.0,-1.35,0.0,home,7.0
20240811-Yomiuri_Giants-Chunichi_Dragons,2024-08-11 13:30:00,2024,Yomiuri Giants,Chunichi Dragons,3.0,1.0,Final,バンテリンドーム,104,103,0.3804665711996107,0.325,0.575,-0.55,-0.05,2.5,3.1,3.05,3.15,1.0,1.0,-0.24999999999999994,-0.5,-0.6000000000000001,-0.10000000000000009,0.0,away,4.0
20240811-Hiroshima_Toyo_Carp-Hanshin_Tigers,2024-08-11 18:00:00,2024,Hiroshima Toyo Carp,Hanshin Tigers,0.0,4.0,Final,京セラD大阪,104,98,0.45425056509394324,0.55,0.725,1.05,0.45,4.15,3.15,3.1,2.7,1.0,1.0,-0.17499999999999993,0.6000000000000001,1.0000000000000004,0.3999999999999999,0.0,home,4.0
20240811-Orix_Buffaloes-Chiba_Lotte_Marines,2024-08-11 18:00:00,2024,Orix Buffaloes,Chiba Lotte Marines,1.0,6.0,Final,ZOZOマリン,101,100,0.6688957289686894,0.5,0.325,-0.2,-1.25,4.05,2.45,4.25,3.7,1.0,1.0,0.175,1.05,1.5999999999999996,0.5499999999999998,0.0,home,7.0
20240811-Tokyo_Yakult_Swallows-Yokohama_DeNA_BayStars,2024-08-11 18:00:00,2024,Tokyo Yakult Swallows,Yokohama DeNA BayStars,5.0,4.0,Final,横 浜,102,101,0.6028137328752338,0.375,0.45,0.1,-0.9,3.8,3.6,3.7,4.5,1.0,1.0,-0.07500000000000001,1.0,0.19999999999999973,-0.7999999999999998,0.0,away,9.0
20240812-Saitama_Seibu_Lions-Hokkaido_Nippon-Ham_Fighters,2024-08-12 13:00:00,2024,Saitama Seibu Lions,Hokkaido Nippon-Ham Fighters,1.0,5.0,Final,エスコンＦ,101,101,0.814014669260226,0.75,0.275,1.5,-1.1,5.25,2.7,3.75,3.8,1.0,1.0,0.475,2.6,2.55,-0.04999999999999982,0.0,home,6.0
20240812-Tohoku_Rakuten_Golden_Eagles-Fukuoka_SoftBank_Hawks,2024-08-12 13:00:00,2024,Tohoku Rakuten Golden Eagles,Fukuoka SoftBank Hawks,4.0,14.0,Final,みずほPayPay,101,100,0.6764954719896067,0.7,0.45,1.45,-0.4,4.75,4.45,3.3,4.85,1.0,1.0,0.24999999999999994,1.85,0.2999999999999998,-1.5499999999999998,0.0,home,18.0
20240812-Orix_Buffaloes-Chiba_Lotte_Marines,2024-08-12 17:00:00,2024,Orix Buffaloes,Chiba Lotte Marines,4.0,0.0,Final,ZOZOマリン,102,101,0.692094640624628,0.55,0.275,0.25,-1.7,4.3,2.25,4.05,3.95,1.0,1.0,0.275,1.95,2.05,0.09999999999999964,0.0,away,4.0
20240812-Chunichi_Dragons-Tokyo_Yakult_Swallows,2024-08-12 18:00:00,2024,Chunichi Dragons,Tokyo Yakult Swallows,4.0,5.0,Final,神 宮,102,105,0.5484189875491687,0.5,0.325,-0.8,-0.45,3.85,2.45,4.65,2.9,1.0,1.0,0.175,-0.35000000000000003,1.4,1.7500000000000004,0.0,home,9.0
20240812-Hanshin_Tigers-Yomiuri_Giants,2024-08-12 18:00:00,2024,Hanshin Tigers,Yomiuri Giants,0.0,1.0,Final,東京ドーム,104,105,0.5497554868302434,0.625,0.55,0.15,1.15,3.25,4.25,3.1,3.1,1.0,1.0,0.07499999999999996,-0.9999999999999999,-1.0,0.0,0.0,home,1.0
20240812-Yokohama_DeNA_BayStars-Hiroshima_Toyo_Carp,2024-08-12 18:00:00,2024,Yokohama DeNA BayStars,Hiroshima Toyo Carp,3.0,10.0,Final,マツダスタジアム,99,103,0.6539252912325948,0.675,0.325,0.2,-0.25,3.1,3.7,2.9,3.95,1.0,1.0,0.35000000000000003,0.45,-0.6000000000000001,-1.0500000000000003,0.0,home,13.0
20240813-Chiba_Lotte_Marines-Hokkaido_Nippon-Ham_Fighters,2024-08-13 18:00:00,2024,Chiba Lotte Marines,Hokkaido Nippon-Ham Fighters,6.0,0.0,Final,エスコンＦ,102,103,0.5822554781254379,0.8,0.5,2.35,-0.1,5.35,3.9,3.0,4.0,1.0,1.0,0.30000000000000004,2.45,1.4499999999999997,-1.0,0.0,away,6.0
20240813-Chunichi_Dragons-Tokyo_Yakult_Swallows,2024-08-13 18:00:00,2024,Chunichi Dragons,Tokyo Yakult Swallows,5.0,4.0,Final,神 宮,103,106,0.5760511346236645,0.5,0.325,-0.9,-0.35,3.9,2.6,4.8,2.95,1.0,1.0,0.175,-0.55,1.2999999999999998,1.8499999999999996,0.0,away,9.0
20240813-Fukuoka_SoftBank_Hawks-Saitama_Seibu_Lions,2024-08-13 18:00:00,2024,Fukuoka SoftBank Hawks,Saitama Seibu Lions,6.0,1.0,Final,ベルーナドーム,102,102,0.189244549898976,0.225,0.75,-1.45,2.1,2.6,5.2,4.05,3.1,1.0,1.0,-0.525,-3.55,-2.6,0.9499999999999997,0.0,away,7.0
20240813-Hanshin_Tigers-Yomiuri_Giants,2024-08-13 18:00:00,2024,Hanshin Tigers,Yomiuri Giants,8.0,5.0,Final,東京ドーム,105,106,0.577287773959197,0.625,0.55,0.15,1.15,3.2,4.2,3.05,3.05,1.0,1.0,0.07499999999999996,-0.9999999999999999,-1.0,0.0,0.0,away,13.0
20240813-Tohoku_Rakuten_Golden_Eagles-Orix_Buffaloes,2024-08-13 18:00:00,2024,Tohoku Rakuten Golden Eagles,Orix Buffaloes,3.0,0.0,Final,京セラD大阪,102,101,0.5007988797298903,0.325,0.4,-1.35,-1.55,2.45,3.85,3.8,5.4,1.0,1.0,-0.07500000000000001,0.19999999999999996,-1.4,-1.6000000000000005,0.0,away,3.0
20240813-Yokohama_DeNA_BayStars-Hiroshima_Toyo_Carp,2024-08-13 18:00:00,2024,Yokohama DeNA BayStars,Hiroshima Toyo Carp,6.0,0.0,Final,マツダスタジアム,100,104,0.6814947538623304,0.725,0.275,0.8,-0.85,3.55,3.55,2.75,4.4,1.0,1.0,0.44999999999999996,1.65,0.0,-1.6500000000000004,0.0,away,6.0
20240814-Chiba_Lotte_Marines-Hokkaido_Nippon-Ham_Fighters,2024-08-14 18:00:00,2024,Chiba Lotte Marines,Hokkaido Nippon-Ham Fighters,1.0,4.0,Final,エスコンＦ,103,104,0.5333545730995369,0.75,0.55,2.0,0.35,5.1,4.15,3.1,3.8,1.0,1.0,0.19999999999999996,1.65,0.9499999999999993,-0.6999999999999997,0.0,home,5.0
20240814-Chunichi_Dragons-Tokyo_Yakult_Swallows,2024-08-14 18:00:00,2024,Chunichi Dragons,Tokyo Yakult Swallows,6.0,7.0,Final,神 宮,104,107,0.5407423795439841,0.45,0.375,-1.0,-0.25,3.9,2.7,4.9,2.95,1.0,1.0,0.07500000000000001,-0.75,1.1999999999999997,1.9500000000000002,0.0,home,13.0
20240814-Fukuoka_SoftBank_Hawks-Saitama_Seibu_Lions,2024-08-14 18:00:00,2024,Fukuoka SoftBank Hawks,Saitama Seibu Lions,1.0,4.0,Final,ベルーナドーム,103,103,0.1800613920951533,0.225,0.75,-1.65,2.2,2.6,5.3,4.25,3.1,1.0,1.0,-0.525,-3.85,-2.6999999999999997,1.15,0.0,home,5.0
20240814-Hanshin_Tigers-Yomiuri_Giants,2024-08-14 18:00:00,2024,Hanshin Tigers,Yomiuri Giants,0.0,4.0,Final,東京ドーム,106,107,0.53663963709597,0.575,0.6,-0.05,1.35,3.25,4.45,3.3,3.1,1.0,1.0,-0.025000000000000022,-1.4000000000000001,-1.2000000000000002,0.19999999999999973,0.0,home,4.0
20240814-Tohoku_Rakuten_Golden_Eagles-Orix_Buffaloes,2024-08-14 18:00:00,2024,Tohoku Rakuten Golden Eagles,Orix Buffaloes,6.0,1.0,Final,京セラD大阪,103,102,0.46510858960640944,0.275,0.45,-1.55,-1.35,2.35,3.8,3.9,5.15,1.0,1.0,-0.175,-0.19999999999999996,-1.4499999999999997,-1.2500000000000004,0.0,away,7.0
20240814-Yokohama_DeNA_BayStars-Hiroshima_Toyo_Carp,2024-08-14 18:00:00,2024,Yokohama DeNA BayStars,Hiroshima Toyo Carp,3.0,4.0,Final,マツダスタジアム,101,105,0.6291117400774334,0.675,0.325,0.35,-0.4,3.4,3.85,3.05,4.25,1.0,1.0,0.35000000000000003,0.75,-0.4500000000000002,-1.2000000000000002,0.0,home,7.0
20240815-Chiba_Lotte_Marines-Hokkaido_Nippon-Ham_Fighters,2024-08-15 18:00:00,2024,Chiba Lotte Marines,Hokkaido Nippon-Ham Fighters,1.0,6.0,Final,エスコンＦ,104,105,0.5663203036515477,0.75,0.55,1.95,0.3,5.0,4.0,3.05,3.7,1.0,1.0,0.19999999999999996,1.65,1.0,-0.6500000000000004,0.0,home,7.0
20240815-Fukuoka_SoftBank_Hawks-Saitama_Seibu_Lions,2024-08-15 18:00:00,2024,Fukuoka SoftBank Hawks,Saitama Seibu Lions,9.0,2.0,Final,ベルーナドーム,104,104,0.21724018991997895,0.225,0.7,-1.8,1.95,2.5,5.05,4.3,3.1,1.0,1.0,-0.475,-3.75,-2.55,1.1999999999999997,0.0,away,11.0
20240815-Tohoku_Rakuten_Golden_Eagles-Orix_Buffaloes,2024-08-15 18:00:00,2024,Tohoku Rakuten Golden Eagles,Orix Buffaloes,2.0,3.0,Final,京セラD大阪,104,103,0.42807091252651097,0.275,0.5,-1.5,-0.9,2.4,4.0,3.9,4.9,1.0,1.0,-0.22499999999999998,-0.6,-1.6,-1.0000000000000004,0.0,home,5.0
20240816-Chiba_Lotte_Marines-Fukuoka_SoftBank_Hawks,2024-08-16 18:00:00,2024,Chiba Lotte Marines,Fukuoka SoftBank Hawks,0.0,4.0,Final,みずほPayPay,105,106,0.6163673488330922,0.7,0.55,2.1,0.1,5.3,4.0,3.2,3.9,1.0,1.0,0.1499999999999999,2.0,1.2999999999999998,-0.6999999999999997,0.0,home,4.0
20240816-Hanshin_Tigers-Chunichi_Dragons,2024-08-16 18:00:00,2024,Hanshin Tigers,Chunichi Dragons,1.0,2.0,Final,バンテリンドーム,108,108,0.37700546108079686,0.325,0.6,-0.35,1.2,2.95,4.45,3.3,3.25,2.0,2.0,-0.27499999999999997,-1.5499999999999998,-1.5,0.04999999999999982,0.0,home,3.0
20240816-Hiroshima_Toyo_Carp-Tokyo_Yakult_Swallows,2024-08-16 18:00:00,2024,Hiroshima Toyo Carp,Tokyo Yakult Swallows,,,Postponed,神 宮,105,102,0.37548193441847955,0.5,0.675,-0.9,0.35,3.9,3.55,4.8,3.2,2.0,2.0,-0.17500000000000004,-1.25,0.3500000000000001,1.5999999999999996,0.0,,
20240816-Hokkaido_Nippon-Ham_Fighters-Orix_Buffaloes,2024-08-16 18:00:00,2024,Hokkaido Nippon-Ham Fighters,Orix Buffaloes,1.0,5.0,Final,京セラD大阪,105,105,0.3320603434731021,0.325,0.75,-1.4,2.15,2.45,5.2,3.85,3.05,1.0,1.0,-0.425,-3.55,-2.75,0.8000000000000003,0.0,home,6.0
20240816-Saitama_Seibu_Lions-Tohoku_Rakuten_Golden_Eagles,2024-08-16 18:00:00,2024,Saitama Seibu Lions,Tohoku Rakuten Golden Eagles,,,Postponed,楽天モバイル,104,105,0.7253646096855204,0.45,0.225,-1.0,-1.95,3.95,2.6,4.95,4.55,1.0,1.0,0.225,0.95,1.35,0.40000000000000036,0.0,,
20240816-Yomiuri_Giants-Yokohama_DeNA_BayStars,2024-08-16 18:00:00,2024,Yomiuri Giants,Yokohama DeNA BayStars,,,Postponed,横 浜,106,107,0.40275318991464754,0.275,0.625,-0.5,0.2,3.6,3.45,4.1,3.25,2.0,2.0,-0.35,-0.7,0.1499999999999999,0.8499999999999996,0.0,,
20240817-Chiba_Lotte_Marines-Fukuoka_SoftBank_Hawks,2024-08-17 14:00:00,2024,Chiba Lotte Marines,Fukuoka SoftBank Hawks,5.0,2.0,Final,みずほPayPay,106,107,0.6435393809355247,0.75,0.55,2.4,0.3,5.35,3.9,2.95,3.6,1.0,1.0,0.19999999999999996,2.1,1.4499999999999997,-0.6499999999999999,0.0,away,7.0
20240817-Hanshin_Tigers-Chunichi_Dragons,2024-08-17 14:00:00,2024,Hanshin Tigers,Chunichi Dragons,5.0,5.0,Final,バンテリンドーム,109,109,0.4140246276968741,0.375,0.6,-0.25,1.2,2.9,4.5,3.15,3.3,1.0,1.0,-0.22499999999999998,-1.45,-1.6,-0.1499999999999999,0.0,draw,10.0
20240817-Hokkaido_Nippon-Ham_Fighters-Orix_Buffaloes,2024-08-17 14:00:00,2024,Hokkaido Nippon-Ham Fighters,Orix Buffaloes,0.0,3.0,Final,京セラD大阪,106,106,0.3785124948037247,0.375,0.7,-1.15,1.55,2.6,4.75,3.75,3.2,1.0,1.0,-0.32499999999999996,-2.7,-2.15,0.5499999999999998,0.0,home,3.0
20240817-Hiroshima_Toyo_Carp-Tokyo_Yakult_Swallows,2024-08-17 18:00:00,2024,Hiroshima Toyo Carp,Tokyo Yakult Swallows,3.0,6.0,Final,神 宮,105,102,0.37548193441847955,0.5,0.675,-0.9,0.35,3.9,3.55,4.8,3.2,3.0,3.0,-0.17500000000000004,-1.25,0.3500000000000001,1.5999999999999996,0.0,home,9.0
20240817-Saitama_Seibu_Lions-Tohoku_Rakuten_Golden_Eagles,2024-08-17 18:00:00,2024,Saitama Seibu Lions,Tohoku Rakuten Golden Eagles,11.0,4.0,Final,楽天モバイル,104,105,0.7253646096855204,0.45,0.225,-1.0,-1.95,3.95,2.6,4.95,4.55,2.0,2.0,0.225,0.95,1.35,0.40000000000000036,0.0,away,15.0
20240817-Yomiuri_Giants-Yokohama_DeNA_BayStars,2024-08-17 18:00:00,2024,Yomiuri Giants,Yokohama DeNA BayStars,11.0,1.0,Final,横 浜,106,107,0.40275318991464754,0.275,0.625,-0.5,0.2,3.6,3.45,4.1,3.25,3.0,3.0,-0.35,-0.7,0.1499999999999999,0.8499999999999996,0.0,away,12.0
20240818-Chiba_Lotte_Marines-Fukuoka_SoftBank_Hawks,2024-08-18 13:00:00,2024,Chiba Lotte Marines,Fukuoka SoftBank Hawks,1.0,2.0,Final,みずほPayPay,107,108,0.6003720929040982,0.7,0.6,2.2,0.65,5.4,3.85,3.2,3.2,1.0,1.0,0.09999999999999998,1.5500000000000003,1.5500000000000003,0.0,0.0,home,3.0
20240818-Hokkaido_Nippon-Ham_Fighters-Orix_Buffaloes,2024-08-18 13:00:00,2024,Hokkaido Nippon-Ham Fighters,Orix Buffaloes,2.0,5.0,Final,京セラD大阪,107,107,0.4210610327000659,0.425,0.65,-0.65,1.2,2.5,4.25,3.15,3.05,1.0,1.0,-0.22500000000000003,-1.85,-1.75,0.10000000000000009,0.0,home,7.0
20240818-Hanshin_Tigers-Chunichi_Dragons,2024-08-18 13:30:00,2024,Hanshin Tigers,Chunichi Dragons,4.0,8.0,Final,バンテリンドーム,110,110,0.4188354674576407,0.4,0.575,-0.1,0.75,3.1,4.15,3.2,3.4,1.0,1.0,-0.17499999999999993,-0.85,-1.0500000000000003,-0.19999999999999973,0.0,home,12.0
20240818-Saitama_Seibu_Lions-Tohoku_Rakuten_Golden_Eagles,2024-08-18 17:00:00,2024,Saitama Seibu Lions,Tohoku Rakuten Golden Eagles,1.0,6.0,Final,楽天モバイル,105,106,0.670550675329288,0.4,0.225,-1.4,-1.7,4.0,2.9,5.4,4.6,1.0,1.0,0.17500000000000002,0.30000000000000004,1.1,0.8000000000000007,0.0,home,7.0
20240818-Hiroshima_Toyo_Carp-Tokyo_Yakult_Swallows,2024-08-18 18:00:00,2024,Hiroshima Toyo Carp,Tokyo Yakult Swallows,8.0,2.0,Final,神 宮,106,103,0.41812939437047814,0.5,0.625,-0.85,0.15,3.9,3.65,4.75,3.5,1.0,1.0,-0.125,-1.0,0.25,1.25,0.0,away,10.0
20240818-Yomiuri_Giants-Yokohama_DeNA_BayStars,2024-08-18 18:00:00,2024,Yomiuri Giants,Yokohama DeNA BayStars,1.0,2.0,Final,横 浜,107,108,0.3676326518487129,0.275,0.625,-0.9,0.65,3.45,3.8,4.35,3.15,1.0,1.0,-0.35,-1.55,-0.34999999999999964,1.1999999999999997,0.0,home,3.0
20240820-Chunichi_Dragons-Yokohama_DeNA_BayStars,2024-08-20 17:45:00,2024,Chunichi Dragons,Yokohama DeNA BayStars,2.0,4.0,Final,横 浜,108,111,0.5559361140909269,0.325,0.45,-0.8,0.3,3.2,3.45,4.0,3.15,2.0,2.0,-0.125,-1.1,-0.25,0.8500000000000001,0.0,home,6.0
20240820-Fukuoka_SoftBank_Hawks-Tohoku_Rakuten_Golden_Eagles,2024-08-20 18:00:00,2024,Fukuoka SoftBank Hawks,Tohoku Rakuten Golden Eagles,0.0,3.0,Final,楽天モバイル,106,108,0.3550190866938303,0.4,0.7,-1.5,2.05,3.7,5.25,5.2,3.2,2.0,2.0,-0.29999999999999993,-3.55,-1.5499999999999998,2.0,0.0,home,3.0
20240820-Hiroshima_Toyo_Carp-Yomiuri_Giants,2024-08-20 18:00:00,2024,Hiroshima Toyo Carp,Yomiuri Giants,8.0,3.0,Final,東京ドーム,109,104,0.5330085107473475,0.575,0.675,0.45,0.9,3.65,3.9,3.2,3.0,2.0,2.0,-0.10000000000000009,-0.45,-0.25,0.20000000000000018,0.0,away,11.0
20240820-Hokkaido_Nippon-Ham_Fighters-Chiba_Lotte_Marines,2024-08-20 18:00:00,2024,Hokkaido Nippon-Ham Fighters,Chiba Lotte Marines,5.0,3.0,Final,ZOZOマリン,109,108,0.5200804222456716,0.55,0.625,0.35,1.05,3.6,4.3,3.25,3.25,2.0,2.0,-0.07499999999999996,-0.7000000000000001,-0.6999999999999997,0.0,0.0,away,8.0
20240820-Orix_Buffaloes-Saitama_Seibu_Lions,2024-08-20 18:00:00,2024,Orix Buffaloes,Saitama Seibu Lions,0.0,1.0,Final,前 橋,107,108,0.3375910801686256,0.225,0.475,-1.9,-0.3,2.95,2.7,4.85,3.0,2.0,2.0,-0.24999999999999997,-1.5999999999999999,0.25,1.8499999999999996,0.0,home,1.0
20240820-Tokyo_Yakult_Swallows-Hanshin_Tigers,2024-08-20 18:00:00,2024,Tokyo Yakult Swallows,Hanshin Tigers,3.0,8.0,Final,京セラD大阪,111,107,0.5930369984375733,0.525,0.45,0.35,-1.2,4.1,3.6,3.75,4.8,2.0,2.0,0.07500000000000001,1.5499999999999998,0.49999999999999956,-1.0499999999999998,0.0,home,11.0
20240821-Chunichi_Dragons-Yokohama_DeNA_BayStars,2024-08-21 17:45:00,2024,Chunichi Dragons,Yokohama DeNA BayStars,1.0,7.0,Final,横 浜,109,112,0.5849905378657146,0.375,0.45,-0.55,0.4,3.3,3.4,3.85,3.0,1.0,1.0,-0.07500000000000001,-0.9500000000000001,-0.10000000000000009,0.8500000000000001,0.0,home,8.0
20240821-Fukuoka_SoftBank_Hawks-Tohoku_Rakuten_Golden_Eagles,2024-08-21 18:00:00,2024,Fukuoka SoftBank Hawks,Tohoku Rakuten Golden Eagles,1.0,2.0,Final,楽天モバイル,107,109,0.39821842999413487,0.45,0.65,-1.1,1.75,3.8,5.1,4.9,3.35,1.0,1.0,-0.2,-2.85,-1.2999999999999998,1.5500000000000003,0.0,home,3.0
20240821-Hiroshima_Toyo_Carp-Yomiuri_Giants,2024-08-21 18:00:00,2024,Hiroshima Toyo Carp,Yomiuri Giants,1.0,4.0,Final,東京ドーム,110,105,0.4901024718884233,0.525,0.675,0.05,1.0,3.55,3.85,3.5,2.85,1.0,1.0,-0.15000000000000002,-0.95,-0.30000000000000027,0.6499999999999999,0.0,home,5.0
20240821-Hokkaido_Nippon-Ham_Fighters-Chiba_Lotte_Marines,2024-08-21 18:00:00,2024,Hokkaido Nippon-Ham Fighters,Chiba Lotte Marines,7.0,1.0,Final,ZOZOマリン,110,109,0.48536705498696653,0.5,0.675,0.15,1.25,3.5,4.5,3.35,3.25,1.0,1.0,-0.17500000000000004,-1.1,-1.0,0.10000000000000009,0.0,away,8.0
20240821-Orix_Buffaloes-Saitama_Seibu_Lions,2024-08-21 18:00:00,2024,Orix Buffaloes,Saitama Seibu Lions,0.0,1.0,Final,ベルーナドーム,108,109,0.3753528498199303,0.25,0.475,-1.85,-0.2,2.95,2.7,4.8,2.9,1.0,1.0,-0.22499999999999998,-1.6500000000000001,0.25,1.9,0.0,home,1.0
20240821-Tokyo_Yakult_Swallows-Hanshin_Tigers,2024-08-21 18:00:00,2024,Tokyo Yakult Swallows,Hanshin Tigers,4.0,10.0,Final,京セラD大阪,112,108,0.6242727485152366,0.525,0.45,0.4,-1.3,4.15,3.45,3.75,4.75,1.0,1.0,0.07500000000000001,1.7000000000000002,0.7000000000000002,-1.0,0.0,home,14.0
20240822-Chunichi_Dragons-Yokohama_DeNA_BayStars,2024-08-22 17:45:00,2024,Chunichi Dragons,Yokohama DeNA BayStars,9.0,8.0,Final,横 浜,110,113,0.6188623679193578,0.425,0.45,-0.2,0.15,3.6,3.3,3.8,3.15,1.0,1.0,-0.025000000000000022,-0.35,0.30000000000000027,0.6499999999999999,0.0,away,17.0
20240822-Hiroshima_Toyo_Carp-Yomiuri_Giants,2024-08-22 18:00:00,2024,Hiroshima Toyo Carp,Yomiuri Giants,2.0,1.0,Final,東京ドーム,111,106,0.526472956049487,0.525,0.675,0.15,1.0,3.65,3.9,3.5,2.9,1.0,1.0,-0.15000000000000002,-0.85,-0.25,0.6000000000000001,0.0,away,3.0
20240822-Hokkaido_Nippon-Ham_Fighters-Chiba_Lotte_Marines,2024-08-22 18:00:00,2024,Hokkaido Nippon-Ham Fighters,Chiba Lotte Marines,4.0,3.0,Final,ZOZOマリン,111,110,0.44424455420399345,0.5,0.675,-0.1,1.1,3.2,4.4,3.3,3.3,1.0,1.0,-0.17500000000000004,-1.2000000000000002,-1.2000000000000002,0.0,0.0,away,7.0
20240822-Orix_Buffaloes-Saitama_Seibu_Lions,2024-08-22 18:00:00,2024,Orix Buffaloes,Saitama Seibu Lions,1.0,2.0,Final,ベルーナドーム,109,110,0.4124167267545783,0.25,0.475,-1.9,-0.1,2.85,2.65,4.75,2.75,1.0,1.0,-0.22499999999999998,-1.7999999999999998,0.20000000000000018,2.0,0.0,home,3.0
20240822-Tokyo_Yakult_Swallows-Hanshin_Tigers,2024-08-22 18:00:00,2024,Tokyo Yakult Swallows,Hanshin Tigers,5.0,2.0,Final,京セラD大阪,113,109,0.653795550131084,0.525,0.4,0.65,-1.75,4.45,3.5,3.8,5.25,1.0,1.0,0.125,2.4,0.9500000000000002,-1.4500000000000002,0.0,away,7.0
20240823-Chiba_Lotte_Marines-Orix_Buffaloes,2024-08-23 18:00:00,2024,Chiba Lotte Marines,Orix Buffaloes,0.0,1.0,Final,京セラD大阪,111,112,0.4640492375045489,0.45,0.45,-0.15,-0.2,2.55,3.0,2.7,3.2,1.0,1.0,0.0,0.05000000000000002,-0.4500000000000002,-0.5,0.0,home,1.0
20240823-Chunichi_Dragons-Yomiuri_Giants,2024-08-23 18:00:00,2024,Chunichi Dragons,Yomiuri Giants,8.0,2.0,Final,東京ドーム,112,114,0.6680623428827519,0.475,0.45,-0.2,-0.1,3.4,3.45,3.6,3.55,1.0,1.0,0.024999999999999967,-0.1,-0.050000000000000266,0.050000000000000266,0.0,away,10.0
20240823-Fukuoka_SoftBank_Hawks-Hokkaido_Nippon-Ham_Fighters,2024-08-23 18:00:00,2024,Fukuoka SoftBank Hawks,Hokkaido Nippon-Ham Fighters,6.0,5.0,Final,エスコンＦ,111,110,0.5331829325636752,0.7,0.6,1.15,1.55,4.45,4.95,3.3,3.4,1.0,2.0,0.09999999999999998,-0.40000000000000013,-0.5,-0.10000000000000009,-1.0,away,11.0
20240823-Hanshin_Tigers-Hiroshima_Toyo_Carp,2024-08-23 18:00:00,2024,Hanshin Tigers,Hiroshima Toyo Carp,3.0,1.0,Final,マツダスタジアム,107,114,0.6187159067788475,0.725,0.475,1.1,0.3,3.8,4.3,2.7,4.0,1.0,1.0,0.25,0.8,-0.5,-1.2999999999999998,0.0,away,4.0
20240823-Tohoku_Rakuten_Golden_Eagles-Saitama_Seibu_Lions,2024-08-23 18:00:00,2024,Tohoku Rakuten Golden Eagles,Saitama Seibu Lions,2.0,1.0,Final,ベルーナドーム,110,108,0.3727514174730549,0.3,0.5,-1.4,-0.95,2.95,3.75,4.35,4.7,1.0,2.0,-0.2,-0.44999999999999996,-0.7999999999999998,-0.35000000000000053,-1.0,away,3.0
20240823-Yokohama_DeNA_BayStars-Tokyo_Yakult_Swallows,2024-08-23 18:00:00,2024,Yokohama DeNA BayStars,Tokyo Yakult Swallows,5.0,2.0,Final,神 宮,110,111,0.48022644896073796,0.4,0.425,-1.65,0.05,3.5,4.0,5.15,3.95,1.0,1.0,-0.024999999999999967,-1.7,-0.5,1.2000000000000002,0.0,away,7.0
20240824-Chunichi_Dragons-Yomiuri_Giants,2024-08-24 14:00:00,2024,Chunichi Dragons,Yomiuri Giants,2.0,6.0,Final,東京ドーム,113,115,0.6158026787140302,0.475,0.45,-0.3,0.15,3.45,3.8,3.75,3.65,1.0,1.0,0.024999999999999967,-0.44999999999999996,-0.34999999999999964,0.10000000000000009,0.0,home,8.0
20240824-Chiba_Lotte_Marines-Orix_Buffaloes,2024-08-24 15:00:00,2024,Chiba Lotte Marines,Orix Buffaloes,1.0,0.0,Final,京セラD大阪,112,113,0.4973070679371587,0.5,0.4,0.25,-0.45,2.5,2.7,2.25,3.15,1.0,1.0,0.09999999999999998,0.7,-0.20000000000000018,-0.8999999999999999,0.0,away,1.0
20240824-Fukuoka_SoftBank_Hawks-Hokkaido_Nippon-Ham_Fighters,2024-08-24 15:00:00,2024,Fukuoka SoftBank Hawks,Hokkaido Nippon-Ham Fighters,1.0,6.0,Final,エスコンＦ,112,111,0.5000839040383419,0.65,0.6,0.75,1.15,4.25,4.75,3.5,3.6,1.0,1.0,0.050000000000000044,-0.3999999999999999,-0.5,-0.10000000000000009,0.0,home,7.0
20240824-Tohoku_Rakuten_Golden_Eagles-Saitama_Seibu_Lions,2024-08-24 17:00:00,2024,Tohoku Rakuten Golden Eagles,Saitama Seibu Lions,2.0,3.0,Final,ベルーナドーム,111,109,0.3513462880938449,0.3,0.5,-1.4,-0.95,2.7,3.45,4.1,4.4,1.0,1.0,-0.2,-0.44999999999999996,-0.75,-0.3000000000000007,0.0,home,5.0
20240824-Hanshin_Tigers-Hiroshima_Toyo_Carp,2024-08-24 18:00:00,2024,Hanshin Tigers,Hiroshima Toyo Carp,1.0,2.0,Final,マツダスタジアム,108,115,0.5790421406748703,0.675,0.475,0.85,0.25,3.55,4.0,2.7,3.75,1.0,1.0,0.20000000000000007,0.6,-0.4500000000000002,-1.0499999999999998,0.0,home,3.0
20240824-Yokohama_DeNA_BayStars-Tokyo_Yakult_Swallows,2024-08-24 18:00:00,2024,Yokohama DeNA BayStars,Tokyo Yakult Swallows,0.0,3.0,Final,神 宮,111,112,0.4461472019419651,0.4,0.475,-1.5,0.35,3.6,4.1,5.1,3.75,1.0,1.0,-0.07499999999999996,-1.85,-0.49999999999999956,1.3499999999999996,0.0,home,3.0
20240825-Chiba_Lotte_Marines-Orix_Buffaloes,2024-08-25 13:00:00,2024,Chiba Lotte Marines,Orix Buffaloes,0.0,2.0,Final,京セラD大阪,113,114,0.4664400954073201,0.5,0.4,0.25,-0.55,2.2,2.55,1.95,3.1,1.0,1.0,0.09999999999999998,0.8,-0.34999999999999964,-1.1500000000000001,0.0,home,2.0
20240825-Fukuoka_SoftBank_Hawks-Hokkaido_Nippon-Ham_Fighters,2024-08-25 13:00:00,2024,Fukuoka SoftBank Hawks,Hokkaido Nippon-Ham Fighters,3.0,5.0,Final,エスコンＦ,113,112,0.5402848706812847,0.65,0.6,0.95,0.95,4.2,4.7,3.25,3.75,1.0,1.0,0.050000000000000044,0.0,-0.5,-0.5,0.0,home,8.0
20240825-Chunichi_Dragons-Yomiuri_Giants,2024-08-25 14:00:00,2024,Chunichi Dragons,Yomiuri Giants,0.0,2.0,Final,東京ドーム,114,116,0.6430309364836568,0.525,0.4,0.05,-0.1,3.45,3.75,3.4,3.85,1.0,1.0,0.125,0.15000000000000002,-0.2999999999999998,-0.4500000000000002,0.0,home,2.0
20240825-Tohoku_Rakuten_Golden_Eagles-Saitama_Seibu_Lions,2024-08-25 17:00:00,2024,Tohoku Rakuten Golden Eagles,Saitama Seibu Lions,2.0,0.0,Final,ベルーナドーム,112,110,0.38892812961995854,0.35,0.5,-1.15,-0.55,2.75,3.5,3.9,4.05,1.0,1.0,-0.15000000000000002,-0.5999999999999999,-0.75,-0.1499999999999999,0.0,away,2.0
20240825-Yokohama_DeNA_BayStars-Tokyo_Yakult_Swallows,2024-08-25 17:00:00,2024,Yokohama DeNA BayStars,Tokyo Yakult Swallows,10.0,4.0,Final,神 宮,112,113,0.4854756771846202,0.45,0.475,-1.3,0.25,3.75,4.05,5.05,3.8,1.0,1.0,-0.024999999999999967,-1.55,-0.2999999999999998,1.25,0.0,away,14.0
20240825-Hanshin_Tigers-Hiroshima_Toyo_Carp,2024-08-25 18:00:00,2024,Hanshin Tigers,Hiroshima Toyo Carp,7.0,5.0,Final,マツダスタジアム,109,116,0.6043266782880042,0.675,0.425,0.85,-0.15,3.55,3.6,2.7,3.75,1.0,1.0,0.25000000000000006,1.0,-0.050000000000000266,-1.0499999999999998,0.0,away,12.0
20240827-Hanshin_Tigers-Yokohama_DeNA_BayStars,2024-08-27 18:00:00,2024,Hanshin Tigers,Yokohama DeNA BayStars,4.0,10.0,Final,横 浜,114,117,0.48416642050512876,0.525,0.425,0.6,-0.15,4.5,3.75,3.9,3.9,2.0,2.0,0.10000000000000003,0.75,0.75,0.0,0.0,home,14.0
20240827-Hiroshima_Toyo_Carp-Chunichi_Dragons,2024-08-27 18:00:00,2024,Hiroshima Toyo Carp,Chunichi Dragons,1.0,2.0,Final,バンテリンドーム,117,110,0.37978300425283756,0.4,0.625,-0.15,0.7,3.75,3.7,3.9,3.0,2.0,2.0,-0.22499999999999998,-0.85,0.04999999999999982,0.8999999999999999,0.0,home,3.0
20240827-Orix_Buffaloes-Fukuoka_SoftBank_Hawks,2024-08-27 18:00:00,2024,Orix Buffaloes,Fukuoka SoftBank Hawks,1.0,3.0,Final,みずほPayPay,113,114,0.6579857998401736,0.55,0.55,0.5,0.4,4.5,2.2,4.0,1.8,2.0,2.0,0.0,0.09999999999999998,2.3,2.2,0.0,home,4.0
20240827-Saitama_Seibu_Lions-Chiba_Lotte_Marines,2024-08-27 18:00:00,2024,Saitama Seibu Lions,Chiba Lotte Marines,0.0,2.0,Final,ZOZOマリン,115,113,0.6544996167048878,0.35,0.35,-0.7,-1.1,2.4,2.7,3.1,3.8,2.0,2.0,0.0,0.40000000000000013,-0.30000000000000027,-0.6999999999999997,0.0,home,2.0
20240827-Tohoku_Rakuten_Golden_Eagles-Hokkaido_Nippon-Ham_Fighters,2024-08-27 18:00:00,2024,Tohoku Rakuten Golden Eagles,Hokkaido Nippon-Ham Fighters,3.0,3.0,Final,エスコンＦ,114,111,0.6386108848221052,0.7,0.5,1.15,-0.5,4.25,3.45,3.1,3.95,2.0,2.0,0.19999999999999996,1.65,0.7999999999999998,-0.8500000000000001,0.0,draw,6.0
20240827-Yomiuri_Giants-Tokyo_Yakult_Swallows,2024-08-27 18:00:00,2024,Yomiuri Giants,Tokyo Yakult Swallows,5.0,2.0,Final,神 宮,113,115,0.3746818150411539,0.45,0.575,-1.55,0.5,3.85,3.45,5.4,2.95,2.0,2.0,-0.12499999999999994,-2.05,0.3999999999999999,2.45,0.0,away,7.0
20240828-Hanshin_Tigers-Yokohama_DeNA_BayStars,2024-08-28 18:00:00,2024,Hanshin Tigers,Yokohama DeNA BayStars,2.0,3.0,Final,横 浜,115,118,0.5280783292900486,0.575,0.425,1.0,-0.15,4.9,3.75,3.9,3.9,1.0,1.0,0.14999999999999997,1.15,1.1500000000000004,0.0,0.0,home,5.0
20240828-Hiroshima_Toyo_Carp-Chunichi_Dragons,2024-08-28 18:00:00,2024,Hiroshima Toyo Carp,Chunichi Dragons,2.0,1.0,Final,バンテリンドーム,118,111,0.4167244992373367,0.45,0.575,0.05,0.6,3.8,3.7,3.75,3.1,1.0,1.0,-0.12499999999999994,-0.5499999999999999,0.09999999999999964,0.6499999999999999,0.0,away,3.0
20240828-Orix_Buffaloes-Fukuoka_SoftBank_Hawks,2024-08-28 18:00:00,2024,Orix Buffaloes,Fukuoka SoftBank Hawks,4.0,1.0,Final,長 崎,114,115,0.6782373289088581,0.55,0.5,0.5,0.1,4.35,2.0,3.85,1.9,1.0,1.0,0.050000000000000044,0.4,2.3499999999999996,1.9500000000000002,0.0,away,5.0
20240828-Saitama_Seibu_Lions-Chiba_Lotte_Marines,2024-08-28 18:00:00,2024,Saitama Seibu Lions,Chiba Lotte Marines,3.0,4.0,Final,ZOZOマリン,116,114,0.6750598528014743,0.4,0.35,-0.4,-1.15,2.45,2.6,2.85,3.75,1.0,1.0,0.050000000000000044,0.7499999999999999,-0.1499999999999999,-0.8999999999999999,0.0,home,7.0
20240828-Tohoku_Rakuten_Golden_Eagles-Hokkaido_Nippon-Ham_Fighters,2024-08-28 18:00:00,2024,Tohoku Rakuten Golden Eagles,Hokkaido Nippon-Ham Fighters,9.0,5.0,Final,エスコンＦ,115,112,0.6312129084281732,0.675,0.525,1.1,-0.15,4.0,3.6,2.9,3.75,1.0,1.0,0.15000000000000002,1.25,0.3999999999999999,-0.8500000000000001,0.0,away,14.0
20240828-Yomiuri_Giants-Tokyo_Yakult_Swallows,2024-08-28 18:00:00,2024,Yomiuri Giants,Tokyo Yakult Swallows,3.0,2.0,Final,神 宮,114,116,0.34997188297148574,0.4,0.625,-1.8,0.75,3.75,3.6,5.55,2.85,1.0,1.0,-0.22499999999999998,-2.55,0.1499999999999999,2.6999999999999997,0.0,away,5.0
20240829-Hanshin_Tigers-Yokohama_DeNA_BayStars,2024-08-29 18:00:00,2024,Hanshin Tigers,Yokohama DeNA BayStars,,,Postponed,横 浜,116,119,0.5571957220916702,0.575,0.375,0.75,-0.4,4.55,3.65,3.8,4.05,1.0,1.0,0.19999999999999996,1.15,0.8999999999999999,-0.25,0.0,,
20240829-Hiroshima_Toyo_Carp-Chunichi_Dragons,2024-08-29 18:00:00,2024,Hiroshima Toyo Carp,Chunichi Dragons,1.0,5.0,Final,バンテリンドーム,119,112,0.3917731345282546,0.45,0.575,0.1,0.5,3.65,3.6,3.55,3.1,1.0,1.0,-0.12499999999999994,-0.4,0.04999999999999982,0.44999999999999973,0.0,home,6.0
20240829-Saitama_Seibu_Lions-Chiba_Lotte_Marines,2024-08-29 18:00:00,2024,Saitama Seibu Lions,Chiba Lotte Marines,8.0,0.0,Final,ZOZOマリン,117,115,0.692528332857933,0.4,0.3,-0.5,-1.55,2.5,2.4,3.0,3.95,1.0,1.0,0.10000000000000003,1.05,0.10000000000000009,-0.9500000000000002,0.0,away,8.0
20240829-Yomiuri_Giants-Tokyo_Yakult_Swallows,2024-08-29 18:00:00,2024,Yomiuri Giants,Tokyo Yakult Swallows,,,Postponed,神 宮,115,117,0.3304404765964063,0.4,0.625,-1.65,0.6,3.65,3.35,5.3,2.75,1.0,1.0,-0.22499999999999998,-2.25,0.2999999999999998,2.55,0.0,,
20240830-Fukuoka_SoftBank_Hawks-Chiba_Lotte_Marines,2024-08-30 18:00:00,2024,Fukuoka SoftBank Hawks,Chiba Lotte Marines,2.0,6.0,Final,ZOZOマリン,118,115,0.42387405047307275,0.4,0.55,-0.8,0.4,2.3,4.05,3.1,3.65,1.0,2.0,-0.15000000000000002,-1.2000000000000002,-1.75,-0.5499999999999998,-1.0,home,8.0
20240830-Hokkaido_Nippon-Ham_Fighters-Saitama_Seibu_Lions,2024-08-30 18:00:00,2024,Hokkaido Nippon-Ham Fighters,Saitama Seibu Lions,5.0,2.0,Final,ベルーナドーム,116,116,0.29796535388285117,0.35,0.675,-0.9,0.95,2.55,4.15,3.45,3.2,1.0,2.0,-0.32500000000000007,-1.85,-1.6000000000000005,0.25,-1.0,away,7.0
20240830-Orix_Buffaloes-Tohoku_Rakuten_Golden_Eagles,2024-08-30 18:00:00,2024,Orix Buffaloes,Tohoku Rakuten Golden Eagles,2.0,0.0,Final,楽天モバイル,113,116,0.6058748654785417,0.525,0.55,0.0,0.4,3.9,2.2,3.9,1.8,2.0,2.0,-0.025000000000000022,-0.4,1.6999999999999997,2.0999999999999996,0.0,away,2.0
20240830-Tokyo_Yakult_Swallows-Hiroshima_Toyo_Carp,2024-08-30 18:00:00,2024,Tokyo Yakult Swallows,Hiroshima Toyo Carp,,,Postponed,マツダスタジアム,113,115,0.6810388346794287,0.525,0.4,0.2,-1.65,3.35,3.65,3.15,5.3,1.0,2.0,0.125,1.8499999999999999,-0.2999999999999998,-2.15,-1.0,,
20240830-Yokohama_DeNA_BayStars-Chunichi_Dragons,2024-08-30 18:00:00,2024,Yokohama DeNA BayStars,Chunichi Dragons,,,Postponed,バンテリンドーム,120,116,0.45169097751512394,0.45,0.575,0.1,0.75,3.6,4.55,3.5,3.8,1.0,2.0,-0.12499999999999994,-0.65,-0.9499999999999997,-0.2999999999999998,-1.0,,
20240830-Yomiuri_Giants-Hanshin_Tigers,2024-08-30 18:00:00,2024,Yomiuri Giants,Hanshin Tigers,,,Postponed,甲子園,119,117,0.44063353803327504,0.375,0.625,-0.4,0.6,3.65,3.35,4.05,2.75,2.0,2.0,-0.25,-1.0,0.2999999999999998,1.2999999999999998,0.0,,
20240831-Yokohama_DeNA_BayStars-Chunichi_Dragons,2024-08-31 14:00:00,2024,Yokohama DeNA BayStars,Chunichi Dragons,,,Postponed,バンテリンドーム,120,116,0.45169097751512394,0.45,0.575,0.1,0.75,3.6,4.55,3.5,3.8,2.0,3.0,-0.12499999999999994,-0.65,-0.9499999999999997,-0.2999999999999998,-1.0,,
20240831-Hokkaido_Nippon-Ham_Fighters-Saitama_Seibu_Lions,2024-08-31 17:00:00,2024,Hokkaido Nippon-Ham Fighters,Saitama Seibu Lions,1.0,2.0,Final,ベルーナドーム,117,117,0.28048022825407254,0.35,0.675,-0.85,0.9,2.55,4.15,3.4,3.25,1.0,1.0,-0.32500000000000007,-1.75,-1.6000000000000005,0.1499999999999999,0.0,home,3.0
20240831-Fukuoka_SoftBank_Hawks-Chiba_Lotte_Marines,2024-08-31 18:00:00,2024,Fukuoka SoftBank Hawks,Chiba Lotte Marines,4.0,1.0,Final,ZOZOマリン,119,116,0.4671022188536168,0.4,0.5,-0.8,0.15,2.3,4.0,3.1,3.85,1.0,1.0,-0.09999999999999998,-0.9500000000000001,-1.7000000000000002,-0.75,0.0,away,5.0
20240831-Orix_Buffaloes-Tohoku_Rakuten_Golden_Eagles,2024-08-31 18:00:00,2024,Orix Buffaloes,Tohoku Rakuten Golden Eagles,6.0,0.0,Final,楽天モバイル,114,117,0.5666450399899492,0.525,0.55,0.25,0.3,3.9,2.0,3.65,1.7,1.0,1.0,-0.025000000000000022,-0.04999999999999999,1.9,1.95,0.0,away,6.0
20240831-Tokyo_Yakult_Swallows-Hiroshima_Toyo_Carp,2024-08-31 18:00:00,2024,Tokyo Yakult Swallows,Hiroshima Toyo Carp,0.0,7.0,Final,マツダスタジアム,113,115,0.6810388346794287,0.525,0.4,0.2,-1.65,3.35,3.65,3.15,5.3,2.0,3.0,0.125,1.8499999999999999,-0.2999999999999998,-2.15,-1.0,home,7.0
20240831-Yomiuri_Giants-Hanshin_Tigers,2024-08-31 18:00:00,2024,Yomiuri Giants,Hanshin Tigers,2.0,4.0,Final,甲子園,119,117,0.44063353803327504,0.375,0.625,-0.4,0.6,3.65,3.35,4.05,2.75,3.0,3.0,-0.25,-1.0,0.2999999999999998,1.2999999999999998,0.0,home,6.0
20240901-Yokohama_DeNA_BayStars-Chunichi_Dragons,2024-09-01 13:30:00,2024,Yokohama DeNA BayStars,Chunichi Dragons,,,Postponed,バンテリンドーム,120,116,0.45169097751512394,0.45,0.575,0.1,0.75,3.6,4.55,3.5,3.8,3.0,4.0,-0.12499999999999994,-0.65,-0.9499999999999997,-0.2999999999999998,-1.0,,
20240901-Fukuoka_SoftBank_Hawks-Chiba_Lotte_Marines,2024-09-01 16:00:00,2024,Fukuoka SoftBank Hawks,Chiba Lotte Marines,10.0,2.0,Final,ZOZOマリン,120,117,0.43409844521320035,0.4,0.5,-0.8,0.2,2.2,3.9,3.0,3.7,1.0,1.0,-0.09999999999999998,-1.0,-1.6999999999999997,-0.7000000000000002,0.0,away,12.0
20240901-Orix_Buffaloes-Tohoku_Rakuten_Golden_Eagles,2024-09-01 16:00:00,2024,Orix Buffaloes,Tohoku Rakuten Golden Eagles,6.0,2.0,Final,楽天モバイル,115,118,0.5187594772118762,0.475,0.55,-0.3,0.55,3.4,2.15,3.7,1.6,1.0,1.0,-0.07500000000000007,-0.8500000000000001,1.25,2.1,0.0,away,8.0
20240901-Hokkaido_Nippon-Ham_Fighters-Saitama_Seibu_Lions,2024-09-01 17:00:00,2024,Hokkaido Nippon-Ham Fighters,Saitama Seibu Lions,5.0,6.0,Final,ベルーナドーム,118,118,0.31796250295108586,0.4,0.625,-0.75,0.75,2.55,4.1,3.3,3.35,1.0,1.0,-0.22499999999999998,-1.5,-1.5499999999999998,-0.050000000000000266,0.0,home,11.0
20240901-Tokyo_Yakult_Swallows-Hiroshima_Toyo_Carp,2024-09-01 18:00:00,2024,Tokyo Yakult Swallows,Hiroshima Toyo Carp,1.0,5.0,Final,マツダスタジアム,114,116,0.7053948785107953,0.525,0.4,0.3,-1.85,3.45,3.6,3.15,5.45,1.0,1.0,0.125,2.15,-0.1499999999999999,-2.3000000000000003,0.0,home,6.0
20240901-Yomiuri_Giants-Hanshin_Tigers,2024-09-01 18:00:00,2024,Yomiuri Giants,Hanshin Tigers,3.0,1.0,Final,甲子園,120,118,0.4777186253700094,0.425,0.575,-0.25,0.35,3.65,3.25,3.9,2.9,1.0,1.0,-0.14999999999999997,-0.6,0.3999999999999999,1.0,0.0,away,4.0
20240902-Orix_Buffaloes-Tohoku_Rakuten_Golden_Eagles,2024-09-02 18:00:00,2024,Orix Buffaloes,Tohoku Rakuten Golden Eagles,2.0,5.0,Final,楽天モバイル,116,119,0.4793619208678565,0.475,0.55,-0.3,0.6,3.45,2.3,3.75,1.7,1.0,1.0,-0.07500000000000007,-0.8999999999999999,1.1500000000000004,2.05,0.0,home,7.0
20240903-Chunichi_Dragons-Hanshin_Tigers,2024-09-03 18:00:00,2024,Chunichi Dragons,Hanshin Tigers,1.0,4.0,Final,甲子園,121,120,0.5794080595654819,0.425,0.45,-0.15,0.1,3.7,3.6,3.85,3.5,2.0,5.0,-0.025000000000000022,-0.25,0.10000000000000009,0.3500000000000001,-3.0,home,5.0
20240903-Hiroshima_Toyo_Carp-Yokohama_DeNA_BayStars,2024-09-03 18:00:00,2024,Hiroshima Toyo Carp,Yokohama DeNA BayStars,1.0,5.0,Final,横 浜,116,115,0.4879805573808566,0.575,0.55,0.75,0.5,4.55,3.55,3.8,3.05,6.0,2.0,0.02499999999999991,0.25,1.0,0.75,4.0,home,6.0
20240903-Hokkaido_Nippon-Ham_Fighters-Fukuoka_SoftBank_Hawks,2024-09-03 18:00:00,2024,Hokkaido Nippon-Ham Fighters,Fukuoka SoftBank Hawks,6.0,3.0,Final,みずほPayPay,118,119,0.5492246615791284,0.55,0.575,0.8,0.65,4.3,4.1,3.5,3.45,2.0,2.0,-0.02499999999999991,0.15000000000000002,0.20000000000000018,0.04999999999999982,0.0,away,9.0
20240903-Saitama_Seibu_Lions-Orix_Buffaloes,2024-09-03 18:00:00,2024,Saitama Seibu Lions,Orix Buffaloes,2.0,3.0,Final,ほっと神戸,120,119,0.6438674044701276,0.55,0.45,0.55,-0.55,2.35,2.85,1.8,3.4,1.0,2.0,0.10000000000000003,1.1,-0.5,-1.5999999999999999,-1.0,home,5.0
20240903-Tokyo_Yakult_Swallows-Yomiuri_Giants,2024-09-03 18:00:00,2024,Tokyo Yakult Swallows,Yomiuri Giants,4.0,3.0,Final,京セラD大阪,119,117,0.736451358663056,0.625,0.35,0.7,-2.1,3.4,3.4,2.7,5.5,2.0,2.0,0.275,2.8,0.0,-2.8,0.0,away,7.0
20240904-Chunichi_Dragons-Hanshin_Tigers,2024-09-04 18:00:00,2024,Chunichi Dragons,Hanshin Tigers,4.0,9.0,Final,甲子園,122,121,0.6083618526213896,0.425,0.425,-0.15,-0.05,3.6,3.65,3.75,3.7,1.0,1.0,0.0,-0.09999999999999999,-0.04999999999999982,0.04999999999999982,0.0,home,13.0
20240904-Hiroshima_Toyo_Carp-Yokohama_DeNA_BayStars,2024-09-04 18:00:00,2024,Hiroshima Toyo Carp,Yokohama DeNA BayStars,1.0,6.0,Final,横 浜,117,116,0.5268583186073612,0.625,0.55,1.15,0.55,4.8,3.6,3.65,3.05,1.0,1.0,0.07499999999999996,0.5999999999999999,1.1999999999999997,0.6000000000000001,0.0,home,7.0
20240904-Hokkaido_Nippon-Ham_Fighters-Fukuoka_SoftBank_Hawks,2024-09-04 18:00:00,2024,Hokkaido Nippon-Ham Fighters,Fukuoka SoftBank Hawks,8.0,5.0,Final,みずほPayPay,119,120,0.5101794869086792,0.5,0.575,0.5,0.6,4.15,4.15,3.65,3.55,1.0,1.0,-0.07499999999999996,-0.09999999999999998,0.0,0.10000000000000009,0.0,away,13.0
20240904-Saitama_Seibu_Lions-Orix_Buffaloes,2024-09-04 18:00:00,2024,Saitama Seibu Lions,Orix Buffaloes,0.0,4.0,Final,ほっと神戸,121,120,0.6639066170393468,0.6,0.45,0.85,-0.4,2.45,2.9,1.6,3.3,1.0,1.0,0.14999999999999997,1.25,-0.44999999999999973,-1.6999999999999997,0.0,home,4.0
20240904-Tokyo_Yakult_Swallows-Yomiuri_Giants,2024-09-04 18:00:00,2024,Tokyo Yakult Swallows,Yomiuri Giants,3.0,0.0,Final,京セラD大阪,120,118,0.699404786520295,0.6,0.35,0.65,-2.25,3.4,3.4,2.75,5.65,1.0,1.0,0.25,2.9,0.0,-2.9000000000000004,0.0,away,3.0
20240905-Chunichi_Dragons-Hanshin_Tigers,2024-09-05 18:00:00,2024,Chunichi Dragons,Hanshin Tigers,1.0,2.0,Final,甲子園,123,122,0.6379969255304478,0.475,0.425,0.25,-0.2,3.9,3.75,3.65,3.95,1.0,1.0,0.04999999999999999,0.45,0.1499999999999999,-0.30000000000000027,0.0,home,3.0
20240905-Hiroshima_Toyo_Carp-Yokohama_DeNA_BayStars,2024-09-05 18:00:00,2024,Hiroshima Toyo Carp,Yokohama DeNA BayStars,3.0,4.0,Final,横 浜,118,117,0.5646509533966576,0.675,0.5,1.6,0.15,5.0,3.35,3.4,3.2,1.0,1.0,0.17500000000000004,1.4500000000000002,1.65,0.19999999999999973,0.0,home,7.0
20240905-Tohoku_Rakuten_Golden_Eagles-Chiba_Lotte_Marines,2024-09-05 18:00:00,2024,Tohoku Rakuten Golden Eagles,Chiba Lotte Marines,1.0,3.0,Final,ZOZOマリン,121,117,0.4845099017815958,0.35,0.525,-1.3,-0.05,2.15,3.7,3.45,3.75,4.0,3.0,-0.17500000000000004,-1.25,-1.5500000000000003,-0.2999999999999998,1.0,home,4.0
20240905-Tokyo_Yakult_Swallows-Yomiuri_Giants,2024-09-05 18:00:00,2024,Tokyo Yakult Swallows,Yomiuri Giants,0.0,3.0,Final,岐 阜,121,119,0.6558310803548638,0.55,0.4,0.25,-1.95,3.15,3.4,2.9,5.35,1.0,1.0,0.15000000000000002,2.2,-0.25,-2.4499999999999997,0.0,home,3.0
20240906-Chunichi_Dragons-Hiroshima_Toyo_Carp,2024-09-06 18:00:00,2024,Chunichi Dragons,Hiroshima Toyo Carp,3.0,0.0,Final,マツダスタジアム,118,123,0.6335068201857644,0.45,0.375,-0.1,-0.6,3.25,3.35,3.35,3.95,1.0,1.0,0.07500000000000001,0.5,-0.10000000000000009,-0.6000000000000001,0.0,away,3.0
20240906-Hanshin_Tigers-Tokyo_Yakult_Swallows,2024-09-06 18:00:00,2024,Hanshin Tigers,Tokyo Yakult Swallows,9.0,1.0,Final,神 宮,120,124,0.3795801992230424,0.4,0.525,-1.95,0.5,3.3,3.95,5.25,3.45,1.0,1.0,-0.125,-2.45,-0.6500000000000004,1.7999999999999998,0.0,away,10.0
20240906-Orix_Buffaloes-Hokkaido_Nippon-Ham_Fighters,2024-09-06 18:00:00,2024,Orix Buffaloes,Hokkaido Nippon-Ham Fighters,2.0,3.0,Final,エスコンＦ,121,122,0.599317903558369,0.575,0.6,0.7,0.85,4.15,2.45,3.45,1.6,2.0,2.0,-0.025000000000000022,-0.15000000000000002,1.7000000000000002,1.85,0.0,home,5.0
20240906-Saitama_Seibu_Lions-Fukuoka_SoftBank_Hawks,2024-09-06 18:00:00,2024,Saitama Seibu Lions,Fukuoka SoftBank Hawks,1.0,0.0,Final,みずほPayPay,120,121,0.7006357913448307,0.5,0.45,0.7,-0.55,4.1,2.55,3.4,3.1,2.0,2.0,0.04999999999999999,1.25,1.5499999999999998,0.2999999999999998,0.0,away,1.0
20240906-Tohoku_Rakuten_Golden_Eagles-Chiba_Lotte_Marines,2024-09-06 18:00:00,2024,Tohoku Rakuten Golden Eagles,Chiba Lotte Marines,2.0,1.0,Final,ZOZOマリン,122,118,0.5189177430960233,0.35,0.525,-1.45,-0.1,2.0,3.55,3.45,3.65,1.0,1.0,-0.17500000000000004,-1.3499999999999999,-1.5499999999999998,-0.19999999999999973,0.0,away,3.0
20240907-Chunichi_Dragons-Hiroshima_Toyo_Carp,2024-09-07 14:00:00,2024,Chunichi Dragons,Hiroshima Toyo Carp,1.0,2.0,Final,マツダスタジアム,119,124,0.5905916196242138,0.45,0.425,-0.05,-0.35,3.25,3.5,3.3,3.85,1.0,1.0,0.025000000000000022,0.3,-0.25,-0.5500000000000003,0.0,home,3.0
20240907-Orix_Buffaloes-Hokkaido_Nippon-Ham_Fighters,2024-09-07 14:00:00,2024,Orix Buffaloes,Hokkaido Nippon-Ham Fighters,1.0,5.0,Final,エスコンＦ,122,123,0.6229915007004055,0.575,0.6,0.55,0.95,4.05,2.55,3.5,1.6,1.0,1.0,-0.025000000000000022,-0.3999999999999999,1.5,1.9,0.0,home,6.0
20240907-Saitama_Seibu_Lions-Fukuoka_SoftBank_Hawks,2024-09-07 14:00:00,2024,Saitama Seibu Lions,Fukuoka SoftBank Hawks,3.0,2.0,Final,みずほPayPay,121,122,0.6628663023776732,0.45,0.5,0.5,-0.3,3.85,2.55,3.35,2.85,1.0,1.0,-0.04999999999999999,0.8,1.3000000000000003,0.5,0.0,away,5.0
20240907-Yokohama_DeNA_BayStars-Yomiuri_Giants,2024-09-07 14:00:00,2024,Yokohama DeNA BayStars,Yomiuri Giants,2.0,3.0,Final,東京ドーム,122,119,0.4981995517635088,0.6,0.7,0.75,1.65,3.2,5.2,2.45,3.55,2.0,2.0,-0.09999999999999998,-0.8999999999999999,-2.0,-1.0999999999999996,0.0,home,5.0
20240907-Hanshin_Tigers-Tokyo_Yakult_Swallows,2024-09-07 18:00:00,2024,Hanshin Tigers,Tokyo Yakult Swallows,6.0,0.0,Final,神 宮,121,125,0.34724462093677083,0.4,0.525,-1.85,0.7,3.15,4.2,5.0,3.5,1.0,1.0,-0.125,-2.55,-1.0500000000000003,1.5,0.0,away,6.0
20240907-Tohoku_Rakuten_Golden_Eagles-Chiba_Lotte_Marines,2024-09-07 18:00:00,2024,Tohoku Rakuten Golden Eagles,Chiba Lotte Marines,4.0,1.0,Final,ZOZOマリン,123,119,0.4866689271468965,0.35,0.525,-1.3,-0.4,2.05,3.0,3.35,3.4,1.0,1.0,-0.17500000000000004,-0.9,-0.9500000000000002,-0.04999999999999982,0.0,away,5.0
20240908-Orix_Buffaloes-Hokkaido_Nippon-Ham_Fighters,2024-09-08 13:00:00,2024,Orix Buffaloes,Hokkaido Nippon-Ham Fighters,5.0,4.0,Final,エスコンＦ,123,124,0.6495026049058369,0.625,0.6,1.05,1.0,4.3,2.55,3.25,1.55,1.0,1.0,0.025000000000000022,0.050000000000000044,1.75,1.7,0.0,away,9.0
20240908-Saitama_Seibu_Lions-Fukuoka_SoftBank_Hawks,2024-09-08 13:00:00,2024,Saitama Seibu Lions,Fukuoka SoftBank Hawks,1.0,3.0,Final,みずほPayPay,122,123,0.6251000856332555,0.4,0.55,-0.05,0.0,3.25,2.65,3.3,2.65,1.0,1.0,-0.15000000000000002,-0.05,0.6000000000000001,0.6499999999999999,0.0,home,4.0
20240908-Chunichi_Dragons-Hiroshima_Toyo_Carp,2024-09-08 13:30:00,2024,Chunichi Dragons,Hiroshima Toyo Carp,4.0,3.0,Final,マツダスタジアム,120,125,0.6149630737102032,0.45,0.425,-0.35,-0.3,2.85,3.5,3.2,3.8,1.0,1.0,0.025000000000000022,-0.04999999999999999,-0.6499999999999999,-0.5999999999999996,0.0,away,7.0
20240908-Yokohama_DeNA_BayStars-Yomiuri_Giants,2024-09-08 14:00:00,2024,Yokohama DeNA BayStars,Yomiuri Giants,8.0,0.0,Final,東京ドーム,123,120,0.5293625526196939,0.6,0.65,0.7,1.5,3.25,5.1,2.55,3.6,1.0,1.0,-0.050000000000000044,-0.8,-1.8499999999999996,-1.0500000000000003,0.0,away,8.0
20240908-Hanshin_Tigers-Tokyo_Yakult_Swallows,2024-09-08 17:00:00,2024,Hanshin Tigers,Tokyo Yakult Swallows,3.0,5.0,Final,神 宮,122,126,0.3209285408273053,0.35,0.575,-2.2,1.05,2.9,4.5,5.1,3.45,1.0,1.0,-0.22499999999999998,-3.25,-1.6,1.6499999999999995,0.0,home,8.0
20240908-Tohoku_Rakuten_Golden_Eagles-Chiba_Lotte_Marines,2024-09-08 17:00:00,2024,Tohoku Rakuten Golden Eagles,Chiba Lotte Marines,5.0,9.0,Final,ZOZOマリン,124,120,0.45207485339774844,0.3,0.575,-1.75,-0.1,1.8,3.1,3.55,3.2,1.0,1.0,-0.27499999999999997,-1.65,-1.3,0.34999999999999964,0.0,home,14.0
20240910-Chiba_Lotte_Marines-Orix_Buffaloes,2024-09-10 18:00:00,2024,Chiba Lotte Marines,Orix Buffaloes,4.0,1.0,Final,京セラD大阪,125,125,0.5968128936329685,0.6,0.35,1.0,-1.4,2.65,2.2,1.65,3.6,2.0,2.0,0.25,2.4,0.44999999999999973,-1.9500000000000002,0.0,away,5.0
20240910-Fukuoka_SoftBank_Hawks-Tohoku_Rakuten_Golden_Eagles,2024-09-10 18:00:00,2024,Fukuoka SoftBank Hawks,Tohoku Rakuten Golden Eagles,4.0,1.0,Final,楽天モバイル,121,123,0.501157498243082,0.575,0.4,0.2,-0.2,3.15,3.1,2.95,3.3,2.0,2.0,0.17499999999999993,0.4,0.04999999999999982,-0.34999999999999964,0.0,away,5.0
20240910-Saitama_Seibu_Lions-Hokkaido_Nippon-Ham_Fighters,2024-09-10 18:00:00,2024,Saitama Seibu Lions,Hokkaido Nippon-Ham Fighters,0.0,1.0,Final,エスコンＦ,124,124,0.726569410760937,0.575,0.5,0.85,-0.25,4.3,2.5,3.45,2.75,2.0,2.0,0.07499999999999996,1.1,1.7999999999999998,0.7000000000000002,0.0,home,1.0
20240910-Tokyo_Yakult_Swallows-Chunichi_Dragons,2024-09-10 18:00:00,2024,Tokyo Yakult Swallows,Chunichi Dragons,1.0,3.0,Final,バンテリンドーム,126,123,0.5828324422941714,0.475,0.35,-0.2,-2.15,3.5,2.9,3.7,5.05,2.0,2.0,0.125,1.95,0.6000000000000001,-1.3499999999999996,0.0,home,4.0
20240910-Yokohama_DeNA_BayStars-Hanshin_Tigers,2024-09-10 18:00:00,2024,Yokohama DeNA BayStars,Hanshin Tigers,2.0,7.0,Final,甲子園,127,121,0.49365769079946825,0.525,0.65,0.8,1.75,4.25,5.25,3.45,3.5,2.0,2.0,-0.125,-0.95,-1.0,-0.04999999999999982,0.0,home,9.0
20240910-Yomiuri_Giants-Hiroshima_Toyo_Carp,2024-09-10 18:00:00,2024,Yomiuri Giants,Hiroshima Toyo Carp,6.0,1.0,Final,マツダスタジアム,121,124,0.47586577473505937,0.45,0.55,-0.1,0.2,3.0,3.1,3.1,2.9,2.0,2.0,-0.10000000000000003,-0.30000000000000004,-0.10000000000000009,0.20000000000000018,0.0,away,7.0
20240911-Chiba_Lotte_Marines-Orix_Buffaloes,2024-09-11 18:00:00,2024,Chiba Lotte Marines,Orix Buffaloes,12.0,3.0,Final,京セラD大阪,126,126,0.5552239302243461,0.55,0.4,0.65,-1.0,2.45,2.35,1.8,3.35,1.0,1.0,0.15000000000000002,1.65,0.10000000000000009,-1.55,0.0,away,15.0
20240911-Fukuoka_SoftBank_Hawks-Tohoku_Rakuten_Golden_Eagles,2024-09-11 18:00:00,2024,Fukuoka SoftBank Hawks,Tohoku Rakuten Golden Eagles,9.0,2.0,Final,楽天モバイル,122,124,0.46544000492698523,0.525,0.45,-0.1,0.1,3.05,3.25,3.15,3.15,1.0,1.0,0.07500000000000001,-0.2,-0.20000000000000018,0.0,0.0,away,11.0
20240911-Saitama_Seibu_Lions-Hokkaido_Nippon-Ham_Fighters,2024-09-11 18:00:00,2024,Saitama Seibu Lions,Hokkaido Nippon-Ham Fighters,2.0,3.0,Final,エスコンＦ,125,125,0.7398680225587327,0.575,0.5,0.65,0.05,4.05,2.4,3.4,2.35,1.0,1.0,0.07499999999999996,0.6,1.65,1.0499999999999998,0.0,home,5.0
20240911-Tokyo_Yakult_Swallows-Chunichi_Dragons,2024-09-11 18:00:00,2024,Tokyo Yakult Swallows,Chunichi Dragons,8.0,1.0,Final,バンテリンドーム,127,124,0.609649031960948,0.475,0.35,-0.15,-2.2,3.4,2.75,3.55,4.95,1.0,1.0,0.125,2.0500000000000003,0.6499999999999999,-1.4000000000000004,0.0,away,9.0
20240911-Yokohama_DeNA_BayStars-Hanshin_Tigers,2024-09-11 18:00:00,2024,Yokohama DeNA BayStars,Hanshin Tigers,4.0,3.0,Final,甲子園,128,122,0.5344092440401282,0.575,0.6,1.25,1.0,4.6,4.65,3.35,3.65,1.0,1.0,-0.025000000000000022,0.25,-0.05000000000000071,-0.2999999999999998,0.0,away,7.0
20240911-Yomiuri_Giants-Hiroshima_Toyo_Carp,2024-09-11 18:00:00,2024,Yomiuri Giants,Hiroshima Toyo Carp,9.0,2.0,Final,マツダスタジアム,122,125,0.43782030442599634,0.4,0.55,-0.4,0.4,2.85,3.35,3.25,2.95,1.0,1.0,-0.15000000000000002,-0.8,-0.5,0.2999999999999998,0.0,away,11.0
20240912-Tohoku_Rakuten_Golden_Eagles-Saitama_Seibu_Lions,2024-09-12 18:00:00,2024,Tohoku Rakuten Golden Eagles,Saitama Seibu Lions,7.0,3.0,Final,ベルーナドーム,126,123,0.45466623531589306,0.45,0.475,-0.35,-0.7,1.95,2.85,2.3,3.55,1.0,1.0,-0.024999999999999967,0.35,-0.9000000000000001,-1.25,0.0,away,10.0
20240912-Tokyo_Yakult_Swallows-Chunichi_Dragons,2024-09-12 18:00:00,2024,Tokyo Yakult Swallows,Chunichi Dragons,9.0,4.0,Final,バンテリンドーム,128,125,0.5564703542660984,0.475,0.35,-0.45,-1.9,3.15,2.8,3.6,4.7,1.0,1.0,0.125,1.45,0.3500000000000001,-1.1,0.0,away,13.0
20240912-Yokohama_DeNA_BayStars-Hanshin_Tigers,2024-09-12 18:00:00,2024,Yokohama DeNA BayStars,Hanshin Tigers,,,Postponed,甲子園,129,123,0.5012396024378871,0.575,0.65,1.25,1.1,4.7,4.65,3.45,3.55,1.0,1.0,-0.07500000000000007,0.1499999999999999,0.04999999999999982,-0.09999999999999964,0.0,,
20240912-Yomiuri_Giants-Hiroshima_Toyo_Carp,2024-09-12 18:00:00,2024,Yomiuri Giants,Hiroshima Toyo Carp,5.0,0.0,Final,マツダスタジアム,123,126,0.39956463310400786,0.4,0.6,-0.6,0.9,2.8,3.55,3.4,2.65,1.0,1.0,-0.19999999999999996,-1.5,-0.75,0.75,0.0,away,5.0
20240913-Chiba_Lotte_Marines-Saitama_Seibu_Lions,2024-09-13 18:00:00,2024,Chiba Lotte Marines,Saitama Seibu Lions,6.0,7.0,Final,ベルーナドーム,127,127,0.388727664509312,0.45,0.45,-0.3,-0.35,2.05,2.95,2.35,3.3,1.0,2.0,0.0,0.04999999999999999,-0.9000000000000004,-0.9499999999999997,-1.0,home,13.0
20240913-Chunichi_Dragons-Yokohama_DeNA_BayStars,2024-09-13 18:00:00,2024,Chunichi Dragons,Yokohama DeNA BayStars,2.0,5.0,Final,横 浜,123,129,0.7001291623983729,0.65,0.425,1.1,-0.75,4.65,3.25,3.55,4.0,2.0,1.0,0.22500000000000003,1.85,1.4000000000000004,-0.4500000000000002,1.0,home,7.0
20240913-Fukuoka_SoftBank_Hawks-Orix_Buffaloes,2024-09-13 18:00:00,2024,Fukuoka SoftBank Hawks,Orix Buffaloes,8.0,3.0,Final,京セラD大阪,127,125,0.4497215444452598,0.5,0.45,0.05,0.1,2.45,3.25,2.4,3.15,2.0,2.0,0.04999999999999999,-0.05,-0.7999999999999998,-0.75,0.0,away,11.0
20240913-Hiroshima_Toyo_Carp-Hanshin_Tigers,2024-09-13 18:00:00,2024,Hiroshima Toyo Carp,Hanshin Tigers,3.0,7.0,Final,甲子園,129,124,0.6488160816431099,0.575,0.35,1.25,-1.15,4.7,2.4,3.45,3.55,2.0,1.0,0.22499999999999998,2.4,2.3000000000000003,-0.09999999999999964,1.0,home,10.0
20240913-Yomiuri_Giants-Tokyo_Yakult_Swallows,2024-09-13 18:00:00,2024,Yomiuri Giants,Tokyo Yakult Swallows,2.0,7.0,Final,神 宮,126,127,0.3561022623237312,0.35,0.6,-1.8,0.95,2.95,3.6,4.75,2.65,1.0,1.0,-0.25,-2.75,-0.6499999999999999,2.1,0.0,home,9.0
20240914-Hokkaido_Nippon-Ham_Fighters-Tohoku_Rakuten_Golden_Eagles,2024-09-14 13:00:00,2024,Hokkaido Nippon-Ham Fighters,Tohoku Rakuten Golden Eagles,5.0,7.0,Final,楽天モバイル,124,126,0.37433732614053117,0.525,0.625,-0.45,0.9,3.1,4.15,3.55,3.25,2.0,3.0,-0.09999999999999998,-1.35,-1.0500000000000003,0.2999999999999998,-1.0,home,12.0
20240914-Chunichi_Dragons-Yokohama_DeNA_BayStars,2024-09-14 14:00:00,2024,Chunichi Dragons,Yokohama DeNA BayStars,4.0,2.0,Final,横 浜,124,130,0.7177913591345256,0.7,0.4,1.6,-0.9,4.75,3.1,3.15,4.0,1.0,1.0,0.29999999999999993,2.5,1.65,-0.8500000000000001,0.0,away,6.0
20240914-Hiroshima_Toyo_Carp-Hanshin_Tigers,2024-09-14 14:00:00,2024,Hiroshima Toyo Carp,Hanshin Tigers,3.0,4.0,Final,甲子園,130,125,0.6727343922251172,0.6,0.3,1.45,-1.6,4.8,2.15,3.35,3.75,1.0,1.0,0.3,3.05,2.65,-0.3999999999999999,0.0,home,7.0
20240914-Chiba_Lotte_Marines-Saitama_Seibu_Lions,2024-09-14 18:00:00,2024,Chiba Lotte Marines,Saitama Seibu Lions,1.0,0.0,Final,ベルーナドーム,128,128,0.4253978928429156,0.45,0.4,-0.3,-0.55,2.35,3.0,2.65,3.55,1.0,1.0,0.04999999999999999,0.25000000000000006,-0.6499999999999999,-0.8999999999999999,0.0,away,1.0
20240914-Fukuoka_SoftBank_Hawks-Orix_Buffaloes,2024-09-14 18:00:00,2024,Fukuoka SoftBank Hawks,Orix Buffaloes,10.0,1.0,Final,京セラD大阪,128,126,0.41416616599392125,0.45,0.45,-0.35,0.15,2.35,3.45,2.7,3.3,1.0,1.0,0.0,-0.5,-1.1,-0.5999999999999996,0.0,away,11.0
20240914-Tokyo_Yakult_Swallows-Yomiuri_Giants,2024-09-14 18:00:00,2024,Tokyo Yakult Swallows,Yomiuri Giants,4.0,1.0,Final,東京ドーム,128,127,0.6490833442167858,0.55,0.4,0.2,-1.25,3.15,3.2,2.95,4.45,1.0,1.0,0.15000000000000002,1.45,-0.050000000000000266,-1.5,0.0,away,5.0
20240915-Fukuoka_SoftBank_Hawks-Orix_Buffaloes,2024-09-15 13:00:00,2024,Fukuoka SoftBank Hawks,Orix Buffaloes,3.0,0.0,Final,京セラD大阪,129,127,0.37769263808313136,0.45,0.5,-0.75,0.75,2.4,3.85,3.15,3.1,1.0,1.0,-0.04999999999999999,-1.5,-1.4500000000000002,0.04999999999999982,0.0,away,3.0
20240915-Hokkaido_Nippon-Ham_Fighters-Tohoku_Rakuten_Golden_Eagles,2024-09-15 13:00:00,2024,Hokkaido Nippon-Ham Fighters,Tohoku Rakuten Golden Eagles,,,Postponed,楽天モバイル,125,127,0.4142218063261747,0.575,0.625,0.0,0.95,3.25,4.4,3.25,3.45,1.0,1.0,-0.050000000000000044,-0.95,-1.1500000000000004,-0.20000000000000018,0.0,,
20240915-Chiba_Lotte_Marines-Saitama_Seibu_Lions,2024-09-15 18:00:00,2024,Chiba Lotte Marines,Saitama Seibu Lions,1.0,7.0,Final,ベルーナドーム,129,129,0.3997659365341919,0.4,0.45,-0.4,-0.45,2.3,3.0,2.7,3.45,1.0,1.0,-0.04999999999999999,0.04999999999999999,-0.7000000000000002,-0.75,0.0,home,8.0
20240915-Chunichi_Dragons-Yomiuri_Giants,2024-09-15 18:00:00,2024,Chunichi Dragons,Yomiuri Giants,3.0,6.0,Final,東京ドーム,129,131,0.6549222155540549,0.55,0.4,0.1,-1.0,3.15,2.9,3.05,3.9,1.0,1.0,0.15000000000000002,1.1,0.25,-0.8500000000000001,0.0,home,9.0
20240915-Tokyo_Yakult_Swallows-Hanshin_Tigers,2024-09-15 18:00:00,2024,Tokyo Yakult Swallows,Hanshin Tigers,1.0,2.0,Final,甲子園,131,128,0.6382303649983473,0.65,0.45,1.7,-0.85,4.8,3.25,3.1,4.1,1.0,1.0,0.2,2.55,1.5499999999999998,-0.9999999999999996,0.0,home,3.0
20240915-Yokohama_DeNA_BayStars-Hiroshima_Toyo_Carp,2024-09-15 18:00:00,2024,Yokohama DeNA BayStars,Hiroshima Toyo Carp,2.0,10.0,Final,マツダスタジアム,126,125,0.3694069350857852,0.3,0.65,-1.5,1.2,2.25,4.55,3.75,3.35,1.0,1.0,-0.35000000000000003,-2.7,-2.3,0.3999999999999999,0.0,home,12.0
20240916-Chiba_Lotte_Marines-Saitama_Seibu_Lions,2024-09-16 13:00:00,2024,Chiba Lotte Marines,Saitama Seibu Lions,0.0,1.0,Final,ベルーナドーム,130,130,0.44969795677845514,0.4,0.45,-0.15,-0.65,2.55,2.9,2.7,3.55,1.0,1.0,-0.04999999999999999,0.5,-0.3500000000000001,-0.8499999999999996,0.0,home,1.0
20240916-Hokkaido_Nippon-Ham_Fighters-Tohoku_Rakuten_Golden_Eagles,2024-09-16 13:00:00,2024,Hokkaido Nippon-Ham Fighters,Tohoku Rakuten Golden Eagles,5.0,6.0,Final,楽天モバイル,125,127,0.4142218063261747,0.575,0.625,0.0,0.95,3.25,4.4,3.25,3.45,2.0,2.0,-0.050000000000000044,-0.95,-1.1500000000000004,-0.20000000000000018,0.0,home,11.0
20240916-Chunichi_Dragons-Yomiuri_Giants,2024-09-16 14:00:00,2024,Chunichi Dragons,Yomiuri Giants,1.0,7.0,Final,東京ドーム,130,132,0.6768369526073094,0.6,0.4,0.5,-1.05,3.3,2.95,2.8,4.0,1.0,1.0,0.19999999999999996,1.55,0.34999999999999964,-1.2000000000000002,0.0,home,8.0
20240916-Fukuoka_SoftBank_Hawks-Orix_Buffaloes,2024-09-16 14:00:00,2024,Fukuoka SoftBank Hawks,Orix Buffaloes,1.0,0.0,Final,京セラD大阪,130,128,0.3526999165290254,0.45,0.5,-0.85,0.85,2.4,3.9,3.25,3.05,1.0,1.0,-0.04999999999999999,-1.7,-1.5,0.20000000000000018,0.0,away,1.0
20240916-Tokyo_Yakult_Swallows-Hanshin_Tigers,2024-09-16 14:00:00,2024,Tokyo Yakult Swallows,Hanshin Tigers,0.0,3.0,Final,甲子園,132,129,0.6587336966287158,0.65,0.45,1.5,-0.6,4.5,3.1,3.0,3.7,1.0,1.0,0.2,2.1,1.4,-0.7000000000000002,0.0,home,3.0
20240916-Yokohama_DeNA_BayStars-Hiroshima_Toyo_Carp,2024-09-16 14:00:00,2024,Yokohama DeNA BayStars,Hiroshima Toyo Carp,11.0,2.0,Final,マツダスタジアム,127,126,0.4249604201598916,0.3,0.65,-1.15,0.85,2.65,4.5,3.8,3.65,1.0,1.0,-0.35000000000000003,-2.0,-1.85,0.1499999999999999,0.0,away,13.0
20240917-Chiba_Lotte_Marines-Tohoku_Rakuten_Golden_Eagles,2024-09-17 18:00:00,2024,Chiba Lotte Marines,Tohoku Rakuten Golden Eagles,4.0,5.0,Final,楽天モバイル,126,131,0.5824149901159981,0.575,0.45,-0.2,-0.4,3.25,2.85,3.45,3.25,1.0,1.0,0.12499999999999994,0.2,0.3999999999999999,0.20000000000000018,0.0,home,9.0
20240917-Hokkaido_Nippon-Ham_Fighters-Fukuoka_SoftBank_Hawks,2024-09-17 18:00:00,2024,Hokkaido Nippon-Ham Fighters,Fukuoka SoftBank Hawks,3.0,2.0,Final,みずほPayPay,129,128,0.5599534478500895,0.55,0.625,1.05,1.05,3.95,4.55,2.9,3.5,1.0,1.0,-0.07499999999999996,0.0,-0.5999999999999996,-0.6000000000000001,0.0,away,5.0
20240918-Chiba_Lotte_Marines-Tohoku_Rakuten_Golden_Eagles,2024-09-18 18:00:00,2024,Chiba Lotte Marines,Tohoku Rakuten Golden Eagles,1.0,8.0,Final,楽天モバイル,127,132,0.6074342255023621,0.575,0.45,-0.3,-0.4,3.35,2.9,3.65,3.3,1.0,1.0,0.12499999999999994,0.10000000000000003,0.4500000000000002,0.3500000000000001,0.0,home,9.0
20240918-Hanshin_Tigers-Chunichi_Dragons,2024-09-18 18:00:00,2024,Hanshin Tigers,Chunichi Dragons,8.0,3.0,Final,バンテリンドーム,133,133,0.32157936131009923,0.4,0.65,-1.05,1.35,2.95,4.15,4.0,2.8,2.0,2.0,-0.25,-2.4000000000000004,-1.2000000000000002,1.2000000000000002,0.0,away,11.0
20240918-Hiroshima_Toyo_Carp-Tokyo_Yakult_Swallows,2024-09-18 18:00:00,2024,Hiroshima Toyo Carp,Tokyo Yakult Swallows,4.0,5.0,Final,神 宮,130,128,0.5542406505293982,0.4,0.3,-0.9,-1.5,2.85,2.7,3.75,4.2,2.0,2.0,0.10000000000000003,0.6,0.1499999999999999,-0.4500000000000002,0.0,home,9.0
20240918-Hokkaido_Nippon-Ham_Fighters-Fukuoka_SoftBank_Hawks,2024-09-18 18:00:00,2024,Hokkaido Nippon-Ham Fighters,Fukuoka SoftBank Hawks,3.0,0.0,Final,みずほPayPay,130,129,0.5254091828960754,0.55,0.625,1.05,1.0,4.0,4.45,2.95,3.45,1.0,1.0,-0.07499999999999996,0.050000000000000044,-0.4500000000000002,-0.5,0.0,away,3.0
20240918-Orix_Buffaloes-Saitama_Seibu_Lions,2024-09-18 18:00:00,2024,Orix Buffaloes,Saitama Seibu Lions,1.0,3.0,Final,ベルーナドーム,131,131,0.5213820913286764,0.45,0.45,-0.05,-0.85,2.55,2.35,2.6,3.2,2.0,2.0,0.0,0.7999999999999999,0.19999999999999973,-0.6000000000000001,0.0,home,4.0
20240918-Yokohama_DeNA_BayStars-Yomiuri_Giants,2024-09-18 18:00:00,2024,Yokohama DeNA BayStars,Yomiuri Giants,2.0,2.0,Final,東京ドーム,131,127,0.5389887059373764,0.6,0.7,0.65,1.8,3.45,5.0,2.8,3.2,2.0,2.0,-0.09999999999999998,-1.15,-1.5499999999999998,-0.40000000000000036,0.0,draw,4.0
20240919-Hiroshima_Toyo_Carp-Tokyo_Yakult_Swallows,2024-09-19 18:00:00,2024,Hiroshima Toyo Carp,Tokyo Yakult Swallows,1.0,5.0,Final,神 宮,131,129,0.5814359323613688,0.45,0.25,-0.7,-1.6,3.0,2.8,3.7,4.4,1.0,1.0,0.2,0.9000000000000001,0.20000000000000018,-0.7000000000000002,0.0,home,6.0
20240919-Yokohama_DeNA_BayStars-Yomiuri_Giants,2024-09-19 18:00:00,2024,Yokohama DeNA BayStars,Yomiuri Giants,0.0,6.0,Final,東京ドーム,132,128,0.5367572163722646,0.625,0.675,0.7,1.75,3.5,5.0,2.8,3.25,1.0,1.0,-0.050000000000000044,-1.05,-1.5,-0.4500000000000002,0.0,home,6.0
20240920-Chunichi_Dragons-Tokyo_Yakult_Swallows,2024-09-20 18:00:00,2024,Chunichi Dragons,Tokyo Yakult Swallows,7.0,6.0,Final,神 宮,132,134,0.6242632953837538,0.45,0.35,-0.65,-1.35,3.1,2.65,3.75,4.0,1.0,2.0,0.10000000000000003,0.7000000000000001,0.4500000000000002,-0.25,-1.0,away,13.0
20240920-Hanshin_Tigers-Yokohama_DeNA_BayStars,2024-09-20 18:00:00,2024,Hanshin Tigers,Yokohama DeNA BayStars,6.0,9.0,Final,横 浜,129,134,0.4552030116548711,0.625,0.7,1.35,1.75,4.8,4.45,3.45,2.7,1.0,2.0,-0.07499999999999996,-0.3999999999999999,0.34999999999999964,0.75,-1.0,home,15.0
20240920-Orix_Buffaloes-Fukuoka_SoftBank_Hawks,2024-09-20 18:00:00,2024,Orix Buffaloes,Fukuoka SoftBank Hawks,0.0,4.0,Final,みずほPayPay,131,132,0.6994010788413412,0.5,0.4,0.85,-1.0,3.7,2.35,2.85,3.35,2.0,2.0,0.09999999999999998,1.85,1.35,-0.5,0.0,home,4.0
20240920-Tohoku_Rakuten_Golden_Eagles-Hokkaido_Nippon-Ham_Fighters,2024-09-20 18:00:00,2024,Tohoku Rakuten Golden Eagles,Hokkaido Nippon-Ham Fighters,3.0,7.0,Final,エスコンＦ,130,128,0.6114310151174313,0.625,0.575,0.85,0.0,4.25,3.65,3.4,3.65,2.0,2.0,0.050000000000000044,0.85,0.6000000000000001,-0.25,0.0,home,10.0
20240920-Yomiuri_Giants-Hiroshima_Toyo_Carp,2024-09-20 18:00:00,2024,Yomiuri Giants,Hiroshima Toyo Carp,8.0,2.0,Final,マツダスタジアム,130,133,0.33322701821057327,0.25,0.675,-1.7,1.3,2.6,3.7,4.3,2.4,1.0,1.0,-0.42500000000000004,-3.0,-1.1,1.9,0.0,away,10.0
20240921-Hanshin_Tigers-Yokohama_DeNA_BayStars,2024-09-21 14:00:00,2024,Hanshin Tigers,Yokohama DeNA BayStars,6.0,5.0,Final,横 浜,130,135,0.49397054445532335,0.625,0.65,1.2,1.5,4.9,4.6,3.7,3.1,1.0,1.0,-0.025000000000000022,-0.30000000000000004,0.3000000000000007,0.6000000000000001,0.0,away,11.0
20240921-Yomiuri_Giants-Hiroshima_Toyo_Carp,2024-09-21 14:00:00,2024,Yomiuri Giants,Hiroshima Toyo Carp,4.0,5.0,Final,マツダスタジアム,131,134,0.3084909770366616,0.25,0.675,-1.95,1.4,2.65,3.8,4.6,2.4,1.0,1.0,-0.42500000000000004,-3.3499999999999996,-1.15,2.1999999999999997,0.0,home,9.0
20240921-Chunichi_Dragons-Tokyo_Yakult_Swallows,2024-09-21 18:00:00,2024,Chunichi Dragons,Tokyo Yakult Swallows,7.0,6.0,Final,神 宮,133,135,0.5872097028140317,0.45,0.35,-0.4,-1.6,3.2,2.6,3.6,4.2,1.0,1.0,0.10000000000000003,1.2000000000000002,0.6000000000000001,-0.6000000000000001,0.0,away,13.0
20240921-Hokkaido_Nippon-Ham_Fighters-Orix_Buffaloes,2024-09-21 18:00:00,2024,Hokkaido Nippon-Ham Fighters,Orix Buffaloes,1.0,2.0,Final,京セラD大阪,133,131,0.2926926413137361,0.4,0.625,-1.15,1.0,2.35,4.4,3.5,3.4,1.0,1.0,-0.22499999999999998,-2.15,-2.0500000000000003,0.10000000000000009,0.0,home,3.0
20240921-Saitama_Seibu_Lions-Chiba_Lotte_Marines,2024-09-21 18:00:00,2024,Saitama Seibu Lions,Chiba Lotte Marines,1.0,7.0,Final,ZOZOマリン,133,132,0.5272115344807955,0.45,0.45,-0.7,0.0,2.95,2.55,3.65,2.55,3.0,3.0,0.0,-0.7,0.40000000000000036,1.1,0.0,home,8.0
20240921-Tohoku_Rakuten_Golden_Eagles-Fukuoka_SoftBank_Hawks,2024-09-21 18:00:00,2024,Tohoku Rakuten Golden Eagles,Fukuoka SoftBank Hawks,2.0,3.0,Final,みずほPayPay,132,129,0.5974003076626128,0.55,0.525,1.3,-0.25,3.85,3.7,2.55,3.95,1.0,1.0,0.025000000000000022,1.55,0.1499999999999999,-1.4000000000000004,0.0,home,5.0
20240922-Tohoku_Rakuten_Golden_Eagles-Fukuoka_SoftBank_Hawks,2024-09-22 13:00:00,2024,Tohoku Rakuten Golden Eagles,Fukuoka SoftBank Hawks,5.0,11.0,Final,みずほPayPay,133,130,0.6212277914754069,0.6,0.525,1.45,-0.25,3.85,3.7,2.4,3.95,1.0,1.0,0.07499999999999996,1.7,0.1499999999999999,-1.5500000000000003,0.0,home,16.0
20240922-Tokyo_Yakult_Swallows-Yokohama_DeNA_BayStars,2024-09-22 14:00:00,2024,Tokyo Yakult Swallows,Yokohama DeNA BayStars,3.0,6.0,Final,横 浜,131,134,0.6364716558169332,0.625,0.45,1.2,-0.3,4.75,3.4,3.55,3.7,1.0,1.0,0.175,1.5,1.35,-0.15000000000000036,0.0,home,9.0
20240922-Hiroshima_Toyo_Carp-Chunichi_Dragons,2024-09-22 18:00:00,2024,Hiroshima Toyo Carp,Chunichi Dragons,1.0,2.0,Final,バンテリンドーム,136,132,0.5460606538263161,0.4,0.25,-1.35,-1.95,2.85,2.8,4.2,4.75,1.0,1.0,0.15000000000000002,0.5999999999999999,0.050000000000000266,-0.5499999999999998,0.0,home,3.0
20240922-Hokkaido_Nippon-Ham_Fighters-Orix_Buffaloes,2024-09-22 18:00:00,2024,Hokkaido Nippon-Ham Fighters,Orix Buffaloes,3.0,2.0,Final,京セラD大阪,134,132,0.33038381533225697,0.4,0.625,-1.2,1.0,2.35,4.2,3.55,3.2,1.0,1.0,-0.22499999999999998,-2.2,-1.85,0.34999999999999964,0.0,away,5.0
20240922-Saitama_Seibu_Lions-Chiba_Lotte_Marines,2024-09-22 18:00:00,2024,Saitama Seibu Lions,Chiba Lotte Marines,2.0,7.0,Final,ZOZOマリン,134,133,0.5671105492540597,0.45,0.45,-0.45,-0.2,3.25,2.6,3.7,2.8,1.0,1.0,0.0,-0.25,0.6499999999999999,0.9000000000000004,0.0,home,9.0
20240922-Yomiuri_Giants-Hanshin_Tigers,2024-09-22 18:00:00,2024,Yomiuri Giants,Hanshin Tigers,0.0,1.0,Final,甲子園,136,135,0.5579251292547198,0.7,0.625,1.6,1.25,4.85,3.9,3.25,2.65,1.0,1.0,0.07499999999999996,0.3500000000000001,0.9499999999999997,0.6000000000000001,0.0,home,1.0
20240923-Hiroshima_Toyo_Carp-Chunichi_Dragons,2024-09-23 14:00:00,2024,Hiroshima Toyo Carp,Chunichi Dragons,0.0,1.0,Final,バンテリンドーム,137,133,0.5738683639872573,0.45,0.25,-1.2,-1.8,2.95,2.8,4.15,4.6,1.0,1.0,0.2,0.6000000000000001,0.15000000000000036,-0.4499999999999993,0.0,home,1.0
20240923-Tokyo_Yakult_Swallows-Yokohama_DeNA_BayStars,2024-09-23 14:00:00,2024,Tokyo Yakult Swallows,Yokohama DeNA BayStars,4.0,3.0,Final,横 浜,132,135,0.6601308605421399,0.625,0.45,1.2,-0.4,4.8,3.45,3.6,3.85,1.0,1.0,0.175,1.6,1.3499999999999996,-0.25,0.0,away,7.0
20240923-Yomiuri_Giants-Hanshin_Tigers,2024-09-23 14:00:00,2024,Yomiuri Giants,Hanshin Tigers,1.0,0.0,Final,甲子園,137,136,0.5848414619597297,0.7,0.575,1.55,1.05,4.55,3.65,3.0,2.6,1.0,1.0,0.125,0.5,0.8999999999999999,0.3999999999999999,0.0,away,1.0
20240923-Tohoku_Rakuten_Golden_Eagles-Chiba_Lotte_Marines,2024-09-23 17:00:00,2024,Tohoku Rakuten Golden Eagles,Chiba Lotte Marines,6.0,0.0,Final,ZOZOマリン,135,131,0.494172767524874,0.5,0.475,-0.1,-0.65,3.6,3.85,3.7,4.5,1.0,1.0,0.025000000000000022,0.55,-0.25,-0.7999999999999998,0.0,away,6.0
20240923-Fukuoka_SoftBank_Hawks-Orix_Buffaloes,2024-09-23 18:00:00,2024,Fukuoka SoftBank Hawks,Orix Buffaloes,9.0,4.0,Final,京セラD大阪,135,134,0.31576883157787744,0.4,0.6,-1.15,1.65,2.4,4.25,3.55,2.6,1.0,1.0,-0.19999999999999996,-2.8,-1.85,0.9499999999999997,0.0,away,13.0
20240923-Hokkaido_Nippon-Ham_Fighters-Saitama_Seibu_Lions,2024-09-23 18:00:00,2024,Hokkaido Nippon-Ham Fighters,Saitama Seibu Lions,4.0,6.0,Final,ベルーナドーム,134,133,0.3011482379545764,0.45,0.625,-0.35,0.8,2.7,4.05,3.05,3.25,1.0,1.0,-0.175,-1.15,-1.3499999999999996,-0.20000000000000018,0.0,home,10.0
20240924-Saitama_Seibu_Lions-Orix_Buffaloes,2024-09-24 18:00:00,2024,Saitama Seibu Lions,Orix Buffaloes,9.0,2.0,Final,京セラD大阪,136,135,0.506031840057837,0.35,0.5,-1.55,-0.2,2.4,2.85,3.95,3.05,1.0,1.0,-0.15000000000000002,-1.35,-0.4500000000000002,0.9000000000000004,0.0,away,11.0
20240925-Saitama_Seibu_Lions-Fukuoka_SoftBank_Hawks,2024-09-25 18:00:00,2024,Saitama Seibu Lions,Fukuoka SoftBank Hawks,0.0,2.0,Final,みずほPayPay,135,136,0.7157447300634113,0.65,0.5,2.05,-0.25,4.65,2.9,2.6,3.15,2.0,1.0,0.15000000000000002,2.3,1.7500000000000004,-0.5499999999999998,1.0,home,2.0
20240925-Tohoku_Rakuten_Golden_Eagles-Hokkaido_Nippon-Ham_Fighters,2024-09-25 18:00:00,2024,Tohoku Rakuten Golden Eagles,Hokkaido Nippon-Ham Fighters,3.0,1.0,Final,エスコンＦ,134,132,0.6134010836031542,0.575,0.5,0.6,-0.35,4.0,4.0,3.4,4.35,2.0,2.0,0.07499999999999996,0.95,0.0,-0.9499999999999997,0.0,away,4.0
20240925-Tokyo_Yakult_Swallows-Hiroshima_Toyo_Carp,2024-09-25 18:00:00,2024,Tokyo Yakult Swallows,Hiroshima Toyo Carp,3.0,1.0,Final,マツダスタジアム,134,136,0.4537811147941987,0.2,0.5,-2.2,0.0,2.45,3.65,4.65,3.65,2.0,2.0,-0.3,-2.2,-1.1999999999999997,1.0000000000000004,0.0,away,4.0
20240925-Yomiuri_Giants-Yokohama_DeNA_BayStars,2024-09-25 18:00:00,2024,Yomiuri Giants,Yokohama DeNA BayStars,0.0,1.0,Final,横 浜,133,137,0.4806902434647424,0.625,0.575,1.3,1.05,4.95,3.55,3.65,2.5,2.0,2.0,0.050000000000000044,0.25,1.4000000000000004,1.15,0.0,home,1.0
20240926-Orix_Buffaloes-Chiba_Lotte_Marines,2024-09-26 18:00:00,2024,Orix Buffaloes,Chiba Lotte Marines,4.0,2.0,Final,ZOZOマリン,136,137,0.602039299672701,0.45,0.3,-0.5,-2.0,3.5,2.4,4.0,4.4,3.0,2.0,0.15000000000000002,1.5,1.1,-0.40000000000000036,1.0,away,6.0
20240926-Saitama_Seibu_Lions-Fukuoka_SoftBank_Hawks,2024-09-26 18:00:00,2024,Saitama Seibu Lions,Fukuoka SoftBank Hawks,4.0,2.0,Final,みずほPayPay,136,137,0.7309357678628077,0.7,0.5,2.35,-0.2,4.65,2.8,2.3,3.0,1.0,1.0,0.19999999999999996,2.5500000000000003,1.8500000000000005,-0.7000000000000002,0.0,away,6.0
20240926-Tohoku_Rakuten_Golden_Eagles-Hokkaido_Nippon-Ham_Fighters,2024-09-26 18:00:00,2024,Tohoku Rakuten Golden Eagles,Hokkaido Nippon-Ham Fighters,1.0,2.0,Final,エスコンＦ,135,133,0.573902640915611,0.55,0.5,0.5,-0.45,3.9,3.7,3.4,4.15,1.0,1.0,0.050000000000000044,0.95,0.19999999999999973,-0.7500000000000004,0.0,home,3.0
20240926-Tokyo_Yakult_Swallows-Hiroshima_Toyo_Carp,2024-09-26 18:00:00,2024,Tokyo Yakult Swallows,Hiroshima Toyo Carp,6.0,4.0,Final,マツダスタジアム,135,137,0.42394248628939785,0.15,0.55,-2.5,0.3,2.25,3.75,4.75,3.45,1.0,1.0,-0.4,-2.8,-1.5,1.2999999999999998,0.0,away,10.0
20240926-Yomiuri_Giants-Yokohama_DeNA_BayStars,2024-09-26 18:00:00,2024,Yomiuri Giants,Yokohama DeNA BayStars,12.0,4.0,Final,横 浜,134,138,0.5129631116809822,0.625,0.575,1.05,1.1,4.5,3.45,3.45,2.35,1.0,1.0,0.050000000000000044,-0.050000000000000044,1.0499999999999998,1.1,0.0,away,16.0
20240927-Chunichi_Dragons-Yomiuri_Giants,2024-09-27 18:00:00,2024,Chunichi Dragons,Yomiuri Giants,1.0,3.0,Final,東京ドーム,139,138,0.6757011446140174,0.575,0.45,1.4,-1.2,3.9,2.9,2.5,4.1,1.0,4.0,0.12499999999999994,2.5999999999999996,1.0,-1.5999999999999996,-3.0,home,4.0
20240927-Hanshin_Tigers-Hiroshima_Toyo_Carp,2024-09-27 18:00:00,2024,Hanshin Tigers,Hiroshima Toyo Carp,2.0,3.0,Final,マツダスタジアム,136,138,0.2765315489804374,0.15,0.7,-2.4,1.8,2.4,4.35,4.8,2.55,1.0,4.0,-0.5499999999999999,-4.2,-1.9499999999999997,2.25,-3.0,home,5.0
20240928-Chiba_Lotte_Marines-Saitama_Seibu_Lions,2024-09-28 13:00:00,2024,Chiba Lotte Marines,Saitama Seibu Lions,5.0,1.0,Final,ベルーナドーム,138,137,0.5570293757419414,0.5,0.4,-0.15,-0.65,2.9,3.4,3.05,4.05,2.0,2.0,0.09999999999999998,0.5,-0.5,-1.0,0.0,away,6.0
20240928-Orix_Buffaloes-Tohoku_Rakuten_Golden_Eagles,2024-09-28 13:00:00,2024,Orix Buffaloes,Tohoku Rakuten Golden Eagles,5.0,2.0,Final,楽天モバイル,134,138,0.6613577721625251,0.5,0.3,-0.4,-2.2,3.75,2.3,4.15,4.5,2.0,2.0,0.2,1.8000000000000003,1.4500000000000002,-0.34999999999999964,0.0,away,7.0
20240928-Fukuoka_SoftBank_Hawks-Hokkaido_Nippon-Ham_Fighters,2024-09-28 14:00:00,2024,Fukuoka SoftBank Hawks,Hokkaido Nippon-Ham Fighters,6.0,7.0,Final,エスコンＦ,136,137,0.5042350892733248,0.6,0.65,0.75,2.1,3.75,4.55,3.0,2.45,2.0,2.0,-0.050000000000000044,-1.35,-0.7999999999999998,0.5499999999999998,0.0,home,13.0
20240928-Hanshin_Tigers-Tokyo_Yakult_Swallows,2024-09-28 18:00:00,2024,Hanshin Tigers,Tokyo Yakult Swallows,2.0,7.0,Final,神 宮,138,139,0.4165864437184813,0.55,0.7,0.35,1.8,3.85,4.35,3.5,2.55,2.0,1.0,-0.1499999999999999,-1.4500000000000002,-0.49999999999999956,0.9500000000000002,1.0,home,9.0
20240928-Yomiuri_Giants-Hiroshima_Toyo_Carp,2024-09-28 18:00:00,2024,Yomiuri Giants,Hiroshima Toyo Carp,8.0,1.0,Final,マツダスタジアム,137,140,0.29673512568969485,0.2,0.625,-2.1,1.55,2.5,3.9,4.6,2.35,1.0,1.0,-0.425,-3.6500000000000004,-1.4,2.2499999999999996,0.0,away,9.0
20240929-Fukuoka_SoftBank_Hawks-Hokkaido_Nippon-Ham_Fighters,2024-09-29 13:00:00,2024,Fukuoka SoftBank Hawks,Hokkaido Nippon-Ham Fighters,6.0,2.0,Final,エスコンＦ,137,138,0.5349994619931947,0.6,0.6,0.65,1.65,3.85,4.35,3.2,2.7,1.0,1.0,0.0,-0.9999999999999999,-0.49999999999999956,0.5,0.0,away,8.0
20240929-Orix_Buffaloes-Tohoku_Rakuten_Golden_Eagles,2024-09-29 13:00:00,2024,Orix Buffaloes,Tohoku Rakuten Golden Eagles,8.0,1.0,Final,楽天モバイル,135,139,0.6178705494291089,0.5,0.3,-0.25,-2.25,3.85,2.25,4.1,4.5,1.0,1.0,0.2,2.0,1.6,-0.40000000000000036,0.0,away,9.0
20240929-Chiba_Lotte_Marines-Saitama_Seibu_Lions,2024-09-29 14:00:00,2024,Chiba Lotte Marines,Saitama Seibu Lions,2.0,0.0,Final,ベルーナドーム,139,138,0.5149481256251401,0.45,0.45,-0.4,-0.05,2.65,3.65,3.05,3.7,1.0,1.0,0.0,-0.35000000000000003,-1.0,-0.6500000000000004,0.0,away,2.0
20240929-Chunichi_Dragons-Hiroshima_Toyo_Carp,2024-09-29 14:00:00,2024,Chunichi Dragons,Hiroshima Toyo Carp,4.0,3.0,Final,マツダスタジアム,138,139,0.4475408993987758,0.2,0.45,-2.4,-1.25,2.4,2.9,4.8,4.15,1.0,2.0,-0.25,-1.15,-0.5,0.6499999999999995,-1.0,away,7.0
20240929-Yokohama_DeNA_BayStars-Hanshin_Tigers,2024-09-29 18:00:00,2024,Yokohama DeNA BayStars,Hanshin Tigers,6.0,7.0,Final,甲子園,140,135,0.5586238171510586,0.65,0.575,1.45,0.35,4.25,4.2,2.8,3.85,1.0,3.0,0.07500000000000007,1.1,0.04999999999999982,-1.0500000000000003,-2.0,home,13.0
20240929-Yomiuri_Giants-Tokyo_Yakult_Swallows,2024-09-29 18:00:00,2024,Yomiuri Giants,Tokyo Yakult Swallows,4.0,5.0,Final,神 宮,139,141,0.4068182111409587,0.55,0.675,0.45,2.05,4.05,4.3,3.6,2.25,1.0,1.0,-0.125,-1.5999999999999999,-0.25,1.35,0.0,home,9.0
20240930-Chiba_Lotte_Marines-Tohoku_Rakuten_Golden_Eagles,2024-09-30 18:00:00,2024,Chiba Lotte Marines,Tohoku Rakuten Golden Eagles,2.0,1.0,Final,楽天モバイル,136,139,0.5430197746086748,0.5,0.45,-0.4,-0.15,3.8,3.45,4.2,3.6,1.0,1.0,0.04999999999999999,-0.25,0.34999999999999964,0.6000000000000001,0.0,away,3.0
20240930-Hokkaido_Nippon-Ham_Fighters-Saitama_Seibu_Lions,2024-09-30 18:00:00,2024,Hokkaido Nippon-Ham Fighters,Saitama Seibu Lions,0.0,8.0,Final,ベルーナドーム,140,138,0.3521828452246948,0.45,0.6,-0.45,0.5,2.55,3.9,3.0,3.4,1.0,1.0,-0.14999999999999997,-0.95,-1.35,-0.3999999999999999,0.0,home,8.0
20240930-Orix_Buffaloes-Fukuoka_SoftBank_Hawks,2024-09-30 18:00:00,2024,Orix Buffaloes,Fukuoka SoftBank Hawks,0.0,1.0,Final,みずほPayPay,139,140,0.7048368857087276,0.65,0.35,2.0,-1.75,4.5,2.55,2.5,4.3,1.0,1.0,0.30000000000000004,3.75,1.9500000000000002,-1.7999999999999998,0.0,home,1.0
20240930-Yokohama_DeNA_BayStars-Hanshin_Tigers,2024-09-30 18:00:00,2024,Yokohama DeNA BayStars,Hanshin Tigers,2.0,0.0,Final,甲子園,141,136,0.5854870448833377,0.7,0.525,1.6,0.25,4.55,4.35,2.95,4.1,1.0,1.0,0.17499999999999993,1.35,0.20000000000000018,-1.1499999999999995,0.0,away,2.0
20241001-Chiba_Lotte_Marines-Tohoku_Rakuten_Golden_Eagles,2024-10-01 18:00:00,2024,Chiba Lotte Marines,Tohoku Rakuten Golden Eagles,5.0,1.0,Final,楽天モバイル,137,140,0.5093658791877613,0.45,0.5,-0.6,0.05,3.6,3.5,4.2,3.45,1.0,1.0,-0.04999999999999999,-0.65,0.10000000000000009,0.75,0.0,away,6.0
20241001-Hiroshima_Toyo_Carp-Yokohama_DeNA_BayStars,2024-10-01 18:00:00,2024,Hiroshima Toyo Carp,Yokohama DeNA BayStars,1.0,3.0,Final,横 浜,137,139,0.7170441868688859,0.525,0.2,0.15,-2.3,4.2,2.55,4.05,4.85,1.0,2.0,0.325,2.4499999999999997,1.6500000000000004,-0.7999999999999998,-1.0,home,4.0
20241001-Hokkaido_Nippon-Ham_Fighters-Saitama_Seibu_Lions,2024-10-01 18:00:00,2024,Hokkaido Nippon-Ham Fighters,Saitama Seibu Lions,0.0,4.0,Final,ベルーナドーム,141,139,0.40834933637555665,0.5,0.6,0.15,0.15,2.95,3.65,2.8,3.5,1.0,1.0,-0.09999999999999998,0.0,-0.6999999999999997,-0.7000000000000002,0.0,home,4.0
20241001-Orix_Buffaloes-Fukuoka_SoftBank_Hawks,2024-10-01 18:00:00,2024,Orix Buffaloes,Fukuoka SoftBank Hawks,6.0,8.0,Final,みずほPayPay,140,141,0.7198745050192372,0.7,0.3,2.2,-1.85,4.3,2.4,2.1,4.25,1.0,1.0,0.39999999999999997,4.050000000000001,1.9,-2.15,0.0,home,14.0
20241002-Hiroshima_Toyo_Carp-Tokyo_Yakult_Swallows,2024-10-02 18:00:00,2024,Hiroshima Toyo Carp,Tokyo Yakult Swallows,3.0,5.0,Final,神 宮,140,140,0.7057161783160887,0.6,0.15,0.65,-2.45,4.3,2.5,3.65,4.95,3.0,1.0,0.44999999999999996,3.1,1.7999999999999998,-1.3000000000000003,2.0,home,8.0
20241002-Yokohama_DeNA_BayStars-Yomiuri_Giants,2024-10-02 18:00:00,2024,Yokohama DeNA BayStars,Yomiuri Giants,2.0,4.0,Final,東京ドーム,142,138,0.5815465348001032,0.625,0.525,1.85,0.0,4.35,4.05,2.5,4.05,3.0,1.0,0.09999999999999998,1.85,0.2999999999999998,-1.5499999999999998,2.0,home,6.0
20241003-Hanshin_Tigers-Yokohama_DeNA_BayStars,2024-10-03 18:00:00,2024,Hanshin Tigers,Yokohama DeNA BayStars,3.0,1.0,Final,横 浜,139,142,0.5058013629815642,0.475,0.65,-0.15,1.35,3.95,4.35,4.1,3.0,1.0,3.0,-0.17500000000000004,-1.5,-0.39999999999999947,1.0999999999999996,-2.0,away,4.0
20241003-Hiroshima_Toyo_Carp-Tokyo_Yakult_Swallows,2024-10-03 18:00:00,2024,Hiroshima Toyo Carp,Tokyo Yakult Swallows,5.0,2.0,Final,神 宮,141,141,0.7217726534690239,0.65,0.15,1.15,-2.5,4.5,2.5,3.35,5.0,1.0,1.0,0.5,3.65,2.0,-1.65,0.0,away,7.0
20241003-Hokkaido_Nippon-Ham_Fighters-Chiba_Lotte_Marines,2024-10-03 18:00:00,2024,Hokkaido Nippon-Ham Fighters,Chiba Lotte Marines,3.0,0.0,Final,ZOZOマリン,141,140,0.4843992798138685,0.55,0.55,0.65,-0.2,3.65,3.35,3.0,3.55,2.0,2.0,0.0,0.8500000000000001,0.2999999999999998,-0.5499999999999998,0.0,away,3.0
20241003-Tohoku_Rakuten_Golden_Eagles-Fukuoka_SoftBank_Hawks,2024-10-03 18:00:00,2024,Tohoku Rakuten Golden Eagles,Fukuoka SoftBank Hawks,2.0,4.0,Final,みずほPayPay,141,138,0.7203156397156248,0.75,0.45,2.35,-0.7,4.7,3.6,2.35,4.3,2.0,2.0,0.3,3.05,1.1,-1.9499999999999997,0.0,home,6.0
20241004-Chiba_Lotte_Marines-Fukuoka_SoftBank_Hawks,2024-10-04 18:00:00,2024,Chiba Lotte Marines,Fukuoka SoftBank Hawks,0.0,1.0,Final,みずほPayPay,142,142,0.6942477977194624,0.8,0.5,2.5,0.4,4.8,3.5,2.3,3.1,1.0,1.0,0.30000000000000004,2.1,1.2999999999999998,-0.8000000000000003,0.0,home,1.0
20241004-Saitama_Seibu_Lions-Tohoku_Rakuten_Golden_Eagles,2024-10-04 18:00:00,2024,Saitama Seibu Lions,Tohoku Rakuten Golden Eagles,,,Postponed,楽天モバイル,139,142,0.4934608589204416,0.4,0.5,-0.85,0.3,3.6,3.1,4.45,2.8,1.0,3.0,-0.09999999999999998,-1.15,0.5,1.6500000000000004,-2.0,,
20241004-Yokohama_DeNA_BayStars-Chunichi_Dragons,2024-10-04 18:00:00,2024,Yokohama DeNA BayStars,Chunichi Dragons,3.0,1.0,Final,バンテリンドーム,140,140,0.4558880036659766,0.45,0.475,-1.4,-0.2,2.85,3.9,4.25,4.1,5.0,1.0,-0.024999999999999967,-1.2,-1.0499999999999998,0.15000000000000036,4.0,away,4.0
20241005-Yokohama_DeNA_BayStars-Chunichi_Dragons,2024-10-05 14:00:00,2024,Yokohama DeNA BayStars,Chunichi Dragons,3.0,4.0,Final,バンテリンドーム,141,141,0.4258812867038183,0.45,0.475,-1.35,-0.5,2.85,3.65,4.2,4.15,1.0,1.0,-0.024999999999999967,-0.8500000000000001,-0.7999999999999998,0.04999999999999982,0.0,home,7.0
20241005-Hokkaido_Nippon-Ham_Fighters-Tohoku_Rakuten_Golden_Eagles,2024-10-05 18:00:00,2024,Hokkaido Nippon-Ham Fighters,Tohoku Rakuten Golden Eagles,3.0,2.0,Final,楽天モバイル,139,141,0.40097443747509715,0.4,0.55,-0.85,-0.2,3.6,3.1,4.45,3.3,2.0,2.0,-0.15000000000000002,-0.6499999999999999,0.5,1.1500000000000004,0.0,away,5.0
20241005-Tokyo_Yakult_Swallows-Hiroshima_Toyo_Carp,2024-10-05 18:00:00,2024,Tokyo Yakult Swallows,Hiroshima Toyo Carp,1.0,3.0,Final,マツダスタジアム,142,142,0.37356986804944387,0.2,0.65,-2.1,1.3,2.7,4.6,4.8,3.3,2.0,2.0,-0.45,-3.4000000000000004,-1.8999999999999995,1.5,0.0,home,4.0
20241006-Yokohama_DeNA_BayStars-Chunichi_Dragons,2024-10-06 13:30:00,2024,Yokohama DeNA BayStars,Chunichi Dragons,2.0,0.0,Final,バンテリンドーム,142,142,0.4611027103801307,0.5,0.475,-1.05,-0.3,2.85,3.7,3.9,4.0,1.0,1.0,0.025000000000000022,-0.75,-0.8500000000000001,-0.10000000000000009,0.0,away,2.0
20241006-Orix_Buffaloes-Tohoku_Rakuten_Golden_Eagles,2024-10-06 18:00:00,2024,Orix Buffaloes,Tohoku Rakuten Golden Eagles,8.0,1.0,Final,楽天モバイル,140,142,0.5251171623463299,0.35,0.25,-1.05,-2.15,3.5,2.5,4.55,4.65,1.0,5.0,0.09999999999999998,1.0999999999999999,1.0,-0.10000000000000053,-4.0,away,9.0
20241007-Hokkaido_Nippon-Ham_Fighters-Tohoku_Rakuten_Golden_Eagles,2024-10-07 18:00:00,2024,Hokkaido Nippon-Ham Fighters,Tohoku Rakuten Golden Eagles,,,Postponed,楽天モバイル,141,142,0.35538936086493766,0.35,0.55,-1.2,-0.2,3.3,3.1,4.5,3.3,1.0,2.0,-0.20000000000000007,-1.0,0.19999999999999973,1.2000000000000002,-1.0,,
20241008-Hokkaido_Nippon-Ham_Fighters-Tohoku_Rakuten_Golden_Eagles,2024-10-08 18:00:00,2024,Hokkaido Nippon-Ham Fighters,Tohoku Rakuten Golden Eagles,0.0,2.0,Final,楽天モバイル,141,142,0.35538936086493766,0.35,0.55,-1.2,-0.2,3.3,3.1,4.5,3.3,2.0,3.0,-0.20000000000000007,-1.0,0.19999999999999973,1.2000000000000002,-1.0,home,2.0
20241009-Saitama_Seibu_Lions-Tohoku_Rakuten_Golden_Eagles,2024-10-09 18:00:00,2024,Saitama Seibu Lions,Tohoku Rakuten Golden Eagles,2.0,2.0,Final,楽天モバイル,142,142,0.47895263302202346,0.4,0.5,-0.95,0.3,3.35,3.1,4.3,2.8,1.0,8.0,-0.09999999999999998,-1.25,0.25,1.5,-7.0,draw,4.0
20241012-Chiba_Lotte_Marines-Hokkaido_Nippon-Ham_Fighters,2024-10-12 14:00:00,2024,Chiba Lotte Marines,Hokkaido Nippon-Ham Fighters,2.0,0.0,Final,エスコンＦ,143,143,0.6065358783275844,0.5,0.5,-0.5,0.4,2.85,3.45,3.35,3.05,4.0,8.0,0.0,-0.9,-0.6000000000000001,0.30000000000000027,-4.0,away,2.0
20241012-Yokohama_DeNA_BayStars-Hanshin_Tigers,2024-10-12 14:00:00,2024,Yokohama DeNA BayStars,Hanshin Tigers,3.0,1.0,Final,甲子園,143,143,0.5722588331748542,0.65,0.475,1.2,-0.25,4.05,3.6,2.85,3.85,9.0,6.0,0.17500000000000004,1.45,0.44999999999999973,-1.0,3.0,away,4.0
20241013-Chiba_Lotte_Marines-Hokkaido_Nippon-Ham_Fighters,2024-10-13 14:00:00,2024,Chiba Lotte Marines,Hokkaido Nippon-Ham Fighters,2.0,3.0,Final,エスコンＦ,144,144,0.5672815220760652,0.5,0.55,-0.55,0.65,2.65,3.5,3.2,2.85,1.0,1.0,-0.050000000000000044,-1.2000000000000002,-0.8500000000000001,0.3500000000000001,0.0,home,5.0
20241013-Yokohama_DeNA_BayStars-Hanshin_Tigers,2024-10-13 14:00:00,2024,Yokohama DeNA BayStars,Hanshin Tigers,10.0,3.0,Final,甲子園,144,144,0.5345008056948038,0.6,0.475,1.05,-0.3,4.0,3.5,2.95,3.8,1.0,1.0,0.125,1.35,0.5,-0.8499999999999996,0.0,away,13.0
20241014-Chiba_Lotte_Marines-Hokkaido_Nippon-Ham_Fighters,2024-10-14 14:00:00,2024,Chiba Lotte Marines,Hokkaido Nippon-Ham Fighters,2.0,5.0,Final,エスコンＦ,145,145,0.5934814562060851,0.5,0.5,-0.55,0.4,2.75,3.15,3.3,2.75,1.0,1.0,0.0,-0.9500000000000001,-0.3999999999999999,0.5499999999999998,0.0,home,7.0
20241016-Hokkaido_Nippon-Ham_Fighters-Fukuoka_SoftBank_Hawks,2024-10-16 18:00:00,2024,Hokkaido Nippon-Ham Fighters,Fukuoka SoftBank Hawks,2.0,5.0,Final,みずほPayPay,143,146,0.6335803422633345,0.8,0.5,2.45,-0.45,4.7,2.85,2.25,3.3,12.0,2.0,0.30000000000000004,2.9000000000000004,1.85,-1.0499999999999998,10.0,home,7.0
20241016-Yokohama_DeNA_BayStars-Yomiuri_Giants,2024-10-16 18:00:00,2024,Yokohama DeNA BayStars,Yomiuri Giants,2.0,0.0,Final,東京ドーム,143,145,0.5707576958954887,0.625,0.525,1.9,0.15,4.4,3.9,2.5,3.75,14.0,3.0,0.09999999999999998,1.75,0.5000000000000004,-1.25,11.0,away,2.0
20241017-Hokkaido_Nippon-Ham_Fighters-Fukuoka_SoftBank_Hawks,2024-10-17 18:00:00,2024,Hokkaido Nippon-Ham Fighters,Fukuoka SoftBank Hawks,2.0,7.0,Final,みずほPayPay,144,147,0.6575123334357672,0.8,0.5,2.45,-0.5,4.75,2.7,2.3,3.2,1.0,1.0,0.30000000000000004,2.95,2.05,-0.9000000000000004,0.0,home,9.0
20241017-Yokohama_DeNA_BayStars-Yomiuri_Giants,2024-10-17 18:00:00,2024,Yokohama DeNA BayStars,Yomiuri Giants,2.0,1.0,Final,東京ドーム,144,146,0.5330751019012556,0.625,0.575,2.2,0.65,4.4,3.9,2.2,3.25,1.0,1.0,0.050000000000000044,1.5500000000000003,0.5000000000000004,-1.0499999999999998,0.0,away,3.0
20241018-Hokkaido_Nippon-Ham_Fighters-Fukuoka_SoftBank_Hawks,2024-10-18 18:00:00,2024,Hokkaido Nippon-Ham Fighters,Fukuoka SoftBank Hawks,2.0,3.0,Final,みずほPayPay,145,148,0.6819250818195737,0.8,0.5,2.35,-0.7,4.65,2.55,2.3,3.25,1.0,1.0,0.30000000000000004,3.05,2.1000000000000005,-0.9500000000000002,0.0,home,5.0
20241018-Yokohama_DeNA_BayStars-Yomiuri_Giants,2024-10-18 18:00:00,2024,Yokohama DeNA BayStars,Yomiuri Giants,2.0,1.0,Final,東京ドーム,145,147,0.4999823017090115,0.575,0.575,1.9,0.25,4.15,3.45,2.25,3.2,1.0,1.0,0.0,1.65,0.7000000000000002,-0.9500000000000002,0.0,away,3.0
20241019-Yokohama_DeNA_BayStars-Yomiuri_Giants,2024-10-19 18:00:00,2024,Yokohama DeNA BayStars,Yomiuri Giants,1.0,4.0,Final,東京ドーム,146,148,0.46893855403352364,0.525,0.6,1.5,0.3,3.75,3.45,2.25,3.15,1.0,1.0,-0.07499999999999996,1.2,0.2999999999999998,-0.8999999999999999,0.0,home,5.0
20241020-Yokohama_DeNA_BayStars-Yomiuri_Giants,2024-10-20 18:00:00,2024,Yokohama DeNA BayStars,Yomiuri Giants,0.0,1.0,Final,東京ドーム,147,149,0.5068053222155375,0.525,0.6,1.4,0.45,3.7,3.5,2.3,3.05,1.0,1.0,-0.07499999999999996,0.95,0.20000000000000018,-0.75,0.0,home,1.0
20241021-Yokohama_DeNA_BayStars-Yomiuri_Giants,2024-10-21 18:00:00,2024,Yokohama DeNA BayStars,Yomiuri Giants,3.0,2.0,Final,東京ドーム,148,150,0.5373975827452067,0.575,0.55,1.7,0.25,3.65,3.05,1.95,2.8,1.0,1.0,0.02499999999999991,1.45,0.6000000000000001,-0.8499999999999999,0.0,away,5.0
20241026-Fukuoka_SoftBank_Hawks-Yokohama_DeNA_BayStars,2024-10-26 18:30:00,2024,Fukuoka SoftBank Hawks,Yokohama DeNA BayStars,5.0,3.0,Final,横 浜,151,146,0.45253403476145954,0.6,0.8,0.35,2.15,2.95,4.4,2.6,2.25,5.0,8.0,-0.20000000000000007,-1.7999999999999998,-1.4500000000000002,0.3500000000000001,-3.0,away,8.0
20241027-Fukuoka_SoftBank_Hawks-Yokohama_DeNA_BayStars,2024-10-27 18:00:00,2024,Fukuoka SoftBank Hawks,Yokohama DeNA BayStars,6.0,3.0,Final,横 浜,152,147,0.42279523393590224,0.55,0.8,0.1,1.8,2.8,4.15,2.7,2.35,1.0,1.0,-0.25,-1.7,-1.3500000000000005,0.3500000000000001,0.0,away,9.0
20241029-Yokohama_DeNA_BayStars-Fukuoka_SoftBank_Hawks,2024-10-29 18:30:00,2024,Yokohama DeNA BayStars,Fukuoka SoftBank Hawks,4.0,1.0,Final,みずほPayPay,148,153,0.6597733470057777,0.8,0.55,1.8,0.0,4.3,2.8,2.5,2.8,2.0,2.0,0.25,1.8,1.5,-0.2999999999999998,0.0,away,5.0
20241030-Yokohama_DeNA_BayStars-Fukuoka_SoftBank_Hawks,2024-10-30 18:30:00,2024,Yokohama DeNA BayStars,Fukuoka SoftBank Hawks,5.0,0.0,Final,みずほPayPay,149,154,0.6163077160820041,0.75,0.55,1.6,0.1,4.3,2.95,2.7,2.85,1.0,1.0,0.19999999999999996,1.5,1.3499999999999996,-0.1499999999999999,0.0,away,5.0
20241031-Yokohama_DeNA_BayStars-Fukuoka_SoftBank_Hawks,2024-10-31 18:00:00,2024,Yokohama DeNA BayStars,Fukuoka SoftBank Hawks,7.0,0.0,Final,みずほPayPay,150,155,0.5683767417378015,0.75,0.6,1.4,0.75,4.2,3.0,2.8,2.25,1.0,1.0,0.15000000000000002,0.6499999999999999,1.2000000000000002,0.5499999999999998,0.0,away,7.0
20250328-Hanshin_Tigers-Hiroshima_Toyo_Carp,2025-03-28 18:00:00,2025,Hanshin Tigers,Hiroshima Toyo Carp,4.0,0.0,Final,マツダスタジアム,143,145,0.3637944237749505,0.25,0.55,-1.65,0.3,2.75,3.7,4.4,3.4,174.0,166.0,-0.30000000000000004,-1.95,-0.9500000000000002,1.0000000000000004,8.0,away,4.0
20250328-Hokkaido_Nippon-Ham_Fighters-Saitama_Seibu_Lions,2025-03-28 18:00:00,2025,Hokkaido Nippon-Ham Fighters,Saitama Seibu Lions,2.0,0.0,Final,ベルーナドーム,143,149,0.47250633882505727,0.475,0.45,0.25,-0.8,3.05,2.5,2.8,3.3,170.0,161.0,0.024999999999999967,1.05,0.5499999999999998,-0.5,9.0,away,2.0
20250328-Tokyo_Yakult_Swallows-Yomiuri_Giants,2025-03-28 18:15:00,2025,Tokyo Yakult Swallows,Yomiuri Giants,5.0,6.0,Final,東京ドーム,149,143,0.6292049960548876,0.575,0.6,1.8,1.1,3.7,4.4,1.9,3.3,158.0,174.0,-0.025000000000000022,0.7,-0.7000000000000002,-1.4,-16.0,home,11.0
20250328-Chiba_Lotte_Marines-Fukuoka_SoftBank_Hawks,2025-03-28 18:30:00,2025,Chiba Lotte Marines,Fukuoka SoftBank Hawks,8.0,2.0,Final,みずほPayPay,151,146,0.7107794083471107,0.75,0.45,1.2,0.1,4.2,3.05,3.0,2.95,148.0,165.0,0.3,1.0999999999999999,1.1500000000000004,0.04999999999999982,-17.0,away,10.0
20250328-Chunichi_Dragons-Yokohama_DeNA_BayStars,2025-03-28 18:30:00,2025,Chunichi Dragons,Yokohama DeNA BayStars,0.0,5.0,Final,横 浜,156,143,0.7292686985061396,0.65,0.5,1.15,-1.1,3.05,2.8,1.9,3.9,148.0,173.0,0.15000000000000002,2.25,0.25,-2.0,-25.0,home,5.0
20250328-Tohoku_Rakuten_Golden_Eagles-Orix_Buffaloes,2025-03-28 18:30:00,2025,Tohoku Rakuten Golden Eagles,Orix Buffaloes,2.0,3.0,Final,京セラD大阪,143,143,0.557202987266678,0.3,0.425,-1.75,-0.6,2.8,3.35,4.55,3.95,173.0,170.0,-0.125,-1.15,-0.5500000000000003,0.5999999999999996,3.0,home,5.0
20250329-Chiba_Lotte_Marines-Fukuoka_SoftBank_Hawks,2025-03-29 14:00:00,2025,Chiba Lotte Marines,Fukuoka SoftBank Hawks,5.0,4.0,Final,みずほPayPay,152,147,0.658575182488313,0.7,0.45,0.7,-0.05,4.1,2.85,3.4,2.9,1.0,1.0,0.24999999999999994,0.75,1.2499999999999996,0.5,0.0,away,9.0
20250329-Chunichi_Dragons-Yokohama_DeNA_BayStars,2025-03-29 14:00:00,2025,Chunichi Dragons,Yokohama DeNA BayStars,1.0,0.0,Final,横 浜,157,144,0.7461510941880082,0.65,0.45,1.3,-1.5,3.2,2.65,1.9,4.15,1.0,1.0,0.2,2.8,0.5500000000000003,-2.2500000000000004,0.0,away,1.0
20250329-Hanshin_Tigers-Hiroshima_Toyo_Carp,2025-03-29 14:00:00,2025,Hanshin Tigers,Hiroshima Toyo Carp,3.0,2.0,Final,マツダスタジアム,144,146,0.3386077038047736,0.25,0.55,-1.6,0.2,2.75,3.6,4.35,3.4,1.0,1.0,-0.30000000000000004,-1.8,-0.8500000000000001,0.9499999999999997,0.0,away,5.0
20250329-Hokkaido_Nippon-Ham_Fighters-Saitama_Seibu_Lions,2025-03-29 14:00:00,2025,Hokkaido Nippon-Ham Fighters,Saitama Seibu Lions,3.0,2.0,Final,ベルーナドーム,144,150,0.4412003135419113,0.475,0.45,0.25,-0.85,3.0,2.45,2.75,3.3,1.0,1.0,0.024999999999999967,1.1,0.5499999999999998,-0.5499999999999998,0.0,away,5.0
20250329-Tohoku_Rakuten_Golden_Eagles-Orix_Buffaloes,2025-03-29 14:00:00,2025,Tohoku Rakuten Golden Eagles,Orix Buffaloes,5.0,4.0,Final,京セラD大阪,144,144,0.5841741386937614,0.35,0.375,-1.5,-0.85,2.9,3.1,4.4,3.95,1.0,1.0,-0.025000000000000022,-0.65,-0.20000000000000018,0.4500000000000002,0.0,away,9.0
20250329-Tokyo_Yakult_Swallows-Yomiuri_Giants,2025-03-29 14:00:00,2025,Tokyo Yakult Swallows,Yomiuri Giants,0.0,12.0,Final,東京ドーム,150,144,0.6504497578025171,0.575,0.6,1.7,1.15,3.7,4.6,2.0,3.45,1.0,1.0,-0.025000000000000022,0.55,-0.8999999999999995,-1.4500000000000002,0.0,home,12.0
20250330-Chiba_Lotte_Marines-Fukuoka_SoftBank_Hawks,2025-03-30 13:00:00,2025,Chiba Lotte Marines,Fukuoka SoftBank Hawks,7.0,4.0,Final,みずほPayPay,153,148,0.6208546234479173,0.65,0.5,0.6,0.05,4.15,2.8,3.55,2.75,1.0,1.0,0.15000000000000002,0.5499999999999999,1.3500000000000005,0.7999999999999998,0.0,away,11.0
20250330-Hokkaido_Nippon-Ham_Fighters-Saitama_Seibu_Lions,2025-03-30 13:00:00,2025,Hokkaido Nippon-Ham Fighters,Saitama Seibu Lions,7.0,5.0,Final,ベルーナドーム,145,151,0.4143504633318297,0.475,0.45,0.25,-1.0,3.1,2.25,2.85,3.25,1.0,1.0,0.024999999999999967,1.25,0.8500000000000001,-0.3999999999999999,0.0,away,12.0
20250330-Tohoku_Rakuten_Golden_Eagles-Orix_Buffaloes,2025-03-30 13:00:00,2025,Tohoku Rakuten Golden Eagles,Orix Buffaloes,1.0,6.0,Final,京セラD大阪,145,145,0.5485120585766812,0.3,0.375,-1.6,-0.9,2.85,3.0,4.45,3.9,1.0,1.0,-0.07500000000000001,-0.7000000000000001,-0.1499999999999999,0.5500000000000003,0.0,home,7.0
20250330-Hanshin_Tigers-Hiroshima_Toyo_Carp,2025-03-30 13:30:00,2025,Hanshin Tigers,Hiroshima Toyo Carp,0.0,2.0,Final,マツダスタジアム,145,147,0.3200135308393297,0.25,0.6,-1.45,0.35,2.7,3.6,4.15,3.25,1.0,1.0,-0.35,-1.7999999999999998,-0.8999999999999999,0.9000000000000004,0.0,home,2.0
20250330-Chunichi_Dragons-Yokohama_DeNA_BayStars,2025-03-30 14:00:00,2025,Chunichi Dragons,Yokohama DeNA BayStars,1.0,2.0,Final,横 浜,158,145,0.7094339822761313,0.6,0.5,1.15,-1.4,3.05,2.65,1.9,4.05,1.0,1.0,0.09999999999999998,2.55,0.3999999999999999,-2.15,0.0,home,3.0
20250330-Tokyo_Yakult_Swallows-Yomiuri_Giants,2025-03-30 14:00:00,2025,Tokyo Yakult Swallows,Yomiuri Giants,0.0,3.0,Final,東京ドーム,151,145,0.6791342080012666,0.575,0.55,2.0,0.2,3.95,4.2,1.95,4.0,1.0,1.0,0.02499999999999991,1.8,-0.25,-2.05,0.0,home,3.0
20250401-Saitama_Seibu_Lions-Tohoku_Rakuten_Golden_Eagles,2025-04-01 16:00:00,2025,Saitama Seibu Lions,Tohoku Rakuten Golden Eagles,,,Postponed,楽天モバイル,146,146,0.5096770266564168,0.325,0.475,-1.2,0.2,2.75,3.25,3.95,3.05,2.0,2.0,-0.14999999999999997,-1.4,-0.5,0.9000000000000004,0.0,,
20250401-Hiroshima_Toyo_Carp-Tokyo_Yakult_Swallows,2025-04-01 18:00:00,2025,Hiroshima Toyo Carp,Tokyo Yakult Swallows,,,Postponed,神 宮,146,146,0.6059086826121596,0.5,0.3,-0.2,-1.3,3.75,2.65,3.95,3.95,2.0,2.0,0.2,1.1,1.1,0.0,0.0,,
20250401-Yokohama_DeNA_BayStars-Hanshin_Tigers,2025-04-01 18:00:00,2025,Yokohama DeNA BayStars,Hanshin Tigers,7.0,1.0,Final,京セラD大阪,148,159,0.414994813333486,0.55,0.65,0.0,1.3,3.25,3.05,3.25,1.75,2.0,2.0,-0.09999999999999998,-1.3,0.20000000000000018,1.5,0.0,away,8.0
20250401-Yomiuri_Giants-Chunichi_Dragons,2025-04-01 18:15:00,2025,Yomiuri Giants,Chunichi Dragons,2.0,3.0,Final,バンテリンドーム,146,152,0.3474572426920313,0.45,0.6,-1.5,2.15,2.5,4.0,4.0,1.85,2.0,2.0,-0.14999999999999997,-3.65,-1.5,2.15,0.0,home,5.0
20250401-Fukuoka_SoftBank_Hawks-Hokkaido_Nippon-Ham_Fighters,2025-04-01 18:30:00,2025,Fukuoka SoftBank Hawks,Hokkaido Nippon-Ham Fighters,5.0,1.0,Final,エスコンＦ,152,154,0.5070670251137577,0.5,0.6,-0.85,0.15,2.55,3.8,3.4,3.65,2.0,2.0,-0.09999999999999998,-1.0,-1.25,-0.25,0.0,away,6.0
20250401-Orix_Buffaloes-Chiba_Lotte_Marines,2025-04-01 18:30:00,2025,Orix Buffaloes,Chiba Lotte Marines,,,Postponed,ZOZOマリン,149,146,0.6045264124787737,0.5,0.35,0.15,-1.2,3.1,3.1,2.95,4.3,2.0,2.0,0.15000000000000002,1.3499999999999999,0.0,-1.3499999999999996,0.0,,
20250402-Saitama_Seibu_Lions-Tohoku_Rakuten_Golden_Eagles,2025-04-02 13:00:00,2025,Saitama Seibu Lions,Tohoku Rakuten Golden Eagles,,,Postponed,楽天モバイル,146,146,0.5096770266564168,0.325,0.475,-1.2,0.2,2.75,3.25,3.95,3.05,3.0,3.0,-0.14999999999999997,-1.4,-0.5,0.9000000000000004,0.0,,
20250402-Orix_Buffaloes-Chiba_Lotte_Marines,2025-04-02 14:00:00,2025,Orix Buffaloes,Chiba Lotte Marines,3.0,2.0,Final,ZOZOマリン,149,146,0.6045264124787737,0.5,0.35,0.15,-1.2,3.1,3.1,2.95,4.3,3.0,3.0,0.15000000000000002,1.3499999999999999,0.0,-1.3499999999999996,0.0,away,5.0
20250402-Hiroshima_Toyo_Carp-Tokyo_Yakult_Swallows,2025-04-02 18:00:00,2025,Hiroshima Toyo Carp,Tokyo Yakult Swallows,4.0,5.0,Final,神 宮,146,146,0.6059086826121596,0.5,0.3,-0.2,-1.3,3.75,2.65,3.95,3.95,3.0,3.0,0.2,1.1,1.1,0.0,0.0,home,9.0
20250402-Yokohama_DeNA_BayStars-Hanshin_Tigers,2025-04-02 18:00:00,2025,Yokohama DeNA BayStars,Hanshin Tigers,6.0,6.0,Final,京セラD大阪,149,160,0.38112457740799033,0.55,0.7,-0.25,1.7,3.15,3.35,3.4,1.65,1.0,1.0,-0.1499999999999999,-1.95,-0.20000000000000018,1.75,0.0,draw,12.0
20250402-Yomiuri_Giants-Chunichi_Dragons,2025-04-02 18:00:00,2025,Yomiuri Giants,Chunichi Dragons,2.0,0.0,Final,バンテリンドーム,147,153,0.3850989026372363,0.45,0.55,-1.55,1.8,2.5,3.8,4.05,2.0,1.0,1.0,-0.10000000000000003,-3.35,-1.2999999999999998,2.05,0.0,away,2.0
20250402-Fukuoka_SoftBank_Hawks-Hokkaido_Nippon-Ham_Fighters,2025-04-02 18:30:00,2025,Fukuoka SoftBank Hawks,Hokkaido Nippon-Ham Fighters,1.0,3.0,Final,エスコンＦ,153,155,0.46857931043842,0.45,0.6,-1.1,0.1,2.45,3.6,3.55,3.5,1.0,1.0,-0.14999999999999997,-1.2000000000000002,-1.15,0.04999999999999982,0.0,home,4.0
20250403-Saitama_Seibu_Lions-Tohoku_Rakuten_Golden_Eagles,2025-04-03 13:00:00,2025,Saitama Seibu Lions,Tohoku Rakuten Golden Eagles,1.0,4.0,Final,楽天モバイル,146,146,0.5096770266564168,0.325,0.475,-1.2,0.2,2.75,3.25,3.95,3.05,4.0,4.0,-0.14999999999999997,-1.4,-0.5,0.9000000000000004,0.0,home,5.0
20250403-Orix_Buffaloes-Chiba_Lotte_Marines,2025-04-03 14:00:00,2025,Orix Buffaloes,Chiba Lotte Marines,3.0,2.0,Final,ZOZOマリン,150,147,0.568081558839126,0.5,0.4,0.4,-0.7,3.15,3.1,2.75,3.8,1.0,1.0,0.09999999999999998,1.1,0.04999999999999982,-1.0499999999999998,0.0,away,5.0
20250403-Hiroshima_Toyo_Carp-Tokyo_Yakult_Swallows,2025-04-03 18:00:00,2025,Hiroshima Toyo Carp,Tokyo Yakult Swallows,0.0,3.0,Final,神 宮,147,147,0.6290512789555268,0.5,0.25,-0.4,-1.75,3.65,2.35,4.05,4.1,1.0,1.0,0.25,1.35,1.2999999999999998,-0.04999999999999982,0.0,home,3.0
20250403-Yokohama_DeNA_BayStars-Hanshin_Tigers,2025-04-03 18:00:00,2025,Yokohama DeNA BayStars,Hanshin Tigers,5.0,2.0,Final,京セラD大阪,150,161,0.38760146249775734,0.525,0.675,-0.45,1.6,3.1,3.5,3.55,1.9,1.0,1.0,-0.15000000000000002,-2.0500000000000003,-0.3999999999999999,1.65,0.0,away,7.0
20250403-Yomiuri_Giants-Chunichi_Dragons,2025-04-03 18:00:00,2025,Yomiuri Giants,Chunichi Dragons,5.0,3.0,Final,バンテリンドーム,148,154,0.36104737880433413,0.45,0.55,-1.3,1.6,2.45,3.5,3.75,1.9,1.0,1.0,-0.10000000000000003,-2.9000000000000004,-1.0499999999999998,1.85,0.0,away,8.0
20250404-Chunichi_Dragons-Tokyo_Yakult_Swallows,2025-04-04 18:00:00,2025,Chunichi Dragons,Tokyo Yakult Swallows,1.0,1.0,Final,神 宮,148,149,0.5633285625833411,0.5,0.45,-0.4,-1.15,3.6,2.4,4.0,3.55,1.0,1.0,0.04999999999999999,0.7499999999999999,1.2000000000000002,0.4500000000000002,0.0,draw,2.0
20250404-Hanshin_Tigers-Yomiuri_Giants,2025-04-04 18:00:00,2025,Hanshin Tigers,Yomiuri Giants,7.0,2.0,Final,東京ドーム,155,151,0.645675259219746,0.6,0.475,1.75,-0.65,3.55,3.0,1.8,3.65,1.0,1.0,0.125,2.4,0.5499999999999998,-1.8499999999999999,0.0,away,9.0
20250404-Orix_Buffaloes-Hokkaido_Nippon-Ham_Fighters,2025-04-04 18:00:00,2025,Orix Buffaloes,Hokkaido Nippon-Ham Fighters,4.0,3.0,Final,エスコンＦ,154,148,0.5954142390553187,0.5,0.45,-0.9,-0.4,2.4,3.1,3.3,3.5,2.0,1.0,0.04999999999999999,-0.5,-0.7000000000000002,-0.20000000000000018,1.0,away,7.0
20250404-Saitama_Seibu_Lions-Fukuoka_SoftBank_Hawks,2025-04-04 18:00:00,2025,Saitama Seibu Lions,Fukuoka SoftBank Hawks,6.0,0.0,Final,みずほPayPay,156,147,0.700543411033989,0.55,0.475,-0.1,0.25,3.55,3.15,3.65,2.9,2.0,1.0,0.07500000000000007,-0.35,0.3999999999999999,0.75,1.0,away,6.0
20250404-Tohoku_Rakuten_Golden_Eagles-Chiba_Lotte_Marines,2025-04-04 18:00:00,2025,Tohoku Rakuten Golden Eagles,Chiba Lotte Marines,3.0,1.0,Final,ZOZOマリン,151,147,0.60674133270133,0.5,0.325,0.4,-1.1,3.25,2.7,2.85,3.8,1.0,1.0,0.175,1.5,0.5499999999999998,-0.9499999999999997,0.0,away,4.0
20250404-Yokohama_DeNA_BayStars-Hiroshima_Toyo_Carp,2025-04-04 18:00:00,2025,Yokohama DeNA BayStars,Hiroshima Toyo Carp,2.0,8.0,Final,マツダスタジアム,148,162,0.22358652653103658,0.25,0.725,-1.45,1.8,2.25,3.6,3.7,1.8,1.0,1.0,-0.475,-3.25,-1.35,1.9000000000000001,0.0,home,10.0
20250405-Chunichi_Dragons-Tokyo_Yakult_Swallows,2025-04-05 14:00:00,2025,Chunichi Dragons,Tokyo Yakult Swallows,0.0,2.0,Final,神 宮,149,150,0.5597383066341901,0.525,0.475,-0.35,-1.0,3.6,2.35,3.95,3.35,1.0,1.0,0.050000000000000044,0.65,1.25,0.6000000000000001,0.0,home,2.0
20250405-Hanshin_Tigers-Yomiuri_Giants,2025-04-05 14:00:00,2025,Hanshin Tigers,Yomiuri Giants,4.0,3.0,Final,東京ドーム,156,152,0.5967500440978862,0.6,0.475,1.55,-0.45,3.65,3.25,2.1,3.7,1.0,1.0,0.125,2.0,0.3999999999999999,-1.6,0.0,away,7.0
20250405-Orix_Buffaloes-Hokkaido_Nippon-Ham_Fighters,2025-04-05 14:00:00,2025,Orix Buffaloes,Hokkaido Nippon-Ham Fighters,11.0,1.0,Final,エスコンＦ,155,149,0.5593012007492338,0.5,0.5,-0.85,0.1,2.5,3.25,3.35,3.15,1.0,1.0,0.0,-0.95,-0.75,0.20000000000000018,0.0,away,12.0
20250405-Saitama_Seibu_Lions-Fukuoka_SoftBank_Hawks,2025-04-05 14:00:00,2025,Saitama Seibu Lions,Fukuoka SoftBank Hawks,6.0,3.0,Final,みずほPayPay,157,148,0.6482039710826129,0.55,0.475,-0.3,0.5,3.45,3.1,3.75,2.6,1.0,1.0,0.07500000000000007,-0.8,0.3500000000000001,1.15,0.0,away,9.0
20250405-Tohoku_Rakuten_Golden_Eagles-Chiba_Lotte_Marines,2025-04-05 14:00:00,2025,Tohoku Rakuten Golden Eagles,Chiba Lotte Marines,0.0,1.0,Final,ZOZOマリン,152,148,0.5674793883248642,0.5,0.325,0.35,-1.35,3.1,2.45,2.75,3.8,1.0,1.0,0.175,1.7000000000000002,0.6499999999999999,-1.0499999999999998,0.0,home,1.0
20250405-Yokohama_DeNA_BayStars-Hiroshima_Toyo_Carp,2025-04-05 14:00:00,2025,Yokohama DeNA BayStars,Hiroshima Toyo Carp,7.0,8.0,Final,マツダスタジアム,149,163,0.27283255376064136,0.3,0.675,-1.1,1.4,2.45,3.6,3.55,2.2,1.0,1.0,-0.37500000000000006,-2.5,-1.15,1.3499999999999996,0.0,home,15.0
20250406-Hanshin_Tigers-Yomiuri_Giants,2025-04-06 13:00:00,2025,Hanshin Tigers,Yomiuri Giants,1.0,0.0,Final,東京ドーム,157,153,0.5605864359384659,0.55,0.475,1.45,-0.55,3.75,3.3,2.3,3.85,1.0,1.0,0.07500000000000007,2.0,0.4500000000000002,-1.5500000000000003,0.0,away,1.0
20250406-Orix_Buffaloes-Hokkaido_Nippon-Ham_Fighters,2025-04-06 13:00:00,2025,Orix Buffaloes,Hokkaido Nippon-Ham Fighters,6.0,4.0,Final,エスコンＦ,156,150,0.5080673809103391,0.45,0.55,-1.4,0.75,2.45,3.8,3.85,3.05,1.0,1.0,-0.10000000000000003,-2.15,-1.3499999999999996,0.8000000000000003,0.0,away,10.0
20250406-Saitama_Seibu_Lions-Fukuoka_SoftBank_Hawks,2025-04-06 13:00:00,2025,Saitama Seibu Lions,Fukuoka SoftBank Hawks,1.0,11.0,Final,みずほPayPay,158,149,0.604936819042632,0.55,0.525,-0.4,0.7,3.3,3.4,3.7,2.7,1.0,1.0,0.025000000000000022,-1.1,-0.10000000000000009,1.0,0.0,home,12.0
20250406-Chunichi_Dragons-Tokyo_Yakult_Swallows,2025-04-06 13:30:00,2025,Chunichi Dragons,Tokyo Yakult Swallows,6.0,5.0,Final,神 宮,150,151,0.5884820775288739,0.575,0.425,-0.1,-1.2,3.7,2.15,3.8,3.35,1.0,1.0,0.14999999999999997,1.0999999999999999,1.5500000000000003,0.44999999999999973,0.0,away,11.0
20250406-Yokohama_DeNA_BayStars-Hiroshima_Toyo_Carp,2025-04-06 13:30:00,2025,Yokohama DeNA BayStars,Hiroshima Toyo Carp,6.0,7.0,Final,マツダスタジアム,150,164,0.3101395199807931,0.35,0.625,-0.85,1.25,2.8,3.8,3.65,2.55,1.0,1.0,-0.275,-2.1,-1.0,1.1,0.0,home,13.0
20250406-Tohoku_Rakuten_Golden_Eagles-Chiba_Lotte_Marines,2025-04-06 14:00:00,2025,Tohoku Rakuten Golden Eagles,Chiba Lotte Marines,5.0,0.0,Final,ZOZOマリン,153,149,0.593664053662963,0.55,0.325,0.75,-1.2,3.1,2.3,2.35,3.5,1.0,1.0,0.22500000000000003,1.95,0.8000000000000003,-1.15,0.0,away,5.0
20250408-Chiba_Lotte_Marines-Saitama_Seibu_Lions,2025-04-08 18:00:00,2025,Chiba Lotte Marines,Saitama Seibu Lions,7.0,3.0,Final,ベルーナドーム,150,154,0.4987779220152741,0.475,0.5,-0.1,0.2,3.1,2.75,3.2,2.55,2.0,2.0,-0.025000000000000022,-0.30000000000000004,0.3500000000000001,0.6500000000000004,0.0,away,10.0
20250408-Fukuoka_SoftBank_Hawks-Orix_Buffaloes,2025-04-08 18:00:00,2025,Fukuoka SoftBank Hawks,Orix Buffaloes,5.0,2.0,Final,京セラD大阪,151,159,0.532173832065545,0.6,0.55,0.9,-0.1,4.1,3.55,3.2,3.65,2.0,2.0,0.04999999999999993,1.0,0.5499999999999998,-0.44999999999999973,0.0,away,7.0
20250408-Hiroshima_Toyo_Carp-Chunichi_Dragons,2025-04-08 18:00:00,2025,Hiroshima Toyo Carp,Chunichi Dragons,1.0,1.0,Final,岐 阜,152,151,0.5517363098262571,0.475,0.4,-1.0,-0.5,2.3,3.05,3.3,3.55,2.0,2.0,0.07499999999999996,-0.5,-0.75,-0.25,0.0,draw,2.0
20250408-Hokkaido_Nippon-Ham_Fighters-Tohoku_Rakuten_Golden_Eagles,2025-04-08 18:00:00,2025,Hokkaido Nippon-Ham Fighters,Tohoku Rakuten Golden Eagles,5.0,2.0,Final,楽天モバイル,150,157,0.4777245664434705,0.375,0.4,-0.9,-1.55,2.45,2.3,3.35,3.85,2.0,2.0,-0.025000000000000022,0.65,0.15000000000000036,-0.5,0.0,away,7.0
20250408-Tokyo_Yakult_Swallows-Hanshin_Tigers,2025-04-08 18:00:00,2025,Tokyo Yakult Swallows,Hanshin Tigers,1.0,0.0,Final,甲子園,154,151,0.6324281894542362,0.475,0.525,-0.75,-0.2,2.95,3.7,3.7,3.9,2.0,2.0,-0.050000000000000044,-0.55,-0.75,-0.19999999999999973,0.0,away,1.0
20250408-Yomiuri_Giants-Yokohama_DeNA_BayStars,2025-04-08 18:00:00,2025,Yomiuri Giants,Yokohama DeNA BayStars,3.0,3.0,Final,横 浜,165,158,0.5628816115639389,0.575,0.55,0.85,1.45,3.6,3.75,2.75,2.3,2.0,2.0,0.02499999999999991,-0.6,-0.1499999999999999,0.4500000000000002,0.0,draw,6.0
20250409-Chiba_Lotte_Marines-Saitama_Seibu_Lions,2025-04-09 18:00:00,2025,Chiba Lotte Marines,Saitama Seibu Lions,0.0,2.0,Final,県営大宮,151,155,0.4609577663020278,0.425,0.5,-0.35,0.15,3.2,2.75,3.55,2.6,1.0,1.0,-0.07500000000000001,-0.5,0.4500000000000002,0.9499999999999997,0.0,home,2.0
20250409-Fukuoka_SoftBank_Hawks-Orix_Buffaloes,2025-04-09 18:00:00,2025,Fukuoka SoftBank Hawks,Orix Buffaloes,10.0,9.0,Final,京セラD大阪,152,160,0.4942319636549393,0.6,0.55,0.85,0.0,4.15,3.75,3.3,3.75,1.0,1.0,0.04999999999999993,0.85,0.40000000000000036,-0.4500000000000002,0.0,away,19.0
20250409-Hiroshima_Toyo_Carp-Chunichi_Dragons,2025-04-09 18:00:00,2025,Hiroshima Toyo Carp,Chunichi Dragons,1.0,3.0,Final,バンテリンドーム,153,152,0.5487882324820305,0.5,0.375,-0.7,-0.55,2.3,2.85,3.0,3.4,1.0,1.0,0.125,-0.1499999999999999,-0.5500000000000003,-0.3999999999999999,0.0,home,4.0
20250409-Hokkaido_Nippon-Ham_Fighters-Tohoku_Rakuten_Golden_Eagles,2025-04-09 18:00:00,2025,Hokkaido Nippon-Ham Fighters,Tohoku Rakuten Golden Eagles,8.0,2.0,Final,楽天モバイル,151,158,0.4438476399447989,0.375,0.45,-0.75,-1.2,2.3,2.45,3.05,3.65,1.0,1.0,-0.07500000000000001,0.44999999999999996,-0.15000000000000036,-0.6000000000000001,0.0,away,10.0
20250409-Tokyo_Yakult_Swallows-Hanshin_Tigers,2025-04-09 18:00:00,2025,Tokyo Yakult Swallows,Hanshin Tigers,5.0,3.0,Final,甲子園,155,152,0.5951691312203917,0.475,0.525,-0.65,-0.35,2.65,3.5,3.3,3.85,1.0,1.0,-0.050000000000000044,-0.30000000000000004,-0.8500000000000001,-0.5500000000000003,0.0,away,8.0
20250409-Yomiuri_Giants-Yokohama_DeNA_BayStars,2025-04-09 18:00:00,2025,Yomiuri Giants,Yokohama DeNA BayStars,6.0,3.0,Final,横 浜,166,159,0.5593159223631557,0.55,0.525,0.75,1.05,3.65,3.3,2.9,2.25,1.0,1.0,0.025000000000000022,-0.30000000000000004,0.3500000000000001,0.6499999999999999,0.0,away,9.0
20250410-Fukuoka_SoftBank_Hawks-Orix_Buffaloes,2025-04-10 18:00:00,2025,Fukuoka SoftBank Hawks,Orix Buffaloes,1.0,1.0,Final,京セラD大阪,153,161,0.46357007621229124,0.6,0.55,1.0,-0.05,4.6,3.85,3.6,3.9,1.0,1.0,0.04999999999999993,1.05,0.7499999999999996,-0.2999999999999998,0.0,draw,2.0
20250410-Hiroshima_Toyo_Carp-Chunichi_Dragons,2025-04-10 18:00:00,2025,Hiroshima Toyo Carp,Chunichi Dragons,2.0,1.0,Final,バンテリンドーム,154,153,0.5784209187681428,0.55,0.375,-0.35,-0.6,2.3,2.85,2.65,3.45,1.0,1.0,0.17500000000000004,0.25,-0.5500000000000003,-0.8000000000000003,0.0,away,3.0
20250410-Hokkaido_Nippon-Ham_Fighters-Tohoku_Rakuten_Golden_Eagles,2025-04-10 18:00:00,2025,Hokkaido Nippon-Ham Fighters,Tohoku Rakuten Golden Eagles,10.0,0.0,Final,楽天モバイル,152,159,0.4068949509832645,0.325,0.5,-1.35,-0.5,2.1,2.85,3.45,3.35,1.0,1.0,-0.175,-0.8500000000000001,-0.75,0.10000000000000009,0.0,away,10.0
20250410-Tokyo_Yakult_Swallows-Hanshin_Tigers,2025-04-10 18:00:00,2025,Tokyo Yakult Swallows,Hanshin Tigers,,,Postponed,甲子園,156,153,0.556361112019924,0.425,0.575,-0.8,-0.2,2.5,3.45,3.3,3.65,1.0,1.0,-0.14999999999999997,-0.6000000000000001,-0.9500000000000002,-0.3500000000000001,0.0,,
20250411-Chunichi_Dragons-Hanshin_Tigers,2025-04-11 18:00:00,2025,Chunichi Dragons,Hanshin Tigers,3.0,6.0,Final,甲子園,156,155,0.6220753510006294,0.425,0.5,-0.8,-0.45,2.5,2.0,3.3,2.45,2.0,1.0,-0.07500000000000001,-0.35000000000000003,0.5,0.8499999999999996,1.0,home,9.0
20250411-Fukuoka_SoftBank_Hawks-Chiba_Lotte_Marines,2025-04-11 18:00:00,2025,Fukuoka SoftBank Hawks,Chiba Lotte Marines,5.0,4.0,Final,ZOZOマリン,156,162,0.41319568898607406,0.5,0.525,0.35,-0.15,2.75,3.7,2.4,3.85,2.0,1.0,-0.025000000000000022,0.5,-0.9500000000000002,-1.4500000000000002,1.0,away,9.0
20250411-Orix_Buffaloes-Tohoku_Rakuten_Golden_Eagles,2025-04-11 18:00:00,2025,Orix Buffaloes,Tohoku Rakuten Golden Eagles,4.0,1.0,Final,楽天モバイル,153,154,0.40293003455927867,0.275,0.575,-1.95,0.95,1.95,4.55,3.9,3.6,1.0,1.0,-0.29999999999999993,-2.9,-2.5999999999999996,0.2999999999999998,0.0,away,5.0
20250411-Saitama_Seibu_Lions-Hokkaido_Nippon-Ham_Fighters,2025-04-11 18:00:00,2025,Saitama Seibu Lions,Hokkaido Nippon-Ham Fighters,0.0,2.0,Final,エスコンＦ,160,152,0.6432271609222161,0.55,0.425,0.2,-0.35,3.35,3.15,3.15,3.5,1.0,2.0,0.12500000000000006,0.55,0.20000000000000018,-0.3500000000000001,-1.0,home,2.0
20250411-Tokyo_Yakult_Swallows-Yokohama_DeNA_BayStars,2025-04-11 18:00:00,2025,Tokyo Yakult Swallows,Yokohama DeNA BayStars,,,Postponed,横 浜,167,153,0.604483694700172,0.5,0.575,0.55,-0.2,3.7,3.45,3.15,3.65,2.0,2.0,-0.07499999999999996,0.75,0.25,-0.5,0.0,,
20250411-Yomiuri_Giants-Hiroshima_Toyo_Carp,2025-04-11 18:00:00,2025,Yomiuri Giants,Hiroshima Toyo Carp,3.0,12.0,Final,マツダスタジアム,154,160,0.3636291193862231,0.425,0.525,-0.5,1.1,2.95,3.45,3.45,2.35,1.0,2.0,-0.10000000000000003,-1.6,-0.5,1.1,-1.0,home,15.0
20250412-Chunichi_Dragons-Hanshin_Tigers,2025-04-12 14:00:00,2025,Chunichi Dragons,Hanshin Tigers,3.0,2.0,Final,甲子園,157,156,0.6470898462580451,0.425,0.45,-0.7,-0.65,2.75,1.8,3.45,2.45,1.0,1.0,-0.025000000000000022,-0.04999999999999993,0.95,1.0,0.0,away,5.0
20250412-Fukuoka_SoftBank_Hawks-Chiba_Lotte_Marines,2025-04-12 14:00:00,2025,Fukuoka SoftBank Hawks,Chiba Lotte Marines,8.0,0.0,Final,ZOZOマリン,157,163,0.3885234071221073,0.5,0.525,0.4,-0.15,2.85,3.9,2.45,4.05,1.0,1.0,-0.025000000000000022,0.55,-1.0499999999999998,-1.5999999999999996,0.0,away,8.0
20250412-Orix_Buffaloes-Tohoku_Rakuten_Golden_Eagles,2025-04-12 14:00:00,2025,Orix Buffaloes,Tohoku Rakuten Golden Eagles,4.0,2.0,Final,楽天モバイル,154,155,0.3755883370214289,0.275,0.625,-2.05,1.15,1.95,4.65,4.0,3.5,1.0,1.0,-0.35,-3.1999999999999997,-2.7,0.5,0.0,away,6.0
20250412-Saitama_Seibu_Lions-Hokkaido_Nippon-Ham_Fighters,2025-04-12 14:00:00,2025,Saitama Seibu Lions,Hokkaido Nippon-Ham Fighters,2.0,1.0,Final,エスコンＦ,161,153,0.6647852421768757,0.55,0.425,0.15,-0.15,3.3,3.1,3.15,3.25,1.0,1.0,0.12500000000000006,0.3,0.19999999999999973,-0.10000000000000009,0.0,away,3.0
20250412-Tokyo_Yakult_Swallows-Yokohama_DeNA_BayStars,2025-04-12 14:00:00,2025,Tokyo Yakult Swallows,Yokohama DeNA BayStars,4.0,5.0,Final,横 浜,167,153,0.604483694700172,0.5,0.575,0.55,-0.2,3.7,3.45,3.15,3.65,3.0,3.0,-0.07499999999999996,0.75,0.25,-0.5,0.0,home,9.0
20250412-Yomiuri_Giants-Hiroshima_Toyo_Carp,2025-04-12 14:00:00,2025,Yomiuri Giants,Hiroshima Toyo Carp,0.0,1.0,Final,マツダスタジアム,155,161,0.4194091401984946,0.475,0.475,0.05,0.3,3.5,3.2,3.45,2.9,1.0,1.0,0.0,-0.25,0.2999999999999998,0.5500000000000003,0.0,home,1.0
20250413-Orix_Buffaloes-Tohoku_Rakuten_Golden_Eagles,2025-04-13 13:00:00,2025,Orix Buffaloes,Tohoku Rakuten Golden Eagles,6.0,1.0,Final,楽天モバイル,155,156,0.35237046041004555,0.275,0.675,-2.0,1.5,1.95,4.65,3.95,3.15,1.0,1.0,-0.4,-3.5,-2.7,0.8000000000000003,0.0,away,7.0
20250413-Saitama_Seibu_Lions-Hokkaido_Nippon-Ham_Fighters,2025-04-13 13:00:00,2025,Saitama Seibu Lions,Hokkaido Nippon-Ham Fighters,7.0,2.0,Final,エスコンＦ,162,154,0.6270014671369644,0.5,0.475,0.05,0.15,3.2,3.1,3.15,2.95,1.0,1.0,0.025000000000000022,-0.09999999999999999,0.10000000000000009,0.19999999999999973,0.0,away,9.0
20250413-Yomiuri_Giants-Hiroshima_Toyo_Carp,2025-04-13 13:30:00,2025,Yomiuri Giants,Hiroshima Toyo Carp,3.0,5.0,Final,マツダスタジアム,156,162,0.45491813064073944,0.525,0.475,0.2,0.3,3.35,3.0,3.15,2.7,1.0,1.0,0.050000000000000044,-0.09999999999999998,0.3500000000000001,0.44999999999999973,0.0,home,8.0
20250413-Chunichi_Dragons-Hanshin_Tigers,2025-04-13 14:00:00,2025,Chunichi Dragons,Hanshin Tigers,,,Postponed,甲子園,158,157,0.6095340086186596,0.425,0.45,-0.7,-0.65,2.85,1.85,3.55,2.5,1.0,1.0,-0.025000000000000022,-0.04999999999999993,1.0,1.0499999999999998,0.0,,
20250413-Fukuoka_SoftBank_Hawks-Chiba_Lotte_Marines,2025-04-13 14:00:00,2025,Fukuoka SoftBank Hawks,Chiba Lotte Marines,,,Postponed,ZOZOマリン,158,164,0.3551080735722387,0.45,0.525,-0.2,0.1,2.6,4.05,2.8,3.95,1.0,1.0,-0.07500000000000001,-0.30000000000000004,-1.4499999999999997,-1.1500000000000004,0.0,,
20250413-Tokyo_Yakult_Swallows-Yokohama_DeNA_BayStars,2025-04-13 14:00:00,2025,Tokyo Yakult Swallows,Yokohama DeNA BayStars,,,Postponed,横 浜,168,154,0.627741361058645,0.5,0.575,0.55,-0.2,3.85,3.35,3.3,3.55,1.0,1.0,-0.07499999999999996,0.75,0.5,-0.25,0.0,,
20250415-Chunichi_Dragons-Hiroshima_Toyo_Carp,2025-04-15 18:00:00,2025,Chunichi Dragons,Hiroshima Toyo Carp,1.0,7.0,Final,マツダスタジアム,157,157,0.5728549673878165,0.525,0.45,0.25,-0.65,3.45,1.85,3.2,2.5,2.0,3.0,0.07500000000000001,0.9,1.6,0.7000000000000002,-1.0,home,8.0
20250415-Hanshin_Tigers-Tokyo_Yakult_Swallows,2025-04-15 18:00:00,2025,Hanshin Tigers,Tokyo Yakult Swallows,5.0,1.0,Final,松 山,154,158,0.4952950851386709,0.575,0.425,-0.2,-0.7,3.35,2.85,3.55,3.55,3.0,3.0,0.14999999999999997,0.49999999999999994,0.5,0.0,0.0,away,6.0
20250415-Hokkaido_Nippon-Ham_Fighters-Chiba_Lotte_Marines,2025-04-15 18:00:00,2025,Hokkaido Nippon-Ham Fighters,Chiba Lotte Marines,9.0,3.0,Final,ZOZOマリン,158,163,0.4456224395155949,0.45,0.5,-0.2,-0.1,2.6,3.3,2.8,3.4,3.0,2.0,-0.04999999999999999,-0.1,-0.6999999999999997,-0.6000000000000001,1.0,away,12.0
20250415-Saitama_Seibu_Lions-Orix_Buffaloes,2025-04-15 18:00:00,2025,Saitama Seibu Lions,Orix Buffaloes,0.0,2.0,Final,京セラD大阪,157,155,0.6187751701079448,0.725,0.475,2.1,0.3,4.85,3.15,2.75,2.85,2.0,2.0,0.25,1.8,1.6999999999999997,-0.10000000000000009,0.0,home,2.0
20250415-Tohoku_Rakuten_Golden_Eagles-Fukuoka_SoftBank_Hawks,2025-04-15 18:00:00,2025,Tohoku Rakuten Golden Eagles,Fukuoka SoftBank Hawks,2.0,1.0,Final,みずほPayPay,164,156,0.7619993056750867,0.525,0.275,0.1,-1.9,4.05,1.95,3.95,3.85,3.0,2.0,0.25,2.0,2.0999999999999996,0.10000000000000009,1.0,away,3.0
20250415-Yokohama_DeNA_BayStars-Yomiuri_Giants,2025-04-15 18:00:00,2025,Yokohama DeNA BayStars,Yomiuri Giants,0.0,1.0,Final,東京ドーム,163,168,0.46012987999104826,0.425,0.5,0.1,0.55,2.95,3.85,2.85,3.3,2.0,3.0,-0.07500000000000001,-0.45000000000000007,-0.8999999999999999,-0.44999999999999973,-1.0,home,1.0
20250416-Chunichi_Dragons-Hiroshima_Toyo_Carp,2025-04-16 18:00:00,2025,Chunichi Dragons,Hiroshima Toyo Carp,2.0,0.0,Final,マツダスタジアム,158,158,0.6080380170885399,0.575,0.4,0.9,-1.0,3.75,1.85,2.85,2.85,1.0,1.0,0.17499999999999993,1.9,1.9,0.0,0.0,away,2.0
20250416-Hokkaido_Nippon-Ham_Fighters-Chiba_Lotte_Marines,2025-04-16 18:00:00,2025,Hokkaido Nippon-Ham Fighters,Chiba Lotte Marines,0.0,4.0,Final,ZOZOマリン,159,164,0.40848440831870475,0.4,0.55,-0.6,0.3,2.65,3.75,3.25,3.45,1.0,1.0,-0.15000000000000002,-0.8999999999999999,-1.1,-0.20000000000000018,0.0,home,4.0
20250416-Saitama_Seibu_Lions-Orix_Buffaloes,2025-04-16 18:00:00,2025,Saitama Seibu Lions,Orix Buffaloes,5.0,0.0,Final,京セラD大阪,158,156,0.6424876732529856,0.725,0.425,2.1,-0.15,4.75,2.7,2.65,2.85,1.0,1.0,0.3,2.25,2.05,-0.20000000000000018,0.0,away,5.0
20250416-Tohoku_Rakuten_Golden_Eagles-Fukuoka_SoftBank_Hawks,2025-04-16 18:00:00,2025,Tohoku Rakuten Golden Eagles,Fukuoka SoftBank Hawks,6.0,2.0,Final,みずほPayPay,165,157,0.7259516140335663,0.475,0.325,-0.2,-1.8,3.75,2.0,3.95,3.8,1.0,1.0,0.14999999999999997,1.6,1.75,0.15000000000000036,0.0,away,8.0
20250416-Yokohama_DeNA_BayStars-Yomiuri_Giants,2025-04-16 18:00:00,2025,Yokohama DeNA BayStars,Yomiuri Giants,0.0,5.0,Final,東京ドーム,164,169,0.4936090154550428,0.475,0.5,0.25,0.65,3.0,3.8,2.75,3.15,1.0,1.0,-0.025000000000000022,-0.4,-0.7999999999999998,-0.3999999999999999,0.0,home,5.0
20250417-Hanshin_Tigers-Tokyo_Yakult_Swallows,2025-04-17 18:00:00,2025,Hanshin Tigers,Tokyo Yakult Swallows,7.0,5.0,Final,神 宮,155,159,0.45776071116402156,0.575,0.475,-0.25,-0.45,3.25,3.0,3.5,3.45,2.0,2.0,0.09999999999999998,0.2,0.25,0.04999999999999982,0.0,away,12.0
20250417-Saitama_Seibu_Lions-Orix_Buffaloes,2025-04-17 18:00:00,2025,Saitama Seibu Lions,Orix Buffaloes,3.0,2.0,Final,京セラD大阪,159,157,0.5936473876445477,0.675,0.475,1.7,0.2,4.5,2.95,2.8,2.75,1.0,1.0,0.20000000000000007,1.5,1.5499999999999998,0.04999999999999982,0.0,away,5.0
20250417-Tohoku_Rakuten_Golden_Eagles-Fukuoka_SoftBank_Hawks,2025-04-17 18:00:00,2025,Tohoku Rakuten Golden Eagles,Fukuoka SoftBank Hawks,4.0,3.0,Final,みずほPayPay,166,158,0.6799478287653072,0.425,0.375,-0.45,-1.4,3.7,2.25,4.15,3.65,1.0,1.0,0.04999999999999999,0.95,1.4500000000000002,0.5000000000000004,0.0,away,7.0
20250417-Yokohama_DeNA_BayStars-Yomiuri_Giants,2025-04-17 18:00:00,2025,Yokohama DeNA BayStars,Yomiuri Giants,9.0,1.0,Final,東京ドーム,165,170,0.5343646952821516,0.525,0.5,0.55,0.45,3.2,3.8,2.65,3.35,1.0,1.0,0.025000000000000022,0.10000000000000003,-0.5999999999999996,-0.7000000000000002,0.0,away,10.0
20250418-Chiba_Lotte_Marines-Tohoku_Rakuten_Golden_Eagles,2025-04-18 18:00:00,2025,Chiba Lotte Marines,Tohoku Rakuten Golden Eagles,4.0,1.0,Final,楽天モバイル,159,160,0.5135036940717906,0.425,0.4,-1.25,-0.45,2.35,2.75,3.6,3.2,1.0,2.0,0.024999999999999967,-0.8,-0.3999999999999999,0.3999999999999999,-1.0,away,5.0
20250418-Fukuoka_SoftBank_Hawks-Saitama_Seibu_Lions,2025-04-18 18:00:00,2025,Fukuoka SoftBank Hawks,Saitama Seibu Lions,1.0,2.0,Final,ベルーナドーム,158,167,0.4877003322720308,0.475,0.375,0.15,-0.6,2.9,3.6,2.75,4.2,1.0,1.0,0.09999999999999998,0.75,-0.7000000000000002,-1.4500000000000002,0.0,home,3.0
20250418-Hiroshima_Toyo_Carp-Hanshin_Tigers,2025-04-18 18:00:00,2025,Hiroshima Toyo Carp,Hanshin Tigers,5.0,2.0,Final,甲子園,160,159,0.6015194101012779,0.525,0.575,-0.1,0.85,3.25,3.6,3.35,2.75,1.0,2.0,-0.04999999999999993,-0.95,-0.3500000000000001,0.6000000000000001,-1.0,away,7.0
20250418-Hokkaido_Nippon-Ham_Fighters-Orix_Buffaloes,2025-04-18 18:00:00,2025,Hokkaido Nippon-Ham Fighters,Orix Buffaloes,1.0,2.0,Final,京セラD大阪,160,165,0.5423318289508781,0.625,0.5,1.3,0.05,4.2,3.6,2.9,3.55,1.0,2.0,0.125,1.25,0.6000000000000001,-0.6499999999999999,-1.0,home,3.0
20250418-Yomiuri_Giants-Tokyo_Yakult_Swallows,2025-04-18 18:00:00,2025,Yomiuri Giants,Tokyo Yakult Swallows,7.0,2.0,Final,神 宮,156,166,0.4491637116744894,0.525,0.525,-0.4,0.2,3.3,3.2,3.7,3.0,1.0,1.0,0.0,-0.6000000000000001,0.09999999999999964,0.7000000000000002,0.0,away,9.0
20250419-Hiroshima_Toyo_Carp-Hanshin_Tigers,2025-04-19 14:00:00,2025,Hiroshima Toyo Carp,Hanshin Tigers,3.0,0.0,Final,甲子園,161,160,0.5597269225504193,0.475,0.625,-0.3,1.1,3.0,3.8,3.3,2.7,1.0,1.0,-0.15000000000000002,-1.4000000000000001,-0.7999999999999998,0.5999999999999996,0.0,away,3.0
20250419-Hokkaido_Nippon-Ham_Fighters-Orix_Buffaloes,2025-04-19 14:00:00,2025,Hokkaido Nippon-Ham Fighters,Orix Buffaloes,7.0,4.0,Final,京セラD大阪,161,166,0.5704154045282093,0.675,0.45,1.4,-0.15,4.3,3.4,2.9,3.55,1.0,1.0,0.22500000000000003,1.5499999999999998,0.8999999999999999,-0.6499999999999999,0.0,away,11.0
20250419-Yokohama_DeNA_BayStars-Chunichi_Dragons,2025-04-19 14:00:00,2025,Yokohama DeNA BayStars,Chunichi Dragons,2.0,3.0,Final,バンテリンドーム,159,171,0.3941692787329546,0.45,0.5,-0.8,0.8,1.9,4.1,2.7,3.3,3.0,2.0,-0.04999999999999999,-1.6,-2.1999999999999997,-0.5999999999999996,1.0,home,5.0
20250419-Chiba_Lotte_Marines-Tohoku_Rakuten_Golden_Eagles,2025-04-19 16:00:00,2025,Chiba Lotte Marines,Tohoku Rakuten Golden Eagles,1.0,2.0,Final,楽天モバイル,160,161,0.47686953573442037,0.425,0.4,-1.35,-0.5,2.3,2.7,3.65,3.2,1.0,1.0,0.024999999999999967,-0.8500000000000001,-0.40000000000000036,0.44999999999999973,0.0,home,3.0
20250419-Fukuoka_SoftBank_Hawks-Saitama_Seibu_Lions,2025-04-19 18:00:00,2025,Fukuoka SoftBank Hawks,Saitama Seibu Lions,0.0,1.0,Final,ベルーナドーム,159,168,0.5195374643113174,0.525,0.325,0.4,-0.8,2.95,3.35,2.55,4.15,1.0,1.0,0.2,1.2000000000000002,-0.3999999999999999,-1.6000000000000005,0.0,home,1.0
20250419-Yomiuri_Giants-Tokyo_Yakult_Swallows,2025-04-19 18:00:00,2025,Yomiuri Giants,Tokyo Yakult Swallows,6.0,4.0,Final,神 宮,157,167,0.4136629008482063,0.475,0.525,-0.75,0.3,3.25,3.35,4.0,3.05,1.0,1.0,-0.050000000000000044,-1.05,-0.10000000000000009,0.9500000000000002,0.0,away,10.0
20250420-Chiba_Lotte_Marines-Tohoku_Rakuten_Golden_Eagles,2025-04-20 13:00:00,2025,Chiba Lotte Marines,Tohoku Rakuten Golden Eagles,1.0,4.0,Final,楽天モバイル,161,162,0.5093748304470879,0.475,0.4,-0.95,-0.4,2.35,2.75,3.3,3.15,1.0,1.0,0.07499999999999996,-0.5499999999999999,-0.3999999999999999,0.1499999999999999,0.0,home,5.0
20250420-Fukuoka_SoftBank_Hawks-Saitama_Seibu_Lions,2025-04-20 13:00:00,2025,Fukuoka SoftBank Hawks,Saitama Seibu Lions,3.0,1.0,Final,ベルーナドーム,160,169,0.5492573908619335,0.575,0.325,0.55,-0.7,3.0,3.3,2.45,4.0,1.0,1.0,0.24999999999999994,1.25,-0.2999999999999998,-1.5499999999999998,0.0,away,4.0
20250420-Hokkaido_Nippon-Ham_Fighters-Orix_Buffaloes,2025-04-20 13:00:00,2025,Hokkaido Nippon-Ham Fighters,Orix Buffaloes,2.0,0.0,Final,京セラD大阪,162,167,0.5301336543971735,0.675,0.5,1.35,0.15,4.2,3.65,2.85,3.5,1.0,1.0,0.17500000000000004,1.2000000000000002,0.5500000000000003,-0.6499999999999999,0.0,away,2.0
20250420-Yokohama_DeNA_BayStars-Chunichi_Dragons,2025-04-20 13:30:00,2025,Yokohama DeNA BayStars,Chunichi Dragons,0.0,2.0,Final,バンテリンドーム,160,172,0.43065907363605144,0.45,0.5,-0.8,0.85,1.85,4.05,2.65,3.2,1.0,1.0,-0.04999999999999999,-1.65,-2.1999999999999997,-0.5500000000000003,0.0,home,2.0
20250420-Hiroshima_Toyo_Carp-Hanshin_Tigers,2025-04-20 14:00:00,2025,Hiroshima Toyo Carp,Hanshin Tigers,1.0,8.0,Final,甲子園,162,161,0.5200493243134808,0.475,0.675,-0.35,1.35,3.0,3.8,3.35,2.45,1.0,1.0,-0.20000000000000007,-1.7000000000000002,-0.7999999999999998,0.8999999999999999,0.0,home,9.0
20250420-Yomiuri_Giants-Tokyo_Yakult_Swallows,2025-04-20 18:00:00,2025,Yomiuri Giants,Tokyo Yakult Swallows,2.0,3.0,Final,神 宮,158,168,0.38714411581596625,0.425,0.525,-0.95,0.35,3.15,3.6,4.1,3.25,1.0,1.0,-0.10000000000000003,-1.2999999999999998,-0.4500000000000002,0.8499999999999996,0.0,home,5.0
20250422-Hanshin_Tigers-Yokohama_DeNA_BayStars,2025-04-22 17:45:00,2025,Hanshin Tigers,Yokohama DeNA BayStars,4.0,2.0,Final,横 浜,173,163,0.5324760153575874,0.5,0.475,0.9,-0.1,3.9,3.25,3.0,3.35,2.0,2.0,0.025000000000000022,1.0,0.6499999999999999,-0.3500000000000001,0.0,away,6.0
20250422-Chunichi_Dragons-Yomiuri_Giants,2025-04-22 18:00:00,2025,Chunichi Dragons,Yomiuri Giants,1.0,8.0,Final,東京ドーム,169,161,0.5952791439220115,0.525,0.5,0.35,-0.6,3.6,1.9,3.25,2.5,2.0,2.0,0.025000000000000022,0.95,1.7000000000000002,0.75,0.0,home,9.0
20250422-Orix_Buffaloes-Fukuoka_SoftBank_Hawks,2025-04-22 18:00:00,2025,Orix Buffaloes,Fukuoka SoftBank Hawks,5.0,5.0,Final,みずほPayPay,170,163,0.5519120613518617,0.375,0.625,-0.35,0.9,3.45,3.8,3.8,2.9,2.0,2.0,-0.25,-1.25,-0.34999999999999964,0.8999999999999999,0.0,draw,10.0
20250422-Saitama_Seibu_Lions-Chiba_Lotte_Marines,2025-04-22 18:00:00,2025,Saitama Seibu Lions,Chiba Lotte Marines,1.0,2.0,Final,ZOZOマリン,163,161,0.44013565561081136,0.4,0.525,-0.5,0.05,2.8,2.65,3.3,2.6,2.0,2.0,-0.125,-0.55,0.1499999999999999,0.6999999999999997,0.0,home,3.0
20250422-Tohoku_Rakuten_Golden_Eagles-Hokkaido_Nippon-Ham_Fighters,2025-04-22 18:00:00,2025,Tohoku Rakuten Golden Eagles,Hokkaido Nippon-Ham Fighters,4.0,2.0,Final,エスコンＦ,168,162,0.6260607789199238,0.55,0.475,0.5,-0.9,3.65,2.45,3.15,3.35,2.0,2.0,0.07500000000000007,1.4,1.1999999999999997,-0.20000000000000018,0.0,away,6.0
20250422-Tokyo_Yakult_Swallows-Hiroshima_Toyo_Carp,2025-04-22 18:00:00,2025,Tokyo Yakult Swallows,Hiroshima Toyo Carp,,,Postponed,マツダスタジアム,162,159,0.588128813075182,0.625,0.425,0.85,-1.15,3.6,2.95,2.75,4.1,2.0,2.0,0.2,2.0,0.6499999999999999,-1.3499999999999996,0.0,,
20250423-Hanshin_Tigers-Yokohama_DeNA_BayStars,2025-04-23 17:45:00,2025,Hanshin Tigers,Yokohama DeNA BayStars,3.0,2.0,Final,横 浜,174,164,0.4969657694040272,0.45,0.525,0.65,0.1,3.8,3.4,3.15,3.3,1.0,1.0,-0.07500000000000001,0.55,0.3999999999999999,-0.1499999999999999,0.0,away,5.0
20250423-Chunichi_Dragons-Yomiuri_Giants,2025-04-23 18:00:00,2025,Chunichi Dragons,Yomiuri Giants,0.0,2.0,Final,東京ドーム,170,162,0.6297652615510881,0.525,0.45,0.65,-1.0,3.7,1.75,3.05,2.75,1.0,1.0,0.07500000000000001,1.65,1.9500000000000002,0.2999999999999998,0.0,home,2.0
20250423-Orix_Buffaloes-Fukuoka_SoftBank_Hawks,2025-04-23 18:00:00,2025,Orix Buffaloes,Fukuoka SoftBank Hawks,2.0,6.0,Final,みずほPayPay,171,164,0.5489541749012397,0.4,0.6,0.0,0.85,3.7,3.9,3.7,3.05,1.0,1.0,-0.19999999999999996,-0.85,-0.19999999999999973,0.6500000000000004,0.0,home,8.0
20250423-Saitama_Seibu_Lions-Chiba_Lotte_Marines,2025-04-23 18:00:00,2025,Saitama Seibu Lions,Chiba Lotte Marines,2.0,5.0,Final,ZOZOマリン,164,162,0.4746754604225408,0.4,0.475,-0.55,-0.2,2.8,2.5,3.35,2.7,1.0,1.0,-0.07499999999999996,-0.35000000000000003,0.2999999999999998,0.6499999999999999,0.0,home,7.0
20250423-Tohoku_Rakuten_Golden_Eagles-Hokkaido_Nippon-Ham_Fighters,2025-04-23 18:00:00,2025,Tohoku Rakuten Golden Eagles,Hokkaido Nippon-Ham Fighters,8.0,3.0,Final,エスコンＦ,169,163,0.5861648675975041,0.55,0.5,0.45,-0.8,3.65,2.55,3.2,3.35,1.0,1.0,0.050000000000000044,1.25,1.1,-0.1499999999999999,0.0,away,11.0
20250423-Tokyo_Yakult_Swallows-Hiroshima_Toyo_Carp,2025-04-23 18:00:00,2025,Tokyo Yakult Swallows,Hiroshima Toyo Carp,1.0,7.0,Final,マツダスタジアム,162,159,0.588128813075182,0.625,0.425,0.85,-1.15,3.6,2.95,2.75,4.1,3.0,3.0,0.2,2.0,0.6499999999999999,-1.3499999999999996,0.0,home,8.0
20250424-Hanshin_Tigers-Yokohama_DeNA_BayStars,2025-04-24 17:45:00,2025,Hanshin Tigers,Yokohama DeNA BayStars,4.0,2.0,Final,横 浜,175,165,0.4661214598947304,0.4,0.575,0.35,0.5,3.65,3.4,3.3,2.9,1.0,1.0,-0.17499999999999993,-0.15000000000000002,0.25,0.3999999999999999,0.0,away,6.0
20250425-Chiba_Lotte_Marines-Hokkaido_Nippon-Ham_Fighters,2025-04-25 18:00:00,2025,Chiba Lotte Marines,Hokkaido Nippon-Ham Fighters,2.0,1.0,Final,エスコンＦ,170,165,0.5634349365407004,0.5,0.45,0.1,-0.35,3.7,2.95,3.6,3.3,2.0,2.0,0.04999999999999999,0.44999999999999996,0.75,0.30000000000000027,0.0,away,3.0
20250425-Fukuoka_SoftBank_Hawks-Tohoku_Rakuten_Golden_Eagles,2025-04-25 18:00:00,2025,Fukuoka SoftBank Hawks,Tohoku Rakuten Golden Eagles,1.0,0.0,Final,楽天モバイル,164,172,0.468342716885947,0.55,0.45,-0.5,0.5,2.85,3.9,3.35,3.4,2.0,2.0,0.10000000000000003,-1.0,-1.0499999999999998,-0.04999999999999982,0.0,away,1.0
20250425-Hiroshima_Toyo_Carp-Yokohama_DeNA_BayStars,2025-04-25 18:00:00,2025,Hiroshima Toyo Carp,Yokohama DeNA BayStars,1.0,2.0,Final,横 浜,176,163,0.5005659269023545,0.35,0.625,-0.1,1.05,3.4,3.8,3.5,2.75,1.0,2.0,-0.275,-1.1500000000000001,-0.3999999999999999,0.75,-1.0,home,3.0
20250425-Orix_Buffaloes-Saitama_Seibu_Lions,2025-04-25 18:00:00,2025,Orix Buffaloes,Saitama Seibu Lions,6.0,2.0,Final,ベルーナドーム,163,165,0.5155435954725399,0.45,0.6,-0.35,0.7,2.5,3.8,2.85,3.1,2.0,2.0,-0.14999999999999997,-1.0499999999999998,-1.2999999999999998,-0.25,0.0,away,8.0
20250425-Tokyo_Yakult_Swallows-Chunichi_Dragons,2025-04-25 18:00:00,2025,Tokyo Yakult Swallows,Chunichi Dragons,6.0,4.0,Final,バンテリンドーム,163,160,0.5534275263253472,0.45,0.375,-1.0,-1.5,1.75,2.75,2.75,4.25,2.0,2.0,0.07500000000000001,0.5,-1.0,-1.5,0.0,away,10.0
20250425-Yomiuri_Giants-Hanshin_Tigers,2025-04-25 18:00:00,2025,Yomiuri Giants,Hanshin Tigers,1.0,4.0,Final,甲子園,166,171,0.5361146290730163,0.575,0.525,0.4,0.15,3.4,3.2,3.0,3.05,1.0,2.0,0.04999999999999993,0.25,0.19999999999999973,-0.04999999999999982,-1.0,home,5.0
20250426-Chiba_Lotte_Marines-Hokkaido_Nippon-Ham_Fighters,2025-04-26 14:00:00,2025,Chiba Lotte Marines,Hokkaido Nippon-Ham Fighters,1.0,2.0,Final,エスコンＦ,171,166,0.5287183317089318,0.45,0.5,0.0,-0.15,3.6,2.95,3.6,3.1,1.0,1.0,-0.04999999999999999,0.15,0.6499999999999999,0.5,0.0,home,3.0
20250426-Fukuoka_SoftBank_Hawks-Tohoku_Rakuten_Golden_Eagles,2025-04-26 14:00:00,2025,Fukuoka SoftBank Hawks,Tohoku Rakuten Golden Eagles,3.0,6.0,Final,楽天モバイル,165,173,0.43948169451726743,0.5,0.5,-0.6,0.6,2.6,3.75,3.2,3.15,1.0,1.0,0.0,-1.2,-1.15,0.050000000000000266,0.0,home,9.0
20250426-Hiroshima_Toyo_Carp-Yokohama_DeNA_BayStars,2025-04-26 14:00:00,2025,Hiroshima Toyo Carp,Yokohama DeNA BayStars,0.0,2.0,Final,横 浜,177,164,0.5315735744439806,0.35,0.625,-0.3,1.2,3.25,3.85,3.55,2.65,1.0,1.0,-0.275,-1.5,-0.6000000000000001,0.8999999999999999,0.0,home,2.0
20250426-Orix_Buffaloes-Saitama_Seibu_Lions,2025-04-26 14:00:00,2025,Orix Buffaloes,Saitama Seibu Lions,0.0,3.0,Final,ベルーナドーム,164,166,0.47639243267344694,0.45,0.6,-0.45,0.65,2.6,3.8,3.05,3.15,1.0,1.0,-0.14999999999999997,-1.1,-1.1999999999999997,-0.10000000000000009,0.0,home,3.0
20250426-Tokyo_Yakult_Swallows-Chunichi_Dragons,2025-04-26 14:00:00,2025,Tokyo Yakult Swallows,Chunichi Dragons,2.0,5.0,Final,バンテリンドーム,164,161,0.5166709891118823,0.45,0.375,-0.85,-1.5,1.95,2.8,2.8,4.3,1.0,1.0,0.07500000000000001,0.65,-0.8499999999999999,-1.5,0.0,home,7.0
20250426-Yomiuri_Giants-Hanshin_Tigers,2025-04-26 14:00:00,2025,Yomiuri Giants,Hanshin Tigers,2.0,6.0,Final,甲子園,167,172,0.5688496584744579,0.575,0.475,0.5,-0.15,3.45,3.1,2.95,3.25,1.0,1.0,0.09999999999999998,0.65,0.3500000000000001,-0.2999999999999998,0.0,home,8.0
20250427-Chiba_Lotte_Marines-Hokkaido_Nippon-Ham_Fighters,2025-04-27 13:00:00,2025,Chiba Lotte Marines,Hokkaido Nippon-Ham Fighters,5.0,3.0,Final,エスコンＦ,172,167,0.557790043697838,0.45,0.45,-0.05,-0.5,3.35,2.6,3.4,3.1,1.0,1.0,0.0,0.45,0.75,0.2999999999999998,0.0,away,8.0
20250427-Fukuoka_SoftBank_Hawks-Tohoku_Rakuten_Golden_Eagles,2025-04-27 13:00:00,2025,Fukuoka SoftBank Hawks,Tohoku Rakuten Golden Eagles,2.0,3.0,Final,楽天モバイル,166,174,0.47920541666099553,0.55,0.5,-0.2,0.6,2.85,3.7,3.05,3.1,1.0,1.0,0.050000000000000044,-0.8,-0.8500000000000001,-0.050000000000000266,0.0,home,5.0
20250427-Orix_Buffaloes-Saitama_Seibu_Lions,2025-04-27 13:00:00,2025,Orix Buffaloes,Saitama Seibu Lions,2.0,3.0,Final,ベルーナドーム,165,167,0.513746581852026,0.5,0.55,-0.25,0.45,2.65,3.65,2.9,3.2,1.0,1.0,-0.050000000000000044,-0.7,-1.0,-0.30000000000000027,0.0,home,5.0
20250427-Tokyo_Yakult_Swallows-Chunichi_Dragons,2025-04-27 13:30:00,2025,Tokyo Yakult Swallows,Chunichi Dragons,6.0,2.0,Final,バンテリンドーム,165,162,0.5509992894368011,0.45,0.375,-0.75,-1.5,2.15,2.8,2.9,4.3,1.0,1.0,0.07500000000000001,0.75,-0.6499999999999999,-1.4,0.0,away,8.0
20250427-Hiroshima_Toyo_Carp-Yokohama_DeNA_BayStars,2025-04-27 14:00:00,2025,Hiroshima Toyo Carp,Yokohama DeNA BayStars,1.0,2.0,Final,横 浜,178,165,0.5625651593322165,0.4,0.625,-0.15,1.15,3.35,3.75,3.5,2.6,1.0,1.0,-0.22499999999999998,-1.2999999999999998,-0.3999999999999999,0.8999999999999999,0.0,home,3.0
20250427-Yomiuri_Giants-Hanshin_Tigers,2025-04-27 14:00:00,2025,Yomiuri Giants,Hanshin Tigers,2.0,1.0,Final,甲子園,168,173,0.6006570805395386,0.625,0.475,0.8,-0.3,3.75,3.1,2.95,3.4,1.0,1.0,0.15000000000000002,1.1,0.6499999999999999,-0.44999999999999973,0.0,away,3.0
20250429-Chiba_Lotte_Marines-Orix_Buffaloes,2025-04-29 13:00:00,2025,Chiba Lotte Marines,Orix Buffaloes,2.0,3.0,Final,京セラD大阪,168,168,0.5229270963240666,0.5,0.45,0.35,-0.45,3.6,2.6,3.25,3.05,2.0,2.0,0.04999999999999999,0.8,1.0,0.20000000000000018,0.0,home,5.0
20250429-Yokohama_DeNA_BayStars-Tokyo_Yakult_Swallows,2025-04-29 13:30:00,2025,Yokohama DeNA BayStars,Tokyo Yakult Swallows,6.0,1.0,Final,神 宮,163,179,0.43933230172030335,0.425,0.4,-1.2,-0.15,3.05,3.35,4.25,3.5,2.0,2.0,0.024999999999999967,-1.05,-0.30000000000000027,0.75,0.0,away,7.0
20250429-Hanshin_Tigers-Chunichi_Dragons,2025-04-29 14:00:00,2025,Hanshin Tigers,Chunichi Dragons,1.0,4.0,Final,バンテリンドーム,166,169,0.36005413702538597,0.45,0.625,-0.9,1.05,2.2,3.75,3.1,2.7,2.0,2.0,-0.175,-1.9500000000000002,-1.5499999999999998,0.3999999999999999,0.0,home,5.0
20250429-Hiroshima_Toyo_Carp-Yomiuri_Giants,2025-04-29 14:00:00,2025,Hiroshima Toyo Carp,Yomiuri Giants,3.0,4.0,Final,東京ドーム,174,166,0.6153889364191042,0.475,0.575,-0.35,1.0,3.1,3.7,3.45,2.7,2.0,2.0,-0.09999999999999998,-1.35,-0.6000000000000001,0.75,0.0,home,7.0
20250429-Tohoku_Rakuten_Golden_Eagles-Saitama_Seibu_Lions,2025-04-29 14:00:00,2025,Tohoku Rakuten Golden Eagles,Saitama Seibu Lions,1.0,7.0,Final,ベルーナドーム,166,167,0.5140053539616993,0.55,0.55,-0.1,-0.3,2.55,2.8,2.65,3.1,2.0,2.0,0.0,0.19999999999999998,-0.25,-0.4500000000000002,0.0,home,8.0
20250429-Hokkaido_Nippon-Ham_Fighters-Fukuoka_SoftBank_Hawks,2025-04-29 18:00:00,2025,Hokkaido Nippon-Ham Fighters,Fukuoka SoftBank Hawks,2.0,1.0,Final,みずほPayPay,175,173,0.5774758070445358,0.45,0.45,0.35,0.05,3.55,3.45,3.2,3.4,2.0,2.0,0.0,0.3,0.09999999999999964,-0.19999999999999973,0.0,away,3.0
20250430-Chiba_Lotte_Marines-Orix_Buffaloes,2025-04-30 18:00:00,2025,Chiba Lotte Marines,Orix Buffaloes,0.0,5.0,Final,京セラD大阪,169,169,0.5524094946055688,0.5,0.4,0.35,-0.65,3.55,2.35,3.2,3.0,1.0,1.0,0.09999999999999998,1.0,1.1999999999999997,0.20000000000000018,0.0,home,5.0
20250430-Hanshin_Tigers-Chunichi_Dragons,2025-04-30 18:00:00,2025,Hanshin Tigers,Chunichi Dragons,4.0,5.0,Final,バンテリンドーム,167,170,0.4031369193005204,0.45,0.6,-0.8,0.9,2.25,3.5,3.05,2.6,1.0,1.0,-0.14999999999999997,-1.7000000000000002,-1.25,0.44999999999999973,0.0,home,9.0
20250430-Hiroshima_Toyo_Carp-Yomiuri_Giants,2025-04-30 18:00:00,2025,Hiroshima Toyo Carp,Yomiuri Giants,0.0,2.0,Final,東京ドーム,175,167,0.6377626779998377,0.475,0.575,-0.4,1.0,3.05,3.65,3.45,2.65,1.0,1.0,-0.09999999999999998,-1.4,-0.6000000000000001,0.8000000000000003,0.0,home,2.0
20250430-Hokkaido_Nippon-Ham_Fighters-Fukuoka_SoftBank_Hawks,2025-04-30 18:00:00,2025,Hokkaido Nippon-Ham Fighters,Fukuoka SoftBank Hawks,6.0,1.0,Final,みずほPayPay,176,174,0.5421034652042925,0.45,0.45,0.4,0.0,3.55,3.4,3.15,3.4,1.0,1.0,0.0,0.4,0.1499999999999999,-0.25,0.0,away,7.0
20250430-Tohoku_Rakuten_Golden_Eagles-Saitama_Seibu_Lions,2025-04-30 18:00:00,2025,Tohoku Rakuten Golden Eagles,Saitama Seibu Lions,1.0,3.0,Final,ベルーナドーム,167,168,0.5551878805004457,0.6,0.5,0.35,-0.7,2.85,2.7,2.5,3.4,1.0,1.0,0.09999999999999998,1.0499999999999998,0.1499999999999999,-0.8999999999999999,0.0,home,4.0
20250430-Yokohama_DeNA_BayStars-Tokyo_Yakult_Swallows,2025-04-30 18:00:00,2025,Yokohama DeNA BayStars,Tokyo Yakult Swallows,1.0,4.0,Final,神 宮,164,180,0.4048019397203628,0.425,0.4,-1.4,-0.2,2.85,3.3,4.25,3.5,1.0,1.0,0.024999999999999967,-1.2,-0.44999999999999973,0.75,0.0,home,5.0
20250501-Hanshin_Tigers-Chunichi_Dragons,2025-05-01 18:00:00,2025,Hanshin Tigers,Chunichi Dragons,2.0,3.0,Final,バンテリンドーム,168,171,0.4393047766708212,0.5,0.6,-0.65,1.0,2.5,3.6,3.15,2.6,1.0,1.0,-0.09999999999999998,-1.65,-1.1,0.5499999999999998,0.0,home,5.0
20250501-Hiroshima_Toyo_Carp-Yomiuri_Giants,2025-05-01 18:00:00,2025,Hiroshima Toyo Carp,Yomiuri Giants,3.0,4.0,Final,東京ドーム,176,168,0.6598038420259161,0.525,0.575,-0.05,1.05,3.05,3.65,3.1,2.6,1.0,1.0,-0.04999999999999993,-1.1,-0.6000000000000001,0.5,0.0,home,7.0
20250501-Hokkaido_Nippon-Ham_Fighters-Fukuoka_SoftBank_Hawks,2025-05-01 18:00:00,2025,Hokkaido Nippon-Ham Fighters,Fukuoka SoftBank Hawks,3.0,2.0,Final,みずほPayPay,177,175,0.4985150334413001,0.45,0.5,0.45,0.3,3.6,3.55,3.15,3.25,1.0,1.0,-0.04999999999999999,0.15000000000000002,0.050000000000000266,-0.10000000000000009,0.0,away,5.0
20250501-Tohoku_Rakuten_Golden_Eagles-Saitama_Seibu_Lions,2025-05-01 18:00:00,2025,Tohoku Rakuten Golden Eagles,Saitama Seibu Lions,1.0,2.0,Final,ベルーナドーム,168,169,0.5843031932164376,0.6,0.5,0.15,-0.75,2.7,2.75,2.55,3.5,1.0,1.0,0.09999999999999998,0.9,-0.04999999999999982,-0.9500000000000002,0.0,home,3.0
20250501-Yokohama_DeNA_BayStars-Tokyo_Yakult_Swallows,2025-05-01 18:00:00,2025,Yokohama DeNA BayStars,Tokyo Yakult Swallows,3.0,0.0,Final,神 宮,165,181,0.44631893309695264,0.475,0.375,-0.65,-0.35,3.05,3.05,3.7,3.4,1.0,1.0,0.09999999999999998,-0.30000000000000004,0.0,0.30000000000000027,0.0,away,3.0
20250502-Chiba_Lotte_Marines-Fukuoka_SoftBank_Hawks,2025-05-02 18:00:00,2025,Chiba Lotte Marines,Fukuoka SoftBank Hawks,3.0,4.0,Final,みずほPayPay,178,170,0.547555786299878,0.45,0.4,0.55,-0.85,3.55,2.25,3.0,3.1,1.0,2.0,0.04999999999999999,1.4,1.2999999999999998,-0.10000000000000009,-1.0,home,7.0
20250502-Chunichi_Dragons-Hiroshima_Toyo_Carp,2025-05-02 18:00:00,2025,Chunichi Dragons,Hiroshima Toyo Carp,4.0,2.0,Final,マツダスタジアム,169,169,0.48325709989281607,0.525,0.55,0.7,-0.5,3.4,2.5,2.7,3.0,1.0,1.0,-0.025000000000000022,1.2,0.8999999999999999,-0.2999999999999998,0.0,away,6.0
20250502-Orix_Buffaloes-Tohoku_Rakuten_Golden_Eagles,2025-05-02 18:00:00,2025,Orix Buffaloes,Tohoku Rakuten Golden Eagles,,,Postponed,楽天モバイル,170,170,0.4774280765611303,0.45,0.5,-1.05,0.1,2.55,3.25,3.6,3.15,1.0,2.0,-0.04999999999999999,-1.1500000000000001,-0.7000000000000002,0.4500000000000002,-1.0,,
20250502-Tokyo_Yakult_Swallows-Hanshin_Tigers,2025-05-02 18:00:00,2025,Tokyo Yakult Swallows,Hanshin Tigers,0.0,4.0,Final,甲子園,172,166,0.6322228783440385,0.55,0.475,0.7,-0.65,3.35,3.05,2.65,3.7,1.0,1.0,0.07500000000000007,1.35,0.30000000000000027,-1.0500000000000003,0.0,home,4.0
20250502-Yomiuri_Giants-Yokohama_DeNA_BayStars,2025-05-02 18:00:00,2025,Yomiuri Giants,Yokohama DeNA BayStars,,,Postponed,横 浜,182,177,0.47914373032959695,0.375,0.575,-0.35,0.05,2.95,3.1,3.3,3.05,1.0,1.0,-0.19999999999999996,-0.39999999999999997,-0.1499999999999999,0.25,0.0,,
20250503-Chiba_Lotte_Marines-Fukuoka_SoftBank_Hawks,2025-05-03 14:00:00,2025,Chiba Lotte Marines,Fukuoka SoftBank Hawks,0.0,5.0,Final,みずほPayPay,179,171,0.5752522895929418,0.45,0.4,0.1,-0.85,3.2,2.3,3.1,3.15,1.0,1.0,0.04999999999999999,0.95,0.9000000000000004,-0.04999999999999982,0.0,home,5.0
20250503-Chunichi_Dragons-Hiroshima_Toyo_Carp,2025-05-03 14:00:00,2025,Chunichi Dragons,Hiroshima Toyo Carp,0.0,2.0,Final,マツダスタジアム,170,170,0.4511378035071345,0.475,0.575,0.55,-0.4,3.1,2.65,2.55,3.05,1.0,1.0,-0.09999999999999998,0.9500000000000001,0.4500000000000002,-0.5,0.0,home,2.0
20250503-Orix_Buffaloes-Tohoku_Rakuten_Golden_Eagles,2025-05-03 14:00:00,2025,Orix Buffaloes,Tohoku Rakuten Golden Eagles,7.0,0.0,Final,楽天モバイル,170,170,0.4774280765611303,0.45,0.5,-1.05,0.1,2.55,3.25,3.6,3.15,2.0,3.0,-0.04999999999999999,-1.1500000000000001,-0.7000000000000002,0.4500000000000002,-1.0,away,7.0
20250503-Saitama_Seibu_Lions-Hokkaido_Nippon-Ham_Fighters,2025-05-03 14:00:00,2025,Saitama Seibu Lions,Hokkaido Nippon-Ham Fighters,4.0,3.0,Final,エスコンＦ,176,169,0.5182519430811655,0.55,0.6,0.85,0.05,3.65,2.5,2.8,2.45,2.0,2.0,-0.04999999999999993,0.7999999999999999,1.15,0.34999999999999964,0.0,away,7.0
20250503-Tokyo_Yakult_Swallows-Hanshin_Tigers,2025-05-03 14:00:00,2025,Tokyo Yakult Swallows,Hanshin Tigers,1.0,7.0,Final,甲子園,173,167,0.6578094405584166,0.55,0.425,0.85,-0.9,3.35,2.8,2.5,3.7,1.0,1.0,0.12500000000000006,1.75,0.5500000000000003,-1.2000000000000002,0.0,home,8.0
20250503-Yomiuri_Giants-Yokohama_DeNA_BayStars,2025-05-03 14:00:00,2025,Yomiuri Giants,Yokohama DeNA BayStars,0.0,1.0,Final,横 浜,182,177,0.47914373032959695,0.375,0.575,-0.35,0.05,2.95,3.1,3.3,3.05,2.0,2.0,-0.19999999999999996,-0.39999999999999997,-0.1499999999999999,0.25,0.0,home,1.0
20250504-Chiba_Lotte_Marines-Fukuoka_SoftBank_Hawks,2025-05-04 13:00:00,2025,Chiba Lotte Marines,Fukuoka SoftBank Hawks,3.0,5.0,Final,みずほPayPay,180,172,0.6083152213230013,0.45,0.4,0.2,-1.0,3.2,2.25,3.0,3.25,1.0,1.0,0.04999999999999999,1.2,0.9500000000000002,-0.25,0.0,home,8.0
20250504-Orix_Buffaloes-Tohoku_Rakuten_Golden_Eagles,2025-05-04 13:00:00,2025,Orix Buffaloes,Tohoku Rakuten Golden Eagles,3.0,14.0,Final,楽天モバイル,171,171,0.43491075341589325,0.45,0.5,-1.25,0.35,2.45,3.3,3.7,2.95,1.0,1.0,-0.04999999999999999,-1.6,-0.8499999999999996,0.75,0.0,home,17.0
20250504-Saitama_Seibu_Lions-Hokkaido_Nippon-Ham_Fighters,2025-05-04 13:00:00,2025,Saitama Seibu Lions,Hokkaido Nippon-Ham Fighters,2.0,3.0,Final,エスコンＦ,177,170,0.486044064241949,0.55,0.65,0.9,0.6,3.6,2.65,2.7,2.05,1.0,1.0,-0.09999999999999998,0.30000000000000004,0.9500000000000002,0.6500000000000004,0.0,home,5.0
20250504-Chunichi_Dragons-Hiroshima_Toyo_Carp,2025-05-04 13:30:00,2025,Chunichi Dragons,Hiroshima Toyo Carp,4.0,9.0,Final,マツダスタジアム,171,171,0.48763413810656014,0.475,0.575,0.6,-0.4,2.85,2.65,2.25,3.05,1.0,1.0,-0.09999999999999998,1.0,0.20000000000000018,-0.7999999999999998,0.0,home,13.0
20250504-Tokyo_Yakult_Swallows-Hanshin_Tigers,2025-05-04 14:00:00,2025,Tokyo Yakult Swallows,Hanshin Tigers,5.0,2.0,Final,甲子園,174,168,0.6835555252471632,0.55,0.375,1.1,-1.35,3.65,2.7,2.55,4.05,1.0,1.0,0.17500000000000004,2.45,0.9499999999999997,-1.5,0.0,away,7.0
20250504-Yomiuri_Giants-Yokohama_DeNA_BayStars,2025-05-04 14:00:00,2025,Yomiuri Giants,Yokohama DeNA BayStars,3.0,1.0,Final,横 浜,183,178,0.5115111159461865,0.425,0.575,0.0,0.05,2.9,3.1,2.9,3.05,1.0,1.0,-0.14999999999999997,-0.05,-0.20000000000000018,-0.1499999999999999,0.0,away,4.0
20250505-Yokohama_DeNA_BayStars-Chunichi_Dragons,2025-05-05 14:00:00,2025,Yokohama DeNA BayStars,Chunichi Dragons,2.0,1.0,Final,バンテリンドーム,172,184,0.4442752843044793,0.525,0.425,-0.7,-0.05,2.55,2.6,3.25,2.65,1.0,1.0,0.10000000000000003,-0.6499999999999999,-0.050000000000000266,0.6000000000000001,0.0,away,3.0
20250505-Tohoku_Rakuten_Golden_Eagles-Chiba_Lotte_Marines,2025-05-05 15:00:00,2025,Tohoku Rakuten Golden Eagles,Chiba Lotte Marines,2.0,1.0,Final,ZOZOマリン,173,172,0.47144760169727656,0.35,0.5,-1.15,-0.4,2.35,3.05,3.5,3.45,1.0,1.0,-0.15000000000000002,-0.7499999999999999,-0.6999999999999997,0.04999999999999982,0.0,away,3.0
20250505-Fukuoka_SoftBank_Hawks-Saitama_Seibu_Lions,2025-05-05 18:00:00,2025,Fukuoka SoftBank Hawks,Saitama Seibu Lions,2.0,0.0,Final,ベルーナドーム,171,181,0.5562025964644843,0.65,0.45,0.75,0.25,2.6,2.95,1.85,2.7,1.0,1.0,0.2,0.5,-0.3500000000000001,-0.8500000000000001,0.0,away,2.0
20250505-Hanshin_Tigers-Yomiuri_Giants,2025-05-05 18:00:00,2025,Hanshin Tigers,Yomiuri Giants,10.0,1.0,Final,東京ドーム,179,175,0.5822824375099179,0.6,0.55,0.15,1.0,3.1,3.75,2.95,2.75,1.0,1.0,0.04999999999999993,-0.85,-0.6499999999999999,0.20000000000000018,0.0,away,11.0
20250505-Hiroshima_Toyo_Carp-Tokyo_Yakult_Swallows,2025-05-05 18:00:00,2025,Hiroshima Toyo Carp,Tokyo Yakult Swallows,4.0,0.0,Final,神 宮,169,172,0.4955854654401453,0.4,0.5,-1.2,0.85,2.9,3.25,4.1,2.4,1.0,1.0,-0.09999999999999998,-2.05,-0.3500000000000001,1.6999999999999997,0.0,away,4.0
20250505-Hokkaido_Nippon-Ham_Fighters-Orix_Buffaloes,2025-05-05 18:00:00,2025,Hokkaido Nippon-Ham Fighters,Orix Buffaloes,0.0,1.0,Final,京セラD大阪,172,178,0.5040435723666823,0.5,0.55,-0.05,0.8,3.35,3.5,3.4,2.7,1.0,1.0,-0.050000000000000044,-0.8500000000000001,-0.1499999999999999,0.6999999999999997,0.0,home,1.0
20250506-Fukuoka_SoftBank_Hawks-Saitama_Seibu_Lions,2025-05-06 14:00:00,2025,Fukuoka SoftBank Hawks,Saitama Seibu Lions,10.0,0.0,Final,ベルーナドーム,172,182,0.5192911213572823,0.6,0.475,0.55,0.35,2.5,3.0,1.95,2.65,1.0,1.0,0.125,0.20000000000000007,-0.5,-0.7,0.0,away,10.0
20250506-Hiroshima_Toyo_Carp-Tokyo_Yakult_Swallows,2025-05-06 14:00:00,2025,Hiroshima Toyo Carp,Tokyo Yakult Swallows,,,Postponed,神 宮,170,173,0.45802714800034944,0.35,0.55,-1.5,1.15,2.8,3.4,4.3,2.25,1.0,1.0,-0.20000000000000007,-2.65,-0.6000000000000001,2.05,0.0,,
20250506-Hokkaido_Nippon-Ham_Fighters-Orix_Buffaloes,2025-05-06 14:00:00,2025,Hokkaido Nippon-Ham Fighters,Orix Buffaloes,7.0,3.0,Final,京セラD大阪,173,179,0.5348207141654399,0.55,0.5,0.05,0.45,2.95,3.1,2.9,2.65,1.0,1.0,0.050000000000000044,-0.4,-0.1499999999999999,0.25,0.0,away,10.0
20250506-Tohoku_Rakuten_Golden_Eagles-Chiba_Lotte_Marines,2025-05-06 14:00:00,2025,Tohoku Rakuten Golden Eagles,Chiba Lotte Marines,,,Postponed,ZOZOマリン,174,173,0.4423640391139711,0.35,0.55,-0.95,0.15,2.4,3.15,3.35,3.0,1.0,1.0,-0.20000000000000007,-1.0999999999999999,-0.75,0.3500000000000001,0.0,,
20250506-Yokohama_DeNA_BayStars-Chunichi_Dragons,2025-05-06 14:00:00,2025,Yokohama DeNA BayStars,Chunichi Dragons,3.0,0.0,Final,バンテリンドーム,173,185,0.41719213609529726,0.5,0.475,-0.75,0.05,2.55,2.4,3.3,2.35,1.0,1.0,0.025000000000000022,-0.8,0.1499999999999999,0.9499999999999997,0.0,away,3.0
20250506-Hanshin_Tigers-Yomiuri_Giants,2025-05-06 18:00:00,2025,Hanshin Tigers,Yomiuri Giants,7.0,1.0,Final,東京ドーム,180,176,0.5293734695447943,0.55,0.6,-0.45,1.55,2.85,4.1,3.3,2.55,1.0,1.0,-0.04999999999999993,-2.0,-1.2499999999999996,0.75,0.0,away,8.0
20250507-Fukuoka_SoftBank_Hawks-Saitama_Seibu_Lions,2025-05-07 18:00:00,2025,Fukuoka SoftBank Hawks,Saitama Seibu Lions,1.0,7.0,Final,ベルーナドーム,173,183,0.4715031378860563,0.6,0.475,0.15,0.8,2.5,3.25,2.35,2.45,1.0,1.0,0.125,-0.65,-0.75,-0.10000000000000009,0.0,home,8.0
20250507-Hanshin_Tigers-Yomiuri_Giants,2025-05-07 18:00:00,2025,Hanshin Tigers,Yomiuri Giants,4.0,6.0,Final,東京ドーム,181,177,0.4843121658664872,0.55,0.6,-0.3,1.7,2.75,4.15,3.05,2.45,1.0,1.0,-0.04999999999999993,-2.0,-1.4000000000000004,0.5999999999999996,0.0,home,10.0
20250507-Hiroshima_Toyo_Carp-Tokyo_Yakult_Swallows,2025-05-07 18:00:00,2025,Hiroshima Toyo Carp,Tokyo Yakult Swallows,5.0,3.0,Final,神 宮,170,173,0.45802714800034944,0.35,0.55,-1.5,1.15,2.8,3.4,4.3,2.25,2.0,2.0,-0.20000000000000007,-2.65,-0.6000000000000001,2.05,0.0,away,8.0
20250507-Hokkaido_Nippon-Ham_Fighters-Orix_Buffaloes,2025-05-07 18:00:00,2025,Hokkaido Nippon-Ham Fighters,Orix Buffaloes,2.0,2.0,Final,京セラD大阪,174,180,0.494238909444351,0.525,0.5,-0.15,0.15,3.05,2.95,3.2,2.8,1.0,1.0,0.025000000000000022,-0.3,0.09999999999999964,0.40000000000000036,0.0,draw,4.0
20250507-Tohoku_Rakuten_Golden_Eagles-Chiba_Lotte_Marines,2025-05-07 18:00:00,2025,Tohoku Rakuten Golden Eagles,Chiba Lotte Marines,3.0,7.0,Final,ZOZOマリン,174,173,0.4423640391139711,0.35,0.55,-0.95,0.15,2.4,3.15,3.35,3.0,2.0,2.0,-0.20000000000000007,-1.0999999999999999,-0.75,0.3500000000000001,0.0,home,10.0
20250507-Yokohama_DeNA_BayStars-Chunichi_Dragons,2025-05-07 18:00:00,2025,Yokohama DeNA BayStars,Chunichi Dragons,1.0,2.0,Final,バンテリンドーム,174,186,0.3885461277908226,0.45,0.5,-1.0,0.2,2.4,2.4,3.4,2.2,1.0,1.0,-0.04999999999999999,-1.2,0.0,1.1999999999999997,0.0,home,3.0
20250509-Chiba_Lotte_Marines-Saitama_Seibu_Lions,2025-05-09 18:00:00,2025,Chiba Lotte Marines,Saitama Seibu Lions,0.0,1.0,Final,県営大宮,174,175,0.6340146558299529,0.6,0.35,0.4,-0.95,2.75,2.4,2.35,3.35,2.0,2.0,0.25,1.35,0.3500000000000001,-1.0,0.0,home,1.0
20250509-Chunichi_Dragons-Hanshin_Tigers,2025-05-09 18:00:00,2025,Chunichi Dragons,Hanshin Tigers,,,Postponed,甲子園,178,175,0.6479704642961024,0.6,0.5,1.65,-0.9,4.25,2.45,2.6,3.35,2.0,2.0,0.09999999999999998,2.55,1.7999999999999998,-0.75,0.0,,
20250509-Fukuoka_SoftBank_Hawks-Orix_Buffaloes,2025-05-09 18:00:00,2025,Fukuoka SoftBank Hawks,Orix Buffaloes,11.0,1.0,Final,京セラD大阪,175,184,0.49620487918922096,0.5,0.425,-0.3,0.1,2.95,2.9,3.25,2.8,2.0,2.0,0.07500000000000001,-0.4,0.050000000000000266,0.4500000000000002,0.0,away,12.0
20250509-Hiroshima_Toyo_Carp-Yokohama_DeNA_BayStars,2025-05-09 18:00:00,2025,Hiroshima Toyo Carp,Yokohama DeNA BayStars,3.0,4.0,Final,横 浜,187,174,0.5880258630284971,0.5,0.55,0.3,1.2,2.3,3.55,2.0,2.35,2.0,2.0,-0.050000000000000044,-0.8999999999999999,-1.25,-0.3500000000000001,0.0,home,7.0
20250509-Tohoku_Rakuten_Golden_Eagles-Hokkaido_Nippon-Ham_Fighters,2025-05-09 18:00:00,2025,Tohoku Rakuten Golden Eagles,Hokkaido Nippon-Ham Fighters,1.0,2.0,Final,エスコンＦ,181,174,0.6053818434976949,0.475,0.55,0.05,0.1,2.95,3.25,2.9,3.15,2.0,2.0,-0.07500000000000007,-0.05,-0.2999999999999998,-0.25,0.0,home,3.0
20250509-Yomiuri_Giants-Tokyo_Yakult_Swallows,2025-05-09 18:00:00,2025,Yomiuri Giants,Tokyo Yakult Swallows,2.0,5.0,Final,神 宮,171,182,0.3613184510933566,0.35,0.6,-1.55,-0.15,2.7,3.05,4.25,3.2,2.0,2.0,-0.25,-1.4000000000000001,-0.34999999999999964,1.0499999999999998,0.0,home,7.0
20250510-Chunichi_Dragons-Hanshin_Tigers,2025-05-10 14:00:00,2025,Chunichi Dragons,Hanshin Tigers,0.0,2.0,Final,甲子園,178,175,0.6479704642961024,0.6,0.5,1.65,-0.9,4.25,2.45,2.6,3.35,3.0,3.0,0.09999999999999998,2.55,1.7999999999999998,-0.75,0.0,home,2.0
20250510-Hiroshima_Toyo_Carp-Yokohama_DeNA_BayStars,2025-05-10 14:00:00,2025,Hiroshima Toyo Carp,Yokohama DeNA BayStars,5.0,3.0,Final,横 浜,188,175,0.6126012601538264,0.5,0.5,0.3,0.7,2.25,3.1,1.95,2.4,1.0,1.0,0.0,-0.39999999999999997,-0.8500000000000001,-0.44999999999999996,0.0,away,8.0
20250510-Tohoku_Rakuten_Golden_Eagles-Hokkaido_Nippon-Ham_Fighters,2025-05-10 14:00:00,2025,Tohoku Rakuten Golden Eagles,Hokkaido Nippon-Ham Fighters,7.0,8.0,Final,エスコンＦ,182,175,0.6285669991570185,0.525,0.55,0.15,0.15,3.0,3.2,2.85,3.05,1.0,1.0,-0.025000000000000022,0.0,-0.20000000000000018,-0.19999999999999973,0.0,home,15.0
20250510-Chiba_Lotte_Marines-Saitama_Seibu_Lions,2025-05-10 18:00:00,2025,Chiba Lotte Marines,Saitama Seibu Lions,0.0,7.0,Final,ベルーナドーム,175,176,0.654864606175999,0.6,0.35,0.2,-0.9,2.45,2.4,2.25,3.3,1.0,1.0,0.25,1.1,0.050000000000000266,-1.0499999999999998,0.0,home,7.0
20250510-Fukuoka_SoftBank_Hawks-Orix_Buffaloes,2025-05-10 18:00:00,2025,Fukuoka SoftBank Hawks,Orix Buffaloes,1.0,6.0,Final,京セラD大阪,176,185,0.45066370721865706,0.45,0.475,-0.9,0.65,2.8,3.4,3.7,2.75,1.0,1.0,-0.024999999999999967,-1.55,-0.6000000000000001,0.9500000000000002,0.0,home,7.0
20250510-Yomiuri_Giants-Tokyo_Yakult_Swallows,2025-05-10 18:00:00,2025,Yomiuri Giants,Tokyo Yakult Swallows,3.0,2.0,Final,神 宮,172,183,0.404369954341215,0.35,0.6,-1.45,-0.2,2.9,3.0,4.35,3.2,1.0,1.0,-0.25,-1.25,-0.10000000000000009,1.1499999999999995,0.0,away,5.0
20250511-Fukuoka_SoftBank_Hawks-Orix_Buffaloes,2025-05-11 13:00:00,2025,Fukuoka SoftBank Hawks,Orix Buffaloes,7.0,1.0,Final,京セラD大阪,177,186,0.49477411285149986,0.45,0.475,-0.9,0.6,2.8,3.35,3.7,2.75,1.0,1.0,-0.024999999999999967,-1.5,-0.5500000000000003,0.9500000000000002,0.0,away,8.0
20250511-Tohoku_Rakuten_Golden_Eagles-Hokkaido_Nippon-Ham_Fighters,2025-05-11 13:00:00,2025,Tohoku Rakuten Golden Eagles,Hokkaido Nippon-Ham Fighters,0.0,4.0,Final,エスコンＦ,183,176,0.6498640732260293,0.575,0.55,0.45,0.35,3.3,3.5,2.85,3.15,1.0,1.0,0.02499999999999991,0.10000000000000003,-0.20000000000000018,-0.2999999999999998,0.0,home,4.0
20250511-Chiba_Lotte_Marines-Saitama_Seibu_Lions,2025-05-11 14:00:00,2025,Chiba Lotte Marines,Saitama Seibu Lions,0.0,10.0,Final,ベルーナドーム,176,177,0.6823224525520272,0.65,0.35,0.65,-1.2,2.8,2.2,2.15,3.4,1.0,1.0,0.30000000000000004,1.85,0.5999999999999996,-1.25,0.0,home,10.0
20250511-Chunichi_Dragons-Hanshin_Tigers,2025-05-11 14:00:00,2025,Chunichi Dragons,Hanshin Tigers,0.0,1.0,Final,甲子園,179,176,0.6691088047457286,0.6,0.5,1.55,-0.85,4.1,2.3,2.55,3.15,1.0,1.0,0.09999999999999998,2.4,1.7999999999999998,-0.6000000000000001,0.0,home,1.0
20250511-Hiroshima_Toyo_Carp-Yokohama_DeNA_BayStars,2025-05-11 14:00:00,2025,Hiroshima Toyo Carp,Yokohama DeNA BayStars,2.0,4.0,Final,横 浜,189,176,0.573130241241025,0.5,0.5,0.25,0.75,2.4,3.3,2.15,2.55,1.0,1.0,0.0,-0.5,-0.8999999999999999,-0.3999999999999999,0.0,home,6.0
20250511-Yomiuri_Giants-Tokyo_Yakult_Swallows,2025-05-11 18:00:00,2025,Yomiuri Giants,Tokyo Yakult Swallows,1.0,2.0,Final,神 宮,173,184,0.3804006663311899,0.3,0.6,-1.6,-0.2,2.75,3.1,4.35,3.3,1.0,1.0,-0.3,-1.4000000000000001,-0.3500000000000001,1.0499999999999998,0.0,home,3.0
20250513-Chiba_Lotte_Marines-Tohoku_Rakuten_Golden_Eagles,2025-05-13 13:00:00,2025,Chiba Lotte Marines,Tohoku Rakuten Golden Eagles,3.0,4.0,Final,楽天モバイル,177,178,0.5768593855027349,0.5,0.35,0.1,-1.3,3.4,2.2,3.3,3.5,2.0,2.0,0.15000000000000002,1.4000000000000001,1.1999999999999997,-0.20000000000000018,0.0,home,7.0
20250513-Orix_Buffaloes-Hokkaido_Nippon-Ham_Fighters,2025-05-13 13:00:00,2025,Orix Buffaloes,Hokkaido Nippon-Ham Fighters,0.0,7.0,Final,エスコンＦ,184,178,0.6195421130197166,0.575,0.4,0.35,-1.3,3.05,2.75,2.7,4.05,2.0,2.0,0.17499999999999993,1.65,0.2999999999999998,-1.3499999999999996,0.0,home,7.0
20250513-Hanshin_Tigers-Yokohama_DeNA_BayStars,2025-05-13 18:00:00,2025,Hanshin Tigers,Yokohama DeNA BayStars,1.0,1.0,Final,ハードオフ新潟,190,180,0.49372367120121635,0.55,0.6,0.6,1.5,2.6,3.8,2.0,2.3,2.0,2.0,-0.04999999999999993,-0.9,-1.1999999999999997,-0.2999999999999998,0.0,draw,2.0
20250513-Saitama_Seibu_Lions-Fukuoka_SoftBank_Hawks,2025-05-13 18:00:00,2025,Saitama Seibu Lions,Fukuoka SoftBank Hawks,1.0,6.0,Final,京セラD大阪,187,177,0.5213426087332564,0.525,0.65,0.95,0.9,3.55,3.05,2.6,2.15,2.0,2.0,-0.125,0.04999999999999993,0.5,0.4500000000000002,0.0,home,7.0
20250513-Tokyo_Yakult_Swallows-Chunichi_Dragons,2025-05-13 18:00:00,2025,Tokyo Yakult Swallows,Chunichi Dragons,4.0,5.0,Final,豊 橋,177,174,0.5346863823580956,0.45,0.35,-0.95,-1.5,2.15,2.65,3.1,4.15,2.0,2.0,0.10000000000000003,0.55,-0.5,-1.0500000000000003,0.0,home,9.0
20250513-Yomiuri_Giants-Hiroshima_Toyo_Carp,2025-05-13 18:00:00,2025,Yomiuri Giants,Hiroshima Toyo Carp,4.0,5.0,Final,マツダスタジアム,177,185,0.48191515648784655,0.45,0.55,0.55,-0.5,3.15,2.9,2.6,3.4,2.0,2.0,-0.10000000000000003,1.05,0.25,-0.7999999999999998,0.0,home,9.0
20250514-Chiba_Lotte_Marines-Tohoku_Rakuten_Golden_Eagles,2025-05-14 13:00:00,2025,Chiba Lotte Marines,Tohoku Rakuten Golden Eagles,0.0,4.0,Final,楽天モバイル,178,179,0.602314982602019,0.5,0.35,-0.05,-1.05,3.3,2.2,3.35,3.25,1.0,1.0,0.15000000000000002,1.0,1.0999999999999996,0.10000000000000009,0.0,home,4.0
20250514-Orix_Buffaloes-Hokkaido_Nippon-Ham_Fighters,2025-05-14 13:00:00,2025,Orix Buffaloes,Hokkaido Nippon-Ham Fighters,9.0,5.0,Final,エスコンＦ,185,179,0.651188366076897,0.625,0.4,0.9,-1.4,3.4,2.75,2.5,4.15,1.0,1.0,0.22499999999999998,2.3,0.6499999999999999,-1.6500000000000004,0.0,away,14.0
20250514-Saitama_Seibu_Lions-Fukuoka_SoftBank_Hawks,2025-05-14 18:00:00,2025,Saitama Seibu Lions,Fukuoka SoftBank Hawks,3.0,1.0,Final,みずほPayPay,188,178,0.5596454482225133,0.575,0.6,1.25,0.6,3.8,2.95,2.55,2.35,1.0,1.0,-0.025000000000000022,0.65,0.8499999999999996,0.19999999999999973,0.0,away,4.0
20250514-Tokyo_Yakult_Swallows-Chunichi_Dragons,2025-05-14 18:00:00,2025,Tokyo Yakult Swallows,Chunichi Dragons,0.0,2.0,Final,バンテリンドーム,178,175,0.563328701566189,0.5,0.35,-0.6,-1.35,2.35,2.8,2.95,4.15,1.0,1.0,0.15000000000000002,0.7500000000000001,-0.44999999999999973,-1.2000000000000002,0.0,home,2.0
20250514-Yomiuri_Giants-Hiroshima_Toyo_Carp,2025-05-14 18:00:00,2025,Yomiuri Giants,Hiroshima Toyo Carp,0.0,3.0,Final,マツダスタジアム,178,186,0.5141127440656427,0.45,0.55,0.3,-0.15,3.05,3.05,2.75,3.2,1.0,1.0,-0.10000000000000003,0.44999999999999996,0.0,-0.4500000000000002,0.0,home,3.0
20250515-Orix_Buffaloes-Hokkaido_Nippon-Ham_Fighters,2025-05-15 13:00:00,2025,Orix Buffaloes,Hokkaido Nippon-Ham Fighters,0.0,7.0,Final,エスコンＦ,186,180,0.6050002905919792,0.625,0.45,0.75,-1.15,3.6,3.1,2.85,4.25,1.0,1.0,0.175,1.9,0.5,-1.4,0.0,home,7.0
20250515-Chiba_Lotte_Marines-Tohoku_Rakuten_Golden_Eagles,2025-05-15 18:00:00,2025,Chiba Lotte Marines,Tohoku Rakuten Golden Eagles,5.0,2.0,Final,東京ドーム,179,180,0.6308798266395912,0.5,0.3,0.1,-1.45,3.3,2.0,3.2,3.45,1.0,1.0,0.2,1.55,1.2999999999999998,-0.25,0.0,away,7.0
20250515-Hanshin_Tigers-Yokohama_DeNA_BayStars,2025-05-15 18:00:00,2025,Hanshin Tigers,Yokohama DeNA BayStars,0.0,1.0,Final,横 浜,191,181,0.49408491201432353,0.525,0.625,0.2,1.65,2.2,3.75,2.0,2.1,2.0,2.0,-0.09999999999999998,-1.45,-1.5499999999999998,-0.10000000000000009,0.0,home,1.0
20250515-Saitama_Seibu_Lions-Fukuoka_SoftBank_Hawks,2025-05-15 18:00:00,2025,Saitama Seibu Lions,Fukuoka SoftBank Hawks,0.0,5.0,Final,みずほPayPay,189,179,0.5225452086557036,0.575,0.6,1.2,0.65,3.85,3.0,2.65,2.35,1.0,1.0,-0.025000000000000022,0.5499999999999999,0.8500000000000001,0.2999999999999998,0.0,home,5.0
20250515-Yomiuri_Giants-Hiroshima_Toyo_Carp,2025-05-15 18:00:00,2025,Yomiuri Giants,Hiroshima Toyo Carp,1.0,5.0,Final,マツダスタジアム,179,187,0.5486448363782666,0.5,0.5,0.55,-0.55,3.2,2.7,2.65,3.25,1.0,1.0,0.0,1.1,0.5,-0.6000000000000001,0.0,home,6.0
20250516-Chunichi_Dragons-Yomiuri_Giants,2025-05-16 18:00:00,2025,Chunichi Dragons,Yomiuri Giants,2.0,4.0,Final,東京ドーム,188,179,0.5551829423892151,0.45,0.5,-0.85,-0.6,2.45,2.35,3.3,2.95,1.0,2.0,-0.04999999999999999,-0.25,0.10000000000000009,0.34999999999999964,-1.0,home,6.0
20250516-Hiroshima_Toyo_Carp-Hanshin_Tigers,2025-05-16 18:00:00,2025,Hiroshima Toyo Carp,Hanshin Tigers,4.0,2.0,Final,甲子園,182,180,0.5702527246756914,0.625,0.5,1.75,0.6,3.75,3.2,2.0,2.6,1.0,1.0,0.125,1.15,0.5499999999999998,-0.6000000000000001,0.0,away,6.0
20250516-Hokkaido_Nippon-Ham_Fighters-Chiba_Lotte_Marines,2025-05-16 18:00:00,2025,Hokkaido Nippon-Ham Fighters,Chiba Lotte Marines,8.0,0.0,Final,ZOZOマリン,181,187,0.320240735155008,0.3,0.625,-1.45,0.95,2.05,3.6,3.5,2.65,1.0,1.0,-0.325,-2.4,-1.5500000000000003,0.8500000000000001,0.0,away,8.0
20250516-Orix_Buffaloes-Saitama_Seibu_Lions,2025-05-16 18:00:00,2025,Orix Buffaloes,Saitama Seibu Lions,0.0,3.0,Final,ベルーナドーム,180,181,0.6011899331493158,0.55,0.4,0.35,-1.55,2.95,3.0,2.6,4.55,1.0,1.0,0.15000000000000002,1.9,-0.04999999999999982,-1.9499999999999997,0.0,home,3.0
20250516-Tohoku_Rakuten_Golden_Eagles-Fukuoka_SoftBank_Hawks,2025-05-16 18:00:00,2025,Tohoku Rakuten Golden Eagles,Fukuoka SoftBank Hawks,5.0,1.0,Final,みずほPayPay,190,180,0.6711546565340605,0.575,0.5,1.35,0.1,3.95,3.35,2.6,3.25,1.0,1.0,0.07499999999999996,1.25,0.6000000000000001,-0.6499999999999999,0.0,away,6.0
20250516-Yokohama_DeNA_BayStars-Tokyo_Yakult_Swallows,2025-05-16 18:00:00,2025,Yokohama DeNA BayStars,Tokyo Yakult Swallows,8.0,6.0,Final,神 宮,176,192,0.34987467653883497,0.35,0.575,-1.35,0.3,2.55,2.15,3.9,1.85,2.0,1.0,-0.22499999999999998,-1.6500000000000001,0.3999999999999999,2.05,1.0,away,14.0
20250517-Hiroshima_Toyo_Carp-Hanshin_Tigers,2025-05-17 14:00:00,2025,Hiroshima Toyo Carp,Hanshin Tigers,2.0,5.0,Final,甲子園,183,181,0.5325956821155478,0.575,0.5,1.3,0.55,3.45,3.25,2.15,2.7,1.0,1.0,0.07499999999999996,0.75,0.20000000000000018,-0.5500000000000003,0.0,home,7.0
20250517-Hokkaido_Nippon-Ham_Fighters-Chiba_Lotte_Marines,2025-05-17 14:00:00,2025,Hokkaido Nippon-Ham Fighters,Chiba Lotte Marines,,,Postponed,ZOZOマリン,182,188,0.2951197446538579,0.3,0.625,-1.8,1.25,2.0,3.9,3.8,2.65,1.0,1.0,-0.325,-3.05,-1.9,1.15,0.0,,
20250517-Orix_Buffaloes-Saitama_Seibu_Lions,2025-05-17 14:00:00,2025,Orix Buffaloes,Saitama Seibu Lions,2.0,3.0,Final,ベルーナドーム,181,182,0.6281513216887219,0.6,0.4,0.6,-1.55,3.05,2.8,2.45,4.35,1.0,1.0,0.19999999999999996,2.15,0.25,-1.8999999999999995,0.0,home,5.0
20250517-Tohoku_Rakuten_Golden_Eagles-Fukuoka_SoftBank_Hawks,2025-05-17 14:00:00,2025,Tohoku Rakuten Golden Eagles,Fukuoka SoftBank Hawks,1.0,2.0,Final,みずほPayPay,191,181,0.6246706079026545,0.55,0.5,1.15,0.25,3.75,3.5,2.6,3.25,1.0,1.0,0.050000000000000044,0.8999999999999999,0.25,-0.6499999999999999,0.0,home,3.0
20250517-Chunichi_Dragons-Yomiuri_Giants,2025-05-17 18:00:00,2025,Chunichi Dragons,Yomiuri Giants,0.0,1.0,Final,東京ドーム,189,180,0.5842986566821868,0.5,0.45,-0.7,-0.75,2.55,2.3,3.25,3.05,1.0,1.0,0.04999999999999999,0.050000000000000044,0.25,0.20000000000000018,0.0,home,1.0
20250517-Yokohama_DeNA_BayStars-Tokyo_Yakult_Swallows,2025-05-17 18:00:00,2025,Yokohama DeNA BayStars,Tokyo Yakult Swallows,6.0,7.0,Final,神 宮,177,193,0.328927104861644,0.35,0.625,-1.2,0.5,2.75,2.55,3.95,2.05,1.0,1.0,-0.275,-1.7,0.20000000000000018,1.9000000000000004,0.0,home,13.0
20250518-Chunichi_Dragons-Yomiuri_Giants,2025-05-18 14:00:00,2025,Chunichi Dragons,Yomiuri Giants,7.0,4.0,Final,東京ドーム,190,181,0.6091692272130664,0.5,0.4,-1.0,-0.9,2.2,2.2,3.2,3.1,1.0,1.0,0.09999999999999998,-0.09999999999999998,0.0,0.10000000000000009,0.0,away,11.0
20250518-Hiroshima_Toyo_Carp-Hanshin_Tigers,2025-05-18 14:00:00,2025,Hiroshima Toyo Carp,Hanshin Tigers,1.0,3.0,Final,甲子園,184,182,0.5656245937476937,0.575,0.5,1.35,0.75,3.5,3.3,2.15,2.55,1.0,1.0,0.07499999999999996,0.6000000000000001,0.20000000000000018,-0.3999999999999999,0.0,home,4.0
20250518-Hokkaido_Nippon-Ham_Fighters-Chiba_Lotte_Marines,2025-05-18 14:00:00,2025,Hokkaido Nippon-Ham Fighters,Chiba Lotte Marines,1.0,2.0,Final,ZOZOマリン,182,188,0.2951197446538579,0.3,0.625,-1.8,1.25,2.0,3.9,3.8,2.65,2.0,2.0,-0.325,-3.05,-1.9,1.15,0.0,home,3.0
20250518-Orix_Buffaloes-Saitama_Seibu_Lions,2025-05-18 14:00:00,2025,Orix Buffaloes,Saitama Seibu Lions,3.0,1.0,Final,ベルーナドーム,182,183,0.6494824710560325,0.65,0.4,0.7,-1.5,3.15,2.9,2.45,4.4,1.0,1.0,0.25,2.2,0.25,-1.9500000000000002,0.0,away,4.0
20250518-Tohoku_Rakuten_Golden_Eagles-Fukuoka_SoftBank_Hawks,2025-05-18 14:00:00,2025,Tohoku Rakuten Golden Eagles,Fukuoka SoftBank Hawks,1.0,2.0,Final,みずほPayPay,192,182,0.6462868275464407,0.55,0.45,1.0,0.05,3.55,3.35,2.55,3.3,1.0,1.0,0.10000000000000003,0.95,0.19999999999999973,-0.75,0.0,home,3.0
20250518-Yokohama_DeNA_BayStars-Tokyo_Yakult_Swallows,2025-05-18 18:00:00,2025,Yokohama DeNA BayStars,Tokyo Yakult Swallows,10.0,2.0,Final,神 宮,178,194,0.3667558360172571,0.4,0.625,-1.05,0.55,2.9,2.75,3.95,2.2,1.0,1.0,-0.22499999999999998,-1.6,0.1499999999999999,1.75,0.0,away,12.0
20250520-Chunichi_Dragons-Yokohama_DeNA_BayStars,2025-05-20 17:30:00,2025,Chunichi Dragons,Yokohama DeNA BayStars,2.0,10.0,Final,横 浜,195,182,0.6567022266667261,0.675,0.45,1.0,-0.4,3.15,2.5,2.15,2.9,2.0,2.0,0.22500000000000003,1.4,0.6499999999999999,-0.75,0.0,home,12.0
20250520-Chiba_Lotte_Marines-Orix_Buffaloes,2025-05-20 18:00:00,2025,Chiba Lotte Marines,Orix Buffaloes,1.0,2.0,Final,京セラD大阪,184,183,0.6188662848692047,0.425,0.35,-1.4,-1.6,2.8,2.05,4.2,3.65,2.0,2.0,0.07500000000000001,0.20000000000000018,0.75,0.5500000000000003,0.0,home,3.0
20250520-Fukuoka_SoftBank_Hawks-Hokkaido_Nippon-Ham_Fighters,2025-05-20 18:00:00,2025,Fukuoka SoftBank Hawks,Hokkaido Nippon-Ham Fighters,5.0,2.0,Final,エスコンＦ,189,193,0.5316077043707025,0.625,0.55,1.3,1.0,3.85,3.6,2.55,2.6,2.0,2.0,0.07499999999999996,0.30000000000000004,0.25,-0.050000000000000266,0.0,away,7.0
20250520-Saitama_Seibu_Lions-Tohoku_Rakuten_Golden_Eagles,2025-05-20 18:00:00,2025,Saitama Seibu Lions,Tohoku Rakuten Golden Eagles,1.0,0.0,Final,盛 岡,183,183,0.41115033325754813,0.4,0.65,-0.1,0.75,3.2,3.1,3.3,2.35,2.0,2.0,-0.25,-0.85,0.10000000000000009,0.9499999999999997,0.0,away,1.0
20250520-Tokyo_Yakult_Swallows-Hiroshima_Toyo_Carp,2025-05-20 18:00:00,2025,Tokyo Yakult Swallows,Hiroshima Toyo Carp,2.0,3.0,Final,マツダスタジアム,183,179,0.663144548933021,0.45,0.35,0.35,-1.5,3.0,2.85,2.65,4.35,2.0,2.0,0.10000000000000003,1.85,0.1499999999999999,-1.6999999999999997,0.0,home,5.0
20250520-Yomiuri_Giants-Hanshin_Tigers,2025-05-20 18:00:00,2025,Yomiuri Giants,Hanshin Tigers,0.0,4.0,Final,甲子園,185,191,0.6282198266673475,0.575,0.45,1.4,-1.25,3.5,2.3,2.1,3.55,2.0,2.0,0.12499999999999994,2.65,1.2000000000000002,-1.4499999999999997,0.0,home,4.0
20250521-Chunichi_Dragons-Yokohama_DeNA_BayStars,2025-05-21 17:30:00,2025,Chunichi Dragons,Yokohama DeNA BayStars,6.0,5.0,Final,横 浜,196,183,0.6846248287842058,0.725,0.45,1.5,-0.7,3.55,2.6,2.05,3.3,1.0,1.0,0.27499999999999997,2.2,0.9499999999999997,-1.25,0.0,away,11.0
20250521-Chiba_Lotte_Marines-Orix_Buffaloes,2025-05-21 18:00:00,2025,Chiba Lotte Marines,Orix Buffaloes,1.0,6.0,Final,京セラD大阪,185,184,0.6409567168299881,0.475,0.3,-1.15,-1.7,2.8,2.0,3.95,3.7,1.0,1.0,0.175,0.55,0.7999999999999998,0.25,0.0,home,7.0
20250521-Fukuoka_SoftBank_Hawks-Hokkaido_Nippon-Ham_Fighters,2025-05-21 18:00:00,2025,Fukuoka SoftBank Hawks,Hokkaido Nippon-Ham Fighters,1.0,2.0,Final,エスコンＦ,190,194,0.4937040106074558,0.625,0.6,1.4,1.3,3.8,3.7,2.4,2.4,1.0,1.0,0.025000000000000022,0.09999999999999987,0.09999999999999964,0.0,0.0,home,3.0
20250521-Tokyo_Yakult_Swallows-Hiroshima_Toyo_Carp,2025-05-21 18:00:00,2025,Tokyo Yakult Swallows,Hiroshima Toyo Carp,,,Postponed,マツダスタジアム,184,180,0.6815942485531093,0.5,0.35,0.45,-1.25,3.1,2.9,2.65,4.15,1.0,1.0,0.15000000000000002,1.7,0.20000000000000018,-1.5000000000000004,0.0,,
20250521-Yomiuri_Giants-Hanshin_Tigers,2025-05-21 18:00:00,2025,Yomiuri Giants,Hanshin Tigers,5.0,4.0,Final,甲子園,186,192,0.6542077327240919,0.575,0.45,1.5,-1.3,3.5,2.25,2.0,3.55,1.0,1.0,0.12499999999999994,2.8,1.25,-1.5499999999999998,0.0,away,9.0
20250522-Chunichi_Dragons-Yokohama_DeNA_BayStars,2025-05-22 17:30:00,2025,Chunichi Dragons,Yokohama DeNA BayStars,0.0,4.0,Final,横 浜,197,184,0.6467665168332511,0.675,0.5,1.4,-0.55,3.7,2.7,2.3,3.25,1.0,1.0,0.17500000000000004,1.95,1.0,-0.9500000000000002,0.0,home,4.0
20250522-Chiba_Lotte_Marines-Orix_Buffaloes,2025-05-22 18:00:00,2025,Chiba Lotte Marines,Orix Buffaloes,9.0,1.0,Final,京セラD大阪,186,185,0.6671362082149369,0.475,0.25,-1.1,-2.1,2.8,1.8,3.9,3.9,1.0,1.0,0.22499999999999998,1.0,0.9999999999999998,0.0,0.0,away,10.0
20250522-Fukuoka_SoftBank_Hawks-Hokkaido_Nippon-Ham_Fighters,2025-05-22 18:00:00,2025,Fukuoka SoftBank Hawks,Hokkaido Nippon-Ham Fighters,4.0,3.0,Final,エスコンＦ,191,195,0.5251587319558603,0.675,0.6,1.5,1.3,3.85,3.65,2.35,2.35,1.0,1.0,0.07500000000000007,0.19999999999999996,0.20000000000000018,0.0,0.0,away,7.0
20250522-Saitama_Seibu_Lions-Tohoku_Rakuten_Golden_Eagles,2025-05-22 18:00:00,2025,Saitama Seibu Lions,Tohoku Rakuten Golden Eagles,1.0,2.0,Final,楽天モバイル,184,184,0.38664035228059607,0.35,0.7,-0.4,1.0,2.8,3.05,3.2,2.05,2.0,2.0,-0.35,-1.4,-0.25,1.1500000000000004,0.0,home,3.0
20250522-Tokyo_Yakult_Swallows-Hiroshima_Toyo_Carp,2025-05-22 18:00:00,2025,Tokyo Yakult Swallows,Hiroshima Toyo Carp,2.0,2.0,Final,マツダスタジアム,184,180,0.6815942485531093,0.5,0.35,0.45,-1.25,3.1,2.9,2.65,4.15,2.0,2.0,0.15000000000000002,1.7,0.20000000000000018,-1.5000000000000004,0.0,draw,4.0
20250522-Yomiuri_Giants-Hanshin_Tigers,2025-05-22 18:00:00,2025,Yomiuri Giants,Hanshin Tigers,3.0,2.0,Final,甲子園,187,193,0.6165425970278651,0.525,0.5,1.3,-1.05,3.5,2.4,2.2,3.45,1.0,1.0,0.025000000000000022,2.35,1.1,-1.25,0.0,away,5.0
20250523-Hanshin_Tigers-Chunichi_Dragons,2025-05-23 18:00:00,2025,Hanshin Tigers,Chunichi Dragons,3.0,0.0,Final,バンテリンドーム,185,188,0.4062767432475808,0.45,0.475,-0.9,1.05,2.45,3.3,3.35,2.25,1.0,1.0,-0.024999999999999967,-1.9500000000000002,-0.8499999999999996,1.1,0.0,away,3.0
20250523-Hokkaido_Nippon-Ham_Fighters-Tohoku_Rakuten_Golden_Eagles,2025-05-23 18:00:00,2025,Hokkaido Nippon-Ham Fighters,Tohoku Rakuten Golden Eagles,1.0,0.0,Final,楽天モバイル,185,192,0.4088915410178858,0.4,0.625,-0.3,1.4,2.9,3.9,3.2,2.5,1.0,1.0,-0.22499999999999998,-1.7,-1.0,0.7000000000000002,0.0,away,1.0
20250523-Saitama_Seibu_Lions-Chiba_Lotte_Marines,2025-05-23 18:00:00,2025,Saitama Seibu Lions,Chiba Lotte Marines,3.0,9.0,Final,ZOZOマリン,186,185,0.36821853627822876,0.25,0.65,-1.75,0.8,2.15,2.95,3.9,2.15,1.0,1.0,-0.4,-2.55,-0.8000000000000003,1.75,0.0,home,12.0
20250523-Tokyo_Yakult_Swallows-Yomiuri_Giants,2025-05-23 18:00:00,2025,Tokyo Yakult Swallows,Yomiuri Giants,0.0,5.0,Final,東京ドーム,194,181,0.6581987068915429,0.5,0.325,-1.05,-1.35,2.45,2.7,3.5,4.05,1.0,1.0,0.175,0.30000000000000004,-0.25,-0.5499999999999998,0.0,home,5.0
20250523-Yokohama_DeNA_BayStars-Hiroshima_Toyo_Carp,2025-05-23 18:00:00,2025,Yokohama DeNA BayStars,Hiroshima Toyo Carp,2.0,1.0,Final,マツダスタジアム,185,198,0.4675748142600937,0.525,0.675,0.55,1.5,3.2,3.8,2.65,2.3,1.0,1.0,-0.15000000000000002,-0.95,-0.5999999999999996,0.3500000000000001,0.0,away,3.0
20250524-Orix_Buffaloes-Fukuoka_SoftBank_Hawks,2025-05-24 13:00:00,2025,Orix Buffaloes,Fukuoka SoftBank Hawks,,,Postponed,熊 本,196,187,0.654844790810552,0.65,0.475,1.4,-1.35,3.8,2.85,2.4,4.2,2.0,2.0,0.17500000000000004,2.75,0.9499999999999997,-1.8000000000000003,0.0,,
20250524-Hanshin_Tigers-Chunichi_Dragons,2025-05-24 14:00:00,2025,Hanshin Tigers,Chunichi Dragons,4.0,5.0,Final,バンテリンドーム,186,189,0.37862720756917184,0.45,0.525,-0.85,1.25,2.35,3.4,3.2,2.15,1.0,1.0,-0.07500000000000001,-2.1,-1.0499999999999998,1.0500000000000003,0.0,home,9.0
20250524-Hokkaido_Nippon-Ham_Fighters-Tohoku_Rakuten_Golden_Eagles,2025-05-24 14:00:00,2025,Hokkaido Nippon-Ham Fighters,Tohoku Rakuten Golden Eagles,1.0,2.0,Final,楽天モバイル,186,193,0.38456124017395577,0.35,0.675,-0.5,1.55,2.6,3.8,3.1,2.25,1.0,1.0,-0.32500000000000007,-2.05,-1.1999999999999997,0.8500000000000001,0.0,home,3.0
20250524-Saitama_Seibu_Lions-Chiba_Lotte_Marines,2025-05-24 14:00:00,2025,Saitama Seibu Lions,Chiba Lotte Marines,6.0,1.0,Final,ZOZOマリン,187,186,0.41956318556813127,0.3,0.6,-1.4,0.45,2.55,2.95,3.95,2.5,1.0,1.0,-0.3,-1.8499999999999999,-0.40000000000000036,1.4500000000000002,0.0,away,7.0
20250524-Yokohama_DeNA_BayStars-Hiroshima_Toyo_Carp,2025-05-24 14:00:00,2025,Yokohama DeNA BayStars,Hiroshima Toyo Carp,,,Postponed,マツダスタジアム,186,199,0.4387690875850609,0.525,0.675,0.55,1.5,3.2,3.8,2.65,2.3,1.0,1.0,-0.15000000000000002,-0.95,-0.5999999999999996,0.3500000000000001,0.0,,
20250524-Tokyo_Yakult_Swallows-Yomiuri_Giants,2025-05-24 18:00:00,2025,Tokyo Yakult Swallows,Yomiuri Giants,2.0,4.0,Final,東京ドーム,195,182,0.682538207941787,0.5,0.325,-0.85,-1.45,2.5,2.6,3.35,4.05,1.0,1.0,0.175,0.6,-0.10000000000000009,-0.6999999999999997,0.0,home,6.0
20250525-Hokkaido_Nippon-Ham_Fighters-Tohoku_Rakuten_Golden_Eagles,2025-05-25 13:00:00,2025,Hokkaido Nippon-Ham Fighters,Tohoku Rakuten Golden Eagles,1.0,1.0,Final,楽天モバイル,187,194,0.4213617954920605,0.35,0.625,-0.5,1.45,2.55,3.75,3.05,2.3,1.0,1.0,-0.275,-1.95,-1.2000000000000002,0.75,0.0,draw,2.0
20250525-Hanshin_Tigers-Chunichi_Dragons,2025-05-25 13:30:00,2025,Hanshin Tigers,Chunichi Dragons,5.0,1.0,Final,バンテリンドーム,187,190,0.41560140662467854,0.45,0.525,-0.95,1.35,2.4,3.55,3.35,2.2,1.0,1.0,-0.07500000000000001,-2.3,-1.15,1.15,0.0,away,6.0
20250525-Yokohama_DeNA_BayStars-Hiroshima_Toyo_Carp,2025-05-25 13:30:00,2025,Yokohama DeNA BayStars,Hiroshima Toyo Carp,0.0,3.0,Final,マツダスタジアム,186,199,0.4387690875850609,0.525,0.675,0.55,1.5,3.2,3.8,2.65,2.3,2.0,2.0,-0.15000000000000002,-0.95,-0.5999999999999996,0.3500000000000001,0.0,home,3.0
20250525-Orix_Buffaloes-Fukuoka_SoftBank_Hawks,2025-05-25 14:00:00,2025,Orix Buffaloes,Fukuoka SoftBank Hawks,13.0,5.0,Final,鹿児島,196,187,0.654844790810552,0.65,0.475,1.4,-1.35,3.8,2.85,2.4,4.2,3.0,3.0,0.17500000000000004,2.75,0.9499999999999997,-1.8000000000000003,0.0,away,18.0
20250525-Saitama_Seibu_Lions-Chiba_Lotte_Marines,2025-05-25 14:00:00,2025,Saitama Seibu Lions,Chiba Lotte Marines,8.0,0.0,Final,ZOZOマリン,188,187,0.38702899929654677,0.25,0.6,-1.75,0.4,2.35,2.9,4.1,2.5,1.0,1.0,-0.35,-2.15,-0.5499999999999998,1.5999999999999996,0.0,away,8.0
20250525-Tokyo_Yakult_Swallows-Yomiuri_Giants,2025-05-25 14:00:00,2025,Tokyo Yakult Swallows,Yomiuri Giants,2.0,5.0,Final,東京ドーム,196,183,0.7006206402700516,0.5,0.275,-0.85,-1.75,2.6,2.4,3.45,4.15,1.0,1.0,0.22499999999999998,0.9,0.20000000000000018,-0.7000000000000002,0.0,home,7.0
20250527-Chunichi_Dragons-Tokyo_Yakult_Swallows,2025-05-27 18:00:00,2025,Chunichi Dragons,Tokyo Yakult Swallows,1.0,2.0,Final,神 宮,184,188,0.4419407516981223,0.275,0.4,-1.65,-1.2,2.45,2.2,4.1,3.4,2.0,2.0,-0.125,-0.44999999999999996,0.25,0.6999999999999997,0.0,home,3.0
20250527-Hiroshima_Toyo_Carp-Yomiuri_Giants,2025-05-27 18:00:00,2025,Hiroshima Toyo Carp,Yomiuri Giants,2.0,1.0,Final,富 山,197,187,0.5422383666102012,0.5,0.575,-0.75,0.75,2.65,3.2,3.4,2.45,2.0,2.0,-0.07499999999999996,-1.5,-0.5500000000000003,0.9499999999999997,0.0,away,3.0
20250527-Hokkaido_Nippon-Ham_Fighters-Fukuoka_SoftBank_Hawks,2025-05-27 18:00:00,2025,Hokkaido Nippon-Ham Fighters,Fukuoka SoftBank Hawks,5.0,2.0,Final,みずほPayPay,197,195,0.543450936315003,0.65,0.6,1.25,1.2,4.0,3.5,2.75,2.3,2.0,2.0,0.050000000000000044,0.050000000000000044,0.5,0.4500000000000002,0.0,away,7.0
20250527-Orix_Buffaloes-Chiba_Lotte_Marines,2025-05-27 18:00:00,2025,Orix Buffaloes,Chiba Lotte Marines,4.0,6.0,Final,ZOZOマリン,189,188,0.4082713676176086,0.25,0.525,-2.1,-0.9,2.25,3.4,4.35,4.3,2.0,2.0,-0.275,-1.2000000000000002,-1.15,0.04999999999999982,0.0,home,10.0
20250527-Tohoku_Rakuten_Golden_Eagles-Saitama_Seibu_Lions,2025-05-27 18:00:00,2025,Tohoku Rakuten Golden Eagles,Saitama Seibu Lions,3.0,1.0,Final,前 橋,188,188,0.6308158961434938,0.6,0.375,0.7,-0.2,3.15,2.55,2.45,2.75,2.0,2.0,0.22499999999999998,0.8999999999999999,0.6000000000000001,-0.2999999999999998,0.0,away,4.0
20250527-Yokohama_DeNA_BayStars-Hanshin_Tigers,2025-05-27 18:00:00,2025,Yokohama DeNA BayStars,Hanshin Tigers,0.0,1.0,Final,倉 敷,191,200,0.5195973947987863,0.575,0.625,1.6,1.1,3.6,3.5,2.0,2.4,2.0,2.0,-0.050000000000000044,0.5,0.10000000000000009,-0.3999999999999999,0.0,home,1.0
20250528-Chunichi_Dragons-Tokyo_Yakult_Swallows,2025-05-28 18:00:00,2025,Chunichi Dragons,Tokyo Yakult Swallows,4.0,1.0,Final,神 宮,185,189,0.4763896753337461,0.275,0.35,-1.75,-1.3,2.35,2.1,4.1,3.4,1.0,1.0,-0.07499999999999996,-0.44999999999999996,0.25,0.6999999999999997,0.0,away,5.0
20250528-Hiroshima_Toyo_Carp-Yomiuri_Giants,2025-05-28 18:00:00,2025,Hiroshima Toyo Carp,Yomiuri Giants,1.0,4.0,Final,金 沢,198,188,0.5086275686442987,0.5,0.625,-0.75,0.9,2.7,3.3,3.45,2.4,1.0,1.0,-0.125,-1.65,-0.5999999999999996,1.0500000000000003,0.0,home,5.0
20250528-Hokkaido_Nippon-Ham_Fighters-Fukuoka_SoftBank_Hawks,2025-05-28 18:00:00,2025,Hokkaido Nippon-Ham Fighters,Fukuoka SoftBank Hawks,1.0,2.0,Final,みずほPayPay,198,196,0.5047690667782248,0.65,0.6,1.15,1.3,4.0,3.6,2.85,2.3,1.0,1.0,0.050000000000000044,-0.15000000000000013,0.3999999999999999,0.5500000000000003,0.0,home,3.0
20250528-Orix_Buffaloes-Chiba_Lotte_Marines,2025-05-28 18:00:00,2025,Orix Buffaloes,Chiba Lotte Marines,2.0,1.0,Final,ZOZOマリン,190,189,0.4469342430878231,0.3,0.475,-1.75,-1.05,2.55,3.45,4.3,4.5,1.0,1.0,-0.175,-0.7,-0.9000000000000004,-0.20000000000000018,0.0,away,3.0
20250528-Tohoku_Rakuten_Golden_Eagles-Saitama_Seibu_Lions,2025-05-28 18:00:00,2025,Tohoku Rakuten Golden Eagles,Saitama Seibu Lions,0.0,6.0,Final,ベルーナドーム,189,189,0.5907889391039365,0.55,0.425,0.55,0.0,3.1,2.65,2.55,2.65,1.0,1.0,0.12500000000000006,0.55,0.4500000000000002,-0.10000000000000009,0.0,home,6.0
20250528-Yokohama_DeNA_BayStars-Hanshin_Tigers,2025-05-28 18:00:00,2025,Yokohama DeNA BayStars,Hanshin Tigers,0.0,1.0,Final,甲子園,192,201,0.5493131404240201,0.625,0.625,1.7,1.2,3.55,3.45,1.85,2.25,1.0,1.0,0.0,0.5,0.09999999999999964,-0.3999999999999999,0.0,home,1.0
20250529-Chunichi_Dragons-Tokyo_Yakult_Swallows,2025-05-29 18:00:00,2025,Chunichi Dragons,Tokyo Yakult Swallows,6.0,0.0,Final,神 宮,186,190,0.4426212308457012,0.275,0.35,-1.75,-1.25,2.4,2.1,4.15,3.35,1.0,1.0,-0.07499999999999996,-0.5,0.2999999999999998,0.8000000000000003,0.0,away,6.0
20250529-Tohoku_Rakuten_Golden_Eagles-Saitama_Seibu_Lions,2025-05-29 18:00:00,2025,Tohoku Rakuten Golden Eagles,Saitama Seibu Lions,6.0,3.0,Final,ベルーナドーム,190,190,0.6240278133478523,0.55,0.425,0.8,-0.25,3.2,2.6,2.4,2.85,1.0,1.0,0.12500000000000006,1.05,0.6000000000000001,-0.4500000000000002,0.0,away,9.0
20250529-Yokohama_DeNA_BayStars-Hanshin_Tigers,2025-05-29 18:00:00,2025,Yokohama DeNA BayStars,Hanshin Tigers,5.0,1.0,Final,甲子園,193,202,0.5768785076016798,0.625,0.575,1.55,1.0,3.4,3.3,1.85,2.3,1.0,1.0,0.050000000000000044,0.55,0.10000000000000009,-0.44999999999999973,0.0,away,6.0
20250530-Chiba_Lotte_Marines-Hokkaido_Nippon-Ham_Fighters,2025-05-30 18:00:00,2025,Chiba Lotte Marines,Hokkaido Nippon-Ham Fighters,1.0,4.0,Final,エスコンＦ,197,191,0.6939888442777077,0.6,0.3,1.3,-1.75,3.5,2.45,2.2,4.2,2.0,2.0,0.3,3.05,1.0499999999999998,-2.0,0.0,home,5.0
20250530-Fukuoka_SoftBank_Hawks-Tohoku_Rakuten_Golden_Eagles,2025-05-30 18:00:00,2025,Fukuoka SoftBank Hawks,Tohoku Rakuten Golden Eagles,4.0,2.0,Final,楽天モバイル,191,199,0.44063624895907044,0.475,0.65,0.25,1.15,2.9,3.9,2.65,2.75,1.0,2.0,-0.17500000000000004,-0.8999999999999999,-1.0,-0.10000000000000009,-1.0,away,6.0
20250530-Hanshin_Tigers-Hiroshima_Toyo_Carp,2025-05-30 18:00:00,2025,Hanshin Tigers,Hiroshima Toyo Carp,5.0,2.0,Final,マツダスタジアム,189,194,0.4799991372497626,0.625,0.575,0.8,1.05,3.2,3.1,2.4,2.05,2.0,1.0,0.050000000000000044,-0.25,0.10000000000000009,0.3500000000000001,1.0,away,7.0
20250530-Tokyo_Yakult_Swallows-Yokohama_DeNA_BayStars,2025-05-30 18:00:00,2025,Tokyo Yakult Swallows,Yokohama DeNA BayStars,2.0,6.0,Final,横 浜,203,187,0.7555598242031193,0.575,0.275,1.15,-1.85,3.5,2.4,2.35,4.25,1.0,1.0,0.29999999999999993,3.0,1.1,-1.9,0.0,home,8.0
20250530-Yomiuri_Giants-Chunichi_Dragons,2025-05-30 18:00:00,2025,Yomiuri Giants,Chunichi Dragons,4.0,1.0,Final,バンテリンドーム,191,199,0.42904606880667406,0.4,0.5,-0.85,-0.7,2.4,2.75,3.25,3.45,1.0,2.0,-0.09999999999999998,-0.15000000000000002,-0.3500000000000001,-0.20000000000000018,-1.0,away,5.0
20250531-Chiba_Lotte_Marines-Hokkaido_Nippon-Ham_Fighters,2025-05-31 14:00:00,2025,Chiba Lotte Marines,Hokkaido Nippon-Ham Fighters,3.0,4.0,Final,エスコンＦ,198,192,0.7122233303851855,0.6,0.3,1.4,-1.65,3.55,2.5,2.15,4.15,1.0,1.0,0.3,3.05,1.0499999999999998,-2.0000000000000004,0.0,home,7.0
20250531-Fukuoka_SoftBank_Hawks-Tohoku_Rakuten_Golden_Eagles,2025-05-31 14:00:00,2025,Fukuoka SoftBank Hawks,Tohoku Rakuten Golden Eagles,,,Postponed,楽天モバイル,192,200,0.4118617846878878,0.425,0.65,-0.4,1.0,2.3,3.85,2.7,2.85,1.0,1.0,-0.22500000000000003,-1.4,-1.5500000000000003,-0.1499999999999999,0.0,,
20250531-Hanshin_Tigers-Hiroshima_Toyo_Carp,2025-05-31 14:00:00,2025,Hanshin Tigers,Hiroshima Toyo Carp,2.0,0.0,Final,マツダスタジアム,190,195,0.44593821800414757,0.625,0.625,0.75,1.35,3.2,3.25,2.45,1.9,1.0,1.0,0.0,-0.6000000000000001,-0.04999999999999982,0.5500000000000003,0.0,away,2.0
20250531-Tokyo_Yakult_Swallows-Yokohama_DeNA_BayStars,2025-05-31 14:00:00,2025,Tokyo Yakult Swallows,Yokohama DeNA BayStars,2.0,5.0,Final,横 浜,204,188,0.7690196380379374,0.625,0.275,1.45,-1.75,3.75,2.45,2.3,4.2,1.0,1.0,0.35,3.2,1.2999999999999998,-1.9000000000000004,0.0,home,7.0
20250531-Yomiuri_Giants-Chunichi_Dragons,2025-05-31 14:00:00,2025,Yomiuri Giants,Chunichi Dragons,2.0,4.0,Final,バンテリンドーム,192,200,0.3993328448397251,0.4,0.55,-0.75,-0.1,2.25,2.9,3.0,3.0,1.0,1.0,-0.15000000000000002,-0.65,-0.6499999999999999,0.0,0.0,home,6.0
20250531-Saitama_Seibu_Lions-Orix_Buffaloes,2025-05-31 18:00:00,2025,Saitama Seibu Lions,Orix Buffaloes,2.0,3.0,Final,ほっと神戸,190,191,0.490999140050311,0.475,0.55,-1.25,0.7,3.3,3.25,4.55,2.55,3.0,2.0,-0.07500000000000007,-1.95,0.04999999999999982,2.0,1.0,home,5.0
20250601-Chiba_Lotte_Marines-Hokkaido_Nippon-Ham_Fighters,2025-06-01 13:00:00,2025,Chiba Lotte Marines,Hokkaido Nippon-Ham Fighters,0.0,1.0,Final,エスコンＦ,199,193,0.7266656845776022,0.65,0.3,1.5,-1.6,3.75,2.5,2.25,4.1,1.0,1.0,0.35000000000000003,3.1,1.25,-1.8499999999999996,0.0,home,1.0
20250601-Fukuoka_SoftBank_Hawks-Tohoku_Rakuten_Golden_Eagles,2025-06-01 13:00:00,2025,Fukuoka SoftBank Hawks,Tohoku Rakuten Golden Eagles,0.0,3.0,Final,楽天モバイル,192,200,0.4118617846878878,0.425,0.65,-0.4,1.0,2.3,3.85,2.7,2.85,2.0,2.0,-0.22500000000000003,-1.4,-1.5500000000000003,-0.1499999999999999,0.0,home,3.0
20250601-Hanshin_Tigers-Hiroshima_Toyo_Carp,2025-06-01 13:30:00,2025,Hanshin Tigers,Hiroshima Toyo Carp,8.0,0.0,Final,マツダスタジアム,191,196,0.41673142141090824,0.575,0.625,0.55,1.0,3.1,2.85,2.55,1.85,1.0,1.0,-0.050000000000000044,-0.44999999999999996,0.25,0.6999999999999997,0.0,away,8.0
20250601-Yomiuri_Giants-Chunichi_Dragons,2025-06-01 13:30:00,2025,Yomiuri Giants,Chunichi Dragons,1.0,4.0,Final,バンテリンドーム,193,201,0.43836320261874717,0.45,0.55,-0.6,0.1,2.4,2.95,3.0,2.85,1.0,1.0,-0.10000000000000003,-0.7,-0.5500000000000003,0.1499999999999999,0.0,home,5.0
20250601-Tokyo_Yakult_Swallows-Yokohama_DeNA_BayStars,2025-06-01 14:00:00,2025,Tokyo Yakult Swallows,Yokohama DeNA BayStars,2.0,3.0,Final,横 浜,205,189,0.7805258588389863,0.625,0.225,1.55,-2.05,3.9,2.3,2.35,4.35,1.0,1.0,0.4,3.5999999999999996,1.6,-1.9999999999999996,0.0,home,5.0
20250601-Saitama_Seibu_Lions-Orix_Buffaloes,2025-06-01 16:00:00,2025,Saitama Seibu Lions,Orix Buffaloes,3.0,2.0,Final,ほっと神戸,191,192,0.5226271824673825,0.475,0.55,-1.55,0.75,3.1,3.35,4.65,2.6,1.0,1.0,-0.07500000000000007,-2.3,-0.25,2.0500000000000003,0.0,away,5.0
20250603-Chunichi_Dragons-Fukuoka_SoftBank_Hawks,2025-06-03 18:00:00,2025,Chunichi Dragons,Fukuoka SoftBank Hawks,0.0,4.0,Final,みずほPayPay,201,194,0.5845523879480697,0.6,0.5,0.75,-0.3,3.6,2.6,2.85,2.9,2.0,2.0,0.09999999999999998,1.05,1.0,-0.04999999999999982,0.0,home,4.0
20250603-Hanshin_Tigers-Hokkaido_Nippon-Ham_Fighters,2025-06-03 18:00:00,2025,Hanshin Tigers,Hokkaido Nippon-Ham Fighters,1.0,0.0,Final,エスコンＦ,200,197,0.45286405328366824,0.65,0.625,1.35,1.1,3.45,2.9,2.1,1.8,2.0,2.0,0.025000000000000022,0.25,0.5500000000000003,0.30000000000000004,0.0,away,1.0
20250603-Hiroshima_Toyo_Carp-Orix_Buffaloes,2025-06-03 18:00:00,2025,Hiroshima Toyo Carp,Orix Buffaloes,5.0,2.0,Final,京セラD大阪,192,192,0.509059831917101,0.475,0.525,-1.05,-0.1,3.05,2.65,4.1,2.75,2.0,2.0,-0.050000000000000044,-0.9500000000000001,0.3999999999999999,1.3499999999999996,0.0,away,7.0
20250603-Tokyo_Yakult_Swallows-Saitama_Seibu_Lions,2025-06-03 18:00:00,2025,Tokyo Yakult Swallows,Saitama Seibu Lions,0.0,1.0,Final,ベルーナドーム,193,190,0.7152509799364815,0.6,0.225,1.3,-1.9,3.5,2.4,2.2,4.3,2.0,2.0,0.375,3.2,1.1,-2.0999999999999996,0.0,home,1.0
20250603-Yokohama_DeNA_BayStars-Tohoku_Rakuten_Golden_Eagles,2025-06-03 18:00:00,2025,Yokohama DeNA BayStars,Tohoku Rakuten Golden Eagles,6.0,3.0,Final,楽天モバイル,193,206,0.38293390945685074,0.425,0.625,-0.3,1.45,2.35,3.9,2.65,2.45,2.0,2.0,-0.2,-1.75,-1.5499999999999998,0.19999999999999973,0.0,away,9.0
20250603-Yomiuri_Giants-Chiba_Lotte_Marines,2025-06-03 18:00:00,2025,Yomiuri Giants,Chiba Lotte Marines,,,Postponed,ZOZOマリン,194,202,0.3362092769072217,0.3,0.5,-1.6,-0.15,2.45,2.7,4.05,2.85,2.0,2.0,-0.2,-1.4500000000000002,-0.25,1.1999999999999997,0.0,,
20250604-Chunichi_Dragons-Fukuoka_SoftBank_Hawks,2025-06-04 18:00:00,2025,Chunichi Dragons,Fukuoka SoftBank Hawks,2.0,8.0,Final,みずほPayPay,202,195,0.614853806858634,0.6,0.45,0.85,-0.55,3.7,2.5,2.85,3.05,1.0,1.0,0.14999999999999997,1.4,1.2000000000000002,-0.19999999999999973,0.0,home,10.0
20250604-Hanshin_Tigers-Hokkaido_Nippon-Ham_Fighters,2025-06-04 18:00:00,2025,Hanshin Tigers,Hokkaido Nippon-Ham Fighters,4.0,5.0,Final,エスコンＦ,201,198,0.42513628879621695,0.625,0.675,1.3,1.25,3.35,2.75,2.05,1.5,1.0,1.0,-0.050000000000000044,0.050000000000000044,0.6000000000000001,0.5499999999999998,0.0,home,9.0
20250604-Hiroshima_Toyo_Carp-Orix_Buffaloes,2025-06-04 18:00:00,2025,Hiroshima Toyo Carp,Orix Buffaloes,1.0,6.0,Final,京セラD大阪,193,193,0.4727510873502098,0.425,0.525,-1.25,-0.15,3.1,2.7,4.35,2.85,1.0,1.0,-0.10000000000000003,-1.1,0.3999999999999999,1.4999999999999996,0.0,home,7.0
20250604-Tokyo_Yakult_Swallows-Saitama_Seibu_Lions,2025-06-04 18:00:00,2025,Tokyo Yakult Swallows,Saitama Seibu Lions,2.0,4.0,Final,ベルーナドーム,194,191,0.7294505121906629,0.6,0.225,1.05,-1.85,3.2,2.25,2.15,4.1,1.0,1.0,0.375,2.9000000000000004,0.9500000000000002,-1.9499999999999997,0.0,home,6.0
20250604-Yokohama_DeNA_BayStars-Tohoku_Rakuten_Golden_Eagles,2025-06-04 18:00:00,2025,Yokohama DeNA BayStars,Tohoku Rakuten Golden Eagles,1.0,3.0,Final,楽天モバイル,194,207,0.3574499819737358,0.425,0.675,-0.25,1.65,2.35,4.15,2.6,2.5,1.0,1.0,-0.25000000000000006,-1.9,-1.8000000000000003,0.10000000000000009,0.0,home,4.0
20250604-Yomiuri_Giants-Chiba_Lotte_Marines,2025-06-04 18:00:00,2025,Yomiuri Giants,Chiba Lotte Marines,3.0,5.0,Final,ZOZOマリン,194,202,0.3362092769072217,0.3,0.5,-1.6,-0.15,2.45,2.7,4.05,2.85,3.0,3.0,-0.2,-1.4500000000000002,-0.25,1.1999999999999997,0.0,home,8.0
20250605-Chunichi_Dragons-Fukuoka_SoftBank_Hawks,2025-06-05 18:00:00,2025,Chunichi Dragons,Fukuoka SoftBank Hawks,4.0,8.0,Final,みずほPayPay,203,196,0.6454303861837694,0.6,0.45,0.65,-0.75,3.6,2.6,2.95,3.35,1.0,1.0,0.14999999999999997,1.4,1.0,-0.3999999999999999,0.0,home,12.0
20250605-Hanshin_Tigers-Hokkaido_Nippon-Ham_Fighters,2025-06-05 18:00:00,2025,Hanshin Tigers,Hokkaido Nippon-Ham Fighters,7.0,1.0,Final,エスコンＦ,202,199,0.4603915279645584,0.625,0.625,1.3,1.1,3.5,2.85,2.2,1.75,1.0,1.0,0.0,0.19999999999999996,0.6499999999999999,0.4500000000000002,0.0,away,8.0
20250605-Hiroshima_Toyo_Carp-Orix_Buffaloes,2025-06-05 18:00:00,2025,Hiroshima Toyo Carp,Orix Buffaloes,3.0,4.0,Final,京セラD大阪,194,194,0.5152106098342173,0.475,0.475,-0.8,-0.5,3.25,2.5,4.05,3.0,1.0,1.0,0.0,-0.30000000000000004,0.75,1.0499999999999998,0.0,home,7.0
20250605-Tokyo_Yakult_Swallows-Saitama_Seibu_Lions,2025-06-05 18:00:00,2025,Tokyo Yakult Swallows,Saitama Seibu Lions,4.0,1.0,Final,ベルーナドーム,195,192,0.7434733245473362,0.6,0.175,1.1,-2.1,3.35,2.1,2.25,4.2,1.0,1.0,0.425,3.2,1.25,-1.9500000000000002,0.0,away,5.0
20250605-Yokohama_DeNA_BayStars-Tohoku_Rakuten_Golden_Eagles,2025-06-05 18:00:00,2025,Yokohama DeNA BayStars,Tohoku Rakuten Golden Eagles,5.0,0.0,Final,郡 山,195,208,0.39775593594854747,0.475,0.625,-0.1,1.5,2.45,4.0,2.55,2.5,1.0,1.0,-0.15000000000000002,-1.6,-1.5499999999999998,0.04999999999999982,0.0,away,5.0
20250605-Yomiuri_Giants-Chiba_Lotte_Marines,2025-06-05 18:00:00,2025,Yomiuri Giants,Chiba Lotte Marines,1.0,2.0,Final,ZOZOマリン,195,203,0.37685125322339896,0.3,0.5,-1.7,-0.1,2.35,2.75,4.05,2.85,1.0,1.0,-0.2,-1.5999999999999999,-0.3999999999999999,1.1999999999999997,0.0,home,3.0
20250606-Chiba_Lotte_Marines-Chunichi_Dragons,2025-06-06 18:00:00,2025,Chiba Lotte Marines,Chunichi Dragons,2.0,3.0,Final,バンテリンドーム,197,196,0.5888314648861707,0.45,0.35,-0.9,-1.6,2.8,2.45,3.7,4.05,1.0,1.0,0.10000000000000003,0.7000000000000001,0.34999999999999964,-0.34999999999999964,0.0,home,5.0
20250606-Fukuoka_SoftBank_Hawks-Tokyo_Yakult_Swallows,2025-06-06 18:00:00,2025,Fukuoka SoftBank Hawks,Tokyo Yakult Swallows,2.0,3.0,Final,神 宮,193,204,0.2784158732967432,0.225,0.65,-1.9,1.15,2.2,3.95,4.1,2.8,1.0,1.0,-0.42500000000000004,-3.05,-1.75,1.2999999999999998,0.0,home,5.0
20250606-Hokkaido_Nippon-Ham_Fighters-Yokohama_DeNA_BayStars,2025-06-06 18:00:00,2025,Hokkaido Nippon-Ham Fighters,Yokohama DeNA BayStars,1.0,2.0,Final,横 浜,209,203,0.5959621120965302,0.675,0.575,1.85,0.95,4.1,3.15,2.25,2.2,1.0,1.0,0.10000000000000009,0.9000000000000001,0.9499999999999997,0.04999999999999982,0.0,home,3.0
20250606-Orix_Buffaloes-Hanshin_Tigers,2025-06-06 18:00:00,2025,Orix Buffaloes,Hanshin Tigers,0.0,1.0,Final,甲子園,200,195,0.6877389218022437,0.625,0.5,1.35,-0.75,3.15,3.35,1.8,4.1,1.0,1.0,0.125,2.1,-0.20000000000000018,-2.3,0.0,home,1.0
20250606-Saitama_Seibu_Lions-Hiroshima_Toyo_Carp,2025-06-06 18:00:00,2025,Saitama Seibu Lions,Hiroshima Toyo Carp,2.0,3.0,Final,マツダスタジアム,195,196,0.5003758953011821,0.475,0.55,-0.5,0.6,2.5,3.05,3.0,2.45,1.0,1.0,-0.07500000000000007,-1.1,-0.5499999999999998,0.5499999999999998,0.0,home,5.0
20250606-Tohoku_Rakuten_Golden_Eagles-Yomiuri_Giants,2025-06-06 18:00:00,2025,Tohoku Rakuten Golden Eagles,Yomiuri Giants,2.0,0.0,Final,東京ドーム,204,196,0.5650440978162441,0.45,0.475,-0.2,-0.3,2.65,2.1,2.85,2.4,1.0,1.0,-0.024999999999999967,0.09999999999999998,0.5499999999999998,0.4500000000000002,0.0,away,2.0
20250607-Chiba_Lotte_Marines-Chunichi_Dragons,2025-06-07 14:00:00,2025,Chiba Lotte Marines,Chunichi Dragons,3.0,4.0,Final,バンテリンドーム,198,197,0.6133428918975377,0.45,0.35,-0.9,-1.3,2.7,2.55,3.6,3.85,1.0,1.0,0.10000000000000003,0.4,0.15000000000000036,-0.25,0.0,home,7.0
20250607-Fukuoka_SoftBank_Hawks-Tokyo_Yakult_Swallows,2025-06-07 14:00:00,2025,Fukuoka SoftBank Hawks,Tokyo Yakult Swallows,8.0,1.0,Final,神 宮,194,205,0.31585425750475843,0.225,0.6,-1.9,0.6,2.25,3.5,4.15,2.9,1.0,1.0,-0.375,-2.5,-1.25,1.2500000000000004,0.0,away,9.0
20250607-Hokkaido_Nippon-Ham_Fighters-Yokohama_DeNA_BayStars,2025-06-07 14:00:00,2025,Hokkaido Nippon-Ham Fighters,Yokohama DeNA BayStars,7.0,4.0,Final,横 浜,210,204,0.6199048197314767,0.675,0.525,1.8,0.7,4.0,3.0,2.2,2.3,1.0,1.0,0.15000000000000002,1.1,1.0,-0.09999999999999964,0.0,away,11.0
20250607-Saitama_Seibu_Lions-Hiroshima_Toyo_Carp,2025-06-07 14:00:00,2025,Saitama Seibu Lions,Hiroshima Toyo Carp,2.0,5.0,Final,マツダスタジアム,196,197,0.5313960635638366,0.475,0.5,-0.55,0.05,2.4,2.65,2.95,2.6,1.0,1.0,-0.025000000000000022,-0.6000000000000001,-0.25,0.3500000000000001,0.0,home,7.0
20250607-Tohoku_Rakuten_Golden_Eagles-Yomiuri_Giants,2025-06-07 14:00:00,2025,Tohoku Rakuten Golden Eagles,Yomiuri Giants,0.0,2.0,Final,東京ドーム,205,197,0.5276557252481953,0.45,0.525,-0.25,0.0,2.6,2.2,2.85,2.2,1.0,1.0,-0.07500000000000001,-0.25,0.3999999999999999,0.6499999999999999,0.0,home,2.0
20250607-Orix_Buffaloes-Hanshin_Tigers,2025-06-07 18:00:00,2025,Orix Buffaloes,Hanshin Tigers,2.0,8.0,Final,甲子園,201,196,0.7041674288785427,0.65,0.5,1.4,-0.3,3.15,3.3,1.75,3.6,1.0,1.0,0.15000000000000002,1.7,-0.1499999999999999,-1.85,0.0,home,10.0
20250608-Chiba_Lotte_Marines-Chunichi_Dragons,2025-06-08 13:30:00,2025,Chiba Lotte Marines,Chunichi Dragons,0.0,3.0,Final,バンテリンドーム,199,198,0.6358830251453944,0.45,0.35,-0.95,-0.85,2.8,2.7,3.75,3.55,1.0,1.0,0.10000000000000003,-0.09999999999999998,0.09999999999999964,0.20000000000000018,0.0,home,3.0
20250608-Fukuoka_SoftBank_Hawks-Tokyo_Yakult_Swallows,2025-06-08 13:30:00,2025,Fukuoka SoftBank Hawks,Tokyo Yakult Swallows,2.0,4.0,Final,神 宮,195,206,0.291864469111293,0.225,0.65,-2.2,1.2,2.1,3.85,4.3,2.65,1.0,1.0,-0.42500000000000004,-3.4000000000000004,-1.75,1.65,0.0,home,6.0
20250608-Saitama_Seibu_Lions-Hiroshima_Toyo_Carp,2025-06-08 13:30:00,2025,Saitama Seibu Lions,Hiroshima Toyo Carp,0.0,10.0,Final,マツダスタジアム,197,198,0.5645246246878385,0.525,0.5,-0.3,0.15,2.55,2.7,2.85,2.55,1.0,1.0,0.025000000000000022,-0.44999999999999996,-0.15000000000000036,0.30000000000000027,0.0,home,10.0
20250608-Hokkaido_Nippon-Ham_Fighters-Yokohama_DeNA_BayStars,2025-06-08 14:00:00,2025,Hokkaido Nippon-Ham Fighters,Yokohama DeNA BayStars,4.0,5.0,Final,横 浜,211,205,0.5774096446481928,0.65,0.525,1.65,0.5,4.15,3.0,2.5,2.5,1.0,1.0,0.125,1.15,1.1500000000000004,0.0,0.0,home,9.0
20250608-Orix_Buffaloes-Hanshin_Tigers,2025-06-08 14:00:00,2025,Orix Buffaloes,Hanshin Tigers,1.0,8.0,Final,甲子園,202,197,0.7247280748941303,0.7,0.45,1.75,-0.85,3.55,3.1,1.8,3.95,1.0,1.0,0.24999999999999994,2.6,0.44999999999999973,-2.1500000000000004,0.0,home,9.0
20250608-Tohoku_Rakuten_Golden_Eagles-Yomiuri_Giants,2025-06-08 14:00:00,2025,Tohoku Rakuten Golden Eagles,Yomiuri Giants,0.0,5.0,Final,東京ドーム,206,198,0.5589493193198032,0.5,0.475,-0.1,-0.15,2.5,2.0,2.6,2.15,1.0,1.0,0.025000000000000022,0.04999999999999999,0.5,0.4500000000000002,0.0,home,5.0
20250610-Chunichi_Dragons-Tohoku_Rakuten_Golden_Eagles,2025-06-10 18:00:00,2025,Chunichi Dragons,Tohoku Rakuten Golden Eagles,3.0,1.0,Final,山形市,199,200,0.494450221651386,0.425,0.5,-0.6,-0.7,1.8,2.85,2.4,3.55,2.0,2.0,-0.07500000000000001,0.09999999999999998,-1.05,-1.15,0.0,away,4.0
20250610-Hanshin_Tigers-Saitama_Seibu_Lions,2025-06-10 18:00:00,2025,Hanshin Tigers,Saitama Seibu Lions,2.0,4.0,Final,ベルーナドーム,199,203,0.2973631444816614,0.45,0.75,-0.45,2.2,2.55,3.85,3.0,1.65,2.0,2.0,-0.3,-2.6500000000000004,-1.3000000000000003,1.35,0.0,home,6.0
20250610-Hiroshima_Toyo_Carp-Chiba_Lotte_Marines,2025-06-10 18:00:00,2025,Hiroshima Toyo Carp,Chiba Lotte Marines,1.0,6.0,Final,ZOZOマリン,199,198,0.346025132204515,0.35,0.525,-0.95,0.15,2.55,2.8,3.5,2.65,2.0,2.0,-0.17500000000000004,-1.0999999999999999,-0.25,0.8500000000000001,0.0,home,7.0
20250610-Tokyo_Yakult_Swallows-Hokkaido_Nippon-Ham_Fighters,2025-06-10 18:00:00,2025,Tokyo Yakult Swallows,Hokkaido Nippon-Ham Fighters,1.0,3.0,Final,エスコンＦ,206,196,0.7122399721936212,0.525,0.275,0.65,-2.0,2.95,2.3,2.3,4.3,2.0,2.0,0.25,2.65,0.6500000000000004,-2.0,0.0,home,4.0
20250610-Yokohama_DeNA_BayStars-Orix_Buffaloes,2025-06-10 18:00:00,2025,Yokohama DeNA BayStars,Orix Buffaloes,0.0,2.0,Final,京セラD大阪,198,212,0.3647007589767557,0.45,0.65,-0.9,1.65,3.1,4.35,4.0,2.7,2.0,2.0,-0.2,-2.55,-1.2499999999999996,1.2999999999999998,0.0,home,2.0
20250610-Yomiuri_Giants-Fukuoka_SoftBank_Hawks,2025-06-10 18:00:00,2025,Yomiuri Giants,Fukuoka SoftBank Hawks,2.0,5.0,Final,みずほPayPay,207,207,0.5747883441065316,0.6,0.55,0.8,0.3,3.6,2.75,2.8,2.45,2.0,2.0,0.04999999999999993,0.5,0.8500000000000001,0.34999999999999964,0.0,home,7.0
20250611-Chunichi_Dragons-Tohoku_Rakuten_Golden_Eagles,2025-06-11 18:00:00,2025,Chunichi Dragons,Tohoku Rakuten Golden Eagles,8.0,5.0,Final,楽天モバイル,200,201,0.46150940075254276,0.425,0.55,-0.55,-0.55,1.75,3.0,2.3,3.55,1.0,1.0,-0.12500000000000006,0.0,-1.25,-1.25,0.0,away,13.0
20250611-Hanshin_Tigers-Saitama_Seibu_Lions,2025-06-11 18:00:00,2025,Hanshin Tigers,Saitama Seibu Lions,2.0,3.0,Final,ベルーナドーム,200,204,0.3380017408258345,0.5,0.7,-0.1,1.95,2.75,3.7,2.85,1.75,1.0,1.0,-0.19999999999999996,-2.05,-0.9500000000000002,1.1,0.0,home,5.0
20250611-Hiroshima_Toyo_Carp-Chiba_Lotte_Marines,2025-06-11 18:00:00,2025,Hiroshima Toyo Carp,Chiba Lotte Marines,6.0,2.0,Final,ZOZOマリン,200,199,0.39514381686695393,0.4,0.475,-0.5,-0.25,2.85,2.7,3.35,2.95,1.0,1.0,-0.07499999999999996,-0.25,0.1499999999999999,0.3999999999999999,0.0,away,8.0
20250611-Tokyo_Yakult_Swallows-Hokkaido_Nippon-Ham_Fighters,2025-06-11 18:00:00,2025,Tokyo Yakult Swallows,Hokkaido Nippon-Ham Fighters,2.0,8.0,Final,エスコンＦ,207,197,0.7277325332350313,0.525,0.275,0.4,-2.0,2.75,2.05,2.35,4.05,1.0,1.0,0.25,2.4,0.7000000000000002,-1.6999999999999997,0.0,home,10.0
20250611-Yokohama_DeNA_BayStars-Orix_Buffaloes,2025-06-11 18:00:00,2025,Yokohama DeNA BayStars,Orix Buffaloes,4.0,0.0,Final,京セラD大阪,199,213,0.4048418649464761,0.5,0.6,-0.45,1.45,3.2,3.95,3.65,2.5,1.0,1.0,-0.09999999999999998,-1.9,-0.75,1.15,0.0,away,4.0
20250611-Yomiuri_Giants-Fukuoka_SoftBank_Hawks,2025-06-11 18:00:00,2025,Yomiuri Giants,Fukuoka SoftBank Hawks,7.0,3.0,Final,みずほPayPay,208,208,0.6041582085682281,0.6,0.55,0.7,0.35,3.55,2.8,2.85,2.45,1.0,1.0,0.04999999999999993,0.35,0.75,0.3999999999999999,0.0,away,10.0
20250612-Chunichi_Dragons-Tohoku_Rakuten_Golden_Eagles,2025-06-12 18:00:00,2025,Chunichi Dragons,Tohoku Rakuten Golden Eagles,0.0,4.0,Final,楽天モバイル,201,202,0.42897409741358417,0.375,0.55,-0.9,-0.55,1.75,3.05,2.65,3.6,1.0,1.0,-0.17500000000000004,-0.35,-1.2999999999999998,-0.9500000000000002,0.0,home,4.0
20250612-Hanshin_Tigers-Saitama_Seibu_Lions,2025-06-12 18:00:00,2025,Hanshin Tigers,Saitama Seibu Lions,1.0,4.0,Final,ベルーナドーム,201,205,0.37575943201323136,0.5,0.65,-0.2,1.8,2.75,3.65,2.95,1.85,1.0,1.0,-0.15000000000000002,-2.0,-0.8999999999999999,1.1,0.0,home,5.0
20250612-Hiroshima_Toyo_Carp-Chiba_Lotte_Marines,2025-06-12 18:00:00,2025,Hiroshima Toyo Carp,Chiba Lotte Marines,4.0,5.0,Final,ZOZOマリン,201,200,0.3668297678301335,0.35,0.475,-0.85,-0.25,2.7,2.75,3.55,3.0,1.0,1.0,-0.125,-0.6,-0.04999999999999982,0.5499999999999998,0.0,home,9.0
20250612-Tokyo_Yakult_Swallows-Hokkaido_Nippon-Ham_Fighters,2025-06-12 18:00:00,2025,Tokyo Yakult Swallows,Hokkaido Nippon-Ham Fighters,1.0,6.0,Final,エスコンＦ,208,198,0.7457235090117883,0.525,0.225,0.3,-2.35,2.75,1.8,2.45,4.15,1.0,1.0,0.30000000000000004,2.65,0.95,-1.7000000000000002,0.0,home,7.0
20250612-Yokohama_DeNA_BayStars-Orix_Buffaloes,2025-06-12 18:00:00,2025,Yokohama DeNA BayStars,Orix Buffaloes,2.0,4.0,Final,京セラD大阪,200,214,0.37557366243041146,0.45,0.65,-0.85,1.7,2.75,3.85,3.6,2.15,1.0,1.0,-0.2,-2.55,-1.1,1.4500000000000002,0.0,home,6.0
20250612-Yomiuri_Giants-Fukuoka_SoftBank_Hawks,2025-06-12 18:00:00,2025,Yomiuri Giants,Fukuoka SoftBank Hawks,0.0,0.0,Final,みずほPayPay,209,209,0.5595147408861658,0.6,0.55,0.6,0.45,3.65,2.95,3.05,2.5,1.0,1.0,0.04999999999999993,0.14999999999999997,0.6999999999999997,0.5499999999999998,0.0,draw,0.0
20250613-Chunichi_Dragons-Saitama_Seibu_Lions,2025-06-13 18:00:00,2025,Chunichi Dragons,Saitama Seibu Lions,2.0,1.0,Final,ベルーナドーム,202,203,0.5586581506636319,0.5,0.55,-0.1,-0.35,2.8,2.95,2.9,3.3,1.0,1.0,-0.050000000000000044,0.24999999999999997,-0.15000000000000036,-0.3999999999999999,0.0,away,3.0
20250613-Hanshin_Tigers-Tohoku_Rakuten_Golden_Eagles,2025-06-13 18:00:00,2025,Hanshin Tigers,Tohoku Rakuten Golden Eagles,2.0,3.0,Final,楽天モバイル,202,206,0.3368081351429149,0.425,0.6,-0.65,1.45,1.9,3.5,2.55,2.05,1.0,1.0,-0.175,-2.1,-1.6,0.5,0.0,home,5.0
20250613-Hiroshima_Toyo_Carp-Hokkaido_Nippon-Ham_Fighters,2025-06-13 18:00:00,2025,Hiroshima Toyo Carp,Hokkaido Nippon-Ham Fighters,6.0,2.0,Final,エスコンＦ,209,201,0.6109813215513361,0.575,0.425,0.6,-0.4,3.0,2.75,2.4,3.15,1.0,1.0,0.14999999999999997,1.0,0.25,-0.75,0.0,away,8.0
20250613-Tokyo_Yakult_Swallows-Chiba_Lotte_Marines,2025-06-13 18:00:00,2025,Tokyo Yakult Swallows,Chiba Lotte Marines,4.0,5.0,Final,ZOZOマリン,202,199,0.5788556632276121,0.4,0.225,-0.4,-2.2,2.95,1.75,3.35,3.95,1.0,1.0,0.17500000000000002,1.8000000000000003,1.2000000000000002,-0.6000000000000001,0.0,home,9.0
20250613-Yokohama_DeNA_BayStars-Fukuoka_SoftBank_Hawks,2025-06-13 18:00:00,2025,Yokohama DeNA BayStars,Fukuoka SoftBank Hawks,1.0,4.0,Final,みずほPayPay,210,215,0.47575485550621627,0.575,0.6,0.35,1.2,3.4,3.45,3.05,2.25,1.0,1.0,-0.025000000000000022,-0.85,-0.050000000000000266,0.7999999999999998,0.0,home,5.0
20250613-Yomiuri_Giants-Orix_Buffaloes,2025-06-13 18:00:00,2025,Yomiuri Giants,Orix Buffaloes,3.0,7.0,Final,京セラD大阪,201,210,0.49523795965919803,0.5,0.525,-0.4,0.4,2.95,2.9,3.35,2.5,1.0,1.0,-0.025000000000000022,-0.8,0.050000000000000266,0.8500000000000001,0.0,home,10.0
20250614-Chunichi_Dragons-Saitama_Seibu_Lions,2025-06-14 14:00:00,2025,Chunichi Dragons,Saitama Seibu Lions,1.0,2.0,Final,ベルーナドーム,203,204,0.5241789632662179,0.5,0.55,-0.05,-0.35,2.8,2.75,2.85,3.1,1.0,1.0,-0.050000000000000044,0.3,0.04999999999999982,-0.25,0.0,home,3.0
20250614-Hanshin_Tigers-Tohoku_Rakuten_Golden_Eagles,2025-06-14 14:00:00,2025,Hanshin Tigers,Tohoku Rakuten Golden Eagles,4.0,5.0,Final,楽天モバイル,203,207,0.3745774559726634,0.475,0.6,-0.55,1.45,2.0,3.4,2.55,1.95,1.0,1.0,-0.125,-2.0,-1.4,0.5999999999999999,0.0,home,9.0
20250614-Hiroshima_Toyo_Carp-Hokkaido_Nippon-Ham_Fighters,2025-06-14 14:00:00,2025,Hiroshima Toyo Carp,Hokkaido Nippon-Ham Fighters,0.0,5.0,Final,エスコンＦ,210,202,0.5660459519319008,0.575,0.475,0.55,-0.05,3.0,2.95,2.45,3.0,1.0,1.0,0.09999999999999998,0.6000000000000001,0.04999999999999982,-0.5499999999999998,0.0,home,5.0
20250614-Tokyo_Yakult_Swallows-Chiba_Lotte_Marines,2025-06-14 14:00:00,2025,Tokyo Yakult Swallows,Chiba Lotte Marines,5.0,0.0,Final,ZOZOマリン,203,200,0.6041548345294441,0.4,0.225,-0.4,-2.2,3.1,1.85,3.5,4.05,1.0,1.0,0.17500000000000002,1.8000000000000003,1.25,-0.5499999999999998,0.0,away,5.0
20250614-Yokohama_DeNA_BayStars-Fukuoka_SoftBank_Hawks,2025-06-14 18:00:00,2025,Yokohama DeNA BayStars,Fukuoka SoftBank Hawks,0.0,4.0,Final,みずほPayPay,211,216,0.5131534811721964,0.625,0.55,0.7,0.65,3.55,3.0,2.85,2.35,1.0,1.0,0.07499999999999996,0.04999999999999993,0.5499999999999998,0.5,0.0,home,4.0
20250614-Yomiuri_Giants-Orix_Buffaloes,2025-06-14 18:00:00,2025,Yomiuri Giants,Orix Buffaloes,1.0,2.0,Final,京セラD大阪,202,211,0.5335418631809865,0.55,0.525,-0.05,0.35,3.3,2.85,3.35,2.5,1.0,1.0,0.025000000000000022,-0.39999999999999997,0.44999999999999973,0.8500000000000001,0.0,home,3.0
20250615-Chunichi_Dragons-Saitama_Seibu_Lions,2025-06-15 13:00:00,2025,Chunichi Dragons,Saitama Seibu Lions,0.0,1.0,Final,ベルーナドーム,204,205,0.5535730989426915,0.5,0.55,-0.05,-0.2,2.85,2.8,2.9,3.0,1.0,1.0,-0.050000000000000044,0.15000000000000002,0.050000000000000266,-0.10000000000000009,0.0,home,1.0
20250615-Hanshin_Tigers-Tohoku_Rakuten_Golden_Eagles,2025-06-15 13:00:00,2025,Hanshin Tigers,Tohoku Rakuten Golden Eagles,2.0,3.0,Final,楽天モバイル,204,208,0.41166192126607193,0.525,0.6,-0.45,1.45,2.25,3.5,2.7,2.05,1.0,1.0,-0.07499999999999996,-1.9,-1.25,0.6500000000000004,0.0,home,5.0
20250615-Hiroshima_Toyo_Carp-Hokkaido_Nippon-Ham_Fighters,2025-06-15 13:00:00,2025,Hiroshima Toyo Carp,Hokkaido Nippon-Ham Fighters,7.0,8.0,Final,エスコンＦ,211,203,0.6000388223932023,0.575,0.475,0.75,-0.2,3.15,2.9,2.4,3.1,1.0,1.0,0.09999999999999998,0.95,0.25,-0.7000000000000002,0.0,home,15.0
20250615-Tokyo_Yakult_Swallows-Chiba_Lotte_Marines,2025-06-15 14:00:00,2025,Tokyo Yakult Swallows,Chiba Lotte Marines,4.0,5.0,Final,ZOZOマリン,204,201,0.556766905740017,0.4,0.25,-0.6,-1.95,3.05,2.0,3.65,3.95,1.0,1.0,0.15000000000000002,1.35,1.0499999999999998,-0.30000000000000027,0.0,home,9.0
20250615-Yokohama_DeNA_BayStars-Fukuoka_SoftBank_Hawks,2025-06-15 14:00:00,2025,Yokohama DeNA BayStars,Fukuoka SoftBank Hawks,3.0,4.0,Final,みずほPayPay,212,217,0.5499822052789987,0.625,0.55,0.85,0.5,3.65,2.75,2.8,2.25,1.0,1.0,0.07499999999999996,0.35,0.8999999999999999,0.5499999999999998,0.0,home,7.0
20250615-Yomiuri_Giants-Orix_Buffaloes,2025-06-15 14:00:00,2025,Yomiuri Giants,Orix Buffaloes,3.0,8.0,Final,京セラD大阪,203,212,0.5622670000695343,0.6,0.525,0.05,0.5,3.3,2.9,3.25,2.4,1.0,1.0,0.07499999999999996,-0.45,0.3999999999999999,0.8500000000000001,0.0,home,11.0
20250617-Chiba_Lotte_Marines-Hanshin_Tigers,2025-06-17 18:00:00,2025,Chiba Lotte Marines,Hanshin Tigers,3.0,1.0,Final,甲子園,209,205,0.71180149635945,0.55,0.45,1.25,-0.3,3.45,3.25,2.2,3.55,2.0,2.0,0.10000000000000003,1.55,0.20000000000000018,-1.3499999999999996,0.0,away,4.0
20250617-Fukuoka_SoftBank_Hawks-Hiroshima_Toyo_Carp,2025-06-17 18:00:00,2025,Fukuoka SoftBank Hawks,Hiroshima Toyo Carp,2.0,0.0,Final,マツダスタジアム,204,213,0.42306785770396704,0.425,0.625,-0.3,0.85,3.1,3.75,3.4,2.9,2.0,2.0,-0.2,-1.15,-0.6499999999999999,0.5,0.0,away,2.0
20250617-Hokkaido_Nippon-Ham_Fighters-Yomiuri_Giants,2025-06-17 18:00:00,2025,Hokkaido Nippon-Ham Fighters,Yomiuri Giants,4.0,1.0,Final,東京ドーム,213,212,0.40856176918111214,0.475,0.625,0.2,0.85,2.8,3.4,2.6,2.55,2.0,2.0,-0.15000000000000002,-0.6499999999999999,-0.6000000000000001,0.050000000000000266,0.0,away,5.0
20250617-Orix_Buffaloes-Chunichi_Dragons,2025-06-17 18:00:00,2025,Orix Buffaloes,Chunichi Dragons,5.0,3.0,Final,バンテリンドーム,206,204,0.4698851885907822,0.55,0.6,-0.1,0.2,2.8,3.55,2.9,3.35,2.0,2.0,-0.04999999999999993,-0.30000000000000004,-0.75,-0.4500000000000002,0.0,away,8.0
20250617-Saitama_Seibu_Lions-Yokohama_DeNA_BayStars,2025-06-17 18:00:00,2025,Saitama Seibu Lions,Yokohama DeNA BayStars,3.0,0.0,Final,横 浜,218,205,0.546499335947218,0.5,0.55,0.25,0.05,2.7,2.85,2.45,2.8,2.0,2.0,-0.050000000000000044,0.2,-0.1499999999999999,-0.34999999999999964,0.0,away,3.0
20250617-Tohoku_Rakuten_Golden_Eagles-Tokyo_Yakult_Swallows,2025-06-17 18:00:00,2025,Tohoku Rakuten Golden Eagles,Tokyo Yakult Swallows,4.0,4.0,Final,神 宮,202,205,0.360979722086,0.25,0.525,-1.75,-0.45,2.2,2.3,3.95,2.75,2.0,2.0,-0.275,-1.3,-0.09999999999999964,1.2000000000000002,0.0,draw,8.0
20250618-Chiba_Lotte_Marines-Hanshin_Tigers,2025-06-18 18:00:00,2025,Chiba Lotte Marines,Hanshin Tigers,1.0,8.0,Final,甲子園,210,206,0.6712904776939896,0.55,0.45,1.2,-0.6,3.3,2.95,2.1,3.55,1.0,1.0,0.10000000000000003,1.7999999999999998,0.34999999999999964,-1.4499999999999997,0.0,home,9.0
20250618-Fukuoka_SoftBank_Hawks-Hiroshima_Toyo_Carp,2025-06-18 18:00:00,2025,Fukuoka SoftBank Hawks,Hiroshima Toyo Carp,4.0,8.0,Final,マツダスタジアム,205,214,0.3957528413039732,0.4,0.625,-0.4,0.8,3.0,3.6,3.4,2.8,1.0,1.0,-0.22499999999999998,-1.2000000000000002,-0.6000000000000001,0.6000000000000001,0.0,home,12.0
20250618-Hokkaido_Nippon-Ham_Fighters-Yomiuri_Giants,2025-06-18 18:00:00,2025,Hokkaido Nippon-Ham Fighters,Yomiuri Giants,1.0,2.0,Final,東京ドーム,214,213,0.3807026466272748,0.425,0.625,0.0,0.95,2.7,3.55,2.7,2.6,1.0,1.0,-0.2,-0.95,-0.8499999999999996,0.10000000000000009,0.0,home,3.0
20250618-Orix_Buffaloes-Chunichi_Dragons,2025-06-18 18:00:00,2025,Orix Buffaloes,Chunichi Dragons,3.0,6.0,Final,バンテリンドーム,207,205,0.4387808226609635,0.5,0.6,-0.25,0.25,2.7,3.7,2.95,3.45,1.0,1.0,-0.09999999999999998,-0.5,-1.0,-0.5,0.0,home,9.0
20250618-Saitama_Seibu_Lions-Yokohama_DeNA_BayStars,2025-06-18 18:00:00,2025,Saitama Seibu Lions,Yokohama DeNA BayStars,2.0,4.0,Final,横 浜,219,206,0.5076243007001779,0.45,0.6,0.05,0.5,2.6,2.85,2.55,2.35,1.0,1.0,-0.14999999999999997,-0.45,-0.25,0.19999999999999973,0.0,home,6.0
20250618-Tohoku_Rakuten_Golden_Eagles-Tokyo_Yakult_Swallows,2025-06-18 18:00:00,2025,Tohoku Rakuten Golden Eagles,Tokyo Yakult Swallows,6.0,2.0,Final,神 宮,203,206,0.3683960857262411,0.275,0.55,-1.65,-0.4,2.3,2.5,3.95,2.9,1.0,1.0,-0.275,-1.25,-0.20000000000000018,1.0500000000000003,0.0,away,8.0
20250619-Chiba_Lotte_Marines-Hanshin_Tigers,2025-06-19 18:00:00,2025,Chiba Lotte Marines,Hanshin Tigers,0.0,2.0,Final,甲子園,211,207,0.6967989988186922,0.55,0.4,1.35,-1.25,3.45,2.55,2.1,3.8,1.0,1.0,0.15000000000000002,2.6,0.9000000000000004,-1.6999999999999997,0.0,home,2.0
20250619-Fukuoka_SoftBank_Hawks-Hiroshima_Toyo_Carp,2025-06-19 18:00:00,2025,Fukuoka SoftBank Hawks,Hiroshima Toyo Carp,16.0,2.0,Final,マツダスタジアム,206,215,0.4404002525746547,0.45,0.625,-0.15,0.65,3.35,3.75,3.5,3.1,1.0,1.0,-0.175,-0.8,-0.3999999999999999,0.3999999999999999,0.0,away,18.0
20250619-Hokkaido_Nippon-Ham_Fighters-Yomiuri_Giants,2025-06-19 18:00:00,2025,Hokkaido Nippon-Ham Fighters,Yomiuri Giants,4.0,1.0,Final,東京ドーム,215,214,0.4176177314845643,0.425,0.625,-0.2,0.95,2.55,3.55,2.75,2.6,1.0,1.0,-0.2,-1.15,-1.0,0.1499999999999999,0.0,away,5.0
20250619-Orix_Buffaloes-Chunichi_Dragons,2025-06-19 18:00:00,2025,Orix Buffaloes,Chunichi Dragons,6.0,1.0,Final,バンテリンドーム,208,206,0.47854521050631005,0.55,0.55,0.1,-0.15,2.95,3.55,2.85,3.7,1.0,1.0,0.0,0.25,-0.5999999999999996,-0.8500000000000001,0.0,away,7.0
20250619-Saitama_Seibu_Lions-Yokohama_DeNA_BayStars,2025-06-19 18:00:00,2025,Saitama Seibu Lions,Yokohama DeNA BayStars,2.0,1.0,Final,横 浜,220,207,0.5404149001506204,0.5,0.55,0.3,0.15,2.8,2.65,2.5,2.5,1.0,1.0,-0.050000000000000044,0.15,0.1499999999999999,0.0,0.0,away,3.0
20250619-Tohoku_Rakuten_Golden_Eagles-Tokyo_Yakult_Swallows,2025-06-19 18:00:00,2025,Tohoku Rakuten Golden Eagles,Tokyo Yakult Swallows,3.0,1.0,Final,神 宮,204,207,0.34274742838704786,0.275,0.55,-1.7,-0.25,2.3,2.7,4.0,2.95,1.0,1.0,-0.275,-1.45,-0.40000000000000036,1.0499999999999998,0.0,away,4.0
20250620-Chiba_Lotte_Marines-Yokohama_DeNA_BayStars,2025-06-20 18:00:00,2025,Chiba Lotte Marines,Yokohama DeNA BayStars,6.0,1.0,Final,横 浜,221,208,0.6758300995000098,0.5,0.4,0.3,-1.1,2.85,2.5,2.55,3.6,1.0,1.0,0.09999999999999998,1.4000000000000001,0.3500000000000001,-1.0500000000000003,0.0,away,7.0
20250620-Fukuoka_SoftBank_Hawks-Hanshin_Tigers,2025-06-20 18:00:00,2025,Fukuoka SoftBank Hawks,Hanshin Tigers,2.0,1.0,Final,甲子園,212,216,0.49272737860421817,0.55,0.625,1.4,1.3,3.5,4.35,2.1,3.05,1.0,1.0,-0.07499999999999996,0.09999999999999987,-0.8499999999999996,-0.9499999999999997,0.0,away,3.0
20250620-Hokkaido_Nippon-Ham_Fighters-Chunichi_Dragons,2025-06-20 18:00:00,2025,Hokkaido Nippon-Ham Fighters,Chunichi Dragons,1.0,0.0,Final,バンテリンドーム,209,215,0.39412397478425143,0.55,0.65,-0.1,1.1,2.95,3.7,3.05,2.6,1.0,1.0,-0.09999999999999998,-1.2000000000000002,-0.75,0.44999999999999973,0.0,away,1.0
20250620-Orix_Buffaloes-Tokyo_Yakult_Swallows,2025-06-20 18:00:00,2025,Orix Buffaloes,Tokyo Yakult Swallows,10.0,8.0,Final,神 宮,205,207,0.2887650556157864,0.225,0.6,-1.85,0.5,2.25,3.8,4.1,3.3,1.0,1.0,-0.375,-2.35,-1.5499999999999998,0.7999999999999998,0.0,away,18.0
20250620-Saitama_Seibu_Lions-Yomiuri_Giants,2025-06-20 18:00:00,2025,Saitama Seibu Lions,Yomiuri Giants,1.0,2.0,Final,東京ドーム,216,208,0.4361288183606569,0.375,0.55,-0.45,-0.2,2.4,2.35,2.85,2.55,1.0,1.0,-0.17500000000000004,-0.25,0.04999999999999982,0.30000000000000027,0.0,home,3.0
20250620-Tohoku_Rakuten_Golden_Eagles-Hiroshima_Toyo_Carp,2025-06-20 18:00:00,2025,Tohoku Rakuten Golden Eagles,Hiroshima Toyo Carp,4.0,0.0,Final,マツダスタジアム,207,208,0.4967675159543624,0.4,0.575,-1.0,-0.15,3.3,2.8,4.3,2.95,1.0,1.0,-0.17499999999999993,-0.85,0.5,1.3499999999999996,0.0,away,4.0
20250621-Chiba_Lotte_Marines-Yokohama_DeNA_BayStars,2025-06-21 14:00:00,2025,Chiba Lotte Marines,Yokohama DeNA BayStars,0.0,5.0,Final,横 浜,222,209,0.6264020190714397,0.5,0.45,0.1,-0.45,2.9,2.8,2.8,3.25,1.0,1.0,0.04999999999999999,0.55,0.10000000000000009,-0.4500000000000002,0.0,home,5.0
20250621-Fukuoka_SoftBank_Hawks-Hanshin_Tigers,2025-06-21 14:00:00,2025,Fukuoka SoftBank Hawks,Hanshin Tigers,0.0,3.0,Final,甲子園,213,217,0.46216655820832575,0.5,0.675,1.3,1.75,3.5,4.2,2.2,2.45,1.0,1.0,-0.17500000000000004,-0.44999999999999996,-0.7000000000000002,-0.25,0.0,home,3.0
20250621-Hokkaido_Nippon-Ham_Fighters-Chunichi_Dragons,2025-06-21 14:00:00,2025,Hokkaido Nippon-Ham Fighters,Chunichi Dragons,3.0,2.0,Final,バンテリンドーム,210,216,0.3709787397504013,0.5,0.65,-0.3,1.0,2.75,3.5,3.05,2.5,1.0,1.0,-0.15000000000000002,-1.3,-0.75,0.5499999999999998,0.0,away,5.0
20250621-Orix_Buffaloes-Tokyo_Yakult_Swallows,2025-06-21 14:00:00,2025,Orix Buffaloes,Tokyo Yakult Swallows,2.0,5.0,Final,神 宮,206,208,0.27318583950501424,0.225,0.6,-1.8,0.2,2.6,3.65,4.4,3.45,1.0,1.0,-0.375,-2.0,-1.0499999999999998,0.9500000000000002,0.0,home,7.0
20250621-Saitama_Seibu_Lions-Yomiuri_Giants,2025-06-21 14:00:00,2025,Saitama Seibu Lions,Yomiuri Giants,2.0,5.0,Final,東京ドーム,217,209,0.47086675113528176,0.375,0.55,-0.55,-0.15,2.25,2.35,2.8,2.5,1.0,1.0,-0.17500000000000004,-0.4,-0.10000000000000009,0.2999999999999998,0.0,home,7.0
20250621-Tohoku_Rakuten_Golden_Eagles-Hiroshima_Toyo_Carp,2025-06-21 14:00:00,2025,Tohoku Rakuten Golden Eagles,Hiroshima Toyo Carp,3.0,8.0,Final,マツダスタジアム,208,209,0.45911194961297785,0.35,0.575,-1.25,-0.05,3.2,2.85,4.45,2.9,1.0,1.0,-0.22499999999999998,-1.2,0.3500000000000001,1.5500000000000003,0.0,home,11.0
20250622-Tohoku_Rakuten_Golden_Eagles-Hiroshima_Toyo_Carp,2025-06-22 13:00:00,2025,Tohoku Rakuten Golden Eagles,Hiroshima Toyo Carp,2.0,5.0,Final,マツダスタジアム,209,210,0.5026108411136705,0.4,0.575,-0.85,0.0,3.55,3.0,4.4,3.0,1.0,1.0,-0.17499999999999993,-0.85,0.5499999999999998,1.4000000000000004,0.0,home,7.0
20250622-Hokkaido_Nippon-Ham_Fighters-Chunichi_Dragons,2025-06-22 13:30:00,2025,Hokkaido Nippon-Ham Fighters,Chunichi Dragons,1.0,4.0,Final,バンテリンドーム,211,217,0.3497189111404592,0.45,0.7,-0.65,1.1,2.55,3.6,3.2,2.5,1.0,1.0,-0.24999999999999994,-1.75,-1.0500000000000003,0.7000000000000002,0.0,home,5.0
20250622-Orix_Buffaloes-Tokyo_Yakult_Swallows,2025-06-22 13:30:00,2025,Orix Buffaloes,Tokyo Yakult Swallows,4.0,2.0,Final,神 宮,207,209,0.31626322694701886,0.275,0.6,-1.35,0.15,2.85,3.55,4.2,3.4,1.0,1.0,-0.32499999999999996,-1.5,-0.6999999999999997,0.8000000000000003,0.0,away,6.0
20250622-Chiba_Lotte_Marines-Yokohama_DeNA_BayStars,2025-06-22 14:00:00,2025,Chiba Lotte Marines,Yokohama DeNA BayStars,10.0,9.0,Final,横 浜,223,210,0.6541306106944383,0.5,0.4,0.15,-0.8,2.9,2.5,2.75,3.3,1.0,1.0,0.09999999999999998,0.9500000000000001,0.3999999999999999,-0.5499999999999998,0.0,away,19.0
20250622-Fukuoka_SoftBank_Hawks-Hanshin_Tigers,2025-06-22 14:00:00,2025,Fukuoka SoftBank Hawks,Hanshin Tigers,3.0,1.0,Final,甲子園,214,218,0.5004847293892846,0.55,0.675,1.65,1.75,3.6,4.1,1.95,2.35,1.0,1.0,-0.125,-0.10000000000000009,-0.49999999999999956,-0.40000000000000013,0.0,away,4.0
20250622-Saitama_Seibu_Lions-Yomiuri_Giants,2025-06-22 14:00:00,2025,Saitama Seibu Lions,Yomiuri Giants,5.0,0.0,Final,東京ドーム,218,210,0.5086024701417915,0.425,0.5,-0.35,-0.6,2.45,2.15,2.8,2.75,1.0,1.0,-0.07500000000000001,0.25,0.30000000000000027,0.04999999999999982,0.0,away,5.0
20250624-Yomiuri_Giants-Chiba_Lotte_Marines,2025-06-24 18:00:00,2025,Yomiuri Giants,Chiba Lotte Marines,4.0,6.0,Final,ZOZOマリン,211,219,0.4616928533853462,0.45,0.375,-0.7,-0.75,2.95,2.25,3.65,3.0,2.0,2.0,0.07500000000000001,0.050000000000000044,0.7000000000000002,0.6499999999999999,0.0,home,10.0
20250627-Fukuoka_SoftBank_Hawks-Chiba_Lotte_Marines,2025-06-27 18:00:00,2025,Fukuoka SoftBank Hawks,Chiba Lotte Marines,6.0,3.0,Final,ZOZOマリン,212,219,0.33705767048503105,0.5,0.675,-0.45,1.8,3.2,4.15,3.65,2.35,3.0,5.0,-0.17500000000000004,-2.25,-0.9500000000000002,1.2999999999999998,-2.0,away,9.0
20250627-Hanshin_Tigers-Tokyo_Yakult_Swallows,2025-06-27 18:00:00,2025,Hanshin Tigers,Tokyo Yakult Swallows,3.0,4.0,Final,神 宮,208,215,0.28639143987646287,0.275,0.5,-1.25,1.4,2.85,3.4,4.1,2.0,5.0,5.0,-0.22499999999999998,-2.65,-0.5499999999999998,2.0999999999999996,0.0,home,7.0
20250627-Hiroshima_Toyo_Carp-Chunichi_Dragons,2025-06-27 18:00:00,2025,Hiroshima Toyo Carp,Chunichi Dragons,2.0,3.0,Final,バンテリンドーム,212,210,0.49042550563869897,0.5,0.45,-0.35,-0.55,2.7,3.7,3.05,4.25,5.0,5.0,0.04999999999999999,0.20000000000000007,-1.0,-1.2000000000000002,0.0,home,5.0
20250627-Hokkaido_Nippon-Ham_Fighters-Saitama_Seibu_Lions,2025-06-27 18:00:00,2025,Hokkaido Nippon-Ham Fighters,Saitama Seibu Lions,5.0,2.0,Final,ベルーナドーム,211,218,0.46362599157161793,0.55,0.65,-0.2,0.8,2.25,3.45,2.45,2.65,5.0,5.0,-0.09999999999999998,-1.0,-1.2000000000000002,-0.19999999999999973,0.0,away,7.0
20250627-Tohoku_Rakuten_Golden_Eagles-Orix_Buffaloes,2025-06-27 18:00:00,2025,Tohoku Rakuten Golden Eagles,Orix Buffaloes,2.0,10.0,Final,京セラD大阪,210,211,0.5826427902626569,0.6,0.525,0.2,-0.3,3.65,2.8,3.45,3.1,5.0,5.0,0.07499999999999996,0.5,0.8500000000000001,0.3500000000000001,0.0,home,12.0
20250627-Yokohama_DeNA_BayStars-Yomiuri_Giants,2025-06-27 18:00:00,2025,Yokohama DeNA BayStars,Yomiuri Giants,0.0,4.0,Final,東京ドーム,220,224,0.48811453321315273,0.325,0.45,-1.0,-0.1,2.25,3.05,3.25,3.15,3.0,5.0,-0.125,-0.9,-0.7999999999999998,0.10000000000000009,-2.0,home,4.0
20250628-Hanshin_Tigers-Tokyo_Yakult_Swallows,2025-06-28 14:00:00,2025,Hanshin Tigers,Tokyo Yakult Swallows,2.0,0.0,Final,神 宮,209,216,0.32398557262881206,0.325,0.45,-1.05,1.25,2.95,3.45,4.0,2.2,1.0,1.0,-0.125,-2.3,-0.5,1.7999999999999998,0.0,away,2.0
20250628-Hiroshima_Toyo_Carp-Chunichi_Dragons,2025-06-28 14:00:00,2025,Hiroshima Toyo Carp,Chunichi Dragons,2.0,1.0,Final,バンテリンドーム,213,211,0.5220900889254888,0.5,0.45,-0.4,-0.5,2.65,3.8,3.05,4.3,1.0,1.0,0.04999999999999999,0.09999999999999998,-1.15,-1.25,0.0,away,3.0
20250628-Tohoku_Rakuten_Golden_Eagles-Orix_Buffaloes,2025-06-28 14:00:00,2025,Tohoku Rakuten Golden Eagles,Orix Buffaloes,3.0,7.0,Final,京セラD大阪,211,212,0.6194918370571121,0.6,0.525,0.55,-0.6,4.0,2.8,3.45,3.4,1.0,1.0,0.07499999999999996,1.15,1.2000000000000002,0.050000000000000266,0.0,home,10.0
20250628-Yokohama_DeNA_BayStars-Yomiuri_Giants,2025-06-28 14:00:00,2025,Yokohama DeNA BayStars,Yomiuri Giants,0.0,5.0,Final,東京ドーム,221,225,0.5269818317723656,0.375,0.4,-0.7,-0.45,2.35,2.8,3.05,3.25,1.0,1.0,-0.025000000000000022,-0.24999999999999994,-0.44999999999999973,-0.20000000000000018,0.0,home,5.0
20250628-Fukuoka_SoftBank_Hawks-Chiba_Lotte_Marines,2025-06-28 18:00:00,2025,Fukuoka SoftBank Hawks,Chiba Lotte Marines,0.0,5.0,Final,ZOZOマリン,213,220,0.3159016312807213,0.5,0.675,-0.55,1.85,3.2,4.25,3.75,2.4,1.0,1.0,-0.17500000000000004,-2.4000000000000004,-1.0499999999999998,1.35,0.0,home,5.0
20250628-Hokkaido_Nippon-Ham_Fighters-Saitama_Seibu_Lions,2025-06-28 18:00:00,2025,Hokkaido Nippon-Ham Fighters,Saitama Seibu Lions,2.0,3.0,Final,ベルーナドーム,212,219,0.4309127154760864,0.55,0.65,-0.3,0.9,2.25,3.5,2.55,2.6,1.0,1.0,-0.09999999999999998,-1.2,-1.25,-0.050000000000000266,0.0,home,5.0
20250629-Tohoku_Rakuten_Golden_Eagles-Orix_Buffaloes,2025-06-29 13:00:00,2025,Tohoku Rakuten Golden Eagles,Orix Buffaloes,4.0,2.0,Final,京セラD大阪,212,213,0.6463524194726037,0.65,0.475,0.8,-0.95,4.25,2.8,3.45,3.75,1.0,1.0,0.17500000000000004,1.75,1.4500000000000002,-0.2999999999999998,0.0,away,6.0
20250629-Hanshin_Tigers-Tokyo_Yakult_Swallows,2025-06-29 13:30:00,2025,Hanshin Tigers,Tokyo Yakult Swallows,6.0,0.0,Final,神 宮,210,217,0.3053282643491805,0.325,0.45,-1.1,0.95,2.85,3.15,3.95,2.2,1.0,1.0,-0.125,-2.05,-0.2999999999999998,1.75,0.0,away,6.0
20250629-Hiroshima_Toyo_Carp-Chunichi_Dragons,2025-06-29 13:30:00,2025,Hiroshima Toyo Carp,Chunichi Dragons,2.0,1.0,Final,バンテリンドーム,214,212,0.4896477227778923,0.45,0.5,-0.6,-0.05,2.5,3.9,3.1,3.95,1.0,1.0,-0.04999999999999999,-0.5499999999999999,-1.4,-0.8500000000000001,0.0,away,3.0
20250629-Hokkaido_Nippon-Ham_Fighters-Saitama_Seibu_Lions,2025-06-29 14:00:00,2025,Hokkaido Nippon-Ham Fighters,Saitama Seibu Lions,2.0,1.0,Final,ベルーナドーム,213,220,0.46590098653310624,0.55,0.6,-0.3,0.8,2.25,3.55,2.55,2.75,1.0,1.0,-0.04999999999999993,-1.1,-1.2999999999999998,-0.20000000000000018,0.0,away,3.0
20250629-Yokohama_DeNA_BayStars-Yomiuri_Giants,2025-06-29 14:00:00,2025,Yokohama DeNA BayStars,Yomiuri Giants,0.0,1.0,Final,東京ドーム,222,226,0.564762963754244,0.425,0.35,-0.3,-0.75,2.55,2.65,2.85,3.4,1.0,1.0,0.07500000000000001,0.45,-0.10000000000000009,-0.5499999999999998,0.0,home,1.0
20250629-Fukuoka_SoftBank_Hawks-Chiba_Lotte_Marines,2025-06-29 17:00:00,2025,Fukuoka SoftBank Hawks,Chiba Lotte Marines,2.0,1.0,Final,ZOZOマリン,214,221,0.3653672227202742,0.55,0.675,-0.25,1.75,3.45,4.25,3.7,2.5,1.0,1.0,-0.125,-2.0,-0.7999999999999998,1.2000000000000002,0.0,away,3.0
20250701-Chiba_Lotte_Marines-Tohoku_Rakuten_Golden_Eagles,2025-07-01 18:00:00,2025,Chiba Lotte Marines,Tohoku Rakuten Golden Eagles,0.0,6.0,Final,楽天モバイル,214,215,0.5790112504293318,0.525,0.5,-0.7,-0.4,2.85,3.25,3.55,3.65,2.0,2.0,0.025000000000000022,-0.29999999999999993,-0.3999999999999999,-0.10000000000000009,0.0,home,6.0
20250701-Chunichi_Dragons-Yokohama_DeNA_BayStars,2025-07-01 18:00:00,2025,Chunichi Dragons,Yokohama DeNA BayStars,2.0,3.0,Final,横 浜,227,215,0.5260737716091276,0.3,0.45,-0.95,-0.45,2.35,2.55,3.3,3.0,2.0,2.0,-0.15000000000000002,-0.49999999999999994,-0.19999999999999973,0.2999999999999998,0.0,home,5.0
20250701-Hokkaido_Nippon-Ham_Fighters-Fukuoka_SoftBank_Hawks,2025-07-01 18:00:00,2025,Hokkaido Nippon-Ham Fighters,Fukuoka SoftBank Hawks,0.0,1.0,Final,東京ドーム,222,221,0.5335243834706922,0.675,0.65,1.6,0.9,4.15,3.65,2.55,2.75,2.0,2.0,0.025000000000000022,0.7000000000000001,0.5000000000000004,-0.20000000000000018,0.0,home,1.0
20250701-Tokyo_Yakult_Swallows-Hiroshima_Toyo_Carp,2025-07-01 18:00:00,2025,Tokyo Yakult Swallows,Hiroshima Toyo Carp,2.0,2.0,Final,マツダスタジアム,213,211,0.7258284143616348,0.5,0.325,-0.15,-1.35,3.75,2.85,3.9,4.2,2.0,2.0,0.175,1.2000000000000002,0.8999999999999999,-0.30000000000000027,0.0,draw,4.0
20250701-Yomiuri_Giants-Hanshin_Tigers,2025-07-01 18:00:00,2025,Yomiuri Giants,Hanshin Tigers,1.0,2.0,Final,甲子園,218,223,0.582576509313946,0.45,0.475,1.2,-0.15,3.4,2.45,2.2,2.6,2.0,2.0,-0.024999999999999967,1.3499999999999999,0.9499999999999997,-0.3999999999999999,0.0,home,3.0
20250701-Orix_Buffaloes-Saitama_Seibu_Lions,2025-07-01 18:30:00,2025,Orix Buffaloes,Saitama Seibu Lions,3.0,0.0,Final,那 覇,214,213,0.49190912172373324,0.5,0.65,-0.4,0.85,2.25,4.25,2.65,3.4,2.0,2.0,-0.15000000000000002,-1.25,-2.0,-0.75,0.0,away,3.0
20250702-Chiba_Lotte_Marines-Tohoku_Rakuten_Golden_Eagles,2025-07-02 18:00:00,2025,Chiba Lotte Marines,Tohoku Rakuten Golden Eagles,6.0,3.0,Final,楽天モバイル,215,216,0.6135315456364872,0.525,0.45,-0.5,-0.75,3.0,3.15,3.5,3.9,1.0,1.0,0.07500000000000001,0.25,-0.1499999999999999,-0.3999999999999999,0.0,away,9.0
20250702-Chunichi_Dragons-Yokohama_DeNA_BayStars,2025-07-02 18:00:00,2025,Chunichi Dragons,Yokohama DeNA BayStars,3.0,4.0,Final,横 浜,228,216,0.555333771451096,0.35,0.45,-0.8,-0.2,2.45,2.55,3.25,2.75,1.0,1.0,-0.10000000000000003,-0.6000000000000001,-0.09999999999999964,0.5,0.0,home,7.0
20250702-Hokkaido_Nippon-Ham_Fighters-Fukuoka_SoftBank_Hawks,2025-07-02 18:00:00,2025,Hokkaido Nippon-Ham Fighters,Fukuoka SoftBank Hawks,1.0,2.0,Final,みずほPayPay,223,222,0.5622507834851048,0.675,0.6,1.35,0.8,3.8,3.4,2.45,2.6,1.0,1.0,0.07500000000000007,0.55,0.3999999999999999,-0.1499999999999999,0.0,home,3.0
20250702-Tokyo_Yakult_Swallows-Hiroshima_Toyo_Carp,2025-07-02 18:00:00,2025,Tokyo Yakult Swallows,Hiroshima Toyo Carp,1.0,2.0,Final,マツダスタジアム,214,212,0.715359980670673,0.525,0.35,0.1,-1.25,3.8,2.85,3.7,4.1,1.0,1.0,0.17500000000000004,1.35,0.9499999999999997,-0.39999999999999947,0.0,home,3.0
20250702-Yomiuri_Giants-Hanshin_Tigers,2025-07-02 18:00:00,2025,Yomiuri Giants,Hanshin Tigers,0.0,1.0,Final,甲子園,219,224,0.6075830108925543,0.5,0.475,1.3,-0.15,3.3,2.45,2.0,2.6,1.0,1.0,0.025000000000000022,1.45,0.8499999999999996,-0.6000000000000001,0.0,home,1.0
20250702-Orix_Buffaloes-Saitama_Seibu_Lions,2025-07-02 18:30:00,2025,Orix Buffaloes,Saitama Seibu Lions,6.0,2.0,Final,那 覇,215,214,0.4569030805399502,0.45,0.65,-0.65,0.75,2.05,4.1,2.7,3.35,1.0,1.0,-0.2,-1.4,-2.05,-0.6499999999999999,0.0,away,8.0
20250703-Chunichi_Dragons-Yokohama_DeNA_BayStars,2025-07-03 18:00:00,2025,Chunichi Dragons,Yokohama DeNA BayStars,5.0,8.0,Final,横 浜,229,217,0.5824464883437834,0.35,0.45,-1.0,-0.05,2.4,2.5,3.4,2.55,1.0,1.0,-0.10000000000000003,-0.95,-0.10000000000000009,0.8500000000000001,0.0,home,13.0
20250703-Hokkaido_Nippon-Ham_Fighters-Fukuoka_SoftBank_Hawks,2025-07-03 18:00:00,2025,Hokkaido Nippon-Ham Fighters,Fukuoka SoftBank Hawks,1.0,4.0,Final,みずほPayPay,224,223,0.5888373021494484,0.675,0.6,1.2,1.05,3.5,3.4,2.3,2.35,1.0,1.0,0.07500000000000007,0.1499999999999999,0.10000000000000009,-0.050000000000000266,0.0,home,5.0
20250703-Tokyo_Yakult_Swallows-Hiroshima_Toyo_Carp,2025-07-03 18:00:00,2025,Tokyo Yakult Swallows,Hiroshima Toyo Carp,5.0,0.0,Final,マツダスタジアム,215,213,0.7295507844334772,0.575,0.3,0.2,-1.45,3.75,2.7,3.55,4.15,1.0,1.0,0.27499999999999997,1.65,1.0499999999999998,-0.6000000000000005,0.0,away,5.0
20250703-Yomiuri_Giants-Hanshin_Tigers,2025-07-03 18:00:00,2025,Yomiuri Giants,Hanshin Tigers,2.0,3.0,Final,甲子園,220,225,0.6305902272279644,0.5,0.475,1.05,-0.1,3.0,2.45,1.95,2.55,1.0,1.0,0.025000000000000022,1.1500000000000001,0.5499999999999998,-0.5999999999999999,0.0,home,5.0
20250704-Chiba_Lotte_Marines-Orix_Buffaloes,2025-07-04 18:00:00,2025,Chiba Lotte Marines,Orix Buffaloes,6.0,8.0,Final,ほっと神戸,215,217,0.6808749696515243,0.65,0.5,0.9,-0.55,4.2,3.35,3.3,3.9,2.0,2.0,0.15000000000000002,1.4500000000000002,0.8500000000000001,-0.6000000000000001,0.0,home,14.0
20250704-Hanshin_Tigers-Yokohama_DeNA_BayStars,2025-07-04 18:00:00,2025,Hanshin Tigers,Yokohama DeNA BayStars,7.0,1.0,Final,横 浜,230,221,0.4183571203311667,0.35,0.5,-0.9,1.05,2.7,3.1,3.6,2.05,1.0,1.0,-0.15000000000000002,-1.9500000000000002,-0.3999999999999999,1.5500000000000003,0.0,away,8.0
20250704-Hiroshima_Toyo_Carp-Yomiuri_Giants,2025-07-04 18:00:00,2025,Hiroshima Toyo Carp,Yomiuri Giants,0.0,1.0,Final,東京ドーム,226,216,0.5103161309683543,0.425,0.525,-0.25,-0.1,2.45,3.6,2.7,3.7,1.0,1.0,-0.10000000000000003,-0.15,-1.15,-1.0,0.0,home,1.0
20250704-Saitama_Seibu_Lions-Fukuoka_SoftBank_Hawks,2025-07-04 18:00:00,2025,Saitama Seibu Lions,Fukuoka SoftBank Hawks,1.0,0.0,Final,みずほPayPay,225,216,0.692681544436424,0.725,0.45,1.4,-0.7,3.6,2.1,2.2,2.8,1.0,2.0,0.27499999999999997,2.0999999999999996,1.5,-0.5999999999999996,-1.0,away,1.0
20250704-Tohoku_Rakuten_Golden_Eagles-Hokkaido_Nippon-Ham_Fighters,2025-07-04 18:00:00,2025,Tohoku Rakuten Golden Eagles,Hokkaido Nippon-Ham Fighters,1.0,7.0,Final,エスコンＦ,224,216,0.6213380576697369,0.6,0.525,0.95,-0.4,3.4,3.15,2.45,3.55,1.0,2.0,0.07499999999999996,1.35,0.25,-1.0999999999999996,-1.0,home,8.0
20250704-Tokyo_Yakult_Swallows-Chunichi_Dragons,2025-07-04 18:00:00,2025,Tokyo Yakult Swallows,Chunichi Dragons,1.0,2.0,Final,バンテリンドーム,218,214,0.601861024262457,0.4,0.3,-0.25,-1.25,2.6,2.8,2.85,4.05,1.0,1.0,0.10000000000000003,1.0,-0.19999999999999973,-1.1999999999999997,0.0,home,3.0
20250705-Tohoku_Rakuten_Golden_Eagles-Hokkaido_Nippon-Ham_Fighters,2025-07-05 14:00:00,2025,Tohoku Rakuten Golden Eagles,Hokkaido Nippon-Ham Fighters,1.0,12.0,Final,エスコンＦ,225,217,0.6511897223670228,0.6,0.475,1.1,-0.8,3.4,3.1,2.3,3.9,1.0,1.0,0.125,1.9000000000000001,0.2999999999999998,-1.6,0.0,home,13.0
20250705-Tokyo_Yakult_Swallows-Chunichi_Dragons,2025-07-05 14:00:00,2025,Tokyo Yakult Swallows,Chunichi Dragons,6.0,4.0,Final,バンテリンドーム,219,215,0.6253301027389719,0.4,0.3,-0.25,-0.95,2.5,2.8,2.75,3.75,1.0,1.0,0.10000000000000003,0.7,-0.2999999999999998,-1.0,0.0,away,10.0
20250705-Chiba_Lotte_Marines-Orix_Buffaloes,2025-07-05 18:00:00,2025,Chiba Lotte Marines,Orix Buffaloes,8.0,2.0,Final,ほっと神戸,216,218,0.6991038211523574,0.7,0.5,1.05,-0.6,4.6,3.5,3.55,4.1,1.0,1.0,0.19999999999999996,1.65,1.0999999999999996,-0.5499999999999998,0.0,away,10.0
20250705-Hanshin_Tigers-Yokohama_DeNA_BayStars,2025-07-05 18:00:00,2025,Hanshin Tigers,Yokohama DeNA BayStars,3.0,0.0,Final,横 浜,231,222,0.38412167565305083,0.35,0.5,-1.05,1.05,2.55,3.05,3.6,2.0,1.0,1.0,-0.15000000000000002,-2.1,-0.5,1.6,0.0,away,3.0
20250705-Hiroshima_Toyo_Carp-Yomiuri_Giants,2025-07-05 18:00:00,2025,Hiroshima Toyo Carp,Yomiuri Giants,0.0,0.0,Final,東京ドーム,227,217,0.5406710836245414,0.425,0.475,-0.45,-0.3,2.25,3.35,2.7,3.65,1.0,1.0,-0.04999999999999999,-0.15000000000000002,-1.1,-0.9499999999999997,0.0,draw,0.0
20250705-Saitama_Seibu_Lions-Fukuoka_SoftBank_Hawks,2025-07-05 18:00:00,2025,Saitama Seibu Lions,Fukuoka SoftBank Hawks,3.0,4.0,Final,みずほPayPay,226,217,0.6548507357431796,0.675,0.5,1.0,-0.6,3.2,2.05,2.2,2.65,1.0,1.0,0.17500000000000004,1.6,1.1500000000000004,-0.44999999999999973,0.0,home,7.0
20250706-Saitama_Seibu_Lions-Fukuoka_SoftBank_Hawks,2025-07-06 13:00:00,2025,Saitama Seibu Lions,Fukuoka SoftBank Hawks,1.0,3.0,Final,みずほPayPay,227,218,0.6739844129721969,0.725,0.5,1.15,-0.5,3.3,2.1,2.15,2.6,1.0,1.0,0.22499999999999998,1.65,1.1999999999999997,-0.4500000000000002,0.0,home,4.0
20250706-Tohoku_Rakuten_Golden_Eagles-Hokkaido_Nippon-Ham_Fighters,2025-07-06 13:00:00,2025,Tohoku Rakuten Golden Eagles,Hokkaido Nippon-Ham Fighters,6.0,8.0,Final,エスコンＦ,226,218,0.6797839994316252,0.65,0.475,1.7,-1.25,3.8,3.15,2.1,4.4,1.0,1.0,0.17500000000000004,2.95,0.6499999999999999,-2.3000000000000003,0.0,home,14.0
20250706-Tokyo_Yakult_Swallows-Chunichi_Dragons,2025-07-06 13:30:00,2025,Tokyo Yakult Swallows,Chunichi Dragons,5.0,4.0,Final,バンテリンドーム,220,216,0.5854552260090317,0.35,0.3,-0.5,-0.95,2.55,2.9,3.05,3.85,1.0,1.0,0.04999999999999999,0.44999999999999996,-0.3500000000000001,-0.8000000000000003,0.0,away,9.0
20250706-Chiba_Lotte_Marines-Orix_Buffaloes,2025-07-06 14:00:00,2025,Chiba Lotte Marines,Orix Buffaloes,1.0,4.0,Final,京セラD大阪,217,219,0.6467517733064971,0.7,0.55,1.05,-0.15,4.6,3.9,3.55,4.05,1.0,1.0,0.1499999999999999,1.2,0.6999999999999997,-0.5,0.0,home,5.0
20250706-Hiroshima_Toyo_Carp-Yomiuri_Giants,2025-07-06 14:00:00,2025,Hiroshima Toyo Carp,Yomiuri Giants,3.0,2.0,Final,東京ドーム,228,218,0.538344489472206,0.45,0.45,-0.3,-0.8,2.15,2.85,2.45,3.65,1.0,1.0,0.0,0.5,-0.7000000000000002,-1.1999999999999997,0.0,away,5.0
20250706-Hanshin_Tigers-Yokohama_DeNA_BayStars,2025-07-06 18:00:00,2025,Hanshin Tigers,Yokohama DeNA BayStars,5.0,1.0,Final,横 浜,232,223,0.35852664078168733,0.3,0.5,-1.25,0.85,2.3,2.8,3.55,1.95,1.0,1.0,-0.2,-2.1,-0.5,1.5999999999999999,0.0,away,6.0
20250708-Chunichi_Dragons-Yomiuri_Giants,2025-07-08 18:00:00,2025,Chunichi Dragons,Yomiuri Giants,4.0,5.0,Final,山 形,229,221,0.6180503075210891,0.4,0.3,-0.55,-0.65,1.9,2.6,2.45,3.25,2.0,2.0,0.10000000000000003,0.09999999999999998,-0.7000000000000002,-0.7999999999999998,0.0,home,9.0
20250708-Fukuoka_SoftBank_Hawks-Orix_Buffaloes,2025-07-08 18:00:00,2025,Fukuoka SoftBank Hawks,Orix Buffaloes,9.0,1.0,Final,京セラD大阪,218,228,0.4546228278712419,0.75,0.725,1.55,1.1,4.75,3.2,3.2,2.1,2.0,2.0,0.025000000000000022,0.44999999999999996,1.5499999999999998,1.1,0.0,away,10.0
20250708-Hanshin_Tigers-Hiroshima_Toyo_Carp,2025-07-08 18:00:00,2025,Hanshin Tigers,Hiroshima Toyo Carp,6.0,1.0,Final,マツダスタジアム,219,224,0.37933512441464234,0.5,0.55,-0.5,1.15,2.95,2.95,3.45,1.8,2.0,2.0,-0.050000000000000044,-1.65,0.0,1.6500000000000001,0.0,away,7.0
20250708-Hokkaido_Nippon-Ham_Fighters-Chiba_Lotte_Marines,2025-07-08 18:00:00,2025,Hokkaido Nippon-Ham Fighters,Chiba Lotte Marines,5.0,4.0,Final,ZOZOマリン,220,227,0.3583999091561348,0.5,0.65,-0.55,1.7,3.65,4.05,4.2,2.35,2.0,2.0,-0.15000000000000002,-2.25,-0.3999999999999999,1.85,0.0,away,9.0
20250708-Tohoku_Rakuten_Golden_Eagles-Saitama_Seibu_Lions,2025-07-08 18:00:00,2025,Tohoku Rakuten Golden Eagles,Saitama Seibu Lions,7.0,2.0,Final,ベルーナドーム,219,219,0.5818356245893168,0.5,0.475,-0.1,-1.1,2.15,3.45,2.25,4.55,2.0,2.0,0.025000000000000022,1.0,-1.3000000000000003,-2.3,0.0,away,9.0
20250708-Yokohama_DeNA_BayStars-Tokyo_Yakult_Swallows,2025-07-08 18:00:00,2025,Yokohama DeNA BayStars,Tokyo Yakult Swallows,4.0,0.0,Final,神 宮,217,233,0.44214245176136446,0.35,0.3,-0.8,-1.35,3.1,2.35,3.9,3.7,2.0,2.0,0.04999999999999999,0.55,0.75,0.19999999999999973,0.0,away,4.0
20250709-Chunichi_Dragons-Yomiuri_Giants,2025-07-09 18:00:00,2025,Chunichi Dragons,Yomiuri Giants,3.0,2.0,Final,福 島,230,222,0.6402072758865294,0.425,0.25,-0.5,-0.85,2.15,2.4,2.65,3.25,1.0,1.0,0.175,0.35,-0.25,-0.6000000000000001,0.0,away,5.0
20250709-Fukuoka_SoftBank_Hawks-Orix_Buffaloes,2025-07-09 18:00:00,2025,Fukuoka SoftBank Hawks,Orix Buffaloes,1.0,0.0,Final,京セラD大阪,219,229,0.4135039834574559,0.7,0.775,1.05,1.7,4.7,3.5,3.65,1.8,1.0,1.0,-0.07500000000000007,-0.6499999999999999,1.2000000000000002,1.8499999999999999,0.0,away,1.0
20250709-Hanshin_Tigers-Hiroshima_Toyo_Carp,2025-07-09 18:00:00,2025,Hanshin Tigers,Hiroshima Toyo Carp,3.0,1.0,Final,マツダスタジアム,220,225,0.35099819152687795,0.45,0.6,-0.95,1.45,2.7,3.15,3.65,1.7,1.0,1.0,-0.14999999999999997,-2.4,-0.44999999999999973,1.95,0.0,away,4.0
20250709-Hokkaido_Nippon-Ham_Fighters-Chiba_Lotte_Marines,2025-07-09 18:00:00,2025,Hokkaido Nippon-Ham Fighters,Chiba Lotte Marines,13.0,1.0,Final,ZOZOマリン,221,228,0.33817394537973977,0.5,0.65,-0.4,1.45,3.75,3.9,4.15,2.45,1.0,1.0,-0.15000000000000002,-1.85,-0.1499999999999999,1.7000000000000002,0.0,away,14.0
20250709-Tohoku_Rakuten_Golden_Eagles-Saitama_Seibu_Lions,2025-07-09 18:00:00,2025,Tohoku Rakuten Golden Eagles,Saitama Seibu Lions,2.0,0.0,Final,ベルーナドーム,220,220,0.5356274522722811,0.45,0.525,-0.45,-0.75,2.05,3.75,2.5,4.5,1.0,1.0,-0.07500000000000001,0.3,-1.7000000000000002,-2.0,0.0,away,2.0
20250709-Yokohama_DeNA_BayStars-Tokyo_Yakult_Swallows,2025-07-09 18:00:00,2025,Yokohama DeNA BayStars,Tokyo Yakult Swallows,4.0,4.0,Final,神 宮,218,234,0.40930073704614867,0.35,0.3,-0.7,-1.35,3.0,2.35,3.7,3.7,1.0,1.0,0.04999999999999999,0.6500000000000001,0.6499999999999999,0.0,0.0,draw,8.0
20250710-Fukuoka_SoftBank_Hawks-Orix_Buffaloes,2025-07-10 18:00:00,2025,Fukuoka SoftBank Hawks,Orix Buffaloes,0.0,4.0,Final,京セラD大阪,220,230,0.3888072719638989,0.7,0.8,1.2,1.75,4.7,3.55,3.5,1.8,1.0,1.0,-0.10000000000000009,-0.55,1.1500000000000004,1.7,0.0,home,4.0
20250710-Hanshin_Tigers-Hiroshima_Toyo_Carp,2025-07-10 18:00:00,2025,Hanshin Tigers,Hiroshima Toyo Carp,6.0,3.0,Final,マツダスタジアム,221,226,0.3299511507131175,0.45,0.65,-1.0,1.7,2.55,3.25,3.55,1.55,1.0,1.0,-0.2,-2.7,-0.7000000000000002,1.9999999999999998,0.0,away,9.0
20250710-Tohoku_Rakuten_Golden_Eagles-Saitama_Seibu_Lions,2025-07-10 18:00:00,2025,Tohoku Rakuten Golden Eagles,Saitama Seibu Lions,1.0,5.0,Final,ベルーナドーム,221,221,0.49992142743341794,0.4,0.575,-0.6,-0.5,1.9,3.6,2.5,4.1,1.0,1.0,-0.17499999999999993,-0.09999999999999998,-1.7000000000000002,-1.5999999999999996,0.0,home,6.0
20250711-Fukuoka_SoftBank_Hawks-Tohoku_Rakuten_Golden_Eagles,2025-07-11 18:00:00,2025,Fukuoka SoftBank Hawks,Tohoku Rakuten Golden Eagles,0.0,3.0,Final,楽天モバイル,222,231,0.32055427617848403,0.525,0.75,-0.9,1.4,3.45,3.35,4.35,1.95,1.0,1.0,-0.22499999999999998,-2.3,0.10000000000000009,2.3999999999999995,0.0,home,3.0
20250711-Hiroshima_Toyo_Carp-Chunichi_Dragons,2025-07-11 18:00:00,2025,Hiroshima Toyo Carp,Chunichi Dragons,1.0,2.0,Final,バンテリンドーム,223,222,0.46030518185351293,0.3,0.4,-0.6,-1.35,2.55,2.4,3.15,3.75,2.0,1.0,-0.10000000000000003,0.7500000000000001,0.1499999999999999,-0.6000000000000001,1.0,home,3.0
20250711-Orix_Buffaloes-Hokkaido_Nippon-Ham_Fighters,2025-07-11 18:00:00,2025,Orix Buffaloes,Hokkaido Nippon-Ham Fighters,6.0,0.0,Final,エスコンＦ,229,221,0.5917454757758024,0.65,0.7,1.8,1.3,4.25,4.7,2.45,3.4,2.0,1.0,-0.04999999999999993,0.5,-0.4500000000000002,-0.9499999999999997,1.0,away,6.0
20250711-Saitama_Seibu_Lions-Chiba_Lotte_Marines,2025-07-11 18:00:00,2025,Saitama Seibu Lions,Chiba Lotte Marines,2.0,2.0,Final,ZOZOマリン,222,222,0.4770509297258623,0.45,0.4,-1.05,-0.55,3.55,1.95,4.6,2.5,2.0,1.0,0.04999999999999999,-0.5,1.5999999999999999,2.0999999999999996,1.0,draw,4.0
20250711-Tokyo_Yakult_Swallows-Hanshin_Tigers,2025-07-11 18:00:00,2025,Tokyo Yakult Swallows,Hanshin Tigers,6.0,3.0,Final,甲子園,227,219,0.8146430811170794,0.7,0.375,1.9,-0.45,3.45,3.15,1.55,3.6,1.0,2.0,0.32499999999999996,2.35,0.30000000000000027,-2.05,-1.0,away,9.0
20250711-Yomiuri_Giants-Yokohama_DeNA_BayStars,2025-07-11 18:00:00,2025,Yomiuri Giants,Yokohama DeNA BayStars,2.0,1.0,Final,横 浜,235,231,0.5252164787185999,0.325,0.425,-1.25,-0.35,2.45,2.1,3.7,2.45,2.0,2.0,-0.09999999999999998,-0.9,0.3500000000000001,1.25,0.0,away,3.0
20250712-Hiroshima_Toyo_Carp-Chunichi_Dragons,2025-07-12 14:00:00,2025,Hiroshima Toyo Carp,Chunichi Dragons,1.0,7.0,Final,バンテリンドーム,224,223,0.49377450932236666,0.3,0.4,-0.6,-1.15,2.55,2.45,3.15,3.6,1.0,1.0,-0.10000000000000003,0.5499999999999999,0.09999999999999964,-0.4500000000000002,0.0,home,8.0
20250712-Orix_Buffaloes-Hokkaido_Nippon-Ham_Fighters,2025-07-12 14:00:00,2025,Orix Buffaloes,Hokkaido Nippon-Ham Fighters,3.0,7.0,Final,エスコンＦ,230,222,0.5422810924416299,0.65,0.7,1.7,1.4,4.15,4.65,2.45,3.25,1.0,1.0,-0.04999999999999993,0.30000000000000004,-0.5,-0.7999999999999998,0.0,home,10.0
20250712-Fukuoka_SoftBank_Hawks-Tohoku_Rakuten_Golden_Eagles,2025-07-12 16:00:00,2025,Fukuoka SoftBank Hawks,Tohoku Rakuten Golden Eagles,0.0,7.0,Final,楽天モバイル,223,232,0.3641886203023081,0.525,0.7,-0.8,1.05,3.45,3.15,4.25,2.1,1.0,1.0,-0.17499999999999993,-1.85,0.30000000000000027,2.15,0.0,home,7.0
20250712-Saitama_Seibu_Lions-Chiba_Lotte_Marines,2025-07-12 18:00:00,2025,Saitama Seibu Lions,Chiba Lotte Marines,5.0,1.0,Final,ZOZOマリン,223,223,0.4783693582331323,0.425,0.425,-1.1,-0.5,3.4,2.0,4.5,2.5,1.0,1.0,0.0,-0.6000000000000001,1.4,2.0,0.0,away,6.0
20250712-Tokyo_Yakult_Swallows-Hanshin_Tigers,2025-07-12 18:00:00,2025,Tokyo Yakult Swallows,Hanshin Tigers,2.0,5.0,Final,甲子園,228,220,0.776930840187548,0.7,0.425,1.8,-0.25,3.4,3.25,1.6,3.5,1.0,1.0,0.27499999999999997,2.05,0.1499999999999999,-1.9,0.0,home,7.0
20250712-Yomiuri_Giants-Yokohama_DeNA_BayStars,2025-07-12 18:00:00,2025,Yomiuri Giants,Yokohama DeNA BayStars,3.0,0.0,Final,横 浜,236,232,0.49258583198296463,0.325,0.475,-1.15,-0.25,2.45,2.15,3.6,2.4,1.0,1.0,-0.14999999999999997,-0.8999999999999999,0.30000000000000027,1.2000000000000002,0.0,away,3.0
20250713-Fukuoka_SoftBank_Hawks-Tohoku_Rakuten_Golden_Eagles,2025-07-13 13:00:00,2025,Fukuoka SoftBank Hawks,Tohoku Rakuten Golden Eagles,5.0,3.0,Final,楽天モバイル,224,233,0.41852180163130787,0.525,0.65,-0.5,0.65,3.55,2.95,4.05,2.3,1.0,1.0,-0.125,-1.15,0.5999999999999996,1.75,0.0,away,8.0
20250713-Orix_Buffaloes-Hokkaido_Nippon-Ham_Fighters,2025-07-13 13:00:00,2025,Orix Buffaloes,Hokkaido Nippon-Ham Fighters,0.0,4.0,Final,エスコンＦ,231,223,0.5765554338044477,0.65,0.65,1.65,1.15,4.25,4.7,2.6,3.55,1.0,1.0,0.0,0.5,-0.4500000000000002,-0.9499999999999997,0.0,home,4.0
20250713-Hiroshima_Toyo_Carp-Chunichi_Dragons,2025-07-13 13:30:00,2025,Hiroshima Toyo Carp,Chunichi Dragons,2.0,3.0,Final,バンテリンドーム,225,224,0.5368355379280335,0.35,0.4,-0.25,-1.4,2.85,2.15,3.1,3.55,1.0,1.0,-0.050000000000000044,1.15,0.7000000000000002,-0.44999999999999973,0.0,home,5.0
20250713-Saitama_Seibu_Lions-Chiba_Lotte_Marines,2025-07-13 17:00:00,2025,Saitama Seibu Lions,Chiba Lotte Marines,1.0,5.0,Final,ZOZOマリン,224,224,0.4422654717472222,0.425,0.425,-1.05,-0.35,3.45,2.15,4.5,2.5,1.0,1.0,0.0,-0.7000000000000001,1.3000000000000003,2.0,0.0,home,6.0
20250713-Tokyo_Yakult_Swallows-Hanshin_Tigers,2025-07-13 18:00:00,2025,Tokyo Yakult Swallows,Hanshin Tigers,1.0,2.0,Final,甲子園,229,221,0.7877741350884168,0.75,0.375,2.0,-0.65,3.55,3.1,1.55,3.75,1.0,1.0,0.375,2.65,0.44999999999999973,-2.2,0.0,home,3.0
20250713-Yomiuri_Giants-Yokohama_DeNA_BayStars,2025-07-13 18:00:00,2025,Yomiuri Giants,Yokohama DeNA BayStars,3.0,4.0,Final,横 浜,237,233,0.45752704735880523,0.325,0.525,-1.1,0.15,2.45,2.15,3.55,2.0,1.0,1.0,-0.2,-1.25,0.30000000000000027,1.5499999999999998,0.0,home,7.0
20250714-Hokkaido_Nippon-Ham_Fighters-Saitama_Seibu_Lions,2025-07-14 18:00:00,2025,Hokkaido Nippon-Ham Fighters,Saitama Seibu Lions,2.0,1.0,Final,東京ドーム,225,232,0.34596434730082776,0.375,0.65,-0.6,1.8,2.15,4.05,2.75,2.25,1.0,1.0,-0.275,-2.4,-1.9,0.5,0.0,away,3.0
20250715-Chiba_Lotte_Marines-Fukuoka_SoftBank_Hawks,2025-07-15 18:00:00,2025,Chiba Lotte Marines,Fukuoka SoftBank Hawks,2.0,10.0,Final,みずほPayPay,234,225,0.7274896209486178,0.65,0.425,0.65,-0.9,3.1,3.45,2.45,4.35,2.0,2.0,0.22500000000000003,1.55,-0.3500000000000001,-1.8999999999999995,0.0,home,12.0
20250715-Chunichi_Dragons-Hanshin_Tigers,2025-07-15 18:00:00,2025,Chunichi Dragons,Hanshin Tigers,3.0,2.0,Final,甲子園,230,226,0.7384830421649743,0.8,0.4,2.15,-0.15,3.6,3.0,1.45,3.15,2.0,2.0,0.4,2.3,0.6000000000000001,-1.7,0.0,away,5.0
20250715-Tohoku_Rakuten_Golden_Eagles-Orix_Buffaloes,2025-07-15 18:00:00,2025,Tohoku Rakuten Golden Eagles,Orix Buffaloes,7.0,6.0,Final,京セラD大阪,224,225,0.6014267285157431,0.6,0.475,0.7,-0.65,4.3,3.55,3.6,4.2,2.0,2.0,0.125,1.35,0.75,-0.6000000000000001,0.0,away,13.0
20250715-Yokohama_DeNA_BayStars-Hiroshima_Toyo_Carp,2025-07-15 18:00:00,2025,Yokohama DeNA BayStars,Hiroshima Toyo Carp,1.0,0.0,Final,マツダスタジアム,225,238,0.4897130521001769,0.4,0.375,-1.35,-1.0,2.25,2.5,3.6,3.5,2.0,2.0,0.025000000000000022,-0.3500000000000001,-0.25,0.10000000000000009,0.0,away,1.0
20250715-Yomiuri_Giants-Tokyo_Yakult_Swallows,2025-07-15 18:00:00,2025,Yomiuri Giants,Tokyo Yakult Swallows,,,Postponed,静 岡,222,234,0.4084779307717323,0.375,0.525,-0.65,0.25,2.95,2.25,3.6,2.0,2.0,2.0,-0.15000000000000002,-0.9,0.7000000000000002,1.6,0.0,,
20250716-Chiba_Lotte_Marines-Fukuoka_SoftBank_Hawks,2025-07-16 18:00:00,2025,Chiba Lotte Marines,Fukuoka SoftBank Hawks,0.0,6.0,Final,みずほPayPay,235,226,0.7469326883368086,0.7,0.375,1.25,-1.4,3.4,3.4,2.15,4.8,1.0,1.0,0.32499999999999996,2.65,0.0,-2.65,0.0,home,6.0
20250716-Chunichi_Dragons-Hanshin_Tigers,2025-07-16 18:00:00,2025,Chunichi Dragons,Hanshin Tigers,6.0,0.0,Final,甲子園,231,227,0.70150056075697,0.75,0.45,1.75,0.0,3.3,3.0,1.55,3.0,1.0,1.0,0.3,1.75,0.2999999999999998,-1.45,0.0,away,6.0
20250716-Hokkaido_Nippon-Ham_Fighters-Saitama_Seibu_Lions,2025-07-16 18:00:00,2025,Hokkaido Nippon-Ham Fighters,Saitama Seibu Lions,10.0,1.0,Final,ベルーナドーム,226,233,0.3267634429469661,0.325,0.65,-0.8,1.7,2.05,3.95,2.85,2.25,2.0,2.0,-0.325,-2.5,-1.9000000000000004,0.6000000000000001,0.0,away,11.0
20250716-Tohoku_Rakuten_Golden_Eagles-Orix_Buffaloes,2025-07-16 18:00:00,2025,Tohoku Rakuten Golden Eagles,Orix Buffaloes,0.0,1.0,Final,京セラD大阪,225,226,0.5650912668510407,0.55,0.5,0.55,-0.6,4.35,3.7,3.8,4.3,1.0,1.0,0.050000000000000044,1.15,0.6499999999999995,-0.5,0.0,home,1.0
20250716-Yokohama_DeNA_BayStars-Hiroshima_Toyo_Carp,2025-07-16 18:00:00,2025,Yokohama DeNA BayStars,Hiroshima Toyo Carp,3.0,4.0,Final,マツダスタジアム,226,239,0.45935611648402247,0.35,0.425,-1.6,-0.8,1.85,2.55,3.45,3.35,1.0,1.0,-0.07500000000000001,-0.8,-0.6999999999999997,0.10000000000000009,0.0,home,7.0
20250717-Chiba_Lotte_Marines-Fukuoka_SoftBank_Hawks,2025-07-17 18:00:00,2025,Chiba Lotte Marines,Fukuoka SoftBank Hawks,2.0,2.0,Final,北九州,236,227,0.76288472064914,0.7,0.375,0.85,-1.35,2.9,3.35,2.05,4.7,1.0,1.0,0.32499999999999996,2.2,-0.4500000000000002,-2.6500000000000004,0.0,draw,4.0
20250717-Chunichi_Dragons-Hanshin_Tigers,2025-07-17 18:00:00,2025,Chunichi Dragons,Hanshin Tigers,,,Postponed,甲子園,232,228,0.6491703680059653,0.7,0.45,1.35,0.15,3.2,3.0,1.85,2.85,1.0,1.0,0.24999999999999994,1.2000000000000002,0.20000000000000018,-1.0,0.0,,
20250717-Hokkaido_Nippon-Ham_Fighters-Saitama_Seibu_Lions,2025-07-17 18:00:00,2025,Hokkaido Nippon-Ham Fighters,Saitama Seibu Lions,3.0,4.0,Final,ベルーナドーム,227,234,0.30085192195485666,0.325,0.7,-1.15,2.2,2.0,4.4,3.15,2.2,1.0,1.0,-0.37499999999999994,-3.35,-2.4000000000000004,0.9499999999999997,0.0,home,7.0
20250717-Tohoku_Rakuten_Golden_Eagles-Orix_Buffaloes,2025-07-17 18:00:00,2025,Tohoku Rakuten Golden Eagles,Orix Buffaloes,,,Postponed,ほっと神戸,226,227,0.5914598975236446,0.6,0.45,0.75,-0.85,4.25,3.4,3.5,4.25,1.0,1.0,0.14999999999999997,1.6,0.8500000000000001,-0.75,0.0,,
20250717-Yokohama_DeNA_BayStars-Hiroshima_Toyo_Carp,2025-07-17 18:00:00,2025,Yokohama DeNA BayStars,Hiroshima Toyo Carp,1.0,1.0,Final,マツダスタジアム,227,240,0.49287844140364195,0.4,0.375,-0.85,-0.95,1.95,2.5,2.8,3.45,1.0,1.0,0.025000000000000022,0.09999999999999998,-0.55,-0.6500000000000004,0.0,draw,2.0
20250717-Yomiuri_Giants-Tokyo_Yakult_Swallows,2025-07-17 18:00:00,2025,Yomiuri Giants,Tokyo Yakult Swallows,2.0,3.0,Final,神 宮,222,234,0.4084779307717323,0.375,0.525,-0.65,0.25,2.95,2.25,3.6,2.0,4.0,4.0,-0.15000000000000002,-0.9,0.7000000000000002,1.6,0.0,home,5.0
20250718-Orix_Buffaloes-Chiba_Lotte_Marines,2025-07-18 18:00:00,2025,Orix Buffaloes,Chiba Lotte Marines,8.0,3.0,Final,ZOZOマリン,228,226,0.3694595624860682,0.4,0.6,-1.25,0.75,3.45,4.25,4.7,3.5,1.0,2.0,-0.19999999999999996,-2.0,-0.7999999999999998,1.2000000000000002,-1.0,away,11.0
20250719-Hokkaido_Nippon-Ham_Fighters-Tohoku_Rakuten_Golden_Eagles,2025-07-19 14:00:00,2025,Hokkaido Nippon-Ham Fighters,Tohoku Rakuten Golden Eagles,5.0,2.0,Final,楽天モバイル,227,235,0.37778762097164015,0.45,0.65,-0.85,2.0,3.4,4.35,4.25,2.35,3.0,2.0,-0.2,-2.85,-0.9499999999999997,1.9,1.0,away,7.0
20250719-Yokohama_DeNA_BayStars-Chunichi_Dragons,2025-07-19 14:00:00,2025,Yokohama DeNA BayStars,Chunichi Dragons,2.0,7.0,Final,バンテリンドーム,228,241,0.5805449803647801,0.45,0.4,0.15,-0.9,3.0,2.5,2.85,3.4,3.0,2.0,0.04999999999999999,1.05,0.5,-0.5499999999999998,1.0,home,9.0
20250719-Fukuoka_SoftBank_Hawks-Saitama_Seibu_Lions,2025-07-19 18:00:00,2025,Fukuoka SoftBank Hawks,Saitama Seibu Lions,4.0,0.0,Final,ベルーナドーム,228,237,0.3422212095344405,0.325,0.675,-1.15,0.8,2.1,2.9,3.25,2.1,2.0,2.0,-0.35000000000000003,-1.95,-0.7999999999999998,1.15,0.0,away,4.0
20250719-Hanshin_Tigers-Yomiuri_Giants,2025-07-19 18:00:00,2025,Hanshin Tigers,Yomiuri Giants,4.0,0.0,Final,東京ドーム,235,232,0.37498609817704054,0.475,0.7,0.15,1.35,2.25,3.2,2.1,1.85,2.0,3.0,-0.22499999999999998,-1.2000000000000002,-0.9500000000000002,0.25,-1.0,away,4.0
20250719-Hiroshima_Toyo_Carp-Tokyo_Yakult_Swallows,2025-07-19 18:00:00,2025,Hiroshima Toyo Carp,Tokyo Yakult Swallows,1.0,3.0,Final,神 宮,223,228,0.5007371215574709,0.4,0.425,-0.6,-0.65,2.9,2.0,3.5,2.65,2.0,2.0,-0.024999999999999967,0.050000000000000044,0.8999999999999999,0.8500000000000001,0.0,home,4.0
20250719-Orix_Buffaloes-Chiba_Lotte_Marines,2025-07-19 18:00:00,2025,Orix Buffaloes,Chiba Lotte Marines,0.0,8.0,Final,ZOZOマリン,229,227,0.3421707124780541,0.35,0.6,-1.75,0.75,3.3,4.35,5.05,3.6,1.0,1.0,-0.25,-2.5,-1.0499999999999998,1.4499999999999997,0.0,home,8.0
20250720-Hokkaido_Nippon-Ham_Fighters-Tohoku_Rakuten_Golden_Eagles,2025-07-20 13:00:00,2025,Hokkaido Nippon-Ham Fighters,Tohoku Rakuten Golden Eagles,4.0,2.0,Final,楽天モバイル,228,236,0.35278598516913795,0.4,0.65,-1.1,2.1,3.35,4.55,4.45,2.45,1.0,1.0,-0.25,-3.2,-1.1999999999999997,2.0,0.0,away,6.0
20250720-Yokohama_DeNA_BayStars-Chunichi_Dragons,2025-07-20 13:30:00,2025,Yokohama DeNA BayStars,Chunichi Dragons,5.0,3.0,Final,バンテリンドーム,229,242,0.6130680989666769,0.5,0.4,0.65,-0.9,3.3,2.55,2.65,3.45,1.0,1.0,0.09999999999999998,1.55,0.75,-0.8000000000000003,0.0,away,8.0
20250720-Hanshin_Tigers-Yomiuri_Giants,2025-07-20 14:00:00,2025,Hanshin Tigers,Yomiuri Giants,2.0,1.0,Final,東京ドーム,236,233,0.34867722966103104,0.475,0.75,0.1,1.6,2.2,3.35,2.1,1.75,1.0,1.0,-0.275,-1.5,-1.15,0.3500000000000001,0.0,away,3.0
20250720-Fukuoka_SoftBank_Hawks-Saitama_Seibu_Lions,2025-07-20 17:00:00,2025,Fukuoka SoftBank Hawks,Saitama Seibu Lions,7.0,3.0,Final,ベルーナドーム,229,238,0.319205264373702,0.325,0.725,-1.3,1.15,2.05,3.1,3.35,1.95,1.0,1.0,-0.39999999999999997,-2.45,-1.0500000000000003,1.4000000000000001,0.0,away,10.0
20250720-Hiroshima_Toyo_Carp-Tokyo_Yakult_Swallows,2025-07-20 18:00:00,2025,Hiroshima Toyo Carp,Tokyo Yakult Swallows,7.0,8.0,Final,神 宮,224,229,0.5340227278105503,0.45,0.375,-0.3,-1.0,2.95,1.65,3.25,2.65,1.0,1.0,0.07500000000000001,0.7,1.3000000000000003,0.6000000000000001,0.0,home,15.0
20250720-Orix_Buffaloes-Chiba_Lotte_Marines,2025-07-20 18:00:00,2025,Orix Buffaloes,Chiba Lotte Marines,2.0,8.0,Final,ZOZOマリン,230,228,0.3986046611282441,0.4,0.55,-1.1,0.25,3.7,3.85,4.8,3.6,1.0,1.0,-0.15000000000000002,-1.35,-0.1499999999999999,1.1999999999999997,0.0,home,10.0
20250721-Hokkaido_Nippon-Ham_Fighters-Tohoku_Rakuten_Golden_Eagles,2025-07-21 13:00:00,2025,Hokkaido Nippon-Ham Fighters,Tohoku Rakuten Golden Eagles,2.0,0.0,Final,楽天モバイル,229,237,0.3315806866927894,0.35,0.65,-1.4,2.15,3.25,4.6,4.65,2.45,1.0,1.0,-0.30000000000000004,-3.55,-1.3499999999999996,2.2,0.0,away,2.0
20250721-Hanshin_Tigers-Yomiuri_Giants,2025-07-21 14:00:00,2025,Hanshin Tigers,Yomiuri Giants,5.0,6.0,Final,東京ドーム,237,234,0.3292525843725437,0.425,0.75,0.0,1.5,2.15,3.3,2.15,1.8,1.0,1.0,-0.325,-1.5,-1.15,0.34999999999999987,0.0,home,11.0
20250721-Yokohama_DeNA_BayStars-Chunichi_Dragons,2025-07-21 14:00:00,2025,Yokohama DeNA BayStars,Chunichi Dragons,1.0,0.0,Final,バンテリンドーム,230,243,0.5735810406438009,0.5,0.4,0.6,-1.05,3.45,2.55,2.85,3.6,1.0,1.0,0.09999999999999998,1.65,0.9000000000000004,-0.75,0.0,away,1.0
20250721-Fukuoka_SoftBank_Hawks-Saitama_Seibu_Lions,2025-07-21 17:00:00,2025,Fukuoka SoftBank Hawks,Saitama Seibu Lions,4.0,1.0,Final,ベルーナドーム,230,239,0.29850101318150946,0.325,0.725,-1.35,1.25,2.1,3.3,3.45,2.05,1.0,1.0,-0.39999999999999997,-2.6,-1.1999999999999997,1.4000000000000004,0.0,away,5.0
20250721-Orix_Buffaloes-Chiba_Lotte_Marines,2025-07-21 17:00:00,2025,Orix Buffaloes,Chiba Lotte Marines,0.0,2.0,Final,ZOZOマリン,231,229,0.4485979027408139,0.4,0.55,-0.85,0.1,3.6,3.85,4.45,3.75,1.0,1.0,-0.15000000000000002,-0.95,-0.25,0.7000000000000002,0.0,home,2.0
20250721-Hiroshima_Toyo_Carp-Tokyo_Yakult_Swallows,2025-07-21 18:00:00,2025,Hiroshima Toyo Carp,Tokyo Yakult Swallows,6.0,7.0,Final,神 宮,225,230,0.5627130960512542,0.5,0.325,-0.15,-1.2,3.3,1.75,3.45,2.95,1.0,1.0,0.175,1.05,1.5499999999999998,0.5,0.0,home,13.0
20250723-セ・リーグ-パ・リーグ,2025-07-23 18:30:00,2025,セ・リーグ,パ・リーグ,1.0,5.0,Final,京セラD大阪,2,2,0.5347532513905255,0.5,0.5,0.5,-0.5,11.0,10.5,10.5,11.0,364.0,364.0,0.0,1.0,0.5,-0.5,0.0,home,6.0
20250724-パ・リーグ-セ・リーグ,2025-07-24 18:30:00,2025,パ・リーグ,セ・リーグ,10.0,7.0,Final,横 浜,3,3,0.4874059938981914,0.3333333333333333,0.6666666666666666,-1.6666666666666667,1.6666666666666667,7.333333333333333,9.0,9.0,7.333333333333333,1.0,1.0,-0.3333333333333333,-3.3333333333333335,-1.666666666666667,1.666666666666667,0.0,away,17.0
20250726-Chiba_Lotte_Marines-Hokkaido_Nippon-Ham_Fighters,2025-07-26 18:00:00,2025,Chiba Lotte Marines,Hokkaido Nippon-Ham Fighters,0.0,5.0,Final,エスコンＦ,238,232,0.7372239676714921,0.7,0.4,2.4,-0.85,4.65,3.4,2.25,4.25,5.0,5.0,0.29999999999999993,3.25,1.2500000000000004,-2.0,0.0,home,5.0
20250726-Chunichi_Dragons-Tokyo_Yakult_Swallows,2025-07-26 18:00:00,2025,Chunichi Dragons,Tokyo Yakult Swallows,1.0,2.0,Final,神 宮,226,231,0.4789282494821182,0.55,0.5,0.0,0.6,3.25,3.35,3.25,2.75,5.0,5.0,0.050000000000000044,-0.6,-0.10000000000000009,0.5,0.0,home,3.0
20250726-Orix_Buffaloes-Fukuoka_SoftBank_Hawks,2025-07-26 18:00:00,2025,Orix Buffaloes,Fukuoka SoftBank Hawks,3.0,11.0,Final,みずほPayPay,240,230,0.6983039297743722,0.725,0.5,1.25,-0.1,3.2,3.65,1.95,3.75,5.0,5.0,0.22499999999999998,1.35,-0.44999999999999973,-1.8,0.0,home,14.0
20250726-Saitama_Seibu_Lions-Tohoku_Rakuten_Golden_Eagles,2025-07-26 18:00:00,2025,Saitama Seibu Lions,Tohoku Rakuten Golden Eagles,2.0,3.0,Final,楽天モバイル,230,231,0.5703702803324127,0.35,0.275,-1.25,-1.75,3.1,1.9,4.35,3.65,5.0,5.0,0.07499999999999996,0.5,1.2000000000000002,0.6999999999999997,0.0,home,5.0
20250726-Yokohama_DeNA_BayStars-Hanshin_Tigers,2025-07-26 18:00:00,2025,Yokohama DeNA BayStars,Hanshin Tigers,0.0,2.0,Final,甲子園,235,244,0.6806218649725378,0.75,0.45,1.55,-0.95,3.5,2.15,1.95,3.1,5.0,5.0,0.3,2.5,1.35,-1.1500000000000001,0.0,home,2.0
20250726-Yomiuri_Giants-Hiroshima_Toyo_Carp,2025-07-26 18:00:00,2025,Yomiuri Giants,Hiroshima Toyo Carp,5.0,1.0,Final,マツダスタジアム,231,238,0.4321637922686339,0.325,0.425,-1.2,-0.1,1.95,2.2,3.15,2.3,5.0,5.0,-0.09999999999999998,-1.0999999999999999,-0.2500000000000002,0.8500000000000001,0.0,away,6.0
20250727-Chiba_Lotte_Marines-Hokkaido_Nippon-Ham_Fighters,2025-07-27 14:00:00,2025,Chiba Lotte Marines,Hokkaido Nippon-Ham Fighters,5.0,4.0,Final,エスコンＦ,239,233,0.7533015069559311,0.7,0.4,2.5,-0.95,4.65,3.25,2.15,4.2,1.0,1.0,0.29999999999999993,3.45,1.4000000000000004,-2.0500000000000003,0.0,away,9.0
20250727-Orix_Buffaloes-Fukuoka_SoftBank_Hawks,2025-07-27 14:00:00,2025,Orix Buffaloes,Fukuoka SoftBank Hawks,1.0,3.0,Final,みずほPayPay,241,231,0.7211922474990728,0.775,0.45,1.9,-0.9,3.75,3.3,1.85,4.2,1.0,1.0,0.325,2.8,0.4500000000000002,-2.35,0.0,home,4.0
20250727-Saitama_Seibu_Lions-Tohoku_Rakuten_Golden_Eagles,2025-07-27 17:00:00,2025,Saitama Seibu Lions,Tohoku Rakuten Golden Eagles,1.0,4.0,Final,楽天モバイル,231,232,0.5963313292489277,0.4,0.275,-1.05,-1.65,3.15,1.9,4.2,3.55,1.0,1.0,0.125,0.5999999999999999,1.25,0.6500000000000004,0.0,home,5.0
20250727-Chunichi_Dragons-Tokyo_Yakult_Swallows,2025-07-27 18:00:00,2025,Chunichi Dragons,Tokyo Yakult Swallows,2.0,3.0,Final,神 宮,227,232,0.5113087574575991,0.55,0.45,-0.1,0.4,3.1,3.2,3.2,2.8,1.0,1.0,0.10000000000000003,-0.5,-0.10000000000000009,0.40000000000000036,0.0,home,5.0
20250727-Yokohama_DeNA_BayStars-Hanshin_Tigers,2025-07-27 18:00:00,2025,Yokohama DeNA BayStars,Hanshin Tigers,1.0,7.0,Final,甲子園,236,245,0.6988730071981021,0.8,0.45,1.7,-0.85,3.45,2.15,1.75,3.0,1.0,1.0,0.35000000000000003,2.55,1.3000000000000003,-1.25,0.0,home,8.0
20250727-Yomiuri_Giants-Hiroshima_Toyo_Carp,2025-07-27 18:00:00,2025,Yomiuri Giants,Hiroshima Toyo Carp,6.0,5.0,Final,マツダスタジアム,232,239,0.40026027633352385,0.275,0.475,-1.45,0.35,1.9,2.45,3.35,2.1,1.0,1.0,-0.19999999999999996,-1.7999999999999998,-0.5500000000000003,1.25,0.0,away,11.0
20250729-Tokyo_Yakult_Swallows-Yokohama_DeNA_BayStars,2025-07-29 17:45:00,2025,Tokyo Yakult Swallows,Yokohama DeNA BayStars,5.0,1.0,Final,横 浜,246,228,0.5140886741695421,0.45,0.6,-0.9,0.05,2.2,3.15,3.1,3.1,2.0,2.0,-0.14999999999999997,-0.9500000000000001,-0.9499999999999997,0.0,0.0,away,6.0
20250729-Fukuoka_SoftBank_Hawks-Hokkaido_Nippon-Ham_Fighters,2025-07-29 18:00:00,2025,Fukuoka SoftBank Hawks,Hokkaido Nippon-Ham Fighters,5.0,2.0,Final,エスコンＦ,240,242,0.49729439476136433,0.7,0.775,2.5,1.95,4.75,3.8,2.25,1.85,2.0,2.0,-0.07500000000000007,0.55,0.9500000000000002,0.3999999999999999,0.0,away,7.0
20250729-Hiroshima_Toyo_Carp-Hanshin_Tigers,2025-07-29 18:00:00,2025,Hiroshima Toyo Carp,Hanshin Tigers,0.0,1.0,Final,甲子園,237,233,0.797798184453406,0.8,0.225,1.9,-1.55,3.7,2.05,1.8,3.6,2.0,2.0,0.5750000000000001,3.45,1.6500000000000004,-1.8,0.0,home,1.0
20250729-Saitama_Seibu_Lions-Orix_Buffaloes,2025-07-29 18:00:00,2025,Saitama Seibu Lions,Orix Buffaloes,3.0,2.0,Final,京セラD大阪,232,233,0.6139783848644821,0.4,0.225,-1.2,-1.85,3.0,1.8,4.2,3.65,2.0,2.0,0.17500000000000002,0.6500000000000001,1.2,0.5500000000000003,0.0,away,5.0
20250729-Tohoku_Rakuten_Golden_Eagles-Chiba_Lotte_Marines,2025-07-29 18:00:00,2025,Tohoku Rakuten Golden Eagles,Chiba Lotte Marines,2.0,1.0,Final,ZOZOマリン,234,232,0.5109159289854176,0.4,0.45,-1.15,-0.5,3.25,3.25,4.4,3.75,2.0,2.0,-0.04999999999999999,-0.6499999999999999,0.0,0.6500000000000004,0.0,away,3.0
20250729-Yomiuri_Giants-Chunichi_Dragons,2025-07-29 18:00:00,2025,Yomiuri Giants,Chunichi Dragons,5.0,8.0,Final,バンテリンドーム,233,240,0.48281557906314465,0.4,0.525,0.3,0.5,3.15,2.55,2.85,2.05,2.0,2.0,-0.125,-0.2,0.6000000000000001,0.8000000000000003,0.0,home,13.0
20250730-Tokyo_Yakult_Swallows-Yokohama_DeNA_BayStars,2025-07-30 17:45:00,2025,Tokyo Yakult Swallows,Yokohama DeNA BayStars,2.0,1.0,Final,横 浜,247,229,0.47504995797575983,0.45,0.6,-1.05,0.2,2.25,3.2,3.3,3.0,1.0,1.0,-0.14999999999999997,-1.25,-0.9500000000000002,0.2999999999999998,0.0,away,3.0
20250730-Fukuoka_SoftBank_Hawks-Hokkaido_Nippon-Ham_Fighters,2025-07-30 18:00:00,2025,Fukuoka SoftBank Hawks,Hokkaido Nippon-Ham Fighters,4.0,5.0,Final,エスコンＦ,241,243,0.46187159169038067,0.65,0.775,2.3,2.05,4.75,4.0,2.45,1.95,1.0,1.0,-0.125,0.25,0.75,0.5000000000000002,0.0,home,9.0
20250730-Hiroshima_Toyo_Carp-Hanshin_Tigers,2025-07-30 18:00:00,2025,Hiroshima Toyo Carp,Hanshin Tigers,0.0,5.0,Final,甲子園,238,234,0.8057883798543624,0.8,0.2,1.65,-1.6,3.45,1.95,1.8,3.55,1.0,1.0,0.6000000000000001,3.25,1.5000000000000002,-1.7499999999999998,0.0,home,5.0
20250730-Saitama_Seibu_Lions-Orix_Buffaloes,2025-07-30 18:00:00,2025,Saitama Seibu Lions,Orix Buffaloes,4.0,6.0,Final,京セラD大阪,233,234,0.5772227291783073,0.4,0.275,-1.15,-1.75,3.0,1.9,4.15,3.65,1.0,1.0,0.125,0.6000000000000001,1.1,0.5000000000000004,0.0,home,10.0
20250730-Tohoku_Rakuten_Golden_Eagles-Chiba_Lotte_Marines,2025-07-30 18:00:00,2025,Tohoku Rakuten Golden Eagles,Chiba Lotte Marines,8.0,5.0,Final,ZOZOマリン,235,233,0.4791661936420609,0.4,0.5,-1.15,-0.25,3.25,3.2,4.4,3.45,1.0,1.0,-0.09999999999999998,-0.8999999999999999,0.04999999999999982,0.9500000000000002,0.0,away,13.0
20250730-Yomiuri_Giants-Chunichi_Dragons,2025-07-30 18:00:00,2025,Yomiuri Giants,Chunichi Dragons,2.0,0.0,Final,バンテリンドーム,234,241,0.5197152762571526,0.45,0.475,0.5,0.15,3.5,2.6,3.0,2.45,1.0,1.0,-0.024999999999999967,0.35,0.8999999999999999,0.5499999999999998,0.0,away,2.0
20250731-Tokyo_Yakult_Swallows-Yokohama_DeNA_BayStars,2025-07-31 17:45:00,2025,Tokyo Yakult Swallows,Yokohama DeNA BayStars,1.0,14.0,Final,横 浜,248,230,0.4457103294617573,0.4,0.65,-1.15,0.35,2.15,3.3,3.3,2.95,1.0,1.0,-0.25,-1.5,-1.15,0.34999999999999964,0.0,home,15.0
20250731-Fukuoka_SoftBank_Hawks-Hokkaido_Nippon-Ham_Fighters,2025-07-31 18:00:00,2025,Fukuoka SoftBank Hawks,Hokkaido Nippon-Ham Fighters,5.0,4.0,Final,エスコンＦ,242,244,0.49525290270787303,0.7,0.725,2.4,1.95,5.0,4.1,2.6,2.15,1.0,1.0,-0.025000000000000022,0.44999999999999996,0.9000000000000004,0.4500000000000002,0.0,away,9.0
20250731-Hiroshima_Toyo_Carp-Hanshin_Tigers,2025-07-31 18:00:00,2025,Hiroshima Toyo Carp,Hanshin Tigers,6.0,3.0,Final,甲子園,239,235,0.8153987541292294,0.8,0.15,1.85,-1.9,3.6,1.85,1.75,3.75,1.0,1.0,0.65,3.75,1.75,-2.0,0.0,away,9.0
20250731-Saitama_Seibu_Lions-Orix_Buffaloes,2025-07-31 18:00:00,2025,Saitama Seibu Lions,Orix Buffaloes,2.0,6.0,Final,京セラD大阪,234,235,0.6045132884953627,0.4,0.275,-1.2,-1.7,3.15,2.1,4.35,3.8,1.0,1.0,0.125,0.5,1.0499999999999998,0.5499999999999998,0.0,home,8.0
20250731-Yomiuri_Giants-Chunichi_Dragons,2025-07-31 18:00:00,2025,Yomiuri Giants,Chunichi Dragons,6.0,7.0,Final,バンテリンドーム,235,242,0.4850260116196729,0.45,0.475,0.45,0.0,3.45,2.45,3.0,2.45,1.0,1.0,-0.024999999999999967,0.45,1.0,0.5499999999999998,0.0,home,13.0
20250731-Tohoku_Rakuten_Golden_Eagles-Chiba_Lotte_Marines,2025-07-31 18:30:00,2025,Tohoku Rakuten Golden Eagles,Chiba Lotte Marines,6.0,5.0,Final,東京ドーム,236,234,0.44517252640598237,0.4,0.5,-1.0,-0.2,3.5,3.4,4.5,3.6,1.0,1.0,-0.09999999999999998,-0.8,0.10000000000000009,0.8999999999999999,0.0,away,11.0
20250801-Chiba_Lotte_Marines-Saitama_Seibu_Lions,2025-08-01 18:00:00,2025,Chiba Lotte Marines,Saitama Seibu Lions,2.0,11.0,Final,ベルーナドーム,236,237,0.48583442418966477,0.275,0.35,-1.7,-1.2,2.1,3.45,3.8,4.65,1.0,1.0,-0.07499999999999996,-0.5,-1.35,-0.8500000000000005,0.0,home,13.0
20250801-Chunichi_Dragons-Hiroshima_Toyo_Carp,2025-08-01 18:00:00,2025,Chunichi Dragons,Hiroshima Toyo Carp,1.0,3.0,Final,マツダスタジアム,236,236,0.4186011186717247,0.2,0.5,-1.5,0.55,2.15,3.7,3.65,3.15,1.0,1.0,-0.3,-2.05,-1.5500000000000003,0.5,0.0,home,4.0
20250801-Hanshin_Tigers-Tokyo_Yakult_Swallows,2025-08-01 18:00:00,2025,Hanshin Tigers,Tokyo Yakult Swallows,3.0,2.0,Final,神 宮,231,240,0.36343500334866014,0.65,0.75,0.0,1.65,3.35,3.7,3.35,2.05,1.0,1.0,-0.09999999999999998,-1.65,-0.3500000000000001,1.3000000000000003,0.0,away,5.0
20250801-Hokkaido_Nippon-Ham_Fighters-Orix_Buffaloes,2025-08-01 18:00:00,2025,Hokkaido Nippon-Ham Fighters,Orix Buffaloes,2.0,4.0,Final,京セラD大阪,235,243,0.36290971263020666,0.4,0.7,-1.2,2.4,3.15,5.15,4.35,2.75,1.0,1.0,-0.29999999999999993,-3.5999999999999996,-2.0000000000000004,1.5999999999999996,0.0,home,6.0
20250801-Tohoku_Rakuten_Golden_Eagles-Fukuoka_SoftBank_Hawks,2025-08-01 18:00:00,2025,Tohoku Rakuten Golden Eagles,Fukuoka SoftBank Hawks,1.0,3.0,Final,みずほPayPay,245,235,0.7030446528028796,0.725,0.5,1.85,-0.45,4.15,3.4,2.3,3.85,1.0,1.0,0.22499999999999998,2.3000000000000003,0.7500000000000004,-1.5500000000000003,0.0,home,4.0
20250801-Yokohama_DeNA_BayStars-Yomiuri_Giants,2025-08-01 18:00:00,2025,Yokohama DeNA BayStars,Yomiuri Giants,7.0,2.0,Final,東京ドーム,243,249,0.5677740202706953,0.425,0.4,-0.1,-0.55,2.7,2.65,2.8,3.2,1.0,1.0,0.024999999999999967,0.45000000000000007,0.050000000000000266,-0.40000000000000036,0.0,away,9.0
20250802-Hokkaido_Nippon-Ham_Fighters-Orix_Buffaloes,2025-08-02 14:00:00,2025,Hokkaido Nippon-Ham Fighters,Orix Buffaloes,7.0,1.0,Final,京セラD大阪,236,244,0.4030938289209879,0.4,0.7,-1.2,2.45,2.95,5.2,4.15,2.75,1.0,1.0,-0.29999999999999993,-3.6500000000000004,-2.25,1.4000000000000004,0.0,away,8.0
20250802-Tohoku_Rakuten_Golden_Eagles-Fukuoka_SoftBank_Hawks,2025-08-02 14:00:00,2025,Tohoku Rakuten Golden Eagles,Fukuoka SoftBank Hawks,2.0,5.0,Final,みずほPayPay,246,236,0.7193329758257705,0.775,0.5,2.0,-0.4,4.3,3.3,2.3,3.7,1.0,1.0,0.275,2.4,1.0,-1.4000000000000004,0.0,home,7.0
20250802-Yokohama_DeNA_BayStars-Yomiuri_Giants,2025-08-02 15:00:00,2025,Yokohama DeNA BayStars,Yomiuri Giants,7.0,4.0,Final,東京ドーム,244,250,0.5224215067069017,0.425,0.4,-0.3,-0.45,2.75,2.6,3.05,3.05,1.0,1.0,0.024999999999999967,0.15000000000000002,0.1499999999999999,0.0,0.0,away,11.0
20250802-Chiba_Lotte_Marines-Saitama_Seibu_Lions,2025-08-02 18:00:00,2025,Chiba Lotte Marines,Saitama Seibu Lions,5.0,5.0,Final,ベルーナドーム,237,238,0.5331383823430924,0.275,0.35,-1.3,-1.55,2.6,3.25,3.9,4.8,1.0,1.0,-0.07499999999999996,0.25,-0.6499999999999999,-0.8999999999999999,0.0,draw,10.0
20250802-Chunichi_Dragons-Hiroshima_Toyo_Carp,2025-08-02 18:00:00,2025,Chunichi Dragons,Hiroshima Toyo Carp,6.0,0.0,Final,マツダスタジアム,237,237,0.456801216445962,0.25,0.5,-1.35,0.5,2.3,3.6,3.65,3.1,1.0,1.0,-0.25,-1.85,-1.3000000000000003,0.5499999999999998,0.0,away,6.0
20250802-Hanshin_Tigers-Tokyo_Yakult_Swallows,2025-08-02 18:00:00,2025,Hanshin Tigers,Tokyo Yakult Swallows,5.0,1.0,Final,神 宮,232,241,0.34279468813438824,0.625,0.75,-0.05,1.65,3.35,3.7,3.4,2.05,1.0,1.0,-0.125,-1.7,-0.3500000000000001,1.35,0.0,away,6.0
20250803-Hokkaido_Nippon-Ham_Fighters-Orix_Buffaloes,2025-08-03 13:00:00,2025,Hokkaido Nippon-Ham Fighters,Orix Buffaloes,9.0,0.0,Final,京セラD大阪,237,245,0.37052669948418687,0.4,0.7,-1.2,2.45,2.9,5.2,4.1,2.75,1.0,1.0,-0.29999999999999993,-3.6500000000000004,-2.3000000000000003,1.3499999999999996,0.0,away,9.0
20250803-Tohoku_Rakuten_Golden_Eagles-Fukuoka_SoftBank_Hawks,2025-08-03 13:00:00,2025,Tohoku Rakuten Golden Eagles,Fukuoka SoftBank Hawks,1.0,8.0,Final,みずほPayPay,247,237,0.7352241041801897,0.775,0.5,2.1,-0.25,4.35,3.35,2.25,3.6,1.0,1.0,0.275,2.35,0.9999999999999996,-1.35,0.0,home,9.0
20250803-Yokohama_DeNA_BayStars-Yomiuri_Giants,2025-08-03 14:00:00,2025,Yokohama DeNA BayStars,Yomiuri Giants,3.0,4.0,Final,東京ドーム,245,251,0.4851504030914203,0.425,0.45,-0.4,0.0,2.95,2.9,3.35,2.9,1.0,1.0,-0.025000000000000022,-0.4,0.050000000000000266,0.4500000000000002,0.0,home,7.0
20250803-Chiba_Lotte_Marines-Saitama_Seibu_Lions,2025-08-03 17:00:00,2025,Chiba Lotte Marines,Saitama Seibu Lions,2.0,1.0,Final,ベルーナドーム,238,239,0.531238691912725,0.3,0.325,-1.25,-1.85,2.7,3.1,3.95,4.95,1.0,1.0,-0.025000000000000022,0.6000000000000001,-0.3999999999999999,-1.0,0.0,away,3.0
20250803-Chunichi_Dragons-Hiroshima_Toyo_Carp,2025-08-03 18:00:00,2025,Chunichi Dragons,Hiroshima Toyo Carp,1.0,2.0,Final,マツダスタジアム,238,238,0.4185090439632806,0.225,0.55,-1.65,0.95,2.3,3.65,3.95,2.7,1.0,1.0,-0.32500000000000007,-2.5999999999999996,-1.35,1.25,0.0,home,3.0
20250803-Hanshin_Tigers-Tokyo_Yakult_Swallows,2025-08-03 18:00:00,2025,Hanshin Tigers,Tokyo Yakult Swallows,1.0,8.0,Final,神 宮,233,242,0.31972101089667254,0.625,0.75,-0.2,1.55,3.35,3.6,3.55,2.05,1.0,1.0,-0.125,-1.75,-0.25,1.5,0.0,home,9.0
20250805-Saitama_Seibu_Lions-Hokkaido_Nippon-Ham_Fighters,2025-08-05 14:00:00,2025,Saitama Seibu Lions,Hokkaido Nippon-Ham Fighters,1.0,6.0,Final,エスコンＦ,246,239,0.7771973663289475,0.7,0.3,2.35,-1.2,5.05,2.7,2.7,3.9,2.0,2.0,0.39999999999999997,3.55,2.3499999999999996,-1.1999999999999997,0.0,home,7.0
20250805-Hiroshima_Toyo_Carp-Yokohama_DeNA_BayStars,2025-08-05 17:45:00,2025,Hiroshima Toyo Carp,Yokohama DeNA BayStars,4.0,5.0,Final,横 浜,252,239,0.6172937418915131,0.45,0.225,0.1,-1.65,3.05,2.25,2.95,3.9,2.0,2.0,0.225,1.75,0.7999999999999998,-0.9499999999999997,0.0,home,9.0
20250805-Fukuoka_SoftBank_Hawks-Chiba_Lotte_Marines,2025-08-05 18:00:00,2025,Fukuoka SoftBank Hawks,Chiba Lotte Marines,3.0,6.0,Final,ZOZOマリン,240,248,0.2262279736965941,0.375,0.775,-1.65,2.35,3.15,4.6,4.8,2.25,2.0,2.0,-0.4,-4.0,-1.4499999999999997,2.55,0.0,home,9.0
20250805-Hanshin_Tigers-Chunichi_Dragons,2025-08-05 18:00:00,2025,Hanshin Tigers,Chunichi Dragons,6.0,2.0,Final,バンテリンドーム,239,243,0.34842312111049484,0.5,0.7,0.85,1.05,3.6,3.5,2.75,2.45,2.0,2.0,-0.19999999999999996,-0.20000000000000007,0.10000000000000009,0.2999999999999998,0.0,away,8.0
20250805-Orix_Buffaloes-Tohoku_Rakuten_Golden_Eagles,2025-08-05 18:00:00,2025,Orix Buffaloes,Tohoku Rakuten Golden Eagles,0.0,1.0,Final,楽天モバイル,238,238,0.5567930844063955,0.5,0.35,-0.05,-1.8,3.35,2.7,3.4,4.5,2.0,2.0,0.15000000000000002,1.75,0.6499999999999999,-1.1,0.0,home,1.0
20250805-Tokyo_Yakult_Swallows-Yomiuri_Giants,2025-08-05 18:00:00,2025,Tokyo Yakult Swallows,Yomiuri Giants,2.0,5.0,Final,東京ドーム,246,234,0.5042151574860669,0.475,0.625,-0.3,-0.1,3.05,3.5,3.35,3.6,2.0,2.0,-0.15000000000000002,-0.19999999999999998,-0.4500000000000002,-0.25,0.0,home,7.0
20250806-Saitama_Seibu_Lions-Hokkaido_Nippon-Ham_Fighters,2025-08-06 14:00:00,2025,Saitama Seibu Lions,Hokkaido Nippon-Ham Fighters,0.0,4.0,Final,エスコンＦ,247,240,0.7893864537812857,0.7,0.3,2.5,-1.2,4.95,2.65,2.45,3.85,1.0,1.0,0.39999999999999997,3.7,2.3000000000000003,-1.4,0.0,home,4.0
20250806-Hiroshima_Toyo_Carp-Yokohama_DeNA_BayStars,2025-08-06 17:45:00,2025,Hiroshima Toyo Carp,Yokohama DeNA BayStars,8.0,5.0,Final,横 浜,253,240,0.6395123717441696,0.5,0.225,0.35,-1.45,3.25,2.4,2.9,3.85,1.0,1.0,0.275,1.7999999999999998,0.8500000000000001,-0.9500000000000002,0.0,away,13.0
20250806-Fukuoka_SoftBank_Hawks-Chiba_Lotte_Marines,2025-08-06 18:00:00,2025,Fukuoka SoftBank Hawks,Chiba Lotte Marines,12.0,3.0,Final,ZOZOマリン,241,249,0.26721353437283557,0.425,0.725,-1.45,1.8,3.25,4.3,4.7,2.5,1.0,1.0,-0.3,-3.25,-1.0499999999999998,2.2,0.0,away,15.0
20250806-Hanshin_Tigers-Chunichi_Dragons,2025-08-06 18:00:00,2025,Hanshin Tigers,Chunichi Dragons,3.0,2.0,Final,バンテリンドーム,240,244,0.3247827620289951,0.5,0.7,0.75,1.05,3.5,3.55,2.75,2.5,1.0,1.0,-0.19999999999999996,-0.30000000000000004,-0.04999999999999982,0.25,0.0,away,5.0
20250806-Orix_Buffaloes-Tohoku_Rakuten_Golden_Eagles,2025-08-06 18:00:00,2025,Orix Buffaloes,Tohoku Rakuten Golden Eagles,1.0,2.0,Final,楽天モバイル,239,239,0.5837953207158676,0.55,0.35,0.1,-1.45,3.1,2.65,3.0,4.1,1.0,1.0,0.20000000000000007,1.55,0.4500000000000002,-1.0999999999999996,0.0,home,3.0
20250806-Tokyo_Yakult_Swallows-Yomiuri_Giants,2025-08-06 18:00:00,2025,Tokyo Yakult Swallows,Yomiuri Giants,0.0,2.0,Final,東京ドーム,247,235,0.5395218283532947,0.475,0.625,-0.2,-0.2,3.25,3.55,3.45,3.75,1.0,1.0,-0.15000000000000002,0.0,-0.2999999999999998,-0.2999999999999998,0.0,home,2.0
20250807-Saitama_Seibu_Lions-Hokkaido_Nippon-Ham_Fighters,2025-08-07 14:00:00,2025,Saitama Seibu Lions,Hokkaido Nippon-Ham Fighters,2.0,0.0,Final,エスコンＦ,248,241,0.7998320852345815,0.7,0.3,2.65,-1.3,4.9,2.65,2.25,3.95,1.0,1.0,0.39999999999999997,3.95,2.2500000000000004,-1.7000000000000002,0.0,away,2.0
20250807-Hiroshima_Toyo_Carp-Yokohama_DeNA_BayStars,2025-08-07 17:45:00,2025,Hiroshima Toyo Carp,Yokohama DeNA BayStars,5.0,9.0,Final,横 浜,254,241,0.5964402237727743,0.45,0.275,0.0,-1.2,3.3,2.75,3.3,3.95,1.0,1.0,0.175,1.2,0.5499999999999998,-0.6500000000000004,0.0,home,14.0
20250807-Fukuoka_SoftBank_Hawks-Chiba_Lotte_Marines,2025-08-07 18:00:00,2025,Fukuoka SoftBank Hawks,Chiba Lotte Marines,2.0,1.0,Final,ZOZOマリン,242,250,0.2483836760046304,0.425,0.725,-1.3,2.2,3.35,4.85,4.65,2.65,1.0,1.0,-0.3,-3.5,-1.4999999999999996,2.0000000000000004,0.0,away,3.0
20250807-Hanshin_Tigers-Chunichi_Dragons,2025-08-07 18:00:00,2025,Hanshin Tigers,Chunichi Dragons,3.0,8.0,Final,バンテリンドーム,241,245,0.307327222677214,0.5,0.7,0.75,0.85,3.4,3.4,2.65,2.55,1.0,1.0,-0.19999999999999996,-0.09999999999999998,0.0,0.10000000000000009,0.0,home,11.0
20250807-Orix_Buffaloes-Tohoku_Rakuten_Golden_Eagles,2025-08-07 18:00:00,2025,Orix Buffaloes,Tohoku Rakuten Golden Eagles,3.0,7.0,Final,楽天モバイル,240,240,0.6087056503491601,0.55,0.35,-0.1,-1.45,2.85,2.7,2.95,4.15,1.0,1.0,0.20000000000000007,1.3499999999999999,0.1499999999999999,-1.2000000000000002,0.0,home,10.0
20250807-Tokyo_Yakult_Swallows-Yomiuri_Giants,2025-08-07 18:00:00,2025,Tokyo Yakult Swallows,Yomiuri Giants,3.0,2.0,Final,東京ドーム,248,236,0.5698922259872105,0.5,0.575,-0.1,-0.4,3.35,3.25,3.45,3.65,1.0,1.0,-0.07499999999999996,0.30000000000000004,0.10000000000000009,-0.19999999999999973,0.0,away,5.0
20250808-Hiroshima_Toyo_Carp-Chunichi_Dragons,2025-08-08 18:00:00,2025,Hiroshima Toyo Carp,Chunichi Dragons,3.0,2.0,Final,バンテリンドーム,242,242,0.6107535333353962,0.55,0.275,1.05,-1.25,3.6,2.85,2.55,4.1,1.0,1.0,0.275,2.3,0.75,-1.5499999999999998,0.0,away,5.0
20250808-Tokyo_Yakult_Swallows-Hanshin_Tigers,2025-08-08 18:00:00,2025,Tokyo Yakult Swallows,Hanshin Tigers,3.0,1.0,Final,京セラD大阪,246,237,0.6865538527739505,0.65,0.575,0.5,-0.4,3.4,3.15,2.9,3.55,1.0,1.0,0.07500000000000007,0.9,0.25,-0.6499999999999999,0.0,away,4.0
20250808-Yomiuri_Giants-Yokohama_DeNA_BayStars,2025-08-08 18:00:00,2025,Yomiuri Giants,Yokohama DeNA BayStars,12.0,2.0,Final,横 浜,255,249,0.5294271407506335,0.475,0.5,0.2,-0.1,3.55,3.35,3.35,3.45,1.0,1.0,-0.025000000000000022,0.30000000000000004,0.19999999999999973,-0.10000000000000009,0.0,away,14.0
20250809-Hiroshima_Toyo_Carp-Chunichi_Dragons,2025-08-09 14:00:00,2025,Hiroshima Toyo Carp,Chunichi Dragons,0.0,2.0,Final,バンテリンドーム,243,243,0.5741000116749725,0.5,0.325,0.95,-1.15,3.55,2.95,2.6,4.1,1.0,1.0,0.175,2.0999999999999996,0.5999999999999996,-1.4999999999999996,0.0,home,2.0
20250809-Hokkaido_Nippon-Ham_Fighters-Fukuoka_SoftBank_Hawks,2025-08-09 14:00:00,2025,Hokkaido Nippon-Ham Fighters,Fukuoka SoftBank Hawks,1.0,4.0,Final,みずほPayPay,251,249,0.6121538360352341,0.775,0.65,2.45,1.95,4.95,4.25,2.5,2.3,2.0,2.0,0.125,0.5000000000000002,0.7000000000000002,0.20000000000000018,0.0,home,5.0
20250809-Orix_Buffaloes-Chiba_Lotte_Marines,2025-08-09 18:00:00,2025,Orix Buffaloes,Chiba Lotte Marines,3.0,2.0,Final,ZOZOマリン,243,241,0.5203003020727994,0.4,0.3,-1.35,-1.85,3.3,2.65,4.65,4.5,2.0,2.0,0.10000000000000003,0.5,0.6499999999999999,0.15000000000000036,0.0,away,5.0
20250809-Tohoku_Rakuten_Golden_Eagles-Saitama_Seibu_Lions,2025-08-09 18:00:00,2025,Tohoku Rakuten Golden Eagles,Saitama Seibu Lions,4.0,9.0,Final,ベルーナドーム,242,241,0.3827225844328282,0.3,0.55,-1.4,0.0,2.5,3.1,3.9,3.1,2.0,2.0,-0.25000000000000006,-1.4,-0.6000000000000001,0.7999999999999998,0.0,home,13.0
20250809-Tokyo_Yakult_Swallows-Hanshin_Tigers,2025-08-09 18:00:00,2025,Tokyo Yakult Swallows,Hanshin Tigers,2.0,6.0,Final,京セラD大阪,247,238,0.6458115566805496,0.6,0.625,0.25,-0.1,3.15,3.3,2.9,3.4,1.0,1.0,-0.025000000000000022,0.35,-0.1499999999999999,-0.5,0.0,home,8.0
20250809-Yomiuri_Giants-Yokohama_DeNA_BayStars,2025-08-09 18:00:00,2025,Yomiuri Giants,Yokohama DeNA BayStars,4.0,3.0,Final,横 浜,256,250,0.48070872766136546,0.475,0.5,-0.25,0.35,3.6,3.7,3.85,3.35,1.0,1.0,-0.025000000000000022,-0.6,-0.10000000000000009,0.5,0.0,away,7.0
20250810-Hiroshima_Toyo_Carp-Chunichi_Dragons,2025-08-10 13:30:00,2025,Hiroshima Toyo Carp,Chunichi Dragons,6.0,5.0,Final,バンテリンドーム,244,244,0.6016528843406664,0.5,0.325,1.0,-0.95,3.55,2.9,2.55,3.85,1.0,1.0,0.175,1.95,0.6499999999999999,-1.3000000000000003,0.0,away,11.0
20250810-Hokkaido_Nippon-Ham_Fighters-Fukuoka_SoftBank_Hawks,2025-08-10 14:00:00,2025,Hokkaido Nippon-Ham Fighters,Fukuoka SoftBank Hawks,0.0,1.0,Final,みずほPayPay,252,250,0.6380967233414496,0.825,0.65,2.75,2.1,5.15,4.3,2.4,2.2,1.0,1.0,0.17499999999999993,0.6499999999999999,0.8500000000000005,0.19999999999999973,0.0,home,1.0
20250810-Tohoku_Rakuten_Golden_Eagles-Saitama_Seibu_Lions,2025-08-10 17:00:00,2025,Tohoku Rakuten Golden Eagles,Saitama Seibu Lions,9.0,4.0,Final,ベルーナドーム,243,242,0.4306937066847812,0.325,0.55,-1.15,-0.05,2.85,3.25,4.0,3.3,1.0,1.0,-0.22500000000000003,-1.0999999999999999,-0.3999999999999999,0.7000000000000002,0.0,away,13.0
20250810-Orix_Buffaloes-Chiba_Lotte_Marines,2025-08-10 18:00:00,2025,Orix Buffaloes,Chiba Lotte Marines,,,Postponed,ZOZOマリン,244,242,0.4879668270620648,0.4,0.3,-1.2,-2.1,3.35,2.5,4.55,4.6,1.0,1.0,0.10000000000000003,0.9000000000000001,0.8500000000000001,-0.04999999999999982,0.0,,
20250810-Tokyo_Yakult_Swallows-Hanshin_Tigers,2025-08-10 18:00:00,2025,Tokyo Yakult Swallows,Hanshin Tigers,2.0,5.0,Final,京セラD大阪,248,239,0.6700322952835133,0.65,0.6,0.6,-0.3,3.3,3.2,2.7,3.5,1.0,1.0,0.050000000000000044,0.8999999999999999,0.09999999999999964,-0.7999999999999998,0.0,home,7.0
20250810-Yomiuri_Giants-Yokohama_DeNA_BayStars,2025-08-10 18:00:00,2025,Yomiuri Giants,Yokohama DeNA BayStars,,,Postponed,横 浜,257,251,0.4509716331701564,0.475,0.55,-0.15,0.45,3.75,3.8,3.9,3.35,1.0,1.0,-0.07500000000000007,-0.6,-0.04999999999999982,0.5499999999999998,0.0,,
20250811-Chunichi_Dragons-Yomiuri_Giants,2025-08-11 14:00:00,2025,Chunichi Dragons,Yomiuri Giants,2.0,0.0,Final,東京ドーム,251,245,0.6050166275609962,0.55,0.45,0.45,0.65,3.8,3.45,3.35,2.8,2.0,1.0,0.10000000000000003,-0.2,0.34999999999999964,0.5500000000000003,1.0,away,2.0
20250811-Hokkaido_Nippon-Ham_Fighters-Fukuoka_SoftBank_Hawks,2025-08-11 14:00:00,2025,Hokkaido Nippon-Ham Fighters,Fukuoka SoftBank Hawks,1.0,3.0,Final,みずほPayPay,253,251,0.6586110500616128,0.875,0.6,3.15,1.85,5.2,3.95,2.05,2.1,1.0,1.0,0.275,1.2999999999999998,1.25,-0.050000000000000266,0.0,home,4.0
20250811-Orix_Buffaloes-Chiba_Lotte_Marines,2025-08-11 17:00:00,2025,Orix Buffaloes,Chiba Lotte Marines,5.0,3.0,Final,ZOZOマリン,244,242,0.4879668270620648,0.4,0.3,-1.2,-2.1,3.35,2.5,4.55,4.6,2.0,2.0,0.10000000000000003,0.9000000000000001,0.8500000000000001,-0.04999999999999982,0.0,away,8.0
20250811-Tohoku_Rakuten_Golden_Eagles-Saitama_Seibu_Lions,2025-08-11 17:00:00,2025,Tohoku Rakuten Golden Eagles,Saitama Seibu Lions,4.0,5.0,Final,ベルーナドーム,244,243,0.3970287891772115,0.275,0.55,-1.6,0.05,2.8,3.55,4.4,3.5,1.0,1.0,-0.275,-1.6500000000000001,-0.75,0.9000000000000004,0.0,home,9.0
20250811-Hanshin_Tigers-Hiroshima_Toyo_Carp,2025-08-11 18:00:00,2025,Hanshin Tigers,Hiroshima Toyo Carp,,,Postponed,マツダスタジアム,245,249,0.30151858284521815,0.375,0.65,-0.85,0.6,3.1,3.3,3.95,2.7,1.0,1.0,-0.275,-1.45,-0.19999999999999973,1.25,0.0,,
20250811-Yokohama_DeNA_BayStars-Tokyo_Yakult_Swallows,2025-08-11 18:00:00,2025,Yokohama DeNA BayStars,Tokyo Yakult Swallows,4.0,9.0,Final,神 宮,240,257,0.5587039631857685,0.55,0.475,-0.6,-0.15,3.0,3.75,3.6,3.9,1.0,2.0,0.07500000000000007,-0.44999999999999996,-0.75,-0.2999999999999998,-1.0,home,13.0
20250812-Chunichi_Dragons-Yomiuri_Giants,2025-08-12 18:00:00,2025,Chunichi Dragons,Yomiuri Giants,0.0,5.0,Final,東京ドーム,252,246,0.5658189184459659,0.5,0.45,0.3,0.7,3.7,3.4,3.4,2.7,1.0,1.0,0.04999999999999999,-0.39999999999999997,0.30000000000000027,0.6999999999999997,0.0,home,5.0
20250812-Hanshin_Tigers-Hiroshima_Toyo_Carp,2025-08-12 18:00:00,2025,Hanshin Tigers,Hiroshima Toyo Carp,2.0,9.0,Final,マツダスタジアム,245,249,0.30151858284521815,0.375,0.65,-0.85,0.6,3.1,3.3,3.95,2.7,2.0,2.0,-0.275,-1.45,-0.19999999999999973,1.25,0.0,home,11.0
20250812-Yokohama_DeNA_BayStars-Tokyo_Yakult_Swallows,2025-08-12 18:00:00,2025,Yokohama DeNA BayStars,Tokyo Yakult Swallows,1.0,3.0,Final,神 宮,241,258,0.5934294456366908,0.6,0.425,-0.2,-0.45,3.35,3.75,3.55,4.2,1.0,1.0,0.175,0.25,-0.3999999999999999,-0.6500000000000004,0.0,home,4.0
20250813-Chiba_Lotte_Marines-Hokkaido_Nippon-Ham_Fighters,2025-08-13 18:00:00,2025,Chiba Lotte Marines,Hokkaido Nippon-Ham Fighters,2.0,3.0,Final,エスコンＦ,252,245,0.7392229216900578,0.55,0.35,1.55,-1.5,3.8,3.25,2.25,4.75,2.0,2.0,0.20000000000000007,3.05,0.5499999999999998,-2.5,0.0,home,5.0
20250813-Chunichi_Dragons-Yomiuri_Giants,2025-08-13 18:00:00,2025,Chunichi Dragons,Yomiuri Giants,4.0,3.0,Final,東京ドーム,253,247,0.5998345674505215,0.5,0.4,0.4,0.4,3.8,3.25,3.4,2.85,1.0,1.0,0.09999999999999998,0.0,0.5499999999999998,0.5499999999999998,0.0,away,7.0
20250813-Fukuoka_SoftBank_Hawks-Saitama_Seibu_Lions,2025-08-13 18:00:00,2025,Fukuoka SoftBank Hawks,Saitama Seibu Lions,5.0,3.0,Final,ベルーナドーム,245,254,0.21023479387003138,0.325,0.875,-1.35,3.15,3.0,5.1,4.35,1.95,2.0,2.0,-0.55,-4.5,-2.0999999999999996,2.3999999999999995,0.0,away,8.0
20250813-Hanshin_Tigers-Hiroshima_Toyo_Carp,2025-08-13 18:00:00,2025,Hanshin Tigers,Hiroshima Toyo Carp,2.0,0.0,Final,マツダスタジアム,246,250,0.3568229964956895,0.425,0.6,-0.45,0.2,3.55,3.3,4.0,3.1,1.0,1.0,-0.175,-0.65,0.25,0.8999999999999999,0.0,away,2.0
20250813-Tohoku_Rakuten_Golden_Eagles-Orix_Buffaloes,2025-08-13 18:00:00,2025,Tohoku Rakuten Golden Eagles,Orix Buffaloes,7.0,4.0,Final,京セラD大阪,243,244,0.4761087319279219,0.35,0.5,-1.8,-0.35,2.6,3.4,4.4,3.75,2.0,2.0,-0.15000000000000002,-1.4500000000000002,-0.7999999999999998,0.6500000000000004,0.0,away,11.0
20250813-Yokohama_DeNA_BayStars-Tokyo_Yakult_Swallows,2025-08-13 18:00:00,2025,Yokohama DeNA BayStars,Tokyo Yakult Swallows,10.0,2.0,Final,神 宮,242,259,0.6193418825295048,0.65,0.375,-0.05,-0.6,3.45,3.75,3.5,4.35,1.0,1.0,0.275,0.5499999999999999,-0.2999999999999998,-0.8499999999999996,0.0,away,12.0
20250814-Chiba_Lotte_Marines-Hokkaido_Nippon-Ham_Fighters,2025-08-14 18:00:00,2025,Chiba Lotte Marines,Hokkaido Nippon-Ham Fighters,4.0,9.0,Final,エスコンＦ,253,246,0.7515289562218581,0.55,0.35,1.55,-1.15,3.85,3.25,2.3,4.4,1.0,1.0,0.20000000000000007,2.7,0.6000000000000001,-2.1000000000000005,0.0,home,13.0
20250814-Fukuoka_SoftBank_Hawks-Saitama_Seibu_Lions,2025-08-14 18:00:00,2025,Fukuoka SoftBank Hawks,Saitama Seibu Lions,2.0,3.0,Final,ベルーナドーム,246,255,0.20106290271414812,0.325,0.875,-1.4,2.85,3.1,4.85,4.5,2.0,1.0,1.0,-0.55,-4.25,-1.7499999999999996,2.5,0.0,home,5.0
20250814-Tohoku_Rakuten_Golden_Eagles-Orix_Buffaloes,2025-08-14 18:00:00,2025,Tohoku Rakuten Golden Eagles,Orix Buffaloes,5.0,1.0,Final,京セラD大阪,244,245,0.4423631654694779,0.35,0.55,-1.75,-0.1,2.8,3.6,4.55,3.7,1.0,1.0,-0.20000000000000007,-1.65,-0.8000000000000003,0.8499999999999996,0.0,away,6.0
20250815-Chiba_Lotte_Marines-Fukuoka_SoftBank_Hawks,2025-08-15 18:00:00,2025,Chiba Lotte Marines,Fukuoka SoftBank Hawks,1.0,6.0,Final,みずほPayPay,256,247,0.8424154328003295,0.825,0.35,2.5,-1.1,4.65,3.45,2.15,4.55,1.0,1.0,0.475,3.6,1.2000000000000002,-2.4,0.0,home,7.0
20250815-Hanshin_Tigers-Yomiuri_Giants,2025-08-15 18:00:00,2025,Hanshin Tigers,Yomiuri Giants,5.0,6.0,Final,東京ドーム,254,251,0.40400825789979045,0.5,0.65,0.4,0.35,3.8,3.3,3.4,2.95,2.0,2.0,-0.15000000000000002,0.050000000000000044,0.5,0.44999999999999973,0.0,home,11.0
20250815-Hokkaido_Nippon-Ham_Fighters-Tohoku_Rakuten_Golden_Eagles,2025-08-15 18:00:00,2025,Hokkaido Nippon-Ham Fighters,Tohoku Rakuten Golden Eagles,1.0,3.0,Final,楽天モバイル,246,254,0.4391582614354588,0.55,0.55,0.05,1.35,3.5,3.8,3.45,2.45,1.0,1.0,0.0,-1.3,-0.2999999999999998,1.0,0.0,home,4.0
20250815-Saitama_Seibu_Lions-Orix_Buffaloes,2025-08-15 18:00:00,2025,Saitama Seibu Lions,Orix Buffaloes,0.0,1.0,Final,京セラD大阪,245,247,0.5202257892778098,0.35,0.375,-1.9,-0.9,2.55,3.2,4.45,4.1,1.0,1.0,-0.025000000000000022,-0.9999999999999999,-0.6500000000000004,0.35000000000000053,0.0,home,1.0
20250815-Tokyo_Yakult_Swallows-Hiroshima_Toyo_Carp,2025-08-15 18:00:00,2025,Tokyo Yakult Swallows,Hiroshima Toyo Carp,2.0,1.0,Final,マツダスタジアム,247,243,0.47846164435057814,0.375,0.6,-0.6,-0.5,3.35,3.4,3.95,3.9,2.0,2.0,-0.22499999999999998,-0.09999999999999998,-0.04999999999999982,0.050000000000000266,0.0,away,3.0
20250815-Yokohama_DeNA_BayStars-Chunichi_Dragons,2025-08-15 18:00:00,2025,Yokohama DeNA BayStars,Chunichi Dragons,4.0,3.0,Final,バンテリンドーム,248,260,0.5529164848787159,0.4,0.425,0.15,-0.15,3.15,4.1,3.0,4.25,2.0,2.0,-0.024999999999999967,0.3,-0.9499999999999997,-1.25,0.0,away,7.0
20250816-Chiba_Lotte_Marines-Fukuoka_SoftBank_Hawks,2025-08-16 14:00:00,2025,Chiba Lotte Marines,Fukuoka SoftBank Hawks,7.0,2.0,Final,みずほPayPay,257,248,0.8490424219140648,0.85,0.325,2.75,-1.35,4.85,3.4,2.1,4.75,1.0,1.0,0.5249999999999999,4.1,1.4499999999999997,-2.65,0.0,away,9.0
20250816-Hanshin_Tigers-Yomiuri_Giants,2025-08-16 14:00:00,2025,Hanshin Tigers,Yomiuri Giants,3.0,0.0,Final,東京ドーム,255,252,0.4401432390811619,0.55,0.65,0.5,0.6,4.0,3.55,3.5,2.95,1.0,1.0,-0.09999999999999998,-0.09999999999999998,0.4500000000000002,0.5499999999999998,0.0,away,3.0
20250816-Saitama_Seibu_Lions-Orix_Buffaloes,2025-08-16 14:00:00,2025,Saitama Seibu Lions,Orix Buffaloes,1.0,0.0,Final,京セラD大阪,246,248,0.5498976554583621,0.35,0.325,-1.9,-1.0,2.55,3.0,4.45,4.0,1.0,1.0,0.024999999999999967,-0.8999999999999999,-0.4500000000000002,0.4500000000000002,0.0,away,1.0
20250816-Yokohama_DeNA_BayStars-Chunichi_Dragons,2025-08-16 14:00:00,2025,Yokohama DeNA BayStars,Chunichi Dragons,6.0,0.0,Final,バンテリンドーム,249,261,0.518731912134456,0.35,0.45,-0.15,-0.1,2.95,4.25,3.1,4.35,1.0,1.0,-0.10000000000000003,-0.04999999999999999,-1.2999999999999998,-1.2499999999999996,0.0,away,6.0
20250816-Hokkaido_Nippon-Ham_Fighters-Tohoku_Rakuten_Golden_Eagles,2025-08-16 18:00:00,2025,Hokkaido Nippon-Ham Fighters,Tohoku Rakuten Golden Eagles,9.0,5.0,Final,楽天モバイル,247,255,0.4763231833767492,0.6,0.55,0.2,1.3,3.65,3.7,3.45,2.4,1.0,1.0,0.04999999999999993,-1.1,-0.050000000000000266,1.0500000000000003,0.0,away,14.0
20250816-Tokyo_Yakult_Swallows-Hiroshima_Toyo_Carp,2025-08-16 18:00:00,2025,Tokyo Yakult Swallows,Hiroshima Toyo Carp,3.0,5.0,Final,マツダスタジアム,248,244,0.4488816710487316,0.35,0.6,-0.65,-0.55,3.35,3.35,4.0,3.9,1.0,1.0,-0.25,-0.09999999999999998,0.0,0.10000000000000009,0.0,home,8.0
20250817-Chiba_Lotte_Marines-Fukuoka_SoftBank_Hawks,2025-08-17 13:00:00,2025,Chiba Lotte Marines,Fukuoka SoftBank Hawks,0.0,1.0,Final,みずほPayPay,258,249,0.8105228897190186,0.8,0.375,2.3,-0.85,4.75,3.6,2.45,4.45,1.0,1.0,0.42500000000000004,3.15,1.15,-2.0,0.0,home,1.0
20250817-Hanshin_Tigers-Yomiuri_Giants,2025-08-17 13:00:00,2025,Hanshin Tigers,Yomiuri Giants,3.0,1.0,Final,東京ドーム,256,253,0.4094472967507139,0.55,0.65,0.55,0.55,4.0,3.5,3.45,2.95,1.0,1.0,-0.09999999999999998,0.0,0.5,0.5,0.0,away,4.0
20250817-Saitama_Seibu_Lions-Orix_Buffaloes,2025-08-17 13:00:00,2025,Saitama Seibu Lions,Orix Buffaloes,6.0,7.0,Final,京セラD大阪,247,249,0.5158719373154566,0.3,0.375,-2.2,-0.75,2.15,3.05,4.35,3.8,1.0,1.0,-0.07500000000000001,-1.4500000000000002,-0.8999999999999999,0.5499999999999998,0.0,home,13.0
20250817-Yokohama_DeNA_BayStars-Chunichi_Dragons,2025-08-17 13:30:00,2025,Yokohama DeNA BayStars,Chunichi Dragons,5.0,4.0,Final,バンテリンドーム,250,262,0.4745689453109798,0.35,0.5,-0.35,0.45,2.8,4.45,3.15,4.0,1.0,1.0,-0.15000000000000002,-0.8,-1.6500000000000004,-0.8500000000000001,0.0,away,9.0
20250817-Hokkaido_Nippon-Ham_Fighters-Tohoku_Rakuten_Golden_Eagles,2025-08-17 17:00:00,2025,Hokkaido Nippon-Ham Fighters,Tohoku Rakuten Golden Eagles,7.0,5.0,Final,楽天モバイル,248,256,0.44039665601821576,0.6,0.55,0.15,1.35,3.8,3.9,3.65,2.55,1.0,1.0,0.04999999999999993,-1.2000000000000002,-0.10000000000000009,1.1,0.0,away,12.0
20250817-Tokyo_Yakult_Swallows-Hiroshima_Toyo_Carp,2025-08-17 18:00:00,2025,Tokyo Yakult Swallows,Hiroshima Toyo Carp,7.0,2.0,Final,マツダスタジアム,249,245,0.48550741300175315,0.4,0.55,-0.45,-0.7,3.55,3.1,4.0,3.8,1.0,1.0,-0.15000000000000002,0.24999999999999994,0.44999999999999973,0.20000000000000018,0.0,away,9.0
20250819-Chunichi_Dragons-Hanshin_Tigers,2025-08-19 18:00:00,2025,Chunichi Dragons,Hanshin Tigers,4.0,5.0,Final,京セラD大阪,254,251,0.7347945272158896,0.65,0.35,0.6,-0.35,3.55,3.0,2.95,3.35,2.0,2.0,0.30000000000000004,0.95,0.5499999999999998,-0.3999999999999999,0.0,home,9.0
20250819-Hiroshima_Toyo_Carp-Yokohama_DeNA_BayStars,2025-08-19 18:00:00,2025,Hiroshima Toyo Carp,Yokohama DeNA BayStars,3.0,1.0,Final,横 浜,263,250,0.611423957603376,0.5,0.4,0.4,-0.65,4.45,3.3,4.05,3.95,2.0,2.0,0.09999999999999998,1.05,1.1500000000000004,0.09999999999999964,0.0,away,4.0
20250819-Orix_Buffaloes-Hokkaido_Nippon-Ham_Fighters,2025-08-19 18:00:00,2025,Orix Buffaloes,Hokkaido Nippon-Ham Fighters,5.0,6.0,Final,エスコンＦ,257,248,0.7232860198403371,0.55,0.35,1.35,-1.75,4.05,2.5,2.7,4.25,2.0,2.0,0.20000000000000007,3.1,1.5499999999999998,-1.5499999999999998,0.0,home,11.0
20250819-Saitama_Seibu_Lions-Fukuoka_SoftBank_Hawks,2025-08-19 18:00:00,2025,Saitama Seibu Lions,Fukuoka SoftBank Hawks,2.0,5.0,Final,みずほPayPay,259,250,0.7981595083203111,0.8,0.375,2.15,-0.6,4.45,3.2,2.3,3.8,2.0,2.0,0.42500000000000004,2.75,1.25,-1.5,0.0,home,7.0
20250819-Tohoku_Rakuten_Golden_Eagles-Chiba_Lotte_Marines,2025-08-19 18:00:00,2025,Tohoku Rakuten Golden Eagles,Chiba Lotte Marines,4.0,3.0,Final,ZOZOマリン,250,249,0.3887137032686238,0.325,0.6,-1.3,0.15,3.2,3.95,4.5,3.8,2.0,2.0,-0.27499999999999997,-1.45,-0.75,0.7000000000000002,0.0,away,7.0
20250819-Yomiuri_Giants-Tokyo_Yakult_Swallows,2025-08-19 18:00:00,2025,Yomiuri Giants,Tokyo Yakult Swallows,15.0,2.0,Final,神 宮,246,257,0.5320372984143068,0.55,0.55,-0.5,0.5,3.1,4.0,3.6,3.5,2.0,2.0,0.0,-1.0,-0.8999999999999999,0.10000000000000009,0.0,away,17.0
20250820-Chunichi_Dragons-Hanshin_Tigers,2025-08-20 18:00:00,2025,Chunichi Dragons,Hanshin Tigers,2.0,1.0,Final,京セラD大阪,255,252,0.7474460223377738,0.7,0.35,0.7,-0.35,3.55,3.15,2.85,3.5,1.0,1.0,0.35,1.0499999999999998,0.3999999999999999,-0.6499999999999999,0.0,away,3.0
20250820-Hiroshima_Toyo_Carp-Yokohama_DeNA_BayStars,2025-08-20 18:00:00,2025,Hiroshima Toyo Carp,Yokohama DeNA BayStars,4.0,7.0,Final,横 浜,264,251,0.5719937948008325,0.45,0.45,0.25,-0.5,4.45,3.15,4.2,3.65,1.0,1.0,0.0,0.75,1.3000000000000003,0.5500000000000003,0.0,home,11.0
20250820-Orix_Buffaloes-Hokkaido_Nippon-Ham_Fighters,2025-08-20 18:00:00,2025,Orix Buffaloes,Hokkaido Nippon-Ham Fighters,5.0,6.0,Final,エスコンＦ,258,249,0.7368448056874636,0.55,0.35,1.3,-1.5,4.25,2.65,2.95,4.15,1.0,1.0,0.20000000000000007,2.8,1.6,-1.2000000000000002,0.0,home,11.0
20250820-Saitama_Seibu_Lions-Fukuoka_SoftBank_Hawks,2025-08-20 18:00:00,2025,Saitama Seibu Lions,Fukuoka SoftBank Hawks,4.0,5.0,Final,みずほPayPay,260,251,0.8072843743657124,0.8,0.375,2.15,-0.6,4.5,3.25,2.35,3.85,1.0,1.0,0.42500000000000004,2.75,1.25,-1.5,0.0,home,9.0
20250820-Tohoku_Rakuten_Golden_Eagles-Chiba_Lotte_Marines,2025-08-20 18:00:00,2025,Tohoku Rakuten Golden Eagles,Chiba Lotte Marines,3.0,5.0,Final,ZOZOマリン,251,250,0.36600656299567974,0.275,0.65,-1.65,0.3,2.95,4.15,4.6,3.85,1.0,1.0,-0.375,-1.95,-1.2000000000000002,0.7499999999999996,0.0,home,8.0
20250820-Yomiuri_Giants-Tokyo_Yakult_Swallows,2025-08-20 18:00:00,2025,Yomiuri Giants,Tokyo Yakult Swallows,2.0,7.0,Final,神 宮,247,258,0.48308526129520774,0.5,0.55,-1.2,1.1,3.1,4.45,4.3,3.35,1.0,1.0,-0.050000000000000044,-2.3,-1.35,0.9499999999999997,0.0,home,9.0
20250821-Hiroshima_Toyo_Carp-Yokohama_DeNA_BayStars,2025-08-21 18:00:00,2025,Hiroshima Toyo Carp,Yokohama DeNA BayStars,5.0,2.0,Final,横 浜,265,252,0.6016140858326536,0.5,0.45,0.5,-0.45,4.8,3.3,4.3,3.75,1.0,1.0,0.04999999999999999,0.95,1.5,0.5499999999999998,0.0,away,7.0
20250821-Orix_Buffaloes-Hokkaido_Nippon-Ham_Fighters,2025-08-21 18:00:00,2025,Orix Buffaloes,Hokkaido Nippon-Ham Fighters,10.0,0.0,Final,エスコンＦ,259,250,0.7493360901868664,0.55,0.35,1.1,-1.45,4.3,2.9,3.2,4.35,1.0,1.0,0.20000000000000007,2.55,1.4,-1.1499999999999995,0.0,away,10.0
20250821-Tohoku_Rakuten_Golden_Eagles-Chiba_Lotte_Marines,2025-08-21 18:00:00,2025,Tohoku Rakuten Golden Eagles,Chiba Lotte Marines,10.0,12.0,Final,ZOZOマリン,252,251,0.40611537494035194,0.275,0.6,-1.65,0.15,3.1,4.15,4.75,4.0,1.0,1.0,-0.32499999999999996,-1.7999999999999998,-1.0500000000000003,0.75,0.0,home,22.0
20250821-Yomiuri_Giants-Tokyo_Yakult_Swallows,2025-08-21 18:00:00,2025,Yomiuri Giants,Tokyo Yakult Swallows,7.0,1.0,Final,神 宮,248,259,0.5247170467728386,0.5,0.5,-1.0,0.65,3.3,4.3,4.3,3.65,1.0,1.0,0.0,-1.65,-1.0,0.6499999999999999,0.0,away,8.0
20250822-Chunichi_Dragons-Hiroshima_Toyo_Carp,2025-08-22 18:00:00,2025,Chunichi Dragons,Hiroshima Toyo Carp,6.0,4.0,Final,マツダスタジアム,253,253,0.5395153943967387,0.5,0.4,-0.25,-0.25,3.3,3.15,3.55,3.4,1.0,2.0,0.09999999999999998,0.0,0.1499999999999999,0.1499999999999999,-1.0,away,10.0
20250822-Fukuoka_SoftBank_Hawks-Hokkaido_Nippon-Ham_Fighters,2025-08-22 18:00:00,2025,Fukuoka SoftBank Hawks,Hokkaido Nippon-Ham Fighters,3.0,4.0,Final,エスコンＦ,260,261,0.4124633177380328,0.55,0.8,0.65,1.8,4.1,4.2,3.45,2.4,1.0,2.0,-0.25,-1.15,-0.10000000000000053,1.0500000000000003,-1.0,home,7.0
20250822-Hanshin_Tigers-Tokyo_Yakult_Swallows,2025-08-22 18:00:00,2025,Hanshin Tigers,Tokyo Yakult Swallows,3.0,1.0,Final,神 宮,249,256,0.37600217216315424,0.45,0.65,-1.5,0.55,3.1,3.5,4.6,2.95,1.0,2.0,-0.2,-2.05,-0.3999999999999999,1.6499999999999995,-1.0,away,4.0
20250822-Orix_Buffaloes-Tohoku_Rakuten_Golden_Eagles,2025-08-22 18:00:00,2025,Orix Buffaloes,Tohoku Rakuten Golden Eagles,2.0,3.0,Final,楽天モバイル,252,251,0.5749197663785509,0.55,0.4,-0.1,-0.55,4.45,3.25,4.55,3.8,1.0,1.0,0.15000000000000002,0.45000000000000007,1.2000000000000002,0.75,0.0,home,5.0
20250822-Saitama_Seibu_Lions-Chiba_Lotte_Marines,2025-08-22 18:00:00,2025,Saitama Seibu Lions,Chiba Lotte Marines,3.0,0.0,Final,ZOZOマリン,253,252,0.5393825347525669,0.325,0.375,-1.3,-0.6,3.7,3.35,5.0,3.95,1.0,2.0,-0.04999999999999999,-0.7000000000000001,0.3500000000000001,1.0499999999999998,-1.0,away,3.0
20250822-Yokohama_DeNA_BayStars-Yomiuri_Giants,2025-08-22 18:00:00,2025,Yokohama DeNA BayStars,Yomiuri Giants,1.0,8.0,Final,東京ドーム,260,266,0.5754008140667769,0.5,0.5,0.9,0.65,4.35,4.85,3.45,4.2,1.0,1.0,0.0,0.25,-0.5,-0.75,0.0,home,9.0
20250823-Fukuoka_SoftBank_Hawks-Hokkaido_Nippon-Ham_Fighters,2025-08-23 14:00:00,2025,Fukuoka SoftBank Hawks,Hokkaido Nippon-Ham Fighters,3.0,8.0,Final,エスコンＦ,261,262,0.4482650055835507,0.6,0.75,0.85,1.65,4.2,4.2,3.35,2.55,1.0,1.0,-0.15000000000000002,-0.7999999999999999,0.0,0.8000000000000003,0.0,home,11.0
20250823-Yokohama_DeNA_BayStars-Yomiuri_Giants,2025-08-23 14:00:00,2025,Yokohama DeNA BayStars,Yomiuri Giants,1.0,4.0,Final,東京ドーム,261,267,0.6121689860808426,0.55,0.5,1.4,0.5,4.5,4.85,3.1,4.35,1.0,1.0,0.050000000000000044,0.8999999999999999,-0.34999999999999964,-1.2499999999999996,0.0,home,5.0
20250823-Chunichi_Dragons-Hiroshima_Toyo_Carp,2025-08-23 18:00:00,2025,Chunichi Dragons,Hiroshima Toyo Carp,5.0,2.0,Final,マツダスタジアム,254,254,0.5035717895735299,0.5,0.4,-0.3,-0.3,3.5,3.05,3.8,3.35,1.0,1.0,0.09999999999999998,0.0,0.4500000000000002,0.44999999999999973,0.0,away,7.0
20250823-Hanshin_Tigers-Tokyo_Yakult_Swallows,2025-08-23 18:00:00,2025,Hanshin Tigers,Tokyo Yakult Swallows,2.0,2.0,Final,神 宮,250,257,0.35274792901940194,0.4,0.65,-1.65,0.35,3.05,3.3,4.7,2.95,1.0,1.0,-0.25,-2.0,-0.25,1.75,0.0,draw,4.0
20250823-Orix_Buffaloes-Tohoku_Rakuten_Golden_Eagles,2025-08-23 18:00:00,2025,Orix Buffaloes,Tohoku Rakuten Golden Eagles,8.0,6.0,Final,楽天モバイル,253,252,0.6005269380668561,0.55,0.4,-0.1,-0.5,4.5,3.3,4.6,3.8,1.0,1.0,0.15000000000000002,0.4,1.2000000000000002,0.7999999999999998,0.0,away,14.0
20250823-Saitama_Seibu_Lions-Chiba_Lotte_Marines,2025-08-23 18:00:00,2025,Saitama Seibu Lions,Chiba Lotte Marines,2.0,0.0,Final,ZOZOマリン,254,253,0.500963080610709,0.275,0.425,-1.5,-0.3,3.45,3.45,4.95,3.75,1.0,1.0,-0.14999999999999997,-1.2,0.0,1.2000000000000002,0.0,away,2.0
20250824-Fukuoka_SoftBank_Hawks-Hokkaido_Nippon-Ham_Fighters,2025-08-24 14:00:00,2025,Fukuoka SoftBank Hawks,Hokkaido Nippon-Ham Fighters,0.0,1.0,Final,エスコンＦ,262,263,0.492544324586613,0.6,0.7,1.05,1.25,4.35,4.1,3.3,2.85,1.0,1.0,-0.09999999999999998,-0.19999999999999996,0.25,0.44999999999999973,0.0,home,1.0
20250824-Yokohama_DeNA_BayStars-Yomiuri_Giants,2025-08-24 14:00:00,2025,Yokohama DeNA BayStars,Yomiuri Giants,4.0,2.0,Final,東京ドーム,262,268,0.6381104601869383,0.55,0.5,1.45,0.4,4.6,4.85,3.15,4.45,1.0,1.0,0.050000000000000044,1.0499999999999998,-0.25,-1.3000000000000003,0.0,away,6.0
20250824-Orix_Buffaloes-Tohoku_Rakuten_Golden_Eagles,2025-08-24 16:00:00,2025,Orix Buffaloes,Tohoku Rakuten Golden Eagles,3.0,2.0,Final,楽天モバイル,254,253,0.5615021018372189,0.5,0.45,-0.35,-0.35,4.4,3.6,4.75,3.95,1.0,1.0,0.04999999999999999,0.0,0.8000000000000003,0.7999999999999998,0.0,away,5.0
20250824-Hanshin_Tigers-Tokyo_Yakult_Swallows,2025-08-24 17:00:00,2025,Hanshin Tigers,Tokyo Yakult Swallows,8.0,1.0,Final,神 宮,251,258,0.360527344338461,0.425,0.625,-1.0,0.3,3.1,3.35,4.1,3.05,1.0,1.0,-0.2,-1.3,-0.25,1.0499999999999998,0.0,away,9.0
20250824-Saitama_Seibu_Lions-Chiba_Lotte_Marines,2025-08-24 17:00:00,2025,Saitama Seibu Lions,Chiba Lotte Marines,0.0,2.0,Final,ZOZOマリン,255,254,0.4675569343468662,0.275,0.425,-1.55,-0.25,3.4,3.4,4.95,3.65,1.0,1.0,-0.14999999999999997,-1.3,0.0,1.3000000000000003,0.0,home,2.0
20250824-Chunichi_Dragons-Hiroshima_Toyo_Carp,2025-08-24 18:00:00,2025,Chunichi Dragons,Hiroshima Toyo Carp,4.0,5.0,Final,マツダスタジアム,255,255,0.4676719879115259,0.5,0.45,-0.2,-0.05,3.6,3.3,3.8,3.35,1.0,1.0,0.04999999999999999,-0.15000000000000002,0.30000000000000027,0.44999999999999973,0.0,home,9.0
20250826-Hanshin_Tigers-Yokohama_DeNA_BayStars,2025-08-26 17:45:00,2025,Hanshin Tigers,Yokohama DeNA BayStars,3.0,2.0,Final,横 浜,269,259,0.3441694322262389,0.5,0.625,-0.15,0.4,4.35,3.5,4.5,3.1,2.0,2.0,-0.125,-0.55,0.8499999999999996,1.4,0.0,away,5.0
20250826-Chiba_Lotte_Marines-Orix_Buffaloes,2025-08-26 18:00:00,2025,Chiba Lotte Marines,Orix Buffaloes,5.0,6.0,Final,京セラD大阪,254,256,0.6070235007482755,0.45,0.325,-0.4,-1.3,3.45,3.25,3.85,4.55,2.0,2.0,0.125,0.9,0.20000000000000018,-0.6999999999999997,0.0,home,11.0
20250826-Fukuoka_SoftBank_Hawks-Tohoku_Rakuten_Golden_Eagles,2025-08-26 18:00:00,2025,Fukuoka SoftBank Hawks,Tohoku Rakuten Golden Eagles,3.0,10.0,Final,弘 前,255,264,0.3223636156293721,0.45,0.7,-0.45,1.25,4.2,3.9,4.65,2.65,2.0,2.0,-0.24999999999999994,-1.7,0.30000000000000027,2.0000000000000004,0.0,home,13.0
20250826-Hokkaido_Nippon-Ham_Fighters-Saitama_Seibu_Lions,2025-08-26 18:00:00,2025,Hokkaido Nippon-Ham Fighters,Saitama Seibu Lions,2.0,2.0,Final,ベルーナドーム,255,263,0.28221774134726496,0.425,0.65,-0.25,1.15,3.2,4.2,3.45,3.05,2.0,2.0,-0.22500000000000003,-1.4,-1.0,0.40000000000000036,0.0,draw,4.0
20250826-Tokyo_Yakult_Swallows-Chunichi_Dragons,2025-08-26 18:00:00,2025,Tokyo Yakult Swallows,Chunichi Dragons,2.0,0.0,Final,バンテリンドーム,256,252,0.5320915986981274,0.4,0.425,-0.15,-1.3,3.15,3.05,3.3,4.35,2.0,2.0,-0.024999999999999967,1.1500000000000001,0.10000000000000009,-1.0499999999999998,0.0,away,2.0
20250826-Yomiuri_Giants-Hiroshima_Toyo_Carp,2025-08-26 18:00:00,2025,Yomiuri Giants,Hiroshima Toyo Carp,1.0,4.0,Final,マツダスタジアム,256,263,0.41991700427903106,0.5,0.55,-0.3,1.4,3.55,4.4,3.85,3.0,2.0,2.0,-0.050000000000000044,-1.7,-0.8500000000000005,0.8500000000000001,0.0,home,5.0
20250827-Hanshin_Tigers-Yokohama_DeNA_BayStars,2025-08-27 17:45:00,2025,Hanshin Tigers,Yokohama DeNA BayStars,2.0,1.0,Final,横 浜,270,260,0.32511657131276234,0.45,0.675,-0.45,0.6,4.1,3.5,4.55,2.9,1.0,1.0,-0.22500000000000003,-1.05,0.5999999999999996,1.65,0.0,away,3.0
20250827-Chiba_Lotte_Marines-Orix_Buffaloes,2025-08-27 18:00:00,2025,Chiba Lotte Marines,Orix Buffaloes,6.0,1.0,Final,ほっと神戸,255,257,0.6300759777265779,0.45,0.325,-0.55,-1.3,3.45,3.25,4.0,4.55,1.0,1.0,0.125,0.75,0.20000000000000018,-0.5499999999999998,0.0,away,7.0
20250827-Fukuoka_SoftBank_Hawks-Tohoku_Rakuten_Golden_Eagles,2025-08-27 18:00:00,2025,Fukuoka SoftBank Hawks,Tohoku Rakuten Golden Eagles,3.0,1.0,Final,秋 田,256,265,0.37765312933158246,0.5,0.65,0.0,0.85,4.65,3.8,4.65,2.95,1.0,1.0,-0.15000000000000002,-0.85,0.8500000000000005,1.7000000000000002,0.0,away,4.0
20250827-Hokkaido_Nippon-Ham_Fighters-Saitama_Seibu_Lions,2025-08-27 18:00:00,2025,Hokkaido Nippon-Ham Fighters,Saitama Seibu Lions,2.0,3.0,Final,ベルーナドーム,256,264,0.29248589168175887,0.45,0.675,-0.05,1.25,3.2,4.2,3.25,2.95,1.0,1.0,-0.22500000000000003,-1.3,-1.0,0.2999999999999998,0.0,home,5.0
20250827-Tokyo_Yakult_Swallows-Chunichi_Dragons,2025-08-27 18:00:00,2025,Tokyo Yakult Swallows,Chunichi Dragons,0.0,3.0,Final,バンテリンドーム,257,253,0.4966054277107274,0.4,0.475,-0.15,-1.0,3.1,3.1,3.25,4.1,1.0,1.0,-0.07499999999999996,0.85,0.0,-0.8499999999999996,0.0,home,3.0
20250827-Yomiuri_Giants-Hiroshima_Toyo_Carp,2025-08-27 18:00:00,2025,Yomiuri Giants,Hiroshima Toyo Carp,2.0,3.0,Final,マツダスタジアム,257,264,0.4607090539281274,0.5,0.55,-0.25,1.5,3.6,4.35,3.85,2.85,1.0,1.0,-0.050000000000000044,-1.75,-0.7499999999999996,1.0,0.0,home,5.0
20250828-Hanshin_Tigers-Yokohama_DeNA_BayStars,2025-08-28 17:45:00,2025,Hanshin Tigers,Yokohama DeNA BayStars,4.0,5.0,Final,横 浜,271,261,0.30763358433761784,0.4,0.675,-0.65,0.6,3.8,3.45,4.45,2.85,1.0,1.0,-0.275,-1.25,0.34999999999999964,1.6,0.0,home,9.0
20250828-Tokyo_Yakult_Swallows-Chunichi_Dragons,2025-08-28 18:00:00,2025,Tokyo Yakult Swallows,Chunichi Dragons,3.0,4.0,Final,バンテリンドーム,258,254,0.5324918966934131,0.4,0.425,-0.3,-1.5,2.95,2.7,3.25,4.2,1.0,1.0,-0.024999999999999967,1.2,0.25,-0.9500000000000002,0.0,home,7.0
20250828-Yomiuri_Giants-Hiroshima_Toyo_Carp,2025-08-28 18:00:00,2025,Yomiuri Giants,Hiroshima Toyo Carp,3.0,8.0,Final,マツダスタジアム,258,265,0.49415575268459655,0.55,0.55,0.1,1.6,3.75,4.25,3.65,2.65,1.0,1.0,0.0,-1.5,-0.5,1.0,0.0,home,11.0
20250829-Chunichi_Dragons-Yokohama_DeNA_BayStars,2025-08-29 18:00:00,2025,Chunichi Dragons,Yokohama DeNA BayStars,9.0,8.0,Final,横 浜,272,259,0.525842391245071,0.45,0.45,-0.55,-0.2,3.9,3.1,4.45,3.3,1.0,1.0,0.0,-0.35000000000000003,0.7999999999999998,1.1500000000000004,0.0,away,17.0
20250829-Fukuoka_SoftBank_Hawks-Chiba_Lotte_Marines,2025-08-29 18:00:00,2025,Fukuoka SoftBank Hawks,Chiba Lotte Marines,3.0,1.0,Final,ZOZOマリン,258,266,0.2826907080121986,0.375,0.65,-0.6,0.85,3.45,3.8,4.05,2.95,2.0,2.0,-0.275,-1.45,-0.34999999999999964,1.0999999999999996,0.0,away,4.0
20250829-Hiroshima_Toyo_Carp-Tokyo_Yakult_Swallows,2025-08-29 18:00:00,2025,Hiroshima Toyo Carp,Tokyo Yakult Swallows,4.0,2.0,Final,神 宮,255,259,0.4809153402108402,0.425,0.55,-1.4,0.3,2.75,4.05,4.15,3.75,1.0,1.0,-0.12500000000000006,-1.7,-1.2999999999999998,0.40000000000000036,0.0,away,6.0
20250829-Orix_Buffaloes-Saitama_Seibu_Lions,2025-08-29 18:00:00,2025,Orix Buffaloes,Saitama Seibu Lions,8.0,1.0,Final,ベルーナドーム,257,256,0.5160065982471052,0.45,0.4,-0.45,-0.9,2.8,3.3,3.25,4.2,2.0,2.0,0.04999999999999999,0.45,-0.5,-0.9500000000000002,0.0,away,9.0
20250829-Tohoku_Rakuten_Golden_Eagles-Hokkaido_Nippon-Ham_Fighters,2025-08-29 18:00:00,2025,Tohoku Rakuten Golden Eagles,Hokkaido Nippon-Ham Fighters,0.0,5.0,Final,エスコンＦ,265,257,0.6835456655723327,0.625,0.5,0.9,0.05,3.95,4.6,3.05,4.55,2.0,2.0,0.125,0.85,-0.6499999999999995,-1.5,0.0,home,5.0
20250829-Yomiuri_Giants-Hanshin_Tigers,2025-08-29 18:00:00,2025,Yomiuri Giants,Hanshin Tigers,4.0,3.0,Final,甲子園,262,266,0.694650896499778,0.625,0.5,0.35,1.3,3.4,4.2,3.05,2.9,1.0,1.0,0.125,-0.9500000000000001,-0.8000000000000003,0.1499999999999999,0.0,away,7.0
20250830-Tohoku_Rakuten_Golden_Eagles-Hokkaido_Nippon-Ham_Fighters,2025-08-30 14:00:00,2025,Tohoku Rakuten Golden Eagles,Hokkaido Nippon-Ham Fighters,6.0,2.0,Final,エスコンＦ,266,258,0.7051881606816607,0.625,0.5,0.7,0.15,3.75,4.55,3.05,4.4,1.0,1.0,0.125,0.5499999999999999,-0.7999999999999998,-1.3500000000000005,0.0,away,8.0
20250830-Orix_Buffaloes-Saitama_Seibu_Lions,2025-08-30 17:00:00,2025,Orix Buffaloes,Saitama Seibu Lions,7.0,1.0,Final,ベルーナドーム,258,257,0.4697113855925072,0.425,0.45,-0.8,-0.25,2.6,3.65,3.4,3.9,1.0,1.0,-0.025000000000000022,-0.55,-1.0499999999999998,-0.5,0.0,away,8.0
20250830-Chunichi_Dragons-Yokohama_DeNA_BayStars,2025-08-30 18:00:00,2025,Chunichi Dragons,Yokohama DeNA BayStars,9.0,7.0,Final,横 浜,273,260,0.4931743483345076,0.4,0.5,-0.65,0.05,4.05,3.45,4.7,3.4,1.0,1.0,-0.09999999999999998,-0.7000000000000001,0.5999999999999996,1.3000000000000003,0.0,away,16.0
20250830-Fukuoka_SoftBank_Hawks-Chiba_Lotte_Marines,2025-08-30 18:00:00,2025,Fukuoka SoftBank Hawks,Chiba Lotte Marines,4.0,6.0,Final,ZOZOマリン,259,267,0.26763392947751574,0.35,0.65,-0.7,0.8,3.25,3.7,3.95,2.9,1.0,1.0,-0.30000000000000004,-1.5,-0.4500000000000002,1.0500000000000003,0.0,home,10.0
20250830-Hiroshima_Toyo_Carp-Tokyo_Yakult_Swallows,2025-08-30 18:00:00,2025,Hiroshima Toyo Carp,Tokyo Yakult Swallows,4.0,5.0,Final,神 宮,256,260,0.44897124054975573,0.425,0.6,-1.4,0.45,2.85,4.05,4.25,3.6,1.0,1.0,-0.175,-1.8499999999999999,-1.1999999999999997,0.6499999999999999,0.0,home,9.0
20250830-Yomiuri_Giants-Hanshin_Tigers,2025-08-30 18:00:00,2025,Yomiuri Giants,Hanshin Tigers,2.0,3.0,Final,甲子園,263,267,0.6568320701742596,0.625,0.5,0.65,1.2,3.5,4.15,2.85,2.95,1.0,1.0,0.125,-0.5499999999999999,-0.6500000000000004,-0.10000000000000009,0.0,home,5.0
20250831-Tohoku_Rakuten_Golden_Eagles-Hokkaido_Nippon-Ham_Fighters,2025-08-31 13:00:00,2025,Tohoku Rakuten Golden Eagles,Hokkaido Nippon-Ham Fighters,1.0,0.0,Final,エスコンＦ,267,259,0.6587641239151717,0.575,0.5,0.25,0.3,3.55,4.8,3.3,4.5,1.0,1.0,0.07499999999999996,-0.04999999999999999,-1.25,-1.2000000000000002,0.0,away,1.0
20250831-Fukuoka_SoftBank_Hawks-Chiba_Lotte_Marines,2025-08-31 16:00:00,2025,Fukuoka SoftBank Hawks,Chiba Lotte Marines,3.0,4.0,Final,ZOZOマリン,260,268,0.30766775276683817,0.35,0.6,-0.65,0.35,3.45,3.5,4.1,3.15,1.0,1.0,-0.25,-1.0,-0.04999999999999982,0.9499999999999997,0.0,home,7.0
20250831-Hiroshima_Toyo_Carp-Tokyo_Yakult_Swallows,2025-08-31 17:00:00,2025,Hiroshima Toyo Carp,Tokyo Yakult Swallows,4.0,7.0,Final,神 宮,257,261,0.4830567937673511,0.425,0.55,-1.4,0.25,2.95,3.85,4.35,3.6,1.0,1.0,-0.12500000000000006,-1.65,-0.8999999999999999,0.7499999999999996,0.0,home,11.0
20250831-Orix_Buffaloes-Saitama_Seibu_Lions,2025-08-31 17:00:00,2025,Orix Buffaloes,Saitama Seibu Lions,4.0,1.0,Final,ベルーナドーム,259,258,0.43011733499071897,0.425,0.5,-1.05,0.5,2.6,4.0,3.65,3.5,1.0,1.0,-0.07500000000000001,-1.55,-1.4,0.1499999999999999,0.0,away,5.0
20250831-Chunichi_Dragons-Yokohama_DeNA_BayStars,2025-08-31 18:00:00,2025,Chunichi Dragons,Yokohama DeNA BayStars,0.0,2.0,Final,横 浜,274,261,0.46032580419938607,0.4,0.55,-0.6,0.2,4.15,3.8,4.75,3.6,1.0,1.0,-0.15000000000000002,-0.8,0.35000000000000053,1.15,0.0,home,2.0
20250831-Yomiuri_Giants-Hanshin_Tigers,2025-08-31 18:00:00,2025,Yomiuri Giants,Hanshin Tigers,4.0,5.0,Final,甲子園,264,268,0.675802327662044,0.625,0.45,0.5,1.05,3.35,4.15,2.85,3.1,1.0,1.0,0.175,-0.55,-0.8000000000000003,-0.25,0.0,home,9.0
20250902-Hanshin_Tigers-Chunichi_Dragons,2025-09-02 18:00:00,2025,Hanshin Tigers,Chunichi Dragons,5.0,3.0,Final,バンテリンドーム,262,265,0.36243856278615444,0.5,0.625,-0.15,0.5,3.4,3.45,3.55,2.95,2.0,2.0,-0.125,-0.65,-0.050000000000000266,0.5999999999999996,0.0,away,8.0
20250902-Hokkaido_Nippon-Ham_Fighters-Chiba_Lotte_Marines,2025-09-02 18:00:00,2025,Hokkaido Nippon-Ham Fighters,Chiba Lotte Marines,8.0,6.0,Final,ZOZOマリン,261,268,0.35745972775353424,0.35,0.525,-0.75,0.0,3.35,3.35,4.1,3.35,2.0,2.0,-0.17500000000000004,-0.75,0.0,0.7499999999999996,0.0,away,14.0
20250902-Orix_Buffaloes-Fukuoka_SoftBank_Hawks,2025-09-02 18:00:00,2025,Orix Buffaloes,Fukuoka SoftBank Hawks,1.0,2.0,Final,みずほPayPay,269,259,0.6380380332266871,0.6,0.55,0.45,0.7,3.5,4.2,3.05,3.5,2.0,2.0,0.04999999999999993,-0.24999999999999994,-0.7000000000000002,-0.4500000000000002,0.0,home,3.0
20250902-Saitama_Seibu_Lions-Tohoku_Rakuten_Golden_Eagles,2025-09-02 18:00:00,2025,Saitama Seibu Lions,Tohoku Rakuten Golden Eagles,2.0,0.0,Final,楽天モバイル,260,260,0.6581039856671209,0.5,0.425,0.3,-0.95,4.75,2.6,4.45,3.55,2.0,2.0,0.07500000000000001,1.25,2.15,0.9000000000000004,0.0,away,2.0
20250902-Tokyo_Yakult_Swallows-Yomiuri_Giants,2025-09-02 18:00:00,2025,Tokyo Yakult Swallows,Yomiuri Giants,1.0,4.0,Final,京セラD大阪,269,258,0.5516604474232752,0.45,0.425,1.05,-1.35,4.25,3.15,3.2,4.5,2.0,2.0,0.025000000000000022,2.4000000000000004,1.1,-1.2999999999999998,0.0,home,5.0
20250902-Yokohama_DeNA_BayStars-Hiroshima_Toyo_Carp,2025-09-02 18:00:00,2025,Yokohama DeNA BayStars,Hiroshima Toyo Carp,8.0,5.0,Final,マツダスタジアム,262,275,0.5419278113931891,0.55,0.4,0.3,-0.7,3.8,3.8,3.5,4.5,2.0,2.0,0.15000000000000002,1.0,0.0,-1.0,0.0,away,13.0
20250903-Hanshin_Tigers-Chunichi_Dragons,2025-09-03 18:00:00,2025,Hanshin Tigers,Chunichi Dragons,2.0,5.0,Final,バンテリンドーム,263,266,0.34037962083953693,0.5,0.675,-0.2,0.85,3.45,3.55,3.65,2.7,1.0,1.0,-0.17500000000000004,-1.05,-0.09999999999999964,0.9499999999999997,0.0,home,7.0
20250903-Hokkaido_Nippon-Ham_Fighters-Chiba_Lotte_Marines,2025-09-03 18:00:00,2025,Hokkaido Nippon-Ham Fighters,Chiba Lotte Marines,1.0,2.0,Final,ZOZOマリン,262,269,0.3358408904091323,0.35,0.575,-0.4,0.2,3.5,3.75,3.9,3.55,1.0,1.0,-0.22499999999999998,-0.6000000000000001,-0.25,0.3500000000000001,0.0,home,3.0
20250903-Orix_Buffaloes-Fukuoka_SoftBank_Hawks,2025-09-03 18:00:00,2025,Orix Buffaloes,Fukuoka SoftBank Hawks,1.0,7.0,Final,みずほPayPay,270,260,0.6585571884201358,0.6,0.55,0.05,0.7,3.0,4.2,2.95,3.5,1.0,1.0,0.04999999999999993,-0.6499999999999999,-1.2000000000000002,-0.5499999999999998,0.0,home,8.0
20250903-Saitama_Seibu_Lions-Tohoku_Rakuten_Golden_Eagles,2025-09-03 18:00:00,2025,Saitama Seibu Lions,Tohoku Rakuten Golden Eagles,11.0,6.0,Final,楽天モバイル,261,261,0.6175298562947381,0.45,0.475,0.0,-0.65,4.4,2.7,4.4,3.35,1.0,1.0,-0.024999999999999967,0.65,1.7000000000000002,1.0500000000000003,0.0,away,17.0
20250903-Tokyo_Yakult_Swallows-Yomiuri_Giants,2025-09-03 18:00:00,2025,Tokyo Yakult Swallows,Yomiuri Giants,3.0,5.0,Final,京セラD大阪,270,259,0.5830707538287077,0.45,0.425,0.7,-1.3,3.85,3.1,3.15,4.4,1.0,1.0,0.025000000000000022,2.0,0.75,-1.2500000000000004,0.0,home,8.0
20250903-Yokohama_DeNA_BayStars-Hiroshima_Toyo_Carp,2025-09-03 18:00:00,2025,Yokohama DeNA BayStars,Hiroshima Toyo Carp,1.0,2.0,Final,マツダスタジアム,263,276,0.5033435718893079,0.5,0.45,0.1,-0.05,3.9,4.1,3.8,4.15,1.0,1.0,0.04999999999999999,0.15000000000000002,-0.19999999999999973,-0.35000000000000053,0.0,home,3.0
20250904-Hanshin_Tigers-Chunichi_Dragons,2025-09-04 18:00:00,2025,Hanshin Tigers,Chunichi Dragons,7.0,5.0,Final,バンテリンドーム,264,267,0.3838430948431541,0.5,0.675,-0.15,0.8,3.6,3.6,3.75,2.8,1.0,1.0,-0.17500000000000004,-0.9500000000000001,0.0,0.9500000000000002,0.0,away,12.0
20250904-Hokkaido_Nippon-Ham_Fighters-Chiba_Lotte_Marines,2025-09-04 18:00:00,2025,Hokkaido Nippon-Ham Fighters,Chiba Lotte Marines,9.0,2.0,Final,ZOZOマリン,263,270,0.37361913192384405,0.4,0.575,-0.3,0.3,3.55,3.75,3.85,3.45,1.0,1.0,-0.17499999999999993,-0.6,-0.20000000000000018,0.3999999999999999,0.0,away,11.0
20250904-Orix_Buffaloes-Fukuoka_SoftBank_Hawks,2025-09-04 18:00:00,2025,Orix Buffaloes,Fukuoka SoftBank Hawks,0.0,8.0,Final,みずほPayPay,271,261,0.6842189615065947,0.6,0.55,0.3,0.6,3.25,4.1,2.95,3.5,1.0,1.0,0.04999999999999993,-0.3,-0.8499999999999996,-0.5499999999999998,0.0,home,8.0
20250904-Tokyo_Yakult_Swallows-Yomiuri_Giants,2025-09-04 18:00:00,2025,Tokyo Yakult Swallows,Yomiuri Giants,12.0,1.0,Final,岐 阜,271,260,0.6098671333503338,0.45,0.425,0.75,-1.25,3.9,3.15,3.15,4.4,1.0,1.0,0.025000000000000022,2.0,0.75,-1.2500000000000004,0.0,away,13.0
20250904-Yokohama_DeNA_BayStars-Hiroshima_Toyo_Carp,2025-09-04 18:00:00,2025,Yokohama DeNA BayStars,Hiroshima Toyo Carp,1.0,0.0,Final,マツダスタジアム,264,277,0.5341673189629701,0.55,0.45,0.25,-0.05,4.0,4.0,3.75,4.05,1.0,1.0,0.10000000000000003,0.3,0.0,-0.2999999999999998,0.0,away,1.0
20250905-Chiba_Lotte_Marines-Saitama_Seibu_Lions,2025-09-05 18:00:00,2025,Chiba Lotte Marines,Saitama Seibu Lions,3.0,5.0,Final,ベルーナドーム,262,264,0.5294111815793643,0.475,0.4,-0.5,-0.6,3.15,3.55,3.65,4.15,2.0,1.0,0.07499999999999996,0.09999999999999998,-0.3999999999999999,-0.5000000000000004,1.0,home,8.0
20250905-Hiroshima_Toyo_Carp-Hanshin_Tigers,2025-09-05 18:00:00,2025,Hiroshima Toyo Carp,Hanshin Tigers,1.0,6.0,Final,甲子園,268,265,0.7230455166811748,0.675,0.5,0.7,0.15,3.65,3.7,2.95,3.55,1.0,1.0,0.17500000000000004,0.5499999999999999,-0.050000000000000266,-0.5999999999999996,0.0,home,7.0
20250905-Hokkaido_Nippon-Ham_Fighters-Orix_Buffaloes,2025-09-05 18:00:00,2025,Hokkaido Nippon-Ham Fighters,Orix Buffaloes,0.0,2.0,Final,京セラD大阪,262,271,0.38278491109805385,0.5,0.625,0.15,0.7,3.95,4.2,3.8,3.5,1.0,1.0,-0.125,-0.5499999999999999,-0.25,0.2999999999999998,0.0,home,2.0
20250905-Tohoku_Rakuten_Golden_Eagles-Fukuoka_SoftBank_Hawks,2025-09-05 18:00:00,2025,Tohoku Rakuten Golden Eagles,Fukuoka SoftBank Hawks,0.0,11.0,Final,みずほPayPay,272,262,0.7099659406299281,0.6,0.45,0.55,0.0,3.45,4.5,2.9,4.5,1.0,2.0,0.14999999999999997,0.55,-1.0499999999999998,-1.6,-1.0,home,11.0
20250905-Tokyo_Yakult_Swallows-Yokohama_DeNA_BayStars,2025-09-05 18:00:00,2025,Tokyo Yakult Swallows,Yokohama DeNA BayStars,6.0,7.0,Final,横 浜,278,261,0.5465787401098051,0.5,0.425,0.25,-0.95,3.85,3.3,3.6,4.25,1.0,1.0,0.07500000000000001,1.2,0.5500000000000003,-0.6499999999999999,0.0,home,13.0
20250905-Yomiuri_Giants-Chunichi_Dragons,2025-09-05 18:00:00,2025,Yomiuri Giants,Chunichi Dragons,0.0,1.0,Final,バンテリンドーム,265,272,0.5305620847992606,0.5,0.45,-0.2,0.3,3.6,3.95,3.8,3.65,1.0,1.0,0.04999999999999999,-0.5,-0.3500000000000001,0.1499999999999999,0.0,home,1.0
20250906-Hokkaido_Nippon-Ham_Fighters-Orix_Buffaloes,2025-09-06 14:00:00,2025,Hokkaido Nippon-Ham Fighters,Orix Buffaloes,1.0,3.0,Final,京セラD大阪,263,272,0.42241039344682274,0.5,0.625,0.15,0.7,3.8,4.15,3.65,3.45,1.0,1.0,-0.125,-0.5499999999999999,-0.35000000000000053,0.19999999999999973,0.0,home,4.0
20250906-Tohoku_Rakuten_Golden_Eagles-Fukuoka_SoftBank_Hawks,2025-09-06 14:00:00,2025,Tohoku Rakuten Golden Eagles,Fukuoka SoftBank Hawks,1.0,2.0,Final,みずほPayPay,273,263,0.7314655929738698,0.6,0.4,1.05,-0.8,3.95,4.05,2.9,4.85,1.0,1.0,0.19999999999999996,1.85,-0.09999999999999964,-1.9499999999999997,0.0,home,3.0
20250906-Yomiuri_Giants-Chunichi_Dragons,2025-09-06 14:00:00,2025,Yomiuri Giants,Chunichi Dragons,5.0,4.0,Final,バンテリンドーム,266,273,0.5595017957475059,0.5,0.4,-0.25,0.0,3.55,3.7,3.8,3.7,1.0,1.0,0.09999999999999998,-0.25,-0.15000000000000036,0.09999999999999964,0.0,away,9.0
20250906-Chiba_Lotte_Marines-Saitama_Seibu_Lions,2025-09-06 17:00:00,2025,Chiba Lotte Marines,Saitama Seibu Lions,0.0,4.0,Final,ベルーナドーム,263,265,0.5605698071174575,0.475,0.4,-0.65,-0.6,2.95,3.55,3.6,4.15,1.0,1.0,0.07499999999999996,-0.050000000000000044,-0.5999999999999996,-0.5500000000000003,0.0,home,4.0
20250906-Hiroshima_Toyo_Carp-Hanshin_Tigers,2025-09-06 18:00:00,2025,Hiroshima Toyo Carp,Hanshin Tigers,1.0,4.0,Final,甲子園,269,266,0.7405633402278899,0.675,0.45,0.8,-0.45,3.7,3.3,2.9,3.75,1.0,1.0,0.22500000000000003,1.25,0.40000000000000036,-0.8500000000000001,0.0,home,5.0
20250906-Tokyo_Yakult_Swallows-Yokohama_DeNA_BayStars,2025-09-06 18:00:00,2025,Tokyo Yakult Swallows,Yokohama DeNA BayStars,3.0,2.0,Final,横 浜,279,262,0.5743479533891572,0.55,0.375,0.4,-1.1,4.15,3.45,3.75,4.55,1.0,1.0,0.17500000000000004,1.5,0.7000000000000002,-0.7999999999999998,0.0,away,5.0
20250907-Hokkaido_Nippon-Ham_Fighters-Orix_Buffaloes,2025-09-07 13:00:00,2025,Hokkaido Nippon-Ham Fighters,Orix Buffaloes,2.0,3.0,Final,京セラD大阪,264,273,0.46042988682299607,0.55,0.575,0.4,0.55,3.75,4.05,3.35,3.5,1.0,1.0,-0.02499999999999991,-0.15000000000000002,-0.2999999999999998,-0.1499999999999999,0.0,home,5.0
20250907-Tohoku_Rakuten_Golden_Eagles-Fukuoka_SoftBank_Hawks,2025-09-07 13:00:00,2025,Tohoku Rakuten Golden Eagles,Fukuoka SoftBank Hawks,4.0,2.0,Final,みずほPayPay,274,264,0.744378165790463,0.6,0.4,1.0,-0.8,3.9,3.9,2.9,4.7,1.0,1.0,0.19999999999999996,1.8,0.0,-1.8000000000000003,0.0,away,6.0
20250907-Yomiuri_Giants-Chunichi_Dragons,2025-09-07 13:30:00,2025,Yomiuri Giants,Chunichi Dragons,6.0,3.0,Final,バンテリンドーム,267,274,0.5249801638244658,0.5,0.45,-0.05,0.1,3.75,3.8,3.8,3.7,1.0,1.0,0.04999999999999999,-0.15000000000000002,-0.04999999999999982,0.09999999999999964,0.0,away,9.0
20250907-Chiba_Lotte_Marines-Saitama_Seibu_Lions,2025-09-07 18:00:00,2025,Chiba Lotte Marines,Saitama Seibu Lions,4.0,2.0,Final,ベルーナドーム,264,266,0.5931579904249337,0.525,0.4,-0.2,-0.75,2.95,3.45,3.15,4.2,1.0,1.0,0.125,0.55,-0.5,-1.0500000000000003,0.0,away,6.0
20250907-Hiroshima_Toyo_Carp-Hanshin_Tigers,2025-09-07 18:00:00,2025,Hiroshima Toyo Carp,Hanshin Tigers,0.0,2.0,Final,甲子園,270,267,0.7545397753986884,0.725,0.45,1.3,-0.5,3.8,3.35,2.5,3.85,1.0,1.0,0.27499999999999997,1.8,0.44999999999999973,-1.35,0.0,home,2.0
20250907-Tokyo_Yakult_Swallows-Yokohama_DeNA_BayStars,2025-09-07 18:00:00,2025,Tokyo Yakult Swallows,Yokohama DeNA BayStars,2.0,3.0,Final,横 浜,280,263,0.5391161049003743,0.5,0.425,-0.05,-0.65,3.75,3.5,3.8,4.15,1.0,1.0,0.07500000000000001,0.6,0.25,-0.35000000000000053,0.0,home,5.0
20250908-Orix_Buffaloes-Chiba_Lotte_Marines,2025-09-08 18:00:00,2025,Orix Buffaloes,Chiba Lotte Marines,2.0,4.0,Final,ZOZOマリン,267,265,0.4169951988726293,0.45,0.6,-0.4,0.65,3.45,3.85,3.85,3.2,1.0,1.0,-0.14999999999999997,-1.05,-0.3999999999999999,0.6499999999999999,0.0,home,6.0
20250909-Chunichi_Dragons-Tokyo_Yakult_Swallows,2025-09-09 18:00:00,2025,Chunichi Dragons,Tokyo Yakult Swallows,2.0,3.0,Final,神 宮,264,268,0.5111959070777744,0.375,0.45,-0.75,-0.25,3.5,3.7,4.25,3.95,2.0,2.0,-0.07500000000000001,-0.5,-0.20000000000000018,0.2999999999999998,0.0,home,5.0
20250909-Fukuoka_SoftBank_Hawks-Hokkaido_Nippon-Ham_Fighters,2025-09-09 18:00:00,2025,Fukuoka SoftBank Hawks,Hokkaido Nippon-Ham Fighters,4.0,7.0,Final,エスコンＦ,274,275,0.4303324383276286,0.525,0.55,0.25,0.8,3.7,3.75,3.45,2.95,2.0,2.0,-0.025000000000000022,-0.55,-0.04999999999999982,0.5,0.0,home,11.0
20250909-Hiroshima_Toyo_Carp-Yomiuri_Giants,2025-09-09 18:00:00,2025,Hiroshima Toyo Carp,Yomiuri Giants,4.0,6.0,Final,東京ドーム,275,268,0.6134953777483518,0.45,0.45,0.2,-0.55,3.8,3.3,3.6,3.85,2.0,2.0,0.0,0.75,0.5,-0.25,0.0,home,10.0
20250909-Orix_Buffaloes-Chiba_Lotte_Marines,2025-09-09 18:00:00,2025,Orix Buffaloes,Chiba Lotte Marines,7.0,3.0,Final,ZOZOマリン,268,266,0.45526985201243725,0.5,0.55,-0.05,0.5,3.6,3.9,3.65,3.4,1.0,1.0,-0.050000000000000044,-0.55,-0.2999999999999998,0.25,0.0,away,10.0
20250909-Saitama_Seibu_Lions-Tohoku_Rakuten_Golden_Eagles,2025-09-09 18:00:00,2025,Saitama Seibu Lions,Tohoku Rakuten Golden Eagles,5.0,6.0,Final,楽天モバイル,265,265,0.5602540809714596,0.4,0.475,-0.85,-0.35,3.75,2.8,4.6,3.15,2.0,2.0,-0.07499999999999996,-0.5,0.9500000000000002,1.4499999999999997,0.0,home,11.0
20250909-Yokohama_DeNA_BayStars-Hanshin_Tigers,2025-09-09 18:00:00,2025,Yokohama DeNA BayStars,Hanshin Tigers,3.0,0.0,Final,甲子園,271,281,0.7151896335282981,0.725,0.5,1.3,-0.05,3.8,3.7,2.5,3.75,2.0,2.0,0.22499999999999998,1.35,0.09999999999999964,-1.25,0.0,away,3.0
20250910-Chunichi_Dragons-Tokyo_Yakult_Swallows,2025-09-10 18:00:00,2025,Chunichi Dragons,Tokyo Yakult Swallows,6.0,3.0,Final,神 宮,265,269,0.5414909990427207,0.425,0.45,-0.6,-0.25,3.5,3.65,4.1,3.9,1.0,1.0,-0.025000000000000022,-0.35,-0.1499999999999999,0.19999999999999973,0.0,away,9.0
20250910-Hiroshima_Toyo_Carp-Yomiuri_Giants,2025-09-10 18:00:00,2025,Hiroshima Toyo Carp,Yomiuri Giants,3.0,4.0,Final,東京ドーム,276,269,0.6376697061015082,0.5,0.4,0.45,-0.75,4.1,3.25,3.65,4.0,1.0,1.0,0.09999999999999998,1.2,0.8499999999999996,-0.3500000000000001,0.0,home,7.0
20250910-Saitama_Seibu_Lions-Tohoku_Rakuten_Golden_Eagles,2025-09-10 18:00:00,2025,Saitama Seibu Lions,Tohoku Rakuten Golden Eagles,,,Postponed,楽天モバイル,266,266,0.586993145388889,0.4,0.475,-1.0,-0.3,3.8,2.9,4.8,3.2,1.0,1.0,-0.07499999999999996,-0.7,0.8999999999999999,1.5999999999999996,0.0,,
20250910-Yokohama_DeNA_BayStars-Hanshin_Tigers,2025-09-10 18:00:00,2025,Yokohama DeNA BayStars,Hanshin Tigers,6.0,1.0,Final,甲子園,272,282,0.6718408576354284,0.725,0.5,1.2,-0.2,3.55,3.55,2.35,3.75,1.0,1.0,0.22499999999999998,1.4,0.0,-1.4,0.0,away,7.0
20250911-Chunichi_Dragons-Tokyo_Yakult_Swallows,2025-09-11 18:00:00,2025,Chunichi Dragons,Tokyo Yakult Swallows,5.0,6.0,Final,神 宮,266,270,0.5029348944233929,0.375,0.5,-1.0,0.2,3.3,3.95,4.3,3.75,1.0,1.0,-0.125,-1.2,-0.6500000000000004,0.5499999999999998,0.0,home,11.0
20250911-Fukuoka_SoftBank_Hawks-Chiba_Lotte_Marines,2025-09-11 18:00:00,2025,Fukuoka SoftBank Hawks,Chiba Lotte Marines,1.0,9.0,Final,ZOZOマリン,269,276,0.3142535214360992,0.45,0.55,-0.5,0.7,3.4,3.85,3.9,3.15,2.0,2.0,-0.10000000000000003,-1.2,-0.4500000000000002,0.75,0.0,home,10.0
20250911-Hiroshima_Toyo_Carp-Yomiuri_Giants,2025-09-11 18:00:00,2025,Hiroshima Toyo Carp,Yomiuri Giants,3.0,2.0,Final,東京ドーム,277,270,0.658219161915714,0.55,0.4,0.6,-0.55,4.25,3.3,3.65,3.85,1.0,1.0,0.15000000000000002,1.15,0.9500000000000002,-0.20000000000000018,0.0,away,5.0
20250911-Orix_Buffaloes-Hokkaido_Nippon-Ham_Fighters,2025-09-11 18:00:00,2025,Orix Buffaloes,Hokkaido Nippon-Ham Fighters,4.0,10.0,Final,エスコンＦ,275,267,0.5853291604300891,0.575,0.6,0.5,0.75,4.0,4.25,3.5,3.5,2.0,2.0,-0.025000000000000022,-0.25,-0.25,0.0,0.0,home,14.0
20250911-Yokohama_DeNA_BayStars-Hanshin_Tigers,2025-09-11 18:00:00,2025,Yokohama DeNA BayStars,Hanshin Tigers,0.0,2.0,Final,甲子園,273,283,0.6224468544251606,0.675,0.5,0.8,0.0,3.45,3.6,2.65,3.6,1.0,1.0,0.17500000000000004,0.8,-0.1499999999999999,-0.9500000000000002,0.0,home,2.0
20250912-Chiba_Lotte_Marines-Tohoku_Rakuten_Golden_Eagles,2025-09-12 18:00:00,2025,Chiba Lotte Marines,Tohoku Rakuten Golden Eagles,3.0,6.0,Final,楽天モバイル,266,270,0.5659518483515017,0.4,0.5,-1.0,-0.05,3.8,3.85,4.8,3.9,3.0,1.0,-0.09999999999999998,-0.95,-0.050000000000000266,0.8999999999999999,2.0,home,9.0
20250912-Chunichi_Dragons-Hiroshima_Toyo_Carp,2025-09-12 18:00:00,2025,Chunichi Dragons,Hiroshima Toyo Carp,0.0,9.0,Final,マツダスタジアム,271,271,0.49092594120504013,0.4,0.5,-0.6,0.2,3.3,4.0,3.9,3.8,1.0,1.0,-0.09999999999999998,-0.8,-0.7000000000000002,0.10000000000000009,0.0,home,9.0
20250912-Saitama_Seibu_Lions-Hokkaido_Nippon-Ham_Fighters,2025-09-12 18:00:00,2025,Saitama Seibu Lions,Hokkaido Nippon-Ham Fighters,7.0,3.0,Final,エスコンＦ,276,266,0.6917101525921479,0.575,0.475,0.6,-0.3,4.05,2.9,3.45,3.2,1.0,3.0,0.09999999999999998,0.8999999999999999,1.15,0.25,-2.0,away,10.0
20250912-Yokohama_DeNA_BayStars-Tokyo_Yakult_Swallows,2025-09-12 18:00:00,2025,Yokohama DeNA BayStars,Tokyo Yakult Swallows,10.0,2.0,Final,神 宮,267,284,0.4611221928796976,0.425,0.5,-0.3,0.0,3.5,3.55,3.8,3.55,1.0,1.0,-0.07500000000000001,-0.3,-0.04999999999999982,0.25,0.0,away,12.0
20250913-Chiba_Lotte_Marines-Tohoku_Rakuten_Golden_Eagles,2025-09-13 14:00:00,2025,Chiba Lotte Marines,Tohoku Rakuten Golden Eagles,6.0,4.0,Final,楽天モバイル,267,271,0.5961101305104404,0.4,0.5,-0.95,-0.15,3.95,3.85,4.9,4.0,1.0,1.0,-0.09999999999999998,-0.7999999999999999,0.10000000000000009,0.9000000000000004,0.0,away,10.0
20250913-Chunichi_Dragons-Hiroshima_Toyo_Carp,2025-09-13 14:00:00,2025,Chunichi Dragons,Hiroshima Toyo Carp,0.0,5.0,Final,マツダスタジアム,272,272,0.537740478477758,0.45,0.5,0.0,-0.2,3.55,3.8,3.55,4.0,1.0,1.0,-0.04999999999999999,0.2,-0.25,-0.4500000000000002,0.0,home,5.0
20250913-Hanshin_Tigers-Yomiuri_Giants,2025-09-13 14:00:00,2025,Hanshin Tigers,Yomiuri Giants,10.0,11.0,Final,東京ドーム,278,274,0.39255525149564985,0.5,0.675,-0.1,0.8,3.6,3.4,3.7,2.6,2.0,2.0,-0.17500000000000004,-0.9,0.20000000000000018,1.1,0.0,home,21.0
20250913-Saitama_Seibu_Lions-Hokkaido_Nippon-Ham_Fighters,2025-09-13 14:00:00,2025,Saitama Seibu Lions,Hokkaido Nippon-Ham Fighters,4.0,5.0,Final,エスコンＦ,277,267,0.6451728220069399,0.525,0.475,0.3,-0.15,3.85,3.1,3.55,3.25,1.0,1.0,0.050000000000000044,0.44999999999999996,0.75,0.2999999999999998,0.0,home,9.0
20250913-Fukuoka_SoftBank_Hawks-Orix_Buffaloes,2025-09-13 18:00:00,2025,Fukuoka SoftBank Hawks,Orix Buffaloes,2.0,1.0,Final,京セラD大阪,268,277,0.42757785815468125,0.55,0.5,0.4,0.05,4.1,3.6,3.7,3.55,2.0,2.0,0.050000000000000044,0.35000000000000003,0.49999999999999956,0.15000000000000036,0.0,away,3.0
20250913-Yokohama_DeNA_BayStars-Tokyo_Yakult_Swallows,2025-09-13 18:20:00,2025,Yokohama DeNA BayStars,Tokyo Yakult Swallows,6.0,2.0,Final,神 宮,268,285,0.419284940444557,0.375,0.5,-0.95,0.25,3.25,3.7,4.2,3.45,1.0,1.0,-0.125,-1.2,-0.4500000000000002,0.75,0.0,away,8.0
20250914-Chiba_Lotte_Marines-Tohoku_Rakuten_Golden_Eagles,2025-09-14 13:00:00,2025,Chiba Lotte Marines,Tohoku Rakuten Golden Eagles,1.0,5.0,Final,楽天モバイル,268,272,0.5572632138625013,0.4,0.5,-0.85,-0.15,3.9,3.9,4.75,4.05,1.0,1.0,-0.09999999999999998,-0.7,0.0,0.7000000000000002,0.0,home,6.0
20250914-Fukuoka_SoftBank_Hawks-Orix_Buffaloes,2025-09-14 13:00:00,2025,Fukuoka SoftBank Hawks,Orix Buffaloes,4.0,3.0,Final,京セラD大阪,269,278,0.4017761196106781,0.55,0.55,0.4,0.35,3.9,3.6,3.5,3.25,1.0,1.0,0.0,0.050000000000000044,0.2999999999999998,0.25,0.0,away,7.0
20250914-Saitama_Seibu_Lions-Hokkaido_Nippon-Ham_Fighters,2025-09-14 14:00:00,2025,Saitama Seibu Lions,Hokkaido Nippon-Ham Fighters,3.0,4.0,Final,エスコンＦ,278,268,0.665104473391934,0.525,0.475,0.3,-0.15,3.8,3.3,3.5,3.45,1.0,1.0,0.050000000000000044,0.44999999999999996,0.5,0.04999999999999982,0.0,home,7.0
20250914-Chunichi_Dragons-Hanshin_Tigers,2025-09-14 18:00:00,2025,Chunichi Dragons,Hanshin Tigers,1.0,0.0,Final,甲子園,275,273,0.7280436528577494,0.625,0.45,0.7,-0.5,3.65,3.7,2.95,4.2,1.0,1.0,0.175,1.2,-0.050000000000000266,-1.25,0.0,away,1.0
20250914-Tokyo_Yakult_Swallows-Hiroshima_Toyo_Carp,2025-09-14 18:00:00,2025,Tokyo Yakult Swallows,Hiroshima Toyo Carp,8.0,6.0,Final,マツダスタジアム,273,269,0.5647402103286537,0.45,0.375,0.1,-0.85,3.55,3.3,3.45,4.15,1.0,1.0,0.07500000000000001,0.95,0.25,-0.7000000000000002,0.0,away,14.0
20250914-Yomiuri_Giants-Yokohama_DeNA_BayStars,2025-09-14 18:00:00,2025,Yomiuri Giants,Yokohama DeNA BayStars,7.0,9.0,Final,横 浜,286,279,0.5632374931250366,0.55,0.55,0.6,0.2,3.9,4.05,3.3,3.85,1.0,1.0,0.0,0.39999999999999997,-0.1499999999999999,-0.5500000000000003,0.0,home,16.0
20250915-Chiba_Lotte_Marines-Tohoku_Rakuten_Golden_Eagles,2025-09-15 13:00:00,2025,Chiba Lotte Marines,Tohoku Rakuten Golden Eagles,4.0,5.0,Final,楽天モバイル,269,273,0.5901603315516298,0.45,0.45,-0.55,-0.45,3.9,3.35,4.45,3.8,1.0,1.0,0.0,-0.10000000000000003,0.5499999999999998,0.6500000000000004,0.0,home,9.0
20250915-Saitama_Seibu_Lions-Hokkaido_Nippon-Ham_Fighters,2025-09-15 13:00:00,2025,Saitama Seibu Lions,Hokkaido Nippon-Ham Fighters,5.0,12.0,Final,エスコンＦ,279,269,0.6833926143359402,0.525,0.425,0.3,-0.25,3.7,3.4,3.4,3.65,1.0,1.0,0.10000000000000003,0.55,0.30000000000000027,-0.25,0.0,home,17.0
20250915-Chunichi_Dragons-Hanshin_Tigers,2025-09-15 14:00:00,2025,Chunichi Dragons,Hanshin Tigers,2.0,6.0,Final,甲子園,276,274,0.690759011403586,0.625,0.45,0.7,-0.55,3.6,3.45,2.9,4.0,1.0,1.0,0.175,1.25,0.1499999999999999,-1.1,0.0,home,8.0
20250915-Fukuoka_SoftBank_Hawks-Orix_Buffaloes,2025-09-15 14:00:00,2025,Fukuoka SoftBank Hawks,Orix Buffaloes,5.0,0.0,Final,京セラD大阪,270,279,0.37801469213442923,0.55,0.55,0.4,0.35,3.8,3.75,3.4,3.4,1.0,1.0,0.0,0.050000000000000044,0.04999999999999982,0.0,0.0,away,5.0
20250915-Tokyo_Yakult_Swallows-Hiroshima_Toyo_Carp,2025-09-15 14:00:00,2025,Tokyo Yakult Swallows,Hiroshima Toyo Carp,2.0,6.0,Final,マツダスタジアム,274,270,0.5273677978417933,0.45,0.425,0.1,-0.65,3.65,3.65,3.55,4.3,1.0,1.0,0.025000000000000022,0.75,0.0,-0.75,0.0,home,8.0
20250915-Yomiuri_Giants-Yokohama_DeNA_BayStars,2025-09-15 18:00:00,2025,Yomiuri Giants,Yokohama DeNA BayStars,0.0,3.0,Final,横 浜,287,280,0.5916935850601385,0.6,0.5,1.05,-0.2,4.3,4.05,3.25,4.25,1.0,1.0,0.09999999999999998,1.25,0.25,-1.0,0.0,home,3.0
20250916-Chiba_Lotte_Marines-Orix_Buffaloes,2025-09-16 18:00:00,2025,Chiba Lotte Marines,Orix Buffaloes,3.0,7.0,Final,京セラD大阪,271,274,0.5714096624755477,0.5,0.45,-0.35,-0.35,3.3,3.55,3.65,3.9,1.0,1.0,0.04999999999999999,0.0,-0.25,-0.25,0.0,home,10.0
20250917-Chiba_Lotte_Marines-Orix_Buffaloes,2025-09-17 18:00:00,2025,Chiba Lotte Marines,Orix Buffaloes,2.0,1.0,Final,京セラD大阪,272,275,0.602973719504394,0.55,0.45,-0.1,-0.45,3.55,3.7,3.65,4.15,1.0,1.0,0.10000000000000003,0.35,-0.15000000000000036,-0.5000000000000004,0.0,away,3.0
20250917-Hanshin_Tigers-Hiroshima_Toyo_Carp,2025-09-17 18:00:00,2025,Hanshin Tigers,Hiroshima Toyo Carp,6.0,1.0,Final,マツダスタジアム,275,277,0.370658837436487,0.5,0.625,0.45,0.8,3.85,3.75,3.4,2.95,2.0,2.0,-0.125,-0.35000000000000003,0.10000000000000009,0.44999999999999973,0.0,away,7.0
20250917-Hokkaido_Nippon-Ham_Fighters-Tohoku_Rakuten_Golden_Eagles,2025-09-17 18:00:00,2025,Hokkaido Nippon-Ham Fighters,Tohoku Rakuten Golden Eagles,2.0,3.0,Final,楽天モバイル,270,280,0.4308570701171714,0.45,0.575,-0.55,1.15,3.95,4.3,4.5,3.15,2.0,2.0,-0.12499999999999994,-1.7,-0.34999999999999964,1.35,0.0,home,5.0
20250917-Saitama_Seibu_Lions-Fukuoka_SoftBank_Hawks,2025-09-17 18:00:00,2025,Saitama Seibu Lions,Fukuoka SoftBank Hawks,8.0,11.0,Final,みずほPayPay,280,270,0.7399439538584557,0.55,0.425,0.45,-0.55,3.75,3.35,3.3,3.9,2.0,2.0,0.12500000000000006,1.0,0.3999999999999999,-0.6000000000000001,0.0,home,19.0
20250917-Yokohama_DeNA_BayStars-Chunichi_Dragons,2025-09-17 18:00:00,2025,Yokohama DeNA BayStars,Chunichi Dragons,1.0,0.0,Final,バンテリンドーム,275,288,0.36214193070468464,0.4,0.65,-0.9,1.35,3.3,4.4,4.2,3.05,2.0,2.0,-0.25,-2.25,-1.1000000000000005,1.1500000000000004,0.0,away,1.0
20250917-Yomiuri_Giants-Tokyo_Yakult_Swallows,2025-09-17 18:00:00,2025,Yomiuri Giants,Tokyo Yakult Swallows,4.0,2.0,Final,神 宮,271,281,0.45171331900588013,0.4,0.45,-0.85,-0.7,3.65,3.65,4.5,4.35,2.0,2.0,-0.04999999999999999,-0.15000000000000002,0.0,0.15000000000000036,0.0,away,6.0
20250918-Hanshin_Tigers-Hiroshima_Toyo_Carp,2025-09-18 18:00:00,2025,Hanshin Tigers,Hiroshima Toyo Carp,7.0,2.0,Final,マツダスタジアム,276,278,0.34324248364148197,0.45,0.65,0.15,1.05,3.65,3.95,3.5,2.9,1.0,1.0,-0.2,-0.9,-0.30000000000000027,0.6000000000000001,0.0,away,9.0
20250918-Hokkaido_Nippon-Ham_Fighters-Fukuoka_SoftBank_Hawks,2025-09-18 18:00:00,2025,Hokkaido Nippon-Ham Fighters,Fukuoka SoftBank Hawks,2.0,3.0,Final,みずほPayPay,281,281,0.5952147866950638,0.55,0.525,0.55,1.05,4.05,4.2,3.5,3.15,1.0,1.0,0.025000000000000022,-0.5,-0.15000000000000036,0.3500000000000001,0.0,home,5.0
20250918-Orix_Buffaloes-Saitama_Seibu_Lions,2025-09-18 18:00:00,2025,Orix Buffaloes,Saitama Seibu Lions,1.0,2.0,Final,ベルーナドーム,271,273,0.4730925537929119,0.425,0.5,-0.55,-0.25,3.65,3.2,4.2,3.45,1.0,1.0,-0.07500000000000001,-0.30000000000000004,0.44999999999999973,0.75,0.0,home,3.0
20250918-Tohoku_Rakuten_Golden_Eagles-Chiba_Lotte_Marines,2025-09-18 18:00:00,2025,Tohoku Rakuten Golden Eagles,Chiba Lotte Marines,0.0,7.0,Final,ZOZOマリン,276,271,0.42623845592573256,0.45,0.5,-0.5,-0.4,3.7,3.95,4.2,4.35,1.0,1.0,-0.04999999999999999,-0.09999999999999998,-0.25,-0.14999999999999947,0.0,home,7.0
20250918-Yokohama_DeNA_BayStars-Chunichi_Dragons,2025-09-18 18:00:00,2025,Yokohama DeNA BayStars,Chunichi Dragons,7.0,4.0,Final,バンテリンドーム,276,289,0.3416079702770562,0.4,0.65,-0.9,1.3,3.1,4.25,4.0,2.95,1.0,1.0,-0.25,-2.2,-1.15,1.0499999999999998,0.0,away,11.0
20250918-Yomiuri_Giants-Tokyo_Yakult_Swallows,2025-09-18 18:00:00,2025,Yomiuri Giants,Tokyo Yakult Swallows,0.0,5.0,Final,神 宮,272,282,0.42204034994986545,0.4,0.45,-0.6,-0.75,3.7,3.65,4.3,4.4,1.0,1.0,-0.04999999999999999,0.15000000000000002,0.050000000000000266,-0.10000000000000053,0.0,home,5.0
20250919-Hiroshima_Toyo_Carp-Yomiuri_Giants,2025-09-19 18:00:00,2025,Hiroshima Toyo Carp,Yomiuri Giants,4.0,5.0,Final,東京ドーム,283,277,0.5910101112632064,0.45,0.4,-0.9,-0.25,3.55,3.55,4.45,3.8,1.0,1.0,0.04999999999999999,-0.65,0.0,0.6500000000000004,0.0,home,9.0
20250919-Saitama_Seibu_Lions-Tohoku_Rakuten_Golden_Eagles,2025-09-19 18:00:00,2025,Saitama Seibu Lions,Tohoku Rakuten Golden Eagles,4.0,1.0,Final,楽天モバイル,272,272,0.6056295331654173,0.5,0.475,-0.65,-0.45,3.45,3.55,4.1,4.0,1.0,1.0,0.025000000000000022,-0.2,-0.09999999999999964,0.09999999999999964,0.0,away,5.0
20250919-Tokyo_Yakult_Swallows-Chunichi_Dragons,2025-09-19 18:00:00,2025,Tokyo Yakult Swallows,Chunichi Dragons,6.0,2.0,Final,バンテリンドーム,277,273,0.49714888383910283,0.4,0.4,-0.95,-0.45,3.3,3.85,4.25,4.3,1.0,1.0,0.0,-0.49999999999999994,-0.5500000000000003,-0.04999999999999982,0.0,away,8.0
20250919-Yokohama_DeNA_BayStars-Hanshin_Tigers,2025-09-19 18:00:00,2025,Yokohama DeNA BayStars,Hanshin Tigers,0.0,4.0,Final,甲子園,279,290,0.5591524550549479,0.65,0.7,0.95,1.5,3.9,4.5,2.95,3.0,1.0,1.0,-0.04999999999999993,-0.55,-0.6000000000000001,-0.04999999999999982,0.0,home,4.0
20250920-Chiba_Lotte_Marines-Hokkaido_Nippon-Ham_Fighters,2025-09-20 14:00:00,2025,Chiba Lotte Marines,Hokkaido Nippon-Ham Fighters,7.0,8.0,Final,エスコンＦ,282,277,0.6515920338223236,0.475,0.5,0.75,-0.1,3.9,3.8,3.15,3.9,2.0,2.0,-0.025000000000000022,0.85,0.10000000000000009,-0.75,0.0,home,15.0
20250920-Hiroshima_Toyo_Carp-Yomiuri_Giants,2025-09-20 14:00:00,2025,Hiroshima Toyo Carp,Yomiuri Giants,1.0,3.0,Final,東京ドーム,284,278,0.6153482448451763,0.5,0.35,-0.7,-0.35,3.75,3.6,4.45,3.95,1.0,1.0,0.15000000000000002,-0.35,0.1499999999999999,0.5,0.0,home,4.0
20250920-Orix_Buffaloes-Fukuoka_SoftBank_Hawks,2025-09-20 14:00:00,2025,Orix Buffaloes,Fukuoka SoftBank Hawks,5.0,4.0,Final,みずほPayPay,282,274,0.7335896041721777,0.6,0.45,0.65,-0.35,4.05,3.1,3.4,3.45,2.0,2.0,0.14999999999999997,1.0,0.9499999999999997,-0.050000000000000266,0.0,away,9.0
20250920-Saitama_Seibu_Lions-Tohoku_Rakuten_Golden_Eagles,2025-09-20 14:00:00,2025,Saitama Seibu Lions,Tohoku Rakuten Golden Eagles,1.0,2.0,Final,楽天モバイル,273,273,0.5636670276484185,0.45,0.475,-0.85,-0.45,3.35,3.6,4.2,4.05,1.0,1.0,-0.024999999999999967,-0.39999999999999997,-0.25,0.15000000000000036,0.0,home,3.0
20250920-Tokyo_Yakult_Swallows-Chunichi_Dragons,2025-09-20 14:00:00,2025,Tokyo Yakult Swallows,Chunichi Dragons,0.0,3.0,Final,バンテリンドーム,278,274,0.45946201675385184,0.35,0.45,-1.3,-0.1,3.25,4.15,4.55,4.25,1.0,1.0,-0.10000000000000003,-1.2,-0.9000000000000004,0.2999999999999998,0.0,home,3.0
20250920-Yokohama_DeNA_BayStars-Hanshin_Tigers,2025-09-20 14:00:00,2025,Yokohama DeNA BayStars,Hanshin Tigers,4.0,1.0,Final,甲子園,280,291,0.5918732689139444,0.65,0.7,1.1,1.35,3.95,4.45,2.85,3.1,1.0,1.0,-0.04999999999999993,-0.25,-0.5,-0.25,0.0,away,5.0
20250921-Saitama_Seibu_Lions-Tohoku_Rakuten_Golden_Eagles,2025-09-21 13:00:00,2025,Saitama Seibu Lions,Tohoku Rakuten Golden Eagles,8.0,2.0,Final,楽天モバイル,274,274,0.5901450362955215,0.5,0.425,-0.7,-0.6,3.15,3.55,3.85,4.15,1.0,1.0,0.07500000000000001,-0.09999999999999998,-0.3999999999999999,-0.30000000000000027,0.0,away,10.0
20250921-Yomiuri_Giants-Chunichi_Dragons,2025-09-21 13:30:00,2025,Yomiuri Giants,Chunichi Dragons,2.0,5.0,Final,バンテリンドーム,279,285,0.4121139324014263,0.35,0.55,-1.2,-0.55,3.2,3.8,4.4,4.35,1.0,1.0,-0.20000000000000007,-0.6499999999999999,-0.5999999999999996,0.05000000000000071,0.0,home,7.0
20250921-Chiba_Lotte_Marines-Hokkaido_Nippon-Ham_Fighters,2025-09-21 14:00:00,2025,Chiba Lotte Marines,Hokkaido Nippon-Ham Fighters,2.0,7.0,Final,エスコンＦ,283,278,0.6709944734879942,0.475,0.45,0.75,-0.4,4.25,3.85,3.5,4.25,1.0,1.0,0.024999999999999967,1.15,0.3999999999999999,-0.75,0.0,home,9.0
20250921-Orix_Buffaloes-Fukuoka_SoftBank_Hawks,2025-09-21 14:00:00,2025,Orix Buffaloes,Fukuoka SoftBank Hawks,2.0,1.0,Final,みずほPayPay,283,275,0.696457115595343,0.6,0.45,0.85,-0.35,4.1,3.05,3.25,3.4,1.0,1.0,0.14999999999999997,1.2,1.0499999999999998,-0.1499999999999999,0.0,away,3.0
20250921-Hanshin_Tigers-Tokyo_Yakult_Swallows,2025-09-21 18:00:00,2025,Hanshin Tigers,Tokyo Yakult Swallows,1.0,8.0,Final,神 宮,275,281,0.3243508764826927,0.45,0.6,-0.2,0.9,4.0,3.9,4.2,3.0,1.0,1.0,-0.14999999999999997,-1.1,0.10000000000000009,1.2000000000000002,0.0,home,9.0
20250921-Hiroshima_Toyo_Carp-Yokohama_DeNA_BayStars,2025-09-21 18:00:00,2025,Hiroshima Toyo Carp,Yokohama DeNA BayStars,2.0,7.0,Final,横 浜,292,279,0.7284780902055402,0.7,0.3,1.45,-0.7,4.4,3.25,2.95,3.95,1.0,1.0,0.39999999999999997,2.15,1.1500000000000004,-1.0,0.0,home,9.0
20250922-Chiba_Lotte_Marines-Hokkaido_Nippon-Ham_Fighters,2025-09-22 14:00:00,2025,Chiba Lotte Marines,Hokkaido Nippon-Ham Fighters,2.0,0.0,Final,エスコンＦ,284,279,0.6939699166527952,0.5,0.45,1.0,-0.55,4.5,3.9,3.5,4.45,1.0,1.0,0.04999999999999999,1.55,0.6000000000000001,-0.9500000000000002,0.0,away,2.0
20250922-Hanshin_Tigers-Tokyo_Yakult_Swallows,2025-09-22 18:00:00,2025,Hanshin Tigers,Tokyo Yakult Swallows,2.0,3.0,Final,神 宮,276,282,0.37962207422233024,0.5,0.6,0.25,0.6,4.3,3.75,4.05,3.15,1.0,1.0,-0.09999999999999998,-0.35,0.5499999999999998,0.8999999999999999,0.0,home,5.0
20250922-Orix_Buffaloes-Fukuoka_SoftBank_Hawks,2025-09-22 18:00:00,2025,Orix Buffaloes,Fukuoka SoftBank Hawks,1.0,0.0,Final,みずほPayPay,284,276,0.6586511211768536,0.6,0.5,0.85,-0.05,4.15,3.1,3.3,3.15,1.0,1.0,0.09999999999999998,0.9,1.0500000000000003,0.1499999999999999,0.0,away,1.0
20250923-Hanshin_Tigers-Yokohama_DeNA_BayStars,2025-09-23 14:00:00,2025,Hanshin Tigers,Yokohama DeNA BayStars,2.0,2.0,Final,横 浜,293,283,0.5670401426028774,0.75,0.6,1.75,0.6,4.35,3.7,2.6,3.1,2.0,1.0,0.15000000000000002,1.15,0.6499999999999995,-0.5,1.0,draw,4.0
20250923-Orix_Buffaloes-Fukuoka_SoftBank_Hawks,2025-09-23 14:00:00,2025,Orix Buffaloes,Fukuoka SoftBank Hawks,1.0,0.0,Final,みずほPayPay,285,277,0.6209296779320731,0.6,0.5,1.15,-0.35,4.0,2.75,2.85,3.1,1.0,1.0,0.09999999999999998,1.5,1.25,-0.25,0.0,away,1.0
20250923-Tohoku_Rakuten_Golden_Eagles-Hokkaido_Nippon-Ham_Fighters,2025-09-23 14:00:00,2025,Tohoku Rakuten Golden Eagles,Hokkaido Nippon-Ham Fighters,7.0,0.0,Final,エスコンＦ,285,275,0.6355797920538517,0.5,0.5,0.95,-0.95,4.4,3.15,3.45,4.1,1.0,2.0,0.0,1.9,1.2500000000000004,-0.6499999999999995,-1.0,away,7.0
20250923-Chunichi_Dragons-Tokyo_Yakult_Swallows,2025-09-23 18:00:00,2025,Chunichi Dragons,Tokyo Yakult Swallows,3.0,0.0,Final,神 宮,277,280,0.5873426736972376,0.5,0.35,0.25,-1.1,4.2,3.0,3.95,4.1,1.0,2.0,0.15000000000000002,1.35,1.2000000000000002,-0.14999999999999947,-1.0,away,3.0
20250923-Saitama_Seibu_Lions-Chiba_Lotte_Marines,2025-09-23 18:00:00,2025,Saitama Seibu Lions,Chiba Lotte Marines,0.0,1.0,Final,ZOZOマリン,280,275,0.5215611001307167,0.45,0.475,-0.55,-0.2,3.7,3.95,4.25,4.15,1.0,2.0,-0.024999999999999967,-0.35000000000000003,-0.25,0.09999999999999964,-1.0,home,1.0
20250923-Yomiuri_Giants-Hiroshima_Toyo_Carp,2025-09-23 18:00:00,2025,Yomiuri Giants,Hiroshima Toyo Carp,0.0,5.0,Final,マツダスタジアム,280,286,0.42502727165387716,0.25,0.55,-1.05,-0.45,3.15,3.75,4.2,4.2,2.0,2.0,-0.30000000000000004,-0.6000000000000001,-0.6000000000000001,0.0,0.0,home,5.0
20250924-Fukuoka_SoftBank_Hawks-Tohoku_Rakuten_Golden_Eagles,2025-09-24 18:00:00,2025,Fukuoka SoftBank Hawks,Tohoku Rakuten Golden Eagles,8.0,3.0,Final,楽天モバイル,276,286,0.43971130255436924,0.5,0.55,-0.95,1.0,3.0,3.85,3.95,2.85,1.0,1.0,-0.050000000000000044,-1.95,-0.8500000000000001,1.1,0.0,away,11.0
20250924-Saitama_Seibu_Lions-Chiba_Lotte_Marines,2025-09-24 18:00:00,2025,Saitama Seibu Lions,Chiba Lotte Marines,0.0,5.0,Final,ZOZOマリン,281,276,0.5511394782527289,0.45,0.45,-0.55,-0.25,3.55,3.85,4.1,4.1,1.0,1.0,0.0,-0.30000000000000004,-0.30000000000000027,0.0,0.0,home,5.0
20250925-Chiba_Lotte_Marines-Orix_Buffaloes,2025-09-25 18:00:00,2025,Chiba Lotte Marines,Orix Buffaloes,6.0,4.0,Final,京セラD大阪,278,282,0.576423418309908,0.5,0.5,-0.6,-0.2,2.45,3.5,3.05,3.7,2.0,1.0,0.0,-0.39999999999999997,-1.0499999999999998,-0.6500000000000004,1.0,away,10.0
20250925-Fukuoka_SoftBank_Hawks-Tohoku_Rakuten_Golden_Eagles,2025-09-25 18:00:00,2025,Fukuoka SoftBank Hawks,Tohoku Rakuten Golden Eagles,6.0,0.0,Final,楽天モバイル,277,287,0.4051432341617861,0.5,0.55,-1.1,1.15,3.1,4.1,4.2,2.95,1.0,1.0,-0.050000000000000044,-2.25,-0.9999999999999996,1.25,0.0,away,6.0
20250925-Hokkaido_Nippon-Ham_Fighters-Saitama_Seibu_Lions,2025-09-25 18:00:00,2025,Hokkaido Nippon-Ham Fighters,Saitama Seibu Lions,4.0,5.0,Final,ベルーナドーム,277,286,0.4032403672442608,0.4,0.45,-0.55,0.35,3.7,4.15,4.25,3.8,1.0,2.0,-0.04999999999999999,-0.9,-0.4500000000000002,0.4500000000000002,-1.0,home,9.0
20250926-Chunichi_Dragons-Hanshin_Tigers,2025-09-26 18:00:00,2025,Chunichi Dragons,Hanshin Tigers,2.0,6.0,Final,甲子園,284,281,0.674556545658152,0.575,0.35,0.55,-1.05,3.65,2.7,3.1,3.75,3.0,3.0,0.22499999999999998,1.6,0.9499999999999997,-0.6499999999999999,0.0,home,8.0
20250926-Fukuoka_SoftBank_Hawks-Tohoku_Rakuten_Golden_Eagles,2025-09-26 18:00:00,2025,Fukuoka SoftBank Hawks,Tohoku Rakuten Golden Eagles,4.0,3.0,Final,楽天モバイル,278,288,0.37235062498039706,0.5,0.6,-1.15,1.55,3.1,4.2,4.25,2.65,1.0,1.0,-0.09999999999999998,-2.7,-1.1,1.6,0.0,away,7.0
20250926-Hiroshima_Toyo_Carp-Tokyo_Yakult_Swallows,2025-09-26 18:00:00,2025,Hiroshima Toyo Carp,Tokyo Yakult Swallows,1.0,11.0,Final,神 宮,278,281,0.5723037276442496,0.45,0.3,-0.05,-0.75,3.85,3.2,3.9,3.95,3.0,3.0,0.15000000000000002,0.7,0.6499999999999999,-0.050000000000000266,0.0,home,12.0
20250926-Hokkaido_Nippon-Ham_Fighters-Saitama_Seibu_Lions,2025-09-26 18:00:00,2025,Hokkaido Nippon-Ham Fighters,Saitama Seibu Lions,8.0,5.0,Final,ベルーナドーム,278,287,0.4394043360376356,0.45,0.45,-0.15,0.5,3.9,4.25,4.05,3.75,1.0,1.0,0.0,-0.65,-0.3500000000000001,0.2999999999999998,0.0,away,13.0
20250926-Yomiuri_Giants-Yokohama_DeNA_BayStars,2025-09-26 18:00:00,2025,Yomiuri Giants,Yokohama DeNA BayStars,4.0,5.0,Final,横 浜,294,287,0.6774550898810857,0.775,0.5,1.85,-0.75,4.1,3.55,2.25,4.3,3.0,3.0,0.275,2.6,0.5499999999999998,-2.05,0.0,home,9.0
20250927-Chunichi_Dragons-Hanshin_Tigers,2025-09-27 14:00:00,2025,Chunichi Dragons,Hanshin Tigers,5.0,3.0,Final,甲子園,285,282,0.6958858392140117,0.575,0.35,0.7,-1.15,3.7,2.8,3.0,3.95,1.0,1.0,0.22499999999999998,1.8499999999999999,0.9000000000000004,-0.9500000000000002,0.0,away,8.0
20250927-Yomiuri_Giants-Yokohama_DeNA_BayStars,2025-09-27 14:00:00,2025,Yomiuri Giants,Yokohama DeNA BayStars,9.0,8.0,Final,横 浜,295,288,0.6947266993581358,0.775,0.5,1.8,-0.75,4.25,3.65,2.45,4.4,1.0,1.0,0.275,2.55,0.6000000000000001,-1.9500000000000002,0.0,away,17.0
20250927-Fukuoka_SoftBank_Hawks-Saitama_Seibu_Lions,2025-09-27 18:00:00,2025,Fukuoka SoftBank Hawks,Saitama Seibu Lions,4.0,1.0,Final,ベルーナドーム,279,289,0.32929426107743764,0.45,0.65,0.0,1.65,4.1,4.25,4.1,2.6,1.0,1.0,-0.2,-1.65,-0.15000000000000036,1.4999999999999996,0.0,away,5.0
20250927-Hiroshima_Toyo_Carp-Tokyo_Yakult_Swallows,2025-09-27 18:00:00,2025,Hiroshima Toyo Carp,Tokyo Yakult Swallows,1.0,3.0,Final,神 宮,279,282,0.6103599909270725,0.5,0.3,0.6,-1.1,4.35,3.05,3.75,4.15,1.0,1.0,0.2,1.7000000000000002,1.2999999999999998,-0.40000000000000036,0.0,home,4.0
20250927-Hokkaido_Nippon-Ham_Fighters-Chiba_Lotte_Marines,2025-09-27 18:00:00,2025,Hokkaido Nippon-Ham Fighters,Chiba Lotte Marines,2.0,0.0,Final,ZOZOマリン,283,288,0.4828350222530237,0.5,0.5,-0.15,0.7,3.7,4.65,3.85,3.95,2.0,1.0,0.0,-0.85,-0.9500000000000002,-0.10000000000000009,1.0,away,2.0
20250927-Tohoku_Rakuten_Golden_Eagles-Orix_Buffaloes,2025-09-27 18:00:00,2025,Tohoku Rakuten Golden Eagles,Orix Buffaloes,0.0,2.0,Final,京セラD大阪,279,279,0.588522383768996,0.45,0.45,-0.85,-1.4,2.45,2.95,3.3,4.35,2.0,1.0,0.0,0.5499999999999999,-0.5,-1.0499999999999998,1.0,home,2.0
20250928-Chunichi_Dragons-Hanshin_Tigers,2025-09-28 14:00:00,2025,Chunichi Dragons,Hanshin Tigers,4.0,2.0,Final,甲子園,286,283,0.6551854175028439,0.525,0.4,0.5,-0.95,3.6,2.9,3.1,3.85,1.0,1.0,0.125,1.45,0.7000000000000002,-0.75,0.0,away,6.0
20250928-Fukuoka_SoftBank_Hawks-Saitama_Seibu_Lions,2025-09-28 14:00:00,2025,Fukuoka SoftBank Hawks,Saitama Seibu Lions,4.0,1.0,Final,ベルーナドーム,280,290,0.3088718028960107,0.45,0.65,0.0,1.75,4.1,4.35,4.1,2.6,1.0,1.0,-0.2,-1.75,-0.25,1.4999999999999996,0.0,away,5.0
20250928-Tohoku_Rakuten_Golden_Eagles-Orix_Buffaloes,2025-09-28 14:00:00,2025,Tohoku Rakuten Golden Eagles,Orix Buffaloes,5.0,10.0,Final,京セラD大阪,280,280,0.6148548520937406,0.5,0.4,-0.7,-1.55,2.5,2.9,3.2,4.45,1.0,1.0,0.09999999999999998,0.8500000000000001,-0.3999999999999999,-1.25,0.0,home,15.0
20250928-Hokkaido_Nippon-Ham_Fighters-Chiba_Lotte_Marines,2025-09-28 17:00:00,2025,Hokkaido Nippon-Ham Fighters,Chiba Lotte Marines,4.0,3.0,Final,ZOZOマリン,284,289,0.4507472207550918,0.5,0.5,0.1,0.7,3.6,4.35,3.5,3.65,1.0,1.0,0.0,-0.6,-0.7499999999999996,-0.1499999999999999,0.0,away,7.0
20250928-Yokohama_DeNA_BayStars-Hiroshima_Toyo_Carp,2025-09-28 18:00:00,2025,Yokohama DeNA BayStars,Hiroshima Toyo Carp,10.0,2.0,Final,マツダスタジアム,283,296,0.30399710917059974,0.3,0.725,-1.05,1.6,2.85,4.25,3.9,2.65,1.0,1.0,-0.425,-2.6500000000000004,-1.4,1.25,0.0,away,12.0
20250928-Yomiuri_Giants-Tokyo_Yakult_Swallows,2025-09-28 18:00:00,2025,Yomiuri Giants,Tokyo Yakult Swallows,4.0,4.0,Final,神 宮,280,289,0.5359009504919544,0.55,0.55,0.8,-0.65,4.35,3.9,3.55,4.55,1.0,1.0,0.0,1.4500000000000002,0.44999999999999973,-1.0,0.0,draw,8.0
20250929-Chiba_Lotte_Marines-Saitama_Seibu_Lions,2025-09-29 18:00:00,2025,Chiba Lotte Marines,Saitama Seibu Lions,0.0,2.0,Final,ベルーナドーム,281,285,0.4611288118243887,0.4,0.5,-0.25,0.15,4.05,3.6,4.3,3.45,1.0,1.0,-0.09999999999999998,-0.4,0.44999999999999973,0.8499999999999996,0.0,home,2.0
20250929-Tohoku_Rakuten_Golden_Eagles-Orix_Buffaloes,2025-09-29 18:00:00,2025,Tohoku Rakuten Golden Eagles,Orix Buffaloes,0.0,4.0,Final,京セラD大阪,281,281,0.6438060391531514,0.55,0.4,-0.15,-1.7,2.95,3.15,3.1,4.85,1.0,1.0,0.15000000000000002,1.55,-0.19999999999999973,-1.7499999999999996,0.0,home,4.0
20250930-Chunichi_Dragons-Yomiuri_Giants,2025-09-30 18:00:00,2025,Chunichi Dragons,Yomiuri Giants,2.0,4.0,Final,東京ドーム,290,284,0.540050751402894,0.525,0.4,-0.8,-1.0,3.9,2.85,4.7,3.85,2.0,2.0,0.125,0.19999999999999996,1.0499999999999998,0.8500000000000001,0.0,home,6.0
20250930-Hokkaido_Nippon-Ham_Fighters-Fukuoka_SoftBank_Hawks,2025-09-30 18:00:00,2025,Hokkaido Nippon-Ham Fighters,Fukuoka SoftBank Hawks,2.0,1.0,Final,みずほPayPay,291,290,0.6054068790000461,0.65,0.55,1.6,0.8,4.2,4.5,2.6,3.7,2.0,2.0,0.09999999999999998,0.8,-0.2999999999999998,-1.1,0.0,away,3.0
20250930-Tohoku_Rakuten_Golden_Eagles-Chiba_Lotte_Marines,2025-09-30 18:00:00,2025,Tohoku Rakuten Golden Eagles,Chiba Lotte Marines,2.0,1.0,Final,ZOZOマリン,286,282,0.5738340485042023,0.5,0.4,0.25,-1.65,3.6,2.85,3.35,4.5,1.0,1.0,0.09999999999999998,1.9,0.75,-1.15,0.0,away,3.0
20250930-Tokyo_Yakult_Swallows-Yokohama_DeNA_BayStars,2025-09-30 18:00:00,2025,Tokyo Yakult Swallows,Yokohama DeNA BayStars,5.0,4.0,Final,横 浜,297,281,0.6639521455817915,0.775,0.525,2.05,0.25,4.7,3.95,2.65,3.7,2.0,2.0,0.25,1.7999999999999998,0.75,-1.0500000000000003,0.0,away,9.0
20251001-Chunichi_Dragons-Yomiuri_Giants,2025-10-01 18:00:00,2025,Chunichi Dragons,Yomiuri Giants,2.0,5.0,Final,東京ドーム,291,285,0.5703794220585676,0.525,0.4,-0.8,-1.0,3.85,2.7,4.65,3.7,1.0,1.0,0.125,0.19999999999999996,1.15,0.9500000000000002,0.0,home,7.0
20251001-Saitama_Seibu_Lions-Orix_Buffaloes,2025-10-01 18:00:00,2025,Saitama Seibu Lions,Orix Buffaloes,5.0,10.0,Final,京セラD大阪,282,282,0.6558372310103544,0.6,0.4,0.45,-0.4,3.15,3.6,2.7,4.0,2.0,2.0,0.19999999999999996,0.8500000000000001,-0.4500000000000002,-1.2999999999999998,0.0,home,15.0
20251001-Tokyo_Yakult_Swallows-Yokohama_DeNA_BayStars,2025-10-01 18:00:00,2025,Tokyo Yakult Swallows,Yokohama DeNA BayStars,6.0,9.0,Final,横 浜,298,282,0.6261757748549874,0.725,0.575,1.95,0.35,4.85,3.9,2.9,3.55,1.0,1.0,0.15000000000000002,1.6,0.9499999999999997,-0.6499999999999999,0.0,home,15.0
20251002-Saitama_Seibu_Lions-Orix_Buffaloes,2025-10-02 18:00:00,2025,Saitama Seibu Lions,Orix Buffaloes,6.0,5.0,Final,京セラD大阪,283,283,0.6804287568778097,0.6,0.35,0.6,-0.75,3.55,3.6,2.95,4.35,1.0,1.0,0.25,1.35,-0.050000000000000266,-1.3999999999999995,0.0,away,11.0
20251002-Tokyo_Yakult_Swallows-Hanshin_Tigers,2025-10-02 18:00:00,2025,Tokyo Yakult Swallows,Hanshin Tigers,2.0,6.0,Final,甲子園,287,283,0.5919059050015345,0.525,0.525,0.55,0.15,3.6,4.05,3.05,3.9,4.0,1.0,0.0,0.4,-0.44999999999999973,-0.8500000000000001,3.0,home,8.0
20251003-Orix_Buffaloes-Fukuoka_SoftBank_Hawks,2025-10-03 18:00:00,2025,Orix Buffaloes,Fukuoka SoftBank Hawks,2.0,10.0,Final,みずほPayPay,292,284,0.616818866404146,0.6,0.55,1.15,0.45,3.85,3.65,2.7,3.2,3.0,1.0,0.04999999999999993,0.7,0.20000000000000018,-0.5,2.0,home,12.0
20251003-Saitama_Seibu_Lions-Tohoku_Rakuten_Golden_Eagles,2025-10-03 18:00:00,2025,Saitama Seibu Lions,Tohoku Rakuten Golden Eagles,6.0,7.0,Final,楽天モバイル,283,284,0.5254683407102435,0.45,0.35,-1.05,-0.9,2.95,3.7,4.0,4.6,3.0,1.0,0.10000000000000003,-0.15000000000000002,-0.75,-0.5999999999999996,2.0,home,13.0
20251003-Tokyo_Yakult_Swallows-Hiroshima_Toyo_Carp,2025-10-03 18:00:00,2025,Tokyo Yakult Swallows,Hiroshima Toyo Carp,6.0,1.0,Final,マツダスタジアム,284,284,0.41540265035046764,0.25,0.525,-1.5,0.0,2.85,4.05,4.35,4.05,5.0,1.0,-0.275,-1.5,-1.1999999999999997,0.2999999999999998,4.0,away,7.0
20251004-Tokyo_Yakult_Swallows-Hiroshima_Toyo_Carp,2025-10-04 13:30:00,2025,Tokyo Yakult Swallows,Hiroshima Toyo Carp,3.0,1.0,Final,マツダスタジアム,285,285,0.383295198916279,0.25,0.525,-1.7,0.2,2.9,4.2,4.6,4.0,1.0,1.0,-0.275,-1.9,-1.3000000000000003,0.5999999999999996,0.0,away,4.0
20251004-Hokkaido_Nippon-Ham_Fighters-Chiba_Lotte_Marines,2025-10-04 14:00:00,2025,Hokkaido Nippon-Ham Fighters,Chiba Lotte Marines,0.0,3.0,Final,ZOZOマリン,287,291,0.37090505436102106,0.45,0.55,0.1,0.5,3.45,4.15,3.35,3.65,4.0,4.0,-0.10000000000000003,-0.4,-0.7000000000000002,-0.2999999999999998,0.0,home,3.0
20251004-Saitama_Seibu_Lions-Tohoku_Rakuten_Golden_Eagles,2025-10-04 14:00:00,2025,Saitama Seibu Lions,Tohoku Rakuten Golden Eagles,2.0,3.0,Final,楽天モバイル,284,285,0.554771270345625,0.5,0.35,-0.95,-0.85,3.25,3.9,4.2,4.75,1.0,1.0,0.15000000000000002,-0.09999999999999998,-0.6499999999999999,-0.5499999999999998,0.0,home,5.0
20251005-Fukuoka_SoftBank_Hawks-Chiba_Lotte_Marines,2025-10-05 14:00:00,2025,Fukuoka SoftBank Hawks,Chiba Lotte Marines,5.0,2.0,Final,ZOZOマリン,288,293,0.33816661153265937,0.45,0.6,0.15,1.0,3.4,3.8,3.25,2.8,1.0,2.0,-0.14999999999999997,-0.85,-0.3999999999999999,0.4500000000000002,-1.0,away,7.0
20251005-Orix_Buffaloes-Tohoku_Rakuten_Golden_Eagles,2025-10-05 14:00:00,2025,Orix Buffaloes,Tohoku Rakuten Golden Eagles,2.0,1.0,Final,楽天モバイル,285,285,0.45400630250193574,0.5,0.5,-1.0,0.0,3.2,3.6,4.2,3.6,1.0,2.0,0.0,-1.0,-0.3999999999999999,0.6000000000000001,-1.0,away,3.0
20251011-Orix_Buffaloes-Hokkaido_Nippon-Ham_Fighters,2025-10-11 14:00:00,2025,Orix Buffaloes,Hokkaido Nippon-Ham Fighters,0.0,2.0,Final,エスコンＦ,292,286,0.559227424666618,0.55,0.55,0.45,0.15,4.15,3.6,3.7,3.45,7.0,6.0,0.0,0.30000000000000004,0.5500000000000003,0.25,1.0,home,2.0
20251011-Yomiuri_Giants-Yokohama_DeNA_BayStars,2025-10-11 14:00:00,2025,Yomiuri Giants,Yokohama DeNA BayStars,2.0,6.0,Final,横 浜,299,292,0.634011426731875,0.725,0.575,2.05,-0.1,4.95,4.05,2.9,4.15,10.0,10.0,0.15000000000000002,2.15,0.9000000000000004,-1.2500000000000004,0.0,home,8.0
20251012-Orix_Buffaloes-Hokkaido_Nippon-Ham_Fighters,2025-10-12 14:00:00,2025,Orix Buffaloes,Hokkaido Nippon-Ham Fighters,4.0,5.0,Final,エスコンＦ,293,287,0.5880130554848536,0.6,0.5,0.65,-0.15,4.2,3.25,3.55,3.4,1.0,1.0,0.09999999999999998,0.8,0.9500000000000002,0.1499999999999999,0.0,home,9.0
20251012-Yomiuri_Giants-Yokohama_DeNA_BayStars,2025-10-12 14:00:00,2025,Yomiuri Giants,Yokohama DeNA BayStars,6.0,7.0,Final,横 浜,300,293,0.6594184883039814,0.775,0.575,2.3,-0.25,5.15,4.15,2.85,4.4,1.0,1.0,0.20000000000000007,2.55,1.0,-1.5500000000000003,0.0,home,13.0
20251015-Hokkaido_Nippon-Ham_Fighters-Fukuoka_SoftBank_Hawks,2025-10-15 18:00:00,2025,Hokkaido Nippon-Ham Fighters,Fukuoka SoftBank Hawks,1.0,2.0,Final,みずほPayPay,294,294,0.5929256506434908,0.6,0.65,1.1,0.75,3.95,4.35,2.85,3.6,10.0,3.0,-0.050000000000000044,0.3500000000000001,-0.39999999999999947,-0.75,7.0,home,3.0
20251015-Yokohama_DeNA_BayStars-Hanshin_Tigers,2025-10-15 18:00:00,2025,Yokohama DeNA BayStars,Hanshin Tigers,0.0,2.0,Final,甲子園,288,301,0.4572174388997811,0.525,0.775,0.65,2.3,3.55,5.35,2.9,3.05,13.0,3.0,-0.25,-1.65,-1.7999999999999998,-0.1499999999999999,10.0,home,2.0
20251016-Hokkaido_Nippon-Ham_Fighters-Fukuoka_SoftBank_Hawks,2025-10-16 18:00:00,2025,Hokkaido Nippon-Ham Fighters,Fukuoka SoftBank Hawks,0.0,3.0,Final,みずほPayPay,295,295,0.617111072405586,0.65,0.6,1.25,0.55,3.95,4.05,2.7,3.5,1.0,1.0,0.050000000000000044,0.7,-0.09999999999999964,-0.7999999999999998,0.0,home,3.0
20251016-Yokohama_DeNA_BayStars-Hanshin_Tigers,2025-10-16 18:00:00,2025,Yokohama DeNA BayStars,Hanshin Tigers,3.0,5.0,Final,甲子園,289,302,0.49335724741207565,0.525,0.725,0.5,2.05,3.35,5.2,2.85,3.15,1.0,1.0,-0.19999999999999996,-1.5499999999999998,-1.85,-0.2999999999999998,0.0,home,8.0
20251017-Hokkaido_Nippon-Ham_Fighters-Fukuoka_SoftBank_Hawks,2025-10-17 18:00:00,2025,Hokkaido Nippon-Ham Fighters,Fukuoka SoftBank Hawks,6.0,0.0,Final,みずほPayPay,296,296,0.6425907905539753,0.7,0.55,1.55,0.1,3.9,3.55,2.35,3.45,1.0,1.0,0.1499999999999999,1.45,0.3500000000000001,-1.1,0.0,away,6.0
20251017-Yokohama_DeNA_BayStars-Hanshin_Tigers,2025-10-17 18:00:00,2025,Yokohama DeNA BayStars,Hanshin Tigers,0.0,4.0,Final,甲子園,290,303,0.5271611458684041,0.525,0.675,0.45,1.7,3.4,5.05,2.95,3.35,1.0,1.0,-0.15000000000000002,-1.25,-1.65,-0.3999999999999999,0.0,home,4.0
20251018-Hokkaido_Nippon-Ham_Fighters-Fukuoka_SoftBank_Hawks,2025-10-18 14:00:00,2025,Hokkaido Nippon-Ham Fighters,Fukuoka SoftBank Hawks,9.0,3.0,Final,みずほPayPay,297,297,0.5908893187999996,0.7,0.6,1.65,0.6,3.85,3.7,2.2,3.1,1.0,1.0,0.09999999999999998,1.0499999999999998,0.1499999999999999,-0.8999999999999999,0.0,away,12.0
20251019-Hokkaido_Nippon-Ham_Fighters-Fukuoka_SoftBank_Hawks,2025-10-19 13:00:00,2025,Hokkaido Nippon-Ham Fighters,Fukuoka SoftBank Hawks,7.0,1.0,Final,みずほPayPay,298,298,0.5414740347486825,0.65,0.6,1.3,0.85,3.9,3.9,2.6,3.05,1.0,1.0,0.050000000000000044,0.45000000000000007,0.0,-0.44999999999999973,0.0,away,8.0
20251020-Hokkaido_Nippon-Ham_Fighters-Fukuoka_SoftBank_Hawks,2025-10-20 18:00:00,2025,Hokkaido Nippon-Ham Fighters,Fukuoka SoftBank Hawks,1.0,2.0,Final,みずほPayPay,299,299,0.4954384434894872,0.6,0.6,0.95,1.1,3.75,4.05,2.8,2.95,1.0,1.0,0.0,-0.15000000000000013,-0.2999999999999998,-0.15000000000000036,0.0,home,3.0
20251025-Hanshin_Tigers-Fukuoka_SoftBank_Hawks,2025-10-25 18:30:00,2025,Hanshin Tigers,Fukuoka SoftBank Hawks,2.0,1.0,Final,みずほPayPay,300,291,0.5938503412911423,0.6,0.525,0.75,0.55,3.6,3.5,2.85,2.95,5.0,8.0,0.07499999999999996,0.19999999999999996,0.10000000000000009,-0.10000000000000009,-3.0,away,3.0
20251026-Hanshin_Tigers-Fukuoka_SoftBank_Hawks,2025-10-26 18:30:00,2025,Hanshin Tigers,Fukuoka SoftBank Hawks,1.0,10.0,Final,みずほPayPay,301,292,0.5577973358553532,0.55,0.575,0.55,0.75,3.1,3.6,2.55,2.85,1.0,1.0,-0.02499999999999991,-0.19999999999999996,-0.5,-0.30000000000000027,0.0,home,11.0
20251028-Fukuoka_SoftBank_Hawks-Hanshin_Tigers,2025-10-28 18:00:00,2025,Fukuoka SoftBank Hawks,Hanshin Tigers,2.0,1.0,Final,甲子園,293,302,0.45887253811331497,0.575,0.55,0.55,0.95,3.6,3.45,3.05,2.5,2.0,2.0,0.02499999999999991,-0.3999999999999999,0.1499999999999999,0.5499999999999998,0.0,away,3.0
20251029-Fukuoka_SoftBank_Hawks-Hanshin_Tigers,2025-10-29 18:00:00,2025,Fukuoka SoftBank Hawks,Hanshin Tigers,3.0,2.0,Final,甲子園,294,303,0.4307003222427315,0.525,0.6,0.4,1.05,3.55,3.35,3.15,2.3,1.0,1.0,-0.07499999999999996,-0.65,0.19999999999999973,0.8500000000000001,0.0,away,5.0
20251030-Fukuoka_SoftBank_Hawks-Hanshin_Tigers,2025-10-30 18:00:00,2025,Fukuoka SoftBank Hawks,Hanshin Tigers,3.0,2.0,Final,甲子園,295,304,0.4046563443353124,0.525,0.65,0.4,1.15,3.15,3.45,2.75,2.3,1.0,1.0,-0.125,-0.7499999999999999,-0.30000000000000027,0.4500000000000002,0.0,away,5.0
20260327-Chunichi_Dragons-Hiroshima_Toyo_Carp,2026-03-27 18:00:00,2026,Chunichi Dragons,Hiroshima Toyo Carp,5.0,6.0,Final,マツダスタジアム,286,286,0.42457582818502226,0.25,0.35,-1.55,-1.2,2.9,2.75,4.45,3.95,174.0,177.0,-0.09999999999999998,-0.3500000000000001,0.1499999999999999,0.5,-3.0,home,11.0
20260327-Hanshin_Tigers-Yomiuri_Giants,2026-03-27 18:15:00,2026,Hanshin Tigers,Yomiuri Giants,1.0,3.0,Final,東京ドーム,294,296,0.43243367383680686,0.525,0.525,-0.35,0.4,4.2,3.25,4.55,2.85,166.0,148.0,0.0,-0.75,0.9500000000000002,1.6999999999999997,18.0,home,4.0
20260327-Hokkaido_Nippon-Ham_Fighters-Fukuoka_SoftBank_Hawks,2026-03-27 18:30:00,2026,Hokkaido Nippon-Ham Fighters,Fukuoka SoftBank Hawks,5.0,6.0,Final,みずほPayPay,305,300,0.5685085831718787,0.7,0.55,1.25,0.7,3.6,3.5,2.35,2.8,148.0,158.0,0.1499999999999999,0.55,0.10000000000000009,-0.44999999999999973,-10.0,home,11.0
20260327-Saitama_Seibu_Lions-Chiba_Lotte_Marines,2026-03-27 18:30:00,2026,Saitama Seibu Lions,Chiba Lotte Marines,1.0,3.0,Final,ZOZOマリン,289,286,0.5738407510056787,0.45,0.35,0.2,-0.85,3.35,3.75,3.15,4.6,173.0,174.0,0.10000000000000003,1.05,-0.3999999999999999,-1.4499999999999997,-1.0,home,4.0
20260327-Tohoku_Rakuten_Golden_Eagles-Orix_Buffaloes,2026-03-27 18:30:00,2026,Tohoku Rakuten Golden Eagles,Orix Buffaloes,10.0,0.0,Final,京セラD大阪,288,286,0.6029005112045174,0.5,0.45,0.1,-1.1,3.25,2.95,3.15,4.05,166.0,173.0,0.04999999999999999,1.2000000000000002,0.2999999999999998,-0.8999999999999999,-7.0,away,10.0
20260327-Tokyo_Yakult_Swallows-Yokohama_DeNA_BayStars,2026-03-27 18:30:00,2026,Tokyo Yakult Swallows,Yokohama DeNA BayStars,3.0,2.0,Final,横 浜,304,286,0.6112128326718896,0.675,0.575,1.6,0.45,5.05,4.2,3.45,3.75,161.0,174.0,0.10000000000000009,1.1500000000000001,0.8499999999999996,-0.2999999999999998,-13.0,away,5.0
20260328-Hokkaido_Nippon-Ham_Fighters-Fukuoka_SoftBank_Hawks,2026-03-28 13:30:00,2026,Hokkaido Nippon-Ham Fighters,Fukuoka SoftBank Hawks,4.0,6.0,Final,みずほPayPay,306,301,0.5946137522753725,0.75,0.55,1.35,0.7,3.9,3.65,2.55,2.95,1.0,1.0,0.19999999999999996,0.6500000000000001,0.25,-0.40000000000000036,0.0,home,10.0
20260328-Chunichi_Dragons-Hiroshima_Toyo_Carp,2026-03-28 14:00:00,2026,Chunichi Dragons,Hiroshima Toyo Carp,1.0,2.0,Final,マツダスタジアム,287,287,0.4598563852299024,0.3,0.35,-1.35,-1.2,3.15,2.8,4.5,4.0,1.0,1.0,-0.04999999999999999,-0.15000000000000013,0.3500000000000001,0.5,0.0,home,3.0
20260328-Hanshin_Tigers-Yomiuri_Giants,2026-03-28 14:00:00,2026,Hanshin Tigers,Yomiuri Giants,2.0,0.0,Final,東京ドーム,295,297,0.4699533056511783,0.525,0.475,-0.4,0.1,4.05,3.0,4.45,2.9,1.0,1.0,0.050000000000000044,-0.5,1.0499999999999998,1.5500000000000003,0.0,away,2.0
20260328-Saitama_Seibu_Lions-Chiba_Lotte_Marines,2026-03-28 14:00:00,2026,Saitama Seibu Lions,Chiba Lotte Marines,0.0,11.0,Final,ZOZOマリン,290,287,0.6014153509102023,0.45,0.3,-0.1,-1.15,3.05,3.45,3.15,4.6,1.0,1.0,0.15000000000000002,1.0499999999999998,-0.40000000000000036,-1.4499999999999997,0.0,home,11.0
20260328-Tohoku_Rakuten_Golden_Eagles-Orix_Buffaloes,2026-03-28 14:00:00,2026,Tohoku Rakuten Golden Eagles,Orix Buffaloes,0.0,6.0,Final,京セラD大阪,289,287,0.5487071932542682,0.5,0.45,-0.35,-0.75,3.2,3.15,3.55,3.9,1.0,1.0,0.04999999999999999,0.4,0.050000000000000266,-0.3500000000000001,0.0,home,6.0
20260328-Tokyo_Yakult_Swallows-Yokohama_DeNA_BayStars,2026-03-28 14:00:00,2026,Tokyo Yakult Swallows,Yokohama DeNA BayStars,5.0,2.0,Final,横 浜,305,287,0.5745445151252121,0.625,0.575,1.15,0.45,4.65,4.05,3.5,3.6,1.0,1.0,0.050000000000000044,0.7,0.6000000000000005,-0.10000000000000009,0.0,away,7.0
20260329-Hokkaido_Nippon-Ham_Fighters-Fukuoka_SoftBank_Hawks,2026-03-29 13:00:00,2026,Hokkaido Nippon-Ham Fighters,Fukuoka SoftBank Hawks,4.0,8.0,Final,みずほPayPay,307,302,0.6204244869168063,0.75,0.55,1.2,0.65,3.8,3.75,2.6,3.1,1.0,1.0,0.19999999999999996,0.5499999999999999,0.04999999999999982,-0.5,0.0,home,12.0
20260329-Tohoku_Rakuten_Golden_Eagles-Orix_Buffaloes,2026-03-29 13:00:00,2026,Tohoku Rakuten Golden Eagles,Orix Buffaloes,4.0,5.0,Final,京セラD大阪,290,288,0.5864335886924987,0.55,0.45,0.0,-0.95,3.35,2.95,3.35,3.9,1.0,1.0,0.10000000000000003,0.95,0.3999999999999999,-0.5499999999999998,0.0,home,9.0
20260329-Chunichi_Dragons-Hiroshima_Toyo_Carp,2026-03-29 13:30:00,2026,Chunichi Dragons,Hiroshima Toyo Carp,0.0,1.0,Final,マツダスタジアム,288,288,0.4933508054717716,0.35,0.35,-1.2,-1.1,3.25,2.7,4.45,3.8,1.0,1.0,0.0,-0.09999999999999987,0.5499999999999998,0.6500000000000004,0.0,home,1.0
20260329-Hanshin_Tigers-Yomiuri_Giants,2026-03-29 14:00:00,2026,Hanshin Tigers,Yomiuri Giants,12.0,6.0,Final,東京ドーム,296,298,0.43884368295282433,0.475,0.475,-0.6,-0.05,3.75,2.8,4.35,2.85,1.0,1.0,0.0,-0.5499999999999999,0.9500000000000002,1.4999999999999996,0.0,away,18.0
20260329-Saitama_Seibu_Lions-Chiba_Lotte_Marines,2026-03-29 14:00:00,2026,Saitama Seibu Lions,Chiba Lotte Marines,4.0,0.0,Final,ZOZOマリン,291,288,0.6360382473641214,0.5,0.3,0.6,-1.65,3.45,3.25,2.85,4.9,1.0,1.0,0.2,2.25,0.20000000000000018,-2.0500000000000003,0.0,away,4.0
20260329-Tokyo_Yakult_Swallows-Yokohama_DeNA_BayStars,2026-03-29 14:00:00,2026,Tokyo Yakult Swallows,Yokohama DeNA BayStars,5.0,3.0,Final,横 浜,306,288,0.5340405074610565,0.575,0.625,0.8,1.0,4.45,4.2,3.65,3.2,1.0,1.0,-0.050000000000000044,-0.19999999999999996,0.25,0.44999999999999973,0.0,away,8.0
20260331-Fukuoka_SoftBank_Hawks-Tohoku_Rakuten_Golden_Eagles,2026-03-31 16:00:00,2026,Fukuoka SoftBank Hawks,Tohoku Rakuten Golden Eagles,4.0,2.0,Final,楽天モバイル,289,308,0.2673350183235497,0.4,0.75,-1.2,1.1,2.9,3.9,4.1,2.8,2.0,2.0,-0.35,-2.3,-1.0,1.2999999999999998,0.0,away,6.0
20260331-Hiroshima_Toyo_Carp-Tokyo_Yakult_Swallows,2026-03-31 18:00:00,2026,Hiroshima Toyo Carp,Tokyo Yakult Swallows,3.0,8.0,Final,神 宮,289,289,0.6975919334400811,0.675,0.4,1.3,-1.05,4.35,3.1,3.05,4.15,2.0,2.0,0.275,2.35,1.2499999999999996,-1.1000000000000005,0.0,home,11.0
20260331-Orix_Buffaloes-Saitama_Seibu_Lions,2026-03-31 18:00:00,2026,Orix Buffaloes,Saitama Seibu Lions,3.0,5.0,Final,ベルーナドーム,289,291,0.40194905699939515,0.35,0.6,-1.4,0.3,3.3,3.6,4.7,3.3,2.0,2.0,-0.25,-1.7,-0.30000000000000027,1.4000000000000004,0.0,home,8.0
20260331-Yokohama_DeNA_BayStars-Hanshin_Tigers,2026-03-31 18:00:00,2026,Yokohama DeNA BayStars,Hanshin Tigers,1.0,4.0,Final,京セラD大阪,299,307,0.5926679024103394,0.475,0.525,0.0,0.6,3.05,4.15,3.05,3.55,2.0,2.0,-0.050000000000000044,-0.6,-1.1000000000000005,-0.5,0.0,home,5.0
20260331-Yomiuri_Giants-Chunichi_Dragons,2026-03-31 18:15:00,2026,Yomiuri Giants,Chunichi Dragons,5.0,2.0,Final,バンテリンドーム,289,297,0.4457627610919676,0.35,0.425,-1.1,-0.95,2.6,3.85,3.7,4.8,2.0,2.0,-0.07500000000000001,-0.15000000000000013,-1.25,-1.0999999999999996,0.0,away,7.0
20260331-Chiba_Lotte_Marines-Hokkaido_Nippon-Ham_Fighters,2026-03-31 18:30:00,2026,Chiba Lotte Marines,Hokkaido Nippon-Ham Fighters,0.0,9.0,Final,エスコンＦ,303,292,0.6620883869199156,0.5,0.45,0.4,0.3,3.55,3.15,3.15,2.85,2.0,2.0,0.04999999999999999,0.10000000000000003,0.3999999999999999,0.2999999999999998,0.0,home,9.0
20260401-Fukuoka_SoftBank_Hawks-Tohoku_Rakuten_Golden_Eagles,2026-04-01 13:00:00,2026,Fukuoka SoftBank Hawks,Tohoku Rakuten Golden Eagles,6.0,1.0,Final,楽天モバイル,290,309,0.25358341006194157,0.35,0.75,-1.35,1.15,2.75,3.9,4.1,2.75,1.0,1.0,-0.4,-2.5,-1.15,1.3499999999999996,0.0,away,7.0
20260401-Hiroshima_Toyo_Carp-Tokyo_Yakult_Swallows,2026-04-01 18:00:00,2026,Hiroshima Toyo Carp,Tokyo Yakult Swallows,,,Postponed,神 宮,290,290,0.7177527788535317,0.675,0.4,1.45,-1.25,4.35,3.1,2.9,4.35,1.0,1.0,0.275,2.7,1.2499999999999996,-1.4499999999999997,0.0,,
20260401-Orix_Buffaloes-Saitama_Seibu_Lions,2026-04-01 18:00:00,2026,Orix Buffaloes,Saitama Seibu Lions,4.0,0.0,Final,ベルーナドーム,290,292,0.44087510358521687,0.4,0.55,-0.95,0.0,3.3,3.4,4.25,3.4,1.0,1.0,-0.15000000000000002,-0.95,-0.10000000000000009,0.8500000000000001,0.0,away,4.0
20260401-Yokohama_DeNA_BayStars-Hanshin_Tigers,2026-04-01 18:00:00,2026,Yokohama DeNA BayStars,Hanshin Tigers,4.0,1.0,Final,京セラD大阪,300,308,0.6204142986843828,0.475,0.475,-0.05,0.3,3.05,4.05,3.1,3.75,1.0,1.0,0.0,-0.35,-1.0,-0.6499999999999999,0.0,away,5.0
20260401-Yomiuri_Giants-Chunichi_Dragons,2026-04-01 18:00:00,2026,Yomiuri Giants,Chunichi Dragons,6.0,5.0,Final,バンテリンドーム,290,298,0.4145759249941993,0.3,0.475,-1.4,-0.75,2.4,4.0,3.8,4.75,1.0,1.0,-0.175,-0.6499999999999999,-1.6,-0.9500000000000002,0.0,away,11.0
20260401-Chiba_Lotte_Marines-Hokkaido_Nippon-Ham_Fighters,2026-04-01 18:30:00,2026,Chiba Lotte Marines,Hokkaido Nippon-Ham Fighters,4.0,2.0,Final,エスコンＦ,304,293,0.6893550733801334,0.5,0.45,0.6,0.05,3.65,3.1,3.05,3.05,1.0,1.0,0.04999999999999999,0.5499999999999999,0.5499999999999998,0.0,0.0,away,6.0
20260402-Fukuoka_SoftBank_Hawks-Tohoku_Rakuten_Golden_Eagles,2026-04-02 13:00:00,2026,Fukuoka SoftBank Hawks,Tohoku Rakuten Golden Eagles,4.0,5.0,Final,楽天モバイル,291,310,0.23842448349317424,0.3,0.75,-1.65,1.25,2.65,4.0,4.3,2.75,1.0,1.0,-0.45,-2.9,-1.35,1.5499999999999998,0.0,home,9.0
20260402-Orix_Buffaloes-Saitama_Seibu_Lions,2026-04-02 13:00:00,2026,Orix Buffaloes,Saitama Seibu Lions,7.0,3.0,Final,ベルーナドーム,291,293,0.40815171395735206,0.4,0.6,-1.0,0.25,2.9,3.55,3.9,3.3,1.0,1.0,-0.19999999999999996,-1.25,-0.6499999999999999,0.6000000000000001,0.0,away,10.0
20260402-Chiba_Lotte_Marines-Hokkaido_Nippon-Ham_Fighters,2026-04-02 18:00:00,2026,Chiba Lotte Marines,Hokkaido Nippon-Ham Fighters,1.0,7.0,Final,エスコンＦ,305,294,0.6486201181126171,0.5,0.5,0.6,0.2,3.75,3.1,3.15,2.9,1.0,1.0,0.0,0.39999999999999997,0.6499999999999999,0.25,0.0,home,8.0
20260402-Hiroshima_Toyo_Carp-Tokyo_Yakult_Swallows,2026-04-02 18:00:00,2026,Hiroshima Toyo Carp,Tokyo Yakult Swallows,1.0,2.0,Final,神 宮,290,290,0.7177527788535317,0.675,0.4,1.45,-1.25,4.35,3.1,2.9,4.35,2.0,2.0,0.275,2.7,1.2499999999999996,-1.4499999999999997,0.0,home,3.0
20260402-Yokohama_DeNA_BayStars-Hanshin_Tigers,2026-04-02 18:00:00,2026,Yokohama DeNA BayStars,Hanshin Tigers,3.0,4.0,Final,京セラD大阪,301,309,0.5779018190038391,0.475,0.475,-0.05,0.4,3.05,4.2,3.1,3.8,1.0,1.0,0.0,-0.45,-1.1500000000000004,-0.6999999999999997,0.0,home,7.0
20260402-Yomiuri_Giants-Chunichi_Dragons,2026-04-02 18:00:00,2026,Yomiuri Giants,Chunichi Dragons,1.0,2.0,Final,バンテリンドーム,291,299,0.38979434168469246,0.3,0.475,-1.4,-0.75,2.4,3.75,3.8,4.5,1.0,1.0,-0.175,-0.6499999999999999,-1.35,-0.7000000000000002,0.0,home,3.0
20260403-Chunichi_Dragons-Tokyo_Yakult_Swallows,2026-04-03 18:00:00,2026,Chunichi Dragons,Tokyo Yakult Swallows,1.0,0.0,Final,神 宮,291,292,0.7197601363435473,0.725,0.35,1.7,-0.9,4.35,2.5,2.65,3.4,1.0,1.0,0.375,2.6,1.8499999999999996,-0.75,0.0,away,1.0
20260403-Fukuoka_SoftBank_Hawks-Chiba_Lotte_Marines,2026-04-03 18:00:00,2026,Fukuoka SoftBank Hawks,Chiba Lotte Marines,2.0,3.0,Final,ZOZOマリン,295,311,0.27971379994581025,0.5,0.7,0.1,1.05,3.0,4.0,2.9,2.95,1.0,1.0,-0.19999999999999996,-0.9500000000000001,-1.0,-0.050000000000000266,0.0,home,5.0
20260403-Hanshin_Tigers-Hiroshima_Toyo_Carp,2026-04-03 18:00:00,2026,Hanshin Tigers,Hiroshima Toyo Carp,4.0,2.0,Final,マツダスタジアム,291,302,0.29943768775032575,0.35,0.525,-1.35,0.35,3.0,3.2,4.35,2.85,1.0,1.0,-0.17500000000000004,-1.7000000000000002,-0.20000000000000018,1.4999999999999996,0.0,away,6.0
20260403-Orix_Buffaloes-Hokkaido_Nippon-Ham_Fighters,2026-04-03 18:00:00,2026,Orix Buffaloes,Hokkaido Nippon-Ham Fighters,3.0,12.0,Final,エスコンＦ,306,294,0.5964738663271034,0.55,0.65,1.25,0.5,4.1,3.85,2.85,3.35,1.0,1.0,-0.09999999999999998,0.75,0.24999999999999956,-0.5,0.0,home,15.0
20260403-Tohoku_Rakuten_Golden_Eagles-Saitama_Seibu_Lions,2026-04-03 18:00:00,2026,Tohoku Rakuten Golden Eagles,Saitama Seibu Lions,6.0,3.0,Final,ベルーナドーム,292,292,0.46812597677685186,0.35,0.35,-1.25,-1.25,2.95,2.9,4.2,4.15,1.0,1.0,0.0,0.0,0.050000000000000266,0.04999999999999982,0.0,away,9.0
20260403-Yokohama_DeNA_BayStars-Yomiuri_Giants,2026-04-03 18:00:00,2026,Yokohama DeNA BayStars,Yomiuri Giants,3.0,1.0,Final,東京ドーム,300,310,0.4814700291616861,0.475,0.425,-0.7,0.2,3.45,4.0,4.15,3.8,1.0,1.0,0.04999999999999999,-0.8999999999999999,-0.5499999999999998,0.35000000000000053,0.0,away,4.0
20260404-Chunichi_Dragons-Tokyo_Yakult_Swallows,2026-04-04 14:00:00,2026,Chunichi Dragons,Tokyo Yakult Swallows,6.0,11.0,Final,神 宮,292,293,0.682282842644764,0.725,0.4,1.75,-0.6,4.25,2.55,2.5,3.15,1.0,1.0,0.32499999999999996,2.35,1.7000000000000002,-0.6499999999999999,0.0,home,17.0
20260404-Fukuoka_SoftBank_Hawks-Chiba_Lotte_Marines,2026-04-04 14:00:00,2026,Fukuoka SoftBank Hawks,Chiba Lotte Marines,5.0,2.0,Final,ZOZOマリン,296,312,0.3171800733491226,0.5,0.7,0.1,1.05,3.05,4.05,2.95,3.0,1.0,1.0,-0.19999999999999996,-0.9500000000000001,-1.0,-0.04999999999999982,0.0,away,7.0
20260404-Hanshin_Tigers-Hiroshima_Toyo_Carp,2026-04-04 14:00:00,2026,Hanshin Tigers,Hiroshima Toyo Carp,7.0,5.0,Final,マツダスタジアム,292,303,0.2829334907331677,0.3,0.575,-1.9,0.5,2.65,3.3,4.55,2.8,1.0,1.0,-0.27499999999999997,-2.4,-0.6499999999999999,1.75,0.0,away,12.0
20260404-Orix_Buffaloes-Hokkaido_Nippon-Ham_Fighters,2026-04-04 14:00:00,2026,Orix Buffaloes,Hokkaido Nippon-Ham Fighters,3.0,6.0,Final,エスコンＦ,307,295,0.6316864879765012,0.6,0.6,1.75,0.0,4.5,3.75,2.75,3.75,1.0,1.0,0.0,1.75,0.75,-1.0,0.0,home,9.0
20260404-Tohoku_Rakuten_Golden_Eagles-Saitama_Seibu_Lions,2026-04-04 14:00:00,2026,Tohoku Rakuten Golden Eagles,Saitama Seibu Lions,2.0,1.0,Final,ベルーナドーム,293,293,0.43503708559343696,0.3,0.4,-1.55,-0.95,2.9,3.15,4.45,4.1,1.0,1.0,-0.10000000000000003,-0.6000000000000001,-0.25,0.35000000000000053,0.0,away,3.0
20260404-Yokohama_DeNA_BayStars-Yomiuri_Giants,2026-04-04 14:00:00,2026,Yokohama DeNA BayStars,Yomiuri Giants,4.0,8.0,Final,東京ドーム,301,311,0.44948433036331376,0.475,0.475,-0.65,0.5,3.5,4.15,4.15,3.65,1.0,1.0,0.0,-1.15,-0.6500000000000004,0.5000000000000004,0.0,home,12.0
20260405-Fukuoka_SoftBank_Hawks-Chiba_Lotte_Marines,2026-04-05 13:00:00,2026,Fukuoka SoftBank Hawks,Chiba Lotte Marines,4.0,3.0,Final,ZOZOマリン,297,313,0.297898964247174,0.45,0.7,-0.4,0.8,2.8,3.8,3.2,3.0,1.0,1.0,-0.24999999999999994,-1.2000000000000002,-1.0,0.20000000000000018,0.0,away,7.0
20260405-Orix_Buffaloes-Hokkaido_Nippon-Ham_Fighters,2026-04-05 13:00:00,2026,Orix Buffaloes,Hokkaido Nippon-Ham Fighters,2.0,8.0,Final,エスコンＦ,308,296,0.6557970190221655,0.6,0.55,1.75,-0.2,4.4,3.8,2.65,4.0,1.0,1.0,0.04999999999999993,1.95,0.6000000000000005,-1.35,0.0,home,10.0
20260405-Chunichi_Dragons-Tokyo_Yakult_Swallows,2026-04-05 13:30:00,2026,Chunichi Dragons,Tokyo Yakult Swallows,5.0,7.0,Final,神 宮,293,294,0.7040591278815421,0.725,0.35,1.75,-0.9,4.55,2.8,2.8,3.7,1.0,1.0,0.375,2.65,1.75,-0.9000000000000004,0.0,home,12.0
20260405-Hanshin_Tigers-Hiroshima_Toyo_Carp,2026-04-05 14:00:00,2026,Hanshin Tigers,Hiroshima Toyo Carp,1.0,2.0,Final,マツダスタジアム,293,304,0.26785589264993365,0.25,0.6,-2.25,0.6,2.65,3.55,4.9,2.95,1.0,1.0,-0.35,-2.85,-0.8999999999999999,1.9500000000000002,0.0,home,3.0
20260405-Tohoku_Rakuten_Golden_Eagles-Saitama_Seibu_Lions,2026-04-05 14:00:00,2026,Tohoku Rakuten Golden Eagles,Saitama Seibu Lions,1.0,1.0,Final,ベルーナドーム,294,294,0.4086585873822636,0.3,0.4,-1.55,-0.95,2.9,3.15,4.45,4.1,1.0,1.0,-0.10000000000000003,-0.6000000000000001,-0.25,0.35000000000000053,0.0,draw,2.0
20260405-Yokohama_DeNA_BayStars-Yomiuri_Giants,2026-04-05 14:00:00,2026,Yokohama DeNA BayStars,Yomiuri Giants,2.0,3.0,Final,東京ドーム,302,312,0.4911434224527309,0.475,0.425,-0.55,0.15,3.7,4.15,4.25,4.0,1.0,1.0,0.04999999999999999,-0.7000000000000001,-0.4500000000000002,0.25,0.0,home,5.0
20260407-Saitama_Seibu_Lions-Fukuoka_SoftBank_Hawks,2026-04-07 14:00:00,2026,Saitama Seibu Lions,Fukuoka SoftBank Hawks,8.0,6.0,Final,みずほPayPay,314,295,0.8246497034420164,0.7,0.275,0.7,-1.85,3.75,2.55,3.05,4.4,2.0,2.0,0.42499999999999993,2.55,1.2000000000000002,-1.3500000000000005,0.0,away,14.0
20260407-Chiba_Lotte_Marines-Orix_Buffaloes,2026-04-07 18:00:00,2026,Chiba Lotte Marines,Orix Buffaloes,1.0,3.0,Final,京セラD大阪,297,298,0.5656826588778856,0.5,0.45,-0.55,-0.4,3.85,2.6,4.4,3.0,2.0,2.0,0.04999999999999999,-0.15000000000000002,1.25,1.4000000000000004,0.0,home,4.0
20260407-Chunichi_Dragons-Yokohama_DeNA_BayStars,2026-04-07 18:00:00,2026,Chunichi Dragons,Yokohama DeNA BayStars,3.0,5.0,Final,横 浜,313,295,0.6535268187896989,0.375,0.35,-0.15,-0.8,3.9,2.95,4.05,3.75,2.0,2.0,0.025000000000000022,0.65,0.9499999999999997,0.2999999999999998,0.0,home,8.0
20260407-Hokkaido_Nippon-Ham_Fighters-Tohoku_Rakuten_Golden_Eagles,2026-04-07 18:00:00,2026,Hokkaido Nippon-Ham Fighters,Tohoku Rakuten Golden Eagles,0.0,3.0,Final,楽天モバイル,295,309,0.3535004173998689,0.425,0.6,-0.65,1.95,3.1,4.7,3.75,2.75,2.0,2.0,-0.175,-2.6,-1.6,1.0,0.0,home,3.0
20260407-Tokyo_Yakult_Swallows-Hanshin_Tigers,2026-04-07 18:00:00,2026,Tokyo Yakult Swallows,Hanshin Tigers,3.0,9.0,Final,甲子園,305,294,0.5442183952684118,0.55,0.725,0.35,1.65,3.3,4.6,2.95,2.95,2.0,2.0,-0.17499999999999993,-1.2999999999999998,-1.2999999999999998,0.0,0.0,home,12.0
20260407-Yomiuri_Giants-Hiroshima_Toyo_Carp,2026-04-07 18:00:00,2026,Yomiuri Giants,Hiroshima Toyo Carp,2.0,5.0,Final,マツダスタジアム,294,303,0.3950665751910832,0.3,0.525,-2.1,-0.25,2.45,3.85,4.55,4.1,2.0,2.0,-0.22500000000000003,-1.85,-1.4,0.4500000000000002,0.0,home,7.0
20260408-Chiba_Lotte_Marines-Orix_Buffaloes,2026-04-08 18:00:00,2026,Chiba Lotte Marines,Orix Buffaloes,1.0,9.0,Final,京セラD大阪,298,299,0.5939367473685401,0.5,0.45,-0.5,-0.25,3.95,2.55,4.45,2.8,1.0,1.0,0.04999999999999999,-0.25,1.4000000000000004,1.6500000000000004,0.0,home,10.0
20260408-Chunichi_Dragons-Yokohama_DeNA_BayStars,2026-04-08 18:00:00,2026,Chunichi Dragons,Yokohama DeNA BayStars,6.0,4.0,Final,横 浜,314,296,0.6741731993341937,0.4,0.35,-0.05,-0.85,4.05,3.1,4.1,3.95,1.0,1.0,0.050000000000000044,0.7999999999999999,0.9499999999999997,0.14999999999999947,0.0,away,10.0
20260408-Hokkaido_Nippon-Ham_Fighters-Tohoku_Rakuten_Golden_Eagles,2026-04-08 18:00:00,2026,Hokkaido Nippon-Ham Fighters,Tohoku Rakuten Golden Eagles,1.0,0.0,Final,楽天モバイル,296,310,0.3967323790084323,0.425,0.55,-0.85,1.75,2.9,4.5,3.75,2.75,1.0,1.0,-0.12500000000000006,-2.6,-1.6,1.0,0.0,away,1.0
20260408-Saitama_Seibu_Lions-Fukuoka_SoftBank_Hawks,2026-04-08 18:00:00,2026,Saitama Seibu Lions,Fukuoka SoftBank Hawks,2.0,1.0,Final,みずほPayPay,315,296,0.7904945811869546,0.65,0.325,0.55,-1.7,3.95,2.95,3.4,4.65,1.0,1.0,0.325,2.25,1.0,-1.2500000000000004,0.0,away,3.0
20260408-Tokyo_Yakult_Swallows-Hanshin_Tigers,2026-04-08 18:00:00,2026,Tokyo Yakult Swallows,Hanshin Tigers,3.0,2.0,Final,甲子園,306,295,0.58240628636882,0.6,0.725,0.75,1.5,3.6,4.75,2.85,3.25,1.0,1.0,-0.125,-0.75,-1.15,-0.3999999999999999,0.0,away,5.0
20260408-Yomiuri_Giants-Hiroshima_Toyo_Carp,2026-04-08 18:00:00,2026,Yomiuri Giants,Hiroshima Toyo Carp,2.0,1.0,Final,マツダスタジアム,295,304,0.4370007979486112,0.3,0.475,-2.15,-0.45,2.4,3.7,4.55,4.15,1.0,1.0,-0.175,-1.7,-1.3000000000000003,0.39999999999999947,0.0,away,3.0
20260409-Chiba_Lotte_Marines-Orix_Buffaloes,2026-04-09 18:00:00,2026,Chiba Lotte Marines,Orix Buffaloes,1.0,2.0,Final,京セラD大阪,299,300,0.629451185481329,0.55,0.4,0.0,-0.75,4.2,2.5,4.2,3.25,1.0,1.0,0.15000000000000002,0.75,1.7000000000000002,0.9500000000000002,0.0,home,3.0
20260409-Hokkaido_Nippon-Ham_Fighters-Tohoku_Rakuten_Golden_Eagles,2026-04-09 18:00:00,2026,Hokkaido Nippon-Ham Fighters,Tohoku Rakuten Golden Eagles,4.0,2.0,Final,楽天モバイル,297,311,0.37337662449318765,0.425,0.55,-0.65,1.75,2.75,4.45,3.4,2.7,1.0,1.0,-0.12500000000000006,-2.4,-1.7000000000000002,0.6999999999999997,0.0,away,6.0
20260409-Saitama_Seibu_Lions-Fukuoka_SoftBank_Hawks,2026-04-09 18:00:00,2026,Saitama Seibu Lions,Fukuoka SoftBank Hawks,0.0,2.0,Final,みずほPayPay,316,297,0.7560841968967472,0.6,0.375,0.35,-1.4,3.85,3.05,3.5,4.45,1.0,1.0,0.22499999999999998,1.75,0.8000000000000003,-0.9500000000000002,0.0,home,2.0
20260409-Tokyo_Yakult_Swallows-Hanshin_Tigers,2026-04-09 18:00:00,2026,Tokyo Yakult Swallows,Hanshin Tigers,0.0,2.0,Final,甲子園,307,296,0.5468191825297716,0.6,0.725,0.8,1.2,3.6,4.5,2.8,3.3,1.0,1.0,-0.125,-0.3999999999999999,-0.8999999999999999,-0.5,0.0,home,2.0
20260409-Yomiuri_Giants-Hiroshima_Toyo_Carp,2026-04-09 18:00:00,2026,Yomiuri Giants,Hiroshima Toyo Carp,,,Postponed,マツダスタジアム,296,305,0.4104715899379067,0.3,0.475,-1.95,-0.5,2.4,3.65,4.35,4.15,1.0,1.0,-0.175,-1.45,-1.25,0.1999999999999993,0.0,,
20260410-Chiba_Lotte_Marines-Saitama_Seibu_Lions,2026-04-10 18:00:00,2026,Chiba Lotte Marines,Saitama Seibu Lions,6.0,3.0,Final,県営大宮,298,301,0.5208235121061796,0.325,0.35,-1.55,-0.85,2.8,2.5,4.35,3.35,1.0,1.0,-0.024999999999999967,-0.7000000000000001,0.2999999999999998,0.9999999999999996,0.0,away,9.0
20260410-Hanshin_Tigers-Chunichi_Dragons,2026-04-10 18:00:00,2026,Hanshin Tigers,Chunichi Dragons,5.0,3.0,Final,バンテリンドーム,297,308,0.3100895782426506,0.4,0.6,-0.6,0.7,3.2,3.4,3.8,2.7,2.0,1.0,-0.19999999999999996,-1.2999999999999998,-0.19999999999999973,1.0999999999999996,1.0,away,8.0
20260410-Hiroshima_Toyo_Carp-Yokohama_DeNA_BayStars,2026-04-10 18:00:00,2026,Hiroshima Toyo Carp,Yokohama DeNA BayStars,,,Postponed,横 浜,315,296,0.6466969435293705,0.35,0.3,-0.2,-1.95,4.0,2.4,4.2,4.35,2.0,2.0,0.04999999999999999,1.75,1.6,-0.14999999999999947,0.0,,
20260410-Orix_Buffaloes-Tohoku_Rakuten_Golden_Eagles,2026-04-10 18:00:00,2026,Orix Buffaloes,Tohoku Rakuten Golden Eagles,,,Postponed,楽天モバイル,298,300,0.4643916215791161,0.425,0.55,-0.45,-0.05,2.85,4.2,3.3,4.25,1.0,1.0,-0.12500000000000006,-0.4,-1.35,-0.9500000000000002,0.0,,
20260410-Tokyo_Yakult_Swallows-Yomiuri_Giants,2026-04-10 18:00:00,2026,Tokyo Yakult Swallows,Yomiuri Giants,2.0,3.0,Final,東京ドーム,305,297,0.4535555538536955,0.475,0.675,-0.5,1.05,3.65,4.35,4.15,3.3,2.0,1.0,-0.20000000000000007,-1.55,-0.6999999999999997,0.8500000000000005,1.0,home,5.0
20260411-Fukuoka_SoftBank_Hawks-Hokkaido_Nippon-Ham_Fighters,2026-04-11 14:00:00,2026,Fukuoka SoftBank Hawks,Hokkaido Nippon-Ham Fighters,6.0,3.0,Final,エスコンＦ,312,317,0.5118126714809195,0.6,0.65,2.0,0.75,4.65,3.95,2.65,3.2,2.0,2.0,-0.050000000000000044,1.25,0.7000000000000002,-0.5500000000000003,0.0,away,9.0
20260411-Hanshin_Tigers-Chunichi_Dragons,2026-04-11 14:00:00,2026,Hanshin Tigers,Chunichi Dragons,9.0,3.0,Final,バンテリンドーム,298,309,0.2926547203949307,0.4,0.6,-0.5,0.7,3.25,3.55,3.75,2.85,1.0,1.0,-0.19999999999999996,-1.2,-0.2999999999999998,0.8999999999999999,0.0,away,12.0
20260411-Hiroshima_Toyo_Carp-Yokohama_DeNA_BayStars,2026-04-11 14:00:00,2026,Hiroshima Toyo Carp,Yokohama DeNA BayStars,3.0,4.0,Final,横 浜,315,296,0.6466969435293705,0.35,0.3,-0.2,-1.95,4.0,2.4,4.2,4.35,3.0,3.0,0.04999999999999999,1.75,1.6,-0.14999999999999947,0.0,home,7.0
20260411-Orix_Buffaloes-Tohoku_Rakuten_Golden_Eagles,2026-04-11 14:00:00,2026,Orix Buffaloes,Tohoku Rakuten Golden Eagles,4.0,11.0,Final,楽天モバイル,298,300,0.4643916215791161,0.425,0.55,-0.45,-0.05,2.85,4.2,3.3,4.25,2.0,2.0,-0.12500000000000006,-0.4,-1.35,-0.9500000000000002,0.0,home,15.0
20260411-Chiba_Lotte_Marines-Saitama_Seibu_Lions,2026-04-11 17:00:00,2026,Chiba Lotte Marines,Saitama Seibu Lions,2.0,5.0,Final,ベルーナドーム,299,302,0.4836649252388449,0.325,0.35,-1.55,-0.95,2.7,2.55,4.25,3.5,1.0,1.0,-0.024999999999999967,-0.6000000000000001,0.15000000000000036,0.75,0.0,home,7.0
20260411-Tokyo_Yakult_Swallows-Yomiuri_Giants,2026-04-11 18:00:00,2026,Tokyo Yakult Swallows,Yomiuri Giants,3.0,2.0,Final,東京ドーム,306,298,0.48739628954277675,0.525,0.675,-0.3,1.15,3.7,4.45,4.0,3.3,1.0,1.0,-0.15000000000000002,-1.45,-0.75,0.7000000000000002,0.0,away,5.0
20260412-Chiba_Lotte_Marines-Saitama_Seibu_Lions,2026-04-12 13:00:00,2026,Chiba Lotte Marines,Saitama Seibu Lions,1.0,2.0,Final,ベルーナドーム,300,303,0.5205036740382613,0.375,0.3,-1.25,-1.2,2.9,2.35,4.15,3.55,1.0,1.0,0.07500000000000001,-0.050000000000000044,0.5499999999999998,0.6000000000000005,0.0,home,3.0
20260412-Fukuoka_SoftBank_Hawks-Hokkaido_Nippon-Ham_Fighters,2026-04-12 13:00:00,2026,Fukuoka SoftBank Hawks,Hokkaido Nippon-Ham Fighters,11.0,7.0,Final,エスコンＦ,313,318,0.4753017284712385,0.55,0.7,1.75,1.2,4.7,4.1,2.95,2.9,1.0,1.0,-0.1499999999999999,0.55,0.6000000000000005,0.050000000000000266,0.0,away,18.0
20260412-Orix_Buffaloes-Tohoku_Rakuten_Golden_Eagles,2026-04-12 13:00:00,2026,Orix Buffaloes,Tohoku Rakuten Golden Eagles,0.0,4.0,Final,楽天モバイル,299,301,0.5124267491245992,0.475,0.5,-0.05,-0.65,3.25,3.9,3.3,4.55,1.0,1.0,-0.025000000000000022,0.6,-0.6499999999999999,-1.25,0.0,home,4.0
20260412-Hanshin_Tigers-Chunichi_Dragons,2026-04-12 13:30:00,2026,Hanshin Tigers,Chunichi Dragons,3.0,0.0,Final,バンテリンドーム,299,310,0.27244416151699785,0.35,0.6,-0.95,0.9,3.25,3.75,4.2,2.85,1.0,1.0,-0.25,-1.85,-0.5,1.35,0.0,away,3.0
20260412-Hiroshima_Toyo_Carp-Yokohama_DeNA_BayStars,2026-04-12 14:00:00,2026,Hiroshima Toyo Carp,Yokohama DeNA BayStars,5.0,6.0,Final,横 浜,316,297,0.6665029830299777,0.4,0.3,-0.1,-1.75,3.8,2.45,3.9,4.2,1.0,1.0,0.10000000000000003,1.65,1.3499999999999996,-0.30000000000000027,0.0,home,11.0
20260412-Tokyo_Yakult_Swallows-Yomiuri_Giants,2026-04-12 14:00:00,2026,Tokyo Yakult Swallows,Yomiuri Giants,2.0,0.0,Final,東京ドーム,307,299,0.45719730924411384,0.525,0.675,-0.1,0.7,3.8,4.05,3.9,3.35,1.0,1.0,-0.15000000000000002,-0.7999999999999999,-0.25,0.5499999999999998,0.0,away,2.0
20260414-Hiroshima_Toyo_Carp-Chunichi_Dragons,2026-04-14 18:00:00,2026,Hiroshima Toyo Carp,Chunichi Dragons,2.0,6.0,Final,豊 橋,300,298,0.5319203504833201,0.3,0.3,-1.25,-1.75,3.0,2.5,4.25,4.25,2.0,2.0,0.0,0.5,0.5,0.0,0.0,home,8.0
20260414-Hokkaido_Nippon-Ham_Fighters-Chiba_Lotte_Marines,2026-04-14 18:00:00,2026,Hokkaido Nippon-Ham Fighters,Chiba Lotte Marines,5.0,1.0,Final,ZOZOマリン,304,314,0.3142669915192083,0.3,0.5,-1.15,1.5,2.4,4.8,3.55,3.3,2.0,2.0,-0.2,-2.65,-2.4,0.25,0.0,away,6.0
20260414-Saitama_Seibu_Lions-Orix_Buffaloes,2026-04-14 18:00:00,2026,Saitama Seibu Lions,Orix Buffaloes,1.0,5.0,Final,京セラD大阪,302,301,0.6045656145315439,0.45,0.425,-1.05,-1.05,3.7,2.95,4.75,4.0,2.0,2.0,0.025000000000000022,0.0,0.75,0.75,0.0,home,6.0
20260414-Tohoku_Rakuten_Golden_Eagles-Fukuoka_SoftBank_Hawks,2026-04-14 18:00:00,2026,Tohoku Rakuten Golden Eagles,Fukuoka SoftBank Hawks,3.0,2.0,Final,みずほPayPay,319,300,0.7090182370572377,0.75,0.525,1.7,0.25,4.6,3.45,2.9,3.2,2.0,2.0,0.22499999999999998,1.45,1.1499999999999995,-0.30000000000000027,0.0,away,5.0
20260414-Yokohama_DeNA_BayStars-Tokyo_Yakult_Swallows,2026-04-14 18:00:00,2026,Yokohama DeNA BayStars,Tokyo Yakult Swallows,3.0,5.0,Final,松 山,300,317,0.5920911202106747,0.675,0.4,0.7,-0.45,4.0,3.6,3.3,4.05,2.0,2.0,0.275,1.15,0.3999999999999999,-0.75,0.0,home,8.0
20260414-Yomiuri_Giants-Hanshin_Tigers,2026-04-14 18:00:00,2026,Yomiuri Giants,Hanshin Tigers,4.0,3.0,Final,甲子園,311,308,0.6887334633437215,0.6,0.525,0.85,-0.15,3.7,3.6,2.85,3.75,2.0,2.0,0.07499999999999996,1.0,0.10000000000000009,-0.8999999999999999,0.0,away,7.0
20260415-Hiroshima_Toyo_Carp-Chunichi_Dragons,2026-04-15 18:00:00,2026,Hiroshima Toyo Carp,Chunichi Dragons,5.0,2.0,Final,バンテリンドーム,301,299,0.5671233449998931,0.3,0.3,-1.2,-1.85,3.15,2.55,4.35,4.4,1.0,1.0,0.0,0.6500000000000001,0.6000000000000001,-0.05000000000000071,0.0,away,7.0
20260415-Hokkaido_Nippon-Ham_Fighters-Chiba_Lotte_Marines,2026-04-15 18:00:00,2026,Hokkaido Nippon-Ham Fighters,Chiba Lotte Marines,7.0,9.0,Final,ZOZOマリン,305,315,0.2940563231618068,0.3,0.55,-1.3,1.75,2.3,5.0,3.6,3.25,1.0,1.0,-0.25000000000000006,-3.05,-2.7,0.3500000000000001,0.0,home,16.0
20260415-Saitama_Seibu_Lions-Orix_Buffaloes,2026-04-15 18:00:00,2026,Saitama Seibu Lions,Orix Buffaloes,1.0,3.0,Final,京セラD大阪,303,302,0.6329083664495937,0.45,0.375,-1.1,-1.35,3.45,2.9,4.55,4.25,1.0,1.0,0.07500000000000001,0.25,0.5500000000000003,0.2999999999999998,0.0,home,4.0
20260415-Tohoku_Rakuten_Golden_Eagles-Fukuoka_SoftBank_Hawks,2026-04-15 18:00:00,2026,Tohoku Rakuten Golden Eagles,Fukuoka SoftBank Hawks,3.0,2.0,Final,みずほPayPay,320,301,0.6713511730914512,0.7,0.575,1.6,0.55,4.6,3.35,3.0,2.8,1.0,1.0,0.125,1.05,1.2499999999999996,0.20000000000000018,0.0,away,5.0
20260415-Yomiuri_Giants-Hanshin_Tigers,2026-04-15 18:00:00,2026,Yomiuri Giants,Hanshin Tigers,,,Postponed,甲子園,312,309,0.6508848863895711,0.55,0.525,0.75,-0.15,3.75,3.35,3.0,3.5,1.0,1.0,0.025000000000000022,0.9,0.3999999999999999,-0.5,0.0,,
20260416-Hokkaido_Nippon-Ham_Fighters-Chiba_Lotte_Marines,2026-04-16 18:00:00,2026,Hokkaido Nippon-Ham Fighters,Chiba Lotte Marines,3.0,5.0,Final,ZOZOマリン,306,316,0.3346547518393547,0.35,0.55,-1.1,1.8,2.75,5.35,3.85,3.55,1.0,1.0,-0.20000000000000007,-2.9000000000000004,-2.5999999999999996,0.30000000000000027,0.0,home,8.0
20260416-Saitama_Seibu_Lions-Orix_Buffaloes,2026-04-16 18:00:00,2026,Saitama Seibu Lions,Orix Buffaloes,1.0,7.0,Final,京セラD大阪,304,303,0.655378062110987,0.5,0.375,-0.95,-1.2,3.35,2.7,4.3,3.9,1.0,1.0,0.125,0.25,0.6499999999999999,0.3999999999999999,0.0,home,8.0
20260416-Tohoku_Rakuten_Golden_Eagles-Fukuoka_SoftBank_Hawks,2026-04-16 18:00:00,2026,Tohoku Rakuten Golden Eagles,Fukuoka SoftBank Hawks,0.0,6.0,Final,北九州,321,302,0.6335209022953456,0.7,0.625,1.6,0.8,4.65,3.5,3.05,2.7,1.0,1.0,0.07499999999999996,0.8,1.1500000000000004,0.34999999999999964,0.0,home,6.0
20260416-Yokohama_DeNA_BayStars-Tokyo_Yakult_Swallows,2026-04-16 18:00:00,2026,Yokohama DeNA BayStars,Tokyo Yakult Swallows,0.0,2.0,Final,神 宮,301,318,0.6181183348125708,0.7,0.4,0.8,-0.5,4.05,3.55,3.25,4.05,2.0,2.0,0.29999999999999993,1.3,0.5,-0.7999999999999998,0.0,home,2.0
20260416-Yomiuri_Giants-Hanshin_Tigers,2026-04-16 18:00:00,2026,Yomiuri Giants,Hanshin Tigers,4.0,3.0,Final,甲子園,312,309,0.6508848863895711,0.55,0.525,0.75,-0.15,3.75,3.35,3.0,3.5,2.0,2.0,0.025000000000000022,0.9,0.3999999999999999,-0.5,0.0,away,7.0
20260417-Chiba_Lotte_Marines-Tohoku_Rakuten_Golden_Eagles,2026-04-17 18:00:00,2026,Chiba Lotte Marines,Tohoku Rakuten Golden Eagles,0.0,1.0,Final,楽天モバイル,303,307,0.6381382397638421,0.575,0.4,0.45,-0.95,3.4,2.95,2.95,3.9,1.0,1.0,0.17499999999999993,1.4,0.44999999999999973,-0.9499999999999997,0.0,home,1.0
20260417-Chunichi_Dragons-Hanshin_Tigers,2026-04-17 18:00:00,2026,Chunichi Dragons,Hanshin Tigers,1.0,2.0,Final,甲子園,313,302,0.7564961544465856,0.55,0.3,1.15,-1.15,3.85,3.15,2.7,4.3,1.0,2.0,0.25000000000000006,2.3,0.7000000000000002,-1.5999999999999996,-1.0,home,3.0
20260417-Orix_Buffaloes-Fukuoka_SoftBank_Hawks,2026-04-17 18:00:00,2026,Orix Buffaloes,Fukuoka SoftBank Hawks,13.0,4.0,Final,みずほPayPay,322,305,0.6673830127814786,0.7,0.55,1.45,-0.25,4.45,3.6,3.0,3.85,1.0,1.0,0.1499999999999999,1.7,0.8500000000000001,-0.8500000000000001,0.0,away,17.0
20260417-Saitama_Seibu_Lions-Hokkaido_Nippon-Ham_Fighters,2026-04-17 18:00:00,2026,Saitama Seibu Lions,Hokkaido Nippon-Ham Fighters,5.0,3.0,Final,エスコンＦ,317,304,0.7224797679299196,0.5,0.325,1.4,-1.55,5.2,2.45,3.8,4.0,1.0,1.0,0.175,2.95,2.75,-0.20000000000000018,0.0,away,8.0
20260417-Yokohama_DeNA_BayStars-Hiroshima_Toyo_Carp,2026-04-17 18:00:00,2026,Yokohama DeNA BayStars,Hiroshima Toyo Carp,5.0,1.0,Final,マツダスタジアム,300,319,0.3941785934051774,0.35,0.35,-1.45,-0.75,2.7,3.1,4.15,3.85,2.0,1.0,0.0,-0.7,-0.3999999999999999,0.30000000000000027,1.0,away,6.0
20260417-Yomiuri_Giants-Tokyo_Yakult_Swallows,2026-04-17 18:00:00,2026,Yomiuri Giants,Tokyo Yakult Swallows,8.0,2.0,Final,神 宮,302,310,0.6137056004584124,0.7,0.55,0.85,-0.1,3.9,3.35,3.05,3.45,1.0,1.0,0.1499999999999999,0.95,0.5499999999999998,-0.40000000000000036,0.0,away,10.0
20260418-Chiba_Lotte_Marines-Tohoku_Rakuten_Golden_Eagles,2026-04-18 14:00:00,2026,Chiba Lotte Marines,Tohoku Rakuten Golden Eagles,1.0,9.0,Final,楽天モバイル,304,308,0.6586491508518937,0.575,0.35,0.45,-1.15,3.1,2.8,2.65,3.95,1.0,1.0,0.22499999999999998,1.5999999999999999,0.30000000000000027,-1.3000000000000003,0.0,home,10.0
20260418-Chunichi_Dragons-Hanshin_Tigers,2026-04-18 14:00:00,2026,Chunichi Dragons,Hanshin Tigers,3.0,4.0,Final,甲子園,314,303,0.7674769441444007,0.6,0.25,1.25,-1.3,3.9,2.95,2.65,4.25,1.0,1.0,0.35,2.55,0.9499999999999997,-1.6,0.0,home,7.0
20260418-Saitama_Seibu_Lions-Hokkaido_Nippon-Ham_Fighters,2026-04-18 14:00:00,2026,Saitama Seibu Lions,Hokkaido Nippon-Ham Fighters,3.0,5.0,Final,エスコンＦ,318,305,0.682182809276782,0.45,0.375,1.0,-1.4,4.9,2.4,3.9,3.8,1.0,1.0,0.07500000000000001,2.4,2.5000000000000004,0.10000000000000009,0.0,home,8.0
20260418-Yokohama_DeNA_BayStars-Hiroshima_Toyo_Carp,2026-04-18 14:00:00,2026,Yokohama DeNA BayStars,Hiroshima Toyo Carp,7.0,2.0,Final,マツダスタジアム,301,320,0.365959938281023,0.3,0.35,-1.9,-0.75,2.5,3.05,4.4,3.8,1.0,1.0,-0.04999999999999999,-1.15,-0.5499999999999998,0.6000000000000005,0.0,away,9.0
20260418-Orix_Buffaloes-Fukuoka_SoftBank_Hawks,2026-04-18 18:00:00,2026,Orix Buffaloes,Fukuoka SoftBank Hawks,0.0,7.0,Final,みずほPayPay,323,306,0.6107579845236916,0.65,0.55,0.95,0.15,4.55,4.15,3.6,4.0,1.0,1.0,0.09999999999999998,0.7999999999999999,0.39999999999999947,-0.3999999999999999,0.0,home,7.0
20260418-Yomiuri_Giants-Tokyo_Yakult_Swallows,2026-04-18 18:00:00,2026,Yomiuri Giants,Tokyo Yakult Swallows,3.0,4.0,Final,神 宮,303,311,0.5631055306259135,0.7,0.55,0.7,0.1,3.7,3.55,3.0,3.45,1.0,1.0,0.1499999999999999,0.6,0.15000000000000036,-0.4500000000000002,0.0,home,7.0
20260419-Orix_Buffaloes-Fukuoka_SoftBank_Hawks,2026-04-19 13:00:00,2026,Orix Buffaloes,Fukuoka SoftBank Hawks,2.0,1.0,Final,みずほPayPay,324,307,0.6434377603549973,0.65,0.55,1.25,-0.1,4.75,4.15,3.5,4.25,1.0,1.0,0.09999999999999998,1.35,0.5999999999999996,-0.75,0.0,away,3.0
20260419-Saitama_Seibu_Lions-Hokkaido_Nippon-Ham_Fighters,2026-04-19 13:00:00,2026,Saitama Seibu Lions,Hokkaido Nippon-Ham Fighters,15.0,3.0,Final,エスコンＦ,319,306,0.7002965192175783,0.45,0.375,0.8,-1.45,4.8,2.45,4.0,3.9,1.0,1.0,0.07500000000000001,2.25,2.3499999999999996,0.10000000000000009,0.0,away,18.0
20260419-Yokohama_DeNA_BayStars-Hiroshima_Toyo_Carp,2026-04-19 13:30:00,2026,Yokohama DeNA BayStars,Hiroshima Toyo Carp,2.0,0.0,Final,マツダスタジアム,302,321,0.339043453539045,0.3,0.35,-1.65,-0.55,2.55,3.05,4.2,3.6,1.0,1.0,-0.04999999999999999,-1.0999999999999999,-0.5,0.6000000000000001,0.0,away,2.0
20260419-Chunichi_Dragons-Hanshin_Tigers,2026-04-19 14:00:00,2026,Chunichi Dragons,Hanshin Tigers,5.0,7.0,Final,甲子園,315,304,0.7776359704867036,0.65,0.2,1.35,-1.45,4.0,2.9,2.65,4.35,1.0,1.0,0.45,2.8,1.1,-1.6999999999999997,0.0,home,12.0
20260419-Chiba_Lotte_Marines-Tohoku_Rakuten_Golden_Eagles,2026-04-19 16:00:00,2026,Chiba Lotte Marines,Tohoku Rakuten Golden Eagles,8.0,5.0,Final,楽天モバイル,305,309,0.6863346030109301,0.575,0.35,0.8,-1.4,3.4,2.75,2.6,4.15,1.0,1.0,0.22499999999999998,2.2,0.6499999999999999,-1.5500000000000003,0.0,away,13.0
20260419-Yomiuri_Giants-Tokyo_Yakult_Swallows,2026-04-19 18:00:00,2026,Yomiuri Giants,Tokyo Yakult Swallows,1.0,3.0,Final,神 宮,304,312,0.589626590660877,0.75,0.5,0.95,-0.1,3.8,3.45,2.85,3.55,1.0,1.0,0.25,1.05,0.34999999999999964,-0.6999999999999997,0.0,home,4.0
20260421-Hanshin_Tigers-Yokohama_DeNA_BayStars,2026-04-21 17:45:00,2026,Hanshin Tigers,Yokohama DeNA BayStars,9.0,16.0,Final,横 浜,322,316,0.43138998330034856,0.4,0.7,-0.35,1.5,3.15,4.25,3.5,2.75,2.0,2.0,-0.29999999999999993,-1.85,-1.1,0.75,0.0,home,25.0
20260421-Chunichi_Dragons-Yomiuri_Giants,2026-04-21 18:00:00,2026,Chunichi Dragons,Yomiuri Giants,1.0,2.0,Final,長 野,313,305,0.7051516156595036,0.5,0.2,0.0,-1.45,3.4,3.05,3.4,4.5,2.0,2.0,0.3,1.45,0.3500000000000001,-1.1,0.0,home,3.0
20260421-Fukuoka_SoftBank_Hawks-Saitama_Seibu_Lions,2026-04-21 18:00:00,2026,Fukuoka SoftBank Hawks,Saitama Seibu Lions,4.0,6.0,Final,ベルーナドーム,307,325,0.3110713680805955,0.425,0.6,-0.75,1.15,3.15,4.65,3.9,3.5,2.0,2.0,-0.175,-1.9,-1.5000000000000004,0.3999999999999999,0.0,home,10.0
20260421-Orix_Buffaloes-Chiba_Lotte_Marines,2026-04-21 18:00:00,2026,Orix Buffaloes,Chiba Lotte Marines,4.0,7.0,Final,ZOZOマリン,310,308,0.3879761803833406,0.35,0.6,-1.35,0.0,3.0,4.05,4.35,4.05,2.0,2.0,-0.25,-1.35,-1.0499999999999998,0.2999999999999998,0.0,home,11.0
20260421-Tohoku_Rakuten_Golden_Eagles-Hokkaido_Nippon-Ham_Fighters,2026-04-21 18:00:00,2026,Tohoku Rakuten Golden Eagles,Hokkaido Nippon-Ham Fighters,1.0,3.0,Final,エスコンＦ,320,306,0.523645973275284,0.45,0.575,0.25,0.7,4.9,3.6,4.65,2.9,2.0,2.0,-0.12499999999999994,-0.44999999999999996,1.3000000000000003,1.7500000000000004,0.0,home,4.0
20260421-Tokyo_Yakult_Swallows-Hiroshima_Toyo_Carp,2026-04-21 18:00:00,2026,Tokyo Yakult Swallows,Hiroshima Toyo Carp,1.0,2.0,Final,マツダスタジアム,303,305,0.25598379616318384,0.3,0.75,-1.65,0.8,2.5,3.65,4.15,2.85,2.0,2.0,-0.45,-2.45,-1.15,1.3000000000000003,0.0,home,3.0
20260422-Hanshin_Tigers-Yokohama_DeNA_BayStars,2026-04-22 17:45:00,2026,Hanshin Tigers,Yokohama DeNA BayStars,6.0,7.0,Final,横 浜,323,317,0.482023820946321,0.45,0.7,0.1,1.25,3.8,4.65,3.7,3.4,1.0,1.0,-0.24999999999999994,-1.15,-0.8500000000000005,0.30000000000000027,0.0,home,13.0
20260422-Chunichi_Dragons-Yomiuri_Giants,2026-04-22 18:00:00,2026,Chunichi Dragons,Yomiuri Giants,1.0,5.0,Final,前 橋,314,306,0.7201637935083476,0.55,0.2,0.1,-1.35,3.2,3.0,3.1,4.35,1.0,1.0,0.35000000000000003,1.4500000000000002,0.20000000000000018,-1.2499999999999996,0.0,home,6.0
20260422-Fukuoka_SoftBank_Hawks-Saitama_Seibu_Lions,2026-04-22 18:00:00,2026,Fukuoka SoftBank Hawks,Saitama Seibu Lions,1.0,3.0,Final,ベルーナドーム,308,326,0.351807727897729,0.475,0.55,-0.1,1.0,3.45,4.55,3.55,3.55,1.0,1.0,-0.07500000000000007,-1.1,-1.0999999999999996,0.0,0.0,home,4.0
20260422-Orix_Buffaloes-Chiba_Lotte_Marines,2026-04-22 18:00:00,2026,Orix Buffaloes,Chiba Lotte Marines,4.0,1.0,Final,ZOZOマリン,311,309,0.4301885594335585,0.35,0.6,-1.75,0.35,2.8,4.25,4.55,3.9,1.0,1.0,-0.25,-2.1,-1.4500000000000002,0.6499999999999999,0.0,away,5.0
20260422-Tohoku_Rakuten_Golden_Eagles-Hokkaido_Nippon-Ham_Fighters,2026-04-22 18:00:00,2026,Tohoku Rakuten Golden Eagles,Hokkaido Nippon-Ham Fighters,4.0,5.0,Final,エスコンＦ,321,307,0.555245669480016,0.5,0.525,0.4,0.1,4.8,3.15,4.4,3.05,1.0,1.0,-0.025000000000000022,0.30000000000000004,1.65,1.3500000000000005,0.0,home,9.0
20260422-Tokyo_Yakult_Swallows-Hiroshima_Toyo_Carp,2026-04-22 18:00:00,2026,Tokyo Yakult Swallows,Hiroshima Toyo Carp,2.0,0.0,Final,マツダスタジアム,304,306,0.29277854995452735,0.35,0.7,-1.2,0.65,2.5,3.55,3.7,2.9,1.0,1.0,-0.35,-1.85,-1.0499999999999998,0.8000000000000003,0.0,away,2.0
20260423-Hanshin_Tigers-Yokohama_DeNA_BayStars,2026-04-23 17:45:00,2026,Hanshin Tigers,Yokohama DeNA BayStars,,,Postponed,横 浜,324,318,0.5142147124780472,0.5,0.65,0.35,1.1,4.15,4.85,3.8,3.75,1.0,1.0,-0.15000000000000002,-0.7500000000000001,-0.6999999999999993,0.04999999999999982,0.0,,
20260423-Fukuoka_SoftBank_Hawks-Saitama_Seibu_Lions,2026-04-23 18:00:00,2026,Fukuoka SoftBank Hawks,Saitama Seibu Lions,4.0,3.0,Final,ベルーナドーム,309,327,0.39222466515094073,0.475,0.5,-0.2,0.8,3.4,4.3,3.6,3.5,1.0,1.0,-0.025000000000000022,-1.0,-0.8999999999999999,0.10000000000000009,0.0,away,7.0
20260423-Orix_Buffaloes-Chiba_Lotte_Marines,2026-04-23 18:00:00,2026,Orix Buffaloes,Chiba Lotte Marines,,,Postponed,ZOZOマリン,312,310,0.40037339148636725,0.35,0.6,-1.7,0.2,2.85,4.15,4.55,3.95,1.0,1.0,-0.25,-1.9,-1.3000000000000003,0.5999999999999996,0.0,,
20260423-Tohoku_Rakuten_Golden_Eagles-Hokkaido_Nippon-Ham_Fighters,2026-04-23 18:00:00,2026,Tohoku Rakuten Golden Eagles,Hokkaido Nippon-Ham Fighters,3.0,2.0,Final,エスコンＦ,322,308,0.5823650469699618,0.55,0.525,0.55,0.35,4.85,3.35,4.3,3.0,1.0,1.0,0.025000000000000022,0.20000000000000007,1.4999999999999996,1.2999999999999998,0.0,away,5.0
20260423-Tokyo_Yakult_Swallows-Hiroshima_Toyo_Carp,2026-04-23 18:00:00,2026,Tokyo Yakult Swallows,Hiroshima Toyo Carp,2.0,0.0,Final,マツダスタジアム,305,307,0.2768524810619405,0.35,0.7,-1.05,0.7,2.45,3.5,3.5,2.8,1.0,1.0,-0.35,-1.75,-1.0499999999999998,0.7000000000000002,0.0,away,2.0
20260424-Hokkaido_Nippon-Ham_Fighters-Orix_Buffaloes,2026-04-24 18:00:00,2026,Hokkaido Nippon-Ham Fighters,Orix Buffaloes,2.0,3.0,Final,京セラD大阪,310,323,0.5404485410406233,0.6,0.55,0.2,0.7,4.15,4.75,3.95,4.05,2.0,1.0,0.04999999999999993,-0.49999999999999994,-0.5999999999999996,-0.09999999999999964,1.0,home,5.0
20260424-Tokyo_Yakult_Swallows-Chunichi_Dragons,2026-04-24 18:00:00,2026,Tokyo Yakult Swallows,Chunichi Dragons,4.0,6.0,Final,バンテリンドーム,307,308,0.2570519061334306,0.2,0.7,-1.5,0.65,2.8,3.35,4.3,2.7,2.0,1.0,-0.49999999999999994,-2.15,-0.5500000000000003,1.5999999999999996,1.0,home,10.0
20260424-Yomiuri_Giants-Yokohama_DeNA_BayStars,2026-04-24 18:00:00,2026,Yomiuri Giants,Yokohama DeNA BayStars,1.0,2.0,Final,横 浜,324,315,0.5623099665173312,0.5,0.55,0.35,0.2,4.15,3.3,3.8,3.1,2.0,2.0,-0.050000000000000044,0.14999999999999997,0.8500000000000005,0.6999999999999997,0.0,home,3.0
20260425-Chiba_Lotte_Marines-Fukuoka_SoftBank_Hawks,2026-04-25 13:00:00,2026,Chiba Lotte Marines,Fukuoka SoftBank Hawks,5.0,0.0,Final,熊 本,328,312,0.6996225689590276,0.5,0.35,0.65,-1.7,4.1,2.85,3.45,4.55,2.0,3.0,0.15000000000000002,2.35,1.2499999999999996,-1.0999999999999996,-1.0,away,5.0
20260425-Hiroshima_Toyo_Carp-Hanshin_Tigers,2026-04-25 14:00:00,2026,Hiroshima Toyo Carp,Hanshin Tigers,2.0,2.0,Final,甲子園,318,306,0.7679414211688782,0.65,0.35,1.1,-1.05,4.85,2.4,3.75,3.45,3.0,2.0,0.30000000000000004,2.1500000000000004,2.4499999999999997,0.2999999999999998,1.0,draw,4.0
20260425-Hokkaido_Nippon-Ham_Fighters-Orix_Buffaloes,2026-04-25 14:00:00,2026,Hokkaido Nippon-Ham Fighters,Orix Buffaloes,2.0,4.0,Final,京セラD大阪,311,324,0.5686706239371906,0.6,0.5,0.2,0.2,4.05,4.4,3.85,4.2,1.0,1.0,0.09999999999999998,0.0,-0.35000000000000053,-0.3500000000000001,0.0,home,6.0
20260425-Saitama_Seibu_Lions-Tohoku_Rakuten_Golden_Eagles,2026-04-25 14:00:00,2026,Saitama Seibu Lions,Tohoku Rakuten Golden Eagles,9.0,7.0,Final,楽天モバイル,309,310,0.6070374793013806,0.575,0.425,0.45,-0.35,3.3,3.3,2.85,3.65,2.0,2.0,0.14999999999999997,0.8,0.0,-0.7999999999999998,0.0,away,16.0
20260425-Tokyo_Yakult_Swallows-Chunichi_Dragons,2026-04-25 14:00:00,2026,Tokyo Yakult Swallows,Chunichi Dragons,2.0,5.0,Final,バンテリンドーム,308,309,0.29673238807716235,0.25,0.65,-1.35,0.45,3.05,3.3,4.4,2.85,1.0,1.0,-0.4,-1.8,-0.25,1.5500000000000003,0.0,home,7.0
20260425-Yomiuri_Giants-Yokohama_DeNA_BayStars,2026-04-25 14:00:00,2026,Yomiuri Giants,Yokohama DeNA BayStars,7.0,2.0,Final,横 浜,325,316,0.5888919558093006,0.55,0.55,0.45,0.25,4.15,3.35,3.7,3.1,1.0,1.0,0.0,0.2,0.8000000000000003,0.6000000000000001,0.0,away,9.0
20260426-Hokkaido_Nippon-Ham_Fighters-Orix_Buffaloes,2026-04-26 13:00:00,2026,Hokkaido Nippon-Ham Fighters,Orix Buffaloes,4.0,9.0,Final,京セラD大阪,312,325,0.5966768094730258,0.65,0.5,0.4,0.2,4.1,4.4,3.7,4.2,1.0,1.0,0.15000000000000002,0.2,-0.3000000000000007,-0.5,0.0,home,13.0
20260426-Saitama_Seibu_Lions-Tohoku_Rakuten_Golden_Eagles,2026-04-26 13:00:00,2026,Saitama Seibu Lions,Tohoku Rakuten Golden Eagles,3.0,0.0,Final,楽天モバイル,310,311,0.5677646277098238,0.575,0.475,0.45,-0.05,3.55,3.75,3.1,3.8,1.0,1.0,0.09999999999999998,0.5,-0.20000000000000018,-0.6999999999999997,0.0,away,3.0
20260426-Tokyo_Yakult_Swallows-Chunichi_Dragons,2026-04-26 13:30:00,2026,Tokyo Yakult Swallows,Chunichi Dragons,0.0,3.0,Final,バンテリンドーム,309,310,0.3402659117620674,0.3,0.6,-1.15,0.05,3.3,3.0,4.45,2.95,1.0,1.0,-0.3,-1.2,0.2999999999999998,1.5,0.0,home,3.0
20260426-Chiba_Lotte_Marines-Fukuoka_SoftBank_Hawks,2026-04-26 14:00:00,2026,Chiba Lotte Marines,Fukuoka SoftBank Hawks,,,Postponed,鹿児島,329,313,0.6502116221029649,0.45,0.4,0.3,-1.0,3.9,3.1,3.6,4.1,1.0,1.0,0.04999999999999999,1.3,0.7999999999999998,-0.49999999999999956,0.0,,
20260426-Hiroshima_Toyo_Carp-Hanshin_Tigers,2026-04-26 14:00:00,2026,Hiroshima Toyo Carp,Hanshin Tigers,0.0,1.0,Final,甲子園,319,307,0.7567655731334935,0.625,0.325,0.8,-1.1,4.35,2.2,3.55,3.3,1.0,1.0,0.3,1.9000000000000001,2.1499999999999995,0.25,0.0,home,1.0
20260426-Yomiuri_Giants-Yokohama_DeNA_BayStars,2026-04-26 14:00:00,2026,Yomiuri Giants,Yokohama DeNA BayStars,4.0,1.0,Final,横 浜,326,317,0.5422863298509697,0.55,0.6,0.35,0.8,4.15,3.4,3.8,2.6,1.0,1.0,-0.04999999999999993,-0.45000000000000007,0.7500000000000004,1.1999999999999997,0.0,away,5.0
20260428-Hokkaido_Nippon-Ham_Fighters-Saitama_Seibu_Lions,2026-04-28 13:00:00,2026,Hokkaido Nippon-Ham Fighters,Saitama Seibu Lions,2.0,1.0,Final,ベルーナドーム,312,326,0.5161744326633505,0.525,0.45,0.3,-0.35,3.75,4.25,3.45,4.6,2.0,2.0,0.07500000000000001,0.6499999999999999,-0.5,-1.1499999999999995,0.0,away,3.0
20260428-Fukuoka_SoftBank_Hawks-Orix_Buffaloes,2026-04-28 18:00:00,2026,Fukuoka SoftBank Hawks,Orix Buffaloes,7.0,1.0,Final,京セラD大阪,313,329,0.5489215851550674,0.65,0.45,0.45,0.3,4.35,3.9,3.9,3.6,2.0,3.0,0.2,0.15000000000000002,0.44999999999999973,0.2999999999999998,-1.0,away,8.0
20260428-Hanshin_Tigers-Tokyo_Yakult_Swallows,2026-04-28 18:00:00,2026,Hanshin Tigers,Tokyo Yakult Swallows,5.0,10.0,Final,神 宮,311,320,0.4724132675947168,0.55,0.625,-0.15,0.7,2.9,4.2,3.05,3.5,2.0,2.0,-0.07499999999999996,-0.85,-1.3000000000000003,-0.4500000000000002,0.0,home,15.0
20260428-Hiroshima_Toyo_Carp-Yomiuri_Giants,2026-04-28 18:00:00,2026,Hiroshima Toyo Carp,Yomiuri Giants,11.0,1.0,Final,東京ドーム,318,308,0.7540562688904581,0.6,0.275,0.8,-1.2,3.35,2.1,2.55,3.3,2.0,2.0,0.32499999999999996,2.0,1.25,-0.75,0.0,away,12.0
20260428-Tohoku_Rakuten_Golden_Eagles-Chiba_Lotte_Marines,2026-04-28 18:00:00,2026,Tohoku Rakuten Golden Eagles,Chiba Lotte Marines,1.0,3.0,Final,ZOZOマリン,313,311,0.49763451887069904,0.4,0.575,-1.0,0.55,3.1,3.5,4.1,2.95,3.0,2.0,-0.17499999999999993,-1.55,-0.3999999999999999,1.1499999999999995,1.0,home,4.0
20260428-Yokohama_DeNA_BayStars-Chunichi_Dragons,2026-04-28 18:00:00,2026,Yokohama DeNA BayStars,Chunichi Dragons,0.0,3.0,Final,バンテリンドーム,310,327,0.3719719451442477,0.35,0.55,-0.85,0.3,3.35,4.05,4.2,3.75,2.0,2.0,-0.20000000000000007,-1.15,-0.6999999999999997,0.4500000000000002,0.0,home,3.0
20260429-Fukuoka_SoftBank_Hawks-Orix_Buffaloes,2026-04-29 14:00:00,2026,Fukuoka SoftBank Hawks,Orix Buffaloes,4.0,5.0,Final,京セラD大阪,314,330,0.5023128545988942,0.6,0.45,-0.05,0.35,4.05,3.95,4.1,3.6,1.0,1.0,0.14999999999999997,-0.39999999999999997,0.09999999999999964,0.49999999999999956,0.0,home,9.0
20260429-Hanshin_Tigers-Tokyo_Yakult_Swallows,2026-04-29 14:00:00,2026,Hanshin Tigers,Tokyo Yakult Swallows,2.0,0.0,Final,神 宮,312,321,0.514899278771841,0.6,0.625,0.15,0.6,3.4,4.4,3.25,3.8,1.0,1.0,-0.025000000000000022,-0.44999999999999996,-1.0000000000000004,-0.5499999999999998,0.0,away,2.0
20260429-Hokkaido_Nippon-Ham_Fighters-Saitama_Seibu_Lions,2026-04-29 14:00:00,2026,Hokkaido Nippon-Ham Fighters,Saitama Seibu Lions,0.0,3.0,Final,ベルーナドーム,313,327,0.48409498605946866,0.525,0.45,0.4,-0.75,3.65,3.75,3.25,4.5,1.0,1.0,0.07500000000000001,1.15,-0.10000000000000009,-1.25,0.0,home,3.0
20260429-Tohoku_Rakuten_Golden_Eagles-Chiba_Lotte_Marines,2026-04-29 14:00:00,2026,Tohoku Rakuten Golden Eagles,Chiba Lotte Marines,3.0,5.0,Final,ZOZOマリン,314,312,0.5311395857214194,0.4,0.525,-1.0,0.4,3.05,3.3,4.05,2.9,1.0,1.0,-0.125,-1.4,-0.25,1.15,0.0,home,8.0
20260429-Yokohama_DeNA_BayStars-Chunichi_Dragons,2026-04-29 14:00:00,2026,Yokohama DeNA BayStars,Chunichi Dragons,4.0,2.0,Final,バンテリンドーム,311,328,0.4147285645187492,0.4,0.55,-0.65,0.3,3.25,4.0,3.9,3.7,1.0,1.0,-0.15000000000000002,-0.95,-0.75,0.19999999999999973,0.0,away,6.0
20260429-Hiroshima_Toyo_Carp-Yomiuri_Giants,2026-04-29 18:00:00,2026,Hiroshima Toyo Carp,Yomiuri Giants,2.0,4.0,Final,東京ドーム,319,309,0.6990040279953884,0.55,0.275,0.25,-0.75,3.1,2.6,2.85,3.35,1.0,1.0,0.275,1.0,0.5,-0.5,0.0,home,6.0
20260430-Hanshin_Tigers-Tokyo_Yakult_Swallows,2026-04-30 18:00:00,2026,Hanshin Tigers,Tokyo Yakult Swallows,10.0,2.0,Final,神 宮,313,322,0.4805311565208293,0.55,0.625,-0.2,0.65,2.85,4.3,3.05,3.65,1.0,1.0,-0.07499999999999996,-0.8500000000000001,-1.4499999999999997,-0.6000000000000001,0.0,away,12.0
20260430-Hiroshima_Toyo_Carp-Yomiuri_Giants,2026-04-30 18:00:00,2026,Hiroshima Toyo Carp,Yomiuri Giants,3.0,2.0,Final,東京ドーム,320,310,0.7156439481124426,0.6,0.275,0.4,-0.6,3.25,2.55,2.85,3.15,1.0,1.0,0.32499999999999996,1.0,0.7000000000000002,-0.2999999999999998,0.0,away,5.0
20260430-Hokkaido_Nippon-Ham_Fighters-Saitama_Seibu_Lions,2026-04-30 18:00:00,2026,Hokkaido Nippon-Ham Fighters,Saitama Seibu Lions,3.0,2.0,Final,ベルーナドーム,314,328,0.5209027990703262,0.575,0.4,0.6,-1.05,3.75,3.45,3.15,4.5,1.0,1.0,0.17499999999999993,1.65,0.2999999999999998,-1.35,0.0,away,5.0
20260430-Yokohama_DeNA_BayStars-Chunichi_Dragons,2026-04-30 18:00:00,2026,Yokohama DeNA BayStars,Chunichi Dragons,6.0,2.0,Final,バンテリンドーム,312,329,0.3881190932066081,0.35,0.55,-0.8,0.25,3.25,4.0,4.05,3.75,1.0,1.0,-0.20000000000000007,-1.05,-0.75,0.2999999999999998,0.0,away,8.0
20260501-Yokohama_DeNA_BayStars-гғӨгӮҜгғ«гғҲ,2026-05-01 18:00:00,2026,Yokohama DeNA BayStars,гғӨгӮҜгғ«гғҲ,5.0,16.0,Final,зҘһгҖҖе®®,0,330,0.5113613257995975,,0.6,,0.5,,4.15,,3.65,,1.0,,,,,,home,21.0
20260501-гӮӘгғӘгғғгӮҜгӮ№-ж—Ҙжң¬гғҸгғ,2026-05-01 18:00:00,2026,гӮӘгғӘгғғгӮҜгӮ№,ж—Ҙжң¬гғҸгғ,1.0,5.0,Final,гӮЁгӮ№гӮігғіпјҰ,0,0,0.5287505638922686,,,,,,,,,,,,,,,,home,6.0
20260501-дёӯж—Ҙ-еәғеі¶,2026-05-01 18:00:00,2026,дёӯж—Ҙ,еәғеі¶,3.0,7.0,Final,гғһгғ„гғҖгӮ№гӮҝгӮёгӮўгғ,0,0,0.5287505638922686,,,,,,,,,,,,,,,,home,10.0
20260501-е·Ёдәә-йҳӘзҘһ,2026-05-01 18:00:00,2026,е·Ёдәә,йҳӘзҘһ,5.0,3.0,Final,з”Іеӯҗең’,0,0,0.5287505638922686,,,,,,,,,,,,,,,,away,8.0
20260501-жҘҪеӨ©-гӮҪгғ•гғҲгғҗгғігӮҜ,2026-05-01 18:00:00,2026,жҘҪеӨ©,гӮҪгғ•гғҲгғҗгғігӮҜ,1.0,4.0,Final,гҒҝгҒҡгҒ»PayPay,0,0,0.5287505638922686,,,,,,,,,,,,,,,,home,5.0
20260501-иҘҝжӯҰ-гғӯгғғгғҶ,2026-05-01 18:00:00,2026,иҘҝжӯҰ,гғӯгғғгғҶ,10.0,0.0,Final,ZOZOгғһгғӘгғі,0,0,0.5287505638922686,,,,,,,,,,,,,,,,away,10.0
20260502-гӮӘгғӘгғғгӮҜгӮ№-ж—Ҙжң¬гғҸгғ,2026-05-02 14:00:00,2026,гӮӘгғӘгғғгӮҜгӮ№,ж—Ҙжң¬гғҸгғ,10.0,9.0,Final,гӮЁгӮ№гӮігғіпјҰ,1,1,0.5642334423396481,1.0,0.0,4.0,-4.0,5.0,1.0,1.0,5.0,1.0,1.0,1.0,8.0,4.0,-4.0,0.0,away,19.0
20260502-дёӯж—Ҙ-еәғеі¶,2026-05-02 14:00:00,2026,дёӯж—Ҙ,еәғеі¶,4.0,0.0,Final,гғһгғ„гғҖгӮ№гӮҝгӮёгӮўгғ,1,1,0.5642334423396481,1.0,0.0,4.0,-4.0,7.0,3.0,3.0,7.0,1.0,1.0,1.0,8.0,4.0,-4.0,0.0,away,4.0
20260502-е·Ёдәә-йҳӘзҘһ,2026-05-02 14:00:00,2026,е·Ёдәә,йҳӘзҘһ,5.0,7.0,Final,з”Іеӯҗең’,1,1,0.4934753822195311,0.0,1.0,-2.0,2.0,3.0,5.0,5.0,3.0,1.0,1.0,-1.0,-4.0,-2.0,2.0,0.0,home,12.0
20260502-жҘҪеӨ©-гӮҪгғ•гғҲгғҗгғігӮҜ,2026-05-02 14:00:00,2026,жҘҪеӨ©,гӮҪгғ•гғҲгғҗгғігӮҜ,0.0,5.0,Final,гҒҝгҒҡгҒ»PayPay,1,1,0.5620978972816505,1.0,0.0,3.0,-3.0,4.0,1.0,1.0,4.0,1.0,1.0,1.0,6.0,3.0,-3.0,0.0,home,5.0
20260502-иҘҝжӯҰ-гғӯгғғгғҶ,2026-05-02 14:00:00,2026,иҘҝжӯҰ,гғӯгғғгғҶ,5.0,4.0,Final,ZOZOгғһгғӘгғі,1,1,0.48009311539896904,0.0,1.0,-10.0,10.0,0.0,10.0,10.0,0.0,1.0,1.0,-1.0,-20.0,-10.0,10.0,0.0,away,9.0
20260502-Yokohama_DeNA_BayStars-гғӨгӮҜгғ«гғҲ,2026-05-02 18:00:00,2026,Yokohama DeNA BayStars,гғӨгӮҜгғ«гғҲ,5.0,6.0,Final,зҘһгҖҖе®®,1,331,0.5561309662360929,1.0,0.55,11.0,-0.15,16.0,4.25,5.0,4.4,1.0,1.0,0.44999999999999996,11.15,11.75,0.5999999999999996,0.0,home,11.0
20260503-гӮӘгғӘгғғгӮҜгӮ№-ж—Ҙжң¬гғҸгғ,2026-05-03 13:00:00,2026,гӮӘгғӘгғғгӮҜгӮ№,ж—Ҙжң¬гғҸгғ,0.0,3.0,Final,гӮЁгӮ№гӮігғіпјҰ,2,2,0.5294778442145971,0.5,0.5,1.5,-1.5,7.0,5.5,5.5,7.0,1.0,1.0,0.0,3.0,1.5,-1.5,0.0,home,3.0
20260503-жҘҪеӨ©-гӮҪгғ•гғҲгғҗгғігӮҜ,2026-05-03 13:00:00,2026,жҘҪеӨ©,гӮҪгғ•гғҲгғҗгғігӮҜ,7.0,0.0,Final,гҒҝгҒҡгҒ»PayPay,2,2,0.5964857654708324,1.0,0.0,4.0,-4.0,4.5,0.5,0.5,4.5,1.0,1.0,1.0,8.0,4.0,-4.0,0.0,away,7.0
20260503-е·Ёдәә-йҳӘзҘһ,2026-05-03 14:00:00,2026,е·Ёдәә,йҳӘзҘһ,0.0,3.0,Final,з”Іеӯҗең’,2,2,0.527271086007637,0.5,0.5,0.0,0.0,5.0,5.0,5.0,5.0,1.0,1.0,0.0,0.0,0.0,0.0,0.0,home,3.0
20260503-иҘҝжӯҰ-гғӯгғғгғҶ,2026-05-03 14:00:00,2026,иҘҝжӯҰ,гғӯгғғгғҶ,0.0,10.0,Final,ZOZOгғһгғӘгғі,2,2,0.45039897148125346,0.0,1.0,-5.5,5.5,2.0,7.5,7.5,2.0,1.0,1.0,-1.0,-11.0,-5.5,5.5,0.0,home,10.0
20260503-Yokohama_DeNA_BayStars-гғӨгӮҜгғ«гғҲ,2026-05-03 18:00:00,2026,Yokohama DeNA BayStars,гғӨгӮҜгғ«гғҲ,12.0,2.0,Final,зҘһгҖҖе®®,2,332,0.5831833658325185,1.0,0.55,6.0,0.0,11.0,4.3,5.0,4.3,1.0,1.0,0.44999999999999996,6.0,6.7,0.7000000000000002,0.0,away,14.0
20260504-йҳӘзҘһ-дёӯж—Ҙ,2026-05-04 14:30:00,2026,йҳӘзҘһ,дёӯж—Ҙ,3.0,7.0,Final,гғҗгғігғҶгғӘгғігғүгғјгғ,2,3,0.5161797127430359,0.5,0.6666666666666666,0.0,1.0,3.5,4.333333333333333,3.5,3.3333333333333335,2.0,1.0,-0.16666666666666663,-1.0,-0.833333333333333,0.16666666666666652,1.0,home,10.0
20260504-еәғеі¶-Yokohama_DeNA_BayStars,2026-05-04 15:00:00,2026,еәғеі¶,Yokohama DeNA BayStars,8.0,11.0,Final,жЁӘгҖҖжөң,333,2,0.5402033953690639,0.6,0.5,0.55,0.0,4.8,3.5,4.25,3.5,1.0,2.0,0.09999999999999998,0.55,1.2999999999999998,0.75,-1.0,home,19.0
20260504-гғӨгӮҜгғ«гғҲ-е·Ёдәә,2026-05-04 18:00:00,2026,гғӨгӮҜгғ«гғҲ,е·Ёдәә,5.0,1.0,Final,жқұдә¬гғүгғјгғ,3,3,0.503208930465955,0.3333333333333333,0.6666666666666666,-1.0,0.6666666666666666,3.3333333333333335,8.0,4.333333333333333,7.333333333333333,1.0,1.0,-0.3333333333333333,-1.6666666666666665,-4.666666666666666,-3.0,0.0,away,6.0
20260504-гғӯгғғгғҶ-гӮӘгғӘгғғгӮҜгӮ№,2026-05-04 18:00:00,2026,гғӯгғғгғҶ,гӮӘгғӘгғғгӮҜгӮ№,0.0,3.0,Final,дә¬гӮ»гғ©DеӨ§йҳӘ,3,3,0.5255656000492626,0.3333333333333333,0.3333333333333333,-2.0,-0.3333333333333333,3.6666666666666665,4.666666666666667,5.666666666666667,5.0,1.0,1.0,0.0,-1.6666666666666667,-1.0000000000000004,0.666666666666667,0.0,home,3.0
20260504-гӮҪгғ•гғҲгғҗгғігӮҜ-иҘҝжӯҰ,2026-05-04 18:00:00,2026,гӮҪгғ•гғҲгғҗгғігӮҜ,иҘҝжӯҰ,2.0,10.0,Final,гғҷгғ«гғјгғҠгғүгғјгғ,3,3,0.5350065527797343,0.6666666666666666,0.6666666666666666,0.3333333333333333,0.3333333333333333,5.0,3.0,4.666666666666667,2.6666666666666665,1.0,1.0,0.0,0.0,2.0,2.0000000000000004,0.0,home,12.0
20260504-ж—Ҙжң¬гғҸгғ-жҘҪеӨ©,2026-05-04 18:00:00,2026,ж—Ҙжң¬гғҸгғ,жҘҪеӨ©,1.0,3.0,Final,жҘҪеӨ©гғўгғҗгӮӨгғ«,3,3,0.5039425466241974,0.3333333333333333,0.6666666666666666,-0.3333333333333333,2.0,2.6666666666666665,5.666666666666667,3.0,3.6666666666666665,1.0,1.0,-0.3333333333333333,-2.3333333333333335,-3.0000000000000004,-0.6666666666666665,0.0,home,4.0
20260505-гғӨгӮҜгғ«гғҲ-е·Ёдәә,2026-05-05 14:00:00,2026,гғӨгӮҜгғ«гғҲ,е·Ёдәә,2.0,3.0,Final,жқұдә¬гғүгғјгғ,4,4,0.4650296782323299,0.25,0.75,-1.75,1.5,2.75,7.25,4.5,5.75,1.0,1.0,-0.5,-3.25,-4.5,-1.25,0.0,home,5.0
20260505-гғӯгғғгғҶ-гӮӘгғӘгғғгӮҜгӮ№,2026-05-05 14:00:00,2026,гғӯгғғгғҶ,гӮӘгғӘгғғгӮҜгӮ№,1.0,6.0,Final,дә¬гӮ»гғ©DеӨ§йҳӘ,4,4,0.5591744868274766,0.5,0.25,-0.75,-1.0,3.5,3.5,4.25,4.5,1.0,1.0,0.25,0.25,0.0,-0.25,0.0,home,7.0
20260505-гӮҪгғ•гғҲгғҗгғігӮҜ-иҘҝжӯҰ,2026-05-05 14:00:00,2026,гӮҪгғ•гғҲгғҗгғігӮҜ,иҘҝжӯҰ,6.0,4.0,Final,гғҷгғ«гғјгғҠгғүгғјгғ,4,4,0.577267359847126,0.75,0.5,2.25,-1.75,6.25,2.75,4.0,4.5,1.0,1.0,0.25,4.0,3.5,-0.5,0.0,away,10.0
20260505-еәғеі¶-Yokohama_DeNA_BayStars,2026-05-05 14:00:00,2026,еәғеі¶,Yokohama DeNA BayStars,5.0,5.0,Final,жЁӘгҖҖжөң,334,3,0.5725940846990443,0.6,0.3333333333333333,0.6,-1.0,5.1,5.0,4.5,6.0,1.0,1.0,0.26666666666666666,1.6,0.09999999999999964,-1.5,0.0,draw,10.0
20260505-ж—Ҙжң¬гғҸгғ-жҘҪеӨ©,2026-05-05 14:00:00,2026,ж—Ҙжң¬гғҸгғ,жҘҪеӨ©,2.0,3.0,Final,жҘҪеӨ©гғўгғҗгӮӨгғ«,4,4,0.5369990936458072,0.5,0.5,0.25,1.0,2.75,4.5,2.5,3.5,1.0,1.0,0.0,-0.75,-1.75,-1.0,0.0,home,5.0
20260505-йҳӘзҘһ-дёӯж—Ҙ,2026-05-05 14:00:00,2026,йҳӘзҘһ,дёӯж—Ҙ,3.0,7.0,Final,гғҗгғігғҶгғӘгғігғүгғјгғ,3,4,0.5527515554597014,0.6666666666666666,0.5,1.3333333333333333,-0.25,4.666666666666667,4.0,3.3333333333333335,4.25,1.0,1.0,0.16666666666666663,1.5833333333333333,0.666666666666667,-0.9166666666666665,0.0,home,10.0
20260506-гғӯгғғгғҶ-гӮӘгғӘгғғгӮҜгӮ№,2026-05-06 13:00:00,2026,гғӯгғғгғҶ,гӮӘгғӘгғғгӮҜгӮ№,0.0,3.0,Final,дә¬гӮ»гғ©DеӨ§йҳӘ,5,5,0.5938532737125171,0.6,0.2,0.4,-1.8,4.0,3.0,3.6,4.8,1.0,1.0,0.39999999999999997,2.2,1.0,-1.1999999999999997,0.0,home,3.0
20260506-гӮҪгғ•гғҲгғҗгғігӮҜ-иҘҝжӯҰ,2026-05-06 13:00:00,2026,гӮҪгғ•гғҲгғҗгғігӮҜ,иҘҝжӯҰ,2.0,10.0,Final,гғҷгғ«гғјгғҠгғүгғјгғ,5,5,0.5392633850679662,0.6,0.6,1.4,-1.0,5.8,3.4,4.4,4.4,1.0,1.0,0.0,2.4,2.4,0.0,0.0,home,12.0
20260506-гғӨгӮҜгғ«гғҲ-е·Ёдәә,2026-05-06 14:00:00,2026,гғӨгӮҜгғ«гғҲ,е·Ёдәә,5.0,0.0,Final,жқұдә¬гғүгғјгғ,5,5,0.49823149287370744,0.4,0.6,-1.2,1.0,2.8,6.2,4.0,5.2,1.0,1.0,-0.19999999999999996,-2.2,-3.4000000000000004,-1.2000000000000002,0.0,away,5.0
20260506-еәғеі¶-Yokohama_DeNA_BayStars,2026-05-06 14:00:00,2026,еәғеі¶,Yokohama DeNA BayStars,10.0,0.0,Final,жЁӘгҖҖжөң,335,4,0.5684984473557639,0.625,0.375,0.7,-0.75,5.15,5.0,4.45,5.75,1.0,1.0,0.25,1.45,0.15000000000000036,-1.2999999999999998,0.0,away,10.0
20260506-ж—Ҙжң¬гғҸгғ-жҘҪеӨ©,2026-05-06 14:00:00,2026,ж—Ҙжң¬гғҸгғ,жҘҪеӨ©,12.0,2.0,Final,жҘҪеӨ©гғўгғҗгӮӨгғ«,5,5,0.5654733979408769,0.6,0.4,0.4,0.6,2.8,4.0,2.4,3.4,1.0,1.0,0.19999999999999996,-0.19999999999999996,-1.2000000000000002,-1.0,0.0,away,14.0
20260506-йҳӘзҘһ-дёӯж—Ҙ,2026-05-06 14:00:00,2026,йҳӘзҘһ,дёӯж—Ҙ,2.0,0.0,Final,гғҗгғігғҶгғӘгғігғүгғјгғ,4,5,0.5860673978646573,0.75,0.4,2.0,-1.0,5.25,3.8,3.25,4.8,1.0,1.0,0.35,3.0,1.4500000000000002,-1.5499999999999998,0.0,away,2.0
20260508-Yokohama_DeNA_BayStars-йҳӘзҘһ,2026-05-08 18:00:00,2026,Yokohama DeNA BayStars,йҳӘзҘһ,10.0,1.0,Final,з”Іеӯҗең’,6,336,0.5329419505699782,0.5,0.575,-0.5,0.15,3.5,4.95,4.0,4.8,2.0,2.0,-0.07499999999999996,-0.65,-1.4500000000000002,-0.7999999999999998,0.0,away,11.0
20260508-гғӨгӮҜгғ«гғҲ-еәғеі¶,2026-05-08 18:00:00,2026,гғӨгӮҜгғ«гғҲ,еәғеі¶,4.0,1.0,Final,гғһгғ„гғҖгӮ№гӮҝгӮёгӮўгғ,5,6,0.5051002201011556,0.5,0.6666666666666666,1.4,1.6666666666666667,6.0,6.0,4.6,4.333333333333333,2.0,2.0,-0.16666666666666663,-0.26666666666666683,0.0,0.2666666666666666,0.0,away,5.0
20260508-гғӯгғғгғҶ-гӮҪгғ•гғҲгғҗгғігӮҜ,2026-05-08 18:00:00,2026,гғӯгғғгғҶ,гӮҪгғ•гғҲгғҗгғігӮҜ,5.0,6.0,Final,гҒҝгҒҡгҒ»PayPay,6,6,0.5756749333421475,0.5,0.16666666666666666,-2.1666666666666665,-2.0,3.1666666666666665,2.5,5.333333333333333,4.5,2.0,2.0,0.33333333333333337,-0.16666666666666652,0.6666666666666665,0.833333333333333,0.0,home,11.0
20260508-е·Ёдәә-дёӯж—Ҙ,2026-05-08 18:00:00,2026,е·Ёдәә,дёӯж—Ҙ,2.0,9.0,Final,гғҗгғігғҶгғӘгғігғүгғјгғ,5,6,0.585954182138167,0.6,0.3333333333333333,1.2,-1.8333333333333333,4.2,2.3333333333333335,3.0,4.166666666666667,2.0,2.0,0.26666666666666666,3.033333333333333,1.8666666666666667,-1.166666666666667,0.0,home,11.0
20260508-жҘҪеӨ©-иҘҝжӯҰ,2026-05-08 18:00:00,2026,жҘҪеӨ©,иҘҝжӯҰ,2.0,4.0,Final,гғҷгғ«гғјгғҠгғүгғјгғ,6,6,0.5684398056487627,0.6666666666666666,0.5,2.5,-1.3333333333333333,6.5,2.6666666666666665,4.0,4.0,2.0,2.0,0.16666666666666663,3.833333333333333,3.8333333333333335,0.0,0.0,home,6.0
20260508-ж—Ҙжң¬гғҸгғ-гӮӘгғӘгғғгӮҜгӮ№,2026-05-08 18:00:00,2026,ж—Ҙжң¬гғҸгғ,гӮӘгғӘгғғгӮҜгӮ№,3.0,4.0,Final,дә¬гӮ»гғ©DеӨ§йҳӘ,6,6,0.548419018515693,0.6666666666666666,0.5,0.8333333333333334,2.1666666666666665,3.8333333333333335,5.333333333333333,3.0,3.1666666666666665,2.0,2.0,0.16666666666666663,-1.333333333333333,-1.4999999999999996,-0.16666666666666652,0.0,home,7.0
20260509-Yokohama_DeNA_BayStars-йҳӘзҘһ,2026-05-09 14:00:00,2026,Yokohama DeNA BayStars,йҳӘзҘһ,3.0,1.0,Final,з”Іеӯҗең’,7,337,0.4839095289949134,0.42857142857142855,0.575,-1.7142857142857142,0.55,3.142857142857143,5.15,4.857142857142857,4.6,1.0,1.0,-0.1464285714285714,-2.2642857142857142,-2.0071428571428576,0.2571428571428571,0.0,away,4.0
20260509-гғӨгӮҜгғ«гғҲ-еәғеі¶,2026-05-09 14:00:00,2026,гғӨгӮҜгғ«гғҲ,еәғеі¶,4.0,0.0,Final,гғһгғ„гғҖгӮ№гӮҝгӮёгӮўгғ,6,7,0.46908575684330284,0.4166666666666667,0.7142857142857143,0.6666666666666666,1.8571428571428572,5.166666666666667,5.714285714285714,4.5,3.857142857142857,1.0,1.0,-0.2976190476190476,-1.1904761904761907,-0.5476190476190474,0.6428571428571428,0.0,away,4.0
20260509-гғӯгғғгғҶ-гӮҪгғ•гғҲгғҗгғігӮҜ,2026-05-09 14:00:00,2026,гғӯгғғгғҶ,гӮҪгғ•гғҲгғҗгғігӮҜ,5.0,4.0,Final,гҒҝгҒҡгҒ»PayPay,7,7,0.6012231401946769,0.5714285714285714,0.14285714285714285,-1.7142857142857142,-1.8571428571428572,3.5714285714285716,2.857142857142857,5.285714285714286,4.714285714285714,1.0,1.0,0.42857142857142855,0.14285714285714302,0.7142857142857144,0.5714285714285712,0.0,away,9.0
20260509-е·Ёдәә-дёӯж—Ҙ,2026-05-09 14:00:00,2026,е·Ёдәә,дёӯж—Ҙ,2.0,4.0,Final,гғҗгғігғҶгғӘгғігғүгғјгғ,6,7,0.6215168747918806,0.6666666666666666,0.2857142857142857,2.1666666666666665,-2.5714285714285716,5.0,2.2857142857142856,2.8333333333333335,4.857142857142857,1.0,1.0,0.38095238095238093,4.738095238095238,2.7142857142857144,-2.0238095238095233,0.0,home,6.0
20260509-жҘҪеӨ©-иҘҝжӯҰ,2026-05-09 14:00:00,2026,жҘҪеӨ©,иҘҝжӯҰ,2.0,6.0,Final,гғҷгғ«гғјгғҠгғүгғјгғ,7,7,0.596465182132471,0.7142857142857143,0.42857142857142855,2.4285714285714284,-1.4285714285714286,6.142857142857143,2.5714285714285716,3.7142857142857144,4.0,1.0,1.0,0.28571428571428575,3.8571428571428568,3.5714285714285716,-0.2857142857142856,0.0,home,8.0
20260509-ж—Ҙжң¬гғҸгғ-гӮӘгғӘгғғгӮҜгӮ№,2026-05-09 14:00:00,2026,ж—Ҙжң¬гғҸгғ,гӮӘгғӘгғғгӮҜгӮ№,3.0,0.0,Final,дә¬гӮ»гғ©DеӨ§йҳӘ,7,7,0.5760511632794904,0.7142857142857143,0.42857142857142855,0.8571428571428571,1.7142857142857142,3.857142857142857,5.0,3.0,3.2857142857142856,1.0,1.0,0.28571428571428575,-0.8571428571428571,-1.1428571428571428,-0.2857142857142856,0.0,away,3.0
20260510-ж—Ҙжң¬гғҸгғ-гӮӘгғӘгғғгӮҜгӮ№,2026-05-10 13:00:00,2026,ж—Ҙжң¬гғҸгғ,гӮӘгғӘгғғгӮҜгӮ№,2.0,0.0,Final,дә¬гӮ»гғ©DеӨ§йҳӘ,8,8,0.5354676449198332,0.625,0.5,0.375,1.875,3.375,4.75,3.0,2.875,1.0,1.0,0.125,-1.5,-1.375,0.125,0.0,away,2.0
20260510-гғӨгӮҜгғ«гғҲ-еәғеі¶,2026-05-10 13:30:00,2026,гғӨгӮҜгғ«гғҲ,еәғеі¶,0.0,4.0,Final,гғһгғ„гғҖгӮ№гӮҝгӮёгӮўгғ,7,8,0.4337937038250686,0.35714285714285715,0.75,0.0,2.125,4.428571428571429,5.5,4.428571428571429,3.375,1.0,1.0,-0.39285714285714285,-2.125,-1.0714285714285712,1.0535714285714288,0.0,home,4.0
20260510-е·Ёдәә-дёӯж—Ҙ,2026-05-10 13:30:00,2026,е·Ёдәә,дёӯж—Ҙ,9.0,4.0,Final,гғҗгғігғҶгғӘгғігғүгғјгғ,7,8,0.6449889725481223,0.7142857142857143,0.25,2.142857142857143,-2.5,4.857142857142857,2.25,2.7142857142857144,4.75,1.0,1.0,0.4642857142857143,4.642857142857142,2.6071428571428568,-2.0357142857142856,0.0,away,13.0
20260510-Yokohama_DeNA_BayStars-йҳӘзҘһ,2026-05-10 14:00:00,2026,Yokohama DeNA BayStars,йҳӘзҘһ,0.0,3.0,Final,з”Іеӯҗең’,8,338,0.45174162110370725,0.375,0.625,-1.75,0.75,2.875,5.15,4.625,4.4,1.0,1.0,-0.25,-2.5,-2.2750000000000004,0.22499999999999964,0.0,home,3.0
20260510-гғӯгғғгғҶ-гӮҪгғ•гғҲгғҗгғігӮҜ,2026-05-10 14:00:00,2026,гғӯгғғгғҶ,гӮҪгғ•гғҲгғҗгғігӮҜ,3.0,8.0,Final,гҒҝгҒҡгҒ»PayPay,8,8,0.5648949901365574,0.5,0.25,-1.625,-1.5,3.625,3.125,5.25,4.625,1.0,1.0,0.25,-0.125,0.5,0.625,0.0,home,11.0
20260510-жҘҪеӨ©-иҘҝжӯҰ,2026-05-10 14:00:00,2026,жҘҪеӨ©,иҘҝжӯҰ,1.0,6.0,Final,гғҷгғ«гғјгғҠгғүгғјгғ,8,8,0.6256052749865487,0.75,0.375,2.625,-1.75,6.125,2.5,3.5,4.25,1.0,1.0,0.375,4.375,3.625,-0.75,0.0,home,7.0
20260512-гӮӘгғӘгғғгӮҜгӮ№-жҘҪеӨ©,2026-05-12 18:00:00,2026,гӮӘгғӘгғғгӮҜгӮ№,жҘҪеӨ©,2.0,0.0,Final,ејҳгҖҖеүҚ,9,9,0.47357869800368274,0.3333333333333333,0.5555555555555556,-2.111111111111111,0.1111111111111111,2.3333333333333335,3.0,4.444444444444445,2.888888888888889,2.0,2.0,-0.22222222222222227,-2.2222222222222223,-0.6666666666666665,1.5555555555555558,0.0,away,2.0
20260512-дёӯж—Ҙ-Yokohama_DeNA_BayStars,2026-05-12 18:00:00,2026,дёӯж—Ҙ,Yokohama DeNA BayStars,1.0,3.0,Final,жЁӘгҖҖжөң,339,8,0.5214403550385288,0.625,0.625,0.7,1.25,5.15,4.75,4.45,3.5,2.0,2.0,0.0,-0.55,0.40000000000000036,0.9500000000000002,0.0,home,4.0
20260512-еәғеі¶-е·Ёдәә,2026-05-12 18:00:00,2026,еәғеі¶,е·Ёдәә,3.0,5.0,Final,еІҗгҖҖйҳң,9,8,0.49086145923581415,0.3333333333333333,0.4375,-1.6666666666666667,0.5,3.0,4.375,4.666666666666667,3.875,2.0,2.0,-0.10416666666666669,-2.166666666666667,-1.375,0.791666666666667,0.0,home,8.0
20260512-ж—Ҙжң¬гғҸгғ-гғӯгғғгғҶ,2026-05-12 18:00:00,2026,ж—Ҙжң¬гғҸгғ,гғӯгғғгғҶ,3.0,2.0,Final,ZOZOгғһгғӘгғі,9,9,0.41770504585526,0.2222222222222222,0.5555555555555556,-1.8888888888888888,1.8888888888888888,3.111111111111111,4.444444444444445,5.0,2.5555555555555554,2.0,2.0,-0.33333333333333337,-3.7777777777777777,-1.3333333333333335,2.4444444444444446,0.0,away,5.0
20260512-иҘҝжӯҰ-гӮҪгғ•гғҲгғҗгғігӮҜ,2026-05-12 18:00:00,2026,иҘҝжӯҰ,гӮҪгғ•гғҲгғҗгғігӮҜ,3.0,0.0,Final,гҒҝгҒҡгҒ»PayPay,9,9,0.44323798275535353,0.5555555555555556,0.7777777777777778,-0.8888888888888888,2.888888888888889,4.111111111111111,6.111111111111111,5.0,3.2222222222222223,2.0,2.0,-0.2222222222222222,-3.7777777777777777,-2.0,1.7777777777777777,0.0,away,3.0
20260512-йҳӘзҘһ-гғӨгӮҜгғ«гғҲ,2026-05-12 18:00:00,2026,йҳӘзҘһ,гғӨгӮҜгғ«гғҲ,10.0,0.0,Final,зҘһгҖҖе®®,9,9,0.5947768652386749,0.6666666666666666,0.4444444444444444,1.4444444444444444,-1.2222222222222223,4.888888888888889,2.888888888888889,3.4444444444444446,4.111111111111111,2.0,2.0,0.2222222222222222,2.666666666666667,2.0000000000000004,-0.6666666666666661,0.0,away,10.0
20260513-дёӯж—Ҙ-Yokohama_DeNA_BayStars,2026-05-13 18:00:00,2026,дёӯж—Ҙ,Yokohama DeNA BayStars,0.0,5.0,Final,жЁӘгҖҖжөң,340,9,0.5532071011060271,0.625,0.5555555555555556,0.6,0.8888888888888888,5.05,4.333333333333333,4.45,3.4444444444444446,1.0,1.0,0.06944444444444442,-0.28888888888888886,0.7166666666666668,1.0055555555555555,0.0,home,5.0
20260513-еәғеі¶-е·Ёдәә,2026-05-13 18:00:00,2026,еәғеі¶,е·Ёдәә,2.0,4.0,Final,зҰҸгҖҖдә•,10,9,0.5248376905722585,0.4,0.3888888888888889,-1.3,0.2222222222222222,3.2,4.222222222222222,4.5,4.0,1.0,1.0,0.011111111111111127,-1.5222222222222221,-1.0222222222222221,0.5,0.0,home,6.0
20260513-ж—Ҙжң¬гғҸгғ-гғӯгғғгғҶ,2026-05-13 18:00:00,2026,ж—Ҙжң¬гғҸгғ,гғӯгғғгғҶ,6.0,2.0,Final,ZOZOгғһгғӘгғі,10,10,0.3926763487962308,0.2,0.6,-1.8,1.8,3.0,4.3,4.8,2.5,1.0,1.0,-0.39999999999999997,-3.6,-1.2999999999999998,2.3,0.0,away,8.0
20260513-иҘҝжӯҰ-гӮҪгғ•гғҲгғҗгғігӮҜ,2026-05-13 18:00:00,2026,иҘҝжӯҰ,гӮҪгғ•гғҲгғҗгғігӮҜ,2.0,1.0,Final,гҒҝгҒҡгҒ»PayPay,10,10,0.41227110813744916,0.5,0.8,-1.1,2.9,3.7,5.8,4.8,2.9,1.0,1.0,-0.30000000000000004,-4.0,-2.0999999999999996,1.9,0.0,away,3.0
20260513-йҳӘзҘһ-гғӨгӮҜгғ«гғҲ,2026-05-13 18:00:00,2026,йҳӘзҘһ,гғӨгӮҜгғ«гғҲ,2.0,4.0,Final,зҘһгҖҖе®®,10,10,0.5410634422649219,0.6,0.5,0.3,-0.1,4.4,3.6,4.1,3.7,1.0,1.0,0.09999999999999998,0.4,0.8000000000000003,0.39999999999999947,0.0,home,6.0
20260514-гӮӘгғӘгғғгӮҜгӮ№-жҘҪеӨ©,2026-05-14 13:00:00,2026,гӮӘгғӘгғғгӮҜгӮ№,жҘҪеӨ©,0.0,3.0,Final,жҘҪеӨ©гғўгғҗгӮӨгғ«,10,10,0.44219054184980455,0.3,0.6,-2.1,0.3,2.1,2.9,4.2,2.6,2.0,2.0,-0.3,-2.4,-0.7999999999999998,1.6,0.0,home,3.0
20260514-дёӯж—Ҙ-Yokohama_DeNA_BayStars,2026-05-14 18:00:00,2026,дёӯж—Ҙ,Yokohama DeNA BayStars,0.0,0.0,Final,жЁӘгҖҖжөң,341,10,0.5884753881100699,0.625,0.5,0.6,0.3,4.95,3.9,4.35,3.6,1.0,1.0,0.125,0.3,1.0500000000000003,0.7499999999999996,0.0,draw,0.0
20260514-ж—Ҙжң¬гғҸгғ-гғӯгғғгғҶ,2026-05-14 18:00:00,2026,ж—Ҙжң¬гғҸгғ,гғӯгғғгғҶ,3.0,5.0,Final,ZOZOгғһгғӘгғі,11,11,0.36460630411311035,0.18181818181818182,0.6363636363636364,-2.0,2.0,2.909090909090909,4.454545454545454,4.909090909090909,2.4545454545454546,1.0,1.0,-0.45454545454545453,-4.0,-1.545454545454545,2.4545454545454546,0.0,home,8.0
20260515-гӮҪгғ•гғҲгғҗгғігӮҜ-жҘҪеӨ©,2026-05-15 13:00:00,2026,гӮҪгғ•гғҲгғҗгғігӮҜ,жҘҪеӨ©,3.0,6.0,Final,жҘҪеӨ©гғўгғҗгӮӨгғ«,11,11,0.5175538533688352,0.36363636363636365,0.45454545454545453,-1.6363636363636365,-1.0909090909090908,2.1818181818181817,3.4545454545454546,3.8181818181818183,4.545454545454546,1.0,2.0,-0.09090909090909088,-0.5454545454545456,-1.272727272727273,-0.7272727272727275,-1.0,home,9.0
20260515-Yokohama_DeNA_BayStars-е·Ёдәә,2026-05-15 18:00:00,2026,Yokohama DeNA BayStars,е·Ёдәә,0.0,2.0,Final,жқұдә¬гғүгғјгғ,11,342,0.469070177116504,0.45454545454545453,0.6,-1.0,0.5,3.272727272727273,4.85,4.2727272727272725,4.35,2.0,1.0,-0.14545454545454545,-1.5,-1.5772727272727267,-0.07727272727272716,1.0,home,2.0
20260515-гғӨгӮҜгғ«гғҲ-дёӯж—Ҙ,2026-05-15 18:00:00,2026,гғӨгӮҜгғ«гғҲ,дёӯж—Ҙ,8.0,5.0,Final,гғҗгғігғҶгғӘгғігғүгғјгғ,11,11,0.4876482047731924,0.5,0.6363636363636364,0.2727272727272727,0.45454545454545453,3.5454545454545454,4.363636363636363,3.272727272727273,3.909090909090909,1.0,2.0,-0.13636363636363635,-0.18181818181818182,-0.8181818181818179,-0.6363636363636362,-1.0,away,13.0
20260515-гӮӘгғӘгғғгӮҜгӮ№-гғӯгғғгғҶ,2026-05-15 18:00:00,2026,гӮӘгғӘгғғгӮҜгӮ№,гғӯгғғгғҶ,3.0,6.0,Final,ZOZOгғһгғӘгғі,12,11,0.44360909568837936,0.25,0.5454545454545454,-1.6666666666666667,0.0,3.0833333333333335,2.6363636363636362,4.75,2.6363636363636362,1.0,1.0,-0.2954545454545454,-1.6666666666666667,0.44696969696969724,2.1136363636363638,0.0,home,9.0
20260515-еәғеі¶-йҳӘзҘһ,2026-05-15 18:00:00,2026,еәғеі¶,йҳӘзҘһ,2.0,0.0,Final,з”Іеӯҗең’,11,10,0.5586437489114355,0.45454545454545453,0.35,-0.2727272727272727,0.0,3.4545454545454546,4.0,3.727272727272727,4.0,2.0,2.0,0.10454545454545455,-0.2727272727272727,-0.5454545454545454,-0.27272727272727293,0.0,away,2.0
20260515-иҘҝжӯҰ-ж—Ҙжң¬гғҸгғ,2026-05-15 18:00:00,2026,иҘҝжӯҰ,ж—Ҙжң¬гғҸгғ,3.0,0.0,Final,гӮЁгӮ№гӮігғіпјҰ,12,11,0.4614100571443945,0.5833333333333334,0.8181818181818182,1.6666666666666667,2.727272727272727,4.333333333333333,5.454545454545454,2.6666666666666665,2.727272727272727,1.0,2.0,-0.23484848484848486,-1.0606060606060603,-1.121212121212121,-0.06060606060606055,-1.0,away,3.0
20260516-гӮҪгғ•гғҲгғҗгғігӮҜ-жҘҪеӨ©,2026-05-16 13:00:00,2026,гӮҪгғ•гғҲгғҗгғігӮҜ,жҘҪеӨ©,3.0,4.0,Final,жҘҪеӨ©гғўгғҗгӮӨгғ«,12,12,0.5518114933534126,0.4166666666666667,0.4166666666666667,-1.25,-1.25,2.5,3.4166666666666665,3.75,4.666666666666667,1.0,1.0,0.0,0.0,-0.9166666666666665,-0.916666666666667,0.0,home,7.0
20260516-Yokohama_DeNA_BayStars-е·Ёдәә,2026-05-16 14:00:00,2026,Yokohama DeNA BayStars,е·Ёдәә,3.0,4.0,Final,жқұдә¬гғүгғјгғ,12,343,0.5044833357158037,0.5,0.55,-0.75,0.05,3.1666666666666665,4.05,3.9166666666666665,4.0,1.0,1.0,-0.050000000000000044,-0.8,-0.8833333333333333,-0.08333333333333348,0.0,home,7.0
20260516-гғӨгӮҜгғ«гғҲ-дёӯж—Ҙ,2026-05-16 14:00:00,2026,гғӨгӮҜгғ«гғҲ,дёӯж—Ҙ,0.0,8.0,Final,гғҗгғігғҶгғӘгғігғүгғјгғ,12,12,0.45297667242405815,0.4583333333333333,0.6666666666666666,0.0,0.6666666666666666,3.6666666666666665,4.666666666666667,3.6666666666666665,4.0,1.0,1.0,-0.20833333333333331,-0.6666666666666666,-1.0000000000000004,-0.3333333333333335,0.0,home,8.0
20260516-гӮӘгғӘгғғгӮҜгӮ№-гғӯгғғгғҶ,2026-05-16 14:00:00,2026,гӮӘгғӘгғғгӮҜгӮ№,гғӯгғғгғҶ,0.0,2.0,Final,ZOZOгғһгғӘгғі,13,12,0.48308987296620876,0.3076923076923077,0.5,-1.3076923076923077,-0.25,3.3076923076923075,2.6666666666666665,4.615384615384615,2.9166666666666665,1.0,1.0,-0.1923076923076923,-1.0576923076923077,0.641025641025641,1.6987179487179485,0.0,home,2.0
20260516-еәғеі¶-йҳӘзҘһ,2026-05-16 14:00:00,2026,еәғеі¶,йҳӘзҘһ,1.0,3.0,Final,з”Іеӯҗең’,12,11,0.521598031989851,0.4166666666666667,0.4090909090909091,-0.4166666666666667,0.18181818181818182,3.1666666666666665,3.8181818181818183,3.5833333333333335,3.6363636363636362,1.0,1.0,0.007575757575757569,-0.5984848484848485,-0.6515151515151518,-0.05303030303030276,0.0,home,4.0
20260516-иҘҝжӯҰ-ж—Ҙжң¬гғҸгғ,2026-05-16 14:00:00,2026,иҘҝжӯҰ,ж—Ҙжң¬гғҸгғ,4.0,5.0,Final,гӮЁгӮ№гӮігғіпјҰ,13,12,0.42888312711465454,0.5384615384615384,0.8333333333333334,1.3076923076923077,2.75,4.0,5.25,2.6923076923076925,2.5,1.0,1.0,-0.29487179487179493,-1.4423076923076923,-1.25,0.1923076923076925,0.0,home,9.0
20260517-гӮҪгғ•гғҲгғҗгғігӮҜ-жҘҪеӨ©,2026-05-17 13:00:00,2026,гӮҪгғ•гғҲгғҗгғігӮҜ,жҘҪеӨ©,5.0,1.0,Final,жҘҪеӨ©гғўгғҗгӮӨгғ«,13,13,0.5791896532264029,0.46153846153846156,0.38461538461538464,-1.0769230769230769,-1.2307692307692308,2.6153846153846154,3.3846153846153846,3.6923076923076925,4.615384615384615,1.0,1.0,0.07692307692307693,0.15384615384615397,-0.7692307692307692,-0.9230769230769225,0.0,away,6.0
20260517-иҘҝжӯҰ-ж—Ҙжң¬гғҸгғ,2026-05-17 13:00:00,2026,иҘҝжӯҰ,ж—Ҙжң¬гғҸгғ,6.0,3.0,Final,гӮЁгӮ№гӮігғіпјҰ,14,13,0.4639664428520933,0.5714285714285714,0.7692307692307693,1.2857142857142858,2.4615384615384617,4.071428571428571,5.153846153846154,2.7857142857142856,2.6923076923076925,1.0,1.0,-0.19780219780219788,-1.1758241758241759,-1.082417582417583,0.09340659340659307,0.0,away,9.0
20260517-гғӨгӮҜгғ«гғҲ-дёӯж—Ҙ,2026-05-17 13:30:00,2026,гғӨгӮҜгғ«гғҲ,дёӯж—Ҙ,5.0,1.0,Final,гғҗгғігғҶгғӘгғігғүгғјгғ,13,13,0.503219960994538,0.5,0.6153846153846154,0.6153846153846154,0.0,4.0,4.3076923076923075,3.3846153846153846,4.3076923076923075,1.0,1.0,-0.11538461538461542,0.6153846153846154,-0.3076923076923075,-0.9230769230769229,0.0,away,6.0
20260517-Yokohama_DeNA_BayStars-е·Ёдәә,2026-05-17 14:00:00,2026,Yokohama DeNA BayStars,е·Ёдәә,0.0,1.0,Final,жқұдә¬гғүгғјгғ,13,344,0.5352311454707248,0.5384615384615384,0.5,-0.6153846153846154,-0.05,3.230769230769231,3.85,3.8461538461538463,3.9,1.0,1.0,0.038461538461538436,-0.5653846153846154,-0.6192307692307693,-0.053846153846153655,0.0,home,1.0
20260517-гӮӘгғӘгғғгӮҜгӮ№-гғӯгғғгғҶ,2026-05-17 14:00:00,2026,гӮӘгғӘгғғгӮҜгӮ№,гғӯгғғгғҶ,2.0,3.0,Final,ZOZOгғһгғӘгғі,14,13,0.5175928127202348,0.35714285714285715,0.46153846153846156,-1.0714285714285714,-0.38461538461538464,3.2142857142857144,2.4615384615384617,4.285714285714286,2.8461538461538463,1.0,1.0,-0.10439560439560441,-0.6868131868131868,0.7527472527472527,1.4395604395604393,0.0,home,5.0
20260517-еәғеі¶-йҳӘзҘһ,2026-05-17 14:00:00,2026,еәғеі¶,йҳӘзҘһ,1.0,0.0,Final,з”Іеӯҗең’,13,12,0.5533528675987278,0.46153846153846156,0.375,-0.23076923076923078,0.0,3.1538461538461537,3.5833333333333335,3.3846153846153846,3.5833333333333335,1.0,1.0,0.08653846153846156,-0.23076923076923078,-0.42948717948717974,-0.1987179487179489,0.0,away,1.0
20260519-Yokohama_DeNA_BayStars-еәғеі¶,2026-05-19 18:00:00,2026,Yokohama DeNA BayStars,еәғеі¶,1.0,3.0,Final,гғһгғ„гғҖгӮ№гӮҝгӮёгӮўгғ,13,345,0.5086817542358284,0.4230769230769231,0.45,0.07692307692307693,-0.15,3.3846153846153846,3.75,3.3076923076923075,3.9,2.0,2.0,-0.02692307692307694,0.22692307692307692,-0.3653846153846154,-0.5923076923076924,0.0,home,4.0
20260519-гғӯгғғгғҶ-иҘҝжӯҰ,2026-05-19 18:00:00,2026,гғӯгғғгғҶ,иҘҝжӯҰ,2.0,3.0,Final,еүҚгҖҖж©Ӣ,14,15,0.6766495173885487,0.7857142857142857,0.4,2.5,-0.9333333333333333,5.214285714285714,3.2,2.7142857142857144,4.133333333333334,2.0,2.0,0.3857142857142857,3.4333333333333336,2.0142857142857142,-1.4190476190476193,0.0,home,5.0
20260519-гӮҪгғ•гғҲгғҗгғігӮҜ-гӮӘгғӘгғғгӮҜгӮ№,2026-05-19 18:00:00,2026,гӮҪгғ•гғҲгғҗгғігӮҜ,гӮӘгғӘгғғгӮҜгӮ№,1.0,2.0,Final,дә¬гӮ»гғ©DеӨ§йҳӘ,14,14,0.5216164651516649,0.42857142857142855,0.42857142857142855,-0.42857142857142855,-0.8571428571428571,2.4285714285714284,3.5,2.857142857142857,4.357142857142857,2.0,2.0,0.0,0.42857142857142855,-1.0714285714285716,-1.4999999999999996,0.0,home,3.0
20260519-дёӯж—Ҙ-йҳӘзҘһ,2026-05-19 18:00:00,2026,дёӯж—Ҙ,йҳӘзҘһ,2.0,4.0,Final,еҖүгҖҖж•·,14,14,0.5183429164613166,0.42857142857142855,0.4642857142857143,-0.2857142857142857,0.2857142857142857,2.9285714285714284,3.7857142857142856,3.2142857142857144,3.5,2.0,2.0,-0.035714285714285754,-0.5714285714285714,-0.8571428571428572,-0.2857142857142856,0.0,home,6.0
20260519-е·Ёдәә-гғӨгӮҜгғ«гғҲ,2026-05-19 18:00:00,2026,е·Ёдәә,гғӨгӮҜгғ«гғҲ,2.0,0.0,Final,гҒ„гӮҸгҒҚ,14,14,0.5378117994648833,0.6428571428571429,0.5714285714285714,0.2857142857142857,-0.5,4.357142857142857,3.0714285714285716,4.071428571428571,3.5714285714285716,2.0,2.0,0.07142857142857151,0.7857142857142857,1.2857142857142851,0.49999999999999956,0.0,away,2.0
20260519-жҘҪеӨ©-ж—Ҙжң¬гғҸгғ,2026-05-19 18:00:00,2026,жҘҪеӨ©,ж—Ҙжң¬гғҸгғ,2.0,6.0,Final,гӮЁгӮ№гӮігғіпјҰ,15,14,0.590196617151878,0.5333333333333333,0.42857142857142855,1.0,-1.2857142857142858,4.0,2.5,3.0,3.7857142857142856,2.0,2.0,0.10476190476190478,2.2857142857142856,1.5,-0.7857142857142856,0.0,home,8.0
20260520-Yokohama_DeNA_BayStars-еәғеі¶,2026-05-20 18:00:00,2026,Yokohama DeNA BayStars,еәғеі¶,4.0,3.0,Final,гғһгғ„гғҖгӮ№гӮҝгӮёгӮўгғ,14,346,0.5413954168207717,0.4642857142857143,0.45,0.21428571428571427,0.0,3.357142857142857,3.7,3.142857142857143,3.7,1.0,1.0,0.01428571428571429,0.21428571428571427,-0.34285714285714297,-0.5571428571428574,0.0,away,7.0
20260520-гғӯгғғгғҶ-иҘҝжӯҰ,2026-05-20 18:00:00,2026,гғӯгғғгғҶ,иҘҝжӯҰ,3.0,1.0,Final,зңҢе–¶еӨ§е®®,15,16,0.6939873209620925,0.8,0.375,2.4,-0.9375,5.066666666666666,3.125,2.6666666666666665,4.0625,1.0,1.0,0.42500000000000004,3.3375,1.9416666666666664,-1.3958333333333335,0.0,away,4.0
20260520-гӮҪгғ•гғҲгғҗгғігӮҜ-гӮӘгғӘгғғгӮҜгӮ№,2026-05-20 18:00:00,2026,гӮҪгғ•гғҲгғҗгғігӮҜ,гӮӘгғӘгғғгӮҜгӮ№,3.0,8.0,Final,дә¬гӮ»гғ©DеӨ§йҳӘ,15,15,0.5511909598560587,0.4666666666666667,0.4,-0.3333333333333333,-0.8666666666666667,2.4,3.3333333333333335,2.7333333333333334,4.2,1.0,1.0,0.06666666666666665,0.5333333333333334,-0.9333333333333336,-1.4666666666666668,0.0,home,11.0
20260520-дёӯж—Ҙ-йҳӘзҘһ,2026-05-20 18:00:00,2026,дёӯж—Ҙ,йҳӘзҘһ,7.0,8.0,Final,з”Іеӯҗең’,15,15,0.5503426294651327,0.4666666666666667,0.43333333333333335,-0.13333333333333333,0.13333333333333333,3.0,3.6666666666666665,3.1333333333333333,3.533333333333333,1.0,1.0,0.033333333333333326,-0.26666666666666666,-0.6666666666666665,-0.3999999999999999,0.0,home,15.0
20260520-жҘҪеӨ©-ж—Ҙжң¬гғҸгғ,2026-05-20 18:00:00,2026,жҘҪеӨ©,ж—Ҙжң¬гғҸгғ,3.0,5.0,Final,гӮЁгӮ№гӮігғіпјҰ,16,15,0.6199496180039633,0.5625,0.4,1.1875,-1.4666666666666666,4.125,2.466666666666667,2.9375,3.933333333333333,1.0,1.0,0.16249999999999998,2.654166666666667,1.6583333333333332,-0.9958333333333331,0.0,home,8.0
20260521-Yokohama_DeNA_BayStars-еәғеі¶,2026-05-21 18:00:00,2026,Yokohama DeNA BayStars,еәғеі¶,1.0,3.0,Final,гғһгғ„гғҖгӮ№гӮҝгӮёгӮўгғ,15,347,0.5078313029591259,0.43333333333333335,0.5,0.13333333333333333,0.2,3.3333333333333335,3.85,3.2,3.65,1.0,1.0,-0.06666666666666665,-0.06666666666666668,-0.5166666666666666,-0.44999999999999973,0.0,home,4.0
20260521-е·Ёдәә-гғӨгӮҜгғ«гғҲ,2026-05-21 18:00:00,2026,е·Ёдәә,гғӨгӮҜгғ«гғҲ,1.0,3.0,Final,зҘһгҖҖе®®,15,15,0.5019717530532347,0.6,0.6,0.13333333333333333,-0.3333333333333333,4.066666666666666,3.0,3.933333333333333,3.3333333333333335,2.0,2.0,0.0,0.4666666666666667,1.0666666666666664,0.5999999999999996,0.0,home,4.0
20260522-гғӯгғғгғҶ-жҘҪеӨ©,2026-05-22 18:00:00,2026,гғӯгғғгғҶ,жҘҪеӨ©,2.0,1.0,Final,жҘҪеӨ©гғўгғҗгӮӨгғ«,16,17,0.4828246143300964,0.375,0.4117647058823529,-1.5,-0.7647058823529411,2.5,3.1176470588235294,4.0,3.8823529411764706,2.0,2.0,-0.03676470588235292,-0.7352941176470589,-0.6176470588235294,0.11764705882352944,0.0,away,3.0
20260522-гӮӘгғӘгғғгӮҜгӮ№-иҘҝжӯҰ,2026-05-22 18:00:00,2026,гӮӘгғӘгғғгӮҜгӮ№,иҘҝжӯҰ,5.0,1.0,Final,гғҷгғ«гғјгғҠгғүгғјгғ,16,16,0.6523429979463788,0.75,0.5,2.125,0.0,4.8125,2.75,2.6875,2.75,2.0,2.0,0.25,2.125,2.0625,-0.0625,0.0,away,6.0
20260522-еәғеі¶-дёӯж—Ҙ,2026-05-22 18:00:00,2026,еәғеі¶,дёӯж—Ҙ,2.0,6.0,Final,гғҗгғігғҶгғӘгғігғүгғјгғ,16,16,0.4835262423622177,0.40625,0.46875,0.0625,0.25,3.875,3.3125,3.8125,3.0625,2.0,1.0,-0.0625,-0.1875,0.5625,0.75,1.0,home,8.0
20260522-ж—Ҙжң¬гғҸгғ-гӮҪгғ•гғҲгғҗгғігӮҜ,2026-05-22 18:00:00,2026,ж—Ҙжң¬гғҸгғ,гӮҪгғ•гғҲгғҗгғігӮҜ,0.0,10.0,Final,гҒҝгҒҡгҒ»PayPay,16,17,0.39947481740708674,0.375,0.5882352941176471,-1.125,1.2352941176470589,3.3125,4.176470588235294,4.4375,2.9411764705882355,2.0,2.0,-0.21323529411764708,-2.360294117647059,-0.8639705882352944,1.4963235294117645,0.0,home,10.0
20260522-йҳӘзҘһ-е·Ёдәә,2026-05-22 18:00:00,2026,йҳӘзҘһ,е·Ёдәә,7.0,4.0,Final,жқұдә¬гғүгғјгғ,16,16,0.564813956687212,0.5625,0.5,-0.4375,-0.0625,2.875,3.3125,3.3125,3.375,1.0,2.0,0.0625,-0.375,-0.4375,-0.0625,-1.0,away,11.0
20260523-гғӨгӮҜгғ«гғҲ-Yokohama_DeNA_BayStars,2026-05-23 14:00:00,2026,гғӨгӮҜгғ«гғҲ,Yokohama DeNA BayStars,6.0,0.0,Final,жЁӘгҖҖжөң,348,16,0.4696373442599718,0.5,0.625,0.25,0.25,3.9,4.0,3.65,3.75,2.0,2.0,-0.125,0.0,-0.10000000000000009,-0.10000000000000009,0.0,away,6.0
20260523-гғӯгғғгғҶ-жҘҪеӨ©,2026-05-23 14:00:00,2026,гғӯгғғгғҶ,жҘҪеӨ©,7.0,6.0,Final,жҘҪеӨ©гғўгғҗгӮӨгғ«,17,18,0.45294044634664377,0.35294117647058826,0.4444444444444444,-1.4705882352941178,-0.6666666666666666,2.411764705882353,3.0555555555555554,3.8823529411764706,3.7222222222222223,1.0,1.0,-0.09150326797385616,-0.8039215686274511,-0.6437908496732025,0.16013071895424824,0.0,away,13.0
20260523-гӮӘгғӘгғғгӮҜгӮ№-иҘҝжӯҰ,2026-05-23 14:00:00,2026,гӮӘгғӘгғғгӮҜгӮ№,иҘҝжӯҰ,1.0,4.0,Final,гғҷгғ«гғјгғҠгғүгғјгғ,17,17,0.6061315787782288,0.7058823529411765,0.5294117647058824,1.7647058823529411,0.23529411764705882,4.588235294117647,2.8823529411764706,2.823529411764706,2.6470588235294117,1.0,1.0,0.17647058823529416,1.5294117647058822,1.7058823529411762,0.17647058823529438,0.0,home,5.0
20260523-еәғеі¶-дёӯж—Ҙ,2026-05-23 14:00:00,2026,еәғеі¶,дёӯж—Ҙ,5.0,3.0,Final,гғҗгғігғҶгғӘгғігғүгғјгғ,17,17,0.5227489782865256,0.4411764705882353,0.4411764705882353,0.29411764705882354,0.0,4.0,3.235294117647059,3.7058823529411766,3.235294117647059,1.0,1.0,0.0,0.29411764705882354,0.7647058823529411,0.47058823529411775,0.0,away,8.0
20260523-ж—Ҙжң¬гғҸгғ-гӮҪгғ•гғҲгғҗгғігӮҜ,2026-05-23 14:00:00,2026,ж—Ҙжң¬гғҸгғ,гӮҪгғ•гғҲгғҗгғігӮҜ,1.0,11.0,Final,гҒҝгҒҡгҒ»PayPay,17,18,0.4535314365866357,0.4117647058823529,0.5555555555555556,-0.47058823529411764,0.6111111111111112,3.7058823529411766,3.9444444444444446,4.176470588235294,3.3333333333333335,1.0,1.0,-0.14379084967320266,-1.081699346405229,-0.23856209150326801,0.8431372549019609,0.0,home,12.0
20260523-йҳӘзҘһ-е·Ёдәә,2026-05-23 18:00:00,2026,йҳӘзҘһ,е·Ёдәә,3.0,0.0,Final,жқұдә¬гғүгғјгғ,17,17,0.5248437193078759,0.5294117647058824,0.5294117647058824,-0.5882352941176471,0.11764705882352941,2.9411764705882355,3.5294117647058822,3.5294117647058822,3.411764705882353,1.0,1.0,0.0,-0.7058823529411765,-0.5882352941176467,0.11764705882352944,0.0,away,3.0
20260524-гғӯгғғгғҶ-жҘҪеӨ©,2026-05-24 13:00:00,2026,гғӯгғғгғҶ,жҘҪеӨ©,5.0,8.0,Final,жҘҪеӨ©гғўгғҗгӮӨгғ«,18,19,0.42520699647469606,0.3333333333333333,0.47368421052631576,-1.4444444444444444,-0.5789473684210527,2.611111111111111,3.263157894736842,4.055555555555555,3.8421052631578947,1.0,1.0,-0.14035087719298245,-0.8654970760233918,-0.6520467836257309,0.21345029239766067,0.0,home,13.0
20260524-гӮӘгғӘгғғгӮҜгӮ№-иҘҝжӯҰ,2026-05-24 13:00:00,2026,гӮӘгғӘгғғгӮҜгӮ№,иҘҝжӯҰ,3.0,4.0,Final,гғҷгғ«гғјгғҠгғүгғјгғ,18,18,0.632634997324269,0.7222222222222222,0.5,1.8333333333333333,0.05555555555555555,4.555555555555555,2.7777777777777777,2.7222222222222223,2.7222222222222223,1.0,1.0,0.2222222222222222,1.7777777777777777,1.7777777777777777,0.0,0.0,home,7.0
20260524-еәғеі¶-дёӯж—Ҙ,2026-05-24 13:30:00,2026,еәғеі¶,дёӯж—Ҙ,5.0,3.0,Final,гғҗгғігғҶгғӘгғігғүгғјгғ,18,18,0.48786053506713717,0.4166666666666667,0.4722222222222222,0.16666666666666666,0.1111111111111111,3.9444444444444446,3.3333333333333335,3.7777777777777777,3.2222222222222223,1.0,1.0,-0.055555555555555525,0.05555555555555555,0.6111111111111112,0.5555555555555554,0.0,away,8.0
20260524-гғӨгӮҜгғ«гғҲ-Yokohama_DeNA_BayStars,2026-05-24 14:00:00,2026,гғӨгӮҜгғ«гғҲ,Yokohama DeNA BayStars,0.0,1.0,Final,жЁӘгҖҖжөң,349,17,0.43005065801960657,0.45,0.6470588235294118,-0.15,0.5882352941176471,3.7,4.117647058823529,3.85,3.5294117647058822,1.0,1.0,-0.1970588235294118,-0.7382352941176471,-0.4176470588235288,0.32058823529411784,0.0,home,1.0
20260524-ж—Ҙжң¬гғҸгғ-гӮҪгғ•гғҲгғҗгғігӮҜ,2026-05-24 14:00:00,2026,ж—Ҙжң¬гғҸгғ,гӮҪгғ•гғҲгғҗгғігӮҜ,6.0,7.0,Final,гҒҝгҒҡгҒ»PayPay,18,19,0.5037284967555142,0.4444444444444444,0.5263157894736842,0.1111111111111111,0.05263157894736842,4.111111111111111,3.789473684210526,4.0,3.736842105263158,1.0,1.0,-0.08187134502923976,0.05847953216374269,0.3216374269005846,0.26315789473684204,0.0,home,13.0
20260524-йҳӘзҘһ-е·Ёдәә,2026-05-24 14:00:00,2026,йҳӘзҘһ,е·Ёдәә,6.0,3.0,Final,жқұдә¬гғүгғјгғ,18,18,0.48740344366158245,0.5,0.5555555555555556,-0.7222222222222222,0.2777777777777778,2.7777777777777777,3.5,3.5,3.2222222222222223,1.0,1.0,-0.05555555555555558,-1.0,-0.7222222222222223,0.2777777777777777,0.0,away,9.0
20260526-гӮӘгғӘгғғгӮҜгӮ№-Yokohama_DeNA_BayStars,2026-05-26 17:45:00,2026,гӮӘгғӘгғғгӮҜгӮ№,Yokohama DeNA BayStars,7.0,1.0,Final,жЁӘгҖҖжөң,350,19,0.5278755766436931,0.45,0.47368421052631576,-0.3,0.0,3.45,2.789473684210526,3.75,2.789473684210526,2.0,2.0,-0.023684210526315752,-0.3,0.6605263157894741,0.9605263157894739,0.0,away,8.0
20260526-гғӯгғғгғҶ-еәғеі¶,2026-05-26 18:00:00,2026,гғӯгғғгғҶ,еәғеі¶,3.0,1.0,Final,гғһгғ„гғҖгӮ№гӮҝгӮёгӮўгғ,19,20,0.5478411600667741,0.5,0.45,0.21052631578947367,-0.7,3.4210526315789473,3.35,3.210526315789474,4.05,2.0,2.0,0.04999999999999999,0.9105263157894736,0.07105263157894726,-0.8394736842105259,0.0,away,4.0
20260526-гӮҪгғ•гғҲгғҗгғігӮҜ-е·Ёдәә,2026-05-26 18:00:00,2026,гӮҪгғ•гғҲгғҗгғігӮҜ,е·Ёдәә,8.0,3.0,Final,жқұдә¬гғүгғјгғ,19,19,0.5164573200665887,0.47368421052631576,0.47368421052631576,-0.8421052631578947,0.15789473684210525,2.789473684210526,4.2631578947368425,3.6315789473684212,4.105263157894737,2.0,2.0,0.0,-1.0,-1.4736842105263164,-0.47368421052631593,0.0,away,11.0
20260526-жҘҪеӨ©-дёӯж—Ҙ,2026-05-26 18:00:00,2026,жҘҪеӨ©,дёӯж—Ҙ,0.0,1.0,Final,гғҗгғігғҶгғӘгғігғүгғјгғ,19,19,0.5375281978432243,0.39473684210526316,0.3684210526315789,0.05263157894736842,-1.2105263157894737,3.8947368421052633,2.8947368421052633,3.8421052631578947,4.105263157894737,2.0,2.0,0.026315789473684237,1.263157894736842,1.0,-0.2631578947368425,0.0,home,1.0
20260526-ж—Ҙжң¬гғҸгғ-йҳӘзҘһ,2026-05-26 18:00:00,2026,ж—Ҙжң¬гғҸгғ,йҳӘзҘһ,4.0,0.0,Final,з”Іеӯҗең’,19,20,0.5971827791866159,0.5789473684210527,0.5,0.42105263157894735,0.0,3.6315789473684212,3.9,3.210526315789474,3.9,2.0,2.0,0.07894736842105265,0.42105263157894735,-0.26842105263157867,-0.689473684210526,0.0,away,4.0
20260526-иҘҝжӯҰ-гғӨгӮҜгғ«гғҲ,2026-05-26 18:00:00,2026,иҘҝжӯҰ,гғӨгӮҜгғ«гғҲ,2.0,1.0,Final,зҘһгҖҖе®®,18,19,0.4617977819870034,0.6111111111111112,0.7368421052631579,0.5,1.7894736842105263,3.888888888888889,4.526315789473684,3.388888888888889,2.736842105263158,2.0,2.0,-0.1257309941520467,-1.2894736842105263,-0.6374269005847952,0.6520467836257309,0.0,away,3.0
20260527-гӮӘгғӘгғғгӮҜгӮ№-Yokohama_DeNA_BayStars,2026-05-27 17:45:00,2026,гӮӘгғӘгғғгӮҜгӮ№,Yokohama DeNA BayStars,5.0,2.0,Final,жЁӘгҖҖжөң,351,20,0.48293843617147714,0.45,0.5,-0.05,0.3,3.25,3.0,3.3,2.7,1.0,1.0,-0.04999999999999999,-0.35,0.25,0.5999999999999996,0.0,away,7.0
20260527-гғӯгғғгғҶ-еәғеі¶,2026-05-27 18:00:00,2026,гғӯгғғгғҶ,еәғеі¶,5.0,4.0,Final,гғһгғ„гғҖгӮ№гӮҝгӮёгӮўгғ,20,21,0.5114039104800745,0.475,0.5,0.1,-0.1,3.3,3.5,3.2,3.6,1.0,1.0,-0.025000000000000022,0.2,-0.20000000000000018,-0.3999999999999999,0.0,away,9.0
20260527-гӮҪгғ•гғҲгғҗгғігӮҜ-е·Ёдәә,2026-05-27 18:00:00,2026,гӮҪгғ•гғҲгғҗгғігӮҜ,е·Ёдәә,1.0,5.0,Final,жқұдә¬гғүгғјгғ,20,20,0.47486293470497626,0.45,0.5,-1.05,0.4,2.8,4.45,3.85,4.05,1.0,1.0,-0.04999999999999999,-1.4500000000000002,-1.6500000000000004,-0.19999999999999973,0.0,home,6.0
20260527-жҘҪеӨ©-дёӯж—Ҙ,2026-05-27 18:00:00,2026,жҘҪеӨ©,дёӯж—Ҙ,2.0,7.0,Final,гғҗгғігғҶгғӘгғігғүгғјгғ,20,20,0.5659639396078734,0.425,0.35,0.1,-1.2,3.75,2.75,3.65,3.95,1.0,1.0,0.07500000000000001,1.3,1.0,-0.30000000000000027,0.0,home,9.0
20260527-ж—Ҙжң¬гғҸгғ-йҳӘзҘһ,2026-05-27 18:00:00,2026,ж—Ҙжң¬гғҸгғ,йҳӘзҘһ,5.0,2.0,Final,з”Іеӯҗең’,20,21,0.5528597000404692,0.55,0.5,0.2,0.0,3.45,3.85,3.25,3.85,1.0,1.0,0.050000000000000044,0.2,-0.3999999999999999,-0.6000000000000001,0.0,away,7.0
20260527-иҘҝжӯҰ-гғӨгӮҜгғ«гғҲ,2026-05-27 18:00:00,2026,иҘҝжӯҰ,гғӨгӮҜгғ«гғҲ,2.0,2.0,Final,зҘһгҖҖе®®,19,20,0.4334112307737096,0.5789473684210527,0.75,0.42105263157894735,1.75,3.736842105263158,4.4,3.3157894736842106,2.65,1.0,1.0,-0.17105263157894735,-1.3289473684210527,-0.6631578947368424,0.6657894736842107,0.0,draw,4.0
20260528-гӮӘгғӘгғғгӮҜгӮ№-Yokohama_DeNA_BayStars,2026-05-28 17:45:00,2026,гӮӘгғӘгғғгӮҜгӮ№,Yokohama DeNA BayStars,1.0,3.0,Final,жЁӘгҖҖжөң,352,21,0.4486413748582635,0.45,0.55,-0.15,0.65,3.1,3.2,3.25,2.55,1.0,1.0,-0.10000000000000003,-0.8,-0.10000000000000009,0.7000000000000002,0.0,home,4.0
20260528-гғӯгғғгғҶ-еәғеі¶,2026-05-28 18:00:00,2026,гғӯгғғгғҶ,еәғеі¶,6.0,3.0,Final,гғһгғ„гғҖгӮ№гӮҝгӮёгӮўгғ,21,22,0.4796233030220839,0.425,0.55,-0.15,0.0,3.15,3.55,3.3,3.55,1.0,1.0,-0.12500000000000006,-0.15,-0.3999999999999999,-0.25,0.0,away,9.0
20260528-гӮҪгғ•гғҲгғҗгғігӮҜ-е·Ёдәә,2026-05-28 18:00:00,2026,гӮҪгғ•гғҲгғҗгғігӮҜ,е·Ёдәә,8.0,4.0,Final,жқұдә¬гғүгғјгғ,21,21,0.5147401539424455,0.45,0.45,-0.95,0.05,2.8,4.3,3.75,4.25,1.0,1.0,0.0,-1.0,-1.5,-0.5,0.0,away,12.0
20260528-жҘҪеӨ©-дёӯж—Ҙ,2026-05-28 18:00:00,2026,жҘҪеӨ©,дёӯж—Ҙ,1.0,2.0,Final,гғҗгғігғҶгғӘгғігғүгғјгғ,21,21,0.5999650393538419,0.475,0.35,0.55,-1.3,3.95,2.8,3.4,4.1,1.0,1.0,0.125,1.85,1.1500000000000004,-0.6999999999999997,0.0,home,3.0
20260528-ж—Ҙжң¬гғҸгғ-йҳӘзҘһ,2026-05-28 18:00:00,2026,ж—Ҙжң¬гғҸгғ,йҳӘзҘһ,4.0,2.0,Final,з”Іеӯҗең’,21,22,0.5135914110134305,0.55,0.55,0.15,0.2,3.4,3.65,3.25,3.45,1.0,1.0,0.0,-0.05000000000000002,-0.25,-0.20000000000000018,0.0,away,6.0
20260528-иҘҝжӯҰ-гғӨгӮҜгғ«гғҲ,2026-05-28 18:00:00,2026,иҘҝжӯҰ,гғӨгӮҜгғ«гғҲ,8.0,0.0,Final,зҘһгҖҖе®®,20,21,0.4371801767753197,0.575,0.725,0.4,1.25,3.65,4.0,3.25,2.75,1.0,1.0,-0.15000000000000002,-0.85,-0.3500000000000001,0.5,0.0,away,8.0
20260529-Yokohama_DeNA_BayStars-иҘҝжӯҰ,2026-05-29 18:00:00,2026,Yokohama DeNA BayStars,иҘҝжӯҰ,4.0,13.0,Final,гғҷгғ«гғјгғҠгғүгғјгғ,22,353,0.7013942249905035,0.725,0.45,1.6,-0.55,4.15,2.65,2.55,3.2,1.0,1.0,0.27499999999999997,2.1500000000000004,1.5000000000000004,-0.6500000000000004,0.0,home,17.0
20260529-гғӨгӮҜгғ«гғҲ-жҘҪеӨ©,2026-05-29 18:00:00,2026,гғӨгӮҜгғ«гғҲ,жҘҪеӨ©,7.0,2.0,Final,жҘҪеӨ©гғўгғҗгӮӨгғ«,22,21,0.4006378787788634,0.35,0.525,-1.1,-0.55,2.85,2.85,3.95,3.4,1.0,1.0,-0.17500000000000004,-0.55,0.0,0.5500000000000003,0.0,away,9.0
20260529-дёӯж—Ҙ-гӮӘгғӘгғғгӮҜгӮ№,2026-05-29 18:00:00,2026,дёӯж—Ҙ,гӮӘгғӘгғғгӮҜгӮ№,5.0,1.0,Final,дә¬гӮ»гғ©DеӨ§йҳӘ,22,22,0.5516671322949968,0.5,0.475,0.5,0.4,2.75,3.85,2.25,3.45,1.0,1.0,0.025000000000000022,0.09999999999999998,-1.1,-1.2000000000000002,0.0,away,6.0
20260529-е·Ёдәә-ж—Ҙжң¬гғҸгғ,2026-05-29 18:00:00,2026,е·Ёдәә,ж—Ҙжң¬гғҸгғ,4.0,2.0,Final,гӮЁгӮ№гӮігғіпјҰ,23,22,0.6132850160248907,0.55,0.45,0.15,-1.05,3.7,2.75,3.55,3.8,1.0,1.0,0.10000000000000003,1.2,0.9500000000000002,-0.25,0.0,away,6.0
20260529-еәғеі¶-гӮҪгғ•гғҲгғҗгғігӮҜ,2026-05-29 18:00:00,2026,еәғеі¶,гӮҪгғ•гғҲгғҗгғігӮҜ,0.0,2.0,Final,гҒҝгҒҡгҒ»PayPay,22,22,0.5824802870705786,0.45,0.425,0.0,-0.1,4.45,3.3,4.45,3.4,1.0,1.0,0.025000000000000022,0.1,1.1500000000000004,1.0500000000000003,0.0,home,2.0
20260529-йҳӘзҘһ-гғӯгғғгғҶ,2026-05-29 18:00:00,2026,йҳӘзҘһ,гғӯгғғгғҶ,1.0,0.0,Final,ZOZOгғһгғӘгғі,23,22,0.5733270646528073,0.55,0.5,-0.35,-0.05,3.35,3.15,3.7,3.2,1.0,1.0,0.050000000000000044,-0.3,0.20000000000000018,0.5,0.0,away,1.0
20260530-Yokohama_DeNA_BayStars-иҘҝжӯҰ,2026-05-30 14:00:00,2026,Yokohama DeNA BayStars,иҘҝжӯҰ,0.0,6.0,Final,гғҷгғ«гғјгғҠгғүгғјгғ,23,354,0.7239132250326219,0.775,0.4,2.55,-1.15,4.8,2.3,2.25,3.45,1.0,1.0,0.375,3.6999999999999997,2.5,-1.2000000000000002,0.0,home,6.0
20260530-гғӨгӮҜгғ«гғҲ-жҘҪеӨ©,2026-05-30 14:00:00,2026,гғӨгӮҜгғ«гғҲ,жҘҪеӨ©,8.0,7.0,Final,жҘҪеӨ©гғўгғҗгӮӨгғ«,23,22,0.3700602435016942,0.3,0.525,-1.7,-0.35,2.6,2.9,4.3,3.25,1.0,1.0,-0.22500000000000003,-1.35,-0.2999999999999998,1.0499999999999998,0.0,away,15.0
20260530-дёӯж—Ҙ-гӮӘгғӘгғғгӮҜгӮ№,2026-05-30 14:00:00,2026,дёӯж—Ҙ,гӮӘгғӘгғғгӮҜгӮ№,1.0,3.0,Final,дә¬гӮ»гғ©DеӨ§йҳӘ,23,23,0.5099323158469427,0.5,0.475,0.45,0.4,2.8,3.75,2.35,3.35,1.0,1.0,0.025000000000000022,0.04999999999999999,-0.9500000000000002,-1.0,0.0,home,4.0
20260530-е·Ёдәә-ж—Ҙжң¬гғҸгғ,2026-05-30 14:00:00,2026,е·Ёдәә,ж—Ҙжң¬гғҸгғ,5.0,3.0,Final,гӮЁгӮ№гӮігғіпјҰ,24,23,0.5737905362419328,0.55,0.5,0.15,-0.8,3.75,2.95,3.6,3.75,1.0,1.0,0.050000000000000044,0.9500000000000001,0.7999999999999998,-0.1499999999999999,0.0,away,8.0
20260530-еәғеі¶-гӮҪгғ•гғҲгғҗгғігӮҜ,2026-05-30 14:00:00,2026,еәғеі¶,гӮҪгғ•гғҲгғҗгғігӮҜ,2.0,4.0,Final,гҒҝгҒҡгҒ»PayPay,23,23,0.6093267305424258,0.5,0.425,0.45,-0.05,4.55,2.9,4.1,2.95,1.0,1.0,0.07500000000000001,0.5,1.65,1.1499999999999995,0.0,home,6.0
20260530-йҳӘзҘһ-гғӯгғғгғҶ,2026-05-30 14:00:00,2026,йҳӘзҘһ,гғӯгғғгғҶ,4.0,3.0,Final,ZOZOгғһгғӘгғі,24,23,0.5381417752114686,0.55,0.5,-0.25,-0.15,3.35,3.05,3.6,3.2,1.0,1.0,0.050000000000000044,-0.1,0.30000000000000027,0.3999999999999999,0.0,away,7.0
20260531-гғӨгӮҜгғ«гғҲ-жҘҪеӨ©,2026-05-31 13:00:00,2026,гғӨгӮҜгғ«гғҲ,жҘҪеӨ©,2.0,1.0,Final,жҘҪеӨ©гғўгғҗгӮӨгғ«,24,23,0.3488757462340136,0.25,0.575,-1.85,0.2,2.8,3.2,4.65,3.0,1.0,1.0,-0.32499999999999996,-2.0500000000000003,-0.40000000000000036,1.6500000000000004,0.0,away,3.0
20260531-дёӯж—Ҙ-гӮӘгғӘгғғгӮҜгӮ№,2026-05-31 13:00:00,2026,дёӯж—Ҙ,гӮӘгғӘгғғгӮҜгӮ№,5.0,7.0,Final,дә¬гӮ»гғ©DеӨ§йҳӘ,24,24,0.5425546777649396,0.5,0.425,0.4,0.1,2.8,3.45,2.4,3.35,1.0,1.0,0.07500000000000001,0.30000000000000004,-0.6500000000000004,-0.9500000000000002,0.0,home,12.0
20260531-е·Ёдәә-ж—Ҙжң¬гғҸгғ,2026-05-31 13:00:00,2026,е·Ёдәә,ж—Ҙжң¬гғҸгғ,0.0,3.0,Final,гӮЁгӮ№гӮігғіпјҰ,25,24,0.5359563519136226,0.55,0.55,0.1,-0.5,3.8,3.15,3.7,3.65,1.0,1.0,0.0,0.6,0.6499999999999999,0.050000000000000266,0.0,home,3.0
20260531-еәғеі¶-гӮҪгғ•гғҲгғҗгғігӮҜ,2026-05-31 13:00:00,2026,еәғеі¶,гӮҪгғ•гғҲгғҗгғігӮҜ,1.0,3.0,Final,гҒҝгҒҡгҒ»PayPay,24,24,0.6338645228808313,0.55,0.4,0.95,-0.15,4.65,2.75,3.7,2.9,1.0,1.0,0.15000000000000002,1.0999999999999999,1.9000000000000004,0.8000000000000003,0.0,home,4.0
20260531-йҳӘзҘһ-гғӯгғғгғҶ,2026-05-31 13:00:00,2026,йҳӘзҘһ,гғӯгғғгғҶ,2.0,4.0,Final,ZOZOгғһгғӘгғі,25,24,0.5047597102484633,0.55,0.55,-0.05,0.1,3.45,3.1,3.5,3.0,1.0,1.0,0.0,-0.15000000000000002,0.3500000000000001,0.5,0.0,home,6.0
20260531-Yokohama_DeNA_BayStars-иҘҝжӯҰ,2026-05-31 14:00:00,2026,Yokohama DeNA BayStars,иҘҝжӯҰ,6.0,0.0,Final,гғҷгғ«гғјгғҠгғүгғјгғ,24,355,0.7423161680815628,0.775,0.375,2.45,-1.45,4.6,2.05,2.15,3.5,1.0,1.0,0.4,3.9000000000000004,2.55,-1.35,0.0,away,6.0
20260602-Chiba_Lotte_Marines-Tokyo_Yakult_Swallows,2026-06-02 18:00:00,2026,Chiba Lotte Marines,Tokyo Yakult Swallows,5.0,0.0,Final,神 宮,314,315,0.49686533706160896,0.5,0.45,-0.7,-0.6,2.6,3.25,3.3,3.85,33.0,34.0,0.04999999999999999,-0.09999999999999998,-0.6499999999999999,-0.5500000000000003,-1.0,away,5.0
20260602-Fukuoka_SoftBank_Hawks-Chunichi_Dragons,2026-06-02 18:00:00,2026,Fukuoka SoftBank Hawks,Chunichi Dragons,3.0,0.0,Final,バンテリンドーム,313,331,0.27674616530441193,0.3,0.45,-1.05,0.35,3.3,3.95,4.35,3.6,33.0,34.0,-0.15000000000000002,-1.4,-0.6500000000000004,0.7499999999999996,-1.0,away,3.0
20260602-Hokkaido_Nippon-Ham_Fighters-Hiroshima_Toyo_Carp,2026-06-02 18:00:00,2026,Hokkaido Nippon-Ham Fighters,Hiroshima Toyo Carp,,,Postponed,マツダスタジアム,311,329,0.32904724861621854,0.325,0.4,-0.5,-1.3,2.65,3.2,3.15,4.5,33.0,33.0,-0.07500000000000001,0.8,-0.5500000000000003,-1.35,0.0,,
20260602-Orix_Buffaloes-Yomiuri_Giants,2026-06-02 18:00:00,2026,Orix Buffaloes,Yomiuri Giants,2.0,3.0,Final,東京ドーム,321,315,0.40078083249713176,0.6,0.65,0.45,0.45,3.3,4.15,2.85,3.7,33.0,34.0,-0.050000000000000044,0.0,-0.8500000000000005,-0.8500000000000001,-1.0,home,5.0
20260602-Saitama_Seibu_Lions-Hanshin_Tigers,2026-06-02 18:00:00,2026,Saitama Seibu Lions,Hanshin Tigers,,,Postponed,甲子園,323,315,0.6019156232084341,0.625,0.55,0.95,0.55,4.6,3.8,3.65,3.25,33.0,33.0,0.07499999999999996,0.3999999999999999,0.7999999999999998,0.3999999999999999,0.0,,
20260602-Tohoku_Rakuten_Golden_Eagles-Yokohama_DeNA_BayStars,2026-06-02 18:00:00,2026,Tohoku Rakuten Golden Eagles,Yokohama DeNA BayStars,7.0,3.0,Final,横 浜,356,313,0.5174957671597279,0.425,0.475,-0.65,0.15,2.35,3.15,3.0,3.0,2.0,34.0,-0.04999999999999999,-0.8,-0.7999999999999998,0.0,-32.0,away,10.0
20260603-Chiba_Lotte_Marines-Tokyo_Yakult_Swallows,2026-06-03 18:00:00,2026,Chiba Lotte Marines,Tokyo Yakult Swallows,0.0,1.0,Final,神 宮,315,316,0.45692968787660804,0.5,0.45,-0.65,-0.4,2.45,3.35,3.1,3.75,1.0,1.0,0.04999999999999999,-0.25,-0.8999999999999999,-0.6499999999999999,0.0,home,1.0
20260603-Fukuoka_SoftBank_Hawks-Chunichi_Dragons,2026-06-03 18:00:00,2026,Fukuoka SoftBank Hawks,Chunichi Dragons,8.0,5.0,Final,バンテリンドーム,314,332,0.26121246685376565,0.3,0.5,-0.95,0.55,3.0,4.0,3.95,3.45,1.0,1.0,-0.2,-1.5,-1.0,0.5,0.0,away,13.0
20260603-Hokkaido_Nippon-Ham_Fighters-Hiroshima_Toyo_Carp,2026-06-03 18:00:00,2026,Hokkaido Nippon-Ham Fighters,Hiroshima Toyo Carp,1.0,3.0,Final,マツダスタジアム,311,329,0.32904724861621854,0.325,0.4,-0.5,-1.3,2.65,3.2,3.15,4.5,34.0,34.0,-0.07500000000000001,0.8,-0.5500000000000003,-1.35,0.0,home,4.0
20260603-Orix_Buffaloes-Yomiuri_Giants,2026-06-03 18:00:00,2026,Orix Buffaloes,Yomiuri Giants,4.0,5.0,Final,東京ドーム,322,316,0.4370361854952379,0.6,0.65,0.3,0.55,3.05,4.1,2.75,3.55,1.0,1.0,-0.050000000000000044,-0.25000000000000006,-1.0499999999999998,-0.7999999999999998,0.0,home,9.0
20260603-Saitama_Seibu_Lions-Hanshin_Tigers,2026-06-03 18:00:00,2026,Saitama Seibu Lions,Hanshin Tigers,3.0,2.0,Final,甲子園,323,315,0.6019156232084341,0.625,0.55,0.95,0.55,4.6,3.8,3.65,3.25,34.0,34.0,0.07499999999999996,0.3999999999999999,0.7999999999999998,0.3999999999999999,0.0,away,5.0
20260603-Tohoku_Rakuten_Golden_Eagles-Yokohama_DeNA_BayStars,2026-06-03 18:00:00,2026,Tohoku Rakuten Golden Eagles,Yokohama DeNA BayStars,2.0,0.0,Final,横 浜,357,314,0.47819467732712356,0.375,0.475,-1.3,0.3,2.0,3.4,3.3,3.1,1.0,1.0,-0.09999999999999998,-1.6,-1.4,0.19999999999999973,0.0,away,2.0
20260604-Chiba_Lotte_Marines-Tokyo_Yakult_Swallows,2026-06-04 18:00:00,2026,Chiba Lotte Marines,Tokyo Yakult Swallows,5.0,2.0,Final,神 宮,316,317,0.49058636469695177,0.5,0.45,-0.65,-0.3,2.35,3.25,3.0,3.55,1.0,1.0,0.04999999999999999,-0.35000000000000003,-0.8999999999999999,-0.5499999999999998,0.0,away,7.0
20260604-Fukuoka_SoftBank_Hawks-Chunichi_Dragons,2026-06-04 18:00:00,2026,Fukuoka SoftBank Hawks,Chunichi Dragons,2.0,1.0,Final,バンテリンドーム,315,333,0.24707795993220225,0.3,0.5,-1.0,0.55,3.0,4.15,4.0,3.6,1.0,1.0,-0.2,-1.55,-1.1500000000000004,0.3999999999999999,0.0,away,3.0
20260604-Hokkaido_Nippon-Ham_Fighters-Hiroshima_Toyo_Carp,2026-06-04 18:00:00,2026,Hokkaido Nippon-Ham Fighters,Hiroshima Toyo Carp,5.0,2.0,Final,マツダスタジアム,312,330,0.3697508136834182,0.375,0.4,-0.3,-1.25,2.7,3.25,3.0,4.5,1.0,1.0,-0.025000000000000022,0.95,-0.5499999999999998,-1.5,0.0,away,7.0
20260604-Orix_Buffaloes-Yomiuri_Giants,2026-06-04 18:00:00,2026,Orix Buffaloes,Yomiuri Giants,1.0,2.0,Final,東京ドーム,323,317,0.4717296901463467,0.6,0.65,0.3,0.8,3.15,4.2,2.85,3.4,1.0,1.0,-0.050000000000000044,-0.5,-1.0500000000000003,-0.5499999999999998,0.0,home,3.0
20260604-Saitama_Seibu_Lions-Hanshin_Tigers,2026-06-04 18:00:00,2026,Saitama Seibu Lions,Hanshin Tigers,4.0,2.0,Final,甲子園,324,316,0.5655626670754395,0.575,0.55,0.8,0.5,4.35,3.55,3.55,3.05,1.0,1.0,0.02499999999999991,0.30000000000000004,0.7999999999999998,0.5,0.0,away,6.0
20260604-Tohoku_Rakuten_Golden_Eagles-Yokohama_DeNA_BayStars,2026-06-04 18:00:00,2026,Tohoku Rakuten Golden Eagles,Yokohama DeNA BayStars,7.0,8.0,Final,横 浜,358,315,0.4464555073242057,0.325,0.5,-1.5,0.4,1.85,3.45,3.35,3.05,1.0,1.0,-0.175,-1.9,-1.6,0.30000000000000027,0.0,home,15.0
20260605-Chiba_Lotte_Marines-Yomiuri_Giants,2026-06-05 18:00:00,2026,Chiba Lotte Marines,Yomiuri Giants,2.0,8.0,Final,東京ドーム,324,318,0.5374423484695894,0.65,0.5,0.5,-0.1,3.15,3.35,2.65,3.45,1.0,1.0,0.15000000000000002,0.6,-0.20000000000000018,-0.8000000000000003,0.0,home,10.0
20260605-Fukuoka_SoftBank_Hawks-Yokohama_DeNA_BayStars,2026-06-05 18:00:00,2026,Fukuoka SoftBank Hawks,Yokohama DeNA BayStars,3.0,8.0,Final,横 浜,359,334,0.3423601914297947,0.375,0.5,-1.3,0.55,2.25,4.05,3.55,3.5,1.0,1.0,-0.125,-1.85,-1.7999999999999998,0.04999999999999982,0.0,home,11.0
20260605-Hokkaido_Nippon-Ham_Fighters-Tokyo_Yakult_Swallows,2026-06-05 18:00:00,2026,Hokkaido Nippon-Ham Fighters,Tokyo Yakult Swallows,3.0,1.0,Final,神 宮,317,331,0.45923858662178435,0.5,0.4,-0.7,-1.15,2.45,3.45,3.15,4.6,1.0,1.0,0.09999999999999998,0.44999999999999996,-1.0,-1.4499999999999997,0.0,away,4.0
20260605-Orix_Buffaloes-Hiroshima_Toyo_Carp,2026-06-05 18:00:00,2026,Orix Buffaloes,Hiroshima Toyo Carp,2.0,2.0,Final,マツダスタジアム,313,318,0.3132297114130357,0.375,0.6,-0.35,0.65,2.55,4.1,2.9,3.45,1.0,1.0,-0.22499999999999998,-1.0,-1.5499999999999998,-0.5500000000000003,0.0,draw,4.0
20260605-Saitama_Seibu_Lions-Chunichi_Dragons,2026-06-05 18:00:00,2026,Saitama Seibu Lions,Chunichi Dragons,0.0,1.0,Final,バンテリンドーム,316,317,0.31954647769978833,0.3,0.55,-0.95,0.55,2.9,3.65,3.85,3.1,1.0,1.0,-0.25000000000000006,-1.5,-0.75,0.75,0.0,home,1.0
20260605-Tohoku_Rakuten_Golden_Eagles-Hanshin_Tigers,2026-06-05 18:00:00,2026,Tohoku Rakuten Golden Eagles,Hanshin Tigers,1.0,8.0,Final,甲子園,325,316,0.566678005673895,0.575,0.45,0.75,0.2,4.4,3.65,3.65,3.45,1.0,1.0,0.12499999999999994,0.55,0.7500000000000004,0.19999999999999973,0.0,home,9.0
20260606-Fukuoka_SoftBank_Hawks-Yokohama_DeNA_BayStars,2026-06-06 14:00:00,2026,Fukuoka SoftBank Hawks,Yokohama DeNA BayStars,6.0,3.0,Final,横 浜,360,335,0.3915513201900688,0.375,0.5,-1.15,0.4,2.5,3.9,3.65,3.5,1.0,1.0,-0.125,-1.5499999999999998,-1.4,0.1499999999999999,0.0,away,9.0
20260606-Hokkaido_Nippon-Ham_Fighters-Tokyo_Yakult_Swallows,2026-06-06 14:00:00,2026,Hokkaido Nippon-Ham Fighters,Tokyo Yakult Swallows,2.0,0.0,Final,神 宮,318,332,0.4289660548893252,0.5,0.4,-0.75,-1.15,2.4,3.4,3.15,4.55,1.0,1.0,0.09999999999999998,0.3999999999999999,-1.0,-1.4,0.0,away,2.0
20260606-Orix_Buffaloes-Hiroshima_Toyo_Carp,2026-06-06 14:00:00,2026,Orix Buffaloes,Hiroshima Toyo Carp,4.0,7.0,Final,マツダスタジアム,314,319,0.3225543682241515,0.35,0.575,-0.4,0.25,2.55,3.75,2.95,3.5,1.0,1.0,-0.22499999999999998,-0.65,-1.2000000000000002,-0.5499999999999998,0.0,home,11.0
20260606-Saitama_Seibu_Lions-Chunichi_Dragons,2026-06-06 14:00:00,2026,Saitama Seibu Lions,Chunichi Dragons,5.0,2.0,Final,バンテリンドーム,317,318,0.3574056699196885,0.3,0.55,-1.0,0.6,2.65,3.65,3.65,3.05,1.0,1.0,-0.25000000000000006,-1.6,-1.0,0.6000000000000001,0.0,away,7.0
20260606-Tohoku_Rakuten_Golden_Eagles-Hanshin_Tigers,2026-06-06 14:00:00,2026,Tohoku Rakuten Golden Eagles,Hanshin Tigers,0.0,1.0,Final,甲子園,326,317,0.6044306552367247,0.575,0.45,0.8,-0.1,4.35,3.7,3.55,3.8,1.0,1.0,0.12499999999999994,0.9,0.6499999999999995,-0.25,0.0,home,1.0
20260606-Chiba_Lotte_Marines-Yomiuri_Giants,2026-06-06 18:00:00,2026,Chiba Lotte Marines,Yomiuri Giants,1.0,1.0,Final,東京ドーム,325,319,0.5763193363365812,0.65,0.5,0.75,-0.3,3.45,3.4,2.7,3.7,1.0,1.0,0.15000000000000002,1.05,0.050000000000000266,-1.0,0.0,draw,2.0
20260607-Orix_Buffaloes-Hiroshima_Toyo_Carp,2026-06-07 13:30:00,2026,Orix Buffaloes,Hiroshima Toyo Carp,2.0,5.0,Final,マツダスタジアム,315,320,0.36618163428413525,0.35,0.525,-0.4,0.05,2.65,3.85,3.05,3.8,1.0,1.0,-0.17500000000000004,-0.45,-1.2000000000000002,-0.75,0.0,home,7.0
20260607-Saitama_Seibu_Lions-Chunichi_Dragons,2026-06-07 13:30:00,2026,Saitama Seibu Lions,Chunichi Dragons,4.0,1.0,Final,バンテリンドーム,318,319,0.33432481514998924,0.3,0.6,-1.05,0.9,2.6,3.75,3.65,2.85,1.0,1.0,-0.3,-1.9500000000000002,-1.15,0.7999999999999998,0.0,away,5.0
20260607-Chiba_Lotte_Marines-Yomiuri_Giants,2026-06-07 14:00:00,2026,Chiba Lotte Marines,Yomiuri Giants,2.0,2.0,Final,東京ドーム,326,320,0.5720227477309483,0.625,0.525,0.7,0.1,3.35,3.4,2.65,3.3,1.0,1.0,0.09999999999999998,0.6,-0.04999999999999982,-0.6499999999999999,0.0,draw,4.0
20260607-Fukuoka_SoftBank_Hawks-Yokohama_DeNA_BayStars,2026-06-07 14:00:00,2026,Fukuoka SoftBank Hawks,Yokohama DeNA BayStars,4.0,2.0,Final,横 浜,361,336,0.3652632716753389,0.325,0.55,-1.55,0.6,2.4,4.15,3.95,3.55,1.0,1.0,-0.22500000000000003,-2.15,-1.7500000000000004,0.40000000000000036,0.0,away,6.0
20260607-Hokkaido_Nippon-Ham_Fighters-Tokyo_Yakult_Swallows,2026-06-07 14:00:00,2026,Hokkaido Nippon-Ham Fighters,Tokyo Yakult Swallows,7.0,1.0,Final,神 宮,319,333,0.401156746266254,0.45,0.45,-0.9,-0.9,2.25,3.35,3.15,4.25,1.0,1.0,0.0,0.0,-1.1,-1.1,0.0,away,8.0
20260607-Tohoku_Rakuten_Golden_Eagles-Hanshin_Tigers,2026-06-07 14:00:00,2026,Tohoku Rakuten Golden Eagles,Hanshin Tigers,,,Postponed,甲子園,327,318,0.6276926019095241,0.625,0.45,0.9,-0.05,4.3,3.6,3.4,3.65,1.0,1.0,0.175,0.9500000000000001,0.6999999999999997,-0.25,0.0,,
20260608-Tohoku_Rakuten_Golden_Eagles-Hanshin_Tigers,2026-06-08 18:00:00,2026,Tohoku Rakuten Golden Eagles,Hanshin Tigers,,,Postponed,甲子園,327,318,0.6276926019095241,0.625,0.45,0.9,-0.05,4.3,3.6,3.4,3.65,2.0,2.0,0.175,0.9500000000000001,0.6999999999999997,-0.25,0.0,,
20260609-Chunichi_Dragons-Chiba_Lotte_Marines,2026-06-09 18:00:00,2026,Chunichi Dragons,Chiba Lotte Marines,1.0,3.0,Final,ZOZOマリン,321,319,0.7163971250969964,0.55,0.3,0.15,-0.9,3.45,2.5,3.3,3.4,2.0,2.0,0.25000000000000006,1.05,0.9500000000000002,-0.10000000000000009,0.0,home,4.0
20260609-Hanshin_Tigers-Fukuoka_SoftBank_Hawks,2026-06-09 18:00:00,2026,Hanshin Tigers,Fukuoka SoftBank Hawks,4.0,10.0,Final,みずほPayPay,337,327,0.6008635508774081,0.55,0.625,0.6,0.9,4.25,4.3,3.65,3.4,2.0,3.0,-0.07499999999999996,-0.30000000000000004,-0.04999999999999982,0.25,-1.0,home,14.0
20260609-Hiroshima_Toyo_Carp-Saitama_Seibu_Lions,2026-06-09 18:00:00,2026,Hiroshima Toyo Carp,Saitama Seibu Lions,3.0,4.0,Final,ベルーナドーム,320,316,0.6683533510642408,0.6,0.4,0.9,-0.2,3.7,2.85,2.8,3.05,2.0,2.0,0.19999999999999996,1.1,0.8500000000000001,-0.25,0.0,home,7.0
20260609-Tokyo_Yakult_Swallows-Orix_Buffaloes,2026-06-09 18:00:00,2026,Tokyo Yakult Swallows,Orix Buffaloes,3.0,4.0,Final,京セラD大阪,321,320,0.6267142727878809,0.525,0.4,0.25,-1.3,3.75,2.2,3.5,3.5,2.0,2.0,0.125,1.55,1.5499999999999998,0.0,0.0,home,7.0
20260609-Yokohama_DeNA_BayStars-Hokkaido_Nippon-Ham_Fighters,2026-06-09 18:00:00,2026,Yokohama DeNA BayStars,Hokkaido Nippon-Ham Fighters,1.0,4.0,Final,エスコンＦ,334,362,0.6508268564152608,0.5,0.3,-0.4,-1.65,3.35,2.5,3.75,4.15,2.0,2.0,0.2,1.25,0.8500000000000001,-0.40000000000000036,0.0,home,5.0
20260609-Yomiuri_Giants-Tohoku_Rakuten_Golden_Eagles,2026-06-09 18:00:00,2026,Yomiuri Giants,Tohoku Rakuten Golden Eagles,8.0,2.0,Final,楽天モバイル,318,327,0.4372625865010512,0.45,0.65,-0.05,0.75,3.6,3.35,3.65,2.6,3.0,2.0,-0.2,-0.8,0.25,1.0499999999999998,1.0,away,10.0
20260610-Chunichi_Dragons-Chiba_Lotte_Marines,2026-06-10 18:00:00,2026,Chunichi Dragons,Chiba Lotte Marines,11.0,4.0,Final,ZOZOマリン,322,320,0.7315321527217772,0.55,0.3,0.1,-0.85,3.3,2.55,3.2,3.4,1.0,1.0,0.25000000000000006,0.95,0.75,-0.19999999999999973,0.0,away,15.0
20260610-Hanshin_Tigers-Fukuoka_SoftBank_Hawks,2026-06-10 18:00:00,2026,Hanshin Tigers,Fukuoka SoftBank Hawks,2.0,6.0,Final,みずほPayPay,338,328,0.6329941262467997,0.55,0.575,0.75,0.5,4.45,4.4,3.7,3.9,1.0,1.0,-0.02499999999999991,0.25,0.04999999999999982,-0.19999999999999973,0.0,home,8.0
20260610-Hiroshima_Toyo_Carp-Saitama_Seibu_Lions,2026-06-10 18:00:00,2026,Hiroshima Toyo Carp,Saitama Seibu Lions,4.0,5.0,Final,ベルーナドーム,321,317,0.6863737966204083,0.6,0.4,0.9,-0.2,3.8,2.85,2.9,3.05,1.0,1.0,0.19999999999999996,1.1,0.9499999999999997,-0.1499999999999999,0.0,home,9.0
20260610-Tokyo_Yakult_Swallows-Orix_Buffaloes,2026-06-10 18:00:00,2026,Tokyo Yakult Swallows,Orix Buffaloes,4.0,8.0,Final,京セラD大阪,322,321,0.648163174439547,0.575,0.35,0.5,-1.45,3.95,2.1,3.45,3.55,1.0,1.0,0.22499999999999998,1.95,1.85,-0.09999999999999964,0.0,home,12.0
20260610-Yokohama_DeNA_BayStars-Hokkaido_Nippon-Ham_Fighters,2026-06-10 18:00:00,2026,Yokohama DeNA BayStars,Hokkaido Nippon-Ham Fighters,2.0,4.0,Final,エスコンＦ,335,363,0.673129097807093,0.5,0.3,-0.45,-1.7,3.3,2.55,3.75,4.25,1.0,1.0,0.2,1.25,0.75,-0.5,0.0,home,6.0
20260610-Yomiuri_Giants-Tohoku_Rakuten_Golden_Eagles,2026-06-10 18:00:00,2026,Yomiuri Giants,Tohoku Rakuten Golden Eagles,7.0,0.0,Final,楽天モバイル,319,328,0.4010022766151629,0.4,0.7,-0.7,1.15,3.15,3.75,3.85,2.6,1.0,1.0,-0.29999999999999993,-1.8499999999999999,-0.6000000000000001,1.25,0.0,away,7.0
20260611-Chunichi_Dragons-Chiba_Lotte_Marines,2026-06-11 18:00:00,2026,Chunichi Dragons,Chiba Lotte Marines,2.0,3.0,Final,ZOZOマリン,323,321,0.6769174073188746,0.55,0.3,-0.1,-0.7,3.4,2.8,3.5,3.5,1.0,1.0,0.25000000000000006,0.6,0.6000000000000001,0.0,0.0,home,5.0
20260611-Hanshin_Tigers-Fukuoka_SoftBank_Hawks,2026-06-11 18:00:00,2026,Hanshin Tigers,Fukuoka SoftBank Hawks,2.0,3.0,Final,みずほPayPay,339,329,0.6585032979403158,0.55,0.525,0.75,0.2,4.2,4.25,3.45,4.05,1.0,1.0,0.025000000000000022,0.55,-0.04999999999999982,-0.5999999999999996,0.0,home,5.0
20260611-Hiroshima_Toyo_Carp-Saitama_Seibu_Lions,2026-06-11 18:00:00,2026,Hiroshima Toyo Carp,Saitama Seibu Lions,1.0,4.0,Final,ベルーナドーム,322,318,0.7029139892703832,0.65,0.4,1.15,-0.2,4.0,2.8,2.85,3.0,1.0,1.0,0.25,1.3499999999999999,1.2000000000000002,-0.1499999999999999,0.0,home,5.0
20260611-Tokyo_Yakult_Swallows-Orix_Buffaloes,2026-06-11 18:00:00,2026,Tokyo Yakult Swallows,Orix Buffaloes,2.0,4.0,Final,京セラD大阪,323,322,0.6721472119039543,0.575,0.3,0.5,-1.75,4.1,2.2,3.6,3.95,1.0,1.0,0.27499999999999997,2.25,1.8999999999999995,-0.3500000000000001,0.0,home,6.0
20260611-Yokohama_DeNA_BayStars-Hokkaido_Nippon-Ham_Fighters,2026-06-11 18:00:00,2026,Yokohama DeNA BayStars,Hokkaido Nippon-Ham Fighters,0.0,3.0,Final,エスコンＦ,336,364,0.6920410996873237,0.55,0.3,-0.25,-1.75,3.15,2.5,3.4,4.25,1.0,1.0,0.25000000000000006,1.5,0.6499999999999999,-0.8500000000000001,0.0,home,3.0
20260611-Yomiuri_Giants-Tohoku_Rakuten_Golden_Eagles,2026-06-11 18:00:00,2026,Yomiuri Giants,Tohoku Rakuten Golden Eagles,2.0,8.0,Final,楽天モバイル,320,329,0.36694809175782783,0.35,0.7,-1.25,1.45,2.95,3.9,4.2,2.45,1.0,1.0,-0.35,-2.7,-0.9499999999999997,1.75,0.0,home,10.0
20260612-Chunichi_Dragons-Hokkaido_Nippon-Ham_Fighters,2026-06-12 18:00:00,2026,Chunichi Dragons,Hokkaido Nippon-Ham Fighters,1.0,3.0,Final,エスコンＦ,337,322,0.7764636505405279,0.6,0.3,0.0,-0.6,3.15,2.8,3.15,3.4,1.0,1.0,0.3,0.6,0.3500000000000001,-0.25,0.0,home,4.0
20260612-Hanshin_Tigers-Orix_Buffaloes,2026-06-12 18:00:00,2026,Hanshin Tigers,Orix Buffaloes,1.0,2.0,Final,京セラD大阪,324,330,0.5527465317036174,0.575,0.475,0.5,-0.15,4.15,3.9,3.65,4.05,1.0,1.0,0.09999999999999998,0.65,0.25000000000000044,-0.3999999999999999,0.0,home,3.0
20260612-Hiroshima_Toyo_Carp-Tohoku_Rakuten_Golden_Eagles,2026-06-12 18:00:00,2026,Hiroshima Toyo Carp,Tohoku Rakuten Golden Eagles,1.0,2.0,Final,楽天モバイル,321,319,0.6196292823742295,0.35,0.4,-1.0,-0.15,3.2,2.75,4.2,2.9,1.0,1.0,-0.050000000000000044,-0.85,0.4500000000000002,1.3000000000000003,0.0,home,3.0
20260612-Tokyo_Yakult_Swallows-Fukuoka_SoftBank_Hawks,2026-06-12 18:00:00,2026,Tokyo Yakult Swallows,Fukuoka SoftBank Hawks,4.0,2.0,Final,みずほPayPay,340,323,0.7917098132563293,0.6,0.3,0.85,-1.55,4.25,2.2,3.4,3.75,1.0,1.0,0.3,2.4,2.05,-0.3500000000000001,0.0,away,6.0
20260612-Yokohama_DeNA_BayStars-Chiba_Lotte_Marines,2026-06-12 18:00:00,2026,Yokohama DeNA BayStars,Chiba Lotte Marines,2.0,3.0,Final,ZOZOマリン,324,365,0.6159556695497,0.6,0.3,0.0,-1.85,3.5,2.5,3.5,4.35,1.0,1.0,0.3,1.85,1.0,-0.8499999999999996,0.0,home,5.0
20260612-Yomiuri_Giants-Saitama_Seibu_Lions,2026-06-12 18:00:00,2026,Yomiuri Giants,Saitama Seibu Lions,0.0,3.0,Final,ベルーナドーム,323,330,0.5320716643622629,0.7,0.65,1.4,1.1,4.15,3.8,2.75,2.7,1.0,1.0,0.04999999999999993,0.2999999999999998,0.35000000000000053,0.04999999999999982,0.0,home,3.0
20260613-Chunichi_Dragons-Hokkaido_Nippon-Ham_Fighters,2026-06-13 14:00:00,2026,Chunichi Dragons,Hokkaido Nippon-Ham Fighters,3.0,4.0,Final,エスコンＦ,338,323,0.7866555230132173,0.65,0.3,0.2,-0.65,3.15,2.8,2.95,3.45,1.0,1.0,0.35000000000000003,0.8500000000000001,0.3500000000000001,-0.5,0.0,home,7.0
20260613-Hiroshima_Toyo_Carp-Tohoku_Rakuten_Golden_Eagles,2026-06-13 14:00:00,2026,Hiroshima Toyo Carp,Tohoku Rakuten Golden Eagles,2.0,0.0,Final,楽天モバイル,322,320,0.6416574678999374,0.35,0.35,-1.0,-0.35,3.15,2.55,4.15,2.9,1.0,1.0,0.0,-0.65,0.6000000000000001,1.2500000000000004,0.0,away,2.0
20260613-Tokyo_Yakult_Swallows-Fukuoka_SoftBank_Hawks,2026-06-13 14:00:00,2026,Tokyo Yakult Swallows,Fukuoka SoftBank Hawks,1.0,8.0,Final,みずほPayPay,341,324,0.7546923605116616,0.6,0.3,0.8,-1.5,4.25,2.2,3.45,3.7,1.0,1.0,0.3,2.3,2.05,-0.25,0.0,home,9.0
20260613-Yokohama_DeNA_BayStars-Chiba_Lotte_Marines,2026-06-13 14:00:00,2026,Yokohama DeNA BayStars,Chiba Lotte Marines,16.0,6.0,Final,ZOZOマリン,325,366,0.6382832813536555,0.65,0.3,0.25,-1.8,3.6,2.55,3.35,4.35,1.0,1.0,0.35000000000000003,2.05,1.0500000000000003,-0.9999999999999996,0.0,away,22.0
20260613-Hanshin_Tigers-Orix_Buffaloes,2026-06-13 15:00:00,2026,Hanshin Tigers,Orix Buffaloes,6.0,3.0,Final,京セラD大阪,325,331,0.580054396369743,0.575,0.425,0.25,-0.35,3.9,3.8,3.65,4.15,1.0,1.0,0.14999999999999997,0.6,0.10000000000000009,-0.5000000000000004,0.0,away,9.0
20260613-Yomiuri_Giants-Saitama_Seibu_Lions,2026-06-13 18:00:00,2026,Yomiuri Giants,Saitama Seibu Lions,2.0,1.0,Final,ベルーナドーム,324,331,0.565144138814099,0.75,0.6,1.85,0.65,4.25,3.4,2.4,2.75,1.0,1.0,0.15000000000000002,1.2000000000000002,0.8500000000000001,-0.3500000000000001,0.0,away,3.0
20260614-Chunichi_Dragons-Hokkaido_Nippon-Ham_Fighters,2026-06-14 13:00:00,2026,Chunichi Dragons,Hokkaido Nippon-Ham Fighters,9.0,5.0,Final,エスコンＦ,339,324,0.7954241451338852,0.65,0.3,0.15,-0.65,3.1,2.8,2.95,3.45,1.0,1.0,0.35000000000000003,0.8,0.30000000000000027,-0.5,0.0,away,14.0
20260614-Hanshin_Tigers-Orix_Buffaloes,2026-06-14 13:00:00,2026,Hanshin Tigers,Orix Buffaloes,2.0,3.0,Final,京セラD大阪,326,332,0.5392638039724056,0.525,0.475,-0.35,-0.15,3.4,3.95,3.75,4.1,1.0,1.0,0.050000000000000044,-0.19999999999999998,-0.5500000000000003,-0.34999999999999964,0.0,home,5.0
20260614-Hiroshima_Toyo_Carp-Tohoku_Rakuten_Golden_Eagles,2026-06-14 13:00:00,2026,Hiroshima Toyo Carp,Tohoku Rakuten Golden Eagles,3.0,0.0,Final,楽天モバイル,323,321,0.6013704687965005,0.35,0.4,-0.8,-0.05,3.15,2.6,3.95,2.65,1.0,1.0,-0.050000000000000044,-0.75,0.5499999999999998,1.3000000000000003,0.0,away,3.0
20260614-Tokyo_Yakult_Swallows-Fukuoka_SoftBank_Hawks,2026-06-14 13:00:00,2026,Tokyo Yakult Swallows,Fukuoka SoftBank Hawks,4.0,0.0,Final,みずほPayPay,342,325,0.7706371530025159,0.6,0.25,0.85,-1.95,4.35,2.1,3.5,4.05,1.0,1.0,0.35,2.8,2.2499999999999996,-0.5499999999999998,0.0,away,4.0
20260614-Yomiuri_Giants-Saitama_Seibu_Lions,2026-06-14 13:00:00,2026,Yomiuri Giants,Saitama Seibu Lions,0.0,1.0,Final,ベルーナドーム,325,332,0.5303443142136566,0.7,0.65,1.7,0.75,4.05,3.35,2.35,2.6,1.0,1.0,0.04999999999999993,0.95,0.6999999999999997,-0.25,0.0,home,1.0
20260614-Yokohama_DeNA_BayStars-Chiba_Lotte_Marines,2026-06-14 14:00:00,2026,Yokohama DeNA BayStars,Chiba Lotte Marines,4.0,6.0,Final,ZOZOマリン,326,367,0.5824328641094721,0.6,0.3,-0.35,-1.35,3.45,3.15,3.8,4.5,1.0,1.0,0.3,1.0,0.30000000000000027,-0.7000000000000002,0.0,home,10.0
20260616-Hokkaido_Nippon-Ham_Fighters-Hiroshima_Toyo_Carp,2026-06-16 18:00:00,2026,Hokkaido Nippon-Ham Fighters,Hiroshima Toyo Carp,2.0,0.0,Final,マツダスタジアム,322,340,0.3343686374060731,0.45,0.65,0.35,0.55,2.65,3.2,2.3,2.65,2.0,2.0,-0.2,-0.20000000000000007,-0.5500000000000003,-0.3500000000000001,0.0,away,2.0
20260616-Saitama_Seibu_Lions-Hanshin_Tigers,2026-06-16 18:00:00,2026,Saitama Seibu Lions,Hanshin Tigers,1.0,0.0,Final,甲子園,333,326,0.46298400311062526,0.475,0.75,-0.15,1.85,3.9,3.95,4.05,2.1,2.0,2.0,-0.275,-2.0,-0.050000000000000266,1.9499999999999997,0.0,away,1.0
20260617-Tohoku_Rakuten_Golden_Eagles-Hanshin_Tigers,2026-06-17 18:00:00,2026,Tohoku Rakuten Golden Eagles,Hanshin Tigers,3.0,10.0,Final,甲子園,334,324,0.6061931084550137,0.425,0.3,-0.25,-1.0,3.8,3.1,4.05,4.1,1.0,3.0,0.125,0.75,0.6999999999999997,-0.04999999999999982,-2.0,home,13.0
20260619-Chunichi_Dragons-Yomiuri_Giants,2026-06-19 18:00:00,2026,Chunichi Dragons,Yomiuri Giants,3.0,2.0,Final,東京ドーム,333,325,0.7213059264393475,0.65,0.35,0.8,-0.35,3.3,3.0,2.5,3.35,5.0,5.0,0.30000000000000004,1.15,0.2999999999999998,-0.8500000000000001,0.0,away,5.0
20260619-Fukuoka_SoftBank_Hawks-Hokkaido_Nippon-Ham_Fighters,2026-06-19 18:00:00,2026,Fukuoka SoftBank Hawks,Hokkaido Nippon-Ham Fighters,3.0,4.0,Final,エスコンＦ,341,343,0.4968893537537945,0.65,0.6,0.55,1.1,3.15,4.15,2.6,3.05,3.0,5.0,0.050000000000000044,-0.55,-1.0000000000000004,-0.44999999999999973,-2.0,home,7.0
20260619-Hiroshima_Toyo_Carp-Tokyo_Yakult_Swallows,2026-06-19 18:00:00,2026,Hiroshima Toyo Carp,Tokyo Yakult Swallows,2.0,9.0,Final,神 宮,326,323,0.5678482698185787,0.3,0.45,-1.7,0.35,2.25,2.65,3.95,2.3,5.0,3.0,-0.15000000000000002,-2.05,-0.3999999999999999,1.6500000000000004,2.0,home,11.0
20260619-Saitama_Seibu_Lions-Orix_Buffaloes,2026-06-19 18:00:00,2026,Saitama Seibu Lions,Orix Buffaloes,5.0,6.0,Final,京セラD大阪,327,327,0.48773318016731626,0.575,0.75,0.05,1.3,3.55,3.25,3.5,1.95,5.0,3.0,-0.17500000000000004,-1.25,0.2999999999999998,1.55,2.0,home,11.0
20260619-Tohoku_Rakuten_Golden_Eagles-Chiba_Lotte_Marines,2026-06-19 18:00:00,2026,Tohoku Rakuten Golden Eagles,Chiba Lotte Marines,5.0,8.0,Final,ZOZOマリン,327,325,0.6201971053867587,0.6,0.25,-0.35,-1.75,3.5,2.8,3.85,4.55,5.0,2.0,0.35,1.4,0.7000000000000002,-0.6999999999999997,3.0,home,13.0
20260619-Hanshin_Tigers-Yokohama_DeNA_BayStars,2026-06-19 18:15:00,2026,Hanshin Tigers,Yokohama DeNA BayStars,11.0,3.0,Final,横 浜,368,335,0.426425063658676,0.3,0.425,-1.35,0.05,3.3,4.1,4.65,4.05,5.0,2.0,-0.125,-1.4000000000000001,-0.7999999999999998,0.6000000000000005,3.0,away,14.0
20260620-Chunichi_Dragons-Yomiuri_Giants,2026-06-20 14:00:00,2026,Chunichi Dragons,Yomiuri Giants,0.0,1.0,Final,東京ドーム,334,326,0.683861480441438,0.6,0.4,0.7,-0.25,3.3,3.1,2.6,3.35,1.0,1.0,0.19999999999999996,0.95,0.19999999999999973,-0.75,0.0,home,1.0
20260620-Fukuoka_SoftBank_Hawks-Hokkaido_Nippon-Ham_Fighters,2026-06-20 14:00:00,2026,Fukuoka SoftBank Hawks,Hokkaido Nippon-Ham Fighters,10.0,7.0,Final,エスコンＦ,342,344,0.5281378403213127,0.65,0.55,0.55,0.7,3.1,3.95,2.55,3.25,1.0,1.0,0.09999999999999998,-0.1499999999999999,-0.8500000000000001,-0.7000000000000002,0.0,away,17.0
20260620-Hiroshima_Toyo_Carp-Tokyo_Yakult_Swallows,2026-06-20 14:00:00,2026,Hiroshima Toyo Carp,Tokyo Yakult Swallows,8.0,6.0,Final,神 宮,327,324,0.6054695180042228,0.3,0.4,-1.45,-0.05,2.6,2.65,4.05,2.7,1.0,1.0,-0.10000000000000003,-1.4,-0.04999999999999982,1.3499999999999996,0.0,away,14.0
20260620-Saitama_Seibu_Lions-Orix_Buffaloes,2026-06-20 14:00:00,2026,Saitama Seibu Lions,Orix Buffaloes,4.0,0.0,Final,京セラD大阪,328,328,0.5195682427554672,0.575,0.7,0.05,1.15,3.75,3.2,3.7,2.05,1.0,1.0,-0.125,-1.0999999999999999,0.5499999999999998,1.6500000000000004,0.0,away,4.0
20260620-Tohoku_Rakuten_Golden_Eagles-Chiba_Lotte_Marines,2026-06-20 18:00:00,2026,Tohoku Rakuten Golden Eagles,Chiba Lotte Marines,,,Postponed,ZOZOマリン,328,326,0.645387770977443,0.65,0.25,-0.15,-1.75,3.9,2.8,4.05,4.55,1.0,1.0,0.4,1.6,1.1,-0.5,0.0,,
20260620-Hanshin_Tigers-Yokohama_DeNA_BayStars,2026-06-20 18:15:00,2026,Hanshin Tigers,Yokohama DeNA BayStars,,,Postponed,横 浜,369,336,0.38851640274997995,0.3,0.425,-1.45,0.35,3.45,4.3,4.9,3.95,1.0,1.0,-0.125,-1.7999999999999998,-0.8499999999999996,0.9500000000000002,0.0,,
20260621-Fukuoka_SoftBank_Hawks-Hokkaido_Nippon-Ham_Fighters,2026-06-21 13:00:00,2026,Fukuoka SoftBank Hawks,Hokkaido Nippon-Ham Fighters,8.0,0.0,Final,エスコンＦ,343,345,0.4904702029690388,0.65,0.6,0.45,0.9,3.35,4.4,2.9,3.5,1.0,1.0,0.050000000000000044,-0.45,-1.0500000000000003,-0.6000000000000001,0.0,away,8.0
20260621-Saitama_Seibu_Lions-Orix_Buffaloes,2026-06-21 13:00:00,2026,Saitama Seibu Lions,Orix Buffaloes,5.0,3.0,Final,京セラD大阪,329,329,0.48010919250483663,0.575,0.7,0.0,1.25,3.55,3.25,3.55,2.0,1.0,1.0,-0.125,-1.25,0.2999999999999998,1.5499999999999998,0.0,away,8.0
20260621-Hiroshima_Toyo_Carp-Tokyo_Yakult_Swallows,2026-06-21 13:30:00,2026,Hiroshima Toyo Carp,Tokyo Yakult Swallows,2.0,1.0,Final,神 宮,328,325,0.5662548236914845,0.25,0.45,-1.65,0.15,2.8,3.05,4.45,2.9,1.0,1.0,-0.2,-1.7999999999999998,-0.25,1.5500000000000003,0.0,away,3.0
20260621-Chunichi_Dragons-Yomiuri_Giants,2026-06-21 14:00:00,2026,Chunichi Dragons,Yomiuri Giants,5.0,3.0,Final,東京ドーム,335,327,0.7006074138547304,0.6,0.4,0.55,-0.1,3.1,3.05,2.55,3.15,1.0,1.0,0.19999999999999996,0.65,0.050000000000000266,-0.6000000000000001,0.0,away,8.0
20260621-Tohoku_Rakuten_Golden_Eagles-Chiba_Lotte_Marines,2026-06-21 17:00:00,2026,Tohoku Rakuten Golden Eagles,Chiba Lotte Marines,4.0,7.0,Final,ZOZOマリン,328,326,0.645387770977443,0.65,0.25,-0.15,-1.75,3.9,2.8,4.05,4.55,2.0,2.0,0.4,1.6,1.1,-0.5,0.0,home,11.0
20260621-Hanshin_Tigers-Yokohama_DeNA_BayStars,2026-06-21 18:15:00,2026,Hanshin Tigers,Yokohama DeNA BayStars,2.0,1.0,Final,横 浜,369,336,0.38851640274997995,0.3,0.425,-1.45,0.35,3.45,4.3,4.9,3.95,2.0,2.0,-0.125,-1.7999999999999998,-0.8499999999999996,0.9500000000000002,0.0,away,3.0
20260622-Saitama_Seibu_Lions-Tohoku_Rakuten_Golden_Eagles,2026-06-22 18:00:00,2026,Saitama Seibu Lions,Tohoku Rakuten Golden Eagles,7.0,8.0,Final,東京ドーム,327,330,0.30266595479762054,0.25,0.75,-1.8,1.4,2.95,3.35,4.75,1.95,1.0,1.0,-0.5,-3.2,-0.3999999999999999,2.8,0.0,home,15.0
20260623-Chiba_Lotte_Marines-Hokkaido_Nippon-Ham_Fighters,2026-06-23 13:00:00,2026,Chiba Lotte Marines,Hokkaido Nippon-Ham Fighters,0.0,4.0,Final,エスコンＦ,344,329,0.5809071549581172,0.65,0.7,0.1,0.4,3.25,4.2,3.15,3.8,2.0,2.0,-0.04999999999999993,-0.30000000000000004,-0.9500000000000002,-0.6499999999999999,0.0,home,4.0
20260623-Orix_Buffaloes-Fukuoka_SoftBank_Hawks,2026-06-23 18:00:00,2026,Orix Buffaloes,Fukuoka SoftBank Hawks,5.0,0.0,Final,みずほPayPay,346,330,0.6499003513167672,0.65,0.525,1.4,-0.25,4.6,3.5,3.2,3.75,2.0,2.0,0.125,1.65,1.0999999999999996,-0.5499999999999998,0.0,away,5.0
20260623-Saitama_Seibu_Lions-Tohoku_Rakuten_Golden_Eagles,2026-06-23 18:00:00,2026,Saitama Seibu Lions,Tohoku Rakuten Golden Eagles,4.0,8.0,Final,山形市,328,331,0.3404650801852663,0.3,0.7,-1.7,1.25,3.15,3.25,4.85,2.0,1.0,1.0,-0.39999999999999997,-2.95,-0.10000000000000009,2.8499999999999996,0.0,home,12.0
20260623-Tokyo_Yakult_Swallows-Hanshin_Tigers,2026-06-23 18:00:00,2026,Tokyo Yakult Swallows,Hanshin Tigers,4.0,3.0,Final,甲子園,337,329,0.6712028205826465,0.475,0.25,0.75,-1.6,3.95,2.65,3.2,4.25,2.0,2.0,0.22499999999999998,2.35,1.3000000000000003,-1.0499999999999998,0.0,away,7.0
20260623-Yokohama_DeNA_BayStars-Chunichi_Dragons,2026-06-23 18:00:00,2026,Yokohama DeNA BayStars,Chunichi Dragons,2.0,5.0,Final,岐 阜,328,370,0.5221870179839084,0.4,0.25,-0.1,-1.55,3.0,3.45,3.1,5.0,2.0,2.0,0.15000000000000002,1.45,-0.4500000000000002,-1.9,0.0,home,7.0
20260623-Yomiuri_Giants-Hiroshima_Toyo_Carp,2026-06-23 18:00:00,2026,Yomiuri Giants,Hiroshima Toyo Carp,7.0,3.0,Final,マツダスタジアム,326,336,0.41330398071579966,0.5,0.6,0.3,0.5,3.15,3.2,2.85,2.7,2.0,2.0,-0.09999999999999998,-0.2,-0.050000000000000266,0.1499999999999999,0.0,away,10.0
20260624-Chiba_Lotte_Marines-Hokkaido_Nippon-Ham_Fighters,2026-06-24 13:00:00,2026,Chiba Lotte Marines,Hokkaido Nippon-Ham Fighters,4.0,7.0,Final,エスコンＦ,345,330,0.6115608796992655,0.7,0.65,0.4,0.05,3.35,3.8,2.95,3.75,1.0,1.0,0.04999999999999993,0.35000000000000003,-0.44999999999999973,-0.7999999999999998,0.0,home,11.0
20260624-Orix_Buffaloes-Fukuoka_SoftBank_Hawks,2026-06-24 18:00:00,2026,Orix Buffaloes,Fukuoka SoftBank Hawks,5.0,8.0,Final,みずほPayPay,347,331,0.6008716005548577,0.65,0.525,1.25,-0.05,4.55,3.6,3.3,3.65,1.0,1.0,0.125,1.3,0.9499999999999997,-0.3500000000000001,0.0,home,13.0
20260624-Tokyo_Yakult_Swallows-Hanshin_Tigers,2026-06-24 18:00:00,2026,Tokyo Yakult Swallows,Hanshin Tigers,,,Postponed,甲子園,338,330,0.6333733657978955,0.475,0.3,0.75,-1.4,3.8,2.75,3.05,4.15,1.0,1.0,0.175,2.15,1.0499999999999998,-1.1000000000000005,0.0,,
20260624-Yokohama_DeNA_BayStars-Chunichi_Dragons,2026-06-24 18:00:00,2026,Yokohama DeNA BayStars,Chunichi Dragons,6.0,4.0,Final,バンテリンドーム,329,371,0.5560711167006205,0.4,0.25,-0.1,-1.4,3.0,3.5,3.1,4.9,1.0,1.0,0.15000000000000002,1.2999999999999998,-0.5,-1.8000000000000003,0.0,away,10.0
20260624-Yomiuri_Giants-Hiroshima_Toyo_Carp,2026-06-24 18:00:00,2026,Yomiuri Giants,Hiroshima Toyo Carp,,,Postponed,マツダスタジアム,327,337,0.38321044162548545,0.475,0.6,0.1,0.45,3.2,3.2,3.1,2.75,1.0,1.0,-0.125,-0.35,0.0,0.3500000000000001,0.0,,
20260625-Orix_Buffaloes-Fukuoka_SoftBank_Hawks,2026-06-25 18:00:00,2026,Orix Buffaloes,Fukuoka SoftBank Hawks,2.0,5.0,Final,みずほPayPay,348,332,0.6278624246216451,0.65,0.475,1.35,-0.3,4.75,3.65,3.4,3.95,1.0,1.0,0.17500000000000004,1.6500000000000001,1.1,-0.5500000000000003,0.0,home,7.0
20260625-Saitama_Seibu_Lions-Tohoku_Rakuten_Golden_Eagles,2026-06-25 18:00:00,2026,Saitama Seibu Lions,Tohoku Rakuten Golden Eagles,0.0,2.0,Final,楽天モバイル,329,332,0.3868049538273418,0.3,0.65,-1.55,0.9,3.4,3.3,4.95,2.4,2.0,2.0,-0.35000000000000003,-2.45,0.10000000000000009,2.5500000000000003,0.0,home,2.0
20260625-Tokyo_Yakult_Swallows-Hanshin_Tigers,2026-06-25 18:00:00,2026,Tokyo Yakult Swallows,Hanshin Tigers,,,Postponed,甲子園,338,330,0.6333733657978955,0.475,0.3,0.75,-1.4,3.8,2.75,3.05,4.15,2.0,2.0,0.175,2.15,1.0499999999999998,-1.1000000000000005,0.0,,
20260625-Yokohama_DeNA_BayStars-Chunichi_Dragons,2026-06-25 18:00:00,2026,Yokohama DeNA BayStars,Chunichi Dragons,1.0,3.0,Final,バンテリンドーム,330,372,0.5191669265974745,0.35,0.3,-0.35,-1.15,3.05,3.7,3.4,4.85,1.0,1.0,0.04999999999999999,0.7999999999999999,-0.6500000000000004,-1.4499999999999997,0.0,home,4.0
20260626-Chunichi_Dragons-Tokyo_Yakult_Swallows,2026-06-26 18:00:00,2026,Chunichi Dragons,Tokyo Yakult Swallows,,,Postponed,神 宮,330,331,0.5581214327241187,0.3,0.35,-1.4,-0.4,2.75,3.05,4.15,3.45,3.0,1.0,-0.04999999999999999,-0.9999999999999999,-0.2999999999999998,0.7000000000000002,2.0,,
20260626-Fukuoka_SoftBank_Hawks-Chiba_Lotte_Marines,2026-06-26 18:00:00,2026,Fukuoka SoftBank Hawks,Chiba Lotte Marines,,,Postponed,ZOZOマリン,331,349,0.3647776820387796,0.6,0.7,-0.25,1.75,3.65,5.0,3.9,3.25,2.0,1.0,-0.09999999999999998,-2.0,-1.35,0.6499999999999999,1.0,,
20260626-Hanshin_Tigers-Hiroshima_Toyo_Carp,2026-06-26 18:00:00,2026,Hanshin Tigers,Hiroshima Toyo Carp,,,Postponed,マツダスタジアム,327,338,0.3838197065634391,0.475,0.475,0.1,0.75,3.2,3.8,3.1,3.05,3.0,3.0,0.0,-0.65,-0.5999999999999996,0.050000000000000266,0.0,,
20260626-Hokkaido_Nippon-Ham_Fighters-Saitama_Seibu_Lions,2026-06-26 18:00:00,2026,Hokkaido Nippon-Ham Fighters,Saitama Seibu Lions,3.0,4.0,Final,ベルーナドーム,333,346,0.4701869204115923,0.65,0.75,0.85,0.8,3.25,3.5,2.4,2.7,1.0,2.0,-0.09999999999999998,0.04999999999999993,-0.25,-0.30000000000000027,-1.0,home,7.0
20260626-Yomiuri_Giants-Yokohama_DeNA_BayStars,2026-06-26 18:15:00,2026,Yomiuri Giants,Yokohama DeNA BayStars,,,Postponed,横 浜,373,337,0.37111108466386505,0.25,0.6,-1.35,0.45,3.6,3.2,4.95,2.75,1.0,3.0,-0.35,-1.8,0.3999999999999999,2.2,-2.0,,
20260627-Hanshin_Tigers-Hiroshima_Toyo_Carp,2026-06-27 14:00:00,2026,Hanshin Tigers,Hiroshima Toyo Carp,2.0,3.0,Final,マツダスタジアム,327,338,0.3838197065634391,0.475,0.475,0.1,0.75,3.2,3.8,3.1,3.05,4.0,4.0,0.0,-0.65,-0.5999999999999996,0.050000000000000266,0.0,home,5.0
20260627-Chunichi_Dragons-Tokyo_Yakult_Swallows,2026-06-27 18:00:00,2026,Chunichi Dragons,Tokyo Yakult Swallows,,,Postponed,神 宮,330,331,0.5581214327241187,0.3,0.35,-1.4,-0.4,2.75,3.05,4.15,3.45,4.0,2.0,-0.04999999999999999,-0.9999999999999999,-0.2999999999999998,0.7000000000000002,2.0,,
20260627-Fukuoka_SoftBank_Hawks-Chiba_Lotte_Marines,2026-06-27 18:00:00,2026,Fukuoka SoftBank Hawks,Chiba Lotte Marines,,,Postponed,ZOZOマリン,331,349,0.3647776820387796,0.6,0.7,-0.25,1.75,3.65,5.0,3.9,3.25,3.0,2.0,-0.09999999999999998,-2.0,-1.35,0.6499999999999999,1.0,,
20260627-Hokkaido_Nippon-Ham_Fighters-Saitama_Seibu_Lions,2026-06-27 18:00:00,2026,Hokkaido Nippon-Ham Fighters,Saitama Seibu Lions,4.0,2.0,Final,ベルーナドーム,334,347,0.5030898461250449,0.65,0.7,0.75,0.7,3.3,3.55,2.55,2.85,1.0,1.0,-0.04999999999999993,0.050000000000000044,-0.25,-0.30000000000000027,0.0,away,6.0
20260627-Tohoku_Rakuten_Golden_Eagles-Orix_Buffaloes,2026-06-27 18:00:00,2026,Tohoku Rakuten Golden Eagles,Orix Buffaloes,5.0,1.0,Final,ほっと神戸,333,330,0.6148484275244546,0.425,0.35,-0.7,-1.35,3.3,3.15,4.0,4.5,2.0,2.0,0.07500000000000001,0.6500000000000001,0.1499999999999999,-0.5,0.0,away,6.0
20260627-Yomiuri_Giants-Yokohama_DeNA_BayStars,2026-06-27 18:15:00,2026,Yomiuri Giants,Yokohama DeNA BayStars,,,Postponed,横 浜,373,337,0.37111108466386505,0.25,0.6,-1.35,0.45,3.6,3.2,4.95,2.75,2.0,4.0,-0.35,-1.8,0.3999999999999999,2.2,-2.0,,
20260628-Hanshin_Tigers-Hiroshima_Toyo_Carp,2026-06-28 14:00:00,2026,Hanshin Tigers,Hiroshima Toyo Carp,12.0,3.0,Final,マツダスタジアム,328,339,0.4206427354699955,0.525,0.45,0.2,0.7,3.35,3.8,3.15,3.1,1.0,1.0,0.07500000000000001,-0.49999999999999994,-0.44999999999999973,0.04999999999999982,0.0,away,15.0
20260628-Tohoku_Rakuten_Golden_Eagles-Orix_Buffaloes,2026-06-28 16:00:00,2026,Tohoku Rakuten Golden Eagles,Orix Buffaloes,2.0,5.0,Final,ほっと神戸,334,331,0.5697573061850905,0.425,0.4,-0.6,-1.0,3.3,3.4,3.9,4.4,1.0,1.0,0.024999999999999967,0.4,-0.10000000000000009,-0.5000000000000004,0.0,home,7.0
20260628-Chunichi_Dragons-Tokyo_Yakult_Swallows,2026-06-28 17:00:00,2026,Chunichi Dragons,Tokyo Yakult Swallows,3.0,4.0,Final,神 宮,330,331,0.5581214327241187,0.3,0.35,-1.4,-0.4,2.75,3.05,4.15,3.45,5.0,3.0,-0.04999999999999999,-0.9999999999999999,-0.2999999999999998,0.7000000000000002,2.0,home,7.0
20260628-Fukuoka_SoftBank_Hawks-Chiba_Lotte_Marines,2026-06-28 17:00:00,2026,Fukuoka SoftBank Hawks,Chiba Lotte Marines,3.0,3.0,Final,ZOZOマリン,331,349,0.3647776820387796,0.6,0.7,-0.25,1.75,3.65,5.0,3.9,3.25,4.0,3.0,-0.09999999999999998,-2.0,-1.35,0.6499999999999999,1.0,draw,6.0
20260628-Hokkaido_Nippon-Ham_Fighters-Saitama_Seibu_Lions,2026-06-28 18:00:00,2026,Hokkaido Nippon-Ham Fighters,Saitama Seibu Lions,5.0,1.0,Final,ベルーナドーム,335,348,0.4695338657419078,0.65,0.75,0.7,0.95,3.3,3.75,2.6,2.8,1.0,1.0,-0.09999999999999998,-0.25,-0.4500000000000002,-0.19999999999999973,0.0,away,6.0
20260628-Yomiuri_Giants-Yokohama_DeNA_BayStars,2026-06-28 18:15:00,2026,Yomiuri Giants,Yokohama DeNA BayStars,2.0,1.0,Final,横 浜,373,337,0.37111108466386505,0.25,0.6,-1.35,0.45,3.6,3.2,4.95,2.75,3.0,5.0,-0.35,-1.8,0.3999999999999999,2.2,-2.0,away,3.0
20260630-Chiba_Lotte_Marines-Tohoku_Rakuten_Golden_Eagles,2026-06-30 18:00:00,2026,Chiba Lotte Marines,Tohoku Rakuten Golden Eagles,5.0,2.0,Final,楽天モバイル,332,332,0.4836568380715303,0.4,0.625,-1.05,-0.1,3.45,3.75,4.5,3.85,2.0,2.0,-0.22499999999999998,-0.9500000000000001,-0.2999999999999998,0.6499999999999999,0.0,away,7.0
20260630-Chunichi_Dragons-Hanshin_Tigers,2026-06-30 18:00:00,2026,Chunichi Dragons,Hanshin Tigers,2.0,3.0,Final,甲子園,340,332,0.6728141856957365,0.45,0.35,1.1,-0.35,4.35,3.1,3.25,3.45,2.0,2.0,0.10000000000000003,1.4500000000000002,1.2499999999999996,-0.20000000000000018,0.0,home,5.0
20260630-Hiroshima_Toyo_Carp-Yokohama_DeNA_BayStars,2026-06-30 18:00:00,2026,Hiroshima Toyo Carp,Yokohama DeNA BayStars,7.0,4.0,Final,ハードオフ新潟,374,329,0.5045862465054504,0.25,0.475,-0.95,-0.75,3.45,2.95,4.4,3.7,2.0,2.0,-0.22499999999999998,-0.19999999999999996,0.5,0.7000000000000002,0.0,away,11.0
20260630-Orix_Buffaloes-Hokkaido_Nippon-Ham_Fighters,2026-06-30 18:00:00,2026,Orix Buffaloes,Hokkaido Nippon-Ham Fighters,2.0,9.0,Final,エスコンＦ,349,335,0.6257047921635159,0.75,0.425,1.1,-0.5,3.85,3.3,2.75,3.8,2.0,2.0,0.325,1.6,0.5500000000000003,-1.0499999999999998,0.0,home,11.0
20260630-Saitama_Seibu_Lions-Fukuoka_SoftBank_Hawks,2026-06-30 18:00:00,2026,Saitama Seibu Lions,Fukuoka SoftBank Hawks,0.0,6.0,Final,東京ドーム,350,336,0.6517886439163878,0.675,0.6,1.45,0.45,4.8,3.2,3.35,2.75,2.0,2.0,0.07500000000000007,1.0,1.5999999999999996,0.6000000000000001,0.0,home,6.0
20260630-Tokyo_Yakult_Swallows-Yomiuri_Giants,2026-06-30 18:00:00,2026,Tokyo Yakult Swallows,Yomiuri Giants,4.0,3.0,Final,弘 前,338,331,0.6319272856754642,0.6,0.35,0.35,-1.2,3.1,2.95,2.75,4.15,2.0,2.0,0.25,1.5499999999999998,0.1499999999999999,-1.4000000000000004,0.0,away,7.0
20260701-Chiba_Lotte_Marines-Tohoku_Rakuten_Golden_Eagles,2026-07-01 18:00:00,2026,Chiba Lotte Marines,Tohoku Rakuten Golden Eagles,5.0,0.0,Final,郡 山,333,333,0.4493023429354308,0.4,0.625,-1.1,-0.2,3.4,3.75,4.5,3.95,1.0,1.0,-0.22499999999999998,-0.9000000000000001,-0.3500000000000001,0.5499999999999998,0.0,away,5.0
20260701-Chunichi_Dragons-Hanshin_Tigers,2026-07-01 18:00:00,2026,Chunichi Dragons,Hanshin Tigers,,,Postponed,甲子園,341,333,0.6904673798056721,0.5,0.35,1.4,-0.2,4.25,3.1,2.85,3.3,1.0,1.0,0.15000000000000002,1.5999999999999999,1.15,-0.44999999999999973,0.0,,
20260701-Orix_Buffaloes-Hokkaido_Nippon-Ham_Fighters,2026-07-01 18:00:00,2026,Orix Buffaloes,Hokkaido Nippon-Ham Fighters,0.0,6.0,Final,エスコンＦ,350,336,0.6566231961271947,0.8,0.425,1.55,-0.8,4.25,3.3,2.7,4.1,1.0,1.0,0.37500000000000006,2.35,0.9500000000000002,-1.3999999999999995,0.0,home,6.0
20260701-Saitama_Seibu_Lions-Fukuoka_SoftBank_Hawks,2026-07-01 18:00:00,2026,Saitama Seibu Lions,Fukuoka SoftBank Hawks,0.0,11.0,Final,みずほPayPay,351,337,0.6782137660893884,0.725,0.55,1.8,0.05,4.9,3.0,3.1,2.95,1.0,1.0,0.17499999999999993,1.75,1.9000000000000004,0.1499999999999999,0.0,home,11.0
20260701-Tokyo_Yakult_Swallows-Yomiuri_Giants,2026-07-01 18:00:00,2026,Tokyo Yakult Swallows,Yomiuri Giants,1.0,2.0,Final,盛 岡,339,332,0.5946800213462121,0.6,0.35,0.8,-1.4,3.2,2.65,2.4,4.05,1.0,1.0,0.25,2.2,0.5500000000000003,-1.65,0.0,home,3.0
20260702-Chunichi_Dragons-Hanshin_Tigers,2026-07-02 18:00:00,2026,Chunichi Dragons,Hanshin Tigers,3.0,2.0,Final,甲子園,341,333,0.6904673798056721,0.5,0.35,1.4,-0.2,4.25,3.1,2.85,3.3,2.0,2.0,0.15000000000000002,1.5999999999999999,1.15,-0.44999999999999973,0.0,away,5.0
20260702-Orix_Buffaloes-Hokkaido_Nippon-Ham_Fighters,2026-07-02 18:00:00,2026,Orix Buffaloes,Hokkaido Nippon-Ham Fighters,1.0,9.0,Final,エスコンＦ,351,337,0.6825030474548831,0.8,0.425,1.7,-1.05,4.3,3.1,2.6,4.15,1.0,1.0,0.37500000000000006,2.75,1.1999999999999997,-1.5500000000000003,0.0,home,10.0
20260702-Saitama_Seibu_Lions-Fukuoka_SoftBank_Hawks,2026-07-02 18:00:00,2026,Saitama Seibu Lions,Fukuoka SoftBank Hawks,1.0,3.0,Final,みずほPayPay,352,338,0.7035218686571497,0.725,0.55,2.2,-0.45,5.3,3.0,3.1,3.45,1.0,1.0,0.17499999999999993,2.6500000000000004,2.3,-0.3500000000000001,0.0,home,4.0
20260702-Hiroshima_Toyo_Carp-Yokohama_DeNA_BayStars,2026-07-02 18:15:00,2026,Hiroshima Toyo Carp,Yokohama DeNA BayStars,3.0,3.0,Final,横 浜,375,330,0.4686102754246104,0.25,0.525,-0.8,-0.5,3.65,3.2,4.45,3.7,2.0,2.0,-0.275,-0.30000000000000004,0.44999999999999973,0.75,0.0,draw,6.0
20260703-Chiba_Lotte_Marines-Fukuoka_SoftBank_Hawks,2026-07-03 18:00:00,2026,Chiba Lotte Marines,Fukuoka SoftBank Hawks,2.0,3.0,Final,みずほPayPay,353,334,0.683638875132749,0.725,0.625,2.15,-0.05,5.05,3.85,2.9,3.9,1.0,2.0,0.09999999999999998,2.1999999999999997,1.1999999999999997,-1.0,-1.0,home,5.0
20260703-Hiroshima_Toyo_Carp-Hanshin_Tigers,2026-07-03 18:00:00,2026,Hiroshima Toyo Carp,Hanshin Tigers,5.0,1.0,Final,甲子園,342,331,0.6437718969716558,0.45,0.5,1.25,-0.55,4.25,3.2,3.0,3.75,1.0,1.0,-0.04999999999999999,1.8,1.0499999999999998,-0.75,0.0,away,6.0
20260703-Hokkaido_Nippon-Ham_Fighters-Tohoku_Rakuten_Golden_Eagles,2026-07-03 18:00:00,2026,Hokkaido Nippon-Ham Fighters,Tohoku Rakuten Golden Eagles,0.0,8.0,Final,楽天モバイル,334,352,0.28949585728544897,0.35,0.8,-1.55,2.0,3.05,4.6,4.6,2.6,2.0,1.0,-0.45000000000000007,-3.55,-1.5499999999999998,1.9999999999999996,1.0,home,8.0
20260703-Saitama_Seibu_Lions-Orix_Buffaloes,2026-07-03 18:00:00,2026,Saitama Seibu Lions,Orix Buffaloes,4.0,4.0,Final,ほっと神戸,338,339,0.5175589689194867,0.425,0.5,-1.4,-0.7,3.1,2.8,4.5,3.5,1.0,1.0,-0.07500000000000001,-0.7,0.30000000000000027,1.0,0.0,draw,8.0
20260703-Yokohama_DeNA_BayStars-Tokyo_Yakult_Swallows,2026-07-03 18:00:00,2026,Yokohama DeNA BayStars,Tokyo Yakult Swallows,7.0,2.0,Final,神 宮,333,376,0.6274358044385702,0.35,0.225,-1.35,-1.1,2.7,3.5,4.05,4.6,2.0,1.0,0.12499999999999997,-0.25,-0.7999999999999998,-0.5499999999999998,1.0,away,9.0
20260703-Yomiuri_Giants-Chunichi_Dragons,2026-07-03 18:00:00,2026,Yomiuri Giants,Chunichi Dragons,0.0,1.0,Final,バンテリンドーム,334,340,0.385756054417091,0.4,0.6,0.0,0.75,3.25,3.1,3.25,2.35,1.0,2.0,-0.19999999999999996,-0.75,0.1499999999999999,0.8999999999999999,-1.0,home,1.0
20260704-Chiba_Lotte_Marines-Fukuoka_SoftBank_Hawks,2026-07-04 14:00:00,2026,Chiba Lotte Marines,Fukuoka SoftBank Hawks,8.0,1.0,Final,みずほPayPay,354,335,0.7004030502427754,0.725,0.575,2.15,-0.2,5.1,3.7,2.95,3.9,1.0,1.0,0.15000000000000002,2.35,1.3999999999999995,-0.9499999999999997,0.0,away,9.0
20260704-Yomiuri_Giants-Chunichi_Dragons,2026-07-04 14:00:00,2026,Yomiuri Giants,Chunichi Dragons,1.0,2.0,Final,バンテリンドーム,335,341,0.4225199378381836,0.45,0.6,0.2,0.75,3.05,3.0,2.85,2.25,1.0,1.0,-0.14999999999999997,-0.55,0.04999999999999982,0.6000000000000001,0.0,home,3.0
20260704-Hiroshima_Toyo_Carp-Hanshin_Tigers,2026-07-04 18:00:00,2026,Hiroshima Toyo Carp,Hanshin Tigers,,,Postponed,甲子園,343,332,0.5977513362640433,0.4,0.5,0.65,-0.45,3.8,3.3,3.15,3.75,1.0,1.0,-0.09999999999999998,1.1,0.5,-0.6000000000000001,0.0,,
20260704-Hokkaido_Nippon-Ham_Fighters-Tohoku_Rakuten_Golden_Eagles,2026-07-04 18:00:00,2026,Hokkaido Nippon-Ham Fighters,Tohoku Rakuten Golden Eagles,1.0,4.0,Final,楽天モバイル,335,353,0.34613446681274945,0.35,0.75,-1.25,1.5,3.35,4.5,4.6,3.0,1.0,1.0,-0.4,-2.75,-1.15,1.5999999999999996,0.0,home,5.0
20260704-Saitama_Seibu_Lions-Orix_Buffaloes,2026-07-04 18:00:00,2026,Saitama Seibu Lions,Orix Buffaloes,,,Postponed,ほっと神戸,339,340,0.5165493696772044,0.425,0.475,-1.4,-0.85,3.2,2.8,4.6,3.65,1.0,1.0,-0.04999999999999999,-0.5499999999999999,0.40000000000000036,0.9499999999999997,0.0,,
20260704-Yokohama_DeNA_BayStars-Tokyo_Yakult_Swallows,2026-07-04 18:00:00,2026,Yokohama DeNA BayStars,Tokyo Yakult Swallows,12.0,1.0,Final,神 宮,334,377,0.579073357997802,0.35,0.275,-1.2,-0.65,2.7,3.7,3.9,4.35,1.0,1.0,0.07499999999999996,-0.5499999999999999,-1.0,-0.44999999999999973,0.0,away,13.0
20260705-Chiba_Lotte_Marines-Fukuoka_SoftBank_Hawks,2026-07-05 13:30:00,2026,Chiba Lotte Marines,Fukuoka SoftBank Hawks,2.0,7.0,Final,みずほPayPay,355,336,0.6451140873456899,0.725,0.575,2.05,-0.1,5.0,3.85,2.95,3.95,1.0,1.0,0.15000000000000002,2.15,1.15,-1.0,0.0,home,9.0
20260705-Yomiuri_Giants-Chunichi_Dragons,2026-07-05 13:30:00,2026,Yomiuri Giants,Chunichi Dragons,1.0,0.0,Final,バンテリンドーム,336,342,0.45789246857512117,0.5,0.55,0.3,0.65,3.1,2.9,2.8,2.25,1.0,1.0,-0.050000000000000044,-0.35000000000000003,0.20000000000000018,0.5499999999999998,0.0,away,1.0
20260705-Saitama_Seibu_Lions-Orix_Buffaloes,2026-07-05 14:00:00,2026,Saitama Seibu Lions,Orix Buffaloes,1.0,3.0,Final,京セラD大阪,339,340,0.5165493696772044,0.425,0.475,-1.4,-0.85,3.2,2.8,4.6,3.65,2.0,2.0,-0.04999999999999999,-0.5499999999999999,0.40000000000000036,0.9499999999999997,0.0,home,4.0
20260705-Hokkaido_Nippon-Ham_Fighters-Tohoku_Rakuten_Golden_Eagles,2026-07-05 17:00:00,2026,Hokkaido Nippon-Ham Fighters,Tohoku Rakuten Golden Eagles,6.0,3.0,Final,楽天モバイル,336,354,0.38950762934459393,0.4,0.7,-1.05,1.05,3.2,4.2,4.25,3.15,1.0,1.0,-0.29999999999999993,-2.1,-1.0,1.1,0.0,away,9.0
20260705-Hiroshima_Toyo_Carp-Hanshin_Tigers,2026-07-05 18:00:00,2026,Hiroshima Toyo Carp,Hanshin Tigers,4.0,6.0,Final,甲子園,343,332,0.5977513362640433,0.4,0.5,0.65,-0.45,3.8,3.3,3.15,3.75,2.0,2.0,-0.09999999999999998,1.1,0.5,-0.6000000000000001,0.0,home,10.0
20260705-Yokohama_DeNA_BayStars-Tokyo_Yakult_Swallows,2026-07-05 18:00:00,2026,Yokohama DeNA BayStars,Tokyo Yakult Swallows,6.0,4.0,Final,神 宮,335,378,0.5263834936874507,0.35,0.325,-1.5,0.0,2.75,4.3,4.25,4.3,1.0,1.0,0.024999999999999967,-1.5,-1.5499999999999998,-0.04999999999999982,0.0,away,10.0
20260707-Fukuoka_SoftBank_Hawks-Orix_Buffaloes,2026-07-07 18:00:00,2026,Fukuoka SoftBank Hawks,Orix Buffaloes,6.0,3.0,Final,京セラD大阪,340,356,0.33936595079246423,0.475,0.725,-1.15,2.15,3.15,5.05,4.3,2.9,2.0,2.0,-0.25,-3.3,-1.9,1.4,0.0,away,9.0
20260707-Hanshin_Tigers-Yomiuri_Giants,2026-07-07 18:00:00,2026,Hanshin Tigers,Yomiuri Giants,3.0,4.0,Final,東京ドーム,343,344,0.5331622864057818,0.55,0.45,0.65,0.8,2.7,4.0,2.05,3.2,2.0,2.0,0.10000000000000003,-0.15000000000000002,-1.2999999999999998,-1.1500000000000004,0.0,home,7.0
20260707-Hokkaido_Nippon-Ham_Fighters-Chiba_Lotte_Marines,2026-07-07 18:00:00,2026,Hokkaido Nippon-Ham Fighters,Chiba Lotte Marines,2.0,10.0,Final,ZOZOマリン,337,355,0.4411488809972036,0.575,0.7,-0.3,1.05,3.95,4.3,4.25,3.25,2.0,2.0,-0.125,-1.35,-0.34999999999999964,1.0,0.0,home,12.0
20260707-Tokyo_Yakult_Swallows-Hiroshima_Toyo_Carp,2026-07-07 18:00:00,2026,Tokyo Yakult Swallows,Hiroshima Toyo Carp,3.0,4.0,Final,マツダスタジアム,333,336,0.5658317944307304,0.5,0.3,-0.4,-1.65,3.4,2.9,3.8,4.55,2.0,2.0,0.2,1.25,0.5,-0.75,0.0,home,7.0
20260707-Chunichi_Dragons-Yokohama_DeNA_BayStars,2026-07-07 18:15:00,2026,Chunichi Dragons,Yokohama DeNA BayStars,0.0,4.0,Final,横 浜,379,337,0.5267705772691036,0.325,0.45,0.05,0.2,4.2,3.05,4.15,2.85,2.0,2.0,-0.125,-0.15000000000000002,1.1500000000000004,1.3000000000000003,0.0,home,4.0
20260707-Tohoku_Rakuten_Golden_Eagles-Saitama_Seibu_Lions,2026-07-07 18:30:00,2026,Tohoku Rakuten Golden Eagles,Saitama Seibu Lions,1.0,6.0,Final,那 覇,341,337,0.5435529219547788,0.425,0.4,-1.0,-0.85,2.65,3.3,3.65,4.15,2.0,2.0,0.024999999999999967,-0.15000000000000002,-0.6499999999999999,-0.5000000000000004,0.0,home,7.0
20260708-Fukuoka_SoftBank_Hawks-Orix_Buffaloes,2026-07-08 18:00:00,2026,Fukuoka SoftBank Hawks,Orix Buffaloes,2.0,3.0,Final,京セラD大阪,341,357,0.3179916054709362,0.475,0.725,-1.15,2.2,3.2,5.15,4.35,2.95,1.0,1.0,-0.25,-3.35,-1.9500000000000002,1.3999999999999995,0.0,home,5.0
20260708-Hanshin_Tigers-Yomiuri_Giants,2026-07-08 18:00:00,2026,Hanshin Tigers,Yomiuri Giants,4.0,1.0,Final,東京ドーム,344,345,0.5619148408019485,0.55,0.45,0.65,0.85,2.8,4.05,2.15,3.2,1.0,1.0,0.10000000000000003,-0.19999999999999996,-1.25,-1.0500000000000003,0.0,away,5.0
20260708-Hokkaido_Nippon-Ham_Fighters-Chiba_Lotte_Marines,2026-07-08 18:00:00,2026,Hokkaido Nippon-Ham Fighters,Chiba Lotte Marines,7.0,2.0,Final,ZOZOマリン,338,356,0.49234751631422613,0.575,0.65,-0.05,0.55,4.2,4.2,4.25,3.65,1.0,1.0,-0.07500000000000007,-0.6000000000000001,0.0,0.6000000000000001,0.0,away,9.0
20260708-Tokyo_Yakult_Swallows-Hiroshima_Toyo_Carp,2026-07-08 18:00:00,2026,Tokyo Yakult Swallows,Hiroshima Toyo Carp,3.0,4.0,Final,マツダスタジアム,334,337,0.5921434545953823,0.525,0.3,-0.35,-1.55,3.5,2.95,3.85,4.5,1.0,1.0,0.22500000000000003,1.2000000000000002,0.5499999999999998,-0.6499999999999999,0.0,home,7.0
20260708-Chunichi_Dragons-Yokohama_DeNA_BayStars,2026-07-08 18:15:00,2026,Chunichi Dragons,Yokohama DeNA BayStars,3.0,4.0,Final,横 浜,380,338,0.5624272321131888,0.325,0.45,0.0,0.15,4.0,2.95,4.0,2.8,1.0,1.0,-0.125,-0.15,1.0499999999999998,1.2000000000000002,0.0,home,7.0
20260708-Tohoku_Rakuten_Golden_Eagles-Saitama_Seibu_Lions,2026-07-08 18:30:00,2026,Tohoku Rakuten Golden Eagles,Saitama Seibu Lions,5.0,2.0,Final,那 覇,342,338,0.5797617580751956,0.425,0.4,-0.8,-1.05,2.7,3.35,3.5,4.4,1.0,1.0,0.024999999999999967,0.25,-0.6499999999999999,-0.9000000000000004,0.0,away,7.0
20260709-Hanshin_Tigers-Yomiuri_Giants,2026-07-09 18:00:00,2026,Hanshin Tigers,Yomiuri Giants,10.0,2.0,Final,東京ドーム,345,346,0.5221102600638025,0.5,0.45,0.2,0.65,2.45,3.85,2.25,3.2,1.0,1.0,0.04999999999999999,-0.45,-1.4,-0.9500000000000002,0.0,away,12.0
20260709-Tokyo_Yakult_Swallows-Hiroshima_Toyo_Carp,2026-07-09 18:00:00,2026,Tokyo Yakult Swallows,Hiroshima Toyo Carp,1.0,0.0,Final,マツダスタジアム,335,338,0.6163912735554002,0.525,0.3,-0.45,-1.5,3.35,3.05,3.8,4.55,1.0,1.0,0.22500000000000003,1.05,0.30000000000000027,-0.75,0.0,away,1.0
20260709-Chunichi_Dragons-Yokohama_DeNA_BayStars,2026-07-09 18:15:00,2026,Chunichi Dragons,Yokohama DeNA BayStars,4.0,3.0,Final,横 浜,381,339,0.5890002455553498,0.375,0.45,0.2,0.25,4.05,3.05,3.85,2.8,1.0,1.0,-0.07500000000000001,-0.04999999999999999,1.0,1.0500000000000003,0.0,away,7.0
20260710-Hiroshima_Toyo_Carp-Chunichi_Dragons,2026-07-10 18:00:00,2026,Hiroshima Toyo Carp,Chunichi Dragons,1.0,10.0,Final,バンテリンドーム,340,336,0.5105705633493767,0.5,0.475,0.4,-0.65,3.2,3.1,2.8,3.75,1.0,1.0,0.025000000000000022,1.05,0.10000000000000009,-0.9500000000000002,0.0,home,11.0
20260710-Orix_Buffaloes-Chiba_Lotte_Marines,2026-07-10 18:00:00,2026,Orix Buffaloes,Chiba Lotte Marines,6.0,8.0,Final,ZOZOマリン,339,342,0.571190677845523,0.575,0.475,0.0,-1.15,4.2,3.15,4.2,4.3,2.0,2.0,0.09999999999999998,1.15,1.0500000000000003,-0.09999999999999964,0.0,home,14.0
20260710-Saitama_Seibu_Lions-Hokkaido_Nippon-Ham_Fighters,2026-07-10 18:00:00,2026,Saitama Seibu Lions,Hokkaido Nippon-Ham Fighters,2.0,1.0,Final,エスコンＦ,357,343,0.6719322698736251,0.65,0.375,0.65,-1.1,4.4,2.6,3.75,3.7,2.0,2.0,0.275,1.75,1.8000000000000003,0.04999999999999982,0.0,away,3.0
20260710-Tohoku_Rakuten_Golden_Eagles-Fukuoka_SoftBank_Hawks,2026-07-10 18:00:00,2026,Tohoku Rakuten Golden Eagles,Fukuoka SoftBank Hawks,5.0,3.0,Final,みずほPayPay,358,339,0.7292019873150157,0.675,0.45,1.85,-0.6,4.75,3.5,2.9,4.1,2.0,2.0,0.22500000000000003,2.45,1.25,-1.1999999999999997,0.0,away,8.0
20260710-Tokyo_Yakult_Swallows-Hanshin_Tigers,2026-07-10 18:00:00,2026,Tokyo Yakult Swallows,Hanshin Tigers,2.0,1.0,Final,甲子園,347,339,0.6899070218867103,0.45,0.35,1.0,-1.35,4.3,3.1,3.3,4.45,1.0,1.0,0.10000000000000003,2.35,1.1999999999999997,-1.1500000000000004,0.0,away,3.0
20260710-Yomiuri_Giants-Yokohama_DeNA_BayStars,2026-07-10 18:15:00,2026,Yomiuri Giants,Yokohama DeNA BayStars,6.0,11.0,Final,横 浜,382,346,0.4702339201584426,0.375,0.475,0.25,-0.2,4.1,2.5,3.85,2.7,1.0,1.0,-0.09999999999999998,0.45,1.5999999999999996,1.15,0.0,home,17.0
20260711-Hiroshima_Toyo_Carp-Chunichi_Dragons,2026-07-11 14:00:00,2026,Hiroshima Toyo Carp,Chunichi Dragons,1.0,8.0,Final,バンテリンドーム,341,337,0.5554215937606505,0.5,0.475,0.5,-1.05,3.15,3.0,2.65,4.05,1.0,1.0,0.025000000000000022,1.55,0.1499999999999999,-1.4,0.0,home,9.0
20260711-Saitama_Seibu_Lions-Hokkaido_Nippon-Ham_Fighters,2026-07-11 14:00:00,2026,Saitama Seibu Lions,Hokkaido Nippon-Ham Fighters,2.0,8.0,Final,エスコンＦ,358,344,0.6340989081016405,0.6,0.375,0.5,-1.2,4.3,2.55,3.8,3.75,1.0,1.0,0.22499999999999998,1.7,1.75,0.04999999999999982,0.0,home,10.0
20260711-Orix_Buffaloes-Chiba_Lotte_Marines,2026-07-11 18:00:00,2026,Orix Buffaloes,Chiba Lotte Marines,8.0,3.0,Final,ZOZOマリン,340,343,0.5989869054100788,0.6,0.425,0.1,-1.45,4.55,3.05,4.45,4.5,1.0,1.0,0.175,1.55,1.5,-0.04999999999999982,0.0,away,11.0
20260711-Tohoku_Rakuten_Golden_Eagles-Fukuoka_SoftBank_Hawks,2026-07-11 18:00:00,2026,Tohoku Rakuten Golden Eagles,Fukuoka SoftBank Hawks,2.0,9.0,Final,みずほPayPay,359,340,0.6890770174355744,0.625,0.5,1.55,-0.15,4.6,3.75,3.05,3.9,1.0,1.0,0.125,1.7,0.8499999999999996,-0.8500000000000001,0.0,home,11.0
20260711-Tokyo_Yakult_Swallows-Hanshin_Tigers,2026-07-11 18:00:00,2026,Tokyo Yakult Swallows,Hanshin Tigers,1.0,2.0,Final,甲子園,348,340,0.6520628598320968,0.45,0.4,1.25,-1.0,4.15,3.15,2.9,4.15,1.0,1.0,0.04999999999999999,2.25,1.0000000000000004,-1.2500000000000004,0.0,home,3.0
20260711-Yomiuri_Giants-Yokohama_DeNA_BayStars,2026-07-11 18:00:00,2026,Yomiuri Giants,Yokohama DeNA BayStars,5.0,4.0,Final,横 浜,383,347,0.5128899258036501,0.425,0.45,0.65,-0.45,4.6,2.7,3.95,3.15,1.0,1.0,-0.025000000000000022,1.1,1.8999999999999995,0.8000000000000003,0.0,away,9.0
20260712-Saitama_Seibu_Lions-Hokkaido_Nippon-Ham_Fighters,2026-07-12 13:00:00,2026,Saitama Seibu Lions,Hokkaido Nippon-Ham Fighters,12.0,1.0,Final,エスコンＦ,359,345,0.6625177907186311,0.6,0.375,0.75,-1.45,4.5,2.6,3.75,4.05,1.0,1.0,0.22499999999999998,2.2,1.9,-0.2999999999999998,0.0,away,13.0
20260712-Hiroshima_Toyo_Carp-Chunichi_Dragons,2026-07-12 13:30:00,2026,Hiroshima Toyo Carp,Chunichi Dragons,5.0,1.0,Final,バンテリンドーム,342,338,0.5944265196085198,0.55,0.475,0.9,-1.35,3.45,2.85,2.55,4.2,1.0,1.0,0.07500000000000007,2.25,0.6000000000000001,-1.6500000000000004,0.0,away,6.0
20260712-Tohoku_Rakuten_Golden_Eagles-Fukuoka_SoftBank_Hawks,2026-07-12 14:00:00,2026,Tohoku Rakuten Golden Eagles,Fukuoka SoftBank Hawks,0.0,3.0,Final,みずほPayPay,360,341,0.7124867486331635,0.625,0.45,1.85,-0.8,4.9,3.45,3.05,4.25,1.0,1.0,0.175,2.6500000000000004,1.4500000000000002,-1.2000000000000002,0.0,home,3.0
20260712-Orix_Buffaloes-Chiba_Lotte_Marines,2026-07-12 17:00:00,2026,Orix Buffaloes,Chiba Lotte Marines,7.0,2.0,Final,ZOZOマリン,341,344,0.5518516862679992,0.575,0.425,-0.15,-1.3,4.6,3.25,4.75,4.55,1.0,1.0,0.14999999999999997,1.1500000000000001,1.3499999999999996,0.20000000000000018,0.0,away,9.0
20260712-Tokyo_Yakult_Swallows-Hanshin_Tigers,2026-07-12 18:00:00,2026,Tokyo Yakult Swallows,Hanshin Tigers,0.0,3.0,Final,甲子園,349,341,0.6714264704751077,0.5,0.4,1.5,-1.0,4.15,3.05,2.65,4.05,1.0,1.0,0.09999999999999998,2.5,1.1000000000000005,-1.4,0.0,home,3.0
20260712-Yomiuri_Giants-Yokohama_DeNA_BayStars,2026-07-12 18:00:00,2026,Yomiuri Giants,Yokohama DeNA BayStars,4.0,3.0,Final,横 浜,384,348,0.48101565031371946,0.425,0.45,0.7,-0.7,4.7,2.55,4.0,3.25,1.0,1.0,-0.025000000000000022,1.4,2.1500000000000004,0.75,0.0,away,7.0
20260714-Fukuoka_SoftBank_Hawks-Hokkaido_Nippon-Ham_Fighters,2026-07-14 13:00:00,2026,Fukuoka SoftBank Hawks,Hokkaido Nippon-Ham Fighters,4.0,2.0,Final,エスコンＦ,360,361,0.43533344410224256,0.6,0.675,0.4,2.1,4.3,4.95,3.9,2.85,2.0,2.0,-0.07500000000000007,-1.7000000000000002,-0.6500000000000004,1.0499999999999998,0.0,away,6.0
20260714-Chiba_Lotte_Marines-Saitama_Seibu_Lions,2026-07-14 18:00:00,2026,Chiba Lotte Marines,Saitama Seibu Lions,1.0,2.0,Final,ベルーナドーム,346,342,0.5222962613527082,0.375,0.525,-0.95,-0.5,3.15,4.55,4.1,5.05,2.0,2.0,-0.15000000000000002,-0.44999999999999996,-1.4,-0.9500000000000002,0.0,home,3.0
20260714-Hanshin_Tigers-Chunichi_Dragons,2026-07-14 18:00:00,2026,Hanshin Tigers,Chunichi Dragons,5.0,2.0,Final,バンテリンドーム,343,350,0.41068365604376145,0.55,0.55,0.8,1.7,3.45,4.2,2.65,2.5,2.0,2.0,0.0,-0.8999999999999999,-0.75,0.1499999999999999,0.0,away,7.0
20260714-Orix_Buffaloes-Tohoku_Rakuten_Golden_Eagles,2026-07-14 18:00:00,2026,Orix Buffaloes,Tohoku Rakuten Golden Eagles,1.0,3.0,Final,楽天モバイル,342,345,0.4552444108661813,0.4,0.425,-1.0,-1.1,3.35,3.5,4.35,4.6,2.0,2.0,-0.024999999999999967,0.10000000000000009,-0.1499999999999999,-0.25,0.0,home,4.0
20260714-Yokohama_DeNA_BayStars-Hiroshima_Toyo_Carp,2026-07-14 18:00:00,2026,Yokohama DeNA BayStars,Hiroshima Toyo Carp,5.0,4.0,Final,マツダスタジアム,339,385,0.5120634245001511,0.525,0.425,-1.0,0.8,3.05,4.85,4.05,4.05,2.0,2.0,0.10000000000000003,-1.8,-1.7999999999999998,0.0,0.0,away,9.0
20260714-Yomiuri_Giants-Tokyo_Yakult_Swallows,2026-07-14 18:00:00,2026,Yomiuri Giants,Tokyo Yakult Swallows,4.0,5.0,Final,神 宮,342,349,0.40298964694677747,0.4,0.45,-0.95,-1.0,2.85,2.4,3.8,3.4,2.0,2.0,-0.04999999999999999,0.050000000000000044,0.4500000000000002,0.3999999999999999,0.0,home,9.0
20260715-Fukuoka_SoftBank_Hawks-Hokkaido_Nippon-Ham_Fighters,2026-07-15 13:00:00,2026,Fukuoka SoftBank Hawks,Hokkaido Nippon-Ham Fighters,6.0,7.0,Final,エスコンＦ,361,362,0.4069953158980491,0.55,0.675,0.2,1.85,4.3,4.75,4.1,2.9,1.0,1.0,-0.125,-1.6500000000000001,-0.4500000000000002,1.1999999999999997,0.0,home,13.0
20260715-Chiba_Lotte_Marines-Saitama_Seibu_Lions,2026-07-15 18:00:00,2026,Chiba Lotte Marines,Saitama Seibu Lions,3.0,7.0,Final,ベルーナドーム,347,343,0.5518230273167399,0.375,0.525,-0.95,-0.2,3.2,4.4,4.15,4.6,1.0,1.0,-0.15000000000000002,-0.75,-1.2000000000000002,-0.4499999999999993,0.0,home,10.0
20260715-Hanshin_Tigers-Chunichi_Dragons,2026-07-15 18:00:00,2026,Hanshin Tigers,Chunichi Dragons,5.0,6.0,Final,バンテリンドーム,344,351,0.382630361437297,0.55,0.6,0.7,1.9,3.4,4.4,2.7,2.5,1.0,1.0,-0.04999999999999993,-1.2,-1.0000000000000004,0.20000000000000018,0.0,home,11.0
20260715-Orix_Buffaloes-Tohoku_Rakuten_Golden_Eagles,2026-07-15 18:00:00,2026,Orix Buffaloes,Tohoku Rakuten Golden Eagles,2.0,3.0,Final,楽天モバイル,343,346,0.4915011574322452,0.45,0.425,-0.8,-1.05,3.5,3.4,4.3,4.45,1.0,1.0,0.025000000000000022,0.25,0.10000000000000009,-0.15000000000000036,0.0,home,5.0
20260715-Yokohama_DeNA_BayStars-Hiroshima_Toyo_Carp,2026-07-15 18:00:00,2026,Yokohama DeNA BayStars,Hiroshima Toyo Carp,4.0,6.0,Final,マツダスタジアム,340,386,0.4802411816888769,0.525,0.475,-1.0,0.9,3.2,5.0,4.2,4.1,1.0,1.0,0.050000000000000044,-1.9,-1.7999999999999998,0.10000000000000053,0.0,home,10.0
20260715-Yomiuri_Giants-Tokyo_Yakult_Swallows,2026-07-15 18:00:00,2026,Yomiuri Giants,Tokyo Yakult Swallows,8.0,2.0,Final,神 宮,343,350,0.43916303345136837,0.45,0.45,-0.8,-0.75,3.0,2.5,3.8,3.25,1.0,1.0,0.0,-0.050000000000000044,0.5,0.5499999999999998,0.0,away,10.0
20260716-Fukuoka_SoftBank_Hawks-Hokkaido_Nippon-Ham_Fighters,2026-07-16 13:00:00,2026,Fukuoka SoftBank Hawks,Hokkaido Nippon-Ham Fighters,6.0,2.0,Final,エスコンＦ,362,363,0.44301548935221124,0.55,0.675,0.2,2.0,4.45,5.05,4.25,3.05,1.0,1.0,-0.125,-1.8,-0.5999999999999996,1.2000000000000002,0.0,away,8.0
20260716-Chiba_Lotte_Marines-Saitama_Seibu_Lions,2026-07-16 18:00:00,2026,Chiba Lotte Marines,Saitama Seibu Lions,4.0,3.0,Final,ベルーナドーム,348,344,0.585224632660806,0.425,0.475,-0.7,-0.45,3.3,4.4,4.0,4.85,1.0,1.0,-0.04999999999999999,-0.24999999999999994,-1.1000000000000005,-0.8499999999999996,0.0,away,7.0
20260716-Hanshin_Tigers-Chunichi_Dragons,2026-07-16 18:00:00,2026,Hanshin Tigers,Chunichi Dragons,3.0,1.0,Final,バンテリンドーム,345,352,0.41948897632676463,0.55,0.55,0.55,1.7,3.25,4.35,2.7,2.65,1.0,1.0,0.0,-1.15,-1.0999999999999996,0.050000000000000266,0.0,away,4.0
20260716-Orix_Buffaloes-Tohoku_Rakuten_Golden_Eagles,2026-07-16 18:00:00,2026,Orix Buffaloes,Tohoku Rakuten Golden Eagles,8.0,12.0,Final,楽天モバイル,344,347,0.5230971586771392,0.5,0.375,-0.6,-1.15,3.65,3.35,4.25,4.5,1.0,1.0,0.125,0.5499999999999999,0.2999999999999998,-0.25,0.0,home,20.0
20260716-Yomiuri_Giants-Tokyo_Yakult_Swallows,2026-07-16 18:00:00,2026,Yomiuri Giants,Tokyo Yakult Swallows,3.0,1.0,Final,神 宮,344,351,0.40270216044734636,0.4,0.5,-1.2,-0.3,2.9,2.9,4.1,3.2,1.0,1.0,-0.09999999999999998,-0.8999999999999999,0.0,0.8999999999999995,0.0,away,4.0
20260717-Chunichi_Dragons-Yomiuri_Giants,2026-07-17 18:00:00,2026,Chunichi Dragons,Yomiuri Giants,1.0,4.0,Final,東京ドーム,352,346,0.6221041920862683,0.5,0.5,-0.25,0.4,2.95,3.15,3.2,2.75,1.0,1.0,0.0,-0.65,-0.19999999999999973,0.4500000000000002,0.0,home,5.0
20260717-Hanshin_Tigers-Hiroshima_Toyo_Carp,2026-07-17 18:00:00,2026,Hanshin Tigers,Hiroshima Toyo Carp,4.0,2.0,Final,マツダスタジアム,341,353,0.38230419246200376,0.525,0.6,-1.0,1.85,3.4,4.4,4.4,2.55,2.0,1.0,-0.07499999999999996,-2.85,-1.0000000000000004,1.8500000000000005,1.0,away,6.0
20260717-Tokyo_Yakult_Swallows-Yokohama_DeNA_BayStars,2026-07-17 18:00:00,2026,Tokyo Yakult Swallows,Yokohama DeNA BayStars,4.0,12.0,Final,横 浜,387,345,0.5893296106508191,0.425,0.4,0.3,-0.95,4.4,2.9,4.1,3.85,2.0,1.0,0.024999999999999967,1.25,1.5000000000000004,0.24999999999999956,1.0,home,16.0
20260718-Chunichi_Dragons-Yomiuri_Giants,2026-07-18 14:00:00,2026,Chunichi Dragons,Yomiuri Giants,5.0,1.0,Final,東京ドーム,353,347,0.6471159808157678,0.55,0.5,-0.05,0.3,3.15,3.2,3.2,2.9,1.0,1.0,0.050000000000000044,-0.35,-0.050000000000000266,0.30000000000000027,0.0,away,6.0
20260718-Hokkaido_Nippon-Ham_Fighters-Orix_Buffaloes,2026-07-18 14:00:00,2026,Hokkaido Nippon-Ham Fighters,Orix Buffaloes,7.0,0.0,Final,京セラD大阪,348,363,0.4387678729349087,0.325,0.55,-1.4,0.15,3.45,4.2,4.85,4.05,2.0,2.0,-0.22500000000000003,-1.5499999999999998,-0.75,0.7999999999999998,0.0,away,7.0
20260718-Fukuoka_SoftBank_Hawks-Chiba_Lotte_Marines,2026-07-18 18:00:00,2026,Fukuoka SoftBank Hawks,Chiba Lotte Marines,5.0,4.0,Final,ZOZOマリン,345,364,0.34163116314535913,0.475,0.725,-0.45,2.25,4.45,5.2,4.9,2.95,2.0,2.0,-0.25,-2.7,-0.75,1.9500000000000002,0.0,away,9.0
20260718-Hanshin_Tigers-Hiroshima_Toyo_Carp,2026-07-18 18:00:00,2026,Hanshin Tigers,Hiroshima Toyo Carp,1.0,2.0,Final,マツダスタジアム,342,354,0.35849715177754254,0.475,0.65,-1.25,2.0,3.35,4.6,4.6,2.6,1.0,1.0,-0.17500000000000004,-3.25,-1.2499999999999996,1.9999999999999996,0.0,home,3.0
20260718-Saitama_Seibu_Lions-Tohoku_Rakuten_Golden_Eagles,2026-07-18 18:00:00,2026,Saitama Seibu Lions,Tohoku Rakuten Golden Eagles,2.0,3.0,Final,楽天モバイル,345,349,0.5212286222595812,0.55,0.375,-0.05,-0.95,4.1,3.25,4.15,4.2,2.0,2.0,0.17500000000000004,0.8999999999999999,0.8499999999999996,-0.04999999999999982,0.0,home,5.0
20260718-Tokyo_Yakult_Swallows-Yokohama_DeNA_BayStars,2026-07-18 18:00:00,2026,Tokyo Yakult Swallows,Yokohama DeNA BayStars,0.0,8.0,Final,横 浜,388,346,0.6253903068358875,0.475,0.35,0.8,-1.55,4.8,2.9,4.0,4.45,1.0,1.0,0.125,2.35,1.9,-0.4500000000000002,0.0,home,8.0
20260719-Hokkaido_Nippon-Ham_Fighters-Orix_Buffaloes,2026-07-19 13:00:00,2026,Hokkaido Nippon-Ham Fighters,Orix Buffaloes,5.0,1.0,Final,京セラD大阪,349,364,0.40040666904951866,0.325,0.6,-1.55,0.9,3.45,4.55,5.0,3.65,1.0,1.0,-0.27499999999999997,-2.45,-1.0999999999999996,1.35,0.0,away,6.0
20260719-Chunichi_Dragons-Yomiuri_Giants,2026-07-19 14:00:00,2026,Chunichi Dragons,Yomiuri Giants,1.0,6.0,Final,東京ドーム,354,348,0.6010161494264328,0.55,0.5,-0.2,0.4,3.1,3.2,3.3,2.8,1.0,1.0,0.050000000000000044,-0.6000000000000001,-0.10000000000000009,0.5,0.0,home,7.0
20260719-Fukuoka_SoftBank_Hawks-Chiba_Lotte_Marines,2026-07-19 18:00:00,2026,Fukuoka SoftBank Hawks,Chiba Lotte Marines,3.0,0.0,Final,ZOZOマリン,346,365,0.32278765381955676,0.475,0.725,0.0,2.15,4.35,4.95,4.35,2.8,1.0,1.0,-0.25,-2.15,-0.6000000000000005,1.5499999999999998,0.0,away,3.0
20260719-Hanshin_Tigers-Hiroshima_Toyo_Carp,2026-07-19 18:00:00,2026,Hanshin Tigers,Hiroshima Toyo Carp,4.0,2.0,Final,マツダスタジアム,343,355,0.39595108470154505,0.525,0.6,-1.1,1.6,3.45,4.15,4.55,2.55,1.0,1.0,-0.07499999999999996,-2.7,-0.7000000000000002,2.0,0.0,away,6.0
20260719-Saitama_Seibu_Lions-Tohoku_Rakuten_Golden_Eagles,2026-07-19 18:00:00,2026,Saitama Seibu Lions,Tohoku Rakuten Golden Eagles,6.0,3.0,Final,楽天モバイル,346,350,0.5508303090592535,0.6,0.325,0.15,-1.1,4.0,3.1,3.85,4.2,1.0,1.0,0.27499999999999997,1.25,0.8999999999999999,-0.3500000000000001,0.0,away,9.0
20260719-Tokyo_Yakult_Swallows-Yokohama_DeNA_BayStars,2026-07-19 18:00:00,2026,Tokyo Yakult Swallows,Yokohama DeNA BayStars,1.0,5.0,Final,横 浜,389,347,0.6571237115293612,0.525,0.3,1.6,-2.3,5.05,2.45,3.45,4.75,1.0,1.0,0.22500000000000003,3.9,2.5999999999999996,-1.2999999999999998,0.0,home,6.0
20260720-Hokkaido_Nippon-Ham_Fighters-Orix_Buffaloes,2026-07-20 13:00:00,2026,Hokkaido Nippon-Ham Fighters,Orix Buffaloes,0.0,3.0,Final,京セラD大阪,350,365,0.3715738147965506,0.325,0.6,-1.65,0.9,3.35,4.6,5.0,3.7,1.0,1.0,-0.27499999999999997,-2.55,-1.2499999999999996,1.2999999999999998,0.0,home,3.0
20260720-Saitama_Seibu_Lions-Tohoku_Rakuten_Golden_Eagles,2026-07-20 16:00:00,2026,Saitama Seibu Lions,Tohoku Rakuten Golden Eagles,5.0,4.0,Final,楽天モバイル,347,351,0.5116860394205589,0.6,0.375,0.15,-0.9,3.95,3.05,3.8,3.95,1.0,1.0,0.22499999999999998,1.05,0.9000000000000004,-0.15000000000000036,0.0,away,9.0
20260720-Fukuoka_SoftBank_Hawks-Chiba_Lotte_Marines,2026-07-20 17:00:00,2026,Fukuoka SoftBank Hawks,Chiba Lotte Marines,5.0,4.0,Final,ZOZOマリン,347,366,0.3029788609386026,0.425,0.725,-0.25,1.9,4.05,4.7,4.3,2.8,1.0,1.0,-0.3,-2.15,-0.6500000000000004,1.5,0.0,away,9.0
20260720-Chunichi_Dragons-Tokyo_Yakult_Swallows,2026-07-20 18:00:00,2026,Chunichi Dragons,Tokyo Yakult Swallows,4.0,2.0,Final,神 宮,348,349,0.4267148879115775,0.3,0.45,-2.4,0.0,2.2,3.0,4.6,3.0,1.0,1.0,-0.15000000000000002,-2.4,-0.7999999999999998,1.5999999999999996,0.0,away,6.0
20260720-Hiroshima_Toyo_Carp-Yomiuri_Giants,2026-07-20 18:00:00,2026,Hiroshima Toyo Carp,Yomiuri Giants,1.0,3.0,Final,東京ドーム,355,344,0.6423176860615313,0.55,0.525,0.0,-0.85,3.35,3.45,3.35,4.3,1.0,1.0,0.025000000000000022,0.85,-0.10000000000000009,-0.9499999999999997,0.0,home,4.0
20260720-Yokohama_DeNA_BayStars-Hanshin_Tigers,2026-07-20 18:00:00,2026,Yokohama DeNA BayStars,Hanshin Tigers,7.0,0.0,Final,甲子園,356,390,0.6182366744774984,0.6,0.575,1.3,1.85,3.8,5.25,2.5,3.4,1.0,1.0,0.025000000000000022,-0.55,-1.4500000000000002,-0.8999999999999999,0.0,away,7.0
20260721-Chunichi_Dragons-Tokyo_Yakult_Swallows,2026-07-21 18:00:00,2026,Chunichi Dragons,Tokyo Yakult Swallows,11.0,4.0,Final,神 宮,349,350,0.39909374972483946,0.3,0.5,-2.45,0.2,2.25,3.0,4.7,2.8,1.0,1.0,-0.2,-2.6500000000000004,-0.75,1.9000000000000004,0.0,away,15.0
20260721-Hiroshima_Toyo_Carp-Yomiuri_Giants,2026-07-21 18:00:00,2026,Hiroshima Toyo Carp,Yomiuri Giants,5.0,11.0,Final,東京ドーム,356,345,0.6639562096383171,0.6,0.475,0.2,-1.05,3.35,3.1,3.15,4.15,1.0,1.0,0.125,1.25,0.25,-1.0000000000000004,0.0,home,16.0
20260721-Orix_Buffaloes-Fukuoka_SoftBank_Hawks,2026-07-21 18:00:00,2026,Orix Buffaloes,Fukuoka SoftBank Hawks,2.0,1.0,Final,みずほPayPay,367,351,0.7560798736984911,0.775,0.325,2.2,-1.75,4.95,3.25,2.75,5.0,1.0,1.0,0.45,3.95,1.7000000000000002,-2.25,0.0,away,3.0
20260721-Yokohama_DeNA_BayStars-Hanshin_Tigers,2026-07-21 18:00:00,2026,Yokohama DeNA BayStars,Hanshin Tigers,1.0,2.0,Final,甲子園,357,391,0.5646357669138473,0.55,0.625,0.9,2.35,3.7,5.5,2.8,3.15,1.0,1.0,-0.07499999999999996,-1.4500000000000002,-1.7999999999999998,-0.3500000000000001,0.0,home,3.0
20260722-Chunichi_Dragons-Tokyo_Yakult_Swallows,2026-07-22 18:00:00,2026,Chunichi Dragons,Tokyo Yakult Swallows,5.0,8.0,Final,神 宮,350,351,0.3652617791639225,0.25,0.5,-2.85,0.45,2.25,3.4,5.1,2.95,1.0,1.0,-0.25,-3.3000000000000003,-1.15,2.1499999999999995,0.0,home,13.0
20260722-Hiroshima_Toyo_Carp-Yomiuri_Giants,2026-07-22 18:00:00,2026,Hiroshima Toyo Carp,Yomiuri Giants,6.0,1.0,Final,東京ドーム,357,346,0.6890094782729551,0.6,0.425,0.3,-1.4,3.55,3.25,3.25,4.65,1.0,1.0,0.175,1.7,0.2999999999999998,-1.4000000000000004,0.0,away,7.0
20260722-Hokkaido_Nippon-Ham_Fighters-Saitama_Seibu_Lions,2026-07-22 18:00:00,2026,Hokkaido Nippon-Ham Fighters,Saitama Seibu Lions,3.0,4.0,Final,ベルーナドーム,352,366,0.4847710427053956,0.425,0.55,-0.65,0.6,3.1,4.25,3.75,3.65,2.0,2.0,-0.12500000000000006,-1.25,-1.15,0.10000000000000009,0.0,home,7.0
20260722-Orix_Buffaloes-Fukuoka_SoftBank_Hawks,2026-07-22 18:00:00,2026,Orix Buffaloes,Fukuoka SoftBank Hawks,2.0,22.0,Final,みずほPayPay,368,352,0.7197627085628419,0.725,0.375,2.0,-1.55,4.6,3.1,2.6,4.65,1.0,1.0,0.35,3.55,1.4999999999999996,-2.0500000000000003,0.0,home,24.0
20260722-Tohoku_Rakuten_Golden_Eagles-Chiba_Lotte_Marines,2026-07-22 18:00:00,2026,Tohoku Rakuten Golden Eagles,Chiba Lotte Marines,2.0,10.0,Final,ZOZOマリン,348,348,0.5045484226307518,0.375,0.55,-0.45,0.05,3.85,3.75,4.3,3.7,2.0,2.0,-0.17500000000000004,-0.5,0.10000000000000009,0.5999999999999996,0.0,home,12.0
20260722-Yokohama_DeNA_BayStars-Hanshin_Tigers,2026-07-22 18:00:00,2026,Yokohama DeNA BayStars,Hanshin Tigers,4.0,5.0,Final,甲子園,358,392,0.5910394064420994,0.6,0.575,1.0,2.2,3.65,5.25,2.65,3.05,1.0,1.0,0.025000000000000022,-1.2000000000000002,-1.6,-0.3999999999999999,0.0,home,9.0
20260723-Hokkaido_Nippon-Ham_Fighters-Saitama_Seibu_Lions,2026-07-23 18:00:00,2026,Hokkaido Nippon-Ham Fighters,Saitama Seibu Lions,11.0,2.0,Final,ベルーナドーム,353,367,0.5167916937277803,0.475,0.55,-0.5,0.6,3.3,4.25,3.8,3.65,1.0,1.0,-0.07500000000000007,-1.1,-0.9500000000000002,0.1499999999999999,0.0,away,13.0
20260723-Orix_Buffaloes-Fukuoka_SoftBank_Hawks,2026-07-23 18:00:00,2026,Orix Buffaloes,Fukuoka SoftBank Hawks,5.0,6.0,Final,みずほPayPay,369,353,0.7401076431424816,0.725,0.375,2.85,-2.4,5.45,3.1,2.6,5.5,1.0,1.0,0.35,5.25,2.35,-2.9,0.0,home,11.0
20260723-Tohoku_Rakuten_Golden_Eagles-Chiba_Lotte_Marines,2026-07-23 18:00:00,2026,Tohoku Rakuten Golden Eagles,Chiba Lotte Marines,4.0,3.0,Final,ZOZOマリン,349,349,0.5500135143442656,0.375,0.5,-0.2,-0.55,4.0,3.45,4.2,4.0,1.0,1.0,-0.125,0.35000000000000003,0.5499999999999998,0.20000000000000018,0.0,away,7.0
20260724-Chiba_Lotte_Marines-Orix_Buffaloes,2026-07-24 18:00:00,2026,Chiba Lotte Marines,Orix Buffaloes,2.0,3.0,Final,京セラD大阪,354,350,0.5274164338559998,0.375,0.375,-2.25,-0.05,3.3,4.15,5.55,4.2,1.0,1.0,0.0,-2.2,-0.8500000000000005,1.3499999999999996,0.0,home,5.0
20260724-Fukuoka_SoftBank_Hawks-Saitama_Seibu_Lions,2026-07-24 18:00:00,2026,Fukuoka SoftBank Hawks,Saitama Seibu Lions,7.0,3.0,Final,ベルーナドーム,354,370,0.3459252399738371,0.425,0.75,-1.0,2.9,3.2,5.6,4.2,2.7,1.0,1.0,-0.325,-3.9,-2.3999999999999995,1.5,0.0,away,10.0
20260724-Hiroshima_Toyo_Carp-Tokyo_Yakult_Swallows,2026-07-24 18:00:00,2026,Hiroshima Toyo Carp,Tokyo Yakult Swallows,3.0,5.0,Final,神 宮,351,347,0.4274591432260728,0.25,0.475,-2.75,-0.95,2.45,3.4,5.2,4.35,2.0,2.0,-0.22499999999999998,-1.8,-0.9499999999999997,0.8500000000000005,0.0,home,8.0
20260724-Yokohama_DeNA_BayStars-Chunichi_Dragons,2026-07-24 18:00:00,2026,Yokohama DeNA BayStars,Chunichi Dragons,2.0,3.0,Final,バンテリンドーム,352,393,0.47949524210052524,0.5,0.575,0.35,2.25,3.5,5.4,3.15,3.15,2.0,2.0,-0.07499999999999996,-1.9,-1.9000000000000004,0.0,0.0,home,5.0
20260724-Yomiuri_Giants-Hanshin_Tigers,2026-07-24 18:00:00,2026,Yomiuri Giants,Hanshin Tigers,4.0,2.0,Final,甲子園,359,358,0.5715180461418133,0.65,0.55,1.1,0.0,3.8,3.5,2.7,3.5,2.0,2.0,0.09999999999999998,1.1,0.2999999999999998,-0.7999999999999998,0.0,away,6.0
20260725-Chiba_Lotte_Marines-Orix_Buffaloes,2026-07-25 14:00:00,2026,Chiba Lotte Marines,Orix Buffaloes,3.0,5.0,Final,京セラD大阪,355,351,0.5565809939399862,0.375,0.375,-2.35,0.05,3.2,4.05,5.55,4.0,1.0,1.0,0.0,-2.4,-0.8499999999999996,1.5499999999999998,0.0,home,8.0
20260725-Tohoku_Rakuten_Golden_Eagles-Hokkaido_Nippon-Ham_Fighters,2026-07-25 14:00:00,2026,Tohoku Rakuten Golden Eagles,Hokkaido Nippon-Ham Fighters,3.0,4.0,Final,エスコンＦ,368,350,0.6320044808679262,0.55,0.5,0.95,-0.6,4.6,3.55,3.65,4.15,2.0,2.0,0.050000000000000044,1.5499999999999998,1.0499999999999998,-0.5000000000000004,0.0,home,7.0
20260725-Yokohama_DeNA_BayStars-Chunichi_Dragons,2026-07-25 14:00:00,2026,Yokohama DeNA BayStars,Chunichi Dragons,5.0,0.0,Final,バンテリンドーム,353,394,0.5118411965766947,0.55,0.575,0.45,2.25,3.55,5.45,3.1,3.2,1.0,1.0,-0.02499999999999991,-1.8,-1.9000000000000004,-0.10000000000000009,0.0,away,5.0
20260725-Fukuoka_SoftBank_Hawks-Saitama_Seibu_Lions,2026-07-25 18:00:00,2026,Fukuoka SoftBank Hawks,Saitama Seibu Lions,6.0,8.0,Final,ベルーナドーム,355,371,0.3225363798881313,0.425,0.75,-1.1,2.8,3.25,5.65,4.35,2.85,1.0,1.0,-0.325,-3.9,-2.4000000000000004,1.4999999999999996,0.0,home,14.0
20260725-Hiroshima_Toyo_Carp-Tokyo_Yakult_Swallows,2026-07-25 18:00:00,2026,Hiroshima Toyo Carp,Tokyo Yakult Swallows,1.0,2.0,Final,神 宮,352,348,0.46523125485441985,0.25,0.425,-2.7,-1.1,2.5,3.4,5.2,4.5,1.0,1.0,-0.175,-1.6,-0.8999999999999999,0.7000000000000002,0.0,home,3.0
20260725-Yomiuri_Giants-Hanshin_Tigers,2026-07-25 18:00:00,2026,Yomiuri Giants,Hanshin Tigers,5.0,1.0,Final,甲子園,360,359,0.5337971457081709,0.6,0.6,0.55,0.15,3.3,3.55,2.75,3.4,1.0,1.0,0.0,0.4,-0.25,-0.6499999999999999,0.0,away,6.0
20260726-Chiba_Lotte_Marines-Orix_Buffaloes,2026-07-26 13:00:00,2026,Chiba Lotte Marines,Orix Buffaloes,3.0,2.0,Final,京セラD大阪,356,352,0.5855828741699985,0.425,0.35,-1.9,-0.05,3.35,4.05,5.25,4.1,1.0,1.0,0.07500000000000001,-1.8499999999999999,-0.6999999999999997,1.1500000000000004,0.0,away,5.0
20260726-Tohoku_Rakuten_Golden_Eagles-Hokkaido_Nippon-Ham_Fighters,2026-07-26 13:00:00,2026,Tohoku Rakuten Golden Eagles,Hokkaido Nippon-Ham Fighters,2.0,6.0,Final,エスコンＦ,369,351,0.6530195320196259,0.55,0.45,0.8,-0.85,4.55,3.45,3.75,4.3,1.0,1.0,0.10000000000000003,1.65,1.0999999999999996,-0.5499999999999998,0.0,home,8.0
20260726-Yokohama_DeNA_BayStars-Chunichi_Dragons,2026-07-26 13:30:00,2026,Yokohama DeNA BayStars,Chunichi Dragons,1.0,5.0,Final,バンテリンドーム,354,395,0.47062774145256353,0.5,0.625,0.15,2.65,3.4,5.5,3.25,2.85,1.0,1.0,-0.125,-2.5,-2.1,0.3999999999999999,0.0,home,6.0
20260726-Fukuoka_SoftBank_Hawks-Saitama_Seibu_Lions,2026-07-26 17:00:00,2026,Fukuoka SoftBank Hawks,Saitama Seibu Lions,3.0,0.0,Final,ベルーナドーム,356,372,0.3632722833280023,0.475,0.7,-0.8,2.15,3.6,5.4,4.4,3.25,1.0,1.0,-0.22499999999999998,-2.95,-1.8000000000000003,1.1500000000000004,0.0,away,3.0
20260726-Hiroshima_Toyo_Carp-Tokyo_Yakult_Swallows,2026-07-26 18:00:00,2026,Hiroshima Toyo Carp,Tokyo Yakult Swallows,4.0,3.0,Final,神 宮,353,349,0.49842152055661537,0.3,0.425,-2.6,-0.7,2.55,3.3,5.15,4.0,1.0,1.0,-0.125,-1.9000000000000001,-0.75,1.1500000000000004,0.0,away,7.0
20260726-Yomiuri_Giants-Hanshin_Tigers,2026-07-26 18:00:00,2026,Yomiuri Giants,Hanshin Tigers,0.0,1.0,Final,甲子園,361,360,0.4932884227786008,0.55,0.6,0.3,0.3,3.2,3.7,2.9,3.4,1.0,1.0,-0.04999999999999993,0.0,-0.5,-0.5,0.0,home,1.0
20260728-パ・リーグ-セ・リーグ,2026-07-28 18:30:00,2026,パ・リーグ,セ・リーグ,7.0,5.0,Final,東京ドーム,4,4,0.4527535999453464,0.25,0.75,-2.0,2.0,7.25,9.25,9.25,7.25,369.0,369.0,-0.5,-4.0,-2.0,2.0,0.0,away,12.0
20260729-セ・リーグ-パ・リーグ,2026-07-29 18:30:00,2026,セ・リーグ,パ・リーグ,8.0,7.0,Final,富 山,5,5,0.6319845548369084,0.8,0.2,2.0,-2.0,8.8,6.8,6.8,8.8,1.0,1.0,0.6000000000000001,4.0,2.000000000000001,-2.000000000000001,0.0,away,15.0
20260731-Chiba_Lotte_Marines-Hokkaido_Nippon-Ham_Fighters,2026-07-31 18:00:00,2026,Chiba Lotte Marines,Hokkaido Nippon-Ham Fighters,1.0,6.0,Final,エスコンＦ,370,353,0.6760465569902815,0.55,0.35,0.65,-0.15,4.4,3.95,3.75,4.1,5.0,5.0,0.20000000000000007,0.8,0.4500000000000002,-0.34999999999999964,0.0,home,7.0
20260731-Chunichi_Dragons-Hiroshima_Toyo_Carp,2026-07-31 18:00:00,2026,Chunichi Dragons,Hiroshima Toyo Carp,1.0,3.0,Final,マツダスタジアム,350,355,0.47310986126576837,0.425,0.5,-0.8,0.3,3.15,3.6,3.95,3.3,5.0,5.0,-0.07500000000000001,-1.1,-0.4500000000000002,0.6500000000000004,0.0,home,4.0
20260731-Fukuoka_SoftBank_Hawks-Tohoku_Rakuten_Golden_Eagles,2026-07-31 18:00:00,2026,Fukuoka SoftBank Hawks,Tohoku Rakuten Golden Eagles,,,Postponed,楽天モバイル,352,373,0.2815454643767453,0.45,0.7,-0.9,2.2,3.45,5.4,4.35,3.2,5.0,5.0,-0.24999999999999994,-3.1,-1.9500000000000002,1.1499999999999995,0.0,,
20260731-Hanshin_Tigers-Tokyo_Yakult_Swallows,2026-07-31 18:00:00,2026,Hanshin Tigers,Tokyo Yakult Swallows,4.0,3.0,Final,神 宮,354,362,0.3212635851800162,0.3,0.6,-2.4,0.4,2.6,3.15,5.0,2.75,5.0,5.0,-0.3,-2.8,-0.5499999999999998,2.25,0.0,away,7.0
20260731-Orix_Buffaloes-Saitama_Seibu_Lions,2026-07-31 18:00:00,2026,Orix Buffaloes,Saitama Seibu Lions,5.0,4.0,Final,ベルーナドーム,357,357,0.5744193678489025,0.475,0.425,-0.65,-1.65,3.6,3.45,4.25,5.1,5.0,5.0,0.04999999999999999,0.9999999999999999,0.1499999999999999,-0.8499999999999996,0.0,away,9.0
20260731-Yokohama_DeNA_BayStars-Yomiuri_Giants,2026-07-31 18:00:00,2026,Yokohama DeNA BayStars,Yomiuri Giants,0.0,6.0,Final,東京ドーム,361,396,0.6116274720469342,0.6,0.6,0.3,2.45,3.7,5.4,3.4,2.95,5.0,5.0,0.0,-2.1500000000000004,-1.7000000000000002,0.44999999999999973,0.0,home,6.0
20260801-Chiba_Lotte_Marines-Hokkaido_Nippon-Ham_Fighters,2026-08-01 14:00:00,2026,Chiba Lotte Marines,Hokkaido Nippon-Ham Fighters,5.0,3.0,Final,エスコンＦ,371,354,0.698484673104871,0.55,0.3,0.6,-0.65,4.4,3.75,3.8,4.4,1.0,1.0,0.25000000000000006,1.25,0.6500000000000004,-0.6000000000000005,0.0,away,8.0
20260801-Orix_Buffaloes-Saitama_Seibu_Lions,2026-08-01 17:00:00,2026,Orix Buffaloes,Saitama Seibu Lions,1.0,4.0,Final,ベルーナドーム,358,358,0.5391842753060307,0.475,0.475,-0.15,-1.2,3.8,3.65,3.95,4.85,1.0,1.0,0.0,1.05,0.1499999999999999,-0.8999999999999995,0.0,home,5.0
20260801-Chunichi_Dragons-Hiroshima_Toyo_Carp,2026-08-01 18:00:00,2026,Chunichi Dragons,Hiroshima Toyo Carp,7.0,1.0,Final,マツダスタジアム,351,356,0.5082662099972862,0.45,0.45,-0.7,0.15,3.15,3.55,3.85,3.4,1.0,1.0,0.0,-0.85,-0.3999999999999999,0.4500000000000002,0.0,away,8.0
20260801-Fukuoka_SoftBank_Hawks-Tohoku_Rakuten_Golden_Eagles,2026-08-01 18:00:00,2026,Fukuoka SoftBank Hawks,Tohoku Rakuten Golden Eagles,5.0,0.0,Final,楽天モバイル,352,373,0.2815454643767453,0.45,0.7,-0.9,2.2,3.45,5.4,4.35,3.2,6.0,6.0,-0.24999999999999994,-3.1,-1.9500000000000002,1.1499999999999995,0.0,away,5.0
20260801-Hanshin_Tigers-Tokyo_Yakult_Swallows,2026-08-01 18:00:00,2026,Hanshin Tigers,Tokyo Yakult Swallows,7.0,3.0,Final,神 宮,355,363,0.3040972228290866,0.3,0.65,-1.9,0.65,2.7,3.3,4.6,2.65,1.0,1.0,-0.35000000000000003,-2.55,-0.5999999999999996,1.9499999999999997,0.0,away,10.0
20260801-Yokohama_DeNA_BayStars-Yomiuri_Giants,2026-08-01 18:00:00,2026,Yokohama DeNA BayStars,Yomiuri Giants,8.0,7.0,Final,東京ドーム,362,397,0.6425637447449966,0.65,0.55,0.65,1.9,3.95,5.05,3.3,3.15,1.0,1.0,0.09999999999999998,-1.25,-1.0999999999999996,0.1499999999999999,0.0,away,15.0
20260802-Chiba_Lotte_Marines-Hokkaido_Nippon-Ham_Fighters,2026-08-02 13:00:00,2026,Chiba Lotte Marines,Hokkaido Nippon-Ham Fighters,0.0,3.0,Final,エスコンＦ,372,355,0.6578048727709749,0.5,0.35,0.1,-0.5,4.1,3.9,4.0,4.4,1.0,1.0,0.15000000000000002,0.6,0.19999999999999973,-0.40000000000000036,0.0,home,3.0
20260802-Yokohama_DeNA_BayStars-Yomiuri_Giants,2026-08-02 14:00:00,2026,Yokohama DeNA BayStars,Yomiuri Giants,2.0,1.0,Final,東京ドーム,363,398,0.6050893878299015,0.6,0.55,0.55,1.4,4.25,4.85,3.7,3.45,1.0,1.0,0.04999999999999993,-0.8499999999999999,-0.5999999999999996,0.25,0.0,away,3.0
20260802-Fukuoka_SoftBank_Hawks-Tohoku_Rakuten_Golden_Eagles,2026-08-02 16:00:00,2026,Fukuoka SoftBank Hawks,Tohoku Rakuten Golden Eagles,10.0,6.0,Final,楽天モバイル,353,374,0.2635558659705705,0.45,0.7,-1.0,2.4,3.35,5.5,4.35,3.1,1.0,1.0,-0.24999999999999994,-3.4,-2.15,1.2499999999999996,0.0,away,16.0
20260802-Orix_Buffaloes-Saitama_Seibu_Lions,2026-08-02 17:00:00,2026,Orix Buffaloes,Saitama Seibu Lions,1.0,5.0,Final,ベルーナドーム,359,359,0.5716610740136916,0.525,0.45,0.1,-1.35,3.95,3.5,3.85,4.85,1.0,1.0,0.07500000000000001,1.4500000000000002,0.4500000000000002,-0.9999999999999996,0.0,home,6.0
20260802-Chunichi_Dragons-Hiroshima_Toyo_Carp,2026-08-02 18:00:00,2026,Chunichi Dragons,Hiroshima Toyo Carp,3.0,4.0,Final,マツダスタジアム,352,357,0.465022120361737,0.4,0.5,-1.2,0.5,2.95,3.9,4.15,3.4,1.0,1.0,-0.09999999999999998,-1.7,-0.9499999999999997,0.7500000000000004,0.0,home,7.0
20260802-Hanshin_Tigers-Tokyo_Yakult_Swallows,2026-08-02 18:00:00,2026,Hanshin Tigers,Tokyo Yakult Swallows,4.0,3.0,Final,神 宮,356,364,0.28489877078933845,0.3,0.65,-2.0,0.75,2.65,3.35,4.65,2.6,1.0,1.0,-0.35000000000000003,-2.75,-0.7000000000000002,2.0500000000000003,0.0,away,7.0
20260803-Tohoku_Rakuten_Golden_Eagles-Orix_Buffaloes,2026-08-03 18:00:00,2026,Tohoku Rakuten Golden Eagles,Orix Buffaloes,6.0,9.0,Final,東京ドーム,360,354,0.5568098745558083,0.4,0.45,-1.65,-0.95,3.4,3.65,5.05,4.6,1.0,1.0,-0.04999999999999999,-0.7,-0.25,0.4500000000000002,0.0,home,15.0
20260804-Hanshin_Tigers-Yokohama_DeNA_BayStars,2026-08-04 17:45:00,2026,Hanshin Tigers,Yokohama DeNA BayStars,0.0,1.0,Final,横 浜,399,365,0.4401489027407372,0.55,0.7,1.35,0.85,4.65,3.4,3.3,2.55,2.0,2.0,-0.1499999999999999,0.5000000000000001,1.2500000000000004,0.75,0.0,home,1.0
20260804-Hokkaido_Nippon-Ham_Fighters-Fukuoka_SoftBank_Hawks,2026-08-04 18:00:00,2026,Hokkaido Nippon-Ham Fighters,Fukuoka SoftBank Hawks,0.0,1.0,Final,京セラD大阪,375,373,0.6506833108503081,0.75,0.55,2.95,0.65,5.95,4.25,3.0,3.6,2.0,2.0,0.19999999999999996,2.3000000000000003,1.7000000000000002,-0.6000000000000001,0.0,home,1.0
20260804-Saitama_Seibu_Lions-Chiba_Lotte_Marines,2026-08-04 18:00:00,2026,Saitama Seibu Lions,Chiba Lotte Marines,3.0,5.0,Final,ZOZOマリン,356,360,0.44475832621132266,0.3,0.55,-1.0,0.3,3.5,4.0,4.5,3.7,2.0,2.0,-0.25000000000000006,-1.3,-0.5,0.7999999999999998,0.0,home,8.0
20260804-Tokyo_Yakult_Swallows-Chunichi_Dragons,2026-08-04 18:00:00,2026,Tokyo Yakult Swallows,Chunichi Dragons,3.0,4.0,Final,バンテリンドーム,358,357,0.6580499313737138,0.5,0.3,0.65,-2.0,4.05,2.65,3.4,4.65,2.0,2.0,0.2,2.65,1.4,-1.2500000000000004,0.0,home,7.0
20260804-Yomiuri_Giants-Hiroshima_Toyo_Carp,2026-08-04 18:00:00,2026,Yomiuri Giants,Hiroshima Toyo Carp,3.0,4.0,Final,マツダスタジアム,353,364,0.40629310900643034,0.45,0.55,-1.05,0.45,2.95,4.1,4.0,3.65,2.0,2.0,-0.10000000000000003,-1.5,-1.1499999999999995,0.3500000000000001,0.0,home,7.0
20260805-Hanshin_Tigers-Yokohama_DeNA_BayStars,2026-08-05 17:45:00,2026,Hanshin Tigers,Yokohama DeNA BayStars,7.0,11.0,Final,横 浜,400,366,0.47468804424809086,0.55,0.65,1.2,0.65,4.5,3.2,3.3,2.55,1.0,1.0,-0.09999999999999998,0.5499999999999999,1.2999999999999998,0.75,0.0,home,18.0
20260805-Hokkaido_Nippon-Ham_Fighters-Fukuoka_SoftBank_Hawks,2026-08-05 18:00:00,2026,Hokkaido Nippon-Ham Fighters,Fukuoka SoftBank Hawks,5.0,7.0,Final,みずほPayPay,376,374,0.6701606893398863,0.75,0.55,2.75,0.75,5.65,4.2,2.9,3.45,1.0,1.0,0.19999999999999996,2.0,1.4500000000000002,-0.5500000000000003,0.0,home,12.0
20260805-Saitama_Seibu_Lions-Chiba_Lotte_Marines,2026-08-05 18:00:00,2026,Saitama Seibu Lions,Chiba Lotte Marines,0.0,8.0,Final,ZOZOマリン,357,361,0.4816164303913807,0.35,0.55,-0.65,0.3,3.65,4.1,4.3,3.8,1.0,1.0,-0.20000000000000007,-0.95,-0.44999999999999973,0.5,0.0,home,8.0
20260805-Tohoku_Rakuten_Golden_Eagles-Orix_Buffaloes,2026-08-05 18:00:00,2026,Tohoku Rakuten Golden Eagles,Orix Buffaloes,1.0,3.0,Final,京セラD大阪,361,355,0.5877725703836725,0.45,0.4,-1.35,-1.5,3.7,3.55,5.05,5.05,2.0,2.0,0.04999999999999999,0.1499999999999999,0.15000000000000036,0.0,0.0,home,4.0
20260805-Tokyo_Yakult_Swallows-Chunichi_Dragons,2026-08-05 18:00:00,2026,Tokyo Yakult Swallows,Chunichi Dragons,1.0,4.0,Final,バンテリンドーム,359,358,0.6769197425675341,0.55,0.3,0.75,-2.0,4.1,2.65,3.35,4.65,1.0,1.0,0.25000000000000006,2.75,1.4499999999999997,-1.3000000000000003,0.0,home,5.0
20260805-Yomiuri_Giants-Hiroshima_Toyo_Carp,2026-08-05 18:00:00,2026,Yomiuri Giants,Hiroshima Toyo Carp,4.0,0.0,Final,マツダスタジアム,354,365,0.44234056334002964,0.45,0.55,-1.05,0.55,2.95,4.2,4.0,3.65,1.0,1.0,-0.10000000000000003,-1.6,-1.25,0.3500000000000001,0.0,away,4.0
20260806-Hanshin_Tigers-Yokohama_DeNA_BayStars,2026-08-06 17:45:00,2026,Hanshin Tigers,Yokohama DeNA BayStars,10.0,5.0,Final,横 浜,401,367,0.5145782456313337,0.55,0.6,1.35,0.05,4.85,3.05,3.5,3.0,1.0,1.0,-0.04999999999999993,1.3,1.7999999999999998,0.5,0.0,away,15.0
20260806-Hokkaido_Nippon-Ham_Fighters-Fukuoka_SoftBank_Hawks,2026-08-06 18:00:00,2026,Hokkaido Nippon-Ham Fighters,Fukuoka SoftBank Hawks,6.0,2.0,Final,みずほPayPay,377,375,0.6893349472526529,0.75,0.5,2.7,0.5,5.7,4.15,3.0,3.65,1.0,1.0,0.25,2.2,1.5499999999999998,-0.6499999999999999,0.0,away,8.0
20260806-Tohoku_Rakuten_Golden_Eagles-Orix_Buffaloes,2026-08-06 18:00:00,2026,Tohoku Rakuten Golden Eagles,Orix Buffaloes,3.0,1.0,Final,京セラD大阪,362,356,0.6141690203097261,0.45,0.35,-1.3,-1.75,3.7,3.4,5.0,5.15,1.0,1.0,0.10000000000000003,0.44999999999999996,0.30000000000000027,-0.15000000000000036,0.0,away,4.0
20260806-Tokyo_Yakult_Swallows-Chunichi_Dragons,2026-08-06 18:00:00,2026,Tokyo Yakult Swallows,Chunichi Dragons,0.0,5.0,Final,バンテリンドーム,360,359,0.6967561029787883,0.55,0.25,0.85,-2.2,4.1,2.65,3.25,4.85,1.0,1.0,0.30000000000000004,3.0500000000000003,1.4499999999999997,-1.5999999999999996,0.0,home,5.0
20260806-Yomiuri_Giants-Hiroshima_Toyo_Carp,2026-08-06 18:00:00,2026,Yomiuri Giants,Hiroshima Toyo Carp,11.0,7.0,Final,マツダスタジアム,355,366,0.4094803747763043,0.4,0.6,-1.3,1.15,2.75,4.3,4.05,3.15,1.0,1.0,-0.19999999999999996,-2.45,-1.5499999999999998,0.8999999999999999,0.0,away,18.0
20260807-Chunichi_Dragons-Hanshin_Tigers,2026-08-07 18:00:00,2026,Chunichi Dragons,Hanshin Tigers,3.0,2.0,Final,京セラD大阪,368,361,0.6172492060889182,0.65,0.55,0.35,0.65,3.5,3.85,3.15,3.2,1.0,1.0,0.09999999999999998,-0.30000000000000004,-0.3500000000000001,-0.050000000000000266,0.0,away,5.0
20260807-Fukuoka_SoftBank_Hawks-Saitama_Seibu_Lions,2026-08-07 18:00:00,2026,Fukuoka SoftBank Hawks,Saitama Seibu Lions,5.0,2.0,Final,ベルーナドーム,362,378,0.30085006915614015,0.5,0.75,-0.35,2.55,3.8,5.7,4.15,3.15,2.0,1.0,-0.25,-2.9,-1.9000000000000004,1.0000000000000004,1.0,away,7.0
20260807-Hiroshima_Toyo_Carp-Yokohama_DeNA_BayStars,2026-08-07 18:00:00,2026,Hiroshima Toyo Carp,Yokohama DeNA BayStars,1.0,2.0,Final,横 浜,402,356,0.6388990631769826,0.55,0.4,1.15,-1.45,4.95,3.1,3.8,4.55,1.0,1.0,0.15000000000000002,2.5999999999999996,1.85,-0.75,0.0,home,3.0
20260807-Orix_Buffaloes-Chiba_Lotte_Marines,2026-08-07 18:00:00,2026,Orix Buffaloes,Chiba Lotte Marines,6.0,2.0,Final,ZOZOマリン,358,363,0.5535837710433348,0.35,0.45,-0.65,-1.3,3.55,3.45,4.2,4.75,2.0,1.0,-0.10000000000000003,0.65,0.09999999999999964,-0.5499999999999998,1.0,away,8.0
20260807-Tohoku_Rakuten_Golden_Eagles-Hokkaido_Nippon-Ham_Fighters,2026-08-07 18:00:00,2026,Tohoku Rakuten Golden Eagles,Hokkaido Nippon-Ham Fighters,2.0,3.0,Final,エスコンＦ,376,357,0.7077730054370284,0.55,0.4,1.1,-1.5,4.35,3.4,3.25,4.9,1.0,1.0,0.15000000000000002,2.6,0.9499999999999997,-1.6500000000000004,0.0,home,5.0
20260807-Tokyo_Yakult_Swallows-Yomiuri_Giants,2026-08-07 18:00:00,2026,Tokyo Yakult Swallows,Yomiuri Giants,1.0,0.0,Final,東京ドーム,367,360,0.7720587996853671,0.65,0.2,1.6,-2.5,4.55,2.55,2.95,5.05,1.0,1.0,0.45,4.1,2.0,-2.0999999999999996,0.0,away,1.0
20260808-Tohoku_Rakuten_Golden_Eagles-Hokkaido_Nippon-Ham_Fighters,2026-08-08 15:00:00,2026,Tohoku Rakuten Golden Eagles,Hokkaido Nippon-Ham Fighters,6.0,0.0,Final,エスコンＦ,377,358,0.7225735421428252,0.55,0.4,0.9,-1.3,4.15,3.45,3.25,4.75,1.0,1.0,0.15000000000000002,2.2,0.7000000000000002,-1.5,0.0,away,6.0
20260808-Tokyo_Yakult_Swallows-Yomiuri_Giants,2026-08-08 15:00:00,2026,Tokyo Yakult Swallows,Yomiuri Giants,2.0,8.0,Final,東京ドーム,368,361,0.7365237115390305,0.6,0.25,1.5,-2.4,4.3,2.55,2.8,4.95,1.0,1.0,0.35,3.9,1.75,-2.1500000000000004,0.0,home,10.0
20260808-Chunichi_Dragons-Hanshin_Tigers,2026-08-08 18:00:00,2026,Chunichi Dragons,Hanshin Tigers,7.0,1.0,Final,京セラD大阪,369,362,0.5803941688007938,0.6,0.55,0.25,0.35,3.5,3.6,3.25,3.25,1.0,1.0,0.04999999999999993,-0.09999999999999998,-0.10000000000000009,0.0,0.0,away,8.0
20260808-Fukuoka_SoftBank_Hawks-Saitama_Seibu_Lions,2026-08-08 18:00:00,2026,Fukuoka SoftBank Hawks,Saitama Seibu Lions,1.0,2.0,Final,ベルーナドーム,363,379,0.2830967750720564,0.5,0.8,-0.35,2.8,3.8,5.8,4.15,3.0,1.0,1.0,-0.30000000000000004,-3.15,-2.0,1.1500000000000004,0.0,home,3.0
20260808-Hiroshima_Toyo_Carp-Yokohama_DeNA_BayStars,2026-08-08 18:00:00,2026,Hiroshima Toyo Carp,Yokohama DeNA BayStars,3.0,4.0,Final,横 浜,403,357,0.6593473727874607,0.55,0.4,0.95,-1.05,4.5,3.1,3.55,4.15,1.0,1.0,0.15000000000000002,2.0,1.4,-0.6000000000000005,0.0,home,7.0
20260808-Orix_Buffaloes-Chiba_Lotte_Marines,2026-08-08 18:00:00,2026,Orix Buffaloes,Chiba Lotte Marines,1.0,4.0,Final,ZOZOマリン,359,364,0.5117239480239553,0.35,0.45,-0.6,-1.35,3.55,3.35,4.15,4.7,1.0,1.0,-0.10000000000000003,0.7500000000000001,0.19999999999999973,-0.5499999999999998,0.0,home,5.0
20260809-Tohoku_Rakuten_Golden_Eagles-Hokkaido_Nippon-Ham_Fighters,2026-08-09 14:00:00,2026,Tohoku Rakuten Golden Eagles,Hokkaido Nippon-Ham Fighters,0.0,1.0,Final,エスコンＦ,378,359,0.6706271297771166,0.55,0.4,0.65,-1.15,4.1,3.5,3.45,4.65,1.0,1.0,0.15000000000000002,1.7999999999999998,0.5999999999999996,-1.2000000000000002,0.0,home,1.0
20260809-Tokyo_Yakult_Swallows-Yomiuri_Giants,2026-08-09 14:00:00,2026,Tokyo Yakult Swallows,Yomiuri Giants,3.0,7.0,Final,東京ドーム,369,362,0.7535741318760002,0.6,0.25,1.75,-2.55,4.5,2.65,2.75,5.2,1.0,1.0,0.35,4.3,1.85,-2.45,0.0,home,10.0
20260809-Fukuoka_SoftBank_Hawks-Saitama_Seibu_Lions,2026-08-09 17:00:00,2026,Fukuoka SoftBank Hawks,Saitama Seibu Lions,5.0,0.0,Final,ベルーナドーム,364,380,0.32063107658650675,0.5,0.75,-0.35,2.4,3.8,5.4,4.15,3.0,1.0,1.0,-0.25,-2.75,-1.6000000000000005,1.1500000000000004,0.0,away,5.0
20260809-Orix_Buffaloes-Chiba_Lotte_Marines,2026-08-09 17:00:00,2026,Orix Buffaloes,Chiba Lotte Marines,2.0,7.0,Final,ZOZOマリン,360,365,0.5464450287788641,0.35,0.4,-0.55,-1.75,3.35,3.05,3.9,4.8,1.0,1.0,-0.050000000000000044,1.2,0.30000000000000027,-0.8999999999999999,0.0,home,9.0
20260809-Chunichi_Dragons-Hanshin_Tigers,2026-08-09 18:00:00,2026,Chunichi Dragons,Hanshin Tigers,0.0,1.0,Final,京セラD大阪,370,363,0.5316086590812352,0.55,0.6,-0.2,0.85,3.4,3.9,3.6,3.05,1.0,1.0,-0.04999999999999993,-1.05,-0.5,0.5500000000000003,0.0,home,1.0
20260809-Hiroshima_Toyo_Carp-Yokohama_DeNA_BayStars,2026-08-09 18:00:00,2026,Hiroshima Toyo Carp,Yokohama DeNA BayStars,0.0,3.0,Final,横 浜,404,358,0.6781101794632199,0.6,0.4,1.05,-0.75,4.5,3.2,3.45,3.95,1.0,1.0,0.19999999999999996,1.8,1.2999999999999998,-0.5,0.0,home,3.0
20260811-Chiba_Lotte_Marines-Fukuoka_SoftBank_Hawks,2026-08-11 14:00:00,2026,Chiba Lotte Marines,Fukuoka SoftBank Hawks,2.0,16.0,Final,みずほPayPay,381,361,0.7345898683981344,0.75,0.4,2.5,-0.05,5.5,3.55,3.0,3.6,2.0,2.0,0.35,2.55,1.9500000000000002,-0.6000000000000001,0.0,home,18.0
20260811-Hanshin_Tigers-Yomiuri_Giants,2026-08-11 14:00:00,2026,Hanshin Tigers,Yomiuri Giants,9.0,1.0,Final,東京ドーム,370,371,0.5365446216601804,0.65,0.55,2.0,-0.3,4.65,3.2,2.65,3.5,2.0,2.0,0.09999999999999998,2.3,1.4500000000000002,-0.8500000000000001,0.0,away,10.0
20260811-Saitama_Seibu_Lions-Hokkaido_Nippon-Ham_Fighters,2026-08-11 14:00:00,2026,Saitama Seibu Lions,Hokkaido Nippon-Ham Fighters,1.0,0.0,Final,エスコンＦ,379,365,0.6366388135193469,0.55,0.5,0.4,-0.3,3.75,3.7,3.35,4.0,2.0,2.0,0.050000000000000044,0.7,0.04999999999999982,-0.6499999999999999,0.0,away,1.0
20260811-Yokohama_DeNA_BayStars-Chunichi_Dragons,2026-08-11 14:00:00,2026,Yokohama DeNA BayStars,Chunichi Dragons,2.0,5.0,Final,バンテリンドーム,364,405,0.48981244804985496,0.6,0.65,0.95,1.25,3.8,4.5,2.85,3.25,2.0,2.0,-0.050000000000000044,-0.30000000000000004,-0.7000000000000002,-0.3999999999999999,0.0,home,7.0
20260811-Hiroshima_Toyo_Carp-Tokyo_Yakult_Swallows,2026-08-11 18:00:00,2026,Hiroshima Toyo Carp,Tokyo Yakult Swallows,,,Postponed,神 宮,363,359,0.44098865236111273,0.2,0.35,-2.8,-1.1,2.55,2.95,5.35,4.05,2.0,2.0,-0.14999999999999997,-1.6999999999999997,-0.40000000000000036,1.2999999999999998,0.0,,
20260811-Orix_Buffaloes-Tohoku_Rakuten_Golden_Eagles,2026-08-11 18:00:00,2026,Orix Buffaloes,Tohoku Rakuten Golden Eagles,9.0,1.0,Final,楽天モバイル,360,366,0.5084855235470868,0.35,0.4,-1.3,-1.9,3.25,3.1,4.55,5.0,2.0,2.0,-0.050000000000000044,0.5999999999999999,0.1499999999999999,-0.4500000000000002,0.0,away,10.0
20260812-Chiba_Lotte_Marines-Fukuoka_SoftBank_Hawks,2026-08-12 18:00:00,2026,Chiba Lotte Marines,Fukuoka SoftBank Hawks,4.0,10.0,Final,みずほPayPay,382,362,0.7532119425800962,0.75,0.4,3.1,-0.5,6.1,3.55,3.0,4.05,1.0,1.0,0.35,3.6,2.55,-1.0499999999999998,0.0,home,14.0
20260812-Hanshin_Tigers-Yomiuri_Giants,2026-08-12 18:00:00,2026,Hanshin Tigers,Yomiuri Giants,5.0,1.0,Final,東京ドーム,371,372,0.48719511988493847,0.6,0.6,1.3,0.15,4.3,3.4,3.0,3.25,1.0,1.0,0.0,1.1500000000000001,0.8999999999999999,-0.25,0.0,away,6.0
20260812-Hiroshima_Toyo_Carp-Tokyo_Yakult_Swallows,2026-08-12 18:00:00,2026,Hiroshima Toyo Carp,Tokyo Yakult Swallows,0.0,12.0,Final,神 宮,363,359,0.44098865236111273,0.2,0.35,-2.8,-1.1,2.55,2.95,5.35,4.05,3.0,3.0,-0.14999999999999997,-1.6999999999999997,-0.40000000000000036,1.2999999999999998,0.0,home,12.0
20260812-Orix_Buffaloes-Tohoku_Rakuten_Golden_Eagles,2026-08-12 18:00:00,2026,Orix Buffaloes,Tohoku Rakuten Golden Eagles,2.0,7.0,Final,楽天モバイル,361,367,0.4617280991729006,0.35,0.45,-1.35,-1.45,3.2,3.45,4.55,4.9,1.0,1.0,-0.10000000000000003,0.09999999999999987,-0.25,-0.35000000000000053,0.0,home,9.0
20260812-Saitama_Seibu_Lions-Hokkaido_Nippon-Ham_Fighters,2026-08-12 18:00:00,2026,Saitama Seibu Lions,Hokkaido Nippon-Ham Fighters,5.0,2.0,Final,エスコンＦ,380,366,0.5992848771301443,0.55,0.5,0.9,-0.8,3.7,3.15,2.8,3.95,1.0,1.0,0.050000000000000044,1.7000000000000002,0.5500000000000003,-1.1500000000000004,0.0,away,7.0
20260812-Yokohama_DeNA_BayStars-Chunichi_Dragons,2026-08-12 18:00:00,2026,Yokohama DeNA BayStars,Chunichi Dragons,6.0,3.0,Final,バンテリンドーム,365,406,0.5262042647683883,0.6,0.6,1.05,1.05,3.75,4.35,2.7,3.3,1.0,1.0,0.0,0.0,-0.5999999999999996,-0.5999999999999996,0.0,away,9.0
20260813-Chiba_Lotte_Marines-Fukuoka_SoftBank_Hawks,2026-08-13 18:00:00,2026,Chiba Lotte Marines,Fukuoka SoftBank Hawks,4.0,3.0,Final,みずほPayPay,383,363,0.768510164809595,0.8,0.4,3.45,-0.75,6.3,3.7,2.85,4.45,1.0,1.0,0.4,4.2,2.5999999999999996,-1.6,0.0,away,7.0
20260813-Hanshin_Tigers-Yomiuri_Giants,2026-08-13 18:00:00,2026,Hanshin Tigers,Yomiuri Giants,3.0,2.0,Final,東京ドーム,372,373,0.4503369416341318,0.55,0.6,1.0,0.25,4.2,3.5,3.2,3.25,1.0,1.0,-0.04999999999999993,0.75,0.7000000000000002,-0.04999999999999982,0.0,away,5.0
20260813-Hiroshima_Toyo_Carp-Tokyo_Yakult_Swallows,2026-08-13 18:00:00,2026,Hiroshima Toyo Carp,Tokyo Yakult Swallows,,,Postponed,神 宮,364,360,0.49219982337406176,0.25,0.35,-1.9,-1.65,3.05,2.75,4.95,4.4,1.0,1.0,-0.09999999999999998,-0.25,0.2999999999999998,0.5499999999999998,0.0,,
20260813-Orix_Buffaloes-Tohoku_Rakuten_Golden_Eagles,2026-08-13 18:00:00,2026,Orix Buffaloes,Tohoku Rakuten Golden Eagles,8.0,2.0,Final,楽天モバイル,362,368,0.5050325108532487,0.4,0.45,-0.95,-1.5,3.55,3.15,4.5,4.65,1.0,1.0,-0.04999999999999999,0.55,0.3999999999999999,-0.15000000000000036,0.0,away,10.0
20260813-Saitama_Seibu_Lions-Hokkaido_Nippon-Ham_Fighters,2026-08-13 18:00:00,2026,Saitama Seibu Lions,Hokkaido Nippon-Ham Fighters,2.0,8.0,Final,エスコンＦ,381,367,0.557587852588158,0.55,0.5,0.85,-0.7,3.7,3.3,2.85,4.0,1.0,1.0,0.050000000000000044,1.5499999999999998,0.40000000000000036,-1.15,0.0,home,10.0
20260813-Yokohama_DeNA_BayStars-Chunichi_Dragons,2026-08-13 18:00:00,2026,Yokohama DeNA BayStars,Chunichi Dragons,5.0,1.0,Final,バンテリンドーム,366,407,0.48866970273582994,0.6,0.65,1.0,1.3,3.85,4.45,2.85,3.15,1.0,1.0,-0.050000000000000044,-0.30000000000000004,-0.6000000000000001,-0.2999999999999998,0.0,away,6.0
20260814-Chiba_Lotte_Marines-Saitama_Seibu_Lions,2026-08-14 18:00:00,2026,Chiba Lotte Marines,Saitama Seibu Lions,0.0,7.0,Final,ベルーナドーム,368,364,0.5332979809657763,0.45,0.45,-1.2,-0.5,3.05,3.75,4.25,4.25,1.0,1.0,0.0,-0.7,-0.7000000000000002,0.0,0.0,home,7.0
20260814-Hanshin_Tigers-Hiroshima_Toyo_Carp,2026-08-14 18:00:00,2026,Hanshin Tigers,Hiroshima Toyo Carp,1.0,6.0,Final,マツダスタジアム,360,374,0.28686493659633644,0.35,0.6,-1.65,0.2,2.75,3.45,4.4,3.25,2.0,1.0,-0.25,-1.8499999999999999,-0.7000000000000002,1.1500000000000004,1.0,home,7.0
20260814-Hokkaido_Nippon-Ham_Fighters-Orix_Buffaloes,2026-08-14 18:00:00,2026,Hokkaido Nippon-Ham Fighters,Orix Buffaloes,2.0,6.0,Final,京セラD大阪,369,382,0.4257535901890288,0.5,0.55,-0.85,1.1,3.55,3.75,4.4,2.65,1.0,1.0,-0.050000000000000044,-1.9500000000000002,-0.20000000000000018,1.7500000000000004,0.0,home,8.0
20260814-Tohoku_Rakuten_Golden_Eagles-Fukuoka_SoftBank_Hawks,2026-08-14 18:00:00,2026,Tohoku Rakuten Golden Eagles,Fukuoka SoftBank Hawks,5.0,2.0,Final,みずほPayPay,384,363,0.8029700842166391,0.75,0.35,3.2,-1.35,6.15,3.5,2.95,4.85,1.0,1.0,0.4,4.550000000000001,2.6500000000000004,-1.8999999999999995,0.0,away,7.0
20260814-Yokohama_DeNA_BayStars-Tokyo_Yakult_Swallows,2026-08-14 18:00:00,2026,Yokohama DeNA BayStars,Tokyo Yakult Swallows,2.0,7.0,Final,神 宮,364,408,0.2823966591799249,0.25,0.65,-1.9,1.1,3.05,4.1,4.95,3.0,2.0,1.0,-0.4,-3.0,-1.0499999999999998,1.9500000000000002,1.0,home,9.0
20260814-Yomiuri_Giants-Chunichi_Dragons,2026-08-14 18:00:00,2026,Yomiuri Giants,Chunichi Dragons,1.0,0.0,Final,バンテリンドーム,367,373,0.5270198355109046,0.6,0.5,0.95,0.8,3.85,4.1,2.9,3.3,1.0,1.0,0.09999999999999998,0.1499999999999999,-0.24999999999999956,-0.3999999999999999,0.0,away,1.0
20260815-Hokkaido_Nippon-Ham_Fighters-Orix_Buffaloes,2026-08-15 14:00:00,2026,Hokkaido Nippon-Ham Fighters,Orix Buffaloes,12.0,4.0,Final,京セラD大阪,370,383,0.46887512800263087,0.55,0.55,-0.45,1.1,3.8,3.75,4.25,2.65,1.0,1.0,0.0,-1.55,0.04999999999999982,1.6,0.0,away,16.0
20260815-Tohoku_Rakuten_Golden_Eagles-Fukuoka_SoftBank_Hawks,2026-08-15 14:00:00,2026,Tohoku Rakuten Golden Eagles,Fukuoka SoftBank Hawks,6.0,4.0,Final,みずほPayPay,385,364,0.7641733072597854,0.7,0.35,3.0,-1.25,6.0,3.6,3.0,4.85,1.0,1.0,0.35,4.25,2.4,-1.8499999999999996,0.0,away,10.0
20260815-Yomiuri_Giants-Chunichi_Dragons,2026-08-15 14:00:00,2026,Yomiuri Giants,Chunichi Dragons,2.0,11.0,Final,バンテリンドーム,368,374,0.49428171644493796,0.55,0.55,0.7,1.05,3.6,4.1,2.9,3.05,1.0,1.0,0.0,-0.3500000000000001,-0.49999999999999956,-0.1499999999999999,0.0,home,13.0
20260815-Chiba_Lotte_Marines-Saitama_Seibu_Lions,2026-08-15 17:00:00,2026,Chiba Lotte Marines,Saitama Seibu Lions,5.0,1.0,Final,ベルーナドーム,369,365,0.5746943496707397,0.5,0.4,-0.8,-0.9,3.25,3.55,4.05,4.45,1.0,1.0,0.09999999999999998,0.09999999999999998,-0.2999999999999998,-0.40000000000000036,0.0,away,6.0
20260815-Hanshin_Tigers-Hiroshima_Toyo_Carp,2026-08-15 18:00:00,2026,Hanshin Tigers,Hiroshima Toyo Carp,2.0,5.0,Final,マツダスタジアム,361,375,0.33608907817931144,0.35,0.6,-1.5,0.0,2.75,3.45,4.25,3.45,1.0,1.0,-0.25,-1.5,-0.7000000000000002,0.7999999999999998,0.0,home,7.0
20260815-Yokohama_DeNA_BayStars-Tokyo_Yakult_Swallows,2026-08-15 18:00:00,2026,Yokohama DeNA BayStars,Tokyo Yakult Swallows,3.0,4.0,Final,神 宮,365,409,0.3315293153301787,0.3,0.6,-1.55,0.45,3.35,3.8,4.9,3.35,1.0,1.0,-0.3,-2.0,-0.44999999999999973,1.5500000000000003,0.0,home,7.0
20260816-Hokkaido_Nippon-Ham_Fighters-Orix_Buffaloes,2026-08-16 13:00:00,2026,Hokkaido Nippon-Ham Fighters,Orix Buffaloes,13.0,7.0,Final,京セラD大阪,371,384,0.42619303684547244,0.5,0.55,-1.0,1.15,3.85,4.0,4.85,2.85,1.0,1.0,-0.050000000000000044,-2.15,-0.1499999999999999,1.9999999999999996,0.0,away,20.0
20260816-Tohoku_Rakuten_Golden_Eagles-Fukuoka_SoftBank_Hawks,2026-08-16 13:00:00,2026,Tohoku Rakuten Golden Eagles,Fukuoka SoftBank Hawks,1.0,6.0,Final,みずほPayPay,386,365,0.7254356739175905,0.65,0.35,2.75,-1.35,6.05,3.3,3.3,4.65,1.0,1.0,0.30000000000000004,4.1,2.75,-1.3500000000000005,0.0,home,7.0
20260816-Yomiuri_Giants-Chunichi_Dragons,2026-08-16 13:30:00,2026,Yomiuri Giants,Chunichi Dragons,11.0,0.0,Final,バンテリンドーム,369,375,0.5407691292008598,0.6,0.5,1.4,0.35,4.1,3.9,2.7,3.55,1.0,1.0,0.09999999999999998,1.0499999999999998,0.19999999999999973,-0.8499999999999996,0.0,away,11.0
20260816-Chiba_Lotte_Marines-Saitama_Seibu_Lions,2026-08-16 17:00:00,2026,Chiba Lotte Marines,Saitama Seibu Lions,1.0,7.0,Final,ベルーナドーム,370,366,0.5315472716139749,0.5,0.45,-0.95,-0.65,3.2,3.6,4.15,4.25,1.0,1.0,0.04999999999999999,-0.29999999999999993,-0.3999999999999999,-0.09999999999999964,0.0,home,8.0
20260816-Hanshin_Tigers-Hiroshima_Toyo_Carp,2026-08-16 18:00:00,2026,Hanshin Tigers,Hiroshima Toyo Carp,8.0,1.0,Final,マツダスタジアム,362,376,0.3796082023966238,0.4,0.55,-1.25,-0.25,2.9,3.35,4.15,3.6,1.0,1.0,-0.15000000000000002,-1.0,-0.4500000000000002,0.5500000000000003,0.0,away,9.0
20260816-Yokohama_DeNA_BayStars-Tokyo_Yakult_Swallows,2026-08-16 18:00:00,2026,Yokohama DeNA BayStars,Tokyo Yakult Swallows,1.0,2.0,Final,神 宮,366,410,0.3693417945678906,0.35,0.55,-1.1,0.2,3.35,3.7,4.45,3.5,1.0,1.0,-0.20000000000000007,-1.3,-0.3500000000000001,0.9500000000000002,0.0,home,3.0
20260818-Fukuoka_SoftBank_Hawks-Hokkaido_Nippon-Ham_Fighters,2026-08-18 14:00:00,2026,Fukuoka SoftBank Hawks,Hokkaido Nippon-Ham Fighters,7.0,1.0,Final,エスコンＦ,385,387,0.4380407286104392,0.55,0.65,1.25,2.95,4.4,6.1,3.15,3.15,2.0,2.0,-0.09999999999999998,-1.7000000000000002,-1.6999999999999993,0.0,0.0,away,8.0
20260818-Yomiuri_Giants-Yokohama_DeNA_BayStars,2026-08-18 17:45:00,2026,Yomiuri Giants,Yokohama DeNA BayStars,3.0,4.0,Final,横 浜,411,376,0.5169901110505908,0.5,0.5,-0.2,0.8,3.4,4.3,3.6,3.5,2.0,2.0,0.0,-1.0,-0.8999999999999999,0.10000000000000009,0.0,home,7.0
20260818-Chiba_Lotte_Marines-Tohoku_Rakuten_Golden_Eagles,2026-08-18 18:00:00,2026,Chiba Lotte Marines,Tohoku Rakuten Golden Eagles,2.0,6.0,Final,楽天モバイル,366,367,0.49192814050959965,0.3,0.45,-1.65,-0.8,3.2,3.65,4.85,4.45,2.0,2.0,-0.15000000000000002,-0.8499999999999999,-0.44999999999999973,0.39999999999999947,0.0,home,8.0
20260818-Chunichi_Dragons-Hiroshima_Toyo_Carp,2026-08-18 18:00:00,2026,Chunichi Dragons,Hiroshima Toyo Carp,4.0,11.0,Final,マツダスタジアム,363,370,0.4344408606708174,0.35,0.55,-1.65,0.75,2.85,3.9,4.5,3.15,2.0,2.0,-0.20000000000000007,-2.4,-1.0499999999999998,1.35,0.0,home,15.0
20260818-Orix_Buffaloes-Saitama_Seibu_Lions,2026-08-18 18:00:00,2026,Orix Buffaloes,Saitama Seibu Lions,4.0,7.0,Final,東京ドーム,371,372,0.6011996428783279,0.5,0.45,-0.8,-1.35,3.25,4.1,4.05,5.45,2.0,2.0,0.04999999999999999,0.55,-0.8499999999999996,-1.4000000000000004,0.0,home,11.0
20260818-Tokyo_Yakult_Swallows-Hanshin_Tigers,2026-08-18 18:00:00,2026,Tokyo Yakult Swallows,Hanshin Tigers,2.0,3.0,Final,京セラD大阪,377,367,0.7044350526563237,0.6,0.4,0.45,-0.65,3.75,3.45,3.3,4.1,2.0,2.0,0.19999999999999996,1.1,0.2999999999999998,-0.7999999999999998,0.0,home,5.0
20260819-Fukuoka_SoftBank_Hawks-Hokkaido_Nippon-Ham_Fighters,2026-08-19 14:00:00,2026,Fukuoka SoftBank Hawks,Hokkaido Nippon-Ham Fighters,7.0,8.0,Final,エスコンＦ,386,388,0.4016982264765918,0.55,0.7,1.1,3.3,4.45,6.4,3.35,3.1,1.0,1.0,-0.1499999999999999,-2.1999999999999997,-1.9500000000000002,0.25,0.0,home,15.0
20260819-Yomiuri_Giants-Yokohama_DeNA_BayStars,2026-08-19 17:45:00,2026,Yomiuri Giants,Yokohama DeNA BayStars,0.0,1.0,Final,横 浜,412,377,0.5468871164775795,0.55,0.45,-0.1,0.45,3.55,3.9,3.65,3.45,1.0,1.0,0.10000000000000003,-0.55,-0.3500000000000001,0.19999999999999973,0.0,home,1.0
20260819-Chiba_Lotte_Marines-Tohoku_Rakuten_Golden_Eagles,2026-08-19 18:00:00,2026,Chiba Lotte Marines,Tohoku Rakuten Golden Eagles,2.0,5.0,Final,楽天モバイル,367,368,0.5304955377481392,0.35,0.45,-1.3,-0.95,3.35,3.55,4.65,4.5,1.0,1.0,-0.10000000000000003,-0.3500000000000001,-0.19999999999999973,0.15000000000000036,0.0,home,7.0
20260819-Chunichi_Dragons-Hiroshima_Toyo_Carp,2026-08-19 18:00:00,2026,Chunichi Dragons,Hiroshima Toyo Carp,1.0,4.0,Final,マツダスタジアム,364,371,0.4848535487420036,0.4,0.5,-1.2,0.05,3.3,3.55,4.5,3.5,1.0,1.0,-0.09999999999999998,-1.25,-0.25,1.0,0.0,home,5.0
20260819-Orix_Buffaloes-Saitama_Seibu_Lions,2026-08-19 18:00:00,2026,Orix Buffaloes,Saitama Seibu Lions,2.0,3.0,Final,ベルーナドーム,372,373,0.6281601334501764,0.5,0.45,-0.7,-0.5,3.35,4.2,4.05,4.7,1.0,1.0,0.04999999999999999,-0.19999999999999996,-0.8500000000000001,-0.6500000000000004,0.0,home,5.0
20260819-Tokyo_Yakult_Swallows-Hanshin_Tigers,2026-08-19 18:00:00,2026,Tokyo Yakult Swallows,Hanshin Tigers,1.0,2.0,Final,京セラD大阪,378,368,0.7195051640337323,0.6,0.4,0.45,-0.5,3.8,3.5,3.35,4.0,1.0,1.0,0.19999999999999996,0.95,0.2999999999999998,-0.6499999999999999,0.0,home,3.0
20260820-Fukuoka_SoftBank_Hawks-Hokkaido_Nippon-Ham_Fighters,2026-08-20 14:00:00,2026,Fukuoka SoftBank Hawks,Hokkaido Nippon-Ham Fighters,5.0,5.0,Final,エスコンＦ,387,389,0.43791975516212256,0.6,0.65,1.2,2.25,4.7,5.65,3.5,3.4,1.0,1.0,-0.050000000000000044,-1.05,-0.9500000000000002,0.10000000000000009,0.0,draw,10.0
20260820-Yomiuri_Giants-Yokohama_DeNA_BayStars,2026-08-20 17:45:00,2026,Yomiuri Giants,Yokohama DeNA BayStars,6.0,3.0,Final,横 浜,413,378,0.5746333963922986,0.6,0.45,0.0,0.65,3.4,3.85,3.4,3.2,1.0,1.0,0.14999999999999997,-0.65,-0.4500000000000002,0.19999999999999973,0.0,away,9.0
20260820-Chiba_Lotte_Marines-Tohoku_Rakuten_Golden_Eagles,2026-08-20 18:00:00,2026,Chiba Lotte Marines,Tohoku Rakuten Golden Eagles,4.0,3.0,Final,楽天モバイル,368,369,0.56369872154089,0.4,0.4,-1.1,-1.5,3.4,3.15,4.5,4.65,1.0,1.0,0.0,0.3999999999999999,0.25,-0.15000000000000036,0.0,away,7.0
20260820-Chunichi_Dragons-Hiroshima_Toyo_Carp,2026-08-20 18:00:00,2026,Chunichi Dragons,Hiroshima Toyo Carp,1.0,2.0,Final,マツダスタジアム,365,372,0.5216066733376027,0.45,0.5,-0.95,0.05,3.45,3.35,4.4,3.3,1.0,1.0,-0.04999999999999999,-1.0,0.10000000000000009,1.1000000000000005,0.0,home,3.0
20260820-Orix_Buffaloes-Saitama_Seibu_Lions,2026-08-20 18:00:00,2026,Orix Buffaloes,Saitama Seibu Lions,3.0,1.0,Final,ベルーナドーム,373,374,0.6494905605369438,0.5,0.45,-0.7,-0.5,3.3,4.05,4.0,4.55,1.0,1.0,0.04999999999999999,-0.19999999999999996,-0.75,-0.5499999999999998,0.0,away,4.0
20260820-Tokyo_Yakult_Swallows-Hanshin_Tigers,2026-08-20 18:00:00,2026,Tokyo Yakult Swallows,Hanshin Tigers,4.0,1.0,Final,京セラD大阪,379,369,0.7333647590678498,0.6,0.4,0.45,-0.45,3.65,3.45,3.2,3.9,1.0,1.0,0.19999999999999996,0.9,0.19999999999999973,-0.6999999999999997,0.0,away,5.0
20260821-Hanshin_Tigers-Yokohama_DeNA_BayStars,2026-08-21 18:00:00,2026,Hanshin Tigers,Yokohama DeNA BayStars,4.0,1.0,Final,横 浜,414,380,0.4806398917353854,0.6,0.6,-0.1,0.4,3.45,3.6,3.55,3.2,1.0,1.0,0.0,-0.5,-0.1499999999999999,0.34999999999999964,0.0,away,5.0
20260821-Hiroshima_Toyo_Carp-Yomiuri_Giants,2026-08-21 18:00:00,2026,Hiroshima Toyo Carp,Yomiuri Giants,0.0,2.0,Final,東京ドーム,379,366,0.5928999801631845,0.45,0.5,0.7,-0.6,3.95,3.3,3.25,3.9,1.0,1.0,-0.04999999999999999,1.2999999999999998,0.6500000000000004,-0.6499999999999999,0.0,home,2.0
20260821-Hokkaido_Nippon-Ham_Fighters-Chiba_Lotte_Marines,2026-08-21 18:00:00,2026,Hokkaido Nippon-Ham Fighters,Chiba Lotte Marines,3.0,4.0,Final,ZOZOマリン,370,388,0.4014994688225435,0.45,0.575,-1.4,0.75,3.2,4.4,4.6,3.65,1.0,1.0,-0.12499999999999994,-2.15,-1.2000000000000002,0.9499999999999997,0.0,home,7.0
20260821-Saitama_Seibu_Lions-Tohoku_Rakuten_Golden_Eagles,2026-08-21 18:00:00,2026,Saitama Seibu Lions,Tohoku Rakuten Golden Eagles,6.0,4.0,Final,楽天モバイル,369,374,0.46370450543648917,0.4,0.5,-0.75,-0.35,3.45,3.25,4.2,3.6,1.0,1.0,-0.09999999999999998,-0.4,0.20000000000000018,0.6000000000000001,0.0,away,10.0
20260821-Tokyo_Yakult_Swallows-Chunichi_Dragons,2026-08-21 18:00:00,2026,Tokyo Yakult Swallows,Chunichi Dragons,0.0,3.0,Final,バンテリンドーム,373,370,0.5589804244622408,0.45,0.45,-0.05,0.05,3.25,3.45,3.3,3.4,1.0,1.0,0.0,-0.1,-0.20000000000000018,-0.10000000000000009,0.0,home,3.0
20260822-Hiroshima_Toyo_Carp-Yomiuri_Giants,2026-08-22 14:00:00,2026,Hiroshima Toyo Carp,Yomiuri Giants,0.0,5.0,Final,東京ドーム,380,367,0.6188578444918644,0.45,0.45,0.6,-0.95,3.8,3.0,3.2,3.95,1.0,1.0,0.0,1.5499999999999998,0.7999999999999998,-0.75,0.0,home,5.0
20260822-Orix_Buffaloes-Fukuoka_SoftBank_Hawks,2026-08-22 14:00:00,2026,Orix Buffaloes,Fukuoka SoftBank Hawks,1.0,7.0,Final,みずほPayPay,390,375,0.7401352030521305,0.625,0.45,2.2,-0.45,5.6,4.05,3.4,4.5,2.0,2.0,0.175,2.6500000000000004,1.5499999999999998,-1.1,0.0,home,8.0
20260822-Tokyo_Yakult_Swallows-Chunichi_Dragons,2026-08-22 14:00:00,2026,Tokyo Yakult Swallows,Chunichi Dragons,4.0,5.0,Final,バンテリンドーム,374,371,0.5897532310209265,0.5,0.4,0.35,-0.25,3.4,3.05,3.05,3.3,1.0,1.0,0.09999999999999998,0.6,0.3500000000000001,-0.25,0.0,home,9.0
20260822-Hanshin_Tigers-Yokohama_DeNA_BayStars,2026-08-22 18:00:00,2026,Hanshin Tigers,Yokohama DeNA BayStars,,,Postponed,横 浜,415,381,0.4465273375404117,0.55,0.65,-0.5,0.75,3.25,3.75,3.75,3.0,1.0,1.0,-0.09999999999999998,-1.25,-0.5,0.75,0.0,,
20260822-Hokkaido_Nippon-Ham_Fighters-Chiba_Lotte_Marines,2026-08-22 18:00:00,2026,Hokkaido Nippon-Ham Fighters,Chiba Lotte Marines,,,Postponed,ZOZOマリン,371,389,0.4377283521746794,0.5,0.525,-1.3,0.65,3.3,4.35,4.6,3.7,1.0,1.0,-0.025000000000000022,-1.9500000000000002,-1.0499999999999998,0.8999999999999995,0.0,,
20260822-Saitama_Seibu_Lions-Tohoku_Rakuten_Golden_Eagles,2026-08-22 18:00:00,2026,Saitama Seibu Lions,Tohoku Rakuten Golden Eagles,2.0,0.0,Final,楽天モバイル,370,375,0.43308061896147804,0.35,0.55,-0.9,-0.05,3.45,3.4,4.35,3.45,1.0,1.0,-0.20000000000000007,-0.85,0.050000000000000266,0.8999999999999995,0.0,away,2.0
20260823-Orix_Buffaloes-Fukuoka_SoftBank_Hawks,2026-08-23 13:00:00,2026,Orix Buffaloes,Fukuoka SoftBank Hawks,3.0,0.0,Final,みずほPayPay,391,376,0.7568025627920089,0.625,0.4,2.3,-0.85,5.6,3.85,3.3,4.7,1.0,1.0,0.22499999999999998,3.15,1.7499999999999996,-1.4000000000000004,0.0,away,3.0
20260823-Tokyo_Yakult_Swallows-Chunichi_Dragons,2026-08-23 13:30:00,2026,Tokyo Yakult Swallows,Chunichi Dragons,2.0,3.0,Final,バンテリンドーム,375,372,0.6141913911227072,0.5,0.35,0.2,-0.4,3.4,3.0,3.2,3.4,1.0,1.0,0.15000000000000002,0.6000000000000001,0.3999999999999999,-0.19999999999999973,0.0,home,5.0
20260823-Hiroshima_Toyo_Carp-Yomiuri_Giants,2026-08-23 14:00:00,2026,Hiroshima Toyo Carp,Yomiuri Giants,3.0,2.0,Final,東京ドーム,381,368,0.6473860337906615,0.5,0.45,0.9,-1.1,4.05,2.85,3.15,3.95,1.0,1.0,0.04999999999999999,2.0,1.1999999999999997,-0.8000000000000003,0.0,away,5.0
20260823-Saitama_Seibu_Lions-Tohoku_Rakuten_Golden_Eagles,2026-08-23 16:00:00,2026,Saitama Seibu Lions,Tohoku Rakuten Golden Eagles,3.0,1.0,Final,楽天モバイル,371,376,0.40492899875785254,0.35,0.55,-0.95,-0.05,3.3,3.1,4.25,3.15,1.0,1.0,-0.20000000000000007,-0.8999999999999999,0.19999999999999973,1.1,0.0,away,4.0
20260823-Hokkaido_Nippon-Ham_Fighters-Chiba_Lotte_Marines,2026-08-23 17:00:00,2026,Hokkaido Nippon-Ham Fighters,Chiba Lotte Marines,2.0,3.0,Final,ZOZOマリン,371,389,0.4377283521746794,0.5,0.525,-1.3,0.65,3.3,4.35,4.6,3.7,2.0,2.0,-0.025000000000000022,-1.9500000000000002,-1.0499999999999998,0.8999999999999995,0.0,home,5.0
20260823-Hanshin_Tigers-Yokohama_DeNA_BayStars,2026-08-23 18:00:00,2026,Hanshin Tigers,Yokohama DeNA BayStars,5.0,3.0,Final,横 浜,415,381,0.4465273375404117,0.55,0.65,-0.5,0.75,3.25,3.75,3.75,3.0,2.0,2.0,-0.09999999999999998,-1.25,-0.5,0.75,0.0,away,8.0
20260825-Fukuoka_SoftBank_Hawks-Chiba_Lotte_Marines,2026-08-25 18:00:00,2026,Fukuoka SoftBank Hawks,Chiba Lotte Marines,9.0,0.0,Final,ZOZOマリン,372,392,0.3678219000069875,0.55,0.625,-1.15,2.25,3.3,5.3,4.45,3.05,2.0,2.0,-0.07499999999999996,-3.4,-2.0,1.4000000000000004,0.0,away,9.0
20260825-Hanshin_Tigers-Chunichi_Dragons,2026-08-25 18:00:00,2026,Hanshin Tigers,Chunichi Dragons,2.0,4.0,Final,バンテリンドーム,376,382,0.3973485463415706,0.55,0.65,0.35,0.8,3.5,3.95,3.15,3.15,2.0,2.0,-0.09999999999999998,-0.45000000000000007,-0.4500000000000002,0.0,0.0,home,6.0
20260825-Hokkaido_Nippon-Ham_Fighters-Saitama_Seibu_Lions,2026-08-25 18:00:00,2026,Hokkaido Nippon-Ham Fighters,Saitama Seibu Lions,1.0,3.0,Final,ベルーナドーム,377,390,0.5449773782623121,0.6,0.475,0.2,0.4,3.25,4.15,3.05,3.75,2.0,2.0,0.125,-0.2,-0.9000000000000004,-0.7000000000000002,0.0,home,4.0
20260825-Tohoku_Rakuten_Golden_Eagles-Orix_Buffaloes,2026-08-25 18:00:00,2026,Tohoku Rakuten Golden Eagles,Orix Buffaloes,5.0,1.0,Final,京セラD大阪,377,372,0.5707986148583352,0.45,0.35,-0.65,-0.85,3.9,3.25,4.55,4.1,2.0,2.0,0.10000000000000003,0.19999999999999996,0.6499999999999999,0.4500000000000002,0.0,away,6.0
20260825-Yokohama_DeNA_BayStars-Hiroshima_Toyo_Carp,2026-08-25 18:00:00,2026,Yokohama DeNA BayStars,Hiroshima Toyo Carp,7.0,8.0,Final,マツダスタジアム,369,416,0.48142215186435366,0.5,0.55,-1.0,-0.4,2.95,3.35,3.95,3.75,2.0,2.0,-0.050000000000000044,-0.6,-0.3999999999999999,0.20000000000000018,0.0,home,15.0
20260825-Yomiuri_Giants-Tokyo_Yakult_Swallows,2026-08-25 18:00:00,2026,Yomiuri Giants,Tokyo Yakult Swallows,8.0,6.0,Final,神 宮,373,382,0.36466608734219413,0.3,0.45,-0.5,0.55,3.0,3.85,3.5,3.3,2.0,2.0,-0.15000000000000002,-1.05,-0.8500000000000001,0.20000000000000018,0.0,away,14.0
20260826-Fukuoka_SoftBank_Hawks-Chiba_Lotte_Marines,2026-08-26 18:00:00,2026,Fukuoka SoftBank Hawks,Chiba Lotte Marines,5.0,6.0,Final,ZOZOマリン,373,393,0.336912679665262,0.5,0.625,-1.65,2.55,3.15,5.6,4.8,3.05,1.0,1.0,-0.125,-4.199999999999999,-2.4499999999999997,1.75,0.0,home,11.0
20260826-Hanshin_Tigers-Chunichi_Dragons,2026-08-26 18:00:00,2026,Hanshin Tigers,Chunichi Dragons,0.0,4.0,Final,バンテリンドーム,377,383,0.43645619867085117,0.55,0.6,0.15,0.65,3.35,3.85,3.2,3.2,1.0,1.0,-0.04999999999999993,-0.5,-0.5,0.0,0.0,home,4.0
20260826-Hokkaido_Nippon-Ham_Fighters-Saitama_Seibu_Lions,2026-08-26 18:00:00,2026,Hokkaido Nippon-Ham Fighters,Saitama Seibu Lions,9.0,1.0,Final,ベルーナドーム,378,391,0.5749151414569533,0.65,0.425,0.35,0.05,3.2,3.9,2.85,3.85,1.0,1.0,0.22500000000000003,0.3,-0.6999999999999997,-1.0,0.0,away,10.0
20260826-Tohoku_Rakuten_Golden_Eagles-Orix_Buffaloes,2026-08-26 18:00:00,2026,Tohoku Rakuten Golden Eagles,Orix Buffaloes,5.0,7.0,Final,京セラD大阪,378,373,0.5278763094958092,0.4,0.4,-0.9,-0.4,3.7,3.5,4.6,3.9,1.0,1.0,0.0,-0.5,0.20000000000000018,0.6999999999999997,0.0,home,12.0
20260826-Yokohama_DeNA_BayStars-Hiroshima_Toyo_Carp,2026-08-26 18:00:00,2026,Yokohama DeNA BayStars,Hiroshima Toyo Carp,2.0,3.0,Final,マツダスタジアム,370,417,0.5136500827497513,0.5,0.55,-1.0,-0.15,3.15,3.7,4.15,3.85,1.0,1.0,-0.050000000000000044,-0.85,-0.5500000000000003,0.30000000000000027,0.0,home,5.0
20260826-Yomiuri_Giants-Tokyo_Yakult_Swallows,2026-08-26 18:00:00,2026,Yomiuri Giants,Tokyo Yakult Swallows,5.0,3.0,Final,神 宮,374,383,0.34241043250635605,0.3,0.5,-0.55,0.7,3.15,3.9,3.7,3.2,1.0,1.0,-0.2,-1.25,-0.75,0.5,0.0,away,8.0
20260827-Fukuoka_SoftBank_Hawks-Chiba_Lotte_Marines,2026-08-27 18:00:00,2026,Fukuoka SoftBank Hawks,Chiba Lotte Marines,4.0,2.0,Final,ZOZOマリン,374,394,0.37468100927651043,0.55,0.575,-1.35,2.25,3.4,5.6,4.75,3.35,1.0,1.0,-0.02499999999999991,-3.6,-2.1999999999999997,1.4,0.0,away,6.0
20260827-Hanshin_Tigers-Chunichi_Dragons,2026-08-27 18:00:00,2026,Hanshin Tigers,Chunichi Dragons,4.0,3.0,Final,バンテリンドーム,378,384,0.4789442497834218,0.6,0.55,0.4,0.25,3.4,3.5,3.0,3.25,1.0,1.0,0.04999999999999993,0.15000000000000002,-0.10000000000000009,-0.25,0.0,away,7.0
20260827-Tohoku_Rakuten_Golden_Eagles-Orix_Buffaloes,2026-08-27 18:00:00,2026,Tohoku Rakuten Golden Eagles,Orix Buffaloes,12.0,4.0,Final,京セラD大阪,379,374,0.5591529755947526,0.45,0.4,-0.65,-0.3,4.0,3.45,4.65,3.75,1.0,1.0,0.04999999999999999,-0.35000000000000003,0.5499999999999998,0.9000000000000004,0.0,away,16.0
20260827-Yokohama_DeNA_BayStars-Hiroshima_Toyo_Carp,2026-08-27 18:00:00,2026,Yokohama DeNA BayStars,Hiroshima Toyo Carp,6.0,1.0,Final,マツダスタジアム,371,418,0.5437773705904536,0.5,0.5,-1.05,-0.25,3.15,3.4,4.2,3.65,1.0,1.0,0.0,-0.8,-0.25,0.5500000000000003,0.0,away,7.0
20260827-Yomiuri_Giants-Tokyo_Yakult_Swallows,2026-08-27 18:00:00,2026,Yomiuri Giants,Tokyo Yakult Swallows,9.0,2.0,Final,神 宮,375,384,0.3221238180994346,0.3,0.55,-0.6,0.85,3.15,4.1,3.75,3.25,1.0,1.0,-0.25000000000000006,-1.45,-0.9499999999999997,0.5,0.0,away,11.0
20260828-Chiba_Lotte_Marines-Hokkaido_Nippon-Ham_Fighters,2026-08-28 18:00:00,2026,Chiba Lotte Marines,Hokkaido Nippon-Ham Fighters,4.0,6.0,Final,エスコンＦ,392,375,0.6037944733345975,0.475,0.5,0.55,-1.55,4.2,3.25,3.65,4.8,2.0,1.0,-0.025000000000000022,2.1,0.9500000000000002,-1.15,1.0,home,10.0
20260828-Chunichi_Dragons-Yokohama_DeNA_BayStars,2026-08-28 18:00:00,2026,Chunichi Dragons,Yokohama DeNA BayStars,2.0,4.0,Final,横 浜,419,379,0.5134455340767891,0.5,0.55,-0.05,0.3,3.6,3.35,3.65,3.05,1.0,1.0,-0.050000000000000044,-0.35,0.25,0.6000000000000001,0.0,home,6.0
20260828-Fukuoka_SoftBank_Hawks-Orix_Buffaloes,2026-08-28 18:00:00,2026,Fukuoka SoftBank Hawks,Orix Buffaloes,2.0,0.0,Final,京セラD大阪,380,395,0.299238680808198,0.45,0.575,-0.85,2.15,4.15,5.3,5.0,3.15,1.0,1.0,-0.12499999999999994,-3.0,-1.1499999999999995,1.85,0.0,away,2.0
20260828-Tohoku_Rakuten_Golden_Eagles-Saitama_Seibu_Lions,2026-08-28 18:00:00,2026,Tohoku Rakuten Golden Eagles,Saitama Seibu Lions,4.0,8.0,Final,ベルーナドーム,379,375,0.6344966647710373,0.6,0.45,-0.2,0.25,3.05,3.75,3.25,3.5,2.0,1.0,0.14999999999999997,-0.45,-0.7000000000000002,-0.25,1.0,home,12.0
20260828-Tokyo_Yakult_Swallows-Hiroshima_Toyo_Carp,2026-08-28 18:00:00,2026,Tokyo Yakult Swallows,Hiroshima Toyo Carp,3.0,1.0,Final,マツダスタジアム,372,376,0.6555597134712211,0.5,0.3,-1.0,-0.75,3.15,3.1,4.15,3.85,1.0,1.0,0.2,-0.25,0.04999999999999982,0.30000000000000027,0.0,away,4.0
20260828-Yomiuri_Giants-Hanshin_Tigers,2026-08-28 18:00:00,2026,Yomiuri Giants,Hanshin Tigers,1.0,4.0,Final,甲子園,385,385,0.5407608161458572,0.55,0.6,0.25,1.25,3.5,4.4,3.25,3.15,1.0,1.0,-0.04999999999999993,-1.0,-0.9000000000000004,0.10000000000000009,0.0,home,5.0
20260829-Chiba_Lotte_Marines-Hokkaido_Nippon-Ham_Fighters,2026-08-29 14:00:00,2026,Chiba Lotte Marines,Hokkaido Nippon-Ham Fighters,7.0,9.0,Final,エスコンＦ,393,376,0.628812834109754,0.475,0.5,0.5,-1.5,4.35,3.45,3.85,4.95,1.0,1.0,-0.025000000000000022,2.0,0.8999999999999995,-1.1,0.0,home,16.0
20260829-Tohoku_Rakuten_Golden_Eagles-Saitama_Seibu_Lions,2026-08-29 17:00:00,2026,Tohoku Rakuten Golden Eagles,Saitama Seibu Lions,0.0,1.0,Final,ベルーナドーム,380,376,0.6598550098516247,0.6,0.45,-0.2,0.15,3.2,3.9,3.4,3.75,1.0,1.0,0.14999999999999997,-0.35,-0.6999999999999997,-0.3500000000000001,0.0,home,1.0
20260829-Chunichi_Dragons-Yokohama_DeNA_BayStars,2026-08-29 18:00:00,2026,Chunichi Dragons,Yokohama DeNA BayStars,0.0,1.0,Final,横 浜,420,380,0.5458096092060363,0.5,0.5,0.0,0.05,3.75,3.25,3.75,3.2,1.0,1.0,0.0,-0.05,0.5,0.5499999999999998,0.0,home,1.0
20260829-Fukuoka_SoftBank_Hawks-Orix_Buffaloes,2026-08-29 18:00:00,2026,Fukuoka SoftBank Hawks,Orix Buffaloes,3.0,4.0,Final,京セラD大阪,381,396,0.2827518054573557,0.4,0.575,-1.1,2.2,3.7,5.35,4.8,3.15,1.0,1.0,-0.17499999999999993,-3.3000000000000003,-1.6499999999999995,1.65,0.0,home,7.0
20260829-Tokyo_Yakult_Swallows-Hiroshima_Toyo_Carp,2026-08-29 18:00:00,2026,Tokyo Yakult Swallows,Hiroshima Toyo Carp,9.0,1.0,Final,マツダスタジアム,373,377,0.615021263393436,0.45,0.35,-1.15,-0.6,3.0,3.1,4.15,3.7,1.0,1.0,0.10000000000000003,-0.5499999999999999,-0.10000000000000009,0.4500000000000002,0.0,away,10.0
20260829-Yomiuri_Giants-Hanshin_Tigers,2026-08-29 18:00:00,2026,Yomiuri Giants,Hanshin Tigers,1.0,4.0,Final,甲子園,386,386,0.5731043284453331,0.6,0.55,0.45,0.9,3.7,4.25,3.25,3.35,1.0,1.0,0.04999999999999993,-0.45,-0.5499999999999998,-0.10000000000000009,0.0,home,5.0
20260830-Chiba_Lotte_Marines-Hokkaido_Nippon-Ham_Fighters,2026-08-30 13:00:00,2026,Chiba Lotte Marines,Hokkaido Nippon-Ham Fighters,4.0,5.0,Final,エスコンＦ,394,377,0.6516435039084657,0.525,0.45,0.65,-1.7,4.8,3.55,4.15,5.25,1.0,1.0,0.07500000000000001,2.35,1.25,-1.0999999999999996,0.0,home,9.0
20260830-Fukuoka_SoftBank_Hawks-Orix_Buffaloes,2026-08-30 14:00:00,2026,Fukuoka SoftBank Hawks,Orix Buffaloes,6.0,3.0,Final,京セラD大阪,382,397,0.32027947712676674,0.4,0.525,-1.15,2.05,3.75,5.15,4.9,3.1,1.0,1.0,-0.125,-3.1999999999999997,-1.4000000000000004,1.8000000000000003,0.0,away,9.0
20260830-Tohoku_Rakuten_Golden_Eagles-Saitama_Seibu_Lions,2026-08-30 17:00:00,2026,Tohoku Rakuten Golden Eagles,Saitama Seibu Lions,1.0,4.0,Final,ベルーナドーム,381,377,0.6785759520583177,0.65,0.4,-0.05,0.0,3.1,3.75,3.15,3.75,1.0,1.0,0.25,-0.05,-0.6499999999999999,-0.6000000000000001,0.0,home,5.0
20260830-Chunichi_Dragons-Yokohama_DeNA_BayStars,2026-08-30 18:00:00,2026,Chunichi Dragons,Yokohama DeNA BayStars,3.0,4.0,Final,横 浜,421,381,0.5736359588955401,0.5,0.45,-0.15,-0.25,3.25,3.0,3.4,3.25,1.0,1.0,0.04999999999999999,0.1,0.25,0.1499999999999999,0.0,home,7.0
20260830-Tokyo_Yakult_Swallows-Hiroshima_Toyo_Carp,2026-08-30 18:00:00,2026,Tokyo Yakult Swallows,Hiroshima Toyo Carp,1.0,5.0,Final,マツダスタジアム,374,378,0.5601785028660236,0.4,0.4,-1.6,-0.15,2.85,3.4,4.45,3.55,1.0,1.0,0.0,-1.4500000000000002,-0.5499999999999998,0.9000000000000004,0.0,home,6.0
20260830-Yomiuri_Giants-Hanshin_Tigers,2026-08-30 18:00:00,2026,Yomiuri Giants,Hanshin Tigers,1.0,3.0,Final,甲子園,387,387,0.6026252188371937,0.65,0.5,0.8,0.55,3.55,3.75,2.75,3.2,1.0,1.0,0.15000000000000002,0.25,-0.20000000000000018,-0.4500000000000002,0.0,home,4.0
20260901-Fukuoka_SoftBank_Hawks-Hokkaido_Nippon-Ham_Fighters,2026-09-01 18:00:00,2026,Fukuoka SoftBank Hawks,Hokkaido Nippon-Ham Fighters,1.0,2.0,Final,エスコンＦ,395,398,0.46088086386068916,0.575,0.575,0.8,2.4,4.8,5.35,4.0,2.95,2.0,2.0,0.0,-1.5999999999999999,-0.5499999999999998,1.0499999999999998,0.0,home,3.0
20260901-Hanshin_Tigers-Tokyo_Yakult_Swallows,2026-09-01 18:00:00,2026,Hanshin Tigers,Tokyo Yakult Swallows,6.0,2.0,Final,神 宮,379,388,0.2781641533207086,0.4,0.65,-0.2,0.65,3.4,3.2,3.6,2.55,2.0,2.0,-0.25,-0.8500000000000001,0.19999999999999973,1.0500000000000003,0.0,away,8.0
20260901-Hiroshima_Toyo_Carp-Chunichi_Dragons,2026-09-01 18:00:00,2026,Hiroshima Toyo Carp,Chunichi Dragons,5.0,1.0,Final,バンテリンドーム,382,375,0.5623883579389533,0.4,0.45,-0.35,-1.2,3.0,3.1,3.35,4.3,2.0,2.0,-0.04999999999999999,0.85,-0.10000000000000009,-0.9499999999999997,0.0,away,6.0
20260901-Orix_Buffaloes-Tohoku_Rakuten_Golden_Eagles,2026-09-01 18:00:00,2026,Orix Buffaloes,Tohoku Rakuten Golden Eagles,1.0,5.0,Final,秋 田,378,383,0.5128249899943125,0.4,0.4,-0.1,-1.2,3.7,3.85,3.8,5.05,2.0,2.0,0.0,1.0999999999999999,-0.1499999999999999,-1.25,0.0,home,6.0
20260901-Saitama_Seibu_Lions-Chiba_Lotte_Marines,2026-09-01 18:00:00,2026,Saitama Seibu Lions,Chiba Lotte Marines,0.0,1.0,Final,ZOZOマリン,378,382,0.3880382939548516,0.4,0.7,-2.15,0.5,3.35,3.3,5.5,2.8,2.0,2.0,-0.29999999999999993,-2.65,0.050000000000000266,2.7,0.0,home,1.0
20260901-Yokohama_DeNA_BayStars-Yomiuri_Giants,2026-09-01 18:00:00,2026,Yokohama DeNA BayStars,Yomiuri Giants,3.0,4.0,Final,京セラD大阪,388,422,0.5231461934680183,0.5,0.55,0.5,0.15,3.8,3.2,3.3,3.05,2.0,2.0,-0.050000000000000044,0.35,0.5999999999999996,0.25,0.0,home,7.0
20260902-Fukuoka_SoftBank_Hawks-Hokkaido_Nippon-Ham_Fighters,2026-09-02 18:00:00,2026,Fukuoka SoftBank Hawks,Hokkaido Nippon-Ham Fighters,1.0,1.0,Final,エスコンＦ,396,399,0.4943179225268633,0.575,0.525,0.65,2.2,4.6,5.15,3.95,2.95,1.0,1.0,0.04999999999999993,-1.5500000000000003,-0.5500000000000007,1.0,0.0,draw,2.0
20260902-Hanshin_Tigers-Tokyo_Yakult_Swallows,2026-09-02 18:00:00,2026,Hanshin Tigers,Tokyo Yakult Swallows,3.0,5.0,Final,神 宮,380,389,0.2615106077214677,0.4,0.7,-0.15,0.9,3.5,3.4,3.65,2.5,1.0,1.0,-0.29999999999999993,-1.05,0.10000000000000009,1.15,0.0,home,8.0
20260902-Hiroshima_Toyo_Carp-Chunichi_Dragons,2026-09-02 18:00:00,2026,Hiroshima Toyo Carp,Chunichi Dragons,4.0,5.0,Final,バンテリンドーム,383,376,0.5199713124835118,0.35,0.5,-0.85,-0.8,2.7,3.0,3.55,3.8,1.0,1.0,-0.15000000000000002,-0.04999999999999993,-0.2999999999999998,-0.25,0.0,home,9.0
20260902-Orix_Buffaloes-Tohoku_Rakuten_Golden_Eagles,2026-09-02 18:00:00,2026,Orix Buffaloes,Tohoku Rakuten Golden Eagles,0.0,4.0,Final,盛 岡,379,384,0.5496814698877064,0.4,0.35,-0.2,-1.6,3.65,3.6,3.85,5.2,1.0,1.0,0.050000000000000044,1.4000000000000001,0.04999999999999982,-1.35,0.0,home,4.0
20260902-Yokohama_DeNA_BayStars-Yomiuri_Giants,2026-09-02 18:00:00,2026,Yokohama DeNA BayStars,Yomiuri Giants,2.0,1.0,Final,京セラD大阪,389,423,0.5526131651117804,0.5,0.5,0.25,0.05,3.6,3.25,3.35,3.2,1.0,1.0,0.0,0.2,0.3500000000000001,0.1499999999999999,0.0,away,3.0
20260903-Hanshin_Tigers-Tokyo_Yakult_Swallows,2026-09-03 18:00:00,2026,Hanshin Tigers,Tokyo Yakult Swallows,7.0,4.0,Final,神 宮,381,390,0.3013491688889687,0.4,0.7,-0.1,1.1,3.7,3.5,3.8,2.4,1.0,1.0,-0.29999999999999993,-1.2000000000000002,0.20000000000000018,1.4,0.0,away,11.0
20260903-Hiroshima_Toyo_Carp-Chunichi_Dragons,2026-09-03 18:00:00,2026,Hiroshima Toyo Carp,Chunichi Dragons,5.0,2.0,Final,バンテリンドーム,384,377,0.5496609572041472,0.4,0.5,-0.75,-0.8,2.95,3.15,3.7,3.95,1.0,1.0,-0.09999999999999998,0.050000000000000044,-0.19999999999999973,-0.25,0.0,away,7.0
20260904-Chiba_Lotte_Marines-Orix_Buffaloes,2026-09-04 18:00:00,2026,Chiba Lotte Marines,Orix Buffaloes,1.0,3.0,Final,京セラD大阪,385,379,0.45194890945047533,0.35,0.45,-1.65,-1.9,3.55,3.3,5.2,5.2,2.0,3.0,-0.10000000000000003,0.25,0.25,0.0,-1.0,home,4.0
20260904-Chunichi_Dragons-Tokyo_Yakult_Swallows,2026-09-04 18:00:00,2026,Chunichi Dragons,Tokyo Yakult Swallows,1.0,1.0,Final,神 宮,382,385,0.4592262403330857,0.4,0.35,0.05,-1.05,3.8,2.8,3.75,3.85,1.0,1.0,0.050000000000000044,1.1,1.0,-0.10000000000000009,0.0,draw,2.0
20260904-Hokkaido_Nippon-Ham_Fighters-Tohoku_Rakuten_Golden_Eagles,2026-09-04 18:00:00,2026,Hokkaido Nippon-Ham Fighters,Tohoku Rakuten Golden Eagles,5.0,2.0,Final,楽天モバイル,380,397,0.36330629022618943,0.45,0.55,0.05,0.6,3.85,4.5,3.8,3.9,2.0,2.0,-0.10000000000000003,-0.5499999999999999,-0.6499999999999999,-0.10000000000000009,0.0,away,7.0
20260904-Saitama_Seibu_Lions-Fukuoka_SoftBank_Hawks,2026-09-04 18:00:00,2026,Saitama Seibu Lions,Fukuoka SoftBank Hawks,2.0,8.0,Final,みずほPayPay,400,383,0.6040896084552565,0.55,0.7,2.25,0.6,5.15,3.2,2.9,2.6,2.0,3.0,-0.1499999999999999,1.65,1.9500000000000002,0.2999999999999998,-1.0,home,10.0
20260904-Yomiuri_Giants-Hiroshima_Toyo_Carp,2026-09-04 18:00:00,2026,Yomiuri Giants,Hiroshima Toyo Carp,3.0,1.0,Final,マツダスタジアム,378,390,0.45709217343057507,0.55,0.45,-0.6,0.0,3.25,3.3,3.85,3.3,1.0,2.0,0.10000000000000003,-0.6,-0.04999999999999982,0.5500000000000003,-1.0,away,4.0
20260905-Chiba_Lotte_Marines-Orix_Buffaloes,2026-09-05 14:00:00,2026,Chiba Lotte Marines,Orix Buffaloes,,,Scheduled,京セラD大阪,386,380,0.4883983335628264,0.4,0.4,-1.3,-2.15,3.6,3.15,4.9,5.3,1.0,1.0,0.0,0.8499999999999999,0.4500000000000002,-0.39999999999999947,0.0,,
20260905-Saitama_Seibu_Lions-Fukuoka_SoftBank_Hawks,2026-09-05 14:00:00,2026,Saitama Seibu Lions,Fukuoka SoftBank Hawks,,,Scheduled,みずほPayPay,401,384,0.6358632437849697,0.55,0.65,2.3,0.25,5.3,3.2,3.0,2.95,1.0,1.0,-0.09999999999999998,2.05,2.0999999999999996,0.04999999999999982,0.0,,
20260905-Chunichi_Dragons-Tokyo_Yakult_Swallows,2026-09-05 18:00:00,2026,Chunichi Dragons,Tokyo Yakult Swallows,,,Scheduled,神 宮,383,386,0.46155863394702534,0.425,0.375,0.25,-0.9,3.7,2.7,3.45,3.6,1.0,1.0,0.04999999999999999,1.15,1.0,-0.1499999999999999,0.0,,
20260905-Hokkaido_Nippon-Ham_Fighters-Tohoku_Rakuten_Golden_Eagles,2026-09-05 18:00:00,2026,Hokkaido Nippon-Ham Fighters,Tohoku Rakuten Golden Eagles,,,Scheduled,楽天モバイル,381,398,0.3396680453481162,0.45,0.6,0.3,1.05,3.9,4.75,3.6,3.7,1.0,1.0,-0.14999999999999997,-0.75,-0.8500000000000001,-0.10000000000000009,0.0,,
20260905-Yokohama_DeNA_BayStars-Hanshin_Tigers,2026-09-05 18:00:00,2026,Yokohama DeNA BayStars,Hanshin Tigers,,,Scheduled,甲子園,391,424,0.6171158885962014,0.7,0.5,1.2,0.05,3.8,3.15,2.6,3.1,2.0,3.0,0.19999999999999996,1.15,0.6499999999999999,-0.5,-1.0,,
20260905-Yomiuri_Giants-Hiroshima_Toyo_Carp,2026-09-05 18:00:00,2026,Yomiuri Giants,Hiroshima Toyo Carp,,,Scheduled,マツダスタジアム,379,391,0.42698971136062414,0.55,0.5,-0.55,0.5,3.3,3.4,3.85,2.9,1.0,1.0,0.050000000000000044,-1.05,-0.10000000000000009,0.9500000000000002,0.0,,
20260906-Chiba_Lotte_Marines-Orix_Buffaloes,2026-09-06 13:00:00,2026,Chiba Lotte Marines,Orix Buffaloes,,,Scheduled,京セラD大阪,386,380,0.4883983335628264,0.4,0.4,-1.3,-2.15,3.6,3.15,4.9,5.3,2.0,2.0,0.0,0.8499999999999999,0.4500000000000002,-0.39999999999999947,0.0,,
20260906-Saitama_Seibu_Lions-Fukuoka_SoftBank_Hawks,2026-09-06 13:00:00,2026,Saitama Seibu Lions,Fukuoka SoftBank Hawks,,,Scheduled,みずほPayPay,401,384,0.6358632437849697,0.55,0.65,2.3,0.25,5.3,3.2,3.0,2.95,2.0,2.0,-0.09999999999999998,2.05,2.0999999999999996,0.04999999999999982,0.0,,
20260906-Hokkaido_Nippon-Ham_Fighters-Tohoku_Rakuten_Golden_Eagles,2026-09-06 16:00:00,2026,Hokkaido Nippon-Ham Fighters,Tohoku Rakuten Golden Eagles,,,Scheduled,楽天モバイル,381,398,0.3396680453481162,0.45,0.6,0.3,1.05,3.9,4.75,3.6,3.7,2.0,2.0,-0.14999999999999997,-0.75,-0.8500000000000001,-0.10000000000000009,0.0,,
20260906-Chunichi_Dragons-Tokyo_Yakult_Swallows,2026-09-06 17:00:00,2026,Chunichi Dragons,Tokyo Yakult Swallows,,,Scheduled,神 宮,383,386,0.46155863394702534,0.425,0.375,0.25,-0.9,3.7,2.7,3.45,3.6,2.0,2.0,0.04999999999999999,1.15,1.0,-0.1499999999999999,0.0,,
20260906-Yokohama_DeNA_BayStars-Hanshin_Tigers,2026-09-06 18:00:00,2026,Yokohama DeNA BayStars,Hanshin Tigers,,,Scheduled,甲子園,391,424,0.6171158885962014,0.7,0.5,1.2,0.05,3.8,3.15,2.6,3.1,3.0,4.0,0.19999999999999996,1.15,0.6499999999999999,-0.5,-1.0,,
20260906-Yomiuri_Giants-Hiroshima_Toyo_Carp,2026-09-06 18:00:00,2026,Yomiuri Giants,Hiroshima Toyo Carp,,,Scheduled,マツダスタジアム,379,391,0.42698971136062414,0.55,0.5,-0.55,0.5,3.3,3.4,3.85,2.9,2.0,2.0,0.050000000000000044,-1.05,-0.10000000000000009,0.9500000000000002,0.0,,
20260908-Chunichi_Dragons-Yomiuri_Giants,2026-09-08 18:00:00,2026,Chunichi Dragons,Yomiuri Giants,,,Scheduled,東京ドーム,391,386,0.632003085184998,0.5,0.375,0.5,-0.9,3.4,2.7,2.9,3.6,4.0,4.0,0.125,1.4,0.6999999999999997,-0.7000000000000002,0.0,,
20260908-Hiroshima_Toyo_Carp-Hanshin_Tigers,2026-09-08 18:00:00,2026,Hiroshima Toyo Carp,Hanshin Tigers,,,Scheduled,甲子園,391,379,0.704094177281281,0.7,0.55,1.2,-0.55,3.8,3.3,2.6,3.85,5.0,4.0,0.1499999999999999,1.75,0.5,-1.25,1.0,,
20260908-Hokkaido_Nippon-Ham_Fighters-Fukuoka_SoftBank_Hawks,2026-09-08 18:00:00,2026,Hokkaido Nippon-Ham Fighters,Fukuoka SoftBank Hawks,,,Scheduled,みずほPayPay,401,398,0.566423413916406,0.55,0.6,2.3,1.05,5.3,4.75,3.0,3.7,4.0,4.0,-0.04999999999999993,1.2499999999999998,0.5499999999999998,-0.7000000000000002,0.0,,
20260908-Saitama_Seibu_Lions-Orix_Buffaloes,2026-09-08 18:00:00,2026,Saitama Seibu Lions,Orix Buffaloes,,,Scheduled,京セラD大阪,386,384,0.3844599735074654,0.4,0.65,-1.3,0.25,3.6,3.2,4.9,2.95,4.0,4.0,-0.25,-1.55,0.3999999999999999,1.9500000000000002,0.0,,
20260908-Tohoku_Rakuten_Golden_Eagles-Chiba_Lotte_Marines,2026-09-08 18:00:00,2026,Tohoku Rakuten Golden Eagles,Chiba Lotte Marines,,,Scheduled,ZOZOマリン,380,381,0.5450292912109079,0.4,0.45,-2.15,0.3,3.15,3.9,5.3,3.6,4.0,4.0,-0.04999999999999999,-2.4499999999999997,-0.75,1.6999999999999997,0.0,,
20260908-Tokyo_Yakult_Swallows-Yokohama_DeNA_BayStars,2026-09-08 18:00:00,2026,Tokyo Yakult Swallows,Yokohama DeNA BayStars,,,Scheduled,横 浜,424,383,0.6878940019025392,0.5,0.425,0.05,0.25,3.15,3.7,3.1,3.45,6.0,4.0,0.07500000000000001,-0.2,-0.5500000000000003,-0.3500000000000001,2.0,,
20260909-Chunichi_Dragons-Yomiuri_Giants,2026-09-09 18:00:00,2026,Chunichi Dragons,Yomiuri Giants,,,Scheduled,東京ドーム,391,386,0.632003085184998,0.5,0.375,0.5,-0.9,3.4,2.7,2.9,3.6,5.0,5.0,0.125,1.4,0.6999999999999997,-0.7000000000000002,0.0,,
20260909-Hiroshima_Toyo_Carp-Hanshin_Tigers,2026-09-09 18:00:00,2026,Hiroshima Toyo Carp,Hanshin Tigers,,,Scheduled,甲子園,391,379,0.704094177281281,0.7,0.55,1.2,-0.55,3.8,3.3,2.6,3.85,6.0,5.0,0.1499999999999999,1.75,0.5,-1.25,1.0,,
20260909-Hokkaido_Nippon-Ham_Fighters-Fukuoka_SoftBank_Hawks,2026-09-09 18:00:00,2026,Hokkaido Nippon-Ham Fighters,Fukuoka SoftBank Hawks,,,Scheduled,みずほPayPay,401,398,0.566423413916406,0.55,0.6,2.3,1.05,5.3,4.75,3.0,3.7,5.0,5.0,-0.04999999999999993,1.2499999999999998,0.5499999999999998,-0.7000000000000002,0.0,,
20260909-Saitama_Seibu_Lions-Orix_Buffaloes,2026-09-09 18:00:00,2026,Saitama Seibu Lions,Orix Buffaloes,,,Scheduled,ほっと神戸,386,384,0.3844599735074654,0.4,0.65,-1.3,0.25,3.6,3.2,4.9,2.95,5.0,5.0,-0.25,-1.55,0.3999999999999999,1.9500000000000002,0.0,,
20260909-Tohoku_Rakuten_Golden_Eagles-Chiba_Lotte_Marines,2026-09-09 18:00:00,2026,Tohoku Rakuten Golden Eagles,Chiba Lotte Marines,,,Scheduled,ZOZOマリン,380,381,0.5450292912109079,0.4,0.45,-2.15,0.3,3.15,3.9,5.3,3.6,5.0,5.0,-0.04999999999999999,-2.4499999999999997,-0.75,1.6999999999999997,0.0,,
20260909-Tokyo_Yakult_Swallows-Yokohama_DeNA_BayStars,2026-09-09 18:00:00,2026,Tokyo Yakult Swallows,Yokohama DeNA BayStars,,,Scheduled,横 浜,424,383,0.6878940019025392,0.5,0.425,0.05,0.25,3.15,3.7,3.1,3.45,7.0,5.0,0.07500000000000001,-0.2,-0.5500000000000003,-0.3500000000000001,2.0,,
20260910-Chunichi_Dragons-Yomiuri_Giants,2026-09-10 18:00:00,2026,Chunichi Dragons,Yomiuri Giants,,,Scheduled,東京ドーム,391,386,0.632003085184998,0.5,0.375,0.5,-0.9,3.4,2.7,2.9,3.6,6.0,6.0,0.125,1.4,0.6999999999999997,-0.7000000000000002,0.0,,
20260910-Hiroshima_Toyo_Carp-Hanshin_Tigers,2026-09-10 18:00:00,2026,Hiroshima Toyo Carp,Hanshin Tigers,,,Scheduled,甲子園,391,379,0.704094177281281,0.7,0.55,1.2,-0.55,3.8,3.3,2.6,3.85,7.0,6.0,0.1499999999999999,1.75,0.5,-1.25,1.0,,
20260910-Hokkaido_Nippon-Ham_Fighters-Fukuoka_SoftBank_Hawks,2026-09-10 18:00:00,2026,Hokkaido Nippon-Ham Fighters,Fukuoka SoftBank Hawks,,,Scheduled,みずほPayPay,401,398,0.566423413916406,0.55,0.6,2.3,1.05,5.3,4.75,3.0,3.7,6.0,6.0,-0.04999999999999993,1.2499999999999998,0.5499999999999998,-0.7000000000000002,0.0,,
20260910-Saitama_Seibu_Lions-Orix_Buffaloes,2026-09-10 18:00:00,2026,Saitama Seibu Lions,Orix Buffaloes,,,Scheduled,ほっと神戸,386,384,0.3844599735074654,0.4,0.65,-1.3,0.25,3.6,3.2,4.9,2.95,6.0,6.0,-0.25,-1.55,0.3999999999999999,1.9500000000000002,0.0,,
20260910-Tohoku_Rakuten_Golden_Eagles-Chiba_Lotte_Marines,2026-09-10 18:00:00,2026,Tohoku Rakuten Golden Eagles,Chiba Lotte Marines,,,Scheduled,ZOZOマリン,380,381,0.5450292912109079,0.4,0.45,-2.15,0.3,3.15,3.9,5.3,3.6,6.0,6.0,-0.04999999999999999,-2.4499999999999997,-0.75,1.6999999999999997,0.0,,
20260910-Tokyo_Yakult_Swallows-Yokohama_DeNA_BayStars,2026-09-10 18:00:00,2026,Tokyo Yakult Swallows,Yokohama DeNA BayStars,,,Scheduled,横 浜,424,383,0.6878940019025392,0.5,0.425,0.05,0.25,3.15,3.7,3.1,3.45,8.0,6.0,0.07500000000000001,-0.2,-0.5500000000000003,-0.3500000000000001,2.0,,
20260911-Chiba_Lotte_Marines-Fukuoka_SoftBank_Hawks,2026-09-11 18:00:00,2026,Chiba Lotte Marines,Fukuoka SoftBank Hawks,,,Scheduled,みずほPayPay,401,380,0.7274452660149099,0.55,0.4,2.3,-2.15,5.3,3.15,3.0,5.3,7.0,7.0,0.15000000000000002,4.449999999999999,2.15,-2.3,0.0,,
20260911-Saitama_Seibu_Lions-Orix_Buffaloes,2026-09-11 18:00:00,2026,Saitama Seibu Lions,Orix Buffaloes,,,Scheduled,京セラD大阪,386,384,0.3844599735074654,0.4,0.65,-1.3,0.25,3.6,3.2,4.9,2.95,7.0,7.0,-0.25,-1.55,0.3999999999999999,1.9500000000000002,0.0,,
20260911-Yokohama_DeNA_BayStars-Hiroshima_Toyo_Carp,2026-09-11 18:00:00,2026,Yokohama DeNA BayStars,Hiroshima Toyo Carp,,,Scheduled,マツダスタジアム,379,424,0.4318230117581838,0.55,0.5,-0.55,0.05,3.3,3.15,3.85,3.1,7.0,9.0,0.050000000000000044,-0.6000000000000001,0.1499999999999999,0.75,-2.0,,
20260912-Chiba_Lotte_Marines-Fukuoka_SoftBank_Hawks,2026-09-12 14:00:00,2026,Chiba Lotte Marines,Fukuoka SoftBank Hawks,,,Scheduled,みずほPayPay,401,380,0.7274452660149099,0.55,0.4,2.3,-2.15,5.3,3.15,3.0,5.3,8.0,8.0,0.15000000000000002,4.449999999999999,2.15,-2.3,0.0,,
20260912-Hanshin_Tigers-Yomiuri_Giants,2026-09-12 14:00:00,2026,Hanshin Tigers,Yomiuri Giants,,,Scheduled,東京ドーム,391,391,0.44340868375683623,0.5,0.7,0.5,1.2,3.4,3.8,2.9,2.6,8.0,9.0,-0.19999999999999996,-0.7,-0.3999999999999999,0.2999999999999998,-1.0,,
20260912-Tohoku_Rakuten_Golden_Eagles-Orix_Buffaloes,2026-09-12 14:00:00,2026,Tohoku Rakuten Golden Eagles,Orix Buffaloes,,,Scheduled,京セラD大阪,386,381,0.5047654173284613,0.4,0.45,-1.3,0.3,3.6,3.9,4.9,3.6,8.0,8.0,-0.04999999999999999,-1.6,-0.2999999999999998,1.3000000000000003,0.0,,
20260912-Tokyo_Yakult_Swallows-Chunichi_Dragons,2026-09-12 14:00:00,2026,Tokyo Yakult Swallows,Chunichi Dragons,,,Scheduled,バンテリンドーム,386,383,0.5949165430367571,0.375,0.425,-0.9,0.25,2.7,3.7,3.6,3.45,8.0,8.0,-0.04999999999999999,-1.15,-1.0,0.1499999999999999,0.0,,
20260912-Yokohama_DeNA_BayStars-Hiroshima_Toyo_Carp,2026-09-12 14:00:00,2026,Yokohama DeNA BayStars,Hiroshima Toyo Carp,,,Scheduled,マツダスタジアム,379,424,0.4318230117581838,0.55,0.5,-0.55,0.05,3.3,3.15,3.85,3.1,8.0,10.0,0.050000000000000044,-0.6000000000000001,0.1499999999999999,0.75,-2.0,,
20260912-Hokkaido_Nippon-Ham_Fighters-Saitama_Seibu_Lions,2026-09-12 18:00:00,2026,Hokkaido Nippon-Ham Fighters,Saitama Seibu Lions,,,Scheduled,ベルーナドーム,384,398,0.4563485782302568,0.65,0.6,0.25,1.05,3.2,4.75,2.95,3.7,8.0,8.0,0.050000000000000044,-0.8,-1.5499999999999998,-0.75,0.0,,
20260913-Chiba_Lotte_Marines-Fukuoka_SoftBank_Hawks,2026-09-13 13:30:00,2026,Chiba Lotte Marines,Fukuoka SoftBank Hawks,,,Scheduled,みずほPayPay,401,380,0.7274452660149099,0.55,0.4,2.3,-2.15,5.3,3.15,3.0,5.3,9.0,9.0,0.15000000000000002,4.449999999999999,2.15,-2.3,0.0,,
20260913-Hokkaido_Nippon-Ham_Fighters-Saitama_Seibu_Lions,2026-09-13 17:00:00,2026,Hokkaido Nippon-Ham Fighters,Saitama Seibu Lions,,,Scheduled,ベルーナドーム,384,398,0.4563485782302568,0.65,0.6,0.25,1.05,3.2,4.75,2.95,3.7,9.0,9.0,0.050000000000000044,-0.8,-1.5499999999999998,-0.75,0.0,,
20260913-Chunichi_Dragons-Hanshin_Tigers,2026-09-13 18:00:00,2026,Chunichi Dragons,Hanshin Tigers,,,Scheduled,甲子園,391,386,0.7075031826095879,0.7,0.375,1.2,-0.9,3.8,2.7,2.6,3.6,10.0,9.0,0.32499999999999996,2.1,1.0999999999999996,-1.0,1.0,,
20260913-Hiroshima_Toyo_Carp-Tokyo_Yakult_Swallows,2026-09-13 18:00:00,2026,Hiroshima Toyo Carp,Tokyo Yakult Swallows,,,Scheduled,神 宮,383,379,0.4574811951894405,0.425,0.55,0.25,-0.55,3.7,3.3,3.45,3.85,9.0,9.0,-0.12500000000000006,0.8,0.40000000000000036,-0.3999999999999999,0.0,,
20260913-Yomiuri_Giants-Yokohama_DeNA_BayStars,2026-09-13 18:00:00,2026,Yomiuri Giants,Yokohama DeNA BayStars,,,Scheduled,横 浜,424,391,0.5238325913885162,0.5,0.5,0.05,0.5,3.15,3.4,3.1,2.9,11.0,9.0,0.0,-0.45,-0.25,0.20000000000000018,2.0,,
20260914-Chunichi_Dragons-Hanshin_Tigers,2026-09-14 18:00:00,2026,Chunichi Dragons,Hanshin Tigers,,,Scheduled,甲子園,391,386,0.7075031826095879,0.7,0.375,1.2,-0.9,3.8,2.7,2.6,3.6,11.0,10.0,0.32499999999999996,2.1,1.0999999999999996,-1.0,1.0,,
20260914-Hiroshima_Toyo_Carp-Tokyo_Yakult_Swallows,2026-09-14 18:00:00,2026,Hiroshima Toyo Carp,Tokyo Yakult Swallows,,,Scheduled,神 宮,383,379,0.4574811951894405,0.425,0.55,0.25,-0.55,3.7,3.3,3.45,3.85,10.0,10.0,-0.12500000000000006,0.8,0.40000000000000036,-0.3999999999999999,0.0,,
20260914-Yomiuri_Giants-Yokohama_DeNA_BayStars,2026-09-14 18:00:00,2026,Yomiuri Giants,Yokohama DeNA BayStars,,,Scheduled,横 浜,424,391,0.5238325913885162,0.5,0.5,0.05,0.5,3.15,3.4,3.1,2.9,12.0,10.0,0.0,-0.45,-0.25,0.20000000000000018,2.0,,
20260915-Chiba_Lotte_Marines-Hokkaido_Nippon-Ham_Fighters,2026-09-15 18:00:00,2026,Chiba Lotte Marines,Hokkaido Nippon-Ham Fighters,,,Scheduled,エスコンＦ,398,380,0.6962608567524871,0.6,0.4,1.05,-2.15,4.75,3.15,3.7,5.3,11.0,11.0,0.19999999999999996,3.2,1.6,-1.5999999999999996,0.0,,
20260915-Chunichi_Dragons-Hanshin_Tigers,2026-09-15 18:00:00,2026,Chunichi Dragons,Hanshin Tigers,,,Scheduled,甲子園,391,386,0.7075031826095879,0.7,0.375,1.2,-0.9,3.8,2.7,2.6,3.6,12.0,11.0,0.32499999999999996,2.1,1.0999999999999996,-1.0,1.0,,
20260915-Fukuoka_SoftBank_Hawks-Orix_Buffaloes,2026-09-15 18:00:00,2026,Fukuoka SoftBank Hawks,Orix Buffaloes,,,Scheduled,京セラD大阪,386,401,0.2863893922600099,0.4,0.55,-1.3,2.3,3.6,5.3,4.9,3.0,11.0,11.0,-0.15000000000000002,-3.5999999999999996,-1.6999999999999997,1.9000000000000004,0.0,,
20260915-Hiroshima_Toyo_Carp-Tokyo_Yakult_Swallows,2026-09-15 18:00:00,2026,Hiroshima Toyo Carp,Tokyo Yakult Swallows,,,Scheduled,神 宮,383,379,0.4574811951894405,0.425,0.55,0.25,-0.55,3.7,3.3,3.45,3.85,11.0,11.0,-0.12500000000000006,0.8,0.40000000000000036,-0.3999999999999999,0.0,,
20260915-Saitama_Seibu_Lions-Tohoku_Rakuten_Golden_Eagles,2026-09-15 18:00:00,2026,Saitama Seibu Lions,Tohoku Rakuten Golden Eagles,,,Scheduled,楽天モバイル,381,384,0.4074315905212532,0.45,0.65,0.3,0.25,3.9,3.2,3.6,2.95,11.0,11.0,-0.2,0.04999999999999999,0.6999999999999997,0.6499999999999999,0.0,,
20260915-Yomiuri_Giants-Yokohama_DeNA_BayStars,2026-09-15 18:00:00,2026,Yomiuri Giants,Yokohama DeNA BayStars,,,Scheduled,横 浜,424,391,0.5238325913885162,0.5,0.5,0.05,0.5,3.15,3.4,3.1,2.9,13.0,11.0,0.0,-0.45,-0.25,0.20000000000000018,2.0,,
20260916-Fukuoka_SoftBank_Hawks-Orix_Buffaloes,2026-09-16 18:00:00,2026,Fukuoka SoftBank Hawks,Orix Buffaloes,,,Scheduled,京セラD大阪,386,401,0.2863893922600099,0.4,0.55,-1.3,2.3,3.6,5.3,4.9,3.0,12.0,12.0,-0.15000000000000002,-3.5999999999999996,-1.6999999999999997,1.9000000000000004,0.0,,
20260916-Tohoku_Rakuten_Golden_Eagles-Chiba_Lotte_Marines,2026-09-16 18:00:00,2026,Tohoku Rakuten Golden Eagles,Chiba Lotte Marines,,,Scheduled,ZOZOマリン,380,381,0.5450292912109079,0.4,0.45,-2.15,0.3,3.15,3.9,5.3,3.6,12.0,12.0,-0.04999999999999999,-2.4499999999999997,-0.75,1.6999999999999997,0.0,,
20260917-Fukuoka_SoftBank_Hawks-Orix_Buffaloes,2026-09-17 18:00:00,2026,Fukuoka SoftBank Hawks,Orix Buffaloes,,,Scheduled,京セラD大阪,386,401,0.2863893922600099,0.4,0.55,-1.3,2.3,3.6,5.3,4.9,3.0,13.0,13.0,-0.15000000000000002,-3.5999999999999996,-1.6999999999999997,1.9000000000000004,0.0,,
20260917-Hiroshima_Toyo_Carp-Hanshin_Tigers,2026-09-17 18:00:00,2026,Hiroshima Toyo Carp,Hanshin Tigers,,,Scheduled,甲子園,391,379,0.704094177281281,0.7,0.55,1.2,-0.55,3.8,3.3,2.6,3.85,14.0,13.0,0.1499999999999999,1.75,0.5,-1.25,1.0,,
20260917-Saitama_Seibu_Lions-Hokkaido_Nippon-Ham_Fighters,2026-09-17 18:00:00,2026,Saitama Seibu Lions,Hokkaido Nippon-Ham Fighters,,,Scheduled,エスコンＦ,398,384,0.5999627347242414,0.6,0.65,1.05,0.25,4.75,3.2,3.7,2.95,13.0,13.0,-0.050000000000000044,0.8,1.5499999999999998,0.75,0.0,,
20260917-Tohoku_Rakuten_Golden_Eagles-Chiba_Lotte_Marines,2026-09-17 18:00:00,2026,Tohoku Rakuten Golden Eagles,Chiba Lotte Marines,,,Scheduled,ZOZOマリン,380,381,0.5450292912109079,0.4,0.45,-2.15,0.3,3.15,3.9,5.3,3.6,13.0,13.0,-0.04999999999999999,-2.4499999999999997,-0.75,1.6999999999999997,0.0,,
20260917-Yokohama_DeNA_BayStars-Tokyo_Yakult_Swallows,2026-09-17 18:00:00,2026,Yokohama DeNA BayStars,Tokyo Yakult Swallows,,,Scheduled,神 宮,383,424,0.36353973576624055,0.425,0.5,0.25,0.05,3.7,3.15,3.45,3.1,13.0,15.0,-0.07500000000000001,0.2,0.5500000000000003,0.3500000000000001,-2.0,,
20260918-Chunichi_Dragons-Yomiuri_Giants,2026-09-18 18:00:00,2026,Chunichi Dragons,Yomiuri Giants,,,Scheduled,東京ドーム,391,386,0.632003085184998,0.5,0.375,0.5,-0.9,3.4,2.7,2.9,3.6,14.0,14.0,0.125,1.4,0.6999999999999997,-0.7000000000000002,0.0,,
20260918-Hiroshima_Toyo_Carp-Hanshin_Tigers,2026-09-18 18:00:00,2026,Hiroshima Toyo Carp,Hanshin Tigers,,,Scheduled,甲子園,391,379,0.704094177281281,0.7,0.55,1.2,-0.55,3.8,3.3,2.6,3.85,15.0,14.0,0.1499999999999999,1.75,0.5,-1.25,1.0,,
20260918-Tokyo_Yakult_Swallows-Yokohama_DeNA_BayStars,2026-09-18 18:00:00,2026,Tokyo Yakult Swallows,Yokohama DeNA BayStars,,,Scheduled,横 浜,424,383,0.6878940019025392,0.5,0.425,0.05,0.25,3.15,3.7,3.1,3.45,16.0,14.0,0.07500000000000001,-0.2,-0.5500000000000003,-0.3500000000000001,2.0,,
20260919-Chunichi_Dragons-Yomiuri_Giants,2026-09-19 14:00:00,2026,Chunichi Dragons,Yomiuri Giants,,,Scheduled,東京ドーム,391,386,0.632003085184998,0.5,0.375,0.5,-0.9,3.4,2.7,2.9,3.6,15.0,15.0,0.125,1.4,0.6999999999999997,-0.7000000000000002,0.0,,
20260919-Fukuoka_SoftBank_Hawks-Tohoku_Rakuten_Golden_Eagles,2026-09-19 14:00:00,2026,Fukuoka SoftBank Hawks,Tohoku Rakuten Golden Eagles,,,Scheduled,楽天モバイル,381,401,0.3064182653968227,0.45,0.55,0.3,2.3,3.9,5.3,3.6,3.0,15.0,15.0,-0.10000000000000003,-1.9999999999999998,-1.4,0.6000000000000001,0.0,,
20260919-Orix_Buffaloes-Hokkaido_Nippon-Ham_Fighters,2026-09-19 14:00:00,2026,Orix Buffaloes,Hokkaido Nippon-Ham Fighters,,,Scheduled,エスコンＦ,398,386,0.7293050166027788,0.6,0.4,1.05,-1.3,4.75,3.6,3.7,4.9,15.0,15.0,0.19999999999999996,2.35,1.15,-1.2000000000000002,0.0,,
20260919-Hiroshima_Toyo_Carp-Hanshin_Tigers,2026-09-19 18:00:00,2026,Hiroshima Toyo Carp,Hanshin Tigers,,,Scheduled,甲子園,391,379,0.704094177281281,0.7,0.55,1.2,-0.55,3.8,3.3,2.6,3.85,16.0,15.0,0.1499999999999999,1.75,0.5,-1.25,1.0,,
20260919-Saitama_Seibu_Lions-Chiba_Lotte_Marines,2026-09-19 18:00:00,2026,Saitama Seibu Lions,Chiba Lotte Marines,,,Scheduled,ZOZOマリン,380,384,0.4233305182514141,0.4,0.65,-2.15,0.25,3.15,3.2,5.3,2.95,15.0,15.0,-0.25,-2.4,-0.050000000000000266,2.3499999999999996,0.0,,
20260919-Tokyo_Yakult_Swallows-Yokohama_DeNA_BayStars,2026-09-19 18:00:00,2026,Tokyo Yakult Swallows,Yokohama DeNA BayStars,,,Scheduled,横 浜,424,383,0.6878940019025392,0.5,0.425,0.05,0.25,3.15,3.7,3.1,3.45,17.0,15.0,0.07500000000000001,-0.2,-0.5500000000000003,-0.3500000000000001,2.0,,
20260920-Fukuoka_SoftBank_Hawks-Tohoku_Rakuten_Golden_Eagles,2026-09-20 14:00:00,2026,Fukuoka SoftBank Hawks,Tohoku Rakuten Golden Eagles,,,Scheduled,楽天モバイル,381,401,0.3064182653968227,0.45,0.55,0.3,2.3,3.9,5.3,3.6,3.0,16.0,16.0,-0.10000000000000003,-1.9999999999999998,-1.4,0.6000000000000001,0.0,,
20260920-Orix_Buffaloes-Hokkaido_Nippon-Ham_Fighters,2026-09-20 14:00:00,2026,Orix Buffaloes,Hokkaido Nippon-Ham Fighters,,,Scheduled,エスコンＦ,398,386,0.7293050166027788,0.6,0.4,1.05,-1.3,4.75,3.6,3.7,4.9,16.0,16.0,0.19999999999999996,2.35,1.15,-1.2000000000000002,0.0,,
20260920-Tokyo_Yakult_Swallows-Yomiuri_Giants,2026-09-20 14:00:00,2026,Tokyo Yakult Swallows,Yomiuri Giants,,,Scheduled,東京ドーム,391,383,0.69211344355907,0.5,0.425,0.5,0.25,3.4,3.7,2.9,3.45,16.0,16.0,0.07500000000000001,0.25,-0.30000000000000027,-0.5500000000000003,0.0,,
20260920-Hiroshima_Toyo_Carp-Chunichi_Dragons,2026-09-20 18:00:00,2026,Hiroshima Toyo Carp,Chunichi Dragons,,,Scheduled,バンテリンドーム,386,379,0.5246579302729494,0.375,0.55,-0.9,-0.55,2.7,3.3,3.6,3.85,16.0,16.0,-0.17500000000000004,-0.35,-0.5999999999999996,-0.25,0.0,,
20260920-Saitama_Seibu_Lions-Chiba_Lotte_Marines,2026-09-20 18:00:00,2026,Saitama Seibu Lions,Chiba Lotte Marines,,,Scheduled,ZOZOマリン,380,384,0.4233305182514141,0.4,0.65,-2.15,0.25,3.15,3.2,5.3,2.95,16.0,16.0,-0.25,-2.4,-0.050000000000000266,2.3499999999999996,0.0,,
20260920-Yokohama_DeNA_BayStars-Hanshin_Tigers,2026-09-20 18:00:00,2026,Yokohama DeNA BayStars,Hanshin Tigers,,,Scheduled,甲子園,391,424,0.6171158885962014,0.7,0.5,1.2,0.05,3.8,3.15,2.6,3.1,17.0,18.0,0.19999999999999996,1.15,0.6499999999999999,-0.5,-1.0,,
20260921-Fukuoka_SoftBank_Hawks-Tohoku_Rakuten_Golden_Eagles,2026-09-21 13:00:00,2026,Fukuoka SoftBank Hawks,Tohoku Rakuten Golden Eagles,,,Scheduled,楽天モバイル,381,401,0.3064182653968227,0.45,0.55,0.3,2.3,3.9,5.3,3.6,3.0,17.0,17.0,-0.10000000000000003,-1.9999999999999998,-1.4,0.6000000000000001,0.0,,
20260921-Hiroshima_Toyo_Carp-Chunichi_Dragons,2026-09-21 14:00:00,2026,Hiroshima Toyo Carp,Chunichi Dragons,,,Scheduled,バンテリンドーム,386,379,0.5246579302729494,0.375,0.55,-0.9,-0.55,2.7,3.3,3.6,3.85,17.0,17.0,-0.17500000000000004,-0.35,-0.5999999999999996,-0.25,0.0,,
20260921-Orix_Buffaloes-Hokkaido_Nippon-Ham_Fighters,2026-09-21 14:00:00,2026,Orix Buffaloes,Hokkaido Nippon-Ham Fighters,,,Scheduled,エスコンＦ,398,386,0.7293050166027788,0.6,0.4,1.05,-1.3,4.75,3.6,3.7,4.9,17.0,17.0,0.19999999999999996,2.35,1.15,-1.2000000000000002,0.0,,
20260921-Yokohama_DeNA_BayStars-Hanshin_Tigers,2026-09-21 14:00:00,2026,Yokohama DeNA BayStars,Hanshin Tigers,,,Scheduled,甲子園,391,424,0.6171158885962014,0.7,0.5,1.2,0.05,3.8,3.15,2.6,3.1,18.0,19.0,0.19999999999999996,1.15,0.6499999999999999,-0.5,-1.0,,
20260921-Saitama_Seibu_Lions-Chiba_Lotte_Marines,2026-09-21 18:00:00,2026,Saitama Seibu Lions,Chiba Lotte Marines,,,Scheduled,ZOZOマリン,380,384,0.4233305182514141,0.4,0.65,-2.15,0.25,3.15,3.2,5.3,2.95,17.0,17.0,-0.25,-2.4,-0.050000000000000266,2.3499999999999996,0.0,,
20260922-Yomiuri_Giants-Hiroshima_Toyo_Carp,2026-09-22 15:00:00,2026,Yomiuri Giants,Hiroshima Toyo Carp,,,Scheduled,マツダスタジアム,379,391,0.42698971136062414,0.55,0.5,-0.55,0.5,3.3,3.4,3.85,2.9,18.0,18.0,0.050000000000000044,-1.05,-0.10000000000000009,0.9500000000000002,0.0,,
20260922-Chunichi_Dragons-Yokohama_DeNA_BayStars,2026-09-22 18:00:00,2026,Chunichi Dragons,Yokohama DeNA BayStars,,,Scheduled,横 浜,424,386,0.6274033403385646,0.5,0.375,0.05,-0.9,3.15,2.7,3.1,3.6,20.0,18.0,0.125,0.9500000000000001,0.44999999999999973,-0.5,2.0,,
20260922-Hanshin_Tigers-Tokyo_Yakult_Swallows,2026-09-22 18:00:00,2026,Hanshin Tigers,Tokyo Yakult Swallows,,,Scheduled,神 宮,383,391,0.28450401990073837,0.425,0.7,0.25,1.2,3.7,3.8,3.45,2.6,18.0,19.0,-0.27499999999999997,-0.95,-0.09999999999999964,0.8500000000000001,-1.0,,
20260922-Orix_Buffaloes-Chiba_Lotte_Marines,2026-09-22 18:00:00,2026,Orix Buffaloes,Chiba Lotte Marines,,,Scheduled,ZOZOマリン,380,386,0.5687305016820914,0.4,0.4,-2.15,-1.3,3.15,3.6,5.3,4.9,18.0,18.0,0.0,-0.8499999999999999,-0.4500000000000002,0.39999999999999947,0.0,,
20260922-Saitama_Seibu_Lions-Fukuoka_SoftBank_Hawks,2026-09-22 18:00:00,2026,Saitama Seibu Lions,Fukuoka SoftBank Hawks,,,Scheduled,みずほPayPay,401,384,0.6358632437849697,0.55,0.65,2.3,0.25,5.3,3.2,3.0,2.95,18.0,18.0,-0.09999999999999998,2.05,2.0999999999999996,0.04999999999999982,0.0,,
20260922-Tohoku_Rakuten_Golden_Eagles-Hokkaido_Nippon-Ham_Fighters,2026-09-22 18:00:00,2026,Tohoku Rakuten Golden Eagles,Hokkaido Nippon-Ham Fighters,,,Scheduled,エスコンＦ,398,381,0.7099275855826206,0.6,0.45,1.05,0.3,4.75,3.9,3.7,3.6,18.0,18.0,0.14999999999999997,0.75,0.8500000000000001,0.10000000000000009,0.0,,
20260923-Hanshin_Tigers-Tokyo_Yakult_Swallows,2026-09-23 14:00:00,2026,Hanshin Tigers,Tokyo Yakult Swallows,,,Scheduled,神 宮,383,391,0.28450401990073837,0.425,0.7,0.25,1.2,3.7,3.8,3.45,2.6,19.0,20.0,-0.27499999999999997,-0.95,-0.09999999999999964,0.8500000000000001,-1.0,,
20260923-Saitama_Seibu_Lions-Fukuoka_SoftBank_Hawks,2026-09-23 14:00:00,2026,Saitama Seibu Lions,Fukuoka SoftBank Hawks,,,Scheduled,みずほPayPay,401,384,0.6358632437849697,0.55,0.65,2.3,0.25,5.3,3.2,3.0,2.95,19.0,19.0,-0.09999999999999998,2.05,2.0999999999999996,0.04999999999999982,0.0,,
20260923-Yomiuri_Giants-Hiroshima_Toyo_Carp,2026-09-23 15:00:00,2026,Yomiuri Giants,Hiroshima Toyo Carp,,,Scheduled,マツダスタジアム,379,391,0.42698971136062414,0.55,0.5,-0.55,0.5,3.3,3.4,3.85,2.9,19.0,19.0,0.050000000000000044,-1.05,-0.10000000000000009,0.9500000000000002,0.0,,
20260923-Orix_Buffaloes-Chiba_Lotte_Marines,2026-09-23 17:00:00,2026,Orix Buffaloes,Chiba Lotte Marines,,,Scheduled,ZOZOマリン,380,386,0.5687305016820914,0.4,0.4,-2.15,-1.3,3.15,3.6,5.3,4.9,19.0,19.0,0.0,-0.8499999999999999,-0.4500000000000002,0.39999999999999947,0.0,,
20260923-Chunichi_Dragons-Yokohama_DeNA_BayStars,2026-09-23 18:00:00,2026,Chunichi Dragons,Yokohama DeNA BayStars,,,Scheduled,横 浜,424,386,0.6274033403385646,0.5,0.375,0.05,-0.9,3.15,2.7,3.1,3.6,21.0,19.0,0.125,0.9500000000000001,0.44999999999999973,-0.5,2.0,,
20260923-Tohoku_Rakuten_Golden_Eagles-Hokkaido_Nippon-Ham_Fighters,2026-09-23 18:00:00,2026,Tohoku Rakuten Golden Eagles,Hokkaido Nippon-Ham Fighters,,,Scheduled,エスコンＦ,398,381,0.7099275855826206,0.6,0.45,1.05,0.3,4.75,3.9,3.7,3.6,19.0,19.0,0.14999999999999997,0.75,0.8500000000000001,0.10000000000000009,0.0,,
20260924-Tohoku_Rakuten_Golden_Eagles-Hokkaido_Nippon-Ham_Fighters,2026-09-24 18:00:00,2026,Tohoku Rakuten Golden Eagles,Hokkaido Nippon-Ham Fighters,,,Scheduled,エスコンＦ,398,381,0.7099275855826206,0.6,0.45,1.05,0.3,4.75,3.9,3.7,3.6,20.0,20.0,0.14999999999999997,0.75,0.8500000000000001,0.10000000000000009,0.0,,
20260924-Yomiuri_Giants-Hiroshima_Toyo_Carp,2026-09-24 18:00:00,2026,Yomiuri Giants,Hiroshima Toyo Carp,,,Scheduled,マツダスタジアム,379,391,0.42698971136062414,0.55,0.5,-0.55,0.5,3.3,3.4,3.85,2.9,20.0,20.0,0.050000000000000044,-1.05,-0.10000000000000009,0.9500000000000002,0.0,,
20260925-Chiba_Lotte_Marines-Saitama_Seibu_Lions,2026-09-25 18:00:00,2026,Chiba Lotte Marines,Saitama Seibu Lions,,,Scheduled,ベルーナドーム,384,380,0.6316669098536466,0.65,0.4,0.25,-2.15,3.2,3.15,2.95,5.3,21.0,21.0,0.25,2.4,0.050000000000000266,-2.3499999999999996,0.0,,
20260925-Chunichi_Dragons-Tokyo_Yakult_Swallows,2026-09-25 18:00:00,2026,Chunichi Dragons,Tokyo Yakult Swallows,,,Scheduled,神 宮,383,386,0.46155863394702534,0.425,0.375,0.25,-0.9,3.7,2.7,3.45,3.6,21.0,21.0,0.04999999999999999,1.15,1.0,-0.1499999999999999,0.0,,
20260925-Fukuoka_SoftBank_Hawks-Orix_Buffaloes,2026-09-25 18:00:00,2026,Fukuoka SoftBank Hawks,Orix Buffaloes,,,Scheduled,京セラD大阪,386,401,0.2863893922600099,0.4,0.55,-1.3,2.3,3.6,5.3,4.9,3.0,21.0,21.0,-0.15000000000000002,-3.5999999999999996,-1.6999999999999997,1.9000000000000004,0.0,,
20260925-Hanshin_Tigers-Yokohama_DeNA_BayStars,2026-09-25 18:00:00,2026,Hanshin Tigers,Yokohama DeNA BayStars,,,Scheduled,横 浜,424,391,0.4385457974374625,0.5,0.7,0.05,1.2,3.15,3.8,3.1,2.6,23.0,22.0,-0.19999999999999996,-1.15,-0.6499999999999999,0.5,1.0,,
20260925-Yomiuri_Giants-Hiroshima_Toyo_Carp,2026-09-25 18:00:00,2026,Yomiuri Giants,Hiroshima Toyo Carp,,,Scheduled,マツダスタジアム,379,391,0.42698971136062414,0.55,0.5,-0.55,0.5,3.3,3.4,3.85,2.9,21.0,21.0,0.050000000000000044,-1.05,-0.10000000000000009,0.9500000000000002,0.0,,
20260926-Chiba_Lotte_Marines-Saitama_Seibu_Lions,2026-09-26 14:00:00,2026,Chiba Lotte Marines,Saitama Seibu Lions,,,Scheduled,ベルーナドーム,384,380,0.6316669098536466,0.65,0.4,0.25,-2.15,3.2,3.15,2.95,5.3,22.0,22.0,0.25,2.4,0.050000000000000266,-2.3499999999999996,0.0,,
20260926-Hanshin_Tigers-Yokohama_DeNA_BayStars,2026-09-26 14:00:00,2026,Hanshin Tigers,Yokohama DeNA BayStars,,,Scheduled,横 浜,424,391,0.4385457974374625,0.5,0.7,0.05,1.2,3.15,3.8,3.1,2.6,24.0,23.0,-0.19999999999999996,-1.15,-0.6499999999999999,0.5,1.0,,
20260926-Hokkaido_Nippon-Ham_Fighters-Orix_Buffaloes,2026-09-26 14:00:00,2026,Hokkaido Nippon-Ham Fighters,Orix Buffaloes,,,Scheduled,京セラD大阪,386,398,0.3184637310293392,0.4,0.6,-1.3,1.05,3.6,4.75,4.9,3.7,22.0,22.0,-0.19999999999999996,-2.35,-1.15,1.2000000000000002,0.0,,
20260926-Chunichi_Dragons-Tokyo_Yakult_Swallows,2026-09-26 18:00:00,2026,Chunichi Dragons,Tokyo Yakult Swallows,,,Scheduled,神 宮,383,386,0.46155863394702534,0.425,0.375,0.25,-0.9,3.7,2.7,3.45,3.6,22.0,22.0,0.04999999999999999,1.15,1.0,-0.1499999999999999,0.0,,
20260926-Tohoku_Rakuten_Golden_Eagles-Fukuoka_SoftBank_Hawks,2026-09-26 18:00:00,2026,Tohoku Rakuten Golden Eagles,Fukuoka SoftBank Hawks,,,Scheduled,みずほPayPay,401,381,0.7402323510466395,0.55,0.45,2.3,0.3,5.3,3.9,3.0,3.6,22.0,22.0,0.10000000000000003,1.9999999999999998,1.4,-0.6000000000000001,0.0,,
20260927-Hiroshima_Toyo_Carp-Yokohama_DeNA_BayStars,2026-09-27 14:00:00,2026,Hiroshima Toyo Carp,Yokohama DeNA BayStars,,,Scheduled,横 浜,424,379,0.6235575000335521,0.5,0.55,0.05,-0.55,3.15,3.3,3.1,3.85,25.0,23.0,-0.050000000000000044,0.6000000000000001,-0.1499999999999999,-0.75,2.0,,
20260927-Orix_Buffaloes-Fukuoka_SoftBank_Hawks,2026-09-27 14:00:00,2026,Orix Buffaloes,Fukuoka SoftBank Hawks,,,Scheduled,みずほPayPay,401,386,0.7582746625642036,0.55,0.4,2.3,-1.3,5.3,3.6,3.0,4.9,23.0,23.0,0.15000000000000002,3.5999999999999996,1.6999999999999997,-1.9000000000000004,0.0,,
20260927-Hokkaido_Nippon-Ham_Fighters-Chiba_Lotte_Marines,2026-09-27 18:00:00,2026,Hokkaido Nippon-Ham Fighters,Chiba Lotte Marines,,,Scheduled,ZOZOマリン,380,398,0.3545046317414281,0.4,0.6,-2.15,1.05,3.15,4.75,5.3,3.7,23.0,23.0,-0.19999999999999996,-3.2,-1.6,1.5999999999999996,0.0,,
20260927-Tohoku_Rakuten_Golden_Eagles-Saitama_Seibu_Lions,2026-09-27 18:00:00,2026,Tohoku Rakuten Golden Eagles,Saitama Seibu Lions,,,Scheduled,ベルーナドーム,384,381,0.6467655337387337,0.65,0.45,0.25,0.3,3.2,3.9,2.95,3.6,23.0,23.0,0.2,-0.04999999999999999,-0.6999999999999997,-0.6499999999999999,0.0,,
20260927-Tokyo_Yakult_Swallows-Yomiuri_Giants,2026-09-27 18:00:00,2026,Tokyo Yakult Swallows,Yomiuri Giants,,,Scheduled,東京ドーム,391,383,0.69211344355907,0.5,0.425,0.5,0.25,3.4,3.7,2.9,3.45,23.0,23.0,0.07500000000000001,0.25,-0.30000000000000027,-0.5500000000000003,0.0,,
20260928-Hiroshima_Toyo_Carp-Yokohama_DeNA_BayStars,2026-09-28 18:00:00,2026,Hiroshima Toyo Carp,Yokohama DeNA BayStars,,,Scheduled,横 浜,424,379,0.6235575000335521,0.5,0.55,0.05,-0.55,3.15,3.3,3.1,3.85,26.0,24.0,-0.050000000000000044,0.6000000000000001,-0.1499999999999999,-0.75,2.0,,
20260928-Hokkaido_Nippon-Ham_Fighters-Chiba_Lotte_Marines,2026-09-28 18:00:00,2026,Hokkaido Nippon-Ham Fighters,Chiba Lotte Marines,,,Scheduled,ZOZOマリン,380,398,0.3545046317414281,0.4,0.6,-2.15,1.05,3.15,4.75,5.3,3.7,24.0,24.0,-0.19999999999999996,-3.2,-1.6,1.5999999999999996,0.0,,
20260928-Tohoku_Rakuten_Golden_Eagles-Saitama_Seibu_Lions,2026-09-28 18:00:00,2026,Tohoku Rakuten Golden Eagles,Saitama Seibu Lions,,,Scheduled,ベルーナドーム,384,381,0.6467655337387337,0.65,0.45,0.25,0.3,3.2,3.9,2.95,3.6,24.0,24.0,0.2,-0.04999999999999999,-0.6999999999999997,-0.6499999999999999,0.0,,
20260929-Chiba_Lotte_Marines-Tohoku_Rakuten_Golden_Eagles,2026-09-29 18:00:00,2026,Chiba Lotte Marines,Tohoku Rakuten Golden Eagles,,,Scheduled,楽天モバイル,381,380,0.5124104532901261,0.45,0.4,0.3,-2.15,3.9,3.15,3.6,5.3,25.0,25.0,0.04999999999999999,2.4499999999999997,0.75,-1.6999999999999997,0.0,,
20260929-Hiroshima_Toyo_Carp-Yomiuri_Giants,2026-09-29 18:00:00,2026,Hiroshima Toyo Carp,Yomiuri Giants,,,Scheduled,東京ドーム,391,379,0.6281765853018905,0.5,0.55,0.5,-0.55,3.4,3.3,2.9,3.85,25.0,25.0,-0.050000000000000044,1.05,0.10000000000000009,-0.9500000000000002,0.0,,
20260929-Orix_Buffaloes-Saitama_Seibu_Lions,2026-09-29 18:00:00,2026,Orix Buffaloes,Saitama Seibu Lions,,,Scheduled,ベルーナドーム,384,386,0.6683914505227003,0.65,0.4,0.25,-1.3,3.2,3.6,2.95,4.9,25.0,25.0,0.25,1.55,-0.3999999999999999,-1.9500000000000002,0.0,,
20260929-Tokyo_Yakult_Swallows-Hanshin_Tigers,2026-09-29 18:00:00,2026,Tokyo Yakult Swallows,Hanshin Tigers,,,Scheduled,甲子園,391,383,0.7599649039119609,0.7,0.425,1.2,0.25,3.8,3.7,2.6,3.45,26.0,25.0,0.27499999999999997,0.95,0.09999999999999964,-0.8500000000000001,1.0,,
20260930-Chiba_Lotte_Marines-Tohoku_Rakuten_Golden_Eagles,2026-09-30 18:00:00,2026,Chiba Lotte Marines,Tohoku Rakuten Golden Eagles,,,Scheduled,楽天モバイル,381,380,0.5124104532901261,0.45,0.4,0.3,-2.15,3.9,3.15,3.6,5.3,26.0,26.0,0.04999999999999999,2.4499999999999997,0.75,-1.6999999999999997,0.0,,
20260930-Tokyo_Yakult_Swallows-Hanshin_Tigers,2026-09-30 18:00:00,2026,Tokyo Yakult Swallows,Hanshin Tigers,,,Scheduled,甲子園,391,383,0.7599649039119609,0.7,0.425,1.2,0.25,3.8,3.7,2.6,3.45,27.0,26.0,0.27499999999999997,0.95,0.09999999999999964,-0.8500000000000001,1.0,,
20261001-Chunichi_Dragons-Hiroshima_Toyo_Carp,2026-10-01 18:00:00,2026,Chunichi Dragons,Hiroshima Toyo Carp,,,Scheduled,マツダスタジアム,379,386,0.5328393358835767,0.55,0.375,-0.55,-0.9,3.3,2.7,3.85,3.6,27.0,27.0,0.17500000000000004,0.35,0.5999999999999996,0.25,0.0,,
20261001-Fukuoka_SoftBank_Hawks-Tohoku_Rakuten_Golden_Eagles,2026-10-01 18:00:00,2026,Fukuoka SoftBank Hawks,Tohoku Rakuten Golden Eagles,,,Scheduled,楽天モバイル,381,401,0.3064182653968227,0.45,0.55,0.3,2.3,3.9,5.3,3.6,3.0,27.0,27.0,-0.10000000000000003,-1.9999999999999998,-1.4,0.6000000000000001,0.0,,
20261001-Yomiuri_Giants-Hanshin_Tigers,2026-10-01 18:00:00,2026,Yomiuri Giants,Hanshin Tigers,,,Scheduled,甲子園,391,391,0.6124441709403281,0.7,0.5,1.2,0.5,3.8,3.4,2.6,2.9,28.0,27.0,0.19999999999999996,0.7,0.3999999999999999,-0.2999999999999998,1.0,,
20261002-Fukuoka_SoftBank_Hawks-Chiba_Lotte_Marines,2026-10-02 18:00:00,2026,Fukuoka SoftBank Hawks,Chiba Lotte Marines,,,Scheduled,ZOZOマリン,380,401,0.3205074391030119,0.4,0.55,-2.15,2.3,3.15,5.3,5.3,3.0,28.0,28.0,-0.15000000000000002,-4.449999999999999,-2.15,2.3,0.0,,
20261002-Yomiuri_Giants-Tokyo_Yakult_Swallows,2026-10-02 18:00:00,2026,Yomiuri Giants,Tokyo Yakult Swallows,,,Scheduled,神 宮,383,391,0.3589878248749958,0.425,0.5,0.25,0.5,3.7,3.4,3.45,2.9,28.0,28.0,-0.07500000000000001,-0.25,0.30000000000000027,0.5500000000000003,0.0,,
20261003-Hanshin_Tigers-Hiroshima_Toyo_Carp,2026-10-03 14:00:00,2026,Hanshin Tigers,Hiroshima Toyo Carp,,,Scheduled,マツダスタジアム,379,391,0.34601271753066976,0.55,0.7,-0.55,1.2,3.3,3.8,3.85,2.6,29.0,30.0,-0.1499999999999999,-1.75,-0.5,1.25,-1.0,,
20261003-Fukuoka_SoftBank_Hawks-Chiba_Lotte_Marines,2026-10-03 18:00:00,2026,Fukuoka SoftBank Hawks,Chiba Lotte Marines,,,Scheduled,ZOZOマリン,380,401,0.3205074391030119,0.4,0.55,-2.15,2.3,3.15,5.3,5.3,3.0,29.0,29.0,-0.15000000000000002,-4.449999999999999,-2.15,2.3,0.0,,
20261003-Orix_Buffaloes-Tohoku_Rakuten_Golden_Eagles,2026-10-03 18:00:00,2026,Orix Buffaloes,Tohoku Rakuten Golden Eagles,,,Scheduled,楽天モバイル,381,386,0.5526036836126123,0.45,0.4,0.3,-1.3,3.9,3.6,3.6,4.9,29.0,29.0,0.04999999999999999,1.6,0.2999999999999998,-1.3000000000000003,0.0,,
20261003-Yokohama_DeNA_BayStars-Yomiuri_Giants,2026-10-03 18:00:00,2026,Yokohama DeNA BayStars,Yomiuri Giants,,,Scheduled,東京ドーム,391,424,0.5336629612754614,0.5,0.5,0.5,0.05,3.4,3.15,2.9,3.1,29.0,31.0,0.0,0.45,0.25,-0.20000000000000018,-2.0,,
20261004-Hanshin_Tigers-Yokohama_DeNA_BayStars,2026-10-04 18:00:00,2026,Hanshin Tigers,Yokohama DeNA BayStars,,,Scheduled,横 浜,424,391,0.4385457974374625,0.5,0.7,0.05,1.2,3.15,3.8,3.1,2.6,32.0,31.0,-0.19999999999999996,-1.15,-0.6499999999999999,0.5,1.0,,
20261004-Hiroshima_Toyo_Carp-Tokyo_Yakult_Swallows,2026-10-04 18:00:00,2026,Hiroshima Toyo Carp,Tokyo Yakult Swallows,,,Scheduled,神 宮,383,379,0.4574811951894405,0.425,0.55,0.25,-0.55,3.7,3.3,3.45,3.85,30.0,30.0,-0.12500000000000006,0.8,0.40000000000000036,-0.3999999999999999,0.0,,
20261004-Tohoku_Rakuten_Golden_Eagles-Chiba_Lotte_Marines,2026-10-04 18:00:00,2026,Tohoku Rakuten Golden Eagles,Chiba Lotte Marines,,,Scheduled,ZOZOマリン,380,381,0.5450292912109079,0.4,0.45,-2.15,0.3,3.15,3.9,5.3,3.6,30.0,30.0,-0.04999999999999999,-2.4499999999999997,-0.75,1.6999999999999997,0.0,,
