game_id,game_date,season,away,home,away_score,home_score,status,stadium,source
20220325-Chiba_Lotte_Marines-Tohoku_Rakuten_Golden_Eagles,2022-03-25 16:00:00,2022,Chiba Lotte Marines,Tohoku Rakuten Golden Eagles,4.0,0.0,Final,楽天生命パーク,https://npb.jp/games/2022/schedule_03_detail.html
20220325-Orix_Buffaloes-Saitama_Seibu_Lions,2022-03-25 18:00:00,2022,Orix Buffaloes,Saitama Seibu Lions,6.0,0.0,Final,ベルーナドーム,https://npb.jp/games/2022/schedule_03_detail.html
20220325-Tokyo_Yakult_Swallows-Hanshin_Tigers,2022-03-25 18:00:00,2022,Tokyo Yakult Swallows,Hanshin Tigers,10.0,8.0,Final,京セラD大阪,https://npb.jp/games/2022/schedule_03_detail.html
20220325-Chunichi_Dragons-Yomiuri_Giants,2022-03-25 18:15:00,2022,Chunichi Dragons,Yomiuri Giants,2.0,4.0,Final,東京ドーム,https://npb.jp/games/2022/schedule_03_detail.html
20220325-Hiroshima_Toyo_Carp-Yokohama_DeNA_BayStars,2022-03-25 18:30:00,2022,Hiroshima Toyo Carp,Yokohama DeNA BayStars,11.0,3.0,Final,横 浜,https://npb.jp/games/2022/schedule_03_detail.html
20220325-Hokkaido_Nippon-Ham_Fighters-Fukuoka_SoftBank_Hawks,2022-03-25 18:30:00,2022,Hokkaido Nippon-Ham Fighters,Fukuoka SoftBank Hawks,1.0,4.0,Final,PayPayドーム,https://npb.jp/games/2022/schedule_03_detail.html
20220326-Chiba_Lotte_Marines-Tohoku_Rakuten_Golden_Eagles,2022-03-26 14:00:00,2022,Chiba Lotte Marines,Tohoku Rakuten Golden Eagles,,,Postponed,楽天生命パーク,https://npb.jp/games/2022/schedule_03_detail.html
20220326-Chunichi_Dragons-Yomiuri_Giants,2022-03-26 14:00:00,2022,Chunichi Dragons,Yomiuri Giants,5.0,7.0,Final,東京ドーム,https://npb.jp/games/2022/schedule_03_detail.html
20220326-Hiroshima_Toyo_Carp-Yokohama_DeNA_BayStars,2022-03-26 14:00:00,2022,Hiroshima Toyo Carp,Yokohama DeNA BayStars,10.0,5.0,Final,横 浜,https://npb.jp/games/2022/schedule_03_detail.html
20220326-Hokkaido_Nippon-Ham_Fighters-Fukuoka_SoftBank_Hawks,2022-03-26 14:00:00,2022,Hokkaido Nippon-Ham Fighters,Fukuoka SoftBank Hawks,3.0,6.0,Final,PayPayドーム,https://npb.jp/games/2022/schedule_03_detail.html
20220326-Orix_Buffaloes-Saitama_Seibu_Lions,2022-03-26 14:00:00,2022,Orix Buffaloes,Saitama Seibu Lions,0.0,5.0,Final,ベルーナドーム,https://npb.jp/games/2022/schedule_03_detail.html
20220326-Tokyo_Yakult_Swallows-Hanshin_Tigers,2022-03-26 14:00:00,2022,Tokyo Yakult Swallows,Hanshin Tigers,6.0,0.0,Final,京セラD大阪,https://npb.jp/games/2022/schedule_03_detail.html
20220327-Chiba_Lotte_Marines-Tohoku_Rakuten_Golden_Eagles,2022-03-27 13:00:00,2022,Chiba Lotte Marines,Tohoku Rakuten Golden Eagles,5.0,6.0,Final,楽天生命パーク,https://npb.jp/games/2022/schedule_03_detail.html
20220327-Hokkaido_Nippon-Ham_Fighters-Fukuoka_SoftBank_Hawks,2022-03-27 13:00:00,2022,Hokkaido Nippon-Ham Fighters,Fukuoka SoftBank Hawks,4.0,6.0,Final,PayPayドーム,https://npb.jp/games/2022/schedule_03_detail.html
20220327-Chunichi_Dragons-Yomiuri_Giants,2022-03-27 14:00:00,2022,Chunichi Dragons,Yomiuri Giants,7.0,5.0,Final,東京ドーム,https://npb.jp/games/2022/schedule_03_detail.html
20220327-Hiroshima_Toyo_Carp-Yokohama_DeNA_BayStars,2022-03-27 14:00:00,2022,Hiroshima Toyo Carp,Yokohama DeNA BayStars,7.0,6.0,Final,横 浜,https://npb.jp/games/2022/schedule_03_detail.html
20220327-Orix_Buffaloes-Saitama_Seibu_Lions,2022-03-27 14:00:00,2022,Orix Buffaloes,Saitama Seibu Lions,6.0,7.0,Final,ベルーナドーム,https://npb.jp/games/2022/schedule_03_detail.html
20220327-Tokyo_Yakult_Swallows-Hanshin_Tigers,2022-03-27 14:00:00,2022,Tokyo Yakult Swallows,Hanshin Tigers,4.0,0.0,Final,京セラD大阪,https://npb.jp/games/2022/schedule_03_detail.html
20220329-Hanshin_Tigers-Hiroshima_Toyo_Carp,2022-03-29 18:00:00,2022,Hanshin Tigers,Hiroshima Toyo Carp,2.0,3.0,Final,マツダスタジアム,https://npb.jp/games/2022/schedule_03_detail.html
20220329-Tohoku_Rakuten_Golden_Eagles-Orix_Buffaloes,2022-03-29 18:00:00,2022,Tohoku Rakuten Golden Eagles,Orix Buffaloes,2.0,1.0,Final,京セラD大阪,https://npb.jp/games/2022/schedule_03_detail.html
20220329-Yomiuri_Giants-Tokyo_Yakult_Swallows,2022-03-29 18:00:00,2022,Yomiuri Giants,Tokyo Yakult Swallows,5.0,3.0,Final,神 宮,https://npb.jp/games/2022/schedule_03_detail.html
20220329-Yokohama_DeNA_BayStars-Chunichi_Dragons,2022-03-29 18:15:00,2022,Yokohama DeNA BayStars,Chunichi Dragons,4.0,0.0,Final,バンテリンドーム,https://npb.jp/games/2022/schedule_03_detail.html
20220329-Fukuoka_SoftBank_Hawks-Chiba_Lotte_Marines,2022-03-29 18:30:00,2022,Fukuoka SoftBank Hawks,Chiba Lotte Marines,2.0,1.0,Final,ZOZOマリン,https://npb.jp/games/2022/schedule_03_detail.html
20220329-Saitama_Seibu_Lions-Hokkaido_Nippon-Ham_Fighters,2022-03-29 18:30:00,2022,Saitama Seibu Lions,Hokkaido Nippon-Ham Fighters,4.0,0.0,Final,札幌ドーム,https://npb.jp/games/2022/schedule_03_detail.html
20220330-Fukuoka_SoftBank_Hawks-Chiba_Lotte_Marines,2022-03-30 14:00:00,2022,Fukuoka SoftBank Hawks,Chiba Lotte Marines,4.0,3.0,Final,ZOZOマリン,https://npb.jp/games/2022/schedule_03_detail.html
20220330-Hanshin_Tigers-Hiroshima_Toyo_Carp,2022-03-30 18:00:00,2022,Hanshin Tigers,Hiroshima Toyo Carp,3.0,8.0,Final,マツダスタジアム,https://npb.jp/games/2022/schedule_03_detail.html
20220330-Saitama_Seibu_Lions-Hokkaido_Nippon-Ham_Fighters,2022-03-30 18:00:00,2022,Saitama Seibu Lions,Hokkaido Nippon-Ham Fighters,5.0,3.0,Final,札幌ドーム,https://npb.jp/games/2022/schedule_03_detail.html
20220330-Tohoku_Rakuten_Golden_Eagles-Orix_Buffaloes,2022-03-30 18:00:00,2022,Tohoku Rakuten Golden Eagles,Orix Buffaloes,6.0,1.0,Final,京セラD大阪,https://npb.jp/games/2022/schedule_03_detail.html
20220330-Yokohama_DeNA_BayStars-Chunichi_Dragons,2022-03-30 18:00:00,2022,Yokohama DeNA BayStars,Chunichi Dragons,7.0,6.0,Final,バンテリンドーム,https://npb.jp/games/2022/schedule_03_detail.html
20220330-Yomiuri_Giants-Tokyo_Yakult_Swallows,2022-03-30 18:00:00,2022,Yomiuri Giants,Tokyo Yakult Swallows,3.0,1.0,Final,神 宮,https://npb.jp/games/2022/schedule_03_detail.html
20220331-Fukuoka_SoftBank_Hawks-Chiba_Lotte_Marines,2022-03-31 14:00:00,2022,Fukuoka SoftBank Hawks,Chiba Lotte Marines,3.0,1.0,Final,ZOZOマリン,https://npb.jp/games/2022/schedule_03_detail.html
20220331-Hanshin_Tigers-Hiroshima_Toyo_Carp,2022-03-31 18:00:00,2022,Hanshin Tigers,Hiroshima Toyo Carp,2.0,3.0,Final,マツダスタジアム,https://npb.jp/games/2022/schedule_03_detail.html
20220331-Saitama_Seibu_Lions-Hokkaido_Nippon-Ham_Fighters,2022-03-31 18:00:00,2022,Saitama Seibu Lions,Hokkaido Nippon-Ham Fighters,2.0,6.0,Final,札幌ドーム,https://npb.jp/games/2022/schedule_03_detail.html
20220331-Tohoku_Rakuten_Golden_Eagles-Orix_Buffaloes,2022-03-31 18:00:00,2022,Tohoku Rakuten Golden Eagles,Orix Buffaloes,1.0,0.0,Final,京セラD大阪,https://npb.jp/games/2022/schedule_03_detail.html
20220331-Yokohama_DeNA_BayStars-Chunichi_Dragons,2022-03-31 18:00:00,2022,Yokohama DeNA BayStars,Chunichi Dragons,1.0,0.0,Final,バンテリンドーム,https://npb.jp/games/2022/schedule_03_detail.html
20220331-Yomiuri_Giants-Tokyo_Yakult_Swallows,2022-03-31 18:00:00,2022,Yomiuri Giants,Tokyo Yakult Swallows,6.0,3.0,Final,神 宮,https://npb.jp/games/2022/schedule_03_detail.html
20220401-Fukuoka_SoftBank_Hawks-Tohoku_Rakuten_Golden_Eagles,2022-04-01 18:00:00,2022,Fukuoka SoftBank Hawks,Tohoku Rakuten Golden Eagles,1.0,0.0,Final,楽天生命パーク,https://npb.jp/games/2022/schedule_04_detail.html
20220401-Hanshin_Tigers-Yomiuri_Giants,2022-04-01 18:00:00,2022,Hanshin Tigers,Yomiuri Giants,5.0,6.0,Final,東京ドーム,https://npb.jp/games/2022/schedule_04_detail.html
20220401-Hiroshima_Toyo_Carp-Chunichi_Dragons,2022-04-01 18:00:00,2022,Hiroshima Toyo Carp,Chunichi Dragons,2.0,3.0,Final,バンテリンドーム,https://npb.jp/games/2022/schedule_04_detail.html
20220401-Hokkaido_Nippon-Ham_Fighters-Orix_Buffaloes,2022-04-01 18:00:00,2022,Hokkaido Nippon-Ham Fighters,Orix Buffaloes,0.0,2.0,Final,京セラD大阪,https://npb.jp/games/2022/schedule_04_detail.html
20220401-Saitama_Seibu_Lions-Chiba_Lotte_Marines,2022-04-01 18:00:00,2022,Saitama Seibu Lions,Chiba Lotte Marines,1.0,2.0,Final,ZOZOマリン,https://npb.jp/games/2022/schedule_04_detail.html
20220401-Yokohama_DeNA_BayStars-Tokyo_Yakult_Swallows,2022-04-01 18:00:00,2022,Yokohama DeNA BayStars,Tokyo Yakult Swallows,6.0,1.0,Final,神 宮,https://npb.jp/games/2022/schedule_04_detail.html
20220402-Fukuoka_SoftBank_Hawks-Tohoku_Rakuten_Golden_Eagles,2022-04-02 14:00:00,2022,Fukuoka SoftBank Hawks,Tohoku Rakuten Golden Eagles,,,Postponed,楽天生命パーク,https://npb.jp/games/2022/schedule_04_detail.html
20220402-Hanshin_Tigers-Yomiuri_Giants,2022-04-02 14:00:00,2022,Hanshin Tigers,Yomiuri Giants,4.0,5.0,Final,東京ドーム,https://npb.jp/games/2022/schedule_04_detail.html
20220402-Hiroshima_Toyo_Carp-Chunichi_Dragons,2022-04-02 14:00:00,2022,Hiroshima Toyo Carp,Chunichi Dragons,3.0,4.0,Final,バンテリンドーム,https://npb.jp/games/2022/schedule_04_detail.html
20220402-Hokkaido_Nippon-Ham_Fighters-Orix_Buffaloes,2022-04-02 14:00:00,2022,Hokkaido Nippon-Ham Fighters,Orix Buffaloes,0.0,7.0,Final,京セラD大阪,https://npb.jp/games/2022/schedule_04_detail.html
20220402-Saitama_Seibu_Lions-Chiba_Lotte_Marines,2022-04-02 14:00:00,2022,Saitama Seibu Lions,Chiba Lotte Marines,1.0,8.0,Final,ZOZOマリン,https://npb.jp/games/2022/schedule_04_detail.html
20220402-Yokohama_DeNA_BayStars-Tokyo_Yakult_Swallows,2022-04-02 14:00:00,2022,Yokohama DeNA BayStars,Tokyo Yakult Swallows,2.0,3.0,Final,神 宮,https://npb.jp/games/2022/schedule_04_detail.html
20220403-Hanshin_Tigers-Yomiuri_Giants,2022-04-03 13:00:00,2022,Hanshin Tigers,Yomiuri Giants,5.0,9.0,Final,東京ドーム,https://npb.jp/games/2022/schedule_04_detail.html
20220403-Hokkaido_Nippon-Ham_Fighters-Orix_Buffaloes,2022-04-03 13:00:00,2022,Hokkaido Nippon-Ham Fighters,Orix Buffaloes,2.0,4.0,Final,京セラD大阪,https://npb.jp/games/2022/schedule_04_detail.html
20220403-Yokohama_DeNA_BayStars-Tokyo_Yakult_Swallows,2022-04-03 13:00:00,2022,Yokohama DeNA BayStars,Tokyo Yakult Swallows,,,Postponed,神 宮,https://npb.jp/games/2022/schedule_04_detail.html
20220403-Hiroshima_Toyo_Carp-Chunichi_Dragons,2022-04-03 14:00:00,2022,Hiroshima Toyo Carp,Chunichi Dragons,0.0,1.0,Final,バンテリンドーム,https://npb.jp/games/2022/schedule_04_detail.html
20220403-Saitama_Seibu_Lions-Chiba_Lotte_Marines,2022-04-03 14:00:00,2022,Saitama Seibu Lions,Chiba Lotte Marines,2.0,4.0,Final,ZOZOマリン,https://npb.jp/games/2022/schedule_04_detail.html
20220405-Saitama_Seibu_Lions-Tohoku_Rakuten_Golden_Eagles,2022-04-05 14:00:00,2022,Saitama Seibu Lions,Tohoku Rakuten Golden Eagles,3.0,7.0,Final,楽天生命パーク,https://npb.jp/games/2022/schedule_04_detail.html
20220405-Chiba_Lotte_Marines-Hokkaido_Nippon-Ham_Fighters,2022-04-05 18:00:00,2022,Chiba Lotte Marines,Hokkaido Nippon-Ham Fighters,2.0,0.0,Final,札幌ドーム,https://npb.jp/games/2022/schedule_04_detail.html
20220405-Chunichi_Dragons-Tokyo_Yakult_Swallows,2022-04-05 18:00:00,2022,Chunichi Dragons,Tokyo Yakult Swallows,7.0,6.0,Final,神 宮,https://npb.jp/games/2022/schedule_04_detail.html
20220405-Orix_Buffaloes-Fukuoka_SoftBank_Hawks,2022-04-05 18:00:00,2022,Orix Buffaloes,Fukuoka SoftBank Hawks,3.0,6.0,Final,PayPayドーム,https://npb.jp/games/2022/schedule_04_detail.html
20220405-Yokohama_DeNA_BayStars-Hanshin_Tigers,2022-04-05 18:00:00,2022,Yokohama DeNA BayStars,Hanshin Tigers,0.0,4.0,Final,甲子園,https://npb.jp/games/2022/schedule_04_detail.html
20220405-Yomiuri_Giants-Hiroshima_Toyo_Carp,2022-04-05 18:00:00,2022,Yomiuri Giants,Hiroshima Toyo Carp,1.0,3.0,Final,マツダスタジアム,https://npb.jp/games/2022/schedule_04_detail.html
20220406-Saitama_Seibu_Lions-Tohoku_Rakuten_Golden_Eagles,2022-04-06 14:00:00,2022,Saitama Seibu Lions,Tohoku Rakuten Golden Eagles,2.0,7.0,Final,楽天生命パーク,https://npb.jp/games/2022/schedule_04_detail.html
20220406-Chiba_Lotte_Marines-Hokkaido_Nippon-Ham_Fighters,2022-04-06 18:00:00,2022,Chiba Lotte Marines,Hokkaido Nippon-Ham Fighters,2.0,3.0,Final,札幌ドーム,https://npb.jp/games/2022/schedule_04_detail.html
20220406-Chunichi_Dragons-Tokyo_Yakult_Swallows,2022-04-06 18:00:00,2022,Chunichi Dragons,Tokyo Yakult Swallows,1.0,2.0,Final,神 宮,https://npb.jp/games/2022/schedule_04_detail.html
20220406-Orix_Buffaloes-Fukuoka_SoftBank_Hawks,2022-04-06 18:00:00,2022,Orix Buffaloes,Fukuoka SoftBank Hawks,3.0,1.0,Final,PayPayドーム,https://npb.jp/games/2022/schedule_04_detail.html
20220406-Yokohama_DeNA_BayStars-Hanshin_Tigers,2022-04-06 18:00:00,2022,Yokohama DeNA BayStars,Hanshin Tigers,6.0,1.0,Final,甲子園,https://npb.jp/games/2022/schedule_04_detail.html
20220406-Yomiuri_Giants-Hiroshima_Toyo_Carp,2022-04-06 18:00:00,2022,Yomiuri Giants,Hiroshima Toyo Carp,2.0,1.0,Final,マツダスタジアム,https://npb.jp/games/2022/schedule_04_detail.html
20220407-Chunichi_Dragons-Tokyo_Yakult_Swallows,2022-04-07 18:00:00,2022,Chunichi Dragons,Tokyo Yakult Swallows,11.0,3.0,Final,神 宮,https://npb.jp/games/2022/schedule_04_detail.html
20220407-Orix_Buffaloes-Fukuoka_SoftBank_Hawks,2022-04-07 18:00:00,2022,Orix Buffaloes,Fukuoka SoftBank Hawks,3.0,7.0,Final,PayPayドーム,https://npb.jp/games/2022/schedule_04_detail.html
20220407-Yokohama_DeNA_BayStars-Hanshin_Tigers,2022-04-07 18:00:00,2022,Yokohama DeNA BayStars,Hanshin Tigers,,,Postponed,甲子園,https://npb.jp/games/2022/schedule_04_detail.html
20220407-Yomiuri_Giants-Hiroshima_Toyo_Carp,2022-04-07 18:00:00,2022,Yomiuri Giants,Hiroshima Toyo Carp,2.0,9.0,Final,マツダスタジアム,https://npb.jp/games/2022/schedule_04_detail.html
20220408-Chunichi_Dragons-Yokohama_DeNA_BayStars,2022-04-08 18:00:00,2022,Chunichi Dragons,Yokohama DeNA BayStars,,,Postponed,横 浜,https://npb.jp/games/2022/schedule_04_detail.html
20220408-Fukuoka_SoftBank_Hawks-Saitama_Seibu_Lions,2022-04-08 18:00:00,2022,Fukuoka SoftBank Hawks,Saitama Seibu Lions,8.0,1.0,Final,ベルーナドーム,https://npb.jp/games/2022/schedule_04_detail.html
20220408-Hiroshima_Toyo_Carp-Hanshin_Tigers,2022-04-08 18:00:00,2022,Hiroshima Toyo Carp,Hanshin Tigers,3.0,3.0,Final,甲子園,https://npb.jp/games/2022/schedule_04_detail.html
20220408-Orix_Buffaloes-Chiba_Lotte_Marines,2022-04-08 18:00:00,2022,Orix Buffaloes,Chiba Lotte Marines,0.0,5.0,Final,ZOZOマリン,https://npb.jp/games/2022/schedule_04_detail.html
20220408-Tohoku_Rakuten_Golden_Eagles-Hokkaido_Nippon-Ham_Fighters,2022-04-08 18:00:00,2022,Tohoku Rakuten Golden Eagles,Hokkaido Nippon-Ham Fighters,3.0,0.0,Final,札幌ドーム,https://npb.jp/games/2022/schedule_04_detail.html
20220408-Tokyo_Yakult_Swallows-Yomiuri_Giants,2022-04-08 18:00:00,2022,Tokyo Yakult Swallows,Yomiuri Giants,7.0,2.0,Final,東京ドーム,https://npb.jp/games/2022/schedule_04_detail.html
20220409-Hiroshima_Toyo_Carp-Hanshin_Tigers,2022-04-09 14:00:00,2022,Hiroshima Toyo Carp,Hanshin Tigers,9.0,1.0,Final,甲子園,https://npb.jp/games/2022/schedule_04_detail.html
20220409-Orix_Buffaloes-Chiba_Lotte_Marines,2022-04-09 14:00:00,2022,Orix Buffaloes,Chiba Lotte Marines,4.0,2.0,Final,ZOZOマリン,https://npb.jp/games/2022/schedule_04_detail.html
20220409-Tohoku_Rakuten_Golden_Eagles-Hokkaido_Nippon-Ham_Fighters,2022-04-09 14:00:00,2022,Tohoku Rakuten Golden Eagles,Hokkaido Nippon-Ham Fighters,8.0,5.0,Final,札幌ドーム,https://npb.jp/games/2022/schedule_04_detail.html
20220409-Tokyo_Yakult_Swallows-Yomiuri_Giants,2022-04-09 14:00:00,2022,Tokyo Yakult Swallows,Yomiuri Giants,2.0,3.0,Final,東京ドーム,https://npb.jp/games/2022/schedule_04_detail.html
20220409-Fukuoka_SoftBank_Hawks-Saitama_Seibu_Lions,2022-04-09 18:00:00,2022,Fukuoka SoftBank Hawks,Saitama Seibu Lions,0.0,0.0,Final,ベルーナドーム,https://npb.jp/games/2022/schedule_04_detail.html
20220410-Fukuoka_SoftBank_Hawks-Saitama_Seibu_Lions,2022-04-10 13:00:00,2022,Fukuoka SoftBank Hawks,Saitama Seibu Lions,0.0,6.0,Final,ベルーナドーム,https://npb.jp/games/2022/schedule_04_detail.html
20220410-Hiroshima_Toyo_Carp-Hanshin_Tigers,2022-04-10 14:00:00,2022,Hiroshima Toyo Carp,Hanshin Tigers,1.0,0.0,Final,甲子園,https://npb.jp/games/2022/schedule_04_detail.html
20220410-Orix_Buffaloes-Chiba_Lotte_Marines,2022-04-10 14:00:00,2022,Orix Buffaloes,Chiba Lotte Marines,0.0,6.0,Final,ZOZOマリン,https://npb.jp/games/2022/schedule_04_detail.html
20220410-Tohoku_Rakuten_Golden_Eagles-Hokkaido_Nippon-Ham_Fighters,2022-04-10 14:00:00,2022,Tohoku Rakuten Golden Eagles,Hokkaido Nippon-Ham Fighters,2.0,3.0,Final,札幌ドーム,https://npb.jp/games/2022/schedule_04_detail.html
20220410-Tokyo_Yakult_Swallows-Yomiuri_Giants,2022-04-10 14:00:00,2022,Tokyo Yakult Swallows,Yomiuri Giants,2.0,1.0,Final,東京ドーム,https://npb.jp/games/2022/schedule_04_detail.html
20220412-Chiba_Lotte_Marines-Fukuoka_SoftBank_Hawks,2022-04-12 18:00:00,2022,Chiba Lotte Marines,Fukuoka SoftBank Hawks,3.0,0.0,Final,長 崎,https://npb.jp/games/2022/schedule_04_detail.html
20220412-Hanshin_Tigers-Chunichi_Dragons,2022-04-12 18:00:00,2022,Hanshin Tigers,Chunichi Dragons,1.0,2.0,Final,バンテリンドーム,https://npb.jp/games/2022/schedule_04_detail.html
20220412-Hiroshima_Toyo_Carp-Tokyo_Yakult_Swallows,2022-04-12 18:00:00,2022,Hiroshima Toyo Carp,Tokyo Yakult Swallows,1.0,3.0,Final,松 山,https://npb.jp/games/2022/schedule_04_detail.html
20220412-Hokkaido_Nippon-Ham_Fighters-Saitama_Seibu_Lions,2022-04-12 18:00:00,2022,Hokkaido Nippon-Ham Fighters,Saitama Seibu Lions,3.0,0.0,Final,ベルーナドーム,https://npb.jp/games/2022/schedule_04_detail.html
20220412-Yokohama_DeNA_BayStars-Yomiuri_Giants,2022-04-12 18:00:00,2022,Yokohama DeNA BayStars,Yomiuri Giants,4.0,10.0,Final,那 覇,https://npb.jp/games/2022/schedule_04_detail.html
20220413-Hanshin_Tigers-Chunichi_Dragons,2022-04-13 18:00:00,2022,Hanshin Tigers,Chunichi Dragons,0.0,1.0,Final,バンテリンドーム,https://npb.jp/games/2022/schedule_04_detail.html
20220413-Hiroshima_Toyo_Carp-Tokyo_Yakult_Swallows,2022-04-13 18:00:00,2022,Hiroshima Toyo Carp,Tokyo Yakult Swallows,5.0,1.0,Final,松 山,https://npb.jp/games/2022/schedule_04_detail.html
20220413-Hokkaido_Nippon-Ham_Fighters-Saitama_Seibu_Lions,2022-04-13 18:00:00,2022,Hokkaido Nippon-Ham Fighters,Saitama Seibu Lions,3.0,4.0,Final,ベルーナドーム,https://npb.jp/games/2022/schedule_04_detail.html
20220413-Yokohama_DeNA_BayStars-Yomiuri_Giants,2022-04-13 18:00:00,2022,Yokohama DeNA BayStars,Yomiuri Giants,3.0,4.0,Final,那 覇,https://npb.jp/games/2022/schedule_04_detail.html
20220414-Chiba_Lotte_Marines-Fukuoka_SoftBank_Hawks,2022-04-14 18:00:00,2022,Chiba Lotte Marines,Fukuoka SoftBank Hawks,0.0,4.0,Final,PayPayドーム,https://npb.jp/games/2022/schedule_04_detail.html
20220414-Hanshin_Tigers-Chunichi_Dragons,2022-04-14 18:00:00,2022,Hanshin Tigers,Chunichi Dragons,1.0,4.0,Final,バンテリンドーム,https://npb.jp/games/2022/schedule_04_detail.html
20220415-Hokkaido_Nippon-Ham_Fighters-Chiba_Lotte_Marines,2022-04-15 18:00:00,2022,Hokkaido Nippon-Ham Fighters,Chiba Lotte Marines,,,Postponed,ZOZOマリン,https://npb.jp/games/2022/schedule_04_detail.html
20220415-Saitama_Seibu_Lions-Orix_Buffaloes,2022-04-15 18:00:00,2022,Saitama Seibu Lions,Orix Buffaloes,6.0,1.0,Final,京セラD大阪,https://npb.jp/games/2022/schedule_04_detail.html
20220415-Tokyo_Yakult_Swallows-Yokohama_DeNA_BayStars,2022-04-15 18:00:00,2022,Tokyo Yakult Swallows,Yokohama DeNA BayStars,3.0,2.0,Final,横 浜,https://npb.jp/games/2022/schedule_04_detail.html
20220415-Yomiuri_Giants-Hanshin_Tigers,2022-04-15 18:00:00,2022,Yomiuri Giants,Hanshin Tigers,1.0,4.0,Final,甲子園,https://npb.jp/games/2022/schedule_04_detail.html
20220416-Tohoku_Rakuten_Golden_Eagles-Fukuoka_SoftBank_Hawks,2022-04-16 13:00:00,2022,Tohoku Rakuten Golden Eagles,Fukuoka SoftBank Hawks,6.0,5.0,Final,北九州,https://npb.jp/games/2022/schedule_04_detail.html
20220416-Chunichi_Dragons-Hiroshima_Toyo_Carp,2022-04-16 14:00:00,2022,Chunichi Dragons,Hiroshima Toyo Carp,2.0,3.0,Final,マツダスタジアム,https://npb.jp/games/2022/schedule_04_detail.html
20220416-Hokkaido_Nippon-Ham_Fighters-Chiba_Lotte_Marines,2022-04-16 14:00:00,2022,Hokkaido Nippon-Ham Fighters,Chiba Lotte Marines,11.0,4.0,Final,ZOZOマリン,https://npb.jp/games/2022/schedule_04_detail.html
20220416-Saitama_Seibu_Lions-Orix_Buffaloes,2022-04-16 14:00:00,2022,Saitama Seibu Lions,Orix Buffaloes,0.0,3.0,Final,京セラD大阪,https://npb.jp/games/2022/schedule_04_detail.html
20220416-Tokyo_Yakult_Swallows-Yokohama_DeNA_BayStars,2022-04-16 14:00:00,2022,Tokyo Yakult Swallows,Yokohama DeNA BayStars,0.0,6.0,Final,横 浜,https://npb.jp/games/2022/schedule_04_detail.html
20220416-Yomiuri_Giants-Hanshin_Tigers,2022-04-16 14:00:00,2022,Yomiuri Giants,Hanshin Tigers,1.0,2.0,Final,甲子園,https://npb.jp/games/2022/schedule_04_detail.html
20220417-Saitama_Seibu_Lions-Orix_Buffaloes,2022-04-17 13:00:00,2022,Saitama Seibu Lions,Orix Buffaloes,3.0,4.0,Final,京セラD大阪,https://npb.jp/games/2022/schedule_04_detail.html
20220417-Chunichi_Dragons-Hiroshima_Toyo_Carp,2022-04-17 13:30:00,2022,Chunichi Dragons,Hiroshima Toyo Carp,10.0,4.0,Final,マツダスタジアム,https://npb.jp/games/2022/schedule_04_detail.html
20220417-Hokkaido_Nippon-Ham_Fighters-Chiba_Lotte_Marines,2022-04-17 14:00:00,2022,Hokkaido Nippon-Ham Fighters,Chiba Lotte Marines,1.0,0.0,Final,ZOZOマリン,https://npb.jp/games/2022/schedule_04_detail.html
20220417-Tohoku_Rakuten_Golden_Eagles-Fukuoka_SoftBank_Hawks,2022-04-17 14:00:00,2022,Tohoku Rakuten Golden Eagles,Fukuoka SoftBank Hawks,14.0,4.0,Final,鹿児島,https://npb.jp/games/2022/schedule_04_detail.html
20220417-Tokyo_Yakult_Swallows-Yokohama_DeNA_BayStars,2022-04-17 14:00:00,2022,Tokyo Yakult Swallows,Yokohama DeNA BayStars,5.0,4.0,Final,横 浜,https://npb.jp/games/2022/schedule_04_detail.html
20220417-Yomiuri_Giants-Hanshin_Tigers,2022-04-17 14:00:00,2022,Yomiuri Giants,Hanshin Tigers,3.0,1.0,Final,甲子園,https://npb.jp/games/2022/schedule_04_detail.html
20220419-Chiba_Lotte_Marines-Saitama_Seibu_Lions,2022-04-19 18:00:00,2022,Chiba Lotte Marines,Saitama Seibu Lions,0.0,4.0,Final,ベルーナドーム,https://npb.jp/games/2022/schedule_04_detail.html
20220419-Fukuoka_SoftBank_Hawks-Orix_Buffaloes,2022-04-19 18:00:00,2022,Fukuoka SoftBank Hawks,Orix Buffaloes,3.0,0.0,Final,京セラD大阪,https://npb.jp/games/2022/schedule_04_detail.html
20220419-Hanshin_Tigers-Yokohama_DeNA_BayStars,2022-04-19 18:00:00,2022,Hanshin Tigers,Yokohama DeNA BayStars,4.0,5.0,Final,横 浜,https://npb.jp/games/2022/schedule_04_detail.html
20220419-Hiroshima_Toyo_Carp-Yomiuri_Giants,2022-04-19 18:00:00,2022,Hiroshima Toyo Carp,Yomiuri Giants,1.0,3.0,Final,東京ドーム,https://npb.jp/games/2022/schedule_04_detail.html
20220419-Hokkaido_Nippon-Ham_Fighters-Tohoku_Rakuten_Golden_Eagles,2022-04-19 18:00:00,2022,Hokkaido Nippon-Ham Fighters,Tohoku Rakuten Golden Eagles,2.0,0.0,Final,楽天生命パーク,https://npb.jp/games/2022/schedule_04_detail.html
20220419-Tokyo_Yakult_Swallows-Chunichi_Dragons,2022-04-19 18:00:00,2022,Tokyo Yakult Swallows,Chunichi Dragons,12.0,4.0,Final,バンテリンドーム,https://npb.jp/games/2022/schedule_04_detail.html
20220420-Chiba_Lotte_Marines-Saitama_Seibu_Lions,2022-04-20 18:00:00,2022,Chiba Lotte Marines,Saitama Seibu Lions,0.0,3.0,Final,ベルーナドーム,https://npb.jp/games/2022/schedule_04_detail.html
20220420-Fukuoka_SoftBank_Hawks-Orix_Buffaloes,2022-04-20 18:00:00,2022,Fukuoka SoftBank Hawks,Orix Buffaloes,2.0,3.0,Final,京セラD大阪,https://npb.jp/games/2022/schedule_04_detail.html
20220420-Hanshin_Tigers-Yokohama_DeNA_BayStars,2022-04-20 18:00:00,2022,Hanshin Tigers,Yokohama DeNA BayStars,0.0,1.0,Final,横 浜,https://npb.jp/games/2022/schedule_04_detail.html
20220420-Hiroshima_Toyo_Carp-Yomiuri_Giants,2022-04-20 18:00:00,2022,Hiroshima Toyo Carp,Yomiuri Giants,3.0,5.0,Final,東京ドーム,https://npb.jp/games/2022/schedule_04_detail.html
20220420-Hokkaido_Nippon-Ham_Fighters-Tohoku_Rakuten_Golden_Eagles,2022-04-20 18:00:00,2022,Hokkaido Nippon-Ham Fighters,Tohoku Rakuten Golden Eagles,2.0,4.0,Final,楽天生命パーク,https://npb.jp/games/2022/schedule_04_detail.html
20220420-Tokyo_Yakult_Swallows-Chunichi_Dragons,2022-04-20 18:00:00,2022,Tokyo Yakult Swallows,Chunichi Dragons,1.0,4.0,Final,バンテリンドーム,https://npb.jp/games/2022/schedule_04_detail.html
20220421-Fukuoka_SoftBank_Hawks-Orix_Buffaloes,2022-04-21 18:00:00,2022,Fukuoka SoftBank Hawks,Orix Buffaloes,2.0,3.0,Final,京セラD大阪,https://npb.jp/games/2022/schedule_04_detail.html
20220421-Hanshin_Tigers-Yokohama_DeNA_BayStars,2022-04-21 18:00:00,2022,Hanshin Tigers,Yokohama DeNA BayStars,5.0,7.0,Final,横 浜,https://npb.jp/games/2022/schedule_04_detail.html
20220421-Hiroshima_Toyo_Carp-Yomiuri_Giants,2022-04-21 18:00:00,2022,Hiroshima Toyo Carp,Yomiuri Giants,4.0,8.0,Final,東京ドーム,https://npb.jp/games/2022/schedule_04_detail.html
20220421-Hokkaido_Nippon-Ham_Fighters-Tohoku_Rakuten_Golden_Eagles,2022-04-21 18:00:00,2022,Hokkaido Nippon-Ham Fighters,Tohoku Rakuten Golden Eagles,5.0,8.0,Final,楽天生命パーク,https://npb.jp/games/2022/schedule_04_detail.html
20220422-Chiba_Lotte_Marines-Orix_Buffaloes,2022-04-22 18:00:00,2022,Chiba Lotte Marines,Orix Buffaloes,4.0,0.0,Final,京セラD大阪,https://npb.jp/games/2022/schedule_04_detail.html
20220422-Fukuoka_SoftBank_Hawks-Hokkaido_Nippon-Ham_Fighters,2022-04-22 18:00:00,2022,Fukuoka SoftBank Hawks,Hokkaido Nippon-Ham Fighters,5.0,12.0,Final,札幌ドーム,https://npb.jp/games/2022/schedule_04_detail.html
20220422-Hanshin_Tigers-Tokyo_Yakult_Swallows,2022-04-22 18:00:00,2022,Hanshin Tigers,Tokyo Yakult Swallows,6.0,0.0,Final,神 宮,https://npb.jp/games/2022/schedule_04_detail.html
20220422-Tohoku_Rakuten_Golden_Eagles-Saitama_Seibu_Lions,2022-04-22 18:00:00,2022,Tohoku Rakuten Golden Eagles,Saitama Seibu Lions,0.0,3.0,Final,ベルーナドーム,https://npb.jp/games/2022/schedule_04_detail.html
20220422-Yokohama_DeNA_BayStars-Hiroshima_Toyo_Carp,2022-04-22 18:00:00,2022,Yokohama DeNA BayStars,Hiroshima Toyo Carp,1.0,6.0,Final,マツダスタジアム,https://npb.jp/games/2022/schedule_04_detail.html
20220422-Yomiuri_Giants-Chunichi_Dragons,2022-04-22 18:00:00,2022,Yomiuri Giants,Chunichi Dragons,7.0,2.0,Final,バンテリンドーム,https://npb.jp/games/2022/schedule_04_detail.html
20220423-Chiba_Lotte_Marines-Orix_Buffaloes,2022-04-23 14:00:00,2022,Chiba Lotte Marines,Orix Buffaloes,2.0,3.0,Final,京セラD大阪,https://npb.jp/games/2022/schedule_04_detail.html
20220423-Fukuoka_SoftBank_Hawks-Hokkaido_Nippon-Ham_Fighters,2022-04-23 14:00:00,2022,Fukuoka SoftBank Hawks,Hokkaido Nippon-Ham Fighters,9.0,3.0,Final,札幌ドーム,https://npb.jp/games/2022/schedule_04_detail.html
20220423-Tohoku_Rakuten_Golden_Eagles-Saitama_Seibu_Lions,2022-04-23 14:00:00,2022,Tohoku Rakuten Golden Eagles,Saitama Seibu Lions,7.0,3.0,Final,ベルーナドーム,https://npb.jp/games/2022/schedule_04_detail.html
20220423-Yokohama_DeNA_BayStars-Hiroshima_Toyo_Carp,2022-04-23 14:00:00,2022,Yokohama DeNA BayStars,Hiroshima Toyo Carp,0.0,6.0,Final,マツダスタジアム,https://npb.jp/games/2022/schedule_04_detail.html
20220423-Yomiuri_Giants-Chunichi_Dragons,2022-04-23 14:00:00,2022,Yomiuri Giants,Chunichi Dragons,3.0,0.0,Final,バンテリンドーム,https://npb.jp/games/2022/schedule_04_detail.html
20220423-Hanshin_Tigers-Tokyo_Yakult_Swallows,2022-04-23 18:00:00,2022,Hanshin Tigers,Tokyo Yakult Swallows,0.0,1.0,Final,神 宮,https://npb.jp/games/2022/schedule_04_detail.html
20220424-Chiba_Lotte_Marines-Orix_Buffaloes,2022-04-24 13:00:00,2022,Chiba Lotte Marines,Orix Buffaloes,6.0,3.0,Final,京セラD大阪,https://npb.jp/games/2022/schedule_04_detail.html
20220424-Yokohama_DeNA_BayStars-Hiroshima_Toyo_Carp,2022-04-24 13:30:00,2022,Yokohama DeNA BayStars,Hiroshima Toyo Carp,4.0,5.0,Final,マツダスタジアム,https://npb.jp/games/2022/schedule_04_detail.html
20220424-Fukuoka_SoftBank_Hawks-Hokkaido_Nippon-Ham_Fighters,2022-04-24 14:00:00,2022,Fukuoka SoftBank Hawks,Hokkaido Nippon-Ham Fighters,11.0,4.0,Final,札幌ドーム,https://npb.jp/games/2022/schedule_04_detail.html
20220424-Tohoku_Rakuten_Golden_Eagles-Saitama_Seibu_Lions,2022-04-24 14:00:00,2022,Tohoku Rakuten Golden Eagles,Saitama Seibu Lions,3.0,6.0,Final,ベルーナドーム,https://npb.jp/games/2022/schedule_04_detail.html
20220424-Yomiuri_Giants-Chunichi_Dragons,2022-04-24 14:00:00,2022,Yomiuri Giants,Chunichi Dragons,6.0,7.0,Final,バンテリンドーム,https://npb.jp/games/2022/schedule_04_detail.html
20220424-Hanshin_Tigers-Tokyo_Yakult_Swallows,2022-04-24 18:00:00,2022,Hanshin Tigers,Tokyo Yakult Swallows,11.0,3.0,Final,神 宮,https://npb.jp/games/2022/schedule_04_detail.html
20220426-Chunichi_Dragons-Hanshin_Tigers,2022-04-26 18:00:00,2022,Chunichi Dragons,Hanshin Tigers,,,Postponed,甲子園,https://npb.jp/games/2022/schedule_04_detail.html
20220426-Orix_Buffaloes-Hokkaido_Nippon-Ham_Fighters,2022-04-26 18:00:00,2022,Orix Buffaloes,Hokkaido Nippon-Ham Fighters,3.0,2.0,Final,東京ドーム,https://npb.jp/games/2022/schedule_04_detail.html
20220426-Saitama_Seibu_Lions-Fukuoka_SoftBank_Hawks,2022-04-26 18:00:00,2022,Saitama Seibu Lions,Fukuoka SoftBank Hawks,0.0,3.0,Final,PayPayドーム,https://npb.jp/games/2022/schedule_04_detail.html
20220426-Tohoku_Rakuten_Golden_Eagles-Chiba_Lotte_Marines,2022-04-26 18:00:00,2022,Tohoku Rakuten Golden Eagles,Chiba Lotte Marines,3.0,2.0,Final,ZOZOマリン,https://npb.jp/games/2022/schedule_04_detail.html
20220426-Tokyo_Yakult_Swallows-Hiroshima_Toyo_Carp,2022-04-26 18:00:00,2022,Tokyo Yakult Swallows,Hiroshima Toyo Carp,,,Postponed,マツダスタジアム,https://npb.jp/games/2022/schedule_04_detail.html
20220426-Yomiuri_Giants-Yokohama_DeNA_BayStars,2022-04-26 18:00:00,2022,Yomiuri Giants,Yokohama DeNA BayStars,4.0,6.0,Final,横 浜,https://npb.jp/games/2022/schedule_04_detail.html
20220427-Chunichi_Dragons-Hanshin_Tigers,2022-04-27 18:00:00,2022,Chunichi Dragons,Hanshin Tigers,1.0,3.0,Final,甲子園,https://npb.jp/games/2022/schedule_04_detail.html
20220427-Orix_Buffaloes-Hokkaido_Nippon-Ham_Fighters,2022-04-27 18:00:00,2022,Orix Buffaloes,Hokkaido Nippon-Ham Fighters,4.0,2.0,Final,東京ドーム,https://npb.jp/games/2022/schedule_04_detail.html
20220427-Saitama_Seibu_Lions-Fukuoka_SoftBank_Hawks,2022-04-27 18:00:00,2022,Saitama Seibu Lions,Fukuoka SoftBank Hawks,8.0,2.0,Final,PayPayドーム,https://npb.jp/games/2022/schedule_04_detail.html
20220427-Tohoku_Rakuten_Golden_Eagles-Chiba_Lotte_Marines,2022-04-27 18:00:00,2022,Tohoku Rakuten Golden Eagles,Chiba Lotte Marines,3.0,3.0,Final,ZOZOマリン,https://npb.jp/games/2022/schedule_04_detail.html
20220427-Tokyo_Yakult_Swallows-Hiroshima_Toyo_Carp,2022-04-27 18:00:00,2022,Tokyo Yakult Swallows,Hiroshima Toyo Carp,8.0,2.0,Final,マツダスタジアム,https://npb.jp/games/2022/schedule_04_detail.html
20220427-Yomiuri_Giants-Yokohama_DeNA_BayStars,2022-04-27 18:00:00,2022,Yomiuri Giants,Yokohama DeNA BayStars,8.0,2.0,Final,横 浜,https://npb.jp/games/2022/schedule_04_detail.html
20220428-Chunichi_Dragons-Hanshin_Tigers,2022-04-28 18:00:00,2022,Chunichi Dragons,Hanshin Tigers,2.0,3.0,Final,甲子園,https://npb.jp/games/2022/schedule_04_detail.html
20220428-Orix_Buffaloes-Hokkaido_Nippon-Ham_Fighters,2022-04-28 18:00:00,2022,Orix Buffaloes,Hokkaido Nippon-Ham Fighters,2.0,6.0,Final,東京ドーム,https://npb.jp/games/2022/schedule_04_detail.html
20220428-Saitama_Seibu_Lions-Fukuoka_SoftBank_Hawks,2022-04-28 18:00:00,2022,Saitama Seibu Lions,Fukuoka SoftBank Hawks,4.0,2.0,Final,PayPayドーム,https://npb.jp/games/2022/schedule_04_detail.html
20220428-Tohoku_Rakuten_Golden_Eagles-Chiba_Lotte_Marines,2022-04-28 18:00:00,2022,Tohoku Rakuten Golden Eagles,Chiba Lotte Marines,2.0,1.0,Final,ZOZOマリン,https://npb.jp/games/2022/schedule_04_detail.html
20220428-Tokyo_Yakult_Swallows-Hiroshima_Toyo_Carp,2022-04-28 18:00:00,2022,Tokyo Yakult Swallows,Hiroshima Toyo Carp,9.0,5.0,Final,マツダスタジアム,https://npb.jp/games/2022/schedule_04_detail.html
20220428-Yomiuri_Giants-Yokohama_DeNA_BayStars,2022-04-28 18:00:00,2022,Yomiuri Giants,Yokohama DeNA BayStars,7.0,0.0,Final,横 浜,https://npb.jp/games/2022/schedule_04_detail.html
20220429-Fukuoka_SoftBank_Hawks-Tohoku_Rakuten_Golden_Eagles,2022-04-29 18:00:00,2022,Fukuoka SoftBank Hawks,Tohoku Rakuten Golden Eagles,,,Postponed,楽天生命パーク,https://npb.jp/games/2022/schedule_04_detail.html
20220429-Hanshin_Tigers-Yomiuri_Giants,2022-04-29 18:00:00,2022,Hanshin Tigers,Yomiuri Giants,3.0,2.0,Final,東京ドーム,https://npb.jp/games/2022/schedule_04_detail.html
20220429-Hiroshima_Toyo_Carp-Chunichi_Dragons,2022-04-29 18:00:00,2022,Hiroshima Toyo Carp,Chunichi Dragons,1.0,0.0,Final,バンテリンドーム,https://npb.jp/games/2022/schedule_04_detail.html
20220429-Hokkaido_Nippon-Ham_Fighters-Chiba_Lotte_Marines,2022-04-29 18:00:00,2022,Hokkaido Nippon-Ham Fighters,Chiba Lotte Marines,,,Postponed,ZOZOマリン,https://npb.jp/games/2022/schedule_04_detail.html
20220429-Saitama_Seibu_Lions-Orix_Buffaloes,2022-04-29 18:00:00,2022,Saitama Seibu Lions,Orix Buffaloes,0.0,1.0,Final,京セラD大阪,https://npb.jp/games/2022/schedule_04_detail.html
20220429-Yokohama_DeNA_BayStars-Tokyo_Yakult_Swallows,2022-04-29 18:00:00,2022,Yokohama DeNA BayStars,Tokyo Yakult Swallows,,,Postponed,神 宮,https://npb.jp/games/2022/schedule_04_detail.html
20220430-Fukuoka_SoftBank_Hawks-Tohoku_Rakuten_Golden_Eagles,2022-04-30 14:00:00,2022,Fukuoka SoftBank Hawks,Tohoku Rakuten Golden Eagles,6.0,7.0,Final,楽天生命パーク,https://npb.jp/games/2022/schedule_04_detail.html
20220430-Hanshin_Tigers-Yomiuri_Giants,2022-04-30 14:00:00,2022,Hanshin Tigers,Yomiuri Giants,10.0,3.0,Final,東京ドーム,https://npb.jp/games/2022/schedule_04_detail.html
20220430-Hiroshima_Toyo_Carp-Chunichi_Dragons,2022-04-30 14:00:00,2022,Hiroshima Toyo Carp,Chunichi Dragons,2.0,4.0,Final,バンテリンドーム,https://npb.jp/games/2022/schedule_04_detail.html
20220430-Hokkaido_Nippon-Ham_Fighters-Chiba_Lotte_Marines,2022-04-30 14:00:00,2022,Hokkaido Nippon-Ham Fighters,Chiba Lotte Marines,3.0,7.0,Final,ZOZOマリン,https://npb.jp/games/2022/schedule_04_detail.html
20220430-Saitama_Seibu_Lions-Orix_Buffaloes,2022-04-30 14:00:00,2022,Saitama Seibu Lions,Orix Buffaloes,2.0,3.0,Final,京セラD大阪,https://npb.jp/games/2022/schedule_04_detail.html
20220430-Yokohama_DeNA_BayStars-Tokyo_Yakult_Swallows,2022-04-30 18:00:00,2022,Yokohama DeNA BayStars,Tokyo Yakult Swallows,0.0,2.0,Final,神 宮,https://npb.jp/games/2022/schedule_04_detail.html
20220501-Fukuoka_SoftBank_Hawks-Tohoku_Rakuten_Golden_Eagles,2022-05-01 13:00:00,2022,Fukuoka SoftBank Hawks,Tohoku Rakuten Golden Eagles,1.0,2.0,Final,楽天生命パーク,https://npb.jp/games/2022/schedule_05_detail.html
20220501-Saitama_Seibu_Lions-Orix_Buffaloes,2022-05-01 13:00:00,2022,Saitama Seibu Lions,Orix Buffaloes,2.0,1.0,Final,京セラD大阪,https://npb.jp/games/2022/schedule_05_detail.html
20220501-Hanshin_Tigers-Yomiuri_Giants,2022-05-01 14:00:00,2022,Hanshin Tigers,Yomiuri Giants,8.0,1.0,Final,東京ドーム,https://npb.jp/games/2022/schedule_05_detail.html
20220501-Hiroshima_Toyo_Carp-Chunichi_Dragons,2022-05-01 14:00:00,2022,Hiroshima Toyo Carp,Chunichi Dragons,0.0,4.0,Final,バンテリンドーム,https://npb.jp/games/2022/schedule_05_detail.html
20220501-Hokkaido_Nippon-Ham_Fighters-Chiba_Lotte_Marines,2022-05-01 14:00:00,2022,Hokkaido Nippon-Ham Fighters,Chiba Lotte Marines,9.0,3.0,Final,ZOZOマリン,https://npb.jp/games/2022/schedule_05_detail.html
20220501-Yokohama_DeNA_BayStars-Tokyo_Yakult_Swallows,2022-05-01 18:00:00,2022,Yokohama DeNA BayStars,Tokyo Yakult Swallows,,,Postponed,神 宮,https://npb.jp/games/2022/schedule_05_detail.html
20220503-Chiba_Lotte_Marines-Saitama_Seibu_Lions,2022-05-03 13:00:00,2022,Chiba Lotte Marines,Saitama Seibu Lions,2.0,4.0,Final,ベルーナドーム,https://npb.jp/games/2022/schedule_05_detail.html
20220503-Chunichi_Dragons-Yokohama_DeNA_BayStars,2022-05-03 14:00:00,2022,Chunichi Dragons,Yokohama DeNA BayStars,7.0,3.0,Final,横 浜,https://npb.jp/games/2022/schedule_05_detail.html
20220503-Orix_Buffaloes-Fukuoka_SoftBank_Hawks,2022-05-03 14:00:00,2022,Orix Buffaloes,Fukuoka SoftBank Hawks,3.0,7.0,Final,PayPayドーム,https://npb.jp/games/2022/schedule_05_detail.html
20220503-Tohoku_Rakuten_Golden_Eagles-Hokkaido_Nippon-Ham_Fighters,2022-05-03 14:00:00,2022,Tohoku Rakuten Golden Eagles,Hokkaido Nippon-Ham Fighters,2.0,1.0,Final,札幌ドーム,https://npb.jp/games/2022/schedule_05_detail.html
20220503-Tokyo_Yakult_Swallows-Hanshin_Tigers,2022-05-03 14:00:00,2022,Tokyo Yakult Swallows,Hanshin Tigers,3.0,0.0,Final,甲子園,https://npb.jp/games/2022/schedule_05_detail.html
20220503-Yomiuri_Giants-Hiroshima_Toyo_Carp,2022-05-03 14:00:00,2022,Yomiuri Giants,Hiroshima Toyo Carp,3.0,12.0,Final,マツダスタジアム,https://npb.jp/games/2022/schedule_05_detail.html
20220504-Chiba_Lotte_Marines-Saitama_Seibu_Lions,2022-05-04 13:00:00,2022,Chiba Lotte Marines,Saitama Seibu Lions,7.0,5.0,Final,ベルーナドーム,https://npb.jp/games/2022/schedule_05_detail.html
20220504-Orix_Buffaloes-Fukuoka_SoftBank_Hawks,2022-05-04 13:00:00,2022,Orix Buffaloes,Fukuoka SoftBank Hawks,1.0,2.0,Final,PayPayドーム,https://npb.jp/games/2022/schedule_05_detail.html
20220504-Chunichi_Dragons-Yokohama_DeNA_BayStars,2022-05-04 14:00:00,2022,Chunichi Dragons,Yokohama DeNA BayStars,1.0,7.0,Final,横 浜,https://npb.jp/games/2022/schedule_05_detail.html
20220504-Tohoku_Rakuten_Golden_Eagles-Hokkaido_Nippon-Ham_Fighters,2022-05-04 14:00:00,2022,Tohoku Rakuten Golden Eagles,Hokkaido Nippon-Ham Fighters,5.0,1.0,Final,札幌ドーム,https://npb.jp/games/2022/schedule_05_detail.html
20220504-Tokyo_Yakult_Swallows-Hanshin_Tigers,2022-05-04 14:00:00,2022,Tokyo Yakult Swallows,Hanshin Tigers,3.0,0.0,Final,甲子園,https://npb.jp/games/2022/schedule_05_detail.html
20220504-Yomiuri_Giants-Hiroshima_Toyo_Carp,2022-05-04 14:00:00,2022,Yomiuri Giants,Hiroshima Toyo Carp,6.0,3.0,Final,マツダスタジアム,https://npb.jp/games/2022/schedule_05_detail.html
20220505-Chiba_Lotte_Marines-Saitama_Seibu_Lions,2022-05-05 13:00:00,2022,Chiba Lotte Marines,Saitama Seibu Lions,0.0,7.0,Final,ベルーナドーム,https://npb.jp/games/2022/schedule_05_detail.html
20220505-Orix_Buffaloes-Fukuoka_SoftBank_Hawks,2022-05-05 13:00:00,2022,Orix Buffaloes,Fukuoka SoftBank Hawks,3.0,9.0,Final,PayPayドーム,https://npb.jp/games/2022/schedule_05_detail.html
20220505-Tohoku_Rakuten_Golden_Eagles-Hokkaido_Nippon-Ham_Fighters,2022-05-05 13:00:00,2022,Tohoku Rakuten Golden Eagles,Hokkaido Nippon-Ham Fighters,8.0,4.0,Final,札幌ドーム,https://npb.jp/games/2022/schedule_05_detail.html
20220505-Chunichi_Dragons-Yokohama_DeNA_BayStars,2022-05-05 14:00:00,2022,Chunichi Dragons,Yokohama DeNA BayStars,2.0,10.0,Final,横 浜,https://npb.jp/games/2022/schedule_05_detail.html
20220505-Tokyo_Yakult_Swallows-Hanshin_Tigers,2022-05-05 14:00:00,2022,Tokyo Yakult Swallows,Hanshin Tigers,2.0,3.0,Final,甲子園,https://npb.jp/games/2022/schedule_05_detail.html
20220505-Yomiuri_Giants-Hiroshima_Toyo_Carp,2022-05-05 14:00:00,2022,Yomiuri Giants,Hiroshima Toyo Carp,0.0,3.0,Final,マツダスタジアム,https://npb.jp/games/2022/schedule_05_detail.html
20220506-Fukuoka_SoftBank_Hawks-Chiba_Lotte_Marines,2022-05-06 18:00:00,2022,Fukuoka SoftBank Hawks,Chiba Lotte Marines,5.0,3.0,Final,ZOZOマリン,https://npb.jp/games/2022/schedule_05_detail.html
20220506-Hanshin_Tigers-Chunichi_Dragons,2022-05-06 18:00:00,2022,Hanshin Tigers,Chunichi Dragons,0.0,1.0,Final,バンテリンドーム,https://npb.jp/games/2022/schedule_05_detail.html
20220506-Hokkaido_Nippon-Ham_Fighters-Saitama_Seibu_Lions,2022-05-06 18:00:00,2022,Hokkaido Nippon-Ham Fighters,Saitama Seibu Lions,0.0,5.0,Final,ベルーナドーム,https://npb.jp/games/2022/schedule_05_detail.html
20220506-Tohoku_Rakuten_Golden_Eagles-Orix_Buffaloes,2022-05-06 18:00:00,2022,Tohoku Rakuten Golden Eagles,Orix Buffaloes,3.0,2.0,Final,京セラD大阪,https://npb.jp/games/2022/schedule_05_detail.html
20220506-Tokyo_Yakult_Swallows-Yomiuri_Giants,2022-05-06 18:00:00,2022,Tokyo Yakult Swallows,Yomiuri Giants,13.0,2.0,Final,東京ドーム,https://npb.jp/games/2022/schedule_05_detail.html
20220506-Yokohama_DeNA_BayStars-Hiroshima_Toyo_Carp,2022-05-06 18:00:00,2022,Yokohama DeNA BayStars,Hiroshima Toyo Carp,4.0,3.0,Final,マツダスタジアム,https://npb.jp/games/2022/schedule_05_detail.html
20220507-Fukuoka_SoftBank_Hawks-Chiba_Lotte_Marines,2022-05-07 14:00:00,2022,Fukuoka SoftBank Hawks,Chiba Lotte Marines,16.0,0.0,Final,ZOZOマリン,https://npb.jp/games/2022/schedule_05_detail.html
20220507-Hanshin_Tigers-Chunichi_Dragons,2022-05-07 14:00:00,2022,Hanshin Tigers,Chunichi Dragons,1.0,2.0,Final,バンテリンドーム,https://npb.jp/games/2022/schedule_05_detail.html
20220507-Hokkaido_Nippon-Ham_Fighters-Saitama_Seibu_Lions,2022-05-07 14:00:00,2022,Hokkaido Nippon-Ham Fighters,Saitama Seibu Lions,3.0,2.0,Final,ベルーナドーム,https://npb.jp/games/2022/schedule_05_detail.html
20220507-Tohoku_Rakuten_Golden_Eagles-Orix_Buffaloes,2022-05-07 14:00:00,2022,Tohoku Rakuten Golden Eagles,Orix Buffaloes,7.0,1.0,Final,京セラD大阪,https://npb.jp/games/2022/schedule_05_detail.html
20220507-Tokyo_Yakult_Swallows-Yomiuri_Giants,2022-05-07 14:00:00,2022,Tokyo Yakult Swallows,Yomiuri Giants,6.0,2.0,Final,東京ドーム,https://npb.jp/games/2022/schedule_05_detail.html
20220507-Yokohama_DeNA_BayStars-Hiroshima_Toyo_Carp,2022-05-07 14:00:00,2022,Yokohama DeNA BayStars,Hiroshima Toyo Carp,1.0,2.0,Final,マツダスタジアム,https://npb.jp/games/2022/schedule_05_detail.html
20220508-Fukuoka_SoftBank_Hawks-Chiba_Lotte_Marines,2022-05-08 13:00:00,2022,Fukuoka SoftBank Hawks,Chiba Lotte Marines,8.0,4.0,Final,ZOZOマリン,https://npb.jp/games/2022/schedule_05_detail.html
20220508-Hokkaido_Nippon-Ham_Fighters-Saitama_Seibu_Lions,2022-05-08 13:00:00,2022,Hokkaido Nippon-Ham Fighters,Saitama Seibu Lions,1.0,5.0,Final,ベルーナドーム,https://npb.jp/games/2022/schedule_05_detail.html
20220508-Yokohama_DeNA_BayStars-Hiroshima_Toyo_Carp,2022-05-08 13:30:00,2022,Yokohama DeNA BayStars,Hiroshima Toyo Carp,3.0,17.0,Final,マツダスタジアム,https://npb.jp/games/2022/schedule_05_detail.html
20220508-Hanshin_Tigers-Chunichi_Dragons,2022-05-08 14:00:00,2022,Hanshin Tigers,Chunichi Dragons,4.0,3.0,Final,バンテリンドーム,https://npb.jp/games/2022/schedule_05_detail.html
20220508-Tohoku_Rakuten_Golden_Eagles-Orix_Buffaloes,2022-05-08 14:00:00,2022,Tohoku Rakuten Golden Eagles,Orix Buffaloes,2.0,1.0,Final,京セラD大阪,https://npb.jp/games/2022/schedule_05_detail.html
20220508-Tokyo_Yakult_Swallows-Yomiuri_Giants,2022-05-08 14:00:00,2022,Tokyo Yakult Swallows,Yomiuri Giants,4.0,3.0,Final,東京ドーム,https://npb.jp/games/2022/schedule_05_detail.html
20220510-Chiba_Lotte_Marines-Tohoku_Rakuten_Golden_Eagles,2022-05-10 18:00:00,2022,Chiba Lotte Marines,Tohoku Rakuten Golden Eagles,0.0,7.0,Final,楽天生命パーク,https://npb.jp/games/2022/schedule_05_detail.html
20220510-Chunichi_Dragons-Tokyo_Yakult_Swallows,2022-05-10 18:00:00,2022,Chunichi Dragons,Tokyo Yakult Swallows,1.0,0.0,Final,神 宮,https://npb.jp/games/2022/schedule_05_detail.html
20220510-Hiroshima_Toyo_Carp-Hanshin_Tigers,2022-05-10 18:00:00,2022,Hiroshima Toyo Carp,Hanshin Tigers,3.0,0.0,Final,甲子園,https://npb.jp/games/2022/schedule_05_detail.html
20220510-Orix_Buffaloes-Hokkaido_Nippon-Ham_Fighters,2022-05-10 18:00:00,2022,Orix Buffaloes,Hokkaido Nippon-Ham Fighters,4.0,2.0,Final,札幌ドーム,https://npb.jp/games/2022/schedule_05_detail.html
20220510-Saitama_Seibu_Lions-Fukuoka_SoftBank_Hawks,2022-05-10 18:00:00,2022,Saitama Seibu Lions,Fukuoka SoftBank Hawks,,,Postponed,宮 崎,https://npb.jp/games/2022/schedule_05_detail.html
20220510-Yomiuri_Giants-Yokohama_DeNA_BayStars,2022-05-10 18:00:00,2022,Yomiuri Giants,Yokohama DeNA BayStars,1.0,3.0,Final,新 潟,https://npb.jp/games/2022/schedule_05_detail.html
20220511-Chiba_Lotte_Marines-Tohoku_Rakuten_Golden_Eagles,2022-05-11 14:00:00,2022,Chiba Lotte Marines,Tohoku Rakuten Golden Eagles,3.0,1.0,Final,楽天生命パーク,https://npb.jp/games/2022/schedule_05_detail.html
20220511-Chunichi_Dragons-Tokyo_Yakult_Swallows,2022-05-11 18:00:00,2022,Chunichi Dragons,Tokyo Yakult Swallows,2.0,0.0,Final,神 宮,https://npb.jp/games/2022/schedule_05_detail.html
20220511-Hiroshima_Toyo_Carp-Hanshin_Tigers,2022-05-11 18:00:00,2022,Hiroshima Toyo Carp,Hanshin Tigers,3.0,2.0,Final,甲子園,https://npb.jp/games/2022/schedule_05_detail.html
20220511-Orix_Buffaloes-Hokkaido_Nippon-Ham_Fighters,2022-05-11 18:00:00,2022,Orix Buffaloes,Hokkaido Nippon-Ham Fighters,2.0,5.0,Final,札幌ドーム,https://npb.jp/games/2022/schedule_05_detail.html
20220511-Saitama_Seibu_Lions-Fukuoka_SoftBank_Hawks,2022-05-11 18:00:00,2022,Saitama Seibu Lions,Fukuoka SoftBank Hawks,0.0,2.0,Final,PayPayドーム,https://npb.jp/games/2022/schedule_05_detail.html
20220512-Chiba_Lotte_Marines-Tohoku_Rakuten_Golden_Eagles,2022-05-12 14:00:00,2022,Chiba Lotte Marines,Tohoku Rakuten Golden Eagles,5.0,2.0,Final,楽天生命パーク,https://npb.jp/games/2022/schedule_05_detail.html
20220512-Chunichi_Dragons-Tokyo_Yakult_Swallows,2022-05-12 18:00:00,2022,Chunichi Dragons,Tokyo Yakult Swallows,1.0,3.0,Final,神 宮,https://npb.jp/games/2022/schedule_05_detail.html
20220512-Hiroshima_Toyo_Carp-Hanshin_Tigers,2022-05-12 18:00:00,2022,Hiroshima Toyo Carp,Hanshin Tigers,,,Postponed,甲子園,https://npb.jp/games/2022/schedule_05_detail.html
20220512-Yomiuri_Giants-Yokohama_DeNA_BayStars,2022-05-12 18:00:00,2022,Yomiuri Giants,Yokohama DeNA BayStars,4.0,1.0,Final,横 浜,https://npb.jp/games/2022/schedule_05_detail.html
20220513-Chiba_Lotte_Marines-Orix_Buffaloes,2022-05-13 18:00:00,2022,Chiba Lotte Marines,Orix Buffaloes,4.0,1.0,Final,京セラD大阪,https://npb.jp/games/2022/schedule_05_detail.html
20220513-Chunichi_Dragons-Yomiuri_Giants,2022-05-13 18:00:00,2022,Chunichi Dragons,Yomiuri Giants,2.0,5.0,Final,東京ドーム,https://npb.jp/games/2022/schedule_05_detail.html
20220513-Fukuoka_SoftBank_Hawks-Hokkaido_Nippon-Ham_Fighters,2022-05-13 18:00:00,2022,Fukuoka SoftBank Hawks,Hokkaido Nippon-Ham Fighters,0.0,1.0,Final,札幌ドーム,https://npb.jp/games/2022/schedule_05_detail.html
20220513-Hanshin_Tigers-Yokohama_DeNA_BayStars,2022-05-13 18:00:00,2022,Hanshin Tigers,Yokohama DeNA BayStars,,,Postponed,横 浜,https://npb.jp/games/2022/schedule_05_detail.html
20220513-Tohoku_Rakuten_Golden_Eagles-Saitama_Seibu_Lions,2022-05-13 18:00:00,2022,Tohoku Rakuten Golden Eagles,Saitama Seibu Lions,2.0,4.0,Final,ベルーナドーム,https://npb.jp/games/2022/schedule_05_detail.html
20220513-Tokyo_Yakult_Swallows-Hiroshima_Toyo_Carp,2022-05-13 18:00:00,2022,Tokyo Yakult Swallows,Hiroshima Toyo Carp,,,Postponed,マツダスタジアム,https://npb.jp/games/2022/schedule_05_detail.html
20220514-Chiba_Lotte_Marines-Orix_Buffaloes,2022-05-14 14:00:00,2022,Chiba Lotte Marines,Orix Buffaloes,0.0,1.0,Final,京セラD大阪,https://npb.jp/games/2022/schedule_05_detail.html
20220514-Chunichi_Dragons-Yomiuri_Giants,2022-05-14 14:00:00,2022,Chunichi Dragons,Yomiuri Giants,6.0,7.0,Final,東京ドーム,https://npb.jp/games/2022/schedule_05_detail.html
20220514-Fukuoka_SoftBank_Hawks-Hokkaido_Nippon-Ham_Fighters,2022-05-14 14:00:00,2022,Fukuoka SoftBank Hawks,Hokkaido Nippon-Ham Fighters,0.0,2.0,Final,札幌ドーム,https://npb.jp/games/2022/schedule_05_detail.html
20220514-Hanshin_Tigers-Yokohama_DeNA_BayStars,2022-05-14 14:00:00,2022,Hanshin Tigers,Yokohama DeNA BayStars,9.0,2.0,Final,横 浜,https://npb.jp/games/2022/schedule_05_detail.html
20220514-Tohoku_Rakuten_Golden_Eagles-Saitama_Seibu_Lions,2022-05-14 14:00:00,2022,Tohoku Rakuten Golden Eagles,Saitama Seibu Lions,4.0,5.0,Final,ベルーナドーム,https://npb.jp/games/2022/schedule_05_detail.html
20220514-Tokyo_Yakult_Swallows-Hiroshima_Toyo_Carp,2022-05-14 14:00:00,2022,Tokyo Yakult Swallows,Hiroshima Toyo Carp,5.0,3.0,Final,マツダスタジアム,https://npb.jp/games/2022/schedule_05_detail.html
20220515-Chiba_Lotte_Marines-Orix_Buffaloes,2022-05-15 13:00:00,2022,Chiba Lotte Marines,Orix Buffaloes,5.0,8.0,Final,京セラD大阪,https://npb.jp/games/2022/schedule_05_detail.html
20220515-Tohoku_Rakuten_Golden_Eagles-Saitama_Seibu_Lions,2022-05-15 13:00:00,2022,Tohoku Rakuten Golden Eagles,Saitama Seibu Lions,3.0,1.0,Final,ベルーナドーム,https://npb.jp/games/2022/schedule_05_detail.html
20220515-Tokyo_Yakult_Swallows-Hiroshima_Toyo_Carp,2022-05-15 13:30:00,2022,Tokyo Yakult Swallows,Hiroshima Toyo Carp,5.0,5.0,Final,マツダスタジアム,https://npb.jp/games/2022/schedule_05_detail.html
20220515-Chunichi_Dragons-Yomiuri_Giants,2022-05-15 14:00:00,2022,Chunichi Dragons,Yomiuri Giants,9.0,3.0,Final,東京ドーム,https://npb.jp/games/2022/schedule_05_detail.html
20220515-Fukuoka_SoftBank_Hawks-Hokkaido_Nippon-Ham_Fighters,2022-05-15 14:00:00,2022,Fukuoka SoftBank Hawks,Hokkaido Nippon-Ham Fighters,2.0,10.0,Final,札幌ドーム,https://npb.jp/games/2022/schedule_05_detail.html
20220515-Hanshin_Tigers-Yokohama_DeNA_BayStars,2022-05-15 14:00:00,2022,Hanshin Tigers,Yokohama DeNA BayStars,8.0,1.0,Final,横 浜,https://npb.jp/games/2022/schedule_05_detail.html
20220517-Hanshin_Tigers-Tokyo_Yakult_Swallows,2022-05-17 18:00:00,2022,Hanshin Tigers,Tokyo Yakult Swallows,1.0,2.0,Final,神 宮,https://npb.jp/games/2022/schedule_05_detail.html
20220517-Hiroshima_Toyo_Carp-Yomiuri_Giants,2022-05-17 18:00:00,2022,Hiroshima Toyo Carp,Yomiuri Giants,2.0,3.0,Final,宇都宮,https://npb.jp/games/2022/schedule_05_detail.html
20220517-Hokkaido_Nippon-Ham_Fighters-Orix_Buffaloes,2022-05-17 18:00:00,2022,Hokkaido Nippon-Ham Fighters,Orix Buffaloes,0.0,3.0,Final,ほっと神戸,https://npb.jp/games/2022/schedule_05_detail.html
20220517-Tohoku_Rakuten_Golden_Eagles-Chiba_Lotte_Marines,2022-05-17 18:00:00,2022,Tohoku Rakuten Golden Eagles,Chiba Lotte Marines,3.0,6.0,Final,ZOZOマリン,https://npb.jp/games/2022/schedule_05_detail.html
20220517-Yokohama_DeNA_BayStars-Chunichi_Dragons,2022-05-17 18:00:00,2022,Yokohama DeNA BayStars,Chunichi Dragons,4.0,0.0,Final,バンテリンドーム,https://npb.jp/games/2022/schedule_05_detail.html
20220517-Fukuoka_SoftBank_Hawks-Saitama_Seibu_Lions,2022-05-17 18:30:00,2022,Fukuoka SoftBank Hawks,Saitama Seibu Lions,5.0,1.0,Final,那 覇,https://npb.jp/games/2022/schedule_05_detail.html
20220518-Hanshin_Tigers-Tokyo_Yakult_Swallows,2022-05-18 18:00:00,2022,Hanshin Tigers,Tokyo Yakult Swallows,8.0,1.0,Final,神 宮,https://npb.jp/games/2022/schedule_05_detail.html
20220518-Hiroshima_Toyo_Carp-Yomiuri_Giants,2022-05-18 18:00:00,2022,Hiroshima Toyo Carp,Yomiuri Giants,2.0,4.0,Final,東京ドーム,https://npb.jp/games/2022/schedule_05_detail.html
20220518-Hokkaido_Nippon-Ham_Fighters-Orix_Buffaloes,2022-05-18 18:00:00,2022,Hokkaido Nippon-Ham Fighters,Orix Buffaloes,11.0,4.0,Final,ほっと神戸,https://npb.jp/games/2022/schedule_05_detail.html
20220518-Tohoku_Rakuten_Golden_Eagles-Chiba_Lotte_Marines,2022-05-18 18:00:00,2022,Tohoku Rakuten Golden Eagles,Chiba Lotte Marines,0.0,1.0,Final,ZOZOマリン,https://npb.jp/games/2022/schedule_05_detail.html
20220518-Yokohama_DeNA_BayStars-Chunichi_Dragons,2022-05-18 18:00:00,2022,Yokohama DeNA BayStars,Chunichi Dragons,7.0,6.0,Final,バンテリンドーム,https://npb.jp/games/2022/schedule_05_detail.html
20220518-Fukuoka_SoftBank_Hawks-Saitama_Seibu_Lions,2022-05-18 18:30:00,2022,Fukuoka SoftBank Hawks,Saitama Seibu Lions,3.0,2.0,Final,那 覇,https://npb.jp/games/2022/schedule_05_detail.html
20220519-Hanshin_Tigers-Tokyo_Yakult_Swallows,2022-05-19 18:00:00,2022,Hanshin Tigers,Tokyo Yakult Swallows,0.0,3.0,Final,神 宮,https://npb.jp/games/2022/schedule_05_detail.html
20220519-Hiroshima_Toyo_Carp-Yomiuri_Giants,2022-05-19 18:00:00,2022,Hiroshima Toyo Carp,Yomiuri Giants,1.0,2.0,Final,東京ドーム,https://npb.jp/games/2022/schedule_05_detail.html
20220519-Tohoku_Rakuten_Golden_Eagles-Chiba_Lotte_Marines,2022-05-19 18:00:00,2022,Tohoku Rakuten Golden Eagles,Chiba Lotte Marines,7.0,2.0,Final,ZOZOマリン,https://npb.jp/games/2022/schedule_05_detail.html
20220520-Chiba_Lotte_Marines-Fukuoka_SoftBank_Hawks,2022-05-20 18:00:00,2022,Chiba Lotte Marines,Fukuoka SoftBank Hawks,8.0,1.0,Final,PayPayドーム,https://npb.jp/games/2022/schedule_05_detail.html
20220520-Chunichi_Dragons-Hiroshima_Toyo_Carp,2022-05-20 18:00:00,2022,Chunichi Dragons,Hiroshima Toyo Carp,5.0,11.0,Final,マツダスタジアム,https://npb.jp/games/2022/schedule_05_detail.html
20220520-Orix_Buffaloes-Tohoku_Rakuten_Golden_Eagles,2022-05-20 18:00:00,2022,Orix Buffaloes,Tohoku Rakuten Golden Eagles,1.0,0.0,Final,楽天生命パーク,https://npb.jp/games/2022/schedule_05_detail.html
20220520-Saitama_Seibu_Lions-Hokkaido_Nippon-Ham_Fighters,2022-05-20 18:00:00,2022,Saitama Seibu Lions,Hokkaido Nippon-Ham Fighters,3.0,5.0,Final,札幌ドーム,https://npb.jp/games/2022/schedule_05_detail.html
20220520-Tokyo_Yakult_Swallows-Yokohama_DeNA_BayStars,2022-05-20 18:00:00,2022,Tokyo Yakult Swallows,Yokohama DeNA BayStars,1.0,3.0,Final,横 浜,https://npb.jp/games/2022/schedule_05_detail.html
20220520-Yomiuri_Giants-Hanshin_Tigers,2022-05-20 18:00:00,2022,Yomiuri Giants,Hanshin Tigers,6.0,2.0,Final,甲子園,https://npb.jp/games/2022/schedule_05_detail.html
20220521-Chiba_Lotte_Marines-Fukuoka_SoftBank_Hawks,2022-05-21 14:00:00,2022,Chiba Lotte Marines,Fukuoka SoftBank Hawks,4.0,2.0,Final,PayPayドーム,https://npb.jp/games/2022/schedule_05_detail.html
20220521-Chunichi_Dragons-Hiroshima_Toyo_Carp,2022-05-21 14:00:00,2022,Chunichi Dragons,Hiroshima Toyo Carp,1.0,10.0,Final,マツダスタジアム,https://npb.jp/games/2022/schedule_05_detail.html
20220521-Orix_Buffaloes-Tohoku_Rakuten_Golden_Eagles,2022-05-21 14:00:00,2022,Orix Buffaloes,Tohoku Rakuten Golden Eagles,6.0,0.0,Final,楽天生命パーク,https://npb.jp/games/2022/schedule_05_detail.html
20220521-Saitama_Seibu_Lions-Hokkaido_Nippon-Ham_Fighters,2022-05-21 14:00:00,2022,Saitama Seibu Lions,Hokkaido Nippon-Ham Fighters,0.0,4.0,Final,札幌ドーム,https://npb.jp/games/2022/schedule_05_detail.html
20220521-Tokyo_Yakult_Swallows-Yokohama_DeNA_BayStars,2022-05-21 14:00:00,2022,Tokyo Yakult Swallows,Yokohama DeNA BayStars,9.0,2.0,Final,横 浜,https://npb.jp/games/2022/schedule_05_detail.html
20220521-Yomiuri_Giants-Hanshin_Tigers,2022-05-21 14:00:00,2022,Yomiuri Giants,Hanshin Tigers,1.0,2.0,Final,甲子園,https://npb.jp/games/2022/schedule_05_detail.html
20220522-Chiba_Lotte_Marines-Fukuoka_SoftBank_Hawks,2022-05-22 13:00:00,2022,Chiba Lotte Marines,Fukuoka SoftBank Hawks,2.0,3.0,Final,PayPayドーム,https://npb.jp/games/2022/schedule_05_detail.html
20220522-Orix_Buffaloes-Tohoku_Rakuten_Golden_Eagles,2022-05-22 13:00:00,2022,Orix Buffaloes,Tohoku Rakuten Golden Eagles,6.0,1.0,Final,楽天生命パーク,https://npb.jp/games/2022/schedule_05_detail.html
20220522-Chunichi_Dragons-Hiroshima_Toyo_Carp,2022-05-22 13:30:00,2022,Chunichi Dragons,Hiroshima Toyo Carp,0.0,1.0,Final,マツダスタジアム,https://npb.jp/games/2022/schedule_05_detail.html
20220522-Saitama_Seibu_Lions-Hokkaido_Nippon-Ham_Fighters,2022-05-22 14:00:00,2022,Saitama Seibu Lions,Hokkaido Nippon-Ham Fighters,3.0,0.0,Final,札幌ドーム,https://npb.jp/games/2022/schedule_05_detail.html
20220522-Tokyo_Yakult_Swallows-Yokohama_DeNA_BayStars,2022-05-22 14:00:00,2022,Tokyo Yakult Swallows,Yokohama DeNA BayStars,5.0,3.0,Final,横 浜,https://npb.jp/games/2022/schedule_05_detail.html
20220522-Yomiuri_Giants-Hanshin_Tigers,2022-05-22 14:00:00,2022,Yomiuri Giants,Hanshin Tigers,0.0,4.0,Final,甲子園,https://npb.jp/games/2022/schedule_05_detail.html
20220524-Chiba_Lotte_Marines-Hiroshima_Toyo_Carp,2022-05-24 18:00:00,2022,Chiba Lotte Marines,Hiroshima Toyo Carp,7.0,0.0,Final,マツダスタジアム,https://npb.jp/games/2022/schedule_05_detail.html
20220524-Fukuoka_SoftBank_Hawks-Yokohama_DeNA_BayStars,2022-05-24 18:00:00,2022,Fukuoka SoftBank Hawks,Yokohama DeNA BayStars,3.0,4.0,Final,横 浜,https://npb.jp/games/2022/schedule_05_detail.html
20220524-Hokkaido_Nippon-Ham_Fighters-Tokyo_Yakult_Swallows,2022-05-24 18:00:00,2022,Hokkaido Nippon-Ham Fighters,Tokyo Yakult Swallows,1.0,3.0,Final,神 宮,https://npb.jp/games/2022/schedule_05_detail.html
20220524-Orix_Buffaloes-Yomiuri_Giants,2022-05-24 18:00:00,2022,Orix Buffaloes,Yomiuri Giants,2.0,4.0,Final,東京ドーム,https://npb.jp/games/2022/schedule_05_detail.html
20220524-Saitama_Seibu_Lions-Chunichi_Dragons,2022-05-24 18:00:00,2022,Saitama Seibu Lions,Chunichi Dragons,8.0,5.0,Final,バンテリンドーム,https://npb.jp/games/2022/schedule_05_detail.html
20220524-Tohoku_Rakuten_Golden_Eagles-Hanshin_Tigers,2022-05-24 18:00:00,2022,Tohoku Rakuten Golden Eagles,Hanshin Tigers,0.0,1.0,Final,甲子園,https://npb.jp/games/2022/schedule_05_detail.html
20220525-Chiba_Lotte_Marines-Hiroshima_Toyo_Carp,2022-05-25 18:00:00,2022,Chiba Lotte Marines,Hiroshima Toyo Carp,2.0,5.0,Final,マツダスタジアム,https://npb.jp/games/2022/schedule_05_detail.html
20220525-Fukuoka_SoftBank_Hawks-Yokohama_DeNA_BayStars,2022-05-25 18:00:00,2022,Fukuoka SoftBank Hawks,Yokohama DeNA BayStars,8.0,2.0,Final,横 浜,https://npb.jp/games/2022/schedule_05_detail.html
20220525-Hokkaido_Nippon-Ham_Fighters-Tokyo_Yakult_Swallows,2022-05-25 18:00:00,2022,Hokkaido Nippon-Ham Fighters,Tokyo Yakult Swallows,6.0,7.0,Final,神 宮,https://npb.jp/games/2022/schedule_05_detail.html
20220525-Orix_Buffaloes-Yomiuri_Giants,2022-05-25 18:00:00,2022,Orix Buffaloes,Yomiuri Giants,3.0,5.0,Final,東京ドーム,https://npb.jp/games/2022/schedule_05_detail.html
20220525-Saitama_Seibu_Lions-Chunichi_Dragons,2022-05-25 18:00:00,2022,Saitama Seibu Lions,Chunichi Dragons,2.0,1.0,Final,バンテリンドーム,https://npb.jp/games/2022/schedule_05_detail.html
20220525-Tohoku_Rakuten_Golden_Eagles-Hanshin_Tigers,2022-05-25 18:00:00,2022,Tohoku Rakuten Golden Eagles,Hanshin Tigers,6.0,1.0,Final,甲子園,https://npb.jp/games/2022/schedule_05_detail.html
20220526-Chiba_Lotte_Marines-Hiroshima_Toyo_Carp,2022-05-26 18:00:00,2022,Chiba Lotte Marines,Hiroshima Toyo Carp,6.0,3.0,Final,マツダスタジアム,https://npb.jp/games/2022/schedule_05_detail.html
20220526-Fukuoka_SoftBank_Hawks-Yokohama_DeNA_BayStars,2022-05-26 18:00:00,2022,Fukuoka SoftBank Hawks,Yokohama DeNA BayStars,1.0,5.0,Final,横 浜,https://npb.jp/games/2022/schedule_05_detail.html
20220526-Hokkaido_Nippon-Ham_Fighters-Tokyo_Yakult_Swallows,2022-05-26 18:00:00,2022,Hokkaido Nippon-Ham Fighters,Tokyo Yakult Swallows,9.0,6.0,Final,神 宮,https://npb.jp/games/2022/schedule_05_detail.html
20220526-Orix_Buffaloes-Yomiuri_Giants,2022-05-26 18:00:00,2022,Orix Buffaloes,Yomiuri Giants,3.0,2.0,Final,東京ドーム,https://npb.jp/games/2022/schedule_05_detail.html
20220526-Saitama_Seibu_Lions-Chunichi_Dragons,2022-05-26 18:00:00,2022,Saitama Seibu Lions,Chunichi Dragons,3.0,6.0,Final,バンテリンドーム,https://npb.jp/games/2022/schedule_05_detail.html
20220526-Tohoku_Rakuten_Golden_Eagles-Hanshin_Tigers,2022-05-26 18:00:00,2022,Tohoku Rakuten Golden Eagles,Hanshin Tigers,1.0,0.0,Final,甲子園,https://npb.jp/games/2022/schedule_05_detail.html
20220527-Chunichi_Dragons-Orix_Buffaloes,2022-05-27 18:00:00,2022,Chunichi Dragons,Orix Buffaloes,4.0,1.0,Final,京セラD大阪,https://npb.jp/games/2022/schedule_05_detail.html
20220527-Hanshin_Tigers-Chiba_Lotte_Marines,2022-05-27 18:00:00,2022,Hanshin Tigers,Chiba Lotte Marines,1.0,0.0,Final,ZOZOマリン,https://npb.jp/games/2022/schedule_05_detail.html
20220527-Hiroshima_Toyo_Carp-Fukuoka_SoftBank_Hawks,2022-05-27 18:00:00,2022,Hiroshima Toyo Carp,Fukuoka SoftBank Hawks,0.0,7.0,Final,PayPayドーム,https://npb.jp/games/2022/schedule_05_detail.html
20220527-Tokyo_Yakult_Swallows-Tohoku_Rakuten_Golden_Eagles,2022-05-27 18:00:00,2022,Tokyo Yakult Swallows,Tohoku Rakuten Golden Eagles,8.0,1.0,Final,楽天生命パーク,https://npb.jp/games/2022/schedule_05_detail.html
20220527-Yokohama_DeNA_BayStars-Saitama_Seibu_Lions,2022-05-27 18:00:00,2022,Yokohama DeNA BayStars,Saitama Seibu Lions,1.0,0.0,Final,ベルーナドーム,https://npb.jp/games/2022/schedule_05_detail.html
20220527-Yomiuri_Giants-Hokkaido_Nippon-Ham_Fighters,2022-05-27 18:00:00,2022,Yomiuri Giants,Hokkaido Nippon-Ham Fighters,2.0,3.0,Final,札幌ドーム,https://npb.jp/games/2022/schedule_05_detail.html
20220528-Chunichi_Dragons-Orix_Buffaloes,2022-05-28 14:00:00,2022,Chunichi Dragons,Orix Buffaloes,4.0,1.0,Final,京セラD大阪,https://npb.jp/games/2022/schedule_05_detail.html
20220528-Hanshin_Tigers-Chiba_Lotte_Marines,2022-05-28 14:00:00,2022,Hanshin Tigers,Chiba Lotte Marines,6.0,2.0,Final,ZOZOマリン,https://npb.jp/games/2022/schedule_05_detail.html
20220528-Hiroshima_Toyo_Carp-Fukuoka_SoftBank_Hawks,2022-05-28 14:00:00,2022,Hiroshima Toyo Carp,Fukuoka SoftBank Hawks,1.0,11.0,Final,PayPayドーム,https://npb.jp/games/2022/schedule_05_detail.html
20220528-Tokyo_Yakult_Swallows-Tohoku_Rakuten_Golden_Eagles,2022-05-28 14:00:00,2022,Tokyo Yakult Swallows,Tohoku Rakuten Golden Eagles,11.0,4.0,Final,楽天生命パーク,https://npb.jp/games/2022/schedule_05_detail.html
20220528-Yokohama_DeNA_BayStars-Saitama_Seibu_Lions,2022-05-28 14:00:00,2022,Yokohama DeNA BayStars,Saitama Seibu Lions,5.0,10.0,Final,ベルーナドーム,https://npb.jp/games/2022/schedule_05_detail.html
20220528-Yomiuri_Giants-Hokkaido_Nippon-Ham_Fighters,2022-05-28 14:00:00,2022,Yomiuri Giants,Hokkaido Nippon-Ham Fighters,8.0,4.0,Final,札幌ドーム,https://npb.jp/games/2022/schedule_05_detail.html
20220529-Chunichi_Dragons-Orix_Buffaloes,2022-05-29 13:00:00,2022,Chunichi Dragons,Orix Buffaloes,0.0,8.0,Final,京セラD大阪,https://npb.jp/games/2022/schedule_05_detail.html
20220529-Hiroshima_Toyo_Carp-Fukuoka_SoftBank_Hawks,2022-05-29 13:00:00,2022,Hiroshima Toyo Carp,Fukuoka SoftBank Hawks,0.0,8.0,Final,PayPayドーム,https://npb.jp/games/2022/schedule_05_detail.html
20220529-Tokyo_Yakult_Swallows-Tohoku_Rakuten_Golden_Eagles,2022-05-29 13:00:00,2022,Tokyo Yakult Swallows,Tohoku Rakuten Golden Eagles,1.0,3.0,Final,楽天生命パーク,https://npb.jp/games/2022/schedule_05_detail.html
20220529-Yokohama_DeNA_BayStars-Saitama_Seibu_Lions,2022-05-29 13:00:00,2022,Yokohama DeNA BayStars,Saitama Seibu Lions,2.0,3.0,Final,ベルーナドーム,https://npb.jp/games/2022/schedule_05_detail.html
20220529-Hanshin_Tigers-Chiba_Lotte_Marines,2022-05-29 14:00:00,2022,Hanshin Tigers,Chiba Lotte Marines,2.0,3.0,Final,ZOZOマリン,https://npb.jp/games/2022/schedule_05_detail.html
20220529-Yomiuri_Giants-Hokkaido_Nippon-Ham_Fighters,2022-05-29 14:00:00,2022,Yomiuri Giants,Hokkaido Nippon-Ham Fighters,2.0,7.0,Final,札幌ドーム,https://npb.jp/games/2022/schedule_05_detail.html
20220531-Chiba_Lotte_Marines-Tokyo_Yakult_Swallows,2022-05-31 18:00:00,2022,Chiba Lotte Marines,Tokyo Yakult Swallows,0.0,1.0,Final,神 宮,https://npb.jp/games/2022/schedule_05_detail.html
20220531-Fukuoka_SoftBank_Hawks-Yomiuri_Giants,2022-05-31 18:00:00,2022,Fukuoka SoftBank Hawks,Yomiuri Giants,3.0,1.0,Final,東京ドーム,https://npb.jp/games/2022/schedule_05_detail.html
20220531-Hokkaido_Nippon-Ham_Fighters-Hiroshima_Toyo_Carp,2022-05-31 18:00:00,2022,Hokkaido Nippon-Ham Fighters,Hiroshima Toyo Carp,0.0,1.0,Final,マツダスタジアム,https://npb.jp/games/2022/schedule_05_detail.html
20220531-Orix_Buffaloes-Yokohama_DeNA_BayStars,2022-05-31 18:00:00,2022,Orix Buffaloes,Yokohama DeNA BayStars,1.0,4.0,Final,横 浜,https://npb.jp/games/2022/schedule_05_detail.html
20220531-Saitama_Seibu_Lions-Hanshin_Tigers,2022-05-31 18:00:00,2022,Saitama Seibu Lions,Hanshin Tigers,2.0,0.0,Final,甲子園,https://npb.jp/games/2022/schedule_05_detail.html
20220531-Tohoku_Rakuten_Golden_Eagles-Chunichi_Dragons,2022-05-31 18:00:00,2022,Tohoku Rakuten Golden Eagles,Chunichi Dragons,0.0,2.0,Final,バンテリンドーム,https://npb.jp/games/2022/schedule_05_detail.html
20220601-Chiba_Lotte_Marines-Tokyo_Yakult_Swallows,2022-06-01 18:00:00,2022,Chiba Lotte Marines,Tokyo Yakult Swallows,4.0,3.0,Final,神 宮,https://npb.jp/games/2022/schedule_06_detail.html
20220601-Fukuoka_SoftBank_Hawks-Yomiuri_Giants,2022-06-01 18:00:00,2022,Fukuoka SoftBank Hawks,Yomiuri Giants,6.0,3.0,Final,東京ドーム,https://npb.jp/games/2022/schedule_06_detail.html
20220601-Hokkaido_Nippon-Ham_Fighters-Hiroshima_Toyo_Carp,2022-06-01 18:00:00,2022,Hokkaido Nippon-Ham Fighters,Hiroshima Toyo Carp,5.0,1.0,Final,マツダスタジアム,https://npb.jp/games/2022/schedule_06_detail.html
20220601-Orix_Buffaloes-Yokohama_DeNA_BayStars,2022-06-01 18:00:00,2022,Orix Buffaloes,Yokohama DeNA BayStars,5.0,1.0,Final,横 浜,https://npb.jp/games/2022/schedule_06_detail.html
20220601-Saitama_Seibu_Lions-Hanshin_Tigers,2022-06-01 18:00:00,2022,Saitama Seibu Lions,Hanshin Tigers,4.0,5.0,Final,甲子園,https://npb.jp/games/2022/schedule_06_detail.html
20220601-Tohoku_Rakuten_Golden_Eagles-Chunichi_Dragons,2022-06-01 18:00:00,2022,Tohoku Rakuten Golden Eagles,Chunichi Dragons,2.0,0.0,Final,バンテリンドーム,https://npb.jp/games/2022/schedule_06_detail.html
20220602-Chiba_Lotte_Marines-Tokyo_Yakult_Swallows,2022-06-02 18:00:00,2022,Chiba Lotte Marines,Tokyo Yakult Swallows,3.0,7.0,Final,神 宮,https://npb.jp/games/2022/schedule_06_detail.html
20220602-Fukuoka_SoftBank_Hawks-Yomiuri_Giants,2022-06-02 18:00:00,2022,Fukuoka SoftBank Hawks,Yomiuri Giants,0.0,3.0,Final,東京ドーム,https://npb.jp/games/2022/schedule_06_detail.html
20220602-Hokkaido_Nippon-Ham_Fighters-Hiroshima_Toyo_Carp,2022-06-02 18:00:00,2022,Hokkaido Nippon-Ham Fighters,Hiroshima Toyo Carp,3.0,6.0,Final,マツダスタジアム,https://npb.jp/games/2022/schedule_06_detail.html
20220602-Orix_Buffaloes-Yokohama_DeNA_BayStars,2022-06-02 18:00:00,2022,Orix Buffaloes,Yokohama DeNA BayStars,3.0,1.0,Final,横 浜,https://npb.jp/games/2022/schedule_06_detail.html
20220602-Saitama_Seibu_Lions-Hanshin_Tigers,2022-06-02 18:00:00,2022,Saitama Seibu Lions,Hanshin Tigers,1.0,6.0,Final,甲子園,https://npb.jp/games/2022/schedule_06_detail.html
20220602-Tohoku_Rakuten_Golden_Eagles-Chunichi_Dragons,2022-06-02 18:00:00,2022,Tohoku Rakuten Golden Eagles,Chunichi Dragons,2.0,3.0,Final,バンテリンドーム,https://npb.jp/games/2022/schedule_06_detail.html
20220603-Chiba_Lotte_Marines-Yomiuri_Giants,2022-06-03 18:00:00,2022,Chiba Lotte Marines,Yomiuri Giants,3.0,10.0,Final,東京ドーム,https://npb.jp/games/2022/schedule_06_detail.html
20220603-Fukuoka_SoftBank_Hawks-Chunichi_Dragons,2022-06-03 18:00:00,2022,Fukuoka SoftBank Hawks,Chunichi Dragons,6.0,0.0,Final,バンテリンドーム,https://npb.jp/games/2022/schedule_06_detail.html
20220603-Hokkaido_Nippon-Ham_Fighters-Hanshin_Tigers,2022-06-03 18:00:00,2022,Hokkaido Nippon-Ham Fighters,Hanshin Tigers,7.0,9.0,Final,甲子園,https://npb.jp/games/2022/schedule_06_detail.html
20220603-Orix_Buffaloes-Hiroshima_Toyo_Carp,2022-06-03 18:00:00,2022,Orix Buffaloes,Hiroshima Toyo Carp,4.0,1.0,Final,マツダスタジアム,https://npb.jp/games/2022/schedule_06_detail.html
20220603-Saitama_Seibu_Lions-Tokyo_Yakult_Swallows,2022-06-03 18:00:00,2022,Saitama Seibu Lions,Tokyo Yakult Swallows,0.0,1.0,Final,神 宮,https://npb.jp/games/2022/schedule_06_detail.html
20220603-Tohoku_Rakuten_Golden_Eagles-Yokohama_DeNA_BayStars,2022-06-03 18:00:00,2022,Tohoku Rakuten Golden Eagles,Yokohama DeNA BayStars,0.0,7.0,Final,横 浜,https://npb.jp/games/2022/schedule_06_detail.html
20220604-Fukuoka_SoftBank_Hawks-Chunichi_Dragons,2022-06-04 14:00:00,2022,Fukuoka SoftBank Hawks,Chunichi Dragons,2.0,4.0,Final,バンテリンドーム,https://npb.jp/games/2022/schedule_06_detail.html
20220604-Hokkaido_Nippon-Ham_Fighters-Hanshin_Tigers,2022-06-04 14:00:00,2022,Hokkaido Nippon-Ham Fighters,Hanshin Tigers,0.0,3.0,Final,甲子園,https://npb.jp/games/2022/schedule_06_detail.html
20220604-Orix_Buffaloes-Hiroshima_Toyo_Carp,2022-06-04 14:00:00,2022,Orix Buffaloes,Hiroshima Toyo Carp,3.0,2.0,Final,マツダスタジアム,https://npb.jp/games/2022/schedule_06_detail.html
20220604-Saitama_Seibu_Lions-Tokyo_Yakult_Swallows,2022-06-04 14:00:00,2022,Saitama Seibu Lions,Tokyo Yakult Swallows,2.0,3.0,Final,神 宮,https://npb.jp/games/2022/schedule_06_detail.html
20220604-Tohoku_Rakuten_Golden_Eagles-Yokohama_DeNA_BayStars,2022-06-04 14:00:00,2022,Tohoku Rakuten Golden Eagles,Yokohama DeNA BayStars,1.0,6.0,Final,横 浜,https://npb.jp/games/2022/schedule_06_detail.html
20220604-Chiba_Lotte_Marines-Yomiuri_Giants,2022-06-04 18:00:00,2022,Chiba Lotte Marines,Yomiuri Giants,1.0,2.0,Final,東京ドーム,https://npb.jp/games/2022/schedule_06_detail.html
20220605-Saitama_Seibu_Lions-Tokyo_Yakult_Swallows,2022-06-05 13:00:00,2022,Saitama Seibu Lions,Tokyo Yakult Swallows,3.0,5.0,Final,神 宮,https://npb.jp/games/2022/schedule_06_detail.html
20220605-Orix_Buffaloes-Hiroshima_Toyo_Carp,2022-06-05 13:30:00,2022,Orix Buffaloes,Hiroshima Toyo Carp,5.0,2.0,Final,マツダスタジアム,https://npb.jp/games/2022/schedule_06_detail.html
20220605-Chiba_Lotte_Marines-Yomiuri_Giants,2022-06-05 14:00:00,2022,Chiba Lotte Marines,Yomiuri Giants,10.0,4.0,Final,東京ドーム,https://npb.jp/games/2022/schedule_06_detail.html
20220605-Fukuoka_SoftBank_Hawks-Chunichi_Dragons,2022-06-05 14:00:00,2022,Fukuoka SoftBank Hawks,Chunichi Dragons,3.0,7.0,Final,バンテリンドーム,https://npb.jp/games/2022/schedule_06_detail.html
20220605-Hokkaido_Nippon-Ham_Fighters-Hanshin_Tigers,2022-06-05 14:00:00,2022,Hokkaido Nippon-Ham Fighters,Hanshin Tigers,3.0,8.0,Final,甲子園,https://npb.jp/games/2022/schedule_06_detail.html
20220605-Tohoku_Rakuten_Golden_Eagles-Yokohama_DeNA_BayStars,2022-06-05 14:00:00,2022,Tohoku Rakuten Golden Eagles,Yokohama DeNA BayStars,6.0,5.0,Final,横 浜,https://npb.jp/games/2022/schedule_06_detail.html
20220607-Chunichi_Dragons-Chiba_Lotte_Marines,2022-06-07 18:00:00,2022,Chunichi Dragons,Chiba Lotte Marines,2.0,6.0,Final,ZOZOマリン,https://npb.jp/games/2022/schedule_06_detail.html
20220607-Hanshin_Tigers-Fukuoka_SoftBank_Hawks,2022-06-07 18:00:00,2022,Hanshin Tigers,Fukuoka SoftBank Hawks,2.0,0.0,Final,PayPayドーム,https://npb.jp/games/2022/schedule_06_detail.html
20220607-Hiroshima_Toyo_Carp-Tohoku_Rakuten_Golden_Eagles,2022-06-07 18:00:00,2022,Hiroshima Toyo Carp,Tohoku Rakuten Golden Eagles,3.0,1.0,Final,楽天生命パーク,https://npb.jp/games/2022/schedule_06_detail.html
20220607-Tokyo_Yakult_Swallows-Orix_Buffaloes,2022-06-07 18:00:00,2022,Tokyo Yakult Swallows,Orix Buffaloes,1.0,6.0,Final,京セラD大阪,https://npb.jp/games/2022/schedule_06_detail.html
20220607-Yokohama_DeNA_BayStars-Hokkaido_Nippon-Ham_Fighters,2022-06-07 18:00:00,2022,Yokohama DeNA BayStars,Hokkaido Nippon-Ham Fighters,2.0,0.0,Final,札幌ドーム,https://npb.jp/games/2022/schedule_06_detail.html
20220607-Yomiuri_Giants-Saitama_Seibu_Lions,2022-06-07 18:00:00,2022,Yomiuri Giants,Saitama Seibu Lions,4.0,9.0,Final,ベルーナドーム,https://npb.jp/games/2022/schedule_06_detail.html
20220608-Chunichi_Dragons-Chiba_Lotte_Marines,2022-06-08 18:00:00,2022,Chunichi Dragons,Chiba Lotte Marines,6.0,9.0,Final,ZOZOマリン,https://npb.jp/games/2022/schedule_06_detail.html
20220608-Hanshin_Tigers-Fukuoka_SoftBank_Hawks,2022-06-08 18:00:00,2022,Hanshin Tigers,Fukuoka SoftBank Hawks,0.0,1.0,Final,PayPayドーム,https://npb.jp/games/2022/schedule_06_detail.html
20220608-Hiroshima_Toyo_Carp-Tohoku_Rakuten_Golden_Eagles,2022-06-08 18:00:00,2022,Hiroshima Toyo Carp,Tohoku Rakuten Golden Eagles,0.0,1.0,Final,楽天生命パーク,https://npb.jp/games/2022/schedule_06_detail.html
20220608-Tokyo_Yakult_Swallows-Orix_Buffaloes,2022-06-08 18:00:00,2022,Tokyo Yakult Swallows,Orix Buffaloes,6.0,3.0,Final,京セラD大阪,https://npb.jp/games/2022/schedule_06_detail.html
20220608-Yokohama_DeNA_BayStars-Hokkaido_Nippon-Ham_Fighters,2022-06-08 18:00:00,2022,Yokohama DeNA BayStars,Hokkaido Nippon-Ham Fighters,3.0,5.0,Final,札幌ドーム,https://npb.jp/games/2022/schedule_06_detail.html
20220608-Yomiuri_Giants-Saitama_Seibu_Lions,2022-06-08 18:00:00,2022,Yomiuri Giants,Saitama Seibu Lions,0.0,3.0,Final,ベルーナドーム,https://npb.jp/games/2022/schedule_06_detail.html
20220609-Chunichi_Dragons-Chiba_Lotte_Marines,2022-06-09 18:00:00,2022,Chunichi Dragons,Chiba Lotte Marines,0.0,2.0,Final,ZOZOマリン,https://npb.jp/games/2022/schedule_06_detail.html
20220609-Hanshin_Tigers-Fukuoka_SoftBank_Hawks,2022-06-09 18:00:00,2022,Hanshin Tigers,Fukuoka SoftBank Hawks,0.0,4.0,Final,PayPayドーム,https://npb.jp/games/2022/schedule_06_detail.html
20220609-Hiroshima_Toyo_Carp-Tohoku_Rakuten_Golden_Eagles,2022-06-09 18:00:00,2022,Hiroshima Toyo Carp,Tohoku Rakuten Golden Eagles,1.0,4.0,Final,楽天生命パーク,https://npb.jp/games/2022/schedule_06_detail.html
20220609-Tokyo_Yakult_Swallows-Orix_Buffaloes,2022-06-09 18:00:00,2022,Tokyo Yakult Swallows,Orix Buffaloes,2.0,1.0,Final,京セラD大阪,https://npb.jp/games/2022/schedule_06_detail.html
20220609-Yokohama_DeNA_BayStars-Hokkaido_Nippon-Ham_Fighters,2022-06-09 18:00:00,2022,Yokohama DeNA BayStars,Hokkaido Nippon-Ham Fighters,4.0,2.0,Final,札幌ドーム,https://npb.jp/games/2022/schedule_06_detail.html
20220609-Yomiuri_Giants-Saitama_Seibu_Lions,2022-06-09 18:00:00,2022,Yomiuri Giants,Saitama Seibu Lions,4.0,3.0,Final,ベルーナドーム,https://npb.jp/games/2022/schedule_06_detail.html
20220610-Chunichi_Dragons-Hokkaido_Nippon-Ham_Fighters,2022-06-10 18:00:00,2022,Chunichi Dragons,Hokkaido Nippon-Ham Fighters,1.0,2.0,Final,札幌ドーム,https://npb.jp/games/2022/schedule_06_detail.html
20220610-Hanshin_Tigers-Orix_Buffaloes,2022-06-10 18:00:00,2022,Hanshin Tigers,Orix Buffaloes,6.0,1.0,Final,京セラD大阪,https://npb.jp/games/2022/schedule_06_detail.html
20220610-Hiroshima_Toyo_Carp-Saitama_Seibu_Lions,2022-06-10 18:00:00,2022,Hiroshima Toyo Carp,Saitama Seibu Lions,6.0,3.0,Final,ベルーナドーム,https://npb.jp/games/2022/schedule_06_detail.html
20220610-Tokyo_Yakult_Swallows-Fukuoka_SoftBank_Hawks,2022-06-10 18:00:00,2022,Tokyo Yakult Swallows,Fukuoka SoftBank Hawks,3.0,1.0,Final,PayPayドーム,https://npb.jp/games/2022/schedule_06_detail.html
20220610-Yokohama_DeNA_BayStars-Chiba_Lotte_Marines,2022-06-10 18:00:00,2022,Yokohama DeNA BayStars,Chiba Lotte Marines,1.0,2.0,Final,ZOZOマリン,https://npb.jp/games/2022/schedule_06_detail.html
20220610-Yomiuri_Giants-Tohoku_Rakuten_Golden_Eagles,2022-06-10 18:00:00,2022,Yomiuri Giants,Tohoku Rakuten Golden Eagles,4.0,1.0,Final,楽天生命パーク,https://npb.jp/games/2022/schedule_06_detail.html
20220611-Chunichi_Dragons-Hokkaido_Nippon-Ham_Fighters,2022-06-11 14:00:00,2022,Chunichi Dragons,Hokkaido Nippon-Ham Fighters,0.0,10.0,Final,札幌ドーム,https://npb.jp/games/2022/schedule_06_detail.html
20220611-Hiroshima_Toyo_Carp-Saitama_Seibu_Lions,2022-06-11 14:00:00,2022,Hiroshima Toyo Carp,Saitama Seibu Lions,1.0,2.0,Final,ベルーナドーム,https://npb.jp/games/2022/schedule_06_detail.html
20220611-Tokyo_Yakult_Swallows-Fukuoka_SoftBank_Hawks,2022-06-11 14:00:00,2022,Tokyo Yakult Swallows,Fukuoka SoftBank Hawks,7.0,4.0,Final,PayPayドーム,https://npb.jp/games/2022/schedule_06_detail.html
20220611-Yokohama_DeNA_BayStars-Chiba_Lotte_Marines,2022-06-11 14:00:00,2022,Yokohama DeNA BayStars,Chiba Lotte Marines,2.0,1.0,Final,ZOZOマリン,https://npb.jp/games/2022/schedule_06_detail.html
20220611-Yomiuri_Giants-Tohoku_Rakuten_Golden_Eagles,2022-06-11 14:00:00,2022,Yomiuri Giants,Tohoku Rakuten Golden Eagles,1.0,8.0,Final,楽天生命パーク,https://npb.jp/games/2022/schedule_06_detail.html
20220611-Hanshin_Tigers-Orix_Buffaloes,2022-06-11 18:00:00,2022,Hanshin Tigers,Orix Buffaloes,3.0,2.0,Final,京セラD大阪,https://npb.jp/games/2022/schedule_06_detail.html
20220612-Hiroshima_Toyo_Carp-Saitama_Seibu_Lions,2022-06-12 13:00:00,2022,Hiroshima Toyo Carp,Saitama Seibu Lions,0.0,11.0,Final,ベルーナドーム,https://npb.jp/games/2022/schedule_06_detail.html
20220612-Tokyo_Yakult_Swallows-Fukuoka_SoftBank_Hawks,2022-06-12 13:00:00,2022,Tokyo Yakult Swallows,Fukuoka SoftBank Hawks,3.0,0.0,Final,PayPayドーム,https://npb.jp/games/2022/schedule_06_detail.html
20220612-Yomiuri_Giants-Tohoku_Rakuten_Golden_Eagles,2022-06-12 13:00:00,2022,Yomiuri Giants,Tohoku Rakuten Golden Eagles,2.0,9.0,Final,楽天生命パーク,https://npb.jp/games/2022/schedule_06_detail.html
20220612-Chunichi_Dragons-Hokkaido_Nippon-Ham_Fighters,2022-06-12 14:00:00,2022,Chunichi Dragons,Hokkaido Nippon-Ham Fighters,0.0,2.0,Final,札幌ドーム,https://npb.jp/games/2022/schedule_06_detail.html
20220612-Hanshin_Tigers-Orix_Buffaloes,2022-06-12 14:00:00,2022,Hanshin Tigers,Orix Buffaloes,9.0,1.0,Final,京セラD大阪,https://npb.jp/games/2022/schedule_06_detail.html
20220612-Yokohama_DeNA_BayStars-Chiba_Lotte_Marines,2022-06-12 14:00:00,2022,Yokohama DeNA BayStars,Chiba Lotte Marines,4.0,5.0,Final,ZOZOマリン,https://npb.jp/games/2022/schedule_06_detail.html
20220617-Chiba_Lotte_Marines-Hokkaido_Nippon-Ham_Fighters,2022-06-17 18:00:00,2022,Chiba Lotte Marines,Hokkaido Nippon-Ham Fighters,7.0,4.0,Final,札幌ドーム,https://npb.jp/games/2022/schedule_06_detail.html
20220617-Hiroshima_Toyo_Carp-Tokyo_Yakult_Swallows,2022-06-17 18:00:00,2022,Hiroshima Toyo Carp,Tokyo Yakult Swallows,2.0,7.0,Final,神 宮,https://npb.jp/games/2022/schedule_06_detail.html
20220617-Orix_Buffaloes-Saitama_Seibu_Lions,2022-06-17 18:00:00,2022,Orix Buffaloes,Saitama Seibu Lions,2.0,4.0,Final,ベルーナドーム,https://npb.jp/games/2022/schedule_06_detail.html
20220617-Tohoku_Rakuten_Golden_Eagles-Fukuoka_SoftBank_Hawks,2022-06-17 18:00:00,2022,Tohoku Rakuten Golden Eagles,Fukuoka SoftBank Hawks,4.0,9.0,Final,PayPayドーム,https://npb.jp/games/2022/schedule_06_detail.html
20220617-Yokohama_DeNA_BayStars-Hanshin_Tigers,2022-06-17 18:00:00,2022,Yokohama DeNA BayStars,Hanshin Tigers,5.0,7.0,Final,甲子園,https://npb.jp/games/2022/schedule_06_detail.html
20220617-Yomiuri_Giants-Chunichi_Dragons,2022-06-17 18:00:00,2022,Yomiuri Giants,Chunichi Dragons,0.0,2.0,Final,バンテリンドーム,https://npb.jp/games/2022/schedule_06_detail.html
20220618-Chiba_Lotte_Marines-Hokkaido_Nippon-Ham_Fighters,2022-06-18 14:00:00,2022,Chiba Lotte Marines,Hokkaido Nippon-Ham Fighters,3.0,1.0,Final,札幌ドーム,https://npb.jp/games/2022/schedule_06_detail.html
20220618-Hiroshima_Toyo_Carp-Tokyo_Yakult_Swallows,2022-06-18 14:00:00,2022,Hiroshima Toyo Carp,Tokyo Yakult Swallows,6.0,10.0,Final,神 宮,https://npb.jp/games/2022/schedule_06_detail.html
20220618-Orix_Buffaloes-Saitama_Seibu_Lions,2022-06-18 14:00:00,2022,Orix Buffaloes,Saitama Seibu Lions,2.0,0.0,Final,ベルーナドーム,https://npb.jp/games/2022/schedule_06_detail.html
20220618-Tohoku_Rakuten_Golden_Eagles-Fukuoka_SoftBank_Hawks,2022-06-18 14:00:00,2022,Tohoku Rakuten Golden Eagles,Fukuoka SoftBank Hawks,1.0,3.0,Final,PayPayドーム,https://npb.jp/games/2022/schedule_06_detail.html
20220618-Yokohama_DeNA_BayStars-Hanshin_Tigers,2022-06-18 14:00:00,2022,Yokohama DeNA BayStars,Hanshin Tigers,1.0,4.0,Final,甲子園,https://npb.jp/games/2022/schedule_06_detail.html
20220618-Yomiuri_Giants-Chunichi_Dragons,2022-06-18 14:00:00,2022,Yomiuri Giants,Chunichi Dragons,3.0,4.0,Final,バンテリンドーム,https://npb.jp/games/2022/schedule_06_detail.html
20220619-Hiroshima_Toyo_Carp-Tokyo_Yakult_Swallows,2022-06-19 13:00:00,2022,Hiroshima Toyo Carp,Tokyo Yakult Swallows,3.0,8.0,Final,神 宮,https://npb.jp/games/2022/schedule_06_detail.html
20220619-Orix_Buffaloes-Saitama_Seibu_Lions,2022-06-19 13:00:00,2022,Orix Buffaloes,Saitama Seibu Lions,2.0,3.0,Final,ベルーナドーム,https://npb.jp/games/2022/schedule_06_detail.html
20220619-Tohoku_Rakuten_Golden_Eagles-Fukuoka_SoftBank_Hawks,2022-06-19 13:00:00,2022,Tohoku Rakuten Golden Eagles,Fukuoka SoftBank Hawks,1.0,4.0,Final,PayPayドーム,https://npb.jp/games/2022/schedule_06_detail.html
20220619-Chiba_Lotte_Marines-Hokkaido_Nippon-Ham_Fighters,2022-06-19 14:00:00,2022,Chiba Lotte Marines,Hokkaido Nippon-Ham Fighters,4.0,2.0,Final,札幌ドーム,https://npb.jp/games/2022/schedule_06_detail.html
20220619-Yokohama_DeNA_BayStars-Hanshin_Tigers,2022-06-19 14:00:00,2022,Yokohama DeNA BayStars,Hanshin Tigers,7.0,4.0,Final,甲子園,https://npb.jp/games/2022/schedule_06_detail.html
20220619-Yomiuri_Giants-Chunichi_Dragons,2022-06-19 14:00:00,2022,Yomiuri Giants,Chunichi Dragons,5.0,3.0,Final,バンテリンドーム,https://npb.jp/games/2022/schedule_06_detail.html
20220621-Fukuoka_SoftBank_Hawks-Orix_Buffaloes,2022-06-21 18:00:00,2022,Fukuoka SoftBank Hawks,Orix Buffaloes,3.0,4.0,Final,京セラD大阪,https://npb.jp/games/2022/schedule_06_detail.html
20220621-Hanshin_Tigers-Hiroshima_Toyo_Carp,2022-06-21 18:00:00,2022,Hanshin Tigers,Hiroshima Toyo Carp,3.0,5.0,Final,マツダスタジアム,https://npb.jp/games/2022/schedule_06_detail.html
20220621-Hokkaido_Nippon-Ham_Fighters-Tohoku_Rakuten_Golden_Eagles,2022-06-21 18:00:00,2022,Hokkaido Nippon-Ham Fighters,Tohoku Rakuten Golden Eagles,0.0,3.0,Final,秋 田,https://npb.jp/games/2022/schedule_06_detail.html
20220621-Saitama_Seibu_Lions-Chiba_Lotte_Marines,2022-06-21 18:00:00,2022,Saitama Seibu Lions,Chiba Lotte Marines,3.0,0.0,Final,ZOZOマリン,https://npb.jp/games/2022/schedule_06_detail.html
20220621-Tokyo_Yakult_Swallows-Chunichi_Dragons,2022-06-21 18:00:00,2022,Tokyo Yakult Swallows,Chunichi Dragons,1.0,2.0,Final,バンテリンドーム,https://npb.jp/games/2022/schedule_06_detail.html
20220621-Yokohama_DeNA_BayStars-Yomiuri_Giants,2022-06-21 18:00:00,2022,Yokohama DeNA BayStars,Yomiuri Giants,3.0,1.0,Final,東京ドーム,https://npb.jp/games/2022/schedule_06_detail.html
20220622-Fukuoka_SoftBank_Hawks-Orix_Buffaloes,2022-06-22 18:00:00,2022,Fukuoka SoftBank Hawks,Orix Buffaloes,0.0,5.0,Final,京セラD大阪,https://npb.jp/games/2022/schedule_06_detail.html
20220622-Hanshin_Tigers-Hiroshima_Toyo_Carp,2022-06-22 18:00:00,2022,Hanshin Tigers,Hiroshima Toyo Carp,4.0,5.0,Final,マツダスタジアム,https://npb.jp/games/2022/schedule_06_detail.html
20220622-Hokkaido_Nippon-Ham_Fighters-Tohoku_Rakuten_Golden_Eagles,2022-06-22 18:00:00,2022,Hokkaido Nippon-Ham Fighters,Tohoku Rakuten Golden Eagles,3.0,6.0,Final,盛 岡,https://npb.jp/games/2022/schedule_06_detail.html
20220622-Saitama_Seibu_Lions-Chiba_Lotte_Marines,2022-06-22 18:00:00,2022,Saitama Seibu Lions,Chiba Lotte Marines,1.0,2.0,Final,ZOZOマリン,https://npb.jp/games/2022/schedule_06_detail.html
20220622-Tokyo_Yakult_Swallows-Chunichi_Dragons,2022-06-22 18:00:00,2022,Tokyo Yakult Swallows,Chunichi Dragons,7.0,3.0,Final,バンテリンドーム,https://npb.jp/games/2022/schedule_06_detail.html
20220622-Yokohama_DeNA_BayStars-Yomiuri_Giants,2022-06-22 18:00:00,2022,Yokohama DeNA BayStars,Yomiuri Giants,4.0,5.0,Final,東京ドーム,https://npb.jp/games/2022/schedule_06_detail.html
20220623-Hanshin_Tigers-Hiroshima_Toyo_Carp,2022-06-23 18:00:00,2022,Hanshin Tigers,Hiroshima Toyo Carp,3.0,3.0,Final,マツダスタジアム,https://npb.jp/games/2022/schedule_06_detail.html
20220623-Tokyo_Yakult_Swallows-Chunichi_Dragons,2022-06-23 18:00:00,2022,Tokyo Yakult Swallows,Chunichi Dragons,10.0,0.0,Final,バンテリンドーム,https://npb.jp/games/2022/schedule_06_detail.html
20220623-Yokohama_DeNA_BayStars-Yomiuri_Giants,2022-06-23 18:00:00,2022,Yokohama DeNA BayStars,Yomiuri Giants,7.0,5.0,Final,東京ドーム,https://npb.jp/games/2022/schedule_06_detail.html
20220624-Chunichi_Dragons-Hanshin_Tigers,2022-06-24 18:00:00,2022,Chunichi Dragons,Hanshin Tigers,4.0,6.0,Final,甲子園,https://npb.jp/games/2022/schedule_06_detail.html
20220624-Hiroshima_Toyo_Carp-Yokohama_DeNA_BayStars,2022-06-24 18:00:00,2022,Hiroshima Toyo Carp,Yokohama DeNA BayStars,7.0,0.0,Final,横 浜,https://npb.jp/games/2022/schedule_06_detail.html
20220624-Hokkaido_Nippon-Ham_Fighters-Fukuoka_SoftBank_Hawks,2022-06-24 18:00:00,2022,Hokkaido Nippon-Ham Fighters,Fukuoka SoftBank Hawks,1.0,5.0,Final,PayPayドーム,https://npb.jp/games/2022/schedule_06_detail.html
20220624-Orix_Buffaloes-Chiba_Lotte_Marines,2022-06-24 18:00:00,2022,Orix Buffaloes,Chiba Lotte Marines,5.0,0.0,Final,ZOZOマリン,https://npb.jp/games/2022/schedule_06_detail.html
20220624-Saitama_Seibu_Lions-Tohoku_Rakuten_Golden_Eagles,2022-06-24 18:00:00,2022,Saitama Seibu Lions,Tohoku Rakuten Golden Eagles,4.0,3.0,Final,楽天生命パーク,https://npb.jp/games/2022/schedule_06_detail.html
20220624-Yomiuri_Giants-Tokyo_Yakult_Swallows,2022-06-24 18:00:00,2022,Yomiuri Giants,Tokyo Yakult Swallows,6.0,16.0,Final,神 宮,https://npb.jp/games/2022/schedule_06_detail.html
20220625-Chunichi_Dragons-Hanshin_Tigers,2022-06-25 14:00:00,2022,Chunichi Dragons,Hanshin Tigers,0.0,10.0,Final,甲子園,https://npb.jp/games/2022/schedule_06_detail.html
20220625-Hiroshima_Toyo_Carp-Yokohama_DeNA_BayStars,2022-06-25 14:00:00,2022,Hiroshima Toyo Carp,Yokohama DeNA BayStars,5.0,4.0,Final,横 浜,https://npb.jp/games/2022/schedule_06_detail.html
20220625-Orix_Buffaloes-Chiba_Lotte_Marines,2022-06-25 14:00:00,2022,Orix Buffaloes,Chiba Lotte Marines,4.0,0.0,Final,ZOZOマリン,https://npb.jp/games/2022/schedule_06_detail.html
20220625-Saitama_Seibu_Lions-Tohoku_Rakuten_Golden_Eagles,2022-06-25 14:00:00,2022,Saitama Seibu Lions,Tohoku Rakuten Golden Eagles,2.0,0.0,Final,楽天生命パーク,https://npb.jp/games/2022/schedule_06_detail.html
20220625-Yomiuri_Giants-Tokyo_Yakult_Swallows,2022-06-25 14:00:00,2022,Yomiuri Giants,Tokyo Yakult Swallows,19.0,5.0,Final,神 宮,https://npb.jp/games/2022/schedule_06_detail.html
20220625-Hokkaido_Nippon-Ham_Fighters-Fukuoka_SoftBank_Hawks,2022-06-25 18:00:00,2022,Hokkaido Nippon-Ham Fighters,Fukuoka SoftBank Hawks,0.0,3.0,Final,PayPayドーム,https://npb.jp/games/2022/schedule_06_detail.html
20220626-Saitama_Seibu_Lions-Tohoku_Rakuten_Golden_Eagles,2022-06-26 13:00:00,2022,Saitama Seibu Lions,Tohoku Rakuten Golden Eagles,2.0,0.0,Final,楽天生命パーク,https://npb.jp/games/2022/schedule_06_detail.html
20220626-Yomiuri_Giants-Tokyo_Yakult_Swallows,2022-06-26 13:00:00,2022,Yomiuri Giants,Tokyo Yakult Swallows,10.0,11.0,Final,神 宮,https://npb.jp/games/2022/schedule_06_detail.html
20220626-Chunichi_Dragons-Hanshin_Tigers,2022-06-26 14:00:00,2022,Chunichi Dragons,Hanshin Tigers,5.0,6.0,Final,甲子園,https://npb.jp/games/2022/schedule_06_detail.html
20220626-Hiroshima_Toyo_Carp-Yokohama_DeNA_BayStars,2022-06-26 14:00:00,2022,Hiroshima Toyo Carp,Yokohama DeNA BayStars,4.0,3.0,Final,横 浜,https://npb.jp/games/2022/schedule_06_detail.html
20220626-Hokkaido_Nippon-Ham_Fighters-Fukuoka_SoftBank_Hawks,2022-06-26 14:00:00,2022,Hokkaido Nippon-Ham Fighters,Fukuoka SoftBank Hawks,3.0,2.0,Final,PayPayドーム,https://npb.jp/games/2022/schedule_06_detail.html
20220626-Orix_Buffaloes-Chiba_Lotte_Marines,2022-06-26 14:00:00,2022,Orix Buffaloes,Chiba Lotte Marines,2.0,3.0,Final,ZOZOマリン,https://npb.jp/games/2022/schedule_06_detail.html
20220627-Chiba_Lotte_Marines-Fukuoka_SoftBank_Hawks,2022-06-27 18:00:00,2022,Chiba Lotte Marines,Fukuoka SoftBank Hawks,8.0,1.0,Final,東京ドーム,https://npb.jp/games/2022/schedule_06_detail.html
20220628-Chunichi_Dragons-Yomiuri_Giants,2022-06-28 18:00:00,2022,Chunichi Dragons,Yomiuri Giants,2.0,6.0,Final,山 形,https://npb.jp/games/2022/schedule_06_detail.html
20220628-Hanshin_Tigers-Yokohama_DeNA_BayStars,2022-06-28 18:00:00,2022,Hanshin Tigers,Yokohama DeNA BayStars,2.0,6.0,Final,横 浜,https://npb.jp/games/2022/schedule_06_detail.html
20220628-Hokkaido_Nippon-Ham_Fighters-Saitama_Seibu_Lions,2022-06-28 18:00:00,2022,Hokkaido Nippon-Ham Fighters,Saitama Seibu Lions,2.0,5.0,Final,ベルーナドーム,https://npb.jp/games/2022/schedule_06_detail.html
20220628-Tohoku_Rakuten_Golden_Eagles-Orix_Buffaloes,2022-06-28 18:00:00,2022,Tohoku Rakuten Golden Eagles,Orix Buffaloes,4.0,2.0,Final,ほっと神戸,https://npb.jp/games/2022/schedule_06_detail.html
20220628-Tokyo_Yakult_Swallows-Hiroshima_Toyo_Carp,2022-06-28 18:00:00,2022,Tokyo Yakult Swallows,Hiroshima Toyo Carp,6.0,3.0,Final,マツダスタジアム,https://npb.jp/games/2022/schedule_06_detail.html
20220629-Chunichi_Dragons-Yomiuri_Giants,2022-06-29 18:00:00,2022,Chunichi Dragons,Yomiuri Giants,3.0,2.0,Final,郡 山,https://npb.jp/games/2022/schedule_06_detail.html
20220629-Hanshin_Tigers-Yokohama_DeNA_BayStars,2022-06-29 18:00:00,2022,Hanshin Tigers,Yokohama DeNA BayStars,2.0,4.0,Final,横 浜,https://npb.jp/games/2022/schedule_06_detail.html
20220629-Hokkaido_Nippon-Ham_Fighters-Saitama_Seibu_Lions,2022-06-29 18:00:00,2022,Hokkaido Nippon-Ham Fighters,Saitama Seibu Lions,2.0,6.0,Final,ベルーナドーム,https://npb.jp/games/2022/schedule_06_detail.html
20220629-Tohoku_Rakuten_Golden_Eagles-Orix_Buffaloes,2022-06-29 18:00:00,2022,Tohoku Rakuten Golden Eagles,Orix Buffaloes,1.0,6.0,Final,ほっと神戸,https://npb.jp/games/2022/schedule_06_detail.html
20220629-Tokyo_Yakult_Swallows-Hiroshima_Toyo_Carp,2022-06-29 18:00:00,2022,Tokyo Yakult Swallows,Hiroshima Toyo Carp,9.0,2.0,Final,マツダスタジアム,https://npb.jp/games/2022/schedule_06_detail.html
20220630-Hanshin_Tigers-Yokohama_DeNA_BayStars,2022-06-30 18:00:00,2022,Hanshin Tigers,Yokohama DeNA BayStars,5.0,6.0,Final,横 浜,https://npb.jp/games/2022/schedule_06_detail.html
20220630-Tokyo_Yakult_Swallows-Hiroshima_Toyo_Carp,2022-06-30 18:00:00,2022,Tokyo Yakult Swallows,Hiroshima Toyo Carp,4.0,2.0,Final,マツダスタジアム,https://npb.jp/games/2022/schedule_06_detail.html
20220701-Hanshin_Tigers-Chunichi_Dragons,2022-07-01 18:00:00,2022,Hanshin Tigers,Chunichi Dragons,1.0,3.0,Final,バンテリンドーム,https://npb.jp/games/2022/schedule_07_detail.html
20220701-Orix_Buffaloes-Hokkaido_Nippon-Ham_Fighters,2022-07-01 18:00:00,2022,Orix Buffaloes,Hokkaido Nippon-Ham Fighters,1.0,2.0,Final,札幌ドーム,https://npb.jp/games/2022/schedule_07_detail.html
20220701-Tohoku_Rakuten_Golden_Eagles-Chiba_Lotte_Marines,2022-07-01 18:00:00,2022,Tohoku Rakuten Golden Eagles,Chiba Lotte Marines,4.0,6.0,Final,ZOZOマリン,https://npb.jp/games/2022/schedule_07_detail.html
20220701-Yokohama_DeNA_BayStars-Tokyo_Yakult_Swallows,2022-07-01 18:00:00,2022,Yokohama DeNA BayStars,Tokyo Yakult Swallows,6.0,4.0,Final,神 宮,https://npb.jp/games/2022/schedule_07_detail.html
20220701-Yomiuri_Giants-Hiroshima_Toyo_Carp,2022-07-01 18:00:00,2022,Yomiuri Giants,Hiroshima Toyo Carp,3.0,5.0,Final,マツダスタジアム,https://npb.jp/games/2022/schedule_07_detail.html
20220702-Hanshin_Tigers-Chunichi_Dragons,2022-07-02 14:00:00,2022,Hanshin Tigers,Chunichi Dragons,5.0,2.0,Final,バンテリンドーム,https://npb.jp/games/2022/schedule_07_detail.html
20220702-Orix_Buffaloes-Hokkaido_Nippon-Ham_Fighters,2022-07-02 14:00:00,2022,Orix Buffaloes,Hokkaido Nippon-Ham Fighters,0.0,5.0,Final,札幌ドーム,https://npb.jp/games/2022/schedule_07_detail.html
20220702-Tohoku_Rakuten_Golden_Eagles-Chiba_Lotte_Marines,2022-07-02 14:00:00,2022,Tohoku Rakuten Golden Eagles,Chiba Lotte Marines,1.0,3.0,Final,ZOZOマリン,https://npb.jp/games/2022/schedule_07_detail.html
20220702-Yomiuri_Giants-Hiroshima_Toyo_Carp,2022-07-02 14:00:00,2022,Yomiuri Giants,Hiroshima Toyo Carp,0.0,2.0,Final,マツダスタジアム,https://npb.jp/games/2022/schedule_07_detail.html
20220702-Fukuoka_SoftBank_Hawks-Saitama_Seibu_Lions,2022-07-02 18:00:00,2022,Fukuoka SoftBank Hawks,Saitama Seibu Lions,3.0,2.0,Final,ベルーナドーム,https://npb.jp/games/2022/schedule_07_detail.html
20220702-Yokohama_DeNA_BayStars-Tokyo_Yakult_Swallows,2022-07-02 18:00:00,2022,Yokohama DeNA BayStars,Tokyo Yakult Swallows,1.0,2.0,Final,神 宮,https://npb.jp/games/2022/schedule_07_detail.html
20220703-Fukuoka_SoftBank_Hawks-Saitama_Seibu_Lions,2022-07-03 13:00:00,2022,Fukuoka SoftBank Hawks,Saitama Seibu Lions,3.0,0.0,Final,ベルーナドーム,https://npb.jp/games/2022/schedule_07_detail.html
20220703-Yomiuri_Giants-Hiroshima_Toyo_Carp,2022-07-03 13:30:00,2022,Yomiuri Giants,Hiroshima Toyo Carp,7.0,5.0,Final,マツダスタジアム,https://npb.jp/games/2022/schedule_07_detail.html
20220703-Hanshin_Tigers-Chunichi_Dragons,2022-07-03 14:00:00,2022,Hanshin Tigers,Chunichi Dragons,3.0,0.0,Final,バンテリンドーム,https://npb.jp/games/2022/schedule_07_detail.html
20220703-Orix_Buffaloes-Hokkaido_Nippon-Ham_Fighters,2022-07-03 14:00:00,2022,Orix Buffaloes,Hokkaido Nippon-Ham Fighters,7.0,3.0,Final,札幌ドーム,https://npb.jp/games/2022/schedule_07_detail.html
20220703-Tohoku_Rakuten_Golden_Eagles-Chiba_Lotte_Marines,2022-07-03 14:00:00,2022,Tohoku Rakuten Golden Eagles,Chiba Lotte Marines,14.0,1.0,Final,ZOZOマリン,https://npb.jp/games/2022/schedule_07_detail.html
20220703-Yokohama_DeNA_BayStars-Tokyo_Yakult_Swallows,2022-07-03 18:00:00,2022,Yokohama DeNA BayStars,Tokyo Yakult Swallows,4.0,11.0,Final,神 宮,https://npb.jp/games/2022/schedule_07_detail.html
20220705-Chunichi_Dragons-Yokohama_DeNA_BayStars,2022-07-05 17:45:00,2022,Chunichi Dragons,Yokohama DeNA BayStars,,,Postponed,横 浜,https://npb.jp/games/2022/schedule_07_detail.html
20220705-Fukuoka_SoftBank_Hawks-Tohoku_Rakuten_Golden_Eagles,2022-07-05 18:00:00,2022,Fukuoka SoftBank Hawks,Tohoku Rakuten Golden Eagles,6.0,2.0,Final,弘 前,https://npb.jp/games/2022/schedule_07_detail.html
20220705-Hiroshima_Toyo_Carp-Hanshin_Tigers,2022-07-05 18:00:00,2022,Hiroshima Toyo Carp,Hanshin Tigers,,,Postponed,甲子園,https://npb.jp/games/2022/schedule_07_detail.html
20220705-Hokkaido_Nippon-Ham_Fighters-Chiba_Lotte_Marines,2022-07-05 18:00:00,2022,Hokkaido Nippon-Ham Fighters,Chiba Lotte Marines,1.0,2.0,Final,ZOZOマリン,https://npb.jp/games/2022/schedule_07_detail.html
20220705-Saitama_Seibu_Lions-Orix_Buffaloes,2022-07-05 18:00:00,2022,Saitama Seibu Lions,Orix Buffaloes,5.0,4.0,Final,京セラD大阪,https://npb.jp/games/2022/schedule_07_detail.html
20220705-Tokyo_Yakult_Swallows-Yomiuri_Giants,2022-07-05 18:00:00,2022,Tokyo Yakult Swallows,Yomiuri Giants,1.0,4.0,Final,東京ドーム,https://npb.jp/games/2022/schedule_07_detail.html
20220706-Chunichi_Dragons-Yokohama_DeNA_BayStars,2022-07-06 17:45:00,2022,Chunichi Dragons,Yokohama DeNA BayStars,1.0,3.0,Final,横 浜,https://npb.jp/games/2022/schedule_07_detail.html
20220706-Hiroshima_Toyo_Carp-Hanshin_Tigers,2022-07-06 18:00:00,2022,Hiroshima Toyo Carp,Hanshin Tigers,2.0,3.0,Final,甲子園,https://npb.jp/games/2022/schedule_07_detail.html
20220706-Hokkaido_Nippon-Ham_Fighters-Chiba_Lotte_Marines,2022-07-06 18:00:00,2022,Hokkaido Nippon-Ham Fighters,Chiba Lotte Marines,4.0,5.0,Final,ZOZOマリン,https://npb.jp/games/2022/schedule_07_detail.html
20220706-Saitama_Seibu_Lions-Orix_Buffaloes,2022-07-06 18:00:00,2022,Saitama Seibu Lions,Orix Buffaloes,5.0,4.0,Final,京セラD大阪,https://npb.jp/games/2022/schedule_07_detail.html
20220706-Tokyo_Yakult_Swallows-Yomiuri_Giants,2022-07-06 18:00:00,2022,Tokyo Yakult Swallows,Yomiuri Giants,3.0,4.0,Final,東京ドーム,https://npb.jp/games/2022/schedule_07_detail.html
20220707-Chunichi_Dragons-Yokohama_DeNA_BayStars,2022-07-07 17:45:00,2022,Chunichi Dragons,Yokohama DeNA BayStars,0.0,0.0,Final,横 浜,https://npb.jp/games/2022/schedule_07_detail.html
20220707-Fukuoka_SoftBank_Hawks-Tohoku_Rakuten_Golden_Eagles,2022-07-07 18:00:00,2022,Fukuoka SoftBank Hawks,Tohoku Rakuten Golden Eagles,2.0,5.0,Final,楽天生命パーク,https://npb.jp/games/2022/schedule_07_detail.html
20220707-Hiroshima_Toyo_Carp-Hanshin_Tigers,2022-07-07 18:00:00,2022,Hiroshima Toyo Carp,Hanshin Tigers,3.0,0.0,Final,甲子園,https://npb.jp/games/2022/schedule_07_detail.html
20220707-Hokkaido_Nippon-Ham_Fighters-Chiba_Lotte_Marines,2022-07-07 18:00:00,2022,Hokkaido Nippon-Ham Fighters,Chiba Lotte Marines,7.0,1.0,Final,ZOZOマリン,https://npb.jp/games/2022/schedule_07_detail.html
20220707-Saitama_Seibu_Lions-Orix_Buffaloes,2022-07-07 18:00:00,2022,Saitama Seibu Lions,Orix Buffaloes,2.0,6.0,Final,京セラD大阪,https://npb.jp/games/2022/schedule_07_detail.html
20220707-Tokyo_Yakult_Swallows-Yomiuri_Giants,2022-07-07 18:00:00,2022,Tokyo Yakult Swallows,Yomiuri Giants,11.0,3.0,Final,東京ドーム,https://npb.jp/games/2022/schedule_07_detail.html
20220708-Chiba_Lotte_Marines-Orix_Buffaloes,2022-07-08 18:00:00,2022,Chiba Lotte Marines,Orix Buffaloes,6.0,1.0,Final,京セラD大阪,https://npb.jp/games/2022/schedule_07_detail.html
20220708-Hanshin_Tigers-Tokyo_Yakult_Swallows,2022-07-08 18:00:00,2022,Hanshin Tigers,Tokyo Yakult Swallows,8.0,0.0,Final,神 宮,https://npb.jp/games/2022/schedule_07_detail.html
20220708-Hiroshima_Toyo_Carp-Chunichi_Dragons,2022-07-08 18:00:00,2022,Hiroshima Toyo Carp,Chunichi Dragons,2.0,9.0,Final,バンテリンドーム,https://npb.jp/games/2022/schedule_07_detail.html
20220708-Hokkaido_Nippon-Ham_Fighters-Fukuoka_SoftBank_Hawks,2022-07-08 18:00:00,2022,Hokkaido Nippon-Ham Fighters,Fukuoka SoftBank Hawks,4.0,2.0,Final,PayPayドーム,https://npb.jp/games/2022/schedule_07_detail.html
20220708-Saitama_Seibu_Lions-Tohoku_Rakuten_Golden_Eagles,2022-07-08 18:00:00,2022,Saitama Seibu Lions,Tohoku Rakuten Golden Eagles,8.0,4.0,Final,楽天生命パーク,https://npb.jp/games/2022/schedule_07_detail.html
20220708-Yokohama_DeNA_BayStars-Yomiuri_Giants,2022-07-08 18:00:00,2022,Yokohama DeNA BayStars,Yomiuri Giants,3.0,3.0,Final,東京ドーム,https://npb.jp/games/2022/schedule_07_detail.html
20220709-Hiroshima_Toyo_Carp-Chunichi_Dragons,2022-07-09 14:00:00,2022,Hiroshima Toyo Carp,Chunichi Dragons,7.0,0.0,Final,バンテリンドーム,https://npb.jp/games/2022/schedule_07_detail.html
20220709-Saitama_Seibu_Lions-Tohoku_Rakuten_Golden_Eagles,2022-07-09 14:00:00,2022,Saitama Seibu Lions,Tohoku Rakuten Golden Eagles,6.0,3.0,Final,楽天生命パーク,https://npb.jp/games/2022/schedule_07_detail.html
20220709-Yokohama_DeNA_BayStars-Yomiuri_Giants,2022-07-09 14:00:00,2022,Yokohama DeNA BayStars,Yomiuri Giants,2.0,0.0,Final,東京ドーム,https://npb.jp/games/2022/schedule_07_detail.html
20220709-Chiba_Lotte_Marines-Orix_Buffaloes,2022-07-09 18:00:00,2022,Chiba Lotte Marines,Orix Buffaloes,1.0,3.0,Final,ほっと神戸,https://npb.jp/games/2022/schedule_07_detail.html
20220709-Hanshin_Tigers-Tokyo_Yakult_Swallows,2022-07-09 18:00:00,2022,Hanshin Tigers,Tokyo Yakult Swallows,,,Postponed,神 宮,https://npb.jp/games/2022/schedule_07_detail.html
20220709-Hokkaido_Nippon-Ham_Fighters-Fukuoka_SoftBank_Hawks,2022-07-09 18:00:00,2022,Hokkaido Nippon-Ham Fighters,Fukuoka SoftBank Hawks,7.0,2.0,Final,PayPayドーム,https://npb.jp/games/2022/schedule_07_detail.html
20220710-Hokkaido_Nippon-Ham_Fighters-Fukuoka_SoftBank_Hawks,2022-07-10 13:00:00,2022,Hokkaido Nippon-Ham Fighters,Fukuoka SoftBank Hawks,2.0,0.0,Final,PayPayドーム,https://npb.jp/games/2022/schedule_07_detail.html
20220710-Hiroshima_Toyo_Carp-Chunichi_Dragons,2022-07-10 14:00:00,2022,Hiroshima Toyo Carp,Chunichi Dragons,1.0,2.0,Final,バンテリンドーム,https://npb.jp/games/2022/schedule_07_detail.html
20220710-Yokohama_DeNA_BayStars-Yomiuri_Giants,2022-07-10 14:00:00,2022,Yokohama DeNA BayStars,Yomiuri Giants,8.0,4.0,Final,東京ドーム,https://npb.jp/games/2022/schedule_07_detail.html
20220710-Chiba_Lotte_Marines-Orix_Buffaloes,2022-07-10 16:00:00,2022,Chiba Lotte Marines,Orix Buffaloes,1.0,10.0,Final,ほっと神戸,https://npb.jp/games/2022/schedule_07_detail.html
20220710-Saitama_Seibu_Lions-Tohoku_Rakuten_Golden_Eagles,2022-07-10 16:00:00,2022,Saitama Seibu Lions,Tohoku Rakuten Golden Eagles,6.0,3.0,Final,楽天生命パーク,https://npb.jp/games/2022/schedule_07_detail.html
20220710-Hanshin_Tigers-Tokyo_Yakult_Swallows,2022-07-10 18:00:00,2022,Hanshin Tigers,Tokyo Yakult Swallows,,,Postponed,神 宮,https://npb.jp/games/2022/schedule_07_detail.html
20220712-Chiba_Lotte_Marines-Saitama_Seibu_Lions,2022-07-12 18:00:00,2022,Chiba Lotte Marines,Saitama Seibu Lions,4.0,2.0,Final,ベルーナドーム,https://npb.jp/games/2022/schedule_07_detail.html
20220712-Orix_Buffaloes-Fukuoka_SoftBank_Hawks,2022-07-12 18:00:00,2022,Orix Buffaloes,Fukuoka SoftBank Hawks,4.0,2.0,Final,PayPayドーム,https://npb.jp/games/2022/schedule_07_detail.html
20220712-Tokyo_Yakult_Swallows-Chunichi_Dragons,2022-07-12 18:00:00,2022,Tokyo Yakult Swallows,Chunichi Dragons,,,Postponed,豊 橋,https://npb.jp/games/2022/schedule_07_detail.html
20220712-Yokohama_DeNA_BayStars-Hiroshima_Toyo_Carp,2022-07-12 18:00:00,2022,Yokohama DeNA BayStars,Hiroshima Toyo Carp,7.0,4.0,Final,マツダスタジアム,https://npb.jp/games/2022/schedule_07_detail.html
20220712-Yomiuri_Giants-Hanshin_Tigers,2022-07-12 18:00:00,2022,Yomiuri Giants,Hanshin Tigers,4.0,0.0,Final,甲子園,https://npb.jp/games/2022/schedule_07_detail.html
20220713-Chiba_Lotte_Marines-Saitama_Seibu_Lions,2022-07-13 18:00:00,2022,Chiba Lotte Marines,Saitama Seibu Lions,0.0,3.0,Final,ベルーナドーム,https://npb.jp/games/2022/schedule_07_detail.html
20220713-Orix_Buffaloes-Fukuoka_SoftBank_Hawks,2022-07-13 18:00:00,2022,Orix Buffaloes,Fukuoka SoftBank Hawks,2.0,4.0,Final,PayPayドーム,https://npb.jp/games/2022/schedule_07_detail.html
20220713-Tohoku_Rakuten_Golden_Eagles-Hokkaido_Nippon-Ham_Fighters,2022-07-13 18:00:00,2022,Tohoku Rakuten Golden Eagles,Hokkaido Nippon-Ham Fighters,2.0,3.0,Final,静 岡,https://npb.jp/games/2022/schedule_07_detail.html
20220713-Tokyo_Yakult_Swallows-Chunichi_Dragons,2022-07-13 18:00:00,2022,Tokyo Yakult Swallows,Chunichi Dragons,3.0,6.0,Final,バンテリンドーム,https://npb.jp/games/2022/schedule_07_detail.html
20220713-Yokohama_DeNA_BayStars-Hiroshima_Toyo_Carp,2022-07-13 18:00:00,2022,Yokohama DeNA BayStars,Hiroshima Toyo Carp,1.0,4.0,Final,マツダスタジアム,https://npb.jp/games/2022/schedule_07_detail.html
20220713-Yomiuri_Giants-Hanshin_Tigers,2022-07-13 18:00:00,2022,Yomiuri Giants,Hanshin Tigers,0.0,13.0,Final,甲子園,https://npb.jp/games/2022/schedule_07_detail.html
20220714-Chiba_Lotte_Marines-Saitama_Seibu_Lions,2022-07-14 18:00:00,2022,Chiba Lotte Marines,Saitama Seibu Lions,1.0,2.0,Final,ベルーナドーム,https://npb.jp/games/2022/schedule_07_detail.html
20220714-Orix_Buffaloes-Fukuoka_SoftBank_Hawks,2022-07-14 18:00:00,2022,Orix Buffaloes,Fukuoka SoftBank Hawks,3.0,2.0,Final,PayPayドーム,https://npb.jp/games/2022/schedule_07_detail.html
20220714-Tohoku_Rakuten_Golden_Eagles-Hokkaido_Nippon-Ham_Fighters,2022-07-14 18:00:00,2022,Tohoku Rakuten Golden Eagles,Hokkaido Nippon-Ham Fighters,0.0,6.0,Final,静 岡,https://npb.jp/games/2022/schedule_07_detail.html
20220714-Tokyo_Yakult_Swallows-Chunichi_Dragons,2022-07-14 18:00:00,2022,Tokyo Yakult Swallows,Chunichi Dragons,1.0,4.0,Final,バンテリンドーム,https://npb.jp/games/2022/schedule_07_detail.html
20220714-Yokohama_DeNA_BayStars-Hiroshima_Toyo_Carp,2022-07-14 18:00:00,2022,Yokohama DeNA BayStars,Hiroshima Toyo Carp,4.0,3.0,Final,マツダスタジアム,https://npb.jp/games/2022/schedule_07_detail.html
20220714-Yomiuri_Giants-Hanshin_Tigers,2022-07-14 18:00:00,2022,Yomiuri Giants,Hanshin Tigers,0.0,3.0,Final,甲子園,https://npb.jp/games/2022/schedule_07_detail.html
20220715-Chunichi_Dragons-Hanshin_Tigers,2022-07-15 18:00:00,2022,Chunichi Dragons,Hanshin Tigers,1.0,2.0,Final,甲子園,https://npb.jp/games/2022/schedule_07_detail.html
20220715-Hiroshima_Toyo_Carp-Yomiuri_Giants,2022-07-15 18:00:00,2022,Hiroshima Toyo Carp,Yomiuri Giants,6.0,3.0,Final,東京ドーム,https://npb.jp/games/2022/schedule_07_detail.html
20220715-Tokyo_Yakult_Swallows-Yokohama_DeNA_BayStars,2022-07-15 18:00:00,2022,Tokyo Yakult Swallows,Yokohama DeNA BayStars,,,Postponed,横 浜,https://npb.jp/games/2022/schedule_07_detail.html
20220716-Hiroshima_Toyo_Carp-Yomiuri_Giants,2022-07-16 14:00:00,2022,Hiroshima Toyo Carp,Yomiuri Giants,11.0,4.0,Final,東京ドーム,https://npb.jp/games/2022/schedule_07_detail.html
20220716-Orix_Buffaloes-Tohoku_Rakuten_Golden_Eagles,2022-07-16 14:00:00,2022,Orix Buffaloes,Tohoku Rakuten Golden Eagles,3.0,7.0,Final,楽天生命パーク,https://npb.jp/games/2022/schedule_07_detail.html
20220716-Saitama_Seibu_Lions-Hokkaido_Nippon-Ham_Fighters,2022-07-16 14:00:00,2022,Saitama Seibu Lions,Hokkaido Nippon-Ham Fighters,0.0,1.0,Final,札幌ドーム,https://npb.jp/games/2022/schedule_07_detail.html
20220716-Chunichi_Dragons-Hanshin_Tigers,2022-07-16 18:00:00,2022,Chunichi Dragons,Hanshin Tigers,3.0,1.0,Final,甲子園,https://npb.jp/games/2022/schedule_07_detail.html
20220716-Fukuoka_SoftBank_Hawks-Chiba_Lotte_Marines,2022-07-16 18:00:00,2022,Fukuoka SoftBank Hawks,Chiba Lotte Marines,,,Postponed,ZOZOマリン,https://npb.jp/games/2022/schedule_07_detail.html
20220716-Tokyo_Yakult_Swallows-Yokohama_DeNA_BayStars,2022-07-16 18:00:00,2022,Tokyo Yakult Swallows,Yokohama DeNA BayStars,2.0,3.0,Final,横 浜,https://npb.jp/games/2022/schedule_07_detail.html
20220717-Orix_Buffaloes-Tohoku_Rakuten_Golden_Eagles,2022-07-17 13:00:00,2022,Orix Buffaloes,Tohoku Rakuten Golden Eagles,7.0,3.0,Final,楽天生命パーク,https://npb.jp/games/2022/schedule_07_detail.html
20220717-Saitama_Seibu_Lions-Hokkaido_Nippon-Ham_Fighters,2022-07-17 13:00:00,2022,Saitama Seibu Lions,Hokkaido Nippon-Ham Fighters,4.0,3.0,Final,札幌ドーム,https://npb.jp/games/2022/schedule_07_detail.html
20220717-Hiroshima_Toyo_Carp-Yomiuri_Giants,2022-07-17 14:00:00,2022,Hiroshima Toyo Carp,Yomiuri Giants,10.0,5.0,Final,東京ドーム,https://npb.jp/games/2022/schedule_07_detail.html
20220717-Fukuoka_SoftBank_Hawks-Chiba_Lotte_Marines,2022-07-17 17:00:00,2022,Fukuoka SoftBank Hawks,Chiba Lotte Marines,5.0,3.0,Final,ZOZOマリン,https://npb.jp/games/2022/schedule_07_detail.html
20220717-Chunichi_Dragons-Hanshin_Tigers,2022-07-17 18:00:00,2022,Chunichi Dragons,Hanshin Tigers,1.0,3.0,Final,甲子園,https://npb.jp/games/2022/schedule_07_detail.html
20220717-Tokyo_Yakult_Swallows-Yokohama_DeNA_BayStars,2022-07-17 18:00:00,2022,Tokyo Yakult Swallows,Yokohama DeNA BayStars,2.0,10.0,Final,横 浜,https://npb.jp/games/2022/schedule_07_detail.html
20220718-Saitama_Seibu_Lions-Hokkaido_Nippon-Ham_Fighters,2022-07-18 13:00:00,2022,Saitama Seibu Lions,Hokkaido Nippon-Ham Fighters,5.0,1.0,Final,札幌ドーム,https://npb.jp/games/2022/schedule_07_detail.html
20220718-Orix_Buffaloes-Tohoku_Rakuten_Golden_Eagles,2022-07-18 14:00:00,2022,Orix Buffaloes,Tohoku Rakuten Golden Eagles,3.0,8.0,Final,楽天生命パーク,https://npb.jp/games/2022/schedule_07_detail.html
20220718-Fukuoka_SoftBank_Hawks-Chiba_Lotte_Marines,2022-07-18 17:00:00,2022,Fukuoka SoftBank Hawks,Chiba Lotte Marines,1.0,2.0,Final,ZOZOマリン,https://npb.jp/games/2022/schedule_07_detail.html
20220718-Hanshin_Tigers-Hiroshima_Toyo_Carp,2022-07-18 18:00:00,2022,Hanshin Tigers,Hiroshima Toyo Carp,,,Postponed,マツダスタジアム,https://npb.jp/games/2022/schedule_07_detail.html
20220718-Yokohama_DeNA_BayStars-Chunichi_Dragons,2022-07-18 18:00:00,2022,Yokohama DeNA BayStars,Chunichi Dragons,2.0,1.0,Final,バンテリンドーム,https://npb.jp/games/2022/schedule_07_detail.html
20220718-Yomiuri_Giants-Tokyo_Yakult_Swallows,2022-07-18 18:00:00,2022,Yomiuri Giants,Tokyo Yakult Swallows,10.0,8.0,Final,神 宮,https://npb.jp/games/2022/schedule_07_detail.html
20220719-Hanshin_Tigers-Hiroshima_Toyo_Carp,2022-07-19 18:00:00,2022,Hanshin Tigers,Hiroshima Toyo Carp,3.0,0.0,Final,マツダスタジアム,https://npb.jp/games/2022/schedule_07_detail.html
20220719-Hokkaido_Nippon-Ham_Fighters-Orix_Buffaloes,2022-07-19 18:00:00,2022,Hokkaido Nippon-Ham Fighters,Orix Buffaloes,1.0,7.0,Final,京セラD大阪,https://npb.jp/games/2022/schedule_07_detail.html
20220719-Saitama_Seibu_Lions-Chiba_Lotte_Marines,2022-07-19 18:00:00,2022,Saitama Seibu Lions,Chiba Lotte Marines,3.0,5.0,Final,ZOZOマリン,https://npb.jp/games/2022/schedule_07_detail.html
20220719-Yokohama_DeNA_BayStars-Chunichi_Dragons,2022-07-19 18:00:00,2022,Yokohama DeNA BayStars,Chunichi Dragons,2.0,3.0,Final,バンテリンドーム,https://npb.jp/games/2022/schedule_07_detail.html
20220719-Yomiuri_Giants-Tokyo_Yakult_Swallows,2022-07-19 18:00:00,2022,Yomiuri Giants,Tokyo Yakult Swallows,3.0,5.0,Final,神 宮,https://npb.jp/games/2022/schedule_07_detail.html
20220720-Hanshin_Tigers-Hiroshima_Toyo_Carp,2022-07-20 18:00:00,2022,Hanshin Tigers,Hiroshima Toyo Carp,3.0,5.0,Final,マツダスタジアム,https://npb.jp/games/2022/schedule_07_detail.html
20220720-Hokkaido_Nippon-Ham_Fighters-Orix_Buffaloes,2022-07-20 18:00:00,2022,Hokkaido Nippon-Ham Fighters,Orix Buffaloes,0.0,2.0,Final,京セラD大阪,https://npb.jp/games/2022/schedule_07_detail.html
20220720-Saitama_Seibu_Lions-Chiba_Lotte_Marines,2022-07-20 18:00:00,2022,Saitama Seibu Lions,Chiba Lotte Marines,4.0,8.0,Final,ZOZOマリン,https://npb.jp/games/2022/schedule_07_detail.html
20220720-Tohoku_Rakuten_Golden_Eagles-Fukuoka_SoftBank_Hawks,2022-07-20 18:00:00,2022,Tohoku Rakuten Golden Eagles,Fukuoka SoftBank Hawks,17.0,3.0,Final,北九州,https://npb.jp/games/2022/schedule_07_detail.html
20220720-Yokohama_DeNA_BayStars-Chunichi_Dragons,2022-07-20 18:00:00,2022,Yokohama DeNA BayStars,Chunichi Dragons,6.0,4.0,Final,バンテリンドーム,https://npb.jp/games/2022/schedule_07_detail.html
20220720-Yomiuri_Giants-Tokyo_Yakult_Swallows,2022-07-20 18:00:00,2022,Yomiuri Giants,Tokyo Yakult Swallows,2.0,8.0,Final,神 宮,https://npb.jp/games/2022/schedule_07_detail.html
20220721-Hokkaido_Nippon-Ham_Fighters-Orix_Buffaloes,2022-07-21 18:00:00,2022,Hokkaido Nippon-Ham Fighters,Orix Buffaloes,3.0,4.0,Final,京セラD大阪,https://npb.jp/games/2022/schedule_07_detail.html
20220721-Saitama_Seibu_Lions-Chiba_Lotte_Marines,2022-07-21 18:00:00,2022,Saitama Seibu Lions,Chiba Lotte Marines,4.0,5.0,Final,ZOZOマリン,https://npb.jp/games/2022/schedule_07_detail.html
20220721-Tohoku_Rakuten_Golden_Eagles-Fukuoka_SoftBank_Hawks,2022-07-21 18:00:00,2022,Tohoku Rakuten Golden Eagles,Fukuoka SoftBank Hawks,0.0,7.0,Final,PayPayドーム,https://npb.jp/games/2022/schedule_07_detail.html
20220722-Fukuoka_SoftBank_Hawks-Orix_Buffaloes,2022-07-22 18:00:00,2022,Fukuoka SoftBank Hawks,Orix Buffaloes,7.0,5.0,Final,京セラD大阪,https://npb.jp/games/2022/schedule_07_detail.html
20220722-Hiroshima_Toyo_Carp-Tokyo_Yakult_Swallows,2022-07-22 18:00:00,2022,Hiroshima Toyo Carp,Tokyo Yakult Swallows,5.0,2.0,Final,神 宮,https://npb.jp/games/2022/schedule_07_detail.html
20220722-Tohoku_Rakuten_Golden_Eagles-Saitama_Seibu_Lions,2022-07-22 18:00:00,2022,Tohoku Rakuten Golden Eagles,Saitama Seibu Lions,4.0,9.0,Final,ベルーナドーム,https://npb.jp/games/2022/schedule_07_detail.html
20220722-Yokohama_DeNA_BayStars-Hanshin_Tigers,2022-07-22 18:00:00,2022,Yokohama DeNA BayStars,Hanshin Tigers,3.0,6.0,Final,甲子園,https://npb.jp/games/2022/schedule_07_detail.html
20220723-Chiba_Lotte_Marines-Hokkaido_Nippon-Ham_Fighters,2022-07-23 15:00:00,2022,Chiba Lotte Marines,Hokkaido Nippon-Ham Fighters,7.0,6.0,Final,札幌ドーム,https://npb.jp/games/2022/schedule_07_detail.html
20220723-Fukuoka_SoftBank_Hawks-Orix_Buffaloes,2022-07-23 18:00:00,2022,Fukuoka SoftBank Hawks,Orix Buffaloes,0.0,5.0,Final,京セラD大阪,https://npb.jp/games/2022/schedule_07_detail.html
20220723-Hiroshima_Toyo_Carp-Tokyo_Yakult_Swallows,2022-07-23 18:00:00,2022,Hiroshima Toyo Carp,Tokyo Yakult Swallows,15.0,3.0,Final,神 宮,https://npb.jp/games/2022/schedule_07_detail.html
20220723-Tohoku_Rakuten_Golden_Eagles-Saitama_Seibu_Lions,2022-07-23 18:00:00,2022,Tohoku Rakuten Golden Eagles,Saitama Seibu Lions,3.0,3.0,Final,ベルーナドーム,https://npb.jp/games/2022/schedule_07_detail.html
20220723-Yokohama_DeNA_BayStars-Hanshin_Tigers,2022-07-23 18:00:00,2022,Yokohama DeNA BayStars,Hanshin Tigers,1.0,3.0,Final,甲子園,https://npb.jp/games/2022/schedule_07_detail.html
20220724-Fukuoka_SoftBank_Hawks-Orix_Buffaloes,2022-07-24 13:00:00,2022,Fukuoka SoftBank Hawks,Orix Buffaloes,4.0,7.0,Final,京セラD大阪,https://npb.jp/games/2022/schedule_07_detail.html
20220724-Chiba_Lotte_Marines-Hokkaido_Nippon-Ham_Fighters,2022-07-24 14:00:00,2022,Chiba Lotte Marines,Hokkaido Nippon-Ham Fighters,4.0,5.0,Final,札幌ドーム,https://npb.jp/games/2022/schedule_07_detail.html
20220724-Hiroshima_Toyo_Carp-Tokyo_Yakult_Swallows,2022-07-24 18:00:00,2022,Hiroshima Toyo Carp,Tokyo Yakult Swallows,2.0,4.0,Final,神 宮,https://npb.jp/games/2022/schedule_07_detail.html
20220724-Tohoku_Rakuten_Golden_Eagles-Saitama_Seibu_Lions,2022-07-24 18:00:00,2022,Tohoku Rakuten Golden Eagles,Saitama Seibu Lions,9.0,2.0,Final,ベルーナドーム,https://npb.jp/games/2022/schedule_07_detail.html
20220724-Yokohama_DeNA_BayStars-Hanshin_Tigers,2022-07-24 18:00:00,2022,Yokohama DeNA BayStars,Hanshin Tigers,0.0,1.0,Final,甲子園,https://npb.jp/games/2022/schedule_07_detail.html
20220726-セ・リーグ-パ・リーグ,2022-07-26 19:00:00,2022,セ・リーグ,パ・リーグ,2.0,3.0,Final,PayPayドーム,https://npb.jp/games/2022/schedule_07_detail.html
20220727-パ・リーグ-セ・リーグ,2022-07-27 18:30:00,2022,パ・リーグ,セ・リーグ,2.0,1.0,Final,松 山,https://npb.jp/games/2022/schedule_07_detail.html
20220729-Chunichi_Dragons-Hiroshima_Toyo_Carp,2022-07-29 18:00:00,2022,Chunichi Dragons,Hiroshima Toyo Carp,9.0,0.0,Final,マツダスタジアム,https://npb.jp/games/2022/schedule_07_detail.html
20220729-Hokkaido_Nippon-Ham_Fighters-Tohoku_Rakuten_Golden_Eagles,2022-07-29 18:00:00,2022,Hokkaido Nippon-Ham Fighters,Tohoku Rakuten Golden Eagles,2.0,1.0,Final,楽天生命パーク,https://npb.jp/games/2022/schedule_07_detail.html
20220729-Orix_Buffaloes-Chiba_Lotte_Marines,2022-07-29 18:00:00,2022,Orix Buffaloes,Chiba Lotte Marines,9.0,8.0,Final,ZOZOマリン,https://npb.jp/games/2022/schedule_07_detail.html
20220729-Saitama_Seibu_Lions-Fukuoka_SoftBank_Hawks,2022-07-29 18:00:00,2022,Saitama Seibu Lions,Fukuoka SoftBank Hawks,5.0,2.0,Final,PayPayドーム,https://npb.jp/games/2022/schedule_07_detail.html
20220729-Tokyo_Yakult_Swallows-Hanshin_Tigers,2022-07-29 18:00:00,2022,Tokyo Yakult Swallows,Hanshin Tigers,0.0,6.0,Final,甲子園,https://npb.jp/games/2022/schedule_07_detail.html
20220730-Saitama_Seibu_Lions-Fukuoka_SoftBank_Hawks,2022-07-30 14:00:00,2022,Saitama Seibu Lions,Fukuoka SoftBank Hawks,6.0,0.0,Final,PayPayドーム,https://npb.jp/games/2022/schedule_07_detail.html
20220730-Orix_Buffaloes-Chiba_Lotte_Marines,2022-07-30 17:00:00,2022,Orix Buffaloes,Chiba Lotte Marines,6.0,4.0,Final,ZOZOマリン,https://npb.jp/games/2022/schedule_07_detail.html
20220730-Chunichi_Dragons-Hiroshima_Toyo_Carp,2022-07-30 18:00:00,2022,Chunichi Dragons,Hiroshima Toyo Carp,3.0,0.0,Final,マツダスタジアム,https://npb.jp/games/2022/schedule_07_detail.html
20220730-Hokkaido_Nippon-Ham_Fighters-Tohoku_Rakuten_Golden_Eagles,2022-07-30 18:00:00,2022,Hokkaido Nippon-Ham Fighters,Tohoku Rakuten Golden Eagles,0.0,7.0,Final,楽天生命パーク,https://npb.jp/games/2022/schedule_07_detail.html
20220730-Tokyo_Yakult_Swallows-Hanshin_Tigers,2022-07-30 18:00:00,2022,Tokyo Yakult Swallows,Hanshin Tigers,3.0,7.0,Final,甲子園,https://npb.jp/games/2022/schedule_07_detail.html
20220731-Saitama_Seibu_Lions-Fukuoka_SoftBank_Hawks,2022-07-31 13:00:00,2022,Saitama Seibu Lions,Fukuoka SoftBank Hawks,2.0,4.0,Final,PayPayドーム,https://npb.jp/games/2022/schedule_07_detail.html
20220731-Hokkaido_Nippon-Ham_Fighters-Tohoku_Rakuten_Golden_Eagles,2022-07-31 17:00:00,2022,Hokkaido Nippon-Ham Fighters,Tohoku Rakuten Golden Eagles,5.0,10.0,Final,楽天生命パーク,https://npb.jp/games/2022/schedule_07_detail.html
20220731-Orix_Buffaloes-Chiba_Lotte_Marines,2022-07-31 17:00:00,2022,Orix Buffaloes,Chiba Lotte Marines,5.0,2.0,Final,ZOZOマリン,https://npb.jp/games/2022/schedule_07_detail.html
20220731-Chunichi_Dragons-Hiroshima_Toyo_Carp,2022-07-31 18:00:00,2022,Chunichi Dragons,Hiroshima Toyo Carp,6.0,5.0,Final,マツダスタジアム,https://npb.jp/games/2022/schedule_07_detail.html
20220731-Tokyo_Yakult_Swallows-Hanshin_Tigers,2022-07-31 18:00:00,2022,Tokyo Yakult Swallows,Hanshin Tigers,4.0,2.0,Final,甲子園,https://npb.jp/games/2022/schedule_07_detail.html
20220802-Hiroshima_Toyo_Carp-Yokohama_DeNA_BayStars,2022-08-02 17:45:00,2022,Hiroshima Toyo Carp,Yokohama DeNA BayStars,2.0,5.0,Final,横 浜,https://npb.jp/games/2022/schedule_08_detail.html
20220802-Chiba_Lotte_Marines-Tohoku_Rakuten_Golden_Eagles,2022-08-02 18:00:00,2022,Chiba Lotte Marines,Tohoku Rakuten Golden Eagles,6.0,4.0,Final,楽天生命パーク,https://npb.jp/games/2022/schedule_08_detail.html
20220802-Chunichi_Dragons-Tokyo_Yakult_Swallows,2022-08-02 18:00:00,2022,Chunichi Dragons,Tokyo Yakult Swallows,0.0,5.0,Final,神 宮,https://npb.jp/games/2022/schedule_08_detail.html
20220802-Fukuoka_SoftBank_Hawks-Hokkaido_Nippon-Ham_Fighters,2022-08-02 18:00:00,2022,Fukuoka SoftBank Hawks,Hokkaido Nippon-Ham Fighters,5.0,6.0,Final,旭 川,https://npb.jp/games/2022/schedule_08_detail.html
20220802-Hanshin_Tigers-Yomiuri_Giants,2022-08-02 18:00:00,2022,Hanshin Tigers,Yomiuri Giants,6.0,3.0,Final,東京ドーム,https://npb.jp/games/2022/schedule_08_detail.html
20220802-Orix_Buffaloes-Saitama_Seibu_Lions,2022-08-02 18:00:00,2022,Orix Buffaloes,Saitama Seibu Lions,2.0,4.0,Final,ベルーナドーム,https://npb.jp/games/2022/schedule_08_detail.html
20220803-Hiroshima_Toyo_Carp-Yokohama_DeNA_BayStars,2022-08-03 17:45:00,2022,Hiroshima Toyo Carp,Yokohama DeNA BayStars,5.0,6.0,Final,横 浜,https://npb.jp/games/2022/schedule_08_detail.html
20220803-Chiba_Lotte_Marines-Tohoku_Rakuten_Golden_Eagles,2022-08-03 18:00:00,2022,Chiba Lotte Marines,Tohoku Rakuten Golden Eagles,4.0,5.0,Final,楽天生命パーク,https://npb.jp/games/2022/schedule_08_detail.html
20220803-Chunichi_Dragons-Tokyo_Yakult_Swallows,2022-08-03 18:00:00,2022,Chunichi Dragons,Tokyo Yakult Swallows,7.0,9.0,Final,神 宮,https://npb.jp/games/2022/schedule_08_detail.html
20220803-Fukuoka_SoftBank_Hawks-Hokkaido_Nippon-Ham_Fighters,2022-08-03 18:00:00,2022,Fukuoka SoftBank Hawks,Hokkaido Nippon-Ham Fighters,1.0,5.0,Final,札幌ドーム,https://npb.jp/games/2022/schedule_08_detail.html
20220803-Hanshin_Tigers-Yomiuri_Giants,2022-08-03 18:00:00,2022,Hanshin Tigers,Yomiuri Giants,2.0,1.0,Final,東京ドーム,https://npb.jp/games/2022/schedule_08_detail.html
20220803-Orix_Buffaloes-Saitama_Seibu_Lions,2022-08-03 18:00:00,2022,Orix Buffaloes,Saitama Seibu Lions,1.0,3.0,Final,ベルーナドーム,https://npb.jp/games/2022/schedule_08_detail.html
20220804-Hiroshima_Toyo_Carp-Yokohama_DeNA_BayStars,2022-08-04 17:45:00,2022,Hiroshima Toyo Carp,Yokohama DeNA BayStars,,,Postponed,横 浜,https://npb.jp/games/2022/schedule_08_detail.html
20220804-Chiba_Lotte_Marines-Tohoku_Rakuten_Golden_Eagles,2022-08-04 18:00:00,2022,Chiba Lotte Marines,Tohoku Rakuten Golden Eagles,1.0,10.0,Final,楽天生命パーク,https://npb.jp/games/2022/schedule_08_detail.html
20220804-Chunichi_Dragons-Tokyo_Yakult_Swallows,2022-08-04 18:00:00,2022,Chunichi Dragons,Tokyo Yakult Swallows,,,Postponed,神 宮,https://npb.jp/games/2022/schedule_08_detail.html
20220804-Fukuoka_SoftBank_Hawks-Hokkaido_Nippon-Ham_Fighters,2022-08-04 18:00:00,2022,Fukuoka SoftBank Hawks,Hokkaido Nippon-Ham Fighters,3.0,3.0,Final,札幌ドーム,https://npb.jp/games/2022/schedule_08_detail.html
20220804-Hanshin_Tigers-Yomiuri_Giants,2022-08-04 18:00:00,2022,Hanshin Tigers,Yomiuri Giants,0.0,7.0,Final,東京ドーム,https://npb.jp/games/2022/schedule_08_detail.html
20220804-Orix_Buffaloes-Saitama_Seibu_Lions,2022-08-04 18:00:00,2022,Orix Buffaloes,Saitama Seibu Lions,2.0,3.0,Final,ベルーナドーム,https://npb.jp/games/2022/schedule_08_detail.html
20220805-Chiba_Lotte_Marines-Saitama_Seibu_Lions,2022-08-05 18:00:00,2022,Chiba Lotte Marines,Saitama Seibu Lions,3.0,4.0,Final,ベルーナドーム,https://npb.jp/games/2022/schedule_08_detail.html
20220805-Hanshin_Tigers-Hiroshima_Toyo_Carp,2022-08-05 18:00:00,2022,Hanshin Tigers,Hiroshima Toyo Carp,3.0,2.0,Final,マツダスタジアム,https://npb.jp/games/2022/schedule_08_detail.html
20220805-Hokkaido_Nippon-Ham_Fighters-Orix_Buffaloes,2022-08-05 18:00:00,2022,Hokkaido Nippon-Ham Fighters,Orix Buffaloes,2.0,5.0,Final,京セラD大阪,https://npb.jp/games/2022/schedule_08_detail.html
20220805-Tohoku_Rakuten_Golden_Eagles-Fukuoka_SoftBank_Hawks,2022-08-05 18:00:00,2022,Tohoku Rakuten Golden Eagles,Fukuoka SoftBank Hawks,3.0,7.0,Final,PayPayドーム,https://npb.jp/games/2022/schedule_08_detail.html
20220805-Yokohama_DeNA_BayStars-Chunichi_Dragons,2022-08-05 18:00:00,2022,Yokohama DeNA BayStars,Chunichi Dragons,4.0,2.0,Final,バンテリンドーム,https://npb.jp/games/2022/schedule_08_detail.html
20220805-Yomiuri_Giants-Tokyo_Yakult_Swallows,2022-08-05 18:00:00,2022,Yomiuri Giants,Tokyo Yakult Swallows,9.0,5.0,Final,神 宮,https://npb.jp/games/2022/schedule_08_detail.html
20220806-Hokkaido_Nippon-Ham_Fighters-Orix_Buffaloes,2022-08-06 14:00:00,2022,Hokkaido Nippon-Ham Fighters,Orix Buffaloes,1.0,3.0,Final,京セラD大阪,https://npb.jp/games/2022/schedule_08_detail.html
20220806-Tohoku_Rakuten_Golden_Eagles-Fukuoka_SoftBank_Hawks,2022-08-06 14:00:00,2022,Tohoku Rakuten Golden Eagles,Fukuoka SoftBank Hawks,1.0,9.0,Final,PayPayドーム,https://npb.jp/games/2022/schedule_08_detail.html
20220806-Yokohama_DeNA_BayStars-Chunichi_Dragons,2022-08-06 14:00:00,2022,Yokohama DeNA BayStars,Chunichi Dragons,1.0,0.0,Final,バンテリンドーム,https://npb.jp/games/2022/schedule_08_detail.html
20220806-Chiba_Lotte_Marines-Saitama_Seibu_Lions,2022-08-06 17:00:00,2022,Chiba Lotte Marines,Saitama Seibu Lions,2.0,1.0,Final,ベルーナドーム,https://npb.jp/games/2022/schedule_08_detail.html
20220806-Hanshin_Tigers-Hiroshima_Toyo_Carp,2022-08-06 18:00:00,2022,Hanshin Tigers,Hiroshima Toyo Carp,5.0,6.0,Final,マツダスタジアム,https://npb.jp/games/2022/schedule_08_detail.html
20220806-Yomiuri_Giants-Tokyo_Yakult_Swallows,2022-08-06 18:00:00,2022,Yomiuri Giants,Tokyo Yakult Swallows,3.0,2.0,Final,神 宮,https://npb.jp/games/2022/schedule_08_detail.html
20220807-Hokkaido_Nippon-Ham_Fighters-Orix_Buffaloes,2022-08-07 13:00:00,2022,Hokkaido Nippon-Ham Fighters,Orix Buffaloes,5.0,3.0,Final,京セラD大阪,https://npb.jp/games/2022/schedule_08_detail.html
20220807-Tohoku_Rakuten_Golden_Eagles-Fukuoka_SoftBank_Hawks,2022-08-07 13:00:00,2022,Tohoku Rakuten Golden Eagles,Fukuoka SoftBank Hawks,7.0,2.0,Final,PayPayドーム,https://npb.jp/games/2022/schedule_08_detail.html
20220807-Yokohama_DeNA_BayStars-Chunichi_Dragons,2022-08-07 14:00:00,2022,Yokohama DeNA BayStars,Chunichi Dragons,0.0,5.0,Final,バンテリンドーム,https://npb.jp/games/2022/schedule_08_detail.html
20220807-Chiba_Lotte_Marines-Saitama_Seibu_Lions,2022-08-07 17:00:00,2022,Chiba Lotte Marines,Saitama Seibu Lions,4.0,10.0,Final,ベルーナドーム,https://npb.jp/games/2022/schedule_08_detail.html
20220807-Hanshin_Tigers-Hiroshima_Toyo_Carp,2022-08-07 18:00:00,2022,Hanshin Tigers,Hiroshima Toyo Carp,7.0,5.0,Final,マツダスタジアム,https://npb.jp/games/2022/schedule_08_detail.html
20220807-Yomiuri_Giants-Tokyo_Yakult_Swallows,2022-08-07 18:00:00,2022,Yomiuri Giants,Tokyo Yakult Swallows,7.0,4.0,Final,神 宮,https://npb.jp/games/2022/schedule_08_detail.html
20220809-Fukuoka_SoftBank_Hawks-Chiba_Lotte_Marines,2022-08-09 18:00:00,2022,Fukuoka SoftBank Hawks,Chiba Lotte Marines,3.0,0.0,Final,ZOZOマリン,https://npb.jp/games/2022/schedule_08_detail.html
20220809-Hanshin_Tigers-Yokohama_DeNA_BayStars,2022-08-09 18:00:00,2022,Hanshin Tigers,Yokohama DeNA BayStars,2.0,3.0,Final,横 浜,https://npb.jp/games/2022/schedule_08_detail.html
20220809-Saitama_Seibu_Lions-Hokkaido_Nippon-Ham_Fighters,2022-08-09 18:00:00,2022,Saitama Seibu Lions,Hokkaido Nippon-Ham Fighters,3.0,5.0,Final,札幌ドーム,https://npb.jp/games/2022/schedule_08_detail.html
20220809-Tohoku_Rakuten_Golden_Eagles-Orix_Buffaloes,2022-08-09 18:00:00,2022,Tohoku Rakuten Golden Eagles,Orix Buffaloes,1.0,5.0,Final,京セラD大阪,https://npb.jp/games/2022/schedule_08_detail.html
20220809-Tokyo_Yakult_Swallows-Hiroshima_Toyo_Carp,2022-08-09 18:00:00,2022,Tokyo Yakult Swallows,Hiroshima Toyo Carp,0.0,2.0,Final,マツダスタジアム,https://npb.jp/games/2022/schedule_08_detail.html
20220809-Yomiuri_Giants-Chunichi_Dragons,2022-08-09 18:00:00,2022,Yomiuri Giants,Chunichi Dragons,2.0,3.0,Final,バンテリンドーム,https://npb.jp/games/2022/schedule_08_detail.html
20220810-Fukuoka_SoftBank_Hawks-Chiba_Lotte_Marines,2022-08-10 18:00:00,2022,Fukuoka SoftBank Hawks,Chiba Lotte Marines,4.0,3.0,Final,ZOZOマリン,https://npb.jp/games/2022/schedule_08_detail.html
20220810-Hanshin_Tigers-Yokohama_DeNA_BayStars,2022-08-10 18:00:00,2022,Hanshin Tigers,Yokohama DeNA BayStars,0.0,3.0,Final,横 浜,https://npb.jp/games/2022/schedule_08_detail.html
20220810-Saitama_Seibu_Lions-Hokkaido_Nippon-Ham_Fighters,2022-08-10 18:00:00,2022,Saitama Seibu Lions,Hokkaido Nippon-Ham Fighters,2.0,2.0,Final,札幌ドーム,https://npb.jp/games/2022/schedule_08_detail.html
20220810-Tohoku_Rakuten_Golden_Eagles-Orix_Buffaloes,2022-08-10 18:00:00,2022,Tohoku Rakuten Golden Eagles,Orix Buffaloes,2.0,1.0,Final,京セラD大阪,https://npb.jp/games/2022/schedule_08_detail.html
20220810-Tokyo_Yakult_Swallows-Hiroshima_Toyo_Carp,2022-08-10 18:00:00,2022,Tokyo Yakult Swallows,Hiroshima Toyo Carp,1.0,4.0,Final,マツダスタジアム,https://npb.jp/games/2022/schedule_08_detail.html
20220810-Yomiuri_Giants-Chunichi_Dragons,2022-08-10 18:00:00,2022,Yomiuri Giants,Chunichi Dragons,2.0,1.0,Final,バンテリンドーム,https://npb.jp/games/2022/schedule_08_detail.html
20220811-Saitama_Seibu_Lions-Hokkaido_Nippon-Ham_Fighters,2022-08-11 14:00:00,2022,Saitama Seibu Lions,Hokkaido Nippon-Ham Fighters,2.0,3.0,Final,札幌ドーム,https://npb.jp/games/2022/schedule_08_detail.html
20220811-Tohoku_Rakuten_Golden_Eagles-Orix_Buffaloes,2022-08-11 14:00:00,2022,Tohoku Rakuten Golden Eagles,Orix Buffaloes,1.0,6.0,Final,京セラD大阪,https://npb.jp/games/2022/schedule_08_detail.html
20220811-Yomiuri_Giants-Chunichi_Dragons,2022-08-11 14:00:00,2022,Yomiuri Giants,Chunichi Dragons,6.0,1.0,Final,バンテリンドーム,https://npb.jp/games/2022/schedule_08_detail.html
20220811-Fukuoka_SoftBank_Hawks-Chiba_Lotte_Marines,2022-08-11 17:00:00,2022,Fukuoka SoftBank Hawks,Chiba Lotte Marines,4.0,3.0,Final,ZOZOマリン,https://npb.jp/games/2022/schedule_08_detail.html
20220811-Hanshin_Tigers-Yokohama_DeNA_BayStars,2022-08-11 17:00:00,2022,Hanshin Tigers,Yokohama DeNA BayStars,1.0,4.0,Final,横 浜,https://npb.jp/games/2022/schedule_08_detail.html
20220811-Tokyo_Yakult_Swallows-Hiroshima_Toyo_Carp,2022-08-11 18:00:00,2022,Tokyo Yakult Swallows,Hiroshima Toyo Carp,3.0,6.0,Final,マツダスタジアム,https://npb.jp/games/2022/schedule_08_detail.html
20220812-Chunichi_Dragons-Hanshin_Tigers,2022-08-12 18:00:00,2022,Chunichi Dragons,Hanshin Tigers,4.0,0.0,Final,京セラD大阪,https://npb.jp/games/2022/schedule_08_detail.html
20220812-Hiroshima_Toyo_Carp-Yomiuri_Giants,2022-08-12 18:00:00,2022,Hiroshima Toyo Carp,Yomiuri Giants,6.0,5.0,Final,東京ドーム,https://npb.jp/games/2022/schedule_08_detail.html
20220812-Hokkaido_Nippon-Ham_Fighters-Chiba_Lotte_Marines,2022-08-12 18:00:00,2022,Hokkaido Nippon-Ham Fighters,Chiba Lotte Marines,2.0,3.0,Final,ZOZOマリン,https://npb.jp/games/2022/schedule_08_detail.html
20220812-Orix_Buffaloes-Fukuoka_SoftBank_Hawks,2022-08-12 18:00:00,2022,Orix Buffaloes,Fukuoka SoftBank Hawks,6.0,3.0,Final,PayPayドーム,https://npb.jp/games/2022/schedule_08_detail.html
20220812-Saitama_Seibu_Lions-Tohoku_Rakuten_Golden_Eagles,2022-08-12 18:00:00,2022,Saitama Seibu Lions,Tohoku Rakuten Golden Eagles,5.0,1.0,Final,楽天生命パーク,https://npb.jp/games/2022/schedule_08_detail.html
20220812-Yokohama_DeNA_BayStars-Tokyo_Yakult_Swallows,2022-08-12 18:00:00,2022,Yokohama DeNA BayStars,Tokyo Yakult Swallows,4.0,3.0,Final,神 宮,https://npb.jp/games/2022/schedule_08_detail.html
20220813-Hiroshima_Toyo_Carp-Yomiuri_Giants,2022-08-13 14:00:00,2022,Hiroshima Toyo Carp,Yomiuri Giants,1.0,4.0,Final,東京ドーム,https://npb.jp/games/2022/schedule_08_detail.html
20220813-Orix_Buffaloes-Fukuoka_SoftBank_Hawks,2022-08-13 14:00:00,2022,Orix Buffaloes,Fukuoka SoftBank Hawks,4.0,5.0,Final,PayPayドーム,https://npb.jp/games/2022/schedule_08_detail.html
20220813-Hokkaido_Nippon-Ham_Fighters-Chiba_Lotte_Marines,2022-08-13 17:00:00,2022,Hokkaido Nippon-Ham Fighters,Chiba Lotte Marines,,,Postponed,ZOZOマリン,https://npb.jp/games/2022/schedule_08_detail.html
20220813-Chunichi_Dragons-Hanshin_Tigers,2022-08-13 18:00:00,2022,Chunichi Dragons,Hanshin Tigers,2.0,0.0,Final,京セラD大阪,https://npb.jp/games/2022/schedule_08_detail.html
20220813-Saitama_Seibu_Lions-Tohoku_Rakuten_Golden_Eagles,2022-08-13 18:00:00,2022,Saitama Seibu Lions,Tohoku Rakuten Golden Eagles,6.0,4.0,Final,楽天生命パーク,https://npb.jp/games/2022/schedule_08_detail.html
20220813-Yokohama_DeNA_BayStars-Tokyo_Yakult_Swallows,2022-08-13 18:00:00,2022,Yokohama DeNA BayStars,Tokyo Yakult Swallows,,,Postponed,神 宮,https://npb.jp/games/2022/schedule_08_detail.html
20220814-Orix_Buffaloes-Fukuoka_SoftBank_Hawks,2022-08-14 13:00:00,2022,Orix Buffaloes,Fukuoka SoftBank Hawks,10.0,2.0,Final,PayPayドーム,https://npb.jp/games/2022/schedule_08_detail.html
20220814-Hiroshima_Toyo_Carp-Yomiuri_Giants,2022-08-14 14:00:00,2022,Hiroshima Toyo Carp,Yomiuri Giants,2.0,3.0,Final,東京ドーム,https://npb.jp/games/2022/schedule_08_detail.html
20220814-Hokkaido_Nippon-Ham_Fighters-Chiba_Lotte_Marines,2022-08-14 17:00:00,2022,Hokkaido Nippon-Ham Fighters,Chiba Lotte Marines,8.0,3.0,Final,ZOZOマリン,https://npb.jp/games/2022/schedule_08_detail.html
20220814-Saitama_Seibu_Lions-Tohoku_Rakuten_Golden_Eagles,2022-08-14 17:00:00,2022,Saitama Seibu Lions,Tohoku Rakuten Golden Eagles,3.0,4.0,Final,楽天生命パーク,https://npb.jp/games/2022/schedule_08_detail.html
20220814-Chunichi_Dragons-Hanshin_Tigers,2022-08-14 18:00:00,2022,Chunichi Dragons,Hanshin Tigers,5.0,4.0,Final,京セラD大阪,https://npb.jp/games/2022/schedule_08_detail.html
20220814-Yokohama_DeNA_BayStars-Tokyo_Yakult_Swallows,2022-08-14 18:00:00,2022,Yokohama DeNA BayStars,Tokyo Yakult Swallows,1.0,4.0,Final,神 宮,https://npb.jp/games/2022/schedule_08_detail.html
20220816-Chiba_Lotte_Marines-Orix_Buffaloes,2022-08-16 18:00:00,2022,Chiba Lotte Marines,Orix Buffaloes,4.0,0.0,Final,ほっと神戸,https://npb.jp/games/2022/schedule_08_detail.html
20220816-Chunichi_Dragons-Hiroshima_Toyo_Carp,2022-08-16 18:00:00,2022,Chunichi Dragons,Hiroshima Toyo Carp,0.0,5.0,Final,マツダスタジアム,https://npb.jp/games/2022/schedule_08_detail.html
20220816-Fukuoka_SoftBank_Hawks-Saitama_Seibu_Lions,2022-08-16 18:00:00,2022,Fukuoka SoftBank Hawks,Saitama Seibu Lions,0.0,2.0,Final,ベルーナドーム,https://npb.jp/games/2022/schedule_08_detail.html
20220816-Hanshin_Tigers-Tokyo_Yakult_Swallows,2022-08-16 18:00:00,2022,Hanshin Tigers,Tokyo Yakult Swallows,3.0,5.0,Final,神 宮,https://npb.jp/games/2022/schedule_08_detail.html
20220816-Tohoku_Rakuten_Golden_Eagles-Hokkaido_Nippon-Ham_Fighters,2022-08-16 18:00:00,2022,Tohoku Rakuten Golden Eagles,Hokkaido Nippon-Ham Fighters,2.0,1.0,Final,札幌ドーム,https://npb.jp/games/2022/schedule_08_detail.html
20220816-Yomiuri_Giants-Yokohama_DeNA_BayStars,2022-08-16 18:00:00,2022,Yomiuri Giants,Yokohama DeNA BayStars,1.0,3.0,Final,横 浜,https://npb.jp/games/2022/schedule_08_detail.html
20220817-Chiba_Lotte_Marines-Orix_Buffaloes,2022-08-17 18:00:00,2022,Chiba Lotte Marines,Orix Buffaloes,,,Postponed,ほっと神戸,https://npb.jp/games/2022/schedule_08_detail.html
20220817-Chunichi_Dragons-Hiroshima_Toyo_Carp,2022-08-17 18:00:00,2022,Chunichi Dragons,Hiroshima Toyo Carp,0.0,1.0,Final,マツダスタジアム,https://npb.jp/games/2022/schedule_08_detail.html
20220817-Fukuoka_SoftBank_Hawks-Saitama_Seibu_Lions,2022-08-17 18:00:00,2022,Fukuoka SoftBank Hawks,Saitama Seibu Lions,5.0,3.0,Final,ベルーナドーム,https://npb.jp/games/2022/schedule_08_detail.html
20220817-Hanshin_Tigers-Tokyo_Yakult_Swallows,2022-08-17 18:00:00,2022,Hanshin Tigers,Tokyo Yakult Swallows,2.0,4.0,Final,神 宮,https://npb.jp/games/2022/schedule_08_detail.html
20220817-Tohoku_Rakuten_Golden_Eagles-Hokkaido_Nippon-Ham_Fighters,2022-08-17 18:00:00,2022,Tohoku Rakuten Golden Eagles,Hokkaido Nippon-Ham Fighters,8.0,2.0,Final,札幌ドーム,https://npb.jp/games/2022/schedule_08_detail.html
20220817-Yomiuri_Giants-Yokohama_DeNA_BayStars,2022-08-17 18:00:00,2022,Yomiuri Giants,Yokohama DeNA BayStars,3.0,7.0,Final,横 浜,https://npb.jp/games/2022/schedule_08_detail.html
20220818-Chunichi_Dragons-Hiroshima_Toyo_Carp,2022-08-18 18:00:00,2022,Chunichi Dragons,Hiroshima Toyo Carp,6.0,1.0,Final,マツダスタジアム,https://npb.jp/games/2022/schedule_08_detail.html
20220818-Fukuoka_SoftBank_Hawks-Saitama_Seibu_Lions,2022-08-18 18:00:00,2022,Fukuoka SoftBank Hawks,Saitama Seibu Lions,5.0,8.0,Final,ベルーナドーム,https://npb.jp/games/2022/schedule_08_detail.html
20220818-Hanshin_Tigers-Tokyo_Yakult_Swallows,2022-08-18 18:00:00,2022,Hanshin Tigers,Tokyo Yakult Swallows,10.0,2.0,Final,神 宮,https://npb.jp/games/2022/schedule_08_detail.html
20220818-Tohoku_Rakuten_Golden_Eagles-Hokkaido_Nippon-Ham_Fighters,2022-08-18 18:00:00,2022,Tohoku Rakuten Golden Eagles,Hokkaido Nippon-Ham Fighters,2.0,1.0,Final,札幌ドーム,https://npb.jp/games/2022/schedule_08_detail.html
20220818-Yomiuri_Giants-Yokohama_DeNA_BayStars,2022-08-18 18:00:00,2022,Yomiuri Giants,Yokohama DeNA BayStars,3.0,4.0,Final,横 浜,https://npb.jp/games/2022/schedule_08_detail.html
20220819-Chiba_Lotte_Marines-Tohoku_Rakuten_Golden_Eagles,2022-08-19 18:00:00,2022,Chiba Lotte Marines,Tohoku Rakuten Golden Eagles,6.0,5.0,Final,楽天生命パーク,https://npb.jp/games/2022/schedule_08_detail.html
20220819-Hanshin_Tigers-Yomiuri_Giants,2022-08-19 18:00:00,2022,Hanshin Tigers,Yomiuri Giants,4.0,0.0,Final,東京ドーム,https://npb.jp/games/2022/schedule_08_detail.html
20220819-Hiroshima_Toyo_Carp-Yokohama_DeNA_BayStars,2022-08-19 18:00:00,2022,Hiroshima Toyo Carp,Yokohama DeNA BayStars,3.0,8.0,Final,横 浜,https://npb.jp/games/2022/schedule_08_detail.html
20220819-Hokkaido_Nippon-Ham_Fighters-Fukuoka_SoftBank_Hawks,2022-08-19 18:00:00,2022,Hokkaido Nippon-Ham Fighters,Fukuoka SoftBank Hawks,2.0,7.0,Final,PayPayドーム,https://npb.jp/games/2022/schedule_08_detail.html
20220819-Orix_Buffaloes-Saitama_Seibu_Lions,2022-08-19 18:00:00,2022,Orix Buffaloes,Saitama Seibu Lions,4.0,3.0,Final,ベルーナドーム,https://npb.jp/games/2022/schedule_08_detail.html
20220819-Tokyo_Yakult_Swallows-Chunichi_Dragons,2022-08-19 18:00:00,2022,Tokyo Yakult Swallows,Chunichi Dragons,3.0,4.0,Final,バンテリンドーム,https://npb.jp/games/2022/schedule_08_detail.html
20220820-Hanshin_Tigers-Yomiuri_Giants,2022-08-20 14:00:00,2022,Hanshin Tigers,Yomiuri Giants,5.0,1.0,Final,東京ドーム,https://npb.jp/games/2022/schedule_08_detail.html
20220820-Tokyo_Yakult_Swallows-Chunichi_Dragons,2022-08-20 14:00:00,2022,Tokyo Yakult Swallows,Chunichi Dragons,7.0,2.0,Final,バンテリンドーム,https://npb.jp/games/2022/schedule_08_detail.html
20220820-Orix_Buffaloes-Saitama_Seibu_Lions,2022-08-20 17:00:00,2022,Orix Buffaloes,Saitama Seibu Lions,6.0,0.0,Final,ベルーナドーム,https://npb.jp/games/2022/schedule_08_detail.html
20220820-Chiba_Lotte_Marines-Tohoku_Rakuten_Golden_Eagles,2022-08-20 18:00:00,2022,Chiba Lotte Marines,Tohoku Rakuten Golden Eagles,2.0,5.0,Final,楽天生命パーク,https://npb.jp/games/2022/schedule_08_detail.html
20220820-Hiroshima_Toyo_Carp-Yokohama_DeNA_BayStars,2022-08-20 18:00:00,2022,Hiroshima Toyo Carp,Yokohama DeNA BayStars,5.0,6.0,Final,横 浜,https://npb.jp/games/2022/schedule_08_detail.html
20220820-Hokkaido_Nippon-Ham_Fighters-Fukuoka_SoftBank_Hawks,2022-08-20 18:00:00,2022,Hokkaido Nippon-Ham Fighters,Fukuoka SoftBank Hawks,3.0,9.0,Final,PayPayドーム,https://npb.jp/games/2022/schedule_08_detail.html
20220821-Hanshin_Tigers-Yomiuri_Giants,2022-08-21 14:00:00,2022,Hanshin Tigers,Yomiuri Giants,6.0,1.0,Final,東京ドーム,https://npb.jp/games/2022/schedule_08_detail.html
20220821-Hokkaido_Nippon-Ham_Fighters-Fukuoka_SoftBank_Hawks,2022-08-21 14:00:00,2022,Hokkaido Nippon-Ham Fighters,Fukuoka SoftBank Hawks,1.0,5.0,Final,PayPayドーム,https://npb.jp/games/2022/schedule_08_detail.html
20220821-Tokyo_Yakult_Swallows-Chunichi_Dragons,2022-08-21 14:00:00,2022,Tokyo Yakult Swallows,Chunichi Dragons,2.0,5.0,Final,バンテリンドーム,https://npb.jp/games/2022/schedule_08_detail.html
20220821-Chiba_Lotte_Marines-Tohoku_Rakuten_Golden_Eagles,2022-08-21 17:00:00,2022,Chiba Lotte Marines,Tohoku Rakuten Golden Eagles,0.0,1.0,Final,楽天生命パーク,https://npb.jp/games/2022/schedule_08_detail.html
20220821-Orix_Buffaloes-Saitama_Seibu_Lions,2022-08-21 17:00:00,2022,Orix Buffaloes,Saitama Seibu Lions,1.0,3.0,Final,ベルーナドーム,https://npb.jp/games/2022/schedule_08_detail.html
20220821-Hiroshima_Toyo_Carp-Yokohama_DeNA_BayStars,2022-08-21 18:00:00,2022,Hiroshima Toyo Carp,Yokohama DeNA BayStars,0.0,3.0,Final,横 浜,https://npb.jp/games/2022/schedule_08_detail.html
20220823-Orix_Buffaloes-Hokkaido_Nippon-Ham_Fighters,2022-08-23 13:00:00,2022,Orix Buffaloes,Hokkaido Nippon-Ham Fighters,0.0,0.0,Final,釧 路,https://npb.jp/games/2022/schedule_08_detail.html
20220823-Chunichi_Dragons-Yomiuri_Giants,2022-08-23 18:00:00,2022,Chunichi Dragons,Yomiuri Giants,0.0,6.0,Final,東京ドーム,https://npb.jp/games/2022/schedule_08_detail.html
20220823-Fukuoka_SoftBank_Hawks-Tohoku_Rakuten_Golden_Eagles,2022-08-23 18:00:00,2022,Fukuoka SoftBank Hawks,Tohoku Rakuten Golden Eagles,15.0,6.0,Final,楽天生命パーク,https://npb.jp/games/2022/schedule_08_detail.html
20220823-Hiroshima_Toyo_Carp-Tokyo_Yakult_Swallows,2022-08-23 18:00:00,2022,Hiroshima Toyo Carp,Tokyo Yakult Swallows,4.0,5.0,Final,神 宮,https://npb.jp/games/2022/schedule_08_detail.html
20220823-Saitama_Seibu_Lions-Chiba_Lotte_Marines,2022-08-23 18:00:00,2022,Saitama Seibu Lions,Chiba Lotte Marines,5.0,4.0,Final,ZOZOマリン,https://npb.jp/games/2022/schedule_08_detail.html
20220823-Yokohama_DeNA_BayStars-Hanshin_Tigers,2022-08-23 18:00:00,2022,Yokohama DeNA BayStars,Hanshin Tigers,4.0,0.0,Final,京セラD大阪,https://npb.jp/games/2022/schedule_08_detail.html
20220824-Orix_Buffaloes-Hokkaido_Nippon-Ham_Fighters,2022-08-24 13:00:00,2022,Orix Buffaloes,Hokkaido Nippon-Ham Fighters,5.0,4.0,Final,帯 広,https://npb.jp/games/2022/schedule_08_detail.html
20220824-Chunichi_Dragons-Yomiuri_Giants,2022-08-24 18:00:00,2022,Chunichi Dragons,Yomiuri Giants,4.0,1.0,Final,東京ドーム,https://npb.jp/games/2022/schedule_08_detail.html
20220824-Fukuoka_SoftBank_Hawks-Tohoku_Rakuten_Golden_Eagles,2022-08-24 18:00:00,2022,Fukuoka SoftBank Hawks,Tohoku Rakuten Golden Eagles,4.0,3.0,Final,楽天生命パーク,https://npb.jp/games/2022/schedule_08_detail.html
20220824-Hiroshima_Toyo_Carp-Tokyo_Yakult_Swallows,2022-08-24 18:00:00,2022,Hiroshima Toyo Carp,Tokyo Yakult Swallows,2.0,6.0,Final,神 宮,https://npb.jp/games/2022/schedule_08_detail.html
20220824-Saitama_Seibu_Lions-Chiba_Lotte_Marines,2022-08-24 18:00:00,2022,Saitama Seibu Lions,Chiba Lotte Marines,2.0,5.0,Final,ZOZOマリン,https://npb.jp/games/2022/schedule_08_detail.html
20220824-Yokohama_DeNA_BayStars-Hanshin_Tigers,2022-08-24 18:00:00,2022,Yokohama DeNA BayStars,Hanshin Tigers,4.0,0.0,Final,京セラD大阪,https://npb.jp/games/2022/schedule_08_detail.html
20220825-Chunichi_Dragons-Yomiuri_Giants,2022-08-25 18:00:00,2022,Chunichi Dragons,Yomiuri Giants,1.0,2.0,Final,東京ドーム,https://npb.jp/games/2022/schedule_08_detail.html
20220825-Fukuoka_SoftBank_Hawks-Tohoku_Rakuten_Golden_Eagles,2022-08-25 18:00:00,2022,Fukuoka SoftBank Hawks,Tohoku Rakuten Golden Eagles,5.0,7.0,Final,楽天生命パーク,https://npb.jp/games/2022/schedule_08_detail.html
20220825-Hiroshima_Toyo_Carp-Tokyo_Yakult_Swallows,2022-08-25 18:00:00,2022,Hiroshima Toyo Carp,Tokyo Yakult Swallows,3.0,2.0,Final,神 宮,https://npb.jp/games/2022/schedule_08_detail.html
20220825-Saitama_Seibu_Lions-Chiba_Lotte_Marines,2022-08-25 18:00:00,2022,Saitama Seibu Lions,Chiba Lotte Marines,5.0,6.0,Final,ZOZOマリン,https://npb.jp/games/2022/schedule_08_detail.html
20220825-Yokohama_DeNA_BayStars-Hanshin_Tigers,2022-08-25 18:00:00,2022,Yokohama DeNA BayStars,Hanshin Tigers,0.0,5.0,Final,京セラD大阪,https://npb.jp/games/2022/schedule_08_detail.html
20220826-Fukuoka_SoftBank_Hawks-Hokkaido_Nippon-Ham_Fighters,2022-08-26 18:00:00,2022,Fukuoka SoftBank Hawks,Hokkaido Nippon-Ham Fighters,10.0,0.0,Final,札幌ドーム,https://npb.jp/games/2022/schedule_08_detail.html
20220826-Hanshin_Tigers-Chunichi_Dragons,2022-08-26 18:00:00,2022,Hanshin Tigers,Chunichi Dragons,2.0,5.0,Final,バンテリンドーム,https://npb.jp/games/2022/schedule_08_detail.html
20220826-Saitama_Seibu_Lions-Orix_Buffaloes,2022-08-26 18:00:00,2022,Saitama Seibu Lions,Orix Buffaloes,3.0,2.0,Final,京セラD大阪,https://npb.jp/games/2022/schedule_08_detail.html
20220826-Tohoku_Rakuten_Golden_Eagles-Chiba_Lotte_Marines,2022-08-26 18:00:00,2022,Tohoku Rakuten Golden Eagles,Chiba Lotte Marines,0.0,2.0,Final,ZOZOマリン,https://npb.jp/games/2022/schedule_08_detail.html
20220826-Tokyo_Yakult_Swallows-Yokohama_DeNA_BayStars,2022-08-26 18:00:00,2022,Tokyo Yakult Swallows,Yokohama DeNA BayStars,6.0,3.0,Final,横 浜,https://npb.jp/games/2022/schedule_08_detail.html
20220826-Yomiuri_Giants-Hiroshima_Toyo_Carp,2022-08-26 18:00:00,2022,Yomiuri Giants,Hiroshima Toyo Carp,4.0,3.0,Final,マツダスタジアム,https://npb.jp/games/2022/schedule_08_detail.html
20220827-Fukuoka_SoftBank_Hawks-Hokkaido_Nippon-Ham_Fighters,2022-08-27 14:00:00,2022,Fukuoka SoftBank Hawks,Hokkaido Nippon-Ham Fighters,0.0,2.0,Final,札幌ドーム,https://npb.jp/games/2022/schedule_08_detail.html
20220827-Hanshin_Tigers-Chunichi_Dragons,2022-08-27 14:00:00,2022,Hanshin Tigers,Chunichi Dragons,5.0,1.0,Final,バンテリンドーム,https://npb.jp/games/2022/schedule_08_detail.html
20220827-Saitama_Seibu_Lions-Orix_Buffaloes,2022-08-27 14:00:00,2022,Saitama Seibu Lions,Orix Buffaloes,0.0,6.0,Final,京セラD大阪,https://npb.jp/games/2022/schedule_08_detail.html
20220827-Tohoku_Rakuten_Golden_Eagles-Chiba_Lotte_Marines,2022-08-27 17:00:00,2022,Tohoku Rakuten Golden Eagles,Chiba Lotte Marines,11.0,3.0,Final,ZOZOマリン,https://npb.jp/games/2022/schedule_08_detail.html
20220827-Tokyo_Yakult_Swallows-Yokohama_DeNA_BayStars,2022-08-27 18:00:00,2022,Tokyo Yakult Swallows,Yokohama DeNA BayStars,16.0,4.0,Final,横 浜,https://npb.jp/games/2022/schedule_08_detail.html
20220827-Yomiuri_Giants-Hiroshima_Toyo_Carp,2022-08-27 18:00:00,2022,Yomiuri Giants,Hiroshima Toyo Carp,4.0,6.0,Final,マツダスタジアム,https://npb.jp/games/2022/schedule_08_detail.html
20220828-Saitama_Seibu_Lions-Orix_Buffaloes,2022-08-28 13:00:00,2022,Saitama Seibu Lions,Orix Buffaloes,10.0,4.0,Final,京セラD大阪,https://npb.jp/games/2022/schedule_08_detail.html
20220828-Fukuoka_SoftBank_Hawks-Hokkaido_Nippon-Ham_Fighters,2022-08-28 14:00:00,2022,Fukuoka SoftBank Hawks,Hokkaido Nippon-Ham Fighters,6.0,0.0,Final,札幌ドーム,https://npb.jp/games/2022/schedule_08_detail.html
20220828-Hanshin_Tigers-Chunichi_Dragons,2022-08-28 14:00:00,2022,Hanshin Tigers,Chunichi Dragons,1.0,4.0,Final,バンテリンドーム,https://npb.jp/games/2022/schedule_08_detail.html
20220828-Tohoku_Rakuten_Golden_Eagles-Chiba_Lotte_Marines,2022-08-28 16:00:00,2022,Tohoku Rakuten Golden Eagles,Chiba Lotte Marines,2.0,9.0,Final,ZOZOマリン,https://npb.jp/games/2022/schedule_08_detail.html
20220828-Tokyo_Yakult_Swallows-Yokohama_DeNA_BayStars,2022-08-28 18:00:00,2022,Tokyo Yakult Swallows,Yokohama DeNA BayStars,5.0,4.0,Final,横 浜,https://npb.jp/games/2022/schedule_08_detail.html
20220828-Yomiuri_Giants-Hiroshima_Toyo_Carp,2022-08-28 18:00:00,2022,Yomiuri Giants,Hiroshima Toyo Carp,4.0,6.0,Final,マツダスタジアム,https://npb.jp/games/2022/schedule_08_detail.html
20220829-Chiba_Lotte_Marines-Fukuoka_SoftBank_Hawks,2022-08-29 18:00:00,2022,Chiba Lotte Marines,Fukuoka SoftBank Hawks,3.0,2.0,Final,京セラD大阪,https://npb.jp/games/2022/schedule_08_detail.html
20220830-Chunichi_Dragons-Yokohama_DeNA_BayStars,2022-08-30 18:00:00,2022,Chunichi Dragons,Yokohama DeNA BayStars,0.0,6.0,Final,横 浜,https://npb.jp/games/2022/schedule_08_detail.html
20220830-Hiroshima_Toyo_Carp-Hanshin_Tigers,2022-08-30 18:00:00,2022,Hiroshima Toyo Carp,Hanshin Tigers,0.0,1.0,Final,甲子園,https://npb.jp/games/2022/schedule_08_detail.html
20220830-Hokkaido_Nippon-Ham_Fighters-Saitama_Seibu_Lions,2022-08-30 18:00:00,2022,Hokkaido Nippon-Ham Fighters,Saitama Seibu Lions,1.0,3.0,Final,ベルーナドーム,https://npb.jp/games/2022/schedule_08_detail.html
20220830-Orix_Buffaloes-Tohoku_Rakuten_Golden_Eagles,2022-08-30 18:00:00,2022,Orix Buffaloes,Tohoku Rakuten Golden Eagles,4.0,3.0,Final,楽天生命パーク,https://npb.jp/games/2022/schedule_08_detail.html
20220830-Tokyo_Yakult_Swallows-Yomiuri_Giants,2022-08-30 18:00:00,2022,Tokyo Yakult Swallows,Yomiuri Giants,4.0,2.0,Final,京セラD大阪,https://npb.jp/games/2022/schedule_08_detail.html
20220831-Chiba_Lotte_Marines-Fukuoka_SoftBank_Hawks,2022-08-31 18:00:00,2022,Chiba Lotte Marines,Fukuoka SoftBank Hawks,3.0,0.0,Final,PayPayドーム,https://npb.jp/games/2022/schedule_08_detail.html
20220831-Chunichi_Dragons-Yokohama_DeNA_BayStars,2022-08-31 18:00:00,2022,Chunichi Dragons,Yokohama DeNA BayStars,2.0,3.0,Final,横 浜,https://npb.jp/games/2022/schedule_08_detail.html
20220831-Hiroshima_Toyo_Carp-Hanshin_Tigers,2022-08-31 18:00:00,2022,Hiroshima Toyo Carp,Hanshin Tigers,5.0,6.0,Final,甲子園,https://npb.jp/games/2022/schedule_08_detail.html
20220831-Hokkaido_Nippon-Ham_Fighters-Saitama_Seibu_Lions,2022-08-31 18:00:00,2022,Hokkaido Nippon-Ham Fighters,Saitama Seibu Lions,4.0,2.0,Final,ベルーナドーム,https://npb.jp/games/2022/schedule_08_detail.html
20220831-Orix_Buffaloes-Tohoku_Rakuten_Golden_Eagles,2022-08-31 18:00:00,2022,Orix Buffaloes,Tohoku Rakuten Golden Eagles,8.0,3.0,Final,楽天生命パーク,https://npb.jp/games/2022/schedule_08_detail.html
20220831-Tokyo_Yakult_Swallows-Yomiuri_Giants,2022-08-31 18:00:00,2022,Tokyo Yakult Swallows,Yomiuri Giants,8.0,8.0,Final,京セラD大阪,https://npb.jp/games/2022/schedule_08_detail.html
20220901-Chiba_Lotte_Marines-Fukuoka_SoftBank_Hawks,2022-09-01 18:00:00,2022,Chiba Lotte Marines,Fukuoka SoftBank Hawks,7.0,0.0,Final,PayPayドーム,https://npb.jp/games/2022/schedule_09_detail.html
20220901-Chunichi_Dragons-Yokohama_DeNA_BayStars,2022-09-01 18:00:00,2022,Chunichi Dragons,Yokohama DeNA BayStars,0.0,7.0,Final,横 浜,https://npb.jp/games/2022/schedule_09_detail.html
20220901-Hiroshima_Toyo_Carp-Hanshin_Tigers,2022-09-01 18:00:00,2022,Hiroshima Toyo Carp,Hanshin Tigers,0.0,8.0,Final,甲子園,https://npb.jp/games/2022/schedule_09_detail.html
20220901-Hokkaido_Nippon-Ham_Fighters-Saitama_Seibu_Lions,2022-09-01 18:00:00,2022,Hokkaido Nippon-Ham Fighters,Saitama Seibu Lions,,,Postponed,県営大宮,https://npb.jp/games/2022/schedule_09_detail.html
20220901-Orix_Buffaloes-Tohoku_Rakuten_Golden_Eagles,2022-09-01 18:00:00,2022,Orix Buffaloes,Tohoku Rakuten Golden Eagles,8.0,11.0,Final,楽天生命パーク,https://npb.jp/games/2022/schedule_09_detail.html
20220902-Chunichi_Dragons-Tokyo_Yakult_Swallows,2022-09-02 18:00:00,2022,Chunichi Dragons,Tokyo Yakult Swallows,0.0,5.0,Final,神 宮,https://npb.jp/games/2022/schedule_09_detail.html
20220902-Hokkaido_Nippon-Ham_Fighters-Tohoku_Rakuten_Golden_Eagles,2022-09-02 18:00:00,2022,Hokkaido Nippon-Ham Fighters,Tohoku Rakuten Golden Eagles,3.0,1.0,Final,楽天生命パーク,https://npb.jp/games/2022/schedule_09_detail.html
20220902-Orix_Buffaloes-Chiba_Lotte_Marines,2022-09-02 18:00:00,2022,Orix Buffaloes,Chiba Lotte Marines,1.0,0.0,Final,ZOZOマリン,https://npb.jp/games/2022/schedule_09_detail.html
20220902-Saitama_Seibu_Lions-Fukuoka_SoftBank_Hawks,2022-09-02 18:00:00,2022,Saitama Seibu Lions,Fukuoka SoftBank Hawks,0.0,4.0,Final,PayPayドーム,https://npb.jp/games/2022/schedule_09_detail.html
20220902-Yokohama_DeNA_BayStars-Hiroshima_Toyo_Carp,2022-09-02 18:00:00,2022,Yokohama DeNA BayStars,Hiroshima Toyo Carp,0.0,2.0,Final,マツダスタジアム,https://npb.jp/games/2022/schedule_09_detail.html
20220902-Yomiuri_Giants-Hanshin_Tigers,2022-09-02 18:00:00,2022,Yomiuri Giants,Hanshin Tigers,2.0,2.0,Final,甲子園,https://npb.jp/games/2022/schedule_09_detail.html
20220903-Hokkaido_Nippon-Ham_Fighters-Tohoku_Rakuten_Golden_Eagles,2022-09-03 14:00:00,2022,Hokkaido Nippon-Ham Fighters,Tohoku Rakuten Golden Eagles,4.0,5.0,Final,楽天生命パーク,https://npb.jp/games/2022/schedule_09_detail.html
20220903-Saitama_Seibu_Lions-Fukuoka_SoftBank_Hawks,2022-09-03 14:00:00,2022,Saitama Seibu Lions,Fukuoka SoftBank Hawks,2.0,5.0,Final,PayPayドーム,https://npb.jp/games/2022/schedule_09_detail.html
20220903-Yokohama_DeNA_BayStars-Hiroshima_Toyo_Carp,2022-09-03 14:00:00,2022,Yokohama DeNA BayStars,Hiroshima Toyo Carp,0.0,4.0,Final,マツダスタジアム,https://npb.jp/games/2022/schedule_09_detail.html
20220903-Orix_Buffaloes-Chiba_Lotte_Marines,2022-09-03 17:00:00,2022,Orix Buffaloes,Chiba Lotte Marines,4.0,3.0,Final,ZOZOマリン,https://npb.jp/games/2022/schedule_09_detail.html
20220903-Chunichi_Dragons-Tokyo_Yakult_Swallows,2022-09-03 18:00:00,2022,Chunichi Dragons,Tokyo Yakult Swallows,5.0,1.0,Final,神 宮,https://npb.jp/games/2022/schedule_09_detail.html
20220903-Yomiuri_Giants-Hanshin_Tigers,2022-09-03 18:00:00,2022,Yomiuri Giants,Hanshin Tigers,7.0,1.0,Final,甲子園,https://npb.jp/games/2022/schedule_09_detail.html
20220904-Hokkaido_Nippon-Ham_Fighters-Tohoku_Rakuten_Golden_Eagles,2022-09-04 13:00:00,2022,Hokkaido Nippon-Ham Fighters,Tohoku Rakuten Golden Eagles,8.0,2.0,Final,楽天生命パーク,https://npb.jp/games/2022/schedule_09_detail.html
20220904-Saitama_Seibu_Lions-Fukuoka_SoftBank_Hawks,2022-09-04 13:00:00,2022,Saitama Seibu Lions,Fukuoka SoftBank Hawks,4.0,1.0,Final,PayPayドーム,https://npb.jp/games/2022/schedule_09_detail.html
20220904-Yokohama_DeNA_BayStars-Hiroshima_Toyo_Carp,2022-09-04 13:30:00,2022,Yokohama DeNA BayStars,Hiroshima Toyo Carp,0.0,7.0,Final,マツダスタジアム,https://npb.jp/games/2022/schedule_09_detail.html
20220904-Orix_Buffaloes-Chiba_Lotte_Marines,2022-09-04 17:00:00,2022,Orix Buffaloes,Chiba Lotte Marines,5.0,2.0,Final,ZOZOマリン,https://npb.jp/games/2022/schedule_09_detail.html
20220904-Chunichi_Dragons-Tokyo_Yakult_Swallows,2022-09-04 18:00:00,2022,Chunichi Dragons,Tokyo Yakult Swallows,6.0,3.0,Final,神 宮,https://npb.jp/games/2022/schedule_09_detail.html
20220904-Yomiuri_Giants-Hanshin_Tigers,2022-09-04 18:00:00,2022,Yomiuri Giants,Hanshin Tigers,2.0,0.0,Final,甲子園,https://npb.jp/games/2022/schedule_09_detail.html
20220906-Chiba_Lotte_Marines-Saitama_Seibu_Lions,2022-09-06 18:00:00,2022,Chiba Lotte Marines,Saitama Seibu Lions,2.0,3.0,Final,ベルーナドーム,https://npb.jp/games/2022/schedule_09_detail.html
20220906-Hiroshima_Toyo_Carp-Chunichi_Dragons,2022-09-06 18:00:00,2022,Hiroshima Toyo Carp,Chunichi Dragons,4.0,2.0,Final,バンテリンドーム,https://npb.jp/games/2022/schedule_09_detail.html
20220906-Orix_Buffaloes-Hokkaido_Nippon-Ham_Fighters,2022-09-06 18:00:00,2022,Orix Buffaloes,Hokkaido Nippon-Ham Fighters,2.0,6.0,Final,札幌ドーム,https://npb.jp/games/2022/schedule_09_detail.html
20220906-Tohoku_Rakuten_Golden_Eagles-Fukuoka_SoftBank_Hawks,2022-09-06 18:00:00,2022,Tohoku Rakuten Golden Eagles,Fukuoka SoftBank Hawks,2.0,4.0,Final,PayPayドーム,https://npb.jp/games/2022/schedule_09_detail.html
20220906-Tokyo_Yakult_Swallows-Hanshin_Tigers,2022-09-06 18:00:00,2022,Tokyo Yakult Swallows,Hanshin Tigers,8.0,6.0,Final,甲子園,https://npb.jp/games/2022/schedule_09_detail.html
20220906-Yokohama_DeNA_BayStars-Yomiuri_Giants,2022-09-06 18:00:00,2022,Yokohama DeNA BayStars,Yomiuri Giants,2.0,1.0,Final,東京ドーム,https://npb.jp/games/2022/schedule_09_detail.html
20220907-Chiba_Lotte_Marines-Saitama_Seibu_Lions,2022-09-07 18:00:00,2022,Chiba Lotte Marines,Saitama Seibu Lions,7.0,1.0,Final,ベルーナドーム,https://npb.jp/games/2022/schedule_09_detail.html
20220907-Hiroshima_Toyo_Carp-Chunichi_Dragons,2022-09-07 18:00:00,2022,Hiroshima Toyo Carp,Chunichi Dragons,3.0,1.0,Final,バンテリンドーム,https://npb.jp/games/2022/schedule_09_detail.html
20220907-Orix_Buffaloes-Hokkaido_Nippon-Ham_Fighters,2022-09-07 18:00:00,2022,Orix Buffaloes,Hokkaido Nippon-Ham Fighters,2.0,3.0,Final,札幌ドーム,https://npb.jp/games/2022/schedule_09_detail.html
20220907-Tohoku_Rakuten_Golden_Eagles-Fukuoka_SoftBank_Hawks,2022-09-07 18:00:00,2022,Tohoku Rakuten Golden Eagles,Fukuoka SoftBank Hawks,4.0,3.0,Final,PayPayドーム,https://npb.jp/games/2022/schedule_09_detail.html
20220907-Tokyo_Yakult_Swallows-Hanshin_Tigers,2022-09-07 18:00:00,2022,Tokyo Yakult Swallows,Hanshin Tigers,1.0,9.0,Final,甲子園,https://npb.jp/games/2022/schedule_09_detail.html
20220907-Yokohama_DeNA_BayStars-Yomiuri_Giants,2022-09-07 18:00:00,2022,Yokohama DeNA BayStars,Yomiuri Giants,3.0,18.0,Final,東京ドーム,https://npb.jp/games/2022/schedule_09_detail.html
20220908-Hiroshima_Toyo_Carp-Chunichi_Dragons,2022-09-08 18:00:00,2022,Hiroshima Toyo Carp,Chunichi Dragons,0.0,2.0,Final,バンテリンドーム,https://npb.jp/games/2022/schedule_09_detail.html
20220908-Hokkaido_Nippon-Ham_Fighters-Chiba_Lotte_Marines,2022-09-08 18:00:00,2022,Hokkaido Nippon-Ham Fighters,Chiba Lotte Marines,2.0,10.0,Final,ZOZOマリン,https://npb.jp/games/2022/schedule_09_detail.html
20220908-Orix_Buffaloes-Saitama_Seibu_Lions,2022-09-08 18:00:00,2022,Orix Buffaloes,Saitama Seibu Lions,5.0,0.0,Final,ベルーナドーム,https://npb.jp/games/2022/schedule_09_detail.html
20220908-Tohoku_Rakuten_Golden_Eagles-Fukuoka_SoftBank_Hawks,2022-09-08 18:00:00,2022,Tohoku Rakuten Golden Eagles,Fukuoka SoftBank Hawks,7.0,3.0,Final,PayPayドーム,https://npb.jp/games/2022/schedule_09_detail.html
20220908-Yokohama_DeNA_BayStars-Yomiuri_Giants,2022-09-08 18:00:00,2022,Yokohama DeNA BayStars,Yomiuri Giants,5.0,6.0,Final,東京ドーム,https://npb.jp/games/2022/schedule_09_detail.html
20220909-Chunichi_Dragons-Yomiuri_Giants,2022-09-09 18:00:00,2022,Chunichi Dragons,Yomiuri Giants,3.0,1.0,Final,東京ドーム,https://npb.jp/games/2022/schedule_09_detail.html
20220909-Hanshin_Tigers-Yokohama_DeNA_BayStars,2022-09-09 18:00:00,2022,Hanshin Tigers,Yokohama DeNA BayStars,2.0,9.0,Final,横 浜,https://npb.jp/games/2022/schedule_09_detail.html
20220909-Hiroshima_Toyo_Carp-Tokyo_Yakult_Swallows,2022-09-09 18:00:00,2022,Hiroshima Toyo Carp,Tokyo Yakult Swallows,6.0,7.0,Final,神 宮,https://npb.jp/games/2022/schedule_09_detail.html
20220910-Chunichi_Dragons-Yomiuri_Giants,2022-09-10 14:00:00,2022,Chunichi Dragons,Yomiuri Giants,5.0,2.0,Final,東京ドーム,https://npb.jp/games/2022/schedule_09_detail.html
20220910-Hanshin_Tigers-Yokohama_DeNA_BayStars,2022-09-10 14:00:00,2022,Hanshin Tigers,Yokohama DeNA BayStars,0.0,7.0,Final,横 浜,https://npb.jp/games/2022/schedule_09_detail.html
20220910-Hokkaido_Nippon-Ham_Fighters-Saitama_Seibu_Lions,2022-09-10 14:00:00,2022,Hokkaido Nippon-Ham Fighters,Saitama Seibu Lions,2.0,1.0,Final,ベルーナドーム,https://npb.jp/games/2022/schedule_09_detail.html
20220910-Chiba_Lotte_Marines-Tohoku_Rakuten_Golden_Eagles,2022-09-10 18:00:00,2022,Chiba Lotte Marines,Tohoku Rakuten Golden Eagles,6.0,4.0,Final,楽天生命パーク,https://npb.jp/games/2022/schedule_09_detail.html
20220910-Fukuoka_SoftBank_Hawks-Orix_Buffaloes,2022-09-10 18:00:00,2022,Fukuoka SoftBank Hawks,Orix Buffaloes,2.0,5.0,Final,京セラD大阪,https://npb.jp/games/2022/schedule_09_detail.html
20220910-Hiroshima_Toyo_Carp-Tokyo_Yakult_Swallows,2022-09-10 18:00:00,2022,Hiroshima Toyo Carp,Tokyo Yakult Swallows,15.0,7.0,Final,神 宮,https://npb.jp/games/2022/schedule_09_detail.html
20220911-Chiba_Lotte_Marines-Tohoku_Rakuten_Golden_Eagles,2022-09-11 14:00:00,2022,Chiba Lotte Marines,Tohoku Rakuten Golden Eagles,2.0,3.0,Final,楽天生命パーク,https://npb.jp/games/2022/schedule_09_detail.html
20220911-Fukuoka_SoftBank_Hawks-Orix_Buffaloes,2022-09-11 14:00:00,2022,Fukuoka SoftBank Hawks,Orix Buffaloes,4.0,3.0,Final,京セラD大阪,https://npb.jp/games/2022/schedule_09_detail.html
20220911-Hokkaido_Nippon-Ham_Fighters-Saitama_Seibu_Lions,2022-09-11 14:00:00,2022,Hokkaido Nippon-Ham Fighters,Saitama Seibu Lions,0.0,3.0,Final,ベルーナドーム,https://npb.jp/games/2022/schedule_09_detail.html
20220911-Tokyo_Yakult_Swallows-Yokohama_DeNA_BayStars,2022-09-11 14:00:00,2022,Tokyo Yakult Swallows,Yokohama DeNA BayStars,1.0,0.0,Final,横 浜,https://npb.jp/games/2022/schedule_09_detail.html
20220911-Chunichi_Dragons-Hanshin_Tigers,2022-09-11 18:00:00,2022,Chunichi Dragons,Hanshin Tigers,0.0,5.0,Final,甲子園,https://npb.jp/games/2022/schedule_09_detail.html
20220911-Yomiuri_Giants-Hiroshima_Toyo_Carp,2022-09-11 18:00:00,2022,Yomiuri Giants,Hiroshima Toyo Carp,7.0,0.0,Final,マツダスタジアム,https://npb.jp/games/2022/schedule_09_detail.html
20220912-Chunichi_Dragons-Hanshin_Tigers,2022-09-12 18:00:00,2022,Chunichi Dragons,Hanshin Tigers,2.0,6.0,Final,甲子園,https://npb.jp/games/2022/schedule_09_detail.html
20220912-Hokkaido_Nippon-Ham_Fighters-Chiba_Lotte_Marines,2022-09-12 18:00:00,2022,Hokkaido Nippon-Ham Fighters,Chiba Lotte Marines,0.0,3.0,Final,ZOZOマリン,https://npb.jp/games/2022/schedule_09_detail.html
20220912-Orix_Buffaloes-Tohoku_Rakuten_Golden_Eagles,2022-09-12 18:00:00,2022,Orix Buffaloes,Tohoku Rakuten Golden Eagles,2.0,8.0,Final,楽天生命パーク,https://npb.jp/games/2022/schedule_09_detail.html
20220912-Saitama_Seibu_Lions-Fukuoka_SoftBank_Hawks,2022-09-12 18:00:00,2022,Saitama Seibu Lions,Fukuoka SoftBank Hawks,5.0,7.0,Final,PayPayドーム,https://npb.jp/games/2022/schedule_09_detail.html
20220912-Tokyo_Yakult_Swallows-Yokohama_DeNA_BayStars,2022-09-12 18:00:00,2022,Tokyo Yakult Swallows,Yokohama DeNA BayStars,1.0,7.0,Final,横 浜,https://npb.jp/games/2022/schedule_09_detail.html
20220913-Hiroshima_Toyo_Carp-Hanshin_Tigers,2022-09-13 18:00:00,2022,Hiroshima Toyo Carp,Hanshin Tigers,6.0,3.0,Final,甲子園,https://npb.jp/games/2022/schedule_09_detail.html
20220913-Hokkaido_Nippon-Ham_Fighters-Chiba_Lotte_Marines,2022-09-13 18:00:00,2022,Hokkaido Nippon-Ham Fighters,Chiba Lotte Marines,11.0,3.0,Final,ZOZOマリン,https://npb.jp/games/2022/schedule_09_detail.html
20220913-Orix_Buffaloes-Tohoku_Rakuten_Golden_Eagles,2022-09-13 18:00:00,2022,Orix Buffaloes,Tohoku Rakuten Golden Eagles,3.0,3.0,Final,楽天生命パーク,https://npb.jp/games/2022/schedule_09_detail.html
20220913-Saitama_Seibu_Lions-Fukuoka_SoftBank_Hawks,2022-09-13 18:00:00,2022,Saitama Seibu Lions,Fukuoka SoftBank Hawks,0.0,9.0,Final,PayPayドーム,https://npb.jp/games/2022/schedule_09_detail.html
20220913-Yokohama_DeNA_BayStars-Chunichi_Dragons,2022-09-13 18:00:00,2022,Yokohama DeNA BayStars,Chunichi Dragons,1.0,0.0,Final,バンテリンドーム,https://npb.jp/games/2022/schedule_09_detail.html
20220913-Yomiuri_Giants-Tokyo_Yakult_Swallows,2022-09-13 18:00:00,2022,Yomiuri Giants,Tokyo Yakult Swallows,9.0,7.0,Final,神 宮,https://npb.jp/games/2022/schedule_09_detail.html
20220914-Hiroshima_Toyo_Carp-Hanshin_Tigers,2022-09-14 18:00:00,2022,Hiroshima Toyo Carp,Hanshin Tigers,5.0,6.0,Final,甲子園,https://npb.jp/games/2022/schedule_09_detail.html
20220914-Hokkaido_Nippon-Ham_Fighters-Chiba_Lotte_Marines,2022-09-14 18:00:00,2022,Hokkaido Nippon-Ham Fighters,Chiba Lotte Marines,1.0,8.0,Final,ZOZOマリン,https://npb.jp/games/2022/schedule_09_detail.html
20220914-Saitama_Seibu_Lions-Fukuoka_SoftBank_Hawks,2022-09-14 18:00:00,2022,Saitama Seibu Lions,Fukuoka SoftBank Hawks,1.0,6.0,Final,PayPayドーム,https://npb.jp/games/2022/schedule_09_detail.html
20220914-Yokohama_DeNA_BayStars-Chunichi_Dragons,2022-09-14 18:00:00,2022,Yokohama DeNA BayStars,Chunichi Dragons,2.0,3.0,Final,バンテリンドーム,https://npb.jp/games/2022/schedule_09_detail.html
20220915-Fukuoka_SoftBank_Hawks-Tohoku_Rakuten_Golden_Eagles,2022-09-15 18:00:00,2022,Fukuoka SoftBank Hawks,Tohoku Rakuten Golden Eagles,7.0,3.0,Final,楽天生命パーク,https://npb.jp/games/2022/schedule_09_detail.html
20220915-Hokkaido_Nippon-Ham_Fighters-Orix_Buffaloes,2022-09-15 18:00:00,2022,Hokkaido Nippon-Ham Fighters,Orix Buffaloes,2.0,3.0,Final,京セラD大阪,https://npb.jp/games/2022/schedule_09_detail.html
20220915-Saitama_Seibu_Lions-Chiba_Lotte_Marines,2022-09-15 18:00:00,2022,Saitama Seibu Lions,Chiba Lotte Marines,1.0,8.0,Final,ZOZOマリン,https://npb.jp/games/2022/schedule_09_detail.html
20220916-Fukuoka_SoftBank_Hawks-Tohoku_Rakuten_Golden_Eagles,2022-09-16 18:00:00,2022,Fukuoka SoftBank Hawks,Tohoku Rakuten Golden Eagles,6.0,2.0,Final,楽天生命パーク,https://npb.jp/games/2022/schedule_09_detail.html
20220916-Hiroshima_Toyo_Carp-Yokohama_DeNA_BayStars,2022-09-16 18:00:00,2022,Hiroshima Toyo Carp,Yokohama DeNA BayStars,5.0,3.0,Final,横 浜,https://npb.jp/games/2022/schedule_09_detail.html
20220916-Hokkaido_Nippon-Ham_Fighters-Orix_Buffaloes,2022-09-16 18:00:00,2022,Hokkaido Nippon-Ham Fighters,Orix Buffaloes,6.0,3.0,Final,京セラD大阪,https://npb.jp/games/2022/schedule_09_detail.html
20220916-Tokyo_Yakult_Swallows-Chunichi_Dragons,2022-09-16 18:00:00,2022,Tokyo Yakult Swallows,Chunichi Dragons,0.0,8.0,Final,バンテリンドーム,https://npb.jp/games/2022/schedule_09_detail.html
20220917-Hiroshima_Toyo_Carp-Yokohama_DeNA_BayStars,2022-09-17 14:00:00,2022,Hiroshima Toyo Carp,Yokohama DeNA BayStars,10.0,3.0,Final,横 浜,https://npb.jp/games/2022/schedule_09_detail.html
20220917-Tokyo_Yakult_Swallows-Chunichi_Dragons,2022-09-17 14:00:00,2022,Tokyo Yakult Swallows,Chunichi Dragons,3.0,3.0,Final,バンテリンドーム,https://npb.jp/games/2022/schedule_09_detail.html
20220917-Chiba_Lotte_Marines-Hokkaido_Nippon-Ham_Fighters,2022-09-17 18:00:00,2022,Chiba Lotte Marines,Hokkaido Nippon-Ham Fighters,4.0,5.0,Final,札幌ドーム,https://npb.jp/games/2022/schedule_09_detail.html
20220917-Fukuoka_SoftBank_Hawks-Orix_Buffaloes,2022-09-17 18:00:00,2022,Fukuoka SoftBank Hawks,Orix Buffaloes,0.0,2.0,Final,京セラD大阪,https://npb.jp/games/2022/schedule_09_detail.html
20220917-Hanshin_Tigers-Yomiuri_Giants,2022-09-17 18:00:00,2022,Hanshin Tigers,Yomiuri Giants,2.0,3.0,Final,東京ドーム,https://npb.jp/games/2022/schedule_09_detail.html
20220917-Tohoku_Rakuten_Golden_Eagles-Saitama_Seibu_Lions,2022-09-17 18:00:00,2022,Tohoku Rakuten Golden Eagles,Saitama Seibu Lions,3.0,0.0,Final,ベルーナドーム,https://npb.jp/games/2022/schedule_09_detail.html
20220918-Chiba_Lotte_Marines-Hokkaido_Nippon-Ham_Fighters,2022-09-18 14:00:00,2022,Chiba Lotte Marines,Hokkaido Nippon-Ham Fighters,7.0,4.0,Final,札幌ドーム,https://npb.jp/games/2022/schedule_09_detail.html
20220918-Fukuoka_SoftBank_Hawks-Orix_Buffaloes,2022-09-18 14:00:00,2022,Fukuoka SoftBank Hawks,Orix Buffaloes,0.0,2.0,Final,京セラD大阪,https://npb.jp/games/2022/schedule_09_detail.html
20220918-Tohoku_Rakuten_Golden_Eagles-Saitama_Seibu_Lions,2022-09-18 14:00:00,2022,Tohoku Rakuten Golden Eagles,Saitama Seibu Lions,4.0,3.0,Final,ベルーナドーム,https://npb.jp/games/2022/schedule_09_detail.html
20220918-Yokohama_DeNA_BayStars-Yomiuri_Giants,2022-09-18 14:00:00,2022,Yokohama DeNA BayStars,Yomiuri Giants,3.0,1.0,Final,東京ドーム,https://npb.jp/games/2022/schedule_09_detail.html
20220918-Chunichi_Dragons-Hiroshima_Toyo_Carp,2022-09-18 18:00:00,2022,Chunichi Dragons,Hiroshima Toyo Carp,,,Postponed,マツダスタジアム,https://npb.jp/games/2022/schedule_09_detail.html
20220918-Tokyo_Yakult_Swallows-Hanshin_Tigers,2022-09-18 18:00:00,2022,Tokyo Yakult Swallows,Hanshin Tigers,1.0,0.0,Final,甲子園,https://npb.jp/games/2022/schedule_09_detail.html
20220919-Fukuoka_SoftBank_Hawks-Orix_Buffaloes,2022-09-19 13:00:00,2022,Fukuoka SoftBank Hawks,Orix Buffaloes,5.0,6.0,Final,京セラD大阪,https://npb.jp/games/2022/schedule_09_detail.html
20220919-Chiba_Lotte_Marines-Hokkaido_Nippon-Ham_Fighters,2022-09-19 14:00:00,2022,Chiba Lotte Marines,Hokkaido Nippon-Ham Fighters,0.0,4.0,Final,札幌ドーム,https://npb.jp/games/2022/schedule_09_detail.html
20220919-Tohoku_Rakuten_Golden_Eagles-Saitama_Seibu_Lions,2022-09-19 14:00:00,2022,Tohoku Rakuten Golden Eagles,Saitama Seibu Lions,6.0,4.0,Final,ベルーナドーム,https://npb.jp/games/2022/schedule_09_detail.html
20220919-Yokohama_DeNA_BayStars-Yomiuri_Giants,2022-09-19 14:00:00,2022,Yokohama DeNA BayStars,Yomiuri Giants,3.0,5.0,Final,東京ドーム,https://npb.jp/games/2022/schedule_09_detail.html
20220920-Chunichi_Dragons-Hiroshima_Toyo_Carp,2022-09-20 18:00:00,2022,Chunichi Dragons,Hiroshima Toyo Carp,5.0,3.0,Final,マツダスタジアム,https://npb.jp/games/2022/schedule_09_detail.html
20220920-Fukuoka_SoftBank_Hawks-Hokkaido_Nippon-Ham_Fighters,2022-09-20 18:00:00,2022,Fukuoka SoftBank Hawks,Hokkaido Nippon-Ham Fighters,3.0,1.0,Final,札幌ドーム,https://npb.jp/games/2022/schedule_09_detail.html
20220920-Orix_Buffaloes-Chiba_Lotte_Marines,2022-09-20 18:00:00,2022,Orix Buffaloes,Chiba Lotte Marines,6.0,3.0,Final,ZOZOマリン,https://npb.jp/games/2022/schedule_09_detail.html
20220920-Tohoku_Rakuten_Golden_Eagles-Saitama_Seibu_Lions,2022-09-20 18:00:00,2022,Tohoku Rakuten Golden Eagles,Saitama Seibu Lions,1.0,4.0,Final,ベルーナドーム,https://npb.jp/games/2022/schedule_09_detail.html
20220920-Tokyo_Yakult_Swallows-Yomiuri_Giants,2022-09-20 18:00:00,2022,Tokyo Yakult Swallows,Yomiuri Giants,4.0,5.0,Final,東京ドーム,https://npb.jp/games/2022/schedule_09_detail.html
20220920-Yokohama_DeNA_BayStars-Hanshin_Tigers,2022-09-20 18:00:00,2022,Yokohama DeNA BayStars,Hanshin Tigers,5.0,4.0,Final,甲子園,https://npb.jp/games/2022/schedule_09_detail.html
20220921-Hiroshima_Toyo_Carp-Hanshin_Tigers,2022-09-21 18:00:00,2022,Hiroshima Toyo Carp,Hanshin Tigers,10.0,4.0,Final,甲子園,https://npb.jp/games/2022/schedule_09_detail.html
20220921-Tokyo_Yakult_Swallows-Chunichi_Dragons,2022-09-21 18:00:00,2022,Tokyo Yakult Swallows,Chunichi Dragons,6.0,2.0,Final,バンテリンドーム,https://npb.jp/games/2022/schedule_09_detail.html
20220921-Yomiuri_Giants-Yokohama_DeNA_BayStars,2022-09-21 18:00:00,2022,Yomiuri Giants,Yokohama DeNA BayStars,2.0,1.0,Final,横 浜,https://npb.jp/games/2022/schedule_09_detail.html
20220922-Chiba_Lotte_Marines-Orix_Buffaloes,2022-09-22 18:00:00,2022,Chiba Lotte Marines,Orix Buffaloes,13.0,5.0,Final,京セラD大阪,https://npb.jp/games/2022/schedule_09_detail.html
20220922-Chunichi_Dragons-Tokyo_Yakult_Swallows,2022-09-22 18:00:00,2022,Chunichi Dragons,Tokyo Yakult Swallows,3.0,0.0,Final,神 宮,https://npb.jp/games/2022/schedule_09_detail.html
20220922-Yomiuri_Giants-Yokohama_DeNA_BayStars,2022-09-22 18:00:00,2022,Yomiuri Giants,Yokohama DeNA BayStars,0.0,3.0,Final,横 浜,https://npb.jp/games/2022/schedule_09_detail.html
20220923-Hokkaido_Nippon-Ham_Fighters-Tohoku_Rakuten_Golden_Eagles,2022-09-23 14:00:00,2022,Hokkaido Nippon-Ham Fighters,Tohoku Rakuten Golden Eagles,6.0,3.0,Final,楽天生命パーク,https://npb.jp/games/2022/schedule_09_detail.html
20220923-Chiba_Lotte_Marines-Fukuoka_SoftBank_Hawks,2022-09-23 18:00:00,2022,Chiba Lotte Marines,Fukuoka SoftBank Hawks,6.0,3.0,Final,PayPayドーム,https://npb.jp/games/2022/schedule_09_detail.html
20220923-Hanshin_Tigers-Hiroshima_Toyo_Carp,2022-09-23 18:00:00,2022,Hanshin Tigers,Hiroshima Toyo Carp,7.0,3.0,Final,マツダスタジアム,https://npb.jp/games/2022/schedule_09_detail.html
20220923-Yokohama_DeNA_BayStars-Tokyo_Yakult_Swallows,2022-09-23 18:00:00,2022,Yokohama DeNA BayStars,Tokyo Yakult Swallows,8.0,6.0,Final,神 宮,https://npb.jp/games/2022/schedule_09_detail.html
20220923-Yomiuri_Giants-Chunichi_Dragons,2022-09-23 18:00:00,2022,Yomiuri Giants,Chunichi Dragons,9.0,3.0,Final,バンテリンドーム,https://npb.jp/games/2022/schedule_09_detail.html
20220924-Chiba_Lotte_Marines-Fukuoka_SoftBank_Hawks,2022-09-24 14:00:00,2022,Chiba Lotte Marines,Fukuoka SoftBank Hawks,0.0,6.0,Final,PayPayドーム,https://npb.jp/games/2022/schedule_09_detail.html
20220924-Orix_Buffaloes-Tohoku_Rakuten_Golden_Eagles,2022-09-24 14:00:00,2022,Orix Buffaloes,Tohoku Rakuten Golden Eagles,9.0,1.0,Final,楽天生命パーク,https://npb.jp/games/2022/schedule_09_detail.html
20220924-Yomiuri_Giants-Chunichi_Dragons,2022-09-24 14:00:00,2022,Yomiuri Giants,Chunichi Dragons,1.0,2.0,Final,バンテリンドーム,https://npb.jp/games/2022/schedule_09_detail.html
20220924-Saitama_Seibu_Lions-Hokkaido_Nippon-Ham_Fighters,2022-09-24 18:00:00,2022,Saitama Seibu Lions,Hokkaido Nippon-Ham Fighters,6.0,2.0,Final,札幌ドーム,https://npb.jp/games/2022/schedule_09_detail.html
20220924-Yokohama_DeNA_BayStars-Tokyo_Yakult_Swallows,2022-09-24 18:00:00,2022,Yokohama DeNA BayStars,Tokyo Yakult Swallows,1.0,8.0,Final,神 宮,https://npb.jp/games/2022/schedule_09_detail.html
20220925-Chiba_Lotte_Marines-Fukuoka_SoftBank_Hawks,2022-09-25 13:00:00,2022,Chiba Lotte Marines,Fukuoka SoftBank Hawks,0.0,10.0,Final,PayPayドーム,https://npb.jp/games/2022/schedule_09_detail.html
20220925-Yomiuri_Giants-Chunichi_Dragons,2022-09-25 14:00:00,2022,Yomiuri Giants,Chunichi Dragons,1.0,7.0,Final,バンテリンドーム,https://npb.jp/games/2022/schedule_09_detail.html
20220925-Tohoku_Rakuten_Golden_Eagles-Hokkaido_Nippon-Ham_Fighters,2022-09-25 18:00:00,2022,Tohoku Rakuten Golden Eagles,Hokkaido Nippon-Ham Fighters,6.0,0.0,Final,札幌ドーム,https://npb.jp/games/2022/schedule_09_detail.html
20220925-Yokohama_DeNA_BayStars-Tokyo_Yakult_Swallows,2022-09-25 18:00:00,2022,Yokohama DeNA BayStars,Tokyo Yakult Swallows,0.0,1.0,Final,神 宮,https://npb.jp/games/2022/schedule_09_detail.html
20220926-Chiba_Lotte_Marines-Fukuoka_SoftBank_Hawks,2022-09-26 18:00:00,2022,Chiba Lotte Marines,Fukuoka SoftBank Hawks,1.0,2.0,Final,PayPayドーム,https://npb.jp/games/2022/schedule_09_detail.html
20220926-Tohoku_Rakuten_Golden_Eagles-Hokkaido_Nippon-Ham_Fighters,2022-09-26 18:00:00,2022,Tohoku Rakuten Golden Eagles,Hokkaido Nippon-Ham Fighters,2.0,3.0,Final,札幌ドーム,https://npb.jp/games/2022/schedule_09_detail.html
20220927-Chunichi_Dragons-Yokohama_DeNA_BayStars,2022-09-27 17:45:00,2022,Chunichi Dragons,Yokohama DeNA BayStars,3.0,8.0,Final,横 浜,https://npb.jp/games/2022/schedule_09_detail.html
20220927-Chiba_Lotte_Marines-Hokkaido_Nippon-Ham_Fighters,2022-09-27 18:00:00,2022,Chiba Lotte Marines,Hokkaido Nippon-Ham Fighters,0.0,14.0,Final,札幌ドーム,https://npb.jp/games/2022/schedule_09_detail.html
20220927-Fukuoka_SoftBank_Hawks-Saitama_Seibu_Lions,2022-09-27 18:00:00,2022,Fukuoka SoftBank Hawks,Saitama Seibu Lions,1.0,4.0,Final,ベルーナドーム,https://npb.jp/games/2022/schedule_09_detail.html
20220927-Hanshin_Tigers-Tokyo_Yakult_Swallows,2022-09-27 18:00:00,2022,Hanshin Tigers,Tokyo Yakult Swallows,4.0,1.0,Final,神 宮,https://npb.jp/games/2022/schedule_09_detail.html
20220927-Tohoku_Rakuten_Golden_Eagles-Orix_Buffaloes,2022-09-27 18:00:00,2022,Tohoku Rakuten Golden Eagles,Orix Buffaloes,6.0,1.0,Final,京セラD大阪,https://npb.jp/games/2022/schedule_09_detail.html
20220928-Chiba_Lotte_Marines-Hokkaido_Nippon-Ham_Fighters,2022-09-28 18:00:00,2022,Chiba Lotte Marines,Hokkaido Nippon-Ham Fighters,11.0,3.0,Final,札幌ドーム,https://npb.jp/games/2022/schedule_09_detail.html
20220928-Chunichi_Dragons-Yokohama_DeNA_BayStars,2022-09-28 18:00:00,2022,Chunichi Dragons,Yokohama DeNA BayStars,1.0,0.0,Final,横 浜,https://npb.jp/games/2022/schedule_09_detail.html
20220928-Hanshin_Tigers-Tokyo_Yakult_Swallows,2022-09-28 18:00:00,2022,Hanshin Tigers,Tokyo Yakult Swallows,2.0,1.0,Final,神 宮,https://npb.jp/games/2022/schedule_09_detail.html
20220928-Saitama_Seibu_Lions-Tohoku_Rakuten_Golden_Eagles,2022-09-28 18:00:00,2022,Saitama Seibu Lions,Tohoku Rakuten Golden Eagles,1.0,0.0,Final,楽天生命パーク,https://npb.jp/games/2022/schedule_09_detail.html
20220929-Chunichi_Dragons-Yokohama_DeNA_BayStars,2022-09-29 18:00:00,2022,Chunichi Dragons,Yokohama DeNA BayStars,1.0,6.0,Final,横 浜,https://npb.jp/games/2022/schedule_09_detail.html
20220929-Fukuoka_SoftBank_Hawks-Tohoku_Rakuten_Golden_Eagles,2022-09-29 18:00:00,2022,Fukuoka SoftBank Hawks,Tohoku Rakuten Golden Eagles,5.0,4.0,Final,楽天生命パーク,https://npb.jp/games/2022/schedule_09_detail.html
20220929-Tokyo_Yakult_Swallows-Hiroshima_Toyo_Carp,2022-09-29 18:00:00,2022,Tokyo Yakult Swallows,Hiroshima Toyo Carp,5.0,4.0,Final,マツダスタジアム,https://npb.jp/games/2022/schedule_09_detail.html
20220930-Chiba_Lotte_Marines-Orix_Buffaloes,2022-09-30 18:00:00,2022,Chiba Lotte Marines,Orix Buffaloes,3.0,4.0,Final,京セラD大阪,https://npb.jp/games/2022/schedule_09_detail.html
20220930-Chunichi_Dragons-Yokohama_DeNA_BayStars,2022-09-30 18:00:00,2022,Chunichi Dragons,Yokohama DeNA BayStars,6.0,1.0,Final,横 浜,https://npb.jp/games/2022/schedule_09_detail.html
20220930-Fukuoka_SoftBank_Hawks-Tohoku_Rakuten_Golden_Eagles,2022-09-30 18:00:00,2022,Fukuoka SoftBank Hawks,Tohoku Rakuten Golden Eagles,5.0,1.0,Final,楽天生命パーク,https://npb.jp/games/2022/schedule_09_detail.html
20220930-Tokyo_Yakult_Swallows-Hiroshima_Toyo_Carp,2022-09-30 18:00:00,2022,Tokyo Yakult Swallows,Hiroshima Toyo Carp,5.0,1.0,Final,マツダスタジアム,https://npb.jp/games/2022/schedule_09_detail.html
20221001-Yomiuri_Giants-Yokohama_DeNA_BayStars,2022-10-01 17:00:00,2022,Yomiuri Giants,Yokohama DeNA BayStars,0.0,1.0,Final,横 浜,https://npb.jp/games/2022/schedule_10_detail.html
20221001-Fukuoka_SoftBank_Hawks-Saitama_Seibu_Lions,2022-10-01 18:00:00,2022,Fukuoka SoftBank Hawks,Saitama Seibu Lions,1.0,3.0,Final,ベルーナドーム,https://npb.jp/games/2022/schedule_10_detail.html
20221002-Chunichi_Dragons-Hiroshima_Toyo_Carp,2022-10-02 14:00:00,2022,Chunichi Dragons,Hiroshima Toyo Carp,3.0,0.0,Final,マツダスタジアム,https://npb.jp/games/2022/schedule_10_detail.html
20221002-Tokyo_Yakult_Swallows-Hanshin_Tigers,2022-10-02 14:00:00,2022,Tokyo Yakult Swallows,Hanshin Tigers,3.0,3.0,Final,甲子園,https://npb.jp/games/2022/schedule_10_detail.html
20221002-Yomiuri_Giants-Yokohama_DeNA_BayStars,2022-10-02 14:00:00,2022,Yomiuri Giants,Yokohama DeNA BayStars,3.0,2.0,Final,横 浜,https://npb.jp/games/2022/schedule_10_detail.html
20221002-Fukuoka_SoftBank_Hawks-Chiba_Lotte_Marines,2022-10-02 18:00:00,2022,Fukuoka SoftBank Hawks,Chiba Lotte Marines,3.0,5.0,Final,ZOZOマリン,https://npb.jp/games/2022/schedule_10_detail.html
20221002-Hokkaido_Nippon-Ham_Fighters-Saitama_Seibu_Lions,2022-10-02 18:00:00,2022,Hokkaido Nippon-Ham Fighters,Saitama Seibu Lions,4.0,2.0,Final,ベルーナドーム,https://npb.jp/games/2022/schedule_10_detail.html
20221002-Orix_Buffaloes-Tohoku_Rakuten_Golden_Eagles,2022-10-02 18:00:00,2022,Orix Buffaloes,Tohoku Rakuten Golden Eagles,5.0,2.0,Final,楽天生命パーク,https://npb.jp/games/2022/schedule_10_detail.html
20221003-Yokohama_DeNA_BayStars-Tokyo_Yakult_Swallows,2022-10-03 18:00:00,2022,Yokohama DeNA BayStars,Tokyo Yakult Swallows,2.0,8.0,Final,神 宮,https://npb.jp/games/2022/schedule_10_detail.html
20221008-Hanshin_Tigers-Yokohama_DeNA_BayStars,2022-10-08 14:00:00,2022,Hanshin Tigers,Yokohama DeNA BayStars,2.0,0.0,Final,横 浜,https://npb.jp/games/2022/schedule_10_detail.html
20221008-Saitama_Seibu_Lions-Fukuoka_SoftBank_Hawks,2022-10-08 14:00:00,2022,Saitama Seibu Lions,Fukuoka SoftBank Hawks,3.0,5.0,Final,PayPayドーム,https://npb.jp/games/2022/schedule_10_detail.html
20221009-Hanshin_Tigers-Yokohama_DeNA_BayStars,2022-10-09 14:00:00,2022,Hanshin Tigers,Yokohama DeNA BayStars,0.0,1.0,Final,横 浜,https://npb.jp/games/2022/schedule_10_detail.html
20221009-Saitama_Seibu_Lions-Fukuoka_SoftBank_Hawks,2022-10-09 14:00:00,2022,Saitama Seibu Lions,Fukuoka SoftBank Hawks,2.0,8.0,Final,PayPayドーム,https://npb.jp/games/2022/schedule_10_detail.html
20221010-Hanshin_Tigers-Yokohama_DeNA_BayStars,2022-10-10 14:00:00,2022,Hanshin Tigers,Yokohama DeNA BayStars,3.0,2.0,Final,横 浜,https://npb.jp/games/2022/schedule_10_detail.html
20221012-Fukuoka_SoftBank_Hawks-Orix_Buffaloes,2022-10-12 18:00:00,2022,Fukuoka SoftBank Hawks,Orix Buffaloes,0.0,5.0,Final,京セラD大阪,https://npb.jp/games/2022/schedule_10_detail.html
20221012-Hanshin_Tigers-Tokyo_Yakult_Swallows,2022-10-12 18:00:00,2022,Hanshin Tigers,Tokyo Yakult Swallows,1.0,7.0,Final,神 宮,https://npb.jp/games/2022/schedule_10_detail.html
20221013-Fukuoka_SoftBank_Hawks-Orix_Buffaloes,2022-10-13 18:00:00,2022,Fukuoka SoftBank Hawks,Orix Buffaloes,3.0,4.0,Final,京セラD大阪,https://npb.jp/games/2022/schedule_10_detail.html
20221013-Hanshin_Tigers-Tokyo_Yakult_Swallows,2022-10-13 18:00:00,2022,Hanshin Tigers,Tokyo Yakult Swallows,3.0,5.0,Final,神 宮,https://npb.jp/games/2022/schedule_10_detail.html
20221014-Fukuoka_SoftBank_Hawks-Orix_Buffaloes,2022-10-14 18:00:00,2022,Fukuoka SoftBank Hawks,Orix Buffaloes,3.0,0.0,Final,京セラD大阪,https://npb.jp/games/2022/schedule_10_detail.html
20221014-Hanshin_Tigers-Tokyo_Yakult_Swallows,2022-10-14 18:00:00,2022,Hanshin Tigers,Tokyo Yakult Swallows,3.0,6.0,Final,神 宮,https://npb.jp/games/2022/schedule_10_detail.html
20221015-Fukuoka_SoftBank_Hawks-Orix_Buffaloes,2022-10-15 18:00:00,2022,Fukuoka SoftBank Hawks,Orix Buffaloes,2.0,3.0,Final,京セラD大阪,https://npb.jp/games/2022/schedule_10_detail.html
20221022-Orix_Buffaloes-Tokyo_Yakult_Swallows,2022-10-22 18:30:00,2022,Orix Buffaloes,Tokyo Yakult Swallows,3.0,5.0,Final,神 宮,https://npb.jp/games/2022/schedule_10_detail.html
20221023-Orix_Buffaloes-Tokyo_Yakult_Swallows,2022-10-23 18:00:00,2022,Orix Buffaloes,Tokyo Yakult Swallows,3.0,3.0,Final,神 宮,https://npb.jp/games/2022/schedule_10_detail.html
20221025-Tokyo_Yakult_Swallows-Orix_Buffaloes,2022-10-25 18:30:00,2022,Tokyo Yakult Swallows,Orix Buffaloes,7.0,1.0,Final,京セラD大阪,https://npb.jp/games/2022/schedule_10_detail.html
20221026-Tokyo_Yakult_Swallows-Orix_Buffaloes,2022-10-26 18:30:00,2022,Tokyo Yakult Swallows,Orix Buffaloes,0.0,1.0,Final,京セラD大阪,https://npb.jp/games/2022/schedule_10_detail.html
20221027-Tokyo_Yakult_Swallows-Orix_Buffaloes,2022-10-27 18:30:00,2022,Tokyo Yakult Swallows,Orix Buffaloes,4.0,6.0,Final,京セラD大阪,https://npb.jp/games/2022/schedule_10_detail.html
20221029-Orix_Buffaloes-Tokyo_Yakult_Swallows,2022-10-29 18:30:00,2022,Orix Buffaloes,Tokyo Yakult Swallows,3.0,0.0,Final,神 宮,https://npb.jp/games/2022/schedule_10_detail.html
20221030-Orix_Buffaloes-Tokyo_Yakult_Swallows,2022-10-30 18:30:00,2022,Orix Buffaloes,Tokyo Yakult Swallows,5.0,4.0,Final,神 宮,https://npb.jp/games/2022/schedule_10_detail.html
20230330-Tohoku_Rakuten_Golden_Eagles-Hokkaido_Nippon-Ham_Fighters,2023-03-30 18:30:00,2023,Tohoku Rakuten Golden Eagles,Hokkaido Nippon-Ham Fighters,3.0,1.0,Final,エスコンＦ,https://npb.jp/games/2023/schedule_03_detail.html
20230331-Hiroshima_Toyo_Carp-Tokyo_Yakult_Swallows,2023-03-31 18:00:00,2023,Hiroshima Toyo Carp,Tokyo Yakult Swallows,0.0,4.0,Final,神 宮,https://npb.jp/games/2023/schedule_03_detail.html
20230331-Orix_Buffaloes-Saitama_Seibu_Lions,2023-03-31 18:00:00,2023,Orix Buffaloes,Saitama Seibu Lions,3.0,2.0,Final,ベルーナドーム,https://npb.jp/games/2023/schedule_03_detail.html
20230331-Yokohama_DeNA_BayStars-Hanshin_Tigers,2023-03-31 18:00:00,2023,Yokohama DeNA BayStars,Hanshin Tigers,3.0,6.0,Final,京セラD大阪,https://npb.jp/games/2023/schedule_03_detail.html
20230331-Chunichi_Dragons-Yomiuri_Giants,2023-03-31 18:15:00,2023,Chunichi Dragons,Yomiuri Giants,6.0,3.0,Final,東京ドーム,https://npb.jp/games/2023/schedule_03_detail.html
20230331-Chiba_Lotte_Marines-Fukuoka_SoftBank_Hawks,2023-03-31 18:30:00,2023,Chiba Lotte Marines,Fukuoka SoftBank Hawks,0.0,4.0,Final,PayPayドーム,https://npb.jp/games/2023/schedule_03_detail.html
20230401-Tohoku_Rakuten_Golden_Eagles-Hokkaido_Nippon-Ham_Fighters,2023-04-01 13:00:00,2023,Tohoku Rakuten Golden Eagles,Hokkaido Nippon-Ham Fighters,3.0,4.0,Final,エスコンＦ,https://npb.jp/games/2023/schedule_04_detail.html
20230401-Chiba_Lotte_Marines-Fukuoka_SoftBank_Hawks,2023-04-01 14:00:00,2023,Chiba Lotte Marines,Fukuoka SoftBank Hawks,0.0,7.0,Final,PayPayドーム,https://npb.jp/games/2023/schedule_04_detail.html
20230401-Chunichi_Dragons-Yomiuri_Giants,2023-04-01 14:00:00,2023,Chunichi Dragons,Yomiuri Giants,0.0,2.0,Final,東京ドーム,https://npb.jp/games/2023/schedule_04_detail.html
20230401-Hiroshima_Toyo_Carp-Tokyo_Yakult_Swallows,2023-04-01 14:00:00,2023,Hiroshima Toyo Carp,Tokyo Yakult Swallows,0.0,1.0,Final,神 宮,https://npb.jp/games/2023/schedule_04_detail.html
20230401-Orix_Buffaloes-Saitama_Seibu_Lions,2023-04-01 14:00:00,2023,Orix Buffaloes,Saitama Seibu Lions,9.0,2.0,Final,ベルーナドーム,https://npb.jp/games/2023/schedule_04_detail.html
20230401-Yokohama_DeNA_BayStars-Hanshin_Tigers,2023-04-01 14:00:00,2023,Yokohama DeNA BayStars,Hanshin Tigers,5.0,6.0,Final,京セラD大阪,https://npb.jp/games/2023/schedule_04_detail.html
20230402-Chunichi_Dragons-Yomiuri_Giants,2023-04-02 13:00:00,2023,Chunichi Dragons,Yomiuri Giants,2.0,3.0,Final,東京ドーム,https://npb.jp/games/2023/schedule_04_detail.html
20230402-Tohoku_Rakuten_Golden_Eagles-Hokkaido_Nippon-Ham_Fighters,2023-04-02 13:00:00,2023,Tohoku Rakuten Golden Eagles,Hokkaido Nippon-Ham Fighters,2.0,1.0,Final,エスコンＦ,https://npb.jp/games/2023/schedule_04_detail.html
20230402-Hiroshima_Toyo_Carp-Tokyo_Yakult_Swallows,2023-04-02 13:30:00,2023,Hiroshima Toyo Carp,Tokyo Yakult Swallows,2.0,3.0,Final,神 宮,https://npb.jp/games/2023/schedule_04_detail.html
20230402-Chiba_Lotte_Marines-Fukuoka_SoftBank_Hawks,2023-04-02 14:00:00,2023,Chiba Lotte Marines,Fukuoka SoftBank Hawks,3.0,5.0,Final,PayPayドーム,https://npb.jp/games/2023/schedule_04_detail.html
20230402-Orix_Buffaloes-Saitama_Seibu_Lions,2023-04-02 14:00:00,2023,Orix Buffaloes,Saitama Seibu Lions,1.0,4.0,Final,ベルーナドーム,https://npb.jp/games/2023/schedule_04_detail.html
20230402-Yokohama_DeNA_BayStars-Hanshin_Tigers,2023-04-02 14:00:00,2023,Yokohama DeNA BayStars,Hanshin Tigers,2.0,6.0,Final,京セラD大阪,https://npb.jp/games/2023/schedule_04_detail.html
20230404-Saitama_Seibu_Lions-Tohoku_Rakuten_Golden_Eagles,2023-04-04 16:00:00,2023,Saitama Seibu Lions,Tohoku Rakuten Golden Eagles,4.0,0.0,Final,楽天モバイル,https://npb.jp/games/2023/schedule_04_detail.html
20230404-Fukuoka_SoftBank_Hawks-Orix_Buffaloes,2023-04-04 18:00:00,2023,Fukuoka SoftBank Hawks,Orix Buffaloes,6.0,1.0,Final,京セラD大阪,https://npb.jp/games/2023/schedule_04_detail.html
20230404-Hanshin_Tigers-Hiroshima_Toyo_Carp,2023-04-04 18:00:00,2023,Hanshin Tigers,Hiroshima Toyo Carp,5.0,4.0,Final,マツダスタジアム,https://npb.jp/games/2023/schedule_04_detail.html
20230404-Tokyo_Yakult_Swallows-Chunichi_Dragons,2023-04-04 18:15:00,2023,Tokyo Yakult Swallows,Chunichi Dragons,1.0,0.0,Final,バンテリンドーム,https://npb.jp/games/2023/schedule_04_detail.html
20230404-Hokkaido_Nippon-Ham_Fighters-Chiba_Lotte_Marines,2023-04-04 18:30:00,2023,Hokkaido Nippon-Ham Fighters,Chiba Lotte Marines,4.0,6.0,Final,ZOZOマリン,https://npb.jp/games/2023/schedule_04_detail.html
20230404-Yomiuri_Giants-Yokohama_DeNA_BayStars,2023-04-04 18:30:00,2023,Yomiuri Giants,Yokohama DeNA BayStars,9.0,0.0,Final,横 浜,https://npb.jp/games/2023/schedule_04_detail.html
20230405-Saitama_Seibu_Lions-Tohoku_Rakuten_Golden_Eagles,2023-04-05 13:00:00,2023,Saitama Seibu Lions,Tohoku Rakuten Golden Eagles,0.0,1.0,Final,楽天モバイル,https://npb.jp/games/2023/schedule_04_detail.html
20230405-Hokkaido_Nippon-Ham_Fighters-Chiba_Lotte_Marines,2023-04-05 14:00:00,2023,Hokkaido Nippon-Ham Fighters,Chiba Lotte Marines,1.0,2.0,Final,ZOZOマリン,https://npb.jp/games/2023/schedule_04_detail.html
20230405-Fukuoka_SoftBank_Hawks-Orix_Buffaloes,2023-04-05 18:00:00,2023,Fukuoka SoftBank Hawks,Orix Buffaloes,5.0,0.0,Final,京セラD大阪,https://npb.jp/games/2023/schedule_04_detail.html
20230405-Hanshin_Tigers-Hiroshima_Toyo_Carp,2023-04-05 18:00:00,2023,Hanshin Tigers,Hiroshima Toyo Carp,,,Postponed,マツダスタジアム,https://npb.jp/games/2023/schedule_04_detail.html
20230405-Tokyo_Yakult_Swallows-Chunichi_Dragons,2023-04-05 18:00:00,2023,Tokyo Yakult Swallows,Chunichi Dragons,5.0,0.0,Final,バンテリンドーム,https://npb.jp/games/2023/schedule_04_detail.html
20230405-Yomiuri_Giants-Yokohama_DeNA_BayStars,2023-04-05 18:00:00,2023,Yomiuri Giants,Yokohama DeNA BayStars,0.0,2.0,Final,横 浜,https://npb.jp/games/2023/schedule_04_detail.html
20230406-Saitama_Seibu_Lions-Tohoku_Rakuten_Golden_Eagles,2023-04-06 13:00:00,2023,Saitama Seibu Lions,Tohoku Rakuten Golden Eagles,2.0,1.0,Final,楽天モバイル,https://npb.jp/games/2023/schedule_04_detail.html
20230406-Hokkaido_Nippon-Ham_Fighters-Chiba_Lotte_Marines,2023-04-06 14:00:00,2023,Hokkaido Nippon-Ham Fighters,Chiba Lotte Marines,1.0,6.0,Final,ZOZOマリン,https://npb.jp/games/2023/schedule_04_detail.html
20230406-Fukuoka_SoftBank_Hawks-Orix_Buffaloes,2023-04-06 18:00:00,2023,Fukuoka SoftBank Hawks,Orix Buffaloes,2.0,7.0,Final,京セラD大阪,https://npb.jp/games/2023/schedule_04_detail.html
20230406-Hanshin_Tigers-Hiroshima_Toyo_Carp,2023-04-06 18:00:00,2023,Hanshin Tigers,Hiroshima Toyo Carp,0.0,3.0,Final,マツダスタジアム,https://npb.jp/games/2023/schedule_04_detail.html
20230406-Tokyo_Yakult_Swallows-Chunichi_Dragons,2023-04-06 18:00:00,2023,Tokyo Yakult Swallows,Chunichi Dragons,1.0,3.0,Final,バンテリンドーム,https://npb.jp/games/2023/schedule_04_detail.html
20230406-Yomiuri_Giants-Yokohama_DeNA_BayStars,2023-04-06 18:00:00,2023,Yomiuri Giants,Yokohama DeNA BayStars,0.0,4.0,Final,横 浜,https://npb.jp/games/2023/schedule_04_detail.html
20230407-Chunichi_Dragons-Yokohama_DeNA_BayStars,2023-04-07 18:00:00,2023,Chunichi Dragons,Yokohama DeNA BayStars,,,Postponed,横 浜,https://npb.jp/games/2023/schedule_04_detail.html
20230407-Hokkaido_Nippon-Ham_Fighters-Orix_Buffaloes,2023-04-07 18:00:00,2023,Hokkaido Nippon-Ham Fighters,Orix Buffaloes,2.0,4.0,Final,京セラD大阪,https://npb.jp/games/2023/schedule_04_detail.html
20230407-Tokyo_Yakult_Swallows-Hanshin_Tigers,2023-04-07 18:00:00,2023,Tokyo Yakult Swallows,Hanshin Tigers,3.0,1.0,Final,甲子園,https://npb.jp/games/2023/schedule_04_detail.html
20230407-Yomiuri_Giants-Hiroshima_Toyo_Carp,2023-04-07 18:00:00,2023,Yomiuri Giants,Hiroshima Toyo Carp,2.0,4.0,Final,マツダスタジアム,https://npb.jp/games/2023/schedule_04_detail.html
20230408-Saitama_Seibu_Lions-Fukuoka_SoftBank_Hawks,2023-04-08 13:00:00,2023,Saitama Seibu Lions,Fukuoka SoftBank Hawks,3.0,0.0,Final,宮 崎,https://npb.jp/games/2023/schedule_04_detail.html
20230408-Chunichi_Dragons-Yokohama_DeNA_BayStars,2023-04-08 14:00:00,2023,Chunichi Dragons,Yokohama DeNA BayStars,1.0,3.0,Final,横 浜,https://npb.jp/games/2023/schedule_04_detail.html
20230408-Hokkaido_Nippon-Ham_Fighters-Orix_Buffaloes,2023-04-08 14:00:00,2023,Hokkaido Nippon-Ham Fighters,Orix Buffaloes,6.0,2.0,Final,京セラD大阪,https://npb.jp/games/2023/schedule_04_detail.html
20230408-Tohoku_Rakuten_Golden_Eagles-Chiba_Lotte_Marines,2023-04-08 14:00:00,2023,Tohoku Rakuten Golden Eagles,Chiba Lotte Marines,4.0,5.0,Final,ZOZOマリン,https://npb.jp/games/2023/schedule_04_detail.html
20230408-Tokyo_Yakult_Swallows-Hanshin_Tigers,2023-04-08 14:00:00,2023,Tokyo Yakult Swallows,Hanshin Tigers,0.0,1.0,Final,甲子園,https://npb.jp/games/2023/schedule_04_detail.html
20230408-Yomiuri_Giants-Hiroshima_Toyo_Carp,2023-04-08 14:00:00,2023,Yomiuri Giants,Hiroshima Toyo Carp,3.0,6.0,Final,マツダスタジアム,https://npb.jp/games/2023/schedule_04_detail.html
20230409-Hokkaido_Nippon-Ham_Fighters-Orix_Buffaloes,2023-04-09 13:00:00,2023,Hokkaido Nippon-Ham Fighters,Orix Buffaloes,7.0,2.0,Final,京セラD大阪,https://npb.jp/games/2023/schedule_04_detail.html
20230409-Yomiuri_Giants-Hiroshima_Toyo_Carp,2023-04-09 13:30:00,2023,Yomiuri Giants,Hiroshima Toyo Carp,2.0,4.0,Final,マツダスタジアム,https://npb.jp/games/2023/schedule_04_detail.html
20230409-Chunichi_Dragons-Yokohama_DeNA_BayStars,2023-04-09 14:00:00,2023,Chunichi Dragons,Yokohama DeNA BayStars,0.0,8.0,Final,横 浜,https://npb.jp/games/2023/schedule_04_detail.html
20230409-Saitama_Seibu_Lions-Fukuoka_SoftBank_Hawks,2023-04-09 14:00:00,2023,Saitama Seibu Lions,Fukuoka SoftBank Hawks,1.0,3.0,Final,鹿児島,https://npb.jp/games/2023/schedule_04_detail.html
20230409-Tohoku_Rakuten_Golden_Eagles-Chiba_Lotte_Marines,2023-04-09 14:00:00,2023,Tohoku Rakuten Golden Eagles,Chiba Lotte Marines,1.0,10.0,Final,ZOZOマリン,https://npb.jp/games/2023/schedule_04_detail.html
20230409-Tokyo_Yakult_Swallows-Hanshin_Tigers,2023-04-09 14:00:00,2023,Tokyo Yakult Swallows,Hanshin Tigers,1.0,1.0,Final,甲子園,https://npb.jp/games/2023/schedule_04_detail.html
20230411-Chiba_Lotte_Marines-Saitama_Seibu_Lions,2023-04-11 18:00:00,2023,Chiba Lotte Marines,Saitama Seibu Lions,3.0,8.0,Final,ベルーナドーム,https://npb.jp/games/2023/schedule_04_detail.html
20230411-Hanshin_Tigers-Yomiuri_Giants,2023-04-11 18:00:00,2023,Hanshin Tigers,Yomiuri Giants,1.0,7.0,Final,東京ドーム,https://npb.jp/games/2023/schedule_04_detail.html
20230411-Hiroshima_Toyo_Carp-Chunichi_Dragons,2023-04-11 18:00:00,2023,Hiroshima Toyo Carp,Chunichi Dragons,4.0,1.0,Final,バンテリンドーム,https://npb.jp/games/2023/schedule_04_detail.html
20230411-Hokkaido_Nippon-Ham_Fighters-Fukuoka_SoftBank_Hawks,2023-04-11 18:00:00,2023,Hokkaido Nippon-Ham Fighters,Fukuoka SoftBank Hawks,3.0,4.0,Final,PayPayドーム,https://npb.jp/games/2023/schedule_04_detail.html
20230411-Orix_Buffaloes-Tohoku_Rakuten_Golden_Eagles,2023-04-11 18:00:00,2023,Orix Buffaloes,Tohoku Rakuten Golden Eagles,6.0,0.0,Final,楽天モバイル,https://npb.jp/games/2023/schedule_04_detail.html
20230411-Yokohama_DeNA_BayStars-Tokyo_Yakult_Swallows,2023-04-11 18:00:00,2023,Yokohama DeNA BayStars,Tokyo Yakult Swallows,3.0,6.0,Final,神 宮,https://npb.jp/games/2023/schedule_04_detail.html
20230412-Chiba_Lotte_Marines-Saitama_Seibu_Lions,2023-04-12 18:00:00,2023,Chiba Lotte Marines,Saitama Seibu Lions,5.0,3.0,Final,ベルーナドーム,https://npb.jp/games/2023/schedule_04_detail.html
20230412-Hanshin_Tigers-Yomiuri_Giants,2023-04-12 18:00:00,2023,Hanshin Tigers,Yomiuri Giants,2.0,1.0,Final,東京ドーム,https://npb.jp/games/2023/schedule_04_detail.html
20230412-Hiroshima_Toyo_Carp-Chunichi_Dragons,2023-04-12 18:00:00,2023,Hiroshima Toyo Carp,Chunichi Dragons,2.0,5.0,Final,バンテリンドーム,https://npb.jp/games/2023/schedule_04_detail.html
20230412-Hokkaido_Nippon-Ham_Fighters-Fukuoka_SoftBank_Hawks,2023-04-12 18:00:00,2023,Hokkaido Nippon-Ham Fighters,Fukuoka SoftBank Hawks,2.0,5.0,Final,PayPayドーム,https://npb.jp/games/2023/schedule_04_detail.html
20230412-Orix_Buffaloes-Tohoku_Rakuten_Golden_Eagles,2023-04-12 18:00:00,2023,Orix Buffaloes,Tohoku Rakuten Golden Eagles,7.0,2.0,Final,楽天モバイル,https://npb.jp/games/2023/schedule_04_detail.html
20230412-Yokohama_DeNA_BayStars-Tokyo_Yakult_Swallows,2023-04-12 18:00:00,2023,Yokohama DeNA BayStars,Tokyo Yakult Swallows,6.0,1.0,Final,神 宮,https://npb.jp/games/2023/schedule_04_detail.html
20230413-Chiba_Lotte_Marines-Saitama_Seibu_Lions,2023-04-13 18:00:00,2023,Chiba Lotte Marines,Saitama Seibu Lions,0.0,2.0,Final,県営大宮,https://npb.jp/games/2023/schedule_04_detail.html
20230413-Hanshin_Tigers-Yomiuri_Giants,2023-04-13 18:00:00,2023,Hanshin Tigers,Yomiuri Giants,4.0,1.0,Final,東京ドーム,https://npb.jp/games/2023/schedule_04_detail.html
20230414-Fukuoka_SoftBank_Hawks-Tohoku_Rakuten_Golden_Eagles,2023-04-14 18:00:00,2023,Fukuoka SoftBank Hawks,Tohoku Rakuten Golden Eagles,0.0,3.0,Final,楽天モバイル,https://npb.jp/games/2023/schedule_04_detail.html
20230414-Hanshin_Tigers-Yokohama_DeNA_BayStars,2023-04-14 18:00:00,2023,Hanshin Tigers,Yokohama DeNA BayStars,3.0,8.0,Final,横 浜,https://npb.jp/games/2023/schedule_04_detail.html
20230414-Orix_Buffaloes-Chiba_Lotte_Marines,2023-04-14 18:00:00,2023,Orix Buffaloes,Chiba Lotte Marines,0.0,2.0,Final,ZOZOマリン,https://npb.jp/games/2023/schedule_04_detail.html
20230414-Saitama_Seibu_Lions-Hokkaido_Nippon-Ham_Fighters,2023-04-14 18:00:00,2023,Saitama Seibu Lions,Hokkaido Nippon-Ham Fighters,2.0,5.0,Final,エスコンＦ,https://npb.jp/games/2023/schedule_04_detail.html
20230414-Tokyo_Yakult_Swallows-Hiroshima_Toyo_Carp,2023-04-14 18:00:00,2023,Tokyo Yakult Swallows,Hiroshima Toyo Carp,0.0,1.0,Final,マツダスタジアム,https://npb.jp/games/2023/schedule_04_detail.html
20230414-Yomiuri_Giants-Chunichi_Dragons,2023-04-14 18:00:00,2023,Yomiuri Giants,Chunichi Dragons,2.0,9.0,Final,バンテリンドーム,https://npb.jp/games/2023/schedule_04_detail.html
20230415-Fukuoka_SoftBank_Hawks-Tohoku_Rakuten_Golden_Eagles,2023-04-15 14:00:00,2023,Fukuoka SoftBank Hawks,Tohoku Rakuten Golden Eagles,,,Postponed,楽天モバイル,https://npb.jp/games/2023/schedule_04_detail.html
20230415-Hanshin_Tigers-Yokohama_DeNA_BayStars,2023-04-15 14:00:00,2023,Hanshin Tigers,Yokohama DeNA BayStars,,,Postponed,横 浜,https://npb.jp/games/2023/schedule_04_detail.html
20230415-Orix_Buffaloes-Chiba_Lotte_Marines,2023-04-15 14:00:00,2023,Orix Buffaloes,Chiba Lotte Marines,,,Postponed,ZOZOマリン,https://npb.jp/games/2023/schedule_04_detail.html
20230415-Saitama_Seibu_Lions-Hokkaido_Nippon-Ham_Fighters,2023-04-15 14:00:00,2023,Saitama Seibu Lions,Hokkaido Nippon-Ham Fighters,10.0,0.0,Final,エスコンＦ,https://npb.jp/games/2023/schedule_04_detail.html
20230415-Tokyo_Yakult_Swallows-Hiroshima_Toyo_Carp,2023-04-15 14:00:00,2023,Tokyo Yakult Swallows,Hiroshima Toyo Carp,4.0,5.0,Final,マツダスタジアム,https://npb.jp/games/2023/schedule_04_detail.html
20230415-Yomiuri_Giants-Chunichi_Dragons,2023-04-15 14:00:00,2023,Yomiuri Giants,Chunichi Dragons,6.0,2.0,Final,バンテリンドーム,https://npb.jp/games/2023/schedule_04_detail.html
20230416-Fukuoka_SoftBank_Hawks-Tohoku_Rakuten_Golden_Eagles,2023-04-16 13:00:00,2023,Fukuoka SoftBank Hawks,Tohoku Rakuten Golden Eagles,6.0,3.0,Final,楽天モバイル,https://npb.jp/games/2023/schedule_04_detail.html
20230416-Saitama_Seibu_Lions-Hokkaido_Nippon-Ham_Fighters,2023-04-16 13:00:00,2023,Saitama Seibu Lions,Hokkaido Nippon-Ham Fighters,6.0,2.0,Final,エスコンＦ,https://npb.jp/games/2023/schedule_04_detail.html
20230416-Tokyo_Yakult_Swallows-Hiroshima_Toyo_Carp,2023-04-16 13:30:00,2023,Tokyo Yakult Swallows,Hiroshima Toyo Carp,5.0,7.0,Final,マツダスタジアム,https://npb.jp/games/2023/schedule_04_detail.html
20230416-Hanshin_Tigers-Yokohama_DeNA_BayStars,2023-04-16 14:00:00,2023,Hanshin Tigers,Yokohama DeNA BayStars,1.0,2.0,Final,横 浜,https://npb.jp/games/2023/schedule_04_detail.html
20230416-Orix_Buffaloes-Chiba_Lotte_Marines,2023-04-16 14:00:00,2023,Orix Buffaloes,Chiba Lotte Marines,2.0,1.0,Final,ZOZOマリン,https://npb.jp/games/2023/schedule_04_detail.html
20230416-Yomiuri_Giants-Chunichi_Dragons,2023-04-16 14:00:00,2023,Yomiuri Giants,Chunichi Dragons,5.0,7.0,Final,バンテリンドーム,https://npb.jp/games/2023/schedule_04_detail.html
20230418-Chiba_Lotte_Marines-Hokkaido_Nippon-Ham_Fighters,2023-04-18 18:00:00,2023,Chiba Lotte Marines,Hokkaido Nippon-Ham Fighters,4.0,2.0,Final,エスコンＦ,https://npb.jp/games/2023/schedule_04_detail.html
20230418-Chunichi_Dragons-Tokyo_Yakult_Swallows,2023-04-18 18:00:00,2023,Chunichi Dragons,Tokyo Yakult Swallows,0.0,2.0,Final,松 山,https://npb.jp/games/2023/schedule_04_detail.html
20230418-Fukuoka_SoftBank_Hawks-Saitama_Seibu_Lions,2023-04-18 18:00:00,2023,Fukuoka SoftBank Hawks,Saitama Seibu Lions,3.0,7.0,Final,東京ドーム,https://npb.jp/games/2023/schedule_04_detail.html
20230418-Hiroshima_Toyo_Carp-Hanshin_Tigers,2023-04-18 18:00:00,2023,Hiroshima Toyo Carp,Hanshin Tigers,1.0,2.0,Final,甲子園,https://npb.jp/games/2023/schedule_04_detail.html
20230418-Tohoku_Rakuten_Golden_Eagles-Orix_Buffaloes,2023-04-18 18:00:00,2023,Tohoku Rakuten Golden Eagles,Orix Buffaloes,5.0,1.0,Final,京セラD大阪,https://npb.jp/games/2023/schedule_04_detail.html
20230418-Yokohama_DeNA_BayStars-Yomiuri_Giants,2023-04-18 18:00:00,2023,Yokohama DeNA BayStars,Yomiuri Giants,2.0,0.0,Final,長 崎,https://npb.jp/games/2023/schedule_04_detail.html
20230419-Chiba_Lotte_Marines-Hokkaido_Nippon-Ham_Fighters,2023-04-19 18:00:00,2023,Chiba Lotte Marines,Hokkaido Nippon-Ham Fighters,4.0,3.0,Final,エスコンＦ,https://npb.jp/games/2023/schedule_04_detail.html
20230419-Fukuoka_SoftBank_Hawks-Saitama_Seibu_Lions,2023-04-19 18:00:00,2023,Fukuoka SoftBank Hawks,Saitama Seibu Lions,2.0,3.0,Final,ベルーナドーム,https://npb.jp/games/2023/schedule_04_detail.html
20230419-Hiroshima_Toyo_Carp-Hanshin_Tigers,2023-04-19 18:00:00,2023,Hiroshima Toyo Carp,Hanshin Tigers,1.0,6.0,Final,甲子園,https://npb.jp/games/2023/schedule_04_detail.html
20230419-Tohoku_Rakuten_Golden_Eagles-Orix_Buffaloes,2023-04-19 18:00:00,2023,Tohoku Rakuten Golden Eagles,Orix Buffaloes,1.0,2.0,Final,京セラD大阪,https://npb.jp/games/2023/schedule_04_detail.html
20230419-Yokohama_DeNA_BayStars-Yomiuri_Giants,2023-04-19 18:00:00,2023,Yokohama DeNA BayStars,Yomiuri Giants,1.0,5.0,Final,佐 賀,https://npb.jp/games/2023/schedule_04_detail.html
20230420-Chiba_Lotte_Marines-Hokkaido_Nippon-Ham_Fighters,2023-04-20 18:00:00,2023,Chiba Lotte Marines,Hokkaido Nippon-Ham Fighters,0.0,2.0,Final,エスコンＦ,https://npb.jp/games/2023/schedule_04_detail.html
20230420-Chunichi_Dragons-Tokyo_Yakult_Swallows,2023-04-20 18:00:00,2023,Chunichi Dragons,Tokyo Yakult Swallows,2.0,3.0,Final,神 宮,https://npb.jp/games/2023/schedule_04_detail.html
20230420-Hiroshima_Toyo_Carp-Hanshin_Tigers,2023-04-20 18:00:00,2023,Hiroshima Toyo Carp,Hanshin Tigers,7.0,5.0,Final,甲子園,https://npb.jp/games/2023/schedule_04_detail.html
20230420-Tohoku_Rakuten_Golden_Eagles-Orix_Buffaloes,2023-04-20 18:00:00,2023,Tohoku Rakuten Golden Eagles,Orix Buffaloes,1.0,3.0,Final,京セラD大阪,https://npb.jp/games/2023/schedule_04_detail.html
20230421-Fukuoka_SoftBank_Hawks-Chiba_Lotte_Marines,2023-04-21 18:00:00,2023,Fukuoka SoftBank Hawks,Chiba Lotte Marines,2.0,3.0,Final,ZOZOマリン,https://npb.jp/games/2023/schedule_04_detail.html
20230421-Hanshin_Tigers-Chunichi_Dragons,2023-04-21 18:00:00,2023,Hanshin Tigers,Chunichi Dragons,1.0,4.0,Final,バンテリンドーム,https://npb.jp/games/2023/schedule_04_detail.html
20230421-Hokkaido_Nippon-Ham_Fighters-Tohoku_Rakuten_Golden_Eagles,2023-04-21 18:00:00,2023,Hokkaido Nippon-Ham Fighters,Tohoku Rakuten Golden Eagles,7.0,8.0,Final,楽天モバイル,https://npb.jp/games/2023/schedule_04_detail.html
20230421-Saitama_Seibu_Lions-Orix_Buffaloes,2023-04-21 18:00:00,2023,Saitama Seibu Lions,Orix Buffaloes,5.0,7.0,Final,京セラD大阪,https://npb.jp/games/2023/schedule_04_detail.html
20230421-Yokohama_DeNA_BayStars-Hiroshima_Toyo_Carp,2023-04-21 18:00:00,2023,Yokohama DeNA BayStars,Hiroshima Toyo Carp,1.0,0.0,Final,マツダスタジアム,https://npb.jp/games/2023/schedule_04_detail.html
20230421-Yomiuri_Giants-Tokyo_Yakult_Swallows,2023-04-21 18:00:00,2023,Yomiuri Giants,Tokyo Yakult Swallows,0.0,3.0,Final,神 宮,https://npb.jp/games/2023/schedule_04_detail.html
20230422-Fukuoka_SoftBank_Hawks-Chiba_Lotte_Marines,2023-04-22 14:00:00,2023,Fukuoka SoftBank Hawks,Chiba Lotte Marines,0.0,6.0,Final,ZOZOマリン,https://npb.jp/games/2023/schedule_04_detail.html
20230422-Hanshin_Tigers-Chunichi_Dragons,2023-04-22 14:00:00,2023,Hanshin Tigers,Chunichi Dragons,2.0,0.0,Final,バンテリンドーム,https://npb.jp/games/2023/schedule_04_detail.html
20230422-Hokkaido_Nippon-Ham_Fighters-Tohoku_Rakuten_Golden_Eagles,2023-04-22 14:00:00,2023,Hokkaido Nippon-Ham Fighters,Tohoku Rakuten Golden Eagles,5.0,3.0,Final,楽天モバイル,https://npb.jp/games/2023/schedule_04_detail.html
20230422-Saitama_Seibu_Lions-Orix_Buffaloes,2023-04-22 14:00:00,2023,Saitama Seibu Lions,Orix Buffaloes,4.0,2.0,Final,京セラD大阪,https://npb.jp/games/2023/schedule_04_detail.html
20230422-Yokohama_DeNA_BayStars-Hiroshima_Toyo_Carp,2023-04-22 14:00:00,2023,Yokohama DeNA BayStars,Hiroshima Toyo Carp,0.0,3.0,Final,マツダスタジアム,https://npb.jp/games/2023/schedule_04_detail.html
20230422-Yomiuri_Giants-Tokyo_Yakult_Swallows,2023-04-22 18:00:00,2023,Yomiuri Giants,Tokyo Yakult Swallows,4.0,2.0,Final,神 宮,https://npb.jp/games/2023/schedule_04_detail.html
20230423-Hokkaido_Nippon-Ham_Fighters-Tohoku_Rakuten_Golden_Eagles,2023-04-23 13:00:00,2023,Hokkaido Nippon-Ham Fighters,Tohoku Rakuten Golden Eagles,3.0,4.0,Final,楽天モバイル,https://npb.jp/games/2023/schedule_04_detail.html
20230423-Yokohama_DeNA_BayStars-Hiroshima_Toyo_Carp,2023-04-23 13:30:00,2023,Yokohama DeNA BayStars,Hiroshima Toyo Carp,4.0,3.0,Final,マツダスタジアム,https://npb.jp/games/2023/schedule_04_detail.html
20230423-Fukuoka_SoftBank_Hawks-Chiba_Lotte_Marines,2023-04-23 14:00:00,2023,Fukuoka SoftBank Hawks,Chiba Lotte Marines,2.0,6.0,Final,ZOZOマリン,https://npb.jp/games/2023/schedule_04_detail.html
20230423-Hanshin_Tigers-Chunichi_Dragons,2023-04-23 14:00:00,2023,Hanshin Tigers,Chunichi Dragons,1.0,2.0,Final,バンテリンドーム,https://npb.jp/games/2023/schedule_04_detail.html
20230423-Saitama_Seibu_Lions-Orix_Buffaloes,2023-04-23 14:00:00,2023,Saitama Seibu Lions,Orix Buffaloes,1.0,4.0,Final,京セラD大阪,https://npb.jp/games/2023/schedule_04_detail.html
20230423-Yomiuri_Giants-Tokyo_Yakult_Swallows,2023-04-23 18:00:00,2023,Yomiuri Giants,Tokyo Yakult Swallows,7.0,3.0,Final,神 宮,https://npb.jp/games/2023/schedule_04_detail.html
20230425-Tokyo_Yakult_Swallows-Yokohama_DeNA_BayStars,2023-04-25 17:45:00,2023,Tokyo Yakult Swallows,Yokohama DeNA BayStars,3.0,5.0,Final,横 浜,https://npb.jp/games/2023/schedule_04_detail.html
20230425-Chunichi_Dragons-Hiroshima_Toyo_Carp,2023-04-25 18:00:00,2023,Chunichi Dragons,Hiroshima Toyo Carp,,,Postponed,マツダスタジアム,https://npb.jp/games/2023/schedule_04_detail.html
20230425-Orix_Buffaloes-Hokkaido_Nippon-Ham_Fighters,2023-04-25 18:00:00,2023,Orix Buffaloes,Hokkaido Nippon-Ham Fighters,8.0,7.0,Final,エスコンＦ,https://npb.jp/games/2023/schedule_04_detail.html
20230425-Saitama_Seibu_Lions-Chiba_Lotte_Marines,2023-04-25 18:00:00,2023,Saitama Seibu Lions,Chiba Lotte Marines,5.0,3.0,Final,ZOZOマリン,https://npb.jp/games/2023/schedule_04_detail.html
20230425-Tohoku_Rakuten_Golden_Eagles-Fukuoka_SoftBank_Hawks,2023-04-25 18:00:00,2023,Tohoku Rakuten Golden Eagles,Fukuoka SoftBank Hawks,,,Postponed,北九州,https://npb.jp/games/2023/schedule_04_detail.html
20230425-Yomiuri_Giants-Hanshin_Tigers,2023-04-25 18:00:00,2023,Yomiuri Giants,Hanshin Tigers,,,Postponed,甲子園,https://npb.jp/games/2023/schedule_04_detail.html
20230426-Tokyo_Yakult_Swallows-Yokohama_DeNA_BayStars,2023-04-26 17:45:00,2023,Tokyo Yakult Swallows,Yokohama DeNA BayStars,2.0,5.0,Final,横 浜,https://npb.jp/games/2023/schedule_04_detail.html
20230426-Chunichi_Dragons-Hiroshima_Toyo_Carp,2023-04-26 18:00:00,2023,Chunichi Dragons,Hiroshima Toyo Carp,6.0,3.0,Final,マツダスタジアム,https://npb.jp/games/2023/schedule_04_detail.html
20230426-Orix_Buffaloes-Hokkaido_Nippon-Ham_Fighters,2023-04-26 18:00:00,2023,Orix Buffaloes,Hokkaido Nippon-Ham Fighters,3.0,6.0,Final,エスコンＦ,https://npb.jp/games/2023/schedule_04_detail.html
20230426-Saitama_Seibu_Lions-Chiba_Lotte_Marines,2023-04-26 18:00:00,2023,Saitama Seibu Lions,Chiba Lotte Marines,1.0,2.0,Final,ZOZOマリン,https://npb.jp/games/2023/schedule_04_detail.html
20230426-Tohoku_Rakuten_Golden_Eagles-Fukuoka_SoftBank_Hawks,2023-04-26 18:00:00,2023,Tohoku Rakuten Golden Eagles,Fukuoka SoftBank Hawks,2.0,4.0,Final,PayPayドーム,https://npb.jp/games/2023/schedule_04_detail.html
20230426-Yomiuri_Giants-Hanshin_Tigers,2023-04-26 18:00:00,2023,Yomiuri Giants,Hanshin Tigers,8.0,4.0,Final,甲子園,https://npb.jp/games/2023/schedule_04_detail.html
20230427-Tokyo_Yakult_Swallows-Yokohama_DeNA_BayStars,2023-04-27 17:45:00,2023,Tokyo Yakult Swallows,Yokohama DeNA BayStars,6.0,7.0,Final,横 浜,https://npb.jp/games/2023/schedule_04_detail.html
20230427-Chunichi_Dragons-Hiroshima_Toyo_Carp,2023-04-27 18:00:00,2023,Chunichi Dragons,Hiroshima Toyo Carp,2.0,3.0,Final,マツダスタジアム,https://npb.jp/games/2023/schedule_04_detail.html
20230427-Tohoku_Rakuten_Golden_Eagles-Fukuoka_SoftBank_Hawks,2023-04-27 18:00:00,2023,Tohoku Rakuten Golden Eagles,Fukuoka SoftBank Hawks,3.0,5.0,Final,PayPayドーム,https://npb.jp/games/2023/schedule_04_detail.html
20230427-Yomiuri_Giants-Hanshin_Tigers,2023-04-27 18:00:00,2023,Yomiuri Giants,Hanshin Tigers,0.0,15.0,Final,甲子園,https://npb.jp/games/2023/schedule_04_detail.html
20230428-Chiba_Lotte_Marines-Orix_Buffaloes,2023-04-28 18:00:00,2023,Chiba Lotte Marines,Orix Buffaloes,4.0,3.0,Final,京セラD大阪,https://npb.jp/games/2023/schedule_04_detail.html
20230428-Fukuoka_SoftBank_Hawks-Hokkaido_Nippon-Ham_Fighters,2023-04-28 18:00:00,2023,Fukuoka SoftBank Hawks,Hokkaido Nippon-Ham Fighters,6.0,3.0,Final,エスコンＦ,https://npb.jp/games/2023/schedule_04_detail.html
20230428-Hanshin_Tigers-Tokyo_Yakult_Swallows,2023-04-28 18:00:00,2023,Hanshin Tigers,Tokyo Yakult Swallows,4.0,0.0,Final,神 宮,https://npb.jp/games/2023/schedule_04_detail.html
20230428-Hiroshima_Toyo_Carp-Yomiuri_Giants,2023-04-28 18:00:00,2023,Hiroshima Toyo Carp,Yomiuri Giants,4.0,5.0,Final,東京ドーム,https://npb.jp/games/2023/schedule_04_detail.html
20230428-Tohoku_Rakuten_Golden_Eagles-Saitama_Seibu_Lions,2023-04-28 18:00:00,2023,Tohoku Rakuten Golden Eagles,Saitama Seibu Lions,0.0,4.0,Final,ベルーナドーム,https://npb.jp/games/2023/schedule_04_detail.html
20230428-Yokohama_DeNA_BayStars-Chunichi_Dragons,2023-04-28 18:00:00,2023,Yokohama DeNA BayStars,Chunichi Dragons,1.0,0.0,Final,バンテリンドーム,https://npb.jp/games/2023/schedule_04_detail.html
20230429-Chiba_Lotte_Marines-Orix_Buffaloes,2023-04-29 14:00:00,2023,Chiba Lotte Marines,Orix Buffaloes,2.0,3.0,Final,京セラD大阪,https://npb.jp/games/2023/schedule_04_detail.html
20230429-Fukuoka_SoftBank_Hawks-Hokkaido_Nippon-Ham_Fighters,2023-04-29 14:00:00,2023,Fukuoka SoftBank Hawks,Hokkaido Nippon-Ham Fighters,1.0,3.0,Final,エスコンＦ,https://npb.jp/games/2023/schedule_04_detail.html
20230429-Tohoku_Rakuten_Golden_Eagles-Saitama_Seibu_Lions,2023-04-29 14:00:00,2023,Tohoku Rakuten Golden Eagles,Saitama Seibu Lions,8.0,2.0,Final,ベルーナドーム,https://npb.jp/games/2023/schedule_04_detail.html
20230429-Yokohama_DeNA_BayStars-Chunichi_Dragons,2023-04-29 14:00:00,2023,Yokohama DeNA BayStars,Chunichi Dragons,7.0,4.0,Final,バンテリンドーム,https://npb.jp/games/2023/schedule_04_detail.html
20230429-Hanshin_Tigers-Tokyo_Yakult_Swallows,2023-04-29 18:00:00,2023,Hanshin Tigers,Tokyo Yakult Swallows,7.0,0.0,Final,神 宮,https://npb.jp/games/2023/schedule_04_detail.html
20230429-Hiroshima_Toyo_Carp-Yomiuri_Giants,2023-04-29 18:00:00,2023,Hiroshima Toyo Carp,Yomiuri Giants,3.0,4.0,Final,東京ドーム,https://npb.jp/games/2023/schedule_04_detail.html
20230430-Chiba_Lotte_Marines-Orix_Buffaloes,2023-04-30 13:00:00,2023,Chiba Lotte Marines,Orix Buffaloes,3.0,4.0,Final,京セラD大阪,https://npb.jp/games/2023/schedule_04_detail.html
20230430-Fukuoka_SoftBank_Hawks-Hokkaido_Nippon-Ham_Fighters,2023-04-30 13:00:00,2023,Fukuoka SoftBank Hawks,Hokkaido Nippon-Ham Fighters,1.0,5.0,Final,エスコンＦ,https://npb.jp/games/2023/schedule_04_detail.html
20230430-Hiroshima_Toyo_Carp-Yomiuri_Giants,2023-04-30 14:00:00,2023,Hiroshima Toyo Carp,Yomiuri Giants,11.0,4.0,Final,東京ドーム,https://npb.jp/games/2023/schedule_04_detail.html
20230430-Tohoku_Rakuten_Golden_Eagles-Saitama_Seibu_Lions,2023-04-30 14:00:00,2023,Tohoku Rakuten Golden Eagles,Saitama Seibu Lions,7.0,6.0,Final,ベルーナドーム,https://npb.jp/games/2023/schedule_04_detail.html
20230430-Yokohama_DeNA_BayStars-Chunichi_Dragons,2023-04-30 14:00:00,2023,Yokohama DeNA BayStars,Chunichi Dragons,2.0,0.0,Final,バンテリンドーム,https://npb.jp/games/2023/schedule_04_detail.html
20230430-Hanshin_Tigers-Tokyo_Yakult_Swallows,2023-04-30 18:00:00,2023,Hanshin Tigers,Tokyo Yakult Swallows,2.0,4.0,Final,神 宮,https://npb.jp/games/2023/schedule_04_detail.html
20230502-Chiba_Lotte_Marines-Tohoku_Rakuten_Golden_Eagles,2023-05-02 18:00:00,2023,Chiba Lotte Marines,Tohoku Rakuten Golden Eagles,1.0,5.0,Final,楽天モバイル,https://npb.jp/games/2023/schedule_05_detail.html
20230502-Chunichi_Dragons-Hanshin_Tigers,2023-05-02 18:00:00,2023,Chunichi Dragons,Hanshin Tigers,3.0,1.0,Final,甲子園,https://npb.jp/games/2023/schedule_05_detail.html
20230502-Hiroshima_Toyo_Carp-Yokohama_DeNA_BayStars,2023-05-02 18:00:00,2023,Hiroshima Toyo Carp,Yokohama DeNA BayStars,6.0,1.0,Final,横 浜,https://npb.jp/games/2023/schedule_05_detail.html
20230502-Hokkaido_Nippon-Ham_Fighters-Saitama_Seibu_Lions,2023-05-02 18:00:00,2023,Hokkaido Nippon-Ham Fighters,Saitama Seibu Lions,7.0,1.0,Final,ベルーナドーム,https://npb.jp/games/2023/schedule_05_detail.html
20230502-Orix_Buffaloes-Fukuoka_SoftBank_Hawks,2023-05-02 18:00:00,2023,Orix Buffaloes,Fukuoka SoftBank Hawks,1.0,0.0,Final,PayPayドーム,https://npb.jp/games/2023/schedule_05_detail.html
20230502-Tokyo_Yakult_Swallows-Yomiuri_Giants,2023-05-02 18:00:00,2023,Tokyo Yakult Swallows,Yomiuri Giants,7.0,5.0,Final,東京ドーム,https://npb.jp/games/2023/schedule_05_detail.html
20230503-Orix_Buffaloes-Fukuoka_SoftBank_Hawks,2023-05-03 13:00:00,2023,Orix Buffaloes,Fukuoka SoftBank Hawks,9.0,4.0,Final,PayPayドーム,https://npb.jp/games/2023/schedule_05_detail.html
20230503-Chiba_Lotte_Marines-Tohoku_Rakuten_Golden_Eagles,2023-05-03 14:00:00,2023,Chiba Lotte Marines,Tohoku Rakuten Golden Eagles,2.0,0.0,Final,楽天モバイル,https://npb.jp/games/2023/schedule_05_detail.html
20230503-Chunichi_Dragons-Hanshin_Tigers,2023-05-03 14:00:00,2023,Chunichi Dragons,Hanshin Tigers,7.0,8.0,Final,甲子園,https://npb.jp/games/2023/schedule_05_detail.html
20230503-Hiroshima_Toyo_Carp-Yokohama_DeNA_BayStars,2023-05-03 14:00:00,2023,Hiroshima Toyo Carp,Yokohama DeNA BayStars,1.0,4.0,Final,横 浜,https://npb.jp/games/2023/schedule_05_detail.html
20230503-Hokkaido_Nippon-Ham_Fighters-Saitama_Seibu_Lions,2023-05-03 14:00:00,2023,Hokkaido Nippon-Ham Fighters,Saitama Seibu Lions,1.0,3.0,Final,ベルーナドーム,https://npb.jp/games/2023/schedule_05_detail.html
20230503-Tokyo_Yakult_Swallows-Yomiuri_Giants,2023-05-03 18:00:00,2023,Tokyo Yakult Swallows,Yomiuri Giants,7.0,8.0,Final,東京ドーム,https://npb.jp/games/2023/schedule_05_detail.html
20230504-Chiba_Lotte_Marines-Tohoku_Rakuten_Golden_Eagles,2023-05-04 13:00:00,2023,Chiba Lotte Marines,Tohoku Rakuten Golden Eagles,0.0,6.0,Final,楽天モバイル,https://npb.jp/games/2023/schedule_05_detail.html
20230504-Hokkaido_Nippon-Ham_Fighters-Saitama_Seibu_Lions,2023-05-04 13:00:00,2023,Hokkaido Nippon-Ham Fighters,Saitama Seibu Lions,1.0,0.0,Final,ベルーナドーム,https://npb.jp/games/2023/schedule_05_detail.html
20230504-Chunichi_Dragons-Hanshin_Tigers,2023-05-04 14:00:00,2023,Chunichi Dragons,Hanshin Tigers,2.0,3.0,Final,甲子園,https://npb.jp/games/2023/schedule_05_detail.html
20230504-Hiroshima_Toyo_Carp-Yokohama_DeNA_BayStars,2023-05-04 14:00:00,2023,Hiroshima Toyo Carp,Yokohama DeNA BayStars,2.0,3.0,Final,横 浜,https://npb.jp/games/2023/schedule_05_detail.html
20230504-Orix_Buffaloes-Fukuoka_SoftBank_Hawks,2023-05-04 14:00:00,2023,Orix Buffaloes,Fukuoka SoftBank Hawks,7.0,8.0,Final,PayPayドーム,https://npb.jp/games/2023/schedule_05_detail.html
20230504-Tokyo_Yakult_Swallows-Yomiuri_Giants,2023-05-04 14:00:00,2023,Tokyo Yakult Swallows,Yomiuri Giants,7.0,8.0,Final,東京ドーム,https://npb.jp/games/2023/schedule_05_detail.html
20230505-Yokohama_DeNA_BayStars-Tokyo_Yakult_Swallows,2023-05-05 14:00:00,2023,Yokohama DeNA BayStars,Tokyo Yakult Swallows,9.0,10.0,Final,神 宮,https://npb.jp/games/2023/schedule_05_detail.html
20230505-Yomiuri_Giants-Chunichi_Dragons,2023-05-05 14:00:00,2023,Yomiuri Giants,Chunichi Dragons,3.0,8.0,Final,バンテリンドーム,https://npb.jp/games/2023/schedule_05_detail.html
20230505-Fukuoka_SoftBank_Hawks-Chiba_Lotte_Marines,2023-05-05 18:00:00,2023,Fukuoka SoftBank Hawks,Chiba Lotte Marines,0.0,0.0,Final,ZOZOマリン,https://npb.jp/games/2023/schedule_05_detail.html
20230505-Hanshin_Tigers-Hiroshima_Toyo_Carp,2023-05-05 18:00:00,2023,Hanshin Tigers,Hiroshima Toyo Carp,5.0,0.0,Final,マツダスタジアム,https://npb.jp/games/2023/schedule_05_detail.html
20230505-Saitama_Seibu_Lions-Orix_Buffaloes,2023-05-05 18:00:00,2023,Saitama Seibu Lions,Orix Buffaloes,0.0,6.0,Final,京セラD大阪,https://npb.jp/games/2023/schedule_05_detail.html
20230505-Tohoku_Rakuten_Golden_Eagles-Hokkaido_Nippon-Ham_Fighters,2023-05-05 18:00:00,2023,Tohoku Rakuten Golden Eagles,Hokkaido Nippon-Ham Fighters,2.0,5.0,Final,エスコンＦ,https://npb.jp/games/2023/schedule_05_detail.html
20230506-Fukuoka_SoftBank_Hawks-Chiba_Lotte_Marines,2023-05-06 14:00:00,2023,Fukuoka SoftBank Hawks,Chiba Lotte Marines,6.0,3.0,Final,ZOZOマリン,https://npb.jp/games/2023/schedule_05_detail.html
20230506-Hanshin_Tigers-Hiroshima_Toyo_Carp,2023-05-06 14:00:00,2023,Hanshin Tigers,Hiroshima Toyo Carp,,,Postponed,マツダスタジアム,https://npb.jp/games/2023/schedule_05_detail.html
20230506-Saitama_Seibu_Lions-Orix_Buffaloes,2023-05-06 14:00:00,2023,Saitama Seibu Lions,Orix Buffaloes,3.0,4.0,Final,京セラD大阪,https://npb.jp/games/2023/schedule_05_detail.html
20230506-Tohoku_Rakuten_Golden_Eagles-Hokkaido_Nippon-Ham_Fighters,2023-05-06 14:00:00,2023,Tohoku Rakuten Golden Eagles,Hokkaido Nippon-Ham Fighters,5.0,0.0,Final,エスコンＦ,https://npb.jp/games/2023/schedule_05_detail.html
20230506-Yomiuri_Giants-Chunichi_Dragons,2023-05-06 14:00:00,2023,Yomiuri Giants,Chunichi Dragons,1.0,2.0,Final,バンテリンドーム,https://npb.jp/games/2023/schedule_05_detail.html
20230506-Yokohama_DeNA_BayStars-Tokyo_Yakult_Swallows,2023-05-06 18:00:00,2023,Yokohama DeNA BayStars,Tokyo Yakult Swallows,17.0,7.0,Final,神 宮,https://npb.jp/games/2023/schedule_05_detail.html
20230507-Saitama_Seibu_Lions-Orix_Buffaloes,2023-05-07 13:00:00,2023,Saitama Seibu Lions,Orix Buffaloes,5.0,4.0,Final,京セラD大阪,https://npb.jp/games/2023/schedule_05_detail.html
20230507-Tohoku_Rakuten_Golden_Eagles-Hokkaido_Nippon-Ham_Fighters,2023-05-07 13:00:00,2023,Tohoku Rakuten Golden Eagles,Hokkaido Nippon-Ham Fighters,2.0,3.0,Final,エスコンＦ,https://npb.jp/games/2023/schedule_05_detail.html
20230507-Hanshin_Tigers-Hiroshima_Toyo_Carp,2023-05-07 13:30:00,2023,Hanshin Tigers,Hiroshima Toyo Carp,,,Postponed,マツダスタジアム,https://npb.jp/games/2023/schedule_05_detail.html
20230507-Fukuoka_SoftBank_Hawks-Chiba_Lotte_Marines,2023-05-07 14:00:00,2023,Fukuoka SoftBank Hawks,Chiba Lotte Marines,,,Postponed,ZOZOマリン,https://npb.jp/games/2023/schedule_05_detail.html
20230507-Yomiuri_Giants-Chunichi_Dragons,2023-05-07 14:00:00,2023,Yomiuri Giants,Chunichi Dragons,1.0,2.0,Final,バンテリンドーム,https://npb.jp/games/2023/schedule_05_detail.html
20230507-Yokohama_DeNA_BayStars-Tokyo_Yakult_Swallows,2023-05-07 18:00:00,2023,Yokohama DeNA BayStars,Tokyo Yakult Swallows,,,Postponed,神 宮,https://npb.jp/games/2023/schedule_05_detail.html
20230509-Chiba_Lotte_Marines-Saitama_Seibu_Lions,2023-05-09 18:00:00,2023,Chiba Lotte Marines,Saitama Seibu Lions,6.0,2.0,Final,ベルーナドーム,https://npb.jp/games/2023/schedule_05_detail.html
20230509-Hiroshima_Toyo_Carp-Chunichi_Dragons,2023-05-09 18:00:00,2023,Hiroshima Toyo Carp,Chunichi Dragons,1.0,0.0,Final,岐 阜,https://npb.jp/games/2023/schedule_05_detail.html
20230509-Hokkaido_Nippon-Ham_Fighters-Fukuoka_SoftBank_Hawks,2023-05-09 18:00:00,2023,Hokkaido Nippon-Ham Fighters,Fukuoka SoftBank Hawks,0.0,1.0,Final,熊 本,https://npb.jp/games/2023/schedule_05_detail.html
20230509-Orix_Buffaloes-Tohoku_Rakuten_Golden_Eagles,2023-05-09 18:00:00,2023,Orix Buffaloes,Tohoku Rakuten Golden Eagles,2.0,0.0,Final,楽天モバイル,https://npb.jp/games/2023/schedule_05_detail.html
20230509-Tokyo_Yakult_Swallows-Hanshin_Tigers,2023-05-09 18:00:00,2023,Tokyo Yakult Swallows,Hanshin Tigers,1.0,0.0,Final,甲子園,https://npb.jp/games/2023/schedule_05_detail.html
20230509-Yomiuri_Giants-Yokohama_DeNA_BayStars,2023-05-09 18:00:00,2023,Yomiuri Giants,Yokohama DeNA BayStars,9.0,2.0,Final,新 潟,https://npb.jp/games/2023/schedule_05_detail.html
20230510-Orix_Buffaloes-Tohoku_Rakuten_Golden_Eagles,2023-05-10 14:00:00,2023,Orix Buffaloes,Tohoku Rakuten Golden Eagles,8.0,2.0,Final,楽天モバイル,https://npb.jp/games/2023/schedule_05_detail.html
20230510-Chiba_Lotte_Marines-Saitama_Seibu_Lions,2023-05-10 18:00:00,2023,Chiba Lotte Marines,Saitama Seibu Lions,3.0,2.0,Final,ベルーナドーム,https://npb.jp/games/2023/schedule_05_detail.html
20230510-Hiroshima_Toyo_Carp-Chunichi_Dragons,2023-05-10 18:00:00,2023,Hiroshima Toyo Carp,Chunichi Dragons,4.0,0.0,Final,バンテリンドーム,https://npb.jp/games/2023/schedule_05_detail.html
20230510-Hokkaido_Nippon-Ham_Fighters-Fukuoka_SoftBank_Hawks,2023-05-10 18:00:00,2023,Hokkaido Nippon-Ham Fighters,Fukuoka SoftBank Hawks,6.0,3.0,Final,PayPayドーム,https://npb.jp/games/2023/schedule_05_detail.html
20230510-Tokyo_Yakult_Swallows-Hanshin_Tigers,2023-05-10 18:00:00,2023,Tokyo Yakult Swallows,Hanshin Tigers,5.0,0.0,Final,甲子園,https://npb.jp/games/2023/schedule_05_detail.html
20230511-Orix_Buffaloes-Tohoku_Rakuten_Golden_Eagles,2023-05-11 14:00:00,2023,Orix Buffaloes,Tohoku Rakuten Golden Eagles,3.0,7.0,Final,楽天モバイル,https://npb.jp/games/2023/schedule_05_detail.html
20230511-Chiba_Lotte_Marines-Saitama_Seibu_Lions,2023-05-11 18:00:00,2023,Chiba Lotte Marines,Saitama Seibu Lions,3.0,0.0,Final,ベルーナドーム,https://npb.jp/games/2023/schedule_05_detail.html
20230511-Hiroshima_Toyo_Carp-Chunichi_Dragons,2023-05-11 18:00:00,2023,Hiroshima Toyo Carp,Chunichi Dragons,3.0,2.0,Final,バンテリンドーム,https://npb.jp/games/2023/schedule_05_detail.html
20230511-Hokkaido_Nippon-Ham_Fighters-Fukuoka_SoftBank_Hawks,2023-05-11 18:00:00,2023,Hokkaido Nippon-Ham Fighters,Fukuoka SoftBank Hawks,3.0,6.0,Final,PayPayドーム,https://npb.jp/games/2023/schedule_05_detail.html
20230511-Tokyo_Yakult_Swallows-Hanshin_Tigers,2023-05-11 18:00:00,2023,Tokyo Yakult Swallows,Hanshin Tigers,1.0,2.0,Final,甲子園,https://npb.jp/games/2023/schedule_05_detail.html
20230511-Yomiuri_Giants-Yokohama_DeNA_BayStars,2023-05-11 18:00:00,2023,Yomiuri Giants,Yokohama DeNA BayStars,4.0,1.0,Final,横 浜,https://npb.jp/games/2023/schedule_05_detail.html
20230512-Chunichi_Dragons-Tokyo_Yakult_Swallows,2023-05-12 18:00:00,2023,Chunichi Dragons,Tokyo Yakult Swallows,7.0,1.0,Final,神 宮,https://npb.jp/games/2023/schedule_05_detail.html
20230512-Fukuoka_SoftBank_Hawks-Orix_Buffaloes,2023-05-12 18:00:00,2023,Fukuoka SoftBank Hawks,Orix Buffaloes,4.0,3.0,Final,京セラD大阪,https://npb.jp/games/2023/schedule_05_detail.html
20230512-Hiroshima_Toyo_Carp-Yomiuri_Giants,2023-05-12 18:00:00,2023,Hiroshima Toyo Carp,Yomiuri Giants,9.0,4.0,Final,東京ドーム,https://npb.jp/games/2023/schedule_05_detail.html
20230512-Tohoku_Rakuten_Golden_Eagles-Saitama_Seibu_Lions,2023-05-12 18:00:00,2023,Tohoku Rakuten Golden Eagles,Saitama Seibu Lions,4.0,4.0,Final,ベルーナドーム,https://npb.jp/games/2023/schedule_05_detail.html
20230512-Yokohama_DeNA_BayStars-Hanshin_Tigers,2023-05-12 18:00:00,2023,Yokohama DeNA BayStars,Hanshin Tigers,3.0,6.0,Final,甲子園,https://npb.jp/games/2023/schedule_05_detail.html
20230513-Chiba_Lotte_Marines-Hokkaido_Nippon-Ham_Fighters,2023-05-13 14:00:00,2023,Chiba Lotte Marines,Hokkaido Nippon-Ham Fighters,0.0,5.0,Final,エスコンＦ,https://npb.jp/games/2023/schedule_05_detail.html
20230513-Hiroshima_Toyo_Carp-Yomiuri_Giants,2023-05-13 14:00:00,2023,Hiroshima Toyo Carp,Yomiuri Giants,4.0,5.0,Final,東京ドーム,https://npb.jp/games/2023/schedule_05_detail.html
20230513-Tohoku_Rakuten_Golden_Eagles-Saitama_Seibu_Lions,2023-05-13 14:00:00,2023,Tohoku Rakuten Golden Eagles,Saitama Seibu Lions,4.0,7.0,Final,ベルーナドーム,https://npb.jp/games/2023/schedule_05_detail.html
20230513-Yokohama_DeNA_BayStars-Hanshin_Tigers,2023-05-13 14:00:00,2023,Yokohama DeNA BayStars,Hanshin Tigers,2.0,7.0,Final,甲子園,https://npb.jp/games/2023/schedule_05_detail.html
20230513-Chunichi_Dragons-Tokyo_Yakult_Swallows,2023-05-13 18:00:00,2023,Chunichi Dragons,Tokyo Yakult Swallows,1.0,4.0,Final,神 宮,https://npb.jp/games/2023/schedule_05_detail.html
20230513-Fukuoka_SoftBank_Hawks-Orix_Buffaloes,2023-05-13 18:00:00,2023,Fukuoka SoftBank Hawks,Orix Buffaloes,3.0,8.0,Final,京セラD大阪,https://npb.jp/games/2023/schedule_05_detail.html
20230514-Chiba_Lotte_Marines-Hokkaido_Nippon-Ham_Fighters,2023-05-14 13:00:00,2023,Chiba Lotte Marines,Hokkaido Nippon-Ham Fighters,5.0,2.0,Final,エスコンＦ,https://npb.jp/games/2023/schedule_05_detail.html
20230514-Fukuoka_SoftBank_Hawks-Orix_Buffaloes,2023-05-14 13:00:00,2023,Fukuoka SoftBank Hawks,Orix Buffaloes,3.0,3.0,Final,京セラD大阪,https://npb.jp/games/2023/schedule_05_detail.html
20230514-Hiroshima_Toyo_Carp-Yomiuri_Giants,2023-05-14 14:00:00,2023,Hiroshima Toyo Carp,Yomiuri Giants,7.0,2.0,Final,東京ドーム,https://npb.jp/games/2023/schedule_05_detail.html
20230514-Tohoku_Rakuten_Golden_Eagles-Saitama_Seibu_Lions,2023-05-14 14:00:00,2023,Tohoku Rakuten Golden Eagles,Saitama Seibu Lions,5.0,0.0,Final,ベルーナドーム,https://npb.jp/games/2023/schedule_05_detail.html
20230514-Yokohama_DeNA_BayStars-Hanshin_Tigers,2023-05-14 14:00:00,2023,Yokohama DeNA BayStars,Hanshin Tigers,7.0,15.0,Final,甲子園,https://npb.jp/games/2023/schedule_05_detail.html
20230514-Chunichi_Dragons-Tokyo_Yakult_Swallows,2023-05-14 18:00:00,2023,Chunichi Dragons,Tokyo Yakult Swallows,5.0,8.0,Final,神 宮,https://npb.jp/games/2023/schedule_05_detail.html
20230516-Fukuoka_SoftBank_Hawks-Tohoku_Rakuten_Golden_Eagles,2023-05-16 18:00:00,2023,Fukuoka SoftBank Hawks,Tohoku Rakuten Golden Eagles,0.0,3.0,Final,盛 岡,https://npb.jp/games/2023/schedule_05_detail.html
20230516-Hanshin_Tigers-Chunichi_Dragons,2023-05-16 18:00:00,2023,Hanshin Tigers,Chunichi Dragons,9.0,4.0,Final,豊 橋,https://npb.jp/games/2023/schedule_05_detail.html
20230516-Hiroshima_Toyo_Carp-Yokohama_DeNA_BayStars,2023-05-16 18:00:00,2023,Hiroshima Toyo Carp,Yokohama DeNA BayStars,7.0,5.0,Final,横 浜,https://npb.jp/games/2023/schedule_05_detail.html
20230516-Orix_Buffaloes-Chiba_Lotte_Marines,2023-05-16 18:00:00,2023,Orix Buffaloes,Chiba Lotte Marines,1.0,1.0,Final,ZOZOマリン,https://npb.jp/games/2023/schedule_05_detail.html
20230516-Saitama_Seibu_Lions-Hokkaido_Nippon-Ham_Fighters,2023-05-16 18:00:00,2023,Saitama Seibu Lions,Hokkaido Nippon-Ham Fighters,4.0,2.0,Final,エスコンＦ,https://npb.jp/games/2023/schedule_05_detail.html
20230516-Yomiuri_Giants-Tokyo_Yakult_Swallows,2023-05-16 18:00:00,2023,Yomiuri Giants,Tokyo Yakult Swallows,9.0,8.0,Final,静 岡,https://npb.jp/games/2023/schedule_05_detail.html
20230517-Fukuoka_SoftBank_Hawks-Tohoku_Rakuten_Golden_Eagles,2023-05-17 18:00:00,2023,Fukuoka SoftBank Hawks,Tohoku Rakuten Golden Eagles,10.0,1.0,Final,山形市,https://npb.jp/games/2023/schedule_05_detail.html
20230517-Hanshin_Tigers-Chunichi_Dragons,2023-05-17 18:00:00,2023,Hanshin Tigers,Chunichi Dragons,3.0,1.0,Final,バンテリンドーム,https://npb.jp/games/2023/schedule_05_detail.html
20230517-Hiroshima_Toyo_Carp-Yokohama_DeNA_BayStars,2023-05-17 18:00:00,2023,Hiroshima Toyo Carp,Yokohama DeNA BayStars,4.0,7.0,Final,横 浜,https://npb.jp/games/2023/schedule_05_detail.html
20230517-Orix_Buffaloes-Chiba_Lotte_Marines,2023-05-17 18:00:00,2023,Orix Buffaloes,Chiba Lotte Marines,3.0,7.0,Final,ZOZOマリン,https://npb.jp/games/2023/schedule_05_detail.html
20230517-Saitama_Seibu_Lions-Hokkaido_Nippon-Ham_Fighters,2023-05-17 18:00:00,2023,Saitama Seibu Lions,Hokkaido Nippon-Ham Fighters,0.0,3.0,Final,エスコンＦ,https://npb.jp/games/2023/schedule_05_detail.html
20230517-Yomiuri_Giants-Tokyo_Yakult_Swallows,2023-05-17 18:00:00,2023,Yomiuri Giants,Tokyo Yakult Swallows,5.0,4.0,Final,神 宮,https://npb.jp/games/2023/schedule_05_detail.html
20230518-Saitama_Seibu_Lions-Hokkaido_Nippon-Ham_Fighters,2023-05-18 13:00:00,2023,Saitama Seibu Lions,Hokkaido Nippon-Ham Fighters,2.0,6.0,Final,エスコンＦ,https://npb.jp/games/2023/schedule_05_detail.html
20230518-Hanshin_Tigers-Chunichi_Dragons,2023-05-18 18:00:00,2023,Hanshin Tigers,Chunichi Dragons,4.0,1.0,Final,バンテリンドーム,https://npb.jp/games/2023/schedule_05_detail.html
20230518-Hiroshima_Toyo_Carp-Yokohama_DeNA_BayStars,2023-05-18 18:00:00,2023,Hiroshima Toyo Carp,Yokohama DeNA BayStars,3.0,13.0,Final,横 浜,https://npb.jp/games/2023/schedule_05_detail.html
20230518-Orix_Buffaloes-Chiba_Lotte_Marines,2023-05-18 18:00:00,2023,Orix Buffaloes,Chiba Lotte Marines,1.0,5.0,Final,ZOZOマリン,https://npb.jp/games/2023/schedule_05_detail.html
20230518-Yomiuri_Giants-Tokyo_Yakult_Swallows,2023-05-18 18:00:00,2023,Yomiuri Giants,Tokyo Yakult Swallows,6.0,3.0,Final,神 宮,https://npb.jp/games/2023/schedule_05_detail.html
20230519-Chiba_Lotte_Marines-Tohoku_Rakuten_Golden_Eagles,2023-05-19 18:00:00,2023,Chiba Lotte Marines,Tohoku Rakuten Golden Eagles,,,Postponed,楽天モバイル,https://npb.jp/games/2023/schedule_05_detail.html
20230519-Hiroshima_Toyo_Carp-Hanshin_Tigers,2023-05-19 18:00:00,2023,Hiroshima Toyo Carp,Hanshin Tigers,10.0,7.0,Final,甲子園,https://npb.jp/games/2023/schedule_05_detail.html
20230519-Hokkaido_Nippon-Ham_Fighters-Orix_Buffaloes,2023-05-19 18:00:00,2023,Hokkaido Nippon-Ham Fighters,Orix Buffaloes,1.0,0.0,Final,京セラD大阪,https://npb.jp/games/2023/schedule_05_detail.html
20230519-Saitama_Seibu_Lions-Fukuoka_SoftBank_Hawks,2023-05-19 18:00:00,2023,Saitama Seibu Lions,Fukuoka SoftBank Hawks,4.0,5.0,Final,PayPayドーム,https://npb.jp/games/2023/schedule_05_detail.html
20230519-Tokyo_Yakult_Swallows-Yokohama_DeNA_BayStars,2023-05-19 18:00:00,2023,Tokyo Yakult Swallows,Yokohama DeNA BayStars,,,Postponed,横 浜,https://npb.jp/games/2023/schedule_05_detail.html
20230520-Chiba_Lotte_Marines-Tohoku_Rakuten_Golden_Eagles,2023-05-20 14:00:00,2023,Chiba Lotte Marines,Tohoku Rakuten Golden Eagles,6.0,1.0,Final,楽天モバイル,https://npb.jp/games/2023/schedule_05_detail.html
20230520-Chunichi_Dragons-Yomiuri_Giants,2023-05-20 14:00:00,2023,Chunichi Dragons,Yomiuri Giants,2.0,6.0,Final,東京ドーム,https://npb.jp/games/2023/schedule_05_detail.html
20230520-Hiroshima_Toyo_Carp-Hanshin_Tigers,2023-05-20 14:00:00,2023,Hiroshima Toyo Carp,Hanshin Tigers,0.0,1.0,Final,甲子園,https://npb.jp/games/2023/schedule_05_detail.html
20230520-Hokkaido_Nippon-Ham_Fighters-Orix_Buffaloes,2023-05-20 14:00:00,2023,Hokkaido Nippon-Ham Fighters,Orix Buffaloes,5.0,3.0,Final,京セラD大阪,https://npb.jp/games/2023/schedule_05_detail.html
20230520-Saitama_Seibu_Lions-Fukuoka_SoftBank_Hawks,2023-05-20 14:00:00,2023,Saitama Seibu Lions,Fukuoka SoftBank Hawks,1.0,0.0,Final,PayPayドーム,https://npb.jp/games/2023/schedule_05_detail.html
20230520-Tokyo_Yakult_Swallows-Yokohama_DeNA_BayStars,2023-05-20 14:00:00,2023,Tokyo Yakult Swallows,Yokohama DeNA BayStars,3.0,5.0,Final,横 浜,https://npb.jp/games/2023/schedule_05_detail.html
20230521-Chiba_Lotte_Marines-Tohoku_Rakuten_Golden_Eagles,2023-05-21 13:00:00,2023,Chiba Lotte Marines,Tohoku Rakuten Golden Eagles,6.0,4.0,Final,楽天モバイル,https://npb.jp/games/2023/schedule_05_detail.html
20230521-Hokkaido_Nippon-Ham_Fighters-Orix_Buffaloes,2023-05-21 13:00:00,2023,Hokkaido Nippon-Ham Fighters,Orix Buffaloes,4.0,10.0,Final,京セラD大阪,https://npb.jp/games/2023/schedule_05_detail.html
20230521-Chunichi_Dragons-Yomiuri_Giants,2023-05-21 14:00:00,2023,Chunichi Dragons,Yomiuri Giants,2.0,5.0,Final,東京ドーム,https://npb.jp/games/2023/schedule_05_detail.html
20230521-Hiroshima_Toyo_Carp-Hanshin_Tigers,2023-05-21 14:00:00,2023,Hiroshima Toyo Carp,Hanshin Tigers,1.0,4.0,Final,甲子園,https://npb.jp/games/2023/schedule_05_detail.html
20230521-Saitama_Seibu_Lions-Fukuoka_SoftBank_Hawks,2023-05-21 14:00:00,2023,Saitama Seibu Lions,Fukuoka SoftBank Hawks,1.0,3.0,Final,PayPayドーム,https://npb.jp/games/2023/schedule_05_detail.html
20230521-Tokyo_Yakult_Swallows-Yokohama_DeNA_BayStars,2023-05-21 14:00:00,2023,Tokyo Yakult Swallows,Yokohama DeNA BayStars,3.0,3.0,Final,横 浜,https://npb.jp/games/2023/schedule_05_detail.html
20230523-Chunichi_Dragons-Hiroshima_Toyo_Carp,2023-05-23 18:00:00,2023,Chunichi Dragons,Hiroshima Toyo Carp,3.0,1.0,Final,マツダスタジアム,https://npb.jp/games/2023/schedule_05_detail.html
20230523-Fukuoka_SoftBank_Hawks-Hokkaido_Nippon-Ham_Fighters,2023-05-23 18:00:00,2023,Fukuoka SoftBank Hawks,Hokkaido Nippon-Ham Fighters,4.0,2.0,Final,エスコンＦ,https://npb.jp/games/2023/schedule_05_detail.html
20230523-Hanshin_Tigers-Tokyo_Yakult_Swallows,2023-05-23 18:00:00,2023,Hanshin Tigers,Tokyo Yakult Swallows,6.0,3.0,Final,神 宮,https://npb.jp/games/2023/schedule_05_detail.html
20230523-Saitama_Seibu_Lions-Chiba_Lotte_Marines,2023-05-23 18:00:00,2023,Saitama Seibu Lions,Chiba Lotte Marines,,,Postponed,ZOZOマリン,https://npb.jp/games/2023/schedule_05_detail.html
20230523-Tohoku_Rakuten_Golden_Eagles-Orix_Buffaloes,2023-05-23 18:00:00,2023,Tohoku Rakuten Golden Eagles,Orix Buffaloes,0.0,8.0,Final,ほっと神戸,https://npb.jp/games/2023/schedule_05_detail.html
20230523-Yokohama_DeNA_BayStars-Yomiuri_Giants,2023-05-23 18:00:00,2023,Yokohama DeNA BayStars,Yomiuri Giants,6.0,3.0,Final,東京ドーム,https://npb.jp/games/2023/schedule_05_detail.html
20230524-Chunichi_Dragons-Hiroshima_Toyo_Carp,2023-05-24 18:00:00,2023,Chunichi Dragons,Hiroshima Toyo Carp,2.0,6.0,Final,マツダスタジアム,https://npb.jp/games/2023/schedule_05_detail.html
20230524-Fukuoka_SoftBank_Hawks-Hokkaido_Nippon-Ham_Fighters,2023-05-24 18:00:00,2023,Fukuoka SoftBank Hawks,Hokkaido Nippon-Ham Fighters,2.0,1.0,Final,エスコンＦ,https://npb.jp/games/2023/schedule_05_detail.html
20230524-Hanshin_Tigers-Tokyo_Yakult_Swallows,2023-05-24 18:00:00,2023,Hanshin Tigers,Tokyo Yakult Swallows,6.0,5.0,Final,神 宮,https://npb.jp/games/2023/schedule_05_detail.html
20230524-Saitama_Seibu_Lions-Chiba_Lotte_Marines,2023-05-24 18:00:00,2023,Saitama Seibu Lions,Chiba Lotte Marines,1.0,11.0,Final,ZOZOマリン,https://npb.jp/games/2023/schedule_05_detail.html
20230524-Tohoku_Rakuten_Golden_Eagles-Orix_Buffaloes,2023-05-24 18:00:00,2023,Tohoku Rakuten Golden Eagles,Orix Buffaloes,5.0,6.0,Final,ほっと神戸,https://npb.jp/games/2023/schedule_05_detail.html
20230524-Yokohama_DeNA_BayStars-Yomiuri_Giants,2023-05-24 18:00:00,2023,Yokohama DeNA BayStars,Yomiuri Giants,0.0,1.0,Final,東京ドーム,https://npb.jp/games/2023/schedule_05_detail.html
20230525-Chunichi_Dragons-Hiroshima_Toyo_Carp,2023-05-25 18:00:00,2023,Chunichi Dragons,Hiroshima Toyo Carp,8.0,2.0,Final,マツダスタジアム,https://npb.jp/games/2023/schedule_05_detail.html
20230525-Fukuoka_SoftBank_Hawks-Hokkaido_Nippon-Ham_Fighters,2023-05-25 18:00:00,2023,Fukuoka SoftBank Hawks,Hokkaido Nippon-Ham Fighters,1.0,5.0,Final,エスコンＦ,https://npb.jp/games/2023/schedule_05_detail.html
20230525-Hanshin_Tigers-Tokyo_Yakult_Swallows,2023-05-25 18:00:00,2023,Hanshin Tigers,Tokyo Yakult Swallows,7.0,4.0,Final,神 宮,https://npb.jp/games/2023/schedule_05_detail.html
20230525-Yokohama_DeNA_BayStars-Yomiuri_Giants,2023-05-25 18:00:00,2023,Yokohama DeNA BayStars,Yomiuri Giants,4.0,5.0,Final,東京ドーム,https://npb.jp/games/2023/schedule_05_detail.html
20230526-Hokkaido_Nippon-Ham_Fighters-Tohoku_Rakuten_Golden_Eagles,2023-05-26 18:00:00,2023,Hokkaido Nippon-Ham Fighters,Tohoku Rakuten Golden Eagles,3.0,4.0,Final,楽天モバイル,https://npb.jp/games/2023/schedule_05_detail.html
20230526-Orix_Buffaloes-Saitama_Seibu_Lions,2023-05-26 18:00:00,2023,Orix Buffaloes,Saitama Seibu Lions,4.0,1.0,Final,ベルーナドーム,https://npb.jp/games/2023/schedule_05_detail.html
20230526-Tokyo_Yakult_Swallows-Hiroshima_Toyo_Carp,2023-05-26 18:00:00,2023,Tokyo Yakult Swallows,Hiroshima Toyo Carp,4.0,6.0,Final,マツダスタジアム,https://npb.jp/games/2023/schedule_05_detail.html
20230526-Yokohama_DeNA_BayStars-Chunichi_Dragons,2023-05-26 18:00:00,2023,Yokohama DeNA BayStars,Chunichi Dragons,0.0,1.0,Final,バンテリンドーム,https://npb.jp/games/2023/schedule_05_detail.html
20230526-Yomiuri_Giants-Hanshin_Tigers,2023-05-26 18:00:00,2023,Yomiuri Giants,Hanshin Tigers,1.0,2.0,Final,甲子園,https://npb.jp/games/2023/schedule_05_detail.html
20230527-Chiba_Lotte_Marines-Fukuoka_SoftBank_Hawks,2023-05-27 14:00:00,2023,Chiba Lotte Marines,Fukuoka SoftBank Hawks,5.0,6.0,Final,PayPayドーム,https://npb.jp/games/2023/schedule_05_detail.html
20230527-Hokkaido_Nippon-Ham_Fighters-Tohoku_Rakuten_Golden_Eagles,2023-05-27 14:00:00,2023,Hokkaido Nippon-Ham Fighters,Tohoku Rakuten Golden Eagles,3.0,1.0,Final,楽天モバイル,https://npb.jp/games/2023/schedule_05_detail.html
20230527-Orix_Buffaloes-Saitama_Seibu_Lions,2023-05-27 14:00:00,2023,Orix Buffaloes,Saitama Seibu Lions,3.0,0.0,Final,ベルーナドーム,https://npb.jp/games/2023/schedule_05_detail.html
20230527-Tokyo_Yakult_Swallows-Hiroshima_Toyo_Carp,2023-05-27 14:00:00,2023,Tokyo Yakult Swallows,Hiroshima Toyo Carp,1.0,4.0,Final,マツダスタジアム,https://npb.jp/games/2023/schedule_05_detail.html
20230527-Yokohama_DeNA_BayStars-Chunichi_Dragons,2023-05-27 14:00:00,2023,Yokohama DeNA BayStars,Chunichi Dragons,2.0,3.0,Final,バンテリンドーム,https://npb.jp/games/2023/schedule_05_detail.html
20230527-Yomiuri_Giants-Hanshin_Tigers,2023-05-27 14:00:00,2023,Yomiuri Giants,Hanshin Tigers,2.0,3.0,Final,甲子園,https://npb.jp/games/2023/schedule_05_detail.html
20230528-Hokkaido_Nippon-Ham_Fighters-Tohoku_Rakuten_Golden_Eagles,2023-05-28 13:00:00,2023,Hokkaido Nippon-Ham Fighters,Tohoku Rakuten Golden Eagles,2.0,3.0,Final,楽天モバイル,https://npb.jp/games/2023/schedule_05_detail.html
20230528-Orix_Buffaloes-Saitama_Seibu_Lions,2023-05-28 13:00:00,2023,Orix Buffaloes,Saitama Seibu Lions,2.0,3.0,Final,ベルーナドーム,https://npb.jp/games/2023/schedule_05_detail.html
20230528-Tokyo_Yakult_Swallows-Hiroshima_Toyo_Carp,2023-05-28 13:30:00,2023,Tokyo Yakult Swallows,Hiroshima Toyo Carp,1.0,3.0,Final,マツダスタジアム,https://npb.jp/games/2023/schedule_05_detail.html
20230528-Chiba_Lotte_Marines-Fukuoka_SoftBank_Hawks,2023-05-28 14:00:00,2023,Chiba Lotte Marines,Fukuoka SoftBank Hawks,9.0,5.0,Final,PayPayドーム,https://npb.jp/games/2023/schedule_05_detail.html
20230528-Yokohama_DeNA_BayStars-Chunichi_Dragons,2023-05-28 14:00:00,2023,Yokohama DeNA BayStars,Chunichi Dragons,3.0,1.0,Final,バンテリンドーム,https://npb.jp/games/2023/schedule_05_detail.html
20230528-Yomiuri_Giants-Hanshin_Tigers,2023-05-28 14:00:00,2023,Yomiuri Giants,Hanshin Tigers,1.0,4.0,Final,甲子園,https://npb.jp/games/2023/schedule_05_detail.html
20230530-Chunichi_Dragons-Fukuoka_SoftBank_Hawks,2023-05-30 18:00:00,2023,Chunichi Dragons,Fukuoka SoftBank Hawks,5.0,13.0,Final,PayPayドーム,https://npb.jp/games/2023/schedule_05_detail.html
20230530-Hanshin_Tigers-Saitama_Seibu_Lions,2023-05-30 18:00:00,2023,Hanshin Tigers,Saitama Seibu Lions,3.0,1.0,Final,ベルーナドーム,https://npb.jp/games/2023/schedule_05_detail.html
20230530-Hiroshima_Toyo_Carp-Orix_Buffaloes,2023-05-30 18:00:00,2023,Hiroshima Toyo Carp,Orix Buffaloes,0.0,4.0,Final,京セラD大阪,https://npb.jp/games/2023/schedule_05_detail.html
20230530-Tokyo_Yakult_Swallows-Hokkaido_Nippon-Ham_Fighters,2023-05-30 18:00:00,2023,Tokyo Yakult Swallows,Hokkaido Nippon-Ham Fighters,1.0,2.0,Final,エスコンＦ,https://npb.jp/games/2023/schedule_05_detail.html
20230530-Yokohama_DeNA_BayStars-Tohoku_Rakuten_Golden_Eagles,2023-05-30 18:00:00,2023,Yokohama DeNA BayStars,Tohoku Rakuten Golden Eagles,3.0,2.0,Final,楽天モバイル,https://npb.jp/games/2023/schedule_05_detail.html
20230530-Yomiuri_Giants-Chiba_Lotte_Marines,2023-05-30 18:00:00,2023,Yomiuri Giants,Chiba Lotte Marines,1.0,2.0,Final,ZOZOマリン,https://npb.jp/games/2023/schedule_05_detail.html
20230531-Chunichi_Dragons-Fukuoka_SoftBank_Hawks,2023-05-31 18:00:00,2023,Chunichi Dragons,Fukuoka SoftBank Hawks,7.0,1.0,Final,PayPayドーム,https://npb.jp/games/2023/schedule_05_detail.html
20230531-Hanshin_Tigers-Saitama_Seibu_Lions,2023-05-31 18:00:00,2023,Hanshin Tigers,Saitama Seibu Lions,0.0,4.0,Final,ベルーナドーム,https://npb.jp/games/2023/schedule_05_detail.html
20230531-Hiroshima_Toyo_Carp-Orix_Buffaloes,2023-05-31 18:00:00,2023,Hiroshima Toyo Carp,Orix Buffaloes,3.0,1.0,Final,京セラD大阪,https://npb.jp/games/2023/schedule_05_detail.html
20230531-Tokyo_Yakult_Swallows-Hokkaido_Nippon-Ham_Fighters,2023-05-31 18:00:00,2023,Tokyo Yakult Swallows,Hokkaido Nippon-Ham Fighters,2.0,5.0,Final,エスコンＦ,https://npb.jp/games/2023/schedule_05_detail.html
20230531-Yokohama_DeNA_BayStars-Tohoku_Rakuten_Golden_Eagles,2023-05-31 18:00:00,2023,Yokohama DeNA BayStars,Tohoku Rakuten Golden Eagles,1.0,3.0,Final,楽天モバイル,https://npb.jp/games/2023/schedule_05_detail.html
20230531-Yomiuri_Giants-Chiba_Lotte_Marines,2023-05-31 18:00:00,2023,Yomiuri Giants,Chiba Lotte Marines,7.0,4.0,Final,ZOZOマリン,https://npb.jp/games/2023/schedule_05_detail.html
20230601-Chunichi_Dragons-Fukuoka_SoftBank_Hawks,2023-06-01 18:00:00,2023,Chunichi Dragons,Fukuoka SoftBank Hawks,6.0,5.0,Final,PayPayドーム,https://npb.jp/games/2023/schedule_06_detail.html
20230601-Hanshin_Tigers-Saitama_Seibu_Lions,2023-06-01 18:00:00,2023,Hanshin Tigers,Saitama Seibu Lions,2.0,4.0,Final,ベルーナドーム,https://npb.jp/games/2023/schedule_06_detail.html
20230601-Hiroshima_Toyo_Carp-Orix_Buffaloes,2023-06-01 18:00:00,2023,Hiroshima Toyo Carp,Orix Buffaloes,2.0,9.0,Final,京セラD大阪,https://npb.jp/games/2023/schedule_06_detail.html
20230601-Tokyo_Yakult_Swallows-Hokkaido_Nippon-Ham_Fighters,2023-06-01 18:00:00,2023,Tokyo Yakult Swallows,Hokkaido Nippon-Ham Fighters,5.0,0.0,Final,エスコンＦ,https://npb.jp/games/2023/schedule_06_detail.html
20230601-Yokohama_DeNA_BayStars-Tohoku_Rakuten_Golden_Eagles,2023-06-01 18:00:00,2023,Yokohama DeNA BayStars,Tohoku Rakuten Golden Eagles,11.0,3.0,Final,楽天モバイル,https://npb.jp/games/2023/schedule_06_detail.html
20230601-Yomiuri_Giants-Chiba_Lotte_Marines,2023-06-01 18:00:00,2023,Yomiuri Giants,Chiba Lotte Marines,3.0,2.0,Final,ZOZOマリン,https://npb.jp/games/2023/schedule_06_detail.html
20230602-Chiba_Lotte_Marines-Hanshin_Tigers,2023-06-02 18:00:00,2023,Chiba Lotte Marines,Hanshin Tigers,,,Postponed,甲子園,https://npb.jp/games/2023/schedule_06_detail.html
20230602-Fukuoka_SoftBank_Hawks-Hiroshima_Toyo_Carp,2023-06-02 18:00:00,2023,Fukuoka SoftBank Hawks,Hiroshima Toyo Carp,5.0,1.0,Final,マツダスタジアム,https://npb.jp/games/2023/schedule_06_detail.html
20230602-Hokkaido_Nippon-Ham_Fighters-Yomiuri_Giants,2023-06-02 18:00:00,2023,Hokkaido Nippon-Ham Fighters,Yomiuri Giants,8.0,2.0,Final,東京ドーム,https://npb.jp/games/2023/schedule_06_detail.html
20230602-Orix_Buffaloes-Chunichi_Dragons,2023-06-02 18:00:00,2023,Orix Buffaloes,Chunichi Dragons,1.0,2.0,Final,バンテリンドーム,https://npb.jp/games/2023/schedule_06_detail.html
20230602-Saitama_Seibu_Lions-Yokohama_DeNA_BayStars,2023-06-02 18:00:00,2023,Saitama Seibu Lions,Yokohama DeNA BayStars,,,Postponed,横 浜,https://npb.jp/games/2023/schedule_06_detail.html
20230602-Tohoku_Rakuten_Golden_Eagles-Tokyo_Yakult_Swallows,2023-06-02 18:00:00,2023,Tohoku Rakuten Golden Eagles,Tokyo Yakult Swallows,,,Postponed,神 宮,https://npb.jp/games/2023/schedule_06_detail.html
20230603-Fukuoka_SoftBank_Hawks-Hiroshima_Toyo_Carp,2023-06-03 14:00:00,2023,Fukuoka SoftBank Hawks,Hiroshima Toyo Carp,2.0,4.0,Final,マツダスタジアム,https://npb.jp/games/2023/schedule_06_detail.html
20230603-Hokkaido_Nippon-Ham_Fighters-Yomiuri_Giants,2023-06-03 14:00:00,2023,Hokkaido Nippon-Ham Fighters,Yomiuri Giants,2.0,3.0,Final,東京ドーム,https://npb.jp/games/2023/schedule_06_detail.html
20230603-Orix_Buffaloes-Chunichi_Dragons,2023-06-03 14:00:00,2023,Orix Buffaloes,Chunichi Dragons,5.0,1.0,Final,バンテリンドーム,https://npb.jp/games/2023/schedule_06_detail.html
20230603-Saitama_Seibu_Lions-Yokohama_DeNA_BayStars,2023-06-03 14:00:00,2023,Saitama Seibu Lions,Yokohama DeNA BayStars,2.0,6.0,Final,横 浜,https://npb.jp/games/2023/schedule_06_detail.html
20230603-Tohoku_Rakuten_Golden_Eagles-Tokyo_Yakult_Swallows,2023-06-03 14:00:00,2023,Tohoku Rakuten Golden Eagles,Tokyo Yakult Swallows,5.0,9.0,Final,神 宮,https://npb.jp/games/2023/schedule_06_detail.html
20230603-Chiba_Lotte_Marines-Hanshin_Tigers,2023-06-03 18:00:00,2023,Chiba Lotte Marines,Hanshin Tigers,5.0,6.0,Final,甲子園,https://npb.jp/games/2023/schedule_06_detail.html
20230604-Fukuoka_SoftBank_Hawks-Hiroshima_Toyo_Carp,2023-06-04 13:30:00,2023,Fukuoka SoftBank Hawks,Hiroshima Toyo Carp,3.0,2.0,Final,マツダスタジアム,https://npb.jp/games/2023/schedule_06_detail.html
20230604-Tohoku_Rakuten_Golden_Eagles-Tokyo_Yakult_Swallows,2023-06-04 13:30:00,2023,Tohoku Rakuten Golden Eagles,Tokyo Yakult Swallows,2.0,5.0,Final,神 宮,https://npb.jp/games/2023/schedule_06_detail.html
20230604-Chiba_Lotte_Marines-Hanshin_Tigers,2023-06-04 14:00:00,2023,Chiba Lotte Marines,Hanshin Tigers,0.0,2.0,Final,甲子園,https://npb.jp/games/2023/schedule_06_detail.html
20230604-Hokkaido_Nippon-Ham_Fighters-Yomiuri_Giants,2023-06-04 14:00:00,2023,Hokkaido Nippon-Ham Fighters,Yomiuri Giants,10.0,3.0,Final,東京ドーム,https://npb.jp/games/2023/schedule_06_detail.html
20230604-Orix_Buffaloes-Chunichi_Dragons,2023-06-04 14:00:00,2023,Orix Buffaloes,Chunichi Dragons,5.0,0.0,Final,バンテリンドーム,https://npb.jp/games/2023/schedule_06_detail.html
20230604-Saitama_Seibu_Lions-Yokohama_DeNA_BayStars,2023-06-04 14:00:00,2023,Saitama Seibu Lions,Yokohama DeNA BayStars,4.0,5.0,Final,横 浜,https://npb.jp/games/2023/schedule_06_detail.html
20230605-Chiba_Lotte_Marines-Hanshin_Tigers,2023-06-05 18:00:00,2023,Chiba Lotte Marines,Hanshin Tigers,7.0,7.0,Final,甲子園,https://npb.jp/games/2023/schedule_06_detail.html
20230605-Saitama_Seibu_Lions-Yokohama_DeNA_BayStars,2023-06-05 18:00:00,2023,Saitama Seibu Lions,Yokohama DeNA BayStars,6.0,4.0,Final,横 浜,https://npb.jp/games/2023/schedule_06_detail.html
20230606-Chunichi_Dragons-Saitama_Seibu_Lions,2023-06-06 18:00:00,2023,Chunichi Dragons,Saitama Seibu Lions,2.0,1.0,Final,県営大宮,https://npb.jp/games/2023/schedule_06_detail.html
20230606-Hanshin_Tigers-Tohoku_Rakuten_Golden_Eagles,2023-06-06 18:00:00,2023,Hanshin Tigers,Tohoku Rakuten Golden Eagles,1.0,4.0,Final,楽天モバイル,https://npb.jp/games/2023/schedule_06_detail.html
20230606-Hiroshima_Toyo_Carp-Hokkaido_Nippon-Ham_Fighters,2023-06-06 18:00:00,2023,Hiroshima Toyo Carp,Hokkaido Nippon-Ham Fighters,3.0,2.0,Final,エスコンＦ,https://npb.jp/games/2023/schedule_06_detail.html
20230606-Tokyo_Yakult_Swallows-Chiba_Lotte_Marines,2023-06-06 18:00:00,2023,Tokyo Yakult Swallows,Chiba Lotte Marines,10.0,3.0,Final,ZOZOマリン,https://npb.jp/games/2023/schedule_06_detail.html
20230606-Yokohama_DeNA_BayStars-Fukuoka_SoftBank_Hawks,2023-06-06 18:00:00,2023,Yokohama DeNA BayStars,Fukuoka SoftBank Hawks,1.0,2.0,Final,PayPayドーム,https://npb.jp/games/2023/schedule_06_detail.html
20230606-Yomiuri_Giants-Orix_Buffaloes,2023-06-06 18:00:00,2023,Yomiuri Giants,Orix Buffaloes,1.0,2.0,Final,京セラD大阪,https://npb.jp/games/2023/schedule_06_detail.html
20230607-Chunichi_Dragons-Saitama_Seibu_Lions,2023-06-07 18:00:00,2023,Chunichi Dragons,Saitama Seibu Lions,1.0,2.0,Final,ベルーナドーム,https://npb.jp/games/2023/schedule_06_detail.html
20230607-Hanshin_Tigers-Tohoku_Rakuten_Golden_Eagles,2023-06-07 18:00:00,2023,Hanshin Tigers,Tohoku Rakuten Golden Eagles,11.0,3.0,Final,楽天モバイル,https://npb.jp/games/2023/schedule_06_detail.html
20230607-Hiroshima_Toyo_Carp-Hokkaido_Nippon-Ham_Fighters,2023-06-07 18:00:00,2023,Hiroshima Toyo Carp,Hokkaido Nippon-Ham Fighters,1.0,0.0,Final,エスコンＦ,https://npb.jp/games/2023/schedule_06_detail.html
20230607-Tokyo_Yakult_Swallows-Chiba_Lotte_Marines,2023-06-07 18:00:00,2023,Tokyo Yakult Swallows,Chiba Lotte Marines,0.0,6.0,Final,ZOZOマリン,https://npb.jp/games/2023/schedule_06_detail.html
20230607-Yokohama_DeNA_BayStars-Fukuoka_SoftBank_Hawks,2023-06-07 18:00:00,2023,Yokohama DeNA BayStars,Fukuoka SoftBank Hawks,0.0,4.0,Final,PayPayドーム,https://npb.jp/games/2023/schedule_06_detail.html
20230607-Yomiuri_Giants-Orix_Buffaloes,2023-06-07 18:00:00,2023,Yomiuri Giants,Orix Buffaloes,10.0,0.0,Final,京セラD大阪,https://npb.jp/games/2023/schedule_06_detail.html
20230608-Chunichi_Dragons-Saitama_Seibu_Lions,2023-06-08 18:00:00,2023,Chunichi Dragons,Saitama Seibu Lions,8.0,2.0,Final,ベルーナドーム,https://npb.jp/games/2023/schedule_06_detail.html
20230608-Hanshin_Tigers-Tohoku_Rakuten_Golden_Eagles,2023-06-08 18:00:00,2023,Hanshin Tigers,Tohoku Rakuten Golden Eagles,4.0,6.0,Final,楽天モバイル,https://npb.jp/games/2023/schedule_06_detail.html
20230608-Hiroshima_Toyo_Carp-Hokkaido_Nippon-Ham_Fighters,2023-06-08 18:00:00,2023,Hiroshima Toyo Carp,Hokkaido Nippon-Ham Fighters,7.0,2.0,Final,エスコンＦ,https://npb.jp/games/2023/schedule_06_detail.html
20230608-Tokyo_Yakult_Swallows-Chiba_Lotte_Marines,2023-06-08 18:00:00,2023,Tokyo Yakult Swallows,Chiba Lotte Marines,2.0,3.0,Final,ZOZOマリン,https://npb.jp/games/2023/schedule_06_detail.html
20230608-Yokohama_DeNA_BayStars-Fukuoka_SoftBank_Hawks,2023-06-08 18:00:00,2023,Yokohama DeNA BayStars,Fukuoka SoftBank Hawks,6.0,5.0,Final,PayPayドーム,https://npb.jp/games/2023/schedule_06_detail.html
20230608-Yomiuri_Giants-Orix_Buffaloes,2023-06-08 18:00:00,2023,Yomiuri Giants,Orix Buffaloes,6.0,0.0,Final,京セラD大阪,https://npb.jp/games/2023/schedule_06_detail.html
20230609-Chunichi_Dragons-Tohoku_Rakuten_Golden_Eagles,2023-06-09 18:00:00,2023,Chunichi Dragons,Tohoku Rakuten Golden Eagles,4.0,5.0,Final,楽天モバイル,https://npb.jp/games/2023/schedule_06_detail.html
20230609-Hanshin_Tigers-Hokkaido_Nippon-Ham_Fighters,2023-06-09 18:00:00,2023,Hanshin Tigers,Hokkaido Nippon-Ham Fighters,0.0,4.0,Final,エスコンＦ,https://npb.jp/games/2023/schedule_06_detail.html
20230609-Hiroshima_Toyo_Carp-Chiba_Lotte_Marines,2023-06-09 18:00:00,2023,Hiroshima Toyo Carp,Chiba Lotte Marines,3.0,2.0,Final,ZOZOマリン,https://npb.jp/games/2023/schedule_06_detail.html
20230609-Tokyo_Yakult_Swallows-Saitama_Seibu_Lions,2023-06-09 18:00:00,2023,Tokyo Yakult Swallows,Saitama Seibu Lions,1.0,2.0,Final,ベルーナドーム,https://npb.jp/games/2023/schedule_06_detail.html
20230609-Yokohama_DeNA_BayStars-Orix_Buffaloes,2023-06-09 18:00:00,2023,Yokohama DeNA BayStars,Orix Buffaloes,4.0,2.0,Final,京セラD大阪,https://npb.jp/games/2023/schedule_06_detail.html
20230609-Yomiuri_Giants-Fukuoka_SoftBank_Hawks,2023-06-09 18:00:00,2023,Yomiuri Giants,Fukuoka SoftBank Hawks,1.0,5.0,Final,PayPayドーム,https://npb.jp/games/2023/schedule_06_detail.html
20230610-Chunichi_Dragons-Tohoku_Rakuten_Golden_Eagles,2023-06-10 14:00:00,2023,Chunichi Dragons,Tohoku Rakuten Golden Eagles,0.0,1.0,Final,楽天モバイル,https://npb.jp/games/2023/schedule_06_detail.html
20230610-Hanshin_Tigers-Hokkaido_Nippon-Ham_Fighters,2023-06-10 14:00:00,2023,Hanshin Tigers,Hokkaido Nippon-Ham Fighters,3.0,4.0,Final,エスコンＦ,https://npb.jp/games/2023/schedule_06_detail.html
20230610-Hiroshima_Toyo_Carp-Chiba_Lotte_Marines,2023-06-10 14:00:00,2023,Hiroshima Toyo Carp,Chiba Lotte Marines,4.0,5.0,Final,ZOZOマリン,https://npb.jp/games/2023/schedule_06_detail.html
20230610-Tokyo_Yakult_Swallows-Saitama_Seibu_Lions,2023-06-10 14:00:00,2023,Tokyo Yakult Swallows,Saitama Seibu Lions,2.0,0.0,Final,ベルーナドーム,https://npb.jp/games/2023/schedule_06_detail.html
20230610-Yokohama_DeNA_BayStars-Orix_Buffaloes,2023-06-10 14:00:00,2023,Yokohama DeNA BayStars,Orix Buffaloes,3.0,7.0,Final,京セラD大阪,https://npb.jp/games/2023/schedule_06_detail.html
20230610-Yomiuri_Giants-Fukuoka_SoftBank_Hawks,2023-06-10 14:00:00,2023,Yomiuri Giants,Fukuoka SoftBank Hawks,10.0,6.0,Final,PayPayドーム,https://npb.jp/games/2023/schedule_06_detail.html
20230611-Chunichi_Dragons-Tohoku_Rakuten_Golden_Eagles,2023-06-11 13:00:00,2023,Chunichi Dragons,Tohoku Rakuten Golden Eagles,,,Postponed,楽天モバイル,https://npb.jp/games/2023/schedule_06_detail.html
20230611-Hanshin_Tigers-Hokkaido_Nippon-Ham_Fighters,2023-06-11 13:00:00,2023,Hanshin Tigers,Hokkaido Nippon-Ham Fighters,1.0,0.0,Final,エスコンＦ,https://npb.jp/games/2023/schedule_06_detail.html
20230611-Tokyo_Yakult_Swallows-Saitama_Seibu_Lions,2023-06-11 13:00:00,2023,Tokyo Yakult Swallows,Saitama Seibu Lions,3.0,2.0,Final,ベルーナドーム,https://npb.jp/games/2023/schedule_06_detail.html
20230611-Yokohama_DeNA_BayStars-Orix_Buffaloes,2023-06-11 13:00:00,2023,Yokohama DeNA BayStars,Orix Buffaloes,8.0,4.0,Final,京セラD大阪,https://npb.jp/games/2023/schedule_06_detail.html
20230611-Yomiuri_Giants-Fukuoka_SoftBank_Hawks,2023-06-11 13:00:00,2023,Yomiuri Giants,Fukuoka SoftBank Hawks,4.0,2.0,Final,PayPayドーム,https://npb.jp/games/2023/schedule_06_detail.html
20230611-Hiroshima_Toyo_Carp-Chiba_Lotte_Marines,2023-06-11 14:00:00,2023,Hiroshima Toyo Carp,Chiba Lotte Marines,5.0,6.0,Final,ZOZOマリン,https://npb.jp/games/2023/schedule_06_detail.html
20230613-Chiba_Lotte_Marines-Chunichi_Dragons,2023-06-13 18:00:00,2023,Chiba Lotte Marines,Chunichi Dragons,0.0,7.0,Final,バンテリンドーム,https://npb.jp/games/2023/schedule_06_detail.html
20230613-Fukuoka_SoftBank_Hawks-Tokyo_Yakult_Swallows,2023-06-13 18:00:00,2023,Fukuoka SoftBank Hawks,Tokyo Yakult Swallows,5.0,1.0,Final,神 宮,https://npb.jp/games/2023/schedule_06_detail.html
20230613-Hokkaido_Nippon-Ham_Fighters-Yokohama_DeNA_BayStars,2023-06-13 18:00:00,2023,Hokkaido Nippon-Ham Fighters,Yokohama DeNA BayStars,3.0,5.0,Final,横 浜,https://npb.jp/games/2023/schedule_06_detail.html
20230613-Orix_Buffaloes-Hanshin_Tigers,2023-06-13 18:00:00,2023,Orix Buffaloes,Hanshin Tigers,2.0,0.0,Final,甲子園,https://npb.jp/games/2023/schedule_06_detail.html
20230613-Saitama_Seibu_Lions-Yomiuri_Giants,2023-06-13 18:00:00,2023,Saitama Seibu Lions,Yomiuri Giants,0.0,3.0,Final,東京ドーム,https://npb.jp/games/2023/schedule_06_detail.html
20230613-Tohoku_Rakuten_Golden_Eagles-Hiroshima_Toyo_Carp,2023-06-13 18:00:00,2023,Tohoku Rakuten Golden Eagles,Hiroshima Toyo Carp,6.0,3.0,Final,マツダスタジアム,https://npb.jp/games/2023/schedule_06_detail.html
20230614-Chiba_Lotte_Marines-Chunichi_Dragons,2023-06-14 18:00:00,2023,Chiba Lotte Marines,Chunichi Dragons,2.0,1.0,Final,バンテリンドーム,https://npb.jp/games/2023/schedule_06_detail.html
20230614-Fukuoka_SoftBank_Hawks-Tokyo_Yakult_Swallows,2023-06-14 18:00:00,2023,Fukuoka SoftBank Hawks,Tokyo Yakult Swallows,3.0,2.0,Final,神 宮,https://npb.jp/games/2023/schedule_06_detail.html
20230614-Hokkaido_Nippon-Ham_Fighters-Yokohama_DeNA_BayStars,2023-06-14 18:00:00,2023,Hokkaido Nippon-Ham Fighters,Yokohama DeNA BayStars,1.0,2.0,Final,横 浜,https://npb.jp/games/2023/schedule_06_detail.html
20230614-Orix_Buffaloes-Hanshin_Tigers,2023-06-14 18:00:00,2023,Orix Buffaloes,Hanshin Tigers,3.0,8.0,Final,甲子園,https://npb.jp/games/2023/schedule_06_detail.html
20230614-Saitama_Seibu_Lions-Yomiuri_Giants,2023-06-14 18:00:00,2023,Saitama Seibu Lions,Yomiuri Giants,1.0,7.0,Final,東京ドーム,https://npb.jp/games/2023/schedule_06_detail.html
20230614-Tohoku_Rakuten_Golden_Eagles-Hiroshima_Toyo_Carp,2023-06-14 18:00:00,2023,Tohoku Rakuten Golden Eagles,Hiroshima Toyo Carp,3.0,4.0,Final,マツダスタジアム,https://npb.jp/games/2023/schedule_06_detail.html
20230615-Chiba_Lotte_Marines-Chunichi_Dragons,2023-06-15 18:00:00,2023,Chiba Lotte Marines,Chunichi Dragons,1.0,1.0,Final,バンテリンドーム,https://npb.jp/games/2023/schedule_06_detail.html
20230615-Fukuoka_SoftBank_Hawks-Tokyo_Yakult_Swallows,2023-06-15 18:00:00,2023,Fukuoka SoftBank Hawks,Tokyo Yakult Swallows,9.0,7.0,Final,神 宮,https://npb.jp/games/2023/schedule_06_detail.html
20230615-Hokkaido_Nippon-Ham_Fighters-Yokohama_DeNA_BayStars,2023-06-15 18:00:00,2023,Hokkaido Nippon-Ham Fighters,Yokohama DeNA BayStars,,,Postponed,横 浜,https://npb.jp/games/2023/schedule_06_detail.html
20230615-Orix_Buffaloes-Hanshin_Tigers,2023-06-15 18:00:00,2023,Orix Buffaloes,Hanshin Tigers,3.0,2.0,Final,甲子園,https://npb.jp/games/2023/schedule_06_detail.html
20230615-Saitama_Seibu_Lions-Yomiuri_Giants,2023-06-15 18:00:00,2023,Saitama Seibu Lions,Yomiuri Giants,2.0,3.0,Final,東京ドーム,https://npb.jp/games/2023/schedule_06_detail.html
20230615-Tohoku_Rakuten_Golden_Eagles-Hiroshima_Toyo_Carp,2023-06-15 18:00:00,2023,Tohoku Rakuten Golden Eagles,Hiroshima Toyo Carp,11.0,7.0,Final,マツダスタジアム,https://npb.jp/games/2023/schedule_06_detail.html
20230616-Chiba_Lotte_Marines-Yokohama_DeNA_BayStars,2023-06-16 18:00:00,2023,Chiba Lotte Marines,Yokohama DeNA BayStars,5.0,2.0,Final,横 浜,https://npb.jp/games/2023/schedule_06_detail.html
20230616-Fukuoka_SoftBank_Hawks-Hanshin_Tigers,2023-06-16 18:00:00,2023,Fukuoka SoftBank Hawks,Hanshin Tigers,1.0,4.0,Final,甲子園,https://npb.jp/games/2023/schedule_06_detail.html
20230616-Hokkaido_Nippon-Ham_Fighters-Chunichi_Dragons,2023-06-16 18:00:00,2023,Hokkaido Nippon-Ham Fighters,Chunichi Dragons,2.0,1.0,Final,バンテリンドーム,https://npb.jp/games/2023/schedule_06_detail.html
20230616-Orix_Buffaloes-Tokyo_Yakult_Swallows,2023-06-16 18:00:00,2023,Orix Buffaloes,Tokyo Yakult Swallows,4.0,1.0,Final,神 宮,https://npb.jp/games/2023/schedule_06_detail.html
20230616-Saitama_Seibu_Lions-Hiroshima_Toyo_Carp,2023-06-16 18:00:00,2023,Saitama Seibu Lions,Hiroshima Toyo Carp,0.0,2.0,Final,マツダスタジアム,https://npb.jp/games/2023/schedule_06_detail.html
20230616-Tohoku_Rakuten_Golden_Eagles-Yomiuri_Giants,2023-06-16 18:00:00,2023,Tohoku Rakuten Golden Eagles,Yomiuri Giants,5.0,6.0,Final,東京ドーム,https://npb.jp/games/2023/schedule_06_detail.html
20230617-Chiba_Lotte_Marines-Yokohama_DeNA_BayStars,2023-06-17 14:00:00,2023,Chiba Lotte Marines,Yokohama DeNA BayStars,1.0,10.0,Final,横 浜,https://npb.jp/games/2023/schedule_06_detail.html
20230617-Fukuoka_SoftBank_Hawks-Hanshin_Tigers,2023-06-17 14:00:00,2023,Fukuoka SoftBank Hawks,Hanshin Tigers,6.0,4.0,Final,甲子園,https://npb.jp/games/2023/schedule_06_detail.html
20230617-Hokkaido_Nippon-Ham_Fighters-Chunichi_Dragons,2023-06-17 14:00:00,2023,Hokkaido Nippon-Ham Fighters,Chunichi Dragons,6.0,3.0,Final,バンテリンドーム,https://npb.jp/games/2023/schedule_06_detail.html
20230617-Orix_Buffaloes-Tokyo_Yakult_Swallows,2023-06-17 14:00:00,2023,Orix Buffaloes,Tokyo Yakult Swallows,8.0,5.0,Final,神 宮,https://npb.jp/games/2023/schedule_06_detail.html
20230617-Saitama_Seibu_Lions-Hiroshima_Toyo_Carp,2023-06-17 14:00:00,2023,Saitama Seibu Lions,Hiroshima Toyo Carp,4.0,6.0,Final,マツダスタジアム,https://npb.jp/games/2023/schedule_06_detail.html
20230617-Tohoku_Rakuten_Golden_Eagles-Yomiuri_Giants,2023-06-17 14:00:00,2023,Tohoku Rakuten Golden Eagles,Yomiuri Giants,2.0,1.0,Final,東京ドーム,https://npb.jp/games/2023/schedule_06_detail.html
20230618-Tohoku_Rakuten_Golden_Eagles-Yomiuri_Giants,2023-06-18 13:00:00,2023,Tohoku Rakuten Golden Eagles,Yomiuri Giants,2.0,1.0,Final,東京ドーム,https://npb.jp/games/2023/schedule_06_detail.html
20230618-Orix_Buffaloes-Tokyo_Yakult_Swallows,2023-06-18 13:30:00,2023,Orix Buffaloes,Tokyo Yakult Swallows,6.0,0.0,Final,神 宮,https://npb.jp/games/2023/schedule_06_detail.html
20230618-Saitama_Seibu_Lions-Hiroshima_Toyo_Carp,2023-06-18 13:30:00,2023,Saitama Seibu Lions,Hiroshima Toyo Carp,11.0,4.0,Final,マツダスタジアム,https://npb.jp/games/2023/schedule_06_detail.html
20230618-Chiba_Lotte_Marines-Yokohama_DeNA_BayStars,2023-06-18 14:00:00,2023,Chiba Lotte Marines,Yokohama DeNA BayStars,1.0,6.0,Final,横 浜,https://npb.jp/games/2023/schedule_06_detail.html
20230618-Fukuoka_SoftBank_Hawks-Hanshin_Tigers,2023-06-18 14:00:00,2023,Fukuoka SoftBank Hawks,Hanshin Tigers,9.0,0.0,Final,甲子園,https://npb.jp/games/2023/schedule_06_detail.html
20230618-Hokkaido_Nippon-Ham_Fighters-Chunichi_Dragons,2023-06-18 14:00:00,2023,Hokkaido Nippon-Ham Fighters,Chunichi Dragons,4.0,0.0,Final,バンテリンドーム,https://npb.jp/games/2023/schedule_06_detail.html
20230619-Hokkaido_Nippon-Ham_Fighters-Yokohama_DeNA_BayStars,2023-06-19 18:00:00,2023,Hokkaido Nippon-Ham Fighters,Yokohama DeNA BayStars,4.0,3.0,Final,横 浜,https://npb.jp/games/2023/schedule_06_detail.html
20230620-Tohoku_Rakuten_Golden_Eagles-Tokyo_Yakult_Swallows,2023-06-20 18:00:00,2023,Tohoku Rakuten Golden Eagles,Tokyo Yakult Swallows,0.0,13.0,Final,神 宮,https://npb.jp/games/2023/schedule_06_detail.html
20230621-Chunichi_Dragons-Tohoku_Rakuten_Golden_Eagles,2023-06-21 18:00:00,2023,Chunichi Dragons,Tohoku Rakuten Golden Eagles,5.0,2.0,Final,楽天モバイル,https://npb.jp/games/2023/schedule_06_detail.html
20230623-Hanshin_Tigers-Yokohama_DeNA_BayStars,2023-06-23 18:00:00,2023,Hanshin Tigers,Yokohama DeNA BayStars,1.0,3.0,Final,横 浜,https://npb.jp/games/2023/schedule_06_detail.html
20230623-Hokkaido_Nippon-Ham_Fighters-Chiba_Lotte_Marines,2023-06-23 18:00:00,2023,Hokkaido Nippon-Ham Fighters,Chiba Lotte Marines,5.0,3.0,Final,ZOZOマリン,https://npb.jp/games/2023/schedule_06_detail.html
20230623-Orix_Buffaloes-Fukuoka_SoftBank_Hawks,2023-06-23 18:00:00,2023,Orix Buffaloes,Fukuoka SoftBank Hawks,1.0,7.0,Final,PayPayドーム,https://npb.jp/games/2023/schedule_06_detail.html
20230623-Saitama_Seibu_Lions-Tohoku_Rakuten_Golden_Eagles,2023-06-23 18:00:00,2023,Saitama Seibu Lions,Tohoku Rakuten Golden Eagles,5.0,4.0,Final,楽天モバイル,https://npb.jp/games/2023/schedule_06_detail.html
20230623-Tokyo_Yakult_Swallows-Chunichi_Dragons,2023-06-23 18:00:00,2023,Tokyo Yakult Swallows,Chunichi Dragons,4.0,0.0,Final,バンテリンドーム,https://npb.jp/games/2023/schedule_06_detail.html
20230623-Yomiuri_Giants-Hiroshima_Toyo_Carp,2023-06-23 18:00:00,2023,Yomiuri Giants,Hiroshima Toyo Carp,5.0,3.0,Final,マツダスタジアム,https://npb.jp/games/2023/schedule_06_detail.html
20230624-Hanshin_Tigers-Yokohama_DeNA_BayStars,2023-06-24 14:00:00,2023,Hanshin Tigers,Yokohama DeNA BayStars,0.0,2.0,Final,横 浜,https://npb.jp/games/2023/schedule_06_detail.html
20230624-Hokkaido_Nippon-Ham_Fighters-Chiba_Lotte_Marines,2023-06-24 14:00:00,2023,Hokkaido Nippon-Ham Fighters,Chiba Lotte Marines,4.0,5.0,Final,ZOZOマリン,https://npb.jp/games/2023/schedule_06_detail.html
20230624-Orix_Buffaloes-Fukuoka_SoftBank_Hawks,2023-06-24 14:00:00,2023,Orix Buffaloes,Fukuoka SoftBank Hawks,2.0,3.0,Final,PayPayドーム,https://npb.jp/games/2023/schedule_06_detail.html
20230624-Saitama_Seibu_Lions-Tohoku_Rakuten_Golden_Eagles,2023-06-24 14:00:00,2023,Saitama Seibu Lions,Tohoku Rakuten Golden Eagles,1.0,0.0,Final,楽天モバイル,https://npb.jp/games/2023/schedule_06_detail.html
20230624-Tokyo_Yakult_Swallows-Chunichi_Dragons,2023-06-24 14:00:00,2023,Tokyo Yakult Swallows,Chunichi Dragons,1.0,3.0,Final,バンテリンドーム,https://npb.jp/games/2023/schedule_06_detail.html
20230624-Yomiuri_Giants-Hiroshima_Toyo_Carp,2023-06-24 14:00:00,2023,Yomiuri Giants,Hiroshima Toyo Carp,1.0,3.0,Final,マツダスタジアム,https://npb.jp/games/2023/schedule_06_detail.html
20230625-Orix_Buffaloes-Fukuoka_SoftBank_Hawks,2023-06-25 13:00:00,2023,Orix Buffaloes,Fukuoka SoftBank Hawks,4.0,2.0,Final,PayPayドーム,https://npb.jp/games/2023/schedule_06_detail.html
20230625-Saitama_Seibu_Lions-Tohoku_Rakuten_Golden_Eagles,2023-06-25 13:00:00,2023,Saitama Seibu Lions,Tohoku Rakuten Golden Eagles,5.0,2.0,Final,楽天モバイル,https://npb.jp/games/2023/schedule_06_detail.html
20230625-Yomiuri_Giants-Hiroshima_Toyo_Carp,2023-06-25 13:30:00,2023,Yomiuri Giants,Hiroshima Toyo Carp,2.0,3.0,Final,マツダスタジアム,https://npb.jp/games/2023/schedule_06_detail.html
20230625-Hanshin_Tigers-Yokohama_DeNA_BayStars,2023-06-25 14:00:00,2023,Hanshin Tigers,Yokohama DeNA BayStars,3.0,5.0,Final,横 浜,https://npb.jp/games/2023/schedule_06_detail.html
20230625-Hokkaido_Nippon-Ham_Fighters-Chiba_Lotte_Marines,2023-06-25 14:00:00,2023,Hokkaido Nippon-Ham Fighters,Chiba Lotte Marines,5.0,6.0,Final,ZOZOマリン,https://npb.jp/games/2023/schedule_06_detail.html
20230625-Tokyo_Yakult_Swallows-Chunichi_Dragons,2023-06-25 14:00:00,2023,Tokyo Yakult Swallows,Chunichi Dragons,1.0,5.0,Final,バンテリンドーム,https://npb.jp/games/2023/schedule_06_detail.html
20230626-Tohoku_Rakuten_Golden_Eagles-Fukuoka_SoftBank_Hawks,2023-06-26 18:00:00,2023,Tohoku Rakuten Golden Eagles,Fukuoka SoftBank Hawks,3.0,1.0,Final,東京ドーム,https://npb.jp/games/2023/schedule_06_detail.html
20230627-Chiba_Lotte_Marines-Orix_Buffaloes,2023-06-27 18:00:00,2023,Chiba Lotte Marines,Orix Buffaloes,1.0,2.0,Final,京セラD大阪,https://npb.jp/games/2023/schedule_06_detail.html
20230627-Chunichi_Dragons-Hanshin_Tigers,2023-06-27 18:00:00,2023,Chunichi Dragons,Hanshin Tigers,3.0,11.0,Final,甲子園,https://npb.jp/games/2023/schedule_06_detail.html
20230627-Tokyo_Yakult_Swallows-Yomiuri_Giants,2023-06-27 18:00:00,2023,Tokyo Yakult Swallows,Yomiuri Giants,,,Postponed,秋 田,https://npb.jp/games/2023/schedule_06_detail.html
20230627-Yokohama_DeNA_BayStars-Hiroshima_Toyo_Carp,2023-06-27 18:00:00,2023,Yokohama DeNA BayStars,Hiroshima Toyo Carp,2.0,3.0,Final,マツダスタジアム,https://npb.jp/games/2023/schedule_06_detail.html
20230627-Hokkaido_Nippon-Ham_Fighters-Saitama_Seibu_Lions,2023-06-27 18:30:00,2023,Hokkaido Nippon-Ham Fighters,Saitama Seibu Lions,2.0,1.0,Final,那 覇,https://npb.jp/games/2023/schedule_06_detail.html
20230628-Chiba_Lotte_Marines-Orix_Buffaloes,2023-06-28 18:00:00,2023,Chiba Lotte Marines,Orix Buffaloes,0.0,10.0,Final,京セラD大阪,https://npb.jp/games/2023/schedule_06_detail.html
20230628-Chunichi_Dragons-Hanshin_Tigers,2023-06-28 18:00:00,2023,Chunichi Dragons,Hanshin Tigers,4.0,2.0,Final,甲子園,https://npb.jp/games/2023/schedule_06_detail.html
20230628-Tohoku_Rakuten_Golden_Eagles-Fukuoka_SoftBank_Hawks,2023-06-28 18:00:00,2023,Tohoku Rakuten Golden Eagles,Fukuoka SoftBank Hawks,2.0,3.0,Final,PayPayドーム,https://npb.jp/games/2023/schedule_06_detail.html
20230628-Tokyo_Yakult_Swallows-Yomiuri_Giants,2023-06-28 18:00:00,2023,Tokyo Yakult Swallows,Yomiuri Giants,6.0,0.0,Final,盛 岡,https://npb.jp/games/2023/schedule_06_detail.html
20230628-Yokohama_DeNA_BayStars-Hiroshima_Toyo_Carp,2023-06-28 18:00:00,2023,Yokohama DeNA BayStars,Hiroshima Toyo Carp,2.0,6.0,Final,マツダスタジアム,https://npb.jp/games/2023/schedule_06_detail.html
20230628-Hokkaido_Nippon-Ham_Fighters-Saitama_Seibu_Lions,2023-06-28 18:30:00,2023,Hokkaido Nippon-Ham Fighters,Saitama Seibu Lions,0.0,2.0,Final,那 覇,https://npb.jp/games/2023/schedule_06_detail.html
20230629-Chunichi_Dragons-Hanshin_Tigers,2023-06-29 18:00:00,2023,Chunichi Dragons,Hanshin Tigers,0.0,8.0,Final,甲子園,https://npb.jp/games/2023/schedule_06_detail.html
20230629-Tohoku_Rakuten_Golden_Eagles-Fukuoka_SoftBank_Hawks,2023-06-29 18:00:00,2023,Tohoku Rakuten Golden Eagles,Fukuoka SoftBank Hawks,2.0,3.0,Final,PayPayドーム,https://npb.jp/games/2023/schedule_06_detail.html
20230629-Yokohama_DeNA_BayStars-Hiroshima_Toyo_Carp,2023-06-29 18:00:00,2023,Yokohama DeNA BayStars,Hiroshima Toyo Carp,3.0,5.0,Final,マツダスタジアム,https://npb.jp/games/2023/schedule_06_detail.html
20230630-Chunichi_Dragons-Yokohama_DeNA_BayStars,2023-06-30 18:00:00,2023,Chunichi Dragons,Yokohama DeNA BayStars,2.0,1.0,Final,横 浜,https://npb.jp/games/2023/schedule_06_detail.html
20230630-Fukuoka_SoftBank_Hawks-Saitama_Seibu_Lions,2023-06-30 18:00:00,2023,Fukuoka SoftBank Hawks,Saitama Seibu Lions,3.0,1.0,Final,ベルーナドーム,https://npb.jp/games/2023/schedule_06_detail.html
20230630-Hanshin_Tigers-Yomiuri_Giants,2023-06-30 18:00:00,2023,Hanshin Tigers,Yomiuri Giants,1.0,2.0,Final,東京ドーム,https://npb.jp/games/2023/schedule_06_detail.html
20230630-Hiroshima_Toyo_Carp-Tokyo_Yakult_Swallows,2023-06-30 18:00:00,2023,Hiroshima Toyo Carp,Tokyo Yakult Swallows,8.0,0.0,Final,神 宮,https://npb.jp/games/2023/schedule_06_detail.html
20230630-Orix_Buffaloes-Hokkaido_Nippon-Ham_Fighters,2023-06-30 18:00:00,2023,Orix Buffaloes,Hokkaido Nippon-Ham Fighters,5.0,1.0,Final,エスコンＦ,https://npb.jp/games/2023/schedule_06_detail.html
20230630-Tohoku_Rakuten_Golden_Eagles-Chiba_Lotte_Marines,2023-06-30 18:00:00,2023,Tohoku Rakuten Golden Eagles,Chiba Lotte Marines,5.0,4.0,Final,ZOZOマリン,https://npb.jp/games/2023/schedule_06_detail.html
20230701-Chunichi_Dragons-Yokohama_DeNA_BayStars,2023-07-01 14:00:00,2023,Chunichi Dragons,Yokohama DeNA BayStars,2.0,2.0,Final,横 浜,https://npb.jp/games/2023/schedule_07_detail.html
20230701-Hanshin_Tigers-Yomiuri_Giants,2023-07-01 14:00:00,2023,Hanshin Tigers,Yomiuri Giants,3.0,0.0,Final,東京ドーム,https://npb.jp/games/2023/schedule_07_detail.html
20230701-Orix_Buffaloes-Hokkaido_Nippon-Ham_Fighters,2023-07-01 14:00:00,2023,Orix Buffaloes,Hokkaido Nippon-Ham Fighters,3.0,1.0,Final,エスコンＦ,https://npb.jp/games/2023/schedule_07_detail.html
20230701-Tohoku_Rakuten_Golden_Eagles-Chiba_Lotte_Marines,2023-07-01 14:00:00,2023,Tohoku Rakuten Golden Eagles,Chiba Lotte Marines,2.0,10.0,Final,ZOZOマリン,https://npb.jp/games/2023/schedule_07_detail.html
20230701-Fukuoka_SoftBank_Hawks-Saitama_Seibu_Lions,2023-07-01 18:00:00,2023,Fukuoka SoftBank Hawks,Saitama Seibu Lions,7.0,5.0,Final,ベルーナドーム,https://npb.jp/games/2023/schedule_07_detail.html
20230701-Hiroshima_Toyo_Carp-Tokyo_Yakult_Swallows,2023-07-01 18:00:00,2023,Hiroshima Toyo Carp,Tokyo Yakult Swallows,2.0,3.0,Final,神 宮,https://npb.jp/games/2023/schedule_07_detail.html
20230702-Fukuoka_SoftBank_Hawks-Saitama_Seibu_Lions,2023-07-02 13:00:00,2023,Fukuoka SoftBank Hawks,Saitama Seibu Lions,9.0,3.0,Final,ベルーナドーム,https://npb.jp/games/2023/schedule_07_detail.html
20230702-Orix_Buffaloes-Hokkaido_Nippon-Ham_Fighters,2023-07-02 13:00:00,2023,Orix Buffaloes,Hokkaido Nippon-Ham Fighters,3.0,6.0,Final,エスコンＦ,https://npb.jp/games/2023/schedule_07_detail.html
20230702-Chunichi_Dragons-Yokohama_DeNA_BayStars,2023-07-02 14:00:00,2023,Chunichi Dragons,Yokohama DeNA BayStars,2.0,3.0,Final,横 浜,https://npb.jp/games/2023/schedule_07_detail.html
20230702-Hanshin_Tigers-Yomiuri_Giants,2023-07-02 14:00:00,2023,Hanshin Tigers,Yomiuri Giants,2.0,2.0,Final,東京ドーム,https://npb.jp/games/2023/schedule_07_detail.html
20230702-Tohoku_Rakuten_Golden_Eagles-Chiba_Lotte_Marines,2023-07-02 14:00:00,2023,Tohoku Rakuten Golden Eagles,Chiba Lotte Marines,11.0,4.0,Final,ZOZOマリン,https://npb.jp/games/2023/schedule_07_detail.html
20230702-Hiroshima_Toyo_Carp-Tokyo_Yakult_Swallows,2023-07-02 18:00:00,2023,Hiroshima Toyo Carp,Tokyo Yakult Swallows,2.0,4.0,Final,神 宮,https://npb.jp/games/2023/schedule_07_detail.html
20230704-Hanshin_Tigers-Hiroshima_Toyo_Carp,2023-07-04 18:00:00,2023,Hanshin Tigers,Hiroshima Toyo Carp,1.0,9.0,Final,マツダスタジアム,https://npb.jp/games/2023/schedule_07_detail.html
20230704-Hokkaido_Nippon-Ham_Fighters-Fukuoka_SoftBank_Hawks,2023-07-04 18:00:00,2023,Hokkaido Nippon-Ham Fighters,Fukuoka SoftBank Hawks,10.0,3.0,Final,PayPayドーム,https://npb.jp/games/2023/schedule_07_detail.html
20230704-Orix_Buffaloes-Tohoku_Rakuten_Golden_Eagles,2023-07-04 18:00:00,2023,Orix Buffaloes,Tohoku Rakuten Golden Eagles,9.0,7.0,Final,東京ドーム,https://npb.jp/games/2023/schedule_07_detail.html
20230704-Saitama_Seibu_Lions-Chiba_Lotte_Marines,2023-07-04 18:00:00,2023,Saitama Seibu Lions,Chiba Lotte Marines,0.0,1.0,Final,ZOZOマリン,https://npb.jp/games/2023/schedule_07_detail.html
20230704-Tokyo_Yakult_Swallows-Yokohama_DeNA_BayStars,2023-07-04 18:00:00,2023,Tokyo Yakult Swallows,Yokohama DeNA BayStars,4.0,3.0,Final,横 浜,https://npb.jp/games/2023/schedule_07_detail.html
20230704-Yomiuri_Giants-Chunichi_Dragons,2023-07-04 18:00:00,2023,Yomiuri Giants,Chunichi Dragons,5.0,1.0,Final,バンテリンドーム,https://npb.jp/games/2023/schedule_07_detail.html
20230705-Hanshin_Tigers-Hiroshima_Toyo_Carp,2023-07-05 18:00:00,2023,Hanshin Tigers,Hiroshima Toyo Carp,2.0,0.0,Final,マツダスタジアム,https://npb.jp/games/2023/schedule_07_detail.html
20230705-Hokkaido_Nippon-Ham_Fighters-Fukuoka_SoftBank_Hawks,2023-07-05 18:00:00,2023,Hokkaido Nippon-Ham Fighters,Fukuoka SoftBank Hawks,1.0,5.0,Final,PayPayドーム,https://npb.jp/games/2023/schedule_07_detail.html
20230705-Orix_Buffaloes-Tohoku_Rakuten_Golden_Eagles,2023-07-05 18:00:00,2023,Orix Buffaloes,Tohoku Rakuten Golden Eagles,1.0,6.0,Final,楽天モバイル,https://npb.jp/games/2023/schedule_07_detail.html
20230705-Saitama_Seibu_Lions-Chiba_Lotte_Marines,2023-07-05 18:00:00,2023,Saitama Seibu Lions,Chiba Lotte Marines,1.0,2.0,Final,ZOZOマリン,https://npb.jp/games/2023/schedule_07_detail.html
20230705-Tokyo_Yakult_Swallows-Yokohama_DeNA_BayStars,2023-07-05 18:00:00,2023,Tokyo Yakult Swallows,Yokohama DeNA BayStars,5.0,4.0,Final,横 浜,https://npb.jp/games/2023/schedule_07_detail.html
20230705-Yomiuri_Giants-Chunichi_Dragons,2023-07-05 18:00:00,2023,Yomiuri Giants,Chunichi Dragons,7.0,6.0,Final,バンテリンドーム,https://npb.jp/games/2023/schedule_07_detail.html
20230706-Hanshin_Tigers-Hiroshima_Toyo_Carp,2023-07-06 18:00:00,2023,Hanshin Tigers,Hiroshima Toyo Carp,0.0,4.0,Final,マツダスタジアム,https://npb.jp/games/2023/schedule_07_detail.html
20230706-Hokkaido_Nippon-Ham_Fighters-Fukuoka_SoftBank_Hawks,2023-07-06 18:00:00,2023,Hokkaido Nippon-Ham Fighters,Fukuoka SoftBank Hawks,3.0,4.0,Final,PayPayドーム,https://npb.jp/games/2023/schedule_07_detail.html
20230706-Orix_Buffaloes-Tohoku_Rakuten_Golden_Eagles,2023-07-06 18:00:00,2023,Orix Buffaloes,Tohoku Rakuten Golden Eagles,0.0,3.0,Final,楽天モバイル,https://npb.jp/games/2023/schedule_07_detail.html
20230706-Tokyo_Yakult_Swallows-Yokohama_DeNA_BayStars,2023-07-06 18:00:00,2023,Tokyo Yakult Swallows,Yokohama DeNA BayStars,2.0,3.0,Final,横 浜,https://npb.jp/games/2023/schedule_07_detail.html
20230706-Saitama_Seibu_Lions-Chiba_Lotte_Marines,2023-07-06 18:30:00,2023,Saitama Seibu Lions,Chiba Lotte Marines,6.0,7.0,Final,東京ドーム,https://npb.jp/games/2023/schedule_07_detail.html
20230707-Fukuoka_SoftBank_Hawks-Tohoku_Rakuten_Golden_Eagles,2023-07-07 18:00:00,2023,Fukuoka SoftBank Hawks,Tohoku Rakuten Golden Eagles,5.0,6.0,Final,楽天モバイル,https://npb.jp/games/2023/schedule_07_detail.html
20230707-Hiroshima_Toyo_Carp-Chunichi_Dragons,2023-07-07 18:00:00,2023,Hiroshima Toyo Carp,Chunichi Dragons,0.0,8.0,Final,バンテリンドーム,https://npb.jp/games/2023/schedule_07_detail.html
20230707-Tokyo_Yakult_Swallows-Hanshin_Tigers,2023-07-07 18:00:00,2023,Tokyo Yakult Swallows,Hanshin Tigers,,,Postponed,甲子園,https://npb.jp/games/2023/schedule_07_detail.html
20230707-Yokohama_DeNA_BayStars-Yomiuri_Giants,2023-07-07 18:00:00,2023,Yokohama DeNA BayStars,Yomiuri Giants,2.0,1.0,Final,東京ドーム,https://npb.jp/games/2023/schedule_07_detail.html
20230708-Chiba_Lotte_Marines-Hokkaido_Nippon-Ham_Fighters,2023-07-08 14:00:00,2023,Chiba Lotte Marines,Hokkaido Nippon-Ham Fighters,3.0,2.0,Final,エスコンＦ,https://npb.jp/games/2023/schedule_07_detail.html
20230708-Hiroshima_Toyo_Carp-Chunichi_Dragons,2023-07-08 14:00:00,2023,Hiroshima Toyo Carp,Chunichi Dragons,1.0,5.0,Final,バンテリンドーム,https://npb.jp/games/2023/schedule_07_detail.html
20230708-Fukuoka_SoftBank_Hawks-Tohoku_Rakuten_Golden_Eagles,2023-07-08 16:00:00,2023,Fukuoka SoftBank Hawks,Tohoku Rakuten Golden Eagles,1.0,8.0,Final,楽天モバイル,https://npb.jp/games/2023/schedule_07_detail.html
20230708-Saitama_Seibu_Lions-Orix_Buffaloes,2023-07-08 17:00:00,2023,Saitama Seibu Lions,Orix Buffaloes,1.0,5.0,Final,ほっと神戸,https://npb.jp/games/2023/schedule_07_detail.html
20230708-Tokyo_Yakult_Swallows-Hanshin_Tigers,2023-07-08 18:00:00,2023,Tokyo Yakult Swallows,Hanshin Tigers,3.0,2.0,Final,甲子園,https://npb.jp/games/2023/schedule_07_detail.html
20230708-Yokohama_DeNA_BayStars-Yomiuri_Giants,2023-07-08 18:00:00,2023,Yokohama DeNA BayStars,Yomiuri Giants,0.0,6.0,Final,東京ドーム,https://npb.jp/games/2023/schedule_07_detail.html
20230709-Chiba_Lotte_Marines-Hokkaido_Nippon-Ham_Fighters,2023-07-09 13:00:00,2023,Chiba Lotte Marines,Hokkaido Nippon-Ham Fighters,3.0,2.0,Final,エスコンＦ,https://npb.jp/games/2023/schedule_07_detail.html
20230709-Fukuoka_SoftBank_Hawks-Tohoku_Rakuten_Golden_Eagles,2023-07-09 13:00:00,2023,Fukuoka SoftBank Hawks,Tohoku Rakuten Golden Eagles,1.0,5.0,Final,楽天モバイル,https://npb.jp/games/2023/schedule_07_detail.html
20230709-Hiroshima_Toyo_Carp-Chunichi_Dragons,2023-07-09 14:00:00,2023,Hiroshima Toyo Carp,Chunichi Dragons,3.0,2.0,Final,バンテリンドーム,https://npb.jp/games/2023/schedule_07_detail.html
20230709-Saitama_Seibu_Lions-Orix_Buffaloes,2023-07-09 14:00:00,2023,Saitama Seibu Lions,Orix Buffaloes,5.0,11.0,Final,京セラD大阪,https://npb.jp/games/2023/schedule_07_detail.html
20230709-Yokohama_DeNA_BayStars-Yomiuri_Giants,2023-07-09 14:00:00,2023,Yokohama DeNA BayStars,Yomiuri Giants,1.0,0.0,Final,東京ドーム,https://npb.jp/games/2023/schedule_07_detail.html
20230709-Tokyo_Yakult_Swallows-Hanshin_Tigers,2023-07-09 18:00:00,2023,Tokyo Yakult Swallows,Hanshin Tigers,0.0,1.0,Final,甲子園,https://npb.jp/games/2023/schedule_07_detail.html
20230710-Saitama_Seibu_Lions-Fukuoka_SoftBank_Hawks,2023-07-10 18:15:00,2023,Saitama Seibu Lions,Fukuoka SoftBank Hawks,2.0,1.0,Final,京セラD大阪,https://npb.jp/games/2023/schedule_07_detail.html
20230711-Chiba_Lotte_Marines-Orix_Buffaloes,2023-07-11 18:00:00,2023,Chiba Lotte Marines,Orix Buffaloes,3.0,4.0,Final,京セラD大阪,https://npb.jp/games/2023/schedule_07_detail.html
20230711-Chunichi_Dragons-Tokyo_Yakult_Swallows,2023-07-11 18:00:00,2023,Chunichi Dragons,Tokyo Yakult Swallows,5.0,2.0,Final,神 宮,https://npb.jp/games/2023/schedule_07_detail.html
20230711-Hiroshima_Toyo_Carp-Yomiuri_Giants,2023-07-11 18:00:00,2023,Hiroshima Toyo Carp,Yomiuri Giants,0.0,4.0,Final,東京ドーム,https://npb.jp/games/2023/schedule_07_detail.html
20230711-Tohoku_Rakuten_Golden_Eagles-Hokkaido_Nippon-Ham_Fighters,2023-07-11 18:00:00,2023,Tohoku Rakuten Golden Eagles,Hokkaido Nippon-Ham Fighters,3.0,2.0,Final,エスコンＦ,https://npb.jp/games/2023/schedule_07_detail.html
20230711-Yokohama_DeNA_BayStars-Hanshin_Tigers,2023-07-11 18:00:00,2023,Yokohama DeNA BayStars,Hanshin Tigers,2.0,7.0,Final,倉 敷,https://npb.jp/games/2023/schedule_07_detail.html
20230712-Chiba_Lotte_Marines-Orix_Buffaloes,2023-07-12 18:00:00,2023,Chiba Lotte Marines,Orix Buffaloes,5.0,3.0,Final,京セラD大阪,https://npb.jp/games/2023/schedule_07_detail.html
20230712-Chunichi_Dragons-Tokyo_Yakult_Swallows,2023-07-12 18:00:00,2023,Chunichi Dragons,Tokyo Yakult Swallows,5.0,8.0,Final,神 宮,https://npb.jp/games/2023/schedule_07_detail.html
20230712-Hiroshima_Toyo_Carp-Yomiuri_Giants,2023-07-12 18:00:00,2023,Hiroshima Toyo Carp,Yomiuri Giants,2.0,0.0,Final,東京ドーム,https://npb.jp/games/2023/schedule_07_detail.html
20230712-Tohoku_Rakuten_Golden_Eagles-Hokkaido_Nippon-Ham_Fighters,2023-07-12 18:00:00,2023,Tohoku Rakuten Golden Eagles,Hokkaido Nippon-Ham Fighters,4.0,3.0,Final,エスコンＦ,https://npb.jp/games/2023/schedule_07_detail.html
20230712-Yokohama_DeNA_BayStars-Hanshin_Tigers,2023-07-12 18:00:00,2023,Yokohama DeNA BayStars,Hanshin Tigers,4.0,5.0,Final,甲子園,https://npb.jp/games/2023/schedule_07_detail.html
20230712-Saitama_Seibu_Lions-Fukuoka_SoftBank_Hawks,2023-07-12 18:15:00,2023,Saitama Seibu Lions,Fukuoka SoftBank Hawks,4.0,2.0,Final,北九州,https://npb.jp/games/2023/schedule_07_detail.html
20230713-Tohoku_Rakuten_Golden_Eagles-Hokkaido_Nippon-Ham_Fighters,2023-07-13 13:00:00,2023,Tohoku Rakuten Golden Eagles,Hokkaido Nippon-Ham Fighters,3.0,2.0,Final,エスコンＦ,https://npb.jp/games/2023/schedule_07_detail.html
20230713-Chiba_Lotte_Marines-Orix_Buffaloes,2023-07-13 18:00:00,2023,Chiba Lotte Marines,Orix Buffaloes,,,Postponed,ほっと神戸,https://npb.jp/games/2023/schedule_07_detail.html
20230713-Chunichi_Dragons-Tokyo_Yakult_Swallows,2023-07-13 18:00:00,2023,Chunichi Dragons,Tokyo Yakult Swallows,4.0,2.0,Final,神 宮,https://npb.jp/games/2023/schedule_07_detail.html
20230713-Hiroshima_Toyo_Carp-Yomiuri_Giants,2023-07-13 18:00:00,2023,Hiroshima Toyo Carp,Yomiuri Giants,6.0,1.0,Final,東京ドーム,https://npb.jp/games/2023/schedule_07_detail.html
20230713-Saitama_Seibu_Lions-Fukuoka_SoftBank_Hawks,2023-07-13 18:00:00,2023,Saitama Seibu Lions,Fukuoka SoftBank Hawks,4.0,2.0,Final,PayPayドーム,https://npb.jp/games/2023/schedule_07_detail.html
20230713-Yokohama_DeNA_BayStars-Hanshin_Tigers,2023-07-13 18:00:00,2023,Yokohama DeNA BayStars,Hanshin Tigers,4.0,0.0,Final,甲子園,https://npb.jp/games/2023/schedule_07_detail.html
20230715-Orix_Buffaloes-Fukuoka_SoftBank_Hawks,2023-07-15 14:00:00,2023,Orix Buffaloes,Fukuoka SoftBank Hawks,3.0,2.0,Final,PayPayドーム,https://npb.jp/games/2023/schedule_07_detail.html
20230715-Hiroshima_Toyo_Carp-Yokohama_DeNA_BayStars,2023-07-15 17:00:00,2023,Hiroshima Toyo Carp,Yokohama DeNA BayStars,2.0,1.0,Final,横 浜,https://npb.jp/games/2023/schedule_07_detail.html
20230715-Chunichi_Dragons-Hanshin_Tigers,2023-07-15 18:00:00,2023,Chunichi Dragons,Hanshin Tigers,6.0,4.0,Final,甲子園,https://npb.jp/games/2023/schedule_07_detail.html
20230715-Hokkaido_Nippon-Ham_Fighters-Saitama_Seibu_Lions,2023-07-15 18:00:00,2023,Hokkaido Nippon-Ham Fighters,Saitama Seibu Lions,0.0,1.0,Final,ベルーナドーム,https://npb.jp/games/2023/schedule_07_detail.html
20230715-Tohoku_Rakuten_Golden_Eagles-Chiba_Lotte_Marines,2023-07-15 18:00:00,2023,Tohoku Rakuten Golden Eagles,Chiba Lotte Marines,7.0,9.0,Final,ZOZOマリン,https://npb.jp/games/2023/schedule_07_detail.html
20230715-Yomiuri_Giants-Tokyo_Yakult_Swallows,2023-07-15 18:00:00,2023,Yomiuri Giants,Tokyo Yakult Swallows,1.0,3.0,Final,神 宮,https://npb.jp/games/2023/schedule_07_detail.html
20230716-Orix_Buffaloes-Fukuoka_SoftBank_Hawks,2023-07-16 13:00:00,2023,Orix Buffaloes,Fukuoka SoftBank Hawks,2.0,1.0,Final,PayPayドーム,https://npb.jp/games/2023/schedule_07_detail.html
20230716-Hiroshima_Toyo_Carp-Yokohama_DeNA_BayStars,2023-07-16 17:00:00,2023,Hiroshima Toyo Carp,Yokohama DeNA BayStars,3.0,2.0,Final,横 浜,https://npb.jp/games/2023/schedule_07_detail.html
20230716-Chunichi_Dragons-Hanshin_Tigers,2023-07-16 18:00:00,2023,Chunichi Dragons,Hanshin Tigers,3.0,0.0,Final,甲子園,https://npb.jp/games/2023/schedule_07_detail.html
20230716-Hokkaido_Nippon-Ham_Fighters-Saitama_Seibu_Lions,2023-07-16 18:00:00,2023,Hokkaido Nippon-Ham Fighters,Saitama Seibu Lions,0.0,2.0,Final,ベルーナドーム,https://npb.jp/games/2023/schedule_07_detail.html
20230716-Tohoku_Rakuten_Golden_Eagles-Chiba_Lotte_Marines,2023-07-16 18:00:00,2023,Tohoku Rakuten Golden Eagles,Chiba Lotte Marines,7.0,6.0,Final,ZOZOマリン,https://npb.jp/games/2023/schedule_07_detail.html
20230716-Yomiuri_Giants-Tokyo_Yakult_Swallows,2023-07-16 18:00:00,2023,Yomiuri Giants,Tokyo Yakult Swallows,3.0,10.0,Final,神 宮,https://npb.jp/games/2023/schedule_07_detail.html
20230717-Orix_Buffaloes-Fukuoka_SoftBank_Hawks,2023-07-17 13:00:00,2023,Orix Buffaloes,Fukuoka SoftBank Hawks,3.0,0.0,Final,PayPayドーム,https://npb.jp/games/2023/schedule_07_detail.html
20230717-Hiroshima_Toyo_Carp-Yokohama_DeNA_BayStars,2023-07-17 17:00:00,2023,Hiroshima Toyo Carp,Yokohama DeNA BayStars,2.0,1.0,Final,横 浜,https://npb.jp/games/2023/schedule_07_detail.html
20230717-Tohoku_Rakuten_Golden_Eagles-Chiba_Lotte_Marines,2023-07-17 17:00:00,2023,Tohoku Rakuten Golden Eagles,Chiba Lotte Marines,4.0,2.0,Final,ZOZOマリン,https://npb.jp/games/2023/schedule_07_detail.html
20230717-Chunichi_Dragons-Hanshin_Tigers,2023-07-17 18:00:00,2023,Chunichi Dragons,Hanshin Tigers,1.0,4.0,Final,甲子園,https://npb.jp/games/2023/schedule_07_detail.html
20230717-Hokkaido_Nippon-Ham_Fighters-Saitama_Seibu_Lions,2023-07-17 18:00:00,2023,Hokkaido Nippon-Ham Fighters,Saitama Seibu Lions,2.0,7.0,Final,ベルーナドーム,https://npb.jp/games/2023/schedule_07_detail.html
20230717-Yomiuri_Giants-Tokyo_Yakult_Swallows,2023-07-17 18:00:00,2023,Yomiuri Giants,Tokyo Yakult Swallows,10.0,11.0,Final,神 宮,https://npb.jp/games/2023/schedule_07_detail.html
20230719-パ・リーグ-セ・リーグ,2023-07-19 18:30:00,2023,パ・リーグ,セ・リーグ,8.0,1.0,Final,バンテリンドーム,https://npb.jp/games/2023/schedule_07_detail.html
20230720-パ・リーグ-セ・リーグ,2023-07-20 18:30:00,2023,パ・リーグ,セ・リーグ,6.0,1.0,Final,マツダスタジアム,https://npb.jp/games/2023/schedule_07_detail.html
20230722-Chunichi_Dragons-Hiroshima_Toyo_Carp,2023-07-22 18:00:00,2023,Chunichi Dragons,Hiroshima Toyo Carp,3.0,5.0,Final,マツダスタジアム,https://npb.jp/games/2023/schedule_07_detail.html
20230722-Fukuoka_SoftBank_Hawks-Chiba_Lotte_Marines,2023-07-22 18:00:00,2023,Fukuoka SoftBank Hawks,Chiba Lotte Marines,2.0,5.0,Final,ZOZOマリン,https://npb.jp/games/2023/schedule_07_detail.html
20230722-Hanshin_Tigers-Tokyo_Yakult_Swallows,2023-07-22 18:00:00,2023,Hanshin Tigers,Tokyo Yakult Swallows,3.0,6.0,Final,神 宮,https://npb.jp/games/2023/schedule_07_detail.html
20230722-Hokkaido_Nippon-Ham_Fighters-Orix_Buffaloes,2023-07-22 18:00:00,2023,Hokkaido Nippon-Ham Fighters,Orix Buffaloes,4.0,5.0,Final,ほっと神戸,https://npb.jp/games/2023/schedule_07_detail.html
20230722-Tohoku_Rakuten_Golden_Eagles-Saitama_Seibu_Lions,2023-07-22 18:00:00,2023,Tohoku Rakuten Golden Eagles,Saitama Seibu Lions,1.0,2.0,Final,ベルーナドーム,https://npb.jp/games/2023/schedule_07_detail.html
20230722-Yomiuri_Giants-Yokohama_DeNA_BayStars,2023-07-22 18:00:00,2023,Yomiuri Giants,Yokohama DeNA BayStars,4.0,2.0,Final,横 浜,https://npb.jp/games/2023/schedule_07_detail.html
20230723-Hokkaido_Nippon-Ham_Fighters-Orix_Buffaloes,2023-07-23 16:00:00,2023,Hokkaido Nippon-Ham Fighters,Orix Buffaloes,5.0,7.0,Final,ほっと神戸,https://npb.jp/games/2023/schedule_07_detail.html
20230723-Fukuoka_SoftBank_Hawks-Chiba_Lotte_Marines,2023-07-23 17:00:00,2023,Fukuoka SoftBank Hawks,Chiba Lotte Marines,3.0,4.0,Final,ZOZOマリン,https://npb.jp/games/2023/schedule_07_detail.html
20230723-Yomiuri_Giants-Yokohama_DeNA_BayStars,2023-07-23 17:00:00,2023,Yomiuri Giants,Yokohama DeNA BayStars,4.0,0.0,Final,横 浜,https://npb.jp/games/2023/schedule_07_detail.html
20230723-Chunichi_Dragons-Hiroshima_Toyo_Carp,2023-07-23 18:00:00,2023,Chunichi Dragons,Hiroshima Toyo Carp,1.0,3.0,Final,マツダスタジアム,https://npb.jp/games/2023/schedule_07_detail.html
20230723-Hanshin_Tigers-Tokyo_Yakult_Swallows,2023-07-23 18:00:00,2023,Hanshin Tigers,Tokyo Yakult Swallows,4.0,2.0,Final,神 宮,https://npb.jp/games/2023/schedule_07_detail.html
20230723-Tohoku_Rakuten_Golden_Eagles-Saitama_Seibu_Lions,2023-07-23 18:00:00,2023,Tohoku Rakuten Golden Eagles,Saitama Seibu Lions,4.0,2.0,Final,ベルーナドーム,https://npb.jp/games/2023/schedule_07_detail.html
20230724-Fukuoka_SoftBank_Hawks-Chiba_Lotte_Marines,2023-07-24 18:00:00,2023,Fukuoka SoftBank Hawks,Chiba Lotte Marines,1.0,2.0,Final,ZOZOマリン,https://npb.jp/games/2023/schedule_07_detail.html
20230725-Chiba_Lotte_Marines-Saitama_Seibu_Lions,2023-07-25 18:00:00,2023,Chiba Lotte Marines,Saitama Seibu Lions,0.0,3.0,Final,ベルーナドーム,https://npb.jp/games/2023/schedule_07_detail.html
20230725-Fukuoka_SoftBank_Hawks-Orix_Buffaloes,2023-07-25 18:00:00,2023,Fukuoka SoftBank Hawks,Orix Buffaloes,5.0,0.0,Final,京セラD大阪,https://npb.jp/games/2023/schedule_07_detail.html
20230725-Hokkaido_Nippon-Ham_Fighters-Tohoku_Rakuten_Golden_Eagles,2023-07-25 18:00:00,2023,Hokkaido Nippon-Ham Fighters,Tohoku Rakuten Golden Eagles,1.0,3.0,Final,楽天モバイル,https://npb.jp/games/2023/schedule_07_detail.html
20230725-Tokyo_Yakult_Swallows-Hiroshima_Toyo_Carp,2023-07-25 18:00:00,2023,Tokyo Yakult Swallows,Hiroshima Toyo Carp,3.0,6.0,Final,マツダスタジアム,https://npb.jp/games/2023/schedule_07_detail.html
20230725-Yokohama_DeNA_BayStars-Chunichi_Dragons,2023-07-25 18:00:00,2023,Yokohama DeNA BayStars,Chunichi Dragons,5.0,3.0,Final,バンテリンドーム,https://npb.jp/games/2023/schedule_07_detail.html
20230725-Yomiuri_Giants-Hanshin_Tigers,2023-07-25 18:00:00,2023,Yomiuri Giants,Hanshin Tigers,2.0,4.0,Final,甲子園,https://npb.jp/games/2023/schedule_07_detail.html
20230726-Chiba_Lotte_Marines-Saitama_Seibu_Lions,2023-07-26 18:00:00,2023,Chiba Lotte Marines,Saitama Seibu Lions,3.0,5.0,Final,ベルーナドーム,https://npb.jp/games/2023/schedule_07_detail.html
20230726-Fukuoka_SoftBank_Hawks-Orix_Buffaloes,2023-07-26 18:00:00,2023,Fukuoka SoftBank Hawks,Orix Buffaloes,7.0,1.0,Final,京セラD大阪,https://npb.jp/games/2023/schedule_07_detail.html
20230726-Hokkaido_Nippon-Ham_Fighters-Tohoku_Rakuten_Golden_Eagles,2023-07-26 18:00:00,2023,Hokkaido Nippon-Ham Fighters,Tohoku Rakuten Golden Eagles,3.0,2.0,Final,楽天モバイル,https://npb.jp/games/2023/schedule_07_detail.html
20230726-Tokyo_Yakult_Swallows-Hiroshima_Toyo_Carp,2023-07-26 18:00:00,2023,Tokyo Yakult Swallows,Hiroshima Toyo Carp,3.0,5.0,Final,マツダスタジアム,https://npb.jp/games/2023/schedule_07_detail.html
20230726-Yokohama_DeNA_BayStars-Chunichi_Dragons,2023-07-26 18:00:00,2023,Yokohama DeNA BayStars,Chunichi Dragons,1.0,7.0,Final,バンテリンドーム,https://npb.jp/games/2023/schedule_07_detail.html
20230726-Yomiuri_Giants-Hanshin_Tigers,2023-07-26 18:00:00,2023,Yomiuri Giants,Hanshin Tigers,5.0,8.0,Final,甲子園,https://npb.jp/games/2023/schedule_07_detail.html
20230727-Hokkaido_Nippon-Ham_Fighters-Tohoku_Rakuten_Golden_Eagles,2023-07-27 18:00:00,2023,Hokkaido Nippon-Ham Fighters,Tohoku Rakuten Golden Eagles,9.0,5.0,Final,楽天モバイル,https://npb.jp/games/2023/schedule_07_detail.html
20230727-Tokyo_Yakult_Swallows-Hiroshima_Toyo_Carp,2023-07-27 18:00:00,2023,Tokyo Yakult Swallows,Hiroshima Toyo Carp,1.0,4.0,Final,マツダスタジアム,https://npb.jp/games/2023/schedule_07_detail.html
20230727-Yokohama_DeNA_BayStars-Chunichi_Dragons,2023-07-27 18:00:00,2023,Yokohama DeNA BayStars,Chunichi Dragons,2.0,1.0,Final,バンテリンドーム,https://npb.jp/games/2023/schedule_07_detail.html
20230727-Yomiuri_Giants-Hanshin_Tigers,2023-07-27 18:00:00,2023,Yomiuri Giants,Hanshin Tigers,9.0,6.0,Final,甲子園,https://npb.jp/games/2023/schedule_07_detail.html
20230728-Chunichi_Dragons-Yomiuri_Giants,2023-07-28 18:00:00,2023,Chunichi Dragons,Yomiuri Giants,5.0,11.0,Final,東京ドーム,https://npb.jp/games/2023/schedule_07_detail.html
20230728-Hiroshima_Toyo_Carp-Hanshin_Tigers,2023-07-28 18:00:00,2023,Hiroshima Toyo Carp,Hanshin Tigers,2.0,7.0,Final,甲子園,https://npb.jp/games/2023/schedule_07_detail.html
20230728-Orix_Buffaloes-Hokkaido_Nippon-Ham_Fighters,2023-07-28 18:00:00,2023,Orix Buffaloes,Hokkaido Nippon-Ham Fighters,0.0,4.0,Final,エスコンＦ,https://npb.jp/games/2023/schedule_07_detail.html
20230728-Saitama_Seibu_Lions-Tohoku_Rakuten_Golden_Eagles,2023-07-28 18:00:00,2023,Saitama Seibu Lions,Tohoku Rakuten Golden Eagles,1.0,5.0,Final,楽天モバイル,https://npb.jp/games/2023/schedule_07_detail.html
20230728-Yokohama_DeNA_BayStars-Tokyo_Yakult_Swallows,2023-07-28 18:00:00,2023,Yokohama DeNA BayStars,Tokyo Yakult Swallows,5.0,4.0,Final,神 宮,https://npb.jp/games/2023/schedule_07_detail.html
20230728-Chiba_Lotte_Marines-Fukuoka_SoftBank_Hawks,2023-07-28 18:15:00,2023,Chiba Lotte Marines,Fukuoka SoftBank Hawks,8.0,5.0,Final,PayPayドーム,https://npb.jp/games/2023/schedule_07_detail.html
20230729-Chunichi_Dragons-Yomiuri_Giants,2023-07-29 14:00:00,2023,Chunichi Dragons,Yomiuri Giants,3.0,6.0,Final,東京ドーム,https://npb.jp/games/2023/schedule_07_detail.html
20230729-Orix_Buffaloes-Hokkaido_Nippon-Ham_Fighters,2023-07-29 14:00:00,2023,Orix Buffaloes,Hokkaido Nippon-Ham Fighters,4.0,3.0,Final,エスコンＦ,https://npb.jp/games/2023/schedule_07_detail.html
20230729-Chiba_Lotte_Marines-Fukuoka_SoftBank_Hawks,2023-07-29 18:00:00,2023,Chiba Lotte Marines,Fukuoka SoftBank Hawks,4.0,1.0,Final,PayPayドーム,https://npb.jp/games/2023/schedule_07_detail.html
20230729-Hiroshima_Toyo_Carp-Hanshin_Tigers,2023-07-29 18:00:00,2023,Hiroshima Toyo Carp,Hanshin Tigers,2.0,2.0,Final,甲子園,https://npb.jp/games/2023/schedule_07_detail.html
20230729-Saitama_Seibu_Lions-Tohoku_Rakuten_Golden_Eagles,2023-07-29 18:00:00,2023,Saitama Seibu Lions,Tohoku Rakuten Golden Eagles,3.0,1.0,Final,楽天モバイル,https://npb.jp/games/2023/schedule_07_detail.html
20230729-Yokohama_DeNA_BayStars-Tokyo_Yakult_Swallows,2023-07-29 18:00:00,2023,Yokohama DeNA BayStars,Tokyo Yakult Swallows,3.0,5.0,Final,神 宮,https://npb.jp/games/2023/schedule_07_detail.html
20230730-Chiba_Lotte_Marines-Fukuoka_SoftBank_Hawks,2023-07-30 13:00:00,2023,Chiba Lotte Marines,Fukuoka SoftBank Hawks,5.0,6.0,Final,PayPayドーム,https://npb.jp/games/2023/schedule_07_detail.html
20230730-Orix_Buffaloes-Hokkaido_Nippon-Ham_Fighters,2023-07-30 13:00:00,2023,Orix Buffaloes,Hokkaido Nippon-Ham Fighters,9.0,2.0,Final,エスコンＦ,https://npb.jp/games/2023/schedule_07_detail.html
20230730-Chunichi_Dragons-Yomiuri_Giants,2023-07-30 14:00:00,2023,Chunichi Dragons,Yomiuri Giants,0.0,4.0,Final,東京ドーム,https://npb.jp/games/2023/schedule_07_detail.html
20230730-Saitama_Seibu_Lions-Tohoku_Rakuten_Golden_Eagles,2023-07-30 17:00:00,2023,Saitama Seibu Lions,Tohoku Rakuten Golden Eagles,4.0,5.0,Final,楽天モバイル,https://npb.jp/games/2023/schedule_07_detail.html
20230730-Hiroshima_Toyo_Carp-Hanshin_Tigers,2023-07-30 18:00:00,2023,Hiroshima Toyo Carp,Hanshin Tigers,2.0,4.0,Final,甲子園,https://npb.jp/games/2023/schedule_07_detail.html
20230730-Yokohama_DeNA_BayStars-Tokyo_Yakult_Swallows,2023-07-30 18:00:00,2023,Yokohama DeNA BayStars,Tokyo Yakult Swallows,4.0,7.0,Final,神 宮,https://npb.jp/games/2023/schedule_07_detail.html
20230801-Fukuoka_SoftBank_Hawks-Saitama_Seibu_Lions,2023-08-01 18:00:00,2023,Fukuoka SoftBank Hawks,Saitama Seibu Lions,0.0,5.0,Final,ベルーナドーム,https://npb.jp/games/2023/schedule_08_detail.html
20230801-Hanshin_Tigers-Chunichi_Dragons,2023-08-01 18:00:00,2023,Hanshin Tigers,Chunichi Dragons,10.0,2.0,Final,バンテリンドーム,https://npb.jp/games/2023/schedule_08_detail.html
20230801-Hokkaido_Nippon-Ham_Fighters-Chiba_Lotte_Marines,2023-08-01 18:00:00,2023,Hokkaido Nippon-Ham Fighters,Chiba Lotte Marines,3.0,2.0,Final,ZOZOマリン,https://npb.jp/games/2023/schedule_08_detail.html
20230801-Tohoku_Rakuten_Golden_Eagles-Orix_Buffaloes,2023-08-01 18:00:00,2023,Tohoku Rakuten Golden Eagles,Orix Buffaloes,2.0,6.0,Final,京セラD大阪,https://npb.jp/games/2023/schedule_08_detail.html
20230801-Tokyo_Yakult_Swallows-Yomiuri_Giants,2023-08-01 18:00:00,2023,Tokyo Yakult Swallows,Yomiuri Giants,1.0,0.0,Final,東京ドーム,https://npb.jp/games/2023/schedule_08_detail.html
20230801-Yokohama_DeNA_BayStars-Hiroshima_Toyo_Carp,2023-08-01 18:00:00,2023,Yokohama DeNA BayStars,Hiroshima Toyo Carp,5.0,3.0,Final,マツダスタジアム,https://npb.jp/games/2023/schedule_08_detail.html
20230802-Fukuoka_SoftBank_Hawks-Saitama_Seibu_Lions,2023-08-02 18:00:00,2023,Fukuoka SoftBank Hawks,Saitama Seibu Lions,0.0,2.0,Final,ベルーナドーム,https://npb.jp/games/2023/schedule_08_detail.html
20230802-Hanshin_Tigers-Chunichi_Dragons,2023-08-02 18:00:00,2023,Hanshin Tigers,Chunichi Dragons,1.0,3.0,Final,バンテリンドーム,https://npb.jp/games/2023/schedule_08_detail.html
20230802-Hokkaido_Nippon-Ham_Fighters-Chiba_Lotte_Marines,2023-08-02 18:00:00,2023,Hokkaido Nippon-Ham Fighters,Chiba Lotte Marines,8.0,6.0,Final,ZOZOマリン,https://npb.jp/games/2023/schedule_08_detail.html
20230802-Tohoku_Rakuten_Golden_Eagles-Orix_Buffaloes,2023-08-02 18:00:00,2023,Tohoku Rakuten Golden Eagles,Orix Buffaloes,2.0,3.0,Final,京セラD大阪,https://npb.jp/games/2023/schedule_08_detail.html
20230802-Tokyo_Yakult_Swallows-Yomiuri_Giants,2023-08-02 18:00:00,2023,Tokyo Yakult Swallows,Yomiuri Giants,2.0,9.0,Final,東京ドーム,https://npb.jp/games/2023/schedule_08_detail.html
20230802-Yokohama_DeNA_BayStars-Hiroshima_Toyo_Carp,2023-08-02 18:00:00,2023,Yokohama DeNA BayStars,Hiroshima Toyo Carp,2.0,4.0,Final,マツダスタジアム,https://npb.jp/games/2023/schedule_08_detail.html
20230803-Hanshin_Tigers-Chunichi_Dragons,2023-08-03 18:00:00,2023,Hanshin Tigers,Chunichi Dragons,5.0,2.0,Final,バンテリンドーム,https://npb.jp/games/2023/schedule_08_detail.html
20230803-Hokkaido_Nippon-Ham_Fighters-Chiba_Lotte_Marines,2023-08-03 18:00:00,2023,Hokkaido Nippon-Ham Fighters,Chiba Lotte Marines,5.0,7.0,Final,ZOZOマリン,https://npb.jp/games/2023/schedule_08_detail.html
20230803-Tohoku_Rakuten_Golden_Eagles-Orix_Buffaloes,2023-08-03 18:00:00,2023,Tohoku Rakuten Golden Eagles,Orix Buffaloes,9.0,1.0,Final,京セラD大阪,https://npb.jp/games/2023/schedule_08_detail.html
20230803-Tokyo_Yakult_Swallows-Yomiuri_Giants,2023-08-03 18:00:00,2023,Tokyo Yakult Swallows,Yomiuri Giants,1.0,2.0,Final,東京ドーム,https://npb.jp/games/2023/schedule_08_detail.html
20230803-Yokohama_DeNA_BayStars-Hiroshima_Toyo_Carp,2023-08-03 18:00:00,2023,Yokohama DeNA BayStars,Hiroshima Toyo Carp,0.0,0.0,Final,マツダスタジアム,https://npb.jp/games/2023/schedule_08_detail.html
20230804-Hanshin_Tigers-Yokohama_DeNA_BayStars,2023-08-04 17:45:00,2023,Hanshin Tigers,Yokohama DeNA BayStars,5.0,2.0,Final,横 浜,https://npb.jp/games/2023/schedule_08_detail.html
20230804-Chiba_Lotte_Marines-Tohoku_Rakuten_Golden_Eagles,2023-08-04 18:00:00,2023,Chiba Lotte Marines,Tohoku Rakuten Golden Eagles,5.0,3.0,Final,楽天モバイル,https://npb.jp/games/2023/schedule_08_detail.html
20230804-Fukuoka_SoftBank_Hawks-Hokkaido_Nippon-Ham_Fighters,2023-08-04 18:00:00,2023,Fukuoka SoftBank Hawks,Hokkaido Nippon-Ham Fighters,4.0,5.0,Final,エスコンＦ,https://npb.jp/games/2023/schedule_08_detail.html
20230804-Orix_Buffaloes-Saitama_Seibu_Lions,2023-08-04 18:00:00,2023,Orix Buffaloes,Saitama Seibu Lions,2.0,3.0,Final,ベルーナドーム,https://npb.jp/games/2023/schedule_08_detail.html
20230804-Tokyo_Yakult_Swallows-Chunichi_Dragons,2023-08-04 18:00:00,2023,Tokyo Yakult Swallows,Chunichi Dragons,1.0,11.0,Final,バンテリンドーム,https://npb.jp/games/2023/schedule_08_detail.html
20230804-Yomiuri_Giants-Hiroshima_Toyo_Carp,2023-08-04 18:00:00,2023,Yomiuri Giants,Hiroshima Toyo Carp,3.0,4.0,Final,マツダスタジアム,https://npb.jp/games/2023/schedule_08_detail.html
20230805-Fukuoka_SoftBank_Hawks-Hokkaido_Nippon-Ham_Fighters,2023-08-05 14:00:00,2023,Fukuoka SoftBank Hawks,Hokkaido Nippon-Ham Fighters,11.0,6.0,Final,エスコンＦ,https://npb.jp/games/2023/schedule_08_detail.html
20230805-Tokyo_Yakult_Swallows-Chunichi_Dragons,2023-08-05 14:00:00,2023,Tokyo Yakult Swallows,Chunichi Dragons,2.0,4.0,Final,バンテリンドーム,https://npb.jp/games/2023/schedule_08_detail.html
20230805-Hanshin_Tigers-Yokohama_DeNA_BayStars,2023-08-05 17:00:00,2023,Hanshin Tigers,Yokohama DeNA BayStars,7.0,3.0,Final,横 浜,https://npb.jp/games/2023/schedule_08_detail.html
20230805-Orix_Buffaloes-Saitama_Seibu_Lions,2023-08-05 17:00:00,2023,Orix Buffaloes,Saitama Seibu Lions,2.0,1.0,Final,ベルーナドーム,https://npb.jp/games/2023/schedule_08_detail.html
20230805-Chiba_Lotte_Marines-Tohoku_Rakuten_Golden_Eagles,2023-08-05 18:00:00,2023,Chiba Lotte Marines,Tohoku Rakuten Golden Eagles,6.0,7.0,Final,楽天モバイル,https://npb.jp/games/2023/schedule_08_detail.html
20230805-Yomiuri_Giants-Hiroshima_Toyo_Carp,2023-08-05 18:00:00,2023,Yomiuri Giants,Hiroshima Toyo Carp,3.0,7.0,Final,マツダスタジアム,https://npb.jp/games/2023/schedule_08_detail.html
20230806-Fukuoka_SoftBank_Hawks-Hokkaido_Nippon-Ham_Fighters,2023-08-06 13:00:00,2023,Fukuoka SoftBank Hawks,Hokkaido Nippon-Ham Fighters,6.0,1.0,Final,エスコンＦ,https://npb.jp/games/2023/schedule_08_detail.html
20230806-Tokyo_Yakult_Swallows-Chunichi_Dragons,2023-08-06 14:00:00,2023,Tokyo Yakult Swallows,Chunichi Dragons,3.0,1.0,Final,バンテリンドーム,https://npb.jp/games/2023/schedule_08_detail.html
20230806-Chiba_Lotte_Marines-Tohoku_Rakuten_Golden_Eagles,2023-08-06 17:00:00,2023,Chiba Lotte Marines,Tohoku Rakuten Golden Eagles,1.0,2.0,Final,楽天モバイル,https://npb.jp/games/2023/schedule_08_detail.html
20230806-Hanshin_Tigers-Yokohama_DeNA_BayStars,2023-08-06 17:00:00,2023,Hanshin Tigers,Yokohama DeNA BayStars,3.0,2.0,Final,横 浜,https://npb.jp/games/2023/schedule_08_detail.html
20230806-Orix_Buffaloes-Saitama_Seibu_Lions,2023-08-06 17:00:00,2023,Orix Buffaloes,Saitama Seibu Lions,9.0,0.0,Final,ベルーナドーム,https://npb.jp/games/2023/schedule_08_detail.html
20230806-Yomiuri_Giants-Hiroshima_Toyo_Carp,2023-08-06 18:00:00,2023,Yomiuri Giants,Hiroshima Toyo Carp,13.0,0.0,Final,マツダスタジアム,https://npb.jp/games/2023/schedule_08_detail.html
20230808-Chunichi_Dragons-Yokohama_DeNA_BayStars,2023-08-08 17:45:00,2023,Chunichi Dragons,Yokohama DeNA BayStars,4.0,7.0,Final,横 浜,https://npb.jp/games/2023/schedule_08_detail.html
20230808-Hanshin_Tigers-Yomiuri_Giants,2023-08-08 18:00:00,2023,Hanshin Tigers,Yomiuri Giants,7.0,6.0,Final,東京ドーム,https://npb.jp/games/2023/schedule_08_detail.html
20230808-Hiroshima_Toyo_Carp-Tokyo_Yakult_Swallows,2023-08-08 18:00:00,2023,Hiroshima Toyo Carp,Tokyo Yakult Swallows,4.0,5.0,Final,神 宮,https://npb.jp/games/2023/schedule_08_detail.html
20230808-Orix_Buffaloes-Chiba_Lotte_Marines,2023-08-08 18:00:00,2023,Orix Buffaloes,Chiba Lotte Marines,2.0,0.0,Final,ZOZOマリン,https://npb.jp/games/2023/schedule_08_detail.html
20230808-Saitama_Seibu_Lions-Hokkaido_Nippon-Ham_Fighters,2023-08-08 18:00:00,2023,Saitama Seibu Lions,Hokkaido Nippon-Ham Fighters,6.0,3.0,Final,エスコンＦ,https://npb.jp/games/2023/schedule_08_detail.html
20230808-Tohoku_Rakuten_Golden_Eagles-Fukuoka_SoftBank_Hawks,2023-08-08 18:00:00,2023,Tohoku Rakuten Golden Eagles,Fukuoka SoftBank Hawks,9.0,3.0,Final,PayPayドーム,https://npb.jp/games/2023/schedule_08_detail.html
20230809-Chunichi_Dragons-Yokohama_DeNA_BayStars,2023-08-09 17:45:00,2023,Chunichi Dragons,Yokohama DeNA BayStars,2.0,8.0,Final,横 浜,https://npb.jp/games/2023/schedule_08_detail.html
20230809-Hanshin_Tigers-Yomiuri_Giants,2023-08-09 18:00:00,2023,Hanshin Tigers,Yomiuri Giants,5.0,2.0,Final,東京ドーム,https://npb.jp/games/2023/schedule_08_detail.html
20230809-Hiroshima_Toyo_Carp-Tokyo_Yakult_Swallows,2023-08-09 18:00:00,2023,Hiroshima Toyo Carp,Tokyo Yakult Swallows,5.0,11.0,Final,神 宮,https://npb.jp/games/2023/schedule_08_detail.html
20230809-Orix_Buffaloes-Chiba_Lotte_Marines,2023-08-09 18:00:00,2023,Orix Buffaloes,Chiba Lotte Marines,8.0,3.0,Final,ZOZOマリン,https://npb.jp/games/2023/schedule_08_detail.html
20230809-Saitama_Seibu_Lions-Hokkaido_Nippon-Ham_Fighters,2023-08-09 18:00:00,2023,Saitama Seibu Lions,Hokkaido Nippon-Ham Fighters,6.0,0.0,Final,エスコンＦ,https://npb.jp/games/2023/schedule_08_detail.html
20230809-Tohoku_Rakuten_Golden_Eagles-Fukuoka_SoftBank_Hawks,2023-08-09 18:00:00,2023,Tohoku Rakuten Golden Eagles,Fukuoka SoftBank Hawks,,,Postponed,PayPayドーム,https://npb.jp/games/2023/schedule_08_detail.html
20230810-Chunichi_Dragons-Yokohama_DeNA_BayStars,2023-08-10 17:45:00,2023,Chunichi Dragons,Yokohama DeNA BayStars,1.0,5.0,Final,横 浜,https://npb.jp/games/2023/schedule_08_detail.html
20230810-Hanshin_Tigers-Yomiuri_Giants,2023-08-10 18:00:00,2023,Hanshin Tigers,Yomiuri Giants,5.0,2.0,Final,東京ドーム,https://npb.jp/games/2023/schedule_08_detail.html
20230810-Hiroshima_Toyo_Carp-Tokyo_Yakult_Swallows,2023-08-10 18:00:00,2023,Hiroshima Toyo Carp,Tokyo Yakult Swallows,3.0,13.0,Final,神 宮,https://npb.jp/games/2023/schedule_08_detail.html
20230810-Orix_Buffaloes-Chiba_Lotte_Marines,2023-08-10 18:00:00,2023,Orix Buffaloes,Chiba Lotte Marines,1.0,3.0,Final,ZOZOマリン,https://npb.jp/games/2023/schedule_08_detail.html
20230810-Saitama_Seibu_Lions-Hokkaido_Nippon-Ham_Fighters,2023-08-10 18:00:00,2023,Saitama Seibu Lions,Hokkaido Nippon-Ham Fighters,5.0,6.0,Final,エスコンＦ,https://npb.jp/games/2023/schedule_08_detail.html
20230810-Tohoku_Rakuten_Golden_Eagles-Fukuoka_SoftBank_Hawks,2023-08-10 18:00:00,2023,Tohoku Rakuten Golden Eagles,Fukuoka SoftBank Hawks,4.0,11.0,Final,PayPayドーム,https://npb.jp/games/2023/schedule_08_detail.html
20230811-Yokohama_DeNA_BayStars-Yomiuri_Giants,2023-08-11 14:00:00,2023,Yokohama DeNA BayStars,Yomiuri Giants,4.0,2.0,Final,東京ドーム,https://npb.jp/games/2023/schedule_08_detail.html
20230811-Hiroshima_Toyo_Carp-Chunichi_Dragons,2023-08-11 18:00:00,2023,Hiroshima Toyo Carp,Chunichi Dragons,3.0,3.0,Final,バンテリンドーム,https://npb.jp/games/2023/schedule_08_detail.html
20230811-Hokkaido_Nippon-Ham_Fighters-Fukuoka_SoftBank_Hawks,2023-08-11 18:00:00,2023,Hokkaido Nippon-Ham Fighters,Fukuoka SoftBank Hawks,4.0,7.0,Final,PayPayドーム,https://npb.jp/games/2023/schedule_08_detail.html
20230811-Orix_Buffaloes-Tohoku_Rakuten_Golden_Eagles,2023-08-11 18:00:00,2023,Orix Buffaloes,Tohoku Rakuten Golden Eagles,0.0,5.0,Final,楽天モバイル,https://npb.jp/games/2023/schedule_08_detail.html
20230811-Saitama_Seibu_Lions-Chiba_Lotte_Marines,2023-08-11 18:00:00,2023,Saitama Seibu Lions,Chiba Lotte Marines,8.0,2.0,Final,ZOZOマリン,https://npb.jp/games/2023/schedule_08_detail.html
20230811-Tokyo_Yakult_Swallows-Hanshin_Tigers,2023-08-11 18:00:00,2023,Tokyo Yakult Swallows,Hanshin Tigers,1.0,2.0,Final,京セラD大阪,https://npb.jp/games/2023/schedule_08_detail.html
20230812-Hiroshima_Toyo_Carp-Chunichi_Dragons,2023-08-12 14:00:00,2023,Hiroshima Toyo Carp,Chunichi Dragons,2.0,3.0,Final,バンテリンドーム,https://npb.jp/games/2023/schedule_08_detail.html
20230812-Yokohama_DeNA_BayStars-Yomiuri_Giants,2023-08-12 14:00:00,2023,Yokohama DeNA BayStars,Yomiuri Giants,1.0,5.0,Final,東京ドーム,https://npb.jp/games/2023/schedule_08_detail.html
20230812-Hokkaido_Nippon-Ham_Fighters-Fukuoka_SoftBank_Hawks,2023-08-12 18:00:00,2023,Hokkaido Nippon-Ham Fighters,Fukuoka SoftBank Hawks,9.0,0.0,Final,PayPayドーム,https://npb.jp/games/2023/schedule_08_detail.html
20230812-Orix_Buffaloes-Tohoku_Rakuten_Golden_Eagles,2023-08-12 18:00:00,2023,Orix Buffaloes,Tohoku Rakuten Golden Eagles,,,Postponed,楽天モバイル,https://npb.jp/games/2023/schedule_08_detail.html
20230812-Saitama_Seibu_Lions-Chiba_Lotte_Marines,2023-08-12 18:00:00,2023,Saitama Seibu Lions,Chiba Lotte Marines,2.0,3.0,Final,ZOZOマリン,https://npb.jp/games/2023/schedule_08_detail.html
20230812-Tokyo_Yakult_Swallows-Hanshin_Tigers,2023-08-12 18:00:00,2023,Tokyo Yakult Swallows,Hanshin Tigers,3.0,4.0,Final,京セラD大阪,https://npb.jp/games/2023/schedule_08_detail.html
20230813-Hokkaido_Nippon-Ham_Fighters-Fukuoka_SoftBank_Hawks,2023-08-13 13:00:00,2023,Hokkaido Nippon-Ham Fighters,Fukuoka SoftBank Hawks,5.0,3.0,Final,PayPayドーム,https://npb.jp/games/2023/schedule_08_detail.html
20230813-Hiroshima_Toyo_Carp-Chunichi_Dragons,2023-08-13 14:00:00,2023,Hiroshima Toyo Carp,Chunichi Dragons,1.0,2.0,Final,バンテリンドーム,https://npb.jp/games/2023/schedule_08_detail.html
20230813-Yokohama_DeNA_BayStars-Yomiuri_Giants,2023-08-13 14:00:00,2023,Yokohama DeNA BayStars,Yomiuri Giants,1.0,8.0,Final,東京ドーム,https://npb.jp/games/2023/schedule_08_detail.html
20230813-Orix_Buffaloes-Tohoku_Rakuten_Golden_Eagles,2023-08-13 17:00:00,2023,Orix Buffaloes,Tohoku Rakuten Golden Eagles,1.0,0.0,Final,楽天モバイル,https://npb.jp/games/2023/schedule_08_detail.html
20230813-Saitama_Seibu_Lions-Chiba_Lotte_Marines,2023-08-13 17:00:00,2023,Saitama Seibu Lions,Chiba Lotte Marines,2.0,3.0,Final,ZOZOマリン,https://npb.jp/games/2023/schedule_08_detail.html
20230813-Tokyo_Yakult_Swallows-Hanshin_Tigers,2023-08-13 18:00:00,2023,Tokyo Yakult Swallows,Hanshin Tigers,3.0,5.0,Final,京セラD大阪,https://npb.jp/games/2023/schedule_08_detail.html
20230815-Chiba_Lotte_Marines-Hokkaido_Nippon-Ham_Fighters,2023-08-15 18:00:00,2023,Chiba Lotte Marines,Hokkaido Nippon-Ham Fighters,5.0,6.0,Final,エスコンＦ,https://npb.jp/games/2023/schedule_08_detail.html
20230815-Fukuoka_SoftBank_Hawks-Orix_Buffaloes,2023-08-15 18:00:00,2023,Fukuoka SoftBank Hawks,Orix Buffaloes,,,Postponed,京セラD大阪,https://npb.jp/games/2023/schedule_08_detail.html
20230815-Hanshin_Tigers-Hiroshima_Toyo_Carp,2023-08-15 18:00:00,2023,Hanshin Tigers,Hiroshima Toyo Carp,6.0,7.0,Final,マツダスタジアム,https://npb.jp/games/2023/schedule_08_detail.html
20230815-Tohoku_Rakuten_Golden_Eagles-Saitama_Seibu_Lions,2023-08-15 18:00:00,2023,Tohoku Rakuten Golden Eagles,Saitama Seibu Lions,5.0,3.0,Final,ベルーナドーム,https://npb.jp/games/2023/schedule_08_detail.html
20230815-Yokohama_DeNA_BayStars-Tokyo_Yakult_Swallows,2023-08-15 18:00:00,2023,Yokohama DeNA BayStars,Tokyo Yakult Swallows,9.0,3.0,Final,神 宮,https://npb.jp/games/2023/schedule_08_detail.html
20230815-Yomiuri_Giants-Chunichi_Dragons,2023-08-15 18:00:00,2023,Yomiuri Giants,Chunichi Dragons,,,Postponed,バンテリンドーム,https://npb.jp/games/2023/schedule_08_detail.html
20230816-Chiba_Lotte_Marines-Hokkaido_Nippon-Ham_Fighters,2023-08-16 18:00:00,2023,Chiba Lotte Marines,Hokkaido Nippon-Ham Fighters,0.0,6.0,Final,エスコンＦ,https://npb.jp/games/2023/schedule_08_detail.html
20230816-Fukuoka_SoftBank_Hawks-Orix_Buffaloes,2023-08-16 18:00:00,2023,Fukuoka SoftBank Hawks,Orix Buffaloes,3.0,2.0,Final,京セラD大阪,https://npb.jp/games/2023/schedule_08_detail.html
20230816-Hanshin_Tigers-Hiroshima_Toyo_Carp,2023-08-16 18:00:00,2023,Hanshin Tigers,Hiroshima Toyo Carp,5.0,3.0,Final,マツダスタジアム,https://npb.jp/games/2023/schedule_08_detail.html
20230816-Tohoku_Rakuten_Golden_Eagles-Saitama_Seibu_Lions,2023-08-16 18:00:00,2023,Tohoku Rakuten Golden Eagles,Saitama Seibu Lions,1.0,4.0,Final,ベルーナドーム,https://npb.jp/games/2023/schedule_08_detail.html
20230816-Yokohama_DeNA_BayStars-Tokyo_Yakult_Swallows,2023-08-16 18:00:00,2023,Yokohama DeNA BayStars,Tokyo Yakult Swallows,6.0,8.0,Final,神 宮,https://npb.jp/games/2023/schedule_08_detail.html
20230816-Yomiuri_Giants-Chunichi_Dragons,2023-08-16 18:00:00,2023,Yomiuri Giants,Chunichi Dragons,1.0,2.0,Final,バンテリンドーム,https://npb.jp/games/2023/schedule_08_detail.html
20230817-Chiba_Lotte_Marines-Hokkaido_Nippon-Ham_Fighters,2023-08-17 18:00:00,2023,Chiba Lotte Marines,Hokkaido Nippon-Ham Fighters,0.0,5.0,Final,エスコンＦ,https://npb.jp/games/2023/schedule_08_detail.html
20230817-Fukuoka_SoftBank_Hawks-Orix_Buffaloes,2023-08-17 18:00:00,2023,Fukuoka SoftBank Hawks,Orix Buffaloes,1.0,2.0,Final,京セラD大阪,https://npb.jp/games/2023/schedule_08_detail.html
20230817-Hanshin_Tigers-Hiroshima_Toyo_Carp,2023-08-17 18:00:00,2023,Hanshin Tigers,Hiroshima Toyo Carp,0.0,6.0,Final,マツダスタジアム,https://npb.jp/games/2023/schedule_08_detail.html
20230817-Tohoku_Rakuten_Golden_Eagles-Saitama_Seibu_Lions,2023-08-17 18:00:00,2023,Tohoku Rakuten Golden Eagles,Saitama Seibu Lions,2.0,4.0,Final,ベルーナドーム,https://npb.jp/games/2023/schedule_08_detail.html
20230817-Yokohama_DeNA_BayStars-Tokyo_Yakult_Swallows,2023-08-17 18:00:00,2023,Yokohama DeNA BayStars,Tokyo Yakult Swallows,5.0,3.0,Final,神 宮,https://npb.jp/games/2023/schedule_08_detail.html
20230817-Yomiuri_Giants-Chunichi_Dragons,2023-08-17 18:00:00,2023,Yomiuri Giants,Chunichi Dragons,2.0,0.0,Final,バンテリンドーム,https://npb.jp/games/2023/schedule_08_detail.html
20230818-Chiba_Lotte_Marines-Tohoku_Rakuten_Golden_Eagles,2023-08-18 18:00:00,2023,Chiba Lotte Marines,Tohoku Rakuten Golden Eagles,4.0,1.0,Final,楽天モバイル,https://npb.jp/games/2023/schedule_08_detail.html
20230818-Chunichi_Dragons-Tokyo_Yakult_Swallows,2023-08-18 18:00:00,2023,Chunichi Dragons,Tokyo Yakult Swallows,2.0,10.0,Final,神 宮,https://npb.jp/games/2023/schedule_08_detail.html
20230818-Hanshin_Tigers-Yokohama_DeNA_BayStars,2023-08-18 18:00:00,2023,Hanshin Tigers,Yokohama DeNA BayStars,1.0,2.0,Final,横 浜,https://npb.jp/games/2023/schedule_08_detail.html
20230818-Hokkaido_Nippon-Ham_Fighters-Orix_Buffaloes,2023-08-18 18:00:00,2023,Hokkaido Nippon-Ham Fighters,Orix Buffaloes,1.0,1.0,Final,京セラD大阪,https://npb.jp/games/2023/schedule_08_detail.html
20230818-Saitama_Seibu_Lions-Fukuoka_SoftBank_Hawks,2023-08-18 18:00:00,2023,Saitama Seibu Lions,Fukuoka SoftBank Hawks,0.0,8.0,Final,PayPayドーム,https://npb.jp/games/2023/schedule_08_detail.html
20230818-Yomiuri_Giants-Hiroshima_Toyo_Carp,2023-08-18 18:00:00,2023,Yomiuri Giants,Hiroshima Toyo Carp,5.0,4.0,Final,マツダスタジアム,https://npb.jp/games/2023/schedule_08_detail.html
20230819-Hokkaido_Nippon-Ham_Fighters-Orix_Buffaloes,2023-08-19 14:00:00,2023,Hokkaido Nippon-Ham Fighters,Orix Buffaloes,1.0,2.0,Final,京セラD大阪,https://npb.jp/games/2023/schedule_08_detail.html
20230819-Chiba_Lotte_Marines-Tohoku_Rakuten_Golden_Eagles,2023-08-19 18:00:00,2023,Chiba Lotte Marines,Tohoku Rakuten Golden Eagles,5.0,7.0,Final,楽天モバイル,https://npb.jp/games/2023/schedule_08_detail.html
20230819-Chunichi_Dragons-Tokyo_Yakult_Swallows,2023-08-19 18:00:00,2023,Chunichi Dragons,Tokyo Yakult Swallows,2.0,3.0,Final,神 宮,https://npb.jp/games/2023/schedule_08_detail.html
20230819-Hanshin_Tigers-Yokohama_DeNA_BayStars,2023-08-19 18:00:00,2023,Hanshin Tigers,Yokohama DeNA BayStars,6.0,2.0,Final,横 浜,https://npb.jp/games/2023/schedule_08_detail.html
20230819-Saitama_Seibu_Lions-Fukuoka_SoftBank_Hawks,2023-08-19 18:00:00,2023,Saitama Seibu Lions,Fukuoka SoftBank Hawks,2.0,3.0,Final,PayPayドーム,https://npb.jp/games/2023/schedule_08_detail.html
20230819-Yomiuri_Giants-Hiroshima_Toyo_Carp,2023-08-19 18:00:00,2023,Yomiuri Giants,Hiroshima Toyo Carp,3.0,6.0,Final,マツダスタジアム,https://npb.jp/games/2023/schedule_08_detail.html
20230820-Hokkaido_Nippon-Ham_Fighters-Orix_Buffaloes,2023-08-20 13:00:00,2023,Hokkaido Nippon-Ham Fighters,Orix Buffaloes,0.0,1.0,Final,京セラD大阪,https://npb.jp/games/2023/schedule_08_detail.html
20230820-Saitama_Seibu_Lions-Fukuoka_SoftBank_Hawks,2023-08-20 13:00:00,2023,Saitama Seibu Lions,Fukuoka SoftBank Hawks,6.0,4.0,Final,PayPayドーム,https://npb.jp/games/2023/schedule_08_detail.html
20230820-Chiba_Lotte_Marines-Tohoku_Rakuten_Golden_Eagles,2023-08-20 16:00:00,2023,Chiba Lotte Marines,Tohoku Rakuten Golden Eagles,4.0,3.0,Final,楽天モバイル,https://npb.jp/games/2023/schedule_08_detail.html
20230820-Hanshin_Tigers-Yokohama_DeNA_BayStars,2023-08-20 17:00:00,2023,Hanshin Tigers,Yokohama DeNA BayStars,2.0,0.0,Final,横 浜,https://npb.jp/games/2023/schedule_08_detail.html
20230820-Chunichi_Dragons-Tokyo_Yakult_Swallows,2023-08-20 18:00:00,2023,Chunichi Dragons,Tokyo Yakult Swallows,0.0,1.0,Final,神 宮,https://npb.jp/games/2023/schedule_08_detail.html
20230820-Yomiuri_Giants-Hiroshima_Toyo_Carp,2023-08-20 18:00:00,2023,Yomiuri Giants,Hiroshima Toyo Carp,5.0,7.0,Final,マツダスタジアム,https://npb.jp/games/2023/schedule_08_detail.html
20230822-Chunichi_Dragons-Hanshin_Tigers,2023-08-22 18:00:00,2023,Chunichi Dragons,Hanshin Tigers,3.0,4.0,Final,京セラD大阪,https://npb.jp/games/2023/schedule_08_detail.html
20230822-Fukuoka_SoftBank_Hawks-Chiba_Lotte_Marines,2023-08-22 18:00:00,2023,Fukuoka SoftBank Hawks,Chiba Lotte Marines,3.0,5.0,Final,ZOZOマリン,https://npb.jp/games/2023/schedule_08_detail.html
20230822-Hiroshima_Toyo_Carp-Yokohama_DeNA_BayStars,2023-08-22 18:00:00,2023,Hiroshima Toyo Carp,Yokohama DeNA BayStars,5.0,0.0,Final,横 浜,https://npb.jp/games/2023/schedule_08_detail.html
20230822-Orix_Buffaloes-Saitama_Seibu_Lions,2023-08-22 18:00:00,2023,Orix Buffaloes,Saitama Seibu Lions,5.0,1.0,Final,ベルーナドーム,https://npb.jp/games/2023/schedule_08_detail.html
20230822-Tohoku_Rakuten_Golden_Eagles-Hokkaido_Nippon-Ham_Fighters,2023-08-22 18:00:00,2023,Tohoku Rakuten Golden Eagles,Hokkaido Nippon-Ham Fighters,2.0,6.0,Final,エスコンＦ,https://npb.jp/games/2023/schedule_08_detail.html
20230822-Tokyo_Yakult_Swallows-Yomiuri_Giants,2023-08-22 18:00:00,2023,Tokyo Yakult Swallows,Yomiuri Giants,4.0,8.0,Final,東京ドーム,https://npb.jp/games/2023/schedule_08_detail.html
20230823-Chunichi_Dragons-Hanshin_Tigers,2023-08-23 18:00:00,2023,Chunichi Dragons,Hanshin Tigers,2.0,7.0,Final,京セラD大阪,https://npb.jp/games/2023/schedule_08_detail.html
20230823-Fukuoka_SoftBank_Hawks-Chiba_Lotte_Marines,2023-08-23 18:00:00,2023,Fukuoka SoftBank Hawks,Chiba Lotte Marines,9.0,5.0,Final,ZOZOマリン,https://npb.jp/games/2023/schedule_08_detail.html
20230823-Hiroshima_Toyo_Carp-Yokohama_DeNA_BayStars,2023-08-23 18:00:00,2023,Hiroshima Toyo Carp,Yokohama DeNA BayStars,5.0,2.0,Final,横 浜,https://npb.jp/games/2023/schedule_08_detail.html
20230823-Orix_Buffaloes-Saitama_Seibu_Lions,2023-08-23 18:00:00,2023,Orix Buffaloes,Saitama Seibu Lions,3.0,0.0,Final,ベルーナドーム,https://npb.jp/games/2023/schedule_08_detail.html
20230823-Tohoku_Rakuten_Golden_Eagles-Hokkaido_Nippon-Ham_Fighters,2023-08-23 18:00:00,2023,Tohoku Rakuten Golden Eagles,Hokkaido Nippon-Ham Fighters,4.0,10.0,Final,エスコンＦ,https://npb.jp/games/2023/schedule_08_detail.html
20230823-Tokyo_Yakult_Swallows-Yomiuri_Giants,2023-08-23 18:00:00,2023,Tokyo Yakult Swallows,Yomiuri Giants,3.0,4.0,Final,東京ドーム,https://npb.jp/games/2023/schedule_08_detail.html
20230824-Fukuoka_SoftBank_Hawks-Chiba_Lotte_Marines,2023-08-24 18:00:00,2023,Fukuoka SoftBank Hawks,Chiba Lotte Marines,4.0,5.0,Final,ZOZOマリン,https://npb.jp/games/2023/schedule_08_detail.html
20230824-Hiroshima_Toyo_Carp-Yokohama_DeNA_BayStars,2023-08-24 18:00:00,2023,Hiroshima Toyo Carp,Yokohama DeNA BayStars,1.0,3.0,Final,横 浜,https://npb.jp/games/2023/schedule_08_detail.html
20230824-Orix_Buffaloes-Saitama_Seibu_Lions,2023-08-24 18:00:00,2023,Orix Buffaloes,Saitama Seibu Lions,5.0,0.0,Final,ベルーナドーム,https://npb.jp/games/2023/schedule_08_detail.html
20230824-Tokyo_Yakult_Swallows-Yomiuri_Giants,2023-08-24 18:00:00,2023,Tokyo Yakult Swallows,Yomiuri Giants,3.0,5.0,Final,東京ドーム,https://npb.jp/games/2023/schedule_08_detail.html
20230825-Chiba_Lotte_Marines-Orix_Buffaloes,2023-08-25 18:00:00,2023,Chiba Lotte Marines,Orix Buffaloes,3.0,4.0,Final,京セラD大阪,https://npb.jp/games/2023/schedule_08_detail.html
20230825-Fukuoka_SoftBank_Hawks-Tohoku_Rakuten_Golden_Eagles,2023-08-25 18:00:00,2023,Fukuoka SoftBank Hawks,Tohoku Rakuten Golden Eagles,2.0,3.0,Final,楽天モバイル,https://npb.jp/games/2023/schedule_08_detail.html
20230825-Hanshin_Tigers-Yomiuri_Giants,2023-08-25 18:00:00,2023,Hanshin Tigers,Yomiuri Giants,8.0,1.0,Final,東京ドーム,https://npb.jp/games/2023/schedule_08_detail.html
20230825-Hokkaido_Nippon-Ham_Fighters-Saitama_Seibu_Lions,2023-08-25 18:00:00,2023,Hokkaido Nippon-Ham Fighters,Saitama Seibu Lions,0.0,5.0,Final,ベルーナドーム,https://npb.jp/games/2023/schedule_08_detail.html
20230825-Tokyo_Yakult_Swallows-Hiroshima_Toyo_Carp,2023-08-25 18:00:00,2023,Tokyo Yakult Swallows,Hiroshima Toyo Carp,3.0,4.0,Final,マツダスタジアム,https://npb.jp/games/2023/schedule_08_detail.html
20230825-Yokohama_DeNA_BayStars-Chunichi_Dragons,2023-08-25 18:00:00,2023,Yokohama DeNA BayStars,Chunichi Dragons,18.0,2.0,Final,バンテリンドーム,https://npb.jp/games/2023/schedule_08_detail.html
20230826-Chiba_Lotte_Marines-Orix_Buffaloes,2023-08-26 14:00:00,2023,Chiba Lotte Marines,Orix Buffaloes,0.0,0.0,Final,京セラD大阪,https://npb.jp/games/2023/schedule_08_detail.html
20230826-Yokohama_DeNA_BayStars-Chunichi_Dragons,2023-08-26 14:00:00,2023,Yokohama DeNA BayStars,Chunichi Dragons,2.0,0.0,Final,バンテリンドーム,https://npb.jp/games/2023/schedule_08_detail.html
20230826-Hokkaido_Nippon-Ham_Fighters-Saitama_Seibu_Lions,2023-08-26 17:00:00,2023,Hokkaido Nippon-Ham Fighters,Saitama Seibu Lions,7.0,0.0,Final,ベルーナドーム,https://npb.jp/games/2023/schedule_08_detail.html
20230826-Fukuoka_SoftBank_Hawks-Tohoku_Rakuten_Golden_Eagles,2023-08-26 18:00:00,2023,Fukuoka SoftBank Hawks,Tohoku Rakuten Golden Eagles,1.0,2.0,Final,楽天モバイル,https://npb.jp/games/2023/schedule_08_detail.html
20230826-Hanshin_Tigers-Yomiuri_Giants,2023-08-26 18:00:00,2023,Hanshin Tigers,Yomiuri Giants,9.0,6.0,Final,東京ドーム,https://npb.jp/games/2023/schedule_08_detail.html
20230826-Tokyo_Yakult_Swallows-Hiroshima_Toyo_Carp,2023-08-26 18:00:00,2023,Tokyo Yakult Swallows,Hiroshima Toyo Carp,6.0,7.0,Final,マツダスタジアム,https://npb.jp/games/2023/schedule_08_detail.html
20230827-Chiba_Lotte_Marines-Orix_Buffaloes,2023-08-27 13:00:00,2023,Chiba Lotte Marines,Orix Buffaloes,2.0,5.0,Final,京セラD大阪,https://npb.jp/games/2023/schedule_08_detail.html
20230827-Hanshin_Tigers-Yomiuri_Giants,2023-08-27 14:00:00,2023,Hanshin Tigers,Yomiuri Giants,2.0,4.0,Final,東京ドーム,https://npb.jp/games/2023/schedule_08_detail.html
20230827-Yokohama_DeNA_BayStars-Chunichi_Dragons,2023-08-27 14:00:00,2023,Yokohama DeNA BayStars,Chunichi Dragons,1.0,2.0,Final,バンテリンドーム,https://npb.jp/games/2023/schedule_08_detail.html
20230827-Fukuoka_SoftBank_Hawks-Tohoku_Rakuten_Golden_Eagles,2023-08-27 16:00:00,2023,Fukuoka SoftBank Hawks,Tohoku Rakuten Golden Eagles,1.0,7.0,Final,楽天モバイル,https://npb.jp/games/2023/schedule_08_detail.html
20230827-Hokkaido_Nippon-Ham_Fighters-Saitama_Seibu_Lions,2023-08-27 17:00:00,2023,Hokkaido Nippon-Ham Fighters,Saitama Seibu Lions,4.0,3.0,Final,ベルーナドーム,https://npb.jp/games/2023/schedule_08_detail.html
20230827-Tokyo_Yakult_Swallows-Hiroshima_Toyo_Carp,2023-08-27 18:00:00,2023,Tokyo Yakult Swallows,Hiroshima Toyo Carp,7.0,7.0,Final,マツダスタジアム,https://npb.jp/games/2023/schedule_08_detail.html
20230829-Hiroshima_Toyo_Carp-Yomiuri_Giants,2023-08-29 18:00:00,2023,Hiroshima Toyo Carp,Yomiuri Giants,5.0,4.0,Final,京セラD大阪,https://npb.jp/games/2023/schedule_08_detail.html
20230829-Hokkaido_Nippon-Ham_Fighters-Chiba_Lotte_Marines,2023-08-29 18:00:00,2023,Hokkaido Nippon-Ham Fighters,Chiba Lotte Marines,0.0,6.0,Final,ZOZOマリン,https://npb.jp/games/2023/schedule_08_detail.html
20230829-Orix_Buffaloes-Fukuoka_SoftBank_Hawks,2023-08-29 18:00:00,2023,Orix Buffaloes,Fukuoka SoftBank Hawks,0.0,7.0,Final,長 崎,https://npb.jp/games/2023/schedule_08_detail.html
20230829-Saitama_Seibu_Lions-Tohoku_Rakuten_Golden_Eagles,2023-08-29 18:00:00,2023,Saitama Seibu Lions,Tohoku Rakuten Golden Eagles,1.0,2.0,Final,楽天モバイル,https://npb.jp/games/2023/schedule_08_detail.html
20230829-Tokyo_Yakult_Swallows-Chunichi_Dragons,2023-08-29 18:00:00,2023,Tokyo Yakult Swallows,Chunichi Dragons,0.0,3.0,Final,バンテリンドーム,https://npb.jp/games/2023/schedule_08_detail.html
20230829-Yokohama_DeNA_BayStars-Hanshin_Tigers,2023-08-29 18:00:00,2023,Yokohama DeNA BayStars,Hanshin Tigers,3.0,2.0,Final,甲子園,https://npb.jp/games/2023/schedule_08_detail.html
20230830-Hiroshima_Toyo_Carp-Yomiuri_Giants,2023-08-30 18:00:00,2023,Hiroshima Toyo Carp,Yomiuri Giants,2.0,1.0,Final,京セラD大阪,https://npb.jp/games/2023/schedule_08_detail.html
20230830-Hokkaido_Nippon-Ham_Fighters-Chiba_Lotte_Marines,2023-08-30 18:00:00,2023,Hokkaido Nippon-Ham Fighters,Chiba Lotte Marines,3.0,2.0,Final,ZOZOマリン,https://npb.jp/games/2023/schedule_08_detail.html
20230830-Orix_Buffaloes-Fukuoka_SoftBank_Hawks,2023-08-30 18:00:00,2023,Orix Buffaloes,Fukuoka SoftBank Hawks,8.0,4.0,Final,PayPayドーム,https://npb.jp/games/2023/schedule_08_detail.html
20230830-Saitama_Seibu_Lions-Tohoku_Rakuten_Golden_Eagles,2023-08-30 18:00:00,2023,Saitama Seibu Lions,Tohoku Rakuten Golden Eagles,4.0,6.0,Final,楽天モバイル,https://npb.jp/games/2023/schedule_08_detail.html
20230830-Tokyo_Yakult_Swallows-Chunichi_Dragons,2023-08-30 18:00:00,2023,Tokyo Yakult Swallows,Chunichi Dragons,2.0,3.0,Final,バンテリンドーム,https://npb.jp/games/2023/schedule_08_detail.html
20230830-Yokohama_DeNA_BayStars-Hanshin_Tigers,2023-08-30 18:00:00,2023,Yokohama DeNA BayStars,Hanshin Tigers,4.0,2.0,Final,甲子園,https://npb.jp/games/2023/schedule_08_detail.html
20230831-Hiroshima_Toyo_Carp-Yomiuri_Giants,2023-08-31 18:00:00,2023,Hiroshima Toyo Carp,Yomiuri Giants,0.0,2.0,Final,岐 阜,https://npb.jp/games/2023/schedule_08_detail.html
20230831-Hokkaido_Nippon-Ham_Fighters-Chiba_Lotte_Marines,2023-08-31 18:00:00,2023,Hokkaido Nippon-Ham Fighters,Chiba Lotte Marines,4.0,6.0,Final,ZOZOマリン,https://npb.jp/games/2023/schedule_08_detail.html
20230831-Orix_Buffaloes-Fukuoka_SoftBank_Hawks,2023-08-31 18:00:00,2023,Orix Buffaloes,Fukuoka SoftBank Hawks,0.0,1.0,Final,PayPayドーム,https://npb.jp/games/2023/schedule_08_detail.html
20230831-Saitama_Seibu_Lions-Tohoku_Rakuten_Golden_Eagles,2023-08-31 18:00:00,2023,Saitama Seibu Lions,Tohoku Rakuten Golden Eagles,5.0,4.0,Final,楽天モバイル,https://npb.jp/games/2023/schedule_08_detail.html
20230831-Tokyo_Yakult_Swallows-Chunichi_Dragons,2023-08-31 18:00:00,2023,Tokyo Yakult Swallows,Chunichi Dragons,6.0,1.0,Final,バンテリンドーム,https://npb.jp/games/2023/schedule_08_detail.html
20230901-Chunichi_Dragons-Hiroshima_Toyo_Carp,2023-09-01 18:00:00,2023,Chunichi Dragons,Hiroshima Toyo Carp,5.0,3.0,Final,マツダスタジアム,https://npb.jp/games/2023/schedule_09_detail.html
20230901-Fukuoka_SoftBank_Hawks-Saitama_Seibu_Lions,2023-09-01 18:00:00,2023,Fukuoka SoftBank Hawks,Saitama Seibu Lions,0.0,6.0,Final,ベルーナドーム,https://npb.jp/games/2023/schedule_09_detail.html
20230901-Hanshin_Tigers-Tokyo_Yakult_Swallows,2023-09-01 18:00:00,2023,Hanshin Tigers,Tokyo Yakult Swallows,4.0,2.0,Final,神 宮,https://npb.jp/games/2023/schedule_09_detail.html
20230901-Orix_Buffaloes-Hokkaido_Nippon-Ham_Fighters,2023-09-01 18:00:00,2023,Orix Buffaloes,Hokkaido Nippon-Ham Fighters,0.0,3.0,Final,エスコンＦ,https://npb.jp/games/2023/schedule_09_detail.html
20230901-Tohoku_Rakuten_Golden_Eagles-Chiba_Lotte_Marines,2023-09-01 18:00:00,2023,Tohoku Rakuten Golden Eagles,Chiba Lotte Marines,0.0,5.0,Final,ZOZOマリン,https://npb.jp/games/2023/schedule_09_detail.html
20230901-Yomiuri_Giants-Yokohama_DeNA_BayStars,2023-09-01 18:00:00,2023,Yomiuri Giants,Yokohama DeNA BayStars,3.0,9.0,Final,横 浜,https://npb.jp/games/2023/schedule_09_detail.html
20230902-Chunichi_Dragons-Hiroshima_Toyo_Carp,2023-09-02 14:00:00,2023,Chunichi Dragons,Hiroshima Toyo Carp,1.0,3.0,Final,マツダスタジアム,https://npb.jp/games/2023/schedule_09_detail.html
20230902-Orix_Buffaloes-Hokkaido_Nippon-Ham_Fighters,2023-09-02 14:00:00,2023,Orix Buffaloes,Hokkaido Nippon-Ham Fighters,1.0,0.0,Final,エスコンＦ,https://npb.jp/games/2023/schedule_09_detail.html
20230902-Fukuoka_SoftBank_Hawks-Saitama_Seibu_Lions,2023-09-02 18:00:00,2023,Fukuoka SoftBank Hawks,Saitama Seibu Lions,6.0,2.0,Final,ベルーナドーム,https://npb.jp/games/2023/schedule_09_detail.html
20230902-Hanshin_Tigers-Tokyo_Yakult_Swallows,2023-09-02 18:00:00,2023,Hanshin Tigers,Tokyo Yakult Swallows,6.0,5.0,Final,神 宮,https://npb.jp/games/2023/schedule_09_detail.html
20230902-Tohoku_Rakuten_Golden_Eagles-Chiba_Lotte_Marines,2023-09-02 18:00:00,2023,Tohoku Rakuten Golden Eagles,Chiba Lotte Marines,5.0,3.0,Final,ZOZOマリン,https://npb.jp/games/2023/schedule_09_detail.html
20230902-Yomiuri_Giants-Yokohama_DeNA_BayStars,2023-09-02 18:00:00,2023,Yomiuri Giants,Yokohama DeNA BayStars,4.0,13.0,Final,横 浜,https://npb.jp/games/2023/schedule_09_detail.html
20230903-Fukuoka_SoftBank_Hawks-Saitama_Seibu_Lions,2023-09-03 13:00:00,2023,Fukuoka SoftBank Hawks,Saitama Seibu Lions,3.0,2.0,Final,ベルーナドーム,https://npb.jp/games/2023/schedule_09_detail.html
20230903-Orix_Buffaloes-Hokkaido_Nippon-Ham_Fighters,2023-09-03 13:00:00,2023,Orix Buffaloes,Hokkaido Nippon-Ham Fighters,3.0,1.0,Final,エスコンＦ,https://npb.jp/games/2023/schedule_09_detail.html
20230903-Chunichi_Dragons-Hiroshima_Toyo_Carp,2023-09-03 13:30:00,2023,Chunichi Dragons,Hiroshima Toyo Carp,3.0,0.0,Final,マツダスタジアム,https://npb.jp/games/2023/schedule_09_detail.html
20230903-Tohoku_Rakuten_Golden_Eagles-Chiba_Lotte_Marines,2023-09-03 16:00:00,2023,Tohoku Rakuten Golden Eagles,Chiba Lotte Marines,5.0,4.0,Final,ZOZOマリン,https://npb.jp/games/2023/schedule_09_detail.html
20230903-Yomiuri_Giants-Yokohama_DeNA_BayStars,2023-09-03 17:00:00,2023,Yomiuri Giants,Yokohama DeNA BayStars,8.0,7.0,Final,横 浜,https://npb.jp/games/2023/schedule_09_detail.html
20230903-Hanshin_Tigers-Tokyo_Yakult_Swallows,2023-09-03 18:00:00,2023,Hanshin Tigers,Tokyo Yakult Swallows,7.0,1.0,Final,神 宮,https://npb.jp/games/2023/schedule_09_detail.html
20230905-Chiba_Lotte_Marines-Fukuoka_SoftBank_Hawks,2023-09-05 18:00:00,2023,Chiba Lotte Marines,Fukuoka SoftBank Hawks,7.0,1.0,Final,PayPayドーム,https://npb.jp/games/2023/schedule_09_detail.html
20230905-Hanshin_Tigers-Chunichi_Dragons,2023-09-05 18:00:00,2023,Hanshin Tigers,Chunichi Dragons,8.0,2.0,Final,バンテリンドーム,https://npb.jp/games/2023/schedule_09_detail.html
20230905-Hokkaido_Nippon-Ham_Fighters-Tohoku_Rakuten_Golden_Eagles,2023-09-05 18:00:00,2023,Hokkaido Nippon-Ham Fighters,Tohoku Rakuten Golden Eagles,,,Postponed,楽天モバイル,https://npb.jp/games/2023/schedule_09_detail.html
20230905-Saitama_Seibu_Lions-Orix_Buffaloes,2023-09-05 18:00:00,2023,Saitama Seibu Lions,Orix Buffaloes,3.0,0.0,Final,ほっと神戸,https://npb.jp/games/2023/schedule_09_detail.html
20230905-Yokohama_DeNA_BayStars-Hiroshima_Toyo_Carp,2023-09-05 18:00:00,2023,Yokohama DeNA BayStars,Hiroshima Toyo Carp,5.0,6.0,Final,マツダスタジアム,https://npb.jp/games/2023/schedule_09_detail.html
20230905-Yomiuri_Giants-Tokyo_Yakult_Swallows,2023-09-05 18:00:00,2023,Yomiuri Giants,Tokyo Yakult Swallows,4.0,3.0,Final,神 宮,https://npb.jp/games/2023/schedule_09_detail.html
20230906-Chiba_Lotte_Marines-Fukuoka_SoftBank_Hawks,2023-09-06 18:00:00,2023,Chiba Lotte Marines,Fukuoka SoftBank Hawks,0.0,3.0,Final,PayPayドーム,https://npb.jp/games/2023/schedule_09_detail.html
20230906-Hanshin_Tigers-Chunichi_Dragons,2023-09-06 18:00:00,2023,Hanshin Tigers,Chunichi Dragons,1.0,0.0,Final,バンテリンドーム,https://npb.jp/games/2023/schedule_09_detail.html
20230906-Hokkaido_Nippon-Ham_Fighters-Tohoku_Rakuten_Golden_Eagles,2023-09-06 18:00:00,2023,Hokkaido Nippon-Ham Fighters,Tohoku Rakuten Golden Eagles,,,Postponed,楽天モバイル,https://npb.jp/games/2023/schedule_09_detail.html
20230906-Saitama_Seibu_Lions-Orix_Buffaloes,2023-09-06 18:00:00,2023,Saitama Seibu Lions,Orix Buffaloes,4.0,3.0,Final,ほっと神戸,https://npb.jp/games/2023/schedule_09_detail.html
20230906-Yokohama_DeNA_BayStars-Hiroshima_Toyo_Carp,2023-09-06 18:00:00,2023,Yokohama DeNA BayStars,Hiroshima Toyo Carp,3.0,4.0,Final,マツダスタジアム,https://npb.jp/games/2023/schedule_09_detail.html
20230906-Yomiuri_Giants-Tokyo_Yakult_Swallows,2023-09-06 18:00:00,2023,Yomiuri Giants,Tokyo Yakult Swallows,2.0,4.0,Final,神 宮,https://npb.jp/games/2023/schedule_09_detail.html
20230907-Chiba_Lotte_Marines-Fukuoka_SoftBank_Hawks,2023-09-07 18:00:00,2023,Chiba Lotte Marines,Fukuoka SoftBank Hawks,3.0,7.0,Final,PayPayドーム,https://npb.jp/games/2023/schedule_09_detail.html
20230907-Yokohama_DeNA_BayStars-Hiroshima_Toyo_Carp,2023-09-07 18:00:00,2023,Yokohama DeNA BayStars,Hiroshima Toyo Carp,3.0,1.0,Final,マツダスタジアム,https://npb.jp/games/2023/schedule_09_detail.html
20230907-Yomiuri_Giants-Tokyo_Yakult_Swallows,2023-09-07 18:00:00,2023,Yomiuri Giants,Tokyo Yakult Swallows,5.0,2.0,Final,神 宮,https://npb.jp/games/2023/schedule_09_detail.html
20230908-Chunichi_Dragons-Yomiuri_Giants,2023-09-08 18:00:00,2023,Chunichi Dragons,Yomiuri Giants,0.0,0.0,Final,東京ドーム,https://npb.jp/games/2023/schedule_09_detail.html
20230908-Hiroshima_Toyo_Carp-Hanshin_Tigers,2023-09-08 18:00:00,2023,Hiroshima Toyo Carp,Hanshin Tigers,1.0,4.0,Final,甲子園,https://npb.jp/games/2023/schedule_09_detail.html
20230908-Orix_Buffaloes-Chiba_Lotte_Marines,2023-09-08 18:00:00,2023,Orix Buffaloes,Chiba Lotte Marines,,,Postponed,ZOZOマリン,https://npb.jp/games/2023/schedule_09_detail.html
20230908-Saitama_Seibu_Lions-Hokkaido_Nippon-Ham_Fighters,2023-09-08 18:00:00,2023,Saitama Seibu Lions,Hokkaido Nippon-Ham Fighters,6.0,0.0,Final,エスコンＦ,https://npb.jp/games/2023/schedule_09_detail.html
20230908-Tohoku_Rakuten_Golden_Eagles-Fukuoka_SoftBank_Hawks,2023-09-08 18:00:00,2023,Tohoku Rakuten Golden Eagles,Fukuoka SoftBank Hawks,8.0,6.0,Final,PayPayドーム,https://npb.jp/games/2023/schedule_09_detail.html
20230908-Tokyo_Yakult_Swallows-Yokohama_DeNA_BayStars,2023-09-08 18:00:00,2023,Tokyo Yakult Swallows,Yokohama DeNA BayStars,1.0,2.0,Final,横 浜,https://npb.jp/games/2023/schedule_09_detail.html
20230909-Chunichi_Dragons-Yomiuri_Giants,2023-09-09 14:00:00,2023,Chunichi Dragons,Yomiuri Giants,0.0,5.0,Final,東京ドーム,https://npb.jp/games/2023/schedule_09_detail.html
20230909-Hiroshima_Toyo_Carp-Hanshin_Tigers,2023-09-09 14:00:00,2023,Hiroshima Toyo Carp,Hanshin Tigers,1.0,5.0,Final,甲子園,https://npb.jp/games/2023/schedule_09_detail.html
20230909-Saitama_Seibu_Lions-Hokkaido_Nippon-Ham_Fighters,2023-09-09 14:00:00,2023,Saitama Seibu Lions,Hokkaido Nippon-Ham Fighters,7.0,2.0,Final,エスコンＦ,https://npb.jp/games/2023/schedule_09_detail.html
20230909-Tohoku_Rakuten_Golden_Eagles-Fukuoka_SoftBank_Hawks,2023-09-09 14:00:00,2023,Tohoku Rakuten Golden Eagles,Fukuoka SoftBank Hawks,2.0,7.0,Final,PayPayドーム,https://npb.jp/games/2023/schedule_09_detail.html
20230909-Tokyo_Yakult_Swallows-Yokohama_DeNA_BayStars,2023-09-09 14:00:00,2023,Tokyo Yakult Swallows,Yokohama DeNA BayStars,13.0,1.0,Final,横 浜,https://npb.jp/games/2023/schedule_09_detail.html
20230909-Orix_Buffaloes-Chiba_Lotte_Marines,2023-09-09 18:00:00,2023,Orix Buffaloes,Chiba Lotte Marines,4.0,0.0,Final,ZOZOマリン,https://npb.jp/games/2023/schedule_09_detail.html
20230910-Saitama_Seibu_Lions-Hokkaido_Nippon-Ham_Fighters,2023-09-10 13:00:00,2023,Saitama Seibu Lions,Hokkaido Nippon-Ham Fighters,10.0,0.0,Final,エスコンＦ,https://npb.jp/games/2023/schedule_09_detail.html
20230910-Tohoku_Rakuten_Golden_Eagles-Fukuoka_SoftBank_Hawks,2023-09-10 13:00:00,2023,Tohoku Rakuten Golden Eagles,Fukuoka SoftBank Hawks,6.0,4.0,Final,PayPayドーム,https://npb.jp/games/2023/schedule_09_detail.html
20230910-Chunichi_Dragons-Yomiuri_Giants,2023-09-10 14:00:00,2023,Chunichi Dragons,Yomiuri Giants,1.0,2.0,Final,東京ドーム,https://npb.jp/games/2023/schedule_09_detail.html
20230910-Hiroshima_Toyo_Carp-Hanshin_Tigers,2023-09-10 14:00:00,2023,Hiroshima Toyo Carp,Hanshin Tigers,1.0,5.0,Final,甲子園,https://npb.jp/games/2023/schedule_09_detail.html
20230910-Tokyo_Yakult_Swallows-Yokohama_DeNA_BayStars,2023-09-10 14:00:00,2023,Tokyo Yakult Swallows,Yokohama DeNA BayStars,4.0,6.0,Final,横 浜,https://npb.jp/games/2023/schedule_09_detail.html
20230910-Orix_Buffaloes-Chiba_Lotte_Marines,2023-09-10 17:00:00,2023,Orix Buffaloes,Chiba Lotte Marines,2.0,0.0,Final,ZOZOマリン,https://npb.jp/games/2023/schedule_09_detail.html
20230912-Chunichi_Dragons-Yokohama_DeNA_BayStars,2023-09-12 18:00:00,2023,Chunichi Dragons,Yokohama DeNA BayStars,3.0,1.0,Final,横 浜,https://npb.jp/games/2023/schedule_09_detail.html
20230912-Fukuoka_SoftBank_Hawks-Saitama_Seibu_Lions,2023-09-12 18:00:00,2023,Fukuoka SoftBank Hawks,Saitama Seibu Lions,8.0,4.0,Final,ベルーナドーム,https://npb.jp/games/2023/schedule_09_detail.html
20230912-Hiroshima_Toyo_Carp-Tokyo_Yakult_Swallows,2023-09-12 18:00:00,2023,Hiroshima Toyo Carp,Tokyo Yakult Swallows,1.0,2.0,Final,神 宮,https://npb.jp/games/2023/schedule_09_detail.html
20230912-Orix_Buffaloes-Hokkaido_Nippon-Ham_Fighters,2023-09-12 18:00:00,2023,Orix Buffaloes,Hokkaido Nippon-Ham Fighters,8.0,1.0,Final,エスコンＦ,https://npb.jp/games/2023/schedule_09_detail.html
20230912-Tohoku_Rakuten_Golden_Eagles-Chiba_Lotte_Marines,2023-09-12 18:00:00,2023,Tohoku Rakuten Golden Eagles,Chiba Lotte Marines,3.0,5.0,Final,ZOZOマリン,https://npb.jp/games/2023/schedule_09_detail.html
20230912-Yomiuri_Giants-Hanshin_Tigers,2023-09-12 18:00:00,2023,Yomiuri Giants,Hanshin Tigers,0.0,1.0,Final,甲子園,https://npb.jp/games/2023/schedule_09_detail.html
20230913-Chunichi_Dragons-Yokohama_DeNA_BayStars,2023-09-13 18:00:00,2023,Chunichi Dragons,Yokohama DeNA BayStars,2.0,1.0,Final,横 浜,https://npb.jp/games/2023/schedule_09_detail.html
20230913-Fukuoka_SoftBank_Hawks-Saitama_Seibu_Lions,2023-09-13 18:00:00,2023,Fukuoka SoftBank Hawks,Saitama Seibu Lions,9.0,3.0,Final,ベルーナドーム,https://npb.jp/games/2023/schedule_09_detail.html
20230913-Hiroshima_Toyo_Carp-Tokyo_Yakult_Swallows,2023-09-13 18:00:00,2023,Hiroshima Toyo Carp,Tokyo Yakult Swallows,1.0,5.0,Final,神 宮,https://npb.jp/games/2023/schedule_09_detail.html
20230913-Orix_Buffaloes-Hokkaido_Nippon-Ham_Fighters,2023-09-13 18:00:00,2023,Orix Buffaloes,Hokkaido Nippon-Ham Fighters,2.0,5.0,Final,エスコンＦ,https://npb.jp/games/2023/schedule_09_detail.html
20230913-Tohoku_Rakuten_Golden_Eagles-Chiba_Lotte_Marines,2023-09-13 18:00:00,2023,Tohoku Rakuten Golden Eagles,Chiba Lotte Marines,5.0,3.0,Final,ZOZOマリン,https://npb.jp/games/2023/schedule_09_detail.html
20230913-Yomiuri_Giants-Hanshin_Tigers,2023-09-13 18:00:00,2023,Yomiuri Giants,Hanshin Tigers,0.0,4.0,Final,甲子園,https://npb.jp/games/2023/schedule_09_detail.html
20230914-Chunichi_Dragons-Yokohama_DeNA_BayStars,2023-09-14 18:00:00,2023,Chunichi Dragons,Yokohama DeNA BayStars,3.0,8.0,Final,横 浜,https://npb.jp/games/2023/schedule_09_detail.html
20230914-Fukuoka_SoftBank_Hawks-Saitama_Seibu_Lions,2023-09-14 18:00:00,2023,Fukuoka SoftBank Hawks,Saitama Seibu Lions,2.0,4.0,Final,ベルーナドーム,https://npb.jp/games/2023/schedule_09_detail.html
20230914-Hiroshima_Toyo_Carp-Tokyo_Yakult_Swallows,2023-09-14 18:00:00,2023,Hiroshima Toyo Carp,Tokyo Yakult Swallows,6.0,5.0,Final,神 宮,https://npb.jp/games/2023/schedule_09_detail.html
20230914-Orix_Buffaloes-Tohoku_Rakuten_Golden_Eagles,2023-09-14 18:00:00,2023,Orix Buffaloes,Tohoku Rakuten Golden Eagles,2.0,0.0,Final,楽天モバイル,https://npb.jp/games/2023/schedule_09_detail.html
20230914-Yomiuri_Giants-Hanshin_Tigers,2023-09-14 18:00:00,2023,Yomiuri Giants,Hanshin Tigers,3.0,4.0,Final,甲子園,https://npb.jp/games/2023/schedule_09_detail.html
20230915-Hanshin_Tigers-Hiroshima_Toyo_Carp,2023-09-15 18:00:00,2023,Hanshin Tigers,Hiroshima Toyo Carp,5.0,6.0,Final,マツダスタジアム,https://npb.jp/games/2023/schedule_09_detail.html
20230915-Yokohama_DeNA_BayStars-Tokyo_Yakult_Swallows,2023-09-15 18:00:00,2023,Yokohama DeNA BayStars,Tokyo Yakult Swallows,3.0,1.0,Final,神 宮,https://npb.jp/games/2023/schedule_09_detail.html
20230915-Yomiuri_Giants-Chunichi_Dragons,2023-09-15 18:00:00,2023,Yomiuri Giants,Chunichi Dragons,7.0,0.0,Final,バンテリンドーム,https://npb.jp/games/2023/schedule_09_detail.html
20230916-Chiba_Lotte_Marines-Saitama_Seibu_Lions,2023-09-16 13:00:00,2023,Chiba Lotte Marines,Saitama Seibu Lions,5.0,1.0,Final,ベルーナドーム,https://npb.jp/games/2023/schedule_09_detail.html
20230916-Hanshin_Tigers-Hiroshima_Toyo_Carp,2023-09-16 14:00:00,2023,Hanshin Tigers,Hiroshima Toyo Carp,9.0,3.0,Final,マツダスタジアム,https://npb.jp/games/2023/schedule_09_detail.html
20230916-Tohoku_Rakuten_Golden_Eagles-Orix_Buffaloes,2023-09-16 14:00:00,2023,Tohoku Rakuten Golden Eagles,Orix Buffaloes,3.0,1.0,Final,京セラD大阪,https://npb.jp/games/2023/schedule_09_detail.html
20230916-Yomiuri_Giants-Chunichi_Dragons,2023-09-16 14:00:00,2023,Yomiuri Giants,Chunichi Dragons,0.0,1.0,Final,バンテリンドーム,https://npb.jp/games/2023/schedule_09_detail.html
20230916-Fukuoka_SoftBank_Hawks-Hokkaido_Nippon-Ham_Fighters,2023-09-16 18:00:00,2023,Fukuoka SoftBank Hawks,Hokkaido Nippon-Ham Fighters,1.0,3.0,Final,エスコンＦ,https://npb.jp/games/2023/schedule_09_detail.html
20230916-Yokohama_DeNA_BayStars-Tokyo_Yakult_Swallows,2023-09-16 18:00:00,2023,Yokohama DeNA BayStars,Tokyo Yakult Swallows,3.0,6.0,Final,神 宮,https://npb.jp/games/2023/schedule_09_detail.html
20230917-Chiba_Lotte_Marines-Saitama_Seibu_Lions,2023-09-17 13:00:00,2023,Chiba Lotte Marines,Saitama Seibu Lions,2.0,3.0,Final,ベルーナドーム,https://npb.jp/games/2023/schedule_09_detail.html
20230917-Tohoku_Rakuten_Golden_Eagles-Orix_Buffaloes,2023-09-17 13:00:00,2023,Tohoku Rakuten Golden Eagles,Orix Buffaloes,4.0,6.0,Final,京セラD大阪,https://npb.jp/games/2023/schedule_09_detail.html
20230917-Fukuoka_SoftBank_Hawks-Hokkaido_Nippon-Ham_Fighters,2023-09-17 14:00:00,2023,Fukuoka SoftBank Hawks,Hokkaido Nippon-Ham Fighters,1.0,6.0,Final,エスコンＦ,https://npb.jp/games/2023/schedule_09_detail.html
20230917-Hiroshima_Toyo_Carp-Chunichi_Dragons,2023-09-17 14:00:00,2023,Hiroshima Toyo Carp,Chunichi Dragons,3.0,0.0,Final,バンテリンドーム,https://npb.jp/games/2023/schedule_09_detail.html
20230917-Tokyo_Yakult_Swallows-Yomiuri_Giants,2023-09-17 14:00:00,2023,Tokyo Yakult Swallows,Yomiuri Giants,2.0,3.0,Final,東京ドーム,https://npb.jp/games/2023/schedule_09_detail.html
20230917-Yokohama_DeNA_BayStars-Hanshin_Tigers,2023-09-17 18:00:00,2023,Yokohama DeNA BayStars,Hanshin Tigers,1.0,0.0,Final,甲子園,https://npb.jp/games/2023/schedule_09_detail.html
20230918-Chiba_Lotte_Marines-Saitama_Seibu_Lions,2023-09-18 13:00:00,2023,Chiba Lotte Marines,Saitama Seibu Lions,2.0,1.0,Final,ベルーナドーム,https://npb.jp/games/2023/schedule_09_detail.html
20230918-Fukuoka_SoftBank_Hawks-Hokkaido_Nippon-Ham_Fighters,2023-09-18 13:00:00,2023,Fukuoka SoftBank Hawks,Hokkaido Nippon-Ham Fighters,3.0,1.0,Final,エスコンＦ,https://npb.jp/games/2023/schedule_09_detail.html
20230918-Tohoku_Rakuten_Golden_Eagles-Orix_Buffaloes,2023-09-18 13:00:00,2023,Tohoku Rakuten Golden Eagles,Orix Buffaloes,3.0,6.0,Final,京セラD大阪,https://npb.jp/games/2023/schedule_09_detail.html
20230918-Hiroshima_Toyo_Carp-Chunichi_Dragons,2023-09-18 14:00:00,2023,Hiroshima Toyo Carp,Chunichi Dragons,7.0,8.0,Final,バンテリンドーム,https://npb.jp/games/2023/schedule_09_detail.html
20230918-Tokyo_Yakult_Swallows-Yomiuri_Giants,2023-09-18 14:00:00,2023,Tokyo Yakult Swallows,Yomiuri Giants,3.0,4.0,Final,東京ドーム,https://npb.jp/games/2023/schedule_09_detail.html
20230918-Yokohama_DeNA_BayStars-Hanshin_Tigers,2023-09-18 14:00:00,2023,Yokohama DeNA BayStars,Hanshin Tigers,3.0,2.0,Final,甲子園,https://npb.jp/games/2023/schedule_09_detail.html
20230919-Chiba_Lotte_Marines-Orix_Buffaloes,2023-09-19 18:00:00,2023,Chiba Lotte Marines,Orix Buffaloes,2.0,3.0,Final,京セラD大阪,https://npb.jp/games/2023/schedule_09_detail.html
20230919-Fukuoka_SoftBank_Hawks-Tohoku_Rakuten_Golden_Eagles,2023-09-19 18:00:00,2023,Fukuoka SoftBank Hawks,Tohoku Rakuten Golden Eagles,2.0,3.0,Final,楽天モバイル,https://npb.jp/games/2023/schedule_09_detail.html
20230919-Hokkaido_Nippon-Ham_Fighters-Saitama_Seibu_Lions,2023-09-19 18:00:00,2023,Hokkaido Nippon-Ham Fighters,Saitama Seibu Lions,4.0,7.0,Final,ベルーナドーム,https://npb.jp/games/2023/schedule_09_detail.html
20230920-Chiba_Lotte_Marines-Orix_Buffaloes,2023-09-20 18:00:00,2023,Chiba Lotte Marines,Orix Buffaloes,2.0,6.0,Final,京セラD大阪,https://npb.jp/games/2023/schedule_09_detail.html
20230920-Chunichi_Dragons-Tokyo_Yakult_Swallows,2023-09-20 18:00:00,2023,Chunichi Dragons,Tokyo Yakult Swallows,5.0,6.0,Final,神 宮,https://npb.jp/games/2023/schedule_09_detail.html
20230920-Fukuoka_SoftBank_Hawks-Tohoku_Rakuten_Golden_Eagles,2023-09-20 18:00:00,2023,Fukuoka SoftBank Hawks,Tohoku Rakuten Golden Eagles,1.0,6.0,Final,楽天モバイル,https://npb.jp/games/2023/schedule_09_detail.html
20230920-Hokkaido_Nippon-Ham_Fighters-Saitama_Seibu_Lions,2023-09-20 18:00:00,2023,Hokkaido Nippon-Ham Fighters,Saitama Seibu Lions,1.0,4.0,Final,ベルーナドーム,https://npb.jp/games/2023/schedule_09_detail.html
20230920-Yokohama_DeNA_BayStars-Hiroshima_Toyo_Carp,2023-09-20 18:00:00,2023,Yokohama DeNA BayStars,Hiroshima Toyo Carp,3.0,1.0,Final,マツダスタジアム,https://npb.jp/games/2023/schedule_09_detail.html
20230920-Yomiuri_Giants-Hanshin_Tigers,2023-09-20 18:00:00,2023,Yomiuri Giants,Hanshin Tigers,3.0,4.0,Final,甲子園,https://npb.jp/games/2023/schedule_09_detail.html
20230921-Chiba_Lotte_Marines-Fukuoka_SoftBank_Hawks,2023-09-21 18:00:00,2023,Chiba Lotte Marines,Fukuoka SoftBank Hawks,2.0,4.0,Final,PayPayドーム,https://npb.jp/games/2023/schedule_09_detail.html
20230921-Chunichi_Dragons-Tokyo_Yakult_Swallows,2023-09-21 18:00:00,2023,Chunichi Dragons,Tokyo Yakult Swallows,9.0,8.0,Final,神 宮,https://npb.jp/games/2023/schedule_09_detail.html
20230921-Saitama_Seibu_Lions-Tohoku_Rakuten_Golden_Eagles,2023-09-21 18:00:00,2023,Saitama Seibu Lions,Tohoku Rakuten Golden Eagles,7.0,2.0,Final,楽天モバイル,https://npb.jp/games/2023/schedule_09_detail.html
20230921-Yomiuri_Giants-Hanshin_Tigers,2023-09-21 18:00:00,2023,Yomiuri Giants,Hanshin Tigers,5.0,3.0,Final,甲子園,https://npb.jp/games/2023/schedule_09_detail.html
20230922-Chunichi_Dragons-Yokohama_DeNA_BayStars,2023-09-22 18:00:00,2023,Chunichi Dragons,Yokohama DeNA BayStars,,,Postponed,横 浜,https://npb.jp/games/2023/schedule_09_detail.html
20230922-Hanshin_Tigers-Tokyo_Yakult_Swallows,2023-09-22 18:00:00,2023,Hanshin Tigers,Tokyo Yakult Swallows,,,Postponed,神 宮,https://npb.jp/games/2023/schedule_09_detail.html
20230922-Hokkaido_Nippon-Ham_Fighters-Tohoku_Rakuten_Golden_Eagles,2023-09-22 18:00:00,2023,Hokkaido Nippon-Ham Fighters,Tohoku Rakuten Golden Eagles,3.0,0.0,Final,楽天モバイル,https://npb.jp/games/2023/schedule_09_detail.html
20230923-Chiba_Lotte_Marines-Saitama_Seibu_Lions,2023-09-23 13:00:00,2023,Chiba Lotte Marines,Saitama Seibu Lions,1.0,2.0,Final,ベルーナドーム,https://npb.jp/games/2023/schedule_09_detail.html
20230923-Orix_Buffaloes-Fukuoka_SoftBank_Hawks,2023-09-23 13:00:00,2023,Orix Buffaloes,Fukuoka SoftBank Hawks,6.0,1.0,Final,PayPayドーム,https://npb.jp/games/2023/schedule_09_detail.html
20230923-Chunichi_Dragons-Yokohama_DeNA_BayStars,2023-09-23 14:00:00,2023,Chunichi Dragons,Yokohama DeNA BayStars,4.0,3.0,Final,横 浜,https://npb.jp/games/2023/schedule_09_detail.html
20230923-Hiroshima_Toyo_Carp-Yomiuri_Giants,2023-09-23 14:00:00,2023,Hiroshima Toyo Carp,Yomiuri Giants,7.0,3.0,Final,東京ドーム,https://npb.jp/games/2023/schedule_09_detail.html
20230923-Hokkaido_Nippon-Ham_Fighters-Tohoku_Rakuten_Golden_Eagles,2023-09-23 14:00:00,2023,Hokkaido Nippon-Ham Fighters,Tohoku Rakuten Golden Eagles,1.0,4.0,Final,楽天モバイル,https://npb.jp/games/2023/schedule_09_detail.html
20230923-Hanshin_Tigers-Tokyo_Yakult_Swallows,2023-09-23 18:00:00,2023,Hanshin Tigers,Tokyo Yakult Swallows,9.0,3.0,Final,神 宮,https://npb.jp/games/2023/schedule_09_detail.html
20230924-Hokkaido_Nippon-Ham_Fighters-Tohoku_Rakuten_Golden_Eagles,2023-09-24 13:00:00,2023,Hokkaido Nippon-Ham Fighters,Tohoku Rakuten Golden Eagles,1.0,3.0,Final,楽天モバイル,https://npb.jp/games/2023/schedule_09_detail.html
20230924-Yomiuri_Giants-Yokohama_DeNA_BayStars,2023-09-24 14:00:00,2023,Yomiuri Giants,Yokohama DeNA BayStars,6.0,0.0,Final,横 浜,https://npb.jp/games/2023/schedule_09_detail.html
20230924-Fukuoka_SoftBank_Hawks-Chiba_Lotte_Marines,2023-09-24 18:00:00,2023,Fukuoka SoftBank Hawks,Chiba Lotte Marines,7.0,6.0,Final,ZOZOマリン,https://npb.jp/games/2023/schedule_09_detail.html
20230924-Hanshin_Tigers-Chunichi_Dragons,2023-09-24 18:00:00,2023,Hanshin Tigers,Chunichi Dragons,0.0,0.0,Final,バンテリンドーム,https://npb.jp/games/2023/schedule_09_detail.html
20230924-Saitama_Seibu_Lions-Orix_Buffaloes,2023-09-24 18:00:00,2023,Saitama Seibu Lions,Orix Buffaloes,1.0,4.0,Final,京セラD大阪,https://npb.jp/games/2023/schedule_09_detail.html
20230924-Tokyo_Yakult_Swallows-Hiroshima_Toyo_Carp,2023-09-24 18:00:00,2023,Tokyo Yakult Swallows,Hiroshima Toyo Carp,3.0,1.0,Final,マツダスタジアム,https://npb.jp/games/2023/schedule_09_detail.html
20230925-Fukuoka_SoftBank_Hawks-Chiba_Lotte_Marines,2023-09-25 18:00:00,2023,Fukuoka SoftBank Hawks,Chiba Lotte Marines,10.0,1.0,Final,ZOZOマリン,https://npb.jp/games/2023/schedule_09_detail.html
20230925-Hanshin_Tigers-Chunichi_Dragons,2023-09-25 18:00:00,2023,Hanshin Tigers,Chunichi Dragons,1.0,2.0,Final,バンテリンドーム,https://npb.jp/games/2023/schedule_09_detail.html
20230925-Saitama_Seibu_Lions-Orix_Buffaloes,2023-09-25 18:00:00,2023,Saitama Seibu Lions,Orix Buffaloes,3.0,4.0,Final,京セラD大阪,https://npb.jp/games/2023/schedule_09_detail.html
20230925-Tohoku_Rakuten_Golden_Eagles-Hokkaido_Nippon-Ham_Fighters,2023-09-25 18:00:00,2023,Tohoku Rakuten Golden Eagles,Hokkaido Nippon-Ham Fighters,9.0,1.0,Final,エスコンＦ,https://npb.jp/games/2023/schedule_09_detail.html
20230925-Yomiuri_Giants-Yokohama_DeNA_BayStars,2023-09-25 18:00:00,2023,Yomiuri Giants,Yokohama DeNA BayStars,0.0,1.0,Final,横 浜,https://npb.jp/games/2023/schedule_09_detail.html
20230926-Chiba_Lotte_Marines-Hokkaido_Nippon-Ham_Fighters,2023-09-26 18:00:00,2023,Chiba Lotte Marines,Hokkaido Nippon-Ham Fighters,0.0,7.0,Final,エスコンＦ,https://npb.jp/games/2023/schedule_09_detail.html
20230926-Chunichi_Dragons-Hiroshima_Toyo_Carp,2023-09-26 18:00:00,2023,Chunichi Dragons,Hiroshima Toyo Carp,0.0,2.0,Final,マツダスタジアム,https://npb.jp/games/2023/schedule_09_detail.html
20230926-Saitama_Seibu_Lions-Orix_Buffaloes,2023-09-26 18:00:00,2023,Saitama Seibu Lions,Orix Buffaloes,7.0,1.0,Final,京セラD大阪,https://npb.jp/games/2023/schedule_09_detail.html
20230926-Tokyo_Yakult_Swallows-Hanshin_Tigers,2023-09-26 18:00:00,2023,Tokyo Yakult Swallows,Hanshin Tigers,0.0,2.0,Final,甲子園,https://npb.jp/games/2023/schedule_09_detail.html
20230926-Yomiuri_Giants-Yokohama_DeNA_BayStars,2023-09-26 18:00:00,2023,Yomiuri Giants,Yokohama DeNA BayStars,0.0,1.0,Final,横 浜,https://npb.jp/games/2023/schedule_09_detail.html
20230927-Chiba_Lotte_Marines-Hokkaido_Nippon-Ham_Fighters,2023-09-27 18:00:00,2023,Chiba Lotte Marines,Hokkaido Nippon-Ham Fighters,4.0,2.0,Final,エスコンＦ,https://npb.jp/games/2023/schedule_09_detail.html
20230927-Chunichi_Dragons-Hanshin_Tigers,2023-09-27 18:00:00,2023,Chunichi Dragons,Hanshin Tigers,7.0,2.0,Final,甲子園,https://npb.jp/games/2023/schedule_09_detail.html
20230927-Fukuoka_SoftBank_Hawks-Orix_Buffaloes,2023-09-27 18:00:00,2023,Fukuoka SoftBank Hawks,Orix Buffaloes,0.0,1.0,Final,京セラD大阪,https://npb.jp/games/2023/schedule_09_detail.html
20230927-Tohoku_Rakuten_Golden_Eagles-Saitama_Seibu_Lions,2023-09-27 18:00:00,2023,Tohoku Rakuten Golden Eagles,Saitama Seibu Lions,1.0,2.0,Final,ベルーナドーム,https://npb.jp/games/2023/schedule_09_detail.html
20230927-Tokyo_Yakult_Swallows-Yokohama_DeNA_BayStars,2023-09-27 18:00:00,2023,Tokyo Yakult Swallows,Yokohama DeNA BayStars,11.0,3.0,Final,横 浜,https://npb.jp/games/2023/schedule_09_detail.html
20230928-Chiba_Lotte_Marines-Hokkaido_Nippon-Ham_Fighters,2023-09-28 18:00:00,2023,Chiba Lotte Marines,Hokkaido Nippon-Ham Fighters,2.0,9.0,Final,エスコンＦ,https://npb.jp/games/2023/schedule_09_detail.html
20230928-Orix_Buffaloes-Tohoku_Rakuten_Golden_Eagles,2023-09-28 18:00:00,2023,Orix Buffaloes,Tohoku Rakuten Golden Eagles,5.0,9.0,Final,楽天モバイル,https://npb.jp/games/2023/schedule_09_detail.html
20230929-Chunichi_Dragons-Hiroshima_Toyo_Carp,2023-09-29 18:00:00,2023,Chunichi Dragons,Hiroshima Toyo Carp,4.0,1.0,Final,マツダスタジアム,https://npb.jp/games/2023/schedule_09_detail.html
20230929-Hanshin_Tigers-Yokohama_DeNA_BayStars,2023-09-29 18:00:00,2023,Hanshin Tigers,Yokohama DeNA BayStars,3.0,5.0,Final,横 浜,https://npb.jp/games/2023/schedule_09_detail.html
20230929-Saitama_Seibu_Lions-Fukuoka_SoftBank_Hawks,2023-09-29 18:00:00,2023,Saitama Seibu Lions,Fukuoka SoftBank Hawks,0.0,1.0,Final,PayPayドーム,https://npb.jp/games/2023/schedule_09_detail.html
20230930-Chunichi_Dragons-Yomiuri_Giants,2023-09-30 18:00:00,2023,Chunichi Dragons,Yomiuri Giants,2.0,1.0,Final,東京ドーム,https://npb.jp/games/2023/schedule_09_detail.html
20230930-Hanshin_Tigers-Hiroshima_Toyo_Carp,2023-09-30 18:00:00,2023,Hanshin Tigers,Hiroshima Toyo Carp,1.0,2.0,Final,マツダスタジアム,https://npb.jp/games/2023/schedule_09_detail.html
20230930-Hokkaido_Nippon-Ham_Fighters-Fukuoka_SoftBank_Hawks,2023-09-30 18:00:00,2023,Hokkaido Nippon-Ham Fighters,Fukuoka SoftBank Hawks,2.0,3.0,Final,PayPayドーム,https://npb.jp/games/2023/schedule_09_detail.html
20230930-Saitama_Seibu_Lions-Chiba_Lotte_Marines,2023-09-30 18:00:00,2023,Saitama Seibu Lions,Chiba Lotte Marines,4.0,5.0,Final,ZOZOマリン,https://npb.jp/games/2023/schedule_09_detail.html
20230930-Tohoku_Rakuten_Golden_Eagles-Orix_Buffaloes,2023-09-30 18:00:00,2023,Tohoku Rakuten Golden Eagles,Orix Buffaloes,5.0,4.0,Final,京セラD大阪,https://npb.jp/games/2023/schedule_09_detail.html
20230930-Yokohama_DeNA_BayStars-Tokyo_Yakult_Swallows,2023-09-30 18:00:00,2023,Yokohama DeNA BayStars,Tokyo Yakult Swallows,4.0,2.0,Final,神 宮,https://npb.jp/games/2023/schedule_09_detail.html
20231001-Hokkaido_Nippon-Ham_Fighters-Fukuoka_SoftBank_Hawks,2023-10-01 13:00:00,2023,Hokkaido Nippon-Ham Fighters,Fukuoka SoftBank Hawks,4.0,3.0,Final,PayPayドーム,https://npb.jp/games/2023/schedule_10_detail.html
20231001-Chunichi_Dragons-Yokohama_DeNA_BayStars,2023-10-01 14:00:00,2023,Chunichi Dragons,Yokohama DeNA BayStars,0.0,4.0,Final,横 浜,https://npb.jp/games/2023/schedule_10_detail.html
20231001-Hanshin_Tigers-Hiroshima_Toyo_Carp,2023-10-01 14:00:00,2023,Hanshin Tigers,Hiroshima Toyo Carp,6.0,5.0,Final,マツダスタジアム,https://npb.jp/games/2023/schedule_10_detail.html
20231001-Saitama_Seibu_Lions-Chiba_Lotte_Marines,2023-10-01 14:00:00,2023,Saitama Seibu Lions,Chiba Lotte Marines,2.0,3.0,Final,ZOZOマリン,https://npb.jp/games/2023/schedule_10_detail.html
20231001-Tohoku_Rakuten_Golden_Eagles-Orix_Buffaloes,2023-10-01 14:00:00,2023,Tohoku Rakuten Golden Eagles,Orix Buffaloes,8.0,2.0,Final,京セラD大阪,https://npb.jp/games/2023/schedule_10_detail.html
20231001-Tokyo_Yakult_Swallows-Yomiuri_Giants,2023-10-01 17:00:00,2023,Tokyo Yakult Swallows,Yomiuri Giants,0.0,1.0,Final,東京ドーム,https://npb.jp/games/2023/schedule_10_detail.html
20231002-Hokkaido_Nippon-Ham_Fighters-Orix_Buffaloes,2023-10-02 18:00:00,2023,Hokkaido Nippon-Ham Fighters,Orix Buffaloes,0.0,3.0,Final,京セラD大阪,https://npb.jp/games/2023/schedule_10_detail.html
20231002-Saitama_Seibu_Lions-Chiba_Lotte_Marines,2023-10-02 18:00:00,2023,Saitama Seibu Lions,Chiba Lotte Marines,3.0,7.0,Final,ZOZOマリン,https://npb.jp/games/2023/schedule_10_detail.html
20231002-Tohoku_Rakuten_Golden_Eagles-Fukuoka_SoftBank_Hawks,2023-10-02 18:00:00,2023,Tohoku Rakuten Golden Eagles,Fukuoka SoftBank Hawks,0.0,6.0,Final,PayPayドーム,https://npb.jp/games/2023/schedule_10_detail.html
20231003-Saitama_Seibu_Lions-Chiba_Lotte_Marines,2023-10-03 18:00:00,2023,Saitama Seibu Lions,Chiba Lotte Marines,4.0,1.0,Final,ZOZOマリン,https://npb.jp/games/2023/schedule_10_detail.html
20231003-Tohoku_Rakuten_Golden_Eagles-Fukuoka_SoftBank_Hawks,2023-10-03 18:00:00,2023,Tohoku Rakuten Golden Eagles,Fukuoka SoftBank Hawks,3.0,7.0,Final,PayPayドーム,https://npb.jp/games/2023/schedule_10_detail.html
20231003-Yomiuri_Giants-Chunichi_Dragons,2023-10-03 18:00:00,2023,Yomiuri Giants,Chunichi Dragons,3.0,1.0,Final,バンテリンドーム,https://npb.jp/games/2023/schedule_10_detail.html
20231004-Chiba_Lotte_Marines-Orix_Buffaloes,2023-10-04 18:00:00,2023,Chiba Lotte Marines,Orix Buffaloes,6.0,3.0,Final,京セラD大阪,https://npb.jp/games/2023/schedule_10_detail.html
20231004-Hanshin_Tigers-Tokyo_Yakult_Swallows,2023-10-04 18:00:00,2023,Hanshin Tigers,Tokyo Yakult Swallows,4.0,5.0,Final,神 宮,https://npb.jp/games/2023/schedule_10_detail.html
20231004-Yokohama_DeNA_BayStars-Yomiuri_Giants,2023-10-04 18:00:00,2023,Yokohama DeNA BayStars,Yomiuri Giants,0.0,1.0,Final,東京ドーム,https://npb.jp/games/2023/schedule_10_detail.html
20231005-Hokkaido_Nippon-Ham_Fighters-Tohoku_Rakuten_Golden_Eagles,2023-10-05 18:00:00,2023,Hokkaido Nippon-Ham Fighters,Tohoku Rakuten Golden Eagles,3.0,5.0,Final,楽天モバイル,https://npb.jp/games/2023/schedule_10_detail.html
20231006-Orix_Buffaloes-Chiba_Lotte_Marines,2023-10-06 18:00:00,2023,Orix Buffaloes,Chiba Lotte Marines,1.0,12.0,Final,ZOZOマリン,https://npb.jp/games/2023/schedule_10_detail.html
20231007-Orix_Buffaloes-Chiba_Lotte_Marines,2023-10-07 14:00:00,2023,Orix Buffaloes,Chiba Lotte Marines,4.0,1.0,Final,ZOZOマリン,https://npb.jp/games/2023/schedule_10_detail.html
20231007-Fukuoka_SoftBank_Hawks-Tohoku_Rakuten_Golden_Eagles,2023-10-07 18:00:00,2023,Fukuoka SoftBank Hawks,Tohoku Rakuten Golden Eagles,5.0,5.0,Final,楽天モバイル,https://npb.jp/games/2023/schedule_10_detail.html
20231009-Chiba_Lotte_Marines-Tohoku_Rakuten_Golden_Eagles,2023-10-09 14:00:00,2023,Chiba Lotte Marines,Tohoku Rakuten Golden Eagles,,,Postponed,楽天モバイル,https://npb.jp/games/2023/schedule_10_detail.html
20231009-Fukuoka_SoftBank_Hawks-Orix_Buffaloes,2023-10-09 18:00:00,2023,Fukuoka SoftBank Hawks,Orix Buffaloes,1.0,4.0,Final,京セラD大阪,https://npb.jp/games/2023/schedule_10_detail.html
20231010-Chiba_Lotte_Marines-Tohoku_Rakuten_Golden_Eagles,2023-10-10 18:00:00,2023,Chiba Lotte Marines,Tohoku Rakuten Golden Eagles,5.0,0.0,Final,楽天モバイル,https://npb.jp/games/2023/schedule_10_detail.html
20231014-Yokohama_DeNA_BayStars-Hiroshima_Toyo_Carp,2023-10-14 13:00:00,2023,Yokohama DeNA BayStars,Hiroshima Toyo Carp,2.0,3.0,Final,マツダスタジアム,https://npb.jp/games/2023/schedule_10_detail.html
20231014-Fukuoka_SoftBank_Hawks-Chiba_Lotte_Marines,2023-10-14 18:00:00,2023,Fukuoka SoftBank Hawks,Chiba Lotte Marines,2.0,8.0,Final,ZOZOマリン,https://npb.jp/games/2023/schedule_10_detail.html
20231015-Yokohama_DeNA_BayStars-Hiroshima_Toyo_Carp,2023-10-15 13:00:00,2023,Yokohama DeNA BayStars,Hiroshima Toyo Carp,2.0,4.0,Final,マツダスタジアム,https://npb.jp/games/2023/schedule_10_detail.html
20231015-Fukuoka_SoftBank_Hawks-Chiba_Lotte_Marines,2023-10-15 18:00:00,2023,Fukuoka SoftBank Hawks,Chiba Lotte Marines,3.0,1.0,Final,ZOZOマリン,https://npb.jp/games/2023/schedule_10_detail.html
20231016-Fukuoka_SoftBank_Hawks-Chiba_Lotte_Marines,2023-10-16 18:00:00,2023,Fukuoka SoftBank Hawks,Chiba Lotte Marines,3.0,4.0,Final,ZOZOマリン,https://npb.jp/games/2023/schedule_10_detail.html
20231018-Chiba_Lotte_Marines-Orix_Buffaloes,2023-10-18 18:00:00,2023,Chiba Lotte Marines,Orix Buffaloes,5.0,8.0,Final,京セラD大阪,https://npb.jp/games/2023/schedule_10_detail.html
20231018-Hiroshima_Toyo_Carp-Hanshin_Tigers,2023-10-18 18:00:00,2023,Hiroshima Toyo Carp,Hanshin Tigers,1.0,4.0,Final,甲子園,https://npb.jp/games/2023/schedule_10_detail.html
20231019-Chiba_Lotte_Marines-Orix_Buffaloes,2023-10-19 18:00:00,2023,Chiba Lotte Marines,Orix Buffaloes,6.0,5.0,Final,京セラD大阪,https://npb.jp/games/2023/schedule_10_detail.html
20231019-Hiroshima_Toyo_Carp-Hanshin_Tigers,2023-10-19 18:00:00,2023,Hiroshima Toyo Carp,Hanshin Tigers,1.0,2.0,Final,甲子園,https://npb.jp/games/2023/schedule_10_detail.html
20231020-Chiba_Lotte_Marines-Orix_Buffaloes,2023-10-20 18:00:00,2023,Chiba Lotte Marines,Orix Buffaloes,0.0,2.0,Final,京セラD大阪,https://npb.jp/games/2023/schedule_10_detail.html
20231020-Hiroshima_Toyo_Carp-Hanshin_Tigers,2023-10-20 18:00:00,2023,Hiroshima Toyo Carp,Hanshin Tigers,2.0,4.0,Final,甲子園,https://npb.jp/games/2023/schedule_10_detail.html
20231021-Chiba_Lotte_Marines-Orix_Buffaloes,2023-10-21 18:00:00,2023,Chiba Lotte Marines,Orix Buffaloes,2.0,3.0,Final,京セラD大阪,https://npb.jp/games/2023/schedule_10_detail.html
20231028-Hanshin_Tigers-Orix_Buffaloes,2023-10-28 18:30:00,2023,Hanshin Tigers,Orix Buffaloes,8.0,0.0,Final,京セラD大阪,https://npb.jp/games/2023/schedule_10_detail.html
20231029-Hanshin_Tigers-Orix_Buffaloes,2023-10-29 18:30:00,2023,Hanshin Tigers,Orix Buffaloes,0.0,8.0,Final,京セラD大阪,https://npb.jp/games/2023/schedule_10_detail.html
20231031-Orix_Buffaloes-Hanshin_Tigers,2023-10-31 18:00:00,2023,Orix Buffaloes,Hanshin Tigers,5.0,4.0,Final,甲子園,https://npb.jp/games/2023/schedule_10_detail.html
