game_id,game_date,season,away,home,away_score,home_score,status,stadium
20240329-Chunichi_Dragons-Tokyo_Yakult_Swallows,2024-03-29 18:00:00,2024,Chunichi Dragons,Tokyo Yakult Swallows,4,7,Final,神 宮
20240329-Fukuoka_SoftBank_Hawks-Orix_Buffaloes,2024-03-29 18:00:00,2024,Fukuoka SoftBank Hawks,Orix Buffaloes,3,1,Final,京セラD大阪
20240329-Saitama_Seibu_Lions-Tohoku_Rakuten_Golden_Eagles,2024-03-29 18:00:00,2024,Saitama Seibu Lions,Tohoku Rakuten Golden Eagles,1,0,Final,楽天モバイル
20240329-Hanshin_Tigers-Yomiuri_Giants,2024-03-29 18:15:00,2024,Hanshin Tigers,Yomiuri Giants,0,4,Final,東京ドーム
20240329-Hiroshima_Toyo_Carp-Yokohama_DeNA_BayStars,2024-03-29 18:30:00,2024,Hiroshima Toyo Carp,Yokohama DeNA BayStars,3,4,Final,横 浜
20240329-Hokkaido_Nippon-Ham_Fighters-Chiba_Lotte_Marines,2024-03-29 18:30:00,2024,Hokkaido Nippon-Ham Fighters,Chiba Lotte Marines,4,1,Final,ZOZOマリン
20240330-Fukuoka_SoftBank_Hawks-Orix_Buffaloes,2024-03-30 13:00:00,2024,Fukuoka SoftBank Hawks,Orix Buffaloes,0,2,Final,京セラD大阪
20240330-Chunichi_Dragons-Tokyo_Yakult_Swallows,2024-03-30 14:00:00,2024,Chunichi Dragons,Tokyo Yakult Swallows,1,1,Final,神 宮
20240330-Hanshin_Tigers-Yomiuri_Giants,2024-03-30 14:00:00,2024,Hanshin Tigers,Yomiuri Giants,0,5,Final,東京ドーム
20240330-Hiroshima_Toyo_Carp-Yokohama_DeNA_BayStars,2024-03-30 14:00:00,2024,Hiroshima Toyo Carp,Yokohama DeNA BayStars,1,6,Final,横 浜
20240330-Hokkaido_Nippon-Ham_Fighters-Chiba_Lotte_Marines,2024-03-30 14:00:00,2024,Hokkaido Nippon-Ham Fighters,Chiba Lotte Marines,0,3,Final,ZOZOマリン
20240330-Saitama_Seibu_Lions-Tohoku_Rakuten_Golden_Eagles,2024-03-30 14:00:00,2024,Saitama Seibu Lions,Tohoku Rakuten Golden Eagles,8,2,Final,楽天モバイル
20240331-Fukuoka_SoftBank_Hawks-Orix_Buffaloes,2024-03-31 13:00:00,2024,Fukuoka SoftBank Hawks,Orix Buffaloes,5,2,Final,京セラD大阪
20240331-Saitama_Seibu_Lions-Tohoku_Rakuten_Golden_Eagles,2024-03-31 13:00:00,2024,Saitama Seibu Lions,Tohoku Rakuten Golden Eagles,3,4,Final,楽天モバイル
20240331-Chunichi_Dragons-Tokyo_Yakult_Swallows,2024-03-31 13:30:00,2024,Chunichi Dragons,Tokyo Yakult Swallows,2,5,Final,神 宮
20240331-Hanshin_Tigers-Yomiuri_Giants,2024-03-31 14:00:00,2024,Hanshin Tigers,Yomiuri Giants,5,0,Final,東京ドーム
20240331-Hiroshima_Toyo_Carp-Yokohama_DeNA_BayStars,2024-03-31 14:00:00,2024,Hiroshima Toyo Carp,Yokohama DeNA BayStars,5,1,Final,横 浜
20240331-Hokkaido_Nippon-Ham_Fighters-Chiba_Lotte_Marines,2024-03-31 14:00:00,2024,Hokkaido Nippon-Ham Fighters,Chiba Lotte Marines,3,2,Final,ZOZOマリン
20240402-Orix_Buffaloes-Saitama_Seibu_Lions,2024-04-02 18:00:00,2024,Orix Buffaloes,Saitama Seibu Lions,1.0,2.0,Final,ベルーナドーム
20240402-Tokyo_Yakult_Swallows-Hiroshima_Toyo_Carp,2024-04-02 18:00:00,2024,Tokyo Yakult Swallows,Hiroshima Toyo Carp,1.0,2.0,Final,マツダスタジアム
20240402-Yokohama_DeNA_BayStars-Hanshin_Tigers,2024-04-02 18:00:00,2024,Yokohama DeNA BayStars,Hanshin Tigers,5.0,3.0,Final,京セラD大阪
20240402-Yomiuri_Giants-Chunichi_Dragons,2024-04-02 18:15:00,2024,Yomiuri Giants,Chunichi Dragons,3.0,4.0,Final,バンテリンドーム
20240402-Chiba_Lotte_Marines-Fukuoka_SoftBank_Hawks,2024-04-02 18:30:00,2024,Chiba Lotte Marines,Fukuoka SoftBank Hawks,0.0,2.0,Final,PayPayドーム
20240402-Tohoku_Rakuten_Golden_Eagles-Hokkaido_Nippon-Ham_Fighters,2024-04-02 18:30:00,2024,Tohoku Rakuten Golden Eagles,Hokkaido Nippon-Ham Fighters,4.0,2.0,Final,エスコンＦ
20240403-Chiba_Lotte_Marines-Fukuoka_SoftBank_Hawks,2024-04-03 18:00:00,2024,Chiba Lotte Marines,Fukuoka SoftBank Hawks,4.0,2.0,Final,PayPayドーム
20240403-Orix_Buffaloes-Saitama_Seibu_Lions,2024-04-03 18:00:00,2024,Orix Buffaloes,Saitama Seibu Lions,0.0,3.0,Final,ベルーナドーム
20240403-Tokyo_Yakult_Swallows-Hiroshima_Toyo_Carp,2024-04-03 18:00:00,2024,Tokyo Yakult Swallows,Hiroshima Toyo Carp,,,Postponed,マツダスタジアム
20240403-Yokohama_DeNA_BayStars-Hanshin_Tigers,2024-04-03 18:00:00,2024,Yokohama DeNA BayStars,Hanshin Tigers,2.0,5.0,Final,京セラD大阪
20240403-Yomiuri_Giants-Chunichi_Dragons,2024-04-03 18:00:00,2024,Yomiuri Giants,Chunichi Dragons,2.0,5.0,Final,バンテリンドーム
20240403-Tohoku_Rakuten_Golden_Eagles-Hokkaido_Nippon-Ham_Fighters,2024-04-03 18:30:00,2024,Tohoku Rakuten Golden Eagles,Hokkaido Nippon-Ham Fighters,2.0,4.0,Final,エスコンＦ
20240404-Orix_Buffaloes-Saitama_Seibu_Lions,2024-04-04 13:00:00,2024,Orix Buffaloes,Saitama Seibu Lions,2.0,1.0,Final,ベルーナドーム
20240404-Chiba_Lotte_Marines-Fukuoka_SoftBank_Hawks,2024-04-04 18:00:00,2024,Chiba Lotte Marines,Fukuoka SoftBank Hawks,1.0,8.0,Final,PayPayドーム
20240404-Tokyo_Yakult_Swallows-Hiroshima_Toyo_Carp,2024-04-04 18:00:00,2024,Tokyo Yakult Swallows,Hiroshima Toyo Carp,3.0,6.0,Final,マツダスタジアム
20240404-Yokohama_DeNA_BayStars-Hanshin_Tigers,2024-04-04 18:00:00,2024,Yokohama DeNA BayStars,Hanshin Tigers,3.0,2.0,Final,京セラD大阪
20240404-Yomiuri_Giants-Chunichi_Dragons,2024-04-04 18:00:00,2024,Yomiuri Giants,Chunichi Dragons,2.0,0.0,Final,バンテリンドーム
20240405-Chunichi_Dragons-Hiroshima_Toyo_Carp,2024-04-05 18:00:00,2024,Chunichi Dragons,Hiroshima Toyo Carp,1.0,0.0,Final,マツダスタジアム
20240405-Fukuoka_SoftBank_Hawks-Tohoku_Rakuten_Golden_Eagles,2024-04-05 18:00:00,2024,Fukuoka SoftBank Hawks,Tohoku Rakuten Golden Eagles,6.0,1.0,Final,楽天モバイル
20240405-Hanshin_Tigers-Tokyo_Yakult_Swallows,2024-04-05 18:00:00,2024,Hanshin Tigers,Tokyo Yakult Swallows,7.0,6.0,Final,神 宮
20240405-Orix_Buffaloes-Chiba_Lotte_Marines,2024-04-05 18:00:00,2024,Orix Buffaloes,Chiba Lotte Marines,0.0,1.0,Final,ZOZOマリン
20240405-Saitama_Seibu_Lions-Hokkaido_Nippon-Ham_Fighters,2024-04-05 18:00:00,2024,Saitama Seibu Lions,Hokkaido Nippon-Ham Fighters,2.0,3.0,Final,エスコンＦ
20240405-Yokohama_DeNA_BayStars-Yomiuri_Giants,2024-04-05 18:00:00,2024,Yokohama DeNA BayStars,Yomiuri Giants,2.0,1.0,Final,東京ドーム
20240406-Chunichi_Dragons-Hiroshima_Toyo_Carp,2024-04-06 14:00:00,2024,Chunichi Dragons,Hiroshima Toyo Carp,4.0,0.0,Final,マツダスタジアム
20240406-Fukuoka_SoftBank_Hawks-Tohoku_Rakuten_Golden_Eagles,2024-04-06 14:00:00,2024,Fukuoka SoftBank Hawks,Tohoku Rakuten Golden Eagles,5.0,4.0,Final,楽天モバイル
20240406-Hanshin_Tigers-Tokyo_Yakult_Swallows,2024-04-06 14:00:00,2024,Hanshin Tigers,Tokyo Yakult Swallows,4.0,3.0,Final,神 宮
20240406-Orix_Buffaloes-Chiba_Lotte_Marines,2024-04-06 14:00:00,2024,Orix Buffaloes,Chiba Lotte Marines,9.0,1.0,Final,ZOZOマリン
20240406-Saitama_Seibu_Lions-Hokkaido_Nippon-Ham_Fighters,2024-04-06 14:00:00,2024,Saitama Seibu Lions,Hokkaido Nippon-Ham Fighters,5.0,2.0,Final,エスコンＦ
20240406-Yokohama_DeNA_BayStars-Yomiuri_Giants,2024-04-06 18:00:00,2024,Yokohama DeNA BayStars,Yomiuri Giants,6.0,4.0,Final,東京ドーム
20240407-Fukuoka_SoftBank_Hawks-Tohoku_Rakuten_Golden_Eagles,2024-04-07 13:00:00,2024,Fukuoka SoftBank Hawks,Tohoku Rakuten Golden Eagles,2.0,3.0,Final,楽天モバイル
20240407-Saitama_Seibu_Lions-Hokkaido_Nippon-Ham_Fighters,2024-04-07 13:00:00,2024,Saitama Seibu Lions,Hokkaido Nippon-Ham Fighters,11.0,1.0,Final,エスコンＦ
20240407-Chunichi_Dragons-Hiroshima_Toyo_Carp,2024-04-07 13:30:00,2024,Chunichi Dragons,Hiroshima Toyo Carp,1.0,0.0,Final,マツダスタジアム
20240407-Hanshin_Tigers-Tokyo_Yakult_Swallows,2024-04-07 13:30:00,2024,Hanshin Tigers,Tokyo Yakult Swallows,1.0,3.0,Final,神 宮
20240407-Orix_Buffaloes-Chiba_Lotte_Marines,2024-04-07 14:00:00,2024,Orix Buffaloes,Chiba Lotte Marines,2.0,5.0,Final,ZOZOマリン
20240407-Yokohama_DeNA_BayStars-Yomiuri_Giants,2024-04-07 14:00:00,2024,Yokohama DeNA BayStars,Yomiuri Giants,0.0,3.0,Final,東京ドーム
20240409-Chiba_Lotte_Marines-Saitama_Seibu_Lions,2024-04-09 18:00:00,2024,Chiba Lotte Marines,Saitama Seibu Lions,5.0,0.0,Final,県営大宮
20240409-Chunichi_Dragons-Yokohama_DeNA_BayStars,2024-04-09 18:00:00,2024,Chunichi Dragons,Yokohama DeNA BayStars,3.0,1.0,Final,横 浜
20240409-Hiroshima_Toyo_Carp-Hanshin_Tigers,2024-04-09 18:00:00,2024,Hiroshima Toyo Carp,Hanshin Tigers,0.0,1.0,Final,甲子園
20240409-Hokkaido_Nippon-Ham_Fighters-Fukuoka_SoftBank_Hawks,2024-04-09 18:00:00,2024,Hokkaido Nippon-Ham Fighters,Fukuoka SoftBank Hawks,4.0,2.0,Final,熊 本
20240409-Tohoku_Rakuten_Golden_Eagles-Orix_Buffaloes,2024-04-09 18:00:00,2024,Tohoku Rakuten Golden Eagles,Orix Buffaloes,4.0,5.0,Final,京セラD大阪
20240409-Yomiuri_Giants-Tokyo_Yakult_Swallows,2024-04-09 18:00:00,2024,Yomiuri Giants,Tokyo Yakult Swallows,3.0,1.0,Final,鹿児島
20240410-Chiba_Lotte_Marines-Saitama_Seibu_Lions,2024-04-10 18:00:00,2024,Chiba Lotte Marines,Saitama Seibu Lions,3.0,2.0,Final,ベルーナドーム
20240410-Chunichi_Dragons-Yokohama_DeNA_BayStars,2024-04-10 18:00:00,2024,Chunichi Dragons,Yokohama DeNA BayStars,6.0,1.0,Final,横 浜
20240410-Hiroshima_Toyo_Carp-Hanshin_Tigers,2024-04-10 18:00:00,2024,Hiroshima Toyo Carp,Hanshin Tigers,6.0,2.0,Final,甲子園
20240410-Tohoku_Rakuten_Golden_Eagles-Orix_Buffaloes,2024-04-10 18:00:00,2024,Tohoku Rakuten Golden Eagles,Orix Buffaloes,5.0,4.0,Final,京セラD大阪
20240411-Hiroshima_Toyo_Carp-Hanshin_Tigers,2024-04-11 18:00:00,2024,Hiroshima Toyo Carp,Hanshin Tigers,1.0,0.0,Final,甲子園
20240411-Hokkaido_Nippon-Ham_Fighters-Fukuoka_SoftBank_Hawks,2024-04-11 18:00:00,2024,Hokkaido Nippon-Ham Fighters,Fukuoka SoftBank Hawks,3.0,6.0,Final,北九州
20240411-Tohoku_Rakuten_Golden_Eagles-Orix_Buffaloes,2024-04-11 18:00:00,2024,Tohoku Rakuten Golden Eagles,Orix Buffaloes,1.0,2.0,Final,京セラD大阪
20240411-Yomiuri_Giants-Tokyo_Yakult_Swallows,2024-04-11 18:00:00,2024,Yomiuri Giants,Tokyo Yakult Swallows,5.0,0.0,Final,神 宮
20240412-Tokyo_Yakult_Swallows-Yokohama_DeNA_BayStars,2024-04-12 17:45:00,2024,Tokyo Yakult Swallows,Yokohama DeNA BayStars,1.0,3.0,Final,横 浜
20240412-Chiba_Lotte_Marines-Tohoku_Rakuten_Golden_Eagles,2024-04-12 18:00:00,2024,Chiba Lotte Marines,Tohoku Rakuten Golden Eagles,2.0,5.0,Final,楽天モバイル
20240412-Fukuoka_SoftBank_Hawks-Saitama_Seibu_Lions,2024-04-12 18:00:00,2024,Fukuoka SoftBank Hawks,Saitama Seibu Lions,2.0,1.0,Final,ベルーナドーム
20240412-Hanshin_Tigers-Chunichi_Dragons,2024-04-12 18:00:00,2024,Hanshin Tigers,Chunichi Dragons,2.0,2.0,Final,バンテリンドーム
20240412-Hiroshima_Toyo_Carp-Yomiuri_Giants,2024-04-12 18:00:00,2024,Hiroshima Toyo Carp,Yomiuri Giants,4.0,9.0,Final,東京ドーム
20240412-Hokkaido_Nippon-Ham_Fighters-Orix_Buffaloes,2024-04-12 18:00:00,2024,Hokkaido Nippon-Ham Fighters,Orix Buffaloes,1.0,0.0,Final,京セラD大阪
20240413-Chiba_Lotte_Marines-Tohoku_Rakuten_Golden_Eagles,2024-04-13 14:00:00,2024,Chiba Lotte Marines,Tohoku Rakuten Golden Eagles,2.0,2.0,Final,楽天モバイル
20240413-Fukuoka_SoftBank_Hawks-Saitama_Seibu_Lions,2024-04-13 14:00:00,2024,Fukuoka SoftBank Hawks,Saitama Seibu Lions,11.0,2.0,Final,ベルーナドーム
20240413-Hanshin_Tigers-Chunichi_Dragons,2024-04-13 14:00:00,2024,Hanshin Tigers,Chunichi Dragons,2.0,5.0,Final,バンテリンドーム
20240413-Hiroshima_Toyo_Carp-Yomiuri_Giants,2024-04-13 14:00:00,2024,Hiroshima Toyo Carp,Yomiuri Giants,2.0,3.0,Final,東京ドーム
20240413-Hokkaido_Nippon-Ham_Fighters-Orix_Buffaloes,2024-04-13 14:00:00,2024,Hokkaido Nippon-Ham Fighters,Orix Buffaloes,1.0,5.0,Final,京セラD大阪
20240413-Tokyo_Yakult_Swallows-Yokohama_DeNA_BayStars,2024-04-13 14:00:00,2024,Tokyo Yakult Swallows,Yokohama DeNA BayStars,5.0,2.0,Final,横 浜
20240414-Chiba_Lotte_Marines-Tohoku_Rakuten_Golden_Eagles,2024-04-14 13:00:00,2024,Chiba Lotte Marines,Tohoku Rakuten Golden Eagles,9.0,2.0,Final,楽天モバイル
20240414-Fukuoka_SoftBank_Hawks-Saitama_Seibu_Lions,2024-04-14 13:00:00,2024,Fukuoka SoftBank Hawks,Saitama Seibu Lions,4.0,1.0,Final,ベルーナドーム
20240414-Hanshin_Tigers-Chunichi_Dragons,2024-04-14 13:30:00,2024,Hanshin Tigers,Chunichi Dragons,2.0,1.0,Final,バンテリンドーム
20240414-Hiroshima_Toyo_Carp-Yomiuri_Giants,2024-04-14 14:00:00,2024,Hiroshima Toyo Carp,Yomiuri Giants,1.0,2.0,Final,東京ドーム
20240414-Hokkaido_Nippon-Ham_Fighters-Orix_Buffaloes,2024-04-14 14:00:00,2024,Hokkaido Nippon-Ham Fighters,Orix Buffaloes,3.0,6.0,Final,京セラD大阪
20240414-Tokyo_Yakult_Swallows-Yokohama_DeNA_BayStars,2024-04-14 14:00:00,2024,Tokyo Yakult Swallows,Yokohama DeNA BayStars,9.0,0.0,Final,横 浜
20240416-Fukuoka_SoftBank_Hawks-Hokkaido_Nippon-Ham_Fighters,2024-04-16 18:00:00,2024,Fukuoka SoftBank Hawks,Hokkaido Nippon-Ham Fighters,1.0,5.0,Final,エスコンＦ
20240416-Orix_Buffaloes-Tohoku_Rakuten_Golden_Eagles,2024-04-16 18:00:00,2024,Orix Buffaloes,Tohoku Rakuten Golden Eagles,2.0,6.0,Final,楽天モバイル
20240416-Saitama_Seibu_Lions-Chiba_Lotte_Marines,2024-04-16 18:00:00,2024,Saitama Seibu Lions,Chiba Lotte Marines,3.0,4.0,Final,ZOZOマリン
20240416-Tokyo_Yakult_Swallows-Chunichi_Dragons,2024-04-16 18:00:00,2024,Tokyo Yakult Swallows,Chunichi Dragons,2.0,3.0,Final,バンテリンドーム
20240416-Yokohama_DeNA_BayStars-Hiroshima_Toyo_Carp,2024-04-16 18:00:00,2024,Yokohama DeNA BayStars,Hiroshima Toyo Carp,2.0,11.0,Final,マツダスタジアム
20240416-Yomiuri_Giants-Hanshin_Tigers,2024-04-16 18:00:00,2024,Yomiuri Giants,Hanshin Tigers,1.0,1.0,Final,甲子園
20240417-Fukuoka_SoftBank_Hawks-Hokkaido_Nippon-Ham_Fighters,2024-04-17 18:00:00,2024,Fukuoka SoftBank Hawks,Hokkaido Nippon-Ham Fighters,4.0,4.0,Final,エスコンＦ
20240417-Orix_Buffaloes-Tohoku_Rakuten_Golden_Eagles,2024-04-17 18:00:00,2024,Orix Buffaloes,Tohoku Rakuten Golden Eagles,5.0,0.0,Final,楽天モバイル
20240417-Saitama_Seibu_Lions-Chiba_Lotte_Marines,2024-04-17 18:00:00,2024,Saitama Seibu Lions,Chiba Lotte Marines,0.0,2.0,Final,ZOZOマリン
20240417-Tokyo_Yakult_Swallows-Chunichi_Dragons,2024-04-17 18:00:00,2024,Tokyo Yakult Swallows,Chunichi Dragons,0.0,2.0,Final,バンテリンドーム
20240417-Yokohama_DeNA_BayStars-Hiroshima_Toyo_Carp,2024-04-17 18:00:00,2024,Yokohama DeNA BayStars,Hiroshima Toyo Carp,1.0,5.0,Final,マツダスタジアム
20240417-Yomiuri_Giants-Hanshin_Tigers,2024-04-17 18:00:00,2024,Yomiuri Giants,Hanshin Tigers,0.0,2.0,Final,甲子園
20240418-Orix_Buffaloes-Tohoku_Rakuten_Golden_Eagles,2024-04-18 18:00:00,2024,Orix Buffaloes,Tohoku Rakuten Golden Eagles,7.0,0.0,Final,楽天モバイル
20240418-Tokyo_Yakult_Swallows-Chunichi_Dragons,2024-04-18 18:00:00,2024,Tokyo Yakult Swallows,Chunichi Dragons,11.0,5.0,Final,バンテリンドーム
20240418-Yomiuri_Giants-Hanshin_Tigers,2024-04-18 18:00:00,2024,Yomiuri Giants,Hanshin Tigers,1.0,2.0,Final,甲子園
20240419-Chiba_Lotte_Marines-Hokkaido_Nippon-Ham_Fighters,2024-04-19 18:00:00,2024,Chiba Lotte Marines,Hokkaido Nippon-Ham Fighters,3.0,4.0,Final,エスコンＦ
20240419-Chunichi_Dragons-Hanshin_Tigers,2024-04-19 18:00:00,2024,Chunichi Dragons,Hanshin Tigers,0.0,7.0,Final,甲子園
20240419-Orix_Buffaloes-Fukuoka_SoftBank_Hawks,2024-04-19 18:00:00,2024,Orix Buffaloes,Fukuoka SoftBank Hawks,7.0,9.0,Final,PayPayドーム
20240419-Tohoku_Rakuten_Golden_Eagles-Saitama_Seibu_Lions,2024-04-19 18:00:00,2024,Tohoku Rakuten Golden Eagles,Saitama Seibu Lions,4.0,5.0,Final,ベルーナドーム
20240419-Yokohama_DeNA_BayStars-Tokyo_Yakult_Swallows,2024-04-19 18:00:00,2024,Yokohama DeNA BayStars,Tokyo Yakult Swallows,3.0,4.0,Final,神 宮
20240419-Yomiuri_Giants-Hiroshima_Toyo_Carp,2024-04-19 18:00:00,2024,Yomiuri Giants,Hiroshima Toyo Carp,0.0,0.0,Final,マツダスタジアム
20240420-Chiba_Lotte_Marines-Hokkaido_Nippon-Ham_Fighters,2024-04-20 14:00:00,2024,Chiba Lotte Marines,Hokkaido Nippon-Ham Fighters,0.0,2.0,Final,エスコンＦ
20240420-Chunichi_Dragons-Hanshin_Tigers,2024-04-20 14:00:00,2024,Chunichi Dragons,Hanshin Tigers,2.0,15.0,Final,甲子園
20240420-Orix_Buffaloes-Fukuoka_SoftBank_Hawks,2024-04-20 14:00:00,2024,Orix Buffaloes,Fukuoka SoftBank Hawks,3.0,3.0,Final,PayPayドーム
20240420-Tohoku_Rakuten_Golden_Eagles-Saitama_Seibu_Lions,2024-04-20 14:00:00,2024,Tohoku Rakuten Golden Eagles,Saitama Seibu Lions,8.0,2.0,Final,ベルーナドーム
20240420-Yomiuri_Giants-Hiroshima_Toyo_Carp,2024-04-20 14:00:00,2024,Yomiuri Giants,Hiroshima Toyo Carp,2.0,6.0,Final,マツダスタジアム
20240420-Yokohama_DeNA_BayStars-Tokyo_Yakult_Swallows,2024-04-20 18:00:00,2024,Yokohama DeNA BayStars,Tokyo Yakult Swallows,7.0,4.0,Final,神 宮
20240421-Chiba_Lotte_Marines-Hokkaido_Nippon-Ham_Fighters,2024-04-21 13:00:00,2024,Chiba Lotte Marines,Hokkaido Nippon-Ham Fighters,0.0,5.0,Final,エスコンＦ
20240421-Orix_Buffaloes-Fukuoka_SoftBank_Hawks,2024-04-21 13:00:00,2024,Orix Buffaloes,Fukuoka SoftBank Hawks,3.0,1.0,Final,PayPayドーム
20240421-Yomiuri_Giants-Hiroshima_Toyo_Carp,2024-04-21 13:30:00,2024,Yomiuri Giants,Hiroshima Toyo Carp,0.0,0.0,Final,マツダスタジアム
20240421-Chunichi_Dragons-Hanshin_Tigers,2024-04-21 14:00:00,2024,Chunichi Dragons,Hanshin Tigers,0.0,3.0,Final,甲子園
20240421-Tohoku_Rakuten_Golden_Eagles-Saitama_Seibu_Lions,2024-04-21 14:00:00,2024,Tohoku Rakuten Golden Eagles,Saitama Seibu Lions,1.0,0.0,Final,ベルーナドーム
20240421-Yokohama_DeNA_BayStars-Tokyo_Yakult_Swallows,2024-04-21 18:00:00,2024,Yokohama DeNA BayStars,Tokyo Yakult Swallows,8.0,3.0,Final,神 宮
20240423-Hanshin_Tigers-Yokohama_DeNA_BayStars,2024-04-23 17:30:00,2024,Hanshin Tigers,Yokohama DeNA BayStars,1.0,1.0,Final,横 浜
20240423-Chunichi_Dragons-Yomiuri_Giants,2024-04-23 18:00:00,2024,Chunichi Dragons,Yomiuri Giants,0.0,2.0,Final,ひたちなか
20240423-Fukuoka_SoftBank_Hawks-Chiba_Lotte_Marines,2024-04-23 18:00:00,2024,Fukuoka SoftBank Hawks,Chiba Lotte Marines,4.0,2.0,Final,ZOZOマリン
20240423-Hiroshima_Toyo_Carp-Tokyo_Yakult_Swallows,2024-04-23 18:00:00,2024,Hiroshima Toyo Carp,Tokyo Yakult Swallows,2.0,0.0,Final,神 宮
20240423-Hokkaido_Nippon-Ham_Fighters-Tohoku_Rakuten_Golden_Eagles,2024-04-23 18:00:00,2024,Hokkaido Nippon-Ham Fighters,Tohoku Rakuten Golden Eagles,4.0,3.0,Final,楽天モバイル
20240423-Saitama_Seibu_Lions-Orix_Buffaloes,2024-04-23 18:00:00,2024,Saitama Seibu Lions,Orix Buffaloes,1.0,2.0,Final,京セラD大阪
20240424-Hanshin_Tigers-Yokohama_DeNA_BayStars,2024-04-24 17:30:00,2024,Hanshin Tigers,Yokohama DeNA BayStars,5.0,3.0,Final,横 浜
20240424-Chunichi_Dragons-Yomiuri_Giants,2024-04-24 18:00:00,2024,Chunichi Dragons,Yomiuri Giants,3.0,2.0,Final,東京ドーム
20240424-Fukuoka_SoftBank_Hawks-Chiba_Lotte_Marines,2024-04-24 18:00:00,2024,Fukuoka SoftBank Hawks,Chiba Lotte Marines,10.0,1.0,Final,ZOZOマリン
20240424-Hiroshima_Toyo_Carp-Tokyo_Yakult_Swallows,2024-04-24 18:00:00,2024,Hiroshima Toyo Carp,Tokyo Yakult Swallows,,,Postponed,神 宮
20240424-Hokkaido_Nippon-Ham_Fighters-Tohoku_Rakuten_Golden_Eagles,2024-04-24 18:00:00,2024,Hokkaido Nippon-Ham Fighters,Tohoku Rakuten Golden Eagles,,,Postponed,楽天モバイル
20240424-Saitama_Seibu_Lions-Orix_Buffaloes,2024-04-24 18:00:00,2024,Saitama Seibu Lions,Orix Buffaloes,3.0,4.0,Final,京セラD大阪
20240425-Chunichi_Dragons-Yomiuri_Giants,2024-04-25 18:00:00,2024,Chunichi Dragons,Yomiuri Giants,2.0,3.0,Final,東京ドーム
20240425-Fukuoka_SoftBank_Hawks-Chiba_Lotte_Marines,2024-04-25 18:00:00,2024,Fukuoka SoftBank Hawks,Chiba Lotte Marines,6.0,0.0,Final,ZOZOマリン
20240425-Hiroshima_Toyo_Carp-Tokyo_Yakult_Swallows,2024-04-25 18:00:00,2024,Hiroshima Toyo Carp,Tokyo Yakult Swallows,8.0,9.0,Final,神 宮
20240425-Hokkaido_Nippon-Ham_Fighters-Tohoku_Rakuten_Golden_Eagles,2024-04-25 18:00:00,2024,Hokkaido Nippon-Ham Fighters,Tohoku Rakuten Golden Eagles,1.0,5.0,Final,楽天モバイル
20240425-Saitama_Seibu_Lions-Orix_Buffaloes,2024-04-25 18:00:00,2024,Saitama Seibu Lions,Orix Buffaloes,3.0,1.0,Final,京セラD大阪
20240426-Yomiuri_Giants-Yokohama_DeNA_BayStars,2024-04-26 17:30:00,2024,Yomiuri Giants,Yokohama DeNA BayStars,2.0,7.0,Final,横 浜
20240426-Tokyo_Yakult_Swallows-Hanshin_Tigers,2024-04-26 18:00:00,2024,Tokyo Yakult Swallows,Hanshin Tigers,8.0,2.0,Final,甲子園
20240427-Hiroshima_Toyo_Carp-Chunichi_Dragons,2024-04-27 14:00:00,2024,Hiroshima Toyo Carp,Chunichi Dragons,6.0,4.0,Final,バンテリンドーム
20240427-Orix_Buffaloes-Hokkaido_Nippon-Ham_Fighters,2024-04-27 14:00:00,2024,Orix Buffaloes,Hokkaido Nippon-Ham Fighters,0.0,9.0,Final,エスコンＦ
20240427-Saitama_Seibu_Lions-Fukuoka_SoftBank_Hawks,2024-04-27 14:00:00,2024,Saitama Seibu Lions,Fukuoka SoftBank Hawks,1.0,2.0,Final,みずほPayPay
20240427-Tohoku_Rakuten_Golden_Eagles-Chiba_Lotte_Marines,2024-04-27 14:00:00,2024,Tohoku Rakuten Golden Eagles,Chiba Lotte Marines,4.0,1.0,Final,ZOZOマリン
20240427-Tokyo_Yakult_Swallows-Hanshin_Tigers,2024-04-27 14:00:00,2024,Tokyo Yakult Swallows,Hanshin Tigers,4.0,5.0,Final,甲子園
20240427-Yomiuri_Giants-Yokohama_DeNA_BayStars,2024-04-27 14:00:00,2024,Yomiuri Giants,Yokohama DeNA BayStars,2.0,1.0,Final,横 浜
20240428-Orix_Buffaloes-Hokkaido_Nippon-Ham_Fighters,2024-04-28 13:00:00,2024,Orix Buffaloes,Hokkaido Nippon-Ham Fighters,5.0,4.0,Final,エスコンＦ
20240428-Saitama_Seibu_Lions-Fukuoka_SoftBank_Hawks,2024-04-28 13:00:00,2024,Saitama Seibu Lions,Fukuoka SoftBank Hawks,2.0,3.0,Final,みずほPayPay
20240428-Hiroshima_Toyo_Carp-Chunichi_Dragons,2024-04-28 13:30:00,2024,Hiroshima Toyo Carp,Chunichi Dragons,0.0,0.0,Final,バンテリンドーム
20240428-Tohoku_Rakuten_Golden_Eagles-Chiba_Lotte_Marines,2024-04-28 14:00:00,2024,Tohoku Rakuten Golden Eagles,Chiba Lotte Marines,1.0,10.0,Final,ZOZOマリン
20240428-Tokyo_Yakult_Swallows-Hanshin_Tigers,2024-04-28 14:00:00,2024,Tokyo Yakult Swallows,Hanshin Tigers,3.0,4.0,Final,甲子園
20240428-Yomiuri_Giants-Yokohama_DeNA_BayStars,2024-04-28 14:00:00,2024,Yomiuri Giants,Yokohama DeNA BayStars,6.0,2.0,Final,横 浜
20240429-Orix_Buffaloes-Hokkaido_Nippon-Ham_Fighters,2024-04-29 13:00:00,2024,Orix Buffaloes,Hokkaido Nippon-Ham Fighters,0.0,1.0,Final,エスコンＦ
20240429-Saitama_Seibu_Lions-Fukuoka_SoftBank_Hawks,2024-04-29 13:00:00,2024,Saitama Seibu Lions,Fukuoka SoftBank Hawks,4.0,5.0,Final,みずほPayPay
20240429-Tohoku_Rakuten_Golden_Eagles-Chiba_Lotte_Marines,2024-04-29 14:00:00,2024,Tohoku Rakuten Golden Eagles,Chiba Lotte Marines,8.0,6.0,Final,ZOZOマリン
20240429-Tokyo_Yakult_Swallows-Yomiuri_Giants,2024-04-29 14:00:00,2024,Tokyo Yakult Swallows,Yomiuri Giants,9.0,0.0,Final,東京ドーム
20240429-Yokohama_DeNA_BayStars-Chunichi_Dragons,2024-04-29 14:00:00,2024,Yokohama DeNA BayStars,Chunichi Dragons,1.0,11.0,Final,バンテリンドーム
20240429-Hanshin_Tigers-Hiroshima_Toyo_Carp,2024-04-29 18:00:00,2024,Hanshin Tigers,Hiroshima Toyo Carp,,,Postponed,マツダスタジアム
20240430-Chiba_Lotte_Marines-Orix_Buffaloes,2024-04-30 18:00:00,2024,Chiba Lotte Marines,Orix Buffaloes,1.0,0.0,Final,ほっと神戸
20240430-Hanshin_Tigers-Hiroshima_Toyo_Carp,2024-04-30 18:00:00,2024,Hanshin Tigers,Hiroshima Toyo Carp,7.0,1.0,Final,マツダスタジアム
20240430-Hokkaido_Nippon-Ham_Fighters-Saitama_Seibu_Lions,2024-04-30 18:00:00,2024,Hokkaido Nippon-Ham Fighters,Saitama Seibu Lions,2.0,1.0,Final,ベルーナドーム
20240430-Tohoku_Rakuten_Golden_Eagles-Fukuoka_SoftBank_Hawks,2024-04-30 18:00:00,2024,Tohoku Rakuten Golden Eagles,Fukuoka SoftBank Hawks,0.0,8.0,Final,みずほPayPay
20240430-Tokyo_Yakult_Swallows-Yomiuri_Giants,2024-04-30 18:00:00,2024,Tokyo Yakult Swallows,Yomiuri Giants,4.0,3.0,Final,東京ドーム
20240430-Yokohama_DeNA_BayStars-Chunichi_Dragons,2024-04-30 18:00:00,2024,Yokohama DeNA BayStars,Chunichi Dragons,2.0,1.0,Final,バンテリンドーム
20240501-Chiba_Lotte_Marines-Orix_Buffaloes,2024-05-01 18:00:00,2024,Chiba Lotte Marines,Orix Buffaloes,6.0,3.0,Final,ほっと神戸
20240501-Hanshin_Tigers-Hiroshima_Toyo_Carp,2024-05-01 18:00:00,2024,Hanshin Tigers,Hiroshima Toyo Carp,2.0,2.0,Final,マツダスタジアム
20240501-Hokkaido_Nippon-Ham_Fighters-Saitama_Seibu_Lions,2024-05-01 18:00:00,2024,Hokkaido Nippon-Ham Fighters,Saitama Seibu Lions,1.0,3.0,Final,ベルーナドーム
20240501-Tohoku_Rakuten_Golden_Eagles-Fukuoka_SoftBank_Hawks,2024-05-01 18:00:00,2024,Tohoku Rakuten Golden Eagles,Fukuoka SoftBank Hawks,4.0,3.0,Final,みずほPayPay
20240501-Tokyo_Yakult_Swallows-Yomiuri_Giants,2024-05-01 18:00:00,2024,Tokyo Yakult Swallows,Yomiuri Giants,4.0,0.0,Final,東京ドーム
20240501-Yokohama_DeNA_BayStars-Chunichi_Dragons,2024-05-01 18:00:00,2024,Yokohama DeNA BayStars,Chunichi Dragons,12.0,1.0,Final,バンテリンドーム
20240503-Chiba_Lotte_Marines-Tohoku_Rakuten_Golden_Eagles,2024-05-03 13:00:00,2024,Chiba Lotte Marines,Tohoku Rakuten Golden Eagles,1.0,12.0,Final,楽天モバイル
20240503-Hokkaido_Nippon-Ham_Fighters-Orix_Buffaloes,2024-05-03 13:00:00,2024,Hokkaido Nippon-Ham Fighters,Orix Buffaloes,3.0,0.0,Final,京セラD大阪
20240503-Chunichi_Dragons-Tokyo_Yakult_Swallows,2024-05-03 14:00:00,2024,Chunichi Dragons,Tokyo Yakult Swallows,3.0,5.0,Final,神 宮
20240503-Yokohama_DeNA_BayStars-Hiroshima_Toyo_Carp,2024-05-03 14:00:00,2024,Yokohama DeNA BayStars,Hiroshima Toyo Carp,2.0,0.0,Final,マツダスタジアム
20240503-Fukuoka_SoftBank_Hawks-Saitama_Seibu_Lions,2024-05-03 18:00:00,2024,Fukuoka SoftBank Hawks,Saitama Seibu Lions,0.0,1.0,Final,ベルーナドーム
20240503-Hanshin_Tigers-Yomiuri_Giants,2024-05-03 18:00:00,2024,Hanshin Tigers,Yomiuri Giants,5.0,8.0,Final,東京ドーム
20240504-Chiba_Lotte_Marines-Tohoku_Rakuten_Golden_Eagles,2024-05-04 13:00:00,2024,Chiba Lotte Marines,Tohoku Rakuten Golden Eagles,2.0,0.0,Final,楽天モバイル
20240504-Fukuoka_SoftBank_Hawks-Saitama_Seibu_Lions,2024-05-04 13:00:00,2024,Fukuoka SoftBank Hawks,Saitama Seibu Lions,4.0,5.0,Final,ベルーナドーム
20240504-Hokkaido_Nippon-Ham_Fighters-Orix_Buffaloes,2024-05-04 13:00:00,2024,Hokkaido Nippon-Ham Fighters,Orix Buffaloes,1.0,3.0,Final,京セラD大阪
20240504-Yokohama_DeNA_BayStars-Hiroshima_Toyo_Carp,2024-05-04 13:30:00,2024,Yokohama DeNA BayStars,Hiroshima Toyo Carp,1.0,4.0,Final,マツダスタジアム
20240504-Chunichi_Dragons-Tokyo_Yakult_Swallows,2024-05-04 18:00:00,2024,Chunichi Dragons,Tokyo Yakult Swallows,7.0,7.0,Final,神 宮
20240504-Hanshin_Tigers-Yomiuri_Giants,2024-05-04 18:00:00,2024,Hanshin Tigers,Yomiuri Giants,1.0,2.0,Final,東京ドーム
20240505-Chiba_Lotte_Marines-Tohoku_Rakuten_Golden_Eagles,2024-05-05 13:00:00,2024,Chiba Lotte Marines,Tohoku Rakuten Golden Eagles,4.0,1.0,Final,楽天モバイル
20240505-Fukuoka_SoftBank_Hawks-Saitama_Seibu_Lions,2024-05-05 13:00:00,2024,Fukuoka SoftBank Hawks,Saitama Seibu Lions,4.0,0.0,Final,ベルーナドーム
20240505-Hokkaido_Nippon-Ham_Fighters-Orix_Buffaloes,2024-05-05 13:00:00,2024,Hokkaido Nippon-Ham Fighters,Orix Buffaloes,6.0,3.0,Final,京セラD大阪
20240505-Yokohama_DeNA_BayStars-Hiroshima_Toyo_Carp,2024-05-05 13:30:00,2024,Yokohama DeNA BayStars,Hiroshima Toyo Carp,5.0,0.0,Final,マツダスタジアム
20240505-Hanshin_Tigers-Yomiuri_Giants,2024-05-05 14:00:00,2024,Hanshin Tigers,Yomiuri Giants,4.0,2.0,Final,東京ドーム
20240505-Chunichi_Dragons-Tokyo_Yakult_Swallows,2024-05-05 18:00:00,2024,Chunichi Dragons,Tokyo Yakult Swallows,6.0,3.0,Final,神 宮
20240506-Saitama_Seibu_Lions-Chiba_Lotte_Marines,2024-05-06 14:00:00,2024,Saitama Seibu Lions,Chiba Lotte Marines,1.0,8.0,Final,ZOZOマリン
20240506-Hiroshima_Toyo_Carp-Hanshin_Tigers,2024-05-06 18:00:00,2024,Hiroshima Toyo Carp,Hanshin Tigers,,,Postponed,甲子園
20240506-Hokkaido_Nippon-Ham_Fighters-Fukuoka_SoftBank_Hawks,2024-05-06 18:00:00,2024,Hokkaido Nippon-Ham Fighters,Fukuoka SoftBank Hawks,4.0,9.0,Final,みずほPayPay
20240506-Orix_Buffaloes-Tohoku_Rakuten_Golden_Eagles,2024-05-06 18:00:00,2024,Orix Buffaloes,Tohoku Rakuten Golden Eagles,4.0,2.0,Final,楽天モバイル
20240506-Tokyo_Yakult_Swallows-Yokohama_DeNA_BayStars,2024-05-06 18:00:00,2024,Tokyo Yakult Swallows,Yokohama DeNA BayStars,5.0,6.0,Final,横 浜
20240506-Yomiuri_Giants-Chunichi_Dragons,2024-05-06 18:00:00,2024,Yomiuri Giants,Chunichi Dragons,0.0,2.0,Final,バンテリンドーム
20240507-Hiroshima_Toyo_Carp-Hanshin_Tigers,2024-05-07 18:00:00,2024,Hiroshima Toyo Carp,Hanshin Tigers,2.0,0.0,Final,甲子園
20240507-Hokkaido_Nippon-Ham_Fighters-Fukuoka_SoftBank_Hawks,2024-05-07 18:00:00,2024,Hokkaido Nippon-Ham Fighters,Fukuoka SoftBank Hawks,1.0,2.0,Final,みずほPayPay
20240507-Saitama_Seibu_Lions-Chiba_Lotte_Marines,2024-05-07 18:00:00,2024,Saitama Seibu Lions,Chiba Lotte Marines,1.0,6.0,Final,ZOZOマリン
20240507-Yomiuri_Giants-Chunichi_Dragons,2024-05-07 18:00:00,2024,Yomiuri Giants,Chunichi Dragons,2.0,0.0,Final,バンテリンドーム
20240508-Hiroshima_Toyo_Carp-Hanshin_Tigers,2024-05-08 18:00:00,2024,Hiroshima Toyo Carp,Hanshin Tigers,3.0,1.0,Final,甲子園
20240508-Hokkaido_Nippon-Ham_Fighters-Fukuoka_SoftBank_Hawks,2024-05-08 18:00:00,2024,Hokkaido Nippon-Ham Fighters,Fukuoka SoftBank Hawks,1.0,3.0,Final,みずほPayPay
20240508-Orix_Buffaloes-Tohoku_Rakuten_Golden_Eagles,2024-05-08 18:00:00,2024,Orix Buffaloes,Tohoku Rakuten Golden Eagles,1.0,4.0,Final,秋 田
20240508-Tokyo_Yakult_Swallows-Yokohama_DeNA_BayStars,2024-05-08 18:00:00,2024,Tokyo Yakult Swallows,Yokohama DeNA BayStars,6.0,2.0,Final,横 浜
20240508-Yomiuri_Giants-Chunichi_Dragons,2024-05-08 18:00:00,2024,Yomiuri Giants,Chunichi Dragons,4.0,1.0,Final,バンテリンドーム
20240510-Chiba_Lotte_Marines-Hokkaido_Nippon-Ham_Fighters,2024-05-10 18:00:00,2024,Chiba Lotte Marines,Hokkaido Nippon-Ham Fighters,3.0,6.0,Final,エスコンＦ
20240510-Chunichi_Dragons-Hiroshima_Toyo_Carp,2024-05-10 18:00:00,2024,Chunichi Dragons,Hiroshima Toyo Carp,3.0,6.0,Final,マツダスタジアム
20240510-Hanshin_Tigers-Yokohama_DeNA_BayStars,2024-05-10 18:00:00,2024,Hanshin Tigers,Yokohama DeNA BayStars,4.0,3.0,Final,横 浜
20240510-Tohoku_Rakuten_Golden_Eagles-Saitama_Seibu_Lions,2024-05-10 18:00:00,2024,Tohoku Rakuten Golden Eagles,Saitama Seibu Lions,13.0,2.0,Final,ベルーナドーム
20240510-Yomiuri_Giants-Tokyo_Yakult_Swallows,2024-05-10 18:00:00,2024,Yomiuri Giants,Tokyo Yakult Swallows,2.0,1.0,Final,神 宮
20240511-Orix_Buffaloes-Fukuoka_SoftBank_Hawks,2024-05-11 13:00:00,2024,Orix Buffaloes,Fukuoka SoftBank Hawks,1.0,4.0,Final,宮 崎
20240511-Chiba_Lotte_Marines-Hokkaido_Nippon-Ham_Fighters,2024-05-11 14:00:00,2024,Chiba Lotte Marines,Hokkaido Nippon-Ham Fighters,0.0,3.0,Final,エスコンＦ
20240511-Chunichi_Dragons-Hiroshima_Toyo_Carp,2024-05-11 14:00:00,2024,Chunichi Dragons,Hiroshima Toyo Carp,4.0,0.0,Final,マツダスタジアム
20240511-Hanshin_Tigers-Yokohama_DeNA_BayStars,2024-05-11 14:00:00,2024,Hanshin Tigers,Yokohama DeNA BayStars,9.0,11.0,Final,横 浜
20240511-Tohoku_Rakuten_Golden_Eagles-Saitama_Seibu_Lions,2024-05-11 14:00:00,2024,Tohoku Rakuten Golden Eagles,Saitama Seibu Lions,1.0,2.0,Final,ベルーナドーム
20240511-Yomiuri_Giants-Tokyo_Yakult_Swallows,2024-05-11 18:00:00,2024,Yomiuri Giants,Tokyo Yakult Swallows,4.0,3.0,Final,神 宮
20240512-Chiba_Lotte_Marines-Hokkaido_Nippon-Ham_Fighters,2024-05-12 13:00:00,2024,Chiba Lotte Marines,Hokkaido Nippon-Ham Fighters,5.0,6.0,Final,エスコンＦ
20240512-Chunichi_Dragons-Hiroshima_Toyo_Carp,2024-05-12 13:30:00,2024,Chunichi Dragons,Hiroshima Toyo Carp,,,Postponed,マツダスタジアム
20240512-Hanshin_Tigers-Yokohama_DeNA_BayStars,2024-05-12 14:00:00,2024,Hanshin Tigers,Yokohama DeNA BayStars,1.0,0.0,Final,横 浜
20240512-Orix_Buffaloes-Fukuoka_SoftBank_Hawks,2024-05-12 14:00:00,2024,Orix Buffaloes,Fukuoka SoftBank Hawks,,,Postponed,鹿児島
20240512-Tohoku_Rakuten_Golden_Eagles-Saitama_Seibu_Lions,2024-05-12 14:00:00,2024,Tohoku Rakuten Golden Eagles,Saitama Seibu Lions,2.0,6.0,Final,ベルーナドーム
20240512-Yomiuri_Giants-Tokyo_Yakult_Swallows,2024-05-12 18:00:00,2024,Yomiuri Giants,Tokyo Yakult Swallows,1.0,3.0,Final,神 宮
20240514-Fukuoka_SoftBank_Hawks-Tohoku_Rakuten_Golden_Eagles,2024-05-14 13:00:00,2024,Fukuoka SoftBank Hawks,Tohoku Rakuten Golden Eagles,1.0,4.0,Final,楽天モバイル
20240514-Saitama_Seibu_Lions-Hokkaido_Nippon-Ham_Fighters,2024-05-14 13:00:00,2024,Saitama Seibu Lions,Hokkaido Nippon-Ham Fighters,1.0,4.0,Final,エスコンＦ
20240514-Hanshin_Tigers-Chunichi_Dragons,2024-05-14 18:00:00,2024,Hanshin Tigers,Chunichi Dragons,2.0,4.0,Final,豊 橋
20240514-Hiroshima_Toyo_Carp-Tokyo_Yakult_Swallows,2024-05-14 18:00:00,2024,Hiroshima Toyo Carp,Tokyo Yakult Swallows,2.0,1.0,Final,松 山
20240514-Yokohama_DeNA_BayStars-Yomiuri_Giants,2024-05-14 18:00:00,2024,Yokohama DeNA BayStars,Yomiuri Giants,1.0,2.0,Final,富 山
20240514-Chiba_Lotte_Marines-Orix_Buffaloes,2024-05-14 18:30:00,2024,Chiba Lotte Marines,Orix Buffaloes,4.0,1.0,Final,那 覇
20240515-Fukuoka_SoftBank_Hawks-Tohoku_Rakuten_Golden_Eagles,2024-05-15 13:00:00,2024,Fukuoka SoftBank Hawks,Tohoku Rakuten Golden Eagles,7.0,3.0,Final,楽天モバイル
20240515-Saitama_Seibu_Lions-Hokkaido_Nippon-Ham_Fighters,2024-05-15 13:00:00,2024,Saitama Seibu Lions,Hokkaido Nippon-Ham Fighters,3.0,12.0,Final,エスコンＦ
20240515-Hanshin_Tigers-Chunichi_Dragons,2024-05-15 18:00:00,2024,Hanshin Tigers,Chunichi Dragons,1.0,0.0,Final,バンテリンドーム
20240515-Hiroshima_Toyo_Carp-Tokyo_Yakult_Swallows,2024-05-15 18:00:00,2024,Hiroshima Toyo Carp,Tokyo Yakult Swallows,0.0,2.0,Final,松 山
20240515-Yokohama_DeNA_BayStars-Yomiuri_Giants,2024-05-15 18:00:00,2024,Yokohama DeNA BayStars,Yomiuri Giants,0.0,4.0,Final,福 井
20240515-Chiba_Lotte_Marines-Orix_Buffaloes,2024-05-15 18:30:00,2024,Chiba Lotte Marines,Orix Buffaloes,1.0,1.0,Final,那 覇
20240516-Hanshin_Tigers-Chunichi_Dragons,2024-05-16 18:00:00,2024,Hanshin Tigers,Chunichi Dragons,9.0,4.0,Final,バンテリンドーム
20240517-Chunichi_Dragons-Yokohama_DeNA_BayStars,2024-05-17 18:00:00,2024,Chunichi Dragons,Yokohama DeNA BayStars,1.0,2.0,Final,横 浜
20240517-Hokkaido_Nippon-Ham_Fighters-Chiba_Lotte_Marines,2024-05-17 18:00:00,2024,Hokkaido Nippon-Ham Fighters,Chiba Lotte Marines,1.0,1.0,Final,ZOZOマリン
20240517-Saitama_Seibu_Lions-Fukuoka_SoftBank_Hawks,2024-05-17 18:00:00,2024,Saitama Seibu Lions,Fukuoka SoftBank Hawks,2.0,6.0,Final,みずほPayPay
20240517-Tohoku_Rakuten_Golden_Eagles-Orix_Buffaloes,2024-05-17 18:00:00,2024,Tohoku Rakuten Golden Eagles,Orix Buffaloes,5.0,3.0,Final,京セラD大阪
20240517-Tokyo_Yakult_Swallows-Hanshin_Tigers,2024-05-17 18:00:00,2024,Tokyo Yakult Swallows,Hanshin Tigers,4.0,2.0,Final,甲子園
20240517-Yomiuri_Giants-Hiroshima_Toyo_Carp,2024-05-17 18:00:00,2024,Yomiuri Giants,Hiroshima Toyo Carp,0.0,2.0,Final,マツダスタジアム
20240518-Chunichi_Dragons-Yokohama_DeNA_BayStars,2024-05-18 14:00:00,2024,Chunichi Dragons,Yokohama DeNA BayStars,2.0,3.0,Final,横 浜
20240518-Hokkaido_Nippon-Ham_Fighters-Chiba_Lotte_Marines,2024-05-18 14:00:00,2024,Hokkaido Nippon-Ham Fighters,Chiba Lotte Marines,4.0,6.0,Final,ZOZOマリン
20240518-Saitama_Seibu_Lions-Fukuoka_SoftBank_Hawks,2024-05-18 14:00:00,2024,Saitama Seibu Lions,Fukuoka SoftBank Hawks,2.0,3.0,Final,みずほPayPay
20240518-Tohoku_Rakuten_Golden_Eagles-Orix_Buffaloes,2024-05-18 14:00:00,2024,Tohoku Rakuten Golden Eagles,Orix Buffaloes,3.0,8.0,Final,京セラD大阪
20240518-Tokyo_Yakult_Swallows-Hanshin_Tigers,2024-05-18 14:00:00,2024,Tokyo Yakult Swallows,Hanshin Tigers,0.0,1.0,Final,甲子園
20240518-Yomiuri_Giants-Hiroshima_Toyo_Carp,2024-05-18 14:00:00,2024,Yomiuri Giants,Hiroshima Toyo Carp,3.0,4.0,Final,マツダスタジアム
20240519-Tohoku_Rakuten_Golden_Eagles-Orix_Buffaloes,2024-05-19 13:00:00,2024,Tohoku Rakuten Golden Eagles,Orix Buffaloes,2.0,3.0,Final,京セラD大阪
20240519-Yomiuri_Giants-Hiroshima_Toyo_Carp,2024-05-19 13:30:00,2024,Yomiuri Giants,Hiroshima Toyo Carp,3.0,9.0,Final,マツダスタジアム
20240519-Chunichi_Dragons-Yokohama_DeNA_BayStars,2024-05-19 14:00:00,2024,Chunichi Dragons,Yokohama DeNA BayStars,3.0,2.0,Final,横 浜
20240519-Hokkaido_Nippon-Ham_Fighters-Chiba_Lotte_Marines,2024-05-19 14:00:00,2024,Hokkaido Nippon-Ham Fighters,Chiba Lotte Marines,3.0,4.0,Final,ZOZOマリン
20240519-Saitama_Seibu_Lions-Fukuoka_SoftBank_Hawks,2024-05-19 14:00:00,2024,Saitama Seibu Lions,Fukuoka SoftBank Hawks,1.0,2.0,Final,みずほPayPay
20240519-Tokyo_Yakult_Swallows-Hanshin_Tigers,2024-05-19 14:00:00,2024,Tokyo Yakult Swallows,Hanshin Tigers,2.0,7.0,Final,甲子園
20240521-Chiba_Lotte_Marines-Saitama_Seibu_Lions,2024-05-21 18:00:00,2024,Chiba Lotte Marines,Saitama Seibu Lions,5.0,3.0,Final,ベルーナドーム
20240521-Chunichi_Dragons-Yomiuri_Giants,2024-05-21 18:00:00,2024,Chunichi Dragons,Yomiuri Giants,1.0,1.0,Final,東京ドーム
20240521-Hanshin_Tigers-Hiroshima_Toyo_Carp,2024-05-21 18:00:00,2024,Hanshin Tigers,Hiroshima Toyo Carp,2.0,6.0,Final,マツダスタジアム
20240521-Orix_Buffaloes-Hokkaido_Nippon-Ham_Fighters,2024-05-21 18:00:00,2024,Orix Buffaloes,Hokkaido Nippon-Ham Fighters,4.0,5.0,Final,エスコンＦ
20240521-Tohoku_Rakuten_Golden_Eagles-Fukuoka_SoftBank_Hawks,2024-05-21 18:00:00,2024,Tohoku Rakuten Golden Eagles,Fukuoka SoftBank Hawks,0.0,21.0,Final,みずほPayPay
20240521-Yokohama_DeNA_BayStars-Tokyo_Yakult_Swallows,2024-05-21 18:00:00,2024,Yokohama DeNA BayStars,Tokyo Yakult Swallows,7.0,0.0,Final,神 宮
20240522-Chiba_Lotte_Marines-Saitama_Seibu_Lions,2024-05-22 18:00:00,2024,Chiba Lotte Marines,Saitama Seibu Lions,2.0,1.0,Final,ベルーナドーム
20240522-Chunichi_Dragons-Yomiuri_Giants,2024-05-22 18:00:00,2024,Chunichi Dragons,Yomiuri Giants,4.0,2.0,Final,東京ドーム
20240522-Hanshin_Tigers-Hiroshima_Toyo_Carp,2024-05-22 18:00:00,2024,Hanshin Tigers,Hiroshima Toyo Carp,2.0,1.0,Final,マツダスタジアム
20240522-Orix_Buffaloes-Hokkaido_Nippon-Ham_Fighters,2024-05-22 18:00:00,2024,Orix Buffaloes,Hokkaido Nippon-Ham Fighters,4.0,5.0,Final,エスコンＦ
20240522-Tohoku_Rakuten_Golden_Eagles-Fukuoka_SoftBank_Hawks,2024-05-22 18:00:00,2024,Tohoku Rakuten Golden Eagles,Fukuoka SoftBank Hawks,0.0,12.0,Final,京セラD大阪
20240522-Yokohama_DeNA_BayStars-Tokyo_Yakult_Swallows,2024-05-22 18:00:00,2024,Yokohama DeNA BayStars,Tokyo Yakult Swallows,2.0,1.0,Final,神 宮
20240523-Hanshin_Tigers-Hiroshima_Toyo_Carp,2024-05-23 18:00:00,2024,Hanshin Tigers,Hiroshima Toyo Carp,2.0,1.0,Final,マツダスタジアム
20240523-Orix_Buffaloes-Hokkaido_Nippon-Ham_Fighters,2024-05-23 18:00:00,2024,Orix Buffaloes,Hokkaido Nippon-Ham Fighters,9.0,3.0,Final,エスコンＦ
20240523-Yokohama_DeNA_BayStars-Tokyo_Yakult_Swallows,2024-05-23 18:00:00,2024,Yokohama DeNA BayStars,Tokyo Yakult Swallows,5.0,3.0,Final,神 宮
20240524-Fukuoka_SoftBank_Hawks-Chiba_Lotte_Marines,2024-05-24 18:00:00,2024,Fukuoka SoftBank Hawks,Chiba Lotte Marines,1.0,3.0,Final,ZOZOマリン
20240524-Hiroshima_Toyo_Carp-Yokohama_DeNA_BayStars,2024-05-24 18:00:00,2024,Hiroshima Toyo Carp,Yokohama DeNA BayStars,5.0,2.0,Final,横 浜
20240524-Hokkaido_Nippon-Ham_Fighters-Tohoku_Rakuten_Golden_Eagles,2024-05-24 18:00:00,2024,Hokkaido Nippon-Ham Fighters,Tohoku Rakuten Golden Eagles,4.0,3.0,Final,楽天モバイル
20240524-Orix_Buffaloes-Saitama_Seibu_Lions,2024-05-24 18:00:00,2024,Orix Buffaloes,Saitama Seibu Lions,9.0,6.0,Final,ベルーナドーム
20240524-Tokyo_Yakult_Swallows-Chunichi_Dragons,2024-05-24 18:00:00,2024,Tokyo Yakult Swallows,Chunichi Dragons,5.0,2.0,Final,バンテリンドーム
20240524-Yomiuri_Giants-Hanshin_Tigers,2024-05-24 18:00:00,2024,Yomiuri Giants,Hanshin Tigers,1.0,0.0,Final,甲子園
20240525-Fukuoka_SoftBank_Hawks-Chiba_Lotte_Marines,2024-05-25 14:00:00,2024,Fukuoka SoftBank Hawks,Chiba Lotte Marines,0.0,2.0,Final,ZOZOマリン
20240525-Hiroshima_Toyo_Carp-Yokohama_DeNA_BayStars,2024-05-25 14:00:00,2024,Hiroshima Toyo Carp,Yokohama DeNA BayStars,9.0,6.0,Final,横 浜
20240525-Hokkaido_Nippon-Ham_Fighters-Tohoku_Rakuten_Golden_Eagles,2024-05-25 14:00:00,2024,Hokkaido Nippon-Ham Fighters,Tohoku Rakuten Golden Eagles,5.0,0.0,Final,楽天モバイル
20240525-Orix_Buffaloes-Saitama_Seibu_Lions,2024-05-25 14:00:00,2024,Orix Buffaloes,Saitama Seibu Lions,5.0,6.0,Final,ベルーナドーム
20240525-Tokyo_Yakult_Swallows-Chunichi_Dragons,2024-05-25 14:00:00,2024,Tokyo Yakult Swallows,Chunichi Dragons,0.0,1.0,Final,バンテリンドーム
20240525-Yomiuri_Giants-Hanshin_Tigers,2024-05-25 14:00:00,2024,Yomiuri Giants,Hanshin Tigers,0.0,3.0,Final,甲子園
20240526-Fukuoka_SoftBank_Hawks-Chiba_Lotte_Marines,2024-05-26 13:00:00,2024,Fukuoka SoftBank Hawks,Chiba Lotte Marines,1.0,7.0,Final,ZOZOマリン
20240526-Hokkaido_Nippon-Ham_Fighters-Tohoku_Rakuten_Golden_Eagles,2024-05-26 13:00:00,2024,Hokkaido Nippon-Ham Fighters,Tohoku Rakuten Golden Eagles,2.0,3.0,Final,楽天モバイル
20240526-Orix_Buffaloes-Saitama_Seibu_Lions,2024-05-26 13:00:00,2024,Orix Buffaloes,Saitama Seibu Lions,2.0,5.0,Final,ベルーナドーム
20240526-Tokyo_Yakult_Swallows-Chunichi_Dragons,2024-05-26 13:30:00,2024,Tokyo Yakult Swallows,Chunichi Dragons,0.0,5.0,Final,バンテリンドーム
20240526-Hiroshima_Toyo_Carp-Yokohama_DeNA_BayStars,2024-05-26 14:00:00,2024,Hiroshima Toyo Carp,Yokohama DeNA BayStars,4.0,2.0,Final,横 浜
20240526-Yomiuri_Giants-Hanshin_Tigers,2024-05-26 14:00:00,2024,Yomiuri Giants,Hanshin Tigers,2.0,1.0,Final,甲子園
20240528-Chiba_Lotte_Marines-Tokyo_Yakult_Swallows,2024-05-28 18:00:00,2024,Chiba Lotte Marines,Tokyo Yakult Swallows,5.0,3.0,Final,神 宮
20240528-Fukuoka_SoftBank_Hawks-Yomiuri_Giants,2024-05-28 18:00:00,2024,Fukuoka SoftBank Hawks,Yomiuri Giants,2.0,0.0,Final,東京ドーム
20240528-Hokkaido_Nippon-Ham_Fighters-Hanshin_Tigers,2024-05-28 18:00:00,2024,Hokkaido Nippon-Ham Fighters,Hanshin Tigers,,,Postponed,甲子園
20240528-Orix_Buffaloes-Hiroshima_Toyo_Carp,2024-05-28 18:00:00,2024,Orix Buffaloes,Hiroshima Toyo Carp,1.0,2.0,Final,マツダスタジアム
20240528-Saitama_Seibu_Lions-Chunichi_Dragons,2024-05-28 18:00:00,2024,Saitama Seibu Lions,Chunichi Dragons,0.0,3.0,Final,バンテリンドーム
20240528-Tohoku_Rakuten_Golden_Eagles-Yokohama_DeNA_BayStars,2024-05-28 18:00:00,2024,Tohoku Rakuten Golden Eagles,Yokohama DeNA BayStars,1.0,6.0,Final,横 浜
20240529-Chiba_Lotte_Marines-Tokyo_Yakult_Swallows,2024-05-29 18:00:00,2024,Chiba Lotte Marines,Tokyo Yakult Swallows,3.0,3.0,Final,神 宮
20240529-Fukuoka_SoftBank_Hawks-Yomiuri_Giants,2024-05-29 18:00:00,2024,Fukuoka SoftBank Hawks,Yomiuri Giants,0.0,1.0,Final,東京ドーム
20240529-Hokkaido_Nippon-Ham_Fighters-Hanshin_Tigers,2024-05-29 18:00:00,2024,Hokkaido Nippon-Ham Fighters,Hanshin Tigers,8.0,2.0,Final,甲子園
20240529-Orix_Buffaloes-Hiroshima_Toyo_Carp,2024-05-29 18:00:00,2024,Orix Buffaloes,Hiroshima Toyo Carp,0.0,14.0,Final,マツダスタジアム
20240529-Saitama_Seibu_Lions-Chunichi_Dragons,2024-05-29 18:00:00,2024,Saitama Seibu Lions,Chunichi Dragons,1.0,0.0,Final,バンテリンドーム
20240529-Tohoku_Rakuten_Golden_Eagles-Yokohama_DeNA_BayStars,2024-05-29 18:00:00,2024,Tohoku Rakuten Golden Eagles,Yokohama DeNA BayStars,4.0,0.0,Final,横 浜
20240530-Chiba_Lotte_Marines-Tokyo_Yakult_Swallows,2024-05-30 18:00:00,2024,Chiba Lotte Marines,Tokyo Yakult Swallows,3.0,3.0,Final,神 宮
20240530-Fukuoka_SoftBank_Hawks-Yomiuri_Giants,2024-05-30 18:00:00,2024,Fukuoka SoftBank Hawks,Yomiuri Giants,5.0,6.0,Final,東京ドーム
20240530-Hokkaido_Nippon-Ham_Fighters-Hanshin_Tigers,2024-05-30 18:00:00,2024,Hokkaido Nippon-Ham Fighters,Hanshin Tigers,6.0,0.0,Final,甲子園
20240530-Orix_Buffaloes-Hiroshima_Toyo_Carp,2024-05-30 18:00:00,2024,Orix Buffaloes,Hiroshima Toyo Carp,8.0,2.0,Final,マツダスタジアム
20240530-Saitama_Seibu_Lions-Chunichi_Dragons,2024-05-30 18:00:00,2024,Saitama Seibu Lions,Chunichi Dragons,3.0,0.0,Final,バンテリンドーム
20240530-Tohoku_Rakuten_Golden_Eagles-Yokohama_DeNA_BayStars,2024-05-30 18:00:00,2024,Tohoku Rakuten Golden Eagles,Yokohama DeNA BayStars,6.0,5.0,Final,横 浜
20240531-Chunichi_Dragons-Orix_Buffaloes,2024-05-31 18:00:00,2024,Chunichi Dragons,Orix Buffaloes,1.0,2.0,Final,京セラD大阪
20240531-Hanshin_Tigers-Chiba_Lotte_Marines,2024-05-31 18:00:00,2024,Hanshin Tigers,Chiba Lotte Marines,4.0,5.0,Final,ZOZOマリン
20240531-Tokyo_Yakult_Swallows-Tohoku_Rakuten_Golden_Eagles,2024-05-31 18:00:00,2024,Tokyo Yakult Swallows,Tohoku Rakuten Golden Eagles,3.0,5.0,Final,福 島
20240531-Yokohama_DeNA_BayStars-Hokkaido_Nippon-Ham_Fighters,2024-05-31 18:00:00,2024,Yokohama DeNA BayStars,Hokkaido Nippon-Ham Fighters,4.0,3.0,Final,エスコンＦ
20240531-Yomiuri_Giants-Saitama_Seibu_Lions,2024-05-31 18:00:00,2024,Yomiuri Giants,Saitama Seibu Lions,4.0,1.0,Final,ベルーナドーム
20240531-Hiroshima_Toyo_Carp-Fukuoka_SoftBank_Hawks,2024-05-31 18:30:00,2024,Hiroshima Toyo Carp,Fukuoka SoftBank Hawks,1.0,2.0,Final,みずほPayPay
20240601-Chunichi_Dragons-Orix_Buffaloes,2024-06-01 14:00:00,2024,Chunichi Dragons,Orix Buffaloes,2.0,1.0,Final,京セラD大阪
20240601-Hanshin_Tigers-Chiba_Lotte_Marines,2024-06-01 14:00:00,2024,Hanshin Tigers,Chiba Lotte Marines,2.0,3.0,Final,ZOZOマリン
20240601-Hiroshima_Toyo_Carp-Fukuoka_SoftBank_Hawks,2024-06-01 14:00:00,2024,Hiroshima Toyo Carp,Fukuoka SoftBank Hawks,0.0,2.0,Final,みずほPayPay
20240601-Yokohama_DeNA_BayStars-Hokkaido_Nippon-Ham_Fighters,2024-06-01 14:00:00,2024,Yokohama DeNA BayStars,Hokkaido Nippon-Ham Fighters,4.0,3.0,Final,エスコンＦ
20240601-Yomiuri_Giants-Saitama_Seibu_Lions,2024-06-01 14:00:00,2024,Yomiuri Giants,Saitama Seibu Lions,3.0,4.0,Final,ベルーナドーム
20240601-Tokyo_Yakult_Swallows-Tohoku_Rakuten_Golden_Eagles,2024-06-01 18:00:00,2024,Tokyo Yakult Swallows,Tohoku Rakuten Golden Eagles,2.0,8.0,Final,楽天モバイル
20240602-Chunichi_Dragons-Orix_Buffaloes,2024-06-02 13:00:00,2024,Chunichi Dragons,Orix Buffaloes,2.0,1.0,Final,京セラD大阪
20240602-Yokohama_DeNA_BayStars-Hokkaido_Nippon-Ham_Fighters,2024-06-02 13:00:00,2024,Yokohama DeNA BayStars,Hokkaido Nippon-Ham Fighters,2.0,9.0,Final,エスコンＦ
20240602-Yomiuri_Giants-Saitama_Seibu_Lions,2024-06-02 13:00:00,2024,Yomiuri Giants,Saitama Seibu Lions,7.0,1.0,Final,ベルーナドーム
20240602-Hanshin_Tigers-Chiba_Lotte_Marines,2024-06-02 14:00:00,2024,Hanshin Tigers,Chiba Lotte Marines,1.0,0.0,Final,ZOZOマリン
20240602-Hiroshima_Toyo_Carp-Fukuoka_SoftBank_Hawks,2024-06-02 14:00:00,2024,Hiroshima Toyo Carp,Fukuoka SoftBank Hawks,3.0,5.0,Final,みずほPayPay
20240602-Tokyo_Yakult_Swallows-Tohoku_Rakuten_Golden_Eagles,2024-06-02 14:00:00,2024,Tokyo Yakult Swallows,Tohoku Rakuten Golden Eagles,4.0,0.0,Final,楽天モバイル
20240604-Chiba_Lotte_Marines-Yomiuri_Giants,2024-06-04 18:00:00,2024,Chiba Lotte Marines,Yomiuri Giants,2.0,18.0,Final,東京ドーム
20240604-Fukuoka_SoftBank_Hawks-Chunichi_Dragons,2024-06-04 18:00:00,2024,Fukuoka SoftBank Hawks,Chunichi Dragons,3.0,2.0,Final,バンテリンドーム
20240604-Hokkaido_Nippon-Ham_Fighters-Hiroshima_Toyo_Carp,2024-06-04 18:00:00,2024,Hokkaido Nippon-Ham Fighters,Hiroshima Toyo Carp,5.0,0.0,Final,マツダスタジアム
20240604-Orix_Buffaloes-Yokohama_DeNA_BayStars,2024-06-04 18:00:00,2024,Orix Buffaloes,Yokohama DeNA BayStars,1.0,3.0,Final,横 浜
20240604-Saitama_Seibu_Lions-Tokyo_Yakult_Swallows,2024-06-04 18:00:00,2024,Saitama Seibu Lions,Tokyo Yakult Swallows,3.0,4.0,Final,神 宮
20240604-Tohoku_Rakuten_Golden_Eagles-Hanshin_Tigers,2024-06-04 18:00:00,2024,Tohoku Rakuten Golden Eagles,Hanshin Tigers,3.0,1.0,Final,甲子園
20240605-Chiba_Lotte_Marines-Yomiuri_Giants,2024-06-05 18:00:00,2024,Chiba Lotte Marines,Yomiuri Giants,4.0,3.0,Final,東京ドーム
20240605-Fukuoka_SoftBank_Hawks-Chunichi_Dragons,2024-06-05 18:00:00,2024,Fukuoka SoftBank Hawks,Chunichi Dragons,5.0,1.0,Final,バンテリンドーム
20240605-Hokkaido_Nippon-Ham_Fighters-Hiroshima_Toyo_Carp,2024-06-05 18:00:00,2024,Hokkaido Nippon-Ham Fighters,Hiroshima Toyo Carp,0.0,6.0,Final,マツダスタジアム
20240605-Orix_Buffaloes-Yokohama_DeNA_BayStars,2024-06-05 18:00:00,2024,Orix Buffaloes,Yokohama DeNA BayStars,2.0,1.0,Final,横 浜
20240605-Saitama_Seibu_Lions-Tokyo_Yakult_Swallows,2024-06-05 18:00:00,2024,Saitama Seibu Lions,Tokyo Yakult Swallows,2.0,7.0,Final,神 宮
20240605-Tohoku_Rakuten_Golden_Eagles-Hanshin_Tigers,2024-06-05 18:00:00,2024,Tohoku Rakuten Golden Eagles,Hanshin Tigers,3.0,2.0,Final,甲子園
20240606-Chiba_Lotte_Marines-Yomiuri_Giants,2024-06-06 18:00:00,2024,Chiba Lotte Marines,Yomiuri Giants,4.0,7.0,Final,東京ドーム
20240606-Fukuoka_SoftBank_Hawks-Chunichi_Dragons,2024-06-06 18:00:00,2024,Fukuoka SoftBank Hawks,Chunichi Dragons,0.0,3.0,Final,バンテリンドーム
20240606-Hokkaido_Nippon-Ham_Fighters-Hiroshima_Toyo_Carp,2024-06-06 18:00:00,2024,Hokkaido Nippon-Ham Fighters,Hiroshima Toyo Carp,1.0,3.0,Final,マツダスタジアム
20240606-Orix_Buffaloes-Yokohama_DeNA_BayStars,2024-06-06 18:00:00,2024,Orix Buffaloes,Yokohama DeNA BayStars,3.0,1.0,Final,横 浜
20240606-Saitama_Seibu_Lions-Tokyo_Yakult_Swallows,2024-06-06 18:00:00,2024,Saitama Seibu Lions,Tokyo Yakult Swallows,1.0,3.0,Final,神 宮
20240606-Tohoku_Rakuten_Golden_Eagles-Hanshin_Tigers,2024-06-06 18:00:00,2024,Tohoku Rakuten Golden Eagles,Hanshin Tigers,4.0,1.0,Final,甲子園
20240607-Chiba_Lotte_Marines-Hiroshima_Toyo_Carp,2024-06-07 18:00:00,2024,Chiba Lotte Marines,Hiroshima Toyo Carp,0.0,4.0,Final,マツダスタジアム
20240607-Fukuoka_SoftBank_Hawks-Yokohama_DeNA_BayStars,2024-06-07 18:00:00,2024,Fukuoka SoftBank Hawks,Yokohama DeNA BayStars,10.0,1.0,Final,横 浜
20240607-Hokkaido_Nippon-Ham_Fighters-Tokyo_Yakult_Swallows,2024-06-07 18:00:00,2024,Hokkaido Nippon-Ham Fighters,Tokyo Yakult Swallows,5.0,4.0,Final,神 宮
20240607-Orix_Buffaloes-Yomiuri_Giants,2024-06-07 18:00:00,2024,Orix Buffaloes,Yomiuri Giants,2.0,0.0,Final,東京ドーム
20240607-Saitama_Seibu_Lions-Hanshin_Tigers,2024-06-07 18:00:00,2024,Saitama Seibu Lions,Hanshin Tigers,1.0,5.0,Final,甲子園
20240607-Tohoku_Rakuten_Golden_Eagles-Chunichi_Dragons,2024-06-07 18:00:00,2024,Tohoku Rakuten Golden Eagles,Chunichi Dragons,2.0,0.0,Final,バンテリンドーム
20240608-Chiba_Lotte_Marines-Hiroshima_Toyo_Carp,2024-06-08 14:00:00,2024,Chiba Lotte Marines,Hiroshima Toyo Carp,3.0,1.0,Final,マツダスタジアム
20240608-Fukuoka_SoftBank_Hawks-Yokohama_DeNA_BayStars,2024-06-08 14:00:00,2024,Fukuoka SoftBank Hawks,Yokohama DeNA BayStars,5.0,3.0,Final,横 浜
20240608-Hokkaido_Nippon-Ham_Fighters-Tokyo_Yakult_Swallows,2024-06-08 14:00:00,2024,Hokkaido Nippon-Ham Fighters,Tokyo Yakult Swallows,3.0,6.0,Final,神 宮
20240608-Orix_Buffaloes-Yomiuri_Giants,2024-06-08 14:00:00,2024,Orix Buffaloes,Yomiuri Giants,5.0,0.0,Final,東京ドーム
20240608-Saitama_Seibu_Lions-Hanshin_Tigers,2024-06-08 14:00:00,2024,Saitama Seibu Lions,Hanshin Tigers,1.0,4.0,Final,甲子園
20240608-Tohoku_Rakuten_Golden_Eagles-Chunichi_Dragons,2024-06-08 14:00:00,2024,Tohoku Rakuten Golden Eagles,Chunichi Dragons,7.0,2.0,Final,バンテリンドーム
20240609-Chiba_Lotte_Marines-Hiroshima_Toyo_Carp,2024-06-09 13:30:00,2024,Chiba Lotte Marines,Hiroshima Toyo Carp,1.0,4.0,Final,マツダスタジアム
20240609-Hokkaido_Nippon-Ham_Fighters-Tokyo_Yakult_Swallows,2024-06-09 13:30:00,2024,Hokkaido Nippon-Ham Fighters,Tokyo Yakult Swallows,0.0,1.0,Final,神 宮
20240609-Tohoku_Rakuten_Golden_Eagles-Chunichi_Dragons,2024-06-09 13:30:00,2024,Tohoku Rakuten Golden Eagles,Chunichi Dragons,1.0,3.0,Final,バンテリンドーム
20240609-Fukuoka_SoftBank_Hawks-Yokohama_DeNA_BayStars,2024-06-09 14:00:00,2024,Fukuoka SoftBank Hawks,Yokohama DeNA BayStars,5.0,8.0,Final,横 浜
20240609-Orix_Buffaloes-Yomiuri_Giants,2024-06-09 14:00:00,2024,Orix Buffaloes,Yomiuri Giants,4.0,1.0,Final,東京ドーム
20240609-Saitama_Seibu_Lions-Hanshin_Tigers,2024-06-09 14:00:00,2024,Saitama Seibu Lions,Hanshin Tigers,0.0,3.0,Final,甲子園
20240611-Chunichi_Dragons-Hokkaido_Nippon-Ham_Fighters,2024-06-11 18:00:00,2024,Chunichi Dragons,Hokkaido Nippon-Ham Fighters,4.0,0.0,Final,エスコンＦ
20240611-Hanshin_Tigers-Orix_Buffaloes,2024-06-11 18:00:00,2024,Hanshin Tigers,Orix Buffaloes,0.0,4.0,Final,京セラD大阪
20240611-Hiroshima_Toyo_Carp-Saitama_Seibu_Lions,2024-06-11 18:00:00,2024,Hiroshima Toyo Carp,Saitama Seibu Lions,2.0,1.0,Final,ベルーナドーム
20240611-Tokyo_Yakult_Swallows-Fukuoka_SoftBank_Hawks,2024-06-11 18:00:00,2024,Tokyo Yakult Swallows,Fukuoka SoftBank Hawks,2.0,4.0,Final,みずほPayPay
20240611-Yokohama_DeNA_BayStars-Chiba_Lotte_Marines,2024-06-11 18:00:00,2024,Yokohama DeNA BayStars,Chiba Lotte Marines,4.0,0.0,Final,ZOZOマリン
20240611-Yomiuri_Giants-Tohoku_Rakuten_Golden_Eagles,2024-06-11 18:00:00,2024,Yomiuri Giants,Tohoku Rakuten Golden Eagles,6.0,7.0,Final,楽天モバイル
20240612-Chunichi_Dragons-Hokkaido_Nippon-Ham_Fighters,2024-06-12 18:00:00,2024,Chunichi Dragons,Hokkaido Nippon-Ham Fighters,0.0,7.0,Final,エスコンＦ
20240612-Hanshin_Tigers-Orix_Buffaloes,2024-06-12 18:00:00,2024,Hanshin Tigers,Orix Buffaloes,0.0,4.0,Final,京セラD大阪
20240612-Hiroshima_Toyo_Carp-Saitama_Seibu_Lions,2024-06-12 18:00:00,2024,Hiroshima Toyo Carp,Saitama Seibu Lions,0.0,5.0,Final,ベルーナドーム
20240612-Tokyo_Yakult_Swallows-Fukuoka_SoftBank_Hawks,2024-06-12 18:00:00,2024,Tokyo Yakult Swallows,Fukuoka SoftBank Hawks,9.0,3.0,Final,みずほPayPay
20240612-Yokohama_DeNA_BayStars-Chiba_Lotte_Marines,2024-06-12 18:00:00,2024,Yokohama DeNA BayStars,Chiba Lotte Marines,13.0,3.0,Final,ZOZOマリン
20240612-Yomiuri_Giants-Tohoku_Rakuten_Golden_Eagles,2024-06-12 18:00:00,2024,Yomiuri Giants,Tohoku Rakuten Golden Eagles,4.0,5.0,Final,楽天モバイル
20240613-Chunichi_Dragons-Hokkaido_Nippon-Ham_Fighters,2024-06-13 18:00:00,2024,Chunichi Dragons,Hokkaido Nippon-Ham Fighters,4.0,9.0,Final,エスコンＦ
20240613-Hanshin_Tigers-Orix_Buffaloes,2024-06-13 18:00:00,2024,Hanshin Tigers,Orix Buffaloes,5.0,0.0,Final,京セラD大阪
20240613-Hiroshima_Toyo_Carp-Saitama_Seibu_Lions,2024-06-13 18:00:00,2024,Hiroshima Toyo Carp,Saitama Seibu Lions,5.0,0.0,Final,ベルーナドーム
20240613-Tokyo_Yakult_Swallows-Fukuoka_SoftBank_Hawks,2024-06-13 18:00:00,2024,Tokyo Yakult Swallows,Fukuoka SoftBank Hawks,3.0,6.0,Final,みずほPayPay
20240613-Yokohama_DeNA_BayStars-Chiba_Lotte_Marines,2024-06-13 18:00:00,2024,Yokohama DeNA BayStars,Chiba Lotte Marines,3.0,1.0,Final,ZOZOマリン
20240613-Yomiuri_Giants-Tohoku_Rakuten_Golden_Eagles,2024-06-13 18:00:00,2024,Yomiuri Giants,Tohoku Rakuten Golden Eagles,0.0,3.0,Final,楽天モバイル
20240614-Chunichi_Dragons-Chiba_Lotte_Marines,2024-06-14 18:00:00,2024,Chunichi Dragons,Chiba Lotte Marines,4.0,3.0,Final,ZOZOマリン
20240614-Hiroshima_Toyo_Carp-Tohoku_Rakuten_Golden_Eagles,2024-06-14 18:00:00,2024,Hiroshima Toyo Carp,Tohoku Rakuten Golden Eagles,1.0,0.0,Final,楽天モバイル
20240614-Tokyo_Yakult_Swallows-Orix_Buffaloes,2024-06-14 18:00:00,2024,Tokyo Yakult Swallows,Orix Buffaloes,5.0,3.0,Final,京セラD大阪
20240614-Yokohama_DeNA_BayStars-Saitama_Seibu_Lions,2024-06-14 18:00:00,2024,Yokohama DeNA BayStars,Saitama Seibu Lions,5.0,1.0,Final,ベルーナドーム
20240614-Yomiuri_Giants-Hokkaido_Nippon-Ham_Fighters,2024-06-14 18:00:00,2024,Yomiuri Giants,Hokkaido Nippon-Ham Fighters,7.0,2.0,Final,エスコンＦ
20240614-Hanshin_Tigers-Fukuoka_SoftBank_Hawks,2024-06-14 18:30:00,2024,Hanshin Tigers,Fukuoka SoftBank Hawks,0.0,2.0,Final,みずほPayPay
20240615-Chunichi_Dragons-Chiba_Lotte_Marines,2024-06-15 14:00:00,2024,Chunichi Dragons,Chiba Lotte Marines,0.0,10.0,Final,ZOZOマリン
20240615-Hiroshima_Toyo_Carp-Tohoku_Rakuten_Golden_Eagles,2024-06-15 14:00:00,2024,Hiroshima Toyo Carp,Tohoku Rakuten Golden Eagles,4.0,3.0,Final,楽天モバイル
20240615-Tokyo_Yakult_Swallows-Orix_Buffaloes,2024-06-15 14:00:00,2024,Tokyo Yakult Swallows,Orix Buffaloes,3.0,9.0,Final,京セラD大阪
20240615-Yokohama_DeNA_BayStars-Saitama_Seibu_Lions,2024-06-15 14:00:00,2024,Yokohama DeNA BayStars,Saitama Seibu Lions,4.0,0.0,Final,ベルーナドーム
20240615-Hanshin_Tigers-Fukuoka_SoftBank_Hawks,2024-06-15 18:00:00,2024,Hanshin Tigers,Fukuoka SoftBank Hawks,2.0,6.0,Final,みずほPayPay
20240615-Yomiuri_Giants-Hokkaido_Nippon-Ham_Fighters,2024-06-15 18:00:00,2024,Yomiuri Giants,Hokkaido Nippon-Ham Fighters,2.0,0.0,Final,エスコンＦ
20240616-Hiroshima_Toyo_Carp-Tohoku_Rakuten_Golden_Eagles,2024-06-16 13:00:00,2024,Hiroshima Toyo Carp,Tohoku Rakuten Golden Eagles,3.0,5.0,Final,楽天モバイル
20240616-Tokyo_Yakult_Swallows-Orix_Buffaloes,2024-06-16 13:00:00,2024,Tokyo Yakult Swallows,Orix Buffaloes,5.0,4.0,Final,京セラD大阪
20240616-Yokohama_DeNA_BayStars-Saitama_Seibu_Lions,2024-06-16 13:00:00,2024,Yokohama DeNA BayStars,Saitama Seibu Lions,5.0,0.0,Final,ベルーナドーム
20240616-Chunichi_Dragons-Chiba_Lotte_Marines,2024-06-16 14:00:00,2024,Chunichi Dragons,Chiba Lotte Marines,2.0,7.0,Final,ZOZOマリン
20240616-Hanshin_Tigers-Fukuoka_SoftBank_Hawks,2024-06-16 14:00:00,2024,Hanshin Tigers,Fukuoka SoftBank Hawks,4.0,1.0,Final,みずほPayPay
20240616-Yomiuri_Giants-Hokkaido_Nippon-Ham_Fighters,2024-06-16 14:00:00,2024,Yomiuri Giants,Hokkaido Nippon-Ham Fighters,3.0,3.0,Final,エスコンＦ
20240618-Hokkaido_Nippon-Ham_Fighters-Hanshin_Tigers,2024-06-18 18:00:00,2024,Hokkaido Nippon-Ham Fighters,Hanshin Tigers,1.0,2.0,Final,甲子園
20240621-Chiba_Lotte_Marines-Fukuoka_SoftBank_Hawks,2024-06-21 18:00:00,2024,Chiba Lotte Marines,Fukuoka SoftBank Hawks,4.0,9.0,Final,北九州
20240621-Hiroshima_Toyo_Carp-Chunichi_Dragons,2024-06-21 18:00:00,2024,Hiroshima Toyo Carp,Chunichi Dragons,0.0,1.0,Final,バンテリンドーム
20240621-Saitama_Seibu_Lions-Orix_Buffaloes,2024-06-21 18:00:00,2024,Saitama Seibu Lions,Orix Buffaloes,0.0,2.0,Final,京セラD大阪
20240621-Tohoku_Rakuten_Golden_Eagles-Hokkaido_Nippon-Ham_Fighters,2024-06-21 18:00:00,2024,Tohoku Rakuten Golden Eagles,Hokkaido Nippon-Ham Fighters,9.0,9.0,Final,エスコンＦ
20240621-Tokyo_Yakult_Swallows-Yomiuri_Giants,2024-06-21 18:00:00,2024,Tokyo Yakult Swallows,Yomiuri Giants,4.0,2.0,Final,東京ドーム
20240621-Yokohama_DeNA_BayStars-Hanshin_Tigers,2024-06-21 18:00:00,2024,Yokohama DeNA BayStars,Hanshin Tigers,0.0,1.0,Final,甲子園
20240622-Chiba_Lotte_Marines-Fukuoka_SoftBank_Hawks,2024-06-22 14:00:00,2024,Chiba Lotte Marines,Fukuoka SoftBank Hawks,1.0,3.0,Final,みずほPayPay
20240622-Hiroshima_Toyo_Carp-Chunichi_Dragons,2024-06-22 14:00:00,2024,Hiroshima Toyo Carp,Chunichi Dragons,3.0,1.0,Final,バンテリンドーム
20240622-Saitama_Seibu_Lions-Orix_Buffaloes,2024-06-22 14:00:00,2024,Saitama Seibu Lions,Orix Buffaloes,4.0,2.0,Final,京セラD大阪
20240622-Tohoku_Rakuten_Golden_Eagles-Hokkaido_Nippon-Ham_Fighters,2024-06-22 14:00:00,2024,Tohoku Rakuten Golden Eagles,Hokkaido Nippon-Ham Fighters,2.0,5.0,Final,エスコンＦ
20240622-Yokohama_DeNA_BayStars-Hanshin_Tigers,2024-06-22 14:00:00,2024,Yokohama DeNA BayStars,Hanshin Tigers,5.0,2.0,Final,甲子園
20240622-Tokyo_Yakult_Swallows-Yomiuri_Giants,2024-06-22 18:00:00,2024,Tokyo Yakult Swallows,Yomiuri Giants,3.0,0.0,Final,東京ドーム
20240623-Chiba_Lotte_Marines-Fukuoka_SoftBank_Hawks,2024-06-23 13:00:00,2024,Chiba Lotte Marines,Fukuoka SoftBank Hawks,6.0,6.0,Final,みずほPayPay
20240623-Saitama_Seibu_Lions-Orix_Buffaloes,2024-06-23 13:00:00,2024,Saitama Seibu Lions,Orix Buffaloes,1.0,4.0,Final,京セラD大阪
20240623-Tohoku_Rakuten_Golden_Eagles-Hokkaido_Nippon-Ham_Fighters,2024-06-23 13:00:00,2024,Tohoku Rakuten Golden Eagles,Hokkaido Nippon-Ham Fighters,6.0,2.0,Final,エスコンＦ
20240623-Hiroshima_Toyo_Carp-Chunichi_Dragons,2024-06-23 13:30:00,2024,Hiroshima Toyo Carp,Chunichi Dragons,1.0,2.0,Final,バンテリンドーム
20240623-Tokyo_Yakult_Swallows-Yomiuri_Giants,2024-06-23 14:00:00,2024,Tokyo Yakult Swallows,Yomiuri Giants,3.0,4.0,Final,東京ドーム
20240623-Yokohama_DeNA_BayStars-Hanshin_Tigers,2024-06-23 14:00:00,2024,Yokohama DeNA BayStars,Hanshin Tigers,,,Postponed,甲子園
20240625-Chunichi_Dragons-Hanshin_Tigers,2024-06-25 18:00:00,2024,Chunichi Dragons,Hanshin Tigers,1.0,0.0,Final,倉 敷
20240625-Fukuoka_SoftBank_Hawks-Orix_Buffaloes,2024-06-25 18:00:00,2024,Fukuoka SoftBank Hawks,Orix Buffaloes,7.0,2.0,Final,京セラD大阪
20240625-Hokkaido_Nippon-Ham_Fighters-Saitama_Seibu_Lions,2024-06-25 18:00:00,2024,Hokkaido Nippon-Ham Fighters,Saitama Seibu Lions,0.0,1.0,Final,ベルーナドーム
20240625-Tohoku_Rakuten_Golden_Eagles-Chiba_Lotte_Marines,2024-06-25 18:00:00,2024,Tohoku Rakuten Golden Eagles,Chiba Lotte Marines,2.0,10.0,Final,ZOZOマリン
20240625-Tokyo_Yakult_Swallows-Hiroshima_Toyo_Carp,2024-06-25 18:00:00,2024,Tokyo Yakult Swallows,Hiroshima Toyo Carp,0.0,3.0,Final,マツダスタジアム
20240625-Yomiuri_Giants-Yokohama_DeNA_BayStars,2024-06-25 18:00:00,2024,Yomiuri Giants,Yokohama DeNA BayStars,3.0,2.0,Final,ハードオフ新潟
20240626-Chunichi_Dragons-Hanshin_Tigers,2024-06-26 18:00:00,2024,Chunichi Dragons,Hanshin Tigers,1.0,1.0,Final,甲子園
20240626-Fukuoka_SoftBank_Hawks-Orix_Buffaloes,2024-06-26 18:00:00,2024,Fukuoka SoftBank Hawks,Orix Buffaloes,5.0,1.0,Final,京セラD大阪
20240626-Hokkaido_Nippon-Ham_Fighters-Saitama_Seibu_Lions,2024-06-26 18:00:00,2024,Hokkaido Nippon-Ham Fighters,Saitama Seibu Lions,2.0,2.0,Final,県営大宮
20240626-Tohoku_Rakuten_Golden_Eagles-Chiba_Lotte_Marines,2024-06-26 18:00:00,2024,Tohoku Rakuten Golden Eagles,Chiba Lotte Marines,1.0,4.0,Final,ZOZOマリン
20240626-Tokyo_Yakult_Swallows-Hiroshima_Toyo_Carp,2024-06-26 18:00:00,2024,Tokyo Yakult Swallows,Hiroshima Toyo Carp,1.0,5.0,Final,マツダスタジアム
20240627-Chunichi_Dragons-Hanshin_Tigers,2024-06-27 18:00:00,2024,Chunichi Dragons,Hanshin Tigers,1.0,8.0,Final,甲子園
20240627-Fukuoka_SoftBank_Hawks-Orix_Buffaloes,2024-06-27 18:00:00,2024,Fukuoka SoftBank Hawks,Orix Buffaloes,1.0,3.0,Final,京セラD大阪
20240627-Tokyo_Yakult_Swallows-Hiroshima_Toyo_Carp,2024-06-27 18:00:00,2024,Tokyo Yakult Swallows,Hiroshima Toyo Carp,3.0,4.0,Final,マツダスタジアム
20240627-Yomiuri_Giants-Yokohama_DeNA_BayStars,2024-06-27 18:00:00,2024,Yomiuri Giants,Yokohama DeNA BayStars,4.0,5.0,Final,横 浜
20240628-Fukuoka_SoftBank_Hawks-Hokkaido_Nippon-Ham_Fighters,2024-06-28 18:00:00,2024,Fukuoka SoftBank Hawks,Hokkaido Nippon-Ham Fighters,5.0,1.0,Final,エスコンＦ
20240628-Hanshin_Tigers-Tokyo_Yakult_Swallows,2024-06-28 18:00:00,2024,Hanshin Tigers,Tokyo Yakult Swallows,,,Postponed,神 宮
20240628-Hiroshima_Toyo_Carp-Yomiuri_Giants,2024-06-28 18:00:00,2024,Hiroshima Toyo Carp,Yomiuri Giants,2.0,3.0,Final,東京ドーム
20240628-Orix_Buffaloes-Chiba_Lotte_Marines,2024-06-28 18:00:00,2024,Orix Buffaloes,Chiba Lotte Marines,3.0,4.0,Final,ZOZOマリン
20240628-Saitama_Seibu_Lions-Tohoku_Rakuten_Golden_Eagles,2024-06-28 18:00:00,2024,Saitama Seibu Lions,Tohoku Rakuten Golden Eagles,4.0,0.0,Final,山形市
20240628-Yokohama_DeNA_BayStars-Chunichi_Dragons,2024-06-28 18:00:00,2024,Yokohama DeNA BayStars,Chunichi Dragons,5.0,1.0,Final,バンテリンドーム
20240629-Fukuoka_SoftBank_Hawks-Hokkaido_Nippon-Ham_Fighters,2024-06-29 14:00:00,2024,Fukuoka SoftBank Hawks,Hokkaido Nippon-Ham Fighters,7.0,1.0,Final,エスコンＦ
20240629-Hanshin_Tigers-Tokyo_Yakult_Swallows,2024-06-29 14:00:00,2024,Hanshin Tigers,Tokyo Yakult Swallows,1.0,6.0,Final,神 宮
20240629-Hiroshima_Toyo_Carp-Yomiuri_Giants,2024-06-29 14:00:00,2024,Hiroshima Toyo Carp,Yomiuri Giants,2.0,1.0,Final,東京ドーム
20240629-Yokohama_DeNA_BayStars-Chunichi_Dragons,2024-06-29 14:00:00,2024,Yokohama DeNA BayStars,Chunichi Dragons,5.0,1.0,Final,バンテリンドーム
20240629-Orix_Buffaloes-Chiba_Lotte_Marines,2024-06-29 18:00:00,2024,Orix Buffaloes,Chiba Lotte Marines,5.0,3.0,Final,ZOZOマリン
20240629-Saitama_Seibu_Lions-Tohoku_Rakuten_Golden_Eagles,2024-06-29 18:00:00,2024,Saitama Seibu Lions,Tohoku Rakuten Golden Eagles,4.0,2.0,Final,楽天モバイル
20240630-Fukuoka_SoftBank_Hawks-Hokkaido_Nippon-Ham_Fighters,2024-06-30 13:00:00,2024,Fukuoka SoftBank Hawks,Hokkaido Nippon-Ham Fighters,10.0,3.0,Final,エスコンＦ
20240630-Hanshin_Tigers-Tokyo_Yakult_Swallows,2024-06-30 13:30:00,2024,Hanshin Tigers,Tokyo Yakult Swallows,5.0,6.0,Final,神 宮
20240630-Yokohama_DeNA_BayStars-Chunichi_Dragons,2024-06-30 13:30:00,2024,Yokohama DeNA BayStars,Chunichi Dragons,0.0,3.0,Final,バンテリンドーム
20240630-Hiroshima_Toyo_Carp-Yomiuri_Giants,2024-06-30 14:00:00,2024,Hiroshima Toyo Carp,Yomiuri Giants,2.0,3.0,Final,東京ドーム
20240630-Saitama_Seibu_Lions-Tohoku_Rakuten_Golden_Eagles,2024-06-30 14:00:00,2024,Saitama Seibu Lions,Tohoku Rakuten Golden Eagles,1.0,2.0,Final,楽天モバイル
20240630-Orix_Buffaloes-Chiba_Lotte_Marines,2024-06-30 18:00:00,2024,Orix Buffaloes,Chiba Lotte Marines,0.0,7.0,Final,ZOZOマリン
20240702-Chiba_Lotte_Marines-Hokkaido_Nippon-Ham_Fighters,2024-07-02 18:00:00,2024,Chiba Lotte Marines,Hokkaido Nippon-Ham Fighters,3.0,8.0,Final,エスコンＦ
20240702-Chunichi_Dragons-Yomiuri_Giants,2024-07-02 18:00:00,2024,Chunichi Dragons,Yomiuri Giants,2.0,1.0,Final,松 本
20240702-Hanshin_Tigers-Hiroshima_Toyo_Carp,2024-07-02 18:00:00,2024,Hanshin Tigers,Hiroshima Toyo Carp,3.0,0.0,Final,マツダスタジアム
20240702-Orix_Buffaloes-Tohoku_Rakuten_Golden_Eagles,2024-07-02 18:00:00,2024,Orix Buffaloes,Tohoku Rakuten Golden Eagles,4.0,1.0,Final,弘 前
20240702-Saitama_Seibu_Lions-Fukuoka_SoftBank_Hawks,2024-07-02 18:00:00,2024,Saitama Seibu Lions,Fukuoka SoftBank Hawks,2.0,3.0,Final,東京ドーム
20240702-Tokyo_Yakult_Swallows-Yokohama_DeNA_BayStars,2024-07-02 18:00:00,2024,Tokyo Yakult Swallows,Yokohama DeNA BayStars,4.0,6.0,Final,横 浜
20240703-Chiba_Lotte_Marines-Hokkaido_Nippon-Ham_Fighters,2024-07-03 18:00:00,2024,Chiba Lotte Marines,Hokkaido Nippon-Ham Fighters,9.0,6.0,Final,エスコンＦ
20240703-Chunichi_Dragons-Yomiuri_Giants,2024-07-03 18:00:00,2024,Chunichi Dragons,Yomiuri Giants,1.0,6.0,Final,前 橋
20240703-Hanshin_Tigers-Hiroshima_Toyo_Carp,2024-07-03 18:00:00,2024,Hanshin Tigers,Hiroshima Toyo Carp,2.0,1.0,Final,マツダスタジアム
20240703-Orix_Buffaloes-Tohoku_Rakuten_Golden_Eagles,2024-07-03 18:00:00,2024,Orix Buffaloes,Tohoku Rakuten Golden Eagles,,,Postponed,盛 岡
20240703-Tokyo_Yakult_Swallows-Yokohama_DeNA_BayStars,2024-07-03 18:00:00,2024,Tokyo Yakult Swallows,Yokohama DeNA BayStars,5.0,3.0,Final,横 浜
20240704-Chiba_Lotte_Marines-Hokkaido_Nippon-Ham_Fighters,2024-07-04 18:00:00,2024,Chiba Lotte Marines,Hokkaido Nippon-Ham Fighters,3.0,1.0,Final,エスコンＦ
20240704-Hanshin_Tigers-Hiroshima_Toyo_Carp,2024-07-04 18:00:00,2024,Hanshin Tigers,Hiroshima Toyo Carp,5.0,7.0,Final,マツダスタジアム
20240704-Saitama_Seibu_Lions-Fukuoka_SoftBank_Hawks,2024-07-04 18:00:00,2024,Saitama Seibu Lions,Fukuoka SoftBank Hawks,4.0,0.0,Final,みずほPayPay
20240704-Tokyo_Yakult_Swallows-Yokohama_DeNA_BayStars,2024-07-04 18:00:00,2024,Tokyo Yakult Swallows,Yokohama DeNA BayStars,0.0,3.0,Final,横 浜
20240705-Chiba_Lotte_Marines-Saitama_Seibu_Lions,2024-07-05 18:00:00,2024,Chiba Lotte Marines,Saitama Seibu Lions,6.0,3.0,Final,ベルーナドーム
20240705-Hiroshima_Toyo_Carp-Chunichi_Dragons,2024-07-05 18:00:00,2024,Hiroshima Toyo Carp,Chunichi Dragons,0.0,2.0,Final,バンテリンドーム
20240705-Tohoku_Rakuten_Golden_Eagles-Fukuoka_SoftBank_Hawks,2024-07-05 18:00:00,2024,Tohoku Rakuten Golden Eagles,Fukuoka SoftBank Hawks,5.0,1.0,Final,みずほPayPay
20240705-Yokohama_DeNA_BayStars-Hanshin_Tigers,2024-07-05 18:00:00,2024,Yokohama DeNA BayStars,Hanshin Tigers,2.0,1.0,Final,甲子園
20240705-Yomiuri_Giants-Tokyo_Yakult_Swallows,2024-07-05 18:00:00,2024,Yomiuri Giants,Tokyo Yakult Swallows,10.0,3.0,Final,神 宮
20240706-Hiroshima_Toyo_Carp-Chunichi_Dragons,2024-07-06 14:00:00,2024,Hiroshima Toyo Carp,Chunichi Dragons,1.0,2.0,Final,バンテリンドーム
20240706-Tohoku_Rakuten_Golden_Eagles-Fukuoka_SoftBank_Hawks,2024-07-06 14:00:00,2024,Tohoku Rakuten Golden Eagles,Fukuoka SoftBank Hawks,4.0,0.0,Final,みずほPayPay
20240706-Chiba_Lotte_Marines-Saitama_Seibu_Lions,2024-07-06 18:00:00,2024,Chiba Lotte Marines,Saitama Seibu Lions,4.0,3.0,Final,ベルーナドーム
20240706-Hokkaido_Nippon-Ham_Fighters-Orix_Buffaloes,2024-07-06 18:00:00,2024,Hokkaido Nippon-Ham Fighters,Orix Buffaloes,1.0,4.0,Final,ほっと神戸
20240706-Yokohama_DeNA_BayStars-Hanshin_Tigers,2024-07-06 18:00:00,2024,Yokohama DeNA BayStars,Hanshin Tigers,1.0,2.0,Final,甲子園
20240706-Yomiuri_Giants-Tokyo_Yakult_Swallows,2024-07-06 18:00:00,2024,Yomiuri Giants,Tokyo Yakult Swallows,4.0,1.0,Final,神 宮
20240707-Tohoku_Rakuten_Golden_Eagles-Fukuoka_SoftBank_Hawks,2024-07-07 13:00:00,2024,Tohoku Rakuten Golden Eagles,Fukuoka SoftBank Hawks,3.0,5.0,Final,みずほPayPay
20240707-Hiroshima_Toyo_Carp-Chunichi_Dragons,2024-07-07 13:30:00,2024,Hiroshima Toyo Carp,Chunichi Dragons,1.0,2.0,Final,バンテリンドーム
20240707-Hokkaido_Nippon-Ham_Fighters-Orix_Buffaloes,2024-07-07 14:00:00,2024,Hokkaido Nippon-Ham Fighters,Orix Buffaloes,3.0,6.0,Final,京セラD大阪
20240707-Chiba_Lotte_Marines-Saitama_Seibu_Lions,2024-07-07 17:00:00,2024,Chiba Lotte Marines,Saitama Seibu Lions,9.0,2.0,Final,ベルーナドーム
20240707-Yokohama_DeNA_BayStars-Hanshin_Tigers,2024-07-07 18:00:00,2024,Yokohama DeNA BayStars,Hanshin Tigers,5.0,6.0,Final,甲子園
20240707-Yomiuri_Giants-Tokyo_Yakult_Swallows,2024-07-07 18:00:00,2024,Yomiuri Giants,Tokyo Yakult Swallows,7.0,3.0,Final,神 宮
20240709-Chunichi_Dragons-Yokohama_DeNA_BayStars,2024-07-09 17:45:00,2024,Chunichi Dragons,Yokohama DeNA BayStars,5.0,6.0,Final,横 浜
20240709-Fukuoka_SoftBank_Hawks-Orix_Buffaloes,2024-07-09 18:00:00,2024,Fukuoka SoftBank Hawks,Orix Buffaloes,0.0,3.0,Final,京セラD大阪
20240709-Hokkaido_Nippon-Ham_Fighters-Saitama_Seibu_Lions,2024-07-09 18:00:00,2024,Hokkaido Nippon-Ham Fighters,Saitama Seibu Lions,4.0,1.0,Final,ベルーナドーム
20240709-Tohoku_Rakuten_Golden_Eagles-Chiba_Lotte_Marines,2024-07-09 18:00:00,2024,Tohoku Rakuten Golden Eagles,Chiba Lotte Marines,4.0,2.0,Final,ZOZOマリン
20240709-Tokyo_Yakult_Swallows-Hanshin_Tigers,2024-07-09 18:00:00,2024,Tokyo Yakult Swallows,Hanshin Tigers,1.0,2.0,Final,甲子園
20240709-Yomiuri_Giants-Hiroshima_Toyo_Carp,2024-07-09 18:00:00,2024,Yomiuri Giants,Hiroshima Toyo Carp,5.0,3.0,Final,マツダスタジアム
20240710-Chunichi_Dragons-Yokohama_DeNA_BayStars,2024-07-10 17:45:00,2024,Chunichi Dragons,Yokohama DeNA BayStars,0.0,3.0,Final,横 浜
20240710-Fukuoka_SoftBank_Hawks-Orix_Buffaloes,2024-07-10 18:00:00,2024,Fukuoka SoftBank Hawks,Orix Buffaloes,3.0,4.0,Final,京セラD大阪
20240710-Hokkaido_Nippon-Ham_Fighters-Saitama_Seibu_Lions,2024-07-10 18:00:00,2024,Hokkaido Nippon-Ham Fighters,Saitama Seibu Lions,6.0,1.0,Final,ベルーナドーム
20240710-Tohoku_Rakuten_Golden_Eagles-Chiba_Lotte_Marines,2024-07-10 18:00:00,2024,Tohoku Rakuten Golden Eagles,Chiba Lotte Marines,5.0,18.0,Final,ZOZOマリン
20240710-Tokyo_Yakult_Swallows-Hanshin_Tigers,2024-07-10 18:00:00,2024,Tokyo Yakult Swallows,Hanshin Tigers,1.0,4.0,Final,甲子園
20240710-Yomiuri_Giants-Hiroshima_Toyo_Carp,2024-07-10 18:00:00,2024,Yomiuri Giants,Hiroshima Toyo Carp,,,Postponed,マツダスタジアム
20240711-Chunichi_Dragons-Yokohama_DeNA_BayStars,2024-07-11 17:45:00,2024,Chunichi Dragons,Yokohama DeNA BayStars,2.0,3.0,Final,横 浜
20240712-Fukuoka_SoftBank_Hawks-Hokkaido_Nippon-Ham_Fighters,2024-07-12 18:00:00,2024,Fukuoka SoftBank Hawks,Hokkaido Nippon-Ham Fighters,5.0,4.0,Final,エスコンＦ
20240712-Hanshin_Tigers-Chunichi_Dragons,2024-07-12 18:00:00,2024,Hanshin Tigers,Chunichi Dragons,0.0,3.0,Final,バンテリンドーム
20240712-Orix_Buffaloes-Chiba_Lotte_Marines,2024-07-12 18:00:00,2024,Orix Buffaloes,Chiba Lotte Marines,0.0,1.0,Final,ZOZOマリン
20240712-Saitama_Seibu_Lions-Tohoku_Rakuten_Golden_Eagles,2024-07-12 18:00:00,2024,Saitama Seibu Lions,Tohoku Rakuten Golden Eagles,2.0,3.0,Final,楽天モバイル
20240712-Tokyo_Yakult_Swallows-Hiroshima_Toyo_Carp,2024-07-12 18:00:00,2024,Tokyo Yakult Swallows,Hiroshima Toyo Carp,3.0,4.0,Final,マツダスタジアム
20240712-Yokohama_DeNA_BayStars-Yomiuri_Giants,2024-07-12 18:00:00,2024,Yokohama DeNA BayStars,Yomiuri Giants,2.0,3.0,Final,東京ドーム
20240713-Fukuoka_SoftBank_Hawks-Hokkaido_Nippon-Ham_Fighters,2024-07-13 14:00:00,2024,Fukuoka SoftBank Hawks,Hokkaido Nippon-Ham Fighters,2.0,3.0,Final,エスコンＦ
20240713-Hanshin_Tigers-Chunichi_Dragons,2024-07-13 14:00:00,2024,Hanshin Tigers,Chunichi Dragons,8.0,10.0,Final,バンテリンドーム
20240713-Tokyo_Yakult_Swallows-Hiroshima_Toyo_Carp,2024-07-13 14:00:00,2024,Tokyo Yakult Swallows,Hiroshima Toyo Carp,0.0,1.0,Final,マツダスタジアム
20240713-Yokohama_DeNA_BayStars-Yomiuri_Giants,2024-07-13 14:00:00,2024,Yokohama DeNA BayStars,Yomiuri Giants,1.0,6.0,Final,東京ドーム
20240713-Saitama_Seibu_Lions-Tohoku_Rakuten_Golden_Eagles,2024-07-13 16:00:00,2024,Saitama Seibu Lions,Tohoku Rakuten Golden Eagles,0.0,5.0,Final,楽天モバイル
20240713-Orix_Buffaloes-Chiba_Lotte_Marines,2024-07-13 18:00:00,2024,Orix Buffaloes,Chiba Lotte Marines,0.0,6.0,Final,ZOZOマリン
20240714-Fukuoka_SoftBank_Hawks-Hokkaido_Nippon-Ham_Fighters,2024-07-14 13:00:00,2024,Fukuoka SoftBank Hawks,Hokkaido Nippon-Ham Fighters,1.0,3.0,Final,エスコンＦ
20240714-Saitama_Seibu_Lions-Tohoku_Rakuten_Golden_Eagles,2024-07-14 13:00:00,2024,Saitama Seibu Lions,Tohoku Rakuten Golden Eagles,2.0,4.0,Final,楽天モバイル
20240714-Hanshin_Tigers-Chunichi_Dragons,2024-07-14 13:30:00,2024,Hanshin Tigers,Chunichi Dragons,6.0,2.0,Final,バンテリンドーム
20240714-Tokyo_Yakult_Swallows-Hiroshima_Toyo_Carp,2024-07-14 13:30:00,2024,Tokyo Yakult Swallows,Hiroshima Toyo Carp,,,Postponed,マツダスタジアム
20240714-Yokohama_DeNA_BayStars-Yomiuri_Giants,2024-07-14 14:00:00,2024,Yokohama DeNA BayStars,Yomiuri Giants,6.0,0.0,Final,東京ドーム
20240714-Orix_Buffaloes-Chiba_Lotte_Marines,2024-07-14 17:00:00,2024,Orix Buffaloes,Chiba Lotte Marines,5.0,1.0,Final,ZOZOマリン
20240715-Hanshin_Tigers-Yomiuri_Giants,2024-07-15 14:00:00,2024,Hanshin Tigers,Yomiuri Giants,2.0,0.0,Final,東京ドーム
20240715-Hiroshima_Toyo_Carp-Yokohama_DeNA_BayStars,2024-07-15 17:45:00,2024,Hiroshima Toyo Carp,Yokohama DeNA BayStars,1.0,6.0,Final,横 浜
20240715-Chiba_Lotte_Marines-Fukuoka_SoftBank_Hawks,2024-07-15 18:00:00,2024,Chiba Lotte Marines,Fukuoka SoftBank Hawks,8.0,5.0,Final,みずほPayPay
20240715-Chunichi_Dragons-Tokyo_Yakult_Swallows,2024-07-15 18:00:00,2024,Chunichi Dragons,Tokyo Yakult Swallows,1.0,4.0,Final,神 宮
20240715-Orix_Buffaloes-Saitama_Seibu_Lions,2024-07-15 18:00:00,2024,Orix Buffaloes,Saitama Seibu Lions,0.0,3.0,Final,ベルーナドーム
20240715-Tohoku_Rakuten_Golden_Eagles-Hokkaido_Nippon-Ham_Fighters,2024-07-15 18:00:00,2024,Tohoku Rakuten Golden Eagles,Hokkaido Nippon-Ham Fighters,16.0,3.0,Final,エスコンＦ
20240716-Hiroshima_Toyo_Carp-Yokohama_DeNA_BayStars,2024-07-16 17:45:00,2024,Hiroshima Toyo Carp,Yokohama DeNA BayStars,,,Postponed,横 浜
20240716-Chiba_Lotte_Marines-Fukuoka_SoftBank_Hawks,2024-07-16 18:00:00,2024,Chiba Lotte Marines,Fukuoka SoftBank Hawks,1.0,4.0,Final,みずほPayPay
20240716-Chunichi_Dragons-Tokyo_Yakult_Swallows,2024-07-16 18:00:00,2024,Chunichi Dragons,Tokyo Yakult Swallows,3.0,4.0,Final,神 宮
20240716-Hanshin_Tigers-Yomiuri_Giants,2024-07-16 18:00:00,2024,Hanshin Tigers,Yomiuri Giants,1.0,2.0,Final,東京ドーム
20240716-Orix_Buffaloes-Saitama_Seibu_Lions,2024-07-16 18:00:00,2024,Orix Buffaloes,Saitama Seibu Lions,2.0,1.0,Final,ベルーナドーム
20240716-Tohoku_Rakuten_Golden_Eagles-Hokkaido_Nippon-Ham_Fighters,2024-07-16 18:00:00,2024,Tohoku Rakuten Golden Eagles,Hokkaido Nippon-Ham Fighters,4.0,5.0,Final,エスコンＦ
20240717-Hiroshima_Toyo_Carp-Yokohama_DeNA_BayStars,2024-07-17 17:45:00,2024,Hiroshima Toyo Carp,Yokohama DeNA BayStars,3.0,0.0,Final,横 浜
20240717-Chiba_Lotte_Marines-Fukuoka_SoftBank_Hawks,2024-07-17 18:00:00,2024,Chiba Lotte Marines,Fukuoka SoftBank Hawks,4.0,6.0,Final,みずほPayPay
20240717-Hanshin_Tigers-Yomiuri_Giants,2024-07-17 18:00:00,2024,Hanshin Tigers,Yomiuri Giants,3.0,4.0,Final,東京ドーム
20240717-Orix_Buffaloes-Saitama_Seibu_Lions,2024-07-17 18:00:00,2024,Orix Buffaloes,Saitama Seibu Lions,0.0,6.0,Final,ベルーナドーム
20240717-Tohoku_Rakuten_Golden_Eagles-Hokkaido_Nippon-Ham_Fighters,2024-07-17 18:00:00,2024,Tohoku Rakuten Golden Eagles,Hokkaido Nippon-Ham Fighters,2.0,6.0,Final,エスコンＦ
20240719-Fukuoka_SoftBank_Hawks-Saitama_Seibu_Lions,2024-07-19 18:00:00,2024,Fukuoka SoftBank Hawks,Saitama Seibu Lions,4.0,0.0,Final,ベルーナドーム
20240719-Hiroshima_Toyo_Carp-Hanshin_Tigers,2024-07-19 18:00:00,2024,Hiroshima Toyo Carp,Hanshin Tigers,1.0,0.0,Final,甲子園
20240719-Hokkaido_Nippon-Ham_Fighters-Chiba_Lotte_Marines,2024-07-19 18:00:00,2024,Hokkaido Nippon-Ham Fighters,Chiba Lotte Marines,2.0,1.0,Final,ZOZOマリン
20240719-Tohoku_Rakuten_Golden_Eagles-Orix_Buffaloes,2024-07-19 18:00:00,2024,Tohoku Rakuten Golden Eagles,Orix Buffaloes,3.0,2.0,Final,ほっと神戸
20240719-Yokohama_DeNA_BayStars-Tokyo_Yakult_Swallows,2024-07-19 18:00:00,2024,Yokohama DeNA BayStars,Tokyo Yakult Swallows,8.0,7.0,Final,神 宮
20240719-Yomiuri_Giants-Chunichi_Dragons,2024-07-19 18:00:00,2024,Yomiuri Giants,Chunichi Dragons,0.0,1.0,Final,バンテリンドーム
20240720-Yomiuri_Giants-Chunichi_Dragons,2024-07-20 14:00:00,2024,Yomiuri Giants,Chunichi Dragons,4.0,3.0,Final,バンテリンドーム
20240720-Fukuoka_SoftBank_Hawks-Saitama_Seibu_Lions,2024-07-20 18:00:00,2024,Fukuoka SoftBank Hawks,Saitama Seibu Lions,3.0,5.0,Final,ベルーナドーム
20240720-Hiroshima_Toyo_Carp-Hanshin_Tigers,2024-07-20 18:00:00,2024,Hiroshima Toyo Carp,Hanshin Tigers,1.0,0.0,Final,甲子園
20240720-Hokkaido_Nippon-Ham_Fighters-Chiba_Lotte_Marines,2024-07-20 18:00:00,2024,Hokkaido Nippon-Ham Fighters,Chiba Lotte Marines,10.0,2.0,Final,ZOZOマリン
20240720-Tohoku_Rakuten_Golden_Eagles-Orix_Buffaloes,2024-07-20 18:00:00,2024,Tohoku Rakuten Golden Eagles,Orix Buffaloes,3.0,2.0,Final,ほっと神戸
20240720-Yokohama_DeNA_BayStars-Tokyo_Yakult_Swallows,2024-07-20 18:00:00,2024,Yokohama DeNA BayStars,Tokyo Yakult Swallows,4.0,6.0,Final,神 宮
20240721-Yomiuri_Giants-Chunichi_Dragons,2024-07-21 13:30:00,2024,Yomiuri Giants,Chunichi Dragons,4.0,1.0,Final,バンテリンドーム
20240721-Tohoku_Rakuten_Golden_Eagles-Orix_Buffaloes,2024-07-21 16:00:00,2024,Tohoku Rakuten Golden Eagles,Orix Buffaloes,12.0,5.0,Final,ほっと神戸
20240721-Fukuoka_SoftBank_Hawks-Saitama_Seibu_Lions,2024-07-21 17:00:00,2024,Fukuoka SoftBank Hawks,Saitama Seibu Lions,1.0,0.0,Final,ベルーナドーム
20240721-Hokkaido_Nippon-Ham_Fighters-Chiba_Lotte_Marines,2024-07-21 17:00:00,2024,Hokkaido Nippon-Ham Fighters,Chiba Lotte Marines,10.0,6.0,Final,ZOZOマリン
20240721-Hiroshima_Toyo_Carp-Hanshin_Tigers,2024-07-21 18:00:00,2024,Hiroshima Toyo Carp,Hanshin Tigers,3.0,12.0,Final,甲子園
20240721-Yokohama_DeNA_BayStars-Tokyo_Yakult_Swallows,2024-07-21 18:00:00,2024,Yokohama DeNA BayStars,Tokyo Yakult Swallows,7.0,8.0,Final,神 宮
20240723-セ・リーグ-パ・リーグ,2024-07-23 18:30:00,2024,セ・リーグ,パ・リーグ,11.0,6.0,Final,エスコンＦ
20240724-パ・リーグ-セ・リーグ,2024-07-24 18:30:00,2024,パ・リーグ,セ・リーグ,16.0,10.0,Final,神 宮
20240726-Chiba_Lotte_Marines-Tohoku_Rakuten_Golden_Eagles,2024-07-26 18:00:00,2024,Chiba Lotte Marines,Tohoku Rakuten Golden Eagles,6.0,1.0,Final,楽天モバイル
20240726-Chunichi_Dragons-Hanshin_Tigers,2024-07-26 18:00:00,2024,Chunichi Dragons,Hanshin Tigers,1.0,5.0,Final,甲子園
20240726-Hiroshima_Toyo_Carp-Tokyo_Yakult_Swallows,2024-07-26 18:00:00,2024,Hiroshima Toyo Carp,Tokyo Yakult Swallows,9.0,6.0,Final,神 宮
20240726-Saitama_Seibu_Lions-Hokkaido_Nippon-Ham_Fighters,2024-07-26 18:00:00,2024,Saitama Seibu Lions,Hokkaido Nippon-Ham Fighters,1.0,1.0,Final,エスコンＦ
20240726-Yomiuri_Giants-Yokohama_DeNA_BayStars,2024-07-26 18:00:00,2024,Yomiuri Giants,Yokohama DeNA BayStars,5.0,2.0,Final,横 浜
20240726-Orix_Buffaloes-Fukuoka_SoftBank_Hawks,2024-07-26 18:30:00,2024,Orix Buffaloes,Fukuoka SoftBank Hawks,1.0,5.0,Final,みずほPayPay
20240727-Saitama_Seibu_Lions-Hokkaido_Nippon-Ham_Fighters,2024-07-27 14:00:00,2024,Saitama Seibu Lions,Hokkaido Nippon-Ham Fighters,3.0,1.0,Final,エスコンＦ
20240727-Chiba_Lotte_Marines-Tohoku_Rakuten_Golden_Eagles,2024-07-27 18:00:00,2024,Chiba Lotte Marines,Tohoku Rakuten Golden Eagles,5.0,3.0,Final,楽天モバイル
20240727-Chunichi_Dragons-Hanshin_Tigers,2024-07-27 18:00:00,2024,Chunichi Dragons,Hanshin Tigers,3.0,7.0,Final,甲子園
20240727-Hiroshima_Toyo_Carp-Tokyo_Yakult_Swallows,2024-07-27 18:00:00,2024,Hiroshima Toyo Carp,Tokyo Yakult Swallows,0.0,3.0,Final,神 宮
20240727-Orix_Buffaloes-Fukuoka_SoftBank_Hawks,2024-07-27 18:00:00,2024,Orix Buffaloes,Fukuoka SoftBank Hawks,0.0,3.0,Final,みずほPayPay
20240727-Yomiuri_Giants-Yokohama_DeNA_BayStars,2024-07-27 18:00:00,2024,Yomiuri Giants,Yokohama DeNA BayStars,2.0,1.0,Final,横 浜
20240728-Orix_Buffaloes-Fukuoka_SoftBank_Hawks,2024-07-28 13:00:00,2024,Orix Buffaloes,Fukuoka SoftBank Hawks,1.0,4.0,Final,みずほPayPay
20240728-Saitama_Seibu_Lions-Hokkaido_Nippon-Ham_Fighters,2024-07-28 13:00:00,2024,Saitama Seibu Lions,Hokkaido Nippon-Ham Fighters,0.0,9.0,Final,エスコンＦ
20240728-Chiba_Lotte_Marines-Tohoku_Rakuten_Golden_Eagles,2024-07-28 16:00:00,2024,Chiba Lotte Marines,Tohoku Rakuten Golden Eagles,7.0,8.0,Final,楽天モバイル
20240728-Chunichi_Dragons-Hanshin_Tigers,2024-07-28 18:00:00,2024,Chunichi Dragons,Hanshin Tigers,3.0,4.0,Final,甲子園
20240728-Hiroshima_Toyo_Carp-Tokyo_Yakult_Swallows,2024-07-28 18:00:00,2024,Hiroshima Toyo Carp,Tokyo Yakult Swallows,4.0,5.0,Final,神 宮
20240728-Yomiuri_Giants-Yokohama_DeNA_BayStars,2024-07-28 18:00:00,2024,Yomiuri Giants,Yokohama DeNA BayStars,6.0,0.0,Final,横 浜
20240730-Fukuoka_SoftBank_Hawks-Tohoku_Rakuten_Golden_Eagles,2024-07-30 18:00:00,2024,Fukuoka SoftBank Hawks,Tohoku Rakuten Golden Eagles,10.0,1.0,Final,楽天モバイル
20240730-Orix_Buffaloes-Hokkaido_Nippon-Ham_Fighters,2024-07-30 18:00:00,2024,Orix Buffaloes,Hokkaido Nippon-Ham Fighters,3.0,3.0,Final,エスコンＦ
20240730-Saitama_Seibu_Lions-Chiba_Lotte_Marines,2024-07-30 18:00:00,2024,Saitama Seibu Lions,Chiba Lotte Marines,6.0,7.0,Final,ZOZOマリン
20240730-Tokyo_Yakult_Swallows-Chunichi_Dragons,2024-07-30 18:00:00,2024,Tokyo Yakult Swallows,Chunichi Dragons,0.0,6.0,Final,バンテリンドーム
20240730-Yokohama_DeNA_BayStars-Hiroshima_Toyo_Carp,2024-07-30 18:00:00,2024,Yokohama DeNA BayStars,Hiroshima Toyo Carp,3.0,6.0,Final,マツダスタジアム
20240730-Yomiuri_Giants-Hanshin_Tigers,2024-07-30 18:00:00,2024,Yomiuri Giants,Hanshin Tigers,1.0,5.0,Final,甲子園
20240731-Fukuoka_SoftBank_Hawks-Tohoku_Rakuten_Golden_Eagles,2024-07-31 18:00:00,2024,Fukuoka SoftBank Hawks,Tohoku Rakuten Golden Eagles,2.0,3.0,Final,楽天モバイル
20240731-Orix_Buffaloes-Hokkaido_Nippon-Ham_Fighters,2024-07-31 18:00:00,2024,Orix Buffaloes,Hokkaido Nippon-Ham Fighters,2.0,9.0,Final,エスコンＦ
20240731-Saitama_Seibu_Lions-Chiba_Lotte_Marines,2024-07-31 18:00:00,2024,Saitama Seibu Lions,Chiba Lotte Marines,2.0,6.0,Final,ZOZOマリン
20240731-Tokyo_Yakult_Swallows-Chunichi_Dragons,2024-07-31 18:00:00,2024,Tokyo Yakult Swallows,Chunichi Dragons,0.0,1.0,Final,バンテリンドーム
20240731-Yokohama_DeNA_BayStars-Hiroshima_Toyo_Carp,2024-07-31 18:00:00,2024,Yokohama DeNA BayStars,Hiroshima Toyo Carp,1.0,2.0,Final,マツダスタジアム
20240731-Yomiuri_Giants-Hanshin_Tigers,2024-07-31 18:00:00,2024,Yomiuri Giants,Hanshin Tigers,6.0,9.0,Final,甲子園
20240801-Orix_Buffaloes-Hokkaido_Nippon-Ham_Fighters,2024-08-01 14:00:00,2024,Orix Buffaloes,Hokkaido Nippon-Ham Fighters,6.0,7.0,Final,エスコンＦ
20240801-Fukuoka_SoftBank_Hawks-Tohoku_Rakuten_Golden_Eagles,2024-08-01 18:00:00,2024,Fukuoka SoftBank Hawks,Tohoku Rakuten Golden Eagles,7.0,0.0,Final,東京ドーム
20240801-Saitama_Seibu_Lions-Chiba_Lotte_Marines,2024-08-01 18:00:00,2024,Saitama Seibu Lions,Chiba Lotte Marines,1.0,4.0,Final,ZOZOマリン
20240801-Tokyo_Yakult_Swallows-Chunichi_Dragons,2024-08-01 18:00:00,2024,Tokyo Yakult Swallows,Chunichi Dragons,2.0,3.0,Final,バンテリンドーム
20240801-Yokohama_DeNA_BayStars-Hiroshima_Toyo_Carp,2024-08-01 18:00:00,2024,Yokohama DeNA BayStars,Hiroshima Toyo Carp,1.0,2.0,Final,マツダスタジアム
20240801-Yomiuri_Giants-Hanshin_Tigers,2024-08-01 18:00:00,2024,Yomiuri Giants,Hanshin Tigers,2.0,9.0,Final,甲子園
20240802-Chiba_Lotte_Marines-Orix_Buffaloes,2024-08-02 18:00:00,2024,Chiba Lotte Marines,Orix Buffaloes,3.0,2.0,Final,京セラD大阪
20240802-Chunichi_Dragons-Hiroshima_Toyo_Carp,2024-08-02 18:00:00,2024,Chunichi Dragons,Hiroshima Toyo Carp,0.0,1.0,Final,マツダスタジアム
20240802-Hanshin_Tigers-Yokohama_DeNA_BayStars,2024-08-02 18:00:00,2024,Hanshin Tigers,Yokohama DeNA BayStars,4.0,2.0,Final,横 浜
20240802-Tohoku_Rakuten_Golden_Eagles-Saitama_Seibu_Lions,2024-08-02 18:00:00,2024,Tohoku Rakuten Golden Eagles,Saitama Seibu Lions,3.0,2.0,Final,ベルーナドーム
20240802-Tokyo_Yakult_Swallows-Yomiuri_Giants,2024-08-02 18:00:00,2024,Tokyo Yakult Swallows,Yomiuri Giants,4.0,2.0,Final,東京ドーム
20240802-Hokkaido_Nippon-Ham_Fighters-Fukuoka_SoftBank_Hawks,2024-08-02 18:30:00,2024,Hokkaido Nippon-Ham Fighters,Fukuoka SoftBank Hawks,4.0,6.0,Final,みずほPayPay
20240803-Hokkaido_Nippon-Ham_Fighters-Fukuoka_SoftBank_Hawks,2024-08-03 14:00:00,2024,Hokkaido Nippon-Ham Fighters,Fukuoka SoftBank Hawks,8.0,7.0,Final,みずほPayPay
20240803-Chiba_Lotte_Marines-Orix_Buffaloes,2024-08-03 15:00:00,2024,Chiba Lotte Marines,Orix Buffaloes,1.0,5.0,Final,京セラD大阪
20240803-Tohoku_Rakuten_Golden_Eagles-Saitama_Seibu_Lions,2024-08-03 17:00:00,2024,Tohoku Rakuten Golden Eagles,Saitama Seibu Lions,0.0,7.0,Final,ベルーナドーム
20240803-Chunichi_Dragons-Hiroshima_Toyo_Carp,2024-08-03 18:00:00,2024,Chunichi Dragons,Hiroshima Toyo Carp,1.0,4.0,Final,マツダスタジアム
20240803-Hanshin_Tigers-Yokohama_DeNA_BayStars,2024-08-03 18:00:00,2024,Hanshin Tigers,Yokohama DeNA BayStars,4.0,10.0,Final,横 浜
20240803-Tokyo_Yakult_Swallows-Yomiuri_Giants,2024-08-03 18:00:00,2024,Tokyo Yakult Swallows,Yomiuri Giants,4.0,8.0,Final,東京ドーム
20240804-Chiba_Lotte_Marines-Orix_Buffaloes,2024-08-04 13:00:00,2024,Chiba Lotte Marines,Orix Buffaloes,3.0,0.0,Final,京セラD大阪
20240804-Hokkaido_Nippon-Ham_Fighters-Fukuoka_SoftBank_Hawks,2024-08-04 13:00:00,2024,Hokkaido Nippon-Ham Fighters,Fukuoka SoftBank Hawks,2.0,3.0,Final,みずほPayPay
20240804-Tokyo_Yakult_Swallows-Yomiuri_Giants,2024-08-04 14:00:00,2024,Tokyo Yakult Swallows,Yomiuri Giants,1.0,4.0,Final,東京ドーム
20240804-Tohoku_Rakuten_Golden_Eagles-Saitama_Seibu_Lions,2024-08-04 17:00:00,2024,Tohoku Rakuten Golden Eagles,Saitama Seibu Lions,10.0,5.0,Final,ベルーナドーム
20240804-Chunichi_Dragons-Hiroshima_Toyo_Carp,2024-08-04 18:00:00,2024,Chunichi Dragons,Hiroshima Toyo Carp,4.0,6.0,Final,マツダスタジアム
20240804-Hanshin_Tigers-Yokohama_DeNA_BayStars,2024-08-04 18:00:00,2024,Hanshin Tigers,Yokohama DeNA BayStars,4.0,0.0,Final,横 浜
20240806-Fukuoka_SoftBank_Hawks-Chiba_Lotte_Marines,2024-08-06 18:00:00,2024,Fukuoka SoftBank Hawks,Chiba Lotte Marines,6.0,4.0,Final,ZOZOマリン
20240806-Hanshin_Tigers-Tokyo_Yakult_Swallows,2024-08-06 18:00:00,2024,Hanshin Tigers,Tokyo Yakult Swallows,4.0,5.0,Final,神 宮
20240806-Hiroshima_Toyo_Carp-Yomiuri_Giants,2024-08-06 18:00:00,2024,Hiroshima Toyo Carp,Yomiuri Giants,5.0,0.0,Final,東京ドーム
20240806-Hokkaido_Nippon-Ham_Fighters-Tohoku_Rakuten_Golden_Eagles,2024-08-06 18:00:00,2024,Hokkaido Nippon-Ham Fighters,Tohoku Rakuten Golden Eagles,5.0,1.0,Final,楽天モバイル
20240806-Saitama_Seibu_Lions-Orix_Buffaloes,2024-08-06 18:00:00,2024,Saitama Seibu Lions,Orix Buffaloes,2.0,6.0,Final,京セラD大阪
20240806-Yokohama_DeNA_BayStars-Chunichi_Dragons,2024-08-06 18:00:00,2024,Yokohama DeNA BayStars,Chunichi Dragons,2.0,6.0,Final,岐 阜
20240807-Fukuoka_SoftBank_Hawks-Chiba_Lotte_Marines,2024-08-07 18:00:00,2024,Fukuoka SoftBank Hawks,Chiba Lotte Marines,2.0,6.0,Final,ZOZOマリン
20240807-Hanshin_Tigers-Tokyo_Yakult_Swallows,2024-08-07 18:00:00,2024,Hanshin Tigers,Tokyo Yakult Swallows,0.0,4.0,Final,神 宮
20240807-Hiroshima_Toyo_Carp-Yomiuri_Giants,2024-08-07 18:00:00,2024,Hiroshima Toyo Carp,Yomiuri Giants,3.0,3.0,Final,東京ドーム
20240807-Hokkaido_Nippon-Ham_Fighters-Tohoku_Rakuten_Golden_Eagles,2024-08-07 18:00:00,2024,Hokkaido Nippon-Ham Fighters,Tohoku Rakuten Golden Eagles,2.0,0.0,Final,楽天モバイル
20240807-Saitama_Seibu_Lions-Orix_Buffaloes,2024-08-07 18:00:00,2024,Saitama Seibu Lions,Orix Buffaloes,2.0,3.0,Final,京セラD大阪
20240807-Yokohama_DeNA_BayStars-Chunichi_Dragons,2024-08-07 18:00:00,2024,Yokohama DeNA BayStars,Chunichi Dragons,0.0,0.0,Final,バンテリンドーム
20240808-Fukuoka_SoftBank_Hawks-Chiba_Lotte_Marines,2024-08-08 18:00:00,2024,Fukuoka SoftBank Hawks,Chiba Lotte Marines,6.0,3.0,Final,ZOZOマリン
20240808-Hanshin_Tigers-Tokyo_Yakult_Swallows,2024-08-08 18:00:00,2024,Hanshin Tigers,Tokyo Yakult Swallows,6.0,3.0,Final,神 宮
20240808-Hiroshima_Toyo_Carp-Yomiuri_Giants,2024-08-08 18:00:00,2024,Hiroshima Toyo Carp,Yomiuri Giants,0.0,5.0,Final,東京ドーム
20240808-Hokkaido_Nippon-Ham_Fighters-Tohoku_Rakuten_Golden_Eagles,2024-08-08 18:00:00,2024,Hokkaido Nippon-Ham Fighters,Tohoku Rakuten Golden Eagles,5.0,4.0,Final,楽天モバイル
20240808-Saitama_Seibu_Lions-Orix_Buffaloes,2024-08-08 18:00:00,2024,Saitama Seibu Lions,Orix Buffaloes,0.0,3.0,Final,京セラD大阪
20240808-Yokohama_DeNA_BayStars-Chunichi_Dragons,2024-08-08 18:00:00,2024,Yokohama DeNA BayStars,Chunichi Dragons,4.0,2.0,Final,バンテリンドーム
20240809-Hiroshima_Toyo_Carp-Hanshin_Tigers,2024-08-09 18:00:00,2024,Hiroshima Toyo Carp,Hanshin Tigers,6.0,3.0,Final,京セラD大阪
20240809-Tokyo_Yakult_Swallows-Yokohama_DeNA_BayStars,2024-08-09 18:00:00,2024,Tokyo Yakult Swallows,Yokohama DeNA BayStars,2.0,5.0,Final,横 浜
20240809-Yomiuri_Giants-Chunichi_Dragons,2024-08-09 18:00:00,2024,Yomiuri Giants,Chunichi Dragons,2.0,9.0,Final,バンテリンドーム
20240810-Saitama_Seibu_Lions-Hokkaido_Nippon-Ham_Fighters,2024-08-10 14:00:00,2024,Saitama Seibu Lions,Hokkaido Nippon-Ham Fighters,1.0,5.0,Final,エスコンＦ
20240810-Tohoku_Rakuten_Golden_Eagles-Fukuoka_SoftBank_Hawks,2024-08-10 14:00:00,2024,Tohoku Rakuten Golden Eagles,Fukuoka SoftBank Hawks,13.0,6.0,Final,みずほPayPay
20240810-Yomiuri_Giants-Chunichi_Dragons,2024-08-10 14:00:00,2024,Yomiuri Giants,Chunichi Dragons,2.0,0.0,Final,バンテリンドーム
20240810-Hiroshima_Toyo_Carp-Hanshin_Tigers,2024-08-10 18:00:00,2024,Hiroshima Toyo Carp,Hanshin Tigers,5.0,1.0,Final,京セラD大阪
20240810-Orix_Buffaloes-Chiba_Lotte_Marines,2024-08-10 18:00:00,2024,Orix Buffaloes,Chiba Lotte Marines,1.0,3.0,Final,ZOZOマリン
20240810-Tokyo_Yakult_Swallows-Yokohama_DeNA_BayStars,2024-08-10 18:00:00,2024,Tokyo Yakult Swallows,Yokohama DeNA BayStars,4.0,14.0,Final,横 浜
20240811-Saitama_Seibu_Lions-Hokkaido_Nippon-Ham_Fighters,2024-08-11 13:00:00,2024,Saitama Seibu Lions,Hokkaido Nippon-Ham Fighters,7.0,8.0,Final,エスコンＦ
20240811-Tohoku_Rakuten_Golden_Eagles-Fukuoka_SoftBank_Hawks,2024-08-11 13:00:00,2024,Tohoku Rakuten Golden Eagles,Fukuoka SoftBank Hawks,2.0,5.0,Final,みずほPayPay
20240811-Yomiuri_Giants-Chunichi_Dragons,2024-08-11 13:30:00,2024,Yomiuri Giants,Chunichi Dragons,3.0,1.0,Final,バンテリンドーム
20240811-Hiroshima_Toyo_Carp-Hanshin_Tigers,2024-08-11 18:00:00,2024,Hiroshima Toyo Carp,Hanshin Tigers,0.0,4.0,Final,京セラD大阪
20240811-Orix_Buffaloes-Chiba_Lotte_Marines,2024-08-11 18:00:00,2024,Orix Buffaloes,Chiba Lotte Marines,1.0,6.0,Final,ZOZOマリン
20240811-Tokyo_Yakult_Swallows-Yokohama_DeNA_BayStars,2024-08-11 18:00:00,2024,Tokyo Yakult Swallows,Yokohama DeNA BayStars,5.0,4.0,Final,横 浜
20240812-Saitama_Seibu_Lions-Hokkaido_Nippon-Ham_Fighters,2024-08-12 13:00:00,2024,Saitama Seibu Lions,Hokkaido Nippon-Ham Fighters,1.0,5.0,Final,エスコンＦ
20240812-Tohoku_Rakuten_Golden_Eagles-Fukuoka_SoftBank_Hawks,2024-08-12 13:00:00,2024,Tohoku Rakuten Golden Eagles,Fukuoka SoftBank Hawks,4.0,14.0,Final,みずほPayPay
20240812-Orix_Buffaloes-Chiba_Lotte_Marines,2024-08-12 17:00:00,2024,Orix Buffaloes,Chiba Lotte Marines,4.0,0.0,Final,ZOZOマリン
20240812-Chunichi_Dragons-Tokyo_Yakult_Swallows,2024-08-12 18:00:00,2024,Chunichi Dragons,Tokyo Yakult Swallows,4.0,5.0,Final,神 宮
20240812-Hanshin_Tigers-Yomiuri_Giants,2024-08-12 18:00:00,2024,Hanshin Tigers,Yomiuri Giants,0.0,1.0,Final,東京ドーム
20240812-Yokohama_DeNA_BayStars-Hiroshima_Toyo_Carp,2024-08-12 18:00:00,2024,Yokohama DeNA BayStars,Hiroshima Toyo Carp,3.0,10.0,Final,マツダスタジアム
20240813-Chiba_Lotte_Marines-Hokkaido_Nippon-Ham_Fighters,2024-08-13 18:00:00,2024,Chiba Lotte Marines,Hokkaido Nippon-Ham Fighters,6.0,0.0,Final,エスコンＦ
20240813-Chunichi_Dragons-Tokyo_Yakult_Swallows,2024-08-13 18:00:00,2024,Chunichi Dragons,Tokyo Yakult Swallows,5.0,4.0,Final,神 宮
20240813-Fukuoka_SoftBank_Hawks-Saitama_Seibu_Lions,2024-08-13 18:00:00,2024,Fukuoka SoftBank Hawks,Saitama Seibu Lions,6.0,1.0,Final,ベルーナドーム
20240813-Hanshin_Tigers-Yomiuri_Giants,2024-08-13 18:00:00,2024,Hanshin Tigers,Yomiuri Giants,8.0,5.0,Final,東京ドーム
20240813-Tohoku_Rakuten_Golden_Eagles-Orix_Buffaloes,2024-08-13 18:00:00,2024,Tohoku Rakuten Golden Eagles,Orix Buffaloes,3.0,0.0,Final,京セラD大阪
20240813-Yokohama_DeNA_BayStars-Hiroshima_Toyo_Carp,2024-08-13 18:00:00,2024,Yokohama DeNA BayStars,Hiroshima Toyo Carp,6.0,0.0,Final,マツダスタジアム
20240814-Chiba_Lotte_Marines-Hokkaido_Nippon-Ham_Fighters,2024-08-14 18:00:00,2024,Chiba Lotte Marines,Hokkaido Nippon-Ham Fighters,1.0,4.0,Final,エスコンＦ
20240814-Chunichi_Dragons-Tokyo_Yakult_Swallows,2024-08-14 18:00:00,2024,Chunichi Dragons,Tokyo Yakult Swallows,6.0,7.0,Final,神 宮
20240814-Fukuoka_SoftBank_Hawks-Saitama_Seibu_Lions,2024-08-14 18:00:00,2024,Fukuoka SoftBank Hawks,Saitama Seibu Lions,1.0,4.0,Final,ベルーナドーム
20240814-Hanshin_Tigers-Yomiuri_Giants,2024-08-14 18:00:00,2024,Hanshin Tigers,Yomiuri Giants,0.0,4.0,Final,東京ドーム
20240814-Tohoku_Rakuten_Golden_Eagles-Orix_Buffaloes,2024-08-14 18:00:00,2024,Tohoku Rakuten Golden Eagles,Orix Buffaloes,6.0,1.0,Final,京セラD大阪
20240814-Yokohama_DeNA_BayStars-Hiroshima_Toyo_Carp,2024-08-14 18:00:00,2024,Yokohama DeNA BayStars,Hiroshima Toyo Carp,3.0,4.0,Final,マツダスタジアム
20240815-Chiba_Lotte_Marines-Hokkaido_Nippon-Ham_Fighters,2024-08-15 18:00:00,2024,Chiba Lotte Marines,Hokkaido Nippon-Ham Fighters,1.0,6.0,Final,エスコンＦ
20240815-Fukuoka_SoftBank_Hawks-Saitama_Seibu_Lions,2024-08-15 18:00:00,2024,Fukuoka SoftBank Hawks,Saitama Seibu Lions,9.0,2.0,Final,ベルーナドーム
20240815-Tohoku_Rakuten_Golden_Eagles-Orix_Buffaloes,2024-08-15 18:00:00,2024,Tohoku Rakuten Golden Eagles,Orix Buffaloes,2.0,3.0,Final,京セラD大阪
20240816-Chiba_Lotte_Marines-Fukuoka_SoftBank_Hawks,2024-08-16 18:00:00,2024,Chiba Lotte Marines,Fukuoka SoftBank Hawks,0.0,4.0,Final,みずほPayPay
20240816-Hanshin_Tigers-Chunichi_Dragons,2024-08-16 18:00:00,2024,Hanshin Tigers,Chunichi Dragons,1.0,2.0,Final,バンテリンドーム
20240816-Hiroshima_Toyo_Carp-Tokyo_Yakult_Swallows,2024-08-16 18:00:00,2024,Hiroshima Toyo Carp,Tokyo Yakult Swallows,,,Postponed,神 宮
20240816-Hokkaido_Nippon-Ham_Fighters-Orix_Buffaloes,2024-08-16 18:00:00,2024,Hokkaido Nippon-Ham Fighters,Orix Buffaloes,1.0,5.0,Final,京セラD大阪
20240816-Saitama_Seibu_Lions-Tohoku_Rakuten_Golden_Eagles,2024-08-16 18:00:00,2024,Saitama Seibu Lions,Tohoku Rakuten Golden Eagles,,,Postponed,楽天モバイル
20240816-Yomiuri_Giants-Yokohama_DeNA_BayStars,2024-08-16 18:00:00,2024,Yomiuri Giants,Yokohama DeNA BayStars,,,Postponed,横 浜
20240817-Chiba_Lotte_Marines-Fukuoka_SoftBank_Hawks,2024-08-17 14:00:00,2024,Chiba Lotte Marines,Fukuoka SoftBank Hawks,5.0,2.0,Final,みずほPayPay
20240817-Hanshin_Tigers-Chunichi_Dragons,2024-08-17 14:00:00,2024,Hanshin Tigers,Chunichi Dragons,5.0,5.0,Final,バンテリンドーム
20240817-Hokkaido_Nippon-Ham_Fighters-Orix_Buffaloes,2024-08-17 14:00:00,2024,Hokkaido Nippon-Ham Fighters,Orix Buffaloes,0.0,3.0,Final,京セラD大阪
20240817-Hiroshima_Toyo_Carp-Tokyo_Yakult_Swallows,2024-08-17 18:00:00,2024,Hiroshima Toyo Carp,Tokyo Yakult Swallows,3.0,6.0,Final,神 宮
20240817-Saitama_Seibu_Lions-Tohoku_Rakuten_Golden_Eagles,2024-08-17 18:00:00,2024,Saitama Seibu Lions,Tohoku Rakuten Golden Eagles,11.0,4.0,Final,楽天モバイル
20240817-Yomiuri_Giants-Yokohama_DeNA_BayStars,2024-08-17 18:00:00,2024,Yomiuri Giants,Yokohama DeNA BayStars,11.0,1.0,Final,横 浜
20240818-Chiba_Lotte_Marines-Fukuoka_SoftBank_Hawks,2024-08-18 13:00:00,2024,Chiba Lotte Marines,Fukuoka SoftBank Hawks,1.0,2.0,Final,みずほPayPay
20240818-Hokkaido_Nippon-Ham_Fighters-Orix_Buffaloes,2024-08-18 13:00:00,2024,Hokkaido Nippon-Ham Fighters,Orix Buffaloes,2.0,5.0,Final,京セラD大阪
20240818-Hanshin_Tigers-Chunichi_Dragons,2024-08-18 13:30:00,2024,Hanshin Tigers,Chunichi Dragons,4.0,8.0,Final,バンテリンドーム
20240818-Saitama_Seibu_Lions-Tohoku_Rakuten_Golden_Eagles,2024-08-18 17:00:00,2024,Saitama Seibu Lions,Tohoku Rakuten Golden Eagles,1.0,6.0,Final,楽天モバイル
20240818-Hiroshima_Toyo_Carp-Tokyo_Yakult_Swallows,2024-08-18 18:00:00,2024,Hiroshima Toyo Carp,Tokyo Yakult Swallows,8.0,2.0,Final,神 宮
20240818-Yomiuri_Giants-Yokohama_DeNA_BayStars,2024-08-18 18:00:00,2024,Yomiuri Giants,Yokohama DeNA BayStars,1.0,2.0,Final,横 浜
20240820-Chunichi_Dragons-Yokohama_DeNA_BayStars,2024-08-20 17:45:00,2024,Chunichi Dragons,Yokohama DeNA BayStars,2.0,4.0,Final,横 浜
20240820-Fukuoka_SoftBank_Hawks-Tohoku_Rakuten_Golden_Eagles,2024-08-20 18:00:00,2024,Fukuoka SoftBank Hawks,Tohoku Rakuten Golden Eagles,0.0,3.0,Final,楽天モバイル
20240820-Hiroshima_Toyo_Carp-Yomiuri_Giants,2024-08-20 18:00:00,2024,Hiroshima Toyo Carp,Yomiuri Giants,8.0,3.0,Final,東京ドーム
20240820-Hokkaido_Nippon-Ham_Fighters-Chiba_Lotte_Marines,2024-08-20 18:00:00,2024,Hokkaido Nippon-Ham Fighters,Chiba Lotte Marines,5.0,3.0,Final,ZOZOマリン
20240820-Orix_Buffaloes-Saitama_Seibu_Lions,2024-08-20 18:00:00,2024,Orix Buffaloes,Saitama Seibu Lions,0.0,1.0,Final,前 橋
20240820-Tokyo_Yakult_Swallows-Hanshin_Tigers,2024-08-20 18:00:00,2024,Tokyo Yakult Swallows,Hanshin Tigers,3.0,8.0,Final,京セラD大阪
20240821-Chunichi_Dragons-Yokohama_DeNA_BayStars,2024-08-21 17:45:00,2024,Chunichi Dragons,Yokohama DeNA BayStars,1.0,7.0,Final,横 浜
20240821-Fukuoka_SoftBank_Hawks-Tohoku_Rakuten_Golden_Eagles,2024-08-21 18:00:00,2024,Fukuoka SoftBank Hawks,Tohoku Rakuten Golden Eagles,1.0,2.0,Final,楽天モバイル
20240821-Hiroshima_Toyo_Carp-Yomiuri_Giants,2024-08-21 18:00:00,2024,Hiroshima Toyo Carp,Yomiuri Giants,1.0,4.0,Final,東京ドーム
20240821-Hokkaido_Nippon-Ham_Fighters-Chiba_Lotte_Marines,2024-08-21 18:00:00,2024,Hokkaido Nippon-Ham Fighters,Chiba Lotte Marines,7.0,1.0,Final,ZOZOマリン
20240821-Orix_Buffaloes-Saitama_Seibu_Lions,2024-08-21 18:00:00,2024,Orix Buffaloes,Saitama Seibu Lions,0.0,1.0,Final,ベルーナドーム
20240821-Tokyo_Yakult_Swallows-Hanshin_Tigers,2024-08-21 18:00:00,2024,Tokyo Yakult Swallows,Hanshin Tigers,4.0,10.0,Final,京セラD大阪
20240822-Chunichi_Dragons-Yokohama_DeNA_BayStars,2024-08-22 17:45:00,2024,Chunichi Dragons,Yokohama DeNA BayStars,9.0,8.0,Final,横 浜
20240822-Hiroshima_Toyo_Carp-Yomiuri_Giants,2024-08-22 18:00:00,2024,Hiroshima Toyo Carp,Yomiuri Giants,2.0,1.0,Final,東京ドーム
20240822-Hokkaido_Nippon-Ham_Fighters-Chiba_Lotte_Marines,2024-08-22 18:00:00,2024,Hokkaido Nippon-Ham Fighters,Chiba Lotte Marines,4.0,3.0,Final,ZOZOマリン
20240822-Orix_Buffaloes-Saitama_Seibu_Lions,2024-08-22 18:00:00,2024,Orix Buffaloes,Saitama Seibu Lions,1.0,2.0,Final,ベルーナドーム
20240822-Tokyo_Yakult_Swallows-Hanshin_Tigers,2024-08-22 18:00:00,2024,Tokyo Yakult Swallows,Hanshin Tigers,5.0,2.0,Final,京セラD大阪
20240823-Chiba_Lotte_Marines-Orix_Buffaloes,2024-08-23 18:00:00,2024,Chiba Lotte Marines,Orix Buffaloes,0.0,1.0,Final,京セラD大阪
20240823-Chunichi_Dragons-Yomiuri_Giants,2024-08-23 18:00:00,2024,Chunichi Dragons,Yomiuri Giants,8.0,2.0,Final,東京ドーム
20240823-Fukuoka_SoftBank_Hawks-Hokkaido_Nippon-Ham_Fighters,2024-08-23 18:00:00,2024,Fukuoka SoftBank Hawks,Hokkaido Nippon-Ham Fighters,6.0,5.0,Final,エスコンＦ
20240823-Hanshin_Tigers-Hiroshima_Toyo_Carp,2024-08-23 18:00:00,2024,Hanshin Tigers,Hiroshima Toyo Carp,3.0,1.0,Final,マツダスタジアム
20240823-Tohoku_Rakuten_Golden_Eagles-Saitama_Seibu_Lions,2024-08-23 18:00:00,2024,Tohoku Rakuten Golden Eagles,Saitama Seibu Lions,2.0,1.0,Final,ベルーナドーム
20240823-Yokohama_DeNA_BayStars-Tokyo_Yakult_Swallows,2024-08-23 18:00:00,2024,Yokohama DeNA BayStars,Tokyo Yakult Swallows,5.0,2.0,Final,神 宮
20240824-Chunichi_Dragons-Yomiuri_Giants,2024-08-24 14:00:00,2024,Chunichi Dragons,Yomiuri Giants,2.0,6.0,Final,東京ドーム
20240824-Chiba_Lotte_Marines-Orix_Buffaloes,2024-08-24 15:00:00,2024,Chiba Lotte Marines,Orix Buffaloes,1.0,0.0,Final,京セラD大阪
20240824-Fukuoka_SoftBank_Hawks-Hokkaido_Nippon-Ham_Fighters,2024-08-24 15:00:00,2024,Fukuoka SoftBank Hawks,Hokkaido Nippon-Ham Fighters,1.0,6.0,Final,エスコンＦ
20240824-Tohoku_Rakuten_Golden_Eagles-Saitama_Seibu_Lions,2024-08-24 17:00:00,2024,Tohoku Rakuten Golden Eagles,Saitama Seibu Lions,2.0,3.0,Final,ベルーナドーム
20240824-Hanshin_Tigers-Hiroshima_Toyo_Carp,2024-08-24 18:00:00,2024,Hanshin Tigers,Hiroshima Toyo Carp,1.0,2.0,Final,マツダスタジアム
20240824-Yokohama_DeNA_BayStars-Tokyo_Yakult_Swallows,2024-08-24 18:00:00,2024,Yokohama DeNA BayStars,Tokyo Yakult Swallows,0.0,3.0,Final,神 宮
20240825-Chiba_Lotte_Marines-Orix_Buffaloes,2024-08-25 13:00:00,2024,Chiba Lotte Marines,Orix Buffaloes,0.0,2.0,Final,京セラD大阪
20240825-Fukuoka_SoftBank_Hawks-Hokkaido_Nippon-Ham_Fighters,2024-08-25 13:00:00,2024,Fukuoka SoftBank Hawks,Hokkaido Nippon-Ham Fighters,3.0,5.0,Final,エスコンＦ
20240825-Chunichi_Dragons-Yomiuri_Giants,2024-08-25 14:00:00,2024,Chunichi Dragons,Yomiuri Giants,0.0,2.0,Final,東京ドーム
20240825-Tohoku_Rakuten_Golden_Eagles-Saitama_Seibu_Lions,2024-08-25 17:00:00,2024,Tohoku Rakuten Golden Eagles,Saitama Seibu Lions,2.0,0.0,Final,ベルーナドーム
20240825-Yokohama_DeNA_BayStars-Tokyo_Yakult_Swallows,2024-08-25 17:00:00,2024,Yokohama DeNA BayStars,Tokyo Yakult Swallows,10.0,4.0,Final,神 宮
20240825-Hanshin_Tigers-Hiroshima_Toyo_Carp,2024-08-25 18:00:00,2024,Hanshin Tigers,Hiroshima Toyo Carp,7.0,5.0,Final,マツダスタジアム
20240827-Hanshin_Tigers-Yokohama_DeNA_BayStars,2024-08-27 18:00:00,2024,Hanshin Tigers,Yokohama DeNA BayStars,4.0,10.0,Final,横 浜
20240827-Hiroshima_Toyo_Carp-Chunichi_Dragons,2024-08-27 18:00:00,2024,Hiroshima Toyo Carp,Chunichi Dragons,1.0,2.0,Final,バンテリンドーム
20240827-Orix_Buffaloes-Fukuoka_SoftBank_Hawks,2024-08-27 18:00:00,2024,Orix Buffaloes,Fukuoka SoftBank Hawks,1.0,3.0,Final,みずほPayPay
20240827-Saitama_Seibu_Lions-Chiba_Lotte_Marines,2024-08-27 18:00:00,2024,Saitama Seibu Lions,Chiba Lotte Marines,0.0,2.0,Final,ZOZOマリン
20240827-Tohoku_Rakuten_Golden_Eagles-Hokkaido_Nippon-Ham_Fighters,2024-08-27 18:00:00,2024,Tohoku Rakuten Golden Eagles,Hokkaido Nippon-Ham Fighters,3.0,3.0,Final,エスコンＦ
20240827-Yomiuri_Giants-Tokyo_Yakult_Swallows,2024-08-27 18:00:00,2024,Yomiuri Giants,Tokyo Yakult Swallows,5.0,2.0,Final,神 宮
20240828-Hanshin_Tigers-Yokohama_DeNA_BayStars,2024-08-28 18:00:00,2024,Hanshin Tigers,Yokohama DeNA BayStars,2.0,3.0,Final,横 浜
20240828-Hiroshima_Toyo_Carp-Chunichi_Dragons,2024-08-28 18:00:00,2024,Hiroshima Toyo Carp,Chunichi Dragons,2.0,1.0,Final,バンテリンドーム
20240828-Orix_Buffaloes-Fukuoka_SoftBank_Hawks,2024-08-28 18:00:00,2024,Orix Buffaloes,Fukuoka SoftBank Hawks,4.0,1.0,Final,長 崎
20240828-Saitama_Seibu_Lions-Chiba_Lotte_Marines,2024-08-28 18:00:00,2024,Saitama Seibu Lions,Chiba Lotte Marines,3.0,4.0,Final,ZOZOマリン
20240828-Tohoku_Rakuten_Golden_Eagles-Hokkaido_Nippon-Ham_Fighters,2024-08-28 18:00:00,2024,Tohoku Rakuten Golden Eagles,Hokkaido Nippon-Ham Fighters,9.0,5.0,Final,エスコンＦ
20240828-Yomiuri_Giants-Tokyo_Yakult_Swallows,2024-08-28 18:00:00,2024,Yomiuri Giants,Tokyo Yakult Swallows,3.0,2.0,Final,神 宮
20240829-Hanshin_Tigers-Yokohama_DeNA_BayStars,2024-08-29 18:00:00,2024,Hanshin Tigers,Yokohama DeNA BayStars,,,Postponed,横 浜
20240829-Hiroshima_Toyo_Carp-Chunichi_Dragons,2024-08-29 18:00:00,2024,Hiroshima Toyo Carp,Chunichi Dragons,1.0,5.0,Final,バンテリンドーム
20240829-Saitama_Seibu_Lions-Chiba_Lotte_Marines,2024-08-29 18:00:00,2024,Saitama Seibu Lions,Chiba Lotte Marines,8.0,0.0,Final,ZOZOマリン
20240829-Yomiuri_Giants-Tokyo_Yakult_Swallows,2024-08-29 18:00:00,2024,Yomiuri Giants,Tokyo Yakult Swallows,,,Postponed,神 宮
20240830-Fukuoka_SoftBank_Hawks-Chiba_Lotte_Marines,2024-08-30 18:00:00,2024,Fukuoka SoftBank Hawks,Chiba Lotte Marines,2.0,6.0,Final,ZOZOマリン
20240830-Hokkaido_Nippon-Ham_Fighters-Saitama_Seibu_Lions,2024-08-30 18:00:00,2024,Hokkaido Nippon-Ham Fighters,Saitama Seibu Lions,5.0,2.0,Final,ベルーナドーム
20240830-Orix_Buffaloes-Tohoku_Rakuten_Golden_Eagles,2024-08-30 18:00:00,2024,Orix Buffaloes,Tohoku Rakuten Golden Eagles,2.0,0.0,Final,楽天モバイル
20240830-Tokyo_Yakult_Swallows-Hiroshima_Toyo_Carp,2024-08-30 18:00:00,2024,Tokyo Yakult Swallows,Hiroshima Toyo Carp,,,Postponed,マツダスタジアム
20240830-Yokohama_DeNA_BayStars-Chunichi_Dragons,2024-08-30 18:00:00,2024,Yokohama DeNA BayStars,Chunichi Dragons,,,Postponed,バンテリンドーム
20240830-Yomiuri_Giants-Hanshin_Tigers,2024-08-30 18:00:00,2024,Yomiuri Giants,Hanshin Tigers,,,Postponed,甲子園
20240831-Yokohama_DeNA_BayStars-Chunichi_Dragons,2024-08-31 14:00:00,2024,Yokohama DeNA BayStars,Chunichi Dragons,,,Postponed,バンテリンドーム
20240831-Hokkaido_Nippon-Ham_Fighters-Saitama_Seibu_Lions,2024-08-31 17:00:00,2024,Hokkaido Nippon-Ham Fighters,Saitama Seibu Lions,1.0,2.0,Final,ベルーナドーム
20240831-Fukuoka_SoftBank_Hawks-Chiba_Lotte_Marines,2024-08-31 18:00:00,2024,Fukuoka SoftBank Hawks,Chiba Lotte Marines,4.0,1.0,Final,ZOZOマリン
20240831-Orix_Buffaloes-Tohoku_Rakuten_Golden_Eagles,2024-08-31 18:00:00,2024,Orix Buffaloes,Tohoku Rakuten Golden Eagles,6.0,0.0,Final,楽天モバイル
20240831-Tokyo_Yakult_Swallows-Hiroshima_Toyo_Carp,2024-08-31 18:00:00,2024,Tokyo Yakult Swallows,Hiroshima Toyo Carp,0.0,7.0,Final,マツダスタジアム
20240831-Yomiuri_Giants-Hanshin_Tigers,2024-08-31 18:00:00,2024,Yomiuri Giants,Hanshin Tigers,2.0,4.0,Final,甲子園
20240901-Yokohama_DeNA_BayStars-Chunichi_Dragons,2024-09-01 13:30:00,2024,Yokohama DeNA BayStars,Chunichi Dragons,,,Postponed,バンテリンドーム
20240901-Fukuoka_SoftBank_Hawks-Chiba_Lotte_Marines,2024-09-01 16:00:00,2024,Fukuoka SoftBank Hawks,Chiba Lotte Marines,10.0,2.0,Final,ZOZOマリン
20240901-Orix_Buffaloes-Tohoku_Rakuten_Golden_Eagles,2024-09-01 16:00:00,2024,Orix Buffaloes,Tohoku Rakuten Golden Eagles,6.0,2.0,Final,楽天モバイル
20240901-Hokkaido_Nippon-Ham_Fighters-Saitama_Seibu_Lions,2024-09-01 17:00:00,2024,Hokkaido Nippon-Ham Fighters,Saitama Seibu Lions,5.0,6.0,Final,ベルーナドーム
20240901-Tokyo_Yakult_Swallows-Hiroshima_Toyo_Carp,2024-09-01 18:00:00,2024,Tokyo Yakult Swallows,Hiroshima Toyo Carp,1.0,5.0,Final,マツダスタジアム
20240901-Yomiuri_Giants-Hanshin_Tigers,2024-09-01 18:00:00,2024,Yomiuri Giants,Hanshin Tigers,3.0,1.0,Final,甲子園
20240902-Orix_Buffaloes-Tohoku_Rakuten_Golden_Eagles,2024-09-02 18:00:00,2024,Orix Buffaloes,Tohoku Rakuten Golden Eagles,2.0,5.0,Final,楽天モバイル
20240903-Chunichi_Dragons-Hanshin_Tigers,2024-09-03 18:00:00,2024,Chunichi Dragons,Hanshin Tigers,1.0,4.0,Final,甲子園
20240903-Hiroshima_Toyo_Carp-Yokohama_DeNA_BayStars,2024-09-03 18:00:00,2024,Hiroshima Toyo Carp,Yokohama DeNA BayStars,1.0,5.0,Final,横 浜
20240903-Hokkaido_Nippon-Ham_Fighters-Fukuoka_SoftBank_Hawks,2024-09-03 18:00:00,2024,Hokkaido Nippon-Ham Fighters,Fukuoka SoftBank Hawks,6.0,3.0,Final,みずほPayPay
20240903-Saitama_Seibu_Lions-Orix_Buffaloes,2024-09-03 18:00:00,2024,Saitama Seibu Lions,Orix Buffaloes,2.0,3.0,Final,ほっと神戸
20240903-Tokyo_Yakult_Swallows-Yomiuri_Giants,2024-09-03 18:00:00,2024,Tokyo Yakult Swallows,Yomiuri Giants,4.0,3.0,Final,京セラD大阪
20240904-Chunichi_Dragons-Hanshin_Tigers,2024-09-04 18:00:00,2024,Chunichi Dragons,Hanshin Tigers,4.0,9.0,Final,甲子園
20240904-Hiroshima_Toyo_Carp-Yokohama_DeNA_BayStars,2024-09-04 18:00:00,2024,Hiroshima Toyo Carp,Yokohama DeNA BayStars,1.0,6.0,Final,横 浜
20240904-Hokkaido_Nippon-Ham_Fighters-Fukuoka_SoftBank_Hawks,2024-09-04 18:00:00,2024,Hokkaido Nippon-Ham Fighters,Fukuoka SoftBank Hawks,8.0,5.0,Final,みずほPayPay
20240904-Saitama_Seibu_Lions-Orix_Buffaloes,2024-09-04 18:00:00,2024,Saitama Seibu Lions,Orix Buffaloes,0.0,4.0,Final,ほっと神戸
20240904-Tokyo_Yakult_Swallows-Yomiuri_Giants,2024-09-04 18:00:00,2024,Tokyo Yakult Swallows,Yomiuri Giants,3.0,0.0,Final,京セラD大阪
20240905-Chunichi_Dragons-Hanshin_Tigers,2024-09-05 18:00:00,2024,Chunichi Dragons,Hanshin Tigers,1.0,2.0,Final,甲子園
20240905-Hiroshima_Toyo_Carp-Yokohama_DeNA_BayStars,2024-09-05 18:00:00,2024,Hiroshima Toyo Carp,Yokohama DeNA BayStars,3.0,4.0,Final,横 浜
20240905-Tohoku_Rakuten_Golden_Eagles-Chiba_Lotte_Marines,2024-09-05 18:00:00,2024,Tohoku Rakuten Golden Eagles,Chiba Lotte Marines,1.0,3.0,Final,ZOZOマリン
20240905-Tokyo_Yakult_Swallows-Yomiuri_Giants,2024-09-05 18:00:00,2024,Tokyo Yakult Swallows,Yomiuri Giants,0.0,3.0,Final,岐 阜
20240906-Chunichi_Dragons-Hiroshima_Toyo_Carp,2024-09-06 18:00:00,2024,Chunichi Dragons,Hiroshima Toyo Carp,3.0,0.0,Final,マツダスタジアム
20240906-Hanshin_Tigers-Tokyo_Yakult_Swallows,2024-09-06 18:00:00,2024,Hanshin Tigers,Tokyo Yakult Swallows,9.0,1.0,Final,神 宮
20240906-Orix_Buffaloes-Hokkaido_Nippon-Ham_Fighters,2024-09-06 18:00:00,2024,Orix Buffaloes,Hokkaido Nippon-Ham Fighters,2.0,3.0,Final,エスコンＦ
20240906-Saitama_Seibu_Lions-Fukuoka_SoftBank_Hawks,2024-09-06 18:00:00,2024,Saitama Seibu Lions,Fukuoka SoftBank Hawks,1.0,0.0,Final,みずほPayPay
20240906-Tohoku_Rakuten_Golden_Eagles-Chiba_Lotte_Marines,2024-09-06 18:00:00,2024,Tohoku Rakuten Golden Eagles,Chiba Lotte Marines,2.0,1.0,Final,ZOZOマリン
20240907-Chunichi_Dragons-Hiroshima_Toyo_Carp,2024-09-07 14:00:00,2024,Chunichi Dragons,Hiroshima Toyo Carp,1.0,2.0,Final,マツダスタジアム
20240907-Orix_Buffaloes-Hokkaido_Nippon-Ham_Fighters,2024-09-07 14:00:00,2024,Orix Buffaloes,Hokkaido Nippon-Ham Fighters,1.0,5.0,Final,エスコンＦ
20240907-Saitama_Seibu_Lions-Fukuoka_SoftBank_Hawks,2024-09-07 14:00:00,2024,Saitama Seibu Lions,Fukuoka SoftBank Hawks,3.0,2.0,Final,みずほPayPay
20240907-Yokohama_DeNA_BayStars-Yomiuri_Giants,2024-09-07 14:00:00,2024,Yokohama DeNA BayStars,Yomiuri Giants,2.0,3.0,Final,東京ドーム
20240907-Hanshin_Tigers-Tokyo_Yakult_Swallows,2024-09-07 18:00:00,2024,Hanshin Tigers,Tokyo Yakult Swallows,6.0,0.0,Final,神 宮
20240907-Tohoku_Rakuten_Golden_Eagles-Chiba_Lotte_Marines,2024-09-07 18:00:00,2024,Tohoku Rakuten Golden Eagles,Chiba Lotte Marines,4.0,1.0,Final,ZOZOマリン
20240908-Orix_Buffaloes-Hokkaido_Nippon-Ham_Fighters,2024-09-08 13:00:00,2024,Orix Buffaloes,Hokkaido Nippon-Ham Fighters,5.0,4.0,Final,エスコンＦ
20240908-Saitama_Seibu_Lions-Fukuoka_SoftBank_Hawks,2024-09-08 13:00:00,2024,Saitama Seibu Lions,Fukuoka SoftBank Hawks,1.0,3.0,Final,みずほPayPay
20240908-Chunichi_Dragons-Hiroshima_Toyo_Carp,2024-09-08 13:30:00,2024,Chunichi Dragons,Hiroshima Toyo Carp,4.0,3.0,Final,マツダスタジアム
20240908-Yokohama_DeNA_BayStars-Yomiuri_Giants,2024-09-08 14:00:00,2024,Yokohama DeNA BayStars,Yomiuri Giants,8.0,0.0,Final,東京ドーム
20240908-Hanshin_Tigers-Tokyo_Yakult_Swallows,2024-09-08 17:00:00,2024,Hanshin Tigers,Tokyo Yakult Swallows,3.0,5.0,Final,神 宮
20240908-Tohoku_Rakuten_Golden_Eagles-Chiba_Lotte_Marines,2024-09-08 17:00:00,2024,Tohoku Rakuten Golden Eagles,Chiba Lotte Marines,5.0,9.0,Final,ZOZOマリン
20240910-Chiba_Lotte_Marines-Orix_Buffaloes,2024-09-10 18:00:00,2024,Chiba Lotte Marines,Orix Buffaloes,4.0,1.0,Final,京セラD大阪
20240910-Fukuoka_SoftBank_Hawks-Tohoku_Rakuten_Golden_Eagles,2024-09-10 18:00:00,2024,Fukuoka SoftBank Hawks,Tohoku Rakuten Golden Eagles,4.0,1.0,Final,楽天モバイル
20240910-Saitama_Seibu_Lions-Hokkaido_Nippon-Ham_Fighters,2024-09-10 18:00:00,2024,Saitama Seibu Lions,Hokkaido Nippon-Ham Fighters,0.0,1.0,Final,エスコンＦ
20240910-Tokyo_Yakult_Swallows-Chunichi_Dragons,2024-09-10 18:00:00,2024,Tokyo Yakult Swallows,Chunichi Dragons,1.0,3.0,Final,バンテリンドーム
20240910-Yokohama_DeNA_BayStars-Hanshin_Tigers,2024-09-10 18:00:00,2024,Yokohama DeNA BayStars,Hanshin Tigers,2.0,7.0,Final,甲子園
20240910-Yomiuri_Giants-Hiroshima_Toyo_Carp,2024-09-10 18:00:00,2024,Yomiuri Giants,Hiroshima Toyo Carp,6.0,1.0,Final,マツダスタジアム
20240911-Chiba_Lotte_Marines-Orix_Buffaloes,2024-09-11 18:00:00,2024,Chiba Lotte Marines,Orix Buffaloes,12.0,3.0,Final,京セラD大阪
20240911-Fukuoka_SoftBank_Hawks-Tohoku_Rakuten_Golden_Eagles,2024-09-11 18:00:00,2024,Fukuoka SoftBank Hawks,Tohoku Rakuten Golden Eagles,9.0,2.0,Final,楽天モバイル
20240911-Saitama_Seibu_Lions-Hokkaido_Nippon-Ham_Fighters,2024-09-11 18:00:00,2024,Saitama Seibu Lions,Hokkaido Nippon-Ham Fighters,2.0,3.0,Final,エスコンＦ
20240911-Tokyo_Yakult_Swallows-Chunichi_Dragons,2024-09-11 18:00:00,2024,Tokyo Yakult Swallows,Chunichi Dragons,8.0,1.0,Final,バンテリンドーム
20240911-Yokohama_DeNA_BayStars-Hanshin_Tigers,2024-09-11 18:00:00,2024,Yokohama DeNA BayStars,Hanshin Tigers,4.0,3.0,Final,甲子園
20240911-Yomiuri_Giants-Hiroshima_Toyo_Carp,2024-09-11 18:00:00,2024,Yomiuri Giants,Hiroshima Toyo Carp,9.0,2.0,Final,マツダスタジアム
20240912-Tohoku_Rakuten_Golden_Eagles-Saitama_Seibu_Lions,2024-09-12 18:00:00,2024,Tohoku Rakuten Golden Eagles,Saitama Seibu Lions,7.0,3.0,Final,ベルーナドーム
20240912-Tokyo_Yakult_Swallows-Chunichi_Dragons,2024-09-12 18:00:00,2024,Tokyo Yakult Swallows,Chunichi Dragons,9.0,4.0,Final,バンテリンドーム
20240912-Yokohama_DeNA_BayStars-Hanshin_Tigers,2024-09-12 18:00:00,2024,Yokohama DeNA BayStars,Hanshin Tigers,,,Postponed,甲子園
20240912-Yomiuri_Giants-Hiroshima_Toyo_Carp,2024-09-12 18:00:00,2024,Yomiuri Giants,Hiroshima Toyo Carp,5.0,0.0,Final,マツダスタジアム
20240913-Chiba_Lotte_Marines-Saitama_Seibu_Lions,2024-09-13 18:00:00,2024,Chiba Lotte Marines,Saitama Seibu Lions,6.0,7.0,Final,ベルーナドーム
20240913-Chunichi_Dragons-Yokohama_DeNA_BayStars,2024-09-13 18:00:00,2024,Chunichi Dragons,Yokohama DeNA BayStars,2.0,5.0,Final,横 浜
20240913-Fukuoka_SoftBank_Hawks-Orix_Buffaloes,2024-09-13 18:00:00,2024,Fukuoka SoftBank Hawks,Orix Buffaloes,8.0,3.0,Final,京セラD大阪
20240913-Hiroshima_Toyo_Carp-Hanshin_Tigers,2024-09-13 18:00:00,2024,Hiroshima Toyo Carp,Hanshin Tigers,3.0,7.0,Final,甲子園
20240913-Yomiuri_Giants-Tokyo_Yakult_Swallows,2024-09-13 18:00:00,2024,Yomiuri Giants,Tokyo Yakult Swallows,2.0,7.0,Final,神 宮
20240914-Hokkaido_Nippon-Ham_Fighters-Tohoku_Rakuten_Golden_Eagles,2024-09-14 13:00:00,2024,Hokkaido Nippon-Ham Fighters,Tohoku Rakuten Golden Eagles,5.0,7.0,Final,楽天モバイル
20240914-Chunichi_Dragons-Yokohama_DeNA_BayStars,2024-09-14 14:00:00,2024,Chunichi Dragons,Yokohama DeNA BayStars,4.0,2.0,Final,横 浜
20240914-Hiroshima_Toyo_Carp-Hanshin_Tigers,2024-09-14 14:00:00,2024,Hiroshima Toyo Carp,Hanshin Tigers,3.0,4.0,Final,甲子園
20240914-Chiba_Lotte_Marines-Saitama_Seibu_Lions,2024-09-14 18:00:00,2024,Chiba Lotte Marines,Saitama Seibu Lions,1.0,0.0,Final,ベルーナドーム
20240914-Fukuoka_SoftBank_Hawks-Orix_Buffaloes,2024-09-14 18:00:00,2024,Fukuoka SoftBank Hawks,Orix Buffaloes,10.0,1.0,Final,京セラD大阪
20240914-Tokyo_Yakult_Swallows-Yomiuri_Giants,2024-09-14 18:00:00,2024,Tokyo Yakult Swallows,Yomiuri Giants,4.0,1.0,Final,東京ドーム
20240915-Fukuoka_SoftBank_Hawks-Orix_Buffaloes,2024-09-15 13:00:00,2024,Fukuoka SoftBank Hawks,Orix Buffaloes,3.0,0.0,Final,京セラD大阪
20240915-Hokkaido_Nippon-Ham_Fighters-Tohoku_Rakuten_Golden_Eagles,2024-09-15 13:00:00,2024,Hokkaido Nippon-Ham Fighters,Tohoku Rakuten Golden Eagles,,,Postponed,楽天モバイル
20240915-Chiba_Lotte_Marines-Saitama_Seibu_Lions,2024-09-15 18:00:00,2024,Chiba Lotte Marines,Saitama Seibu Lions,1.0,7.0,Final,ベルーナドーム
20240915-Chunichi_Dragons-Yomiuri_Giants,2024-09-15 18:00:00,2024,Chunichi Dragons,Yomiuri Giants,3.0,6.0,Final,東京ドーム
20240915-Tokyo_Yakult_Swallows-Hanshin_Tigers,2024-09-15 18:00:00,2024,Tokyo Yakult Swallows,Hanshin Tigers,1.0,2.0,Final,甲子園
20240915-Yokohama_DeNA_BayStars-Hiroshima_Toyo_Carp,2024-09-15 18:00:00,2024,Yokohama DeNA BayStars,Hiroshima Toyo Carp,2.0,10.0,Final,マツダスタジアム
20240916-Chiba_Lotte_Marines-Saitama_Seibu_Lions,2024-09-16 13:00:00,2024,Chiba Lotte Marines,Saitama Seibu Lions,0.0,1.0,Final,ベルーナドーム
20240916-Hokkaido_Nippon-Ham_Fighters-Tohoku_Rakuten_Golden_Eagles,2024-09-16 13:00:00,2024,Hokkaido Nippon-Ham Fighters,Tohoku Rakuten Golden Eagles,5.0,6.0,Final,楽天モバイル
20240916-Chunichi_Dragons-Yomiuri_Giants,2024-09-16 14:00:00,2024,Chunichi Dragons,Yomiuri Giants,1.0,7.0,Final,東京ドーム
20240916-Fukuoka_SoftBank_Hawks-Orix_Buffaloes,2024-09-16 14:00:00,2024,Fukuoka SoftBank Hawks,Orix Buffaloes,1.0,0.0,Final,京セラD大阪
20240916-Tokyo_Yakult_Swallows-Hanshin_Tigers,2024-09-16 14:00:00,2024,Tokyo Yakult Swallows,Hanshin Tigers,0.0,3.0,Final,甲子園
20240916-Yokohama_DeNA_BayStars-Hiroshima_Toyo_Carp,2024-09-16 14:00:00,2024,Yokohama DeNA BayStars,Hiroshima Toyo Carp,11.0,2.0,Final,マツダスタジアム
20240917-Chiba_Lotte_Marines-Tohoku_Rakuten_Golden_Eagles,2024-09-17 18:00:00,2024,Chiba Lotte Marines,Tohoku Rakuten Golden Eagles,4.0,5.0,Final,楽天モバイル
20240917-Hokkaido_Nippon-Ham_Fighters-Fukuoka_SoftBank_Hawks,2024-09-17 18:00:00,2024,Hokkaido Nippon-Ham Fighters,Fukuoka SoftBank Hawks,3.0,2.0,Final,みずほPayPay
20240918-Chiba_Lotte_Marines-Tohoku_Rakuten_Golden_Eagles,2024-09-18 18:00:00,2024,Chiba Lotte Marines,Tohoku Rakuten Golden Eagles,1.0,8.0,Final,楽天モバイル
20240918-Hanshin_Tigers-Chunichi_Dragons,2024-09-18 18:00:00,2024,Hanshin Tigers,Chunichi Dragons,8.0,3.0,Final,バンテリンドーム
20240918-Hiroshima_Toyo_Carp-Tokyo_Yakult_Swallows,2024-09-18 18:00:00,2024,Hiroshima Toyo Carp,Tokyo Yakult Swallows,4.0,5.0,Final,神 宮
20240918-Hokkaido_Nippon-Ham_Fighters-Fukuoka_SoftBank_Hawks,2024-09-18 18:00:00,2024,Hokkaido Nippon-Ham Fighters,Fukuoka SoftBank Hawks,3.0,0.0,Final,みずほPayPay
20240918-Orix_Buffaloes-Saitama_Seibu_Lions,2024-09-18 18:00:00,2024,Orix Buffaloes,Saitama Seibu Lions,1.0,3.0,Final,ベルーナドーム
20240918-Yokohama_DeNA_BayStars-Yomiuri_Giants,2024-09-18 18:00:00,2024,Yokohama DeNA BayStars,Yomiuri Giants,2.0,2.0,Final,東京ドーム
20240919-Hiroshima_Toyo_Carp-Tokyo_Yakult_Swallows,2024-09-19 18:00:00,2024,Hiroshima Toyo Carp,Tokyo Yakult Swallows,1.0,5.0,Final,神 宮
20240919-Yokohama_DeNA_BayStars-Yomiuri_Giants,2024-09-19 18:00:00,2024,Yokohama DeNA BayStars,Yomiuri Giants,0.0,6.0,Final,東京ドーム
20240920-Chunichi_Dragons-Tokyo_Yakult_Swallows,2024-09-20 18:00:00,2024,Chunichi Dragons,Tokyo Yakult Swallows,7.0,6.0,Final,神 宮
20240920-Hanshin_Tigers-Yokohama_DeNA_BayStars,2024-09-20 18:00:00,2024,Hanshin Tigers,Yokohama DeNA BayStars,6.0,9.0,Final,横 浜
20240920-Orix_Buffaloes-Fukuoka_SoftBank_Hawks,2024-09-20 18:00:00,2024,Orix Buffaloes,Fukuoka SoftBank Hawks,0.0,4.0,Final,みずほPayPay
20240920-Tohoku_Rakuten_Golden_Eagles-Hokkaido_Nippon-Ham_Fighters,2024-09-20 18:00:00,2024,Tohoku Rakuten Golden Eagles,Hokkaido Nippon-Ham Fighters,3.0,7.0,Final,エスコンＦ
20240920-Yomiuri_Giants-Hiroshima_Toyo_Carp,2024-09-20 18:00:00,2024,Yomiuri Giants,Hiroshima Toyo Carp,8.0,2.0,Final,マツダスタジアム
20240921-Hanshin_Tigers-Yokohama_DeNA_BayStars,2024-09-21 14:00:00,2024,Hanshin Tigers,Yokohama DeNA BayStars,6.0,5.0,Final,横 浜
20240921-Yomiuri_Giants-Hiroshima_Toyo_Carp,2024-09-21 14:00:00,2024,Yomiuri Giants,Hiroshima Toyo Carp,4.0,5.0,Final,マツダスタジアム
20240921-Chunichi_Dragons-Tokyo_Yakult_Swallows,2024-09-21 18:00:00,2024,Chunichi Dragons,Tokyo Yakult Swallows,7.0,6.0,Final,神 宮
20240921-Hokkaido_Nippon-Ham_Fighters-Orix_Buffaloes,2024-09-21 18:00:00,2024,Hokkaido Nippon-Ham Fighters,Orix Buffaloes,1.0,2.0,Final,京セラD大阪
20240921-Saitama_Seibu_Lions-Chiba_Lotte_Marines,2024-09-21 18:00:00,2024,Saitama Seibu Lions,Chiba Lotte Marines,1.0,7.0,Final,ZOZOマリン
20240921-Tohoku_Rakuten_Golden_Eagles-Fukuoka_SoftBank_Hawks,2024-09-21 18:00:00,2024,Tohoku Rakuten Golden Eagles,Fukuoka SoftBank Hawks,2.0,3.0,Final,みずほPayPay
20240922-Tohoku_Rakuten_Golden_Eagles-Fukuoka_SoftBank_Hawks,2024-09-22 13:00:00,2024,Tohoku Rakuten Golden Eagles,Fukuoka SoftBank Hawks,5.0,11.0,Final,みずほPayPay
20240922-Tokyo_Yakult_Swallows-Yokohama_DeNA_BayStars,2024-09-22 14:00:00,2024,Tokyo Yakult Swallows,Yokohama DeNA BayStars,3.0,6.0,Final,横 浜
20240922-Hiroshima_Toyo_Carp-Chunichi_Dragons,2024-09-22 18:00:00,2024,Hiroshima Toyo Carp,Chunichi Dragons,1.0,2.0,Final,バンテリンドーム
20240922-Hokkaido_Nippon-Ham_Fighters-Orix_Buffaloes,2024-09-22 18:00:00,2024,Hokkaido Nippon-Ham Fighters,Orix Buffaloes,3.0,2.0,Final,京セラD大阪
20240922-Saitama_Seibu_Lions-Chiba_Lotte_Marines,2024-09-22 18:00:00,2024,Saitama Seibu Lions,Chiba Lotte Marines,2.0,7.0,Final,ZOZOマリン
20240922-Yomiuri_Giants-Hanshin_Tigers,2024-09-22 18:00:00,2024,Yomiuri Giants,Hanshin Tigers,0.0,1.0,Final,甲子園
20240923-Hiroshima_Toyo_Carp-Chunichi_Dragons,2024-09-23 14:00:00,2024,Hiroshima Toyo Carp,Chunichi Dragons,0.0,1.0,Final,バンテリンドーム
20240923-Tokyo_Yakult_Swallows-Yokohama_DeNA_BayStars,2024-09-23 14:00:00,2024,Tokyo Yakult Swallows,Yokohama DeNA BayStars,4.0,3.0,Final,横 浜
20240923-Yomiuri_Giants-Hanshin_Tigers,2024-09-23 14:00:00,2024,Yomiuri Giants,Hanshin Tigers,1.0,0.0,Final,甲子園
20240923-Tohoku_Rakuten_Golden_Eagles-Chiba_Lotte_Marines,2024-09-23 17:00:00,2024,Tohoku Rakuten Golden Eagles,Chiba Lotte Marines,6.0,0.0,Final,ZOZOマリン
20240923-Fukuoka_SoftBank_Hawks-Orix_Buffaloes,2024-09-23 18:00:00,2024,Fukuoka SoftBank Hawks,Orix Buffaloes,9.0,4.0,Final,京セラD大阪
20240923-Hokkaido_Nippon-Ham_Fighters-Saitama_Seibu_Lions,2024-09-23 18:00:00,2024,Hokkaido Nippon-Ham Fighters,Saitama Seibu Lions,4.0,6.0,Final,ベルーナドーム
20240924-Saitama_Seibu_Lions-Orix_Buffaloes,2024-09-24 18:00:00,2024,Saitama Seibu Lions,Orix Buffaloes,9.0,2.0,Final,京セラD大阪
20240925-Saitama_Seibu_Lions-Fukuoka_SoftBank_Hawks,2024-09-25 18:00:00,2024,Saitama Seibu Lions,Fukuoka SoftBank Hawks,0.0,2.0,Final,みずほPayPay
20240925-Tohoku_Rakuten_Golden_Eagles-Hokkaido_Nippon-Ham_Fighters,2024-09-25 18:00:00,2024,Tohoku Rakuten Golden Eagles,Hokkaido Nippon-Ham Fighters,3.0,1.0,Final,エスコンＦ
20240925-Tokyo_Yakult_Swallows-Hiroshima_Toyo_Carp,2024-09-25 18:00:00,2024,Tokyo Yakult Swallows,Hiroshima Toyo Carp,3.0,1.0,Final,マツダスタジアム
20240925-Yomiuri_Giants-Yokohama_DeNA_BayStars,2024-09-25 18:00:00,2024,Yomiuri Giants,Yokohama DeNA BayStars,0.0,1.0,Final,横 浜
20240926-Orix_Buffaloes-Chiba_Lotte_Marines,2024-09-26 18:00:00,2024,Orix Buffaloes,Chiba Lotte Marines,4.0,2.0,Final,ZOZOマリン
20240926-Saitama_Seibu_Lions-Fukuoka_SoftBank_Hawks,2024-09-26 18:00:00,2024,Saitama Seibu Lions,Fukuoka SoftBank Hawks,4.0,2.0,Final,みずほPayPay
20240926-Tohoku_Rakuten_Golden_Eagles-Hokkaido_Nippon-Ham_Fighters,2024-09-26 18:00:00,2024,Tohoku Rakuten Golden Eagles,Hokkaido Nippon-Ham Fighters,1.0,2.0,Final,エスコンＦ
20240926-Tokyo_Yakult_Swallows-Hiroshima_Toyo_Carp,2024-09-26 18:00:00,2024,Tokyo Yakult Swallows,Hiroshima Toyo Carp,6.0,4.0,Final,マツダスタジアム
20240926-Yomiuri_Giants-Yokohama_DeNA_BayStars,2024-09-26 18:00:00,2024,Yomiuri Giants,Yokohama DeNA BayStars,12.0,4.0,Final,横 浜
20240927-Chunichi_Dragons-Yomiuri_Giants,2024-09-27 18:00:00,2024,Chunichi Dragons,Yomiuri Giants,1.0,3.0,Final,東京ドーム
20240927-Hanshin_Tigers-Hiroshima_Toyo_Carp,2024-09-27 18:00:00,2024,Hanshin Tigers,Hiroshima Toyo Carp,2.0,3.0,Final,マツダスタジアム
20240928-Chiba_Lotte_Marines-Saitama_Seibu_Lions,2024-09-28 13:00:00,2024,Chiba Lotte Marines,Saitama Seibu Lions,5.0,1.0,Final,ベルーナドーム
20240928-Orix_Buffaloes-Tohoku_Rakuten_Golden_Eagles,2024-09-28 13:00:00,2024,Orix Buffaloes,Tohoku Rakuten Golden Eagles,5.0,2.0,Final,楽天モバイル
20240928-Fukuoka_SoftBank_Hawks-Hokkaido_Nippon-Ham_Fighters,2024-09-28 14:00:00,2024,Fukuoka SoftBank Hawks,Hokkaido Nippon-Ham Fighters,6.0,7.0,Final,エスコンＦ
20240928-Hanshin_Tigers-Tokyo_Yakult_Swallows,2024-09-28 18:00:00,2024,Hanshin Tigers,Tokyo Yakult Swallows,2.0,7.0,Final,神 宮
20240928-Yomiuri_Giants-Hiroshima_Toyo_Carp,2024-09-28 18:00:00,2024,Yomiuri Giants,Hiroshima Toyo Carp,8.0,1.0,Final,マツダスタジアム
20240929-Fukuoka_SoftBank_Hawks-Hokkaido_Nippon-Ham_Fighters,2024-09-29 13:00:00,2024,Fukuoka SoftBank Hawks,Hokkaido Nippon-Ham Fighters,6.0,2.0,Final,エスコンＦ
20240929-Orix_Buffaloes-Tohoku_Rakuten_Golden_Eagles,2024-09-29 13:00:00,2024,Orix Buffaloes,Tohoku Rakuten Golden Eagles,8.0,1.0,Final,楽天モバイル
20240929-Chiba_Lotte_Marines-Saitama_Seibu_Lions,2024-09-29 14:00:00,2024,Chiba Lotte Marines,Saitama Seibu Lions,2.0,0.0,Final,ベルーナドーム
20240929-Chunichi_Dragons-Hiroshima_Toyo_Carp,2024-09-29 14:00:00,2024,Chunichi Dragons,Hiroshima Toyo Carp,4.0,3.0,Final,マツダスタジアム
20240929-Yokohama_DeNA_BayStars-Hanshin_Tigers,2024-09-29 18:00:00,2024,Yokohama DeNA BayStars,Hanshin Tigers,6.0,7.0,Final,甲子園
20240929-Yomiuri_Giants-Tokyo_Yakult_Swallows,2024-09-29 18:00:00,2024,Yomiuri Giants,Tokyo Yakult Swallows,4.0,5.0,Final,神 宮
20240930-Chiba_Lotte_Marines-Tohoku_Rakuten_Golden_Eagles,2024-09-30 18:00:00,2024,Chiba Lotte Marines,Tohoku Rakuten Golden Eagles,2.0,1.0,Final,楽天モバイル
20240930-Hokkaido_Nippon-Ham_Fighters-Saitama_Seibu_Lions,2024-09-30 18:00:00,2024,Hokkaido Nippon-Ham Fighters,Saitama Seibu Lions,0.0,8.0,Final,ベルーナドーム
20240930-Orix_Buffaloes-Fukuoka_SoftBank_Hawks,2024-09-30 18:00:00,2024,Orix Buffaloes,Fukuoka SoftBank Hawks,0.0,1.0,Final,みずほPayPay
20240930-Yokohama_DeNA_BayStars-Hanshin_Tigers,2024-09-30 18:00:00,2024,Yokohama DeNA BayStars,Hanshin Tigers,2.0,0.0,Final,甲子園
20241001-Chiba_Lotte_Marines-Tohoku_Rakuten_Golden_Eagles,2024-10-01 18:00:00,2024,Chiba Lotte Marines,Tohoku Rakuten Golden Eagles,5.0,1.0,Final,楽天モバイル
20241001-Hiroshima_Toyo_Carp-Yokohama_DeNA_BayStars,2024-10-01 18:00:00,2024,Hiroshima Toyo Carp,Yokohama DeNA BayStars,1.0,3.0,Final,横 浜
20241001-Hokkaido_Nippon-Ham_Fighters-Saitama_Seibu_Lions,2024-10-01 18:00:00,2024,Hokkaido Nippon-Ham Fighters,Saitama Seibu Lions,0.0,4.0,Final,ベルーナドーム
20241001-Orix_Buffaloes-Fukuoka_SoftBank_Hawks,2024-10-01 18:00:00,2024,Orix Buffaloes,Fukuoka SoftBank Hawks,6.0,8.0,Final,みずほPayPay
20241002-Hiroshima_Toyo_Carp-Tokyo_Yakult_Swallows,2024-10-02 18:00:00,2024,Hiroshima Toyo Carp,Tokyo Yakult Swallows,3.0,5.0,Final,神 宮
20241002-Yokohama_DeNA_BayStars-Yomiuri_Giants,2024-10-02 18:00:00,2024,Yokohama DeNA BayStars,Yomiuri Giants,2.0,4.0,Final,東京ドーム
20241003-Hanshin_Tigers-Yokohama_DeNA_BayStars,2024-10-03 18:00:00,2024,Hanshin Tigers,Yokohama DeNA BayStars,3.0,1.0,Final,横 浜
20241003-Hiroshima_Toyo_Carp-Tokyo_Yakult_Swallows,2024-10-03 18:00:00,2024,Hiroshima Toyo Carp,Tokyo Yakult Swallows,5.0,2.0,Final,神 宮
20241003-Hokkaido_Nippon-Ham_Fighters-Chiba_Lotte_Marines,2024-10-03 18:00:00,2024,Hokkaido Nippon-Ham Fighters,Chiba Lotte Marines,3.0,0.0,Final,ZOZOマリン
20241003-Tohoku_Rakuten_Golden_Eagles-Fukuoka_SoftBank_Hawks,2024-10-03 18:00:00,2024,Tohoku Rakuten Golden Eagles,Fukuoka SoftBank Hawks,2.0,4.0,Final,みずほPayPay
20241004-Chiba_Lotte_Marines-Fukuoka_SoftBank_Hawks,2024-10-04 18:00:00,2024,Chiba Lotte Marines,Fukuoka SoftBank Hawks,0.0,1.0,Final,みずほPayPay
20241004-Saitama_Seibu_Lions-Tohoku_Rakuten_Golden_Eagles,2024-10-04 18:00:00,2024,Saitama Seibu Lions,Tohoku Rakuten Golden Eagles,,,Postponed,楽天モバイル
20241004-Yokohama_DeNA_BayStars-Chunichi_Dragons,2024-10-04 18:00:00,2024,Yokohama DeNA BayStars,Chunichi Dragons,3.0,1.0,Final,バンテリンドーム
20241005-Yokohama_DeNA_BayStars-Chunichi_Dragons,2024-10-05 14:00:00,2024,Yokohama DeNA BayStars,Chunichi Dragons,3.0,4.0,Final,バンテリンドーム
20241005-Hokkaido_Nippon-Ham_Fighters-Tohoku_Rakuten_Golden_Eagles,2024-10-05 18:00:00,2024,Hokkaido Nippon-Ham Fighters,Tohoku Rakuten Golden Eagles,3.0,2.0,Final,楽天モバイル
20241005-Tokyo_Yakult_Swallows-Hiroshima_Toyo_Carp,2024-10-05 18:00:00,2024,Tokyo Yakult Swallows,Hiroshima Toyo Carp,1.0,3.0,Final,マツダスタジアム
20241006-Yokohama_DeNA_BayStars-Chunichi_Dragons,2024-10-06 13:30:00,2024,Yokohama DeNA BayStars,Chunichi Dragons,2.0,0.0,Final,バンテリンドーム
20241006-Orix_Buffaloes-Tohoku_Rakuten_Golden_Eagles,2024-10-06 18:00:00,2024,Orix Buffaloes,Tohoku Rakuten Golden Eagles,8.0,1.0,Final,楽天モバイル
20241007-Hokkaido_Nippon-Ham_Fighters-Tohoku_Rakuten_Golden_Eagles,2024-10-07 18:00:00,2024,Hokkaido Nippon-Ham Fighters,Tohoku Rakuten Golden Eagles,,,Postponed,楽天モバイル
20241008-Hokkaido_Nippon-Ham_Fighters-Tohoku_Rakuten_Golden_Eagles,2024-10-08 18:00:00,2024,Hokkaido Nippon-Ham Fighters,Tohoku Rakuten Golden Eagles,0.0,2.0,Final,楽天モバイル
20241009-Saitama_Seibu_Lions-Tohoku_Rakuten_Golden_Eagles,2024-10-09 18:00:00,2024,Saitama Seibu Lions,Tohoku Rakuten Golden Eagles,2.0,2.0,Final,楽天モバイル
20241012-Chiba_Lotte_Marines-Hokkaido_Nippon-Ham_Fighters,2024-10-12 14:00:00,2024,Chiba Lotte Marines,Hokkaido Nippon-Ham Fighters,2.0,0.0,Final,エスコンＦ
20241012-Yokohama_DeNA_BayStars-Hanshin_Tigers,2024-10-12 14:00:00,2024,Yokohama DeNA BayStars,Hanshin Tigers,3.0,1.0,Final,甲子園
20241013-Chiba_Lotte_Marines-Hokkaido_Nippon-Ham_Fighters,2024-10-13 14:00:00,2024,Chiba Lotte Marines,Hokkaido Nippon-Ham Fighters,2.0,3.0,Final,エスコンＦ
20241013-Yokohama_DeNA_BayStars-Hanshin_Tigers,2024-10-13 14:00:00,2024,Yokohama DeNA BayStars,Hanshin Tigers,10.0,3.0,Final,甲子園
20241014-Chiba_Lotte_Marines-Hokkaido_Nippon-Ham_Fighters,2024-10-14 14:00:00,2024,Chiba Lotte Marines,Hokkaido Nippon-Ham Fighters,2.0,5.0,Final,エスコンＦ
20241016-Hokkaido_Nippon-Ham_Fighters-Fukuoka_SoftBank_Hawks,2024-10-16 18:00:00,2024,Hokkaido Nippon-Ham Fighters,Fukuoka SoftBank Hawks,2.0,5.0,Final,みずほPayPay
20241016-Yokohama_DeNA_BayStars-Yomiuri_Giants,2024-10-16 18:00:00,2024,Yokohama DeNA BayStars,Yomiuri Giants,2.0,0.0,Final,東京ドーム
20241017-Hokkaido_Nippon-Ham_Fighters-Fukuoka_SoftBank_Hawks,2024-10-17 18:00:00,2024,Hokkaido Nippon-Ham Fighters,Fukuoka SoftBank Hawks,2.0,7.0,Final,みずほPayPay
20241017-Yokohama_DeNA_BayStars-Yomiuri_Giants,2024-10-17 18:00:00,2024,Yokohama DeNA BayStars,Yomiuri Giants,2.0,1.0,Final,東京ドーム
20241018-Hokkaido_Nippon-Ham_Fighters-Fukuoka_SoftBank_Hawks,2024-10-18 18:00:00,2024,Hokkaido Nippon-Ham Fighters,Fukuoka SoftBank Hawks,2.0,3.0,Final,みずほPayPay
20241018-Yokohama_DeNA_BayStars-Yomiuri_Giants,2024-10-18 18:00:00,2024,Yokohama DeNA BayStars,Yomiuri Giants,2.0,1.0,Final,東京ドーム
20241019-Yokohama_DeNA_BayStars-Yomiuri_Giants,2024-10-19 18:00:00,2024,Yokohama DeNA BayStars,Yomiuri Giants,1.0,4.0,Final,東京ドーム
20241020-Yokohama_DeNA_BayStars-Yomiuri_Giants,2024-10-20 18:00:00,2024,Yokohama DeNA BayStars,Yomiuri Giants,0.0,1.0,Final,東京ドーム
20241021-Yokohama_DeNA_BayStars-Yomiuri_Giants,2024-10-21 18:00:00,2024,Yokohama DeNA BayStars,Yomiuri Giants,3.0,2.0,Final,東京ドーム
20241026-Fukuoka_SoftBank_Hawks-Yokohama_DeNA_BayStars,2024-10-26 18:30:00,2024,Fukuoka SoftBank Hawks,Yokohama DeNA BayStars,5.0,3.0,Final,横 浜
20241027-Fukuoka_SoftBank_Hawks-Yokohama_DeNA_BayStars,2024-10-27 18:00:00,2024,Fukuoka SoftBank Hawks,Yokohama DeNA BayStars,6.0,3.0,Final,横 浜
20241029-Yokohama_DeNA_BayStars-Fukuoka_SoftBank_Hawks,2024-10-29 18:30:00,2024,Yokohama DeNA BayStars,Fukuoka SoftBank Hawks,4.0,1.0,Final,みずほPayPay
20241030-Yokohama_DeNA_BayStars-Fukuoka_SoftBank_Hawks,2024-10-30 18:30:00,2024,Yokohama DeNA BayStars,Fukuoka SoftBank Hawks,5.0,0.0,Final,みずほPayPay
20241031-Yokohama_DeNA_BayStars-Fukuoka_SoftBank_Hawks,2024-10-31 18:00:00,2024,Yokohama DeNA BayStars,Fukuoka SoftBank Hawks,7.0,0.0,Final,みずほPayPay
20250328-Hanshin_Tigers-Hiroshima_Toyo_Carp,2025-03-28 18:00:00,2025,Hanshin Tigers,Hiroshima Toyo Carp,4,0,Final,マツダスタジアム
20250328-Hokkaido_Nippon-Ham_Fighters-Saitama_Seibu_Lions,2025-03-28 18:00:00,2025,Hokkaido Nippon-Ham Fighters,Saitama Seibu Lions,2,0,Final,ベルーナドーム
20250328-Tokyo_Yakult_Swallows-Yomiuri_Giants,2025-03-28 18:15:00,2025,Tokyo Yakult Swallows,Yomiuri Giants,5,6,Final,東京ドーム
20250328-Chiba_Lotte_Marines-Fukuoka_SoftBank_Hawks,2025-03-28 18:30:00,2025,Chiba Lotte Marines,Fukuoka SoftBank Hawks,8,2,Final,みずほPayPay
20250328-Chunichi_Dragons-Yokohama_DeNA_BayStars,2025-03-28 18:30:00,2025,Chunichi Dragons,Yokohama DeNA BayStars,0,5,Final,横 浜
20250328-Tohoku_Rakuten_Golden_Eagles-Orix_Buffaloes,2025-03-28 18:30:00,2025,Tohoku Rakuten Golden Eagles,Orix Buffaloes,2,3,Final,京セラD大阪
20250329-Chiba_Lotte_Marines-Fukuoka_SoftBank_Hawks,2025-03-29 14:00:00,2025,Chiba Lotte Marines,Fukuoka SoftBank Hawks,5,4,Final,みずほPayPay
20250329-Chunichi_Dragons-Yokohama_DeNA_BayStars,2025-03-29 14:00:00,2025,Chunichi Dragons,Yokohama DeNA BayStars,1,0,Final,横 浜
20250329-Hanshin_Tigers-Hiroshima_Toyo_Carp,2025-03-29 14:00:00,2025,Hanshin Tigers,Hiroshima Toyo Carp,3,2,Final,マツダスタジアム
20250329-Hokkaido_Nippon-Ham_Fighters-Saitama_Seibu_Lions,2025-03-29 14:00:00,2025,Hokkaido Nippon-Ham Fighters,Saitama Seibu Lions,3,2,Final,ベルーナドーム
20250329-Tohoku_Rakuten_Golden_Eagles-Orix_Buffaloes,2025-03-29 14:00:00,2025,Tohoku Rakuten Golden Eagles,Orix Buffaloes,5,4,Final,京セラD大阪
20250329-Tokyo_Yakult_Swallows-Yomiuri_Giants,2025-03-29 14:00:00,2025,Tokyo Yakult Swallows,Yomiuri Giants,0,12,Final,東京ドーム
20250330-Chiba_Lotte_Marines-Fukuoka_SoftBank_Hawks,2025-03-30 13:00:00,2025,Chiba Lotte Marines,Fukuoka SoftBank Hawks,7,4,Final,みずほPayPay
20250330-Hokkaido_Nippon-Ham_Fighters-Saitama_Seibu_Lions,2025-03-30 13:00:00,2025,Hokkaido Nippon-Ham Fighters,Saitama Seibu Lions,7,5,Final,ベルーナドーム
20250330-Tohoku_Rakuten_Golden_Eagles-Orix_Buffaloes,2025-03-30 13:00:00,2025,Tohoku Rakuten Golden Eagles,Orix Buffaloes,1,6,Final,京セラD大阪
20250330-Hanshin_Tigers-Hiroshima_Toyo_Carp,2025-03-30 13:30:00,2025,Hanshin Tigers,Hiroshima Toyo Carp,0,2,Final,マツダスタジアム
20250330-Chunichi_Dragons-Yokohama_DeNA_BayStars,2025-03-30 14:00:00,2025,Chunichi Dragons,Yokohama DeNA BayStars,1,2,Final,横 浜
20250330-Tokyo_Yakult_Swallows-Yomiuri_Giants,2025-03-30 14:00:00,2025,Tokyo Yakult Swallows,Yomiuri Giants,0,3,Final,東京ドーム
20250401-Saitama_Seibu_Lions-Tohoku_Rakuten_Golden_Eagles,2025-04-01 16:00:00,2025,Saitama Seibu Lions,Tohoku Rakuten Golden Eagles,,,Postponed,楽天モバイル
20250401-Hiroshima_Toyo_Carp-Tokyo_Yakult_Swallows,2025-04-01 18:00:00,2025,Hiroshima Toyo Carp,Tokyo Yakult Swallows,,,Postponed,神 宮
20250401-Yokohama_DeNA_BayStars-Hanshin_Tigers,2025-04-01 18:00:00,2025,Yokohama DeNA BayStars,Hanshin Tigers,7.0,1.0,Final,京セラD大阪
20250401-Yomiuri_Giants-Chunichi_Dragons,2025-04-01 18:15:00,2025,Yomiuri Giants,Chunichi Dragons,2.0,3.0,Final,バンテリンドーム
20250401-Fukuoka_SoftBank_Hawks-Hokkaido_Nippon-Ham_Fighters,2025-04-01 18:30:00,2025,Fukuoka SoftBank Hawks,Hokkaido Nippon-Ham Fighters,5.0,1.0,Final,エスコンＦ
20250401-Orix_Buffaloes-Chiba_Lotte_Marines,2025-04-01 18:30:00,2025,Orix Buffaloes,Chiba Lotte Marines,,,Postponed,ZOZOマリン
20250402-Saitama_Seibu_Lions-Tohoku_Rakuten_Golden_Eagles,2025-04-02 13:00:00,2025,Saitama Seibu Lions,Tohoku Rakuten Golden Eagles,,,Postponed,楽天モバイル
20250402-Orix_Buffaloes-Chiba_Lotte_Marines,2025-04-02 14:00:00,2025,Orix Buffaloes,Chiba Lotte Marines,3.0,2.0,Final,ZOZOマリン
20250402-Hiroshima_Toyo_Carp-Tokyo_Yakult_Swallows,2025-04-02 18:00:00,2025,Hiroshima Toyo Carp,Tokyo Yakult Swallows,4.0,5.0,Final,神 宮
20250402-Yokohama_DeNA_BayStars-Hanshin_Tigers,2025-04-02 18:00:00,2025,Yokohama DeNA BayStars,Hanshin Tigers,6.0,6.0,Final,京セラD大阪
20250402-Yomiuri_Giants-Chunichi_Dragons,2025-04-02 18:00:00,2025,Yomiuri Giants,Chunichi Dragons,2.0,0.0,Final,バンテリンドーム
20250402-Fukuoka_SoftBank_Hawks-Hokkaido_Nippon-Ham_Fighters,2025-04-02 18:30:00,2025,Fukuoka SoftBank Hawks,Hokkaido Nippon-Ham Fighters,1.0,3.0,Final,エスコンＦ
20250403-Saitama_Seibu_Lions-Tohoku_Rakuten_Golden_Eagles,2025-04-03 13:00:00,2025,Saitama Seibu Lions,Tohoku Rakuten Golden Eagles,1.0,4.0,Final,楽天モバイル
20250403-Orix_Buffaloes-Chiba_Lotte_Marines,2025-04-03 14:00:00,2025,Orix Buffaloes,Chiba Lotte Marines,3.0,2.0,Final,ZOZOマリン
20250403-Hiroshima_Toyo_Carp-Tokyo_Yakult_Swallows,2025-04-03 18:00:00,2025,Hiroshima Toyo Carp,Tokyo Yakult Swallows,0.0,3.0,Final,神 宮
20250403-Yokohama_DeNA_BayStars-Hanshin_Tigers,2025-04-03 18:00:00,2025,Yokohama DeNA BayStars,Hanshin Tigers,5.0,2.0,Final,京セラD大阪
20250403-Yomiuri_Giants-Chunichi_Dragons,2025-04-03 18:00:00,2025,Yomiuri Giants,Chunichi Dragons,5.0,3.0,Final,バンテリンドーム
20250404-Chunichi_Dragons-Tokyo_Yakult_Swallows,2025-04-04 18:00:00,2025,Chunichi Dragons,Tokyo Yakult Swallows,1.0,1.0,Final,神 宮
20250404-Hanshin_Tigers-Yomiuri_Giants,2025-04-04 18:00:00,2025,Hanshin Tigers,Yomiuri Giants,7.0,2.0,Final,東京ドーム
20250404-Orix_Buffaloes-Hokkaido_Nippon-Ham_Fighters,2025-04-04 18:00:00,2025,Orix Buffaloes,Hokkaido Nippon-Ham Fighters,4.0,3.0,Final,エスコンＦ
20250404-Saitama_Seibu_Lions-Fukuoka_SoftBank_Hawks,2025-04-04 18:00:00,2025,Saitama Seibu Lions,Fukuoka SoftBank Hawks,6.0,0.0,Final,みずほPayPay
20250404-Tohoku_Rakuten_Golden_Eagles-Chiba_Lotte_Marines,2025-04-04 18:00:00,2025,Tohoku Rakuten Golden Eagles,Chiba Lotte Marines,3.0,1.0,Final,ZOZOマリン
20250404-Yokohama_DeNA_BayStars-Hiroshima_Toyo_Carp,2025-04-04 18:00:00,2025,Yokohama DeNA BayStars,Hiroshima Toyo Carp,2.0,8.0,Final,マツダスタジアム
20250405-Chunichi_Dragons-Tokyo_Yakult_Swallows,2025-04-05 14:00:00,2025,Chunichi Dragons,Tokyo Yakult Swallows,0.0,2.0,Final,神 宮
20250405-Hanshin_Tigers-Yomiuri_Giants,2025-04-05 14:00:00,2025,Hanshin Tigers,Yomiuri Giants,4.0,3.0,Final,東京ドーム
20250405-Orix_Buffaloes-Hokkaido_Nippon-Ham_Fighters,2025-04-05 14:00:00,2025,Orix Buffaloes,Hokkaido Nippon-Ham Fighters,11.0,1.0,Final,エスコンＦ
20250405-Saitama_Seibu_Lions-Fukuoka_SoftBank_Hawks,2025-04-05 14:00:00,2025,Saitama Seibu Lions,Fukuoka SoftBank Hawks,6.0,3.0,Final,みずほPayPay
20250405-Tohoku_Rakuten_Golden_Eagles-Chiba_Lotte_Marines,2025-04-05 14:00:00,2025,Tohoku Rakuten Golden Eagles,Chiba Lotte Marines,0.0,1.0,Final,ZOZOマリン
20250405-Yokohama_DeNA_BayStars-Hiroshima_Toyo_Carp,2025-04-05 14:00:00,2025,Yokohama DeNA BayStars,Hiroshima Toyo Carp,7.0,8.0,Final,マツダスタジアム
20250406-Hanshin_Tigers-Yomiuri_Giants,2025-04-06 13:00:00,2025,Hanshin Tigers,Yomiuri Giants,1.0,0.0,Final,東京ドーム
20250406-Orix_Buffaloes-Hokkaido_Nippon-Ham_Fighters,2025-04-06 13:00:00,2025,Orix Buffaloes,Hokkaido Nippon-Ham Fighters,6.0,4.0,Final,エスコンＦ
20250406-Saitama_Seibu_Lions-Fukuoka_SoftBank_Hawks,2025-04-06 13:00:00,2025,Saitama Seibu Lions,Fukuoka SoftBank Hawks,1.0,11.0,Final,みずほPayPay
20250406-Chunichi_Dragons-Tokyo_Yakult_Swallows,2025-04-06 13:30:00,2025,Chunichi Dragons,Tokyo Yakult Swallows,6.0,5.0,Final,神 宮
20250406-Yokohama_DeNA_BayStars-Hiroshima_Toyo_Carp,2025-04-06 13:30:00,2025,Yokohama DeNA BayStars,Hiroshima Toyo Carp,6.0,7.0,Final,マツダスタジアム
20250406-Tohoku_Rakuten_Golden_Eagles-Chiba_Lotte_Marines,2025-04-06 14:00:00,2025,Tohoku Rakuten Golden Eagles,Chiba Lotte Marines,5.0,0.0,Final,ZOZOマリン
20250408-Chiba_Lotte_Marines-Saitama_Seibu_Lions,2025-04-08 18:00:00,2025,Chiba Lotte Marines,Saitama Seibu Lions,7.0,3.0,Final,ベルーナドーム
20250408-Fukuoka_SoftBank_Hawks-Orix_Buffaloes,2025-04-08 18:00:00,2025,Fukuoka SoftBank Hawks,Orix Buffaloes,5.0,2.0,Final,京セラD大阪
20250408-Hiroshima_Toyo_Carp-Chunichi_Dragons,2025-04-08 18:00:00,2025,Hiroshima Toyo Carp,Chunichi Dragons,1.0,1.0,Final,岐 阜
20250408-Hokkaido_Nippon-Ham_Fighters-Tohoku_Rakuten_Golden_Eagles,2025-04-08 18:00:00,2025,Hokkaido Nippon-Ham Fighters,Tohoku Rakuten Golden Eagles,5.0,2.0,Final,楽天モバイル
20250408-Tokyo_Yakult_Swallows-Hanshin_Tigers,2025-04-08 18:00:00,2025,Tokyo Yakult Swallows,Hanshin Tigers,1.0,0.0,Final,甲子園
20250408-Yomiuri_Giants-Yokohama_DeNA_BayStars,2025-04-08 18:00:00,2025,Yomiuri Giants,Yokohama DeNA BayStars,3.0,3.0,Final,横 浜
20250409-Chiba_Lotte_Marines-Saitama_Seibu_Lions,2025-04-09 18:00:00,2025,Chiba Lotte Marines,Saitama Seibu Lions,0.0,2.0,Final,県営大宮
20250409-Fukuoka_SoftBank_Hawks-Orix_Buffaloes,2025-04-09 18:00:00,2025,Fukuoka SoftBank Hawks,Orix Buffaloes,10.0,9.0,Final,京セラD大阪
20250409-Hiroshima_Toyo_Carp-Chunichi_Dragons,2025-04-09 18:00:00,2025,Hiroshima Toyo Carp,Chunichi Dragons,1.0,3.0,Final,バンテリンドーム
20250409-Hokkaido_Nippon-Ham_Fighters-Tohoku_Rakuten_Golden_Eagles,2025-04-09 18:00:00,2025,Hokkaido Nippon-Ham Fighters,Tohoku Rakuten Golden Eagles,8.0,2.0,Final,楽天モバイル
20250409-Tokyo_Yakult_Swallows-Hanshin_Tigers,2025-04-09 18:00:00,2025,Tokyo Yakult Swallows,Hanshin Tigers,5.0,3.0,Final,甲子園
20250409-Yomiuri_Giants-Yokohama_DeNA_BayStars,2025-04-09 18:00:00,2025,Yomiuri Giants,Yokohama DeNA BayStars,6.0,3.0,Final,横 浜
20250410-Fukuoka_SoftBank_Hawks-Orix_Buffaloes,2025-04-10 18:00:00,2025,Fukuoka SoftBank Hawks,Orix Buffaloes,1.0,1.0,Final,京セラD大阪
20250410-Hiroshima_Toyo_Carp-Chunichi_Dragons,2025-04-10 18:00:00,2025,Hiroshima Toyo Carp,Chunichi Dragons,2.0,1.0,Final,バンテリンドーム
20250410-Hokkaido_Nippon-Ham_Fighters-Tohoku_Rakuten_Golden_Eagles,2025-04-10 18:00:00,2025,Hokkaido Nippon-Ham Fighters,Tohoku Rakuten Golden Eagles,10.0,0.0,Final,楽天モバイル
20250410-Tokyo_Yakult_Swallows-Hanshin_Tigers,2025-04-10 18:00:00,2025,Tokyo Yakult Swallows,Hanshin Tigers,,,Postponed,甲子園
20250411-Chunichi_Dragons-Hanshin_Tigers,2025-04-11 18:00:00,2025,Chunichi Dragons,Hanshin Tigers,3.0,6.0,Final,甲子園
20250411-Fukuoka_SoftBank_Hawks-Chiba_Lotte_Marines,2025-04-11 18:00:00,2025,Fukuoka SoftBank Hawks,Chiba Lotte Marines,5.0,4.0,Final,ZOZOマリン
20250411-Orix_Buffaloes-Tohoku_Rakuten_Golden_Eagles,2025-04-11 18:00:00,2025,Orix Buffaloes,Tohoku Rakuten Golden Eagles,4.0,1.0,Final,楽天モバイル
20250411-Saitama_Seibu_Lions-Hokkaido_Nippon-Ham_Fighters,2025-04-11 18:00:00,2025,Saitama Seibu Lions,Hokkaido Nippon-Ham Fighters,0.0,2.0,Final,エスコンＦ
20250411-Tokyo_Yakult_Swallows-Yokohama_DeNA_BayStars,2025-04-11 18:00:00,2025,Tokyo Yakult Swallows,Yokohama DeNA BayStars,,,Postponed,横 浜
20250411-Yomiuri_Giants-Hiroshima_Toyo_Carp,2025-04-11 18:00:00,2025,Yomiuri Giants,Hiroshima Toyo Carp,3.0,12.0,Final,マツダスタジアム
20250412-Chunichi_Dragons-Hanshin_Tigers,2025-04-12 14:00:00,2025,Chunichi Dragons,Hanshin Tigers,3.0,2.0,Final,甲子園
20250412-Fukuoka_SoftBank_Hawks-Chiba_Lotte_Marines,2025-04-12 14:00:00,2025,Fukuoka SoftBank Hawks,Chiba Lotte Marines,8.0,0.0,Final,ZOZOマリン
20250412-Orix_Buffaloes-Tohoku_Rakuten_Golden_Eagles,2025-04-12 14:00:00,2025,Orix Buffaloes,Tohoku Rakuten Golden Eagles,4.0,2.0,Final,楽天モバイル
20250412-Saitama_Seibu_Lions-Hokkaido_Nippon-Ham_Fighters,2025-04-12 14:00:00,2025,Saitama Seibu Lions,Hokkaido Nippon-Ham Fighters,2.0,1.0,Final,エスコンＦ
20250412-Tokyo_Yakult_Swallows-Yokohama_DeNA_BayStars,2025-04-12 14:00:00,2025,Tokyo Yakult Swallows,Yokohama DeNA BayStars,4.0,5.0,Final,横 浜
20250412-Yomiuri_Giants-Hiroshima_Toyo_Carp,2025-04-12 14:00:00,2025,Yomiuri Giants,Hiroshima Toyo Carp,0.0,1.0,Final,マツダスタジアム
20250413-Orix_Buffaloes-Tohoku_Rakuten_Golden_Eagles,2025-04-13 13:00:00,2025,Orix Buffaloes,Tohoku Rakuten Golden Eagles,6.0,1.0,Final,楽天モバイル
20250413-Saitama_Seibu_Lions-Hokkaido_Nippon-Ham_Fighters,2025-04-13 13:00:00,2025,Saitama Seibu Lions,Hokkaido Nippon-Ham Fighters,7.0,2.0,Final,エスコンＦ
20250413-Yomiuri_Giants-Hiroshima_Toyo_Carp,2025-04-13 13:30:00,2025,Yomiuri Giants,Hiroshima Toyo Carp,3.0,5.0,Final,マツダスタジアム
20250413-Chunichi_Dragons-Hanshin_Tigers,2025-04-13 14:00:00,2025,Chunichi Dragons,Hanshin Tigers,,,Postponed,甲子園
20250413-Fukuoka_SoftBank_Hawks-Chiba_Lotte_Marines,2025-04-13 14:00:00,2025,Fukuoka SoftBank Hawks,Chiba Lotte Marines,,,Postponed,ZOZOマリン
20250413-Tokyo_Yakult_Swallows-Yokohama_DeNA_BayStars,2025-04-13 14:00:00,2025,Tokyo Yakult Swallows,Yokohama DeNA BayStars,,,Postponed,横 浜
20250415-Chunichi_Dragons-Hiroshima_Toyo_Carp,2025-04-15 18:00:00,2025,Chunichi Dragons,Hiroshima Toyo Carp,1.0,7.0,Final,マツダスタジアム
20250415-Hanshin_Tigers-Tokyo_Yakult_Swallows,2025-04-15 18:00:00,2025,Hanshin Tigers,Tokyo Yakult Swallows,5.0,1.0,Final,松 山
20250415-Hokkaido_Nippon-Ham_Fighters-Chiba_Lotte_Marines,2025-04-15 18:00:00,2025,Hokkaido Nippon-Ham Fighters,Chiba Lotte Marines,9.0,3.0,Final,ZOZOマリン
20250415-Saitama_Seibu_Lions-Orix_Buffaloes,2025-04-15 18:00:00,2025,Saitama Seibu Lions,Orix Buffaloes,0.0,2.0,Final,京セラD大阪
20250415-Tohoku_Rakuten_Golden_Eagles-Fukuoka_SoftBank_Hawks,2025-04-15 18:00:00,2025,Tohoku Rakuten Golden Eagles,Fukuoka SoftBank Hawks,2.0,1.0,Final,みずほPayPay
20250415-Yokohama_DeNA_BayStars-Yomiuri_Giants,2025-04-15 18:00:00,2025,Yokohama DeNA BayStars,Yomiuri Giants,0.0,1.0,Final,東京ドーム
20250416-Chunichi_Dragons-Hiroshima_Toyo_Carp,2025-04-16 18:00:00,2025,Chunichi Dragons,Hiroshima Toyo Carp,2.0,0.0,Final,マツダスタジアム
20250416-Hokkaido_Nippon-Ham_Fighters-Chiba_Lotte_Marines,2025-04-16 18:00:00,2025,Hokkaido Nippon-Ham Fighters,Chiba Lotte Marines,0.0,4.0,Final,ZOZOマリン
20250416-Saitama_Seibu_Lions-Orix_Buffaloes,2025-04-16 18:00:00,2025,Saitama Seibu Lions,Orix Buffaloes,5.0,0.0,Final,京セラD大阪
20250416-Tohoku_Rakuten_Golden_Eagles-Fukuoka_SoftBank_Hawks,2025-04-16 18:00:00,2025,Tohoku Rakuten Golden Eagles,Fukuoka SoftBank Hawks,6.0,2.0,Final,みずほPayPay
20250416-Yokohama_DeNA_BayStars-Yomiuri_Giants,2025-04-16 18:00:00,2025,Yokohama DeNA BayStars,Yomiuri Giants,0.0,5.0,Final,東京ドーム
20250417-Hanshin_Tigers-Tokyo_Yakult_Swallows,2025-04-17 18:00:00,2025,Hanshin Tigers,Tokyo Yakult Swallows,7.0,5.0,Final,神 宮
20250417-Saitama_Seibu_Lions-Orix_Buffaloes,2025-04-17 18:00:00,2025,Saitama Seibu Lions,Orix Buffaloes,3.0,2.0,Final,京セラD大阪
20250417-Tohoku_Rakuten_Golden_Eagles-Fukuoka_SoftBank_Hawks,2025-04-17 18:00:00,2025,Tohoku Rakuten Golden Eagles,Fukuoka SoftBank Hawks,4.0,3.0,Final,みずほPayPay
20250417-Yokohama_DeNA_BayStars-Yomiuri_Giants,2025-04-17 18:00:00,2025,Yokohama DeNA BayStars,Yomiuri Giants,9.0,1.0,Final,東京ドーム
20250418-Chiba_Lotte_Marines-Tohoku_Rakuten_Golden_Eagles,2025-04-18 18:00:00,2025,Chiba Lotte Marines,Tohoku Rakuten Golden Eagles,4.0,1.0,Final,楽天モバイル
20250418-Fukuoka_SoftBank_Hawks-Saitama_Seibu_Lions,2025-04-18 18:00:00,2025,Fukuoka SoftBank Hawks,Saitama Seibu Lions,1.0,2.0,Final,ベルーナドーム
20250418-Hiroshima_Toyo_Carp-Hanshin_Tigers,2025-04-18 18:00:00,2025,Hiroshima Toyo Carp,Hanshin Tigers,5.0,2.0,Final,甲子園
20250418-Hokkaido_Nippon-Ham_Fighters-Orix_Buffaloes,2025-04-18 18:00:00,2025,Hokkaido Nippon-Ham Fighters,Orix Buffaloes,1.0,2.0,Final,京セラD大阪
20250418-Yomiuri_Giants-Tokyo_Yakult_Swallows,2025-04-18 18:00:00,2025,Yomiuri Giants,Tokyo Yakult Swallows,7.0,2.0,Final,神 宮
20250419-Hiroshima_Toyo_Carp-Hanshin_Tigers,2025-04-19 14:00:00,2025,Hiroshima Toyo Carp,Hanshin Tigers,3.0,0.0,Final,甲子園
20250419-Hokkaido_Nippon-Ham_Fighters-Orix_Buffaloes,2025-04-19 14:00:00,2025,Hokkaido Nippon-Ham Fighters,Orix Buffaloes,7.0,4.0,Final,京セラD大阪
20250419-Yokohama_DeNA_BayStars-Chunichi_Dragons,2025-04-19 14:00:00,2025,Yokohama DeNA BayStars,Chunichi Dragons,2.0,3.0,Final,バンテリンドーム
20250419-Chiba_Lotte_Marines-Tohoku_Rakuten_Golden_Eagles,2025-04-19 16:00:00,2025,Chiba Lotte Marines,Tohoku Rakuten Golden Eagles,1.0,2.0,Final,楽天モバイル
20250419-Fukuoka_SoftBank_Hawks-Saitama_Seibu_Lions,2025-04-19 18:00:00,2025,Fukuoka SoftBank Hawks,Saitama Seibu Lions,0.0,1.0,Final,ベルーナドーム
20250419-Yomiuri_Giants-Tokyo_Yakult_Swallows,2025-04-19 18:00:00,2025,Yomiuri Giants,Tokyo Yakult Swallows,6.0,4.0,Final,神 宮
20250420-Chiba_Lotte_Marines-Tohoku_Rakuten_Golden_Eagles,2025-04-20 13:00:00,2025,Chiba Lotte Marines,Tohoku Rakuten Golden Eagles,1.0,4.0,Final,楽天モバイル
20250420-Fukuoka_SoftBank_Hawks-Saitama_Seibu_Lions,2025-04-20 13:00:00,2025,Fukuoka SoftBank Hawks,Saitama Seibu Lions,3.0,1.0,Final,ベルーナドーム
20250420-Hokkaido_Nippon-Ham_Fighters-Orix_Buffaloes,2025-04-20 13:00:00,2025,Hokkaido Nippon-Ham Fighters,Orix Buffaloes,2.0,0.0,Final,京セラD大阪
20250420-Yokohama_DeNA_BayStars-Chunichi_Dragons,2025-04-20 13:30:00,2025,Yokohama DeNA BayStars,Chunichi Dragons,0.0,2.0,Final,バンテリンドーム
20250420-Hiroshima_Toyo_Carp-Hanshin_Tigers,2025-04-20 14:00:00,2025,Hiroshima Toyo Carp,Hanshin Tigers,1.0,8.0,Final,甲子園
20250420-Yomiuri_Giants-Tokyo_Yakult_Swallows,2025-04-20 18:00:00,2025,Yomiuri Giants,Tokyo Yakult Swallows,2.0,3.0,Final,神 宮
20250422-Hanshin_Tigers-Yokohama_DeNA_BayStars,2025-04-22 17:45:00,2025,Hanshin Tigers,Yokohama DeNA BayStars,4.0,2.0,Final,横 浜
20250422-Chunichi_Dragons-Yomiuri_Giants,2025-04-22 18:00:00,2025,Chunichi Dragons,Yomiuri Giants,1.0,8.0,Final,東京ドーム
20250422-Orix_Buffaloes-Fukuoka_SoftBank_Hawks,2025-04-22 18:00:00,2025,Orix Buffaloes,Fukuoka SoftBank Hawks,5.0,5.0,Final,みずほPayPay
20250422-Saitama_Seibu_Lions-Chiba_Lotte_Marines,2025-04-22 18:00:00,2025,Saitama Seibu Lions,Chiba Lotte Marines,1.0,2.0,Final,ZOZOマリン
20250422-Tohoku_Rakuten_Golden_Eagles-Hokkaido_Nippon-Ham_Fighters,2025-04-22 18:00:00,2025,Tohoku Rakuten Golden Eagles,Hokkaido Nippon-Ham Fighters,4.0,2.0,Final,エスコンＦ
20250422-Tokyo_Yakult_Swallows-Hiroshima_Toyo_Carp,2025-04-22 18:00:00,2025,Tokyo Yakult Swallows,Hiroshima Toyo Carp,,,Postponed,マツダスタジアム
20250423-Hanshin_Tigers-Yokohama_DeNA_BayStars,2025-04-23 17:45:00,2025,Hanshin Tigers,Yokohama DeNA BayStars,3.0,2.0,Final,横 浜
20250423-Chunichi_Dragons-Yomiuri_Giants,2025-04-23 18:00:00,2025,Chunichi Dragons,Yomiuri Giants,0.0,2.0,Final,東京ドーム
20250423-Orix_Buffaloes-Fukuoka_SoftBank_Hawks,2025-04-23 18:00:00,2025,Orix Buffaloes,Fukuoka SoftBank Hawks,2.0,6.0,Final,みずほPayPay
20250423-Saitama_Seibu_Lions-Chiba_Lotte_Marines,2025-04-23 18:00:00,2025,Saitama Seibu Lions,Chiba Lotte Marines,2.0,5.0,Final,ZOZOマリン
20250423-Tohoku_Rakuten_Golden_Eagles-Hokkaido_Nippon-Ham_Fighters,2025-04-23 18:00:00,2025,Tohoku Rakuten Golden Eagles,Hokkaido Nippon-Ham Fighters,8.0,3.0,Final,エスコンＦ
20250423-Tokyo_Yakult_Swallows-Hiroshima_Toyo_Carp,2025-04-23 18:00:00,2025,Tokyo Yakult Swallows,Hiroshima Toyo Carp,1.0,7.0,Final,マツダスタジアム
20250424-Hanshin_Tigers-Yokohama_DeNA_BayStars,2025-04-24 17:45:00,2025,Hanshin Tigers,Yokohama DeNA BayStars,4.0,2.0,Final,横 浜
20250425-Chiba_Lotte_Marines-Hokkaido_Nippon-Ham_Fighters,2025-04-25 18:00:00,2025,Chiba Lotte Marines,Hokkaido Nippon-Ham Fighters,2.0,1.0,Final,エスコンＦ
20250425-Fukuoka_SoftBank_Hawks-Tohoku_Rakuten_Golden_Eagles,2025-04-25 18:00:00,2025,Fukuoka SoftBank Hawks,Tohoku Rakuten Golden Eagles,1.0,0.0,Final,楽天モバイル
20250425-Hiroshima_Toyo_Carp-Yokohama_DeNA_BayStars,2025-04-25 18:00:00,2025,Hiroshima Toyo Carp,Yokohama DeNA BayStars,1.0,2.0,Final,横 浜
20250425-Orix_Buffaloes-Saitama_Seibu_Lions,2025-04-25 18:00:00,2025,Orix Buffaloes,Saitama Seibu Lions,6.0,2.0,Final,ベルーナドーム
20250425-Tokyo_Yakult_Swallows-Chunichi_Dragons,2025-04-25 18:00:00,2025,Tokyo Yakult Swallows,Chunichi Dragons,6.0,4.0,Final,バンテリンドーム
20250425-Yomiuri_Giants-Hanshin_Tigers,2025-04-25 18:00:00,2025,Yomiuri Giants,Hanshin Tigers,1.0,4.0,Final,甲子園
20250426-Chiba_Lotte_Marines-Hokkaido_Nippon-Ham_Fighters,2025-04-26 14:00:00,2025,Chiba Lotte Marines,Hokkaido Nippon-Ham Fighters,1.0,2.0,Final,エスコンＦ
20250426-Fukuoka_SoftBank_Hawks-Tohoku_Rakuten_Golden_Eagles,2025-04-26 14:00:00,2025,Fukuoka SoftBank Hawks,Tohoku Rakuten Golden Eagles,3.0,6.0,Final,楽天モバイル
20250426-Hiroshima_Toyo_Carp-Yokohama_DeNA_BayStars,2025-04-26 14:00:00,2025,Hiroshima Toyo Carp,Yokohama DeNA BayStars,0.0,2.0,Final,横 浜
20250426-Orix_Buffaloes-Saitama_Seibu_Lions,2025-04-26 14:00:00,2025,Orix Buffaloes,Saitama Seibu Lions,0.0,3.0,Final,ベルーナドーム
20250426-Tokyo_Yakult_Swallows-Chunichi_Dragons,2025-04-26 14:00:00,2025,Tokyo Yakult Swallows,Chunichi Dragons,2.0,5.0,Final,バンテリンドーム
20250426-Yomiuri_Giants-Hanshin_Tigers,2025-04-26 14:00:00,2025,Yomiuri Giants,Hanshin Tigers,2.0,6.0,Final,甲子園
20250427-Chiba_Lotte_Marines-Hokkaido_Nippon-Ham_Fighters,2025-04-27 13:00:00,2025,Chiba Lotte Marines,Hokkaido Nippon-Ham Fighters,5.0,3.0,Final,エスコンＦ
20250427-Fukuoka_SoftBank_Hawks-Tohoku_Rakuten_Golden_Eagles,2025-04-27 13:00:00,2025,Fukuoka SoftBank Hawks,Tohoku Rakuten Golden Eagles,2.0,3.0,Final,楽天モバイル
20250427-Orix_Buffaloes-Saitama_Seibu_Lions,2025-04-27 13:00:00,2025,Orix Buffaloes,Saitama Seibu Lions,2.0,3.0,Final,ベルーナドーム
20250427-Tokyo_Yakult_Swallows-Chunichi_Dragons,2025-04-27 13:30:00,2025,Tokyo Yakult Swallows,Chunichi Dragons,6.0,2.0,Final,バンテリンドーム
20250427-Hiroshima_Toyo_Carp-Yokohama_DeNA_BayStars,2025-04-27 14:00:00,2025,Hiroshima Toyo Carp,Yokohama DeNA BayStars,1.0,2.0,Final,横 浜
20250427-Yomiuri_Giants-Hanshin_Tigers,2025-04-27 14:00:00,2025,Yomiuri Giants,Hanshin Tigers,2.0,1.0,Final,甲子園
20250429-Chiba_Lotte_Marines-Orix_Buffaloes,2025-04-29 13:00:00,2025,Chiba Lotte Marines,Orix Buffaloes,2.0,3.0,Final,京セラD大阪
20250429-Yokohama_DeNA_BayStars-Tokyo_Yakult_Swallows,2025-04-29 13:30:00,2025,Yokohama DeNA BayStars,Tokyo Yakult Swallows,6.0,1.0,Final,神 宮
20250429-Hanshin_Tigers-Chunichi_Dragons,2025-04-29 14:00:00,2025,Hanshin Tigers,Chunichi Dragons,1.0,4.0,Final,バンテリンドーム
20250429-Hiroshima_Toyo_Carp-Yomiuri_Giants,2025-04-29 14:00:00,2025,Hiroshima Toyo Carp,Yomiuri Giants,3.0,4.0,Final,東京ドーム
20250429-Tohoku_Rakuten_Golden_Eagles-Saitama_Seibu_Lions,2025-04-29 14:00:00,2025,Tohoku Rakuten Golden Eagles,Saitama Seibu Lions,1.0,7.0,Final,ベルーナドーム
20250429-Hokkaido_Nippon-Ham_Fighters-Fukuoka_SoftBank_Hawks,2025-04-29 18:00:00,2025,Hokkaido Nippon-Ham Fighters,Fukuoka SoftBank Hawks,2.0,1.0,Final,みずほPayPay
20250430-Chiba_Lotte_Marines-Orix_Buffaloes,2025-04-30 18:00:00,2025,Chiba Lotte Marines,Orix Buffaloes,0.0,5.0,Final,京セラD大阪
20250430-Hanshin_Tigers-Chunichi_Dragons,2025-04-30 18:00:00,2025,Hanshin Tigers,Chunichi Dragons,4.0,5.0,Final,バンテリンドーム
20250430-Hiroshima_Toyo_Carp-Yomiuri_Giants,2025-04-30 18:00:00,2025,Hiroshima Toyo Carp,Yomiuri Giants,0.0,2.0,Final,東京ドーム
20250430-Hokkaido_Nippon-Ham_Fighters-Fukuoka_SoftBank_Hawks,2025-04-30 18:00:00,2025,Hokkaido Nippon-Ham Fighters,Fukuoka SoftBank Hawks,6.0,1.0,Final,みずほPayPay
20250430-Tohoku_Rakuten_Golden_Eagles-Saitama_Seibu_Lions,2025-04-30 18:00:00,2025,Tohoku Rakuten Golden Eagles,Saitama Seibu Lions,1.0,3.0,Final,ベルーナドーム
20250430-Yokohama_DeNA_BayStars-Tokyo_Yakult_Swallows,2025-04-30 18:00:00,2025,Yokohama DeNA BayStars,Tokyo Yakult Swallows,1.0,4.0,Final,神 宮
20250501-Hanshin_Tigers-Chunichi_Dragons,2025-05-01 18:00:00,2025,Hanshin Tigers,Chunichi Dragons,2.0,3.0,Final,バンテリンドーム
20250501-Hiroshima_Toyo_Carp-Yomiuri_Giants,2025-05-01 18:00:00,2025,Hiroshima Toyo Carp,Yomiuri Giants,3.0,4.0,Final,東京ドーム
20250501-Hokkaido_Nippon-Ham_Fighters-Fukuoka_SoftBank_Hawks,2025-05-01 18:00:00,2025,Hokkaido Nippon-Ham Fighters,Fukuoka SoftBank Hawks,3.0,2.0,Final,みずほPayPay
20250501-Tohoku_Rakuten_Golden_Eagles-Saitama_Seibu_Lions,2025-05-01 18:00:00,2025,Tohoku Rakuten Golden Eagles,Saitama Seibu Lions,1.0,2.0,Final,ベルーナドーム
20250501-Yokohama_DeNA_BayStars-Tokyo_Yakult_Swallows,2025-05-01 18:00:00,2025,Yokohama DeNA BayStars,Tokyo Yakult Swallows,3.0,0.0,Final,神 宮
20250502-Chiba_Lotte_Marines-Fukuoka_SoftBank_Hawks,2025-05-02 18:00:00,2025,Chiba Lotte Marines,Fukuoka SoftBank Hawks,3.0,4.0,Final,みずほPayPay
20250502-Chunichi_Dragons-Hiroshima_Toyo_Carp,2025-05-02 18:00:00,2025,Chunichi Dragons,Hiroshima Toyo Carp,4.0,2.0,Final,マツダスタジアム
20250502-Orix_Buffaloes-Tohoku_Rakuten_Golden_Eagles,2025-05-02 18:00:00,2025,Orix Buffaloes,Tohoku Rakuten Golden Eagles,,,Postponed,楽天モバイル
20250502-Tokyo_Yakult_Swallows-Hanshin_Tigers,2025-05-02 18:00:00,2025,Tokyo Yakult Swallows,Hanshin Tigers,0.0,4.0,Final,甲子園
20250502-Yomiuri_Giants-Yokohama_DeNA_BayStars,2025-05-02 18:00:00,2025,Yomiuri Giants,Yokohama DeNA BayStars,,,Postponed,横 浜
20250503-Chiba_Lotte_Marines-Fukuoka_SoftBank_Hawks,2025-05-03 14:00:00,2025,Chiba Lotte Marines,Fukuoka SoftBank Hawks,0.0,5.0,Final,みずほPayPay
20250503-Chunichi_Dragons-Hiroshima_Toyo_Carp,2025-05-03 14:00:00,2025,Chunichi Dragons,Hiroshima Toyo Carp,0.0,2.0,Final,マツダスタジアム
20250503-Orix_Buffaloes-Tohoku_Rakuten_Golden_Eagles,2025-05-03 14:00:00,2025,Orix Buffaloes,Tohoku Rakuten Golden Eagles,7.0,0.0,Final,楽天モバイル
20250503-Saitama_Seibu_Lions-Hokkaido_Nippon-Ham_Fighters,2025-05-03 14:00:00,2025,Saitama Seibu Lions,Hokkaido Nippon-Ham Fighters,4.0,3.0,Final,エスコンＦ
20250503-Tokyo_Yakult_Swallows-Hanshin_Tigers,2025-05-03 14:00:00,2025,Tokyo Yakult Swallows,Hanshin Tigers,1.0,7.0,Final,甲子園
20250503-Yomiuri_Giants-Yokohama_DeNA_BayStars,2025-05-03 14:00:00,2025,Yomiuri Giants,Yokohama DeNA BayStars,0.0,1.0,Final,横 浜
20250504-Chiba_Lotte_Marines-Fukuoka_SoftBank_Hawks,2025-05-04 13:00:00,2025,Chiba Lotte Marines,Fukuoka SoftBank Hawks,3.0,5.0,Final,みずほPayPay
20250504-Orix_Buffaloes-Tohoku_Rakuten_Golden_Eagles,2025-05-04 13:00:00,2025,Orix Buffaloes,Tohoku Rakuten Golden Eagles,3.0,14.0,Final,楽天モバイル
20250504-Saitama_Seibu_Lions-Hokkaido_Nippon-Ham_Fighters,2025-05-04 13:00:00,2025,Saitama Seibu Lions,Hokkaido Nippon-Ham Fighters,2.0,3.0,Final,エスコンＦ
20250504-Chunichi_Dragons-Hiroshima_Toyo_Carp,2025-05-04 13:30:00,2025,Chunichi Dragons,Hiroshima Toyo Carp,4.0,9.0,Final,マツダスタジアム
20250504-Tokyo_Yakult_Swallows-Hanshin_Tigers,2025-05-04 14:00:00,2025,Tokyo Yakult Swallows,Hanshin Tigers,5.0,2.0,Final,甲子園
20250504-Yomiuri_Giants-Yokohama_DeNA_BayStars,2025-05-04 14:00:00,2025,Yomiuri Giants,Yokohama DeNA BayStars,3.0,1.0,Final,横 浜
20250505-Yokohama_DeNA_BayStars-Chunichi_Dragons,2025-05-05 14:00:00,2025,Yokohama DeNA BayStars,Chunichi Dragons,2.0,1.0,Final,バンテリンドーム
20250505-Tohoku_Rakuten_Golden_Eagles-Chiba_Lotte_Marines,2025-05-05 15:00:00,2025,Tohoku Rakuten Golden Eagles,Chiba Lotte Marines,2.0,1.0,Final,ZOZOマリン
20250505-Fukuoka_SoftBank_Hawks-Saitama_Seibu_Lions,2025-05-05 18:00:00,2025,Fukuoka SoftBank Hawks,Saitama Seibu Lions,2.0,0.0,Final,ベルーナドーム
20250505-Hanshin_Tigers-Yomiuri_Giants,2025-05-05 18:00:00,2025,Hanshin Tigers,Yomiuri Giants,10.0,1.0,Final,東京ドーム
20250505-Hiroshima_Toyo_Carp-Tokyo_Yakult_Swallows,2025-05-05 18:00:00,2025,Hiroshima Toyo Carp,Tokyo Yakult Swallows,4.0,0.0,Final,神 宮
20250505-Hokkaido_Nippon-Ham_Fighters-Orix_Buffaloes,2025-05-05 18:00:00,2025,Hokkaido Nippon-Ham Fighters,Orix Buffaloes,0.0,1.0,Final,京セラD大阪
20250506-Fukuoka_SoftBank_Hawks-Saitama_Seibu_Lions,2025-05-06 14:00:00,2025,Fukuoka SoftBank Hawks,Saitama Seibu Lions,10.0,0.0,Final,ベルーナドーム
20250506-Hiroshima_Toyo_Carp-Tokyo_Yakult_Swallows,2025-05-06 14:00:00,2025,Hiroshima Toyo Carp,Tokyo Yakult Swallows,,,Postponed,神 宮
20250506-Hokkaido_Nippon-Ham_Fighters-Orix_Buffaloes,2025-05-06 14:00:00,2025,Hokkaido Nippon-Ham Fighters,Orix Buffaloes,7.0,3.0,Final,京セラD大阪
20250506-Tohoku_Rakuten_Golden_Eagles-Chiba_Lotte_Marines,2025-05-06 14:00:00,2025,Tohoku Rakuten Golden Eagles,Chiba Lotte Marines,,,Postponed,ZOZOマリン
20250506-Yokohama_DeNA_BayStars-Chunichi_Dragons,2025-05-06 14:00:00,2025,Yokohama DeNA BayStars,Chunichi Dragons,3.0,0.0,Final,バンテリンドーム
20250506-Hanshin_Tigers-Yomiuri_Giants,2025-05-06 18:00:00,2025,Hanshin Tigers,Yomiuri Giants,7.0,1.0,Final,東京ドーム
20250507-Fukuoka_SoftBank_Hawks-Saitama_Seibu_Lions,2025-05-07 18:00:00,2025,Fukuoka SoftBank Hawks,Saitama Seibu Lions,1.0,7.0,Final,ベルーナドーム
20250507-Hanshin_Tigers-Yomiuri_Giants,2025-05-07 18:00:00,2025,Hanshin Tigers,Yomiuri Giants,4.0,6.0,Final,東京ドーム
20250507-Hiroshima_Toyo_Carp-Tokyo_Yakult_Swallows,2025-05-07 18:00:00,2025,Hiroshima Toyo Carp,Tokyo Yakult Swallows,5.0,3.0,Final,神 宮
20250507-Hokkaido_Nippon-Ham_Fighters-Orix_Buffaloes,2025-05-07 18:00:00,2025,Hokkaido Nippon-Ham Fighters,Orix Buffaloes,2.0,2.0,Final,京セラD大阪
20250507-Tohoku_Rakuten_Golden_Eagles-Chiba_Lotte_Marines,2025-05-07 18:00:00,2025,Tohoku Rakuten Golden Eagles,Chiba Lotte Marines,3.0,7.0,Final,ZOZOマリン
20250507-Yokohama_DeNA_BayStars-Chunichi_Dragons,2025-05-07 18:00:00,2025,Yokohama DeNA BayStars,Chunichi Dragons,1.0,2.0,Final,バンテリンドーム
20250509-Chiba_Lotte_Marines-Saitama_Seibu_Lions,2025-05-09 18:00:00,2025,Chiba Lotte Marines,Saitama Seibu Lions,0.0,1.0,Final,県営大宮
20250509-Chunichi_Dragons-Hanshin_Tigers,2025-05-09 18:00:00,2025,Chunichi Dragons,Hanshin Tigers,,,Postponed,甲子園
20250509-Fukuoka_SoftBank_Hawks-Orix_Buffaloes,2025-05-09 18:00:00,2025,Fukuoka SoftBank Hawks,Orix Buffaloes,11.0,1.0,Final,京セラD大阪
20250509-Hiroshima_Toyo_Carp-Yokohama_DeNA_BayStars,2025-05-09 18:00:00,2025,Hiroshima Toyo Carp,Yokohama DeNA BayStars,3.0,4.0,Final,横 浜
20250509-Tohoku_Rakuten_Golden_Eagles-Hokkaido_Nippon-Ham_Fighters,2025-05-09 18:00:00,2025,Tohoku Rakuten Golden Eagles,Hokkaido Nippon-Ham Fighters,1.0,2.0,Final,エスコンＦ
20250509-Yomiuri_Giants-Tokyo_Yakult_Swallows,2025-05-09 18:00:00,2025,Yomiuri Giants,Tokyo Yakult Swallows,2.0,5.0,Final,神 宮
20250510-Chunichi_Dragons-Hanshin_Tigers,2025-05-10 14:00:00,2025,Chunichi Dragons,Hanshin Tigers,0.0,2.0,Final,甲子園
20250510-Hiroshima_Toyo_Carp-Yokohama_DeNA_BayStars,2025-05-10 14:00:00,2025,Hiroshima Toyo Carp,Yokohama DeNA BayStars,5.0,3.0,Final,横 浜
20250510-Tohoku_Rakuten_Golden_Eagles-Hokkaido_Nippon-Ham_Fighters,2025-05-10 14:00:00,2025,Tohoku Rakuten Golden Eagles,Hokkaido Nippon-Ham Fighters,7.0,8.0,Final,エスコンＦ
20250510-Chiba_Lotte_Marines-Saitama_Seibu_Lions,2025-05-10 18:00:00,2025,Chiba Lotte Marines,Saitama Seibu Lions,0.0,7.0,Final,ベルーナドーム
20250510-Fukuoka_SoftBank_Hawks-Orix_Buffaloes,2025-05-10 18:00:00,2025,Fukuoka SoftBank Hawks,Orix Buffaloes,1.0,6.0,Final,京セラD大阪
20250510-Yomiuri_Giants-Tokyo_Yakult_Swallows,2025-05-10 18:00:00,2025,Yomiuri Giants,Tokyo Yakult Swallows,3.0,2.0,Final,神 宮
20250511-Fukuoka_SoftBank_Hawks-Orix_Buffaloes,2025-05-11 13:00:00,2025,Fukuoka SoftBank Hawks,Orix Buffaloes,7.0,1.0,Final,京セラD大阪
20250511-Tohoku_Rakuten_Golden_Eagles-Hokkaido_Nippon-Ham_Fighters,2025-05-11 13:00:00,2025,Tohoku Rakuten Golden Eagles,Hokkaido Nippon-Ham Fighters,0.0,4.0,Final,エスコンＦ
20250511-Chiba_Lotte_Marines-Saitama_Seibu_Lions,2025-05-11 14:00:00,2025,Chiba Lotte Marines,Saitama Seibu Lions,0.0,10.0,Final,ベルーナドーム
20250511-Chunichi_Dragons-Hanshin_Tigers,2025-05-11 14:00:00,2025,Chunichi Dragons,Hanshin Tigers,0.0,1.0,Final,甲子園
20250511-Hiroshima_Toyo_Carp-Yokohama_DeNA_BayStars,2025-05-11 14:00:00,2025,Hiroshima Toyo Carp,Yokohama DeNA BayStars,2.0,4.0,Final,横 浜
20250511-Yomiuri_Giants-Tokyo_Yakult_Swallows,2025-05-11 18:00:00,2025,Yomiuri Giants,Tokyo Yakult Swallows,1.0,2.0,Final,神 宮
20250513-Chiba_Lotte_Marines-Tohoku_Rakuten_Golden_Eagles,2025-05-13 13:00:00,2025,Chiba Lotte Marines,Tohoku Rakuten Golden Eagles,3.0,4.0,Final,楽天モバイル
20250513-Orix_Buffaloes-Hokkaido_Nippon-Ham_Fighters,2025-05-13 13:00:00,2025,Orix Buffaloes,Hokkaido Nippon-Ham Fighters,0.0,7.0,Final,エスコンＦ
20250513-Hanshin_Tigers-Yokohama_DeNA_BayStars,2025-05-13 18:00:00,2025,Hanshin Tigers,Yokohama DeNA BayStars,1.0,1.0,Final,ハードオフ新潟
20250513-Saitama_Seibu_Lions-Fukuoka_SoftBank_Hawks,2025-05-13 18:00:00,2025,Saitama Seibu Lions,Fukuoka SoftBank Hawks,1.0,6.0,Final,京セラD大阪
20250513-Tokyo_Yakult_Swallows-Chunichi_Dragons,2025-05-13 18:00:00,2025,Tokyo Yakult Swallows,Chunichi Dragons,4.0,5.0,Final,豊 橋
20250513-Yomiuri_Giants-Hiroshima_Toyo_Carp,2025-05-13 18:00:00,2025,Yomiuri Giants,Hiroshima Toyo Carp,4.0,5.0,Final,マツダスタジアム
20250514-Chiba_Lotte_Marines-Tohoku_Rakuten_Golden_Eagles,2025-05-14 13:00:00,2025,Chiba Lotte Marines,Tohoku Rakuten Golden Eagles,0.0,4.0,Final,楽天モバイル
20250514-Orix_Buffaloes-Hokkaido_Nippon-Ham_Fighters,2025-05-14 13:00:00,2025,Orix Buffaloes,Hokkaido Nippon-Ham Fighters,9.0,5.0,Final,エスコンＦ
20250514-Saitama_Seibu_Lions-Fukuoka_SoftBank_Hawks,2025-05-14 18:00:00,2025,Saitama Seibu Lions,Fukuoka SoftBank Hawks,3.0,1.0,Final,みずほPayPay
20250514-Tokyo_Yakult_Swallows-Chunichi_Dragons,2025-05-14 18:00:00,2025,Tokyo Yakult Swallows,Chunichi Dragons,0.0,2.0,Final,バンテリンドーム
20250514-Yomiuri_Giants-Hiroshima_Toyo_Carp,2025-05-14 18:00:00,2025,Yomiuri Giants,Hiroshima Toyo Carp,0.0,3.0,Final,マツダスタジアム
20250515-Orix_Buffaloes-Hokkaido_Nippon-Ham_Fighters,2025-05-15 13:00:00,2025,Orix Buffaloes,Hokkaido Nippon-Ham Fighters,0.0,7.0,Final,エスコンＦ
20250515-Chiba_Lotte_Marines-Tohoku_Rakuten_Golden_Eagles,2025-05-15 18:00:00,2025,Chiba Lotte Marines,Tohoku Rakuten Golden Eagles,5.0,2.0,Final,東京ドーム
20250515-Hanshin_Tigers-Yokohama_DeNA_BayStars,2025-05-15 18:00:00,2025,Hanshin Tigers,Yokohama DeNA BayStars,0.0,1.0,Final,横 浜
20250515-Saitama_Seibu_Lions-Fukuoka_SoftBank_Hawks,2025-05-15 18:00:00,2025,Saitama Seibu Lions,Fukuoka SoftBank Hawks,0.0,5.0,Final,みずほPayPay
20250515-Yomiuri_Giants-Hiroshima_Toyo_Carp,2025-05-15 18:00:00,2025,Yomiuri Giants,Hiroshima Toyo Carp,1.0,5.0,Final,マツダスタジアム
20250516-Chunichi_Dragons-Yomiuri_Giants,2025-05-16 18:00:00,2025,Chunichi Dragons,Yomiuri Giants,2.0,4.0,Final,東京ドーム
20250516-Hiroshima_Toyo_Carp-Hanshin_Tigers,2025-05-16 18:00:00,2025,Hiroshima Toyo Carp,Hanshin Tigers,4.0,2.0,Final,甲子園
20250516-Hokkaido_Nippon-Ham_Fighters-Chiba_Lotte_Marines,2025-05-16 18:00:00,2025,Hokkaido Nippon-Ham Fighters,Chiba Lotte Marines,8.0,0.0,Final,ZOZOマリン
20250516-Orix_Buffaloes-Saitama_Seibu_Lions,2025-05-16 18:00:00,2025,Orix Buffaloes,Saitama Seibu Lions,0.0,3.0,Final,ベルーナドーム
20250516-Tohoku_Rakuten_Golden_Eagles-Fukuoka_SoftBank_Hawks,2025-05-16 18:00:00,2025,Tohoku Rakuten Golden Eagles,Fukuoka SoftBank Hawks,5.0,1.0,Final,みずほPayPay
20250516-Yokohama_DeNA_BayStars-Tokyo_Yakult_Swallows,2025-05-16 18:00:00,2025,Yokohama DeNA BayStars,Tokyo Yakult Swallows,8.0,6.0,Final,神 宮
20250517-Hiroshima_Toyo_Carp-Hanshin_Tigers,2025-05-17 14:00:00,2025,Hiroshima Toyo Carp,Hanshin Tigers,2.0,5.0,Final,甲子園
20250517-Hokkaido_Nippon-Ham_Fighters-Chiba_Lotte_Marines,2025-05-17 14:00:00,2025,Hokkaido Nippon-Ham Fighters,Chiba Lotte Marines,,,Postponed,ZOZOマリン
20250517-Orix_Buffaloes-Saitama_Seibu_Lions,2025-05-17 14:00:00,2025,Orix Buffaloes,Saitama Seibu Lions,2.0,3.0,Final,ベルーナドーム
20250517-Tohoku_Rakuten_Golden_Eagles-Fukuoka_SoftBank_Hawks,2025-05-17 14:00:00,2025,Tohoku Rakuten Golden Eagles,Fukuoka SoftBank Hawks,1.0,2.0,Final,みずほPayPay
20250517-Chunichi_Dragons-Yomiuri_Giants,2025-05-17 18:00:00,2025,Chunichi Dragons,Yomiuri Giants,0.0,1.0,Final,東京ドーム
20250517-Yokohama_DeNA_BayStars-Tokyo_Yakult_Swallows,2025-05-17 18:00:00,2025,Yokohama DeNA BayStars,Tokyo Yakult Swallows,6.0,7.0,Final,神 宮
20250518-Chunichi_Dragons-Yomiuri_Giants,2025-05-18 14:00:00,2025,Chunichi Dragons,Yomiuri Giants,7.0,4.0,Final,東京ドーム
20250518-Hiroshima_Toyo_Carp-Hanshin_Tigers,2025-05-18 14:00:00,2025,Hiroshima Toyo Carp,Hanshin Tigers,1.0,3.0,Final,甲子園
20250518-Hokkaido_Nippon-Ham_Fighters-Chiba_Lotte_Marines,2025-05-18 14:00:00,2025,Hokkaido Nippon-Ham Fighters,Chiba Lotte Marines,1.0,2.0,Final,ZOZOマリン
20250518-Orix_Buffaloes-Saitama_Seibu_Lions,2025-05-18 14:00:00,2025,Orix Buffaloes,Saitama Seibu Lions,3.0,1.0,Final,ベルーナドーム
20250518-Tohoku_Rakuten_Golden_Eagles-Fukuoka_SoftBank_Hawks,2025-05-18 14:00:00,2025,Tohoku Rakuten Golden Eagles,Fukuoka SoftBank Hawks,1.0,2.0,Final,みずほPayPay
20250518-Yokohama_DeNA_BayStars-Tokyo_Yakult_Swallows,2025-05-18 18:00:00,2025,Yokohama DeNA BayStars,Tokyo Yakult Swallows,10.0,2.0,Final,神 宮
20250520-Chunichi_Dragons-Yokohama_DeNA_BayStars,2025-05-20 17:30:00,2025,Chunichi Dragons,Yokohama DeNA BayStars,2.0,10.0,Final,横 浜
20250520-Chiba_Lotte_Marines-Orix_Buffaloes,2025-05-20 18:00:00,2025,Chiba Lotte Marines,Orix Buffaloes,1.0,2.0,Final,京セラD大阪
20250520-Fukuoka_SoftBank_Hawks-Hokkaido_Nippon-Ham_Fighters,2025-05-20 18:00:00,2025,Fukuoka SoftBank Hawks,Hokkaido Nippon-Ham Fighters,5.0,2.0,Final,エスコンＦ
20250520-Saitama_Seibu_Lions-Tohoku_Rakuten_Golden_Eagles,2025-05-20 18:00:00,2025,Saitama Seibu Lions,Tohoku Rakuten Golden Eagles,1.0,0.0,Final,盛 岡
20250520-Tokyo_Yakult_Swallows-Hiroshima_Toyo_Carp,2025-05-20 18:00:00,2025,Tokyo Yakult Swallows,Hiroshima Toyo Carp,2.0,3.0,Final,マツダスタジアム
20250520-Yomiuri_Giants-Hanshin_Tigers,2025-05-20 18:00:00,2025,Yomiuri Giants,Hanshin Tigers,0.0,4.0,Final,甲子園
20250521-Chunichi_Dragons-Yokohama_DeNA_BayStars,2025-05-21 17:30:00,2025,Chunichi Dragons,Yokohama DeNA BayStars,6.0,5.0,Final,横 浜
20250521-Chiba_Lotte_Marines-Orix_Buffaloes,2025-05-21 18:00:00,2025,Chiba Lotte Marines,Orix Buffaloes,1.0,6.0,Final,京セラD大阪
20250521-Fukuoka_SoftBank_Hawks-Hokkaido_Nippon-Ham_Fighters,2025-05-21 18:00:00,2025,Fukuoka SoftBank Hawks,Hokkaido Nippon-Ham Fighters,1.0,2.0,Final,エスコンＦ
20250521-Tokyo_Yakult_Swallows-Hiroshima_Toyo_Carp,2025-05-21 18:00:00,2025,Tokyo Yakult Swallows,Hiroshima Toyo Carp,,,Postponed,マツダスタジアム
20250521-Yomiuri_Giants-Hanshin_Tigers,2025-05-21 18:00:00,2025,Yomiuri Giants,Hanshin Tigers,5.0,4.0,Final,甲子園
20250522-Chunichi_Dragons-Yokohama_DeNA_BayStars,2025-05-22 17:30:00,2025,Chunichi Dragons,Yokohama DeNA BayStars,0.0,4.0,Final,横 浜
20250522-Chiba_Lotte_Marines-Orix_Buffaloes,2025-05-22 18:00:00,2025,Chiba Lotte Marines,Orix Buffaloes,9.0,1.0,Final,京セラD大阪
20250522-Fukuoka_SoftBank_Hawks-Hokkaido_Nippon-Ham_Fighters,2025-05-22 18:00:00,2025,Fukuoka SoftBank Hawks,Hokkaido Nippon-Ham Fighters,4.0,3.0,Final,エスコンＦ
20250522-Saitama_Seibu_Lions-Tohoku_Rakuten_Golden_Eagles,2025-05-22 18:00:00,2025,Saitama Seibu Lions,Tohoku Rakuten Golden Eagles,1.0,2.0,Final,楽天モバイル
20250522-Tokyo_Yakult_Swallows-Hiroshima_Toyo_Carp,2025-05-22 18:00:00,2025,Tokyo Yakult Swallows,Hiroshima Toyo Carp,2.0,2.0,Final,マツダスタジアム
20250522-Yomiuri_Giants-Hanshin_Tigers,2025-05-22 18:00:00,2025,Yomiuri Giants,Hanshin Tigers,3.0,2.0,Final,甲子園
20250523-Hanshin_Tigers-Chunichi_Dragons,2025-05-23 18:00:00,2025,Hanshin Tigers,Chunichi Dragons,3.0,0.0,Final,バンテリンドーム
20250523-Hokkaido_Nippon-Ham_Fighters-Tohoku_Rakuten_Golden_Eagles,2025-05-23 18:00:00,2025,Hokkaido Nippon-Ham Fighters,Tohoku Rakuten Golden Eagles,1.0,0.0,Final,楽天モバイル
20250523-Saitama_Seibu_Lions-Chiba_Lotte_Marines,2025-05-23 18:00:00,2025,Saitama Seibu Lions,Chiba Lotte Marines,3.0,9.0,Final,ZOZOマリン
20250523-Tokyo_Yakult_Swallows-Yomiuri_Giants,2025-05-23 18:00:00,2025,Tokyo Yakult Swallows,Yomiuri Giants,0.0,5.0,Final,東京ドーム
20250523-Yokohama_DeNA_BayStars-Hiroshima_Toyo_Carp,2025-05-23 18:00:00,2025,Yokohama DeNA BayStars,Hiroshima Toyo Carp,2.0,1.0,Final,マツダスタジアム
20250524-Orix_Buffaloes-Fukuoka_SoftBank_Hawks,2025-05-24 13:00:00,2025,Orix Buffaloes,Fukuoka SoftBank Hawks,,,Postponed,熊 本
20250524-Hanshin_Tigers-Chunichi_Dragons,2025-05-24 14:00:00,2025,Hanshin Tigers,Chunichi Dragons,4.0,5.0,Final,バンテリンドーム
20250524-Hokkaido_Nippon-Ham_Fighters-Tohoku_Rakuten_Golden_Eagles,2025-05-24 14:00:00,2025,Hokkaido Nippon-Ham Fighters,Tohoku Rakuten Golden Eagles,1.0,2.0,Final,楽天モバイル
20250524-Saitama_Seibu_Lions-Chiba_Lotte_Marines,2025-05-24 14:00:00,2025,Saitama Seibu Lions,Chiba Lotte Marines,6.0,1.0,Final,ZOZOマリン
20250524-Yokohama_DeNA_BayStars-Hiroshima_Toyo_Carp,2025-05-24 14:00:00,2025,Yokohama DeNA BayStars,Hiroshima Toyo Carp,,,Postponed,マツダスタジアム
20250524-Tokyo_Yakult_Swallows-Yomiuri_Giants,2025-05-24 18:00:00,2025,Tokyo Yakult Swallows,Yomiuri Giants,2.0,4.0,Final,東京ドーム
20250525-Hokkaido_Nippon-Ham_Fighters-Tohoku_Rakuten_Golden_Eagles,2025-05-25 13:00:00,2025,Hokkaido Nippon-Ham Fighters,Tohoku Rakuten Golden Eagles,1.0,1.0,Final,楽天モバイル
20250525-Hanshin_Tigers-Chunichi_Dragons,2025-05-25 13:30:00,2025,Hanshin Tigers,Chunichi Dragons,5.0,1.0,Final,バンテリンドーム
20250525-Yokohama_DeNA_BayStars-Hiroshima_Toyo_Carp,2025-05-25 13:30:00,2025,Yokohama DeNA BayStars,Hiroshima Toyo Carp,0.0,3.0,Final,マツダスタジアム
20250525-Orix_Buffaloes-Fukuoka_SoftBank_Hawks,2025-05-25 14:00:00,2025,Orix Buffaloes,Fukuoka SoftBank Hawks,13.0,5.0,Final,鹿児島
20250525-Saitama_Seibu_Lions-Chiba_Lotte_Marines,2025-05-25 14:00:00,2025,Saitama Seibu Lions,Chiba Lotte Marines,8.0,0.0,Final,ZOZOマリン
20250525-Tokyo_Yakult_Swallows-Yomiuri_Giants,2025-05-25 14:00:00,2025,Tokyo Yakult Swallows,Yomiuri Giants,2.0,5.0,Final,東京ドーム
20250527-Chunichi_Dragons-Tokyo_Yakult_Swallows,2025-05-27 18:00:00,2025,Chunichi Dragons,Tokyo Yakult Swallows,1.0,2.0,Final,神 宮
20250527-Hiroshima_Toyo_Carp-Yomiuri_Giants,2025-05-27 18:00:00,2025,Hiroshima Toyo Carp,Yomiuri Giants,2.0,1.0,Final,富 山
20250527-Hokkaido_Nippon-Ham_Fighters-Fukuoka_SoftBank_Hawks,2025-05-27 18:00:00,2025,Hokkaido Nippon-Ham Fighters,Fukuoka SoftBank Hawks,5.0,2.0,Final,みずほPayPay
20250527-Orix_Buffaloes-Chiba_Lotte_Marines,2025-05-27 18:00:00,2025,Orix Buffaloes,Chiba Lotte Marines,4.0,6.0,Final,ZOZOマリン
20250527-Tohoku_Rakuten_Golden_Eagles-Saitama_Seibu_Lions,2025-05-27 18:00:00,2025,Tohoku Rakuten Golden Eagles,Saitama Seibu Lions,3.0,1.0,Final,前 橋
20250527-Yokohama_DeNA_BayStars-Hanshin_Tigers,2025-05-27 18:00:00,2025,Yokohama DeNA BayStars,Hanshin Tigers,0.0,1.0,Final,倉 敷
20250528-Chunichi_Dragons-Tokyo_Yakult_Swallows,2025-05-28 18:00:00,2025,Chunichi Dragons,Tokyo Yakult Swallows,4.0,1.0,Final,神 宮
20250528-Hiroshima_Toyo_Carp-Yomiuri_Giants,2025-05-28 18:00:00,2025,Hiroshima Toyo Carp,Yomiuri Giants,1.0,4.0,Final,金 沢
20250528-Hokkaido_Nippon-Ham_Fighters-Fukuoka_SoftBank_Hawks,2025-05-28 18:00:00,2025,Hokkaido Nippon-Ham Fighters,Fukuoka SoftBank Hawks,1.0,2.0,Final,みずほPayPay
20250528-Orix_Buffaloes-Chiba_Lotte_Marines,2025-05-28 18:00:00,2025,Orix Buffaloes,Chiba Lotte Marines,2.0,1.0,Final,ZOZOマリン
20250528-Tohoku_Rakuten_Golden_Eagles-Saitama_Seibu_Lions,2025-05-28 18:00:00,2025,Tohoku Rakuten Golden Eagles,Saitama Seibu Lions,0.0,6.0,Final,ベルーナドーム
20250528-Yokohama_DeNA_BayStars-Hanshin_Tigers,2025-05-28 18:00:00,2025,Yokohama DeNA BayStars,Hanshin Tigers,0.0,1.0,Final,甲子園
20250529-Chunichi_Dragons-Tokyo_Yakult_Swallows,2025-05-29 18:00:00,2025,Chunichi Dragons,Tokyo Yakult Swallows,6.0,0.0,Final,神 宮
20250529-Tohoku_Rakuten_Golden_Eagles-Saitama_Seibu_Lions,2025-05-29 18:00:00,2025,Tohoku Rakuten Golden Eagles,Saitama Seibu Lions,6.0,3.0,Final,ベルーナドーム
20250529-Yokohama_DeNA_BayStars-Hanshin_Tigers,2025-05-29 18:00:00,2025,Yokohama DeNA BayStars,Hanshin Tigers,5.0,1.0,Final,甲子園
20250530-Chiba_Lotte_Marines-Hokkaido_Nippon-Ham_Fighters,2025-05-30 18:00:00,2025,Chiba Lotte Marines,Hokkaido Nippon-Ham Fighters,1.0,4.0,Final,エスコンＦ
20250530-Fukuoka_SoftBank_Hawks-Tohoku_Rakuten_Golden_Eagles,2025-05-30 18:00:00,2025,Fukuoka SoftBank Hawks,Tohoku Rakuten Golden Eagles,4.0,2.0,Final,楽天モバイル
20250530-Hanshin_Tigers-Hiroshima_Toyo_Carp,2025-05-30 18:00:00,2025,Hanshin Tigers,Hiroshima Toyo Carp,5.0,2.0,Final,マツダスタジアム
20250530-Tokyo_Yakult_Swallows-Yokohama_DeNA_BayStars,2025-05-30 18:00:00,2025,Tokyo Yakult Swallows,Yokohama DeNA BayStars,2.0,6.0,Final,横 浜
20250530-Yomiuri_Giants-Chunichi_Dragons,2025-05-30 18:00:00,2025,Yomiuri Giants,Chunichi Dragons,4.0,1.0,Final,バンテリンドーム
20250531-Chiba_Lotte_Marines-Hokkaido_Nippon-Ham_Fighters,2025-05-31 14:00:00,2025,Chiba Lotte Marines,Hokkaido Nippon-Ham Fighters,3.0,4.0,Final,エスコンＦ
20250531-Fukuoka_SoftBank_Hawks-Tohoku_Rakuten_Golden_Eagles,2025-05-31 14:00:00,2025,Fukuoka SoftBank Hawks,Tohoku Rakuten Golden Eagles,,,Postponed,楽天モバイル
20250531-Hanshin_Tigers-Hiroshima_Toyo_Carp,2025-05-31 14:00:00,2025,Hanshin Tigers,Hiroshima Toyo Carp,2.0,0.0,Final,マツダスタジアム
20250531-Tokyo_Yakult_Swallows-Yokohama_DeNA_BayStars,2025-05-31 14:00:00,2025,Tokyo Yakult Swallows,Yokohama DeNA BayStars,2.0,5.0,Final,横 浜
20250531-Yomiuri_Giants-Chunichi_Dragons,2025-05-31 14:00:00,2025,Yomiuri Giants,Chunichi Dragons,2.0,4.0,Final,バンテリンドーム
20250531-Saitama_Seibu_Lions-Orix_Buffaloes,2025-05-31 18:00:00,2025,Saitama Seibu Lions,Orix Buffaloes,2.0,3.0,Final,ほっと神戸
20250601-Chiba_Lotte_Marines-Hokkaido_Nippon-Ham_Fighters,2025-06-01 13:00:00,2025,Chiba Lotte Marines,Hokkaido Nippon-Ham Fighters,0.0,1.0,Final,エスコンＦ
20250601-Fukuoka_SoftBank_Hawks-Tohoku_Rakuten_Golden_Eagles,2025-06-01 13:00:00,2025,Fukuoka SoftBank Hawks,Tohoku Rakuten Golden Eagles,0.0,3.0,Final,楽天モバイル
20250601-Hanshin_Tigers-Hiroshima_Toyo_Carp,2025-06-01 13:30:00,2025,Hanshin Tigers,Hiroshima Toyo Carp,8.0,0.0,Final,マツダスタジアム
20250601-Yomiuri_Giants-Chunichi_Dragons,2025-06-01 13:30:00,2025,Yomiuri Giants,Chunichi Dragons,1.0,4.0,Final,バンテリンドーム
20250601-Tokyo_Yakult_Swallows-Yokohama_DeNA_BayStars,2025-06-01 14:00:00,2025,Tokyo Yakult Swallows,Yokohama DeNA BayStars,2.0,3.0,Final,横 浜
20250601-Saitama_Seibu_Lions-Orix_Buffaloes,2025-06-01 16:00:00,2025,Saitama Seibu Lions,Orix Buffaloes,3.0,2.0,Final,ほっと神戸
20250603-Chunichi_Dragons-Fukuoka_SoftBank_Hawks,2025-06-03 18:00:00,2025,Chunichi Dragons,Fukuoka SoftBank Hawks,0.0,4.0,Final,みずほPayPay
20250603-Hanshin_Tigers-Hokkaido_Nippon-Ham_Fighters,2025-06-03 18:00:00,2025,Hanshin Tigers,Hokkaido Nippon-Ham Fighters,1.0,0.0,Final,エスコンＦ
20250603-Hiroshima_Toyo_Carp-Orix_Buffaloes,2025-06-03 18:00:00,2025,Hiroshima Toyo Carp,Orix Buffaloes,5.0,2.0,Final,京セラD大阪
20250603-Tokyo_Yakult_Swallows-Saitama_Seibu_Lions,2025-06-03 18:00:00,2025,Tokyo Yakult Swallows,Saitama Seibu Lions,0.0,1.0,Final,ベルーナドーム
20250603-Yokohama_DeNA_BayStars-Tohoku_Rakuten_Golden_Eagles,2025-06-03 18:00:00,2025,Yokohama DeNA BayStars,Tohoku Rakuten Golden Eagles,6.0,3.0,Final,楽天モバイル
20250603-Yomiuri_Giants-Chiba_Lotte_Marines,2025-06-03 18:00:00,2025,Yomiuri Giants,Chiba Lotte Marines,,,Postponed,ZOZOマリン
20250604-Chunichi_Dragons-Fukuoka_SoftBank_Hawks,2025-06-04 18:00:00,2025,Chunichi Dragons,Fukuoka SoftBank Hawks,2.0,8.0,Final,みずほPayPay
20250604-Hanshin_Tigers-Hokkaido_Nippon-Ham_Fighters,2025-06-04 18:00:00,2025,Hanshin Tigers,Hokkaido Nippon-Ham Fighters,4.0,5.0,Final,エスコンＦ
20250604-Hiroshima_Toyo_Carp-Orix_Buffaloes,2025-06-04 18:00:00,2025,Hiroshima Toyo Carp,Orix Buffaloes,1.0,6.0,Final,京セラD大阪
20250604-Tokyo_Yakult_Swallows-Saitama_Seibu_Lions,2025-06-04 18:00:00,2025,Tokyo Yakult Swallows,Saitama Seibu Lions,2.0,4.0,Final,ベルーナドーム
20250604-Yokohama_DeNA_BayStars-Tohoku_Rakuten_Golden_Eagles,2025-06-04 18:00:00,2025,Yokohama DeNA BayStars,Tohoku Rakuten Golden Eagles,1.0,3.0,Final,楽天モバイル
20250604-Yomiuri_Giants-Chiba_Lotte_Marines,2025-06-04 18:00:00,2025,Yomiuri Giants,Chiba Lotte Marines,3.0,5.0,Final,ZOZOマリン
20250605-Chunichi_Dragons-Fukuoka_SoftBank_Hawks,2025-06-05 18:00:00,2025,Chunichi Dragons,Fukuoka SoftBank Hawks,4.0,8.0,Final,みずほPayPay
20250605-Hanshin_Tigers-Hokkaido_Nippon-Ham_Fighters,2025-06-05 18:00:00,2025,Hanshin Tigers,Hokkaido Nippon-Ham Fighters,7.0,1.0,Final,エスコンＦ
20250605-Hiroshima_Toyo_Carp-Orix_Buffaloes,2025-06-05 18:00:00,2025,Hiroshima Toyo Carp,Orix Buffaloes,3.0,4.0,Final,京セラD大阪
20250605-Tokyo_Yakult_Swallows-Saitama_Seibu_Lions,2025-06-05 18:00:00,2025,Tokyo Yakult Swallows,Saitama Seibu Lions,4.0,1.0,Final,ベルーナドーム
20250605-Yokohama_DeNA_BayStars-Tohoku_Rakuten_Golden_Eagles,2025-06-05 18:00:00,2025,Yokohama DeNA BayStars,Tohoku Rakuten Golden Eagles,5.0,0.0,Final,郡 山
20250605-Yomiuri_Giants-Chiba_Lotte_Marines,2025-06-05 18:00:00,2025,Yomiuri Giants,Chiba Lotte Marines,1.0,2.0,Final,ZOZOマリン
20250606-Chiba_Lotte_Marines-Chunichi_Dragons,2025-06-06 18:00:00,2025,Chiba Lotte Marines,Chunichi Dragons,2.0,3.0,Final,バンテリンドーム
20250606-Fukuoka_SoftBank_Hawks-Tokyo_Yakult_Swallows,2025-06-06 18:00:00,2025,Fukuoka SoftBank Hawks,Tokyo Yakult Swallows,2.0,3.0,Final,神 宮
20250606-Hokkaido_Nippon-Ham_Fighters-Yokohama_DeNA_BayStars,2025-06-06 18:00:00,2025,Hokkaido Nippon-Ham Fighters,Yokohama DeNA BayStars,1.0,2.0,Final,横 浜
20250606-Orix_Buffaloes-Hanshin_Tigers,2025-06-06 18:00:00,2025,Orix Buffaloes,Hanshin Tigers,0.0,1.0,Final,甲子園
20250606-Saitama_Seibu_Lions-Hiroshima_Toyo_Carp,2025-06-06 18:00:00,2025,Saitama Seibu Lions,Hiroshima Toyo Carp,2.0,3.0,Final,マツダスタジアム
20250606-Tohoku_Rakuten_Golden_Eagles-Yomiuri_Giants,2025-06-06 18:00:00,2025,Tohoku Rakuten Golden Eagles,Yomiuri Giants,2.0,0.0,Final,東京ドーム
20250607-Chiba_Lotte_Marines-Chunichi_Dragons,2025-06-07 14:00:00,2025,Chiba Lotte Marines,Chunichi Dragons,3.0,4.0,Final,バンテリンドーム
20250607-Fukuoka_SoftBank_Hawks-Tokyo_Yakult_Swallows,2025-06-07 14:00:00,2025,Fukuoka SoftBank Hawks,Tokyo Yakult Swallows,8.0,1.0,Final,神 宮
20250607-Hokkaido_Nippon-Ham_Fighters-Yokohama_DeNA_BayStars,2025-06-07 14:00:00,2025,Hokkaido Nippon-Ham Fighters,Yokohama DeNA BayStars,7.0,4.0,Final,横 浜
20250607-Saitama_Seibu_Lions-Hiroshima_Toyo_Carp,2025-06-07 14:00:00,2025,Saitama Seibu Lions,Hiroshima Toyo Carp,2.0,5.0,Final,マツダスタジアム
20250607-Tohoku_Rakuten_Golden_Eagles-Yomiuri_Giants,2025-06-07 14:00:00,2025,Tohoku Rakuten Golden Eagles,Yomiuri Giants,0.0,2.0,Final,東京ドーム
20250607-Orix_Buffaloes-Hanshin_Tigers,2025-06-07 18:00:00,2025,Orix Buffaloes,Hanshin Tigers,2.0,8.0,Final,甲子園
20250608-Chiba_Lotte_Marines-Chunichi_Dragons,2025-06-08 13:30:00,2025,Chiba Lotte Marines,Chunichi Dragons,0.0,3.0,Final,バンテリンドーム
20250608-Fukuoka_SoftBank_Hawks-Tokyo_Yakult_Swallows,2025-06-08 13:30:00,2025,Fukuoka SoftBank Hawks,Tokyo Yakult Swallows,2.0,4.0,Final,神 宮
20250608-Saitama_Seibu_Lions-Hiroshima_Toyo_Carp,2025-06-08 13:30:00,2025,Saitama Seibu Lions,Hiroshima Toyo Carp,0.0,10.0,Final,マツダスタジアム
20250608-Hokkaido_Nippon-Ham_Fighters-Yokohama_DeNA_BayStars,2025-06-08 14:00:00,2025,Hokkaido Nippon-Ham Fighters,Yokohama DeNA BayStars,4.0,5.0,Final,横 浜
20250608-Orix_Buffaloes-Hanshin_Tigers,2025-06-08 14:00:00,2025,Orix Buffaloes,Hanshin Tigers,1.0,8.0,Final,甲子園
20250608-Tohoku_Rakuten_Golden_Eagles-Yomiuri_Giants,2025-06-08 14:00:00,2025,Tohoku Rakuten Golden Eagles,Yomiuri Giants,0.0,5.0,Final,東京ドーム
20250610-Chunichi_Dragons-Tohoku_Rakuten_Golden_Eagles,2025-06-10 18:00:00,2025,Chunichi Dragons,Tohoku Rakuten Golden Eagles,3.0,1.0,Final,山形市
20250610-Hanshin_Tigers-Saitama_Seibu_Lions,2025-06-10 18:00:00,2025,Hanshin Tigers,Saitama Seibu Lions,2.0,4.0,Final,ベルーナドーム
20250610-Hiroshima_Toyo_Carp-Chiba_Lotte_Marines,2025-06-10 18:00:00,2025,Hiroshima Toyo Carp,Chiba Lotte Marines,1.0,6.0,Final,ZOZOマリン
20250610-Tokyo_Yakult_Swallows-Hokkaido_Nippon-Ham_Fighters,2025-06-10 18:00:00,2025,Tokyo Yakult Swallows,Hokkaido Nippon-Ham Fighters,1.0,3.0,Final,エスコンＦ
20250610-Yokohama_DeNA_BayStars-Orix_Buffaloes,2025-06-10 18:00:00,2025,Yokohama DeNA BayStars,Orix Buffaloes,0.0,2.0,Final,京セラD大阪
20250610-Yomiuri_Giants-Fukuoka_SoftBank_Hawks,2025-06-10 18:00:00,2025,Yomiuri Giants,Fukuoka SoftBank Hawks,2.0,5.0,Final,みずほPayPay
20250611-Chunichi_Dragons-Tohoku_Rakuten_Golden_Eagles,2025-06-11 18:00:00,2025,Chunichi Dragons,Tohoku Rakuten Golden Eagles,8.0,5.0,Final,楽天モバイル
20250611-Hanshin_Tigers-Saitama_Seibu_Lions,2025-06-11 18:00:00,2025,Hanshin Tigers,Saitama Seibu Lions,2.0,3.0,Final,ベルーナドーム
20250611-Hiroshima_Toyo_Carp-Chiba_Lotte_Marines,2025-06-11 18:00:00,2025,Hiroshima Toyo Carp,Chiba Lotte Marines,6.0,2.0,Final,ZOZOマリン
20250611-Tokyo_Yakult_Swallows-Hokkaido_Nippon-Ham_Fighters,2025-06-11 18:00:00,2025,Tokyo Yakult Swallows,Hokkaido Nippon-Ham Fighters,2.0,8.0,Final,エスコンＦ
20250611-Yokohama_DeNA_BayStars-Orix_Buffaloes,2025-06-11 18:00:00,2025,Yokohama DeNA BayStars,Orix Buffaloes,4.0,0.0,Final,京セラD大阪
20250611-Yomiuri_Giants-Fukuoka_SoftBank_Hawks,2025-06-11 18:00:00,2025,Yomiuri Giants,Fukuoka SoftBank Hawks,7.0,3.0,Final,みずほPayPay
20250612-Chunichi_Dragons-Tohoku_Rakuten_Golden_Eagles,2025-06-12 18:00:00,2025,Chunichi Dragons,Tohoku Rakuten Golden Eagles,0.0,4.0,Final,楽天モバイル
20250612-Hanshin_Tigers-Saitama_Seibu_Lions,2025-06-12 18:00:00,2025,Hanshin Tigers,Saitama Seibu Lions,1.0,4.0,Final,ベルーナドーム
20250612-Hiroshima_Toyo_Carp-Chiba_Lotte_Marines,2025-06-12 18:00:00,2025,Hiroshima Toyo Carp,Chiba Lotte Marines,4.0,5.0,Final,ZOZOマリン
20250612-Tokyo_Yakult_Swallows-Hokkaido_Nippon-Ham_Fighters,2025-06-12 18:00:00,2025,Tokyo Yakult Swallows,Hokkaido Nippon-Ham Fighters,1.0,6.0,Final,エスコンＦ
20250612-Yokohama_DeNA_BayStars-Orix_Buffaloes,2025-06-12 18:00:00,2025,Yokohama DeNA BayStars,Orix Buffaloes,2.0,4.0,Final,京セラD大阪
20250612-Yomiuri_Giants-Fukuoka_SoftBank_Hawks,2025-06-12 18:00:00,2025,Yomiuri Giants,Fukuoka SoftBank Hawks,0.0,0.0,Final,みずほPayPay
20250613-Chunichi_Dragons-Saitama_Seibu_Lions,2025-06-13 18:00:00,2025,Chunichi Dragons,Saitama Seibu Lions,2.0,1.0,Final,ベルーナドーム
20250613-Hanshin_Tigers-Tohoku_Rakuten_Golden_Eagles,2025-06-13 18:00:00,2025,Hanshin Tigers,Tohoku Rakuten Golden Eagles,2.0,3.0,Final,楽天モバイル
20250613-Hiroshima_Toyo_Carp-Hokkaido_Nippon-Ham_Fighters,2025-06-13 18:00:00,2025,Hiroshima Toyo Carp,Hokkaido Nippon-Ham Fighters,6.0,2.0,Final,エスコンＦ
20250613-Tokyo_Yakult_Swallows-Chiba_Lotte_Marines,2025-06-13 18:00:00,2025,Tokyo Yakult Swallows,Chiba Lotte Marines,4.0,5.0,Final,ZOZOマリン
20250613-Yokohama_DeNA_BayStars-Fukuoka_SoftBank_Hawks,2025-06-13 18:00:00,2025,Yokohama DeNA BayStars,Fukuoka SoftBank Hawks,1.0,4.0,Final,みずほPayPay
20250613-Yomiuri_Giants-Orix_Buffaloes,2025-06-13 18:00:00,2025,Yomiuri Giants,Orix Buffaloes,3.0,7.0,Final,京セラD大阪
20250614-Chunichi_Dragons-Saitama_Seibu_Lions,2025-06-14 14:00:00,2025,Chunichi Dragons,Saitama Seibu Lions,1.0,2.0,Final,ベルーナドーム
20250614-Hanshin_Tigers-Tohoku_Rakuten_Golden_Eagles,2025-06-14 14:00:00,2025,Hanshin Tigers,Tohoku Rakuten Golden Eagles,4.0,5.0,Final,楽天モバイル
20250614-Hiroshima_Toyo_Carp-Hokkaido_Nippon-Ham_Fighters,2025-06-14 14:00:00,2025,Hiroshima Toyo Carp,Hokkaido Nippon-Ham Fighters,0.0,5.0,Final,エスコンＦ
20250614-Tokyo_Yakult_Swallows-Chiba_Lotte_Marines,2025-06-14 14:00:00,2025,Tokyo Yakult Swallows,Chiba Lotte Marines,5.0,0.0,Final,ZOZOマリン
20250614-Yokohama_DeNA_BayStars-Fukuoka_SoftBank_Hawks,2025-06-14 18:00:00,2025,Yokohama DeNA BayStars,Fukuoka SoftBank Hawks,0.0,4.0,Final,みずほPayPay
20250614-Yomiuri_Giants-Orix_Buffaloes,2025-06-14 18:00:00,2025,Yomiuri Giants,Orix Buffaloes,1.0,2.0,Final,京セラD大阪
20250615-Chunichi_Dragons-Saitama_Seibu_Lions,2025-06-15 13:00:00,2025,Chunichi Dragons,Saitama Seibu Lions,0.0,1.0,Final,ベルーナドーム
20250615-Hanshin_Tigers-Tohoku_Rakuten_Golden_Eagles,2025-06-15 13:00:00,2025,Hanshin Tigers,Tohoku Rakuten Golden Eagles,2.0,3.0,Final,楽天モバイル
20250615-Hiroshima_Toyo_Carp-Hokkaido_Nippon-Ham_Fighters,2025-06-15 13:00:00,2025,Hiroshima Toyo Carp,Hokkaido Nippon-Ham Fighters,7.0,8.0,Final,エスコンＦ
20250615-Tokyo_Yakult_Swallows-Chiba_Lotte_Marines,2025-06-15 14:00:00,2025,Tokyo Yakult Swallows,Chiba Lotte Marines,4.0,5.0,Final,ZOZOマリン
20250615-Yokohama_DeNA_BayStars-Fukuoka_SoftBank_Hawks,2025-06-15 14:00:00,2025,Yokohama DeNA BayStars,Fukuoka SoftBank Hawks,3.0,4.0,Final,みずほPayPay
20250615-Yomiuri_Giants-Orix_Buffaloes,2025-06-15 14:00:00,2025,Yomiuri Giants,Orix Buffaloes,3.0,8.0,Final,京セラD大阪
20250617-Chiba_Lotte_Marines-Hanshin_Tigers,2025-06-17 18:00:00,2025,Chiba Lotte Marines,Hanshin Tigers,3.0,1.0,Final,甲子園
20250617-Fukuoka_SoftBank_Hawks-Hiroshima_Toyo_Carp,2025-06-17 18:00:00,2025,Fukuoka SoftBank Hawks,Hiroshima Toyo Carp,2.0,0.0,Final,マツダスタジアム
20250617-Hokkaido_Nippon-Ham_Fighters-Yomiuri_Giants,2025-06-17 18:00:00,2025,Hokkaido Nippon-Ham Fighters,Yomiuri Giants,4.0,1.0,Final,東京ドーム
20250617-Orix_Buffaloes-Chunichi_Dragons,2025-06-17 18:00:00,2025,Orix Buffaloes,Chunichi Dragons,5.0,3.0,Final,バンテリンドーム
20250617-Saitama_Seibu_Lions-Yokohama_DeNA_BayStars,2025-06-17 18:00:00,2025,Saitama Seibu Lions,Yokohama DeNA BayStars,3.0,0.0,Final,横 浜
20250617-Tohoku_Rakuten_Golden_Eagles-Tokyo_Yakult_Swallows,2025-06-17 18:00:00,2025,Tohoku Rakuten Golden Eagles,Tokyo Yakult Swallows,4.0,4.0,Final,神 宮
20250618-Chiba_Lotte_Marines-Hanshin_Tigers,2025-06-18 18:00:00,2025,Chiba Lotte Marines,Hanshin Tigers,1.0,8.0,Final,甲子園
20250618-Fukuoka_SoftBank_Hawks-Hiroshima_Toyo_Carp,2025-06-18 18:00:00,2025,Fukuoka SoftBank Hawks,Hiroshima Toyo Carp,4.0,8.0,Final,マツダスタジアム
20250618-Hokkaido_Nippon-Ham_Fighters-Yomiuri_Giants,2025-06-18 18:00:00,2025,Hokkaido Nippon-Ham Fighters,Yomiuri Giants,1.0,2.0,Final,東京ドーム
20250618-Orix_Buffaloes-Chunichi_Dragons,2025-06-18 18:00:00,2025,Orix Buffaloes,Chunichi Dragons,3.0,6.0,Final,バンテリンドーム
20250618-Saitama_Seibu_Lions-Yokohama_DeNA_BayStars,2025-06-18 18:00:00,2025,Saitama Seibu Lions,Yokohama DeNA BayStars,2.0,4.0,Final,横 浜
20250618-Tohoku_Rakuten_Golden_Eagles-Tokyo_Yakult_Swallows,2025-06-18 18:00:00,2025,Tohoku Rakuten Golden Eagles,Tokyo Yakult Swallows,6.0,2.0,Final,神 宮
20250619-Chiba_Lotte_Marines-Hanshin_Tigers,2025-06-19 18:00:00,2025,Chiba Lotte Marines,Hanshin Tigers,0.0,2.0,Final,甲子園
20250619-Fukuoka_SoftBank_Hawks-Hiroshima_Toyo_Carp,2025-06-19 18:00:00,2025,Fukuoka SoftBank Hawks,Hiroshima Toyo Carp,16.0,2.0,Final,マツダスタジアム
20250619-Hokkaido_Nippon-Ham_Fighters-Yomiuri_Giants,2025-06-19 18:00:00,2025,Hokkaido Nippon-Ham Fighters,Yomiuri Giants,4.0,1.0,Final,東京ドーム
20250619-Orix_Buffaloes-Chunichi_Dragons,2025-06-19 18:00:00,2025,Orix Buffaloes,Chunichi Dragons,6.0,1.0,Final,バンテリンドーム
20250619-Saitama_Seibu_Lions-Yokohama_DeNA_BayStars,2025-06-19 18:00:00,2025,Saitama Seibu Lions,Yokohama DeNA BayStars,2.0,1.0,Final,横 浜
20250619-Tohoku_Rakuten_Golden_Eagles-Tokyo_Yakult_Swallows,2025-06-19 18:00:00,2025,Tohoku Rakuten Golden Eagles,Tokyo Yakult Swallows,3.0,1.0,Final,神 宮
20250620-Chiba_Lotte_Marines-Yokohama_DeNA_BayStars,2025-06-20 18:00:00,2025,Chiba Lotte Marines,Yokohama DeNA BayStars,6.0,1.0,Final,横 浜
20250620-Fukuoka_SoftBank_Hawks-Hanshin_Tigers,2025-06-20 18:00:00,2025,Fukuoka SoftBank Hawks,Hanshin Tigers,2.0,1.0,Final,甲子園
20250620-Hokkaido_Nippon-Ham_Fighters-Chunichi_Dragons,2025-06-20 18:00:00,2025,Hokkaido Nippon-Ham Fighters,Chunichi Dragons,1.0,0.0,Final,バンテリンドーム
20250620-Orix_Buffaloes-Tokyo_Yakult_Swallows,2025-06-20 18:00:00,2025,Orix Buffaloes,Tokyo Yakult Swallows,10.0,8.0,Final,神 宮
20250620-Saitama_Seibu_Lions-Yomiuri_Giants,2025-06-20 18:00:00,2025,Saitama Seibu Lions,Yomiuri Giants,1.0,2.0,Final,東京ドーム
20250620-Tohoku_Rakuten_Golden_Eagles-Hiroshima_Toyo_Carp,2025-06-20 18:00:00,2025,Tohoku Rakuten Golden Eagles,Hiroshima Toyo Carp,4.0,0.0,Final,マツダスタジアム
20250621-Chiba_Lotte_Marines-Yokohama_DeNA_BayStars,2025-06-21 14:00:00,2025,Chiba Lotte Marines,Yokohama DeNA BayStars,0.0,5.0,Final,横 浜
20250621-Fukuoka_SoftBank_Hawks-Hanshin_Tigers,2025-06-21 14:00:00,2025,Fukuoka SoftBank Hawks,Hanshin Tigers,0.0,3.0,Final,甲子園
20250621-Hokkaido_Nippon-Ham_Fighters-Chunichi_Dragons,2025-06-21 14:00:00,2025,Hokkaido Nippon-Ham Fighters,Chunichi Dragons,3.0,2.0,Final,バンテリンドーム
20250621-Orix_Buffaloes-Tokyo_Yakult_Swallows,2025-06-21 14:00:00,2025,Orix Buffaloes,Tokyo Yakult Swallows,2.0,5.0,Final,神 宮
20250621-Saitama_Seibu_Lions-Yomiuri_Giants,2025-06-21 14:00:00,2025,Saitama Seibu Lions,Yomiuri Giants,2.0,5.0,Final,東京ドーム
20250621-Tohoku_Rakuten_Golden_Eagles-Hiroshima_Toyo_Carp,2025-06-21 14:00:00,2025,Tohoku Rakuten Golden Eagles,Hiroshima Toyo Carp,3.0,8.0,Final,マツダスタジアム
20250622-Tohoku_Rakuten_Golden_Eagles-Hiroshima_Toyo_Carp,2025-06-22 13:00:00,2025,Tohoku Rakuten Golden Eagles,Hiroshima Toyo Carp,2.0,5.0,Final,マツダスタジアム
20250622-Hokkaido_Nippon-Ham_Fighters-Chunichi_Dragons,2025-06-22 13:30:00,2025,Hokkaido Nippon-Ham Fighters,Chunichi Dragons,1.0,4.0,Final,バンテリンドーム
20250622-Orix_Buffaloes-Tokyo_Yakult_Swallows,2025-06-22 13:30:00,2025,Orix Buffaloes,Tokyo Yakult Swallows,4.0,2.0,Final,神 宮
20250622-Chiba_Lotte_Marines-Yokohama_DeNA_BayStars,2025-06-22 14:00:00,2025,Chiba Lotte Marines,Yokohama DeNA BayStars,10.0,9.0,Final,横 浜
20250622-Fukuoka_SoftBank_Hawks-Hanshin_Tigers,2025-06-22 14:00:00,2025,Fukuoka SoftBank Hawks,Hanshin Tigers,3.0,1.0,Final,甲子園
20250622-Saitama_Seibu_Lions-Yomiuri_Giants,2025-06-22 14:00:00,2025,Saitama Seibu Lions,Yomiuri Giants,5.0,0.0,Final,東京ドーム
20250624-Yomiuri_Giants-Chiba_Lotte_Marines,2025-06-24 18:00:00,2025,Yomiuri Giants,Chiba Lotte Marines,4.0,6.0,Final,ZOZOマリン
20250627-Fukuoka_SoftBank_Hawks-Chiba_Lotte_Marines,2025-06-27 18:00:00,2025,Fukuoka SoftBank Hawks,Chiba Lotte Marines,6.0,3.0,Final,ZOZOマリン
20250627-Hanshin_Tigers-Tokyo_Yakult_Swallows,2025-06-27 18:00:00,2025,Hanshin Tigers,Tokyo Yakult Swallows,3.0,4.0,Final,神 宮
20250627-Hiroshima_Toyo_Carp-Chunichi_Dragons,2025-06-27 18:00:00,2025,Hiroshima Toyo Carp,Chunichi Dragons,2.0,3.0,Final,バンテリンドーム
20250627-Hokkaido_Nippon-Ham_Fighters-Saitama_Seibu_Lions,2025-06-27 18:00:00,2025,Hokkaido Nippon-Ham Fighters,Saitama Seibu Lions,5.0,2.0,Final,ベルーナドーム
20250627-Tohoku_Rakuten_Golden_Eagles-Orix_Buffaloes,2025-06-27 18:00:00,2025,Tohoku Rakuten Golden Eagles,Orix Buffaloes,2.0,10.0,Final,京セラD大阪
20250627-Yokohama_DeNA_BayStars-Yomiuri_Giants,2025-06-27 18:00:00,2025,Yokohama DeNA BayStars,Yomiuri Giants,0.0,4.0,Final,東京ドーム
20250628-Hanshin_Tigers-Tokyo_Yakult_Swallows,2025-06-28 14:00:00,2025,Hanshin Tigers,Tokyo Yakult Swallows,2.0,0.0,Final,神 宮
20250628-Hiroshima_Toyo_Carp-Chunichi_Dragons,2025-06-28 14:00:00,2025,Hiroshima Toyo Carp,Chunichi Dragons,2.0,1.0,Final,バンテリンドーム
20250628-Tohoku_Rakuten_Golden_Eagles-Orix_Buffaloes,2025-06-28 14:00:00,2025,Tohoku Rakuten Golden Eagles,Orix Buffaloes,3.0,7.0,Final,京セラD大阪
20250628-Yokohama_DeNA_BayStars-Yomiuri_Giants,2025-06-28 14:00:00,2025,Yokohama DeNA BayStars,Yomiuri Giants,0.0,5.0,Final,東京ドーム
20250628-Fukuoka_SoftBank_Hawks-Chiba_Lotte_Marines,2025-06-28 18:00:00,2025,Fukuoka SoftBank Hawks,Chiba Lotte Marines,0.0,5.0,Final,ZOZOマリン
20250628-Hokkaido_Nippon-Ham_Fighters-Saitama_Seibu_Lions,2025-06-28 18:00:00,2025,Hokkaido Nippon-Ham Fighters,Saitama Seibu Lions,2.0,3.0,Final,ベルーナドーム
20250629-Tohoku_Rakuten_Golden_Eagles-Orix_Buffaloes,2025-06-29 13:00:00,2025,Tohoku Rakuten Golden Eagles,Orix Buffaloes,4.0,2.0,Final,京セラD大阪
20250629-Hanshin_Tigers-Tokyo_Yakult_Swallows,2025-06-29 13:30:00,2025,Hanshin Tigers,Tokyo Yakult Swallows,6.0,0.0,Final,神 宮
20250629-Hiroshima_Toyo_Carp-Chunichi_Dragons,2025-06-29 13:30:00,2025,Hiroshima Toyo Carp,Chunichi Dragons,2.0,1.0,Final,バンテリンドーム
20250629-Hokkaido_Nippon-Ham_Fighters-Saitama_Seibu_Lions,2025-06-29 14:00:00,2025,Hokkaido Nippon-Ham Fighters,Saitama Seibu Lions,2.0,1.0,Final,ベルーナドーム
20250629-Yokohama_DeNA_BayStars-Yomiuri_Giants,2025-06-29 14:00:00,2025,Yokohama DeNA BayStars,Yomiuri Giants,0.0,1.0,Final,東京ドーム
20250629-Fukuoka_SoftBank_Hawks-Chiba_Lotte_Marines,2025-06-29 17:00:00,2025,Fukuoka SoftBank Hawks,Chiba Lotte Marines,2.0,1.0,Final,ZOZOマリン
20250701-Chiba_Lotte_Marines-Tohoku_Rakuten_Golden_Eagles,2025-07-01 18:00:00,2025,Chiba Lotte Marines,Tohoku Rakuten Golden Eagles,0.0,6.0,Final,楽天モバイル
20250701-Chunichi_Dragons-Yokohama_DeNA_BayStars,2025-07-01 18:00:00,2025,Chunichi Dragons,Yokohama DeNA BayStars,2.0,3.0,Final,横 浜
20250701-Hokkaido_Nippon-Ham_Fighters-Fukuoka_SoftBank_Hawks,2025-07-01 18:00:00,2025,Hokkaido Nippon-Ham Fighters,Fukuoka SoftBank Hawks,0.0,1.0,Final,東京ドーム
20250701-Tokyo_Yakult_Swallows-Hiroshima_Toyo_Carp,2025-07-01 18:00:00,2025,Tokyo Yakult Swallows,Hiroshima Toyo Carp,2.0,2.0,Final,マツダスタジアム
20250701-Yomiuri_Giants-Hanshin_Tigers,2025-07-01 18:00:00,2025,Yomiuri Giants,Hanshin Tigers,1.0,2.0,Final,甲子園
20250701-Orix_Buffaloes-Saitama_Seibu_Lions,2025-07-01 18:30:00,2025,Orix Buffaloes,Saitama Seibu Lions,3.0,0.0,Final,那 覇
20250702-Chiba_Lotte_Marines-Tohoku_Rakuten_Golden_Eagles,2025-07-02 18:00:00,2025,Chiba Lotte Marines,Tohoku Rakuten Golden Eagles,6.0,3.0,Final,楽天モバイル
20250702-Chunichi_Dragons-Yokohama_DeNA_BayStars,2025-07-02 18:00:00,2025,Chunichi Dragons,Yokohama DeNA BayStars,3.0,4.0,Final,横 浜
20250702-Hokkaido_Nippon-Ham_Fighters-Fukuoka_SoftBank_Hawks,2025-07-02 18:00:00,2025,Hokkaido Nippon-Ham Fighters,Fukuoka SoftBank Hawks,1.0,2.0,Final,みずほPayPay
20250702-Tokyo_Yakult_Swallows-Hiroshima_Toyo_Carp,2025-07-02 18:00:00,2025,Tokyo Yakult Swallows,Hiroshima Toyo Carp,1.0,2.0,Final,マツダスタジアム
20250702-Yomiuri_Giants-Hanshin_Tigers,2025-07-02 18:00:00,2025,Yomiuri Giants,Hanshin Tigers,0.0,1.0,Final,甲子園
20250702-Orix_Buffaloes-Saitama_Seibu_Lions,2025-07-02 18:30:00,2025,Orix Buffaloes,Saitama Seibu Lions,6.0,2.0,Final,那 覇
20250703-Chunichi_Dragons-Yokohama_DeNA_BayStars,2025-07-03 18:00:00,2025,Chunichi Dragons,Yokohama DeNA BayStars,5.0,8.0,Final,横 浜
20250703-Hokkaido_Nippon-Ham_Fighters-Fukuoka_SoftBank_Hawks,2025-07-03 18:00:00,2025,Hokkaido Nippon-Ham Fighters,Fukuoka SoftBank Hawks,1.0,4.0,Final,みずほPayPay
20250703-Tokyo_Yakult_Swallows-Hiroshima_Toyo_Carp,2025-07-03 18:00:00,2025,Tokyo Yakult Swallows,Hiroshima Toyo Carp,5.0,0.0,Final,マツダスタジアム
20250703-Yomiuri_Giants-Hanshin_Tigers,2025-07-03 18:00:00,2025,Yomiuri Giants,Hanshin Tigers,2.0,3.0,Final,甲子園
20250704-Chiba_Lotte_Marines-Orix_Buffaloes,2025-07-04 18:00:00,2025,Chiba Lotte Marines,Orix Buffaloes,6.0,8.0,Final,ほっと神戸
20250704-Hanshin_Tigers-Yokohama_DeNA_BayStars,2025-07-04 18:00:00,2025,Hanshin Tigers,Yokohama DeNA BayStars,7.0,1.0,Final,横 浜
20250704-Hiroshima_Toyo_Carp-Yomiuri_Giants,2025-07-04 18:00:00,2025,Hiroshima Toyo Carp,Yomiuri Giants,0.0,1.0,Final,東京ドーム
20250704-Saitama_Seibu_Lions-Fukuoka_SoftBank_Hawks,2025-07-04 18:00:00,2025,Saitama Seibu Lions,Fukuoka SoftBank Hawks,1.0,0.0,Final,みずほPayPay
20250704-Tohoku_Rakuten_Golden_Eagles-Hokkaido_Nippon-Ham_Fighters,2025-07-04 18:00:00,2025,Tohoku Rakuten Golden Eagles,Hokkaido Nippon-Ham Fighters,1.0,7.0,Final,エスコンＦ
20250704-Tokyo_Yakult_Swallows-Chunichi_Dragons,2025-07-04 18:00:00,2025,Tokyo Yakult Swallows,Chunichi Dragons,1.0,2.0,Final,バンテリンドーム
20250705-Tohoku_Rakuten_Golden_Eagles-Hokkaido_Nippon-Ham_Fighters,2025-07-05 14:00:00,2025,Tohoku Rakuten Golden Eagles,Hokkaido Nippon-Ham Fighters,1.0,12.0,Final,エスコンＦ
20250705-Tokyo_Yakult_Swallows-Chunichi_Dragons,2025-07-05 14:00:00,2025,Tokyo Yakult Swallows,Chunichi Dragons,6.0,4.0,Final,バンテリンドーム
20250705-Chiba_Lotte_Marines-Orix_Buffaloes,2025-07-05 18:00:00,2025,Chiba Lotte Marines,Orix Buffaloes,8.0,2.0,Final,ほっと神戸
20250705-Hanshin_Tigers-Yokohama_DeNA_BayStars,2025-07-05 18:00:00,2025,Hanshin Tigers,Yokohama DeNA BayStars,3.0,0.0,Final,横 浜
20250705-Hiroshima_Toyo_Carp-Yomiuri_Giants,2025-07-05 18:00:00,2025,Hiroshima Toyo Carp,Yomiuri Giants,0.0,0.0,Final,東京ドーム
20250705-Saitama_Seibu_Lions-Fukuoka_SoftBank_Hawks,2025-07-05 18:00:00,2025,Saitama Seibu Lions,Fukuoka SoftBank Hawks,3.0,4.0,Final,みずほPayPay
20250706-Saitama_Seibu_Lions-Fukuoka_SoftBank_Hawks,2025-07-06 13:00:00,2025,Saitama Seibu Lions,Fukuoka SoftBank Hawks,1.0,3.0,Final,みずほPayPay
20250706-Tohoku_Rakuten_Golden_Eagles-Hokkaido_Nippon-Ham_Fighters,2025-07-06 13:00:00,2025,Tohoku Rakuten Golden Eagles,Hokkaido Nippon-Ham Fighters,6.0,8.0,Final,エスコンＦ
20250706-Tokyo_Yakult_Swallows-Chunichi_Dragons,2025-07-06 13:30:00,2025,Tokyo Yakult Swallows,Chunichi Dragons,5.0,4.0,Final,バンテリンドーム
20250706-Chiba_Lotte_Marines-Orix_Buffaloes,2025-07-06 14:00:00,2025,Chiba Lotte Marines,Orix Buffaloes,1.0,4.0,Final,京セラD大阪
20250706-Hiroshima_Toyo_Carp-Yomiuri_Giants,2025-07-06 14:00:00,2025,Hiroshima Toyo Carp,Yomiuri Giants,3.0,2.0,Final,東京ドーム
20250706-Hanshin_Tigers-Yokohama_DeNA_BayStars,2025-07-06 18:00:00,2025,Hanshin Tigers,Yokohama DeNA BayStars,5.0,1.0,Final,横 浜
20250708-Chunichi_Dragons-Yomiuri_Giants,2025-07-08 18:00:00,2025,Chunichi Dragons,Yomiuri Giants,4.0,5.0,Final,山 形
20250708-Fukuoka_SoftBank_Hawks-Orix_Buffaloes,2025-07-08 18:00:00,2025,Fukuoka SoftBank Hawks,Orix Buffaloes,9.0,1.0,Final,京セラD大阪
20250708-Hanshin_Tigers-Hiroshima_Toyo_Carp,2025-07-08 18:00:00,2025,Hanshin Tigers,Hiroshima Toyo Carp,6.0,1.0,Final,マツダスタジアム
20250708-Hokkaido_Nippon-Ham_Fighters-Chiba_Lotte_Marines,2025-07-08 18:00:00,2025,Hokkaido Nippon-Ham Fighters,Chiba Lotte Marines,5.0,4.0,Final,ZOZOマリン
20250708-Tohoku_Rakuten_Golden_Eagles-Saitama_Seibu_Lions,2025-07-08 18:00:00,2025,Tohoku Rakuten Golden Eagles,Saitama Seibu Lions,7.0,2.0,Final,ベルーナドーム
20250708-Yokohama_DeNA_BayStars-Tokyo_Yakult_Swallows,2025-07-08 18:00:00,2025,Yokohama DeNA BayStars,Tokyo Yakult Swallows,4.0,0.0,Final,神 宮
20250709-Chunichi_Dragons-Yomiuri_Giants,2025-07-09 18:00:00,2025,Chunichi Dragons,Yomiuri Giants,3.0,2.0,Final,福 島
20250709-Fukuoka_SoftBank_Hawks-Orix_Buffaloes,2025-07-09 18:00:00,2025,Fukuoka SoftBank Hawks,Orix Buffaloes,1.0,0.0,Final,京セラD大阪
20250709-Hanshin_Tigers-Hiroshima_Toyo_Carp,2025-07-09 18:00:00,2025,Hanshin Tigers,Hiroshima Toyo Carp,3.0,1.0,Final,マツダスタジアム
20250709-Hokkaido_Nippon-Ham_Fighters-Chiba_Lotte_Marines,2025-07-09 18:00:00,2025,Hokkaido Nippon-Ham Fighters,Chiba Lotte Marines,13.0,1.0,Final,ZOZOマリン
20250709-Tohoku_Rakuten_Golden_Eagles-Saitama_Seibu_Lions,2025-07-09 18:00:00,2025,Tohoku Rakuten Golden Eagles,Saitama Seibu Lions,2.0,0.0,Final,ベルーナドーム
20250709-Yokohama_DeNA_BayStars-Tokyo_Yakult_Swallows,2025-07-09 18:00:00,2025,Yokohama DeNA BayStars,Tokyo Yakult Swallows,4.0,4.0,Final,神 宮
20250710-Fukuoka_SoftBank_Hawks-Orix_Buffaloes,2025-07-10 18:00:00,2025,Fukuoka SoftBank Hawks,Orix Buffaloes,0.0,4.0,Final,京セラD大阪
20250710-Hanshin_Tigers-Hiroshima_Toyo_Carp,2025-07-10 18:00:00,2025,Hanshin Tigers,Hiroshima Toyo Carp,6.0,3.0,Final,マツダスタジアム
20250710-Tohoku_Rakuten_Golden_Eagles-Saitama_Seibu_Lions,2025-07-10 18:00:00,2025,Tohoku Rakuten Golden Eagles,Saitama Seibu Lions,1.0,5.0,Final,ベルーナドーム
20250711-Fukuoka_SoftBank_Hawks-Tohoku_Rakuten_Golden_Eagles,2025-07-11 18:00:00,2025,Fukuoka SoftBank Hawks,Tohoku Rakuten Golden Eagles,0.0,3.0,Final,楽天モバイル
20250711-Hiroshima_Toyo_Carp-Chunichi_Dragons,2025-07-11 18:00:00,2025,Hiroshima Toyo Carp,Chunichi Dragons,1.0,2.0,Final,バンテリンドーム
20250711-Orix_Buffaloes-Hokkaido_Nippon-Ham_Fighters,2025-07-11 18:00:00,2025,Orix Buffaloes,Hokkaido Nippon-Ham Fighters,6.0,0.0,Final,エスコンＦ
20250711-Saitama_Seibu_Lions-Chiba_Lotte_Marines,2025-07-11 18:00:00,2025,Saitama Seibu Lions,Chiba Lotte Marines,2.0,2.0,Final,ZOZOマリン
20250711-Tokyo_Yakult_Swallows-Hanshin_Tigers,2025-07-11 18:00:00,2025,Tokyo Yakult Swallows,Hanshin Tigers,6.0,3.0,Final,甲子園
20250711-Yomiuri_Giants-Yokohama_DeNA_BayStars,2025-07-11 18:00:00,2025,Yomiuri Giants,Yokohama DeNA BayStars,2.0,1.0,Final,横 浜
20250712-Hiroshima_Toyo_Carp-Chunichi_Dragons,2025-07-12 14:00:00,2025,Hiroshima Toyo Carp,Chunichi Dragons,1.0,7.0,Final,バンテリンドーム
20250712-Orix_Buffaloes-Hokkaido_Nippon-Ham_Fighters,2025-07-12 14:00:00,2025,Orix Buffaloes,Hokkaido Nippon-Ham Fighters,3.0,7.0,Final,エスコンＦ
20250712-Fukuoka_SoftBank_Hawks-Tohoku_Rakuten_Golden_Eagles,2025-07-12 16:00:00,2025,Fukuoka SoftBank Hawks,Tohoku Rakuten Golden Eagles,0.0,7.0,Final,楽天モバイル
20250712-Saitama_Seibu_Lions-Chiba_Lotte_Marines,2025-07-12 18:00:00,2025,Saitama Seibu Lions,Chiba Lotte Marines,5.0,1.0,Final,ZOZOマリン
20250712-Tokyo_Yakult_Swallows-Hanshin_Tigers,2025-07-12 18:00:00,2025,Tokyo Yakult Swallows,Hanshin Tigers,2.0,5.0,Final,甲子園
20250712-Yomiuri_Giants-Yokohama_DeNA_BayStars,2025-07-12 18:00:00,2025,Yomiuri Giants,Yokohama DeNA BayStars,3.0,0.0,Final,横 浜
20250713-Fukuoka_SoftBank_Hawks-Tohoku_Rakuten_Golden_Eagles,2025-07-13 13:00:00,2025,Fukuoka SoftBank Hawks,Tohoku Rakuten Golden Eagles,5.0,3.0,Final,楽天モバイル
20250713-Orix_Buffaloes-Hokkaido_Nippon-Ham_Fighters,2025-07-13 13:00:00,2025,Orix Buffaloes,Hokkaido Nippon-Ham Fighters,0.0,4.0,Final,エスコンＦ
20250713-Hiroshima_Toyo_Carp-Chunichi_Dragons,2025-07-13 13:30:00,2025,Hiroshima Toyo Carp,Chunichi Dragons,2.0,3.0,Final,バンテリンドーム
20250713-Saitama_Seibu_Lions-Chiba_Lotte_Marines,2025-07-13 17:00:00,2025,Saitama Seibu Lions,Chiba Lotte Marines,1.0,5.0,Final,ZOZOマリン
20250713-Tokyo_Yakult_Swallows-Hanshin_Tigers,2025-07-13 18:00:00,2025,Tokyo Yakult Swallows,Hanshin Tigers,1.0,2.0,Final,甲子園
20250713-Yomiuri_Giants-Yokohama_DeNA_BayStars,2025-07-13 18:00:00,2025,Yomiuri Giants,Yokohama DeNA BayStars,3.0,4.0,Final,横 浜
20250714-Hokkaido_Nippon-Ham_Fighters-Saitama_Seibu_Lions,2025-07-14 18:00:00,2025,Hokkaido Nippon-Ham Fighters,Saitama Seibu Lions,2.0,1.0,Final,東京ドーム
20250715-Chiba_Lotte_Marines-Fukuoka_SoftBank_Hawks,2025-07-15 18:00:00,2025,Chiba Lotte Marines,Fukuoka SoftBank Hawks,2.0,10.0,Final,みずほPayPay
20250715-Chunichi_Dragons-Hanshin_Tigers,2025-07-15 18:00:00,2025,Chunichi Dragons,Hanshin Tigers,3.0,2.0,Final,甲子園
20250715-Tohoku_Rakuten_Golden_Eagles-Orix_Buffaloes,2025-07-15 18:00:00,2025,Tohoku Rakuten Golden Eagles,Orix Buffaloes,7.0,6.0,Final,京セラD大阪
20250715-Yokohama_DeNA_BayStars-Hiroshima_Toyo_Carp,2025-07-15 18:00:00,2025,Yokohama DeNA BayStars,Hiroshima Toyo Carp,1.0,0.0,Final,マツダスタジアム
20250715-Yomiuri_Giants-Tokyo_Yakult_Swallows,2025-07-15 18:00:00,2025,Yomiuri Giants,Tokyo Yakult Swallows,,,Postponed,静 岡
20250716-Chiba_Lotte_Marines-Fukuoka_SoftBank_Hawks,2025-07-16 18:00:00,2025,Chiba Lotte Marines,Fukuoka SoftBank Hawks,0.0,6.0,Final,みずほPayPay
20250716-Chunichi_Dragons-Hanshin_Tigers,2025-07-16 18:00:00,2025,Chunichi Dragons,Hanshin Tigers,6.0,0.0,Final,甲子園
20250716-Hokkaido_Nippon-Ham_Fighters-Saitama_Seibu_Lions,2025-07-16 18:00:00,2025,Hokkaido Nippon-Ham Fighters,Saitama Seibu Lions,10.0,1.0,Final,ベルーナドーム
20250716-Tohoku_Rakuten_Golden_Eagles-Orix_Buffaloes,2025-07-16 18:00:00,2025,Tohoku Rakuten Golden Eagles,Orix Buffaloes,0.0,1.0,Final,京セラD大阪
20250716-Yokohama_DeNA_BayStars-Hiroshima_Toyo_Carp,2025-07-16 18:00:00,2025,Yokohama DeNA BayStars,Hiroshima Toyo Carp,3.0,4.0,Final,マツダスタジアム
20250717-Chiba_Lotte_Marines-Fukuoka_SoftBank_Hawks,2025-07-17 18:00:00,2025,Chiba Lotte Marines,Fukuoka SoftBank Hawks,2.0,2.0,Final,北九州
20250717-Chunichi_Dragons-Hanshin_Tigers,2025-07-17 18:00:00,2025,Chunichi Dragons,Hanshin Tigers,,,Postponed,甲子園
20250717-Hokkaido_Nippon-Ham_Fighters-Saitama_Seibu_Lions,2025-07-17 18:00:00,2025,Hokkaido Nippon-Ham Fighters,Saitama Seibu Lions,3.0,4.0,Final,ベルーナドーム
20250717-Tohoku_Rakuten_Golden_Eagles-Orix_Buffaloes,2025-07-17 18:00:00,2025,Tohoku Rakuten Golden Eagles,Orix Buffaloes,,,Postponed,ほっと神戸
20250717-Yokohama_DeNA_BayStars-Hiroshima_Toyo_Carp,2025-07-17 18:00:00,2025,Yokohama DeNA BayStars,Hiroshima Toyo Carp,1.0,1.0,Final,マツダスタジアム
20250717-Yomiuri_Giants-Tokyo_Yakult_Swallows,2025-07-17 18:00:00,2025,Yomiuri Giants,Tokyo Yakult Swallows,2.0,3.0,Final,神 宮
20250718-Orix_Buffaloes-Chiba_Lotte_Marines,2025-07-18 18:00:00,2025,Orix Buffaloes,Chiba Lotte Marines,8.0,3.0,Final,ZOZOマリン
20250719-Hokkaido_Nippon-Ham_Fighters-Tohoku_Rakuten_Golden_Eagles,2025-07-19 14:00:00,2025,Hokkaido Nippon-Ham Fighters,Tohoku Rakuten Golden Eagles,5.0,2.0,Final,楽天モバイル
20250719-Yokohama_DeNA_BayStars-Chunichi_Dragons,2025-07-19 14:00:00,2025,Yokohama DeNA BayStars,Chunichi Dragons,2.0,7.0,Final,バンテリンドーム
20250719-Fukuoka_SoftBank_Hawks-Saitama_Seibu_Lions,2025-07-19 18:00:00,2025,Fukuoka SoftBank Hawks,Saitama Seibu Lions,4.0,0.0,Final,ベルーナドーム
20250719-Hanshin_Tigers-Yomiuri_Giants,2025-07-19 18:00:00,2025,Hanshin Tigers,Yomiuri Giants,4.0,0.0,Final,東京ドーム
20250719-Hiroshima_Toyo_Carp-Tokyo_Yakult_Swallows,2025-07-19 18:00:00,2025,Hiroshima Toyo Carp,Tokyo Yakult Swallows,1.0,3.0,Final,神 宮
20250719-Orix_Buffaloes-Chiba_Lotte_Marines,2025-07-19 18:00:00,2025,Orix Buffaloes,Chiba Lotte Marines,0.0,8.0,Final,ZOZOマリン
20250720-Hokkaido_Nippon-Ham_Fighters-Tohoku_Rakuten_Golden_Eagles,2025-07-20 13:00:00,2025,Hokkaido Nippon-Ham Fighters,Tohoku Rakuten Golden Eagles,4.0,2.0,Final,楽天モバイル
20250720-Yokohama_DeNA_BayStars-Chunichi_Dragons,2025-07-20 13:30:00,2025,Yokohama DeNA BayStars,Chunichi Dragons,5.0,3.0,Final,バンテリンドーム
20250720-Hanshin_Tigers-Yomiuri_Giants,2025-07-20 14:00:00,2025,Hanshin Tigers,Yomiuri Giants,2.0,1.0,Final,東京ドーム
20250720-Fukuoka_SoftBank_Hawks-Saitama_Seibu_Lions,2025-07-20 17:00:00,2025,Fukuoka SoftBank Hawks,Saitama Seibu Lions,7.0,3.0,Final,ベルーナドーム
20250720-Hiroshima_Toyo_Carp-Tokyo_Yakult_Swallows,2025-07-20 18:00:00,2025,Hiroshima Toyo Carp,Tokyo Yakult Swallows,7.0,8.0,Final,神 宮
20250720-Orix_Buffaloes-Chiba_Lotte_Marines,2025-07-20 18:00:00,2025,Orix Buffaloes,Chiba Lotte Marines,2.0,8.0,Final,ZOZOマリン
20250721-Hokkaido_Nippon-Ham_Fighters-Tohoku_Rakuten_Golden_Eagles,2025-07-21 13:00:00,2025,Hokkaido Nippon-Ham Fighters,Tohoku Rakuten Golden Eagles,2.0,0.0,Final,楽天モバイル
20250721-Hanshin_Tigers-Yomiuri_Giants,2025-07-21 14:00:00,2025,Hanshin Tigers,Yomiuri Giants,5.0,6.0,Final,東京ドーム
20250721-Yokohama_DeNA_BayStars-Chunichi_Dragons,2025-07-21 14:00:00,2025,Yokohama DeNA BayStars,Chunichi Dragons,1.0,0.0,Final,バンテリンドーム
20250721-Fukuoka_SoftBank_Hawks-Saitama_Seibu_Lions,2025-07-21 17:00:00,2025,Fukuoka SoftBank Hawks,Saitama Seibu Lions,4.0,1.0,Final,ベルーナドーム
20250721-Orix_Buffaloes-Chiba_Lotte_Marines,2025-07-21 17:00:00,2025,Orix Buffaloes,Chiba Lotte Marines,0.0,2.0,Final,ZOZOマリン
20250721-Hiroshima_Toyo_Carp-Tokyo_Yakult_Swallows,2025-07-21 18:00:00,2025,Hiroshima Toyo Carp,Tokyo Yakult Swallows,6.0,7.0,Final,神 宮
20250723-セ・リーグ-パ・リーグ,2025-07-23 18:30:00,2025,セ・リーグ,パ・リーグ,1.0,5.0,Final,京セラD大阪
20250724-パ・リーグ-セ・リーグ,2025-07-24 18:30:00,2025,パ・リーグ,セ・リーグ,10.0,7.0,Final,横 浜
20250726-Chiba_Lotte_Marines-Hokkaido_Nippon-Ham_Fighters,2025-07-26 18:00:00,2025,Chiba Lotte Marines,Hokkaido Nippon-Ham Fighters,0.0,5.0,Final,エスコンＦ
20250726-Chunichi_Dragons-Tokyo_Yakult_Swallows,2025-07-26 18:00:00,2025,Chunichi Dragons,Tokyo Yakult Swallows,1.0,2.0,Final,神 宮
20250726-Orix_Buffaloes-Fukuoka_SoftBank_Hawks,2025-07-26 18:00:00,2025,Orix Buffaloes,Fukuoka SoftBank Hawks,3.0,11.0,Final,みずほPayPay
20250726-Saitama_Seibu_Lions-Tohoku_Rakuten_Golden_Eagles,2025-07-26 18:00:00,2025,Saitama Seibu Lions,Tohoku Rakuten Golden Eagles,2.0,3.0,Final,楽天モバイル
20250726-Yokohama_DeNA_BayStars-Hanshin_Tigers,2025-07-26 18:00:00,2025,Yokohama DeNA BayStars,Hanshin Tigers,0.0,2.0,Final,甲子園
20250726-Yomiuri_Giants-Hiroshima_Toyo_Carp,2025-07-26 18:00:00,2025,Yomiuri Giants,Hiroshima Toyo Carp,5.0,1.0,Final,マツダスタジアム
20250727-Chiba_Lotte_Marines-Hokkaido_Nippon-Ham_Fighters,2025-07-27 14:00:00,2025,Chiba Lotte Marines,Hokkaido Nippon-Ham Fighters,5.0,4.0,Final,エスコンＦ
20250727-Orix_Buffaloes-Fukuoka_SoftBank_Hawks,2025-07-27 14:00:00,2025,Orix Buffaloes,Fukuoka SoftBank Hawks,1.0,3.0,Final,みずほPayPay
20250727-Saitama_Seibu_Lions-Tohoku_Rakuten_Golden_Eagles,2025-07-27 17:00:00,2025,Saitama Seibu Lions,Tohoku Rakuten Golden Eagles,1.0,4.0,Final,楽天モバイル
20250727-Chunichi_Dragons-Tokyo_Yakult_Swallows,2025-07-27 18:00:00,2025,Chunichi Dragons,Tokyo Yakult Swallows,2.0,3.0,Final,神 宮
20250727-Yokohama_DeNA_BayStars-Hanshin_Tigers,2025-07-27 18:00:00,2025,Yokohama DeNA BayStars,Hanshin Tigers,1.0,7.0,Final,甲子園
20250727-Yomiuri_Giants-Hiroshima_Toyo_Carp,2025-07-27 18:00:00,2025,Yomiuri Giants,Hiroshima Toyo Carp,6.0,5.0,Final,マツダスタジアム
20250729-Tokyo_Yakult_Swallows-Yokohama_DeNA_BayStars,2025-07-29 17:45:00,2025,Tokyo Yakult Swallows,Yokohama DeNA BayStars,5.0,1.0,Final,横 浜
20250729-Fukuoka_SoftBank_Hawks-Hokkaido_Nippon-Ham_Fighters,2025-07-29 18:00:00,2025,Fukuoka SoftBank Hawks,Hokkaido Nippon-Ham Fighters,5.0,2.0,Final,エスコンＦ
20250729-Hiroshima_Toyo_Carp-Hanshin_Tigers,2025-07-29 18:00:00,2025,Hiroshima Toyo Carp,Hanshin Tigers,0.0,1.0,Final,甲子園
20250729-Saitama_Seibu_Lions-Orix_Buffaloes,2025-07-29 18:00:00,2025,Saitama Seibu Lions,Orix Buffaloes,3.0,2.0,Final,京セラD大阪
20250729-Tohoku_Rakuten_Golden_Eagles-Chiba_Lotte_Marines,2025-07-29 18:00:00,2025,Tohoku Rakuten Golden Eagles,Chiba Lotte Marines,2.0,1.0,Final,ZOZOマリン
20250729-Yomiuri_Giants-Chunichi_Dragons,2025-07-29 18:00:00,2025,Yomiuri Giants,Chunichi Dragons,5.0,8.0,Final,バンテリンドーム
20250730-Tokyo_Yakult_Swallows-Yokohama_DeNA_BayStars,2025-07-30 17:45:00,2025,Tokyo Yakult Swallows,Yokohama DeNA BayStars,2.0,1.0,Final,横 浜
20250730-Fukuoka_SoftBank_Hawks-Hokkaido_Nippon-Ham_Fighters,2025-07-30 18:00:00,2025,Fukuoka SoftBank Hawks,Hokkaido Nippon-Ham Fighters,4.0,5.0,Final,エスコンＦ
20250730-Hiroshima_Toyo_Carp-Hanshin_Tigers,2025-07-30 18:00:00,2025,Hiroshima Toyo Carp,Hanshin Tigers,0.0,5.0,Final,甲子園
20250730-Saitama_Seibu_Lions-Orix_Buffaloes,2025-07-30 18:00:00,2025,Saitama Seibu Lions,Orix Buffaloes,4.0,6.0,Final,京セラD大阪
20250730-Tohoku_Rakuten_Golden_Eagles-Chiba_Lotte_Marines,2025-07-30 18:00:00,2025,Tohoku Rakuten Golden Eagles,Chiba Lotte Marines,8.0,5.0,Final,ZOZOマリン
20250730-Yomiuri_Giants-Chunichi_Dragons,2025-07-30 18:00:00,2025,Yomiuri Giants,Chunichi Dragons,2.0,0.0,Final,バンテリンドーム
20250731-Tokyo_Yakult_Swallows-Yokohama_DeNA_BayStars,2025-07-31 17:45:00,2025,Tokyo Yakult Swallows,Yokohama DeNA BayStars,1.0,14.0,Final,横 浜
20250731-Fukuoka_SoftBank_Hawks-Hokkaido_Nippon-Ham_Fighters,2025-07-31 18:00:00,2025,Fukuoka SoftBank Hawks,Hokkaido Nippon-Ham Fighters,5.0,4.0,Final,エスコンＦ
20250731-Hiroshima_Toyo_Carp-Hanshin_Tigers,2025-07-31 18:00:00,2025,Hiroshima Toyo Carp,Hanshin Tigers,6.0,3.0,Final,甲子園
20250731-Saitama_Seibu_Lions-Orix_Buffaloes,2025-07-31 18:00:00,2025,Saitama Seibu Lions,Orix Buffaloes,2.0,6.0,Final,京セラD大阪
20250731-Yomiuri_Giants-Chunichi_Dragons,2025-07-31 18:00:00,2025,Yomiuri Giants,Chunichi Dragons,6.0,7.0,Final,バンテリンドーム
20250731-Tohoku_Rakuten_Golden_Eagles-Chiba_Lotte_Marines,2025-07-31 18:30:00,2025,Tohoku Rakuten Golden Eagles,Chiba Lotte Marines,6.0,5.0,Final,東京ドーム
20250801-Chiba_Lotte_Marines-Saitama_Seibu_Lions,2025-08-01 18:00:00,2025,Chiba Lotte Marines,Saitama Seibu Lions,2.0,11.0,Final,ベルーナドーム
20250801-Chunichi_Dragons-Hiroshima_Toyo_Carp,2025-08-01 18:00:00,2025,Chunichi Dragons,Hiroshima Toyo Carp,1.0,3.0,Final,マツダスタジアム
20250801-Hanshin_Tigers-Tokyo_Yakult_Swallows,2025-08-01 18:00:00,2025,Hanshin Tigers,Tokyo Yakult Swallows,3.0,2.0,Final,神 宮
20250801-Hokkaido_Nippon-Ham_Fighters-Orix_Buffaloes,2025-08-01 18:00:00,2025,Hokkaido Nippon-Ham Fighters,Orix Buffaloes,2.0,4.0,Final,京セラD大阪
20250801-Tohoku_Rakuten_Golden_Eagles-Fukuoka_SoftBank_Hawks,2025-08-01 18:00:00,2025,Tohoku Rakuten Golden Eagles,Fukuoka SoftBank Hawks,1.0,3.0,Final,みずほPayPay
20250801-Yokohama_DeNA_BayStars-Yomiuri_Giants,2025-08-01 18:00:00,2025,Yokohama DeNA BayStars,Yomiuri Giants,7.0,2.0,Final,東京ドーム
20250802-Hokkaido_Nippon-Ham_Fighters-Orix_Buffaloes,2025-08-02 14:00:00,2025,Hokkaido Nippon-Ham Fighters,Orix Buffaloes,7.0,1.0,Final,京セラD大阪
20250802-Tohoku_Rakuten_Golden_Eagles-Fukuoka_SoftBank_Hawks,2025-08-02 14:00:00,2025,Tohoku Rakuten Golden Eagles,Fukuoka SoftBank Hawks,2.0,5.0,Final,みずほPayPay
20250802-Yokohama_DeNA_BayStars-Yomiuri_Giants,2025-08-02 15:00:00,2025,Yokohama DeNA BayStars,Yomiuri Giants,7.0,4.0,Final,東京ドーム
20250802-Chiba_Lotte_Marines-Saitama_Seibu_Lions,2025-08-02 18:00:00,2025,Chiba Lotte Marines,Saitama Seibu Lions,5.0,5.0,Final,ベルーナドーム
20250802-Chunichi_Dragons-Hiroshima_Toyo_Carp,2025-08-02 18:00:00,2025,Chunichi Dragons,Hiroshima Toyo Carp,6.0,0.0,Final,マツダスタジアム
20250802-Hanshin_Tigers-Tokyo_Yakult_Swallows,2025-08-02 18:00:00,2025,Hanshin Tigers,Tokyo Yakult Swallows,5.0,1.0,Final,神 宮
20250803-Hokkaido_Nippon-Ham_Fighters-Orix_Buffaloes,2025-08-03 13:00:00,2025,Hokkaido Nippon-Ham Fighters,Orix Buffaloes,9.0,0.0,Final,京セラD大阪
20250803-Tohoku_Rakuten_Golden_Eagles-Fukuoka_SoftBank_Hawks,2025-08-03 13:00:00,2025,Tohoku Rakuten Golden Eagles,Fukuoka SoftBank Hawks,1.0,8.0,Final,みずほPayPay
20250803-Yokohama_DeNA_BayStars-Yomiuri_Giants,2025-08-03 14:00:00,2025,Yokohama DeNA BayStars,Yomiuri Giants,3.0,4.0,Final,東京ドーム
20250803-Chiba_Lotte_Marines-Saitama_Seibu_Lions,2025-08-03 17:00:00,2025,Chiba Lotte Marines,Saitama Seibu Lions,2.0,1.0,Final,ベルーナドーム
20250803-Chunichi_Dragons-Hiroshima_Toyo_Carp,2025-08-03 18:00:00,2025,Chunichi Dragons,Hiroshima Toyo Carp,1.0,2.0,Final,マツダスタジアム
20250803-Hanshin_Tigers-Tokyo_Yakult_Swallows,2025-08-03 18:00:00,2025,Hanshin Tigers,Tokyo Yakult Swallows,1.0,8.0,Final,神 宮
20250805-Saitama_Seibu_Lions-Hokkaido_Nippon-Ham_Fighters,2025-08-05 14:00:00,2025,Saitama Seibu Lions,Hokkaido Nippon-Ham Fighters,1.0,6.0,Final,エスコンＦ
20250805-Hiroshima_Toyo_Carp-Yokohama_DeNA_BayStars,2025-08-05 17:45:00,2025,Hiroshima Toyo Carp,Yokohama DeNA BayStars,4.0,5.0,Final,横 浜
20250805-Fukuoka_SoftBank_Hawks-Chiba_Lotte_Marines,2025-08-05 18:00:00,2025,Fukuoka SoftBank Hawks,Chiba Lotte Marines,3.0,6.0,Final,ZOZOマリン
20250805-Hanshin_Tigers-Chunichi_Dragons,2025-08-05 18:00:00,2025,Hanshin Tigers,Chunichi Dragons,6.0,2.0,Final,バンテリンドーム
20250805-Orix_Buffaloes-Tohoku_Rakuten_Golden_Eagles,2025-08-05 18:00:00,2025,Orix Buffaloes,Tohoku Rakuten Golden Eagles,0.0,1.0,Final,楽天モバイル
20250805-Tokyo_Yakult_Swallows-Yomiuri_Giants,2025-08-05 18:00:00,2025,Tokyo Yakult Swallows,Yomiuri Giants,2.0,5.0,Final,東京ドーム
20250806-Saitama_Seibu_Lions-Hokkaido_Nippon-Ham_Fighters,2025-08-06 14:00:00,2025,Saitama Seibu Lions,Hokkaido Nippon-Ham Fighters,0.0,4.0,Final,エスコンＦ
20250806-Hiroshima_Toyo_Carp-Yokohama_DeNA_BayStars,2025-08-06 17:45:00,2025,Hiroshima Toyo Carp,Yokohama DeNA BayStars,8.0,5.0,Final,横 浜
20250806-Fukuoka_SoftBank_Hawks-Chiba_Lotte_Marines,2025-08-06 18:00:00,2025,Fukuoka SoftBank Hawks,Chiba Lotte Marines,12.0,3.0,Final,ZOZOマリン
20250806-Hanshin_Tigers-Chunichi_Dragons,2025-08-06 18:00:00,2025,Hanshin Tigers,Chunichi Dragons,3.0,2.0,Final,バンテリンドーム
20250806-Orix_Buffaloes-Tohoku_Rakuten_Golden_Eagles,2025-08-06 18:00:00,2025,Orix Buffaloes,Tohoku Rakuten Golden Eagles,1.0,2.0,Final,楽天モバイル
20250806-Tokyo_Yakult_Swallows-Yomiuri_Giants,2025-08-06 18:00:00,2025,Tokyo Yakult Swallows,Yomiuri Giants,0.0,2.0,Final,東京ドーム
20250807-Saitama_Seibu_Lions-Hokkaido_Nippon-Ham_Fighters,2025-08-07 14:00:00,2025,Saitama Seibu Lions,Hokkaido Nippon-Ham Fighters,2.0,0.0,Final,エスコンＦ
20250807-Hiroshima_Toyo_Carp-Yokohama_DeNA_BayStars,2025-08-07 17:45:00,2025,Hiroshima Toyo Carp,Yokohama DeNA BayStars,5.0,9.0,Final,横 浜
20250807-Fukuoka_SoftBank_Hawks-Chiba_Lotte_Marines,2025-08-07 18:00:00,2025,Fukuoka SoftBank Hawks,Chiba Lotte Marines,2.0,1.0,Final,ZOZOマリン
20250807-Hanshin_Tigers-Chunichi_Dragons,2025-08-07 18:00:00,2025,Hanshin Tigers,Chunichi Dragons,3.0,8.0,Final,バンテリンドーム
20250807-Orix_Buffaloes-Tohoku_Rakuten_Golden_Eagles,2025-08-07 18:00:00,2025,Orix Buffaloes,Tohoku Rakuten Golden Eagles,3.0,7.0,Final,楽天モバイル
20250807-Tokyo_Yakult_Swallows-Yomiuri_Giants,2025-08-07 18:00:00,2025,Tokyo Yakult Swallows,Yomiuri Giants,3.0,2.0,Final,東京ドーム
20250808-Hiroshima_Toyo_Carp-Chunichi_Dragons,2025-08-08 18:00:00,2025,Hiroshima Toyo Carp,Chunichi Dragons,3.0,2.0,Final,バンテリンドーム
20250808-Tokyo_Yakult_Swallows-Hanshin_Tigers,2025-08-08 18:00:00,2025,Tokyo Yakult Swallows,Hanshin Tigers,3.0,1.0,Final,京セラD大阪
20250808-Yomiuri_Giants-Yokohama_DeNA_BayStars,2025-08-08 18:00:00,2025,Yomiuri Giants,Yokohama DeNA BayStars,12.0,2.0,Final,横 浜
20250809-Hiroshima_Toyo_Carp-Chunichi_Dragons,2025-08-09 14:00:00,2025,Hiroshima Toyo Carp,Chunichi Dragons,0.0,2.0,Final,バンテリンドーム
20250809-Hokkaido_Nippon-Ham_Fighters-Fukuoka_SoftBank_Hawks,2025-08-09 14:00:00,2025,Hokkaido Nippon-Ham Fighters,Fukuoka SoftBank Hawks,1.0,4.0,Final,みずほPayPay
20250809-Orix_Buffaloes-Chiba_Lotte_Marines,2025-08-09 18:00:00,2025,Orix Buffaloes,Chiba Lotte Marines,3.0,2.0,Final,ZOZOマリン
20250809-Tohoku_Rakuten_Golden_Eagles-Saitama_Seibu_Lions,2025-08-09 18:00:00,2025,Tohoku Rakuten Golden Eagles,Saitama Seibu Lions,4.0,9.0,Final,ベルーナドーム
20250809-Tokyo_Yakult_Swallows-Hanshin_Tigers,2025-08-09 18:00:00,2025,Tokyo Yakult Swallows,Hanshin Tigers,2.0,6.0,Final,京セラD大阪
20250809-Yomiuri_Giants-Yokohama_DeNA_BayStars,2025-08-09 18:00:00,2025,Yomiuri Giants,Yokohama DeNA BayStars,4.0,3.0,Final,横 浜
20250810-Hiroshima_Toyo_Carp-Chunichi_Dragons,2025-08-10 13:30:00,2025,Hiroshima Toyo Carp,Chunichi Dragons,6.0,5.0,Final,バンテリンドーム
20250810-Hokkaido_Nippon-Ham_Fighters-Fukuoka_SoftBank_Hawks,2025-08-10 14:00:00,2025,Hokkaido Nippon-Ham Fighters,Fukuoka SoftBank Hawks,0.0,1.0,Final,みずほPayPay
20250810-Tohoku_Rakuten_Golden_Eagles-Saitama_Seibu_Lions,2025-08-10 17:00:00,2025,Tohoku Rakuten Golden Eagles,Saitama Seibu Lions,9.0,4.0,Final,ベルーナドーム
20250810-Orix_Buffaloes-Chiba_Lotte_Marines,2025-08-10 18:00:00,2025,Orix Buffaloes,Chiba Lotte Marines,,,Postponed,ZOZOマリン
20250810-Tokyo_Yakult_Swallows-Hanshin_Tigers,2025-08-10 18:00:00,2025,Tokyo Yakult Swallows,Hanshin Tigers,2.0,5.0,Final,京セラD大阪
20250810-Yomiuri_Giants-Yokohama_DeNA_BayStars,2025-08-10 18:00:00,2025,Yomiuri Giants,Yokohama DeNA BayStars,,,Postponed,横 浜
20250811-Chunichi_Dragons-Yomiuri_Giants,2025-08-11 14:00:00,2025,Chunichi Dragons,Yomiuri Giants,2.0,0.0,Final,東京ドーム
20250811-Hokkaido_Nippon-Ham_Fighters-Fukuoka_SoftBank_Hawks,2025-08-11 14:00:00,2025,Hokkaido Nippon-Ham Fighters,Fukuoka SoftBank Hawks,1.0,3.0,Final,みずほPayPay
20250811-Orix_Buffaloes-Chiba_Lotte_Marines,2025-08-11 17:00:00,2025,Orix Buffaloes,Chiba Lotte Marines,5.0,3.0,Final,ZOZOマリン
20250811-Tohoku_Rakuten_Golden_Eagles-Saitama_Seibu_Lions,2025-08-11 17:00:00,2025,Tohoku Rakuten Golden Eagles,Saitama Seibu Lions,4.0,5.0,Final,ベルーナドーム
20250811-Hanshin_Tigers-Hiroshima_Toyo_Carp,2025-08-11 18:00:00,2025,Hanshin Tigers,Hiroshima Toyo Carp,,,Postponed,マツダスタジアム
20250811-Yokohama_DeNA_BayStars-Tokyo_Yakult_Swallows,2025-08-11 18:00:00,2025,Yokohama DeNA BayStars,Tokyo Yakult Swallows,4.0,9.0,Final,神 宮
20250812-Chunichi_Dragons-Yomiuri_Giants,2025-08-12 18:00:00,2025,Chunichi Dragons,Yomiuri Giants,0.0,5.0,Final,東京ドーム
20250812-Hanshin_Tigers-Hiroshima_Toyo_Carp,2025-08-12 18:00:00,2025,Hanshin Tigers,Hiroshima Toyo Carp,2.0,9.0,Final,マツダスタジアム
20250812-Yokohama_DeNA_BayStars-Tokyo_Yakult_Swallows,2025-08-12 18:00:00,2025,Yokohama DeNA BayStars,Tokyo Yakult Swallows,1.0,3.0,Final,神 宮
20250813-Chiba_Lotte_Marines-Hokkaido_Nippon-Ham_Fighters,2025-08-13 18:00:00,2025,Chiba Lotte Marines,Hokkaido Nippon-Ham Fighters,2.0,3.0,Final,エスコンＦ
20250813-Chunichi_Dragons-Yomiuri_Giants,2025-08-13 18:00:00,2025,Chunichi Dragons,Yomiuri Giants,4.0,3.0,Final,東京ドーム
20250813-Fukuoka_SoftBank_Hawks-Saitama_Seibu_Lions,2025-08-13 18:00:00,2025,Fukuoka SoftBank Hawks,Saitama Seibu Lions,5.0,3.0,Final,ベルーナドーム
20250813-Hanshin_Tigers-Hiroshima_Toyo_Carp,2025-08-13 18:00:00,2025,Hanshin Tigers,Hiroshima Toyo Carp,2.0,0.0,Final,マツダスタジアム
20250813-Tohoku_Rakuten_Golden_Eagles-Orix_Buffaloes,2025-08-13 18:00:00,2025,Tohoku Rakuten Golden Eagles,Orix Buffaloes,7.0,4.0,Final,京セラD大阪
20250813-Yokohama_DeNA_BayStars-Tokyo_Yakult_Swallows,2025-08-13 18:00:00,2025,Yokohama DeNA BayStars,Tokyo Yakult Swallows,10.0,2.0,Final,神 宮
20250814-Chiba_Lotte_Marines-Hokkaido_Nippon-Ham_Fighters,2025-08-14 18:00:00,2025,Chiba Lotte Marines,Hokkaido Nippon-Ham Fighters,4.0,9.0,Final,エスコンＦ
20250814-Fukuoka_SoftBank_Hawks-Saitama_Seibu_Lions,2025-08-14 18:00:00,2025,Fukuoka SoftBank Hawks,Saitama Seibu Lions,2.0,3.0,Final,ベルーナドーム
20250814-Tohoku_Rakuten_Golden_Eagles-Orix_Buffaloes,2025-08-14 18:00:00,2025,Tohoku Rakuten Golden Eagles,Orix Buffaloes,5.0,1.0,Final,京セラD大阪
20250815-Chiba_Lotte_Marines-Fukuoka_SoftBank_Hawks,2025-08-15 18:00:00,2025,Chiba Lotte Marines,Fukuoka SoftBank Hawks,1.0,6.0,Final,みずほPayPay
20250815-Hanshin_Tigers-Yomiuri_Giants,2025-08-15 18:00:00,2025,Hanshin Tigers,Yomiuri Giants,5.0,6.0,Final,東京ドーム
20250815-Hokkaido_Nippon-Ham_Fighters-Tohoku_Rakuten_Golden_Eagles,2025-08-15 18:00:00,2025,Hokkaido Nippon-Ham Fighters,Tohoku Rakuten Golden Eagles,1.0,3.0,Final,楽天モバイル
20250815-Saitama_Seibu_Lions-Orix_Buffaloes,2025-08-15 18:00:00,2025,Saitama Seibu Lions,Orix Buffaloes,0.0,1.0,Final,京セラD大阪
20250815-Tokyo_Yakult_Swallows-Hiroshima_Toyo_Carp,2025-08-15 18:00:00,2025,Tokyo Yakult Swallows,Hiroshima Toyo Carp,2.0,1.0,Final,マツダスタジアム
20250815-Yokohama_DeNA_BayStars-Chunichi_Dragons,2025-08-15 18:00:00,2025,Yokohama DeNA BayStars,Chunichi Dragons,4.0,3.0,Final,バンテリンドーム
20250816-Chiba_Lotte_Marines-Fukuoka_SoftBank_Hawks,2025-08-16 14:00:00,2025,Chiba Lotte Marines,Fukuoka SoftBank Hawks,7.0,2.0,Final,みずほPayPay
20250816-Hanshin_Tigers-Yomiuri_Giants,2025-08-16 14:00:00,2025,Hanshin Tigers,Yomiuri Giants,3.0,0.0,Final,東京ドーム
20250816-Saitama_Seibu_Lions-Orix_Buffaloes,2025-08-16 14:00:00,2025,Saitama Seibu Lions,Orix Buffaloes,1.0,0.0,Final,京セラD大阪
20250816-Yokohama_DeNA_BayStars-Chunichi_Dragons,2025-08-16 14:00:00,2025,Yokohama DeNA BayStars,Chunichi Dragons,6.0,0.0,Final,バンテリンドーム
20250816-Hokkaido_Nippon-Ham_Fighters-Tohoku_Rakuten_Golden_Eagles,2025-08-16 18:00:00,2025,Hokkaido Nippon-Ham Fighters,Tohoku Rakuten Golden Eagles,9.0,5.0,Final,楽天モバイル
20250816-Tokyo_Yakult_Swallows-Hiroshima_Toyo_Carp,2025-08-16 18:00:00,2025,Tokyo Yakult Swallows,Hiroshima Toyo Carp,3.0,5.0,Final,マツダスタジアム
20250817-Chiba_Lotte_Marines-Fukuoka_SoftBank_Hawks,2025-08-17 13:00:00,2025,Chiba Lotte Marines,Fukuoka SoftBank Hawks,0.0,1.0,Final,みずほPayPay
20250817-Hanshin_Tigers-Yomiuri_Giants,2025-08-17 13:00:00,2025,Hanshin Tigers,Yomiuri Giants,3.0,1.0,Final,東京ドーム
20250817-Saitama_Seibu_Lions-Orix_Buffaloes,2025-08-17 13:00:00,2025,Saitama Seibu Lions,Orix Buffaloes,6.0,7.0,Final,京セラD大阪
20250817-Yokohama_DeNA_BayStars-Chunichi_Dragons,2025-08-17 13:30:00,2025,Yokohama DeNA BayStars,Chunichi Dragons,5.0,4.0,Final,バンテリンドーム
20250817-Hokkaido_Nippon-Ham_Fighters-Tohoku_Rakuten_Golden_Eagles,2025-08-17 17:00:00,2025,Hokkaido Nippon-Ham Fighters,Tohoku Rakuten Golden Eagles,7.0,5.0,Final,楽天モバイル
20250817-Tokyo_Yakult_Swallows-Hiroshima_Toyo_Carp,2025-08-17 18:00:00,2025,Tokyo Yakult Swallows,Hiroshima Toyo Carp,7.0,2.0,Final,マツダスタジアム
20250819-Chunichi_Dragons-Hanshin_Tigers,2025-08-19 18:00:00,2025,Chunichi Dragons,Hanshin Tigers,4.0,5.0,Final,京セラD大阪
20250819-Hiroshima_Toyo_Carp-Yokohama_DeNA_BayStars,2025-08-19 18:00:00,2025,Hiroshima Toyo Carp,Yokohama DeNA BayStars,3.0,1.0,Final,横 浜
20250819-Orix_Buffaloes-Hokkaido_Nippon-Ham_Fighters,2025-08-19 18:00:00,2025,Orix Buffaloes,Hokkaido Nippon-Ham Fighters,5.0,6.0,Final,エスコンＦ
20250819-Saitama_Seibu_Lions-Fukuoka_SoftBank_Hawks,2025-08-19 18:00:00,2025,Saitama Seibu Lions,Fukuoka SoftBank Hawks,2.0,5.0,Final,みずほPayPay
20250819-Tohoku_Rakuten_Golden_Eagles-Chiba_Lotte_Marines,2025-08-19 18:00:00,2025,Tohoku Rakuten Golden Eagles,Chiba Lotte Marines,4.0,3.0,Final,ZOZOマリン
20250819-Yomiuri_Giants-Tokyo_Yakult_Swallows,2025-08-19 18:00:00,2025,Yomiuri Giants,Tokyo Yakult Swallows,15.0,2.0,Final,神 宮
20250820-Chunichi_Dragons-Hanshin_Tigers,2025-08-20 18:00:00,2025,Chunichi Dragons,Hanshin Tigers,2.0,1.0,Final,京セラD大阪
20250820-Hiroshima_Toyo_Carp-Yokohama_DeNA_BayStars,2025-08-20 18:00:00,2025,Hiroshima Toyo Carp,Yokohama DeNA BayStars,4.0,7.0,Final,横 浜
20250820-Orix_Buffaloes-Hokkaido_Nippon-Ham_Fighters,2025-08-20 18:00:00,2025,Orix Buffaloes,Hokkaido Nippon-Ham Fighters,5.0,6.0,Final,エスコンＦ
20250820-Saitama_Seibu_Lions-Fukuoka_SoftBank_Hawks,2025-08-20 18:00:00,2025,Saitama Seibu Lions,Fukuoka SoftBank Hawks,4.0,5.0,Final,みずほPayPay
20250820-Tohoku_Rakuten_Golden_Eagles-Chiba_Lotte_Marines,2025-08-20 18:00:00,2025,Tohoku Rakuten Golden Eagles,Chiba Lotte Marines,3.0,5.0,Final,ZOZOマリン
20250820-Yomiuri_Giants-Tokyo_Yakult_Swallows,2025-08-20 18:00:00,2025,Yomiuri Giants,Tokyo Yakult Swallows,2.0,7.0,Final,神 宮
20250821-Hiroshima_Toyo_Carp-Yokohama_DeNA_BayStars,2025-08-21 18:00:00,2025,Hiroshima Toyo Carp,Yokohama DeNA BayStars,5.0,2.0,Final,横 浜
20250821-Orix_Buffaloes-Hokkaido_Nippon-Ham_Fighters,2025-08-21 18:00:00,2025,Orix Buffaloes,Hokkaido Nippon-Ham Fighters,10.0,0.0,Final,エスコンＦ
20250821-Tohoku_Rakuten_Golden_Eagles-Chiba_Lotte_Marines,2025-08-21 18:00:00,2025,Tohoku Rakuten Golden Eagles,Chiba Lotte Marines,10.0,12.0,Final,ZOZOマリン
20250821-Yomiuri_Giants-Tokyo_Yakult_Swallows,2025-08-21 18:00:00,2025,Yomiuri Giants,Tokyo Yakult Swallows,7.0,1.0,Final,神 宮
20250822-Chunichi_Dragons-Hiroshima_Toyo_Carp,2025-08-22 18:00:00,2025,Chunichi Dragons,Hiroshima Toyo Carp,6.0,4.0,Final,マツダスタジアム
20250822-Fukuoka_SoftBank_Hawks-Hokkaido_Nippon-Ham_Fighters,2025-08-22 18:00:00,2025,Fukuoka SoftBank Hawks,Hokkaido Nippon-Ham Fighters,3.0,4.0,Final,エスコンＦ
20250822-Hanshin_Tigers-Tokyo_Yakult_Swallows,2025-08-22 18:00:00,2025,Hanshin Tigers,Tokyo Yakult Swallows,3.0,1.0,Final,神 宮
20250822-Orix_Buffaloes-Tohoku_Rakuten_Golden_Eagles,2025-08-22 18:00:00,2025,Orix Buffaloes,Tohoku Rakuten Golden Eagles,2.0,3.0,Final,楽天モバイル
20250822-Saitama_Seibu_Lions-Chiba_Lotte_Marines,2025-08-22 18:00:00,2025,Saitama Seibu Lions,Chiba Lotte Marines,3.0,0.0,Final,ZOZOマリン
20250822-Yokohama_DeNA_BayStars-Yomiuri_Giants,2025-08-22 18:00:00,2025,Yokohama DeNA BayStars,Yomiuri Giants,1.0,8.0,Final,東京ドーム
20250823-Fukuoka_SoftBank_Hawks-Hokkaido_Nippon-Ham_Fighters,2025-08-23 14:00:00,2025,Fukuoka SoftBank Hawks,Hokkaido Nippon-Ham Fighters,3.0,8.0,Final,エスコンＦ
20250823-Yokohama_DeNA_BayStars-Yomiuri_Giants,2025-08-23 14:00:00,2025,Yokohama DeNA BayStars,Yomiuri Giants,1.0,4.0,Final,東京ドーム
20250823-Chunichi_Dragons-Hiroshima_Toyo_Carp,2025-08-23 18:00:00,2025,Chunichi Dragons,Hiroshima Toyo Carp,5.0,2.0,Final,マツダスタジアム
20250823-Hanshin_Tigers-Tokyo_Yakult_Swallows,2025-08-23 18:00:00,2025,Hanshin Tigers,Tokyo Yakult Swallows,2.0,2.0,Final,神 宮
20250823-Orix_Buffaloes-Tohoku_Rakuten_Golden_Eagles,2025-08-23 18:00:00,2025,Orix Buffaloes,Tohoku Rakuten Golden Eagles,8.0,6.0,Final,楽天モバイル
20250823-Saitama_Seibu_Lions-Chiba_Lotte_Marines,2025-08-23 18:00:00,2025,Saitama Seibu Lions,Chiba Lotte Marines,2.0,0.0,Final,ZOZOマリン
20250824-Fukuoka_SoftBank_Hawks-Hokkaido_Nippon-Ham_Fighters,2025-08-24 14:00:00,2025,Fukuoka SoftBank Hawks,Hokkaido Nippon-Ham Fighters,0.0,1.0,Final,エスコンＦ
20250824-Yokohama_DeNA_BayStars-Yomiuri_Giants,2025-08-24 14:00:00,2025,Yokohama DeNA BayStars,Yomiuri Giants,4.0,2.0,Final,東京ドーム
20250824-Orix_Buffaloes-Tohoku_Rakuten_Golden_Eagles,2025-08-24 16:00:00,2025,Orix Buffaloes,Tohoku Rakuten Golden Eagles,3.0,2.0,Final,楽天モバイル
20250824-Hanshin_Tigers-Tokyo_Yakult_Swallows,2025-08-24 17:00:00,2025,Hanshin Tigers,Tokyo Yakult Swallows,8.0,1.0,Final,神 宮
20250824-Saitama_Seibu_Lions-Chiba_Lotte_Marines,2025-08-24 17:00:00,2025,Saitama Seibu Lions,Chiba Lotte Marines,0.0,2.0,Final,ZOZOマリン
20250824-Chunichi_Dragons-Hiroshima_Toyo_Carp,2025-08-24 18:00:00,2025,Chunichi Dragons,Hiroshima Toyo Carp,4.0,5.0,Final,マツダスタジアム
20250826-Hanshin_Tigers-Yokohama_DeNA_BayStars,2025-08-26 17:45:00,2025,Hanshin Tigers,Yokohama DeNA BayStars,3.0,2.0,Final,横 浜
20250826-Chiba_Lotte_Marines-Orix_Buffaloes,2025-08-26 18:00:00,2025,Chiba Lotte Marines,Orix Buffaloes,5.0,6.0,Final,京セラD大阪
20250826-Fukuoka_SoftBank_Hawks-Tohoku_Rakuten_Golden_Eagles,2025-08-26 18:00:00,2025,Fukuoka SoftBank Hawks,Tohoku Rakuten Golden Eagles,3.0,10.0,Final,弘 前
20250826-Hokkaido_Nippon-Ham_Fighters-Saitama_Seibu_Lions,2025-08-26 18:00:00,2025,Hokkaido Nippon-Ham Fighters,Saitama Seibu Lions,2.0,2.0,Final,ベルーナドーム
20250826-Tokyo_Yakult_Swallows-Chunichi_Dragons,2025-08-26 18:00:00,2025,Tokyo Yakult Swallows,Chunichi Dragons,2.0,0.0,Final,バンテリンドーム
20250826-Yomiuri_Giants-Hiroshima_Toyo_Carp,2025-08-26 18:00:00,2025,Yomiuri Giants,Hiroshima Toyo Carp,1.0,4.0,Final,マツダスタジアム
20250827-Hanshin_Tigers-Yokohama_DeNA_BayStars,2025-08-27 17:45:00,2025,Hanshin Tigers,Yokohama DeNA BayStars,2.0,1.0,Final,横 浜
20250827-Chiba_Lotte_Marines-Orix_Buffaloes,2025-08-27 18:00:00,2025,Chiba Lotte Marines,Orix Buffaloes,6.0,1.0,Final,ほっと神戸
20250827-Fukuoka_SoftBank_Hawks-Tohoku_Rakuten_Golden_Eagles,2025-08-27 18:00:00,2025,Fukuoka SoftBank Hawks,Tohoku Rakuten Golden Eagles,3.0,1.0,Final,秋 田
20250827-Hokkaido_Nippon-Ham_Fighters-Saitama_Seibu_Lions,2025-08-27 18:00:00,2025,Hokkaido Nippon-Ham Fighters,Saitama Seibu Lions,2.0,3.0,Final,ベルーナドーム
20250827-Tokyo_Yakult_Swallows-Chunichi_Dragons,2025-08-27 18:00:00,2025,Tokyo Yakult Swallows,Chunichi Dragons,0.0,3.0,Final,バンテリンドーム
20250827-Yomiuri_Giants-Hiroshima_Toyo_Carp,2025-08-27 18:00:00,2025,Yomiuri Giants,Hiroshima Toyo Carp,2.0,3.0,Final,マツダスタジアム
20250828-Hanshin_Tigers-Yokohama_DeNA_BayStars,2025-08-28 17:45:00,2025,Hanshin Tigers,Yokohama DeNA BayStars,4.0,5.0,Final,横 浜
20250828-Tokyo_Yakult_Swallows-Chunichi_Dragons,2025-08-28 18:00:00,2025,Tokyo Yakult Swallows,Chunichi Dragons,3.0,4.0,Final,バンテリンドーム
20250828-Yomiuri_Giants-Hiroshima_Toyo_Carp,2025-08-28 18:00:00,2025,Yomiuri Giants,Hiroshima Toyo Carp,3.0,8.0,Final,マツダスタジアム
20250829-Chunichi_Dragons-Yokohama_DeNA_BayStars,2025-08-29 18:00:00,2025,Chunichi Dragons,Yokohama DeNA BayStars,9.0,8.0,Final,横 浜
20250829-Fukuoka_SoftBank_Hawks-Chiba_Lotte_Marines,2025-08-29 18:00:00,2025,Fukuoka SoftBank Hawks,Chiba Lotte Marines,3.0,1.0,Final,ZOZOマリン
20250829-Hiroshima_Toyo_Carp-Tokyo_Yakult_Swallows,2025-08-29 18:00:00,2025,Hiroshima Toyo Carp,Tokyo Yakult Swallows,4.0,2.0,Final,神 宮
20250829-Orix_Buffaloes-Saitama_Seibu_Lions,2025-08-29 18:00:00,2025,Orix Buffaloes,Saitama Seibu Lions,8.0,1.0,Final,ベルーナドーム
20250829-Tohoku_Rakuten_Golden_Eagles-Hokkaido_Nippon-Ham_Fighters,2025-08-29 18:00:00,2025,Tohoku Rakuten Golden Eagles,Hokkaido Nippon-Ham Fighters,0.0,5.0,Final,エスコンＦ
20250829-Yomiuri_Giants-Hanshin_Tigers,2025-08-29 18:00:00,2025,Yomiuri Giants,Hanshin Tigers,4.0,3.0,Final,甲子園
20250830-Tohoku_Rakuten_Golden_Eagles-Hokkaido_Nippon-Ham_Fighters,2025-08-30 14:00:00,2025,Tohoku Rakuten Golden Eagles,Hokkaido Nippon-Ham Fighters,6.0,2.0,Final,エスコンＦ
20250830-Orix_Buffaloes-Saitama_Seibu_Lions,2025-08-30 17:00:00,2025,Orix Buffaloes,Saitama Seibu Lions,7.0,1.0,Final,ベルーナドーム
20250830-Chunichi_Dragons-Yokohama_DeNA_BayStars,2025-08-30 18:00:00,2025,Chunichi Dragons,Yokohama DeNA BayStars,9.0,7.0,Final,横 浜
20250830-Fukuoka_SoftBank_Hawks-Chiba_Lotte_Marines,2025-08-30 18:00:00,2025,Fukuoka SoftBank Hawks,Chiba Lotte Marines,4.0,6.0,Final,ZOZOマリン
20250830-Hiroshima_Toyo_Carp-Tokyo_Yakult_Swallows,2025-08-30 18:00:00,2025,Hiroshima Toyo Carp,Tokyo Yakult Swallows,4.0,5.0,Final,神 宮
20250830-Yomiuri_Giants-Hanshin_Tigers,2025-08-30 18:00:00,2025,Yomiuri Giants,Hanshin Tigers,2.0,3.0,Final,甲子園
20250831-Tohoku_Rakuten_Golden_Eagles-Hokkaido_Nippon-Ham_Fighters,2025-08-31 13:00:00,2025,Tohoku Rakuten Golden Eagles,Hokkaido Nippon-Ham Fighters,1.0,0.0,Final,エスコンＦ
20250831-Fukuoka_SoftBank_Hawks-Chiba_Lotte_Marines,2025-08-31 16:00:00,2025,Fukuoka SoftBank Hawks,Chiba Lotte Marines,3.0,4.0,Final,ZOZOマリン
20250831-Hiroshima_Toyo_Carp-Tokyo_Yakult_Swallows,2025-08-31 17:00:00,2025,Hiroshima Toyo Carp,Tokyo Yakult Swallows,4.0,7.0,Final,神 宮
20250831-Orix_Buffaloes-Saitama_Seibu_Lions,2025-08-31 17:00:00,2025,Orix Buffaloes,Saitama Seibu Lions,4.0,1.0,Final,ベルーナドーム
20250831-Chunichi_Dragons-Yokohama_DeNA_BayStars,2025-08-31 18:00:00,2025,Chunichi Dragons,Yokohama DeNA BayStars,0.0,2.0,Final,横 浜
20250831-Yomiuri_Giants-Hanshin_Tigers,2025-08-31 18:00:00,2025,Yomiuri Giants,Hanshin Tigers,4.0,5.0,Final,甲子園
20250902-Hanshin_Tigers-Chunichi_Dragons,2025-09-02 18:00:00,2025,Hanshin Tigers,Chunichi Dragons,5.0,3.0,Final,バンテリンドーム
20250902-Hokkaido_Nippon-Ham_Fighters-Chiba_Lotte_Marines,2025-09-02 18:00:00,2025,Hokkaido Nippon-Ham Fighters,Chiba Lotte Marines,8.0,6.0,Final,ZOZOマリン
20250902-Orix_Buffaloes-Fukuoka_SoftBank_Hawks,2025-09-02 18:00:00,2025,Orix Buffaloes,Fukuoka SoftBank Hawks,1.0,2.0,Final,みずほPayPay
20250902-Saitama_Seibu_Lions-Tohoku_Rakuten_Golden_Eagles,2025-09-02 18:00:00,2025,Saitama Seibu Lions,Tohoku Rakuten Golden Eagles,2.0,0.0,Final,楽天モバイル
20250902-Tokyo_Yakult_Swallows-Yomiuri_Giants,2025-09-02 18:00:00,2025,Tokyo Yakult Swallows,Yomiuri Giants,1.0,4.0,Final,京セラD大阪
20250902-Yokohama_DeNA_BayStars-Hiroshima_Toyo_Carp,2025-09-02 18:00:00,2025,Yokohama DeNA BayStars,Hiroshima Toyo Carp,8.0,5.0,Final,マツダスタジアム
20250903-Hanshin_Tigers-Chunichi_Dragons,2025-09-03 18:00:00,2025,Hanshin Tigers,Chunichi Dragons,2.0,5.0,Final,バンテリンドーム
20250903-Hokkaido_Nippon-Ham_Fighters-Chiba_Lotte_Marines,2025-09-03 18:00:00,2025,Hokkaido Nippon-Ham Fighters,Chiba Lotte Marines,1.0,2.0,Final,ZOZOマリン
20250903-Orix_Buffaloes-Fukuoka_SoftBank_Hawks,2025-09-03 18:00:00,2025,Orix Buffaloes,Fukuoka SoftBank Hawks,1.0,7.0,Final,みずほPayPay
20250903-Saitama_Seibu_Lions-Tohoku_Rakuten_Golden_Eagles,2025-09-03 18:00:00,2025,Saitama Seibu Lions,Tohoku Rakuten Golden Eagles,11.0,6.0,Final,楽天モバイル
20250903-Tokyo_Yakult_Swallows-Yomiuri_Giants,2025-09-03 18:00:00,2025,Tokyo Yakult Swallows,Yomiuri Giants,3.0,5.0,Final,京セラD大阪
20250903-Yokohama_DeNA_BayStars-Hiroshima_Toyo_Carp,2025-09-03 18:00:00,2025,Yokohama DeNA BayStars,Hiroshima Toyo Carp,1.0,2.0,Final,マツダスタジアム
20250904-Hanshin_Tigers-Chunichi_Dragons,2025-09-04 18:00:00,2025,Hanshin Tigers,Chunichi Dragons,7.0,5.0,Final,バンテリンドーム
20250904-Hokkaido_Nippon-Ham_Fighters-Chiba_Lotte_Marines,2025-09-04 18:00:00,2025,Hokkaido Nippon-Ham Fighters,Chiba Lotte Marines,9.0,2.0,Final,ZOZOマリン
20250904-Orix_Buffaloes-Fukuoka_SoftBank_Hawks,2025-09-04 18:00:00,2025,Orix Buffaloes,Fukuoka SoftBank Hawks,0.0,8.0,Final,みずほPayPay
20250904-Tokyo_Yakult_Swallows-Yomiuri_Giants,2025-09-04 18:00:00,2025,Tokyo Yakult Swallows,Yomiuri Giants,12.0,1.0,Final,岐 阜
20250904-Yokohama_DeNA_BayStars-Hiroshima_Toyo_Carp,2025-09-04 18:00:00,2025,Yokohama DeNA BayStars,Hiroshima Toyo Carp,1.0,0.0,Final,マツダスタジアム
20250905-Chiba_Lotte_Marines-Saitama_Seibu_Lions,2025-09-05 18:00:00,2025,Chiba Lotte Marines,Saitama Seibu Lions,3.0,5.0,Final,ベルーナドーム
20250905-Hiroshima_Toyo_Carp-Hanshin_Tigers,2025-09-05 18:00:00,2025,Hiroshima Toyo Carp,Hanshin Tigers,1.0,6.0,Final,甲子園
20250905-Hokkaido_Nippon-Ham_Fighters-Orix_Buffaloes,2025-09-05 18:00:00,2025,Hokkaido Nippon-Ham Fighters,Orix Buffaloes,0.0,2.0,Final,京セラD大阪
20250905-Tohoku_Rakuten_Golden_Eagles-Fukuoka_SoftBank_Hawks,2025-09-05 18:00:00,2025,Tohoku Rakuten Golden Eagles,Fukuoka SoftBank Hawks,0.0,11.0,Final,みずほPayPay
20250905-Tokyo_Yakult_Swallows-Yokohama_DeNA_BayStars,2025-09-05 18:00:00,2025,Tokyo Yakult Swallows,Yokohama DeNA BayStars,6.0,7.0,Final,横 浜
20250905-Yomiuri_Giants-Chunichi_Dragons,2025-09-05 18:00:00,2025,Yomiuri Giants,Chunichi Dragons,0.0,1.0,Final,バンテリンドーム
20250906-Hokkaido_Nippon-Ham_Fighters-Orix_Buffaloes,2025-09-06 14:00:00,2025,Hokkaido Nippon-Ham Fighters,Orix Buffaloes,1.0,3.0,Final,京セラD大阪
20250906-Tohoku_Rakuten_Golden_Eagles-Fukuoka_SoftBank_Hawks,2025-09-06 14:00:00,2025,Tohoku Rakuten Golden Eagles,Fukuoka SoftBank Hawks,1.0,2.0,Final,みずほPayPay
20250906-Yomiuri_Giants-Chunichi_Dragons,2025-09-06 14:00:00,2025,Yomiuri Giants,Chunichi Dragons,5.0,4.0,Final,バンテリンドーム
20250906-Chiba_Lotte_Marines-Saitama_Seibu_Lions,2025-09-06 17:00:00,2025,Chiba Lotte Marines,Saitama Seibu Lions,0.0,4.0,Final,ベルーナドーム
20250906-Hiroshima_Toyo_Carp-Hanshin_Tigers,2025-09-06 18:00:00,2025,Hiroshima Toyo Carp,Hanshin Tigers,1.0,4.0,Final,甲子園
20250906-Tokyo_Yakult_Swallows-Yokohama_DeNA_BayStars,2025-09-06 18:00:00,2025,Tokyo Yakult Swallows,Yokohama DeNA BayStars,3.0,2.0,Final,横 浜
20250907-Hokkaido_Nippon-Ham_Fighters-Orix_Buffaloes,2025-09-07 13:00:00,2025,Hokkaido Nippon-Ham Fighters,Orix Buffaloes,2.0,3.0,Final,京セラD大阪
20250907-Tohoku_Rakuten_Golden_Eagles-Fukuoka_SoftBank_Hawks,2025-09-07 13:00:00,2025,Tohoku Rakuten Golden Eagles,Fukuoka SoftBank Hawks,4.0,2.0,Final,みずほPayPay
20250907-Yomiuri_Giants-Chunichi_Dragons,2025-09-07 13:30:00,2025,Yomiuri Giants,Chunichi Dragons,6.0,3.0,Final,バンテリンドーム
20250907-Chiba_Lotte_Marines-Saitama_Seibu_Lions,2025-09-07 18:00:00,2025,Chiba Lotte Marines,Saitama Seibu Lions,4.0,2.0,Final,ベルーナドーム
20250907-Hiroshima_Toyo_Carp-Hanshin_Tigers,2025-09-07 18:00:00,2025,Hiroshima Toyo Carp,Hanshin Tigers,0.0,2.0,Final,甲子園
20250907-Tokyo_Yakult_Swallows-Yokohama_DeNA_BayStars,2025-09-07 18:00:00,2025,Tokyo Yakult Swallows,Yokohama DeNA BayStars,2.0,3.0,Final,横 浜
20250908-Orix_Buffaloes-Chiba_Lotte_Marines,2025-09-08 18:00:00,2025,Orix Buffaloes,Chiba Lotte Marines,2.0,4.0,Final,ZOZOマリン
20250909-Chunichi_Dragons-Tokyo_Yakult_Swallows,2025-09-09 18:00:00,2025,Chunichi Dragons,Tokyo Yakult Swallows,2.0,3.0,Final,神 宮
20250909-Fukuoka_SoftBank_Hawks-Hokkaido_Nippon-Ham_Fighters,2025-09-09 18:00:00,2025,Fukuoka SoftBank Hawks,Hokkaido Nippon-Ham Fighters,4.0,7.0,Final,エスコンＦ
20250909-Hiroshima_Toyo_Carp-Yomiuri_Giants,2025-09-09 18:00:00,2025,Hiroshima Toyo Carp,Yomiuri Giants,4.0,6.0,Final,東京ドーム
20250909-Orix_Buffaloes-Chiba_Lotte_Marines,2025-09-09 18:00:00,2025,Orix Buffaloes,Chiba Lotte Marines,7.0,3.0,Final,ZOZOマリン
20250909-Saitama_Seibu_Lions-Tohoku_Rakuten_Golden_Eagles,2025-09-09 18:00:00,2025,Saitama Seibu Lions,Tohoku Rakuten Golden Eagles,5.0,6.0,Final,楽天モバイル
20250909-Yokohama_DeNA_BayStars-Hanshin_Tigers,2025-09-09 18:00:00,2025,Yokohama DeNA BayStars,Hanshin Tigers,3.0,0.0,Final,甲子園
20250910-Chunichi_Dragons-Tokyo_Yakult_Swallows,2025-09-10 18:00:00,2025,Chunichi Dragons,Tokyo Yakult Swallows,6.0,3.0,Final,神 宮
20250910-Hiroshima_Toyo_Carp-Yomiuri_Giants,2025-09-10 18:00:00,2025,Hiroshima Toyo Carp,Yomiuri Giants,3.0,4.0,Final,東京ドーム
20250910-Saitama_Seibu_Lions-Tohoku_Rakuten_Golden_Eagles,2025-09-10 18:00:00,2025,Saitama Seibu Lions,Tohoku Rakuten Golden Eagles,,,Postponed,楽天モバイル
20250910-Yokohama_DeNA_BayStars-Hanshin_Tigers,2025-09-10 18:00:00,2025,Yokohama DeNA BayStars,Hanshin Tigers,6.0,1.0,Final,甲子園
20250911-Chunichi_Dragons-Tokyo_Yakult_Swallows,2025-09-11 18:00:00,2025,Chunichi Dragons,Tokyo Yakult Swallows,5.0,6.0,Final,神 宮
20250911-Fukuoka_SoftBank_Hawks-Chiba_Lotte_Marines,2025-09-11 18:00:00,2025,Fukuoka SoftBank Hawks,Chiba Lotte Marines,1.0,9.0,Final,ZOZOマリン
20250911-Hiroshima_Toyo_Carp-Yomiuri_Giants,2025-09-11 18:00:00,2025,Hiroshima Toyo Carp,Yomiuri Giants,3.0,2.0,Final,東京ドーム
20250911-Orix_Buffaloes-Hokkaido_Nippon-Ham_Fighters,2025-09-11 18:00:00,2025,Orix Buffaloes,Hokkaido Nippon-Ham Fighters,4.0,10.0,Final,エスコンＦ
20250911-Yokohama_DeNA_BayStars-Hanshin_Tigers,2025-09-11 18:00:00,2025,Yokohama DeNA BayStars,Hanshin Tigers,0.0,2.0,Final,甲子園
20250912-Chiba_Lotte_Marines-Tohoku_Rakuten_Golden_Eagles,2025-09-12 18:00:00,2025,Chiba Lotte Marines,Tohoku Rakuten Golden Eagles,3.0,6.0,Final,楽天モバイル
20250912-Chunichi_Dragons-Hiroshima_Toyo_Carp,2025-09-12 18:00:00,2025,Chunichi Dragons,Hiroshima Toyo Carp,0.0,9.0,Final,マツダスタジアム
20250912-Saitama_Seibu_Lions-Hokkaido_Nippon-Ham_Fighters,2025-09-12 18:00:00,2025,Saitama Seibu Lions,Hokkaido Nippon-Ham Fighters,7.0,3.0,Final,エスコンＦ
20250912-Yokohama_DeNA_BayStars-Tokyo_Yakult_Swallows,2025-09-12 18:00:00,2025,Yokohama DeNA BayStars,Tokyo Yakult Swallows,10.0,2.0,Final,神 宮
20250913-Chiba_Lotte_Marines-Tohoku_Rakuten_Golden_Eagles,2025-09-13 14:00:00,2025,Chiba Lotte Marines,Tohoku Rakuten Golden Eagles,6.0,4.0,Final,楽天モバイル
20250913-Chunichi_Dragons-Hiroshima_Toyo_Carp,2025-09-13 14:00:00,2025,Chunichi Dragons,Hiroshima Toyo Carp,0.0,5.0,Final,マツダスタジアム
20250913-Hanshin_Tigers-Yomiuri_Giants,2025-09-13 14:00:00,2025,Hanshin Tigers,Yomiuri Giants,10.0,11.0,Final,東京ドーム
20250913-Saitama_Seibu_Lions-Hokkaido_Nippon-Ham_Fighters,2025-09-13 14:00:00,2025,Saitama Seibu Lions,Hokkaido Nippon-Ham Fighters,4.0,5.0,Final,エスコンＦ
20250913-Fukuoka_SoftBank_Hawks-Orix_Buffaloes,2025-09-13 18:00:00,2025,Fukuoka SoftBank Hawks,Orix Buffaloes,2.0,1.0,Final,京セラD大阪
20250913-Yokohama_DeNA_BayStars-Tokyo_Yakult_Swallows,2025-09-13 18:20:00,2025,Yokohama DeNA BayStars,Tokyo Yakult Swallows,6.0,2.0,Final,神 宮
20250914-Chiba_Lotte_Marines-Tohoku_Rakuten_Golden_Eagles,2025-09-14 13:00:00,2025,Chiba Lotte Marines,Tohoku Rakuten Golden Eagles,1.0,5.0,Final,楽天モバイル
20250914-Fukuoka_SoftBank_Hawks-Orix_Buffaloes,2025-09-14 13:00:00,2025,Fukuoka SoftBank Hawks,Orix Buffaloes,4.0,3.0,Final,京セラD大阪
20250914-Saitama_Seibu_Lions-Hokkaido_Nippon-Ham_Fighters,2025-09-14 14:00:00,2025,Saitama Seibu Lions,Hokkaido Nippon-Ham Fighters,3.0,4.0,Final,エスコンＦ
20250914-Chunichi_Dragons-Hanshin_Tigers,2025-09-14 18:00:00,2025,Chunichi Dragons,Hanshin Tigers,1.0,0.0,Final,甲子園
20250914-Tokyo_Yakult_Swallows-Hiroshima_Toyo_Carp,2025-09-14 18:00:00,2025,Tokyo Yakult Swallows,Hiroshima Toyo Carp,8.0,6.0,Final,マツダスタジアム
20250914-Yomiuri_Giants-Yokohama_DeNA_BayStars,2025-09-14 18:00:00,2025,Yomiuri Giants,Yokohama DeNA BayStars,7.0,9.0,Final,横 浜
20250915-Chiba_Lotte_Marines-Tohoku_Rakuten_Golden_Eagles,2025-09-15 13:00:00,2025,Chiba Lotte Marines,Tohoku Rakuten Golden Eagles,4.0,5.0,Final,楽天モバイル
20250915-Saitama_Seibu_Lions-Hokkaido_Nippon-Ham_Fighters,2025-09-15 13:00:00,2025,Saitama Seibu Lions,Hokkaido Nippon-Ham Fighters,5.0,12.0,Final,エスコンＦ
20250915-Chunichi_Dragons-Hanshin_Tigers,2025-09-15 14:00:00,2025,Chunichi Dragons,Hanshin Tigers,2.0,6.0,Final,甲子園
20250915-Fukuoka_SoftBank_Hawks-Orix_Buffaloes,2025-09-15 14:00:00,2025,Fukuoka SoftBank Hawks,Orix Buffaloes,5.0,0.0,Final,京セラD大阪
20250915-Tokyo_Yakult_Swallows-Hiroshima_Toyo_Carp,2025-09-15 14:00:00,2025,Tokyo Yakult Swallows,Hiroshima Toyo Carp,2.0,6.0,Final,マツダスタジアム
20250915-Yomiuri_Giants-Yokohama_DeNA_BayStars,2025-09-15 18:00:00,2025,Yomiuri Giants,Yokohama DeNA BayStars,0.0,3.0,Final,横 浜
20250916-Chiba_Lotte_Marines-Orix_Buffaloes,2025-09-16 18:00:00,2025,Chiba Lotte Marines,Orix Buffaloes,3.0,7.0,Final,京セラD大阪
20250917-Chiba_Lotte_Marines-Orix_Buffaloes,2025-09-17 18:00:00,2025,Chiba Lotte Marines,Orix Buffaloes,2.0,1.0,Final,京セラD大阪
20250917-Hanshin_Tigers-Hiroshima_Toyo_Carp,2025-09-17 18:00:00,2025,Hanshin Tigers,Hiroshima Toyo Carp,6.0,1.0,Final,マツダスタジアム
20250917-Hokkaido_Nippon-Ham_Fighters-Tohoku_Rakuten_Golden_Eagles,2025-09-17 18:00:00,2025,Hokkaido Nippon-Ham Fighters,Tohoku Rakuten Golden Eagles,2.0,3.0,Final,楽天モバイル
20250917-Saitama_Seibu_Lions-Fukuoka_SoftBank_Hawks,2025-09-17 18:00:00,2025,Saitama Seibu Lions,Fukuoka SoftBank Hawks,8.0,11.0,Final,みずほPayPay
20250917-Yokohama_DeNA_BayStars-Chunichi_Dragons,2025-09-17 18:00:00,2025,Yokohama DeNA BayStars,Chunichi Dragons,1.0,0.0,Final,バンテリンドーム
20250917-Yomiuri_Giants-Tokyo_Yakult_Swallows,2025-09-17 18:00:00,2025,Yomiuri Giants,Tokyo Yakult Swallows,4.0,2.0,Final,神 宮
20250918-Hanshin_Tigers-Hiroshima_Toyo_Carp,2025-09-18 18:00:00,2025,Hanshin Tigers,Hiroshima Toyo Carp,7.0,2.0,Final,マツダスタジアム
20250918-Hokkaido_Nippon-Ham_Fighters-Fukuoka_SoftBank_Hawks,2025-09-18 18:00:00,2025,Hokkaido Nippon-Ham Fighters,Fukuoka SoftBank Hawks,2.0,3.0,Final,みずほPayPay
20250918-Orix_Buffaloes-Saitama_Seibu_Lions,2025-09-18 18:00:00,2025,Orix Buffaloes,Saitama Seibu Lions,1.0,2.0,Final,ベルーナドーム
20250918-Tohoku_Rakuten_Golden_Eagles-Chiba_Lotte_Marines,2025-09-18 18:00:00,2025,Tohoku Rakuten Golden Eagles,Chiba Lotte Marines,0.0,7.0,Final,ZOZOマリン
20250918-Yokohama_DeNA_BayStars-Chunichi_Dragons,2025-09-18 18:00:00,2025,Yokohama DeNA BayStars,Chunichi Dragons,7.0,4.0,Final,バンテリンドーム
20250918-Yomiuri_Giants-Tokyo_Yakult_Swallows,2025-09-18 18:00:00,2025,Yomiuri Giants,Tokyo Yakult Swallows,0.0,5.0,Final,神 宮
20250919-Hiroshima_Toyo_Carp-Yomiuri_Giants,2025-09-19 18:00:00,2025,Hiroshima Toyo Carp,Yomiuri Giants,4.0,5.0,Final,東京ドーム
20250919-Saitama_Seibu_Lions-Tohoku_Rakuten_Golden_Eagles,2025-09-19 18:00:00,2025,Saitama Seibu Lions,Tohoku Rakuten Golden Eagles,4.0,1.0,Final,楽天モバイル
20250919-Tokyo_Yakult_Swallows-Chunichi_Dragons,2025-09-19 18:00:00,2025,Tokyo Yakult Swallows,Chunichi Dragons,6.0,2.0,Final,バンテリンドーム
20250919-Yokohama_DeNA_BayStars-Hanshin_Tigers,2025-09-19 18:00:00,2025,Yokohama DeNA BayStars,Hanshin Tigers,0.0,4.0,Final,甲子園
20250920-Chiba_Lotte_Marines-Hokkaido_Nippon-Ham_Fighters,2025-09-20 14:00:00,2025,Chiba Lotte Marines,Hokkaido Nippon-Ham Fighters,7.0,8.0,Final,エスコンＦ
20250920-Hiroshima_Toyo_Carp-Yomiuri_Giants,2025-09-20 14:00:00,2025,Hiroshima Toyo Carp,Yomiuri Giants,1.0,3.0,Final,東京ドーム
20250920-Orix_Buffaloes-Fukuoka_SoftBank_Hawks,2025-09-20 14:00:00,2025,Orix Buffaloes,Fukuoka SoftBank Hawks,5.0,4.0,Final,みずほPayPay
20250920-Saitama_Seibu_Lions-Tohoku_Rakuten_Golden_Eagles,2025-09-20 14:00:00,2025,Saitama Seibu Lions,Tohoku Rakuten Golden Eagles,1.0,2.0,Final,楽天モバイル
20250920-Tokyo_Yakult_Swallows-Chunichi_Dragons,2025-09-20 14:00:00,2025,Tokyo Yakult Swallows,Chunichi Dragons,0.0,3.0,Final,バンテリンドーム
20250920-Yokohama_DeNA_BayStars-Hanshin_Tigers,2025-09-20 14:00:00,2025,Yokohama DeNA BayStars,Hanshin Tigers,4.0,1.0,Final,甲子園
20250921-Saitama_Seibu_Lions-Tohoku_Rakuten_Golden_Eagles,2025-09-21 13:00:00,2025,Saitama Seibu Lions,Tohoku Rakuten Golden Eagles,8.0,2.0,Final,楽天モバイル
20250921-Yomiuri_Giants-Chunichi_Dragons,2025-09-21 13:30:00,2025,Yomiuri Giants,Chunichi Dragons,2.0,5.0,Final,バンテリンドーム
20250921-Chiba_Lotte_Marines-Hokkaido_Nippon-Ham_Fighters,2025-09-21 14:00:00,2025,Chiba Lotte Marines,Hokkaido Nippon-Ham Fighters,2.0,7.0,Final,エスコンＦ
20250921-Orix_Buffaloes-Fukuoka_SoftBank_Hawks,2025-09-21 14:00:00,2025,Orix Buffaloes,Fukuoka SoftBank Hawks,2.0,1.0,Final,みずほPayPay
20250921-Hanshin_Tigers-Tokyo_Yakult_Swallows,2025-09-21 18:00:00,2025,Hanshin Tigers,Tokyo Yakult Swallows,1.0,8.0,Final,神 宮
20250921-Hiroshima_Toyo_Carp-Yokohama_DeNA_BayStars,2025-09-21 18:00:00,2025,Hiroshima Toyo Carp,Yokohama DeNA BayStars,2.0,7.0,Final,横 浜
20250922-Chiba_Lotte_Marines-Hokkaido_Nippon-Ham_Fighters,2025-09-22 14:00:00,2025,Chiba Lotte Marines,Hokkaido Nippon-Ham Fighters,2.0,0.0,Final,エスコンＦ
20250922-Hanshin_Tigers-Tokyo_Yakult_Swallows,2025-09-22 18:00:00,2025,Hanshin Tigers,Tokyo Yakult Swallows,2.0,3.0,Final,神 宮
20250922-Orix_Buffaloes-Fukuoka_SoftBank_Hawks,2025-09-22 18:00:00,2025,Orix Buffaloes,Fukuoka SoftBank Hawks,1.0,0.0,Final,みずほPayPay
20250923-Hanshin_Tigers-Yokohama_DeNA_BayStars,2025-09-23 14:00:00,2025,Hanshin Tigers,Yokohama DeNA BayStars,2.0,2.0,Final,横 浜
20250923-Orix_Buffaloes-Fukuoka_SoftBank_Hawks,2025-09-23 14:00:00,2025,Orix Buffaloes,Fukuoka SoftBank Hawks,1.0,0.0,Final,みずほPayPay
20250923-Tohoku_Rakuten_Golden_Eagles-Hokkaido_Nippon-Ham_Fighters,2025-09-23 14:00:00,2025,Tohoku Rakuten Golden Eagles,Hokkaido Nippon-Ham Fighters,7.0,0.0,Final,エスコンＦ
20250923-Chunichi_Dragons-Tokyo_Yakult_Swallows,2025-09-23 18:00:00,2025,Chunichi Dragons,Tokyo Yakult Swallows,3.0,0.0,Final,神 宮
20250923-Saitama_Seibu_Lions-Chiba_Lotte_Marines,2025-09-23 18:00:00,2025,Saitama Seibu Lions,Chiba Lotte Marines,0.0,1.0,Final,ZOZOマリン
20250923-Yomiuri_Giants-Hiroshima_Toyo_Carp,2025-09-23 18:00:00,2025,Yomiuri Giants,Hiroshima Toyo Carp,0.0,5.0,Final,マツダスタジアム
20250924-Fukuoka_SoftBank_Hawks-Tohoku_Rakuten_Golden_Eagles,2025-09-24 18:00:00,2025,Fukuoka SoftBank Hawks,Tohoku Rakuten Golden Eagles,8.0,3.0,Final,楽天モバイル
20250924-Saitama_Seibu_Lions-Chiba_Lotte_Marines,2025-09-24 18:00:00,2025,Saitama Seibu Lions,Chiba Lotte Marines,0.0,5.0,Final,ZOZOマリン
20250925-Chiba_Lotte_Marines-Orix_Buffaloes,2025-09-25 18:00:00,2025,Chiba Lotte Marines,Orix Buffaloes,6.0,4.0,Final,京セラD大阪
20250925-Fukuoka_SoftBank_Hawks-Tohoku_Rakuten_Golden_Eagles,2025-09-25 18:00:00,2025,Fukuoka SoftBank Hawks,Tohoku Rakuten Golden Eagles,6.0,0.0,Final,楽天モバイル
20250925-Hokkaido_Nippon-Ham_Fighters-Saitama_Seibu_Lions,2025-09-25 18:00:00,2025,Hokkaido Nippon-Ham Fighters,Saitama Seibu Lions,4.0,5.0,Final,ベルーナドーム
20250926-Chunichi_Dragons-Hanshin_Tigers,2025-09-26 18:00:00,2025,Chunichi Dragons,Hanshin Tigers,2.0,6.0,Final,甲子園
20250926-Fukuoka_SoftBank_Hawks-Tohoku_Rakuten_Golden_Eagles,2025-09-26 18:00:00,2025,Fukuoka SoftBank Hawks,Tohoku Rakuten Golden Eagles,4.0,3.0,Final,楽天モバイル
20250926-Hiroshima_Toyo_Carp-Tokyo_Yakult_Swallows,2025-09-26 18:00:00,2025,Hiroshima Toyo Carp,Tokyo Yakult Swallows,1.0,11.0,Final,神 宮
20250926-Hokkaido_Nippon-Ham_Fighters-Saitama_Seibu_Lions,2025-09-26 18:00:00,2025,Hokkaido Nippon-Ham Fighters,Saitama Seibu Lions,8.0,5.0,Final,ベルーナドーム
20250926-Yomiuri_Giants-Yokohama_DeNA_BayStars,2025-09-26 18:00:00,2025,Yomiuri Giants,Yokohama DeNA BayStars,4.0,5.0,Final,横 浜
20250927-Chunichi_Dragons-Hanshin_Tigers,2025-09-27 14:00:00,2025,Chunichi Dragons,Hanshin Tigers,5.0,3.0,Final,甲子園
20250927-Yomiuri_Giants-Yokohama_DeNA_BayStars,2025-09-27 14:00:00,2025,Yomiuri Giants,Yokohama DeNA BayStars,9.0,8.0,Final,横 浜
20250927-Fukuoka_SoftBank_Hawks-Saitama_Seibu_Lions,2025-09-27 18:00:00,2025,Fukuoka SoftBank Hawks,Saitama Seibu Lions,4.0,1.0,Final,ベルーナドーム
20250927-Hiroshima_Toyo_Carp-Tokyo_Yakult_Swallows,2025-09-27 18:00:00,2025,Hiroshima Toyo Carp,Tokyo Yakult Swallows,1.0,3.0,Final,神 宮
20250927-Hokkaido_Nippon-Ham_Fighters-Chiba_Lotte_Marines,2025-09-27 18:00:00,2025,Hokkaido Nippon-Ham Fighters,Chiba Lotte Marines,2.0,0.0,Final,ZOZOマリン
20250927-Tohoku_Rakuten_Golden_Eagles-Orix_Buffaloes,2025-09-27 18:00:00,2025,Tohoku Rakuten Golden Eagles,Orix Buffaloes,0.0,2.0,Final,京セラD大阪
20250928-Chunichi_Dragons-Hanshin_Tigers,2025-09-28 14:00:00,2025,Chunichi Dragons,Hanshin Tigers,4.0,2.0,Final,甲子園
20250928-Fukuoka_SoftBank_Hawks-Saitama_Seibu_Lions,2025-09-28 14:00:00,2025,Fukuoka SoftBank Hawks,Saitama Seibu Lions,4.0,1.0,Final,ベルーナドーム
20250928-Tohoku_Rakuten_Golden_Eagles-Orix_Buffaloes,2025-09-28 14:00:00,2025,Tohoku Rakuten Golden Eagles,Orix Buffaloes,5.0,10.0,Final,京セラD大阪
20250928-Hokkaido_Nippon-Ham_Fighters-Chiba_Lotte_Marines,2025-09-28 17:00:00,2025,Hokkaido Nippon-Ham Fighters,Chiba Lotte Marines,4.0,3.0,Final,ZOZOマリン
20250928-Yokohama_DeNA_BayStars-Hiroshima_Toyo_Carp,2025-09-28 18:00:00,2025,Yokohama DeNA BayStars,Hiroshima Toyo Carp,10.0,2.0,Final,マツダスタジアム
20250928-Yomiuri_Giants-Tokyo_Yakult_Swallows,2025-09-28 18:00:00,2025,Yomiuri Giants,Tokyo Yakult Swallows,4.0,4.0,Final,神 宮
20250929-Chiba_Lotte_Marines-Saitama_Seibu_Lions,2025-09-29 18:00:00,2025,Chiba Lotte Marines,Saitama Seibu Lions,0.0,2.0,Final,ベルーナドーム
20250929-Tohoku_Rakuten_Golden_Eagles-Orix_Buffaloes,2025-09-29 18:00:00,2025,Tohoku Rakuten Golden Eagles,Orix Buffaloes,0.0,4.0,Final,京セラD大阪
20250930-Chunichi_Dragons-Yomiuri_Giants,2025-09-30 18:00:00,2025,Chunichi Dragons,Yomiuri Giants,2.0,4.0,Final,東京ドーム
20250930-Hokkaido_Nippon-Ham_Fighters-Fukuoka_SoftBank_Hawks,2025-09-30 18:00:00,2025,Hokkaido Nippon-Ham Fighters,Fukuoka SoftBank Hawks,2.0,1.0,Final,みずほPayPay
20250930-Tohoku_Rakuten_Golden_Eagles-Chiba_Lotte_Marines,2025-09-30 18:00:00,2025,Tohoku Rakuten Golden Eagles,Chiba Lotte Marines,2.0,1.0,Final,ZOZOマリン
20250930-Tokyo_Yakult_Swallows-Yokohama_DeNA_BayStars,2025-09-30 18:00:00,2025,Tokyo Yakult Swallows,Yokohama DeNA BayStars,5.0,4.0,Final,横 浜
20251001-Chunichi_Dragons-Yomiuri_Giants,2025-10-01 18:00:00,2025,Chunichi Dragons,Yomiuri Giants,2,5,Final,東京ドーム
20251001-Saitama_Seibu_Lions-Orix_Buffaloes,2025-10-01 18:00:00,2025,Saitama Seibu Lions,Orix Buffaloes,5,10,Final,京セラD大阪
20251001-Tokyo_Yakult_Swallows-Yokohama_DeNA_BayStars,2025-10-01 18:00:00,2025,Tokyo Yakult Swallows,Yokohama DeNA BayStars,6,9,Final,横 浜
20251002-Saitama_Seibu_Lions-Orix_Buffaloes,2025-10-02 18:00:00,2025,Saitama Seibu Lions,Orix Buffaloes,6,5,Final,京セラD大阪
20251002-Tokyo_Yakult_Swallows-Hanshin_Tigers,2025-10-02 18:00:00,2025,Tokyo Yakult Swallows,Hanshin Tigers,2,6,Final,甲子園
20251003-Orix_Buffaloes-Fukuoka_SoftBank_Hawks,2025-10-03 18:00:00,2025,Orix Buffaloes,Fukuoka SoftBank Hawks,2,10,Final,みずほPayPay
20251003-Saitama_Seibu_Lions-Tohoku_Rakuten_Golden_Eagles,2025-10-03 18:00:00,2025,Saitama Seibu Lions,Tohoku Rakuten Golden Eagles,6,7,Final,楽天モバイル
20251003-Tokyo_Yakult_Swallows-Hiroshima_Toyo_Carp,2025-10-03 18:00:00,2025,Tokyo Yakult Swallows,Hiroshima Toyo Carp,6,1,Final,マツダスタジアム
20251004-Tokyo_Yakult_Swallows-Hiroshima_Toyo_Carp,2025-10-04 13:30:00,2025,Tokyo Yakult Swallows,Hiroshima Toyo Carp,3,1,Final,マツダスタジアム
20251004-Hokkaido_Nippon-Ham_Fighters-Chiba_Lotte_Marines,2025-10-04 14:00:00,2025,Hokkaido Nippon-Ham Fighters,Chiba Lotte Marines,0,3,Final,ZOZOマリン
20251004-Saitama_Seibu_Lions-Tohoku_Rakuten_Golden_Eagles,2025-10-04 14:00:00,2025,Saitama Seibu Lions,Tohoku Rakuten Golden Eagles,2,3,Final,楽天モバイル
20251005-Fukuoka_SoftBank_Hawks-Chiba_Lotte_Marines,2025-10-05 14:00:00,2025,Fukuoka SoftBank Hawks,Chiba Lotte Marines,5,2,Final,ZOZOマリン
20251005-Orix_Buffaloes-Tohoku_Rakuten_Golden_Eagles,2025-10-05 14:00:00,2025,Orix Buffaloes,Tohoku Rakuten Golden Eagles,2,1,Final,楽天モバイル
20251011-Orix_Buffaloes-Hokkaido_Nippon-Ham_Fighters,2025-10-11 14:00:00,2025,Orix Buffaloes,Hokkaido Nippon-Ham Fighters,0,2,Final,エスコンＦ
20251011-Yomiuri_Giants-Yokohama_DeNA_BayStars,2025-10-11 14:00:00,2025,Yomiuri Giants,Yokohama DeNA BayStars,2,6,Final,横 浜
20251012-Orix_Buffaloes-Hokkaido_Nippon-Ham_Fighters,2025-10-12 14:00:00,2025,Orix Buffaloes,Hokkaido Nippon-Ham Fighters,4,5,Final,エスコンＦ
20251012-Yomiuri_Giants-Yokohama_DeNA_BayStars,2025-10-12 14:00:00,2025,Yomiuri Giants,Yokohama DeNA BayStars,6,7,Final,横 浜
20251015-Hokkaido_Nippon-Ham_Fighters-Fukuoka_SoftBank_Hawks,2025-10-15 18:00:00,2025,Hokkaido Nippon-Ham Fighters,Fukuoka SoftBank Hawks,1,2,Final,みずほPayPay
20251015-Yokohama_DeNA_BayStars-Hanshin_Tigers,2025-10-15 18:00:00,2025,Yokohama DeNA BayStars,Hanshin Tigers,0,2,Final,甲子園
20251016-Hokkaido_Nippon-Ham_Fighters-Fukuoka_SoftBank_Hawks,2025-10-16 18:00:00,2025,Hokkaido Nippon-Ham Fighters,Fukuoka SoftBank Hawks,0,3,Final,みずほPayPay
20251016-Yokohama_DeNA_BayStars-Hanshin_Tigers,2025-10-16 18:00:00,2025,Yokohama DeNA BayStars,Hanshin Tigers,3,5,Final,甲子園
20251017-Hokkaido_Nippon-Ham_Fighters-Fukuoka_SoftBank_Hawks,2025-10-17 18:00:00,2025,Hokkaido Nippon-Ham Fighters,Fukuoka SoftBank Hawks,6,0,Final,みずほPayPay
20251017-Yokohama_DeNA_BayStars-Hanshin_Tigers,2025-10-17 18:00:00,2025,Yokohama DeNA BayStars,Hanshin Tigers,0,4,Final,甲子園
20251018-Hokkaido_Nippon-Ham_Fighters-Fukuoka_SoftBank_Hawks,2025-10-18 14:00:00,2025,Hokkaido Nippon-Ham Fighters,Fukuoka SoftBank Hawks,9,3,Final,みずほPayPay
20251019-Hokkaido_Nippon-Ham_Fighters-Fukuoka_SoftBank_Hawks,2025-10-19 13:00:00,2025,Hokkaido Nippon-Ham Fighters,Fukuoka SoftBank Hawks,7,1,Final,みずほPayPay
20251020-Hokkaido_Nippon-Ham_Fighters-Fukuoka_SoftBank_Hawks,2025-10-20 18:00:00,2025,Hokkaido Nippon-Ham Fighters,Fukuoka SoftBank Hawks,1,2,Final,みずほPayPay
20251025-Hanshin_Tigers-Fukuoka_SoftBank_Hawks,2025-10-25 18:30:00,2025,Hanshin Tigers,Fukuoka SoftBank Hawks,2,1,Final,みずほPayPay
20251026-Hanshin_Tigers-Fukuoka_SoftBank_Hawks,2025-10-26 18:30:00,2025,Hanshin Tigers,Fukuoka SoftBank Hawks,1,10,Final,みずほPayPay
20251028-Fukuoka_SoftBank_Hawks-Hanshin_Tigers,2025-10-28 18:00:00,2025,Fukuoka SoftBank Hawks,Hanshin Tigers,2,1,Final,甲子園
20251029-Fukuoka_SoftBank_Hawks-Hanshin_Tigers,2025-10-29 18:00:00,2025,Fukuoka SoftBank Hawks,Hanshin Tigers,3,2,Final,甲子園
20251030-Fukuoka_SoftBank_Hawks-Hanshin_Tigers,2025-10-30 18:00:00,2025,Fukuoka SoftBank Hawks,Hanshin Tigers,3,2,Final,甲子園
20260327-Chunichi_Dragons-Hiroshima_Toyo_Carp,2026-03-27 18:00:00,2026,Chunichi Dragons,Hiroshima Toyo Carp,5,6,Final,マツダスタジアム
20260327-Hanshin_Tigers-Yomiuri_Giants,2026-03-27 18:15:00,2026,Hanshin Tigers,Yomiuri Giants,1,3,Final,東京ドーム
20260327-Hokkaido_Nippon-Ham_Fighters-Fukuoka_SoftBank_Hawks,2026-03-27 18:30:00,2026,Hokkaido Nippon-Ham Fighters,Fukuoka SoftBank Hawks,5,6,Final,みずほPayPay
20260327-Saitama_Seibu_Lions-Chiba_Lotte_Marines,2026-03-27 18:30:00,2026,Saitama Seibu Lions,Chiba Lotte Marines,1,3,Final,ZOZOマリン
20260327-Tohoku_Rakuten_Golden_Eagles-Orix_Buffaloes,2026-03-27 18:30:00,2026,Tohoku Rakuten Golden Eagles,Orix Buffaloes,10,0,Final,京セラD大阪
20260327-Tokyo_Yakult_Swallows-Yokohama_DeNA_BayStars,2026-03-27 18:30:00,2026,Tokyo Yakult Swallows,Yokohama DeNA BayStars,3,2,Final,横 浜
20260328-Hokkaido_Nippon-Ham_Fighters-Fukuoka_SoftBank_Hawks,2026-03-28 13:30:00,2026,Hokkaido Nippon-Ham Fighters,Fukuoka SoftBank Hawks,4,6,Final,みずほPayPay
20260328-Chunichi_Dragons-Hiroshima_Toyo_Carp,2026-03-28 14:00:00,2026,Chunichi Dragons,Hiroshima Toyo Carp,1,2,Final,マツダスタジアム
20260328-Hanshin_Tigers-Yomiuri_Giants,2026-03-28 14:00:00,2026,Hanshin Tigers,Yomiuri Giants,2,0,Final,東京ドーム
20260328-Saitama_Seibu_Lions-Chiba_Lotte_Marines,2026-03-28 14:00:00,2026,Saitama Seibu Lions,Chiba Lotte Marines,0,11,Final,ZOZOマリン
20260328-Tohoku_Rakuten_Golden_Eagles-Orix_Buffaloes,2026-03-28 14:00:00,2026,Tohoku Rakuten Golden Eagles,Orix Buffaloes,0,6,Final,京セラD大阪
20260328-Tokyo_Yakult_Swallows-Yokohama_DeNA_BayStars,2026-03-28 14:00:00,2026,Tokyo Yakult Swallows,Yokohama DeNA BayStars,5,2,Final,横 浜
20260329-Hokkaido_Nippon-Ham_Fighters-Fukuoka_SoftBank_Hawks,2026-03-29 13:00:00,2026,Hokkaido Nippon-Ham Fighters,Fukuoka SoftBank Hawks,4,8,Final,みずほPayPay
20260329-Tohoku_Rakuten_Golden_Eagles-Orix_Buffaloes,2026-03-29 13:00:00,2026,Tohoku Rakuten Golden Eagles,Orix Buffaloes,4,5,Final,京セラD大阪
20260329-Chunichi_Dragons-Hiroshima_Toyo_Carp,2026-03-29 13:30:00,2026,Chunichi Dragons,Hiroshima Toyo Carp,0,1,Final,マツダスタジアム
20260329-Hanshin_Tigers-Yomiuri_Giants,2026-03-29 14:00:00,2026,Hanshin Tigers,Yomiuri Giants,12,6,Final,東京ドーム
20260329-Saitama_Seibu_Lions-Chiba_Lotte_Marines,2026-03-29 14:00:00,2026,Saitama Seibu Lions,Chiba Lotte Marines,4,0,Final,ZOZOマリン
20260329-Tokyo_Yakult_Swallows-Yokohama_DeNA_BayStars,2026-03-29 14:00:00,2026,Tokyo Yakult Swallows,Yokohama DeNA BayStars,5,3,Final,横 浜
20260331-Fukuoka_SoftBank_Hawks-Tohoku_Rakuten_Golden_Eagles,2026-03-31 16:00:00,2026,Fukuoka SoftBank Hawks,Tohoku Rakuten Golden Eagles,4,2,Final,楽天モバイル
20260331-Hiroshima_Toyo_Carp-Tokyo_Yakult_Swallows,2026-03-31 18:00:00,2026,Hiroshima Toyo Carp,Tokyo Yakult Swallows,3,8,Final,神 宮
20260331-Orix_Buffaloes-Saitama_Seibu_Lions,2026-03-31 18:00:00,2026,Orix Buffaloes,Saitama Seibu Lions,3,5,Final,ベルーナドーム
20260331-Yokohama_DeNA_BayStars-Hanshin_Tigers,2026-03-31 18:00:00,2026,Yokohama DeNA BayStars,Hanshin Tigers,1,4,Final,京セラD大阪
20260331-Yomiuri_Giants-Chunichi_Dragons,2026-03-31 18:15:00,2026,Yomiuri Giants,Chunichi Dragons,5,2,Final,バンテリンドーム
20260331-Chiba_Lotte_Marines-Hokkaido_Nippon-Ham_Fighters,2026-03-31 18:30:00,2026,Chiba Lotte Marines,Hokkaido Nippon-Ham Fighters,0,9,Final,エスコンＦ
20260401-Fukuoka_SoftBank_Hawks-Tohoku_Rakuten_Golden_Eagles,2026-04-01 13:00:00,2026,Fukuoka SoftBank Hawks,Tohoku Rakuten Golden Eagles,6.0,1.0,Final,楽天モバイル
20260401-Hiroshima_Toyo_Carp-Tokyo_Yakult_Swallows,2026-04-01 18:00:00,2026,Hiroshima Toyo Carp,Tokyo Yakult Swallows,,,Postponed,神 宮
20260401-Orix_Buffaloes-Saitama_Seibu_Lions,2026-04-01 18:00:00,2026,Orix Buffaloes,Saitama Seibu Lions,4.0,0.0,Final,ベルーナドーム
20260401-Yokohama_DeNA_BayStars-Hanshin_Tigers,2026-04-01 18:00:00,2026,Yokohama DeNA BayStars,Hanshin Tigers,4.0,1.0,Final,京セラD大阪
20260401-Yomiuri_Giants-Chunichi_Dragons,2026-04-01 18:00:00,2026,Yomiuri Giants,Chunichi Dragons,6.0,5.0,Final,バンテリンドーム
20260401-Chiba_Lotte_Marines-Hokkaido_Nippon-Ham_Fighters,2026-04-01 18:30:00,2026,Chiba Lotte Marines,Hokkaido Nippon-Ham Fighters,4.0,2.0,Final,エスコンＦ
20260402-Fukuoka_SoftBank_Hawks-Tohoku_Rakuten_Golden_Eagles,2026-04-02 13:00:00,2026,Fukuoka SoftBank Hawks,Tohoku Rakuten Golden Eagles,4.0,5.0,Final,楽天モバイル
20260402-Orix_Buffaloes-Saitama_Seibu_Lions,2026-04-02 13:00:00,2026,Orix Buffaloes,Saitama Seibu Lions,7.0,3.0,Final,ベルーナドーム
20260402-Chiba_Lotte_Marines-Hokkaido_Nippon-Ham_Fighters,2026-04-02 18:00:00,2026,Chiba Lotte Marines,Hokkaido Nippon-Ham Fighters,1.0,7.0,Final,エスコンＦ
20260402-Hiroshima_Toyo_Carp-Tokyo_Yakult_Swallows,2026-04-02 18:00:00,2026,Hiroshima Toyo Carp,Tokyo Yakult Swallows,1.0,2.0,Final,神 宮
20260402-Yokohama_DeNA_BayStars-Hanshin_Tigers,2026-04-02 18:00:00,2026,Yokohama DeNA BayStars,Hanshin Tigers,3.0,4.0,Final,京セラD大阪
20260402-Yomiuri_Giants-Chunichi_Dragons,2026-04-02 18:00:00,2026,Yomiuri Giants,Chunichi Dragons,1.0,2.0,Final,バンテリンドーム
20260403-Chunichi_Dragons-Tokyo_Yakult_Swallows,2026-04-03 18:00:00,2026,Chunichi Dragons,Tokyo Yakult Swallows,1.0,0.0,Final,神 宮
20260403-Fukuoka_SoftBank_Hawks-Chiba_Lotte_Marines,2026-04-03 18:00:00,2026,Fukuoka SoftBank Hawks,Chiba Lotte Marines,2.0,3.0,Final,ZOZOマリン
20260403-Hanshin_Tigers-Hiroshima_Toyo_Carp,2026-04-03 18:00:00,2026,Hanshin Tigers,Hiroshima Toyo Carp,4.0,2.0,Final,マツダスタジアム
20260403-Orix_Buffaloes-Hokkaido_Nippon-Ham_Fighters,2026-04-03 18:00:00,2026,Orix Buffaloes,Hokkaido Nippon-Ham Fighters,3.0,12.0,Final,エスコンＦ
20260403-Tohoku_Rakuten_Golden_Eagles-Saitama_Seibu_Lions,2026-04-03 18:00:00,2026,Tohoku Rakuten Golden Eagles,Saitama Seibu Lions,6.0,3.0,Final,ベルーナドーム
20260403-Yokohama_DeNA_BayStars-Yomiuri_Giants,2026-04-03 18:00:00,2026,Yokohama DeNA BayStars,Yomiuri Giants,3.0,1.0,Final,東京ドーム
20260404-Chunichi_Dragons-Tokyo_Yakult_Swallows,2026-04-04 14:00:00,2026,Chunichi Dragons,Tokyo Yakult Swallows,6.0,11.0,Final,神 宮
20260404-Fukuoka_SoftBank_Hawks-Chiba_Lotte_Marines,2026-04-04 14:00:00,2026,Fukuoka SoftBank Hawks,Chiba Lotte Marines,5.0,2.0,Final,ZOZOマリン
20260404-Hanshin_Tigers-Hiroshima_Toyo_Carp,2026-04-04 14:00:00,2026,Hanshin Tigers,Hiroshima Toyo Carp,7.0,5.0,Final,マツダスタジアム
20260404-Orix_Buffaloes-Hokkaido_Nippon-Ham_Fighters,2026-04-04 14:00:00,2026,Orix Buffaloes,Hokkaido Nippon-Ham Fighters,3.0,6.0,Final,エスコンＦ
20260404-Tohoku_Rakuten_Golden_Eagles-Saitama_Seibu_Lions,2026-04-04 14:00:00,2026,Tohoku Rakuten Golden Eagles,Saitama Seibu Lions,2.0,1.0,Final,ベルーナドーム
20260404-Yokohama_DeNA_BayStars-Yomiuri_Giants,2026-04-04 14:00:00,2026,Yokohama DeNA BayStars,Yomiuri Giants,4.0,8.0,Final,東京ドーム
20260405-Fukuoka_SoftBank_Hawks-Chiba_Lotte_Marines,2026-04-05 13:00:00,2026,Fukuoka SoftBank Hawks,Chiba Lotte Marines,4.0,3.0,Final,ZOZOマリン
20260405-Orix_Buffaloes-Hokkaido_Nippon-Ham_Fighters,2026-04-05 13:00:00,2026,Orix Buffaloes,Hokkaido Nippon-Ham Fighters,2.0,8.0,Final,エスコンＦ
20260405-Chunichi_Dragons-Tokyo_Yakult_Swallows,2026-04-05 13:30:00,2026,Chunichi Dragons,Tokyo Yakult Swallows,5.0,7.0,Final,神 宮
20260405-Hanshin_Tigers-Hiroshima_Toyo_Carp,2026-04-05 14:00:00,2026,Hanshin Tigers,Hiroshima Toyo Carp,1.0,2.0,Final,マツダスタジアム
20260405-Tohoku_Rakuten_Golden_Eagles-Saitama_Seibu_Lions,2026-04-05 14:00:00,2026,Tohoku Rakuten Golden Eagles,Saitama Seibu Lions,1.0,1.0,Final,ベルーナドーム
20260405-Yokohama_DeNA_BayStars-Yomiuri_Giants,2026-04-05 14:00:00,2026,Yokohama DeNA BayStars,Yomiuri Giants,2.0,3.0,Final,東京ドーム
20260407-Saitama_Seibu_Lions-Fukuoka_SoftBank_Hawks,2026-04-07 14:00:00,2026,Saitama Seibu Lions,Fukuoka SoftBank Hawks,8.0,6.0,Final,みずほPayPay
20260407-Chiba_Lotte_Marines-Orix_Buffaloes,2026-04-07 18:00:00,2026,Chiba Lotte Marines,Orix Buffaloes,1.0,3.0,Final,京セラD大阪
20260407-Chunichi_Dragons-Yokohama_DeNA_BayStars,2026-04-07 18:00:00,2026,Chunichi Dragons,Yokohama DeNA BayStars,3.0,5.0,Final,横 浜
20260407-Hokkaido_Nippon-Ham_Fighters-Tohoku_Rakuten_Golden_Eagles,2026-04-07 18:00:00,2026,Hokkaido Nippon-Ham Fighters,Tohoku Rakuten Golden Eagles,0.0,3.0,Final,楽天モバイル
20260407-Tokyo_Yakult_Swallows-Hanshin_Tigers,2026-04-07 18:00:00,2026,Tokyo Yakult Swallows,Hanshin Tigers,3.0,9.0,Final,甲子園
20260407-Yomiuri_Giants-Hiroshima_Toyo_Carp,2026-04-07 18:00:00,2026,Yomiuri Giants,Hiroshima Toyo Carp,2.0,5.0,Final,マツダスタジアム
20260408-Chiba_Lotte_Marines-Orix_Buffaloes,2026-04-08 18:00:00,2026,Chiba Lotte Marines,Orix Buffaloes,1.0,9.0,Final,京セラD大阪
20260408-Chunichi_Dragons-Yokohama_DeNA_BayStars,2026-04-08 18:00:00,2026,Chunichi Dragons,Yokohama DeNA BayStars,6.0,4.0,Final,横 浜
20260408-Hokkaido_Nippon-Ham_Fighters-Tohoku_Rakuten_Golden_Eagles,2026-04-08 18:00:00,2026,Hokkaido Nippon-Ham Fighters,Tohoku Rakuten Golden Eagles,1.0,0.0,Final,楽天モバイル
20260408-Saitama_Seibu_Lions-Fukuoka_SoftBank_Hawks,2026-04-08 18:00:00,2026,Saitama Seibu Lions,Fukuoka SoftBank Hawks,2.0,1.0,Final,みずほPayPay
20260408-Tokyo_Yakult_Swallows-Hanshin_Tigers,2026-04-08 18:00:00,2026,Tokyo Yakult Swallows,Hanshin Tigers,3.0,2.0,Final,甲子園
20260408-Yomiuri_Giants-Hiroshima_Toyo_Carp,2026-04-08 18:00:00,2026,Yomiuri Giants,Hiroshima Toyo Carp,2.0,1.0,Final,マツダスタジアム
20260409-Chiba_Lotte_Marines-Orix_Buffaloes,2026-04-09 18:00:00,2026,Chiba Lotte Marines,Orix Buffaloes,1.0,2.0,Final,京セラD大阪
20260409-Hokkaido_Nippon-Ham_Fighters-Tohoku_Rakuten_Golden_Eagles,2026-04-09 18:00:00,2026,Hokkaido Nippon-Ham Fighters,Tohoku Rakuten Golden Eagles,4.0,2.0,Final,楽天モバイル
20260409-Saitama_Seibu_Lions-Fukuoka_SoftBank_Hawks,2026-04-09 18:00:00,2026,Saitama Seibu Lions,Fukuoka SoftBank Hawks,0.0,2.0,Final,みずほPayPay
20260409-Tokyo_Yakult_Swallows-Hanshin_Tigers,2026-04-09 18:00:00,2026,Tokyo Yakult Swallows,Hanshin Tigers,0.0,2.0,Final,甲子園
20260409-Yomiuri_Giants-Hiroshima_Toyo_Carp,2026-04-09 18:00:00,2026,Yomiuri Giants,Hiroshima Toyo Carp,,,Postponed,マツダスタジアム
20260410-Chiba_Lotte_Marines-Saitama_Seibu_Lions,2026-04-10 18:00:00,2026,Chiba Lotte Marines,Saitama Seibu Lions,6.0,3.0,Final,県営大宮
20260410-Hanshin_Tigers-Chunichi_Dragons,2026-04-10 18:00:00,2026,Hanshin Tigers,Chunichi Dragons,5.0,3.0,Final,バンテリンドーム
20260410-Hiroshima_Toyo_Carp-Yokohama_DeNA_BayStars,2026-04-10 18:00:00,2026,Hiroshima Toyo Carp,Yokohama DeNA BayStars,,,Postponed,横 浜
20260410-Orix_Buffaloes-Tohoku_Rakuten_Golden_Eagles,2026-04-10 18:00:00,2026,Orix Buffaloes,Tohoku Rakuten Golden Eagles,,,Postponed,楽天モバイル
20260410-Tokyo_Yakult_Swallows-Yomiuri_Giants,2026-04-10 18:00:00,2026,Tokyo Yakult Swallows,Yomiuri Giants,2.0,3.0,Final,東京ドーム
20260411-Fukuoka_SoftBank_Hawks-Hokkaido_Nippon-Ham_Fighters,2026-04-11 14:00:00,2026,Fukuoka SoftBank Hawks,Hokkaido Nippon-Ham Fighters,6.0,3.0,Final,エスコンＦ
20260411-Hanshin_Tigers-Chunichi_Dragons,2026-04-11 14:00:00,2026,Hanshin Tigers,Chunichi Dragons,9.0,3.0,Final,バンテリンドーム
20260411-Hiroshima_Toyo_Carp-Yokohama_DeNA_BayStars,2026-04-11 14:00:00,2026,Hiroshima Toyo Carp,Yokohama DeNA BayStars,3.0,4.0,Final,横 浜
20260411-Orix_Buffaloes-Tohoku_Rakuten_Golden_Eagles,2026-04-11 14:00:00,2026,Orix Buffaloes,Tohoku Rakuten Golden Eagles,4.0,11.0,Final,楽天モバイル
20260411-Chiba_Lotte_Marines-Saitama_Seibu_Lions,2026-04-11 17:00:00,2026,Chiba Lotte Marines,Saitama Seibu Lions,2.0,5.0,Final,ベルーナドーム
20260411-Tokyo_Yakult_Swallows-Yomiuri_Giants,2026-04-11 18:00:00,2026,Tokyo Yakult Swallows,Yomiuri Giants,3.0,2.0,Final,東京ドーム
20260412-Chiba_Lotte_Marines-Saitama_Seibu_Lions,2026-04-12 13:00:00,2026,Chiba Lotte Marines,Saitama Seibu Lions,1.0,2.0,Final,ベルーナドーム
20260412-Fukuoka_SoftBank_Hawks-Hokkaido_Nippon-Ham_Fighters,2026-04-12 13:00:00,2026,Fukuoka SoftBank Hawks,Hokkaido Nippon-Ham Fighters,11.0,7.0,Final,エスコンＦ
20260412-Orix_Buffaloes-Tohoku_Rakuten_Golden_Eagles,2026-04-12 13:00:00,2026,Orix Buffaloes,Tohoku Rakuten Golden Eagles,0.0,4.0,Final,楽天モバイル
20260412-Hanshin_Tigers-Chunichi_Dragons,2026-04-12 13:30:00,2026,Hanshin Tigers,Chunichi Dragons,3.0,0.0,Final,バンテリンドーム
20260412-Hiroshima_Toyo_Carp-Yokohama_DeNA_BayStars,2026-04-12 14:00:00,2026,Hiroshima Toyo Carp,Yokohama DeNA BayStars,5.0,6.0,Final,横 浜
20260412-Tokyo_Yakult_Swallows-Yomiuri_Giants,2026-04-12 14:00:00,2026,Tokyo Yakult Swallows,Yomiuri Giants,2.0,0.0,Final,東京ドーム
20260414-Hiroshima_Toyo_Carp-Chunichi_Dragons,2026-04-14 18:00:00,2026,Hiroshima Toyo Carp,Chunichi Dragons,2.0,6.0,Final,豊 橋
20260414-Hokkaido_Nippon-Ham_Fighters-Chiba_Lotte_Marines,2026-04-14 18:00:00,2026,Hokkaido Nippon-Ham Fighters,Chiba Lotte Marines,5.0,1.0,Final,ZOZOマリン
20260414-Saitama_Seibu_Lions-Orix_Buffaloes,2026-04-14 18:00:00,2026,Saitama Seibu Lions,Orix Buffaloes,1.0,5.0,Final,京セラD大阪
20260414-Tohoku_Rakuten_Golden_Eagles-Fukuoka_SoftBank_Hawks,2026-04-14 18:00:00,2026,Tohoku Rakuten Golden Eagles,Fukuoka SoftBank Hawks,3.0,2.0,Final,みずほPayPay
20260414-Yokohama_DeNA_BayStars-Tokyo_Yakult_Swallows,2026-04-14 18:00:00,2026,Yokohama DeNA BayStars,Tokyo Yakult Swallows,3.0,5.0,Final,松 山
20260414-Yomiuri_Giants-Hanshin_Tigers,2026-04-14 18:00:00,2026,Yomiuri Giants,Hanshin Tigers,4.0,3.0,Final,甲子園
20260415-Hiroshima_Toyo_Carp-Chunichi_Dragons,2026-04-15 18:00:00,2026,Hiroshima Toyo Carp,Chunichi Dragons,5.0,2.0,Final,バンテリンドーム
20260415-Hokkaido_Nippon-Ham_Fighters-Chiba_Lotte_Marines,2026-04-15 18:00:00,2026,Hokkaido Nippon-Ham Fighters,Chiba Lotte Marines,7.0,9.0,Final,ZOZOマリン
20260415-Saitama_Seibu_Lions-Orix_Buffaloes,2026-04-15 18:00:00,2026,Saitama Seibu Lions,Orix Buffaloes,1.0,3.0,Final,京セラD大阪
20260415-Tohoku_Rakuten_Golden_Eagles-Fukuoka_SoftBank_Hawks,2026-04-15 18:00:00,2026,Tohoku Rakuten Golden Eagles,Fukuoka SoftBank Hawks,3.0,2.0,Final,みずほPayPay
20260415-Yomiuri_Giants-Hanshin_Tigers,2026-04-15 18:00:00,2026,Yomiuri Giants,Hanshin Tigers,,,Postponed,甲子園
20260416-Hokkaido_Nippon-Ham_Fighters-Chiba_Lotte_Marines,2026-04-16 18:00:00,2026,Hokkaido Nippon-Ham Fighters,Chiba Lotte Marines,3.0,5.0,Final,ZOZOマリン
20260416-Saitama_Seibu_Lions-Orix_Buffaloes,2026-04-16 18:00:00,2026,Saitama Seibu Lions,Orix Buffaloes,1.0,7.0,Final,京セラD大阪
20260416-Tohoku_Rakuten_Golden_Eagles-Fukuoka_SoftBank_Hawks,2026-04-16 18:00:00,2026,Tohoku Rakuten Golden Eagles,Fukuoka SoftBank Hawks,0.0,6.0,Final,北九州
20260416-Yokohama_DeNA_BayStars-Tokyo_Yakult_Swallows,2026-04-16 18:00:00,2026,Yokohama DeNA BayStars,Tokyo Yakult Swallows,0.0,2.0,Final,神 宮
20260416-Yomiuri_Giants-Hanshin_Tigers,2026-04-16 18:00:00,2026,Yomiuri Giants,Hanshin Tigers,4.0,3.0,Final,甲子園
20260417-Chiba_Lotte_Marines-Tohoku_Rakuten_Golden_Eagles,2026-04-17 18:00:00,2026,Chiba Lotte Marines,Tohoku Rakuten Golden Eagles,0.0,1.0,Final,楽天モバイル
20260417-Chunichi_Dragons-Hanshin_Tigers,2026-04-17 18:00:00,2026,Chunichi Dragons,Hanshin Tigers,1.0,2.0,Final,甲子園
20260417-Orix_Buffaloes-Fukuoka_SoftBank_Hawks,2026-04-17 18:00:00,2026,Orix Buffaloes,Fukuoka SoftBank Hawks,13.0,4.0,Final,みずほPayPay
20260417-Saitama_Seibu_Lions-Hokkaido_Nippon-Ham_Fighters,2026-04-17 18:00:00,2026,Saitama Seibu Lions,Hokkaido Nippon-Ham Fighters,5.0,3.0,Final,エスコンＦ
20260417-Yokohama_DeNA_BayStars-Hiroshima_Toyo_Carp,2026-04-17 18:00:00,2026,Yokohama DeNA BayStars,Hiroshima Toyo Carp,5.0,1.0,Final,マツダスタジアム
20260417-Yomiuri_Giants-Tokyo_Yakult_Swallows,2026-04-17 18:00:00,2026,Yomiuri Giants,Tokyo Yakult Swallows,8.0,2.0,Final,神 宮
20260418-Chiba_Lotte_Marines-Tohoku_Rakuten_Golden_Eagles,2026-04-18 14:00:00,2026,Chiba Lotte Marines,Tohoku Rakuten Golden Eagles,1.0,9.0,Final,楽天モバイル
20260418-Chunichi_Dragons-Hanshin_Tigers,2026-04-18 14:00:00,2026,Chunichi Dragons,Hanshin Tigers,3.0,4.0,Final,甲子園
20260418-Saitama_Seibu_Lions-Hokkaido_Nippon-Ham_Fighters,2026-04-18 14:00:00,2026,Saitama Seibu Lions,Hokkaido Nippon-Ham Fighters,3.0,5.0,Final,エスコンＦ
20260418-Yokohama_DeNA_BayStars-Hiroshima_Toyo_Carp,2026-04-18 14:00:00,2026,Yokohama DeNA BayStars,Hiroshima Toyo Carp,7.0,2.0,Final,マツダスタジアム
20260418-Orix_Buffaloes-Fukuoka_SoftBank_Hawks,2026-04-18 18:00:00,2026,Orix Buffaloes,Fukuoka SoftBank Hawks,0.0,7.0,Final,みずほPayPay
20260418-Yomiuri_Giants-Tokyo_Yakult_Swallows,2026-04-18 18:00:00,2026,Yomiuri Giants,Tokyo Yakult Swallows,3.0,4.0,Final,神 宮
20260419-Orix_Buffaloes-Fukuoka_SoftBank_Hawks,2026-04-19 13:00:00,2026,Orix Buffaloes,Fukuoka SoftBank Hawks,2.0,1.0,Final,みずほPayPay
20260419-Saitama_Seibu_Lions-Hokkaido_Nippon-Ham_Fighters,2026-04-19 13:00:00,2026,Saitama Seibu Lions,Hokkaido Nippon-Ham Fighters,15.0,3.0,Final,エスコンＦ
20260419-Yokohama_DeNA_BayStars-Hiroshima_Toyo_Carp,2026-04-19 13:30:00,2026,Yokohama DeNA BayStars,Hiroshima Toyo Carp,2.0,0.0,Final,マツダスタジアム
20260419-Chunichi_Dragons-Hanshin_Tigers,2026-04-19 14:00:00,2026,Chunichi Dragons,Hanshin Tigers,5.0,7.0,Final,甲子園
20260419-Chiba_Lotte_Marines-Tohoku_Rakuten_Golden_Eagles,2026-04-19 16:00:00,2026,Chiba Lotte Marines,Tohoku Rakuten Golden Eagles,8.0,5.0,Final,楽天モバイル
20260419-Yomiuri_Giants-Tokyo_Yakult_Swallows,2026-04-19 18:00:00,2026,Yomiuri Giants,Tokyo Yakult Swallows,1.0,3.0,Final,神 宮
20260421-Hanshin_Tigers-Yokohama_DeNA_BayStars,2026-04-21 17:45:00,2026,Hanshin Tigers,Yokohama DeNA BayStars,9.0,16.0,Final,横 浜
20260421-Chunichi_Dragons-Yomiuri_Giants,2026-04-21 18:00:00,2026,Chunichi Dragons,Yomiuri Giants,1.0,2.0,Final,長 野
20260421-Fukuoka_SoftBank_Hawks-Saitama_Seibu_Lions,2026-04-21 18:00:00,2026,Fukuoka SoftBank Hawks,Saitama Seibu Lions,4.0,6.0,Final,ベルーナドーム
20260421-Orix_Buffaloes-Chiba_Lotte_Marines,2026-04-21 18:00:00,2026,Orix Buffaloes,Chiba Lotte Marines,4.0,7.0,Final,ZOZOマリン
20260421-Tohoku_Rakuten_Golden_Eagles-Hokkaido_Nippon-Ham_Fighters,2026-04-21 18:00:00,2026,Tohoku Rakuten Golden Eagles,Hokkaido Nippon-Ham Fighters,1.0,3.0,Final,エスコンＦ
20260421-Tokyo_Yakult_Swallows-Hiroshima_Toyo_Carp,2026-04-21 18:00:00,2026,Tokyo Yakult Swallows,Hiroshima Toyo Carp,1.0,2.0,Final,マツダスタジアム
20260422-Hanshin_Tigers-Yokohama_DeNA_BayStars,2026-04-22 17:45:00,2026,Hanshin Tigers,Yokohama DeNA BayStars,6.0,7.0,Final,横 浜
20260422-Chunichi_Dragons-Yomiuri_Giants,2026-04-22 18:00:00,2026,Chunichi Dragons,Yomiuri Giants,1.0,5.0,Final,前 橋
20260422-Fukuoka_SoftBank_Hawks-Saitama_Seibu_Lions,2026-04-22 18:00:00,2026,Fukuoka SoftBank Hawks,Saitama Seibu Lions,1.0,3.0,Final,ベルーナドーム
20260422-Orix_Buffaloes-Chiba_Lotte_Marines,2026-04-22 18:00:00,2026,Orix Buffaloes,Chiba Lotte Marines,4.0,1.0,Final,ZOZOマリン
20260422-Tohoku_Rakuten_Golden_Eagles-Hokkaido_Nippon-Ham_Fighters,2026-04-22 18:00:00,2026,Tohoku Rakuten Golden Eagles,Hokkaido Nippon-Ham Fighters,4.0,5.0,Final,エスコンＦ
20260422-Tokyo_Yakult_Swallows-Hiroshima_Toyo_Carp,2026-04-22 18:00:00,2026,Tokyo Yakult Swallows,Hiroshima Toyo Carp,2.0,0.0,Final,マツダスタジアム
20260423-Hanshin_Tigers-Yokohama_DeNA_BayStars,2026-04-23 17:45:00,2026,Hanshin Tigers,Yokohama DeNA BayStars,,,Postponed,横 浜
20260423-Fukuoka_SoftBank_Hawks-Saitama_Seibu_Lions,2026-04-23 18:00:00,2026,Fukuoka SoftBank Hawks,Saitama Seibu Lions,4.0,3.0,Final,ベルーナドーム
20260423-Orix_Buffaloes-Chiba_Lotte_Marines,2026-04-23 18:00:00,2026,Orix Buffaloes,Chiba Lotte Marines,,,Postponed,ZOZOマリン
20260423-Tohoku_Rakuten_Golden_Eagles-Hokkaido_Nippon-Ham_Fighters,2026-04-23 18:00:00,2026,Tohoku Rakuten Golden Eagles,Hokkaido Nippon-Ham Fighters,3.0,2.0,Final,エスコンＦ
20260423-Tokyo_Yakult_Swallows-Hiroshima_Toyo_Carp,2026-04-23 18:00:00,2026,Tokyo Yakult Swallows,Hiroshima Toyo Carp,2.0,0.0,Final,マツダスタジアム
20260424-Hokkaido_Nippon-Ham_Fighters-Orix_Buffaloes,2026-04-24 18:00:00,2026,Hokkaido Nippon-Ham Fighters,Orix Buffaloes,2.0,3.0,Final,京セラD大阪
20260424-Tokyo_Yakult_Swallows-Chunichi_Dragons,2026-04-24 18:00:00,2026,Tokyo Yakult Swallows,Chunichi Dragons,4.0,6.0,Final,バンテリンドーム
20260424-Yomiuri_Giants-Yokohama_DeNA_BayStars,2026-04-24 18:00:00,2026,Yomiuri Giants,Yokohama DeNA BayStars,1.0,2.0,Final,横 浜
20260425-Chiba_Lotte_Marines-Fukuoka_SoftBank_Hawks,2026-04-25 13:00:00,2026,Chiba Lotte Marines,Fukuoka SoftBank Hawks,5.0,0.0,Final,熊 本
20260425-Hiroshima_Toyo_Carp-Hanshin_Tigers,2026-04-25 14:00:00,2026,Hiroshima Toyo Carp,Hanshin Tigers,2.0,2.0,Final,甲子園
20260425-Hokkaido_Nippon-Ham_Fighters-Orix_Buffaloes,2026-04-25 14:00:00,2026,Hokkaido Nippon-Ham Fighters,Orix Buffaloes,2.0,4.0,Final,京セラD大阪
20260425-Saitama_Seibu_Lions-Tohoku_Rakuten_Golden_Eagles,2026-04-25 14:00:00,2026,Saitama Seibu Lions,Tohoku Rakuten Golden Eagles,9.0,7.0,Final,楽天モバイル
20260425-Tokyo_Yakult_Swallows-Chunichi_Dragons,2026-04-25 14:00:00,2026,Tokyo Yakult Swallows,Chunichi Dragons,2.0,5.0,Final,バンテリンドーム
20260425-Yomiuri_Giants-Yokohama_DeNA_BayStars,2026-04-25 14:00:00,2026,Yomiuri Giants,Yokohama DeNA BayStars,7.0,2.0,Final,横 浜
20260426-Hokkaido_Nippon-Ham_Fighters-Orix_Buffaloes,2026-04-26 13:00:00,2026,Hokkaido Nippon-Ham Fighters,Orix Buffaloes,4.0,9.0,Final,京セラD大阪
20260426-Saitama_Seibu_Lions-Tohoku_Rakuten_Golden_Eagles,2026-04-26 13:00:00,2026,Saitama Seibu Lions,Tohoku Rakuten Golden Eagles,3.0,0.0,Final,楽天モバイル
20260426-Tokyo_Yakult_Swallows-Chunichi_Dragons,2026-04-26 13:30:00,2026,Tokyo Yakult Swallows,Chunichi Dragons,0.0,3.0,Final,バンテリンドーム
20260426-Chiba_Lotte_Marines-Fukuoka_SoftBank_Hawks,2026-04-26 14:00:00,2026,Chiba Lotte Marines,Fukuoka SoftBank Hawks,,,Postponed,鹿児島
20260426-Hiroshima_Toyo_Carp-Hanshin_Tigers,2026-04-26 14:00:00,2026,Hiroshima Toyo Carp,Hanshin Tigers,0.0,1.0,Final,甲子園
20260426-Yomiuri_Giants-Yokohama_DeNA_BayStars,2026-04-26 14:00:00,2026,Yomiuri Giants,Yokohama DeNA BayStars,4.0,1.0,Final,横 浜
20260428-Hokkaido_Nippon-Ham_Fighters-Saitama_Seibu_Lions,2026-04-28 13:00:00,2026,Hokkaido Nippon-Ham Fighters,Saitama Seibu Lions,2.0,1.0,Final,ベルーナドーム
20260428-Fukuoka_SoftBank_Hawks-Orix_Buffaloes,2026-04-28 18:00:00,2026,Fukuoka SoftBank Hawks,Orix Buffaloes,7.0,1.0,Final,京セラD大阪
20260428-Hanshin_Tigers-Tokyo_Yakult_Swallows,2026-04-28 18:00:00,2026,Hanshin Tigers,Tokyo Yakult Swallows,5.0,10.0,Final,神 宮
20260428-Hiroshima_Toyo_Carp-Yomiuri_Giants,2026-04-28 18:00:00,2026,Hiroshima Toyo Carp,Yomiuri Giants,11.0,1.0,Final,東京ドーム
20260428-Tohoku_Rakuten_Golden_Eagles-Chiba_Lotte_Marines,2026-04-28 18:00:00,2026,Tohoku Rakuten Golden Eagles,Chiba Lotte Marines,1.0,3.0,Final,ZOZOマリン
20260428-Yokohama_DeNA_BayStars-Chunichi_Dragons,2026-04-28 18:00:00,2026,Yokohama DeNA BayStars,Chunichi Dragons,0.0,3.0,Final,バンテリンドーム
20260429-Fukuoka_SoftBank_Hawks-Orix_Buffaloes,2026-04-29 14:00:00,2026,Fukuoka SoftBank Hawks,Orix Buffaloes,4.0,5.0,Final,京セラD大阪
20260429-Hanshin_Tigers-Tokyo_Yakult_Swallows,2026-04-29 14:00:00,2026,Hanshin Tigers,Tokyo Yakult Swallows,2.0,0.0,Final,神 宮
20260429-Hokkaido_Nippon-Ham_Fighters-Saitama_Seibu_Lions,2026-04-29 14:00:00,2026,Hokkaido Nippon-Ham Fighters,Saitama Seibu Lions,0.0,3.0,Final,ベルーナドーム
20260429-Tohoku_Rakuten_Golden_Eagles-Chiba_Lotte_Marines,2026-04-29 14:00:00,2026,Tohoku Rakuten Golden Eagles,Chiba Lotte Marines,3.0,5.0,Final,ZOZOマリン
20260429-Yokohama_DeNA_BayStars-Chunichi_Dragons,2026-04-29 14:00:00,2026,Yokohama DeNA BayStars,Chunichi Dragons,4.0,2.0,Final,バンテリンドーム
20260429-Hiroshima_Toyo_Carp-Yomiuri_Giants,2026-04-29 18:00:00,2026,Hiroshima Toyo Carp,Yomiuri Giants,2.0,4.0,Final,東京ドーム
20260430-Hanshin_Tigers-Tokyo_Yakult_Swallows,2026-04-30 18:00:00,2026,Hanshin Tigers,Tokyo Yakult Swallows,10.0,2.0,Final,神 宮
20260430-Hiroshima_Toyo_Carp-Yomiuri_Giants,2026-04-30 18:00:00,2026,Hiroshima Toyo Carp,Yomiuri Giants,3.0,2.0,Final,東京ドーム
20260430-Hokkaido_Nippon-Ham_Fighters-Saitama_Seibu_Lions,2026-04-30 18:00:00,2026,Hokkaido Nippon-Ham Fighters,Saitama Seibu Lions,3.0,2.0,Final,ベルーナドーム
20260430-Yokohama_DeNA_BayStars-Chunichi_Dragons,2026-04-30 18:00:00,2026,Yokohama DeNA BayStars,Chunichi Dragons,6.0,2.0,Final,バンテリンドーム
20260501-Chunichi_Dragons-Hiroshima_Toyo_Carp,2026-05-01 18:00:00,2026,Chunichi Dragons,Hiroshima Toyo Carp,3.0,7.0,Final,マツダスタジアム
20260501-Orix_Buffaloes-Hokkaido_Nippon-Ham_Fighters,2026-05-01 18:00:00,2026,Orix Buffaloes,Hokkaido Nippon-Ham Fighters,1.0,5.0,Final,エスコンＦ
20260501-Saitama_Seibu_Lions-Chiba_Lotte_Marines,2026-05-01 18:00:00,2026,Saitama Seibu Lions,Chiba Lotte Marines,10.0,0.0,Final,ZOZOマリン
20260501-Tohoku_Rakuten_Golden_Eagles-Fukuoka_SoftBank_Hawks,2026-05-01 18:00:00,2026,Tohoku Rakuten Golden Eagles,Fukuoka SoftBank Hawks,1.0,4.0,Final,みずほPayPay
20260501-Yokohama_DeNA_BayStars-Tokyo_Yakult_Swallows,2026-05-01 18:00:00,2026,Yokohama DeNA BayStars,Tokyo Yakult Swallows,5.0,16.0,Final,神 宮
20260501-Yomiuri_Giants-Hanshin_Tigers,2026-05-01 18:00:00,2026,Yomiuri Giants,Hanshin Tigers,5.0,3.0,Final,甲子園
20260502-Chunichi_Dragons-Hiroshima_Toyo_Carp,2026-05-02 14:00:00,2026,Chunichi Dragons,Hiroshima Toyo Carp,4.0,0.0,Final,マツダスタジアム
20260502-Orix_Buffaloes-Hokkaido_Nippon-Ham_Fighters,2026-05-02 14:00:00,2026,Orix Buffaloes,Hokkaido Nippon-Ham Fighters,10.0,9.0,Final,エスコンＦ
20260502-Saitama_Seibu_Lions-Chiba_Lotte_Marines,2026-05-02 14:00:00,2026,Saitama Seibu Lions,Chiba Lotte Marines,5.0,4.0,Final,ZOZOマリン
20260502-Tohoku_Rakuten_Golden_Eagles-Fukuoka_SoftBank_Hawks,2026-05-02 14:00:00,2026,Tohoku Rakuten Golden Eagles,Fukuoka SoftBank Hawks,0.0,5.0,Final,みずほPayPay
20260502-Yomiuri_Giants-Hanshin_Tigers,2026-05-02 14:00:00,2026,Yomiuri Giants,Hanshin Tigers,5.0,7.0,Final,甲子園
20260502-Yokohama_DeNA_BayStars-Tokyo_Yakult_Swallows,2026-05-02 18:00:00,2026,Yokohama DeNA BayStars,Tokyo Yakult Swallows,5.0,6.0,Final,神 宮
20260503-Orix_Buffaloes-Hokkaido_Nippon-Ham_Fighters,2026-05-03 13:00:00,2026,Orix Buffaloes,Hokkaido Nippon-Ham Fighters,0.0,3.0,Final,エスコンＦ
20260503-Tohoku_Rakuten_Golden_Eagles-Fukuoka_SoftBank_Hawks,2026-05-03 13:00:00,2026,Tohoku Rakuten Golden Eagles,Fukuoka SoftBank Hawks,7.0,0.0,Final,みずほPayPay
20260503-Chunichi_Dragons-Hiroshima_Toyo_Carp,2026-05-03 13:30:00,2026,Chunichi Dragons,Hiroshima Toyo Carp,,,Postponed,マツダスタジアム
20260503-Saitama_Seibu_Lions-Chiba_Lotte_Marines,2026-05-03 14:00:00,2026,Saitama Seibu Lions,Chiba Lotte Marines,0.0,10.0,Final,ZOZOマリン
20260503-Yomiuri_Giants-Hanshin_Tigers,2026-05-03 14:00:00,2026,Yomiuri Giants,Hanshin Tigers,0.0,3.0,Final,甲子園
20260503-Yokohama_DeNA_BayStars-Tokyo_Yakult_Swallows,2026-05-03 18:00:00,2026,Yokohama DeNA BayStars,Tokyo Yakult Swallows,12.0,2.0,Final,神 宮
20260504-Hanshin_Tigers-Chunichi_Dragons,2026-05-04 14:30:00,2026,Hanshin Tigers,Chunichi Dragons,3.0,7.0,Final,バンテリンドーム
20260504-Hiroshima_Toyo_Carp-Yokohama_DeNA_BayStars,2026-05-04 15:00:00,2026,Hiroshima Toyo Carp,Yokohama DeNA BayStars,8.0,11.0,Final,横 浜
20260504-Chiba_Lotte_Marines-Orix_Buffaloes,2026-05-04 18:00:00,2026,Chiba Lotte Marines,Orix Buffaloes,0.0,3.0,Final,京セラD大阪
20260504-Fukuoka_SoftBank_Hawks-Saitama_Seibu_Lions,2026-05-04 18:00:00,2026,Fukuoka SoftBank Hawks,Saitama Seibu Lions,2.0,10.0,Final,ベルーナドーム
20260504-Hokkaido_Nippon-Ham_Fighters-Tohoku_Rakuten_Golden_Eagles,2026-05-04 18:00:00,2026,Hokkaido Nippon-Ham Fighters,Tohoku Rakuten Golden Eagles,1.0,3.0,Final,楽天モバイル
20260504-Tokyo_Yakult_Swallows-Yomiuri_Giants,2026-05-04 18:00:00,2026,Tokyo Yakult Swallows,Yomiuri Giants,5.0,1.0,Final,東京ドーム
20260505-Chiba_Lotte_Marines-Orix_Buffaloes,2026-05-05 14:00:00,2026,Chiba Lotte Marines,Orix Buffaloes,1.0,6.0,Final,京セラD大阪
20260505-Fukuoka_SoftBank_Hawks-Saitama_Seibu_Lions,2026-05-05 14:00:00,2026,Fukuoka SoftBank Hawks,Saitama Seibu Lions,6.0,4.0,Final,ベルーナドーム
20260505-Hanshin_Tigers-Chunichi_Dragons,2026-05-05 14:00:00,2026,Hanshin Tigers,Chunichi Dragons,3.0,7.0,Final,バンテリンドーム
20260505-Hiroshima_Toyo_Carp-Yokohama_DeNA_BayStars,2026-05-05 14:00:00,2026,Hiroshima Toyo Carp,Yokohama DeNA BayStars,5.0,5.0,Final,横 浜
20260505-Hokkaido_Nippon-Ham_Fighters-Tohoku_Rakuten_Golden_Eagles,2026-05-05 14:00:00,2026,Hokkaido Nippon-Ham Fighters,Tohoku Rakuten Golden Eagles,2.0,3.0,Final,楽天モバイル
20260505-Tokyo_Yakult_Swallows-Yomiuri_Giants,2026-05-05 14:00:00,2026,Tokyo Yakult Swallows,Yomiuri Giants,2.0,3.0,Final,東京ドーム
20260506-Chiba_Lotte_Marines-Orix_Buffaloes,2026-05-06 13:00:00,2026,Chiba Lotte Marines,Orix Buffaloes,0.0,3.0,Final,京セラD大阪
20260506-Fukuoka_SoftBank_Hawks-Saitama_Seibu_Lions,2026-05-06 13:00:00,2026,Fukuoka SoftBank Hawks,Saitama Seibu Lions,2.0,10.0,Final,ベルーナドーム
20260506-Hanshin_Tigers-Chunichi_Dragons,2026-05-06 14:00:00,2026,Hanshin Tigers,Chunichi Dragons,2.0,0.0,Final,バンテリンドーム
20260506-Hiroshima_Toyo_Carp-Yokohama_DeNA_BayStars,2026-05-06 14:00:00,2026,Hiroshima Toyo Carp,Yokohama DeNA BayStars,10.0,0.0,Final,横 浜
20260506-Hokkaido_Nippon-Ham_Fighters-Tohoku_Rakuten_Golden_Eagles,2026-05-06 14:00:00,2026,Hokkaido Nippon-Ham Fighters,Tohoku Rakuten Golden Eagles,12.0,2.0,Final,楽天モバイル
20260506-Tokyo_Yakult_Swallows-Yomiuri_Giants,2026-05-06 14:00:00,2026,Tokyo Yakult Swallows,Yomiuri Giants,5.0,0.0,Final,東京ドーム
20260508-Chiba_Lotte_Marines-Fukuoka_SoftBank_Hawks,2026-05-08 18:00:00,2026,Chiba Lotte Marines,Fukuoka SoftBank Hawks,5.0,6.0,Final,みずほPayPay
20260508-Hokkaido_Nippon-Ham_Fighters-Orix_Buffaloes,2026-05-08 18:00:00,2026,Hokkaido Nippon-Ham Fighters,Orix Buffaloes,3.0,4.0,Final,京セラD大阪
20260508-Tohoku_Rakuten_Golden_Eagles-Saitama_Seibu_Lions,2026-05-08 18:00:00,2026,Tohoku Rakuten Golden Eagles,Saitama Seibu Lions,2.0,4.0,Final,ベルーナドーム
20260508-Tokyo_Yakult_Swallows-Hiroshima_Toyo_Carp,2026-05-08 18:00:00,2026,Tokyo Yakult Swallows,Hiroshima Toyo Carp,4.0,1.0,Final,マツダスタジアム
20260508-Yokohama_DeNA_BayStars-Hanshin_Tigers,2026-05-08 18:00:00,2026,Yokohama DeNA BayStars,Hanshin Tigers,10.0,1.0,Final,甲子園
20260508-Yomiuri_Giants-Chunichi_Dragons,2026-05-08 18:00:00,2026,Yomiuri Giants,Chunichi Dragons,2.0,9.0,Final,バンテリンドーム
20260509-Chiba_Lotte_Marines-Fukuoka_SoftBank_Hawks,2026-05-09 14:00:00,2026,Chiba Lotte Marines,Fukuoka SoftBank Hawks,5.0,4.0,Final,みずほPayPay
20260509-Hokkaido_Nippon-Ham_Fighters-Orix_Buffaloes,2026-05-09 14:00:00,2026,Hokkaido Nippon-Ham Fighters,Orix Buffaloes,3.0,0.0,Final,京セラD大阪
20260509-Tohoku_Rakuten_Golden_Eagles-Saitama_Seibu_Lions,2026-05-09 14:00:00,2026,Tohoku Rakuten Golden Eagles,Saitama Seibu Lions,2.0,6.0,Final,ベルーナドーム
20260509-Tokyo_Yakult_Swallows-Hiroshima_Toyo_Carp,2026-05-09 14:00:00,2026,Tokyo Yakult Swallows,Hiroshima Toyo Carp,4.0,0.0,Final,マツダスタジアム
20260509-Yokohama_DeNA_BayStars-Hanshin_Tigers,2026-05-09 14:00:00,2026,Yokohama DeNA BayStars,Hanshin Tigers,3.0,1.0,Final,甲子園
20260509-Yomiuri_Giants-Chunichi_Dragons,2026-05-09 14:00:00,2026,Yomiuri Giants,Chunichi Dragons,2.0,4.0,Final,バンテリンドーム
20260510-Hokkaido_Nippon-Ham_Fighters-Orix_Buffaloes,2026-05-10 13:00:00,2026,Hokkaido Nippon-Ham Fighters,Orix Buffaloes,2.0,0.0,Final,京セラD大阪
20260510-Tokyo_Yakult_Swallows-Hiroshima_Toyo_Carp,2026-05-10 13:30:00,2026,Tokyo Yakult Swallows,Hiroshima Toyo Carp,0.0,4.0,Final,マツダスタジアム
20260510-Yomiuri_Giants-Chunichi_Dragons,2026-05-10 13:30:00,2026,Yomiuri Giants,Chunichi Dragons,9.0,4.0,Final,バンテリンドーム
20260510-Chiba_Lotte_Marines-Fukuoka_SoftBank_Hawks,2026-05-10 14:00:00,2026,Chiba Lotte Marines,Fukuoka SoftBank Hawks,3.0,8.0,Final,みずほPayPay
20260510-Tohoku_Rakuten_Golden_Eagles-Saitama_Seibu_Lions,2026-05-10 14:00:00,2026,Tohoku Rakuten Golden Eagles,Saitama Seibu Lions,1.0,6.0,Final,ベルーナドーム
20260510-Yokohama_DeNA_BayStars-Hanshin_Tigers,2026-05-10 14:00:00,2026,Yokohama DeNA BayStars,Hanshin Tigers,0.0,3.0,Final,甲子園
20260512-Chunichi_Dragons-Yokohama_DeNA_BayStars,2026-05-12 18:00:00,2026,Chunichi Dragons,Yokohama DeNA BayStars,1.0,3.0,Final,横 浜
20260512-Hanshin_Tigers-Tokyo_Yakult_Swallows,2026-05-12 18:00:00,2026,Hanshin Tigers,Tokyo Yakult Swallows,10.0,0.0,Final,神 宮
20260512-Hiroshima_Toyo_Carp-Yomiuri_Giants,2026-05-12 18:00:00,2026,Hiroshima Toyo Carp,Yomiuri Giants,3.0,5.0,Final,岐 阜
20260512-Hokkaido_Nippon-Ham_Fighters-Chiba_Lotte_Marines,2026-05-12 18:00:00,2026,Hokkaido Nippon-Ham Fighters,Chiba Lotte Marines,3.0,2.0,Final,ZOZOマリン
20260512-Orix_Buffaloes-Tohoku_Rakuten_Golden_Eagles,2026-05-12 18:00:00,2026,Orix Buffaloes,Tohoku Rakuten Golden Eagles,2.0,0.0,Final,弘 前
20260512-Saitama_Seibu_Lions-Fukuoka_SoftBank_Hawks,2026-05-12 18:00:00,2026,Saitama Seibu Lions,Fukuoka SoftBank Hawks,3.0,0.0,Final,みずほPayPay
20260513-Chunichi_Dragons-Yokohama_DeNA_BayStars,2026-05-13 18:00:00,2026,Chunichi Dragons,Yokohama DeNA BayStars,0.0,5.0,Final,横 浜
20260513-Hanshin_Tigers-Tokyo_Yakult_Swallows,2026-05-13 18:00:00,2026,Hanshin Tigers,Tokyo Yakult Swallows,2.0,4.0,Final,神 宮
20260513-Hiroshima_Toyo_Carp-Yomiuri_Giants,2026-05-13 18:00:00,2026,Hiroshima Toyo Carp,Yomiuri Giants,2.0,4.0,Final,福 井
20260513-Hokkaido_Nippon-Ham_Fighters-Chiba_Lotte_Marines,2026-05-13 18:00:00,2026,Hokkaido Nippon-Ham Fighters,Chiba Lotte Marines,6.0,2.0,Final,ZOZOマリン
20260513-Saitama_Seibu_Lions-Fukuoka_SoftBank_Hawks,2026-05-13 18:00:00,2026,Saitama Seibu Lions,Fukuoka SoftBank Hawks,2.0,1.0,Final,みずほPayPay
20260514-Orix_Buffaloes-Tohoku_Rakuten_Golden_Eagles,2026-05-14 13:00:00,2026,Orix Buffaloes,Tohoku Rakuten Golden Eagles,0.0,3.0,Final,楽天モバイル
20260514-Chunichi_Dragons-Yokohama_DeNA_BayStars,2026-05-14 18:00:00,2026,Chunichi Dragons,Yokohama DeNA BayStars,0.0,0.0,Final,横 浜
20260514-Hokkaido_Nippon-Ham_Fighters-Chiba_Lotte_Marines,2026-05-14 18:00:00,2026,Hokkaido Nippon-Ham Fighters,Chiba Lotte Marines,3.0,5.0,Final,ZOZOマリン
20260515-Fukuoka_SoftBank_Hawks-Tohoku_Rakuten_Golden_Eagles,2026-05-15 13:00:00,2026,Fukuoka SoftBank Hawks,Tohoku Rakuten Golden Eagles,3.0,6.0,Final,楽天モバイル
20260515-Hiroshima_Toyo_Carp-Hanshin_Tigers,2026-05-15 18:00:00,2026,Hiroshima Toyo Carp,Hanshin Tigers,2.0,0.0,Final,甲子園
20260515-Orix_Buffaloes-Chiba_Lotte_Marines,2026-05-15 18:00:00,2026,Orix Buffaloes,Chiba Lotte Marines,3.0,6.0,Final,ZOZOマリン
20260515-Saitama_Seibu_Lions-Hokkaido_Nippon-Ham_Fighters,2026-05-15 18:00:00,2026,Saitama Seibu Lions,Hokkaido Nippon-Ham Fighters,3.0,0.0,Final,エスコンＦ
20260515-Tokyo_Yakult_Swallows-Chunichi_Dragons,2026-05-15 18:00:00,2026,Tokyo Yakult Swallows,Chunichi Dragons,8.0,5.0,Final,バンテリンドーム
20260515-Yokohama_DeNA_BayStars-Yomiuri_Giants,2026-05-15 18:00:00,2026,Yokohama DeNA BayStars,Yomiuri Giants,0.0,2.0,Final,東京ドーム
20260516-Fukuoka_SoftBank_Hawks-Tohoku_Rakuten_Golden_Eagles,2026-05-16 13:00:00,2026,Fukuoka SoftBank Hawks,Tohoku Rakuten Golden Eagles,3.0,4.0,Final,楽天モバイル
20260516-Hiroshima_Toyo_Carp-Hanshin_Tigers,2026-05-16 14:00:00,2026,Hiroshima Toyo Carp,Hanshin Tigers,1.0,3.0,Final,甲子園
20260516-Orix_Buffaloes-Chiba_Lotte_Marines,2026-05-16 14:00:00,2026,Orix Buffaloes,Chiba Lotte Marines,0.0,2.0,Final,ZOZOマリン
20260516-Saitama_Seibu_Lions-Hokkaido_Nippon-Ham_Fighters,2026-05-16 14:00:00,2026,Saitama Seibu Lions,Hokkaido Nippon-Ham Fighters,4.0,5.0,Final,エスコンＦ
20260516-Tokyo_Yakult_Swallows-Chunichi_Dragons,2026-05-16 14:00:00,2026,Tokyo Yakult Swallows,Chunichi Dragons,0.0,8.0,Final,バンテリンドーム
20260516-Yokohama_DeNA_BayStars-Yomiuri_Giants,2026-05-16 14:00:00,2026,Yokohama DeNA BayStars,Yomiuri Giants,3.0,4.0,Final,東京ドーム
20260517-Fukuoka_SoftBank_Hawks-Tohoku_Rakuten_Golden_Eagles,2026-05-17 13:00:00,2026,Fukuoka SoftBank Hawks,Tohoku Rakuten Golden Eagles,5.0,1.0,Final,楽天モバイル
20260517-Saitama_Seibu_Lions-Hokkaido_Nippon-Ham_Fighters,2026-05-17 13:00:00,2026,Saitama Seibu Lions,Hokkaido Nippon-Ham Fighters,6.0,3.0,Final,エスコンＦ
20260517-Tokyo_Yakult_Swallows-Chunichi_Dragons,2026-05-17 13:30:00,2026,Tokyo Yakult Swallows,Chunichi Dragons,5.0,1.0,Final,バンテリンドーム
20260517-Hiroshima_Toyo_Carp-Hanshin_Tigers,2026-05-17 14:00:00,2026,Hiroshima Toyo Carp,Hanshin Tigers,1.0,0.0,Final,甲子園
20260517-Orix_Buffaloes-Chiba_Lotte_Marines,2026-05-17 14:00:00,2026,Orix Buffaloes,Chiba Lotte Marines,2.0,3.0,Final,ZOZOマリン
20260517-Yokohama_DeNA_BayStars-Yomiuri_Giants,2026-05-17 14:00:00,2026,Yokohama DeNA BayStars,Yomiuri Giants,0.0,1.0,Final,東京ドーム
20260519-Chiba_Lotte_Marines-Saitama_Seibu_Lions,2026-05-19 18:00:00,2026,Chiba Lotte Marines,Saitama Seibu Lions,2.0,3.0,Final,前 橋
20260519-Chunichi_Dragons-Hanshin_Tigers,2026-05-19 18:00:00,2026,Chunichi Dragons,Hanshin Tigers,2.0,4.0,Final,倉 敷
20260519-Fukuoka_SoftBank_Hawks-Orix_Buffaloes,2026-05-19 18:00:00,2026,Fukuoka SoftBank Hawks,Orix Buffaloes,1.0,2.0,Final,京セラD大阪
20260519-Tohoku_Rakuten_Golden_Eagles-Hokkaido_Nippon-Ham_Fighters,2026-05-19 18:00:00,2026,Tohoku Rakuten Golden Eagles,Hokkaido Nippon-Ham Fighters,2.0,6.0,Final,エスコンＦ
20260519-Yokohama_DeNA_BayStars-Hiroshima_Toyo_Carp,2026-05-19 18:00:00,2026,Yokohama DeNA BayStars,Hiroshima Toyo Carp,1.0,3.0,Final,マツダスタジアム
20260519-Yomiuri_Giants-Tokyo_Yakult_Swallows,2026-05-19 18:00:00,2026,Yomiuri Giants,Tokyo Yakult Swallows,2.0,0.0,Final,いわき
20260520-Chiba_Lotte_Marines-Saitama_Seibu_Lions,2026-05-20 18:00:00,2026,Chiba Lotte Marines,Saitama Seibu Lions,3.0,1.0,Final,県営大宮
20260520-Chunichi_Dragons-Hanshin_Tigers,2026-05-20 18:00:00,2026,Chunichi Dragons,Hanshin Tigers,7.0,8.0,Final,甲子園
20260520-Fukuoka_SoftBank_Hawks-Orix_Buffaloes,2026-05-20 18:00:00,2026,Fukuoka SoftBank Hawks,Orix Buffaloes,3.0,8.0,Final,京セラD大阪
20260520-Tohoku_Rakuten_Golden_Eagles-Hokkaido_Nippon-Ham_Fighters,2026-05-20 18:00:00,2026,Tohoku Rakuten Golden Eagles,Hokkaido Nippon-Ham Fighters,3.0,5.0,Final,エスコンＦ
20260520-Yokohama_DeNA_BayStars-Hiroshima_Toyo_Carp,2026-05-20 18:00:00,2026,Yokohama DeNA BayStars,Hiroshima Toyo Carp,4.0,3.0,Final,マツダスタジアム
20260521-Chunichi_Dragons-Hanshin_Tigers,2026-05-21 18:00:00,2026,Chunichi Dragons,Hanshin Tigers,,,Postponed,甲子園
20260521-Yokohama_DeNA_BayStars-Hiroshima_Toyo_Carp,2026-05-21 18:00:00,2026,Yokohama DeNA BayStars,Hiroshima Toyo Carp,1.0,3.0,Final,マツダスタジアム
20260521-Yomiuri_Giants-Tokyo_Yakult_Swallows,2026-05-21 18:00:00,2026,Yomiuri Giants,Tokyo Yakult Swallows,1.0,3.0,Final,神 宮
20260522-Chiba_Lotte_Marines-Tohoku_Rakuten_Golden_Eagles,2026-05-22 18:00:00,2026,Chiba Lotte Marines,Tohoku Rakuten Golden Eagles,2.0,1.0,Final,楽天モバイル
20260522-Hanshin_Tigers-Yomiuri_Giants,2026-05-22 18:00:00,2026,Hanshin Tigers,Yomiuri Giants,7.0,4.0,Final,東京ドーム
20260522-Hiroshima_Toyo_Carp-Chunichi_Dragons,2026-05-22 18:00:00,2026,Hiroshima Toyo Carp,Chunichi Dragons,2.0,6.0,Final,バンテリンドーム
20260522-Hokkaido_Nippon-Ham_Fighters-Fukuoka_SoftBank_Hawks,2026-05-22 18:00:00,2026,Hokkaido Nippon-Ham Fighters,Fukuoka SoftBank Hawks,0.0,10.0,Final,みずほPayPay
20260522-Orix_Buffaloes-Saitama_Seibu_Lions,2026-05-22 18:00:00,2026,Orix Buffaloes,Saitama Seibu Lions,5.0,1.0,Final,ベルーナドーム
20260523-Chiba_Lotte_Marines-Tohoku_Rakuten_Golden_Eagles,2026-05-23 14:00:00,2026,Chiba Lotte Marines,Tohoku Rakuten Golden Eagles,7.0,6.0,Final,楽天モバイル
20260523-Hiroshima_Toyo_Carp-Chunichi_Dragons,2026-05-23 14:00:00,2026,Hiroshima Toyo Carp,Chunichi Dragons,5.0,3.0,Final,バンテリンドーム
20260523-Hokkaido_Nippon-Ham_Fighters-Fukuoka_SoftBank_Hawks,2026-05-23 14:00:00,2026,Hokkaido Nippon-Ham Fighters,Fukuoka SoftBank Hawks,1.0,11.0,Final,みずほPayPay
20260523-Orix_Buffaloes-Saitama_Seibu_Lions,2026-05-23 14:00:00,2026,Orix Buffaloes,Saitama Seibu Lions,1.0,4.0,Final,ベルーナドーム
20260523-Tokyo_Yakult_Swallows-Yokohama_DeNA_BayStars,2026-05-23 14:00:00,2026,Tokyo Yakult Swallows,Yokohama DeNA BayStars,6.0,0.0,Final,横 浜
20260523-Hanshin_Tigers-Yomiuri_Giants,2026-05-23 18:00:00,2026,Hanshin Tigers,Yomiuri Giants,3.0,0.0,Final,東京ドーム
20260524-Chiba_Lotte_Marines-Tohoku_Rakuten_Golden_Eagles,2026-05-24 13:00:00,2026,Chiba Lotte Marines,Tohoku Rakuten Golden Eagles,5.0,8.0,Final,楽天モバイル
20260524-Orix_Buffaloes-Saitama_Seibu_Lions,2026-05-24 13:00:00,2026,Orix Buffaloes,Saitama Seibu Lions,3.0,4.0,Final,ベルーナドーム
20260524-Hiroshima_Toyo_Carp-Chunichi_Dragons,2026-05-24 13:30:00,2026,Hiroshima Toyo Carp,Chunichi Dragons,5.0,3.0,Final,バンテリンドーム
20260524-Hanshin_Tigers-Yomiuri_Giants,2026-05-24 14:00:00,2026,Hanshin Tigers,Yomiuri Giants,6.0,3.0,Final,東京ドーム
20260524-Hokkaido_Nippon-Ham_Fighters-Fukuoka_SoftBank_Hawks,2026-05-24 14:00:00,2026,Hokkaido Nippon-Ham Fighters,Fukuoka SoftBank Hawks,6.0,7.0,Final,みずほPayPay
20260524-Tokyo_Yakult_Swallows-Yokohama_DeNA_BayStars,2026-05-24 14:00:00,2026,Tokyo Yakult Swallows,Yokohama DeNA BayStars,0.0,1.0,Final,横 浜
20260526-Orix_Buffaloes-Yokohama_DeNA_BayStars,2026-05-26 17:45:00,2026,Orix Buffaloes,Yokohama DeNA BayStars,7.0,1.0,Final,横 浜
20260526-Chiba_Lotte_Marines-Hiroshima_Toyo_Carp,2026-05-26 18:00:00,2026,Chiba Lotte Marines,Hiroshima Toyo Carp,3.0,1.0,Final,マツダスタジアム
20260526-Fukuoka_SoftBank_Hawks-Yomiuri_Giants,2026-05-26 18:00:00,2026,Fukuoka SoftBank Hawks,Yomiuri Giants,8.0,3.0,Final,東京ドーム
20260526-Hokkaido_Nippon-Ham_Fighters-Hanshin_Tigers,2026-05-26 18:00:00,2026,Hokkaido Nippon-Ham Fighters,Hanshin Tigers,4.0,0.0,Final,甲子園
20260526-Saitama_Seibu_Lions-Tokyo_Yakult_Swallows,2026-05-26 18:00:00,2026,Saitama Seibu Lions,Tokyo Yakult Swallows,2.0,1.0,Final,神 宮
20260526-Tohoku_Rakuten_Golden_Eagles-Chunichi_Dragons,2026-05-26 18:00:00,2026,Tohoku Rakuten Golden Eagles,Chunichi Dragons,0.0,1.0,Final,バンテリンドーム
20260527-Orix_Buffaloes-Yokohama_DeNA_BayStars,2026-05-27 17:45:00,2026,Orix Buffaloes,Yokohama DeNA BayStars,5.0,2.0,Final,横 浜
20260527-Chiba_Lotte_Marines-Hiroshima_Toyo_Carp,2026-05-27 18:00:00,2026,Chiba Lotte Marines,Hiroshima Toyo Carp,5.0,4.0,Final,マツダスタジアム
20260527-Fukuoka_SoftBank_Hawks-Yomiuri_Giants,2026-05-27 18:00:00,2026,Fukuoka SoftBank Hawks,Yomiuri Giants,1.0,5.0,Final,東京ドーム
20260527-Hokkaido_Nippon-Ham_Fighters-Hanshin_Tigers,2026-05-27 18:00:00,2026,Hokkaido Nippon-Ham Fighters,Hanshin Tigers,5.0,2.0,Final,甲子園
20260527-Saitama_Seibu_Lions-Tokyo_Yakult_Swallows,2026-05-27 18:00:00,2026,Saitama Seibu Lions,Tokyo Yakult Swallows,2.0,2.0,Final,神 宮
20260527-Tohoku_Rakuten_Golden_Eagles-Chunichi_Dragons,2026-05-27 18:00:00,2026,Tohoku Rakuten Golden Eagles,Chunichi Dragons,2.0,7.0,Final,バンテリンドーム
20260528-Orix_Buffaloes-Yokohama_DeNA_BayStars,2026-05-28 17:45:00,2026,Orix Buffaloes,Yokohama DeNA BayStars,1.0,3.0,Final,横 浜
20260528-Chiba_Lotte_Marines-Hiroshima_Toyo_Carp,2026-05-28 18:00:00,2026,Chiba Lotte Marines,Hiroshima Toyo Carp,6.0,3.0,Final,マツダスタジアム
20260528-Fukuoka_SoftBank_Hawks-Yomiuri_Giants,2026-05-28 18:00:00,2026,Fukuoka SoftBank Hawks,Yomiuri Giants,8.0,4.0,Final,東京ドーム
20260528-Hokkaido_Nippon-Ham_Fighters-Hanshin_Tigers,2026-05-28 18:00:00,2026,Hokkaido Nippon-Ham Fighters,Hanshin Tigers,4.0,2.0,Final,甲子園
20260528-Saitama_Seibu_Lions-Tokyo_Yakult_Swallows,2026-05-28 18:00:00,2026,Saitama Seibu Lions,Tokyo Yakult Swallows,8.0,0.0,Final,神 宮
20260528-Tohoku_Rakuten_Golden_Eagles-Chunichi_Dragons,2026-05-28 18:00:00,2026,Tohoku Rakuten Golden Eagles,Chunichi Dragons,1.0,2.0,Final,バンテリンドーム
20260529-Chunichi_Dragons-Orix_Buffaloes,2026-05-29 18:00:00,2026,Chunichi Dragons,Orix Buffaloes,5.0,1.0,Final,京セラD大阪
20260529-Hanshin_Tigers-Chiba_Lotte_Marines,2026-05-29 18:00:00,2026,Hanshin Tigers,Chiba Lotte Marines,1.0,0.0,Final,ZOZOマリン
20260529-Hiroshima_Toyo_Carp-Fukuoka_SoftBank_Hawks,2026-05-29 18:00:00,2026,Hiroshima Toyo Carp,Fukuoka SoftBank Hawks,0.0,2.0,Final,みずほPayPay
20260529-Tokyo_Yakult_Swallows-Tohoku_Rakuten_Golden_Eagles,2026-05-29 18:00:00,2026,Tokyo Yakult Swallows,Tohoku Rakuten Golden Eagles,7.0,2.0,Final,楽天モバイル
20260529-Yokohama_DeNA_BayStars-Saitama_Seibu_Lions,2026-05-29 18:00:00,2026,Yokohama DeNA BayStars,Saitama Seibu Lions,4.0,13.0,Final,ベルーナドーム
20260529-Yomiuri_Giants-Hokkaido_Nippon-Ham_Fighters,2026-05-29 18:00:00,2026,Yomiuri Giants,Hokkaido Nippon-Ham Fighters,4.0,2.0,Final,エスコンＦ
20260530-Chunichi_Dragons-Orix_Buffaloes,2026-05-30 14:00:00,2026,Chunichi Dragons,Orix Buffaloes,1.0,3.0,Final,京セラD大阪
20260530-Hanshin_Tigers-Chiba_Lotte_Marines,2026-05-30 14:00:00,2026,Hanshin Tigers,Chiba Lotte Marines,4.0,3.0,Final,ZOZOマリン
20260530-Hiroshima_Toyo_Carp-Fukuoka_SoftBank_Hawks,2026-05-30 14:00:00,2026,Hiroshima Toyo Carp,Fukuoka SoftBank Hawks,2.0,4.0,Final,みずほPayPay
20260530-Tokyo_Yakult_Swallows-Tohoku_Rakuten_Golden_Eagles,2026-05-30 14:00:00,2026,Tokyo Yakult Swallows,Tohoku Rakuten Golden Eagles,8.0,7.0,Final,楽天モバイル
20260530-Yokohama_DeNA_BayStars-Saitama_Seibu_Lions,2026-05-30 14:00:00,2026,Yokohama DeNA BayStars,Saitama Seibu Lions,0.0,6.0,Final,ベルーナドーム
20260530-Yomiuri_Giants-Hokkaido_Nippon-Ham_Fighters,2026-05-30 14:00:00,2026,Yomiuri Giants,Hokkaido Nippon-Ham Fighters,5.0,3.0,Final,エスコンＦ
20260531-Chunichi_Dragons-Orix_Buffaloes,2026-05-31 13:00:00,2026,Chunichi Dragons,Orix Buffaloes,5.0,7.0,Final,京セラD大阪
20260531-Hanshin_Tigers-Chiba_Lotte_Marines,2026-05-31 13:00:00,2026,Hanshin Tigers,Chiba Lotte Marines,2.0,4.0,Final,ZOZOマリン
20260531-Hiroshima_Toyo_Carp-Fukuoka_SoftBank_Hawks,2026-05-31 13:00:00,2026,Hiroshima Toyo Carp,Fukuoka SoftBank Hawks,1.0,3.0,Final,みずほPayPay
20260531-Tokyo_Yakult_Swallows-Tohoku_Rakuten_Golden_Eagles,2026-05-31 13:00:00,2026,Tokyo Yakult Swallows,Tohoku Rakuten Golden Eagles,2.0,1.0,Final,楽天モバイル
20260531-Yomiuri_Giants-Hokkaido_Nippon-Ham_Fighters,2026-05-31 13:00:00,2026,Yomiuri Giants,Hokkaido Nippon-Ham Fighters,0.0,3.0,Final,エスコンＦ
20260531-Yokohama_DeNA_BayStars-Saitama_Seibu_Lions,2026-05-31 14:00:00,2026,Yokohama DeNA BayStars,Saitama Seibu Lions,6.0,0.0,Final,ベルーナドーム
20260602-Chiba_Lotte_Marines-Tokyo_Yakult_Swallows,2026-06-02 18:00:00,2026,Chiba Lotte Marines,Tokyo Yakult Swallows,5.0,0.0,Final,神 宮
20260602-Fukuoka_SoftBank_Hawks-Chunichi_Dragons,2026-06-02 18:00:00,2026,Fukuoka SoftBank Hawks,Chunichi Dragons,3.0,0.0,Final,バンテリンドーム
20260602-Hokkaido_Nippon-Ham_Fighters-Hiroshima_Toyo_Carp,2026-06-02 18:00:00,2026,Hokkaido Nippon-Ham Fighters,Hiroshima Toyo Carp,,,Postponed,マツダスタジアム
20260602-Orix_Buffaloes-Yomiuri_Giants,2026-06-02 18:00:00,2026,Orix Buffaloes,Yomiuri Giants,2.0,3.0,Final,東京ドーム
20260602-Saitama_Seibu_Lions-Hanshin_Tigers,2026-06-02 18:00:00,2026,Saitama Seibu Lions,Hanshin Tigers,,,Postponed,甲子園
20260602-Tohoku_Rakuten_Golden_Eagles-Yokohama_DeNA_BayStars,2026-06-02 18:00:00,2026,Tohoku Rakuten Golden Eagles,Yokohama DeNA BayStars,7.0,3.0,Final,横 浜
20260603-Chiba_Lotte_Marines-Tokyo_Yakult_Swallows,2026-06-03 18:00:00,2026,Chiba Lotte Marines,Tokyo Yakult Swallows,0.0,1.0,Final,神 宮
20260603-Fukuoka_SoftBank_Hawks-Chunichi_Dragons,2026-06-03 18:00:00,2026,Fukuoka SoftBank Hawks,Chunichi Dragons,8.0,5.0,Final,バンテリンドーム
20260603-Hokkaido_Nippon-Ham_Fighters-Hiroshima_Toyo_Carp,2026-06-03 18:00:00,2026,Hokkaido Nippon-Ham Fighters,Hiroshima Toyo Carp,1.0,3.0,Final,マツダスタジアム
20260603-Orix_Buffaloes-Yomiuri_Giants,2026-06-03 18:00:00,2026,Orix Buffaloes,Yomiuri Giants,4.0,5.0,Final,東京ドーム
20260603-Saitama_Seibu_Lions-Hanshin_Tigers,2026-06-03 18:00:00,2026,Saitama Seibu Lions,Hanshin Tigers,3.0,2.0,Final,甲子園
20260603-Tohoku_Rakuten_Golden_Eagles-Yokohama_DeNA_BayStars,2026-06-03 18:00:00,2026,Tohoku Rakuten Golden Eagles,Yokohama DeNA BayStars,2.0,0.0,Final,横 浜
20260604-Chiba_Lotte_Marines-Tokyo_Yakult_Swallows,2026-06-04 18:00:00,2026,Chiba Lotte Marines,Tokyo Yakult Swallows,5.0,2.0,Final,神 宮
20260604-Fukuoka_SoftBank_Hawks-Chunichi_Dragons,2026-06-04 18:00:00,2026,Fukuoka SoftBank Hawks,Chunichi Dragons,2.0,1.0,Final,バンテリンドーム
20260604-Hokkaido_Nippon-Ham_Fighters-Hiroshima_Toyo_Carp,2026-06-04 18:00:00,2026,Hokkaido Nippon-Ham Fighters,Hiroshima Toyo Carp,5.0,2.0,Final,マツダスタジアム
20260604-Orix_Buffaloes-Yomiuri_Giants,2026-06-04 18:00:00,2026,Orix Buffaloes,Yomiuri Giants,1.0,2.0,Final,東京ドーム
20260604-Saitama_Seibu_Lions-Hanshin_Tigers,2026-06-04 18:00:00,2026,Saitama Seibu Lions,Hanshin Tigers,4.0,2.0,Final,甲子園
20260604-Tohoku_Rakuten_Golden_Eagles-Yokohama_DeNA_BayStars,2026-06-04 18:00:00,2026,Tohoku Rakuten Golden Eagles,Yokohama DeNA BayStars,7.0,8.0,Final,横 浜
20260605-Chiba_Lotte_Marines-Yomiuri_Giants,2026-06-05 18:00:00,2026,Chiba Lotte Marines,Yomiuri Giants,2.0,8.0,Final,東京ドーム
20260605-Fukuoka_SoftBank_Hawks-Yokohama_DeNA_BayStars,2026-06-05 18:00:00,2026,Fukuoka SoftBank Hawks,Yokohama DeNA BayStars,3.0,8.0,Final,横 浜
20260605-Hokkaido_Nippon-Ham_Fighters-Tokyo_Yakult_Swallows,2026-06-05 18:00:00,2026,Hokkaido Nippon-Ham Fighters,Tokyo Yakult Swallows,3.0,1.0,Final,神 宮
20260605-Orix_Buffaloes-Hiroshima_Toyo_Carp,2026-06-05 18:00:00,2026,Orix Buffaloes,Hiroshima Toyo Carp,2.0,2.0,Final,マツダスタジアム
20260605-Saitama_Seibu_Lions-Chunichi_Dragons,2026-06-05 18:00:00,2026,Saitama Seibu Lions,Chunichi Dragons,0.0,1.0,Final,バンテリンドーム
20260605-Tohoku_Rakuten_Golden_Eagles-Hanshin_Tigers,2026-06-05 18:00:00,2026,Tohoku Rakuten Golden Eagles,Hanshin Tigers,1.0,8.0,Final,甲子園
20260606-Fukuoka_SoftBank_Hawks-Yokohama_DeNA_BayStars,2026-06-06 14:00:00,2026,Fukuoka SoftBank Hawks,Yokohama DeNA BayStars,6.0,3.0,Final,横 浜
20260606-Hokkaido_Nippon-Ham_Fighters-Tokyo_Yakult_Swallows,2026-06-06 14:00:00,2026,Hokkaido Nippon-Ham Fighters,Tokyo Yakult Swallows,2.0,0.0,Final,神 宮
20260606-Orix_Buffaloes-Hiroshima_Toyo_Carp,2026-06-06 14:00:00,2026,Orix Buffaloes,Hiroshima Toyo Carp,4.0,7.0,Final,マツダスタジアム
20260606-Saitama_Seibu_Lions-Chunichi_Dragons,2026-06-06 14:00:00,2026,Saitama Seibu Lions,Chunichi Dragons,5.0,2.0,Final,バンテリンドーム
20260606-Tohoku_Rakuten_Golden_Eagles-Hanshin_Tigers,2026-06-06 14:00:00,2026,Tohoku Rakuten Golden Eagles,Hanshin Tigers,0.0,1.0,Final,甲子園
20260606-Chiba_Lotte_Marines-Yomiuri_Giants,2026-06-06 18:00:00,2026,Chiba Lotte Marines,Yomiuri Giants,1.0,1.0,Final,東京ドーム
20260607-Orix_Buffaloes-Hiroshima_Toyo_Carp,2026-06-07 13:30:00,2026,Orix Buffaloes,Hiroshima Toyo Carp,2.0,5.0,Final,マツダスタジアム
20260607-Saitama_Seibu_Lions-Chunichi_Dragons,2026-06-07 13:30:00,2026,Saitama Seibu Lions,Chunichi Dragons,4.0,1.0,Final,バンテリンドーム
20260607-Chiba_Lotte_Marines-Yomiuri_Giants,2026-06-07 14:00:00,2026,Chiba Lotte Marines,Yomiuri Giants,2.0,2.0,Final,東京ドーム
20260607-Fukuoka_SoftBank_Hawks-Yokohama_DeNA_BayStars,2026-06-07 14:00:00,2026,Fukuoka SoftBank Hawks,Yokohama DeNA BayStars,4.0,2.0,Final,横 浜
20260607-Hokkaido_Nippon-Ham_Fighters-Tokyo_Yakult_Swallows,2026-06-07 14:00:00,2026,Hokkaido Nippon-Ham Fighters,Tokyo Yakult Swallows,7.0,1.0,Final,神 宮
20260607-Tohoku_Rakuten_Golden_Eagles-Hanshin_Tigers,2026-06-07 14:00:00,2026,Tohoku Rakuten Golden Eagles,Hanshin Tigers,,,Postponed,甲子園
20260608-Tohoku_Rakuten_Golden_Eagles-Hanshin_Tigers,2026-06-08 18:00:00,2026,Tohoku Rakuten Golden Eagles,Hanshin Tigers,,,Postponed,甲子園
20260609-Chunichi_Dragons-Chiba_Lotte_Marines,2026-06-09 18:00:00,2026,Chunichi Dragons,Chiba Lotte Marines,1.0,3.0,Final,ZOZOマリン
20260609-Hanshin_Tigers-Fukuoka_SoftBank_Hawks,2026-06-09 18:00:00,2026,Hanshin Tigers,Fukuoka SoftBank Hawks,4.0,10.0,Final,みずほPayPay
20260609-Hiroshima_Toyo_Carp-Saitama_Seibu_Lions,2026-06-09 18:00:00,2026,Hiroshima Toyo Carp,Saitama Seibu Lions,3.0,4.0,Final,ベルーナドーム
20260609-Tokyo_Yakult_Swallows-Orix_Buffaloes,2026-06-09 18:00:00,2026,Tokyo Yakult Swallows,Orix Buffaloes,3.0,4.0,Final,京セラD大阪
20260609-Yokohama_DeNA_BayStars-Hokkaido_Nippon-Ham_Fighters,2026-06-09 18:00:00,2026,Yokohama DeNA BayStars,Hokkaido Nippon-Ham Fighters,1.0,4.0,Final,エスコンＦ
20260609-Yomiuri_Giants-Tohoku_Rakuten_Golden_Eagles,2026-06-09 18:00:00,2026,Yomiuri Giants,Tohoku Rakuten Golden Eagles,8.0,2.0,Final,楽天モバイル
20260610-Chunichi_Dragons-Chiba_Lotte_Marines,2026-06-10 18:00:00,2026,Chunichi Dragons,Chiba Lotte Marines,11.0,4.0,Final,ZOZOマリン
20260610-Hanshin_Tigers-Fukuoka_SoftBank_Hawks,2026-06-10 18:00:00,2026,Hanshin Tigers,Fukuoka SoftBank Hawks,2.0,6.0,Final,みずほPayPay
20260610-Hiroshima_Toyo_Carp-Saitama_Seibu_Lions,2026-06-10 18:00:00,2026,Hiroshima Toyo Carp,Saitama Seibu Lions,4.0,5.0,Final,ベルーナドーム
20260610-Tokyo_Yakult_Swallows-Orix_Buffaloes,2026-06-10 18:00:00,2026,Tokyo Yakult Swallows,Orix Buffaloes,4.0,8.0,Final,京セラD大阪
20260610-Yokohama_DeNA_BayStars-Hokkaido_Nippon-Ham_Fighters,2026-06-10 18:00:00,2026,Yokohama DeNA BayStars,Hokkaido Nippon-Ham Fighters,2.0,4.0,Final,エスコンＦ
20260610-Yomiuri_Giants-Tohoku_Rakuten_Golden_Eagles,2026-06-10 18:00:00,2026,Yomiuri Giants,Tohoku Rakuten Golden Eagles,7.0,0.0,Final,楽天モバイル
20260611-Chunichi_Dragons-Chiba_Lotte_Marines,2026-06-11 18:00:00,2026,Chunichi Dragons,Chiba Lotte Marines,2.0,3.0,Final,ZOZOマリン
20260611-Hanshin_Tigers-Fukuoka_SoftBank_Hawks,2026-06-11 18:00:00,2026,Hanshin Tigers,Fukuoka SoftBank Hawks,2.0,3.0,Final,みずほPayPay
20260611-Hiroshima_Toyo_Carp-Saitama_Seibu_Lions,2026-06-11 18:00:00,2026,Hiroshima Toyo Carp,Saitama Seibu Lions,1.0,4.0,Final,ベルーナドーム
20260611-Tokyo_Yakult_Swallows-Orix_Buffaloes,2026-06-11 18:00:00,2026,Tokyo Yakult Swallows,Orix Buffaloes,2.0,4.0,Final,京セラD大阪
20260611-Yokohama_DeNA_BayStars-Hokkaido_Nippon-Ham_Fighters,2026-06-11 18:00:00,2026,Yokohama DeNA BayStars,Hokkaido Nippon-Ham Fighters,0.0,3.0,Final,エスコンＦ
20260611-Yomiuri_Giants-Tohoku_Rakuten_Golden_Eagles,2026-06-11 18:00:00,2026,Yomiuri Giants,Tohoku Rakuten Golden Eagles,2.0,8.0,Final,楽天モバイル
20260612-Chunichi_Dragons-Hokkaido_Nippon-Ham_Fighters,2026-06-12 18:00:00,2026,Chunichi Dragons,Hokkaido Nippon-Ham Fighters,1.0,3.0,Final,エスコンＦ
20260612-Hanshin_Tigers-Orix_Buffaloes,2026-06-12 18:00:00,2026,Hanshin Tigers,Orix Buffaloes,1.0,2.0,Final,京セラD大阪
20260612-Hiroshima_Toyo_Carp-Tohoku_Rakuten_Golden_Eagles,2026-06-12 18:00:00,2026,Hiroshima Toyo Carp,Tohoku Rakuten Golden Eagles,1.0,2.0,Final,楽天モバイル
20260612-Tokyo_Yakult_Swallows-Fukuoka_SoftBank_Hawks,2026-06-12 18:00:00,2026,Tokyo Yakult Swallows,Fukuoka SoftBank Hawks,4.0,2.0,Final,みずほPayPay
20260612-Yokohama_DeNA_BayStars-Chiba_Lotte_Marines,2026-06-12 18:00:00,2026,Yokohama DeNA BayStars,Chiba Lotte Marines,2.0,3.0,Final,ZOZOマリン
20260612-Yomiuri_Giants-Saitama_Seibu_Lions,2026-06-12 18:00:00,2026,Yomiuri Giants,Saitama Seibu Lions,0.0,3.0,Final,ベルーナドーム
20260613-Chunichi_Dragons-Hokkaido_Nippon-Ham_Fighters,2026-06-13 14:00:00,2026,Chunichi Dragons,Hokkaido Nippon-Ham Fighters,3.0,4.0,Final,エスコンＦ
20260613-Hiroshima_Toyo_Carp-Tohoku_Rakuten_Golden_Eagles,2026-06-13 14:00:00,2026,Hiroshima Toyo Carp,Tohoku Rakuten Golden Eagles,2.0,0.0,Final,楽天モバイル
20260613-Tokyo_Yakult_Swallows-Fukuoka_SoftBank_Hawks,2026-06-13 14:00:00,2026,Tokyo Yakult Swallows,Fukuoka SoftBank Hawks,1.0,8.0,Final,みずほPayPay
20260613-Yokohama_DeNA_BayStars-Chiba_Lotte_Marines,2026-06-13 14:00:00,2026,Yokohama DeNA BayStars,Chiba Lotte Marines,16.0,6.0,Final,ZOZOマリン
20260613-Hanshin_Tigers-Orix_Buffaloes,2026-06-13 15:00:00,2026,Hanshin Tigers,Orix Buffaloes,6.0,3.0,Final,京セラD大阪
20260613-Yomiuri_Giants-Saitama_Seibu_Lions,2026-06-13 18:00:00,2026,Yomiuri Giants,Saitama Seibu Lions,2.0,1.0,Final,ベルーナドーム
20260614-Chunichi_Dragons-Hokkaido_Nippon-Ham_Fighters,2026-06-14 13:00:00,2026,Chunichi Dragons,Hokkaido Nippon-Ham Fighters,9.0,5.0,Final,エスコンＦ
20260614-Hanshin_Tigers-Orix_Buffaloes,2026-06-14 13:00:00,2026,Hanshin Tigers,Orix Buffaloes,2.0,3.0,Final,京セラD大阪
20260614-Hiroshima_Toyo_Carp-Tohoku_Rakuten_Golden_Eagles,2026-06-14 13:00:00,2026,Hiroshima Toyo Carp,Tohoku Rakuten Golden Eagles,3.0,0.0,Final,楽天モバイル
20260614-Tokyo_Yakult_Swallows-Fukuoka_SoftBank_Hawks,2026-06-14 13:00:00,2026,Tokyo Yakult Swallows,Fukuoka SoftBank Hawks,4.0,0.0,Final,みずほPayPay
20260614-Yomiuri_Giants-Saitama_Seibu_Lions,2026-06-14 13:00:00,2026,Yomiuri Giants,Saitama Seibu Lions,0.0,1.0,Final,ベルーナドーム
20260614-Yokohama_DeNA_BayStars-Chiba_Lotte_Marines,2026-06-14 14:00:00,2026,Yokohama DeNA BayStars,Chiba Lotte Marines,4.0,6.0,Final,ZOZOマリン
20260616-Hokkaido_Nippon-Ham_Fighters-Hiroshima_Toyo_Carp,2026-06-16 18:00:00,2026,Hokkaido Nippon-Ham Fighters,Hiroshima Toyo Carp,2.0,0.0,Final,マツダスタジアム
20260616-Saitama_Seibu_Lions-Hanshin_Tigers,2026-06-16 18:00:00,2026,Saitama Seibu Lions,Hanshin Tigers,1.0,0.0,Final,甲子園
20260617-Tohoku_Rakuten_Golden_Eagles-Hanshin_Tigers,2026-06-17 18:00:00,2026,Tohoku Rakuten Golden Eagles,Hanshin Tigers,3.0,10.0,Final,甲子園
20260619-Chunichi_Dragons-Yomiuri_Giants,2026-06-19 18:00:00,2026,Chunichi Dragons,Yomiuri Giants,3.0,2.0,Final,東京ドーム
20260619-Fukuoka_SoftBank_Hawks-Hokkaido_Nippon-Ham_Fighters,2026-06-19 18:00:00,2026,Fukuoka SoftBank Hawks,Hokkaido Nippon-Ham Fighters,3.0,4.0,Final,エスコンＦ
20260619-Hiroshima_Toyo_Carp-Tokyo_Yakult_Swallows,2026-06-19 18:00:00,2026,Hiroshima Toyo Carp,Tokyo Yakult Swallows,2.0,9.0,Final,神 宮
20260619-Saitama_Seibu_Lions-Orix_Buffaloes,2026-06-19 18:00:00,2026,Saitama Seibu Lions,Orix Buffaloes,5.0,6.0,Final,京セラD大阪
20260619-Tohoku_Rakuten_Golden_Eagles-Chiba_Lotte_Marines,2026-06-19 18:00:00,2026,Tohoku Rakuten Golden Eagles,Chiba Lotte Marines,5.0,8.0,Final,ZOZOマリン
20260619-Hanshin_Tigers-Yokohama_DeNA_BayStars,2026-06-19 18:15:00,2026,Hanshin Tigers,Yokohama DeNA BayStars,11.0,3.0,Final,横 浜
20260620-Chunichi_Dragons-Yomiuri_Giants,2026-06-20 14:00:00,2026,Chunichi Dragons,Yomiuri Giants,0.0,1.0,Final,東京ドーム
20260620-Fukuoka_SoftBank_Hawks-Hokkaido_Nippon-Ham_Fighters,2026-06-20 14:00:00,2026,Fukuoka SoftBank Hawks,Hokkaido Nippon-Ham Fighters,10.0,7.0,Final,エスコンＦ
20260620-Hiroshima_Toyo_Carp-Tokyo_Yakult_Swallows,2026-06-20 14:00:00,2026,Hiroshima Toyo Carp,Tokyo Yakult Swallows,8.0,6.0,Final,神 宮
20260620-Saitama_Seibu_Lions-Orix_Buffaloes,2026-06-20 14:00:00,2026,Saitama Seibu Lions,Orix Buffaloes,4.0,0.0,Final,京セラD大阪
20260620-Tohoku_Rakuten_Golden_Eagles-Chiba_Lotte_Marines,2026-06-20 18:00:00,2026,Tohoku Rakuten Golden Eagles,Chiba Lotte Marines,,,Postponed,ZOZOマリン
20260620-Hanshin_Tigers-Yokohama_DeNA_BayStars,2026-06-20 18:15:00,2026,Hanshin Tigers,Yokohama DeNA BayStars,,,Postponed,横 浜
20260621-Fukuoka_SoftBank_Hawks-Hokkaido_Nippon-Ham_Fighters,2026-06-21 13:00:00,2026,Fukuoka SoftBank Hawks,Hokkaido Nippon-Ham Fighters,8.0,0.0,Final,エスコンＦ
20260621-Saitama_Seibu_Lions-Orix_Buffaloes,2026-06-21 13:00:00,2026,Saitama Seibu Lions,Orix Buffaloes,5.0,3.0,Final,京セラD大阪
20260621-Hiroshima_Toyo_Carp-Tokyo_Yakult_Swallows,2026-06-21 13:30:00,2026,Hiroshima Toyo Carp,Tokyo Yakult Swallows,2.0,1.0,Final,神 宮
20260621-Chunichi_Dragons-Yomiuri_Giants,2026-06-21 14:00:00,2026,Chunichi Dragons,Yomiuri Giants,5.0,3.0,Final,東京ドーム
20260621-Tohoku_Rakuten_Golden_Eagles-Chiba_Lotte_Marines,2026-06-21 17:00:00,2026,Tohoku Rakuten Golden Eagles,Chiba Lotte Marines,4.0,7.0,Final,ZOZOマリン
20260621-Hanshin_Tigers-Yokohama_DeNA_BayStars,2026-06-21 18:15:00,2026,Hanshin Tigers,Yokohama DeNA BayStars,2.0,1.0,Final,横 浜
20260622-Saitama_Seibu_Lions-Tohoku_Rakuten_Golden_Eagles,2026-06-22 18:00:00,2026,Saitama Seibu Lions,Tohoku Rakuten Golden Eagles,7.0,8.0,Final,東京ドーム
20260623-Chiba_Lotte_Marines-Hokkaido_Nippon-Ham_Fighters,2026-06-23 13:00:00,2026,Chiba Lotte Marines,Hokkaido Nippon-Ham Fighters,0.0,4.0,Final,エスコンＦ
20260623-Orix_Buffaloes-Fukuoka_SoftBank_Hawks,2026-06-23 18:00:00,2026,Orix Buffaloes,Fukuoka SoftBank Hawks,5.0,0.0,Final,みずほPayPay
20260623-Saitama_Seibu_Lions-Tohoku_Rakuten_Golden_Eagles,2026-06-23 18:00:00,2026,Saitama Seibu Lions,Tohoku Rakuten Golden Eagles,4.0,8.0,Final,山形市
20260623-Tokyo_Yakult_Swallows-Hanshin_Tigers,2026-06-23 18:00:00,2026,Tokyo Yakult Swallows,Hanshin Tigers,4.0,3.0,Final,甲子園
20260623-Yokohama_DeNA_BayStars-Chunichi_Dragons,2026-06-23 18:00:00,2026,Yokohama DeNA BayStars,Chunichi Dragons,2.0,5.0,Final,岐 阜
20260623-Yomiuri_Giants-Hiroshima_Toyo_Carp,2026-06-23 18:00:00,2026,Yomiuri Giants,Hiroshima Toyo Carp,7.0,3.0,Final,マツダスタジアム
20260624-Chiba_Lotte_Marines-Hokkaido_Nippon-Ham_Fighters,2026-06-24 13:00:00,2026,Chiba Lotte Marines,Hokkaido Nippon-Ham Fighters,4.0,7.0,Final,エスコンＦ
20260624-Orix_Buffaloes-Fukuoka_SoftBank_Hawks,2026-06-24 18:00:00,2026,Orix Buffaloes,Fukuoka SoftBank Hawks,5.0,8.0,Final,みずほPayPay
20260624-Tokyo_Yakult_Swallows-Hanshin_Tigers,2026-06-24 18:00:00,2026,Tokyo Yakult Swallows,Hanshin Tigers,,,Postponed,甲子園
20260624-Yokohama_DeNA_BayStars-Chunichi_Dragons,2026-06-24 18:00:00,2026,Yokohama DeNA BayStars,Chunichi Dragons,6.0,4.0,Final,バンテリンドーム
20260624-Yomiuri_Giants-Hiroshima_Toyo_Carp,2026-06-24 18:00:00,2026,Yomiuri Giants,Hiroshima Toyo Carp,,,Postponed,マツダスタジアム
20260625-Orix_Buffaloes-Fukuoka_SoftBank_Hawks,2026-06-25 18:00:00,2026,Orix Buffaloes,Fukuoka SoftBank Hawks,2.0,5.0,Final,みずほPayPay
20260625-Saitama_Seibu_Lions-Tohoku_Rakuten_Golden_Eagles,2026-06-25 18:00:00,2026,Saitama Seibu Lions,Tohoku Rakuten Golden Eagles,0.0,2.0,Final,楽天モバイル
20260625-Tokyo_Yakult_Swallows-Hanshin_Tigers,2026-06-25 18:00:00,2026,Tokyo Yakult Swallows,Hanshin Tigers,,,Postponed,甲子園
20260625-Yokohama_DeNA_BayStars-Chunichi_Dragons,2026-06-25 18:00:00,2026,Yokohama DeNA BayStars,Chunichi Dragons,1.0,3.0,Final,バンテリンドーム
20260626-Chunichi_Dragons-Tokyo_Yakult_Swallows,2026-06-26 18:00:00,2026,Chunichi Dragons,Tokyo Yakult Swallows,,,Postponed,神 宮
20260626-Fukuoka_SoftBank_Hawks-Chiba_Lotte_Marines,2026-06-26 18:00:00,2026,Fukuoka SoftBank Hawks,Chiba Lotte Marines,,,Postponed,ZOZOマリン
20260626-Hanshin_Tigers-Hiroshima_Toyo_Carp,2026-06-26 18:00:00,2026,Hanshin Tigers,Hiroshima Toyo Carp,,,Postponed,マツダスタジアム
20260626-Hokkaido_Nippon-Ham_Fighters-Saitama_Seibu_Lions,2026-06-26 18:00:00,2026,Hokkaido Nippon-Ham Fighters,Saitama Seibu Lions,3.0,4.0,Final,ベルーナドーム
20260626-Yomiuri_Giants-Yokohama_DeNA_BayStars,2026-06-26 18:15:00,2026,Yomiuri Giants,Yokohama DeNA BayStars,,,Postponed,横 浜
20260627-Hanshin_Tigers-Hiroshima_Toyo_Carp,2026-06-27 14:00:00,2026,Hanshin Tigers,Hiroshima Toyo Carp,2.0,3.0,Final,マツダスタジアム
20260627-Chunichi_Dragons-Tokyo_Yakult_Swallows,2026-06-27 18:00:00,2026,Chunichi Dragons,Tokyo Yakult Swallows,,,Postponed,神 宮
20260627-Fukuoka_SoftBank_Hawks-Chiba_Lotte_Marines,2026-06-27 18:00:00,2026,Fukuoka SoftBank Hawks,Chiba Lotte Marines,,,Postponed,ZOZOマリン
20260627-Hokkaido_Nippon-Ham_Fighters-Saitama_Seibu_Lions,2026-06-27 18:00:00,2026,Hokkaido Nippon-Ham Fighters,Saitama Seibu Lions,4.0,2.0,Final,ベルーナドーム
20260627-Tohoku_Rakuten_Golden_Eagles-Orix_Buffaloes,2026-06-27 18:00:00,2026,Tohoku Rakuten Golden Eagles,Orix Buffaloes,5.0,1.0,Final,ほっと神戸
20260627-Yomiuri_Giants-Yokohama_DeNA_BayStars,2026-06-27 18:15:00,2026,Yomiuri Giants,Yokohama DeNA BayStars,,,Postponed,横 浜
20260628-Hanshin_Tigers-Hiroshima_Toyo_Carp,2026-06-28 14:00:00,2026,Hanshin Tigers,Hiroshima Toyo Carp,12.0,3.0,Final,マツダスタジアム
20260628-Tohoku_Rakuten_Golden_Eagles-Orix_Buffaloes,2026-06-28 16:00:00,2026,Tohoku Rakuten Golden Eagles,Orix Buffaloes,2.0,5.0,Final,ほっと神戸
20260628-Chunichi_Dragons-Tokyo_Yakult_Swallows,2026-06-28 17:00:00,2026,Chunichi Dragons,Tokyo Yakult Swallows,3.0,4.0,Final,神 宮
20260628-Fukuoka_SoftBank_Hawks-Chiba_Lotte_Marines,2026-06-28 17:00:00,2026,Fukuoka SoftBank Hawks,Chiba Lotte Marines,3.0,3.0,Final,ZOZOマリン
20260628-Hokkaido_Nippon-Ham_Fighters-Saitama_Seibu_Lions,2026-06-28 18:00:00,2026,Hokkaido Nippon-Ham Fighters,Saitama Seibu Lions,5.0,1.0,Final,ベルーナドーム
20260628-Yomiuri_Giants-Yokohama_DeNA_BayStars,2026-06-28 18:15:00,2026,Yomiuri Giants,Yokohama DeNA BayStars,2.0,1.0,Final,横 浜
20260630-Chiba_Lotte_Marines-Tohoku_Rakuten_Golden_Eagles,2026-06-30 18:00:00,2026,Chiba Lotte Marines,Tohoku Rakuten Golden Eagles,5.0,2.0,Final,楽天モバイル
20260630-Chunichi_Dragons-Hanshin_Tigers,2026-06-30 18:00:00,2026,Chunichi Dragons,Hanshin Tigers,2.0,3.0,Final,甲子園
20260630-Hiroshima_Toyo_Carp-Yokohama_DeNA_BayStars,2026-06-30 18:00:00,2026,Hiroshima Toyo Carp,Yokohama DeNA BayStars,7.0,4.0,Final,ハードオフ新潟
20260630-Orix_Buffaloes-Hokkaido_Nippon-Ham_Fighters,2026-06-30 18:00:00,2026,Orix Buffaloes,Hokkaido Nippon-Ham Fighters,2.0,9.0,Final,エスコンＦ
20260630-Saitama_Seibu_Lions-Fukuoka_SoftBank_Hawks,2026-06-30 18:00:00,2026,Saitama Seibu Lions,Fukuoka SoftBank Hawks,0.0,6.0,Final,東京ドーム
20260630-Tokyo_Yakult_Swallows-Yomiuri_Giants,2026-06-30 18:00:00,2026,Tokyo Yakult Swallows,Yomiuri Giants,4.0,3.0,Final,弘 前
20260701-Chiba_Lotte_Marines-Tohoku_Rakuten_Golden_Eagles,2026-07-01 18:00:00,2026,Chiba Lotte Marines,Tohoku Rakuten Golden Eagles,5.0,0.0,Final,郡 山
20260701-Chunichi_Dragons-Hanshin_Tigers,2026-07-01 18:00:00,2026,Chunichi Dragons,Hanshin Tigers,,,Postponed,甲子園
20260701-Orix_Buffaloes-Hokkaido_Nippon-Ham_Fighters,2026-07-01 18:00:00,2026,Orix Buffaloes,Hokkaido Nippon-Ham Fighters,0.0,6.0,Final,エスコンＦ
20260701-Saitama_Seibu_Lions-Fukuoka_SoftBank_Hawks,2026-07-01 18:00:00,2026,Saitama Seibu Lions,Fukuoka SoftBank Hawks,0.0,11.0,Final,みずほPayPay
20260701-Tokyo_Yakult_Swallows-Yomiuri_Giants,2026-07-01 18:00:00,2026,Tokyo Yakult Swallows,Yomiuri Giants,1.0,2.0,Final,盛 岡
20260702-Chunichi_Dragons-Hanshin_Tigers,2026-07-02 18:00:00,2026,Chunichi Dragons,Hanshin Tigers,3.0,2.0,Final,甲子園
20260702-Orix_Buffaloes-Hokkaido_Nippon-Ham_Fighters,2026-07-02 18:00:00,2026,Orix Buffaloes,Hokkaido Nippon-Ham Fighters,1.0,9.0,Final,エスコンＦ
20260702-Saitama_Seibu_Lions-Fukuoka_SoftBank_Hawks,2026-07-02 18:00:00,2026,Saitama Seibu Lions,Fukuoka SoftBank Hawks,1.0,3.0,Final,みずほPayPay
20260702-Hiroshima_Toyo_Carp-Yokohama_DeNA_BayStars,2026-07-02 18:15:00,2026,Hiroshima Toyo Carp,Yokohama DeNA BayStars,3.0,3.0,Final,横 浜
20260703-Chiba_Lotte_Marines-Fukuoka_SoftBank_Hawks,2026-07-03 18:00:00,2026,Chiba Lotte Marines,Fukuoka SoftBank Hawks,2.0,3.0,Final,みずほPayPay
20260703-Hiroshima_Toyo_Carp-Hanshin_Tigers,2026-07-03 18:00:00,2026,Hiroshima Toyo Carp,Hanshin Tigers,5.0,1.0,Final,甲子園
20260703-Hokkaido_Nippon-Ham_Fighters-Tohoku_Rakuten_Golden_Eagles,2026-07-03 18:00:00,2026,Hokkaido Nippon-Ham Fighters,Tohoku Rakuten Golden Eagles,0.0,8.0,Final,楽天モバイル
20260703-Saitama_Seibu_Lions-Orix_Buffaloes,2026-07-03 18:00:00,2026,Saitama Seibu Lions,Orix Buffaloes,4.0,4.0,Final,ほっと神戸
20260703-Yokohama_DeNA_BayStars-Tokyo_Yakult_Swallows,2026-07-03 18:00:00,2026,Yokohama DeNA BayStars,Tokyo Yakult Swallows,7.0,2.0,Final,神 宮
20260703-Yomiuri_Giants-Chunichi_Dragons,2026-07-03 18:00:00,2026,Yomiuri Giants,Chunichi Dragons,0.0,1.0,Final,バンテリンドーム
20260704-Chiba_Lotte_Marines-Fukuoka_SoftBank_Hawks,2026-07-04 14:00:00,2026,Chiba Lotte Marines,Fukuoka SoftBank Hawks,8.0,1.0,Final,みずほPayPay
20260704-Yomiuri_Giants-Chunichi_Dragons,2026-07-04 14:00:00,2026,Yomiuri Giants,Chunichi Dragons,1.0,2.0,Final,バンテリンドーム
20260704-Hiroshima_Toyo_Carp-Hanshin_Tigers,2026-07-04 18:00:00,2026,Hiroshima Toyo Carp,Hanshin Tigers,,,Postponed,甲子園
20260704-Hokkaido_Nippon-Ham_Fighters-Tohoku_Rakuten_Golden_Eagles,2026-07-04 18:00:00,2026,Hokkaido Nippon-Ham Fighters,Tohoku Rakuten Golden Eagles,1.0,4.0,Final,楽天モバイル
20260704-Saitama_Seibu_Lions-Orix_Buffaloes,2026-07-04 18:00:00,2026,Saitama Seibu Lions,Orix Buffaloes,,,Postponed,ほっと神戸
20260704-Yokohama_DeNA_BayStars-Tokyo_Yakult_Swallows,2026-07-04 18:00:00,2026,Yokohama DeNA BayStars,Tokyo Yakult Swallows,12.0,1.0,Final,神 宮
20260705-Chiba_Lotte_Marines-Fukuoka_SoftBank_Hawks,2026-07-05 13:30:00,2026,Chiba Lotte Marines,Fukuoka SoftBank Hawks,2.0,7.0,Final,みずほPayPay
20260705-Yomiuri_Giants-Chunichi_Dragons,2026-07-05 13:30:00,2026,Yomiuri Giants,Chunichi Dragons,1.0,0.0,Final,バンテリンドーム
20260705-Saitama_Seibu_Lions-Orix_Buffaloes,2026-07-05 14:00:00,2026,Saitama Seibu Lions,Orix Buffaloes,1.0,3.0,Final,京セラD大阪
20260705-Hokkaido_Nippon-Ham_Fighters-Tohoku_Rakuten_Golden_Eagles,2026-07-05 17:00:00,2026,Hokkaido Nippon-Ham Fighters,Tohoku Rakuten Golden Eagles,6.0,3.0,Final,楽天モバイル
20260705-Hiroshima_Toyo_Carp-Hanshin_Tigers,2026-07-05 18:00:00,2026,Hiroshima Toyo Carp,Hanshin Tigers,4.0,6.0,Final,甲子園
20260705-Yokohama_DeNA_BayStars-Tokyo_Yakult_Swallows,2026-07-05 18:00:00,2026,Yokohama DeNA BayStars,Tokyo Yakult Swallows,6.0,4.0,Final,神 宮
20260707-Fukuoka_SoftBank_Hawks-Orix_Buffaloes,2026-07-07 18:00:00,2026,Fukuoka SoftBank Hawks,Orix Buffaloes,6.0,3.0,Final,京セラD大阪
20260707-Hanshin_Tigers-Yomiuri_Giants,2026-07-07 18:00:00,2026,Hanshin Tigers,Yomiuri Giants,3.0,4.0,Final,東京ドーム
20260707-Hokkaido_Nippon-Ham_Fighters-Chiba_Lotte_Marines,2026-07-07 18:00:00,2026,Hokkaido Nippon-Ham Fighters,Chiba Lotte Marines,2.0,10.0,Final,ZOZOマリン
20260707-Tokyo_Yakult_Swallows-Hiroshima_Toyo_Carp,2026-07-07 18:00:00,2026,Tokyo Yakult Swallows,Hiroshima Toyo Carp,3.0,4.0,Final,マツダスタジアム
20260707-Chunichi_Dragons-Yokohama_DeNA_BayStars,2026-07-07 18:15:00,2026,Chunichi Dragons,Yokohama DeNA BayStars,0.0,4.0,Final,横 浜
20260707-Tohoku_Rakuten_Golden_Eagles-Saitama_Seibu_Lions,2026-07-07 18:30:00,2026,Tohoku Rakuten Golden Eagles,Saitama Seibu Lions,1.0,6.0,Final,那 覇
20260708-Fukuoka_SoftBank_Hawks-Orix_Buffaloes,2026-07-08 18:00:00,2026,Fukuoka SoftBank Hawks,Orix Buffaloes,2.0,3.0,Final,京セラD大阪
20260708-Hanshin_Tigers-Yomiuri_Giants,2026-07-08 18:00:00,2026,Hanshin Tigers,Yomiuri Giants,4.0,1.0,Final,東京ドーム
20260708-Hokkaido_Nippon-Ham_Fighters-Chiba_Lotte_Marines,2026-07-08 18:00:00,2026,Hokkaido Nippon-Ham Fighters,Chiba Lotte Marines,7.0,2.0,Final,ZOZOマリン
20260708-Tokyo_Yakult_Swallows-Hiroshima_Toyo_Carp,2026-07-08 18:00:00,2026,Tokyo Yakult Swallows,Hiroshima Toyo Carp,3.0,4.0,Final,マツダスタジアム
20260708-Chunichi_Dragons-Yokohama_DeNA_BayStars,2026-07-08 18:15:00,2026,Chunichi Dragons,Yokohama DeNA BayStars,3.0,4.0,Final,横 浜
20260708-Tohoku_Rakuten_Golden_Eagles-Saitama_Seibu_Lions,2026-07-08 18:30:00,2026,Tohoku Rakuten Golden Eagles,Saitama Seibu Lions,5.0,2.0,Final,那 覇
20260709-Hanshin_Tigers-Yomiuri_Giants,2026-07-09 18:00:00,2026,Hanshin Tigers,Yomiuri Giants,10.0,2.0,Final,東京ドーム
20260709-Tokyo_Yakult_Swallows-Hiroshima_Toyo_Carp,2026-07-09 18:00:00,2026,Tokyo Yakult Swallows,Hiroshima Toyo Carp,1.0,0.0,Final,マツダスタジアム
20260709-Chunichi_Dragons-Yokohama_DeNA_BayStars,2026-07-09 18:15:00,2026,Chunichi Dragons,Yokohama DeNA BayStars,4.0,3.0,Final,横 浜
20260710-Hiroshima_Toyo_Carp-Chunichi_Dragons,2026-07-10 18:00:00,2026,Hiroshima Toyo Carp,Chunichi Dragons,1.0,10.0,Final,バンテリンドーム
20260710-Orix_Buffaloes-Chiba_Lotte_Marines,2026-07-10 18:00:00,2026,Orix Buffaloes,Chiba Lotte Marines,6.0,8.0,Final,ZOZOマリン
20260710-Saitama_Seibu_Lions-Hokkaido_Nippon-Ham_Fighters,2026-07-10 18:00:00,2026,Saitama Seibu Lions,Hokkaido Nippon-Ham Fighters,2.0,1.0,Final,エスコンＦ
20260710-Tohoku_Rakuten_Golden_Eagles-Fukuoka_SoftBank_Hawks,2026-07-10 18:00:00,2026,Tohoku Rakuten Golden Eagles,Fukuoka SoftBank Hawks,5.0,3.0,Final,みずほPayPay
20260710-Tokyo_Yakult_Swallows-Hanshin_Tigers,2026-07-10 18:00:00,2026,Tokyo Yakult Swallows,Hanshin Tigers,2.0,1.0,Final,甲子園
20260710-Yomiuri_Giants-Yokohama_DeNA_BayStars,2026-07-10 18:15:00,2026,Yomiuri Giants,Yokohama DeNA BayStars,6.0,11.0,Final,横 浜
20260711-Hiroshima_Toyo_Carp-Chunichi_Dragons,2026-07-11 14:00:00,2026,Hiroshima Toyo Carp,Chunichi Dragons,1.0,8.0,Final,バンテリンドーム
20260711-Saitama_Seibu_Lions-Hokkaido_Nippon-Ham_Fighters,2026-07-11 14:00:00,2026,Saitama Seibu Lions,Hokkaido Nippon-Ham Fighters,2.0,8.0,Final,エスコンＦ
20260711-Orix_Buffaloes-Chiba_Lotte_Marines,2026-07-11 18:00:00,2026,Orix Buffaloes,Chiba Lotte Marines,8.0,3.0,Final,ZOZOマリン
20260711-Tohoku_Rakuten_Golden_Eagles-Fukuoka_SoftBank_Hawks,2026-07-11 18:00:00,2026,Tohoku Rakuten Golden Eagles,Fukuoka SoftBank Hawks,2.0,9.0,Final,みずほPayPay
20260711-Tokyo_Yakult_Swallows-Hanshin_Tigers,2026-07-11 18:00:00,2026,Tokyo Yakult Swallows,Hanshin Tigers,1.0,2.0,Final,甲子園
20260711-Yomiuri_Giants-Yokohama_DeNA_BayStars,2026-07-11 18:00:00,2026,Yomiuri Giants,Yokohama DeNA BayStars,5.0,4.0,Final,横 浜
20260712-Saitama_Seibu_Lions-Hokkaido_Nippon-Ham_Fighters,2026-07-12 13:00:00,2026,Saitama Seibu Lions,Hokkaido Nippon-Ham Fighters,12.0,1.0,Final,エスコンＦ
20260712-Hiroshima_Toyo_Carp-Chunichi_Dragons,2026-07-12 13:30:00,2026,Hiroshima Toyo Carp,Chunichi Dragons,5.0,1.0,Final,バンテリンドーム
20260712-Tohoku_Rakuten_Golden_Eagles-Fukuoka_SoftBank_Hawks,2026-07-12 14:00:00,2026,Tohoku Rakuten Golden Eagles,Fukuoka SoftBank Hawks,0.0,3.0,Final,みずほPayPay
20260712-Orix_Buffaloes-Chiba_Lotte_Marines,2026-07-12 17:00:00,2026,Orix Buffaloes,Chiba Lotte Marines,7.0,2.0,Final,ZOZOマリン
20260712-Tokyo_Yakult_Swallows-Hanshin_Tigers,2026-07-12 18:00:00,2026,Tokyo Yakult Swallows,Hanshin Tigers,0.0,3.0,Final,甲子園
20260712-Yomiuri_Giants-Yokohama_DeNA_BayStars,2026-07-12 18:00:00,2026,Yomiuri Giants,Yokohama DeNA BayStars,4.0,3.0,Final,横 浜
20260714-Fukuoka_SoftBank_Hawks-Hokkaido_Nippon-Ham_Fighters,2026-07-14 13:00:00,2026,Fukuoka SoftBank Hawks,Hokkaido Nippon-Ham Fighters,4.0,2.0,Final,エスコンＦ
20260714-Chiba_Lotte_Marines-Saitama_Seibu_Lions,2026-07-14 18:00:00,2026,Chiba Lotte Marines,Saitama Seibu Lions,1.0,2.0,Final,ベルーナドーム
20260714-Hanshin_Tigers-Chunichi_Dragons,2026-07-14 18:00:00,2026,Hanshin Tigers,Chunichi Dragons,5.0,2.0,Final,バンテリンドーム
20260714-Orix_Buffaloes-Tohoku_Rakuten_Golden_Eagles,2026-07-14 18:00:00,2026,Orix Buffaloes,Tohoku Rakuten Golden Eagles,1.0,3.0,Final,楽天モバイル
20260714-Yokohama_DeNA_BayStars-Hiroshima_Toyo_Carp,2026-07-14 18:00:00,2026,Yokohama DeNA BayStars,Hiroshima Toyo Carp,5.0,4.0,Final,マツダスタジアム
20260714-Yomiuri_Giants-Tokyo_Yakult_Swallows,2026-07-14 18:00:00,2026,Yomiuri Giants,Tokyo Yakult Swallows,4.0,5.0,Final,神 宮
20260715-Fukuoka_SoftBank_Hawks-Hokkaido_Nippon-Ham_Fighters,2026-07-15 13:00:00,2026,Fukuoka SoftBank Hawks,Hokkaido Nippon-Ham Fighters,6.0,7.0,Final,エスコンＦ
20260715-Chiba_Lotte_Marines-Saitama_Seibu_Lions,2026-07-15 18:00:00,2026,Chiba Lotte Marines,Saitama Seibu Lions,3.0,7.0,Final,ベルーナドーム
20260715-Hanshin_Tigers-Chunichi_Dragons,2026-07-15 18:00:00,2026,Hanshin Tigers,Chunichi Dragons,5.0,6.0,Final,バンテリンドーム
20260715-Orix_Buffaloes-Tohoku_Rakuten_Golden_Eagles,2026-07-15 18:00:00,2026,Orix Buffaloes,Tohoku Rakuten Golden Eagles,2.0,3.0,Final,楽天モバイル
20260715-Yokohama_DeNA_BayStars-Hiroshima_Toyo_Carp,2026-07-15 18:00:00,2026,Yokohama DeNA BayStars,Hiroshima Toyo Carp,4.0,6.0,Final,マツダスタジアム
20260715-Yomiuri_Giants-Tokyo_Yakult_Swallows,2026-07-15 18:00:00,2026,Yomiuri Giants,Tokyo Yakult Swallows,8.0,2.0,Final,神 宮
20260716-Fukuoka_SoftBank_Hawks-Hokkaido_Nippon-Ham_Fighters,2026-07-16 13:00:00,2026,Fukuoka SoftBank Hawks,Hokkaido Nippon-Ham Fighters,6.0,2.0,Final,エスコンＦ
20260716-Chiba_Lotte_Marines-Saitama_Seibu_Lions,2026-07-16 18:00:00,2026,Chiba Lotte Marines,Saitama Seibu Lions,4.0,3.0,Final,ベルーナドーム
20260716-Hanshin_Tigers-Chunichi_Dragons,2026-07-16 18:00:00,2026,Hanshin Tigers,Chunichi Dragons,3.0,1.0,Final,バンテリンドーム
20260716-Orix_Buffaloes-Tohoku_Rakuten_Golden_Eagles,2026-07-16 18:00:00,2026,Orix Buffaloes,Tohoku Rakuten Golden Eagles,8.0,12.0,Final,楽天モバイル
20260716-Yomiuri_Giants-Tokyo_Yakult_Swallows,2026-07-16 18:00:00,2026,Yomiuri Giants,Tokyo Yakult Swallows,3.0,1.0,Final,神 宮
20260717-Chunichi_Dragons-Yomiuri_Giants,2026-07-17 18:00:00,2026,Chunichi Dragons,Yomiuri Giants,1.0,4.0,Final,東京ドーム
20260717-Hanshin_Tigers-Hiroshima_Toyo_Carp,2026-07-17 18:00:00,2026,Hanshin Tigers,Hiroshima Toyo Carp,4.0,2.0,Final,マツダスタジアム
20260717-Tokyo_Yakult_Swallows-Yokohama_DeNA_BayStars,2026-07-17 18:00:00,2026,Tokyo Yakult Swallows,Yokohama DeNA BayStars,4.0,12.0,Final,横 浜
20260718-Chunichi_Dragons-Yomiuri_Giants,2026-07-18 14:00:00,2026,Chunichi Dragons,Yomiuri Giants,5.0,1.0,Final,東京ドーム
20260718-Hokkaido_Nippon-Ham_Fighters-Orix_Buffaloes,2026-07-18 14:00:00,2026,Hokkaido Nippon-Ham Fighters,Orix Buffaloes,7.0,0.0,Final,京セラD大阪
20260718-Fukuoka_SoftBank_Hawks-Chiba_Lotte_Marines,2026-07-18 18:00:00,2026,Fukuoka SoftBank Hawks,Chiba Lotte Marines,5.0,4.0,Final,ZOZOマリン
20260718-Hanshin_Tigers-Hiroshima_Toyo_Carp,2026-07-18 18:00:00,2026,Hanshin Tigers,Hiroshima Toyo Carp,1.0,2.0,Final,マツダスタジアム
20260718-Saitama_Seibu_Lions-Tohoku_Rakuten_Golden_Eagles,2026-07-18 18:00:00,2026,Saitama Seibu Lions,Tohoku Rakuten Golden Eagles,2.0,3.0,Final,楽天モバイル
20260718-Tokyo_Yakult_Swallows-Yokohama_DeNA_BayStars,2026-07-18 18:00:00,2026,Tokyo Yakult Swallows,Yokohama DeNA BayStars,0.0,8.0,Final,横 浜
20260719-Hokkaido_Nippon-Ham_Fighters-Orix_Buffaloes,2026-07-19 13:00:00,2026,Hokkaido Nippon-Ham Fighters,Orix Buffaloes,5.0,1.0,Final,京セラD大阪
20260719-Chunichi_Dragons-Yomiuri_Giants,2026-07-19 14:00:00,2026,Chunichi Dragons,Yomiuri Giants,1.0,6.0,Final,東京ドーム
20260719-Fukuoka_SoftBank_Hawks-Chiba_Lotte_Marines,2026-07-19 18:00:00,2026,Fukuoka SoftBank Hawks,Chiba Lotte Marines,3.0,0.0,Final,ZOZOマリン
20260719-Hanshin_Tigers-Hiroshima_Toyo_Carp,2026-07-19 18:00:00,2026,Hanshin Tigers,Hiroshima Toyo Carp,4.0,2.0,Final,マツダスタジアム
20260719-Saitama_Seibu_Lions-Tohoku_Rakuten_Golden_Eagles,2026-07-19 18:00:00,2026,Saitama Seibu Lions,Tohoku Rakuten Golden Eagles,6.0,3.0,Final,楽天モバイル
20260719-Tokyo_Yakult_Swallows-Yokohama_DeNA_BayStars,2026-07-19 18:00:00,2026,Tokyo Yakult Swallows,Yokohama DeNA BayStars,1.0,5.0,Final,横 浜
20260720-Hokkaido_Nippon-Ham_Fighters-Orix_Buffaloes,2026-07-20 13:00:00,2026,Hokkaido Nippon-Ham Fighters,Orix Buffaloes,0.0,3.0,Final,京セラD大阪
20260720-Saitama_Seibu_Lions-Tohoku_Rakuten_Golden_Eagles,2026-07-20 16:00:00,2026,Saitama Seibu Lions,Tohoku Rakuten Golden Eagles,5.0,4.0,Final,楽天モバイル
20260720-Fukuoka_SoftBank_Hawks-Chiba_Lotte_Marines,2026-07-20 17:00:00,2026,Fukuoka SoftBank Hawks,Chiba Lotte Marines,5.0,4.0,Final,ZOZOマリン
20260720-Chunichi_Dragons-Tokyo_Yakult_Swallows,2026-07-20 18:00:00,2026,Chunichi Dragons,Tokyo Yakult Swallows,4.0,2.0,Final,神 宮
20260720-Hiroshima_Toyo_Carp-Yomiuri_Giants,2026-07-20 18:00:00,2026,Hiroshima Toyo Carp,Yomiuri Giants,1.0,3.0,Final,東京ドーム
20260720-Yokohama_DeNA_BayStars-Hanshin_Tigers,2026-07-20 18:00:00,2026,Yokohama DeNA BayStars,Hanshin Tigers,7.0,0.0,Final,甲子園
20260721-Chunichi_Dragons-Tokyo_Yakult_Swallows,2026-07-21 18:00:00,2026,Chunichi Dragons,Tokyo Yakult Swallows,11.0,4.0,Final,神 宮
20260721-Hiroshima_Toyo_Carp-Yomiuri_Giants,2026-07-21 18:00:00,2026,Hiroshima Toyo Carp,Yomiuri Giants,5.0,11.0,Final,東京ドーム
20260721-Orix_Buffaloes-Fukuoka_SoftBank_Hawks,2026-07-21 18:00:00,2026,Orix Buffaloes,Fukuoka SoftBank Hawks,2.0,1.0,Final,みずほPayPay
20260721-Yokohama_DeNA_BayStars-Hanshin_Tigers,2026-07-21 18:00:00,2026,Yokohama DeNA BayStars,Hanshin Tigers,1.0,2.0,Final,甲子園
20260722-Chunichi_Dragons-Tokyo_Yakult_Swallows,2026-07-22 18:00:00,2026,Chunichi Dragons,Tokyo Yakult Swallows,5.0,8.0,Final,神 宮
20260722-Hiroshima_Toyo_Carp-Yomiuri_Giants,2026-07-22 18:00:00,2026,Hiroshima Toyo Carp,Yomiuri Giants,6.0,1.0,Final,東京ドーム
20260722-Hokkaido_Nippon-Ham_Fighters-Saitama_Seibu_Lions,2026-07-22 18:00:00,2026,Hokkaido Nippon-Ham Fighters,Saitama Seibu Lions,3.0,4.0,Final,ベルーナドーム
20260722-Orix_Buffaloes-Fukuoka_SoftBank_Hawks,2026-07-22 18:00:00,2026,Orix Buffaloes,Fukuoka SoftBank Hawks,2.0,22.0,Final,みずほPayPay
20260722-Tohoku_Rakuten_Golden_Eagles-Chiba_Lotte_Marines,2026-07-22 18:00:00,2026,Tohoku Rakuten Golden Eagles,Chiba Lotte Marines,2.0,10.0,Final,ZOZOマリン
20260722-Yokohama_DeNA_BayStars-Hanshin_Tigers,2026-07-22 18:00:00,2026,Yokohama DeNA BayStars,Hanshin Tigers,4.0,5.0,Final,甲子園
20260723-Hokkaido_Nippon-Ham_Fighters-Saitama_Seibu_Lions,2026-07-23 18:00:00,2026,Hokkaido Nippon-Ham Fighters,Saitama Seibu Lions,11.0,2.0,Final,ベルーナドーム
20260723-Orix_Buffaloes-Fukuoka_SoftBank_Hawks,2026-07-23 18:00:00,2026,Orix Buffaloes,Fukuoka SoftBank Hawks,5.0,6.0,Final,みずほPayPay
20260723-Tohoku_Rakuten_Golden_Eagles-Chiba_Lotte_Marines,2026-07-23 18:00:00,2026,Tohoku Rakuten Golden Eagles,Chiba Lotte Marines,4.0,3.0,Final,ZOZOマリン
20260724-Chiba_Lotte_Marines-Orix_Buffaloes,2026-07-24 18:00:00,2026,Chiba Lotte Marines,Orix Buffaloes,2.0,3.0,Final,京セラD大阪
20260724-Fukuoka_SoftBank_Hawks-Saitama_Seibu_Lions,2026-07-24 18:00:00,2026,Fukuoka SoftBank Hawks,Saitama Seibu Lions,7.0,3.0,Final,ベルーナドーム
20260724-Hiroshima_Toyo_Carp-Tokyo_Yakult_Swallows,2026-07-24 18:00:00,2026,Hiroshima Toyo Carp,Tokyo Yakult Swallows,3.0,5.0,Final,神 宮
20260724-Yokohama_DeNA_BayStars-Chunichi_Dragons,2026-07-24 18:00:00,2026,Yokohama DeNA BayStars,Chunichi Dragons,2.0,3.0,Final,バンテリンドーム
20260724-Yomiuri_Giants-Hanshin_Tigers,2026-07-24 18:00:00,2026,Yomiuri Giants,Hanshin Tigers,4.0,2.0,Final,甲子園
20260725-Chiba_Lotte_Marines-Orix_Buffaloes,2026-07-25 14:00:00,2026,Chiba Lotte Marines,Orix Buffaloes,3.0,5.0,Final,京セラD大阪
20260725-Tohoku_Rakuten_Golden_Eagles-Hokkaido_Nippon-Ham_Fighters,2026-07-25 14:00:00,2026,Tohoku Rakuten Golden Eagles,Hokkaido Nippon-Ham Fighters,3.0,4.0,Final,エスコンＦ
20260725-Yokohama_DeNA_BayStars-Chunichi_Dragons,2026-07-25 14:00:00,2026,Yokohama DeNA BayStars,Chunichi Dragons,5.0,0.0,Final,バンテリンドーム
20260725-Fukuoka_SoftBank_Hawks-Saitama_Seibu_Lions,2026-07-25 18:00:00,2026,Fukuoka SoftBank Hawks,Saitama Seibu Lions,6.0,8.0,Final,ベルーナドーム
20260725-Hiroshima_Toyo_Carp-Tokyo_Yakult_Swallows,2026-07-25 18:00:00,2026,Hiroshima Toyo Carp,Tokyo Yakult Swallows,1.0,2.0,Final,神 宮
20260725-Yomiuri_Giants-Hanshin_Tigers,2026-07-25 18:00:00,2026,Yomiuri Giants,Hanshin Tigers,5.0,1.0,Final,甲子園
20260726-Chiba_Lotte_Marines-Orix_Buffaloes,2026-07-26 13:00:00,2026,Chiba Lotte Marines,Orix Buffaloes,3.0,2.0,Final,京セラD大阪
20260726-Tohoku_Rakuten_Golden_Eagles-Hokkaido_Nippon-Ham_Fighters,2026-07-26 13:00:00,2026,Tohoku Rakuten Golden Eagles,Hokkaido Nippon-Ham Fighters,2.0,6.0,Final,エスコンＦ
20260726-Yokohama_DeNA_BayStars-Chunichi_Dragons,2026-07-26 13:30:00,2026,Yokohama DeNA BayStars,Chunichi Dragons,1.0,5.0,Final,バンテリンドーム
20260726-Fukuoka_SoftBank_Hawks-Saitama_Seibu_Lions,2026-07-26 17:00:00,2026,Fukuoka SoftBank Hawks,Saitama Seibu Lions,3.0,0.0,Final,ベルーナドーム
20260726-Hiroshima_Toyo_Carp-Tokyo_Yakult_Swallows,2026-07-26 18:00:00,2026,Hiroshima Toyo Carp,Tokyo Yakult Swallows,4.0,3.0,Final,神 宮
20260726-Yomiuri_Giants-Hanshin_Tigers,2026-07-26 18:00:00,2026,Yomiuri Giants,Hanshin Tigers,0.0,1.0,Final,甲子園
20260728-パ・リーグ-セ・リーグ,2026-07-28 18:30:00,2026,パ・リーグ,セ・リーグ,7.0,5.0,Final,東京ドーム
20260729-セ・リーグ-パ・リーグ,2026-07-29 18:30:00,2026,セ・リーグ,パ・リーグ,8.0,7.0,Final,富 山
20260731-Chiba_Lotte_Marines-Hokkaido_Nippon-Ham_Fighters,2026-07-31 18:00:00,2026,Chiba Lotte Marines,Hokkaido Nippon-Ham Fighters,1.0,6.0,Final,エスコンＦ
20260731-Chunichi_Dragons-Hiroshima_Toyo_Carp,2026-07-31 18:00:00,2026,Chunichi Dragons,Hiroshima Toyo Carp,1.0,3.0,Final,マツダスタジアム
20260731-Fukuoka_SoftBank_Hawks-Tohoku_Rakuten_Golden_Eagles,2026-07-31 18:00:00,2026,Fukuoka SoftBank Hawks,Tohoku Rakuten Golden Eagles,,,Postponed,楽天モバイル
20260731-Hanshin_Tigers-Tokyo_Yakult_Swallows,2026-07-31 18:00:00,2026,Hanshin Tigers,Tokyo Yakult Swallows,4.0,3.0,Final,神 宮
20260731-Orix_Buffaloes-Saitama_Seibu_Lions,2026-07-31 18:00:00,2026,Orix Buffaloes,Saitama Seibu Lions,5.0,4.0,Final,ベルーナドーム
20260731-Yokohama_DeNA_BayStars-Yomiuri_Giants,2026-07-31 18:00:00,2026,Yokohama DeNA BayStars,Yomiuri Giants,0.0,6.0,Final,東京ドーム
20260801-Chiba_Lotte_Marines-Hokkaido_Nippon-Ham_Fighters,2026-08-01 14:00:00,2026,Chiba Lotte Marines,Hokkaido Nippon-Ham Fighters,5.0,3.0,Final,エスコンＦ
20260801-Orix_Buffaloes-Saitama_Seibu_Lions,2026-08-01 17:00:00,2026,Orix Buffaloes,Saitama Seibu Lions,1.0,4.0,Final,ベルーナドーム
20260801-Chunichi_Dragons-Hiroshima_Toyo_Carp,2026-08-01 18:00:00,2026,Chunichi Dragons,Hiroshima Toyo Carp,7.0,1.0,Final,マツダスタジアム
20260801-Fukuoka_SoftBank_Hawks-Tohoku_Rakuten_Golden_Eagles,2026-08-01 18:00:00,2026,Fukuoka SoftBank Hawks,Tohoku Rakuten Golden Eagles,5.0,0.0,Final,楽天モバイル
20260801-Hanshin_Tigers-Tokyo_Yakult_Swallows,2026-08-01 18:00:00,2026,Hanshin Tigers,Tokyo Yakult Swallows,7.0,3.0,Final,神 宮
20260801-Yokohama_DeNA_BayStars-Yomiuri_Giants,2026-08-01 18:00:00,2026,Yokohama DeNA BayStars,Yomiuri Giants,8.0,7.0,Final,東京ドーム
20260802-Chiba_Lotte_Marines-Hokkaido_Nippon-Ham_Fighters,2026-08-02 13:00:00,2026,Chiba Lotte Marines,Hokkaido Nippon-Ham Fighters,0.0,3.0,Final,エスコンＦ
20260802-Yokohama_DeNA_BayStars-Yomiuri_Giants,2026-08-02 14:00:00,2026,Yokohama DeNA BayStars,Yomiuri Giants,2.0,1.0,Final,東京ドーム
20260802-Fukuoka_SoftBank_Hawks-Tohoku_Rakuten_Golden_Eagles,2026-08-02 16:00:00,2026,Fukuoka SoftBank Hawks,Tohoku Rakuten Golden Eagles,10.0,6.0,Final,楽天モバイル
20260802-Orix_Buffaloes-Saitama_Seibu_Lions,2026-08-02 17:00:00,2026,Orix Buffaloes,Saitama Seibu Lions,1.0,5.0,Final,ベルーナドーム
20260802-Chunichi_Dragons-Hiroshima_Toyo_Carp,2026-08-02 18:00:00,2026,Chunichi Dragons,Hiroshima Toyo Carp,3.0,4.0,Final,マツダスタジアム
20260802-Hanshin_Tigers-Tokyo_Yakult_Swallows,2026-08-02 18:00:00,2026,Hanshin Tigers,Tokyo Yakult Swallows,4.0,3.0,Final,神 宮
20260803-Tohoku_Rakuten_Golden_Eagles-Orix_Buffaloes,2026-08-03 18:00:00,2026,Tohoku Rakuten Golden Eagles,Orix Buffaloes,6.0,9.0,Final,東京ドーム
20260804-Hanshin_Tigers-Yokohama_DeNA_BayStars,2026-08-04 17:45:00,2026,Hanshin Tigers,Yokohama DeNA BayStars,0.0,1.0,Final,横 浜
20260804-Hokkaido_Nippon-Ham_Fighters-Fukuoka_SoftBank_Hawks,2026-08-04 18:00:00,2026,Hokkaido Nippon-Ham Fighters,Fukuoka SoftBank Hawks,0.0,1.0,Final,京セラD大阪
20260804-Saitama_Seibu_Lions-Chiba_Lotte_Marines,2026-08-04 18:00:00,2026,Saitama Seibu Lions,Chiba Lotte Marines,3.0,5.0,Final,ZOZOマリン
20260804-Tokyo_Yakult_Swallows-Chunichi_Dragons,2026-08-04 18:00:00,2026,Tokyo Yakult Swallows,Chunichi Dragons,3.0,4.0,Final,バンテリンドーム
20260804-Yomiuri_Giants-Hiroshima_Toyo_Carp,2026-08-04 18:00:00,2026,Yomiuri Giants,Hiroshima Toyo Carp,3.0,4.0,Final,マツダスタジアム
20260805-Hanshin_Tigers-Yokohama_DeNA_BayStars,2026-08-05 17:45:00,2026,Hanshin Tigers,Yokohama DeNA BayStars,7.0,11.0,Final,横 浜
20260805-Hokkaido_Nippon-Ham_Fighters-Fukuoka_SoftBank_Hawks,2026-08-05 18:00:00,2026,Hokkaido Nippon-Ham Fighters,Fukuoka SoftBank Hawks,5.0,7.0,Final,みずほPayPay
20260805-Saitama_Seibu_Lions-Chiba_Lotte_Marines,2026-08-05 18:00:00,2026,Saitama Seibu Lions,Chiba Lotte Marines,0.0,8.0,Final,ZOZOマリン
20260805-Tohoku_Rakuten_Golden_Eagles-Orix_Buffaloes,2026-08-05 18:00:00,2026,Tohoku Rakuten Golden Eagles,Orix Buffaloes,1.0,3.0,Final,京セラD大阪
20260805-Tokyo_Yakult_Swallows-Chunichi_Dragons,2026-08-05 18:00:00,2026,Tokyo Yakult Swallows,Chunichi Dragons,1.0,4.0,Final,バンテリンドーム
20260805-Yomiuri_Giants-Hiroshima_Toyo_Carp,2026-08-05 18:00:00,2026,Yomiuri Giants,Hiroshima Toyo Carp,4.0,0.0,Final,マツダスタジアム
20260806-Hanshin_Tigers-Yokohama_DeNA_BayStars,2026-08-06 17:45:00,2026,Hanshin Tigers,Yokohama DeNA BayStars,10.0,5.0,Final,横 浜
20260806-Hokkaido_Nippon-Ham_Fighters-Fukuoka_SoftBank_Hawks,2026-08-06 18:00:00,2026,Hokkaido Nippon-Ham Fighters,Fukuoka SoftBank Hawks,6.0,2.0,Final,みずほPayPay
20260806-Tohoku_Rakuten_Golden_Eagles-Orix_Buffaloes,2026-08-06 18:00:00,2026,Tohoku Rakuten Golden Eagles,Orix Buffaloes,3.0,1.0,Final,京セラD大阪
20260806-Tokyo_Yakult_Swallows-Chunichi_Dragons,2026-08-06 18:00:00,2026,Tokyo Yakult Swallows,Chunichi Dragons,0.0,5.0,Final,バンテリンドーム
20260806-Yomiuri_Giants-Hiroshima_Toyo_Carp,2026-08-06 18:00:00,2026,Yomiuri Giants,Hiroshima Toyo Carp,11.0,7.0,Final,マツダスタジアム
20260807-Chunichi_Dragons-Hanshin_Tigers,2026-08-07 18:00:00,2026,Chunichi Dragons,Hanshin Tigers,3.0,2.0,Final,京セラD大阪
20260807-Fukuoka_SoftBank_Hawks-Saitama_Seibu_Lions,2026-08-07 18:00:00,2026,Fukuoka SoftBank Hawks,Saitama Seibu Lions,5.0,2.0,Final,ベルーナドーム
20260807-Hiroshima_Toyo_Carp-Yokohama_DeNA_BayStars,2026-08-07 18:00:00,2026,Hiroshima Toyo Carp,Yokohama DeNA BayStars,1.0,2.0,Final,横 浜
20260807-Orix_Buffaloes-Chiba_Lotte_Marines,2026-08-07 18:00:00,2026,Orix Buffaloes,Chiba Lotte Marines,6.0,2.0,Final,ZOZOマリン
20260807-Tohoku_Rakuten_Golden_Eagles-Hokkaido_Nippon-Ham_Fighters,2026-08-07 18:00:00,2026,Tohoku Rakuten Golden Eagles,Hokkaido Nippon-Ham Fighters,2.0,3.0,Final,エスコンＦ
20260807-Tokyo_Yakult_Swallows-Yomiuri_Giants,2026-08-07 18:00:00,2026,Tokyo Yakult Swallows,Yomiuri Giants,1.0,0.0,Final,東京ドーム
20260808-Tohoku_Rakuten_Golden_Eagles-Hokkaido_Nippon-Ham_Fighters,2026-08-08 15:00:00,2026,Tohoku Rakuten Golden Eagles,Hokkaido Nippon-Ham Fighters,6.0,0.0,Final,エスコンＦ
20260808-Tokyo_Yakult_Swallows-Yomiuri_Giants,2026-08-08 15:00:00,2026,Tokyo Yakult Swallows,Yomiuri Giants,2.0,8.0,Final,東京ドーム
20260808-Chunichi_Dragons-Hanshin_Tigers,2026-08-08 18:00:00,2026,Chunichi Dragons,Hanshin Tigers,7.0,1.0,Final,京セラD大阪
20260808-Fukuoka_SoftBank_Hawks-Saitama_Seibu_Lions,2026-08-08 18:00:00,2026,Fukuoka SoftBank Hawks,Saitama Seibu Lions,1.0,2.0,Final,ベルーナドーム
20260808-Hiroshima_Toyo_Carp-Yokohama_DeNA_BayStars,2026-08-08 18:00:00,2026,Hiroshima Toyo Carp,Yokohama DeNA BayStars,3.0,4.0,Final,横 浜
20260808-Orix_Buffaloes-Chiba_Lotte_Marines,2026-08-08 18:00:00,2026,Orix Buffaloes,Chiba Lotte Marines,1.0,4.0,Final,ZOZOマリン
20260809-Tohoku_Rakuten_Golden_Eagles-Hokkaido_Nippon-Ham_Fighters,2026-08-09 14:00:00,2026,Tohoku Rakuten Golden Eagles,Hokkaido Nippon-Ham Fighters,0.0,1.0,Final,エスコンＦ
20260809-Tokyo_Yakult_Swallows-Yomiuri_Giants,2026-08-09 14:00:00,2026,Tokyo Yakult Swallows,Yomiuri Giants,3.0,7.0,Final,東京ドーム
20260809-Fukuoka_SoftBank_Hawks-Saitama_Seibu_Lions,2026-08-09 17:00:00,2026,Fukuoka SoftBank Hawks,Saitama Seibu Lions,5.0,0.0,Final,ベルーナドーム
20260809-Orix_Buffaloes-Chiba_Lotte_Marines,2026-08-09 17:00:00,2026,Orix Buffaloes,Chiba Lotte Marines,2.0,7.0,Final,ZOZOマリン
20260809-Chunichi_Dragons-Hanshin_Tigers,2026-08-09 18:00:00,2026,Chunichi Dragons,Hanshin Tigers,0.0,1.0,Final,京セラD大阪
20260809-Hiroshima_Toyo_Carp-Yokohama_DeNA_BayStars,2026-08-09 18:00:00,2026,Hiroshima Toyo Carp,Yokohama DeNA BayStars,0.0,3.0,Final,横 浜
20260811-Chiba_Lotte_Marines-Fukuoka_SoftBank_Hawks,2026-08-11 14:00:00,2026,Chiba Lotte Marines,Fukuoka SoftBank Hawks,2.0,16.0,Final,みずほPayPay
20260811-Hanshin_Tigers-Yomiuri_Giants,2026-08-11 14:00:00,2026,Hanshin Tigers,Yomiuri Giants,9.0,1.0,Final,東京ドーム
20260811-Saitama_Seibu_Lions-Hokkaido_Nippon-Ham_Fighters,2026-08-11 14:00:00,2026,Saitama Seibu Lions,Hokkaido Nippon-Ham Fighters,1.0,0.0,Final,エスコンＦ
20260811-Yokohama_DeNA_BayStars-Chunichi_Dragons,2026-08-11 14:00:00,2026,Yokohama DeNA BayStars,Chunichi Dragons,2.0,5.0,Final,バンテリンドーム
20260811-Hiroshima_Toyo_Carp-Tokyo_Yakult_Swallows,2026-08-11 18:00:00,2026,Hiroshima Toyo Carp,Tokyo Yakult Swallows,,,Postponed,神 宮
20260811-Orix_Buffaloes-Tohoku_Rakuten_Golden_Eagles,2026-08-11 18:00:00,2026,Orix Buffaloes,Tohoku Rakuten Golden Eagles,9.0,1.0,Final,楽天モバイル
20260812-Chiba_Lotte_Marines-Fukuoka_SoftBank_Hawks,2026-08-12 18:00:00,2026,Chiba Lotte Marines,Fukuoka SoftBank Hawks,4.0,10.0,Final,みずほPayPay
20260812-Hanshin_Tigers-Yomiuri_Giants,2026-08-12 18:00:00,2026,Hanshin Tigers,Yomiuri Giants,5.0,1.0,Final,東京ドーム
20260812-Hiroshima_Toyo_Carp-Tokyo_Yakult_Swallows,2026-08-12 18:00:00,2026,Hiroshima Toyo Carp,Tokyo Yakult Swallows,0.0,12.0,Final,神 宮
20260812-Orix_Buffaloes-Tohoku_Rakuten_Golden_Eagles,2026-08-12 18:00:00,2026,Orix Buffaloes,Tohoku Rakuten Golden Eagles,2.0,7.0,Final,楽天モバイル
20260812-Saitama_Seibu_Lions-Hokkaido_Nippon-Ham_Fighters,2026-08-12 18:00:00,2026,Saitama Seibu Lions,Hokkaido Nippon-Ham Fighters,5.0,2.0,Final,エスコンＦ
20260812-Yokohama_DeNA_BayStars-Chunichi_Dragons,2026-08-12 18:00:00,2026,Yokohama DeNA BayStars,Chunichi Dragons,6.0,3.0,Final,バンテリンドーム
20260813-Chiba_Lotte_Marines-Fukuoka_SoftBank_Hawks,2026-08-13 18:00:00,2026,Chiba Lotte Marines,Fukuoka SoftBank Hawks,4.0,3.0,Final,みずほPayPay
20260813-Hanshin_Tigers-Yomiuri_Giants,2026-08-13 18:00:00,2026,Hanshin Tigers,Yomiuri Giants,3.0,2.0,Final,東京ドーム
20260813-Hiroshima_Toyo_Carp-Tokyo_Yakult_Swallows,2026-08-13 18:00:00,2026,Hiroshima Toyo Carp,Tokyo Yakult Swallows,,,Postponed,神 宮
20260813-Orix_Buffaloes-Tohoku_Rakuten_Golden_Eagles,2026-08-13 18:00:00,2026,Orix Buffaloes,Tohoku Rakuten Golden Eagles,8.0,2.0,Final,楽天モバイル
20260813-Saitama_Seibu_Lions-Hokkaido_Nippon-Ham_Fighters,2026-08-13 18:00:00,2026,Saitama Seibu Lions,Hokkaido Nippon-Ham Fighters,2.0,8.0,Final,エスコンＦ
20260813-Yokohama_DeNA_BayStars-Chunichi_Dragons,2026-08-13 18:00:00,2026,Yokohama DeNA BayStars,Chunichi Dragons,5.0,1.0,Final,バンテリンドーム
20260814-Chiba_Lotte_Marines-Saitama_Seibu_Lions,2026-08-14 18:00:00,2026,Chiba Lotte Marines,Saitama Seibu Lions,0.0,7.0,Final,ベルーナドーム
20260814-Hanshin_Tigers-Hiroshima_Toyo_Carp,2026-08-14 18:00:00,2026,Hanshin Tigers,Hiroshima Toyo Carp,1.0,6.0,Final,マツダスタジアム
20260814-Hokkaido_Nippon-Ham_Fighters-Orix_Buffaloes,2026-08-14 18:00:00,2026,Hokkaido Nippon-Ham Fighters,Orix Buffaloes,2.0,6.0,Final,京セラD大阪
20260814-Tohoku_Rakuten_Golden_Eagles-Fukuoka_SoftBank_Hawks,2026-08-14 18:00:00,2026,Tohoku Rakuten Golden Eagles,Fukuoka SoftBank Hawks,5.0,2.0,Final,みずほPayPay
20260814-Yokohama_DeNA_BayStars-Tokyo_Yakult_Swallows,2026-08-14 18:00:00,2026,Yokohama DeNA BayStars,Tokyo Yakult Swallows,2.0,7.0,Final,神 宮
20260814-Yomiuri_Giants-Chunichi_Dragons,2026-08-14 18:00:00,2026,Yomiuri Giants,Chunichi Dragons,1.0,0.0,Final,バンテリンドーム
20260815-Hokkaido_Nippon-Ham_Fighters-Orix_Buffaloes,2026-08-15 14:00:00,2026,Hokkaido Nippon-Ham Fighters,Orix Buffaloes,12.0,4.0,Final,京セラD大阪
20260815-Tohoku_Rakuten_Golden_Eagles-Fukuoka_SoftBank_Hawks,2026-08-15 14:00:00,2026,Tohoku Rakuten Golden Eagles,Fukuoka SoftBank Hawks,6.0,4.0,Final,みずほPayPay
20260815-Yomiuri_Giants-Chunichi_Dragons,2026-08-15 14:00:00,2026,Yomiuri Giants,Chunichi Dragons,2.0,11.0,Final,バンテリンドーム
20260815-Chiba_Lotte_Marines-Saitama_Seibu_Lions,2026-08-15 17:00:00,2026,Chiba Lotte Marines,Saitama Seibu Lions,5.0,1.0,Final,ベルーナドーム
20260815-Hanshin_Tigers-Hiroshima_Toyo_Carp,2026-08-15 18:00:00,2026,Hanshin Tigers,Hiroshima Toyo Carp,2.0,5.0,Final,マツダスタジアム
20260815-Yokohama_DeNA_BayStars-Tokyo_Yakult_Swallows,2026-08-15 18:00:00,2026,Yokohama DeNA BayStars,Tokyo Yakult Swallows,3.0,4.0,Final,神 宮
20260816-Hokkaido_Nippon-Ham_Fighters-Orix_Buffaloes,2026-08-16 13:00:00,2026,Hokkaido Nippon-Ham Fighters,Orix Buffaloes,13.0,7.0,Final,京セラD大阪
20260816-Tohoku_Rakuten_Golden_Eagles-Fukuoka_SoftBank_Hawks,2026-08-16 13:00:00,2026,Tohoku Rakuten Golden Eagles,Fukuoka SoftBank Hawks,1.0,6.0,Final,みずほPayPay
20260816-Yomiuri_Giants-Chunichi_Dragons,2026-08-16 13:30:00,2026,Yomiuri Giants,Chunichi Dragons,11.0,0.0,Final,バンテリンドーム
20260816-Chiba_Lotte_Marines-Saitama_Seibu_Lions,2026-08-16 17:00:00,2026,Chiba Lotte Marines,Saitama Seibu Lions,1.0,7.0,Final,ベルーナドーム
20260816-Hanshin_Tigers-Hiroshima_Toyo_Carp,2026-08-16 18:00:00,2026,Hanshin Tigers,Hiroshima Toyo Carp,8.0,1.0,Final,マツダスタジアム
20260816-Yokohama_DeNA_BayStars-Tokyo_Yakult_Swallows,2026-08-16 18:00:00,2026,Yokohama DeNA BayStars,Tokyo Yakult Swallows,1.0,2.0,Final,神 宮
20260818-Fukuoka_SoftBank_Hawks-Hokkaido_Nippon-Ham_Fighters,2026-08-18 14:00:00,2026,Fukuoka SoftBank Hawks,Hokkaido Nippon-Ham Fighters,7.0,1.0,Final,エスコンＦ
20260818-Yomiuri_Giants-Yokohama_DeNA_BayStars,2026-08-18 17:45:00,2026,Yomiuri Giants,Yokohama DeNA BayStars,3.0,4.0,Final,横 浜
20260818-Chiba_Lotte_Marines-Tohoku_Rakuten_Golden_Eagles,2026-08-18 18:00:00,2026,Chiba Lotte Marines,Tohoku Rakuten Golden Eagles,2.0,6.0,Final,楽天モバイル
20260818-Chunichi_Dragons-Hiroshima_Toyo_Carp,2026-08-18 18:00:00,2026,Chunichi Dragons,Hiroshima Toyo Carp,4.0,11.0,Final,マツダスタジアム
20260818-Orix_Buffaloes-Saitama_Seibu_Lions,2026-08-18 18:00:00,2026,Orix Buffaloes,Saitama Seibu Lions,4.0,7.0,Final,東京ドーム
20260818-Tokyo_Yakult_Swallows-Hanshin_Tigers,2026-08-18 18:00:00,2026,Tokyo Yakult Swallows,Hanshin Tigers,2.0,3.0,Final,京セラD大阪
20260819-Fukuoka_SoftBank_Hawks-Hokkaido_Nippon-Ham_Fighters,2026-08-19 14:00:00,2026,Fukuoka SoftBank Hawks,Hokkaido Nippon-Ham Fighters,7.0,8.0,Final,エスコンＦ
20260819-Yomiuri_Giants-Yokohama_DeNA_BayStars,2026-08-19 17:45:00,2026,Yomiuri Giants,Yokohama DeNA BayStars,0.0,1.0,Final,横 浜
20260819-Chiba_Lotte_Marines-Tohoku_Rakuten_Golden_Eagles,2026-08-19 18:00:00,2026,Chiba Lotte Marines,Tohoku Rakuten Golden Eagles,2.0,5.0,Final,楽天モバイル
20260819-Chunichi_Dragons-Hiroshima_Toyo_Carp,2026-08-19 18:00:00,2026,Chunichi Dragons,Hiroshima Toyo Carp,1.0,4.0,Final,マツダスタジアム
20260819-Orix_Buffaloes-Saitama_Seibu_Lions,2026-08-19 18:00:00,2026,Orix Buffaloes,Saitama Seibu Lions,2.0,3.0,Final,ベルーナドーム
20260819-Tokyo_Yakult_Swallows-Hanshin_Tigers,2026-08-19 18:00:00,2026,Tokyo Yakult Swallows,Hanshin Tigers,1.0,2.0,Final,京セラD大阪
20260820-Fukuoka_SoftBank_Hawks-Hokkaido_Nippon-Ham_Fighters,2026-08-20 14:00:00,2026,Fukuoka SoftBank Hawks,Hokkaido Nippon-Ham Fighters,5.0,5.0,Final,エスコンＦ
20260820-Yomiuri_Giants-Yokohama_DeNA_BayStars,2026-08-20 17:45:00,2026,Yomiuri Giants,Yokohama DeNA BayStars,6.0,3.0,Final,横 浜
20260820-Chiba_Lotte_Marines-Tohoku_Rakuten_Golden_Eagles,2026-08-20 18:00:00,2026,Chiba Lotte Marines,Tohoku Rakuten Golden Eagles,4.0,3.0,Final,楽天モバイル
20260820-Chunichi_Dragons-Hiroshima_Toyo_Carp,2026-08-20 18:00:00,2026,Chunichi Dragons,Hiroshima Toyo Carp,1.0,2.0,Final,マツダスタジアム
20260820-Orix_Buffaloes-Saitama_Seibu_Lions,2026-08-20 18:00:00,2026,Orix Buffaloes,Saitama Seibu Lions,3.0,1.0,Final,ベルーナドーム
20260820-Tokyo_Yakult_Swallows-Hanshin_Tigers,2026-08-20 18:00:00,2026,Tokyo Yakult Swallows,Hanshin Tigers,4.0,1.0,Final,京セラD大阪
20260821-Hanshin_Tigers-Yokohama_DeNA_BayStars,2026-08-21 18:00:00,2026,Hanshin Tigers,Yokohama DeNA BayStars,4.0,1.0,Final,横 浜
20260821-Hiroshima_Toyo_Carp-Yomiuri_Giants,2026-08-21 18:00:00,2026,Hiroshima Toyo Carp,Yomiuri Giants,0.0,2.0,Final,東京ドーム
20260821-Hokkaido_Nippon-Ham_Fighters-Chiba_Lotte_Marines,2026-08-21 18:00:00,2026,Hokkaido Nippon-Ham Fighters,Chiba Lotte Marines,3.0,4.0,Final,ZOZOマリン
20260821-Saitama_Seibu_Lions-Tohoku_Rakuten_Golden_Eagles,2026-08-21 18:00:00,2026,Saitama Seibu Lions,Tohoku Rakuten Golden Eagles,6.0,4.0,Final,楽天モバイル
20260821-Tokyo_Yakult_Swallows-Chunichi_Dragons,2026-08-21 18:00:00,2026,Tokyo Yakult Swallows,Chunichi Dragons,0.0,3.0,Final,バンテリンドーム
20260822-Hiroshima_Toyo_Carp-Yomiuri_Giants,2026-08-22 14:00:00,2026,Hiroshima Toyo Carp,Yomiuri Giants,0.0,5.0,Final,東京ドーム
20260822-Orix_Buffaloes-Fukuoka_SoftBank_Hawks,2026-08-22 14:00:00,2026,Orix Buffaloes,Fukuoka SoftBank Hawks,1.0,7.0,Final,みずほPayPay
20260822-Tokyo_Yakult_Swallows-Chunichi_Dragons,2026-08-22 14:00:00,2026,Tokyo Yakult Swallows,Chunichi Dragons,4.0,5.0,Final,バンテリンドーム
20260822-Hanshin_Tigers-Yokohama_DeNA_BayStars,2026-08-22 18:00:00,2026,Hanshin Tigers,Yokohama DeNA BayStars,,,Postponed,横 浜
20260822-Hokkaido_Nippon-Ham_Fighters-Chiba_Lotte_Marines,2026-08-22 18:00:00,2026,Hokkaido Nippon-Ham Fighters,Chiba Lotte Marines,,,Postponed,ZOZOマリン
20260822-Saitama_Seibu_Lions-Tohoku_Rakuten_Golden_Eagles,2026-08-22 18:00:00,2026,Saitama Seibu Lions,Tohoku Rakuten Golden Eagles,2.0,0.0,Final,楽天モバイル
20260823-Orix_Buffaloes-Fukuoka_SoftBank_Hawks,2026-08-23 13:00:00,2026,Orix Buffaloes,Fukuoka SoftBank Hawks,3.0,0.0,Final,みずほPayPay
20260823-Tokyo_Yakult_Swallows-Chunichi_Dragons,2026-08-23 13:30:00,2026,Tokyo Yakult Swallows,Chunichi Dragons,2.0,3.0,Final,バンテリンドーム
20260823-Hiroshima_Toyo_Carp-Yomiuri_Giants,2026-08-23 14:00:00,2026,Hiroshima Toyo Carp,Yomiuri Giants,3.0,2.0,Final,東京ドーム
20260823-Saitama_Seibu_Lions-Tohoku_Rakuten_Golden_Eagles,2026-08-23 16:00:00,2026,Saitama Seibu Lions,Tohoku Rakuten Golden Eagles,3.0,1.0,Final,楽天モバイル
20260823-Hokkaido_Nippon-Ham_Fighters-Chiba_Lotte_Marines,2026-08-23 17:00:00,2026,Hokkaido Nippon-Ham Fighters,Chiba Lotte Marines,2.0,3.0,Final,ZOZOマリン
20260823-Hanshin_Tigers-Yokohama_DeNA_BayStars,2026-08-23 18:00:00,2026,Hanshin Tigers,Yokohama DeNA BayStars,5.0,3.0,Final,横 浜
20260825-Fukuoka_SoftBank_Hawks-Chiba_Lotte_Marines,2026-08-25 18:00:00,2026,Fukuoka SoftBank Hawks,Chiba Lotte Marines,9.0,0.0,Final,ZOZOマリン
20260825-Hanshin_Tigers-Chunichi_Dragons,2026-08-25 18:00:00,2026,Hanshin Tigers,Chunichi Dragons,2.0,4.0,Final,バンテリンドーム
20260825-Hokkaido_Nippon-Ham_Fighters-Saitama_Seibu_Lions,2026-08-25 18:00:00,2026,Hokkaido Nippon-Ham Fighters,Saitama Seibu Lions,1.0,3.0,Final,ベルーナドーム
20260825-Tohoku_Rakuten_Golden_Eagles-Orix_Buffaloes,2026-08-25 18:00:00,2026,Tohoku Rakuten Golden Eagles,Orix Buffaloes,5.0,1.0,Final,京セラD大阪
20260825-Yokohama_DeNA_BayStars-Hiroshima_Toyo_Carp,2026-08-25 18:00:00,2026,Yokohama DeNA BayStars,Hiroshima Toyo Carp,7.0,8.0,Final,マツダスタジアム
20260825-Yomiuri_Giants-Tokyo_Yakult_Swallows,2026-08-25 18:00:00,2026,Yomiuri Giants,Tokyo Yakult Swallows,8.0,6.0,Final,神 宮
20260826-Fukuoka_SoftBank_Hawks-Chiba_Lotte_Marines,2026-08-26 18:00:00,2026,Fukuoka SoftBank Hawks,Chiba Lotte Marines,5.0,6.0,Final,ZOZOマリン
20260826-Hanshin_Tigers-Chunichi_Dragons,2026-08-26 18:00:00,2026,Hanshin Tigers,Chunichi Dragons,0.0,4.0,Final,バンテリンドーム
20260826-Hokkaido_Nippon-Ham_Fighters-Saitama_Seibu_Lions,2026-08-26 18:00:00,2026,Hokkaido Nippon-Ham Fighters,Saitama Seibu Lions,9.0,1.0,Final,ベルーナドーム
20260826-Tohoku_Rakuten_Golden_Eagles-Orix_Buffaloes,2026-08-26 18:00:00,2026,Tohoku Rakuten Golden Eagles,Orix Buffaloes,5.0,7.0,Final,京セラD大阪
20260826-Yokohama_DeNA_BayStars-Hiroshima_Toyo_Carp,2026-08-26 18:00:00,2026,Yokohama DeNA BayStars,Hiroshima Toyo Carp,2.0,3.0,Final,マツダスタジアム
20260826-Yomiuri_Giants-Tokyo_Yakult_Swallows,2026-08-26 18:00:00,2026,Yomiuri Giants,Tokyo Yakult Swallows,5.0,3.0,Final,神 宮
20260827-Fukuoka_SoftBank_Hawks-Chiba_Lotte_Marines,2026-08-27 18:00:00,2026,Fukuoka SoftBank Hawks,Chiba Lotte Marines,4.0,2.0,Final,ZOZOマリン
20260827-Hanshin_Tigers-Chunichi_Dragons,2026-08-27 18:00:00,2026,Hanshin Tigers,Chunichi Dragons,4.0,3.0,Final,バンテリンドーム
20260827-Tohoku_Rakuten_Golden_Eagles-Orix_Buffaloes,2026-08-27 18:00:00,2026,Tohoku Rakuten Golden Eagles,Orix Buffaloes,12.0,4.0,Final,京セラD大阪
20260827-Yokohama_DeNA_BayStars-Hiroshima_Toyo_Carp,2026-08-27 18:00:00,2026,Yokohama DeNA BayStars,Hiroshima Toyo Carp,6.0,1.0,Final,マツダスタジアム
20260827-Yomiuri_Giants-Tokyo_Yakult_Swallows,2026-08-27 18:00:00,2026,Yomiuri Giants,Tokyo Yakult Swallows,9.0,2.0,Final,神 宮
20260828-Chiba_Lotte_Marines-Hokkaido_Nippon-Ham_Fighters,2026-08-28 18:00:00,2026,Chiba Lotte Marines,Hokkaido Nippon-Ham Fighters,4.0,6.0,Final,エスコンＦ
20260828-Chunichi_Dragons-Yokohama_DeNA_BayStars,2026-08-28 18:00:00,2026,Chunichi Dragons,Yokohama DeNA BayStars,2.0,4.0,Final,横 浜
20260828-Fukuoka_SoftBank_Hawks-Orix_Buffaloes,2026-08-28 18:00:00,2026,Fukuoka SoftBank Hawks,Orix Buffaloes,2.0,0.0,Final,京セラD大阪
20260828-Tohoku_Rakuten_Golden_Eagles-Saitama_Seibu_Lions,2026-08-28 18:00:00,2026,Tohoku Rakuten Golden Eagles,Saitama Seibu Lions,4.0,8.0,Final,ベルーナドーム
20260828-Tokyo_Yakult_Swallows-Hiroshima_Toyo_Carp,2026-08-28 18:00:00,2026,Tokyo Yakult Swallows,Hiroshima Toyo Carp,3.0,1.0,Final,マツダスタジアム
20260828-Yomiuri_Giants-Hanshin_Tigers,2026-08-28 18:00:00,2026,Yomiuri Giants,Hanshin Tigers,1.0,4.0,Final,甲子園
20260829-Chiba_Lotte_Marines-Hokkaido_Nippon-Ham_Fighters,2026-08-29 14:00:00,2026,Chiba Lotte Marines,Hokkaido Nippon-Ham Fighters,7.0,9.0,Final,エスコンＦ
20260829-Tohoku_Rakuten_Golden_Eagles-Saitama_Seibu_Lions,2026-08-29 17:00:00,2026,Tohoku Rakuten Golden Eagles,Saitama Seibu Lions,0.0,1.0,Final,ベルーナドーム
20260829-Chunichi_Dragons-Yokohama_DeNA_BayStars,2026-08-29 18:00:00,2026,Chunichi Dragons,Yokohama DeNA BayStars,0.0,1.0,Final,横 浜
20260829-Fukuoka_SoftBank_Hawks-Orix_Buffaloes,2026-08-29 18:00:00,2026,Fukuoka SoftBank Hawks,Orix Buffaloes,3.0,4.0,Final,京セラD大阪
20260829-Tokyo_Yakult_Swallows-Hiroshima_Toyo_Carp,2026-08-29 18:00:00,2026,Tokyo Yakult Swallows,Hiroshima Toyo Carp,9.0,1.0,Final,マツダスタジアム
20260829-Yomiuri_Giants-Hanshin_Tigers,2026-08-29 18:00:00,2026,Yomiuri Giants,Hanshin Tigers,1.0,4.0,Final,甲子園
20260830-Chiba_Lotte_Marines-Hokkaido_Nippon-Ham_Fighters,2026-08-30 13:00:00,2026,Chiba Lotte Marines,Hokkaido Nippon-Ham Fighters,4.0,5.0,Final,エスコンＦ
20260830-Fukuoka_SoftBank_Hawks-Orix_Buffaloes,2026-08-30 14:00:00,2026,Fukuoka SoftBank Hawks,Orix Buffaloes,6.0,3.0,Final,京セラD大阪
20260830-Tohoku_Rakuten_Golden_Eagles-Saitama_Seibu_Lions,2026-08-30 17:00:00,2026,Tohoku Rakuten Golden Eagles,Saitama Seibu Lions,1.0,4.0,Final,ベルーナドーム
20260830-Chunichi_Dragons-Yokohama_DeNA_BayStars,2026-08-30 18:00:00,2026,Chunichi Dragons,Yokohama DeNA BayStars,3.0,4.0,Final,横 浜
20260830-Tokyo_Yakult_Swallows-Hiroshima_Toyo_Carp,2026-08-30 18:00:00,2026,Tokyo Yakult Swallows,Hiroshima Toyo Carp,1.0,5.0,Final,マツダスタジアム
20260830-Yomiuri_Giants-Hanshin_Tigers,2026-08-30 18:00:00,2026,Yomiuri Giants,Hanshin Tigers,1.0,3.0,Final,甲子園
20260901-Fukuoka_SoftBank_Hawks-Hokkaido_Nippon-Ham_Fighters,2026-09-01 18:00:00,2026,Fukuoka SoftBank Hawks,Hokkaido Nippon-Ham Fighters,1.0,2.0,Final,エスコンＦ
20260901-Hanshin_Tigers-Tokyo_Yakult_Swallows,2026-09-01 18:00:00,2026,Hanshin Tigers,Tokyo Yakult Swallows,6.0,2.0,Final,神 宮
20260901-Hiroshima_Toyo_Carp-Chunichi_Dragons,2026-09-01 18:00:00,2026,Hiroshima Toyo Carp,Chunichi Dragons,5.0,1.0,Final,バンテリンドーム
20260901-Orix_Buffaloes-Tohoku_Rakuten_Golden_Eagles,2026-09-01 18:00:00,2026,Orix Buffaloes,Tohoku Rakuten Golden Eagles,1.0,5.0,Final,秋 田
20260901-Saitama_Seibu_Lions-Chiba_Lotte_Marines,2026-09-01 18:00:00,2026,Saitama Seibu Lions,Chiba Lotte Marines,0.0,1.0,Final,ZOZOマリン
20260901-Yokohama_DeNA_BayStars-Yomiuri_Giants,2026-09-01 18:00:00,2026,Yokohama DeNA BayStars,Yomiuri Giants,3.0,4.0,Final,京セラD大阪
20260902-Fukuoka_SoftBank_Hawks-Hokkaido_Nippon-Ham_Fighters,2026-09-02 18:00:00,2026,Fukuoka SoftBank Hawks,Hokkaido Nippon-Ham Fighters,1.0,1.0,Final,エスコンＦ
20260902-Hanshin_Tigers-Tokyo_Yakult_Swallows,2026-09-02 18:00:00,2026,Hanshin Tigers,Tokyo Yakult Swallows,3.0,5.0,Final,神 宮
20260902-Hiroshima_Toyo_Carp-Chunichi_Dragons,2026-09-02 18:00:00,2026,Hiroshima Toyo Carp,Chunichi Dragons,4.0,5.0,Final,バンテリンドーム
20260902-Orix_Buffaloes-Tohoku_Rakuten_Golden_Eagles,2026-09-02 18:00:00,2026,Orix Buffaloes,Tohoku Rakuten Golden Eagles,0.0,4.0,Final,盛 岡
20260902-Yokohama_DeNA_BayStars-Yomiuri_Giants,2026-09-02 18:00:00,2026,Yokohama DeNA BayStars,Yomiuri Giants,2.0,1.0,Final,京セラD大阪
20260903-Hanshin_Tigers-Tokyo_Yakult_Swallows,2026-09-03 18:00:00,2026,Hanshin Tigers,Tokyo Yakult Swallows,7.0,4.0,Final,神 宮
20260903-Hiroshima_Toyo_Carp-Chunichi_Dragons,2026-09-03 18:00:00,2026,Hiroshima Toyo Carp,Chunichi Dragons,5.0,2.0,Final,バンテリンドーム
20260904-Chiba_Lotte_Marines-Orix_Buffaloes,2026-09-04 18:00:00,2026,Chiba Lotte Marines,Orix Buffaloes,1.0,3.0,Final,京セラD大阪
20260904-Chunichi_Dragons-Tokyo_Yakult_Swallows,2026-09-04 18:00:00,2026,Chunichi Dragons,Tokyo Yakult Swallows,1.0,1.0,Final,神 宮
20260904-Hokkaido_Nippon-Ham_Fighters-Tohoku_Rakuten_Golden_Eagles,2026-09-04 18:00:00,2026,Hokkaido Nippon-Ham Fighters,Tohoku Rakuten Golden Eagles,5.0,2.0,Final,楽天モバイル
20260904-Saitama_Seibu_Lions-Fukuoka_SoftBank_Hawks,2026-09-04 18:00:00,2026,Saitama Seibu Lions,Fukuoka SoftBank Hawks,2.0,8.0,Final,みずほPayPay
20260904-Yomiuri_Giants-Hiroshima_Toyo_Carp,2026-09-04 18:00:00,2026,Yomiuri Giants,Hiroshima Toyo Carp,3.0,1.0,Final,マツダスタジアム
20260905-Chiba_Lotte_Marines-Orix_Buffaloes,2026-09-05 14:00:00,2026,Chiba Lotte Marines,Orix Buffaloes,,,Scheduled,京セラD大阪
20260905-Saitama_Seibu_Lions-Fukuoka_SoftBank_Hawks,2026-09-05 14:00:00,2026,Saitama Seibu Lions,Fukuoka SoftBank Hawks,,,Scheduled,みずほPayPay
20260905-Chunichi_Dragons-Tokyo_Yakult_Swallows,2026-09-05 18:00:00,2026,Chunichi Dragons,Tokyo Yakult Swallows,,,Scheduled,神 宮
20260905-Hokkaido_Nippon-Ham_Fighters-Tohoku_Rakuten_Golden_Eagles,2026-09-05 18:00:00,2026,Hokkaido Nippon-Ham Fighters,Tohoku Rakuten Golden Eagles,,,Scheduled,楽天モバイル
20260905-Yokohama_DeNA_BayStars-Hanshin_Tigers,2026-09-05 18:00:00,2026,Yokohama DeNA BayStars,Hanshin Tigers,,,Scheduled,甲子園
20260905-Yomiuri_Giants-Hiroshima_Toyo_Carp,2026-09-05 18:00:00,2026,Yomiuri Giants,Hiroshima Toyo Carp,,,Scheduled,マツダスタジアム
20260906-Chiba_Lotte_Marines-Orix_Buffaloes,2026-09-06 13:00:00,2026,Chiba Lotte Marines,Orix Buffaloes,,,Scheduled,京セラD大阪
20260906-Saitama_Seibu_Lions-Fukuoka_SoftBank_Hawks,2026-09-06 13:00:00,2026,Saitama Seibu Lions,Fukuoka SoftBank Hawks,,,Scheduled,みずほPayPay
20260906-Hokkaido_Nippon-Ham_Fighters-Tohoku_Rakuten_Golden_Eagles,2026-09-06 16:00:00,2026,Hokkaido Nippon-Ham Fighters,Tohoku Rakuten Golden Eagles,,,Scheduled,楽天モバイル
20260906-Chunichi_Dragons-Tokyo_Yakult_Swallows,2026-09-06 17:00:00,2026,Chunichi Dragons,Tokyo Yakult Swallows,,,Scheduled,神 宮
20260906-Yokohama_DeNA_BayStars-Hanshin_Tigers,2026-09-06 18:00:00,2026,Yokohama DeNA BayStars,Hanshin Tigers,,,Scheduled,甲子園
20260906-Yomiuri_Giants-Hiroshima_Toyo_Carp,2026-09-06 18:00:00,2026,Yomiuri Giants,Hiroshima Toyo Carp,,,Scheduled,マツダスタジアム
20260908-Chunichi_Dragons-Yomiuri_Giants,2026-09-08 18:00:00,2026,Chunichi Dragons,Yomiuri Giants,,,Scheduled,東京ドーム
20260908-Hiroshima_Toyo_Carp-Hanshin_Tigers,2026-09-08 18:00:00,2026,Hiroshima Toyo Carp,Hanshin Tigers,,,Scheduled,甲子園
20260908-Hokkaido_Nippon-Ham_Fighters-Fukuoka_SoftBank_Hawks,2026-09-08 18:00:00,2026,Hokkaido Nippon-Ham Fighters,Fukuoka SoftBank Hawks,,,Scheduled,みずほPayPay
20260908-Saitama_Seibu_Lions-Orix_Buffaloes,2026-09-08 18:00:00,2026,Saitama Seibu Lions,Orix Buffaloes,,,Scheduled,京セラD大阪
20260908-Tohoku_Rakuten_Golden_Eagles-Chiba_Lotte_Marines,2026-09-08 18:00:00,2026,Tohoku Rakuten Golden Eagles,Chiba Lotte Marines,,,Scheduled,ZOZOマリン
20260908-Tokyo_Yakult_Swallows-Yokohama_DeNA_BayStars,2026-09-08 18:00:00,2026,Tokyo Yakult Swallows,Yokohama DeNA BayStars,,,Scheduled,横 浜
20260909-Chunichi_Dragons-Yomiuri_Giants,2026-09-09 18:00:00,2026,Chunichi Dragons,Yomiuri Giants,,,Scheduled,東京ドーム
20260909-Hiroshima_Toyo_Carp-Hanshin_Tigers,2026-09-09 18:00:00,2026,Hiroshima Toyo Carp,Hanshin Tigers,,,Scheduled,甲子園
20260909-Hokkaido_Nippon-Ham_Fighters-Fukuoka_SoftBank_Hawks,2026-09-09 18:00:00,2026,Hokkaido Nippon-Ham Fighters,Fukuoka SoftBank Hawks,,,Scheduled,みずほPayPay
20260909-Saitama_Seibu_Lions-Orix_Buffaloes,2026-09-09 18:00:00,2026,Saitama Seibu Lions,Orix Buffaloes,,,Scheduled,ほっと神戸
20260909-Tohoku_Rakuten_Golden_Eagles-Chiba_Lotte_Marines,2026-09-09 18:00:00,2026,Tohoku Rakuten Golden Eagles,Chiba Lotte Marines,,,Scheduled,ZOZOマリン
20260909-Tokyo_Yakult_Swallows-Yokohama_DeNA_BayStars,2026-09-09 18:00:00,2026,Tokyo Yakult Swallows,Yokohama DeNA BayStars,,,Scheduled,横 浜
20260910-Chunichi_Dragons-Yomiuri_Giants,2026-09-10 18:00:00,2026,Chunichi Dragons,Yomiuri Giants,,,Scheduled,東京ドーム
20260910-Hiroshima_Toyo_Carp-Hanshin_Tigers,2026-09-10 18:00:00,2026,Hiroshima Toyo Carp,Hanshin Tigers,,,Scheduled,甲子園
20260910-Hokkaido_Nippon-Ham_Fighters-Fukuoka_SoftBank_Hawks,2026-09-10 18:00:00,2026,Hokkaido Nippon-Ham Fighters,Fukuoka SoftBank Hawks,,,Scheduled,みずほPayPay
20260910-Saitama_Seibu_Lions-Orix_Buffaloes,2026-09-10 18:00:00,2026,Saitama Seibu Lions,Orix Buffaloes,,,Scheduled,ほっと神戸
20260910-Tohoku_Rakuten_Golden_Eagles-Chiba_Lotte_Marines,2026-09-10 18:00:00,2026,Tohoku Rakuten Golden Eagles,Chiba Lotte Marines,,,Scheduled,ZOZOマリン
20260910-Tokyo_Yakult_Swallows-Yokohama_DeNA_BayStars,2026-09-10 18:00:00,2026,Tokyo Yakult Swallows,Yokohama DeNA BayStars,,,Scheduled,横 浜
20260911-Chiba_Lotte_Marines-Fukuoka_SoftBank_Hawks,2026-09-11 18:00:00,2026,Chiba Lotte Marines,Fukuoka SoftBank Hawks,,,Scheduled,みずほPayPay
20260911-Saitama_Seibu_Lions-Orix_Buffaloes,2026-09-11 18:00:00,2026,Saitama Seibu Lions,Orix Buffaloes,,,Scheduled,京セラD大阪
20260911-Yokohama_DeNA_BayStars-Hiroshima_Toyo_Carp,2026-09-11 18:00:00,2026,Yokohama DeNA BayStars,Hiroshima Toyo Carp,,,Scheduled,マツダスタジアム
20260912-Chiba_Lotte_Marines-Fukuoka_SoftBank_Hawks,2026-09-12 14:00:00,2026,Chiba Lotte Marines,Fukuoka SoftBank Hawks,,,Scheduled,みずほPayPay
20260912-Hanshin_Tigers-Yomiuri_Giants,2026-09-12 14:00:00,2026,Hanshin Tigers,Yomiuri Giants,,,Scheduled,東京ドーム
20260912-Tohoku_Rakuten_Golden_Eagles-Orix_Buffaloes,2026-09-12 14:00:00,2026,Tohoku Rakuten Golden Eagles,Orix Buffaloes,,,Scheduled,京セラD大阪
20260912-Tokyo_Yakult_Swallows-Chunichi_Dragons,2026-09-12 14:00:00,2026,Tokyo Yakult Swallows,Chunichi Dragons,,,Scheduled,バンテリンドーム
20260912-Yokohama_DeNA_BayStars-Hiroshima_Toyo_Carp,2026-09-12 14:00:00,2026,Yokohama DeNA BayStars,Hiroshima Toyo Carp,,,Scheduled,マツダスタジアム
20260912-Hokkaido_Nippon-Ham_Fighters-Saitama_Seibu_Lions,2026-09-12 18:00:00,2026,Hokkaido Nippon-Ham Fighters,Saitama Seibu Lions,,,Scheduled,ベルーナドーム
20260913-Chiba_Lotte_Marines-Fukuoka_SoftBank_Hawks,2026-09-13 13:30:00,2026,Chiba Lotte Marines,Fukuoka SoftBank Hawks,,,Scheduled,みずほPayPay
20260913-Hokkaido_Nippon-Ham_Fighters-Saitama_Seibu_Lions,2026-09-13 17:00:00,2026,Hokkaido Nippon-Ham Fighters,Saitama Seibu Lions,,,Scheduled,ベルーナドーム
20260913-Chunichi_Dragons-Hanshin_Tigers,2026-09-13 18:00:00,2026,Chunichi Dragons,Hanshin Tigers,,,Scheduled,甲子園
20260913-Hiroshima_Toyo_Carp-Tokyo_Yakult_Swallows,2026-09-13 18:00:00,2026,Hiroshima Toyo Carp,Tokyo Yakult Swallows,,,Scheduled,神 宮
20260913-Yomiuri_Giants-Yokohama_DeNA_BayStars,2026-09-13 18:00:00,2026,Yomiuri Giants,Yokohama DeNA BayStars,,,Scheduled,横 浜
20260914-Chunichi_Dragons-Hanshin_Tigers,2026-09-14 18:00:00,2026,Chunichi Dragons,Hanshin Tigers,,,Scheduled,甲子園
20260914-Hiroshima_Toyo_Carp-Tokyo_Yakult_Swallows,2026-09-14 18:00:00,2026,Hiroshima Toyo Carp,Tokyo Yakult Swallows,,,Scheduled,神 宮
20260914-Yomiuri_Giants-Yokohama_DeNA_BayStars,2026-09-14 18:00:00,2026,Yomiuri Giants,Yokohama DeNA BayStars,,,Scheduled,横 浜
20260915-Chiba_Lotte_Marines-Hokkaido_Nippon-Ham_Fighters,2026-09-15 18:00:00,2026,Chiba Lotte Marines,Hokkaido Nippon-Ham Fighters,,,Scheduled,エスコンＦ
20260915-Chunichi_Dragons-Hanshin_Tigers,2026-09-15 18:00:00,2026,Chunichi Dragons,Hanshin Tigers,,,Scheduled,甲子園
20260915-Fukuoka_SoftBank_Hawks-Orix_Buffaloes,2026-09-15 18:00:00,2026,Fukuoka SoftBank Hawks,Orix Buffaloes,,,Scheduled,京セラD大阪
20260915-Hiroshima_Toyo_Carp-Tokyo_Yakult_Swallows,2026-09-15 18:00:00,2026,Hiroshima Toyo Carp,Tokyo Yakult Swallows,,,Scheduled,神 宮
20260915-Saitama_Seibu_Lions-Tohoku_Rakuten_Golden_Eagles,2026-09-15 18:00:00,2026,Saitama Seibu Lions,Tohoku Rakuten Golden Eagles,,,Scheduled,楽天モバイル
20260915-Yomiuri_Giants-Yokohama_DeNA_BayStars,2026-09-15 18:00:00,2026,Yomiuri Giants,Yokohama DeNA BayStars,,,Scheduled,横 浜
20260916-Fukuoka_SoftBank_Hawks-Orix_Buffaloes,2026-09-16 18:00:00,2026,Fukuoka SoftBank Hawks,Orix Buffaloes,,,Scheduled,京セラD大阪
20260916-Tohoku_Rakuten_Golden_Eagles-Chiba_Lotte_Marines,2026-09-16 18:00:00,2026,Tohoku Rakuten Golden Eagles,Chiba Lotte Marines,,,Scheduled,ZOZOマリン
20260917-Fukuoka_SoftBank_Hawks-Orix_Buffaloes,2026-09-17 18:00:00,2026,Fukuoka SoftBank Hawks,Orix Buffaloes,,,Scheduled,京セラD大阪
20260917-Hiroshima_Toyo_Carp-Hanshin_Tigers,2026-09-17 18:00:00,2026,Hiroshima Toyo Carp,Hanshin Tigers,,,Scheduled,甲子園
20260917-Saitama_Seibu_Lions-Hokkaido_Nippon-Ham_Fighters,2026-09-17 18:00:00,2026,Saitama Seibu Lions,Hokkaido Nippon-Ham Fighters,,,Scheduled,エスコンＦ
20260917-Tohoku_Rakuten_Golden_Eagles-Chiba_Lotte_Marines,2026-09-17 18:00:00,2026,Tohoku Rakuten Golden Eagles,Chiba Lotte Marines,,,Scheduled,ZOZOマリン
20260917-Yokohama_DeNA_BayStars-Tokyo_Yakult_Swallows,2026-09-17 18:00:00,2026,Yokohama DeNA BayStars,Tokyo Yakult Swallows,,,Scheduled,神 宮
20260918-Chunichi_Dragons-Yomiuri_Giants,2026-09-18 18:00:00,2026,Chunichi Dragons,Yomiuri Giants,,,Scheduled,東京ドーム
20260918-Hiroshima_Toyo_Carp-Hanshin_Tigers,2026-09-18 18:00:00,2026,Hiroshima Toyo Carp,Hanshin Tigers,,,Scheduled,甲子園
20260918-Tokyo_Yakult_Swallows-Yokohama_DeNA_BayStars,2026-09-18 18:00:00,2026,Tokyo Yakult Swallows,Yokohama DeNA BayStars,,,Scheduled,横 浜
20260919-Chunichi_Dragons-Yomiuri_Giants,2026-09-19 14:00:00,2026,Chunichi Dragons,Yomiuri Giants,,,Scheduled,東京ドーム
20260919-Fukuoka_SoftBank_Hawks-Tohoku_Rakuten_Golden_Eagles,2026-09-19 14:00:00,2026,Fukuoka SoftBank Hawks,Tohoku Rakuten Golden Eagles,,,Scheduled,楽天モバイル
20260919-Orix_Buffaloes-Hokkaido_Nippon-Ham_Fighters,2026-09-19 14:00:00,2026,Orix Buffaloes,Hokkaido Nippon-Ham Fighters,,,Scheduled,エスコンＦ
20260919-Hiroshima_Toyo_Carp-Hanshin_Tigers,2026-09-19 18:00:00,2026,Hiroshima Toyo Carp,Hanshin Tigers,,,Scheduled,甲子園
20260919-Saitama_Seibu_Lions-Chiba_Lotte_Marines,2026-09-19 18:00:00,2026,Saitama Seibu Lions,Chiba Lotte Marines,,,Scheduled,ZOZOマリン
20260919-Tokyo_Yakult_Swallows-Yokohama_DeNA_BayStars,2026-09-19 18:00:00,2026,Tokyo Yakult Swallows,Yokohama DeNA BayStars,,,Scheduled,横 浜
20260920-Fukuoka_SoftBank_Hawks-Tohoku_Rakuten_Golden_Eagles,2026-09-20 14:00:00,2026,Fukuoka SoftBank Hawks,Tohoku Rakuten Golden Eagles,,,Scheduled,楽天モバイル
20260920-Orix_Buffaloes-Hokkaido_Nippon-Ham_Fighters,2026-09-20 14:00:00,2026,Orix Buffaloes,Hokkaido Nippon-Ham Fighters,,,Scheduled,エスコンＦ
20260920-Tokyo_Yakult_Swallows-Yomiuri_Giants,2026-09-20 14:00:00,2026,Tokyo Yakult Swallows,Yomiuri Giants,,,Scheduled,東京ドーム
20260920-Hiroshima_Toyo_Carp-Chunichi_Dragons,2026-09-20 18:00:00,2026,Hiroshima Toyo Carp,Chunichi Dragons,,,Scheduled,バンテリンドーム
20260920-Saitama_Seibu_Lions-Chiba_Lotte_Marines,2026-09-20 18:00:00,2026,Saitama Seibu Lions,Chiba Lotte Marines,,,Scheduled,ZOZOマリン
20260920-Yokohama_DeNA_BayStars-Hanshin_Tigers,2026-09-20 18:00:00,2026,Yokohama DeNA BayStars,Hanshin Tigers,,,Scheduled,甲子園
20260921-Fukuoka_SoftBank_Hawks-Tohoku_Rakuten_Golden_Eagles,2026-09-21 13:00:00,2026,Fukuoka SoftBank Hawks,Tohoku Rakuten Golden Eagles,,,Scheduled,楽天モバイル
20260921-Hiroshima_Toyo_Carp-Chunichi_Dragons,2026-09-21 14:00:00,2026,Hiroshima Toyo Carp,Chunichi Dragons,,,Scheduled,バンテリンドーム
20260921-Orix_Buffaloes-Hokkaido_Nippon-Ham_Fighters,2026-09-21 14:00:00,2026,Orix Buffaloes,Hokkaido Nippon-Ham Fighters,,,Scheduled,エスコンＦ
20260921-Yokohama_DeNA_BayStars-Hanshin_Tigers,2026-09-21 14:00:00,2026,Yokohama DeNA BayStars,Hanshin Tigers,,,Scheduled,甲子園
20260921-Saitama_Seibu_Lions-Chiba_Lotte_Marines,2026-09-21 18:00:00,2026,Saitama Seibu Lions,Chiba Lotte Marines,,,Scheduled,ZOZOマリン
20260922-Yomiuri_Giants-Hiroshima_Toyo_Carp,2026-09-22 15:00:00,2026,Yomiuri Giants,Hiroshima Toyo Carp,,,Scheduled,マツダスタジアム
20260922-Chunichi_Dragons-Yokohama_DeNA_BayStars,2026-09-22 18:00:00,2026,Chunichi Dragons,Yokohama DeNA BayStars,,,Scheduled,横 浜
20260922-Hanshin_Tigers-Tokyo_Yakult_Swallows,2026-09-22 18:00:00,2026,Hanshin Tigers,Tokyo Yakult Swallows,,,Scheduled,神 宮
20260922-Orix_Buffaloes-Chiba_Lotte_Marines,2026-09-22 18:00:00,2026,Orix Buffaloes,Chiba Lotte Marines,,,Scheduled,ZOZOマリン
20260922-Saitama_Seibu_Lions-Fukuoka_SoftBank_Hawks,2026-09-22 18:00:00,2026,Saitama Seibu Lions,Fukuoka SoftBank Hawks,,,Scheduled,みずほPayPay
20260922-Tohoku_Rakuten_Golden_Eagles-Hokkaido_Nippon-Ham_Fighters,2026-09-22 18:00:00,2026,Tohoku Rakuten Golden Eagles,Hokkaido Nippon-Ham Fighters,,,Scheduled,エスコンＦ
20260923-Hanshin_Tigers-Tokyo_Yakult_Swallows,2026-09-23 14:00:00,2026,Hanshin Tigers,Tokyo Yakult Swallows,,,Scheduled,神 宮
20260923-Saitama_Seibu_Lions-Fukuoka_SoftBank_Hawks,2026-09-23 14:00:00,2026,Saitama Seibu Lions,Fukuoka SoftBank Hawks,,,Scheduled,みずほPayPay
20260923-Yomiuri_Giants-Hiroshima_Toyo_Carp,2026-09-23 15:00:00,2026,Yomiuri Giants,Hiroshima Toyo Carp,,,Scheduled,マツダスタジアム
20260923-Orix_Buffaloes-Chiba_Lotte_Marines,2026-09-23 17:00:00,2026,Orix Buffaloes,Chiba Lotte Marines,,,Scheduled,ZOZOマリン
20260923-Chunichi_Dragons-Yokohama_DeNA_BayStars,2026-09-23 18:00:00,2026,Chunichi Dragons,Yokohama DeNA BayStars,,,Scheduled,横 浜
20260923-Tohoku_Rakuten_Golden_Eagles-Hokkaido_Nippon-Ham_Fighters,2026-09-23 18:00:00,2026,Tohoku Rakuten Golden Eagles,Hokkaido Nippon-Ham Fighters,,,Scheduled,エスコンＦ
20260924-Tohoku_Rakuten_Golden_Eagles-Hokkaido_Nippon-Ham_Fighters,2026-09-24 18:00:00,2026,Tohoku Rakuten Golden Eagles,Hokkaido Nippon-Ham Fighters,,,Scheduled,エスコンＦ
20260924-Yomiuri_Giants-Hiroshima_Toyo_Carp,2026-09-24 18:00:00,2026,Yomiuri Giants,Hiroshima Toyo Carp,,,Scheduled,マツダスタジアム
20260925-Chiba_Lotte_Marines-Saitama_Seibu_Lions,2026-09-25 18:00:00,2026,Chiba Lotte Marines,Saitama Seibu Lions,,,Scheduled,ベルーナドーム
20260925-Chunichi_Dragons-Tokyo_Yakult_Swallows,2026-09-25 18:00:00,2026,Chunichi Dragons,Tokyo Yakult Swallows,,,Scheduled,神 宮
20260925-Fukuoka_SoftBank_Hawks-Orix_Buffaloes,2026-09-25 18:00:00,2026,Fukuoka SoftBank Hawks,Orix Buffaloes,,,Scheduled,京セラD大阪
20260925-Hanshin_Tigers-Yokohama_DeNA_BayStars,2026-09-25 18:00:00,2026,Hanshin Tigers,Yokohama DeNA BayStars,,,Scheduled,横 浜
20260925-Yomiuri_Giants-Hiroshima_Toyo_Carp,2026-09-25 18:00:00,2026,Yomiuri Giants,Hiroshima Toyo Carp,,,Scheduled,マツダスタジアム
20260926-Chiba_Lotte_Marines-Saitama_Seibu_Lions,2026-09-26 14:00:00,2026,Chiba Lotte Marines,Saitama Seibu Lions,,,Scheduled,ベルーナドーム
20260926-Hanshin_Tigers-Yokohama_DeNA_BayStars,2026-09-26 14:00:00,2026,Hanshin Tigers,Yokohama DeNA BayStars,,,Scheduled,横 浜
20260926-Hokkaido_Nippon-Ham_Fighters-Orix_Buffaloes,2026-09-26 14:00:00,2026,Hokkaido Nippon-Ham Fighters,Orix Buffaloes,,,Scheduled,京セラD大阪
20260926-Chunichi_Dragons-Tokyo_Yakult_Swallows,2026-09-26 18:00:00,2026,Chunichi Dragons,Tokyo Yakult Swallows,,,Scheduled,神 宮
20260926-Tohoku_Rakuten_Golden_Eagles-Fukuoka_SoftBank_Hawks,2026-09-26 18:00:00,2026,Tohoku Rakuten Golden Eagles,Fukuoka SoftBank Hawks,,,Scheduled,みずほPayPay
20260927-Hiroshima_Toyo_Carp-Yokohama_DeNA_BayStars,2026-09-27 14:00:00,2026,Hiroshima Toyo Carp,Yokohama DeNA BayStars,,,Scheduled,横 浜
20260927-Orix_Buffaloes-Fukuoka_SoftBank_Hawks,2026-09-27 14:00:00,2026,Orix Buffaloes,Fukuoka SoftBank Hawks,,,Scheduled,みずほPayPay
20260927-Hokkaido_Nippon-Ham_Fighters-Chiba_Lotte_Marines,2026-09-27 18:00:00,2026,Hokkaido Nippon-Ham Fighters,Chiba Lotte Marines,,,Scheduled,ZOZOマリン
20260927-Tohoku_Rakuten_Golden_Eagles-Saitama_Seibu_Lions,2026-09-27 18:00:00,2026,Tohoku Rakuten Golden Eagles,Saitama Seibu Lions,,,Scheduled,ベルーナドーム
20260927-Tokyo_Yakult_Swallows-Yomiuri_Giants,2026-09-27 18:00:00,2026,Tokyo Yakult Swallows,Yomiuri Giants,,,Scheduled,東京ドーム
20260928-Hiroshima_Toyo_Carp-Yokohama_DeNA_BayStars,2026-09-28 18:00:00,2026,Hiroshima Toyo Carp,Yokohama DeNA BayStars,,,Scheduled,横 浜
20260928-Hokkaido_Nippon-Ham_Fighters-Chiba_Lotte_Marines,2026-09-28 18:00:00,2026,Hokkaido Nippon-Ham Fighters,Chiba Lotte Marines,,,Scheduled,ZOZOマリン
20260928-Tohoku_Rakuten_Golden_Eagles-Saitama_Seibu_Lions,2026-09-28 18:00:00,2026,Tohoku Rakuten Golden Eagles,Saitama Seibu Lions,,,Scheduled,ベルーナドーム
20260929-Chiba_Lotte_Marines-Tohoku_Rakuten_Golden_Eagles,2026-09-29 18:00:00,2026,Chiba Lotte Marines,Tohoku Rakuten Golden Eagles,,,Scheduled,楽天モバイル
20260929-Hiroshima_Toyo_Carp-Yomiuri_Giants,2026-09-29 18:00:00,2026,Hiroshima Toyo Carp,Yomiuri Giants,,,Scheduled,東京ドーム
20260929-Orix_Buffaloes-Saitama_Seibu_Lions,2026-09-29 18:00:00,2026,Orix Buffaloes,Saitama Seibu Lions,,,Scheduled,ベルーナドーム
20260929-Tokyo_Yakult_Swallows-Hanshin_Tigers,2026-09-29 18:00:00,2026,Tokyo Yakult Swallows,Hanshin Tigers,,,Scheduled,甲子園
20260930-Chiba_Lotte_Marines-Tohoku_Rakuten_Golden_Eagles,2026-09-30 18:00:00,2026,Chiba Lotte Marines,Tohoku Rakuten Golden Eagles,,,Scheduled,楽天モバイル
20260930-Tokyo_Yakult_Swallows-Hanshin_Tigers,2026-09-30 18:00:00,2026,Tokyo Yakult Swallows,Hanshin Tigers,,,Scheduled,甲子園
20261001-Chunichi_Dragons-Hiroshima_Toyo_Carp,2026-10-01 18:00:00,2026,Chunichi Dragons,Hiroshima Toyo Carp,,,Scheduled,マツダスタジアム
20261001-Fukuoka_SoftBank_Hawks-Tohoku_Rakuten_Golden_Eagles,2026-10-01 18:00:00,2026,Fukuoka SoftBank Hawks,Tohoku Rakuten Golden Eagles,,,Scheduled,楽天モバイル
20261001-Yomiuri_Giants-Hanshin_Tigers,2026-10-01 18:00:00,2026,Yomiuri Giants,Hanshin Tigers,,,Scheduled,甲子園
20261002-Fukuoka_SoftBank_Hawks-Chiba_Lotte_Marines,2026-10-02 18:00:00,2026,Fukuoka SoftBank Hawks,Chiba Lotte Marines,,,Scheduled,ZOZOマリン
20261002-Yomiuri_Giants-Tokyo_Yakult_Swallows,2026-10-02 18:00:00,2026,Yomiuri Giants,Tokyo Yakult Swallows,,,Scheduled,神 宮
20261003-Hanshin_Tigers-Hiroshima_Toyo_Carp,2026-10-03 14:00:00,2026,Hanshin Tigers,Hiroshima Toyo Carp,,,Scheduled,マツダスタジアム
20261003-Fukuoka_SoftBank_Hawks-Chiba_Lotte_Marines,2026-10-03 18:00:00,2026,Fukuoka SoftBank Hawks,Chiba Lotte Marines,,,Scheduled,ZOZOマリン
20261003-Orix_Buffaloes-Tohoku_Rakuten_Golden_Eagles,2026-10-03 18:00:00,2026,Orix Buffaloes,Tohoku Rakuten Golden Eagles,,,Scheduled,楽天モバイル
20261003-Yokohama_DeNA_BayStars-Yomiuri_Giants,2026-10-03 18:00:00,2026,Yokohama DeNA BayStars,Yomiuri Giants,,,Scheduled,東京ドーム
20261004-Hanshin_Tigers-Yokohama_DeNA_BayStars,2026-10-04 18:00:00,2026,Hanshin Tigers,Yokohama DeNA BayStars,,,Scheduled,横 浜
20261004-Hiroshima_Toyo_Carp-Tokyo_Yakult_Swallows,2026-10-04 18:00:00,2026,Hiroshima Toyo Carp,Tokyo Yakult Swallows,,,Scheduled,神 宮
20261004-Tohoku_Rakuten_Golden_Eagles-Chiba_Lotte_Marines,2026-10-04 18:00:00,2026,Tohoku Rakuten Golden Eagles,Chiba Lotte Marines,,,Scheduled,ZOZOマリン
