game_id,game_date,result,v2_away,v4_away,v2_draw,v4_draw,v2_home,v4_home
20260327-Chunichi_Dragons-Hiroshima_Toyo_Carp,2026-03-27 18:00:00,home,0.47560218008760785,0.45874240556922247,0.032506611319189985,0.02457759123501986,0.4918912085932022,0.5166800031957577
20260327-Hanshin_Tigers-Yomiuri_Giants,2026-03-27 18:15:00,home,0.5060252300035276,0.4896261856357445,0.012954138862490638,0.029058873345427033,0.48102063113398175,0.48131494101882855
20260327-Hokkaido_Nippon-Ham_Fighters-Fukuoka_SoftBank_Hawks,2026-03-27 18:30:00,home,0.4402670504932304,0.44384592644290494,0.03926689035557969,0.02485363459072114,0.5204660591511899,0.5313004389663739
20260327-Saitama_Seibu_Lions-Chiba_Lotte_Marines,2026-03-27 18:30:00,home,0.4309794032617324,0.461604847642228,0.026254915713299673,0.02757395949315085,0.5427656810249679,0.5108211928646211
20260327-Tohoku_Rakuten_Golden_Eagles-Orix_Buffaloes,2026-03-27 18:30:00,away,0.40022118573886234,0.4396979282459243,0.03431808823910286,0.024292243713398755,0.5654607260220349,0.5360098280406769
20260327-Tokyo_Yakult_Swallows-Yokohama_DeNA_BayStars,2026-03-27 18:30:00,away,0.39921467638548946,0.4098241983305127,0.04436918187150667,0.019535955642497067,0.5564161417430039,0.5706398460269902
20260328-Hokkaido_Nippon-Ham_Fighters-Fukuoka_SoftBank_Hawks,2026-03-28 13:30:00,home,0.44368060276375787,0.4460057604534736,0.025035712097540744,0.02484735936861645,0.5312836851387014,0.5291468801779099
20260328-Chunichi_Dragons-Hiroshima_Toyo_Carp,2026-03-28 14:00:00,home,0.46798696581919247,0.4609077952078027,0.027965509033722597,0.024694404278263804,0.504047525147085,0.5143978005139336
20260328-Hanshin_Tigers-Yomiuri_Giants,2026-03-28 14:00:00,away,0.48416788019823276,0.48631949640655664,0.02785883209805921,0.029663701775784763,0.487973287703708,0.4840168018176585
20260328-Saitama_Seibu_Lions-Chiba_Lotte_Marines,2026-03-28 14:00:00,home,0.4285114997735964,0.458157485745121,0.024678998952717954,0.027947591337690595,0.5468095012736857,0.5138949229171884
20260328-Tohoku_Rakuten_Golden_Eagles-Orix_Buffaloes,2026-03-28 14:00:00,home,0.44044971249210824,0.44401887745288887,0.026228455765343946,0.022107235034893997,0.5333218317425478,0.5338738875122171
20260328-Tokyo_Yakult_Swallows-Yokohama_DeNA_BayStars,2026-03-28 14:00:00,away,0.4228780801517122,0.4106918818139782,0.026075535213378357,0.0196274850687335,0.5510463846349094,0.5696806331172882
20260329-Hokkaido_Nippon-Ham_Fighters-Fukuoka_SoftBank_Hawks,2026-03-29 13:00:00,home,0.4341142703529083,0.4463908939200839,0.02481656168849623,0.02497472659820352,0.5410691679585955,0.5286343794817127
20260329-Tohoku_Rakuten_Golden_Eagles-Orix_Buffaloes,2026-03-29 13:00:00,home,0.42428913276261665,0.43800955412602804,0.025468398802261587,0.02285059382948416,0.5502424684351217,0.5391398520444878
20260329-Chunichi_Dragons-Hiroshima_Toyo_Carp,2026-03-29 13:30:00,home,0.4607805207014951,0.45845619879747584,0.027500221049516264,0.02517269781507692,0.5117192582489887,0.5163711033874472
20260329-Hanshin_Tigers-Yomiuri_Giants,2026-03-29 14:00:00,away,0.48991422722298605,0.48620719558167147,0.02835010414387685,0.029855884924540724,0.4817356686331372,0.4839369194937878
20260329-Saitama_Seibu_Lions-Chiba_Lotte_Marines,2026-03-29 14:00:00,away,0.4044567072404586,0.4582112047142473,0.023650104625096795,0.03055650899419165,0.5718931881344446,0.5112322862915611
20260329-Tokyo_Yakult_Swallows-Yokohama_DeNA_BayStars,2026-03-29 14:00:00,away,0.4355390415015109,0.4148160041774706,0.027392105263039843,0.019515132504686464,0.5370688532354493,0.5656688633178429
20260331-Fukuoka_SoftBank_Hawks-Tohoku_Rakuten_Golden_Eagles,2026-03-31 16:00:00,away,0.5320256906119498,0.5484536309318293,0.03185032456563647,0.03196894390457595,0.43612398482241366,0.4195774251635948
20260331-Hiroshima_Toyo_Carp-Tokyo_Yakult_Swallows,2026-03-31 18:00:00,home,0.3859098968078883,0.46076169612032497,0.02317388711016061,0.029274218491494617,0.5909162160819511,0.5099640853881804
20260331-Orix_Buffaloes-Saitama_Seibu_Lions,2026-03-31 18:00:00,home,0.479486179272834,0.4702684725226836,0.030386281934081483,0.02501907642111677,0.49012753879308457,0.5047124510561996
20260331-Yokohama_DeNA_BayStars-Hanshin_Tigers,2026-03-31 18:00:00,home,0.41959167042508194,0.42066149955346777,0.026514803487050036,0.021607943055782602,0.553893526087868,0.5577305573907496
20260331-Yomiuri_Giants-Chunichi_Dragons,2026-03-31 18:15:00,away,0.475807162799356,0.4753244740245177,0.027383163238703163,0.027014559121714125,0.49680967396194087,0.4976609668537682
20260331-Chiba_Lotte_Marines-Hokkaido_Nippon-Ham_Fighters,2026-03-31 18:30:00,home,0.3926524696182439,0.3739232464669335,0.025602452373765662,0.017142754825584933,0.5817450780079904,0.6089339987074815
20260401-Fukuoka_SoftBank_Hawks-Tohoku_Rakuten_Golden_Eagles,2026-04-01 13:00:00,away,0.5319990554203047,0.5499276468878013,0.03237361416860811,0.03220246616968503,0.43562733041108725,0.41786988694251376
20260401-Orix_Buffaloes-Saitama_Seibu_Lions,2026-04-01 18:00:00,away,0.470044364626289,0.46953170411542405,0.0290358643967052,0.025402111856745183,0.5009197709770058,0.5050661840278308
20260401-Yokohama_DeNA_BayStars-Hanshin_Tigers,2026-04-01 18:00:00,away,0.4128335434601922,0.4176079813685677,0.025898444765711303,0.022017642245642965,0.5612680117740965,0.5603743763857894
20260401-Yomiuri_Giants-Chunichi_Dragons,2026-04-01 18:00:00,away,0.47907085942181077,0.4790054073903978,0.028360746831071863,0.026806916661825494,0.4925683937471175,0.49418767594777663
20260401-Chiba_Lotte_Marines-Hokkaido_Nippon-Ham_Fighters,2026-04-01 18:30:00,away,0.3745950374647916,0.367767992208534,0.025063415488796217,0.01775900140631991,0.6003415470464122,0.6144730063851461
20260402-Fukuoka_SoftBank_Hawks-Tohoku_Rakuten_Golden_Eagles,2026-04-02 13:00:00,home,0.5353803923520051,0.5552133894130925,0.03300993745414591,0.03196061707103283,0.43160967019384916,0.4128259935158746
20260402-Orix_Buffaloes-Saitama_Seibu_Lions,2026-04-02 13:00:00,away,0.4815244316098536,0.47289797511816617,0.029489121543059906,0.025337694448920662,0.4889864468470864,0.5017643304329131
20260402-Chiba_Lotte_Marines-Hokkaido_Nippon-Ham_Fighters,2026-04-02 18:00:00,home,0.3848112658011244,0.3706187180661476,0.025840271342415816,0.01767361309985103,0.5893484628564598,0.6117076688340014
20260402-Hiroshima_Toyo_Carp-Tokyo_Yakult_Swallows,2026-04-02 18:00:00,home,0.3727551931378682,0.45741441721132564,0.022748870814230694,0.02944622817337606,0.6044959360479011,0.5131393546152984
20260402-Yokohama_DeNA_BayStars-Hanshin_Tigers,2026-04-02 18:00:00,home,0.4336744058112009,0.4207838915836149,0.026259103748104588,0.021891851940561213,0.5400664904406944,0.557324256475824
20260402-Yomiuri_Giants-Chunichi_Dragons,2026-04-02 18:00:00,home,0.4893583019823636,0.48282903123479015,0.02864317698262439,0.026652031278546436,0.48199852103501195,0.4905189374866636
20260403-Chunichi_Dragons-Tokyo_Yakult_Swallows,2026-04-03 18:00:00,away,0.38886039537205835,0.4569273205181483,0.022680014162359922,0.029764743542111394,0.5884595904655817,0.5133079359397403
20260403-Fukuoka_SoftBank_Hawks-Chiba_Lotte_Marines,2026-04-03 18:00:00,home,0.5370335658258109,0.5550104411047428,0.029708789278061698,0.03444934586831598,0.43325764489612745,0.41054021302694116
20260403-Hanshin_Tigers-Hiroshima_Toyo_Carp,2026-04-03 18:00:00,away,0.5395207138005149,0.5227401144589165,0.03035955106620633,0.031478019109429135,0.4301197351332788,0.44578186643165435
20260403-Orix_Buffaloes-Hokkaido_Nippon-Ham_Fighters,2026-04-03 18:00:00,home,0.386538027236646,0.40024090386153827,0.026354844549966505,0.02076986943934428,0.5871071282133876,0.5789892266991176
20260403-Tohoku_Rakuten_Golden_Eagles-Saitama_Seibu_Lions,2026-04-03 18:00:00,away,0.4728122584845956,0.45301801401410946,0.027346617856352114,0.022814205625983613,0.4998411236590522,0.5241677803599069
20260403-Yokohama_DeNA_BayStars-Yomiuri_Giants,2026-04-03 18:00:00,away,0.4903684307511283,0.4757685800804817,0.02721030917265631,0.024425304348786203,0.48242126007621533,0.499806115570732
20260404-Chunichi_Dragons-Tokyo_Yakult_Swallows,2026-04-04 14:00:00,home,0.4000167354436678,0.45462591746714526,0.02330392648797618,0.029783171506186038,0.5766793380683561,0.5155909110266687
20260404-Fukuoka_SoftBank_Hawks-Chiba_Lotte_Marines,2026-04-04 14:00:00,away,0.520147821747953,0.5525513788681646,0.02957077021763036,0.03512976556865714,0.4502814080344166,0.41231885556317815
20260404-Hanshin_Tigers-Hiroshima_Toyo_Carp,2026-04-04 14:00:00,away,0.5390207727180478,0.5249019276337259,0.031424448664426126,0.0316440864203276,0.429554778617526,0.4434539859459464
20260404-Orix_Buffaloes-Hokkaido_Nippon-Ham_Fighters,2026-04-04 14:00:00,home,0.37474709786282584,0.39647363204046276,0.0250660704346426,0.02119755090300575,0.6001868317025315,0.5823288170565315
20260404-Tohoku_Rakuten_Golden_Eagles-Saitama_Seibu_Lions,2026-04-04 14:00:00,away,0.4780675569785574,0.4583205324729436,0.028429322916173866,0.02267602768584977,0.49350312010526864,0.5190034398412067
20260404-Yokohama_DeNA_BayStars-Yomiuri_Giants,2026-04-04 14:00:00,home,0.49916024052851193,0.47671582595957124,0.027814593439785873,0.024609491844043048,0.4730251660317021,0.49867468219638583
20260405-Fukuoka_SoftBank_Hawks-Chiba_Lotte_Marines,2026-04-05 13:00:00,away,0.5227187429340291,0.5555127574999001,0.03020028856208879,0.035008493162630765,0.44708096850388207,0.4094787493374691
20260405-Orix_Buffaloes-Hokkaido_Nippon-Ham_Fighters,2026-04-05 13:00:00,home,0.37127312902731463,0.3948436395490103,0.024418578195967756,0.02123275537491874,0.6043082927767176,0.583923605076071
20260405-Chunichi_Dragons-Tokyo_Yakult_Swallows,2026-04-05 13:30:00,home,0.39546222503851275,0.454984506603002,0.022746442862759873,0.02962121817055062,0.5817913320987274,0.5153942752264473
20260405-Hanshin_Tigers-Hiroshima_Toyo_Carp,2026-04-05 14:00:00,home,0.5385316523466805,0.5304271205535139,0.03226335262443755,0.03143528522946197,0.429204995028882,0.4381375942170241
20260405-Tohoku_Rakuten_Golden_Eagles-Saitama_Seibu_Lions,2026-04-05 14:00:00,draw,0.4900415299584628,0.45816514633294414,0.02858678937556219,0.02301275681103907,0.481371680665975,0.5188220968560169
20260405-Yokohama_DeNA_BayStars-Yomiuri_Giants,2026-04-05 14:00:00,home,0.482941105818803,0.475768278925688,0.027083227687210276,0.025020755694163687,0.48997566649398655,0.4992109653801483
20260407-Saitama_Seibu_Lions-Fukuoka_SoftBank_Hawks,2026-04-07 14:00:00,away,0.35554013227215436,0.352439471726301,0.021314666776631224,0.020244035208801046,0.6231452009512145,0.6273164930648979
20260407-Chiba_Lotte_Marines-Orix_Buffaloes,2026-04-07 18:00:00,home,0.4354962534825076,0.43270934405227435,0.027052853476525304,0.020977197912279734,0.537450893040967,0.546313458035446
20260407-Chunichi_Dragons-Yokohama_DeNA_BayStars,2026-04-07 18:00:00,home,0.3829134573769885,0.41508508728490695,0.025637657953046615,0.02275376946114812,0.5914488846699648,0.562161143253945
20260407-Hokkaido_Nippon-Ham_Fighters-Tohoku_Rakuten_Golden_Eagles,2026-04-07 18:00:00,home,0.532343060452873,0.5559869081270752,0.0298946120896362,0.029618382262221184,0.4377623274574907,0.4143947096107036
20260407-Tokyo_Yakult_Swallows-Hanshin_Tigers,2026-04-07 18:00:00,home,0.4279741275469439,0.38317831828501764,0.027992902646541792,0.016756171734731876,0.5440329698065144,0.6000655099802504
20260407-Yomiuri_Giants-Hiroshima_Toyo_Carp,2026-04-07 18:00:00,home,0.4935323061325284,0.4918430523338987,0.029726891032115267,0.02668253159523867,0.4767408028353562,0.4814744160708626
20260408-Chiba_Lotte_Marines-Orix_Buffaloes,2026-04-08 18:00:00,home,0.42359048442885033,0.4301433175864694,0.02695740507885481,0.02146354313457491,0.5494521104922948,0.5483931392789556
20260408-Chunichi_Dragons-Yokohama_DeNA_BayStars,2026-04-08 18:00:00,away,0.37655929137237076,0.4143095837887092,0.025213623098161313,0.022856574970745905,0.5982270855294679,0.5628338412405448
20260408-Hokkaido_Nippon-Ham_Fighters-Tohoku_Rakuten_Golden_Eagles,2026-04-08 18:00:00,away,0.5222429167800303,0.5503392347990831,0.029334758695355696,0.0308064603203338,0.448422324524614,0.41885430488058306
20260408-Saitama_Seibu_Lions-Fukuoka_SoftBank_Hawks,2026-04-08 18:00:00,away,0.356997534709557,0.35908058114835184,0.022074948729389005,0.019640008579697527,0.6209275165610539,0.6212794102719507
20260408-Tokyo_Yakult_Swallows-Hanshin_Tigers,2026-04-08 18:00:00,away,0.4125006364892865,0.3817751451572336,0.02706024135719314,0.01715728825133903,0.5604391221535204,0.6010675665914275
20260408-Yomiuri_Giants-Hiroshima_Toyo_Carp,2026-04-08 18:00:00,away,0.48158033628125324,0.48902019509643374,0.02908330030198703,0.027263550436506974,0.4893363634167598,0.48371625446705924
20260409-Chiba_Lotte_Marines-Orix_Buffaloes,2026-04-09 18:00:00,home,0.4120974103142544,0.4245228784882855,0.02559612879185885,0.022179440794967857,0.5623064608938868,0.5532976807167466
20260409-Hokkaido_Nippon-Ham_Fighters-Tohoku_Rakuten_Golden_Eagles,2026-04-09 18:00:00,away,0.530552581981026,0.5478426018062065,0.029245045312732237,0.03151715247268385,0.44020237270624174,0.42064024572110964
20260409-Saitama_Seibu_Lions-Fukuoka_SoftBank_Hawks,2026-04-09 18:00:00,home,0.3610325308018304,0.35908865158817965,0.02300254374090388,0.019534036851785862,0.6159649254572658,0.6213773115600345
20260409-Tokyo_Yakult_Swallows-Hanshin_Tigers,2026-04-09 18:00:00,home,0.422856418188308,0.38344086628598273,0.027252311995117844,0.01727550401289203,0.5498912698165742,0.5992836297011253
20260410-Chiba_Lotte_Marines-Saitama_Seibu_Lions,2026-04-10 18:00:00,away,0.4525162123513214,0.4373311282759229,0.027728650175166916,0.023329011223743354,0.5197551374735118,0.5393398605003338
20260410-Hanshin_Tigers-Chunichi_Dragons,2026-04-10 18:00:00,away,0.5256709599067595,0.5022614591529655,0.028996643825974788,0.023169114933536114,0.4453323962672656,0.47456942591349843
20260410-Tokyo_Yakult_Swallows-Yomiuri_Giants,2026-04-10 18:00:00,home,0.4658402504772468,0.41468569791201537,0.02811661245304664,0.01441743383446209,0.5060431370697065,0.5708968682535226
20260411-Fukuoka_SoftBank_Hawks-Hokkaido_Nippon-Ham_Fighters,2026-04-11 14:00:00,away,0.4248955014779287,0.4563421790587264,0.026777557859199493,0.02676003216756815,0.5483269406628718,0.5168977887737055
20260411-Hanshin_Tigers-Chunichi_Dragons,2026-04-11 14:00:00,away,0.531767016701286,0.525038587878697,0.030227501754822757,0.03141466938288185,0.43800548154389124,0.44354674273842115
20260411-Hiroshima_Toyo_Carp-Yokohama_DeNA_BayStars,2026-04-11 14:00:00,home,0.3741282706217806,0.4120364926177114,0.025087846397028303,0.022202091980484482,0.6007838829811911,0.5657614154018041
20260411-Orix_Buffaloes-Tohoku_Rakuten_Golden_Eagles,2026-04-11 14:00:00,home,0.46163419251473525,0.4784008979123081,0.02768114896935446,0.027290878922307808,0.5106846585159104,0.49430822316538403
20260411-Chiba_Lotte_Marines-Saitama_Seibu_Lions,2026-04-11 17:00:00,home,0.46859087153847284,0.4429450731937822,0.027846349465742614,0.023126788597443243,0.5035627789957846,0.5339281382087745
20260411-Tokyo_Yakult_Swallows-Yomiuri_Giants,2026-04-11 18:00:00,away,0.458058305235925,0.43518473286470394,0.028703195329902485,0.0201797414270148,0.5132384994341724,0.5446355257082813
20260412-Chiba_Lotte_Marines-Saitama_Seibu_Lions,2026-04-12 13:00:00,home,0.4618993898649545,0.4410805359095016,0.026836130805606487,0.023591858765081863,0.5112644793294391,0.5353276053254166
20260412-Fukuoka_SoftBank_Hawks-Hokkaido_Nippon-Ham_Fighters,2026-04-12 13:00:00,away,0.4322032633736528,0.4610168188468133,0.028074045160228676,0.02635001277518073,0.5397226914661185,0.512633168378006
20260412-Orix_Buffaloes-Tohoku_Rakuten_Golden_Eagles,2026-04-12 13:00:00,home,0.44283281562895255,0.47558493254185463,0.026435939653735786,0.02774071338525611,0.5307312447173116,0.4966743540728894
20260412-Hanshin_Tigers-Chunichi_Dragons,2026-04-12 13:30:00,away,0.54069104455397,0.5348489968751261,0.030993663579159007,0.03068948354563733,0.42831529186687095,0.43446151957923673
20260412-Hiroshima_Toyo_Carp-Yokohama_DeNA_BayStars,2026-04-12 14:00:00,home,0.3766271341022501,0.41181782625029817,0.024657674196636056,0.02227402509281987,0.5987151917011138,0.565908148656882
20260412-Tokyo_Yakult_Swallows-Yomiuri_Giants,2026-04-12 14:00:00,away,0.4612586434243195,0.4363910352063979,0.028736306650929813,0.0204192985761951,0.5100050499247507,0.543189666217407
20260414-Hiroshima_Toyo_Carp-Chunichi_Dragons,2026-04-14 18:00:00,home,0.43568962866255706,0.4548685079402209,0.026775882123680556,0.024860517300761706,0.5375344892137625,0.5202709747590175
20260414-Hokkaido_Nippon-Ham_Fighters-Chiba_Lotte_Marines,2026-04-14 18:00:00,away,0.5489984833628978,0.5600414827493873,0.029779808156017985,0.03159816724732752,0.4212217084810841,0.40836035000328513
20260414-Saitama_Seibu_Lions-Orix_Buffaloes,2026-04-14 18:00:00,home,0.41343972208951313,0.4369068862169246,0.026495369397062537,0.02405278072073944,0.5600649085134243,0.539040333062336
20260414-Tohoku_Rakuten_Golden_Eagles-Fukuoka_SoftBank_Hawks,2026-04-14 18:00:00,away,0.3837733318373882,0.3641864905018663,0.02382013648143913,0.017692842508316632,0.5924065316811726,0.618120666989817
20260414-Yokohama_DeNA_BayStars-Tokyo_Yakult_Swallows,2026-04-14 18:00:00,home,0.45168542425402786,0.4974921505681258,0.024425729933544835,0.03023135315747775,0.5238888458124273,0.47227649627439644
20260414-Yomiuri_Giants-Hanshin_Tigers,2026-04-14 18:00:00,away,0.37524950786545636,0.39164733182270167,0.02445676663758767,0.022261391475533885,0.6002937254969559,0.5860912767017645
20260415-Hiroshima_Toyo_Carp-Chunichi_Dragons,2026-04-15 18:00:00,away,0.4176230841258906,0.45193995559793004,0.026419849987007686,0.025339652777814126,0.5559570658871017,0.5227203916242559
20260415-Hokkaido_Nippon-Ham_Fighters-Chiba_Lotte_Marines,2026-04-15 18:00:00,home,0.555018308386453,0.5635203156298018,0.030310668722695625,0.03160660808024365,0.41467102289085134,0.40487307628995456
20260415-Saitama_Seibu_Lions-Orix_Buffaloes,2026-04-15 18:00:00,home,0.4075485936338506,0.43293192093450916,0.025731429841787723,0.02453562511459667,0.5667199765243617,0.5425324539508942
20260415-Tohoku_Rakuten_Golden_Eagles-Fukuoka_SoftBank_Hawks,2026-04-15 18:00:00,away,0.38693944019859494,0.36565816700041376,0.024897784778135753,0.0176997145440179,0.5881627750232693,0.6166421184555683
20260416-Hokkaido_Nippon-Ham_Fighters-Chiba_Lotte_Marines,2026-04-16 18:00:00,home,0.5438826733158793,0.5661609232243084,0.02975170748193035,0.03181007480726611,0.42636561920219024,0.4020290019684256
20260416-Saitama_Seibu_Lions-Orix_Buffaloes,2026-04-16 18:00:00,home,0.40637569499043547,0.42988411666925486,0.02534656810261833,0.02486376174997277,0.5682777369069462,0.5452521215807724
20260416-Tohoku_Rakuten_Golden_Eagles-Fukuoka_SoftBank_Hawks,2026-04-16 18:00:00,home,0.3980081895030928,0.36722742970090977,0.02560840707184108,0.01772518214534887,0.5763834034250662,0.6150473881537414
20260416-Yokohama_DeNA_BayStars-Tokyo_Yakult_Swallows,2026-04-16 18:00:00,home,0.44222446087382977,0.49535789191018464,0.02407392866361538,0.03041244630583215,0.5337016104625548,0.4742296617839832
20260416-Yomiuri_Giants-Hanshin_Tigers,2026-04-16 18:00:00,away,0.38287704890051355,0.39381876498616103,0.02523755627130763,0.022067348464492566,0.5918853948281787,0.5841138865493465
20260417-Chiba_Lotte_Marines-Tohoku_Rakuten_Golden_Eagles,2026-04-17 18:00:00,home,0.40902721823147514,0.43579506181671507,0.024406751565626796,0.024920067723130546,0.5665660302028981,0.5392848704601544
20260417-Chunichi_Dragons-Hanshin_Tigers,2026-04-17 18:00:00,home,0.3582498174269082,0.3856434820954815,0.02350467850550799,0.027758567257421984,0.6182455040675837,0.5865979506470964
20260417-Orix_Buffaloes-Fukuoka_SoftBank_Hawks,2026-04-17 18:00:00,away,0.3863388484863543,0.38273308411137574,0.024209178182325,0.01986798298841673,0.5894519733313206,0.5973989329002074
20260417-Saitama_Seibu_Lions-Hokkaido_Nippon-Ham_Fighters,2026-04-17 18:00:00,away,0.3450057967167561,0.3627849493446586,0.023439562376042743,0.020089152742375903,0.6315546409072011,0.6171258979129655
20260417-Yokohama_DeNA_BayStars-Hiroshima_Toyo_Carp,2026-04-17 18:00:00,away,0.5181428758862897,0.48086874304555716,0.0267416112709254,0.020354075900978458,0.45511551284278484,0.4987771810534644
20260417-Yomiuri_Giants-Tokyo_Yakult_Swallows,2026-04-17 18:00:00,away,0.4207747180226111,0.4739421485649647,0.025072559103830844,0.030200075883532893,0.554152722873558,0.49585777555150234
20260418-Chiba_Lotte_Marines-Tohoku_Rakuten_Golden_Eagles,2026-04-18 14:00:00,home,0.40704440372504536,0.4321100061642273,0.02381988770584024,0.025269972121323078,0.5691357085691144,0.5426200217144497
20260418-Chunichi_Dragons-Hanshin_Tigers,2026-04-18 14:00:00,home,0.3676082273917021,0.3640080915317567,0.022005149122232764,0.02025182102759236,0.6103866234860652,0.6157400874406509
20260418-Saitama_Seibu_Lions-Hokkaido_Nippon-Ham_Fighters,2026-04-18 14:00:00,home,0.35220968008759934,0.36604645991327844,0.02451217612370523,0.01972241973352581,0.6232781437886954,0.6142311203531957
20260418-Yokohama_DeNA_BayStars-Hiroshima_Toyo_Carp,2026-04-18 14:00:00,away,0.5272060888618157,0.5051896185895052,0.028597264486164668,0.027514245666421792,0.44419664665201963,0.4672961357440731
20260418-Orix_Buffaloes-Fukuoka_SoftBank_Hawks,2026-04-18 18:00:00,home,0.4153924480675633,0.3944701828346355,0.025363938430859226,0.018936303282051366,0.5592436135015774,0.5865935138833132
20260418-Yomiuri_Giants-Tokyo_Yakult_Swallows,2026-04-18 18:00:00,home,0.44961387919380696,0.4819907223221082,0.025507670363963456,0.02920739248415676,0.5248784504422296,0.488801885193735
20260419-Orix_Buffaloes-Fukuoka_SoftBank_Hawks,2026-04-19 13:00:00,away,0.3931540072206748,0.3883024239795595,0.024774550193203532,0.019466840416883863,0.5820714425861216,0.5922307356035567
20260419-Saitama_Seibu_Lions-Hokkaido_Nippon-Ham_Fighters,2026-04-19 13:00:00,away,0.34698933597987636,0.3654386586928987,0.024355710650869458,0.019686607759196922,0.6286549533692543,0.6148747335479043
20260419-Yokohama_DeNA_BayStars-Hiroshima_Toyo_Carp,2026-04-19 13:30:00,away,0.5384912952247423,0.5120835873626145,0.028686871856435647,0.027146823822193047,0.4328218329188221,0.4607695888151924
20260419-Chunichi_Dragons-Hanshin_Tigers,2026-04-19 14:00:00,home,0.37726530799484603,0.36432145085410583,0.02148201124569975,0.02016868779086665,0.6012526807594542,0.6155098613550275
20260419-Chiba_Lotte_Marines-Tohoku_Rakuten_Golden_Eagles,2026-04-19 16:00:00,away,0.3859097820106828,0.4260855180105608,0.02332010362042034,0.025859763555708373,0.5907701143688968,0.5480547184337309
20260419-Yomiuri_Giants-Tokyo_Yakult_Swallows,2026-04-19 18:00:00,home,0.4496309839233279,0.4808832775868281,0.024609586677737622,0.02933990145640853,0.5257594293989345,0.4897768209567634
20260421-Hanshin_Tigers-Yokohama_DeNA_BayStars,2026-04-21 17:45:00,home,0.46181806071439263,0.48804716760179323,0.030174921374854523,0.028444778822532883,0.5080070179107529,0.483508053575674
20260421-Chunichi_Dragons-Yomiuri_Giants,2026-04-21 18:00:00,home,0.4019097325868461,0.4211655315765601,0.023232313836836303,0.023529632259186903,0.5748579535763176,0.555304836164253
20260421-Fukuoka_SoftBank_Hawks-Saitama_Seibu_Lions,2026-04-21 18:00:00,home,0.5419132132790436,0.5517449628025728,0.02967329977799075,0.03210849310649208,0.4284134869429656,0.4161465440909351
20260421-Orix_Buffaloes-Chiba_Lotte_Marines,2026-04-21 18:00:00,home,0.48410640435920527,0.4981149603226631,0.029807099336485864,0.027144129551748875,0.48608649630430883,0.47474091012558806
20260421-Tohoku_Rakuten_Golden_Eagles-Hokkaido_Nippon-Ham_Fighters,2026-04-21 18:00:00,home,0.4256024064628214,0.3868445324912187,0.028605619505530974,0.01699430835621253,0.5457919740316476,0.5961611591525687
20260421-Tokyo_Yakult_Swallows-Hiroshima_Toyo_Carp,2026-04-21 18:00:00,home,0.5208861955208164,0.4714281938350536,0.03276742927267393,0.02252844605521237,0.4463463752065098,0.5060433601097339
20260422-Hanshin_Tigers-Yokohama_DeNA_BayStars,2026-04-22 17:45:00,home,0.4382553627938209,0.4771964605211826,0.02907764747683597,0.02560103044180163,0.5326669897293431,0.49720250903701574
20260422-Chunichi_Dragons-Yomiuri_Giants,2026-04-22 18:00:00,home,0.40493272815448134,0.4186086292448462,0.022844344006710926,0.023737351817846707,0.5722229278388078,0.557654018937307
20260422-Fukuoka_SoftBank_Hawks-Saitama_Seibu_Lions,2026-04-22 18:00:00,home,0.5303627344861687,0.5513517604650511,0.02850369323862853,0.03267214438394651,0.4411335722752029,0.4159760951510025
20260422-Orix_Buffaloes-Chiba_Lotte_Marines,2026-04-22 18:00:00,away,0.47638483908849527,0.4972684408022258,0.029829243376742823,0.027505486297090424,0.49378591753476175,0.47522607290068375
20260422-Tohoku_Rakuten_Golden_Eagles-Hokkaido_Nippon-Ham_Fighters,2026-04-22 18:00:00,home,0.4189342877149119,0.3846980545676328,0.0274106601942038,0.01736642724910302,0.5536550520908843,0.5979355181832642
20260422-Tokyo_Yakult_Swallows-Hiroshima_Toyo_Carp,2026-04-22 18:00:00,away,0.5149040823939297,0.4695916480900451,0.03141977958512118,0.023202676003120003,0.4536761380209491,0.507205675906835
20260423-Fukuoka_SoftBank_Hawks-Saitama_Seibu_Lions,2026-04-23 18:00:00,away,0.5194141138075133,0.5473951036995255,0.028027030844443346,0.03359299873208697,0.4525588553480433,0.4190118975683875
20260423-Tohoku_Rakuten_Golden_Eagles-Hokkaido_Nippon-Ham_Fighters,2026-04-23 18:00:00,away,0.4179261555571642,0.3862048392986982,0.02691229255354679,0.017503103796976036,0.5551615518892891,0.5962920569043257
20260423-Tokyo_Yakult_Swallows-Hiroshima_Toyo_Carp,2026-04-23 18:00:00,away,0.5207808489876153,0.47040274345779176,0.0314251987371135,0.02361451228177163,0.4477939522752712,0.5059827442604365
20260424-Hokkaido_Nippon-Ham_Fighters-Orix_Buffaloes,2026-04-24 18:00:00,home,0.45916151685041834,0.5096660428878343,0.025435714622326435,0.02201705536991056,0.5154027685272552,0.4683169017422552
20260424-Tokyo_Yakult_Swallows-Chunichi_Dragons,2026-04-24 18:00:00,home,0.5056386679919249,0.4486189395095051,0.03194861976942536,0.01700697208138177,0.46241271223864977,0.5343740884091132
20260424-Yomiuri_Giants-Yokohama_DeNA_BayStars,2026-04-24 18:00:00,home,0.4161183496118497,0.43615779885902084,0.02718952523520514,0.022803728956405072,0.5566921251529451,0.541038472184574
20260425-Chiba_Lotte_Marines-Fukuoka_SoftBank_Hawks,2026-04-25 13:00:00,away,0.3623449055598385,0.3704432907506178,0.024645701078048116,0.023416461305062242,0.6130093933621134,0.60614024794432
20260425-Hiroshima_Toyo_Carp-Hanshin_Tigers,2026-04-25 14:00:00,draw,0.3588651177638129,0.3445087751778923,0.022029171773631732,0.015079742259165503,0.6191057104625554,0.6404114825629422
20260425-Hokkaido_Nippon-Ham_Fighters-Orix_Buffaloes,2026-04-25 14:00:00,home,0.44754243540181854,0.5263791200639507,0.025885428347440436,0.030288274669813865,0.526572136250741,0.44333260526623536
20260425-Saitama_Seibu_Lions-Tohoku_Rakuten_Golden_Eagles,2026-04-25 14:00:00,away,0.42776472145317623,0.4378898480773848,0.02497773292989349,0.026300386551386418,0.5472575456169303,0.5358097653712287
20260425-Tokyo_Yakult_Swallows-Chunichi_Dragons,2026-04-25 14:00:00,home,0.49994538632360574,0.47065788765732397,0.0322582522433521,0.023650510529381084,0.4677963614330421,0.505691601813295
20260425-Yomiuri_Giants-Yokohama_DeNA_BayStars,2026-04-25 14:00:00,away,0.4130369490343444,0.4336064781698664,0.02663938229944702,0.023162619608570828,0.5603236686662085,0.5432309022215628
20260426-Hokkaido_Nippon-Ham_Fighters-Orix_Buffaloes,2026-04-26 13:00:00,home,0.44141475607498143,0.5229388998976723,0.0253111540793707,0.03079655036641535,0.5332740898456478,0.4462645497359124
20260426-Saitama_Seibu_Lions-Tohoku_Rakuten_Golden_Eagles,2026-04-26 13:00:00,away,0.4408109536443633,0.4456451152421549,0.02563647874279317,0.025604140794250642,0.5335525676128435,0.5287507439635944
20260426-Tokyo_Yakult_Swallows-Chunichi_Dragons,2026-04-26 13:30:00,home,0.4891098787402484,0.4686684473132484,0.0311374014328095,0.02428456687123684,0.4797527198269421,0.5070469858155148
20260426-Hiroshima_Toyo_Carp-Hanshin_Tigers,2026-04-26 14:00:00,home,0.36728338700035834,0.36428932940702186,0.023180204808437764,0.020733926234841726,0.6095364081912039,0.6149767443581364
20260426-Yomiuri_Giants-Yokohama_DeNA_BayStars,2026-04-26 14:00:00,away,0.4332218031793364,0.44077570386975895,0.027751596577824944,0.022720034276661184,0.5390266002428387,0.5365042618535798
20260428-Hokkaido_Nippon-Ham_Fighters-Saitama_Seibu_Lions,2026-04-28 13:00:00,away,0.4586225166117904,0.5407551668807744,0.025900152598746194,0.03337337307659136,0.5154773307894635,0.4258714600426342
20260428-Fukuoka_SoftBank_Hawks-Orix_Buffaloes,2026-04-28 18:00:00,away,0.4695427503917199,0.5389773757724459,0.026894618852078056,0.04361061358799762,0.503562630756202,0.4174120106395565
20260428-Hanshin_Tigers-Tokyo_Yakult_Swallows,2026-04-28 18:00:00,home,0.4731392087781167,0.5133327476331067,0.027643847547703323,0.0320934363657704,0.49921694367418,0.4545738160011229
20260428-Hiroshima_Toyo_Carp-Yomiuri_Giants,2026-04-28 18:00:00,away,0.37479855834850107,0.3941881397358055,0.022696567430927513,0.024382637245455488,0.6025048742205713,0.581429223018739
20260428-Tohoku_Rakuten_Golden_Eagles-Chiba_Lotte_Marines,2026-04-28 18:00:00,home,0.44945166875897463,0.4522855927903481,0.027801514535614497,0.019208089888517722,0.5227468167054109,0.5285063173211342
20260428-Yokohama_DeNA_BayStars-Chunichi_Dragons,2026-04-28 18:00:00,home,0.49680599312500434,0.5157976607142847,0.02960644042050791,0.029088122374171476,0.4735875664544878,0.4551142169115438
20260429-Fukuoka_SoftBank_Hawks-Orix_Buffaloes,2026-04-29 14:00:00,home,0.4906458097070398,0.5283913844672686,0.02648137746836471,0.03164560717084988,0.4828728128245954,0.43996300836188146
20260429-Hanshin_Tigers-Tokyo_Yakult_Swallows,2026-04-29 14:00:00,away,0.4568520646991803,0.5125444631115642,0.02694600676027523,0.03241814096852604,0.5162019285405444,0.45503739591990966
20260429-Hokkaido_Nippon-Ham_Fighters-Saitama_Seibu_Lions,2026-04-29 14:00:00,home,0.4650501591689045,0.5387406778950786,0.025988779190808713,0.03365275344459835,0.5089610616402868,0.42760656866032304
20260429-Tohoku_Rakuten_Golden_Eagles-Chiba_Lotte_Marines,2026-04-29 14:00:00,home,0.44046075136677865,0.4696908846533019,0.028437727642609215,0.02672596474002222,0.5311015209906121,0.5035831506066759
20260429-Yokohama_DeNA_BayStars-Chunichi_Dragons,2026-04-29 14:00:00,away,0.4843979727096439,0.510149726385193,0.028849981980555783,0.029937451874006506,0.4867520453098003,0.45991282174080056
20260429-Hiroshima_Toyo_Carp-Yomiuri_Giants,2026-04-29 18:00:00,home,0.40532911567135854,0.3994329735580351,0.023742726540720037,0.022018040243037773,0.5709281577879214,0.5785489861989271
20260430-Hanshin_Tigers-Tokyo_Yakult_Swallows,2026-04-30 18:00:00,away,0.47002963238821366,0.5116846090268031,0.027513973976570686,0.03255922751609059,0.5024563936352155,0.4557561634571063
20260430-Hiroshima_Toyo_Carp-Yomiuri_Giants,2026-04-30 18:00:00,away,0.40635628885378655,0.39830008176772014,0.0234778767611892,0.02222617314360119,0.5701658343850242,0.5794737450886787
20260430-Hokkaido_Nippon-Ham_Fighters-Saitama_Seibu_Lions,2026-04-30 18:00:00,away,0.4589925536350713,0.5325004004541753,0.025071932395609148,0.034504134444469065,0.5159355139693196,0.4329954651013556
20260430-Yokohama_DeNA_BayStars-Chunichi_Dragons,2026-04-30 18:00:00,away,0.4883609583936068,0.51161891248339,0.029420470390664352,0.029918208695440845,0.4822185712157288,0.45846287882116915
20260501-Chunichi_Dragons-Hiroshima_Toyo_Carp,2026-05-01 18:00:00,home,0.4514922644759351,0.4518638566054962,0.026174876109522644,0.026569144982938043,0.5223328594145422,0.5215669984115657
20260501-Orix_Buffaloes-Hokkaido_Nippon-Ham_Fighters,2026-05-01 18:00:00,home,0.46055883881267196,0.4337919956493207,0.031042936235550152,0.024983815933783182,0.5083982249517779,0.5412241884168961
20260501-Saitama_Seibu_Lions-Chiba_Lotte_Marines,2026-05-01 18:00:00,away,0.4384834063161254,0.4418682673543936,0.02668196565411654,0.01983738176039218,0.5348346280297581,0.5382943508852142
20260501-Tohoku_Rakuten_Golden_Eagles-Fukuoka_SoftBank_Hawks,2026-05-01 18:00:00,home,0.37804812810535426,0.36754329946893305,0.026055224436679115,0.017954382376402934,0.5958966474579667,0.614502318154664
20260501-Yokohama_DeNA_BayStars-Tokyo_Yakult_Swallows,2026-05-01 18:00:00,home,0.46510923918155034,0.5052295748066578,0.02777123374731946,0.02993084069811301,0.5071195270711303,0.4648395844952292
20260501-Yomiuri_Giants-Hanshin_Tigers,2026-05-01 18:00:00,away,0.40226279695713096,0.4132713599961871,0.026335518750180444,0.023053216210709927,0.5714016842926886,0.563675423793103
20260502-Chunichi_Dragons-Hiroshima_Toyo_Carp,2026-05-02 14:00:00,away,0.4394904005570208,0.45017500397665283,0.02566450854211259,0.026884878587927756,0.5348450909008666,0.5229401174354195
20260502-Orix_Buffaloes-Hokkaido_Nippon-Ham_Fighters,2026-05-02 14:00:00,away,0.4453120682943166,0.40962589871671184,0.028989263646325675,0.018756375083120346,0.5256986680593577,0.5716177262001679
20260502-Saitama_Seibu_Lions-Chiba_Lotte_Marines,2026-05-02 14:00:00,away,0.46435618694215597,0.46837429658326096,0.029092589504305804,0.024890590048897408,0.5065512235535382,0.5067351133678416
20260502-Tohoku_Rakuten_Golden_Eagles-Fukuoka_SoftBank_Hawks,2026-05-02 14:00:00,home,0.3809728953936952,0.3651036162694654,0.025201033976232412,0.018231375293139677,0.5938260706300724,0.6166650084373948
20260502-Yomiuri_Giants-Hanshin_Tigers,2026-05-02 14:00:00,home,0.4120083049648824,0.41681162483982276,0.02699433402263959,0.02280618323216387,0.560997361012478,0.5603821919280134
20260502-Yokohama_DeNA_BayStars-Tokyo_Yakult_Swallows,2026-05-02 18:00:00,home,0.4408937836631874,0.49907351393311344,0.026133351711759407,0.029555676135226083,0.5329728646250531,0.4713708099316606
20260503-Orix_Buffaloes-Hokkaido_Nippon-Ham_Fighters,2026-05-03 13:00:00,home,0.4462183295219641,0.41823072727330324,0.030185617441655887,0.018432692568084837,0.52359605303638,0.5633365801586119
20260503-Tohoku_Rakuten_Golden_Eagles-Fukuoka_SoftBank_Hawks,2026-05-03 13:00:00,away,0.3713559505489903,0.36065667699901954,0.02464458125255348,0.01861205919807833,0.6039994681984563,0.6207312638029021
20260503-Saitama_Seibu_Lions-Chiba_Lotte_Marines,2026-05-03 14:00:00,home,0.47707460031727283,0.4716032119358569,0.029204494797313504,0.02496393995926431,0.49372090488541365,0.5034328481048786
20260503-Yomiuri_Giants-Hanshin_Tigers,2026-05-03 14:00:00,home,0.41339878696955806,0.4183836923315652,0.02613828938739629,0.02277719580151819,0.5604629236430456,0.5588391118669167
20260503-Yokohama_DeNA_BayStars-Tokyo_Yakult_Swallows,2026-05-03 18:00:00,away,0.4297437961312822,0.4996857299967524,0.026057214649721768,0.029473081127591692,0.5441989892189961,0.47084118887565585
20260504-Hanshin_Tigers-Chunichi_Dragons,2026-05-04 14:30:00,home,0.5196301087070142,0.515628353841549,0.029058520059988224,0.022580319467366217,0.4513113712329976,0.4617913266910848
20260504-Hiroshima_Toyo_Carp-Yokohama_DeNA_BayStars,2026-05-04 15:00:00,home,0.39359100642528044,0.4183991626538418,0.025905467497990716,0.028662270002574847,0.5805035260767288,0.5529385673435833
20260504-Chiba_Lotte_Marines-Orix_Buffaloes,2026-05-04 18:00:00,home,0.42446238749285076,0.4275085124133171,0.024818730218711223,0.020889847862355954,0.550718882288438,0.551601639724327
20260504-Fukuoka_SoftBank_Hawks-Saitama_Seibu_Lions,2026-05-04 18:00:00,home,0.501984945886819,0.5392589700702556,0.02677560118774263,0.03448545543842314,0.47123945292543845,0.4262555744913213
20260504-Hokkaido_Nippon-Ham_Fighters-Tohoku_Rakuten_Golden_Eagles,2026-05-04 18:00:00,home,0.471234691074144,0.5317619285035423,0.026578469795074992,0.033095153191112496,0.502186839130781,0.43514291830534524
20260504-Tokyo_Yakult_Swallows-Yomiuri_Giants,2026-05-04 18:00:00,away,0.4459670565471792,0.4335032984501064,0.02650676514303416,0.02227040430846046,0.5275261783097865,0.5442262972414332
20260505-Chiba_Lotte_Marines-Orix_Buffaloes,2026-05-05 14:00:00,home,0.4168656767519502,0.4229795297221494,0.024634184941015554,0.021416305950757997,0.5585001383070343,0.5556041643270927
20260505-Fukuoka_SoftBank_Hawks-Saitama_Seibu_Lions,2026-05-05 14:00:00,away,0.4745563724298035,0.5352708957829412,0.025946936267331307,0.035995004583540435,0.49949669130286534,0.42873409963351833
20260505-Hanshin_Tigers-Chunichi_Dragons,2026-05-05 14:00:00,home,0.5006810688613852,0.5325861330909288,0.029540308052154927,0.03129623923531846,0.46977862308645996,0.4361176276737527
20260505-Hiroshima_Toyo_Carp-Yokohama_DeNA_BayStars,2026-05-05 14:00:00,draw,0.3920444815736984,0.4026120666824789,0.02425418661630049,0.02072402675383094,0.5837013318100011,0.5766639065636902
20260505-Hokkaido_Nippon-Ham_Fighters-Tohoku_Rakuten_Golden_Eagles,2026-05-05 14:00:00,home,0.4617731901637142,0.527248019064295,0.026110285125725198,0.033702003094445286,0.5121165247105606,0.4390499778412597
20260505-Tokyo_Yakult_Swallows-Yomiuri_Giants,2026-05-05 14:00:00,home,0.4523495733266562,0.438080240848803,0.02760397838658334,0.022078387110987273,0.5200464482867605,0.5398413720402098
20260506-Chiba_Lotte_Marines-Orix_Buffaloes,2026-05-06 13:00:00,home,0.40419578073285767,0.4185500614934307,0.024468416260830538,0.02190969365890561,0.5713358030063118,0.5595402448476636
20260506-Fukuoka_SoftBank_Hawks-Saitama_Seibu_Lions,2026-05-06 13:00:00,home,0.47689063604298393,0.5384523779747048,0.026845087168088113,0.035517558184187385,0.496264276788928,0.4260300638411077
20260506-Hanshin_Tigers-Chunichi_Dragons,2026-05-06 14:00:00,away,0.4839244602874471,0.5298413600820665,0.02866734995697629,0.03195954129282991,0.48740818975557654,0.43819909862510364
20260506-Hiroshima_Toyo_Carp-Yokohama_DeNA_BayStars,2026-05-06 14:00:00,away,0.40216588158914524,0.40482944112249886,0.023995447563048382,0.020607332368283868,0.5738386708478063,0.5745632265092173
20260506-Hokkaido_Nippon-Ham_Fighters-Tohoku_Rakuten_Golden_Eagles,2026-05-06 14:00:00,away,0.4555603676526535,0.5244050905323161,0.025759981825782485,0.034041512974865996,0.518679650521564,0.44155339649281783
20260506-Tokyo_Yakult_Swallows-Yomiuri_Giants,2026-05-06 14:00:00,away,0.4455640958287149,0.4369521376597712,0.02703099197037017,0.022406220811391698,0.527404912200915,0.5406416415288372
20260508-Chiba_Lotte_Marines-Fukuoka_SoftBank_Hawks,2026-05-08 18:00:00,home,0.3930264527598806,0.3579751936109084,0.026056288897275667,0.016005926089419434,0.5809172583428438,0.6260188802996721
20260508-Hokkaido_Nippon-Ham_Fighters-Orix_Buffaloes,2026-05-08 18:00:00,home,0.4459161059082378,0.5164655567615767,0.023994574773662923,0.030232116489517426,0.5300893193180993,0.45330232674890586
20260508-Tohoku_Rakuten_Golden_Eagles-Saitama_Seibu_Lions,2026-05-08 18:00:00,home,0.40987061662454366,0.44978201610975965,0.02551384788887367,0.02716844509347688,0.5646155354865826,0.5230495387967635
20260508-Tokyo_Yakult_Swallows-Hiroshima_Toyo_Carp,2026-05-08 18:00:00,away,0.48214131047926806,0.48350810026174673,0.02913436894338549,0.027388172926213147,0.48872432057734644,0.4891037268120401
20260508-Yokohama_DeNA_BayStars-Hanshin_Tigers,2026-05-08 18:00:00,away,0.4169628390113927,0.44649514074365576,0.025976219285437717,0.022489747119642422,0.5570609417031696,0.5310151121367018
20260508-Yomiuri_Giants-Chunichi_Dragons,2026-05-08 18:00:00,home,0.45901539379136513,0.4813014238055417,0.02814540019098534,0.030021265168656316,0.5128392060176494,0.488677311025802
20260509-Chiba_Lotte_Marines-Fukuoka_SoftBank_Hawks,2026-05-09 14:00:00,away,0.39170164670566004,0.36082942806157003,0.025590673246528778,0.016042821156952235,0.5827076800478111,0.6231277507814778
20260509-Hokkaido_Nippon-Ham_Fighters-Orix_Buffaloes,2026-05-09 14:00:00,away,0.4406779586449153,0.5147111326939195,0.023645327027947905,0.030482431318547953,0.5356767143271367,0.45480643598753245
20260509-Tohoku_Rakuten_Golden_Eagles-Saitama_Seibu_Lions,2026-05-09 14:00:00,home,0.40754852478804393,0.44738078762991307,0.02453121899840262,0.02735623111416627,0.5679202562135535,0.5252629812559206
20260509-Tokyo_Yakult_Swallows-Hiroshima_Toyo_Carp,2026-05-09 14:00:00,away,0.4954161164219543,0.4859696758896461,0.02934914207768324,0.02731720411468256,0.47523474150036243,0.48671311999567124
20260509-Yokohama_DeNA_BayStars-Hanshin_Tigers,2026-05-09 14:00:00,away,0.4490068094604742,0.4529942149319444,0.0271781038594276,0.020933981836122325,0.5238150866800982,0.5260718032319331
20260509-Yomiuri_Giants-Chunichi_Dragons,2026-05-09 14:00:00,home,0.43387261553292567,0.4762447986457748,0.02696194573072484,0.030666460024576268,0.5391654387363495,0.4930887413296489
20260510-Hokkaido_Nippon-Ham_Fighters-Orix_Buffaloes,2026-05-10 13:00:00,away,0.4502146965497783,0.5150408954286212,0.02469523755034839,0.030446086090223957,0.5250900658998733,0.4545130184811548
20260510-Tokyo_Yakult_Swallows-Hiroshima_Toyo_Carp,2026-05-10 13:30:00,home,0.5107423287794172,0.48906619457112377,0.029432326212179036,0.027228090680202238,0.4598253450084037,0.48370571474867396
20260510-Yomiuri_Giants-Chunichi_Dragons,2026-05-10 13:30:00,away,0.43131050493570394,0.4734980328156419,0.026043091464384372,0.030875429638973335,0.5426464035999117,0.4956265375453847
20260510-Chiba_Lotte_Marines-Fukuoka_SoftBank_Hawks,2026-05-10 14:00:00,home,0.39771190446669474,0.3645259090107446,0.026498972731738023,0.016019817983918258,0.5757891228015671,0.6194542730053372
20260510-Tohoku_Rakuten_Golden_Eagles-Saitama_Seibu_Lions,2026-05-10 14:00:00,home,0.405216952643475,0.44393528558012546,0.023629554180258534,0.02762507428752016,0.5711534931762665,0.5284396401323543
20260510-Yokohama_DeNA_BayStars-Hanshin_Tigers,2026-05-10 14:00:00,home,0.45281860402967455,0.45377677703461344,0.02829160897396667,0.02107391179044052,0.5188897869963587,0.5251493111749461
20260512-Chunichi_Dragons-Yokohama_DeNA_BayStars,2026-05-12 18:00:00,home,0.42089712803332885,0.41736373167047236,0.025568159826585925,0.01980306347399701,0.5535347121400852,0.5628332048555307
20260512-Hanshin_Tigers-Tokyo_Yakult_Swallows,2026-05-12 18:00:00,away,0.4398367624154641,0.5046134243995256,0.026143236907483224,0.03191473358713526,0.5340200006770527,0.46347184201333913
20260512-Hiroshima_Toyo_Carp-Yomiuri_Giants,2026-05-12 18:00:00,home,0.4250265182180831,0.40964051157173087,0.026378680648477662,0.020443575574412422,0.5485948011334392,0.5699159128538566
20260512-Hokkaido_Nippon-Ham_Fighters-Chiba_Lotte_Marines,2026-05-12 18:00:00,away,0.5039041968234569,0.5569423858340455,0.028543047135695398,0.03307658755122391,0.4675527560408477,0.4099810266147306
20260512-Orix_Buffaloes-Tohoku_Rakuten_Golden_Eagles,2026-05-12 18:00:00,away,0.47992240152409943,0.4797678738098294,0.031043651390947502,0.025763551520916837,0.48903394708495296,0.49446857466925376
20260512-Saitama_Seibu_Lions-Fukuoka_SoftBank_Hawks,2026-05-12 18:00:00,away,0.4475999098858328,0.39211348366699594,0.029646901029054044,0.01611056809229704,0.5227531890851131,0.5917759482407069
20260513-Chunichi_Dragons-Yokohama_DeNA_BayStars,2026-05-13 18:00:00,home,0.4128005628991894,0.41434204646375367,0.025449225854006295,0.02017736327893337,0.5617502112468042,0.565480590257313
20260513-Hanshin_Tigers-Tokyo_Yakult_Swallows,2026-05-13 18:00:00,home,0.4596999400209987,0.5110721412959771,0.027530448720328057,0.02947298955259821,0.5127696112586734,0.45945486915142475
20260513-Hiroshima_Toyo_Carp-Yomiuri_Giants,2026-05-13 18:00:00,home,0.42281772789904015,0.4098239094995205,0.02586462680008689,0.020726723734264416,0.5513176453008729,0.569449366766215
20260513-Hokkaido_Nippon-Ham_Fighters-Chiba_Lotte_Marines,2026-05-13 18:00:00,away,0.5113615097919294,0.5562942251145887,0.02861256757259055,0.033448193638738855,0.46002592263548003,0.41025758124667244
20260513-Saitama_Seibu_Lions-Fukuoka_SoftBank_Hawks,2026-05-13 18:00:00,away,0.4661419701191533,0.3950144256203303,0.03004036656821393,0.016300525380215286,0.5038176633126328,0.5886850489994545
20260514-Orix_Buffaloes-Tohoku_Rakuten_Golden_Eagles,2026-05-14 13:00:00,home,0.4843935647796838,0.4799637130606417,0.0310586846076281,0.026077081391842834,0.48454775061268807,0.4939592055475154
20260514-Chunichi_Dragons-Yokohama_DeNA_BayStars,2026-05-14 18:00:00,draw,0.3992679816640043,0.4087830689824957,0.025058707198667467,0.020720108150979168,0.5756733111373282,0.5704968228665251
20260514-Hokkaido_Nippon-Ham_Fighters-Chiba_Lotte_Marines,2026-05-14 18:00:00,home,0.5208089444343691,0.5606006445166062,0.02988475987226786,0.03316536201906863,0.44930629569336306,0.4062339934643251
20260515-Fukuoka_SoftBank_Hawks-Tohoku_Rakuten_Golden_Eagles,2026-05-15 13:00:00,home,0.4699788195016457,0.5504338070987541,0.029189126380786384,0.04563065745436998,0.5008320541175679,0.4039355354468758
20260515-Hiroshima_Toyo_Carp-Hanshin_Tigers,2026-05-15 18:00:00,away,0.39396057064630846,0.3674029000931046,0.025017506507753355,0.018593774170855643,0.5810219228459381,0.6140033257360397
20260515-Orix_Buffaloes-Chiba_Lotte_Marines,2026-05-15 18:00:00,home,0.48117999427529246,0.49809868602485147,0.029790722931983486,0.028412822789677758,0.489029282792724,0.47348849118547076
20260515-Saitama_Seibu_Lions-Hokkaido_Nippon-Ham_Fighters,2026-05-15 18:00:00,away,0.4475356939416211,0.41560366149398353,0.03049346066146632,0.023985412399403112,0.5219708453969125,0.5604109261066132
20260515-Tokyo_Yakult_Swallows-Chunichi_Dragons,2026-05-15 18:00:00,away,0.49386167736030434,0.4921171086964425,0.02878912916629331,0.03637573624820131,0.4773491934734023,0.4715071550553561
20260515-Yokohama_DeNA_BayStars-Yomiuri_Giants,2026-05-15 18:00:00,home,0.4761346926329822,0.46752063988807374,0.026559485443825352,0.0183265505927674,0.49730582192319256,0.5141528095191589
20260516-Fukuoka_SoftBank_Hawks-Tohoku_Rakuten_Golden_Eagles,2026-05-16 13:00:00,home,0.46052475729790254,0.5313667515335941,0.027997362200420945,0.03440803910417563,0.5114778805016765,0.4342252093622303
20260516-Hiroshima_Toyo_Carp-Hanshin_Tigers,2026-05-16 14:00:00,home,0.4007781695067101,0.3684846280484662,0.0261060275224423,0.01862897546897403,0.5731158029708475,0.6128863964825597
20260516-Orix_Buffaloes-Chiba_Lotte_Marines,2026-05-16 14:00:00,home,0.47083840793014575,0.4963412944585191,0.029256158103013845,0.02889782148644508,0.4999054339668404,0.474760884055036
20260516-Saitama_Seibu_Lions-Hokkaido_Nippon-Ham_Fighters,2026-05-16 14:00:00,home,0.4500663383312538,0.3977789901598854,0.02979651997303231,0.01762840689871215,0.5201371416957139,0.5845926029414024
20260516-Tokyo_Yakult_Swallows-Chunichi_Dragons,2026-05-16 14:00:00,home,0.5022727743050139,0.48023875416847334,0.02801477221413574,0.026332792705548724,0.4697124534808504,0.493428453125978
20260516-Yokohama_DeNA_BayStars-Yomiuri_Giants,2026-05-16 14:00:00,home,0.46620197315548606,0.4836781566871913,0.02690750167581624,0.02567603145303134,0.5068905251686977,0.4906458118597774
20260517-Fukuoka_SoftBank_Hawks-Tohoku_Rakuten_Golden_Eagles,2026-05-17 13:00:00,away,0.4563290335996789,0.5297856133926678,0.0268524109126016,0.03465145591586442,0.5168185554877195,0.4355629306914678
20260517-Saitama_Seibu_Lions-Hokkaido_Nippon-Ham_Fighters,2026-05-17 13:00:00,away,0.44935267330807943,0.3998423523007693,0.028865362281204978,0.01787190876232692,0.5217819644107157,0.5822857389369037
20260517-Tokyo_Yakult_Swallows-Chunichi_Dragons,2026-05-17 13:30:00,away,0.48172619651045523,0.4728718136279605,0.02670547537875537,0.027369929657264147,0.4915683281107895,0.49975825671477536
20260517-Hiroshima_Toyo_Carp-Hanshin_Tigers,2026-05-17 14:00:00,away,0.3931696209068503,0.3667961016789026,0.025801734025778712,0.01889309283090827,0.5810286450673711,0.6143108054901892
20260517-Orix_Buffaloes-Chiba_Lotte_Marines,2026-05-17 14:00:00,home,0.4633899999905462,0.4915646451482986,0.027993551746360854,0.02960893623435601,0.5086164482630929,0.4788264186173454
20260517-Yokohama_DeNA_BayStars-Yomiuri_Giants,2026-05-17 14:00:00,home,0.45906579369561823,0.4829803005059785,0.026491191977007167,0.025998162462814587,0.5144430143273746,0.49102153703120693
20260519-Chiba_Lotte_Marines-Saitama_Seibu_Lions,2026-05-19 18:00:00,home,0.389251300798188,0.41492908700935294,0.023857880786840428,0.0245649790466444,0.5868908184149715,0.5605059339440026
20260519-Chunichi_Dragons-Hanshin_Tigers,2026-05-19 18:00:00,home,0.39615226328590925,0.3814758104460814,0.026338835019477026,0.019417454312043062,0.5775089016946138,0.5991067352418755
20260519-Fukuoka_SoftBank_Hawks-Orix_Buffaloes,2026-05-19 18:00:00,home,0.46286134894116243,0.5109012059261031,0.025323486124403372,0.03194692294690648,0.5118151649344342,0.45715187112699046
20260519-Tohoku_Rakuten_Golden_Eagles-Hokkaido_Nippon-Ham_Fighters,2026-05-19 18:00:00,home,0.4078542230257112,0.3788478895691146,0.02468705613801055,0.019224634345045382,0.5674587208362781,0.60192747608584
20260519-Yokohama_DeNA_BayStars-Hiroshima_Toyo_Carp,2026-05-19 18:00:00,home,0.4849706207784011,0.5147318604929737,0.02736759757277792,0.03163407034196574,0.487661781648821,0.4536340691650605
20260519-Yomiuri_Giants-Tokyo_Yakult_Swallows,2026-05-19 18:00:00,away,0.43266538277191385,0.46424129510449824,0.02758729108216717,0.02666115704046604,0.5397473261459189,0.5090975478550356
20260520-Chiba_Lotte_Marines-Saitama_Seibu_Lions,2026-05-20 18:00:00,away,0.3944324812246633,0.41326828752805117,0.02320470880937381,0.02457086506606965,0.5823628099659629,0.5621608474058791
20260520-Chunichi_Dragons-Hanshin_Tigers,2026-05-20 18:00:00,home,0.3995973969040942,0.3805399535064232,0.025475441209650042,0.019621352613682197,0.5749271618862559,0.5998386938798946
20260520-Fukuoka_SoftBank_Hawks-Orix_Buffaloes,2026-05-20 18:00:00,home,0.4516577314096614,0.507325635232148,0.025249506994340986,0.03240903972082729,0.5230927615959976,0.46026532504702466
20260520-Tohoku_Rakuten_Golden_Eagles-Hokkaido_Nippon-Ham_Fighters,2026-05-20 18:00:00,home,0.3981418406900123,0.3767432470191982,0.02406071187855021,0.019482957928707145,0.5777974474314375,0.6037737950520946
20260520-Yokohama_DeNA_BayStars-Hiroshima_Toyo_Carp,2026-05-20 18:00:00,away,0.47552591676972383,0.5108626577158626,0.026896199014019084,0.03223783692423981,0.49757788421625715,0.45689950535989765
20260521-Yokohama_DeNA_BayStars-Hiroshima_Toyo_Carp,2026-05-21 18:00:00,home,0.4807007376988559,0.5119426470769647,0.027472689391075895,0.03219415579021159,0.49182657291006815,0.45586319713282375
20260521-Yomiuri_Giants-Tokyo_Yakult_Swallows,2026-05-21 18:00:00,home,0.44213102451525466,0.4641833892327138,0.02813889620583711,0.026809418437608014,0.5297300792789083,0.5090071923296782
20260522-Chiba_Lotte_Marines-Tohoku_Rakuten_Golden_Eagles,2026-05-22 18:00:00,away,0.45916694550420595,0.4388147950677795,0.029188277813818202,0.022818516160019925,0.5116447766819758,0.5383666887722005
20260522-Hanshin_Tigers-Yomiuri_Giants,2026-05-22 18:00:00,away,0.4594411374468543,0.504285261065009,0.028359041698048763,0.039027314052669175,0.512199820855097,0.4566874248823219
20260522-Hiroshima_Toyo_Carp-Chunichi_Dragons,2026-05-22 18:00:00,home,0.4575739917865819,0.41878048643739835,0.026681715623570426,0.017953496776465436,0.5157442925898477,0.5632660167861362
20260522-Hokkaido_Nippon-Ham_Fighters-Fukuoka_SoftBank_Hawks,2026-05-22 18:00:00,home,0.4784637097176865,0.4647507069305871,0.029900363122759843,0.022421168792759297,0.4916359271595538,0.5128281242766536
20260522-Orix_Buffaloes-Saitama_Seibu_Lions,2026-05-22 18:00:00,away,0.41714719736472466,0.4515574289452912,0.024954766790897347,0.028969315837432084,0.557898035844378,0.5194732552172767
20260523-Chiba_Lotte_Marines-Tohoku_Rakuten_Golden_Eagles,2026-05-23 14:00:00,away,0.46937453564020215,0.43902272429380534,0.029136243564221,0.023084440616027015,0.5014892207955768,0.5378928350901676
20260523-Hiroshima_Toyo_Carp-Chunichi_Dragons,2026-05-23 14:00:00,away,0.4368866563985702,0.4371571700158457,0.0274581876708585,0.02504185166973756,0.5356551559305712,0.5378009783144168
20260523-Hokkaido_Nippon-Ham_Fighters-Fukuoka_SoftBank_Hawks,2026-05-23 14:00:00,home,0.4496602520798229,0.4632402976502685,0.02871527011116334,0.02443101829279062,0.5216244778090138,0.5123286840569409
20260523-Orix_Buffaloes-Saitama_Seibu_Lions,2026-05-23 14:00:00,home,0.4340532920433222,0.4556389781569643,0.02579010299857156,0.028430823313461095,0.5401566049581062,0.5159301985295746
20260523-Tokyo_Yakult_Swallows-Yokohama_DeNA_BayStars,2026-05-23 14:00:00,away,0.4554112619540973,0.42660400166223356,0.02734731331493936,0.021765930123644302,0.5172414247309634,0.5516300682141221
20260523-Hanshin_Tigers-Yomiuri_Giants,2026-05-23 18:00:00,away,0.47427106909564865,0.4919885949155004,0.02781955783931329,0.02843678630340011,0.49790937306503813,0.4795746187810993
20260524-Chiba_Lotte_Marines-Tohoku_Rakuten_Golden_Eagles,2026-05-24 13:00:00,home,0.4789894169965552,0.44481716847492386,0.02926332077917548,0.022926411758278767,0.49174726222426934,0.5322564197667973
20260524-Orix_Buffaloes-Saitama_Seibu_Lions,2026-05-24 13:00:00,home,0.42845017063074015,0.45179667031307996,0.024901947732966636,0.028805965547340807,0.5466478816362933,0.5193973641395793
20260524-Hiroshima_Toyo_Carp-Chunichi_Dragons,2026-05-24 13:30:00,away,0.44053505128212306,0.4409513237259287,0.02807550133029614,0.0248807106860694,0.5313894473875809,0.5341679655880018
20260524-Hanshin_Tigers-Yomiuri_Giants,2026-05-24 14:00:00,away,0.4811716507373205,0.49362024707750596,0.02842069507162527,0.028535112085552414,0.4904076541910541,0.4778446408369416
20260524-Hokkaido_Nippon-Ham_Fighters-Fukuoka_SoftBank_Hawks,2026-05-24 14:00:00,home,0.4213526028675099,0.46159350095026297,0.027494065409016052,0.026219243303137685,0.551153331723474,0.5121872557465994
20260524-Tokyo_Yakult_Swallows-Yokohama_DeNA_BayStars,2026-05-24 14:00:00,home,0.4677786948852984,0.43330119566617803,0.02855495062997385,0.021417102806048492,0.5036663544847277,0.5452817015277736
20260526-Orix_Buffaloes-Yokohama_DeNA_BayStars,2026-05-26 17:45:00,away,0.48744045140852577,0.4328848366240807,0.028445710849395338,0.02207039261173114,0.4841138377420789,0.5450447707641881
20260526-Chiba_Lotte_Marines-Hiroshima_Toyo_Carp,2026-05-26 18:00:00,away,0.500469694305233,0.4442787253783087,0.026598441869130223,0.02486632015433742,0.47293186382563673,0.5308549544673539
20260526-Fukuoka_SoftBank_Hawks-Yomiuri_Giants,2026-05-26 18:00:00,away,0.5101788045204307,0.5126469940072468,0.02735138415285341,0.02800419262355691,0.4624698113267159,0.45934881336919625
20260526-Hokkaido_Nippon-Ham_Fighters-Hanshin_Tigers,2026-05-26 18:00:00,away,0.43868183766913244,0.4625894157265979,0.02560311770753443,0.027072997079554306,0.5357150446233331,0.5103375871938478
20260526-Saitama_Seibu_Lions-Tokyo_Yakult_Swallows,2026-05-26 18:00:00,away,0.498727130155188,0.4525610453438347,0.029367695771461613,0.022791705313290438,0.4719051740733505,0.524647249342875
20260526-Tohoku_Rakuten_Golden_Eagles-Chunichi_Dragons,2026-05-26 18:00:00,home,0.47854682450504493,0.45600877780318344,0.027176657152193594,0.02543710298660217,0.4942765183427614,0.5185541192102143
20260527-Orix_Buffaloes-Yokohama_DeNA_BayStars,2026-05-27 17:45:00,away,0.5042748288898714,0.44118144705501167,0.02846682073049444,0.021722725343746592,0.46725835037963415,0.5370958276012417
20260527-Chiba_Lotte_Marines-Hiroshima_Toyo_Carp,2026-05-27 18:00:00,away,0.5044099838025965,0.4457520765696385,0.0277195940434547,0.02488822769047779,0.4678704221539488,0.5293596957398837
20260527-Fukuoka_SoftBank_Hawks-Yomiuri_Giants,2026-05-27 18:00:00,home,0.5229887438093586,0.5206014936303669,0.028062456874728785,0.027521783314768275,0.4489487993159126,0.4518767230548648
20260527-Hokkaido_Nippon-Ham_Fighters-Hanshin_Tigers,2026-05-27 18:00:00,away,0.45807968439541685,0.46502159982438274,0.02635680414970304,0.026724384735697604,0.5155635114548801,0.5082540154399197
20260527-Saitama_Seibu_Lions-Tokyo_Yakult_Swallows,2026-05-27 18:00:00,draw,0.5006626388639651,0.4529211089726785,0.029922891899707746,0.023174087329185068,0.4694144692363271,0.5239048036981365
20260527-Tohoku_Rakuten_Golden_Eagles-Chunichi_Dragons,2026-05-27 18:00:00,home,0.46895106584158414,0.4521665380065506,0.026576440486514356,0.02591544955218818,0.5044724936719015,0.5219180124412612
20260528-Orix_Buffaloes-Yokohama_DeNA_BayStars,2026-05-28 17:45:00,home,0.5138244896329971,0.4458824390745498,0.029038401490142293,0.021743831462599693,0.4571371088768606,0.5323737294628507
20260528-Chiba_Lotte_Marines-Hiroshima_Toyo_Carp,2026-05-28 18:00:00,away,0.5010839220305717,0.44903126044005803,0.028641474674185097,0.024799480758072718,0.47027460329524307,0.5261692588018693
20260528-Fukuoka_SoftBank_Hawks-Yomiuri_Giants,2026-05-28 18:00:00,away,0.5056160135462527,0.5159788737845071,0.027328940317117054,0.028438975098025617,0.4670550461366303,0.45558215111746725
20260528-Hokkaido_Nippon-Ham_Fighters-Hanshin_Tigers,2026-05-28 18:00:00,away,0.46821541553894896,0.4682783599252344,0.027135205036441134,0.026400977599346964,0.5046493794246099,0.5053206624754186
20260528-Saitama_Seibu_Lions-Tokyo_Yakult_Swallows,2026-05-28 18:00:00,away,0.49377519303807205,0.4528250013741234,0.029160252385714222,0.023602944792287976,0.4770645545762137,0.5235720538335886
20260528-Tohoku_Rakuten_Golden_Eagles-Chunichi_Dragons,2026-05-28 18:00:00,home,0.45087661501755605,0.44859443099485785,0.02572280317675048,0.026383712670862387,0.5234005818056935,0.5250218563342798
20260529-Chunichi_Dragons-Orix_Buffaloes,2026-05-29 18:00:00,away,0.38064884844981794,0.4183438667396471,0.024745478532133786,0.023072132968730244,0.5946056730180483,0.5585840002916227
20260529-Hanshin_Tigers-Chiba_Lotte_Marines,2026-05-29 18:00:00,away,0.43432318444873286,0.530335281673283,0.02651620003576776,0.035000119375167366,0.5391606155154993,0.43466459895154963
20260529-Hiroshima_Toyo_Carp-Fukuoka_SoftBank_Hawks,2026-05-29 18:00:00,home,0.36083830471877276,0.3627226166342905,0.02542511622532174,0.01806256611737018,0.6137365790559055,0.6192148172483393
20260529-Tokyo_Yakult_Swallows-Tohoku_Rakuten_Golden_Eagles,2026-05-29 18:00:00,away,0.46330302436069415,0.4698797398425995,0.029029065757801977,0.02688000360625481,0.5076679098815038,0.5032402565511457
20260529-Yokohama_DeNA_BayStars-Saitama_Seibu_Lions,2026-05-29 18:00:00,home,0.3722859052663898,0.46116216762344253,0.023072394264710333,0.03241500813024398,0.6046417004688999,0.5064228242463136
20260529-Yomiuri_Giants-Hokkaido_Nippon-Ham_Fighters,2026-05-29 18:00:00,away,0.38576842391844707,0.3994976083346779,0.024854070771911107,0.02039933523121109,0.5893775053096417,0.5801030564341111
20260530-Chunichi_Dragons-Orix_Buffaloes,2026-05-30 14:00:00,home,0.40105865627930065,0.423050131522603,0.0252996664963895,0.022772868232998397,0.5736416772243098,0.5541770002443985
20260530-Hanshin_Tigers-Chiba_Lotte_Marines,2026-05-30 14:00:00,away,0.4473267153680006,0.5275305299978633,0.026706263893400497,0.035374492285237334,0.5259670207385989,0.4370949777168994
20260530-Hiroshima_Toyo_Carp-Fukuoka_SoftBank_Hawks,2026-05-30 14:00:00,home,0.35657982710984826,0.3596103537917025,0.02499274563500548,0.01833948576851703,0.6184274272551463,0.6220501604397805
20260530-Tokyo_Yakult_Swallows-Tohoku_Rakuten_Golden_Eagles,2026-05-30 14:00:00,away,0.48091451781477357,0.47725208716894274,0.029985309214789615,0.026413396174535867,0.4891001729704368,0.49633451665652134
20260530-Yokohama_DeNA_BayStars-Saitama_Seibu_Lions,2026-05-30 14:00:00,home,0.35895759514550396,0.45521996260778697,0.021907845112353885,0.03205843337429433,0.6191345597421422,0.5127216040179187
20260530-Yomiuri_Giants-Hokkaido_Nippon-Ham_Fighters,2026-05-30 14:00:00,away,0.3982343468199014,0.40213966820931807,0.025569163970923313,0.020326955889862705,0.5761964892091752,0.5775333759008192
20260531-Chunichi_Dragons-Orix_Buffaloes,2026-05-31 13:00:00,home,0.396431708886457,0.42051306013053996,0.024844461622086443,0.02313625373014289,0.5787238294914565,0.5563506861393173
20260531-Hanshin_Tigers-Chiba_Lotte_Marines,2026-05-31 13:00:00,home,0.4537144571461806,0.5282721900264816,0.027298145780936662,0.03531084770347131,0.5189873970728828,0.436416962270047
20260531-Hiroshima_Toyo_Carp-Fukuoka_SoftBank_Hawks,2026-05-31 13:00:00,home,0.3556106118261339,0.3586294060545929,0.02424425509936173,0.01847574338894573,0.6201451330745045,0.6228948505564613
20260531-Tokyo_Yakult_Swallows-Tohoku_Rakuten_Golden_Eagles,2026-05-31 13:00:00,away,0.48231833085097714,0.48371264490181215,0.031289996082999205,0.026143471888391365,0.48639167306602366,0.4901438832097964
20260531-Yomiuri_Giants-Hokkaido_Nippon-Ham_Fighters,2026-05-31 13:00:00,home,0.4117148054078555,0.40595527510914153,0.026349451831333096,0.020213210026894992,0.5619357427608115,0.5738315148639634
20260531-Yokohama_DeNA_BayStars-Saitama_Seibu_Lions,2026-05-31 14:00:00,away,0.3541233009260565,0.44751747651707735,0.02156596946056241,0.03236493721835863,0.624310729613381,0.5201175862645641
20260602-Chiba_Lotte_Marines-Tokyo_Yakult_Swallows,2026-06-02 18:00:00,away,0.45204930550978,0.42750103662307515,0.026956060266770596,0.021609525325670804,0.5209946342234494,0.550889438051254
20260602-Fukuoka_SoftBank_Hawks-Chunichi_Dragons,2026-06-02 18:00:00,away,0.5234730562444337,0.5440592631280612,0.028966027217323265,0.0318949780318817,0.44756091653824304,0.42404575884005696
20260602-Orix_Buffaloes-Yomiuri_Giants,2026-06-02 18:00:00,home,0.49870135237577373,0.4546495480403831,0.028177858336868387,0.024314709218970016,0.4731207892873579,0.5210357427406469
20260602-Tohoku_Rakuten_Golden_Eagles-Yokohama_DeNA_BayStars,2026-06-02 18:00:00,away,0.4267569829346385,0.41135420401115236,0.023979127903694292,0.021125891798557044,0.5492638891616671,0.5675199041902905
20260603-Chiba_Lotte_Marines-Tokyo_Yakult_Swallows,2026-06-03 18:00:00,home,0.46835474409740346,0.4329254193094909,0.02782566924700264,0.02143038804621518,0.5038195866555939,0.5456441926442939
20260603-Fukuoka_SoftBank_Hawks-Chunichi_Dragons,2026-06-03 18:00:00,away,0.5298512627843018,0.5445334891849715,0.030188521003299242,0.032057292832443504,0.43996021621239895,0.4234092179825851
20260603-Hokkaido_Nippon-Ham_Fighters-Hiroshima_Toyo_Carp,2026-06-03 18:00:00,home,0.5143465696482927,0.5385456146095324,0.029262036177513297,0.03562519266473181,0.4563913941741939,0.4258291927257358
20260603-Orix_Buffaloes-Yomiuri_Giants,2026-06-03 18:00:00,home,0.4944516096147412,0.4538901915698312,0.027118914888540867,0.02474645595395519,0.47842947549671805,0.5213633524762136
20260603-Saitama_Seibu_Lions-Hanshin_Tigers,2026-06-03 18:00:00,away,0.4927586214064182,0.4175745424435871,0.029848552862581267,0.01901762062527535,0.47739282573100056,0.5634078369311376
20260603-Tohoku_Rakuten_Golden_Eagles-Yokohama_DeNA_BayStars,2026-06-03 18:00:00,away,0.4486685358010875,0.41827680966879915,0.02539834614807513,0.0207712276263037,0.5259331180508373,0.5609519627048971
20260604-Chiba_Lotte_Marines-Tokyo_Yakult_Swallows,2026-06-04 18:00:00,away,0.46401392136957476,0.43001103549319747,0.027390901844562648,0.021965739110670523,0.5085951767858625,0.548023225396132
20260604-Fukuoka_SoftBank_Hawks-Chunichi_Dragons,2026-06-04 18:00:00,away,0.533814715750501,0.5507506815898701,0.030858342563238467,0.03158298164769917,0.43532694168626046,0.41766633676243076
20260604-Hokkaido_Nippon-Ham_Fighters-Hiroshima_Toyo_Carp,2026-06-04 18:00:00,away,0.5005869290325484,0.534343941583598,0.028624375122239233,0.03627687594718414,0.4707886958452124,0.4293791824692179
20260604-Orix_Buffaloes-Yomiuri_Giants,2026-06-04 18:00:00,home,0.4912230952043212,0.45530035336705976,0.026081233110238945,0.024965694236017306,0.48269567168543986,0.5197339523969229
20260604-Saitama_Seibu_Lions-Hanshin_Tigers,2026-06-04 18:00:00,away,0.4901329768259597,0.41980115249797506,0.030415524473969353,0.019327843109611054,0.4794514987000709,0.5608710043924139
20260604-Tohoku_Rakuten_Golden_Eagles-Yokohama_DeNA_BayStars,2026-06-04 18:00:00,home,0.4531044247982511,0.4188368662920105,0.026400877734907506,0.020934880733719585,0.5204946974668415,0.5602282529742699
20260605-Chiba_Lotte_Marines-Yomiuri_Giants,2026-06-05 18:00:00,home,0.47304138201312523,0.42301478242897983,0.027509743962228345,0.021137673826100992,0.4994488740246464,0.5558475437449192
20260605-Fukuoka_SoftBank_Hawks-Yokohama_DeNA_BayStars,2026-06-05 18:00:00,home,0.5335211370315216,0.5226981922955463,0.030642910579426065,0.025958832914538852,0.43583595238905243,0.4513429747899148
20260605-Hokkaido_Nippon-Ham_Fighters-Tokyo_Yakult_Swallows,2026-06-05 18:00:00,away,0.46796231759189055,0.5184892793593275,0.027235721591305457,0.03191967881253938,0.504801960816804,0.44959104182813303
20260605-Orix_Buffaloes-Hiroshima_Toyo_Carp,2026-06-05 18:00:00,draw,0.528452370141078,0.4844959359552093,0.027958867894469185,0.029754409132147976,0.4435887619644528,0.48574965491264277
20260605-Saitama_Seibu_Lions-Chunichi_Dragons,2026-06-05 18:00:00,home,0.524258907637906,0.4944079957008777,0.03291353028600957,0.025499075823905842,0.4428275620760844,0.48009292847521645
20260605-Tohoku_Rakuten_Golden_Eagles-Hanshin_Tigers,2026-06-05 18:00:00,home,0.4122900632026764,0.3815674437163037,0.024037207418715515,0.019774444287771382,0.563672729378608,0.598658111995925
20260606-Fukuoka_SoftBank_Hawks-Yokohama_DeNA_BayStars,2026-06-06 14:00:00,away,0.5102054178267736,0.5197976500096098,0.02992373806131851,0.02677402140126692,0.45987084411190776,0.45342832858912324
20260606-Hokkaido_Nippon-Ham_Fighters-Tokyo_Yakult_Swallows,2026-06-06 14:00:00,away,0.4779130038314004,0.5187196067475128,0.027845687512650954,0.031982621930174635,0.4942413086559486,0.4492977713223126
20260606-Orix_Buffaloes-Hiroshima_Toyo_Carp,2026-06-06 14:00:00,home,0.5204496322628606,0.483797419503391,0.028371683590724294,0.030099632924660648,0.4511786841464151,0.4861029475719484
20260606-Saitama_Seibu_Lions-Chunichi_Dragons,2026-06-06 14:00:00,away,0.5203489023712663,0.49109707448949474,0.031820474568505765,0.026343917639266103,0.4478306230602278,0.48255900787123907
20260606-Tohoku_Rakuten_Golden_Eagles-Hanshin_Tigers,2026-06-06 14:00:00,home,0.4005384976767226,0.377005204837872,0.02337632277776732,0.020199503255404736,0.5760851795455102,0.6027952919067234
20260606-Chiba_Lotte_Marines-Yomiuri_Giants,2026-06-06 18:00:00,draw,0.4495669492641805,0.42009969590782337,0.026984797851004733,0.021712554390165357,0.5234482528848148,0.5581877497020112
20260607-Orix_Buffaloes-Hiroshima_Toyo_Carp,2026-06-07 13:30:00,home,0.5129317059926602,0.48378176045734284,0.027230548473958966,0.030381793604405283,0.45983774553338075,0.4858364459382519
20260607-Saitama_Seibu_Lions-Chunichi_Dragons,2026-06-07 13:30:00,away,0.5242777401449766,0.4955067622235272,0.031848706743699134,0.02640954262153775,0.4438735531113241,0.4780836951549351
20260607-Chiba_Lotte_Marines-Yomiuri_Giants,2026-06-07 14:00:00,draw,0.44556502880558796,0.418821274615139,0.02741054278747382,0.022036210920557225,0.5270244284069382,0.5591425144643037
20260607-Fukuoka_SoftBank_Hawks-Yokohama_DeNA_BayStars,2026-06-07 14:00:00,away,0.5133235793406995,0.524134146150172,0.031044153629052218,0.02671344925229846,0.45563226703024834,0.4491524045975296
20260607-Hokkaido_Nippon-Ham_Fighters-Tokyo_Yakult_Swallows,2026-06-07 14:00:00,away,0.490576004581647,0.5179361783537081,0.028014228515843873,0.032194303457992034,0.48140976690250903,0.4498695181882999
20260609-Chunichi_Dragons-Chiba_Lotte_Marines,2026-06-09 18:00:00,home,0.41495558045462494,0.4469055194856903,0.023486773556538935,0.026186164480557328,0.5615576459888362,0.5269083160337524
20260609-Hanshin_Tigers-Fukuoka_SoftBank_Hawks,2026-06-09 18:00:00,home,0.4114992786911157,0.4533797920918169,0.026500783732497857,0.03309890575853911,0.5619999375763864,0.513521302149644
20260609-Hiroshima_Toyo_Carp-Saitama_Seibu_Lions,2026-06-09 18:00:00,home,0.35749939493372485,0.3881471955418658,0.022845287226307492,0.024679857184412957,0.6196553178399676,0.5871729472737212
20260609-Tokyo_Yakult_Swallows-Orix_Buffaloes,2026-06-09 18:00:00,home,0.41118815910264006,0.4275336670209735,0.027199812826773726,0.025119908911692055,0.5616120280705863,0.5473464240673345
20260609-Yokohama_DeNA_BayStars-Hokkaido_Nippon-Ham_Fighters,2026-06-09 18:00:00,home,0.3955834871629949,0.4091323680122101,0.023735520214863873,0.0210834736809918,0.5806809926221412,0.5697841583067981
20260609-Yomiuri_Giants-Tohoku_Rakuten_Golden_Eagles,2026-06-09 18:00:00,away,0.4864635545121437,0.46154356257790197,0.029614960689223913,0.020012908015584186,0.4839214847986323,0.5184435294065138
20260610-Chunichi_Dragons-Chiba_Lotte_Marines,2026-06-10 18:00:00,away,0.4083917423026021,0.44384155305652495,0.023429398761196697,0.02654703848731351,0.5681788589362011,0.5296114084561615
20260610-Hanshin_Tigers-Fukuoka_SoftBank_Hawks,2026-06-10 18:00:00,home,0.3989629315039714,0.4319386931577194,0.02411305340902392,0.024560396895296186,0.5769240150870047,0.5435009099469844
20260610-Hiroshima_Toyo_Carp-Saitama_Seibu_Lions,2026-06-10 18:00:00,home,0.3600993738009348,0.38823822573857614,0.02250534144469428,0.02451616823845038,0.6173952847543709,0.5872456060229735
20260610-Tokyo_Yakult_Swallows-Orix_Buffaloes,2026-06-10 18:00:00,home,0.4122011120459256,0.42748700660674516,0.02625276325545704,0.025188806848866405,0.5615461246986173,0.5473241865443884
20260610-Yokohama_DeNA_BayStars-Hokkaido_Nippon-Ham_Fighters,2026-06-10 18:00:00,home,0.3927370343015449,0.40560297183086996,0.0231765502095094,0.021381841560050123,0.5840864154889457,0.57301518660908
20260610-Yomiuri_Giants-Tohoku_Rakuten_Golden_Eagles,2026-06-10 18:00:00,away,0.49771016150701924,0.49114196260734344,0.03170767306794674,0.02670485285709005,0.4705821654250341,0.4821531845355665
20260611-Chunichi_Dragons-Chiba_Lotte_Marines,2026-06-11 18:00:00,home,0.42920891521823445,0.45649059588477164,0.02433004671355051,0.025429822766899757,0.5464610380682151,0.5180795813483285
20260611-Hanshin_Tigers-Fukuoka_SoftBank_Hawks,2026-06-11 18:00:00,home,0.3928278091167425,0.42862876776007314,0.023532323953510653,0.02484221474328265,0.5836398669297469,0.5465290174966443
20260611-Hiroshima_Toyo_Carp-Saitama_Seibu_Lions,2026-06-11 18:00:00,home,0.35834211141450817,0.3893797411442639,0.022497339033194796,0.024276341650964987,0.6191605495522969,0.5863439172047711
20260611-Tokyo_Yakult_Swallows-Orix_Buffaloes,2026-06-11 18:00:00,home,0.40590270528423966,0.4269650464804079,0.02532447013202193,0.025305181191312223,0.5687728245837385,0.5477297723282799
20260611-Yokohama_DeNA_BayStars-Hokkaido_Nippon-Ham_Fighters,2026-06-11 18:00:00,home,0.3901927529730778,0.40364225812950466,0.022753914393364272,0.021529352082490853,0.587053332633558,0.5748283897880045
20260611-Yomiuri_Giants-Tohoku_Rakuten_Golden_Eagles,2026-06-11 18:00:00,home,0.5113103436179898,0.49971921588156243,0.032519408752365794,0.026304345152485774,0.4561702476296446,0.47397643896595176
20260612-Chunichi_Dragons-Hokkaido_Nippon-Ham_Fighters,2026-06-12 18:00:00,home,0.39275275037383406,0.3667789019275368,0.023317490673498434,0.017559256800082742,0.5839297589526675,0.6156618412723804
20260612-Hanshin_Tigers-Orix_Buffaloes,2026-06-12 18:00:00,home,0.42830648211674627,0.48001792028446916,0.02638535870888644,0.030201174854823626,0.5453081591743673,0.4897809048607071
20260612-Hiroshima_Toyo_Carp-Tohoku_Rakuten_Golden_Eagles,2026-06-12 18:00:00,home,0.4381531977296201,0.4501461396374043,0.028968689801508636,0.02380842137584449,0.5328781124688713,0.5260454389867512
20260612-Tokyo_Yakult_Swallows-Fukuoka_SoftBank_Hawks,2026-06-12 18:00:00,away,0.37248722665455697,0.37260788582125937,0.022216048574200613,0.020720910101596053,0.6052967247712425,0.6066712040771446
20260612-Yokohama_DeNA_BayStars-Chiba_Lotte_Marines,2026-06-12 18:00:00,home,0.4117567045494204,0.4875221371081553,0.0233950450870254,0.03154207367837694,0.5648482503635541,0.48093578921346775
20260612-Yomiuri_Giants-Saitama_Seibu_Lions,2026-06-12 18:00:00,home,0.4005539406372587,0.4309930376684111,0.02383160033856787,0.02826953348394158,0.5756144590241735,0.5407374288476473
20260613-Chunichi_Dragons-Hokkaido_Nippon-Ham_Fighters,2026-06-13 14:00:00,home,0.3930111250011587,0.364978587812428,0.02287356799051365,0.017828357316945605,0.5841153070083277,0.6171930548706264
20260613-Hiroshima_Toyo_Carp-Tohoku_Rakuten_Golden_Eagles,2026-06-13 14:00:00,away,0.4372313368523898,0.4483481744184805,0.027928271250634396,0.024342814947410286,0.5348403918969757,0.5273090106341092
20260613-Tokyo_Yakult_Swallows-Fukuoka_SoftBank_Hawks,2026-06-13 14:00:00,home,0.38843479928278557,0.37474475223802906,0.02258256266995972,0.020420691790756625,0.5889826380472548,0.6048345559712143
20260613-Yokohama_DeNA_BayStars-Chiba_Lotte_Marines,2026-06-13 14:00:00,away,0.4120858138540628,0.4849633142249186,0.02300495147251635,0.031670592083402456,0.5649092346734208,0.48336609369167893
20260613-Hanshin_Tigers-Orix_Buffaloes,2026-06-13 15:00:00,away,0.42305125695632695,0.47701065527395925,0.02585157107252167,0.030574420120479444,0.5510971719711514,0.4924149246055613
20260613-Yomiuri_Giants-Saitama_Seibu_Lions,2026-06-13 18:00:00,away,0.3977674142552756,0.4260494373879163,0.023268901584563954,0.028535795327213318,0.5789636841601603,0.5454147672848703
20260614-Chunichi_Dragons-Hokkaido_Nippon-Ham_Fighters,2026-06-14 13:00:00,away,0.38995666337885054,0.36572836758394156,0.022917487207440565,0.01792574807538836,0.5871258494137089,0.6163458843406702
20260614-Hanshin_Tigers-Orix_Buffaloes,2026-06-14 13:00:00,home,0.43270718123915203,0.48175962573665065,0.02685223210563314,0.03008254970599409,0.5404405866552149,0.48815782455735535
20260614-Hiroshima_Toyo_Carp-Tohoku_Rakuten_Golden_Eagles,2026-06-14 13:00:00,away,0.4448587161342423,0.4492037885068725,0.028517903297402013,0.02461157462935067,0.5266233805683558,0.5261846368637768
20260614-Tokyo_Yakult_Swallows-Fukuoka_SoftBank_Hawks,2026-06-14 13:00:00,away,0.377170788442396,0.3695655420923891,0.021759639080127784,0.02072012183019843,0.6010695724774763,0.6097143360774124
20260614-Yomiuri_Giants-Saitama_Seibu_Lions,2026-06-14 13:00:00,home,0.40002593826722077,0.42538391869496256,0.024109920647422026,0.02832904010439339,0.5758641410853572,0.5462870412006441
20260614-Yokohama_DeNA_BayStars-Chiba_Lotte_Marines,2026-06-14 14:00:00,home,0.4437417082332495,0.5047704371819977,0.024120233889242605,0.03176134394803223,0.5321380578775079,0.4634682188699702
20260616-Hokkaido_Nippon-Ham_Fighters-Hiroshima_Toyo_Carp,2026-06-16 18:00:00,away,0.5003538325512332,0.5332552836736476,0.030148246450754906,0.03620425420164414,0.4694979209980119,0.43054046212470815
20260616-Saitama_Seibu_Lions-Hanshin_Tigers,2026-06-16 18:00:00,away,0.5052821077040961,0.42758652847793527,0.03147737750809206,0.020347761253012114,0.46324051478781175,0.5520657102690526
20260617-Tohoku_Rakuten_Golden_Eagles-Hanshin_Tigers,2026-06-17 18:00:00,home,0.3990694027886717,0.40831461050494305,0.026559233570270634,0.03738689541035122,0.5743713636410577,0.5542984940847057
20260619-Chunichi_Dragons-Yomiuri_Giants,2026-06-19 18:00:00,away,0.4154058708018845,0.4197367148144458,0.024539143403710426,0.022479905592151215,0.560054985794405,0.557783379593403
20260619-Fukuoka_SoftBank_Hawks-Hokkaido_Nippon-Ham_Fighters,2026-06-19 18:00:00,home,0.4472790806095245,0.5092128525242086,0.030097002992857003,0.04388503320950771,0.5226239163976184,0.4469021142662837
20260619-Hiroshima_Toyo_Carp-Tokyo_Yakult_Swallows,2026-06-19 18:00:00,home,0.42824973656236415,0.38074738978508105,0.024555034817869727,0.012403161575842722,0.5471952286197661,0.6068494486390762
20260619-Saitama_Seibu_Lions-Orix_Buffaloes,2026-06-19 18:00:00,home,0.490291335578418,0.4197788249810865,0.028986426379661777,0.012941378991275626,0.48072223804192016,0.5672797960276379
20260619-Tohoku_Rakuten_Golden_Eagles-Chiba_Lotte_Marines,2026-06-19 18:00:00,home,0.40560969342274444,0.3832573591329838,0.0202670050066564,0.010704927326782496,0.5741233015705992,0.6060377135402337
20260619-Hanshin_Tigers-Yokohama_DeNA_BayStars,2026-06-19 18:15:00,away,0.4825387719706125,0.42504172499811127,0.025544767224635948,0.010348237992268926,0.49191646080475154,0.5646100370096198
20260620-Chunichi_Dragons-Yomiuri_Giants,2026-06-20 14:00:00,home,0.42334215779923046,0.4210899059258415,0.025162757655911295,0.022555818842174502,0.5514950845448583,0.556354275231984
20260620-Fukuoka_SoftBank_Hawks-Hokkaido_Nippon-Ham_Fighters,2026-06-20 14:00:00,away,0.4377110195229844,0.47143645093645564,0.02633819889508877,0.02425928926753739,0.5359507815819268,0.5043042597960069
20260620-Hiroshima_Toyo_Carp-Tokyo_Yakult_Swallows,2026-06-20 14:00:00,away,0.4132336242029941,0.41965784256966626,0.026030546710970624,0.024039939243109838,0.5607358290860354,0.5563022181872239
20260620-Saitama_Seibu_Lions-Orix_Buffaloes,2026-06-20 14:00:00,away,0.4844609092203756,0.46527986158039536,0.030474034266782947,0.02449624014260881,0.48506505651284143,0.5102238982769959
20260621-Fukuoka_SoftBank_Hawks-Hokkaido_Nippon-Ham_Fighters,2026-06-21 13:00:00,away,0.45853986453151135,0.4807517216500196,0.026714948964987245,0.023719074289842948,0.5147451865035014,0.49552920406013745
20260621-Saitama_Seibu_Lions-Orix_Buffaloes,2026-06-21 13:00:00,away,0.5013599066966067,0.46942401905174413,0.03075167590134451,0.024581375341724547,0.46788841740204873,0.5059946056065313
20260621-Hiroshima_Toyo_Carp-Tokyo_Yakult_Swallows,2026-06-21 13:30:00,away,0.43117073882767043,0.4271747468200083,0.02648129035908771,0.023629215288157337,0.5423479708132418,0.5491960378918344
20260621-Chunichi_Dragons-Yomiuri_Giants,2026-06-21 14:00:00,away,0.42098912818856715,0.41822299985126077,0.024678146976362836,0.02297976183580405,0.55433272483507,0.5587972383129353
20260621-Tohoku_Rakuten_Golden_Eagles-Chiba_Lotte_Marines,2026-06-21 17:00:00,home,0.39414184424587173,0.446651769132044,0.022881308414988654,0.027476955879695966,0.5829768473391396,0.52587127498826
20260621-Hanshin_Tigers-Yokohama_DeNA_BayStars,2026-06-21 18:15:00,away,0.5040362713475816,0.5026507988531637,0.029421509768050132,0.025508352238616264,0.46654221888436825,0.47184084890822003
20260622-Saitama_Seibu_Lions-Tohoku_Rakuten_Golden_Eagles,2026-06-22 18:00:00,home,0.5537222916095115,0.527682355626861,0.035231921591055496,0.02556179134379117,0.411045786799433,0.4467558530293478
20260623-Chiba_Lotte_Marines-Hokkaido_Nippon-Ham_Fighters,2026-06-23 13:00:00,home,0.42511857821757865,0.37821147915533504,0.025704649237876305,0.016451283147877492,0.549176772544545,0.6053372376967875
20260623-Orix_Buffaloes-Fukuoka_SoftBank_Hawks,2026-06-23 18:00:00,away,0.4032741728776447,0.39004590826675867,0.02372740147470385,0.020226167901392176,0.5729984256476515,0.5897279238318491
20260623-Saitama_Seibu_Lions-Tohoku_Rakuten_Golden_Eagles,2026-06-23 18:00:00,home,0.5511474224862297,0.5325323560842549,0.03440304631149242,0.025965771871228945,0.41444953120227773,0.44150187204451613
20260623-Tokyo_Yakult_Swallows-Hanshin_Tigers,2026-06-23 18:00:00,away,0.3958368164672198,0.38824613130721186,0.025371661103365178,0.021186523133418508,0.578791522429415,0.5905673455593697
20260623-Yokohama_DeNA_BayStars-Chunichi_Dragons,2026-06-23 18:00:00,home,0.42728189563145313,0.48277087825414056,0.02452969222457764,0.03104973273931677,0.5481884121439693,0.4861793890065426
20260623-Yomiuri_Giants-Hiroshima_Toyo_Carp,2026-06-23 18:00:00,away,0.4683155440279101,0.4715350784544775,0.0296301666041513,0.03006397179612754,0.5020542893679386,0.49840094974939503
20260624-Chiba_Lotte_Marines-Hokkaido_Nippon-Ham_Fighters,2026-06-24 13:00:00,home,0.4156750294100252,0.37429428039611223,0.025017177640916512,0.016919280414064958,0.5593077929490582,0.6087864391898227
20260624-Orix_Buffaloes-Fukuoka_SoftBank_Hawks,2026-06-24 18:00:00,home,0.4273568170332469,0.3947956277402271,0.024209574724885094,0.019875462703906895,0.5484336082418679,0.585328909555866
20260624-Yokohama_DeNA_BayStars-Chunichi_Dragons,2026-06-24 18:00:00,away,0.41843914865515663,0.4789133818207607,0.024398140976793364,0.031232025116507935,0.55716271036805,0.4898545930627313
20260625-Orix_Buffaloes-Fukuoka_SoftBank_Hawks,2026-06-25 18:00:00,home,0.41659204820785334,0.3958500130474648,0.02391753539838837,0.01990298794620449,0.5594904163937582,0.5842469990063307
20260625-Saitama_Seibu_Lions-Tohoku_Rakuten_Golden_Eagles,2026-06-25 18:00:00,home,0.5354948592618857,0.5320749467485857,0.032969484751982796,0.02683156807006957,0.43153565598613164,0.4410934851813448
20260625-Yokohama_DeNA_BayStars-Chunichi_Dragons,2026-06-25 18:00:00,home,0.42323695394940597,0.48212297208404403,0.025411459439235375,0.030571371469489204,0.5513515866113587,0.48730565644646673
20260626-Hokkaido_Nippon-Ham_Fighters-Saitama_Seibu_Lions,2026-06-26 18:00:00,home,0.43463072399645347,0.49628478443920726,0.0281783187291852,0.0418788149258424,0.5371909572743613,0.46183640063495035
20260627-Hanshin_Tigers-Hiroshima_Toyo_Carp,2026-06-27 14:00:00,home,0.5056313042847184,0.5230826630383821,0.028014902414177204,0.03379025041026866,0.4663537933011045,0.4431270865513493
20260627-Hokkaido_Nippon-Ham_Fighters-Saitama_Seibu_Lions,2026-06-27 18:00:00,away,0.42697162255880505,0.476989732179216,0.026877884348280902,0.03094423833568453,0.546150493092914,0.4920660294850994
20260627-Tohoku_Rakuten_Golden_Eagles-Orix_Buffaloes,2026-06-27 18:00:00,away,0.3958065477349403,0.41048219066724545,0.024454965562551858,0.02210512233891831,0.5797384867025079,0.5674126869938362
20260628-Hanshin_Tigers-Hiroshima_Toyo_Carp,2026-06-28 14:00:00,away,0.49760739076616295,0.521234331399713,0.027434489873729196,0.034298255776866786,0.4749581193601078,0.4444674128234202
20260628-Tohoku_Rakuten_Golden_Eagles-Orix_Buffaloes,2026-06-28 16:00:00,home,0.4085965730056087,0.4146916970846611,0.02572501936486374,0.021751832195398113,0.5656784076295276,0.5635564707199409
20260628-Chunichi_Dragons-Tokyo_Yakult_Swallows,2026-06-28 17:00:00,home,0.45995806177771115,0.4055204090057632,0.024686306679282104,0.01236357997342754,0.5153556315430068,0.5821160110208093
20260628-Fukuoka_SoftBank_Hawks-Chiba_Lotte_Marines,2026-06-28 17:00:00,draw,0.5039478381681787,0.5565717957567922,0.028582271693530337,0.02394493594891205,0.467469890138291,0.41948326829429566
20260628-Hokkaido_Nippon-Ham_Fighters-Saitama_Seibu_Lions,2026-06-28 18:00:00,away,0.43423093808970886,0.4785025336706039,0.027482757081727087,0.03061996074328027,0.538286304828564,0.4908775055861159
20260628-Yomiuri_Giants-Yokohama_DeNA_BayStars,2026-06-28 18:15:00,away,0.47674688543340793,0.4957026824732816,0.03476825384781928,0.04199322050734504,0.4884848607187728,0.46230409701937336
20260630-Chiba_Lotte_Marines-Tohoku_Rakuten_Golden_Eagles,2026-06-30 18:00:00,away,0.4859876008210829,0.4739203771043862,0.028782391731071284,0.023629232853987422,0.48523000744784583,0.5024503900416263
20260630-Chunichi_Dragons-Hanshin_Tigers,2026-06-30 18:00:00,home,0.4116203804900067,0.3839927598511659,0.025265749897760748,0.01935444394418219,0.5631138696122325,0.596652796204652
20260630-Hiroshima_Toyo_Carp-Yokohama_DeNA_BayStars,2026-06-30 18:00:00,away,0.4285220273920337,0.41566416375628285,0.028518036233586848,0.020493337507484086,0.5429599363743794,0.563842498736233
20260630-Orix_Buffaloes-Hokkaido_Nippon-Ham_Fighters,2026-06-30 18:00:00,home,0.41996988221539994,0.40223228898675084,0.023415309472570676,0.020680627826691823,0.5566148083120294,0.5770870831865574
20260630-Saitama_Seibu_Lions-Fukuoka_SoftBank_Hawks,2026-06-30 18:00:00,home,0.4282012022428855,0.4091701538108081,0.02585868838332199,0.020884939285079923,0.5459401093737924,0.569944906904112
20260630-Tokyo_Yakult_Swallows-Yomiuri_Giants,2026-06-30 18:00:00,away,0.43095749364654334,0.42517605505792533,0.024361193402829606,0.024932130860811728,0.5446813129506269,0.5498918140812629
20260701-Chiba_Lotte_Marines-Tohoku_Rakuten_Golden_Eagles,2026-07-01 18:00:00,away,0.49363074089563025,0.477734265121359,0.029374854105493797,0.023620746947749134,0.4769944049988759,0.4986449879308919
20260701-Orix_Buffaloes-Hokkaido_Nippon-Ham_Fighters,2026-07-01 18:00:00,home,0.4064336953270266,0.39829655669840525,0.02269425676264645,0.02111038311905397,0.570872047910327,0.5805930601825409
20260701-Saitama_Seibu_Lions-Fukuoka_SoftBank_Hawks,2026-07-01 18:00:00,home,0.4126044732475001,0.4034997752442046,0.02507566522099018,0.021475111091247213,0.5623198615315097,0.5750251136645482
20260701-Tokyo_Yakult_Swallows-Yomiuri_Giants,2026-07-01 18:00:00,home,0.4369835518775578,0.4273049384536028,0.024891934805904667,0.02479874032233587,0.5381245133165377,0.5478963212240613
20260702-Chunichi_Dragons-Hanshin_Tigers,2026-07-02 18:00:00,away,0.4012202878801608,0.38347328932871777,0.02520508242532376,0.019534611445639116,0.5735746296945154,0.596992099225643
20260702-Orix_Buffaloes-Hokkaido_Nippon-Ham_Fighters,2026-07-02 18:00:00,home,0.3908463633360222,0.39244293261766466,0.022357635884737555,0.021571803520606676,0.5867960007792402,0.5859852638617287
20260702-Saitama_Seibu_Lions-Fukuoka_SoftBank_Hawks,2026-07-02 18:00:00,home,0.3847179765182568,0.40260970629997905,0.024316248381554405,0.023262635338025865,0.5909657751001888,0.5741276583619951
20260702-Hiroshima_Toyo_Carp-Yokohama_DeNA_BayStars,2026-07-02 18:15:00,draw,0.4363578334021941,0.42255254370236206,0.02915725807987796,0.02030580272724916,0.5344849085179278,0.5571416535703888
20260703-Chiba_Lotte_Marines-Fukuoka_SoftBank_Hawks,2026-07-03 18:00:00,home,0.36615353323636185,0.3805852862416131,0.02521182377278732,0.02447726808822202,0.6086346429908509,0.5949374456701649
20260703-Hiroshima_Toyo_Carp-Hanshin_Tigers,2026-07-03 18:00:00,away,0.36851287160060947,0.3647902038789911,0.02587683607052351,0.019643784526482425,0.605610292328867,0.6155660115945265
20260703-Hokkaido_Nippon-Ham_Fighters-Tohoku_Rakuten_Golden_Eagles,2026-07-03 18:00:00,home,0.5493703226233839,0.557477599192524,0.03191608504179734,0.022891716285104897,0.41871359233481875,0.419630684522371
20260703-Saitama_Seibu_Lions-Orix_Buffaloes,2026-07-03 18:00:00,draw,0.4834177731807746,0.47728222218309085,0.02864478671865407,0.026581678097184435,0.48793744010057133,0.49613609971972455
20260703-Yokohama_DeNA_BayStars-Tokyo_Yakult_Swallows,2026-07-03 18:00:00,away,0.41998148604917185,0.44808679043234445,0.02342314868691342,0.020667377289880336,0.5565953652639148,0.5312458322777751
20260703-Yomiuri_Giants-Chunichi_Dragons,2026-07-03 18:00:00,home,0.46205438681630895,0.48385956018969645,0.030762770733892737,0.03971891891740023,0.5071828424497984,0.47642152089290324
20260704-Chiba_Lotte_Marines-Fukuoka_SoftBank_Hawks,2026-07-04 14:00:00,away,0.3656081244934758,0.3592386914479794,0.023736311617811572,0.017810352244632715,0.6106555638887127,0.622950956307388
20260704-Yomiuri_Giants-Chunichi_Dragons,2026-07-04 14:00:00,home,0.45570221931074834,0.46168334625166835,0.028702276557643798,0.029789518808593853,0.5155955041316078,0.5085271349397379
20260704-Hokkaido_Nippon-Ham_Fighters-Tohoku_Rakuten_Golden_Eagles,2026-07-04 18:00:00,home,0.5217222904669401,0.5717165379709251,0.03241764929646171,0.033311581265085814,0.4458600602365982,0.39497188076398904
20260704-Yokohama_DeNA_BayStars-Tokyo_Yakult_Swallows,2026-07-04 18:00:00,away,0.4334793995638766,0.4748150053594363,0.02574966752471422,0.0274371558529723,0.5407709329114092,0.4977478387875914
20260705-Chiba_Lotte_Marines-Fukuoka_SoftBank_Hawks,2026-07-05 13:30:00,home,0.39294772373394543,0.3666301703866363,0.024318813083667734,0.017069651009988137,0.5827334631823868,0.6163001786033755
20260705-Yomiuri_Giants-Chunichi_Dragons,2026-07-05 13:30:00,away,0.45609917657939825,0.45929065441992484,0.027789214635625597,0.030139675204129867,0.5161116087849761,0.5105696703759454
20260705-Saitama_Seibu_Lions-Orix_Buffaloes,2026-07-05 14:00:00,home,0.4840187576852185,0.4788060683833978,0.028409471217695766,0.02679220367413245,0.4875717710970859,0.4944017279424699
20260705-Hokkaido_Nippon-Ham_Fighters-Tohoku_Rakuten_Golden_Eagles,2026-07-05 17:00:00,away,0.5119349977171203,0.5667531845162203,0.031051021849166634,0.03440353658924734,0.45701398043371305,0.3988432788945325
20260705-Hiroshima_Toyo_Carp-Hanshin_Tigers,2026-07-05 18:00:00,home,0.3910994856067667,0.3698351269715439,0.026443152189970467,0.019333769215916004,0.5824573622032628,0.6108311038125401
20260705-Yokohama_DeNA_BayStars-Tokyo_Yakult_Swallows,2026-07-05 18:00:00,away,0.4633857722182249,0.47995826438331013,0.02678321417275054,0.024634571022676764,0.5098310136090245,0.4954071645940131
20260707-Fukuoka_SoftBank_Hawks-Orix_Buffaloes,2026-07-07 18:00:00,away,0.5411543514970057,0.5480244192975997,0.030860504596629236,0.027143154501000254,0.42798514390636516,0.42483242620140005
20260707-Hanshin_Tigers-Yomiuri_Giants,2026-07-07 18:00:00,home,0.4586048574842279,0.48212007687061337,0.025613742883462513,0.030202035724285013,0.5157813996323096,0.4876778874051016
20260707-Hokkaido_Nippon-Ham_Fighters-Chiba_Lotte_Marines,2026-07-07 18:00:00,home,0.48101811480522466,0.5488062047965442,0.029006257696561014,0.034917888486287504,0.48997562749821433,0.4162759067171683
20260707-Tokyo_Yakult_Swallows-Hiroshima_Toyo_Carp,2026-07-07 18:00:00,home,0.4574750493840486,0.46510356329763214,0.025121573239254735,0.029149206848980414,0.5174033773766966,0.5057472298533874
20260707-Chunichi_Dragons-Yokohama_DeNA_BayStars,2026-07-07 18:15:00,home,0.43888109378154955,0.4384153121242809,0.028631708043177127,0.02176519150372315,0.5324871981752733,0.5398194963719959
20260707-Tohoku_Rakuten_Golden_Eagles-Saitama_Seibu_Lions,2026-07-07 18:30:00,home,0.3989804927212575,0.3857956260459248,0.025499962638198922,0.01953581142054088,0.5755195446405437,0.5946685625335343
20260708-Fukuoka_SoftBank_Hawks-Orix_Buffaloes,2026-07-08 18:00:00,home,0.5509568669352257,0.5525260699463297,0.03091569222695766,0.027268381475884104,0.41812744083781656,0.4202055485777863
20260708-Hanshin_Tigers-Yomiuri_Giants,2026-07-08 18:00:00,away,0.4468408978286903,0.48187253240674255,0.025481550275322326,0.030419355944915426,0.5276775518959874,0.487708111648342
20260708-Hokkaido_Nippon-Ham_Fighters-Chiba_Lotte_Marines,2026-07-08 18:00:00,away,0.4559979085378602,0.5441474432111063,0.028015354723267803,0.0363851440749563,0.515986736738872,0.4194674127139374
20260708-Tokyo_Yakult_Swallows-Hiroshima_Toyo_Carp,2026-07-08 18:00:00,home,0.44997749338530196,0.46423459305832054,0.02485474429794604,0.029177012829859097,0.525167762316752,0.5065883941118203
20260708-Chunichi_Dragons-Yokohama_DeNA_BayStars,2026-07-08 18:15:00,home,0.4218251272532092,0.43378843728109767,0.028235908014741948,0.022466308555330567,0.5499389647320488,0.5437452541635718
20260708-Tohoku_Rakuten_Golden_Eagles-Saitama_Seibu_Lions,2026-07-08 18:30:00,away,0.38303327697765954,0.3821564290369304,0.024970374749669098,0.019907857349862553,0.5919963482726714,0.5979357136132071
20260709-Hanshin_Tigers-Yomiuri_Giants,2026-07-09 18:00:00,away,0.45988793620484586,0.48475970652367545,0.02612895224363489,0.030242517085517423,0.5139831115515192,0.4849977763908071
20260709-Tokyo_Yakult_Swallows-Hiroshima_Toyo_Carp,2026-07-09 18:00:00,away,0.44123637607163435,0.4633447877551532,0.024652336970576224,0.029192795698181853,0.5341112869577895,0.507462416546665
20260709-Chunichi_Dragons-Yokohama_DeNA_BayStars,2026-07-09 18:15:00,away,0.41689132785797217,0.4338964864528951,0.027605462750251362,0.022726617670170295,0.5555032093917764,0.5433768958769346
20260710-Hiroshima_Toyo_Carp-Chunichi_Dragons,2026-07-10 18:00:00,home,0.4316690096850929,0.42727251846747655,0.026024254367253735,0.025699694825061927,0.5423067359476534,0.5470277867074615
20260710-Orix_Buffaloes-Chiba_Lotte_Marines,2026-07-10 18:00:00,home,0.4159227096468827,0.47441370623573964,0.02556684813068003,0.030054166455279186,0.5585104422224372,0.4955321273089812
20260710-Saitama_Seibu_Lions-Hokkaido_Nippon-Ham_Fighters,2026-07-10 18:00:00,away,0.4202656297480061,0.41104888720460947,0.024368147043713633,0.022202658056250137,0.5553662232082802,0.5667484547391404
20260710-Tohoku_Rakuten_Golden_Eagles-Fukuoka_SoftBank_Hawks,2026-07-10 18:00:00,away,0.3475677616685234,0.3432276671354226,0.02260876137110108,0.017019206111574585,0.6298234769603756,0.6397531267530029
20260710-Tokyo_Yakult_Swallows-Hanshin_Tigers,2026-07-10 18:00:00,away,0.37361717376398135,0.3840007369447037,0.02421847215464713,0.02217658235640084,0.6021643540813716,0.5938226806988954
20260710-Yomiuri_Giants-Yokohama_DeNA_BayStars,2026-07-10 18:15:00,home,0.44170453532370696,0.448866985293475,0.028429675453813166,0.02587395586479191,0.52986578922248,0.5252590588417331
20260711-Hiroshima_Toyo_Carp-Chunichi_Dragons,2026-07-11 14:00:00,home,0.40633548186622387,0.4231558999262045,0.02534334223656991,0.026687924667571732,0.5683211758972062,0.5501561754062237
20260711-Saitama_Seibu_Lions-Hokkaido_Nippon-Ham_Fighters,2026-07-11 14:00:00,home,0.42854180843675094,0.4110120553903712,0.024911231363578604,0.02230839255084313,0.5465469601996704,0.5666795520587857
20260711-Orix_Buffaloes-Chiba_Lotte_Marines,2026-07-11 18:00:00,away,0.41134256141365266,0.4758290373034945,0.024927935785890726,0.029760263858369076,0.5637295028004566,0.49441069883813643
20260711-Tohoku_Rakuten_Golden_Eagles-Fukuoka_SoftBank_Hawks,2026-07-11 18:00:00,home,0.3571469905902389,0.3463874971914273,0.023708934126543884,0.016727689967151245,0.6191440752832171,0.6368848128414215
20260711-Tokyo_Yakult_Swallows-Hanshin_Tigers,2026-07-11 18:00:00,home,0.38295553875980004,0.38357949054322465,0.024774403003547663,0.02203810575990981,0.5922700582366522,0.5943824036968656
20260711-Yomiuri_Giants-Yokohama_DeNA_BayStars,2026-07-11 18:00:00,away,0.4268664452215594,0.44991810997967596,0.027339738713354243,0.0259914484917634,0.5457938160650864,0.5240904415285607
20260712-Saitama_Seibu_Lions-Hokkaido_Nippon-Ham_Fighters,2026-07-12 13:00:00,away,0.40689992935456687,0.4075936845302028,0.02437329459593894,0.02273167318630871,0.5687267760494942,0.5696746422834884
20260712-Hiroshima_Toyo_Carp-Chunichi_Dragons,2026-07-12 13:30:00,away,0.3888885287463084,0.4176576011709255,0.0245034168831083,0.02711945627376528,0.5866080543705833,0.5552229425553092
20260712-Tohoku_Rakuten_Golden_Eagles-Fukuoka_SoftBank_Hawks,2026-07-12 14:00:00,home,0.34400548373465833,0.3424813852227855,0.022903280112783753,0.01691976249731588,0.6330912361525579,0.6405988522798985
20260712-Orix_Buffaloes-Chiba_Lotte_Marines,2026-07-12 17:00:00,away,0.4339710270819531,0.4829400010032323,0.025646742146404725,0.028814056400841812,0.5403822307716422,0.4882459425959259
20260712-Tokyo_Yakult_Swallows-Hanshin_Tigers,2026-07-12 18:00:00,home,0.37872026569898043,0.38130795824219516,0.02422584731340525,0.02208789942203593,0.5970538869876143,0.5966041423357689
20260712-Yomiuri_Giants-Yokohama_DeNA_BayStars,2026-07-12 18:00:00,away,0.43626677736253056,0.45253575219197134,0.02752052913580479,0.02583103738956735,0.5362126935016646,0.5216332104184612
20260714-Fukuoka_SoftBank_Hawks-Hokkaido_Nippon-Ham_Fighters,2026-07-14 13:00:00,away,0.4905586848441879,0.48654487554339987,0.028658254339273645,0.0220783701113228,0.4807830608165385,0.4913767543452773
20260714-Chiba_Lotte_Marines-Saitama_Seibu_Lions,2026-07-14 18:00:00,home,0.413355464526881,0.40968739727269143,0.027018892837840647,0.020050031337941483,0.5596256426352784,0.5702625713893671
20260714-Hanshin_Tigers-Chunichi_Dragons,2026-07-14 18:00:00,away,0.49426530162183513,0.5112440172930861,0.02758452701174352,0.03331625087286801,0.47815017136642146,0.4554397318340459
20260714-Orix_Buffaloes-Tohoku_Rakuten_Golden_Eagles,2026-07-14 18:00:00,home,0.48702935819100557,0.5052203538560478,0.027595669543621217,0.02817296973049993,0.4853749722653732,0.46660667641345227
20260714-Yokohama_DeNA_BayStars-Hiroshima_Toyo_Carp,2026-07-14 18:00:00,away,0.49899032973472396,0.5014768923446988,0.026587739952091016,0.026644505405050454,0.47442193031318497,0.4718786022502507
20260714-Yomiuri_Giants-Tokyo_Yakult_Swallows,2026-07-14 18:00:00,home,0.48266445937543967,0.46233586869756477,0.028133971359575412,0.026442358469983846,0.489201569264985,0.5112217728324515
20260715-Fukuoka_SoftBank_Hawks-Hokkaido_Nippon-Ham_Fighters,2026-07-15 13:00:00,home,0.4932202458807928,0.4887667718570429,0.029252737146755355,0.02234356814855228,0.4775270169724518,0.4888896599944048
20260715-Chiba_Lotte_Marines-Saitama_Seibu_Lions,2026-07-15 18:00:00,home,0.404770535301143,0.40767938198791265,0.02708400238207448,0.02035878834423707,0.5681454623167825,0.5719618296678504
20260715-Hanshin_Tigers-Chunichi_Dragons,2026-07-15 18:00:00,home,0.5042369432044834,0.5146490519986123,0.028141830845386955,0.033010057105332634,0.4676212259501296,0.45234089089605506
20260715-Orix_Buffaloes-Tohoku_Rakuten_Golden_Eagles,2026-07-15 18:00:00,home,0.47629654270912625,0.5013834086854968,0.027087677122397076,0.028819984033973362,0.4966157801684768,0.46979660728052985
20260715-Yokohama_DeNA_BayStars-Hiroshima_Toyo_Carp,2026-07-15 18:00:00,home,0.5055704770047786,0.5037951354259721,0.02713511829694497,0.026684306306429515,0.4672944046982765,0.4695205582675984
20260715-Yomiuri_Giants-Tokyo_Yakult_Swallows,2026-07-15 18:00:00,away,0.4771174708544925,0.4636783940468509,0.02768569395503355,0.026656687361355638,0.4951968351904738,0.5096649185917934
20260716-Fukuoka_SoftBank_Hawks-Hokkaido_Nippon-Ham_Fighters,2026-07-16 13:00:00,away,0.4797468782144584,0.49169940350598945,0.02905952977663375,0.02258206055934595,0.49119359200890805,0.48571853593466463
20260716-Chiba_Lotte_Marines-Saitama_Seibu_Lions,2026-07-16 18:00:00,away,0.4030705802670035,0.40638690154594725,0.026016984090682763,0.020626656248114314,0.5709124356423136,0.5729864422059384
20260716-Hanshin_Tigers-Chunichi_Dragons,2026-07-16 18:00:00,away,0.4973170604728638,0.5159845895572975,0.027536396532289162,0.033036537279632135,0.475146542994847,0.4509788731630703
20260716-Orix_Buffaloes-Tohoku_Rakuten_Golden_Eagles,2026-07-16 18:00:00,home,0.47526051575088,0.49918817060295134,0.026188716183965042,0.029242772001002764,0.4985507680651549,0.4715690573960458
20260716-Yomiuri_Giants-Tokyo_Yakult_Swallows,2026-07-16 18:00:00,away,0.48876541300036236,0.47296913796817786,0.028864856942361496,0.02606809112492879,0.48236973005727624,0.5009627709068933
20260717-Chunichi_Dragons-Yomiuri_Giants,2026-07-17 18:00:00,home,0.42268870434868727,0.4262560813956974,0.0266650010364662,0.02255249684426261,0.5506462946148465,0.55119142176004
20260717-Hanshin_Tigers-Hiroshima_Toyo_Carp,2026-07-17 18:00:00,away,0.532224793554658,0.5214501548094929,0.02817517698453518,0.023877518499296983,0.43960002946080684,0.45467232669121005
20260717-Tokyo_Yakult_Swallows-Yokohama_DeNA_BayStars,2026-07-17 18:00:00,home,0.4091627049397697,0.41549553814364837,0.025127174647526822,0.018036415989099098,0.5657101204127035,0.5664680458672525
20260718-Chunichi_Dragons-Yomiuri_Giants,2026-07-18 14:00:00,away,0.41540082662068106,0.42372520625711174,0.026042209379369904,0.023067565075960143,0.558556963999949,0.5532072286669281
20260718-Hokkaido_Nippon-Ham_Fighters-Orix_Buffaloes,2026-07-18 14:00:00,away,0.479206113116033,0.5332602269943291,0.02978416418432252,0.030303371044470923,0.4910097226996445,0.4364364019612001
20260718-Fukuoka_SoftBank_Hawks-Chiba_Lotte_Marines,2026-07-18 18:00:00,away,0.516268581909919,0.5826317493293554,0.031071000644642112,0.03213738010553642,0.45266041744543895,0.38523087056510835
20260718-Hanshin_Tigers-Hiroshima_Toyo_Carp,2026-07-18 18:00:00,home,0.5301976980118623,0.5423646574405351,0.03042527275362635,0.03248333131897381,0.4393770292345113,0.4251520112404911
20260718-Saitama_Seibu_Lions-Tohoku_Rakuten_Golden_Eagles,2026-07-18 18:00:00,home,0.504684870852571,0.5182196869441914,0.026249228921307072,0.030858615752574176,0.46906590022612193,0.4509216973032344
20260718-Tokyo_Yakult_Swallows-Yokohama_DeNA_BayStars,2026-07-18 18:00:00,home,0.3944168009672204,0.43276846322335916,0.02484981249589951,0.02497506484423417,0.5807333865368801,0.5422564719324067
20260719-Hokkaido_Nippon-Ham_Fighters-Orix_Buffaloes,2026-07-19 13:00:00,away,0.49898615009643216,0.5402198703862977,0.030774139443496072,0.029683690167805674,0.4702397104600718,0.43009643944589665
20260719-Chunichi_Dragons-Yomiuri_Giants,2026-07-19 14:00:00,home,0.43922097153938205,0.42901030256782474,0.026573038300181314,0.02288473547324365,0.5342059901604367,0.5481049619589317
20260719-Fukuoka_SoftBank_Hawks-Chiba_Lotte_Marines,2026-07-19 18:00:00,away,0.5174450354427363,0.583845908569397,0.0308913543138067,0.03242294925864258,0.451663610243457,0.3837311421719605
20260719-Hanshin_Tigers-Hiroshima_Toyo_Carp,2026-07-19 18:00:00,away,0.5229539267892064,0.5392617047029677,0.02946385064903736,0.033328854279996836,0.4475822225617563,0.4274094410170355
20260719-Saitama_Seibu_Lions-Tohoku_Rakuten_Golden_Eagles,2026-07-19 18:00:00,away,0.5029562189435023,0.5161342711215035,0.025274604815630455,0.03140472361961109,0.47176917624086734,0.4524610052588854
20260719-Tokyo_Yakult_Swallows-Yokohama_DeNA_BayStars,2026-07-19 18:00:00,home,0.3755844545121799,0.42452983623601115,0.02336446706865378,0.025531004692325544,0.6010510784191664,0.5499391590716632
20260720-Hokkaido_Nippon-Ham_Fighters-Orix_Buffaloes,2026-07-20 13:00:00,home,0.5128696778646884,0.5435367919655718,0.0308874643140525,0.029616839348780892,0.4562428578212591,0.4268463686856474
20260720-Saitama_Seibu_Lions-Tohoku_Rakuten_Golden_Eagles,2026-07-20 16:00:00,away,0.5113899369856042,0.5206282701292853,0.02585394076897868,0.031137665663746303,0.4627561222454172,0.44823406420696843
20260720-Fukuoka_SoftBank_Hawks-Chiba_Lotte_Marines,2026-07-20 17:00:00,away,0.5176321196490706,0.5838239846449917,0.031360796899574536,0.03282973835897601,0.45100708345135476,0.3833462769960322
20260720-Chunichi_Dragons-Tokyo_Yakult_Swallows,2026-07-20 18:00:00,away,0.5016425105087631,0.4700290262115362,0.029750864778786176,0.022414019244413788,0.4686066247124508,0.50755695454405
20260720-Hiroshima_Toyo_Carp-Yomiuri_Giants,2026-07-20 18:00:00,home,0.38945879961227886,0.40193877669076544,0.02514847974650266,0.022917437254005833,0.5853927206412185,0.5751437860552288
20260720-Yokohama_DeNA_BayStars-Hanshin_Tigers,2026-07-20 18:00:00,away,0.42747799896926914,0.42140827443699597,0.025817865718547734,0.020104486480914282,0.5467041353121832,0.5584872390820899
20260721-Chunichi_Dragons-Tokyo_Yakult_Swallows,2026-07-21 18:00:00,away,0.5075267354779421,0.4734359906233908,0.030459017800691886,0.022737603455501052,0.46201424672136604,0.5038264059211082
20260721-Hiroshima_Toyo_Carp-Yomiuri_Giants,2026-07-21 18:00:00,home,0.3916200775390595,0.3996380370678326,0.02440460473744323,0.023167008202636813,0.5839753177234972,0.5771949547295305
20260721-Orix_Buffaloes-Fukuoka_SoftBank_Hawks,2026-07-21 18:00:00,away,0.36665613231883604,0.36522685612993194,0.021105761731777153,0.01969170027107598,0.6122381059493868,0.615081443598992
20260721-Yokohama_DeNA_BayStars-Hanshin_Tigers,2026-07-21 18:00:00,home,0.4458304775488733,0.4294926128632496,0.027213394752205668,0.019666925968511162,0.526956127698921,0.5508404611682391
20260722-Chunichi_Dragons-Tokyo_Yakult_Swallows,2026-07-22 18:00:00,home,0.52308024151322,0.4872182458073821,0.03119466117106684,0.022218266588349626,0.44572509731571325,0.49056348760426827
20260722-Hiroshima_Toyo_Carp-Yomiuri_Giants,2026-07-22 18:00:00,away,0.3837344274975031,0.399630533334939,0.023683155095677443,0.023242701201824784,0.5925824174068196,0.5771267654632363
20260722-Hokkaido_Nippon-Ham_Fighters-Saitama_Seibu_Lions,2026-07-22 18:00:00,home,0.450437520985005,0.49666552683967674,0.028016233466484512,0.03035882050331085,0.5215462455485104,0.47297565265701247
20260722-Orix_Buffaloes-Fukuoka_SoftBank_Hawks,2026-07-22 18:00:00,home,0.37016109470329084,0.3645397930975858,0.021939180028439576,0.019537006591379285,0.6078997252682696,0.6159232003110349
20260722-Tohoku_Rakuten_Golden_Eagles-Chiba_Lotte_Marines,2026-07-22 18:00:00,home,0.4117600515165066,0.4505107242424426,0.028088516116414334,0.02380741733407477,0.5601514323670791,0.5256818584234826
20260722-Yokohama_DeNA_BayStars-Hanshin_Tigers,2026-07-22 18:00:00,home,0.44820399533993793,0.4272276620515038,0.026384325914094765,0.020066962146540135,0.5254116787459673,0.5527053758019561
20260723-Hokkaido_Nippon-Ham_Fighters-Saitama_Seibu_Lions,2026-07-23 18:00:00,away,0.44342474261778686,0.4954921437785522,0.027491526653069785,0.030532069599024502,0.5290837307291434,0.47397578662242323
20260723-Orix_Buffaloes-Fukuoka_SoftBank_Hawks,2026-07-23 18:00:00,home,0.3380814310872275,0.36246090906530615,0.020943092887052445,0.020359735312178998,0.64097547602572,0.6171793556225149
20260723-Tohoku_Rakuten_Golden_Eagles-Chiba_Lotte_Marines,2026-07-23 18:00:00,away,0.3902694339359865,0.4448729878421593,0.027008215091018035,0.024386312165512715,0.5827223509729955,0.530740699992328
20260724-Chiba_Lotte_Marines-Orix_Buffaloes,2026-07-24 18:00:00,home,0.48634238672115476,0.45225819746134777,0.028042436542065348,0.020140820238824075,0.4856151767367798,0.5276009822998281
20260724-Fukuoka_SoftBank_Hawks-Saitama_Seibu_Lions,2026-07-24 18:00:00,away,0.5121814689620526,0.5325841470269799,0.031350373449499286,0.027287004135485737,0.45646815758844816,0.44012884883753445
20260724-Hiroshima_Toyo_Carp-Tokyo_Yakult_Swallows,2026-07-24 18:00:00,home,0.4718055564412054,0.45729480869385297,0.029678033105135324,0.022081557748733223,0.4985164104536593,0.5206236335574138
20260724-Yokohama_DeNA_BayStars-Chunichi_Dragons,2026-07-24 18:00:00,home,0.47652581760316237,0.4929285704864085,0.027839497723636877,0.02544017644166852,0.4956346846732008,0.481631253071923
20260724-Yomiuri_Giants-Hanshin_Tigers,2026-07-24 18:00:00,away,0.43501716182053224,0.3999289505938706,0.025542786215039404,0.021871806041728923,0.5394400519644285,0.5781992433644004
20260725-Chiba_Lotte_Marines-Orix_Buffaloes,2026-07-25 14:00:00,home,0.47518440004901513,0.45115105589526355,0.027988448824800217,0.02061710488224444,0.4968271511261847,0.5282318392224921
20260725-Tohoku_Rakuten_Golden_Eagles-Hokkaido_Nippon-Ham_Fighters,2026-07-25 14:00:00,home,0.36925507683139086,0.35307593492573597,0.024766902383405502,0.016034956406195816,0.6059780207852036,0.6308891086680682
20260725-Yokohama_DeNA_BayStars-Chunichi_Dragons,2026-07-25 14:00:00,away,0.47054208616387905,0.49068488786914166,0.027264639393497134,0.025868107527124814,0.5021932744426238,0.4834470046037334
20260725-Fukuoka_SoftBank_Hawks-Saitama_Seibu_Lions,2026-07-25 18:00:00,home,0.5242791417647577,0.5388215542085846,0.031469822563335886,0.027140148960523656,0.4442510356719065,0.4340382968308917
20260725-Hiroshima_Toyo_Carp-Tokyo_Yakult_Swallows,2026-07-25 18:00:00,home,0.46152839974052534,0.45704662812989205,0.02897583624414301,0.022550812927794546,0.5094957640153316,0.5204025589423134
20260725-Yomiuri_Giants-Hanshin_Tigers,2026-07-25 18:00:00,away,0.44433698626190404,0.4029507686688529,0.026557003061332716,0.02176625000916638,0.5291060106767632,0.5752829813219806
20260726-Chiba_Lotte_Marines-Orix_Buffaloes,2026-07-26 13:00:00,away,0.46770970926111266,0.4506116075060314,0.027045436123914534,0.021036820739867335,0.5052448546149728,0.5283515717541013
20260726-Tohoku_Rakuten_Golden_Eagles-Hokkaido_Nippon-Ham_Fighters,2026-07-26 13:00:00,home,0.3689409356017916,0.35316717554155547,0.024344439996869287,0.01607499437261574,0.6067146244013392,0.6307578300858289
20260726-Yokohama_DeNA_BayStars-Chunichi_Dragons,2026-07-26 13:30:00,home,0.48113816905680457,0.4949473023682996,0.02852627870370405,0.025639962226682002,0.4903355522394913,0.47941273540501844
20260726-Fukuoka_SoftBank_Hawks-Saitama_Seibu_Lions,2026-07-26 17:00:00,away,0.5101244808476868,0.5407707821001623,0.03022727413542072,0.027505872412607654,0.45964824501689244,0.4317233454872299
20260726-Hiroshima_Toyo_Carp-Tokyo_Yakult_Swallows,2026-07-26 18:00:00,away,0.459529332370581,0.45494661874484255,0.02871431705496377,0.02311296847994534,0.5117563505744551,0.5219404127752121
20260726-Yomiuri_Giants-Hanshin_Tigers,2026-07-26 18:00:00,home,0.45910228369263956,0.4081234437459864,0.027274175469833267,0.021533513747320883,0.5136235408375271,0.5703430425066927
20260731-Chiba_Lotte_Marines-Hokkaido_Nippon-Ham_Fighters,2026-07-31 18:00:00,home,0.4029825586265485,0.3725724213689142,0.024337730025138803,0.016660612456581715,0.5726797113483125,0.6107669661745041
20260731-Chunichi_Dragons-Hiroshima_Toyo_Carp,2026-07-31 18:00:00,home,0.4789717232999956,0.4782054368273676,0.028335618832079454,0.025712157077385597,0.4926926578679249,0.49608240609524673
20260731-Hanshin_Tigers-Tokyo_Yakult_Swallows,2026-07-31 18:00:00,away,0.5131698533400464,0.5379727947748523,0.03172521551998533,0.030224144517065264,0.45510493113996836,0.4318030607080824
20260731-Orix_Buffaloes-Saitama_Seibu_Lions,2026-07-31 18:00:00,away,0.40321946526961167,0.42404775237576176,0.025310254340822267,0.023622797511510318,0.571470280389566,0.5523294501127279
20260731-Yokohama_DeNA_BayStars-Yomiuri_Giants,2026-07-31 18:00:00,home,0.4427309368234502,0.4680490646239852,0.026881717107039314,0.024521151011309767,0.5303873460695104,0.5074297843647051
20260801-Chiba_Lotte_Marines-Hokkaido_Nippon-Ham_Fighters,2026-08-01 14:00:00,away,0.39583631122640883,0.3687951316051659,0.023718218074206005,0.017025491535285785,0.5804454706993851,0.6141793768595483
20260801-Orix_Buffaloes-Saitama_Seibu_Lions,2026-08-01 17:00:00,home,0.40969017874574093,0.4268321950772082,0.025837126054515644,0.023408027991269162,0.5644726951997434,0.5497597769315227
20260801-Chunichi_Dragons-Hiroshima_Toyo_Carp,2026-08-01 18:00:00,away,0.47326721187550996,0.4754578465652927,0.027492145598879886,0.026379214616897392,0.49924064252561023,0.49816293881780976
20260801-Fukuoka_SoftBank_Hawks-Tohoku_Rakuten_Golden_Eagles,2026-08-01 18:00:00,away,0.5679287112726871,0.6117421358023171,0.0308624704012668,0.03232215292348221,0.4012088183260462,0.35593571127420054
20260801-Hanshin_Tigers-Tokyo_Yakult_Swallows,2026-08-01 18:00:00,away,0.5091535476951107,0.5396259611514282,0.03202589933710061,0.030643185424271403,0.4588205529677887,0.42973085342430045
20260801-Yokohama_DeNA_BayStars-Yomiuri_Giants,2026-08-01 18:00:00,away,0.4333841333397704,0.4615369450542185,0.025792293474447416,0.02532142413955985,0.5408235731857822,0.5131416308062217
20260802-Chiba_Lotte_Marines-Hokkaido_Nippon-Ham_Fighters,2026-08-02 13:00:00,home,0.4055764842084602,0.3724003470423419,0.024743904544903078,0.016893258228614365,0.5696796112466367,0.6107063947290438
20260802-Yokohama_DeNA_BayStars-Yomiuri_Giants,2026-08-02 14:00:00,away,0.4338170375539205,0.4673862684947577,0.026315054411667323,0.024903052797230978,0.5398679080344122,0.5077106787080113
20260802-Fukuoka_SoftBank_Hawks-Tohoku_Rakuten_Golden_Eagles,2026-08-02 16:00:00,away,0.5794428032609032,0.6149152608939751,0.030921958836400136,0.03253708903771657,0.38963523790269666,0.35254765006830835
20260802-Orix_Buffaloes-Saitama_Seibu_Lions,2026-08-02 17:00:00,home,0.40422772633717546,0.4232229177238993,0.0250914285070907,0.023746854428200972,0.5706808451557338,0.5530302278478998
20260802-Chunichi_Dragons-Hiroshima_Toyo_Carp,2026-08-02 18:00:00,home,0.4868620475870026,0.48353132779570174,0.02866457821707303,0.02595532124124685,0.4844733741959245,0.4905133509630515
20260802-Hanshin_Tigers-Tokyo_Yakult_Swallows,2026-08-02 18:00:00,away,0.5216062823543199,0.5461265596473476,0.032197683596774156,0.030465748540176803,0.44619603404890584,0.4234076918124756
20260803-Tohoku_Rakuten_Golden_Eagles-Orix_Buffaloes,2026-08-03 18:00:00,home,0.42537017089628,0.42680915509051975,0.027147497850982333,0.020534106339223365,0.5474823312527377,0.552656738570257
20260804-Hanshin_Tigers-Yokohama_DeNA_BayStars,2026-08-04 17:45:00,home,0.4424879627870782,0.49342030936621173,0.028673749714045814,0.0297329533720483,0.528838287498876,0.47684673726173993
20260804-Hokkaido_Nippon-Ham_Fighters-Fukuoka_SoftBank_Hawks,2026-08-04 18:00:00,home,0.39555332843684177,0.43863098545756585,0.024196401191494982,0.023840749275036197,0.5802502703716633,0.537528265267398
20260804-Saitama_Seibu_Lions-Chiba_Lotte_Marines,2026-08-04 18:00:00,home,0.4654981130806707,0.5010361265342029,0.029844776447802035,0.029793195587202215,0.5046571104715273,0.4691706778785948
20260804-Tokyo_Yakult_Swallows-Chunichi_Dragons,2026-08-04 18:00:00,home,0.3832235312215197,0.4171840001453958,0.023639140563165423,0.026201092483253797,0.593137328215315,0.5566149073713504
20260804-Yomiuri_Giants-Hiroshima_Toyo_Carp,2026-08-04 18:00:00,home,0.5045340000999229,0.4980182956951282,0.028658252280027923,0.02821506317766984,0.4668077476200491,0.47376664112720196
20260805-Hanshin_Tigers-Yokohama_DeNA_BayStars,2026-08-05 17:45:00,home,0.4356303499968956,0.48878513170239274,0.02809324557882316,0.03030227923922544,0.5362764044242812,0.4809125890583817
20260805-Hokkaido_Nippon-Ham_Fighters-Fukuoka_SoftBank_Hawks,2026-08-05 18:00:00,home,0.3914655917564876,0.4340292668791641,0.02410733028563318,0.024132789532346478,0.5844270779578793,0.5418379435884895
20260805-Saitama_Seibu_Lions-Chiba_Lotte_Marines,2026-08-05 18:00:00,home,0.4529297426402987,0.4994806788586495,0.02901758170376023,0.030149820150372653,0.518052675655941,0.4703695009909778
20260805-Tohoku_Rakuten_Golden_Eagles-Orix_Buffaloes,2026-08-05 18:00:00,home,0.41820625832342856,0.4288207805633476,0.025984916050963668,0.020599214293490403,0.5558088256256077,0.550580005143162
20260805-Tokyo_Yakult_Swallows-Chunichi_Dragons,2026-08-05 18:00:00,home,0.38270007034658243,0.4161936342650068,0.02323174959786352,0.02598324002293678,0.5940681800555541,0.5578231257120564
20260805-Yomiuri_Giants-Hiroshima_Toyo_Carp,2026-08-05 18:00:00,away,0.48995039368957743,0.4978938994772939,0.028478134917655273,0.028683053948163298,0.4815714713927672,0.47342304657454276
20260806-Hanshin_Tigers-Yokohama_DeNA_BayStars,2026-08-06 17:45:00,away,0.41570716285332276,0.4905684529739871,0.02718640255156876,0.030197878121784327,0.5571064345951086,0.47923366890422864
20260806-Hokkaido_Nippon-Ham_Fighters-Fukuoka_SoftBank_Hawks,2026-08-06 18:00:00,away,0.3888850845324184,0.4345893381912942,0.023633276067356566,0.02401455288676858,0.587481639400225,0.5413961089219371
20260806-Tohoku_Rakuten_Golden_Eagles-Orix_Buffaloes,2026-08-06 18:00:00,away,0.4118633775046912,0.42560317410790366,0.0253925044931447,0.020975311848494018,0.5627441180021641,0.5534215140436023
20260806-Tokyo_Yakult_Swallows-Chunichi_Dragons,2026-08-06 18:00:00,home,0.3794072047515931,0.4120614074560269,0.02267034980143083,0.02606069916434329,0.597922445446976,0.5618778933796298
20260806-Yomiuri_Giants-Hiroshima_Toyo_Carp,2026-08-06 18:00:00,away,0.49851931850467174,0.5013987832613612,0.029757490642317277,0.02870019403429018,0.4717231908530109,0.4699010227043485
20260807-Chunichi_Dragons-Hanshin_Tigers,2026-08-07 18:00:00,away,0.4392252259044385,0.3961954356734677,0.025879336041851834,0.01971358944616036,0.5348954380537098,0.5840909748803719
20260807-Fukuoka_SoftBank_Hawks-Saitama_Seibu_Lions,2026-08-07 18:00:00,away,0.53804318100302,0.5285681949090675,0.029324782982715635,0.020487377474390712,0.4326320360142645,0.4509444276165418
20260807-Hiroshima_Toyo_Carp-Yokohama_DeNA_BayStars,2026-08-07 18:00:00,home,0.385702225308295,0.4060446434853637,0.02432841877418839,0.02144911374289534,0.5899693559175165,0.5725062427717409
20260807-Orix_Buffaloes-Chiba_Lotte_Marines,2026-08-07 18:00:00,away,0.40153107221008155,0.4444137495880175,0.02551605132180648,0.021094134298781833,0.5729528764681119,0.5344921161132008
20260807-Tohoku_Rakuten_Golden_Eagles-Hokkaido_Nippon-Ham_Fighters,2026-08-07 18:00:00,home,0.3469560642063153,0.3437583110806749,0.022947490205274697,0.016663704638197562,0.6300964455884099,0.6395779842811276
20260807-Tokyo_Yakult_Swallows-Yomiuri_Giants,2026-08-07 18:00:00,away,0.3631661513685325,0.3900494379550692,0.02110764569061907,0.02456572804579326,0.6157262029408483,0.5853848339991375
20260808-Tohoku_Rakuten_Golden_Eagles-Hokkaido_Nippon-Ham_Fighters,2026-08-08 15:00:00,away,0.3473443856789961,0.34265339653296256,0.022994546335278934,0.016655918228087194,0.6296610679857249,0.6406906852389502
20260808-Tokyo_Yakult_Swallows-Yomiuri_Giants,2026-08-08 15:00:00,home,0.3643087770284923,0.38808701854418337,0.02179202948764506,0.024343473979583523,0.6138991934838626,0.587569507476233
20260808-Chunichi_Dragons-Hanshin_Tigers,2026-08-08 18:00:00,away,0.44261557417716996,0.3979612618784977,0.026406776354608426,0.019841714591286534,0.5309776494682216,0.5821970235302159
20260808-Fukuoka_SoftBank_Hawks-Saitama_Seibu_Lions,2026-08-08 18:00:00,home,0.5403285054832355,0.5515698196159838,0.031210166894705675,0.027906294608390877,0.4284613276220588,0.4205238857756253
20260808-Hiroshima_Toyo_Carp-Yokohama_DeNA_BayStars,2026-08-08 18:00:00,home,0.38588565439510186,0.40304776552524674,0.02435311061855804,0.021601382064090374,0.5897612349863401,0.5753508524106629
20260808-Orix_Buffaloes-Chiba_Lotte_Marines,2026-08-08 18:00:00,home,0.4181665516286433,0.4691999357913159,0.027028256153245986,0.0281104479964155,0.5548051922181108,0.5026896162122686
20260809-Tohoku_Rakuten_Golden_Eagles-Hokkaido_Nippon-Ham_Fighters,2026-08-09 14:00:00,home,0.37432778905336866,0.34891447205251347,0.023770660120220992,0.016230268252997906,0.6019015508264104,0.6348552596944885
20260809-Tokyo_Yakult_Swallows-Yomiuri_Giants,2026-08-09 14:00:00,home,0.35145210525840165,0.3839995745251953,0.021391536127225764,0.024393290007474356,0.6271563586143726,0.5916071354673305
20260809-Fukuoka_SoftBank_Hawks-Saitama_Seibu_Lions,2026-08-09 17:00:00,away,0.5259743706086973,0.5483158701451775,0.03064759292051527,0.028848270069104474,0.4433780364707873,0.4228358597857181
20260809-Orix_Buffaloes-Chiba_Lotte_Marines,2026-08-09 17:00:00,home,0.4062289658453339,0.4646309338632874,0.02620084084253124,0.02849478207508205,0.5675701933121349,0.5068742840616305
20260809-Chunichi_Dragons-Hanshin_Tigers,2026-08-09 18:00:00,home,0.4593271012718668,0.4065445233850165,0.027767295681688155,0.019512048794611075,0.512905603046445,0.5739434278203724
20260809-Hiroshima_Toyo_Carp-Yokohama_DeNA_BayStars,2026-08-09 18:00:00,home,0.38944741186831966,0.4023337041211137,0.024070664495289686,0.02159392698100205,0.5864819236363907,0.5760723688978843
20260811-Chiba_Lotte_Marines-Fukuoka_SoftBank_Hawks,2026-08-11 14:00:00,home,0.37920721285241055,0.34582991459044254,0.022727342435160686,0.015895299763007572,0.5980654447124288,0.6382747856465499
20260811-Hanshin_Tigers-Yomiuri_Giants,2026-08-11 14:00:00,away,0.42207937183647304,0.47382681187638487,0.025398697899510162,0.03105083395512254,0.5525219302640167,0.49512235416849276
20260811-Saitama_Seibu_Lions-Hokkaido_Nippon-Ham_Fighters,2026-08-11 14:00:00,away,0.40489265680247,0.39578937158783434,0.025421869953018962,0.021653339022073687,0.5696854732445111,0.5825572893900921
20260811-Yokohama_DeNA_BayStars-Chunichi_Dragons,2026-08-11 14:00:00,home,0.4544151396182189,0.4750214491338477,0.027225757966141226,0.026378661397265298,0.5183591024156399,0.4985998894688871
20260811-Orix_Buffaloes-Tohoku_Rakuten_Golden_Eagles,2026-08-11 18:00:00,away,0.44347449626818514,0.49022353928087664,0.027107579756015094,0.029080303460462496,0.5294179239757998,0.4806961572586607
20260812-Chiba_Lotte_Marines-Fukuoka_SoftBank_Hawks,2026-08-12 18:00:00,home,0.35588184542455387,0.3443498166130676,0.022074298195958058,0.01669056203943489,0.6220438563794881,0.6389596213474975
20260812-Hanshin_Tigers-Yomiuri_Giants,2026-08-12 18:00:00,away,0.4430248449066654,0.4840419438480324,0.02683187496243861,0.02975750968002814,0.5301432801308961,0.48620054647193944
20260812-Hiroshima_Toyo_Carp-Tokyo_Yakult_Swallows,2026-08-12 18:00:00,home,0.47833109131394536,0.4607860533624625,0.029346269201119626,0.02346148926565944,0.49232263948493504,0.5157524573718781
20260812-Orix_Buffaloes-Tohoku_Rakuten_Golden_Eagles,2026-08-12 18:00:00,home,0.46267963837609527,0.5003880365922241,0.027870735289616463,0.02804870800268468,0.5094496263342883,0.47156325540509125
20260812-Saitama_Seibu_Lions-Hokkaido_Nippon-Ham_Fighters,2026-08-12 18:00:00,away,0.4064794056769969,0.39478645743718394,0.02528719963279095,0.021767192321496636,0.5682333946902121,0.5834463502413194
20260812-Yokohama_DeNA_BayStars-Chunichi_Dragons,2026-08-12 18:00:00,away,0.4434583288484982,0.4718636181895956,0.026529532135063892,0.02676768892037095,0.530012139016438,0.5013686928900335
20260813-Chiba_Lotte_Marines-Fukuoka_SoftBank_Hawks,2026-08-13 18:00:00,away,0.35044699592468204,0.3426277419011148,0.021391021476009013,0.016700826319299804,0.6281619825993089,0.6406714317795854
20260813-Hanshin_Tigers-Yomiuri_Giants,2026-08-13 18:00:00,away,0.45656240862352987,0.4881220290628352,0.027567539708026542,0.029409696057068065,0.5158700516684436,0.48246827488009675
20260813-Orix_Buffaloes-Tohoku_Rakuten_Golden_Eagles,2026-08-13 18:00:00,away,0.44366092629201526,0.4960367563626288,0.027274836071854994,0.02872429361238705,0.5290642376361298,0.47523895002498423
20260813-Saitama_Seibu_Lions-Hokkaido_Nippon-Ham_Fighters,2026-08-13 18:00:00,home,0.4271942018485492,0.3992218988886626,0.025675272669228325,0.021509387980508998,0.5471305254822224,0.5792687131308284
20260813-Yokohama_DeNA_BayStars-Chunichi_Dragons,2026-08-13 18:00:00,away,0.4553735974039536,0.47621248656157067,0.027297617116026147,0.026370069628611274,0.5173287854800203,0.49741744380981806
20260814-Chiba_Lotte_Marines-Saitama_Seibu_Lions,2026-08-14 18:00:00,home,0.4479178747770703,0.42393983469204377,0.02686603380350217,0.020385310446038064,0.5252160914194276,0.5556748548619181
20260814-Hanshin_Tigers-Hiroshima_Toyo_Carp,2026-08-14 18:00:00,home,0.5326633855395037,0.528773145515683,0.029492362739221026,0.022985551926423632,0.43784425172127545,0.44824130255789335
20260814-Hokkaido_Nippon-Ham_Fighters-Orix_Buffaloes,2026-08-14 18:00:00,home,0.5158185139327777,0.5364230043787047,0.029094403383575697,0.030897963128059997,0.4550870826836467,0.43267903249323536
20260814-Tohoku_Rakuten_Golden_Eagles-Fukuoka_SoftBank_Hawks,2026-08-14 18:00:00,away,0.32561257663903653,0.31434141578168634,0.020663628549745496,0.015860496900669756,0.653723794811218,0.6697980873176438
20260814-Yokohama_DeNA_BayStars-Tokyo_Yakult_Swallows,2026-08-14 18:00:00,home,0.5229135269881554,0.5236234741147973,0.031241661363924342,0.01910088440705146,0.44584481164792017,0.45727564147815136
20260814-Yomiuri_Giants-Chunichi_Dragons,2026-08-14 18:00:00,away,0.45919392209956233,0.45907063903862605,0.026053744735033482,0.027962380968980266,0.5147523331654043,0.5129669799923937
20260815-Hokkaido_Nippon-Ham_Fighters-Orix_Buffaloes,2026-08-15 14:00:00,away,0.49911469316925794,0.5325363793133444,0.028411017840654154,0.03175005388867105,0.47247428899008787,0.43571356679798456
20260815-Tohoku_Rakuten_Golden_Eagles-Fukuoka_SoftBank_Hawks,2026-08-15 14:00:00,away,0.33699482364809513,0.3174749666873903,0.021298368516869066,0.015439847512295834,0.6417068078350358,0.667085185800314
20260815-Yomiuri_Giants-Chunichi_Dragons,2026-08-15 14:00:00,home,0.46309202033289787,0.4574701138981683,0.027057393850874367,0.028178335510949858,0.5098505858162277,0.5143515505908818
20260815-Chiba_Lotte_Marines-Saitama_Seibu_Lions,2026-08-15 17:00:00,away,0.43669494778821244,0.4178486774845181,0.025687612636857683,0.021099156097279022,0.5376174395749298,0.5610521664182029
20260815-Hanshin_Tigers-Hiroshima_Toyo_Carp,2026-08-15 18:00:00,home,0.5049612424084601,0.5429887783118666,0.03036077717756132,0.032309362169711364,0.46467798041397873,0.42470185951842204
20260815-Yokohama_DeNA_BayStars-Tokyo_Yakult_Swallows,2026-08-15 18:00:00,home,0.5032347787707073,0.5395153761609246,0.03125447672882256,0.026899665935957905,0.46551074450047014,0.43358495790311746
20260816-Hokkaido_Nippon-Ham_Fighters-Orix_Buffaloes,2026-08-16 13:00:00,away,0.5170222782750221,0.5459637531910722,0.029234396698588832,0.03040631882085458,0.45374332502638903,0.42362992798807336
20260816-Tohoku_Rakuten_Golden_Eagles-Fukuoka_SoftBank_Hawks,2026-08-16 13:00:00,home,0.34480839317726336,0.32136725545753636,0.022063935975158443,0.015066794557353663,0.6331276708475782,0.66356594998511
20260816-Yomiuri_Giants-Chunichi_Dragons,2026-08-16 13:30:00,away,0.4401548005071867,0.45493002208065203,0.025599018448491436,0.029387064606515658,0.5342461810443219,0.5156829133128323
20260816-Chiba_Lotte_Marines-Saitama_Seibu_Lions,2026-08-16 17:00:00,home,0.4528212552106665,0.4224986843544273,0.02649938650618637,0.020894406328236147,0.5206793582831472,0.5566069093173366
20260816-Hanshin_Tigers-Hiroshima_Toyo_Carp,2026-08-16 18:00:00,away,0.4966034218862355,0.5399750498285348,0.02920806232033209,0.03318371183799572,0.4741885157934324,0.4268412383334695
20260816-Yokohama_DeNA_BayStars-Tokyo_Yakult_Swallows,2026-08-16 18:00:00,home,0.49541924625109984,0.538230793441986,0.02987986696059612,0.027504435682021367,0.4747008867883041,0.4342647708759926
20260818-Fukuoka_SoftBank_Hawks-Hokkaido_Nippon-Ham_Fighters,2026-08-18 14:00:00,away,0.4948672988406521,0.5057491908410819,0.02832151370242599,0.024091887676229894,0.4768111874569219,0.4701589214826881
20260818-Yomiuri_Giants-Yokohama_DeNA_BayStars,2026-08-18 17:45:00,home,0.46760129848243814,0.45591025728075213,0.027197732583296278,0.023335168124776255,0.5052009689342656,0.5207545745944716
20260818-Chiba_Lotte_Marines-Tohoku_Rakuten_Golden_Eagles,2026-08-18 18:00:00,home,0.45791931228107313,0.4927506095004988,0.028587858478881362,0.025979755540993365,0.5134928292400455,0.4812696349585079
20260818-Chunichi_Dragons-Hiroshima_Toyo_Carp,2026-08-18 18:00:00,home,0.4894354580527618,0.4994802574713658,0.029927254737724462,0.02661535455713606,0.4806372872095139,0.4739043879714979
20260818-Orix_Buffaloes-Saitama_Seibu_Lions,2026-08-18 18:00:00,home,0.4074633550476151,0.42689727973055425,0.025066666093346558,0.023052901840006194,0.5674699788590383,0.5500498184294396
20260818-Tokyo_Yakult_Swallows-Hanshin_Tigers,2026-08-18 18:00:00,home,0.39339198995329544,0.3528974143033693,0.02394116910995207,0.017881756401404433,0.5826668409367525,0.6292208292952263
20260819-Fukuoka_SoftBank_Hawks-Hokkaido_Nippon-Ham_Fighters,2026-08-19 14:00:00,home,0.5096760016173464,0.5128465117838746,0.02904115139081809,0.02382969436234776,0.4612828469918356,0.4633237938537776
20260819-Yomiuri_Giants-Yokohama_DeNA_BayStars,2026-08-19 17:45:00,home,0.46478436933050354,0.45537522722201357,0.02639259338614453,0.023613945988388247,0.5088230372833519,0.5210108267895982
20260819-Chiba_Lotte_Marines-Tohoku_Rakuten_Golden_Eagles,2026-08-19 18:00:00,home,0.44153949790846486,0.48890118132490107,0.027759559335239548,0.02657471373507195,0.5307009427562955,0.484524104940027
20260819-Chunichi_Dragons-Hiroshima_Toyo_Carp,2026-08-19 18:00:00,home,0.46697621649600657,0.4967305759831035,0.028581685612344438,0.027246982564084622,0.504442097891649,0.47602244145281186
20260819-Orix_Buffaloes-Saitama_Seibu_Lions,2026-08-19 18:00:00,home,0.40622663332031805,0.42634568574248904,0.025362931614830157,0.023105148770224293,0.5684104350648518,0.5505491654872867
20260819-Tokyo_Yakult_Swallows-Hanshin_Tigers,2026-08-19 18:00:00,home,0.3883459917855259,0.35226713667466525,0.023894578334220963,0.017926472812382573,0.5877594298802531,0.6298063905129522
20260820-Fukuoka_SoftBank_Hawks-Hokkaido_Nippon-Ham_Fighters,2026-08-20 14:00:00,draw,0.49315835822283954,0.5164102476402515,0.027974867554221492,0.023994485997669405,0.47886677422293905,0.4595952663620792
20260820-Yomiuri_Giants-Yokohama_DeNA_BayStars,2026-08-20 17:45:00,away,0.46328082809840837,0.45147877714038637,0.025938226358230374,0.02414435196857141,0.5107809455433613,0.5243768708910422
20260820-Chiba_Lotte_Marines-Tohoku_Rakuten_Golden_Eagles,2026-08-20 18:00:00,away,0.4329059277008467,0.4854292502320069,0.026632130303285737,0.027047565686112003,0.5404619419958676,0.4875231840818811
20260820-Chunichi_Dragons-Hiroshima_Toyo_Carp,2026-08-20 18:00:00,home,0.45489678341385287,0.492939188144081,0.02801909212505209,0.028010241604976206,0.517084124461095,0.47905057025094283
20260820-Orix_Buffaloes-Saitama_Seibu_Lions,2026-08-20 18:00:00,away,0.3972696599499415,0.4244715174319106,0.02522625572711945,0.02320674742929573,0.577504084322939,0.5523217351387937
20260820-Tokyo_Yakult_Swallows-Hanshin_Tigers,2026-08-20 18:00:00,away,0.38297419354371415,0.3506815700359817,0.023747651012232102,0.018031958004797313,0.5932781554440537,0.6312864719592209
20260821-Hanshin_Tigers-Yokohama_DeNA_BayStars,2026-08-21 18:00:00,away,0.47247262313668037,0.4903492925372111,0.027460402362396608,0.02946501592023622,0.500066974500923,0.48018569154255275
20260821-Hiroshima_Toyo_Carp-Yomiuri_Giants,2026-08-21 18:00:00,home,0.38947740600945074,0.398974297373886,0.025973331953642386,0.022647972945300632,0.5845492620369068,0.5783777296808132
20260821-Hokkaido_Nippon-Ham_Fighters-Chiba_Lotte_Marines,2026-08-21 18:00:00,home,0.5127925349124196,0.5639041939507633,0.029265018724377215,0.03107118267814608,0.4579424463632031,0.4050246233710906
20260821-Saitama_Seibu_Lions-Tohoku_Rakuten_Golden_Eagles,2026-08-21 18:00:00,away,0.4752534157091286,0.5160596237507028,0.02855871495998534,0.03188089221525401,0.49618786933088593,0.45205948403404317
20260821-Tokyo_Yakult_Swallows-Chunichi_Dragons,2026-08-21 18:00:00,home,0.43326144611055784,0.40474129891305566,0.026615891207259025,0.021967693028851265,0.5401226626821831,0.5732910080580931
20260822-Hiroshima_Toyo_Carp-Yomiuri_Giants,2026-08-22 14:00:00,home,0.38338176956740805,0.39509479374729445,0.025385350137761064,0.022896143407124626,0.5912328802948309,0.582009062845581
20260822-Orix_Buffaloes-Fukuoka_SoftBank_Hawks,2026-08-22 14:00:00,home,0.3437475136705082,0.348637635995927,0.022944266926718235,0.01749923249261635,0.6333082194027735,0.6338631315114567
20260822-Tokyo_Yakult_Swallows-Chunichi_Dragons,2026-08-22 14:00:00,home,0.42686544541790916,0.4006359454751227,0.025641313213559565,0.022359598691181953,0.5474932413685312,0.5770044558336953
20260822-Saitama_Seibu_Lions-Tohoku_Rakuten_Golden_Eagles,2026-08-22 18:00:00,away,0.47563510715609447,0.5198899552978169,0.029633029508438966,0.03163425092940505,0.49473186333546665,0.448475793772778
20260823-Orix_Buffaloes-Fukuoka_SoftBank_Hawks,2026-08-23 13:00:00,away,0.3388028481368466,0.34331062198976225,0.022346360265875838,0.017599493578366023,0.6388507915972775,0.6390898844318718
20260823-Tokyo_Yakult_Swallows-Chunichi_Dragons,2026-08-23 13:30:00,home,0.4250432492675458,0.401824918859313,0.025222609089798724,0.022311553725847085,0.5497341416426555,0.5758635274148399
20260823-Hiroshima_Toyo_Carp-Yomiuri_Giants,2026-08-23 14:00:00,away,0.3727924313813971,0.38984006975040764,0.024741698265662405,0.023252777872680784,0.6024658703529405,0.5869071523769116
20260823-Saitama_Seibu_Lions-Tohoku_Rakuten_Golden_Eagles,2026-08-23 16:00:00,away,0.4873407709763514,0.5191615021472097,0.029914103685564557,0.03193100082472527,0.48274512533808395,0.4489074970280651
20260823-Hokkaido_Nippon-Ham_Fighters-Chiba_Lotte_Marines,2026-08-23 17:00:00,home,0.5120115688382216,0.5620448011894957,0.0283227027301592,0.03168249357737567,0.459665728431619,0.4062727052331287
20260823-Hanshin_Tigers-Yokohama_DeNA_BayStars,2026-08-23 18:00:00,away,0.4805209837643407,0.4924618898126394,0.0286291471007284,0.02932743336635551,0.49084986913493095,0.47821067682100515
20260825-Fukuoka_SoftBank_Hawks-Chiba_Lotte_Marines,2026-08-25 18:00:00,away,0.5550877966831187,0.6055478614756165,0.029244156111885827,0.032284250209296504,0.4156680472049954,0.36216788831508706
20260825-Hanshin_Tigers-Chunichi_Dragons,2026-08-25 18:00:00,home,0.48878241509651943,0.4981528182636311,0.02838100776727346,0.03141155987050186,0.4828365771362071,0.4704356218658669
20260825-Hokkaido_Nippon-Ham_Fighters-Saitama_Seibu_Lions,2026-08-25 18:00:00,home,0.4633676326444338,0.5045927218353689,0.025709999789897655,0.029573819498501214,0.5109223675656686,0.4658334586661299
20260825-Tohoku_Rakuten_Golden_Eagles-Orix_Buffaloes,2026-08-25 18:00:00,away,0.4364548710817073,0.4321162653677503,0.026150659080174568,0.020782929117351995,0.5373944698381181,0.5471008055148977
20260825-Yokohama_DeNA_BayStars-Hiroshima_Toyo_Carp,2026-08-25 18:00:00,home,0.46595799113459435,0.5155724504469736,0.027715074049534147,0.028421229117828184,0.5063269348158715,0.45600632043519823
20260825-Yomiuri_Giants-Tokyo_Yakult_Swallows,2026-08-25 18:00:00,away,0.5063370164344901,0.5134747828800325,0.02910189272371275,0.028883180143132202,0.46456109084179714,0.45764203697683525
20260826-Fukuoka_SoftBank_Hawks-Chiba_Lotte_Marines,2026-08-26 18:00:00,home,0.5716935851110156,0.6150325771818715,0.029907669240138605,0.03157530684992784,0.39839874564884575,0.3533921159682006
20260826-Hanshin_Tigers-Chunichi_Dragons,2026-08-26 18:00:00,home,0.4815114587050582,0.4958679091837338,0.027829148284713327,0.0318743244676362,0.49065939301022843,0.47225776634863
20260826-Hokkaido_Nippon-Ham_Fighters-Saitama_Seibu_Lions,2026-08-26 18:00:00,away,0.4615333074553825,0.5008074016086214,0.024758625722534938,0.030163431349975574,0.5137080668220825,0.4690291670414031
20260826-Tohoku_Rakuten_Golden_Eagles-Orix_Buffaloes,2026-08-26 18:00:00,home,0.448238910042455,0.4365957060237378,0.027284865242665737,0.02066958776387479,0.5244762247148792,0.5427347062123873
20260826-Yokohama_DeNA_BayStars-Hiroshima_Toyo_Carp,2026-08-26 18:00:00,home,0.4552970349929865,0.5190389312800763,0.027580578297837527,0.028382656784990978,0.517122386709176,0.45257841193493276
20260826-Yomiuri_Giants-Tokyo_Yakult_Swallows,2026-08-26 18:00:00,away,0.5094526680038325,0.5203245299767554,0.02976856405615918,0.028650867932211648,0.46077876794000827,0.45102460209103296
20260827-Fukuoka_SoftBank_Hawks-Chiba_Lotte_Marines,2026-08-27 18:00:00,away,0.5648453037482452,0.6152375988116764,0.028798802417394628,0.03230256811185253,0.40635589383436016,0.352459833076471
20260827-Hanshin_Tigers-Chunichi_Dragons,2026-08-27 18:00:00,away,0.47124281098142035,0.49020557506003987,0.026735502889684817,0.03267689773479194,0.5020216861288948,0.4771175272051681
20260827-Tohoku_Rakuten_Golden_Eagles-Orix_Buffaloes,2026-08-27 18:00:00,away,0.4404535593378172,0.43816570820089434,0.02684148947365253,0.020850891187288716,0.5327049511885302,0.5409834006118169
20260827-Yokohama_DeNA_BayStars-Hiroshima_Toyo_Carp,2026-08-27 18:00:00,away,0.44931456575126627,0.5166217267631977,0.027187283957825836,0.028903503398099915,0.5234981502909078,0.45447476983870233
20260827-Yomiuri_Giants-Tokyo_Yakult_Swallows,2026-08-27 18:00:00,away,0.5128066864204629,0.5235922304264782,0.03026334381587949,0.028791079354394213,0.45692996976365763,0.44761669021912764
20260828-Chiba_Lotte_Marines-Hokkaido_Nippon-Ham_Fighters,2026-08-28 18:00:00,home,0.3771941896267539,0.34453621120600586,0.024194606057229867,0.012431844613662585,0.5986112043160163,0.6430319441803316
20260828-Chunichi_Dragons-Yokohama_DeNA_BayStars,2026-08-28 18:00:00,home,0.4497677918010862,0.44474320281725266,0.027713393608488582,0.023473040048034004,0.5225188145904252,0.5317837571347133
20260828-Fukuoka_SoftBank_Hawks-Orix_Buffaloes,2026-08-28 18:00:00,away,0.5714757583028662,0.6152954108283848,0.030103561099032027,0.029762034564693205,0.3984206805981017,0.3549425546069219
20260828-Tohoku_Rakuten_Golden_Eagles-Saitama_Seibu_Lions,2026-08-28 18:00:00,home,0.4248102509010472,0.37442342340483376,0.024011707709477883,0.013952094500443227,0.5511780413894749,0.611624482094723
20260828-Tokyo_Yakult_Swallows-Hiroshima_Toyo_Carp,2026-08-28 18:00:00,away,0.43040652736468077,0.4442746960733741,0.025091758241307327,0.02462284045490937,0.544501714394012,0.5311024634717165
20260828-Yomiuri_Giants-Hanshin_Tigers,2026-08-28 18:00:00,home,0.44914533973590287,0.42072456807651415,0.02734999177062031,0.020643535331362428,0.5235046684934768,0.5586318965921235
20260829-Chiba_Lotte_Marines-Hokkaido_Nippon-Ham_Fighters,2026-08-29 14:00:00,home,0.36739332951262477,0.3656023717368256,0.025057663163497324,0.017186186817762402,0.6075490073238778,0.6172114414454121
20260829-Tohoku_Rakuten_Golden_Eagles-Saitama_Seibu_Lions,2026-08-29 17:00:00,home,0.41262084540072613,0.39538725900363686,0.02482018814310926,0.019404617637880713,0.5625589664561645,0.5852081233584824
20260829-Chunichi_Dragons-Yokohama_DeNA_BayStars,2026-08-29 18:00:00,home,0.4394170657789324,0.44284532604273724,0.027093930086366545,0.02385194697146337,0.5334890041347011,0.5333027269857994
20260829-Fukuoka_SoftBank_Hawks-Orix_Buffaloes,2026-08-29 18:00:00,home,0.5750626922150311,0.6138031155564242,0.030439522342811637,0.03073747389152495,0.3944977854421572,0.35545941055205094
20260829-Tokyo_Yakult_Swallows-Hiroshima_Toyo_Carp,2026-08-29 18:00:00,away,0.4345124566009379,0.44535656007332997,0.026042362244060917,0.02461515573926891,0.5394451811550013,0.5300282841874011
20260829-Yomiuri_Giants-Hanshin_Tigers,2026-08-29 18:00:00,home,0.4445293188598947,0.4183133062743257,0.026349372971240008,0.021179161775697983,0.5291213081688653,0.5605075319499763
20260830-Chiba_Lotte_Marines-Hokkaido_Nippon-Ham_Fighters,2026-08-30 13:00:00,home,0.3696921966168644,0.3690982377399299,0.024346198705311153,0.01701592820375287,0.6059616046778245,0.6138858340563171
20260830-Fukuoka_SoftBank_Hawks-Orix_Buffaloes,2026-08-30 14:00:00,away,0.5655413808435988,0.6119551524824347,0.03003046244769259,0.03178296490123865,0.4044281567087086,0.3562618826163267
20260830-Tohoku_Rakuten_Golden_Eagles-Saitama_Seibu_Lions,2026-08-30 17:00:00,home,0.4193334253549635,0.3923821974683731,0.024054877824675754,0.019726414669403426,0.5566116968203608,0.5878913878622235
20260830-Chunichi_Dragons-Yokohama_DeNA_BayStars,2026-08-30 18:00:00,home,0.434984217827718,0.43921260631679926,0.026375961826737754,0.024330249133519256,0.5386398203455443,0.5364571445496814
20260830-Tokyo_Yakult_Swallows-Hiroshima_Toyo_Carp,2026-08-30 18:00:00,home,0.45400833090269443,0.4552660118184264,0.02739533069993743,0.0236545173579415,0.5185963383973682,0.521079470823632
20260830-Yomiuri_Giants-Hanshin_Tigers,2026-08-30 18:00:00,home,0.43920372337647584,0.41580384023087824,0.025305558737719294,0.02167481270667301,0.5354907178858049,0.5625213470624487
20260901-Fukuoka_SoftBank_Hawks-Hokkaido_Nippon-Ham_Fighters,2026-09-01 18:00:00,home,0.4974942353061556,0.5212779575071728,0.028066198079573605,0.02587621131542449,0.4744395666142709,0.45284583117740274
20260901-Hanshin_Tigers-Tokyo_Yakult_Swallows,2026-09-01 18:00:00,away,0.5194851625568195,0.5519199280082626,0.03074409395049233,0.03472692369702917,0.4497707434926882,0.41335314829470826
20260901-Hiroshima_Toyo_Carp-Chunichi_Dragons,2026-09-01 18:00:00,away,0.40891525068924894,0.39689377178752083,0.026195580591865972,0.023087026840166624,0.5648891687188851,0.5800192013723126
20260901-Orix_Buffaloes-Tohoku_Rakuten_Golden_Eagles,2026-09-01 18:00:00,home,0.4410912468241457,0.48604674952586047,0.026243145049506825,0.0275046306727237,0.5326656081263474,0.48644861980141585
20260901-Saitama_Seibu_Lions-Chiba_Lotte_Marines,2026-09-01 18:00:00,home,0.4905877677632278,0.5032222083587956,0.031764424657290735,0.029138096886267107,0.47764780757948144,0.4676396947549372
20260901-Yokohama_DeNA_BayStars-Yomiuri_Giants,2026-09-01 18:00:00,home,0.43189514001538715,0.45493361373164476,0.027267712086830667,0.025009181601600372,0.5408371478977821,0.5200572046667549
20260902-Fukuoka_SoftBank_Hawks-Hokkaido_Nippon-Ham_Fighters,2026-09-02 18:00:00,draw,0.49118932941809906,0.517606961962399,0.027521117644242286,0.02658491075902784,0.4812895529376586,0.4558081272785732
20260902-Hanshin_Tigers-Tokyo_Yakult_Swallows,2026-09-02 18:00:00,home,0.5208744241921558,0.556785275028178,0.03129585320577353,0.03448426041965498,0.4478297226020706,0.40873046455216705
20260902-Hiroshima_Toyo_Carp-Chunichi_Dragons,2026-09-02 18:00:00,home,0.4218724404260759,0.40160414439106934,0.02763305223530278,0.022673681611217314,0.5504945073386213,0.5757221739977133
20260902-Orix_Buffaloes-Tohoku_Rakuten_Golden_Eagles,2026-09-02 18:00:00,home,0.4289537179846427,0.48066580790766195,0.02558625027719603,0.028048124883674513,0.5454600317381613,0.4912860672086635
20260902-Yokohama_DeNA_BayStars-Yomiuri_Giants,2026-09-02 18:00:00,away,0.4308614261006206,0.4542353282856585,0.026740412445412125,0.025161852835398554,0.5423981614539672,0.520602818878943
20260903-Hanshin_Tigers-Tokyo_Yakult_Swallows,2026-09-03 18:00:00,away,0.5043762318839737,0.5551533195261993,0.03126511614181845,0.03519259342800344,0.4643586519742078,0.40965408704579725
20260903-Hiroshima_Toyo_Carp-Chunichi_Dragons,2026-09-03 18:00:00,away,0.41630865216706897,0.40291869517042767,0.02708700864640512,0.022630652603566954,0.5566043391865259,0.5744506522260054
20260904-Chiba_Lotte_Marines-Orix_Buffaloes,2026-09-04 18:00:00,home,0.4605562888677929,0.48785847338754185,0.029312973203621192,0.030306828786471007,0.5101307379285859,0.4818346978259871
20260904-Chunichi_Dragons-Tokyo_Yakult_Swallows,2026-09-04 18:00:00,draw,0.468530048879407,0.5036154901100722,0.0268768952887547,0.029950667178564556,0.5045930558318382,0.4664338427113632
20260904-Hokkaido_Nippon-Ham_Fighters-Tohoku_Rakuten_Golden_Eagles,2026-09-04 18:00:00,away,0.5172471222077794,0.5761968715188831,0.028622029591086534,0.03484406937513308,0.45413084820113414,0.38895905910598383
20260904-Saitama_Seibu_Lions-Fukuoka_SoftBank_Hawks,2026-09-04 18:00:00,home,0.360708972970531,0.37032973047791123,0.027844666037164532,0.0261140036683934,0.6114463609923044,0.6035562658536954
20260904-Yomiuri_Giants-Hiroshima_Toyo_Carp,2026-09-04 18:00:00,away,0.5033331288658403,0.5310681398665957,0.028271190379414047,0.039746164665431995,0.46839568075474575,0.4291856954679723
