outer_fold,linear,tree,run,games,accuracy,roc_auc,log_loss,confidence_55_games,confidence_55_wins,confidence_55_accuracy,confidence_55_lcb,confidence_60_games,confidence_60_wins,confidence_60_accuracy,confidence_60_lcb,score,folds,fold_60_std,worst_fold_60_lcb,robust_score,eligible,guardrails
1,0.05,0.05,0.8999999999999999,368,0.5597826086956522,0.5596643221541341,0.7395237406982661,307,170,0.5537459283387622,0.4978149081833822,242,135,0.5578512396694215,0.49485778536608005,2.6091971198934196,2,0.0022222222222222365,0.4651745546593224,3.0699272301082976,False,False
1,0.05,0.1,0.85,368,0.5597826086956522,0.5599963775772029,0.7302338994491591,308,171,0.5551948051948052,0.49935416931159543,237,132,0.5569620253164557,0.4933098832824748,2.606502357563954,2,0.0004276550249465161,0.46535589607313604,3.071002943587197,False,False
1,0.05,0.15000000000000002,0.7999999999999999,368,0.5625,0.5602680592869864,0.7220461394705814,309,171,0.5533980582524272,0.4976484226933603,230,128,0.5565217391304348,0.49191090980772023,2.60146325181622,2,0.0028753026634382177,0.4612486640178568,3.0569613105072007,False,False
1,0.05,0.2,0.75,368,0.5570652173913043,0.5608114227065536,0.7148035986441633,303,168,0.5544554455445545,0.49815629931330185,224,126,0.5625,0.49702215701828845,2.62294067794785,2,0.00390656142868534,0.46575944163399,3.0808869967244696,False,False
1,0.05,0.25,0.7,368,0.5570652173913043,0.56180758897576,0.708391655682799,295,166,0.5627118644067797,0.5056577113755086,214,123,0.5747663551401869,0.5077830509122131,2.6750669040587898,2,0.0006988120195667302,0.4798501364705287,3.1535194164901847,False,False
1,0.05,0.30000000000000004,0.6499999999999999,368,0.5570652173913043,0.5622302049687566,0.7027231645270832,285,162,0.5684210526315789,0.5103833812778475,206,119,0.5776699029126213,0.50940214048785,2.6875294152927185,2,0.0033474776049033927,0.47684837141099295,3.1576828314939047,False,False
1,0.05,0.35000000000000003,0.5999999999999999,368,0.5489130434782609,0.5624113261086123,0.6977300578108191,280,158,0.5642857142857143,0.5057233494283888,199,115,0.5778894472361809,0.50842896122167,2.6783991892811407,2,0.0036876136593251285,0.47684837141099295,3.1478723333734835,False,False
1,0.05,0.4,0.5499999999999999,368,0.5489130434782609,0.5634980529477466,0.6933581603776314,277,159,0.5740072202166066,0.5151517691773384,186,107,0.5752688172043011,0.5034134053254504,2.66896578298359,2,0.005376344086021501,0.46847341614888394,3.1266865109604307,False,False
1,0.05,0.45,0.49999999999999994,368,0.5461956521739131,0.5641621637938841,0.6895637939493288,267,152,0.5692883895131086,0.5093237920359056,169,98,0.5798816568047337,0.5045000946873587,2.6678991915684223,2,0.011503928170594868,0.4593724052942849,3.1042637405215174,False,False
1,0.05,0.5,0.44999999999999996,368,0.5543478260869565,0.5650979563498053,0.6863114576214985,258,150,0.5813953488372093,0.5204341870728207,147,88,0.5986394557823129,0.5178620118079809,2.7350188949027774,2,0.009476031215161662,0.4788794806670461,3.1949463131395004,False,False
1,0.05,0.55,0.3999999999999999,368,0.5516304347826086,0.5660035620490838,0.683572192023867,251,145,0.5776892430278885,0.5158633314330933,139,85,0.6115107913669064,0.5285236431426338,2.773370621170102,2,0.0004145936981757581,0.49222870514874945,3.2647701389224997,False,False
1,0.05,0.6000000000000001,0.34999999999999987,368,0.5706521739130435,0.5668186071784346,0.6813223981282578,236,138,0.5847457627118644,0.5210095373731084,116,70,0.603448275862069,0.512485935226102,2.718864815588004,2,0.024492234169653515,0.45665361737846166,3.126533964627159,False,False
1,0.05,0.65,0.29999999999999993,368,0.5788043478260869,0.5673317837413591,0.6795429702890593,219,131,0.5981735159817352,0.5320877617191138,96,59,0.6145833333333334,0.5146051824336462,2.7405603020835114,2,0.012066695919262849,0.4694123578888073,3.185839268133793,False,False
1,0.05,0.7000000000000001,0.2499999999999999,368,0.5869565217391305,0.5681468288707097,0.6782186541293793,210,126,0.6,0.5325167346951202,78,47,0.6025641025641025,0.4916165517837074,2.6511745640131132,2,0.012700534759358284,0.42221304146519273,3.0479865359595895,False,True
1,0.05,0.75,0.19999999999999996,368,0.5869565217391305,0.5691429951399161,0.677337570762217,188,116,0.6170212765957447,0.5458485539853329,65,39,0.6,0.47855778499746787,2.6127463827125617,2,0.013211382113821113,0.3883433764938864,2.974666994978806,False,True
1,0.05,0.8,0.1499999999999999,368,0.5815217391304348,0.5706221511154044,0.6768908683618361,173,108,0.6242774566473989,0.5501450886306932,46,32,0.6956521739130435,0.5519408125976183,2.9100211585095073,2,0.019607843137254943,0.3906175873976139,3.2614230596326115,False,True
1,0.05,0.8500000000000001,0.09999999999999987,368,0.5760869565217391,0.5683581368672082,0.6768724749927025,166,102,0.6144578313253012,0.5386223427031571,33,25,0.7575757575757576,0.5897505131450972,3.0479747326495157,2,0.004310344827586188,0.30063605244263664,3.3399900954369803,False,True
1,0.1,0.05,0.85,368,0.5570652173913043,0.559905817007275,0.7298370494406899,308,171,0.5551948051948052,0.49935416931159543,237,132,0.5569620253164557,0.4933098832824748,2.6060110811338,2,0.0004276550249465161,0.46535589607313604,3.070511667157043,False,False
1,0.1,0.1,0.8,368,0.5597826086956522,0.5602076855737012,0.7216862405602834,308,171,0.5551948051948052,0.49935416931159543,228,128,0.5614035087719298,0.49650301066185093,2.621047791258183,2,0.007697044334975367,0.4612486640178568,3.066902366606089,False,False
1,0.1,0.15000000000000002,0.75,368,0.5570652173913043,0.5605699278534126,0.7144767996787941,302,167,0.5529801324503312,0.4965887817923157,224,126,0.5625,0.49702215701828845,2.6213660717639953,2,0.00390656142868534,0.46575944163399,3.079312390540615,False,False
1,0.1,0.2,0.7,368,0.5570652173913043,0.5614151598394059,0.7080949018752652,292,165,0.565068493150685,0.5077251765595614,213,122,0.5727699530516432,0.5056257099363471,2.6684466273599794,2,0.0013227513227513366,0.47590151019505855,3.141702634909535,False,False
1,0.1,0.25,0.65,368,0.5543478260869565,0.5622905786820419,0.7024539892890359,285,162,0.5684210526315789,0.5103833812778475,203,117,0.5763546798029556,0.5075800685699732,2.679769596521937,2,0.0005827505827505353,0.4773648481449718,3.1559689435014078,False,False
1,0.1,0.30000000000000004,0.6,368,0.5489130434782609,0.562683007818396,0.6974864432200478,280,159,0.5678571428571428,0.5093010750003216,197,114,0.5786802030456852,0.5088690794154546,2.6838676150593015,2,0.004537953795379579,0.47684837141099295,3.1516400788795353,False,False
1,0.1,0.35000000000000003,0.55,368,0.5489130434782609,0.5629546895281794,0.6931384400629118,273,157,0.575091575091575,0.5158089312359471,186,107,0.5752688172043011,0.5034134053254504,2.669503880079272,2,0.0008094357076780523,0.47353054115904897,3.141415549822965,False,False
1,0.1,0.4,0.5,368,0.5489130434782609,0.5637999215141727,0.6893665834930376,267,152,0.5692883895131086,0.5093237920359056,167,97,0.5808383233532934,0.5050074497014833,2.6704028592931346,2,0.017600574712643702,0.45340937868656955,3.0886110885544165,False,False
1,0.1,0.45,0.45,368,0.5570652173913043,0.5649470220665922,0.686135603539215,260,151,0.5807692307692308,0.5200410518667238,147,89,0.6054421768707483,0.5247119207410381,2.7625587642212714,2,0.008441558441558472,0.4857664933049152,3.2314421406430696,False,False
1,0.1,0.5,0.4,368,0.5597826086956522,0.5657016934826578,0.6834167337197298,252,146,0.5793650793650794,0.5176694421162438,138,84,0.6086956521739131,0.5253800550407692,2.764173345319302,2,0.003153247845280649,0.4893555588836079,3.2472224085123487,False,False
1,0.1,0.55,0.35,368,0.5760869565217391,0.5664865517553658,0.6811865391940389,238,139,0.5840336134453782,0.520563393892939,117,70,0.5982905982905983,0.5077003112164877,2.7002906877510395,2,0.018768328445747773,0.45665361737846166,3.1194076482380058,False,False
1,0.1,0.6000000000000001,0.29999999999999993,368,0.5788043478260869,0.5672412231714311,0.6794260567273728,219,132,0.6027397260273972,0.5366960536045231,96,60,0.625,0.5251053301827544,2.787165399506713,2,0.0026327336551119074,0.4785953826527317,3.2604953148492206,False,False
1,0.1,0.65,0.25,368,0.5869565217391305,0.56884112657349,0.6781201578573304,209,125,0.5980861244019139,0.5304237128017536,78,47,0.6025641025641025,0.4916165517837074,2.64930953068499,2,0.0023255813953488302,0.4357241958151947,3.080382563709487,False,True
1,0.1,0.7000000000000001,0.19999999999999996,368,0.5869565217391305,0.5691429951399161,0.6772570772669783,189,117,0.6190476190476191,0.5480936363663498,61,37,0.6065573770491803,0.4811702438560874,2.6254573992271046,2,0.019144144144144115,0.3883433764938864,2.9755124874327032,False,True
1,0.1,0.75,0.15000000000000002,368,0.5788043478260869,0.5704410299755487,0.6768280677351948,174,108,0.6206896551724138,0.5467211033242471,43,29,0.6744186046511628,0.5251593250655096,2.798885968597128,2,0.025568181818181823,0.35379677689163724,3.1015463818524016,False,True
1,0.1,0.8,0.09999999999999998,368,0.5760869565217391,0.5698071059860537,0.6768271558284299,165,102,0.6181818181818182,0.5421606295799133,32,24,0.75,0.5789310822975338,3.0086790507045267,2,0.0,0.30063605244263664,3.3093151031471635,False,True
1,0.15000000000000002,0.05,0.7999999999999999,368,0.5597826086956522,0.5600567512904882,0.7213425947562065,309,172,0.5566343042071198,0.500884139216492,228,128,0.5614035087719298,0.49650301066185093,2.622601210038931,2,0.007697044334975367,0.4612486640178568,3.068455785386837,False,False
1,0.15000000000000002,0.1,0.75,368,0.5543478260869565,0.5604793672834848,0.7141654460879557,301,167,0.5548172757475083,0.49833132938102204,223,125,0.5605381165919282,0.49491585537467037,2.614175037064549,2,0.005913113435237316,0.46138519294934005,3.0637340031434146,False,False
1,0.15000000000000002,0.15000000000000002,0.7,368,0.5543478260869565,0.5611434781296224,0.7078129188657912,290,162,0.5586206896551724,0.501073240714745,215,123,0.5720930232558139,0.5052612782405712,2.6597683785601496,2,0.004677754677754664,0.47466952682168206,3.1250823960263228,False,False
1,0.15000000000000002,0.2,0.6499999999999999,368,0.5516304347826086,0.5616566546925469,0.7021990166079938,282,158,0.5602836879432624,0.5019259701385718,203,117,0.5763546798029556,0.5075800685699732,2.6706295244611513,2,0.0005827505827505353,0.4773648481449718,3.146828871440622,False,False
1,0.15000000000000002,0.25,0.6,368,0.5489130434782609,0.5625018866785402,0.6972565497464617,278,158,0.5683453237410072,0.5095796183590787,196,113,0.576530612244898,0.5065365942895911,2.674807860267365,2,0.0023449713392392213,0.47684837141099295,3.1469662889998795,False,False
1,0.15000000000000002,0.30000000000000004,0.5499999999999999,368,0.5516304347826086,0.5628641289582516,0.692932031662248,273,157,0.575091575091575,0.5158089312359471,185,106,0.572972972972973,0.5009220625233591,2.6600961006409314,2,0.009293897591769962,0.46302723174527716,3.1045355372026684,False,False
1,0.15000000000000002,0.35000000000000003,0.49999999999999994,368,0.5516304347826086,0.5632867449512482,0.6891823369247766,265,152,0.5735849056603773,0.5134056256118162,163,93,0.5705521472392638,0.4937985274432798,2.630075378441876,2,0.006184012066364986,0.45361787664577374,3.07132523095492,False,False
1,0.15000000000000002,0.4,0.44999999999999996,368,0.5597826086956522,0.5643734717903824,0.6859724179804753,259,150,0.5791505791505791,0.5182971286861219,144,87,0.6041666666666666,0.5225833437386467,2.7527045833208583,2,0.009845559845559848,0.4807563154549811,3.21376977908472,False,False
1,0.15000000000000002,0.45,0.39999999999999997,368,0.5597826086956522,0.5649168352099496,0.6832736946152042,252,146,0.5793650793650794,0.5176694421162438,137,83,0.6058394160583942,0.5221948964164917,2.7512258611612848,2,0.005970149253731349,0.48293583076211255,3.2222213934159343,False,False
1,0.15000000000000002,0.5,0.35,368,0.5788043478260869,0.5661243094756543,0.681062891000172,240,140,0.5833333333333334,0.5201258721069923,118,71,0.6016949152542372,0.5115024783603882,2.7155213697564244,2,0.02217741935483869,0.45665361737846166,3.1278201484252084,False,False
1,0.15000000000000002,0.55,0.29999999999999993,368,0.5815217391304348,0.5679657077308541,0.679321182263893,220,132,0.6,0.534082088214768,95,59,0.6210526315789474,0.5205920587802135,2.767280147028187,2,0.014260249554367221,0.4708491122516505,3.209608760171103,False,True
1,0.15000000000000002,0.6000000000000001,0.2499999999999999,368,0.595108695652174,0.5687807528602047,0.6780335627132633,205,123,0.6,0.5316914569850032,78,47,0.6025641025641025,0.4916165517837074,2.6522069165656763,2,0.0023255813953488302,0.4357241958151947,3.0832799495901733,False,True
1,0.15000000000000002,0.65,0.19999999999999996,368,0.5815217391304348,0.5698976665559816,0.6771883781967041,187,116,0.6203208556149733,0.549001138251079,61,37,0.6065573770491803,0.4811702438560874,2.6255180858289693,2,0.019144144144144115,0.3883433764938864,2.975573174034568,False,True
1,0.15000000000000002,0.7000000000000001,0.1499999999999999,368,0.5760869565217391,0.5710749539650436,0.676776984318348,176,109,0.6193181818181818,0.5457578896955103,43,28,0.6511627906976745,0.501715070970981,2.7038026542096256,2,0.025641025641025605,0.3552248097226855,3.00774541265026,False,True
1,0.15000000000000002,0.75,0.09999999999999998,368,0.5733695652173914,0.571829625381109,0.6767935049129714,161,99,0.6149068322981367,0.5378941451075946,30,22,0.7333333333333333,0.5555169795568831,2.9108261630103436,2,0.009615384615384637,0.30063605244263664,3.192231446222211,False,False
1,0.2,0.05,0.75,368,0.5543478260869565,0.5603586198569144,0.7138694030063614,297,165,0.5555555555555556,0.49869038300290175,222,125,0.5630630630630631,0.49729073522633205,2.624056594481423,2,0.00336932694649672,0.46598353421662536,3.083301474805055,False,False
1,0.2,0.1,0.7000000000000001,368,0.5597826086956522,0.5608717964198389,0.7075455893723984,288,161,0.5590277777777778,0.5012809134769127,214,121,0.5654205607476636,0.49842947037722135,2.6337077377764,2,0.0018356643356643443,0.4703613379728413,3.100397747077913,False,False
1,0.2,0.15000000000000002,0.65,368,0.5489130434782609,0.5615660941226189,0.7019581439278157,282,158,0.5602836879432624,0.5019259701385718,202,117,0.5792079207920792,0.5102699079349308,2.6808664100251693,2,0.002354788069073799,0.4808963374391583,3.1570531713261802,False,False
1,0.2,0.2,0.6000000000000001,368,0.5461956521739131,0.5620188969722583,0.6970402873441597,276,156,0.5652173913043478,0.5062329068180309,196,114,0.5816326530612245,0.5116516622148126,2.69127629773491,2,0.007608129233976024,0.47684837141099295,3.152908410677951,False,False
1,0.2,0.25,0.55,368,0.5543478260869565,0.5628641289582516,0.6927388559000995,273,156,0.5714285714285714,0.5121337406210109,185,106,0.572972972972973,0.5009220625233591,2.657003023439294,2,0.009293897591769962,0.46302723174527716,3.101442460001031,False,False
1,0.2,0.30000000000000004,0.5,368,0.5516304347826086,0.5631961843813205,0.6890109843594028,261,150,0.5747126436781609,0.5140762098005346,162,94,0.5802469135802469,0.5032524708844628,2.668568838737423,2,0.010370596309287772,0.4597200056030372,3.1075476517218847,False,False
1,0.2,0.35000000000000003,0.45,368,0.5625,0.5637395478008875,0.6858218393480225,261,151,0.578544061302682,0.5179225672156552,145,87,0.6,0.5186721991701244,2.7370688603668145,2,0.005519604111153376,0.4807563154549811,3.206785967599489,False,False
1,0.2,0.4,0.4,368,0.5625,0.5652187037763758,0.6831430205161066,251,145,0.5776892430278885,0.5158633314330933,136,82,0.6029411764705882,0.5189673559831905,2.737169762395547,2,0.008868699978369032,0.4763567368169741,3.1957890992557827,False,False
1,0.2,0.45,0.35000000000000003,368,0.5760869565217391,0.5658224409092281,0.6809514060445593,239,139,0.5815899581589958,0.5182412276233905,120,73,0.6083333333333333,0.5189361630897077,2.742759722350426,2,0.028642936596218027,0.45665361737846166,3.1421274665364516,False,False
1,0.2,0.5,0.30000000000000004,368,0.5815217391304348,0.5681468288707097,0.679228305518941,218,131,0.6009174311926605,0.5347035219009447,95,60,0.631578947368421,0.5312293801072515,2.8105237777134624,2,0.01996450754214729,0.47245746488052426,3.243052227509692,False,True
1,0.2,0.55,0.25,368,0.592391304347826,0.5689316871434178,0.6779588329873846,204,123,0.6029411764705882,0.5344908957977034,76,46,0.6052631578947368,0.4928609075804977,2.659500526534808,2,0.004878048780487809,0.4357241958151947,3.0854686247890273,False,True
1,0.2,0.6000000000000001,0.19999999999999996,368,0.5842391304347826,0.5694146768496996,0.6771314431581479,186,115,0.6182795698924731,0.5467370951886769,63,37,0.5873015873015873,0.46415095351811103,2.555586849771358,2,0.04158004158004158,0.35457636204430115,2.827003128655576,False,True
1,0.2,0.65,0.15000000000000002,368,0.5733695652173914,0.5710447671084011,0.6767375927673303,176,109,0.6193181818181818,0.5457578896955103,40,27,0.675,0.52017458088898,2.777096037873963,2,0.026645768025078398,0.35379677689163724,3.077601278715443,False,False
1,0.2,0.7000000000000001,0.09999999999999998,368,0.5760869565217391,0.5726748573671023,0.6767715017611821,159,98,0.6163522012578616,0.5388683293625073,28,20,0.7142857142857143,0.529403642629825,2.8081484480440495,2,0.020833333333333315,0.30063605244263664,3.06711783382002,False,True
1,0.2,0.75,0.050000000000000044,368,0.5788043478260869,0.5686298185769916,0.6772299976936849,167,100,0.5988023952095808,0.5230483319119092,23,17,0.7391304347826086,0.5352960945624944,2.815136525761465,2,0.38636363636363635,0.0,2.042409253034192,False,True
1,0.25,0.05,0.7,368,0.5570652173913043,0.5606001147100552,0.7072928030731391,287,161,0.5609756097560976,0.5031291716832018,214,121,0.5654205607476636,0.49842947037722135,2.6349815704687365,2,0.0018356643356643443,0.4703613379728413,3.101671579770249,False,False
1,0.25,0.1,0.65,368,0.5543478260869565,0.5615359072659764,0.7017312748592197,280,157,0.5607142857142857,0.5021486246114136,200,115,0.575,0.5057080512046821,2.6639649118554827,2,0.0022520268241417174,0.476361241327509,3.135822099534708,False,False
1,0.25,0.15000000000000002,0.6,368,0.5543478260869565,0.5618377758324026,0.6968375715039852,276,156,0.5652173913043478,0.5062329068180309,195,114,0.5846153846153846,0.5144655032371728,2.704148303433037,2,0.010743627554244795,0.47684837141099295,3.1595094197355404,False,False
1,0.25,0.2,0.55,368,0.5543478260869565,0.5625320735351829,0.6925588385323604,272,155,0.5698529411764706,0.5104446791379107,183,105,0.5737704918032787,0.5013270624105493,2.656870348351582,2,0.010219937843652882,0.46302723174527716,3.099457704409553,False,False
1,0.25,0.25,0.5,368,0.5516304347826086,0.5630754369547499,0.6888524605352725,262,151,0.5763358778625954,0.5158215946545855,161,93,0.577639751552795,0.5004049570728791,2.6589196488819944,2,0.007872800246989775,0.4597200056030372,3.1028940539910517,False,False
1,0.25,0.30000000000000004,0.44999999999999996,368,0.5625,0.5636489872309596,0.6856838103375378,260,150,0.5769230769230769,0.5161778788860999,144,86,0.5972222222222222,0.5155952900234319,2.723016973081607,2,0.008296353463245199,0.4744901519219834,3.1809144180771,False,False
1,0.25,0.35000000000000003,0.39999999999999997,368,0.5597826086956522,0.5653696380595888,0.6830246612532441,249,143,0.5742971887550201,0.5122107349241223,137,82,0.5985401459854015,0.5148500312284225,2.71657334074417,2,0.013113006396588467,0.46881000069946455,3.1591573286504575,False,False
1,0.25,0.4,0.35,368,0.5788043478260869,0.5661243094756543,0.6808520406337749,236,135,0.5720338983050848,0.5082500163130449,118,73,0.6186440677966102,0.5285752066363015,2.7719785971394098,2,0.02947943629565719,0.46499566253828867,3.178015387086384,False,False
1,0.25,0.45,0.3,368,0.5842391304347826,0.567814773447641,0.6791473887486108,218,130,0.5963302752293578,0.530076492009685,97,61,0.6288659793814433,0.52953581425912,2.7995825294176915,2,0.02978723404255318,0.46181189102759373,3.201819952360179,False,True
1,0.25,0.5,0.25,368,0.592391304347826,0.568992060856703,0.6778959364700793,201,122,0.6069651741293532,0.5380416618593978,74,45,0.6081081081081081,0.49419310534999833,2.6684107750919517,2,0.0076923076923077205,0.4357241958151947,3.088750355522531,False,True
1,0.25,0.55,0.19999999999999996,368,0.5896739130434783,0.5698372928426964,0.6770862451554509,186,114,0.6129032258064516,0.5412915906671807,61,36,0.5901639344262295,0.46499566253828867,2.5547429622507494,2,0.03104575163398693,0.3731271947957688,2.865778653778544,False,True
1,0.25,0.6000000000000001,0.1499999999999999,368,0.5842391304347826,0.5720409333776074,0.6767098710623651,168,105,0.625,0.5497668160274497,40,27,0.675,0.52017458088898,2.783583271471136,2,0.026645768025078398,0.35379677689163724,3.0840885123126163,False,True
1,0.25,0.65,0.09999999999999998,368,0.5815217391304348,0.5724333625139614,0.6767611291663506,160,99,0.61875,0.5415420671016984,25,19,0.76,0.5656994004476144,2.957021799639161,2,0.005952380952380931,0.30063605244263664,3.2457530901770357,False,True
1,0.30000000000000004,0.05,0.6499999999999999,368,0.5543478260869565,0.5609925438464092,0.7015183189558817,280,158,0.5642857142857143,0.5057233494283888,200,115,0.575,0.5057080512046821,2.6674192188272547,2,0.0022520268241417174,0.476361241327509,3.13927640650648,False,False
1,0.30000000000000004,0.1,0.6,368,0.5543478260869565,0.5619887101156157,0.6966483230677372,278,158,0.5683453237410072,0.5095796183590787,192,112,0.5833333333333334,0.5126304945212694,2.700238110082685,2,0.01391304347826089,0.4721521169586435,3.144564140084807,False,False
1,0.30000000000000004,0.15000000000000002,0.5499999999999999,368,0.5543478260869565,0.5623207655386845,0.6923919101907567,275,158,0.5745454545454546,0.5154775513379445,182,104,0.5714285714285714,0.49878635239206426,2.6517103737470467,2,0.007857833655706026,0.46302723174527716,3.0990219381809117,False,False
1,0.30000000000000004,0.2,0.49999999999999994,368,0.5543478260869565,0.562592447248468,0.6887067046829431,262,150,0.5725190839694656,0.5119918975858505,158,92,0.5822784810126582,0.5043167728851662,2.6711649475818584,2,0.007371794871794901,0.465690919708387,3.122112277546656,False,False
1,0.30000000000000004,0.25,0.44999999999999996,368,0.5625,0.563226371237963,0.6855582778262478,258,150,0.5813953488372093,0.5204341870728207,145,86,0.593103448275862,0.5117413202394682,2.7117557238368324,2,0.004090563165905614,0.4744901519219834,3.1780647494270045,False,False
1,0.30000000000000004,0.30000000000000004,0.3999999999999999,368,0.5679347826086957,0.5646451535001661,0.6829185705876107,250,144,0.576,0.5140438113999316,136,82,0.6029411764705882,0.5189673559831905,2.736310023786961,2,0.008868699978369032,0.4763567368169741,3.1949293606471967,False,False
1,0.30000000000000004,0.35000000000000003,0.3499999999999999,368,0.5815217391304348,0.5662450569022248,0.6807647548023391,233,133,0.5708154506437768,0.5066191420103829,118,73,0.6186440677966102,0.5285752066363015,2.770944882491876,2,0.02947943629565719,0.46499566253828867,3.1769816724388504,False,False
1,0.30000000000000004,0.4,0.29999999999999993,368,0.5869565217391305,0.5677242128777131,0.6790783977762217,217,127,0.5852534562211982,0.5187736324964403,96,60,0.625,0.5251053301827544,2.7710878418833538,2,0.0338688666956144,0.45247069972046267,3.155820808212588,False,True
1,0.30000000000000004,0.45,0.24999999999999994,368,0.592391304347826,0.5689316871434178,0.6778448443941173,200,122,0.61,0.5409361758928833,74,45,0.6081081081081081,0.49419310534999833,2.671297395426644,2,0.0076923076923077205,0.4357241958151947,3.0916369758572233,False,True
1,0.30000000000000004,0.5,0.19999999999999996,368,0.5842391304347826,0.5704108431189061,0.6770527605420602,183,113,0.6174863387978142,0.5453411312127495,61,36,0.5901639344262295,0.46499566253828867,2.55788430828012,2,0.03104575163398693,0.3731271947957688,2.8689199998079147,False,True
1,0.30000000000000004,0.55,0.1499999999999999,368,0.5788043478260869,0.5721616808041778,0.6766938004687659,161,102,0.6335403726708074,0.5568056266481635,40,26,0.65,0.4950559699353738,2.6891001201023763,2,0.009404388714733536,0.35379677689163724,3.0240881195645466,False,True
1,0.30000000000000004,0.6000000000000001,0.09999999999999987,368,0.5815217391304348,0.573882331632807,0.676762373169625,160,99,0.61875,0.5415420671016984,24,18,0.75,0.5510017468789357,2.8986656272994447,2,0.0,0.30063605244263664,3.1993016797420815,False,True
1,0.35000000000000003,0.05,0.5999999999999999,368,0.5570652173913043,0.561566094122619,0.6964724680564759,277,157,0.5667870036101083,0.5079118826345688,191,110,0.5759162303664922,0.5050094781073685,2.668538173167794,2,0.010649978041282426,0.46737278351554684,3.1146110006007763,False,False
1,0.35000000000000003,0.1,0.5499999999999999,368,0.5625,0.5621094575421861,0.6922380062390407,275,156,0.5672727272727273,0.5081844213577502,180,104,0.5777777777777777,0.5047361675674038,2.669814327642213,2,0.012845849802371578,0.4633206191683021,3.107443247205772,False,False
1,0.35000000000000003,0.15000000000000002,0.4999999999999999,368,0.5570652173913043,0.5623811392519696,0.6885736604039466,264,152,0.5757575757575758,0.5154716273661077,156,91,0.5833333333333334,0.5048742663697783,2.6773813460182834,2,0.008552631578947367,0.465690919708387,3.1259670025687756,False,False
1,0.35000000000000003,0.2,0.4499999999999999,368,0.5679347826086957,0.5634376792344613,0.6854451927702887,258,150,0.5813953488372093,0.5204341870728207,145,87,0.6,0.5186721991701244,2.7406522054913385,2,0.0027587519025875085,0.4818046137128726,3.2169393153990358,False,False
1,0.35000000000000003,0.25,0.3999999999999999,368,0.5733695652173914,0.5642527243638119,0.6828247061233332,250,145,0.58,0.5180598018274972,134,82,0.6119402985074627,0.5274084845750908,2.775078529255816,2,0.01828316610925307,0.4763567368169741,3.214868933854284,False,False
1,0.35000000000000003,0.30000000000000004,0.34999999999999987,368,0.5815217391304348,0.5660639357623691,0.6806895122389683,233,134,0.575107296137339,0.5109206769177369,117,72,0.6153846153846154,0.524895963703818,2.760490157840013,2,0.032894736842105254,0.4572785431323962,3.1519792272881983,False,False
1,0.35000000000000003,0.35000000000000003,0.2999999999999999,368,0.5842391304347826,0.5674223443112868,0.6790213019301603,216,127,0.5879629629629629,0.5213431867545277,99,61,0.6161616161616161,0.51772985227595,2.7435328648526385,2,0.028799019607843146,0.4516509274741746,3.137585753111127,False,False
1,0.35000000000000003,0.4,0.2499999999999999,368,0.5896739130434783,0.5687807528602047,0.6778055313828133,197,121,0.6142131979695431,0.5446702982784147,74,45,0.6081081081081081,0.49419310534999833,2.674450621868602,2,0.0076923076923077205,0.4357241958151947,3.0947902022991816,False,True
1,0.35000000000000003,0.45,0.1999999999999999,368,0.5869565217391305,0.571044767108401,0.6770309689782883,178,111,0.6235955056179775,0.5505172707444252,60,36,0.6,0.47365824394206846,2.5984487871973876,2,0.020361990950226283,0.3894829692111983,2.9472077745081338,False,True
1,0.35000000000000003,0.5,0.1499999999999999,368,0.5788043478260869,0.5726446705104598,0.6766893655032754,163,101,0.6196319018404908,0.5431588704905546,38,24,0.631578947368421,0.4728367282426011,2.586722181078659,2,0.0033670033670033517,0.35379677689163724,2.93378495123629,False,True
1,0.35000000000000003,0.55,0.09999999999999987,368,0.5815217391304348,0.5752105533250823,0.6767752230347697,163,102,0.6257668711656442,0.5493826430494978,23,18,0.782608695652174,0.5809611981726509,3.0267399049567594,2,0.019736842105263164,0.30063605244263664,3.2879022731888696,False,True
1,0.4,0.05,0.5499999999999999,368,0.5625,0.5618377758324026,0.6920970666402352,272,154,0.5661764705882353,0.5067606746016305,177,103,0.5819209039548022,0.5082696689141968,2.6824712696800908,2,0.022105801175568596,0.45806952309152443,3.096329190420478,False,False
1,0.4,0.1,0.5,368,0.5625,0.5627735683883237,0.6884532755590363,266,153,0.575187969924812,0.5151278231962418,157,91,0.5796178343949044,0.501405628781052,2.66439175372514,2,0.012102014294996744,0.4593724052942849,3.099560130429431,False,False
1,0.4,0.15000000000000002,0.44999999999999996,368,0.5679347826086957,0.5635282398043892,0.6853445101103464,259,150,0.5791505791505791,0.5182971286861219,145,87,0.6,0.5186721991701244,2.7385624518076064,2,0.0027587519025875085,0.4818046137128726,3.2148495617153037,False,False
1,0.4,0.2,0.39999999999999997,368,0.5760869565217391,0.5642829112204546,0.6827430292279761,245,142,0.5795918367346938,0.5170182099682822,131,80,0.6106870229007634,0.5251726059475306,2.7656622925832934,2,0.019930069930069905,0.47048971538288953,3.196291868106043,False,False
1,0.4,0.25,0.35,368,0.5815217391304348,0.5657318803393002,0.680626280219487,233,134,0.575107296137339,0.5109206769177369,117,71,0.6068376068376068,0.5162846404246421,2.7259578945002847,2,0.041228070175438614,0.4410321465469486,3.084533900696356,False,False
1,0.4,0.30000000000000004,0.29999999999999993,368,0.5842391304347826,0.5681468288707097,0.678976073987855,215,127,0.5906976744186047,0.5239388758470106,97,61,0.6288659793814433,0.52953581425912,2.793578792834089,2,0.009148936170212785,0.48150195022393577,3.256782870717599,False,True
1,0.4,0.35000000000000003,0.24999999999999994,368,0.592391304347826,0.5690826214266308,0.6777779754039333,196,120,0.6122448979591837,0.5424982099941851,75,46,0.6133333333333333,0.5001726873212743,2.6968364114960504,2,0.002136752136752129,0.4486417029674348,3.141204610189981,False,True
1,0.4,0.4,0.19999999999999996,368,0.5815217391304348,0.5705617774021192,0.677020853394352,177,109,0.615819209039548,0.5424235218714597,60,36,0.6,0.47365824394206846,2.589125208007586,2,0.0267857142857143,0.390704789856154,2.926258569292311,False,True
1,0.4,0.45,0.14999999999999997,368,0.5733695652173914,0.5731276602167417,0.6766965539057184,165,102,0.6181818181818182,0.5421606295799133,37,23,0.6216216216216216,0.4610014255281996,2.537439232020069,2,0.02833333333333332,0.3195073356553728,2.800279901008775,False,False
1,0.4,0.5,0.09999999999999998,368,0.5815217391304348,0.5757237298880067,0.6767996712281676,163,104,0.6380368098159509,0.5618671531800536,21,16,0.7619047619047619,0.5490841802765406,2.9118654068330714,2,0.05555555555555558,0.20765495512648788,3.008409250848448,False,True
1,0.45,0.05,0.5,368,0.5597826086956522,0.5630150632414647,0.6883455021653697,265,152,0.5735849056603773,0.5134056256118162,157,91,0.5796178343949044,0.501405628781052,2.6622200810145196,2,0.012102014294996744,0.4593724052942849,3.097388457718811,False,False
1,0.45,0.1,0.45000000000000007,368,0.5679347826086957,0.5641923506505268,0.6852561886851379,257,149,0.5797665369649806,0.5186784867137884,146,88,0.6027397260273972,0.5217108448064934,2.751315289919632,2,0.0,0.48807204465405674,3.2393873345736885,False,False
1,0.45,0.15000000000000002,0.4,368,0.5706521739130435,0.5647960877833792,0.682673504959855,242,140,0.5785123966942148,0.5155460682531842,129,80,0.6201550387596899,0.5340714109410819,2.7988662721431634,2,0.02031250000000001,0.47855778499746787,3.2367990571406313,False,False
1,0.45,0.2,0.35000000000000003,368,0.5760869565217391,0.56630543061551,0.680575029546116,231,133,0.5757575757575758,0.5112947632068697,116,71,0.6120689655172413,0.5211597659068572,2.7449278414140763,2,0.03642581028843295,0.4493425547283663,3.121418775565577,False,False
1,0.45,0.25,0.30000000000000004,368,0.5896739130434783,0.5676940260210704,0.6789426901256596,214,128,0.5981308411214953,0.531270563509734,95,60,0.631578947368421,0.5312293801072515,2.808642536328625,2,0.014406028368794344,0.4742630844397632,3.2540935640307995,False,True
1,0.45,0.30000000000000004,0.25,368,0.5896739130434783,0.568992060856703,0.6777621577291673,194,118,0.6082474226804123,0.5380920048161364,75,47,0.6266666666666667,0.5135475597239507,2.7453622130318127,2,0.0049786628733997085,0.4610014255281996,3.196406312813213,False,True
1,0.45,0.35000000000000003,0.2,368,0.5760869565217391,0.5698071059860537,0.6770223999587491,175,108,0.6171428571428571,0.5433406546541516,61,37,0.6065573770491803,0.4811702438560874,2.6187766731869155,2,0.03246753246753248,0.390704789856154,2.9445463981080047,False,True
1,0.45,0.4,0.15000000000000002,368,0.5760869565217391,0.5724031756573188,0.6767153566158673,166,102,0.6144578313253012,0.5386223427031571,39,23,0.5897435897435898,0.4341834847334491,2.4269515543153233,2,0.03846153846153849,0.29143432431832045,2.6414628017105666,False,True
1,0.45,0.45,0.10000000000000003,368,0.5869565217391305,0.5761463458810034,0.6768357134040024,164,105,0.6402439024390244,0.5643552797156297,21,15,0.7142857142857143,0.5004322617716241,2.720952392233453,2,0.13235294117647056,0.15003570882017145,2.606282218700683,False,True
1,0.45,0.5,0.050000000000000044,368,0.5760869565217391,0.5749388716152988,0.6773807579279544,173,110,0.6358381502890174,0.5619033686518206,13,10,0.7692307692307693,0.49743126004873084,2.7038513100500907,2,0.15909090909090912,0.09452865480086611,2.4801981466691383,False,True
1,0.5,0.05,0.45,368,0.5706521739130435,0.5637999215141728,0.6851801911523462,256,149,0.58203125,0.520834447189798,147,88,0.5986394557823129,0.5178620118079809,2.738516867428113,2,0.0040725657164013,0.4807563154549811,3.2111280514502916,False,False
1,0.5,0.1,0.4,368,0.5733695652173914,0.5653092643463036,0.6826161020020473,241,139,0.5767634854771784,0.5136596980167328,130,80,0.6153846153846154,0.5295835084683116,2.7797372038369392,2,0.015384615384615385,0.47855778499746787,3.2275257580651764,False,False
1,0.5,0.15000000000000002,0.35,368,0.5788043478260869,0.5667582334651493,0.6805357344928872,227,132,0.5814977973568282,0.5164882891232973,114,71,0.6228070175438597,0.5312004830192322,2.790971413906411,2,0.03294334975369456,0.45877362113703657,3.183858335536058,False,False
1,0.5,0.2,0.3,368,0.5896739130434783,0.5670601020315754,0.6789211298744379,212,126,0.5943396226415094,0.5271321152089673,94,60,0.6382978723404256,0.5375033271840058,2.8294140111882715,2,0.007699275362318847,0.4859983314918479,3.3000137919554815,False,False
1,0.5,0.25,0.25,368,0.5815217391304348,0.5681770157273524,0.6777580628990126,193,117,0.6062176165803109,0.5358573049288043,76,48,0.631578947368421,0.5192485688815169,2.7640574204193626,2,0.0,0.4728367282426011,3.2368941486619636,False,True
1,0.5,0.30000000000000004,0.19999999999999996,368,0.5625,0.5698674796993389,0.6770355980518584,171,104,0.6081871345029239,0.533412176241959,58,35,0.603448275862069,0.47492982807449885,2.5811846128393845,2,0.030952380952380953,0.390704789856154,2.9099846407907766,False,False
1,0.5,0.35000000000000003,0.14999999999999997,368,0.5760869565217391,0.5726446705104598,0.6767457677554425,166,102,0.6144578313253012,0.5386223427031571,40,24,0.6,0.44595619827393507,2.4741087747052948,2,0.02197802197802201,0.3259026690286935,2.756055399777944,False,True
1,0.5,0.4,0.09999999999999998,368,0.5869565217391305,0.5752709270383676,0.6768833483945815,166,106,0.6385542168674698,0.5630995929720713,21,15,0.7142857142857143,0.5004322617716241,2.719424552838988,2,0.033333333333333326,0.2999883213415286,2.95274620751385,False,True
1,0.55,0.05,0.39999999999999997,368,0.5706521739130435,0.5655507591994446,0.6825707926028126,240,138,0.575,0.5117587678255439,129,79,0.6124031007751938,0.5262377936886841,2.76399144660216,2,0.018509615384615374,0.4714498650454971,3.1984220808784265,False,False
1,0.55,0.1,0.35,368,0.5842391304347826,0.5664865517553657,0.6805083727569565,223,130,0.5829596412556054,0.5173736164925941,111,69,0.6216216216216216,0.528758121912598,2.7830982212051607,2,0.03513337670787248,0.4509418238445375,3.1637732916339534,False,False
1,0.55,0.15000000000000002,0.29999999999999993,368,0.5896739130434783,0.5672412231714311,0.6789113760806795,209,123,0.5885167464114832,0.5207873385167252,93,59,0.6344086021505376,0.5330090301523666,2.8051483334701803,2,0.011805555555555569,0.4762967000646754,3.2578339224237443,False,False
1,0.55,0.2,0.24999999999999994,368,0.5788043478260869,0.5683581368672079,0.6777656786929311,195,119,0.6102564102564103,0.5403055417910309,76,48,0.631578947368421,0.5192485688815169,2.768014992203892,2,0.0,0.4728367282426011,3.240851720446493,False,True
1,0.55,0.25,0.19999999999999996,368,0.5652173913043478,0.5702900956923355,0.6770604402446677,170,102,0.6,0.5249309239749735,56,33,0.5892857142857143,0.45877362113703657,2.508743827442756,2,0.01785714285714285,0.390704789856154,2.8637343315846246,False,False
1,0.55,0.30000000000000004,0.1499999999999999,368,0.5760869565217391,0.5727654179370303,0.676787784615188,164,102,0.6219512195121951,0.545747051865023,40,23,0.575,0.4219480043605999,2.3852285290698423,2,0.0027472527472527375,0.3259026690286935,2.7056366926040303,False,True
1,0.55,0.35000000000000003,0.09999999999999992,368,0.5869565217391305,0.5765387750173574,0.6769425782057789,169,108,0.6390532544378699,0.5642944838720582,21,15,0.7142857142857143,0.5004322617716241,2.7209879521704323,2,0.17307692307692307,0.2152125268244419,2.590046632841028,False,True
1,0.6000000000000001,0.05,0.3499999999999999,368,0.5815217391304348,0.5660639357623691,0.6804929254156225,223,131,0.5874439461883408,0.5218811635459669,111,69,0.6216216216216216,0.528758121912598,2.786938594668032,2,0.03513337670787248,0.4509418238445375,3.167613665096824,False,False
1,0.6000000000000001,0.1,0.29999999999999993,368,0.5842391304347826,0.5671506626015034,0.6789134148729931,212,125,0.589622641509434,0.5223834427805375,94,59,0.6276595744680851,0.5267247800539883,2.7804929048892997,2,0.018568840579710144,0.4645658371764493,3.2079210609063287,False,False
1,0.6000000000000001,0.15000000000000002,0.2499999999999999,368,0.5706521739130435,0.5683279500105654,0.6777849961046741,193,116,0.6010362694300518,0.5306267869189346,75,46,0.6133333333333333,0.5001726873212743,2.6803893567688757,2,0.002136752136752129,0.4486417029674348,3.124757555462806,False,False
1,0.6000000000000001,0.2,0.1999999999999999,368,0.5625,0.5711051408216862,0.6770969222825574,172,104,0.6046511627906976,0.5300620462849593,56,33,0.5892857142857143,0.45877362113703657,2.5135686886231,2,0.01785714285714285,0.390704789856154,2.8685591927649687,False,False
1,0.6000000000000001,0.25,0.1499999999999999,368,0.5788043478260869,0.573097473360099,0.6768414076469922,168,105,0.625,0.5497668160274497,39,23,0.5897435897435898,0.4341834847334491,2.4388225850050946,2,0.04583333333333334,0.3011663015105079,2.648322219848936,False,True
1,0.6000000000000001,0.30000000000000004,0.09999999999999987,368,0.5788043478260869,0.5778669967096326,0.677013408017602,172,109,0.6337209302325582,0.5595281061967514,23,16,0.6956521739130435,0.4913387093942739,2.6786012307484337,2,0.20634920634920634,0.188775429471914,2.4546782475219353,False,True
1,0.65,0.05,0.3,368,0.5788043478260869,0.5672412231714311,0.6789272356338462,211,125,0.5924170616113744,0.5250357059304523,90,57,0.6333333333333333,0.530221128924694,2.7960680110191056,2,0.02746165264720435,0.4557879659331909,3.196932671657888,False,False
1,0.65,0.1,0.24999999999999997,368,0.5679347826086957,0.5682675762972802,0.6778160093226829,193,116,0.6010362694300518,0.5306267869189346,76,47,0.618421052631579,0.5060154789314373,2.7031927301910708,2,0.023215523215523226,0.4348568313132931,3.0916185150733178,False,False
1,0.65,0.15000000000000002,0.19999999999999996,368,0.5625,0.570652337972047,0.6771450430740902,173,103,0.5953757225433526,0.5209330284862886,56,33,0.5892857142857143,0.45877362113703657,2.504294205811231,2,0.01785714285714285,0.390704789856154,2.8592847099530996,False,False
1,0.65,0.2,0.14999999999999997,368,0.5869565217391305,0.5727654179370303,0.6769066404610342,173,109,0.630057803468208,0.5560188895622248,39,23,0.5897435897435898,0.4341834847334491,2.4465924301327493,2,0.02309782608695654,0.3317819560677652,2.7321787340266015,False,True
1,0.65,0.25,0.09999999999999998,368,0.5733695652173914,0.5774443807166361,0.6770958461899084,169,107,0.6331360946745562,0.5582650628013236,23,16,0.6956521739130435,0.4913387093942739,2.6761079583989065,2,0.20634920634920634,0.188775429471914,2.452184975172408,False,False
1,0.7000000000000001,0.05,0.24999999999999994,368,0.5733695652173914,0.567724212877713,0.6778587157154993,196,118,0.6020408163265306,0.5321859982700713,77,48,0.6233766233766234,0.511725974706673,2.7285093308604553,2,0.03760162601626016,0.4219996966427768,3.075305775470712,False,False
1,0.7000000000000001,0.1,0.19999999999999993,368,0.5625,0.5696561717028406,0.6772048046847737,173,105,0.6069364161849711,0.532586804400314,58,35,0.603448275862069,0.47492982807449885,2.5802620072722062,2,0.017241379310344862,0.4073752847851524,2.9531545334366687,False,False
1,0.7000000000000001,0.15000000000000002,0.1499999999999999,368,0.5842391304347826,0.572705044223745,0.67698348982797,171,108,0.631578947368421,0.5571272338149912,41,25,0.6097560975609756,0.45726583898692563,2.53945323115118,2,0.02870813397129185,0.3627555146516011,2.8447924778601976,False,True
1,0.7000000000000001,0.2,0.09999999999999992,368,0.5788043478260869,0.5772632595767803,0.6771899042733212,173,108,0.6242774566473989,0.5501450886306932,23,16,0.6956521739130435,0.4913387093942739,2.6690017927913763,2,0.20634920634920634,0.188775429471914,2.445078809564878,False,True
1,0.75,0.05,0.2,368,0.5625,0.5696863585594832,0.6772762123357916,174,106,0.6091954022988506,0.5350849234392719,58,35,0.603448275862069,0.47492982807449885,2.5827549008379536,2,0.017241379310344862,0.4073752847851524,2.9556474270024164,False,False
1,0.75,0.1,0.15,368,0.5842391304347826,0.5728559785069581,0.6770719656861847,172,109,0.6337209302325582,0.5595281061967514,41,25,0.6097560975609756,0.45726583898692563,2.5418816886462614,2,0.02870813397129185,0.3627555146516011,2.847220935355279,False,True
1,0.75,0.15000000000000002,0.09999999999999998,368,0.5815217391304348,0.576961391010354,0.6772955970254168,177,112,0.632768361581921,0.5596328171769803,24,17,0.7083333333333334,0.5083193634129031,2.7468439165527028,2,0.17857142857142855,0.2365895936154873,2.626290653025333,False,True
1,0.8,0.05,0.14999999999999997,368,0.5978260869565217,0.5731578470733842,0.6771720811541653,170,108,0.6352941176470588,0.5606872415745565,40,25,0.625,0.4703216005453191,2.598051799038319,2,0.04385964912280699,0.3627555146516011,2.8730880154443064,False,True
1,0.8,0.1,0.09999999999999995,368,0.5815217391304348,0.5763274670208591,0.6774129424322806,178,112,0.6292134831460674,0.5562252733268694,22,15,0.6818181818181818,0.4731822278283934,2.6026741840863314,2,0.16666666666666669,0.2365895936154873,2.5059304443684853,False,True
1,0.8500000000000001,0.05,0.09999999999999991,368,0.5788043478260869,0.5762369064509313,0.6775419617355556,179,112,0.6256983240223464,0.5528601776105336,21,14,0.6666666666666666,0.45373075657210293,2.5209067530523313,2,0.15909090909090912,0.2365895936154873,2.4393145284860003,False,True
2,0.05,0.05,0.8999999999999999,1238,0.5274636510500808,0.5325015677257525,0.7443343188678123,992,534,0.5383064516129032,0.5071946418713372,767,417,0.5436766623207301,0.5082957840637887,2.656754114880672,3,0.04015329147137447,0.45317584491233737,3.0296233768502603,True,False
2,0.05,0.1,0.85,1238,0.5266558966074314,0.5327236622073579,0.7368966962273932,983,532,0.5412004069175992,0.509949450244186,748,409,0.5467914438502673,0.5109677167097729,2.6715892558214924,3,0.04025598451246367,0.4529261118014093,3.044003398597974,True,False
2,0.05,0.15000000000000002,0.7999999999999999,1238,0.5250403877221325,0.5330946906354515,0.7302928082993135,967,521,0.5387797311271976,0.5072683856799993,722,393,0.5443213296398892,0.5078540060256195,2.6575623328576765,3,0.040534195820498296,0.45435578188372705,3.030849723100407,True,False
2,0.05,0.2,0.75,1238,0.5258481421647819,0.5333716555183947,0.7244064879661859,952,510,0.5357142857142857,0.5039532960631927,700,382,0.5457142857142857,0.5086793483849621,2.658970517098279,3,0.04308713477460173,0.45043282918686717,3.0232290767359427,True,False
2,0.05,0.25,0.7,1238,0.5282714054927302,0.5336094272575251,0.7191532592149317,942,506,0.5371549893842887,0.5052266085201984,673,365,0.5423476968796433,0.504573053046894,2.6454252781405923,3,0.043599071093490746,0.4422983432334619,3.0005254791870724,True,False
2,0.05,0.30000000000000004,0.6499999999999999,1238,0.5266558966074314,0.5339830685618729,0.7144691673651714,928,497,0.5355603448275862,0.5033910086289797,634,345,0.5441640378548895,0.5052454076008022,2.6470049054492026,3,0.04335386879743997,0.4450757970067437,3.0053729648610665,True,False
2,0.05,0.35000000000000003,0.5999999999999999,1238,0.5274636510500808,0.534257420568562,0.7103043835820202,905,489,0.5403314917127072,0.5077591121141977,593,329,0.554806070826307,0.5145794062699042,2.689785816857995,3,0.04003539179382899,0.45600033655357025,3.0657153698239075,True,False
2,0.05,0.4,0.5499999999999999,1238,0.5323101777059773,0.5347721571906354,0.7066192714928369,886,476,0.5372460496613995,0.5043235366759965,547,302,0.5521023765996343,0.5102093381719415,2.670730717763581,3,0.04794292095147865,0.4446756136179575,3.019520489478581,True,False
2,0.05,0.45,0.49999999999999994,1238,0.5339256865912763,0.5355481814381271,0.7033818330091042,866,466,0.5381062355658198,0.5048060183612708,516,283,0.5484496124031008,0.5053099508943635,2.6528190470865973,3,0.05471408556876095,0.4344978319405692,2.9778887078896448,True,False
2,0.05,0.5,0.44999999999999996,1238,0.5355411954765751,0.5361439172240803,0.7005659782504414,836,452,0.5406698564593302,0.5067789630266436,466,262,0.5622317596566524,0.5168599529217107,2.702056993325937,3,0.05369985043611015,0.45616032838699344,3.05081762084071,True,False
2,0.05,0.55,0.3999999999999999,1238,0.5379644588045234,0.5367762332775919,0.6981503142450659,805,440,0.546583850931677,0.5120534273541376,421,234,0.5558194774346793,0.5080634111861843,2.673302770994044,3,0.06774245953330243,0.4320228605025087,2.9698407124299475,True,False
2,0.05,0.6000000000000001,0.34999999999999987,1238,0.537156704361874,0.5375130643812709,0.6961172747228822,752,412,0.5478723404255319,0.5121459632023274,370,203,0.5486486486486486,0.49770141301565385,2.6324134205071226,3,0.07504360534307303,0.4226063199448908,2.9049325297658672,True,True
2,0.05,0.65,0.29999999999999993,1238,0.5387722132471728,0.5381088001672241,0.6944524827514007,702,386,0.5498575498575499,0.5128821115809414,314,174,0.554140127388535,0.4988356778333246,2.6385214090635616,3,0.08138020022502951,0.4068499737205518,2.8826109823340547,True,True
2,0.05,0.7000000000000001,0.2499999999999999,1238,0.5395799676898223,0.5388665342809364,0.6931442777608912,663,369,0.5565610859728507,0.5185271774177326,257,136,0.5291828793774319,0.4681761061254282,2.5221787001895124,3,0.0580604817379263,0.37734812427246284,2.783405860986123,True,True
2,0.05,0.75,0.19999999999999996,1238,0.5452342487883683,0.5393603678929766,0.6921833623636062,616,344,0.5584415584415584,0.5189847059979096,209,112,0.5358851674641149,0.4682340944152572,2.524339371311784,3,0.06889527348957142,0.383176074674878,2.769724899007519,True,True
2,0.05,0.8,0.1499999999999999,1238,0.5476575121163166,0.5400397157190635,0.6915625392624057,569,316,0.5553602811950791,0.5142933341931888,160,87,0.54375,0.466448820297763,2.5133195246707425,3,0.10755403360806803,0.3747376923069333,2.6729491497615396,True,True
2,0.05,0.8500000000000001,0.09999999999999987,1238,0.5395799676898223,0.540567516722408,0.6912765181983529,521,287,0.5508637236084453,0.507934550496193,113,62,0.5486725663716814,0.4568262460353993,2.4670704795528065,3,0.08297175779829696,0.3654621629703245,2.6665891269265374,False,True
2,0.1,0.05,0.85,1238,0.5266558966074314,0.5327576295986622,0.7370546018546295,985,532,0.5401015228426396,0.5088810525124589,749,409,0.5460614152202937,0.5102605350667296,2.6676707406095366,3,0.04084002871882868,0.4512778042265541,3.0372684873984332,True,False
2,0.1,0.1,0.8,1238,0.5274636510500808,0.5330554974916388,0.7304281217655312,968,522,0.5392561983471075,0.5077616006760487,724,394,0.5441988950276243,0.5077818933346399,2.65821292911901,3,0.040478504667751346,0.4508609814883883,3.0281169012718956,True,False
2,0.1,0.15000000000000002,0.75,1238,0.5258481421647819,0.5333585911371238,0.7245232192354845,954,513,0.5377358490566038,0.5060094693165106,698,381,0.5458452722063037,0.508757415182008,2.661311691971539,3,0.041718585357209355,0.4485701937049575,3.026444714962078,True,False
2,0.1,0.2,0.7,1238,0.5274636510500808,0.5337008779264214,0.7192542765483158,941,505,0.536663124335813,0.5047174593301009,674,365,0.5415430267062314,0.5037959249799447,2.6416532975281597,3,0.04115549975557205,0.4444322625285866,3.0037745605456023,True,False
2,0.1,0.25,0.65,1238,0.5290791599353797,0.5340405518394649,0.7145565997199862,924,498,0.538961038961039,0.5067243215666223,638,347,0.5438871473354232,0.5050905867047859,2.650203345980684,3,0.040899606365850924,0.4489167835544375,3.0173209168034196,True,False
2,0.1,0.30000000000000004,0.6,1238,0.5250403877221325,0.534432483277592,0.7103798554630143,903,487,0.5393133997785161,0.5067039733652214,595,325,0.5462184873949579,0.5060453410416146,2.654147188966781,3,0.03762474549003363,0.4500254816680413,3.028923179654755,True,False
2,0.1,0.35000000000000003,0.55,1238,0.5331179321486268,0.5347564799331104,0.7066840486273566,885,475,0.536723163841808,0.5037817664948233,552,303,0.5489130434782609,0.507205805328311,2.6583187084922546,3,0.04457749022244051,0.44487297817533095,3.0140367062227047,True,False
2,0.1,0.4,0.5,1238,0.5323101777059773,0.5354410535117057,0.7034369171132044,861,462,0.5365853658536586,0.503187733971342,515,283,0.5495145631067961,0.506334068738165,2.6549309770960683,3,0.05347514088168012,0.4389679370789689,2.986948632411677,True,False
2,0.1,0.45,0.45,1238,0.537156704361874,0.5361099498327759,0.700612171064275,830,451,0.5433734939759036,0.5093631622446473,464,262,0.5646551724137931,0.5191933464914326,2.71427843981973,3,0.05537553660254137,0.45616032838699344,3.0596876950016405,True,False
2,0.1,0.5,0.4,1238,0.5387722132471728,0.5369904891304348,0.6981882621496629,798,440,0.5513784461152882,0.5167061922246131,425,237,0.5576470588235294,0.5101198138987139,2.6863993847781007,3,0.06274189780797507,0.44021971705433516,3.0011353062164856,True,False
2,0.1,0.55,0.35,1238,0.5387722132471728,0.5375627090301003,0.6961475006041213,754,415,0.5503978779840849,0.5147238607439014,374,206,0.5508021390374331,0.5001275470666956,2.6450278042483246,3,0.07375834245926717,0.41799165400572424,2.9155027733355143,True,True
2,0.1,0.6000000000000001,0.29999999999999993,1238,0.5436187399030694,0.5380434782608696,0.6944754092041385,706,387,0.5481586402266289,0.511285249429513,312,171,0.5480769230769231,0.492601422742137,2.6129326500161083,3,0.08574361230238228,0.3954375003500976,2.8368829257614414,True,True
2,0.1,0.65,0.25,1238,0.5436187399030694,0.5388639214046823,0.6931602442337086,660,367,0.556060606060606,0.5179387165695392,258,137,0.5310077519379846,0.47010477066365763,2.530108674779447,3,0.06713786297389897,0.37060186643725185,2.7664348152689007,True,True
2,0.1,0.7000000000000001,0.19999999999999996,1238,0.5428109854604201,0.5397313963210703,0.6921926379432221,612,341,0.5571895424836601,0.5175999395920915,210,112,0.5333333333333333,0.46586469181070445,2.5131017952346695,3,0.06643312377205968,0.39077208862410456,2.7710076363146547,True,True
2,0.1,0.75,0.15000000000000002,1238,0.5411954765751211,0.540465614548495,0.69156533223238,571,317,0.5551663747810858,0.5141711265256006,161,86,0.5341614906832298,0.45721002180161946,2.475076926965175,3,0.11339128187824696,0.36038786252396654,2.6086822257326476,True,True
2,0.1,0.8,0.09999999999999998,1238,0.5387722132471728,0.5408732232441471,0.6912729831409997,524,289,0.5515267175572519,0.5087217324994634,109,60,0.5504587155963303,0.45694046930826504,2.4682454227270023,3,0.07220665520159196,0.3654621629703245,2.689294275294143,False,True
2,0.15000000000000002,0.05,0.7999999999999999,1238,0.5274636510500808,0.5329457566889633,0.7305937929089796,972,523,0.5380658436213992,0.5066350967774897,726,396,0.5454545454545454,0.5090893443199876,2.6622501726923495,3,0.04275967803095482,0.4473690337033356,3.0240998503337755,True,False
2,0.15000000000000002,0.1,0.75,1238,0.5282714054927302,0.533392558528428,0.724668438956639,957,513,0.5360501567398119,0.5043724670591666,701,378,0.5392296718972895,0.5022159462529343,2.6339746129366506,3,0.036994869586759786,0.44686608875047257,3.006850962513604,True,False
2,0.15000000000000002,0.15000000000000002,0.7,1238,0.5274636510500808,0.5337400710702341,0.719382280694163,944,509,0.5391949152542372,0.507302033645522,673,368,0.5468053491827637,0.5090352936460378,2.6651815036219273,3,0.04272868121451488,0.44984341826549223,3.02956755945839,True,False
2,0.15000000000000002,0.2,0.6499999999999999,1238,0.5274636510500808,0.5341398411371238,0.714669789889814,926,499,0.5388768898488121,0.5066749615383018,636,346,0.5440251572327044,0.5051677050889892,2.6501465064674488,3,0.037900546580836615,0.4509105350903168,3.0252559483960924,True,False
2,0.15000000000000002,0.25,0.6,1238,0.5323101777059773,0.5345892558528428,0.7104800657947427,900,483,0.5366666666666666,0.5040010458968035,602,327,0.5431893687707641,0.5032483935656208,2.641737419297386,3,0.040458743337983855,0.448268482897422,3.0090884155188404,True,False
2,0.15000000000000002,0.30000000000000004,0.5499999999999999,1238,0.529886914378029,0.5349628971571907,0.7067727108411374,882,473,0.536281179138322,0.503283574257072,551,301,0.5462794918330308,0.504531803064667,2.6465224963702756,3,0.04708771580749994,0.4446756136179575,2.997022678373233,True,False
2,0.15000000000000002,0.35000000000000003,0.49999999999999994,1238,0.5339256865912763,0.5357101797658863,0.7035151676752452,859,463,0.5389988358556461,0.5055637375237391,519,287,0.5529865125240848,0.509977853188537,2.6722703079908587,3,0.04870582119679585,0.44132093952605067,3.016179605123318,True,False
2,0.15000000000000002,0.4,0.44999999999999996,1238,0.5379644588045234,0.5361569816053512,0.7006809235120071,823,446,0.5419198055893074,0.5077632709071352,467,263,0.563169164882227,0.5178490778147118,2.7074633837060906,3,0.05628263028529212,0.4531753678270283,3.0480734909625347,True,False
2,0.15000000000000002,0.45,0.39999999999999997,1238,0.5395799676898223,0.5371237458193979,0.6982482574576928,794,436,0.5491183879093199,0.5143538234040292,420,234,0.5571428571428572,0.5093320832127177,2.6810856220471457,3,0.056982909507555905,0.44021971705433516,3.007339520086369,True,False
2,0.15000000000000002,0.5,0.35,1238,0.5420032310177706,0.5375600961538461,0.6961993431635582,751,412,0.5486018641810919,0.5128529735015379,370,202,0.5459459459459459,0.4950007186648789,2.6232846545780495,3,0.06803039826300347,0.41732951901522114,2.9045533770672636,True,True
2,0.15000000000000002,0.55,0.29999999999999993,1238,0.5460420032310178,0.5378213837792643,0.6945195930576663,708,388,0.5480225988700564,0.5112011866907543,314,172,0.5477707006369427,0.4924723691850241,2.6127415605993005,3,0.08520131532383574,0.4026891499485618,2.8450280799001906,True,True
2,0.15000000000000002,0.6000000000000001,0.2499999999999999,1238,0.5428109854604201,0.5389867265886288,0.6931971725131844,666,368,0.5525525525525525,0.5145945043311356,265,140,0.5283018867924528,0.46822266998902595,2.5191039648532754,3,0.07811828626916066,0.35430230971911897,2.717169702034073,True,True
2,0.15000000000000002,0.65,0.19999999999999996,1238,0.5444264943457189,0.5400292642140468,0.6922226374350321,608,340,0.5592105263157895,0.5194965042973518,214,113,0.5280373831775701,0.4612474752365475,2.4969359558898936,3,0.060263422784675835,0.37004224326489743,2.746451353585439,True,True
2,0.15000000000000002,0.7000000000000001,0.1499999999999999,1238,0.5411954765751211,0.5408993520066889,0.6915886643578804,569,315,0.5536028119507909,0.5125319812266781,162,87,0.5370370370370371,0.4602842477721484,2.4858601403607263,3,0.10180600197936053,0.35852497382933834,2.6407731102313434,True,True
2,0.15000000000000002,0.75,0.09999999999999998,1238,0.5387722132471728,0.5414741847826088,0.691289852227603,538,298,0.5539033457249071,0.5116640435959817,109,61,0.5596330275229358,0.46598353421662536,2.50753690810118,3,0.06146093937829371,0.3906175873976139,2.7752326167422066,False,True
2,0.2,0.05,0.75,1238,0.5274636510500808,0.5333559782608696,0.7248425074788298,961,514,0.5348595213319459,0.5032472848203655,703,380,0.5405405405405406,0.5035800879896007,2.63809865897128,3,0.03994737442793679,0.4434968798888282,3.0017007900042345,True,False
2,0.2,0.1,0.7000000000000001,1238,0.5258481421647819,0.5336852006688964,0.71953755721602,943,509,0.5397667020148462,0.5078574520281368,670,365,0.5447761194029851,0.5069190415426793,2.656901295389275,3,0.03827250763556327,0.44984341826549223,3.030199698383641,True,False
2,0.2,0.15000000000000002,0.65,1238,0.524232633279483,0.5341764214046822,0.7148089679178481,925,500,0.5405405405405406,0.5083228033408772,635,347,0.5464566929133858,0.5075710378628978,2.6607446142862,3,0.0359426583953245,0.4509105350903168,3.039769832585868,True,False
2,0.2,0.2,0.6000000000000001,1238,0.529886914378029,0.5346911580267558,0.7106052023825501,902,486,0.5388026607538803,0.5061747183067722,605,329,0.543801652892562,0.5039602368742506,2.6462793556108966,3,0.03921696718904609,0.4465559819732122,3.0144014032060165,True,False
2,0.2,0.25,0.55,1238,0.531502423263328,0.5349080267558528,0.7068854131378849,880,474,0.5386363636363637,0.5056026444030481,554,302,0.5451263537906137,0.5034911584539629,2.6449630882707442,3,0.04502001849651597,0.44706936483569165,3.001992416113404,True,False
2,0.2,0.30000000000000004,0.5,1238,0.5339256865912763,0.5357180183946488,0.7036167137661935,856,463,0.5408878504672897,0.507395804535227,519,286,0.5510597302504817,0.508048077628527,2.6663653151327464,3,0.044489932385294494,0.445969396271265,3.0233548466334224,True,False
2,0.2,0.35000000000000003,0.45,1238,0.5411954765751211,0.5363477215719064,0.7007723438336252,826,451,0.5460048426150121,0.5119159662856017,470,264,0.5617021276595745,0.5165227868325634,2.706996056635726,3,0.05134092274960749,0.4511789047794237,3.055493115915935,True,False
2,0.2,0.4,0.4,1238,0.5411954765751211,0.5368807483277592,0.6983303914315715,798,438,0.5488721804511278,0.5141945390034898,419,233,0.5560859188544153,0.5082162502797829,2.6766967816496585,3,0.05544678076353221,0.44471258776651124,3.010515807889105,True,False
2,0.2,0.45,0.35000000000000003,1238,0.5411954765751211,0.5376201923076923,0.6962728796375396,755,414,0.5483443708609271,0.5126900079680101,370,202,0.5459459459459459,0.4950007186648789,2.6229634597073495,3,0.06808554505860868,0.41799165400572424,2.9047840235958566,True,True
2,0.2,0.5,0.30000000000000004,1238,0.5436187399030694,0.5380121237458194,0.6945850998090181,715,394,0.551048951048951,0.5144142617838954,317,173,0.5457413249211357,0.4907085457484086,2.608458809920086,3,0.07642809810888052,0.4026891499485618,2.8582917636508864,True,True
2,0.2,0.55,0.25,1238,0.5403877221324718,0.5392192725752508,0.693255118144836,666,367,0.551051051051051,0.5130898379268558,267,142,0.5318352059925093,0.4719546003500292,2.532100541897075,3,0.0749752823212894,0.36468525497597737,2.7468352322304734,True,True
2,0.2,0.6000000000000001,0.19999999999999996,1238,0.5444264943457189,0.540220004180602,0.6922734078398112,613,339,0.5530179445350734,0.5134504417764273,220,115,0.5227272727272727,0.45690159612731596,2.4735534448410528,3,0.059653298307739785,0.36389098932037767,2.718137837545951,True,True
2,0.2,0.65,0.15000000000000002,1238,0.5395799676898223,0.5413121864548495,0.6916325752058093,579,317,0.5474956822107081,0.5067720077961426,161,88,0.546583850931677,0.4694929272010166,2.516726851033466,3,0.08907827694362923,0.376064514436817,2.714634811583025,True,True
2,0.2,0.7000000000000001,0.09999999999999998,1238,0.537156704361874,0.5418086329431439,0.6913271584682641,543,298,0.5488029465930019,0.5067509547976309,110,60,0.5454545454545454,0.4524389026806324,2.4482150645818255,3,0.05777140108246393,0.3876400468214041,2.720312309238302,False,True
2,0.2,0.75,0.050000000000000044,1238,0.5331179321486268,0.5408235785953177,0.6913534848700097,524,284,0.5419847328244275,0.49917329256670157,73,40,0.547945205479452,0.4342411874680529,2.366738005473232,3,0.1729150647489364,0.23205754301488138,2.2529654189902404,False,False
2,0.25,0.05,0.7,1238,0.5218093699515347,0.5337426839464883,0.7197204453800101,947,509,0.5374868004223865,0.5056431077008708,668,364,0.5449101796407185,0.5069965536694286,2.6541699124768368,3,0.0345810744382416,0.44984341826549223,3.0348511818658457,True,False
2,0.25,0.1,0.65,1238,0.524232633279483,0.5341920986622074,0.7149744063436617,925,499,0.5394594594594595,0.5072406367399012,636,349,0.5487421383647799,0.5098902136007419,2.668910766128695,3,0.03552331415524078,0.45276139284193323,3.050625530660147,True,False
2,0.25,0.15000000000000002,0.6,1238,0.5290791599353797,0.5344847408026756,0.7107554874155847,906,490,0.5408388520971302,0.5082850028778426,603,327,0.5422885572139303,0.5023803243008323,2.641816456825934,3,0.039708376586873484,0.4465559819732122,3.008955685625399,True,False
2,0.25,0.2,0.55,1238,0.5323101777059773,0.5349628971571907,0.7070223388989391,879,474,0.5392491467576792,0.5061971061091569,558,302,0.5412186379928315,0.49973193580177455,2.63067128622482,3,0.04069391641964827,0.44724599183266694,2.99652944521819,True,False
2,0.25,0.25,0.5,1238,0.5339256865912763,0.5355377299331103,0.7037417083029334,851,464,0.54524089306698,0.5116560553646456,515,286,0.5553398058252427,0.5121686370866646,2.687028718348906,3,0.04404423543041169,0.4524101890969525,3.051350436585035,True,False
2,0.25,0.30000000000000004,0.44999999999999996,1238,0.5403877221324718,0.5361961747491638,0.7008865606405426,823,449,0.5455650060753341,0.5114132543860305,469,263,0.5607675906183369,0.5155372487462377,2.7023213340941163,3,0.0500470318506844,0.4511789047794237,3.053406175172171,True,False
2,0.25,0.35000000000000003,0.39999999999999997,1238,0.5387722132471728,0.5369878762541805,0.6984347730051279,797,437,0.548306148055207,0.5136056212245651,425,237,0.5576470588235294,0.5101198138987139,2.683248727744084,3,0.05868284446316473,0.4421849879229693,3.008068026740724,True,False
2,0.25,0.4,0.35,1238,0.5411954765751211,0.5375679347826088,0.6963682028123339,760,420,0.5526315789473685,0.5171040480022374,380,209,0.55,0.49972706823766616,2.646248156140242,3,0.0657336400377284,0.42951587077784137,2.9442967468426264,True,False
2,0.25,0.45,0.3,1238,0.5411954765751211,0.5383126045150501,0.6946720088237294,715,395,0.5524475524475524,0.5158159706121572,319,175,0.54858934169279,0.4937241979330964,2.621511237249336,3,0.07434237071044134,0.40865348719267547,2.8814799830211286,True,True
2,0.25,0.5,0.25,1238,0.5387722132471728,0.5392244983277591,0.6933341492018885,672,372,0.5535714285714286,0.5157859539250945,280,152,0.5428571428571428,0.4843197474656846,2.5839199060952183,3,0.07100903609789984,0.409638111963798,2.8515399458632165,True,True
2,0.25,0.55,0.19999999999999996,1238,0.5403877221324718,0.540350647993311,0.6923450076134746,622,341,0.5482315112540193,0.5089433775583558,221,116,0.5248868778280543,0.4591849456897505,2.4773968976191503,3,0.06259451868149724,0.36389098932037767,2.7160988495765332,True,True
2,0.25,0.6000000000000001,0.1499999999999999,1238,0.5403877221324718,0.5416466346153848,0.6916971149406009,585,321,0.5487179487179488,0.5082053918166622,160,88,0.55,0.4726402740186129,2.530998599714103,3,0.08550629893973148,0.39168097748132213,2.7516669793159623,True,True
2,0.25,0.65,0.09999999999999998,1238,0.5379644588045234,0.5420646948160536,0.6913849447885039,548,297,0.541970802919708,0.5001072786551771,110,59,0.5363636363636364,0.4435223086398581,2.406131824462629,3,0.05859056769933891,0.38746896004724257,2.676419649111194,False,True
2,0.30000000000000004,0.05,0.6499999999999999,1238,0.5250403877221325,0.5340771321070235,0.7151664269231962,926,500,0.5399568034557235,0.5077558799475281,640,351,0.5484375,0.5097068994229134,2.668781409431076,3,0.03892559420085892,0.44907493755122246,3.0400051585805805,True,False
2,0.30000000000000004,0.1,0.6,1238,0.5331179321486268,0.5344063545150501,0.7109311823270608,906,490,0.5408388520971302,0.5082850028778426,605,327,0.540495867768595,0.5006532359908106,2.635657203159913,3,0.03594981286704221,0.4463768324746957,3.0101344099005245,True,False
2,0.30000000000000004,0.15000000000000002,0.5499999999999999,1238,0.5339256865912763,0.5348609949832775,0.7071837034684425,880,477,0.5420454545454545,0.5090150314113477,556,300,0.539568345323741,0.4980074177990224,2.6268513977269876,3,0.03461438476014258,0.44892741337081893,3.0065500415775213,True,False
2,0.30000000000000004,0.2,0.49999999999999994,1238,0.537156704361874,0.5355481814381271,0.703890330738912,858,469,0.5466200466200466,0.5131750151575123,515,285,0.5533980582524272,0.5102231260810415,2.6813852486377083,3,0.04583088401160451,0.4524101890969525,3.0421336697114523,True,False
2,0.30000000000000004,0.25,0.44999999999999996,1238,0.537156704361874,0.5361517558528428,0.7010237249659039,829,452,0.5452352231604343,0.5112069671450671,470,260,0.5531914893617021,0.5079932368742096,2.6712520372769526,3,0.04366402475827319,0.44882014704634027,3.0327441348067468,True,False
2,0.30000000000000004,0.30000000000000004,0.3999999999999999,1238,0.5355411954765751,0.5368232650501672,0.6985615303671998,796,437,0.5489949748743719,0.5142739530031389,432,240,0.5555555555555556,0.5084119568464652,2.676364692925925,3,0.05494557308025302,0.4449186221585853,3.0113921689240044,True,False
2,0.30000000000000004,0.35000000000000003,0.3499999999999999,1238,0.5395799676898223,0.5375026128762541,0.6964854222620082,757,418,0.5521796565389696,0.5165805402651202,378,206,0.544973544973545,0.4945707556639172,2.6247332558692285,3,0.06710828330166486,0.4149199155081078,2.9054366047740063,True,False
2,0.30000000000000004,0.4,0.29999999999999993,1238,0.5379644588045234,0.5386130852842809,0.6947804143138158,716,397,0.5544692737430168,0.5178683483394331,323,177,0.5479876160990712,0.49346361705659814,2.6219435510492515,3,0.07305707444632543,0.398835445409866,2.8746648475664665,True,True
2,0.30000000000000004,0.45,0.24999999999999994,1238,0.5411954765751211,0.5392950459866221,0.6934343470652079,678,375,0.5530973451327433,0.5154787109745255,284,152,0.5352112676056338,0.4771198836881835,2.5552989854252286,3,0.07914658931366554,0.392972274311075,2.7899780811089725,True,True
2,0.30000000000000004,0.5,0.19999999999999996,1238,0.537156704361874,0.5403846153846155,0.692437507294176,627,345,0.5502392344497608,0.5111114697022822,225,120,0.5333333333333333,0.4681328291933386,2.5147020105045605,3,0.057086155579685674,0.39552234608017617,2.7960520454253652,True,True
2,0.30000000000000004,0.55,0.1499999999999999,1238,0.5436187399030694,0.5419654055183947,0.6917823448319428,595,326,0.5478991596638656,0.5077278755638622,171,96,0.5614035087719298,0.4864884041835566,2.586638392967832,3,0.09368748254499489,0.3874621534597436,2.7867255813375857,True,True
2,0.30000000000000004,0.6000000000000001,0.09999999999999987,1238,0.5363489499192245,0.5422998536789297,0.691463264442658,567,307,0.5414462081128748,0.5002900835338762,114,61,0.5350877192982456,0.44388224357839473,2.4074861510464474,3,0.051204317065729914,0.3859551898733622,2.6910327067883495,False,True
2,0.35000000000000003,0.05,0.5999999999999999,1238,0.5306946688206785,0.5343044523411371,0.7111325940006428,906,487,0.5375275938189845,0.5049708836552542,606,327,0.5396039603960396,0.4997941850472909,2.628351374510766,3,0.03593067792574035,0.44843296285094414,3.004922981510229,True,False
2,0.35000000000000003,0.1,0.5499999999999999,1238,0.5347334410339257,0.5348113503344482,0.7073697586721892,879,477,0.5426621160409556,0.5096136469498089,558,303,0.543010752688172,0.5015242373073101,2.6416267377517313,3,0.031191396794633546,0.44892741337081893,3.028171357533283,True,False
2,0.35000000000000003,0.15000000000000002,0.4999999999999999,1238,0.5355411954765751,0.5354384406354515,0.7040627904173239,856,466,0.544392523364486,0.5109047801209938,521,286,0.5489443378119002,0.5060128629573057,2.6618834451527023,3,0.045005948071901246,0.44809557566475094,3.019967124673651,True,False
2,0.35000000000000003,0.2,0.4499999999999999,1238,0.5379644588045234,0.5360838210702341,0.7011840127947634,833,457,0.5486194477791116,0.5146790963894367,467,258,0.5524625267665952,0.5071181307539148,2.6713328549281177,3,0.042686186252703734,0.44629778776870244,3.032258270191413,True,False
2,0.35000000000000003,0.25,0.3999999999999999,1238,0.5347334410339257,0.5366429765886288,0.6987108128993402,798,440,0.5513784461152882,0.5167061922246131,429,240,0.5594405594405595,0.5121396613450352,2.6934622562082593,3,0.05235103753270196,0.4449186221585853,3.033678803301441,True,False
2,0.35000000000000003,0.30000000000000004,0.34999999999999987,1238,0.5387722132471728,0.5375653219063545,0.6966246658521439,760,418,0.55,0.5144665460393135,382,209,0.5471204188481675,0.49698017137814166,2.6320863376027925,3,0.06274304265006474,0.4247656250772565,2.9313658773799194,True,False
2,0.35000000000000003,0.35000000000000003,0.2999999999999999,1238,0.5411954765751211,0.5385660535117057,0.6949104265185536,727,403,0.5543328748280605,0.5180102735681031,327,180,0.5504587155963303,0.49626610293125945,2.633901511357966,3,0.07618140272539116,0.40558333097011484,2.8871220368772987,True,True
2,0.35000000000000003,0.4,0.2499999999999999,1238,0.5411954765751211,0.539438754180602,0.6935558073603104,677,376,0.5553914327917282,0.5177507158479343,286,154,0.5384615384615384,0.4805567539977462,2.5713372919360618,3,0.07829071204804601,0.392972274311075,2.8077281421510447,True,True
2,0.35000000000000003,0.45,0.1999999999999999,1238,0.5428109854604201,0.5404734531772575,0.6925509902528519,641,351,0.5475819032761311,0.5088803359890974,224,119,0.53125,0.4659232444807203,2.5047673489066695,3,0.05800927286622204,0.3916204342921343,2.7803692374663598,True,True
2,0.35000000000000003,0.5,0.1499999999999999,1238,0.5403877221324718,0.5421169523411371,0.6918883378609193,605,329,0.543801652892562,0.5039602368742506,178,99,0.5561797752808989,0.4827692993304711,2.5673723967527864,3,0.06979353296652646,0.37004224326489743,2.797827574084631,True,True
2,0.35000000000000003,0.55,0.09999999999999987,1238,0.5355411954765751,0.5424644648829431,0.6915621815068644,579,312,0.538860103626943,0.4981329774497166,114,63,0.5526315789473685,0.46112402812823594,2.4741642322214856,3,0.05160350254397835,0.39197009545408734,2.7629273225876165,False,True
2,0.4,0.05,0.5499999999999999,1238,0.5323101777059773,0.5346284489966555,0.707580798565019,877,477,0.5438996579247435,0.5108151516067193,562,305,0.5427046263345195,0.501365975622343,2.6416134646232794,3,0.0312729795216148,0.44924876827012367,3.0283162738501734,True,False
2,0.4,0.1,0.5,1238,0.5339256865912763,0.5353234740802676,0.704259330781139,855,467,0.5461988304093567,0.5126943410463006,530,288,0.5433962264150943,0.5008278049653967,2.6425358742939955,3,0.04026993785934228,0.4477782443144541,3.009774242889765,True,False
2,0.4,0.15000000000000002,0.44999999999999996,1238,0.5347334410339257,0.5357885660535117,0.701367628205234,837,463,0.5531660692951016,0.5193176047037,472,263,0.5572033898305084,0.5121084625458481,2.695161187268884,3,0.04600784247766896,0.4513200858691358,3.054465588182682,True,False
2,0.4,0.2,0.39999999999999997,1238,0.5355411954765751,0.5365672031772576,0.6988827935579738,803,445,0.5541718555417185,0.519615028718887,431,241,0.5591647331786543,0.5119733307968651,2.6958101932432452,3,0.052933390387436836,0.4424173059541741,3.0323607184225456,True,False
2,0.4,0.25,0.35,1238,0.5347334410339257,0.5374294523411371,0.6967860815728273,759,419,0.5520421607378129,0.5164897643702043,381,208,0.5459317585301837,0.49572667133606435,2.6282147573090224,3,0.06523818889794092,0.4210714006745304,2.918809780187671,True,False
2,0.4,0.30000000000000004,0.29999999999999993,1238,0.5363489499192245,0.5383230560200669,0.6950621731333619,733,407,0.5552523874488404,0.5190816305223738,334,184,0.5508982035928144,0.49727578530541283,2.6379390439072177,3,0.0680970585159637,0.41665045171484527,2.9183953785901355,True,True
2,0.4,0.35000000000000003,0.24999999999999994,1238,0.5436187399030694,0.5391957566889632,0.6936986410843026,682,378,0.5542521994134897,0.5167471154513479,290,155,0.5344827586206896,0.47699611528265307,2.5564743233524028,3,0.08654491644435335,0.36623168109196985,2.749616171555666,True,True
2,0.4,0.4,0.19999999999999996,1238,0.5403877221324718,0.5405440008361204,0.6926855535913826,646,353,0.5464396284829721,0.5078868412266262,231,123,0.5324675324675324,0.46811946920459463,2.5120683520040585,3,0.05714683750589405,0.38762677115387556,2.7854014481461458,True,True
2,0.4,0.45,0.14999999999999997,1238,0.5395799676898223,0.541913147993311,0.6920151794425742,610,331,0.5426229508196722,0.5029445987339398,181,99,0.5469613259668509,0.47421542241245834,2.5318931904312163,3,0.06487061345134242,0.37004224326489743,2.772194206793429,True,True
2,0.4,0.5,0.09999999999999998,1238,0.5387722132471728,0.5426734949832777,0.6916817714652103,592,318,0.5371621621621622,0.4968851918318406,119,67,0.5630252100840336,0.47331677471048383,2.5223724275251516,3,0.06707659947410449,0.37771879603669134,2.765938024613634,False,True
2,0.45,0.05,0.5,1238,0.5306946688206785,0.5350935409698997,0.7044802347071814,859,472,0.5494761350407451,0.5160562113174209,529,288,0.5444234404536862,0.5018150255355972,2.649087262573479,3,0.03526299340893263,0.4528015749340678,3.031362850689682,True,False
2,0.45,0.1,0.45000000000000007,1238,0.529886914378029,0.5357598244147157,0.7015748072977497,837,465,0.5555555555555556,0.5217137573569721,476,264,0.5546218487394958,0.5097120969925039,2.686952514067458,3,0.042303961163424206,0.45391437458061357,3.056258966321223,True,False
2,0.45,0.15000000000000002,0.4,1238,0.5379644588045234,0.5364548494983278,0.6990776718211618,803,443,0.5516811955168119,0.5171180202125476,432,240,0.5555555555555556,0.5084119568464652,2.679479659844579,3,0.05237770409215486,0.4372162091714467,3.011940460831716,True,False
2,0.45,0.2,0.35000000000000003,1238,0.5347334410339257,0.537385033444816,0.6969698397841072,763,422,0.5530799475753604,0.5176236109053463,387,211,0.5452196382428941,0.4954055417902307,2.6280140083496777,3,0.06629853152230031,0.42220637468328037,2.9176233199883574,True,False
2,0.45,0.25,0.30000000000000004,1238,0.5379644588045234,0.5383962165551839,0.6952358010454649,735,407,0.5537414965986395,0.5176160942889025,340,184,0.5411764705882353,0.48804370591340135,2.599855514460875,3,0.07296122669008365,0.3985062952748374,2.852439356355545,True,True
2,0.45,0.30000000000000004,0.25,1238,0.5452342487883683,0.5390180811036789,0.6938629759648306,692,383,0.5534682080924855,0.5162338387867487,293,160,0.5460750853242321,0.48883714411646045,2.6035620941484017,3,0.07850189918358555,0.38550397038221695,2.8320622661634474,True,True
2,0.45,0.35000000000000003,0.2,1238,0.5403877221324718,0.5403375836120401,0.6928413092190002,656,358,0.5457317073170732,0.5074734099644296,236,129,0.5466101694915254,0.482855117408283,2.570504437263868,3,0.051133070783476745,0.39710384843935753,2.865342144136272,True,True
2,0.45,0.4,0.15000000000000002,1238,0.5363489499192245,0.5417929556856188,0.6921629682875032,620,335,0.5403225806451613,0.5009649068166874,182,103,0.5659340659340659,0.49329815861735726,2.6055326243181463,3,0.04378658592327766,0.4017993496608042,2.9197588021323955,True,True
2,0.45,0.45,0.10000000000000003,1238,0.537156704361874,0.5424069816053511,0.6918221219059364,605,328,0.5421487603305785,0.5023065184800836,128,73,0.5703125,0.4837377469365458,2.5690465171990597,3,0.10409414853122048,0.35568539626711626,2.716543616403735,False,True
2,0.45,0.5,0.050000000000000044,1238,0.5306946688206785,0.5414323787625418,0.691814781891737,599,328,0.5475792988313857,0.5075421400706306,84,49,0.5833333333333334,0.4765244867612664,2.543845778130247,3,0.09398825708648985,0.2903070395897999,2.646176303547067,False,False
2,0.5,0.05,0.45,1238,0.5282714054927302,0.5357650501672241,0.7018058231549636,837,465,0.5555555555555556,0.5217137573569721,480,265,0.5520833333333334,0.5073575008610447,2.6771663923188713,3,0.03778142654024153,0.45333052124938145,3.0549340604877697,True,False
2,0.5,0.1,0.4,1238,0.5339256865912763,0.5363581730769231,0.6992956773616786,805,445,0.5527950310559007,0.5182776553545643,433,241,0.5565819861431871,0.5094946837175802,2.684089843993882,3,0.04696271121194572,0.44780176697226165,3.0379661885422524,True,False
2,0.5,0.15000000000000002,0.35,1238,0.5323101777059773,0.5372570025083613,0.6971761359841826,767,426,0.5554106910039114,0.5200534133759505,392,216,0.5510204081632653,0.5015231631515948,2.654349975079197,3,0.06221867510978012,0.435628576899866,2.9655412017595024,True,False
2,0.5,0.2,0.3,1238,0.537156704361874,0.5383126045150501,0.6954314784530332,733,404,0.5511596180081856,0.5149787383142103,347,191,0.5504322766570605,0.4978236185849648,2.636112039190353,3,0.06959031692078056,0.40906319132283897,2.905994596671631,True,True
2,0.5,0.25,0.25,1238,0.5411954765751211,0.5392297240802676,0.6940489581053675,696,384,0.5517241379310345,0.5145931587542738,295,164,0.5559322033898305,0.4988745419807309,2.6412895475952283,3,0.07997040872841248,0.398835445409866,2.880184175548269,True,True
2,0.5,0.30000000000000004,0.19999999999999996,1238,0.5395799676898223,0.540334970735786,0.6930183851460582,670,366,0.5462686567164179,0.5084133138935387,243,132,0.5432098765432098,0.48039121115865424,2.5613909662576444,3,0.054785324413244706,0.3859551898733622,2.8377755073045168,True,True
2,0.5,0.35000000000000003,0.14999999999999997,1238,0.5339256865912763,0.541738085284281,0.6923318174310588,637,347,0.5447409733124019,0.5059146764132944,188,108,0.574468085106383,0.5029955219752764,2.648736963731728,3,0.0384121346685227,0.44194084979431497,3.013853544188998,True,True
2,0.5,0.4,0.09999999999999998,1238,0.5363489499192245,0.5422711120401338,0.6919833333488689,611,332,0.5433715220949263,0.5037260666728424,130,74,0.5692307692307692,0.483326884526903,2.5685880617065657,3,0.11385738585449402,0.34474067624730526,2.685613966244883,False,True
2,0.55,0.05,0.39999999999999997,1238,0.5363489499192245,0.5361804974916388,0.6995370746668527,806,444,0.5508684863523573,0.5163679595725178,435,243,0.5586206896551724,0.5116460336512547,2.691168618475503,3,0.04762180905717928,0.4503079484178667,3.0462329487790107,True,False
2,0.55,0.1,0.35,1238,0.5306946688206785,0.5372596153846153,0.6974051942481212,769,425,0.552665799739922,0.5173473719386993,394,217,0.550761421319797,0.5013899253394751,2.650742852826496,3,0.054716662112199194,0.4380623216461496,2.979371850248247,True,False
2,0.55,0.15000000000000002,0.29999999999999993,1238,0.537156704361874,0.5380278010033445,0.6956493974690906,736,406,0.5516304347826086,0.515524572035164,353,195,0.5524079320113314,0.5002478014667672,2.646225579581792,3,0.0672181588472218,0.4192678734230651,2.9310571353104136,True,True
2,0.55,0.2,0.24999999999999994,1238,0.5395799676898223,0.5391591764214047,0.6942567539876144,705,390,0.5531914893617021,0.5163021772073166,300,168,0.56,0.503420997979743,2.660798564793152,3,0.07810897469764301,0.39989654939501507,2.904477164792881,True,True
2,0.55,0.25,0.19999999999999996,1238,0.5420032310177706,0.540031877090301,0.693216927045504,678,372,0.5486725663716814,0.5110450771089089,251,137,0.545816733067729,0.4839913945806027,2.5787774793528633,3,0.05366969369203459,0.38329818473419525,2.8547362767029894,True,True
2,0.55,0.30000000000000004,0.1499999999999999,1238,0.5347334410339257,0.5417589882943143,0.69252185546655,647,353,0.5455950540958269,0.5070711315709622,194,110,0.5670103092783505,0.4966519871065054,2.624649093598753,3,0.02840485796525655,0.4241298613178389,2.991969238986079,True,True
2,0.55,0.35000000000000003,0.09999999999999992,1238,0.5355411954765751,0.5423285953177258,0.6921655202307614,619,339,0.5476575121163166,0.5082733791353304,144,83,0.5763888888888888,0.49472676416117145,2.6185541494244964,3,0.05933480724444281,0.3552574591652803,2.855141994100891,False,True
2,0.6000000000000001,0.05,0.3499999999999999,1238,0.5331179321486268,0.5370401337792643,0.697657271537775,779,427,0.5481386392811296,0.5130384356656256,400,222,0.555,0.5060035322825036,2.66525673705159,3,0.05898019305714927,0.43595066970567825,2.9832470206429695,True,False
2,0.6000000000000001,0.1,0.29999999999999993,1238,0.5331179321486268,0.5379363503344482,0.6958897773454519,744,406,0.5456989247311828,0.5097772513603323,358,199,0.5558659217877095,0.5040730309049248,2.654895911041001,3,0.059015070216032604,0.4247656250772565,2.9616313956861924,True,False
2,0.6000000000000001,0.15000000000000002,0.2499999999999999,1238,0.5363489499192245,0.5391748536789297,0.6944865529241635,716,395,0.5516759776536313,0.5150682932437487,306,173,0.565359477124183,0.5093463945989168,2.6825788071421073,3,0.06807708279835026,0.41665045171484527,2.963075093260252,True,True
2,0.6000000000000001,0.2,0.1999999999999999,1238,0.5420032310177706,0.5398123954849499,0.693437100147437,687,376,0.5473071324599709,0.5099251674612842,262,146,0.5572519083969466,0.4967086179990878,2.628416584277187,3,0.060316675980799185,0.37948764475056745,2.887270877066156,True,True
2,0.6000000000000001,0.25,0.1499999999999999,1238,0.5355411954765751,0.5413330894648829,0.6927332280291341,647,352,0.5440494590417311,0.5055240348960985,203,113,0.5566502463054187,0.48788791459482317,2.5880372136043444,3,0.029576637681813588,0.39307594850843575,2.921959886749153,True,True
2,0.6000000000000001,0.30000000000000004,0.09999999999999987,1238,0.5331179321486268,0.5421065008361204,0.6923688120824283,633,345,0.5450236966824644,0.5060750688705586,156,91,0.5833333333333334,0.5048742663697783,2.656353908613747,3,0.07245427314103478,0.35831521095931473,2.8697605732909923,True,False
2,0.65,0.05,0.3,1238,0.5347334410339257,0.5380016722408026,0.6961528684995903,747,408,0.5461847389558233,0.5103360762276005,360,201,0.5583333333333333,0.5066874182091208,2.666202365243191,3,0.054042849616087935,0.43081993967390314,2.9889366056849185,True,True
2,0.65,0.1,0.24999999999999997,1238,0.5363489499192245,0.5389135660535117,0.6947385700853608,721,395,0.5478502080443828,0.5113625261119568,314,176,0.5605095541401274,0.5052079547495295,2.6621904908929013,3,0.06136962243374071,0.4134784047743415,2.9529296507997613,True,True
2,0.65,0.15000000000000002,0.19999999999999996,1238,0.5436187399030694,0.5396791387959866,0.6936790915525026,698,383,0.5487106017191977,0.511627085321747,274,157,0.572992700729927,0.5138113265308825,2.6987640627541865,3,0.059458340832454194,0.40166252134606184,2.9815099024353398,True,True
2,0.65,0.2,0.14999999999999997,1238,0.5403877221324718,0.5411632525083612,0.6929660995908514,660,356,0.5393939393939394,0.5012476098824238,212,121,0.5707547169811321,0.5034496425687914,2.646879480418422,3,0.04448302707174336,0.386024064532302,2.9439374908072375,True,True
2,0.65,0.25,0.09999999999999998,1238,0.5331179321486268,0.5416570861204013,0.6925933549410167,656,354,0.5396341463414634,0.5013717186696622,168,101,0.6011904761904762,0.5256816353897363,2.7347003015062503,3,0.08428596408397708,0.36389098932037767,2.930019362658674,True,False
2,0.7000000000000001,0.05,0.24999999999999994,1238,0.537156704361874,0.53874372909699,0.6950130502672985,726,397,0.546831955922865,0.5104687176010968,324,181,0.558641975308642,0.5041994511961242,2.6573183719336053,3,0.06342858594535368,0.4098737535926196,2.9403349536355177,True,True
2,0.7000000000000001,0.1,0.19999999999999993,1238,0.5444264943457189,0.5394883988294314,0.6939431130778205,701,382,0.5449358059914408,0.507926368119686,281,159,0.5658362989323843,0.5073807701383974,2.669392644575685,3,0.05291577726502078,0.398835445409866,2.9623965354555093,True,True
2,0.7000000000000001,0.15000000000000002,0.1499999999999999,1238,0.5379644588045234,0.540755643812709,0.6932206556458381,677,366,0.5406203840472673,0.5029565828727239,219,125,0.5707762557077626,0.5045567427472056,2.652359007637096,3,0.05329904062189572,0.38273484399489194,2.9284957703881966,True,True
2,0.7000000000000001,0.2,0.09999999999999992,1238,0.5339256865912763,0.5411240593645484,0.6928393130533735,681,371,0.5447870778267254,0.5072373304810888,171,102,0.5964912280701754,0.5216188401412444,2.7242671835630117,3,0.06891037162479254,0.3768069544840959,2.9632533947975226,True,True
2,0.75,0.05,0.2,1238,0.5436187399030694,0.5392845944816054,0.6942294047879869,707,383,0.5417256011315418,0.5048706565897053,287,163,0.5679442508710801,0.5101085030832706,2.6769679142902856,3,0.0454453958053452,0.41195862420919654,2.998035746888792,True,True
2,0.75,0.1,0.15,1238,0.537156704361874,0.5403846153846152,0.693497105390135,696,376,0.5402298850574713,0.5030837874420928,234,133,0.5683760683760684,0.5043138486689397,2.6511864865275836,3,0.04860498687661613,0.38746896004724257,2.941445472821594,True,True
2,0.75,0.15000000000000002,0.09999999999999998,1238,0.529886914378029,0.5406406772575251,0.6931068709434265,690,375,0.5434782608695652,0.5061731420241808,173,103,0.5953757225433526,0.5209330284862886,2.719453467833513,3,0.058435018823597716,0.3768069544840959,2.9793903846704133,True,False
2,0.8,0.05,0.14999999999999997,1238,0.5379644588045234,0.5400135869565217,0.6937956850356645,699,378,0.5407725321888412,0.503706546442772,237,135,0.569620253164557,0.505966945688367,2.658412160036968,3,0.026471913077984997,0.4215733915278032,3.027041725408801,True,True
2,0.8,0.1,0.09999999999999995,1238,0.5282714054927302,0.5400684573578595,0.6933962359395888,709,383,0.5401974612129761,0.503393636421256,184,109,0.592391304347826,0.5202037507959535,2.713204210723056,3,0.07275557732269608,0.3661606806374018,2.933853736715066,True,False
2,0.8500000000000001,0.05,0.09999999999999991,1238,0.5274636510500808,0.5393473035117057,0.693707641290053,716,387,0.5405027932960894,0.5038795762412955,199,114,0.5728643216080402,0.503395565503407,2.646017231260441,3,0.06988794981221955,0.3553028228679598,2.861544154503962,True,False
3,0.05,0.05,0.8999999999999999,1978,0.538422649140546,0.5629564096952285,0.7152442776910656,1557,873,0.5606936416184971,0.535921813386384,1158,660,0.5699481865284974,0.5412477204526308,2.834435292395372,3,0.019231624235902738,0.4963749632201464,3.292347007143713,True,False
3,0.05,0.1,0.85,1978,0.5419615773508595,0.5630139505826529,0.710167898036179,1536,863,0.5618489583333334,0.5369119825491221,1109,634,0.5716862037871957,0.5423640537049199,2.841631118406534,3,0.01660321120770148,0.49993359824665773,3.308358294237789,True,False
3,0.05,0.15000000000000002,0.7999999999999999,1978,0.5424671385237614,0.5630447760580588,0.7057134058756789,1503,850,0.5655355954757152,0.5403397745777154,1074,615,0.5726256983240223,0.5428319898416175,2.84793191329122,3,0.01478832652614129,0.5031563691996642,3.321511629438602,True,False
3,0.05,0.2,0.75,1978,0.5424671385237614,0.5631187571990329,0.7018088924310174,1472,832,0.5652173913043478,0.5397552440175969,1023,588,0.5747800586510264,0.5442603763824566,2.853864025925682,3,0.017340270218955112,0.5004035939477401,3.319587079435512,True,False
3,0.05,0.25,0.7,1978,0.5399393326592518,0.5631382800001233,0.6984003597571364,1440,808,0.5611111111111111,0.5353504698012047,968,558,0.5764462809917356,0.5450761497570799,2.8529043474099844,3,0.02024635962251896,0.4972835428173635,3.30969517098231,True,False
3,0.05,0.30000000000000004,0.6499999999999999,1978,0.5414560161779576,0.563140335031817,0.6954459681673344,1405,790,0.5622775800711743,0.5362012417105161,906,525,0.5794701986754967,0.547056388169589,2.862570904500542,3,0.020069144598330514,0.49900452581987864,3.3214371411237593,True,False
3,0.05,0.35000000000000003,0.5999999999999999,1978,0.5429726996966633,0.5631629403804479,0.6929125847917788,1361,766,0.5628214548126378,0.5363274436617502,853,498,0.5838218053927315,0.5504384088680734,2.8770419842291552,3,0.025479691088777595,0.4955058312461932,3.3215884332977934,True,False
3,0.05,0.4,0.5499999999999999,1978,0.5434782608695652,0.5632040410143225,0.6907735753192662,1323,745,0.563114134542706,0.5362419935207519,781,461,0.5902688860435339,0.5554177862213271,2.897415287820417,3,0.025915299332557873,0.5031291716832018,3.3487138608385028,True,False
3,0.05,0.45,0.49999999999999994,1978,0.5455005055611729,0.5631691054755292,0.6890073223214972,1280,725,0.56640625,0.5390982921891694,696,417,0.5991379310344828,0.5622804273226527,2.928469369770374,3,0.03697522612797556,0.4985062421251792,3.353025159639602,True,False
3,0.05,0.5,0.44999999999999996,1978,0.5495449949443882,0.5631084820405643,0.6875961945552288,1215,692,0.5695473251028806,0.5415294824560596,620,378,0.6096774193548387,0.570715289381188,2.965712944670813,3,0.047673840238003175,0.5003971493361182,3.3707624135309247,True,False
3,0.05,0.55,0.3999999999999999,1978,0.5561172901921132,0.5629317493149039,0.6865258100338617,1150,658,0.5721739130434783,0.5433842809045203,542,335,0.6180811808118081,0.5764819551664486,2.992109922396436,3,0.04996863431956789,0.5070270755777335,3.399199729335033,True,True
3,0.05,0.6000000000000001,0.34999999999999987,1978,0.5581395348837209,0.5626789804165755,0.685784498386486,1085,626,0.5769585253456221,0.547340519628691,451,276,0.6119733924611973,0.5662336657898073,2.9555498842123398,3,0.062300837710029554,0.4983692074007467,3.3293174161930272,True,True
3,0.05,0.65,0.29999999999999993,1978,0.5561172901921132,0.5624364866767158,0.6853629033239909,1005,585,0.582089552238806,0.5513398096486439,362,222,0.6132596685082873,0.5621514894982367,2.9428275910182293,3,0.10726226540614602,0.4906115223409662,3.218914582546904,True,True
3,0.05,0.7000000000000001,0.2499999999999999,1978,0.5571284125379171,0.5622145432537933,0.6852536869232858,920,545,0.592391304347826,0.5603176216611104,286,173,0.6048951048951049,0.547205326923996,2.892178237456159,3,0.11082585458281728,0.47153462831375703,3.1420611566042815,True,True
3,0.05,0.75,0.19999999999999996,1978,0.5591506572295247,0.5616566021489466,0.6854513103572721,846,501,0.5921985815602837,0.558738794200072,220,130,0.5909090909090909,0.5249196146269257,2.8016541027269093,3,0.13008327749803883,0.4670164917958918,3.0085040395267235,False,True
3,0.05,0.8,0.1499999999999999,1978,0.5631951466127402,0.5602026672256353,0.6859518740143672,786,463,0.589058524173028,0.5543099003506182,170,96,0.5647058823529412,0.48955970064984766,2.656058157637374,3,0.10271993098397277,0.4080697369146003,2.8586880325840287,False,True
3,0.05,0.8500000000000001,0.09999999999999987,1978,0.5652173913043478,0.5574150167330956,0.6867530055294353,732,424,0.5792349726775956,0.5431482560677298,128,70,0.546875,0.4605248014915979,2.5281648442090323,3,0.21320159535077376,0.3259026690286935,2.4276643225361783,False,False
3,0.1,0.05,0.85,1978,0.5419615773508595,0.5631218397465735,0.709859390235121,1532,864,0.5639686684073107,0.539007147307683,1112,638,0.5737410071942446,0.5444692221107543,2.85224102509782,3,0.015604006403234135,0.5036421610805969,3.324675173371949,True,False
3,0.1,0.1,0.8,1978,0.5424671385237614,0.563192738340007,0.7054253036240837,1502,849,0.5652463382157124,0.5400409124366585,1074,616,0.5735567970204841,0.5437679544676164,2.851478918789062,3,0.014326809319030926,0.5046792744832106,3.3275045746342107,True,False
3,0.1,0.15000000000000002,0.75,1978,0.5424671385237614,0.5631865732449258,0.7015395258829321,1468,828,0.5640326975476839,0.5385309662284753,1025,591,0.5765853658536585,0.5461057242574079,2.86009535775975,3,0.01608755697870567,0.5042191155203871,3.332139359322726,True,False
3,0.1,0.2,0.7,1978,0.5414560161779576,0.5632790496711436,0.6981483979056393,1442,811,0.5624133148404993,0.5366754829495543,970,560,0.5773195876288659,0.5459870553977944,2.858268943096538,3,0.023288464993058377,0.4943546933017,3.306046706412121,True,False
3,0.1,0.25,0.65,1978,0.5429726996966633,0.5632574718383594,0.6952103361004213,1413,793,0.5612172682236376,0.5352111569314019,907,528,0.5821389195148843,0.5497600988799135,2.872781266721812,3,0.014818798120531863,0.5082883051290311,3.3514319756097795,True,False
3,0.1,0.30000000000000004,0.6,1978,0.5439838220424671,0.5633078201148557,0.6926924070112088,1365,769,0.5633699633699634,0.5369170971287484,857,501,0.5845974329054843,0.5512979201621663,2.881359406818122,3,0.022547165627337017,0.5003388235912161,3.336603899154664,True,False
3,0.1,0.35000000000000003,0.55,1978,0.5460060667340748,0.5633293979476398,0.6905681357537294,1322,745,0.5635400907715582,0.5366594330819278,782,462,0.5907928388746803,0.5559683546930984,2.9006192574346823,3,0.027055319029780225,0.5031291716832018,3.3496377910583237,True,False
3,0.1,0.4,0.5,1978,0.5465116279069767,0.5633663885181269,0.6888160354515144,1281,727,0.5675253708040593,0.5402330191734774,701,419,0.5977175463623395,0.5609797646416123,2.924701112786457,3,0.04004285230397023,0.4928966225326679,3.3375120307111845,True,False
3,0.1,0.45,0.45,1978,0.5546006066734075,0.5633088476307027,0.6874185841927618,1216,695,0.571546052631579,0.5435494274323243,612,375,0.6127450980392157,0.5735620252335857,2.9802265871520066,3,0.0471311928474359,0.5031201431153706,3.3890843445725056,True,True
3,0.1,0.5,0.4,1978,0.557633973710819,0.5632882973137653,0.6863614935430822,1154,661,0.5727902946273831,0.5440539928142573,541,334,0.6173752310536045,0.5757277893902362,2.990206135602879,3,0.04241758318255425,0.5120424926453478,3.4174134618831182,True,True
3,0.1,0.55,0.35,1978,0.5591506572295247,0.5630108680351122,0.6856331748886795,1088,629,0.578125,0.5485548074353664,459,279,0.6078431372549019,0.5624589516534375,2.9419973709278193,3,0.059699329867775014,0.49601321230853446,3.3186119235008036,True,True
3,0.1,0.6000000000000001,0.29999999999999993,1978,0.5556117290192113,0.5628495480471547,0.6852243449068919,1008,589,0.5843253968253969,0.5536364130305114,371,226,0.6091644204851752,0.5586364348608159,2.9311144937103855,3,0.10181529827361555,0.4849661191232457,3.2124500162864,True,True
3,0.1,0.65,0.25,1978,0.5591506572295247,0.5626419898460884,0.6851277321868541,933,557,0.5969989281886388,0.5651890241962056,288,178,0.6180555555555556,0.5607361286792035,2.9517307208753807,3,0.10949577691773475,0.48834040553873787,3.221079572578649,True,True
3,0.1,0.7000000000000001,0.19999999999999996,1978,0.5596562184024267,0.5621210393117289,0.6853378598386722,860,507,0.5895348837209302,0.5563299111144956,221,133,0.6018099547511312,0.5360596811006194,2.844068619023243,3,0.13543837731351324,0.4579817755925391,3.0311736399887557,False,True
3,0.1,0.75,0.15000000000000002,1978,0.5631951466127402,0.5606650493567237,0.6858508871829448,799,470,0.5882352941176471,0.5537664186757123,172,97,0.563953488372093,0.48924647289670614,2.654420676955513,3,0.12607916384610912,0.3945361778918369,2.7967985271551314,False,True
3,0.1,0.8,0.09999999999999998,1978,0.564206268958544,0.5581466080160622,0.6866644991513426,752,441,0.586436170212766,0.5508847935020018,131,73,0.5572519083969466,0.47176553459047255,2.5808992682301515,3,0.21815443771667695,0.3096289731154949,2.4542193659122926,False,False
3,0.15000000000000002,0.05,0.7999999999999999,1978,0.5439838220424671,0.5633139852099369,0.7051666485138464,1499,846,0.5643762508338893,0.5391420007422534,1075,615,0.5720930232558139,0.5423105116583935,2.8451416776445324,3,0.015254856729626967,0.5019331576632574,3.316565121848536,True,False
3,0.15000000000000002,0.1,0.75,1978,0.544994944388271,0.5633407006219553,0.7012979963007644,1466,826,0.5634379263301501,0.5379163933748834,1025,592,0.577560975609756,0.5470869566781328,2.8640058198915024,3,0.01730697882696052,0.5042191155203871,3.3336109777579686,True,False
3,0.15000000000000002,0.15000000000000002,0.7,1978,0.5444893832153691,0.5633499482645772,0.6979229886615129,1442,812,0.5631067961165048,0.5373716321770277,968,561,0.5795454545454546,0.5481937215247313,2.868464781666098,3,0.02255294286070802,0.4974156306272371,3.320774526571919,True,False
3,0.15000000000000002,0.2,0.6499999999999999,1978,0.5439838220424671,0.5634115992153889,0.6950002136989117,1413,796,0.5633404104741684,0.5373423830685545,917,533,0.5812431842966194,0.5490367468712589,2.872309571986918,3,0.017214735463255287,0.5046681691355804,3.3425482701959877,True,False
3,0.15000000000000002,0.25,0.6,1978,0.5444893832153691,0.5634023515727672,0.6924968809659924,1371,776,0.5660102115244348,0.5396263019078323,850,501,0.5894117647058823,0.5560096054020828,2.903083929437869,3,0.024178655765435347,0.5054191199594503,3.3601457378664485,True,False
3,0.15000000000000002,0.30000000000000004,0.5499999999999999,1978,0.5460060667340748,0.5634393421432542,0.6903866359248393,1332,754,0.566066066066066,0.5392972932971727,778,458,0.5886889460154242,0.5537579064949936,2.8944846080819704,3,0.030570303659230524,0.49314501942904354,3.326489020192553,True,False
3,0.15000000000000002,0.35000000000000003,0.49999999999999994,1978,0.5510616784630941,0.5635893594568961,0.6886480943689385,1279,727,0.5684128225175918,0.5411030314872727,703,422,0.6002844950213371,0.5636235524635412,2.9371567659973374,3,0.043022629668812776,0.49451967593411617,3.345631182593828,True,False
3,0.15000000000000002,0.4,0.44999999999999996,1978,0.5525783619817998,0.5633900213826047,0.6872638233496098,1215,696,0.5728395061728395,0.544837790442022,609,375,0.6157635467980296,0.5765197425020155,2.9929966745913035,3,0.05162288440653127,0.4972794641458106,3.3870303699240516,True,True
3,0.15000000000000002,0.45,0.39999999999999997,1978,0.5596562184024267,0.5633715260973613,0.6862196128240217,1153,665,0.5767562879444926,0.5480287442089609,550,340,0.6181818181818182,0.5768915537355255,2.999293738095952,3,0.044373972475805545,0.5132868664855719,3.4238326596299133,True,True
3,0.15000000000000002,0.5,0.35,1978,0.5601617795753286,0.5631732155389166,0.6855039444912282,1087,630,0.5795768169273229,0.5500015436989159,463,283,0.6112311015118791,0.5660862125134749,2.9582299254313105,3,0.06118082818299044,0.4983692074007467,3.3342374764660763,True,True
3,0.15000000000000002,0.55,0.29999999999999993,1978,0.5540950455005056,0.5632019859826287,0.6851075992756908,1001,587,0.5864135864135864,0.5556310687748278,379,230,0.6068601583113457,0.556847352486747,2.9257785637615674,3,0.09938071709937227,0.4804134151618401,3.2074305447246627,True,True
3,0.15000000000000002,0.6000000000000001,0.2499999999999999,1978,0.5606673407482305,0.5629040063870385,0.6850233656102095,932,556,0.5965665236051502,0.5647357454772857,291,176,0.6048109965635738,0.5476235601891575,2.899229983177632,3,0.10733160114046296,0.4639848298332293,3.148551610729935,True,True
3,0.15000000000000002,0.65,0.19999999999999996,1978,0.5561172901921132,0.562434431645022,0.6852458234579167,876,517,0.5901826484018264,0.5572895827825327,222,131,0.5900900900900901,0.5243951296384811,2.7977747241768034,3,0.13570890653807388,0.43269584078681317,2.959052751887469,False,True
3,0.15000000000000002,0.7000000000000001,0.1499999999999999,1978,0.5616784630940344,0.5612168253664892,0.6857711872456351,816,472,0.5784313725490197,0.5442591805238843,173,99,0.5722543352601156,0.4977470713383861,2.6787939686570557,3,0.16098976060205658,0.4085712925897337,2.7653857400426762,False,True
3,0.15000000000000002,0.75,0.09999999999999998,1978,0.5621840242669363,0.5588658691088664,0.686597196405548,779,457,0.5866495507060334,0.55172580148416,134,77,0.5746268656716418,0.48998474518744267,2.6544419085388684,3,0.20277251237470306,0.3600507438551554,2.6089476276446177,False,True
3,0.2,0.05,0.75,1978,0.5465116279069767,0.5633951589618391,0.7010844576577602,1464,823,0.5621584699453552,0.536614525961283,1028,593,0.5768482490272373,0.546414870125622,2.860377988202166,3,0.016881043684453246,0.5039056298026743,3.330521530635934,True,False
3,0.2,0.1,0.7000000000000001,1978,0.5455005055611729,0.5634691401028132,0.6977242383360085,1443,814,0.5641025641025641,0.5383802726428203,966,563,0.582815734989648,0.551452141536844,2.8827848342660736,3,0.02006394281098246,0.503416953172263,3.3460739018163714,True,False
3,0.2,0.15000000000000002,0.65,1978,0.5465116279069767,0.5634568099126509,0.6948156765011684,1415,796,0.5625441696113074,0.5365615066618061,915,535,0.5846994535519126,0.5524806081245113,2.885860172414808,3,0.01984135421432112,0.5048574236613252,3.3510348876474905,True,False
3,0.2,0.2,0.6000000000000001,1978,0.5480283114256825,0.5635431212437874,0.6923260619286514,1375,777,0.5650909090909091,0.5387417285295268,850,500,0.5882352941176471,0.5548242478644734,2.898242106259963,3,0.024359091038195252,0.5039165336388379,3.35344045782241,True,False
3,0.2,0.25,0.55,1978,0.5485338725985844,0.5635718916874995,0.6902291176159048,1339,763,0.5698282300224048,0.5431465760272521,778,458,0.5886889460154242,0.5537579064949936,2.8989107205100124,3,0.030421818328958107,0.4946679069323019,3.332734990784398,True,False
3,0.2,0.30000000000000004,0.5,1978,0.5500505561172901,0.5636643681137172,0.6885035318769909,1289,737,0.5717610550814585,0.5445736975863544,701,422,0.6019971469329529,0.5653000789801218,2.947182728789016,3,0.04235326508614506,0.5005241333601096,3.3630003319768353,True,False
3,0.2,0.35000000000000003,0.45,1978,0.5561172901921132,0.5635492863388685,0.6871319389341382,1224,698,0.5702614379084967,0.5423506646397325,620,383,0.617741935483871,0.5788770087497055,3.00072055579181,3,0.050823624509653616,0.5009190851285394,3.3999923919010424,True,True
3,0.2,0.4,0.4,1978,0.5591506572295247,0.5633478932328834,0.6861001910568315,1164,669,0.5747422680412371,0.5461405259577915,558,345,0.6182795698924731,0.5772915405661507,2.998921149426798,3,0.05168071877435336,0.5080083807346928,3.4035680926127845,True,True
3,0.2,0.45,0.35000000000000003,1978,0.5586450960566228,0.5634023515727671,0.685396828206987,1096,633,0.5775547445255474,0.5480899979945025,471,285,0.6050955414012739,0.560268767889657,2.9328354285948874,3,0.056994977078205604,0.4954067857907278,3.3142522602292037,True,True
3,0.2,0.5,0.30000000000000004,1978,0.5535894843276037,0.5634372871115605,0.6850126864306875,1013,589,0.581441263573544,0.5508098307763256,384,234,0.609375,0.559722619470236,2.932446854370121,3,0.0912035507214526,0.4759794350375457,3.2260191879647615,True,True
3,0.2,0.55,0.25,1978,0.557633973710819,0.5632739120919092,0.6849406070604783,944,561,0.5942796610169492,0.5626346318508191,293,178,0.6075085324232082,0.5505496621314716,2.9083541273343463,3,0.10047462758079279,0.48046915166647025,3.187874023839231,True,True
3,0.2,0.6000000000000001,0.19999999999999996,1978,0.5596562184024267,0.5626789804165755,0.6851752216410399,888,521,0.5867117117117117,0.5540175478952207,227,133,0.5859030837004405,0.5209151308988119,2.7813779649677186,3,0.13019128859668533,0.4241298613178389,2.945125249092187,False,True
3,0.2,0.65,0.15000000000000002,1978,0.5652173913043478,0.561646326990478,0.685712795753089,836,484,0.5789473684210527,0.545192088757513,173,101,0.5838150289017341,0.5093199535035847,2.726866719979247,3,0.16501672193604655,0.4219996966427768,2.818832972749931,False,True
3,0.2,0.7000000000000001,0.09999999999999998,1978,0.5616784630940344,0.5593580491995138,0.6865511204501165,793,464,0.5851197982345523,0.5504969126143692,139,81,0.5827338129496403,0.49961132295561783,2.6917750877254787,3,0.2000386452358979,0.3600507438551554,2.651748541108838,False,True
3,0.2,0.75,0.050000000000000044,1978,0.5480283114256825,0.5535957403303052,0.6876894439176788,768,445,0.5794270833333334,0.5442028401571182,102,54,0.5294117647058824,0.4332459840604423,2.4153332719995797,3,0.28015245985978277,0.061490315276160515,1.9165186675561745,False,False
3,0.25,0.05,0.7,1978,0.5470171890798786,0.5634938004831379,0.697552317445079,1442,812,0.5631067961165048,0.5373716321770277,970,564,0.5814432989690722,0.5501359813837458,2.8768566721839126,3,0.020054558050624064,0.5029174634407231,3.3396650195233875,True,False
3,0.25,0.1,0.65,1978,0.5500505561172901,0.5635349011170125,0.6946568479221221,1418,799,0.5634696755994358,0.5375182114404965,912,534,0.5855263157894737,0.5532599006130842,2.8906970258669706,3,0.02055133330310092,0.5050494620371755,3.3546438212979446,True,False
3,0.25,0.15000000000000002,0.6,1978,0.5495449949443882,0.5636612855661767,0.6921800422431544,1376,779,0.5661337209302325,0.5397985158341821,850,501,0.5894117647058823,0.5560096054020828,2.9044083136526133,3,0.028588733152550956,0.49917852504269367,3.346409372390205,True,False
3,0.25,0.2,0.55,1978,0.5510616784630941,0.5637085512951323,0.6900956522769345,1337,760,0.5684367988032909,0.5417287218912735,776,457,0.5889175257731959,0.5539429111271162,2.89880613702551,3,0.03585989967095653,0.4876401168226662,3.314726454506263,True,False
3,0.25,0.25,0.5,1978,0.5490394337714863,0.5637763673410253,0.6883824052205104,1289,740,0.574088440651668,0.5469128149668996,699,419,0.5994277539341917,0.5626529056906768,2.9387887536421093,3,0.03557711724192515,0.5025587079586008,3.3701932271168595,True,False
3,0.25,0.30000000000000004,0.44999999999999996,1978,0.5561172901921132,0.5637475968973131,0.6870229785180497,1236,708,0.5728155339805825,0.5450538029280062,622,382,0.6141479099678456,0.5753016714162505,2.989203629997015,3,0.04473342256246156,0.5014628975272792,3.401199682399371,True,True
3,0.25,0.35000000000000003,0.39999999999999997,1978,0.5596562184024267,0.5636160748689146,0.6860032692970719,1168,676,0.5787671232876712,0.5502371480459547,558,340,0.6093189964157706,0.5682202609836143,2.9669336042621577,3,0.04807953404666024,0.49883194493414323,3.3696064811029807,True,True
3,0.25,0.4,0.35,1978,0.5601617795753286,0.5634722226503538,0.6853118628332301,1104,640,0.5797101449275363,0.5503656298164326,479,295,0.615866388308977,0.5715498817645238,2.9805768070180534,3,0.06767255782052321,0.5049190081710342,3.350150699548041,True,True
3,0.25,0.45,0.3,1978,0.5525783619817998,0.5634763327137412,0.6849396405687369,1031,600,0.5819592628516004,0.5516013755214628,392,237,0.6045918367346939,0.5553991219754264,2.9157685075199034,3,0.09022434595766717,0.479678577376536,3.214998392981105,True,True
3,0.25,0.5,0.25,1978,0.5561172901921132,0.5634547548809572,0.6848794893855537,957,567,0.5924764890282131,0.561034494951234,298,182,0.610738255033557,0.554304195081096,2.9215352619012167,3,0.10670530529307334,0.4880048005266073,3.1961294518416774,True,True
3,0.25,0.55,0.19999999999999996,1978,0.5596562184024267,0.5629882626864813,0.6851260868607737,898,528,0.5879732739420935,0.5554721382870573,237,139,0.5864978902953587,0.5229068905473209,2.7909022055906156,3,0.13374364033923125,0.4257338252067978,2.949148750118951,True,True
3,0.25,0.6000000000000001,0.1499999999999999,1978,0.5626895854398383,0.561818949652751,0.6856757455870278,852,495,0.5809859154929577,0.5475639258020872,180,105,0.5833333333333334,0.5103039582942271,2.732728211845383,3,0.17750205668965993,0.40913906334200717,2.7868631618080704,False,True
3,0.25,0.65,0.09999999999999998,1978,0.5591506572295247,0.5596210932563108,0.6865263052322004,822,477,0.5802919708029197,0.5462571374761349,141,83,0.5886524822695035,0.5061277922807453,2.7131795049754746,3,0.1943394750527593,0.3861866858065617,2.7106872406765175,False,True
3,0.30000000000000004,0.05,0.6499999999999999,1978,0.5525783619817998,0.5637064962634386,0.6945239074427237,1417,798,0.5631616090331687,0.5371997468706229,915,538,0.5879781420765028,0.5557825971173922,2.9010529751270386,3,0.027099853996016134,0.4988490256533308,3.3457022927883373,True,False
3,0.30000000000000004,0.1,0.6,1978,0.5510616784630941,0.5637660921825567,0.6920589566328159,1388,787,0.5670028818443804,0.5407859647484929,852,501,0.5880281690140845,0.5546551097275023,2.900336775679325,3,0.032014466589035444,0.49441503815663845,3.3307228806578926,True,False
3,0.30000000000000004,0.15000000000000002,0.5499999999999999,1978,0.5525783619817998,0.5637835599519534,0.6899863445829655,1340,765,0.5708955223880597,0.5442289090745879,776,458,0.5902061855670103,0.555241607797893,2.9068488117315128,3,0.03279559329097312,0.49450244052702635,3.3357600656765927,True,True
3,0.30000000000000004,0.2,0.49999999999999994,1978,0.5520728008088979,0.563816440459053,0.6882847985417263,1293,742,0.5738592420726991,0.5467247196787482,703,422,0.6002844950213371,0.5636235524635412,2.9431214621240636,3,0.03802171958763857,0.5023088981225388,3.369386921071325,True,False
3,0.30000000000000004,0.25,0.44999999999999996,1978,0.5601617795753286,0.5638637061880086,0.6869370120749916,1239,709,0.5722356739305892,0.5445048243619891,627,384,0.6124401913875598,0.5737306180719576,2.9832313620062894,3,0.046453029848379596,0.495302368226752,3.385627670536282,True,True
3,0.30000000000000004,0.30000000000000004,0.3999999999999999,1978,0.5606673407482305,0.5637003311683575,0.6859289077350117,1175,681,0.5795744680851064,0.5511348329438398,558,342,0.6129032258064516,0.5718470604909419,2.9825808608607587,3,0.0517828355510225,0.499111214330015,3.3781264040887287,True,True
3,0.30000000000000004,0.35000000000000003,0.3499999999999999,1978,0.5551061678463094,0.5636140198372209,0.6852491018830551,1105,646,0.5846153846153846,0.5553151661434365,484,295,0.609504132231405,0.5653406807686576,2.959733508361884,3,0.06934509253331918,0.49740840897338134,3.318451732268627,True,True
3,0.30000000000000004,0.4,0.29999999999999993,1978,0.5520728008088979,0.5637404042863852,0.6848885107858008,1039,609,0.5861405197305101,0.5559281877239343,404,244,0.6039603960396039,0.555504924709817,2.9205068658537376,3,0.09555758347443807,0.47568843959701845,3.20508013850188,True,False
3,0.30000000000000004,0.45,0.24999999999999994,1978,0.5566228513650152,0.563659230534483,0.6848400589541838,976,581,0.5952868852459017,0.5641773239119009,309,187,0.6051779935275081,0.5497038846117424,2.9064471900013817,3,0.07349298117097296,0.49091786595301856,3.2503790936124544,True,True
3,0.30000000000000004,0.5,0.19999999999999996,1978,0.5601617795753286,0.5631495826744388,0.6850984640596682,917,539,0.5877862595419847,0.5556246976753262,242,142,0.5867768595041323,0.5238517931244163,2.794989408078455,3,0.12243595484879471,0.4178903692159613,2.968007867596827,True,True
3,0.30000000000000004,0.55,0.1499999999999999,1978,0.5626895854398383,0.5620131501478081,0.6856600812982171,865,503,0.5815028901734104,0.5483379690512732,190,109,0.5736842105263158,0.5025884907577702,2.7027017779550206,3,0.19485807620525597,0.36484259315865186,2.6778282187031603,False,True
3,0.30000000000000004,0.6000000000000001,0.09999999999999987,1978,0.5551061678463094,0.5596262308355451,0.6865227957635679,842,488,0.5795724465558195,0.5459422874794753,144,84,0.5833333333333334,0.5016671206188175,2.694215313621956,3,0.12487957794435468,0.4374906934425036,2.88194685117575,False,True
3,0.35000000000000003,0.05,0.5999999999999999,1978,0.5525783619817998,0.5637753398251784,0.6919629893886446,1382,786,0.5687409551374819,0.5424746275360534,858,504,0.5874125874125874,0.554152742435153,2.90034127374285,3,0.03150831195214833,0.4958024317673993,3.3331270816059524,True,False
3,0.35000000000000003,0.1,0.5499999999999999,1978,0.5546006066734075,0.5638883665683334,0.6899013371613011,1345,770,0.5724907063197026,0.545881697419795,779,461,0.5917843388960206,0.5569002972162893,2.9155892501578737,3,0.038608348524292874,0.49087367759213,3.329246230701418,True,True
3,0.35000000000000003,0.15000000000000002,0.4999999999999999,1978,0.5551061678463094,0.5638873390524866,0.6882108260916365,1295,742,0.572972972972973,0.5458550076233828,700,422,0.6028571428571429,0.5661421433308828,2.952968851013594,3,0.03763793608372689,0.5046101789700062,3.3823031578161467,True,True
3,0.35000000000000003,0.2,0.4499999999999999,1978,0.5611729019211324,0.5639654302568481,0.6868741342248337,1236,712,0.5760517799352751,0.548307056085101,627,382,0.6092503987240829,0.5705040120666063,2.97437248696784,3,0.03699126572611878,0.5017433902062728,3.402133345721875,True,True
3,0.35000000000000003,0.25,0.3999999999999999,1978,0.5611729019211324,0.563935632297289,0.6858771873041148,1178,681,0.5780984719864176,0.549686692958127,562,344,0.6120996441281139,0.5711818996342152,2.9786541241075777,3,0.04848828298982504,0.499111214330015,3.380788772457943,True,True
3,0.35000000000000003,0.30000000000000004,0.34999999999999987,1978,0.5546006066734075,0.563876036378171,0.6852086167650032,1115,648,0.5811659192825112,0.5519762380020935,490,296,0.6040816326530613,0.5601310631330599,2.935541699429465,3,0.06195750197503527,0.4922798846199306,3.303906580099325,True,True
3,0.35000000000000003,0.35000000000000003,0.2999999999999999,1978,0.5546006066734075,0.5639181645278923,0.6848593619608346,1047,616,0.5883476599808978,0.5582672601513833,408,248,0.6078431372549019,0.5596726698106309,2.9400816376947896,3,0.09293915806745284,0.4825566078616206,3.2367599294215044,True,True
3,0.35000000000000003,0.4,0.2499999999999999,1978,0.5591506572295247,0.563839045807684,0.6848223763320698,984,582,0.5914634146341463,0.5604513300843742,320,196,0.6125,0.5580872851533888,2.9368178406197254,3,0.07746967528780022,0.4937985274432798,3.275677017487405,True,True
3,0.35000000000000003,0.45,0.1999999999999999,1978,0.5626895854398383,0.5632143161727912,0.6850924111778895,924,548,0.5930735930735931,0.5610753846951821,243,145,0.5967078189300411,0.5339861882635891,2.8415038674537656,3,0.11530536971963769,0.44085991778287875,3.0517530457973687,True,True
3,0.35000000000000003,0.5,0.1499999999999999,1978,0.5601617795753286,0.562171387588225,0.6856658595271016,890,521,0.5853932584269663,0.5527267458264189,197,115,0.583756345177665,0.513961461283607,2.7521231912469597,3,0.19957185991287202,0.36484259315865186,2.7178220645798676,False,True
3,0.35000000000000003,0.55,0.09999999999999987,1978,0.5500505561172901,0.5596981569448255,0.6865406484631144,872,511,0.5860091743119266,0.5530092231457178,151,86,0.5695364238410596,0.4898017455718692,2.652827634047477,3,0.14126040113437885,0.41039157498156714,2.7806984067602865,False,False
3,0.4,0.05,0.5499999999999999,1978,0.5551061678463094,0.5638924766317208,0.6898408169059623,1341,770,0.5741983594332588,0.5475581157065589,784,463,0.5905612244897959,0.5557797026515654,2.9128977394904063,3,0.03809392230464767,0.4906051680266167,3.3273150629077275,True,True
3,0.4,0.1,0.5,1978,0.5571284125379171,0.5639428249082171,0.6881606364409709,1294,743,0.5741885625965997,0.5470662801950266,711,431,0.6061884669479606,0.5697954331131562,2.969224415339506,3,0.03658748940304007,0.5096215464359871,3.405670982969413,True,True
3,0.4,0.15000000000000002,0.44999999999999996,1978,0.5616784630940344,0.5640209161125788,0.6868344671315397,1245,719,0.5775100401606426,0.5498743696904765,626,383,0.6118210862619808,0.5730729610632709,2.9863412879698323,3,0.03533140061944575,0.505966945688367,3.4216454324193077,True,True
3,0.4,0.2,0.39999999999999997,1978,0.5611729019211324,0.5641298327923463,0.6858482117314643,1179,676,0.5733672603901612,0.5449417871931845,561,344,0.6131907308377896,0.5722493359036349,2.978243018683362,3,0.04597176829497373,0.5021108204352644,3.388410302528679,True,True
3,0.4,0.25,0.35,1978,0.5566228513650152,0.5640517415879847,0.6851904982707884,1118,653,0.5840787119856887,0.5549469471753639,494,301,0.6093117408906883,0.5656006006125014,2.9608513427206105,3,0.06524618174325972,0.49483061004188844,3.3251895892759795,True,True
3,0.4,0.30000000000000004,0.29999999999999993,1978,0.5556117290192113,0.5640363288502817,0.6848522758607053,1062,623,0.5866290018832392,0.5567512322148118,412,250,0.6067961165048543,0.5588505811243679,2.935516345999069,3,0.08534453573619658,0.47933565452086124,3.2441629290475373,True,True
3,0.4,0.35000000000000003,0.24999999999999994,1978,0.5611729019211324,0.5637147163902135,0.6848265171209021,998,590,0.591182364729459,0.5603880904325246,333,206,0.6186186186186187,0.5653759895347004,2.9662757404484363,3,0.07603473986611617,0.4928519021984164,3.3070581629146205,True,True
3,0.4,0.4,0.19999999999999996,1978,0.5571284125379171,0.5632143161727912,0.6851079998043618,940,554,0.5893617021276596,0.5576105111460182,255,153,0.6,0.5388152215799656,2.8562397748644295,3,0.12566545554484676,0.4480852301650392,3.052994093939775,True,True
3,0.4,0.45,0.14999999999999997,1978,0.5586450960566228,0.5620419205915204,0.685693149520293,906,532,0.58719646799117,0.5548345354829061,204,119,0.5833333333333334,0.5147494691108951,2.7570353774112086,3,0.20494083700371674,0.35831521095931473,2.70546891436309,False,True
3,0.4,0.5,0.09999999999999998,1978,0.5510616784630941,0.5596971294289786,0.6865799315758507,896,523,0.5837053571428571,0.5511375358535844,155,89,0.5741935483870968,0.49548126879289717,2.6738680992313153,3,0.1500613425888578,0.38657794231520604,2.760323356368806,False,False
3,0.45,0.05,0.5,1978,0.5596562184024267,0.5639335772655955,0.6881344180393723,1294,746,0.5765069551777434,0.5493969802382335,711,432,0.6075949367088608,0.5712167841849466,2.9777485502303094,3,0.04017611151439402,0.5110471076356858,3.4084434348372072,True,True
3,0.45,0.1,0.45000000000000007,1978,0.5621840242669363,0.5641072274437153,0.6868181642608724,1238,719,0.5807754442649434,0.5530802383225698,632,384,0.6075949367088608,0.5689854454852669,2.9733273604979646,3,0.039992764650855724,0.49703973211954783,3.3903815633158008,True,True
3,0.45,0.15000000000000002,0.4,1978,0.5596562184024267,0.564259299789051,0.685842110156726,1184,681,0.575168918918919,0.5468133524079424,562,346,0.6156583629893239,0.5747845670613264,2.9899922322391035,3,0.040150879143604275,0.5091312467717735,3.4188217207236686,True,True
3,0.45,0.2,0.35000000000000003,1978,0.5581395348837209,0.564153465656824,0.6851948584514047,1131,657,0.5809018567639257,0.5519190325406291,493,297,0.6024340770791075,0.5586012876746071,2.930159158222568,3,0.0635403374092816,0.4829814766348132,3.286059960038818,True,True
3,0.45,0.25,0.30000000000000004,1978,0.5561172901921132,0.5640692093573814,0.6848673525184997,1070,629,0.5878504672897197,0.5580939007617005,418,251,0.6004784688995215,0.5528132473315531,2.9128176404298505,3,0.07962326203979869,0.47900792342492465,3.2325790397751777,True,True
3,0.45,0.30000000000000004,0.25,1978,0.5601617795753286,0.5637332116754571,0.6848525729953753,1007,596,0.5918570009930486,0.5612068415379711,344,215,0.625,0.572723823721375,2.9962839412420985,3,0.08715537072383803,0.4966473087688766,3.318620508563299,True,True
3,0.45,0.35000000000000003,0.2,1978,0.5586450960566228,0.5632389765531158,0.6851453159752411,960,564,0.5875,0.5560701418445327,274,163,0.5948905109489051,0.5358388273449353,2.8430971002064847,3,0.1010003116720188,0.4478819321166955,3.0889784089791426,True,True
3,0.45,0.4,0.15000000000000002,1978,0.5581395348837209,0.5617809315664171,0.6857420337596879,929,554,0.596340150699677,0.5644556723355618,213,123,0.5774647887323944,0.5103306291285945,2.748791968544672,3,0.17660859520675576,0.3611870167007237,2.756761794831884,False,True
3,0.45,0.45,0.10000000000000003,1978,0.551567239635996,0.5592655727732961,0.6866407256803475,926,541,0.5842332613390929,0.5522044801108347,163,94,0.5766871165644172,0.499927593270457,2.6926798278157813,3,0.17016296542092033,0.36811049305016963,2.7204643900241106,False,False
3,0.45,0.5,0.050000000000000044,1978,0.5455005055611729,0.5527696175894272,0.6878408709526176,953,553,0.5802728226652676,0.5486783129917843,129,74,0.5736434108527132,0.4873866813077035,2.635587850421137,3,0.17226388977793966,0.1876128068994087,2.4786728777646667,False,False
3,0.5,0.05,0.45,1978,0.5631951466127402,0.564274712526754,0.686825415289756,1240,717,0.5782258064516129,0.5505382039681171,641,391,0.609984399375975,0.5716765142799833,2.9818006211106733,3,0.038643465333350724,0.5025589508313713,3.407072641275343,True,True
3,0.5,0.1,0.4,1978,0.5626895854398383,0.5644052070393056,0.6858590404946321,1191,686,0.5759865659109992,0.5477193368892975,566,344,0.607773851590106,0.5669523497293932,2.9602164069077035,3,0.04201524672591862,0.4954243455312437,3.37161025898711,True,True
3,0.5,0.15000000000000002,0.35,1978,0.5556117290192113,0.5641853186480769,0.6852218329903137,1140,662,0.5807017543859649,0.5518330420283492,498,296,0.5943775100401606,0.5506889093986005,2.897922254422954,3,0.05706356254272173,0.47808163378935137,3.2618767631268617,True,True
3,0.5,0.2,0.3,1978,0.5556117290192113,0.5640024208273352,0.6849047119548891,1074,634,0.590316573556797,0.5606336339046253,420,253,0.6023809523809524,0.5548504541879951,2.9233775803176707,3,0.08021042639486418,0.48219545880238435,3.2451521863303268,True,True
3,0.5,0.25,0.25,1978,0.5596562184024267,0.5636345701541583,0.6849006529840724,1022,604,0.5909980430528375,0.5605688437735167,351,213,0.6068376068376068,0.5548447109613369,2.923989171748783,3,0.08055660311461124,0.4782262721503132,3.2411022376698737,True,True
3,0.5,0.30000000000000004,0.19999999999999996,1978,0.5591506572295247,0.5630180606460403,0.6852044611507275,984,584,0.5934959349593496,0.5624997069776334,289,173,0.5986159169550173,0.5411645586041522,2.8708525988038143,3,0.09751575288386952,0.4475757167181133,3.1233968097541887,True,True
3,0.5,0.35000000000000003,0.14999999999999997,1978,0.5561172901921132,0.5615158324779264,0.6858126087256501,957,568,0.593521421107628,0.562087705861832,223,132,0.5919282511210763,0.5263940969585024,2.8101797797325117,3,0.1762506954535667,0.38511512258808434,2.8427935114134626,True,True
3,0.5,0.4,0.09999999999999998,1978,0.5540950455005056,0.5585956324411413,0.6867231242997694,946,552,0.5835095137420718,0.5518185394871223,177,98,0.5536723163841808,0.4800695488204578,2.6131498087414435,3,0.14893757904632007,0.35457636204430115,2.6698510126931043,False,True
3,0.55,0.05,0.39999999999999997,1978,0.5621840242669363,0.5643630788895841,0.6858991937863257,1196,687,0.5744147157190636,0.5461985045928309,575,346,0.6017391304347826,0.5611773760394905,2.9354738985137905,3,0.04466455336417794,0.48792771876807617,3.334072510553511,True,True
3,0.55,0.1,0.35,1978,0.5561172901921132,0.5641359978874274,0.6852715842227263,1150,668,0.5808695652173913,0.5521284276038321,502,297,0.5916334661354582,0.548096761083506,2.8879254124979616,3,0.05113307469348022,0.47820551010744344,3.2638647732184447,True,True
3,0.55,0.15000000000000002,0.29999999999999993,1978,0.5546006066734075,0.5641051724120215,0.6849644963361922,1080,636,0.5888888888888889,0.5592787565973393,426,255,0.5985915492957746,0.5513615701212735,2.907883810873483,3,0.07998034286389748,0.47839494563649104,3.2263180707821792,True,True
3,0.55,0.2,0.24999999999999994,1978,0.5586450960566228,0.5634526998492635,0.6849708850548758,1038,613,0.5905587668593449,0.5603634780822967,364,220,0.6043956043956044,0.553322580071635,2.917424450523965,3,0.08505489998929759,0.4713684691351153,3.218683119680485,True,True
3,0.55,0.25,0.19999999999999996,1978,0.5621840242669363,0.562795089707271,0.6852855534105685,1007,595,0.5908639523336644,0.5602062333292839,302,182,0.6026490066225165,0.546500751118171,2.890427458885423,3,0.09448995395672923,0.46621355164287304,3.1676611026148374,True,True
3,0.55,0.30000000000000004,0.1499999999999999,1978,0.5556117290192113,0.5610740006637753,0.6859049858217798,983,582,0.5920651068158698,0.5610417699635564,242,146,0.6033057851239669,0.5405161657688432,2.8653699818775484,3,0.158610707142186,0.38511512258808434,2.9332636901812608,True,True
3,0.55,0.35000000000000003,0.09999999999999992,1978,0.5505561172901922,0.5578321881669219,0.6868272346357146,990,577,0.5828282828282828,0.5518497589517847,192,109,0.5677083333333334,0.496984211861378,2.679882039378269,3,0.1537619503895335,0.36142013281525043,2.7337782714144527,False,False
3,0.6000000000000001,0.05,0.3499999999999999,1978,0.5525783619817998,0.5640260536918131,0.6853443050081397,1154,671,0.5814558058925476,0.5527684177055057,514,303,0.5894941634241245,0.5464551913686844,2.881243810682519,3,0.041771207638279725,0.4851483506684238,3.2828497460743833,True,True
3,0.6000000000000001,0.1,0.29999999999999993,1978,0.551567239635996,0.5638051377847375,0.6850468726965355,1086,639,0.5883977900552486,0.5588666507879058,437,260,0.5949656750572082,0.548305208180403,2.894533098232831,3,0.06974802369597154,0.47674467064114545,3.231781721482033,True,False
3,0.6000000000000001,0.15000000000000002,0.2499999999999999,1978,0.557633973710819,0.5632471966798909,0.6850634180858561,1050,622,0.5923809523809523,0.5623737418518728,374,227,0.606951871657754,0.5566030381672006,2.932274164649635,3,0.08190095192728453,0.4803591504335626,3.248831411228628,True,True
3,0.6000000000000001,0.2,0.1999999999999999,1978,0.5586450960566228,0.5623193498701734,0.685388728921236,1024,604,0.58984375,0.5594358931196336,311,185,0.594855305466238,0.5394579130000801,2.860614623508083,3,0.0935264749990752,0.4597200056030372,3.1332816791129696,True,True
3,0.6000000000000001,0.25,0.1499999999999999,1978,0.557633973710819,0.5605324998124783,0.6860192924968759,1003,595,0.5932203389830508,0.5625192505009814,252,152,0.6031746031746031,0.541655013912548,2.871621992337705,3,0.1354142439733006,0.3938062701991985,2.9945997745903026,True,True
3,0.6000000000000001,0.30000000000000004,0.09999999999999987,1978,0.5480283114256825,0.5571982108894074,0.6869531784493843,1027,602,0.5861733203505355,0.5557840013482731,205,116,0.5658536585365853,0.49740840897338134,2.68479212710388,3,0.14043774134493012,0.37771879603669134,2.7816354404507115,True,False
3,0.65,0.05,0.3,1978,0.5520728008088979,0.5636407352492394,0.6851520363997746,1099,649,0.5905368516833485,0.5611975597048023,456,270,0.5921052631578947,0.546410687432008,2.889316682889431,3,0.05511802949223441,0.47889112981669685,3.2579717537216593,True,False
3,0.65,0.1,0.24999999999999997,1978,0.5571284125379171,0.5629389419258318,0.6851784243309802,1062,628,0.591337099811676,0.5614932930242557,390,235,0.6025641025641025,0.5532218016593645,2.9176521798808506,3,0.07589630634271063,0.4750572333554533,3.2409168005508824,True,True
3,0.65,0.15000000000000002,0.19999999999999996,1978,0.5571284125379171,0.5619761595773212,0.6855141437450263,1045,613,0.5866028708133971,0.5564811906881508,327,194,0.5932721712538226,0.5392452437355875,2.8563778672622755,3,0.07543011843656919,0.465690919708387,3.1712085500975244,True,True
3,0.65,0.2,0.14999999999999997,1978,0.5540950455005056,0.5599077701775855,0.6861556736105408,1030,608,0.5902912621359223,0.5599760688889281,279,160,0.5734767025089605,0.51483145485001,2.7608620937202373,3,0.10805926990928368,0.36124029356039444,2.905983847462064,True,True
3,0.65,0.25,0.09999999999999998,1978,0.5485338725985844,0.5561193192502012,0.6871010931216212,1054,614,0.5825426944971537,0.5525236930697955,218,127,0.5825688073394495,0.5162298080252462,2.7565652768412336,3,0.14053804848759763,0.3932530203122613,2.8687422001783,True,False
3,0.7000000000000001,0.05,0.24999999999999994,1978,0.5561172901921132,0.5626163019499169,0.6853161025302232,1075,635,0.5906976744186047,0.5610314590633801,405,240,0.5925925925925926,0.5440856584709609,2.880319221064577,3,0.059047660891386834,0.4743028716056536,3.236526770887457,True,True
3,0.7000000000000001,0.1,0.19999999999999993,1978,0.5586450960566228,0.5615651532385758,0.6856619760852848,1053,618,0.5868945868945868,0.5568903673717165,337,202,0.599406528189911,0.5462514146320783,2.8849621958658695,3,0.08252752195930996,0.4593724052942849,3.1792795572415344,True,True
3,0.7000000000000001,0.15000000000000002,0.1499999999999999,1978,0.5551061678463094,0.5590898675634824,0.6863142931036225,1045,616,0.5894736842105263,0.5593724511513382,289,169,0.5847750865051903,0.5272134747429194,2.8097116853405977,3,0.11518001132796447,0.37114361988923295,2.9504952825739017,True,True
3,0.7000000000000001,0.2,0.09999999999999992,1978,0.5480283114256825,0.5551113262044284,0.6872711329327083,1077,626,0.5812441968430826,0.5515413234812592,236,136,0.576271186440678,0.5124985537387022,2.740220371995992,3,0.1297757067846478,0.3818945134013752,2.8625634718280715,True,False
3,0.75,0.05,0.2,1978,0.5561172901921132,0.5608900753271867,0.6858324290956752,1069,628,0.587464920486436,0.5576916281894266,352,210,0.5965909090909091,0.5445646219977772,2.878274110997979,3,0.08201477833668495,0.4632620618690232,3.1775066161936323,True,True
3,0.75,0.1,0.15,1978,0.5551061678463094,0.5583942393351561,0.6864953360549834,1066,627,0.5881801125703565,0.5583697113917737,306,179,0.5849673202614379,0.529039013097058,2.8157662019388177,3,0.09903021022946719,0.40039576757312717,3.0181015490530108,True,True
3,0.75,0.15000000000000002,0.09999999999999998,1978,0.5495449949443882,0.5541228559597461,0.6874634706154463,1099,633,0.5759781619654231,0.5465449751161959,251,143,0.5697211155378487,0.5078717303471626,2.716685058158559,3,0.13040593299060224,0.3700567162693947,2.8259299084467493,True,False
3,0.8,0.05,0.14999999999999997,1978,0.5556117290192113,0.5575753092052063,0.6866990112344581,1093,637,0.5827996340347666,0.553326124349803,326,188,0.5766871165644172,0.5224647478033563,2.784240251881741,3,0.09174964738723242,0.3944724746061819,2.995213431713458,True,False
3,0.8,0.1,0.09999999999999995,1978,0.5505561172901922,0.5531189729773607,0.6876782992523126,1123,641,0.5707925200356189,0.541650196829808,279,161,0.5770609318996416,0.5184297359784779,2.7538803962445035,3,0.12003461469259719,0.36484259315865186,2.878653760017961,True,False
3,0.8500000000000001,0.05,0.09999999999999991,1978,0.5475227502527806,0.5519023942146747,0.6879158346114642,1143,648,0.5669291338582677,0.538026105576076,297,169,0.569023569023569,0.5121750624620379,2.7242184568168932,3,0.11381268572709317,0.36752063766074083,2.864113723023448,True,False
