game_id,game_date,result,v2_away,v3_away,v2_draw,v3_draw,v2_home,v3_home
20260327-Chunichi_Dragons-Hiroshima_Toyo_Carp,2026-03-27 18:00:00,home,0.47560218008760785,0.47852015479996324,0.032506611319189985,0.03148920015138015,0.4918912085932022,0.4899906450486566
20260327-Hanshin_Tigers-Yomiuri_Giants,2026-03-27 18:15:00,home,0.5060252300035276,0.48535019271492785,0.012954138862490638,0.01935242517436622,0.48102063113398175,0.49529738211070595
20260327-Hokkaido_Nippon-Ham_Fighters-Fukuoka_SoftBank_Hawks,2026-03-27 18:30:00,home,0.4402670504932304,0.42878655898927726,0.03926689035557969,0.03411482863858122,0.5204660591511899,0.5370986123721415
20260327-Saitama_Seibu_Lions-Chiba_Lotte_Marines,2026-03-27 18:30:00,home,0.4309794032617324,0.4329065628995872,0.026254915713299673,0.02651002086783386,0.5427656810249679,0.540583416232579
20260327-Tohoku_Rakuten_Golden_Eagles-Orix_Buffaloes,2026-03-27 18:30:00,away,0.40022118573886234,0.38003362092325665,0.03431808823910286,0.03002722384560471,0.5654607260220349,0.5899391552311386
20260327-Tokyo_Yakult_Swallows-Yokohama_DeNA_BayStars,2026-03-27 18:30:00,away,0.39921467638548946,0.37171058667643003,0.04436918187150667,0.035411738675713234,0.5564161417430039,0.5928776746478568
20260328-Hokkaido_Nippon-Ham_Fighters-Fukuoka_SoftBank_Hawks,2026-03-28 13:30:00,home,0.44368060276375787,0.44379236416969975,0.025035712097540744,0.028087103342357544,0.5312836851387014,0.5281205324879428
20260328-Chunichi_Dragons-Hiroshima_Toyo_Carp,2026-03-28 14:00:00,home,0.46798696581919247,0.45846163897178577,0.027965509033722597,0.02766760925912163,0.504047525147085,0.5138707517690926
20260328-Hanshin_Tigers-Yomiuri_Giants,2026-03-28 14:00:00,away,0.48416788019823276,0.5057248184894267,0.02785883209805921,0.023223545507226252,0.487973287703708,0.4710516360033471
20260328-Saitama_Seibu_Lions-Chiba_Lotte_Marines,2026-03-28 14:00:00,home,0.4285114997735964,0.36386374387296266,0.024678998952717954,0.024186942392603952,0.5468095012736857,0.6119493137344334
20260328-Tohoku_Rakuten_Golden_Eagles-Orix_Buffaloes,2026-03-28 14:00:00,home,0.44044971249210824,0.41998066030401315,0.026228455765343946,0.02265103081088466,0.5333218317425478,0.5573683088851022
20260328-Tokyo_Yakult_Swallows-Yokohama_DeNA_BayStars,2026-03-28 14:00:00,away,0.4228780801517122,0.42964647563384456,0.026075535213378357,0.026536641554798145,0.5510463846349094,0.5438168828113573
20260329-Hokkaido_Nippon-Ham_Fighters-Fukuoka_SoftBank_Hawks,2026-03-29 13:00:00,home,0.4341142703529083,0.42461326331541027,0.02481656168849623,0.02647083832656196,0.5410691679585955,0.5489158983580278
20260329-Tohoku_Rakuten_Golden_Eagles-Orix_Buffaloes,2026-03-29 13:00:00,home,0.42428913276261665,0.42634802167181346,0.025468398802261587,0.025291244858289774,0.5502424684351217,0.5483607334698968
20260329-Chunichi_Dragons-Hiroshima_Toyo_Carp,2026-03-29 13:30:00,home,0.4607805207014951,0.4514045549843526,0.027500221049516264,0.027480849901199755,0.5117192582489887,0.5211145951144477
20260329-Hanshin_Tigers-Yomiuri_Giants,2026-03-29 14:00:00,away,0.48991422722298605,0.4669271490429312,0.02835010414387685,0.026690728845122212,0.4817356686331372,0.5063821221119466
20260329-Saitama_Seibu_Lions-Chiba_Lotte_Marines,2026-03-29 14:00:00,away,0.4044567072404586,0.4219051654321796,0.023650104625096795,0.026763157762589484,0.5718931881344446,0.5513316768052309
20260329-Tokyo_Yakult_Swallows-Yokohama_DeNA_BayStars,2026-03-29 14:00:00,away,0.4355390415015109,0.38604086051355446,0.027392105263039843,0.028189516932091048,0.5370688532354493,0.5857696225543545
20260331-Fukuoka_SoftBank_Hawks-Tohoku_Rakuten_Golden_Eagles,2026-03-31 16:00:00,away,0.5320256906119498,0.5200186965185398,0.03185032456563647,0.02945333245836604,0.43612398482241366,0.4505279710230943
20260331-Hiroshima_Toyo_Carp-Tokyo_Yakult_Swallows,2026-03-31 18:00:00,home,0.3859098968078883,0.3814226755818562,0.02317388711016061,0.02505322813375238,0.5909162160819511,0.5935240962843914
20260331-Orix_Buffaloes-Saitama_Seibu_Lions,2026-03-31 18:00:00,home,0.479486179272834,0.4071358455364739,0.030386281934081483,0.0337710899288095,0.49012753879308457,0.5590930645347166
20260331-Yokohama_DeNA_BayStars-Hanshin_Tigers,2026-03-31 18:00:00,home,0.41959167042508194,0.44223596734068865,0.026514803487050036,0.028487035831786495,0.553893526087868,0.5292769968275248
20260331-Yomiuri_Giants-Chunichi_Dragons,2026-03-31 18:15:00,away,0.475807162799356,0.46364915292392406,0.027383163238703163,0.029229564063670627,0.49680967396194087,0.5071212830124053
20260331-Chiba_Lotte_Marines-Hokkaido_Nippon-Ham_Fighters,2026-03-31 18:30:00,home,0.3926524696182439,0.37694947112998106,0.025602452373765662,0.025604152497577363,0.5817450780079904,0.5974463763724415
20260401-Fukuoka_SoftBank_Hawks-Tohoku_Rakuten_Golden_Eagles,2026-04-01 13:00:00,away,0.5319990554203047,0.524573035936434,0.03237361416860811,0.029727220007308854,0.43562733041108725,0.44569974405625706
20260401-Orix_Buffaloes-Saitama_Seibu_Lions,2026-04-01 18:00:00,away,0.470044364626289,0.4914847745986459,0.0290358643967052,0.02986146564535278,0.5009197709770058,0.4786537597560013
20260401-Yokohama_DeNA_BayStars-Hanshin_Tigers,2026-04-01 18:00:00,away,0.4128335434601922,0.440962738177593,0.025898444765711303,0.025933109213440147,0.5612680117740965,0.5331041526089668
20260401-Yomiuri_Giants-Chunichi_Dragons,2026-04-01 18:00:00,away,0.47907085942181077,0.47581384204975957,0.028360746831071863,0.029688756526753173,0.4925683937471175,0.49449740142348714
20260401-Chiba_Lotte_Marines-Hokkaido_Nippon-Ham_Fighters,2026-04-01 18:30:00,away,0.3745950374647916,0.3620127575377398,0.025063415488796217,0.02689283775341242,0.6003415470464122,0.6110944047088478
20260402-Fukuoka_SoftBank_Hawks-Tohoku_Rakuten_Golden_Eagles,2026-04-02 13:00:00,home,0.5353803923520051,0.5243949078609502,0.03300993745414591,0.030453359322090357,0.43160967019384916,0.4451517328169594
20260402-Orix_Buffaloes-Saitama_Seibu_Lions,2026-04-02 13:00:00,away,0.4815244316098536,0.5256644405279832,0.029489121543059906,0.028303259778684243,0.4889864468470864,0.44603229969333247
20260402-Chiba_Lotte_Marines-Hokkaido_Nippon-Ham_Fighters,2026-04-02 18:00:00,home,0.3848112658011244,0.4151101030091078,0.025840271342415816,0.028956919730148918,0.5893484628564598,0.5559329772607433
20260402-Hiroshima_Toyo_Carp-Tokyo_Yakult_Swallows,2026-04-02 18:00:00,home,0.3727551931378682,0.38571194192934194,0.022748870814230694,0.024326011346907355,0.6044959360479011,0.5899620467237507
20260402-Yokohama_DeNA_BayStars-Hanshin_Tigers,2026-04-02 18:00:00,home,0.4336744058112009,0.47066907206608716,0.026259103748104588,0.028102929632706223,0.5400664904406944,0.5012279983012067
20260402-Yomiuri_Giants-Chunichi_Dragons,2026-04-02 18:00:00,home,0.4893583019823636,0.42766475247222197,0.02864317698262439,0.029121047485432053,0.48199852103501195,0.543214200042346
20260403-Chunichi_Dragons-Tokyo_Yakult_Swallows,2026-04-03 18:00:00,away,0.38886039537205835,0.37304494131472654,0.022680014162359922,0.0235472625060684,0.5884595904655817,0.6034077961792051
20260403-Fukuoka_SoftBank_Hawks-Chiba_Lotte_Marines,2026-04-03 18:00:00,home,0.5370335658258109,0.5621045037773227,0.029708789278061698,0.02404638471945775,0.43325764489612745,0.4138491115032195
20260403-Hanshin_Tigers-Hiroshima_Toyo_Carp,2026-04-03 18:00:00,away,0.5395207138005149,0.5936997701786374,0.03035955106620633,0.029592201874729194,0.4301197351332788,0.37670802794663344
20260403-Orix_Buffaloes-Hokkaido_Nippon-Ham_Fighters,2026-04-03 18:00:00,home,0.386538027236646,0.3233928326231381,0.026354844549966505,0.02817736464453382,0.5871071282133876,0.6484298027323281
20260403-Tohoku_Rakuten_Golden_Eagles-Saitama_Seibu_Lions,2026-04-03 18:00:00,away,0.4728122584845956,0.48968373555556677,0.027346617856352114,0.02685327272059914,0.4998411236590522,0.4834629917238341
20260403-Yokohama_DeNA_BayStars-Yomiuri_Giants,2026-04-03 18:00:00,away,0.4903684307511283,0.4884555963738367,0.02721030917265631,0.026236231038856788,0.48242126007621533,0.4853081725873064
20260404-Chunichi_Dragons-Tokyo_Yakult_Swallows,2026-04-04 14:00:00,home,0.4000167354436678,0.4163164020112042,0.02330392648797618,0.02532158020840913,0.5766793380683561,0.5583620177803866
20260404-Fukuoka_SoftBank_Hawks-Chiba_Lotte_Marines,2026-04-04 14:00:00,away,0.520147821747953,0.5121457137496086,0.02957077021763036,0.023088356020561782,0.4502814080344166,0.4647659302298296
20260404-Hanshin_Tigers-Hiroshima_Toyo_Carp,2026-04-04 14:00:00,away,0.5390207727180478,0.4973119959343361,0.031424448664426126,0.03257939066969158,0.429554778617526,0.47010861339597226
20260404-Orix_Buffaloes-Hokkaido_Nippon-Ham_Fighters,2026-04-04 14:00:00,home,0.37474709786282584,0.43010875755780253,0.0250660704346426,0.025696526594935307,0.6001868317025315,0.5441947158472622
20260404-Tohoku_Rakuten_Golden_Eagles-Saitama_Seibu_Lions,2026-04-04 14:00:00,away,0.4780675569785574,0.540187069824076,0.028429322916173866,0.02556584444367703,0.49350312010526864,0.43424708573224696
20260404-Yokohama_DeNA_BayStars-Yomiuri_Giants,2026-04-04 14:00:00,home,0.49916024052851193,0.460861378825878,0.027814593439785873,0.027821952054074842,0.4730251660317021,0.5113166691200471
20260405-Fukuoka_SoftBank_Hawks-Chiba_Lotte_Marines,2026-04-05 13:00:00,away,0.5227187429340291,0.5260071590332028,0.03020028856208879,0.02934838918229624,0.44708096850388207,0.4446444517845009
20260405-Orix_Buffaloes-Hokkaido_Nippon-Ham_Fighters,2026-04-05 13:00:00,home,0.37127312902731463,0.3960845323463501,0.024418578195967756,0.02549343188004073,0.6043082927767176,0.5784220357736092
20260405-Chunichi_Dragons-Tokyo_Yakult_Swallows,2026-04-05 13:30:00,home,0.39546222503851275,0.39267794827222596,0.022746442862759873,0.022431032684671656,0.5817913320987274,0.5848910190431024
20260405-Hanshin_Tigers-Hiroshima_Toyo_Carp,2026-04-05 14:00:00,home,0.5385316523466805,0.5415784587621761,0.03226335262443755,0.027799938286514787,0.429204995028882,0.43062160295130913
20260405-Tohoku_Rakuten_Golden_Eagles-Saitama_Seibu_Lions,2026-04-05 14:00:00,draw,0.4900415299584628,0.4348757474320903,0.02858678937556219,0.02801681784468394,0.481371680665975,0.5371074347232259
20260405-Yokohama_DeNA_BayStars-Yomiuri_Giants,2026-04-05 14:00:00,home,0.482941105818803,0.5405579837762551,0.027083227687210276,0.028043069263057576,0.48997566649398655,0.43139894696068737
20260407-Saitama_Seibu_Lions-Fukuoka_SoftBank_Hawks,2026-04-07 14:00:00,away,0.35554013227215436,0.4188950137726542,0.021314666776631224,0.022221969556593286,0.6231452009512145,0.5588830166707525
20260407-Chiba_Lotte_Marines-Orix_Buffaloes,2026-04-07 18:00:00,home,0.4354962534825076,0.49508548984947137,0.027052853476525304,0.024474318765527706,0.537450893040967,0.480440191385001
20260407-Chunichi_Dragons-Yokohama_DeNA_BayStars,2026-04-07 18:00:00,home,0.3829134573769885,0.3943841487981502,0.025637657953046615,0.026237856163995748,0.5914488846699648,0.5793779950378541
20260407-Hokkaido_Nippon-Ham_Fighters-Tohoku_Rakuten_Golden_Eagles,2026-04-07 18:00:00,home,0.532343060452873,0.57787109532859,0.0298946120896362,0.027280852120914943,0.4377623274574907,0.39484805255049493
20260407-Tokyo_Yakult_Swallows-Hanshin_Tigers,2026-04-07 18:00:00,home,0.4279741275469439,0.39989694531915176,0.027992902646541792,0.03165777266876607,0.5440329698065144,0.5684452820120822
20260407-Yomiuri_Giants-Hiroshima_Toyo_Carp,2026-04-07 18:00:00,home,0.4935323061325284,0.5202122488985326,0.029726891032115267,0.02755138406110846,0.4767408028353562,0.4522363670403589
20260408-Chiba_Lotte_Marines-Orix_Buffaloes,2026-04-08 18:00:00,home,0.42359048442885033,0.4117734708458177,0.02695740507885481,0.025586835494096457,0.5494521104922948,0.5626396936600857
20260408-Chunichi_Dragons-Yokohama_DeNA_BayStars,2026-04-08 18:00:00,away,0.37655929137237076,0.38138214136045134,0.025213623098161313,0.024603554378893493,0.5982270855294679,0.5940143042606553
20260408-Hokkaido_Nippon-Ham_Fighters-Tohoku_Rakuten_Golden_Eagles,2026-04-08 18:00:00,away,0.5222429167800303,0.5495409664574394,0.029334758695355696,0.026564442998194812,0.448422324524614,0.4238945905443657
20260408-Saitama_Seibu_Lions-Fukuoka_SoftBank_Hawks,2026-04-08 18:00:00,away,0.356997534709557,0.36469521448970016,0.022074948729389005,0.023476316004946943,0.6209275165610539,0.6118284695053529
20260408-Tokyo_Yakult_Swallows-Hanshin_Tigers,2026-04-08 18:00:00,away,0.4125006364892865,0.4282968138448861,0.02706024135719314,0.02911304994097547,0.5604391221535204,0.5425901362141383
20260408-Yomiuri_Giants-Hiroshima_Toyo_Carp,2026-04-08 18:00:00,away,0.48158033628125324,0.4442098742705212,0.02908330030198703,0.031152047587983758,0.4893363634167598,0.524638078141495
20260409-Chiba_Lotte_Marines-Orix_Buffaloes,2026-04-09 18:00:00,home,0.4120974103142544,0.38958275161723194,0.02559612879185885,0.027759850643772035,0.5623064608938868,0.5826573977389962
20260409-Hokkaido_Nippon-Ham_Fighters-Tohoku_Rakuten_Golden_Eagles,2026-04-09 18:00:00,away,0.530552581981026,0.4966830535428782,0.029245045312732237,0.028858816229939275,0.44020237270624174,0.4744581302271825
20260409-Saitama_Seibu_Lions-Fukuoka_SoftBank_Hawks,2026-04-09 18:00:00,home,0.3610325308018304,0.37311693589248873,0.02300254374090388,0.023088427233762903,0.6159649254572658,0.6037946368737483
20260409-Tokyo_Yakult_Swallows-Hanshin_Tigers,2026-04-09 18:00:00,home,0.422856418188308,0.44196656551061586,0.027252311995117844,0.028184471086483687,0.5498912698165742,0.5298489634029003
20260410-Chiba_Lotte_Marines-Saitama_Seibu_Lions,2026-04-10 18:00:00,away,0.4525162123513214,0.4653861531566082,0.027728650175166916,0.02868955623014435,0.5197551374735118,0.5059242906132474
20260410-Hanshin_Tigers-Chunichi_Dragons,2026-04-10 18:00:00,away,0.5256709599067595,0.5534031944068154,0.028996643825974788,0.025919177946061307,0.4453323962672656,0.4206776276471233
20260410-Tokyo_Yakult_Swallows-Yomiuri_Giants,2026-04-10 18:00:00,home,0.4658402504772468,0.4433066156535676,0.02811661245304664,0.030241759662776237,0.5060431370697065,0.5264516246836561
20260411-Fukuoka_SoftBank_Hawks-Hokkaido_Nippon-Ham_Fighters,2026-04-11 14:00:00,away,0.4248955014779287,0.44663534635647156,0.026777557859199493,0.024648111002961805,0.5483269406628718,0.5287165426405667
20260411-Hanshin_Tigers-Chunichi_Dragons,2026-04-11 14:00:00,away,0.531767016701286,0.4883200097589815,0.030227501754822757,0.028000467854429216,0.43800548154389124,0.48367952238658934
20260411-Hiroshima_Toyo_Carp-Yokohama_DeNA_BayStars,2026-04-11 14:00:00,home,0.3741282706217806,0.3700749360418755,0.025087846397028303,0.025738278356655844,0.6007838829811911,0.6041867856014687
20260411-Orix_Buffaloes-Tohoku_Rakuten_Golden_Eagles,2026-04-11 14:00:00,home,0.46163419251473525,0.49712293088030823,0.02768114896935446,0.030514230040200742,0.5106846585159104,0.47236283907949117
20260411-Chiba_Lotte_Marines-Saitama_Seibu_Lions,2026-04-11 17:00:00,home,0.46859087153847284,0.49954345367056785,0.027846349465742614,0.028188490488048248,0.5035627789957846,0.472268055841384
20260411-Tokyo_Yakult_Swallows-Yomiuri_Giants,2026-04-11 18:00:00,away,0.458058305235925,0.4541824914335392,0.028703195329902485,0.029305368168760327,0.5132384994341724,0.5165121403977004
20260412-Chiba_Lotte_Marines-Saitama_Seibu_Lions,2026-04-12 13:00:00,home,0.4618993898649545,0.4464456211454059,0.026836130805606487,0.019290955361727244,0.5112644793294391,0.5342634234928668
20260412-Fukuoka_SoftBank_Hawks-Hokkaido_Nippon-Ham_Fighters,2026-04-12 13:00:00,away,0.4322032633736528,0.48114786616142063,0.028074045160228676,0.022173131176948777,0.5397226914661185,0.49667900266163056
20260412-Orix_Buffaloes-Tohoku_Rakuten_Golden_Eagles,2026-04-12 13:00:00,home,0.44283281562895255,0.427532096530955,0.026435939653735786,0.029713753099792937,0.5307312447173116,0.5427541503692521
20260412-Hanshin_Tigers-Chunichi_Dragons,2026-04-12 13:30:00,away,0.54069104455397,0.526030421354234,0.030993663579159007,0.03138183521746915,0.42831529186687095,0.442587743428297
20260412-Hiroshima_Toyo_Carp-Yokohama_DeNA_BayStars,2026-04-12 14:00:00,home,0.3766271341022501,0.3374472434817651,0.024657674196636056,0.02460115553798733,0.5987151917011138,0.6379516009802475
20260412-Tokyo_Yakult_Swallows-Yomiuri_Giants,2026-04-12 14:00:00,away,0.4612586434243195,0.4428320373386523,0.028736306650929813,0.030261190036247516,0.5100050499247507,0.5269067726251002
20260414-Hiroshima_Toyo_Carp-Chunichi_Dragons,2026-04-14 18:00:00,home,0.43568962866255706,0.4441494605581789,0.026775882123680556,0.02558997290268631,0.5375344892137625,0.5302605665391347
20260414-Hokkaido_Nippon-Ham_Fighters-Chiba_Lotte_Marines,2026-04-14 18:00:00,away,0.5489984833628978,0.5474862258143022,0.029779808156017985,0.03134639717047961,0.4212217084810841,0.4211673770152182
20260414-Saitama_Seibu_Lions-Orix_Buffaloes,2026-04-14 18:00:00,home,0.41343972208951313,0.4930627068917265,0.026495369397062537,0.024055365211933064,0.5600649085134243,0.4828819278963403
20260414-Tohoku_Rakuten_Golden_Eagles-Fukuoka_SoftBank_Hawks,2026-04-14 18:00:00,away,0.3837733318373882,0.40240155870830285,0.02382013648143913,0.02523843364857391,0.5924065316811726,0.5723600076431232
20260414-Yokohama_DeNA_BayStars-Tokyo_Yakult_Swallows,2026-04-14 18:00:00,home,0.45168542425402786,0.4652939407685046,0.024425729933544835,0.026063462219892718,0.5238888458124273,0.5086425970116027
20260414-Yomiuri_Giants-Hanshin_Tigers,2026-04-14 18:00:00,away,0.37524950786545636,0.3330595537775303,0.02445676663758767,0.030350093688517158,0.6002937254969559,0.6365903525339525
20260415-Hiroshima_Toyo_Carp-Chunichi_Dragons,2026-04-15 18:00:00,away,0.4176230841258906,0.48209173845196285,0.026419849987007686,0.026861175470255176,0.5559570658871017,0.4910470860777819
20260415-Hokkaido_Nippon-Ham_Fighters-Chiba_Lotte_Marines,2026-04-15 18:00:00,home,0.555018308386453,0.5239415297355677,0.030310668722695625,0.030228998386635213,0.41467102289085134,0.44582947187779715
20260415-Saitama_Seibu_Lions-Orix_Buffaloes,2026-04-15 18:00:00,home,0.4075485936338506,0.4373390034619376,0.025731429841787723,0.02595965894973009,0.5667199765243617,0.5367013375883324
20260415-Tohoku_Rakuten_Golden_Eagles-Fukuoka_SoftBank_Hawks,2026-04-15 18:00:00,away,0.38693944019859494,0.46434985598356865,0.024897784778135753,0.025343488966134683,0.5881627750232693,0.5103066550502967
20260416-Hokkaido_Nippon-Ham_Fighters-Chiba_Lotte_Marines,2026-04-16 18:00:00,home,0.5438826733158793,0.5974231349656435,0.02975170748193035,0.0277263183845521,0.42636561920219024,0.3748505466498044
20260416-Saitama_Seibu_Lions-Orix_Buffaloes,2026-04-16 18:00:00,home,0.40637569499043547,0.48448190213220144,0.02534656810261833,0.025484271164781268,0.5682777369069462,0.4900338267030172
20260416-Tohoku_Rakuten_Golden_Eagles-Fukuoka_SoftBank_Hawks,2026-04-16 18:00:00,home,0.3980081895030928,0.4053123750541239,0.02560840707184108,0.024638020058776886,0.5763834034250662,0.5700496048870992
20260416-Yokohama_DeNA_BayStars-Tokyo_Yakult_Swallows,2026-04-16 18:00:00,home,0.44222446087382977,0.4497666508848107,0.02407392866361538,0.025850624136540525,0.5337016104625548,0.5243827249786488
20260416-Yomiuri_Giants-Hanshin_Tigers,2026-04-16 18:00:00,away,0.38287704890051355,0.3948789186587909,0.02523755627130763,0.027954138872272407,0.5918853948281787,0.5771669424689367
20260417-Chiba_Lotte_Marines-Tohoku_Rakuten_Golden_Eagles,2026-04-17 18:00:00,home,0.40902721823147514,0.5318913186635459,0.024406751565626796,0.024236450977696715,0.5665660302028981,0.4438722303587573
20260417-Chunichi_Dragons-Hanshin_Tigers,2026-04-17 18:00:00,home,0.3582498174269082,0.3680185290040123,0.02350467850550799,0.025158070887160072,0.6182455040675837,0.6068234001088276
20260417-Orix_Buffaloes-Fukuoka_SoftBank_Hawks,2026-04-17 18:00:00,away,0.3863388484863543,0.32649314132364005,0.024209178182325,0.02521715579352054,0.5894519733313206,0.6482897028828395
20260417-Saitama_Seibu_Lions-Hokkaido_Nippon-Ham_Fighters,2026-04-17 18:00:00,away,0.3450057967167561,0.29429594144542925,0.023439562376042743,0.027204898134316882,0.6315546409072011,0.6784991604202538
20260417-Yokohama_DeNA_BayStars-Hiroshima_Toyo_Carp,2026-04-17 18:00:00,away,0.5181428758862897,0.5021765445640565,0.0267416112709254,0.025732398420660087,0.45511551284278484,0.47209105701528353
20260417-Yomiuri_Giants-Tokyo_Yakult_Swallows,2026-04-17 18:00:00,away,0.4207747180226111,0.4314659682708986,0.025072559103830844,0.025577804573631627,0.554152722873558,0.5429562271554699
20260418-Chiba_Lotte_Marines-Tohoku_Rakuten_Golden_Eagles,2026-04-18 14:00:00,home,0.40704440372504536,0.404400133969158,0.02381988770584024,0.025916035578789236,0.5691357085691144,0.5696838304520528
20260418-Chunichi_Dragons-Hanshin_Tigers,2026-04-18 14:00:00,home,0.3676082273917021,0.39109797991451944,0.022005149122232764,0.0226951045734244,0.6103866234860652,0.5862069155120561
20260418-Saitama_Seibu_Lions-Hokkaido_Nippon-Ham_Fighters,2026-04-18 14:00:00,home,0.35220968008759934,0.3064255071538933,0.02451217612370523,0.028151687222025084,0.6232781437886954,0.6654228056240817
20260418-Yokohama_DeNA_BayStars-Hiroshima_Toyo_Carp,2026-04-18 14:00:00,away,0.5272060888618157,0.5002937366832891,0.028597264486164668,0.027267778934330796,0.44419664665201963,0.47243848438238
20260418-Orix_Buffaloes-Fukuoka_SoftBank_Hawks,2026-04-18 18:00:00,home,0.4153924480675633,0.3962401670232176,0.025363938430859226,0.027850514751001598,0.5592436135015774,0.5759093182257806
20260418-Yomiuri_Giants-Tokyo_Yakult_Swallows,2026-04-18 18:00:00,home,0.44961387919380696,0.4468144813991065,0.025507670363963456,0.026069225381815334,0.5248784504422296,0.5271162932190782
20260419-Orix_Buffaloes-Fukuoka_SoftBank_Hawks,2026-04-19 13:00:00,away,0.3931540072206748,0.38312879146099826,0.024774550193203532,0.029232026030642986,0.5820714425861216,0.5876391825083588
20260419-Saitama_Seibu_Lions-Hokkaido_Nippon-Ham_Fighters,2026-04-19 13:00:00,away,0.34698933597987636,0.42269679363368584,0.024355710650869458,0.02595705128514195,0.6286549533692543,0.5513461550811721
20260419-Yokohama_DeNA_BayStars-Hiroshima_Toyo_Carp,2026-04-19 13:30:00,away,0.5384912952247423,0.5448281001305362,0.028686871856435647,0.029600295906907416,0.4328218329188221,0.42557160396255644
20260419-Chunichi_Dragons-Hanshin_Tigers,2026-04-19 14:00:00,home,0.37726530799484603,0.38496909921636424,0.02148201124569975,0.02247657818287627,0.6012526807594542,0.5925543226007595
20260419-Chiba_Lotte_Marines-Tohoku_Rakuten_Golden_Eagles,2026-04-19 16:00:00,away,0.3859097820106828,0.4686888715449847,0.02332010362042034,0.023295200523403108,0.5907701143688968,0.5080159279316122
20260419-Yomiuri_Giants-Tokyo_Yakult_Swallows,2026-04-19 18:00:00,home,0.4496309839233279,0.435185737874861,0.024609586677737622,0.024194737512507804,0.5257594293989345,0.5406195246126312
20260421-Hanshin_Tigers-Yokohama_DeNA_BayStars,2026-04-21 17:45:00,home,0.46181806071439263,0.5370082351141107,0.030174921374854523,0.02559748445675684,0.5080070179107529,0.43739428042913253
20260421-Chunichi_Dragons-Yomiuri_Giants,2026-04-21 18:00:00,home,0.4019097325868461,0.4063036540744038,0.023232313836836303,0.0248085240027517,0.5748579535763176,0.5688878219228446
20260421-Fukuoka_SoftBank_Hawks-Saitama_Seibu_Lions,2026-04-21 18:00:00,home,0.5419132132790436,0.5110133264836734,0.02967329977799075,0.028642711729268376,0.4284134869429656,0.4603439617870582
20260421-Orix_Buffaloes-Chiba_Lotte_Marines,2026-04-21 18:00:00,home,0.48410640435920527,0.4721965622210438,0.029807099336485864,0.02959371238008004,0.48608649630430883,0.49820972539887604
20260421-Tohoku_Rakuten_Golden_Eagles-Hokkaido_Nippon-Ham_Fighters,2026-04-21 18:00:00,home,0.4256024064628214,0.4210986149039129,0.028605619505530974,0.030865021523602106,0.5457919740316476,0.548036363572485
20260421-Tokyo_Yakult_Swallows-Hiroshima_Toyo_Carp,2026-04-21 18:00:00,home,0.5208861955208164,0.5388005058126092,0.03276742927267393,0.030557070641753635,0.4463463752065098,0.43064242354563714
20260422-Hanshin_Tigers-Yokohama_DeNA_BayStars,2026-04-22 17:45:00,home,0.4382553627938209,0.4699661510104717,0.02907764747683597,0.02784450337303976,0.5326669897293431,0.5021893456164885
20260422-Chunichi_Dragons-Yomiuri_Giants,2026-04-22 18:00:00,home,0.40493272815448134,0.4172258367771798,0.022844344006710926,0.021021208616770124,0.5722229278388078,0.5617529546060501
20260422-Fukuoka_SoftBank_Hawks-Saitama_Seibu_Lions,2026-04-22 18:00:00,home,0.5303627344861687,0.45623403246045624,0.02850369323862853,0.02771130527419061,0.4411335722752029,0.5160546622653531
20260422-Orix_Buffaloes-Chiba_Lotte_Marines,2026-04-22 18:00:00,away,0.47638483908849527,0.4478699145958082,0.029829243376742823,0.029141194649514597,0.49378591753476175,0.5229888907546772
20260422-Tohoku_Rakuten_Golden_Eagles-Hokkaido_Nippon-Ham_Fighters,2026-04-22 18:00:00,home,0.4189342877149119,0.4589540650014011,0.0274106601942038,0.027540199529569584,0.5536550520908843,0.5135057354690292
20260422-Tokyo_Yakult_Swallows-Hiroshima_Toyo_Carp,2026-04-22 18:00:00,away,0.5149040823939297,0.5510082475114281,0.03141977958512118,0.030160445656899793,0.4536761380209491,0.4188313068316722
20260423-Fukuoka_SoftBank_Hawks-Saitama_Seibu_Lions,2026-04-23 18:00:00,away,0.5194141138075133,0.5474657415635665,0.028027030844443346,0.028424476890161098,0.4525588553480433,0.4241097815462723
20260423-Tohoku_Rakuten_Golden_Eagles-Hokkaido_Nippon-Ham_Fighters,2026-04-23 18:00:00,away,0.4179261555571642,0.417548647381096,0.02691229255354679,0.027180737048893674,0.5551615518892891,0.5552706155700103
20260423-Tokyo_Yakult_Swallows-Hiroshima_Toyo_Carp,2026-04-23 18:00:00,away,0.5207808489876153,0.515627644666533,0.0314251987371135,0.029689287027454405,0.4477939522752712,0.4546830683060126
20260424-Hokkaido_Nippon-Ham_Fighters-Orix_Buffaloes,2026-04-24 18:00:00,home,0.45916151685041834,0.43487373038560573,0.025435714622326435,0.02469642875483001,0.5154027685272552,0.5404298408595644
20260424-Tokyo_Yakult_Swallows-Chunichi_Dragons,2026-04-24 18:00:00,home,0.5056386679919249,0.5025219773473237,0.03194861976942536,0.029623566522998152,0.46241271223864977,0.4678544561296782
20260424-Yomiuri_Giants-Yokohama_DeNA_BayStars,2026-04-24 18:00:00,home,0.4161183496118497,0.4186327605421476,0.02718952523520514,0.025498472454983368,0.5566921251529451,0.5558687670028689
20260425-Chiba_Lotte_Marines-Fukuoka_SoftBank_Hawks,2026-04-25 13:00:00,away,0.3623449055598385,0.41581535289221533,0.024645701078048116,0.02690837300016932,0.6130093933621134,0.5572762741076154
20260425-Hiroshima_Toyo_Carp-Hanshin_Tigers,2026-04-25 14:00:00,draw,0.3588651177638129,0.36501893562371635,0.022029171773631732,0.024415972631357374,0.6191057104625554,0.6105650917449263
20260425-Hokkaido_Nippon-Ham_Fighters-Orix_Buffaloes,2026-04-25 14:00:00,home,0.44754243540181854,0.4973044279886249,0.025885428347440436,0.02561809109057341,0.526572136250741,0.4770774809208017
20260425-Saitama_Seibu_Lions-Tohoku_Rakuten_Golden_Eagles,2026-04-25 14:00:00,away,0.42776472145317623,0.39911540551569896,0.02497773292989349,0.025198645060113788,0.5472575456169303,0.5756859494241873
20260425-Tokyo_Yakult_Swallows-Chunichi_Dragons,2026-04-25 14:00:00,home,0.49994538632360574,0.44336266101098887,0.0322582522433521,0.031079900543843905,0.4677963614330421,0.5255574384451673
20260425-Yomiuri_Giants-Yokohama_DeNA_BayStars,2026-04-25 14:00:00,away,0.4130369490343444,0.42549334597437144,0.02663938229944702,0.025597896382616173,0.5603236686662085,0.5489087576430124
20260426-Hokkaido_Nippon-Ham_Fighters-Orix_Buffaloes,2026-04-26 13:00:00,home,0.44141475607498143,0.37553129464856033,0.0253111540793707,0.025793825654964294,0.5332740898456478,0.5986748796964755
20260426-Saitama_Seibu_Lions-Tohoku_Rakuten_Golden_Eagles,2026-04-26 13:00:00,away,0.4408109536443633,0.4941307158985046,0.02563647874279317,0.02819171261596993,0.5335525676128435,0.4776775714855255
20260426-Tokyo_Yakult_Swallows-Chunichi_Dragons,2026-04-26 13:30:00,home,0.4891098787402484,0.49561539502629864,0.0311374014328095,0.028225284744972934,0.4797527198269421,0.4761593202287284
20260426-Hiroshima_Toyo_Carp-Hanshin_Tigers,2026-04-26 14:00:00,home,0.36728338700035834,0.43062691736798586,0.023180204808437764,0.026153320007411683,0.6095364081912039,0.5432197626246025
20260426-Yomiuri_Giants-Yokohama_DeNA_BayStars,2026-04-26 14:00:00,away,0.4332218031793364,0.4513786226836863,0.027751596577824944,0.023153998661165267,0.5390266002428387,0.5254673786551484
20260428-Hokkaido_Nippon-Ham_Fighters-Saitama_Seibu_Lions,2026-04-28 13:00:00,away,0.4586225166117904,0.5391596174634602,0.025900152598746194,0.022922699090080774,0.5154773307894635,0.4379176834464591
20260428-Fukuoka_SoftBank_Hawks-Orix_Buffaloes,2026-04-28 18:00:00,away,0.4695427503917199,0.4613928796224522,0.026894618852078056,0.02427865951227671,0.503562630756202,0.5143284608652712
20260428-Hanshin_Tigers-Tokyo_Yakult_Swallows,2026-04-28 18:00:00,home,0.4731392087781167,0.4979131497920319,0.027643847547703323,0.024931747360158563,0.49921694367418,0.47715510284780954
20260428-Hiroshima_Toyo_Carp-Yomiuri_Giants,2026-04-28 18:00:00,away,0.37479855834850107,0.3673425655377178,0.022696567430927513,0.02372281078209478,0.6025048742205713,0.6089346236801875
20260428-Tohoku_Rakuten_Golden_Eagles-Chiba_Lotte_Marines,2026-04-28 18:00:00,home,0.44945166875897463,0.4781839725034451,0.027801514535614497,0.03053516093360195,0.5227468167054109,0.49128086656295283
20260428-Yokohama_DeNA_BayStars-Chunichi_Dragons,2026-04-28 18:00:00,home,0.49680599312500434,0.5306707367866538,0.02960644042050791,0.02731839806905928,0.4735875664544878,0.442010865144287
20260429-Fukuoka_SoftBank_Hawks-Orix_Buffaloes,2026-04-29 14:00:00,home,0.4906458097070398,0.44321567965942904,0.02648137746836471,0.027434947666619813,0.4828728128245954,0.5293493726739511
20260429-Hanshin_Tigers-Tokyo_Yakult_Swallows,2026-04-29 14:00:00,away,0.4568520646991803,0.48014807545392224,0.02694600676027523,0.02837046293093039,0.5162019285405444,0.4914814616151474
20260429-Hokkaido_Nippon-Ham_Fighters-Saitama_Seibu_Lions,2026-04-29 14:00:00,home,0.4650501591689045,0.4535149918304771,0.025988779190808713,0.024243415181583235,0.5089610616402868,0.5222415929879397
20260429-Tohoku_Rakuten_Golden_Eagles-Chiba_Lotte_Marines,2026-04-29 14:00:00,home,0.44046075136677865,0.45144990524131057,0.028437727642609215,0.02775766834349307,0.5311015209906121,0.5207924264151963
20260429-Yokohama_DeNA_BayStars-Chunichi_Dragons,2026-04-29 14:00:00,away,0.4843979727096439,0.47835755348538384,0.028849981980555783,0.028934771694074213,0.4867520453098003,0.49270767482054195
20260429-Hiroshima_Toyo_Carp-Yomiuri_Giants,2026-04-29 18:00:00,home,0.40532911567135854,0.3776863359300033,0.023742726540720037,0.02584264159058853,0.5709281577879214,0.5964710224794082
20260430-Hanshin_Tigers-Tokyo_Yakult_Swallows,2026-04-30 18:00:00,away,0.47002963238821366,0.4053160397512355,0.027513973976570686,0.026313975346248956,0.5024563936352155,0.5683699849025156
20260430-Hiroshima_Toyo_Carp-Yomiuri_Giants,2026-04-30 18:00:00,away,0.40635628885378655,0.3566460322110323,0.0234778767611892,0.02579962562235332,0.5701658343850242,0.6175543421666143
20260430-Hokkaido_Nippon-Ham_Fighters-Saitama_Seibu_Lions,2026-04-30 18:00:00,away,0.4589925536350713,0.416832860606316,0.025071932395609148,0.0256687301351585,0.5159355139693196,0.5574984092585255
20260430-Yokohama_DeNA_BayStars-Chunichi_Dragons,2026-04-30 18:00:00,away,0.4883609583936068,0.4810300758407843,0.029420470390664352,0.028810760499952754,0.4822185712157288,0.49015916365926293
20260501-Chunichi_Dragons-Hiroshima_Toyo_Carp,2026-05-01 18:00:00,home,0.4514922644759351,0.4535359960746995,0.026174876109522644,0.02607717819575841,0.5223328594145422,0.5203868257295421
20260501-Orix_Buffaloes-Hokkaido_Nippon-Ham_Fighters,2026-05-01 18:00:00,home,0.46055883881267196,0.46854817080211236,0.031042936235550152,0.029324827459188966,0.5083982249517779,0.5021270017386987
20260501-Saitama_Seibu_Lions-Chiba_Lotte_Marines,2026-05-01 18:00:00,away,0.4384834063161254,0.44273466321215,0.02668196565411654,0.027079195522115754,0.5348346280297581,0.5301861412657342
20260501-Tohoku_Rakuten_Golden_Eagles-Fukuoka_SoftBank_Hawks,2026-05-01 18:00:00,home,0.37804812810535426,0.37537177032474217,0.026055224436679115,0.027328446076002648,0.5958966474579667,0.5972997835992551
20260501-Yokohama_DeNA_BayStars-Tokyo_Yakult_Swallows,2026-05-01 18:00:00,home,0.46510923918155034,0.5113308609733087,0.02777123374731946,0.029616420475116274,0.5071195270711303,0.45905271855157503
20260501-Yomiuri_Giants-Hanshin_Tigers,2026-05-01 18:00:00,away,0.40226279695713096,0.40819229280297453,0.026335518750180444,0.026281927417218923,0.5714016842926886,0.5655257797798064
20260502-Chunichi_Dragons-Hiroshima_Toyo_Carp,2026-05-02 14:00:00,away,0.4394904005570208,0.4481151439079715,0.02566450854211259,0.02551092383902901,0.5348450909008666,0.5263739322529994
20260502-Orix_Buffaloes-Hokkaido_Nippon-Ham_Fighters,2026-05-02 14:00:00,away,0.4453120682943166,0.4177642253306914,0.028989263646325675,0.0287204622542423,0.5256986680593577,0.5535153124150664
20260502-Saitama_Seibu_Lions-Chiba_Lotte_Marines,2026-05-02 14:00:00,away,0.46435618694215597,0.474111040703016,0.029092589504305804,0.027873557646468722,0.5065512235535382,0.49801540165051533
20260502-Tohoku_Rakuten_Golden_Eagles-Fukuoka_SoftBank_Hawks,2026-05-02 14:00:00,home,0.3809728953936952,0.35881893639914303,0.025201033976232412,0.02608938242633706,0.5938260706300724,0.6150916811745198
20260502-Yomiuri_Giants-Hanshin_Tigers,2026-05-02 14:00:00,home,0.4120083049648824,0.383064903753826,0.02699433402263959,0.025494959483168583,0.560997361012478,0.5914401367630054
20260502-Yokohama_DeNA_BayStars-Tokyo_Yakult_Swallows,2026-05-02 18:00:00,home,0.4408937836631874,0.47398894133552527,0.026133351711759407,0.025319770560158276,0.5329728646250531,0.5006912881043165
20260503-Orix_Buffaloes-Hokkaido_Nippon-Ham_Fighters,2026-05-03 13:00:00,home,0.4462183295219641,0.4485438353495708,0.030185617441655887,0.02901310884559007,0.52359605303638,0.5224430558048392
20260503-Tohoku_Rakuten_Golden_Eagles-Fukuoka_SoftBank_Hawks,2026-05-03 13:00:00,away,0.3713559505489903,0.4144872449824982,0.02464458125255348,0.02634209422942159,0.6039994681984563,0.5591706607880802
20260503-Saitama_Seibu_Lions-Chiba_Lotte_Marines,2026-05-03 14:00:00,home,0.47707460031727283,0.5226933979766559,0.029204494797313504,0.029111479100962782,0.49372090488541365,0.44819512292238134
20260503-Yomiuri_Giants-Hanshin_Tigers,2026-05-03 14:00:00,home,0.41339878696955806,0.40523457372485855,0.02613828938739629,0.027065055364851928,0.5604629236430456,0.5677003709102897
20260503-Yokohama_DeNA_BayStars-Tokyo_Yakult_Swallows,2026-05-03 18:00:00,away,0.4297437961312822,0.48278769298065366,0.026057214649721768,0.029744604279576807,0.5441989892189961,0.48746770273976964
20260504-Hanshin_Tigers-Chunichi_Dragons,2026-05-04 14:30:00,home,0.5196301087070142,0.44556980754078523,0.029058520059988224,0.027963816803072455,0.4513113712329976,0.5264663756561423
20260504-Hiroshima_Toyo_Carp-Yokohama_DeNA_BayStars,2026-05-04 15:00:00,home,0.39359100642528044,0.41098547572528327,0.025905467497990716,0.023551905619055836,0.5805035260767288,0.5654626186556609
20260504-Chiba_Lotte_Marines-Orix_Buffaloes,2026-05-04 18:00:00,home,0.42446238749285076,0.411117729642643,0.024818730218711223,0.025704033754388962,0.550718882288438,0.5631782366029681
20260504-Fukuoka_SoftBank_Hawks-Saitama_Seibu_Lions,2026-05-04 18:00:00,home,0.501984945886819,0.5063167041160773,0.02677560118774263,0.024007669366484567,0.47123945292543845,0.4696756265174381
20260504-Hokkaido_Nippon-Ham_Fighters-Tohoku_Rakuten_Golden_Eagles,2026-05-04 18:00:00,home,0.471234691074144,0.48656807704727395,0.026578469795074992,0.024402007127809797,0.502186839130781,0.4890299158249161
20260504-Tokyo_Yakult_Swallows-Yomiuri_Giants,2026-05-04 18:00:00,away,0.4459670565471792,0.45507230494652867,0.02650676514303416,0.02909028871668429,0.5275261783097865,0.515837406336787
20260505-Chiba_Lotte_Marines-Orix_Buffaloes,2026-05-05 14:00:00,home,0.4168656767519502,0.45661462286051396,0.024634184941015554,0.023011006409259228,0.5585001383070343,0.5203743707302269
20260505-Fukuoka_SoftBank_Hawks-Saitama_Seibu_Lions,2026-05-05 14:00:00,away,0.4745563724298035,0.49085332007795124,0.025946936267331307,0.0236904478055919,0.49949669130286534,0.485456232116457
20260505-Hanshin_Tigers-Chunichi_Dragons,2026-05-05 14:00:00,home,0.5006810688613852,0.4712416748290988,0.029540308052154927,0.029496466549689595,0.46977862308645996,0.49926185862121153
20260505-Hiroshima_Toyo_Carp-Yokohama_DeNA_BayStars,2026-05-05 14:00:00,draw,0.3920444815736984,0.3592534798032766,0.02425418661630049,0.02642901098969369,0.5837013318100011,0.6143175092070297
20260505-Hokkaido_Nippon-Ham_Fighters-Tohoku_Rakuten_Golden_Eagles,2026-05-05 14:00:00,home,0.4617731901637142,0.46901734075216284,0.026110285125725198,0.026119515362953896,0.5121165247105606,0.5048631438848833
20260505-Tokyo_Yakult_Swallows-Yomiuri_Giants,2026-05-05 14:00:00,home,0.4523495733266562,0.5079786124765328,0.02760397838658334,0.027053682856992393,0.5200464482867605,0.4649677046664749
20260506-Chiba_Lotte_Marines-Orix_Buffaloes,2026-05-06 13:00:00,home,0.40419578073285767,0.4102886395140409,0.024468416260830538,0.02564646253610687,0.5713358030063118,0.5640648979498524
20260506-Fukuoka_SoftBank_Hawks-Saitama_Seibu_Lions,2026-05-06 13:00:00,home,0.47689063604298393,0.3970324890664027,0.026845087168088113,0.02588250048621524,0.496264276788928,0.5770850104473821
20260506-Hanshin_Tigers-Chunichi_Dragons,2026-05-06 14:00:00,away,0.4839244602874471,0.5045572790515671,0.02866734995697629,0.029418861067350786,0.48740818975557654,0.4660238598810821
20260506-Hiroshima_Toyo_Carp-Yokohama_DeNA_BayStars,2026-05-06 14:00:00,away,0.40216588158914524,0.4625240020911929,0.023995447563048382,0.02520833946065881,0.5738386708478063,0.5122676584481484
20260506-Hokkaido_Nippon-Ham_Fighters-Tohoku_Rakuten_Golden_Eagles,2026-05-06 14:00:00,away,0.4555603676526535,0.46997367471696194,0.025759981825782485,0.026198344815684258,0.518679650521564,0.5038279804673538
20260506-Tokyo_Yakult_Swallows-Yomiuri_Giants,2026-05-06 14:00:00,away,0.4455640958287149,0.4608682718931682,0.02703099197037017,0.025718549290241224,0.527404912200915,0.5134131788165907
20260508-Chiba_Lotte_Marines-Fukuoka_SoftBank_Hawks,2026-05-08 18:00:00,home,0.3930264527598806,0.4032267736135157,0.026056288897275667,0.02384850813807363,0.5809172583428438,0.5729247182484106
20260508-Hokkaido_Nippon-Ham_Fighters-Orix_Buffaloes,2026-05-08 18:00:00,home,0.4459161059082378,0.4356694368693357,0.023994574773662923,0.024815625877718395,0.5300893193180993,0.539514937252946
20260508-Tohoku_Rakuten_Golden_Eagles-Saitama_Seibu_Lions,2026-05-08 18:00:00,home,0.40987061662454366,0.37751430770640965,0.02551384788887367,0.02532621852443009,0.5646155354865826,0.5971594737691603
20260508-Tokyo_Yakult_Swallows-Hiroshima_Toyo_Carp,2026-05-08 18:00:00,away,0.48214131047926806,0.49439084733926664,0.02913436894338549,0.025830881043079918,0.48872432057734644,0.47977827161765346
20260508-Yokohama_DeNA_BayStars-Hanshin_Tigers,2026-05-08 18:00:00,away,0.4169628390113927,0.4381742927463598,0.025976219285437717,0.02589479616562994,0.5570609417031696,0.5359309110880102
20260508-Yomiuri_Giants-Chunichi_Dragons,2026-05-08 18:00:00,home,0.45901539379136513,0.4915313355416326,0.02814540019098534,0.025468911464461896,0.5128392060176494,0.48299975299390546
20260509-Chiba_Lotte_Marines-Fukuoka_SoftBank_Hawks,2026-05-09 14:00:00,away,0.39170164670566004,0.3826009556485381,0.025590673246528778,0.024467035896461896,0.5827076800478111,0.5929320084549999
20260509-Hokkaido_Nippon-Ham_Fighters-Orix_Buffaloes,2026-05-09 14:00:00,away,0.4406779586449153,0.40347812499950964,0.023645327027947905,0.026127091394697967,0.5356767143271367,0.5703947836057924
20260509-Tohoku_Rakuten_Golden_Eagles-Saitama_Seibu_Lions,2026-05-09 14:00:00,home,0.40754852478804393,0.3686286502673617,0.02453121899840262,0.024320392983866297,0.5679202562135535,0.6070509567487721
20260509-Tokyo_Yakult_Swallows-Hiroshima_Toyo_Carp,2026-05-09 14:00:00,away,0.4954161164219543,0.4804003950616163,0.02934914207768324,0.02527980459608983,0.47523474150036243,0.4943198003422939
20260509-Yokohama_DeNA_BayStars-Hanshin_Tigers,2026-05-09 14:00:00,away,0.4490068094604742,0.4756726358065582,0.0271781038594276,0.026520584999563106,0.5238150866800982,0.49780677919387867
20260509-Yomiuri_Giants-Chunichi_Dragons,2026-05-09 14:00:00,home,0.43387261553292567,0.4077930781538625,0.02696194573072484,0.02652631164245915,0.5391654387363495,0.5656806102036783
20260510-Hokkaido_Nippon-Ham_Fighters-Orix_Buffaloes,2026-05-10 13:00:00,away,0.4502146965497783,0.4472671626534424,0.02469523755034839,0.024323446494025614,0.5250900658998733,0.5284093908525319
20260510-Tokyo_Yakult_Swallows-Hiroshima_Toyo_Carp,2026-05-10 13:30:00,home,0.5107423287794172,0.49235652736189556,0.029432326212179036,0.02761468769504131,0.4598253450084037,0.48002878494306295
20260510-Yomiuri_Giants-Chunichi_Dragons,2026-05-10 13:30:00,away,0.43131050493570394,0.3819118251547633,0.026043091464384372,0.027658994152457542,0.5426464035999117,0.5904291806927792
20260510-Chiba_Lotte_Marines-Fukuoka_SoftBank_Hawks,2026-05-10 14:00:00,home,0.39771190446669474,0.4502279754588475,0.026498972731738023,0.026392626139603897,0.5757891228015671,0.5233793984015486
20260510-Tohoku_Rakuten_Golden_Eagles-Saitama_Seibu_Lions,2026-05-10 14:00:00,home,0.405216952643475,0.40936438327690106,0.023629554180258534,0.023856200073000426,0.5711534931762665,0.5667794166500985
20260510-Yokohama_DeNA_BayStars-Hanshin_Tigers,2026-05-10 14:00:00,home,0.45281860402967455,0.4075366143134796,0.02829160897396667,0.033994815689661895,0.5188897869963587,0.5584685699968585
20260512-Chunichi_Dragons-Yokohama_DeNA_BayStars,2026-05-12 18:00:00,home,0.42089712803332885,0.3933021971273886,0.025568159826585925,0.027103049378533278,0.5535347121400852,0.579594753494078
20260512-Hanshin_Tigers-Tokyo_Yakult_Swallows,2026-05-12 18:00:00,away,0.4398367624154641,0.4025251197655777,0.026143236907483224,0.023535703871020563,0.5340200006770527,0.5739391763634016
20260512-Hiroshima_Toyo_Carp-Yomiuri_Giants,2026-05-12 18:00:00,home,0.4250265182180831,0.4390869147415909,0.026378680648477662,0.03136183822094218,0.5485948011334392,0.5295512470374669
20260512-Hokkaido_Nippon-Ham_Fighters-Chiba_Lotte_Marines,2026-05-12 18:00:00,away,0.5039041968234569,0.4659084972975845,0.028543047135695398,0.026381141412806237,0.4675527560408477,0.5077103612896092
20260512-Orix_Buffaloes-Tohoku_Rakuten_Golden_Eagles,2026-05-12 18:00:00,away,0.47992240152409943,0.4710021383590534,0.031043651390947502,0.0318441969675551,0.48903394708495296,0.4971536646733914
20260512-Saitama_Seibu_Lions-Fukuoka_SoftBank_Hawks,2026-05-12 18:00:00,away,0.4475999098858328,0.43854834239435436,0.029646901029054044,0.029998398273501172,0.5227531890851131,0.5314532593321444
20260513-Chunichi_Dragons-Yokohama_DeNA_BayStars,2026-05-13 18:00:00,home,0.4128005628991894,0.45820344497174836,0.025449225854006295,0.023196081406114077,0.5617502112468042,0.5186004736221377
20260513-Hanshin_Tigers-Tokyo_Yakult_Swallows,2026-05-13 18:00:00,home,0.4596999400209987,0.4720636852948938,0.027530448720328057,0.02767156942446431,0.5127696112586734,0.5002647452806419
20260513-Hiroshima_Toyo_Carp-Yomiuri_Giants,2026-05-13 18:00:00,home,0.42281772789904015,0.44447885965775885,0.02586462680008689,0.02587259512935283,0.5513176453008729,0.5296485452128883
20260513-Hokkaido_Nippon-Ham_Fighters-Chiba_Lotte_Marines,2026-05-13 18:00:00,away,0.5113615097919294,0.5372516541046823,0.02861256757259055,0.024058475091422275,0.46002592263548003,0.4386898708038953
20260513-Saitama_Seibu_Lions-Fukuoka_SoftBank_Hawks,2026-05-13 18:00:00,away,0.4661419701191533,0.4790042736362255,0.03004036656821393,0.02892973792656535,0.5038176633126328,0.4920659884372092
20260514-Orix_Buffaloes-Tohoku_Rakuten_Golden_Eagles,2026-05-14 13:00:00,home,0.4843935647796838,0.5302556092050279,0.0310586846076281,0.03130889262170155,0.48454775061268807,0.43843549817327054
20260514-Chunichi_Dragons-Yokohama_DeNA_BayStars,2026-05-14 18:00:00,draw,0.3992679816640043,0.3881175407847775,0.025058707198667467,0.027266124438166135,0.5756733111373282,0.5846163347770563
20260514-Hokkaido_Nippon-Ham_Fighters-Chiba_Lotte_Marines,2026-05-14 18:00:00,home,0.5208089444343691,0.5559323397812908,0.02988475987226786,0.02617163202643464,0.44930629569336306,0.41789602819227456
20260515-Fukuoka_SoftBank_Hawks-Tohoku_Rakuten_Golden_Eagles,2026-05-15 13:00:00,home,0.4699788195016457,0.4350917417614144,0.029189126380786384,0.02947102500655794,0.5008320541175679,0.5354372332320276
20260515-Hiroshima_Toyo_Carp-Hanshin_Tigers,2026-05-15 18:00:00,away,0.39396057064630846,0.47120128768450886,0.025017506507753355,0.02684247611612628,0.5810219228459381,0.5019562361993649
20260515-Orix_Buffaloes-Chiba_Lotte_Marines,2026-05-15 18:00:00,home,0.48117999427529246,0.47192936133042984,0.029790722931983486,0.028972881303090028,0.489029282792724,0.4990977573664802
20260515-Saitama_Seibu_Lions-Hokkaido_Nippon-Ham_Fighters,2026-05-15 18:00:00,away,0.4475356939416211,0.489297447507738,0.03049346066146632,0.029525463975245265,0.5219708453969125,0.4811770885170166
20260515-Tokyo_Yakult_Swallows-Chunichi_Dragons,2026-05-15 18:00:00,away,0.49386167736030434,0.4423485495101154,0.02878912916629331,0.029583343211678697,0.4773491934734023,0.5280681072782059
20260515-Yokohama_DeNA_BayStars-Yomiuri_Giants,2026-05-15 18:00:00,home,0.4761346926329822,0.4477799912545883,0.026559485443825352,0.028285172318197778,0.49730582192319256,0.523934836427214
20260516-Fukuoka_SoftBank_Hawks-Tohoku_Rakuten_Golden_Eagles,2026-05-16 13:00:00,home,0.46052475729790254,0.4497825302459028,0.027997362200420945,0.02896645130351486,0.5114778805016765,0.5212510184505822
20260516-Hiroshima_Toyo_Carp-Hanshin_Tigers,2026-05-16 14:00:00,home,0.4007781695067101,0.3952038127622926,0.0261060275224423,0.027562760250531674,0.5731158029708475,0.5772334269871757
20260516-Orix_Buffaloes-Chiba_Lotte_Marines,2026-05-16 14:00:00,home,0.47083840793014575,0.45576071642824156,0.029256158103013845,0.032754646559834164,0.4999054339668404,0.5114846370119241
20260516-Saitama_Seibu_Lions-Hokkaido_Nippon-Ham_Fighters,2026-05-16 14:00:00,home,0.4500663383312538,0.5171895586183572,0.02979651997303231,0.025830217437261833,0.5201371416957139,0.4569802239443809
20260516-Tokyo_Yakult_Swallows-Chunichi_Dragons,2026-05-16 14:00:00,home,0.5022727743050139,0.4664646084831259,0.02801477221413574,0.026631604150748358,0.4697124534808504,0.5069037873661257
20260516-Yokohama_DeNA_BayStars-Yomiuri_Giants,2026-05-16 14:00:00,home,0.46620197315548606,0.4295443184300469,0.02690750167581624,0.030022019143065147,0.5068905251686977,0.540433662426888
20260517-Fukuoka_SoftBank_Hawks-Tohoku_Rakuten_Golden_Eagles,2026-05-17 13:00:00,away,0.4563290335996789,0.4592590626072487,0.0268524109126016,0.027084579431914956,0.5168185554877195,0.5136563579608363
20260517-Saitama_Seibu_Lions-Hokkaido_Nippon-Ham_Fighters,2026-05-17 13:00:00,away,0.44935267330807943,0.46535117897087797,0.028865362281204978,0.027670449348811132,0.5217819644107157,0.5069783716803109
20260517-Tokyo_Yakult_Swallows-Chunichi_Dragons,2026-05-17 13:30:00,away,0.48172619651045523,0.477827810734466,0.02670547537875537,0.026350757105335312,0.4915683281107895,0.4958214321601988
20260517-Hiroshima_Toyo_Carp-Hanshin_Tigers,2026-05-17 14:00:00,away,0.3931696209068503,0.38123485875744917,0.025801734025778712,0.0285031033620768,0.5810286450673711,0.590262037880474
20260517-Orix_Buffaloes-Chiba_Lotte_Marines,2026-05-17 14:00:00,home,0.4633899999905462,0.457940118781346,0.027993551746360854,0.028725825317111136,0.5086164482630929,0.5133340559015428
20260517-Yokohama_DeNA_BayStars-Yomiuri_Giants,2026-05-17 14:00:00,home,0.45906579369561823,0.46315821876720986,0.026491191977007167,0.029240645458403564,0.5144430143273746,0.5076011357743866
20260519-Chiba_Lotte_Marines-Saitama_Seibu_Lions,2026-05-19 18:00:00,home,0.389251300798188,0.4211336511781891,0.023857880786840428,0.022646213541685774,0.5868908184149715,0.5562201352801251
20260519-Chunichi_Dragons-Hanshin_Tigers,2026-05-19 18:00:00,home,0.39615226328590925,0.4565353277751672,0.026338835019477026,0.03037769719261039,0.5775089016946138,0.5130869750322226
20260519-Fukuoka_SoftBank_Hawks-Orix_Buffaloes,2026-05-19 18:00:00,home,0.46286134894116243,0.48667671736740226,0.025323486124403372,0.02619445826933019,0.5118151649344342,0.48712882436326765
20260519-Tohoku_Rakuten_Golden_Eagles-Hokkaido_Nippon-Ham_Fighters,2026-05-19 18:00:00,home,0.4078542230257112,0.4449392173512035,0.02468705613801055,0.02290921382953474,0.5674587208362781,0.5321515688192617
20260519-Yokohama_DeNA_BayStars-Hiroshima_Toyo_Carp,2026-05-19 18:00:00,home,0.4849706207784011,0.47027664035333616,0.02736759757277792,0.02585571742236542,0.487661781648821,0.5038676422242985
20260519-Yomiuri_Giants-Tokyo_Yakult_Swallows,2026-05-19 18:00:00,away,0.43266538277191385,0.4127156378211095,0.02758729108216717,0.027051310053384608,0.5397473261459189,0.5602330521255059
20260520-Chiba_Lotte_Marines-Saitama_Seibu_Lions,2026-05-20 18:00:00,away,0.3944324812246633,0.3977705949290393,0.02320470880937381,0.021922388520226387,0.5823628099659629,0.5803070165507344
20260520-Chunichi_Dragons-Hanshin_Tigers,2026-05-20 18:00:00,home,0.3995973969040942,0.4207782711699359,0.025475441209650042,0.028284771938117133,0.5749271618862559,0.5509369568919471
20260520-Fukuoka_SoftBank_Hawks-Orix_Buffaloes,2026-05-20 18:00:00,home,0.4516577314096614,0.41434506905331087,0.025249506994340986,0.027846877462486003,0.5230927615959976,0.5578080534842031
20260520-Tohoku_Rakuten_Golden_Eagles-Hokkaido_Nippon-Ham_Fighters,2026-05-20 18:00:00,home,0.3981418406900123,0.3664761616193325,0.02406071187855021,0.024314649597391467,0.5777974474314375,0.6092091887832761
20260520-Yokohama_DeNA_BayStars-Hiroshima_Toyo_Carp,2026-05-20 18:00:00,away,0.47552591676972383,0.4731998648828141,0.026896199014019084,0.02987691172610343,0.49757788421625715,0.49692322339108236
20260521-Yokohama_DeNA_BayStars-Hiroshima_Toyo_Carp,2026-05-21 18:00:00,home,0.4807007376988559,0.48815279870768774,0.027472689391075895,0.02807618244160947,0.49182657291006815,0.4837710188507027
20260521-Yomiuri_Giants-Tokyo_Yakult_Swallows,2026-05-21 18:00:00,home,0.44213102451525466,0.41673404405370573,0.02813889620583711,0.028880479734702324,0.5297300792789083,0.554385476211592
20260522-Chiba_Lotte_Marines-Tohoku_Rakuten_Golden_Eagles,2026-05-22 18:00:00,away,0.45916694550420595,0.4772198676847189,0.029188277813818202,0.027891595568511916,0.5116447766819758,0.49488853674676914
20260522-Hanshin_Tigers-Yomiuri_Giants,2026-05-22 18:00:00,away,0.4594411374468543,0.4569641546984887,0.028359041698048763,0.02950236803279888,0.512199820855097,0.5135334772687123
20260522-Hiroshima_Toyo_Carp-Chunichi_Dragons,2026-05-22 18:00:00,home,0.4575739917865819,0.4951927073407842,0.026681715623570426,0.02990836615536112,0.5157442925898477,0.47489892650385473
20260522-Hokkaido_Nippon-Ham_Fighters-Fukuoka_SoftBank_Hawks,2026-05-22 18:00:00,home,0.4784637097176865,0.5035437133827799,0.029900363122759843,0.02663030539528173,0.4916359271595538,0.4698259812219383
20260522-Orix_Buffaloes-Saitama_Seibu_Lions,2026-05-22 18:00:00,away,0.41714719736472466,0.3931679222422982,0.024954766790897347,0.02837832705136928,0.557898035844378,0.5784537507063325
20260523-Chiba_Lotte_Marines-Tohoku_Rakuten_Golden_Eagles,2026-05-23 14:00:00,away,0.46937453564020215,0.41503881117440045,0.029136243564221,0.02653152375154971,0.5014892207955768,0.5584296650740498
20260523-Hiroshima_Toyo_Carp-Chunichi_Dragons,2026-05-23 14:00:00,away,0.4368866563985702,0.3835108089687821,0.0274581876708585,0.02914905756310726,0.5356551559305712,0.5873401334681106
20260523-Hokkaido_Nippon-Ham_Fighters-Fukuoka_SoftBank_Hawks,2026-05-23 14:00:00,home,0.4496602520798229,0.46817120202168455,0.02871527011116334,0.026337439495694902,0.5216244778090138,0.5054913584826205
20260523-Orix_Buffaloes-Saitama_Seibu_Lions,2026-05-23 14:00:00,home,0.4340532920433222,0.423437924306933,0.02579010299857156,0.027629218677927555,0.5401566049581062,0.5489328570151394
20260523-Tokyo_Yakult_Swallows-Yokohama_DeNA_BayStars,2026-05-23 14:00:00,away,0.4554112619540973,0.42009526598741614,0.02734731331493936,0.028397710914263942,0.5172414247309634,0.5515070230983199
20260523-Hanshin_Tigers-Yomiuri_Giants,2026-05-23 18:00:00,away,0.47427106909564865,0.4190274939341309,0.02781955783931329,0.032100034736735714,0.49790937306503813,0.5488724713291334
20260524-Chiba_Lotte_Marines-Tohoku_Rakuten_Golden_Eagles,2026-05-24 13:00:00,home,0.4789894169965552,0.4846381043996922,0.02926332077917548,0.0293095173426424,0.49174726222426934,0.48605237825766534
20260524-Orix_Buffaloes-Saitama_Seibu_Lions,2026-05-24 13:00:00,home,0.42845017063074015,0.4165994920173294,0.024901947732966636,0.02593713102024343,0.5466478816362933,0.5574633769624272
20260524-Hiroshima_Toyo_Carp-Chunichi_Dragons,2026-05-24 13:30:00,away,0.44053505128212306,0.4297772289757823,0.02807550133029614,0.029826413806272826,0.5313894473875809,0.5403963572179449
20260524-Hanshin_Tigers-Yomiuri_Giants,2026-05-24 14:00:00,away,0.4811716507373205,0.5218969899746416,0.02842069507162527,0.02474609786880111,0.4904076541910541,0.4533569121565574
20260524-Hokkaido_Nippon-Ham_Fighters-Fukuoka_SoftBank_Hawks,2026-05-24 14:00:00,home,0.4213526028675099,0.4346004682499787,0.027494065409016052,0.02878990333658961,0.551153331723474,0.5366096284134316
20260524-Tokyo_Yakult_Swallows-Yokohama_DeNA_BayStars,2026-05-24 14:00:00,home,0.4677786948852984,0.41852569601986184,0.02855495062997385,0.025586310455699632,0.5036663544847277,0.5558879935244385
20260526-Orix_Buffaloes-Yokohama_DeNA_BayStars,2026-05-26 17:45:00,away,0.48744045140852577,0.4595642023215366,0.028445710849395338,0.02985314595639033,0.4841138377420789,0.5105826517220731
20260526-Chiba_Lotte_Marines-Hiroshima_Toyo_Carp,2026-05-26 18:00:00,away,0.500469694305233,0.5134434094391895,0.026598441869130223,0.024454770914010913,0.47293186382563673,0.4621018196467996
20260526-Fukuoka_SoftBank_Hawks-Yomiuri_Giants,2026-05-26 18:00:00,away,0.5101788045204307,0.5332062533284745,0.02735138415285341,0.026126197520338422,0.4624698113267159,0.440667549151187
20260526-Hokkaido_Nippon-Ham_Fighters-Hanshin_Tigers,2026-05-26 18:00:00,away,0.43868183766913244,0.46999655062132695,0.02560311770753443,0.025956634842654005,0.5357150446233331,0.5040468145360191
20260526-Saitama_Seibu_Lions-Tokyo_Yakult_Swallows,2026-05-26 18:00:00,away,0.498727130155188,0.49590364206494053,0.029367695771461613,0.03087631885485056,0.4719051740733505,0.473220039080209
20260526-Tohoku_Rakuten_Golden_Eagles-Chunichi_Dragons,2026-05-26 18:00:00,home,0.47854682450504493,0.49039585851610606,0.027176657152193594,0.02352718724242186,0.4942765183427614,0.4860769542414721
20260527-Orix_Buffaloes-Yokohama_DeNA_BayStars,2026-05-27 17:45:00,away,0.5042748288898714,0.45668655494828003,0.02846682073049444,0.027481199832550176,0.46725835037963415,0.5158322452191698
20260527-Chiba_Lotte_Marines-Hiroshima_Toyo_Carp,2026-05-27 18:00:00,away,0.5044099838025965,0.45917850151208,0.0277195940434547,0.02859137027673215,0.4678704221539488,0.5122301282111879
20260527-Fukuoka_SoftBank_Hawks-Yomiuri_Giants,2026-05-27 18:00:00,home,0.5229887438093586,0.4972460263461397,0.028062456874728785,0.0278471426858061,0.4489487993159126,0.4749068309680542
20260527-Hokkaido_Nippon-Ham_Fighters-Hanshin_Tigers,2026-05-27 18:00:00,away,0.45807968439541685,0.4280729955286571,0.02635680414970304,0.024954056223105214,0.5155635114548801,0.5469729482482377
20260527-Saitama_Seibu_Lions-Tokyo_Yakult_Swallows,2026-05-27 18:00:00,draw,0.5006626388639651,0.44960568078228336,0.029922891899707746,0.033092513899221396,0.4694144692363271,0.5173018053184952
20260527-Tohoku_Rakuten_Golden_Eagles-Chunichi_Dragons,2026-05-27 18:00:00,home,0.46895106584158414,0.41846413267439486,0.026576440486514356,0.029234183965354647,0.5044724936719015,0.5523016833602504
20260528-Orix_Buffaloes-Yokohama_DeNA_BayStars,2026-05-28 17:45:00,home,0.5138244896329971,0.5014117244620097,0.029038401490142293,0.025249015743758645,0.4571371088768606,0.4733392597942317
20260528-Chiba_Lotte_Marines-Hiroshima_Toyo_Carp,2026-05-28 18:00:00,away,0.5010839220305717,0.515915569438226,0.028641474674185097,0.0272730455651791,0.47027460329524307,0.4568113849965949
20260528-Fukuoka_SoftBank_Hawks-Yomiuri_Giants,2026-05-28 18:00:00,away,0.5056160135462527,0.4712412865407934,0.027328940317117054,0.025487850124074694,0.4670550461366303,0.5032708633351319
20260528-Hokkaido_Nippon-Ham_Fighters-Hanshin_Tigers,2026-05-28 18:00:00,away,0.46821541553894896,0.4517798211400176,0.027135205036441134,0.025741997895792425,0.5046493794246099,0.52247818096419
20260528-Saitama_Seibu_Lions-Tokyo_Yakult_Swallows,2026-05-28 18:00:00,away,0.49377519303807205,0.49040368099889814,0.029160252385714222,0.0283058906919284,0.4770645545762137,0.48129042830917357
20260528-Tohoku_Rakuten_Golden_Eagles-Chunichi_Dragons,2026-05-28 18:00:00,home,0.45087661501755605,0.4176457809478641,0.02572280317675048,0.0288388558326533,0.5234005818056935,0.5535153632194827
20260529-Chunichi_Dragons-Orix_Buffaloes,2026-05-29 18:00:00,away,0.38064884844981794,0.4473342200622774,0.024745478532133786,0.02306591394633777,0.5946056730180483,0.5295998659913848
20260529-Hanshin_Tigers-Chiba_Lotte_Marines,2026-05-29 18:00:00,away,0.43432318444873286,0.4966426199120046,0.02651620003576776,0.029385077308620618,0.5391606155154993,0.4739723027793748
20260529-Hiroshima_Toyo_Carp-Fukuoka_SoftBank_Hawks,2026-05-29 18:00:00,home,0.36083830471877276,0.4411227399080745,0.02542511622532174,0.027907562670095976,0.6137365790559055,0.5309696974218295
20260529-Tokyo_Yakult_Swallows-Tohoku_Rakuten_Golden_Eagles,2026-05-29 18:00:00,away,0.46330302436069415,0.5235592609331124,0.029029065757801977,0.027346458241541933,0.5076679098815038,0.44909428082534564
20260529-Yokohama_DeNA_BayStars-Saitama_Seibu_Lions,2026-05-29 18:00:00,home,0.3722859052663898,0.3911878477328897,0.023072394264710333,0.024137290018896515,0.6046417004688999,0.5846748622482137
20260529-Yomiuri_Giants-Hokkaido_Nippon-Ham_Fighters,2026-05-29 18:00:00,away,0.38576842391844707,0.41921778656698994,0.024854070771911107,0.02716260968725263,0.5893775053096417,0.5536196037457574
20260530-Chunichi_Dragons-Orix_Buffaloes,2026-05-30 14:00:00,home,0.40105865627930065,0.4749400492852546,0.0252996664963895,0.02567604877354647,0.5736416772243098,0.49938390194119897
20260530-Hanshin_Tigers-Chiba_Lotte_Marines,2026-05-30 14:00:00,away,0.4473267153680006,0.4481823541723836,0.026706263893400497,0.027922030267054813,0.5259670207385989,0.5238956155605616
20260530-Hiroshima_Toyo_Carp-Fukuoka_SoftBank_Hawks,2026-05-30 14:00:00,home,0.35657982710984826,0.3680148003393834,0.02499274563500548,0.025142442006734777,0.6184274272551463,0.6068427576538818
20260530-Tokyo_Yakult_Swallows-Tohoku_Rakuten_Golden_Eagles,2026-05-30 14:00:00,away,0.48091451781477357,0.43374917734287677,0.029985309214789615,0.02966943450168003,0.4891001729704368,0.5365813881554432
20260530-Yokohama_DeNA_BayStars-Saitama_Seibu_Lions,2026-05-30 14:00:00,home,0.35895759514550396,0.3708039165769418,0.021907845112353885,0.024041466775875573,0.6191345597421422,0.6051546166471826
20260530-Yomiuri_Giants-Hokkaido_Nippon-Ham_Fighters,2026-05-30 14:00:00,away,0.3982343468199014,0.46212812237259165,0.025569163970923313,0.026165906375430124,0.5761964892091752,0.5117059712519781
20260531-Chunichi_Dragons-Orix_Buffaloes,2026-05-31 13:00:00,home,0.396431708886457,0.45614376510678906,0.024844461622086443,0.023031037670673993,0.5787238294914565,0.5208251972225371
20260531-Hanshin_Tigers-Chiba_Lotte_Marines,2026-05-31 13:00:00,home,0.4537144571461806,0.5760280617136856,0.027298145780936662,0.023768052030062995,0.5189873970728828,0.40020388625625136
20260531-Hiroshima_Toyo_Carp-Fukuoka_SoftBank_Hawks,2026-05-31 13:00:00,home,0.3556106118261339,0.3830036203423715,0.02424425509936173,0.029554754476735313,0.6201451330745045,0.5874416251808932
20260531-Tokyo_Yakult_Swallows-Tohoku_Rakuten_Golden_Eagles,2026-05-31 13:00:00,away,0.48231833085097714,0.49441511930334653,0.031289996082999205,0.028959769332415123,0.48639167306602366,0.47662511136423824
20260531-Yomiuri_Giants-Hokkaido_Nippon-Ham_Fighters,2026-05-31 13:00:00,home,0.4117148054078555,0.4267539735350969,0.026349451831333096,0.026158139089204606,0.5619357427608115,0.5470878873756984
20260531-Yokohama_DeNA_BayStars-Saitama_Seibu_Lions,2026-05-31 14:00:00,away,0.3541233009260565,0.3613358705170933,0.02156596946056241,0.025132767483821438,0.624310729613381,0.6135313619990853
20260602-Chiba_Lotte_Marines-Tokyo_Yakult_Swallows,2026-06-02 18:00:00,away,0.45204930550978,0.4611407197915217,0.026956060266770596,0.027323542141629003,0.5209946342234494,0.5115357380668493
20260602-Fukuoka_SoftBank_Hawks-Chunichi_Dragons,2026-06-02 18:00:00,away,0.5234730562444337,0.5085907841531347,0.028966027217323265,0.02706258229992877,0.44756091653824304,0.4643466335469365
20260602-Orix_Buffaloes-Yomiuri_Giants,2026-06-02 18:00:00,home,0.49870135237577373,0.5219516571141614,0.028177858336868387,0.02969003721867665,0.4731207892873579,0.448358305667162
20260602-Tohoku_Rakuten_Golden_Eagles-Yokohama_DeNA_BayStars,2026-06-02 18:00:00,away,0.4267569829346385,0.4396636756475493,0.023979127903694292,0.023947012541834924,0.5492638891616671,0.5363893118106158
20260603-Chiba_Lotte_Marines-Tokyo_Yakult_Swallows,2026-06-03 18:00:00,home,0.46835474409740346,0.4394404285566336,0.02782566924700264,0.029840144089307758,0.5038195866555939,0.5307194273540586
20260603-Fukuoka_SoftBank_Hawks-Chunichi_Dragons,2026-06-03 18:00:00,away,0.5298512627843018,0.5296290836251665,0.030188521003299242,0.03137199336673208,0.43996021621239895,0.4389989230081014
20260603-Hokkaido_Nippon-Ham_Fighters-Hiroshima_Toyo_Carp,2026-06-03 18:00:00,home,0.5143465696482927,0.5160888826251671,0.029262036177513297,0.026188635525054307,0.4563913941741939,0.4577224818497786
20260603-Orix_Buffaloes-Yomiuri_Giants,2026-06-03 18:00:00,home,0.4944516096147412,0.4800727472029637,0.027118914888540867,0.027902733151918616,0.47842947549671805,0.49202451964511773
20260603-Saitama_Seibu_Lions-Hanshin_Tigers,2026-06-03 18:00:00,away,0.4927586214064182,0.5078063628389017,0.029848552862581267,0.02711744557314083,0.47739282573100056,0.46507619158795754
20260603-Tohoku_Rakuten_Golden_Eagles-Yokohama_DeNA_BayStars,2026-06-03 18:00:00,away,0.4486685358010875,0.40325107033901125,0.02539834614807513,0.023869003956309486,0.5259331180508373,0.5728799257046793
20260604-Chiba_Lotte_Marines-Tokyo_Yakult_Swallows,2026-06-04 18:00:00,away,0.46401392136957476,0.4594659365635785,0.027390901844562648,0.030302701299034916,0.5085951767858625,0.5102313621373866
20260604-Fukuoka_SoftBank_Hawks-Chunichi_Dragons,2026-06-04 18:00:00,away,0.533814715750501,0.46088539890511043,0.030858342563238467,0.029742703606633315,0.43532694168626046,0.5093718974882562
20260604-Hokkaido_Nippon-Ham_Fighters-Hiroshima_Toyo_Carp,2026-06-04 18:00:00,away,0.5005869290325484,0.4780589750348962,0.028624375122239233,0.030525035481108617,0.4707886958452124,0.4914159894839952
20260604-Orix_Buffaloes-Yomiuri_Giants,2026-06-04 18:00:00,home,0.4912230952043212,0.49491712183495484,0.026081233110238945,0.024530623421434538,0.48269567168543986,0.48055225474361063
20260604-Saitama_Seibu_Lions-Hanshin_Tigers,2026-06-04 18:00:00,away,0.4901329768259597,0.5404758706182016,0.030415524473969353,0.02809233223851291,0.4794514987000709,0.4314317971432856
20260604-Tohoku_Rakuten_Golden_Eagles-Yokohama_DeNA_BayStars,2026-06-04 18:00:00,home,0.4531044247982511,0.4570825137396939,0.026400877734907506,0.026136222811235562,0.5204946974668415,0.5167812634490706
20260605-Chiba_Lotte_Marines-Yomiuri_Giants,2026-06-05 18:00:00,home,0.47304138201312523,0.4469684727196278,0.027509743962228345,0.02624015788408364,0.4994488740246464,0.5267913693962886
20260605-Fukuoka_SoftBank_Hawks-Yokohama_DeNA_BayStars,2026-06-05 18:00:00,home,0.5335211370315216,0.4974958039436077,0.030642910579426065,0.030976766235141017,0.43583595238905243,0.4715274298212514
20260605-Hokkaido_Nippon-Ham_Fighters-Tokyo_Yakult_Swallows,2026-06-05 18:00:00,away,0.46796231759189055,0.4402625800017862,0.027235721591305457,0.02681970025070556,0.504801960816804,0.5329177197475083
20260605-Orix_Buffaloes-Hiroshima_Toyo_Carp,2026-06-05 18:00:00,draw,0.528452370141078,0.5136311639140013,0.027958867894469185,0.026448206865563147,0.4435887619644528,0.4599206292204356
20260605-Saitama_Seibu_Lions-Chunichi_Dragons,2026-06-05 18:00:00,home,0.524258907637906,0.502474784391142,0.03291353028600957,0.030454530112065403,0.4428275620760844,0.4670706854967926
20260605-Tohoku_Rakuten_Golden_Eagles-Hanshin_Tigers,2026-06-05 18:00:00,home,0.4122900632026764,0.3317614085172274,0.024037207418715515,0.025489596796984745,0.563672729378608,0.6427489946857877
20260606-Fukuoka_SoftBank_Hawks-Yokohama_DeNA_BayStars,2026-06-06 14:00:00,away,0.5102054178267736,0.5103957087844514,0.02992373806131851,0.030158252283689364,0.45987084411190776,0.45944603893185926
20260606-Hokkaido_Nippon-Ham_Fighters-Tokyo_Yakult_Swallows,2026-06-06 14:00:00,away,0.4779130038314004,0.4186800581378104,0.027845687512650954,0.030710411044298037,0.4942413086559486,0.5506095308178917
20260606-Orix_Buffaloes-Hiroshima_Toyo_Carp,2026-06-06 14:00:00,home,0.5204496322628606,0.47538606717521553,0.028371683590724294,0.03015800683327844,0.4511786841464151,0.494455925991506
20260606-Saitama_Seibu_Lions-Chunichi_Dragons,2026-06-06 14:00:00,away,0.5203489023712663,0.5265492978985942,0.031820474568505765,0.02713627863302009,0.4478306230602278,0.44631442346838557
20260606-Tohoku_Rakuten_Golden_Eagles-Hanshin_Tigers,2026-06-06 14:00:00,home,0.4005384976767226,0.4046233378551426,0.02337632277776732,0.023802149074699887,0.5760851795455102,0.5715745130701575
20260606-Chiba_Lotte_Marines-Yomiuri_Giants,2026-06-06 18:00:00,draw,0.4495669492641805,0.38823779451490015,0.026984797851004733,0.02710896345941813,0.5234482528848148,0.5846532420256817
20260607-Orix_Buffaloes-Hiroshima_Toyo_Carp,2026-06-07 13:30:00,home,0.5129317059926602,0.47575947526163426,0.027230548473958966,0.027788605603747414,0.45983774553338075,0.49645191913461834
20260607-Saitama_Seibu_Lions-Chunichi_Dragons,2026-06-07 13:30:00,away,0.5242777401449766,0.5157740880243299,0.031848706743699134,0.028359931351976325,0.4438735531113241,0.45586598062369377
20260607-Chiba_Lotte_Marines-Yomiuri_Giants,2026-06-07 14:00:00,draw,0.44556502880558796,0.38976353541509123,0.02741054278747382,0.03050429769149814,0.5270244284069382,0.5797321668934106
20260607-Fukuoka_SoftBank_Hawks-Yokohama_DeNA_BayStars,2026-06-07 14:00:00,away,0.5133235793406995,0.4954872229236322,0.031044153629052218,0.02665925588051723,0.45563226703024834,0.47785352119585073
20260607-Hokkaido_Nippon-Ham_Fighters-Tokyo_Yakult_Swallows,2026-06-07 14:00:00,away,0.490576004581647,0.5046951933900956,0.028014228515843873,0.027949102934660342,0.48140976690250903,0.46735570367524415
20260609-Chunichi_Dragons-Chiba_Lotte_Marines,2026-06-09 18:00:00,home,0.41495558045462494,0.40480986952294395,0.023486773556538935,0.026448162928222545,0.5615576459888362,0.5687419675488335
20260609-Hanshin_Tigers-Fukuoka_SoftBank_Hawks,2026-06-09 18:00:00,home,0.4114992786911157,0.45213318927871166,0.026500783732497857,0.024078771572853645,0.5619999375763864,0.5237880391484346
20260609-Hiroshima_Toyo_Carp-Saitama_Seibu_Lions,2026-06-09 18:00:00,home,0.35749939493372485,0.3766545859995685,0.022845287226307492,0.024737394721944795,0.6196553178399676,0.5986080192784866
20260609-Tokyo_Yakult_Swallows-Orix_Buffaloes,2026-06-09 18:00:00,home,0.41118815910264006,0.40028328625049636,0.027199812826773726,0.028070204952499376,0.5616120280705863,0.5716465087970043
20260609-Yokohama_DeNA_BayStars-Hokkaido_Nippon-Ham_Fighters,2026-06-09 18:00:00,home,0.3955834871629949,0.38980080740465545,0.023735520214863873,0.024415861242797147,0.5806809926221412,0.5857833313525473
20260609-Yomiuri_Giants-Tohoku_Rakuten_Golden_Eagles,2026-06-09 18:00:00,away,0.4864635545121437,0.42936069710251173,0.029614960689223913,0.03231214763506965,0.4839214847986323,0.5383271552624186
20260610-Chunichi_Dragons-Chiba_Lotte_Marines,2026-06-10 18:00:00,away,0.4083917423026021,0.45225982738042486,0.023429398761196697,0.022322250158178472,0.5681788589362011,0.5254179224613966
20260610-Hanshin_Tigers-Fukuoka_SoftBank_Hawks,2026-06-10 18:00:00,home,0.3989629315039714,0.36224593783275955,0.02411305340902392,0.026803374396958957,0.5769240150870047,0.6109506877702816
20260610-Hiroshima_Toyo_Carp-Saitama_Seibu_Lions,2026-06-10 18:00:00,home,0.3600993738009348,0.363721097901287,0.02250534144469428,0.02247269935892896,0.6173952847543709,0.6138062027397841
20260610-Tokyo_Yakult_Swallows-Orix_Buffaloes,2026-06-10 18:00:00,home,0.4122011120459256,0.4406584460501484,0.02625276325545704,0.02845535744776502,0.5615461246986173,0.5308861965020866
20260610-Yokohama_DeNA_BayStars-Hokkaido_Nippon-Ham_Fighters,2026-06-10 18:00:00,home,0.3927370343015449,0.4540901929902529,0.0231765502095094,0.024567053870422413,0.5840864154889457,0.5213427531393248
20260610-Yomiuri_Giants-Tohoku_Rakuten_Golden_Eagles,2026-06-10 18:00:00,away,0.49771016150701924,0.5022058063962763,0.03170767306794674,0.032959965837131414,0.4705821654250341,0.4648342277665923
20260611-Chunichi_Dragons-Chiba_Lotte_Marines,2026-06-11 18:00:00,home,0.42920891521823445,0.42889952417027777,0.02433004671355051,0.023130828691790502,0.5464610380682151,0.5479696471379317
20260611-Hanshin_Tigers-Fukuoka_SoftBank_Hawks,2026-06-11 18:00:00,home,0.3928278091167425,0.37766312278728353,0.023532323953510653,0.022337887809607094,0.5836398669297469,0.5999989894031094
20260611-Hiroshima_Toyo_Carp-Saitama_Seibu_Lions,2026-06-11 18:00:00,home,0.35834211141450817,0.34082768520860807,0.022497339033194796,0.02474746407133525,0.6191605495522969,0.6344248507200567
20260611-Tokyo_Yakult_Swallows-Orix_Buffaloes,2026-06-11 18:00:00,home,0.40590270528423966,0.36544341280704573,0.02532447013202193,0.02931845257610392,0.5687728245837385,0.6052381346168504
20260611-Yokohama_DeNA_BayStars-Hokkaido_Nippon-Ham_Fighters,2026-06-11 18:00:00,home,0.3901927529730778,0.38327981813107237,0.022753914393364272,0.027921834346401556,0.587053332633558,0.5887983475225261
20260611-Yomiuri_Giants-Tohoku_Rakuten_Golden_Eagles,2026-06-11 18:00:00,home,0.5113103436179898,0.5205750450582928,0.032519408752365794,0.027094176363539807,0.4561702476296446,0.4523307785781675
20260612-Chunichi_Dragons-Hokkaido_Nippon-Ham_Fighters,2026-06-12 18:00:00,home,0.39275275037383406,0.39257876566566774,0.023317490673498434,0.026729138461333558,0.5839297589526675,0.5806920958729987
20260612-Hanshin_Tigers-Orix_Buffaloes,2026-06-12 18:00:00,home,0.42830648211674627,0.4260916754543604,0.02638535870888644,0.0277406255314472,0.5453081591743673,0.5461676990141924
20260612-Hiroshima_Toyo_Carp-Tohoku_Rakuten_Golden_Eagles,2026-06-12 18:00:00,home,0.4381531977296201,0.48950824456303493,0.028968689801508636,0.0287987813081978,0.5328781124688713,0.48169297412876727
20260612-Tokyo_Yakult_Swallows-Fukuoka_SoftBank_Hawks,2026-06-12 18:00:00,away,0.37248722665455697,0.3490628098530766,0.022216048574200613,0.02301494287851086,0.6052967247712425,0.6279222472684125
20260612-Yokohama_DeNA_BayStars-Chiba_Lotte_Marines,2026-06-12 18:00:00,home,0.4117567045494204,0.4230848385562596,0.0233950450870254,0.021205914804317844,0.5648482503635541,0.5557092466394224
20260612-Yomiuri_Giants-Saitama_Seibu_Lions,2026-06-12 18:00:00,home,0.4005539406372587,0.42170299276230333,0.02383160033856787,0.02294848286725406,0.5756144590241735,0.5553485243704426
20260613-Chunichi_Dragons-Hokkaido_Nippon-Ham_Fighters,2026-06-13 14:00:00,home,0.3930111250011587,0.33961915347830074,0.02287356799051365,0.024463388648830638,0.5841153070083277,0.6359174578728687
20260613-Hiroshima_Toyo_Carp-Tohoku_Rakuten_Golden_Eagles,2026-06-13 14:00:00,away,0.4372313368523898,0.4188786912437205,0.027928271250634396,0.027303535585995495,0.5348403918969757,0.553817773170284
20260613-Tokyo_Yakult_Swallows-Fukuoka_SoftBank_Hawks,2026-06-13 14:00:00,home,0.38843479928278557,0.38323086436380366,0.02258256266995972,0.025453181192491087,0.5889826380472548,0.5913159544437052
20260613-Yokohama_DeNA_BayStars-Chiba_Lotte_Marines,2026-06-13 14:00:00,away,0.4120858138540628,0.4056391171356682,0.02300495147251635,0.02462974551611879,0.5649092346734208,0.569731137348213
20260613-Hanshin_Tigers-Orix_Buffaloes,2026-06-13 15:00:00,away,0.42305125695632695,0.481563640641558,0.02585157107252167,0.02509097955682159,0.5510971719711514,0.49334537980162046
20260613-Yomiuri_Giants-Saitama_Seibu_Lions,2026-06-13 18:00:00,away,0.3977674142552756,0.4546610481726921,0.023268901584563954,0.021900178608922686,0.5789636841601603,0.5234387732183853
20260614-Chunichi_Dragons-Hokkaido_Nippon-Ham_Fighters,2026-06-14 13:00:00,away,0.38995666337885054,0.31703986547889573,0.022917487207440565,0.02498639212868179,0.5871258494137089,0.6579737423924225
20260614-Hanshin_Tigers-Orix_Buffaloes,2026-06-14 13:00:00,home,0.43270718123915203,0.3954164228078297,0.02685223210563314,0.02680180571007666,0.5404405866552149,0.5777817714820935
20260614-Hiroshima_Toyo_Carp-Tohoku_Rakuten_Golden_Eagles,2026-06-14 13:00:00,away,0.4448587161342423,0.4648879713038407,0.028517903297402013,0.027910653737342923,0.5266233805683558,0.5072013749588163
20260614-Tokyo_Yakult_Swallows-Fukuoka_SoftBank_Hawks,2026-06-14 13:00:00,away,0.377170788442396,0.3945605253255728,0.021759639080127784,0.022971240669600764,0.6010695724774763,0.5824682340048264
20260614-Yomiuri_Giants-Saitama_Seibu_Lions,2026-06-14 13:00:00,home,0.40002593826722077,0.4167837666218811,0.024109920647422026,0.026107964708881475,0.5758641410853572,0.5571082686692375
20260614-Yokohama_DeNA_BayStars-Chiba_Lotte_Marines,2026-06-14 14:00:00,home,0.4437417082332495,0.49503466569092036,0.024120233889242605,0.024251329440919043,0.5321380578775079,0.48071400486816057
20260616-Hokkaido_Nippon-Ham_Fighters-Hiroshima_Toyo_Carp,2026-06-16 18:00:00,away,0.5003538325512332,0.49738054720990293,0.030148246450754906,0.03239395161570389,0.4694979209980119,0.47022550117439316
20260616-Saitama_Seibu_Lions-Hanshin_Tigers,2026-06-16 18:00:00,away,0.5052821077040961,0.45209807484784437,0.03147737750809206,0.030465368057516568,0.46324051478781175,0.5174365570946391
20260617-Tohoku_Rakuten_Golden_Eagles-Hanshin_Tigers,2026-06-17 18:00:00,home,0.3990694027886717,0.40765895697754895,0.026559233570270634,0.023619360653682146,0.5743713636410577,0.568721682368769
20260619-Chunichi_Dragons-Yomiuri_Giants,2026-06-19 18:00:00,away,0.4154058708018845,0.37179505954869224,0.024539143403710426,0.027610848049114355,0.560054985794405,0.6005940924021933
20260619-Fukuoka_SoftBank_Hawks-Hokkaido_Nippon-Ham_Fighters,2026-06-19 18:00:00,home,0.4472790806095245,0.4589051309563294,0.030097002992857003,0.02844088693364245,0.5226239163976184,0.5126539821100282
20260619-Hiroshima_Toyo_Carp-Tokyo_Yakult_Swallows,2026-06-19 18:00:00,home,0.42824973656236415,0.4649384494722862,0.024555034817869727,0.02704944143948885,0.5471952286197661,0.508012109088225
20260619-Saitama_Seibu_Lions-Orix_Buffaloes,2026-06-19 18:00:00,home,0.490291335578418,0.4703863140135361,0.028986426379661777,0.030735968694796965,0.48072223804192016,0.49887771729166713
20260619-Tohoku_Rakuten_Golden_Eagles-Chiba_Lotte_Marines,2026-06-19 18:00:00,home,0.40560969342274444,0.3798845595666091,0.0202670050066564,0.021138320620425605,0.5741233015705992,0.5989771198129654
20260619-Hanshin_Tigers-Yokohama_DeNA_BayStars,2026-06-19 18:15:00,away,0.4825387719706125,0.45863371321826174,0.025544767224635948,0.029092359266388906,0.49191646080475154,0.5122739275153494
20260620-Chunichi_Dragons-Yomiuri_Giants,2026-06-20 14:00:00,home,0.42334215779923046,0.37824574159050495,0.025162757655911295,0.028187681730341738,0.5514950845448583,0.5935665766791534
20260620-Fukuoka_SoftBank_Hawks-Hokkaido_Nippon-Ham_Fighters,2026-06-20 14:00:00,away,0.4377110195229844,0.39209760258568915,0.02633819889508877,0.027017865043701662,0.5359507815819268,0.5808845323706091
20260620-Hiroshima_Toyo_Carp-Tokyo_Yakult_Swallows,2026-06-20 14:00:00,away,0.4132336242029941,0.43245703908470867,0.026030546710970624,0.02505130615065716,0.5607358290860354,0.5424916547646342
20260620-Saitama_Seibu_Lions-Orix_Buffaloes,2026-06-20 14:00:00,away,0.4844609092203756,0.4971015234619623,0.030474034266782947,0.02860087740123584,0.48506505651284143,0.4742975991368019
20260621-Fukuoka_SoftBank_Hawks-Hokkaido_Nippon-Ham_Fighters,2026-06-21 13:00:00,away,0.45853986453151135,0.48525064769371734,0.026714948964987245,0.024543373108545596,0.5147451865035014,0.4902059791977372
20260621-Saitama_Seibu_Lions-Orix_Buffaloes,2026-06-21 13:00:00,away,0.5013599066966067,0.4556037310047218,0.03075167590134451,0.02953707596150354,0.46788841740204873,0.5148591930337747
20260621-Hiroshima_Toyo_Carp-Tokyo_Yakult_Swallows,2026-06-21 13:30:00,away,0.43117073882767043,0.4371923635405177,0.02648129035908771,0.028625048502417174,0.5423479708132418,0.5341825879570652
20260621-Chunichi_Dragons-Yomiuri_Giants,2026-06-21 14:00:00,away,0.42098912818856715,0.4166594833881662,0.024678146976362836,0.026318482903644545,0.55433272483507,0.5570220337081893
20260621-Tohoku_Rakuten_Golden_Eagles-Chiba_Lotte_Marines,2026-06-21 17:00:00,home,0.39414184424587173,0.3697453692732113,0.022881308414988654,0.024927685383622056,0.5829768473391396,0.6053269453431666
20260621-Hanshin_Tigers-Yokohama_DeNA_BayStars,2026-06-21 18:15:00,away,0.5040362713475816,0.468309223180574,0.029421509768050132,0.03013654272318943,0.46654221888436825,0.5015542340962366
20260622-Saitama_Seibu_Lions-Tohoku_Rakuten_Golden_Eagles,2026-06-22 18:00:00,home,0.5537222916095115,0.5456176220844967,0.035231921591055496,0.03497730444943577,0.411045786799433,0.4194050734660676
20260623-Chiba_Lotte_Marines-Hokkaido_Nippon-Ham_Fighters,2026-06-23 13:00:00,home,0.42511857821757865,0.42681653767343947,0.025704649237876305,0.024786213008383618,0.549176772544545,0.548397249318177
20260623-Orix_Buffaloes-Fukuoka_SoftBank_Hawks,2026-06-23 18:00:00,away,0.4032741728776447,0.4035739411369485,0.02372740147470385,0.025562418651073535,0.5729984256476515,0.5708636402119779
20260623-Saitama_Seibu_Lions-Tohoku_Rakuten_Golden_Eagles,2026-06-23 18:00:00,home,0.5511474224862297,0.5327152304964946,0.03440304631149242,0.029774750725037647,0.41444953120227773,0.43751001877846774
20260623-Tokyo_Yakult_Swallows-Hanshin_Tigers,2026-06-23 18:00:00,away,0.3958368164672198,0.39126828353886994,0.025371661103365178,0.029021493877716027,0.578791522429415,0.579710222583414
20260623-Yokohama_DeNA_BayStars-Chunichi_Dragons,2026-06-23 18:00:00,home,0.42728189563145313,0.435045262682711,0.02452969222457764,0.021176334088741155,0.5481884121439693,0.543778403228548
20260623-Yomiuri_Giants-Hiroshima_Toyo_Carp,2026-06-23 18:00:00,away,0.4683155440279101,0.5205098966122155,0.0296301666041513,0.02691976557126841,0.5020542893679386,0.4525703378165161
20260624-Chiba_Lotte_Marines-Hokkaido_Nippon-Ham_Fighters,2026-06-24 13:00:00,home,0.4156750294100252,0.4581022009662331,0.025017177640916512,0.02512520209343242,0.5593077929490582,0.5167725969403345
20260624-Orix_Buffaloes-Fukuoka_SoftBank_Hawks,2026-06-24 18:00:00,home,0.4273568170332469,0.41787371883278224,0.024209574724885094,0.025375098619301085,0.5484336082418679,0.5567511825479167
20260624-Yokohama_DeNA_BayStars-Chunichi_Dragons,2026-06-24 18:00:00,away,0.41843914865515663,0.3876243914307113,0.024398140976793364,0.028979347926951615,0.55716271036805,0.5833962606423371
20260625-Orix_Buffaloes-Fukuoka_SoftBank_Hawks,2026-06-25 18:00:00,home,0.41659204820785334,0.4051466590230578,0.02391753539838837,0.02462565849317944,0.5594904163937582,0.5702276824837629
20260625-Saitama_Seibu_Lions-Tohoku_Rakuten_Golden_Eagles,2026-06-25 18:00:00,home,0.5354948592618857,0.5460658744964951,0.032969484751982796,0.03156069853024674,0.43153565598613164,0.4223734269732582
20260625-Yokohama_DeNA_BayStars-Chunichi_Dragons,2026-06-25 18:00:00,home,0.42323695394940597,0.43249744860879824,0.025411459439235375,0.025596023031658584,0.5513515866113587,0.5419065283595432
20260626-Hokkaido_Nippon-Ham_Fighters-Saitama_Seibu_Lions,2026-06-26 18:00:00,home,0.43463072399645347,0.4886211400000768,0.0281783187291852,0.024548253950398786,0.5371909572743613,0.48683060604952444
20260627-Hanshin_Tigers-Hiroshima_Toyo_Carp,2026-06-27 14:00:00,home,0.5056313042847184,0.5341137384969673,0.028014902414177204,0.025085979412488565,0.4663537933011045,0.4408002820905441
20260627-Hokkaido_Nippon-Ham_Fighters-Saitama_Seibu_Lions,2026-06-27 18:00:00,away,0.42697162255880505,0.36461624797524894,0.026877884348280902,0.02722015920138019,0.546150493092914,0.6081635928233707
20260627-Tohoku_Rakuten_Golden_Eagles-Orix_Buffaloes,2026-06-27 18:00:00,away,0.3958065477349403,0.3725146777718778,0.024454965562551858,0.024158429641894803,0.5797384867025079,0.6033268925862273
20260628-Hanshin_Tigers-Hiroshima_Toyo_Carp,2026-06-28 14:00:00,away,0.49760739076616295,0.47461322302872455,0.027434489873729196,0.02737402627070504,0.4749581193601078,0.4980127507005704
20260628-Tohoku_Rakuten_Golden_Eagles-Orix_Buffaloes,2026-06-28 16:00:00,home,0.4085965730056087,0.35776731468715356,0.02572501936486374,0.026199331741128217,0.5656784076295276,0.6160333535717182
20260628-Chunichi_Dragons-Tokyo_Yakult_Swallows,2026-06-28 17:00:00,home,0.45995806177771115,0.48432497095441635,0.024686306679282104,0.02680964289284223,0.5153556315430068,0.48886538615274133
20260628-Fukuoka_SoftBank_Hawks-Chiba_Lotte_Marines,2026-06-28 17:00:00,draw,0.5039478381681787,0.4873333661122555,0.028582271693530337,0.027721513930464133,0.467469890138291,0.4849451199572804
20260628-Hokkaido_Nippon-Ham_Fighters-Saitama_Seibu_Lions,2026-06-28 18:00:00,away,0.43423093808970886,0.4818781979970404,0.027482757081727087,0.025486123019381635,0.538286304828564,0.4926356789835778
20260628-Yomiuri_Giants-Yokohama_DeNA_BayStars,2026-06-28 18:15:00,away,0.47674688543340793,0.45595320732175565,0.03476825384781928,0.031238433040622023,0.4884848607187728,0.5128083596376223
20260630-Chiba_Lotte_Marines-Tohoku_Rakuten_Golden_Eagles,2026-06-30 18:00:00,away,0.4859876008210829,0.4992800535111552,0.028782391731071284,0.03219917086682827,0.48523000744784583,0.46852077562201655
20260630-Chunichi_Dragons-Hanshin_Tigers,2026-06-30 18:00:00,home,0.4116203804900067,0.3898290272936768,0.025265749897760748,0.029345841504293854,0.5631138696122325,0.5808251312020293
20260630-Hiroshima_Toyo_Carp-Yokohama_DeNA_BayStars,2026-06-30 18:00:00,away,0.4285220273920337,0.43988514782634036,0.028518036233586848,0.02804861947858894,0.5429599363743794,0.5320662326950708
20260630-Orix_Buffaloes-Hokkaido_Nippon-Ham_Fighters,2026-06-30 18:00:00,home,0.41996988221539994,0.4165461118885932,0.023415309472570676,0.025840021827256886,0.5566148083120294,0.5576138662841499
20260630-Saitama_Seibu_Lions-Fukuoka_SoftBank_Hawks,2026-06-30 18:00:00,home,0.4282012022428855,0.4812570446224367,0.02585868838332199,0.026911519564226983,0.5459401093737924,0.49183143581333627
20260630-Tokyo_Yakult_Swallows-Yomiuri_Giants,2026-06-30 18:00:00,away,0.43095749364654334,0.3992335760665375,0.024361193402829606,0.025171756626654197,0.5446813129506269,0.5755946673068084
20260701-Chiba_Lotte_Marines-Tohoku_Rakuten_Golden_Eagles,2026-07-01 18:00:00,away,0.49363074089563025,0.4672756654030669,0.029374854105493797,0.027876582149094952,0.4769944049988759,0.5048477524478381
20260701-Orix_Buffaloes-Hokkaido_Nippon-Ham_Fighters,2026-07-01 18:00:00,home,0.4064336953270266,0.38915232226082436,0.02269425676264645,0.024414089049076604,0.570872047910327,0.5864335886900991
20260701-Saitama_Seibu_Lions-Fukuoka_SoftBank_Hawks,2026-07-01 18:00:00,home,0.4126044732475001,0.38549548047126336,0.02507566522099018,0.02496186598711143,0.5623198615315097,0.5895426535416252
20260701-Tokyo_Yakult_Swallows-Yomiuri_Giants,2026-07-01 18:00:00,home,0.4369835518775578,0.4168888228940563,0.024891934805904667,0.027762920743054344,0.5381245133165377,0.5553482563628894
20260702-Chunichi_Dragons-Hanshin_Tigers,2026-07-02 18:00:00,away,0.4012202878801608,0.41485998384460915,0.02520508242532376,0.026114469128059817,0.5735746296945154,0.5590255470273311
20260702-Orix_Buffaloes-Hokkaido_Nippon-Ham_Fighters,2026-07-02 18:00:00,home,0.3908463633360222,0.40424823900055107,0.022357635884737555,0.022091164151292697,0.5867960007792402,0.5736605968481562
20260702-Saitama_Seibu_Lions-Fukuoka_SoftBank_Hawks,2026-07-02 18:00:00,home,0.3847179765182568,0.38840175785204945,0.024316248381554405,0.025579540609195064,0.5909657751001888,0.5860187015387555
20260702-Hiroshima_Toyo_Carp-Yokohama_DeNA_BayStars,2026-07-02 18:15:00,draw,0.4363578334021941,0.4460226389422441,0.02915725807987796,0.027395222605734692,0.5344849085179278,0.5265821384520212
20260703-Chiba_Lotte_Marines-Fukuoka_SoftBank_Hawks,2026-07-03 18:00:00,home,0.36615353323636185,0.37402798813740523,0.02521182377278732,0.027006368948438917,0.6086346429908509,0.5989656429141559
20260703-Hiroshima_Toyo_Carp-Hanshin_Tigers,2026-07-03 18:00:00,away,0.36851287160060947,0.38738715574903904,0.02587683607052351,0.027062637813413764,0.605610292328867,0.5855502064375472
20260703-Hokkaido_Nippon-Ham_Fighters-Tohoku_Rakuten_Golden_Eagles,2026-07-03 18:00:00,home,0.5493703226233839,0.5286239760050885,0.03191608504179734,0.03202493283702415,0.41871359233481875,0.4393510911578874
20260703-Saitama_Seibu_Lions-Orix_Buffaloes,2026-07-03 18:00:00,draw,0.4834177731807746,0.5037704877363904,0.02864478671865407,0.026687790295861814,0.48793744010057133,0.4695417219677477
20260703-Yokohama_DeNA_BayStars-Tokyo_Yakult_Swallows,2026-07-03 18:00:00,away,0.41998148604917185,0.46010583014787465,0.02342314868691342,0.02580154987152395,0.5565953652639148,0.5140926199806015
20260703-Yomiuri_Giants-Chunichi_Dragons,2026-07-03 18:00:00,home,0.46205438681630895,0.5137338199969756,0.030762770733892737,0.027972353974562235,0.5071828424497984,0.458293826028462
20260704-Chiba_Lotte_Marines-Fukuoka_SoftBank_Hawks,2026-07-04 14:00:00,away,0.3656081244934758,0.3880618411147545,0.023736311617811572,0.023698317450767167,0.6106555638887127,0.5882398414344784
20260704-Yomiuri_Giants-Chunichi_Dragons,2026-07-04 14:00:00,home,0.45570221931074834,0.5210553994140253,0.028702276557643798,0.028544251819108368,0.5155955041316078,0.4504003487668663
20260704-Hokkaido_Nippon-Ham_Fighters-Tohoku_Rakuten_Golden_Eagles,2026-07-04 18:00:00,home,0.5217222904669401,0.5644124425284922,0.03241764929646171,0.027291161418106172,0.4458600602365982,0.4082963960534016
20260704-Yokohama_DeNA_BayStars-Tokyo_Yakult_Swallows,2026-07-04 18:00:00,away,0.4334793995638766,0.43879787297586453,0.02574966752471422,0.02850364580478045,0.5407709329114092,0.5326984812193549
20260705-Chiba_Lotte_Marines-Fukuoka_SoftBank_Hawks,2026-07-05 13:30:00,home,0.39294772373394543,0.4050966419209607,0.024318813083667734,0.024665980396304823,0.5827334631823868,0.5702373776827345
20260705-Yomiuri_Giants-Chunichi_Dragons,2026-07-05 13:30:00,away,0.45609917657939825,0.48044375669636263,0.027789214635625597,0.027809690218447376,0.5161116087849761,0.4917465530851899
20260705-Saitama_Seibu_Lions-Orix_Buffaloes,2026-07-05 14:00:00,home,0.4840187576852185,0.48676701562065466,0.028409471217695766,0.026287757705692902,0.4875717710970859,0.48694522667365236
20260705-Hokkaido_Nippon-Ham_Fighters-Tohoku_Rakuten_Golden_Eagles,2026-07-05 17:00:00,away,0.5119349977171203,0.49700595070058906,0.031051021849166634,0.030348272381412127,0.45701398043371305,0.47264577691799886
20260705-Hiroshima_Toyo_Carp-Hanshin_Tigers,2026-07-05 18:00:00,home,0.3910994856067667,0.38501365004262256,0.026443152189970467,0.028764963842561872,0.5824573622032628,0.5862213861148157
20260705-Yokohama_DeNA_BayStars-Tokyo_Yakult_Swallows,2026-07-05 18:00:00,away,0.4633857722182249,0.4505757796533519,0.02678321417275054,0.02811349809576866,0.5098310136090245,0.5213107222508795
20260707-Fukuoka_SoftBank_Hawks-Orix_Buffaloes,2026-07-07 18:00:00,away,0.5411543514970057,0.483814087502429,0.030860504596629236,0.034297745991037666,0.42798514390636516,0.48188816650653327
20260707-Hanshin_Tigers-Yomiuri_Giants,2026-07-07 18:00:00,home,0.4586048574842279,0.43569540971590054,0.025613742883462513,0.027090482013317985,0.5157813996323096,0.5372141082707814
20260707-Hokkaido_Nippon-Ham_Fighters-Chiba_Lotte_Marines,2026-07-07 18:00:00,home,0.48101811480522466,0.4872912638126508,0.029006257696561014,0.030463188819082672,0.48997562749821433,0.4822455473682666
20260707-Tokyo_Yakult_Swallows-Hiroshima_Toyo_Carp,2026-07-07 18:00:00,home,0.4574750493840486,0.4386824529086451,0.025121573239254735,0.02613365142067213,0.5174033773766966,0.5351838956706827
20260707-Chunichi_Dragons-Yokohama_DeNA_BayStars,2026-07-07 18:15:00,home,0.43888109378154955,0.4265413708432864,0.028631708043177127,0.029696582092061424,0.5324871981752733,0.5437620470646521
20260707-Tohoku_Rakuten_Golden_Eagles-Saitama_Seibu_Lions,2026-07-07 18:30:00,home,0.3989804927212575,0.40877402262340456,0.025499962638198922,0.022506765965450752,0.5755195446405437,0.5687192114111447
20260708-Fukuoka_SoftBank_Hawks-Orix_Buffaloes,2026-07-08 18:00:00,home,0.5509568669352257,0.5463047915457454,0.03091569222695766,0.030505986210076462,0.41812744083781656,0.4231892222441781
20260708-Hanshin_Tigers-Yomiuri_Giants,2026-07-08 18:00:00,away,0.4468408978286903,0.4868858988311388,0.025481550275322326,0.025301330206802655,0.5276775518959874,0.4878127709620587
20260708-Hokkaido_Nippon-Ham_Fighters-Chiba_Lotte_Marines,2026-07-08 18:00:00,away,0.4559979085378602,0.44171494313313747,0.028015354723267803,0.029252329164998345,0.515986736738872,0.529032727701864
20260708-Tokyo_Yakult_Swallows-Hiroshima_Toyo_Carp,2026-07-08 18:00:00,home,0.44997749338530196,0.46244969949303405,0.02485474429794604,0.02306860972049912,0.525167762316752,0.5144816907864669
20260708-Chunichi_Dragons-Yokohama_DeNA_BayStars,2026-07-08 18:15:00,home,0.4218251272532092,0.3959158269775245,0.028235908014741948,0.02746588693580511,0.5499389647320488,0.5766182860866705
20260708-Tohoku_Rakuten_Golden_Eagles-Saitama_Seibu_Lions,2026-07-08 18:30:00,away,0.38303327697765954,0.4103578265131694,0.024970374749669098,0.026248820605826003,0.5919963482726714,0.5633933528810047
20260709-Hanshin_Tigers-Yomiuri_Giants,2026-07-09 18:00:00,away,0.45988793620484586,0.5057298303716947,0.02612895224363489,0.024900520672576986,0.5139831115515192,0.46936964895572825
20260709-Tokyo_Yakult_Swallows-Hiroshima_Toyo_Carp,2026-07-09 18:00:00,away,0.44123637607163435,0.3663358720849498,0.024652336970576224,0.021296029303260813,0.5341112869577895,0.6123680986117894
20260709-Chunichi_Dragons-Yokohama_DeNA_BayStars,2026-07-09 18:15:00,away,0.41689132785797217,0.42255053885228877,0.027605462750251362,0.0285888631201947,0.5555032093917764,0.5488605980275165
20260710-Hiroshima_Toyo_Carp-Chunichi_Dragons,2026-07-10 18:00:00,home,0.4316690096850929,0.4481202213742452,0.026024254367253735,0.024984782393613916,0.5423067359476534,0.526894996232141
20260710-Orix_Buffaloes-Chiba_Lotte_Marines,2026-07-10 18:00:00,home,0.4159227096468827,0.4010559163073271,0.02556684813068003,0.02334668360026531,0.5585104422224372,0.5755974000924076
20260710-Saitama_Seibu_Lions-Hokkaido_Nippon-Ham_Fighters,2026-07-10 18:00:00,away,0.4202656297480061,0.4348555456875399,0.024368147043713633,0.024166275262792775,0.5553662232082802,0.5409781790496673
20260710-Tohoku_Rakuten_Golden_Eagles-Fukuoka_SoftBank_Hawks,2026-07-10 18:00:00,away,0.3475677616685234,0.3885443238580242,0.02260876137110108,0.023484227663180212,0.6298234769603756,0.5879714484787957
20260710-Tokyo_Yakult_Swallows-Hanshin_Tigers,2026-07-10 18:00:00,away,0.37361717376398135,0.42242185182099623,0.02421847215464713,0.022265809466048374,0.6021643540813716,0.5553123387129555
20260710-Yomiuri_Giants-Yokohama_DeNA_BayStars,2026-07-10 18:15:00,home,0.44170453532370696,0.44556885126891643,0.028429675453813166,0.030878874004813765,0.52986578922248,0.5235522747262698
20260711-Hiroshima_Toyo_Carp-Chunichi_Dragons,2026-07-11 14:00:00,home,0.40633548186622387,0.4539986027715585,0.02534334223656991,0.027243143384579838,0.5683211758972062,0.5187582538438615
20260711-Saitama_Seibu_Lions-Hokkaido_Nippon-Ham_Fighters,2026-07-11 14:00:00,home,0.42854180843675094,0.4793536247622255,0.024911231363578604,0.023014084987991543,0.5465469601996704,0.49763229024978306
20260711-Orix_Buffaloes-Chiba_Lotte_Marines,2026-07-11 18:00:00,away,0.41134256141365266,0.3890748829647372,0.024927935785890726,0.024347669503164762,0.5637295028004566,0.5865774475320981
20260711-Tohoku_Rakuten_Golden_Eagles-Fukuoka_SoftBank_Hawks,2026-07-11 18:00:00,home,0.3571469905902389,0.39334018961755063,0.023708934126543884,0.025896694677184553,0.6191440752832171,0.5807631157052648
20260711-Tokyo_Yakult_Swallows-Hanshin_Tigers,2026-07-11 18:00:00,home,0.38295553875980004,0.4387190409246106,0.024774403003547663,0.02626879890993878,0.5922700582366522,0.5350121601654505
20260711-Yomiuri_Giants-Yokohama_DeNA_BayStars,2026-07-11 18:00:00,away,0.4268664452215594,0.46833376901253465,0.027339738713354243,0.02435079020327735,0.5457938160650864,0.507315440784188
20260712-Saitama_Seibu_Lions-Hokkaido_Nippon-Ham_Fighters,2026-07-12 13:00:00,away,0.40689992935456687,0.39884805813788526,0.02437329459593894,0.023954359025481427,0.5687267760494942,0.5771975828366332
20260712-Hiroshima_Toyo_Carp-Chunichi_Dragons,2026-07-12 13:30:00,away,0.3888885287463084,0.36828379061484895,0.0245034168831083,0.027953066278062006,0.5866080543705833,0.603763143107089
20260712-Tohoku_Rakuten_Golden_Eagles-Fukuoka_SoftBank_Hawks,2026-07-12 14:00:00,home,0.34400548373465833,0.3536655997266101,0.022903280112783753,0.024724180218077877,0.6330912361525579,0.621610220055312
20260712-Orix_Buffaloes-Chiba_Lotte_Marines,2026-07-12 17:00:00,away,0.4339710270819531,0.3988582434818243,0.025646742146404725,0.028340627935466975,0.5403822307716422,0.5728011285827087
20260712-Tokyo_Yakult_Swallows-Hanshin_Tigers,2026-07-12 18:00:00,home,0.37872026569898043,0.35151808644847443,0.02422584731340525,0.024424234228976053,0.5970538869876143,0.6240576793225496
20260712-Yomiuri_Giants-Yokohama_DeNA_BayStars,2026-07-12 18:00:00,away,0.43626677736253056,0.4903125557666957,0.02752052913580479,0.02562587037133034,0.5362126935016646,0.48406157386197407
20260714-Fukuoka_SoftBank_Hawks-Hokkaido_Nippon-Ham_Fighters,2026-07-14 13:00:00,away,0.4905586848441879,0.4393563188042212,0.028658254339273645,0.02777080625204022,0.4807830608165385,0.5328728749437386
20260714-Chiba_Lotte_Marines-Saitama_Seibu_Lions,2026-07-14 18:00:00,home,0.413355464526881,0.424645157955427,0.027018892837840647,0.0270920044486767,0.5596256426352784,0.5482628375958963
20260714-Hanshin_Tigers-Chunichi_Dragons,2026-07-14 18:00:00,away,0.49426530162183513,0.49701771929386657,0.02758452701174352,0.027056841674915448,0.47815017136642146,0.4759254390312181
20260714-Orix_Buffaloes-Tohoku_Rakuten_Golden_Eagles,2026-07-14 18:00:00,home,0.48702935819100557,0.47430965676501025,0.027595669543621217,0.026370135143516084,0.4853749722653732,0.49932020809147365
20260714-Yokohama_DeNA_BayStars-Hiroshima_Toyo_Carp,2026-07-14 18:00:00,away,0.49899032973472396,0.46432904188520524,0.026587739952091016,0.02738411702045798,0.47442193031318497,0.5082868410943367
20260714-Yomiuri_Giants-Tokyo_Yakult_Swallows,2026-07-14 18:00:00,home,0.48266445937543967,0.4473314692372223,0.028133971359575412,0.026510917385669314,0.489201569264985,0.5261576133771083
20260715-Fukuoka_SoftBank_Hawks-Hokkaido_Nippon-Ham_Fighters,2026-07-15 13:00:00,home,0.4932202458807928,0.5298679514372229,0.029252737146755355,0.0237254325501136,0.4775270169724518,0.4464066160126635
20260715-Chiba_Lotte_Marines-Saitama_Seibu_Lions,2026-07-15 18:00:00,home,0.404770535301143,0.42192505357342813,0.02708400238207448,0.027370916726897523,0.5681454623167825,0.5507040296996744
20260715-Hanshin_Tigers-Chunichi_Dragons,2026-07-15 18:00:00,home,0.5042369432044834,0.48183019960896856,0.028141830845386955,0.02752031797665355,0.4676212259501296,0.49064948241437795
20260715-Orix_Buffaloes-Tohoku_Rakuten_Golden_Eagles,2026-07-15 18:00:00,home,0.47629654270912625,0.4143810332260886,0.027087677122397076,0.027742509330665847,0.4966157801684768,0.5578764574432455
20260715-Yokohama_DeNA_BayStars-Hiroshima_Toyo_Carp,2026-07-15 18:00:00,home,0.5055704770047786,0.4823968207715675,0.02713511829694497,0.028833456373187336,0.4672944046982765,0.4887697228552452
20260715-Yomiuri_Giants-Tokyo_Yakult_Swallows,2026-07-15 18:00:00,away,0.4771174708544925,0.4800926938977862,0.02768569395503355,0.02592177261733259,0.4951968351904738,0.4939855334848813
20260716-Fukuoka_SoftBank_Hawks-Hokkaido_Nippon-Ham_Fighters,2026-07-16 13:00:00,away,0.4797468782144584,0.47473322246614036,0.02905952977663375,0.028750577408369768,0.49119359200890805,0.4965162001254897
20260716-Chiba_Lotte_Marines-Saitama_Seibu_Lions,2026-07-16 18:00:00,away,0.4030705802670035,0.40087660135518666,0.026016984090682763,0.02342446232010342,0.5709124356423136,0.57569893632471
20260716-Hanshin_Tigers-Chunichi_Dragons,2026-07-16 18:00:00,away,0.4973170604728638,0.5034175419758358,0.027536396532289162,0.026934856396407237,0.475146542994847,0.469647601627757
20260716-Orix_Buffaloes-Tohoku_Rakuten_Golden_Eagles,2026-07-16 18:00:00,home,0.47526051575088,0.46465069946454496,0.026188716183965042,0.029963483943550466,0.4985507680651549,0.5053858165919046
20260716-Yomiuri_Giants-Tokyo_Yakult_Swallows,2026-07-16 18:00:00,away,0.48876541300036236,0.4836271809275412,0.028864856942361496,0.027062915951788637,0.48236973005727624,0.48930990312067013
20260717-Chunichi_Dragons-Yomiuri_Giants,2026-07-17 18:00:00,home,0.42268870434868727,0.38507753236373654,0.0266650010364662,0.027884802600963026,0.5506462946148465,0.5870376650353004
20260717-Hanshin_Tigers-Hiroshima_Toyo_Carp,2026-07-17 18:00:00,away,0.532224793554658,0.5988319450335295,0.02817517698453518,0.02464491995591107,0.43960002946080684,0.3765231350105594
20260717-Tokyo_Yakult_Swallows-Yokohama_DeNA_BayStars,2026-07-17 18:00:00,home,0.4091627049397697,0.4197046146801455,0.025127174647526822,0.02743357027829584,0.5657101204127035,0.5528618150415586
20260718-Chunichi_Dragons-Yomiuri_Giants,2026-07-18 14:00:00,away,0.41540082662068106,0.3546976819772332,0.026042209379369904,0.028545554504960276,0.558556963999949,0.6167567635178065
20260718-Hokkaido_Nippon-Ham_Fighters-Orix_Buffaloes,2026-07-18 14:00:00,away,0.479206113116033,0.5478908494665188,0.02978416418432252,0.02504809645318352,0.4910097226996445,0.4270610540802977
20260718-Fukuoka_SoftBank_Hawks-Chiba_Lotte_Marines,2026-07-18 18:00:00,away,0.516268581909919,0.5388123271086431,0.031071000644642112,0.028217977274800722,0.45266041744543895,0.43296969561655607
20260718-Hanshin_Tigers-Hiroshima_Toyo_Carp,2026-07-18 18:00:00,home,0.5301976980118623,0.46117683285364536,0.03042527275362635,0.0267210222044313,0.4393770292345113,0.5121021449419234
20260718-Saitama_Seibu_Lions-Tohoku_Rakuten_Golden_Eagles,2026-07-18 18:00:00,home,0.504684870852571,0.48557376969261545,0.026249228921307072,0.030626652469674318,0.46906590022612193,0.4837995778377102
20260718-Tokyo_Yakult_Swallows-Yokohama_DeNA_BayStars,2026-07-18 18:00:00,home,0.3944168009672204,0.4009063253801408,0.02484981249589951,0.024857350835048597,0.5807333865368801,0.5742363237848106
20260719-Hokkaido_Nippon-Ham_Fighters-Orix_Buffaloes,2026-07-19 13:00:00,away,0.49898615009643216,0.47906529011099086,0.030774139443496072,0.030524748567417537,0.4702397104600718,0.4904099613215916
20260719-Chunichi_Dragons-Yomiuri_Giants,2026-07-19 14:00:00,home,0.43922097153938205,0.5278108115732968,0.026573038300181314,0.02390822492783763,0.5342059901604367,0.44828096349886554
20260719-Fukuoka_SoftBank_Hawks-Chiba_Lotte_Marines,2026-07-19 18:00:00,away,0.5174450354427363,0.5091554423812518,0.0308913543138067,0.0315460730672573,0.451663610243457,0.4592984845514909
20260719-Hanshin_Tigers-Hiroshima_Toyo_Carp,2026-07-19 18:00:00,away,0.5229539267892064,0.4902129055849945,0.02946385064903736,0.03012830537593279,0.4475822225617563,0.4796587890390727
20260719-Saitama_Seibu_Lions-Tohoku_Rakuten_Golden_Eagles,2026-07-19 18:00:00,away,0.5029562189435023,0.5091689826159361,0.025274604815630455,0.02379350600730372,0.47176917624086734,0.46703751137676014
20260719-Tokyo_Yakult_Swallows-Yokohama_DeNA_BayStars,2026-07-19 18:00:00,home,0.3755844545121799,0.40504302459336167,0.02336446706865378,0.027475492632095724,0.6010510784191664,0.5674814827745427
20260720-Hokkaido_Nippon-Ham_Fighters-Orix_Buffaloes,2026-07-20 13:00:00,home,0.5128696778646884,0.4704087497377071,0.0308874643140525,0.028178774311686243,0.4562428578212591,0.5014124759506066
20260720-Saitama_Seibu_Lions-Tohoku_Rakuten_Golden_Eagles,2026-07-20 16:00:00,away,0.5113899369856042,0.46764533356403176,0.02585394076897868,0.026316710189805297,0.4627561222454172,0.5060379562461629
20260720-Fukuoka_SoftBank_Hawks-Chiba_Lotte_Marines,2026-07-20 17:00:00,away,0.5176321196490706,0.4619446388145096,0.031360796899574536,0.02681166935920496,0.45100708345135476,0.5112436918262855
20260720-Chunichi_Dragons-Tokyo_Yakult_Swallows,2026-07-20 18:00:00,away,0.5016425105087631,0.5207268313106769,0.029750864778786176,0.02664097632599815,0.4686066247124508,0.452632192363325
20260720-Hiroshima_Toyo_Carp-Yomiuri_Giants,2026-07-20 18:00:00,home,0.38945879961227886,0.3581104151971753,0.02514847974650266,0.026122087343241597,0.5853927206412185,0.615767497459583
20260720-Yokohama_DeNA_BayStars-Hanshin_Tigers,2026-07-20 18:00:00,away,0.42747799896926914,0.47447813493220586,0.025817865718547734,0.0260801414217314,0.5467041353121832,0.4994417236460628
20260721-Chunichi_Dragons-Tokyo_Yakult_Swallows,2026-07-21 18:00:00,away,0.5075267354779421,0.4060893204310642,0.030459017800691886,0.03060492020995579,0.46201424672136604,0.56330575935898
20260721-Hiroshima_Toyo_Carp-Yomiuri_Giants,2026-07-21 18:00:00,home,0.3916200775390595,0.4365659249190786,0.02440460473744323,0.026239653542272225,0.5839753177234972,0.5371944215386492
20260721-Orix_Buffaloes-Fukuoka_SoftBank_Hawks,2026-07-21 18:00:00,away,0.36665613231883604,0.3364189856498408,0.021105761731777153,0.02514654160846031,0.6122381059493868,0.638434472741699
20260721-Yokohama_DeNA_BayStars-Hanshin_Tigers,2026-07-21 18:00:00,home,0.4458304775488733,0.4709431483655878,0.027213394752205668,0.02625021391706937,0.526956127698921,0.5028066377173428
20260722-Chunichi_Dragons-Tokyo_Yakult_Swallows,2026-07-22 18:00:00,home,0.52308024151322,0.5198218447080605,0.03119466117106684,0.02970412881556283,0.44572509731571325,0.4504740264763767
20260722-Hiroshima_Toyo_Carp-Yomiuri_Giants,2026-07-22 18:00:00,away,0.3837344274975031,0.37708929579189204,0.023683155095677443,0.02422793112532788,0.5925824174068196,0.5986827730827801
20260722-Hokkaido_Nippon-Ham_Fighters-Saitama_Seibu_Lions,2026-07-22 18:00:00,home,0.450437520985005,0.44462335524336283,0.028016233466484512,0.025479562161101605,0.5215462455485104,0.5298970825955356
20260722-Orix_Buffaloes-Fukuoka_SoftBank_Hawks,2026-07-22 18:00:00,home,0.37016109470329084,0.33716955324717274,0.021939180028439576,0.025269614034693515,0.6078997252682696,0.6375608327181337
20260722-Tohoku_Rakuten_Golden_Eagles-Chiba_Lotte_Marines,2026-07-22 18:00:00,home,0.4117600515165066,0.478321371854499,0.028088516116414334,0.02755246659698227,0.5601514323670791,0.49412616154851874
20260722-Yokohama_DeNA_BayStars-Hanshin_Tigers,2026-07-22 18:00:00,home,0.44820399533993793,0.4521612858119954,0.026384325914094765,0.027741850822283344,0.5254116787459673,0.5200968633657211
20260723-Hokkaido_Nippon-Ham_Fighters-Saitama_Seibu_Lions,2026-07-23 18:00:00,away,0.44342474261778686,0.4728920897839423,0.027491526653069785,0.024088490166489843,0.5290837307291434,0.5030194200495678
20260723-Orix_Buffaloes-Fukuoka_SoftBank_Hawks,2026-07-23 18:00:00,home,0.3380814310872275,0.2942945052620671,0.020943092887052445,0.025959833936719613,0.64097547602572,0.6797456608012135
20260723-Tohoku_Rakuten_Golden_Eagles-Chiba_Lotte_Marines,2026-07-23 18:00:00,away,0.3902694339359865,0.488356500086562,0.027008215091018035,0.02565250382235416,0.5827223509729955,0.4859909960910837
20260724-Chiba_Lotte_Marines-Orix_Buffaloes,2026-07-24 18:00:00,home,0.48634238672115476,0.5357684704536346,0.028042436542065348,0.02494487474567154,0.4856151767367798,0.4392866548006938
20260724-Fukuoka_SoftBank_Hawks-Saitama_Seibu_Lions,2026-07-24 18:00:00,away,0.5121814689620526,0.5474437925127459,0.031350373449499286,0.027479096187805946,0.45646815758844816,0.42507711129944814
20260724-Hiroshima_Toyo_Carp-Tokyo_Yakult_Swallows,2026-07-24 18:00:00,home,0.4718055564412054,0.4465495305080173,0.029678033105135324,0.030308444915843575,0.4985164104536593,0.5231420245761391
20260724-Yokohama_DeNA_BayStars-Chunichi_Dragons,2026-07-24 18:00:00,home,0.47652581760316237,0.48708016746137295,0.027839497723636877,0.030044207637466222,0.4956346846732008,0.48287562490116076
20260724-Yomiuri_Giants-Hanshin_Tigers,2026-07-24 18:00:00,away,0.43501716182053224,0.45089111011450356,0.025542786215039404,0.02654425246097612,0.5394400519644285,0.5225646374245203
20260725-Chiba_Lotte_Marines-Orix_Buffaloes,2026-07-25 14:00:00,home,0.47518440004901513,0.4731170537666905,0.027988448824800217,0.026013706795648472,0.4968271511261847,0.5008692394376609
20260725-Tohoku_Rakuten_Golden_Eagles-Hokkaido_Nippon-Ham_Fighters,2026-07-25 14:00:00,home,0.36925507683139086,0.4320237703927814,0.024766902383405502,0.020687357515574965,0.6059780207852036,0.5472888720916437
20260725-Yokohama_DeNA_BayStars-Chunichi_Dragons,2026-07-25 14:00:00,away,0.47054208616387905,0.4805634647657022,0.027264639393497134,0.027931917654812993,0.5021932744426238,0.49150461757948494
20260725-Fukuoka_SoftBank_Hawks-Saitama_Seibu_Lions,2026-07-25 18:00:00,home,0.5242791417647577,0.49791774407460093,0.031469822563335886,0.026979168561015246,0.4442510356719065,0.4751030873643838
20260725-Hiroshima_Toyo_Carp-Tokyo_Yakult_Swallows,2026-07-25 18:00:00,home,0.46152839974052534,0.47032904589353214,0.02897583624414301,0.029316300275189028,0.5094957640153316,0.5003546538312789
20260725-Yomiuri_Giants-Hanshin_Tigers,2026-07-25 18:00:00,away,0.44433698626190404,0.47871976331816013,0.026557003061332716,0.025855071283612318,0.5291060106767632,0.4954251653982275
20260726-Chiba_Lotte_Marines-Orix_Buffaloes,2026-07-26 13:00:00,away,0.46770970926111266,0.46971564477948335,0.027045436123914534,0.026486164923742624,0.5052448546149728,0.503798190296774
20260726-Tohoku_Rakuten_Golden_Eagles-Hokkaido_Nippon-Ham_Fighters,2026-07-26 13:00:00,home,0.3689409356017916,0.4321009928113469,0.024344439996869287,0.024364227445802418,0.6067146244013392,0.5435347797428507
20260726-Yokohama_DeNA_BayStars-Chunichi_Dragons,2026-07-26 13:30:00,home,0.48113816905680457,0.4697704178308972,0.02852627870370405,0.03080959619883474,0.4903355522394913,0.499419985970268
20260726-Fukuoka_SoftBank_Hawks-Saitama_Seibu_Lions,2026-07-26 17:00:00,away,0.5101244808476868,0.5462852926946568,0.03022727413542072,0.032816644226041296,0.45964824501689244,0.42089806307930194
20260726-Hiroshima_Toyo_Carp-Tokyo_Yakult_Swallows,2026-07-26 18:00:00,away,0.459529332370581,0.4879860564899376,0.02871431705496377,0.02928555660121138,0.5117563505744551,0.482728386908851
20260726-Yomiuri_Giants-Hanshin_Tigers,2026-07-26 18:00:00,home,0.45910228369263956,0.4067294480373051,0.027274175469833267,0.028126000960132215,0.5136235408375271,0.5651445510025627
20260731-Chiba_Lotte_Marines-Hokkaido_Nippon-Ham_Fighters,2026-07-31 18:00:00,home,0.4029825586265485,0.37618611258544576,0.024337730025138803,0.025947185687192485,0.5726797113483125,0.5978667017273618
20260731-Chunichi_Dragons-Hiroshima_Toyo_Carp,2026-07-31 18:00:00,home,0.4789717232999956,0.5255405089399271,0.028335618832079454,0.02556119493848147,0.4926926578679249,0.4488982961215915
20260731-Hanshin_Tigers-Tokyo_Yakult_Swallows,2026-07-31 18:00:00,away,0.5131698533400464,0.5606879567443933,0.03172521551998533,0.029102655429597335,0.45510493113996836,0.4102093878260094
20260731-Orix_Buffaloes-Saitama_Seibu_Lions,2026-07-31 18:00:00,away,0.40321946526961167,0.342705565851098,0.025310254340822267,0.024689392552387106,0.571470280389566,0.632605041596515
20260731-Yokohama_DeNA_BayStars-Yomiuri_Giants,2026-07-31 18:00:00,home,0.4427309368234502,0.45842318802617366,0.026881717107039314,0.02751152745238795,0.5303873460695104,0.5140652845214384
20260801-Chiba_Lotte_Marines-Hokkaido_Nippon-Ham_Fighters,2026-08-01 14:00:00,away,0.39583631122640883,0.42104468493129715,0.023718218074206005,0.023081305332615563,0.5804454706993851,0.5558740097360872
20260801-Orix_Buffaloes-Saitama_Seibu_Lions,2026-08-01 17:00:00,home,0.40969017874574093,0.4189015999698006,0.025837126054515644,0.024588368645190182,0.5644726951997434,0.5565100313850092
20260801-Chunichi_Dragons-Hiroshima_Toyo_Carp,2026-08-01 18:00:00,away,0.47326721187550996,0.45767737806105663,0.027492145598879886,0.025931367746824696,0.49924064252561023,0.5163912541921186
20260801-Fukuoka_SoftBank_Hawks-Tohoku_Rakuten_Golden_Eagles,2026-08-01 18:00:00,away,0.5679287112726871,0.5348251869443795,0.0308624704012668,0.03054949877739521,0.4012088183260462,0.43462531427822537
20260801-Hanshin_Tigers-Tokyo_Yakult_Swallows,2026-08-01 18:00:00,away,0.5091535476951107,0.4656062854647567,0.03202589933710061,0.030951185622506174,0.4588205529677887,0.5034425289127371
20260801-Yokohama_DeNA_BayStars-Yomiuri_Giants,2026-08-01 18:00:00,away,0.4333841333397704,0.409620050938138,0.025792293474447416,0.028651309756342752,0.5408235731857822,0.5617286393055193
20260802-Chiba_Lotte_Marines-Hokkaido_Nippon-Ham_Fighters,2026-08-02 13:00:00,home,0.4055764842084602,0.45053783812721354,0.024743904544903078,0.026892152334286084,0.5696796112466367,0.5225700095385004
20260802-Yokohama_DeNA_BayStars-Yomiuri_Giants,2026-08-02 14:00:00,away,0.4338170375539205,0.4191598461549365,0.026315054411667323,0.02940500387709413,0.5398679080344122,0.5514351499679694
20260802-Fukuoka_SoftBank_Hawks-Tohoku_Rakuten_Golden_Eagles,2026-08-02 16:00:00,away,0.5794428032609032,0.5495174714232028,0.030921958836400136,0.03286256136454656,0.38963523790269666,0.4176199672122506
20260802-Orix_Buffaloes-Saitama_Seibu_Lions,2026-08-02 17:00:00,home,0.40422772633717546,0.3960217497962205,0.0250914285070907,0.02332760190741663,0.5706808451557338,0.5806506482963628
20260802-Chunichi_Dragons-Hiroshima_Toyo_Carp,2026-08-02 18:00:00,home,0.4868620475870026,0.48859900018715946,0.02866457821707303,0.028668693333201694,0.4844733741959245,0.48273230647963894
20260802-Hanshin_Tigers-Tokyo_Yakult_Swallows,2026-08-02 18:00:00,away,0.5216062823543199,0.513335925161696,0.032197683596774156,0.031127610355818586,0.44619603404890584,0.45553646448248536
20260803-Tohoku_Rakuten_Golden_Eagles-Orix_Buffaloes,2026-08-03 18:00:00,home,0.42537017089628,0.45286213605411085,0.027147497850982333,0.02527852275455549,0.5474823312527377,0.5218593411913336
20260804-Hanshin_Tigers-Yokohama_DeNA_BayStars,2026-08-04 17:45:00,home,0.4424879627870782,0.41734124811538925,0.028673749714045814,0.02921263783028094,0.528838287498876,0.5534461140543299
20260804-Hokkaido_Nippon-Ham_Fighters-Fukuoka_SoftBank_Hawks,2026-08-04 18:00:00,home,0.39555332843684177,0.352180751094396,0.024196401191494982,0.024849248121776073,0.5802502703716633,0.6229700007838279
20260804-Saitama_Seibu_Lions-Chiba_Lotte_Marines,2026-08-04 18:00:00,home,0.4654981130806707,0.4912035086218251,0.029844776447802035,0.028463191269472894,0.5046571104715273,0.480333300108702
20260804-Tokyo_Yakult_Swallows-Chunichi_Dragons,2026-08-04 18:00:00,home,0.3832235312215197,0.37945236135967514,0.023639140563165423,0.02251704275160665,0.593137328215315,0.5980305958887182
20260804-Yomiuri_Giants-Hiroshima_Toyo_Carp,2026-08-04 18:00:00,home,0.5045340000999229,0.46083607612134203,0.028658252280027923,0.025605455577698256,0.4668077476200491,0.5135584683009596
20260805-Hanshin_Tigers-Yokohama_DeNA_BayStars,2026-08-05 17:45:00,home,0.4356303499968956,0.45533296051081523,0.02809324557882316,0.026873816731058774,0.5362764044242812,0.517793222758126
20260805-Hokkaido_Nippon-Ham_Fighters-Fukuoka_SoftBank_Hawks,2026-08-05 18:00:00,home,0.3914655917564876,0.47091238534374746,0.02410733028563318,0.023570385945369553,0.5844270779578793,0.5055172287108829
20260805-Saitama_Seibu_Lions-Chiba_Lotte_Marines,2026-08-05 18:00:00,home,0.4529297426402987,0.5273183438541347,0.02901758170376023,0.028930976257003107,0.518052675655941,0.4437506798888622
20260805-Tohoku_Rakuten_Golden_Eagles-Orix_Buffaloes,2026-08-05 18:00:00,home,0.41820625832342856,0.3971371971982321,0.025984916050963668,0.02696446927409086,0.5558088256256077,0.575898333527677
20260805-Tokyo_Yakult_Swallows-Chunichi_Dragons,2026-08-05 18:00:00,home,0.38270007034658243,0.4246204037572274,0.02323174959786352,0.026267060340815312,0.5940681800555541,0.5491125359019572
20260805-Yomiuri_Giants-Hiroshima_Toyo_Carp,2026-08-05 18:00:00,away,0.48995039368957743,0.5120008391900012,0.028478134917655273,0.027408440080798433,0.4815714713927672,0.46059072072920043
20260806-Hanshin_Tigers-Yokohama_DeNA_BayStars,2026-08-06 17:45:00,away,0.41570716285332276,0.40490436475579417,0.02718640255156876,0.027420210037449953,0.5571064345951086,0.5676754252067558
20260806-Hokkaido_Nippon-Ham_Fighters-Fukuoka_SoftBank_Hawks,2026-08-06 18:00:00,away,0.3888850845324184,0.43660817133072827,0.023633276067356566,0.02398416266490959,0.587481639400225,0.5394076660043622
20260806-Tohoku_Rakuten_Golden_Eagles-Orix_Buffaloes,2026-08-06 18:00:00,away,0.4118633775046912,0.4556523864186072,0.0253925044931447,0.03097270041773603,0.5627441180021641,0.5133749131636567
20260806-Tokyo_Yakult_Swallows-Chunichi_Dragons,2026-08-06 18:00:00,home,0.3794072047515931,0.3491658001695038,0.02267034980143083,0.0282962312909795,0.597922445446976,0.6225379685395167
20260806-Yomiuri_Giants-Hiroshima_Toyo_Carp,2026-08-06 18:00:00,away,0.49851931850467174,0.4519225235018572,0.029757490642317277,0.026684600747787623,0.4717231908530109,0.5213928757503552
20260807-Chunichi_Dragons-Hanshin_Tigers,2026-08-07 18:00:00,away,0.4392252259044385,0.40684628037584875,0.025879336041851834,0.02731470666650515,0.5348954380537098,0.5658390129576462
20260807-Fukuoka_SoftBank_Hawks-Saitama_Seibu_Lions,2026-08-07 18:00:00,away,0.53804318100302,0.5725067877253882,0.029324782982715635,0.030211568934167224,0.4326320360142645,0.39728164334044447
20260807-Hiroshima_Toyo_Carp-Yokohama_DeNA_BayStars,2026-08-07 18:00:00,home,0.385702225308295,0.3697391042964437,0.02432841877418839,0.025034066180108075,0.5899693559175165,0.6052268295234482
20260807-Orix_Buffaloes-Chiba_Lotte_Marines,2026-08-07 18:00:00,away,0.40153107221008155,0.41913925458666756,0.02551605132180648,0.02737997863382999,0.5729528764681119,0.5534807667795025
20260807-Tohoku_Rakuten_Golden_Eagles-Hokkaido_Nippon-Ham_Fighters,2026-08-07 18:00:00,home,0.3469560642063153,0.325459694123485,0.022947490205274697,0.023090918910646806,0.6300964455884099,0.6514493869658682
20260807-Tokyo_Yakult_Swallows-Yomiuri_Giants,2026-08-07 18:00:00,away,0.3631661513685325,0.3399783643427247,0.02110764569061907,0.021853893510789885,0.6157262029408483,0.6381677421464854
20260808-Tohoku_Rakuten_Golden_Eagles-Hokkaido_Nippon-Ham_Fighters,2026-08-08 15:00:00,away,0.3473443856789961,0.4214194413995698,0.022994546335278934,0.020460454104075435,0.6296610679857249,0.5581201044963547
20260808-Tokyo_Yakult_Swallows-Yomiuri_Giants,2026-08-08 15:00:00,home,0.3643087770284923,0.3299393249306418,0.02179202948764506,0.024929881421609942,0.6138991934838626,0.6451307936477483
20260808-Chunichi_Dragons-Hanshin_Tigers,2026-08-08 18:00:00,away,0.44261557417716996,0.4386613156752163,0.026406776354608426,0.0275693586263133,0.5309776494682216,0.5337693256984705
20260808-Fukuoka_SoftBank_Hawks-Saitama_Seibu_Lions,2026-08-08 18:00:00,home,0.5403285054832355,0.560799924563495,0.031210166894705675,0.029685830307376756,0.4284613276220588,0.4095142451291284
20260808-Hiroshima_Toyo_Carp-Yokohama_DeNA_BayStars,2026-08-08 18:00:00,home,0.38588565439510186,0.42181181906942583,0.02435311061855804,0.02438755305653149,0.5897612349863401,0.5538006278740427
20260808-Orix_Buffaloes-Chiba_Lotte_Marines,2026-08-08 18:00:00,home,0.4181665516286433,0.4297460919661834,0.027028256153245986,0.027373088118272926,0.5548051922181108,0.5428808199155437
20260809-Tohoku_Rakuten_Golden_Eagles-Hokkaido_Nippon-Ham_Fighters,2026-08-09 14:00:00,home,0.37432778905336866,0.4041680062244872,0.023770660120220992,0.025182332108948213,0.6019015508264104,0.5706496616665645
20260809-Tokyo_Yakult_Swallows-Yomiuri_Giants,2026-08-09 14:00:00,home,0.35145210525840165,0.3482858214160061,0.021391536127225764,0.022691556796950393,0.6271563586143726,0.6290226217870435
20260809-Fukuoka_SoftBank_Hawks-Saitama_Seibu_Lions,2026-08-09 17:00:00,away,0.5259743706086973,0.5227406566868134,0.03064759292051527,0.029551678175325603,0.4433780364707873,0.447707665137861
20260809-Orix_Buffaloes-Chiba_Lotte_Marines,2026-08-09 17:00:00,home,0.4062289658453339,0.4201860200663562,0.02620084084253124,0.027509323940816063,0.5675701933121349,0.5523046559928276
20260809-Chunichi_Dragons-Hanshin_Tigers,2026-08-09 18:00:00,home,0.4593271012718668,0.44926940664702086,0.027767295681688155,0.0273862575857512,0.512905603046445,0.5233443357672279
20260809-Hiroshima_Toyo_Carp-Yokohama_DeNA_BayStars,2026-08-09 18:00:00,home,0.38944741186831966,0.3751688615020984,0.024070664495289686,0.028673754755541517,0.5864819236363907,0.59615738374236
20260811-Chiba_Lotte_Marines-Fukuoka_SoftBank_Hawks,2026-08-11 14:00:00,home,0.37920721285241055,0.31314389260086395,0.022727342435160686,0.02613512701833513,0.5980654447124288,0.660720980380801
20260811-Hanshin_Tigers-Yomiuri_Giants,2026-08-11 14:00:00,away,0.42207937183647304,0.44999315945543544,0.025398697899510162,0.026311115655613514,0.5525219302640167,0.5236957248889511
20260811-Saitama_Seibu_Lions-Hokkaido_Nippon-Ham_Fighters,2026-08-11 14:00:00,away,0.40489265680247,0.41559250427529726,0.025421869953018962,0.02703419040224786,0.5696854732445111,0.5573733053224549
20260811-Yokohama_DeNA_BayStars-Chunichi_Dragons,2026-08-11 14:00:00,home,0.4544151396182189,0.46619705185592064,0.027225757966141226,0.026622955665615507,0.5183591024156399,0.5071799924784638
20260811-Orix_Buffaloes-Tohoku_Rakuten_Golden_Eagles,2026-08-11 18:00:00,away,0.44347449626818514,0.4562850989453023,0.027107579756015094,0.027885395729418696,0.5294179239757998,0.515829505325279
20260812-Chiba_Lotte_Marines-Fukuoka_SoftBank_Hawks,2026-08-12 18:00:00,home,0.35588184542455387,0.3047612248086358,0.022074298195958058,0.02426517127148242,0.6220438563794881,0.6709736039198818
20260812-Hanshin_Tigers-Yomiuri_Giants,2026-08-12 18:00:00,away,0.4430248449066654,0.4164384184534103,0.02683187496243861,0.023449083069084446,0.5301432801308961,0.5601124984775052
20260812-Hiroshima_Toyo_Carp-Tokyo_Yakult_Swallows,2026-08-12 18:00:00,home,0.47833109131394536,0.4320745185203645,0.029346269201119626,0.031633970318640486,0.49232263948493504,0.536291511160995
20260812-Orix_Buffaloes-Tohoku_Rakuten_Golden_Eagles,2026-08-12 18:00:00,home,0.46267963837609527,0.47222113726460546,0.027870735289616463,0.028471030650409533,0.5094496263342883,0.49930783208498497
20260812-Saitama_Seibu_Lions-Hokkaido_Nippon-Ham_Fighters,2026-08-12 18:00:00,away,0.4064794056769969,0.4070411808194528,0.02528719963279095,0.028667225415534396,0.5682333946902121,0.5642915937650128
20260812-Yokohama_DeNA_BayStars-Chunichi_Dragons,2026-08-12 18:00:00,away,0.4434583288484982,0.44555640697412197,0.026529532135063892,0.026148375707488014,0.530012139016438,0.52829521731839
20260813-Chiba_Lotte_Marines-Fukuoka_SoftBank_Hawks,2026-08-13 18:00:00,away,0.35044699592468204,0.3539631141586679,0.021391021476009013,0.023896624832114355,0.6281619825993089,0.6221402610092178
20260813-Hanshin_Tigers-Yomiuri_Giants,2026-08-13 18:00:00,away,0.45656240862352987,0.436101310461673,0.027567539708026542,0.027549505096636822,0.5158700516684436,0.5363491844416902
20260813-Orix_Buffaloes-Tohoku_Rakuten_Golden_Eagles,2026-08-13 18:00:00,away,0.44366092629201526,0.4643589591158222,0.027274836071854994,0.023599835841795848,0.5290642376361298,0.5120412050423819
20260813-Saitama_Seibu_Lions-Hokkaido_Nippon-Ham_Fighters,2026-08-13 18:00:00,home,0.4271942018485492,0.46812612630907924,0.025675272669228325,0.02320182605955487,0.5471305254822224,0.508672047631366
20260813-Yokohama_DeNA_BayStars-Chunichi_Dragons,2026-08-13 18:00:00,away,0.4553735974039536,0.3907913853507872,0.027297617116026147,0.030571157179510092,0.5173287854800203,0.5786374574697026
20260814-Chiba_Lotte_Marines-Saitama_Seibu_Lions,2026-08-14 18:00:00,home,0.4479178747770703,0.4436198713163521,0.02686603380350217,0.028328255918265852,0.5252160914194276,0.528051872765382
20260814-Hanshin_Tigers-Hiroshima_Toyo_Carp,2026-08-14 18:00:00,home,0.5326633855395037,0.5389054803384644,0.029492362739221026,0.03087018726996485,0.43784425172127545,0.4302243323915708
20260814-Hokkaido_Nippon-Ham_Fighters-Orix_Buffaloes,2026-08-14 18:00:00,home,0.5158185139327777,0.5197469284806301,0.029094403383575697,0.028833111782572345,0.4550870826836467,0.45141995973679766
20260814-Tohoku_Rakuten_Golden_Eagles-Fukuoka_SoftBank_Hawks,2026-08-14 18:00:00,away,0.32561257663903653,0.33675565763775134,0.020663628549745496,0.02294773500269929,0.653723794811218,0.6402966073595493
20260814-Yokohama_DeNA_BayStars-Tokyo_Yakult_Swallows,2026-08-14 18:00:00,home,0.5229135269881554,0.5207323730862333,0.031241661363924342,0.03128255041052776,0.44584481164792017,0.447985076503239
20260814-Yomiuri_Giants-Chunichi_Dragons,2026-08-14 18:00:00,away,0.45919392209956233,0.44688352412564214,0.026053744735033482,0.026469109795178625,0.5147523331654043,0.5266473660791792
20260815-Hokkaido_Nippon-Ham_Fighters-Orix_Buffaloes,2026-08-15 14:00:00,away,0.49911469316925794,0.4589621619200145,0.028411017840654154,0.02865877091316001,0.47247428899008787,0.5123790671668255
20260815-Tohoku_Rakuten_Golden_Eagles-Fukuoka_SoftBank_Hawks,2026-08-15 14:00:00,away,0.33699482364809513,0.3348382030860212,0.021298368516869066,0.02207928141822918,0.6417068078350358,0.6430825154957496
20260815-Yomiuri_Giants-Chunichi_Dragons,2026-08-15 14:00:00,home,0.46309202033289787,0.4712345419336892,0.027057393850874367,0.02542766013713832,0.5098505858162277,0.5033377979291725
20260815-Chiba_Lotte_Marines-Saitama_Seibu_Lions,2026-08-15 17:00:00,away,0.43669494778821244,0.4625212267072863,0.025687612636857683,0.025031925902901507,0.5376174395749298,0.5124468473898122
20260815-Hanshin_Tigers-Hiroshima_Toyo_Carp,2026-08-15 18:00:00,home,0.5049612424084601,0.4607455649773435,0.03036077717756132,0.03080440926202719,0.46467798041397873,0.5084500257606294
20260815-Yokohama_DeNA_BayStars-Tokyo_Yakult_Swallows,2026-08-15 18:00:00,home,0.5032347787707073,0.4732823981896354,0.03125447672882256,0.027794152321219085,0.46551074450047014,0.49892344948914547
20260816-Hokkaido_Nippon-Ham_Fighters-Orix_Buffaloes,2026-08-16 13:00:00,away,0.5170222782750221,0.49459862151072065,0.029234396698588832,0.028275493110219676,0.45374332502638903,0.4771258853790597
20260816-Tohoku_Rakuten_Golden_Eagles-Fukuoka_SoftBank_Hawks,2026-08-16 13:00:00,home,0.34480839317726336,0.3335226716700997,0.022063935975158443,0.024341359978862585,0.6331276708475782,0.6421359683510377
20260816-Yomiuri_Giants-Chunichi_Dragons,2026-08-16 13:30:00,away,0.4401548005071867,0.44187933209350827,0.025599018448491436,0.027152992624303117,0.5342461810443219,0.5309676752821886
20260816-Chiba_Lotte_Marines-Saitama_Seibu_Lions,2026-08-16 17:00:00,home,0.4528212552106665,0.4340353406231287,0.02649938650618637,0.025157418870139007,0.5206793582831472,0.5408072405067322
20260816-Hanshin_Tigers-Hiroshima_Toyo_Carp,2026-08-16 18:00:00,away,0.4966034218862355,0.45303607746357377,0.02920806232033209,0.028210649772928063,0.4741885157934324,0.5187532727634981
20260816-Yokohama_DeNA_BayStars-Tokyo_Yakult_Swallows,2026-08-16 18:00:00,home,0.49541924625109984,0.5212032065094543,0.02987986696059612,0.02785751798305432,0.4747008867883041,0.4509392755074914
20260818-Fukuoka_SoftBank_Hawks-Hokkaido_Nippon-Ham_Fighters,2026-08-18 14:00:00,away,0.4948672988406521,0.48607369145067975,0.02832151370242599,0.031454052966098024,0.4768111874569219,0.4824722555832224
20260818-Yomiuri_Giants-Yokohama_DeNA_BayStars,2026-08-18 17:45:00,home,0.46760129848243814,0.4296535504711074,0.027197732583296278,0.027485780985997386,0.5052009689342656,0.5428606685428952
20260818-Chiba_Lotte_Marines-Tohoku_Rakuten_Golden_Eagles,2026-08-18 18:00:00,home,0.45791931228107313,0.43217600496359004,0.028587858478881362,0.03212127677282344,0.5134928292400455,0.5357027182635864
20260818-Chunichi_Dragons-Hiroshima_Toyo_Carp,2026-08-18 18:00:00,home,0.4894354580527618,0.514685489061504,0.029927254737724462,0.027899295551429473,0.4806372872095139,0.4574152153870664
20260818-Orix_Buffaloes-Saitama_Seibu_Lions,2026-08-18 18:00:00,home,0.4074633550476151,0.44304180125637155,0.025066666093346558,0.023936743676893447,0.5674699788590383,0.5330214550667349
20260818-Tokyo_Yakult_Swallows-Hanshin_Tigers,2026-08-18 18:00:00,home,0.39339198995329544,0.37830918664067703,0.02394116910995207,0.02323412650411876,0.5826668409367525,0.5984566868552041
20260819-Fukuoka_SoftBank_Hawks-Hokkaido_Nippon-Ham_Fighters,2026-08-19 14:00:00,home,0.5096760016173464,0.5036715334624854,0.02904115139081809,0.027809162230821707,0.4612828469918356,0.4685193043066929
20260819-Yomiuri_Giants-Yokohama_DeNA_BayStars,2026-08-19 17:45:00,home,0.46478436933050354,0.4672786226931504,0.02639259338614453,0.027007540122792297,0.5088230372833519,0.5057138371840573
20260819-Chiba_Lotte_Marines-Tohoku_Rakuten_Golden_Eagles,2026-08-19 18:00:00,home,0.44153949790846486,0.43525399618206007,0.027759559335239548,0.024744506384124388,0.5307009427562955,0.5400014974338155
20260819-Chunichi_Dragons-Hiroshima_Toyo_Carp,2026-08-19 18:00:00,home,0.46697621649600657,0.5007809135022669,0.028581685612344438,0.024345185488447933,0.504442097891649,0.4748739010092851
20260819-Orix_Buffaloes-Saitama_Seibu_Lions,2026-08-19 18:00:00,home,0.40622663332031805,0.4048627463471655,0.025362931614830157,0.027634009978236784,0.5684104350648518,0.5675032436745977
20260819-Tokyo_Yakult_Swallows-Hanshin_Tigers,2026-08-19 18:00:00,home,0.3883459917855259,0.41897020682525643,0.023894578334220963,0.024334468535928928,0.5877594298802531,0.5566953246388147
20260820-Fukuoka_SoftBank_Hawks-Hokkaido_Nippon-Ham_Fighters,2026-08-20 14:00:00,draw,0.49315835822283954,0.537245518192787,0.027974867554221492,0.025748348743988392,0.47886677422293905,0.43700613306322456
20260820-Yomiuri_Giants-Yokohama_DeNA_BayStars,2026-08-20 17:45:00,away,0.46328082809840837,0.4684837255944525,0.025938226358230374,0.027266509708556826,0.5107809455433613,0.5042497646969907
20260820-Chiba_Lotte_Marines-Tohoku_Rakuten_Golden_Eagles,2026-08-20 18:00:00,away,0.4329059277008467,0.4122283308948467,0.026632130303285737,0.02509553350843892,0.5404619419958676,0.5626761355967144
20260820-Chunichi_Dragons-Hiroshima_Toyo_Carp,2026-08-20 18:00:00,home,0.45489678341385287,0.4891427273418987,0.02801909212505209,0.02434587325135771,0.517084124461095,0.48651139940674365
20260820-Orix_Buffaloes-Saitama_Seibu_Lions,2026-08-20 18:00:00,away,0.3972696599499415,0.4772546434636379,0.02522625572711945,0.02595777265140206,0.577504084322939,0.49678758388496
20260820-Tokyo_Yakult_Swallows-Hanshin_Tigers,2026-08-20 18:00:00,away,0.38297419354371415,0.3533429184279661,0.023747651012232102,0.024335772265848835,0.5932781554440537,0.6223213093061851
20260821-Hanshin_Tigers-Yokohama_DeNA_BayStars,2026-08-21 18:00:00,away,0.47247262313668037,0.44714457226075893,0.027460402362396608,0.02673368744533444,0.500066974500923,0.5261217402939067
20260821-Hiroshima_Toyo_Carp-Yomiuri_Giants,2026-08-21 18:00:00,home,0.38947740600945074,0.3636683583052322,0.025973331953642386,0.024599454736640596,0.5845492620369068,0.6117321869581273
20260821-Hokkaido_Nippon-Ham_Fighters-Chiba_Lotte_Marines,2026-08-21 18:00:00,home,0.5127925349124196,0.5028732515503376,0.029265018724377215,0.028759429079581542,0.4579424463632031,0.4683673193700809
20260821-Saitama_Seibu_Lions-Tohoku_Rakuten_Golden_Eagles,2026-08-21 18:00:00,away,0.4752534157091286,0.5057820743423851,0.02855871495998534,0.02705729983126502,0.49618786933088593,0.46716062582634993
20260821-Tokyo_Yakult_Swallows-Chunichi_Dragons,2026-08-21 18:00:00,home,0.43326144611055784,0.4315125394405466,0.026615891207259025,0.02669689024633945,0.5401226626821831,0.541790570313114
20260822-Hiroshima_Toyo_Carp-Yomiuri_Giants,2026-08-22 14:00:00,home,0.38338176956740805,0.4030009335712314,0.025385350137761064,0.02552898480416809,0.5912328802948309,0.5714700816246006
20260822-Orix_Buffaloes-Fukuoka_SoftBank_Hawks,2026-08-22 14:00:00,home,0.3437475136705082,0.3736466973098319,0.022944266926718235,0.022783219018945835,0.6333082194027735,0.6035700836712223
20260822-Tokyo_Yakult_Swallows-Chunichi_Dragons,2026-08-22 14:00:00,home,0.42686544541790916,0.4243717295966069,0.025641313213559565,0.03091200414445811,0.5474932413685312,0.544716266258935
20260822-Saitama_Seibu_Lions-Tohoku_Rakuten_Golden_Eagles,2026-08-22 18:00:00,away,0.47563510715609447,0.4583735198569727,0.029633029508438966,0.032773719013198074,0.49473186333546665,0.5088527611298291
20260823-Orix_Buffaloes-Fukuoka_SoftBank_Hawks,2026-08-23 13:00:00,away,0.3388028481368466,0.35016076442691796,0.022346360265875838,0.021331622263719038,0.6388507915972775,0.628507613309363
20260823-Tokyo_Yakult_Swallows-Chunichi_Dragons,2026-08-23 13:30:00,home,0.4250432492675458,0.3994493360349073,0.025222609089798724,0.027944160463116898,0.5497341416426555,0.5726065035019758
20260823-Hiroshima_Toyo_Carp-Yomiuri_Giants,2026-08-23 14:00:00,away,0.3727924313813971,0.380203531266784,0.024741698265662405,0.023342507305848054,0.6024658703529405,0.596453961427368
20260823-Saitama_Seibu_Lions-Tohoku_Rakuten_Golden_Eagles,2026-08-23 16:00:00,away,0.4873407709763514,0.41211582664057383,0.029914103685564557,0.029515899279503724,0.48274512533808395,0.5583682740799225
20260823-Hokkaido_Nippon-Ham_Fighters-Chiba_Lotte_Marines,2026-08-23 17:00:00,home,0.5120115688382216,0.4839673138077233,0.0283227027301592,0.030702980739291168,0.459665728431619,0.4853297054529856
20260823-Hanshin_Tigers-Yokohama_DeNA_BayStars,2026-08-23 18:00:00,away,0.4805209837643407,0.49759756598531524,0.0286291471007284,0.02657652366065628,0.49084986913493095,0.4758259103540285
20260825-Fukuoka_SoftBank_Hawks-Chiba_Lotte_Marines,2026-08-25 18:00:00,away,0.5550877966831187,0.5638171327327627,0.029244156111885827,0.029602283187150427,0.4156680472049954,0.4065805840800869
20260825-Hanshin_Tigers-Chunichi_Dragons,2026-08-25 18:00:00,home,0.48878241509651943,0.4820625059322838,0.02838100776727346,0.031013553087233577,0.4828365771362071,0.4869239409804828
20260825-Hokkaido_Nippon-Ham_Fighters-Saitama_Seibu_Lions,2026-08-25 18:00:00,home,0.4633676326444338,0.4809283479810046,0.025709999789897655,0.024277710404365414,0.5109223675656686,0.4947939416146301
20260825-Tohoku_Rakuten_Golden_Eagles-Orix_Buffaloes,2026-08-25 18:00:00,away,0.4364548710817073,0.4351426906868758,0.026150659080174568,0.026941842255593897,0.5373944698381181,0.5379154670575302
20260825-Yokohama_DeNA_BayStars-Hiroshima_Toyo_Carp,2026-08-25 18:00:00,home,0.46595799113459435,0.4869775347560638,0.027715074049534147,0.02795275586179148,0.5063269348158715,0.48506970938214466
20260825-Yomiuri_Giants-Tokyo_Yakult_Swallows,2026-08-25 18:00:00,away,0.5063370164344901,0.447472176417598,0.02910189272371275,0.02935980689089383,0.46456109084179714,0.5231680166915081
20260826-Fukuoka_SoftBank_Hawks-Chiba_Lotte_Marines,2026-08-26 18:00:00,home,0.5716935851110156,0.5800308380420077,0.029907669240138605,0.030851915656245243,0.39839874564884575,0.38911724630174704
20260826-Hanshin_Tigers-Chunichi_Dragons,2026-08-26 18:00:00,home,0.4815114587050582,0.4987174209229009,0.027829148284713327,0.030464293279968895,0.49065939301022843,0.4708182857971302
20260826-Hokkaido_Nippon-Ham_Fighters-Saitama_Seibu_Lions,2026-08-26 18:00:00,away,0.4615333074553825,0.4660590229133579,0.024758625722534938,0.024433063604200042,0.5137080668220825,0.5095079134824421
20260826-Tohoku_Rakuten_Golden_Eagles-Orix_Buffaloes,2026-08-26 18:00:00,home,0.448238910042455,0.4850797369492589,0.027284865242665737,0.02664152516642118,0.5244762247148792,0.4882787378843199
20260826-Yokohama_DeNA_BayStars-Hiroshima_Toyo_Carp,2026-08-26 18:00:00,home,0.4552970349929865,0.4726089848923741,0.027580578297837527,0.025771733594344398,0.517122386709176,0.5016192815132815
20260826-Yomiuri_Giants-Tokyo_Yakult_Swallows,2026-08-26 18:00:00,away,0.5094526680038325,0.4640882424108988,0.02976856405615918,0.030046268011233477,0.46077876794000827,0.5058654895778677
20260827-Fukuoka_SoftBank_Hawks-Chiba_Lotte_Marines,2026-08-27 18:00:00,away,0.5648453037482452,0.6188994794505753,0.028798802417394628,0.02441894308878518,0.40635589383436016,0.35668157746063955
20260827-Hanshin_Tigers-Chunichi_Dragons,2026-08-27 18:00:00,away,0.47124281098142035,0.4704434427188501,0.026735502889684817,0.027840110292267736,0.5020216861288948,0.5017164469888822
20260827-Tohoku_Rakuten_Golden_Eagles-Orix_Buffaloes,2026-08-27 18:00:00,away,0.4404535593378172,0.4390597976244575,0.02684148947365253,0.028155808927921647,0.5327049511885302,0.5327843934476209
20260827-Yokohama_DeNA_BayStars-Hiroshima_Toyo_Carp,2026-08-27 18:00:00,away,0.44931456575126627,0.44908882752777496,0.027187283957825836,0.02542763433567314,0.5234981502909078,0.5254835381365519
20260827-Yomiuri_Giants-Tokyo_Yakult_Swallows,2026-08-27 18:00:00,away,0.5128066864204629,0.6079713444696582,0.03026334381587949,0.026544306379629297,0.45692996976365763,0.36548434915071254
20260828-Chiba_Lotte_Marines-Hokkaido_Nippon-Ham_Fighters,2026-08-28 18:00:00,home,0.3771941896267539,0.3769668950236011,0.024194606057229867,0.028770276254456755,0.5986112043160163,0.5942628287219422
20260828-Chunichi_Dragons-Yokohama_DeNA_BayStars,2026-08-28 18:00:00,home,0.4497677918010862,0.4580174603999404,0.027713393608488582,0.026224679917756295,0.5225188145904252,0.5157578596823033
20260828-Fukuoka_SoftBank_Hawks-Orix_Buffaloes,2026-08-28 18:00:00,away,0.5714757583028662,0.5229695240523154,0.030103561099032027,0.02876232670164798,0.3984206805981017,0.44826814924603664
20260828-Tohoku_Rakuten_Golden_Eagles-Saitama_Seibu_Lions,2026-08-28 18:00:00,home,0.4248102509010472,0.4006740900846023,0.024011707709477883,0.02690195827635024,0.5511780413894749,0.5724239516390474
20260828-Tokyo_Yakult_Swallows-Hiroshima_Toyo_Carp,2026-08-28 18:00:00,away,0.43040652736468077,0.4337730874124928,0.025091758241307327,0.02884414695704245,0.544501714394012,0.5373827656304647
20260828-Yomiuri_Giants-Hanshin_Tigers,2026-08-28 18:00:00,home,0.44914533973590287,0.479939020926041,0.02734999177062031,0.02678744808255417,0.5235046684934768,0.4932735309914049
20260829-Chiba_Lotte_Marines-Hokkaido_Nippon-Ham_Fighters,2026-08-29 14:00:00,home,0.36739332951262477,0.40026948021152914,0.025057663163497324,0.02805647650271056,0.6075490073238778,0.5716740432857602
20260829-Tohoku_Rakuten_Golden_Eagles-Saitama_Seibu_Lions,2026-08-29 17:00:00,home,0.41262084540072613,0.4159891815499607,0.02482018814310926,0.0253260342436577,0.5625589664561645,0.5586847842063816
20260829-Chunichi_Dragons-Yokohama_DeNA_BayStars,2026-08-29 18:00:00,home,0.4394170657789324,0.4120647916881734,0.027093930086366545,0.0268551305237531,0.5334890041347011,0.5610800777880735
20260829-Fukuoka_SoftBank_Hawks-Orix_Buffaloes,2026-08-29 18:00:00,home,0.5750626922150311,0.5533875632099114,0.030439522342811637,0.030234270401561847,0.3944977854421572,0.4163781663885266
20260829-Tokyo_Yakult_Swallows-Hiroshima_Toyo_Carp,2026-08-29 18:00:00,away,0.4345124566009379,0.39393178703153087,0.026042362244060917,0.02476660975731056,0.5394451811550013,0.5813016032111585
20260829-Yomiuri_Giants-Hanshin_Tigers,2026-08-29 18:00:00,home,0.4445293188598947,0.45686521364946914,0.026349372971240008,0.025491193665148907,0.5291213081688653,0.517643592685382
20260830-Chiba_Lotte_Marines-Hokkaido_Nippon-Ham_Fighters,2026-08-30 13:00:00,home,0.3696921966168644,0.36975583208385787,0.024346198705311153,0.026497278440650703,0.6059616046778245,0.6037468894754915
20260830-Fukuoka_SoftBank_Hawks-Orix_Buffaloes,2026-08-30 14:00:00,away,0.5655413808435988,0.5219549639584985,0.03003046244769259,0.029193868446291897,0.4044281567087086,0.4488511675952096
20260830-Tohoku_Rakuten_Golden_Eagles-Saitama_Seibu_Lions,2026-08-30 17:00:00,home,0.4193334253549635,0.44872125536358787,0.024054877824675754,0.025911941826316606,0.5566116968203608,0.5253668028100955
20260830-Chunichi_Dragons-Yokohama_DeNA_BayStars,2026-08-30 18:00:00,home,0.434984217827718,0.4674434798025404,0.026375961826737754,0.025676198398468814,0.5386398203455443,0.5068803217989908
20260830-Tokyo_Yakult_Swallows-Hiroshima_Toyo_Carp,2026-08-30 18:00:00,home,0.45400833090269443,0.42364851616189586,0.02739533069993743,0.02744652500017956,0.5185963383973682,0.5489049588379247
20260830-Yomiuri_Giants-Hanshin_Tigers,2026-08-30 18:00:00,home,0.43920372337647584,0.40300307003026675,0.025305558737719294,0.02814594034321613,0.5354907178858049,0.5688509896265171
20260901-Fukuoka_SoftBank_Hawks-Hokkaido_Nippon-Ham_Fighters,2026-09-01 18:00:00,home,0.4974942353061556,0.5412277147199229,0.028066198079573605,0.026788773622156894,0.4744395666142709,0.4319835116579202
20260901-Hanshin_Tigers-Tokyo_Yakult_Swallows,2026-09-01 18:00:00,away,0.5194851625568195,0.5000792583829532,0.03074409395049233,0.02928702005983147,0.4497707434926882,0.47063372155721533
20260901-Hiroshima_Toyo_Carp-Chunichi_Dragons,2026-09-01 18:00:00,away,0.40891525068924894,0.41660057727427946,0.026195580591865972,0.027288291094814662,0.5648891687188851,0.5561111316309059
20260901-Orix_Buffaloes-Tohoku_Rakuten_Golden_Eagles,2026-09-01 18:00:00,home,0.4410912468241457,0.48127014671908575,0.026243145049506825,0.023604319220133965,0.5326656081263474,0.49512553406078036
20260901-Saitama_Seibu_Lions-Chiba_Lotte_Marines,2026-09-01 18:00:00,home,0.4905877677632278,0.517411881297609,0.031764424657290735,0.027739471046160116,0.47764780757948144,0.4548486476562309
20260901-Yokohama_DeNA_BayStars-Yomiuri_Giants,2026-09-01 18:00:00,home,0.43189514001538715,0.3917790097040913,0.027267712086830667,0.02526607554468197,0.5408371478977821,0.5829549147512267
20260902-Fukuoka_SoftBank_Hawks-Hokkaido_Nippon-Ham_Fighters,2026-09-02 18:00:00,draw,0.49118932941809906,0.43745514543196196,0.027521117644242286,0.02765869663813429,0.4812895529376586,0.5348861579299037
20260902-Hanshin_Tigers-Tokyo_Yakult_Swallows,2026-09-02 18:00:00,home,0.5208744241921558,0.4252485142482523,0.03129585320577353,0.031971869469860456,0.4478297226020706,0.5427796162818872
20260902-Hiroshima_Toyo_Carp-Chunichi_Dragons,2026-09-02 18:00:00,home,0.4218724404260759,0.4283059709805685,0.02763305223530278,0.02948137893749877,0.5504945073386213,0.5422126500819328
20260902-Orix_Buffaloes-Tohoku_Rakuten_Golden_Eagles,2026-09-02 18:00:00,home,0.4289537179846427,0.44235971340432256,0.02558625027719603,0.02731986303400078,0.5454600317381613,0.5303204235616765
20260902-Yokohama_DeNA_BayStars-Yomiuri_Giants,2026-09-02 18:00:00,away,0.4308614261006206,0.40321424921525284,0.026740412445412125,0.03179744752582255,0.5423981614539672,0.5649883032589246
20260903-Hanshin_Tigers-Tokyo_Yakult_Swallows,2026-09-03 18:00:00,away,0.5043762318839737,0.49077011400500764,0.03126511614181845,0.0280946999728592,0.4643586519742078,0.481135186022133
20260903-Hiroshima_Toyo_Carp-Chunichi_Dragons,2026-09-03 18:00:00,away,0.41630865216706897,0.4102863456839925,0.02708700864640512,0.027659621259882798,0.5566043391865259,0.5620540330561247
20260904-Chiba_Lotte_Marines-Orix_Buffaloes,2026-09-04 18:00:00,home,0.4605562888677929,0.5238790338753677,0.029312973203621192,0.026778051892853358,0.5101307379285859,0.449342914231779
20260904-Chunichi_Dragons-Tokyo_Yakult_Swallows,2026-09-04 18:00:00,draw,0.468530048879407,0.4771892435666622,0.0268768952887547,0.02747222427988077,0.5045930558318382,0.49533853215345713
20260904-Hokkaido_Nippon-Ham_Fighters-Tohoku_Rakuten_Golden_Eagles,2026-09-04 18:00:00,away,0.5172471222077794,0.49808116751918113,0.028622029591086534,0.02631584667577772,0.45413084820113414,0.47560298580504107
20260904-Saitama_Seibu_Lions-Fukuoka_SoftBank_Hawks,2026-09-04 18:00:00,home,0.360708972970531,0.40431504823895503,0.027844666037164532,0.026084071469788757,0.6114463609923044,0.5696008802912561
20260904-Yomiuri_Giants-Hiroshima_Toyo_Carp,2026-09-04 18:00:00,away,0.5033331288658403,0.4819822279201198,0.028271190379414047,0.023747241828673164,0.46839568075474575,0.4942705302512069
